ParticipantID,Phase,Trial,TimeStamp_sec,Yaw_deg,Pitch_deg,TargetNumber,isCorrect
P001,HRTF_A,0,0.017,-11.42,-1.09,25,1
P001,HRTF_A,0,0.033,-11.43,-1.08,25,1
P001,HRTF_A,0,0.042,-11.45,-1.07,25,1
P001,HRTF_A,0,0.055,-11.47,-1.07,25,1
P001,HRTF_A,0,0.069,-11.48,-1.07,25,1
P001,HRTF_A,0,0.085,-11.50,-1.07,25,1
P001,HRTF_A,0,0.097,-11.50,-1.06,25,1
P001,HRTF_A,0,0.111,-11.51,-1.06,25,1
P001,HRTF_A,0,0.125,-11.50,-1.05,25,1
P001,HRTF_A,0,0.139,-11.51,-1.04,25,1
P001,HRTF_A,0,0.153,-11.51,-1.02,25,1
P001,HRTF_A,0,0.166,-11.50,-1.01,25,1
P001,HRTF_A,0,0.180,-11.49,-1.00,25,1
P001,HRTF_A,0,0.194,-11.48,-1.00,25,1
P001,HRTF_A,0,0.209,-11.47,-0.99,25,1
P001,HRTF_A,0,0.222,-11.48,-0.99,25,1
P001,HRTF_A,0,0.236,-11.48,-0.98,25,1
P001,HRTF_A,0,0.250,-11.49,-0.98,25,1
P001,HRTF_A,0,0.264,-11.50,-0.98,25,1
P001,HRTF_A,0,0.278,-11.52,-0.98,25,1
P001,HRTF_A,0,0.291,-11.55,-0.97,25,1
P001,HRTF_A,0,0.305,-11.56,-0.99,25,1
P001,HRTF_A,0,0.320,-11.58,-1.01,25,1
P001,HRTF_A,0,0.333,-11.59,-1.02,25,1
P001,HRTF_A,0,0.347,-11.59,-1.02,25,1
P001,HRTF_A,0,0.361,-11.59,-1.03,25,1
P001,HRTF_A,0,0.375,-11.59,-1.04,25,1
P001,HRTF_A,0,0.389,-11.58,-1.04,25,1
P001,HRTF_A,0,0.403,-11.56,-1.03,25,1
P001,HRTF_A,0,0.417,-11.55,-1.02,25,1
P001,HRTF_A,0,0.431,-11.52,-1.01,25,1
P001,HRTF_A,0,0.444,-11.52,-1.01,25,1
P001,HRTF_A,0,0.458,-11.52,-1.03,25,1
P001,HRTF_A,0,0.472,-11.54,-1.02,25,1
P001,HRTF_A,0,0.486,-11.56,-1.01,25,1
P001,HRTF_A,0,0.500,-11.58,-1.00,25,1
P001,HRTF_A,0,0.514,-11.59,-0.98,25,1
P001,HRTF_A,0,0.528,-11.62,-0.97,25,1
P001,HRTF_A,0,0.542,-11.66,-0.97,25,1
P001,HRTF_A,0,0.555,-11.69,-0.96,25,1
P001,HRTF_A,0,0.569,-11.73,-0.95,25,1
P001,HRTF_A,0,0.583,-11.76,-0.91,25,1
P001,HRTF_A,0,0.597,-11.78,-0.88,25,1
P001,HRTF_A,0,0.611,-11.84,-0.87,25,1
P001,HRTF_A,0,0.625,-11.91,-0.86,25,1
P001,HRTF_A,0,0.639,-12.01,-0.86,25,1
P001,HRTF_A,0,0.653,-12.13,-0.85,25,1
P001,HRTF_A,0,0.667,-12.27,-0.87,25,1
P001,HRTF_A,0,0.680,-12.43,-0.88,25,1
P001,HRTF_A,0,0.694,-12.67,-0.93,25,1
P001,HRTF_A,0,0.708,-12.91,-0.98,25,1
P001,HRTF_A,0,0.722,-13.27,-1.11,25,1
P001,HRTF_A,0,0.736,-13.58,-1.23,25,1
P001,HRTF_A,0,0.750,-13.89,-1.40,25,1
P001,HRTF_A,0,0.764,-14.21,-1.53,25,1
P001,HRTF_A,0,0.778,-14.55,-1.71,25,1
P001,HRTF_A,0,0.792,-14.92,-2.05,25,1
P001,HRTF_A,0,0.805,-15.31,-2.60,25,1
P001,HRTF_A,0,0.819,-15.73,-3.42,25,1
P001,HRTF_A,0,0.833,-16.16,-4.38,25,1
P001,HRTF_A,0,0.847,-16.64,-5.56,25,1
P001,HRTF_A,0,0.861,-17.15,-6.86,25,1
P001,HRTF_A,0,0.875,-17.76,-8.67,25,1
P001,HRTF_A,0,0.889,-18.44,-10.68,25,1
P001,HRTF_A,0,0.903,-19.18,-12.99,25,1
P001,HRTF_A,0,0.917,-19.81,-15.06,25,1
P001,HRTF_A,0,0.931,-20.50,-17.04,25,1
P001,HRTF_A,0,0.944,-21.34,-18.97,25,1
P001,HRTF_A,0,0.958,-22.13,-20.88,25,1
P001,HRTF_A,0,0.972,-23.00,-22.73,25,1
P001,HRTF_A,0,0.986,-23.88,-24.20,25,1
P001,HRTF_A,0,1.000,-24.89,-25.30,25,1
P001,HRTF_A,0,1.014,-26.02,-26.08,25,1
P001,HRTF_A,0,1.028,-27.18,-26.61,25,1
P001,HRTF_A,0,1.042,-28.17,-27.13,25,1
P001,HRTF_A,0,1.055,-29.16,-27.32,25,1
P001,HRTF_A,0,1.069,-29.86,-27.51,25,1
P001,HRTF_A,0,1.083,-30.42,-27.73,25,1
P001,HRTF_A,0,1.097,-30.89,-27.99,25,1
P001,HRTF_A,0,1.111,-31.23,-28.24,25,1
P001,HRTF_A,0,1.125,-31.50,-28.50,25,1
P001,HRTF_A,0,1.139,-31.64,-28.71,25,1
P001,HRTF_A,0,1.153,-31.78,-28.88,25,1
P001,HRTF_A,0,1.166,-31.95,-29.12,25,1
P001,HRTF_A,0,1.180,-32.10,-29.35,25,1
P001,HRTF_A,0,1.195,-32.26,-29.59,25,1
P001,HRTF_A,0,1.208,-32.38,-29.82,25,1
P001,HRTF_A,0,1.222,-32.45,-29.98,25,1
P001,HRTF_A,0,1.236,-32.51,-30.19,25,1
P001,HRTF_A,0,1.250,-32.59,-30.37,25,1
P001,HRTF_A,0,1.264,-32.64,-30.59,25,1
P001,HRTF_A,0,1.278,-32.73,-30.79,25,1
P001,HRTF_A,0,1.291,-32.76,-31.00,25,1
P001,HRTF_A,0,1.305,-32.77,-31.21,25,1
P001,HRTF_A,0,1.319,-32.86,-31.41,25,1
P001,HRTF_A,0,1.333,-32.97,-31.57,25,1
P001,HRTF_A,0,1.347,-33.18,-31.69,25,1
P001,HRTF_A,0,1.361,-33.32,-31.83,25,1
P001,HRTF_A,0,1.375,-33.41,-31.95,25,1
P001,HRTF_A,0,1.389,-33.53,-32.07,25,1
P001,HRTF_A,0,1.402,-33.62,-32.12,25,1
P001,HRTF_A,0,1.416,-33.64,-32.11,25,1
P001,HRTF_A,0,1.430,-33.67,-32.12,25,1
P001,HRTF_A,0,1.444,-33.66,-32.12,25,1
P001,HRTF_A,0,1.458,-33.67,-32.09,25,1
P001,HRTF_A,0,1.472,-33.66,-31.97,25,1
P001,HRTF_A,0,1.486,-33.65,-31.79,25,1
P001,HRTF_A,0,1.500,-33.64,-31.55,25,1
P001,HRTF_A,0,1.514,-33.63,-31.30,25,1
P001,HRTF_A,0,1.528,-33.64,-31.08,25,1
P001,HRTF_A,0,1.542,-33.68,-30.92,25,1
P001,HRTF_A,0,1.555,-33.74,-30.79,25,1
P001,HRTF_A,0,1.569,-33.80,-30.66,25,1
P001,HRTF_A,0,1.583,-33.88,-30.59,25,1
P001,HRTF_A,0,1.597,-33.95,-30.60,25,1
P001,HRTF_A,0,1.611,-34.05,-30.68,25,1
P001,HRTF_A,0,1.625,-34.16,-30.82,25,1
P001,HRTF_A,0,1.639,-34.28,-30.98,25,1
P001,HRTF_A,0,1.653,-34.37,-31.07,25,1
P001,HRTF_A,0,1.667,-34.45,-31.16,25,1
P001,HRTF_A,0,1.681,-34.52,-31.27,25,1
P001,HRTF_A,0,1.694,-34.57,-31.41,25,1
P001,HRTF_A,0,1.708,-34.60,-31.50,25,1
P001,HRTF_A,0,1.722,-34.61,-31.58,25,1
P001,HRTF_A,0,1.736,-34.58,-31.68,25,1
P001,HRTF_A,0,1.750,-34.55,-31.77,25,1
P001,HRTF_A,0,1.764,-34.52,-31.85,25,1
P001,HRTF_A,0,1.778,-34.49,-31.96,25,1
P001,HRTF_A,0,1.792,-34.45,-32.06,25,1
P001,HRTF_A,0,1.805,-34.38,-32.15,25,1
P001,HRTF_A,0,1.819,-34.34,-32.21,25,1
P001,HRTF_A,0,1.833,-34.29,-32.22,25,1
P001,HRTF_A,0,1.847,-34.24,-32.27,25,1
P001,HRTF_A,0,1.861,-34.20,-32.32,25,1
P001,HRTF_A,0,1.875,-34.17,-32.36,25,1
P001,HRTF_A,0,1.888,-34.17,-32.41,25,1
P001,HRTF_A,0,1.903,-34.18,-32.47,25,1
P001,HRTF_A,0,1.916,-34.22,-32.54,25,1
P001,HRTF_A,0,1.930,-34.26,-32.59,25,1
P001,HRTF_A,0,1.944,-34.30,-32.64,25,1
P001,HRTF_A,0,1.958,-34.39,-32.74,25,1
P001,HRTF_A,0,1.972,-34.47,-32.84,25,1
P001,HRTF_A,0,1.986,-34.55,-32.91,25,1
P001,HRTF_A,0,2.000,-34.63,-33.00,25,1
P001,HRTF_A,0,2.014,-34.70,-33.10,25,1
P001,HRTF_A,0,2.027,-34.73,-33.19,25,1
P001,HRTF_A,0,2.041,-34.79,-33.29,25,1
P001,HRTF_A,0,2.055,-34.81,-33.37,25,1
P001,HRTF_A,0,2.069,-34.88,-33.46,25,1
P001,HRTF_A,0,2.083,-34.92,-33.53,25,1
P001,HRTF_A,0,2.097,-34.95,-33.59,25,1
P001,HRTF_A,0,2.111,-34.96,-33.63,25,1
P001,HRTF_A,0,2.125,-34.97,-33.65,25,1
P001,HRTF_A,0,2.139,-34.96,-33.65,25,1
P001,HRTF_A,0,2.152,-34.96,-33.66,25,1
P001,HRTF_A,0,2.166,-34.94,-33.67,25,1
P001,HRTF_A,0,2.180,-34.93,-33.69,25,1
P001,HRTF_A,0,2.194,-34.91,-33.70,25,1
P001,HRTF_A,0,2.208,-34.87,-33.71,25,1
P001,HRTF_A,0,2.222,-34.84,-33.71,25,1
P001,HRTF_A,0,2.236,-34.81,-33.68,25,1
P001,HRTF_A,0,2.250,-34.80,-33.67,25,1
P001,HRTF_A,0,2.264,-34.78,-33.67,25,1
P001,HRTF_A,0,2.278,-34.76,-33.66,25,1
P001,HRTF_A,0,2.292,-34.75,-33.65,25,1
P001,HRTF_A,0,2.306,-34.75,-33.66,25,1
P001,HRTF_A,0,2.319,-34.76,-33.68,25,1
P001,HRTF_A,0,2.333,-34.79,-33.69,25,1
P001,HRTF_A,0,2.347,-34.81,-33.69,25,1
P001,HRTF_A,0,2.361,-34.82,-33.72,25,1
P001,HRTF_A,0,2.375,-34.81,-33.78,25,1
P001,HRTF_A,0,2.389,-34.80,-33.84,25,1
P001,HRTF_A,0,2.403,-34.79,-33.86,25,1
P001,HRTF_A,0,2.416,-34.77,-33.86,25,1
P001,HRTF_A,0,2.430,-34.77,-33.84,25,1
P001,HRTF_A,0,2.444,-34.76,-33.85,25,1
P001,HRTF_A,0,2.458,-34.73,-33.86,25,1
P001,HRTF_A,0,2.472,-34.73,-33.91,25,1
P001,HRTF_A,0,2.486,-34.71,-33.96,25,1
P001,HRTF_A,0,2.500,-34.72,-33.99,25,1
P001,HRTF_A,0,2.514,-34.71,-34.03,25,1
P001,HRTF_A,0,2.527,-34.68,-34.08,25,1
P001,HRTF_A,0,2.541,-34.67,-34.16,25,1
P001,HRTF_A,0,2.555,-34.67,-34.21,25,1
P001,HRTF_A,0,2.569,-34.65,-34.26,25,1
P001,HRTF_A,0,2.583,-34.63,-34.35,25,1
P001,HRTF_A,0,2.597,-34.58,-34.49,25,1
P001,HRTF_A,0,2.611,-34.43,-34.71,25,1
P001,HRTF_A,0,2.625,-34.23,-34.95,25,1
P001,HRTF_A,0,2.639,-33.83,-35.30,25,1
P001,HRTF_A,0,2.653,-33.23,-35.73,25,1
P001,HRTF_A,0,2.666,-32.31,-36.41,25,1
P001,HRTF_A,0,2.680,-31.31,-37.04,25,1
P001,HRTF_A,0,2.694,-29.64,-37.79,25,1
P001,HRTF_A,0,2.708,-27.95,-38.26,25,1
P001,HRTF_A,0,2.722,-25.77,-38.53,25,1
P001,HRTF_A,0,2.736,-23.36,-38.65,25,1
P001,HRTF_A,0,2.750,-20.61,-38.67,25,1
P001,HRTF_A,0,2.764,-17.39,-38.40,25,1
P001,HRTF_A,0,2.778,-13.96,-37.95,25,1
P001,HRTF_A,0,2.791,-10.42,-37.31,25,1
P001,HRTF_A,0,2.805,-6.68,-36.11,25,1
P001,HRTF_A,0,2.819,-3.13,-34.89,25,1
P001,HRTF_A,0,2.833,0.31,-33.67,25,1
P001,HRTF_A,0,2.847,3.84,-32.26,25,1
P001,HRTF_A,0,2.861,7.33,-30.79,25,1
P001,HRTF_A,0,2.875,10.71,-29.31,25,1
P001,HRTF_A,0,2.889,13.92,-27.82,25,1
P001,HRTF_A,0,2.903,17.02,-26.31,25,1
P001,HRTF_A,0,2.916,19.94,-24.83,25,1
P001,HRTF_A,0,2.930,22.76,-23.43,25,1
P001,HRTF_A,0,2.944,25.46,-22.20,25,1
P001,HRTF_A,0,2.958,27.91,-21.14,25,1
P001,HRTF_A,0,2.972,30.17,-20.23,25,1
P001,HRTF_A,0,2.986,32.25,-19.45,25,1
P001,HRTF_A,0,3.000,34.17,-18.91,25,1
P001,HRTF_A,0,3.014,36.05,-18.43,25,1
P001,HRTF_A,0,3.028,37.74,-18.09,25,1
P001,HRTF_A,0,3.041,39.20,-17.83,25,1
P001,HRTF_A,0,3.055,40.64,-17.48,25,1
P001,HRTF_A,0,3.069,41.89,-17.10,25,1
P001,HRTF_A,0,3.083,42.65,-16.64,25,1
P001,HRTF_A,0,3.097,43.48,-16.18,25,1
P001,HRTF_A,0,3.111,44.04,-15.60,25,1
P001,HRTF_A,0,3.125,44.43,-15.03,25,1
P001,HRTF_A,0,3.139,44.75,-14.46,25,1
P001,HRTF_A,0,3.152,44.82,-13.88,25,1
P001,HRTF_A,0,3.166,44.80,-13.31,25,1
P001,HRTF_A,0,3.180,44.74,-12.74,25,1
P001,HRTF_A,0,3.194,44.61,-12.13,25,1
P001,HRTF_A,0,3.208,44.41,-11.52,25,1
P001,HRTF_A,0,3.222,44.20,-10.91,25,1
P001,HRTF_A,0,3.236,43.93,-10.28,25,1
P001,HRTF_A,0,3.250,43.64,-9.70,25,1
P001,HRTF_A,0,3.264,43.37,-9.14,25,1
P001,HRTF_A,0,3.278,43.14,-8.62,25,1
P001,HRTF_A,0,3.291,42.93,-8.12,25,1
P001,HRTF_A,0,3.305,42.71,-7.55,25,1
P001,HRTF_A,0,3.319,42.53,-6.98,25,1
P001,HRTF_A,0,3.333,42.34,-6.46,25,1
P001,HRTF_A,0,3.347,42.17,-5.94,25,1
P001,HRTF_A,0,3.361,41.96,-5.36,25,1
P001,HRTF_A,0,3.375,41.75,-4.77,25,1
P001,HRTF_A,0,3.389,41.50,-4.19,25,1
P001,HRTF_A,0,3.403,41.26,-3.58,25,1
P001,HRTF_A,0,3.417,40.97,-3.04,25,1
P001,HRTF_A,0,3.431,40.69,-2.57,25,1
P001,HRTF_A,0,3.444,40.42,-2.13,25,1
P001,HRTF_A,0,3.458,40.18,-1.69,25,1
P001,HRTF_A,0,3.472,39.91,-1.26,25,1
P001,HRTF_A,0,3.486,39.66,-0.85,25,1
P001,HRTF_A,0,3.500,39.35,-0.48,25,1
P001,HRTF_A,0,3.513,39.04,-0.09,25,1
P001,HRTF_A,0,3.527,38.72,0.30,25,1
P001,HRTF_A,0,3.541,38.36,0.66,25,1
P001,HRTF_A,0,3.555,37.89,1.01,25,1
P001,HRTF_A,0,3.569,37.37,1.32,25,1
P001,HRTF_A,0,3.583,36.68,1.56,25,1
P001,HRTF_A,0,3.597,35.87,1.84,25,1
P001,HRTF_A,0,3.611,34.99,2.06,25,1
P001,HRTF_A,0,3.624,33.86,2.22,25,1
P001,HRTF_A,0,3.638,32.58,2.33,25,1
P001,HRTF_A,0,3.652,30.98,2.37,25,1
P001,HRTF_A,0,3.666,29.40,2.34,25,1
P001,HRTF_A,0,3.680,27.54,2.18,25,1
P001,HRTF_A,0,3.694,25.57,1.91,25,1
P001,HRTF_A,0,3.708,23.44,1.55,25,1
P001,HRTF_A,0,3.722,21.38,1.23,25,1
P001,HRTF_A,0,3.736,19.18,0.91,25,1
P001,HRTF_A,0,3.749,16.81,0.50,25,1
P001,HRTF_A,0,3.763,14.33,0.02,25,1
P001,HRTF_A,0,3.777,11.85,-0.49,25,1
P001,HRTF_A,0,3.791,9.46,-0.97,25,1
P001,HRTF_A,0,3.805,6.99,-1.60,25,1
P001,HRTF_A,0,3.819,4.47,-2.26,25,1
P001,HRTF_A,0,3.833,2.04,-2.88,25,1
P001,HRTF_A,0,3.847,-0.24,-3.51,25,1
P001,HRTF_A,0,3.861,-2.22,-4.13,25,1
P001,HRTF_A,0,3.875,-4.25,-4.82,25,1
P001,HRTF_A,0,3.888,-6.21,-5.53,25,1
P001,HRTF_A,0,3.902,-8.17,-6.15,25,1
P001,HRTF_A,0,3.916,-10.01,-6.61,25,1
P001,HRTF_A,0,3.930,-11.82,-7.10,25,1
P001,HRTF_A,0,3.944,-13.62,-7.56,25,1
P001,HRTF_A,0,3.958,-15.42,-8.05,25,1
P001,HRTF_A,0,3.972,-17.22,-8.51,25,1
P001,HRTF_A,0,3.986,-18.78,-8.94,25,1
P001,HRTF_A,0,4.000,-20.36,-9.39,25,1
P001,HRTF_A,0,4.014,-21.87,-9.81,25,1
P001,HRTF_A,0,4.027,-23.19,-10.11,25,1
P001,HRTF_A,0,4.041,-24.47,-10.40,25,1
P001,HRTF_A,0,4.055,-25.64,-10.43,25,1
P001,HRTF_A,0,4.069,-26.78,-10.35,25,1
P001,HRTF_A,0,4.083,-27.66,-9.77,25,1
P001,HRTF_A,0,4.097,-28.42,-9.22,25,1
P001,HRTF_A,0,4.111,-28.83,-8.43,25,1
P001,HRTF_A,0,4.125,-29.26,-7.84,25,1
P001,HRTF_A,0,4.138,-29.63,-7.39,25,1
P001,HRTF_A,0,4.152,-30.00,-7.11,25,1
P001,HRTF_A,0,4.166,-30.42,-6.88,25,1
P001,HRTF_A,0,4.180,-30.83,-6.70,25,1
P001,HRTF_A,0,4.194,-31.21,-6.57,25,1
P001,HRTF_A,0,4.208,-31.65,-6.41,25,1
P001,HRTF_A,0,4.222,-32.06,-6.26,25,1
P001,HRTF_A,0,4.236,-32.45,-6.08,25,1
P001,HRTF_A,0,4.250,-32.83,-5.92,25,1
P001,HRTF_A,0,4.263,-33.17,-5.80,25,1
P001,HRTF_A,0,4.277,-33.51,-5.68,25,1
P001,HRTF_A,0,4.291,-33.76,-5.58,25,1
P001,HRTF_A,0,4.305,-33.97,-5.51,25,1
P001,HRTF_A,0,4.319,-34.16,-5.47,25,1
P001,HRTF_A,0,4.333,-34.26,-5.47,25,1
P001,HRTF_A,0,4.347,-34.31,-5.54,25,1
P001,HRTF_A,0,4.361,-34.36,-5.62,25,1
P001,HRTF_A,0,4.375,-34.34,-5.80,25,1
P001,HRTF_A,0,4.388,-34.36,-6.01,25,1
P001,HRTF_A,0,4.402,-34.36,-6.25,25,1
P001,HRTF_A,0,4.416,-34.41,-6.45,25,1
P001,HRTF_A,0,4.430,-34.45,-6.60,25,1
P001,HRTF_A,0,4.444,-34.52,-6.66,25,1
P001,HRTF_A,0,4.458,-34.62,-6.63,25,1
P001,HRTF_A,0,4.472,-34.74,-6.61,25,1
P001,HRTF_A,0,4.486,-34.89,-6.61,25,1
P001,HRTF_A,0,4.500,-35.10,-6.66,25,1
P001,HRTF_A,0,4.514,-35.29,-6.70,25,1
P001,HRTF_A,0,4.527,-35.55,-6.74,25,1
P001,HRTF_A,0,4.541,-35.84,-6.79,25,1
P001,HRTF_A,0,4.555,-36.23,-6.94,25,1
P001,HRTF_A,0,4.569,-36.65,-7.16,25,1
P001,HRTF_A,0,4.583,-37.13,-7.43,25,1
P001,HRTF_A,0,4.597,-37.65,-7.72,25,1
P001,HRTF_A,0,4.611,-38.19,-7.94,25,1
P001,HRTF_A,0,4.625,-38.83,-8.22,25,1
P001,HRTF_A,0,4.638,-39.47,-8.49,25,1
P001,HRTF_A,0,4.652,-40.12,-8.77,25,1
P001,HRTF_A,0,4.666,-40.77,-9.16,25,1
P001,HRTF_A,0,4.680,-41.45,-9.56,25,1
P001,HRTF_A,0,4.694,-42.18,-9.95,25,1
P001,HRTF_A,0,4.708,-42.92,-10.35,25,1
P001,HRTF_A,0,4.722,-43.72,-10.80,25,1
P001,HRTF_A,0,4.736,-44.51,-11.33,25,1
P001,HRTF_A,0,4.750,-45.36,-11.91,25,1
P001,HRTF_A,0,4.763,-46.20,-12.53,25,1
P001,HRTF_A,0,4.777,-47.04,-13.11,25,1
P001,HRTF_A,0,4.791,-47.98,-13.67,25,1
P001,HRTF_A,0,4.805,-48.90,-14.20,25,1
P001,HRTF_A,0,4.819,-49.92,-14.79,25,1
P001,HRTF_A,0,4.833,-50.93,-15.36,25,1
P001,HRTF_A,0,4.847,-51.97,-15.90,25,1
P001,HRTF_A,0,4.861,-53.01,-16.38,25,1
P001,HRTF_A,0,4.875,-54.12,-16.84,25,1
P001,HRTF_A,0,4.889,-55.25,-17.37,25,1
P001,HRTF_A,0,4.903,-56.46,-17.93,25,1
P001,HRTF_A,0,4.917,-57.79,-18.48,25,1
P001,HRTF_A,0,4.930,-59.16,-19.02,25,1
P001,HRTF_A,0,4.944,-60.50,-19.55,25,1
P001,HRTF_A,0,4.958,-61.87,-20.01,25,1
P001,HRTF_A,0,4.972,-63.22,-20.49,25,1
P001,HRTF_A,0,4.986,-64.55,-20.97,25,1
P001,HRTF_A,0,4.999,-65.78,-21.42,25,1
P001,HRTF_A,0,5.013,-67.00,-21.87,25,1
P001,HRTF_A,0,5.027,-68.10,-22.35,25,1
P001,HRTF_A,0,5.041,-69.24,-22.83,25,1
P001,HRTF_A,0,5.055,-70.34,-23.33,25,1
P001,HRTF_A,0,5.069,-71.29,-23.78,25,1
P001,HRTF_A,0,5.083,-72.16,-24.26,25,1
P001,HRTF_A,0,5.097,-72.89,-24.69,25,1
P001,HRTF_A,0,5.111,-73.63,-25.09,25,1
P001,HRTF_A,0,5.125,-74.31,-25.36,25,1
P001,HRTF_A,0,5.138,-74.99,-25.38,25,1
P001,HRTF_A,0,5.152,-75.58,-25.20,25,1
P001,HRTF_A,0,5.167,-76.17,-24.82,25,1
P001,HRTF_A,0,5.180,-76.76,-24.35,25,1
P001,HRTF_A,0,5.194,-77.34,-23.69,25,1
P001,HRTF_A,0,5.208,-77.82,-22.89,25,1
P001,HRTF_A,0,5.222,-78.31,-22.15,25,1
P001,HRTF_A,0,5.236,-78.75,-21.38,25,1
P001,HRTF_A,0,5.249,-79.18,-20.65,25,1
P001,HRTF_A,0,5.263,-79.59,-19.89,25,1
P001,HRTF_A,0,5.277,-79.98,-19.12,25,1
P001,HRTF_A,0,5.291,-80.29,-18.31,25,1
P001,HRTF_A,0,5.305,-80.58,-17.54,25,1
P001,HRTF_A,0,5.319,-80.85,-16.81,25,1
P001,HRTF_A,0,5.333,-81.06,-16.09,25,1
P001,HRTF_A,0,5.347,-81.30,-15.41,25,1
P001,HRTF_A,0,5.361,-81.47,-14.76,25,1
P001,HRTF_A,0,5.375,-81.62,-14.10,25,1
P001,HRTF_A,0,5.388,-81.76,-13.46,25,1
P001,HRTF_A,0,5.402,-81.96,-12.82,25,1
P001,HRTF_A,0,5.416,-82.16,-12.19,25,1
P001,HRTF_A,0,5.430,-82.35,-11.67,25,1
P001,HRTF_A,0,5.444,-82.56,-11.22,25,1
P001,HRTF_A,0,5.458,-82.78,-10.71,25,1
P001,HRTF_A,0,5.472,-83.05,-10.31,25,1
P001,HRTF_A,0,5.486,-83.26,-9.94,25,1
P001,HRTF_A,0,5.499,-83.49,-9.55,25,1
P001,HRTF_A,0,5.513,-83.70,-9.22,25,1
P001,HRTF_A,0,5.527,-83.89,-8.95,25,1
P001,HRTF_A,0,5.541,-84.09,-8.69,25,1
P001,HRTF_A,0,5.555,-84.30,-8.55,25,1
P001,HRTF_A,0,5.569,-84.49,-8.42,25,1
P001,HRTF_A,0,5.583,-84.66,-8.31,25,1
P001,HRTF_A,0,5.597,-84.81,-8.16,25,1
P001,HRTF_A,0,5.611,-84.93,-8.04,25,1
P001,HRTF_A,0,5.624,-85.02,-7.95,25,1
P001,HRTF_A,0,5.638,-85.07,-7.86,25,1
P001,HRTF_A,0,5.652,-85.14,-7.72,25,1
P001,HRTF_A,0,5.666,-85.21,-7.57,25,1
P001,HRTF_A,0,5.680,-85.28,-7.41,25,1
P001,HRTF_A,0,5.694,-85.34,-7.21,25,1
P001,HRTF_A,0,5.708,-85.36,-7.01,25,1
P001,HRTF_A,0,5.722,-85.30,-6.78,25,1
P001,HRTF_A,0,5.735,-85.22,-6.57,25,1
P001,HRTF_A,0,5.749,-85.16,-6.38,25,1
P001,HRTF_A,0,5.763,-85.07,-6.19,25,1
P001,HRTF_A,0,5.777,-84.98,-6.04,25,1
P001,HRTF_A,0,5.791,-84.86,-5.88,25,1
P001,HRTF_A,0,5.805,-84.71,-5.73,25,1
P001,HRTF_A,0,5.819,-84.52,-5.58,25,1
P001,HRTF_A,0,5.833,-84.35,-5.40,25,1
P001,HRTF_A,0,5.847,-84.16,-5.21,25,1
P001,HRTF_A,0,5.860,-84.02,-5.05,25,1
P001,HRTF_A,0,5.874,-83.90,-4.96,25,1
P001,HRTF_A,0,5.889,-83.81,-4.91,25,1
P001,HRTF_A,0,5.902,-83.73,-4.87,25,1
P001,HRTF_A,0,5.916,-83.62,-4.83,25,1
P001,HRTF_A,0,5.930,-83.50,-4.76,25,1
P001,HRTF_A,0,5.944,-83.36,-4.68,25,1
P001,HRTF_A,0,5.958,-83.17,-4.56,25,1
P001,HRTF_A,0,5.972,-82.93,-4.45,25,1
P001,HRTF_A,0,5.986,-82.70,-4.35,25,1
P001,HRTF_A,0,5.999,-82.43,-4.27,25,1
P001,HRTF_A,0,6.013,-82.18,-4.22,25,1
P001,HRTF_A,0,6.027,-81.86,-4.17,25,1
P001,HRTF_A,0,6.041,-81.58,-4.07,25,1
P001,HRTF_A,0,6.055,-81.25,-3.98,25,1
P001,HRTF_A,0,6.069,-80.91,-3.86,25,1
P001,HRTF_A,0,6.083,-80.55,-3.73,25,1
P001,HRTF_A,0,6.097,-80.17,-3.55,25,1
P001,HRTF_A,0,6.110,-79.79,-3.43,25,1
P001,HRTF_A,0,6.124,-79.40,-3.35,25,1
P001,HRTF_A,0,6.138,-79.02,-3.27,25,1
P001,HRTF_A,0,6.152,-78.65,-3.20,25,1
P001,HRTF_A,0,6.166,-78.24,-3.10,25,1
P001,HRTF_A,0,6.180,-77.79,-2.92,25,1
P001,HRTF_A,0,6.194,-77.27,-2.76,25,1
P001,HRTF_A,0,6.208,-76.70,-2.50,25,1
P001,HRTF_A,0,6.222,-75.95,-2.15,25,1
P001,HRTF_A,0,6.236,-74.93,-1.65,25,1
P001,HRTF_A,0,6.249,-73.65,-1.03,25,1
P001,HRTF_A,0,6.263,-72.42,-0.44,25,1
P001,HRTF_A,0,6.277,-70.78,0.25,25,1
P001,HRTF_A,0,6.291,-69.36,0.83,25,1
P001,HRTF_A,0,6.305,-67.91,1.44,25,1
P001,HRTF_A,0,6.319,-66.47,1.99,25,1
P001,HRTF_A,0,6.333,-65.07,2.57,25,1
P001,HRTF_A,0,6.346,-63.72,3.11,25,1
P001,HRTF_A,0,6.360,-62.50,3.63,25,1
P001,HRTF_A,0,6.374,-61.33,4.10,25,1
P001,HRTF_A,0,6.388,-60.47,4.52,25,1
P001,HRTF_A,0,6.402,-59.78,4.91,25,1
P001,HRTF_A,0,6.416,-59.01,5.29,25,1
P001,HRTF_A,0,6.430,-58.64,5.57,25,1
P001,HRTF_A,0,6.444,-58.23,5.80,25,1
P001,HRTF_A,0,6.458,-58.01,6.00,25,1
P001,HRTF_A,0,6.471,-57.95,6.11,25,1
P001,HRTF_A,0,6.485,-57.89,6.18,25,1
P001,HRTF_A,0,6.500,-57.74,6.26,25,1
P001,HRTF_A,0,6.513,-57.92,6.24,25,1
P001,HRTF_A,0,6.527,-58.06,6.22,25,1
P001,HRTF_A,0,6.541,-58.33,6.09,25,1
P001,HRTF_A,0,6.555,-58.81,5.85,25,1
P001,HRTF_A,0,6.569,-59.32,5.63,25,1
P001,HRTF_A,0,6.583,-59.94,5.37,25,1
P001,HRTF_A,0,6.596,-60.65,5.08,25,1
P001,HRTF_A,0,6.610,-61.43,4.76,25,1
P001,HRTF_A,0,6.624,-62.18,4.46,25,1
P001,HRTF_A,0,6.638,-62.95,4.21,25,1
P001,HRTF_A,0,6.652,-63.70,3.96,25,1
P001,HRTF_A,0,6.666,-64.32,3.79,25,1
P001,HRTF_A,0,6.680,-64.85,3.62,25,1
P001,HRTF_A,0,6.694,-65.33,3.45,25,1
P001,HRTF_A,0,6.708,-65.61,3.40,25,1
P001,HRTF_A,0,6.722,-65.83,3.33,25,1
P001,HRTF_A,0,6.736,-66.08,3.22,25,1
P001,HRTF_A,0,6.749,-66.31,3.06,25,1
P001,HRTF_A,0,6.763,-66.54,2.96,25,1
P001,HRTF_A,0,6.777,-66.77,2.85,25,1
P001,HRTF_A,0,6.791,-66.97,2.79,25,1
P001,HRTF_A,0,6.805,-67.25,2.75,25,1
P001,HRTF_A,0,6.819,-67.53,2.71,25,1
P001,HRTF_A,0,6.833,-67.82,2.63,25,1
P001,HRTF_A,0,6.847,-68.14,2.58,25,1
P001,HRTF_A,0,6.860,-68.54,2.50,25,1
P001,HRTF_A,0,6.874,-68.98,2.42,25,1
P001,HRTF_A,0,6.888,-69.45,2.35,25,1
P001,HRTF_A,0,6.902,-69.94,2.23,25,1
P001,HRTF_A,0,6.916,-70.52,2.05,25,1
P001,HRTF_A,0,6.930,-71.16,1.85,25,1
P001,HRTF_A,0,6.944,-71.97,1.58,25,1
P001,HRTF_A,0,6.958,-72.78,1.30,25,1
P001,HRTF_A,0,6.972,-73.70,0.97,25,1
P001,HRTF_A,0,6.985,-74.69,0.62,25,1
P001,HRTF_A,0,6.999,-75.72,0.28,25,1
P001,HRTF_A,0,7.013,-76.72,0.01,25,1
P001,HRTF_A,0,7.027,-77.78,-0.21,25,1
P001,HRTF_A,0,7.041,-78.81,-0.46,25,1
P001,HRTF_A,0,7.055,-79.81,-0.66,25,1
P001,HRTF_A,0,7.069,-80.79,-0.82,25,1
P001,HRTF_A,0,7.083,-81.73,-1.01,25,1
P001,HRTF_A,0,7.097,-82.60,-1.14,25,1
P001,HRTF_A,0,7.110,-83.34,-1.23,25,1
P001,HRTF_A,0,7.124,-84.13,-1.34,25,1
P001,HRTF_A,1,0.014,-9.98,0.72,31,1
P001,HRTF_A,1,0.031,-9.99,0.72,31,1
P001,HRTF_A,1,0.042,-10.01,0.71,31,1
P001,HRTF_A,1,0.056,-10.05,0.70,31,1
P001,HRTF_A,1,0.072,-10.08,0.68,31,1
P001,HRTF_A,1,0.084,-10.15,0.66,31,1
P001,HRTF_A,1,0.097,-10.22,0.64,31,1
P001,HRTF_A,1,0.111,-10.31,0.61,31,1
P001,HRTF_A,1,0.125,-10.42,0.56,31,1
P001,HRTF_A,1,0.139,-10.53,0.53,31,1
P001,HRTF_A,1,0.153,-10.65,0.48,31,1
P001,HRTF_A,1,0.167,-10.78,0.46,31,1
P001,HRTF_A,1,0.181,-10.97,0.41,31,1
P001,HRTF_A,1,0.194,-11.14,0.38,31,1
P001,HRTF_A,1,0.208,-11.33,0.31,31,1
P001,HRTF_A,1,0.222,-11.52,0.25,31,1
P001,HRTF_A,1,0.236,-11.75,0.16,31,1
P001,HRTF_A,1,0.250,-11.95,0.10,31,1
P001,HRTF_A,1,0.264,-12.17,0.05,31,1
P001,HRTF_A,1,0.278,-12.38,-0.01,31,1
P001,HRTF_A,1,0.292,-12.58,-0.06,31,1
P001,HRTF_A,1,0.305,-12.76,-0.09,31,1
P001,HRTF_A,1,0.319,-12.91,-0.12,31,1
P001,HRTF_A,1,0.333,-13.07,-0.15,31,1
P001,HRTF_A,1,0.347,-13.25,-0.20,31,1
P001,HRTF_A,1,0.361,-13.44,-0.23,31,1
P001,HRTF_A,1,0.375,-13.60,-0.29,31,1
P001,HRTF_A,1,0.389,-13.74,-0.33,31,1
P001,HRTF_A,1,0.403,-13.87,-0.39,31,1
P001,HRTF_A,1,0.417,-13.99,-0.45,31,1
P001,HRTF_A,1,0.431,-14.13,-0.51,31,1
P001,HRTF_A,1,0.444,-14.27,-0.59,31,1
P001,HRTF_A,1,0.459,-14.41,-0.65,31,1
P001,HRTF_A,1,0.472,-14.55,-0.72,31,1
P001,HRTF_A,1,0.486,-14.73,-0.80,31,1
P001,HRTF_A,1,0.500,-14.97,-0.90,31,1
P001,HRTF_A,1,0.514,-15.20,-1.02,31,1
P001,HRTF_A,1,0.528,-15.43,-1.11,31,1
P001,HRTF_A,1,0.542,-15.66,-1.20,31,1
P001,HRTF_A,1,0.556,-15.92,-1.28,31,1
P001,HRTF_A,1,0.569,-16.20,-1.35,31,1
P001,HRTF_A,1,0.583,-16.52,-1.45,31,1
P001,HRTF_A,1,0.597,-16.88,-1.53,31,1
P001,HRTF_A,1,0.611,-17.34,-1.62,31,1
P001,HRTF_A,1,0.625,-18.00,-1.76,31,1
P001,HRTF_A,1,0.639,-18.69,-1.87,31,1
P001,HRTF_A,1,0.653,-19.48,-1.96,31,1
P001,HRTF_A,1,0.667,-20.31,-2.10,31,1
P001,HRTF_A,1,0.681,-21.21,-2.21,31,1
P001,HRTF_A,1,0.694,-22.17,-2.31,31,1
P001,HRTF_A,1,0.708,-23.21,-2.44,31,1
P001,HRTF_A,1,0.722,-24.34,-2.67,31,1
P001,HRTF_A,1,0.736,-25.53,-2.91,31,1
P001,HRTF_A,1,0.750,-26.84,-3.14,31,1
P001,HRTF_A,1,0.764,-28.10,-3.33,31,1
P001,HRTF_A,1,0.778,-29.30,-3.53,31,1
P001,HRTF_A,1,0.792,-30.44,-3.72,31,1
P001,HRTF_A,1,0.806,-31.58,-3.90,31,1
P001,HRTF_A,1,0.820,-32.69,-4.10,31,1
P001,HRTF_A,1,0.834,-33.67,-4.28,31,1
P001,HRTF_A,1,0.848,-34.64,-4.42,31,1
P001,HRTF_A,1,0.861,-35.46,-4.55,31,1
P001,HRTF_A,1,0.875,-36.17,-4.65,31,1
P001,HRTF_A,1,0.889,-36.67,-4.73,31,1
P001,HRTF_A,1,0.903,-37.02,-4.81,31,1
P001,HRTF_A,1,0.917,-37.35,-4.88,31,1
P001,HRTF_A,1,0.931,-37.63,-4.90,31,1
P001,HRTF_A,1,0.944,-37.78,-4.93,31,1
P001,HRTF_A,1,0.958,-37.92,-4.93,31,1
P001,HRTF_A,1,0.972,-38.04,-4.93,31,1
P001,HRTF_A,1,0.986,-38.06,-4.92,31,1
P001,HRTF_A,1,1.000,-38.06,-4.88,31,1
P001,HRTF_A,1,1.014,-38.00,-4.86,31,1
P001,HRTF_A,1,1.028,-37.97,-4.82,31,1
P001,HRTF_A,1,1.042,-37.92,-4.78,31,1
P001,HRTF_A,1,1.056,-37.83,-4.75,31,1
P001,HRTF_A,1,1.070,-37.76,-4.72,31,1
P001,HRTF_A,1,1.083,-37.68,-4.71,31,1
P001,HRTF_A,1,1.097,-37.62,-4.70,31,1
P001,HRTF_A,1,1.111,-37.54,-4.69,31,1
P001,HRTF_A,1,1.125,-37.45,-4.68,31,1
P001,HRTF_A,1,1.139,-37.30,-4.66,31,1
P001,HRTF_A,1,1.153,-37.09,-4.64,31,1
P001,HRTF_A,1,1.167,-36.83,-4.64,31,1
P001,HRTF_A,1,1.181,-36.44,-4.64,31,1
P001,HRTF_A,1,1.195,-35.92,-4.66,31,1
P001,HRTF_A,1,1.208,-35.32,-4.68,31,1
P001,HRTF_A,1,1.222,-34.54,-4.73,31,1
P001,HRTF_A,1,1.237,-33.64,-4.83,31,1
P001,HRTF_A,1,1.250,-32.61,-4.88,31,1
P001,HRTF_A,1,1.264,-31.39,-4.99,31,1
P001,HRTF_A,1,1.278,-30.16,-5.10,31,1
P001,HRTF_A,1,1.292,-28.70,-5.25,31,1
P001,HRTF_A,1,1.306,-27.23,-5.42,31,1
P001,HRTF_A,1,1.320,-25.63,-5.67,31,1
P001,HRTF_A,1,1.334,-24.01,-5.92,31,1
P001,HRTF_A,1,1.347,-22.31,-6.20,31,1
P001,HRTF_A,1,1.361,-20.59,-6.46,31,1
P001,HRTF_A,1,1.375,-18.89,-6.74,31,1
P001,HRTF_A,1,1.389,-17.15,-7.05,31,1
P001,HRTF_A,1,1.403,-15.42,-7.40,31,1
P001,HRTF_A,1,1.417,-13.71,-7.78,31,1
P001,HRTF_A,1,1.431,-12.00,-8.16,31,1
P001,HRTF_A,1,1.445,-10.35,-8.51,31,1
P001,HRTF_A,1,1.459,-8.70,-8.89,31,1
P001,HRTF_A,1,1.473,-7.15,-9.21,31,1
P001,HRTF_A,1,1.486,-5.71,-9.59,31,1
P001,HRTF_A,1,1.500,-4.19,-9.97,31,1
P001,HRTF_A,1,1.514,-2.67,-10.37,31,1
P001,HRTF_A,1,1.528,-1.28,-10.80,31,1
P001,HRTF_A,1,1.542,-0.02,-11.21,31,1
P001,HRTF_A,1,1.556,1.22,-11.54,31,1
P001,HRTF_A,1,1.570,2.36,-11.88,31,1
P001,HRTF_A,1,1.584,3.42,-12.19,31,1
P001,HRTF_A,1,1.597,4.39,-12.47,31,1
P001,HRTF_A,1,1.611,5.33,-12.70,31,1
P001,HRTF_A,1,1.625,6.14,-12.89,31,1
P001,HRTF_A,1,1.639,7.03,-13.13,31,1
P001,HRTF_A,1,1.653,7.74,-13.27,31,1
P001,HRTF_A,1,1.667,8.47,-13.44,31,1
P001,HRTF_A,1,1.681,9.16,-13.56,31,1
P001,HRTF_A,1,1.695,9.86,-13.66,31,1
P001,HRTF_A,1,1.709,10.53,-13.80,31,1
P001,HRTF_A,1,1.723,11.25,-13.92,31,1
P001,HRTF_A,1,1.737,12.08,-14.07,31,1
P001,HRTF_A,1,1.751,12.92,-14.21,31,1
P001,HRTF_A,1,1.764,13.79,-14.32,31,1
P001,HRTF_A,1,1.778,14.63,-14.44,31,1
P001,HRTF_A,1,1.792,15.51,-14.49,31,1
P001,HRTF_A,1,1.806,16.38,-14.58,31,1
P001,HRTF_A,1,1.820,17.27,-14.62,31,1
P001,HRTF_A,1,1.834,18.17,-14.60,31,1
P001,HRTF_A,1,1.848,19.08,-14.62,31,1
P001,HRTF_A,1,1.862,20.00,-14.62,31,1
P001,HRTF_A,1,1.876,20.94,-14.61,31,1
P001,HRTF_A,1,1.889,21.92,-14.67,31,1
P001,HRTF_A,1,1.903,22.94,-14.66,31,1
P001,HRTF_A,1,1.917,23.97,-14.70,31,1
P001,HRTF_A,1,1.931,25.04,-14.77,31,1
P001,HRTF_A,1,1.945,26.09,-14.89,31,1
P001,HRTF_A,1,1.959,27.21,-14.95,31,1
P001,HRTF_A,1,1.973,28.29,-15.03,31,1
P001,HRTF_A,1,1.987,29.32,-15.09,31,1
P001,HRTF_A,1,2.000,30.33,-15.12,31,1
P001,HRTF_A,1,2.014,31.30,-15.18,31,1
P001,HRTF_A,1,2.028,32.29,-15.25,31,1
P001,HRTF_A,1,2.042,33.24,-15.36,31,1
P001,HRTF_A,1,2.056,34.18,-15.45,31,1
P001,HRTF_A,1,2.070,35.09,-15.57,31,1
P001,HRTF_A,1,2.084,35.96,-15.66,31,1
P001,HRTF_A,1,2.098,36.83,-15.73,31,1
P001,HRTF_A,1,2.111,37.68,-15.80,31,1
P001,HRTF_A,1,2.125,38.55,-15.91,31,1
P001,HRTF_A,1,2.139,39.39,-16.02,31,1
P001,HRTF_A,1,2.153,40.22,-16.14,31,1
P001,HRTF_A,1,2.167,41.05,-16.23,31,1
P001,HRTF_A,1,2.181,41.89,-16.33,31,1
P001,HRTF_A,1,2.195,42.67,-16.40,31,1
P001,HRTF_A,1,2.209,43.49,-16.54,31,1
P001,HRTF_A,1,2.223,44.28,-16.66,31,1
P001,HRTF_A,1,2.237,45.07,-16.84,31,1
P001,HRTF_A,1,2.251,45.79,-17.01,31,1
P001,HRTF_A,1,2.264,46.50,-17.22,31,1
P001,HRTF_A,1,2.278,47.23,-17.45,31,1
P001,HRTF_A,1,2.292,47.92,-17.70,31,1
P001,HRTF_A,1,2.306,48.54,-17.97,31,1
P001,HRTF_A,1,2.320,49.18,-18.28,31,1
P001,HRTF_A,1,2.334,49.78,-18.59,31,1
P001,HRTF_A,1,2.348,50.39,-18.91,31,1
P001,HRTF_A,1,2.362,51.00,-19.30,31,1
P001,HRTF_A,1,2.376,51.60,-19.67,31,1
P001,HRTF_A,1,2.390,52.23,-20.05,31,1
P001,HRTF_A,1,2.403,52.83,-20.44,31,1
P001,HRTF_A,1,2.417,53.48,-20.85,31,1
P001,HRTF_A,1,2.431,54.14,-21.31,31,1
P001,HRTF_A,1,2.445,54.88,-21.74,31,1
P001,HRTF_A,1,2.459,55.65,-22.19,31,1
P001,HRTF_A,1,2.473,56.40,-22.64,31,1
P001,HRTF_A,1,2.487,57.19,-23.12,31,1
P001,HRTF_A,1,2.501,58.03,-23.62,31,1
P001,HRTF_A,1,2.515,58.85,-24.11,31,1
P001,HRTF_A,1,2.529,59.70,-24.59,31,1
P001,HRTF_A,1,2.542,60.54,-25.16,31,1
P001,HRTF_A,1,2.556,61.40,-25.76,31,1
P001,HRTF_A,1,2.570,62.28,-26.34,31,1
P001,HRTF_A,1,2.584,63.20,-26.97,31,1
P001,HRTF_A,1,2.598,64.07,-27.57,31,1
P001,HRTF_A,1,2.612,64.96,-28.18,31,1
P001,HRTF_A,1,2.626,65.86,-28.79,31,1
P001,HRTF_A,1,2.640,66.68,-29.41,31,1
P001,HRTF_A,1,2.657,67.58,-30.03,31,1
P001,HRTF_A,1,2.670,68.44,-30.62,31,1
P001,HRTF_A,1,2.684,69.34,-31.22,31,1
P001,HRTF_A,1,2.698,70.19,-31.81,31,1
P001,HRTF_A,1,2.712,71.06,-32.44,31,1
P001,HRTF_A,1,2.726,71.96,-33.09,31,1
P001,HRTF_A,1,2.740,72.87,-33.71,31,1
P001,HRTF_A,1,2.754,73.73,-34.26,31,1
P001,HRTF_A,1,2.768,74.56,-34.82,31,1
P001,HRTF_A,1,2.782,75.38,-35.38,31,1
P001,HRTF_A,1,2.795,76.21,-35.89,31,1
P001,HRTF_A,1,2.809,76.93,-36.42,31,1
P001,HRTF_A,1,2.835,77.56,-36.91,31,1
P001,HRTF_A,1,2.849,78.13,-37.37,31,1
P001,HRTF_A,1,2.862,79.40,-38.38,31,1
P001,HRTF_A,1,2.876,80.04,-38.91,31,1
P001,HRTF_A,1,2.889,80.67,-39.51,31,1
P001,HRTF_A,1,2.903,81.21,-40.13,31,1
P001,HRTF_A,1,2.917,81.95,-40.75,31,1
P001,HRTF_A,1,2.931,82.61,-41.25,31,1
P001,HRTF_A,1,2.945,83.30,-41.80,31,1
P001,HRTF_A,1,2.959,83.95,-42.31,31,1
P001,HRTF_A,1,2.973,84.63,-42.84,31,1
P001,HRTF_A,1,2.987,85.19,-43.47,31,1
P001,HRTF_A,1,3.001,85.62,-44.32,31,1
P001,HRTF_A,1,3.014,86.04,-44.96,31,1
P001,HRTF_A,1,3.028,86.59,-45.68,31,1
P001,HRTF_A,1,3.042,86.96,-46.62,31,1
P001,HRTF_A,1,3.056,87.22,-47.60,31,1
P001,HRTF_A,1,3.070,87.49,-48.53,31,1
P001,HRTF_A,1,3.084,87.60,-49.41,31,1
P001,HRTF_A,1,3.098,87.74,-50.32,31,1
P001,HRTF_A,1,3.112,87.77,-51.18,31,1
P001,HRTF_A,1,3.126,87.96,-52.16,31,1
P001,HRTF_A,1,3.140,87.76,-53.05,31,1
P001,HRTF_A,1,3.153,87.50,-53.93,31,1
P001,HRTF_A,1,3.167,87.17,-54.78,31,1
P001,HRTF_A,1,3.181,86.85,-55.66,31,1
P001,HRTF_A,1,3.195,86.51,-56.63,31,1
P001,HRTF_A,1,3.209,86.14,-57.62,31,1
P001,HRTF_A,1,3.223,85.64,-58.38,31,1
P001,HRTF_A,1,3.237,85.11,-59.07,31,1
P001,HRTF_A,1,3.251,84.70,-59.59,31,1
P001,HRTF_A,1,3.265,84.22,-59.94,31,1
P001,HRTF_A,1,3.278,83.71,-60.27,31,1
P001,HRTF_A,1,3.292,83.38,-60.50,31,1
P001,HRTF_A,1,3.306,83.13,-60.53,31,1
P001,HRTF_A,1,3.320,82.81,-60.48,31,1
P001,HRTF_A,1,3.334,82.52,-60.45,31,1
P001,HRTF_A,1,3.348,82.21,-60.42,31,1
P001,HRTF_A,1,3.362,81.95,-60.36,31,1
P001,HRTF_A,1,3.375,81.76,-60.14,31,1
P001,HRTF_A,1,3.389,81.51,-59.95,31,1
P001,HRTF_A,1,3.403,81.14,-59.71,31,1
P001,HRTF_A,1,3.418,80.66,-59.48,31,1
P001,HRTF_A,1,3.431,80.18,-59.16,31,1
P001,HRTF_A,1,3.445,79.74,-58.80,31,1
P001,HRTF_A,1,3.459,79.16,-58.22,31,1
P001,HRTF_A,1,3.473,78.47,-57.83,31,1
P001,HRTF_A,1,3.487,77.70,-57.43,31,1
P001,HRTF_A,1,3.501,77.11,-57.07,31,1
P001,HRTF_A,1,3.514,76.58,-56.57,31,1
P001,HRTF_A,1,3.528,76.06,-55.99,31,1
P001,HRTF_A,1,3.542,75.64,-55.44,31,1
P001,HRTF_A,1,3.556,75.31,-54.73,31,1
P001,HRTF_A,1,3.570,75.07,-53.93,31,1
P001,HRTF_A,1,3.584,74.87,-53.27,31,1
P001,HRTF_A,1,3.598,74.40,-52.71,31,1
P001,HRTF_A,1,3.612,74.04,-51.87,31,1
P001,HRTF_A,1,3.626,73.72,-50.75,31,1
P001,HRTF_A,1,3.639,73.44,-49.46,31,1
P001,HRTF_A,1,3.653,73.16,-48.06,31,1
P001,HRTF_A,1,3.667,72.95,-46.72,31,1
P001,HRTF_A,1,3.681,73.01,-45.64,31,1
P001,HRTF_A,1,3.695,72.93,-44.67,31,1
P001,HRTF_A,1,3.709,72.39,-43.71,31,1
P001,HRTF_A,1,3.723,71.56,-42.50,31,1
P001,HRTF_A,1,3.736,70.98,-41.18,31,1
P001,HRTF_A,1,3.750,70.67,-40.02,31,1
P001,HRTF_A,1,3.764,69.86,-39.12,31,1
P001,HRTF_A,1,3.779,69.21,-38.18,31,1
P001,HRTF_A,1,3.792,68.31,-37.86,31,1
P001,HRTF_A,1,3.806,67.50,-37.57,31,1
P001,HRTF_A,1,3.820,66.82,-37.16,31,1
P001,HRTF_A,1,3.834,66.18,-36.22,31,1
P001,HRTF_A,1,3.847,65.94,-34.60,31,1
P001,HRTF_A,1,3.861,65.58,-33.04,31,1
P001,HRTF_A,1,3.875,65.17,-31.83,31,1
P001,HRTF_A,1,3.889,64.75,-31.28,31,1
P001,HRTF_A,1,3.903,64.35,-31.55,31,1
P001,HRTF_A,1,3.917,63.82,-32.15,31,1
P001,HRTF_A,1,3.931,63.45,-32.49,31,1
P001,HRTF_A,1,3.945,63.02,-32.85,31,1
P001,HRTF_A,1,3.959,62.45,-32.85,31,1
P001,HRTF_A,1,3.973,61.92,-32.72,31,1
P001,HRTF_A,1,3.986,61.45,-32.43,31,1
P001,HRTF_A,1,4.000,61.07,-32.15,31,1
P001,HRTF_A,1,4.014,60.65,-31.83,31,1
P001,HRTF_A,1,4.028,60.18,-31.48,31,1
P001,HRTF_A,1,4.042,59.97,-31.18,31,1
P001,HRTF_A,1,4.056,59.97,-30.84,31,1
P001,HRTF_A,1,4.070,59.76,-30.38,31,1
P001,HRTF_A,1,4.084,59.23,-29.83,31,1
P001,HRTF_A,1,4.098,58.58,-29.34,31,1
P001,HRTF_A,1,4.112,58.05,-28.96,31,1
P001,HRTF_A,1,4.125,57.79,-28.65,31,1
P001,HRTF_A,1,4.140,57.61,-28.35,31,1
P001,HRTF_A,1,4.153,57.41,-27.94,31,1
P001,HRTF_A,1,4.167,57.20,-27.47,31,1
P001,HRTF_A,1,4.181,56.96,-26.83,31,1
P001,HRTF_A,1,4.195,56.59,-26.20,31,1
P001,HRTF_A,1,4.209,56.13,-25.42,31,1
P001,HRTF_A,1,4.223,55.55,-24.57,31,1
P001,HRTF_A,1,4.236,54.60,-23.39,31,1
P001,HRTF_A,1,4.250,53.62,-22.16,31,1
P001,HRTF_A,1,4.264,52.60,-20.78,31,1
P001,HRTF_A,1,4.278,51.48,-19.30,31,1
P001,HRTF_A,1,4.292,50.18,-17.78,31,1
P001,HRTF_A,1,4.306,49.06,-16.24,31,1
P001,HRTF_A,1,4.320,47.95,-14.59,31,1
P001,HRTF_A,1,4.334,46.86,-12.92,31,1
P001,HRTF_A,1,4.347,45.60,-11.08,31,1
P001,HRTF_A,1,4.361,44.27,-9.13,31,1
P001,HRTF_A,1,4.375,42.90,-7.26,31,1
P001,HRTF_A,1,4.389,41.64,-5.42,31,1
P001,HRTF_A,1,4.403,40.42,-3.56,31,1
P001,HRTF_A,1,4.417,39.37,-1.78,31,1
P001,HRTF_A,1,4.431,38.27,-0.06,31,1
P001,HRTF_A,1,4.445,37.08,1.70,31,1
P001,HRTF_A,1,4.459,35.92,3.43,31,1
P001,HRTF_A,1,4.473,34.85,5.15,31,1
P001,HRTF_A,1,4.487,34.26,6.55,31,1
P001,HRTF_A,1,4.500,33.70,7.83,31,1
P001,HRTF_A,1,4.514,33.25,9.07,31,1
P001,HRTF_A,1,4.528,32.83,10.28,31,1
P001,HRTF_A,1,4.542,32.49,11.44,31,1
P001,HRTF_A,1,4.556,32.09,12.63,31,1
P001,HRTF_A,1,4.570,31.80,13.76,31,1
P001,HRTF_A,1,4.584,31.46,14.91,31,1
P001,HRTF_A,1,4.597,31.05,15.89,31,1
P001,HRTF_A,1,4.611,30.59,16.79,31,1
P001,HRTF_A,1,4.625,30.12,17.48,31,1
P001,HRTF_A,1,4.639,29.69,18.09,31,1
P001,HRTF_A,1,4.653,29.29,18.52,31,1
P001,HRTF_A,1,4.667,28.80,18.93,31,1
P001,HRTF_A,1,4.681,28.28,19.12,31,1
P001,HRTF_A,1,4.695,27.71,19.28,31,1
P001,HRTF_A,1,4.709,27.21,19.36,31,1
P001,HRTF_A,1,4.723,26.70,19.68,31,1
P001,HRTF_A,1,4.736,26.22,20.06,31,1
P001,HRTF_A,1,4.750,25.78,20.45,31,1
P001,HRTF_A,1,4.764,25.33,20.93,31,1
P001,HRTF_A,1,4.778,24.88,21.50,31,1
P001,HRTF_A,1,4.792,24.41,22.17,31,1
P001,HRTF_A,1,4.806,23.91,22.88,31,1
P001,HRTF_A,1,4.820,23.44,23.59,31,1
P001,HRTF_A,1,4.834,22.97,23.98,31,1
P001,HRTF_A,1,4.847,22.46,23.87,31,1
P001,HRTF_A,1,4.862,21.93,23.86,31,1
P001,HRTF_A,1,4.875,21.47,23.85,31,1
P001,HRTF_A,1,4.889,21.11,23.86,31,1
P001,HRTF_A,1,4.903,20.83,23.97,31,1
P001,HRTF_A,1,4.917,20.68,24.18,31,1
P001,HRTF_A,1,4.931,20.51,24.34,31,1
P001,HRTF_A,1,4.945,20.37,24.49,31,1
P001,HRTF_A,1,4.959,20.20,24.63,31,1
P001,HRTF_A,1,4.972,20.16,24.74,31,1
P001,HRTF_A,1,4.986,20.06,24.74,31,1
P001,HRTF_A,1,5.000,19.95,24.60,31,1
P001,HRTF_A,1,5.014,19.79,24.51,31,1
P001,HRTF_A,1,5.028,19.60,24.42,31,1
P001,HRTF_A,1,5.042,19.37,24.34,31,1
P001,HRTF_A,1,5.056,19.22,24.25,31,1
P001,HRTF_A,1,5.070,19.08,24.13,31,1
P001,HRTF_A,1,5.084,18.84,24.08,31,1
P001,HRTF_A,1,5.098,18.64,24.23,31,1
P001,HRTF_A,1,5.111,18.47,24.52,31,1
P001,HRTF_A,1,5.125,18.40,24.78,31,1
P001,HRTF_A,1,5.139,18.28,24.88,31,1
P001,HRTF_A,1,5.153,18.15,24.82,31,1
P001,HRTF_A,1,5.167,17.87,24.68,31,1
P001,HRTF_A,1,5.181,17.50,24.60,31,1
P001,HRTF_A,1,5.195,17.14,24.60,31,1
P001,HRTF_A,1,5.209,16.75,24.63,31,1
P001,HRTF_A,1,5.223,16.41,24.70,31,1
P001,HRTF_A,1,5.236,16.13,24.74,31,1
P001,HRTF_A,1,5.250,16.02,24.56,31,1
P001,HRTF_A,1,5.264,15.91,24.29,31,1
P001,HRTF_A,1,5.278,15.77,24.07,31,1
P001,HRTF_A,1,5.292,15.60,23.88,31,1
P001,HRTF_A,1,5.306,15.45,23.78,31,1
P001,HRTF_A,1,5.320,15.33,23.70,31,1
P001,HRTF_A,1,5.334,15.22,23.56,31,1
P001,HRTF_A,1,5.347,15.08,23.24,31,1
P001,HRTF_A,1,5.362,14.92,22.89,31,1
P001,HRTF_A,1,5.375,14.86,22.54,31,1
P001,HRTF_A,1,5.389,14.88,22.23,31,1
P001,HRTF_A,1,5.403,14.92,22.04,31,1
P001,HRTF_A,1,5.417,14.89,21.86,31,1
P001,HRTF_A,1,5.431,14.92,21.68,31,1
P001,HRTF_A,1,5.445,15.07,21.55,31,1
P001,HRTF_A,1,5.459,15.24,21.43,31,1
P001,HRTF_A,1,5.473,15.36,21.34,31,1
P001,HRTF_A,1,5.487,15.50,21.17,31,1
P001,HRTF_A,1,5.501,15.64,21.00,31,1
P001,HRTF_A,1,5.514,15.82,20.81,31,1
P001,HRTF_A,1,5.528,16.01,20.57,31,1
P001,HRTF_A,1,5.542,16.09,20.28,31,1
P001,HRTF_A,1,5.556,16.21,20.03,31,1
P001,HRTF_A,1,5.570,16.49,19.79,31,1
P001,HRTF_A,1,5.584,16.90,19.51,31,1
P001,HRTF_A,1,5.597,17.14,19.09,31,1
P001,HRTF_A,1,5.611,17.27,18.69,31,1
P001,HRTF_A,1,5.625,17.34,18.22,31,1
P001,HRTF_A,1,5.639,17.70,17.85,31,1
P001,HRTF_A,1,5.653,18.25,17.55,31,1
P001,HRTF_A,1,5.667,18.81,17.19,31,1
P001,HRTF_A,1,5.681,19.25,16.65,31,1
P001,HRTF_A,1,5.695,19.50,15.97,31,1
P001,HRTF_A,1,5.709,19.89,15.27,31,1
P001,HRTF_A,1,5.722,20.33,14.69,31,1
P001,HRTF_A,1,5.736,20.73,14.20,31,1
P001,HRTF_A,1,5.750,21.09,13.64,31,1
P001,HRTF_A,1,5.764,21.43,12.95,31,1
P001,HRTF_A,1,5.778,21.80,12.28,31,1
P001,HRTF_A,1,5.792,22.07,11.63,31,1
P001,HRTF_A,1,5.806,22.24,11.52,31,1
P001,HRTF_A,1,5.820,22.26,11.25,31,1
P001,HRTF_A,1,5.834,22.34,11.06,31,1
P001,HRTF_A,1,5.847,22.35,10.88,31,1
P001,HRTF_A,1,5.861,22.38,10.73,31,1
P001,HRTF_A,1,5.875,22.53,10.59,31,1
P001,HRTF_A,1,5.889,22.78,10.49,31,1
P001,HRTF_A,1,5.903,23.10,10.86,31,1
P001,HRTF_A,1,5.917,23.44,10.37,31,1
P001,HRTF_A,1,5.931,23.94,10.69,31,1
P001,HRTF_A,1,5.945,24.54,10.72,31,1
P001,HRTF_A,1,5.959,24.96,10.69,31,1
P001,HRTF_A,1,5.972,25.40,10.65,31,1
P001,HRTF_A,1,5.986,25.77,10.66,31,1
P001,HRTF_A,1,6.000,26.56,10.65,31,1
P001,HRTF_A,1,6.014,26.93,10.53,31,1
P001,HRTF_A,1,6.028,27.36,10.52,31,1
P001,HRTF_A,1,6.042,28.13,10.74,31,1
P001,HRTF_A,1,6.056,29.03,10.88,31,1
P001,HRTF_A,1,6.070,29.78,10.97,31,1
P001,HRTF_A,1,6.083,30.13,10.97,31,1
P001,HRTF_A,1,6.097,29.91,10.27,31,1
P001,HRTF_A,1,6.111,30.37,10.42,31,1
P001,HRTF_A,1,6.125,30.95,10.42,31,1
P001,HRTF_A,1,6.139,31.50,10.55,31,1
P001,HRTF_A,1,6.153,31.90,10.60,31,1
P001,HRTF_A,1,6.167,32.45,10.70,31,1
P001,HRTF_A,1,6.181,33.41,10.79,31,1
P001,HRTF_A,1,6.195,34.45,10.74,31,1
P001,HRTF_A,1,6.209,35.17,10.75,31,1
P001,HRTF_A,1,6.222,35.31,10.28,31,1
P001,HRTF_A,1,6.236,35.37,9.97,31,1
P001,HRTF_A,1,6.250,35.67,9.83,31,1
P001,HRTF_A,1,6.264,36.19,9.83,31,1
P001,HRTF_A,1,6.278,36.61,9.75,31,1
P001,HRTF_A,1,6.292,36.81,9.73,31,1
P001,HRTF_A,1,6.306,37.00,9.40,31,1
P001,HRTF_A,1,6.320,37.21,9.14,31,1
P001,HRTF_A,1,6.334,37.40,9.03,31,1
P001,HRTF_A,1,6.347,37.41,8.47,31,1
P001,HRTF_A,1,6.361,37.12,7.93,31,1
P001,HRTF_A,1,6.375,36.97,7.54,31,1
P001,HRTF_A,1,6.389,36.84,7.16,31,1
P001,HRTF_A,1,6.403,36.44,7.01,31,1
P001,HRTF_A,1,6.417,36.03,6.66,31,1
P001,HRTF_A,1,6.431,35.76,6.36,31,1
P001,HRTF_A,1,6.445,35.44,6.05,31,1
P001,HRTF_A,1,6.458,34.73,5.68,31,1
P001,HRTF_A,1,6.473,34.58,5.51,31,1
P001,HRTF_A,1,6.486,34.17,5.13,31,1
P001,HRTF_A,1,6.500,33.69,4.83,31,1
P001,HRTF_A,1,6.514,33.25,4.49,31,1
P001,HRTF_A,1,6.528,32.76,4.04,31,1
P001,HRTF_A,1,6.542,32.34,3.75,31,1
P001,HRTF_A,1,6.556,31.96,3.26,31,1
P001,HRTF_A,1,6.570,31.78,2.90,31,1
P001,HRTF_A,1,6.584,32.04,2.71,31,1
P001,HRTF_A,1,6.597,32.21,2.60,31,1
P001,HRTF_A,1,6.611,32.24,2.22,31,1
P001,HRTF_A,1,6.625,32.35,1.99,31,1
P001,HRTF_A,1,6.639,32.38,1.71,31,1
P001,HRTF_A,1,6.653,32.33,1.42,31,1
P001,HRTF_A,1,6.667,32.15,1.28,31,1
P001,HRTF_A,1,6.681,31.96,1.15,31,1
P001,HRTF_A,1,6.695,31.92,1.41,31,1
P001,HRTF_A,1,6.708,31.97,1.65,31,1
P001,HRTF_A,1,6.722,32.05,1.78,31,1
P001,HRTF_A,1,6.736,32.19,1.77,31,1
P001,HRTF_A,1,6.750,32.32,1.70,31,1
P001,HRTF_A,1,6.764,32.58,1.68,31,1
P001,HRTF_A,1,6.778,32.80,1.69,31,1
P001,HRTF_A,1,6.792,32.92,1.66,31,1
P001,HRTF_A,1,6.806,32.99,1.77,31,1
P001,HRTF_A,1,6.820,32.96,1.80,31,1
P001,HRTF_A,1,6.834,32.86,1.89,31,1
P001,HRTF_A,1,6.848,32.64,2.11,31,1
P001,HRTF_A,1,6.861,32.23,2.99,31,1
P001,HRTF_A,1,6.875,32.02,2.85,31,1
P001,HRTF_A,1,6.889,31.78,3.34,31,1
P001,HRTF_A,1,6.903,31.27,3.75,31,1
P001,HRTF_A,1,6.917,31.11,4.27,31,1
P001,HRTF_A,1,6.931,30.38,4.28,31,1
P001,HRTF_A,1,6.945,29.72,4.36,31,1
P001,HRTF_A,1,6.959,28.95,4.46,31,1
P001,HRTF_A,1,6.972,28.15,4.43,31,1
P001,HRTF_A,1,6.986,27.33,4.35,31,1
P001,HRTF_A,1,7.000,26.40,4.25,31,1
P001,HRTF_A,1,7.014,25.41,4.01,31,1
P001,HRTF_A,1,7.028,24.33,3.89,31,1
P001,HRTF_A,1,7.042,23.25,3.96,31,1
P001,HRTF_A,1,7.056,22.33,3.94,31,1
P001,HRTF_A,1,7.070,21.33,3.92,31,1
P001,HRTF_A,1,7.084,20.15,3.90,31,1
P001,HRTF_A,1,7.097,19.37,3.53,31,1
P001,HRTF_A,1,7.111,18.38,3.52,31,1
P001,HRTF_A,1,7.125,17.40,3.55,31,1
P001,HRTF_A,1,7.139,16.54,3.60,31,1
P001,HRTF_A,1,7.153,15.56,3.35,31,1
P001,HRTF_A,1,7.167,14.96,2.98,31,1
P001,HRTF_A,1,7.181,14.45,3.14,31,1
P001,HRTF_A,1,7.195,13.70,3.12,31,1
P001,HRTF_A,1,7.209,13.24,2.88,31,1
P001,HRTF_A,1,7.222,12.93,2.90,31,1
P001,HRTF_A,1,7.236,12.74,2.79,31,1
P001,HRTF_A,1,7.250,12.59,2.68,31,1
P001,HRTF_A,1,7.265,12.58,2.57,31,1
P001,HRTF_A,1,7.278,12.31,2.48,31,1
P001,HRTF_A,1,7.292,12.62,2.43,31,1
P001,HRTF_A,1,7.306,12.59,2.44,31,1
P001,HRTF_A,1,7.320,12.56,2.42,31,1
P001,HRTF_A,1,7.333,12.62,2.29,31,1
P001,HRTF_A,1,7.347,12.78,2.26,31,1
P001,HRTF_A,1,7.361,12.83,2.17,31,1
P001,HRTF_A,1,7.375,12.79,1.99,31,1
P001,HRTF_A,1,7.389,12.82,2.20,31,1
P001,HRTF_A,1,7.403,12.80,2.23,31,1
P001,HRTF_A,1,7.417,12.83,2.06,31,1
P001,HRTF_A,1,7.431,12.79,1.92,31,1
P001,HRTF_A,1,7.445,12.64,1.79,31,1
P001,HRTF_A,1,7.459,12.46,1.93,31,1
P001,HRTF_A,1,7.472,12.35,2.04,31,1
P001,HRTF_A,1,7.486,12.41,2.13,31,1
P001,HRTF_A,1,7.500,12.51,2.13,31,1
P001,HRTF_A,1,7.514,12.64,2.31,31,1
P001,HRTF_A,1,7.528,12.64,2.31,31,1
P001,HRTF_A,1,7.542,12.77,2.21,31,1
P001,HRTF_A,1,7.556,12.93,2.14,31,1
P001,HRTF_A,1,7.570,13.13,2.08,31,1
P001,HRTF_A,1,7.583,13.20,1.99,31,1
P001,HRTF_A,1,7.598,13.17,1.91,31,1
P001,HRTF_A,1,7.611,13.05,1.84,31,1
P001,HRTF_A,1,7.625,12.84,1.70,31,1
P001,HRTF_A,1,7.640,12.67,1.56,31,1
P001,HRTF_A,1,7.653,12.44,1.33,31,1
P001,HRTF_A,1,7.667,12.08,1.16,31,1
P001,HRTF_A,1,7.681,11.61,1.00,31,1
P001,HRTF_A,1,7.695,11.10,0.93,31,1
P001,HRTF_A,1,7.708,10.64,0.78,31,1
P001,HRTF_A,1,7.722,10.16,0.75,31,1
P001,HRTF_A,1,7.736,9.71,0.66,31,1
P001,HRTF_A,1,7.750,9.31,0.63,31,1
P001,HRTF_A,1,7.764,9.16,0.58,31,1
P001,HRTF_A,1,7.778,9.03,0.60,31,1
P001,HRTF_A,1,7.792,8.85,0.66,31,1
P001,HRTF_A,1,7.806,8.55,0.49,31,1
P001,HRTF_A,1,7.820,8.22,0.31,31,1
P001,HRTF_A,1,7.834,8.06,0.14,31,1
P001,HRTF_A,1,7.847,7.97,0.04,31,1
P001,HRTF_A,1,7.861,7.97,-0.06,31,1
P001,HRTF_A,1,7.875,7.99,0.02,31,1
P001,HRTF_A,1,7.889,7.98,0.09,31,1
P001,HRTF_A,1,7.903,8.22,0.06,31,1
P001,HRTF_A,1,7.917,8.43,0.18,31,1
P001,HRTF_A,1,7.931,8.75,0.29,31,1
P001,HRTF_A,1,7.945,8.99,0.36,31,1
P001,HRTF_A,1,7.959,9.11,0.44,31,1
P001,HRTF_A,1,7.972,9.17,0.54,31,1
P001,HRTF_A,1,7.986,9.27,0.61,31,1
P001,HRTF_A,1,8.000,9.42,0.68,31,1
P001,HRTF_A,1,8.014,9.60,0.74,31,1
P001,HRTF_A,1,8.028,9.79,0.75,31,1
P001,HRTF_A,1,8.042,9.99,0.77,31,1
P001,HRTF_A,1,8.056,10.29,0.80,31,1
P001,HRTF_A,1,8.070,10.71,0.82,31,1
P001,HRTF_A,1,8.084,11.17,0.97,31,1
P001,HRTF_A,1,8.098,11.48,1.10,31,1
P001,HRTF_A,1,8.112,11.64,1.13,31,1
P001,HRTF_A,1,8.125,11.79,1.10,31,1
P001,HRTF_A,1,8.139,11.85,0.81,31,1
P001,HRTF_A,1,8.153,11.86,0.56,31,1
P001,HRTF_A,1,8.167,11.68,0.24,31,1
P001,HRTF_A,1,8.181,11.35,0.06,31,1
P001,HRTF_A,1,8.195,11.02,0.00,31,1
P001,HRTF_A,1,8.208,10.68,-0.23,31,1
P001,HRTF_A,1,8.222,10.50,-0.35,31,1
P001,HRTF_A,1,8.236,10.28,-0.48,31,1
P001,HRTF_A,1,8.250,10.07,-0.45,31,1
P001,HRTF_A,1,8.264,9.87,-0.50,31,1
P001,HRTF_A,1,8.278,9.75,-0.72,31,1
P001,HRTF_A,1,8.292,9.77,-0.87,31,1
P001,HRTF_A,1,8.306,9.85,-1.03,31,1
P001,HRTF_A,1,8.320,10.00,-1.12,31,1
P001,HRTF_A,1,8.333,10.24,-1.18,31,1
P001,HRTF_A,1,8.347,10.52,-1.27,31,1
P001,HRTF_A,1,8.361,10.76,-1.39,31,1
P001,HRTF_A,1,8.375,10.97,-1.37,31,1
P001,HRTF_A,1,8.389,11.19,-1.41,31,1
P001,HRTF_A,1,8.403,11.34,-1.22,31,1
P001,HRTF_A,1,8.417,11.40,-1.06,31,1
P001,HRTF_A,1,8.431,11.48,-1.07,31,1
P001,HRTF_A,1,8.445,11.45,-0.88,31,1
P001,HRTF_A,1,8.459,11.45,-0.70,31,1
P001,HRTF_A,1,8.473,11.54,-0.89,31,1
P001,HRTF_A,1,8.486,11.50,-0.93,31,1
P001,HRTF_A,1,8.500,11.45,-0.99,31,1
P001,HRTF_A,1,8.514,11.35,-1.08,31,1
P001,HRTF_A,1,8.528,11.21,-1.21,31,1
P001,HRTF_A,1,8.542,11.07,-1.37,31,1
P001,HRTF_A,1,8.556,10.87,-1.48,31,1
P001,HRTF_A,1,8.570,10.68,-1.61,31,1
P001,HRTF_A,1,8.584,10.46,-1.72,31,1
P001,HRTF_A,1,8.597,10.29,-1.86,31,1
P001,HRTF_A,1,8.611,10.16,-2.03,31,1
P001,HRTF_A,1,8.625,9.99,-2.22,31,1
P001,HRTF_A,1,8.639,9.80,-2.36,31,1
P001,HRTF_A,1,8.653,9.57,-2.47,31,1
P001,HRTF_A,1,8.667,9.39,-2.61,31,1
P001,HRTF_A,1,8.681,9.25,-2.81,31,1
P001,HRTF_A,1,8.695,9.13,-3.09,31,1
P001,HRTF_A,1,8.708,9.01,-3.30,31,1
P001,HRTF_A,1,8.722,8.86,-3.45,31,1
P001,HRTF_A,1,8.736,8.99,-3.44,31,1
P001,HRTF_A,1,8.750,8.94,-3.69,31,1
P001,HRTF_A,1,8.764,9.07,-3.86,31,1
P001,HRTF_A,1,8.778,8.94,-4.23,31,1
P001,HRTF_A,1,8.792,9.00,-4.53,31,1
P001,HRTF_A,1,8.806,9.09,-4.46,31,1
P001,HRTF_A,1,8.820,8.81,-5.04,31,1
P001,HRTF_A,1,8.834,8.77,-5.41,31,1
P001,HRTF_A,1,8.847,8.85,-5.74,31,1
P001,HRTF_A,1,8.861,8.96,-6.13,31,1
P001,HRTF_A,1,8.875,9.02,-6.57,31,1
P001,HRTF_A,1,8.889,9.09,-6.91,31,1
P001,HRTF_A,1,8.903,9.10,-7.16,31,1
P001,HRTF_A,1,8.917,9.16,-7.56,31,1
P001,HRTF_A,1,8.931,9.21,-7.82,31,1
P001,HRTF_A,1,8.945,9.34,-8.20,31,1
P001,HRTF_A,1,8.959,9.44,-8.60,31,1
P001,HRTF_A,1,8.972,9.49,-8.92,31,1
P001,HRTF_A,1,8.986,9.57,-9.10,31,1
P001,HRTF_A,1,9.000,9.70,-9.36,31,1
P001,HRTF_A,1,9.014,9.69,-9.58,31,1
P001,HRTF_A,1,9.028,9.62,-10.09,31,1
P001,HRTF_A,1,9.042,9.83,-10.19,31,1
P001,HRTF_A,1,9.056,9.72,-10.63,31,1
P001,HRTF_A,1,9.069,9.78,-10.93,31,1
P001,HRTF_A,1,9.083,9.82,-11.14,31,1
P001,HRTF_A,1,9.097,9.87,-11.29,31,1
P001,HRTF_A,1,9.111,9.90,-11.41,31,1
P001,HRTF_A,1,9.125,9.86,-11.48,31,1
P001,HRTF_A,1,9.139,9.86,-11.76,31,1
P001,HRTF_A,1,9.153,9.92,-12.09,31,1
P001,HRTF_A,1,9.167,9.85,-12.42,31,1
P001,HRTF_A,1,9.181,9.84,-12.63,31,1
P001,HRTF_A,1,9.194,9.84,-12.83,31,1
P001,HRTF_A,1,9.208,9.65,-13.06,31,1
P001,HRTF_A,1,9.222,9.59,-13.43,31,1
P001,HRTF_A,1,9.236,9.57,-13.63,31,1
P001,HRTF_A,1,9.250,9.58,-13.77,31,1
P001,HRTF_A,1,9.264,9.61,-13.92,31,1
P001,HRTF_A,1,9.278,9.62,-14.15,31,1
P001,HRTF_A,1,9.292,9.41,-14.45,31,1
P001,HRTF_A,1,9.306,9.27,-14.41,31,1
P001,HRTF_A,1,9.320,9.07,-14.06,31,1
P001,HRTF_A,1,9.333,9.18,-13.88,31,1
P001,HRTF_A,1,9.347,9.23,-13.61,31,1
P001,HRTF_A,1,9.361,9.25,-13.48,31,1
P001,HRTF_A,1,9.375,9.26,-13.40,31,1
P001,HRTF_A,1,9.389,9.31,-13.70,31,1
P001,HRTF_A,1,9.403,9.44,-14.14,31,1
P001,HRTF_A,1,9.417,9.38,-14.21,31,1
P001,HRTF_A,1,9.431,9.32,-14.42,31,1
P001,HRTF_A,1,9.444,9.26,-14.52,31,1
P001,HRTF_A,1,9.458,9.13,-14.72,31,1
P001,HRTF_A,1,9.472,8.88,-14.89,31,1
P001,HRTF_A,1,9.486,8.57,-15.10,31,1
P001,HRTF_A,1,9.500,8.33,-15.34,31,1
P001,HRTF_A,1,9.514,8.02,-15.48,31,1
P001,HRTF_A,1,9.528,7.62,-15.64,31,1
P001,HRTF_A,1,9.542,7.19,-15.72,31,1
P001,HRTF_A,1,9.555,6.73,-15.79,31,1
P001,HRTF_A,1,9.570,6.25,-15.82,31,1
P001,HRTF_A,1,9.583,5.79,-15.90,31,1
P001,HRTF_A,1,9.597,5.31,-15.95,31,1
P001,HRTF_A,1,9.611,4.80,-15.98,31,1
P001,HRTF_A,1,9.625,4.26,-16.01,31,1
P001,HRTF_A,1,9.639,3.73,-16.00,31,1
P001,HRTF_A,1,9.653,3.21,-16.06,31,1
P001,HRTF_A,1,9.667,2.60,-16.18,31,1
P001,HRTF_A,1,9.681,2.00,-16.37,31,1
P001,HRTF_A,1,9.695,1.41,-16.66,31,1
P001,HRTF_A,1,9.708,0.79,-16.88,31,1
P001,HRTF_A,1,9.722,0.20,-17.08,31,1
P001,HRTF_A,1,9.736,-0.32,-17.26,31,1
P001,HRTF_A,1,9.750,-0.91,-17.44,31,1
P001,HRTF_A,1,9.764,-1.49,-17.60,31,1
P001,HRTF_A,1,9.778,-2.13,-17.66,31,1
P001,HRTF_A,1,9.792,-2.75,-17.76,31,1
P001,HRTF_A,1,9.806,-3.29,-17.87,31,1
P001,HRTF_A,1,9.819,-3.81,-17.99,31,1
P001,HRTF_A,1,9.833,-4.40,-18.08,31,1
P001,HRTF_A,1,9.847,-4.96,-18.18,31,1
P001,HRTF_A,1,9.861,-5.56,-18.24,31,1
P001,HRTF_A,1,9.875,-6.17,-18.30,31,1
P001,HRTF_A,1,9.889,-6.80,-18.40,31,1
P001,HRTF_A,1,9.903,-7.43,-18.51,31,1
P001,HRTF_A,1,9.916,-8.18,-18.63,31,1
P001,HRTF_A,1,9.930,-8.93,-18.71,31,1
P001,HRTF_A,1,9.944,-9.74,-18.77,31,1
P001,HRTF_A,1,9.958,-10.57,-18.80,31,1
P001,HRTF_A,1,9.972,-11.40,-18.83,31,1
P001,HRTF_A,1,9.986,-12.17,-18.85,31,1
P001,HRTF_A,1,10.000,-12.95,-18.90,31,1
P001,HRTF_A,1,10.014,-13.73,-18.95,31,1
P001,HRTF_A,1,10.028,-14.49,-19.01,31,1
P001,HRTF_A,1,10.042,-15.25,-19.05,31,1
P001,HRTF_A,1,10.055,-15.99,-19.11,31,1
P001,HRTF_A,1,10.069,-16.69,-19.18,31,1
P001,HRTF_A,1,10.083,-17.35,-19.24,31,1
P001,HRTF_A,1,10.097,-17.96,-19.29,31,1
P001,HRTF_A,1,10.111,-18.57,-19.36,31,1
P001,HRTF_A,1,10.125,-19.15,-19.36,31,1
P001,HRTF_A,1,10.139,-19.73,-19.31,31,1
P001,HRTF_A,1,10.153,-20.26,-19.26,31,1
P001,HRTF_A,1,10.166,-20.79,-19.27,31,1
P001,HRTF_A,1,10.180,-21.31,-19.30,31,1
P001,HRTF_A,1,10.194,-21.83,-19.34,31,1
P001,HRTF_A,1,10.208,-22.32,-19.42,31,1
P001,HRTF_A,1,10.222,-22.82,-19.49,31,1
P001,HRTF_A,1,10.236,-23.34,-19.53,31,1
P001,HRTF_A,1,10.250,-23.79,-19.66,31,1
P001,HRTF_A,1,10.264,-24.20,-19.84,31,1
P001,HRTF_A,1,10.278,-24.59,-20.14,31,1
P001,HRTF_A,1,10.292,-25.00,-20.41,31,1
P001,HRTF_A,1,10.305,-25.41,-20.63,31,1
P001,HRTF_A,1,10.319,-25.86,-20.77,31,1
P001,HRTF_A,1,10.333,-26.34,-20.84,31,1
P001,HRTF_A,1,10.347,-26.82,-21.04,31,1
P001,HRTF_A,1,10.361,-27.34,-21.25,31,1
P001,HRTF_A,1,10.375,-27.92,-21.53,31,1
P001,HRTF_A,1,10.389,-28.51,-21.84,31,1
P001,HRTF_A,1,10.403,-29.21,-22.22,31,1
P001,HRTF_A,1,10.417,-29.95,-22.60,31,1
P001,HRTF_A,1,10.431,-30.72,-23.09,31,1
P001,HRTF_A,1,10.445,-31.56,-23.58,31,1
P001,HRTF_A,1,10.458,-32.41,-24.03,31,1
P001,HRTF_A,1,10.472,-33.33,-24.46,31,1
P001,HRTF_A,1,10.486,-34.30,-24.80,31,1
P001,HRTF_A,1,10.500,-35.27,-25.20,31,1
P001,HRTF_A,1,10.514,-36.17,-25.67,31,1
P001,HRTF_A,1,10.528,-37.11,-26.23,31,1
P001,HRTF_A,1,10.542,-37.95,-26.82,31,1
P001,HRTF_A,1,10.556,-38.83,-27.36,31,1
P001,HRTF_A,1,10.569,-39.72,-27.91,31,1
P001,HRTF_A,1,10.583,-40.50,-28.35,31,1
P001,HRTF_A,1,10.597,-41.15,-28.76,31,1
P001,HRTF_A,1,10.611,-41.87,-29.12,31,1
P001,HRTF_A,1,10.625,-42.47,-29.52,31,1
P001,HRTF_A,1,10.639,-43.05,-29.84,31,1
P001,HRTF_A,1,10.653,-43.61,-30.16,31,1
P001,HRTF_A,1,10.667,-44.17,-30.46,31,1
P001,HRTF_A,1,10.680,-44.62,-30.70,31,1
P001,HRTF_A,1,10.694,-45.02,-30.91,31,1
P001,HRTF_A,1,10.708,-45.40,-31.16,31,1
P001,HRTF_A,1,10.722,-45.74,-31.48,31,1
P001,HRTF_A,1,10.736,-46.02,-31.78,31,1
P001,HRTF_A,1,10.750,-46.36,-32.12,31,1
P001,HRTF_A,1,10.764,-46.55,-32.41,31,1
P001,HRTF_A,1,10.777,-46.66,-32.69,31,1
P001,HRTF_A,1,10.791,-46.74,-32.95,31,1
P001,HRTF_A,1,10.805,-46.85,-33.26,31,1
P001,HRTF_A,1,10.819,-47.03,-33.61,31,1
P001,HRTF_A,1,10.833,-47.18,-33.76,31,1
P001,HRTF_A,1,10.847,-47.19,-33.87,31,1
P001,HRTF_A,1,10.861,-47.43,-33.92,31,1
P001,HRTF_A,1,10.875,-47.63,-34.03,31,1
P001,HRTF_A,1,10.889,-47.90,-34.01,31,1
P001,HRTF_A,1,10.903,-48.27,-34.04,31,1
P001,HRTF_A,1,10.917,-48.70,-34.09,31,1
P001,HRTF_A,1,10.930,-49.10,-34.12,31,1
P001,HRTF_A,1,10.944,-49.67,-34.12,31,1
P001,HRTF_A,1,10.958,-50.29,-34.09,31,1
P001,HRTF_A,1,10.972,-50.90,-34.05,31,1
P001,HRTF_A,1,10.986,-51.68,-34.06,31,1
P001,HRTF_A,1,11.000,-52.52,-34.07,31,1
P001,HRTF_A,1,11.014,-53.42,-34.13,31,1
P001,HRTF_A,1,11.028,-54.32,-34.19,31,1
P001,HRTF_A,1,11.041,-55.30,-34.37,31,1
P001,HRTF_A,1,11.056,-56.27,-34.66,31,1
P001,HRTF_A,1,11.069,-57.25,-35.05,31,1
P001,HRTF_A,1,11.083,-58.24,-35.58,31,1
P001,HRTF_A,1,11.097,-59.19,-36.17,31,1
P001,HRTF_A,1,11.111,-60.12,-36.73,31,1
P001,HRTF_A,1,11.125,-60.97,-37.27,31,1
P001,HRTF_A,1,11.139,-61.78,-37.76,31,1
P001,HRTF_A,1,11.152,-62.60,-38.27,31,1
P001,HRTF_A,1,11.166,-63.28,-38.83,31,1
P001,HRTF_A,1,11.180,-64.06,-39.39,31,1
P001,HRTF_A,1,11.194,-64.71,-39.94,31,1
P001,HRTF_A,1,11.208,-65.50,-40.52,31,1
P001,HRTF_A,1,11.222,-66.23,-41.04,31,1
P001,HRTF_A,1,11.236,-66.89,-41.69,31,1
P001,HRTF_A,1,11.250,-67.84,-42.37,31,1
P001,HRTF_A,1,11.263,-68.40,-43.24,31,1
P001,HRTF_A,1,11.277,-69.25,-43.98,31,1
P001,HRTF_A,1,11.291,-69.97,-44.84,31,1
P001,HRTF_A,1,11.305,-70.72,-45.74,31,1
P001,HRTF_A,1,11.319,-71.44,-46.63,31,1
P001,HRTF_A,1,11.333,-72.20,-47.57,31,1
P001,HRTF_A,1,11.347,-73.03,-48.47,31,1
P001,HRTF_A,1,11.361,-73.89,-49.30,31,1
P001,HRTF_A,1,11.375,-74.78,-50.06,31,1
P001,HRTF_A,1,11.389,-75.77,-50.80,31,1
P001,HRTF_A,1,11.402,-76.62,-51.49,31,1
P001,HRTF_A,1,11.416,-77.60,-52.17,31,1
P001,HRTF_A,1,11.430,-78.59,-52.88,31,1
P001,HRTF_A,1,11.444,-79.49,-53.64,31,1
P001,HRTF_A,1,11.458,-80.40,-54.50,31,1
P001,HRTF_A,1,11.472,-81.23,-55.29,31,1
P001,HRTF_A,1,11.486,-81.98,-56.14,31,1
P001,HRTF_A,1,11.500,-82.72,-56.88,31,1
P001,HRTF_A,1,11.514,-83.11,-57.62,31,1
P001,HRTF_A,1,11.527,-83.69,-58.26,31,1
P001,HRTF_A,1,11.541,-84.13,-58.96,31,1
P001,HRTF_A,1,11.555,-84.32,-59.60,31,1
P001,HRTF_A,1,11.569,-84.59,-60.32,31,1
P001,HRTF_A,1,11.583,-84.75,-61.01,31,1
P001,HRTF_A,1,11.597,-85.06,-61.59,31,1
P001,HRTF_A,1,11.611,-85.26,-62.13,31,1
P001,HRTF_A,1,11.625,-85.27,-62.61,31,1
P001,HRTF_A,1,11.639,-85.60,-63.14,31,1
P001,HRTF_A,1,11.652,-85.96,-63.68,31,1
P001,HRTF_A,1,11.666,-86.25,-64.25,31,1
P001,HRTF_A,1,11.680,-86.38,-64.77,31,1
P001,HRTF_A,1,11.694,-86.72,-65.24,31,1
P001,HRTF_A,1,11.708,-87.09,-65.60,31,1
P001,HRTF_A,1,11.722,-87.05,-65.95,31,1
P001,HRTF_A,1,11.736,-87.46,-66.16,31,1
P001,HRTF_A,1,11.750,-87.07,-66.38,31,1
P001,HRTF_A,1,11.764,-87.11,-66.54,31,1
P001,HRTF_A,1,11.777,-87.13,-66.74,31,1
P001,HRTF_A,1,11.791,-87.02,-66.90,31,1
P001,HRTF_A,1,11.805,-86.86,-67.09,31,1
P001,HRTF_A,1,11.819,-86.57,-67.26,31,1
P001,HRTF_A,1,11.833,-86.28,-67.38,31,1
P001,HRTF_A,1,11.847,-86.11,-67.48,31,1
P001,HRTF_A,1,11.861,-85.94,-67.51,31,1
P001,HRTF_A,1,11.875,-85.76,-67.54,31,1
P001,HRTF_A,1,11.889,-85.57,-67.61,31,1
P001,HRTF_A,1,11.903,-85.30,-67.58,31,1
P001,HRTF_A,1,11.917,-85.06,-67.52,31,1
P001,HRTF_A,1,11.930,-84.94,-67.40,31,1
P001,HRTF_A,1,11.944,-84.77,-67.22,31,1
P001,HRTF_A,1,11.958,-84.50,-66.90,31,1
P001,HRTF_A,1,11.972,-84.17,-66.62,31,1
P001,HRTF_A,1,11.986,-83.79,-66.32,31,1
P001,HRTF_A,1,12.000,-83.13,-65.92,31,1
P001,HRTF_A,1,12.014,-82.50,-65.36,31,1
P001,HRTF_A,1,12.028,-81.91,-64.86,31,1
P001,HRTF_A,1,12.042,-81.37,-64.31,31,1
P001,HRTF_A,1,12.056,-80.80,-63.82,31,1
P001,HRTF_A,1,12.069,-80.16,-63.35,31,1
P001,HRTF_A,1,12.083,-79.64,-62.96,31,1
P001,HRTF_A,1,12.097,-79.07,-62.58,31,1
P001,HRTF_A,1,12.111,-78.65,-62.20,31,1
P001,HRTF_A,1,12.125,-78.11,-61.85,31,1
P001,HRTF_A,1,12.138,-77.65,-61.51,31,1
P001,HRTF_A,1,12.152,-77.22,-61.20,31,1
P001,HRTF_A,1,12.167,-76.74,-60.83,31,1
P001,HRTF_A,1,12.180,-76.32,-60.48,31,1
P001,HRTF_A,1,12.194,-75.84,-60.10,31,1
P001,HRTF_A,1,12.208,-75.38,-59.69,31,1
P001,HRTF_A,1,12.222,-74.95,-59.22,31,1
P001,HRTF_A,1,12.236,-74.46,-58.73,31,1
P001,HRTF_A,1,12.250,-73.94,-58.20,31,1
P001,HRTF_A,1,12.263,-73.44,-57.64,31,1
P001,HRTF_A,1,12.277,-72.90,-57.11,31,1
P001,HRTF_A,1,12.291,-72.33,-56.49,31,1
P001,HRTF_A,1,12.305,-71.72,-55.85,31,1
P001,HRTF_A,1,12.319,-71.08,-55.15,31,1
P001,HRTF_A,1,12.333,-70.46,-54.42,31,1
P001,HRTF_A,1,12.347,-69.75,-53.61,31,1
P001,HRTF_A,1,12.361,-69.11,-52.65,31,1
P001,HRTF_A,1,12.374,-68.36,-51.67,31,1
P001,HRTF_A,1,12.388,-67.50,-50.61,31,1
P001,HRTF_A,1,12.402,-66.56,-49.38,31,1
P001,HRTF_A,1,12.416,-65.62,-48.16,31,1
P001,HRTF_A,1,12.430,-64.61,-46.85,31,1
P001,HRTF_A,1,12.444,-63.58,-45.45,31,1
P001,HRTF_A,1,12.458,-62.35,-43.83,31,1
P001,HRTF_A,1,12.472,-61.05,-41.99,31,1
P001,HRTF_A,1,12.485,-59.81,-40.17,31,1
P001,HRTF_A,1,12.499,-58.57,-38.29,31,1
P001,HRTF_A,1,12.513,-57.22,-36.28,31,1
P001,HRTF_A,1,12.527,-55.90,-34.13,31,1
P001,HRTF_A,1,12.541,-54.53,-31.91,31,1
P001,HRTF_A,1,12.555,-53.23,-29.63,31,1
P001,HRTF_A,1,12.569,-51.87,-27.36,31,1
P001,HRTF_A,1,12.583,-51.03,-25.11,31,1
P001,HRTF_A,1,12.597,-50.03,-23.00,31,1
P001,HRTF_A,1,12.610,-49.15,-20.81,31,1
P001,HRTF_A,1,12.624,-48.27,-18.65,31,1
P001,HRTF_A,1,12.638,-47.55,-16.59,31,1
P001,HRTF_A,1,12.652,-46.90,-14.64,31,1
P001,HRTF_A,1,12.666,-46.24,-12.74,31,1
P001,HRTF_A,1,12.680,-45.70,-11.04,31,1
P001,HRTF_A,1,12.694,-45.21,-9.37,31,1
P001,HRTF_A,1,12.708,-44.81,-7.88,31,1
P001,HRTF_A,1,12.721,-44.40,-6.54,31,1
P001,HRTF_A,1,12.735,-43.99,-5.33,31,1
P001,HRTF_A,1,12.750,-43.72,-4.58,31,1
P001,HRTF_A,1,12.763,-43.51,-4.20,31,1
P001,HRTF_A,1,12.777,-43.34,-3.96,31,1
P001,HRTF_A,1,12.791,-43.29,-3.63,31,1
P001,HRTF_A,1,12.805,-43.20,-3.26,31,1
P001,HRTF_A,1,12.819,-43.30,-3.01,31,1
P001,HRTF_A,1,12.833,-43.37,-2.71,31,1
P001,HRTF_A,1,12.846,-43.43,-2.48,31,1
P001,HRTF_A,1,12.860,-43.52,-2.21,31,1
P001,HRTF_A,1,12.874,-43.59,-2.01,31,1
P001,HRTF_A,1,12.888,-43.63,-1.79,31,1
P001,HRTF_A,1,12.902,-43.67,-1.56,31,1
P001,HRTF_A,1,12.916,-43.70,-1.32,31,1
P001,HRTF_A,1,12.930,-43.71,-1.14,31,1
P001,HRTF_A,1,12.944,-43.68,-1.06,31,1
P001,HRTF_A,1,12.958,-43.62,-1.04,31,1
P001,HRTF_A,1,12.972,-43.52,-1.07,31,1
P001,HRTF_A,1,12.985,-43.42,-1.08,31,1
P001,HRTF_A,1,12.999,-43.31,-1.08,31,1
P001,HRTF_A,1,13.013,-43.20,-1.09,31,1
P001,HRTF_A,1,13.027,-43.10,-1.14,31,1
P001,HRTF_A,1,13.041,-43.03,-1.23,31,1
P001,HRTF_A,1,13.055,-42.92,-1.36,31,1
P001,HRTF_A,1,13.069,-42.82,-1.48,31,1
P001,HRTF_A,1,13.083,-42.72,-1.56,31,1
P001,HRTF_A,1,13.096,-42.64,-1.69,31,1
P001,HRTF_A,1,13.111,-42.59,-1.82,31,1
P001,HRTF_A,1,13.124,-42.53,-2.03,31,1
P001,HRTF_A,1,13.138,-42.45,-2.26,31,1
P001,HRTF_A,1,13.152,-42.38,-2.47,31,1
P001,HRTF_A,1,13.166,-42.31,-2.64,31,1
P001,HRTF_A,1,13.180,-42.29,-2.82,31,1
P001,HRTF_A,1,13.194,-42.27,-3.02,31,1
P001,HRTF_A,1,13.208,-42.31,-3.35,31,1
P001,HRTF_A,1,13.221,-42.32,-3.78,31,1
P001,HRTF_A,1,13.235,-42.36,-4.22,31,1
P001,HRTF_A,1,13.249,-42.38,-4.72,31,1
P001,HRTF_A,1,13.263,-42.42,-5.32,31,1
P001,HRTF_A,1,13.277,-42.47,-6.00,31,1
P001,HRTF_A,1,13.291,-42.55,-6.66,31,1
P001,HRTF_A,1,13.305,-42.74,-7.51,31,1
P001,HRTF_A,1,13.319,-42.86,-8.29,31,1
P001,HRTF_A,1,13.333,-43.02,-9.03,31,1
P001,HRTF_A,1,13.347,-43.19,-9.85,31,1
P001,HRTF_A,1,13.360,-43.41,-10.89,31,1
P001,HRTF_A,1,13.374,-43.63,-11.97,31,1
P001,HRTF_A,1,13.388,-43.83,-13.06,31,1
P001,HRTF_A,1,13.402,-44.02,-14.22,31,1
P001,HRTF_A,1,13.416,-44.26,-15.36,31,1
P001,HRTF_A,1,13.430,-44.54,-16.57,31,1
P001,HRTF_A,1,13.444,-44.81,-17.78,31,1
P001,HRTF_A,1,13.458,-45.06,-18.96,31,1
P001,HRTF_A,1,13.472,-45.36,-20.11,31,1
P001,HRTF_A,1,13.485,-45.63,-21.13,31,1
P001,HRTF_A,1,13.499,-45.96,-22.10,31,1
P001,HRTF_A,1,13.513,-46.32,-22.98,31,1
P001,HRTF_A,1,13.527,-46.66,-23.84,31,1
P001,HRTF_A,1,13.541,-47.03,-24.54,31,1
P001,HRTF_A,1,13.555,-47.41,-25.21,31,1
P001,HRTF_A,1,13.569,-47.83,-25.72,31,1
P001,HRTF_A,2,0.014,-15.99,-0.30,12,1
P001,HRTF_A,2,0.031,-16.00,-0.29,12,1
P001,HRTF_A,2,0.042,-16.01,-0.26,12,1
P001,HRTF_A,2,0.056,-16.02,-0.24,12,1
P001,HRTF_A,2,0.070,-16.05,-0.22,12,1
P001,HRTF_A,2,0.084,-16.08,-0.21,12,1
P001,HRTF_A,2,0.097,-16.10,-0.21,12,1
P001,HRTF_A,2,0.111,-16.12,-0.23,12,1
P001,HRTF_A,2,0.125,-16.15,-0.25,12,1
P001,HRTF_A,2,0.142,-16.18,-0.28,12,1
P001,HRTF_A,2,0.153,-16.19,-0.31,12,1
P001,HRTF_A,2,0.167,-16.21,-0.31,12,1
P001,HRTF_A,2,0.180,-16.22,-0.33,12,1
P001,HRTF_A,2,0.194,-16.23,-0.36,12,1
P001,HRTF_A,2,0.209,-16.25,-0.38,12,1
P001,HRTF_A,2,0.222,-16.27,-0.43,12,1
P001,HRTF_A,2,0.236,-16.29,-0.47,12,1
P001,HRTF_A,2,0.250,-16.31,-0.51,12,1
P001,HRTF_A,2,0.264,-16.35,-0.54,12,1
P001,HRTF_A,2,0.278,-16.40,-0.57,12,1
P001,HRTF_A,2,0.292,-16.44,-0.60,12,1
P001,HRTF_A,2,0.306,-16.49,-0.61,12,1
P001,HRTF_A,2,0.320,-16.54,-0.63,12,1
P001,HRTF_A,2,0.333,-16.58,-0.65,12,1
P001,HRTF_A,2,0.347,-16.63,-0.66,12,1
P001,HRTF_A,2,0.361,-16.65,-0.67,12,1
P001,HRTF_A,2,0.375,-16.70,-0.69,12,1
P001,HRTF_A,2,0.389,-16.75,-0.70,12,1
P001,HRTF_A,2,0.403,-16.79,-0.71,12,1
P001,HRTF_A,2,0.417,-16.84,-0.75,12,1
P001,HRTF_A,2,0.431,-16.87,-0.84,12,1
P001,HRTF_A,2,0.445,-16.91,-0.95,12,1
P001,HRTF_A,2,0.458,-16.97,-1.10,12,1
P001,HRTF_A,2,0.473,-17.04,-1.20,12,1
P001,HRTF_A,2,0.486,-17.12,-1.34,12,1
P001,HRTF_A,2,0.500,-17.20,-1.52,12,1
P001,HRTF_A,2,0.514,-17.28,-1.81,12,1
P001,HRTF_A,2,0.528,-17.40,-2.17,12,1
P001,HRTF_A,2,0.542,-17.53,-2.54,12,1
P001,HRTF_A,2,0.556,-17.65,-2.91,12,1
P001,HRTF_A,2,0.570,-17.76,-3.28,12,1
P001,HRTF_A,2,0.583,-17.91,-3.69,12,1
P001,HRTF_A,2,0.597,-18.04,-4.10,12,1
P001,HRTF_A,2,0.611,-18.16,-4.52,12,1
P001,HRTF_A,2,0.625,-18.30,-4.97,12,1
P001,HRTF_A,2,0.639,-18.40,-5.40,12,1
P001,HRTF_A,2,0.653,-18.55,-5.77,12,1
P001,HRTF_A,2,0.667,-18.66,-6.17,12,1
P001,HRTF_A,2,0.681,-18.77,-6.53,12,1
P001,HRTF_A,2,0.695,-18.85,-6.87,12,1
P001,HRTF_A,2,0.708,-18.95,-7.18,12,1
P001,HRTF_A,2,0.722,-18.98,-7.43,12,1
P001,HRTF_A,2,0.736,-19.02,-7.65,12,1
P001,HRTF_A,2,0.750,-19.07,-7.85,12,1
P001,HRTF_A,2,0.764,-19.09,-7.94,12,1
P001,HRTF_A,2,0.778,-19.10,-8.04,12,1
P001,HRTF_A,2,0.792,-19.12,-8.11,12,1
P001,HRTF_A,2,0.806,-19.12,-8.17,12,1
P001,HRTF_A,2,0.820,-19.13,-8.25,12,1
P001,HRTF_A,2,0.833,-19.12,-8.27,12,1
P001,HRTF_A,2,0.848,-19.12,-8.30,12,1
P001,HRTF_A,2,0.861,-19.10,-8.29,12,1
P001,HRTF_A,2,0.875,-19.09,-8.26,12,1
P001,HRTF_A,2,0.889,-19.07,-8.22,12,1
P001,HRTF_A,2,0.903,-19.04,-8.18,12,1
P001,HRTF_A,2,0.917,-19.03,-8.15,12,1
P001,HRTF_A,2,0.931,-18.99,-8.12,12,1
P001,HRTF_A,2,0.945,-18.97,-8.10,12,1
P001,HRTF_A,2,0.958,-18.95,-8.07,12,1
P001,HRTF_A,2,0.972,-18.94,-8.02,12,1
P001,HRTF_A,2,0.986,-18.92,-7.99,12,1
P001,HRTF_A,2,1.000,-18.90,-7.95,12,1
P001,HRTF_A,2,1.014,-18.89,-7.93,12,1
P001,HRTF_A,2,1.028,-18.88,-7.94,12,1
P001,HRTF_A,2,1.042,-18.85,-7.95,12,1
P001,HRTF_A,2,1.056,-18.85,-7.96,12,1
P001,HRTF_A,2,1.070,-18.83,-7.94,12,1
P001,HRTF_A,2,1.084,-18.83,-7.90,12,1
P001,HRTF_A,2,1.098,-18.85,-7.87,12,1
P001,HRTF_A,2,1.111,-18.84,-7.83,12,1
P001,HRTF_A,2,1.125,-18.84,-7.79,12,1
P001,HRTF_A,2,1.139,-18.84,-7.76,12,1
P001,HRTF_A,2,1.153,-18.84,-7.75,12,1
P001,HRTF_A,2,1.167,-18.85,-7.71,12,1
P001,HRTF_A,2,1.181,-18.86,-7.68,12,1
P001,HRTF_A,2,1.195,-18.88,-7.64,12,1
P001,HRTF_A,2,1.209,-18.90,-7.61,12,1
P001,HRTF_A,2,1.223,-18.92,-7.57,12,1
P001,HRTF_A,2,1.236,-18.93,-7.54,12,1
P001,HRTF_A,2,1.250,-18.95,-7.52,12,1
P001,HRTF_A,2,1.264,-18.96,-7.52,12,1
P001,HRTF_A,2,1.278,-18.96,-7.52,12,1
P001,HRTF_A,2,1.292,-18.97,-7.50,12,1
P001,HRTF_A,2,1.306,-19.01,-7.46,12,1
P001,HRTF_A,2,1.320,-19.02,-7.43,12,1
P001,HRTF_A,2,1.334,-19.05,-7.40,12,1
P001,HRTF_A,2,1.348,-19.06,-7.37,12,1
P001,HRTF_A,2,1.361,-19.08,-7.35,12,1
P001,HRTF_A,2,1.375,-19.09,-7.35,12,1
P001,HRTF_A,2,1.389,-19.11,-7.35,12,1
P001,HRTF_A,2,1.403,-19.13,-7.34,12,1
P001,HRTF_A,2,1.417,-19.14,-7.34,12,1
P001,HRTF_A,2,1.431,-19.15,-7.33,12,1
P001,HRTF_A,2,1.445,-19.18,-7.31,12,1
P001,HRTF_A,2,1.459,-19.19,-7.30,12,1
P001,HRTF_A,2,1.473,-19.19,-7.30,12,1
P001,HRTF_A,2,1.487,-19.19,-7.31,12,1
P001,HRTF_A,2,1.500,-19.18,-7.29,12,1
P001,HRTF_A,2,1.514,-19.17,-7.28,12,1
P001,HRTF_A,2,1.528,-19.17,-7.26,12,1
P001,HRTF_A,2,1.542,-19.15,-7.26,12,1
P001,HRTF_A,2,1.556,-19.13,-7.24,12,1
P001,HRTF_A,2,1.570,-19.07,-7.22,12,1
P001,HRTF_A,2,1.584,-19.02,-7.20,12,1
P001,HRTF_A,2,1.598,-18.90,-7.17,12,1
P001,HRTF_A,2,1.612,-18.80,-7.13,12,1
P001,HRTF_A,2,1.625,-18.72,-7.07,12,1
P001,HRTF_A,2,1.639,-18.63,-7.01,12,1
P001,HRTF_A,2,1.653,-18.50,-6.96,12,1
P001,HRTF_A,2,1.667,-18.35,-6.98,12,1
P001,HRTF_A,2,1.681,-18.19,-6.95,12,1
P001,HRTF_A,2,1.695,-18.05,-6.86,12,1
P001,HRTF_A,2,1.709,-17.94,-6.75,12,1
P001,HRTF_A,2,1.723,-17.84,-6.65,12,1
P001,HRTF_A,2,1.737,-17.74,-6.56,12,1
P001,HRTF_A,2,1.750,-17.64,-6.48,12,1
P001,HRTF_A,2,1.764,-17.52,-6.39,12,1
P001,HRTF_A,2,1.778,-17.40,-6.28,12,1
P001,HRTF_A,2,1.792,-17.24,-6.09,12,1
P001,HRTF_A,2,1.806,-17.08,-5.84,12,1
P001,HRTF_A,2,1.820,-16.86,-5.60,12,1
P001,HRTF_A,2,1.834,-16.53,-5.40,12,1
P001,HRTF_A,2,1.847,-16.12,-5.27,12,1
P001,HRTF_A,2,1.861,-15.64,-5.17,12,1
P001,HRTF_A,2,1.875,-15.15,-5.05,12,1
P001,HRTF_A,2,1.889,-14.53,-4.86,12,1
P001,HRTF_A,2,1.903,-13.93,-4.68,12,1
P001,HRTF_A,2,1.917,-13.26,-4.50,12,1
P001,HRTF_A,2,1.931,-12.51,-4.36,12,1
P001,HRTF_A,2,1.945,-11.77,-4.30,12,1
P001,HRTF_A,2,1.959,-10.95,-4.27,12,1
P001,HRTF_A,2,1.973,-10.12,-4.26,12,1
P001,HRTF_A,2,1.986,-9.22,-4.25,12,1
P001,HRTF_A,2,2.000,-8.32,-4.26,12,1
P001,HRTF_A,2,2.014,-7.41,-4.26,12,1
P001,HRTF_A,2,2.028,-6.45,-4.29,12,1
P001,HRTF_A,2,2.042,-5.38,-4.32,12,1
P001,HRTF_A,2,2.056,-4.38,-4.39,12,1
P001,HRTF_A,2,2.070,-3.30,-4.45,12,1
P001,HRTF_A,2,2.084,-2.20,-4.52,12,1
P001,HRTF_A,2,2.097,-1.06,-4.60,12,1
P001,HRTF_A,2,2.111,0.11,-4.68,12,1
P001,HRTF_A,2,2.125,1.29,-4.77,12,1
P001,HRTF_A,2,2.139,2.52,-4.89,12,1
P001,HRTF_A,2,2.153,3.81,-5.05,12,1
P001,HRTF_A,2,2.167,5.11,-5.20,12,1
P001,HRTF_A,2,2.181,6.46,-5.39,12,1
P001,HRTF_A,2,2.195,7.84,-5.58,12,1
P001,HRTF_A,2,2.209,9.16,-5.71,12,1
P001,HRTF_A,2,2.223,10.51,-5.87,12,1
P001,HRTF_A,2,2.236,11.86,-5.99,12,1
P001,HRTF_A,2,2.250,13.19,-6.09,12,1
P001,HRTF_A,2,2.264,14.57,-6.16,12,1
P001,HRTF_A,2,2.278,15.96,-6.16,12,1
P001,HRTF_A,2,2.292,17.33,-6.15,12,1
P001,HRTF_A,2,2.306,18.72,-6.19,12,1
P001,HRTF_A,2,2.320,20.16,-6.19,12,1
P001,HRTF_A,2,2.334,21.58,-6.18,12,1
P001,HRTF_A,2,2.347,23.03,-6.11,12,1
P001,HRTF_A,2,2.361,24.45,-6.03,12,1
P001,HRTF_A,2,2.375,25.98,-5.90,12,1
P001,HRTF_A,2,2.389,27.47,-5.73,12,1
P001,HRTF_A,2,2.403,28.97,-5.50,12,1
P001,HRTF_A,2,2.417,30.50,-5.28,12,1
P001,HRTF_A,2,2.431,32.10,-5.05,12,1
P001,HRTF_A,2,2.445,33.66,-4.85,12,1
P001,HRTF_A,2,2.459,35.20,-4.68,12,1
P001,HRTF_A,2,2.472,36.74,-4.46,12,1
P001,HRTF_A,2,2.486,38.26,-4.25,12,1
P001,HRTF_A,2,2.500,39.81,-4.00,12,1
P001,HRTF_A,2,2.514,41.38,-3.78,12,1
P001,HRTF_A,2,2.528,42.95,-3.56,12,1
P001,HRTF_A,2,2.542,44.49,-3.33,12,1
P001,HRTF_A,2,2.556,46.12,-3.13,12,1
P001,HRTF_A,2,2.570,47.74,-2.91,12,1
P001,HRTF_A,2,2.583,49.38,-2.76,12,1
P001,HRTF_A,2,2.597,50.97,-2.53,12,1
P001,HRTF_A,2,2.611,52.50,-2.35,12,1
P001,HRTF_A,2,2.625,54.07,-2.22,12,1
P001,HRTF_A,2,2.639,55.62,-2.12,12,1
P001,HRTF_A,2,2.653,57.20,-2.02,12,1
P001,HRTF_A,2,2.667,58.79,-1.99,12,1
P001,HRTF_A,2,2.681,60.26,-1.97,12,1
P001,HRTF_A,2,2.695,61.85,-1.86,12,1
P001,HRTF_A,2,2.708,63.40,-1.72,12,1
P001,HRTF_A,2,2.722,64.95,-1.62,12,1
P001,HRTF_A,2,2.736,66.47,-1.54,12,1
P001,HRTF_A,2,2.750,68.03,-1.47,12,1
P001,HRTF_A,2,2.764,69.58,-1.36,12,1
P001,HRTF_A,2,2.778,71.10,-1.16,12,1
P001,HRTF_A,2,2.792,72.66,-1.00,12,1
P001,HRTF_A,2,2.806,74.10,-0.86,12,1
P001,HRTF_A,2,2.820,75.57,-0.71,12,1
P001,HRTF_A,2,2.833,76.99,-0.49,12,1
P001,HRTF_A,2,2.847,78.40,-0.32,12,1
P001,HRTF_A,2,2.861,79.78,-0.15,12,1
P001,HRTF_A,2,2.875,81.08,0.11,12,1
P001,HRTF_A,2,2.889,82.33,0.37,12,1
P001,HRTF_A,2,2.903,83.58,0.60,12,1
P001,HRTF_A,2,2.917,84.84,0.77,12,1
P001,HRTF_A,2,2.931,86.00,1.05,12,1
P001,HRTF_A,2,2.945,87.12,1.27,12,1
P001,HRTF_A,2,2.959,88.23,1.49,12,1
P001,HRTF_A,2,2.972,89.34,1.69,12,1
P001,HRTF_A,2,2.986,90.46,1.91,12,1
P001,HRTF_A,2,3.000,91.53,2.13,12,1
P001,HRTF_A,2,3.014,92.53,2.41,12,1
P001,HRTF_A,2,3.028,93.51,2.73,12,1
P001,HRTF_A,2,3.042,94.50,3.03,12,1
P001,HRTF_A,2,3.056,95.48,3.34,12,1
P001,HRTF_A,2,3.069,96.49,3.63,12,1
P001,HRTF_A,2,3.083,97.47,3.90,12,1
P001,HRTF_A,2,3.097,98.44,4.19,12,1
P001,HRTF_A,2,3.111,99.38,4.48,12,1
P001,HRTF_A,2,3.125,100.32,4.81,12,1
P001,HRTF_A,2,3.139,101.27,5.13,12,1
P001,HRTF_A,2,3.153,102.21,5.47,12,1
P001,HRTF_A,2,3.167,103.09,5.75,12,1
P001,HRTF_A,2,3.181,103.95,6.00,12,1
P001,HRTF_A,2,3.195,104.85,6.22,12,1
P001,HRTF_A,2,3.209,105.76,6.47,12,1
P001,HRTF_A,2,3.222,106.62,6.73,12,1
P001,HRTF_A,2,3.236,107.45,7.01,12,1
P001,HRTF_A,2,3.250,108.16,7.18,12,1
P001,HRTF_A,2,3.264,108.85,7.39,12,1
P001,HRTF_A,2,3.278,109.49,7.57,12,1
P001,HRTF_A,2,3.292,110.10,7.88,12,1
P001,HRTF_A,2,3.306,110.66,8.18,12,1
P001,HRTF_A,2,3.319,111.14,8.53,12,1
P001,HRTF_A,2,3.334,111.64,8.81,12,1
P001,HRTF_A,2,3.347,112.09,9.13,12,1
P001,HRTF_A,2,3.361,112.56,9.38,12,1
P001,HRTF_A,2,3.375,113.06,9.61,12,1
P001,HRTF_A,2,3.389,113.50,9.93,12,1
P001,HRTF_A,2,3.403,113.93,10.19,12,1
P001,HRTF_A,2,3.417,114.41,10.49,12,1
P001,HRTF_A,2,3.431,114.85,10.74,12,1
P001,HRTF_A,2,3.444,115.32,10.93,12,1
P001,HRTF_A,2,3.458,115.75,11.10,12,1
P001,HRTF_A,2,3.472,116.24,11.26,12,1
P001,HRTF_A,2,3.486,116.61,11.40,12,1
P001,HRTF_A,2,3.500,117.10,11.53,12,1
P001,HRTF_A,2,3.514,117.53,11.68,12,1
P001,HRTF_A,2,3.528,117.93,11.79,12,1
P001,HRTF_A,2,3.542,118.35,11.89,12,1
P001,HRTF_A,2,3.556,118.76,11.99,12,1
P001,HRTF_A,2,3.569,119.15,12.11,12,1
P001,HRTF_A,2,3.583,119.46,12.22,12,1
P001,HRTF_A,2,3.597,119.73,12.33,12,1
P001,HRTF_A,2,3.611,120.06,12.44,12,1
P001,HRTF_A,2,3.625,120.27,12.46,12,1
P001,HRTF_A,2,3.639,120.51,12.48,12,1
P001,HRTF_A,2,3.654,120.68,12.46,12,1
P001,HRTF_A,2,3.668,120.85,12.49,12,1
P001,HRTF_A,2,3.682,121.00,12.51,12,1
P001,HRTF_A,2,3.696,121.15,12.52,12,1
P001,HRTF_A,2,3.709,121.26,12.51,12,1
P001,HRTF_A,2,3.723,121.37,12.50,12,1
P001,HRTF_A,2,3.737,121.47,12.48,12,1
P001,HRTF_A,2,3.750,121.57,12.47,12,1
P001,HRTF_A,2,3.764,121.64,12.47,12,1
P001,HRTF_A,2,3.778,121.72,12.47,12,1
P001,HRTF_A,2,3.792,121.77,12.44,12,1
P001,HRTF_A,2,3.806,121.81,12.40,12,1
P001,HRTF_A,2,3.819,121.82,12.32,12,1
P001,HRTF_A,2,3.833,121.86,12.27,12,1
P001,HRTF_A,2,3.847,121.87,12.24,12,1
P001,HRTF_A,2,3.861,121.86,12.24,12,1
P001,HRTF_A,2,3.875,121.87,12.28,12,1
P001,HRTF_A,2,3.889,121.86,12.34,12,1
P001,HRTF_A,2,3.903,121.85,12.42,12,1
P001,HRTF_A,2,3.917,121.85,12.50,12,1
P001,HRTF_A,2,3.930,121.87,12.57,12,1
P001,HRTF_A,2,3.944,121.87,12.60,12,1
P001,HRTF_A,2,3.958,121.91,12.62,12,1
P001,HRTF_A,2,3.972,121.93,12.64,12,1
P001,HRTF_A,2,3.986,121.92,12.68,12,1
P001,HRTF_A,2,4.000,121.90,12.73,12,1
P001,HRTF_A,2,4.014,121.89,12.78,12,1
P001,HRTF_A,2,4.028,121.87,12.82,12,1
P001,HRTF_A,2,4.041,121.87,12.85,12,1
P001,HRTF_A,2,4.055,121.87,12.85,12,1
P001,HRTF_A,2,4.069,121.87,12.84,12,1
P001,HRTF_A,2,4.083,121.85,12.81,12,1
P001,HRTF_A,2,4.097,121.83,12.76,12,1
P001,HRTF_A,2,4.111,121.80,12.69,12,1
P001,HRTF_A,2,4.125,121.75,12.64,12,1
P001,HRTF_A,2,4.139,121.70,12.59,12,1
P001,HRTF_A,2,4.152,121.64,12.52,12,1
P001,HRTF_A,2,4.166,121.57,12.44,12,1
P001,HRTF_A,2,4.180,121.50,12.37,12,1
P001,HRTF_A,2,4.194,121.43,12.30,12,1
P001,HRTF_A,2,4.208,121.33,12.24,12,1
P001,HRTF_A,2,4.222,121.24,12.18,12,1
P001,HRTF_A,2,4.236,121.15,12.13,12,1
P001,HRTF_A,2,4.250,121.06,12.08,12,1
P001,HRTF_A,2,4.263,120.97,12.05,12,1
P001,HRTF_A,2,4.277,120.88,12.03,12,1
P001,HRTF_A,2,4.291,120.82,12.02,12,1
P001,HRTF_A,2,4.307,120.74,12.05,12,1
P001,HRTF_A,2,4.320,120.68,12.07,12,1
P001,HRTF_A,2,4.334,120.63,12.08,12,1
P001,HRTF_A,2,4.348,120.61,12.11,12,1
P001,HRTF_A,2,4.361,120.58,12.15,12,1
P001,HRTF_A,2,4.375,120.56,12.15,12,1
P001,HRTF_A,2,4.389,120.52,12.14,12,1
P001,HRTF_A,2,4.403,120.48,12.10,12,1
P001,HRTF_A,2,4.417,120.44,12.02,12,1
P001,HRTF_A,2,4.430,120.38,11.96,12,1
P001,HRTF_A,2,4.444,120.34,11.92,12,1
P001,HRTF_A,2,4.458,120.27,11.88,12,1
P001,HRTF_A,2,4.472,120.19,11.84,12,1
P001,HRTF_A,2,4.486,120.09,11.80,12,1
P001,HRTF_A,2,4.499,119.96,11.76,12,1
P001,HRTF_A,2,4.513,119.81,11.74,12,1
P001,HRTF_A,2,4.527,119.68,11.69,12,1
P001,HRTF_A,2,4.541,119.49,11.66,12,1
P001,HRTF_A,2,4.555,119.31,11.63,12,1
P001,HRTF_A,2,4.569,119.12,11.62,12,1
P001,HRTF_A,2,4.583,118.92,11.61,12,1
P001,HRTF_A,2,4.597,118.74,11.62,12,1
P001,HRTF_A,2,4.611,118.57,11.61,12,1
P001,HRTF_A,2,4.624,118.41,11.61,12,1
P001,HRTF_A,2,4.639,118.27,11.62,12,1
P001,HRTF_A,2,4.652,118.18,11.64,12,1
P001,HRTF_A,2,4.666,118.07,11.67,12,1
P001,HRTF_A,2,4.680,117.98,11.72,12,1
P001,HRTF_A,2,4.694,117.89,11.77,12,1
P001,HRTF_A,2,4.708,117.81,11.82,12,1
P001,HRTF_A,2,4.722,117.74,11.88,12,1
P001,HRTF_A,2,4.736,117.66,11.95,12,1
P001,HRTF_A,2,4.750,117.60,12.01,12,1
P001,HRTF_A,2,4.763,117.52,12.04,12,1
P001,HRTF_A,2,4.777,117.46,12.07,12,1
P001,HRTF_A,2,4.791,117.37,12.12,12,1
P001,HRTF_A,2,4.806,117.29,12.16,12,1
P001,HRTF_A,2,4.819,117.19,12.20,12,1
P001,HRTF_A,2,4.833,117.13,12.24,12,1
P001,HRTF_A,2,4.847,117.05,12.24,12,1
P001,HRTF_A,2,4.861,116.97,12.25,12,1
P001,HRTF_A,2,4.874,116.90,12.24,12,1
P001,HRTF_A,3,0.014,-11.47,1.05,6,1
P001,HRTF_A,3,0.031,-11.32,0.96,6,1
P001,HRTF_A,3,0.041,-11.18,0.86,6,1
P001,HRTF_A,3,0.055,-11.02,0.75,6,1
P001,HRTF_A,3,0.069,-10.89,0.62,6,1
P001,HRTF_A,3,0.083,-10.76,0.47,6,1
P001,HRTF_A,3,0.097,-10.64,0.32,6,1
P001,HRTF_A,3,0.111,-10.53,0.14,6,1
P001,HRTF_A,3,0.125,-10.43,-0.05,6,1
P001,HRTF_A,3,0.139,-10.34,-0.23,6,1
P001,HRTF_A,3,0.153,-10.24,-0.43,6,1
P001,HRTF_A,3,0.169,-10.15,-0.62,6,1
P001,HRTF_A,3,0.181,-10.05,-0.82,6,1
P001,HRTF_A,3,0.194,-9.98,-1.02,6,1
P001,HRTF_A,3,0.208,-9.88,-1.23,6,1
P001,HRTF_A,3,0.222,-9.81,-1.44,6,1
P001,HRTF_A,3,0.236,-9.72,-1.63,6,1
P001,HRTF_A,3,0.250,-9.65,-1.82,6,1
P001,HRTF_A,3,0.264,-9.59,-2.05,6,1
P001,HRTF_A,3,0.277,-9.54,-2.26,6,1
P001,HRTF_A,3,0.291,-9.49,-2.50,6,1
P001,HRTF_A,3,0.305,-9.43,-2.68,6,1
P001,HRTF_A,3,0.319,-9.35,-2.87,6,1
P001,HRTF_A,3,0.333,-9.23,-3.16,6,1
P001,HRTF_A,3,0.347,-9.11,-3.57,6,1
P001,HRTF_A,3,0.361,-8.94,-4.10,6,1
P001,HRTF_A,3,0.375,-8.66,-4.77,6,1
P001,HRTF_A,3,0.389,-8.26,-5.56,6,1
P001,HRTF_A,3,0.402,-7.75,-6.56,6,1
P001,HRTF_A,3,0.416,-7.08,-7.70,6,1
P001,HRTF_A,3,0.430,-6.25,-9.03,6,1
P001,HRTF_A,3,0.444,-5.46,-10.37,6,1
P001,HRTF_A,3,0.458,-4.67,-11.62,6,1
P001,HRTF_A,3,0.472,-3.79,-12.82,6,1
P001,HRTF_A,3,0.486,-2.96,-13.88,6,1
P001,HRTF_A,3,0.500,-2.24,-14.75,6,1
P001,HRTF_A,3,0.514,-1.32,-15.66,6,1
P001,HRTF_A,3,0.528,-0.44,-16.51,6,1
P001,HRTF_A,3,0.541,0.44,-17.33,6,1
P001,HRTF_A,3,0.555,1.36,-18.08,6,1
P001,HRTF_A,3,0.569,2.31,-18.79,6,1
P001,HRTF_A,3,0.583,3.23,-19.47,6,1
P001,HRTF_A,3,0.597,4.05,-20.00,6,1
P001,HRTF_A,3,0.611,4.89,-20.44,6,1
P001,HRTF_A,3,0.625,5.64,-20.68,6,1
P001,HRTF_A,3,0.639,6.31,-20.78,6,1
P001,HRTF_A,3,0.653,6.84,-20.84,6,1
P001,HRTF_A,3,0.666,7.28,-20.85,6,1
P001,HRTF_A,3,0.680,7.61,-20.80,6,1
P001,HRTF_A,3,0.694,7.86,-20.80,6,1
P001,HRTF_A,3,0.708,8.11,-20.82,6,1
P001,HRTF_A,3,0.722,8.28,-20.83,6,1
P001,HRTF_A,3,0.736,8.40,-20.81,6,1
P001,HRTF_A,3,0.750,8.49,-20.83,6,1
P001,HRTF_A,3,0.764,8.51,-20.88,6,1
P001,HRTF_A,3,0.778,8.58,-20.92,6,1
P001,HRTF_A,3,0.792,8.61,-20.96,6,1
P001,HRTF_A,3,0.805,8.67,-20.98,6,1
P001,HRTF_A,3,0.819,8.67,-21.00,6,1
P001,HRTF_A,3,0.833,8.66,-21.01,6,1
P001,HRTF_A,3,0.847,8.66,-21.03,6,1
P001,HRTF_A,3,0.861,8.71,-21.04,6,1
P001,HRTF_A,3,0.875,8.78,-21.06,6,1
P001,HRTF_A,3,0.890,8.90,-21.03,6,1
P001,HRTF_A,3,0.902,9.06,-21.00,6,1
P001,HRTF_A,3,0.917,9.39,-20.98,6,1
P001,HRTF_A,3,0.930,9.79,-20.97,6,1
P001,HRTF_A,3,0.944,10.39,-20.95,6,1
P001,HRTF_A,3,0.958,11.08,-20.94,6,1
P001,HRTF_A,3,0.972,11.81,-20.88,6,1
P001,HRTF_A,3,0.986,12.73,-20.87,6,1
P001,HRTF_A,3,1.000,13.74,-20.78,6,1
P001,HRTF_A,3,1.014,14.93,-20.74,6,1
P001,HRTF_A,3,1.028,16.15,-20.70,6,1
P001,HRTF_A,3,1.042,17.41,-20.66,6,1
P001,HRTF_A,3,1.056,18.71,-20.64,6,1
P001,HRTF_A,3,1.069,19.98,-20.59,6,1
P001,HRTF_A,3,1.083,21.29,-20.65,6,1
P001,HRTF_A,3,1.097,22.59,-20.64,6,1
P001,HRTF_A,3,1.111,23.80,-20.62,6,1
P001,HRTF_A,3,1.125,24.93,-20.60,6,1
P001,HRTF_A,3,1.139,25.99,-20.59,6,1
P001,HRTF_A,3,1.153,27.01,-20.54,6,1
P001,HRTF_A,3,1.166,27.93,-20.52,6,1
P001,HRTF_A,3,1.180,28.80,-20.47,6,1
P001,HRTF_A,3,1.194,29.58,-20.40,6,1
P001,HRTF_A,3,1.208,30.31,-20.40,6,1
P001,HRTF_A,3,1.222,30.94,-20.37,6,1
P001,HRTF_A,3,1.236,31.60,-20.31,6,1
P001,HRTF_A,3,1.250,32.15,-20.32,6,1
P001,HRTF_A,3,1.264,32.71,-20.34,6,1
P001,HRTF_A,3,1.278,33.15,-20.30,6,1
P001,HRTF_A,3,1.292,33.52,-20.32,6,1
P001,HRTF_A,3,1.305,33.85,-20.28,6,1
P001,HRTF_A,3,1.319,34.17,-20.27,6,1
P001,HRTF_A,3,1.333,34.41,-20.21,6,1
P001,HRTF_A,3,1.347,34.59,-20.20,6,1
P001,HRTF_A,3,1.361,34.71,-20.16,6,1
P001,HRTF_A,3,1.375,34.82,-20.16,6,1
P001,HRTF_A,3,1.389,34.89,-20.15,6,1
P001,HRTF_A,3,1.403,34.96,-20.12,6,1
P001,HRTF_A,3,1.417,34.99,-20.10,6,1
P001,HRTF_A,3,1.431,35.02,-20.08,6,1
P001,HRTF_A,3,1.444,35.00,-20.05,6,1
P001,HRTF_A,3,1.458,34.98,-20.02,6,1
P001,HRTF_A,3,1.472,34.97,-19.99,6,1
P001,HRTF_A,3,1.486,34.96,-19.95,6,1
P001,HRTF_A,3,1.500,34.95,-19.86,6,1
P001,HRTF_A,3,1.514,34.94,-19.79,6,1
P001,HRTF_A,3,1.528,34.92,-19.71,6,1
P001,HRTF_A,3,1.542,34.90,-19.64,6,1
P001,HRTF_A,3,1.556,34.90,-19.57,6,1
P001,HRTF_A,3,1.569,34.88,-19.50,6,1
P001,HRTF_A,3,1.583,34.86,-19.44,6,1
P001,HRTF_A,3,1.597,34.85,-19.40,6,1
P001,HRTF_A,3,1.611,34.81,-19.39,6,1
P001,HRTF_A,3,1.625,34.80,-19.39,6,1
P001,HRTF_A,3,1.639,34.79,-19.39,6,1
P001,HRTF_A,3,1.653,34.78,-19.39,6,1
P001,HRTF_A,3,1.667,34.79,-19.39,6,1
P001,HRTF_A,3,1.681,34.78,-19.39,6,1
P001,HRTF_A,3,1.694,34.76,-19.41,6,1
P001,HRTF_A,3,1.708,34.78,-19.39,6,1
P001,HRTF_A,3,1.722,34.79,-19.38,6,1
P001,HRTF_A,3,1.736,34.79,-19.37,6,1
P001,HRTF_A,3,1.750,34.80,-19.36,6,1
P001,HRTF_A,3,1.764,34.80,-19.35,6,1
P001,HRTF_A,3,1.778,34.81,-19.34,6,1
P001,HRTF_A,3,1.792,34.80,-19.33,6,1
P001,HRTF_A,3,1.806,34.79,-19.30,6,1
P001,HRTF_A,3,1.819,34.80,-19.26,6,1
P001,HRTF_A,3,1.833,34.82,-19.21,6,1
P001,HRTF_A,3,1.847,34.82,-19.18,6,1
P001,HRTF_A,3,1.861,34.81,-19.16,6,1
P001,HRTF_A,3,1.875,34.80,-19.13,6,1
P001,HRTF_A,3,1.889,34.81,-19.11,6,1
P001,HRTF_A,3,1.903,34.81,-19.09,6,1
P001,HRTF_A,3,1.917,34.80,-19.07,6,1
P001,HRTF_A,3,1.930,34.80,-19.07,6,1
P001,HRTF_A,3,1.944,34.80,-19.06,6,1
P001,HRTF_A,3,1.958,34.79,-19.06,6,1
P001,HRTF_A,3,1.972,34.77,-19.08,6,1
P001,HRTF_A,3,1.986,34.77,-19.08,6,1
P001,HRTF_A,3,2.000,34.76,-19.08,6,1
P001,HRTF_A,3,2.014,34.75,-19.07,6,1
P001,HRTF_A,3,2.028,34.74,-19.07,6,1
P001,HRTF_A,3,2.041,34.73,-19.06,6,1
P001,HRTF_A,3,2.055,34.72,-19.04,6,1
P001,HRTF_A,3,2.069,34.70,-19.00,6,1
P001,HRTF_A,3,2.083,34.69,-18.96,6,1
P001,HRTF_A,3,2.097,34.68,-18.91,6,1
P001,HRTF_A,3,2.111,34.67,-18.87,6,1
P001,HRTF_A,3,2.125,34.67,-18.83,6,1
P001,HRTF_A,3,2.139,34.67,-18.81,6,1
P001,HRTF_A,3,2.152,34.67,-18.79,6,1
P001,HRTF_A,3,2.166,34.68,-18.78,6,1
P001,HRTF_A,3,2.180,34.68,-18.79,6,1
P001,HRTF_A,3,2.194,34.68,-18.78,6,1
P001,HRTF_A,3,2.208,34.69,-18.77,6,1
P001,HRTF_A,3,2.222,34.72,-18.77,6,1
P001,HRTF_A,3,2.236,34.73,-18.77,6,1
P001,HRTF_A,3,2.250,34.76,-18.77,6,1
P001,HRTF_A,3,2.264,34.77,-18.78,6,1
P001,HRTF_A,3,2.278,34.79,-18.80,6,1
P001,HRTF_A,3,2.291,34.79,-18.80,6,1
P001,HRTF_A,3,2.305,34.79,-18.79,6,1
P001,HRTF_A,3,2.319,34.79,-18.78,6,1
P001,HRTF_A,3,2.333,34.78,-18.77,6,1
P001,HRTF_A,3,2.347,34.77,-18.74,6,1
P001,HRTF_A,3,2.361,34.76,-18.72,6,1
P001,HRTF_A,3,2.375,34.74,-18.67,6,1
P001,HRTF_A,3,2.389,34.72,-18.64,6,1
P001,HRTF_A,3,2.403,34.73,-18.59,6,1
P001,HRTF_A,3,2.417,34.73,-18.57,6,1
P001,HRTF_A,3,2.431,34.72,-18.54,6,1
P001,HRTF_A,3,2.444,34.73,-18.50,6,1
P001,HRTF_A,3,2.458,34.75,-18.49,6,1
P001,HRTF_A,3,2.472,34.78,-18.46,6,1
P001,HRTF_A,3,2.486,34.79,-18.44,6,1
P001,HRTF_A,3,2.500,34.80,-18.45,6,1
P001,HRTF_A,3,2.514,34.80,-18.45,6,1
P001,HRTF_A,3,2.528,34.79,-18.46,6,1
P001,HRTF_A,3,2.541,34.78,-18.50,6,1
P001,HRTF_A,3,2.555,34.77,-18.51,6,1
P001,HRTF_A,3,2.570,34.77,-18.51,6,1
P001,HRTF_A,3,2.583,34.76,-18.52,6,1
P001,HRTF_A,3,2.597,34.75,-18.48,6,1
P001,HRTF_A,3,2.611,34.74,-18.47,6,1
P001,HRTF_A,3,2.625,34.73,-18.44,6,1
P001,HRTF_A,3,2.639,34.72,-18.38,6,1
P001,HRTF_A,4,0.014,-12.12,-1.45,5,1
P001,HRTF_A,4,0.031,-12.10,-1.44,5,1
P001,HRTF_A,4,0.041,-12.11,-1.44,5,1
P001,HRTF_A,4,0.055,-12.11,-1.42,5,1
P001,HRTF_A,4,0.069,-12.11,-1.43,5,1
P001,HRTF_A,4,0.083,-12.12,-1.43,5,1
P001,HRTF_A,4,0.097,-12.12,-1.44,5,1
P001,HRTF_A,4,0.111,-12.15,-1.44,5,1
P001,HRTF_A,4,0.125,-12.18,-1.43,5,1
P001,HRTF_A,4,0.139,-12.20,-1.43,5,1
P001,HRTF_A,4,0.152,-12.21,-1.44,5,1
P001,HRTF_A,4,0.166,-12.24,-1.46,5,1
P001,HRTF_A,4,0.180,-12.27,-1.46,5,1
P001,HRTF_A,4,0.194,-12.28,-1.49,5,1
P001,HRTF_A,4,0.208,-12.27,-1.51,5,1
P001,HRTF_A,4,0.222,-12.26,-1.50,5,1
P001,HRTF_A,4,0.236,-12.24,-1.47,5,1
P001,HRTF_A,4,0.250,-12.21,-1.44,5,1
P001,HRTF_A,4,0.264,-12.18,-1.37,5,1
P001,HRTF_A,4,0.277,-12.15,-1.33,5,1
P001,HRTF_A,4,0.291,-12.13,-1.34,5,1
P001,HRTF_A,4,0.305,-12.10,-1.32,5,1
P001,HRTF_A,4,0.319,-12.06,-1.32,5,1
P001,HRTF_A,4,0.333,-12.00,-1.31,5,1
P001,HRTF_A,4,0.347,-11.91,-1.31,5,1
P001,HRTF_A,4,0.361,-11.72,-1.37,5,1
P001,HRTF_A,4,0.375,-11.39,-1.50,5,1
P001,HRTF_A,4,0.388,-10.96,-1.76,5,1
P001,HRTF_A,4,0.402,-10.25,-2.25,5,1
P001,HRTF_A,4,0.416,-9.44,-2.71,5,1
P001,HRTF_A,4,0.430,-8.32,-3.28,5,1
P001,HRTF_A,4,0.444,-7.08,-3.95,5,1
P001,HRTF_A,4,0.458,-5.67,-4.67,5,1
P001,HRTF_A,4,0.472,-4.26,-5.35,5,1
P001,HRTF_A,4,0.486,-2.44,-6.16,5,1
P001,HRTF_A,4,0.500,-0.80,-6.95,5,1
P001,HRTF_A,4,0.513,0.91,-7.71,5,1
P001,HRTF_A,4,0.527,2.73,-8.51,5,1
P001,HRTF_A,4,0.541,4.41,-9.39,5,1
P001,HRTF_A,4,0.555,6.13,-10.22,5,1
P001,HRTF_A,4,0.569,7.79,-11.10,5,1
P001,HRTF_A,4,0.583,9.44,-11.88,5,1
P001,HRTF_A,4,0.597,11.05,-12.64,5,1
P001,HRTF_A,4,0.611,12.67,-13.38,5,1
P001,HRTF_A,4,0.625,14.25,-14.05,5,1
P001,HRTF_A,4,0.638,15.70,-14.62,5,1
P001,HRTF_A,4,0.652,17.14,-15.18,5,1
P001,HRTF_A,4,0.666,18.52,-15.75,5,1
P001,HRTF_A,4,0.680,19.91,-16.29,5,1
P001,HRTF_A,4,0.694,21.25,-16.77,5,1
P001,HRTF_A,4,0.708,22.58,-17.18,5,1
P001,HRTF_A,4,0.722,23.85,-17.61,5,1
P001,HRTF_A,4,0.736,25.15,-17.96,5,1
P001,HRTF_A,4,0.750,26.37,-18.33,5,1
P001,HRTF_A,4,0.764,27.49,-18.66,5,1
P001,HRTF_A,4,0.778,28.62,-18.97,5,1
P001,HRTF_A,4,0.791,29.73,-19.21,5,1
P001,HRTF_A,4,0.805,30.79,-19.43,5,1
P001,HRTF_A,4,0.819,31.79,-19.58,5,1
P001,HRTF_A,4,0.833,32.65,-19.68,5,1
P001,HRTF_A,4,0.847,33.54,-19.88,5,1
P001,HRTF_A,4,0.861,34.38,-19.96,5,1
P001,HRTF_A,4,0.874,35.17,-20.05,5,1
P001,HRTF_A,4,0.888,35.89,-20.09,5,1
P001,HRTF_A,4,0.902,36.69,-20.11,5,1
P001,HRTF_A,4,0.916,37.51,-20.10,5,1
P001,HRTF_A,4,0.930,38.21,-20.12,5,1
P001,HRTF_A,4,0.944,38.81,-20.15,5,1
P001,HRTF_A,4,0.958,39.51,-20.10,5,1
P001,HRTF_A,4,0.972,40.15,-20.01,5,1
P001,HRTF_A,4,0.986,40.79,-19.91,5,1
P001,HRTF_A,4,0.999,41.45,-19.89,5,1
P001,HRTF_A,4,1.014,42.22,-19.78,5,1
P001,HRTF_A,4,1.027,42.97,-19.67,5,1
P001,HRTF_A,4,1.041,43.78,-19.51,5,1
P001,HRTF_A,4,1.055,44.56,-19.32,5,1
P001,HRTF_A,4,1.069,45.35,-19.09,5,1
P001,HRTF_A,4,1.083,46.15,-18.93,5,1
P001,HRTF_A,4,1.097,46.88,-18.71,5,1
P001,HRTF_A,4,1.111,47.58,-18.49,5,1
P001,HRTF_A,4,1.125,48.19,-18.15,5,1
P001,HRTF_A,4,1.138,48.81,-17.78,5,1
P001,HRTF_A,4,1.152,49.38,-17.35,5,1
P001,HRTF_A,4,1.166,49.84,-16.84,5,1
P001,HRTF_A,4,1.180,50.29,-16.34,5,1
P001,HRTF_A,4,1.194,50.63,-15.77,5,1
P001,HRTF_A,4,1.208,50.96,-15.21,5,1
P001,HRTF_A,4,1.222,51.19,-14.65,5,1
P001,HRTF_A,4,1.236,51.32,-14.12,5,1
P001,HRTF_A,4,1.250,51.45,-13.62,5,1
P001,HRTF_A,4,1.263,51.51,-13.17,5,1
P001,HRTF_A,4,1.277,51.54,-12.80,5,1
P001,HRTF_A,4,1.291,51.54,-12.42,5,1
P001,HRTF_A,4,1.305,51.47,-12.05,5,1
P001,HRTF_A,4,1.319,51.33,-11.72,5,1
P001,HRTF_A,4,1.333,51.12,-11.42,5,1
P001,HRTF_A,4,1.347,50.92,-11.13,5,1
P001,HRTF_A,4,1.361,50.69,-10.89,5,1
P001,HRTF_A,4,1.375,50.42,-10.63,5,1
P001,HRTF_A,4,1.388,50.14,-10.38,5,1
P001,HRTF_A,4,1.402,49.87,-10.13,5,1
P001,HRTF_A,4,1.416,49.56,-9.95,5,1
P001,HRTF_A,4,1.430,49.30,-9.74,5,1
P001,HRTF_A,4,1.444,49.04,-9.58,5,1
P001,HRTF_A,4,1.458,48.78,-9.45,5,1
P001,HRTF_A,4,1.472,48.56,-9.34,5,1
P001,HRTF_A,4,1.486,48.32,-9.22,5,1
P001,HRTF_A,4,1.499,48.10,-9.09,5,1
P001,HRTF_A,4,1.513,47.87,-9.02,5,1
P001,HRTF_A,4,1.527,47.68,-8.96,5,1
P001,HRTF_A,4,1.541,47.50,-8.88,5,1
P001,HRTF_A,4,1.555,47.36,-8.81,5,1
P001,HRTF_A,4,1.569,47.23,-8.74,5,1
P001,HRTF_A,4,1.583,47.09,-8.68,5,1
P001,HRTF_A,4,1.597,46.97,-8.65,5,1
P001,HRTF_A,4,1.611,46.88,-8.63,5,1
P001,HRTF_A,4,1.625,46.86,-8.62,5,1
P001,HRTF_A,4,1.638,46.84,-8.58,5,1
P001,HRTF_A,4,1.652,46.92,-8.48,5,1
P001,HRTF_A,4,1.666,46.96,-8.37,5,1
P001,HRTF_A,4,1.680,47.00,-8.25,5,1
P001,HRTF_A,4,1.694,47.06,-8.14,5,1
P001,HRTF_A,4,1.708,47.13,-8.01,5,1
P001,HRTF_A,4,1.722,47.22,-7.90,5,1
P001,HRTF_A,4,1.736,47.32,-7.75,5,1
P001,HRTF_A,4,1.749,47.40,-7.59,5,1
P001,HRTF_A,4,1.764,47.51,-7.42,5,1
P001,HRTF_A,4,1.777,47.63,-7.24,5,1
P001,HRTF_A,4,1.791,47.81,-7.06,5,1
P001,HRTF_A,4,1.805,48.05,-6.89,5,1
P001,HRTF_A,4,1.819,48.30,-6.76,5,1
P001,HRTF_A,4,1.833,48.67,-6.64,5,1
P001,HRTF_A,4,1.847,49.21,-6.54,5,1
P001,HRTF_A,4,1.861,49.84,-6.44,5,1
P001,HRTF_A,4,1.875,50.59,-6.34,5,1
P001,HRTF_A,4,1.889,51.39,-6.23,5,1
P001,HRTF_A,4,1.902,52.25,-6.18,5,1
P001,HRTF_A,4,1.916,53.25,-6.10,5,1
P001,HRTF_A,4,1.930,54.37,-6.10,5,1
P001,HRTF_A,4,1.944,55.51,-6.08,5,1
P001,HRTF_A,4,1.958,56.57,-6.06,5,1
P001,HRTF_A,4,1.972,57.53,-6.02,5,1
P001,HRTF_A,4,1.986,58.48,-6.01,5,1
P001,HRTF_A,4,1.999,59.21,-5.97,5,1
P001,HRTF_A,4,2.013,59.86,-5.93,5,1
P001,HRTF_A,4,2.027,60.42,-5.89,5,1
P001,HRTF_A,4,2.041,60.82,-5.81,5,1
P001,HRTF_A,4,2.055,61.09,-5.73,5,1
P001,HRTF_A,4,2.069,61.25,-5.73,5,1
P001,HRTF_A,4,2.083,61.35,-5.68,5,1
P001,HRTF_A,4,2.097,61.37,-5.63,5,1
P001,HRTF_A,4,2.111,61.35,-5.53,5,1
P001,HRTF_A,4,2.125,61.23,-5.45,5,1
P001,HRTF_A,4,2.138,60.99,-5.38,5,1
P001,HRTF_A,4,2.152,60.70,-5.31,5,1
P001,HRTF_A,4,2.166,60.38,-5.24,5,1
P001,HRTF_A,4,2.180,60.05,-5.16,5,1
P001,HRTF_A,4,2.194,59.64,-5.08,5,1
P001,HRTF_A,4,2.208,59.14,-5.02,5,1
P001,HRTF_A,4,2.222,58.48,-4.98,5,1
P001,HRTF_A,4,2.236,57.82,-4.93,5,1
P001,HRTF_A,4,2.249,57.16,-4.92,5,1
P001,HRTF_A,4,2.263,56.50,-4.88,5,1
P001,HRTF_A,4,2.277,55.85,-4.79,5,1
P001,HRTF_A,4,2.291,55.24,-4.70,5,1
P001,HRTF_A,4,2.305,54.64,-4.60,5,1
P001,HRTF_A,4,2.319,54.06,-4.52,5,1
P001,HRTF_A,4,2.333,53.55,-4.47,5,1
P001,HRTF_A,4,2.347,53.17,-4.43,5,1
P001,HRTF_A,4,2.361,52.75,-4.41,5,1
P001,HRTF_A,4,2.375,52.40,-4.38,5,1
P001,HRTF_A,4,2.388,52.11,-4.35,5,1
P001,HRTF_A,4,2.403,51.91,-4.33,5,1
P001,HRTF_A,4,2.416,51.74,-4.32,5,1
P001,HRTF_A,4,2.430,51.67,-4.33,5,1
P001,HRTF_A,4,2.444,51.57,-4.32,5,1
P001,HRTF_A,4,2.458,51.50,-4.33,5,1
P001,HRTF_A,4,2.472,51.41,-4.32,5,1
P001,HRTF_A,4,2.485,51.36,-4.27,5,1
P001,HRTF_A,4,2.499,51.35,-4.24,5,1
P001,HRTF_A,4,2.513,51.33,-4.18,5,1
P001,HRTF_A,4,2.527,51.32,-4.11,5,1
P001,HRTF_A,4,2.541,51.32,-4.01,5,1
P001,HRTF_A,4,2.555,51.33,-3.91,5,1
P001,HRTF_A,4,2.569,51.39,-3.83,5,1
P001,HRTF_A,4,2.583,51.44,-3.75,5,1
P001,HRTF_A,4,2.597,51.47,-3.72,5,1
P001,HRTF_A,4,2.610,51.49,-3.70,5,1
P001,HRTF_A,4,2.624,51.48,-3.67,5,1
P001,HRTF_A,4,2.638,51.49,-3.64,5,1
P001,HRTF_A,4,2.652,51.49,-3.59,5,1
P001,HRTF_A,4,2.666,51.48,-3.57,5,1
P001,HRTF_A,4,2.680,51.43,-3.58,5,1
P001,HRTF_A,4,2.694,51.40,-3.59,5,1
P001,HRTF_A,4,2.708,51.39,-3.59,5,1
P001,HRTF_A,4,2.722,51.37,-3.60,5,1
P001,HRTF_A,4,2.736,51.36,-3.59,5,1
P001,HRTF_A,4,2.749,51.35,-3.59,5,1
P001,HRTF_A,4,2.763,51.33,-3.60,5,1
P001,HRTF_A,4,2.777,51.28,-3.63,5,1
P001,HRTF_A,4,2.791,51.28,-3.65,5,1
P001,HRTF_A,4,2.805,51.25,-3.68,5,1
P001,HRTF_A,4,2.819,51.23,-3.66,5,1
P001,HRTF_A,4,2.833,51.23,-3.66,5,1
P001,HRTF_A,4,2.847,51.22,-3.65,5,1
P001,HRTF_A,4,2.860,51.20,-3.63,5,1
P001,HRTF_A,4,2.875,51.16,-3.63,5,1
P001,HRTF_A,4,2.888,51.13,-3.62,5,1
P001,HRTF_A,4,2.902,51.09,-3.61,5,1
P001,HRTF_A,4,2.916,51.08,-3.60,5,1
P001,HRTF_A,4,2.930,51.07,-3.57,5,1
P001,HRTF_A,4,2.944,51.07,-3.52,5,1
P001,HRTF_A,4,2.958,51.07,-3.50,5,1
P001,HRTF_A,4,2.971,51.07,-3.46,5,1
P001,HRTF_A,4,2.986,51.06,-3.44,5,1
P001,HRTF_A,4,3.000,51.05,-3.42,5,1
P001,HRTF_A,4,3.013,51.05,-3.41,5,1
P001,HRTF_A,4,3.027,51.05,-3.42,5,1
P001,HRTF_A,4,3.041,51.05,-3.40,5,1
P001,HRTF_A,4,3.055,51.05,-3.40,5,1
P001,HRTF_A,4,3.069,51.05,-3.38,5,1
P001,HRTF_A,4,3.083,51.07,-3.38,5,1
P001,HRTF_A,4,3.097,51.08,-3.36,5,1
P001,HRTF_A,4,3.111,51.09,-3.35,5,1
P001,HRTF_A,4,3.124,51.11,-3.34,5,1
P001,HRTF_A,4,3.138,51.12,-3.32,5,1
P001,HRTF_A,4,3.152,51.13,-3.29,5,1
P001,HRTF_A,4,3.166,51.14,-3.26,5,1
P001,HRTF_A,4,3.180,51.13,-3.22,5,1
P001,HRTF_A,4,3.194,51.14,-3.21,5,1
P001,HRTF_A,4,3.208,51.13,-3.20,5,1
P001,HRTF_A,4,3.222,51.14,-3.20,5,1
P001,HRTF_A,4,3.236,51.14,-3.20,5,1
P001,HRTF_A,4,3.249,51.13,-3.19,5,1
P001,HRTF_A,4,3.263,51.14,-3.19,5,1
P001,HRTF_A,4,3.277,51.13,-3.17,5,1
P001,HRTF_A,4,3.291,51.14,-3.16,5,1
P001,HRTF_A,4,3.305,51.15,-3.16,5,1
P001,HRTF_A,4,3.319,51.16,-3.16,5,1
P001,HRTF_A,4,3.333,51.15,-3.16,5,1
P001,HRTF_A,4,3.347,51.15,-3.16,5,1
P001,HRTF_A,4,3.361,51.14,-3.16,5,1
P001,HRTF_A,4,3.374,51.13,-3.14,5,1
P001,HRTF_A,4,3.388,51.12,-3.14,5,1
P001,HRTF_A,4,3.402,51.11,-3.13,5,1
P001,HRTF_A,4,3.416,51.09,-3.13,5,1
P001,HRTF_A,4,3.430,51.08,-3.14,5,1
P001,HRTF_A,4,3.444,51.06,-3.15,5,1
P001,HRTF_A,4,3.458,51.03,-3.15,5,1
P001,HRTF_A,4,3.472,51.02,-3.15,5,1
P001,HRTF_A,4,3.486,51.01,-3.14,5,1
P001,HRTF_A,4,3.499,51.01,-3.14,5,1
P001,HRTF_A,4,3.513,51.00,-3.13,5,1
P001,HRTF_A,4,3.527,51.01,-3.12,5,1
P001,HRTF_A,4,3.541,51.01,-3.11,5,1
P001,HRTF_A,4,3.555,51.02,-3.11,5,1
P001,HRTF_A,4,3.569,51.04,-3.09,5,1
P001,HRTF_A,4,3.583,51.05,-3.10,5,1
P001,HRTF_A,4,3.597,51.06,-3.11,5,1
P001,HRTF_A,4,3.611,51.05,-3.13,5,1
P001,HRTF_A,4,3.625,51.05,-3.14,5,1
P001,HRTF_A,4,3.638,51.06,-3.13,5,1
P001,HRTF_A,4,3.652,51.06,-3.09,5,1
P001,HRTF_A,4,3.666,51.06,-3.02,5,1
P001,HRTF_A,4,3.680,51.07,-2.99,5,1
P001,HRTF_A,4,3.694,51.08,-2.98,5,1
P001,HRTF_A,4,3.708,51.08,-2.97,5,1
P001,HRTF_A,4,3.722,51.08,-2.97,5,1
P001,HRTF_A,4,3.736,51.07,-2.97,5,1
P001,HRTF_A,4,3.750,51.07,-2.96,5,1
P001,HRTF_A,4,3.764,51.06,-2.94,5,1
P001,HRTF_A,4,3.777,51.04,-2.93,5,1
P001,HRTF_A,4,3.791,51.02,-2.91,5,1
P001,HRTF_A,4,3.805,51.02,-2.90,5,1
P001,HRTF_A,4,3.819,51.03,-2.90,5,1
P001,HRTF_A,4,3.833,51.04,-2.91,5,1
P001,HRTF_A,4,3.847,51.05,-2.92,5,1
P001,HRTF_A,4,3.861,51.07,-2.93,5,1
P001,HRTF_A,4,3.874,51.08,-2.93,5,1
P001,HRTF_A,4,3.888,51.09,-2.94,5,1
P001,HRTF_A,4,3.902,51.11,-2.94,5,1
P001,HRTF_A,4,3.916,51.11,-2.95,5,1
P001,HRTF_A,4,3.930,51.12,-2.97,5,1
P001,HRTF_A,4,3.944,51.12,-2.98,5,1
P001,HRTF_A,4,3.958,51.13,-3.00,5,1
P001,HRTF_A,4,3.972,51.12,-3.00,5,1
P001,HRTF_A,4,3.986,51.11,-2.99,5,1
P001,HRTF_A,4,4.000,51.10,-2.97,5,1
P001,HRTF_A,4,4.014,51.09,-2.95,5,1
P001,HRTF_A,4,4.027,51.08,-2.92,5,1
P001,HRTF_A,4,4.041,51.08,-2.88,5,1
P001,HRTF_A,4,4.055,51.09,-2.87,5,1
P001,HRTF_A,4,4.069,51.10,-2.85,5,1
P001,HRTF_A,4,4.083,51.12,-2.86,5,1
P001,HRTF_A,4,4.097,51.13,-2.85,5,1
P001,HRTF_A,4,4.110,51.14,-2.85,5,1
P001,HRTF_A,4,4.124,51.16,-2.86,5,1
P001,HRTF_A,4,4.138,51.20,-2.86,5,1
P001,HRTF_A,4,4.152,51.21,-2.89,5,1
P001,HRTF_A,4,4.166,51.23,-2.91,5,1
P001,HRTF_A,4,4.180,51.22,-2.94,5,1
P001,HRTF_A,4,4.194,51.23,-2.93,5,1
P001,HRTF_A,4,4.208,51.25,-2.92,5,1
P001,HRTF_A,4,4.222,51.25,-2.90,5,1
P001,HRTF_A,4,4.236,51.25,-2.84,5,1
P001,HRTF_A,4,4.249,51.24,-2.80,5,1
P001,HRTF_A,4,4.263,51.22,-2.77,5,1
P001,HRTF_A,4,4.277,51.22,-2.75,5,1
P001,HRTF_A,4,4.291,51.22,-2.75,5,1
P001,HRTF_A,4,4.305,51.20,-2.74,5,1
P001,HRTF_A,4,4.319,51.18,-2.73,5,1
P001,HRTF_A,4,4.333,51.17,-2.71,5,1
P001,HRTF_A,4,4.347,51.14,-2.71,5,1
P001,HRTF_A,4,4.361,51.13,-2.72,5,1
P001,HRTF_A,4,4.374,51.12,-2.73,5,1
P001,HRTF_A,5,0.015,-13.37,-0.06,22,1
P001,HRTF_A,5,0.031,-13.64,-0.06,22,1
P001,HRTF_A,5,0.042,-13.87,-0.09,22,1
P001,HRTF_A,5,0.056,-14.09,-0.12,22,1
P001,HRTF_A,5,0.070,-14.29,-0.12,22,1
P001,HRTF_A,5,0.084,-14.45,-0.15,22,1
P001,HRTF_A,5,0.100,-14.60,-0.21,22,1
P001,HRTF_A,5,0.111,-14.76,-0.29,22,1
P001,HRTF_A,5,0.125,-14.89,-0.39,22,1
P001,HRTF_A,5,0.139,-15.03,-0.48,22,1
P001,HRTF_A,5,0.153,-15.16,-0.56,22,1
P001,HRTF_A,5,0.167,-15.27,-0.64,22,1
P001,HRTF_A,5,0.181,-15.40,-0.72,22,1
P001,HRTF_A,5,0.194,-15.51,-0.81,22,1
P001,HRTF_A,5,0.208,-15.62,-0.95,22,1
P001,HRTF_A,5,0.222,-15.73,-1.11,22,1
P001,HRTF_A,5,0.236,-15.82,-1.26,22,1
P001,HRTF_A,5,0.250,-15.90,-1.39,22,1
P001,HRTF_A,5,0.264,-15.95,-1.51,22,1
P001,HRTF_A,5,0.278,-15.99,-1.62,22,1
P001,HRTF_A,5,0.292,-16.01,-1.71,22,1
P001,HRTF_A,5,0.306,-16.04,-1.95,22,1
P001,HRTF_A,5,0.320,-16.07,-2.18,22,1
P001,HRTF_A,5,0.334,-16.10,-2.55,22,1
P001,HRTF_A,5,0.348,-16.10,-2.90,22,1
P001,HRTF_A,5,0.361,-16.04,-3.22,22,1
P001,HRTF_A,5,0.375,-15.98,-3.57,22,1
P001,HRTF_A,5,0.389,-15.92,-3.97,22,1
P001,HRTF_A,5,0.403,-15.79,-4.40,22,1
P001,HRTF_A,5,0.417,-15.64,-4.85,22,1
P001,HRTF_A,5,0.431,-15.44,-5.28,22,1
P001,HRTF_A,5,0.445,-15.18,-5.72,22,1
P001,HRTF_A,5,0.459,-14.89,-6.19,22,1
P001,HRTF_A,5,0.473,-14.39,-6.91,22,1
P001,HRTF_A,5,0.486,-13.87,-7.65,22,1
P001,HRTF_A,5,0.500,-13.15,-8.67,22,1
P001,HRTF_A,5,0.514,-12.27,-9.66,22,1
P001,HRTF_A,5,0.528,-11.07,-10.74,22,1
P001,HRTF_A,5,0.542,-9.79,-11.87,22,1
P001,HRTF_A,5,0.556,-8.25,-12.99,22,1
P001,HRTF_A,5,0.570,-6.74,-14.02,22,1
P001,HRTF_A,5,0.584,-5.16,-15.03,22,1
P001,HRTF_A,5,0.597,-3.58,-15.96,22,1
P001,HRTF_A,5,0.611,-1.83,-16.88,22,1
P001,HRTF_A,5,0.625,-0.12,-17.77,22,1
P001,HRTF_A,5,0.639,1.61,-18.60,22,1
P001,HRTF_A,5,0.653,3.34,-19.34,22,1
P001,HRTF_A,5,0.667,5.05,-20.04,22,1
P001,HRTF_A,5,0.681,6.72,-20.78,22,1
P001,HRTF_A,5,0.695,8.42,-21.46,22,1
P001,HRTF_A,5,0.709,10.19,-22.19,22,1
P001,HRTF_A,5,0.722,12.03,-22.91,22,1
P001,HRTF_A,5,0.736,13.78,-23.58,22,1
P001,HRTF_A,5,0.750,15.48,-24.17,22,1
P001,HRTF_A,5,0.764,17.16,-24.72,22,1
P001,HRTF_A,5,0.778,18.79,-25.23,22,1
P001,HRTF_A,5,0.792,20.38,-25.70,22,1
P001,HRTF_A,5,0.806,21.99,-26.26,22,1
P001,HRTF_A,5,0.820,23.38,-26.56,22,1
P001,HRTF_A,5,0.834,24.82,-26.99,22,1
P001,HRTF_A,5,0.847,26.20,-27.37,22,1
P001,HRTF_A,5,0.861,27.53,-27.73,22,1
P001,HRTF_A,5,0.875,28.71,-28.06,22,1
P001,HRTF_A,5,0.890,29.94,-28.44,22,1
P001,HRTF_A,5,0.903,31.02,-28.76,22,1
P001,HRTF_A,5,0.917,32.20,-29.09,22,1
P001,HRTF_A,5,0.931,33.36,-29.44,22,1
P001,HRTF_A,5,0.945,34.48,-29.73,22,1
P001,HRTF_A,5,0.959,35.61,-30.02,22,1
P001,HRTF_A,5,0.973,36.76,-30.35,22,1
P001,HRTF_A,5,0.986,37.93,-30.62,22,1
P001,HRTF_A,5,1.000,39.09,-30.87,22,1
P001,HRTF_A,5,1.014,40.22,-31.16,22,1
P001,HRTF_A,5,1.028,41.34,-31.40,22,1
P001,HRTF_A,5,1.042,42.46,-31.65,22,1
P001,HRTF_A,5,1.056,43.59,-31.95,22,1
P001,HRTF_A,5,1.070,44.65,-32.15,22,1
P001,HRTF_A,5,1.083,45.71,-32.34,22,1
P001,HRTF_A,5,1.098,46.78,-32.50,22,1
P001,HRTF_A,5,1.112,47.81,-32.64,22,1
P001,HRTF_A,5,1.126,48.86,-32.72,22,1
P001,HRTF_A,5,1.139,49.85,-32.79,22,1
P001,HRTF_A,5,1.153,50.86,-32.90,22,1
P001,HRTF_A,5,1.167,51.95,-32.99,22,1
P001,HRTF_A,5,1.181,53.06,-33.04,22,1
P001,HRTF_A,5,1.195,54.12,-33.10,22,1
P001,HRTF_A,5,1.209,55.17,-33.15,22,1
P001,HRTF_A,5,1.222,56.21,-33.23,22,1
P001,HRTF_A,5,1.236,57.28,-33.33,22,1
P001,HRTF_A,5,1.251,58.37,-33.45,22,1
P001,HRTF_A,5,1.265,59.42,-33.55,22,1
P001,HRTF_A,5,1.278,60.46,-33.66,22,1
P001,HRTF_A,5,1.292,61.48,-33.76,22,1
P001,HRTF_A,5,1.306,62.52,-33.83,22,1
P001,HRTF_A,5,1.320,63.58,-33.94,22,1
P001,HRTF_A,5,1.334,64.71,-34.02,22,1
P001,HRTF_A,5,1.348,65.86,-34.17,22,1
P001,HRTF_A,5,1.361,67.06,-34.33,22,1
P001,HRTF_A,5,1.375,68.21,-34.48,22,1
P001,HRTF_A,5,1.389,69.42,-34.64,22,1
P001,HRTF_A,5,1.403,70.63,-34.77,22,1
P001,HRTF_A,5,1.417,71.90,-34.97,22,1
P001,HRTF_A,5,1.431,73.19,-35.15,22,1
P001,HRTF_A,5,1.445,74.43,-35.42,22,1
P001,HRTF_A,5,1.459,75.69,-35.64,22,1
P001,HRTF_A,5,1.473,76.95,-35.86,22,1
P001,HRTF_A,5,1.487,78.23,-36.05,22,1
P001,HRTF_A,5,1.500,79.49,-36.23,22,1
P001,HRTF_A,5,1.514,80.77,-36.45,22,1
P001,HRTF_A,5,1.528,82.05,-36.71,22,1
P001,HRTF_A,5,1.542,83.29,-36.97,22,1
P001,HRTF_A,5,1.556,84.63,-37.28,22,1
P001,HRTF_A,5,1.570,85.91,-37.56,22,1
P001,HRTF_A,5,1.584,87.11,-37.82,22,1
P001,HRTF_A,5,1.598,88.30,-38.07,22,1
P001,HRTF_A,5,1.612,89.53,-38.33,22,1
P001,HRTF_A,5,1.625,90.75,-38.62,22,1
P001,HRTF_A,5,1.640,91.98,-38.97,22,1
P001,HRTF_A,5,1.653,93.25,-39.42,22,1
P001,HRTF_A,5,1.667,94.54,-39.87,22,1
P001,HRTF_A,5,1.681,95.82,-40.24,22,1
P001,HRTF_A,5,1.695,97.18,-40.57,22,1
P001,HRTF_A,5,1.709,98.52,-40.86,22,1
P001,HRTF_A,5,1.723,99.79,-41.20,22,1
P001,HRTF_A,5,1.737,101.00,-41.62,22,1
P001,HRTF_A,5,1.751,102.24,-42.01,22,1
P001,HRTF_A,5,1.765,103.40,-42.34,22,1
P001,HRTF_A,5,1.778,104.50,-42.65,22,1
P001,HRTF_A,5,1.792,105.59,-42.96,22,1
P001,HRTF_A,5,1.806,106.62,-43.30,22,1
P001,HRTF_A,5,1.820,107.79,-43.58,22,1
P001,HRTF_A,5,1.834,109.15,-43.83,22,1
P001,HRTF_A,5,1.848,110.46,-44.08,22,1
P001,HRTF_A,5,1.862,111.71,-44.36,22,1
P001,HRTF_A,5,1.876,112.91,-44.70,22,1
P001,HRTF_A,5,1.890,114.11,-45.06,22,1
P001,HRTF_A,5,1.903,115.26,-45.43,22,1
P001,HRTF_A,5,1.917,116.35,-45.72,22,1
P001,HRTF_A,5,1.931,117.41,-45.97,22,1
P001,HRTF_A,5,1.945,118.50,-46.18,22,1
P001,HRTF_A,5,1.959,119.56,-46.49,22,1
P001,HRTF_A,5,1.973,120.53,-46.74,22,1
P001,HRTF_A,5,1.987,121.35,-46.92,22,1
P001,HRTF_A,5,2.001,122.48,-47.02,22,1
P001,HRTF_A,5,2.015,123.56,-47.11,22,1
P001,HRTF_A,5,2.028,124.79,-47.31,22,1
P001,HRTF_A,5,2.042,125.92,-47.53,22,1
P001,HRTF_A,5,2.056,127.12,-47.63,22,1
P001,HRTF_A,5,2.070,128.36,-47.69,22,1
P001,HRTF_A,5,2.084,129.74,-47.67,22,1
P001,HRTF_A,5,2.098,131.10,-47.81,22,1
P001,HRTF_A,5,2.112,132.51,-47.94,22,1
P001,HRTF_A,5,2.126,133.89,-48.06,22,1
P001,HRTF_A,5,2.140,135.27,-48.12,22,1
P001,HRTF_A,5,2.153,136.63,-48.21,22,1
P001,HRTF_A,5,2.167,137.95,-48.41,22,1
P001,HRTF_A,5,2.181,139.28,-48.73,22,1
P001,HRTF_A,5,2.195,140.65,-49.11,22,1
P001,HRTF_A,5,2.209,141.96,-49.42,22,1
P001,HRTF_A,5,2.223,143.23,-49.82,22,1
P001,HRTF_A,5,2.237,144.16,-50.58,22,1
P001,HRTF_A,5,2.251,145.26,-51.16,22,1
P001,HRTF_A,5,2.265,146.35,-51.58,22,1
P001,HRTF_A,5,2.278,147.28,-52.01,22,1
P001,HRTF_A,5,2.293,148.29,-52.65,22,1
P001,HRTF_A,5,2.306,149.25,-53.44,22,1
P001,HRTF_A,5,2.320,149.93,-54.17,22,1
P001,HRTF_A,5,2.334,150.48,-54.75,22,1
P001,HRTF_A,5,2.348,151.06,-55.07,22,1
P001,HRTF_A,5,2.362,151.72,-55.53,22,1
P001,HRTF_A,5,2.376,152.41,-56.13,22,1
P001,HRTF_A,5,2.390,153.11,-56.61,22,1
P001,HRTF_A,5,2.404,153.52,-56.92,22,1
P001,HRTF_A,5,2.417,154.08,-57.21,22,1
P001,HRTF_A,5,2.431,154.51,-57.57,22,1
P001,HRTF_A,5,2.445,155.02,-57.96,22,1
P001,HRTF_A,5,2.459,155.62,-58.29,22,1
P001,HRTF_A,5,2.473,155.97,-58.54,22,1
P001,HRTF_A,5,2.487,156.38,-58.87,22,1
P001,HRTF_A,5,2.501,156.94,-59.32,22,1
P001,HRTF_A,5,2.515,157.20,-59.82,22,1
P001,HRTF_A,5,2.529,157.10,-60.21,22,1
P001,HRTF_A,5,2.543,157.14,-60.53,22,1
P001,HRTF_A,5,2.556,157.36,-60.99,22,1
P001,HRTF_A,5,2.571,157.48,-61.46,22,1
P001,HRTF_A,5,2.584,157.37,-61.88,22,1
P001,HRTF_A,5,2.598,157.33,-62.35,22,1
P001,HRTF_A,5,2.612,157.29,-62.76,22,1
P001,HRTF_A,5,2.626,157.30,-63.17,22,1
P001,HRTF_A,5,2.640,157.14,-63.56,22,1
P001,HRTF_A,5,2.654,156.78,-63.90,22,1
P001,HRTF_A,5,2.668,156.30,-64.27,22,1
P001,HRTF_A,5,2.682,155.37,-64.54,22,1
P001,HRTF_A,5,2.695,154.60,-64.78,22,1
P001,HRTF_A,5,2.709,153.70,-65.04,22,1
P001,HRTF_A,5,2.723,152.07,-64.89,22,1
P001,HRTF_A,5,2.737,150.64,-64.96,22,1
P001,HRTF_A,5,2.751,149.46,-65.17,22,1
P001,HRTF_A,5,2.765,148.16,-64.92,22,1
P001,HRTF_A,5,2.779,146.77,-64.80,22,1
P001,HRTF_A,5,2.793,145.46,-64.68,22,1
P001,HRTF_A,5,2.806,144.38,-64.57,22,1
P001,HRTF_A,5,2.820,143.52,-64.40,22,1
P001,HRTF_A,5,2.834,142.73,-64.09,22,1
P001,HRTF_A,5,2.848,142.04,-64.11,22,1
P001,HRTF_A,5,2.862,140.89,-63.39,22,1
P001,HRTF_A,5,2.876,140.29,-62.94,22,1
P001,HRTF_A,5,2.890,139.70,-62.57,22,1
P001,HRTF_A,5,2.904,139.64,-62.00,22,1
P001,HRTF_A,5,2.918,139.61,-61.46,22,1
P001,HRTF_A,5,2.931,139.62,-60.92,22,1
P001,HRTF_A,5,2.945,139.95,-60.32,22,1
P001,HRTF_A,5,2.959,140.22,-59.78,22,1
P001,HRTF_A,5,2.973,140.78,-59.34,22,1
P001,HRTF_A,5,2.987,141.26,-58.79,22,1
P001,HRTF_A,5,3.001,141.67,-58.14,22,1
P001,HRTF_A,5,3.015,141.99,-57.59,22,1
P001,HRTF_A,5,3.029,142.28,-57.11,22,1
P001,HRTF_A,5,3.043,142.58,-56.67,22,1
P001,HRTF_A,5,3.057,142.78,-56.15,22,1
P001,HRTF_A,5,3.070,142.77,-55.54,22,1
P001,HRTF_A,5,3.084,142.76,-54.91,22,1
P001,HRTF_A,5,3.098,142.63,-54.30,22,1
P001,HRTF_A,5,3.112,142.64,-53.70,22,1
P001,HRTF_A,5,3.126,142.39,-52.99,22,1
P001,HRTF_A,5,3.140,142.17,-52.28,22,1
P001,HRTF_A,5,3.154,141.91,-51.59,22,1
P001,HRTF_A,5,3.168,141.53,-50.88,22,1
P001,HRTF_A,5,3.182,141.04,-50.26,22,1
P001,HRTF_A,5,3.195,140.27,-49.62,22,1
P001,HRTF_A,5,3.209,139.45,-49.00,22,1
P001,HRTF_A,5,3.223,138.50,-48.39,22,1
P001,HRTF_A,5,3.237,137.36,-47.80,22,1
P001,HRTF_A,5,3.251,135.76,-47.18,22,1
P001,HRTF_A,5,3.265,134.13,-46.57,22,1
P001,HRTF_A,5,3.279,132.40,-45.97,22,1
P001,HRTF_A,5,3.293,130.54,-45.25,22,1
P001,HRTF_A,5,3.306,128.65,-44.52,22,1
P001,HRTF_A,5,3.320,126.73,-43.87,22,1
P001,HRTF_A,5,3.334,124.64,-43.48,22,1
P001,HRTF_A,5,3.348,122.61,-43.05,22,1
P001,HRTF_A,5,3.362,120.35,-42.76,22,1
P001,HRTF_A,5,3.376,118.21,-42.18,22,1
P001,HRTF_A,5,3.390,115.84,-41.41,22,1
P001,HRTF_A,5,3.404,113.55,-40.77,22,1
P001,HRTF_A,5,3.418,111.23,-40.25,22,1
P001,HRTF_A,5,3.431,108.90,-39.81,22,1
P001,HRTF_A,5,3.446,106.55,-39.44,22,1
P001,HRTF_A,5,3.459,104.26,-38.86,22,1
P001,HRTF_A,5,3.473,101.93,-38.21,22,1
P001,HRTF_A,5,3.487,99.63,-37.53,22,1
P001,HRTF_A,5,3.501,97.38,-36.83,22,1
P001,HRTF_A,5,3.515,95.01,-36.25,22,1
P001,HRTF_A,5,3.529,92.73,-35.66,22,1
P001,HRTF_A,5,3.543,90.51,-35.02,22,1
P001,HRTF_A,5,3.556,88.27,-34.36,22,1
P001,HRTF_A,5,3.570,85.97,-33.64,22,1
P001,HRTF_A,5,3.584,83.57,-32.92,22,1
P001,HRTF_A,5,3.598,81.24,-32.21,22,1
P001,HRTF_A,5,3.612,78.97,-31.49,22,1
P001,HRTF_A,5,3.626,76.76,-30.68,22,1
P001,HRTF_A,5,3.640,74.61,-29.92,22,1
P001,HRTF_A,5,3.654,72.45,-29.17,22,1
P001,HRTF_A,5,3.667,70.36,-28.43,22,1
P001,HRTF_A,5,3.682,68.39,-27.69,22,1
P001,HRTF_A,5,3.695,66.44,-26.97,22,1
P001,HRTF_A,5,3.709,64.59,-26.25,22,1
P001,HRTF_A,5,3.723,62.71,-25.57,22,1
P001,HRTF_A,5,3.737,60.75,-24.90,22,1
P001,HRTF_A,5,3.751,58.80,-24.26,22,1
P001,HRTF_A,5,3.765,56.94,-23.61,22,1
P001,HRTF_A,5,3.779,55.12,-23.01,22,1
P001,HRTF_A,5,3.793,53.28,-22.48,22,1
P001,HRTF_A,5,3.806,51.42,-21.98,22,1
P001,HRTF_A,5,3.820,49.55,-21.46,22,1
P001,HRTF_A,5,3.834,47.67,-21.02,22,1
P001,HRTF_A,5,3.848,45.85,-20.56,22,1
P001,HRTF_A,5,3.862,44.08,-20.17,22,1
P001,HRTF_A,5,3.876,42.31,-19.78,22,1
P001,HRTF_A,5,3.890,40.55,-19.41,22,1
P001,HRTF_A,5,3.904,38.76,-19.08,22,1
P001,HRTF_A,5,3.917,37.02,-18.74,22,1
P001,HRTF_A,5,3.931,35.31,-18.42,22,1
P001,HRTF_A,5,3.945,33.65,-18.08,22,1
P001,HRTF_A,5,3.959,32.02,-17.70,22,1
P001,HRTF_A,5,3.973,30.43,-17.34,22,1
P001,HRTF_A,5,3.987,28.91,-16.89,22,1
P001,HRTF_A,5,4.001,27.41,-16.52,22,1
P001,HRTF_A,5,4.015,25.97,-16.11,22,1
P001,HRTF_A,5,4.029,24.51,-15.76,22,1
P001,HRTF_A,5,4.042,23.09,-15.40,22,1
P001,HRTF_A,5,4.057,21.68,-15.07,22,1
P001,HRTF_A,5,4.070,20.26,-14.73,22,1
P001,HRTF_A,5,4.084,18.88,-14.37,22,1
P001,HRTF_A,5,4.098,17.51,-14.02,22,1
P001,HRTF_A,5,4.112,16.26,-13.65,22,1
P001,HRTF_A,5,4.126,15.00,-13.40,22,1
P001,HRTF_A,5,4.140,13.79,-13.13,22,1
P001,HRTF_A,5,4.154,12.62,-12.94,22,1
P001,HRTF_A,5,4.168,11.56,-12.84,22,1
P001,HRTF_A,5,4.181,10.58,-12.72,22,1
P001,HRTF_A,5,4.196,9.69,-12.58,22,1
P001,HRTF_A,5,4.209,8.83,-12.47,22,1
P001,HRTF_A,5,4.223,8.13,-12.35,22,1
P001,HRTF_A,5,4.237,7.42,-12.25,22,1
P001,HRTF_A,5,4.251,6.73,-12.12,22,1
P001,HRTF_A,5,4.265,6.11,-12.03,22,1
P001,HRTF_A,5,4.279,5.54,-11.90,22,1
P001,HRTF_A,5,4.293,5.03,-11.79,22,1
P001,HRTF_A,5,4.307,4.51,-11.74,22,1
P001,HRTF_A,5,4.321,3.95,-11.71,22,1
P001,HRTF_A,5,4.334,3.35,-11.67,22,1
P001,HRTF_A,5,4.348,2.86,-11.62,22,1
P001,HRTF_A,5,4.362,2.28,-11.53,22,1
P001,HRTF_A,5,4.376,1.70,-11.39,22,1
P001,HRTF_A,5,4.390,1.13,-11.22,22,1
P001,HRTF_A,5,4.404,0.56,-11.05,22,1
P001,HRTF_A,5,4.418,-0.06,-10.91,22,1
P001,HRTF_A,5,4.431,-0.63,-10.77,22,1
P001,HRTF_A,5,4.445,-1.20,-10.66,22,1
P001,HRTF_A,5,4.459,-1.83,-10.54,22,1
P001,HRTF_A,5,4.473,-2.50,-10.40,22,1
P001,HRTF_A,5,4.487,-3.18,-10.27,22,1
P001,HRTF_A,5,4.501,-3.88,-10.14,22,1
P001,HRTF_A,5,4.515,-4.60,-10.03,22,1
P001,HRTF_A,5,4.529,-5.33,-9.89,22,1
P001,HRTF_A,5,4.543,-6.09,-9.77,22,1
P001,HRTF_A,5,4.556,-6.89,-9.63,22,1
P001,HRTF_A,5,4.570,-7.72,-9.52,22,1
P001,HRTF_A,5,4.584,-8.56,-9.41,22,1
P001,HRTF_A,5,4.598,-9.39,-9.27,22,1
P001,HRTF_A,5,4.612,-10.28,-9.14,22,1
P001,HRTF_A,5,4.626,-11.21,-8.97,22,1
P001,HRTF_A,5,4.640,-12.15,-8.85,22,1
P001,HRTF_A,5,4.654,-13.18,-8.77,22,1
P001,HRTF_A,5,4.667,-14.16,-8.72,22,1
P001,HRTF_A,5,4.681,-15.17,-8.75,22,1
P001,HRTF_A,5,4.695,-16.18,-8.78,22,1
P001,HRTF_A,5,4.709,-17.18,-8.82,22,1
P001,HRTF_A,5,4.723,-18.22,-8.82,22,1
P001,HRTF_A,5,4.737,-19.24,-8.81,22,1
P001,HRTF_A,5,4.751,-20.23,-8.82,22,1
P001,HRTF_A,5,4.765,-21.17,-8.79,22,1
P001,HRTF_A,5,4.778,-22.06,-8.68,22,1
P001,HRTF_A,5,4.792,-22.93,-8.58,22,1
P001,HRTF_A,5,4.807,-23.67,-8.44,22,1
P001,HRTF_A,5,4.820,-24.38,-8.27,22,1
P001,HRTF_A,5,4.834,-24.99,-8.10,22,1
P001,HRTF_A,5,4.848,-25.50,-8.06,22,1
P001,HRTF_A,5,4.862,-26.01,-8.04,22,1
P001,HRTF_A,5,4.876,-26.44,-8.01,22,1
P001,HRTF_A,5,4.890,-26.76,-8.00,22,1
P001,HRTF_A,5,4.904,-27.04,-7.98,22,1
P001,HRTF_A,5,4.917,-27.30,-7.98,22,1
P001,HRTF_A,5,4.931,-27.46,-8.02,22,1
P001,HRTF_A,5,4.946,-27.55,-8.07,22,1
P001,HRTF_A,5,4.959,-27.61,-8.11,22,1
P001,HRTF_A,5,4.973,-27.62,-8.12,22,1
P001,HRTF_A,5,4.987,-27.63,-8.11,22,1
P001,HRTF_A,5,5.001,-27.60,-8.07,22,1
P001,HRTF_A,5,5.015,-27.55,-8.06,22,1
P001,HRTF_A,5,5.029,-27.50,-8.05,22,1
P001,HRTF_A,5,5.042,-27.45,-8.07,22,1
P001,HRTF_A,5,5.056,-27.37,-8.18,22,1
P001,HRTF_A,5,5.070,-27.32,-8.28,22,1
P001,HRTF_A,5,5.084,-27.29,-8.37,22,1
P001,HRTF_A,5,5.098,-27.28,-8.44,22,1
P001,HRTF_A,5,5.112,-27.27,-8.49,22,1
P001,HRTF_A,5,5.126,-27.28,-8.51,22,1
P001,HRTF_A,5,5.140,-27.28,-8.56,22,1
P001,HRTF_A,5,5.154,-27.30,-8.63,22,1
P001,HRTF_A,5,5.167,-27.34,-8.69,22,1
P001,HRTF_A,5,5.181,-27.43,-8.75,22,1
P001,HRTF_A,5,5.195,-27.51,-8.78,22,1
P001,HRTF_A,5,5.209,-27.56,-8.81,22,1
P001,HRTF_A,5,5.223,-27.60,-8.86,22,1
P001,HRTF_A,5,5.237,-27.66,-8.88,22,1
P001,HRTF_A,5,5.251,-27.73,-8.88,22,1
P001,HRTF_A,5,5.264,-27.81,-8.86,22,1
P001,HRTF_A,5,5.278,-27.85,-8.83,22,1
P001,HRTF_A,5,5.292,-27.90,-8.82,22,1
P001,HRTF_A,5,5.306,-27.92,-8.81,22,1
P001,HRTF_A,5,5.320,-27.91,-8.79,22,1
P001,HRTF_A,5,5.334,-27.92,-8.77,22,1
P001,HRTF_A,5,5.348,-27.92,-8.72,22,1
P001,HRTF_A,5,5.362,-27.91,-8.64,22,1
P001,HRTF_A,5,5.375,-27.88,-8.56,22,1
P001,HRTF_A,5,5.389,-27.85,-8.50,22,1
P001,HRTF_A,5,5.403,-27.82,-8.49,22,1
P001,HRTF_A,5,5.417,-27.79,-8.49,22,1
P001,HRTF_A,5,5.431,-27.76,-8.50,22,1
P001,HRTF_A,5,5.445,-27.71,-8.44,22,1
P001,HRTF_A,5,5.459,-27.66,-8.39,22,1
P001,HRTF_A,5,5.473,-27.61,-8.33,22,1
P001,HRTF_A,5,5.487,-27.56,-8.29,22,1
P001,HRTF_A,5,5.500,-27.50,-8.30,22,1
P001,HRTF_A,5,5.514,-27.45,-8.31,22,1
P001,HRTF_A,5,5.528,-27.39,-8.31,22,1
P001,HRTF_A,5,5.542,-27.35,-8.30,22,1
P001,HRTF_A,5,5.556,-27.31,-8.27,22,1
P001,HRTF_A,5,5.570,-27.23,-8.24,22,1
P001,HRTF_A,5,5.584,-27.18,-8.25,22,1
P001,HRTF_A,5,5.598,-27.13,-8.27,22,1
P001,HRTF_A,5,5.612,-27.08,-8.28,22,1
P001,HRTF_A,5,5.625,-27.02,-8.31,22,1
P001,HRTF_A,5,5.639,-26.96,-8.32,22,1
P001,HRTF_A,5,5.653,-26.91,-8.30,22,1
P001,HRTF_A,5,5.667,-26.85,-8.28,22,1
P001,HRTF_A,5,5.681,-26.80,-8.25,22,1
P001,HRTF_A,5,5.695,-26.75,-8.23,22,1
P001,HRTF_A,5,5.709,-26.71,-8.23,22,1
P001,HRTF_A,5,5.723,-26.65,-8.23,22,1
P001,HRTF_A,5,5.737,-26.60,-8.24,22,1
P001,HRTF_A,5,5.751,-26.56,-8.23,22,1
P001,HRTF_A,5,5.764,-26.52,-8.21,22,1
P001,HRTF_A,5,5.778,-26.48,-8.18,22,1
P001,HRTF_A,5,5.792,-26.45,-8.19,22,1
P001,HRTF_A,5,5.806,-26.40,-8.18,22,1
P001,HRTF_A,5,5.820,-26.40,-8.19,22,1
P001,HRTF_A,5,5.834,-26.38,-8.20,22,1
P001,HRTF_A,5,5.848,-26.35,-8.19,22,1
P001,HRTF_A,5,5.862,-26.32,-8.19,22,1
P001,HRTF_A,5,5.876,-26.28,-8.17,22,1
P001,HRTF_A,5,5.889,-26.23,-8.13,22,1
P001,HRTF_A,5,5.903,-26.19,-8.09,22,1
P001,HRTF_A,5,5.917,-26.16,-8.07,22,1
P001,HRTF_A,5,5.931,-26.19,-7.99,22,1
P001,HRTF_A,5,5.945,-26.28,-7.89,22,1
P001,HRTF_A,5,5.959,-26.33,-7.81,22,1
P001,HRTF_A,5,5.973,-26.34,-7.81,22,1
P001,HRTF_A,5,5.987,-26.35,-7.74,22,1
P001,HRTF_A,5,6.000,-26.37,-7.67,22,1
P001,HRTF_A,5,6.015,-26.40,-7.60,22,1
P001,HRTF_A,5,6.028,-26.33,-7.49,22,1
P001,HRTF_A,5,6.042,-26.15,-7.39,22,1
P001,HRTF_A,5,6.056,-25.93,-7.27,22,1
P001,HRTF_A,5,6.070,-25.62,-7.15,22,1
P001,HRTF_A,5,6.084,-25.23,-7.05,22,1
P001,HRTF_A,5,6.098,-24.84,-6.91,22,1
P001,HRTF_A,5,6.112,-24.37,-6.80,22,1
P001,HRTF_A,5,6.125,-23.82,-6.67,22,1
P001,HRTF_A,5,6.139,-23.25,-6.55,22,1
P001,HRTF_A,5,6.153,-22.64,-6.43,22,1
P001,HRTF_A,5,6.167,-22.11,-6.32,22,1
P001,HRTF_A,5,6.181,-21.58,-6.21,22,1
P001,HRTF_A,5,6.195,-21.10,-6.07,22,1
P001,HRTF_A,5,6.209,-20.65,-5.95,22,1
P001,HRTF_A,5,6.223,-20.27,-5.84,22,1
P001,HRTF_A,5,6.237,-19.96,-5.72,22,1
P001,HRTF_A,5,6.251,-19.67,-5.65,22,1
P001,HRTF_A,5,6.264,-19.47,-5.56,22,1
P001,HRTF_A,5,6.278,-19.32,-5.47,22,1
P001,HRTF_A,5,6.292,-19.11,-5.37,22,1
P001,HRTF_A,5,6.306,-18.89,-5.26,22,1
P001,HRTF_A,5,6.320,-18.71,-5.16,22,1
P001,HRTF_A,5,6.334,-18.59,-5.09,22,1
P001,HRTF_A,5,6.348,-18.46,-5.05,22,1
P001,HRTF_A,5,6.361,-18.33,-5.00,22,1
P001,HRTF_A,5,6.375,-18.18,-4.91,22,1
P001,HRTF_A,5,6.389,-18.02,-4.82,22,1
P001,HRTF_A,5,6.403,-17.81,-4.71,22,1
P001,HRTF_A,5,6.417,-17.55,-4.59,22,1
P001,HRTF_A,5,6.431,-17.32,-4.50,22,1
P001,HRTF_A,5,6.445,-17.05,-4.39,22,1
P001,HRTF_A,5,6.459,-16.77,-4.29,22,1
P001,HRTF_A,5,6.473,-16.44,-4.17,22,1
P001,HRTF_A,5,6.487,-16.16,-4.01,22,1
P001,HRTF_A,5,6.500,-15.90,-3.88,22,1
P001,HRTF_A,5,6.515,-15.64,-3.77,22,1
P001,HRTF_A,5,6.528,-15.42,-3.68,22,1
P001,HRTF_A,5,6.542,-15.23,-3.64,22,1
P001,HRTF_A,5,6.556,-15.05,-3.58,22,1
P001,HRTF_A,5,6.570,-14.88,-3.54,22,1
P001,HRTF_A,5,6.584,-14.75,-3.49,22,1
P001,HRTF_A,5,6.598,-14.62,-3.47,22,1
P001,HRTF_A,5,6.611,-14.53,-3.45,22,1
P001,HRTF_A,5,6.625,-14.45,-3.43,22,1
P001,HRTF_A,5,6.639,-14.39,-3.41,22,1
P001,HRTF_A,5,6.653,-14.34,-3.41,22,1
P001,HRTF_A,5,6.667,-14.33,-3.39,22,1
P001,HRTF_A,5,6.681,-14.32,-3.37,22,1
P001,HRTF_A,5,6.695,-14.34,-3.38,22,1
P001,HRTF_A,5,6.709,-14.36,-3.41,22,1
P001,HRTF_A,5,6.723,-14.38,-3.47,22,1
P001,HRTF_A,5,6.737,-14.41,-3.53,22,1
P001,HRTF_A,5,6.750,-14.44,-3.57,22,1
P001,HRTF_A,5,6.765,-14.46,-3.61,22,1
P001,HRTF_A,5,6.778,-14.47,-3.62,22,1
P001,HRTF_A,5,6.792,-14.48,-3.64,22,1
P001,HRTF_A,5,6.807,-14.51,-3.65,22,1
P001,HRTF_A,5,6.820,-14.59,-3.70,22,1
P001,HRTF_A,5,6.834,-14.69,-3.74,22,1
P001,HRTF_A,5,6.848,-14.82,-3.73,22,1
P001,HRTF_A,5,6.862,-14.96,-3.71,22,1
P001,HRTF_A,5,6.875,-15.06,-3.70,22,1
P001,HRTF_A,5,6.890,-15.21,-3.76,22,1
P001,HRTF_A,5,6.903,-15.39,-3.82,22,1
P001,HRTF_A,5,6.917,-15.58,-3.91,22,1
P001,HRTF_A,5,6.931,-15.74,-3.95,22,1
P001,HRTF_A,5,6.945,-15.38,-4.17,22,1
P001,HRTF_A,5,6.959,-15.89,-3.99,22,1
P001,HRTF_A,5,6.973,-15.96,-4.11,22,1
P001,HRTF_A,5,6.987,-16.16,-3.91,22,1
P001,HRTF_A,5,7.001,-16.30,-4.02,22,1
P001,HRTF_A,5,7.014,-16.40,-3.94,22,1
P001,HRTF_A,5,7.028,-16.51,-3.95,22,1
P001,HRTF_A,5,7.042,-16.63,-3.91,22,1
P001,HRTF_A,5,7.056,-16.78,-3.84,22,1
P001,HRTF_A,5,7.070,-16.97,-3.79,22,1
P001,HRTF_A,5,7.084,-17.20,-3.79,22,1
P001,HRTF_A,5,7.098,-17.49,-3.76,22,1
P001,HRTF_A,5,7.112,-17.82,-3.73,22,1
P001,HRTF_A,5,7.125,-18.21,-3.73,22,1
P001,HRTF_A,5,7.139,-18.72,-3.76,22,1
P001,HRTF_A,5,7.153,-19.38,-3.85,22,1
P001,HRTF_A,5,7.167,-20.04,-3.96,22,1
P001,HRTF_A,5,7.181,-20.93,-4.10,22,1
P001,HRTF_A,5,7.195,-21.91,-4.24,22,1
P001,HRTF_A,5,7.209,-23.16,-4.59,22,1
P001,HRTF_A,5,7.223,-24.38,-4.92,22,1
P001,HRTF_A,5,7.237,-25.88,-5.45,22,1
P001,HRTF_A,5,7.251,-27.75,-6.12,22,1
P001,HRTF_A,5,7.264,-29.46,-6.67,22,1
P001,HRTF_A,5,7.278,-31.46,-7.30,22,1
P001,HRTF_A,5,7.292,-33.49,-7.92,22,1
P001,HRTF_A,5,7.306,-35.55,-8.47,22,1
P001,HRTF_A,5,7.320,-37.61,-9.02,22,1
P001,HRTF_A,5,7.334,-39.67,-9.53,22,1
P001,HRTF_A,5,7.348,-41.75,-10.01,22,1
P001,HRTF_A,5,7.362,-43.79,-10.50,22,1
P001,HRTF_A,5,7.375,-45.76,-10.90,22,1
P001,HRTF_A,5,7.389,-47.74,-11.22,22,1
P001,HRTF_A,5,7.403,-49.60,-11.44,22,1
P001,HRTF_A,5,7.417,-51.42,-11.63,22,1
P001,HRTF_A,5,7.431,-53.26,-11.79,22,1
P001,HRTF_A,5,7.445,-55.09,-11.98,22,1
P001,HRTF_A,5,7.459,-56.88,-12.20,22,1
P001,HRTF_A,5,7.473,-58.54,-12.46,22,1
P001,HRTF_A,5,7.487,-60.18,-12.69,22,1
P001,HRTF_A,5,7.500,-61.77,-12.85,22,1
P001,HRTF_A,5,7.515,-63.41,-13.01,22,1
P001,HRTF_A,5,7.528,-64.98,-13.11,22,1
P001,HRTF_A,5,7.542,-66.55,-13.20,22,1
P001,HRTF_A,5,7.556,-68.08,-13.28,22,1
P001,HRTF_A,5,7.570,-69.54,-13.35,22,1
P001,HRTF_A,5,7.584,-70.98,-13.45,22,1
P001,HRTF_A,5,7.598,-72.34,-13.66,22,1
P001,HRTF_A,5,7.612,-73.66,-13.80,22,1
P001,HRTF_A,5,7.626,-74.86,-13.95,22,1
P001,HRTF_A,5,7.640,-75.95,-14.13,22,1
P001,HRTF_A,5,7.653,-77.02,-14.24,22,1
P001,HRTF_A,5,7.667,-78.07,-14.46,22,1
P001,HRTF_A,5,7.681,-79.07,-14.62,22,1
P001,HRTF_A,5,7.695,-80.10,-14.82,22,1
P001,HRTF_A,5,7.709,-81.03,-14.94,22,1
P001,HRTF_A,5,7.723,-81.93,-15.02,22,1
P001,HRTF_A,5,7.737,-82.82,-15.19,22,1
P001,HRTF_A,5,7.751,-83.78,-15.36,22,1
P001,HRTF_A,5,7.765,-84.73,-15.56,22,1
P001,HRTF_A,5,7.779,-85.54,-15.76,22,1
P001,HRTF_A,5,7.792,-86.41,-15.95,22,1
P001,HRTF_A,5,7.807,-87.17,-16.13,22,1
P001,HRTF_A,5,7.820,-87.89,-16.24,22,1
P001,HRTF_A,5,7.834,-88.63,-16.39,22,1
P001,HRTF_A,5,7.848,-89.34,-16.57,22,1
P001,HRTF_A,5,7.862,-90.04,-16.79,22,1
P001,HRTF_A,5,7.876,-90.77,-17.07,22,1
P001,HRTF_A,5,7.890,-91.45,-17.53,22,1
P001,HRTF_A,5,7.903,-92.10,-17.99,22,1
P001,HRTF_A,5,7.917,-92.71,-18.59,22,1
P001,HRTF_A,5,7.931,-93.25,-19.24,22,1
P001,HRTF_A,5,7.945,-93.76,-20.03,22,1
P001,HRTF_A,5,7.959,-94.29,-20.79,22,1
P001,HRTF_A,5,7.973,-94.77,-21.48,22,1
P001,HRTF_A,5,7.987,-95.25,-22.06,22,1
P001,HRTF_A,5,8.001,-95.75,-22.53,22,1
P001,HRTF_A,5,8.015,-96.15,-22.86,22,1
P001,HRTF_A,5,8.029,-96.52,-23.06,22,1
P001,HRTF_A,5,8.043,-96.94,-23.22,22,1
P001,HRTF_A,5,8.056,-97.38,-23.32,22,1
P001,HRTF_A,5,8.070,-97.83,-23.42,22,1
P001,HRTF_A,5,8.084,-98.29,-23.48,22,1
P001,HRTF_A,5,8.098,-98.66,-23.52,22,1
P001,HRTF_A,5,8.112,-99.10,-23.52,22,1
P001,HRTF_A,5,8.126,-99.54,-23.56,22,1
P001,HRTF_A,5,8.140,-99.90,-23.51,22,1
P001,HRTF_A,5,8.154,-100.24,-23.50,22,1
P001,HRTF_A,5,8.168,-100.51,-23.46,22,1
P001,HRTF_A,5,8.182,-100.79,-23.44,22,1
P001,HRTF_A,5,8.195,-100.94,-23.41,22,1
P001,HRTF_A,5,8.209,-101.12,-23.42,22,1
P001,HRTF_A,5,8.223,-101.17,-23.42,22,1
P001,HRTF_A,5,8.237,-101.24,-23.43,22,1
P001,HRTF_A,5,8.251,-101.27,-23.45,22,1
P001,HRTF_A,5,8.265,-101.27,-23.52,22,1
P001,HRTF_A,5,8.279,-101.24,-23.63,22,1
P001,HRTF_A,5,8.292,-101.22,-23.73,22,1
P001,HRTF_A,5,8.307,-101.13,-23.84,22,1
P001,HRTF_A,5,8.320,-101.04,-23.93,22,1
P001,HRTF_A,5,8.334,-100.94,-24.03,22,1
P001,HRTF_A,5,8.348,-100.80,-24.13,22,1
P001,HRTF_A,5,8.362,-100.67,-24.23,22,1
P001,HRTF_A,5,8.376,-100.58,-24.32,22,1
P001,HRTF_A,5,8.390,-100.51,-24.41,22,1
P001,HRTF_A,5,8.404,-100.43,-24.50,22,1
P001,HRTF_A,5,8.418,-100.41,-24.58,22,1
P001,HRTF_A,5,8.431,-100.36,-24.64,22,1
P001,HRTF_A,5,8.445,-100.34,-24.72,22,1
P001,HRTF_A,5,8.459,-100.33,-24.76,22,1
P001,HRTF_A,5,8.473,-100.33,-24.78,22,1
P001,HRTF_A,5,8.487,-100.32,-24.75,22,1
P001,HRTF_A,5,8.501,-100.30,-24.73,22,1
P001,HRTF_A,5,8.515,-100.24,-24.69,22,1
P001,HRTF_A,5,8.529,-100.18,-24.66,22,1
P001,HRTF_A,5,8.543,-100.11,-24.63,22,1
P001,HRTF_A,5,8.556,-100.04,-24.58,22,1
P001,HRTF_A,5,8.570,-99.96,-24.54,22,1
P001,HRTF_A,5,8.584,-99.90,-24.49,22,1
P001,HRTF_A,5,8.598,-99.81,-24.44,22,1
P001,HRTF_A,5,8.612,-99.70,-24.36,22,1
P001,HRTF_A,5,8.626,-99.62,-24.28,22,1
P001,HRTF_A,5,8.640,-99.54,-24.18,22,1
P001,HRTF_A,5,8.654,-99.51,-24.10,22,1
P001,HRTF_A,5,8.668,-99.48,-24.05,22,1
P001,HRTF_A,5,8.682,-99.41,-24.00,22,1
P001,HRTF_A,5,8.695,-99.35,-23.94,22,1
P001,HRTF_A,5,8.709,-99.29,-23.89,22,1
P001,HRTF_A,5,8.723,-99.25,-23.86,22,1
P001,HRTF_A,5,8.737,-99.23,-23.87,22,1
P001,HRTF_A,5,8.751,-99.20,-23.91,22,1
P001,HRTF_A,5,8.765,-99.18,-23.95,22,1
P001,HRTF_A,5,8.779,-99.15,-23.99,22,1
P001,HRTF_A,5,8.793,-99.13,-24.02,22,1
P001,HRTF_A,5,8.806,-99.10,-24.04,22,1
P001,HRTF_A,5,8.820,-99.05,-24.06,22,1
P001,HRTF_A,5,8.834,-99.00,-24.07,22,1
P001,HRTF_A,5,8.848,-98.97,-24.06,22,1
P001,HRTF_A,5,8.862,-98.94,-24.04,22,1
P001,HRTF_A,5,8.876,-98.91,-24.03,22,1
P001,HRTF_A,5,8.890,-98.86,-24.01,22,1
P001,HRTF_A,5,8.904,-98.80,-24.01,22,1
P001,HRTF_A,5,8.917,-98.75,-24.00,22,1
P001,HRTF_A,5,8.932,-98.68,-23.99,22,1
P001,HRTF_A,5,8.945,-98.61,-23.96,22,1
P001,HRTF_A,5,8.959,-98.54,-23.94,22,1
P001,HRTF_A,5,8.973,-98.46,-23.91,22,1
P001,HRTF_A,5,8.987,-98.37,-23.88,22,1
P001,HRTF_A,5,9.001,-98.28,-23.87,22,1
P001,HRTF_A,5,9.015,-98.19,-23.88,22,1
P001,HRTF_A,5,9.029,-98.12,-23.90,22,1
P001,HRTF_A,5,9.043,-98.06,-23.90,22,1
P001,HRTF_A,5,9.056,-98.03,-23.91,22,1
P001,HRTF_A,5,9.070,-97.98,-23.93,22,1
P001,HRTF_A,6,0.014,-16.62,-0.02,20,1
P001,HRTF_A,6,0.031,-16.42,0.01,20,1
P001,HRTF_A,6,0.042,-16.24,0.05,20,1
P001,HRTF_A,6,0.056,-16.07,0.06,20,1
P001,HRTF_A,6,0.069,-15.92,0.08,20,1
P001,HRTF_A,6,0.084,-15.83,0.07,20,1
P001,HRTF_A,6,0.100,-15.73,0.04,20,1
P001,HRTF_A,6,0.111,-15.67,-0.03,20,1
P001,HRTF_A,6,0.125,-15.61,-0.09,20,1
P001,HRTF_A,6,0.139,-15.57,-0.14,20,1
P001,HRTF_A,6,0.153,-15.57,-0.15,20,1
P001,HRTF_A,6,0.167,-15.55,-0.13,20,1
P001,HRTF_A,6,0.180,-15.58,-0.11,20,1
P001,HRTF_A,6,0.194,-15.61,-0.09,20,1
P001,HRTF_A,6,0.208,-15.66,-0.10,20,1
P001,HRTF_A,6,0.222,-15.70,-0.13,20,1
P001,HRTF_A,6,0.236,-15.74,-0.15,20,1
P001,HRTF_A,6,0.250,-15.82,-0.15,20,1
P001,HRTF_A,6,0.264,-15.91,-0.16,20,1
P001,HRTF_A,6,0.278,-16.03,-0.17,20,1
P001,HRTF_A,6,0.292,-16.17,-0.19,20,1
P001,HRTF_A,6,0.305,-16.31,-0.21,20,1
P001,HRTF_A,6,0.319,-16.46,-0.24,20,1
P001,HRTF_A,6,0.333,-16.62,-0.28,20,1
P001,HRTF_A,6,0.347,-16.79,-0.35,20,1
P001,HRTF_A,6,0.361,-16.99,-0.44,20,1
P001,HRTF_A,6,0.375,-17.19,-0.55,20,1
P001,HRTF_A,6,0.389,-17.38,-0.66,20,1
P001,HRTF_A,6,0.402,-17.60,-0.80,20,1
P001,HRTF_A,6,0.416,-17.80,-0.92,20,1
P001,HRTF_A,6,0.430,-18.03,-1.02,20,1
P001,HRTF_A,6,0.444,-18.27,-1.12,20,1
P001,HRTF_A,6,0.458,-18.52,-1.22,20,1
P001,HRTF_A,6,0.472,-18.79,-1.32,20,1
P001,HRTF_A,6,0.486,-19.11,-1.46,20,1
P001,HRTF_A,6,0.500,-19.42,-1.58,20,1
P001,HRTF_A,6,0.514,-19.78,-1.74,20,1
P001,HRTF_A,6,0.528,-20.19,-1.90,20,1
P001,HRTF_A,6,0.542,-20.68,-2.06,20,1
P001,HRTF_A,6,0.555,-21.17,-2.21,20,1
P001,HRTF_A,6,0.569,-21.76,-2.47,20,1
P001,HRTF_A,6,0.583,-22.35,-2.69,20,1
P001,HRTF_A,6,0.597,-23.18,-3.03,20,1
P001,HRTF_A,6,0.611,-23.95,-3.33,20,1
P001,HRTF_A,6,0.625,-24.81,-3.64,20,1
P001,HRTF_A,6,0.639,-25.80,-3.95,20,1
P001,HRTF_A,6,0.653,-26.74,-4.25,20,1
P001,HRTF_A,6,0.666,-27.73,-4.55,20,1
P001,HRTF_A,6,0.681,-28.63,-4.83,20,1
P001,HRTF_A,6,0.694,-29.45,-5.12,20,1
P001,HRTF_A,6,0.708,-30.19,-5.37,20,1
P001,HRTF_A,6,0.722,-30.89,-5.52,20,1
P001,HRTF_A,6,0.736,-31.54,-5.64,20,1
P001,HRTF_A,6,0.750,-32.08,-5.72,20,1
P001,HRTF_A,6,0.764,-32.55,-5.78,20,1
P001,HRTF_A,6,0.777,-32.91,-5.80,20,1
P001,HRTF_A,6,0.791,-33.22,-5.80,20,1
P001,HRTF_A,6,0.805,-33.52,-5.82,20,1
P001,HRTF_A,6,0.819,-33.73,-5.81,20,1
P001,HRTF_A,6,0.833,-33.80,-5.76,20,1
P001,HRTF_A,6,0.847,-33.88,-5.72,20,1
P001,HRTF_A,6,0.861,-33.95,-5.66,20,1
P001,HRTF_A,6,0.875,-33.95,-5.59,20,1
P001,HRTF_A,6,0.888,-33.93,-5.52,20,1
P001,HRTF_A,6,0.902,-33.89,-5.47,20,1
P001,HRTF_A,6,0.916,-33.85,-5.43,20,1
P001,HRTF_A,6,0.930,-33.80,-5.38,20,1
P001,HRTF_A,6,0.944,-33.75,-5.33,20,1
P001,HRTF_A,6,0.958,-33.68,-5.29,20,1
P001,HRTF_A,6,0.972,-33.57,-5.24,20,1
P001,HRTF_A,6,0.986,-33.49,-5.19,20,1
P001,HRTF_A,6,1.000,-33.42,-5.15,20,1
P001,HRTF_A,6,1.014,-33.33,-5.10,20,1
P001,HRTF_A,6,1.027,-33.25,-5.04,20,1
P001,HRTF_A,6,1.042,-33.18,-4.98,20,1
P001,HRTF_A,6,1.055,-33.13,-4.92,20,1
P001,HRTF_A,6,1.069,-33.10,-4.85,20,1
P001,HRTF_A,6,1.083,-33.05,-4.80,20,1
P001,HRTF_A,6,1.097,-33.00,-4.77,20,1
P001,HRTF_A,6,1.111,-32.93,-4.73,20,1
P001,HRTF_A,6,1.125,-32.90,-4.72,20,1
P001,HRTF_A,6,1.139,-32.90,-4.71,20,1
P001,HRTF_A,6,1.153,-32.91,-4.69,20,1
P001,HRTF_A,6,1.166,-32.90,-4.69,20,1
P001,HRTF_A,6,1.180,-32.92,-4.69,20,1
P001,HRTF_A,6,1.194,-32.92,-4.70,20,1
P001,HRTF_A,6,1.208,-32.94,-4.72,20,1
P001,HRTF_A,6,1.222,-32.98,-4.76,20,1
P001,HRTF_A,6,1.236,-32.99,-4.78,20,1
P001,HRTF_A,6,1.250,-33.01,-4.78,20,1
P001,HRTF_A,6,1.264,-33.00,-4.74,20,1
P001,HRTF_A,6,1.278,-33.00,-4.71,20,1
P001,HRTF_A,6,1.292,-32.98,-4.66,20,1
P001,HRTF_A,6,1.306,-32.97,-4.62,20,1
P001,HRTF_A,6,1.320,-32.94,-4.58,20,1
P001,HRTF_A,6,1.333,-32.91,-4.55,20,1
P001,HRTF_A,6,1.347,-32.87,-4.52,20,1
P001,HRTF_A,6,1.361,-32.87,-4.51,20,1
P001,HRTF_A,6,1.375,-32.86,-4.49,20,1
P001,HRTF_A,6,1.389,-32.85,-4.47,20,1
P001,HRTF_A,6,1.403,-32.83,-4.46,20,1
P001,HRTF_A,6,1.416,-32.80,-4.46,20,1
P001,HRTF_A,6,1.430,-32.77,-4.47,20,1
P001,HRTF_A,6,1.444,-32.74,-4.46,20,1
P001,HRTF_A,6,1.458,-32.73,-4.45,20,1
P001,HRTF_A,6,1.472,-32.71,-4.44,20,1
P001,HRTF_A,6,1.486,-32.68,-4.43,20,1
P001,HRTF_A,6,1.500,-32.64,-4.43,20,1
P001,HRTF_A,6,1.513,-32.62,-4.42,20,1
P001,HRTF_A,6,1.527,-32.58,-4.42,20,1
P001,HRTF_A,6,1.541,-32.58,-4.42,20,1
P001,HRTF_A,6,1.555,-32.60,-4.41,20,1
P001,HRTF_A,6,1.569,-32.54,-4.32,20,1
P001,HRTF_A,6,1.583,-32.58,-4.34,20,1
P001,HRTF_A,6,1.597,-32.57,-4.33,20,1
P001,HRTF_A,6,1.611,-32.58,-4.31,20,1
P001,HRTF_A,6,1.625,-32.60,-4.30,20,1
P001,HRTF_A,6,1.639,-32.60,-4.30,20,1
P001,HRTF_A,6,1.652,-32.57,-4.29,20,1
P001,HRTF_A,6,1.666,-32.53,-4.25,20,1
P001,HRTF_A,6,1.680,-32.50,-4.20,20,1
P001,HRTF_A,6,1.694,-32.45,-4.15,20,1
P001,HRTF_A,6,1.708,-32.41,-4.10,20,1
P001,HRTF_A,6,1.722,-32.35,-4.07,20,1
P001,HRTF_A,6,1.736,-32.29,-4.02,20,1
P001,HRTF_A,6,1.750,-32.22,-3.97,20,1
P001,HRTF_A,6,1.763,-32.14,-3.96,20,1
P001,HRTF_A,6,1.777,-32.08,-3.92,20,1
P001,HRTF_A,6,1.791,-32.01,-3.88,20,1
P001,HRTF_A,6,1.805,-31.95,-3.85,20,1
P001,HRTF_A,6,1.819,-31.88,-3.82,20,1
P001,HRTF_A,6,1.833,-31.84,-3.78,20,1
P001,HRTF_A,6,1.847,-31.81,-3.76,20,1
P001,HRTF_A,6,1.861,-31.76,-3.72,20,1
P001,HRTF_A,6,1.874,-31.75,-3.68,20,1
P001,HRTF_A,6,1.888,-31.74,-3.65,20,1
P001,HRTF_A,6,1.902,-31.73,-3.63,20,1
P001,HRTF_A,6,1.916,-31.73,-3.60,20,1
P001,HRTF_A,6,1.930,-31.73,-3.59,20,1
P001,HRTF_A,6,1.944,-31.75,-3.59,20,1
P001,HRTF_A,6,1.958,-31.76,-3.58,20,1
P001,HRTF_A,6,1.972,-31.77,-3.57,20,1
P001,HRTF_A,6,1.986,-31.78,-3.57,20,1
P001,HRTF_A,6,1.999,-31.80,-3.57,20,1
P001,HRTF_A,6,2.013,-31.81,-3.56,20,1
P001,HRTF_A,6,2.027,-31.81,-3.56,20,1
P001,HRTF_A,6,2.041,-31.81,-3.58,20,1
P001,HRTF_A,6,2.055,-31.80,-3.59,20,1
P001,HRTF_A,6,2.069,-31.79,-3.59,20,1
P001,HRTF_A,6,2.083,-31.78,-3.58,20,1
P001,HRTF_A,6,2.097,-31.76,-3.55,20,1
P001,HRTF_A,6,2.111,-31.75,-3.51,20,1
P001,HRTF_A,6,2.124,-31.76,-3.50,20,1
P001,HRTF_A,6,2.138,-31.74,-3.48,20,1
P001,HRTF_A,6,2.152,-31.73,-3.49,20,1
P001,HRTF_A,6,2.166,-31.70,-3.53,20,1
P001,HRTF_A,6,2.180,-31.68,-3.54,20,1
P001,HRTF_A,6,2.194,-31.66,-3.55,20,1
P001,HRTF_A,6,2.208,-31.64,-3.55,20,1
P001,HRTF_A,6,2.222,-31.63,-3.56,20,1
P001,HRTF_A,6,2.236,-31.61,-3.58,20,1
P001,HRTF_A,6,2.250,-31.60,-3.61,20,1
P001,HRTF_A,6,2.263,-31.60,-3.61,20,1
P001,HRTF_A,6,2.277,-31.59,-3.59,20,1
P001,HRTF_A,6,2.291,-31.61,-3.56,20,1
P001,HRTF_A,6,2.305,-31.64,-3.53,20,1
P001,HRTF_A,6,2.319,-31.67,-3.48,20,1
P001,HRTF_A,6,2.333,-31.72,-3.49,20,1
P001,HRTF_A,6,2.347,-31.80,-3.49,20,1
P001,HRTF_A,6,2.361,-31.88,-3.52,20,1
P001,HRTF_A,6,2.374,-32.01,-3.58,20,1
P001,HRTF_A,6,2.388,-32.18,-3.66,20,1
P001,HRTF_A,6,2.402,-32.37,-3.76,20,1
P001,HRTF_A,6,2.416,-32.62,-3.89,20,1
P001,HRTF_A,6,2.430,-32.94,-4.09,20,1
P001,HRTF_A,6,2.444,-33.26,-4.25,20,1
P001,HRTF_A,6,2.458,-33.77,-4.52,20,1
P001,HRTF_A,6,2.472,-34.33,-4.80,20,1
P001,HRTF_A,6,2.486,-34.94,-5.11,20,1
P001,HRTF_A,6,2.499,-35.68,-5.44,20,1
P001,HRTF_A,6,2.513,-36.47,-5.79,20,1
P001,HRTF_A,6,2.527,-37.31,-6.14,20,1
P001,HRTF_A,6,2.541,-38.31,-6.51,20,1
P001,HRTF_A,6,2.555,-39.40,-7.02,20,1
P001,HRTF_A,6,2.569,-40.55,-7.51,20,1
P001,HRTF_A,6,2.583,-41.76,-8.04,20,1
P001,HRTF_A,6,2.597,-43.07,-8.60,20,1
P001,HRTF_A,6,2.611,-44.48,-9.18,20,1
P001,HRTF_A,6,2.625,-46.08,-9.76,20,1
P001,HRTF_A,6,2.638,-47.70,-10.31,20,1
P001,HRTF_A,6,2.652,-49.34,-10.84,20,1
P001,HRTF_A,6,2.666,-51.04,-11.34,20,1
P001,HRTF_A,6,2.680,-52.92,-11.85,20,1
P001,HRTF_A,6,2.694,-54.85,-12.27,20,1
P001,HRTF_A,6,2.708,-56.81,-12.66,20,1
P001,HRTF_A,6,2.722,-58.71,-13.02,20,1
P001,HRTF_A,6,2.736,-60.70,-13.29,20,1
P001,HRTF_A,6,2.750,-62.76,-13.51,20,1
P001,HRTF_A,6,2.763,-64.73,-13.73,20,1
P001,HRTF_A,6,2.777,-66.68,-13.91,20,1
P001,HRTF_A,6,2.791,-68.56,-14.04,20,1
P001,HRTF_A,6,2.805,-70.40,-14.13,20,1
P001,HRTF_A,6,2.819,-72.18,-14.23,20,1
P001,HRTF_A,6,2.833,-73.98,-14.27,20,1
P001,HRTF_A,6,2.847,-75.70,-14.36,20,1
P001,HRTF_A,6,2.861,-77.42,-14.45,20,1
P001,HRTF_A,6,2.874,-79.05,-14.53,20,1
P001,HRTF_A,6,2.888,-80.68,-14.57,20,1
P001,HRTF_A,6,2.902,-82.25,-14.68,20,1
P001,HRTF_A,6,2.916,-83.87,-14.79,20,1
P001,HRTF_A,6,2.930,-85.50,-14.94,20,1
P001,HRTF_A,6,2.944,-87.11,-15.08,20,1
P001,HRTF_A,6,2.958,-88.75,-15.24,20,1
P001,HRTF_A,6,2.972,-90.37,-15.34,20,1
P001,HRTF_A,6,2.986,-92.01,-15.47,20,1
P001,HRTF_A,6,2.999,-93.65,-15.59,20,1
P001,HRTF_A,6,3.013,-95.28,-15.79,20,1
P001,HRTF_A,6,3.027,-96.73,-15.95,20,1
P001,HRTF_A,6,3.041,-98.12,-16.13,20,1
P001,HRTF_A,6,3.055,-99.39,-16.38,20,1
P001,HRTF_A,6,3.069,-100.62,-16.84,20,1
P001,HRTF_A,6,3.083,-101.89,-17.18,20,1
P001,HRTF_A,6,3.097,-103.06,-17.59,20,1
P001,HRTF_A,6,3.111,-104.12,-18.00,20,1
P001,HRTF_A,6,3.124,-105.15,-18.47,20,1
P001,HRTF_A,6,3.138,-106.23,-18.93,20,1
P001,HRTF_A,6,3.152,-107.36,-19.35,20,1
P001,HRTF_A,6,3.166,-108.51,-19.70,20,1
P001,HRTF_A,6,3.180,-109.73,-20.03,20,1
P001,HRTF_A,6,3.194,-111.07,-20.29,20,1
P001,HRTF_A,6,3.208,-112.54,-20.40,20,1
P001,HRTF_A,6,3.222,-113.90,-20.54,20,1
P001,HRTF_A,6,3.235,-115.38,-20.57,20,1
P001,HRTF_A,6,3.250,-116.93,-20.56,20,1
P001,HRTF_A,6,3.263,-118.43,-20.52,20,1
P001,HRTF_A,6,3.277,-119.90,-20.45,20,1
P001,HRTF_A,6,3.291,-121.22,-20.33,20,1
P001,HRTF_A,6,3.305,-122.43,-20.18,20,1
P001,HRTF_A,6,3.319,-123.56,-20.05,20,1
P001,HRTF_A,6,3.333,-124.60,-19.92,20,1
P001,HRTF_A,6,3.347,-125.46,-19.76,20,1
P001,HRTF_A,6,3.361,-126.03,-19.58,20,1
P001,HRTF_A,6,3.374,-126.55,-19.42,20,1
P001,HRTF_A,6,3.388,-126.98,-19.24,20,1
P001,HRTF_A,6,3.402,-127.16,-18.97,20,1
P001,HRTF_A,6,3.416,-127.17,-18.61,20,1
P001,HRTF_A,6,3.430,-127.04,-18.21,20,1
P001,HRTF_A,6,3.444,-126.99,-17.87,20,1
P001,HRTF_A,6,3.458,-126.71,-17.48,20,1
P001,HRTF_A,6,3.472,-126.51,-17.13,20,1
P001,HRTF_A,6,3.486,-126.06,-16.65,20,1
P001,HRTF_A,6,3.499,-125.51,-16.08,20,1
P001,HRTF_A,6,3.513,-124.93,-15.45,20,1
P001,HRTF_A,6,3.527,-124.19,-14.69,20,1
P001,HRTF_A,6,3.541,-123.42,-13.88,20,1
P001,HRTF_A,6,3.555,-122.60,-13.04,20,1
P001,HRTF_A,6,3.569,-121.80,-12.08,20,1
P001,HRTF_A,6,3.583,-121.10,-11.06,20,1
P001,HRTF_A,6,3.597,-120.44,-10.02,20,1
P001,HRTF_A,6,3.610,-119.79,-8.98,20,1
P001,HRTF_A,6,3.624,-119.25,-8.01,20,1
P001,HRTF_A,6,3.638,-118.73,-7.02,20,1
P001,HRTF_A,6,3.652,-118.37,-5.99,20,1
P001,HRTF_A,6,3.666,-118.08,-4.97,20,1
P001,HRTF_A,6,3.680,-117.84,-4.02,20,1
P001,HRTF_A,6,3.694,-117.60,-3.03,20,1
P001,HRTF_A,6,3.708,-117.45,-2.06,20,1
P001,HRTF_A,6,3.722,-117.28,-1.02,20,1
P001,HRTF_A,6,3.735,-117.08,0.06,20,1
P001,HRTF_A,6,3.749,-116.83,1.18,20,1
P001,HRTF_A,6,3.763,-116.55,2.33,20,1
P001,HRTF_A,6,3.777,-116.33,3.45,20,1
P001,HRTF_A,6,3.791,-116.08,4.68,20,1
P001,HRTF_A,6,3.805,-115.85,5.86,20,1
P001,HRTF_A,6,3.819,-115.59,7.01,20,1
P001,HRTF_A,6,3.833,-115.33,8.21,20,1
P001,HRTF_A,6,3.847,-115.07,9.44,20,1
P001,HRTF_A,6,3.860,-114.87,10.80,20,1
P001,HRTF_A,6,3.874,-114.69,12.09,20,1
P001,HRTF_A,6,3.888,-114.49,13.33,20,1
P001,HRTF_A,6,3.902,-114.44,14.54,20,1
P001,HRTF_A,6,3.916,-114.28,15.78,20,1
P001,HRTF_A,6,3.930,-114.32,16.92,20,1
P001,HRTF_A,6,3.944,-114.40,18.00,20,1
P001,HRTF_A,6,3.958,-114.55,18.88,20,1
P001,HRTF_A,6,3.972,-114.50,19.76,20,1
P001,HRTF_A,6,3.985,-114.89,20.44,20,1
P001,HRTF_A,6,3.999,-115.18,20.96,20,1
P001,HRTF_A,6,4.013,-115.45,21.51,20,1
P001,HRTF_A,6,4.027,-115.69,22.04,20,1
P001,HRTF_A,6,4.041,-115.96,22.34,20,1
P001,HRTF_A,6,4.055,-116.20,22.68,20,1
P001,HRTF_A,6,4.069,-116.33,22.93,20,1
P001,HRTF_A,6,4.083,-116.47,23.19,20,1
P001,HRTF_A,6,4.097,-116.59,23.38,20,1
P001,HRTF_A,6,4.110,-116.66,23.48,20,1
P001,HRTF_A,6,4.124,-116.73,23.38,20,1
P001,HRTF_A,6,4.138,-116.82,23.34,20,1
P001,HRTF_A,6,4.152,-116.82,23.31,20,1
P001,HRTF_A,6,4.166,-116.75,23.24,20,1
P001,HRTF_A,6,4.180,-116.67,23.22,20,1
P001,HRTF_A,6,4.194,-116.57,23.15,20,1
P001,HRTF_A,6,4.208,-116.48,23.00,20,1
P001,HRTF_A,6,4.222,-116.32,22.82,20,1
P001,HRTF_A,6,4.235,-116.13,22.60,20,1
P001,HRTF_A,6,4.249,-115.89,22.49,20,1
P001,HRTF_A,6,4.263,-115.65,22.38,20,1
P001,HRTF_A,6,4.277,-115.42,22.24,20,1
P001,HRTF_A,6,4.291,-115.18,22.05,20,1
P001,HRTF_A,6,4.305,-114.94,21.81,20,1
P001,HRTF_A,6,4.319,-114.77,21.59,20,1
P001,HRTF_A,6,4.333,-114.58,21.43,20,1
P001,HRTF_A,6,4.347,-114.39,21.32,20,1
P001,HRTF_A,6,4.360,-114.22,21.27,20,1
P001,HRTF_A,6,4.374,-114.10,21.14,20,1
P001,HRTF_A,6,4.388,-114.02,21.01,20,1
P001,HRTF_A,6,4.402,-113.98,20.87,20,1
P001,HRTF_A,6,4.416,-113.93,20.77,20,1
P001,HRTF_A,6,4.430,-113.90,20.73,20,1
P001,HRTF_A,6,4.444,-113.89,20.67,20,1
P001,HRTF_A,6,4.458,-113.88,20.55,20,1
P001,HRTF_A,6,4.472,-113.88,20.41,20,1
P001,HRTF_A,6,4.485,-113.85,20.25,20,1
P001,HRTF_A,6,4.499,-113.84,20.11,20,1
P001,HRTF_A,6,4.513,-113.80,19.99,20,1
P001,HRTF_A,6,4.527,-113.77,19.83,20,1
P001,HRTF_A,6,4.541,-113.76,19.66,20,1
P001,HRTF_A,6,4.555,-113.81,19.44,20,1
P001,HRTF_A,6,4.569,-113.82,19.27,20,1
P001,HRTF_A,6,4.582,-113.83,19.12,20,1
P001,HRTF_A,6,4.597,-113.82,18.95,20,1
P001,HRTF_A,6,4.610,-113.81,18.79,20,1
P001,HRTF_A,6,4.624,-113.80,18.65,20,1
P001,HRTF_A,6,4.638,-113.79,18.56,20,1
P001,HRTF_A,6,4.652,-113.84,18.53,20,1
P001,HRTF_A,6,4.666,-113.90,18.47,20,1
P001,HRTF_A,6,4.680,-113.97,18.44,20,1
P001,HRTF_A,6,4.694,-114.02,18.44,20,1
P001,HRTF_A,6,4.708,-114.06,18.43,20,1
P001,HRTF_A,6,4.721,-114.09,18.48,20,1
P001,HRTF_A,6,4.735,-114.11,18.50,20,1
P001,HRTF_A,6,4.749,-114.14,18.56,20,1
P001,HRTF_A,6,4.763,-114.18,18.58,20,1
P001,HRTF_A,6,4.777,-114.23,18.59,20,1
P001,HRTF_A,6,4.791,-114.28,18.58,20,1
P001,HRTF_A,6,4.805,-114.32,18.61,20,1
P001,HRTF_A,6,4.819,-114.33,18.69,20,1
P001,HRTF_A,6,4.832,-114.34,18.78,20,1
P001,HRTF_A,6,4.846,-114.34,18.85,20,1
P001,HRTF_A,6,4.860,-114.35,18.86,20,1
P001,HRTF_A,6,4.874,-114.38,18.84,20,1
P001,HRTF_A,6,4.888,-114.37,18.81,20,1
P001,HRTF_A,6,4.902,-114.38,18.80,20,1
P001,HRTF_A,6,4.916,-114.36,18.82,20,1
P001,HRTF_A,6,4.930,-114.34,18.88,20,1
P001,HRTF_A,6,4.943,-114.32,18.91,20,1
P001,HRTF_A,6,4.957,-114.29,18.92,20,1
P001,HRTF_A,7,0.014,-16.96,-0.95,13,1
P001,HRTF_A,7,0.030,-16.97,-0.88,13,1
P001,HRTF_A,7,0.041,-16.97,-0.83,13,1
P001,HRTF_A,7,0.055,-16.96,-0.80,13,1
P001,HRTF_A,7,0.069,-16.94,-0.79,13,1
P001,HRTF_A,7,0.083,-16.94,-0.76,13,1
P001,HRTF_A,7,0.097,-16.92,-0.72,13,1
P001,HRTF_A,7,0.111,-16.92,-0.67,13,1
P001,HRTF_A,7,0.125,-16.90,-0.64,13,1
P001,HRTF_A,7,0.141,-16.89,-0.64,13,1
P001,HRTF_A,7,0.153,-16.87,-0.62,13,1
P001,HRTF_A,7,0.167,-16.86,-0.60,13,1
P001,HRTF_A,7,0.181,-16.84,-0.56,13,1
P001,HRTF_A,7,0.194,-16.83,-0.51,13,1
P001,HRTF_A,7,0.208,-16.81,-0.49,13,1
P001,HRTF_A,7,0.223,-16.82,-0.48,13,1
P001,HRTF_A,7,0.236,-16.82,-0.47,13,1
P001,HRTF_A,7,0.250,-16.81,-0.43,13,1
P001,HRTF_A,7,0.264,-16.80,-0.40,13,1
P001,HRTF_A,7,0.277,-16.82,-0.37,13,1
P001,HRTF_A,7,0.292,-16.83,-0.34,13,1
P001,HRTF_A,7,0.305,-16.84,-0.34,13,1
P001,HRTF_A,7,0.319,-16.84,-0.34,13,1
P001,HRTF_A,7,0.333,-16.85,-0.35,13,1
P001,HRTF_A,7,0.347,-16.87,-0.36,13,1
P001,HRTF_A,7,0.361,-16.90,-0.36,13,1
P001,HRTF_A,7,0.375,-16.93,-0.36,13,1
P001,HRTF_A,7,0.389,-16.94,-0.37,13,1
P001,HRTF_A,7,0.403,-16.95,-0.40,13,1
P001,HRTF_A,7,0.417,-16.96,-0.46,13,1
P001,HRTF_A,7,0.430,-16.98,-0.51,13,1
P001,HRTF_A,7,0.444,-17.01,-0.53,13,1
P001,HRTF_A,7,0.458,-17.04,-0.53,13,1
P001,HRTF_A,7,0.472,-17.06,-0.56,13,1
P001,HRTF_A,7,0.486,-17.07,-0.61,13,1
P001,HRTF_A,7,0.500,-17.10,-0.69,13,1
P001,HRTF_A,7,0.514,-17.13,-0.81,13,1
P001,HRTF_A,7,0.528,-17.16,-0.93,13,1
P001,HRTF_A,7,0.541,-17.17,-1.09,13,1
P001,HRTF_A,7,0.555,-17.18,-1.24,13,1
P001,HRTF_A,7,0.569,-17.17,-1.39,13,1
P001,HRTF_A,7,0.583,-17.17,-1.59,13,1
P001,HRTF_A,7,0.597,-17.13,-1.82,13,1
P001,HRTF_A,7,0.611,-17.08,-2.10,13,1
P001,HRTF_A,7,0.625,-17.00,-2.43,13,1
P001,HRTF_A,7,0.639,-16.92,-2.72,13,1
P001,HRTF_A,7,0.653,-16.85,-3.00,13,1
P001,HRTF_A,7,0.667,-16.79,-3.27,13,1
P001,HRTF_A,7,0.680,-16.72,-3.58,13,1
P001,HRTF_A,7,0.694,-16.62,-3.92,13,1
P001,HRTF_A,7,0.708,-16.49,-4.36,13,1
P001,HRTF_A,7,0.722,-16.32,-4.78,13,1
P001,HRTF_A,7,0.736,-16.15,-5.22,13,1
P001,HRTF_A,7,0.750,-15.97,-5.69,13,1
P001,HRTF_A,7,0.764,-15.66,-6.30,13,1
P001,HRTF_A,7,0.778,-15.24,-6.98,13,1
P001,HRTF_A,7,0.792,-14.77,-7.71,13,1
P001,HRTF_A,7,0.805,-14.27,-8.29,13,1
P001,HRTF_A,7,0.819,-13.74,-8.77,13,1
P001,HRTF_A,7,0.833,-13.14,-9.21,13,1
P001,HRTF_A,7,0.847,-12.53,-9.65,13,1
P001,HRTF_A,7,0.861,-11.82,-10.07,13,1
P001,HRTF_A,7,0.875,-10.94,-10.52,13,1
P001,HRTF_A,7,0.889,-9.97,-11.02,13,1
P001,HRTF_A,7,0.903,-8.85,-11.55,13,1
P001,HRTF_A,7,0.917,-7.81,-12.08,13,1
P001,HRTF_A,7,0.930,-6.52,-12.52,13,1
P001,HRTF_A,7,0.944,-5.18,-12.98,13,1
P001,HRTF_A,7,0.958,-3.79,-13.43,13,1
P001,HRTF_A,7,0.972,-2.08,-13.78,13,1
P001,HRTF_A,7,0.986,-0.53,-14.10,13,1
P001,HRTF_A,7,1.000,1.03,-14.42,13,1
P001,HRTF_A,7,1.014,2.60,-14.69,13,1
P001,HRTF_A,7,1.028,4.19,-14.85,13,1
P001,HRTF_A,7,1.042,5.80,-14.95,13,1
P001,HRTF_A,7,1.055,7.38,-15.01,13,1
P001,HRTF_A,7,1.069,8.95,-14.99,13,1
P001,HRTF_A,7,1.083,10.47,-14.99,13,1
P001,HRTF_A,7,1.097,11.99,-15.01,13,1
P001,HRTF_A,7,1.111,13.35,-14.92,13,1
P001,HRTF_A,7,1.125,14.48,-14.76,13,1
P001,HRTF_A,7,1.139,15.45,-14.65,13,1
P001,HRTF_A,7,1.152,16.42,-14.46,13,1
P001,HRTF_A,7,1.166,17.40,-14.23,13,1
P001,HRTF_A,7,1.181,18.36,-13.90,13,1
P001,HRTF_A,7,1.194,19.34,-13.72,13,1
P001,HRTF_A,7,1.208,20.27,-13.51,13,1
P001,HRTF_A,7,1.222,21.30,-13.37,13,1
P001,HRTF_A,7,1.236,22.40,-13.15,13,1
P001,HRTF_A,7,1.250,23.59,-12.92,13,1
P001,HRTF_A,7,1.264,24.70,-12.69,13,1
P001,HRTF_A,7,1.277,25.80,-12.50,13,1
P001,HRTF_A,7,1.291,26.91,-12.34,13,1
P001,HRTF_A,7,1.305,27.95,-12.13,13,1
P001,HRTF_A,7,1.319,28.91,-11.93,13,1
P001,HRTF_A,7,1.333,29.69,-11.69,13,1
P001,HRTF_A,7,1.347,30.35,-11.53,13,1
P001,HRTF_A,7,1.361,30.87,-11.37,13,1
P001,HRTF_A,7,1.375,31.19,-11.30,13,1
P001,HRTF_A,7,1.389,31.42,-11.20,13,1
P001,HRTF_A,7,1.403,31.59,-11.10,13,1
P001,HRTF_A,7,1.417,31.51,-11.09,13,1
P001,HRTF_A,7,1.430,31.35,-11.07,13,1
P001,HRTF_A,7,1.444,31.18,-11.07,13,1
P001,HRTF_A,7,1.458,30.97,-11.06,13,1
P001,HRTF_A,7,1.472,30.69,-11.08,13,1
P001,HRTF_A,7,1.486,30.40,-11.14,13,1
P001,HRTF_A,7,1.500,30.13,-11.19,13,1
P001,HRTF_A,7,1.514,29.86,-11.26,13,1
P001,HRTF_A,7,1.528,29.54,-11.33,13,1
P001,HRTF_A,7,1.542,29.07,-11.42,13,1
P001,HRTF_A,7,1.556,28.43,-11.52,13,1
P001,HRTF_A,7,1.569,27.76,-11.63,13,1
P001,HRTF_A,7,1.583,27.10,-11.74,13,1
P001,HRTF_A,7,1.597,26.33,-11.80,13,1
P001,HRTF_A,7,1.611,25.40,-11.90,13,1
P001,HRTF_A,7,1.625,24.22,-12.04,13,1
P001,HRTF_A,7,1.639,22.85,-12.21,13,1
P001,HRTF_A,7,1.653,21.25,-12.39,13,1
P001,HRTF_A,7,1.666,19.78,-12.55,13,1
P001,HRTF_A,7,1.680,18.22,-12.67,13,1
P001,HRTF_A,7,1.694,16.68,-12.74,13,1
P001,HRTF_A,7,1.708,15.21,-12.80,13,1
P001,HRTF_A,7,1.722,13.85,-12.84,13,1
P001,HRTF_A,7,1.736,12.58,-12.90,13,1
P001,HRTF_A,7,1.750,11.52,-12.95,13,1
P001,HRTF_A,7,1.764,10.68,-12.97,13,1
P001,HRTF_A,7,1.778,9.88,-12.96,13,1
P001,HRTF_A,7,1.792,9.20,-12.99,13,1
P001,HRTF_A,7,1.805,8.65,-12.97,13,1
P001,HRTF_A,7,1.819,8.20,-12.94,13,1
P001,HRTF_A,7,1.833,7.92,-12.85,13,1
P001,HRTF_A,7,1.847,7.82,-12.73,13,1
P001,HRTF_A,7,1.861,7.75,-12.57,13,1
P001,HRTF_A,7,1.875,7.77,-12.40,13,1
P001,HRTF_A,7,1.889,7.97,-12.28,13,1
P001,HRTF_A,7,1.903,8.24,-12.22,13,1
P001,HRTF_A,7,1.917,8.65,-12.18,13,1
P001,HRTF_A,7,1.930,9.16,-12.13,13,1
P001,HRTF_A,7,1.944,9.63,-12.05,13,1
P001,HRTF_A,7,1.958,10.17,-11.95,13,1
P001,HRTF_A,7,1.972,10.79,-11.84,13,1
P001,HRTF_A,7,1.986,11.46,-11.68,13,1
P001,HRTF_A,7,2.000,12.12,-11.42,13,1
P001,HRTF_A,7,2.014,12.78,-11.13,13,1
P001,HRTF_A,7,2.028,13.48,-10.78,13,1
P001,HRTF_A,7,2.042,14.22,-10.33,13,1
P001,HRTF_A,7,2.056,14.94,-9.92,13,1
P001,HRTF_A,7,2.069,15.73,-9.43,13,1
P001,HRTF_A,7,2.083,16.55,-8.93,13,1
P001,HRTF_A,7,2.097,17.40,-8.39,13,1
P001,HRTF_A,7,2.111,18.39,-7.90,13,1
P001,HRTF_A,7,2.125,19.34,-7.39,13,1
P001,HRTF_A,7,2.139,20.45,-6.91,13,1
P001,HRTF_A,7,2.153,21.59,-6.44,13,1
P001,HRTF_A,7,2.167,22.71,-5.97,13,1
P001,HRTF_A,7,2.181,23.87,-5.45,13,1
P001,HRTF_A,7,2.194,25.13,-4.99,13,1
P001,HRTF_A,7,2.208,26.31,-4.59,13,1
P001,HRTF_A,7,2.222,27.57,-4.20,13,1
P001,HRTF_A,7,2.236,28.77,-3.85,13,1
P001,HRTF_A,7,2.250,30.04,-3.53,13,1
P001,HRTF_A,7,2.264,31.28,-3.22,13,1
P001,HRTF_A,7,2.278,32.54,-2.96,13,1
P001,HRTF_A,7,2.292,33.80,-2.67,13,1
P001,HRTF_A,7,2.305,35.07,-2.30,13,1
P001,HRTF_A,7,2.319,36.37,-1.90,13,1
P001,HRTF_A,7,2.333,37.72,-1.38,13,1
P001,HRTF_A,7,2.347,39.04,-0.89,13,1
P001,HRTF_A,7,2.361,40.37,-0.43,13,1
P001,HRTF_A,7,2.375,41.66,-0.01,13,1
P001,HRTF_A,7,2.388,42.97,0.40,13,1
P001,HRTF_A,7,2.402,44.33,0.82,13,1
P001,HRTF_A,7,2.416,45.64,1.25,13,1
P001,HRTF_A,7,2.430,46.97,1.67,13,1
P001,HRTF_A,7,2.444,48.28,2.11,13,1
P001,HRTF_A,7,2.458,49.65,2.50,13,1
P001,HRTF_A,7,2.472,50.96,2.91,13,1
P001,HRTF_A,7,2.486,52.29,3.27,13,1
P001,HRTF_A,7,2.500,53.58,3.65,13,1
P001,HRTF_A,7,2.513,54.85,4.04,13,1
P001,HRTF_A,7,2.527,56.11,4.34,13,1
P001,HRTF_A,7,2.541,57.33,4.63,13,1
P001,HRTF_A,7,2.555,58.48,4.89,13,1
P001,HRTF_A,7,2.569,59.62,5.06,13,1
P001,HRTF_A,7,2.583,60.69,5.22,13,1
P001,HRTF_A,7,2.597,61.70,5.40,13,1
P001,HRTF_A,7,2.611,62.67,5.55,13,1
P001,HRTF_A,7,2.625,63.62,5.66,13,1
P001,HRTF_A,7,2.638,64.57,5.80,13,1
P001,HRTF_A,7,2.652,65.52,5.88,13,1
P001,HRTF_A,7,2.666,66.52,5.97,13,1
P001,HRTF_A,7,2.680,67.56,5.96,13,1
P001,HRTF_A,7,2.694,68.58,5.97,13,1
P001,HRTF_A,7,2.708,69.67,5.96,13,1
P001,HRTF_A,7,2.722,70.70,5.88,13,1
P001,HRTF_A,7,2.736,71.79,5.84,13,1
P001,HRTF_A,7,2.750,72.86,5.79,13,1
P001,HRTF_A,7,2.764,73.95,5.79,13,1
P001,HRTF_A,7,2.777,75.04,5.79,13,1
P001,HRTF_A,7,2.791,76.14,5.77,13,1
P001,HRTF_A,7,2.805,77.20,5.82,13,1
P001,HRTF_A,7,2.819,78.30,5.81,13,1
P001,HRTF_A,7,2.833,79.37,5.86,13,1
P001,HRTF_A,7,2.847,80.43,5.97,13,1
P001,HRTF_A,7,2.861,81.50,6.09,13,1
P001,HRTF_A,7,2.875,82.62,6.20,13,1
P001,HRTF_A,7,2.889,83.70,6.34,13,1
P001,HRTF_A,7,2.902,84.79,6.46,13,1
P001,HRTF_A,7,2.916,85.82,6.55,13,1
P001,HRTF_A,7,2.930,86.88,6.66,13,1
P001,HRTF_A,7,2.944,87.96,6.72,13,1
P001,HRTF_A,7,2.958,88.99,6.70,13,1
P001,HRTF_A,7,2.972,90.06,6.64,13,1
P001,HRTF_A,7,2.986,91.08,6.52,13,1
P001,HRTF_A,7,3.000,92.07,6.39,13,1
P001,HRTF_A,7,3.014,93.05,6.13,13,1
P001,HRTF_A,7,3.027,94.01,5.75,13,1
P001,HRTF_A,7,3.041,95.00,5.19,13,1
P001,HRTF_A,7,3.055,96.02,4.42,13,1
P001,HRTF_A,7,3.069,97.04,3.42,13,1
P001,HRTF_A,7,3.083,98.03,2.43,13,1
P001,HRTF_A,7,3.097,98.96,1.33,13,1
P001,HRTF_A,7,3.111,99.77,0.32,13,1
P001,HRTF_A,7,3.125,100.62,-0.69,13,1
P001,HRTF_A,7,3.139,101.35,-1.83,13,1
P001,HRTF_A,7,3.152,102.00,-2.95,13,1
P001,HRTF_A,7,3.166,102.67,-3.96,13,1
P001,HRTF_A,7,3.180,103.25,-4.92,13,1
P001,HRTF_A,7,3.194,103.84,-5.75,13,1
P001,HRTF_A,7,3.208,104.39,-6.38,13,1
P001,HRTF_A,7,3.222,104.92,-6.80,13,1
P001,HRTF_A,7,3.236,105.58,-7.12,13,1
P001,HRTF_A,7,3.250,106.24,-7.30,13,1
P001,HRTF_A,7,3.264,106.95,-7.34,13,1
P001,HRTF_A,7,3.277,107.68,-7.43,13,1
P001,HRTF_A,7,3.291,108.46,-7.51,13,1
P001,HRTF_A,7,3.305,109.26,-7.60,13,1
P001,HRTF_A,7,3.319,110.03,-7.66,13,1
P001,HRTF_A,7,3.333,110.75,-7.65,13,1
P001,HRTF_A,7,3.347,111.38,-7.63,13,1
P001,HRTF_A,7,3.361,111.96,-7.56,13,1
P001,HRTF_A,7,3.375,112.44,-7.53,13,1
P001,HRTF_A,7,3.388,112.85,-7.51,13,1
P001,HRTF_A,7,3.402,113.18,-7.49,13,1
P001,HRTF_A,7,3.416,113.52,-7.49,13,1
P001,HRTF_A,7,3.430,113.67,-7.48,13,1
P001,HRTF_A,7,3.444,113.94,-7.51,13,1
P001,HRTF_A,7,3.458,114.09,-7.60,13,1
P001,HRTF_A,7,3.472,114.25,-7.67,13,1
P001,HRTF_A,7,3.486,114.39,-7.70,13,1
P001,HRTF_A,7,3.500,114.53,-7.72,13,1
P001,HRTF_A,7,3.514,114.67,-7.74,13,1
P001,HRTF_A,7,3.528,114.81,-7.78,13,1
P001,HRTF_A,7,3.541,114.95,-7.85,13,1
P001,HRTF_A,7,3.555,115.09,-7.94,13,1
P001,HRTF_A,7,3.569,115.23,-8.00,13,1
P001,HRTF_A,7,3.583,115.36,-8.06,13,1
P001,HRTF_A,7,3.597,115.47,-8.12,13,1
P001,HRTF_A,7,3.611,115.53,-8.20,13,1
P001,HRTF_A,7,3.625,115.59,-8.29,13,1
P001,HRTF_A,7,3.639,115.62,-8.38,13,1
P001,HRTF_A,7,3.652,115.66,-8.47,13,1
P001,HRTF_A,7,3.666,115.64,-8.56,13,1
P001,HRTF_A,7,3.680,115.62,-8.66,13,1
P001,HRTF_A,7,3.694,115.54,-8.74,13,1
P001,HRTF_A,7,3.708,115.40,-8.84,13,1
P001,HRTF_A,7,3.722,115.26,-8.90,13,1
P001,HRTF_A,7,3.736,115.09,-8.93,13,1
P001,HRTF_A,7,3.750,114.92,-8.96,13,1
P001,HRTF_A,7,3.764,114.71,-8.97,13,1
P001,HRTF_A,7,3.777,114.48,-8.99,13,1
P001,HRTF_A,7,3.792,114.25,-8.98,13,1
P001,HRTF_A,7,3.805,114.01,-8.98,13,1
P001,HRTF_A,7,3.819,113.79,-8.95,13,1
P001,HRTF_A,7,3.833,113.57,-8.91,13,1
P001,HRTF_A,7,3.847,113.33,-8.88,13,1
P001,HRTF_A,7,3.861,113.10,-8.84,13,1
P001,HRTF_A,7,3.875,112.89,-8.76,13,1
P001,HRTF_A,7,3.889,112.68,-8.67,13,1
P001,HRTF_A,7,3.902,112.48,-8.56,13,1
P001,HRTF_A,7,3.916,112.30,-8.44,13,1
P001,HRTF_A,7,3.931,112.15,-8.33,13,1
P001,HRTF_A,7,3.944,112.01,-8.22,13,1
P001,HRTF_A,7,3.958,111.88,-8.12,13,1
P001,HRTF_A,7,3.972,111.77,-8.05,13,1
P001,HRTF_A,7,3.986,111.68,-7.97,13,1
P001,HRTF_A,7,4.000,111.58,-7.89,13,1
P001,HRTF_A,7,4.014,111.47,-7.82,13,1
P001,HRTF_A,7,4.027,111.35,-7.75,13,1
P001,HRTF_A,7,4.041,111.23,-7.68,13,1
P001,HRTF_A,7,4.055,111.12,-7.62,13,1
P001,HRTF_A,7,4.069,111.01,-7.56,13,1
P001,HRTF_A,7,4.083,110.90,-7.46,13,1
P001,HRTF_A,7,4.097,110.78,-7.38,13,1
P001,HRTF_A,7,4.111,110.66,-7.27,13,1
P001,HRTF_A,7,4.125,110.58,-7.20,13,1
P001,HRTF_A,8,0.014,-15.16,1.05,23,1
P001,HRTF_A,8,0.031,-15.13,1.14,23,1
P001,HRTF_A,8,0.042,-15.11,1.20,23,1
P001,HRTF_A,8,0.056,-15.04,1.25,23,1
P001,HRTF_A,8,0.069,-14.98,1.28,23,1
P001,HRTF_A,8,0.083,-14.91,1.31,23,1
P001,HRTF_A,8,0.097,-14.83,1.34,23,1
P001,HRTF_A,8,0.111,-14.76,1.35,23,1
P001,HRTF_A,8,0.125,-14.69,1.34,23,1
P001,HRTF_A,8,0.139,-14.62,1.33,23,1
P001,HRTF_A,8,0.153,-14.52,1.31,23,1
P001,HRTF_A,8,0.169,-14.43,1.31,23,1
P001,HRTF_A,8,0.181,-14.33,1.31,23,1
P001,HRTF_A,8,0.194,-14.22,1.30,23,1
P001,HRTF_A,8,0.208,-14.12,1.28,23,1
P001,HRTF_A,8,0.222,-14.01,1.24,23,1
P001,HRTF_A,8,0.236,-13.89,1.18,23,1
P001,HRTF_A,8,0.250,-13.77,1.15,23,1
P001,HRTF_A,8,0.264,-13.64,1.11,23,1
P001,HRTF_A,8,0.278,-13.50,1.07,23,1
P001,HRTF_A,8,0.292,-13.35,1.05,23,1
P001,HRTF_A,8,0.306,-13.18,1.00,23,1
P001,HRTF_A,8,0.319,-13.02,0.93,23,1
P001,HRTF_A,8,0.334,-12.84,0.82,23,1
P001,HRTF_A,8,0.347,-12.65,0.71,23,1
P001,HRTF_A,8,0.361,-12.39,0.56,23,1
P001,HRTF_A,8,0.375,-12.03,0.39,23,1
P001,HRTF_A,8,0.389,-11.58,0.24,23,1
P001,HRTF_A,8,0.403,-11.13,0.09,23,1
P001,HRTF_A,8,0.417,-10.59,-0.06,23,1
P001,HRTF_A,8,0.431,-10.00,-0.24,23,1
P001,HRTF_A,8,0.444,-9.34,-0.48,23,1
P001,HRTF_A,8,0.459,-8.70,-0.74,23,1
P001,HRTF_A,8,0.472,-7.86,-1.07,23,1
P001,HRTF_A,8,0.486,-6.99,-1.33,23,1
P001,HRTF_A,8,0.500,-6.10,-1.64,23,1
P001,HRTF_A,8,0.514,-5.13,-1.92,23,1
P001,HRTF_A,8,0.528,-4.20,-2.21,23,1
P001,HRTF_A,8,0.542,-3.18,-2.52,23,1
P001,HRTF_A,8,0.556,-2.15,-2.84,23,1
P001,HRTF_A,8,0.570,-1.16,-3.16,23,1
P001,HRTF_A,8,0.584,-0.14,-3.51,23,1
P001,HRTF_A,8,0.597,0.86,-3.77,23,1
P001,HRTF_A,8,0.611,1.86,-3.99,23,1
P001,HRTF_A,8,0.626,2.85,-4.18,23,1
P001,HRTF_A,8,0.639,3.81,-4.31,23,1
P001,HRTF_A,8,0.653,4.78,-4.38,23,1
P001,HRTF_A,8,0.667,5.71,-4.44,23,1
P001,HRTF_A,8,0.681,6.50,-4.40,23,1
P001,HRTF_A,8,0.695,7.30,-4.38,23,1
P001,HRTF_A,8,0.708,8.04,-4.33,23,1
P001,HRTF_A,8,0.723,8.78,-4.23,23,1
P001,HRTF_A,8,0.736,9.43,-4.13,23,1
P001,HRTF_A,8,0.750,10.09,-4.04,23,1
P001,HRTF_A,8,0.764,10.59,-3.92,23,1
P001,HRTF_A,8,0.778,11.10,-3.88,23,1
P001,HRTF_A,8,0.792,11.53,-3.87,23,1
P001,HRTF_A,8,0.806,11.94,-3.86,23,1
P001,HRTF_A,8,0.819,12.38,-3.84,23,1
P001,HRTF_A,8,0.833,12.76,-3.90,23,1
P001,HRTF_A,8,0.847,13.13,-3.88,23,1
P001,HRTF_A,8,0.861,13.47,-3.89,23,1
P001,HRTF_A,8,0.875,13.77,-3.99,23,1
P001,HRTF_A,8,0.889,14.09,-4.11,23,1
P001,HRTF_A,8,0.903,14.40,-4.21,23,1
P001,HRTF_A,8,0.917,14.73,-4.35,23,1
P001,HRTF_A,8,0.931,15.04,-4.42,23,1
P001,HRTF_A,8,0.944,15.36,-4.48,23,1
P001,HRTF_A,8,0.958,15.67,-4.55,23,1
P001,HRTF_A,8,0.972,15.99,-4.56,23,1
P001,HRTF_A,8,0.986,16.30,-4.62,23,1
P001,HRTF_A,8,1.000,16.61,-4.65,23,1
P001,HRTF_A,8,1.014,16.89,-4.69,23,1
P001,HRTF_A,8,1.028,17.15,-4.75,23,1
P001,HRTF_A,8,1.042,17.38,-4.84,23,1
P001,HRTF_A,8,1.056,17.57,-4.95,23,1
P001,HRTF_A,8,1.070,17.75,-5.05,23,1
P001,HRTF_A,8,1.084,17.86,-5.15,23,1
P001,HRTF_A,8,1.097,17.95,-5.26,23,1
P001,HRTF_A,8,1.111,18.02,-5.38,23,1
P001,HRTF_A,8,1.125,18.04,-5.53,23,1
P001,HRTF_A,8,1.139,18.01,-5.68,23,1
P001,HRTF_A,8,1.153,17.94,-5.80,23,1
P001,HRTF_A,8,1.167,17.83,-5.90,23,1
P001,HRTF_A,8,1.181,17.69,-6.01,23,1
P001,HRTF_A,8,1.195,17.51,-6.10,23,1
P001,HRTF_A,8,1.208,17.26,-6.19,23,1
P001,HRTF_A,8,1.222,16.98,-6.26,23,1
P001,HRTF_A,8,1.236,16.67,-6.34,23,1
P001,HRTF_A,8,1.250,16.34,-6.41,23,1
P001,HRTF_A,8,1.264,15.96,-6.51,23,1
P001,HRTF_A,8,1.278,15.54,-6.60,23,1
P001,HRTF_A,8,1.292,15.14,-6.68,23,1
P001,HRTF_A,8,1.306,14.73,-6.77,23,1
P001,HRTF_A,8,1.320,14.32,-6.80,23,1
P001,HRTF_A,8,1.334,13.96,-6.82,23,1
P001,HRTF_A,8,1.347,13.58,-6.78,23,1
P001,HRTF_A,8,1.362,13.24,-6.81,23,1
P001,HRTF_A,8,1.375,12.86,-6.78,23,1
P001,HRTF_A,8,1.389,12.48,-6.80,23,1
P001,HRTF_A,8,1.403,12.16,-6.78,23,1
P001,HRTF_A,8,1.417,11.84,-6.76,23,1
P001,HRTF_A,8,1.431,11.55,-6.77,23,1
P001,HRTF_A,8,1.445,11.29,-6.75,23,1
P001,HRTF_A,8,1.459,11.05,-6.73,23,1
P001,HRTF_A,8,1.473,10.86,-6.73,23,1
P001,HRTF_A,8,1.486,10.69,-6.72,23,1
P001,HRTF_A,8,1.500,10.56,-6.72,23,1
P001,HRTF_A,8,1.514,10.43,-6.71,23,1
P001,HRTF_A,8,1.528,10.34,-6.68,23,1
P001,HRTF_A,8,1.542,10.24,-6.64,23,1
P001,HRTF_A,8,1.556,10.17,-6.62,23,1
P001,HRTF_A,8,1.570,10.12,-6.60,23,1
P001,HRTF_A,8,1.584,10.10,-6.59,23,1
P001,HRTF_A,8,1.598,10.09,-6.59,23,1
P001,HRTF_A,8,1.611,10.07,-6.59,23,1
P001,HRTF_A,8,1.625,10.05,-6.58,23,1
P001,HRTF_A,8,1.639,10.05,-6.58,23,1
P001,HRTF_A,8,1.653,10.03,-6.59,23,1
P001,HRTF_A,8,1.667,10.01,-6.62,23,1
P001,HRTF_A,8,1.681,10.01,-6.66,23,1
P001,HRTF_A,8,1.695,10.00,-6.69,23,1
P001,HRTF_A,8,1.709,9.99,-6.72,23,1
P001,HRTF_A,8,1.723,10.00,-6.74,23,1
P001,HRTF_A,8,1.737,10.00,-6.74,23,1
P001,HRTF_A,8,1.750,10.01,-6.73,23,1
P001,HRTF_A,8,1.764,10.02,-6.71,23,1
P001,HRTF_A,8,1.778,10.04,-6.69,23,1
P001,HRTF_A,8,1.792,10.06,-6.66,23,1
P001,HRTF_A,8,1.806,10.07,-6.63,23,1
P001,HRTF_A,8,1.820,10.09,-6.60,23,1
P001,HRTF_A,8,1.834,10.11,-6.59,23,1
P001,HRTF_A,8,1.848,10.13,-6.58,23,1
P001,HRTF_A,8,1.861,10.14,-6.55,23,1
P001,HRTF_A,8,1.875,10.16,-6.52,23,1
P001,HRTF_A,8,1.889,10.18,-6.49,23,1
P001,HRTF_A,8,1.903,10.21,-6.45,23,1
P001,HRTF_A,8,1.917,10.22,-6.41,23,1
P001,HRTF_A,8,1.931,10.24,-6.36,23,1
P001,HRTF_A,8,1.945,10.25,-6.38,23,1
P001,HRTF_A,8,1.959,10.27,-6.37,23,1
P001,HRTF_A,8,1.973,10.30,-6.37,23,1
P001,HRTF_A,8,1.987,10.31,-6.38,23,1
P001,HRTF_A,8,2.001,10.32,-6.38,23,1
P001,HRTF_A,8,2.014,10.34,-6.36,23,1
P001,HRTF_A,8,2.028,10.36,-6.34,23,1
P001,HRTF_A,8,2.042,10.40,-6.34,23,1
P001,HRTF_A,8,2.056,10.42,-6.33,23,1
P001,HRTF_A,8,2.070,10.45,-6.32,23,1
P001,HRTF_A,8,2.084,10.48,-6.29,23,1
P001,HRTF_A,8,2.098,10.51,-6.25,23,1
P001,HRTF_A,8,2.112,10.52,-6.21,23,1
P001,HRTF_A,8,2.126,10.53,-6.21,23,1
P001,HRTF_A,8,2.139,10.55,-6.20,23,1
P001,HRTF_A,8,2.153,10.55,-6.20,23,1
P001,HRTF_A,8,2.167,10.55,-6.15,23,1
P001,HRTF_A,8,2.181,10.54,-6.11,23,1
P001,HRTF_A,8,2.195,10.54,-6.07,23,1
P001,HRTF_A,8,2.209,10.52,-6.02,23,1
P001,HRTF_A,8,2.223,10.50,-5.99,23,1
P001,HRTF_A,8,2.237,10.48,-5.97,23,1
P001,HRTF_A,8,2.251,10.46,-5.96,23,1
P001,HRTF_A,8,2.264,10.44,-5.96,23,1
P001,HRTF_A,8,2.278,10.42,-5.96,23,1
P001,HRTF_A,8,2.292,10.40,-5.97,23,1
P001,HRTF_A,8,2.306,10.40,-5.99,23,1
P001,HRTF_A,8,2.320,10.39,-5.99,23,1
P001,HRTF_A,8,2.334,10.40,-5.98,23,1
P001,HRTF_A,8,2.348,10.41,-5.98,23,1
P001,HRTF_A,8,2.362,10.42,-5.96,23,1
P001,HRTF_A,8,2.376,10.43,-5.95,23,1
P001,HRTF_A,8,2.390,10.45,-5.95,23,1
P001,HRTF_A,8,2.403,10.47,-5.94,23,1
P001,HRTF_A,8,2.417,10.50,-5.92,23,1
P001,HRTF_A,8,2.431,10.52,-5.90,23,1
P001,HRTF_A,8,2.445,10.53,-5.86,23,1
P001,HRTF_A,8,2.459,10.54,-5.87,23,1
P001,HRTF_A,8,2.473,10.55,-5.86,23,1
P001,HRTF_A,8,2.487,10.57,-5.84,23,1
P001,HRTF_A,8,2.500,10.56,-5.83,23,1
P001,HRTF_A,8,2.515,10.56,-5.79,23,1
P001,HRTF_A,8,2.528,10.55,-5.76,23,1
P001,HRTF_A,8,2.542,10.55,-5.75,23,1
P001,HRTF_A,8,2.556,10.53,-5.75,23,1
P001,HRTF_A,8,2.570,10.51,-5.77,23,1
P001,HRTF_A,8,2.584,10.49,-5.78,23,1
P001,HRTF_A,8,2.598,10.47,-5.78,23,1
P001,HRTF_A,8,2.612,10.49,-5.76,23,1
P001,HRTF_A,8,2.625,10.50,-5.76,23,1
P001,HRTF_A,8,2.639,10.51,-5.76,23,1
P001,HRTF_A,8,2.653,10.50,-5.75,23,1
P001,HRTF_A,8,2.667,10.52,-5.73,23,1
P001,HRTF_A,8,2.681,10.53,-5.72,23,1
P001,HRTF_A,8,2.695,10.56,-5.70,23,1
P001,HRTF_A,8,2.709,10.59,-5.70,23,1
P001,HRTF_A,8,2.723,10.60,-5.72,23,1
P001,HRTF_A,8,2.737,10.61,-5.70,23,1
P001,HRTF_A,8,2.751,10.62,-5.71,23,1
P001,HRTF_A,8,2.764,10.62,-5.71,23,1
P001,HRTF_A,8,2.778,10.63,-5.71,23,1
P001,HRTF_A,8,2.792,10.63,-5.71,23,1
P001,HRTF_A,8,2.806,10.62,-5.72,23,1
P001,HRTF_A,8,2.820,10.62,-5.73,23,1
P001,HRTF_A,8,2.834,10.62,-5.74,23,1
P001,HRTF_A,8,2.848,10.61,-5.74,23,1
P001,HRTF_A,8,2.862,10.61,-5.75,23,1
P001,HRTF_A,8,2.876,10.60,-5.78,23,1
P001,HRTF_A,8,2.889,10.60,-5.80,23,1
P001,HRTF_A,8,2.903,10.60,-5.80,23,1
P001,HRTF_A,8,2.917,10.60,-5.79,23,1
P001,HRTF_A,8,2.931,10.61,-5.80,23,1
P001,HRTF_A,8,2.945,10.61,-5.79,23,1
P001,HRTF_A,8,2.959,10.61,-5.81,23,1
P001,HRTF_A,8,2.973,10.61,-5.82,23,1
P001,HRTF_A,8,2.987,10.62,-5.84,23,1
P001,HRTF_A,8,3.000,10.62,-5.83,23,1
P001,HRTF_A,8,3.014,10.62,-5.81,23,1
P001,HRTF_A,8,3.028,10.63,-5.79,23,1
P001,HRTF_A,8,3.042,10.64,-5.77,23,1
P001,HRTF_A,8,3.056,10.64,-5.74,23,1
P001,HRTF_A,8,3.070,10.66,-5.71,23,1
P001,HRTF_A,8,3.084,10.66,-5.70,23,1
P001,HRTF_A,8,3.098,10.67,-5.68,23,1
P001,HRTF_A,8,3.112,10.68,-5.68,23,1
P001,HRTF_A,8,3.126,10.70,-5.67,23,1
P001,HRTF_A,8,3.140,10.70,-5.68,23,1
P001,HRTF_A,8,3.153,10.71,-5.72,23,1
P001,HRTF_A,8,3.167,10.70,-5.74,23,1
P001,HRTF_A,8,3.181,10.71,-5.79,23,1
P001,HRTF_A,8,3.195,10.74,-5.86,23,1
P001,HRTF_A,8,3.209,10.76,-6.01,23,1
P001,HRTF_A,8,3.223,10.75,-6.26,23,1
P001,HRTF_A,8,3.237,10.77,-6.48,23,1
P001,HRTF_A,8,3.251,10.76,-6.83,23,1
P001,HRTF_A,8,3.264,10.77,-7.15,23,1
P001,HRTF_A,8,3.278,10.78,-7.55,23,1
P001,HRTF_A,8,3.292,10.79,-7.95,23,1
P001,HRTF_A,8,3.306,10.83,-8.43,23,1
P001,HRTF_A,8,3.320,10.83,-8.92,23,1
P001,HRTF_A,8,3.334,10.89,-9.52,23,1
P001,HRTF_A,8,3.348,10.90,-10.10,23,1
P001,HRTF_A,8,3.362,10.92,-10.76,23,1
P001,HRTF_A,8,3.376,10.98,-11.53,23,1
P001,HRTF_A,8,3.389,11.00,-12.33,23,1
P001,HRTF_A,8,3.403,11.05,-13.19,23,1
P001,HRTF_A,8,3.417,11.14,-14.12,23,1
P001,HRTF_A,8,3.431,11.22,-15.03,23,1
P001,HRTF_A,8,3.445,11.31,-16.03,23,1
P001,HRTF_A,8,3.459,11.46,-17.05,23,1
P001,HRTF_A,8,3.473,11.63,-18.24,23,1
P001,HRTF_A,8,3.487,11.82,-19.51,23,1
P001,HRTF_A,8,3.500,12.04,-20.82,23,1
P001,HRTF_A,8,3.514,12.32,-22.04,23,1
P001,HRTF_A,8,3.528,12.60,-23.14,23,1
P001,HRTF_A,8,3.542,12.93,-24.21,23,1
P001,HRTF_A,8,3.556,13.27,-25.22,23,1
P001,HRTF_A,8,3.570,13.65,-26.26,23,1
P001,HRTF_A,8,3.584,14.08,-27.25,23,1
P001,HRTF_A,8,3.597,14.49,-28.24,23,1
P001,HRTF_A,8,3.612,14.94,-29.23,23,1
P001,HRTF_A,8,3.625,15.38,-30.15,23,1
P001,HRTF_A,8,3.639,15.84,-31.08,23,1
P001,HRTF_A,8,3.653,16.40,-32.06,23,1
P001,HRTF_A,8,3.667,16.89,-33.01,23,1
P001,HRTF_A,8,3.681,17.45,-33.96,23,1
P001,HRTF_A,8,3.695,17.90,-34.94,23,1
P001,HRTF_A,8,3.709,18.44,-35.94,23,1
P001,HRTF_A,8,3.723,18.98,-36.92,23,1
P001,HRTF_A,8,3.736,19.52,-37.88,23,1
P001,HRTF_A,8,3.750,20.00,-38.76,23,1
P001,HRTF_A,8,3.764,20.55,-39.67,23,1
P001,HRTF_A,8,3.778,21.04,-40.52,23,1
P001,HRTF_A,8,3.792,21.47,-41.40,23,1
P001,HRTF_A,8,3.806,21.89,-42.22,23,1
P001,HRTF_A,8,3.820,22.33,-43.04,23,1
P001,HRTF_A,8,3.834,22.71,-43.83,23,1
P001,HRTF_A,8,3.848,22.97,-44.61,23,1
P001,HRTF_A,8,3.862,23.26,-45.43,23,1
P001,HRTF_A,8,3.875,23.54,-46.24,23,1
P001,HRTF_A,8,3.889,23.82,-47.02,23,1
P001,HRTF_A,8,3.903,24.08,-47.83,23,1
P001,HRTF_A,8,3.917,24.14,-48.35,23,1
P001,HRTF_A,8,3.931,24.31,-48.90,23,1
P001,HRTF_A,8,3.945,24.39,-49.33,23,1
P001,HRTF_A,8,3.959,24.51,-49.83,23,1
P001,HRTF_A,8,3.973,24.57,-50.30,23,1
P001,HRTF_A,8,3.987,24.59,-50.84,23,1
P001,HRTF_A,8,4.000,24.63,-51.33,23,1
P001,HRTF_A,8,4.014,24.74,-51.78,23,1
P001,HRTF_A,8,4.028,24.87,-52.25,23,1
P001,HRTF_A,8,4.042,25.15,-52.71,23,1
P001,HRTF_A,8,4.056,25.41,-53.29,23,1
P001,HRTF_A,8,4.070,25.68,-54.00,23,1
P001,HRTF_A,8,4.084,25.85,-54.63,23,1
P001,HRTF_A,8,4.098,26.01,-55.20,23,1
P001,HRTF_A,8,4.112,26.41,-55.79,23,1
P001,HRTF_A,8,4.126,26.75,-56.36,23,1
P001,HRTF_A,8,4.139,26.98,-56.98,23,1
P001,HRTF_A,8,4.153,27.35,-57.61,23,1
P001,HRTF_A,8,4.167,27.63,-58.21,23,1
P001,HRTF_A,8,4.181,27.67,-58.73,23,1
P001,HRTF_A,8,4.195,28.21,-59.29,23,1
P001,HRTF_A,8,4.209,28.49,-59.77,23,1
P001,HRTF_A,8,4.223,28.78,-60.28,23,1
P001,HRTF_A,8,4.236,29.05,-60.89,23,1
P001,HRTF_A,8,4.250,29.31,-61.46,23,1
P001,HRTF_A,8,4.264,29.50,-62.05,23,1
P001,HRTF_A,8,4.278,29.71,-62.55,23,1
P001,HRTF_A,8,4.292,30.01,-62.96,23,1
P001,HRTF_A,8,4.306,30.20,-63.26,23,1
P001,HRTF_A,8,4.320,30.46,-63.71,23,1
P001,HRTF_A,8,4.334,30.59,-64.07,23,1
P001,HRTF_A,8,4.347,30.85,-64.58,23,1
P001,HRTF_A,8,4.362,31.11,-65.02,23,1
P001,HRTF_A,8,4.376,31.30,-65.33,23,1
P001,HRTF_A,8,4.389,31.45,-65.55,23,1
P001,HRTF_A,8,4.403,31.88,-65.70,23,1
P001,HRTF_A,8,4.417,32.19,-65.88,23,1
P001,HRTF_A,8,4.431,32.45,-66.12,23,1
P001,HRTF_A,8,4.445,32.64,-66.43,23,1
P001,HRTF_A,8,4.459,32.79,-66.73,23,1
P001,HRTF_A,8,4.473,32.91,-66.95,23,1
P001,HRTF_A,8,4.487,33.03,-67.13,23,1
P001,HRTF_A,8,4.500,33.19,-67.31,23,1
P001,HRTF_A,8,4.514,33.30,-67.50,23,1
P001,HRTF_A,8,4.528,33.29,-67.73,23,1
P001,HRTF_A,8,4.542,33.37,-68.00,23,1
P001,HRTF_A,8,4.556,33.50,-68.28,23,1
P001,HRTF_A,8,4.570,33.73,-68.57,23,1
P001,HRTF_A,8,4.584,33.85,-68.79,23,1
P001,HRTF_A,8,4.598,33.86,-68.94,23,1
P001,HRTF_A,8,4.611,34.02,-69.07,23,1
P001,HRTF_A,8,4.625,34.44,-69.01,23,1
P001,HRTF_A,8,4.639,34.34,-68.80,23,1
P001,HRTF_A,8,4.653,34.64,-68.60,23,1
P001,HRTF_A,8,4.667,34.73,-68.31,23,1
P001,HRTF_A,8,4.681,34.78,-68.05,23,1
P001,HRTF_A,8,4.695,34.86,-67.79,23,1
P001,HRTF_A,8,4.709,34.84,-67.57,23,1
P001,HRTF_A,8,4.723,34.65,-67.22,23,1
P001,HRTF_A,8,4.737,34.53,-66.85,23,1
P001,HRTF_A,8,4.751,34.45,-66.41,23,1
P001,HRTF_A,8,4.764,34.42,-65.99,23,1
P001,HRTF_A,8,4.778,34.37,-65.63,23,1
P001,HRTF_A,8,4.792,34.27,-65.24,23,1
P001,HRTF_A,8,4.806,34.11,-64.90,23,1
P001,HRTF_A,8,4.820,33.98,-64.60,23,1
P001,HRTF_A,8,4.834,33.86,-64.35,23,1
P001,HRTF_A,8,4.848,33.75,-64.21,23,1
P001,HRTF_A,8,4.862,33.60,-64.17,23,1
P001,HRTF_A,8,4.875,33.48,-64.36,23,1
P001,HRTF_A,8,4.889,33.32,-64.80,23,1
P001,HRTF_A,8,4.903,33.15,-65.51,23,1
P001,HRTF_A,8,4.917,32.88,-66.17,23,1
P001,HRTF_A,8,4.931,32.57,-66.67,23,1
P001,HRTF_A,8,4.945,32.32,-67.00,23,1
P001,HRTF_A,8,4.959,32.08,-67.25,23,1
P001,HRTF_A,8,4.973,31.87,-67.39,23,1
P001,HRTF_A,8,4.987,31.58,-67.39,23,1
P001,HRTF_A,8,5.001,31.24,-67.27,23,1
P001,HRTF_A,8,5.014,31.07,-67.08,23,1
P001,HRTF_A,8,5.028,31.05,-66.82,23,1
P001,HRTF_A,8,5.042,31.00,-66.61,23,1
P001,HRTF_A,8,5.056,31.01,-66.38,23,1
P001,HRTF_A,8,5.070,30.92,-66.24,23,1
P001,HRTF_A,8,5.084,30.80,-66.14,23,1
P001,HRTF_A,8,5.098,30.73,-66.08,23,1
P001,HRTF_A,8,5.111,30.66,-66.20,23,1
P001,HRTF_A,8,5.125,30.59,-66.47,23,1
P001,HRTF_A,8,5.139,30.48,-66.84,23,1
P001,HRTF_A,8,5.153,30.31,-67.31,23,1
P001,HRTF_A,8,5.167,30.12,-67.72,23,1
P001,HRTF_A,8,5.181,29.99,-68.16,23,1
P001,HRTF_A,8,5.195,29.81,-68.59,23,1
P001,HRTF_A,8,5.209,29.54,-69.04,23,1
P001,HRTF_A,8,5.223,29.29,-69.52,23,1
P001,HRTF_A,8,5.236,28.99,-70.01,23,1
P001,HRTF_A,8,5.250,28.65,-70.50,23,1
P001,HRTF_A,8,5.264,28.36,-70.90,23,1
P001,HRTF_A,8,5.278,27.99,-71.23,23,1
P001,HRTF_A,8,5.292,27.58,-71.52,23,1
P001,HRTF_A,8,5.306,27.19,-71.81,23,1
P001,HRTF_A,8,5.320,26.82,-72.07,23,1
P001,HRTF_A,8,5.334,26.25,-72.33,23,1
P001,HRTF_A,8,5.347,25.60,-72.49,23,1
P001,HRTF_A,8,5.361,25.02,-72.60,23,1
P001,HRTF_A,8,5.375,24.57,-72.71,23,1
P001,HRTF_A,8,5.389,24.13,-72.76,23,1
P001,HRTF_A,8,5.403,23.70,-72.82,23,1
P001,HRTF_A,8,5.417,23.19,-72.84,23,1
P001,HRTF_A,8,5.431,22.70,-72.88,23,1
P001,HRTF_A,8,5.445,22.22,-72.95,23,1
P001,HRTF_A,8,5.459,21.80,-73.04,23,1
P001,HRTF_A,8,5.472,21.32,-73.16,23,1
P001,HRTF_A,8,5.486,20.90,-73.36,23,1
P001,HRTF_A,8,5.500,20.48,-73.50,23,1
P001,HRTF_A,8,5.514,19.97,-73.62,23,1
P001,HRTF_A,8,5.528,19.39,-73.77,23,1
P001,HRTF_A,8,5.542,18.67,-73.99,23,1
P001,HRTF_A,8,5.556,18.00,-74.22,23,1
P001,HRTF_A,8,5.570,17.53,-74.38,23,1
P001,HRTF_A,8,5.584,17.08,-74.51,23,1
P001,HRTF_A,8,5.598,16.67,-74.60,23,1
P001,HRTF_A,8,5.611,16.37,-74.63,23,1
P001,HRTF_A,8,5.625,16.12,-74.67,23,1
P001,HRTF_A,8,5.639,16.03,-74.66,23,1
P001,HRTF_A,8,5.653,15.86,-74.66,23,1
P001,HRTF_A,8,5.667,15.72,-74.66,23,1
P001,HRTF_A,8,5.681,15.64,-74.63,23,1
P001,HRTF_A,8,5.695,15.38,-74.52,23,1
P001,HRTF_A,8,5.708,15.28,-74.42,23,1
P001,HRTF_A,8,5.723,15.35,-74.36,23,1
P001,HRTF_A,8,5.736,15.02,-74.33,23,1
P001,HRTF_A,8,5.750,14.86,-74.24,23,1
P001,HRTF_A,8,5.764,14.77,-74.16,23,1
P001,HRTF_A,8,5.778,14.65,-74.12,23,1
P001,HRTF_A,8,5.792,14.61,-74.20,23,1
P001,HRTF_A,8,5.806,14.57,-74.30,23,1
P001,HRTF_A,8,5.820,14.61,-74.33,23,1
P001,HRTF_A,8,5.834,14.68,-74.32,23,1
P001,HRTF_A,8,5.848,14.73,-74.32,23,1
P001,HRTF_A,8,5.861,14.78,-74.34,23,1
P001,HRTF_A,8,5.875,15.03,-74.39,23,1
P001,HRTF_A,8,5.889,15.24,-74.43,23,1
P001,HRTF_A,8,5.903,15.39,-74.45,23,1
P001,HRTF_A,8,5.917,15.44,-74.45,23,1
P001,HRTF_A,8,5.931,15.54,-74.42,23,1
P001,HRTF_A,8,5.945,15.66,-74.36,23,1
P001,HRTF_A,8,5.959,15.80,-74.34,23,1
P001,HRTF_A,8,5.973,15.81,-74.37,23,1
P001,HRTF_A,8,5.986,15.75,-74.38,23,1
P001,HRTF_A,8,6.000,15.54,-74.40,23,1
P001,HRTF_A,8,6.014,15.32,-74.43,23,1
P001,HRTF_A,8,6.028,15.18,-74.44,23,1
P001,HRTF_A,8,6.042,15.06,-74.41,23,1
P001,HRTF_A,8,6.056,14.85,-74.35,23,1
P001,HRTF_A,8,6.070,14.77,-74.34,23,1
P001,HRTF_A,8,6.084,14.88,-74.35,23,1
P001,HRTF_A,8,6.098,15.07,-74.35,23,1
P001,HRTF_A,8,6.112,15.15,-74.34,23,1
P001,HRTF_A,8,6.125,15.19,-74.32,23,1
P001,HRTF_A,8,6.139,15.32,-74.26,23,1
P001,HRTF_A,8,6.153,15.38,-74.21,23,1
P001,HRTF_A,8,6.167,15.37,-74.20,23,1
P001,HRTF_A,8,6.181,15.41,-74.16,23,1
P001,HRTF_A,8,6.195,15.42,-74.10,23,1
P001,HRTF_A,8,6.209,15.38,-74.02,23,1
P001,HRTF_A,8,6.223,15.33,-73.96,23,1
P001,HRTF_A,8,6.236,15.41,-73.90,23,1
P001,HRTF_A,8,6.250,15.44,-73.87,23,1
P001,HRTF_A,8,6.264,15.35,-73.86,23,1
P001,HRTF_A,8,6.278,15.30,-73.84,23,1
P001,HRTF_A,8,6.292,15.32,-73.82,23,1
P001,HRTF_A,8,6.306,15.34,-73.77,23,1
P001,HRTF_A,8,6.320,15.56,-73.70,23,1
P001,HRTF_A,8,6.334,15.82,-73.65,23,1
P001,HRTF_A,8,6.348,16.02,-73.60,23,1
P001,HRTF_A,8,6.361,16.19,-73.58,23,1
P001,HRTF_A,8,6.375,16.30,-73.58,23,1
P001,HRTF_A,8,6.389,16.43,-73.55,23,1
P001,HRTF_A,8,6.403,16.51,-73.52,23,1
P001,HRTF_A,8,6.417,16.45,-73.47,23,1
P001,HRTF_A,8,6.431,16.41,-73.45,23,1
P001,HRTF_A,8,6.445,16.44,-73.48,23,1
P001,HRTF_A,8,6.459,16.46,-73.47,23,1
P001,HRTF_A,8,6.472,16.48,-73.43,23,1
P001,HRTF_A,8,6.486,16.49,-73.40,23,1
P001,HRTF_A,8,6.500,16.44,-73.37,23,1
P001,HRTF_A,8,6.514,16.36,-73.36,23,1
P001,HRTF_A,8,6.528,16.37,-73.41,23,1
P001,HRTF_A,8,6.542,16.35,-73.51,23,1
P001,HRTF_A,8,6.556,16.32,-73.62,23,1
P001,HRTF_A,8,6.570,16.43,-73.72,23,1
P001,HRTF_A,8,6.584,16.61,-73.77,23,1
P001,HRTF_A,8,6.598,16.91,-73.76,23,1
P001,HRTF_A,8,6.612,16.96,-73.82,23,1
P001,HRTF_A,8,6.625,16.99,-73.93,23,1
P001,HRTF_A,8,6.639,17.06,-74.03,23,1
P001,HRTF_A,8,6.653,17.29,-74.10,23,1
P001,HRTF_A,8,6.667,17.61,-74.08,23,1
P001,HRTF_A,8,6.681,17.73,-74.03,23,1
P001,HRTF_A,8,6.695,17.70,-73.97,23,1
P001,HRTF_A,8,6.709,17.64,-73.96,23,1
P001,HRTF_A,8,6.723,17.59,-73.93,23,1
P001,HRTF_A,8,6.736,17.51,-73.91,23,1
P001,HRTF_A,8,6.750,17.29,-73.87,23,1
P001,HRTF_A,8,6.764,17.15,-73.87,23,1
P001,HRTF_A,8,6.778,17.16,-73.87,23,1
P001,HRTF_A,9,0.014,-13.22,-1.76,9,1
P001,HRTF_A,9,0.030,-13.12,-1.74,9,1
P001,HRTF_A,9,0.042,-12.98,-1.69,9,1
P001,HRTF_A,9,0.056,-12.83,-1.68,9,1
P001,HRTF_A,9,0.070,-12.69,-1.67,9,1
P001,HRTF_A,9,0.084,-12.45,-1.72,9,1
P001,HRTF_A,9,0.097,-12.25,-1.74,9,1
P001,HRTF_A,9,0.111,-12.04,-1.78,9,1
P001,HRTF_A,9,0.127,-11.84,-1.80,9,1
P001,HRTF_A,9,0.139,-11.66,-1.81,9,1
P001,HRTF_A,9,0.153,-11.47,-1.81,9,1
P001,HRTF_A,9,0.167,-11.28,-1.82,9,1
P001,HRTF_A,9,0.181,-11.10,-1.87,9,1
P001,HRTF_A,9,0.194,-10.88,-1.93,9,1
P001,HRTF_A,9,0.208,-10.68,-2.01,9,1
P001,HRTF_A,9,0.222,-10.50,-2.08,9,1
P001,HRTF_A,9,0.236,-10.30,-2.13,9,1
P001,HRTF_A,9,0.250,-10.10,-2.18,9,1
P001,HRTF_A,9,0.264,-9.89,-2.22,9,1
P001,HRTF_A,9,0.278,-9.67,-2.27,9,1
P001,HRTF_A,9,0.292,-9.43,-2.30,9,1
P001,HRTF_A,9,0.305,-9.18,-2.32,9,1
P001,HRTF_A,9,0.320,-8.91,-2.31,9,1
P001,HRTF_A,9,0.333,-8.64,-2.30,9,1
P001,HRTF_A,9,0.347,-8.33,-2.25,9,1
P001,HRTF_A,9,0.361,-8.00,-2.20,9,1
P001,HRTF_A,9,0.375,-7.61,-2.15,9,1
P001,HRTF_A,9,0.389,-7.19,-2.12,9,1
P001,HRTF_A,9,0.403,-6.64,-2.07,9,1
P001,HRTF_A,9,0.417,-6.10,-2.06,9,1
P001,HRTF_A,9,0.430,-5.50,-2.05,9,1
P001,HRTF_A,9,0.444,-4.81,-2.02,9,1
P001,HRTF_A,9,0.458,-4.02,-1.98,9,1
P001,HRTF_A,9,0.472,-3.19,-1.92,9,1
P001,HRTF_A,9,0.486,-2.31,-1.89,9,1
P001,HRTF_A,9,0.500,-1.40,-1.91,9,1
P001,HRTF_A,9,0.514,-0.48,-1.96,9,1
P001,HRTF_A,9,0.528,0.45,-2.00,9,1
P001,HRTF_A,9,0.542,1.35,-2.00,9,1
P001,HRTF_A,9,0.556,2.24,-2.02,9,1
P001,HRTF_A,9,0.569,3.19,-2.00,9,1
P001,HRTF_A,9,0.583,4.13,-2.05,9,1
P001,HRTF_A,9,0.597,5.06,-2.11,9,1
P001,HRTF_A,9,0.611,5.96,-2.19,9,1
P001,HRTF_A,9,0.625,6.82,-2.26,9,1
P001,HRTF_A,9,0.639,7.71,-2.26,9,1
P001,HRTF_A,9,0.653,8.58,-2.22,9,1
P001,HRTF_A,9,0.667,9.49,-2.23,9,1
P001,HRTF_A,9,0.681,10.42,-2.27,9,1
P001,HRTF_A,9,0.694,11.30,-2.28,9,1
P001,HRTF_A,9,0.708,12.27,-2.33,9,1
P001,HRTF_A,9,0.722,13.34,-2.34,9,1
P001,HRTF_A,9,0.736,14.44,-2.39,9,1
P001,HRTF_A,9,0.750,15.45,-2.38,9,1
P001,HRTF_A,9,0.764,16.43,-2.41,9,1
P001,HRTF_A,9,0.778,17.31,-2.42,9,1
P001,HRTF_A,9,0.792,18.16,-2.44,9,1
P001,HRTF_A,9,0.805,18.94,-2.46,9,1
P001,HRTF_A,9,0.819,19.62,-2.40,9,1
P001,HRTF_A,9,0.833,20.32,-2.40,9,1
P001,HRTF_A,9,0.847,20.80,-2.37,9,1
P001,HRTF_A,9,0.861,21.27,-2.43,9,1
P001,HRTF_A,9,0.875,21.68,-2.47,9,1
P001,HRTF_A,9,0.889,22.13,-2.55,9,1
P001,HRTF_A,9,0.903,22.59,-2.61,9,1
P001,HRTF_A,9,0.917,22.99,-2.63,9,1
P001,HRTF_A,9,0.931,23.45,-2.61,9,1
P001,HRTF_A,9,0.945,23.88,-2.63,9,1
P001,HRTF_A,9,0.958,24.32,-2.63,9,1
P001,HRTF_A,9,0.972,24.72,-2.62,9,1
P001,HRTF_A,9,0.986,25.16,-2.63,9,1
P001,HRTF_A,9,1.000,25.52,-2.63,9,1
P001,HRTF_A,9,1.014,25.86,-2.66,9,1
P001,HRTF_A,9,1.028,26.17,-2.66,9,1
P001,HRTF_A,9,1.042,26.45,-2.63,9,1
P001,HRTF_A,9,1.056,26.66,-2.55,9,1
P001,HRTF_A,9,1.069,26.84,-2.43,9,1
P001,HRTF_A,9,1.083,26.95,-2.30,9,1
P001,HRTF_A,9,1.097,27.01,-2.16,9,1
P001,HRTF_A,9,1.111,27.03,-2.06,9,1
P001,HRTF_A,9,1.125,27.02,-1.97,9,1
P001,HRTF_A,9,1.139,27.04,-1.88,9,1
P001,HRTF_A,9,1.153,27.03,-1.77,9,1
P001,HRTF_A,9,1.167,27.02,-1.68,9,1
P001,HRTF_A,9,1.181,27.01,-1.59,9,1
P001,HRTF_A,9,1.195,26.97,-1.57,9,1
P001,HRTF_A,9,1.208,26.93,-1.56,9,1
P001,HRTF_A,9,1.222,26.93,-1.57,9,1
P001,HRTF_A,9,1.236,26.94,-1.57,9,1
P001,HRTF_A,9,1.250,26.95,-1.56,9,1
P001,HRTF_A,9,1.264,26.95,-1.56,9,1
P001,HRTF_A,9,1.278,26.95,-1.59,9,1
P001,HRTF_A,9,1.292,26.98,-1.64,9,1
P001,HRTF_A,9,1.306,27.04,-1.73,9,1
P001,HRTF_A,9,1.319,27.08,-1.80,9,1
P001,HRTF_A,9,1.334,27.12,-1.87,9,1
P001,HRTF_A,9,1.347,27.14,-1.91,9,1
P001,HRTF_A,9,1.361,27.15,-1.93,9,1
P001,HRTF_A,9,1.375,27.15,-1.96,9,1
P001,HRTF_A,9,1.389,27.14,-1.99,9,1
P001,HRTF_A,9,1.403,27.11,-2.01,9,1
P001,HRTF_A,9,1.417,27.06,-2.03,9,1
P001,HRTF_A,9,1.431,27.05,-2.05,9,1
P001,HRTF_A,9,1.444,27.01,-2.04,9,1
P001,HRTF_A,9,1.458,26.96,-2.04,9,1
P001,HRTF_A,9,1.472,26.90,-2.02,9,1
P001,HRTF_A,9,1.486,26.84,-2.00,9,1
P001,HRTF_A,9,1.500,26.79,-1.98,9,1
P001,HRTF_A,9,1.514,26.72,-1.94,9,1
P001,HRTF_A,9,1.528,26.68,-1.94,9,1
P001,HRTF_A,9,1.541,26.63,-1.93,9,1
P001,HRTF_A,9,1.555,26.60,-1.92,9,1
P001,HRTF_A,9,1.569,26.59,-1.93,9,1
P001,HRTF_A,9,1.583,26.61,-1.95,9,1
P001,HRTF_A,9,1.597,26.61,-1.95,9,1
P001,HRTF_A,9,1.611,26.69,-1.98,9,1
P001,HRTF_A,9,1.625,26.82,-2.01,9,1
P001,HRTF_A,9,1.639,27.07,-1.99,9,1
P001,HRTF_A,9,1.653,27.36,-1.99,9,1
P001,HRTF_A,9,1.667,27.68,-2.01,9,1
P001,HRTF_A,9,1.680,28.09,-2.06,9,1
P001,HRTF_A,9,1.694,28.57,-2.13,9,1
P001,HRTF_A,9,1.708,29.20,-2.19,9,1
P001,HRTF_A,9,1.722,29.91,-2.24,9,1
P001,HRTF_A,9,1.736,30.75,-2.29,9,1
P001,HRTF_A,9,1.750,31.63,-2.34,9,1
P001,HRTF_A,9,1.764,32.89,-2.38,9,1
P001,HRTF_A,9,1.778,34.12,-2.47,9,1
P001,HRTF_A,9,1.792,35.53,-2.53,9,1
P001,HRTF_A,9,1.806,36.85,-2.59,9,1
P001,HRTF_A,9,1.819,38.55,-2.62,9,1
P001,HRTF_A,9,1.833,40.09,-2.67,9,1
P001,HRTF_A,9,1.847,41.71,-2.71,9,1
P001,HRTF_A,9,1.861,43.39,-2.80,9,1
P001,HRTF_A,9,1.875,45.11,-2.92,9,1
P001,HRTF_A,9,1.889,46.81,-3.01,9,1
P001,HRTF_A,9,1.903,48.56,-3.10,9,1
P001,HRTF_A,9,1.917,50.29,-3.16,9,1
P001,HRTF_A,9,1.930,52.05,-3.20,9,1
P001,HRTF_A,9,1.945,53.76,-3.21,9,1
P001,HRTF_A,9,1.958,55.44,-3.17,9,1
P001,HRTF_A,9,1.972,57.14,-3.22,9,1
P001,HRTF_A,9,1.986,58.87,-3.24,9,1
P001,HRTF_A,9,2.000,60.60,-3.27,9,1
P001,HRTF_A,9,2.014,62.26,-3.27,9,1
P001,HRTF_A,9,2.028,63.89,-3.22,9,1
P001,HRTF_A,9,2.042,65.54,-3.23,9,1
P001,HRTF_A,9,2.055,67.11,-3.27,9,1
P001,HRTF_A,9,2.069,68.67,-3.31,9,1
P001,HRTF_A,9,2.083,70.15,-3.26,9,1
P001,HRTF_A,9,2.097,71.59,-3.14,9,1
P001,HRTF_A,9,2.111,72.91,-3.06,9,1
P001,HRTF_A,9,2.125,74.05,-2.91,9,1
P001,HRTF_A,9,2.139,75.18,-2.77,9,1
P001,HRTF_A,9,2.153,76.19,-2.64,9,1
P001,HRTF_A,9,2.166,77.13,-2.52,9,1
P001,HRTF_A,9,2.180,77.91,-2.43,9,1
P001,HRTF_A,9,2.195,78.68,-2.30,9,1
P001,HRTF_A,9,2.208,79.11,-2.14,9,1
P001,HRTF_A,9,2.222,79.73,-2.09,9,1
P001,HRTF_A,9,2.236,80.29,-1.98,9,1
P001,HRTF_A,9,2.250,80.73,-1.88,9,1
P001,HRTF_A,9,2.264,81.08,-1.76,9,1
P001,HRTF_A,9,2.278,81.39,-1.61,9,1
P001,HRTF_A,9,2.292,81.69,-1.53,9,1
P001,HRTF_A,9,2.305,81.99,-1.47,9,1
P001,HRTF_A,9,2.319,82.26,-1.45,9,1
P001,HRTF_A,9,2.333,82.54,-1.47,9,1
P001,HRTF_A,9,2.347,82.83,-1.49,9,1
P001,HRTF_A,9,2.361,83.11,-1.47,9,1
P001,HRTF_A,9,2.375,83.38,-1.56,9,1
P001,HRTF_A,9,2.389,83.63,-1.62,9,1
P001,HRTF_A,9,2.403,83.89,-1.66,9,1
P001,HRTF_A,9,2.417,84.15,-1.75,9,1
P001,HRTF_A,9,2.430,84.43,-1.84,9,1
P001,HRTF_A,9,2.444,84.71,-1.91,9,1
P001,HRTF_A,9,2.458,84.98,-2.00,9,1
P001,HRTF_A,9,2.472,85.19,-2.03,9,1
P001,HRTF_A,9,2.486,85.38,-2.08,9,1
P001,HRTF_A,9,2.500,85.55,-2.10,9,1
P001,HRTF_A,9,2.514,85.73,-2.12,9,1
P001,HRTF_A,9,2.528,85.87,-2.16,9,1
P001,HRTF_A,9,2.541,85.98,-2.17,9,1
P001,HRTF_A,9,2.555,86.08,-2.15,9,1
P001,HRTF_A,9,2.569,86.11,-2.11,9,1
P001,HRTF_A,9,2.583,86.17,-2.10,9,1
P001,HRTF_A,9,2.597,86.15,-2.12,9,1
P001,HRTF_A,9,2.611,86.18,-2.16,9,1
P001,HRTF_A,9,2.625,86.18,-2.19,9,1
P001,HRTF_A,9,2.639,86.18,-2.24,9,1
P001,HRTF_A,9,2.653,86.15,-2.28,9,1
P001,HRTF_A,9,2.667,86.12,-2.36,9,1
P001,HRTF_A,9,2.680,86.06,-2.45,9,1
P001,HRTF_A,9,2.694,85.97,-2.52,9,1
P001,HRTF_A,9,2.708,85.89,-2.57,9,1
P001,HRTF_A,9,2.722,85.79,-2.65,9,1
P001,HRTF_A,9,2.736,85.71,-2.73,9,1
P001,HRTF_A,9,2.750,85.63,-2.80,9,1
P001,HRTF_A,9,2.764,85.56,-2.87,9,1
P001,HRTF_A,9,2.777,85.47,-2.93,9,1
P001,HRTF_A,10,0.014,-13.01,0.28,29,1
P001,HRTF_A,10,0.031,-12.88,0.30,29,1
P001,HRTF_A,10,0.042,-12.81,0.30,29,1
P001,HRTF_A,10,0.056,-12.73,0.28,29,1
P001,HRTF_A,10,0.072,-12.75,0.26,29,1
P001,HRTF_A,10,0.083,-12.78,0.26,29,1
P001,HRTF_A,10,0.098,-12.84,0.28,29,1
P001,HRTF_A,10,0.111,-12.88,0.31,29,1
P001,HRTF_A,10,0.125,-12.95,0.34,29,1
P001,HRTF_A,10,0.140,-13.02,0.38,29,1
P001,HRTF_A,10,0.153,-13.10,0.41,29,1
P001,HRTF_A,10,0.166,-13.18,0.41,29,1
P001,HRTF_A,10,0.180,-13.25,0.39,29,1
P001,HRTF_A,10,0.194,-13.29,0.38,29,1
P001,HRTF_A,10,0.208,-13.32,0.36,29,1
P001,HRTF_A,10,0.222,-13.34,0.30,29,1
P001,HRTF_A,10,0.236,-13.35,0.28,29,1
P001,HRTF_A,10,0.250,-13.32,0.27,29,1
P001,HRTF_A,10,0.264,-13.32,0.26,29,1
P001,HRTF_A,10,0.278,-13.28,0.25,29,1
P001,HRTF_A,10,0.291,-13.26,0.24,29,1
P001,HRTF_A,10,0.305,-13.23,0.24,29,1
P001,HRTF_A,10,0.319,-13.15,0.24,29,1
P001,HRTF_A,10,0.333,-13.10,0.24,29,1
P001,HRTF_A,10,0.347,-13.05,0.25,29,1
P001,HRTF_A,10,0.361,-13.00,0.25,29,1
P001,HRTF_A,10,0.375,-12.91,0.26,29,1
P001,HRTF_A,10,0.389,-12.83,0.26,29,1
P001,HRTF_A,10,0.403,-12.75,0.25,29,1
P001,HRTF_A,10,0.416,-12.68,0.24,29,1
P001,HRTF_A,10,0.430,-12.59,0.23,29,1
P001,HRTF_A,10,0.444,-12.52,0.21,29,1
P001,HRTF_A,10,0.458,-12.44,0.20,29,1
P001,HRTF_A,10,0.472,-12.40,0.18,29,1
P001,HRTF_A,10,0.486,-12.34,0.15,29,1
P001,HRTF_A,10,0.500,-12.31,0.11,29,1
P001,HRTF_A,10,0.514,-12.26,0.08,29,1
P001,HRTF_A,10,0.528,-12.23,0.05,29,1
P001,HRTF_A,10,0.542,-12.21,0.01,29,1
P001,HRTF_A,10,0.555,-12.20,0.00,29,1
P001,HRTF_A,10,0.571,-12.23,-0.01,29,1
P001,HRTF_A,10,0.584,-12.24,0.00,29,1
P001,HRTF_A,10,0.598,-12.24,0.00,29,1
P001,HRTF_A,10,0.612,-12.25,0.02,29,1
P001,HRTF_A,10,0.626,-12.26,0.02,29,1
P001,HRTF_A,10,0.639,-12.27,0.03,29,1
P001,HRTF_A,10,0.653,-12.28,0.05,29,1
P001,HRTF_A,10,0.667,-12.30,0.09,29,1
P001,HRTF_A,10,0.680,-12.31,0.10,29,1
P001,HRTF_A,10,0.694,-12.32,0.11,29,1
P001,HRTF_A,10,0.708,-12.35,0.11,29,1
P001,HRTF_A,10,0.722,-12.36,0.13,29,1
P001,HRTF_A,10,0.736,-12.40,0.13,29,1
P001,HRTF_A,10,0.750,-12.42,0.11,29,1
P001,HRTF_A,10,0.763,-12.43,0.08,29,1
P001,HRTF_A,10,0.777,-12.45,0.02,29,1
P001,HRTF_A,10,0.791,-12.46,-0.02,29,1
P001,HRTF_A,10,0.805,-12.47,-0.04,29,1
P001,HRTF_A,10,0.819,-12.48,-0.03,29,1
P001,HRTF_A,10,0.833,-12.48,-0.02,29,1
P001,HRTF_A,10,0.847,-12.48,-0.02,29,1
P001,HRTF_A,10,0.861,-12.47,-0.01,29,1
P001,HRTF_A,10,0.875,-12.47,-0.02,29,1
P001,HRTF_A,10,0.888,-12.47,-0.04,29,1
P001,HRTF_A,10,0.902,-12.47,-0.05,29,1
P001,HRTF_A,10,0.916,-12.47,-0.06,29,1
P001,HRTF_A,10,0.930,-12.47,-0.05,29,1
P001,HRTF_A,10,0.944,-12.46,-0.02,29,1
P001,HRTF_A,10,0.958,-12.45,-0.01,29,1
P001,HRTF_A,10,0.972,-12.44,0.00,29,1
P001,HRTF_A,10,0.986,-12.43,0.00,29,1
P001,HRTF_A,10,0.999,-12.43,0.00,29,1
P001,HRTF_A,10,1.013,-12.42,0.00,29,1
P001,HRTF_A,10,1.027,-12.41,0.01,29,1
P001,HRTF_A,10,1.042,-12.41,0.01,29,1
P001,HRTF_A,10,1.055,-12.42,-0.01,29,1
P001,HRTF_A,10,1.069,-12.44,-0.02,29,1
P001,HRTF_A,10,1.083,-12.45,-0.05,29,1
P001,HRTF_A,10,1.097,-12.47,-0.09,29,1
P001,HRTF_A,10,1.111,-12.45,-0.09,29,1
P001,HRTF_A,10,1.125,-12.44,-0.11,29,1
P001,HRTF_A,10,1.138,-12.42,-0.11,29,1
P001,HRTF_A,10,1.152,-12.41,-0.10,29,1
P001,HRTF_A,10,1.166,-12.39,-0.08,29,1
P001,HRTF_A,10,1.181,-12.37,-0.06,29,1
P001,HRTF_A,10,1.194,-12.34,-0.05,29,1
P001,HRTF_A,10,1.208,-12.32,-0.08,29,1
P001,HRTF_A,10,1.222,-12.31,-0.09,29,1
P001,HRTF_A,10,1.236,-12.31,-0.10,29,1
P001,HRTF_A,10,1.249,-12.32,-0.11,29,1
P001,HRTF_A,10,1.263,-12.32,-0.10,29,1
P001,HRTF_A,10,1.277,-12.33,-0.08,29,1
P001,HRTF_A,10,1.291,-12.36,-0.07,29,1
P001,HRTF_A,10,1.305,-12.38,-0.07,29,1
P001,HRTF_A,10,1.319,-12.39,-0.08,29,1
P001,HRTF_A,10,1.333,-12.41,-0.10,29,1
P001,HRTF_A,10,1.347,-12.44,-0.11,29,1
P001,HRTF_A,10,1.361,-12.45,-0.11,29,1
P001,HRTF_A,10,1.375,-12.47,-0.12,29,1
P001,HRTF_A,10,1.388,-12.48,-0.12,29,1
P001,HRTF_A,10,1.402,-12.49,-0.13,29,1
P001,HRTF_A,10,1.416,-12.50,-0.12,29,1
P001,HRTF_A,10,1.430,-12.50,-0.12,29,1
P001,HRTF_A,11,0.014,-12.54,-0.27,15,1
P001,HRTF_A,11,0.031,-12.58,-0.28,15,1
P001,HRTF_A,11,0.041,-12.63,-0.27,15,1
P001,HRTF_A,11,0.056,-12.65,-0.30,15,1
P001,HRTF_A,11,0.072,-12.70,-0.32,15,1
P001,HRTF_A,11,0.084,-12.75,-0.31,15,1
P001,HRTF_A,11,0.097,-12.78,-0.30,15,1
P001,HRTF_A,11,0.111,-12.84,-0.26,15,1
P001,HRTF_A,11,0.125,-12.88,-0.24,15,1
P001,HRTF_A,11,0.139,-12.93,-0.22,15,1
P001,HRTF_A,11,0.153,-12.98,-0.21,15,1
P001,HRTF_A,11,0.167,-13.02,-0.19,15,1
P001,HRTF_A,11,0.180,-13.05,-0.16,15,1
P001,HRTF_A,11,0.194,-13.07,-0.14,15,1
P001,HRTF_A,11,0.208,-13.09,-0.10,15,1
P001,HRTF_A,11,0.222,-13.12,-0.12,15,1
P001,HRTF_A,11,0.236,-13.16,-0.14,15,1
P001,HRTF_A,11,0.250,-13.21,-0.15,15,1
P001,HRTF_A,11,0.264,-13.30,-0.22,15,1
P001,HRTF_A,11,0.278,-13.37,-0.27,15,1
P001,HRTF_A,11,0.292,-13.47,-0.27,15,1
P001,HRTF_A,11,0.305,-13.56,-0.27,15,1
P001,HRTF_A,11,0.319,-13.71,-0.24,15,1
P001,HRTF_A,11,0.333,-13.86,-0.21,15,1
P001,HRTF_A,11,0.347,-14.00,-0.18,15,1
P001,HRTF_A,11,0.361,-14.15,-0.16,15,1
P001,HRTF_A,11,0.375,-14.30,-0.15,15,1
P001,HRTF_A,11,0.389,-14.44,-0.14,15,1
P001,HRTF_A,11,0.403,-14.58,-0.12,15,1
P001,HRTF_A,11,0.417,-14.71,-0.09,15,1
P001,HRTF_A,11,0.430,-14.83,-0.05,15,1
P001,HRTF_A,11,0.444,-14.92,-0.02,15,1
P001,HRTF_A,11,0.458,-14.98,0.00,15,1
P001,HRTF_A,11,0.472,-14.98,-0.10,15,1
P001,HRTF_A,11,0.486,-14.87,-0.40,15,1
P001,HRTF_A,11,0.500,-14.66,-0.86,15,1
P001,HRTF_A,11,0.514,-14.36,-1.40,15,1
P001,HRTF_A,11,0.528,-13.98,-1.97,15,1
P001,HRTF_A,11,0.542,-13.44,-2.56,15,1
P001,HRTF_A,11,0.555,-12.73,-3.09,15,1
P001,HRTF_A,11,0.569,-12.02,-3.55,15,1
P001,HRTF_A,11,0.583,-11.00,-4.01,15,1
P001,HRTF_A,11,0.597,-9.97,-4.38,15,1
P001,HRTF_A,11,0.611,-8.68,-4.68,15,1
P001,HRTF_A,11,0.625,-7.44,-4.95,15,1
P001,HRTF_A,11,0.639,-5.99,-5.13,15,1
P001,HRTF_A,11,0.653,-4.44,-5.22,15,1
P001,HRTF_A,11,0.667,-2.81,-5.32,15,1
P001,HRTF_A,11,0.681,-0.98,-5.35,15,1
P001,HRTF_A,11,0.695,0.92,-5.33,15,1
P001,HRTF_A,11,0.708,2.85,-5.30,15,1
P001,HRTF_A,11,0.722,4.84,-5.19,15,1
P001,HRTF_A,11,0.736,6.86,-5.06,15,1
P001,HRTF_A,11,0.750,8.86,-4.91,15,1
P001,HRTF_A,11,0.764,10.90,-4.65,15,1
P001,HRTF_A,11,0.778,12.95,-4.41,15,1
P001,HRTF_A,11,0.792,14.91,-4.17,15,1
P001,HRTF_A,11,0.806,16.87,-3.96,15,1
P001,HRTF_A,11,0.820,18.78,-3.69,15,1
P001,HRTF_A,11,0.833,20.61,-3.40,15,1
P001,HRTF_A,11,0.847,22.40,-3.14,15,1
P001,HRTF_A,11,0.861,24.20,-2.83,15,1
P001,HRTF_A,11,0.875,25.97,-2.60,15,1
P001,HRTF_A,11,0.889,27.78,-2.34,15,1
P001,HRTF_A,11,0.903,29.60,-2.08,15,1
P001,HRTF_A,11,0.917,31.32,-1.86,15,1
P001,HRTF_A,11,0.931,33.03,-1.70,15,1
P001,HRTF_A,11,0.945,34.72,-1.60,15,1
P001,HRTF_A,11,0.958,36.40,-1.55,15,1
P001,HRTF_A,11,0.972,38.13,-1.44,15,1
P001,HRTF_A,11,0.986,39.73,-1.32,15,1
P001,HRTF_A,11,1.000,41.32,-1.22,15,1
P001,HRTF_A,11,1.014,42.90,-1.08,15,1
P001,HRTF_A,11,1.028,44.36,-0.96,15,1
P001,HRTF_A,11,1.042,45.81,-0.80,15,1
P001,HRTF_A,11,1.056,47.19,-0.64,15,1
P001,HRTF_A,11,1.070,48.63,-0.48,15,1
P001,HRTF_A,11,1.084,49.95,-0.30,15,1
P001,HRTF_A,11,1.097,51.30,-0.15,15,1
P001,HRTF_A,11,1.111,52.69,-0.04,15,1
P001,HRTF_A,11,1.125,54.04,0.14,15,1
P001,HRTF_A,11,1.139,55.44,0.37,15,1
P001,HRTF_A,11,1.153,56.82,0.56,15,1
P001,HRTF_A,11,1.167,58.21,0.72,15,1
P001,HRTF_A,11,1.181,59.59,0.86,15,1
P001,HRTF_A,11,1.195,60.95,1.04,15,1
P001,HRTF_A,11,1.208,62.26,1.23,15,1
P001,HRTF_A,11,1.222,63.61,1.42,15,1
P001,HRTF_A,11,1.236,64.95,1.64,15,1
P001,HRTF_A,11,1.250,66.26,1.84,15,1
P001,HRTF_A,11,1.264,67.50,2.08,15,1
P001,HRTF_A,11,1.278,68.72,2.36,15,1
P001,HRTF_A,11,1.292,69.93,2.57,15,1
P001,HRTF_A,11,1.306,71.11,2.68,15,1
P001,HRTF_A,11,1.320,72.26,2.85,15,1
P001,HRTF_A,11,1.334,73.37,3.07,15,1
P001,HRTF_A,11,1.347,74.47,3.30,15,1
P001,HRTF_A,11,1.361,75.49,3.68,15,1
P001,HRTF_A,11,1.375,76.43,3.86,15,1
P001,HRTF_A,11,1.389,77.36,4.03,15,1
P001,HRTF_A,11,1.403,78.28,4.25,15,1
P001,HRTF_A,11,1.417,79.18,4.43,15,1
P001,HRTF_A,11,1.431,80.10,4.68,15,1
P001,HRTF_A,11,1.445,80.90,4.99,15,1
P001,HRTF_A,11,1.459,81.63,5.28,15,1
P001,HRTF_A,11,1.473,82.34,5.59,15,1
P001,HRTF_A,11,1.486,82.83,5.89,15,1
P001,HRTF_A,11,1.500,83.23,6.24,15,1
P001,HRTF_A,11,1.514,83.66,6.60,15,1
P001,HRTF_A,11,1.528,84.02,6.89,15,1
P001,HRTF_A,11,1.542,84.33,7.18,15,1
P001,HRTF_A,11,1.556,84.61,7.56,15,1
P001,HRTF_A,11,1.570,84.82,7.96,15,1
P001,HRTF_A,11,1.583,84.98,8.53,15,1
P001,HRTF_A,11,1.597,85.11,8.88,15,1
P001,HRTF_A,11,1.611,85.24,9.26,15,1
P001,HRTF_A,11,1.625,85.28,9.60,15,1
P001,HRTF_A,11,1.639,85.42,9.91,15,1
P001,HRTF_A,11,1.653,85.48,10.18,15,1
P001,HRTF_A,11,1.667,85.59,10.35,15,1
P001,HRTF_A,11,1.681,85.70,10.52,15,1
P001,HRTF_A,11,1.695,85.82,10.56,15,1
P001,HRTF_A,11,1.709,85.93,10.54,15,1
P001,HRTF_A,11,1.722,86.08,10.54,15,1
P001,HRTF_A,11,1.737,86.25,10.40,15,1
P001,HRTF_A,11,1.750,86.44,10.29,15,1
P001,HRTF_A,11,1.764,86.64,10.15,15,1
P001,HRTF_A,11,1.778,86.85,10.00,15,1
P001,HRTF_A,11,1.792,87.08,9.88,15,1
P001,HRTF_A,11,1.806,87.33,9.74,15,1
P001,HRTF_A,11,1.820,87.57,9.63,15,1
P001,HRTF_A,11,1.834,87.82,9.54,15,1
P001,HRTF_A,11,1.847,88.06,9.43,15,1
P001,HRTF_A,11,1.861,88.29,9.31,15,1
P001,HRTF_A,11,1.875,88.51,9.22,15,1
P001,HRTF_A,11,1.889,88.74,9.14,15,1
P001,HRTF_A,11,1.903,88.95,9.11,15,1
P001,HRTF_A,11,1.917,89.16,9.09,15,1
P001,HRTF_A,11,1.931,89.36,9.09,15,1
P001,HRTF_A,11,1.945,89.57,9.06,15,1
P001,HRTF_A,11,1.959,89.81,9.00,15,1
P001,HRTF_A,11,1.972,90.07,8.93,15,1
P001,HRTF_A,11,1.986,90.34,8.84,15,1
P001,HRTF_A,11,2.000,90.61,8.75,15,1
P001,HRTF_A,11,2.014,90.89,8.58,15,1
P001,HRTF_A,11,2.028,91.25,8.33,15,1
P001,HRTF_A,11,2.042,91.63,8.00,15,1
P001,HRTF_A,11,2.056,92.05,7.47,15,1
P001,HRTF_A,11,2.070,92.47,6.96,15,1
P001,HRTF_A,11,2.083,92.89,6.28,15,1
P001,HRTF_A,11,2.098,93.32,5.54,15,1
P001,HRTF_A,11,2.111,93.73,4.63,15,1
P001,HRTF_A,11,2.125,94.10,3.71,15,1
P001,HRTF_A,11,2.139,94.45,2.68,15,1
P001,HRTF_A,11,2.153,94.79,1.57,15,1
P001,HRTF_A,11,2.167,95.13,0.47,15,1
P001,HRTF_A,11,2.181,95.42,-0.65,15,1
P001,HRTF_A,11,2.195,95.66,-1.79,15,1
P001,HRTF_A,11,2.208,95.91,-2.89,15,1
P001,HRTF_A,11,2.223,96.09,-4.00,15,1
P001,HRTF_A,11,2.236,96.32,-5.17,15,1
P001,HRTF_A,11,2.250,96.59,-6.35,15,1
P001,HRTF_A,11,2.264,96.84,-7.55,15,1
P001,HRTF_A,11,2.278,97.04,-8.72,15,1
P001,HRTF_A,11,2.292,97.25,-9.77,15,1
P001,HRTF_A,11,2.306,97.37,-10.69,15,1
P001,HRTF_A,11,2.320,97.54,-11.59,15,1
P001,HRTF_A,11,2.333,97.70,-12.44,15,1
P001,HRTF_A,11,2.347,97.93,-13.35,15,1
P001,HRTF_A,11,2.361,98.16,-14.20,15,1
P001,HRTF_A,11,2.375,98.42,-14.95,15,1
P001,HRTF_A,11,2.389,98.69,-15.59,15,1
P001,HRTF_A,11,2.403,98.97,-16.28,15,1
P001,HRTF_A,11,2.417,99.34,-16.96,15,1
P001,HRTF_A,11,2.431,99.73,-17.68,15,1
P001,HRTF_A,11,2.445,100.07,-18.47,15,1
P001,HRTF_A,11,2.458,100.46,-19.22,15,1
P001,HRTF_A,11,2.472,100.93,-19.98,15,1
P001,HRTF_A,11,2.486,101.38,-20.68,15,1
P001,HRTF_A,11,2.500,101.85,-21.37,15,1
P001,HRTF_A,11,2.514,102.29,-22.03,15,1
P001,HRTF_A,11,2.528,102.71,-22.74,15,1
P001,HRTF_A,11,2.542,103.11,-23.45,15,1
P001,HRTF_A,11,2.556,103.48,-24.09,15,1
P001,HRTF_A,11,2.570,103.77,-24.72,15,1
P001,HRTF_A,11,2.583,104.06,-25.33,15,1
P001,HRTF_A,11,2.597,104.28,-26.00,15,1
P001,HRTF_A,11,2.611,104.56,-26.73,15,1
P001,HRTF_A,11,2.625,104.82,-27.46,15,1
P001,HRTF_A,11,2.639,105.05,-28.16,15,1
P001,HRTF_A,11,2.653,105.16,-28.86,15,1
P001,HRTF_A,11,2.667,105.29,-29.53,15,1
P001,HRTF_A,11,2.681,105.37,-30.18,15,1
P001,HRTF_A,11,2.695,105.43,-30.73,15,1
P001,HRTF_A,11,2.709,105.51,-31.33,15,1
P001,HRTF_A,11,2.722,105.62,-31.95,15,1
P001,HRTF_A,11,2.736,105.72,-32.55,15,1
P001,HRTF_A,11,2.750,105.90,-33.08,15,1
P001,HRTF_A,11,2.764,105.98,-33.53,15,1
P001,HRTF_A,11,2.778,106.17,-33.79,15,1
P001,HRTF_A,11,2.792,106.35,-34.10,15,1
P001,HRTF_A,11,2.806,106.53,-34.42,15,1
P001,HRTF_A,11,2.820,106.81,-34.68,15,1
P001,HRTF_A,11,2.834,107.13,-34.84,15,1
P001,HRTF_A,11,2.847,107.47,-34.76,15,1
P001,HRTF_A,11,2.861,107.80,-34.73,15,1
P001,HRTF_A,11,2.875,108.13,-34.70,15,1
P001,HRTF_A,11,2.889,108.55,-34.65,15,1
P001,HRTF_A,11,2.903,108.95,-34.62,15,1
P001,HRTF_A,11,2.917,109.47,-34.55,15,1
P001,HRTF_A,11,2.931,109.99,-34.57,15,1
P001,HRTF_A,11,2.945,110.51,-34.71,15,1
P001,HRTF_A,11,2.959,111.07,-34.79,15,1
P001,HRTF_A,11,2.972,111.64,-34.86,15,1
P001,HRTF_A,11,2.986,112.21,-34.88,15,1
P001,HRTF_A,11,3.000,112.78,-34.95,15,1
P001,HRTF_A,11,3.014,113.34,-35.05,15,1
P001,HRTF_A,11,3.028,113.91,-35.12,15,1
P001,HRTF_A,11,3.042,114.49,-35.21,15,1
P001,HRTF_A,11,3.056,115.09,-35.25,15,1
P001,HRTF_A,11,3.070,115.54,-35.29,15,1
P001,HRTF_A,11,3.084,116.05,-35.37,15,1
P001,HRTF_A,11,3.097,116.49,-35.44,15,1
P001,HRTF_A,11,3.111,116.95,-35.51,15,1
P001,HRTF_A,11,3.125,117.29,-35.55,15,1
P001,HRTF_A,11,3.139,117.65,-35.57,15,1
P001,HRTF_A,11,3.153,117.92,-35.63,15,1
P001,HRTF_A,11,3.167,118.18,-35.72,15,1
P001,HRTF_A,11,3.181,118.39,-35.80,15,1
P001,HRTF_A,11,3.195,118.57,-35.82,15,1
P001,HRTF_A,11,3.209,118.74,-35.83,15,1
P001,HRTF_A,11,3.223,118.87,-35.85,15,1
P001,HRTF_A,11,3.236,118.97,-35.92,15,1
P001,HRTF_A,11,3.250,119.07,-36.04,15,1
P001,HRTF_A,11,3.264,119.17,-36.14,15,1
P001,HRTF_A,11,3.278,119.19,-36.17,15,1
P001,HRTF_A,11,3.292,119.25,-36.19,15,1
P001,HRTF_A,11,3.306,119.22,-36.21,15,1
P001,HRTF_A,11,3.320,119.15,-36.22,15,1
P001,HRTF_A,11,3.333,119.09,-36.24,15,1
P001,HRTF_A,11,3.347,119.00,-36.33,15,1
P001,HRTF_A,11,3.361,118.92,-36.39,15,1
P001,HRTF_A,11,3.375,118.84,-36.50,15,1
P001,HRTF_A,11,3.389,118.77,-36.58,15,1
P001,HRTF_A,11,3.403,118.67,-36.66,15,1
P001,HRTF_A,11,3.417,118.54,-36.73,15,1
P001,HRTF_A,11,3.431,118.43,-36.83,15,1
P001,HRTF_A,11,3.445,118.29,-36.97,15,1
P001,HRTF_A,11,3.458,118.15,-37.12,15,1
P001,HRTF_A,11,3.473,117.98,-37.27,15,1
P001,HRTF_A,11,3.486,117.80,-37.41,15,1
P001,HRTF_A,11,3.500,117.57,-37.51,15,1
P001,HRTF_A,11,3.514,117.34,-37.58,15,1
P001,HRTF_A,11,3.528,117.11,-37.62,15,1
P001,HRTF_A,11,3.542,116.89,-37.64,15,1
P001,HRTF_A,11,3.556,116.67,-37.67,15,1
P001,HRTF_A,11,3.570,116.46,-37.69,15,1
P001,HRTF_A,11,3.583,116.23,-37.69,15,1
P001,HRTF_A,11,3.597,116.02,-37.69,15,1
P001,HRTF_A,11,3.611,115.79,-37.69,15,1
P001,HRTF_A,11,3.625,115.60,-37.67,15,1
P001,HRTF_A,11,3.639,115.43,-37.65,15,1
P001,HRTF_A,11,3.653,115.26,-37.65,15,1
P001,HRTF_A,11,3.667,115.10,-37.66,15,1
P001,HRTF_A,11,3.681,114.96,-37.68,15,1
P001,HRTF_A,11,3.695,114.84,-37.70,15,1
P001,HRTF_A,11,3.709,114.75,-37.72,15,1
P001,HRTF_A,11,3.723,114.62,-37.72,15,1
P001,HRTF_A,11,3.737,114.49,-37.71,15,1
P001,HRTF_A,11,3.750,114.35,-37.72,15,1
P001,HRTF_A,11,3.764,114.22,-37.72,15,1
P001,HRTF_A,12,0.014,-12.71,0.00,14,1
P001,HRTF_A,12,0.030,-13.00,0.09,14,1
P001,HRTF_A,12,0.041,-13.28,0.09,14,1
P001,HRTF_A,12,0.055,-13.56,0.09,14,1
P001,HRTF_A,12,0.069,-13.79,0.07,14,1
P001,HRTF_A,12,0.083,-14.02,0.07,14,1
P001,HRTF_A,12,0.097,-14.19,0.10,14,1
P001,HRTF_A,12,0.111,-14.34,0.15,14,1
P001,HRTF_A,12,0.125,-14.48,0.19,14,1
P001,HRTF_A,12,0.139,-14.59,0.20,14,1
P001,HRTF_A,12,0.155,-14.65,0.20,14,1
P001,HRTF_A,12,0.166,-14.68,0.22,14,1
P001,HRTF_A,12,0.181,-14.71,0.23,14,1
P001,HRTF_A,12,0.194,-14.69,0.26,14,1
P001,HRTF_A,12,0.208,-14.65,0.30,14,1
P001,HRTF_A,12,0.222,-14.58,0.36,14,1
P001,HRTF_A,12,0.236,-14.49,0.40,14,1
P001,HRTF_A,12,0.250,-14.42,0.42,14,1
P001,HRTF_A,12,0.263,-14.34,0.38,14,1
P001,HRTF_A,12,0.277,-14.17,0.32,14,1
P001,HRTF_A,12,0.291,-13.90,0.28,14,1
P001,HRTF_A,12,0.305,-13.63,0.28,14,1
P001,HRTF_A,12,0.319,-13.24,0.30,14,1
P001,HRTF_A,12,0.333,-12.78,0.36,14,1
P001,HRTF_A,12,0.347,-12.23,0.30,14,1
P001,HRTF_A,12,0.361,-11.60,0.30,14,1
P001,HRTF_A,12,0.375,-10.81,0.27,14,1
P001,HRTF_A,12,0.388,-10.00,0.27,14,1
P001,HRTF_A,12,0.402,-9.07,0.27,14,1
P001,HRTF_A,12,0.416,-8.12,0.20,14,1
P001,HRTF_A,12,0.430,-7.09,0.11,14,1
P001,HRTF_A,12,0.444,-5.99,0.00,14,1
P001,HRTF_A,12,0.458,-4.83,-0.21,14,1
P001,HRTF_A,12,0.472,-3.69,-0.39,14,1
P001,HRTF_A,12,0.486,-2.53,-0.62,14,1
P001,HRTF_A,12,0.499,-1.39,-0.86,14,1
P001,HRTF_A,12,0.513,-0.22,-1.14,14,1
P001,HRTF_A,12,0.527,0.94,-1.41,14,1
P001,HRTF_A,12,0.541,2.06,-1.73,14,1
P001,HRTF_A,12,0.555,3.16,-2.04,14,1
P001,HRTF_A,12,0.569,4.23,-2.30,14,1
P001,HRTF_A,12,0.583,5.34,-2.60,14,1
P001,HRTF_A,12,0.597,6.49,-2.88,14,1
P001,HRTF_A,12,0.611,7.63,-3.22,14,1
P001,HRTF_A,12,0.625,8.71,-3.48,14,1
P001,HRTF_A,12,0.638,9.77,-3.77,14,1
P001,HRTF_A,12,0.652,10.84,-4.02,14,1
P001,HRTF_A,12,0.666,11.93,-4.27,14,1
P001,HRTF_A,12,0.680,13.00,-4.56,14,1
P001,HRTF_A,12,0.694,14.01,-4.82,14,1
P001,HRTF_A,12,0.708,15.00,-5.11,14,1
P001,HRTF_A,12,0.722,15.99,-5.41,14,1
P001,HRTF_A,12,0.736,16.96,-5.79,14,1
P001,HRTF_A,12,0.750,17.92,-6.13,14,1
P001,HRTF_A,12,0.763,18.77,-6.45,14,1
P001,HRTF_A,12,0.777,19.55,-6.76,14,1
P001,HRTF_A,12,0.791,20.29,-7.08,14,1
P001,HRTF_A,12,0.805,21.00,-7.28,14,1
P001,HRTF_A,12,0.819,21.70,-7.55,14,1
P001,HRTF_A,12,0.833,22.40,-7.74,14,1
P001,HRTF_A,12,0.847,23.02,-7.90,14,1
P001,HRTF_A,12,0.861,23.64,-8.04,14,1
P001,HRTF_A,12,0.875,24.26,-8.20,14,1
P001,HRTF_A,12,0.889,24.93,-8.39,14,1
P001,HRTF_A,12,0.902,25.63,-8.62,14,1
P001,HRTF_A,12,0.916,26.32,-8.85,14,1
P001,HRTF_A,12,0.930,27.01,-9.14,14,1
P001,HRTF_A,12,0.944,27.74,-9.44,14,1
P001,HRTF_A,12,0.958,28.56,-9.64,14,1
P001,HRTF_A,12,0.972,29.37,-9.93,14,1
P001,HRTF_A,12,0.986,30.16,-10.20,14,1
P001,HRTF_A,12,1.000,30.94,-10.48,14,1
P001,HRTF_A,12,1.014,31.76,-10.75,14,1
P001,HRTF_A,12,1.027,32.53,-11.04,14,1
P001,HRTF_A,12,1.041,33.33,-11.31,14,1
P001,HRTF_A,12,1.055,34.08,-11.59,14,1
P001,HRTF_A,12,1.069,34.77,-11.85,14,1
P001,HRTF_A,12,1.083,35.45,-12.07,14,1
P001,HRTF_A,12,1.097,36.13,-12.29,14,1
P001,HRTF_A,12,1.111,36.84,-12.53,14,1
P001,HRTF_A,12,1.125,37.52,-12.74,14,1
P001,HRTF_A,12,1.138,38.22,-12.94,14,1
P001,HRTF_A,12,1.153,38.91,-13.16,14,1
P001,HRTF_A,12,1.166,39.68,-13.36,14,1
P001,HRTF_A,12,1.180,40.43,-13.54,14,1
P001,HRTF_A,12,1.194,41.19,-13.72,14,1
P001,HRTF_A,12,1.208,42.00,-13.88,14,1
P001,HRTF_A,12,1.222,42.83,-14.02,14,1
P001,HRTF_A,12,1.236,43.68,-14.07,14,1
P001,HRTF_A,12,1.250,44.56,-14.14,14,1
P001,HRTF_A,12,1.263,45.45,-14.24,14,1
P001,HRTF_A,12,1.277,46.31,-14.32,14,1
P001,HRTF_A,12,1.291,47.25,-14.41,14,1
P001,HRTF_A,12,1.305,48.21,-14.45,14,1
P001,HRTF_A,12,1.319,49.19,-14.50,14,1
P001,HRTF_A,12,1.333,50.17,-14.53,14,1
P001,HRTF_A,12,1.347,51.25,-14.56,14,1
P001,HRTF_A,12,1.361,52.33,-14.56,14,1
P001,HRTF_A,12,1.375,53.38,-14.62,14,1
P001,HRTF_A,12,1.389,54.56,-14.63,14,1
P001,HRTF_A,12,1.402,55.75,-14.63,14,1
P001,HRTF_A,12,1.416,56.96,-14.60,14,1
P001,HRTF_A,12,1.430,58.17,-14.58,14,1
P001,HRTF_A,12,1.444,59.42,-14.55,14,1
P001,HRTF_A,12,1.458,60.65,-14.55,14,1
P001,HRTF_A,12,1.472,61.90,-14.51,14,1
P001,HRTF_A,12,1.486,63.17,-14.43,14,1
P001,HRTF_A,12,1.500,64.44,-14.38,14,1
P001,HRTF_A,12,1.514,65.69,-14.33,14,1
P001,HRTF_A,12,1.527,66.97,-14.31,14,1
P001,HRTF_A,12,1.541,68.30,-14.29,14,1
P001,HRTF_A,12,1.555,69.61,-14.22,14,1
P001,HRTF_A,12,1.569,70.96,-14.22,14,1
P001,HRTF_A,12,1.583,72.30,-14.17,14,1
P001,HRTF_A,12,1.597,73.65,-14.16,14,1
P001,HRTF_A,12,1.611,75.02,-14.16,14,1
P001,HRTF_A,12,1.625,76.39,-14.16,14,1
P001,HRTF_A,12,1.639,77.73,-14.14,14,1
P001,HRTF_A,12,1.652,79.10,-14.17,14,1
P001,HRTF_A,12,1.666,80.43,-14.17,14,1
P001,HRTF_A,12,1.680,81.65,-14.19,14,1
P001,HRTF_A,12,1.694,82.93,-14.13,14,1
P001,HRTF_A,12,1.708,84.19,-14.13,14,1
P001,HRTF_A,12,1.722,85.42,-14.15,14,1
P001,HRTF_A,12,1.736,86.67,-14.15,14,1
P001,HRTF_A,12,1.750,87.85,-14.17,14,1
P001,HRTF_A,12,1.764,89.06,-14.18,14,1
P001,HRTF_A,12,1.777,90.17,-14.21,14,1
P001,HRTF_A,12,1.791,91.36,-14.25,14,1
P001,HRTF_A,12,1.805,92.55,-14.30,14,1
P001,HRTF_A,12,1.819,93.73,-14.35,14,1
P001,HRTF_A,12,1.836,94.93,-14.39,14,1
P001,HRTF_A,12,1.850,96.09,-14.52,14,1
P001,HRTF_A,12,1.864,97.31,-14.64,14,1
P001,HRTF_A,12,1.878,98.45,-14.74,14,1
P001,HRTF_A,12,1.892,99.65,-14.87,14,1
P001,HRTF_A,12,1.905,100.78,-14.99,14,1
P001,HRTF_A,12,1.919,101.87,-15.14,14,1
P001,HRTF_A,12,1.933,102.90,-15.29,14,1
P001,HRTF_A,12,1.957,103.96,-15.44,14,1
P001,HRTF_A,12,1.972,104.93,-15.63,14,1
P001,HRTF_A,12,1.986,106.98,-15.95,14,1
P001,HRTF_A,12,2.000,107.94,-16.11,14,1
P001,HRTF_A,12,2.013,108.90,-16.24,14,1
P001,HRTF_A,12,2.027,109.82,-16.42,14,1
P001,HRTF_A,12,2.041,110.75,-16.58,14,1
P001,HRTF_A,12,2.055,111.59,-16.74,14,1
P001,HRTF_A,12,2.069,112.38,-16.86,14,1
P001,HRTF_A,12,2.083,113.15,-16.92,14,1
P001,HRTF_A,12,2.097,113.87,-17.00,14,1
P001,HRTF_A,12,2.111,114.53,-17.02,14,1
P001,HRTF_A,12,2.125,115.19,-17.01,14,1
P001,HRTF_A,12,2.138,115.84,-16.99,14,1
P001,HRTF_A,12,2.152,116.41,-16.96,14,1
P001,HRTF_A,12,2.166,116.99,-16.88,14,1
P001,HRTF_A,12,2.180,117.53,-16.84,14,1
P001,HRTF_A,12,2.194,118.03,-16.77,14,1
P001,HRTF_A,12,2.208,118.51,-16.74,14,1
P001,HRTF_A,12,2.222,118.98,-16.73,14,1
P001,HRTF_A,12,2.236,119.43,-16.74,14,1
P001,HRTF_A,12,2.250,119.84,-16.83,14,1
P001,HRTF_A,12,2.264,120.28,-16.94,14,1
P001,HRTF_A,12,2.277,120.62,-17.06,14,1
P001,HRTF_A,12,2.291,120.96,-17.21,14,1
P001,HRTF_A,12,2.305,121.29,-17.38,14,1
P001,HRTF_A,12,2.319,121.62,-17.62,14,1
P001,HRTF_A,12,2.333,121.93,-17.82,14,1
P001,HRTF_A,12,2.347,122.23,-18.05,14,1
P001,HRTF_A,12,2.360,122.48,-18.20,14,1
P001,HRTF_A,12,2.374,122.73,-18.36,14,1
P001,HRTF_A,12,2.388,122.91,-18.51,14,1
P001,HRTF_A,12,2.402,123.04,-18.68,14,1
P001,HRTF_A,12,2.416,123.20,-18.80,14,1
P001,HRTF_A,12,2.430,123.28,-18.91,14,1
P001,HRTF_A,12,2.444,123.34,-18.98,14,1
P001,HRTF_A,12,2.458,123.33,-19.04,14,1
P001,HRTF_A,12,2.472,123.33,-19.14,14,1
P001,HRTF_A,12,2.485,123.31,-19.22,14,1
P001,HRTF_A,12,2.499,123.25,-19.30,14,1
P001,HRTF_A,12,2.513,123.17,-19.43,14,1
P001,HRTF_A,12,2.527,123.09,-19.54,14,1
P001,HRTF_A,12,2.541,122.99,-19.71,14,1
P001,HRTF_A,12,2.555,122.90,-19.88,14,1
P001,HRTF_A,12,2.569,122.79,-20.10,14,1
P001,HRTF_A,12,2.583,122.67,-20.32,14,1
P001,HRTF_A,13,0.014,-13.93,0.59,30,1
P001,HRTF_A,13,0.030,-14.19,0.75,30,1
P001,HRTF_A,13,0.042,-14.37,0.86,30,1
P001,HRTF_A,13,0.056,-14.61,0.98,30,1
P001,HRTF_A,13,0.069,-14.82,1.04,30,1
P001,HRTF_A,13,0.083,-15.03,1.08,30,1
P001,HRTF_A,13,0.098,-15.20,1.15,30,1
P001,HRTF_A,13,0.111,-15.33,1.16,30,1
P001,HRTF_A,13,0.125,-15.46,1.18,30,1
P001,HRTF_A,13,0.141,-15.54,1.16,30,1
P001,HRTF_A,13,0.153,-15.59,1.12,30,1
P001,HRTF_A,13,0.167,-15.59,1.08,30,1
P001,HRTF_A,13,0.181,-15.52,1.03,30,1
P001,HRTF_A,13,0.195,-15.48,0.99,30,1
P001,HRTF_A,13,0.209,-15.37,0.90,30,1
P001,HRTF_A,13,0.222,-15.23,0.79,30,1
P001,HRTF_A,13,0.236,-15.03,0.66,30,1
P001,HRTF_A,13,0.250,-14.75,0.45,30,1
P001,HRTF_A,13,0.264,-14.43,0.24,30,1
P001,HRTF_A,13,0.278,-14.08,0.01,30,1
P001,HRTF_A,13,0.292,-13.69,-0.22,30,1
P001,HRTF_A,13,0.306,-13.24,-0.46,30,1
P001,HRTF_A,13,0.320,-12.68,-0.74,30,1
P001,HRTF_A,13,0.333,-11.88,-1.13,30,1
P001,HRTF_A,13,0.347,-11.02,-1.54,30,1
P001,HRTF_A,13,0.361,-10.11,-1.89,30,1
P001,HRTF_A,13,0.375,-9.06,-2.23,30,1
P001,HRTF_A,13,0.389,-7.99,-2.61,30,1
P001,HRTF_A,13,0.403,-6.78,-2.99,30,1
P001,HRTF_A,13,0.417,-5.57,-3.43,30,1
P001,HRTF_A,13,0.431,-4.37,-3.84,30,1
P001,HRTF_A,13,0.444,-3.21,-4.23,30,1
P001,HRTF_A,13,0.459,-2.05,-4.55,30,1
P001,HRTF_A,13,0.472,-0.90,-4.89,30,1
P001,HRTF_A,13,0.486,0.31,-5.28,30,1
P001,HRTF_A,13,0.500,1.39,-5.62,30,1
P001,HRTF_A,13,0.514,2.38,-5.97,30,1
P001,HRTF_A,13,0.528,3.19,-6.25,30,1
P001,HRTF_A,13,0.542,3.88,-6.51,30,1
P001,HRTF_A,13,0.556,4.46,-6.74,30,1
P001,HRTF_A,13,0.569,4.87,-6.93,30,1
P001,HRTF_A,13,0.583,5.20,-7.14,30,1
P001,HRTF_A,13,0.597,5.06,-7.21,30,1
P001,HRTF_A,13,0.611,4.93,-7.32,30,1
P001,HRTF_A,13,0.625,4.63,-7.44,30,1
P001,HRTF_A,13,0.639,4.22,-7.50,30,1
P001,HRTF_A,13,0.653,3.73,-7.54,30,1
P001,HRTF_A,13,0.667,3.00,-7.60,30,1
P001,HRTF_A,13,0.681,2.24,-7.59,30,1
P001,HRTF_A,13,0.694,1.33,-7.57,30,1
P001,HRTF_A,13,0.708,0.44,-7.57,30,1
P001,HRTF_A,13,0.722,-0.51,-7.58,30,1
P001,HRTF_A,13,0.736,-1.52,-7.56,30,1
P001,HRTF_A,13,0.750,-2.59,-7.53,30,1
P001,HRTF_A,13,0.764,-3.64,-7.55,30,1
P001,HRTF_A,13,0.778,-4.70,-7.56,30,1
P001,HRTF_A,13,0.792,-5.71,-7.65,30,1
P001,HRTF_A,13,0.806,-6.78,-7.72,30,1
P001,HRTF_A,13,0.820,-7.84,-7.84,30,1
P001,HRTF_A,13,0.834,-8.84,-7.96,30,1
P001,HRTF_A,13,0.847,-9.81,-8.09,30,1
P001,HRTF_A,13,0.861,-10.80,-8.19,30,1
P001,HRTF_A,13,0.875,-11.79,-8.27,30,1
P001,HRTF_A,13,0.889,-12.79,-8.35,30,1
P001,HRTF_A,13,0.903,-13.72,-8.47,30,1
P001,HRTF_A,13,0.917,-14.55,-8.55,30,1
P001,HRTF_A,13,0.931,-15.37,-8.55,30,1
P001,HRTF_A,13,0.945,-16.09,-8.56,30,1
P001,HRTF_A,13,0.959,-16.73,-8.54,30,1
P001,HRTF_A,13,0.972,-17.32,-8.47,30,1
P001,HRTF_A,13,0.986,-17.91,-8.46,30,1
P001,HRTF_A,13,1.000,-18.39,-8.50,30,1
P001,HRTF_A,13,1.014,-18.72,-8.59,30,1
P001,HRTF_A,13,1.028,-19.02,-8.67,30,1
P001,HRTF_A,13,1.042,-19.13,-8.81,30,1
P001,HRTF_A,13,1.055,-19.31,-8.91,30,1
P001,HRTF_A,13,1.069,-19.21,-9.01,30,1
P001,HRTF_A,13,1.083,-19.28,-9.04,30,1
P001,HRTF_A,13,1.097,-19.12,-9.04,30,1
P001,HRTF_A,13,1.111,-19.05,-9.07,30,1
P001,HRTF_A,13,1.125,-18.98,-9.14,30,1
P001,HRTF_A,13,1.139,-18.91,-9.22,30,1
P001,HRTF_A,13,1.153,-18.87,-9.29,30,1
P001,HRTF_A,13,1.167,-18.86,-9.34,30,1
P001,HRTF_A,13,1.181,-18.85,-9.34,30,1
P001,HRTF_A,13,1.195,-18.84,-9.34,30,1
P001,HRTF_A,13,1.208,-18.86,-9.31,30,1
P001,HRTF_A,13,1.222,-18.89,-9.28,30,1
P001,HRTF_A,13,1.236,-18.96,-9.24,30,1
P001,HRTF_A,13,1.250,-19.02,-9.21,30,1
P001,HRTF_A,13,1.264,-19.10,-9.21,30,1
P001,HRTF_A,13,1.278,-19.19,-9.19,30,1
P001,HRTF_A,13,1.292,-19.27,-9.19,30,1
P001,HRTF_A,13,1.306,-19.34,-9.17,30,1
P001,HRTF_A,13,1.319,-19.39,-9.20,30,1
P001,HRTF_A,13,1.334,-19.42,-9.20,30,1
P001,HRTF_A,13,1.347,-19.45,-9.24,30,1
P001,HRTF_A,13,1.361,-19.46,-9.25,30,1
P001,HRTF_A,13,1.375,-19.43,-9.26,30,1
P001,HRTF_A,13,1.389,-19.39,-9.30,30,1
P001,HRTF_A,13,1.403,-19.37,-9.33,30,1
P001,HRTF_A,13,1.417,-19.34,-9.42,30,1
P001,HRTF_A,13,1.431,-19.30,-9.47,30,1
P001,HRTF_A,13,1.444,-19.26,-9.51,30,1
P001,HRTF_A,13,1.458,-19.21,-9.58,30,1
P001,HRTF_A,13,1.472,-19.16,-9.65,30,1
P001,HRTF_A,14,0.014,-14.38,0.29,4,1
P001,HRTF_A,14,0.030,-14.31,0.34,4,1
P001,HRTF_A,14,0.044,-14.19,0.31,4,1
P001,HRTF_A,14,0.056,-14.08,0.27,4,1
P001,HRTF_A,14,0.069,-13.94,0.19,4,1
P001,HRTF_A,14,0.083,-13.81,0.05,4,1
P001,HRTF_A,14,0.097,-13.71,-0.07,4,1
P001,HRTF_A,14,0.112,-13.61,-0.23,4,1
P001,HRTF_A,14,0.125,-13.55,-0.40,4,1
P001,HRTF_A,14,0.139,-13.49,-0.62,4,1
P001,HRTF_A,14,0.153,-13.48,-0.87,4,1
P001,HRTF_A,14,0.167,-13.49,-1.12,4,1
P001,HRTF_A,14,0.180,-13.56,-1.43,4,1
P001,HRTF_A,14,0.194,-13.67,-1.68,4,1
P001,HRTF_A,14,0.208,-13.77,-1.89,4,1
P001,HRTF_A,14,0.222,-13.88,-2.12,4,1
P001,HRTF_A,14,0.236,-13.98,-2.36,4,1
P001,HRTF_A,14,0.250,-14.08,-2.63,4,1
P001,HRTF_A,14,0.264,-14.21,-2.87,4,1
P001,HRTF_A,14,0.277,-14.33,-3.06,4,1
P001,HRTF_A,14,0.292,-14.44,-3.17,4,1
P001,HRTF_A,14,0.305,-14.52,-3.32,4,1
P001,HRTF_A,14,0.319,-14.59,-3.45,4,1
P001,HRTF_A,14,0.333,-14.64,-3.57,4,1
P001,HRTF_A,14,0.347,-14.63,-3.66,4,1
P001,HRTF_A,14,0.361,-14.59,-3.70,4,1
P001,HRTF_A,14,0.375,-14.51,-3.72,4,1
P001,HRTF_A,14,0.389,-14.39,-3.72,4,1
P001,HRTF_A,14,0.402,-14.32,-3.74,4,1
P001,HRTF_A,14,0.416,-14.23,-3.75,4,1
P001,HRTF_A,14,0.430,-14.17,-3.77,4,1
P001,HRTF_A,14,0.444,-14.12,-3.76,4,1
P001,HRTF_A,14,0.458,-14.08,-3.80,4,1
P001,HRTF_A,14,0.472,-14.08,-3.85,4,1
P001,HRTF_A,14,0.486,-14.09,-3.91,4,1
P001,HRTF_A,14,0.500,-14.11,-3.95,4,1
P001,HRTF_A,14,0.514,-14.16,-3.97,4,1
P001,HRTF_A,14,0.527,-14.21,-3.99,4,1
P001,HRTF_A,14,0.541,-14.26,-4.01,4,1
P001,HRTF_A,14,0.555,-14.27,-4.04,4,1
P001,HRTF_A,14,0.569,-14.30,-4.06,4,1
P001,HRTF_A,14,0.583,-14.31,-4.05,4,1
P001,HRTF_A,14,0.597,-14.31,-4.03,4,1
P001,HRTF_A,14,0.611,-14.28,-4.02,4,1
P001,HRTF_A,14,0.625,-14.27,-4.02,4,1
P001,HRTF_A,14,0.639,-14.24,-4.01,4,1
P001,HRTF_A,14,0.653,-14.22,-3.99,4,1
P001,HRTF_A,14,0.667,-14.20,-3.98,4,1
P001,HRTF_A,14,0.680,-14.16,-3.93,4,1
P001,HRTF_A,14,0.694,-14.12,-3.90,4,1
P001,HRTF_A,14,0.708,-14.07,-3.87,4,1
P001,HRTF_A,14,0.722,-14.04,-3.84,4,1
P001,HRTF_A,14,0.736,-14.02,-3.82,4,1
P001,HRTF_A,14,0.750,-13.99,-3.81,4,1
P001,HRTF_A,14,0.764,-13.99,-3.79,4,1
P001,HRTF_A,14,0.777,-13.98,-3.77,4,1
P001,HRTF_A,14,0.791,-13.96,-3.77,4,1
P001,HRTF_A,14,0.805,-13.91,-3.79,4,1
P001,HRTF_A,14,0.819,-13.86,-3.79,4,1
P001,HRTF_A,14,0.833,-13.83,-3.78,4,1
P001,HRTF_A,14,0.847,-13.81,-3.76,4,1
P001,HRTF_A,14,0.861,-13.80,-3.74,4,1
P001,HRTF_A,14,0.875,-13.75,-3.72,4,1
P001,HRTF_A,14,0.889,-13.74,-3.75,4,1
P001,HRTF_A,14,0.903,-13.72,-3.79,4,1
P001,HRTF_A,14,0.916,-13.70,-3.82,4,1
P001,HRTF_A,14,0.930,-13.68,-3.83,4,1
P001,HRTF_A,14,0.944,-13.65,-3.84,4,1
P001,HRTF_A,14,0.958,-13.59,-3.82,4,1
P001,HRTF_A,14,0.972,-13.47,-3.83,4,1
P001,HRTF_A,14,0.986,-13.29,-3.83,4,1
P001,HRTF_A,14,1.000,-13.08,-3.85,4,1
P001,HRTF_A,14,1.014,-12.76,-3.90,4,1
P001,HRTF_A,14,1.028,-12.40,-3.96,4,1
P001,HRTF_A,14,1.042,-11.95,-4.03,4,1
P001,HRTF_A,14,1.055,-11.38,-4.12,4,1
P001,HRTF_A,14,1.069,-10.73,-4.22,4,1
P001,HRTF_A,14,1.083,-10.01,-4.34,4,1
P001,HRTF_A,14,1.097,-9.29,-4.47,4,1
P001,HRTF_A,14,1.111,-8.37,-4.61,4,1
P001,HRTF_A,14,1.125,-7.42,-4.78,4,1
P001,HRTF_A,14,1.139,-6.38,-4.92,4,1
P001,HRTF_A,14,1.152,-5.19,-5.06,4,1
P001,HRTF_A,14,1.166,-3.97,-5.24,4,1
P001,HRTF_A,14,1.180,-2.63,-5.41,4,1
P001,HRTF_A,14,1.194,-1.12,-5.57,4,1
P001,HRTF_A,14,1.208,0.48,-5.75,4,1
P001,HRTF_A,14,1.222,2.13,-5.94,4,1
P001,HRTF_A,14,1.236,3.94,-6.18,4,1
P001,HRTF_A,14,1.250,5.79,-6.43,4,1
P001,HRTF_A,14,1.264,7.68,-6.67,4,1
P001,HRTF_A,14,1.278,9.59,-6.89,4,1
P001,HRTF_A,14,1.291,11.46,-7.15,4,1
P001,HRTF_A,14,1.305,13.29,-7.43,4,1
P001,HRTF_A,14,1.319,15.08,-7.67,4,1
P001,HRTF_A,14,1.333,16.79,-7.95,4,1
P001,HRTF_A,14,1.347,18.48,-8.20,4,1
P001,HRTF_A,14,1.361,20.27,-8.43,4,1
P001,HRTF_A,14,1.375,22.05,-8.68,4,1
P001,HRTF_A,14,1.389,23.76,-8.91,4,1
P001,HRTF_A,14,1.403,25.48,-9.10,4,1
P001,HRTF_A,14,1.416,27.22,-9.29,4,1
P001,HRTF_A,14,1.430,28.85,-9.40,4,1
P001,HRTF_A,14,1.444,30.47,-9.56,4,1
P001,HRTF_A,14,1.458,31.92,-9.72,4,1
P001,HRTF_A,14,1.472,33.13,-9.87,4,1
P001,HRTF_A,14,1.486,34.30,-10.05,4,1
P001,HRTF_A,14,1.500,35.49,-10.20,4,1
P001,HRTF_A,14,1.514,36.66,-10.28,4,1
P001,HRTF_A,14,1.528,37.87,-10.28,4,1
P001,HRTF_A,14,1.541,39.04,-10.30,4,1
P001,HRTF_A,14,1.555,40.17,-10.24,4,1
P001,HRTF_A,14,1.569,41.33,-10.10,4,1
P001,HRTF_A,14,1.583,42.56,-9.80,4,1
P001,HRTF_A,14,1.597,43.78,-9.43,4,1
P001,HRTF_A,14,1.611,44.98,-9.02,4,1
P001,HRTF_A,14,1.625,46.11,-8.57,4,1
P001,HRTF_A,14,1.639,47.22,-8.11,4,1
P001,HRTF_A,14,1.652,48.30,-7.61,4,1
P001,HRTF_A,14,1.667,49.33,-7.04,4,1
P001,HRTF_A,14,1.680,50.28,-6.46,4,1
P001,HRTF_A,14,1.694,51.19,-5.92,4,1
P001,HRTF_A,14,1.708,52.08,-5.37,4,1
P001,HRTF_A,14,1.722,52.91,-4.91,4,1
P001,HRTF_A,14,1.736,53.65,-4.56,4,1
P001,HRTF_A,14,1.750,54.44,-4.17,4,1
P001,HRTF_A,14,1.764,55.18,-3.82,4,1
P001,HRTF_A,14,1.778,55.87,-3.60,4,1
P001,HRTF_A,14,1.791,56.63,-3.47,4,1
P001,HRTF_A,14,1.805,57.40,-3.40,4,1
P001,HRTF_A,14,1.819,58.28,-3.38,4,1
P001,HRTF_A,14,1.833,59.24,-3.37,4,1
P001,HRTF_A,14,1.847,60.25,-3.31,4,1
P001,HRTF_A,14,1.861,61.29,-3.19,4,1
P001,HRTF_A,14,1.875,62.43,-3.02,4,1
P001,HRTF_A,14,1.889,63.57,-2.83,4,1
P001,HRTF_A,14,1.903,64.71,-2.65,4,1
P001,HRTF_A,14,1.916,65.77,-2.51,4,1
P001,HRTF_A,14,1.930,66.77,-2.29,4,1
P001,HRTF_A,14,1.944,67.50,-2.12,4,1
P001,HRTF_A,14,1.958,68.05,-1.86,4,1
P001,HRTF_A,14,1.972,68.48,-1.58,4,1
P001,HRTF_A,14,1.986,68.57,-1.11,4,1
P001,HRTF_A,14,2.000,68.54,-0.69,4,1
P001,HRTF_A,14,2.014,68.31,-0.21,4,1
P001,HRTF_A,14,2.027,68.01,0.22,4,1
P001,HRTF_A,14,2.041,67.33,0.61,4,1
P001,HRTF_A,14,2.055,66.75,1.07,4,1
P001,HRTF_A,14,2.069,65.98,1.39,4,1
P001,HRTF_A,14,2.084,65.17,1.68,4,1
P001,HRTF_A,14,2.097,64.25,1.94,4,1
P001,HRTF_A,14,2.111,63.39,2.19,4,1
P001,HRTF_A,14,2.125,62.46,2.41,4,1
P001,HRTF_A,14,2.139,61.46,2.57,4,1
P001,HRTF_A,14,2.153,60.42,2.73,4,1
P001,HRTF_A,14,2.167,59.27,2.85,4,1
P001,HRTF_A,14,2.180,58.10,2.96,4,1
P001,HRTF_A,14,2.194,56.95,3.06,4,1
P001,HRTF_A,14,2.208,55.76,3.11,4,1
P001,HRTF_A,14,2.222,54.59,3.19,4,1
P001,HRTF_A,14,2.236,53.40,3.24,4,1
P001,HRTF_A,14,2.250,52.25,3.29,4,1
P001,HRTF_A,14,2.264,51.06,3.37,4,1
P001,HRTF_A,14,2.277,49.93,3.43,4,1
P001,HRTF_A,14,2.291,48.77,3.49,4,1
P001,HRTF_A,14,2.305,47.64,3.57,4,1
P001,HRTF_A,14,2.319,46.56,3.64,4,1
P001,HRTF_A,14,2.333,45.55,3.71,4,1
P001,HRTF_A,14,2.347,44.57,3.86,4,1
P001,HRTF_A,14,2.361,43.66,4.00,4,1
P001,HRTF_A,14,2.375,42.75,4.13,4,1
P001,HRTF_A,14,2.389,42.10,4.31,4,1
P001,HRTF_A,14,2.403,41.51,4.49,4,1
P001,HRTF_A,14,2.416,40.91,4.62,4,1
P001,HRTF_A,14,2.430,40.49,4.79,4,1
P001,HRTF_A,14,2.444,40.13,4.92,4,1
P001,HRTF_A,14,2.458,39.96,5.05,4,1
P001,HRTF_A,14,2.472,39.80,5.17,4,1
P001,HRTF_A,14,2.486,39.62,5.30,4,1
P001,HRTF_A,14,2.500,39.60,5.45,4,1
P001,HRTF_A,14,2.514,39.67,5.64,4,1
P001,HRTF_A,14,2.528,39.69,5.79,4,1
P001,HRTF_A,14,2.542,39.77,5.95,4,1
P001,HRTF_A,14,2.555,39.84,6.09,4,1
P001,HRTF_A,14,2.569,39.93,6.20,4,1
P001,HRTF_A,14,2.583,40.02,6.28,4,1
P001,HRTF_A,14,2.597,40.11,6.33,4,1
P001,HRTF_A,14,2.611,40.18,6.38,4,1
P001,HRTF_A,14,2.625,40.23,6.41,4,1
P001,HRTF_A,14,2.639,40.28,6.42,4,1
P001,HRTF_A,14,2.653,40.30,6.39,4,1
P001,HRTF_A,14,2.666,40.32,6.36,4,1
P001,HRTF_A,14,2.680,40.31,6.32,4,1
P001,HRTF_A,14,2.694,40.28,6.31,4,1
P001,HRTF_A,14,2.708,40.25,6.28,4,1
P001,HRTF_A,14,2.722,40.22,6.26,4,1
P001,HRTF_A,14,2.736,40.17,6.22,4,1
P001,HRTF_A,14,2.750,40.14,6.19,4,1
P001,HRTF_A,14,2.763,40.09,6.17,4,1
P001,HRTF_A,14,2.777,40.06,6.15,4,1
P001,HRTF_A,14,2.791,40.02,6.14,4,1
P001,HRTF_A,15,0.014,-9.95,-2.86,17,1
P001,HRTF_A,15,0.032,-9.95,-2.80,17,1
P001,HRTF_A,15,0.041,-9.94,-2.74,17,1
P001,HRTF_A,15,0.055,-9.91,-2.71,17,1
P001,HRTF_A,15,0.069,-9.87,-2.70,17,1
P001,HRTF_A,15,0.083,-9.84,-2.69,17,1
P001,HRTF_A,15,0.097,-9.82,-2.72,17,1
P001,HRTF_A,15,0.111,-9.78,-2.74,17,1
P001,HRTF_A,15,0.125,-9.71,-2.78,17,1
P001,HRTF_A,15,0.138,-9.62,-2.83,17,1
P001,HRTF_A,15,0.152,-9.54,-2.89,17,1
P001,HRTF_A,15,0.166,-9.43,-2.98,17,1
P001,HRTF_A,15,0.180,-9.30,-3.02,17,1
P001,HRTF_A,15,0.194,-9.14,-3.09,17,1
P001,HRTF_A,15,0.208,-8.95,-3.14,17,1
P001,HRTF_A,15,0.222,-8.76,-3.20,17,1
P001,HRTF_A,15,0.236,-8.51,-3.30,17,1
P001,HRTF_A,15,0.250,-8.24,-3.41,17,1
P001,HRTF_A,15,0.263,-7.95,-3.56,17,1
P001,HRTF_A,15,0.277,-7.67,-3.68,17,1
P001,HRTF_A,15,0.291,-7.29,-3.81,17,1
P001,HRTF_A,15,0.305,-6.89,-3.97,17,1
P001,HRTF_A,15,0.319,-6.47,-4.10,17,1
P001,HRTF_A,15,0.333,-5.89,-4.19,17,1
P001,HRTF_A,15,0.347,-5.31,-4.31,17,1
P001,HRTF_A,15,0.361,-4.62,-4.47,17,1
P001,HRTF_A,15,0.375,-3.77,-4.58,17,1
P001,HRTF_A,15,0.389,-2.85,-4.66,17,1
P001,HRTF_A,15,0.402,-1.85,-4.75,17,1
P001,HRTF_A,15,0.416,-0.73,-4.76,17,1
P001,HRTF_A,15,0.430,0.50,-4.76,17,1
P001,HRTF_A,15,0.445,1.68,-4.75,17,1
P001,HRTF_A,15,0.458,3.09,-4.69,17,1
P001,HRTF_A,15,0.472,4.39,-4.71,17,1
P001,HRTF_A,15,0.486,5.83,-4.67,17,1
P001,HRTF_A,15,0.500,7.26,-4.69,17,1
P001,HRTF_A,15,0.513,8.73,-4.70,17,1
P001,HRTF_A,15,0.527,10.27,-4.66,17,1
P001,HRTF_A,15,0.541,11.87,-4.55,17,1
P001,HRTF_A,15,0.555,13.39,-4.46,17,1
P001,HRTF_A,15,0.569,14.90,-4.34,17,1
P001,HRTF_A,15,0.583,16.40,-4.19,17,1
P001,HRTF_A,15,0.597,17.91,-3.96,17,1
P001,HRTF_A,15,0.611,19.31,-3.78,17,1
P001,HRTF_A,15,0.625,20.71,-3.42,17,1
P001,HRTF_A,15,0.638,22.08,-3.10,17,1
P001,HRTF_A,15,0.652,23.36,-2.62,17,1
P001,HRTF_A,15,0.666,24.64,-2.09,17,1
P001,HRTF_A,15,0.680,25.85,-1.51,17,1
P001,HRTF_A,15,0.694,27.05,-0.90,17,1
P001,HRTF_A,15,0.708,28.19,-0.40,17,1
P001,HRTF_A,15,0.722,29.28,0.08,17,1
P001,HRTF_A,15,0.736,30.25,0.50,17,1
P001,HRTF_A,15,0.750,31.20,0.89,17,1
P001,HRTF_A,15,0.763,32.05,1.17,17,1
P001,HRTF_A,15,0.777,32.78,1.36,17,1
P001,HRTF_A,15,0.791,33.50,1.51,17,1
P001,HRTF_A,15,0.805,34.14,1.55,17,1
P001,HRTF_A,15,0.819,34.85,1.65,17,1
P001,HRTF_A,15,0.833,35.38,1.66,17,1
P001,HRTF_A,15,0.847,36.02,1.72,17,1
P001,HRTF_A,15,0.861,36.60,1.77,17,1
P001,HRTF_A,15,0.874,37.21,1.78,17,1
P001,HRTF_A,15,0.888,37.86,1.73,17,1
P001,HRTF_A,15,0.902,38.52,1.61,17,1
P001,HRTF_A,15,0.916,39.19,1.44,17,1
P001,HRTF_A,15,0.930,39.82,1.27,17,1
P001,HRTF_A,15,0.944,40.34,1.14,17,1
P001,HRTF_A,15,0.958,40.84,1.00,17,1
P001,HRTF_A,15,0.972,41.28,0.90,17,1
P001,HRTF_A,15,0.986,41.70,0.82,17,1
P001,HRTF_A,15,1.000,41.88,0.84,17,1
P001,HRTF_A,15,1.013,42.03,0.83,17,1
P001,HRTF_A,15,1.027,42.06,0.83,17,1
P001,HRTF_A,15,1.041,42.02,0.86,17,1
P001,HRTF_A,15,1.055,41.76,0.93,17,1
P001,HRTF_A,15,1.069,41.34,1.01,17,1
P001,HRTF_A,15,1.083,40.77,1.10,17,1
P001,HRTF_A,15,1.097,39.91,1.26,17,1
P001,HRTF_A,15,1.111,39.07,1.46,17,1
P001,HRTF_A,15,1.125,38.18,1.61,17,1
P001,HRTF_A,15,1.138,37.31,1.78,17,1
P001,HRTF_A,15,1.152,36.48,1.94,17,1
P001,HRTF_A,15,1.166,35.64,2.09,17,1
P001,HRTF_A,15,1.180,34.84,2.24,17,1
P001,HRTF_A,15,1.194,34.12,2.35,17,1
P001,HRTF_A,15,1.208,33.49,2.42,17,1
P001,HRTF_A,15,1.222,32.91,2.48,17,1
P001,HRTF_A,15,1.236,32.37,2.50,17,1
P001,HRTF_A,15,1.249,32.01,2.47,17,1
P001,HRTF_A,15,1.264,31.74,2.42,17,1
P001,HRTF_A,15,1.277,31.54,2.36,17,1
P001,HRTF_A,15,1.291,31.40,2.29,17,1
P001,HRTF_A,15,1.305,31.26,2.21,17,1
P001,HRTF_A,15,1.319,31.17,2.15,17,1
P001,HRTF_A,15,1.333,31.10,2.12,17,1
P001,HRTF_A,15,1.347,31.03,2.10,17,1
P001,HRTF_A,15,1.361,31.07,2.11,17,1
P001,HRTF_A,15,1.375,31.09,2.12,17,1
P001,HRTF_A,15,1.389,31.12,2.13,17,1
P001,HRTF_A,15,1.402,31.14,2.12,17,1
P001,HRTF_A,15,1.416,31.18,2.09,17,1
P001,HRTF_A,15,1.430,31.23,2.07,17,1
P001,HRTF_A,15,1.444,31.28,2.03,17,1
P001,HRTF_A,15,1.458,31.34,2.01,17,1
P001,HRTF_A,15,1.472,31.39,1.99,17,1
P001,HRTF_A,15,1.486,31.46,2.00,17,1
P001,HRTF_A,15,1.500,31.52,1.99,17,1
P001,HRTF_A,15,1.513,31.58,2.00,17,1
P001,HRTF_A,15,1.527,31.65,2.02,17,1
P001,HRTF_A,15,1.541,31.69,2.03,17,1
P001,HRTF_A,15,1.555,31.73,2.06,17,1
P001,HRTF_A,15,1.569,31.78,2.08,17,1
P001,HRTF_A,15,1.583,31.82,2.09,17,1
P001,HRTF_A,15,1.597,31.84,2.10,17,1
P001,HRTF_A,15,1.611,31.84,2.08,17,1
P001,HRTF_A,15,1.625,31.84,2.07,17,1
P001,HRTF_A,15,1.638,31.83,2.05,17,1
P001,HRTF_A,15,1.652,31.81,2.04,17,1
P001,HRTF_A,15,1.667,31.81,2.04,17,1
P001,HRTF_A,15,1.680,31.77,2.04,17,1
P001,HRTF_A,15,1.694,31.75,2.05,17,1
P001,HRTF_A,15,1.708,31.70,2.04,17,1
P001,HRTF_A,15,1.722,31.67,2.03,17,1
P001,HRTF_A,15,1.736,31.64,2.00,17,1
P001,HRTF_A,15,1.749,31.61,1.95,17,1
P001,HRTF_A,15,1.763,31.58,1.94,17,1
P001,HRTF_A,15,1.777,31.58,1.96,17,1
P001,HRTF_A,15,1.792,31.57,1.97,17,1
P001,HRTF_A,15,1.805,31.56,1.98,17,1
P001,HRTF_A,15,1.819,31.57,1.99,17,1
P001,HRTF_A,15,1.833,31.58,2.00,17,1
P001,HRTF_A,15,1.847,31.59,2.00,17,1
P001,HRTF_A,15,1.861,31.68,2.00,17,1
P001,HRTF_A,15,1.875,31.90,1.94,17,1
P001,HRTF_A,15,1.888,32.23,1.82,17,1
P001,HRTF_A,15,1.902,32.59,1.70,17,1
P001,HRTF_A,15,1.916,33.07,1.49,17,1
P001,HRTF_A,15,1.930,33.71,1.21,17,1
P001,HRTF_A,15,1.944,34.38,0.89,17,1
P001,HRTF_A,15,1.958,35.48,0.39,17,1
P001,HRTF_A,15,1.972,36.65,-0.11,17,1
P001,HRTF_A,15,1.986,38.05,-0.69,17,1
P001,HRTF_A,15,2.000,39.63,-1.33,17,1
P001,HRTF_A,15,2.013,41.37,-1.99,17,1
P001,HRTF_A,15,2.027,43.13,-2.65,17,1
P001,HRTF_A,15,2.041,44.94,-3.27,17,1
P001,HRTF_A,15,2.055,47.00,-4.01,17,1
P001,HRTF_A,15,2.069,49.00,-4.76,17,1
P001,HRTF_A,15,2.083,51.02,-5.54,17,1
P001,HRTF_A,15,2.097,53.07,-6.32,17,1
P001,HRTF_A,15,2.111,55.06,-7.08,17,1
P001,HRTF_A,15,2.125,57.02,-7.91,17,1
P001,HRTF_A,15,2.139,58.98,-8.70,17,1
P001,HRTF_A,15,2.153,60.90,-9.51,17,1
P001,HRTF_A,15,2.166,62.72,-10.32,17,1
P001,HRTF_A,15,2.180,64.49,-11.06,17,1
P001,HRTF_A,15,2.194,66.27,-11.81,17,1
P001,HRTF_A,15,2.208,67.86,-12.53,17,1
P001,HRTF_A,15,2.222,69.49,-13.23,17,1
P001,HRTF_A,15,2.236,70.96,-13.85,17,1
P001,HRTF_A,15,2.250,72.37,-14.42,17,1
P001,HRTF_A,15,2.264,73.85,-14.96,17,1
P001,HRTF_A,15,2.277,75.17,-15.36,17,1
P001,HRTF_A,15,2.291,76.45,-15.75,17,1
P001,HRTF_A,15,2.305,77.77,-16.12,17,1
P001,HRTF_A,15,2.319,79.01,-16.49,17,1
P001,HRTF_A,15,2.333,80.24,-16.81,17,1
P001,HRTF_A,15,2.347,81.43,-17.15,17,1
P001,HRTF_A,15,2.361,82.67,-17.47,17,1
P001,HRTF_A,15,2.374,83.85,-17.78,17,1
P001,HRTF_A,15,2.389,85.08,-18.01,17,1
P001,HRTF_A,15,2.403,86.27,-18.31,17,1
P001,HRTF_A,15,2.416,87.46,-18.59,17,1
P001,HRTF_A,15,2.430,88.66,-18.89,17,1
P001,HRTF_A,15,2.444,89.86,-19.19,17,1
P001,HRTF_A,15,2.458,90.97,-19.52,17,1
P001,HRTF_A,15,2.472,92.09,-19.80,17,1
P001,HRTF_A,15,2.486,93.10,-20.13,17,1
P001,HRTF_A,15,2.500,94.14,-20.51,17,1
P001,HRTF_A,15,2.513,95.12,-20.96,17,1
P001,HRTF_A,15,2.527,96.09,-21.42,17,1
P001,HRTF_A,15,2.541,97.00,-21.84,17,1
P001,HRTF_A,15,2.555,97.88,-22.25,17,1
P001,HRTF_A,15,2.569,98.66,-22.70,17,1
P001,HRTF_A,15,2.583,99.38,-23.22,17,1
P001,HRTF_A,15,2.596,100.12,-23.79,17,1
P001,HRTF_A,15,2.610,100.81,-24.31,17,1
P001,HRTF_A,15,2.624,101.46,-24.73,17,1
P001,HRTF_A,15,2.638,102.10,-25.16,17,1
P001,HRTF_A,15,2.652,102.64,-25.61,17,1
P001,HRTF_A,15,2.666,103.14,-25.96,17,1
P001,HRTF_A,15,2.680,103.63,-26.25,17,1
P001,HRTF_A,15,2.694,104.13,-26.59,17,1
P001,HRTF_A,15,2.708,104.57,-27.03,17,1
P001,HRTF_A,15,2.722,105.07,-27.60,17,1
P001,HRTF_A,15,2.735,105.56,-28.30,17,1
P001,HRTF_A,15,2.750,106.07,-28.87,17,1
P001,HRTF_A,15,2.763,106.56,-29.44,17,1
P001,HRTF_A,15,2.777,107.04,-30.09,17,1
P001,HRTF_A,15,2.791,107.53,-30.75,17,1
P001,HRTF_A,15,2.805,108.01,-31.31,17,1
P001,HRTF_A,15,2.819,108.50,-31.84,17,1
P001,HRTF_A,15,2.833,108.98,-32.39,17,1
P001,HRTF_A,15,2.846,109.47,-32.85,17,1
P001,HRTF_A,15,2.860,110.01,-33.35,17,1
P001,HRTF_A,15,2.874,110.58,-33.86,17,1
P001,HRTF_A,15,2.888,111.15,-34.33,17,1
P001,HRTF_A,15,2.902,111.73,-34.81,17,1
P001,HRTF_A,15,2.916,112.30,-35.35,17,1
P001,HRTF_A,15,2.930,112.92,-36.01,17,1
P001,HRTF_A,15,2.944,113.53,-36.66,17,1
P001,HRTF_A,15,2.958,114.09,-37.38,17,1
P001,HRTF_A,15,2.971,114.64,-38.08,17,1
P001,HRTF_A,15,2.985,115.10,-38.83,17,1
P001,HRTF_A,15,2.999,115.55,-39.61,17,1
P001,HRTF_A,15,3.013,115.98,-40.35,17,1
P001,HRTF_A,15,3.027,116.35,-41.06,17,1
P001,HRTF_A,15,3.041,116.68,-41.65,17,1
P001,HRTF_A,15,3.055,117.00,-42.28,17,1
P001,HRTF_A,15,3.069,117.32,-42.93,17,1
P001,HRTF_A,15,3.083,117.63,-43.57,17,1
P001,HRTF_A,15,3.097,118.05,-44.10,17,1
P001,HRTF_A,15,3.110,118.52,-44.67,17,1
P001,HRTF_A,15,3.124,118.97,-45.17,17,1
P001,HRTF_A,15,3.138,119.50,-45.53,17,1
P001,HRTF_A,15,3.152,120.13,-45.77,17,1
P001,HRTF_A,15,3.166,120.84,-46.01,17,1
P001,HRTF_A,15,3.180,121.53,-46.24,17,1
P001,HRTF_A,15,3.194,122.26,-46.58,17,1
P001,HRTF_A,15,3.208,123.08,-46.78,17,1
P001,HRTF_A,15,3.221,123.91,-46.94,17,1
P001,HRTF_A,15,3.235,124.84,-47.09,17,1
P001,HRTF_A,15,3.249,125.82,-47.30,17,1
P001,HRTF_A,15,3.263,126.87,-47.42,17,1
P001,HRTF_A,15,3.277,127.94,-47.56,17,1
P001,HRTF_A,15,3.291,128.97,-47.61,17,1
P001,HRTF_A,15,3.305,130.28,-47.69,17,1
P001,HRTF_A,15,3.319,131.41,-47.69,17,1
P001,HRTF_A,15,3.333,132.53,-47.62,17,1
P001,HRTF_A,15,3.346,133.67,-47.53,17,1
P001,HRTF_A,15,3.360,134.84,-47.40,17,1
P001,HRTF_A,15,3.374,135.98,-47.29,17,1
P001,HRTF_A,15,3.388,137.07,-47.16,17,1
P001,HRTF_A,15,3.402,138.10,-46.93,17,1
P001,HRTF_A,15,3.416,139.11,-46.59,17,1
P001,HRTF_A,15,3.430,140.17,-46.25,17,1
P001,HRTF_A,15,3.444,141.20,-45.96,17,1
P001,HRTF_A,15,3.457,142.24,-45.61,17,1
P001,HRTF_A,15,3.472,143.25,-45.20,17,1
P001,HRTF_A,15,3.485,144.24,-44.70,17,1
P001,HRTF_A,15,3.499,145.20,-44.15,17,1
P001,HRTF_A,15,3.513,146.23,-43.60,17,1
P001,HRTF_A,15,3.527,147.16,-43.05,17,1
P001,HRTF_A,15,3.541,148.01,-42.28,17,1
P001,HRTF_A,15,3.555,148.87,-41.49,17,1
P001,HRTF_A,15,3.569,149.69,-40.65,17,1
P001,HRTF_A,15,3.583,150.49,-39.86,17,1
P001,HRTF_A,15,3.596,151.24,-39.06,17,1
P001,HRTF_A,15,3.610,151.88,-38.29,17,1
P001,HRTF_A,15,3.624,152.49,-37.31,17,1
P001,HRTF_A,15,3.638,153.11,-36.14,17,1
P001,HRTF_A,15,3.652,153.77,-35.02,17,1
P001,HRTF_A,15,3.666,154.44,-33.90,17,1
P001,HRTF_A,15,3.680,155.06,-32.65,17,1
P001,HRTF_A,15,3.694,155.73,-31.28,17,1
P001,HRTF_A,15,3.707,156.34,-29.86,17,1
P001,HRTF_A,15,3.721,156.92,-28.36,17,1
P001,HRTF_A,15,3.735,157.39,-26.82,17,1
P001,HRTF_A,15,3.749,157.88,-25.28,17,1
P001,HRTF_A,15,3.763,158.31,-23.69,17,1
P001,HRTF_A,15,3.777,158.76,-22.13,17,1
P001,HRTF_A,15,3.791,159.13,-20.56,17,1
P001,HRTF_A,15,3.805,159.43,-19.03,17,1
P001,HRTF_A,15,3.819,159.78,-17.59,17,1
P001,HRTF_A,15,3.833,160.08,-16.17,17,1
P001,HRTF_A,15,3.847,160.36,-14.83,17,1
P001,HRTF_A,15,3.860,160.59,-13.49,17,1
P001,HRTF_A,15,3.874,160.74,-12.16,17,1
P001,HRTF_A,15,3.888,160.82,-10.91,17,1
P001,HRTF_A,15,3.902,160.96,-9.71,17,1
P001,HRTF_A,15,3.916,161.12,-8.56,17,1
P001,HRTF_A,15,3.930,161.29,-7.51,17,1
P001,HRTF_A,15,3.944,161.48,-6.41,17,1
P001,HRTF_A,15,3.957,161.67,-5.34,17,1
P001,HRTF_A,15,3.971,161.83,-4.25,17,1
P001,HRTF_A,15,3.985,162.01,-3.33,17,1
P001,HRTF_A,15,3.999,162.21,-2.48,17,1
P001,HRTF_A,15,4.013,162.48,-1.79,17,1
P001,HRTF_A,15,4.027,162.76,-1.11,17,1
P001,HRTF_A,15,4.041,163.11,-0.47,17,1
P001,HRTF_A,15,4.055,163.42,0.17,17,1
P001,HRTF_A,15,4.068,163.78,0.77,17,1
P001,HRTF_A,15,4.082,164.13,1.34,17,1
P001,HRTF_A,15,4.096,164.53,1.78,17,1
P001,HRTF_A,15,4.110,164.98,2.22,17,1
P001,HRTF_A,15,4.124,165.41,2.64,17,1
P001,HRTF_A,15,4.138,165.80,3.06,17,1
P001,HRTF_A,15,4.152,166.22,3.38,17,1
P001,HRTF_A,15,4.166,166.67,3.64,17,1
P001,HRTF_A,15,4.180,167.05,3.82,17,1
P001,HRTF_A,15,4.193,167.48,3.98,17,1
P001,HRTF_A,15,4.207,167.85,4.16,17,1
P001,HRTF_A,15,4.221,168.23,4.22,17,1
P001,HRTF_A,15,4.235,168.59,4.31,17,1
P001,HRTF_A,15,4.249,168.92,4.32,17,1
P001,HRTF_A,15,4.263,169.23,4.41,17,1
P001,HRTF_A,15,4.277,169.51,4.44,17,1
P001,HRTF_A,15,4.291,169.76,4.45,17,1
P001,HRTF_A,15,4.305,169.98,4.44,17,1
P001,HRTF_A,15,4.318,170.18,4.37,17,1
P001,HRTF_A,15,4.332,170.40,4.29,17,1
P001,HRTF_A,15,4.346,170.60,4.19,17,1
P001,HRTF_A,15,4.360,170.76,4.08,17,1
P001,HRTF_A,15,4.374,170.91,3.99,17,1
P001,HRTF_A,15,4.388,171.05,3.89,17,1
P001,HRTF_A,15,4.402,171.18,3.78,17,1
P001,HRTF_A,15,4.416,171.29,3.63,17,1
P001,HRTF_A,15,4.430,171.40,3.48,17,1
P001,HRTF_A,15,4.444,171.48,3.33,17,1
P001,HRTF_A,15,4.457,171.53,3.19,17,1
P001,HRTF_A,15,4.471,171.58,3.03,17,1
P001,HRTF_A,15,4.485,171.62,2.85,17,1
P001,HRTF_A,15,4.499,171.63,2.66,17,1
P001,HRTF_A,15,4.513,171.64,2.48,17,1
P001,HRTF_A,15,4.527,171.62,2.29,17,1
P001,HRTF_A,15,4.541,171.59,2.09,17,1
P001,HRTF_A,15,4.555,171.56,1.88,17,1
P001,HRTF_A,15,4.568,171.55,1.66,17,1
P001,HRTF_A,15,4.582,171.52,1.43,17,1
P001,HRTF_A,15,4.596,171.47,1.21,17,1
P001,HRTF_A,15,4.610,171.39,1.01,17,1
P001,HRTF_A,15,4.624,171.33,0.77,17,1
P001,HRTF_A,15,4.638,171.22,0.51,17,1
P001,HRTF_A,15,4.652,171.13,0.31,17,1
P001,HRTF_A,15,4.666,171.04,0.10,17,1
P001,HRTF_A,15,4.680,170.94,-0.07,17,1
P001,HRTF_A,15,4.694,170.85,-0.20,17,1
P001,HRTF_A,15,4.708,170.75,-0.33,17,1
P001,HRTF_A,15,4.721,170.67,-0.46,17,1
P001,HRTF_A,15,4.735,170.59,-0.59,17,1
P001,HRTF_A,15,4.749,170.51,-0.72,17,1
P001,HRTF_A,15,4.763,170.45,-0.83,17,1
P001,HRTF_A,15,4.777,170.39,-0.96,17,1
P001,HRTF_A,15,4.791,170.37,-1.03,17,1
P001,HRTF_A,15,4.805,170.37,-1.10,17,1
P001,HRTF_A,15,4.819,170.37,-1.15,17,1
P001,HRTF_A,15,4.832,170.35,-1.13,17,1
P001,HRTF_A,15,4.846,170.34,-1.16,17,1
P001,HRTF_A,15,4.860,170.33,-1.18,17,1
P001,HRTF_A,15,4.875,170.32,-1.19,17,1
P001,HRTF_A,15,4.888,170.33,-1.19,17,1
P001,HRTF_A,15,4.902,170.34,-1.17,17,1
P001,HRTF_A,15,4.916,170.35,-1.12,17,1
P001,HRTF_A,15,4.929,170.35,-1.06,17,1
P001,HRTF_A,15,4.944,170.33,-0.98,17,1
P001,HRTF_A,15,4.957,170.29,-0.89,17,1
P001,HRTF_A,15,4.971,170.23,-0.76,17,1
P001,HRTF_A,15,4.985,170.19,-0.63,17,1
P001,HRTF_A,15,4.999,170.14,-0.51,17,1
P001,HRTF_A,15,5.013,170.10,-0.37,17,1
P001,HRTF_A,15,5.027,170.04,-0.27,17,1
P001,HRTF_A,15,5.041,169.98,-0.15,17,1
P001,HRTF_A,15,5.055,169.93,-0.02,17,1
P001,HRTF_A,15,5.068,169.87,0.09,17,1
P001,HRTF_A,15,5.082,169.80,0.17,17,1
P001,HRTF_A,15,5.096,169.75,0.27,17,1
P001,HRTF_A,15,5.110,169.69,0.34,17,1
P001,HRTF_A,15,5.124,169.64,0.40,17,1
P001,HRTF_A,15,5.138,169.59,0.43,17,1
P001,HRTF_A,15,5.152,169.52,0.45,17,1
P001,HRTF_A,15,5.166,169.46,0.46,17,1
P001,HRTF_A,15,5.180,169.38,0.46,17,1
P001,HRTF_A,15,5.193,169.30,0.45,17,1
P001,HRTF_A,15,5.207,169.22,0.43,17,1
P001,HRTF_A,15,5.221,169.14,0.41,17,1
P001,HRTF_A,15,5.235,169.09,0.39,17,1
P001,HRTF_A,15,5.249,169.02,0.33,17,1
P001,HRTF_A,15,5.263,168.99,0.28,17,1
P001,HRTF_A,15,5.277,168.96,0.22,17,1
P001,HRTF_A,15,5.291,168.94,0.17,17,1
P001,HRTF_A,16,0.014,-16.68,1.03,28,1
P001,HRTF_A,16,0.031,-16.81,1.05,28,1
P001,HRTF_A,16,0.042,-16.92,1.00,28,1
P001,HRTF_A,16,0.056,-17.01,0.95,28,1
P001,HRTF_A,16,0.070,-17.11,0.90,28,1
P001,HRTF_A,16,0.083,-17.21,0.84,28,1
P001,HRTF_A,16,0.097,-17.29,0.79,28,1
P001,HRTF_A,16,0.111,-17.39,0.73,28,1
P001,HRTF_A,16,0.128,-17.47,0.68,28,1
P001,HRTF_A,16,0.140,-17.50,0.57,28,1
P001,HRTF_A,16,0.153,-17.51,0.48,28,1
P001,HRTF_A,16,0.167,-17.51,0.41,28,1
P001,HRTF_A,16,0.181,-17.50,0.37,28,1
P001,HRTF_A,16,0.194,-17.47,0.32,28,1
P001,HRTF_A,16,0.208,-17.44,0.27,28,1
P001,HRTF_A,16,0.222,-17.36,0.18,28,1
P001,HRTF_A,16,0.236,-17.27,0.10,28,1
P001,HRTF_A,16,0.250,-17.14,0.01,28,1
P001,HRTF_A,16,0.264,-17.02,-0.09,28,1
P001,HRTF_A,16,0.278,-16.91,-0.17,28,1
P001,HRTF_A,16,0.292,-16.77,-0.23,28,1
P001,HRTF_A,16,0.306,-16.61,-0.29,28,1
P001,HRTF_A,16,0.319,-16.43,-0.36,28,1
P001,HRTF_A,16,0.334,-16.24,-0.44,28,1
P001,HRTF_A,16,0.347,-16.01,-0.56,28,1
P001,HRTF_A,16,0.361,-15.78,-0.66,28,1
P001,HRTF_A,16,0.375,-15.55,-0.75,28,1
P001,HRTF_A,16,0.389,-15.31,-0.79,28,1
P001,HRTF_A,16,0.403,-15.10,-0.79,28,1
P001,HRTF_A,16,0.417,-14.90,-0.67,28,1
P001,HRTF_A,16,0.431,-14.74,-0.47,28,1
P001,HRTF_A,16,0.445,-14.64,-0.21,28,1
P001,HRTF_A,16,0.459,-14.55,0.08,28,1
P001,HRTF_A,16,0.472,-14.57,0.35,28,1
P001,HRTF_A,16,0.486,-14.68,0.57,28,1
P001,HRTF_A,16,0.500,-14.89,0.83,28,1
P001,HRTF_A,16,0.514,-15.31,1.20,28,1
P001,HRTF_A,16,0.528,-15.79,1.59,28,1
P001,HRTF_A,16,0.542,-16.28,1.98,28,1
P001,HRTF_A,16,0.556,-16.87,2.38,28,1
P001,HRTF_A,16,0.570,-17.51,2.75,28,1
P001,HRTF_A,16,0.583,-18.22,3.10,28,1
P001,HRTF_A,16,0.597,-18.98,3.43,28,1
P001,HRTF_A,16,0.611,-19.69,3.73,28,1
P001,HRTF_A,16,0.625,-20.39,4.01,28,1
P001,HRTF_A,16,0.639,-21.04,4.29,28,1
P001,HRTF_A,16,0.653,-21.64,4.53,28,1
P001,HRTF_A,16,0.667,-22.23,4.81,28,1
P001,HRTF_A,16,0.681,-22.72,5.03,28,1
P001,HRTF_A,16,0.695,-23.13,5.25,28,1
P001,HRTF_A,16,0.708,-23.53,5.43,28,1
P001,HRTF_A,16,0.722,-23.87,5.66,28,1
P001,HRTF_A,16,0.736,-24.15,5.86,28,1
P001,HRTF_A,16,0.750,-24.33,6.11,28,1
P001,HRTF_A,16,0.764,-24.44,6.33,28,1
P001,HRTF_A,16,0.778,-24.51,6.50,28,1
P001,HRTF_A,16,0.792,-24.56,6.62,28,1
P001,HRTF_A,16,0.806,-24.59,6.71,28,1
P001,HRTF_A,16,0.820,-24.55,6.78,28,1
P001,HRTF_A,16,0.833,-24.49,6.88,28,1
P001,HRTF_A,16,0.847,-24.38,6.95,28,1
P001,HRTF_A,16,0.861,-24.27,7.01,28,1
P001,HRTF_A,16,0.875,-24.20,7.05,28,1
P001,HRTF_A,16,0.889,-24.16,7.04,28,1
P001,HRTF_A,16,0.903,-24.08,6.99,28,1
P001,HRTF_A,16,0.917,-24.01,6.94,28,1
P001,HRTF_A,16,0.931,-23.94,6.88,28,1
P001,HRTF_A,16,0.945,-23.88,6.87,28,1
P001,HRTF_A,16,0.959,-23.82,6.86,28,1
P001,HRTF_A,16,0.972,-23.74,6.85,28,1
P001,HRTF_A,16,0.986,-23.70,6.82,28,1
P001,HRTF_A,16,1.000,-23.66,6.81,28,1
P001,HRTF_A,16,1.014,-23.63,6.77,28,1
P001,HRTF_A,16,1.028,-23.59,6.74,28,1
P001,HRTF_A,16,1.042,-23.57,6.69,28,1
P001,HRTF_A,16,1.056,-23.54,6.67,28,1
P001,HRTF_A,16,1.070,-23.53,6.70,28,1
P001,HRTF_A,16,1.084,-23.54,6.69,28,1
P001,HRTF_A,16,1.097,-23.55,6.68,28,1
P001,HRTF_A,16,1.111,-23.56,6.68,28,1
P001,HRTF_A,16,1.125,-23.59,6.66,28,1
P001,HRTF_A,16,1.139,-23.59,6.66,28,1
P001,HRTF_A,16,1.153,-23.58,6.66,28,1
P001,HRTF_A,16,1.167,-23.57,6.64,28,1
P001,HRTF_A,16,1.181,-23.57,6.63,28,1
P001,HRTF_A,16,1.195,-23.55,6.62,28,1
P001,HRTF_A,16,1.209,-23.52,6.59,28,1
P001,HRTF_A,16,1.223,-23.49,6.55,28,1
P001,HRTF_A,16,1.236,-23.42,6.47,28,1
P001,HRTF_A,16,1.250,-23.37,6.36,28,1
P001,HRTF_A,16,1.264,-23.30,6.27,28,1
P001,HRTF_A,16,1.278,-23.22,6.19,28,1
P001,HRTF_A,16,1.292,-23.13,6.15,28,1
P001,HRTF_A,16,1.306,-23.05,6.09,28,1
P001,HRTF_A,16,1.320,-22.97,6.03,28,1
P001,HRTF_A,16,1.334,-22.89,5.98,28,1
P001,HRTF_A,16,1.347,-22.82,5.92,28,1
P001,HRTF_A,16,1.361,-22.78,5.87,28,1
P001,HRTF_A,16,1.375,-22.73,5.82,28,1
P001,HRTF_A,16,1.389,-22.72,5.81,28,1
P001,HRTF_A,16,1.403,-22.72,5.81,28,1
P001,HRTF_A,16,1.417,-22.76,5.83,28,1
P001,HRTF_A,16,1.431,-22.77,5.82,28,1
P001,HRTF_A,17,0.014,-12.32,2.19,1,1
P001,HRTF_A,17,0.031,-12.34,2.21,1,1
P001,HRTF_A,17,0.042,-12.41,2.25,1,1
P001,HRTF_A,17,0.056,-12.45,2.27,1,1
P001,HRTF_A,17,0.069,-12.65,2.37,1,1
P001,HRTF_A,17,0.083,-12.77,2.44,1,1
P001,HRTF_A,17,0.097,-12.95,2.55,1,1
P001,HRTF_A,17,0.111,-13.12,2.69,1,1
P001,HRTF_A,17,0.126,-13.29,2.86,1,1
P001,HRTF_A,17,0.139,-13.50,3.00,1,1
P001,HRTF_A,17,0.153,-13.76,3.18,1,1
P001,HRTF_A,17,0.169,-14.04,3.35,1,1
P001,HRTF_A,17,0.181,-14.36,3.50,1,1
P001,HRTF_A,17,0.194,-14.81,3.65,1,1
P001,HRTF_A,17,0.208,-15.26,3.86,1,1
P001,HRTF_A,17,0.222,-15.73,4.12,1,1
P001,HRTF_A,17,0.236,-16.25,4.36,1,1
P001,HRTF_A,17,0.250,-16.76,4.65,1,1
P001,HRTF_A,17,0.264,-17.40,4.97,1,1
P001,HRTF_A,17,0.278,-18.09,5.33,1,1
P001,HRTF_A,17,0.292,-18.75,5.69,1,1
P001,HRTF_A,17,0.305,-19.34,6.01,1,1
P001,HRTF_A,17,0.320,-19.92,6.33,1,1
P001,HRTF_A,17,0.333,-20.43,6.58,1,1
P001,HRTF_A,17,0.347,-20.85,6.75,1,1
P001,HRTF_A,17,0.361,-21.13,6.86,1,1
P001,HRTF_A,17,0.375,-21.26,6.94,1,1
P001,HRTF_A,17,0.389,-21.29,6.94,1,1
P001,HRTF_A,17,0.403,-21.00,6.85,1,1
P001,HRTF_A,17,0.417,-20.58,6.71,1,1
P001,HRTF_A,17,0.430,-20.07,6.57,1,1
P001,HRTF_A,17,0.444,-19.16,6.23,1,1
P001,HRTF_A,17,0.458,-18.38,5.98,1,1
P001,HRTF_A,17,0.472,-17.57,5.72,1,1
P001,HRTF_A,17,0.486,-16.76,5.50,1,1
P001,HRTF_A,17,0.500,-15.91,5.25,1,1
P001,HRTF_A,17,0.514,-15.11,4.99,1,1
P001,HRTF_A,17,0.528,-14.26,4.74,1,1
P001,HRTF_A,17,0.542,-13.38,4.52,1,1
P001,HRTF_A,17,0.555,-12.55,4.29,1,1
P001,HRTF_A,17,0.569,-11.83,4.13,1,1
P001,HRTF_A,17,0.583,-11.13,3.97,1,1
P001,HRTF_A,17,0.597,-10.45,3.87,1,1
P001,HRTF_A,17,0.611,-9.89,3.78,1,1
P001,HRTF_A,17,0.625,-9.32,3.71,1,1
P001,HRTF_A,17,0.639,-8.91,3.69,1,1
P001,HRTF_A,17,0.653,-8.58,3.69,1,1
P001,HRTF_A,17,0.667,-8.37,3.67,1,1
P001,HRTF_A,17,0.680,-8.20,3.69,1,1
P001,HRTF_A,17,0.694,-8.07,3.70,1,1
P001,HRTF_A,17,0.708,-8.03,3.76,1,1
P001,HRTF_A,17,0.722,-8.01,3.82,1,1
P001,HRTF_A,17,0.736,-8.05,3.91,1,1
P001,HRTF_A,17,0.750,-8.13,3.99,1,1
P001,HRTF_A,17,0.764,-8.23,4.06,1,1
P001,HRTF_A,17,0.778,-8.37,4.10,1,1
P001,HRTF_A,17,0.792,-8.51,4.14,1,1
P001,HRTF_A,17,0.805,-8.66,4.20,1,1
P001,HRTF_A,17,0.819,-8.78,4.22,1,1
P001,HRTF_A,17,0.833,-8.87,4.25,1,1
P001,HRTF_A,17,0.847,-8.96,4.26,1,1
P001,HRTF_A,17,0.861,-9.00,4.30,1,1
P001,HRTF_A,17,0.875,-9.04,4.33,1,1
P001,HRTF_A,17,0.889,-9.06,4.36,1,1
P001,HRTF_A,17,0.903,-9.08,4.37,1,1
P001,HRTF_A,17,0.917,-9.09,4.38,1,1
P001,HRTF_A,17,0.930,-9.08,4.40,1,1
P001,HRTF_A,17,0.945,-9.07,4.40,1,1
P001,HRTF_A,17,0.958,-9.06,4.41,1,1
P001,HRTF_A,17,0.972,-9.04,4.42,1,1
P001,HRTF_A,17,0.986,-9.00,4.43,1,1
P001,HRTF_A,17,1.000,-8.98,4.43,1,1
P001,HRTF_A,17,1.014,-8.96,4.45,1,1
P001,HRTF_A,17,1.028,-8.95,4.47,1,1
P001,HRTF_A,17,1.042,-8.94,4.49,1,1
P001,HRTF_A,17,1.055,-8.95,4.50,1,1
P001,HRTF_A,17,1.069,-8.95,4.48,1,1
P001,HRTF_A,17,1.083,-8.97,4.46,1,1
P001,HRTF_A,17,1.097,-9.00,4.42,1,1
P001,HRTF_A,17,1.111,-9.01,4.40,1,1
P001,HRTF_A,17,1.125,-9.02,4.38,1,1
P001,HRTF_A,18,0.014,-8.62,3.89,7,1
P001,HRTF_A,18,0.030,-8.56,3.85,7,1
P001,HRTF_A,18,0.042,-8.53,3.80,7,1
P001,HRTF_A,18,0.055,-8.48,3.76,7,1
P001,HRTF_A,18,0.069,-8.43,3.74,7,1
P001,HRTF_A,18,0.083,-8.42,3.74,7,1
P001,HRTF_A,18,0.097,-8.39,3.76,7,1
P001,HRTF_A,18,0.111,-8.38,3.76,7,1
P001,HRTF_A,18,0.125,-8.35,3.76,7,1
P001,HRTF_A,18,0.139,-8.36,3.72,7,1
P001,HRTF_A,18,0.153,-8.37,3.68,7,1
P001,HRTF_A,18,0.170,-8.42,3.65,7,1
P001,HRTF_A,18,0.181,-8.50,3.58,7,1
P001,HRTF_A,18,0.194,-8.60,3.51,7,1
P001,HRTF_A,18,0.209,-8.70,3.45,7,1
P001,HRTF_A,18,0.222,-8.80,3.40,7,1
P001,HRTF_A,18,0.236,-8.93,3.33,7,1
P001,HRTF_A,18,0.250,-9.06,3.25,7,1
P001,HRTF_A,18,0.264,-9.20,3.18,7,1
P001,HRTF_A,18,0.278,-9.33,3.10,7,1
P001,HRTF_A,18,0.292,-9.46,3.03,7,1
P001,HRTF_A,18,0.306,-9.54,2.98,7,1
P001,HRTF_A,18,0.320,-9.47,2.94,7,1
P001,HRTF_A,18,0.333,-9.31,2.94,7,1
P001,HRTF_A,18,0.347,-9.04,2.94,7,1
P001,HRTF_A,18,0.361,-8.40,2.95,7,1
P001,HRTF_A,18,0.375,-7.66,2.89,7,1
P001,HRTF_A,18,0.389,-6.65,2.81,7,1
P001,HRTF_A,18,0.403,-5.42,2.73,7,1
P001,HRTF_A,18,0.417,-3.98,2.56,7,1
P001,HRTF_A,18,0.430,-2.47,2.32,7,1
P001,HRTF_A,18,0.444,-0.88,2.04,7,1
P001,HRTF_A,18,0.458,0.98,1.78,7,1
P001,HRTF_A,18,0.472,2.85,1.47,7,1
P001,HRTF_A,18,0.486,4.75,1.14,7,1
P001,HRTF_A,18,0.500,6.60,0.83,7,1
P001,HRTF_A,18,0.514,8.40,0.47,7,1
P001,HRTF_A,18,0.528,10.28,0.15,7,1
P001,HRTF_A,18,0.542,12.17,-0.19,7,1
P001,HRTF_A,18,0.555,14.02,-0.51,7,1
P001,HRTF_A,18,0.569,15.74,-0.83,7,1
P001,HRTF_A,18,0.583,17.39,-1.13,7,1
P001,HRTF_A,18,0.597,18.93,-1.45,7,1
P001,HRTF_A,18,0.611,20.37,-1.77,7,1
P001,HRTF_A,18,0.625,21.81,-2.04,7,1
P001,HRTF_A,18,0.639,23.12,-2.30,7,1
P001,HRTF_A,18,0.653,24.37,-2.45,7,1
P001,HRTF_A,18,0.667,25.60,-2.61,7,1
P001,HRTF_A,18,0.680,26.73,-2.75,7,1
P001,HRTF_A,18,0.694,27.88,-2.88,7,1
P001,HRTF_A,18,0.708,28.91,-2.93,7,1
P001,HRTF_A,18,0.722,29.85,-2.98,7,1
P001,HRTF_A,18,0.736,30.68,-3.04,7,1
P001,HRTF_A,18,0.750,31.32,-3.03,7,1
P001,HRTF_A,18,0.764,31.77,-3.00,7,1
P001,HRTF_A,18,0.778,32.14,-2.93,7,1
P001,HRTF_A,18,0.792,32.53,-2.84,7,1
P001,HRTF_A,18,0.806,32.72,-2.75,7,1
P001,HRTF_A,18,0.819,32.87,-2.68,7,1
P001,HRTF_A,18,0.833,32.98,-2.57,7,1
P001,HRTF_A,18,0.847,33.01,-2.45,7,1
P001,HRTF_A,18,0.861,33.01,-2.32,7,1
P001,HRTF_A,18,0.875,33.00,-2.20,7,1
P001,HRTF_A,18,0.889,32.98,-2.09,7,1
P001,HRTF_A,18,0.903,32.96,-2.03,7,1
P001,HRTF_A,18,0.917,32.91,-1.98,7,1
P001,HRTF_A,18,0.931,32.85,-1.92,7,1
P001,HRTF_A,18,0.944,32.78,-1.86,7,1
P001,HRTF_A,18,0.958,32.71,-1.83,7,1
P001,HRTF_A,18,0.972,32.68,-1.81,7,1
P001,HRTF_A,18,0.986,32.66,-1.80,7,1
P001,HRTF_A,18,1.000,32.62,-1.80,7,1
P001,HRTF_A,18,1.014,32.55,-1.82,7,1
P001,HRTF_A,18,1.028,32.49,-1.82,7,1
P001,HRTF_A,18,1.042,32.44,-1.81,7,1
P001,HRTF_A,18,1.056,32.41,-1.82,7,1
P001,HRTF_A,18,1.070,32.40,-1.83,7,1
P001,HRTF_A,18,1.083,32.38,-1.84,7,1
P001,HRTF_A,18,1.097,32.37,-1.88,7,1
P001,HRTF_A,18,1.111,32.45,-1.94,7,1
P001,HRTF_A,18,1.125,32.71,-2.08,7,1
P001,HRTF_A,18,1.139,33.08,-2.27,7,1
P001,HRTF_A,18,1.153,33.57,-2.50,7,1
P001,HRTF_A,18,1.167,34.41,-2.83,7,1
P001,HRTF_A,18,1.181,35.41,-3.16,7,1
P001,HRTF_A,18,1.194,36.67,-3.57,7,1
P001,HRTF_A,18,1.208,38.30,-4.09,7,1
P001,HRTF_A,18,1.222,40.29,-4.70,7,1
P001,HRTF_A,18,1.236,42.37,-5.34,7,1
P001,HRTF_A,18,1.250,44.85,-6.15,7,1
P001,HRTF_A,18,1.264,47.09,-6.84,7,1
P001,HRTF_A,18,1.278,49.42,-7.60,7,1
P001,HRTF_A,18,1.292,51.71,-8.33,7,1
P001,HRTF_A,18,1.305,53.93,-9.06,7,1
P001,HRTF_A,18,1.320,56.15,-9.72,7,1
P001,HRTF_A,18,1.333,58.27,-10.36,7,1
P001,HRTF_A,18,1.347,60.27,-10.94,7,1
P001,HRTF_A,18,1.361,62.29,-11.47,7,1
P001,HRTF_A,18,1.375,64.20,-11.94,7,1
P001,HRTF_A,18,1.389,66.10,-12.36,7,1
P001,HRTF_A,18,1.403,68.01,-12.74,7,1
P001,HRTF_A,18,1.417,69.82,-12.93,7,1
P001,HRTF_A,18,1.431,71.59,-13.00,7,1
P001,HRTF_A,18,1.445,73.34,-12.93,7,1
P001,HRTF_A,18,1.458,75.00,-12.75,7,1
P001,HRTF_A,18,1.472,76.61,-12.42,7,1
P001,HRTF_A,18,1.486,78.08,-11.94,7,1
P001,HRTF_A,18,1.500,79.43,-11.28,7,1
P001,HRTF_A,18,1.514,80.68,-10.50,7,1
P001,HRTF_A,18,1.528,81.86,-9.65,7,1
P001,HRTF_A,18,1.542,82.95,-8.68,7,1
P001,HRTF_A,18,1.555,83.95,-7.62,7,1
P001,HRTF_A,18,1.569,84.87,-6.51,7,1
P001,HRTF_A,18,1.583,85.72,-5.35,7,1
P001,HRTF_A,18,1.597,86.57,-4.14,7,1
P001,HRTF_A,18,1.611,87.45,-2.79,7,1
P001,HRTF_A,18,1.625,88.28,-1.40,7,1
P001,HRTF_A,18,1.639,89.09,-0.01,7,1
P001,HRTF_A,18,1.653,89.85,1.37,7,1
P001,HRTF_A,18,1.667,90.63,2.69,7,1
P001,HRTF_A,18,1.681,91.31,3.91,7,1
P001,HRTF_A,18,1.694,91.99,5.12,7,1
P001,HRTF_A,18,1.708,92.60,6.22,7,1
P001,HRTF_A,18,1.722,93.18,7.23,7,1
P001,HRTF_A,18,1.736,93.61,8.07,7,1
P001,HRTF_A,18,1.750,93.95,8.87,7,1
P001,HRTF_A,18,1.764,94.02,9.56,7,1
P001,HRTF_A,18,1.778,93.97,10.24,7,1
P001,HRTF_A,18,1.792,93.89,10.97,7,1
P001,HRTF_A,18,1.806,93.68,11.67,7,1
P001,HRTF_A,18,1.819,93.54,12.36,7,1
P001,HRTF_A,18,1.833,93.40,12.90,7,1
P001,HRTF_A,18,1.847,93.31,13.45,7,1
P001,HRTF_A,18,1.861,93.20,13.77,7,1
P001,HRTF_A,18,1.875,93.18,14.11,7,1
P001,HRTF_A,18,1.889,93.19,14.44,7,1
P001,HRTF_A,18,1.903,93.26,14.77,7,1
P001,HRTF_A,18,1.917,93.27,15.01,7,1
P001,HRTF_A,18,1.930,93.46,15.22,7,1
P001,HRTF_A,18,1.944,93.60,15.49,7,1
P001,HRTF_A,18,1.958,93.85,15.75,7,1
P001,HRTF_A,18,1.972,94.16,16.02,7,1
P001,HRTF_A,18,1.986,94.56,16.26,7,1
P001,HRTF_A,18,2.000,94.99,16.43,7,1
P001,HRTF_A,18,2.014,95.41,16.59,7,1
P001,HRTF_A,18,2.028,95.90,16.73,7,1
P001,HRTF_A,18,2.042,96.44,16.82,7,1
P001,HRTF_A,18,2.055,97.00,16.93,7,1
P001,HRTF_A,18,2.069,97.57,16.90,7,1
P001,HRTF_A,18,2.083,98.19,16.69,7,1
P001,HRTF_A,18,2.097,98.87,16.14,7,1
P001,HRTF_A,18,2.111,99.64,15.28,7,1
P001,HRTF_A,18,2.125,100.43,13.95,7,1
P001,HRTF_A,18,2.139,101.20,12.69,7,1
P001,HRTF_A,18,2.153,101.88,11.10,7,1
P001,HRTF_A,18,2.167,102.47,9.47,7,1
P001,HRTF_A,18,2.181,103.05,7.85,7,1
P001,HRTF_A,18,2.194,103.54,6.16,7,1
P001,HRTF_A,18,2.208,104.01,4.56,7,1
P001,HRTF_A,18,2.222,104.44,2.92,7,1
P001,HRTF_A,18,2.236,104.82,1.25,7,1
P001,HRTF_A,18,2.250,105.14,-0.38,7,1
P001,HRTF_A,18,2.264,105.41,-1.86,7,1
P001,HRTF_A,18,2.278,105.67,-3.23,7,1
P001,HRTF_A,18,2.292,105.90,-4.60,7,1
P001,HRTF_A,18,2.305,106.08,-5.97,7,1
P001,HRTF_A,18,2.319,106.29,-7.38,7,1
P001,HRTF_A,18,2.333,106.44,-8.67,7,1
P001,HRTF_A,18,2.347,106.64,-9.91,7,1
P001,HRTF_A,18,2.361,106.78,-11.22,7,1
P001,HRTF_A,18,2.375,106.98,-12.51,7,1
P001,HRTF_A,18,2.389,107.15,-13.77,7,1
P001,HRTF_A,18,2.403,107.29,-14.95,7,1
P001,HRTF_A,18,2.417,107.45,-16.09,7,1
P001,HRTF_A,18,2.430,107.62,-17.26,7,1
P001,HRTF_A,18,2.445,107.77,-18.45,7,1
P001,HRTF_A,18,2.458,107.95,-19.63,7,1
P001,HRTF_A,18,2.472,108.13,-20.82,7,1
P001,HRTF_A,18,2.486,108.31,-21.94,7,1
P001,HRTF_A,18,2.500,108.45,-23.17,7,1
P001,HRTF_A,18,2.514,108.57,-24.53,7,1
P001,HRTF_A,18,2.528,108.70,-25.95,7,1
P001,HRTF_A,18,2.542,108.81,-27.38,7,1
P001,HRTF_A,18,2.555,108.89,-28.77,7,1
P001,HRTF_A,18,2.569,108.94,-30.01,7,1
P001,HRTF_A,18,2.583,108.94,-31.27,7,1
P001,HRTF_A,18,2.597,108.89,-32.47,7,1
P001,HRTF_A,18,2.611,108.82,-33.62,7,1
P001,HRTF_A,18,2.625,108.73,-34.68,7,1
P001,HRTF_A,18,2.639,108.65,-35.60,7,1
P001,HRTF_A,18,2.653,108.51,-36.37,7,1
P001,HRTF_A,18,2.667,108.42,-37.08,7,1
P001,HRTF_A,18,2.681,108.16,-37.68,7,1
P001,HRTF_A,18,2.695,107.96,-38.32,7,1
P001,HRTF_A,18,2.708,107.77,-38.95,7,1
P001,HRTF_A,18,2.722,107.59,-39.49,7,1
P001,HRTF_A,18,2.736,107.51,-39.87,7,1
P001,HRTF_A,18,2.750,107.44,-40.23,7,1
P001,HRTF_A,18,2.764,107.36,-40.53,7,1
P001,HRTF_A,18,2.778,107.39,-40.82,7,1
P001,HRTF_A,18,2.792,107.37,-41.04,7,1
P001,HRTF_A,18,2.805,107.42,-41.18,7,1
P001,HRTF_A,18,2.820,107.43,-41.36,7,1
P001,HRTF_A,18,2.833,107.40,-41.53,7,1
P001,HRTF_A,18,2.847,107.32,-41.70,7,1
P001,HRTF_A,18,2.861,107.14,-41.91,7,1
P001,HRTF_A,18,2.875,106.88,-42.14,7,1
P001,HRTF_A,18,2.889,106.61,-42.35,7,1
P001,HRTF_A,18,2.903,106.31,-42.50,7,1
P001,HRTF_A,18,2.917,105.95,-42.63,7,1
P001,HRTF_A,18,2.930,105.54,-42.78,7,1
P001,HRTF_A,18,2.944,105.05,-42.91,7,1
P001,HRTF_A,18,2.958,104.47,-43.06,7,1
P001,HRTF_A,18,2.972,103.78,-43.14,7,1
P001,HRTF_A,18,2.986,103.01,-43.28,7,1
P001,HRTF_A,18,3.000,102.07,-43.37,7,1
P001,HRTF_A,18,3.014,100.95,-43.46,7,1
P001,HRTF_A,18,3.028,99.64,-43.52,7,1
P001,HRTF_A,18,3.041,98.33,-43.53,7,1
P001,HRTF_A,18,3.055,96.89,-43.55,7,1
P001,HRTF_A,18,3.070,95.34,-43.45,7,1
P001,HRTF_A,18,3.083,93.69,-43.42,7,1
P001,HRTF_A,18,3.097,92.11,-43.31,7,1
P001,HRTF_A,18,3.111,90.51,-43.19,7,1
P001,HRTF_A,18,3.125,89.05,-43.02,7,1
P001,HRTF_A,18,3.139,87.54,-42.80,7,1
P001,HRTF_A,18,3.153,86.09,-42.55,7,1
P001,HRTF_A,18,3.167,84.73,-42.35,7,1
P001,HRTF_A,18,3.180,83.44,-42.15,7,1
P001,HRTF_A,18,3.194,82.16,-41.97,7,1
P001,HRTF_A,18,3.208,80.91,-41.75,7,1
P001,HRTF_A,18,3.222,79.75,-41.55,7,1
P001,HRTF_A,18,3.236,78.70,-41.38,7,1
P001,HRTF_A,18,3.250,77.66,-41.20,7,1
P001,HRTF_A,18,3.264,76.52,-40.96,7,1
P001,HRTF_A,18,3.278,75.46,-40.67,7,1
P001,HRTF_A,18,3.292,74.43,-40.46,7,1
P001,HRTF_A,18,3.306,73.43,-40.30,7,1
P001,HRTF_A,18,3.319,72.39,-40.10,7,1
P001,HRTF_A,18,3.333,71.33,-39.93,7,1
P001,HRTF_A,18,3.347,70.37,-39.75,7,1
P001,HRTF_A,18,3.361,69.47,-39.60,7,1
P001,HRTF_A,18,3.375,68.67,-39.47,7,1
P001,HRTF_A,18,3.389,67.92,-39.39,7,1
P001,HRTF_A,18,3.403,67.07,-39.31,7,1
P001,HRTF_A,18,3.416,66.42,-39.26,7,1
P001,HRTF_A,18,3.431,65.96,-39.20,7,1
P001,HRTF_A,18,3.444,65.56,-39.15,7,1
P001,HRTF_A,18,3.458,65.21,-39.05,7,1
P001,HRTF_A,18,3.472,64.95,-39.02,7,1
P001,HRTF_A,18,3.487,64.68,-38.96,7,1
P001,HRTF_A,18,3.500,64.48,-38.93,7,1
P001,HRTF_A,18,3.514,64.35,-38.90,7,1
P001,HRTF_A,18,3.528,64.26,-38.83,7,1
P001,HRTF_A,18,3.541,64.15,-38.83,7,1
P001,HRTF_A,18,3.556,64.05,-38.81,7,1
P001,HRTF_A,18,3.569,63.97,-38.84,7,1
P001,HRTF_A,18,3.583,63.89,-38.87,7,1
P001,HRTF_A,18,3.597,63.81,-38.90,7,1
P001,HRTF_A,18,3.612,63.74,-38.94,7,1
P001,HRTF_A,18,3.625,63.67,-38.98,7,1
P001,HRTF_A,18,3.639,63.59,-39.02,7,1
P001,HRTF_A,18,3.653,63.54,-39.07,7,1
P001,HRTF_A,18,3.666,63.47,-39.10,7,1
P001,HRTF_A,18,3.680,63.39,-39.13,7,1
P001,HRTF_A,18,3.694,63.31,-39.17,7,1
P001,HRTF_A,18,3.708,63.23,-39.21,7,1
P001,HRTF_A,18,3.722,63.16,-39.25,7,1
P001,HRTF_A,18,3.736,63.12,-39.28,7,1
P001,HRTF_A,18,3.750,63.06,-39.31,7,1
P001,HRTF_A,18,3.764,63.02,-39.32,7,1
P001,HRTF_A,18,3.778,63.00,-39.34,7,1
P001,HRTF_A,18,3.792,62.98,-39.36,7,1
P001,HRTF_A,18,3.806,62.95,-39.38,7,1
P001,HRTF_A,18,3.819,62.91,-39.38,7,1
P001,HRTF_A,18,3.833,62.89,-39.41,7,1
P001,HRTF_A,18,3.847,62.80,-39.44,7,1
P001,HRTF_A,18,3.861,62.74,-39.46,7,1
P001,HRTF_A,18,3.875,62.64,-39.50,7,1
P001,HRTF_A,18,3.889,62.54,-39.50,7,1
P001,HRTF_A,18,3.903,62.50,-39.53,7,1
P001,HRTF_A,18,3.916,62.43,-39.56,7,1
P001,HRTF_A,18,3.931,62.38,-39.58,7,1
P001,HRTF_A,18,3.944,62.33,-39.58,7,1
P001,HRTF_A,18,3.958,62.26,-39.55,7,1
P001,HRTF_A,18,3.972,62.20,-39.53,7,1
P001,HRTF_A,18,3.986,62.14,-39.50,7,1
P001,HRTF_A,18,4.000,62.08,-39.47,7,1
P001,HRTF_A,18,4.014,62.04,-39.43,7,1
P001,HRTF_A,18,4.028,61.99,-39.40,7,1
P001,HRTF_A,18,4.041,61.97,-39.37,7,1
P001,HRTF_A,18,4.055,61.91,-39.34,7,1
P001,HRTF_A,18,4.069,61.85,-39.30,7,1
P001,HRTF_A,18,4.083,61.79,-39.28,7,1
P001,HRTF_A,18,4.097,61.74,-39.23,7,1
P001,HRTF_A,18,4.111,61.67,-39.20,7,1
P001,HRTF_A,19,0.014,-10.28,-2.19,21,1
P001,HRTF_A,19,0.031,-10.37,-2.19,21,1
P001,HRTF_A,19,0.041,-10.46,-2.24,21,1
P001,HRTF_A,19,0.055,-10.56,-2.29,21,1
P001,HRTF_A,19,0.069,-10.64,-2.34,21,1
P001,HRTF_A,19,0.083,-10.74,-2.42,21,1
P001,HRTF_A,19,0.097,-10.85,-2.48,21,1
P001,HRTF_A,19,0.111,-10.95,-2.56,21,1
P001,HRTF_A,19,0.127,-11.06,-2.67,21,1
P001,HRTF_A,19,0.139,-11.18,-2.81,21,1
P001,HRTF_A,19,0.153,-11.27,-2.94,21,1
P001,HRTF_A,19,0.166,-11.35,-3.09,21,1
P001,HRTF_A,19,0.180,-11.41,-3.23,21,1
P001,HRTF_A,19,0.195,-11.46,-3.37,21,1
P001,HRTF_A,19,0.208,-11.51,-3.52,21,1
P001,HRTF_A,19,0.222,-11.57,-3.70,21,1
P001,HRTF_A,19,0.236,-11.59,-3.87,21,1
P001,HRTF_A,19,0.250,-11.56,-4.03,21,1
P001,HRTF_A,19,0.264,-11.52,-4.20,21,1
P001,HRTF_A,19,0.278,-11.44,-4.37,21,1
P001,HRTF_A,19,0.291,-11.25,-4.49,21,1
P001,HRTF_A,19,0.305,-11.02,-4.59,21,1
P001,HRTF_A,19,0.319,-10.72,-4.71,21,1
P001,HRTF_A,19,0.333,-10.24,-4.83,21,1
P001,HRTF_A,19,0.347,-9.64,-4.96,21,1
P001,HRTF_A,19,0.361,-8.80,-5.09,21,1
P001,HRTF_A,19,0.375,-7.65,-5.24,21,1
P001,HRTF_A,19,0.389,-6.11,-5.49,21,1
P001,HRTF_A,19,0.403,-4.18,-5.81,21,1
P001,HRTF_A,19,0.417,-1.85,-6.24,21,1
P001,HRTF_A,19,0.431,0.68,-6.72,21,1
P001,HRTF_A,19,0.444,3.57,-7.25,21,1
P001,HRTF_A,19,0.458,6.26,-7.78,21,1
P001,HRTF_A,19,0.472,9.19,-8.35,21,1
P001,HRTF_A,19,0.486,12.09,-8.86,21,1
P001,HRTF_A,19,0.500,15.10,-9.39,21,1
P001,HRTF_A,19,0.514,18.03,-9.93,21,1
P001,HRTF_A,19,0.528,20.94,-10.53,21,1
P001,HRTF_A,19,0.542,23.78,-11.06,21,1
P001,HRTF_A,19,0.555,26.57,-11.64,21,1
P001,HRTF_A,19,0.569,29.36,-12.10,21,1
P001,HRTF_A,19,0.583,31.99,-12.50,21,1
P001,HRTF_A,19,0.597,34.43,-12.87,21,1
P001,HRTF_A,19,0.611,36.69,-13.15,21,1
P001,HRTF_A,19,0.625,38.85,-13.39,21,1
P001,HRTF_A,19,0.639,40.89,-13.55,21,1
P001,HRTF_A,19,0.653,42.77,-13.67,21,1
P001,HRTF_A,19,0.666,44.52,-13.77,21,1
P001,HRTF_A,19,0.680,45.94,-13.66,21,1
P001,HRTF_A,19,0.694,47.52,-13.57,21,1
P001,HRTF_A,19,0.708,48.86,-13.26,21,1
P001,HRTF_A,19,0.722,50.27,-12.93,21,1
P001,HRTF_A,19,0.736,51.37,-12.39,21,1
P001,HRTF_A,19,0.750,52.40,-11.84,21,1
P001,HRTF_A,19,0.764,53.35,-11.15,21,1
P001,HRTF_A,19,0.778,54.21,-10.44,21,1
P001,HRTF_A,19,0.791,54.95,-9.64,21,1
P001,HRTF_A,19,0.805,55.64,-8.79,21,1
P001,HRTF_A,19,0.819,56.22,-7.83,21,1
P001,HRTF_A,19,0.833,56.69,-6.92,21,1
P001,HRTF_A,19,0.847,57.03,-5.94,21,1
P001,HRTF_A,19,0.861,57.36,-4.97,21,1
P001,HRTF_A,19,0.875,57.54,-3.96,21,1
P001,HRTF_A,19,0.889,57.70,-2.92,21,1
P001,HRTF_A,19,0.903,57.66,-1.84,21,1
P001,HRTF_A,19,0.917,57.65,-0.82,21,1
P001,HRTF_A,19,0.931,57.59,0.20,21,1
P001,HRTF_A,19,0.944,57.46,1.16,21,1
P001,HRTF_A,19,0.958,57.28,2.13,21,1
P001,HRTF_A,19,0.972,56.99,3.07,21,1
P001,HRTF_A,19,0.986,56.64,3.92,21,1
P001,HRTF_A,19,1.000,56.22,4.77,21,1
P001,HRTF_A,19,1.014,55.48,5.56,21,1
P001,HRTF_A,19,1.028,54.52,6.24,21,1
P001,HRTF_A,19,1.041,53.41,6.86,21,1
P001,HRTF_A,19,1.055,52.41,7.46,21,1
P001,HRTF_A,19,1.069,51.05,7.90,21,1
P001,HRTF_A,19,1.083,49.69,8.27,21,1
P001,HRTF_A,19,1.097,48.16,8.50,21,1
P001,HRTF_A,19,1.111,46.55,8.74,21,1
P001,HRTF_A,19,1.125,44.84,8.85,21,1
P001,HRTF_A,19,1.139,43.03,8.95,21,1
P001,HRTF_A,19,1.153,41.13,8.94,21,1
P001,HRTF_A,19,1.167,39.16,8.88,21,1
P001,HRTF_A,19,1.180,37.11,8.80,21,1
P001,HRTF_A,19,1.194,35.00,8.60,21,1
P001,HRTF_A,19,1.208,32.88,8.32,21,1
P001,HRTF_A,19,1.222,30.50,7.98,21,1
P001,HRTF_A,19,1.236,28.14,7.51,21,1
P001,HRTF_A,19,1.250,25.56,6.89,21,1
P001,HRTF_A,19,1.264,22.96,6.20,21,1
P001,HRTF_A,19,1.278,20.30,5.41,21,1
P001,HRTF_A,19,1.292,17.68,4.56,21,1
P001,HRTF_A,19,1.306,15.15,3.63,21,1
P001,HRTF_A,19,1.319,12.72,2.58,21,1
P001,HRTF_A,19,1.333,10.41,1.50,21,1
P001,HRTF_A,19,1.347,8.19,0.26,21,1
P001,HRTF_A,19,1.361,6.13,-0.96,21,1
P001,HRTF_A,19,1.375,4.26,-2.29,21,1
P001,HRTF_A,19,1.389,2.52,-3.71,21,1
P001,HRTF_A,19,1.403,0.84,-5.18,21,1
P001,HRTF_A,19,1.417,-0.83,-6.55,21,1
P001,HRTF_A,19,1.430,-2.09,-7.81,21,1
P001,HRTF_A,19,1.444,-3.41,-8.93,21,1
P001,HRTF_A,19,1.458,-4.67,-10.01,21,1
P001,HRTF_A,19,1.472,-5.77,-10.93,21,1
P001,HRTF_A,19,1.486,-6.78,-11.75,21,1
P001,HRTF_A,19,1.500,-7.73,-12.53,21,1
P001,HRTF_A,19,1.514,-8.64,-13.21,21,1
P001,HRTF_A,19,1.528,-9.44,-13.83,21,1
P001,HRTF_A,19,1.542,-10.16,-14.34,21,1
P001,HRTF_A,19,1.555,-10.94,-14.85,21,1
P001,HRTF_A,19,1.569,-11.64,-15.26,21,1
P001,HRTF_A,19,1.583,-12.12,-15.53,21,1
P001,HRTF_A,19,1.597,-12.41,-15.63,21,1
P001,HRTF_A,19,1.611,-12.65,-15.72,21,1
P001,HRTF_A,19,1.625,-12.83,-15.82,21,1
P001,HRTF_A,19,1.639,-13.01,-15.92,21,1
P001,HRTF_A,19,1.653,-12.91,-15.83,21,1
P001,HRTF_A,19,1.666,-12.79,-15.74,21,1
P001,HRTF_A,19,1.680,-12.68,-15.72,21,1
P001,HRTF_A,19,1.694,-12.49,-15.71,21,1
P001,HRTF_A,19,1.708,-12.24,-15.70,21,1
P001,HRTF_A,19,1.722,-12.03,-15.69,21,1
P001,HRTF_A,19,1.736,-11.83,-15.72,21,1
P001,HRTF_A,19,1.750,-11.68,-15.74,21,1
P001,HRTF_A,19,1.764,-11.53,-15.75,21,1
P001,HRTF_A,19,1.778,-11.39,-15.76,21,1
P001,HRTF_A,19,1.792,-11.26,-15.78,21,1
P001,HRTF_A,19,1.806,-11.15,-15.84,21,1
P001,HRTF_A,19,1.819,-11.07,-15.89,21,1
P001,HRTF_A,19,1.833,-10.98,-15.92,21,1
P001,HRTF_A,19,1.847,-10.90,-15.96,21,1
P001,HRTF_A,19,1.861,-10.81,-15.99,21,1
P001,HRTF_A,19,1.875,-10.71,-16.02,21,1
P001,HRTF_A,19,1.889,-10.63,-16.06,21,1
P001,HRTF_A,19,1.903,-10.56,-16.08,21,1
P001,HRTF_A,19,1.917,-10.48,-16.09,21,1
P001,HRTF_A,19,1.930,-10.38,-16.13,21,1
P001,HRTF_A,19,1.945,-10.24,-16.13,21,1
P001,HRTF_A,19,1.958,-10.08,-16.07,21,1
P001,HRTF_A,19,1.972,-9.92,-15.99,21,1
P001,HRTF_A,19,1.986,-9.76,-15.89,21,1
P001,HRTF_A,19,2.000,-9.61,-15.82,21,1
P001,HRTF_A,19,2.014,-9.50,-15.76,21,1
P001,HRTF_A,19,2.028,-9.42,-15.69,21,1
P001,HRTF_A,19,2.042,-9.35,-15.62,21,1
P001,HRTF_A,19,2.055,-9.27,-15.56,21,1
P001,HRTF_A,19,2.069,-9.20,-15.49,21,1
P001,HRTF_A,19,2.083,-9.17,-15.44,21,1
P001,HRTF_A,19,2.097,-9.16,-15.40,21,1
P001,HRTF_A,19,2.111,-9.17,-15.35,21,1
P001,HRTF_A,19,2.125,-9.16,-15.31,21,1
P001,HRTF_A,19,2.139,-9.18,-15.28,21,1
P001,HRTF_A,19,2.153,-9.18,-15.25,21,1
P001,HRTF_A,19,2.167,-9.19,-15.22,21,1
P001,HRTF_A,19,2.180,-9.22,-15.21,21,1
P001,HRTF_A,19,2.194,-9.27,-15.21,21,1
P001,HRTF_A,19,2.208,-9.28,-15.22,21,1
P001,HRTF_A,19,2.222,-9.31,-15.20,21,1
P001,HRTF_A,19,2.236,-9.33,-15.15,21,1
P001,HRTF_A,19,2.250,-9.34,-15.10,21,1
P001,HRTF_A,19,2.264,-9.35,-15.04,21,1
P001,HRTF_A,19,2.278,-9.35,-15.00,21,1
P001,HRTF_A,19,2.292,-9.35,-14.96,21,1
P001,HRTF_A,19,2.306,-9.37,-14.92,21,1
P001,HRTF_A,19,2.320,-9.36,-14.88,21,1
P001,HRTF_A,19,2.333,-9.35,-14.86,21,1
P001,HRTF_A,19,2.347,-9.34,-14.83,21,1
P001,HRTF_A,19,2.361,-9.33,-14.80,21,1
P001,HRTF_A,19,2.375,-9.32,-14.79,21,1
P001,HRTF_A,19,2.389,-9.31,-14.77,21,1
P001,HRTF_A,19,2.403,-9.30,-14.75,21,1
P001,HRTF_A,19,2.417,-9.27,-14.71,21,1
P001,HRTF_A,19,2.431,-9.26,-14.68,21,1
P001,HRTF_A,19,2.444,-9.27,-14.66,21,1
P001,HRTF_A,19,2.458,-9.28,-14.63,21,1
P001,HRTF_A,19,2.472,-9.28,-14.61,21,1
P001,HRTF_A,19,2.486,-9.28,-14.62,21,1
P001,HRTF_A,19,2.500,-9.26,-14.62,21,1
P001,HRTF_A,19,2.514,-9.23,-14.59,21,1
P001,HRTF_A,19,2.528,-9.22,-14.52,21,1
P001,HRTF_A,19,2.542,-9.21,-14.47,21,1
P001,HRTF_A,19,2.556,-9.19,-14.45,21,1
P001,HRTF_A,19,2.570,-9.18,-14.44,21,1
P001,HRTF_A,19,2.583,-9.16,-14.45,21,1
P001,HRTF_A,19,2.597,-9.16,-14.44,21,1
P001,HRTF_A,19,2.611,-9.16,-14.44,21,1
P001,HRTF_A,19,2.625,-9.17,-14.46,21,1
P001,HRTF_A,19,2.639,-9.22,-14.56,21,1
P001,HRTF_A,19,2.653,-9.24,-14.74,21,1
P001,HRTF_A,19,2.667,-9.25,-15.03,21,1
P001,HRTF_A,19,2.681,-9.19,-15.33,21,1
P001,HRTF_A,19,2.694,-9.09,-15.53,21,1
P001,HRTF_A,19,2.708,-9.01,-15.70,21,1
P001,HRTF_A,19,2.722,-8.91,-15.91,21,1
P001,HRTF_A,19,2.736,-8.85,-16.14,21,1
P001,HRTF_A,19,2.750,-8.74,-16.34,21,1
P001,HRTF_A,19,2.764,-8.61,-16.37,21,1
P001,HRTF_A,19,2.778,-8.43,-16.31,21,1
P001,HRTF_A,19,2.792,-8.24,-16.07,21,1
P001,HRTF_A,19,2.806,-8.02,-15.69,21,1
P001,HRTF_A,19,2.819,-7.81,-15.30,21,1
P001,HRTF_A,19,2.833,-7.60,-14.87,21,1
P001,HRTF_A,19,2.847,-7.31,-14.26,21,1
P001,HRTF_A,19,2.861,-7.04,-13.68,21,1
P001,HRTF_A,19,2.875,-6.78,-13.05,21,1
P001,HRTF_A,19,2.889,-6.51,-12.46,21,1
P001,HRTF_A,19,2.903,-6.26,-11.78,21,1
P001,HRTF_A,19,2.917,-5.98,-11.21,21,1
P001,HRTF_A,19,2.930,-5.77,-10.74,21,1
P001,HRTF_A,19,2.944,-5.52,-10.50,21,1
P001,HRTF_A,19,2.958,-5.25,-10.24,21,1
P001,HRTF_A,19,2.972,-4.91,-9.93,21,1
P001,HRTF_A,19,2.986,-4.60,-9.69,21,1
P001,HRTF_A,19,3.000,-4.25,-9.49,21,1
P001,HRTF_A,19,3.014,-3.88,-9.28,21,1
P001,HRTF_A,19,3.028,-3.53,-9.09,21,1
P001,HRTF_A,19,3.042,-3.21,-8.83,21,1
P001,HRTF_A,19,3.055,-2.92,-8.56,21,1
P001,HRTF_A,19,3.069,-2.65,-8.22,21,1
P001,HRTF_A,19,3.083,-2.37,-7.84,21,1
P001,HRTF_A,19,3.097,-2.20,-7.43,21,1
P001,HRTF_A,19,3.111,-2.01,-7.02,21,1
P001,HRTF_A,19,3.125,-1.91,-6.61,21,1
P001,HRTF_A,19,3.139,-1.82,-6.24,21,1
P001,HRTF_A,19,3.153,-1.89,-5.84,21,1
P001,HRTF_A,19,3.166,-1.94,-5.48,21,1
P001,HRTF_A,19,3.180,-2.06,-5.17,21,1
P001,HRTF_A,19,3.195,-2.23,-4.85,21,1
P001,HRTF_A,19,3.208,-2.46,-4.58,21,1
P001,HRTF_A,19,3.222,-2.74,-4.28,21,1
P001,HRTF_A,19,3.236,-3.13,-4.08,21,1
P001,HRTF_A,19,3.250,-3.54,-3.88,21,1
P001,HRTF_A,19,3.264,-3.93,-3.69,21,1
P001,HRTF_A,19,3.278,-4.36,-3.50,21,1
P001,HRTF_A,19,3.291,-4.86,-3.38,21,1
P001,HRTF_A,19,3.306,-5.34,-3.24,21,1
P001,HRTF_A,19,3.320,-5.87,-3.11,21,1
P001,HRTF_A,19,3.333,-6.42,-3.02,21,1
P001,HRTF_A,19,3.347,-6.97,-2.92,21,1
P001,HRTF_A,19,3.361,-7.50,-2.82,21,1
P001,HRTF_A,19,3.375,-8.17,-2.78,21,1
P001,HRTF_A,19,3.389,-8.80,-2.76,21,1
P001,HRTF_A,19,3.403,-9.53,-2.78,21,1
P001,HRTF_A,19,3.417,-10.27,-2.82,21,1
P001,HRTF_A,19,3.431,-11.04,-2.88,21,1
P001,HRTF_A,19,3.444,-11.86,-2.91,21,1
P001,HRTF_A,19,3.458,-12.66,-2.94,21,1
P001,HRTF_A,19,3.472,-13.56,-2.92,21,1
P001,HRTF_A,19,3.486,-14.44,-2.92,21,1
P001,HRTF_A,19,3.500,-15.33,-2.90,21,1
P001,HRTF_A,19,3.514,-16.31,-2.85,21,1
P001,HRTF_A,19,3.528,-17.32,-2.82,21,1
P001,HRTF_A,19,3.542,-18.29,-2.73,21,1
P001,HRTF_A,19,3.555,-19.36,-2.62,21,1
P001,HRTF_A,19,3.569,-20.41,-2.54,21,1
P001,HRTF_A,19,3.583,-21.49,-2.48,21,1
P001,HRTF_A,19,3.598,-22.59,-2.39,21,1
P001,HRTF_A,19,3.611,-23.73,-2.28,21,1
P001,HRTF_A,19,3.625,-24.85,-2.15,21,1
P001,HRTF_A,19,3.639,-25.98,-2.04,21,1
P001,HRTF_A,19,3.653,-27.12,-1.92,21,1
P001,HRTF_A,19,3.666,-28.34,-1.83,21,1
P001,HRTF_A,19,3.680,-29.58,-1.77,21,1
P001,HRTF_A,19,3.694,-30.78,-1.66,21,1
P001,HRTF_A,19,3.708,-32.05,-1.56,21,1
P001,HRTF_A,19,3.722,-33.31,-1.44,21,1
P001,HRTF_A,19,3.736,-34.57,-1.34,21,1
P001,HRTF_A,19,3.750,-35.81,-1.27,21,1
P001,HRTF_A,19,3.764,-37.07,-1.31,21,1
P001,HRTF_A,19,3.778,-38.25,-1.32,21,1
P001,HRTF_A,19,3.792,-39.46,-1.37,21,1
P001,HRTF_A,19,3.805,-40.62,-1.44,21,1
P001,HRTF_A,19,3.819,-41.78,-1.49,21,1
P001,HRTF_A,19,3.833,-42.90,-1.55,21,1
P001,HRTF_A,19,3.847,-43.97,-1.57,21,1
P001,HRTF_A,19,3.861,-45.00,-1.62,21,1
P001,HRTF_A,19,3.875,-46.03,-1.61,21,1
P001,HRTF_A,19,3.889,-47.03,-1.64,21,1
P001,HRTF_A,19,3.903,-47.98,-1.64,21,1
P001,HRTF_A,19,3.917,-48.94,-1.66,21,1
P001,HRTF_A,19,3.931,-49.90,-1.71,21,1
P001,HRTF_A,19,3.944,-50.81,-1.75,21,1
P001,HRTF_A,19,3.958,-51.75,-1.77,21,1
P001,HRTF_A,19,3.972,-52.62,-1.81,21,1
P001,HRTF_A,19,3.986,-53.52,-1.85,21,1
P001,HRTF_A,19,4.000,-54.41,-1.91,21,1
P001,HRTF_A,19,4.014,-55.34,-1.99,21,1
P001,HRTF_A,19,4.028,-56.22,-2.04,21,1
P001,HRTF_A,19,4.041,-57.07,-2.05,21,1
P001,HRTF_A,19,4.055,-57.88,-2.07,21,1
P001,HRTF_A,19,4.069,-58.66,-2.11,21,1
P001,HRTF_A,19,4.083,-59.49,-2.19,21,1
P001,HRTF_A,19,4.097,-60.28,-2.21,21,1
P001,HRTF_A,19,4.111,-61.01,-2.27,21,1
P001,HRTF_A,19,4.125,-61.75,-2.35,21,1
P001,HRTF_A,19,4.139,-62.49,-2.41,21,1
P001,HRTF_A,19,4.153,-63.18,-2.43,21,1
P001,HRTF_A,19,4.167,-63.88,-2.40,21,1
P001,HRTF_A,19,4.180,-64.63,-2.36,21,1
P001,HRTF_A,19,4.194,-65.35,-2.36,21,1
P001,HRTF_A,19,4.208,-66.10,-2.36,21,1
P001,HRTF_A,19,4.222,-66.88,-2.43,21,1
P001,HRTF_A,19,4.236,-67.63,-2.49,21,1
P001,HRTF_A,19,4.250,-68.47,-2.53,21,1
P001,HRTF_A,19,4.264,-69.29,-2.55,21,1
P001,HRTF_A,19,4.278,-70.10,-2.60,21,1
P001,HRTF_A,19,4.292,-70.94,-2.62,21,1
P001,HRTF_A,19,4.305,-71.79,-2.66,21,1
P001,HRTF_A,19,4.319,-72.66,-2.70,21,1
P001,HRTF_A,19,4.333,-73.51,-2.71,21,1
P001,HRTF_A,19,4.347,-74.36,-2.70,21,1
P001,HRTF_A,19,4.361,-75.20,-2.71,21,1
P001,HRTF_A,19,4.375,-75.99,-2.63,21,1
P001,HRTF_A,19,4.389,-76.78,-2.56,21,1
P001,HRTF_A,19,4.403,-77.61,-2.52,21,1
P001,HRTF_A,19,4.417,-78.42,-2.52,21,1
P001,HRTF_A,19,4.430,-79.25,-2.48,21,1
P001,HRTF_A,19,4.444,-80.05,-2.45,21,1
P001,HRTF_A,19,4.458,-80.83,-2.40,21,1
P001,HRTF_A,19,4.472,-81.63,-2.33,21,1
P001,HRTF_A,19,4.486,-82.41,-2.29,21,1
P001,HRTF_A,19,4.500,-83.20,-2.25,21,1
P001,HRTF_A,19,4.514,-84.00,-2.24,21,1
P001,HRTF_A,19,4.528,-84.74,-2.29,21,1
P001,HRTF_A,19,4.542,-85.51,-2.30,21,1
P001,HRTF_A,19,4.556,-86.24,-2.31,21,1
P001,HRTF_A,19,4.569,-86.94,-2.33,21,1
P001,HRTF_A,19,4.583,-87.64,-2.36,21,1
P001,HRTF_A,19,4.597,-88.29,-2.40,21,1
P001,HRTF_A,19,4.611,-88.95,-2.47,21,1
P001,HRTF_A,19,4.625,-89.59,-2.52,21,1
P001,HRTF_A,19,4.639,-90.19,-2.61,21,1
P001,HRTF_A,19,4.653,-90.78,-2.72,21,1
P001,HRTF_A,19,4.667,-91.34,-2.84,21,1
P001,HRTF_A,19,4.681,-91.85,-2.98,21,1
P001,HRTF_A,19,4.694,-92.40,-3.08,21,1
P001,HRTF_A,19,4.708,-92.93,-3.15,21,1
P001,HRTF_A,19,4.722,-93.45,-3.20,21,1
P001,HRTF_A,19,4.736,-93.97,-3.26,21,1
P001,HRTF_A,19,4.750,-94.52,-3.33,21,1
P001,HRTF_A,19,4.764,-95.04,-3.43,21,1
P001,HRTF_A,19,4.778,-95.60,-3.50,21,1
P001,HRTF_A,19,4.792,-96.18,-3.57,21,1
P001,HRTF_A,19,4.806,-96.73,-3.63,21,1
P001,HRTF_A,19,4.819,-97.26,-3.64,21,1
P001,HRTF_A,19,4.833,-97.80,-3.61,21,1
P001,HRTF_A,19,4.847,-98.33,-3.63,21,1
P001,HRTF_A,19,4.861,-98.86,-3.62,21,1
P001,HRTF_A,19,4.875,-99.42,-3.63,21,1
P001,HRTF_A,19,4.889,-99.90,-3.64,21,1
P001,HRTF_A,19,4.903,-100.41,-3.61,21,1
P001,HRTF_A,19,4.917,-100.88,-3.59,21,1
P001,HRTF_A,19,4.930,-101.39,-3.63,21,1
P001,HRTF_A,19,4.944,-101.86,-3.59,21,1
P001,HRTF_A,19,4.958,-102.31,-3.60,21,1
P001,HRTF_A,19,4.972,-102.81,-3.59,21,1
P001,HRTF_A,19,4.986,-103.26,-3.59,21,1
P001,HRTF_A,19,5.000,-103.72,-3.57,21,1
P001,HRTF_A,19,5.014,-104.18,-3.57,21,1
P001,HRTF_A,19,5.028,-104.63,-3.62,21,1
P001,HRTF_A,19,5.042,-105.10,-3.60,21,1
P001,HRTF_A,19,5.056,-105.56,-3.63,21,1
P001,HRTF_A,19,5.069,-105.97,-3.62,21,1
P001,HRTF_A,19,5.083,-106.37,-3.60,21,1
P001,HRTF_A,19,5.097,-106.78,-3.57,21,1
P001,HRTF_A,19,5.111,-107.15,-3.57,21,1
P001,HRTF_A,19,5.125,-107.48,-3.56,21,1
P001,HRTF_A,19,5.139,-107.77,-3.53,21,1
P001,HRTF_A,19,5.153,-108.06,-3.54,21,1
P001,HRTF_A,19,5.166,-108.32,-3.54,21,1
P001,HRTF_A,19,5.181,-108.53,-3.50,21,1
P001,HRTF_A,19,5.194,-108.73,-3.53,21,1
P001,HRTF_A,19,5.208,-108.87,-3.56,21,1
P001,HRTF_A,19,5.222,-109.02,-3.59,21,1
P001,HRTF_A,19,5.236,-109.13,-3.60,21,1
P001,HRTF_A,19,5.250,-109.20,-3.60,21,1
P001,HRTF_A,19,5.264,-109.27,-3.59,21,1
P001,HRTF_A,19,5.278,-109.29,-3.57,21,1
P001,HRTF_A,19,5.292,-109.31,-3.55,21,1
P001,HRTF_A,19,5.305,-109.29,-3.55,21,1
P001,HRTF_A,19,5.319,-109.29,-3.59,21,1
P001,HRTF_A,19,5.333,-109.27,-3.61,21,1
P001,HRTF_A,19,5.347,-109.26,-3.63,21,1
P001,HRTF_A,19,5.361,-109.22,-3.65,21,1
P001,HRTF_A,19,5.375,-109.16,-3.70,21,1
P001,HRTF_A,19,5.389,-109.09,-3.73,21,1
P001,HRTF_A,19,5.403,-109.02,-3.78,21,1
P001,HRTF_A,19,5.417,-108.95,-3.84,21,1
P001,HRTF_A,19,5.431,-108.85,-3.90,21,1
P001,HRTF_A,19,5.444,-108.74,-3.96,21,1
P001,HRTF_A,19,5.458,-108.64,-4.01,21,1
P001,HRTF_A,19,5.472,-108.51,-4.04,21,1
P001,HRTF_A,19,5.486,-108.40,-4.07,21,1
P001,HRTF_A,19,5.500,-108.25,-4.11,21,1
P001,HRTF_A,19,5.514,-108.12,-4.15,21,1
P001,HRTF_A,19,5.528,-107.99,-4.20,21,1
P001,HRTF_A,19,5.541,-107.88,-4.23,21,1
P001,HRTF_A,19,5.555,-107.76,-4.26,21,1
P001,HRTF_A,19,5.569,-107.63,-4.27,21,1
P001,HRTF_A,19,5.583,-107.50,-4.26,21,1
P001,HRTF_A,19,5.597,-107.35,-4.27,21,1
P001,HRTF_A,19,5.611,-107.22,-4.26,21,1
P001,HRTF_A,19,5.625,-107.10,-4.28,21,1
P001,HRTF_A,19,5.639,-106.97,-4.30,21,1
P001,HRTF_A,19,5.653,-106.84,-4.29,21,1
P001,HRTF_A,19,5.667,-106.70,-4.28,21,1
P001,HRTF_A,19,5.680,-106.51,-4.25,21,1
P001,HRTF_A,19,5.694,-106.35,-4.22,21,1
P001,HRTF_A,19,5.708,-106.16,-4.20,21,1
P001,HRTF_A,19,5.722,-106.00,-4.17,21,1
P001,HRTF_A,19,5.736,-105.82,-4.16,21,1
P001,HRTF_A,19,5.750,-105.65,-4.15,21,1
P001,HRTF_A,19,5.764,-105.44,-4.16,21,1
P001,HRTF_A,19,5.778,-105.24,-4.13,21,1
P001,HRTF_A,20,0.029,-8.02,-0.01,13,1
P001,HRTF_A,20,0.065,-7.04,0.25,13,1
P001,HRTF_A,20,0.084,-6.16,0.42,13,1
P001,HRTF_A,20,0.099,-5.25,0.59,13,1
P001,HRTF_A,20,0.112,-4.80,0.63,13,1
P001,HRTF_A,20,0.125,-4.39,0.70,13,1
P001,HRTF_A,20,0.143,-3.93,0.72,13,1
P001,HRTF_A,20,0.167,-3.48,0.74,13,1
P001,HRTF_A,20,0.181,-2.53,0.78,13,1
P001,HRTF_A,20,0.196,-2.04,0.82,13,1
P001,HRTF_A,20,0.208,-1.56,0.84,13,1
P001,HRTF_A,20,0.222,-1.09,0.85,13,1
P001,HRTF_A,20,0.236,-0.61,0.89,13,1
P001,HRTF_A,20,0.250,-0.12,0.93,13,1
P001,HRTF_A,20,0.264,0.35,0.98,13,1
P001,HRTF_A,20,0.278,0.86,1.01,13,1
P001,HRTF_A,20,0.292,1.34,1.03,13,1
P001,HRTF_A,20,0.306,1.86,1.06,13,1
P001,HRTF_A,20,0.320,2.39,1.09,13,1
P001,HRTF_A,20,0.334,2.94,1.08,13,1
P001,HRTF_A,20,0.348,3.50,1.12,13,1
P001,HRTF_A,20,0.361,4.14,1.15,13,1
P001,HRTF_A,20,0.375,4.83,1.15,13,1
P001,HRTF_A,20,0.389,5.54,1.16,13,1
P001,HRTF_A,20,0.404,6.28,1.13,13,1
P001,HRTF_A,20,0.417,7.19,1.15,13,1
P001,HRTF_A,20,0.432,8.08,1.16,13,1
P001,HRTF_A,20,0.444,9.03,1.16,13,1
P001,HRTF_A,20,0.458,10.11,1.11,13,1
P001,HRTF_A,20,0.472,11.17,1.07,13,1
P001,HRTF_A,20,0.486,12.24,0.97,13,1
P001,HRTF_A,20,0.500,13.42,0.85,13,1
P001,HRTF_A,20,0.514,14.65,0.70,13,1
P001,HRTF_A,20,0.528,15.93,0.59,13,1
P001,HRTF_A,20,0.542,17.24,0.47,13,1
P001,HRTF_A,20,0.556,18.55,0.40,13,1
P001,HRTF_A,20,0.569,19.85,0.24,13,1
P001,HRTF_A,20,0.583,21.16,0.07,13,1
P001,HRTF_A,20,0.598,22.51,-0.12,13,1
P001,HRTF_A,20,0.611,23.85,-0.35,13,1
P001,HRTF_A,20,0.625,25.14,-0.57,13,1
P001,HRTF_A,20,0.640,26.46,-0.81,13,1
P001,HRTF_A,20,0.654,27.79,-1.11,13,1
P001,HRTF_A,20,0.667,29.09,-1.35,13,1
P001,HRTF_A,20,0.681,30.37,-1.61,13,1
P001,HRTF_A,20,0.695,31.62,-1.85,13,1
P001,HRTF_A,20,0.709,32.91,-2.13,13,1
P001,HRTF_A,20,0.723,34.25,-2.47,13,1
P001,HRTF_A,20,0.737,35.60,-2.78,13,1
P001,HRTF_A,20,0.751,36.93,-3.09,13,1
P001,HRTF_A,20,0.764,38.26,-3.39,13,1
P001,HRTF_A,20,0.778,39.54,-3.61,13,1
P001,HRTF_A,20,0.792,40.80,-3.81,13,1
P001,HRTF_A,20,0.806,42.05,-3.90,13,1
P001,HRTF_A,20,0.820,43.27,-4.00,13,1
P001,HRTF_A,20,0.834,44.37,-4.02,13,1
P001,HRTF_A,20,0.848,45.46,-4.03,13,1
P001,HRTF_A,20,0.862,46.46,-3.98,13,1
P001,HRTF_A,20,0.875,47.34,-3.92,13,1
P001,HRTF_A,20,0.890,48.22,-3.82,13,1
P001,HRTF_A,20,0.903,49.05,-3.71,13,1
P001,HRTF_A,20,0.918,49.82,-3.57,13,1
P001,HRTF_A,20,0.930,50.51,-3.42,13,1
P001,HRTF_A,20,0.945,51.18,-3.32,13,1
P001,HRTF_A,20,0.958,51.91,-3.24,13,1
P001,HRTF_A,20,0.972,52.60,-3.19,13,1
P001,HRTF_A,20,0.987,53.28,-3.14,13,1
P001,HRTF_A,20,1.000,53.89,-3.10,13,1
P001,HRTF_A,20,1.014,54.56,-3.09,13,1
P001,HRTF_A,20,1.028,55.23,-3.12,13,1
P001,HRTF_A,20,1.042,55.92,-3.14,13,1
P001,HRTF_A,20,1.056,56.63,-3.18,13,1
P001,HRTF_A,20,1.069,57.38,-3.17,13,1
P001,HRTF_A,20,1.084,58.14,-3.19,13,1
P001,HRTF_A,20,1.097,58.90,-3.22,13,1
P001,HRTF_A,20,1.111,59.70,-3.25,13,1
P001,HRTF_A,20,1.125,60.58,-3.34,13,1
P001,HRTF_A,20,1.140,61.49,-3.46,13,1
P001,HRTF_A,20,1.153,62.45,-3.58,13,1
P001,HRTF_A,20,1.167,63.46,-3.75,13,1
P001,HRTF_A,20,1.181,64.42,-3.92,13,1
P001,HRTF_A,20,1.195,65.38,-4.10,13,1
P001,HRTF_A,20,1.209,66.37,-4.32,13,1
P001,HRTF_A,20,1.223,67.35,-4.48,13,1
P001,HRTF_A,20,1.237,68.27,-4.60,13,1
P001,HRTF_A,20,1.250,69.20,-4.75,13,1
P001,HRTF_A,20,1.264,70.13,-4.92,13,1
P001,HRTF_A,20,1.278,71.04,-5.17,13,1
P001,HRTF_A,20,1.292,71.99,-5.46,13,1
P001,HRTF_A,20,1.306,72.94,-5.83,13,1
P001,HRTF_A,20,1.320,73.86,-6.25,13,1
P001,HRTF_A,20,1.333,74.76,-6.66,13,1
P001,HRTF_A,20,1.348,75.64,-7.07,13,1
P001,HRTF_A,20,1.361,76.53,-7.49,13,1
P001,HRTF_A,20,1.376,77.41,-7.86,13,1
P001,HRTF_A,20,1.389,78.21,-8.20,13,1
P001,HRTF_A,20,1.403,78.93,-8.47,13,1
P001,HRTF_A,20,1.417,79.64,-8.77,13,1
P001,HRTF_A,20,1.431,80.28,-9.06,13,1
P001,HRTF_A,20,1.445,80.74,-9.31,13,1
P001,HRTF_A,20,1.458,81.21,-9.61,13,1
P001,HRTF_A,20,1.473,81.60,-9.87,13,1
P001,HRTF_A,20,1.487,81.98,-10.16,13,1
P001,HRTF_A,20,1.501,82.26,-10.41,13,1
P001,HRTF_A,20,1.514,82.52,-10.74,13,1
P001,HRTF_A,20,1.528,82.75,-11.06,13,1
P001,HRTF_A,20,1.542,82.96,-11.41,13,1
P001,HRTF_A,20,1.556,83.11,-11.82,13,1
P001,HRTF_A,20,1.570,83.25,-12.23,13,1
P001,HRTF_A,20,1.584,83.38,-12.68,13,1
P001,HRTF_A,20,1.597,83.48,-13.15,13,1
P001,HRTF_A,20,1.612,83.59,-13.65,13,1
P001,HRTF_A,20,1.625,83.64,-14.13,13,1
P001,HRTF_A,20,1.639,83.74,-14.61,13,1
P001,HRTF_A,20,1.653,83.75,-15.10,13,1
P001,HRTF_A,20,1.667,83.74,-15.60,13,1
P001,HRTF_A,20,1.681,83.77,-16.11,13,1
P001,HRTF_A,20,1.695,83.74,-16.68,13,1
P001,HRTF_A,20,1.708,83.76,-17.21,13,1
P001,HRTF_A,20,1.723,83.75,-17.71,13,1
P001,HRTF_A,20,1.736,83.73,-18.15,13,1
P001,HRTF_A,20,1.751,83.68,-18.60,13,1
P001,HRTF_A,20,1.764,83.59,-18.99,13,1
P001,HRTF_A,20,1.779,83.48,-19.32,13,1
P001,HRTF_A,20,1.792,83.34,-19.58,13,1
P001,HRTF_A,20,1.806,83.24,-19.69,13,1
P001,HRTF_A,20,1.820,83.13,-19.80,13,1
P001,HRTF_A,20,1.834,83.10,-19.87,13,1
P001,HRTF_A,20,1.848,83.07,-20.02,13,1
P001,HRTF_A,20,1.861,83.12,-20.16,13,1
P001,HRTF_A,20,1.875,83.14,-20.31,13,1
P001,HRTF_A,20,1.890,83.19,-20.48,13,1
P001,HRTF_A,20,1.903,83.31,-20.64,13,1
P001,HRTF_A,20,1.917,83.49,-20.79,13,1
P001,HRTF_A,20,1.931,83.68,-20.95,13,1
P001,HRTF_A,20,1.945,83.99,-21.12,13,1
P001,HRTF_A,20,1.959,84.31,-21.31,13,1
P001,HRTF_A,20,1.973,84.65,-21.49,13,1
P001,HRTF_A,20,1.987,85.05,-21.65,13,1
P001,HRTF_A,20,2.001,85.44,-21.85,13,1
P001,HRTF_A,20,2.014,85.86,-22.11,13,1
P001,HRTF_A,20,2.028,86.34,-22.36,13,1
P001,HRTF_A,20,2.042,86.82,-22.64,13,1
P001,HRTF_A,20,2.056,87.31,-22.87,13,1
P001,HRTF_A,20,2.070,87.79,-23.13,13,1
P001,HRTF_A,20,2.084,88.26,-23.40,13,1
P001,HRTF_A,20,2.098,88.75,-23.65,13,1
P001,HRTF_A,20,2.112,89.24,-23.94,13,1
P001,HRTF_A,20,2.126,89.77,-24.25,13,1
P001,HRTF_A,20,2.140,90.28,-24.64,13,1
P001,HRTF_A,20,2.153,90.78,-25.01,13,1
P001,HRTF_A,20,2.167,91.25,-25.40,13,1
P001,HRTF_A,20,2.181,91.66,-25.76,13,1
P001,HRTF_A,20,2.194,92.02,-26.08,13,1
P001,HRTF_A,20,2.209,92.37,-26.45,13,1
P001,HRTF_A,20,2.222,92.69,-26.90,13,1
P001,HRTF_A,20,2.236,92.99,-27.30,13,1
P001,HRTF_A,20,2.250,93.28,-27.68,13,1
P001,HRTF_A,20,2.264,93.50,-28.01,13,1
P001,HRTF_A,20,2.279,93.65,-28.38,13,1
P001,HRTF_A,20,2.292,93.77,-28.76,13,1
P001,HRTF_A,20,2.306,93.91,-29.13,13,1
P001,HRTF_A,20,2.320,94.08,-29.57,13,1
P001,HRTF_A,20,2.333,94.15,-29.97,13,1
P001,HRTF_A,20,2.348,94.30,-30.33,13,1
P001,HRTF_A,20,2.362,94.40,-30.75,13,1
P001,HRTF_A,20,2.375,94.54,-31.18,13,1
P001,HRTF_A,20,2.390,94.78,-31.62,13,1
P001,HRTF_A,20,2.403,94.97,-32.04,13,1
P001,HRTF_A,20,2.418,95.23,-32.48,13,1
P001,HRTF_A,20,2.431,95.51,-32.86,13,1
P001,HRTF_A,20,2.445,95.78,-33.25,13,1
P001,HRTF_A,20,2.459,96.12,-33.61,13,1
P001,HRTF_A,20,2.473,96.47,-33.91,13,1
P001,HRTF_A,20,2.486,96.80,-34.20,13,1
P001,HRTF_A,20,2.500,97.19,-34.55,13,1
P001,HRTF_A,20,2.515,97.63,-34.90,13,1
P001,HRTF_A,20,2.528,98.08,-35.20,13,1
P001,HRTF_A,20,2.542,98.61,-35.51,13,1
P001,HRTF_A,20,2.555,99.17,-35.78,13,1
P001,HRTF_A,20,2.570,99.71,-36.12,13,1
P001,HRTF_A,20,2.584,100.28,-36.46,13,1
P001,HRTF_A,20,2.597,100.87,-36.79,13,1
P001,HRTF_A,20,2.612,101.52,-37.08,13,1
P001,HRTF_A,20,2.625,102.14,-37.39,13,1
P001,HRTF_A,20,2.639,102.78,-37.64,13,1
P001,HRTF_A,20,2.653,103.41,-37.90,13,1
P001,HRTF_A,20,2.667,104.05,-38.15,13,1
P001,HRTF_A,20,2.681,104.69,-38.37,13,1
P001,HRTF_A,20,2.695,105.34,-38.56,13,1
P001,HRTF_A,20,2.708,105.97,-38.77,13,1
P001,HRTF_A,20,2.722,106.62,-39.02,13,1
P001,HRTF_A,20,2.736,107.26,-39.26,13,1
P001,HRTF_A,20,2.750,107.88,-39.49,13,1
P001,HRTF_A,20,2.764,108.50,-39.68,13,1
P001,HRTF_A,20,2.779,109.15,-39.87,13,1
P001,HRTF_A,20,2.792,109.80,-40.03,13,1
P001,HRTF_A,20,2.806,110.43,-40.19,13,1
P001,HRTF_A,20,2.820,111.09,-40.30,13,1
P001,HRTF_A,20,2.833,111.77,-40.40,13,1
P001,HRTF_A,20,2.848,112.52,-40.50,13,1
P001,HRTF_A,20,2.861,113.26,-40.62,13,1
P001,HRTF_A,20,2.875,114.01,-40.66,13,1
P001,HRTF_A,20,2.889,114.77,-40.74,13,1
P001,HRTF_A,20,2.903,115.49,-40.79,13,1
P001,HRTF_A,20,2.916,116.33,-40.85,13,1
P001,HRTF_A,20,2.930,117.19,-40.84,13,1
P001,HRTF_A,20,2.944,118.01,-40.82,13,1
P001,HRTF_A,20,2.958,118.84,-40.78,13,1
P001,HRTF_A,20,2.972,119.77,-40.69,13,1
P001,HRTF_A,20,2.986,120.74,-40.56,13,1
P001,HRTF_A,20,3.000,121.77,-40.36,13,1
P001,HRTF_A,20,3.013,122.84,-40.16,13,1
P001,HRTF_A,20,3.028,123.98,-40.01,13,1
P001,HRTF_A,20,3.041,125.24,-39.75,13,1
P001,HRTF_A,20,3.055,126.65,-39.42,13,1
P001,HRTF_A,20,3.069,128.02,-39.08,13,1
P001,HRTF_A,20,3.083,129.32,-38.65,13,1
P001,HRTF_A,20,3.097,130.66,-38.22,13,1
P001,HRTF_A,20,3.111,131.97,-37.77,13,1
P001,HRTF_A,20,3.125,133.25,-37.30,13,1
P001,HRTF_A,20,3.139,134.45,-36.73,13,1
P001,HRTF_A,20,3.153,135.57,-35.97,13,1
P001,HRTF_A,20,3.167,136.68,-35.17,13,1
P001,HRTF_A,20,3.180,137.74,-34.24,13,1
P001,HRTF_A,20,3.195,138.75,-33.29,13,1
P001,HRTF_A,20,3.208,139.67,-32.31,13,1
P001,HRTF_A,20,3.222,140.53,-31.33,13,1
P001,HRTF_A,20,3.236,141.34,-30.31,13,1
P001,HRTF_A,20,3.250,142.00,-29.29,13,1
P001,HRTF_A,20,3.264,142.63,-28.28,13,1
P001,HRTF_A,20,3.278,143.16,-27.13,13,1
P001,HRTF_A,20,3.292,143.67,-25.97,13,1
P001,HRTF_A,20,3.306,144.10,-24.77,13,1
P001,HRTF_A,20,3.319,144.55,-23.59,13,1
P001,HRTF_A,20,3.333,145.04,-22.50,13,1
P001,HRTF_A,20,3.347,145.50,-21.48,13,1
P001,HRTF_A,20,3.361,145.97,-20.45,13,1
P001,HRTF_A,20,3.375,146.46,-19.44,13,1
P001,HRTF_A,20,3.389,146.90,-18.40,13,1
P001,HRTF_A,20,3.403,147.36,-17.36,13,1
P001,HRTF_A,20,3.416,147.79,-16.27,13,1
P001,HRTF_A,20,3.430,148.19,-15.18,13,1
P001,HRTF_A,20,3.444,148.63,-14.07,13,1
P001,HRTF_A,20,3.458,149.01,-12.96,13,1
P001,HRTF_A,20,3.472,149.45,-11.86,13,1
P001,HRTF_A,20,3.486,149.85,-10.75,13,1
P001,HRTF_A,20,3.500,150.23,-9.64,13,1
P001,HRTF_A,20,3.514,150.59,-8.59,13,1
P001,HRTF_A,20,3.528,150.93,-7.58,13,1
P001,HRTF_A,20,3.541,151.27,-6.59,13,1
P001,HRTF_A,20,3.555,151.54,-5.66,13,1
P001,HRTF_A,20,3.569,151.78,-4.73,13,1
P001,HRTF_A,20,3.583,151.98,-3.85,13,1
P001,HRTF_A,20,3.597,152.11,-2.98,13,1
P001,HRTF_A,20,3.611,152.18,-2.21,13,1
P001,HRTF_A,20,3.625,152.20,-1.48,13,1
P001,HRTF_A,20,3.639,152.21,-0.76,13,1
P001,HRTF_A,20,3.653,152.19,-0.11,13,1
P001,HRTF_A,20,3.667,152.17,0.44,13,1
P001,HRTF_A,20,3.680,152.16,0.99,13,1
P001,HRTF_A,20,3.694,152.14,1.38,13,1
P001,HRTF_A,20,3.708,152.14,1.76,13,1
P001,HRTF_A,20,3.722,152.21,2.10,13,1
P001,HRTF_A,20,3.736,152.24,2.42,13,1
P001,HRTF_A,20,3.750,152.33,2.73,13,1
P001,HRTF_A,20,3.764,152.43,2.98,13,1
P001,HRTF_A,20,3.778,152.50,3.19,13,1
P001,HRTF_A,20,3.792,152.58,3.39,13,1
P001,HRTF_A,20,3.806,152.58,3.56,13,1
P001,HRTF_A,20,3.819,152.60,3.72,13,1
P001,HRTF_A,20,3.833,152.55,3.78,13,1
P001,HRTF_A,20,3.847,152.47,3.79,13,1
P001,HRTF_A,20,3.861,152.36,3.82,13,1
P001,HRTF_A,20,3.875,152.19,3.81,13,1
P001,HRTF_A,20,3.889,152.01,3.78,13,1
P001,HRTF_A,20,3.903,151.82,3.71,13,1
P001,HRTF_A,20,3.917,151.60,3.57,13,1
P001,HRTF_A,20,3.931,151.36,3.42,13,1
P001,HRTF_A,20,3.944,151.06,3.24,13,1
P001,HRTF_A,20,3.958,150.75,3.02,13,1
P001,HRTF_A,20,3.972,150.45,2.78,13,1
P001,HRTF_A,20,3.986,150.06,2.48,13,1
P001,HRTF_A,20,4.000,149.65,2.19,13,1
P001,HRTF_A,20,4.014,149.24,1.94,13,1
P001,HRTF_A,20,4.028,148.82,1.71,13,1
P001,HRTF_A,20,4.042,148.32,1.46,13,1
P001,HRTF_A,20,4.055,147.84,1.23,13,1
P001,HRTF_A,20,4.070,147.33,0.92,13,1
P001,HRTF_A,20,4.083,146.80,0.64,13,1
P001,HRTF_A,20,4.097,146.21,0.36,13,1
P001,HRTF_A,20,4.111,145.65,0.10,13,1
P001,HRTF_A,20,4.125,145.02,-0.13,13,1
P001,HRTF_A,20,4.139,144.37,-0.34,13,1
P001,HRTF_A,20,4.153,143.72,-0.59,13,1
P001,HRTF_A,20,4.166,143.09,-0.78,13,1
P001,HRTF_A,20,4.180,142.44,-1.01,13,1
P001,HRTF_A,20,4.194,141.70,-1.20,13,1
P001,HRTF_A,20,4.208,140.98,-1.40,13,1
P001,HRTF_A,20,4.222,140.23,-1.60,13,1
P001,HRTF_A,20,4.236,139.48,-1.75,13,1
P001,HRTF_A,20,4.250,138.77,-1.91,13,1
P001,HRTF_A,20,4.264,138.11,-2.02,13,1
P001,HRTF_A,20,4.278,137.44,-2.14,13,1
P001,HRTF_A,20,4.292,136.81,-2.25,13,1
P001,HRTF_A,20,4.305,136.15,-2.34,13,1
P001,HRTF_A,20,4.319,135.51,-2.40,13,1
P001,HRTF_A,20,4.333,134.89,-2.40,13,1
P001,HRTF_A,20,4.347,134.27,-2.41,13,1
P001,HRTF_A,20,4.361,133.68,-2.48,13,1
P001,HRTF_A,20,4.375,133.02,-2.54,13,1
P001,HRTF_A,20,4.389,132.37,-2.60,13,1
P001,HRTF_A,20,4.403,131.78,-2.63,13,1
P001,HRTF_A,20,4.417,131.13,-2.67,13,1
P001,HRTF_A,20,4.431,130.35,-2.70,13,1
P001,HRTF_A,20,4.444,129.56,-2.77,13,1
P001,HRTF_A,20,4.458,128.69,-2.89,13,1
P001,HRTF_A,20,4.472,127.70,-3.02,13,1
P001,HRTF_A,20,4.486,126.56,-3.18,13,1
P001,HRTF_A,20,4.500,125.30,-3.39,13,1
P001,HRTF_A,20,4.514,124.05,-3.58,13,1
P001,HRTF_A,20,4.527,122.88,-3.81,13,1
P001,HRTF_A,20,4.542,121.69,-4.03,13,1
P001,HRTF_A,20,4.555,120.43,-4.26,13,1
P001,HRTF_A,20,4.569,119.24,-4.42,13,1
P001,HRTF_A,20,4.583,118.01,-4.60,13,1
P001,HRTF_A,20,4.597,116.65,-4.83,13,1
P001,HRTF_A,20,4.611,115.34,-5.12,13,1
P001,HRTF_A,20,4.625,114.11,-5.41,13,1
P001,HRTF_A,20,4.639,112.92,-5.72,13,1
P001,HRTF_A,20,4.653,111.71,-6.02,13,1
P001,HRTF_A,20,4.666,110.51,-6.28,13,1
P001,HRTF_A,20,4.680,109.30,-6.55,13,1
P001,HRTF_A,20,4.694,108.09,-6.79,13,1
P001,HRTF_A,20,4.708,106.86,-7.05,13,1
P001,HRTF_A,20,4.722,105.60,-7.38,13,1
P001,HRTF_A,20,4.736,104.37,-7.70,13,1
P001,HRTF_A,20,4.750,103.12,-8.03,13,1
P001,HRTF_A,20,4.764,101.83,-8.34,13,1
P001,HRTF_A,20,4.778,100.58,-8.65,13,1
P001,HRTF_A,20,4.791,99.34,-8.98,13,1
P001,HRTF_A,20,4.805,98.11,-9.36,13,1
P001,HRTF_A,20,4.820,96.91,-9.71,13,1
P001,HRTF_A,20,4.833,95.71,-10.02,13,1
P001,HRTF_A,20,4.847,94.47,-10.33,13,1
P001,HRTF_A,20,4.861,93.24,-10.60,13,1
P001,HRTF_A,20,4.875,92.03,-10.88,13,1
P001,HRTF_A,20,4.889,90.87,-11.14,13,1
P001,HRTF_A,20,4.903,89.70,-11.37,13,1
P001,HRTF_A,20,4.916,88.59,-11.53,13,1
P001,HRTF_A,20,4.930,87.44,-11.60,13,1
P001,HRTF_A,20,4.944,86.28,-11.59,13,1
P001,HRTF_A,20,4.958,85.08,-11.51,13,1
P001,HRTF_A,20,4.972,83.93,-11.44,13,1
P001,HRTF_A,20,4.986,82.82,-11.40,13,1
P001,HRTF_A,20,5.000,81.71,-11.26,13,1
P001,HRTF_A,20,5.014,80.58,-11.13,13,1
P001,HRTF_A,20,5.028,79.50,-10.96,13,1
P001,HRTF_A,20,5.041,78.35,-10.74,13,1
P001,HRTF_A,20,5.055,77.23,-10.45,13,1
P001,HRTF_A,20,5.069,76.11,-10.14,13,1
P001,HRTF_A,20,5.083,74.98,-9.80,13,1
P001,HRTF_A,20,5.097,73.78,-9.44,13,1
P001,HRTF_A,20,5.111,72.60,-9.17,13,1
P001,HRTF_A,20,5.125,71.43,-8.90,13,1
P001,HRTF_A,20,5.139,70.26,-8.67,13,1
P001,HRTF_A,20,5.153,69.13,-8.44,13,1
P001,HRTF_A,20,5.167,67.93,-8.28,13,1
P001,HRTF_A,20,5.180,66.69,-8.16,13,1
P001,HRTF_A,20,5.195,65.42,-7.97,13,1
P001,HRTF_A,20,5.208,64.15,-7.74,13,1
P001,HRTF_A,20,5.222,62.91,-7.42,13,1
P001,HRTF_A,20,5.236,61.70,-7.15,13,1
P001,HRTF_A,20,5.250,60.48,-6.91,13,1
P001,HRTF_A,20,5.264,59.29,-6.67,13,1
P001,HRTF_A,20,5.278,58.16,-6.39,13,1
P001,HRTF_A,20,5.292,57.08,-6.08,13,1
P001,HRTF_A,20,5.305,56.04,-5.77,13,1
P001,HRTF_A,20,5.319,55.05,-5.49,13,1
P001,HRTF_A,20,5.333,54.13,-5.21,13,1
P001,HRTF_A,20,5.347,53.26,-4.99,13,1
P001,HRTF_A,20,5.361,52.38,-4.72,13,1
P001,HRTF_A,20,5.375,51.50,-4.46,13,1
P001,HRTF_A,20,5.389,50.59,-4.25,13,1
P001,HRTF_A,20,5.403,49.74,-4.03,13,1
P001,HRTF_A,20,5.416,48.88,-3.82,13,1
P001,HRTF_A,20,5.430,48.06,-3.60,13,1
P001,HRTF_A,20,5.444,47.25,-3.39,13,1
P001,HRTF_A,20,5.458,46.53,-3.15,13,1
P001,HRTF_A,20,5.473,45.85,-2.95,13,1
P001,HRTF_A,20,5.486,45.21,-2.75,13,1
P001,HRTF_A,20,5.500,44.64,-2.58,13,1
P001,HRTF_A,20,5.514,44.00,-2.38,13,1
P001,HRTF_A,20,5.528,43.43,-2.17,13,1
P001,HRTF_A,20,5.542,42.91,-1.94,13,1
P001,HRTF_A,20,5.555,42.48,-1.75,13,1
P001,HRTF_A,20,5.569,42.05,-1.54,13,1
P001,HRTF_A,20,5.583,41.69,-1.33,13,1
P001,HRTF_A,20,5.597,41.36,-1.17,13,1
P001,HRTF_A,20,5.611,41.05,-0.99,13,1
P001,HRTF_A,20,5.625,40.81,-0.86,13,1
P001,HRTF_A,20,5.639,40.59,-0.76,13,1
P001,HRTF_A,20,5.653,40.40,-0.68,13,1
P001,HRTF_A,20,5.667,40.23,-0.62,13,1
P001,HRTF_A,20,5.681,40.06,-0.60,13,1
P001,HRTF_A,20,5.694,39.94,-0.61,13,1
P001,HRTF_A,20,5.708,39.79,-0.60,13,1
P001,HRTF_A,20,5.722,39.65,-0.61,13,1
P001,HRTF_A,20,5.736,39.51,-0.63,13,1
P001,HRTF_A,20,5.750,39.39,-0.64,13,1
P001,HRTF_A,20,5.764,39.28,-0.68,13,1
P001,HRTF_A,20,5.778,39.24,-0.73,13,1
P001,HRTF_A,20,5.792,39.20,-0.74,13,1
P001,HRTF_A,20,5.805,39.19,-0.73,13,1
P001,HRTF_A,20,5.819,39.19,-0.73,13,1
P001,HRTF_A,20,5.833,39.22,-0.78,13,1
P001,HRTF_A,20,5.847,39.23,-0.81,13,1
P001,HRTF_A,20,5.861,39.27,-0.86,13,1
P001,HRTF_A,20,5.875,39.35,-0.87,13,1
P001,HRTF_A,20,5.889,39.48,-0.85,13,1
P001,HRTF_A,20,5.903,39.61,-0.85,13,1
P001,HRTF_A,20,5.917,39.78,-0.86,13,1
P001,HRTF_A,20,5.931,40.00,-0.94,13,1
P001,HRTF_A,20,5.944,40.26,-1.05,13,1
P001,HRTF_A,20,5.958,40.63,-1.13,13,1
P001,HRTF_A,20,5.972,41.18,-1.17,13,1
P001,HRTF_A,20,5.986,41.85,-1.13,13,1
P001,HRTF_A,20,6.000,42.75,-1.14,13,1
P001,HRTF_A,20,6.014,43.77,-1.21,13,1
P001,HRTF_A,20,6.028,45.07,-1.27,13,1
P001,HRTF_A,20,6.042,46.62,-1.32,13,1
P001,HRTF_A,20,6.055,48.47,-1.29,13,1
P001,HRTF_A,20,6.069,50.57,-1.15,13,1
P001,HRTF_A,20,6.084,52.82,-1.03,13,1
P001,HRTF_A,20,6.097,55.13,-0.93,13,1
P001,HRTF_A,20,6.111,57.60,-0.97,13,1
P001,HRTF_A,20,6.125,60.06,-1.00,13,1
P001,HRTF_A,20,6.139,62.54,-1.03,13,1
P001,HRTF_A,20,6.152,65.10,-1.06,13,1
P001,HRTF_A,20,6.167,67.71,-0.99,13,1
P001,HRTF_A,20,6.180,70.39,-0.87,13,1
P001,HRTF_A,20,6.194,73.17,-0.77,13,1
P001,HRTF_A,20,6.208,75.94,-0.65,13,1
P001,HRTF_A,20,6.222,78.73,-0.61,13,1
P001,HRTF_A,20,6.236,81.59,-0.58,13,1
P001,HRTF_A,20,6.250,84.56,-0.59,13,1
P001,HRTF_A,20,6.264,87.49,-0.55,13,1
P001,HRTF_A,20,6.278,90.48,-0.53,13,1
P001,HRTF_A,20,6.292,93.42,-0.61,13,1
P001,HRTF_A,20,6.306,96.33,-0.64,13,1
P001,HRTF_A,20,6.319,99.26,-0.69,13,1
P001,HRTF_A,20,6.333,102.13,-0.77,13,1
P001,HRTF_A,20,6.347,104.90,-0.80,13,1
P001,HRTF_A,20,6.361,107.65,-0.89,13,1
P001,HRTF_A,20,6.375,110.31,-1.09,13,1
P001,HRTF_A,20,6.389,112.92,-1.32,13,1
P001,HRTF_A,20,6.403,115.46,-1.58,13,1
P001,HRTF_A,20,6.417,117.89,-1.72,13,1
P001,HRTF_A,20,6.430,120.27,-1.80,13,1
P001,HRTF_A,20,6.444,122.60,-1.86,13,1
P001,HRTF_A,20,6.458,124.89,-1.85,13,1
P001,HRTF_A,20,6.472,127.09,-1.78,13,1
P001,HRTF_A,20,6.486,129.26,-1.75,13,1
P001,HRTF_A,20,6.500,131.40,-1.68,13,1
P001,HRTF_A,20,6.514,133.51,-1.62,13,1
P001,HRTF_A,20,6.528,135.59,-1.52,13,1
P001,HRTF_A,20,6.542,137.65,-1.43,13,1
P001,HRTF_A,20,6.555,139.71,-1.32,13,1
P001,HRTF_A,20,6.569,141.78,-1.17,13,1
P001,HRTF_A,20,6.583,143.91,-0.94,13,1
P001,HRTF_A,20,6.597,146.00,-0.68,13,1
P001,HRTF_A,20,6.611,148.10,-0.41,13,1
P001,HRTF_A,20,6.625,150.16,-0.19,13,1
P001,HRTF_A,20,6.639,152.23,0.03,13,1
P001,HRTF_A,20,6.653,154.29,0.33,13,1
P001,HRTF_A,20,6.667,156.38,0.63,13,1
P001,HRTF_A,20,6.680,158.45,0.93,13,1
P001,HRTF_A,20,6.694,160.48,1.13,13,1
P001,HRTF_A,20,6.708,162.52,1.32,13,1
P001,HRTF_A,20,6.722,164.55,1.52,13,1
P001,HRTF_A,20,6.736,166.63,1.72,13,1
P001,HRTF_A,20,6.750,168.65,1.96,13,1
P001,HRTF_A,20,6.764,170.65,2.13,13,1
P001,HRTF_A,20,6.778,172.57,2.27,13,1
P001,HRTF_A,20,6.791,174.40,2.36,13,1
P001,HRTF_A,20,6.805,176.22,2.43,13,1
P001,HRTF_A,20,6.819,177.96,2.46,13,1
P001,HRTF_A,20,6.833,179.62,2.49,13,1
P001,HRTF_A,20,6.847,-178.86,2.52,13,1
P001,HRTF_A,20,6.861,-177.31,2.51,13,1
P001,HRTF_A,20,6.875,-175.84,2.50,13,1
P001,HRTF_A,20,6.889,-174.49,2.53,13,1
P001,HRTF_A,20,6.903,-173.21,2.56,13,1
P001,HRTF_A,20,6.916,-171.96,2.57,13,1
P001,HRTF_A,20,6.930,-170.71,2.51,13,1
P001,HRTF_A,20,6.944,-169.46,2.43,13,1
P001,HRTF_A,20,6.958,-168.24,2.22,13,1
P001,HRTF_A,20,6.972,-166.98,2.15,13,1
P001,HRTF_A,20,6.986,-165.69,2.08,13,1
P001,HRTF_A,20,7.000,-164.38,2.10,13,1
P001,HRTF_A,20,7.014,-163.06,2.13,13,1
P001,HRTF_A,20,7.028,-161.70,2.14,13,1
P001,HRTF_A,20,7.042,-160.37,2.19,13,1
P001,HRTF_A,20,7.055,-159.06,2.26,13,1
P001,HRTF_A,20,7.070,-157.76,2.35,13,1
P001,HRTF_A,20,7.083,-156.55,2.54,13,1
P001,HRTF_A,20,7.097,-155.46,2.74,13,1
P001,HRTF_A,20,7.111,-154.46,2.99,13,1
P001,HRTF_A,20,7.125,-153.52,3.22,13,1
P001,HRTF_A,20,7.139,-152.72,3.54,13,1
P001,HRTF_A,20,7.153,-151.89,3.75,13,1
P001,HRTF_A,20,7.166,-151.15,3.88,13,1
P001,HRTF_A,20,7.180,-150.45,3.99,13,1
P001,HRTF_A,20,7.194,-149.78,4.17,13,1
P001,HRTF_A,20,7.208,-149.09,4.35,13,1
P001,HRTF_A,20,7.222,-148.38,4.48,13,1
P001,HRTF_A,20,7.236,-147.66,4.60,13,1
P001,HRTF_A,20,7.250,-146.92,4.70,13,1
P001,HRTF_A,20,7.264,-146.16,4.82,13,1
P001,HRTF_A,20,7.277,-145.37,4.91,13,1
P001,HRTF_A,20,7.291,-144.58,5.01,13,1
P001,HRTF_A,20,7.306,-143.75,5.02,13,1
P001,HRTF_A,20,7.319,-142.90,5.05,13,1
P001,HRTF_A,20,7.333,-142.13,5.07,13,1
P001,HRTF_A,20,7.347,-141.42,5.15,13,1
P001,HRTF_A,20,7.361,-140.74,5.22,13,1
P001,HRTF_A,20,7.375,-140.05,5.29,13,1
P001,HRTF_A,20,7.389,-139.38,5.33,13,1
P001,HRTF_A,20,7.403,-138.79,5.40,13,1
P001,HRTF_A,20,7.417,-138.21,5.50,13,1
P001,HRTF_A,20,7.430,-137.68,5.59,13,1
P001,HRTF_A,20,7.444,-137.18,5.70,13,1
P001,HRTF_A,20,7.458,-136.66,5.77,13,1
P001,HRTF_A,20,7.472,-136.14,5.84,13,1
P001,HRTF_A,20,7.486,-135.63,5.96,13,1
P001,HRTF_A,20,7.500,-135.14,6.10,13,1
P001,HRTF_A,20,7.514,-134.71,6.22,13,1
P001,HRTF_A,20,7.528,-134.31,6.27,13,1
P001,HRTF_A,20,7.541,-133.86,6.31,13,1
P001,HRTF_A,20,7.556,-133.46,6.32,13,1
P001,HRTF_A,20,7.569,-133.04,6.36,13,1
P001,HRTF_A,20,7.583,-132.68,6.36,13,1
P001,HRTF_A,20,7.597,-132.36,6.32,13,1
P001,HRTF_A,20,7.611,-132.07,6.23,13,1
P001,HRTF_A,20,7.625,-131.82,6.14,13,1
P001,HRTF_A,20,7.639,-131.61,6.06,13,1
P001,HRTF_A,20,7.653,-131.42,6.02,13,1
P001,HRTF_A,20,7.666,-131.32,5.93,13,1
P001,HRTF_A,20,7.680,-131.22,5.87,13,1
P001,HRTF_A,20,7.694,-131.18,5.80,13,1
P001,HRTF_A,20,7.708,-131.14,5.74,13,1
P001,HRTF_A,20,7.722,-131.15,5.62,13,1
P001,HRTF_A,20,7.736,-131.17,5.53,13,1
P001,HRTF_A,20,7.750,-131.20,5.44,13,1
P001,HRTF_A,20,7.764,-131.25,5.30,13,1
P001,HRTF_A,20,7.778,-131.37,5.18,13,1
P001,HRTF_A,20,7.791,-131.48,5.06,13,1
P001,HRTF_A,20,7.805,-131.65,4.99,13,1
P001,HRTF_A,20,7.819,-131.79,4.90,13,1
P001,HRTF_A,20,7.833,-131.96,4.79,13,1
P001,HRTF_A,20,7.847,-132.17,4.68,13,1
P001,HRTF_A,20,7.861,-132.41,4.58,13,1
P001,HRTF_A,20,7.875,-132.67,4.52,13,1
P001,HRTF_A,20,7.889,-133.01,4.47,13,1
P001,HRTF_A,20,7.903,-133.33,4.36,13,1
P001,HRTF_A,20,7.916,-133.66,4.23,13,1
P001,HRTF_A,20,7.930,-134.01,4.08,13,1
P001,HRTF_A,20,7.944,-134.39,3.99,13,1
P001,HRTF_A,20,7.958,-134.84,3.91,13,1
P001,HRTF_A,20,7.972,-135.33,3.77,13,1
P001,HRTF_A,20,7.986,-135.83,3.56,13,1
P001,HRTF_A,20,8.000,-136.40,3.38,13,1
P001,HRTF_A,20,8.014,-137.00,3.16,13,1
P001,HRTF_A,20,8.027,-137.70,2.97,13,1
P001,HRTF_A,20,8.042,-138.48,2.72,13,1
P001,HRTF_A,20,8.056,-139.34,2.49,13,1
P001,HRTF_A,20,8.069,-140.21,2.21,13,1
P001,HRTF_A,20,8.083,-141.12,1.95,13,1
P001,HRTF_A,20,8.097,-142.06,1.69,13,1
P001,HRTF_A,20,8.111,-143.12,1.48,13,1
P001,HRTF_A,20,8.125,-144.24,1.25,13,1
P001,HRTF_A,20,8.139,-145.48,0.93,13,1
P001,HRTF_A,20,8.153,-146.73,0.65,13,1
P001,HRTF_A,20,8.167,-148.16,0.34,13,1
P001,HRTF_A,20,8.180,-149.61,0.13,13,1
P001,HRTF_A,20,8.194,-151.22,-0.07,13,1
P001,HRTF_A,20,8.208,-152.88,-0.19,13,1
P001,HRTF_A,20,8.222,-154.87,-0.28,13,1
P001,HRTF_A,20,8.236,-156.99,-0.36,13,1
P001,HRTF_A,20,8.250,-159.06,-0.38,13,1
P001,HRTF_A,20,8.264,-161.20,-0.26,13,1
P001,HRTF_A,20,8.278,-163.42,-0.18,13,1
P001,HRTF_A,20,8.292,-165.65,-0.18,13,1
P001,HRTF_A,20,8.305,-167.90,-0.20,13,1
P001,HRTF_A,20,8.319,-170.14,-0.24,13,1
P001,HRTF_A,20,8.333,-172.48,-0.29,13,1
P001,HRTF_A,20,8.347,-174.83,-0.39,13,1
P001,HRTF_A,20,8.361,-177.18,-0.50,13,1
P001,HRTF_A,20,8.375,-179.45,-0.64,13,1
P001,HRTF_A,20,8.389,178.34,-0.79,13,1
P001,HRTF_A,20,8.403,176.20,-0.94,13,1
P001,HRTF_A,20,8.416,174.13,-1.16,13,1
P001,HRTF_A,20,8.430,172.05,-1.38,13,1
P001,HRTF_A,20,8.444,170.01,-1.54,13,1
P001,HRTF_A,20,8.458,168.03,-1.66,13,1
P001,HRTF_A,20,8.472,166.17,-1.74,13,1
P001,HRTF_A,20,8.486,164.43,-1.81,13,1
P001,HRTF_A,20,8.500,162.84,-1.89,13,1
P001,HRTF_A,20,8.514,161.30,-1.98,13,1
P001,HRTF_A,20,8.528,159.90,-2.03,13,1
P001,HRTF_A,20,8.541,158.42,-2.06,13,1
P001,HRTF_A,20,8.556,157.04,-2.01,13,1
P001,HRTF_A,20,8.569,155.72,-1.96,13,1
P001,HRTF_A,20,8.583,154.58,-1.95,13,1
P001,HRTF_A,20,8.597,153.56,-1.95,13,1
P001,HRTF_A,20,8.611,152.60,-1.96,13,1
P001,HRTF_A,20,8.625,151.75,-2.02,13,1
P001,HRTF_A,20,8.639,151.05,-2.03,13,1
P001,HRTF_A,20,8.653,150.38,-1.98,13,1
P001,HRTF_A,20,8.667,149.86,-1.87,13,1
P001,HRTF_A,20,8.681,149.33,-1.66,13,1
P001,HRTF_A,20,8.694,148.88,-1.45,13,1
P001,HRTF_A,20,8.708,148.55,-1.16,13,1
P001,HRTF_A,20,8.722,148.21,-0.84,13,1
P001,HRTF_A,20,8.736,148.03,-0.52,13,1
P001,HRTF_A,20,8.750,147.93,-0.16,13,1
P001,HRTF_A,20,8.764,147.93,0.23,13,1
P001,HRTF_A,20,8.777,147.99,0.67,13,1
P001,HRTF_A,20,8.791,148.11,1.14,13,1
P001,HRTF_A,20,8.805,148.42,1.75,13,1
P001,HRTF_A,20,8.820,148.70,2.36,13,1
P001,HRTF_A,20,8.833,149.06,2.92,13,1
P001,HRTF_A,20,8.847,149.46,3.42,13,1
P001,HRTF_A,20,8.861,149.90,3.81,13,1
P001,HRTF_A,20,8.875,150.40,4.09,13,1
P001,HRTF_A,20,8.889,150.92,4.52,13,1
P001,HRTF_A,20,8.903,151.47,4.93,13,1
P001,HRTF_A,20,8.917,151.99,5.22,13,1
P001,HRTF_A,20,8.930,152.45,5.41,13,1
P001,HRTF_A,20,8.944,152.80,5.58,13,1
P001,HRTF_A,20,8.958,153.07,5.78,13,1
P001,HRTF_A,20,8.972,153.30,5.98,13,1
P001,HRTF_A,20,8.986,153.45,6.21,13,1
P001,HRTF_A,20,9.000,153.59,6.49,13,1
P001,HRTF_A,20,9.014,153.66,6.77,13,1
P001,HRTF_A,20,9.027,153.68,7.05,13,1
P001,HRTF_A,20,9.041,153.73,7.22,13,1
P001,HRTF_A,20,9.055,153.71,7.40,13,1
P001,HRTF_A,20,9.069,153.66,7.63,13,1
P001,HRTF_A,20,9.083,153.50,7.82,13,1
P001,HRTF_A,20,9.097,153.34,7.98,13,1
P001,HRTF_A,20,9.111,153.18,7.97,13,1
P001,HRTF_A,20,9.125,153.05,7.89,13,1
P001,HRTF_A,20,9.139,152.84,7.76,13,1
P001,HRTF_A,20,9.153,152.62,7.70,13,1
P001,HRTF_A,20,9.167,152.33,7.70,13,1
P001,HRTF_A,20,9.181,152.07,7.67,13,1
P001,HRTF_A,20,9.194,151.79,7.54,13,1
P001,HRTF_A,20,9.208,151.47,7.36,13,1
P001,HRTF_A,20,9.222,151.14,7.15,13,1
P001,HRTF_A,20,9.236,150.79,7.01,13,1
P001,HRTF_A,20,9.250,150.43,6.91,13,1
P001,HRTF_A,20,9.264,150.05,6.82,13,1
P001,HRTF_A,20,9.278,149.64,6.73,13,1
P001,HRTF_A,20,9.292,149.25,6.64,13,1
P001,HRTF_A,20,9.305,148.87,6.58,13,1
P001,HRTF_A,20,9.319,148.44,6.52,13,1
P001,HRTF_A,20,9.333,148.03,6.52,13,1
P001,HRTF_A,20,9.347,147.58,6.56,13,1
P001,HRTF_A,20,9.361,147.16,6.52,13,1
P001,HRTF_A,20,9.375,146.81,6.54,13,1
P001,HRTF_A,20,9.389,146.44,6.49,13,1
P001,HRTF_A,20,9.403,146.07,6.45,13,1
P001,HRTF_A,20,9.417,145.70,6.32,13,1
P001,HRTF_A,20,9.431,145.32,6.22,13,1
P001,HRTF_A,20,9.444,144.95,6.10,13,1
P001,HRTF_A,20,9.458,144.62,6.02,13,1
P001,HRTF_A,20,9.472,144.28,5.91,13,1
P001,HRTF_A,20,9.486,143.92,5.81,13,1
P001,HRTF_A,20,9.500,143.56,5.69,13,1
P001,HRTF_A,20,9.514,143.23,5.57,13,1
P001,HRTF_A,20,9.528,142.90,5.45,13,1
P001,HRTF_A,20,9.541,142.58,5.34,13,1
P001,HRTF_A,20,9.555,142.29,5.17,13,1
P001,HRTF_A,20,9.570,142.00,5.02,13,1
P001,HRTF_A,20,9.583,141.76,4.93,13,1
P001,HRTF_A,20,9.597,141.52,4.79,13,1
P001,HRTF_A,20,9.611,141.30,4.68,13,1
P001,HRTF_A,20,9.625,141.09,4.57,13,1
P001,HRTF_A,20,9.639,140.92,4.52,13,1
P001,HRTF_A,20,9.652,140.78,4.50,13,1
P001,HRTF_A,20,9.666,140.67,4.52,13,1
P001,HRTF_A,20,9.680,140.59,4.52,13,1
P001,HRTF_A,20,9.694,140.50,4.54,13,1
P001,HRTF_A,20,9.708,140.45,4.59,13,1
P001,HRTF_A,20,9.722,140.41,4.64,13,1
P001,HRTF_A,20,9.736,140.37,4.71,13,1
P001,HRTF_A,20,9.750,140.37,4.81,13,1
P001,HRTF_A,20,9.764,140.35,4.90,13,1
P001,HRTF_A,20,9.778,140.39,4.99,13,1
P001,HRTF_A,20,9.791,140.42,5.03,13,1
P001,HRTF_A,20,9.805,140.44,5.09,13,1
P001,HRTF_A,20,9.819,140.46,5.11,13,1
P001,HRTF_A,20,9.833,140.49,5.17,13,1
P001,HRTF_A,20,9.847,140.52,5.27,13,1
P001,HRTF_A,20,9.861,140.54,5.35,13,1
P001,HRTF_A,20,9.875,140.59,5.45,13,1
P001,HRTF_A,20,9.889,140.63,5.53,13,1
P001,HRTF_A,20,9.903,140.67,5.60,13,1
P001,HRTF_A,20,9.916,140.71,5.67,13,1
P001,HRTF_A,20,9.930,140.75,5.72,13,1
P001,HRTF_A,20,9.944,140.82,5.77,13,1
P001,HRTF_A,20,9.958,140.87,5.82,13,1
P001,HRTF_A,20,9.972,140.92,5.85,13,1
P001,HRTF_A,20,9.986,140.96,5.85,13,1
P001,HRTF_A,20,10.000,140.98,5.87,13,1
P001,HRTF_A,20,10.014,141.01,5.85,13,1
P001,HRTF_A,20,10.028,141.02,5.81,13,1
P001,HRTF_A,20,10.042,141.03,5.79,13,1
P001,HRTF_A,20,10.056,141.03,5.77,13,1
P001,HRTF_A,20,10.069,141.05,5.75,13,1
P001,HRTF_A,20,10.083,141.04,5.73,13,1
P001,HRTF_A,20,10.097,141.04,5.70,13,1
P001,HRTF_A,20,10.111,141.01,5.67,13,1
P001,HRTF_A,20,10.125,140.99,5.64,13,1
P001,HRTF_A,20,10.139,140.95,5.59,13,1
P001,HRTF_A,20,10.152,140.90,5.55,13,1
P001,HRTF_A,20,10.166,140.84,5.51,13,1
P001,HRTF_A,21,0.014,-14.42,0.11,7,1
P001,HRTF_A,21,0.030,-14.28,0.16,7,1
P001,HRTF_A,21,0.041,-14.15,0.20,7,1
P001,HRTF_A,21,0.055,-14.00,0.27,7,1
P001,HRTF_A,21,0.069,-13.84,0.35,7,1
P001,HRTF_A,21,0.083,-13.69,0.44,7,1
P001,HRTF_A,21,0.097,-13.55,0.56,7,1
P001,HRTF_A,21,0.113,-13.41,0.66,7,1
P001,HRTF_A,21,0.125,-13.27,0.74,7,1
P001,HRTF_A,21,0.139,-13.12,0.82,7,1
P001,HRTF_A,21,0.153,-12.98,0.88,7,1
P001,HRTF_A,21,0.166,-12.85,0.93,7,1
P001,HRTF_A,21,0.180,-12.71,1.01,7,1
P001,HRTF_A,21,0.194,-12.56,1.10,7,1
P001,HRTF_A,21,0.208,-12.43,1.20,7,1
P001,HRTF_A,21,0.222,-12.30,1.31,7,1
P001,HRTF_A,21,0.236,-12.15,1.40,7,1
P001,HRTF_A,21,0.250,-12.02,1.46,7,1
P001,HRTF_A,21,0.264,-11.86,1.46,7,1
P001,HRTF_A,21,0.277,-11.72,1.47,7,1
P001,HRTF_A,21,0.291,-11.60,1.46,7,1
P001,HRTF_A,21,0.305,-11.45,1.48,7,1
P001,HRTF_A,21,0.319,-11.29,1.52,7,1
P001,HRTF_A,21,0.333,-11.12,1.55,7,1
P001,HRTF_A,21,0.347,-10.93,1.54,7,1
P001,HRTF_A,21,0.361,-10.73,1.52,7,1
P001,HRTF_A,21,0.375,-10.50,1.50,7,1
P001,HRTF_A,21,0.389,-10.26,1.49,7,1
P001,HRTF_A,21,0.403,-9.93,1.46,7,1
P001,HRTF_A,21,0.416,-9.57,1.41,7,1
P001,HRTF_A,21,0.430,-9.22,1.29,7,1
P001,HRTF_A,21,0.445,-8.85,1.10,7,1
P001,HRTF_A,21,0.458,-8.44,0.87,7,1
P001,HRTF_A,21,0.472,-7.99,0.61,7,1
P001,HRTF_A,21,0.486,-7.50,0.30,7,1
P001,HRTF_A,21,0.500,-6.97,-0.02,7,1
P001,HRTF_A,21,0.514,-6.34,-0.48,7,1
P001,HRTF_A,21,0.527,-5.64,-0.94,7,1
P001,HRTF_A,21,0.541,-4.92,-1.47,7,1
P001,HRTF_A,21,0.555,-4.12,-2.08,7,1
P001,HRTF_A,21,0.569,-3.32,-2.76,7,1
P001,HRTF_A,21,0.583,-2.44,-3.49,7,1
P001,HRTF_A,21,0.597,-1.54,-4.31,7,1
P001,HRTF_A,21,0.611,-0.68,-5.04,7,1
P001,HRTF_A,21,0.625,0.18,-5.78,7,1
P001,HRTF_A,21,0.639,1.06,-6.37,7,1
P001,HRTF_A,21,0.652,2.02,-6.88,7,1
P001,HRTF_A,21,0.667,3.01,-7.33,7,1
P001,HRTF_A,21,0.680,4.00,-7.70,7,1
P001,HRTF_A,21,0.694,4.94,-8.02,7,1
P001,HRTF_A,21,0.708,5.89,-8.33,7,1
P001,HRTF_A,21,0.722,6.88,-8.63,7,1
P001,HRTF_A,21,0.736,7.89,-8.96,7,1
P001,HRTF_A,21,0.750,8.91,-9.33,7,1
P001,HRTF_A,21,0.764,9.91,-9.60,7,1
P001,HRTF_A,21,0.778,10.90,-9.89,7,1
P001,HRTF_A,21,0.791,12.01,-10.13,7,1
P001,HRTF_A,21,0.805,13.23,-10.39,7,1
P001,HRTF_A,21,0.819,14.47,-10.68,7,1
P001,HRTF_A,21,0.834,15.71,-10.95,7,1
P001,HRTF_A,21,0.847,16.92,-11.20,7,1
P001,HRTF_A,21,0.861,18.29,-11.60,7,1
P001,HRTF_A,21,0.875,19.85,-12.12,7,1
P001,HRTF_A,21,0.889,21.35,-12.59,7,1
P001,HRTF_A,21,0.903,22.99,-13.20,7,1
P001,HRTF_A,21,0.916,24.64,-13.87,7,1
P001,HRTF_A,21,0.930,26.51,-14.64,7,1
P001,HRTF_A,21,0.944,28.60,-15.67,7,1
P001,HRTF_A,21,0.958,30.93,-16.78,7,1
P001,HRTF_A,21,0.972,33.23,-17.88,7,1
P001,HRTF_A,21,0.986,35.61,-19.09,7,1
P001,HRTF_A,21,1.000,37.94,-20.30,7,1
P001,HRTF_A,21,1.014,40.24,-21.52,7,1
P001,HRTF_A,21,1.028,42.43,-22.66,7,1
P001,HRTF_A,21,1.042,44.46,-23.68,7,1
P001,HRTF_A,21,1.055,46.20,-24.56,7,1
P001,HRTF_A,21,1.069,47.70,-25.28,7,1
P001,HRTF_A,21,1.083,49.20,-25.96,7,1
P001,HRTF_A,21,1.097,50.54,-26.48,7,1
P001,HRTF_A,21,1.111,51.76,-26.97,7,1
P001,HRTF_A,21,1.125,52.61,-27.20,7,1
P001,HRTF_A,21,1.139,53.52,-27.37,7,1
P001,HRTF_A,21,1.153,54.28,-27.37,7,1
P001,HRTF_A,21,1.167,54.97,-27.41,7,1
P001,HRTF_A,21,1.180,55.55,-27.47,7,1
P001,HRTF_A,21,1.194,56.00,-27.59,7,1
P001,HRTF_A,21,1.209,56.37,-27.75,7,1
P001,HRTF_A,21,1.222,56.80,-27.90,7,1
P001,HRTF_A,21,1.236,57.15,-28.18,7,1
P001,HRTF_A,21,1.250,57.45,-28.51,7,1
P001,HRTF_A,21,1.264,57.60,-28.89,7,1
P001,HRTF_A,21,1.278,57.63,-29.20,7,1
P001,HRTF_A,21,1.292,57.52,-29.46,7,1
P001,HRTF_A,21,1.306,57.30,-29.66,7,1
P001,HRTF_A,21,1.320,56.93,-29.88,7,1
P001,HRTF_A,21,1.333,56.40,-30.09,7,1
P001,HRTF_A,21,1.347,55.81,-30.36,7,1
P001,HRTF_A,21,1.361,55.11,-30.70,7,1
P001,HRTF_A,21,1.375,54.35,-31.12,7,1
P001,HRTF_A,21,1.389,53.68,-31.47,7,1
P001,HRTF_A,21,1.403,52.96,-31.75,7,1
P001,HRTF_A,21,1.417,52.25,-31.99,7,1
P001,HRTF_A,21,1.431,51.46,-32.25,7,1
P001,HRTF_A,21,1.445,50.71,-32.46,7,1
P001,HRTF_A,21,1.459,50.01,-32.62,7,1
P001,HRTF_A,21,1.472,49.46,-32.71,7,1
P001,HRTF_A,21,1.486,48.98,-32.75,7,1
P001,HRTF_A,21,1.500,48.49,-32.81,7,1
P001,HRTF_A,21,1.514,48.05,-32.88,7,1
P001,HRTF_A,21,1.528,47.69,-32.92,7,1
P001,HRTF_A,21,1.542,47.36,-32.99,7,1
P001,HRTF_A,21,1.556,47.11,-33.03,7,1
P001,HRTF_A,21,1.570,46.89,-33.07,7,1
P001,HRTF_A,21,1.583,46.66,-33.15,7,1
P001,HRTF_A,21,1.597,46.47,-33.20,7,1
P001,HRTF_A,21,1.612,46.34,-33.26,7,1
P001,HRTF_A,21,1.625,46.24,-33.29,7,1
P001,HRTF_A,21,1.639,46.14,-33.30,7,1
P001,HRTF_A,21,1.653,46.09,-33.32,7,1
P001,HRTF_A,21,1.667,46.00,-33.33,7,1
P001,HRTF_A,21,1.681,45.94,-33.35,7,1
P001,HRTF_A,21,1.695,45.91,-33.40,7,1
P001,HRTF_A,21,1.709,45.89,-33.44,7,1
P001,HRTF_A,21,1.723,45.88,-33.53,7,1
P001,HRTF_A,21,1.736,45.86,-33.59,7,1
P001,HRTF_A,21,1.750,45.82,-33.64,7,1
P001,HRTF_A,21,1.764,45.79,-33.67,7,1
P001,HRTF_A,21,1.778,45.76,-33.66,7,1
P001,HRTF_A,21,1.792,45.73,-33.63,7,1
P001,HRTF_A,21,1.806,45.69,-33.63,7,1
P001,HRTF_A,21,1.820,45.64,-33.63,7,1
P001,HRTF_A,21,1.834,45.59,-33.66,7,1
P001,HRTF_A,21,1.848,45.53,-33.70,7,1
P001,HRTF_A,21,1.861,45.48,-33.71,7,1
P001,HRTF_A,21,1.875,45.43,-33.73,7,1
P001,HRTF_A,21,1.889,45.41,-33.75,7,1
P001,HRTF_A,21,1.903,45.37,-33.77,7,1
P001,HRTF_A,21,1.917,45.35,-33.80,7,1
P001,HRTF_A,21,1.931,45.32,-33.82,7,1
P001,HRTF_A,21,1.945,45.29,-33.85,7,1
P001,HRTF_A,21,1.959,45.28,-33.87,7,1
P001,HRTF_A,22,0.014,-10.60,-1.83,6,1
P001,HRTF_A,22,0.031,-10.69,-1.70,6,1
P001,HRTF_A,22,0.041,-10.87,-1.63,6,1
P001,HRTF_A,22,0.055,-11.04,-1.56,6,1
P001,HRTF_A,22,0.069,-11.22,-1.56,6,1
P001,HRTF_A,22,0.083,-11.44,-1.56,6,1
P001,HRTF_A,22,0.097,-11.64,-1.59,6,1
P001,HRTF_A,22,0.111,-11.83,-1.59,6,1
P001,HRTF_A,22,0.125,-11.96,-1.60,6,1
P001,HRTF_A,22,0.138,-12.07,-1.63,6,1
P001,HRTF_A,22,0.153,-12.17,-1.71,6,1
P001,HRTF_A,22,0.169,-12.26,-1.80,6,1
P001,HRTF_A,22,0.180,-12.30,-1.95,6,1
P001,HRTF_A,22,0.194,-12.34,-2.08,6,1
P001,HRTF_A,22,0.208,-12.33,-2.26,6,1
P001,HRTF_A,22,0.222,-12.29,-2.47,6,1
P001,HRTF_A,22,0.236,-12.15,-2.74,6,1
P001,HRTF_A,22,0.250,-12.00,-3.01,6,1
P001,HRTF_A,22,0.264,-11.81,-3.25,6,1
P001,HRTF_A,22,0.277,-11.59,-3.47,6,1
P001,HRTF_A,22,0.291,-11.24,-3.69,6,1
P001,HRTF_A,22,0.305,-10.85,-3.93,6,1
P001,HRTF_A,22,0.319,-10.39,-4.20,6,1
P001,HRTF_A,22,0.333,-9.89,-4.53,6,1
P001,HRTF_A,22,0.347,-9.26,-4.90,6,1
P001,HRTF_A,22,0.361,-8.52,-5.32,6,1
P001,HRTF_A,22,0.375,-7.43,-5.91,6,1
P001,HRTF_A,22,0.388,-6.33,-6.45,6,1
P001,HRTF_A,22,0.402,-4.88,-7.16,6,1
P001,HRTF_A,22,0.416,-3.35,-7.81,6,1
P001,HRTF_A,22,0.430,-1.66,-8.61,6,1
P001,HRTF_A,22,0.444,0.10,-9.41,6,1
P001,HRTF_A,22,0.458,2.04,-10.35,6,1
P001,HRTF_A,22,0.472,4.16,-11.43,6,1
P001,HRTF_A,22,0.486,6.30,-12.58,6,1
P001,HRTF_A,22,0.500,8.44,-13.71,6,1
P001,HRTF_A,22,0.513,10.44,-14.85,6,1
P001,HRTF_A,22,0.527,12.25,-15.92,6,1
P001,HRTF_A,22,0.541,13.96,-16.97,6,1
P001,HRTF_A,22,0.555,15.55,-17.96,6,1
P001,HRTF_A,22,0.569,17.00,-18.86,6,1
P001,HRTF_A,22,0.583,18.34,-19.68,6,1
P001,HRTF_A,22,0.597,19.60,-20.45,6,1
P001,HRTF_A,22,0.611,20.74,-21.19,6,1
P001,HRTF_A,22,0.625,21.90,-21.84,6,1
P001,HRTF_A,22,0.638,23.00,-22.34,6,1
P001,HRTF_A,22,0.652,24.06,-22.77,6,1
P001,HRTF_A,22,0.666,25.11,-23.18,6,1
P001,HRTF_A,22,0.680,25.96,-23.41,6,1
P001,HRTF_A,22,0.694,26.81,-23.73,6,1
P001,HRTF_A,22,0.708,27.55,-23.89,6,1
P001,HRTF_A,22,0.722,28.39,-24.08,6,1
P001,HRTF_A,22,0.736,29.13,-24.23,6,1
P001,HRTF_A,22,0.749,29.78,-24.34,6,1
P001,HRTF_A,22,0.763,30.30,-24.40,6,1
P001,HRTF_A,22,0.777,30.74,-24.42,6,1
P001,HRTF_A,22,0.791,31.06,-24.43,6,1
P001,HRTF_A,22,0.805,31.38,-24.44,6,1
P001,HRTF_A,22,0.819,31.66,-24.40,6,1
P001,HRTF_A,22,0.833,31.87,-24.33,6,1
P001,HRTF_A,22,0.847,32.09,-24.28,6,1
P001,HRTF_A,22,0.861,32.18,-24.17,6,1
P001,HRTF_A,22,0.874,32.24,-24.08,6,1
P001,HRTF_A,22,0.889,32.32,-24.00,6,1
P001,HRTF_A,22,0.902,32.39,-23.96,6,1
P001,HRTF_A,22,0.916,32.50,-23.91,6,1
P001,HRTF_A,22,0.930,32.61,-23.84,6,1
P001,HRTF_A,22,0.944,32.68,-23.77,6,1
P001,HRTF_A,22,0.958,32.71,-23.72,6,1
P001,HRTF_A,22,0.972,32.71,-23.68,6,1
P001,HRTF_A,22,0.986,32.76,-23.67,6,1
P001,HRTF_A,22,0.999,32.78,-23.68,6,1
P001,HRTF_A,22,1.014,32.81,-23.68,6,1
P001,HRTF_A,22,1.027,32.81,-23.67,6,1
P001,HRTF_A,22,1.041,32.78,-23.65,6,1
P001,HRTF_A,22,1.055,32.75,-23.62,6,1
P001,HRTF_A,22,1.069,32.72,-23.58,6,1
P001,HRTF_A,22,1.083,32.67,-23.53,6,1
P001,HRTF_A,22,1.097,32.60,-23.48,6,1
P001,HRTF_A,22,1.110,32.53,-23.44,6,1
P001,HRTF_A,22,1.125,32.45,-23.41,6,1
P001,HRTF_A,22,1.138,32.39,-23.38,6,1
P001,HRTF_A,22,1.152,32.34,-23.37,6,1
P001,HRTF_A,22,1.166,32.30,-23.34,6,1
P001,HRTF_A,22,1.180,32.26,-23.32,6,1
P001,HRTF_A,22,1.194,32.20,-23.31,6,1
P001,HRTF_A,22,1.208,32.14,-23.29,6,1
P001,HRTF_A,22,1.222,32.07,-23.30,6,1
P001,HRTF_A,22,1.236,32.04,-23.28,6,1
P001,HRTF_A,22,1.250,31.99,-23.28,6,1
P001,HRTF_A,22,1.263,31.93,-23.32,6,1
P001,HRTF_A,22,1.277,31.87,-23.34,6,1
P001,HRTF_A,22,1.291,31.81,-23.36,6,1
P001,HRTF_A,22,1.305,31.76,-23.36,6,1
P001,HRTF_A,22,1.319,31.70,-23.35,6,1
P001,HRTF_A,22,1.333,31.65,-23.31,6,1
P001,HRTF_A,22,1.347,31.58,-23.27,6,1
P001,HRTF_A,22,1.361,31.55,-23.25,6,1
P001,HRTF_A,22,1.375,31.48,-23.23,6,1
P001,HRTF_A,22,1.388,31.43,-23.24,6,1
P001,HRTF_A,23,0.014,-10.46,-2.74,14,1
P001,HRTF_A,23,0.031,-10.43,-2.71,14,1
P001,HRTF_A,23,0.042,-10.33,-2.72,14,1
P001,HRTF_A,23,0.056,-10.17,-2.76,14,1
P001,HRTF_A,23,0.070,-10.02,-2.81,14,1
P001,HRTF_A,23,0.084,-9.74,-2.89,14,1
P001,HRTF_A,23,0.101,-9.34,-3.03,14,1
P001,HRTF_A,23,0.111,-8.85,-3.22,14,1
P001,HRTF_A,23,0.125,-8.33,-3.43,14,1
P001,HRTF_A,23,0.139,-7.74,-3.71,14,1
P001,HRTF_A,23,0.153,-7.00,-4.01,14,1
P001,HRTF_A,23,0.167,-6.25,-4.39,14,1
P001,HRTF_A,23,0.181,-5.44,-4.77,14,1
P001,HRTF_A,23,0.194,-4.55,-5.23,14,1
P001,HRTF_A,23,0.208,-3.62,-5.70,14,1
P001,HRTF_A,23,0.222,-2.62,-6.21,14,1
P001,HRTF_A,23,0.236,-1.52,-6.71,14,1
P001,HRTF_A,23,0.250,-0.37,-7.32,14,1
P001,HRTF_A,23,0.264,0.83,-7.89,14,1
P001,HRTF_A,23,0.278,2.18,-8.55,14,1
P001,HRTF_A,23,0.292,3.54,-9.23,14,1
P001,HRTF_A,23,0.306,4.97,-9.82,14,1
P001,HRTF_A,23,0.320,6.38,-10.47,14,1
P001,HRTF_A,23,0.333,7.85,-11.09,14,1
P001,HRTF_A,23,0.347,9.32,-11.74,14,1
P001,HRTF_A,23,0.361,10.81,-12.36,14,1
P001,HRTF_A,23,0.375,12.28,-12.93,14,1
P001,HRTF_A,23,0.389,13.69,-13.46,14,1
P001,HRTF_A,23,0.403,15.16,-13.96,14,1
P001,HRTF_A,23,0.417,16.67,-14.41,14,1
P001,HRTF_A,23,0.431,18.19,-14.86,14,1
P001,HRTF_A,23,0.444,19.58,-15.28,14,1
P001,HRTF_A,23,0.458,20.96,-15.71,14,1
P001,HRTF_A,23,0.472,22.19,-16.09,14,1
P001,HRTF_A,23,0.486,23.50,-16.49,14,1
P001,HRTF_A,23,0.500,24.76,-16.84,14,1
P001,HRTF_A,23,0.514,25.88,-17.13,14,1
P001,HRTF_A,23,0.528,26.92,-17.46,14,1
P001,HRTF_A,23,0.542,27.91,-17.81,14,1
P001,HRTF_A,23,0.556,28.83,-18.18,14,1
P001,HRTF_A,23,0.570,29.62,-18.51,14,1
P001,HRTF_A,23,0.583,30.30,-18.86,14,1
P001,HRTF_A,23,0.597,30.88,-19.19,14,1
P001,HRTF_A,23,0.611,31.04,-19.54,14,1
P001,HRTF_A,23,0.625,31.02,-19.87,14,1
P001,HRTF_A,23,0.639,30.67,-20.04,14,1
P001,HRTF_A,23,0.653,30.12,-20.11,14,1
P001,HRTF_A,23,0.667,29.20,-20.06,14,1
P001,HRTF_A,23,0.681,28.22,-20.05,14,1
P001,HRTF_A,23,0.695,26.85,-19.97,14,1
P001,HRTF_A,23,0.708,25.17,-19.88,14,1
P001,HRTF_A,23,0.722,23.47,-19.80,14,1
P001,HRTF_A,23,0.736,21.75,-19.77,14,1
P001,HRTF_A,23,0.750,19.90,-19.79,14,1
P001,HRTF_A,23,0.764,17.99,-19.80,14,1
P001,HRTF_A,23,0.778,16.12,-19.86,14,1
P001,HRTF_A,23,0.792,14.19,-19.92,14,1
P001,HRTF_A,23,0.806,12.20,-19.93,14,1
P001,HRTF_A,23,0.819,10.40,-20.01,14,1
P001,HRTF_A,23,0.833,8.83,-20.22,14,1
P001,HRTF_A,23,0.847,7.35,-20.50,14,1
P001,HRTF_A,23,0.861,5.99,-20.99,14,1
P001,HRTF_A,23,0.875,4.54,-21.47,14,1
P001,HRTF_A,23,0.889,3.17,-22.07,14,1
P001,HRTF_A,23,0.903,1.81,-22.75,14,1
P001,HRTF_A,23,0.917,0.53,-23.52,14,1
P001,HRTF_A,23,0.930,-0.79,-24.26,14,1
P001,HRTF_A,23,0.944,-2.18,-24.89,14,1
P001,HRTF_A,23,0.958,-3.59,-25.45,14,1
P001,HRTF_A,23,0.972,-4.86,-25.84,14,1
P001,HRTF_A,23,0.986,-6.09,-26.14,14,1
P001,HRTF_A,23,1.000,-7.25,-26.24,14,1
P001,HRTF_A,23,1.014,-8.39,-26.32,14,1
P001,HRTF_A,23,1.028,-9.51,-26.28,14,1
P001,HRTF_A,23,1.042,-10.60,-26.15,14,1
P001,HRTF_A,23,1.055,-11.74,-25.88,14,1
P001,HRTF_A,23,1.069,-13.03,-25.51,14,1
P001,HRTF_A,23,1.083,-14.52,-24.88,14,1
P001,HRTF_A,23,1.097,-16.14,-24.07,14,1
P001,HRTF_A,23,1.111,-17.94,-22.81,14,1
P001,HRTF_A,23,1.125,-19.91,-21.08,14,1
P001,HRTF_A,23,1.139,-21.93,-19.10,14,1
P001,HRTF_A,23,1.153,-23.83,-17.19,14,1
P001,HRTF_A,23,1.167,-25.60,-15.23,14,1
P001,HRTF_A,23,1.181,-27.28,-13.28,14,1
P001,HRTF_A,23,1.194,-28.76,-11.23,14,1
P001,HRTF_A,23,1.208,-30.06,-9.22,14,1
P001,HRTF_A,23,1.222,-31.07,-7.21,14,1
P001,HRTF_A,23,1.236,-31.88,-5.33,14,1
P001,HRTF_A,23,1.250,-32.73,-3.55,14,1
P001,HRTF_A,23,1.264,-33.34,-1.87,14,1
P001,HRTF_A,23,1.278,-33.82,-0.24,14,1
P001,HRTF_A,23,1.292,-34.27,1.30,14,1
P001,HRTF_A,23,1.306,-34.50,2.58,14,1
P001,HRTF_A,23,1.319,-34.76,3.74,14,1
P001,HRTF_A,23,1.333,-34.91,4.72,14,1
P001,HRTF_A,23,1.347,-35.11,5.76,14,1
P001,HRTF_A,23,1.361,-35.30,6.70,14,1
P001,HRTF_A,23,1.375,-35.48,7.60,14,1
P001,HRTF_A,23,1.389,-35.70,8.36,14,1
P001,HRTF_A,23,1.403,-35.92,8.94,14,1
P001,HRTF_A,23,1.417,-36.14,9.37,14,1
P001,HRTF_A,23,1.430,-36.27,9.77,14,1
P001,HRTF_A,23,1.444,-36.43,10.08,14,1
P001,HRTF_A,23,1.458,-36.58,10.27,14,1
P001,HRTF_A,23,1.473,-36.78,10.16,14,1
P001,HRTF_A,23,1.486,-36.94,10.06,14,1
P001,HRTF_A,23,1.500,-37.02,9.75,14,1
P001,HRTF_A,23,1.514,-37.06,9.50,14,1
P001,HRTF_A,23,1.528,-37.00,9.15,14,1
P001,HRTF_A,23,1.542,-36.83,8.73,14,1
P001,HRTF_A,23,1.556,-36.40,8.29,14,1
P001,HRTF_A,23,1.569,-35.69,7.76,14,1
P001,HRTF_A,23,1.583,-34.56,7.19,14,1
P001,HRTF_A,23,1.597,-33.12,6.45,14,1
P001,HRTF_A,23,1.611,-30.85,5.44,14,1
P001,HRTF_A,23,1.625,-28.42,4.31,14,1
P001,HRTF_A,23,1.639,-25.69,3.04,14,1
P001,HRTF_A,23,1.653,-22.78,1.68,14,1
P001,HRTF_A,23,1.666,-19.55,0.29,14,1
P001,HRTF_A,23,1.681,-16.41,-1.11,14,1
P001,HRTF_A,23,1.694,-13.01,-2.48,14,1
P001,HRTF_A,23,1.708,-9.60,-3.87,14,1
P001,HRTF_A,23,1.722,-6.12,-5.22,14,1
P001,HRTF_A,23,1.736,-2.63,-6.57,14,1
P001,HRTF_A,23,1.750,1.10,-7.80,14,1
P001,HRTF_A,23,1.764,4.90,-8.94,14,1
P001,HRTF_A,23,1.778,8.83,-9.99,14,1
P001,HRTF_A,23,1.791,12.76,-10.85,14,1
P001,HRTF_A,23,1.805,16.71,-11.46,14,1
P001,HRTF_A,23,1.819,20.51,-11.93,14,1
P001,HRTF_A,23,1.833,24.16,-12.16,14,1
P001,HRTF_A,23,1.847,27.78,-12.16,14,1
P001,HRTF_A,23,1.861,31.29,-11.86,14,1
P001,HRTF_A,23,1.875,34.67,-11.20,14,1
P001,HRTF_A,23,1.889,37.89,-10.68,14,1
P001,HRTF_A,23,1.903,41.01,-10.07,14,1
P001,HRTF_A,23,1.917,43.81,-9.35,14,1
P001,HRTF_A,23,1.930,46.45,-8.53,14,1
P001,HRTF_A,23,1.944,48.84,-7.73,14,1
P001,HRTF_A,23,1.958,51.03,-7.03,14,1
P001,HRTF_A,23,1.972,53.07,-6.29,14,1
P001,HRTF_A,23,1.986,55.19,-5.50,14,1
P001,HRTF_A,23,2.000,57.19,-4.76,14,1
P001,HRTF_A,23,2.014,59.07,-4.07,14,1
P001,HRTF_A,23,2.028,60.95,-3.40,14,1
P001,HRTF_A,23,2.042,62.79,-2.77,14,1
P001,HRTF_A,23,2.055,64.43,-2.32,14,1
P001,HRTF_A,23,2.069,66.03,-1.81,14,1
P001,HRTF_A,23,2.083,67.42,-1.38,14,1
P001,HRTF_A,23,2.097,68.81,-0.98,14,1
P001,HRTF_A,23,2.111,70.01,-0.75,14,1
P001,HRTF_A,23,2.125,71.20,-0.51,14,1
P001,HRTF_A,23,2.139,72.32,-0.24,14,1
P001,HRTF_A,23,2.153,73.41,0.03,14,1
P001,HRTF_A,23,2.167,74.26,0.30,14,1
P001,HRTF_A,23,2.181,75.04,0.50,14,1
P001,HRTF_A,23,2.195,75.65,0.64,14,1
P001,HRTF_A,23,2.208,76.12,0.73,14,1
P001,HRTF_A,23,2.222,76.47,0.82,14,1
P001,HRTF_A,23,2.236,76.74,0.94,14,1
P001,HRTF_A,23,2.250,76.82,1.00,14,1
P001,HRTF_A,23,2.264,76.82,1.04,14,1
P001,HRTF_A,23,2.278,76.65,0.99,14,1
P001,HRTF_A,23,2.291,76.49,0.85,14,1
P001,HRTF_A,23,2.305,76.41,0.68,14,1
P001,HRTF_A,23,2.319,76.38,0.52,14,1
P001,HRTF_A,23,2.333,76.36,0.41,14,1
P001,HRTF_A,23,2.347,76.36,0.37,14,1
P001,HRTF_A,23,2.361,76.38,0.30,14,1
P001,HRTF_A,23,2.375,76.46,0.20,14,1
P001,HRTF_A,23,2.389,76.61,0.11,14,1
P001,HRTF_A,23,2.403,76.78,0.03,14,1
P001,HRTF_A,23,2.416,77.00,-0.07,14,1
P001,HRTF_A,23,2.430,77.24,-0.17,14,1
P001,HRTF_A,23,2.444,77.51,-0.26,14,1
P001,HRTF_A,23,2.458,77.76,-0.31,14,1
P001,HRTF_A,23,2.472,78.03,-0.31,14,1
P001,HRTF_A,23,2.486,78.29,-0.34,14,1
P001,HRTF_A,23,2.500,78.56,-0.41,14,1
P001,HRTF_A,23,2.514,78.80,-0.54,14,1
P001,HRTF_A,23,2.528,79.07,-0.73,14,1
P001,HRTF_A,23,2.541,79.32,-1.03,14,1
P001,HRTF_A,23,2.555,79.59,-1.34,14,1
P001,HRTF_A,23,2.569,79.83,-1.70,14,1
P001,HRTF_A,23,2.584,80.06,-2.06,14,1
P001,HRTF_A,23,2.597,80.22,-2.42,14,1
P001,HRTF_A,23,2.611,80.40,-2.77,14,1
P001,HRTF_A,23,2.625,80.56,-3.16,14,1
P001,HRTF_A,23,2.639,80.71,-3.53,14,1
P001,HRTF_A,23,2.653,80.87,-3.88,14,1
P001,HRTF_A,23,2.667,80.98,-4.18,14,1
P001,HRTF_A,23,2.681,81.05,-4.49,14,1
P001,HRTF_A,23,2.694,81.08,-4.79,14,1
P001,HRTF_A,23,2.708,81.08,-5.09,14,1
P001,HRTF_A,23,2.722,80.98,-5.34,14,1
P001,HRTF_A,23,2.736,80.92,-5.57,14,1
P001,HRTF_A,23,2.750,80.82,-5.77,14,1
P001,HRTF_A,23,2.764,80.70,-5.92,14,1
P001,HRTF_A,23,2.778,80.55,-6.07,14,1
P001,HRTF_A,23,2.792,80.36,-6.19,14,1
P001,HRTF_A,23,2.805,80.14,-6.24,14,1
P001,HRTF_A,23,2.819,79.99,-6.27,14,1
P001,HRTF_A,23,2.833,79.83,-6.24,14,1
P001,HRTF_A,23,2.847,79.68,-6.27,14,1
P001,HRTF_A,23,2.861,79.51,-6.30,14,1
P001,HRTF_A,23,2.875,79.34,-6.31,14,1
P001,HRTF_A,23,2.889,79.20,-6.34,14,1
P001,HRTF_A,23,2.903,79.08,-6.31,14,1
P001,HRTF_A,23,2.917,78.99,-6.27,14,1
P001,HRTF_A,23,2.930,78.90,-6.19,14,1
P001,HRTF_A,23,2.944,78.81,-6.14,14,1
P001,HRTF_A,23,2.958,78.75,-6.10,14,1
P001,HRTF_A,23,2.972,78.74,-6.05,14,1
P001,HRTF_A,23,2.986,78.77,-6.02,14,1
P001,HRTF_A,23,3.000,78.84,-6.02,14,1
P001,HRTF_A,23,3.014,78.91,-6.01,14,1
P001,HRTF_A,23,3.028,79.03,-6.03,14,1
P001,HRTF_A,23,3.042,79.18,-6.07,14,1
P001,HRTF_A,23,3.056,79.43,-6.14,14,1
P001,HRTF_A,23,3.069,79.69,-6.24,14,1
P001,HRTF_A,23,3.083,80.04,-6.43,14,1
P001,HRTF_A,23,3.097,80.46,-6.77,14,1
P001,HRTF_A,23,3.111,81.00,-7.41,14,1
P001,HRTF_A,23,3.125,81.70,-8.24,14,1
P001,HRTF_A,23,3.139,82.44,-9.14,14,1
P001,HRTF_A,23,3.153,83.23,-10.08,14,1
P001,HRTF_A,23,3.167,84.00,-10.99,14,1
P001,HRTF_A,23,3.181,84.83,-11.99,14,1
P001,HRTF_A,23,3.194,85.68,-12.99,14,1
P001,HRTF_A,23,3.208,86.51,-14.01,14,1
P001,HRTF_A,23,3.222,87.36,-15.08,14,1
P001,HRTF_A,23,3.236,88.24,-16.16,14,1
P001,HRTF_A,23,3.250,89.08,-17.29,14,1
P001,HRTF_A,23,3.264,89.99,-18.40,14,1
P001,HRTF_A,23,3.278,90.93,-19.53,14,1
P001,HRTF_A,23,3.292,91.96,-20.68,14,1
P001,HRTF_A,23,3.306,93.02,-21.83,14,1
P001,HRTF_A,23,3.319,94.07,-22.90,14,1
P001,HRTF_A,23,3.333,95.10,-23.87,14,1
P001,HRTF_A,23,3.347,96.14,-24.81,14,1
P001,HRTF_A,23,3.361,97.15,-25.59,14,1
P001,HRTF_A,23,3.375,98.18,-26.36,14,1
P001,HRTF_A,23,3.389,99.17,-27.09,14,1
P001,HRTF_A,23,3.403,100.22,-27.70,14,1
P001,HRTF_A,23,3.417,101.26,-28.05,14,1
P001,HRTF_A,23,3.431,102.32,-28.44,14,1
P001,HRTF_A,23,3.444,103.39,-28.82,14,1
P001,HRTF_A,23,3.458,104.46,-29.23,14,1
P001,HRTF_A,23,3.472,105.48,-29.60,14,1
P001,HRTF_A,23,3.486,106.57,-29.86,14,1
P001,HRTF_A,23,3.500,107.79,-30.07,14,1
P001,HRTF_A,23,3.514,109.03,-30.20,14,1
P001,HRTF_A,23,3.528,110.29,-30.26,14,1
P001,HRTF_A,23,3.542,111.48,-30.31,14,1
P001,HRTF_A,23,3.556,112.69,-30.32,14,1
P001,HRTF_A,23,3.569,113.92,-30.22,14,1
P001,HRTF_A,23,3.583,115.13,-30.02,14,1
P001,HRTF_A,23,3.597,116.32,-29.91,14,1
P001,HRTF_A,23,3.611,117.44,-29.87,14,1
P001,HRTF_A,23,3.625,118.46,-29.88,14,1
P001,HRTF_A,23,3.639,119.50,-29.90,14,1
P001,HRTF_A,23,3.653,120.54,-29.90,14,1
P001,HRTF_A,23,3.667,121.55,-30.00,14,1
P001,HRTF_A,23,3.681,122.47,-30.09,14,1
P001,HRTF_A,23,3.695,123.35,-30.18,14,1
P001,HRTF_A,23,3.708,124.28,-30.24,14,1
P001,HRTF_A,23,3.722,125.11,-30.35,14,1
P001,HRTF_A,23,3.736,125.95,-30.41,14,1
P001,HRTF_A,23,3.750,126.77,-30.49,14,1
P001,HRTF_A,23,3.764,127.65,-30.57,14,1
P001,HRTF_A,23,3.778,128.42,-30.72,14,1
P001,HRTF_A,23,3.792,129.27,-30.81,14,1
P001,HRTF_A,23,3.806,130.05,-30.84,14,1
P001,HRTF_A,23,3.820,130.83,-30.89,14,1
P001,HRTF_A,23,3.833,131.55,-30.95,14,1
P001,HRTF_A,23,3.847,132.25,-31.00,14,1
P001,HRTF_A,23,3.861,132.99,-31.10,14,1
P001,HRTF_A,23,3.875,133.68,-31.21,14,1
P001,HRTF_A,23,3.889,134.37,-31.30,14,1
P001,HRTF_A,23,3.903,134.95,-31.39,14,1
P001,HRTF_A,23,3.917,135.53,-31.46,14,1
P001,HRTF_A,23,3.930,136.06,-31.54,14,1
P001,HRTF_A,23,3.944,136.55,-31.53,14,1
P001,HRTF_A,23,3.958,137.04,-31.54,14,1
P001,HRTF_A,23,3.972,137.56,-31.56,14,1
P001,HRTF_A,23,3.986,138.02,-31.63,14,1
P001,HRTF_A,23,4.000,138.50,-31.71,14,1
P001,HRTF_A,23,4.014,138.94,-31.78,14,1
P001,HRTF_A,23,4.028,139.38,-31.85,14,1
P001,HRTF_A,23,4.042,139.79,-31.90,14,1
P001,HRTF_A,23,4.056,140.19,-31.97,14,1
P001,HRTF_A,23,4.069,140.56,-32.04,14,1
P001,HRTF_A,23,4.083,140.89,-32.11,14,1
P001,HRTF_A,23,4.097,141.28,-32.19,14,1
P001,HRTF_A,23,4.111,141.61,-32.22,14,1
P001,HRTF_A,23,4.125,141.92,-32.28,14,1
P001,HRTF_A,23,4.139,142.22,-32.38,14,1
P001,HRTF_A,23,4.153,142.51,-32.46,14,1
P001,HRTF_A,23,4.166,142.76,-32.52,14,1
P001,HRTF_A,23,4.180,143.02,-32.56,14,1
P001,HRTF_A,23,4.194,143.23,-32.60,14,1
P001,HRTF_A,23,4.208,143.41,-32.63,14,1
P001,HRTF_A,23,4.222,143.59,-32.68,14,1
P001,HRTF_A,23,4.236,143.75,-32.72,14,1
P001,HRTF_A,23,4.250,143.88,-32.74,14,1
P001,HRTF_A,23,4.264,144.02,-32.78,14,1
P001,HRTF_A,23,4.277,144.15,-32.82,14,1
P001,HRTF_A,23,4.292,144.28,-32.86,14,1
P001,HRTF_A,23,4.305,144.39,-32.90,14,1
P001,HRTF_A,23,4.319,144.51,-32.94,14,1
P001,HRTF_A,23,4.333,144.62,-32.99,14,1
P001,HRTF_A,23,4.347,144.71,-33.04,14,1
P001,HRTF_A,23,4.361,144.79,-33.09,14,1
P001,HRTF_A,23,4.375,144.85,-33.12,14,1
P001,HRTF_A,23,4.389,144.85,-33.14,14,1
P001,HRTF_A,23,4.403,144.88,-33.17,14,1
P001,HRTF_A,23,4.416,144.86,-33.24,14,1
P001,HRTF_A,23,4.430,144.80,-33.33,14,1
P001,HRTF_A,23,4.444,144.71,-33.37,14,1
P001,HRTF_A,23,4.458,144.61,-33.39,14,1
P001,HRTF_A,23,4.472,144.48,-33.38,14,1
P001,HRTF_A,23,4.486,144.32,-33.40,14,1
P001,HRTF_A,23,4.500,144.13,-33.39,14,1
P001,HRTF_A,24,0.014,-7.95,0.80,25,1
P001,HRTF_A,24,0.031,-8.13,0.78,25,1
P001,HRTF_A,24,0.042,-8.30,0.72,25,1
P001,HRTF_A,24,0.056,-8.43,0.60,25,1
P001,HRTF_A,24,0.069,-8.53,0.51,25,1
P001,HRTF_A,24,0.083,-8.62,0.41,25,1
P001,HRTF_A,24,0.097,-8.67,0.30,25,1
P001,HRTF_A,24,0.112,-8.72,0.20,25,1
P001,HRTF_A,24,0.125,-8.72,0.08,25,1
P001,HRTF_A,24,0.139,-8.71,-0.07,25,1
P001,HRTF_A,24,0.153,-8.66,-0.20,25,1
P001,HRTF_A,24,0.167,-8.59,-0.36,25,1
P001,HRTF_A,24,0.181,-8.53,-0.50,25,1
P001,HRTF_A,24,0.195,-8.42,-0.64,25,1
P001,HRTF_A,24,0.208,-8.31,-0.76,25,1
P001,HRTF_A,24,0.222,-8.17,-0.84,25,1
P001,HRTF_A,24,0.236,-8.03,-0.95,25,1
P001,HRTF_A,24,0.250,-7.87,-1.04,25,1
P001,HRTF_A,24,0.264,-7.68,-1.13,25,1
P001,HRTF_A,24,0.278,-7.48,-1.24,25,1
P001,HRTF_A,24,0.292,-7.27,-1.33,25,1
P001,HRTF_A,24,0.306,-7.05,-1.42,25,1
P001,HRTF_A,24,0.320,-6.74,-1.49,25,1
P001,HRTF_A,24,0.333,-6.35,-1.63,25,1
P001,HRTF_A,24,0.347,-5.90,-1.74,25,1
P001,HRTF_A,24,0.361,-5.35,-1.93,25,1
P001,HRTF_A,24,0.375,-4.68,-2.15,25,1
P001,HRTF_A,24,0.389,-3.62,-2.51,25,1
P001,HRTF_A,24,0.403,-2.47,-2.81,25,1
P001,HRTF_A,24,0.417,-0.85,-3.18,25,1
P001,HRTF_A,24,0.431,0.74,-3.52,25,1
P001,HRTF_A,24,0.444,2.36,-3.95,25,1
P001,HRTF_A,24,0.458,3.98,-4.30,25,1
P001,HRTF_A,24,0.472,5.51,-4.66,25,1
P001,HRTF_A,24,0.486,6.97,-4.99,25,1
P001,HRTF_A,24,0.500,8.30,-5.28,25,1
P001,HRTF_A,24,0.514,9.48,-5.51,25,1
P001,HRTF_A,24,0.528,10.51,-5.69,25,1
P001,HRTF_A,24,0.542,11.55,-5.80,25,1
P001,HRTF_A,24,0.556,12.51,-5.83,25,1
P001,HRTF_A,24,0.570,13.45,-5.81,25,1
P001,HRTF_A,24,0.583,14.35,-5.77,25,1
P001,HRTF_A,24,0.597,15.25,-5.70,25,1
P001,HRTF_A,24,0.611,16.18,-5.59,25,1
P001,HRTF_A,24,0.625,17.09,-5.37,25,1
P001,HRTF_A,24,0.639,17.97,-5.11,25,1
P001,HRTF_A,24,0.653,18.77,-4.83,25,1
P001,HRTF_A,24,0.667,19.44,-4.54,25,1
P001,HRTF_A,24,0.681,20.04,-4.27,25,1
P001,HRTF_A,24,0.695,20.55,-4.01,25,1
P001,HRTF_A,24,0.709,20.96,-3.75,25,1
P001,HRTF_A,24,0.722,21.29,-3.50,25,1
P001,HRTF_A,24,0.736,21.47,-3.21,25,1
P001,HRTF_A,24,0.750,21.59,-2.92,25,1
P001,HRTF_A,24,0.764,21.71,-2.58,25,1
P001,HRTF_A,24,0.778,21.78,-2.29,25,1
P001,HRTF_A,24,0.792,21.86,-2.01,25,1
P001,HRTF_A,24,0.806,21.82,-1.80,25,1
P001,HRTF_A,24,0.820,21.77,-1.66,25,1
P001,HRTF_A,24,0.834,21.77,-1.53,25,1
P001,HRTF_A,24,0.847,21.78,-1.41,25,1
P001,HRTF_A,24,0.861,21.83,-1.33,25,1
P001,HRTF_A,24,0.875,21.85,-1.29,25,1
P001,HRTF_A,24,0.889,21.87,-1.25,25,1
P001,HRTF_A,24,0.903,21.88,-1.25,25,1
P001,HRTF_A,24,0.917,21.91,-1.26,25,1
P001,HRTF_A,24,0.931,21.96,-1.24,25,1
P001,HRTF_A,24,0.945,22.03,-1.27,25,1
P001,HRTF_A,24,0.958,22.07,-1.29,25,1
P001,HRTF_A,24,0.973,22.09,-1.33,25,1
P001,HRTF_A,24,0.986,22.10,-1.36,25,1
P001,HRTF_A,24,1.000,22.13,-1.35,25,1
P001,HRTF_A,24,1.014,22.16,-1.35,25,1
P001,HRTF_A,24,1.028,22.18,-1.39,25,1
P001,HRTF_A,24,1.042,22.18,-1.42,25,1
P001,HRTF_A,24,1.056,22.15,-1.48,25,1
P001,HRTF_A,24,1.069,22.13,-1.51,25,1
P001,HRTF_A,24,1.083,22.10,-1.55,25,1
P001,HRTF_A,24,1.097,22.10,-1.62,25,1
P001,HRTF_A,24,1.111,22.09,-1.70,25,1
P001,HRTF_A,24,1.125,22.05,-1.78,25,1
P001,HRTF_A,24,1.139,22.01,-1.81,25,1
P001,HRTF_A,24,1.153,21.99,-1.83,25,1
P001,HRTF_A,24,1.167,21.99,-1.82,25,1
P001,HRTF_A,24,1.181,21.97,-1.82,25,1
P001,HRTF_A,24,1.194,21.93,-1.83,25,1
P001,HRTF_A,24,1.209,21.88,-1.88,25,1
P001,HRTF_A,24,1.222,21.83,-1.91,25,1
P001,HRTF_A,24,1.236,21.78,-1.96,25,1
P001,HRTF_A,24,1.250,21.73,-2.00,25,1
P001,HRTF_A,24,1.264,21.67,-2.07,25,1
P001,HRTF_A,24,1.278,21.59,-2.13,25,1
P001,HRTF_A,24,1.292,21.49,-2.16,25,1
P001,HRTF_A,24,1.306,21.43,-2.18,25,1
P001,HRTF_A,24,1.319,21.35,-2.21,25,1
P001,HRTF_A,24,1.333,21.26,-2.26,25,1
P001,HRTF_A,24,1.347,21.15,-2.29,25,1
P001,HRTF_A,24,1.361,21.06,-2.32,25,1
P001,HRTF_A,24,1.375,20.97,-2.34,25,1
P001,HRTF_A,24,1.389,20.89,-2.35,25,1
P001,HRTF_A,24,1.403,20.80,-2.35,25,1
P001,HRTF_A,24,1.417,20.76,-2.34,25,1
P001,HRTF_A,24,1.430,20.70,-2.33,25,1
P001,HRTF_A,24,1.444,20.68,-2.31,25,1
P001,HRTF_A,24,1.458,20.63,-2.30,25,1
P001,HRTF_A,24,1.472,20.62,-2.26,25,1
P001,HRTF_A,24,1.486,20.61,-2.22,25,1
P001,HRTF_A,24,1.500,20.64,-2.19,25,1
P001,HRTF_A,24,1.514,20.66,-2.17,25,1
P001,HRTF_A,24,1.528,20.66,-2.19,25,1
P001,HRTF_A,24,1.542,20.67,-2.17,25,1
P001,HRTF_A,24,1.556,20.67,-2.16,25,1
P001,HRTF_A,24,1.569,20.70,-2.16,25,1
P001,HRTF_A,24,1.583,20.73,-2.17,25,1
P001,HRTF_A,24,1.597,20.76,-2.25,25,1
P001,HRTF_A,24,1.611,20.74,-2.28,25,1
P001,HRTF_A,24,1.625,20.75,-2.33,25,1
P001,HRTF_A,24,1.639,20.77,-2.38,25,1
P001,HRTF_A,24,1.653,20.78,-2.40,25,1
P001,HRTF_A,24,1.667,20.82,-2.41,25,1
P001,HRTF_A,24,1.681,20.86,-2.41,25,1
P001,HRTF_A,24,1.694,20.88,-2.41,25,1
P001,HRTF_A,24,1.709,20.90,-2.41,25,1
P001,HRTF_A,24,1.722,20.90,-2.41,25,1
P001,HRTF_A,24,1.736,20.90,-2.43,25,1
P001,HRTF_A,24,1.750,20.88,-2.48,25,1
P001,HRTF_A,24,1.764,20.88,-2.51,25,1
P001,HRTF_A,24,1.778,20.87,-2.52,25,1
P001,HRTF_A,24,1.792,20.85,-2.50,25,1
P001,HRTF_A,24,1.806,20.84,-2.50,25,1
P001,HRTF_A,24,1.820,20.80,-2.47,25,1
P001,HRTF_A,24,1.833,20.75,-2.47,25,1
P001,HRTF_A,24,1.847,20.69,-2.48,25,1
P001,HRTF_A,24,1.861,20.63,-2.53,25,1
P001,HRTF_A,24,1.875,20.57,-2.58,25,1
P001,HRTF_A,24,1.889,20.55,-2.64,25,1
P001,HRTF_A,24,1.903,20.55,-2.69,25,1
P001,HRTF_A,24,1.917,20.54,-2.71,25,1
P001,HRTF_A,24,1.930,20.54,-2.73,25,1
P001,HRTF_A,24,1.944,20.54,-2.70,25,1
P001,HRTF_A,24,1.958,20.55,-2.72,25,1
P001,HRTF_A,24,1.972,20.56,-2.74,25,1
P001,HRTF_A,24,1.986,20.57,-2.78,25,1
P001,HRTF_A,24,2.000,20.55,-2.81,25,1
P001,HRTF_A,24,2.014,20.53,-2.85,25,1
P001,HRTF_A,24,2.028,20.49,-2.88,25,1
P001,HRTF_A,24,2.041,20.47,-2.91,25,1
P001,HRTF_A,24,2.055,20.45,-2.95,25,1
P001,HRTF_A,24,2.069,20.44,-3.01,25,1
P001,HRTF_A,24,2.083,20.45,-3.04,25,1
P001,HRTF_A,24,2.097,20.47,-3.09,25,1
P001,HRTF_A,24,2.111,20.53,-3.11,25,1
P001,HRTF_A,24,2.125,20.61,-3.10,25,1
P001,HRTF_A,24,2.139,20.70,-3.06,25,1
P001,HRTF_A,24,2.153,20.85,-3.00,25,1
P001,HRTF_A,24,2.167,21.02,-2.92,25,1
P001,HRTF_A,24,2.181,21.21,-2.82,25,1
P001,HRTF_A,24,2.194,21.42,-2.67,25,1
P001,HRTF_A,24,2.208,21.65,-2.53,25,1
P001,HRTF_A,24,2.222,21.86,-2.40,25,1
P001,HRTF_A,24,2.236,22.05,-2.28,25,1
P001,HRTF_A,24,2.250,22.22,-2.17,25,1
P001,HRTF_A,24,2.264,22.37,-2.10,25,1
P001,HRTF_A,24,2.277,22.49,-2.04,25,1
P001,HRTF_A,24,2.291,22.57,-2.05,25,1
P001,HRTF_A,24,2.305,22.60,-2.11,25,1
P001,HRTF_A,24,2.319,22.58,-2.21,25,1
P001,HRTF_A,24,2.333,22.51,-2.37,25,1
P001,HRTF_A,24,2.347,22.45,-2.52,25,1
P001,HRTF_A,24,2.361,22.35,-2.68,25,1
P001,HRTF_A,24,2.375,22.23,-2.82,25,1
P001,HRTF_A,24,2.389,22.08,-2.93,25,1
P001,HRTF_A,24,2.402,21.93,-3.04,25,1
P001,HRTF_A,24,2.416,21.79,-3.08,25,1
P001,HRTF_A,24,2.430,21.65,-3.11,25,1
P001,HRTF_A,24,2.444,21.49,-3.15,25,1
P001,HRTF_A,24,2.458,21.32,-3.19,25,1
P001,HRTF_A,24,2.472,21.09,-3.21,25,1
P001,HRTF_A,24,2.486,20.81,-3.20,25,1
P001,HRTF_A,24,2.500,20.46,-3.19,25,1
P001,HRTF_A,24,2.514,20.10,-3.17,25,1
P001,HRTF_A,24,2.528,19.63,-3.15,25,1
P001,HRTF_A,24,2.542,19.09,-3.18,25,1
P001,HRTF_A,24,2.555,18.47,-3.23,25,1
P001,HRTF_A,24,2.570,17.81,-3.27,25,1
P001,HRTF_A,24,2.583,16.94,-3.36,25,1
P001,HRTF_A,24,2.597,15.93,-3.54,25,1
P001,HRTF_A,24,2.611,14.86,-3.69,25,1
P001,HRTF_A,24,2.625,13.71,-3.88,25,1
P001,HRTF_A,24,2.639,12.51,-4.05,25,1
P001,HRTF_A,24,2.652,11.26,-4.26,25,1
P001,HRTF_A,24,2.667,9.98,-4.43,25,1
P001,HRTF_A,24,2.680,8.50,-4.67,25,1
P001,HRTF_A,24,2.694,6.94,-4.89,25,1
P001,HRTF_A,24,2.708,5.32,-5.08,25,1
P001,HRTF_A,24,2.722,3.54,-5.21,25,1
P001,HRTF_A,24,2.736,1.73,-5.36,25,1
P001,HRTF_A,24,2.750,-0.19,-5.54,25,1
P001,HRTF_A,24,2.764,-2.26,-5.73,25,1
P001,HRTF_A,24,2.777,-4.44,-5.86,25,1
P001,HRTF_A,24,2.791,-6.69,-5.95,25,1
P001,HRTF_A,24,2.805,-8.99,-6.04,25,1
P001,HRTF_A,24,2.819,-11.18,-6.18,25,1
P001,HRTF_A,24,2.833,-13.50,-6.31,25,1
P001,HRTF_A,24,2.847,-15.74,-6.43,25,1
P001,HRTF_A,24,2.861,-17.87,-6.52,25,1
P001,HRTF_A,24,2.875,-19.88,-6.58,25,1
P001,HRTF_A,24,2.889,-21.85,-6.59,25,1
P001,HRTF_A,24,2.902,-23.81,-6.64,25,1
P001,HRTF_A,24,2.917,-25.66,-6.69,25,1
P001,HRTF_A,24,2.930,-27.52,-6.74,25,1
P001,HRTF_A,24,2.944,-29.30,-6.76,25,1
P001,HRTF_A,24,2.958,-31.02,-6.73,25,1
P001,HRTF_A,24,2.972,-32.70,-6.75,25,1
P001,HRTF_A,24,2.986,-34.39,-6.76,25,1
P001,HRTF_A,24,3.000,-36.00,-6.81,25,1
P001,HRTF_A,24,3.014,-37.52,-6.92,25,1
P001,HRTF_A,24,3.028,-39.01,-7.00,25,1
P001,HRTF_A,24,3.041,-40.42,-7.09,25,1
P001,HRTF_A,24,3.055,-41.76,-7.17,25,1
P001,HRTF_A,24,3.069,-43.02,-7.27,25,1
P001,HRTF_A,24,3.083,-44.22,-7.34,25,1
P001,HRTF_A,24,3.097,-45.33,-7.41,25,1
P001,HRTF_A,24,3.111,-46.39,-7.42,25,1
P001,HRTF_A,24,3.125,-47.43,-7.42,25,1
P001,HRTF_A,24,3.138,-48.46,-7.47,25,1
P001,HRTF_A,24,3.153,-49.44,-7.51,25,1
P001,HRTF_A,24,3.166,-50.40,-7.49,25,1
P001,HRTF_A,24,3.180,-51.30,-7.45,25,1
P001,HRTF_A,24,3.194,-52.20,-7.37,25,1
P001,HRTF_A,24,3.208,-53.06,-7.27,25,1
P001,HRTF_A,24,3.222,-53.92,-7.19,25,1
P001,HRTF_A,24,3.236,-54.82,-7.09,25,1
P001,HRTF_A,24,3.250,-55.64,-6.83,25,1
P001,HRTF_A,24,3.263,-56.41,-6.52,25,1
P001,HRTF_A,24,3.277,-57.14,-6.32,25,1
P001,HRTF_A,24,3.291,-57.79,-6.17,25,1
P001,HRTF_A,24,3.305,-58.36,-6.09,25,1
P001,HRTF_A,24,3.319,-58.89,-6.03,25,1
P001,HRTF_A,24,3.333,-59.30,-5.96,25,1
P001,HRTF_A,24,3.347,-59.65,-5.91,25,1
P001,HRTF_A,24,3.361,-59.94,-5.96,25,1
P001,HRTF_A,24,3.375,-60.23,-6.02,25,1
P001,HRTF_A,24,3.389,-60.47,-6.07,25,1
P001,HRTF_A,24,3.403,-60.68,-6.14,25,1
P001,HRTF_A,24,3.417,-60.86,-6.21,25,1
P001,HRTF_A,24,3.430,-61.02,-6.28,25,1
P001,HRTF_A,24,3.444,-61.13,-6.39,25,1
P001,HRTF_A,24,3.458,-61.19,-6.49,25,1
P001,HRTF_A,24,3.472,-61.19,-6.58,25,1
P001,HRTF_A,24,3.486,-61.17,-6.68,25,1
P001,HRTF_A,24,3.500,-61.11,-6.76,25,1
P001,HRTF_A,24,3.514,-61.11,-6.84,25,1
P001,HRTF_A,24,3.528,-61.15,-6.87,25,1
P001,HRTF_A,24,3.541,-61.24,-6.86,25,1
P001,HRTF_A,24,3.555,-61.35,-6.82,25,1
P001,HRTF_A,24,3.569,-61.53,-6.76,25,1
P001,HRTF_A,24,3.583,-61.78,-6.72,25,1
P001,HRTF_A,24,3.597,-62.13,-6.64,25,1
P001,HRTF_A,24,3.611,-62.57,-6.57,25,1
P001,HRTF_A,24,3.625,-63.01,-6.51,25,1
P001,HRTF_A,24,3.639,-63.48,-6.40,25,1
P001,HRTF_A,24,3.652,-63.90,-6.31,25,1
P001,HRTF_A,24,3.667,-64.33,-6.19,25,1
P001,HRTF_A,24,3.680,-64.78,-6.10,25,1
P001,HRTF_A,24,3.694,-65.17,-5.97,25,1
P001,HRTF_A,24,3.708,-65.53,-5.87,25,1
P001,HRTF_A,24,3.722,-65.80,-5.75,25,1
P001,HRTF_A,24,3.736,-66.02,-5.66,25,1
P001,HRTF_A,24,3.750,-66.22,-5.55,25,1
P001,HRTF_A,24,3.764,-66.32,-5.48,25,1
P001,HRTF_A,24,3.777,-66.43,-5.39,25,1
P001,HRTF_A,24,3.792,-66.50,-5.32,25,1
P001,HRTF_A,24,3.805,-66.53,-5.28,25,1
P001,HRTF_A,24,3.819,-66.55,-5.27,25,1
P001,HRTF_A,24,3.833,-66.54,-5.26,25,1
P001,HRTF_A,25,0.014,-11.73,-3.27,4,1
P001,HRTF_A,25,0.031,-11.57,-3.06,4,1
P001,HRTF_A,25,0.042,-11.43,-2.83,4,1
P001,HRTF_A,25,0.055,-11.29,-2.64,4,1
P001,HRTF_A,25,0.069,-11.14,-2.49,4,1
P001,HRTF_A,25,0.083,-11.01,-2.40,4,1
P001,HRTF_A,25,0.097,-10.90,-2.39,4,1
P001,HRTF_A,25,0.111,-10.77,-2.41,4,1
P001,HRTF_A,25,0.125,-10.64,-2.47,4,1
P001,HRTF_A,25,0.142,-10.51,-2.56,4,1
P001,HRTF_A,25,0.153,-10.33,-2.76,4,1
P001,HRTF_A,25,0.166,-10.10,-2.99,4,1
P001,HRTF_A,25,0.181,-9.84,-3.23,4,1
P001,HRTF_A,25,0.194,-9.59,-3.48,4,1
P001,HRTF_A,25,0.208,-9.29,-3.77,4,1
P001,HRTF_A,25,0.222,-8.95,-4.12,4,1
P001,HRTF_A,25,0.236,-8.56,-4.46,4,1
P001,HRTF_A,25,0.250,-8.22,-4.79,4,1
P001,HRTF_A,25,0.264,-7.84,-5.10,4,1
P001,HRTF_A,25,0.278,-7.39,-5.43,4,1
P001,HRTF_A,25,0.295,-6.95,-5.82,4,1
P001,HRTF_A,25,0.308,-6.37,-6.18,4,1
P001,HRTF_A,25,0.323,-5.70,-6.63,4,1
P001,HRTF_A,25,0.336,-4.95,-7.09,4,1
P001,HRTF_A,25,0.350,-3.96,-7.66,4,1
P001,HRTF_A,25,0.364,-2.88,-8.24,4,1
P001,HRTF_A,25,0.378,-1.56,-8.86,4,1
P001,HRTF_A,25,0.402,0.00,-9.50,4,1
P001,HRTF_A,25,0.416,2.09,-10.12,4,1
P001,HRTF_A,25,0.431,5.42,-11.35,4,1
P001,HRTF_A,25,0.444,7.47,-11.96,4,1
P001,HRTF_A,25,0.458,9.58,-12.51,4,1
P001,HRTF_A,25,0.472,11.70,-13.01,4,1
P001,HRTF_A,25,0.486,13.85,-13.55,4,1
P001,HRTF_A,25,0.500,16.00,-14.03,4,1
P001,HRTF_A,25,0.514,18.13,-14.52,4,1
P001,HRTF_A,25,0.527,20.29,-15.03,4,1
P001,HRTF_A,25,0.541,22.53,-15.56,4,1
P001,HRTF_A,25,0.555,24.77,-15.97,4,1
P001,HRTF_A,25,0.569,26.98,-16.37,4,1
P001,HRTF_A,25,0.583,29.22,-16.77,4,1
P001,HRTF_A,25,0.597,31.53,-17.04,4,1
P001,HRTF_A,25,0.611,33.75,-17.35,4,1
P001,HRTF_A,25,0.625,35.89,-17.61,4,1
P001,HRTF_A,25,0.639,37.96,-17.82,4,1
P001,HRTF_A,25,0.652,39.99,-18.03,4,1
P001,HRTF_A,25,0.667,41.99,-18.19,4,1
P001,HRTF_A,25,0.680,43.89,-18.31,4,1
P001,HRTF_A,25,0.694,45.73,-18.42,4,1
P001,HRTF_A,25,0.708,47.44,-18.49,4,1
P001,HRTF_A,25,0.722,49.06,-18.51,4,1
P001,HRTF_A,25,0.736,50.63,-18.51,4,1
P001,HRTF_A,25,0.750,52.17,-18.47,4,1
P001,HRTF_A,25,0.764,53.62,-18.39,4,1
P001,HRTF_A,25,0.777,54.95,-18.26,4,1
P001,HRTF_A,25,0.792,56.24,-18.12,4,1
P001,HRTF_A,25,0.805,57.44,-17.90,4,1
P001,HRTF_A,25,0.819,58.56,-17.69,4,1
P001,HRTF_A,25,0.833,59.56,-17.45,4,1
P001,HRTF_A,25,0.847,60.60,-17.18,4,1
P001,HRTF_A,25,0.861,61.61,-16.93,4,1
P001,HRTF_A,25,0.875,62.50,-16.64,4,1
P001,HRTF_A,25,0.889,63.29,-16.38,4,1
P001,HRTF_A,25,0.902,63.92,-16.16,4,1
P001,HRTF_A,25,0.916,64.44,-16.00,4,1
P001,HRTF_A,25,0.930,64.81,-15.85,4,1
P001,HRTF_A,25,0.944,65.05,-15.72,4,1
P001,HRTF_A,25,0.958,65.20,-15.62,4,1
P001,HRTF_A,25,0.972,65.29,-15.54,4,1
P001,HRTF_A,25,0.986,65.19,-15.51,4,1
P001,HRTF_A,25,1.000,65.10,-15.52,4,1
P001,HRTF_A,25,1.014,65.05,-15.56,4,1
P001,HRTF_A,25,1.027,65.06,-15.60,4,1
P001,HRTF_A,25,1.042,65.22,-15.65,4,1
P001,HRTF_A,25,1.055,65.60,-15.59,4,1
P001,HRTF_A,25,1.069,66.09,-15.50,4,1
P001,HRTF_A,25,1.083,66.77,-15.41,4,1
P001,HRTF_A,25,1.097,67.54,-15.32,4,1
P001,HRTF_A,25,1.111,68.46,-15.19,4,1
P001,HRTF_A,25,1.125,69.52,-15.03,4,1
P001,HRTF_A,25,1.138,70.75,-14.84,4,1
P001,HRTF_A,25,1.152,72.06,-14.60,4,1
P001,HRTF_A,25,1.166,73.49,-14.33,4,1
P001,HRTF_A,25,1.180,75.18,-13.99,4,1
P001,HRTF_A,25,1.194,76.87,-13.62,4,1
P001,HRTF_A,25,1.208,78.79,-13.21,4,1
P001,HRTF_A,25,1.222,80.66,-12.73,4,1
P001,HRTF_A,25,1.236,82.56,-12.23,4,1
P001,HRTF_A,25,1.250,84.42,-11.75,4,1
P001,HRTF_A,25,1.263,86.28,-11.23,4,1
P001,HRTF_A,25,1.277,88.02,-10.72,4,1
P001,HRTF_A,25,1.291,89.60,-10.17,4,1
P001,HRTF_A,25,1.305,91.07,-9.63,4,1
P001,HRTF_A,25,1.319,92.46,-8.99,4,1
P001,HRTF_A,25,1.333,93.69,-8.27,4,1
P001,HRTF_A,25,1.347,94.72,-7.46,4,1
P001,HRTF_A,25,1.361,95.74,-6.70,4,1
P001,HRTF_A,25,1.375,96.55,-5.87,4,1
P001,HRTF_A,25,1.389,97.23,-4.99,4,1
P001,HRTF_A,25,1.402,97.87,-4.07,4,1
P001,HRTF_A,25,1.416,98.37,-3.06,4,1
P001,HRTF_A,25,1.430,98.75,-2.02,4,1
P001,HRTF_A,25,1.444,99.09,-1.02,4,1
P001,HRTF_A,25,1.458,99.19,-0.04,4,1
P001,HRTF_A,25,1.472,99.33,0.90,4,1
P001,HRTF_A,25,1.486,99.37,1.87,4,1
P001,HRTF_A,25,1.500,99.25,2.79,4,1
P001,HRTF_A,25,1.514,99.12,3.65,4,1
P001,HRTF_A,25,1.527,98.98,4.43,4,1
P001,HRTF_A,25,1.541,98.84,5.09,4,1
P001,HRTF_A,25,1.556,98.67,5.74,4,1
P001,HRTF_A,25,1.569,98.56,6.26,4,1
P001,HRTF_A,25,1.583,98.47,6.67,4,1
P001,HRTF_A,25,1.597,98.37,6.82,4,1
P001,HRTF_A,25,1.611,98.35,6.86,4,1
P001,HRTF_A,25,1.625,98.29,6.83,4,1
P001,HRTF_A,25,1.638,98.18,6.58,4,1
P001,HRTF_A,25,1.652,97.97,6.28,4,1
P001,HRTF_A,25,1.666,97.76,6.06,4,1
P001,HRTF_A,25,1.680,97.53,5.86,4,1
P001,HRTF_A,25,1.694,97.31,5.73,4,1
P001,HRTF_A,25,1.708,97.09,5.64,4,1
P001,HRTF_A,25,1.722,96.91,5.58,4,1
P001,HRTF_A,25,1.736,96.82,5.53,4,1
P001,HRTF_A,25,1.750,96.77,5.44,4,1
P001,HRTF_A,25,1.763,96.82,5.25,4,1
P001,HRTF_A,25,1.777,96.84,5.01,4,1
P001,HRTF_A,25,1.791,96.89,4.64,4,1
P001,HRTF_A,25,1.805,96.96,4.10,4,1
P001,HRTF_A,25,1.819,97.04,3.32,4,1
P001,HRTF_A,25,1.833,97.15,2.41,4,1
P001,HRTF_A,25,1.847,97.32,1.38,4,1
P001,HRTF_A,25,1.861,97.52,0.27,4,1
P001,HRTF_A,25,1.874,97.73,-1.08,4,1
P001,HRTF_A,25,1.888,97.87,-2.47,4,1
P001,HRTF_A,25,1.902,98.00,-3.97,4,1
P001,HRTF_A,25,1.916,98.14,-5.42,4,1
P001,HRTF_A,25,1.930,98.30,-6.86,4,1
P001,HRTF_A,25,1.944,98.57,-8.40,4,1
P001,HRTF_A,25,1.958,98.84,-9.93,4,1
P001,HRTF_A,25,1.972,99.23,-11.47,4,1
P001,HRTF_A,25,1.985,99.73,-13.02,4,1
P001,HRTF_A,25,2.000,100.35,-14.56,4,1
P001,HRTF_A,25,2.013,101.18,-16.17,4,1
P001,HRTF_A,25,2.027,102.00,-17.79,4,1
P001,HRTF_A,25,2.041,102.83,-19.39,4,1
P001,HRTF_A,25,2.055,103.63,-20.94,4,1
P001,HRTF_A,25,2.069,104.38,-22.46,4,1
P001,HRTF_A,25,2.083,105.12,-23.97,4,1
P001,HRTF_A,25,2.097,105.89,-25.52,4,1
P001,HRTF_A,25,2.111,106.66,-27.14,4,1
P001,HRTF_A,25,2.124,107.33,-28.81,4,1
P001,HRTF_A,25,2.138,108.01,-30.37,4,1
P001,HRTF_A,25,2.152,108.55,-31.78,4,1
P001,HRTF_A,25,2.166,109.14,-33.17,4,1
P001,HRTF_A,25,2.180,109.67,-34.59,4,1
P001,HRTF_A,25,2.194,110.06,-36.12,4,1
P001,HRTF_A,25,2.208,110.40,-37.61,4,1
P001,HRTF_A,25,2.222,110.61,-38.88,4,1
P001,HRTF_A,25,2.236,110.80,-40.06,4,1
P001,HRTF_A,25,2.250,110.82,-40.90,4,1
P001,HRTF_A,25,2.263,110.77,-41.86,4,1
P001,HRTF_A,25,2.277,110.60,-42.86,4,1
P001,HRTF_A,25,2.291,110.37,-43.90,4,1
P001,HRTF_A,25,2.305,110.05,-44.64,4,1
P001,HRTF_A,25,2.319,109.81,-45.30,4,1
P001,HRTF_A,25,2.333,109.48,-45.88,4,1
P001,HRTF_A,25,2.347,109.21,-46.48,4,1
P001,HRTF_A,25,2.361,108.95,-47.13,4,1
P001,HRTF_A,25,2.374,108.59,-47.78,4,1
P001,HRTF_A,25,2.388,108.37,-48.37,4,1
P001,HRTF_A,25,2.402,108.21,-48.89,4,1
P001,HRTF_A,25,2.416,108.04,-49.36,4,1
P001,HRTF_A,25,2.430,107.72,-49.98,4,1
P001,HRTF_A,25,2.444,107.28,-50.64,4,1
P001,HRTF_A,25,2.458,106.61,-51.48,4,1
P001,HRTF_A,25,2.472,105.60,-51.81,4,1
P001,HRTF_A,25,2.486,104.13,-52.16,4,1
P001,HRTF_A,25,2.499,101.77,-52.51,4,1
P001,HRTF_A,25,2.513,99.07,-52.22,4,1
P001,HRTF_A,25,2.527,95.75,-51.88,4,1
P001,HRTF_A,25,2.541,92.48,-51.29,4,1
P001,HRTF_A,25,2.555,89.18,-50.55,4,1
P001,HRTF_A,25,2.569,85.61,-49.58,4,1
P001,HRTF_A,25,2.583,82.30,-48.51,4,1
P001,HRTF_A,25,2.597,79.36,-47.40,4,1
P001,HRTF_A,25,2.611,76.53,-46.09,4,1
P001,HRTF_A,25,2.624,73.85,-44.62,4,1
P001,HRTF_A,25,2.638,71.07,-43.12,4,1
P001,HRTF_A,25,2.652,68.39,-41.60,4,1
P001,HRTF_A,25,2.666,65.91,-40.11,4,1
P001,HRTF_A,25,2.680,63.56,-38.61,4,1
P001,HRTF_A,25,2.694,61.34,-36.98,4,1
P001,HRTF_A,25,2.708,59.14,-35.24,4,1
P001,HRTF_A,25,2.722,57.04,-33.51,4,1
P001,HRTF_A,25,2.736,55.17,-31.76,4,1
P001,HRTF_A,25,2.749,53.32,-29.93,4,1
P001,HRTF_A,25,2.763,51.47,-28.07,4,1
P001,HRTF_A,25,2.777,49.69,-26.14,4,1
P001,HRTF_A,25,2.791,48.09,-24.08,4,1
P001,HRTF_A,25,2.805,46.58,-22.10,4,1
P001,HRTF_A,25,2.819,45.16,-20.15,4,1
P001,HRTF_A,25,2.833,43.69,-18.28,4,1
P001,HRTF_A,25,2.847,42.22,-16.51,4,1
P001,HRTF_A,25,2.860,40.93,-14.89,4,1
P001,HRTF_A,25,2.875,39.76,-13.38,4,1
P001,HRTF_A,25,2.889,38.71,-12.02,4,1
P001,HRTF_A,25,2.902,37.68,-10.67,4,1
P001,HRTF_A,25,2.916,36.76,-9.35,4,1
P001,HRTF_A,25,2.930,35.93,-8.03,4,1
P001,HRTF_A,25,2.944,35.19,-6.71,4,1
P001,HRTF_A,25,2.958,34.53,-5.50,4,1
P001,HRTF_A,25,2.971,33.90,-4.43,4,1
P001,HRTF_A,25,2.985,33.34,-3.42,4,1
P001,HRTF_A,25,2.999,32.88,-2.52,4,1
P001,HRTF_A,25,3.013,32.56,-1.60,4,1
P001,HRTF_A,25,3.027,32.23,-0.77,4,1
P001,HRTF_A,25,3.041,31.96,-0.03,4,1
P001,HRTF_A,25,3.055,31.71,0.74,4,1
P001,HRTF_A,25,3.069,31.65,1.49,4,1
P001,HRTF_A,25,3.083,31.60,2.28,4,1
P001,HRTF_A,25,3.097,31.68,2.95,4,1
P001,HRTF_A,25,3.111,31.72,3.63,4,1
P001,HRTF_A,25,3.124,31.75,4.30,4,1
P001,HRTF_A,25,3.138,31.92,4.99,4,1
P001,HRTF_A,25,3.152,32.25,5.63,4,1
P001,HRTF_A,25,3.166,32.63,6.26,4,1
P001,HRTF_A,25,3.180,33.14,6.82,4,1
P001,HRTF_A,25,3.194,33.73,7.32,4,1
P001,HRTF_A,25,3.208,34.46,7.59,4,1
P001,HRTF_A,25,3.222,35.31,7.90,4,1
P001,HRTF_A,25,3.235,36.15,8.06,4,1
P001,HRTF_A,25,3.249,37.10,8.15,4,1
P001,HRTF_A,25,3.263,37.98,8.19,4,1
P001,HRTF_A,25,3.277,38.79,8.24,4,1
P001,HRTF_A,25,3.291,39.49,8.30,4,1
P001,HRTF_A,25,3.305,40.12,8.44,4,1
P001,HRTF_A,25,3.319,40.58,8.59,4,1
P001,HRTF_A,25,3.333,40.83,8.56,4,1
P001,HRTF_A,25,3.346,40.98,8.39,4,1
P001,HRTF_A,25,3.360,40.77,7.87,4,1
P001,HRTF_A,25,3.374,40.21,6.88,4,1
P001,HRTF_A,25,3.388,39.58,5.69,4,1
P001,HRTF_A,25,3.402,38.68,4.32,4,1
P001,HRTF_A,25,3.416,37.09,2.32,4,1
P001,HRTF_A,25,3.430,35.58,0.77,4,1
P001,HRTF_A,25,3.444,34.02,-0.64,4,1
P001,HRTF_A,25,3.457,32.34,-1.85,4,1
P001,HRTF_A,25,3.471,30.74,-2.87,4,1
P001,HRTF_A,25,3.485,29.18,-3.73,4,1
P001,HRTF_A,25,3.499,27.54,-4.15,4,1
P001,HRTF_A,25,3.513,26.00,-4.44,4,1
P001,HRTF_A,25,3.527,24.56,-4.48,4,1
P001,HRTF_A,25,3.541,23.30,-4.29,4,1
P001,HRTF_A,25,3.555,22.31,-3.92,4,1
P001,HRTF_A,25,3.569,21.76,-3.33,4,1
P001,HRTF_A,25,3.583,21.41,-2.73,4,1
P001,HRTF_A,25,3.596,21.35,-2.06,4,1
P001,HRTF_A,25,3.610,21.74,-1.24,4,1
P001,HRTF_A,25,3.624,22.52,-0.34,4,1
P001,HRTF_A,25,3.638,23.49,0.53,4,1
P001,HRTF_A,25,3.652,24.56,1.37,4,1
P001,HRTF_A,25,3.666,25.94,2.09,4,1
P001,HRTF_A,25,3.680,27.26,2.85,4,1
P001,HRTF_A,25,3.694,28.53,3.57,4,1
P001,HRTF_A,25,3.708,29.73,4.25,4,1
P001,HRTF_A,25,3.721,30.86,4.93,4,1
P001,HRTF_A,25,3.735,31.88,5.60,4,1
P001,HRTF_A,25,3.749,32.78,6.08,4,1
P001,HRTF_A,25,3.763,33.68,6.57,4,1
P001,HRTF_A,25,3.777,34.54,6.91,4,1
P001,HRTF_A,25,3.791,35.38,7.32,4,1
P001,HRTF_A,25,3.805,36.12,7.70,4,1
P001,HRTF_A,25,3.819,36.81,7.99,4,1
P001,HRTF_A,25,3.833,37.46,8.27,4,1
P001,HRTF_A,25,3.847,38.12,8.57,4,1
P001,HRTF_A,25,3.860,38.79,8.97,4,1
P001,HRTF_A,25,3.874,39.39,9.49,4,1
P001,HRTF_A,25,3.888,40.09,10.04,4,1
P001,HRTF_A,25,3.902,40.87,10.58,4,1
P001,HRTF_A,25,3.916,41.72,11.21,4,1
P001,HRTF_A,25,3.930,42.64,11.85,4,1
P001,HRTF_A,25,3.944,43.58,12.49,4,1
P001,HRTF_A,25,3.958,44.54,13.14,4,1
P001,HRTF_A,25,3.972,45.50,13.77,4,1
P001,HRTF_A,25,3.985,46.41,14.33,4,1
P001,HRTF_A,25,3.999,47.33,14.90,4,1
P001,HRTF_A,25,4.013,48.20,15.43,4,1
P001,HRTF_A,25,4.027,49.02,15.97,4,1
P001,HRTF_A,25,4.041,49.85,16.48,4,1
P001,HRTF_A,25,4.055,50.63,16.94,4,1
P001,HRTF_A,25,4.069,51.32,17.35,4,1
P001,HRTF_A,25,4.083,52.01,17.76,4,1
P001,HRTF_A,25,4.097,52.69,18.16,4,1
P001,HRTF_A,25,4.110,53.27,18.50,4,1
P001,HRTF_A,25,4.124,53.81,18.81,4,1
P001,HRTF_A,25,4.138,54.32,19.12,4,1
P001,HRTF_A,25,4.152,54.81,19.38,4,1
P001,HRTF_A,25,4.166,55.22,19.62,4,1
P001,HRTF_A,25,4.180,55.62,19.90,4,1
P001,HRTF_A,25,4.194,56.02,20.15,4,1
P001,HRTF_A,25,4.208,56.34,20.37,4,1
P001,HRTF_A,25,4.221,56.55,20.46,4,1
P001,HRTF_A,25,4.235,56.67,20.43,4,1
P001,HRTF_A,25,4.249,56.72,20.34,4,1
P001,HRTF_A,25,4.263,56.72,20.17,4,1
P001,HRTF_A,26,0.014,-10.47,-0.45,15,1
P001,HRTF_A,26,0.032,-11.01,-0.51,15,1
P001,HRTF_A,26,0.042,-11.52,-0.60,15,1
P001,HRTF_A,26,0.056,-11.99,-0.66,15,1
P001,HRTF_A,26,0.070,-12.38,-0.72,15,1
P001,HRTF_A,26,0.084,-12.71,-0.76,15,1
P001,HRTF_A,26,0.097,-12.95,-0.77,15,1
P001,HRTF_A,26,0.111,-13.16,-0.81,15,1
P001,HRTF_A,26,0.127,-13.26,-0.90,15,1
P001,HRTF_A,26,0.139,-13.35,-0.96,15,1
P001,HRTF_A,26,0.153,-13.41,-1.07,15,1
P001,HRTF_A,26,0.167,-13.39,-1.15,15,1
P001,HRTF_A,26,0.181,-13.33,-1.23,15,1
P001,HRTF_A,26,0.194,-13.24,-1.32,15,1
P001,HRTF_A,26,0.209,-13.10,-1.39,15,1
P001,HRTF_A,26,0.222,-12.90,-1.39,15,1
P001,HRTF_A,26,0.236,-12.61,-1.41,15,1
P001,HRTF_A,26,0.250,-12.27,-1.44,15,1
P001,HRTF_A,26,0.264,-11.87,-1.45,15,1
P001,HRTF_A,26,0.278,-11.46,-1.47,15,1
P001,HRTF_A,26,0.292,-10.92,-1.42,15,1
P001,HRTF_A,26,0.305,-10.31,-1.31,15,1
P001,HRTF_A,26,0.319,-9.69,-1.20,15,1
P001,HRTF_A,26,0.333,-8.88,-1.06,15,1
P001,HRTF_A,26,0.347,-7.98,-0.86,15,1
P001,HRTF_A,26,0.361,-6.91,-0.58,15,1
P001,HRTF_A,26,0.375,-5.69,-0.26,15,1
P001,HRTF_A,26,0.389,-4.16,0.23,15,1
P001,HRTF_A,26,0.403,-2.35,0.85,15,1
P001,HRTF_A,26,0.417,-0.30,1.57,15,1
P001,HRTF_A,26,0.431,2.17,2.37,15,1
P001,HRTF_A,26,0.445,4.75,3.07,15,1
P001,HRTF_A,26,0.458,7.45,3.71,15,1
P001,HRTF_A,26,0.472,10.34,4.23,15,1
P001,HRTF_A,26,0.486,13.26,4.66,15,1
P001,HRTF_A,26,0.500,16.17,4.97,15,1
P001,HRTF_A,26,0.514,19.04,5.23,15,1
P001,HRTF_A,26,0.528,21.83,5.40,15,1
P001,HRTF_A,26,0.542,24.46,5.48,15,1
P001,HRTF_A,26,0.556,26.78,5.55,15,1
P001,HRTF_A,26,0.570,28.89,5.69,15,1
P001,HRTF_A,26,0.583,30.92,5.84,15,1
P001,HRTF_A,26,0.597,32.79,6.12,15,1
P001,HRTF_A,26,0.611,34.55,6.46,15,1
P001,HRTF_A,26,0.625,36.02,6.80,15,1
P001,HRTF_A,26,0.639,37.36,7.10,15,1
P001,HRTF_A,26,0.653,38.32,7.46,15,1
P001,HRTF_A,26,0.667,39.10,7.85,15,1
P001,HRTF_A,26,0.681,39.91,8.22,15,1
P001,HRTF_A,26,0.694,40.52,8.54,15,1
P001,HRTF_A,26,0.708,41.00,8.88,15,1
P001,HRTF_A,26,0.722,41.47,9.18,15,1
P001,HRTF_A,26,0.736,41.83,9.41,15,1
P001,HRTF_A,26,0.750,42.21,9.64,15,1
P001,HRTF_A,26,0.764,42.53,9.82,15,1
P001,HRTF_A,26,0.778,42.83,10.03,15,1
P001,HRTF_A,26,0.792,43.07,10.17,15,1
P001,HRTF_A,26,0.806,43.30,10.28,15,1
P001,HRTF_A,26,0.820,43.47,10.35,15,1
P001,HRTF_A,26,0.833,43.67,10.41,15,1
P001,HRTF_A,26,0.847,43.85,10.40,15,1
P001,HRTF_A,26,0.861,44.07,10.40,15,1
P001,HRTF_A,26,0.875,44.29,10.35,15,1
P001,HRTF_A,26,0.889,44.53,10.25,15,1
P001,HRTF_A,26,0.903,44.71,10.10,15,1
P001,HRTF_A,26,0.917,44.85,9.90,15,1
P001,HRTF_A,26,0.931,44.91,9.61,15,1
P001,HRTF_A,26,0.944,44.87,9.22,15,1
P001,HRTF_A,26,0.958,44.79,8.83,15,1
P001,HRTF_A,26,0.972,44.72,8.48,15,1
P001,HRTF_A,26,0.986,44.58,8.17,15,1
P001,HRTF_A,26,1.000,44.43,7.86,15,1
P001,HRTF_A,26,1.014,44.22,7.55,15,1
P001,HRTF_A,26,1.028,44.01,7.25,15,1
P001,HRTF_A,26,1.042,43.72,6.89,15,1
P001,HRTF_A,26,1.056,43.44,6.57,15,1
P001,HRTF_A,26,1.069,43.16,6.23,15,1
P001,HRTF_A,26,1.083,42.86,5.93,15,1
P001,HRTF_A,26,1.097,42.62,5.62,15,1
P001,HRTF_A,26,1.111,42.37,5.35,15,1
P001,HRTF_A,26,1.125,42.17,5.08,15,1
P001,HRTF_A,26,1.139,41.97,4.87,15,1
P001,HRTF_A,26,1.153,41.82,4.68,15,1
P001,HRTF_A,26,1.167,41.67,4.54,15,1
P001,HRTF_A,26,1.181,41.58,4.44,15,1
P001,HRTF_A,26,1.194,41.50,4.37,15,1
P001,HRTF_A,26,1.208,41.43,4.31,15,1
P001,HRTF_A,26,1.222,41.36,4.22,15,1
P001,HRTF_A,26,1.236,41.30,4.14,15,1
P001,HRTF_A,26,1.250,41.26,4.11,15,1
P001,HRTF_A,26,1.264,41.23,4.07,15,1
P001,HRTF_A,26,1.278,41.21,4.04,15,1
P001,HRTF_A,26,1.292,41.21,4.05,15,1
P001,HRTF_A,26,1.306,41.18,4.02,15,1
P001,HRTF_A,26,1.320,41.13,3.98,15,1
P001,HRTF_A,26,1.334,41.10,3.95,15,1
P001,HRTF_A,26,1.347,41.09,3.94,15,1
P001,HRTF_A,26,1.361,41.09,3.94,15,1
P001,HRTF_A,26,1.375,41.10,3.96,15,1
P001,HRTF_A,26,1.389,41.12,3.99,15,1
P001,HRTF_A,26,1.403,41.19,4.06,15,1
P001,HRTF_A,26,1.417,41.28,4.13,15,1
P001,HRTF_A,26,1.431,41.40,4.21,15,1
P001,HRTF_A,26,1.445,41.57,4.26,15,1
P001,HRTF_A,26,1.458,41.79,4.26,15,1
P001,HRTF_A,26,1.472,42.02,4.25,15,1
P001,HRTF_A,26,1.486,42.28,4.21,15,1
P001,HRTF_A,26,1.500,42.54,4.22,15,1
P001,HRTF_A,26,1.514,42.85,4.27,15,1
P001,HRTF_A,26,1.528,43.21,4.30,15,1
P001,HRTF_A,26,1.542,43.64,4.34,15,1
P001,HRTF_A,26,1.556,44.17,4.33,15,1
P001,HRTF_A,26,1.570,44.70,4.31,15,1
P001,HRTF_A,26,1.584,45.28,4.29,15,1
P001,HRTF_A,26,1.597,45.89,4.31,15,1
P001,HRTF_A,26,1.611,46.63,4.26,15,1
P001,HRTF_A,26,1.625,47.37,4.25,15,1
P001,HRTF_A,26,1.639,48.26,4.21,15,1
P001,HRTF_A,26,1.653,49.16,4.14,15,1
P001,HRTF_A,26,1.667,50.16,4.03,15,1
P001,HRTF_A,26,1.681,51.18,3.89,15,1
P001,HRTF_A,26,1.694,52.32,3.77,15,1
P001,HRTF_A,26,1.708,53.50,3.62,15,1
P001,HRTF_A,26,1.722,54.76,3.46,15,1
P001,HRTF_A,26,1.736,56.12,3.26,15,1
P001,HRTF_A,26,1.750,57.44,3.13,15,1
P001,HRTF_A,26,1.764,58.87,2.94,15,1
P001,HRTF_A,26,1.778,60.37,2.76,15,1
P001,HRTF_A,26,1.792,61.97,2.56,15,1
P001,HRTF_A,26,1.806,63.60,2.34,15,1
P001,HRTF_A,26,1.820,65.32,2.19,15,1
P001,HRTF_A,26,1.833,67.10,1.98,15,1
P001,HRTF_A,26,1.847,68.95,1.75,15,1
P001,HRTF_A,26,1.861,70.84,1.52,15,1
P001,HRTF_A,26,1.875,72.74,1.30,15,1
P001,HRTF_A,26,1.889,74.69,1.01,15,1
P001,HRTF_A,26,1.903,76.64,0.77,15,1
P001,HRTF_A,26,1.917,78.63,0.50,15,1
P001,HRTF_A,26,1.931,80.61,0.24,15,1
P001,HRTF_A,26,1.945,82.58,-0.05,15,1
P001,HRTF_A,26,1.958,84.56,-0.31,15,1
P001,HRTF_A,26,1.972,86.52,-0.57,15,1
P001,HRTF_A,26,1.986,88.52,-0.82,15,1
P001,HRTF_A,26,2.000,90.54,-1.11,15,1
P001,HRTF_A,26,2.014,92.54,-1.37,15,1
P001,HRTF_A,26,2.028,94.51,-1.65,15,1
P001,HRTF_A,26,2.042,96.51,-1.93,15,1
P001,HRTF_A,26,2.056,98.54,-2.17,15,1
P001,HRTF_A,26,2.069,100.56,-2.41,15,1
P001,HRTF_A,26,2.083,102.58,-2.66,15,1
P001,HRTF_A,26,2.097,104.51,-2.88,15,1
P001,HRTF_A,26,2.111,106.40,-3.17,15,1
P001,HRTF_A,26,2.125,108.33,-3.41,15,1
P001,HRTF_A,26,2.139,110.12,-3.66,15,1
P001,HRTF_A,26,2.153,111.85,-3.92,15,1
P001,HRTF_A,26,2.167,113.49,-4.22,15,1
P001,HRTF_A,26,2.181,115.03,-4.48,15,1
P001,HRTF_A,26,2.194,116.57,-4.84,15,1
P001,HRTF_A,26,2.208,117.95,-5.23,15,1
P001,HRTF_A,26,2.222,119.32,-5.64,15,1
P001,HRTF_A,26,2.236,120.64,-5.91,15,1
P001,HRTF_A,26,2.250,122.04,-6.16,15,1
P001,HRTF_A,26,2.264,123.44,-6.40,15,1
P001,HRTF_A,26,2.278,124.94,-6.70,15,1
P001,HRTF_A,26,2.292,126.53,-6.97,15,1
P001,HRTF_A,26,2.306,128.15,-7.31,15,1
P001,HRTF_A,26,2.319,129.78,-7.68,15,1
P001,HRTF_A,26,2.333,131.43,-8.01,15,1
P001,HRTF_A,26,2.348,133.12,-8.30,15,1
P001,HRTF_A,26,2.361,134.83,-8.55,15,1
P001,HRTF_A,26,2.375,136.54,-8.77,15,1
P001,HRTF_A,26,2.389,138.20,-8.95,15,1
P001,HRTF_A,26,2.403,139.80,-9.17,15,1
P001,HRTF_A,26,2.417,141.40,-9.33,15,1
P001,HRTF_A,26,2.431,142.93,-9.41,15,1
P001,HRTF_A,26,2.444,144.36,-9.57,15,1
P001,HRTF_A,26,2.458,145.70,-9.57,15,1
P001,HRTF_A,26,2.472,147.07,-9.61,15,1
P001,HRTF_A,26,2.486,148.42,-9.48,15,1
P001,HRTF_A,26,2.501,149.79,-9.37,15,1
P001,HRTF_A,26,2.514,151.08,-9.27,15,1
P001,HRTF_A,26,2.528,152.29,-9.21,15,1
P001,HRTF_A,26,2.542,153.44,-9.12,15,1
P001,HRTF_A,26,2.556,154.58,-9.03,15,1
P001,HRTF_A,26,2.569,155.62,-8.89,15,1
P001,HRTF_A,26,2.583,156.63,-8.73,15,1
P001,HRTF_A,26,2.597,157.59,-8.60,15,1
P001,HRTF_A,26,2.611,158.50,-8.53,15,1
P001,HRTF_A,26,2.625,159.41,-8.54,15,1
P001,HRTF_A,26,2.639,160.32,-8.55,15,1
P001,HRTF_A,26,2.653,161.22,-8.50,15,1
P001,HRTF_A,26,2.667,162.13,-8.42,15,1
P001,HRTF_A,26,2.681,163.00,-8.40,15,1
P001,HRTF_A,26,2.695,163.96,-8.42,15,1
P001,HRTF_A,26,2.708,164.88,-8.51,15,1
P001,HRTF_A,26,2.723,165.79,-8.62,15,1
P001,HRTF_A,26,2.736,166.68,-8.72,15,1
P001,HRTF_A,26,2.750,167.47,-8.67,15,1
P001,HRTF_A,26,2.764,168.17,-8.63,15,1
P001,HRTF_A,26,2.778,168.92,-8.60,15,1
P001,HRTF_A,26,2.792,169.50,-8.35,15,1
P001,HRTF_A,26,2.806,170.11,-8.09,15,1
P001,HRTF_A,26,2.819,170.61,-7.66,15,1
P001,HRTF_A,26,2.833,171.03,-7.17,15,1
P001,HRTF_A,26,2.847,171.47,-6.70,15,1
P001,HRTF_A,26,2.861,171.88,-6.16,15,1
P001,HRTF_A,26,2.875,172.29,-5.62,15,1
P001,HRTF_A,26,2.889,172.61,-5.02,15,1
P001,HRTF_A,26,2.903,172.93,-4.44,15,1
P001,HRTF_A,26,2.917,173.19,-3.92,15,1
P001,HRTF_A,26,2.931,173.43,-3.44,15,1
P001,HRTF_A,26,2.945,173.66,-2.95,15,1
P001,HRTF_A,26,2.959,173.83,-2.51,15,1
P001,HRTF_A,26,2.972,174.00,-2.06,15,1
P001,HRTF_A,26,2.986,174.08,-1.58,15,1
P001,HRTF_A,26,3.000,174.14,-1.06,15,1
P001,HRTF_A,26,3.014,174.18,-0.55,15,1
P001,HRTF_A,26,3.028,174.27,-0.01,15,1
P001,HRTF_A,26,3.042,174.30,0.55,15,1
P001,HRTF_A,26,3.056,174.29,1.08,15,1
P001,HRTF_A,26,3.070,174.27,1.61,15,1
P001,HRTF_A,26,3.084,174.25,2.10,15,1
P001,HRTF_A,26,3.097,174.26,2.57,15,1
P001,HRTF_A,26,3.111,174.23,3.01,15,1
P001,HRTF_A,26,3.125,174.24,3.44,15,1
P001,HRTF_A,26,3.139,174.26,3.84,15,1
P001,HRTF_A,26,3.153,174.21,4.25,15,1
P001,HRTF_A,26,3.167,174.16,4.52,15,1
P001,HRTF_A,26,3.181,174.09,4.84,15,1
P001,HRTF_A,26,3.194,173.93,5.29,15,1
P001,HRTF_A,26,3.208,173.77,5.66,15,1
P001,HRTF_A,26,3.222,173.55,5.97,15,1
P001,HRTF_A,26,3.236,173.28,6.33,15,1
P001,HRTF_A,26,3.250,173.01,6.64,15,1
P001,HRTF_A,26,3.264,172.72,7.00,15,1
P001,HRTF_A,26,3.278,172.43,7.40,15,1
P001,HRTF_A,26,3.292,172.15,7.85,15,1
P001,HRTF_A,26,3.306,171.85,8.29,15,1
P001,HRTF_A,26,3.320,171.54,8.77,15,1
P001,HRTF_A,26,3.333,171.20,9.18,15,1
P001,HRTF_A,26,3.347,170.84,9.55,15,1
P001,HRTF_A,26,3.361,170.44,9.89,15,1
P001,HRTF_A,26,3.375,169.93,10.20,15,1
P001,HRTF_A,26,3.389,169.25,10.53,15,1
P001,HRTF_A,26,3.403,168.45,10.84,15,1
P001,HRTF_A,26,3.417,167.50,11.10,15,1
P001,HRTF_A,26,3.431,166.47,11.37,15,1
P001,HRTF_A,26,3.444,165.33,11.56,15,1
P001,HRTF_A,26,3.458,164.14,11.72,15,1
P001,HRTF_A,26,3.472,162.94,11.86,15,1
P001,HRTF_A,26,3.486,161.65,12.10,15,1
P001,HRTF_A,26,3.500,160.49,12.27,15,1
P001,HRTF_A,26,3.514,159.39,12.40,15,1
P001,HRTF_A,26,3.528,158.34,12.43,15,1
P001,HRTF_A,26,3.542,157.42,12.44,15,1
P001,HRTF_A,26,3.556,156.56,12.44,15,1
P001,HRTF_A,26,3.570,155.79,12.43,15,1
P001,HRTF_A,26,3.584,155.13,12.46,15,1
P001,HRTF_A,26,3.597,154.49,12.51,15,1
P001,HRTF_A,26,3.611,153.86,12.50,15,1
P001,HRTF_A,26,3.625,153.38,12.50,15,1
P001,HRTF_A,26,3.639,152.98,12.41,15,1
P001,HRTF_A,26,3.653,152.61,12.33,15,1
P001,HRTF_A,26,3.667,152.23,12.23,15,1
P001,HRTF_A,26,3.681,152.01,12.22,15,1
P001,HRTF_A,26,3.695,151.89,12.28,15,1
P001,HRTF_A,26,3.709,151.94,12.32,15,1
P001,HRTF_A,26,3.723,152.43,12.40,15,1
P001,HRTF_A,26,3.736,153.29,12.54,15,1
P001,HRTF_A,26,3.750,154.66,12.65,15,1
P001,HRTF_A,26,3.764,156.69,12.80,15,1
P001,HRTF_A,26,3.778,158.96,12.88,15,1
P001,HRTF_A,26,3.792,162.12,12.76,15,1
P001,HRTF_A,26,3.806,165.63,12.56,15,1
P001,HRTF_A,26,3.820,169.12,12.31,15,1
P001,HRTF_A,26,3.834,172.51,12.00,15,1
P001,HRTF_A,26,3.848,176.03,11.71,15,1
P001,HRTF_A,26,3.861,179.40,11.30,15,1
P001,HRTF_A,26,3.875,-177.36,10.86,15,1
P001,HRTF_A,26,3.889,-174.30,10.45,15,1
P001,HRTF_A,26,3.903,-171.50,9.95,15,1
P001,HRTF_A,26,3.917,-168.89,9.42,15,1
P001,HRTF_A,26,3.931,-166.46,8.85,15,1
P001,HRTF_A,26,3.945,-164.43,8.31,15,1
P001,HRTF_A,26,3.959,-162.54,7.79,15,1
P001,HRTF_A,26,3.973,-160.94,7.24,15,1
P001,HRTF_A,26,3.987,-159.65,6.63,15,1
P001,HRTF_A,26,4.000,-158.36,5.98,15,1
P001,HRTF_A,26,4.014,-157.21,5.29,15,1
P001,HRTF_A,26,4.028,-156.30,4.59,15,1
P001,HRTF_A,26,4.042,-155.59,3.86,15,1
P001,HRTF_A,26,4.056,-154.90,3.15,15,1
P001,HRTF_A,26,4.070,-154.30,2.42,15,1
P001,HRTF_A,26,4.084,-153.77,1.72,15,1
P001,HRTF_A,26,4.098,-153.25,1.14,15,1
P001,HRTF_A,26,4.112,-152.74,0.57,15,1
P001,HRTF_A,26,4.125,-152.19,-0.05,15,1
P001,HRTF_A,26,4.139,-151.57,-0.64,15,1
P001,HRTF_A,26,4.153,-150.91,-1.21,15,1
P001,HRTF_A,26,4.167,-150.22,-1.72,15,1
P001,HRTF_A,26,4.181,-149.55,-2.20,15,1
P001,HRTF_A,26,4.195,-148.82,-2.74,15,1
P001,HRTF_A,26,4.209,-148.06,-3.26,15,1
P001,HRTF_A,26,4.223,-147.28,-3.74,15,1
P001,HRTF_A,26,4.237,-146.50,-4.23,15,1
P001,HRTF_A,26,4.251,-145.75,-4.79,15,1
P001,HRTF_A,26,4.264,-144.98,-5.39,15,1
P001,HRTF_A,26,4.278,-144.26,-6.10,15,1
P001,HRTF_A,26,4.292,-143.57,-6.76,15,1
P001,HRTF_A,26,4.306,-142.92,-7.38,15,1
P001,HRTF_A,26,4.320,-142.39,-8.05,15,1
P001,HRTF_A,26,4.334,-141.86,-8.77,15,1
P001,HRTF_A,26,4.348,-141.41,-9.58,15,1
P001,HRTF_A,26,4.362,-140.96,-10.41,15,1
P001,HRTF_A,26,4.376,-140.55,-11.30,15,1
P001,HRTF_A,26,4.389,-140.15,-12.18,15,1
P001,HRTF_A,26,4.403,-139.83,-13.08,15,1
P001,HRTF_A,26,4.417,-139.45,-13.98,15,1
P001,HRTF_A,26,4.431,-139.11,-14.94,15,1
P001,HRTF_A,26,4.445,-138.71,-15.96,15,1
P001,HRTF_A,26,4.459,-138.30,-16.98,15,1
P001,HRTF_A,26,4.473,-137.96,-18.02,15,1
P001,HRTF_A,26,4.487,-137.64,-19.06,15,1
P001,HRTF_A,26,4.501,-137.34,-20.05,15,1
P001,HRTF_A,26,4.514,-137.09,-21.07,15,1
P001,HRTF_A,26,4.528,-136.80,-22.03,15,1
P001,HRTF_A,26,4.542,-136.63,-22.80,15,1
P001,HRTF_A,26,4.556,-136.51,-23.50,15,1
P001,HRTF_A,26,4.570,-136.41,-24.12,15,1
P001,HRTF_A,26,4.584,-136.28,-24.76,15,1
P001,HRTF_A,26,4.598,-136.20,-25.45,15,1
P001,HRTF_A,26,4.612,-136.15,-26.17,15,1
P001,HRTF_A,26,4.626,-136.16,-26.95,15,1
P001,HRTF_A,26,4.639,-136.21,-27.77,15,1
P001,HRTF_A,26,4.653,-136.31,-28.71,15,1
P001,HRTF_A,26,4.667,-136.38,-29.76,15,1
P001,HRTF_A,26,4.681,-136.46,-30.89,15,1
P001,HRTF_A,26,4.695,-136.62,-32.05,15,1
P001,HRTF_A,26,4.709,-136.87,-33.24,15,1
P001,HRTF_A,26,4.723,-137.13,-34.50,15,1
P001,HRTF_A,26,4.737,-137.48,-35.80,15,1
P001,HRTF_A,26,4.751,-137.88,-37.09,15,1
P001,HRTF_A,26,4.764,-138.30,-38.39,15,1
P001,HRTF_A,26,4.779,-138.77,-39.72,15,1
P001,HRTF_A,26,4.792,-139.33,-41.04,15,1
P001,HRTF_A,26,4.806,-140.17,-42.28,15,1
P001,HRTF_A,26,4.820,-141.03,-43.46,15,1
P001,HRTF_A,26,4.834,-142.00,-44.64,15,1
P001,HRTF_A,26,4.848,-143.32,-45.76,15,1
P001,HRTF_A,26,4.862,-144.71,-46.68,15,1
P001,HRTF_A,26,4.875,-146.07,-47.48,15,1
P001,HRTF_A,26,4.889,-147.33,-48.13,15,1
P001,HRTF_A,26,4.903,-148.55,-48.52,15,1
P001,HRTF_A,26,4.917,-149.79,-48.88,15,1
P001,HRTF_A,26,4.931,-150.93,-49.32,15,1
P001,HRTF_A,26,4.945,-152.04,-49.87,15,1
P001,HRTF_A,26,4.959,-153.07,-50.40,15,1
P001,HRTF_A,26,4.973,-154.10,-50.80,15,1
P001,HRTF_A,26,4.987,-155.39,-51.17,15,1
P001,HRTF_A,26,5.001,-156.73,-51.58,15,1
P001,HRTF_A,26,5.014,-158.06,-52.01,15,1
P001,HRTF_A,26,5.028,-159.57,-52.53,15,1
P001,HRTF_A,26,5.042,-161.00,-53.10,15,1
P001,HRTF_A,26,5.056,-162.55,-53.55,15,1
P001,HRTF_A,26,5.070,-164.24,-53.90,15,1
P001,HRTF_A,26,5.084,-166.17,-54.23,15,1
P001,HRTF_A,26,5.098,-168.20,-54.45,15,1
P001,HRTF_A,26,5.112,-170.02,-54.49,15,1
P001,HRTF_A,26,5.126,-172.10,-54.48,15,1
P001,HRTF_A,26,5.139,-173.85,-54.43,15,1
P001,HRTF_A,26,5.153,-175.36,-54.34,15,1
P001,HRTF_A,26,5.167,-176.80,-54.34,15,1
P001,HRTF_A,26,5.181,-178.20,-54.33,15,1
P001,HRTF_A,26,5.195,-179.62,-54.28,15,1
P001,HRTF_A,26,5.209,178.97,-54.12,15,1
P001,HRTF_A,26,5.223,177.64,-53.95,15,1
P001,HRTF_A,26,5.237,176.43,-53.71,15,1
P001,HRTF_A,26,5.250,175.15,-53.51,15,1
P001,HRTF_A,26,5.264,173.85,-53.25,15,1
P001,HRTF_A,26,5.278,172.33,-52.99,15,1
P001,HRTF_A,26,5.292,170.88,-52.68,15,1
P001,HRTF_A,26,5.306,169.56,-52.30,15,1
P001,HRTF_A,26,5.320,168.35,-51.98,15,1
P001,HRTF_A,26,5.334,167.20,-51.71,15,1
P001,HRTF_A,26,5.348,166.09,-51.53,15,1
P001,HRTF_A,26,5.362,165.06,-51.36,15,1
P001,HRTF_A,26,5.376,164.06,-51.27,15,1
P001,HRTF_A,26,5.389,163.20,-51.11,15,1
P001,HRTF_A,26,5.403,162.38,-50.96,15,1
P001,HRTF_A,26,5.417,161.62,-50.86,15,1
P001,HRTF_A,26,5.431,160.91,-50.87,15,1
P001,HRTF_A,26,5.445,160.34,-50.81,15,1
P001,HRTF_A,26,5.459,159.85,-50.76,15,1
P001,HRTF_A,26,5.473,159.47,-50.62,15,1
P001,HRTF_A,26,5.487,159.06,-50.49,15,1
P001,HRTF_A,26,5.501,158.70,-50.32,15,1
P001,HRTF_A,26,5.515,158.37,-50.18,15,1
P001,HRTF_A,26,5.528,158.08,-50.04,15,1
P001,HRTF_A,26,5.542,157.82,-49.91,15,1
P001,HRTF_A,26,5.556,157.61,-49.75,15,1
P001,HRTF_A,26,5.570,157.40,-49.60,15,1
P001,HRTF_A,26,5.584,157.21,-49.46,15,1
P001,HRTF_A,26,5.598,156.96,-49.37,15,1
P001,HRTF_A,26,5.612,156.75,-49.29,15,1
P001,HRTF_A,26,5.626,156.56,-49.25,15,1
P001,HRTF_A,26,5.639,156.38,-49.23,15,1
P001,HRTF_A,26,5.653,156.23,-49.21,15,1
P001,HRTF_A,26,5.667,156.08,-49.17,15,1
P001,HRTF_A,26,5.681,155.93,-49.18,15,1
P001,HRTF_A,26,5.695,155.79,-49.19,15,1
P001,HRTF_A,26,5.709,155.67,-49.23,15,1
P001,HRTF_A,26,5.723,155.58,-49.27,15,1
P001,HRTF_A,26,5.737,155.45,-49.30,15,1
P001,HRTF_A,26,5.751,155.32,-49.32,15,1
P001,HRTF_A,26,5.765,155.18,-49.34,15,1
P001,HRTF_A,26,5.779,155.04,-49.36,15,1
P001,HRTF_A,26,5.792,154.91,-49.37,15,1
P001,HRTF_A,26,5.806,154.78,-49.40,15,1
P001,HRTF_A,26,5.820,154.63,-49.44,15,1
P001,HRTF_A,26,5.834,154.49,-49.44,15,1
P001,HRTF_A,26,5.848,154.35,-49.42,15,1
P001,HRTF_A,26,5.862,154.17,-49.39,15,1
P001,HRTF_A,26,5.875,153.99,-49.35,15,1
P001,HRTF_A,26,5.889,153.84,-49.33,15,1
P001,HRTF_A,26,5.903,153.67,-49.30,15,1
P001,HRTF_A,26,5.917,153.52,-49.29,15,1
P001,HRTF_A,26,5.931,153.36,-49.27,15,1
P001,HRTF_A,26,5.945,153.18,-49.26,15,1
P001,HRTF_A,26,5.959,152.99,-49.28,15,1
P001,HRTF_A,26,5.973,152.82,-49.28,15,1
P001,HRTF_A,26,5.987,152.67,-49.27,15,1
P001,HRTF_A,27,0.017,-13.23,-1.95,22,1
P001,HRTF_A,27,0.035,-13.39,-2.01,22,1
P001,HRTF_A,27,0.047,-13.45,-2.11,22,1
P001,HRTF_A,27,0.062,-13.49,-2.20,22,1
P001,HRTF_A,27,0.077,-13.55,-2.28,22,1
P001,HRTF_A,27,0.094,-13.56,-2.36,22,1
P001,HRTF_A,27,0.106,-13.58,-2.43,22,1
P001,HRTF_A,27,0.121,-13.55,-2.52,22,1
P001,HRTF_A,27,0.135,-13.54,-2.57,22,1
P001,HRTF_A,27,0.149,-13.50,-2.66,22,1
P001,HRTF_A,27,0.163,-13.47,-2.74,22,1
P001,HRTF_A,27,0.177,-13.40,-2.82,22,1
P001,HRTF_A,27,0.191,-13.30,-2.91,22,1
P001,HRTF_A,27,0.205,-13.17,-2.97,22,1
P001,HRTF_A,27,0.220,-13.01,-3.03,22,1
P001,HRTF_A,27,0.234,-12.88,-3.09,22,1
P001,HRTF_A,27,0.247,-12.72,-3.18,22,1
P001,HRTF_A,27,0.261,-12.59,-3.31,22,1
P001,HRTF_A,27,0.276,-12.39,-3.45,22,1
P001,HRTF_A,27,0.289,-12.14,-3.58,22,1
P001,HRTF_A,27,0.303,-11.83,-3.72,22,1
P001,HRTF_A,27,0.317,-11.44,-3.95,22,1
P001,HRTF_A,27,0.331,-10.97,-4.31,22,1
P001,HRTF_A,27,0.345,-10.43,-4.69,22,1
P001,HRTF_A,27,0.360,-9.71,-5.14,22,1
P001,HRTF_A,27,0.373,-8.88,-5.64,22,1
P001,HRTF_A,27,0.387,-7.99,-6.21,22,1
P001,HRTF_A,27,0.401,-7.08,-6.88,22,1
P001,HRTF_A,27,0.415,-6.08,-7.64,22,1
P001,HRTF_A,27,0.429,-5.04,-8.34,22,1
P001,HRTF_A,27,0.443,-3.87,-8.97,22,1
P001,HRTF_A,27,0.457,-2.69,-9.57,22,1
P001,HRTF_A,27,0.471,-1.47,-10.19,22,1
P001,HRTF_A,27,0.485,-0.25,-10.75,22,1
P001,HRTF_A,27,0.498,1.00,-11.35,22,1
P001,HRTF_A,27,0.512,2.33,-11.90,22,1
P001,HRTF_A,27,0.526,3.71,-12.46,22,1
P001,HRTF_A,27,0.540,5.23,-13.04,22,1
P001,HRTF_A,27,0.554,6.83,-13.59,22,1
P001,HRTF_A,27,0.568,8.53,-14.18,22,1
P001,HRTF_A,27,0.582,10.30,-14.71,22,1
P001,HRTF_A,27,0.596,12.15,-15.22,22,1
P001,HRTF_A,27,0.610,14.04,-15.69,22,1
P001,HRTF_A,27,0.624,16.00,-16.28,22,1
P001,HRTF_A,27,0.638,17.93,-16.83,22,1
P001,HRTF_A,27,0.651,19.85,-17.31,22,1
P001,HRTF_A,27,0.665,21.71,-17.82,22,1
P001,HRTF_A,27,0.679,23.56,-18.30,22,1
P001,HRTF_A,27,0.693,25.37,-18.69,22,1
P001,HRTF_A,27,0.707,27.11,-19.03,22,1
P001,HRTF_A,27,0.721,28.88,-19.38,22,1
P001,HRTF_A,27,0.735,30.53,-19.67,22,1
P001,HRTF_A,27,0.749,32.19,-19.92,22,1
P001,HRTF_A,27,0.763,33.73,-20.07,22,1
P001,HRTF_A,27,0.777,35.21,-20.12,22,1
P001,HRTF_A,27,0.791,36.54,-20.06,22,1
P001,HRTF_A,27,0.804,37.77,-19.97,22,1
P001,HRTF_A,27,0.818,38.98,-19.85,22,1
P001,HRTF_A,27,0.832,40.15,-19.79,22,1
P001,HRTF_A,27,0.846,41.08,-19.64,22,1
P001,HRTF_A,27,0.860,41.96,-19.52,22,1
P001,HRTF_A,27,0.874,42.74,-19.34,22,1
P001,HRTF_A,27,0.888,43.45,-19.20,22,1
P001,HRTF_A,27,0.902,44.05,-19.04,22,1
P001,HRTF_A,27,0.915,44.64,-18.89,22,1
P001,HRTF_A,27,0.930,45.17,-18.77,22,1
P001,HRTF_A,27,0.943,45.64,-18.63,22,1
P001,HRTF_A,27,0.957,46.09,-18.56,22,1
P001,HRTF_A,27,0.971,46.52,-18.54,22,1
P001,HRTF_A,27,0.985,46.98,-18.54,22,1
P001,HRTF_A,27,0.999,47.37,-18.58,22,1
P001,HRTF_A,27,1.013,47.64,-18.63,22,1
P001,HRTF_A,27,1.027,47.96,-18.66,22,1
P001,HRTF_A,27,1.041,48.32,-18.68,22,1
P001,HRTF_A,27,1.055,48.67,-18.68,22,1
P001,HRTF_A,27,1.069,49.02,-18.65,22,1
P001,HRTF_A,27,1.082,49.32,-18.68,22,1
P001,HRTF_A,27,1.096,49.66,-18.72,22,1
P001,HRTF_A,27,1.110,50.11,-18.72,22,1
P001,HRTF_A,27,1.124,50.75,-18.76,22,1
P001,HRTF_A,27,1.138,51.49,-18.87,22,1
P001,HRTF_A,27,1.152,52.35,-19.00,22,1
P001,HRTF_A,27,1.166,53.27,-19.14,22,1
P001,HRTF_A,27,1.180,54.22,-19.21,22,1
P001,HRTF_A,27,1.194,55.39,-19.21,22,1
P001,HRTF_A,27,1.207,56.48,-19.14,22,1
P001,HRTF_A,27,1.221,57.64,-19.09,22,1
P001,HRTF_A,27,1.235,58.78,-18.96,22,1
P001,HRTF_A,27,1.249,59.84,-18.77,22,1
P001,HRTF_A,27,1.263,60.88,-18.38,22,1
P001,HRTF_A,27,1.277,61.88,-18.03,22,1
P001,HRTF_A,27,1.291,62.80,-17.63,22,1
P001,HRTF_A,27,1.305,63.65,-17.17,22,1
P001,HRTF_A,27,1.319,64.39,-16.63,22,1
P001,HRTF_A,27,1.333,65.13,-16.06,22,1
P001,HRTF_A,27,1.346,65.81,-15.45,22,1
P001,HRTF_A,27,1.360,66.44,-14.83,22,1
P001,HRTF_A,27,1.374,66.96,-14.27,22,1
P001,HRTF_A,27,1.388,67.39,-13.66,22,1
P001,HRTF_A,27,1.402,67.71,-13.05,22,1
P001,HRTF_A,27,1.416,67.98,-12.42,22,1
P001,HRTF_A,27,1.430,68.18,-11.78,22,1
P001,HRTF_A,27,1.444,68.27,-11.14,22,1
P001,HRTF_A,27,1.458,68.30,-10.55,22,1
P001,HRTF_A,27,1.472,68.27,-9.95,22,1
P001,HRTF_A,27,1.485,68.20,-9.41,22,1
P001,HRTF_A,27,1.499,68.09,-8.90,22,1
P001,HRTF_A,27,1.513,67.95,-8.43,22,1
P001,HRTF_A,27,1.527,67.80,-7.98,22,1
P001,HRTF_A,27,1.541,67.62,-7.55,22,1
P001,HRTF_A,27,1.555,67.43,-7.19,22,1
P001,HRTF_A,27,1.569,67.24,-6.83,22,1
P001,HRTF_A,27,1.583,67.12,-6.46,22,1
P001,HRTF_A,27,1.597,66.97,-6.13,22,1
P001,HRTF_A,27,1.611,66.87,-5.77,22,1
P001,HRTF_A,27,1.624,66.83,-5.44,22,1
P001,HRTF_A,27,1.638,66.77,-5.14,22,1
P001,HRTF_A,27,1.652,66.76,-4.81,22,1
P001,HRTF_A,27,1.666,66.72,-4.56,22,1
P001,HRTF_A,27,1.680,66.76,-4.27,22,1
P001,HRTF_A,27,1.694,66.81,-3.99,22,1
P001,HRTF_A,27,1.708,66.90,-3.80,22,1
P001,HRTF_A,27,1.721,66.96,-3.62,22,1
P001,HRTF_A,27,1.735,67.03,-3.47,22,1
P001,HRTF_A,27,1.750,67.13,-3.35,22,1
P001,HRTF_A,27,1.763,67.22,-3.27,22,1
P001,HRTF_A,27,1.777,67.31,-3.21,22,1
P001,HRTF_A,27,1.791,67.39,-3.20,22,1
P001,HRTF_A,27,1.805,67.48,-3.17,22,1
P001,HRTF_A,27,1.819,67.55,-3.18,22,1
P001,HRTF_A,27,1.833,67.64,-3.18,22,1
P001,HRTF_A,27,1.847,67.72,-3.20,22,1
P001,HRTF_A,27,1.861,67.80,-3.18,22,1
P001,HRTF_A,27,1.875,67.85,-3.16,22,1
P001,HRTF_A,27,1.888,67.89,-3.18,22,1
P001,HRTF_A,27,1.902,67.92,-3.21,22,1
P001,HRTF_A,27,1.916,67.92,-3.26,22,1
P001,HRTF_A,27,1.930,67.93,-3.31,22,1
P001,HRTF_A,27,1.944,67.93,-3.36,22,1
P001,HRTF_A,27,1.958,67.92,-3.39,22,1
P001,HRTF_A,27,1.972,67.91,-3.43,22,1
P001,HRTF_A,27,1.986,67.88,-3.46,22,1
P001,HRTF_A,27,2.000,67.84,-3.52,22,1
P001,HRTF_A,27,2.014,67.79,-3.58,22,1
P001,HRTF_A,27,2.027,67.74,-3.64,22,1
P001,HRTF_A,27,2.041,67.71,-3.69,22,1
P001,HRTF_A,27,2.055,67.70,-3.74,22,1
P001,HRTF_A,27,2.069,67.67,-3.81,22,1
P001,HRTF_A,27,2.083,67.64,-3.88,22,1
P001,HRTF_A,27,2.097,67.61,-3.97,22,1
P001,HRTF_A,27,2.111,67.58,-4.01,22,1
P001,HRTF_A,27,2.125,67.54,-4.04,22,1
P001,HRTF_A,27,2.138,67.52,-4.06,22,1
P001,HRTF_A,27,2.152,67.50,-4.08,22,1
P001,HRTF_A,27,2.166,67.48,-4.11,22,1
P001,HRTF_A,27,2.180,67.47,-4.14,22,1
P001,HRTF_A,27,2.194,67.45,-4.15,22,1
P001,HRTF_A,27,2.208,67.43,-4.15,22,1
P001,HRTF_A,27,2.222,67.41,-4.14,22,1
P001,HRTF_A,27,2.236,67.39,-4.13,22,1
P001,HRTF_A,27,2.249,67.39,-4.13,22,1
P001,HRTF_A,27,2.263,67.37,-4.14,22,1
P001,HRTF_A,27,2.277,67.37,-4.16,22,1
P001,HRTF_A,27,2.291,67.34,-4.15,22,1
P001,HRTF_A,27,2.305,67.34,-4.14,22,1
P001,HRTF_A,27,2.319,67.32,-4.12,22,1
P001,HRTF_A,27,2.333,67.32,-4.10,22,1
P001,HRTF_A,27,2.347,67.32,-4.09,22,1
P001,HRTF_A,27,2.361,67.33,-4.10,22,1
P001,HRTF_A,27,2.375,67.34,-4.08,22,1
P001,HRTF_A,27,2.389,67.37,-4.07,22,1
P001,HRTF_A,27,2.403,67.42,-4.04,22,1
P001,HRTF_A,27,2.416,67.47,-4.00,22,1
P001,HRTF_A,27,2.430,67.51,-3.95,22,1
P001,HRTF_A,27,2.444,67.56,-3.92,22,1
P001,HRTF_A,27,2.458,67.61,-3.88,22,1
P001,HRTF_A,27,2.472,67.66,-3.85,22,1
P001,HRTF_A,27,2.486,67.74,-3.82,22,1
P001,HRTF_A,27,2.499,67.84,-3.81,22,1
P001,HRTF_A,27,2.514,67.90,-3.81,22,1
P001,HRTF_A,27,2.527,67.97,-3.83,22,1
P001,HRTF_A,27,2.541,68.03,-3.86,22,1
P001,HRTF_A,27,2.555,68.07,-3.89,22,1
P001,HRTF_A,27,2.569,68.11,-3.95,22,1
P001,HRTF_A,27,2.583,68.12,-4.01,22,1
P001,HRTF_A,27,2.597,68.13,-4.06,22,1
P001,HRTF_A,27,2.611,68.12,-4.11,22,1
P001,HRTF_A,27,2.625,68.11,-4.14,22,1
P001,HRTF_A,27,2.638,68.10,-4.17,22,1
P001,HRTF_A,27,2.652,68.11,-4.21,22,1
P001,HRTF_A,27,2.666,68.13,-4.25,22,1
P001,HRTF_A,27,2.680,68.17,-4.27,22,1
P001,HRTF_A,27,2.694,68.23,-4.25,22,1
P001,HRTF_A,27,2.708,68.32,-4.20,22,1
P001,HRTF_A,27,2.722,68.43,-4.14,22,1
P001,HRTF_A,27,2.735,68.63,-4.03,22,1
P001,HRTF_A,27,2.749,68.84,-3.93,22,1
P001,HRTF_A,27,2.763,69.09,-3.84,22,1
P001,HRTF_A,27,2.777,69.40,-3.76,22,1
P001,HRTF_A,27,2.791,69.77,-3.73,22,1
P001,HRTF_A,27,2.805,70.19,-3.76,22,1
P001,HRTF_A,27,2.819,70.61,-3.83,22,1
P001,HRTF_A,27,2.833,71.19,-4.01,22,1
P001,HRTF_A,27,2.847,71.89,-4.21,22,1
P001,HRTF_A,27,2.861,72.63,-4.36,22,1
P001,HRTF_A,27,2.875,73.57,-4.55,22,1
P001,HRTF_A,27,2.888,74.70,-4.78,22,1
P001,HRTF_A,27,2.902,76.01,-4.94,22,1
P001,HRTF_A,27,2.917,77.44,-5.15,22,1
P001,HRTF_A,27,2.930,79.25,-5.29,22,1
P001,HRTF_A,27,2.944,81.13,-5.38,22,1
P001,HRTF_A,27,2.958,83.27,-5.45,22,1
P001,HRTF_A,27,2.972,85.36,-5.50,22,1
P001,HRTF_A,27,2.986,87.47,-5.52,22,1
P001,HRTF_A,27,3.000,89.86,-5.46,22,1
P001,HRTF_A,27,3.013,92.19,-5.33,22,1
P001,HRTF_A,27,3.027,94.62,-5.20,22,1
P001,HRTF_A,27,3.041,97.09,-5.03,22,1
P001,HRTF_A,27,3.055,99.55,-4.83,22,1
P001,HRTF_A,27,3.069,102.03,-4.63,22,1
P001,HRTF_A,27,3.083,104.42,-4.43,22,1
P001,HRTF_A,27,3.097,106.78,-4.24,22,1
P001,HRTF_A,27,3.111,109.14,-4.12,22,1
P001,HRTF_A,27,3.125,111.49,-4.02,22,1
P001,HRTF_A,27,3.138,113.85,-3.95,22,1
P001,HRTF_A,27,3.152,116.21,-3.85,22,1
P001,HRTF_A,27,3.167,118.50,-3.70,22,1
P001,HRTF_A,27,3.180,120.81,-3.57,22,1
P001,HRTF_A,27,3.194,123.13,-3.49,22,1
P001,HRTF_A,27,3.208,125.38,-3.44,22,1
P001,HRTF_A,27,3.222,127.61,-3.43,22,1
P001,HRTF_A,27,3.236,129.84,-3.39,22,1
P001,HRTF_A,27,3.250,132.09,-3.40,22,1
P001,HRTF_A,27,3.264,134.32,-3.35,22,1
P001,HRTF_A,27,3.278,136.49,-3.30,22,1
P001,HRTF_A,27,3.291,138.48,-3.34,22,1
P001,HRTF_A,27,3.305,140.53,-3.36,22,1
P001,HRTF_A,27,3.319,142.48,-3.41,22,1
P001,HRTF_A,27,3.333,144.47,-3.36,22,1
P001,HRTF_A,27,3.347,146.37,-3.33,22,1
P001,HRTF_A,27,3.361,148.18,-3.33,22,1
P001,HRTF_A,27,3.375,149.98,-3.36,22,1
P001,HRTF_A,27,3.389,151.75,-3.36,22,1
P001,HRTF_A,27,3.403,153.44,-3.34,22,1
P001,HRTF_A,27,3.416,155.10,-3.32,22,1
P001,HRTF_A,27,3.430,156.70,-3.31,22,1
P001,HRTF_A,27,3.444,158.32,-3.32,22,1
P001,HRTF_A,27,3.458,159.88,-3.36,22,1
P001,HRTF_A,27,3.472,161.43,-3.40,22,1
P001,HRTF_A,27,3.486,162.91,-3.46,22,1
P001,HRTF_A,27,3.500,164.33,-3.60,22,1
P001,HRTF_A,27,3.513,165.69,-3.83,22,1
P001,HRTF_A,27,3.527,167.05,-4.14,22,1
P001,HRTF_A,27,3.541,168.31,-4.55,22,1
P001,HRTF_A,27,3.559,169.52,-5.03,22,1
P001,HRTF_A,27,3.572,170.62,-5.58,22,1
P001,HRTF_A,27,3.586,171.67,-6.21,22,1
P001,HRTF_A,27,3.601,172.60,-6.82,22,1
P001,HRTF_A,27,3.614,173.53,-7.49,22,1
P001,HRTF_A,27,3.628,174.41,-8.17,22,1
P001,HRTF_A,27,3.652,175.15,-8.95,22,1
P001,HRTF_A,27,3.666,176.94,-10.29,22,1
P001,HRTF_A,27,3.680,177.80,-10.98,22,1
P001,HRTF_A,27,3.694,178.68,-11.60,22,1
P001,HRTF_A,27,3.708,179.53,-12.22,22,1
P001,HRTF_A,27,3.722,-179.63,-12.82,22,1
P001,HRTF_A,27,3.736,-178.75,-13.44,22,1
P001,HRTF_A,27,3.750,-177.88,-14.03,22,1
P001,HRTF_A,27,3.764,-176.96,-14.65,22,1
P001,HRTF_A,27,3.778,-176.01,-15.24,22,1
P001,HRTF_A,27,3.791,-175.09,-15.86,22,1
P001,HRTF_A,27,3.805,-174.20,-16.54,22,1
P001,HRTF_A,27,3.820,-173.28,-17.21,22,1
P001,HRTF_A,27,3.833,-172.35,-17.96,22,1
P001,HRTF_A,27,3.847,-171.45,-18.76,22,1
P001,HRTF_A,27,3.861,-170.61,-19.62,22,1
P001,HRTF_A,27,3.875,-169.89,-20.64,22,1
P001,HRTF_A,27,3.889,-169.24,-21.61,22,1
P001,HRTF_A,27,3.903,-168.80,-22.65,22,1
P001,HRTF_A,27,3.917,-168.42,-23.65,22,1
P001,HRTF_A,27,3.931,-168.15,-24.65,22,1
P001,HRTF_A,27,3.944,-167.92,-25.62,22,1
P001,HRTF_A,27,3.958,-167.86,-26.57,22,1
P001,HRTF_A,27,3.972,-167.76,-27.44,22,1
P001,HRTF_A,27,3.986,-167.72,-28.17,22,1
P001,HRTF_A,27,4.000,-167.61,-28.86,22,1
P001,HRTF_A,27,4.014,-167.46,-29.43,22,1
P001,HRTF_A,27,4.027,-167.22,-30.00,22,1
P001,HRTF_A,27,4.042,-166.93,-30.24,22,1
P001,HRTF_A,27,4.055,-166.63,-30.48,22,1
P001,HRTF_A,27,4.069,-166.19,-30.65,22,1
P001,HRTF_A,27,4.083,-165.69,-30.78,22,1
P001,HRTF_A,27,4.097,-165.07,-30.80,22,1
P001,HRTF_A,27,4.111,-164.37,-30.71,22,1
P001,HRTF_A,27,4.126,-163.56,-30.57,22,1
P001,HRTF_A,27,4.139,-162.70,-30.34,22,1
P001,HRTF_A,27,4.152,-161.84,-30.13,22,1
P001,HRTF_A,27,4.166,-160.96,-29.87,22,1
P001,HRTF_A,27,4.181,-160.10,-29.63,22,1
P001,HRTF_A,27,4.194,-159.20,-29.33,22,1
P001,HRTF_A,27,4.208,-158.29,-29.03,22,1
P001,HRTF_A,27,4.222,-157.42,-28.76,22,1
P001,HRTF_A,27,4.236,-156.51,-28.45,22,1
P001,HRTF_A,27,4.250,-155.61,-28.11,22,1
P001,HRTF_A,27,4.264,-154.73,-27.74,22,1
P001,HRTF_A,27,4.278,-153.86,-27.41,22,1
P001,HRTF_A,27,4.291,-153.01,-27.03,22,1
P001,HRTF_A,27,4.305,-152.20,-26.64,22,1
P001,HRTF_A,27,4.319,-151.41,-26.25,22,1
P001,HRTF_A,27,4.333,-150.66,-25.85,22,1
P001,HRTF_A,27,4.347,-149.95,-25.38,22,1
P001,HRTF_A,27,4.361,-149.29,-24.93,22,1
P001,HRTF_A,27,4.376,-148.74,-24.49,22,1
P001,HRTF_A,27,4.389,-148.18,-24.03,22,1
P001,HRTF_A,27,4.403,-147.66,-23.65,22,1
P001,HRTF_A,27,4.416,-147.16,-23.24,22,1
P001,HRTF_A,27,4.430,-146.72,-22.94,22,1
P001,HRTF_A,27,4.444,-146.32,-22.61,22,1
P001,HRTF_A,27,4.458,-145.93,-22.38,22,1
P001,HRTF_A,27,4.472,-145.58,-22.14,22,1
P001,HRTF_A,27,4.486,-145.26,-21.91,22,1
P001,HRTF_A,27,4.500,-144.95,-21.70,22,1
P001,HRTF_A,27,4.514,-144.65,-21.55,22,1
P001,HRTF_A,27,4.528,-144.38,-21.53,22,1
P001,HRTF_A,27,4.541,-144.10,-21.48,22,1
P001,HRTF_A,27,4.555,-143.87,-21.45,22,1
P001,HRTF_A,27,4.569,-143.65,-21.40,22,1
P001,HRTF_A,27,4.583,-143.49,-21.38,22,1
P001,HRTF_A,27,4.597,-143.34,-21.35,22,1
P001,HRTF_A,27,4.611,-143.19,-21.34,22,1
P001,HRTF_A,27,4.625,-143.02,-21.35,22,1
P001,HRTF_A,27,4.639,-142.86,-21.37,22,1
P001,HRTF_A,27,4.653,-142.71,-21.38,22,1
P001,HRTF_A,28,0.014,-13.40,-2.93,20,1
P001,HRTF_A,28,0.031,-13.82,-2.92,20,1
P001,HRTF_A,28,0.042,-14.22,-2.90,20,1
P001,HRTF_A,28,0.055,-14.68,-2.95,20,1
P001,HRTF_A,28,0.069,-15.19,-2.99,20,1
P001,HRTF_A,28,0.083,-15.73,-3.11,20,1
P001,HRTF_A,28,0.097,-16.27,-3.16,20,1
P001,HRTF_A,28,0.111,-16.80,-3.18,20,1
P001,HRTF_A,28,0.125,-17.37,-3.11,20,1
P001,HRTF_A,28,0.142,-17.94,-3.06,20,1
P001,HRTF_A,28,0.152,-18.53,-3.05,20,1
P001,HRTF_A,28,0.167,-19.14,-3.04,20,1
P001,HRTF_A,28,0.180,-19.79,-3.07,20,1
P001,HRTF_A,28,0.194,-20.46,-3.12,20,1
P001,HRTF_A,28,0.208,-21.12,-3.12,20,1
P001,HRTF_A,28,0.222,-21.77,-3.11,20,1
P001,HRTF_A,28,0.236,-22.42,-3.12,20,1
P001,HRTF_A,28,0.250,-23.13,-3.16,20,1
P001,HRTF_A,28,0.264,-23.84,-3.21,20,1
P001,HRTF_A,28,0.278,-24.54,-3.24,20,1
P001,HRTF_A,28,0.291,-25.24,-3.25,20,1
P001,HRTF_A,28,0.305,-25.92,-3.24,20,1
P001,HRTF_A,28,0.319,-26.61,-3.24,20,1
P001,HRTF_A,28,0.333,-27.29,-3.23,20,1
P001,HRTF_A,28,0.347,-27.98,-3.28,20,1
P001,HRTF_A,28,0.361,-28.66,-3.36,20,1
P001,HRTF_A,28,0.375,-29.35,-3.42,20,1
P001,HRTF_A,28,0.389,-30.04,-3.56,20,1
P001,HRTF_A,28,0.402,-30.70,-3.64,20,1
P001,HRTF_A,28,0.416,-31.37,-3.74,20,1
P001,HRTF_A,28,0.430,-32.00,-3.82,20,1
P001,HRTF_A,28,0.444,-32.61,-3.91,20,1
P001,HRTF_A,28,0.458,-33.23,-4.01,20,1
P001,HRTF_A,28,0.472,-33.85,-4.15,20,1
P001,HRTF_A,28,0.486,-34.44,-4.29,20,1
P001,HRTF_A,28,0.500,-35.04,-4.41,20,1
P001,HRTF_A,28,0.514,-35.61,-4.52,20,1
P001,HRTF_A,28,0.528,-36.15,-4.67,20,1
P001,HRTF_A,28,0.542,-36.71,-4.82,20,1
P001,HRTF_A,28,0.555,-37.31,-4.94,20,1
P001,HRTF_A,28,0.569,-37.86,-5.06,20,1
P001,HRTF_A,28,0.583,-38.44,-5.23,20,1
P001,HRTF_A,28,0.597,-39.03,-5.41,20,1
P001,HRTF_A,28,0.611,-39.61,-5.59,20,1
P001,HRTF_A,28,0.625,-40.18,-5.78,20,1
P001,HRTF_A,28,0.639,-40.76,-5.93,20,1
P001,HRTF_A,28,0.653,-41.36,-6.11,20,1
P001,HRTF_A,28,0.666,-42.02,-6.21,20,1
P001,HRTF_A,28,0.680,-42.63,-6.31,20,1
P001,HRTF_A,28,0.694,-43.35,-6.41,20,1
P001,HRTF_A,28,0.708,-44.04,-6.49,20,1
P001,HRTF_A,28,0.722,-44.81,-6.51,20,1
P001,HRTF_A,28,0.736,-45.52,-6.54,20,1
P001,HRTF_A,28,0.750,-46.29,-6.53,20,1
P001,HRTF_A,28,0.764,-47.03,-6.51,20,1
P001,HRTF_A,28,0.778,-47.81,-6.41,20,1
P001,HRTF_A,28,0.791,-48.57,-6.33,20,1
P001,HRTF_A,28,0.805,-49.31,-6.23,20,1
P001,HRTF_A,28,0.819,-50.06,-6.17,20,1
P001,HRTF_A,28,0.833,-50.83,-6.13,20,1
P001,HRTF_A,28,0.847,-51.54,-6.13,20,1
P001,HRTF_A,28,0.861,-52.26,-6.20,20,1
P001,HRTF_A,28,0.875,-52.93,-6.16,20,1
P001,HRTF_A,28,0.889,-53.63,-6.13,20,1
P001,HRTF_A,28,0.903,-54.26,-6.07,20,1
P001,HRTF_A,28,0.916,-54.90,-6.04,20,1
P001,HRTF_A,28,0.930,-55.53,-5.99,20,1
P001,HRTF_A,28,0.944,-56.11,-6.00,20,1
P001,HRTF_A,28,0.958,-56.74,-5.95,20,1
P001,HRTF_A,28,0.972,-57.30,-5.94,20,1
P001,HRTF_A,28,0.986,-57.88,-5.92,20,1
P001,HRTF_A,28,1.000,-58.42,-5.91,20,1
P001,HRTF_A,28,1.014,-58.98,-5.86,20,1
P001,HRTF_A,28,1.028,-59.53,-5.86,20,1
P001,HRTF_A,28,1.042,-60.10,-5.87,20,1
P001,HRTF_A,28,1.055,-60.65,-5.89,20,1
P001,HRTF_A,28,1.069,-61.18,-5.90,20,1
P001,HRTF_A,28,1.083,-61.70,-5.88,20,1
P001,HRTF_A,28,1.097,-62.22,-5.82,20,1
P001,HRTF_A,28,1.111,-62.72,-5.83,20,1
P001,HRTF_A,28,1.125,-63.26,-5.86,20,1
P001,HRTF_A,28,1.139,-63.76,-5.87,20,1
P001,HRTF_A,28,1.153,-64.28,-5.91,20,1
P001,HRTF_A,28,1.166,-64.79,-5.92,20,1
P001,HRTF_A,28,1.180,-65.32,-5.94,20,1
P001,HRTF_A,28,1.195,-65.89,-5.99,20,1
P001,HRTF_A,28,1.208,-66.39,-6.06,20,1
P001,HRTF_A,28,1.222,-66.97,-6.11,20,1
P001,HRTF_A,28,1.236,-67.52,-6.18,20,1
P001,HRTF_A,28,1.250,-68.09,-6.23,20,1
P001,HRTF_A,28,1.264,-68.65,-6.28,20,1
P001,HRTF_A,28,1.278,-69.23,-6.34,20,1
P001,HRTF_A,28,1.291,-69.81,-6.43,20,1
P001,HRTF_A,28,1.305,-70.34,-6.50,20,1
P001,HRTF_A,28,1.319,-70.92,-6.58,20,1
P001,HRTF_A,28,1.333,-71.47,-6.66,20,1
P001,HRTF_A,28,1.347,-72.02,-6.71,20,1
P001,HRTF_A,28,1.361,-72.57,-6.78,20,1
P001,HRTF_A,28,1.375,-73.06,-6.78,20,1
P001,HRTF_A,28,1.389,-73.65,-6.79,20,1
P001,HRTF_A,28,1.402,-74.21,-6.83,20,1
P001,HRTF_A,28,1.416,-74.77,-6.93,20,1
P001,HRTF_A,28,1.430,-75.33,-6.97,20,1
P001,HRTF_A,28,1.444,-75.91,-7.02,20,1
P001,HRTF_A,28,1.458,-76.50,-7.09,20,1
P001,HRTF_A,28,1.472,-77.11,-7.14,20,1
P001,HRTF_A,28,1.486,-77.75,-7.20,20,1
P001,HRTF_A,28,1.500,-78.39,-7.26,20,1
P001,HRTF_A,28,1.513,-79.04,-7.37,20,1
P001,HRTF_A,28,1.527,-79.70,-7.46,20,1
P001,HRTF_A,28,1.541,-80.39,-7.50,20,1
P001,HRTF_A,28,1.555,-81.06,-7.54,20,1
P001,HRTF_A,28,1.569,-81.74,-7.55,20,1
P001,HRTF_A,28,1.583,-82.43,-7.57,20,1
P001,HRTF_A,28,1.597,-83.11,-7.56,20,1
P001,HRTF_A,28,1.611,-83.85,-7.57,20,1
P001,HRTF_A,28,1.625,-84.61,-7.56,20,1
P001,HRTF_A,28,1.639,-85.37,-7.53,20,1
P001,HRTF_A,28,1.652,-86.10,-7.52,20,1
P001,HRTF_A,28,1.666,-86.87,-7.49,20,1
P001,HRTF_A,28,1.680,-87.63,-7.46,20,1
P001,HRTF_A,28,1.694,-88.36,-7.48,20,1
P001,HRTF_A,28,1.708,-89.14,-7.53,20,1
P001,HRTF_A,28,1.722,-89.90,-7.55,20,1
P001,HRTF_A,28,1.736,-90.68,-7.64,20,1
P001,HRTF_A,28,1.750,-91.43,-7.72,20,1
P001,HRTF_A,28,1.764,-92.18,-7.81,20,1
P001,HRTF_A,28,1.778,-92.89,-7.85,20,1
P001,HRTF_A,28,1.791,-93.61,-7.96,20,1
P001,HRTF_A,28,1.805,-94.26,-8.01,20,1
P001,HRTF_A,28,1.819,-94.93,-8.10,20,1
P001,HRTF_A,28,1.833,-95.53,-8.21,20,1
P001,HRTF_A,28,1.847,-96.08,-8.31,20,1
P001,HRTF_A,28,1.861,-96.59,-8.47,20,1
P001,HRTF_A,28,1.875,-97.14,-8.64,20,1
P001,HRTF_A,28,1.889,-97.60,-8.86,20,1
P001,HRTF_A,28,1.902,-98.01,-9.02,20,1
P001,HRTF_A,28,1.916,-98.43,-9.24,20,1
P001,HRTF_A,28,1.930,-98.72,-9.43,20,1
P001,HRTF_A,28,1.944,-98.98,-9.74,20,1
P001,HRTF_A,28,1.958,-99.30,-10.07,20,1
P001,HRTF_A,28,1.972,-99.59,-10.50,20,1
P001,HRTF_A,28,1.986,-99.84,-10.98,20,1
P001,HRTF_A,28,2.000,-100.05,-11.44,20,1
P001,HRTF_A,28,2.014,-100.26,-11.89,20,1
P001,HRTF_A,28,2.028,-100.41,-12.30,20,1
P001,HRTF_A,28,2.041,-100.55,-12.75,20,1
P001,HRTF_A,28,2.055,-100.68,-13.24,20,1
P001,HRTF_A,28,2.069,-100.81,-13.77,20,1
P001,HRTF_A,28,2.083,-100.91,-14.35,20,1
P001,HRTF_A,28,2.097,-101.06,-14.93,20,1
P001,HRTF_A,28,2.111,-101.17,-15.52,20,1
P001,HRTF_A,28,2.125,-101.29,-16.11,20,1
P001,HRTF_A,28,2.139,-101.38,-16.68,20,1
P001,HRTF_A,28,2.152,-101.53,-17.26,20,1
P001,HRTF_A,28,2.166,-101.68,-17.84,20,1
P001,HRTF_A,28,2.180,-101.83,-18.42,20,1
P001,HRTF_A,28,2.194,-101.97,-19.09,20,1
P001,HRTF_A,28,2.208,-102.14,-19.71,20,1
P001,HRTF_A,28,2.222,-102.34,-20.33,20,1
P001,HRTF_A,28,2.236,-102.57,-20.95,20,1
P001,HRTF_A,28,2.250,-102.82,-21.57,20,1
P001,HRTF_A,28,2.264,-103.10,-22.13,20,1
P001,HRTF_A,28,2.277,-103.47,-22.68,20,1
P001,HRTF_A,28,2.291,-103.79,-23.23,20,1
P001,HRTF_A,28,2.305,-104.17,-23.74,20,1
P001,HRTF_A,28,2.319,-104.58,-24.18,20,1
P001,HRTF_A,28,2.333,-104.91,-24.52,20,1
P001,HRTF_A,28,2.347,-105.26,-24.83,20,1
P001,HRTF_A,28,2.361,-105.57,-25.00,20,1
P001,HRTF_A,28,2.375,-105.90,-25.07,20,1
P001,HRTF_A,28,2.388,-106.22,-25.05,20,1
P001,HRTF_A,28,2.402,-106.50,-25.01,20,1
P001,HRTF_A,28,2.416,-106.77,-24.92,20,1
P001,HRTF_A,28,2.430,-107.06,-24.85,20,1
P001,HRTF_A,28,2.444,-107.35,-24.77,20,1
P001,HRTF_A,28,2.458,-107.62,-24.67,20,1
P001,HRTF_A,28,2.472,-107.90,-24.59,20,1
P001,HRTF_A,28,2.486,-108.16,-24.52,20,1
P001,HRTF_A,28,2.500,-108.43,-24.44,20,1
P001,HRTF_A,28,2.514,-108.74,-24.38,20,1
P001,HRTF_A,28,2.527,-109.00,-24.33,20,1
P001,HRTF_A,28,2.541,-109.31,-24.25,20,1
P001,HRTF_A,28,2.555,-109.61,-24.18,20,1
P001,HRTF_A,28,2.569,-109.88,-24.12,20,1
P001,HRTF_A,28,2.583,-110.15,-24.08,20,1
P001,HRTF_A,28,2.597,-110.42,-24.07,20,1
P001,HRTF_A,28,2.611,-110.71,-24.06,20,1
P001,HRTF_A,28,2.625,-111.00,-24.05,20,1
P001,HRTF_A,28,2.638,-111.27,-24.03,20,1
P001,HRTF_A,28,2.652,-111.54,-24.02,20,1
P001,HRTF_A,28,2.666,-111.79,-24.08,20,1
P001,HRTF_A,28,2.680,-112.06,-24.09,20,1
P001,HRTF_A,28,2.694,-112.28,-24.11,20,1
P001,HRTF_A,28,2.708,-112.51,-24.08,20,1
P001,HRTF_A,28,2.722,-112.77,-24.08,20,1
P001,HRTF_A,28,2.736,-113.04,-24.06,20,1
P001,HRTF_A,28,2.750,-113.35,-24.07,20,1
P001,HRTF_A,28,2.763,-113.66,-24.11,20,1
P001,HRTF_A,28,2.777,-113.95,-24.14,20,1
P001,HRTF_A,28,2.791,-114.26,-24.12,20,1
P001,HRTF_A,28,2.805,-114.55,-24.06,20,1
P001,HRTF_A,28,2.819,-114.85,-23.99,20,1
P001,HRTF_A,28,2.833,-115.17,-23.94,20,1
P001,HRTF_A,28,2.847,-115.51,-23.90,20,1
P001,HRTF_A,28,2.861,-115.90,-23.90,20,1
P001,HRTF_A,28,2.875,-116.27,-23.88,20,1
P001,HRTF_A,28,2.888,-116.65,-23.86,20,1
P001,HRTF_A,28,2.902,-117.04,-23.85,20,1
P001,HRTF_A,28,2.916,-117.43,-23.86,20,1
P001,HRTF_A,28,2.930,-117.84,-23.85,20,1
P001,HRTF_A,28,2.944,-118.33,-23.86,20,1
P001,HRTF_A,28,2.958,-118.81,-23.83,20,1
P001,HRTF_A,28,2.972,-119.32,-23.83,20,1
P001,HRTF_A,28,2.985,-119.90,-23.85,20,1
P001,HRTF_A,28,2.999,-120.52,-23.86,20,1
P001,HRTF_A,28,3.013,-121.26,-23.86,20,1
P001,HRTF_A,28,3.028,-122.06,-23.90,20,1
P001,HRTF_A,28,3.041,-122.89,-23.98,20,1
P001,HRTF_A,28,3.055,-123.81,-24.06,20,1
P001,HRTF_A,28,3.069,-124.68,-24.09,20,1
P001,HRTF_A,28,3.083,-125.75,-24.17,20,1
P001,HRTF_A,28,3.097,-126.75,-24.22,20,1
P001,HRTF_A,28,3.111,-127.69,-24.34,20,1
P001,HRTF_A,28,3.124,-128.65,-24.43,20,1
P001,HRTF_A,28,3.138,-129.59,-24.49,20,1
P001,HRTF_A,28,3.152,-130.50,-24.46,20,1
P001,HRTF_A,28,3.166,-131.38,-24.49,20,1
P001,HRTF_A,28,3.180,-132.28,-24.48,20,1
P001,HRTF_A,28,3.194,-133.15,-24.42,20,1
P001,HRTF_A,28,3.208,-134.07,-24.42,20,1
P001,HRTF_A,28,3.222,-134.91,-24.37,20,1
P001,HRTF_A,28,3.236,-135.72,-24.32,20,1
P001,HRTF_A,28,3.250,-136.56,-24.26,20,1
P001,HRTF_A,28,3.263,-137.36,-24.14,20,1
P001,HRTF_A,28,3.277,-138.14,-24.00,20,1
P001,HRTF_A,28,3.291,-138.92,-23.85,20,1
P001,HRTF_A,28,3.305,-139.60,-23.73,20,1
P001,HRTF_A,28,3.319,-140.28,-23.61,20,1
P001,HRTF_A,28,3.333,-140.85,-23.50,20,1
P001,HRTF_A,28,3.347,-141.37,-23.44,20,1
P001,HRTF_A,28,3.361,-141.74,-23.32,20,1
P001,HRTF_A,28,3.375,-141.96,-23.21,20,1
P001,HRTF_A,28,3.389,-142.06,-23.12,20,1
P001,HRTF_A,28,3.402,-142.13,-23.05,20,1
P001,HRTF_A,28,3.416,-141.96,-22.98,20,1
P001,HRTF_A,28,3.430,-141.77,-22.96,20,1
P001,HRTF_A,28,3.444,-141.35,-22.97,20,1
P001,HRTF_A,28,3.458,-140.94,-22.99,20,1
P001,HRTF_A,28,3.472,-140.40,-23.07,20,1
P001,HRTF_A,28,3.486,-139.83,-23.17,20,1
P001,HRTF_A,28,3.500,-139.20,-23.27,20,1
P001,HRTF_A,28,3.513,-138.58,-23.37,20,1
P001,HRTF_A,28,3.527,-137.84,-23.53,20,1
P001,HRTF_A,28,3.541,-137.04,-23.62,20,1
P001,HRTF_A,28,3.555,-136.12,-23.70,20,1
P001,HRTF_A,28,3.569,-135.21,-23.76,20,1
P001,HRTF_A,28,3.583,-134.21,-23.81,20,1
P001,HRTF_A,28,3.597,-133.16,-23.85,20,1
P001,HRTF_A,28,3.611,-132.00,-23.85,20,1
P001,HRTF_A,28,3.624,-130.86,-23.84,20,1
P001,HRTF_A,28,3.639,-129.68,-23.85,20,1
P001,HRTF_A,28,3.652,-128.44,-23.80,20,1
P001,HRTF_A,28,3.666,-127.14,-23.74,20,1
P001,HRTF_A,28,3.680,-125.84,-23.64,20,1
P001,HRTF_A,28,3.694,-124.55,-23.58,20,1
P001,HRTF_A,28,3.708,-123.29,-23.53,20,1
P001,HRTF_A,28,3.722,-121.99,-23.49,20,1
P001,HRTF_A,28,3.736,-120.72,-23.44,20,1
P001,HRTF_A,28,3.750,-119.41,-23.41,20,1
P001,HRTF_A,28,3.764,-118.15,-23.32,20,1
P001,HRTF_A,28,3.777,-116.92,-23.24,20,1
P001,HRTF_A,28,3.791,-115.80,-23.14,20,1
P001,HRTF_A,28,3.805,-114.61,-23.03,20,1
P001,HRTF_A,28,3.819,-113.48,-22.89,20,1
P001,HRTF_A,28,3.833,-112.35,-22.73,20,1
P001,HRTF_A,28,3.847,-111.27,-22.60,20,1
P001,HRTF_A,28,3.861,-110.27,-22.49,20,1
P001,HRTF_A,28,3.875,-109.22,-22.37,20,1
P001,HRTF_A,28,3.889,-108.13,-22.29,20,1
P001,HRTF_A,28,3.902,-107.02,-22.24,20,1
P001,HRTF_A,28,3.916,-105.94,-22.17,20,1
P001,HRTF_A,28,3.930,-104.82,-22.16,20,1
P001,HRTF_A,28,3.944,-103.69,-22.10,20,1
P001,HRTF_A,28,3.958,-102.54,-22.11,20,1
P001,HRTF_A,28,3.972,-101.37,-22.08,20,1
P001,HRTF_A,28,3.986,-100.23,-22.09,20,1
P001,HRTF_A,28,4.000,-99.08,-22.12,20,1
P001,HRTF_A,28,4.014,-97.89,-22.07,20,1
P001,HRTF_A,28,4.027,-96.69,-22.02,20,1
P001,HRTF_A,28,4.041,-95.48,-21.97,20,1
P001,HRTF_A,28,4.055,-94.31,-21.85,20,1
P001,HRTF_A,28,4.069,-93.14,-21.77,20,1
P001,HRTF_A,28,4.083,-91.98,-21.71,20,1
P001,HRTF_A,28,4.097,-90.82,-21.68,20,1
P001,HRTF_A,28,4.111,-89.66,-21.63,20,1
P001,HRTF_A,28,4.125,-88.52,-21.54,20,1
P001,HRTF_A,28,4.138,-87.42,-21.48,20,1
P001,HRTF_A,28,4.152,-86.32,-21.39,20,1
P001,HRTF_A,28,4.166,-85.23,-21.36,20,1
P001,HRTF_A,28,4.180,-84.10,-21.33,20,1
P001,HRTF_A,28,4.194,-82.94,-21.28,20,1
P001,HRTF_A,28,4.208,-81.76,-21.28,20,1
P001,HRTF_A,28,4.222,-80.59,-21.25,20,1
P001,HRTF_A,28,4.236,-79.44,-21.16,20,1
P001,HRTF_A,28,4.250,-78.22,-21.18,20,1
P001,HRTF_A,28,4.264,-77.04,-21.20,20,1
P001,HRTF_A,28,4.278,-75.87,-21.24,20,1
P001,HRTF_A,28,4.291,-74.67,-21.29,20,1
P001,HRTF_A,28,4.305,-73.49,-21.32,20,1
P001,HRTF_A,28,4.319,-72.33,-21.45,20,1
P001,HRTF_A,28,4.333,-71.14,-21.54,20,1
P001,HRTF_A,28,4.347,-69.96,-21.62,20,1
P001,HRTF_A,28,4.361,-68.77,-21.73,20,1
P001,HRTF_A,28,4.374,-67.54,-21.80,20,1
P001,HRTF_A,28,4.388,-66.27,-21.88,20,1
P001,HRTF_A,28,4.402,-64.97,-21.97,20,1
P001,HRTF_A,28,4.416,-63.68,-22.06,20,1
P001,HRTF_A,28,4.430,-62.35,-22.24,20,1
P001,HRTF_A,28,4.444,-60.99,-22.41,20,1
P001,HRTF_A,28,4.458,-59.55,-22.56,20,1
P001,HRTF_A,28,4.472,-58.06,-22.67,20,1
P001,HRTF_A,28,4.486,-56.57,-22.77,20,1
P001,HRTF_A,28,4.499,-55.09,-22.84,20,1
P001,HRTF_A,28,4.513,-53.59,-22.91,20,1
P001,HRTF_A,28,4.527,-52.04,-23.01,20,1
P001,HRTF_A,28,4.541,-50.43,-23.10,20,1
P001,HRTF_A,28,4.555,-48.82,-23.14,20,1
P001,HRTF_A,28,4.569,-47.26,-23.21,20,1
P001,HRTF_A,28,4.583,-45.74,-23.24,20,1
P001,HRTF_A,28,4.597,-44.18,-23.28,20,1
P001,HRTF_A,28,4.611,-42.63,-23.31,20,1
P001,HRTF_A,28,4.624,-41.08,-23.31,20,1
P001,HRTF_A,28,4.638,-39.53,-23.31,20,1
P001,HRTF_A,28,4.652,-38.04,-23.20,20,1
P001,HRTF_A,28,4.666,-36.66,-23.06,20,1
P001,HRTF_A,28,4.680,-35.26,-22.90,20,1
P001,HRTF_A,28,4.694,-33.85,-22.73,20,1
P001,HRTF_A,28,4.708,-32.49,-22.49,20,1
P001,HRTF_A,28,4.722,-31.16,-22.20,20,1
P001,HRTF_A,28,4.736,-29.91,-21.89,20,1
P001,HRTF_A,28,4.749,-28.73,-21.54,20,1
P001,HRTF_A,28,4.763,-27.59,-21.19,20,1
P001,HRTF_A,28,4.778,-26.46,-20.81,20,1
P001,HRTF_A,28,4.791,-25.36,-20.47,20,1
P001,HRTF_A,28,4.805,-24.35,-20.17,20,1
P001,HRTF_A,28,4.819,-23.35,-19.87,20,1
P001,HRTF_A,28,4.833,-22.37,-19.58,20,1
P001,HRTF_A,28,4.846,-21.51,-19.37,20,1
P001,HRTF_A,28,4.861,-20.58,-19.14,20,1
P001,HRTF_A,28,4.874,-19.69,-18.97,20,1
P001,HRTF_A,28,4.888,-18.80,-18.83,20,1
P001,HRTF_A,28,4.902,-17.94,-18.67,20,1
P001,HRTF_A,28,4.916,-17.10,-18.53,20,1
P001,HRTF_A,28,4.930,-16.23,-18.41,20,1
P001,HRTF_A,28,4.944,-15.37,-18.30,20,1
P001,HRTF_A,28,4.958,-14.52,-18.24,20,1
P001,HRTF_A,28,4.971,-13.69,-18.32,20,1
P001,HRTF_A,28,4.985,-12.89,-18.46,20,1
P001,HRTF_A,28,4.999,-12.12,-18.75,20,1
P001,HRTF_A,28,5.013,-11.39,-19.01,20,1
P001,HRTF_A,28,5.027,-10.73,-19.36,20,1
P001,HRTF_A,28,5.041,-10.02,-19.63,20,1
P001,HRTF_A,28,5.055,-9.37,-19.94,20,1
P001,HRTF_A,28,5.069,-8.72,-20.24,20,1
P001,HRTF_A,28,5.083,-8.15,-20.63,20,1
P001,HRTF_A,28,5.097,-7.59,-21.02,20,1
P001,HRTF_A,28,5.110,-7.04,-21.44,20,1
P001,HRTF_A,28,5.124,-6.50,-21.91,20,1
P001,HRTF_A,28,5.138,-5.91,-22.36,20,1
P001,HRTF_A,28,5.152,-5.35,-22.83,20,1
P001,HRTF_A,28,5.166,-4.82,-23.30,20,1
P001,HRTF_A,28,5.180,-4.26,-23.81,20,1
P001,HRTF_A,28,5.194,-3.72,-24.33,20,1
P001,HRTF_A,28,5.207,-3.18,-24.84,20,1
P001,HRTF_A,28,5.221,-2.64,-25.28,20,1
P001,HRTF_A,28,5.235,-2.10,-25.61,20,1
P001,HRTF_A,28,5.249,-1.50,-25.81,20,1
P001,HRTF_A,28,5.263,-0.93,-26.01,20,1
P001,HRTF_A,28,5.277,-0.33,-26.18,20,1
P001,HRTF_A,28,5.291,0.24,-26.22,20,1
P001,HRTF_A,28,5.305,0.89,-26.30,20,1
P001,HRTF_A,28,5.319,1.62,-26.22,20,1
P001,HRTF_A,28,5.332,2.38,-26.18,20,1
P001,HRTF_A,28,5.346,3.14,-26.17,20,1
P001,HRTF_A,28,5.360,3.94,-26.21,20,1
P001,HRTF_A,28,5.374,4.75,-26.19,20,1
P001,HRTF_A,28,5.388,5.59,-26.15,20,1
P001,HRTF_A,28,5.402,6.42,-26.13,20,1
P001,HRTF_A,28,5.416,7.25,-26.09,20,1
P001,HRTF_A,28,5.430,8.08,-26.08,20,1
P001,HRTF_A,28,5.444,8.89,-26.09,20,1
P001,HRTF_A,28,5.457,9.74,-26.09,20,1
P001,HRTF_A,28,5.472,10.53,-26.04,20,1
P001,HRTF_A,28,5.485,11.37,-25.98,20,1
P001,HRTF_A,28,5.499,12.22,-25.93,20,1
P001,HRTF_A,28,5.513,13.04,-25.88,20,1
P001,HRTF_A,28,5.527,13.86,-25.82,20,1
P001,HRTF_A,28,5.541,14.68,-25.78,20,1
P001,HRTF_A,28,5.555,15.49,-25.79,20,1
P001,HRTF_A,28,5.569,16.33,-25.80,20,1
P001,HRTF_A,28,5.583,17.16,-25.80,20,1
P001,HRTF_A,28,5.597,17.99,-25.81,20,1
P001,HRTF_A,28,5.610,18.77,-25.80,20,1
P001,HRTF_A,28,5.624,19.57,-25.79,20,1
P001,HRTF_A,28,5.638,20.36,-25.72,20,1
P001,HRTF_A,28,5.652,21.15,-25.67,20,1
P001,HRTF_A,28,5.666,21.90,-25.58,20,1
P001,HRTF_A,28,5.680,22.61,-25.50,20,1
P001,HRTF_A,28,5.694,23.32,-25.39,20,1
P001,HRTF_A,28,5.708,24.04,-25.25,20,1
P001,HRTF_A,28,5.721,24.74,-25.07,20,1
P001,HRTF_A,28,5.735,25.40,-24.91,20,1
P001,HRTF_A,28,5.749,26.03,-24.83,20,1
P001,HRTF_A,28,5.763,26.67,-24.77,20,1
P001,HRTF_A,28,5.777,27.24,-24.74,20,1
P001,HRTF_A,28,5.791,27.79,-24.67,20,1
P001,HRTF_A,28,5.805,28.33,-24.62,20,1
P001,HRTF_A,28,5.819,28.83,-24.56,20,1
P001,HRTF_A,28,5.833,29.32,-24.54,20,1
P001,HRTF_A,28,5.846,29.78,-24.51,20,1
P001,HRTF_A,28,5.860,30.23,-24.52,20,1
P001,HRTF_A,28,5.874,30.66,-24.52,20,1
P001,HRTF_A,28,5.888,31.08,-24.53,20,1
P001,HRTF_A,28,5.902,31.48,-24.52,20,1
P001,HRTF_A,28,5.916,31.84,-24.47,20,1
P001,HRTF_A,28,5.930,32.19,-24.44,20,1
P001,HRTF_A,28,5.944,32.54,-24.40,20,1
P001,HRTF_A,28,5.958,32.88,-24.44,20,1
P001,HRTF_A,28,5.971,33.15,-24.45,20,1
P001,HRTF_A,28,5.985,33.43,-24.42,20,1
P001,HRTF_A,28,5.999,33.66,-24.40,20,1
P001,HRTF_A,28,6.013,33.85,-24.37,20,1
P001,HRTF_A,28,6.027,34.03,-24.30,20,1
P001,HRTF_A,28,6.041,34.18,-24.26,20,1
P001,HRTF_A,28,6.055,34.31,-24.21,20,1
P001,HRTF_A,28,6.069,34.45,-24.15,20,1
P001,HRTF_A,28,6.083,34.53,-24.07,20,1
P001,HRTF_A,28,6.096,34.61,-23.98,20,1
P001,HRTF_A,28,6.110,34.65,-23.90,20,1
P001,HRTF_A,28,6.124,34.70,-23.81,20,1
P001,HRTF_A,28,6.139,34.74,-23.76,20,1
P001,HRTF_A,28,6.152,34.79,-23.72,20,1
P001,HRTF_A,28,6.166,34.78,-23.67,20,1
P001,HRTF_A,28,6.180,34.74,-23.59,20,1
P001,HRTF_A,28,6.194,34.65,-23.54,20,1
P001,HRTF_A,28,6.208,34.56,-23.50,20,1
P001,HRTF_A,28,6.221,34.44,-23.49,20,1
P001,HRTF_A,28,6.235,34.29,-23.47,20,1
P001,HRTF_A,28,6.249,34.08,-23.44,20,1
P001,HRTF_A,28,6.263,33.81,-23.42,20,1
P001,HRTF_A,28,6.277,33.51,-23.39,20,1
P001,HRTF_A,28,6.291,33.15,-23.42,20,1
P001,HRTF_A,28,6.305,32.79,-23.45,20,1
P001,HRTF_A,28,6.319,32.35,-23.53,20,1
P001,HRTF_A,28,6.333,31.90,-23.58,20,1
P001,HRTF_A,28,6.346,31.39,-23.63,20,1
P001,HRTF_A,28,6.360,30.90,-23.63,20,1
P001,HRTF_A,28,6.374,30.39,-23.62,20,1
P001,HRTF_A,28,6.388,29.87,-23.62,20,1
P001,HRTF_A,28,6.402,29.36,-23.59,20,1
P001,HRTF_A,28,6.416,28.82,-23.56,20,1
P001,HRTF_A,28,6.430,28.32,-23.58,20,1
P001,HRTF_A,28,6.444,27.78,-23.57,20,1
P001,HRTF_A,28,6.458,27.28,-23.53,20,1
P001,HRTF_A,28,6.471,26.77,-23.51,20,1
P001,HRTF_A,28,6.485,26.26,-23.49,20,1
P001,HRTF_A,28,6.499,25.73,-23.50,20,1
P001,HRTF_A,28,6.513,25.24,-23.54,20,1
P001,HRTF_A,28,6.527,24.76,-23.59,20,1
P001,HRTF_A,28,6.541,24.24,-23.64,20,1
P001,HRTF_A,28,6.555,23.79,-23.71,20,1
P001,HRTF_A,28,6.569,23.27,-23.72,20,1
P001,HRTF_A,28,6.583,22.77,-23.73,20,1
P001,HRTF_A,28,6.596,22.27,-23.73,20,1
P001,HRTF_A,28,6.610,21.73,-23.74,20,1
P001,HRTF_A,28,6.624,21.24,-23.73,20,1
P001,HRTF_A,28,6.638,20.73,-23.69,20,1
P001,HRTF_A,28,6.652,20.18,-23.67,20,1
P001,HRTF_A,28,6.666,19.65,-23.59,20,1
P001,HRTF_A,28,6.680,19.09,-23.56,20,1
P001,HRTF_A,28,6.694,18.50,-23.47,20,1
P001,HRTF_A,28,6.708,17.93,-23.45,20,1
P001,HRTF_A,28,6.721,17.33,-23.41,20,1
P001,HRTF_A,28,6.735,16.72,-23.36,20,1
P001,HRTF_A,28,6.749,16.12,-23.30,20,1
P001,HRTF_A,28,6.763,15.51,-23.30,20,1
P001,HRTF_A,28,6.777,14.91,-23.28,20,1
P001,HRTF_A,28,6.791,14.30,-23.27,20,1
P001,HRTF_A,28,6.805,13.67,-23.26,20,1
P001,HRTF_A,28,6.819,13.05,-23.22,20,1
P001,HRTF_A,28,6.832,12.39,-23.21,20,1
P001,HRTF_A,28,6.846,11.75,-23.20,20,1
P001,HRTF_A,28,6.861,11.07,-23.20,20,1
P001,HRTF_A,28,6.874,10.34,-23.22,20,1
P001,HRTF_A,28,6.888,9.68,-23.24,20,1
P001,HRTF_A,28,6.902,8.96,-23.24,20,1
P001,HRTF_A,28,6.916,8.25,-23.28,20,1
P001,HRTF_A,28,6.930,7.50,-23.30,20,1
P001,HRTF_A,28,6.944,6.72,-23.30,20,1
P001,HRTF_A,28,6.957,5.94,-23.32,20,1
P001,HRTF_A,28,6.971,5.14,-23.36,20,1
P001,HRTF_A,28,6.985,4.33,-23.38,20,1
P001,HRTF_A,28,6.999,3.49,-23.39,20,1
P001,HRTF_A,28,7.013,2.65,-23.43,20,1
P001,HRTF_A,28,7.027,1.72,-23.45,20,1
P001,HRTF_A,28,7.041,0.80,-23.52,20,1
P001,HRTF_A,28,7.055,-0.13,-23.57,20,1
P001,HRTF_A,28,7.069,-1.11,-23.66,20,1
P001,HRTF_A,28,7.083,-2.17,-23.70,20,1
P001,HRTF_A,28,7.096,-3.26,-23.73,20,1
P001,HRTF_A,28,7.110,-4.43,-23.79,20,1
P001,HRTF_A,28,7.124,-5.74,-23.83,20,1
P001,HRTF_A,28,7.138,-7.06,-23.86,20,1
P001,HRTF_A,28,7.152,-8.53,-23.95,20,1
P001,HRTF_A,28,7.166,-10.10,-24.10,20,1
P001,HRTF_A,28,7.180,-11.60,-24.31,20,1
P001,HRTF_A,28,7.194,-13.10,-24.53,20,1
P001,HRTF_A,28,7.208,-14.57,-24.70,20,1
P001,HRTF_A,28,7.221,-16.04,-24.80,20,1
P001,HRTF_A,28,7.235,-17.46,-24.89,20,1
P001,HRTF_A,28,7.249,-18.76,-24.99,20,1
P001,HRTF_A,28,7.263,-20.06,-25.08,20,1
P001,HRTF_A,28,7.277,-21.27,-25.14,20,1
P001,HRTF_A,28,7.291,-22.40,-25.16,20,1
P001,HRTF_A,28,7.305,-23.57,-25.19,20,1
P001,HRTF_A,28,7.319,-24.71,-25.18,20,1
P001,HRTF_A,28,7.333,-25.90,-25.25,20,1
P001,HRTF_A,28,7.347,-27.07,-25.37,20,1
P001,HRTF_A,28,7.361,-28.20,-25.48,20,1
P001,HRTF_A,28,7.374,-29.29,-25.57,20,1
P001,HRTF_A,28,7.388,-30.37,-25.64,20,1
P001,HRTF_A,28,7.402,-31.39,-25.65,20,1
P001,HRTF_A,28,7.416,-32.37,-25.62,20,1
P001,HRTF_A,28,7.430,-33.33,-25.60,20,1
P001,HRTF_A,28,7.444,-34.27,-25.59,20,1
P001,HRTF_A,28,7.458,-35.08,-25.54,20,1
P001,HRTF_A,28,7.471,-35.90,-25.48,20,1
P001,HRTF_A,28,7.485,-36.66,-25.38,20,1
P001,HRTF_A,28,7.499,-37.43,-25.32,20,1
P001,HRTF_A,28,7.513,-38.19,-25.24,20,1
P001,HRTF_A,28,7.527,-38.87,-25.16,20,1
P001,HRTF_A,28,7.541,-39.51,-25.05,20,1
P001,HRTF_A,28,7.555,-40.17,-24.96,20,1
P001,HRTF_A,28,7.569,-40.78,-24.88,20,1
P001,HRTF_A,28,7.583,-41.41,-24.81,20,1
P001,HRTF_A,28,7.597,-42.06,-24.75,20,1
P001,HRTF_A,28,7.611,-42.65,-24.73,20,1
P001,HRTF_A,28,7.624,-43.27,-24.70,20,1
P001,HRTF_A,28,7.638,-43.90,-24.66,20,1
P001,HRTF_A,28,7.652,-44.55,-24.60,20,1
P001,HRTF_A,28,7.666,-45.21,-24.57,20,1
P001,HRTF_A,28,7.680,-45.87,-24.57,20,1
P001,HRTF_A,28,7.694,-46.55,-24.57,20,1
P001,HRTF_A,28,7.708,-47.22,-24.57,20,1
P001,HRTF_A,28,7.721,-47.93,-24.63,20,1
P001,HRTF_A,28,7.735,-48.63,-24.65,20,1
P001,HRTF_A,28,7.749,-49.35,-24.67,20,1
P001,HRTF_A,28,7.763,-50.08,-24.67,20,1
P001,HRTF_A,28,7.777,-50.79,-24.74,20,1
P001,HRTF_A,28,7.791,-51.52,-24.80,20,1
P001,HRTF_A,28,7.805,-52.21,-24.86,20,1
P001,HRTF_A,28,7.819,-52.94,-24.91,20,1
P001,HRTF_A,28,7.833,-53.64,-25.02,20,1
P001,HRTF_A,28,7.846,-54.31,-25.06,20,1
P001,HRTF_A,28,7.860,-54.93,-25.08,20,1
P001,HRTF_A,28,7.874,-55.56,-25.15,20,1
P001,HRTF_A,28,7.888,-56.18,-25.19,20,1
P001,HRTF_A,28,7.902,-56.79,-25.33,20,1
P001,HRTF_A,28,7.916,-57.41,-25.43,20,1
P001,HRTF_A,28,7.930,-57.95,-25.55,20,1
P001,HRTF_A,28,7.944,-58.54,-25.72,20,1
P001,HRTF_A,28,7.958,-59.10,-25.85,20,1
P001,HRTF_A,28,7.972,-59.73,-26.11,20,1
P001,HRTF_A,28,7.985,-60.37,-26.39,20,1
P001,HRTF_A,28,7.999,-61.02,-26.67,20,1
P001,HRTF_A,28,8.013,-61.64,-27.01,20,1
P001,HRTF_A,28,8.027,-62.31,-27.28,20,1
P001,HRTF_A,28,8.041,-62.97,-27.61,20,1
P001,HRTF_A,28,8.055,-63.70,-27.96,20,1
P001,HRTF_A,28,8.069,-64.47,-28.23,20,1
P001,HRTF_A,28,8.083,-65.24,-28.45,20,1
P001,HRTF_A,28,8.096,-66.00,-28.51,20,1
P001,HRTF_A,28,8.110,-66.80,-28.30,20,1
P001,HRTF_A,28,8.124,-67.56,-27.81,20,1
P001,HRTF_A,28,8.138,-68.26,-27.25,20,1
P001,HRTF_A,28,8.152,-68.87,-26.54,20,1
P001,HRTF_A,28,8.166,-69.47,-25.75,20,1
P001,HRTF_A,28,8.180,-70.05,-24.72,20,1
P001,HRTF_A,28,8.194,-70.60,-23.42,20,1
P001,HRTF_A,28,8.207,-71.10,-22.21,20,1
P001,HRTF_A,28,8.221,-71.58,-20.90,20,1
P001,HRTF_A,28,8.235,-72.03,-19.64,20,1
P001,HRTF_A,28,8.249,-72.53,-18.27,20,1
P001,HRTF_A,28,8.263,-72.98,-16.81,20,1
P001,HRTF_A,28,8.277,-73.43,-15.38,20,1
P001,HRTF_A,28,8.291,-73.81,-13.94,20,1
P001,HRTF_A,28,8.305,-74.22,-12.46,20,1
P001,HRTF_A,28,8.319,-74.64,-11.18,20,1
P001,HRTF_A,28,8.333,-75.02,-9.94,20,1
P001,HRTF_A,28,8.346,-75.43,-8.79,20,1
P001,HRTF_A,28,8.360,-75.82,-7.69,20,1
P001,HRTF_A,28,8.374,-76.17,-6.61,20,1
P001,HRTF_A,28,8.388,-76.50,-5.53,20,1
P001,HRTF_A,28,8.402,-76.83,-4.49,20,1
P001,HRTF_A,28,8.416,-77.17,-3.55,20,1
P001,HRTF_A,28,8.430,-77.52,-2.70,20,1
P001,HRTF_A,28,8.444,-77.84,-1.87,20,1
P001,HRTF_A,28,8.457,-78.16,-1.00,20,1
P001,HRTF_A,28,8.471,-78.47,-0.08,20,1
P001,HRTF_A,28,8.485,-78.73,0.86,20,1
P001,HRTF_A,28,8.499,-79.03,1.80,20,1
P001,HRTF_A,28,8.513,-79.30,2.69,20,1
P001,HRTF_A,28,8.527,-79.62,3.52,20,1
P001,HRTF_A,28,8.541,-79.94,4.34,20,1
P001,HRTF_A,28,8.555,-80.26,5.15,20,1
P001,HRTF_A,28,8.569,-80.58,6.00,20,1
P001,HRTF_A,28,8.583,-80.91,6.82,20,1
P001,HRTF_A,28,8.596,-81.25,7.72,20,1
P001,HRTF_A,28,8.610,-81.57,8.59,20,1
P001,HRTF_A,28,8.624,-81.95,9.47,20,1
P001,HRTF_A,28,8.638,-82.37,10.32,20,1
P001,HRTF_A,28,8.652,-82.83,11.07,20,1
P001,HRTF_A,28,8.666,-83.39,11.54,20,1
P001,HRTF_A,28,8.680,-83.92,12.02,20,1
P001,HRTF_A,28,8.694,-84.44,12.42,20,1
P001,HRTF_A,28,8.707,-84.93,12.88,20,1
P001,HRTF_A,28,8.721,-85.49,13.41,20,1
P001,HRTF_A,28,8.735,-85.95,13.87,20,1
P001,HRTF_A,28,8.749,-86.49,14.30,20,1
P001,HRTF_A,28,8.763,-86.97,14.64,20,1
P001,HRTF_A,28,8.777,-87.44,14.87,20,1
P001,HRTF_A,28,8.791,-87.96,15.09,20,1
P001,HRTF_A,28,8.805,-88.28,15.34,20,1
P001,HRTF_A,28,8.819,-88.66,15.66,20,1
P001,HRTF_A,28,8.832,-88.96,16.05,20,1
P001,HRTF_A,28,8.846,-89.22,16.46,20,1
P001,HRTF_A,28,8.860,-89.49,16.88,20,1
P001,HRTF_A,28,8.874,-89.72,17.30,20,1
P001,HRTF_A,28,8.888,-89.99,17.68,20,1
P001,HRTF_A,28,8.902,-90.28,17.97,20,1
P001,HRTF_A,28,8.916,-90.57,18.22,20,1
P001,HRTF_A,28,8.930,-90.88,18.48,20,1
P001,HRTF_A,28,8.944,-91.18,18.65,20,1
P001,HRTF_A,28,8.958,-91.34,18.74,20,1
P001,HRTF_A,28,8.972,-91.73,18.96,20,1
P001,HRTF_A,28,8.985,-92.29,19.12,20,1
P001,HRTF_A,28,8.999,-92.69,19.32,20,1
P001,HRTF_A,28,9.013,-93.10,19.49,20,1
P001,HRTF_A,28,9.027,-93.49,19.56,20,1
P001,HRTF_A,28,9.041,-93.86,19.61,20,1
P001,HRTF_A,28,9.055,-94.25,19.69,20,1
P001,HRTF_A,28,9.068,-94.68,19.75,20,1
P001,HRTF_A,28,9.082,-95.14,19.70,20,1
P001,HRTF_A,28,9.096,-95.60,19.66,20,1
P001,HRTF_A,28,9.110,-96.16,19.56,20,1
P001,HRTF_A,28,9.124,-96.68,19.46,20,1
P001,HRTF_A,28,9.138,-97.26,19.39,20,1
P001,HRTF_A,28,9.152,-97.94,19.30,20,1
P001,HRTF_A,28,9.166,-98.70,19.19,20,1
P001,HRTF_A,28,9.180,-99.45,19.07,20,1
P001,HRTF_A,28,9.194,-100.21,19.00,20,1
P001,HRTF_A,28,9.207,-101.14,18.96,20,1
P001,HRTF_A,28,9.221,-102.04,18.86,20,1
P001,HRTF_A,28,9.235,-102.96,18.88,20,1
P001,HRTF_A,28,9.249,-103.90,18.82,20,1
P001,HRTF_A,28,9.263,-104.89,18.84,20,1
P001,HRTF_A,28,9.277,-105.86,18.83,20,1
P001,HRTF_A,28,9.291,-106.80,18.81,20,1
P001,HRTF_A,28,9.305,-107.77,18.79,20,1
P001,HRTF_A,28,9.319,-108.70,18.63,20,1
P001,HRTF_A,28,9.333,-109.66,18.47,20,1
P001,HRTF_A,28,9.346,-110.61,18.26,20,1
P001,HRTF_A,28,9.360,-111.49,18.10,20,1
P001,HRTF_A,28,9.374,-112.31,18.01,20,1
P001,HRTF_A,28,9.389,-113.11,17.92,20,1
P001,HRTF_A,28,9.402,-113.96,17.81,20,1
P001,HRTF_A,28,9.416,-114.78,17.62,20,1
P001,HRTF_A,28,9.430,-115.56,17.39,20,1
P001,HRTF_A,28,9.444,-116.29,17.21,20,1
P001,HRTF_A,28,9.457,-116.99,17.03,20,1
P001,HRTF_A,28,9.471,-117.59,16.88,20,1
P001,HRTF_A,28,9.485,-118.18,16.84,20,1
P001,HRTF_A,28,9.499,-118.70,16.80,20,1
P001,HRTF_A,28,9.513,-119.21,16.78,20,1
P001,HRTF_A,28,9.527,-119.68,16.68,20,1
P001,HRTF_A,28,9.541,-120.15,16.50,20,1
P001,HRTF_A,28,9.555,-120.55,16.37,20,1
P001,HRTF_A,28,9.569,-120.93,16.31,20,1
P001,HRTF_A,28,9.583,-121.30,16.29,20,1
P001,HRTF_A,28,9.597,-121.65,16.30,20,1
P001,HRTF_A,28,9.610,-121.95,16.32,20,1
P001,HRTF_A,28,9.624,-122.26,16.28,20,1
P001,HRTF_A,28,9.638,-122.56,16.25,20,1
P001,HRTF_A,28,9.652,-122.86,16.22,20,1
P001,HRTF_A,28,9.666,-123.12,16.22,20,1
P001,HRTF_A,28,9.680,-123.38,16.24,20,1
P001,HRTF_A,28,9.693,-123.59,16.30,20,1
P001,HRTF_A,28,9.708,-123.80,16.37,20,1
P001,HRTF_A,28,9.721,-123.97,16.37,20,1
P001,HRTF_A,28,9.735,-124.14,16.35,20,1
P001,HRTF_A,28,9.749,-124.30,16.34,20,1
P001,HRTF_A,28,9.763,-124.43,16.37,20,1
P001,HRTF_A,28,9.777,-124.55,16.40,20,1
P001,HRTF_A,28,9.791,-124.65,16.43,20,1
P001,HRTF_A,28,9.805,-124.76,16.44,20,1
P001,HRTF_A,28,9.819,-124.90,16.41,20,1
P001,HRTF_A,28,9.832,-125.05,16.37,20,1
P001,HRTF_A,28,9.846,-125.18,16.31,20,1
P001,HRTF_A,28,9.860,-125.30,16.25,20,1
P001,HRTF_A,28,9.874,-125.41,16.24,20,1
P001,HRTF_A,28,9.888,-125.54,16.24,20,1
P001,HRTF_A,28,9.902,-125.66,16.24,20,1
P001,HRTF_A,29,0.014,-20.17,0.37,30,1
P001,HRTF_A,29,0.031,-20.10,0.26,30,1
P001,HRTF_A,29,0.042,-20.05,0.14,30,1
P001,HRTF_A,29,0.056,-19.97,0.02,30,1
P001,HRTF_A,29,0.070,-19.86,-0.12,30,1
P001,HRTF_A,29,0.084,-19.78,-0.29,30,1
P001,HRTF_A,29,0.100,-19.70,-0.47,30,1
P001,HRTF_A,29,0.111,-19.64,-0.63,30,1
P001,HRTF_A,29,0.126,-19.57,-0.75,30,1
P001,HRTF_A,29,0.139,-19.54,-0.86,30,1
P001,HRTF_A,29,0.153,-19.53,-0.95,30,1
P001,HRTF_A,29,0.167,-19.53,-1.08,30,1
P001,HRTF_A,29,0.180,-19.53,-1.23,30,1
P001,HRTF_A,29,0.194,-19.52,-1.38,30,1
P001,HRTF_A,29,0.208,-19.50,-1.52,30,1
P001,HRTF_A,29,0.222,-19.49,-1.64,30,1
P001,HRTF_A,29,0.236,-19.48,-1.76,30,1
P001,HRTF_A,29,0.250,-19.50,-1.91,30,1
P001,HRTF_A,29,0.264,-19.51,-2.04,30,1
P001,HRTF_A,29,0.278,-19.54,-2.21,30,1
P001,HRTF_A,29,0.292,-19.58,-2.37,30,1
P001,HRTF_A,29,0.306,-19.67,-2.53,30,1
P001,HRTF_A,29,0.320,-19.77,-2.70,30,1
P001,HRTF_A,29,0.333,-19.95,-2.85,30,1
P001,HRTF_A,29,0.347,-20.22,-3.01,30,1
P001,HRTF_A,29,0.361,-20.52,-3.23,30,1
P001,HRTF_A,29,0.375,-20.88,-3.47,30,1
P001,HRTF_A,29,0.389,-21.36,-3.73,30,1
P001,HRTF_A,29,0.403,-21.89,-4.05,30,1
P001,HRTF_A,29,0.417,-22.56,-4.33,30,1
P001,HRTF_A,29,0.431,-23.23,-4.66,30,1
P001,HRTF_A,29,0.444,-24.04,-4.93,30,1
P001,HRTF_A,29,0.458,-24.81,-5.28,30,1
P001,HRTF_A,29,0.475,-25.53,-5.62,30,1
P001,HRTF_A,29,0.489,-26.20,-6.00,30,1
P001,HRTF_A,29,0.503,-26.90,-6.43,30,1
P001,HRTF_A,29,0.517,-27.65,-6.82,30,1
P001,HRTF_A,29,0.531,-28.43,-7.21,30,1
P001,HRTF_A,29,0.545,-29.14,-7.60,30,1
P001,HRTF_A,29,0.570,-29.78,-8.01,30,1
P001,HRTF_A,29,0.584,-31.13,-8.79,30,1
P001,HRTF_A,29,0.598,-31.85,-9.12,30,1
P001,HRTF_A,29,0.611,-32.61,-9.45,30,1
P001,HRTF_A,29,0.625,-33.32,-9.74,30,1
P001,HRTF_A,29,0.639,-34.01,-10.00,30,1
P001,HRTF_A,29,0.653,-34.71,-10.29,30,1
P001,HRTF_A,29,0.667,-35.42,-10.52,30,1
P001,HRTF_A,29,0.681,-36.14,-10.80,30,1
P001,HRTF_A,29,0.695,-36.86,-11.00,30,1
P001,HRTF_A,29,0.709,-37.54,-11.22,30,1
P001,HRTF_A,29,0.722,-38.20,-11.43,30,1
P001,HRTF_A,29,0.736,-38.82,-11.60,30,1
P001,HRTF_A,29,0.750,-39.51,-11.85,30,1
P001,HRTF_A,29,0.764,-40.12,-12.04,30,1
P001,HRTF_A,29,0.778,-40.74,-12.18,30,1
P001,HRTF_A,29,0.792,-41.33,-12.34,30,1
P001,HRTF_A,29,0.806,-41.89,-12.48,30,1
P001,HRTF_A,29,0.819,-42.44,-12.66,30,1
P001,HRTF_A,29,0.833,-42.96,-12.85,30,1
P001,HRTF_A,29,0.847,-43.39,-13.06,30,1
P001,HRTF_A,29,0.861,-43.85,-13.28,30,1
P001,HRTF_A,29,0.875,-44.24,-13.48,30,1
P001,HRTF_A,29,0.889,-44.63,-13.67,30,1
P001,HRTF_A,29,0.903,-44.97,-13.84,30,1
P001,HRTF_A,29,0.917,-45.33,-14.02,30,1
P001,HRTF_A,29,0.930,-45.63,-14.21,30,1
P001,HRTF_A,29,0.945,-45.88,-14.39,30,1
P001,HRTF_A,29,0.959,-46.11,-14.56,30,1
P001,HRTF_A,29,0.972,-46.29,-14.77,30,1
P001,HRTF_A,29,0.986,-46.45,-14.90,30,1
P001,HRTF_A,29,1.000,-46.63,-15.00,30,1
P001,HRTF_A,29,1.014,-46.78,-15.10,30,1
P001,HRTF_A,29,1.028,-46.90,-15.19,30,1
P001,HRTF_A,29,1.042,-46.99,-15.29,30,1
P001,HRTF_A,29,1.056,-47.05,-15.36,30,1
P001,HRTF_A,29,1.070,-47.08,-15.42,30,1
P001,HRTF_A,29,1.084,-47.08,-15.43,30,1
P001,HRTF_A,29,1.097,-47.10,-15.42,30,1
P001,HRTF_A,29,1.112,-47.10,-15.39,30,1
P001,HRTF_A,29,1.125,-47.06,-15.36,30,1
P001,HRTF_A,29,1.139,-47.02,-15.32,30,1
P001,HRTF_A,29,1.153,-46.97,-15.30,30,1
P001,HRTF_A,29,1.167,-46.89,-15.25,30,1
P001,HRTF_A,29,1.181,-46.81,-15.22,30,1
P001,HRTF_A,30,0.014,-11.83,-0.18,28,1
P001,HRTF_A,30,0.031,-11.55,-0.10,28,1
P001,HRTF_A,30,0.042,-11.31,-0.01,28,1
P001,HRTF_A,30,0.055,-11.04,0.01,28,1
P001,HRTF_A,30,0.069,-10.85,0.01,28,1
P001,HRTF_A,30,0.083,-10.63,-0.02,28,1
P001,HRTF_A,30,0.097,-10.44,-0.08,28,1
P001,HRTF_A,30,0.114,-10.23,-0.09,28,1
P001,HRTF_A,30,0.125,-10.02,-0.11,28,1
P001,HRTF_A,30,0.139,-9.80,-0.16,28,1
P001,HRTF_A,30,0.152,-9.57,-0.24,28,1
P001,HRTF_A,30,0.166,-9.32,-0.34,28,1
P001,HRTF_A,30,0.180,-9.08,-0.48,28,1
P001,HRTF_A,30,0.194,-8.84,-0.65,28,1
P001,HRTF_A,30,0.208,-8.60,-0.84,28,1
P001,HRTF_A,30,0.222,-8.37,-1.01,28,1
P001,HRTF_A,30,0.236,-8.15,-1.23,28,1
P001,HRTF_A,30,0.250,-7.95,-1.50,28,1
P001,HRTF_A,30,0.264,-7.75,-1.75,28,1
P001,HRTF_A,30,0.277,-7.56,-2.07,28,1
P001,HRTF_A,30,0.291,-7.37,-2.38,28,1
P001,HRTF_A,30,0.305,-7.25,-2.77,28,1
P001,HRTF_A,30,0.319,-7.12,-3.09,28,1
P001,HRTF_A,30,0.333,-7.03,-3.52,28,1
P001,HRTF_A,30,0.347,-6.92,-3.94,28,1
P001,HRTF_A,30,0.361,-6.87,-4.40,28,1
P001,HRTF_A,30,0.375,-6.87,-4.91,28,1
P001,HRTF_A,30,0.389,-6.98,-5.44,28,1
P001,HRTF_A,30,0.402,-7.13,-5.92,28,1
P001,HRTF_A,30,0.417,-7.45,-6.42,28,1
P001,HRTF_A,30,0.430,-7.82,-6.90,28,1
P001,HRTF_A,30,0.444,-8.43,-7.45,28,1
P001,HRTF_A,30,0.458,-9.14,-7.99,28,1
P001,HRTF_A,30,0.472,-9.97,-8.46,28,1
P001,HRTF_A,30,0.486,-10.89,-8.88,28,1
P001,HRTF_A,30,0.500,-12.00,-9.14,28,1
P001,HRTF_A,30,0.514,-13.05,-9.43,28,1
P001,HRTF_A,30,0.527,-14.26,-9.56,28,1
P001,HRTF_A,30,0.541,-15.66,-9.52,28,1
P001,HRTF_A,30,0.555,-17.22,-9.35,28,1
P001,HRTF_A,30,0.569,-18.71,-9.20,28,1
P001,HRTF_A,30,0.583,-20.36,-8.80,28,1
P001,HRTF_A,30,0.597,-21.96,-8.42,28,1
P001,HRTF_A,30,0.611,-23.51,-7.93,28,1
P001,HRTF_A,30,0.625,-25.02,-7.48,28,1
P001,HRTF_A,30,0.639,-26.47,-6.94,28,1
P001,HRTF_A,30,0.652,-27.81,-6.42,28,1
P001,HRTF_A,30,0.666,-29.08,-5.90,28,1
P001,HRTF_A,30,0.680,-30.20,-5.34,28,1
P001,HRTF_A,30,0.694,-31.26,-4.75,28,1
P001,HRTF_A,30,0.708,-32.20,-4.17,28,1
P001,HRTF_A,30,0.722,-33.13,-3.60,28,1
P001,HRTF_A,30,0.736,-34.04,-3.01,28,1
P001,HRTF_A,30,0.750,-34.90,-2.50,28,1
P001,HRTF_A,30,0.763,-35.76,-2.01,28,1
P001,HRTF_A,30,0.777,-36.63,-1.58,28,1
P001,HRTF_A,30,0.792,-37.53,-1.18,28,1
P001,HRTF_A,30,0.805,-38.44,-0.83,28,1
P001,HRTF_A,30,0.819,-39.33,-0.54,28,1
P001,HRTF_A,30,0.833,-40.32,-0.24,28,1
P001,HRTF_A,30,0.847,-41.28,0.02,28,1
P001,HRTF_A,30,0.861,-42.33,0.28,28,1
P001,HRTF_A,30,0.875,-43.45,0.57,28,1
P001,HRTF_A,30,0.889,-44.54,0.93,28,1
P001,HRTF_A,30,0.903,-45.55,1.27,28,1
P001,HRTF_A,30,0.916,-46.48,1.64,28,1
P001,HRTF_A,30,0.930,-47.36,2.04,28,1
P001,HRTF_A,30,0.944,-48.18,2.43,28,1
P001,HRTF_A,30,0.958,-48.84,2.90,28,1
P001,HRTF_A,30,0.972,-49.38,3.36,28,1
P001,HRTF_A,30,0.986,-49.80,3.90,28,1
P001,HRTF_A,30,1.000,-50.01,4.33,28,1
P001,HRTF_A,30,1.013,-50.20,4.74,28,1
P001,HRTF_A,30,1.028,-50.22,5.16,28,1
P001,HRTF_A,30,1.041,-50.09,5.56,28,1
P001,HRTF_A,30,1.055,-49.89,5.98,28,1
P001,HRTF_A,30,1.069,-49.54,6.34,28,1
P001,HRTF_A,30,1.083,-49.18,6.65,28,1
P001,HRTF_A,30,1.097,-48.83,6.98,28,1
P001,HRTF_A,30,1.111,-48.41,7.24,28,1
P001,HRTF_A,30,1.125,-47.98,7.47,28,1
P001,HRTF_A,30,1.139,-47.44,7.65,28,1
P001,HRTF_A,30,1.153,-46.87,7.84,28,1
P001,HRTF_A,30,1.166,-46.22,7.99,28,1
P001,HRTF_A,30,1.180,-45.59,8.16,28,1
P001,HRTF_A,30,1.194,-44.84,8.25,28,1
P001,HRTF_A,30,1.208,-44.14,8.31,28,1
P001,HRTF_A,30,1.222,-43.32,8.24,28,1
P001,HRTF_A,30,1.236,-42.49,8.14,28,1
P001,HRTF_A,30,1.250,-41.64,7.94,28,1
P001,HRTF_A,30,1.264,-40.78,7.69,28,1
P001,HRTF_A,30,1.277,-39.88,7.42,28,1
P001,HRTF_A,30,1.291,-38.87,7.14,28,1
P001,HRTF_A,30,1.305,-37.75,6.96,28,1
P001,HRTF_A,30,1.319,-36.61,6.85,28,1
P001,HRTF_A,30,1.333,-35.52,6.76,28,1
P001,HRTF_A,30,1.347,-34.43,6.77,28,1
P001,HRTF_A,30,1.361,-33.36,6.79,28,1
P001,HRTF_A,30,1.375,-32.33,6.79,28,1
P001,HRTF_A,30,1.388,-31.33,6.80,28,1
P001,HRTF_A,30,1.402,-30.38,6.76,28,1
P001,HRTF_A,30,1.416,-29.45,6.71,28,1
P001,HRTF_A,30,1.431,-28.59,6.58,28,1
P001,HRTF_A,30,1.444,-27.74,6.44,28,1
P001,HRTF_A,30,1.458,-26.95,6.27,28,1
P001,HRTF_A,30,1.472,-26.24,6.12,28,1
P001,HRTF_A,30,1.486,-25.46,5.95,28,1
P001,HRTF_A,30,1.500,-24.74,5.77,28,1
P001,HRTF_A,30,1.513,-24.02,5.54,28,1
P001,HRTF_A,30,1.527,-23.35,5.32,28,1
P001,HRTF_A,30,1.541,-22.73,5.06,28,1
P001,HRTF_A,30,1.555,-22.11,4.81,28,1
P001,HRTF_A,31,0.013,-13.85,-1.46,21,1
P001,HRTF_A,31,0.030,-14.04,-1.48,21,1
P001,HRTF_A,31,0.040,-14.21,-1.52,21,1
P001,HRTF_A,31,0.055,-14.38,-1.59,21,1
P001,HRTF_A,31,0.068,-14.52,-1.65,21,1
P001,HRTF_A,31,0.082,-14.72,-1.74,21,1
P001,HRTF_A,31,0.096,-14.92,-1.83,21,1
P001,HRTF_A,31,0.110,-15.17,-1.94,21,1
P001,HRTF_A,31,0.125,-15.42,-2.06,21,1
P001,HRTF_A,31,0.138,-15.66,-2.19,21,1
P001,HRTF_A,31,0.155,-15.94,-2.30,21,1
P001,HRTF_A,31,0.166,-16.24,-2.40,21,1
P001,HRTF_A,31,0.179,-16.61,-2.52,21,1
P001,HRTF_A,31,0.193,-17.01,-2.63,21,1
P001,HRTF_A,31,0.207,-17.43,-2.77,21,1
P001,HRTF_A,31,0.221,-17.89,-2.96,21,1
P001,HRTF_A,31,0.235,-18.36,-3.15,21,1
P001,HRTF_A,31,0.249,-18.91,-3.30,21,1
P001,HRTF_A,31,0.263,-19.47,-3.48,21,1
P001,HRTF_A,31,0.277,-20.05,-3.62,21,1
P001,HRTF_A,31,0.291,-20.65,-3.74,21,1
P001,HRTF_A,31,0.305,-21.22,-3.87,21,1
P001,HRTF_A,31,0.318,-21.84,-3.99,21,1
P001,HRTF_A,31,0.332,-22.51,-4.14,21,1
P001,HRTF_A,31,0.346,-23.25,-4.24,21,1
P001,HRTF_A,31,0.360,-24.04,-4.36,21,1
P001,HRTF_A,31,0.374,-24.86,-4.49,21,1
P001,HRTF_A,31,0.388,-25.74,-4.68,21,1
P001,HRTF_A,31,0.402,-26.65,-4.84,21,1
P001,HRTF_A,31,0.416,-27.64,-5.02,21,1
P001,HRTF_A,31,0.429,-28.66,-5.16,21,1
P001,HRTF_A,31,0.443,-29.73,-5.29,21,1
P001,HRTF_A,31,0.457,-30.78,-5.49,21,1
P001,HRTF_A,31,0.471,-31.92,-5.75,21,1
P001,HRTF_A,31,0.485,-33.07,-5.99,21,1
P001,HRTF_A,31,0.499,-34.22,-6.30,21,1
P001,HRTF_A,31,0.513,-35.38,-6.56,21,1
P001,HRTF_A,31,0.527,-36.53,-6.91,21,1
P001,HRTF_A,31,0.541,-37.69,-7.25,21,1
P001,HRTF_A,31,0.555,-38.89,-7.60,21,1
P001,HRTF_A,31,0.569,-40.09,-7.94,21,1
P001,HRTF_A,31,0.582,-41.29,-8.26,21,1
P001,HRTF_A,31,0.596,-42.51,-8.61,21,1
P001,HRTF_A,31,0.610,-43.72,-8.92,21,1
P001,HRTF_A,31,0.624,-44.95,-9.23,21,1
P001,HRTF_A,31,0.638,-46.13,-9.51,21,1
P001,HRTF_A,31,0.652,-47.33,-9.79,21,1
P001,HRTF_A,31,0.666,-48.52,-10.04,21,1
P001,HRTF_A,31,0.680,-49.75,-10.30,21,1
P001,HRTF_A,31,0.694,-51.03,-10.54,21,1
P001,HRTF_A,31,0.707,-52.40,-10.81,21,1
P001,HRTF_A,31,0.721,-53.83,-11.00,21,1
P001,HRTF_A,31,0.735,-55.33,-11.15,21,1
P001,HRTF_A,31,0.749,-56.89,-11.24,21,1
P001,HRTF_A,31,0.763,-58.54,-11.36,21,1
P001,HRTF_A,31,0.777,-60.20,-11.43,21,1
P001,HRTF_A,31,0.791,-61.79,-11.42,21,1
P001,HRTF_A,31,0.804,-63.30,-11.44,21,1
P001,HRTF_A,31,0.818,-64.86,-11.47,21,1
P001,HRTF_A,31,0.832,-66.38,-11.50,21,1
P001,HRTF_A,31,0.846,-67.76,-11.52,21,1
P001,HRTF_A,31,0.860,-69.01,-11.58,21,1
P001,HRTF_A,31,0.874,-70.20,-11.63,21,1
P001,HRTF_A,31,0.888,-71.36,-11.74,21,1
P001,HRTF_A,31,0.902,-72.45,-11.82,21,1
P001,HRTF_A,31,0.915,-73.51,-11.93,21,1
P001,HRTF_A,31,0.929,-74.50,-12.00,21,1
P001,HRTF_A,31,0.943,-75.41,-12.14,21,1
P001,HRTF_A,31,0.957,-76.35,-12.27,21,1
P001,HRTF_A,31,0.971,-77.16,-12.44,21,1
P001,HRTF_A,31,0.985,-77.98,-12.57,21,1
P001,HRTF_A,31,0.999,-78.70,-12.71,21,1
P001,HRTF_A,31,1.013,-79.36,-12.84,21,1
P001,HRTF_A,31,1.027,-79.93,-12.96,21,1
P001,HRTF_A,31,1.040,-80.47,-13.12,21,1
P001,HRTF_A,31,1.054,-80.91,-13.29,21,1
P001,HRTF_A,31,1.068,-81.28,-13.45,21,1
P001,HRTF_A,31,1.082,-81.57,-13.58,21,1
P001,HRTF_A,31,1.097,-81.78,-13.69,21,1
P001,HRTF_A,31,1.110,-81.87,-13.88,21,1
P001,HRTF_A,31,1.124,-81.94,-14.05,21,1
P001,HRTF_A,31,1.138,-81.82,-14.25,21,1
P001,HRTF_A,31,1.152,-81.73,-14.44,21,1
P001,HRTF_A,31,1.166,-81.50,-14.63,21,1
P001,HRTF_A,31,1.179,-81.23,-14.83,21,1
P001,HRTF_A,31,1.193,-80.80,-15.06,21,1
P001,HRTF_A,31,1.207,-80.32,-15.32,21,1
P001,HRTF_A,31,1.221,-79.73,-15.58,21,1
P001,HRTF_A,31,1.235,-79.03,-15.86,21,1
P001,HRTF_A,31,1.249,-78.17,-16.20,21,1
P001,HRTF_A,31,1.263,-77.23,-16.47,21,1
P001,HRTF_A,31,1.277,-76.10,-16.69,21,1
P001,HRTF_A,31,1.291,-74.88,-16.82,21,1
P001,HRTF_A,31,1.305,-73.54,-16.89,21,1
P001,HRTF_A,31,1.318,-72.09,-16.97,21,1
P001,HRTF_A,31,1.332,-70.55,-17.01,21,1
P001,HRTF_A,31,1.346,-68.95,-17.01,21,1
P001,HRTF_A,31,1.360,-67.29,-17.06,21,1
P001,HRTF_A,31,1.374,-65.64,-17.08,21,1
P001,HRTF_A,31,1.388,-63.92,-17.01,21,1
P001,HRTF_A,31,1.402,-62.06,-16.90,21,1
P001,HRTF_A,31,1.415,-60.15,-16.79,21,1
P001,HRTF_A,31,1.429,-58.27,-16.72,21,1
P001,HRTF_A,31,1.444,-56.36,-16.63,21,1
P001,HRTF_A,31,1.457,-54.45,-16.46,21,1
P001,HRTF_A,31,1.471,-52.42,-16.27,21,1
P001,HRTF_A,31,1.485,-50.36,-15.97,21,1
P001,HRTF_A,31,1.499,-48.28,-15.58,21,1
P001,HRTF_A,31,1.513,-46.12,-15.22,21,1
P001,HRTF_A,31,1.527,-43.82,-14.89,21,1
P001,HRTF_A,31,1.540,-41.50,-14.56,21,1
P001,HRTF_A,31,1.554,-38.86,-14.25,21,1
P001,HRTF_A,31,1.569,-36.27,-13.93,21,1
P001,HRTF_A,31,1.582,-33.71,-13.60,21,1
P001,HRTF_A,31,1.596,-31.12,-13.24,21,1
P001,HRTF_A,31,1.610,-28.55,-12.86,21,1
P001,HRTF_A,31,1.624,-26.07,-12.54,21,1
P001,HRTF_A,31,1.638,-23.68,-12.16,21,1
P001,HRTF_A,31,1.652,-21.38,-11.80,21,1
P001,HRTF_A,31,1.665,-19.17,-11.39,21,1
P001,HRTF_A,31,1.679,-16.98,-10.91,21,1
P001,HRTF_A,31,1.693,-14.89,-10.47,21,1
P001,HRTF_A,31,1.707,-12.95,-10.00,21,1
P001,HRTF_A,31,1.721,-11.12,-9.55,21,1
P001,HRTF_A,31,1.735,-9.33,-9.01,21,1
P001,HRTF_A,31,1.749,-7.52,-8.44,21,1
P001,HRTF_A,31,1.763,-5.73,-7.79,21,1
P001,HRTF_A,31,1.777,-4.05,-7.21,21,1
P001,HRTF_A,31,1.790,-2.54,-6.68,21,1
P001,HRTF_A,31,1.804,-1.01,-6.12,21,1
P001,HRTF_A,31,1.818,0.41,-5.57,21,1
P001,HRTF_A,31,1.832,1.81,-4.99,21,1
P001,HRTF_A,31,1.846,3.09,-4.45,21,1
P001,HRTF_A,31,1.860,4.33,-3.87,21,1
P001,HRTF_A,31,1.874,5.55,-3.35,21,1
P001,HRTF_A,31,1.888,6.76,-2.87,21,1
P001,HRTF_A,31,1.901,7.95,-2.38,21,1
P001,HRTF_A,31,1.916,9.11,-1.93,21,1
P001,HRTF_A,31,1.929,10.24,-1.47,21,1
P001,HRTF_A,31,1.943,11.33,-1.05,21,1
P001,HRTF_A,31,1.957,12.45,-0.59,21,1
P001,HRTF_A,31,1.971,13.47,-0.13,21,1
P001,HRTF_A,31,1.985,14.50,0.38,21,1
P001,HRTF_A,31,1.999,15.50,0.83,21,1
P001,HRTF_A,31,2.013,16.48,1.23,21,1
P001,HRTF_A,31,2.027,17.47,1.60,21,1
P001,HRTF_A,31,2.040,18.46,1.98,21,1
P001,HRTF_A,31,2.055,19.42,2.37,21,1
P001,HRTF_A,31,2.068,20.35,2.80,21,1
P001,HRTF_A,31,2.082,21.31,3.21,21,1
P001,HRTF_A,31,2.096,22.26,3.68,21,1
P001,HRTF_A,31,2.110,23.18,4.11,21,1
P001,HRTF_A,31,2.124,24.10,4.52,21,1
P001,HRTF_A,31,2.138,25.01,4.88,21,1
P001,HRTF_A,31,2.152,25.91,5.19,21,1
P001,HRTF_A,31,2.166,26.80,5.46,21,1
P001,HRTF_A,31,2.179,27.66,5.74,21,1
P001,HRTF_A,31,2.193,28.55,5.94,21,1
P001,HRTF_A,31,2.207,29.41,6.18,21,1
P001,HRTF_A,31,2.221,30.27,6.28,21,1
P001,HRTF_A,31,2.235,31.14,6.39,21,1
P001,HRTF_A,31,2.249,31.98,6.49,21,1
P001,HRTF_A,31,2.263,32.84,6.50,21,1
P001,HRTF_A,31,2.277,33.67,6.52,21,1
P001,HRTF_A,31,2.290,34.50,6.49,21,1
P001,HRTF_A,31,2.304,35.34,6.46,21,1
P001,HRTF_A,31,2.318,36.15,6.41,21,1
P001,HRTF_A,31,2.332,36.97,6.30,21,1
P001,HRTF_A,31,2.346,37.79,6.18,21,1
P001,HRTF_A,31,2.360,38.58,5.92,21,1
P001,HRTF_A,31,2.374,39.38,5.73,21,1
P001,HRTF_A,31,2.388,40.16,5.49,21,1
P001,HRTF_A,31,2.402,40.89,5.31,21,1
P001,HRTF_A,31,2.416,41.61,5.08,21,1
P001,HRTF_A,31,2.429,42.30,4.85,21,1
P001,HRTF_A,31,2.443,43.01,4.59,21,1
P001,HRTF_A,31,2.457,43.66,4.31,21,1
P001,HRTF_A,31,2.471,44.22,4.05,21,1
P001,HRTF_A,31,2.485,44.77,3.84,21,1
P001,HRTF_A,31,2.499,45.34,3.72,21,1
P001,HRTF_A,31,2.513,45.91,3.55,21,1
P001,HRTF_A,31,2.527,46.52,3.42,21,1
P001,HRTF_A,31,2.540,47.11,3.33,21,1
P001,HRTF_A,31,2.554,47.71,3.25,21,1
P001,HRTF_A,31,2.568,48.24,3.16,21,1
P001,HRTF_A,31,2.582,48.71,3.08,21,1
P001,HRTF_A,31,2.596,49.19,2.94,21,1
P001,HRTF_A,31,2.610,49.64,2.79,21,1
P001,HRTF_A,31,2.624,50.01,2.64,21,1
P001,HRTF_A,31,2.638,50.30,2.52,21,1
P001,HRTF_A,31,2.651,50.48,2.35,21,1
P001,HRTF_A,31,2.665,50.63,2.13,21,1
P001,HRTF_A,31,2.679,50.54,1.88,21,1
P001,HRTF_A,31,2.693,50.45,1.58,21,1
P001,HRTF_A,31,2.707,50.28,1.29,21,1
P001,HRTF_A,31,2.721,49.96,1.01,21,1
P001,HRTF_A,31,2.735,49.45,0.68,21,1
P001,HRTF_A,31,2.749,48.83,0.35,21,1
P001,HRTF_A,31,2.763,48.00,-0.04,21,1
P001,HRTF_A,31,2.777,47.09,-0.39,21,1
P001,HRTF_A,31,2.790,46.18,-0.81,21,1
P001,HRTF_A,31,2.804,44.89,-1.23,21,1
P001,HRTF_A,31,2.818,43.46,-1.69,21,1
P001,HRTF_A,31,2.832,41.78,-2.13,21,1
P001,HRTF_A,31,2.846,40.13,-2.53,21,1
P001,HRTF_A,31,2.860,38.16,-2.94,21,1
P001,HRTF_A,31,2.874,36.13,-3.34,21,1
P001,HRTF_A,31,2.888,33.82,-3.68,21,1
P001,HRTF_A,31,2.902,31.47,-4.05,21,1
P001,HRTF_A,31,2.916,28.94,-4.39,21,1
P001,HRTF_A,31,2.930,26.23,-4.71,21,1
P001,HRTF_A,31,2.943,23.60,-4.95,21,1
P001,HRTF_A,31,2.957,20.86,-5.10,21,1
P001,HRTF_A,31,2.971,17.98,-5.15,21,1
P001,HRTF_A,31,2.985,15.06,-5.12,21,1
P001,HRTF_A,31,2.999,12.12,-4.93,21,1
P001,HRTF_A,31,3.013,9.14,-4.54,21,1
P001,HRTF_A,31,3.027,6.23,-4.09,21,1
P001,HRTF_A,31,3.041,3.28,-3.55,21,1
P001,HRTF_A,31,3.055,0.35,-2.93,21,1
P001,HRTF_A,31,3.068,-2.57,-2.30,21,1
P001,HRTF_A,31,3.082,-5.46,-1.72,21,1
P001,HRTF_A,31,3.096,-8.29,-1.15,21,1
P001,HRTF_A,31,3.110,-11.03,-0.65,21,1
P001,HRTF_A,31,3.124,-13.73,-0.16,21,1
P001,HRTF_A,31,3.138,-16.33,0.33,21,1
P001,HRTF_A,31,3.152,-18.84,0.87,21,1
P001,HRTF_A,31,3.166,-21.22,1.37,21,1
P001,HRTF_A,31,3.179,-23.57,1.94,21,1
P001,HRTF_A,31,3.193,-25.78,2.48,21,1
P001,HRTF_A,31,3.207,-28.01,3.09,21,1
P001,HRTF_A,31,3.221,-30.18,3.69,21,1
P001,HRTF_A,31,3.235,-32.26,4.26,21,1
P001,HRTF_A,31,3.249,-34.36,4.82,21,1
P001,HRTF_A,31,3.263,-36.41,5.36,21,1
P001,HRTF_A,31,3.277,-38.39,5.93,21,1
P001,HRTF_A,31,3.291,-40.31,6.42,21,1
P001,HRTF_A,31,3.305,-42.14,6.84,21,1
P001,HRTF_A,31,3.318,-43.93,7.21,21,1
P001,HRTF_A,31,3.332,-45.66,7.59,21,1
P001,HRTF_A,31,3.346,-47.22,7.85,21,1
P001,HRTF_A,31,3.360,-48.75,8.04,21,1
P001,HRTF_A,31,3.374,-50.20,8.22,21,1
P001,HRTF_A,31,3.388,-51.60,8.38,21,1
P001,HRTF_A,31,3.402,-52.87,8.47,21,1
P001,HRTF_A,31,3.416,-54.09,8.56,21,1
P001,HRTF_A,31,3.430,-55.33,8.68,21,1
P001,HRTF_A,31,3.444,-56.55,8.86,21,1
P001,HRTF_A,31,3.457,-57.76,8.93,21,1
P001,HRTF_A,31,3.471,-58.93,9.05,21,1
P001,HRTF_A,31,3.485,-60.10,9.11,21,1
P001,HRTF_A,31,3.499,-61.25,9.18,21,1
P001,HRTF_A,31,3.513,-62.44,9.20,21,1
P001,HRTF_A,31,3.527,-63.58,9.24,21,1
P001,HRTF_A,31,3.541,-64.70,9.25,21,1
P001,HRTF_A,31,3.555,-65.72,9.22,21,1
P001,HRTF_A,31,3.568,-66.68,9.13,21,1
P001,HRTF_A,31,3.583,-67.59,9.04,21,1
P001,HRTF_A,31,3.596,-68.48,8.92,21,1
P001,HRTF_A,31,3.610,-69.31,8.81,21,1
P001,HRTF_A,31,3.624,-70.13,8.70,21,1
P001,HRTF_A,31,3.638,-71.01,8.59,21,1
P001,HRTF_A,31,3.652,-71.89,8.44,21,1
P001,HRTF_A,31,3.666,-72.80,8.36,21,1
P001,HRTF_A,31,3.680,-73.72,8.25,21,1
P001,HRTF_A,31,3.694,-74.61,8.14,21,1
P001,HRTF_A,31,3.707,-75.56,8.05,21,1
P001,HRTF_A,31,3.721,-76.52,7.92,21,1
P001,HRTF_A,31,3.735,-77.53,7.83,21,1
P001,HRTF_A,31,3.749,-78.52,7.63,21,1
P001,HRTF_A,31,3.763,-79.52,7.46,21,1
P001,HRTF_A,31,3.777,-80.50,7.21,21,1
P001,HRTF_A,31,3.791,-81.47,7.02,21,1
P001,HRTF_A,31,3.805,-82.39,6.77,21,1
P001,HRTF_A,31,3.818,-83.29,6.48,21,1
P001,HRTF_A,31,3.832,-84.16,6.14,21,1
P001,HRTF_A,31,3.847,-85.03,5.81,21,1
P001,HRTF_A,31,3.860,-85.89,5.42,21,1
P001,HRTF_A,31,3.874,-86.73,5.02,21,1
P001,HRTF_A,31,3.888,-87.56,4.45,21,1
P001,HRTF_A,31,3.902,-88.40,3.84,21,1
P001,HRTF_A,31,3.916,-89.24,3.21,21,1
P001,HRTF_A,31,3.930,-90.04,2.60,21,1
P001,HRTF_A,31,3.944,-90.85,2.13,21,1
P001,HRTF_A,31,3.958,-91.72,1.65,21,1
P001,HRTF_A,31,3.971,-92.57,1.19,21,1
P001,HRTF_A,31,3.985,-93.44,0.71,21,1
P001,HRTF_A,31,3.999,-94.29,0.19,21,1
P001,HRTF_A,31,4.013,-95.13,-0.29,21,1
P001,HRTF_A,31,4.027,-95.92,-0.73,21,1
P001,HRTF_A,31,4.041,-96.69,-1.11,21,1
P001,HRTF_A,31,4.055,-97.45,-1.44,21,1
P001,HRTF_A,31,4.069,-98.16,-1.75,21,1
P001,HRTF_A,31,4.083,-98.93,-2.07,21,1
P001,HRTF_A,31,4.096,-99.63,-2.28,21,1
P001,HRTF_A,31,4.110,-100.33,-2.57,21,1
P001,HRTF_A,31,4.124,-101.09,-2.85,21,1
P001,HRTF_A,31,4.138,-101.83,-3.07,21,1
P001,HRTF_A,31,4.152,-102.59,-3.24,21,1
P001,HRTF_A,31,4.166,-103.30,-3.33,21,1
P001,HRTF_A,31,4.180,-103.99,-3.39,21,1
P001,HRTF_A,31,4.194,-104.64,-3.42,21,1
P001,HRTF_A,31,4.208,-105.24,-3.40,21,1
P001,HRTF_A,31,4.221,-105.82,-3.39,21,1
P001,HRTF_A,31,4.235,-106.40,-3.39,21,1
P001,HRTF_A,31,4.249,-106.93,-3.40,21,1
P001,HRTF_A,31,4.263,-107.46,-3.37,21,1
P001,HRTF_A,31,4.277,-107.99,-3.37,21,1
P001,HRTF_A,31,4.291,-108.44,-3.27,21,1
P001,HRTF_A,31,4.305,-108.93,-3.22,21,1
P001,HRTF_A,31,4.319,-109.42,-3.11,21,1
P001,HRTF_A,31,4.333,-109.91,-3.06,21,1
P001,HRTF_A,31,4.347,-110.44,-2.98,21,1
P001,HRTF_A,31,4.361,-111.01,-2.92,21,1
P001,HRTF_A,31,4.374,-111.60,-2.84,21,1
P001,HRTF_A,31,4.388,-112.24,-2.78,21,1
P001,HRTF_A,31,4.402,-112.86,-2.72,21,1
P001,HRTF_A,31,4.416,-113.57,-2.70,21,1
P001,HRTF_A,31,4.430,-114.22,-2.67,21,1
P001,HRTF_A,31,4.444,-115.00,-2.61,21,1
P001,HRTF_A,31,4.458,-115.78,-2.55,21,1
P001,HRTF_A,31,4.472,-116.54,-2.50,21,1
P001,HRTF_A,31,4.485,-117.32,-2.43,21,1
P001,HRTF_A,31,4.499,-118.06,-2.41,21,1
P001,HRTF_A,31,4.513,-118.80,-2.39,21,1
P001,HRTF_A,31,4.527,-119.51,-2.33,21,1
P001,HRTF_A,31,4.541,-120.16,-2.30,21,1
P001,HRTF_A,31,4.555,-120.78,-2.21,21,1
P001,HRTF_A,31,4.569,-121.36,-2.16,21,1
P001,HRTF_A,31,4.583,-121.89,-2.12,21,1
P001,HRTF_A,31,4.597,-122.38,-2.05,21,1
P001,HRTF_A,31,4.610,-122.81,-2.01,21,1
P001,HRTF_A,31,4.624,-123.24,-2.01,21,1
P001,HRTF_A,31,4.638,-123.62,-2.05,21,1
P001,HRTF_A,31,4.652,-123.97,-2.11,21,1
P001,HRTF_A,31,4.666,-124.30,-2.20,21,1
P001,HRTF_A,31,4.680,-124.60,-2.29,21,1
P001,HRTF_A,31,4.694,-124.90,-2.33,21,1
P001,HRTF_A,31,4.708,-125.18,-2.39,21,1
P001,HRTF_A,31,4.722,-125.45,-2.48,21,1
P001,HRTF_A,31,4.736,-125.71,-2.55,21,1
P001,HRTF_A,31,4.749,-125.94,-2.61,21,1
P001,HRTF_A,31,4.763,-126.18,-2.69,21,1
P001,HRTF_A,31,4.777,-126.39,-2.77,21,1
P001,HRTF_A,31,4.791,-126.55,-2.86,21,1
P001,HRTF_A,31,4.805,-126.72,-2.95,21,1
P001,HRTF_A,31,4.819,-126.85,-3.05,21,1
P001,HRTF_A,31,4.833,-126.95,-3.16,21,1
P001,HRTF_A,31,4.847,-127.04,-3.26,21,1
P001,HRTF_A,31,4.861,-127.10,-3.37,21,1
P001,HRTF_A,31,4.874,-127.15,-3.51,21,1
P001,HRTF_A,31,4.889,-127.20,-3.65,21,1
P001,HRTF_A,31,4.903,-127.20,-3.80,21,1
P001,HRTF_A,31,4.917,-127.22,-3.93,21,1
P001,HRTF_A,31,4.930,-127.19,-4.06,21,1
P001,HRTF_A,31,4.944,-127.11,-4.25,21,1
P001,HRTF_A,31,4.958,-127.02,-4.43,21,1
P001,HRTF_A,31,4.972,-126.86,-4.60,21,1
P001,HRTF_A,31,4.985,-126.66,-4.69,21,1
P001,HRTF_A,31,5.000,-126.45,-4.75,21,1
P001,HRTF_A,31,5.013,-126.24,-4.81,21,1
P001,HRTF_A,31,5.028,-126.00,-4.87,21,1
P001,HRTF_A,31,5.041,-125.73,-4.91,21,1
P001,HRTF_A,31,5.056,-125.48,-4.95,21,1
P001,HRTF_A,31,5.069,-125.20,-4.96,21,1
P001,HRTF_A,31,5.083,-124.95,-4.99,21,1
P001,HRTF_A,31,5.097,-124.72,-4.96,21,1
P001,HRTF_A,32,0.014,-14.87,-3.70,12,1
P001,HRTF_A,32,0.031,-14.67,-3.74,12,1
P001,HRTF_A,32,0.041,-14.48,-3.80,12,1
P001,HRTF_A,32,0.058,-14.32,-3.86,12,1
P001,HRTF_A,32,0.069,-14.19,-3.93,12,1
P001,HRTF_A,32,0.083,-14.07,-4.00,12,1
P001,HRTF_A,32,0.097,-13.96,-4.03,12,1
P001,HRTF_A,32,0.111,-13.85,-4.09,12,1
P001,HRTF_A,32,0.125,-13.74,-4.12,12,1
P001,HRTF_A,32,0.139,-13.62,-4.15,12,1
P001,HRTF_A,32,0.152,-13.52,-4.15,12,1
P001,HRTF_A,32,0.167,-13.41,-4.17,12,1
P001,HRTF_A,32,0.180,-13.31,-4.19,12,1
P001,HRTF_A,32,0.194,-13.23,-4.24,12,1
P001,HRTF_A,32,0.209,-13.14,-4.29,12,1
P001,HRTF_A,32,0.222,-13.05,-4.31,12,1
P001,HRTF_A,32,0.236,-12.97,-4.32,12,1
P001,HRTF_A,32,0.250,-12.90,-4.33,12,1
P001,HRTF_A,32,0.264,-12.86,-4.34,12,1
P001,HRTF_A,32,0.278,-12.84,-4.36,12,1
P001,HRTF_A,32,0.291,-12.85,-4.38,12,1
P001,HRTF_A,32,0.306,-12.89,-4.41,12,1
P001,HRTF_A,32,0.319,-12.98,-4.43,12,1
P001,HRTF_A,32,0.333,-13.13,-4.46,12,1
P001,HRTF_A,32,0.347,-13.38,-4.50,12,1
P001,HRTF_A,32,0.361,-13.65,-4.54,12,1
P001,HRTF_A,32,0.375,-14.02,-4.56,12,1
P001,HRTF_A,32,0.389,-14.46,-4.61,12,1
P001,HRTF_A,32,0.403,-15.00,-4.67,12,1
P001,HRTF_A,32,0.416,-15.60,-4.71,12,1
P001,HRTF_A,32,0.430,-16.26,-4.76,12,1
P001,HRTF_A,32,0.444,-16.89,-4.73,12,1
P001,HRTF_A,32,0.458,-17.55,-4.74,12,1
P001,HRTF_A,32,0.472,-18.31,-4.79,12,1
P001,HRTF_A,32,0.486,-19.08,-4.85,12,1
P001,HRTF_A,32,0.500,-19.94,-4.95,12,1
P001,HRTF_A,32,0.514,-20.82,-5.05,12,1
P001,HRTF_A,32,0.527,-21.70,-5.20,12,1
P001,HRTF_A,32,0.541,-22.63,-5.31,12,1
P001,HRTF_A,32,0.555,-23.61,-5.47,12,1
P001,HRTF_A,32,0.569,-24.60,-5.58,12,1
P001,HRTF_A,32,0.583,-25.62,-5.71,12,1
P001,HRTF_A,32,0.597,-26.58,-5.85,12,1
P001,HRTF_A,32,0.611,-27.56,-5.99,12,1
P001,HRTF_A,32,0.625,-28.54,-6.14,12,1
P001,HRTF_A,32,0.639,-29.51,-6.27,12,1
P001,HRTF_A,32,0.652,-30.39,-6.37,12,1
P001,HRTF_A,32,0.667,-31.24,-6.46,12,1
P001,HRTF_A,32,0.680,-32.01,-6.50,12,1
P001,HRTF_A,32,0.695,-32.69,-6.55,12,1
P001,HRTF_A,32,0.708,-33.34,-6.58,12,1
P001,HRTF_A,32,0.722,-33.88,-6.59,12,1
P001,HRTF_A,32,0.736,-34.35,-6.60,12,1
P001,HRTF_A,32,0.750,-34.74,-6.59,12,1
P001,HRTF_A,32,0.763,-35.08,-6.61,12,1
P001,HRTF_A,32,0.777,-35.41,-6.63,12,1
P001,HRTF_A,32,0.791,-35.61,-6.57,12,1
P001,HRTF_A,32,0.805,-35.83,-6.56,12,1
P001,HRTF_A,32,0.819,-35.99,-6.54,12,1
P001,HRTF_A,32,0.833,-36.11,-6.53,12,1
P001,HRTF_A,32,0.847,-36.19,-6.53,12,1
P001,HRTF_A,32,0.861,-36.30,-6.52,12,1
P001,HRTF_A,32,0.875,-36.43,-6.52,12,1
P001,HRTF_A,32,0.888,-36.53,-6.53,12,1
P001,HRTF_A,32,0.902,-36.63,-6.55,12,1
P001,HRTF_A,32,0.916,-36.71,-6.57,12,1
P001,HRTF_A,32,0.930,-36.81,-6.60,12,1
P001,HRTF_A,32,0.944,-36.92,-6.63,12,1
P001,HRTF_A,32,0.958,-37.05,-6.62,12,1
P001,HRTF_A,32,0.972,-37.11,-6.62,12,1
P001,HRTF_A,32,0.986,-37.13,-6.60,12,1
P001,HRTF_A,32,1.000,-37.02,-6.60,12,1
P001,HRTF_A,32,1.014,-36.79,-6.61,12,1
P001,HRTF_A,32,1.027,-36.47,-6.59,12,1
P001,HRTF_A,32,1.041,-35.76,-6.47,12,1
P001,HRTF_A,32,1.055,-34.85,-6.39,12,1
P001,HRTF_A,32,1.069,-33.74,-6.41,12,1
P001,HRTF_A,32,1.083,-32.34,-6.52,12,1
P001,HRTF_A,32,1.097,-30.74,-6.67,12,1
P001,HRTF_A,32,1.111,-28.96,-6.81,12,1
P001,HRTF_A,32,1.125,-26.97,-6.93,12,1
P001,HRTF_A,32,1.139,-24.96,-7.05,12,1
P001,HRTF_A,32,1.152,-22.94,-7.11,12,1
P001,HRTF_A,32,1.167,-20.66,-7.14,12,1
P001,HRTF_A,32,1.180,-18.40,-7.06,12,1
P001,HRTF_A,32,1.194,-16.12,-6.91,12,1
P001,HRTF_A,32,1.208,-13.85,-6.54,12,1
P001,HRTF_A,32,1.222,-11.61,-6.23,12,1
P001,HRTF_A,32,1.236,-9.40,-5.66,12,1
P001,HRTF_A,32,1.250,-7.26,-5.09,12,1
P001,HRTF_A,32,1.264,-5.13,-4.51,12,1
P001,HRTF_A,32,1.278,-3.06,-3.98,12,1
P001,HRTF_A,32,1.291,-1.03,-3.37,12,1
P001,HRTF_A,32,1.305,0.88,-2.84,12,1
P001,HRTF_A,32,1.319,2.76,-2.27,12,1
P001,HRTF_A,32,1.333,4.49,-1.81,12,1
P001,HRTF_A,32,1.347,6.27,-1.37,12,1
P001,HRTF_A,32,1.361,7.92,-1.02,12,1
P001,HRTF_A,32,1.375,9.61,-0.66,12,1
P001,HRTF_A,32,1.389,11.24,-0.35,12,1
P001,HRTF_A,32,1.402,12.83,0.01,12,1
P001,HRTF_A,32,1.416,14.36,0.36,12,1
P001,HRTF_A,32,1.430,15.91,0.68,12,1
P001,HRTF_A,32,1.444,17.49,1.02,12,1
P001,HRTF_A,32,1.458,18.98,1.35,12,1
P001,HRTF_A,32,1.472,20.47,1.62,12,1
P001,HRTF_A,32,1.486,21.98,1.85,12,1
P001,HRTF_A,32,1.500,23.51,2.12,12,1
P001,HRTF_A,32,1.513,25.07,2.39,12,1
P001,HRTF_A,32,1.527,26.67,2.71,12,1
P001,HRTF_A,32,1.541,28.34,2.93,12,1
P001,HRTF_A,32,1.555,30.04,3.14,12,1
P001,HRTF_A,32,1.569,31.77,3.33,12,1
P001,HRTF_A,32,1.583,33.49,3.49,12,1
P001,HRTF_A,32,1.597,35.13,3.78,12,1
P001,HRTF_A,32,1.611,36.75,4.02,12,1
P001,HRTF_A,32,1.625,38.32,4.23,12,1
P001,HRTF_A,32,1.638,39.86,4.41,12,1
P001,HRTF_A,32,1.652,41.33,4.67,12,1
P001,HRTF_A,32,1.666,42.76,4.93,12,1
P001,HRTF_A,32,1.680,44.00,5.26,12,1
P001,HRTF_A,32,1.694,45.30,5.52,12,1
P001,HRTF_A,32,1.708,46.57,5.79,12,1
P001,HRTF_A,32,1.722,47.76,6.06,12,1
P001,HRTF_A,32,1.736,48.92,6.32,12,1
P001,HRTF_A,32,1.750,50.01,6.52,12,1
P001,HRTF_A,32,1.763,51.06,6.74,12,1
P001,HRTF_A,32,1.777,52.15,6.96,12,1
P001,HRTF_A,32,1.791,53.20,7.13,12,1
P001,HRTF_A,32,1.805,54.41,7.28,12,1
P001,HRTF_A,32,1.819,55.63,7.40,12,1
P001,HRTF_A,32,1.833,56.81,7.47,12,1
P001,HRTF_A,32,1.847,57.95,7.51,12,1
P001,HRTF_A,32,1.861,59.05,7.53,12,1
P001,HRTF_A,32,1.875,60.12,7.56,12,1
P001,HRTF_A,32,1.888,61.20,7.57,12,1
P001,HRTF_A,32,1.902,62.19,7.60,12,1
P001,HRTF_A,32,1.916,63.16,7.60,12,1
P001,HRTF_A,32,1.930,64.10,7.51,12,1
P001,HRTF_A,32,1.944,65.06,7.43,12,1
P001,HRTF_A,32,1.958,66.01,7.32,12,1
P001,HRTF_A,32,1.972,66.96,7.19,12,1
P001,HRTF_A,32,1.986,67.95,7.01,12,1
P001,HRTF_A,32,2.000,68.95,6.80,12,1
P001,HRTF_A,32,2.013,70.00,6.47,12,1
P001,HRTF_A,32,2.027,71.13,6.05,12,1
P001,HRTF_A,32,2.041,72.23,5.65,12,1
P001,HRTF_A,32,2.055,73.39,5.24,12,1
P001,HRTF_A,32,2.069,74.57,4.83,12,1
P001,HRTF_A,32,2.083,75.72,4.36,12,1
P001,HRTF_A,32,2.097,76.81,3.83,12,1
P001,HRTF_A,32,2.111,77.91,3.24,12,1
P001,HRTF_A,32,2.125,78.92,2.63,12,1
P001,HRTF_A,32,2.138,79.87,2.01,12,1
P001,HRTF_A,32,2.152,80.78,1.32,12,1
P001,HRTF_A,32,2.166,81.67,0.55,12,1
P001,HRTF_A,32,2.180,82.55,-0.25,12,1
P001,HRTF_A,32,2.194,83.41,-1.19,12,1
P001,HRTF_A,32,2.208,84.28,-2.19,12,1
P001,HRTF_A,32,2.222,85.08,-3.22,12,1
P001,HRTF_A,32,2.236,85.87,-4.20,12,1
P001,HRTF_A,32,2.250,86.64,-5.24,12,1
P001,HRTF_A,32,2.264,87.35,-6.24,12,1
P001,HRTF_A,32,2.277,87.98,-7.21,12,1
P001,HRTF_A,32,2.291,88.64,-8.19,12,1
P001,HRTF_A,32,2.305,89.21,-9.25,12,1
P001,HRTF_A,32,2.319,89.80,-10.35,12,1
P001,HRTF_A,32,2.333,90.30,-11.51,12,1
P001,HRTF_A,32,2.347,90.77,-12.64,12,1
P001,HRTF_A,32,2.360,91.23,-13.79,12,1
P001,HRTF_A,32,2.374,91.63,-14.93,12,1
P001,HRTF_A,32,2.388,92.04,-16.16,12,1
P001,HRTF_A,32,2.402,92.41,-17.42,12,1
P001,HRTF_A,32,2.416,92.75,-18.75,12,1
P001,HRTF_A,32,2.430,93.01,-20.01,12,1
P001,HRTF_A,32,2.444,93.24,-21.19,12,1
P001,HRTF_A,32,2.458,93.42,-22.25,12,1
P001,HRTF_A,32,2.472,93.52,-23.18,12,1
P001,HRTF_A,32,2.485,93.64,-24.14,12,1
P001,HRTF_A,32,2.499,93.84,-25.13,12,1
P001,HRTF_A,32,2.513,94.07,-26.10,12,1
P001,HRTF_A,32,2.527,94.32,-27.08,12,1
P001,HRTF_A,32,2.541,94.60,-28.06,12,1
P001,HRTF_A,32,2.555,94.83,-28.96,12,1
P001,HRTF_A,32,2.569,95.06,-29.83,12,1
P001,HRTF_A,32,2.583,95.32,-30.61,12,1
P001,HRTF_A,32,2.597,95.56,-31.36,12,1
P001,HRTF_A,32,2.611,95.79,-31.98,12,1
P001,HRTF_A,32,2.625,96.09,-32.65,12,1
P001,HRTF_A,32,2.639,96.38,-33.30,12,1
P001,HRTF_A,32,2.652,96.67,-33.92,12,1
P001,HRTF_A,32,2.666,96.97,-34.57,12,1
P001,HRTF_A,32,2.680,97.24,-35.13,12,1
P001,HRTF_A,32,2.694,97.56,-35.54,12,1
P001,HRTF_A,32,2.708,97.94,-35.80,12,1
P001,HRTF_A,32,2.722,98.18,-35.91,12,1
P001,HRTF_A,32,2.736,98.33,-35.89,12,1
P001,HRTF_A,32,2.749,98.48,-35.71,12,1
P001,HRTF_A,32,2.763,98.75,-35.47,12,1
P001,HRTF_A,32,2.777,98.91,-35.30,12,1
P001,HRTF_A,32,2.791,99.12,-35.11,12,1
P001,HRTF_A,32,2.805,99.32,-34.78,12,1
P001,HRTF_A,32,2.819,99.55,-34.43,12,1
P001,HRTF_A,32,2.833,99.76,-33.99,12,1
P001,HRTF_A,32,2.847,99.96,-33.36,12,1
P001,HRTF_A,32,2.860,100.12,-32.57,12,1
P001,HRTF_A,32,2.874,100.24,-31.68,12,1
P001,HRTF_A,32,2.888,100.27,-30.67,12,1
P001,HRTF_A,32,2.902,100.13,-29.22,12,1
P001,HRTF_A,32,2.916,100.01,-27.82,12,1
P001,HRTF_A,32,2.930,99.87,-26.19,12,1
P001,HRTF_A,32,2.944,99.69,-24.42,12,1
P001,HRTF_A,32,2.958,99.53,-22.52,12,1
P001,HRTF_A,32,2.972,99.34,-20.45,12,1
P001,HRTF_A,32,2.986,99.11,-18.22,12,1
P001,HRTF_A,32,2.999,98.92,-16.09,12,1
P001,HRTF_A,32,3.013,98.81,-13.99,12,1
P001,HRTF_A,32,3.027,98.72,-11.93,12,1
P001,HRTF_A,32,3.041,98.61,-9.92,12,1
P001,HRTF_A,32,3.055,98.56,-8.05,12,1
P001,HRTF_A,32,3.069,98.56,-6.20,12,1
P001,HRTF_A,32,3.083,98.54,-4.56,12,1
P001,HRTF_A,32,3.097,98.46,-2.99,12,1
P001,HRTF_A,32,3.111,98.30,-1.40,12,1
P001,HRTF_A,32,3.124,98.17,0.20,12,1
P001,HRTF_A,32,3.139,97.97,1.75,12,1
P001,HRTF_A,32,3.152,97.81,3.26,12,1
P001,HRTF_A,32,3.167,97.63,4.65,12,1
P001,HRTF_A,32,3.180,97.43,5.88,12,1
P001,HRTF_A,32,3.194,97.27,6.92,12,1
P001,HRTF_A,32,3.208,97.10,8.03,12,1
P001,HRTF_A,32,3.222,96.97,9.01,12,1
P001,HRTF_A,32,3.235,96.85,9.99,12,1
P001,HRTF_A,32,3.250,96.80,10.92,12,1
P001,HRTF_A,32,3.263,96.76,11.81,12,1
P001,HRTF_A,32,3.277,96.72,12.67,12,1
P001,HRTF_A,32,3.291,96.73,13.43,12,1
P001,HRTF_A,32,3.305,96.75,14.15,12,1
P001,HRTF_A,32,3.319,96.89,14.80,12,1
P001,HRTF_A,32,3.333,97.01,15.39,12,1
P001,HRTF_A,32,3.347,97.12,15.96,12,1
P001,HRTF_A,32,3.361,97.20,16.48,12,1
P001,HRTF_A,32,3.374,97.37,16.97,12,1
P001,HRTF_A,32,3.388,97.60,17.41,12,1
P001,HRTF_A,32,3.402,97.94,17.85,12,1
P001,HRTF_A,32,3.416,98.34,18.31,12,1
P001,HRTF_A,32,3.430,98.79,18.75,12,1
P001,HRTF_A,32,3.444,99.44,19.11,12,1
P001,HRTF_A,32,3.458,100.22,19.38,12,1
P001,HRTF_A,32,3.471,101.17,19.53,12,1
P001,HRTF_A,32,3.485,102.49,19.55,12,1
P001,HRTF_A,32,3.499,103.83,19.52,12,1
P001,HRTF_A,32,3.513,105.21,19.47,12,1
P001,HRTF_A,32,3.527,106.70,19.33,12,1
P001,HRTF_A,32,3.541,108.05,19.14,12,1
P001,HRTF_A,32,3.555,109.53,18.82,12,1
P001,HRTF_A,32,3.569,110.92,18.51,12,1
P001,HRTF_A,32,3.583,112.29,18.24,12,1
P001,HRTF_A,32,3.596,113.59,18.06,12,1
P001,HRTF_A,32,3.610,114.84,17.87,12,1
P001,HRTF_A,32,3.624,116.08,17.65,12,1
P001,HRTF_A,32,3.638,117.27,17.37,12,1
P001,HRTF_A,32,3.652,118.39,17.05,12,1
P001,HRTF_A,32,3.666,119.38,16.77,12,1
P001,HRTF_A,32,3.680,120.41,16.47,12,1
P001,HRTF_A,32,3.694,121.40,16.22,12,1
P001,HRTF_A,32,3.708,122.34,15.89,12,1
P001,HRTF_A,32,3.721,123.20,15.64,12,1
P001,HRTF_A,32,3.736,124.05,15.37,12,1
P001,HRTF_A,32,3.749,124.84,15.17,12,1
P001,HRTF_A,32,3.763,125.60,15.02,12,1
P001,HRTF_A,32,3.777,126.29,14.88,12,1
P001,HRTF_A,32,3.791,126.95,14.70,12,1
P001,HRTF_A,32,3.805,127.52,14.61,12,1
P001,HRTF_A,32,3.819,128.07,14.46,12,1
P001,HRTF_A,32,3.833,128.55,14.37,12,1
P001,HRTF_A,32,3.846,129.00,14.21,12,1
P001,HRTF_A,32,3.860,129.38,14.02,12,1
P001,HRTF_A,32,3.874,129.80,13.90,12,1
P001,HRTF_A,32,3.888,130.13,13.76,12,1
P001,HRTF_A,32,3.902,130.47,13.71,12,1
P001,HRTF_A,32,3.916,130.81,13.67,12,1
P001,HRTF_A,32,3.930,131.11,13.62,12,1
P001,HRTF_A,32,3.944,131.39,13.58,12,1
P001,HRTF_A,32,3.958,131.69,13.53,12,1
P001,HRTF_A,32,3.972,131.99,13.46,12,1
P001,HRTF_A,32,3.985,132.32,13.45,12,1
P001,HRTF_A,32,3.999,132.69,13.42,12,1
P001,HRTF_A,32,4.013,133.00,13.42,12,1
P001,HRTF_A,32,4.027,133.35,13.49,12,1
P001,HRTF_A,32,4.041,133.73,13.51,12,1
P001,HRTF_A,32,4.055,134.13,13.54,12,1
P001,HRTF_A,32,4.069,134.53,13.57,12,1
P001,HRTF_A,32,4.083,134.98,13.61,12,1
P001,HRTF_A,32,4.097,135.40,13.63,12,1
P001,HRTF_A,32,4.110,135.86,13.63,12,1
P001,HRTF_A,32,4.124,136.36,13.68,12,1
P001,HRTF_A,32,4.141,136.85,13.67,12,1
P001,HRTF_A,32,4.155,137.38,13.69,12,1
P001,HRTF_A,33,0.014,-10.83,-1.71,29,1
P001,HRTF_A,33,0.031,-11.53,-1.72,29,1
P001,HRTF_A,33,0.042,-12.22,-1.75,29,1
P001,HRTF_A,33,0.056,-12.94,-1.71,29,1
P001,HRTF_A,33,0.072,-13.65,-1.70,29,1
P001,HRTF_A,33,0.083,-14.36,-1.65,29,1
P001,HRTF_A,33,0.097,-15.11,-1.63,29,1
P001,HRTF_A,33,0.111,-15.88,-1.56,29,1
P001,HRTF_A,33,0.125,-16.65,-1.50,29,1
P001,HRTF_A,33,0.139,-17.39,-1.46,29,1
P001,HRTF_A,33,0.153,-18.13,-1.44,29,1
P001,HRTF_A,33,0.167,-18.92,-1.39,29,1
P001,HRTF_A,33,0.181,-19.72,-1.32,29,1
P001,HRTF_A,33,0.194,-20.47,-1.24,29,1
P001,HRTF_A,33,0.208,-21.27,-1.19,29,1
P001,HRTF_A,33,0.222,-22.09,-1.16,29,1
P001,HRTF_A,33,0.236,-22.90,-1.11,29,1
P001,HRTF_A,33,0.250,-23.73,-1.08,29,1
P001,HRTF_A,33,0.264,-24.57,-1.02,29,1
P001,HRTF_A,33,0.278,-25.36,-0.93,29,1
P001,HRTF_A,33,0.292,-26.16,-0.93,29,1
P001,HRTF_A,33,0.306,-27.00,-0.90,29,1
P001,HRTF_A,33,0.320,-27.75,-0.87,29,1
P001,HRTF_A,33,0.333,-28.55,-0.88,29,1
P001,HRTF_A,33,0.347,-29.31,-0.87,29,1
P001,HRTF_A,33,0.361,-30.10,-0.88,29,1
P001,HRTF_A,33,0.375,-30.91,-0.90,29,1
P001,HRTF_A,33,0.389,-31.66,-0.94,29,1
P001,HRTF_A,33,0.403,-32.44,-1.03,29,1
P001,HRTF_A,33,0.417,-33.20,-1.03,29,1
P001,HRTF_A,33,0.431,-33.96,-1.05,29,1
P001,HRTF_A,33,0.445,-34.68,-1.01,29,1
P001,HRTF_A,33,0.458,-35.42,-0.95,29,1
P001,HRTF_A,33,0.473,-36.16,-0.93,29,1
P001,HRTF_A,33,0.486,-36.90,-0.97,29,1
P001,HRTF_A,33,0.500,-37.69,-1.00,29,1
P001,HRTF_A,33,0.514,-38.51,-1.07,29,1
P001,HRTF_A,33,0.528,-39.30,-1.18,29,1
P001,HRTF_A,33,0.542,-40.06,-1.22,29,1
P001,HRTF_A,33,0.555,-40.85,-1.25,29,1
P001,HRTF_A,33,0.569,-41.62,-1.25,29,1
P001,HRTF_A,33,0.583,-42.40,-1.22,29,1
P001,HRTF_A,33,0.597,-43.23,-1.21,29,1
P001,HRTF_A,33,0.611,-44.05,-1.21,29,1
P001,HRTF_A,33,0.625,-44.84,-1.18,29,1
P001,HRTF_A,33,0.639,-45.63,-1.17,29,1
P001,HRTF_A,33,0.653,-46.44,-1.15,29,1
P001,HRTF_A,33,0.667,-47.25,-1.15,29,1
P001,HRTF_A,33,0.681,-48.08,-1.15,29,1
P001,HRTF_A,33,0.695,-48.89,-1.19,29,1
P001,HRTF_A,33,0.708,-49.70,-1.22,29,1
P001,HRTF_A,33,0.722,-50.51,-1.21,29,1
P001,HRTF_A,33,0.736,-51.31,-1.22,29,1
P001,HRTF_A,33,0.750,-52.11,-1.25,29,1
P001,HRTF_A,33,0.764,-52.89,-1.31,29,1
P001,HRTF_A,33,0.778,-53.64,-1.32,29,1
P001,HRTF_A,33,0.792,-54.41,-1.35,29,1
P001,HRTF_A,33,0.806,-55.12,-1.33,29,1
P001,HRTF_A,33,0.820,-55.80,-1.32,29,1
P001,HRTF_A,33,0.833,-56.52,-1.30,29,1
P001,HRTF_A,33,0.847,-57.20,-1.33,29,1
P001,HRTF_A,33,0.861,-57.86,-1.34,29,1
P001,HRTF_A,33,0.875,-58.54,-1.37,29,1
P001,HRTF_A,33,0.889,-59.20,-1.41,29,1
P001,HRTF_A,33,0.903,-59.90,-1.44,29,1
P001,HRTF_A,33,0.917,-60.55,-1.42,29,1
P001,HRTF_A,33,0.930,-61.19,-1.45,29,1
P001,HRTF_A,33,0.944,-61.87,-1.44,29,1
P001,HRTF_A,33,0.958,-62.54,-1.45,29,1
P001,HRTF_A,33,0.972,-63.24,-1.45,29,1
P001,HRTF_A,33,0.986,-63.93,-1.53,29,1
P001,HRTF_A,33,1.000,-64.62,-1.55,29,1
P001,HRTF_A,33,1.014,-65.32,-1.57,29,1
P001,HRTF_A,33,1.028,-66.05,-1.62,29,1
P001,HRTF_A,33,1.042,-66.76,-1.59,29,1
P001,HRTF_A,33,1.056,-67.50,-1.60,29,1
P001,HRTF_A,33,1.069,-68.18,-1.64,29,1
P001,HRTF_A,33,1.083,-68.92,-1.62,29,1
P001,HRTF_A,33,1.097,-69.66,-1.68,29,1
P001,HRTF_A,34,0.014,-11.29,-3.51,5,1
P001,HRTF_A,34,0.031,-10.49,-3.52,5,1
P001,HRTF_A,34,0.042,-9.70,-3.50,5,1
P001,HRTF_A,34,0.056,-8.97,-3.48,5,1
P001,HRTF_A,34,0.072,-8.22,-3.54,5,1
P001,HRTF_A,34,0.084,-7.46,-3.57,5,1
P001,HRTF_A,34,0.098,-6.73,-3.63,5,1
P001,HRTF_A,34,0.111,-6.01,-3.71,5,1
P001,HRTF_A,34,0.125,-5.28,-3.77,5,1
P001,HRTF_A,34,0.139,-4.58,-3.85,5,1
P001,HRTF_A,34,0.153,-3.86,-3.89,5,1
P001,HRTF_A,34,0.167,-3.15,-3.88,5,1
P001,HRTF_A,34,0.181,-2.45,-3.91,5,1
P001,HRTF_A,34,0.195,-1.76,-3.95,5,1
P001,HRTF_A,34,0.208,-1.07,-4.01,5,1
P001,HRTF_A,34,0.222,-0.38,-4.05,5,1
P001,HRTF_A,34,0.236,0.33,-4.08,5,1
P001,HRTF_A,34,0.250,1.06,-4.06,5,1
P001,HRTF_A,34,0.264,1.72,-4.04,5,1
P001,HRTF_A,34,0.278,2.39,-4.05,5,1
P001,HRTF_A,34,0.292,3.09,-4.10,5,1
P001,HRTF_A,34,0.306,3.77,-4.17,5,1
P001,HRTF_A,34,0.320,4.44,-4.22,5,1
P001,HRTF_A,34,0.333,5.12,-4.25,5,1
P001,HRTF_A,34,0.348,5.81,-4.27,5,1
P001,HRTF_A,34,0.362,6.51,-4.24,5,1
P001,HRTF_A,34,0.375,7.23,-4.22,5,1
P001,HRTF_A,34,0.389,7.90,-4.22,5,1
P001,HRTF_A,34,0.403,8.62,-4.30,5,1
P001,HRTF_A,34,0.417,9.33,-4.36,5,1
P001,HRTF_A,34,0.431,10.06,-4.40,5,1
P001,HRTF_A,34,0.444,10.81,-4.43,5,1
P001,HRTF_A,34,0.458,11.53,-4.45,5,1
P001,HRTF_A,34,0.472,12.25,-4.46,5,1
P001,HRTF_A,34,0.486,13.03,-4.42,5,1
P001,HRTF_A,34,0.500,13.83,-4.43,5,1
P001,HRTF_A,34,0.514,14.69,-4.39,5,1
P001,HRTF_A,34,0.528,15.50,-4.35,5,1
P001,HRTF_A,34,0.542,16.38,-4.28,5,1
P001,HRTF_A,34,0.556,17.34,-4.22,5,1
P001,HRTF_A,34,0.569,18.26,-4.16,5,1
P001,HRTF_A,34,0.583,19.19,-4.10,5,1
P001,HRTF_A,34,0.597,20.12,-4.03,5,1
P001,HRTF_A,34,0.611,21.03,-3.98,5,1
P001,HRTF_A,34,0.625,21.91,-3.91,5,1
P001,HRTF_A,34,0.639,22.81,-3.83,5,1
P001,HRTF_A,34,0.653,23.65,-3.74,5,1
P001,HRTF_A,34,0.667,24.52,-3.72,5,1
P001,HRTF_A,34,0.681,25.32,-3.81,5,1
P001,HRTF_A,34,0.694,26.10,-3.87,5,1
P001,HRTF_A,34,0.708,26.86,-3.97,5,1
P001,HRTF_A,34,0.722,27.62,-3.98,5,1
P001,HRTF_A,34,0.736,28.36,-4.01,5,1
P001,HRTF_A,34,0.750,29.07,-4.01,5,1
P001,HRTF_A,34,0.764,29.76,-4.02,5,1
P001,HRTF_A,34,0.778,30.44,-4.03,5,1
P001,HRTF_A,34,0.792,31.03,-4.05,5,1
P001,HRTF_A,34,0.806,31.69,-4.03,5,1
P001,HRTF_A,34,0.820,32.34,-4.03,5,1
P001,HRTF_A,34,0.834,32.94,-4.01,5,1
P001,HRTF_A,34,0.847,33.54,-4.02,5,1
P001,HRTF_A,34,0.861,34.08,-4.02,5,1
P001,HRTF_A,34,0.875,34.67,-4.01,5,1
P001,HRTF_A,34,0.889,35.23,-4.00,5,1
P001,HRTF_A,34,0.903,35.80,-3.95,5,1
P001,HRTF_A,34,0.917,36.33,-3.88,5,1
P001,HRTF_A,34,0.931,36.92,-3.83,5,1
P001,HRTF_A,34,0.945,37.44,-3.81,5,1
P001,HRTF_A,34,0.959,37.99,-3.80,5,1
P001,HRTF_A,34,0.972,38.50,-3.80,5,1
P001,HRTF_A,34,0.986,39.05,-3.80,5,1
P001,HRTF_A,34,1.000,39.58,-3.83,5,1
P001,HRTF_A,34,1.014,40.12,-3.87,5,1
P001,HRTF_A,34,1.028,40.68,-3.85,5,1
P001,HRTF_A,34,1.042,41.23,-3.83,5,1
P001,HRTF_A,34,1.056,41.79,-3.85,5,1
P001,HRTF_A,34,1.069,42.37,-3.81,5,1
P001,HRTF_A,34,1.084,42.94,-3.84,5,1
P001,HRTF_A,34,1.098,43.53,-3.89,5,1
P001,HRTF_A,34,1.111,44.12,-3.94,5,1
P001,HRTF_A,34,1.125,44.68,-3.99,5,1
P001,HRTF_A,34,1.139,45.23,-4.06,5,1
P001,HRTF_A,34,1.153,45.79,-4.09,5,1
P001,HRTF_A,34,1.167,46.36,-4.10,5,1
P001,HRTF_A,34,1.181,46.89,-4.13,5,1
P001,HRTF_A,34,1.195,47.43,-4.12,5,1
P001,HRTF_A,34,1.209,47.94,-4.10,5,1
P001,HRTF_A,34,1.222,48.49,-4.12,5,1
P001,HRTF_A,34,1.236,48.95,-4.13,5,1
P001,HRTF_A,34,1.250,49.49,-4.13,5,1
P001,HRTF_A,34,1.264,50.01,-4.14,5,1
P001,HRTF_A,34,1.278,50.48,-4.14,5,1
P001,HRTF_A,34,1.292,50.98,-4.16,5,1
P001,HRTF_A,35,0.014,-16.06,-2.70,9,1
P001,HRTF_A,35,0.031,-16.71,-2.75,9,1
P001,HRTF_A,35,0.045,-17.33,-2.81,9,1
P001,HRTF_A,35,0.056,-17.96,-2.84,9,1
P001,HRTF_A,35,0.070,-18.54,-2.85,9,1
P001,HRTF_A,35,0.084,-19.18,-2.90,9,1
P001,HRTF_A,35,0.097,-19.79,-2.92,9,1
P001,HRTF_A,35,0.111,-20.38,-2.97,9,1
P001,HRTF_A,35,0.125,-21.02,-3.11,9,1
P001,HRTF_A,35,0.140,-21.67,-3.20,9,1
P001,HRTF_A,35,0.153,-22.28,-3.28,9,1
P001,HRTF_A,35,0.167,-22.91,-3.38,9,1
P001,HRTF_A,35,0.181,-23.48,-3.46,9,1
P001,HRTF_A,35,0.195,-24.10,-3.51,9,1
P001,HRTF_A,35,0.209,-24.73,-3.61,9,1
P001,HRTF_A,35,0.222,-25.34,-3.75,9,1
P001,HRTF_A,35,0.236,-25.96,-3.85,9,1
P001,HRTF_A,35,0.250,-26.59,-3.99,9,1
P001,HRTF_A,35,0.264,-27.22,-4.04,9,1
P001,HRTF_A,35,0.278,-27.84,-4.07,9,1
P001,HRTF_A,35,0.292,-28.41,-4.11,9,1
P001,HRTF_A,35,0.306,-29.08,-4.11,9,1
P001,HRTF_A,35,0.320,-29.70,-4.11,9,1
P001,HRTF_A,35,0.334,-30.37,-4.17,9,1
P001,HRTF_A,35,0.348,-31.05,-4.26,9,1
P001,HRTF_A,35,0.361,-31.72,-4.30,9,1
P001,HRTF_A,35,0.375,-32.39,-4.34,9,1
P001,HRTF_A,35,0.389,-33.12,-4.37,9,1
P001,HRTF_A,35,0.403,-33.76,-4.35,9,1
P001,HRTF_A,35,0.417,-34.44,-4.32,9,1
P001,HRTF_A,35,0.431,-35.08,-4.26,9,1
P001,HRTF_A,35,0.445,-35.74,-4.24,9,1
P001,HRTF_A,35,0.458,-36.40,-4.22,9,1
P001,HRTF_A,35,0.472,-37.04,-4.22,9,1
P001,HRTF_A,35,0.486,-37.68,-4.18,9,1
P001,HRTF_A,35,0.500,-38.34,-4.15,9,1
P001,HRTF_A,35,0.514,-38.96,-4.05,9,1
P001,HRTF_A,35,0.528,-39.57,-3.98,9,1
P001,HRTF_A,35,0.542,-40.23,-3.94,9,1
P001,HRTF_A,35,0.556,-40.87,-3.97,9,1
P001,HRTF_A,35,0.570,-41.52,-3.97,9,1
P001,HRTF_A,35,0.584,-42.17,-3.96,9,1
P001,HRTF_A,35,0.598,-42.81,-3.93,9,1
P001,HRTF_A,35,0.612,-43.46,-3.89,9,1
P001,HRTF_A,35,0.625,-44.05,-3.82,9,1
P001,HRTF_A,35,0.639,-44.70,-3.77,9,1
P001,HRTF_A,35,0.653,-45.32,-3.71,9,1
P001,HRTF_A,35,0.667,-45.92,-3.72,9,1
P001,HRTF_A,35,0.681,-46.56,-3.75,9,1
P001,HRTF_A,35,0.695,-47.15,-3.78,9,1
P001,HRTF_A,35,0.709,-47.70,-3.80,9,1
P001,HRTF_A,35,0.722,-48.29,-3.86,9,1
P001,HRTF_A,35,0.736,-48.87,-3.91,9,1
P001,HRTF_A,35,0.750,-49.40,-4.01,9,1
P001,HRTF_A,35,0.764,-49.98,-4.12,9,1
P001,HRTF_A,35,0.778,-50.52,-4.20,9,1
P001,HRTF_A,35,0.792,-51.06,-4.24,9,1
P001,HRTF_A,35,0.806,-51.59,-4.23,9,1
P001,HRTF_A,35,0.820,-52.14,-4.28,9,1
P001,HRTF_A,35,0.834,-52.71,-4.32,9,1
P001,HRTF_A,35,0.847,-53.28,-4.38,9,1
P001,HRTF_A,35,0.862,-53.87,-4.40,9,1
P001,HRTF_A,35,0.875,-54.44,-4.44,9,1
P001,HRTF_A,35,0.889,-55.02,-4.48,9,1
P001,HRTF_A,35,0.903,-55.62,-4.52,9,1
P001,HRTF_A,35,0.917,-56.19,-4.58,9,1
P001,HRTF_A,35,0.931,-56.80,-4.65,9,1
P001,HRTF_A,35,0.945,-57.40,-4.66,9,1
P001,HRTF_A,35,0.959,-57.98,-4.69,9,1
P001,HRTF_A,35,0.973,-58.55,-4.67,9,1
P001,HRTF_A,35,0.986,-59.09,-4.65,9,1
P001,HRTF_A,35,1.000,-59.65,-4.69,9,1
P001,HRTF_A,35,1.014,-60.23,-4.70,9,1
P001,HRTF_A,35,1.028,-60.78,-4.75,9,1
P001,HRTF_A,35,1.042,-61.34,-4.75,9,1
P001,HRTF_A,35,1.056,-61.86,-4.76,9,1
P001,HRTF_A,35,1.070,-62.41,-4.76,9,1
P001,HRTF_A,35,1.084,-62.92,-4.73,9,1
P001,HRTF_A,35,1.097,-63.43,-4.70,9,1
P001,HRTF_A,35,1.111,-63.95,-4.66,9,1
P001,HRTF_A,35,1.125,-64.42,-4.63,9,1
P001,HRTF_A,35,1.139,-64.91,-4.66,9,1
P001,HRTF_A,35,1.153,-65.43,-4.66,9,1
P001,HRTF_A,35,1.167,-65.90,-4.64,9,1
P001,HRTF_A,35,1.181,-66.41,-4.65,9,1
P001,HRTF_A,35,1.195,-66.90,-4.64,9,1
P001,HRTF_A,35,1.209,-67.38,-4.66,9,1
P001,HRTF_A,35,1.223,-67.86,-4.70,9,1
P001,HRTF_A,35,1.236,-68.33,-4.74,9,1
P001,HRTF_A,35,1.250,-68.80,-4.74,9,1
P001,HRTF_A,35,1.264,-69.25,-4.73,9,1
P001,HRTF_A,35,1.278,-69.71,-4.71,9,1
P001,HRTF_A,35,1.292,-70.17,-4.68,9,1
P001,HRTF_A,35,1.306,-70.65,-4.71,9,1
P001,HRTF_A,35,1.320,-71.09,-4.77,9,1
P001,HRTF_A,35,1.334,-71.55,-4.76,9,1
P001,HRTF_A,35,1.348,-71.99,-4.77,9,1
P001,HRTF_A,35,1.361,-72.47,-4.74,9,1
P001,HRTF_A,35,1.375,-72.92,-4.67,9,1
P001,HRTF_A,35,1.389,-73.30,-4.60,9,1
P001,HRTF_A,35,1.403,-73.62,-4.54,9,1
P001,HRTF_A,35,1.417,-73.86,-4.46,9,1
P001,HRTF_A,35,1.431,-74.07,-4.40,9,1
P001,HRTF_A,35,1.445,-74.22,-4.34,9,1
P001,HRTF_A,35,1.459,-74.33,-4.31,9,1
P001,HRTF_A,35,1.473,-74.37,-4.31,9,1
P001,HRTF_A,35,1.486,-74.38,-4.39,9,1
P001,HRTF_A,35,1.500,-74.29,-4.57,9,1
P001,HRTF_A,35,1.514,-74.15,-4.78,9,1
P001,HRTF_A,35,1.528,-73.94,-4.95,9,1
P001,HRTF_A,35,1.542,-73.71,-5.05,9,1
P001,HRTF_A,35,1.556,-73.46,-5.14,9,1
P001,HRTF_A,35,1.570,-73.18,-5.22,9,1
P001,HRTF_A,35,1.584,-72.88,-5.32,9,1
P001,HRTF_A,35,1.597,-72.61,-5.47,9,1
P001,HRTF_A,35,1.611,-72.35,-5.63,9,1
P001,HRTF_A,35,1.625,-72.07,-5.81,9,1
P001,HRTF_A,35,1.640,-71.77,-6.01,9,1
P001,HRTF_A,35,1.653,-71.46,-6.22,9,1
P001,HRTF_A,35,1.667,-71.13,-6.41,9,1
P001,HRTF_A,35,1.681,-70.80,-6.57,9,1
P001,HRTF_A,35,1.695,-70.39,-6.64,9,1
P001,HRTF_A,35,1.709,-70.00,-6.69,9,1
P001,HRTF_A,35,1.723,-69.46,-6.68,9,1
P001,HRTF_A,35,1.737,-68.90,-6.74,9,1
P001,HRTF_A,35,1.750,-68.34,-6.78,9,1
P001,HRTF_A,35,1.764,-67.78,-6.88,9,1
P001,HRTF_A,35,1.778,-67.12,-6.93,9,1
P001,HRTF_A,35,1.793,-66.36,-6.96,9,1
P001,HRTF_A,35,1.806,-65.63,-6.96,9,1
P001,HRTF_A,35,1.820,-64.79,-6.94,9,1
P001,HRTF_A,35,1.834,-63.98,-6.89,9,1
P001,HRTF_A,35,1.848,-63.12,-6.94,9,1
P001,HRTF_A,35,1.862,-62.20,-7.00,9,1
P001,HRTF_A,35,1.876,-61.25,-7.02,9,1
P001,HRTF_A,35,1.889,-60.22,-6.97,9,1
P001,HRTF_A,35,1.903,-59.10,-6.82,9,1
P001,HRTF_A,35,1.917,-57.94,-6.70,9,1
P001,HRTF_A,35,1.931,-56.62,-6.61,9,1
P001,HRTF_A,35,1.945,-55.23,-6.60,9,1
P001,HRTF_A,35,1.959,-53.75,-6.63,9,1
P001,HRTF_A,35,1.973,-52.13,-6.68,9,1
P001,HRTF_A,35,1.987,-50.35,-6.83,9,1
P001,HRTF_A,35,2.001,-48.63,-6.97,9,1
P001,HRTF_A,35,2.014,-46.86,-7.19,9,1
P001,HRTF_A,35,2.028,-45.05,-7.40,9,1
P001,HRTF_A,35,2.042,-43.12,-7.59,9,1
P001,HRTF_A,35,2.056,-41.18,-7.73,9,1
P001,HRTF_A,35,2.070,-39.22,-7.93,9,1
P001,HRTF_A,35,2.084,-37.34,-8.17,9,1
P001,HRTF_A,35,2.098,-35.45,-8.44,9,1
P001,HRTF_A,35,2.112,-33.48,-8.77,9,1
P001,HRTF_A,35,2.126,-31.45,-9.02,9,1
P001,HRTF_A,35,2.140,-29.36,-9.22,9,1
P001,HRTF_A,35,2.153,-27.12,-9.35,9,1
P001,HRTF_A,35,2.167,-24.86,-9.55,9,1
P001,HRTF_A,35,2.181,-22.62,-9.77,9,1
P001,HRTF_A,35,2.195,-20.38,-10.07,9,1
P001,HRTF_A,35,2.209,-18.20,-10.41,9,1
P001,HRTF_A,35,2.223,-16.02,-10.59,9,1
P001,HRTF_A,35,2.237,-13.89,-10.75,9,1
P001,HRTF_A,35,2.251,-11.86,-10.83,9,1
P001,HRTF_A,35,2.264,-10.02,-10.85,9,1
P001,HRTF_A,35,2.278,-8.23,-10.83,9,1
P001,HRTF_A,35,2.292,-6.59,-10.72,9,1
P001,HRTF_A,35,2.306,-4.96,-10.58,9,1
P001,HRTF_A,35,2.320,-3.51,-10.36,9,1
P001,HRTF_A,35,2.334,-2.15,-10.09,9,1
P001,HRTF_A,35,2.348,-0.96,-9.84,9,1
P001,HRTF_A,35,2.362,0.22,-9.60,9,1
P001,HRTF_A,35,2.375,1.24,-9.43,9,1
P001,HRTF_A,35,2.389,2.22,-9.26,9,1
P001,HRTF_A,35,2.403,3.04,-9.14,9,1
P001,HRTF_A,35,2.418,3.84,-8.97,9,1
P001,HRTF_A,35,2.431,4.63,-8.91,9,1
P001,HRTF_A,35,2.445,5.31,-8.81,9,1
P001,HRTF_A,35,2.459,6.05,-8.74,9,1
P001,HRTF_A,35,2.473,6.79,-8.68,9,1
P001,HRTF_A,35,2.487,7.48,-8.63,9,1
P001,HRTF_A,35,2.501,8.13,-8.58,9,1
P001,HRTF_A,35,2.515,8.76,-8.51,9,1
P001,HRTF_A,35,2.528,9.46,-8.43,9,1
P001,HRTF_A,35,2.542,10.19,-8.26,9,1
P001,HRTF_A,35,2.556,10.90,-8.10,9,1
P001,HRTF_A,35,2.570,11.66,-7.94,9,1
P001,HRTF_A,35,2.584,12.37,-7.78,9,1
P001,HRTF_A,35,2.598,13.15,-7.67,9,1
P001,HRTF_A,35,2.612,13.92,-7.58,9,1
P001,HRTF_A,35,2.625,14.80,-7.49,9,1
P001,HRTF_A,35,2.640,15.68,-7.38,9,1
P001,HRTF_A,35,2.654,16.58,-7.32,9,1
P001,HRTF_A,35,2.667,17.46,-7.25,9,1
P001,HRTF_A,35,2.681,18.38,-7.18,9,1
P001,HRTF_A,35,2.695,19.39,-7.17,9,1
P001,HRTF_A,35,2.709,20.48,-7.14,9,1
P001,HRTF_A,35,2.723,21.57,-7.08,9,1
P001,HRTF_A,35,2.737,22.69,-7.06,9,1
P001,HRTF_A,35,2.751,23.89,-6.96,9,1
P001,HRTF_A,35,2.765,25.20,-6.93,9,1
P001,HRTF_A,35,2.779,26.57,-6.93,9,1
P001,HRTF_A,35,2.792,27.95,-6.94,9,1
P001,HRTF_A,35,2.806,29.31,-6.97,9,1
P001,HRTF_A,35,2.820,30.62,-7.00,9,1
P001,HRTF_A,35,2.834,31.88,-6.99,9,1
P001,HRTF_A,35,2.848,33.05,-6.97,9,1
P001,HRTF_A,35,2.862,34.22,-6.95,9,1
P001,HRTF_A,35,2.876,35.32,-6.92,9,1
P001,HRTF_A,35,2.889,36.39,-6.90,9,1
P001,HRTF_A,35,2.903,37.38,-6.86,9,1
P001,HRTF_A,35,2.917,38.25,-6.82,9,1
P001,HRTF_A,35,2.931,39.03,-6.74,9,1
P001,HRTF_A,35,2.945,39.79,-6.66,9,1
P001,HRTF_A,35,2.959,40.55,-6.62,9,1
P001,HRTF_A,35,2.973,41.23,-6.56,9,1
P001,HRTF_A,35,2.987,41.89,-6.55,9,1
P001,HRTF_A,35,3.000,42.49,-6.50,9,1
P001,HRTF_A,35,3.015,43.11,-6.46,9,1
P001,HRTF_A,35,3.028,43.74,-6.44,9,1
P001,HRTF_A,35,3.042,44.35,-6.43,9,1
P001,HRTF_A,35,3.056,44.95,-6.47,9,1
P001,HRTF_A,35,3.070,45.57,-6.49,9,1
P001,HRTF_A,35,3.084,46.20,-6.54,9,1
P001,HRTF_A,35,3.098,46.83,-6.55,9,1
P001,HRTF_A,35,3.112,47.47,-6.56,9,1
P001,HRTF_A,35,3.125,48.13,-6.54,9,1
P001,HRTF_A,35,3.139,48.80,-6.56,9,1
P001,HRTF_A,35,3.153,49.43,-6.60,9,1
P001,HRTF_A,35,3.167,50.10,-6.67,9,1
P001,HRTF_A,35,3.181,50.77,-6.72,9,1
P001,HRTF_A,35,3.195,51.46,-6.77,9,1
P001,HRTF_A,35,3.209,52.12,-6.79,9,1
P001,HRTF_A,35,3.223,52.83,-6.81,9,1
P001,HRTF_A,35,3.237,53.50,-6.81,9,1
P001,HRTF_A,35,3.251,54.18,-6.79,9,1
P001,HRTF_A,35,3.264,54.82,-6.76,9,1
P001,HRTF_A,35,3.278,55.50,-6.67,9,1
P001,HRTF_A,35,3.292,56.14,-6.63,9,1
P001,HRTF_A,35,3.306,56.80,-6.57,9,1
P001,HRTF_A,35,3.320,57.45,-6.48,9,1
P001,HRTF_A,35,3.334,58.12,-6.43,9,1
P001,HRTF_A,35,3.348,58.77,-6.33,9,1
P001,HRTF_A,35,3.362,59.44,-6.21,9,1
P001,HRTF_A,35,3.375,60.10,-6.13,9,1
P001,HRTF_A,35,3.389,60.75,-6.06,9,1
P001,HRTF_A,35,3.403,61.41,-6.01,9,1
P001,HRTF_A,35,3.417,62.08,-5.90,9,1
P001,HRTF_A,35,3.431,62.76,-5.81,9,1
P001,HRTF_A,35,3.445,63.46,-5.70,9,1
P001,HRTF_A,35,3.459,64.14,-5.60,9,1
P001,HRTF_A,35,3.473,64.82,-5.52,9,1
P001,HRTF_A,35,3.487,65.49,-5.45,9,1
P001,HRTF_A,35,3.500,66.15,-5.38,9,1
P001,HRTF_A,35,3.514,66.81,-5.30,9,1
P001,HRTF_A,35,3.528,67.46,-5.24,9,1
P001,HRTF_A,35,3.542,68.11,-5.20,9,1
P001,HRTF_A,35,3.556,68.77,-5.16,9,1
P001,HRTF_A,35,3.570,69.38,-5.10,9,1
P001,HRTF_A,35,3.584,69.99,-5.03,9,1
P001,HRTF_A,35,3.598,70.59,-4.96,9,1
P001,HRTF_A,35,3.612,71.22,-4.93,9,1
P001,HRTF_A,35,3.625,71.85,-4.88,9,1
P001,HRTF_A,35,3.639,72.48,-4.83,9,1
P001,HRTF_A,35,3.653,73.11,-4.82,9,1
P001,HRTF_A,35,3.667,73.71,-4.79,9,1
P001,HRTF_A,35,3.681,74.35,-4.79,9,1
P001,HRTF_A,35,3.695,74.94,-4.81,9,1
P001,HRTF_A,35,3.709,75.54,-4.83,9,1
P001,HRTF_A,35,3.723,76.16,-4.84,9,1
P001,HRTF_A,35,3.737,76.74,-4.82,9,1
P001,HRTF_A,35,3.750,77.34,-4.80,9,1
P001,HRTF_A,35,3.764,77.91,-4.79,9,1
P001,HRTF_A,35,3.778,78.52,-4.87,9,1
P001,HRTF_A,35,3.792,79.13,-4.91,9,1
P001,HRTF_A,35,3.806,79.72,-4.96,9,1
P001,HRTF_A,35,3.820,80.26,-5.07,9,1
P001,HRTF_A,35,3.834,80.87,-5.12,9,1
P001,HRTF_A,35,3.848,81.45,-5.22,9,1
P001,HRTF_A,35,3.862,82.00,-5.29,9,1
P001,HRTF_A,35,3.875,82.59,-5.32,9,1
P001,HRTF_A,35,3.889,83.18,-5.34,9,1
P001,HRTF_A,35,3.903,83.73,-5.36,9,1
P001,HRTF_A,35,3.917,84.33,-5.37,9,1
P001,HRTF_A,35,3.931,84.86,-5.38,9,1
P001,HRTF_A,35,3.945,85.44,-5.45,9,1
P001,HRTF_A,35,3.959,85.98,-5.50,9,1
P001,HRTF_A,35,3.973,86.53,-5.55,9,1
P001,HRTF_A,35,3.987,87.08,-5.59,9,1
P001,HRTF_A,35,4.001,87.63,-5.62,9,1
P001,HRTF_A,35,4.014,88.17,-5.60,9,1
P001,HRTF_A,35,4.028,88.70,-5.64,9,1
P001,HRTF_A,35,4.042,89.21,-5.64,9,1
P001,HRTF_A,35,4.056,89.69,-5.67,9,1
P001,HRTF_A,35,4.070,90.22,-5.65,9,1
P001,HRTF_A,35,4.084,90.73,-5.62,9,1
P001,HRTF_A,35,4.097,91.24,-5.65,9,1
P001,HRTF_A,35,4.111,91.76,-5.69,9,1
P001,HRTF_A,35,4.125,92.27,-5.68,9,1
P001,HRTF_A,35,4.139,92.76,-5.66,9,1
P001,HRTF_A,35,4.153,93.26,-5.62,9,1
P001,HRTF_A,35,4.167,93.78,-5.57,9,1
P001,HRTF_A,35,4.181,94.27,-5.56,9,1
P001,HRTF_A,35,4.195,94.80,-5.50,9,1
P001,HRTF_A,35,4.209,95.27,-5.52,9,1
P001,HRTF_A,36,0.014,-14.34,-6.61,23,1
P001,HRTF_A,36,0.031,-14.98,-6.60,23,1
P001,HRTF_A,36,0.042,-15.60,-6.62,23,1
P001,HRTF_A,36,0.055,-16.23,-6.62,23,1
P001,HRTF_A,36,0.069,-16.86,-6.66,23,1
P001,HRTF_A,36,0.083,-17.50,-6.69,23,1
P001,HRTF_A,36,0.097,-18.15,-6.67,23,1
P001,HRTF_A,36,0.111,-18.79,-6.66,23,1
P001,HRTF_A,36,0.124,-19.38,-6.65,23,1
P001,HRTF_A,36,0.141,-19.90,-6.63,23,1
P001,HRTF_A,36,0.152,-20.38,-6.58,23,1
P001,HRTF_A,36,0.166,-20.87,-6.53,23,1
P001,HRTF_A,36,0.180,-21.35,-6.43,23,1
P001,HRTF_A,36,0.194,-21.79,-6.16,23,1
P001,HRTF_A,36,0.208,-22.22,-5.81,23,1
P001,HRTF_A,36,0.222,-22.62,-5.41,23,1
P001,HRTF_A,36,0.236,-23.05,-5.01,23,1
P001,HRTF_A,36,0.249,-23.50,-4.63,23,1
P001,HRTF_A,36,0.263,-24.02,-4.26,23,1
P001,HRTF_A,36,0.278,-24.58,-4.00,23,1
P001,HRTF_A,36,0.291,-25.19,-3.77,23,1
P001,HRTF_A,36,0.305,-25.83,-3.65,23,1
P001,HRTF_A,36,0.319,-26.53,-3.52,23,1
P001,HRTF_A,36,0.333,-27.21,-3.36,23,1
P001,HRTF_A,36,0.347,-27.95,-3.20,23,1
P001,HRTF_A,36,0.360,-28.68,-2.99,23,1
P001,HRTF_A,36,0.375,-29.42,-2.82,23,1
P001,HRTF_A,36,0.388,-30.18,-2.59,23,1
P001,HRTF_A,36,0.402,-30.96,-2.40,23,1
P001,HRTF_A,36,0.416,-31.78,-2.25,23,1
P001,HRTF_A,36,0.430,-32.59,-2.09,23,1
P001,HRTF_A,36,0.444,-33.38,-1.94,23,1
P001,HRTF_A,36,0.458,-34.20,-1.83,23,1
P001,HRTF_A,36,0.472,-35.02,-1.74,23,1
P001,HRTF_A,36,0.486,-35.83,-1.66,23,1
P001,HRTF_A,36,0.499,-36.67,-1.58,23,1
P001,HRTF_A,36,0.513,-37.50,-1.53,23,1
P001,HRTF_A,36,0.528,-38.32,-1.48,23,1
P001,HRTF_A,36,0.541,-39.16,-1.41,23,1
P001,HRTF_A,36,0.555,-40.00,-1.34,23,1
P001,HRTF_A,36,0.569,-40.83,-1.28,23,1
P001,HRTF_A,36,0.583,-41.70,-1.25,23,1
P001,HRTF_A,36,0.597,-42.55,-1.21,23,1
P001,HRTF_A,36,0.611,-43.41,-1.18,23,1
P001,HRTF_A,36,0.624,-44.27,-1.19,23,1
P001,HRTF_A,36,0.638,-45.15,-1.19,23,1
P001,HRTF_A,36,0.652,-46.01,-1.17,23,1
P001,HRTF_A,36,0.666,-46.91,-1.17,23,1
P001,HRTF_A,36,0.680,-47.78,-1.17,23,1
P001,HRTF_A,36,0.694,-48.62,-1.19,23,1
P001,HRTF_A,36,0.708,-49.49,-1.19,23,1
P001,HRTF_A,36,0.722,-50.32,-1.19,23,1
P001,HRTF_A,36,0.736,-51.13,-1.19,23,1
P001,HRTF_A,36,0.750,-51.94,-1.20,23,1
P001,HRTF_A,36,0.764,-52.74,-1.24,23,1
P001,HRTF_A,36,0.777,-53.49,-1.21,23,1
P001,HRTF_A,36,0.791,-54.26,-1.21,23,1
P001,HRTF_A,36,0.805,-55.01,-1.21,23,1
P001,HRTF_A,36,0.819,-55.73,-1.22,23,1
P001,HRTF_A,36,0.833,-56.47,-1.28,23,1
P001,HRTF_A,36,0.847,-57.15,-1.34,23,1
P001,HRTF_A,36,0.861,-57.85,-1.40,23,1
P001,HRTF_A,36,0.874,-58.53,-1.49,23,1
P001,HRTF_A,36,0.888,-59.21,-1.54,23,1
P001,HRTF_A,36,0.903,-59.88,-1.64,23,1
P001,HRTF_A,36,0.916,-60.50,-1.71,23,1
P001,HRTF_A,36,0.930,-61.15,-1.79,23,1
P001,HRTF_A,36,0.944,-61.77,-1.91,23,1
P001,HRTF_A,36,0.958,-62.42,-1.96,23,1
P001,HRTF_A,36,0.972,-63.04,-2.05,23,1
P001,HRTF_A,36,0.985,-63.65,-2.10,23,1
P001,HRTF_A,36,0.999,-64.23,-2.15,23,1
P001,HRTF_A,36,1.013,-64.81,-2.22,23,1
P001,HRTF_A,36,1.027,-65.35,-2.32,23,1
P001,HRTF_A,36,1.041,-65.86,-2.38,23,1
P001,HRTF_A,36,1.056,-66.38,-2.44,23,1
P001,HRTF_A,36,1.069,-66.86,-2.45,23,1
P001,HRTF_A,36,1.083,-67.33,-2.45,23,1
P001,HRTF_A,36,1.097,-67.78,-2.45,23,1
P001,HRTF_A,36,1.111,-68.20,-2.49,23,1
P001,HRTF_A,36,1.124,-68.64,-2.56,23,1
P001,HRTF_A,36,1.139,-69.06,-2.66,23,1
P001,HRTF_A,36,1.152,-69.50,-2.77,23,1
P001,HRTF_A,36,1.166,-69.95,-2.85,23,1
P001,HRTF_A,36,1.180,-70.39,-2.91,23,1
P001,HRTF_A,36,1.194,-70.81,-2.94,23,1
P001,HRTF_A,36,1.208,-71.26,-2.94,23,1
P001,HRTF_A,36,1.222,-71.69,-2.94,23,1
P001,HRTF_A,36,1.236,-72.16,-2.96,23,1
P001,HRTF_A,36,1.249,-72.61,-2.97,23,1
P001,HRTF_A,36,1.263,-73.06,-3.00,23,1
P001,HRTF_A,36,1.277,-73.48,-3.03,23,1
P001,HRTF_A,36,1.291,-73.90,-3.03,23,1
P001,HRTF_A,36,1.305,-74.34,-3.00,23,1
P001,HRTF_A,36,1.319,-74.67,-2.98,23,1
P001,HRTF_A,36,1.333,-74.99,-2.93,23,1
P001,HRTF_A,36,1.347,-75.33,-2.88,23,1
P001,HRTF_A,36,1.361,-75.65,-2.82,23,1
P001,HRTF_A,36,1.375,-75.91,-2.78,23,1
P001,HRTF_A,36,1.388,-76.17,-2.73,23,1
P001,HRTF_A,36,1.403,-76.42,-2.74,23,1
P001,HRTF_A,36,1.416,-76.64,-2.79,23,1
P001,HRTF_A,36,1.430,-76.84,-2.88,23,1
P001,HRTF_A,36,1.444,-77.03,-2.98,23,1
P001,HRTF_A,36,1.458,-77.20,-3.08,23,1
P001,HRTF_A,36,1.472,-77.34,-3.16,23,1
P001,HRTF_A,36,1.486,-77.49,-3.24,23,1
P001,HRTF_A,36,1.500,-77.60,-3.34,23,1
P001,HRTF_A,36,1.514,-77.71,-3.44,23,1
P001,HRTF_A,36,1.528,-77.80,-3.57,23,1
P001,HRTF_A,36,1.541,-77.88,-3.70,23,1
P001,HRTF_A,36,1.556,-77.91,-3.81,23,1
P001,HRTF_A,36,1.569,-77.94,-3.91,23,1
P001,HRTF_A,36,1.583,-77.94,-3.97,23,1
P001,HRTF_A,36,1.597,-77.94,-4.01,23,1
P001,HRTF_A,36,1.610,-77.92,-4.04,23,1
P001,HRTF_A,36,1.624,-77.90,-4.06,23,1
P001,HRTF_A,36,1.638,-77.86,-4.08,23,1
P001,HRTF_A,36,1.652,-77.80,-4.10,23,1
P001,HRTF_A,36,1.666,-77.75,-4.11,23,1
P001,HRTF_A,36,1.680,-77.70,-4.12,23,1
P001,HRTF_A,36,1.694,-77.67,-4.15,23,1
P001,HRTF_A,36,1.708,-77.65,-4.17,23,1
P001,HRTF_A,36,1.722,-77.62,-4.16,23,1
P001,HRTF_A,36,1.736,-77.61,-4.13,23,1
P001,HRTF_A,36,1.749,-77.60,-4.10,23,1
P001,HRTF_A,36,1.764,-77.62,-4.09,23,1
P001,HRTF_A,36,1.778,-77.62,-4.08,23,1
P001,HRTF_A,36,1.791,-77.66,-4.06,23,1
P001,HRTF_A,36,1.805,-77.69,-4.04,23,1
P001,HRTF_A,36,1.819,-77.71,-4.04,23,1
P001,HRTF_A,36,1.833,-77.75,-4.03,23,1
P001,HRTF_A,36,1.847,-77.77,-4.04,23,1
P001,HRTF_A,36,1.861,-77.79,-4.02,23,1
P001,HRTF_A,36,1.875,-77.81,-4.05,23,1
P001,HRTF_A,36,1.888,-77.84,-4.06,23,1
P001,HRTF_A,36,1.902,-77.83,-4.08,23,1
P001,HRTF_A,36,1.916,-77.83,-4.11,23,1
P001,HRTF_A,36,1.930,-77.80,-4.14,23,1
P001,HRTF_A,36,1.944,-77.78,-4.16,23,1
P001,HRTF_A,36,1.958,-77.76,-4.17,23,1
P001,HRTF_A,36,1.972,-77.74,-4.21,23,1
P001,HRTF_A,36,1.986,-77.70,-4.25,23,1
P001,HRTF_A,36,2.000,-77.65,-4.28,23,1
P001,HRTF_A,36,2.013,-77.60,-4.34,23,1
P001,HRTF_A,36,2.027,-77.54,-4.38,23,1
P001,HRTF_A,36,2.041,-77.48,-4.45,23,1
P001,HRTF_A,36,2.055,-77.43,-4.52,23,1
P001,HRTF_A,36,2.069,-77.37,-4.57,23,1
P001,HRTF_A,36,2.083,-77.31,-4.62,23,1
P001,HRTF_A,36,2.097,-77.26,-4.67,23,1
P001,HRTF_A,36,2.111,-77.22,-4.68,23,1
P001,HRTF_A,36,2.125,-77.25,-4.66,23,1
P001,HRTF_A,36,2.138,-77.35,-4.65,23,1
P001,HRTF_A,36,2.152,-77.60,-4.62,23,1
P001,HRTF_A,36,2.166,-77.92,-4.59,23,1
P001,HRTF_A,36,2.180,-78.39,-4.60,23,1
P001,HRTF_A,36,2.194,-79.04,-4.63,23,1
P001,HRTF_A,36,2.208,-79.97,-4.67,23,1
P001,HRTF_A,36,2.222,-81.10,-4.71,23,1
P001,HRTF_A,36,2.236,-82.26,-4.65,23,1
P001,HRTF_A,36,2.249,-83.61,-4.52,23,1
P001,HRTF_A,36,2.264,-84.92,-4.38,23,1
P001,HRTF_A,36,2.278,-86.37,-4.22,23,1
P001,HRTF_A,36,2.291,-87.84,-4.08,23,1
P001,HRTF_A,36,2.305,-89.45,-3.93,23,1
P001,HRTF_A,36,2.320,-91.03,-3.80,23,1
P001,HRTF_A,36,2.333,-92.66,-3.68,23,1
P001,HRTF_A,36,2.347,-94.37,-3.61,23,1
P001,HRTF_A,36,2.361,-95.98,-3.54,23,1
P001,HRTF_A,36,2.375,-97.60,-3.46,23,1
P001,HRTF_A,36,2.388,-99.18,-3.37,23,1
P001,HRTF_A,36,2.402,-100.69,-3.28,23,1
P001,HRTF_A,36,2.416,-102.11,-3.18,23,1
P001,HRTF_A,36,2.430,-103.56,-3.06,23,1
P001,HRTF_A,36,2.444,-105.00,-2.94,23,1
P001,HRTF_A,36,2.458,-106.42,-2.82,23,1
P001,HRTF_A,36,2.472,-107.79,-2.73,23,1
P001,HRTF_A,36,2.486,-109.07,-2.65,23,1
P001,HRTF_A,36,2.500,-110.34,-2.56,23,1
P001,HRTF_A,36,2.513,-111.58,-2.40,23,1
P001,HRTF_A,36,2.527,-112.78,-2.22,23,1
P001,HRTF_A,36,2.541,-114.00,-2.07,23,1
P001,HRTF_A,36,2.555,-115.10,-1.85,23,1
P001,HRTF_A,36,2.569,-116.20,-1.60,23,1
P001,HRTF_A,36,2.583,-117.31,-1.33,23,1
P001,HRTF_A,36,2.597,-118.36,-1.01,23,1
P001,HRTF_A,36,2.610,-119.34,-0.71,23,1
P001,HRTF_A,36,2.625,-120.25,-0.37,23,1
P001,HRTF_A,36,2.639,-121.06,-0.05,23,1
P001,HRTF_A,36,2.653,-121.84,0.25,23,1
P001,HRTF_A,36,2.666,-122.53,0.66,23,1
P001,HRTF_A,36,2.680,-123.20,1.04,23,1
P001,HRTF_A,36,2.695,-123.76,1.47,23,1
P001,HRTF_A,36,2.708,-124.30,1.89,23,1
P001,HRTF_A,36,2.722,-124.74,2.37,23,1
P001,HRTF_A,36,2.736,-125.18,2.85,23,1
P001,HRTF_A,36,2.749,-125.58,3.34,23,1
P001,HRTF_A,36,2.763,-125.95,3.80,23,1
P001,HRTF_A,36,2.778,-126.29,4.23,23,1
P001,HRTF_A,36,2.791,-126.64,4.64,23,1
P001,HRTF_A,36,2.805,-126.98,5.03,23,1
P001,HRTF_A,36,2.819,-127.36,5.42,23,1
P001,HRTF_A,36,2.833,-127.76,5.75,23,1
P001,HRTF_A,36,2.847,-128.12,6.06,23,1
P001,HRTF_A,36,2.861,-128.53,6.37,23,1
P001,HRTF_A,36,2.875,-128.99,6.72,23,1
P001,HRTF_A,36,2.889,-129.43,7.04,23,1
P001,HRTF_A,36,2.903,-129.94,7.39,23,1
P001,HRTF_A,36,2.916,-130.47,7.67,23,1
P001,HRTF_A,36,2.930,-131.04,7.90,23,1
P001,HRTF_A,36,2.944,-131.66,8.18,23,1
P001,HRTF_A,36,2.958,-132.26,8.41,23,1
P001,HRTF_A,36,2.972,-132.89,8.67,23,1
P001,HRTF_A,36,2.986,-133.56,8.90,23,1
P001,HRTF_A,36,3.000,-134.33,9.04,23,1
P001,HRTF_A,36,3.014,-135.11,9.20,23,1
P001,HRTF_A,36,3.027,-135.88,9.35,23,1
P001,HRTF_A,36,3.041,-136.73,9.42,23,1
P001,HRTF_A,36,3.056,-137.61,9.44,23,1
P001,HRTF_A,36,3.069,-138.53,9.48,23,1
P001,HRTF_A,36,3.083,-139.43,9.41,23,1
P001,HRTF_A,36,3.097,-140.39,9.28,23,1
P001,HRTF_A,36,3.111,-141.36,9.09,23,1
P001,HRTF_A,36,3.125,-142.40,8.70,23,1
P001,HRTF_A,36,3.138,-143.44,8.28,23,1
P001,HRTF_A,36,3.152,-144.46,7.76,23,1
P001,HRTF_A,36,3.166,-145.44,7.24,23,1
P001,HRTF_A,36,3.180,-146.38,6.75,23,1
P001,HRTF_A,36,3.194,-147.27,6.31,23,1
P001,HRTF_A,36,3.208,-148.07,5.86,23,1
P001,HRTF_A,36,3.222,-148.89,5.36,23,1
P001,HRTF_A,36,3.236,-149.72,4.83,23,1
P001,HRTF_A,36,3.250,-150.55,4.22,23,1
P001,HRTF_A,36,3.264,-151.36,3.65,23,1
P001,HRTF_A,36,3.277,-152.07,3.03,23,1
P001,HRTF_A,36,3.291,-152.79,2.45,23,1
P001,HRTF_A,36,3.305,-153.54,1.86,23,1
P001,HRTF_A,36,3.319,-154.28,1.25,23,1
P001,HRTF_A,36,3.333,-155.03,0.67,23,1
P001,HRTF_A,36,3.347,-155.74,0.14,23,1
P001,HRTF_A,36,3.361,-156.46,-0.51,23,1
P001,HRTF_A,36,3.375,-157.18,-1.23,23,1
P001,HRTF_A,36,3.389,-157.91,-1.96,23,1
P001,HRTF_A,36,3.403,-158.63,-2.70,23,1
P001,HRTF_A,36,3.416,-159.32,-3.49,23,1
P001,HRTF_A,36,3.431,-160.00,-4.24,23,1
P001,HRTF_A,36,3.444,-160.68,-4.98,23,1
P001,HRTF_A,36,3.458,-161.30,-5.85,23,1
P001,HRTF_A,36,3.472,-161.90,-6.74,23,1
P001,HRTF_A,36,3.486,-162.51,-7.69,23,1
P001,HRTF_A,36,3.500,-163.08,-8.61,23,1
P001,HRTF_A,36,3.514,-163.61,-9.52,23,1
P001,HRTF_A,36,3.527,-164.08,-10.38,23,1
P001,HRTF_A,36,3.542,-164.51,-11.22,23,1
P001,HRTF_A,36,3.555,-164.88,-11.99,23,1
P001,HRTF_A,36,3.569,-165.31,-12.75,23,1
P001,HRTF_A,36,3.583,-165.64,-13.47,23,1
P001,HRTF_A,36,3.597,-165.99,-14.22,23,1
P001,HRTF_A,36,3.611,-166.26,-14.93,23,1
P001,HRTF_A,36,3.625,-166.57,-15.64,23,1
P001,HRTF_A,36,3.639,-166.84,-16.32,23,1
P001,HRTF_A,36,3.653,-167.10,-16.98,23,1
P001,HRTF_A,36,3.666,-167.44,-17.58,23,1
P001,HRTF_A,36,3.680,-167.77,-18.23,23,1
P001,HRTF_A,36,3.694,-168.15,-18.88,23,1
P001,HRTF_A,36,3.708,-168.54,-19.51,23,1
P001,HRTF_A,36,3.722,-168.90,-20.15,23,1
P001,HRTF_A,36,3.736,-169.28,-20.87,23,1
P001,HRTF_A,36,3.750,-169.68,-21.59,23,1
P001,HRTF_A,36,3.764,-170.15,-22.24,23,1
P001,HRTF_A,36,3.778,-170.58,-22.89,23,1
P001,HRTF_A,36,3.792,-170.95,-23.51,23,1
P001,HRTF_A,36,3.805,-171.26,-24.16,23,1
P001,HRTF_A,36,3.820,-171.50,-24.78,23,1
P001,HRTF_A,36,3.833,-171.65,-25.38,23,1
P001,HRTF_A,36,3.847,-171.78,-25.90,23,1
P001,HRTF_A,36,3.861,-171.79,-26.25,23,1
P001,HRTF_A,36,3.875,-171.77,-26.55,23,1
P001,HRTF_A,36,3.889,-171.77,-26.83,23,1
P001,HRTF_A,36,3.903,-171.79,-27.14,23,1
P001,HRTF_A,36,3.916,-171.81,-27.42,23,1
P001,HRTF_A,36,3.931,-171.80,-27.70,23,1
P001,HRTF_A,36,3.944,-171.76,-28.00,23,1
P001,HRTF_A,36,3.958,-171.64,-28.35,23,1
P001,HRTF_A,36,3.972,-171.50,-28.75,23,1
P001,HRTF_A,36,3.986,-171.30,-29.24,23,1
P001,HRTF_A,36,4.000,-170.97,-29.75,23,1
P001,HRTF_A,36,4.013,-170.63,-30.19,23,1
P001,HRTF_A,36,4.027,-170.21,-30.64,23,1
P001,HRTF_A,36,4.041,-169.54,-31.02,23,1
P001,HRTF_A,36,4.055,-168.88,-31.38,23,1
P001,HRTF_A,36,4.069,-168.09,-31.83,23,1
P001,HRTF_A,36,4.083,-167.26,-32.21,23,1
P001,HRTF_A,36,4.097,-166.36,-32.54,23,1
P001,HRTF_A,36,4.111,-165.41,-32.79,23,1
P001,HRTF_A,36,4.125,-164.48,-33.03,23,1
P001,HRTF_A,36,4.139,-163.47,-33.20,23,1
P001,HRTF_A,36,4.152,-162.44,-33.48,23,1
P001,HRTF_A,36,4.166,-161.43,-33.73,23,1
P001,HRTF_A,36,4.180,-160.46,-33.99,23,1
P001,HRTF_A,36,4.194,-159.45,-34.21,23,1
P001,HRTF_A,36,4.208,-158.42,-34.44,23,1
P001,HRTF_A,36,4.222,-157.37,-34.69,23,1
P001,HRTF_A,36,4.236,-156.25,-34.95,23,1
P001,HRTF_A,36,4.250,-155.13,-35.25,23,1
P001,HRTF_A,36,4.263,-154.07,-35.52,23,1
P001,HRTF_A,36,4.277,-153.01,-35.69,23,1
P001,HRTF_A,36,4.291,-151.98,-35.80,23,1
P001,HRTF_A,36,4.305,-150.98,-35.99,23,1
P001,HRTF_A,36,4.319,-150.03,-36.11,23,1
P001,HRTF_A,36,4.333,-149.20,-36.26,23,1
P001,HRTF_A,36,4.347,-148.36,-36.33,23,1
P001,HRTF_A,36,4.361,-147.56,-36.40,23,1
P001,HRTF_A,36,4.375,-146.77,-36.52,23,1
P001,HRTF_A,36,4.389,-146.05,-36.66,23,1
P001,HRTF_A,36,4.403,-145.40,-36.77,23,1
P001,HRTF_A,36,4.416,-144.81,-36.92,23,1
P001,HRTF_A,36,4.430,-144.21,-37.03,23,1
P001,HRTF_A,36,4.444,-143.68,-37.20,23,1
P001,HRTF_A,36,4.458,-143.18,-37.31,23,1
P001,HRTF_A,36,4.472,-142.77,-37.42,23,1
P001,HRTF_A,36,4.486,-142.42,-37.53,23,1
P001,HRTF_A,36,4.500,-142.10,-37.59,23,1
P001,HRTF_A,36,4.514,-141.82,-37.66,23,1
P001,HRTF_A,36,4.527,-141.57,-37.74,23,1
P001,HRTF_A,36,4.541,-141.32,-37.82,23,1
P001,HRTF_A,36,4.555,-141.12,-37.92,23,1
P001,HRTF_A,36,4.569,-140.93,-38.03,23,1
P001,HRTF_A,36,4.583,-140.79,-38.13,23,1
P001,HRTF_A,36,4.597,-140.66,-38.23,23,1
P001,HRTF_A,36,4.611,-140.52,-38.32,23,1
P001,HRTF_A,36,4.625,-140.38,-38.40,23,1
P001,HRTF_A,36,4.639,-140.25,-38.49,23,1
P001,HRTF_A,36,4.652,-140.13,-38.57,23,1
P001,HRTF_A,36,4.666,-140.01,-38.63,23,1
P001,HRTF_A,37,0.014,-14.06,-1.30,31,1
P001,HRTF_A,37,0.032,-14.12,-1.27,31,1
P001,HRTF_A,37,0.042,-14.17,-1.21,31,1
P001,HRTF_A,37,0.056,-14.26,-1.14,31,1
P001,HRTF_A,37,0.070,-14.33,-1.10,31,1
P001,HRTF_A,37,0.084,-14.40,-1.08,31,1
P001,HRTF_A,37,0.098,-14.45,-1.08,31,1
P001,HRTF_A,37,0.115,-14.51,-1.08,31,1
P001,HRTF_A,37,0.126,-14.54,-1.11,31,1
P001,HRTF_A,37,0.140,-14.58,-1.14,31,1
P001,HRTF_A,37,0.153,-14.63,-1.18,31,1
P001,HRTF_A,37,0.168,-14.67,-1.26,31,1
P001,HRTF_A,37,0.181,-14.72,-1.30,31,1
P001,HRTF_A,37,0.196,-14.79,-1.36,31,1
P001,HRTF_A,37,0.209,-14.83,-1.38,31,1
P001,HRTF_A,37,0.223,-14.90,-1.37,31,1
P001,HRTF_A,37,0.237,-14.97,-1.33,31,1
P001,HRTF_A,37,0.251,-15.05,-1.28,31,1
P001,HRTF_A,37,0.265,-15.13,-1.24,31,1
P001,HRTF_A,37,0.279,-15.21,-1.22,31,1
P001,HRTF_A,37,0.293,-15.30,-1.24,31,1
P001,HRTF_A,37,0.306,-15.39,-1.28,31,1
P001,HRTF_A,37,0.320,-15.48,-1.32,31,1
P001,HRTF_A,37,0.334,-15.57,-1.38,31,1
P001,HRTF_A,37,0.348,-15.65,-1.41,31,1
P001,HRTF_A,37,0.362,-15.74,-1.45,31,1
P001,HRTF_A,37,0.376,-15.85,-1.50,31,1
P001,HRTF_A,37,0.390,-15.98,-1.57,31,1
P001,HRTF_A,37,0.404,-16.15,-1.66,31,1
P001,HRTF_A,37,0.418,-16.34,-1.75,31,1
P001,HRTF_A,37,0.432,-16.70,-1.81,31,1
P001,HRTF_A,37,0.445,-17.17,-1.86,31,1
P001,HRTF_A,37,0.459,-17.74,-1.96,31,1
P001,HRTF_A,37,0.473,-18.59,-2.11,31,1
P001,HRTF_A,37,0.487,-19.62,-2.31,31,1
P001,HRTF_A,37,0.501,-20.76,-2.53,31,1
P001,HRTF_A,37,0.515,-22.22,-2.80,31,1
P001,HRTF_A,37,0.529,-23.62,-3.06,31,1
P001,HRTF_A,37,0.543,-25.02,-3.33,31,1
P001,HRTF_A,37,0.556,-26.52,-3.59,31,1
P001,HRTF_A,37,0.570,-27.97,-3.85,31,1
P001,HRTF_A,37,0.584,-29.53,-4.11,31,1
P001,HRTF_A,37,0.598,-31.12,-4.32,31,1
P001,HRTF_A,37,0.612,-32.68,-4.60,31,1
P001,HRTF_A,37,0.626,-34.15,-4.83,31,1
P001,HRTF_A,37,0.640,-35.57,-5.10,31,1
P001,HRTF_A,37,0.654,-37.05,-5.34,31,1
P001,HRTF_A,37,0.668,-38.58,-5.54,31,1
P001,HRTF_A,37,0.682,-40.06,-5.78,31,1
P001,HRTF_A,37,0.695,-41.53,-5.95,31,1
P001,HRTF_A,37,0.709,-42.97,-6.20,31,1
P001,HRTF_A,37,0.723,-44.40,-6.44,31,1
P001,HRTF_A,37,0.737,-45.82,-6.63,31,1
P001,HRTF_A,37,0.751,-47.19,-6.82,31,1
P001,HRTF_A,37,0.765,-48.49,-6.97,31,1
P001,HRTF_A,37,0.779,-49.76,-7.11,31,1
P001,HRTF_A,37,0.793,-50.81,-7.22,31,1
P001,HRTF_A,37,0.807,-51.73,-7.32,31,1
P001,HRTF_A,37,0.820,-52.47,-7.37,31,1
P001,HRTF_A,37,0.835,-53.24,-7.41,31,1
P001,HRTF_A,37,0.848,-53.83,-7.41,31,1
P001,HRTF_A,37,0.862,-54.27,-7.42,31,1
P001,HRTF_A,37,0.876,-54.61,-7.39,31,1
P001,HRTF_A,37,0.890,-54.77,-7.38,31,1
P001,HRTF_A,37,0.904,-55.00,-7.29,31,1
P001,HRTF_A,37,0.917,-55.13,-7.25,31,1
P001,HRTF_A,37,0.931,-55.18,-7.18,31,1
P001,HRTF_A,37,0.945,-55.13,-7.11,31,1
P001,HRTF_A,37,0.959,-55.12,-7.07,31,1
P001,HRTF_A,37,0.973,-55.08,-7.03,31,1
P001,HRTF_A,37,0.987,-54.99,-6.98,31,1
P001,HRTF_A,37,1.001,-54.87,-6.93,31,1
P001,HRTF_A,37,1.015,-54.75,-6.87,31,1
P001,HRTF_A,37,1.029,-54.63,-6.84,31,1
P001,HRTF_A,37,1.043,-54.47,-6.82,31,1
P001,HRTF_A,37,1.057,-54.32,-6.80,31,1
P001,HRTF_A,37,1.070,-54.21,-6.78,31,1
P001,HRTF_A,37,1.084,-54.09,-6.75,31,1
P001,HRTF_A,37,1.098,-53.96,-6.75,31,1
P001,HRTF_A,37,1.112,-53.83,-6.73,31,1
P001,HRTF_A,37,1.126,-53.67,-6.75,31,1
P001,HRTF_A,37,1.140,-53.52,-6.76,31,1
P001,HRTF_A,37,1.154,-53.39,-6.75,31,1
P001,HRTF_A,37,1.168,-53.29,-6.74,31,1
P001,HRTF_A,37,1.182,-53.18,-6.74,31,1
P001,HRTF_A,37,1.195,-53.06,-6.75,31,1
P001,HRTF_A,37,1.209,-52.95,-6.81,31,1
P001,HRTF_A,37,1.223,-52.84,-6.86,31,1
P001,HRTF_A,37,1.237,-52.77,-6.92,31,1
P001,HRTF_A,37,1.251,-52.73,-6.98,31,1
P001,HRTF_A,37,1.265,-52.66,-7.01,31,1
P001,HRTF_A,37,1.279,-52.61,-7.04,31,1
P001,HRTF_A,37,1.293,-52.57,-7.05,31,1
P001,HRTF_A,37,1.307,-52.54,-7.06,31,1
P001,HRTF_A,37,1.320,-52.52,-7.08,31,1
P001,HRTF_A,37,1.334,-52.49,-7.10,31,1
P001,HRTF_A,37,1.348,-52.48,-7.11,31,1
P001,HRTF_A,37,1.362,-52.49,-7.15,31,1
P001,HRTF_A,37,1.376,-52.47,-7.17,31,1
P001,HRTF_A,37,1.390,-52.35,-7.18,31,1
P001,HRTF_A,37,1.404,-52.18,-7.19,31,1
P001,HRTF_A,37,1.417,-51.87,-7.18,31,1
P001,HRTF_A,37,1.431,-51.36,-7.16,31,1
P001,HRTF_A,37,1.445,-50.58,-7.14,31,1
P001,HRTF_A,37,1.459,-49.51,-7.11,31,1
P001,HRTF_A,37,1.473,-48.40,-7.03,31,1
P001,HRTF_A,37,1.487,-47.06,-6.91,31,1
P001,HRTF_A,37,1.501,-45.81,-6.80,31,1
P001,HRTF_A,37,1.515,-44.41,-6.68,31,1
P001,HRTF_A,37,1.529,-42.98,-6.52,31,1
P001,HRTF_A,37,1.543,-41.55,-6.36,31,1
P001,HRTF_A,37,1.556,-40.20,-6.21,31,1
P001,HRTF_A,37,1.570,-38.82,-6.05,31,1
P001,HRTF_A,37,1.584,-37.54,-5.92,31,1
P001,HRTF_A,37,1.599,-36.38,-5.75,31,1
P001,HRTF_A,37,1.612,-35.24,-5.61,31,1
P001,HRTF_A,37,1.626,-34.28,-5.41,31,1
P001,HRTF_A,37,1.640,-33.54,-5.32,31,1
P001,HRTF_A,37,1.654,-32.91,-5.20,31,1
P001,HRTF_A,37,1.668,-32.32,-5.05,31,1
P001,HRTF_A,37,1.681,-31.88,-4.91,31,1
P001,HRTF_A,37,1.695,-31.37,-4.77,31,1
P001,HRTF_A,37,1.709,-30.94,-4.64,31,1
P001,HRTF_A,37,1.723,-30.73,-4.55,31,1
P001,HRTF_A,37,1.737,-30.50,-4.48,31,1
P001,HRTF_A,37,1.751,-30.31,-4.46,31,1
P001,HRTF_A,37,1.765,-30.10,-4.42,31,1
P001,HRTF_A,37,1.779,-30.02,-4.42,31,1
P001,HRTF_A,37,1.792,-29.92,-4.39,31,1
P001,HRTF_A,37,1.806,-29.89,-4.40,31,1
P001,HRTF_A,37,1.820,-29.88,-4.40,31,1
P001,HRTF_A,37,1.834,-29.86,-4.40,31,1
P001,HRTF_A,37,1.848,-29.83,-4.41,31,1
P001,HRTF_A,37,1.862,-29.80,-4.41,31,1
P001,HRTF_A,37,1.876,-29.81,-4.43,31,1
P001,HRTF_A,37,1.890,-29.82,-4.46,31,1
P001,HRTF_A,37,1.904,-29.84,-4.50,31,1
P001,HRTF_A,37,1.918,-29.84,-4.56,31,1
P001,HRTF_A,37,1.932,-29.81,-4.59,31,1
P001,HRTF_A,37,1.945,-29.78,-4.60,31,1
P001,HRTF_A,37,1.959,-29.76,-4.61,31,1
P001,HRTF_A,37,1.973,-29.75,-4.63,31,1
P001,HRTF_A,37,1.987,-29.72,-4.65,31,1
P001,HRTF_A,37,2.001,-29.69,-4.67,31,1
P001,HRTF_A,37,2.015,-29.67,-4.69,31,1
P001,HRTF_A,37,2.029,-29.66,-4.70,31,1
P001,HRTF_A,37,2.043,-29.68,-4.69,31,1
P001,HRTF_A,37,2.057,-29.68,-4.69,31,1
P001,HRTF_A,37,2.070,-29.72,-4.66,31,1
P001,HRTF_A,37,2.084,-29.74,-4.64,31,1
P001,HRTF_A,37,2.098,-29.78,-4.63,31,1
P001,HRTF_A,37,2.112,-29.80,-4.65,31,1
P001,HRTF_A,37,2.126,-29.81,-4.63,31,1
P001,HRTF_A,37,2.140,-29.83,-4.62,31,1
P001,HRTF_A,37,2.154,-29.85,-4.59,31,1
P001,HRTF_A,37,2.168,-29.88,-4.56,31,1
P001,HRTF_A,37,2.182,-29.90,-4.54,31,1
P001,HRTF_A,37,2.195,-29.92,-4.50,31,1
P001,HRTF_A,37,2.210,-29.93,-4.49,31,1
P001,HRTF_A,37,2.223,-29.94,-4.47,31,1
P001,HRTF_A,37,2.237,-29.96,-4.45,31,1
P001,HRTF_A,37,2.251,-29.96,-4.45,31,1
P001,HRTF_A,37,2.265,-29.97,-4.46,31,1
P001,HRTF_A,37,2.279,-29.97,-4.47,31,1
P001,HRTF_A,37,2.293,-29.97,-4.51,31,1
P001,HRTF_A,37,2.306,-29.98,-4.54,31,1
P001,HRTF_A,37,2.320,-29.99,-4.55,31,1
P001,HRTF_A,37,2.334,-30.01,-4.57,31,1
P001,HRTF_A,37,2.348,-30.03,-4.56,31,1
P001,HRTF_A,37,2.362,-30.05,-4.57,31,1
P001,HRTF_A,37,2.376,-30.05,-4.58,31,1
P001,HRTF_A,37,2.393,-30.05,-4.58,31,1
P001,HRTF_A,37,2.407,-30.05,-4.59,31,1
P001,HRTF_A,37,2.423,-30.05,-4.60,31,1
P001,HRTF_A,37,2.448,-30.06,-4.63,31,1
P001,HRTF_A,37,2.463,-30.08,-4.66,31,1
P001,HRTF_A,37,2.486,-30.08,-4.66,31,1
P001,HRTF_A,37,2.501,-30.10,-4.65,31,1
P001,HRTF_A,37,2.515,-30.10,-4.67,31,1
P001,HRTF_A,37,2.528,-30.09,-4.67,31,1
P001,HRTF_A,37,2.542,-30.08,-4.68,31,1
P001,HRTF_A,37,2.557,-30.07,-4.68,31,1
P001,HRTF_A,37,2.570,-30.06,-4.67,31,1
P001,HRTF_A,37,2.584,-30.05,-4.67,31,1
P001,HRTF_A,37,2.598,-30.04,-4.68,31,1
P001,HRTF_A,37,2.612,-30.02,-4.71,31,1
P001,HRTF_A,37,2.626,-30.00,-4.74,31,1
P001,HRTF_A,37,2.640,-29.99,-4.75,31,1
P001,HRTF_A,37,2.654,-29.98,-4.74,31,1
P001,HRTF_A,37,2.668,-29.97,-4.74,31,1
P001,HRTF_A,37,2.681,-29.97,-4.71,31,1
P001,HRTF_A,37,2.695,-29.98,-4.69,31,1
P001,HRTF_A,37,2.709,-29.98,-4.68,31,1
P001,HRTF_A,37,2.723,-29.99,-4.69,31,1
P001,HRTF_A,37,2.737,-30.01,-4.68,31,1
P001,HRTF_A,37,2.751,-30.02,-4.68,31,1
P001,HRTF_A,37,2.765,-30.04,-4.68,31,1
P001,HRTF_A,37,2.779,-30.08,-4.65,31,1
P001,HRTF_A,37,2.793,-30.12,-4.68,31,1
P001,HRTF_A,37,2.807,-30.14,-4.69,31,1
P001,HRTF_A,37,2.821,-30.16,-4.73,31,1
P001,HRTF_A,37,2.834,-30.16,-4.75,31,1
P001,HRTF_A,37,2.848,-30.17,-4.74,31,1
P001,HRTF_A,37,2.862,-30.16,-4.73,31,1
P001,HRTF_A,37,2.876,-30.16,-4.72,31,1
P001,HRTF_A,37,2.890,-30.15,-4.71,31,1
P001,HRTF_A,37,2.904,-30.14,-4.72,31,1
P001,HRTF_A,37,2.918,-30.12,-4.74,31,1
P001,HRTF_A,37,2.931,-30.10,-4.76,31,1
P001,HRTF_A,37,2.945,-30.09,-4.79,31,1
P001,HRTF_A,37,2.960,-30.09,-4.82,31,1
P001,HRTF_A,37,2.973,-30.09,-4.83,31,1
P001,HRTF_A,37,2.987,-30.10,-4.84,31,1
P001,HRTF_A,37,3.001,-30.10,-4.86,31,1
P001,HRTF_A,37,3.015,-30.13,-4.89,31,1
P001,HRTF_A,37,3.029,-30.13,-4.94,31,1
P001,HRTF_A,37,3.043,-30.14,-4.98,31,1
P001,HRTF_A,37,3.057,-30.15,-5.13,31,1
P001,HRTF_A,37,3.070,-30.15,-5.43,31,1
P001,HRTF_A,37,3.084,-30.12,-5.84,31,1
P001,HRTF_A,37,3.098,-30.13,-6.42,31,1
P001,HRTF_A,37,3.112,-30.12,-7.02,31,1
P001,HRTF_A,37,3.126,-30.09,-7.79,31,1
P001,HRTF_A,37,3.140,-30.09,-8.50,31,1
P001,HRTF_A,37,3.154,-30.09,-9.37,31,1
P001,HRTF_A,37,3.168,-30.10,-10.34,31,1
P001,HRTF_A,37,3.182,-30.09,-11.30,31,1
P001,HRTF_A,37,3.195,-30.12,-12.25,31,1
P001,HRTF_A,37,3.209,-30.14,-13.20,31,1
P001,HRTF_A,37,3.223,-30.16,-14.19,31,1
P001,HRTF_A,37,3.237,-30.15,-15.19,31,1
P001,HRTF_A,37,3.251,-30.21,-16.20,31,1
P001,HRTF_A,37,3.265,-30.26,-17.19,31,1
P001,HRTF_A,37,3.279,-30.31,-18.21,31,1
P001,HRTF_A,37,3.293,-30.38,-19.26,31,1
P001,HRTF_A,37,3.307,-30.41,-20.32,31,1
P001,HRTF_A,37,3.320,-30.46,-21.32,31,1
P001,HRTF_A,37,3.334,-30.54,-22.36,31,1
P001,HRTF_A,37,3.350,-30.57,-23.35,31,1
P001,HRTF_A,37,3.364,-30.71,-24.27,31,1
P001,HRTF_A,37,3.377,-30.76,-25.22,31,1
P001,HRTF_A,37,3.391,-30.85,-26.14,31,1
P001,HRTF_A,37,3.404,-30.92,-27.07,31,1
P001,HRTF_A,37,3.418,-31.05,-27.97,31,1
P001,HRTF_A,37,3.432,-31.17,-28.90,31,1
P001,HRTF_A,37,3.446,-31.26,-29.78,31,1
P001,HRTF_A,37,3.460,-31.35,-30.64,31,1
P001,HRTF_A,37,3.473,-31.47,-31.50,31,1
P001,HRTF_A,37,3.487,-31.60,-32.27,31,1
P001,HRTF_A,37,3.501,-31.75,-33.08,31,1
P001,HRTF_A,37,3.515,-31.90,-33.84,31,1
P001,HRTF_A,37,3.528,-32.12,-34.65,31,1
P001,HRTF_A,37,3.542,-32.30,-35.37,31,1
P001,HRTF_A,37,3.556,-32.50,-36.08,31,1
P001,HRTF_A,37,3.570,-32.73,-36.72,31,1
P001,HRTF_A,37,3.584,-32.98,-37.29,31,1
P001,HRTF_A,37,3.598,-33.21,-37.79,31,1
P001,HRTF_A,37,3.612,-33.54,-38.26,31,1
P001,HRTF_A,37,3.626,-33.82,-38.58,31,1
P001,HRTF_A,37,3.640,-34.04,-38.86,31,1
P001,HRTF_A,37,3.654,-34.32,-39.08,31,1
P001,HRTF_A,37,3.667,-34.55,-39.26,31,1
P001,HRTF_A,37,3.681,-34.80,-39.39,31,1
P001,HRTF_A,37,3.695,-35.01,-39.51,31,1
P001,HRTF_A,37,3.709,-35.17,-39.60,31,1
P001,HRTF_A,37,3.723,-35.34,-39.66,31,1
P001,HRTF_A,37,3.737,-35.50,-39.73,31,1
P001,HRTF_A,37,3.751,-35.61,-39.78,31,1
P001,HRTF_A,37,3.765,-35.73,-39.84,31,1
P001,HRTF_A,37,3.779,-35.81,-39.90,31,1
P001,HRTF_A,37,3.792,-35.88,-39.93,31,1
P001,HRTF_A,37,3.806,-35.91,-39.96,31,1
P001,HRTF_A,37,3.820,-35.94,-39.98,31,1
P001,HRTF_A,37,3.834,-35.96,-40.00,31,1
P001,HRTF_A,37,3.848,-35.97,-40.03,31,1
P001,HRTF_A,37,3.862,-35.97,-40.06,31,1
P001,HRTF_A,37,3.876,-35.95,-40.05,31,1
P001,HRTF_A,37,3.890,-35.92,-40.06,31,1
P001,HRTF_A,37,3.904,-35.89,-40.03,31,1
P001,HRTF_A,37,3.917,-35.86,-39.99,31,1
P001,HRTF_A,37,3.931,-35.86,-39.92,31,1
P001,HRTF_A,37,3.945,-35.83,-39.86,31,1
P001,HRTF_A,37,3.959,-35.82,-39.80,31,1
P001,HRTF_A,37,3.973,-35.82,-39.76,31,1
P001,HRTF_A,37,3.987,-35.81,-39.73,31,1
P001,HRTF_A,37,4.001,-35.81,-39.69,31,1
P001,HRTF_A,37,4.015,-35.82,-39.66,31,1
P001,HRTF_A,37,4.029,-35.84,-39.64,31,1
P001,HRTF_A,37,4.042,-35.85,-39.62,31,1
P001,HRTF_A,37,4.056,-35.88,-39.60,31,1
P001,HRTF_A,37,4.070,-35.90,-39.59,31,1
P001,HRTF_A,37,4.084,-35.94,-39.61,31,1
P001,HRTF_A,37,4.098,-35.95,-39.64,31,1
P001,HRTF_A,37,4.112,-35.95,-39.66,31,1
P001,HRTF_A,37,4.126,-35.96,-39.68,31,1
P001,HRTF_A,37,4.139,-35.98,-39.71,31,1
P001,HRTF_A,37,4.153,-36.02,-39.73,31,1
P001,HRTF_A,37,4.167,-36.04,-39.77,31,1
P001,HRTF_A,37,4.181,-36.07,-39.78,31,1
P001,HRTF_A,37,4.195,-36.08,-39.77,31,1
P001,HRTF_A,37,4.209,-36.12,-39.78,31,1
P001,HRTF_A,37,4.223,-36.13,-39.78,31,1
P001,HRTF_A,37,4.237,-36.14,-39.77,31,1
P001,HRTF_A,37,4.251,-36.15,-39.75,31,1
P001,HRTF_A,37,4.265,-36.14,-39.75,31,1
P001,HRTF_A,37,4.279,-36.14,-39.75,31,1
P001,HRTF_A,37,4.292,-36.14,-39.76,31,1
P001,HRTF_A,37,4.306,-36.15,-39.76,31,1
P001,HRTF_A,37,4.320,-36.16,-39.76,31,1
P001,HRTF_A,37,4.334,-36.18,-39.76,31,1
P001,HRTF_A,37,4.348,-36.21,-39.77,31,1
P001,HRTF_A,37,4.362,-36.23,-39.78,31,1
P001,HRTF_A,37,4.376,-36.27,-39.78,31,1
P001,HRTF_A,37,4.390,-36.29,-39.81,31,1
P001,HRTF_A,37,4.403,-36.31,-39.84,31,1
P001,HRTF_A,37,4.417,-36.35,-39.88,31,1
P001,HRTF_A,37,4.431,-36.34,-39.88,31,1
P001,HRTF_A,37,4.445,-36.33,-39.86,31,1
P001,HRTF_A,37,4.459,-36.33,-39.83,31,1
P001,HRTF_A,37,4.473,-36.32,-39.82,31,1
P001,HRTF_A,37,4.487,-36.33,-39.80,31,1
P001,HRTF_A,37,4.501,-36.33,-39.77,31,1
P001,HRTF_A,37,4.514,-36.30,-39.74,31,1
P001,HRTF_A,37,4.529,-36.27,-39.72,31,1
P001,HRTF_A,37,4.543,-36.27,-39.71,31,1
P001,HRTF_A,37,4.556,-36.27,-39.71,31,1
P001,HRTF_A,37,4.570,-36.28,-39.71,31,1
P001,HRTF_A,37,4.584,-36.29,-39.71,31,1
P001,HRTF_A,37,4.598,-36.31,-39.69,31,1
P001,HRTF_A,37,4.612,-36.32,-39.67,31,1
P001,HRTF_A,37,4.626,-36.33,-39.65,31,1
P001,HRTF_A,37,4.640,-36.36,-39.63,31,1
P001,HRTF_A,37,4.653,-36.36,-39.61,31,1
P001,HRTF_A,37,4.667,-36.37,-39.62,31,1
P001,HRTF_A,38,0.014,-15.21,0.27,1,1
P001,HRTF_A,38,0.031,-15.28,0.26,1,1
P001,HRTF_A,38,0.044,-15.37,0.24,1,1
P001,HRTF_A,38,0.056,-15.49,0.20,1,1
P001,HRTF_A,38,0.069,-15.58,0.18,1,1
P001,HRTF_A,38,0.083,-15.64,0.12,1,1
P001,HRTF_A,38,0.097,-15.72,0.05,1,1
P001,HRTF_A,38,0.111,-15.80,-0.05,1,1
P001,HRTF_A,38,0.125,-15.89,-0.15,1,1
P001,HRTF_A,38,0.139,-15.97,-0.26,1,1
P001,HRTF_A,38,0.153,-16.04,-0.36,1,1
P001,HRTF_A,38,0.167,-16.12,-0.48,1,1
P001,HRTF_A,38,0.181,-16.18,-0.63,1,1
P001,HRTF_A,38,0.194,-16.24,-0.77,1,1
P001,HRTF_A,38,0.208,-16.27,-0.97,1,1
P001,HRTF_A,38,0.222,-16.30,-1.14,1,1
P001,HRTF_A,38,0.236,-16.30,-1.30,1,1
P001,HRTF_A,38,0.250,-16.33,-1.46,1,1
P001,HRTF_A,38,0.264,-16.35,-1.61,1,1
P001,HRTF_A,38,0.278,-16.39,-1.75,1,1
P001,HRTF_A,38,0.292,-16.41,-1.93,1,1
P001,HRTF_A,38,0.306,-16.40,-2.09,1,1
P001,HRTF_A,38,0.319,-16.39,-2.24,1,1
P001,HRTF_A,38,0.333,-16.37,-2.34,1,1
P001,HRTF_A,38,0.347,-16.31,-2.44,1,1
P001,HRTF_A,38,0.361,-16.25,-2.52,1,1
P001,HRTF_A,38,0.375,-16.18,-2.58,1,1
P001,HRTF_A,38,0.389,-16.10,-2.64,1,1
P001,HRTF_A,38,0.403,-16.00,-2.68,1,1
P001,HRTF_A,38,0.417,-15.91,-2.73,1,1
P001,HRTF_A,38,0.431,-15.79,-2.73,1,1
P001,HRTF_A,38,0.444,-15.65,-2.72,1,1
P001,HRTF_A,38,0.458,-15.50,-2.71,1,1
P001,HRTF_A,38,0.472,-15.38,-2.70,1,1
P001,HRTF_A,38,0.487,-15.28,-2.68,1,1
P001,HRTF_A,38,0.500,-15.19,-2.69,1,1
P001,HRTF_A,38,0.514,-15.11,-2.67,1,1
P001,HRTF_A,38,0.528,-15.02,-2.66,1,1
P001,HRTF_A,38,0.542,-14.98,-2.63,1,1
P001,HRTF_A,38,0.556,-14.95,-2.58,1,1
P001,HRTF_A,38,0.569,-14.93,-2.54,1,1
P001,HRTF_A,38,0.584,-14.93,-2.50,1,1
P001,HRTF_A,38,0.597,-14.95,-2.45,1,1
P001,HRTF_A,38,0.611,-14.96,-2.41,1,1
P001,HRTF_A,38,0.625,-14.98,-2.38,1,1
P001,HRTF_A,38,0.639,-15.03,-2.35,1,1
P001,HRTF_A,38,0.653,-15.07,-2.33,1,1
P001,HRTF_A,38,0.667,-15.12,-2.33,1,1
P001,HRTF_A,38,0.680,-15.17,-2.31,1,1
P001,HRTF_A,38,0.695,-15.22,-2.30,1,1
P001,HRTF_A,38,0.709,-15.25,-2.31,1,1
P001,HRTF_A,38,0.722,-15.30,-2.31,1,1
P001,HRTF_A,38,0.736,-15.33,-2.34,1,1
P001,HRTF_A,38,0.751,-15.35,-2.35,1,1
P001,HRTF_A,38,0.764,-15.37,-2.38,1,1
P001,HRTF_A,38,0.778,-15.38,-2.40,1,1
P001,HRTF_A,38,0.792,-15.38,-2.43,1,1
P001,HRTF_A,38,0.806,-15.38,-2.47,1,1
P001,HRTF_A,38,0.819,-15.38,-2.50,1,1
P001,HRTF_A,38,0.833,-15.37,-2.53,1,1
P001,HRTF_A,38,0.847,-15.35,-2.55,1,1
P001,HRTF_A,38,0.861,-15.33,-2.58,1,1
P001,HRTF_A,38,0.875,-15.30,-2.58,1,1
P001,HRTF_A,39,0.014,-16.62,-2.86,17,1
P001,HRTF_A,39,0.031,-16.61,-2.84,17,1
P001,HRTF_A,39,0.041,-16.54,-2.83,17,1
P001,HRTF_A,39,0.055,-16.48,-2.82,17,1
P001,HRTF_A,39,0.069,-16.42,-2.78,17,1
P001,HRTF_A,39,0.083,-16.36,-2.77,17,1
P001,HRTF_A,39,0.097,-16.32,-2.75,17,1
P001,HRTF_A,39,0.114,-16.30,-2.73,17,1
P001,HRTF_A,39,0.126,-16.26,-2.73,17,1
P001,HRTF_A,39,0.139,-16.23,-2.72,17,1
P001,HRTF_A,39,0.153,-16.22,-2.75,17,1
P001,HRTF_A,39,0.167,-16.22,-2.76,17,1
P001,HRTF_A,39,0.181,-16.23,-2.78,17,1
P001,HRTF_A,39,0.194,-16.26,-2.82,17,1
P001,HRTF_A,39,0.208,-16.32,-2.93,17,1
P001,HRTF_A,39,0.222,-16.37,-3.00,17,1
P001,HRTF_A,39,0.236,-16.42,-3.12,17,1
P001,HRTF_A,39,0.250,-16.51,-3.27,17,1
P001,HRTF_A,39,0.264,-16.60,-3.41,17,1
P001,HRTF_A,39,0.278,-16.70,-3.55,17,1
P001,HRTF_A,39,0.292,-16.78,-3.67,17,1
P001,HRTF_A,39,0.306,-16.86,-3.78,17,1
P001,HRTF_A,39,0.320,-16.95,-3.89,17,1
P001,HRTF_A,39,0.333,-17.04,-3.98,17,1
P001,HRTF_A,39,0.347,-17.15,-4.09,17,1
P001,HRTF_A,39,0.361,-17.24,-4.19,17,1
P001,HRTF_A,39,0.375,-17.31,-4.30,17,1
P001,HRTF_A,39,0.389,-17.37,-4.40,17,1
P001,HRTF_A,39,0.403,-17.45,-4.51,17,1
P001,HRTF_A,39,0.417,-17.53,-4.62,17,1
P001,HRTF_A,39,0.431,-17.62,-4.75,17,1
P001,HRTF_A,39,0.445,-17.71,-4.87,17,1
P001,HRTF_A,39,0.459,-17.80,-5.02,17,1
P001,HRTF_A,39,0.472,-17.90,-5.16,17,1
P001,HRTF_A,39,0.486,-18.01,-5.31,17,1
P001,HRTF_A,39,0.500,-18.16,-5.48,17,1
P001,HRTF_A,39,0.514,-18.34,-5.66,17,1
P001,HRTF_A,39,0.528,-18.53,-5.85,17,1
P001,HRTF_A,39,0.542,-18.73,-6.05,17,1
P001,HRTF_A,39,0.556,-18.95,-6.22,17,1
P001,HRTF_A,39,0.570,-19.16,-6.39,17,1
P001,HRTF_A,39,0.583,-19.43,-6.56,17,1
P001,HRTF_A,39,0.598,-19.72,-6.72,17,1
P001,HRTF_A,39,0.611,-20.00,-6.88,17,1
P001,HRTF_A,39,0.625,-20.25,-7.02,17,1
P001,HRTF_A,39,0.639,-20.49,-7.15,17,1
P001,HRTF_A,39,0.653,-20.71,-7.24,17,1
P001,HRTF_A,39,0.667,-20.94,-7.35,17,1
P001,HRTF_A,39,0.681,-21.15,-7.44,17,1
P001,HRTF_A,39,0.695,-21.29,-7.54,17,1
P001,HRTF_A,39,0.709,-21.41,-7.58,17,1
P001,HRTF_A,39,0.722,-21.51,-7.61,17,1
P001,HRTF_A,39,0.736,-21.60,-7.62,17,1
P001,HRTF_A,39,0.750,-21.66,-7.62,17,1
P001,HRTF_A,39,0.764,-21.71,-7.64,17,1
P001,HRTF_A,39,0.778,-21.72,-7.65,17,1
P001,HRTF_A,39,0.792,-21.75,-7.68,17,1
P001,HRTF_A,39,0.806,-21.73,-7.69,17,1
P001,HRTF_A,39,0.820,-21.73,-7.70,17,1
P001,HRTF_A,39,0.834,-21.72,-7.70,17,1
P001,HRTF_A,39,0.848,-21.73,-7.68,17,1
P001,HRTF_A,39,0.862,-21.74,-7.66,17,1
P001,HRTF_A,39,0.875,-21.74,-7.65,17,1
P001,HRTF_A,39,0.889,-21.73,-7.63,17,1
P001,HRTF_A,39,0.903,-21.72,-7.61,17,1
P001,HRTF_A,39,0.917,-21.69,-7.60,17,1
P001,HRTF_A,39,0.931,-21.70,-7.60,17,1
P001,HRTF_A,39,0.945,-21.70,-7.60,17,1
P001,HRTF_A,39,0.959,-21.70,-7.62,17,1
P001,HRTF_A,39,0.972,-21.71,-7.62,17,1
P001,HRTF_A,39,0.986,-21.71,-7.64,17,1
P001,HRTF_A,39,1.000,-21.71,-7.64,17,1
P001,HRTF_A,39,1.014,-21.70,-7.63,17,1
P001,HRTF_A,39,1.028,-21.70,-7.63,17,1
P001,HRTF_A,39,1.042,-21.71,-7.63,17,1
P001,HRTF_A,39,1.056,-21.72,-7.64,17,1
P001,HRTF_A,39,1.070,-21.73,-7.65,17,1
P001,HRTF_A,39,1.084,-21.74,-7.66,17,1
P001,HRTF_A,39,1.098,-21.74,-7.65,17,1
P001,HRTF_A,39,1.111,-21.73,-7.64,17,1
P001,HRTF_A,39,1.125,-21.73,-7.63,17,1
P001,HRTF_A,39,1.139,-21.73,-7.61,17,1
P001,HRTF_A,39,1.153,-21.73,-7.59,17,1
P001,HRTF_A,39,1.167,-21.73,-7.54,17,1
P001,HRTF_A,39,1.181,-21.72,-7.53,17,1
P001,HRTF_A,39,1.195,-21.72,-7.50,17,1
P001,HRTF_A,39,1.209,-21.72,-7.48,17,1
P001,HRTF_A,39,1.222,-21.71,-7.47,17,1
P001,HRTF_A,39,1.236,-21.72,-7.47,17,1
P001,HRTF_A,39,1.251,-21.72,-7.46,17,1
P001,HRTF_A,39,1.264,-21.73,-7.46,17,1
P001,HRTF_A,39,1.278,-21.74,-7.46,17,1
P001,HRTF_A,39,1.292,-21.75,-7.47,17,1
P001,HRTF_A,39,1.306,-21.75,-7.49,17,1
P001,HRTF_A,39,1.320,-21.76,-7.50,17,1
P001,HRTF_A,39,1.334,-21.75,-7.48,17,1
P001,HRTF_A,39,1.347,-21.76,-7.44,17,1
P001,HRTF_A,39,1.361,-21.76,-7.40,17,1
P001,HRTF_A,39,1.375,-21.75,-7.36,17,1
P001,HRTF_A,39,1.389,-21.74,-7.37,17,1
P001,HRTF_A,39,1.403,-21.74,-7.36,17,1
P001,HRTF_A,39,1.417,-21.73,-7.36,17,1
P001,HRTF_A,39,1.431,-21.71,-7.36,17,1
P001,HRTF_A,39,1.445,-21.70,-7.36,17,1
P001,HRTF_A,39,1.459,-21.69,-7.35,17,1
P001,HRTF_A,39,1.473,-21.69,-7.36,17,1
P001,HRTF_A,39,1.486,-21.69,-7.36,17,1
P001,HRTF_A,39,1.500,-21.69,-7.36,17,1
P001,HRTF_A,39,1.514,-21.70,-7.38,17,1
P001,HRTF_A,39,1.528,-21.71,-7.40,17,1
P001,HRTF_A,39,1.542,-21.71,-7.41,17,1
P001,HRTF_A,39,1.556,-21.72,-7.43,17,1
P001,HRTF_A,39,1.570,-21.72,-7.44,17,1
P001,HRTF_A,39,1.583,-21.72,-7.45,17,1
P001,HRTF_A,39,1.598,-21.72,-7.47,17,1
P001,HRTF_A,39,1.611,-21.73,-7.48,17,1
P001,HRTF_A,39,1.626,-21.73,-7.48,17,1
P001,HRTF_A,39,1.639,-21.74,-7.47,17,1
P001,HRTF_A,39,1.653,-21.74,-7.44,17,1
P001,HRTF_A,39,1.667,-21.74,-7.42,17,1
P001,HRTF_A,39,1.681,-21.74,-7.40,17,1
P001,HRTF_A,39,1.695,-21.73,-7.37,17,1
P001,HRTF_A,39,1.709,-21.72,-7.35,17,1
P001,HRTF_A,39,1.722,-21.72,-7.31,17,1
P001,HRTF_A,39,1.736,-21.72,-7.29,17,1
P001,HRTF_A,39,1.750,-21.71,-7.28,17,1
P001,HRTF_A,39,1.764,-21.72,-7.26,17,1
P001,HRTF_A,39,1.778,-21.70,-7.26,17,1
P001,HRTF_A,39,1.792,-21.70,-7.25,17,1
P001,HRTF_A,39,1.806,-21.70,-7.27,17,1
P001,HRTF_A,39,1.820,-21.70,-7.30,17,1
P001,HRTF_A,39,1.833,-21.69,-7.33,17,1
P001,HRTF_A,39,1.847,-21.72,-7.36,17,1
P001,HRTF_A,39,1.862,-21.72,-7.36,17,1
P001,HRTF_A,39,1.875,-21.73,-7.34,17,1
P001,HRTF_A,39,1.889,-21.73,-7.30,17,1
P001,HRTF_A,39,1.903,-21.73,-7.25,17,1
P001,HRTF_A,39,1.917,-21.71,-7.26,17,1
P001,HRTF_A,39,1.931,-21.71,-7.26,17,1
P001,HRTF_A,39,1.945,-21.70,-7.29,17,1
P001,HRTF_A,39,1.959,-21.68,-7.31,17,1
P001,HRTF_A,39,1.973,-21.68,-7.30,17,1
P001,HRTF_A,39,1.986,-21.69,-7.27,17,1
P001,HRTF_A,39,2.000,-21.69,-7.25,17,1
P001,HRTF_A,39,2.014,-21.69,-7.22,17,1
P001,HRTF_A,39,2.028,-21.68,-7.24,17,1
P001,HRTF_A,39,2.042,-21.67,-7.25,17,1
P001,HRTF_A,39,2.056,-21.66,-7.28,17,1
P001,HRTF_A,39,2.070,-21.66,-7.35,17,1
P001,HRTF_A,39,2.084,-21.66,-7.39,17,1
P001,HRTF_A,39,2.098,-21.66,-7.43,17,1
P001,HRTF_A,39,2.111,-21.67,-7.46,17,1
P001,HRTF_A,39,2.125,-21.66,-7.49,17,1
P001,HRTF_A,39,2.139,-21.65,-7.51,17,1
P001,HRTF_A,39,2.153,-21.63,-7.54,17,1
P001,HRTF_A,39,2.167,-21.63,-7.56,17,1
P001,HRTF_A,39,2.181,-21.63,-7.59,17,1
P001,HRTF_A,39,2.195,-21.62,-7.61,17,1
P001,HRTF_A,39,2.209,-21.63,-7.63,17,1
P001,HRTF_A,39,2.223,-21.64,-7.64,17,1
P001,HRTF_A,39,2.236,-21.65,-7.64,17,1
P001,HRTF_A,39,2.250,-21.64,-7.65,17,1
P001,HRTF_A,39,2.264,-21.64,-7.66,17,1
P001,HRTF_A,39,2.278,-21.65,-7.66,17,1
P001,HRTF_A,39,2.292,-21.66,-7.65,17,1
P001,HRTF_A,39,2.306,-21.66,-7.64,17,1
P001,HRTF_A,39,2.319,-21.66,-7.62,17,1
P001,HRTF_A,39,2.334,-21.65,-7.61,17,1
P001,HRTF_A,39,2.347,-21.64,-7.62,17,1
P001,HRTF_A,39,2.362,-21.63,-7.62,17,1
P001,HRTF_A,39,2.375,-21.62,-7.59,17,1
P001,HRTF_A,39,2.389,-21.57,-7.53,17,1
P001,HRTF_A,39,2.403,-21.53,-7.45,17,1
P001,HRTF_A,39,2.417,-21.49,-7.36,17,1
P001,HRTF_A,39,2.431,-21.46,-7.27,17,1
P001,HRTF_A,39,2.446,-21.39,-7.16,17,1
P001,HRTF_A,39,2.459,-21.32,-7.04,17,1
P001,HRTF_A,39,2.472,-21.24,-6.87,17,1
P001,HRTF_A,39,2.486,-21.18,-6.71,17,1
P001,HRTF_A,39,2.500,-21.10,-6.52,17,1
P001,HRTF_A,39,2.514,-21.01,-6.37,17,1
P001,HRTF_A,39,2.528,-20.90,-6.27,17,1
P001,HRTF_A,39,2.542,-20.77,-6.16,17,1
P001,HRTF_A,39,2.555,-20.64,-6.03,17,1
P001,HRTF_A,39,2.569,-20.51,-5.88,17,1
P001,HRTF_A,39,2.583,-20.38,-5.75,17,1
P001,HRTF_A,39,2.597,-20.23,-5.62,17,1
P001,HRTF_A,39,2.611,-20.08,-5.53,17,1
P001,HRTF_A,39,2.625,-19.91,-5.50,17,1
P001,HRTF_A,39,2.639,-19.74,-5.48,17,1
P001,HRTF_A,39,2.653,-19.57,-5.36,17,1
P001,HRTF_A,39,2.667,-19.38,-5.20,17,1
P001,HRTF_A,39,2.680,-19.14,-4.96,17,1
P001,HRTF_A,39,2.695,-18.89,-4.72,17,1
P001,HRTF_A,39,2.709,-18.60,-4.45,17,1
P001,HRTF_A,39,2.722,-18.24,-4.13,17,1
P001,HRTF_A,39,2.736,-17.90,-3.83,17,1
P001,HRTF_A,39,2.750,-17.52,-3.51,17,1
P001,HRTF_A,39,2.764,-17.10,-3.19,17,1
P001,HRTF_A,39,2.778,-16.63,-2.88,17,1
P001,HRTF_A,39,2.792,-16.11,-2.54,17,1
P001,HRTF_A,39,2.806,-15.51,-2.26,17,1
P001,HRTF_A,39,2.820,-14.87,-1.99,17,1
P001,HRTF_A,39,2.833,-14.16,-1.79,17,1
P001,HRTF_A,39,2.847,-13.42,-1.55,17,1
P001,HRTF_A,39,2.861,-12.65,-1.41,17,1
P001,HRTF_A,39,2.875,-11.85,-1.24,17,1
P001,HRTF_A,39,2.889,-11.02,-1.13,17,1
P001,HRTF_A,39,2.903,-10.14,-1.09,17,1
P001,HRTF_A,39,2.917,-9.20,-1.13,17,1
P001,HRTF_A,39,2.931,-8.23,-1.19,17,1
P001,HRTF_A,39,2.945,-7.23,-1.21,17,1
P001,HRTF_A,39,2.958,-6.22,-1.27,17,1
P001,HRTF_A,39,2.972,-5.15,-1.33,17,1
P001,HRTF_A,39,2.986,-4.11,-1.36,17,1
P001,HRTF_A,39,3.000,-3.00,-1.45,17,1
P001,HRTF_A,39,3.014,-1.86,-1.58,17,1
P001,HRTF_A,39,3.028,-0.61,-1.76,17,1
P001,HRTF_A,39,3.042,0.59,-1.90,17,1
P001,HRTF_A,39,3.056,1.91,-2.04,17,1
P001,HRTF_A,39,3.069,3.21,-2.15,17,1
P001,HRTF_A,39,3.083,4.69,-2.27,17,1
P001,HRTF_A,39,3.097,6.20,-2.45,17,1
P001,HRTF_A,39,3.111,7.86,-2.61,17,1
P001,HRTF_A,39,3.125,9.60,-2.79,17,1
P001,HRTF_A,39,3.139,11.49,-2.91,17,1
P001,HRTF_A,39,3.153,13.53,-3.03,17,1
P001,HRTF_A,39,3.167,15.78,-3.19,17,1
P001,HRTF_A,39,3.181,18.18,-3.38,17,1
P001,HRTF_A,39,3.194,20.59,-3.61,17,1
P001,HRTF_A,39,3.209,23.25,-3.77,17,1
P001,HRTF_A,39,3.222,25.99,-3.87,17,1
P001,HRTF_A,39,3.236,28.65,-3.92,17,1
P001,HRTF_A,39,3.250,31.34,-3.90,17,1
P001,HRTF_A,39,3.264,33.98,-3.85,17,1
P001,HRTF_A,39,3.278,36.62,-3.75,17,1
P001,HRTF_A,39,3.292,39.20,-3.62,17,1
P001,HRTF_A,39,3.306,41.76,-3.51,17,1
P001,HRTF_A,39,3.319,44.22,-3.29,17,1
P001,HRTF_A,39,3.333,46.66,-2.99,17,1
P001,HRTF_A,39,3.347,49.05,-2.69,17,1
P001,HRTF_A,39,3.361,51.42,-2.40,17,1
P001,HRTF_A,39,3.376,53.69,-2.07,17,1
P001,HRTF_A,39,3.389,55.83,-1.78,17,1
P001,HRTF_A,39,3.403,57.98,-1.48,17,1
P001,HRTF_A,39,3.417,59.93,-1.22,17,1
P001,HRTF_A,39,3.430,61.87,-0.93,17,1
P001,HRTF_A,39,3.445,63.68,-0.64,17,1
P001,HRTF_A,39,3.458,65.45,-0.38,17,1
P001,HRTF_A,39,3.472,67.10,-0.13,17,1
P001,HRTF_A,39,3.486,68.74,0.02,17,1
P001,HRTF_A,39,3.500,70.33,0.17,17,1
P001,HRTF_A,39,3.514,71.92,0.24,17,1
P001,HRTF_A,39,3.528,73.56,0.35,17,1
P001,HRTF_A,39,3.542,75.13,0.40,17,1
P001,HRTF_A,39,3.556,76.52,0.36,17,1
P001,HRTF_A,39,3.569,78.01,0.34,17,1
P001,HRTF_A,39,3.583,79.29,0.36,17,1
P001,HRTF_A,39,3.597,80.56,0.41,17,1
P001,HRTF_A,39,3.611,81.74,0.48,17,1
P001,HRTF_A,39,3.625,82.85,0.53,17,1
P001,HRTF_A,39,3.639,83.94,0.62,17,1
P001,HRTF_A,39,3.653,84.94,0.77,17,1
P001,HRTF_A,39,3.667,85.83,0.88,17,1
P001,HRTF_A,39,3.681,86.80,0.99,17,1
P001,HRTF_A,39,3.694,87.70,1.08,17,1
P001,HRTF_A,39,3.708,88.64,1.27,17,1
P001,HRTF_A,39,3.722,89.60,1.40,17,1
P001,HRTF_A,39,3.736,90.62,1.58,17,1
P001,HRTF_A,39,3.750,91.63,1.78,17,1
P001,HRTF_A,39,3.764,92.63,1.95,17,1
P001,HRTF_A,39,3.778,93.75,2.10,17,1
P001,HRTF_A,39,3.792,94.87,2.24,17,1
P001,HRTF_A,39,3.805,96.00,2.38,17,1
P001,HRTF_A,39,3.819,97.14,2.52,17,1
P001,HRTF_A,39,3.833,98.22,2.68,17,1
P001,HRTF_A,39,3.847,99.27,2.86,17,1
P001,HRTF_A,39,3.861,100.27,3.04,17,1
P001,HRTF_A,39,3.875,101.24,3.19,17,1
P001,HRTF_A,39,3.889,102.25,3.28,17,1
P001,HRTF_A,39,3.903,103.32,3.43,17,1
P001,HRTF_A,39,3.917,104.37,3.52,17,1
P001,HRTF_A,39,3.931,105.42,3.63,17,1
P001,HRTF_A,39,3.944,106.49,3.72,17,1
P001,HRTF_A,39,3.958,107.58,3.84,17,1
P001,HRTF_A,39,3.972,108.67,4.03,17,1
P001,HRTF_A,39,3.986,109.77,4.24,17,1
P001,HRTF_A,39,4.000,110.90,4.42,17,1
P001,HRTF_A,39,4.014,112.00,4.56,17,1
P001,HRTF_A,39,4.028,113.10,4.59,17,1
P001,HRTF_A,39,4.042,114.20,4.67,17,1
P001,HRTF_A,39,4.055,115.29,4.75,17,1
P001,HRTF_A,39,4.069,116.36,4.83,17,1
P001,HRTF_A,39,4.083,117.42,4.92,17,1
P001,HRTF_A,39,4.097,118.43,4.91,17,1
P001,HRTF_A,39,4.111,119.42,4.95,17,1
P001,HRTF_A,39,4.125,120.41,4.93,17,1
P001,HRTF_A,39,4.139,121.40,4.90,17,1
P001,HRTF_A,39,4.153,122.41,4.90,17,1
P001,HRTF_A,39,4.167,123.38,4.90,17,1
P001,HRTF_A,39,4.181,124.39,4.84,17,1
P001,HRTF_A,39,4.195,125.43,4.77,17,1
P001,HRTF_A,39,4.208,126.45,4.69,17,1
P001,HRTF_A,39,4.222,127.42,4.64,17,1
P001,HRTF_A,39,4.236,128.42,4.65,17,1
P001,HRTF_A,39,4.250,129.44,4.66,17,1
P001,HRTF_A,39,4.264,130.48,4.62,17,1
P001,HRTF_A,39,4.278,131.49,4.54,17,1
P001,HRTF_A,39,4.291,132.48,4.47,17,1
P001,HRTF_A,39,4.305,133.43,4.44,17,1
P001,HRTF_A,39,4.319,134.39,4.43,17,1
P001,HRTF_A,39,4.334,135.33,4.44,17,1
P001,HRTF_A,39,4.347,136.28,4.47,17,1
P001,HRTF_A,39,4.361,137.23,4.48,17,1
P001,HRTF_A,39,4.375,138.16,4.41,17,1
P001,HRTF_A,39,4.389,139.05,4.37,17,1
P001,HRTF_A,39,4.403,139.90,4.37,17,1
P001,HRTF_A,39,4.417,140.80,4.42,17,1
P001,HRTF_A,39,4.430,141.69,4.44,17,1
P001,HRTF_A,39,4.445,142.60,4.42,17,1
P001,HRTF_A,39,4.458,143.54,4.40,17,1
P001,HRTF_A,39,4.472,144.43,4.37,17,1
P001,HRTF_A,39,4.486,145.33,4.39,17,1
P001,HRTF_A,39,4.500,146.19,4.39,17,1
P001,HRTF_A,39,4.514,147.05,4.46,17,1
P001,HRTF_A,39,4.528,147.88,4.48,17,1
P001,HRTF_A,39,4.542,148.77,4.50,17,1
P001,HRTF_A,39,4.556,149.65,4.49,17,1
P001,HRTF_A,39,4.570,150.51,4.48,17,1
P001,HRTF_A,39,4.583,151.39,4.42,17,1
P001,HRTF_A,39,4.597,152.29,4.39,17,1
P001,HRTF_A,39,4.611,153.16,4.39,17,1
P001,HRTF_A,39,4.625,153.98,4.33,17,1
P001,HRTF_A,39,4.639,154.77,4.37,17,1
P001,HRTF_A,39,4.653,155.54,4.41,17,1
P001,HRTF_A,39,4.667,156.28,4.48,17,1
P001,HRTF_A,39,4.681,157.04,4.48,17,1
P001,HRTF_A,39,4.694,157.78,4.43,17,1
P001,HRTF_A,39,4.708,158.50,4.41,17,1
P001,HRTF_A,39,4.723,159.15,4.37,17,1
P001,HRTF_A,39,4.736,159.76,4.37,17,1
P001,HRTF_A,39,4.750,160.32,4.37,17,1
P001,HRTF_A,39,4.764,160.88,4.39,17,1
P001,HRTF_A,39,4.778,161.42,4.34,17,1
P001,HRTF_A,39,4.792,162.00,4.34,17,1
P001,HRTF_A,39,4.806,162.56,4.29,17,1
P001,HRTF_A,39,4.820,163.06,4.24,17,1
P001,HRTF_A,39,4.834,163.57,4.18,17,1
P001,HRTF_A,39,4.847,164.00,4.14,17,1
P001,HRTF_A,39,4.861,164.46,4.09,17,1
P001,HRTF_A,39,4.875,164.87,4.10,17,1
P001,HRTF_A,39,4.889,165.27,4.09,17,1
P001,HRTF_A,39,4.903,165.70,4.02,17,1
P001,HRTF_A,39,4.917,166.08,3.91,17,1
P001,HRTF_A,39,4.931,166.45,3.78,17,1
P001,HRTF_A,39,4.945,166.78,3.66,17,1
P001,HRTF_A,39,4.959,167.09,3.58,17,1
P001,HRTF_A,39,4.972,167.43,3.48,17,1
P001,HRTF_A,39,4.986,167.78,3.32,17,1
P001,HRTF_A,39,5.000,168.13,3.17,17,1
P001,HRTF_A,39,5.014,168.42,3.04,17,1
P001,HRTF_A,39,5.028,168.70,2.99,17,1
P001,HRTF_A,39,5.042,168.98,2.92,17,1
P001,HRTF_A,39,5.056,169.22,2.86,17,1
P001,HRTF_A,39,5.070,169.51,2.76,17,1
P001,HRTF_A,39,5.083,169.80,2.61,17,1
P001,HRTF_A,39,5.097,170.08,2.46,17,1
P001,HRTF_A,39,5.111,170.37,2.33,17,1
P001,HRTF_A,39,5.125,170.62,2.18,17,1
P001,HRTF_A,39,5.139,170.84,2.06,17,1
P001,HRTF_A,39,5.153,171.06,1.92,17,1
P001,HRTF_A,39,5.167,171.27,1.81,17,1
P001,HRTF_A,39,5.181,171.46,1.76,17,1
P001,HRTF_A,39,5.195,171.62,1.71,17,1
P001,HRTF_B,0,0.014,-19.54,2.32,9,1
P001,HRTF_B,0,0.030,-19.51,2.26,9,1
P001,HRTF_B,0,0.042,-19.50,2.18,9,1
P001,HRTF_B,0,0.056,-19.49,2.11,9,1
P001,HRTF_B,0,0.070,-19.47,2.04,9,1
P001,HRTF_B,0,0.083,-19.47,1.96,9,1
P001,HRTF_B,0,0.097,-19.45,1.88,9,1
P001,HRTF_B,0,0.111,-19.44,1.81,9,1
P001,HRTF_B,0,0.125,-19.42,1.73,9,1
P001,HRTF_B,0,0.141,-19.41,1.65,9,1
P001,HRTF_B,0,0.153,-19.39,1.57,9,1
P001,HRTF_B,0,0.167,-19.38,1.51,9,1
P001,HRTF_B,0,0.181,-19.39,1.44,9,1
P001,HRTF_B,0,0.194,-19.40,1.37,9,1
P001,HRTF_B,0,0.209,-19.41,1.31,9,1
P001,HRTF_B,0,0.223,-19.43,1.26,9,1
P001,HRTF_B,0,0.236,-19.45,1.23,9,1
P001,HRTF_B,0,0.250,-19.49,1.18,9,1
P001,HRTF_B,0,0.264,-19.53,1.13,9,1
P001,HRTF_B,0,0.278,-19.56,1.08,9,1
P001,HRTF_B,0,0.292,-19.61,1.03,9,1
P001,HRTF_B,0,0.306,-19.65,0.98,9,1
P001,HRTF_B,0,0.319,-19.70,0.92,9,1
P001,HRTF_B,0,0.333,-19.74,0.88,9,1
P001,HRTF_B,0,0.347,-19.79,0.86,9,1
P001,HRTF_B,0,0.361,-19.84,0.84,9,1
P001,HRTF_B,0,0.375,-19.88,0.80,9,1
P001,HRTF_B,0,0.389,-19.89,0.74,9,1
P001,HRTF_B,0,0.403,-19.90,0.72,9,1
P001,HRTF_B,0,0.417,-19.91,0.69,9,1
P001,HRTF_B,0,0.431,-19.91,0.65,9,1
P001,HRTF_B,0,0.445,-19.89,0.61,9,1
P001,HRTF_B,0,0.458,-19.90,0.54,9,1
P001,HRTF_B,0,0.472,-19.93,0.47,9,1
P001,HRTF_B,0,0.486,-20.00,0.36,9,1
P001,HRTF_B,0,0.500,-20.10,0.18,9,1
P001,HRTF_B,0,0.514,-20.20,-0.03,9,1
P001,HRTF_B,0,0.528,-20.34,-0.26,9,1
P001,HRTF_B,0,0.542,-20.50,-0.55,9,1
P001,HRTF_B,0,0.556,-20.74,-0.88,9,1
P001,HRTF_B,0,0.569,-21.03,-1.19,9,1
P001,HRTF_B,0,0.583,-21.36,-1.47,9,1
P001,HRTF_B,0,0.598,-21.69,-1.73,9,1
P001,HRTF_B,0,0.612,-22.05,-1.98,9,1
P001,HRTF_B,0,0.625,-22.45,-2.24,9,1
P001,HRTF_B,0,0.639,-22.82,-2.48,9,1
P001,HRTF_B,0,0.653,-23.18,-2.64,9,1
P001,HRTF_B,0,0.667,-23.58,-2.76,9,1
P001,HRTF_B,0,0.681,-23.92,-2.90,9,1
P001,HRTF_B,0,0.695,-24.25,-2.99,9,1
P001,HRTF_B,0,0.708,-24.54,-3.11,9,1
P001,HRTF_B,0,0.722,-24.78,-3.20,9,1
P001,HRTF_B,0,0.736,-25.01,-3.30,9,1
P001,HRTF_B,0,0.750,-25.21,-3.35,9,1
P001,HRTF_B,0,0.764,-25.36,-3.40,9,1
P001,HRTF_B,0,0.778,-25.51,-3.47,9,1
P001,HRTF_B,0,0.792,-25.60,-3.54,9,1
P001,HRTF_B,0,0.806,-25.67,-3.63,9,1
P001,HRTF_B,0,0.819,-25.72,-3.70,9,1
P001,HRTF_B,0,0.833,-25.72,-3.76,9,1
P001,HRTF_B,0,0.847,-25.72,-3.81,9,1
P001,HRTF_B,0,0.861,-25.73,-3.89,9,1
P001,HRTF_B,0,0.875,-25.72,-3.98,9,1
P001,HRTF_B,0,0.889,-25.70,-4.07,9,1
P001,HRTF_B,0,0.903,-25.66,-4.15,9,1
P001,HRTF_B,0,0.917,-25.63,-4.22,9,1
P001,HRTF_B,0,0.931,-25.58,-4.28,9,1
P001,HRTF_B,0,0.945,-25.56,-4.36,9,1
P001,HRTF_B,0,0.958,-25.51,-4.42,9,1
P001,HRTF_B,0,0.972,-25.46,-4.49,9,1
P001,HRTF_B,0,0.986,-25.42,-4.57,9,1
P001,HRTF_B,0,1.000,-25.37,-4.63,9,1
P001,HRTF_B,0,1.014,-25.31,-4.69,9,1
P001,HRTF_B,0,1.028,-25.24,-4.76,9,1
P001,HRTF_B,0,1.042,-25.16,-4.81,9,1
P001,HRTF_B,0,1.056,-25.10,-4.87,9,1
P001,HRTF_B,0,1.070,-25.00,-4.90,9,1
P001,HRTF_B,0,1.083,-24.93,-4.93,9,1
P001,HRTF_B,0,1.097,-24.87,-4.97,9,1
P001,HRTF_B,0,1.111,-24.80,-5.01,9,1
P001,HRTF_B,0,1.125,-24.73,-5.00,9,1
P001,HRTF_B,0,1.139,-24.66,-4.99,9,1
P001,HRTF_B,0,1.153,-24.58,-4.98,9,1
P001,HRTF_B,0,1.167,-24.53,-4.96,9,1
P001,HRTF_B,0,1.180,-24.46,-4.96,9,1
P001,HRTF_B,0,1.194,-24.39,-4.93,9,1
P001,HRTF_B,0,1.208,-24.32,-4.93,9,1
P001,HRTF_B,0,1.222,-24.23,-4.91,9,1
P001,HRTF_B,0,1.236,-24.14,-4.90,9,1
P001,HRTF_B,0,1.250,-24.03,-4.88,9,1
P001,HRTF_B,0,1.267,-23.89,-4.86,9,1
P001,HRTF_B,0,1.281,-23.74,-4.84,9,1
P001,HRTF_B,0,1.295,-23.56,-4.83,9,1
P001,HRTF_B,0,1.309,-23.36,-4.80,9,1
P001,HRTF_B,0,1.323,-23.13,-4.79,9,1
P001,HRTF_B,0,1.336,-22.81,-4.79,9,1
P001,HRTF_B,0,1.350,-22.45,-4.79,9,1
P001,HRTF_B,0,1.364,-22.08,-4.76,9,1
P001,HRTF_B,0,1.378,-21.60,-4.77,9,1
P001,HRTF_B,0,1.401,-21.13,-4.77,9,1
P001,HRTF_B,0,1.417,-20.48,-4.80,9,1
P001,HRTF_B,0,1.431,-19.31,-4.76,9,1
P001,HRTF_B,0,1.445,-18.56,-4.73,9,1
P001,HRTF_B,0,1.459,-17.72,-4.68,9,1
P001,HRTF_B,0,1.472,-16.86,-4.62,9,1
P001,HRTF_B,0,1.486,-15.94,-4.58,9,1
P001,HRTF_B,0,1.500,-14.93,-4.49,9,1
P001,HRTF_B,0,1.514,-13.88,-4.42,9,1
P001,HRTF_B,0,1.528,-12.73,-4.34,9,1
P001,HRTF_B,0,1.542,-11.60,-4.30,9,1
P001,HRTF_B,0,1.556,-10.39,-4.17,9,1
P001,HRTF_B,0,1.570,-9.16,-4.09,9,1
P001,HRTF_B,0,1.583,-7.89,-3.96,9,1
P001,HRTF_B,0,1.597,-6.56,-3.86,9,1
P001,HRTF_B,0,1.611,-5.24,-3.73,9,1
P001,HRTF_B,0,1.625,-3.90,-3.60,9,1
P001,HRTF_B,0,1.639,-2.43,-3.47,9,1
P001,HRTF_B,0,1.653,-0.90,-3.33,9,1
P001,HRTF_B,0,1.667,0.71,-3.12,9,1
P001,HRTF_B,0,1.680,2.35,-2.99,9,1
P001,HRTF_B,0,1.694,4.00,-2.85,9,1
P001,HRTF_B,0,1.708,5.77,-2.74,9,1
P001,HRTF_B,0,1.722,7.56,-2.60,9,1
P001,HRTF_B,0,1.736,9.42,-2.45,9,1
P001,HRTF_B,0,1.750,11.49,-2.40,9,1
P001,HRTF_B,0,1.764,13.55,-2.40,9,1
P001,HRTF_B,0,1.778,15.62,-2.37,9,1
P001,HRTF_B,0,1.792,17.77,-2.37,9,1
P001,HRTF_B,0,1.806,19.96,-2.32,9,1
P001,HRTF_B,0,1.820,22.25,-2.12,9,1
P001,HRTF_B,0,1.834,24.52,-1.97,9,1
P001,HRTF_B,0,1.847,26.75,-1.87,9,1
P001,HRTF_B,0,1.861,28.97,-1.77,9,1
P001,HRTF_B,0,1.875,31.15,-1.72,9,1
P001,HRTF_B,0,1.889,33.31,-1.70,9,1
P001,HRTF_B,0,1.903,35.43,-1.59,9,1
P001,HRTF_B,0,1.917,37.58,-1.46,9,1
P001,HRTF_B,0,1.931,39.65,-1.33,9,1
P001,HRTF_B,0,1.944,41.70,-1.20,9,1
P001,HRTF_B,0,1.958,43.77,-1.07,9,1
P001,HRTF_B,0,1.972,45.77,-0.96,9,1
P001,HRTF_B,0,1.986,47.78,-0.84,9,1
P001,HRTF_B,0,2.000,49.74,-0.69,9,1
P001,HRTF_B,0,2.014,51.61,-0.55,9,1
P001,HRTF_B,0,2.028,53.42,-0.34,9,1
P001,HRTF_B,0,2.042,55.24,-0.16,9,1
P001,HRTF_B,0,2.056,57.00,-0.01,9,1
P001,HRTF_B,0,2.070,58.69,0.13,9,1
P001,HRTF_B,0,2.083,60.40,0.23,9,1
P001,HRTF_B,0,2.097,62.05,0.27,9,1
P001,HRTF_B,0,2.111,63.69,0.27,9,1
P001,HRTF_B,0,2.125,65.27,0.31,9,1
P001,HRTF_B,0,2.139,66.78,0.36,9,1
P001,HRTF_B,0,2.153,68.20,0.39,9,1
P001,HRTF_B,0,2.167,69.50,0.42,9,1
P001,HRTF_B,0,2.181,70.72,0.40,9,1
P001,HRTF_B,0,2.194,71.92,0.39,9,1
P001,HRTF_B,0,2.208,73.05,0.38,9,1
P001,HRTF_B,0,2.222,74.10,0.39,9,1
P001,HRTF_B,0,2.236,75.08,0.37,9,1
P001,HRTF_B,0,2.250,76.04,0.33,9,1
P001,HRTF_B,0,2.264,76.78,0.26,9,1
P001,HRTF_B,0,2.278,77.56,0.19,9,1
P001,HRTF_B,0,2.292,78.24,0.08,9,1
P001,HRTF_B,0,2.306,78.89,-0.03,9,1
P001,HRTF_B,0,2.319,79.47,-0.14,9,1
P001,HRTF_B,0,2.333,80.00,-0.26,9,1
P001,HRTF_B,0,2.347,80.50,-0.37,9,1
P001,HRTF_B,0,2.361,80.91,-0.42,9,1
P001,HRTF_B,0,2.375,81.31,-0.50,9,1
P001,HRTF_B,0,2.389,81.72,-0.57,9,1
P001,HRTF_B,0,2.403,82.07,-0.61,9,1
P001,HRTF_B,0,2.417,82.42,-0.67,9,1
P001,HRTF_B,0,2.431,82.77,-0.71,9,1
P001,HRTF_B,0,2.444,83.07,-0.69,9,1
P001,HRTF_B,0,2.458,83.36,-0.62,9,1
P001,HRTF_B,0,2.472,83.62,-0.61,9,1
P001,HRTF_B,0,2.486,83.89,-0.60,9,1
P001,HRTF_B,0,2.500,84.15,-0.53,9,1
P001,HRTF_B,0,2.514,84.37,-0.49,9,1
P001,HRTF_B,0,2.528,84.58,-0.44,9,1
P001,HRTF_B,0,2.542,84.75,-0.38,9,1
P001,HRTF_B,0,2.555,84.91,-0.33,9,1
P001,HRTF_B,0,2.569,85.07,-0.29,9,1
P001,HRTF_B,0,2.583,85.20,-0.27,9,1
P001,HRTF_B,0,2.597,85.31,-0.25,9,1
P001,HRTF_B,0,2.611,85.42,-0.28,9,1
P001,HRTF_B,0,2.625,85.53,-0.32,9,1
P001,HRTF_B,0,2.639,85.63,-0.35,9,1
P001,HRTF_B,0,2.653,85.71,-0.37,9,1
P001,HRTF_B,0,2.667,85.78,-0.38,9,1
P001,HRTF_B,0,2.681,85.84,-0.39,9,1
P001,HRTF_B,0,2.695,85.89,-0.41,9,1
P001,HRTF_B,0,2.708,85.95,-0.40,9,1
P001,HRTF_B,0,2.722,86.00,-0.40,9,1
P001,HRTF_B,0,2.736,86.03,-0.41,9,1
P001,HRTF_B,0,2.750,86.08,-0.42,9,1
P001,HRTF_B,0,2.764,86.12,-0.47,9,1
P001,HRTF_B,0,2.778,86.19,-0.53,9,1
P001,HRTF_B,0,2.792,86.25,-0.59,9,1
P001,HRTF_B,0,2.806,86.31,-0.65,9,1
P001,HRTF_B,0,2.819,86.40,-0.72,9,1
P001,HRTF_B,0,2.833,86.49,-0.80,9,1
P001,HRTF_B,0,2.847,86.57,-0.87,9,1
P001,HRTF_B,0,2.861,86.64,-0.96,9,1
P001,HRTF_B,0,2.875,86.71,-1.03,9,1
P001,HRTF_B,0,2.889,86.76,-1.08,9,1
P001,HRTF_B,0,2.903,86.81,-1.14,9,1
P001,HRTF_B,0,2.917,86.83,-1.19,9,1
P001,HRTF_B,0,2.931,86.84,-1.22,9,1
P001,HRTF_B,0,2.944,86.84,-1.28,9,1
P001,HRTF_B,0,2.958,86.79,-1.34,9,1
P001,HRTF_B,0,2.972,86.73,-1.38,9,1
P001,HRTF_B,0,2.986,86.64,-1.42,9,1
P001,HRTF_B,1,0.014,-9.60,-1.82,25,1
P001,HRTF_B,1,0.031,-9.48,-1.71,25,1
P001,HRTF_B,1,0.042,-9.33,-1.62,25,1
P001,HRTF_B,1,0.055,-9.18,-1.52,25,1
P001,HRTF_B,1,0.069,-9.03,-1.45,25,1
P001,HRTF_B,1,0.083,-8.87,-1.35,25,1
P001,HRTF_B,1,0.097,-8.73,-1.29,25,1
P001,HRTF_B,1,0.111,-8.56,-1.23,25,1
P001,HRTF_B,1,0.127,-8.39,-1.14,25,1
P001,HRTF_B,1,0.139,-8.25,-1.08,25,1
P001,HRTF_B,1,0.153,-8.07,-1.05,25,1
P001,HRTF_B,1,0.167,-7.91,-1.04,25,1
P001,HRTF_B,1,0.180,-7.74,-1.04,25,1
P001,HRTF_B,1,0.194,-7.57,-1.04,25,1
P001,HRTF_B,1,0.208,-7.42,-1.04,25,1
P001,HRTF_B,1,0.222,-7.28,-1.04,25,1
P001,HRTF_B,1,0.236,-7.15,-1.02,25,1
P001,HRTF_B,1,0.250,-7.04,-1.01,25,1
P001,HRTF_B,1,0.264,-6.91,-1.02,25,1
P001,HRTF_B,1,0.278,-6.79,-1.02,25,1
P001,HRTF_B,1,0.291,-6.70,-1.04,25,1
P001,HRTF_B,1,0.305,-6.61,-1.03,25,1
P001,HRTF_B,1,0.319,-6.54,-1.01,25,1
P001,HRTF_B,1,0.333,-6.46,-0.99,25,1
P001,HRTF_B,1,0.347,-6.40,-0.98,25,1
P001,HRTF_B,1,0.361,-6.35,-1.01,25,1
P001,HRTF_B,1,0.375,-6.32,-1.03,25,1
P001,HRTF_B,1,0.389,-6.34,-1.04,25,1
P001,HRTF_B,1,0.403,-6.35,-1.06,25,1
P001,HRTF_B,1,0.417,-6.37,-1.06,25,1
P001,HRTF_B,1,0.430,-6.43,-1.06,25,1
P001,HRTF_B,1,0.444,-6.47,-1.06,25,1
P001,HRTF_B,1,0.458,-6.55,-1.06,25,1
P001,HRTF_B,1,0.472,-6.63,-1.07,25,1
P001,HRTF_B,1,0.486,-6.72,-1.10,25,1
P001,HRTF_B,1,0.500,-6.82,-1.12,25,1
P001,HRTF_B,1,0.514,-6.93,-1.17,25,1
P001,HRTF_B,1,0.528,-7.04,-1.21,25,1
P001,HRTF_B,1,0.542,-7.17,-1.26,25,1
P001,HRTF_B,1,0.555,-7.30,-1.32,25,1
P001,HRTF_B,1,0.569,-7.45,-1.38,25,1
P001,HRTF_B,1,0.583,-7.58,-1.44,25,1
P001,HRTF_B,1,0.597,-7.69,-1.52,25,1
P001,HRTF_B,1,0.611,-7.79,-1.59,25,1
P001,HRTF_B,1,0.625,-7.89,-1.66,25,1
P001,HRTF_B,1,0.639,-7.98,-1.74,25,1
P001,HRTF_B,1,0.653,-8.03,-1.78,25,1
P001,HRTF_B,1,0.667,-8.07,-1.81,25,1
P001,HRTF_B,1,0.680,-8.12,-1.84,25,1
P001,HRTF_B,1,0.694,-8.13,-1.87,25,1
P001,HRTF_B,1,0.708,-8.13,-1.92,25,1
P001,HRTF_B,1,0.722,-8.11,-1.94,25,1
P001,HRTF_B,1,0.736,-8.09,-1.98,25,1
P001,HRTF_B,1,0.750,-8.07,-2.01,25,1
P001,HRTF_B,1,0.764,-8.02,-2.05,25,1
P001,HRTF_B,1,0.778,-7.96,-2.09,25,1
P001,HRTF_B,1,0.792,-7.91,-2.11,25,1
P001,HRTF_B,1,0.805,-7.86,-2.14,25,1
P001,HRTF_B,1,0.819,-7.81,-2.16,25,1
P001,HRTF_B,1,0.833,-7.77,-2.15,25,1
P001,HRTF_B,1,0.847,-7.72,-2.16,25,1
P001,HRTF_B,1,0.861,-7.68,-2.17,25,1
P001,HRTF_B,1,0.875,-7.63,-2.20,25,1
P001,HRTF_B,1,0.889,-7.62,-2.24,25,1
P001,HRTF_B,1,0.902,-7.61,-2.28,25,1
P001,HRTF_B,1,0.916,-7.61,-2.32,25,1
P001,HRTF_B,1,0.930,-7.62,-2.34,25,1
P001,HRTF_B,1,0.944,-7.62,-2.39,25,1
P001,HRTF_B,1,0.958,-7.63,-2.43,25,1
P001,HRTF_B,1,0.972,-7.65,-2.48,25,1
P001,HRTF_B,1,0.986,-7.67,-2.52,25,1
P001,HRTF_B,1,1.000,-7.69,-2.55,25,1
P001,HRTF_B,1,1.014,-7.70,-2.57,25,1
P001,HRTF_B,1,1.027,-7.71,-2.60,25,1
P001,HRTF_B,1,1.042,-7.72,-2.63,25,1
P001,HRTF_B,1,1.055,-7.75,-2.66,25,1
P001,HRTF_B,1,1.069,-7.78,-2.67,25,1
P001,HRTF_B,1,1.083,-7.82,-2.66,25,1
P001,HRTF_B,1,1.097,-7.87,-2.67,25,1
P001,HRTF_B,1,1.111,-7.94,-2.70,25,1
P001,HRTF_B,1,1.125,-8.05,-2.80,25,1
P001,HRTF_B,1,1.139,-8.18,-2.91,25,1
P001,HRTF_B,1,1.153,-8.32,-3.03,25,1
P001,HRTF_B,1,1.166,-8.48,-3.17,25,1
P001,HRTF_B,1,1.180,-8.68,-3.34,25,1
P001,HRTF_B,1,1.194,-8.94,-3.59,25,1
P001,HRTF_B,1,1.208,-9.26,-3.88,25,1
P001,HRTF_B,1,1.222,-9.64,-4.13,25,1
P001,HRTF_B,1,1.236,-10.09,-4.30,25,1
P001,HRTF_B,1,1.250,-10.62,-4.48,25,1
P001,HRTF_B,1,1.264,-11.22,-4.64,25,1
P001,HRTF_B,1,1.277,-11.92,-4.79,25,1
P001,HRTF_B,1,1.292,-12.72,-4.87,25,1
P001,HRTF_B,1,1.305,-13.54,-4.97,25,1
P001,HRTF_B,1,1.319,-14.34,-5.13,25,1
P001,HRTF_B,1,1.333,-15.27,-5.25,25,1
P001,HRTF_B,1,1.347,-16.24,-5.21,25,1
P001,HRTF_B,1,1.361,-17.27,-5.23,25,1
P001,HRTF_B,1,1.375,-18.34,-5.24,25,1
P001,HRTF_B,1,1.389,-19.48,-5.19,25,1
P001,HRTF_B,1,1.402,-20.63,-5.18,25,1
P001,HRTF_B,1,1.416,-21.86,-5.15,25,1
P001,HRTF_B,1,1.430,-23.04,-5.11,25,1
P001,HRTF_B,1,1.444,-24.38,-5.07,25,1
P001,HRTF_B,1,1.458,-25.72,-5.06,25,1
P001,HRTF_B,1,1.472,-27.09,-5.01,25,1
P001,HRTF_B,1,1.486,-28.52,-4.98,25,1
P001,HRTF_B,1,1.500,-29.93,-5.01,25,1
P001,HRTF_B,1,1.514,-31.37,-4.97,25,1
P001,HRTF_B,1,1.528,-32.86,-4.96,25,1
P001,HRTF_B,1,1.542,-34.32,-5.00,25,1
P001,HRTF_B,1,1.555,-35.79,-5.09,25,1
P001,HRTF_B,1,1.569,-37.20,-5.22,25,1
P001,HRTF_B,1,1.583,-38.59,-5.39,25,1
P001,HRTF_B,1,1.597,-40.02,-5.54,25,1
P001,HRTF_B,1,1.611,-41.40,-5.72,25,1
P001,HRTF_B,1,1.625,-42.77,-5.91,25,1
P001,HRTF_B,1,1.639,-44.11,-6.17,25,1
P001,HRTF_B,1,1.653,-45.34,-6.36,25,1
P001,HRTF_B,1,1.667,-46.64,-6.66,25,1
P001,HRTF_B,1,1.680,-47.88,-6.87,25,1
P001,HRTF_B,1,1.694,-49.22,-7.16,25,1
P001,HRTF_B,1,1.708,-50.27,-7.47,25,1
P001,HRTF_B,1,1.722,-51.37,-7.85,25,1
P001,HRTF_B,1,1.736,-52.55,-8.21,25,1
P001,HRTF_B,1,1.750,-53.60,-8.54,25,1
P001,HRTF_B,1,1.764,-54.59,-8.89,25,1
P001,HRTF_B,1,1.777,-55.48,-9.14,25,1
P001,HRTF_B,1,1.792,-56.34,-9.35,25,1
P001,HRTF_B,1,1.805,-57.17,-9.52,25,1
P001,HRTF_B,1,1.819,-57.96,-9.62,25,1
P001,HRTF_B,1,1.833,-58.65,-9.67,25,1
P001,HRTF_B,1,1.847,-59.37,-9.72,25,1
P001,HRTF_B,1,1.861,-60.12,-9.67,25,1
P001,HRTF_B,1,1.875,-60.90,-9.64,25,1
P001,HRTF_B,1,1.889,-61.71,-9.58,25,1
P001,HRTF_B,1,1.903,-62.48,-9.44,25,1
P001,HRTF_B,1,1.916,-63.15,-9.28,25,1
P001,HRTF_B,1,1.930,-63.80,-9.07,25,1
P001,HRTF_B,1,1.944,-64.47,-8.85,25,1
P001,HRTF_B,1,1.958,-65.14,-8.65,25,1
P001,HRTF_B,1,1.972,-65.71,-8.41,25,1
P001,HRTF_B,1,1.986,-66.24,-8.15,25,1
P001,HRTF_B,1,2.000,-66.79,-7.90,25,1
P001,HRTF_B,1,2.014,-67.36,-7.60,25,1
P001,HRTF_B,1,2.027,-67.97,-7.27,25,1
P001,HRTF_B,1,2.041,-68.57,-7.01,25,1
P001,HRTF_B,1,2.055,-69.24,-6.81,25,1
P001,HRTF_B,1,2.069,-69.94,-6.59,25,1
P001,HRTF_B,1,2.083,-70.65,-6.36,25,1
P001,HRTF_B,1,2.097,-71.37,-6.19,25,1
P001,HRTF_B,1,2.111,-72.05,-6.01,25,1
P001,HRTF_B,1,2.125,-72.74,-5.84,25,1
P001,HRTF_B,1,2.139,-73.36,-5.71,25,1
P001,HRTF_B,1,2.152,-73.93,-5.64,25,1
P001,HRTF_B,1,2.167,-74.44,-5.55,25,1
P001,HRTF_B,1,2.181,-74.91,-5.53,25,1
P001,HRTF_B,1,2.194,-75.30,-5.51,25,1
P001,HRTF_B,1,2.208,-75.67,-5.53,25,1
P001,HRTF_B,1,2.222,-76.01,-5.57,25,1
P001,HRTF_B,1,2.236,-76.28,-5.64,25,1
P001,HRTF_B,1,2.250,-76.54,-5.68,25,1
P001,HRTF_B,1,2.264,-76.75,-5.72,25,1
P001,HRTF_B,1,2.277,-76.95,-5.80,25,1
P001,HRTF_B,1,2.291,-77.12,-5.90,25,1
P001,HRTF_B,1,2.305,-77.25,-5.96,25,1
P001,HRTF_B,1,2.319,-77.43,-5.98,25,1
P001,HRTF_B,1,2.333,-77.56,-5.98,25,1
P001,HRTF_B,1,2.347,-77.68,-5.97,25,1
P001,HRTF_B,1,2.361,-77.80,-5.99,25,1
P001,HRTF_B,1,2.375,-77.88,-6.04,25,1
P001,HRTF_B,1,2.389,-77.94,-6.05,25,1
P001,HRTF_B,1,2.403,-78.00,-6.04,25,1
P001,HRTF_B,1,2.417,-78.03,-6.00,25,1
P001,HRTF_B,1,2.430,-78.06,-6.00,25,1
P001,HRTF_B,1,2.444,-78.04,-6.02,25,1
P001,HRTF_B,1,2.458,-78.03,-6.05,25,1
P001,HRTF_B,1,2.472,-78.00,-6.12,25,1
P001,HRTF_B,1,2.486,-77.93,-6.20,25,1
P001,HRTF_B,1,2.500,-77.86,-6.26,25,1
P001,HRTF_B,1,2.514,-77.78,-6.35,25,1
P001,HRTF_B,1,2.528,-77.69,-6.43,25,1
P001,HRTF_B,1,2.541,-77.61,-6.57,25,1
P001,HRTF_B,1,2.555,-77.51,-6.70,25,1
P001,HRTF_B,1,2.569,-77.40,-6.84,25,1
P001,HRTF_B,1,2.583,-77.26,-7.02,25,1
P001,HRTF_B,1,2.597,-77.13,-7.18,25,1
P001,HRTF_B,1,2.611,-77.02,-7.34,25,1
P001,HRTF_B,1,2.625,-76.87,-7.52,25,1
P001,HRTF_B,1,2.639,-76.74,-7.67,25,1
P001,HRTF_B,1,2.653,-76.60,-7.81,25,1
P001,HRTF_B,1,2.667,-76.46,-7.93,25,1
P001,HRTF_B,1,2.681,-76.30,-8.06,25,1
P001,HRTF_B,1,2.694,-76.13,-8.17,25,1
P001,HRTF_B,1,2.708,-75.93,-8.26,25,1
P001,HRTF_B,1,2.722,-75.71,-8.31,25,1
P001,HRTF_B,1,2.736,-75.51,-8.33,25,1
P001,HRTF_B,1,2.750,-75.29,-8.31,25,1
P001,HRTF_B,1,2.764,-75.06,-8.28,25,1
P001,HRTF_B,1,2.777,-74.81,-8.27,25,1
P001,HRTF_B,1,2.791,-74.56,-8.24,25,1
P001,HRTF_B,1,2.805,-74.32,-8.22,25,1
P001,HRTF_B,1,2.819,-74.10,-8.15,25,1
P001,HRTF_B,1,2.833,-73.83,-8.10,25,1
P001,HRTF_B,1,2.847,-73.59,-8.06,25,1
P001,HRTF_B,1,2.861,-73.37,-8.01,25,1
P001,HRTF_B,1,2.875,-73.15,-7.97,25,1
P001,HRTF_B,1,2.889,-72.92,-7.95,25,1
P001,HRTF_B,1,2.902,-72.69,-7.92,25,1
P001,HRTF_B,1,2.916,-72.45,-7.88,25,1
P001,HRTF_B,1,2.930,-72.27,-7.80,25,1
P001,HRTF_B,1,2.944,-72.09,-7.71,25,1
P001,HRTF_B,1,2.958,-71.92,-7.61,25,1
P001,HRTF_B,1,2.972,-71.76,-7.54,25,1
P001,HRTF_B,1,2.986,-71.58,-7.50,25,1
P001,HRTF_B,1,3.000,-71.41,-7.47,25,1
P001,HRTF_B,1,3.014,-71.22,-7.44,25,1
P001,HRTF_B,1,3.028,-71.05,-7.40,25,1
P001,HRTF_B,1,3.042,-70.92,-7.37,25,1
P001,HRTF_B,1,3.055,-70.79,-7.36,25,1
P001,HRTF_B,1,3.069,-70.65,-7.33,25,1
P001,HRTF_B,1,3.083,-70.50,-7.30,25,1
P001,HRTF_B,1,3.097,-70.35,-7.26,25,1
P001,HRTF_B,2,0.014,-15.37,-1.84,20,1
P001,HRTF_B,2,0.031,-15.41,-1.81,20,1
P001,HRTF_B,2,0.042,-15.48,-1.79,20,1
P001,HRTF_B,2,0.056,-15.55,-1.75,20,1
P001,HRTF_B,2,0.069,-15.69,-1.72,20,1
P001,HRTF_B,2,0.083,-15.81,-1.71,20,1
P001,HRTF_B,2,0.097,-15.91,-1.70,20,1
P001,HRTF_B,2,0.111,-16.06,-1.72,20,1
P001,HRTF_B,2,0.125,-16.21,-1.74,20,1
P001,HRTF_B,2,0.142,-16.37,-1.77,20,1
P001,HRTF_B,2,0.153,-16.53,-1.82,20,1
P001,HRTF_B,2,0.167,-16.70,-1.92,20,1
P001,HRTF_B,2,0.181,-16.86,-2.02,20,1
P001,HRTF_B,2,0.195,-17.01,-2.14,20,1
P001,HRTF_B,2,0.208,-17.16,-2.26,20,1
P001,HRTF_B,2,0.222,-17.32,-2.36,20,1
P001,HRTF_B,2,0.236,-17.50,-2.46,20,1
P001,HRTF_B,2,0.250,-17.67,-2.53,20,1
P001,HRTF_B,2,0.264,-17.84,-2.60,20,1
P001,HRTF_B,2,0.278,-18.05,-2.66,20,1
P001,HRTF_B,2,0.292,-18.25,-2.74,20,1
P001,HRTF_B,2,0.306,-18.46,-2.80,20,1
P001,HRTF_B,2,0.320,-18.70,-2.86,20,1
P001,HRTF_B,2,0.333,-18.98,-2.94,20,1
P001,HRTF_B,2,0.347,-19.25,-3.05,20,1
P001,HRTF_B,2,0.361,-19.56,-3.24,20,1
P001,HRTF_B,2,0.375,-19.88,-3.43,20,1
P001,HRTF_B,2,0.389,-20.25,-3.70,20,1
P001,HRTF_B,2,0.403,-20.65,-3.92,20,1
P001,HRTF_B,2,0.417,-21.06,-4.14,20,1
P001,HRTF_B,2,0.431,-21.51,-4.35,20,1
P001,HRTF_B,2,0.445,-22.04,-4.58,20,1
P001,HRTF_B,2,0.459,-22.55,-4.90,20,1
P001,HRTF_B,2,0.472,-23.08,-5.18,20,1
P001,HRTF_B,2,0.486,-23.63,-5.45,20,1
P001,HRTF_B,2,0.500,-24.14,-5.74,20,1
P001,HRTF_B,2,0.514,-24.70,-6.01,20,1
P001,HRTF_B,2,0.528,-25.24,-6.27,20,1
P001,HRTF_B,2,0.542,-25.80,-6.58,20,1
P001,HRTF_B,2,0.556,-26.31,-6.84,20,1
P001,HRTF_B,2,0.570,-26.90,-7.10,20,1
P001,HRTF_B,2,0.584,-27.52,-7.33,20,1
P001,HRTF_B,2,0.597,-28.13,-7.58,20,1
P001,HRTF_B,2,0.611,-28.85,-7.83,20,1
P001,HRTF_B,2,0.625,-29.54,-8.08,20,1
P001,HRTF_B,2,0.639,-30.25,-8.30,20,1
P001,HRTF_B,2,0.653,-30.97,-8.55,20,1
P001,HRTF_B,2,0.667,-31.72,-8.80,20,1
P001,HRTF_B,2,0.681,-32.49,-9.08,20,1
P001,HRTF_B,2,0.695,-33.31,-9.39,20,1
P001,HRTF_B,2,0.708,-34.19,-9.73,20,1
P001,HRTF_B,2,0.722,-35.13,-10.06,20,1
P001,HRTF_B,2,0.737,-36.06,-10.37,20,1
P001,HRTF_B,2,0.750,-37.09,-10.67,20,1
P001,HRTF_B,2,0.764,-38.13,-10.95,20,1
P001,HRTF_B,2,0.778,-39.19,-11.23,20,1
P001,HRTF_B,2,0.792,-40.21,-11.55,20,1
P001,HRTF_B,2,0.806,-41.24,-11.85,20,1
P001,HRTF_B,2,0.820,-42.31,-12.16,20,1
P001,HRTF_B,2,0.834,-43.34,-12.45,20,1
P001,HRTF_B,2,0.847,-44.37,-12.76,20,1
P001,HRTF_B,2,0.862,-45.39,-13.03,20,1
P001,HRTF_B,2,0.876,-46.45,-13.27,20,1
P001,HRTF_B,2,0.889,-47.52,-13.56,20,1
P001,HRTF_B,2,0.903,-48.57,-13.80,20,1
P001,HRTF_B,2,0.917,-49.60,-14.02,20,1
P001,HRTF_B,2,0.931,-50.69,-14.26,20,1
P001,HRTF_B,2,0.945,-51.80,-14.54,20,1
P001,HRTF_B,2,0.959,-52.91,-14.79,20,1
P001,HRTF_B,2,0.973,-53.96,-15.01,20,1
P001,HRTF_B,2,0.987,-54.99,-15.24,20,1
P001,HRTF_B,2,1.000,-56.04,-15.40,20,1
P001,HRTF_B,2,1.015,-57.06,-15.50,20,1
P001,HRTF_B,2,1.028,-58.06,-15.59,20,1
P001,HRTF_B,2,1.042,-59.02,-15.67,20,1
P001,HRTF_B,2,1.056,-59.91,-15.72,20,1
P001,HRTF_B,2,1.070,-60.75,-15.79,20,1
P001,HRTF_B,2,1.084,-61.61,-15.86,20,1
P001,HRTF_B,2,1.098,-62.36,-15.97,20,1
P001,HRTF_B,2,1.111,-63.11,-16.04,20,1
P001,HRTF_B,2,1.125,-63.81,-16.14,20,1
P001,HRTF_B,2,1.139,-64.38,-16.28,20,1
P001,HRTF_B,2,1.153,-64.95,-16.47,20,1
P001,HRTF_B,2,1.167,-65.42,-16.68,20,1
P001,HRTF_B,2,1.181,-65.80,-16.91,20,1
P001,HRTF_B,2,1.195,-66.08,-17.12,20,1
P001,HRTF_B,2,1.209,-66.36,-17.41,20,1
P001,HRTF_B,2,1.223,-66.55,-17.74,20,1
P001,HRTF_B,2,1.237,-66.76,-18.03,20,1
P001,HRTF_B,2,1.251,-66.84,-18.40,20,1
P001,HRTF_B,2,1.265,-66.89,-18.84,20,1
P001,HRTF_B,2,1.278,-66.94,-19.25,20,1
P001,HRTF_B,2,1.292,-66.94,-19.73,20,1
P001,HRTF_B,2,1.306,-66.88,-20.22,20,1
P001,HRTF_B,2,1.320,-66.84,-20.71,20,1
P001,HRTF_B,2,1.334,-66.73,-21.33,20,1
P001,HRTF_B,2,1.348,-66.57,-22.04,20,1
P001,HRTF_B,2,1.362,-66.41,-22.75,20,1
P001,HRTF_B,2,1.376,-66.28,-23.47,20,1
P001,HRTF_B,2,1.389,-65.97,-24.14,20,1
P001,HRTF_B,2,1.403,-65.55,-24.85,20,1
P001,HRTF_B,2,1.417,-64.81,-25.67,20,1
P001,HRTF_B,2,1.431,-64.15,-26.46,20,1
P001,HRTF_B,2,1.445,-63.42,-27.28,20,1
P001,HRTF_B,2,1.459,-62.66,-28.12,20,1
P001,HRTF_B,2,1.473,-61.78,-29.05,20,1
P001,HRTF_B,2,1.487,-60.86,-30.03,20,1
P001,HRTF_B,2,1.501,-60.03,-31.03,20,1
P001,HRTF_B,2,1.514,-59.14,-32.08,20,1
P001,HRTF_B,2,1.528,-58.20,-33.08,20,1
P001,HRTF_B,2,1.542,-57.23,-33.98,20,1
P001,HRTF_B,2,1.556,-56.28,-34.83,20,1
P001,HRTF_B,2,1.570,-55.30,-35.63,20,1
P001,HRTF_B,2,1.584,-54.26,-36.37,20,1
P001,HRTF_B,2,1.598,-53.21,-37.09,20,1
P001,HRTF_B,2,1.612,-52.06,-37.76,20,1
P001,HRTF_B,2,1.625,-50.81,-38.29,20,1
P001,HRTF_B,2,1.639,-49.55,-38.77,20,1
P001,HRTF_B,2,1.653,-48.21,-38.98,20,1
P001,HRTF_B,2,1.667,-46.84,-39.32,20,1
P001,HRTF_B,2,1.681,-45.54,-39.61,20,1
P001,HRTF_B,2,1.695,-44.26,-39.92,20,1
P001,HRTF_B,2,1.709,-43.01,-40.21,20,1
P001,HRTF_B,2,1.723,-41.62,-40.48,20,1
P001,HRTF_B,2,1.737,-40.31,-40.67,20,1
P001,HRTF_B,2,1.751,-38.96,-40.85,20,1
P001,HRTF_B,2,1.764,-37.59,-40.95,20,1
P001,HRTF_B,2,1.778,-36.05,-41.05,20,1
P001,HRTF_B,2,1.792,-34.60,-41.05,20,1
P001,HRTF_B,2,1.806,-33.06,-41.07,20,1
P001,HRTF_B,2,1.820,-31.67,-41.05,20,1
P001,HRTF_B,2,1.834,-30.27,-40.98,20,1
P001,HRTF_B,2,1.848,-28.77,-40.97,20,1
P001,HRTF_B,2,1.862,-27.18,-40.84,20,1
P001,HRTF_B,2,1.876,-25.55,-40.70,20,1
P001,HRTF_B,2,1.889,-23.87,-40.51,20,1
P001,HRTF_B,2,1.904,-22.19,-40.24,20,1
P001,HRTF_B,2,1.917,-20.42,-39.97,20,1
P001,HRTF_B,2,1.931,-18.64,-39.66,20,1
P001,HRTF_B,2,1.945,-16.82,-39.30,20,1
P001,HRTF_B,2,1.959,-15.05,-38.85,20,1
P001,HRTF_B,2,1.973,-13.28,-38.37,20,1
P001,HRTF_B,2,1.987,-11.47,-37.85,20,1
P001,HRTF_B,2,2.001,-9.59,-37.29,20,1
P001,HRTF_B,2,2.014,-7.69,-36.75,20,1
P001,HRTF_B,2,2.028,-5.86,-36.15,20,1
P001,HRTF_B,2,2.042,-4.05,-35.57,20,1
P001,HRTF_B,2,2.056,-2.20,-34.95,20,1
P001,HRTF_B,2,2.070,-0.31,-34.29,20,1
P001,HRTF_B,2,2.084,1.68,-33.63,20,1
P001,HRTF_B,2,2.098,3.54,-32.98,20,1
P001,HRTF_B,2,2.112,5.40,-32.35,20,1
P001,HRTF_B,2,2.126,7.26,-31.71,20,1
P001,HRTF_B,2,2.139,9.11,-31.08,20,1
P001,HRTF_B,2,2.154,10.92,-30.42,20,1
P001,HRTF_B,2,2.167,12.71,-29.74,20,1
P001,HRTF_B,2,2.181,14.36,-29.13,20,1
P001,HRTF_B,2,2.195,15.95,-28.52,20,1
P001,HRTF_B,2,2.209,17.48,-27.82,20,1
P001,HRTF_B,2,2.223,19.02,-27.13,20,1
P001,HRTF_B,2,2.237,20.34,-26.41,20,1
P001,HRTF_B,2,2.250,21.57,-25.69,20,1
P001,HRTF_B,2,2.264,22.57,-25.10,20,1
P001,HRTF_B,2,2.278,23.76,-24.50,20,1
P001,HRTF_B,2,2.293,24.56,-23.97,20,1
P001,HRTF_B,2,2.307,25.38,-23.47,20,1
P001,HRTF_B,2,2.320,26.11,-23.07,20,1
P001,HRTF_B,2,2.334,26.70,-22.74,20,1
P001,HRTF_B,2,2.348,27.30,-22.44,20,1
P001,HRTF_B,2,2.362,27.81,-22.20,20,1
P001,HRTF_B,2,2.376,28.24,-22.02,20,1
P001,HRTF_B,2,2.389,28.67,-21.86,20,1
P001,HRTF_B,2,2.403,29.00,-21.77,20,1
P001,HRTF_B,2,2.417,29.39,-21.72,20,1
P001,HRTF_B,2,2.431,29.75,-21.64,20,1
P001,HRTF_B,2,2.445,30.12,-21.59,20,1
P001,HRTF_B,2,2.459,30.48,-21.54,20,1
P001,HRTF_B,2,2.473,30.86,-21.54,20,1
P001,HRTF_B,2,2.487,31.27,-21.54,20,1
P001,HRTF_B,2,2.500,31.71,-21.56,20,1
P001,HRTF_B,2,2.514,32.12,-21.61,20,1
P001,HRTF_B,2,2.528,32.53,-21.65,20,1
P001,HRTF_B,2,2.542,32.87,-21.78,20,1
P001,HRTF_B,2,2.556,33.27,-21.86,20,1
P001,HRTF_B,2,2.570,33.59,-22.00,20,1
P001,HRTF_B,2,2.584,33.83,-22.18,20,1
P001,HRTF_B,2,2.598,33.99,-22.38,20,1
P001,HRTF_B,2,2.612,33.85,-22.55,20,1
P001,HRTF_B,2,2.625,33.66,-22.74,20,1
P001,HRTF_B,2,2.639,33.24,-22.91,20,1
P001,HRTF_B,2,2.654,32.68,-23.05,20,1
P001,HRTF_B,2,2.668,32.06,-23.18,20,1
P001,HRTF_B,2,2.681,31.22,-23.30,20,1
P001,HRTF_B,2,2.695,30.24,-23.37,20,1
P001,HRTF_B,2,2.709,29.10,-23.48,20,1
P001,HRTF_B,2,2.723,27.77,-23.56,20,1
P001,HRTF_B,2,2.736,26.54,-23.62,20,1
P001,HRTF_B,2,2.750,24.81,-23.68,20,1
P001,HRTF_B,2,2.764,23.24,-23.75,20,1
P001,HRTF_B,2,2.778,21.34,-23.81,20,1
P001,HRTF_B,2,2.792,19.43,-23.81,20,1
P001,HRTF_B,2,2.806,17.41,-23.82,20,1
P001,HRTF_B,2,2.820,15.36,-23.82,20,1
P001,HRTF_B,2,2.834,13.28,-23.80,20,1
P001,HRTF_B,2,2.848,10.94,-23.69,20,1
P001,HRTF_B,2,2.862,8.49,-23.55,20,1
P001,HRTF_B,2,2.876,5.99,-23.27,20,1
P001,HRTF_B,2,2.889,3.37,-22.93,20,1
P001,HRTF_B,2,2.903,0.75,-22.43,20,1
P001,HRTF_B,2,2.917,-1.89,-21.86,20,1
P001,HRTF_B,2,2.931,-4.62,-21.17,20,1
P001,HRTF_B,2,2.945,-7.41,-20.34,20,1
P001,HRTF_B,2,2.959,-10.15,-19.40,20,1
P001,HRTF_B,2,2.973,-12.87,-18.39,20,1
P001,HRTF_B,2,2.987,-15.59,-17.36,20,1
P001,HRTF_B,2,3.000,-18.41,-16.22,20,1
P001,HRTF_B,2,3.014,-21.23,-15.09,20,1
P001,HRTF_B,2,3.028,-24.04,-13.96,20,1
P001,HRTF_B,2,3.042,-26.79,-12.83,20,1
P001,HRTF_B,2,3.056,-29.58,-11.69,20,1
P001,HRTF_B,2,3.070,-32.27,-10.57,20,1
P001,HRTF_B,2,3.084,-34.95,-9.39,20,1
P001,HRTF_B,2,3.098,-37.60,-8.27,20,1
P001,HRTF_B,2,3.112,-40.15,-7.37,20,1
P001,HRTF_B,2,3.125,-42.72,-6.56,20,1
P001,HRTF_B,2,3.139,-45.24,-5.82,20,1
P001,HRTF_B,2,3.153,-47.68,-5.19,20,1
P001,HRTF_B,2,3.167,-50.04,-4.73,20,1
P001,HRTF_B,2,3.181,-52.47,-4.59,20,1
P001,HRTF_B,2,3.195,-54.94,-4.73,20,1
P001,HRTF_B,2,3.209,-57.34,-5.17,20,1
P001,HRTF_B,2,3.223,-59.72,-5.73,20,1
P001,HRTF_B,2,3.237,-62.04,-6.12,20,1
P001,HRTF_B,2,3.251,-64.24,-6.55,20,1
P001,HRTF_B,2,3.265,-66.36,-6.88,20,1
P001,HRTF_B,2,3.278,-68.39,-7.03,20,1
P001,HRTF_B,2,3.292,-70.36,-7.29,20,1
P001,HRTF_B,2,3.306,-72.31,-7.49,20,1
P001,HRTF_B,2,3.320,-74.24,-7.70,20,1
P001,HRTF_B,2,3.334,-76.07,-7.94,20,1
P001,HRTF_B,2,3.348,-77.81,-8.15,20,1
P001,HRTF_B,2,3.362,-79.50,-8.36,20,1
P001,HRTF_B,2,3.375,-81.06,-8.56,20,1
P001,HRTF_B,2,3.389,-82.51,-8.75,20,1
P001,HRTF_B,2,3.403,-83.91,-8.93,20,1
P001,HRTF_B,2,3.417,-85.15,-9.12,20,1
P001,HRTF_B,2,3.431,-86.34,-9.28,20,1
P001,HRTF_B,2,3.445,-87.42,-9.35,20,1
P001,HRTF_B,2,3.459,-88.43,-9.44,20,1
P001,HRTF_B,2,3.473,-89.36,-9.45,20,1
P001,HRTF_B,2,3.487,-90.19,-9.36,20,1
P001,HRTF_B,2,3.501,-90.98,-9.32,20,1
P001,HRTF_B,2,3.514,-91.64,-9.20,20,1
P001,HRTF_B,2,3.528,-92.32,-9.04,20,1
P001,HRTF_B,2,3.542,-93.00,-8.85,20,1
P001,HRTF_B,2,3.556,-93.66,-8.56,20,1
P001,HRTF_B,2,3.570,-94.38,-8.26,20,1
P001,HRTF_B,2,3.584,-95.12,-7.95,20,1
P001,HRTF_B,2,3.598,-95.92,-7.66,20,1
P001,HRTF_B,2,3.612,-96.75,-7.32,20,1
P001,HRTF_B,2,3.626,-97.56,-6.94,20,1
P001,HRTF_B,2,3.639,-98.32,-6.54,20,1
P001,HRTF_B,2,3.654,-99.06,-6.16,20,1
P001,HRTF_B,2,3.667,-99.77,-5.82,20,1
P001,HRTF_B,2,3.681,-100.48,-5.51,20,1
P001,HRTF_B,2,3.695,-101.22,-5.23,20,1
P001,HRTF_B,2,3.709,-101.98,-4.99,20,1
P001,HRTF_B,2,3.723,-102.77,-4.81,20,1
P001,HRTF_B,2,3.737,-103.50,-4.65,20,1
P001,HRTF_B,2,3.751,-104.28,-4.48,20,1
P001,HRTF_B,2,3.764,-105.09,-4.35,20,1
P001,HRTF_B,2,3.778,-105.98,-4.29,20,1
P001,HRTF_B,2,3.792,-106.92,-4.29,20,1
P001,HRTF_B,2,3.806,-107.91,-4.27,20,1
P001,HRTF_B,2,3.820,-108.88,-4.26,20,1
P001,HRTF_B,2,3.834,-109.86,-4.26,20,1
P001,HRTF_B,2,3.848,-110.86,-4.24,20,1
P001,HRTF_B,2,3.862,-111.81,-4.17,20,1
P001,HRTF_B,2,3.876,-112.81,-4.12,20,1
P001,HRTF_B,2,3.890,-113.86,-4.12,20,1
P001,HRTF_B,2,3.903,-114.86,-4.19,20,1
P001,HRTF_B,2,3.917,-115.89,-4.28,20,1
P001,HRTF_B,2,3.931,-116.89,-4.38,20,1
P001,HRTF_B,2,3.945,-117.91,-4.44,20,1
P001,HRTF_B,2,3.959,-118.90,-4.46,20,1
P001,HRTF_B,2,3.973,-119.90,-4.44,20,1
P001,HRTF_B,2,3.987,-120.87,-4.40,20,1
P001,HRTF_B,2,4.001,-121.82,-4.36,20,1
P001,HRTF_B,2,4.014,-122.81,-4.35,20,1
P001,HRTF_B,2,4.028,-123.71,-4.36,20,1
P001,HRTF_B,2,4.042,-124.61,-4.39,20,1
P001,HRTF_B,2,4.056,-125.46,-4.42,20,1
P001,HRTF_B,2,4.070,-126.30,-4.45,20,1
P001,HRTF_B,2,4.084,-127.12,-4.48,20,1
P001,HRTF_B,2,4.098,-127.92,-4.53,20,1
P001,HRTF_B,2,4.112,-128.69,-4.54,20,1
P001,HRTF_B,2,4.126,-129.43,-4.51,20,1
P001,HRTF_B,2,4.139,-130.15,-4.36,20,1
P001,HRTF_B,2,4.153,-130.88,-4.29,20,1
P001,HRTF_B,2,4.167,-131.60,-4.19,20,1
P001,HRTF_B,2,4.181,-132.25,-4.12,20,1
P001,HRTF_B,2,4.195,-132.93,-4.01,20,1
P001,HRTF_B,2,4.209,-133.52,-3.85,20,1
P001,HRTF_B,2,4.223,-134.12,-3.62,20,1
P001,HRTF_B,2,4.237,-134.69,-3.41,20,1
P001,HRTF_B,2,4.251,-135.25,-3.20,20,1
P001,HRTF_B,2,4.264,-135.74,-2.98,20,1
P001,HRTF_B,2,4.278,-136.25,-2.72,20,1
P001,HRTF_B,2,4.293,-136.58,-2.31,20,1
P001,HRTF_B,2,4.306,-136.83,-1.85,20,1
P001,HRTF_B,2,4.320,-137.04,-1.33,20,1
P001,HRTF_B,2,4.334,-137.20,-0.86,20,1
P001,HRTF_B,2,4.348,-137.33,-0.48,20,1
P001,HRTF_B,2,4.362,-137.39,-0.09,20,1
P001,HRTF_B,2,4.375,-137.43,0.28,20,1
P001,HRTF_B,2,4.389,-137.40,0.63,20,1
P001,HRTF_B,2,4.404,-137.34,0.98,20,1
P001,HRTF_B,2,4.417,-137.22,1.26,20,1
P001,HRTF_B,2,4.431,-137.08,1.55,20,1
P001,HRTF_B,2,4.445,-136.89,1.77,20,1
P001,HRTF_B,2,4.459,-136.69,1.98,20,1
P001,HRTF_B,2,4.473,-136.41,2.13,20,1
P001,HRTF_B,2,4.487,-136.11,2.34,20,1
P001,HRTF_B,2,4.501,-135.77,2.66,20,1
P001,HRTF_B,2,4.515,-135.41,3.03,20,1
P001,HRTF_B,2,4.528,-135.04,3.35,20,1
P001,HRTF_B,2,4.542,-134.65,3.61,20,1
P001,HRTF_B,2,4.558,-134.30,3.84,20,1
P001,HRTF_B,2,4.570,-134.01,4.06,20,1
P001,HRTF_B,2,4.584,-133.71,4.38,20,1
P001,HRTF_B,2,4.598,-133.51,4.73,20,1
P001,HRTF_B,2,4.612,-133.42,5.13,20,1
P001,HRTF_B,2,4.626,-133.31,5.45,20,1
P001,HRTF_B,2,4.640,-133.29,5.79,20,1
P001,HRTF_B,2,4.653,-133.37,6.07,20,1
P001,HRTF_B,2,4.667,-133.49,6.39,20,1
P001,HRTF_B,2,4.681,-133.64,6.74,20,1
P001,HRTF_B,2,4.695,-133.82,7.08,20,1
P001,HRTF_B,2,4.709,-134.04,7.39,20,1
P001,HRTF_B,2,4.723,-134.37,7.62,20,1
P001,HRTF_B,2,4.737,-134.66,7.87,20,1
P001,HRTF_B,2,4.751,-135.01,8.14,20,1
P001,HRTF_B,2,4.764,-135.37,8.43,20,1
P001,HRTF_B,2,4.778,-135.76,8.75,20,1
P001,HRTF_B,2,4.792,-136.24,8.97,20,1
P001,HRTF_B,2,4.806,-136.69,9.13,20,1
P001,HRTF_B,2,4.820,-137.22,9.22,20,1
P001,HRTF_B,2,4.834,-137.75,9.39,20,1
P001,HRTF_B,2,4.848,-138.24,9.62,20,1
P001,HRTF_B,2,4.862,-138.79,9.89,20,1
P001,HRTF_B,2,4.876,-139.41,10.06,20,1
P001,HRTF_B,2,4.890,-140.09,10.16,20,1
P001,HRTF_B,2,4.904,-140.85,10.21,20,1
P001,HRTF_B,2,4.918,-141.60,10.30,20,1
P001,HRTF_B,2,4.931,-142.37,10.43,20,1
P001,HRTF_B,2,4.945,-143.21,10.66,20,1
P001,HRTF_B,2,4.959,-144.10,10.83,20,1
P001,HRTF_B,2,4.973,-144.91,10.96,20,1
P001,HRTF_B,2,4.987,-145.72,11.00,20,1
P001,HRTF_B,2,5.001,-146.50,11.01,20,1
P001,HRTF_B,2,5.015,-147.17,11.05,20,1
P001,HRTF_B,2,5.029,-147.79,11.18,20,1
P001,HRTF_B,2,5.042,-148.39,11.33,20,1
P001,HRTF_B,2,5.056,-148.94,11.42,20,1
P001,HRTF_B,2,5.070,-149.41,11.41,20,1
P001,HRTF_B,2,5.084,-149.82,11.39,20,1
P001,HRTF_B,2,5.098,-150.09,11.37,20,1
P001,HRTF_B,2,5.112,-150.28,11.30,20,1
P001,HRTF_B,2,5.126,-150.45,11.24,20,1
P001,HRTF_B,2,5.140,-150.56,11.08,20,1
P001,HRTF_B,2,5.154,-150.61,10.89,20,1
P001,HRTF_B,2,5.168,-150.60,10.72,20,1
P001,HRTF_B,2,5.181,-150.52,10.62,20,1
P001,HRTF_B,2,5.195,-150.38,10.57,20,1
P001,HRTF_B,2,5.209,-150.25,10.53,20,1
P001,HRTF_B,2,5.223,-150.00,10.41,20,1
P001,HRTF_B,2,5.237,-149.73,10.28,20,1
P001,HRTF_B,2,5.251,-149.42,10.17,20,1
P001,HRTF_B,2,5.265,-149.12,10.07,20,1
P001,HRTF_B,2,5.279,-148.83,10.02,20,1
P001,HRTF_B,2,5.293,-148.54,9.96,20,1
P001,HRTF_B,2,5.307,-148.28,9.85,20,1
P001,HRTF_B,2,5.320,-147.99,9.72,20,1
P001,HRTF_B,2,5.334,-147.74,9.55,20,1
P001,HRTF_B,2,5.348,-147.50,9.40,20,1
P001,HRTF_B,3,0.014,-15.62,-0.34,31,1
P001,HRTF_B,3,0.032,-15.35,-0.23,31,1
P001,HRTF_B,3,0.045,-15.09,-0.12,31,1
P001,HRTF_B,3,0.056,-14.84,-0.03,31,1
P001,HRTF_B,3,0.070,-14.61,0.06,31,1
P001,HRTF_B,3,0.083,-14.35,0.17,31,1
P001,HRTF_B,3,0.097,-14.10,0.27,31,1
P001,HRTF_B,3,0.111,-13.85,0.37,31,1
P001,HRTF_B,3,0.125,-13.62,0.47,31,1
P001,HRTF_B,3,0.139,-13.40,0.55,31,1
P001,HRTF_B,3,0.153,-13.20,0.61,31,1
P001,HRTF_B,3,0.167,-12.98,0.66,31,1
P001,HRTF_B,3,0.181,-12.78,0.71,31,1
P001,HRTF_B,3,0.194,-12.58,0.75,31,1
P001,HRTF_B,3,0.208,-12.36,0.77,31,1
P001,HRTF_B,3,0.222,-12.15,0.80,31,1
P001,HRTF_B,3,0.236,-11.93,0.80,31,1
P001,HRTF_B,3,0.250,-11.75,0.80,31,1
P001,HRTF_B,3,0.264,-11.54,0.79,31,1
P001,HRTF_B,3,0.278,-11.33,0.75,31,1
P001,HRTF_B,3,0.292,-11.12,0.74,31,1
P001,HRTF_B,3,0.305,-10.93,0.75,31,1
P001,HRTF_B,3,0.319,-10.75,0.79,31,1
P001,HRTF_B,3,0.333,-10.60,0.84,31,1
P001,HRTF_B,3,0.347,-10.41,0.86,31,1
P001,HRTF_B,3,0.361,-10.24,0.86,31,1
P001,HRTF_B,3,0.375,-10.07,0.88,31,1
P001,HRTF_B,3,0.389,-9.92,0.89,31,1
P001,HRTF_B,3,0.403,-9.76,0.91,31,1
P001,HRTF_B,3,0.417,-9.59,0.92,31,1
P001,HRTF_B,3,0.430,-9.43,0.93,31,1
P001,HRTF_B,3,0.444,-9.27,0.91,31,1
P001,HRTF_B,3,0.458,-9.11,0.90,31,1
P001,HRTF_B,3,0.472,-8.97,0.90,31,1
P001,HRTF_B,3,0.486,-8.82,0.88,31,1
P001,HRTF_B,3,0.500,-8.67,0.86,31,1
P001,HRTF_B,3,0.514,-8.55,0.84,31,1
P001,HRTF_B,3,0.528,-8.42,0.81,31,1
P001,HRTF_B,3,0.541,-8.31,0.77,31,1
P001,HRTF_B,3,0.555,-8.21,0.73,31,1
P001,HRTF_B,3,0.569,-8.12,0.69,31,1
P001,HRTF_B,3,0.583,-8.03,0.64,31,1
P001,HRTF_B,3,0.597,-7.97,0.63,31,1
P001,HRTF_B,3,0.611,-7.91,0.60,31,1
P001,HRTF_B,3,0.625,-7.84,0.58,31,1
P001,HRTF_B,3,0.639,-7.78,0.56,31,1
P001,HRTF_B,3,0.653,-7.73,0.53,31,1
P001,HRTF_B,3,0.667,-7.66,0.51,31,1
P001,HRTF_B,3,0.680,-7.61,0.49,31,1
P001,HRTF_B,3,0.694,-7.56,0.47,31,1
P001,HRTF_B,3,0.708,-7.51,0.43,31,1
P001,HRTF_B,3,0.722,-7.48,0.39,31,1
P001,HRTF_B,3,0.736,-7.43,0.37,31,1
P001,HRTF_B,3,0.750,-7.40,0.33,31,1
P001,HRTF_B,3,0.764,-7.36,0.29,31,1
P001,HRTF_B,3,0.778,-7.34,0.24,31,1
P001,HRTF_B,3,0.792,-7.31,0.19,31,1
P001,HRTF_B,3,0.806,-7.29,0.13,31,1
P001,HRTF_B,3,0.820,-7.28,0.08,31,1
P001,HRTF_B,3,0.833,-7.30,0.03,31,1
P001,HRTF_B,3,0.847,-7.29,-0.01,31,1
P001,HRTF_B,3,0.861,-7.31,-0.05,31,1
P001,HRTF_B,3,0.875,-7.32,-0.10,31,1
P001,HRTF_B,3,0.889,-7.34,-0.15,31,1
P001,HRTF_B,3,0.903,-7.37,-0.20,31,1
P001,HRTF_B,3,0.917,-7.41,-0.26,31,1
P001,HRTF_B,3,0.930,-7.46,-0.29,31,1
P001,HRTF_B,3,0.944,-7.50,-0.33,31,1
P001,HRTF_B,3,0.958,-7.56,-0.36,31,1
P001,HRTF_B,3,0.972,-7.62,-0.39,31,1
P001,HRTF_B,3,0.986,-7.68,-0.41,31,1
P001,HRTF_B,3,1.000,-7.76,-0.41,31,1
P001,HRTF_B,3,1.014,-7.83,-0.40,31,1
P001,HRTF_B,3,1.028,-7.90,-0.37,31,1
P001,HRTF_B,3,1.042,-7.98,-0.35,31,1
P001,HRTF_B,3,1.056,-8.04,-0.34,31,1
P001,HRTF_B,3,1.069,-8.11,-0.34,31,1
P001,HRTF_B,3,1.083,-8.17,-0.34,31,1
P001,HRTF_B,3,1.097,-8.22,-0.34,31,1
P001,HRTF_B,3,1.111,-8.29,-0.32,31,1
P001,HRTF_B,3,1.125,-8.35,-0.29,31,1
P001,HRTF_B,3,1.139,-8.44,-0.25,31,1
P001,HRTF_B,3,1.153,-8.50,-0.21,31,1
P001,HRTF_B,3,1.167,-8.56,-0.17,31,1
P001,HRTF_B,3,1.180,-8.62,-0.16,31,1
P001,HRTF_B,3,1.195,-8.68,-0.14,31,1
P001,HRTF_B,3,1.208,-8.72,-0.16,31,1
P001,HRTF_B,3,1.222,-8.77,-0.17,31,1
P001,HRTF_B,3,1.236,-8.82,-0.18,31,1
P001,HRTF_B,3,1.250,-8.87,-0.16,31,1
P001,HRTF_B,3,1.264,-8.91,-0.14,31,1
P001,HRTF_B,3,1.278,-8.92,-0.14,31,1
P001,HRTF_B,3,1.292,-8.94,-0.15,31,1
P001,HRTF_B,3,1.306,-8.96,-0.17,31,1
P001,HRTF_B,3,1.319,-8.98,-0.18,31,1
P001,HRTF_B,3,1.333,-8.99,-0.19,31,1
P001,HRTF_B,3,1.347,-8.99,-0.19,31,1
P001,HRTF_B,3,1.361,-8.99,-0.21,31,1
P001,HRTF_B,3,1.375,-8.99,-0.24,31,1
P001,HRTF_B,3,1.389,-8.98,-0.27,31,1
P001,HRTF_B,3,1.403,-8.99,-0.29,31,1
P001,HRTF_B,3,1.417,-9.00,-0.29,31,1
P001,HRTF_B,3,1.430,-9.00,-0.27,31,1
P001,HRTF_B,3,1.444,-9.02,-0.26,31,1
P001,HRTF_B,3,1.458,-9.04,-0.27,31,1
P001,HRTF_B,3,1.472,-9.07,-0.26,31,1
P001,HRTF_B,3,1.486,-9.09,-0.27,31,1
P001,HRTF_B,3,1.500,-9.12,-0.26,31,1
P001,HRTF_B,3,1.514,-9.16,-0.24,31,1
P001,HRTF_B,3,1.528,-9.20,-0.23,31,1
P001,HRTF_B,3,1.541,-9.24,-0.20,31,1
P001,HRTF_B,3,1.556,-9.25,-0.20,31,1
P001,HRTF_B,3,1.569,-9.28,-0.19,31,1
P001,HRTF_B,3,1.583,-9.31,-0.17,31,1
P001,HRTF_B,3,1.597,-9.35,-0.15,31,1
P001,HRTF_B,3,1.611,-9.38,-0.13,31,1
P001,HRTF_B,3,1.625,-9.40,-0.12,31,1
P001,HRTF_B,3,1.639,-9.41,-0.11,31,1
P001,HRTF_B,3,1.653,-9.43,-0.08,31,1
P001,HRTF_B,3,1.667,-9.43,-0.08,31,1
P001,HRTF_B,3,1.680,-9.43,-0.06,31,1
P001,HRTF_B,3,1.695,-9.43,-0.05,31,1
P001,HRTF_B,3,1.708,-9.43,-0.05,31,1
P001,HRTF_B,3,1.722,-9.43,-0.08,31,1
P001,HRTF_B,3,1.736,-9.44,-0.10,31,1
P001,HRTF_B,3,1.750,-9.47,-0.14,31,1
P001,HRTF_B,3,1.764,-9.51,-0.13,31,1
P001,HRTF_B,3,1.778,-9.58,-0.13,31,1
P001,HRTF_B,3,1.792,-9.65,-0.15,31,1
P001,HRTF_B,3,1.805,-9.74,-0.21,31,1
P001,HRTF_B,3,1.819,-9.85,-0.26,31,1
P001,HRTF_B,3,1.833,-10.09,-0.32,31,1
P001,HRTF_B,3,1.847,-10.38,-0.41,31,1
P001,HRTF_B,3,1.861,-10.72,-0.47,31,1
P001,HRTF_B,3,1.875,-11.06,-0.54,31,1
P001,HRTF_B,3,1.889,-11.48,-0.62,31,1
P001,HRTF_B,3,1.903,-11.92,-0.75,31,1
P001,HRTF_B,3,1.917,-12.49,-0.93,31,1
P001,HRTF_B,3,1.930,-13.10,-1.20,31,1
P001,HRTF_B,3,1.944,-13.85,-1.43,31,1
P001,HRTF_B,3,1.958,-14.58,-1.71,31,1
P001,HRTF_B,3,1.972,-15.36,-1.96,31,1
P001,HRTF_B,3,1.986,-16.17,-2.23,31,1
P001,HRTF_B,3,2.000,-17.06,-2.53,31,1
P001,HRTF_B,3,2.014,-17.88,-2.83,31,1
P001,HRTF_B,3,2.028,-18.69,-3.09,31,1
P001,HRTF_B,3,2.042,-19.47,-3.40,31,1
P001,HRTF_B,3,2.056,-20.19,-3.60,31,1
P001,HRTF_B,3,2.070,-20.88,-3.85,31,1
P001,HRTF_B,3,2.083,-21.47,-4.02,31,1
P001,HRTF_B,3,2.097,-22.04,-4.20,31,1
P001,HRTF_B,3,2.111,-22.52,-4.35,31,1
P001,HRTF_B,3,2.125,-22.99,-4.46,31,1
P001,HRTF_B,3,2.139,-23.38,-4.54,31,1
P001,HRTF_B,3,2.153,-23.72,-4.56,31,1
P001,HRTF_B,3,2.167,-23.89,-4.57,31,1
P001,HRTF_B,3,2.181,-24.12,-4.60,31,1
P001,HRTF_B,3,2.194,-24.23,-4.52,31,1
P001,HRTF_B,3,2.208,-24.36,-4.45,31,1
P001,HRTF_B,3,2.223,-24.41,-4.39,31,1
P001,HRTF_B,3,2.236,-24.43,-4.33,31,1
P001,HRTF_B,3,2.250,-24.44,-4.26,31,1
P001,HRTF_B,3,2.264,-24.43,-4.17,31,1
P001,HRTF_B,3,2.278,-24.38,-4.09,31,1
P001,HRTF_B,3,2.292,-24.31,-4.01,31,1
P001,HRTF_B,3,2.306,-24.25,-3.95,31,1
P001,HRTF_B,3,2.319,-24.18,-3.89,31,1
P001,HRTF_B,3,2.333,-24.11,-3.82,31,1
P001,HRTF_B,3,2.347,-24.05,-3.79,31,1
P001,HRTF_B,3,2.361,-23.97,-3.77,31,1
P001,HRTF_B,3,2.375,-23.90,-3.77,31,1
P001,HRTF_B,3,2.389,-23.85,-3.78,31,1
P001,HRTF_B,3,2.403,-23.81,-3.79,31,1
P001,HRTF_B,3,2.417,-23.77,-3.80,31,1
P001,HRTF_B,3,2.431,-23.72,-3.81,31,1
P001,HRTF_B,3,2.444,-23.70,-3.84,31,1
P001,HRTF_B,3,2.458,-23.68,-3.88,31,1
P001,HRTF_B,3,2.472,-23.66,-3.92,31,1
P001,HRTF_B,3,2.486,-23.66,-3.98,31,1
P001,HRTF_B,3,2.500,-23.64,-4.02,31,1
P001,HRTF_B,3,2.514,-23.63,-4.05,31,1
P001,HRTF_B,3,2.528,-23.61,-4.08,31,1
P001,HRTF_B,3,2.542,-23.60,-4.11,31,1
P001,HRTF_B,3,2.556,-23.60,-4.12,31,1
P001,HRTF_B,3,2.570,-23.59,-4.14,31,1
P001,HRTF_B,3,2.583,-23.57,-4.16,31,1
P001,HRTF_B,3,2.597,-23.58,-4.17,31,1
P001,HRTF_B,3,2.611,-23.58,-4.19,31,1
P001,HRTF_B,3,2.625,-23.59,-4.20,31,1
P001,HRTF_B,3,2.639,-23.59,-4.23,31,1
P001,HRTF_B,3,2.653,-23.59,-4.27,31,1
P001,HRTF_B,3,2.667,-23.60,-4.27,31,1
P001,HRTF_B,3,2.681,-23.62,-4.26,31,1
P001,HRTF_B,3,2.695,-23.64,-4.25,31,1
P001,HRTF_B,3,2.709,-23.69,-4.22,31,1
P001,HRTF_B,3,2.722,-23.73,-4.18,31,1
P001,HRTF_B,3,2.736,-23.75,-4.15,31,1
P001,HRTF_B,3,2.750,-23.77,-4.15,31,1
P001,HRTF_B,3,2.764,-23.82,-4.14,31,1
P001,HRTF_B,3,2.778,-23.87,-4.14,31,1
P001,HRTF_B,3,2.792,-23.93,-4.13,31,1
P001,HRTF_B,3,2.806,-24.01,-4.13,31,1
P001,HRTF_B,3,2.820,-24.12,-4.13,31,1
P001,HRTF_B,3,2.834,-24.23,-4.12,31,1
P001,HRTF_B,3,2.848,-24.43,-4.14,31,1
P001,HRTF_B,3,2.861,-24.62,-4.15,31,1
P001,HRTF_B,3,2.875,-24.81,-4.16,31,1
P001,HRTF_B,3,2.889,-25.16,-4.13,31,1
P001,HRTF_B,3,2.903,-25.48,-4.13,31,1
P001,HRTF_B,3,2.917,-25.87,-4.18,31,1
P001,HRTF_B,3,2.931,-26.36,-4.19,31,1
P001,HRTF_B,3,2.945,-26.85,-4.17,31,1
P001,HRTF_B,3,2.959,-27.48,-4.14,31,1
P001,HRTF_B,3,2.973,-28.18,-4.07,31,1
P001,HRTF_B,3,2.986,-28.88,-4.06,31,1
P001,HRTF_B,3,3.000,-29.74,-3.96,31,1
P001,HRTF_B,3,3.014,-30.60,-3.94,31,1
P001,HRTF_B,3,3.028,-31.58,-3.86,31,1
P001,HRTF_B,3,3.042,-32.57,-3.73,31,1
P001,HRTF_B,3,3.056,-33.68,-3.60,31,1
P001,HRTF_B,3,3.070,-34.83,-3.40,31,1
P001,HRTF_B,3,3.084,-36.12,-3.17,31,1
P001,HRTF_B,3,3.098,-37.43,-2.90,31,1
P001,HRTF_B,3,3.111,-38.81,-2.55,31,1
P001,HRTF_B,3,3.125,-40.19,-2.19,31,1
P001,HRTF_B,3,3.139,-41.55,-1.76,31,1
P001,HRTF_B,3,3.153,-42.98,-1.33,31,1
P001,HRTF_B,3,3.167,-44.45,-0.89,31,1
P001,HRTF_B,3,3.181,-45.98,-0.43,31,1
P001,HRTF_B,3,3.195,-47.49,0.03,31,1
P001,HRTF_B,3,3.209,-49.09,0.50,31,1
P001,HRTF_B,3,3.223,-50.70,0.93,31,1
P001,HRTF_B,3,3.237,-52.42,1.28,31,1
P001,HRTF_B,3,3.250,-54.06,1.66,31,1
P001,HRTF_B,3,3.264,-55.66,2.03,31,1
P001,HRTF_B,3,3.278,-57.22,2.39,31,1
P001,HRTF_B,3,3.292,-58.82,2.82,31,1
P001,HRTF_B,3,3.306,-60.34,3.24,31,1
P001,HRTF_B,3,3.320,-61.85,3.59,31,1
P001,HRTF_B,3,3.334,-63.33,3.97,31,1
P001,HRTF_B,3,3.348,-64.74,4.31,31,1
P001,HRTF_B,3,3.361,-66.21,4.61,31,1
P001,HRTF_B,3,3.375,-67.58,4.99,31,1
P001,HRTF_B,3,3.389,-68.89,5.26,31,1
P001,HRTF_B,3,3.403,-70.22,5.55,31,1
P001,HRTF_B,3,3.417,-71.47,5.87,31,1
P001,HRTF_B,3,3.431,-72.72,6.12,31,1
P001,HRTF_B,3,3.445,-73.85,6.42,31,1
P001,HRTF_B,3,3.459,-75.03,6.74,31,1
P001,HRTF_B,3,3.473,-76.15,7.07,31,1
P001,HRTF_B,3,3.487,-77.28,7.38,31,1
P001,HRTF_B,3,3.500,-78.36,7.66,31,1
P001,HRTF_B,3,3.514,-79.44,7.95,31,1
P001,HRTF_B,3,3.528,-80.48,8.19,31,1
P001,HRTF_B,3,3.542,-81.46,8.44,31,1
P001,HRTF_B,3,3.556,-82.45,8.64,31,1
P001,HRTF_B,3,3.570,-83.44,8.77,31,1
P001,HRTF_B,3,3.584,-84.43,8.90,31,1
P001,HRTF_B,3,3.598,-85.40,9.04,31,1
P001,HRTF_B,3,3.612,-86.37,9.31,31,1
P001,HRTF_B,3,3.626,-87.30,9.59,31,1
P001,HRTF_B,3,3.639,-88.25,9.95,31,1
P001,HRTF_B,3,3.653,-89.19,10.31,31,1
P001,HRTF_B,3,3.667,-90.14,10.67,31,1
P001,HRTF_B,3,3.681,-91.05,10.96,31,1
P001,HRTF_B,3,3.695,-91.96,11.18,31,1
P001,HRTF_B,3,3.709,-92.89,11.34,31,1
P001,HRTF_B,3,3.723,-93.84,11.45,31,1
P001,HRTF_B,3,3.737,-94.78,11.57,31,1
P001,HRTF_B,3,3.750,-95.74,11.61,31,1
P001,HRTF_B,3,3.764,-96.74,11.69,31,1
P001,HRTF_B,3,3.778,-97.68,11.81,31,1
P001,HRTF_B,3,3.792,-98.59,11.98,31,1
P001,HRTF_B,3,3.806,-99.52,12.09,31,1
P001,HRTF_B,3,3.820,-100.42,12.22,31,1
P001,HRTF_B,3,3.834,-101.32,12.30,31,1
P001,HRTF_B,3,3.848,-102.22,12.29,31,1
P001,HRTF_B,3,3.862,-103.08,12.29,31,1
P001,HRTF_B,3,3.876,-103.94,12.35,31,1
P001,HRTF_B,3,3.889,-104.74,12.45,31,1
P001,HRTF_B,3,3.903,-105.55,12.55,31,1
P001,HRTF_B,3,3.917,-106.36,12.56,31,1
P001,HRTF_B,3,3.931,-107.17,12.52,31,1
P001,HRTF_B,3,3.945,-107.98,12.48,31,1
P001,HRTF_B,3,3.959,-108.78,12.36,31,1
P001,HRTF_B,3,3.973,-109.54,12.28,31,1
P001,HRTF_B,3,3.987,-110.32,12.19,31,1
P001,HRTF_B,3,4.001,-111.03,12.10,31,1
P001,HRTF_B,3,4.014,-111.73,11.97,31,1
P001,HRTF_B,3,4.028,-112.42,11.74,31,1
P001,HRTF_B,3,4.042,-113.12,11.58,31,1
P001,HRTF_B,3,4.056,-113.81,11.39,31,1
P001,HRTF_B,3,4.070,-114.47,11.24,31,1
P001,HRTF_B,3,4.084,-115.11,11.04,31,1
P001,HRTF_B,3,4.098,-115.75,10.79,31,1
P001,HRTF_B,3,4.112,-116.37,10.38,31,1
P001,HRTF_B,3,4.126,-116.99,9.84,31,1
P001,HRTF_B,3,4.139,-117.58,9.13,31,1
P001,HRTF_B,3,4.153,-118.08,8.34,31,1
P001,HRTF_B,3,4.167,-118.57,7.35,31,1
P001,HRTF_B,3,4.181,-118.99,6.00,31,1
P001,HRTF_B,3,4.195,-119.39,4.62,31,1
P001,HRTF_B,3,4.209,-119.62,2.99,31,1
P001,HRTF_B,3,4.223,-119.87,1.74,31,1
P001,HRTF_B,3,4.237,-120.02,0.53,31,1
P001,HRTF_B,3,4.251,-120.11,-0.72,31,1
P001,HRTF_B,3,4.264,-120.16,-1.92,31,1
P001,HRTF_B,3,4.278,-120.01,-3.21,31,1
P001,HRTF_B,3,4.292,-119.88,-4.41,31,1
P001,HRTF_B,3,4.306,-119.60,-5.51,31,1
P001,HRTF_B,3,4.320,-119.37,-6.70,31,1
P001,HRTF_B,3,4.334,-119.00,-7.97,31,1
P001,HRTF_B,3,4.348,-118.57,-9.17,31,1
P001,HRTF_B,3,4.362,-118.13,-10.31,31,1
P001,HRTF_B,3,4.376,-117.62,-11.33,31,1
P001,HRTF_B,3,4.389,-117.06,-12.37,31,1
P001,HRTF_B,3,4.403,-116.44,-13.31,31,1
P001,HRTF_B,3,4.417,-115.81,-14.40,31,1
P001,HRTF_B,3,4.432,-115.14,-15.43,31,1
P001,HRTF_B,3,4.445,-114.43,-16.32,31,1
P001,HRTF_B,3,4.459,-113.77,-17.20,31,1
P001,HRTF_B,3,4.473,-113.09,-18.06,31,1
P001,HRTF_B,3,4.487,-112.39,-18.91,31,1
P001,HRTF_B,3,4.501,-111.72,-19.71,31,1
P001,HRTF_B,3,4.515,-111.02,-20.53,31,1
P001,HRTF_B,3,4.528,-110.34,-21.31,31,1
P001,HRTF_B,3,4.542,-109.70,-22.11,31,1
P001,HRTF_B,3,4.556,-109.09,-22.89,31,1
P001,HRTF_B,3,4.570,-108.48,-23.68,31,1
P001,HRTF_B,3,4.584,-107.82,-24.46,31,1
P001,HRTF_B,3,4.598,-107.19,-25.24,31,1
P001,HRTF_B,3,4.612,-106.63,-25.97,31,1
P001,HRTF_B,3,4.626,-106.04,-26.66,31,1
P001,HRTF_B,3,4.640,-105.42,-27.31,31,1
P001,HRTF_B,3,4.653,-104.81,-27.95,31,1
P001,HRTF_B,3,4.667,-104.16,-28.48,31,1
P001,HRTF_B,3,4.681,-103.59,-29.01,31,1
P001,HRTF_B,3,4.695,-103.00,-29.52,31,1
P001,HRTF_B,3,4.709,-102.43,-30.10,31,1
P001,HRTF_B,3,4.723,-101.86,-30.63,31,1
P001,HRTF_B,3,4.737,-101.34,-31.16,31,1
P001,HRTF_B,3,4.751,-100.85,-31.58,31,1
P001,HRTF_B,3,4.765,-100.39,-31.95,31,1
P001,HRTF_B,3,4.779,-99.89,-32.35,31,1
P001,HRTF_B,3,4.792,-99.38,-32.77,31,1
P001,HRTF_B,3,4.806,-98.89,-33.15,31,1
P001,HRTF_B,3,4.821,-98.50,-33.49,31,1
P001,HRTF_B,3,4.834,-98.06,-33.83,31,1
P001,HRTF_B,3,4.848,-97.58,-34.22,31,1
P001,HRTF_B,3,4.862,-97.07,-34.60,31,1
P001,HRTF_B,3,4.876,-96.56,-35.01,31,1
P001,HRTF_B,3,4.890,-96.12,-35.40,31,1
P001,HRTF_B,3,4.903,-95.63,-35.82,31,1
P001,HRTF_B,3,4.917,-95.21,-36.25,31,1
P001,HRTF_B,3,4.931,-94.74,-36.73,31,1
P001,HRTF_B,3,4.945,-94.27,-37.16,31,1
P001,HRTF_B,3,4.959,-93.78,-37.65,31,1
P001,HRTF_B,3,4.973,-93.25,-38.08,31,1
P001,HRTF_B,3,4.987,-92.76,-38.54,31,1
P001,HRTF_B,3,5.001,-92.24,-38.94,31,1
P001,HRTF_B,3,5.015,-91.65,-39.28,31,1
P001,HRTF_B,3,5.029,-91.06,-39.62,31,1
P001,HRTF_B,3,5.042,-90.41,-39.97,31,1
P001,HRTF_B,3,5.056,-89.74,-40.29,31,1
P001,HRTF_B,3,5.071,-89.05,-40.63,31,1
P001,HRTF_B,3,5.084,-88.35,-40.90,31,1
P001,HRTF_B,3,5.098,-87.65,-41.10,31,1
P001,HRTF_B,3,5.112,-87.01,-41.30,31,1
P001,HRTF_B,3,5.126,-86.31,-41.52,31,1
P001,HRTF_B,3,5.140,-85.62,-41.68,31,1
P001,HRTF_B,3,5.154,-84.87,-41.87,31,1
P001,HRTF_B,3,5.168,-84.12,-42.09,31,1
P001,HRTF_B,3,5.182,-83.35,-42.31,31,1
P001,HRTF_B,3,5.195,-82.63,-42.49,31,1
P001,HRTF_B,3,5.209,-81.95,-42.66,31,1
P001,HRTF_B,3,5.223,-81.29,-42.79,31,1
P001,HRTF_B,3,5.237,-80.61,-42.94,31,1
P001,HRTF_B,3,5.251,-79.94,-43.00,31,1
P001,HRTF_B,3,5.265,-79.33,-43.11,31,1
P001,HRTF_B,3,5.279,-78.73,-43.21,31,1
P001,HRTF_B,3,5.293,-78.12,-43.34,31,1
P001,HRTF_B,3,5.307,-77.56,-43.40,31,1
P001,HRTF_B,3,5.320,-77.02,-43.43,31,1
P001,HRTF_B,3,5.334,-76.53,-43.45,31,1
P001,HRTF_B,3,5.348,-76.16,-43.46,31,1
P001,HRTF_B,3,5.362,-75.77,-43.51,31,1
P001,HRTF_B,3,5.376,-75.39,-43.51,31,1
P001,HRTF_B,3,5.390,-75.05,-43.52,31,1
P001,HRTF_B,3,5.404,-74.76,-43.48,31,1
P001,HRTF_B,3,5.418,-74.52,-43.42,31,1
P001,HRTF_B,3,5.431,-74.29,-43.39,31,1
P001,HRTF_B,3,5.445,-74.11,-43.37,31,1
P001,HRTF_B,3,5.459,-73.92,-43.38,31,1
P001,HRTF_B,3,5.473,-73.76,-43.36,31,1
P001,HRTF_B,3,5.487,-73.65,-43.35,31,1
P001,HRTF_B,3,5.501,-73.55,-43.35,31,1
P001,HRTF_B,3,5.515,-73.49,-43.34,31,1
P001,HRTF_B,3,5.529,-73.46,-43.38,31,1
P001,HRTF_B,3,5.543,-73.40,-43.42,31,1
P001,HRTF_B,3,5.557,-73.38,-43.47,31,1
P001,HRTF_B,3,5.570,-73.38,-43.46,31,1
P001,HRTF_B,3,5.584,-73.38,-43.43,31,1
P001,HRTF_B,3,5.598,-73.39,-43.37,31,1
P001,HRTF_B,3,5.612,-73.39,-43.34,31,1
P001,HRTF_B,3,5.626,-73.35,-43.30,31,1
P001,HRTF_B,3,5.640,-73.33,-43.25,31,1
P001,HRTF_B,3,5.654,-73.28,-43.20,31,1
P001,HRTF_B,3,5.668,-73.26,-43.15,31,1
P001,HRTF_B,3,5.682,-73.23,-43.11,31,1
P001,HRTF_B,3,5.696,-73.18,-43.12,31,1
P001,HRTF_B,3,5.709,-73.13,-43.11,31,1
P001,HRTF_B,3,5.723,-73.08,-43.14,31,1
P001,HRTF_B,3,5.737,-73.05,-43.12,31,1
P001,HRTF_B,3,5.751,-73.02,-43.09,31,1
P001,HRTF_B,3,5.765,-72.97,-43.07,31,1
P001,HRTF_B,3,5.779,-72.93,-43.06,31,1
P001,HRTF_B,3,5.793,-72.91,-43.04,31,1
P001,HRTF_B,3,5.807,-72.92,-43.04,31,1
P001,HRTF_B,3,5.821,-72.92,-43.04,31,1
P001,HRTF_B,3,5.834,-72.93,-43.04,31,1
P001,HRTF_B,3,5.849,-72.95,-43.04,31,1
P001,HRTF_B,3,5.862,-72.98,-43.06,31,1
P001,HRTF_B,3,5.876,-73.03,-43.07,31,1
P001,HRTF_B,3,5.890,-73.05,-43.08,31,1
P001,HRTF_B,3,5.904,-73.10,-43.09,31,1
P001,HRTF_B,3,5.918,-73.16,-43.10,31,1
P001,HRTF_B,3,5.932,-73.20,-43.09,31,1
P001,HRTF_B,3,5.946,-73.25,-43.08,31,1
P001,HRTF_B,3,5.960,-73.28,-43.08,31,1
P001,HRTF_B,3,5.974,-73.30,-43.07,31,1
P001,HRTF_B,3,5.987,-73.33,-43.06,31,1
P001,HRTF_B,3,6.001,-73.37,-43.02,31,1
P001,HRTF_B,3,6.015,-73.39,-42.99,31,1
P001,HRTF_B,3,6.029,-73.39,-42.94,31,1
P001,HRTF_B,3,6.043,-73.40,-42.92,31,1
P001,HRTF_B,3,6.057,-73.39,-42.92,31,1
P001,HRTF_B,3,6.071,-73.38,-42.91,31,1
P001,HRTF_B,3,6.084,-73.37,-42.89,31,1
P001,HRTF_B,3,6.098,-73.35,-42.85,31,1
P001,HRTF_B,3,6.112,-73.31,-42.79,31,1
P001,HRTF_B,3,6.126,-73.29,-42.70,31,1
P001,HRTF_B,3,6.140,-73.26,-42.60,31,1
P001,HRTF_B,3,6.154,-73.21,-42.54,31,1
P001,HRTF_B,3,6.168,-73.11,-42.50,31,1
P001,HRTF_B,3,6.182,-72.97,-42.49,31,1
P001,HRTF_B,3,6.196,-72.85,-42.49,31,1
P001,HRTF_B,3,6.209,-72.70,-42.50,31,1
P001,HRTF_B,3,6.223,-72.49,-42.51,31,1
P001,HRTF_B,3,6.237,-72.32,-42.48,31,1
P001,HRTF_B,3,6.251,-72.11,-42.45,31,1
P001,HRTF_B,3,6.265,-71.89,-42.42,31,1
P001,HRTF_B,3,6.279,-71.62,-42.44,31,1
P001,HRTF_B,3,6.293,-71.30,-42.48,31,1
P001,HRTF_B,3,6.307,-70.88,-42.46,31,1
P001,HRTF_B,3,6.321,-70.51,-42.41,31,1
P001,HRTF_B,3,6.334,-70.10,-42.33,31,1
P001,HRTF_B,3,6.348,-69.68,-42.30,31,1
P001,HRTF_B,3,6.362,-69.20,-42.26,31,1
P001,HRTF_B,3,6.376,-68.65,-42.23,31,1
P001,HRTF_B,3,6.390,-68.09,-42.17,31,1
P001,HRTF_B,3,6.404,-67.53,-42.12,31,1
P001,HRTF_B,3,6.418,-66.99,-42.01,31,1
P001,HRTF_B,3,6.432,-66.44,-41.96,31,1
P001,HRTF_B,3,6.445,-65.85,-41.87,31,1
P001,HRTF_B,3,6.460,-65.27,-41.79,31,1
P001,HRTF_B,3,6.473,-64.61,-41.67,31,1
P001,HRTF_B,3,6.487,-63.94,-41.56,31,1
P001,HRTF_B,3,6.501,-63.25,-41.44,31,1
P001,HRTF_B,3,6.515,-62.54,-41.38,31,1
P001,HRTF_B,3,6.529,-61.84,-41.31,31,1
P001,HRTF_B,3,6.543,-61.15,-41.24,31,1
P001,HRTF_B,3,6.556,-60.47,-41.14,31,1
P001,HRTF_B,3,6.570,-59.83,-41.04,31,1
P001,HRTF_B,3,6.584,-59.21,-40.90,31,1
P001,HRTF_B,3,6.598,-58.56,-40.80,31,1
P001,HRTF_B,3,6.612,-57.92,-40.74,31,1
P001,HRTF_B,3,6.626,-57.31,-40.72,31,1
P001,HRTF_B,3,6.640,-56.75,-40.66,31,1
P001,HRTF_B,3,6.654,-56.17,-40.58,31,1
P001,HRTF_B,3,6.668,-55.66,-40.51,31,1
P001,HRTF_B,3,6.682,-55.11,-40.46,31,1
P001,HRTF_B,3,6.695,-54.56,-40.42,31,1
P001,HRTF_B,3,6.709,-53.96,-40.38,31,1
P001,HRTF_B,3,6.724,-53.39,-40.38,31,1
P001,HRTF_B,3,6.737,-52.81,-40.32,31,1
P001,HRTF_B,3,6.751,-52.25,-40.28,31,1
P001,HRTF_B,3,6.765,-51.69,-40.25,31,1
P001,HRTF_B,3,6.779,-51.11,-40.24,31,1
P001,HRTF_B,3,6.793,-50.53,-40.22,31,1
P001,HRTF_B,3,6.807,-49.93,-40.26,31,1
P001,HRTF_B,3,6.821,-49.33,-40.32,31,1
P001,HRTF_B,3,6.834,-48.75,-40.32,31,1
P001,HRTF_B,3,6.848,-48.24,-40.37,31,1
P001,HRTF_B,3,6.862,-47.67,-40.39,31,1
P001,HRTF_B,3,6.876,-47.15,-40.45,31,1
P001,HRTF_B,3,6.890,-46.61,-40.48,31,1
P001,HRTF_B,3,6.904,-46.08,-40.59,31,1
P001,HRTF_B,3,6.918,-45.56,-40.70,31,1
P001,HRTF_B,3,6.932,-45.08,-40.81,31,1
P001,HRTF_B,3,6.945,-44.53,-40.94,31,1
P001,HRTF_B,3,6.959,-44.04,-41.05,31,1
P001,HRTF_B,3,6.973,-43.55,-41.16,31,1
P001,HRTF_B,3,6.987,-43.14,-41.30,31,1
P001,HRTF_B,3,7.001,-42.66,-41.44,31,1
P001,HRTF_B,3,7.015,-42.17,-41.56,31,1
P001,HRTF_B,3,7.029,-41.79,-41.71,31,1
P001,HRTF_B,3,7.043,-41.38,-41.94,31,1
P001,HRTF_B,3,7.056,-40.99,-42.12,31,1
P001,HRTF_B,3,7.071,-40.63,-42.27,31,1
P001,HRTF_B,3,7.084,-40.30,-42.38,31,1
P001,HRTF_B,3,7.098,-40.02,-42.48,31,1
P001,HRTF_B,3,7.112,-39.72,-42.58,31,1
P001,HRTF_B,3,7.126,-39.39,-42.72,31,1
P001,HRTF_B,3,7.140,-39.11,-42.82,31,1
P001,HRTF_B,3,7.154,-38.80,-42.98,31,1
P001,HRTF_B,3,7.168,-38.52,-43.12,31,1
P001,HRTF_B,3,7.182,-38.37,-43.24,31,1
P001,HRTF_B,3,7.195,-38.16,-43.36,31,1
P001,HRTF_B,3,7.209,-38.01,-43.44,31,1
P001,HRTF_B,3,7.223,-37.85,-43.51,31,1
P001,HRTF_B,3,7.237,-37.74,-43.58,31,1
P001,HRTF_B,3,7.251,-37.60,-43.69,31,1
P001,HRTF_B,3,7.265,-37.50,-43.82,31,1
P001,HRTF_B,3,7.279,-37.35,-43.92,31,1
P001,HRTF_B,3,7.293,-37.32,-43.98,31,1
P001,HRTF_B,3,7.306,-37.27,-44.03,31,1
P001,HRTF_B,3,7.320,-37.20,-44.06,31,1
P001,HRTF_B,3,7.334,-37.15,-44.09,31,1
P001,HRTF_B,3,7.348,-37.09,-44.14,31,1
P001,HRTF_B,3,7.362,-37.05,-44.16,31,1
P001,HRTF_B,3,7.376,-37.02,-44.15,31,1
P001,HRTF_B,3,7.390,-37.01,-44.14,31,1
P001,HRTF_B,3,7.403,-36.96,-44.17,31,1
P001,HRTF_B,3,7.417,-36.91,-44.19,31,1
P001,HRTF_B,3,7.431,-36.88,-44.19,31,1
P001,HRTF_B,3,7.445,-36.86,-44.17,31,1
P001,HRTF_B,3,7.459,-36.82,-44.12,31,1
P001,HRTF_B,3,7.473,-36.78,-44.07,31,1
P001,HRTF_B,3,7.487,-36.74,-44.09,31,1
P001,HRTF_B,3,7.501,-36.72,-44.11,31,1
P001,HRTF_B,3,7.515,-36.68,-44.10,31,1
P001,HRTF_B,3,7.528,-36.65,-44.08,31,1
P001,HRTF_B,3,7.542,-36.63,-44.04,31,1
P001,HRTF_B,3,7.556,-36.64,-43.97,31,1
P001,HRTF_B,3,7.570,-36.63,-43.95,31,1
P001,HRTF_B,3,7.584,-36.61,-43.93,31,1
P001,HRTF_B,3,7.598,-36.59,-43.92,31,1
P001,HRTF_B,3,7.612,-36.59,-43.90,31,1
P001,HRTF_B,3,7.626,-36.58,-43.88,31,1
P001,HRTF_B,3,7.640,-36.60,-43.86,31,1
P001,HRTF_B,3,7.653,-36.59,-43.87,31,1
P001,HRTF_B,3,7.667,-36.60,-43.87,31,1
P001,HRTF_B,3,7.681,-36.60,-43.87,31,1
P001,HRTF_B,3,7.695,-36.61,-43.85,31,1
P001,HRTF_B,3,7.709,-36.62,-43.79,31,1
P001,HRTF_B,3,7.723,-36.64,-43.76,31,1
P001,HRTF_B,3,7.737,-36.64,-43.73,31,1
P001,HRTF_B,3,7.751,-36.65,-43.75,31,1
P001,HRTF_B,3,7.765,-36.66,-43.78,31,1
P001,HRTF_B,3,7.779,-36.68,-43.80,31,1
P001,HRTF_B,3,7.792,-36.70,-43.82,31,1
P001,HRTF_B,3,7.806,-36.76,-43.82,31,1
P001,HRTF_B,3,7.820,-36.82,-43.82,31,1
P001,HRTF_B,3,7.834,-36.87,-43.86,31,1
P001,HRTF_B,3,7.848,-36.93,-43.90,31,1
P001,HRTF_B,3,7.862,-37.00,-43.96,31,1
P001,HRTF_B,3,7.876,-37.06,-43.97,31,1
P001,HRTF_B,3,7.890,-37.13,-43.95,31,1
P001,HRTF_B,3,7.903,-37.19,-43.86,31,1
P001,HRTF_B,3,7.917,-37.27,-43.78,31,1
P001,HRTF_B,3,7.931,-37.34,-43.73,31,1
P001,HRTF_B,3,7.945,-37.39,-43.69,31,1
P001,HRTF_B,3,7.959,-37.42,-43.69,31,1
P001,HRTF_B,3,7.973,-37.47,-43.64,31,1
P001,HRTF_B,3,7.987,-37.50,-43.58,31,1
P001,HRTF_B,3,8.001,-37.53,-43.55,31,1
P001,HRTF_B,3,8.015,-37.55,-43.54,31,1
P001,HRTF_B,3,8.029,-37.60,-43.56,31,1
P001,HRTF_B,3,8.043,-37.61,-43.64,31,1
P001,HRTF_B,3,8.056,-37.64,-43.68,31,1
P001,HRTF_B,3,8.070,-37.70,-43.72,31,1
P001,HRTF_B,3,8.084,-37.76,-43.75,31,1
P001,HRTF_B,3,8.098,-37.83,-43.82,31,1
P001,HRTF_B,3,8.112,-37.87,-43.89,31,1
P001,HRTF_B,3,8.126,-37.94,-43.95,31,1
P001,HRTF_B,3,8.140,-38.02,-43.97,31,1
P001,HRTF_B,3,8.153,-38.12,-43.97,31,1
P001,HRTF_B,3,8.167,-38.21,-43.94,31,1
P001,HRTF_B,3,8.181,-38.30,-43.94,31,1
P001,HRTF_B,3,8.195,-38.37,-43.95,31,1
P001,HRTF_B,3,8.209,-38.41,-43.97,31,1
P001,HRTF_B,3,8.223,-38.47,-43.97,31,1
P001,HRTF_B,3,8.237,-38.54,-43.95,31,1
P001,HRTF_B,3,8.251,-38.58,-43.90,31,1
P001,HRTF_B,3,8.265,-38.62,-43.85,31,1
P001,HRTF_B,3,8.278,-38.65,-43.82,31,1
P001,HRTF_B,3,8.293,-38.70,-43.78,31,1
P001,HRTF_B,3,8.306,-38.73,-43.73,31,1
P001,HRTF_B,3,8.320,-38.79,-43.68,31,1
P001,HRTF_B,3,8.334,-38.83,-43.62,31,1
P001,HRTF_B,3,8.348,-38.84,-43.59,31,1
P001,HRTF_B,3,8.362,-38.88,-43.56,31,1
P001,HRTF_B,3,8.376,-38.91,-43.55,31,1
P001,HRTF_B,3,8.389,-38.92,-43.54,31,1
P001,HRTF_B,3,8.403,-38.93,-43.55,31,1
P001,HRTF_B,3,8.417,-38.94,-43.56,31,1
P001,HRTF_B,3,8.431,-38.97,-43.53,31,1
P001,HRTF_B,3,8.445,-39.02,-43.52,31,1
P001,HRTF_B,3,8.459,-39.06,-43.52,31,1
P001,HRTF_B,4,0.014,-19.28,-1.08,13,1
P001,HRTF_B,4,0.031,-19.27,-0.83,13,1
P001,HRTF_B,4,0.042,-19.19,-0.65,13,1
P001,HRTF_B,4,0.056,-19.01,-0.41,13,1
P001,HRTF_B,4,0.070,-18.70,-0.07,13,1
P001,HRTF_B,4,0.086,-18.33,0.32,13,1
P001,HRTF_B,4,0.098,-18.01,0.77,13,1
P001,HRTF_B,4,0.111,-17.94,1.08,13,1
P001,HRTF_B,4,0.125,-17.62,1.75,13,1
P001,HRTF_B,4,0.139,-16.96,2.11,13,1
P001,HRTF_B,4,0.153,-16.60,1.96,13,1
P001,HRTF_B,4,0.167,-16.33,1.88,13,1
P001,HRTF_B,4,0.181,-16.02,1.95,13,1
P001,HRTF_B,4,0.195,-16.47,1.93,13,1
P001,HRTF_B,4,0.209,-16.87,1.24,13,1
P001,HRTF_B,4,0.223,-16.92,1.35,13,1
P001,HRTF_B,4,0.236,-16.84,1.11,13,1
P001,HRTF_B,4,0.250,-16.79,0.92,13,1
P001,HRTF_B,4,0.264,-16.88,0.90,13,1
P001,HRTF_B,4,0.278,-16.98,0.81,13,1
P001,HRTF_B,4,0.292,-17.09,0.82,13,1
P001,HRTF_B,4,0.306,-17.22,0.87,13,1
P001,HRTF_B,4,0.319,-17.37,1.02,13,1
P001,HRTF_B,4,0.334,-17.53,1.16,13,1
P001,HRTF_B,4,0.347,-17.73,1.31,13,1
P001,HRTF_B,4,0.361,-17.98,1.29,13,1
P001,HRTF_B,4,0.375,-18.23,1.14,13,1
P001,HRTF_B,4,0.389,-18.47,0.79,13,1
P001,HRTF_B,4,0.403,-18.64,0.41,13,1
P001,HRTF_B,4,0.417,-18.80,-0.20,13,1
P001,HRTF_B,4,0.431,-19.07,-0.77,13,1
P001,HRTF_B,4,0.445,-19.34,-1.32,13,1
P001,HRTF_B,4,0.458,-19.70,-1.91,13,1
P001,HRTF_B,4,0.472,-20.05,-2.48,13,1
P001,HRTF_B,4,0.486,-20.34,-3.09,13,1
P001,HRTF_B,4,0.500,-20.65,-3.71,13,1
P001,HRTF_B,4,0.514,-20.98,-4.38,13,1
P001,HRTF_B,4,0.528,-21.33,-5.06,13,1
P001,HRTF_B,4,0.542,-21.61,-5.77,13,1
P001,HRTF_B,4,0.555,-21.90,-6.42,13,1
P001,HRTF_B,4,0.569,-22.22,-7.09,13,1
P001,HRTF_B,4,0.583,-22.58,-7.68,13,1
P001,HRTF_B,4,0.598,-22.93,-8.30,13,1
P001,HRTF_B,4,0.611,-23.30,-8.91,13,1
P001,HRTF_B,4,0.625,-23.66,-9.50,13,1
P001,HRTF_B,4,0.639,-24.03,-10.12,13,1
P001,HRTF_B,4,0.653,-24.52,-10.75,13,1
P001,HRTF_B,4,0.667,-25.07,-11.39,13,1
P001,HRTF_B,4,0.681,-25.58,-12.03,13,1
P001,HRTF_B,4,0.694,-26.13,-12.64,13,1
P001,HRTF_B,4,0.708,-26.70,-13.26,13,1
P001,HRTF_B,4,0.722,-27.42,-13.88,13,1
P001,HRTF_B,4,0.737,-28.18,-14.58,13,1
P001,HRTF_B,4,0.750,-28.90,-15.22,13,1
P001,HRTF_B,4,0.764,-29.54,-15.86,13,1
P001,HRTF_B,4,0.778,-30.18,-16.45,13,1
P001,HRTF_B,4,0.792,-30.91,-16.97,13,1
P001,HRTF_B,4,0.805,-31.67,-17.37,13,1
P001,HRTF_B,4,0.819,-32.40,-17.78,13,1
P001,HRTF_B,4,0.833,-33.07,-18.16,13,1
P001,HRTF_B,4,0.847,-33.68,-18.43,13,1
P001,HRTF_B,4,0.861,-34.20,-18.64,13,1
P001,HRTF_B,4,0.875,-34.76,-18.81,13,1
P001,HRTF_B,4,0.889,-35.39,-18.95,13,1
P001,HRTF_B,4,0.903,-36.04,-19.11,13,1
P001,HRTF_B,4,0.917,-36.62,-19.24,13,1
P001,HRTF_B,4,0.931,-37.20,-19.35,13,1
P001,HRTF_B,4,0.945,-37.82,-19.44,13,1
P001,HRTF_B,4,0.959,-38.55,-19.60,13,1
P001,HRTF_B,4,0.972,-39.31,-19.73,13,1
P001,HRTF_B,4,0.986,-40.06,-19.77,13,1
P001,HRTF_B,4,1.000,-40.79,-19.72,13,1
P001,HRTF_B,4,1.014,-41.50,-19.58,13,1
P001,HRTF_B,4,1.028,-42.20,-19.41,13,1
P001,HRTF_B,4,1.041,-42.95,-19.16,13,1
P001,HRTF_B,4,1.055,-43.81,-18.89,13,1
P001,HRTF_B,4,1.069,-44.76,-18.64,13,1
P001,HRTF_B,4,1.083,-45.84,-18.46,13,1
P001,HRTF_B,4,1.097,-46.86,-18.39,13,1
P001,HRTF_B,4,1.111,-47.85,-18.47,13,1
P001,HRTF_B,4,1.125,-48.83,-18.65,13,1
P001,HRTF_B,4,1.139,-49.75,-18.85,13,1
P001,HRTF_B,4,1.153,-50.64,-18.99,13,1
P001,HRTF_B,4,1.167,-51.44,-19.13,13,1
P001,HRTF_B,4,1.181,-52.19,-19.22,13,1
P001,HRTF_B,4,1.195,-52.97,-19.26,13,1
P001,HRTF_B,4,1.208,-53.81,-19.25,13,1
P001,HRTF_B,4,1.222,-54.58,-19.23,13,1
P001,HRTF_B,4,1.236,-55.27,-19.18,13,1
P001,HRTF_B,4,1.250,-56.06,-19.12,13,1
P001,HRTF_B,4,1.264,-56.88,-19.15,13,1
P001,HRTF_B,4,1.278,-57.80,-19.16,13,1
P001,HRTF_B,4,1.292,-58.90,-19.20,13,1
P001,HRTF_B,4,1.306,-59.95,-19.28,13,1
P001,HRTF_B,4,1.319,-60.99,-19.34,13,1
P001,HRTF_B,4,1.333,-62.01,-19.44,13,1
P001,HRTF_B,4,1.347,-63.14,-19.54,13,1
P001,HRTF_B,4,1.361,-64.25,-19.71,13,1
P001,HRTF_B,4,1.375,-65.41,-19.90,13,1
P001,HRTF_B,4,1.389,-66.56,-20.09,13,1
P001,HRTF_B,4,1.403,-67.72,-20.30,13,1
P001,HRTF_B,4,1.417,-68.98,-20.48,13,1
P001,HRTF_B,4,1.431,-70.32,-20.67,13,1
P001,HRTF_B,4,1.445,-71.68,-20.78,13,1
P001,HRTF_B,4,1.458,-72.93,-20.84,13,1
P001,HRTF_B,4,1.472,-74.15,-20.88,13,1
P001,HRTF_B,4,1.486,-75.42,-20.85,13,1
P001,HRTF_B,4,1.500,-76.65,-20.80,13,1
P001,HRTF_B,4,1.514,-77.81,-20.73,13,1
P001,HRTF_B,4,1.528,-78.89,-20.63,13,1
P001,HRTF_B,4,1.542,-79.98,-20.49,13,1
P001,HRTF_B,4,1.556,-81.04,-20.34,13,1
P001,HRTF_B,4,1.569,-82.02,-20.14,13,1
P001,HRTF_B,4,1.583,-83.03,-20.00,13,1
P001,HRTF_B,4,1.597,-83.97,-19.93,13,1
P001,HRTF_B,4,1.611,-84.87,-19.92,13,1
P001,HRTF_B,4,1.625,-85.65,-20.01,13,1
P001,HRTF_B,4,1.639,-86.25,-20.29,13,1
P001,HRTF_B,4,1.653,-86.70,-20.79,13,1
P001,HRTF_B,4,1.667,-87.03,-21.39,13,1
P001,HRTF_B,4,1.681,-87.20,-22.13,13,1
P001,HRTF_B,4,1.695,-87.28,-22.83,13,1
P001,HRTF_B,4,1.708,-87.11,-23.58,13,1
P001,HRTF_B,4,1.722,-87.09,-24.26,13,1
P001,HRTF_B,4,1.736,-87.06,-24.92,13,1
P001,HRTF_B,4,1.750,-87.07,-25.58,13,1
P001,HRTF_B,4,1.764,-87.02,-26.21,13,1
P001,HRTF_B,4,1.778,-86.99,-26.77,13,1
P001,HRTF_B,4,1.792,-87.00,-27.34,13,1
P001,HRTF_B,4,1.806,-87.13,-27.86,13,1
P001,HRTF_B,4,1.820,-87.45,-28.35,13,1
P001,HRTF_B,4,1.833,-87.70,-28.91,13,1
P001,HRTF_B,4,1.847,-87.83,-29.52,13,1
P001,HRTF_B,4,1.861,-87.97,-30.15,13,1
P001,HRTF_B,4,1.875,-88.01,-30.85,13,1
P001,HRTF_B,4,1.889,-87.74,-31.73,13,1
P001,HRTF_B,4,1.903,-87.23,-32.76,13,1
P001,HRTF_B,4,1.917,-86.46,-33.91,13,1
P001,HRTF_B,4,1.931,-85.60,-35.03,13,1
P001,HRTF_B,4,1.945,-84.63,-36.09,13,1
P001,HRTF_B,4,1.958,-83.68,-36.99,13,1
P001,HRTF_B,4,1.972,-82.64,-37.78,13,1
P001,HRTF_B,4,1.986,-81.45,-38.51,13,1
P001,HRTF_B,4,2.000,-80.22,-39.26,13,1
P001,HRTF_B,4,2.014,-78.97,-40.03,13,1
P001,HRTF_B,4,2.028,-77.63,-40.82,13,1
P001,HRTF_B,4,2.042,-76.23,-41.47,13,1
P001,HRTF_B,4,2.056,-74.88,-42.09,13,1
P001,HRTF_B,4,2.070,-73.36,-42.68,13,1
P001,HRTF_B,4,2.083,-71.82,-43.11,13,1
P001,HRTF_B,4,2.097,-70.10,-43.57,13,1
P001,HRTF_B,4,2.111,-68.18,-44.06,13,1
P001,HRTF_B,4,2.125,-66.11,-44.37,13,1
P001,HRTF_B,4,2.139,-63.98,-44.60,13,1
P001,HRTF_B,4,2.153,-61.80,-44.71,13,1
P001,HRTF_B,4,2.167,-59.60,-44.79,13,1
P001,HRTF_B,4,2.181,-57.32,-44.85,13,1
P001,HRTF_B,4,2.195,-54.73,-44.59,13,1
P001,HRTF_B,4,2.209,-52.30,-44.60,13,1
P001,HRTF_B,4,2.222,-50.04,-44.45,13,1
P001,HRTF_B,4,2.236,-47.52,-44.16,13,1
P001,HRTF_B,4,2.250,-45.14,-43.92,13,1
P001,HRTF_B,4,2.264,-42.69,-43.72,13,1
P001,HRTF_B,4,2.278,-40.17,-43.43,13,1
P001,HRTF_B,4,2.292,-37.66,-43.11,13,1
P001,HRTF_B,4,2.305,-35.34,-42.75,13,1
P001,HRTF_B,4,2.319,-33.02,-42.39,13,1
P001,HRTF_B,4,2.333,-30.61,-41.99,13,1
P001,HRTF_B,4,2.347,-28.10,-41.46,13,1
P001,HRTF_B,4,2.361,-25.56,-41.04,13,1
P001,HRTF_B,4,2.375,-23.10,-40.65,13,1
P001,HRTF_B,4,2.389,-20.68,-40.36,13,1
P001,HRTF_B,4,2.403,-18.18,-39.92,13,1
P001,HRTF_B,4,2.417,-15.68,-39.44,13,1
P001,HRTF_B,4,2.431,-13.30,-38.84,13,1
P001,HRTF_B,4,2.444,-10.96,-38.33,13,1
P001,HRTF_B,4,2.458,-8.66,-37.88,13,1
P001,HRTF_B,4,2.472,-6.28,-37.41,13,1
P001,HRTF_B,4,2.486,-3.88,-36.89,13,1
P001,HRTF_B,4,2.500,-1.67,-36.30,13,1
P001,HRTF_B,4,2.514,0.48,-35.74,13,1
P001,HRTF_B,4,2.528,2.61,-35.19,13,1
P001,HRTF_B,4,2.542,4.80,-34.61,13,1
P001,HRTF_B,4,2.555,6.88,-34.04,13,1
P001,HRTF_B,4,2.570,8.85,-33.47,13,1
P001,HRTF_B,4,2.583,10.79,-32.96,13,1
P001,HRTF_B,4,2.597,12.79,-32.45,13,1
P001,HRTF_B,4,2.611,14.77,-31.91,13,1
P001,HRTF_B,4,2.625,16.72,-31.42,13,1
P001,HRTF_B,4,2.639,18.66,-30.88,13,1
P001,HRTF_B,4,2.653,20.63,-30.32,13,1
P001,HRTF_B,4,2.667,22.66,-29.73,13,1
P001,HRTF_B,4,2.681,24.66,-29.10,13,1
P001,HRTF_B,4,2.694,26.61,-28.43,13,1
P001,HRTF_B,4,2.708,28.59,-27.65,13,1
P001,HRTF_B,4,2.723,30.56,-26.84,13,1
P001,HRTF_B,4,2.736,32.48,-25.93,13,1
P001,HRTF_B,4,2.750,34.36,-24.94,13,1
P001,HRTF_B,4,2.764,36.17,-23.86,13,1
P001,HRTF_B,4,2.778,37.90,-22.79,13,1
P001,HRTF_B,4,2.792,39.49,-21.57,13,1
P001,HRTF_B,4,2.806,40.97,-20.35,13,1
P001,HRTF_B,4,2.820,42.32,-19.11,13,1
P001,HRTF_B,4,2.833,43.38,-17.77,13,1
P001,HRTF_B,4,2.847,44.05,-16.53,13,1
P001,HRTF_B,4,2.861,44.95,-15.44,13,1
P001,HRTF_B,4,2.875,45.36,-14.64,13,1
P001,HRTF_B,4,2.889,45.72,-13.96,13,1
P001,HRTF_B,4,2.903,45.77,-13.43,13,1
P001,HRTF_B,4,2.917,45.77,-13.08,13,1
P001,HRTF_B,4,2.931,45.51,-12.95,13,1
P001,HRTF_B,4,2.945,45.19,-12.84,13,1
P001,HRTF_B,4,2.958,44.81,-12.72,13,1
P001,HRTF_B,4,2.972,44.18,-12.62,13,1
P001,HRTF_B,4,2.986,43.21,-12.42,13,1
P001,HRTF_B,4,3.000,42.27,-12.14,13,1
P001,HRTF_B,4,3.014,41.09,-11.77,13,1
P001,HRTF_B,4,3.028,39.69,-11.33,13,1
P001,HRTF_B,4,3.042,38.32,-10.92,13,1
P001,HRTF_B,4,3.057,36.53,-10.36,13,1
P001,HRTF_B,4,3.071,34.65,-9.89,13,1
P001,HRTF_B,4,3.084,32.75,-9.43,13,1
P001,HRTF_B,4,3.098,30.72,-8.98,13,1
P001,HRTF_B,4,3.112,28.79,-8.58,13,1
P001,HRTF_B,4,3.125,26.83,-8.22,13,1
P001,HRTF_B,4,3.139,24.82,-7.82,13,1
P001,HRTF_B,4,3.153,22.78,-7.38,13,1
P001,HRTF_B,4,3.167,20.79,-6.93,13,1
P001,HRTF_B,4,3.181,18.89,-6.55,13,1
P001,HRTF_B,4,3.195,17.14,-6.13,13,1
P001,HRTF_B,4,3.208,15.44,-5.68,13,1
P001,HRTF_B,4,3.222,13.75,-5.20,13,1
P001,HRTF_B,4,3.236,12.18,-4.68,13,1
P001,HRTF_B,4,3.250,10.83,-4.18,13,1
P001,HRTF_B,4,3.264,9.82,-3.83,13,1
P001,HRTF_B,4,3.278,8.91,-3.50,13,1
P001,HRTF_B,4,3.291,8.35,-3.26,13,1
P001,HRTF_B,4,3.305,7.68,-2.96,13,1
P001,HRTF_B,4,3.319,7.16,-2.65,13,1
P001,HRTF_B,4,3.333,6.65,-2.33,13,1
P001,HRTF_B,4,3.347,6.19,-2.08,13,1
P001,HRTF_B,4,3.361,5.76,-1.81,13,1
P001,HRTF_B,4,3.375,5.60,-1.62,13,1
P001,HRTF_B,4,3.389,5.38,-1.44,13,1
P001,HRTF_B,4,3.403,5.24,-1.26,13,1
P001,HRTF_B,4,3.417,5.12,-1.14,13,1
P001,HRTF_B,4,3.430,5.06,-1.03,13,1
P001,HRTF_B,4,3.444,5.02,-0.92,13,1
P001,HRTF_B,4,3.458,5.04,-0.80,13,1
P001,HRTF_B,4,3.472,5.09,-0.64,13,1
P001,HRTF_B,4,3.486,5.12,-0.48,13,1
P001,HRTF_B,4,3.500,5.20,-0.38,13,1
P001,HRTF_B,4,3.514,5.25,-0.34,13,1
P001,HRTF_B,4,3.528,5.32,-0.35,13,1
P001,HRTF_B,4,3.542,5.36,-0.34,13,1
P001,HRTF_B,4,3.556,5.41,-0.37,13,1
P001,HRTF_B,4,3.569,5.47,-0.38,13,1
P001,HRTF_B,4,3.583,5.53,-0.39,13,1
P001,HRTF_B,4,3.597,5.58,-0.41,13,1
P001,HRTF_B,4,3.611,5.62,-0.45,13,1
P001,HRTF_B,4,3.625,5.64,-0.50,13,1
P001,HRTF_B,4,3.639,5.69,-0.54,13,1
P001,HRTF_B,4,3.653,5.71,-0.58,13,1
P001,HRTF_B,4,3.667,5.73,-0.59,13,1
P001,HRTF_B,4,3.680,5.74,-0.58,13,1
P001,HRTF_B,4,3.694,5.74,-0.58,13,1
P001,HRTF_B,4,3.708,5.74,-0.55,13,1
P001,HRTF_B,4,3.722,5.76,-0.49,13,1
P001,HRTF_B,4,3.736,5.76,-0.40,13,1
P001,HRTF_B,4,3.750,5.77,-0.28,13,1
P001,HRTF_B,4,3.764,5.79,-0.12,13,1
P001,HRTF_B,4,3.778,5.85,0.02,13,1
P001,HRTF_B,4,3.792,6.07,0.15,13,1
P001,HRTF_B,4,3.806,6.37,0.25,13,1
P001,HRTF_B,4,3.819,6.97,0.32,13,1
P001,HRTF_B,4,3.833,7.76,0.37,13,1
P001,HRTF_B,4,3.847,9.09,0.37,13,1
P001,HRTF_B,4,3.861,10.49,0.42,13,1
P001,HRTF_B,4,3.875,12.31,0.39,13,1
P001,HRTF_B,4,3.889,14.65,0.33,13,1
P001,HRTF_B,4,3.903,17.04,0.32,13,1
P001,HRTF_B,4,3.917,19.74,0.37,13,1
P001,HRTF_B,4,3.931,22.33,0.42,13,1
P001,HRTF_B,4,3.944,24.93,0.49,13,1
P001,HRTF_B,4,3.958,27.77,0.56,13,1
P001,HRTF_B,4,3.972,30.48,0.66,13,1
P001,HRTF_B,4,3.986,33.14,0.75,13,1
P001,HRTF_B,4,4.000,35.77,0.93,13,1
P001,HRTF_B,4,4.014,38.30,1.08,13,1
P001,HRTF_B,4,4.028,40.74,1.14,13,1
P001,HRTF_B,4,4.042,43.11,1.25,13,1
P001,HRTF_B,4,4.055,45.43,1.35,13,1
P001,HRTF_B,4,4.069,47.56,1.54,13,1
P001,HRTF_B,4,4.083,49.67,1.76,13,1
P001,HRTF_B,4,4.097,51.64,2.16,13,1
P001,HRTF_B,4,4.111,53.56,2.56,13,1
P001,HRTF_B,4,4.125,55.36,3.05,13,1
P001,HRTF_B,4,4.139,57.21,3.49,13,1
P001,HRTF_B,4,4.153,58.84,4.14,13,1
P001,HRTF_B,4,4.167,60.44,4.75,13,1
P001,HRTF_B,4,4.181,61.88,5.51,13,1
P001,HRTF_B,4,4.195,63.38,6.22,13,1
P001,HRTF_B,4,4.208,64.68,6.96,13,1
P001,HRTF_B,4,4.222,66.05,7.67,13,1
P001,HRTF_B,4,4.236,67.25,8.35,13,1
P001,HRTF_B,4,4.250,68.41,9.08,13,1
P001,HRTF_B,4,4.264,69.47,9.81,13,1
P001,HRTF_B,4,4.278,70.51,10.57,13,1
P001,HRTF_B,4,4.292,71.61,11.32,13,1
P001,HRTF_B,4,4.306,72.62,12.03,13,1
P001,HRTF_B,4,4.320,73.66,12.75,13,1
P001,HRTF_B,4,4.333,74.66,13.49,13,1
P001,HRTF_B,4,4.347,75.65,14.29,13,1
P001,HRTF_B,4,4.361,76.68,15.07,13,1
P001,HRTF_B,4,4.375,77.61,15.93,13,1
P001,HRTF_B,4,4.389,78.54,16.72,13,1
P001,HRTF_B,4,4.403,79.42,17.46,13,1
P001,HRTF_B,4,4.417,80.25,18.21,13,1
P001,HRTF_B,4,4.430,81.06,19.03,13,1
P001,HRTF_B,4,4.444,81.89,19.85,13,1
P001,HRTF_B,4,4.458,82.78,20.58,13,1
P001,HRTF_B,4,4.472,83.73,21.25,13,1
P001,HRTF_B,4,4.486,84.76,21.83,13,1
P001,HRTF_B,4,4.500,85.76,22.47,13,1
P001,HRTF_B,4,4.514,86.72,23.12,13,1
P001,HRTF_B,4,4.528,87.82,23.74,13,1
P001,HRTF_B,4,4.542,89.04,24.36,13,1
P001,HRTF_B,4,4.556,90.13,24.93,13,1
P001,HRTF_B,4,4.570,91.39,25.54,13,1
P001,HRTF_B,4,4.583,92.55,26.04,13,1
P001,HRTF_B,4,4.597,93.81,26.41,13,1
P001,HRTF_B,4,4.611,95.04,26.84,13,1
P001,HRTF_B,4,4.625,96.16,27.18,13,1
P001,HRTF_B,4,4.639,97.44,27.46,13,1
P001,HRTF_B,4,4.653,98.59,27.80,13,1
P001,HRTF_B,4,4.667,99.71,28.16,13,1
P001,HRTF_B,4,4.680,100.80,28.38,13,1
P001,HRTF_B,4,4.694,101.87,28.66,13,1
P001,HRTF_B,4,4.708,102.87,28.84,13,1
P001,HRTF_B,4,4.722,103.91,29.03,13,1
P001,HRTF_B,4,4.736,104.84,29.21,13,1
P001,HRTF_B,4,4.750,105.86,29.36,13,1
P001,HRTF_B,4,4.764,106.92,29.46,13,1
P001,HRTF_B,4,4.778,107.81,29.54,13,1
P001,HRTF_B,4,4.792,108.76,29.50,13,1
P001,HRTF_B,4,4.806,109.59,29.48,13,1
P001,HRTF_B,4,4.819,110.47,29.41,13,1
P001,HRTF_B,4,4.833,111.36,29.29,13,1
P001,HRTF_B,4,4.847,112.18,29.17,13,1
P001,HRTF_B,4,4.861,113.00,29.04,13,1
P001,HRTF_B,4,4.875,113.72,28.78,13,1
P001,HRTF_B,4,4.889,114.42,28.32,13,1
P001,HRTF_B,4,4.903,115.09,27.72,13,1
P001,HRTF_B,4,4.917,115.77,26.98,13,1
P001,HRTF_B,4,4.930,116.34,25.93,13,1
P001,HRTF_B,4,4.944,116.92,24.87,13,1
P001,HRTF_B,4,4.958,117.52,23.85,13,1
P001,HRTF_B,4,4.972,118.04,22.69,13,1
P001,HRTF_B,4,4.986,118.54,21.58,13,1
P001,HRTF_B,4,5.000,119.03,20.60,13,1
P001,HRTF_B,4,5.014,119.42,19.74,13,1
P001,HRTF_B,4,5.028,119.83,19.00,13,1
P001,HRTF_B,4,5.041,120.15,18.43,13,1
P001,HRTF_B,4,5.055,120.48,17.81,13,1
P001,HRTF_B,4,5.069,120.72,17.26,13,1
P001,HRTF_B,4,5.083,120.98,16.67,13,1
P001,HRTF_B,4,5.097,121.17,16.18,13,1
P001,HRTF_B,4,5.111,121.40,15.69,13,1
P001,HRTF_B,4,5.125,121.63,15.26,13,1
P001,HRTF_B,4,5.139,121.82,14.90,13,1
P001,HRTF_B,4,5.152,121.98,14.51,13,1
P001,HRTF_B,4,5.166,122.18,14.16,13,1
P001,HRTF_B,4,5.180,122.44,13.82,13,1
P001,HRTF_B,4,5.194,122.69,13.44,13,1
P001,HRTF_B,4,5.208,122.93,13.14,13,1
P001,HRTF_B,4,5.222,123.08,12.86,13,1
P001,HRTF_B,4,5.236,123.22,12.61,13,1
P001,HRTF_B,4,5.250,123.29,12.35,13,1
P001,HRTF_B,4,5.264,123.37,12.12,13,1
P001,HRTF_B,4,5.277,123.35,11.94,13,1
P001,HRTF_B,4,5.291,123.38,11.70,13,1
P001,HRTF_B,4,5.305,123.32,11.50,13,1
P001,HRTF_B,4,5.319,123.27,11.26,13,1
P001,HRTF_B,4,5.333,123.24,11.10,13,1
P001,HRTF_B,4,5.347,123.26,10.93,13,1
P001,HRTF_B,4,5.361,123.30,10.83,13,1
P001,HRTF_B,4,5.375,123.40,10.77,13,1
P001,HRTF_B,4,5.389,123.50,10.66,13,1
P001,HRTF_B,4,5.402,123.64,10.52,13,1
P001,HRTF_B,4,5.417,123.81,10.34,13,1
P001,HRTF_B,4,5.430,123.98,10.15,13,1
P001,HRTF_B,4,5.444,124.17,9.89,13,1
P001,HRTF_B,4,5.458,124.34,9.53,13,1
P001,HRTF_B,4,5.472,124.49,9.20,13,1
P001,HRTF_B,4,5.486,124.59,8.75,13,1
P001,HRTF_B,4,5.500,124.72,8.31,13,1
P001,HRTF_B,4,5.514,124.80,7.91,13,1
P001,HRTF_B,4,5.528,124.85,7.46,13,1
P001,HRTF_B,4,5.541,124.82,7.09,13,1
P001,HRTF_B,4,5.555,124.76,6.72,13,1
P001,HRTF_B,4,5.569,124.68,6.33,13,1
P001,HRTF_B,4,5.583,124.55,5.92,13,1
P001,HRTF_B,4,5.597,124.41,5.52,13,1
P001,HRTF_B,4,5.611,124.25,5.14,13,1
P001,HRTF_B,4,5.625,124.03,4.81,13,1
P001,HRTF_B,4,5.639,123.78,4.50,13,1
P001,HRTF_B,5,0.014,-12.95,-1.50,23,1
P001,HRTF_B,5,0.031,-13.33,-1.40,23,1
P001,HRTF_B,5,0.045,-13.70,-1.31,23,1
P001,HRTF_B,5,0.056,-14.06,-1.25,23,1
P001,HRTF_B,5,0.070,-14.47,-1.19,23,1
P001,HRTF_B,5,0.083,-14.84,-1.12,23,1
P001,HRTF_B,5,0.097,-15.23,-1.04,23,1
P001,HRTF_B,5,0.111,-15.60,-0.98,23,1
P001,HRTF_B,5,0.125,-15.97,-0.94,23,1
P001,HRTF_B,5,0.139,-16.31,-0.87,23,1
P001,HRTF_B,5,0.153,-16.65,-0.83,23,1
P001,HRTF_B,5,0.167,-17.01,-0.81,23,1
P001,HRTF_B,5,0.181,-17.34,-0.76,23,1
P001,HRTF_B,5,0.195,-17.68,-0.72,23,1
P001,HRTF_B,5,0.209,-18.02,-0.73,23,1
P001,HRTF_B,5,0.222,-18.31,-0.78,23,1
P001,HRTF_B,5,0.236,-18.57,-0.84,23,1
P001,HRTF_B,5,0.250,-18.83,-0.93,23,1
P001,HRTF_B,5,0.264,-19.12,-0.98,23,1
P001,HRTF_B,5,0.278,-19.38,-1.05,23,1
P001,HRTF_B,5,0.292,-19.66,-1.09,23,1
P001,HRTF_B,5,0.306,-19.94,-1.19,23,1
P001,HRTF_B,5,0.319,-20.25,-1.32,23,1
P001,HRTF_B,5,0.333,-20.57,-1.50,23,1
P001,HRTF_B,5,0.348,-20.94,-1.76,23,1
P001,HRTF_B,5,0.361,-21.32,-2.07,23,1
P001,HRTF_B,5,0.375,-21.74,-2.45,23,1
P001,HRTF_B,5,0.389,-22.19,-2.85,23,1
P001,HRTF_B,5,0.403,-22.60,-3.19,23,1
P001,HRTF_B,5,0.417,-23.02,-3.55,23,1
P001,HRTF_B,5,0.430,-23.42,-3.97,23,1
P001,HRTF_B,5,0.444,-23.85,-4.39,23,1
P001,HRTF_B,5,0.458,-24.27,-4.88,23,1
P001,HRTF_B,5,0.472,-24.70,-5.41,23,1
P001,HRTF_B,5,0.486,-25.05,-5.92,23,1
P001,HRTF_B,5,0.500,-25.34,-6.43,23,1
P001,HRTF_B,5,0.514,-25.61,-6.92,23,1
P001,HRTF_B,5,0.528,-25.84,-7.37,23,1
P001,HRTF_B,5,0.542,-26.01,-7.80,23,1
P001,HRTF_B,5,0.555,-26.20,-8.22,23,1
P001,HRTF_B,5,0.569,-26.39,-8.61,23,1
P001,HRTF_B,5,0.583,-26.61,-8.99,23,1
P001,HRTF_B,5,0.597,-26.84,-9.33,23,1
P001,HRTF_B,5,0.611,-27.07,-9.66,23,1
P001,HRTF_B,5,0.625,-27.35,-9.96,23,1
P001,HRTF_B,5,0.639,-27.65,-10.27,23,1
P001,HRTF_B,5,0.653,-28.03,-10.52,23,1
P001,HRTF_B,5,0.667,-28.36,-10.67,23,1
P001,HRTF_B,5,0.681,-28.73,-10.81,23,1
P001,HRTF_B,5,0.694,-29.14,-10.87,23,1
P001,HRTF_B,5,0.708,-29.58,-10.93,23,1
P001,HRTF_B,5,0.722,-29.99,-11.00,23,1
P001,HRTF_B,5,0.736,-30.33,-11.12,23,1
P001,HRTF_B,5,0.750,-30.59,-11.34,23,1
P001,HRTF_B,5,0.764,-30.80,-11.63,23,1
P001,HRTF_B,5,0.778,-30.96,-11.88,23,1
P001,HRTF_B,5,0.792,-31.05,-12.24,23,1
P001,HRTF_B,5,0.806,-31.05,-12.60,23,1
P001,HRTF_B,5,0.820,-30.84,-12.99,23,1
P001,HRTF_B,5,0.833,-30.64,-13.42,23,1
P001,HRTF_B,5,0.847,-30.06,-13.92,23,1
P001,HRTF_B,5,0.861,-29.20,-14.41,23,1
P001,HRTF_B,5,0.875,-28.09,-14.93,23,1
P001,HRTF_B,5,0.889,-26.64,-15.50,23,1
P001,HRTF_B,5,0.903,-25.19,-16.00,23,1
P001,HRTF_B,5,0.917,-23.73,-16.34,23,1
P001,HRTF_B,5,0.930,-22.19,-16.57,23,1
P001,HRTF_B,5,0.945,-20.67,-16.52,23,1
P001,HRTF_B,5,0.958,-19.19,-16.47,23,1
P001,HRTF_B,5,0.972,-17.70,-16.29,23,1
P001,HRTF_B,5,0.986,-16.25,-15.92,23,1
P001,HRTF_B,5,1.000,-14.82,-15.71,23,1
P001,HRTF_B,5,1.014,-13.39,-15.61,23,1
P001,HRTF_B,5,1.028,-11.99,-15.55,23,1
P001,HRTF_B,5,1.042,-10.60,-15.53,23,1
P001,HRTF_B,5,1.056,-9.25,-15.48,23,1
P001,HRTF_B,5,1.069,-8.04,-15.52,23,1
P001,HRTF_B,5,1.083,-6.99,-15.62,23,1
P001,HRTF_B,5,1.097,-6.18,-15.73,23,1
P001,HRTF_B,5,1.111,-5.39,-15.77,23,1
P001,HRTF_B,5,1.125,-4.73,-15.83,23,1
P001,HRTF_B,5,1.139,-4.22,-15.78,23,1
P001,HRTF_B,5,1.153,-3.71,-15.72,23,1
P001,HRTF_B,5,1.167,-3.32,-15.64,23,1
P001,HRTF_B,5,1.181,-2.93,-15.51,23,1
P001,HRTF_B,5,1.195,-2.54,-15.36,23,1
P001,HRTF_B,5,1.208,-2.23,-15.17,23,1
P001,HRTF_B,5,1.222,-1.89,-14.99,23,1
P001,HRTF_B,5,1.236,-1.60,-14.76,23,1
P001,HRTF_B,5,1.250,-1.31,-14.59,23,1
P001,HRTF_B,5,1.264,-1.09,-14.44,23,1
P001,HRTF_B,5,1.278,-0.90,-14.35,23,1
P001,HRTF_B,5,1.292,-0.71,-14.22,23,1
P001,HRTF_B,5,1.305,-0.56,-14.10,23,1
P001,HRTF_B,5,1.319,-0.39,-14.00,23,1
P001,HRTF_B,5,1.333,-0.25,-13.91,23,1
P001,HRTF_B,5,1.347,-0.17,-13.86,23,1
P001,HRTF_B,5,1.361,-0.08,-13.86,23,1
P001,HRTF_B,5,1.375,-0.03,-13.89,23,1
P001,HRTF_B,5,1.389,0.05,-13.88,23,1
P001,HRTF_B,5,1.402,0.11,-13.91,23,1
P001,HRTF_B,5,1.417,0.17,-13.96,23,1
P001,HRTF_B,5,1.430,0.23,-14.06,23,1
P001,HRTF_B,5,1.444,0.30,-14.17,23,1
P001,HRTF_B,5,1.458,0.39,-14.31,23,1
P001,HRTF_B,5,1.472,0.48,-14.43,23,1
P001,HRTF_B,5,1.486,0.59,-14.57,23,1
P001,HRTF_B,5,1.500,0.71,-14.75,23,1
P001,HRTF_B,5,1.514,0.85,-15.00,23,1
P001,HRTF_B,5,1.528,1.01,-15.23,23,1
P001,HRTF_B,5,1.541,1.23,-15.47,23,1
P001,HRTF_B,5,1.555,1.46,-15.71,23,1
P001,HRTF_B,5,1.569,1.68,-15.92,23,1
P001,HRTF_B,5,1.583,1.92,-16.14,23,1
P001,HRTF_B,5,1.597,2.17,-16.34,23,1
P001,HRTF_B,5,1.611,2.41,-16.52,23,1
P001,HRTF_B,5,1.625,2.65,-16.68,23,1
P001,HRTF_B,5,1.639,2.91,-16.78,23,1
P001,HRTF_B,5,1.652,3.09,-16.83,23,1
P001,HRTF_B,5,1.666,3.30,-16.90,23,1
P001,HRTF_B,5,1.680,3.49,-16.88,23,1
P001,HRTF_B,5,1.695,3.68,-16.90,23,1
P001,HRTF_B,5,1.708,3.87,-16.91,23,1
P001,HRTF_B,5,1.722,4.04,-16.91,23,1
P001,HRTF_B,5,1.736,4.22,-16.91,23,1
P001,HRTF_B,5,1.750,4.39,-16.92,23,1
P001,HRTF_B,5,1.764,4.56,-16.94,23,1
P001,HRTF_B,5,1.777,4.71,-16.99,23,1
P001,HRTF_B,5,1.791,4.85,-17.04,23,1
P001,HRTF_B,5,1.805,5.01,-17.11,23,1
P001,HRTF_B,5,1.819,5.16,-17.16,23,1
P001,HRTF_B,5,1.833,5.32,-17.21,23,1
P001,HRTF_B,5,1.847,5.45,-17.23,23,1
P001,HRTF_B,5,1.861,5.59,-17.22,23,1
P001,HRTF_B,5,1.875,5.72,-17.21,23,1
P001,HRTF_B,5,1.889,5.85,-17.15,23,1
P001,HRTF_B,5,1.902,5.99,-17.12,23,1
P001,HRTF_B,5,1.916,6.14,-17.03,23,1
P001,HRTF_B,5,1.930,6.29,-16.93,23,1
P001,HRTF_B,5,1.944,6.45,-16.86,23,1
P001,HRTF_B,5,1.958,6.60,-16.80,23,1
P001,HRTF_B,5,1.972,6.76,-16.73,23,1
P001,HRTF_B,5,1.986,6.91,-16.65,23,1
P001,HRTF_B,5,2.000,7.06,-16.59,23,1
P001,HRTF_B,5,2.014,7.21,-16.51,23,1
P001,HRTF_B,5,2.027,7.36,-16.47,23,1
P001,HRTF_B,5,2.041,7.52,-16.44,23,1
P001,HRTF_B,5,2.055,7.67,-16.42,23,1
P001,HRTF_B,5,2.069,7.84,-16.40,23,1
P001,HRTF_B,5,2.083,7.99,-16.37,23,1
P001,HRTF_B,5,2.097,8.18,-16.37,23,1
P001,HRTF_B,5,2.111,8.37,-16.36,23,1
P001,HRTF_B,5,2.125,8.58,-16.36,23,1
P001,HRTF_B,5,2.139,8.79,-16.38,23,1
P001,HRTF_B,5,2.153,9.01,-16.38,23,1
P001,HRTF_B,5,2.167,9.22,-16.40,23,1
P001,HRTF_B,5,2.180,9.46,-16.41,23,1
P001,HRTF_B,5,2.194,9.69,-16.43,23,1
P001,HRTF_B,5,2.208,9.93,-16.43,23,1
P001,HRTF_B,5,2.222,10.18,-16.44,23,1
P001,HRTF_B,5,2.236,10.41,-16.44,23,1
P001,HRTF_B,5,2.250,10.64,-16.43,23,1
P001,HRTF_B,5,2.264,10.89,-16.44,23,1
P001,HRTF_B,5,2.278,11.10,-16.45,23,1
P001,HRTF_B,5,2.292,11.32,-16.44,23,1
P001,HRTF_B,5,2.305,11.55,-16.46,23,1
P001,HRTF_B,5,2.319,11.80,-16.45,23,1
P001,HRTF_B,5,2.333,12.03,-16.44,23,1
P001,HRTF_B,5,2.347,12.25,-16.40,23,1
P001,HRTF_B,5,2.361,12.44,-16.34,23,1
P001,HRTF_B,5,2.375,12.62,-16.29,23,1
P001,HRTF_B,5,2.389,12.77,-16.22,23,1
P001,HRTF_B,5,2.402,12.93,-16.16,23,1
P001,HRTF_B,5,2.416,13.07,-16.11,23,1
P001,HRTF_B,5,2.430,13.19,-16.07,23,1
P001,HRTF_B,5,2.444,13.31,-16.02,23,1
P001,HRTF_B,5,2.458,13.40,-15.97,23,1
P001,HRTF_B,5,2.472,13.47,-15.91,23,1
P001,HRTF_B,5,2.486,13.53,-15.87,23,1
P001,HRTF_B,5,2.500,13.59,-15.83,23,1
P001,HRTF_B,5,2.513,13.63,-15.79,23,1
P001,HRTF_B,5,2.527,13.69,-15.77,23,1
P001,HRTF_B,5,2.541,13.74,-15.75,23,1
P001,HRTF_B,5,2.555,13.80,-15.72,23,1
P001,HRTF_B,5,2.569,13.83,-15.71,23,1
P001,HRTF_B,5,2.583,13.86,-15.68,23,1
P001,HRTF_B,5,2.597,13.86,-15.66,23,1
P001,HRTF_B,5,2.611,13.87,-15.61,23,1
P001,HRTF_B,5,2.625,13.86,-15.58,23,1
P001,HRTF_B,5,2.638,13.84,-15.54,23,1
P001,HRTF_B,5,2.652,13.82,-15.49,23,1
P001,HRTF_B,5,2.666,13.81,-15.47,23,1
P001,HRTF_B,5,2.680,13.78,-15.45,23,1
P001,HRTF_B,5,2.694,13.75,-15.43,23,1
P001,HRTF_B,5,2.708,13.71,-15.42,23,1
P001,HRTF_B,5,2.722,13.65,-15.40,23,1
P001,HRTF_B,5,2.736,13.60,-15.38,23,1
P001,HRTF_B,5,2.750,13.54,-15.36,23,1
P001,HRTF_B,5,2.764,13.48,-15.35,23,1
P001,HRTF_B,5,2.777,13.42,-15.36,23,1
P001,HRTF_B,5,2.791,13.36,-15.35,23,1
P001,HRTF_B,5,2.805,13.31,-15.35,23,1
P001,HRTF_B,5,2.819,13.28,-15.34,23,1
P001,HRTF_B,5,2.833,13.26,-15.31,23,1
P001,HRTF_B,5,2.847,13.23,-15.28,23,1
P001,HRTF_B,5,2.861,13.21,-15.23,23,1
P001,HRTF_B,5,2.874,13.18,-15.21,23,1
P001,HRTF_B,5,2.889,13.17,-15.19,23,1
P001,HRTF_B,5,2.903,13.17,-15.18,23,1
P001,HRTF_B,5,2.916,13.16,-15.15,23,1
P001,HRTF_B,5,2.930,13.16,-15.16,23,1
P001,HRTF_B,5,2.944,13.14,-15.17,23,1
P001,HRTF_B,5,2.958,13.13,-15.18,23,1
P001,HRTF_B,5,2.972,13.09,-15.19,23,1
P001,HRTF_B,5,2.986,13.05,-15.19,23,1
P001,HRTF_B,5,3.000,13.01,-15.20,23,1
P001,HRTF_B,5,3.013,12.93,-15.17,23,1
P001,HRTF_B,5,3.027,12.83,-15.16,23,1
P001,HRTF_B,5,3.041,12.70,-15.15,23,1
P001,HRTF_B,5,3.055,12.57,-15.12,23,1
P001,HRTF_B,5,3.069,12.42,-15.10,23,1
P001,HRTF_B,5,3.083,12.22,-15.09,23,1
P001,HRTF_B,5,3.097,11.97,-15.07,23,1
P001,HRTF_B,5,3.111,11.71,-15.06,23,1
P001,HRTF_B,5,3.125,11.42,-15.04,23,1
P001,HRTF_B,5,3.138,11.12,-15.05,23,1
P001,HRTF_B,5,3.152,10.83,-15.07,23,1
P001,HRTF_B,5,3.166,10.54,-15.10,23,1
P001,HRTF_B,5,3.180,10.26,-15.12,23,1
P001,HRTF_B,5,3.194,9.96,-15.20,23,1
P001,HRTF_B,5,3.208,9.68,-15.25,23,1
P001,HRTF_B,5,3.221,9.41,-15.29,23,1
P001,HRTF_B,5,3.235,9.15,-15.34,23,1
P001,HRTF_B,5,3.249,8.89,-15.37,23,1
P001,HRTF_B,5,3.263,8.65,-15.38,23,1
P001,HRTF_B,5,3.277,8.40,-15.40,23,1
P001,HRTF_B,5,3.291,8.17,-15.40,23,1
P001,HRTF_B,5,3.305,7.96,-15.40,23,1
P001,HRTF_B,5,3.319,7.76,-15.40,23,1
P001,HRTF_B,5,3.333,7.57,-15.38,23,1
P001,HRTF_B,5,3.347,7.39,-15.37,23,1
P001,HRTF_B,5,3.360,7.19,-15.35,23,1
P001,HRTF_B,5,3.374,6.99,-15.33,23,1
P001,HRTF_B,5,3.389,6.80,-15.32,23,1
P001,HRTF_B,5,3.402,6.60,-15.30,23,1
P001,HRTF_B,5,3.416,6.41,-15.26,23,1
P001,HRTF_B,5,3.430,6.22,-15.26,23,1
P001,HRTF_B,5,3.444,6.02,-15.24,23,1
P001,HRTF_B,5,3.458,5.80,-15.26,23,1
P001,HRTF_B,5,3.472,5.60,-15.29,23,1
P001,HRTF_B,5,3.485,5.39,-15.31,23,1
P001,HRTF_B,5,3.499,5.16,-15.35,23,1
P001,HRTF_B,5,3.513,4.92,-15.35,23,1
P001,HRTF_B,5,3.527,4.65,-15.37,23,1
P001,HRTF_B,5,3.541,4.36,-15.40,23,1
P001,HRTF_B,5,3.555,4.01,-15.42,23,1
P001,HRTF_B,5,3.569,3.58,-15.43,23,1
P001,HRTF_B,5,3.583,3.15,-15.45,23,1
P001,HRTF_B,5,3.596,2.65,-15.49,23,1
P001,HRTF_B,5,3.610,2.11,-15.49,23,1
P001,HRTF_B,5,3.624,1.54,-15.48,23,1
P001,HRTF_B,5,3.638,0.89,-15.50,23,1
P001,HRTF_B,5,3.652,0.29,-15.46,23,1
P001,HRTF_B,5,3.666,-0.46,-15.45,23,1
P001,HRTF_B,5,3.680,-1.17,-15.43,23,1
P001,HRTF_B,5,3.694,-1.93,-15.36,23,1
P001,HRTF_B,5,3.708,-2.66,-15.29,23,1
P001,HRTF_B,5,3.722,-3.44,-15.19,23,1
P001,HRTF_B,5,3.735,-4.25,-15.09,23,1
P001,HRTF_B,5,3.749,-5.04,-14.99,23,1
P001,HRTF_B,5,3.763,-5.86,-14.92,23,1
P001,HRTF_B,5,3.777,-6.72,-14.87,23,1
P001,HRTF_B,5,3.791,-7.59,-14.83,23,1
P001,HRTF_B,5,3.805,-8.45,-14.85,23,1
P001,HRTF_B,5,3.819,-9.34,-14.87,23,1
P001,HRTF_B,5,3.832,-10.22,-14.91,23,1
P001,HRTF_B,5,3.846,-11.11,-14.97,23,1
P001,HRTF_B,5,3.860,-12.06,-15.03,23,1
P001,HRTF_B,5,3.874,-13.09,-15.12,23,1
P001,HRTF_B,5,3.888,-14.16,-15.19,23,1
P001,HRTF_B,5,3.902,-15.27,-15.27,23,1
P001,HRTF_B,5,3.916,-16.43,-15.34,23,1
P001,HRTF_B,5,3.930,-17.71,-15.43,23,1
P001,HRTF_B,5,3.944,-19.06,-15.47,23,1
P001,HRTF_B,5,3.958,-20.61,-15.60,23,1
P001,HRTF_B,5,3.971,-22.33,-15.72,23,1
P001,HRTF_B,5,3.985,-24.11,-15.82,23,1
P001,HRTF_B,5,4.000,-26.02,-15.97,23,1
P001,HRTF_B,5,4.013,-28.13,-16.09,23,1
P001,HRTF_B,5,4.027,-30.24,-16.21,23,1
P001,HRTF_B,5,4.041,-32.56,-16.34,23,1
P001,HRTF_B,5,4.055,-35.07,-16.47,23,1
P001,HRTF_B,5,4.069,-37.59,-16.59,23,1
P001,HRTF_B,5,4.082,-40.09,-16.73,23,1
P001,HRTF_B,5,4.096,-42.84,-16.86,23,1
P001,HRTF_B,5,4.110,-45.67,-17.02,23,1
P001,HRTF_B,5,4.124,-48.57,-17.12,23,1
P001,HRTF_B,5,4.139,-51.50,-17.21,23,1
P001,HRTF_B,5,4.152,-54.48,-17.23,23,1
P001,HRTF_B,5,4.166,-57.48,-17.28,23,1
P001,HRTF_B,5,4.180,-60.66,-17.30,23,1
P001,HRTF_B,5,4.194,-63.82,-17.23,23,1
P001,HRTF_B,5,4.208,-67.11,-17.14,23,1
P001,HRTF_B,5,4.221,-70.32,-16.98,23,1
P001,HRTF_B,5,4.236,-73.57,-16.78,23,1
P001,HRTF_B,5,4.249,-76.92,-16.49,23,1
P001,HRTF_B,5,4.263,-80.30,-16.05,23,1
P001,HRTF_B,5,4.277,-83.70,-15.52,23,1
P001,HRTF_B,5,4.291,-87.05,-14.89,23,1
P001,HRTF_B,5,4.305,-90.38,-14.30,23,1
P001,HRTF_B,5,4.319,-93.68,-13.63,23,1
P001,HRTF_B,5,4.333,-96.94,-12.81,23,1
P001,HRTF_B,5,4.346,-100.10,-12.02,23,1
P001,HRTF_B,5,4.360,-103.13,-11.23,23,1
P001,HRTF_B,5,4.374,-106.09,-10.40,23,1
P001,HRTF_B,5,4.388,-108.89,-9.60,23,1
P001,HRTF_B,5,4.402,-111.63,-8.82,23,1
P001,HRTF_B,5,4.416,-114.18,-8.06,23,1
P001,HRTF_B,5,4.430,-116.67,-7.36,23,1
P001,HRTF_B,5,4.444,-118.98,-6.67,23,1
P001,HRTF_B,5,4.458,-121.02,-5.99,23,1
P001,HRTF_B,5,4.471,-123.12,-5.31,23,1
P001,HRTF_B,5,4.485,-124.92,-4.52,23,1
P001,HRTF_B,5,4.499,-126.74,-3.80,23,1
P001,HRTF_B,5,4.513,-128.23,-3.10,23,1
P001,HRTF_B,5,4.527,-129.67,-2.52,23,1
P001,HRTF_B,5,4.541,-131.24,-1.88,23,1
P001,HRTF_B,5,4.555,-132.63,-1.30,23,1
P001,HRTF_B,5,4.569,-134.15,-0.71,23,1
P001,HRTF_B,5,4.583,-135.57,-0.13,23,1
P001,HRTF_B,5,4.596,-136.96,0.38,23,1
P001,HRTF_B,5,4.610,-138.44,0.85,23,1
P001,HRTF_B,5,4.624,-139.89,1.30,23,1
P001,HRTF_B,5,4.638,-141.33,1.69,23,1
P001,HRTF_B,5,4.652,-142.73,2.08,23,1
P001,HRTF_B,5,4.666,-144.08,2.44,23,1
P001,HRTF_B,5,4.680,-145.38,2.78,23,1
P001,HRTF_B,5,4.694,-146.75,3.16,23,1
P001,HRTF_B,5,4.708,-148.12,3.47,23,1
P001,HRTF_B,5,4.721,-149.46,3.78,23,1
P001,HRTF_B,5,4.735,-150.71,4.01,23,1
P001,HRTF_B,5,4.749,-151.98,4.25,23,1
P001,HRTF_B,5,4.763,-153.21,4.40,23,1
P001,HRTF_B,5,4.777,-154.47,4.60,23,1
P001,HRTF_B,5,4.791,-155.66,4.74,23,1
P001,HRTF_B,5,4.805,-156.85,4.90,23,1
P001,HRTF_B,5,4.819,-157.98,5.13,23,1
P001,HRTF_B,5,4.833,-159.10,5.30,23,1
P001,HRTF_B,5,4.847,-160.18,5.31,23,1
P001,HRTF_B,5,4.860,-161.23,5.31,23,1
P001,HRTF_B,5,4.874,-162.23,5.27,23,1
P001,HRTF_B,5,4.888,-163.28,5.20,23,1
P001,HRTF_B,5,4.902,-164.29,5.19,23,1
P001,HRTF_B,5,4.916,-165.27,5.17,23,1
P001,HRTF_B,5,4.930,-166.31,5.04,23,1
P001,HRTF_B,5,4.944,-167.40,4.91,23,1
P001,HRTF_B,5,4.957,-168.47,4.82,23,1
P001,HRTF_B,5,4.972,-169.56,4.72,23,1
P001,HRTF_B,5,4.986,-170.61,4.73,23,1
P001,HRTF_B,5,4.999,-171.62,4.73,23,1
P001,HRTF_B,5,5.013,-172.65,4.73,23,1
P001,HRTF_B,5,5.027,-173.70,4.77,23,1
P001,HRTF_B,5,5.041,-174.73,4.82,23,1
P001,HRTF_B,5,5.055,-175.76,4.81,23,1
P001,HRTF_B,5,5.069,-176.70,4.77,23,1
P001,HRTF_B,5,5.083,-177.72,4.74,23,1
P001,HRTF_B,5,5.097,-178.71,4.66,23,1
P001,HRTF_B,5,5.110,-179.69,4.64,23,1
P001,HRTF_B,5,5.124,179.35,4.65,23,1
P001,HRTF_B,5,5.138,178.40,4.61,23,1
P001,HRTF_B,5,5.152,177.46,4.57,23,1
P001,HRTF_B,5,5.166,176.53,4.44,23,1
P001,HRTF_B,5,5.180,175.66,4.35,23,1
P001,HRTF_B,5,5.194,174.81,4.28,23,1
P001,HRTF_B,5,5.207,173.98,4.24,23,1
P001,HRTF_B,5,5.221,173.11,4.22,23,1
P001,HRTF_B,5,5.236,172.32,4.20,23,1
P001,HRTF_B,5,5.249,171.51,4.24,23,1
P001,HRTF_B,5,5.263,170.75,4.40,23,1
P001,HRTF_B,5,5.277,170.01,4.64,23,1
P001,HRTF_B,5,5.291,169.29,4.95,23,1
P001,HRTF_B,5,5.305,168.72,5.40,23,1
P001,HRTF_B,5,5.319,168.26,5.89,23,1
P001,HRTF_B,5,5.332,167.95,6.52,23,1
P001,HRTF_B,5,5.346,167.63,7.18,23,1
P001,HRTF_B,5,5.360,167.37,7.97,23,1
P001,HRTF_B,5,5.374,167.13,8.69,23,1
P001,HRTF_B,5,5.388,167.22,9.52,23,1
P001,HRTF_B,5,5.402,167.42,10.31,23,1
P001,HRTF_B,5,5.416,167.73,11.10,23,1
P001,HRTF_B,5,5.430,168.00,11.91,23,1
P001,HRTF_B,5,5.444,168.43,12.68,23,1
P001,HRTF_B,5,5.458,168.70,13.44,23,1
P001,HRTF_B,5,5.471,169.04,14.16,23,1
P001,HRTF_B,5,5.485,169.36,14.91,23,1
P001,HRTF_B,5,5.499,169.73,15.68,23,1
P001,HRTF_B,5,5.513,170.12,16.40,23,1
P001,HRTF_B,5,5.527,170.33,17.20,23,1
P001,HRTF_B,5,5.541,170.48,17.93,23,1
P001,HRTF_B,5,5.555,170.57,18.73,23,1
P001,HRTF_B,5,5.569,170.69,19.54,23,1
P001,HRTF_B,5,5.582,170.75,20.37,23,1
P001,HRTF_B,5,5.596,170.68,21.17,23,1
P001,HRTF_B,5,5.610,170.52,21.89,23,1
P001,HRTF_B,5,5.624,170.24,22.54,23,1
P001,HRTF_B,5,5.638,169.87,23.02,23,1
P001,HRTF_B,5,5.652,169.42,23.36,23,1
P001,HRTF_B,5,5.666,168.99,23.75,23,1
P001,HRTF_B,5,5.680,168.37,23.88,23,1
P001,HRTF_B,5,5.694,167.64,23.77,23,1
P001,HRTF_B,5,5.707,167.03,23.31,23,1
P001,HRTF_B,5,5.722,166.43,22.12,23,1
P001,HRTF_B,5,5.736,165.98,20.50,23,1
P001,HRTF_B,5,5.749,165.82,17.99,23,1
P001,HRTF_B,5,5.763,165.77,14.65,23,1
P001,HRTF_B,5,5.777,165.82,11.04,23,1
P001,HRTF_B,5,5.791,165.81,7.76,23,1
P001,HRTF_B,5,5.805,165.99,4.54,23,1
P001,HRTF_B,5,5.819,166.07,1.75,23,1
P001,HRTF_B,5,5.832,166.37,-0.66,23,1
P001,HRTF_B,5,5.846,166.54,-2.91,23,1
P001,HRTF_B,5,5.860,166.84,-4.75,23,1
P001,HRTF_B,5,5.874,167.26,-6.49,23,1
P001,HRTF_B,5,5.888,167.73,-8.10,23,1
P001,HRTF_B,5,5.902,168.16,-9.82,23,1
P001,HRTF_B,5,5.916,168.81,-10.89,23,1
P001,HRTF_B,5,5.930,169.36,-12.12,23,1
P001,HRTF_B,5,5.943,170.00,-13.40,23,1
P001,HRTF_B,5,5.958,170.75,-14.65,23,1
P001,HRTF_B,5,5.972,171.28,-15.92,23,1
P001,HRTF_B,5,5.985,172.04,-17.15,23,1
P001,HRTF_B,5,5.999,172.86,-18.45,23,1
P001,HRTF_B,5,6.013,173.62,-19.74,23,1
P001,HRTF_B,5,6.027,174.25,-21.04,23,1
P001,HRTF_B,5,6.041,175.08,-22.31,23,1
P001,HRTF_B,5,6.055,175.92,-23.32,23,1
P001,HRTF_B,5,6.068,176.75,-24.27,23,1
P001,HRTF_B,5,6.082,177.52,-25.18,23,1
P001,HRTF_B,5,6.096,178.25,-26.00,23,1
P001,HRTF_B,5,6.110,178.87,-26.69,23,1
P001,HRTF_B,5,6.124,179.53,-27.45,23,1
P001,HRTF_B,5,6.138,179.91,-28.13,23,1
P001,HRTF_B,5,6.152,-179.76,-28.81,23,1
P001,HRTF_B,5,6.166,-179.44,-29.45,23,1
P001,HRTF_B,5,6.180,-179.16,-30.11,23,1
P001,HRTF_B,5,6.194,-178.88,-30.87,23,1
P001,HRTF_B,5,6.208,-178.62,-31.69,23,1
P001,HRTF_B,5,6.221,-178.28,-32.59,23,1
P001,HRTF_B,5,6.235,-177.84,-33.62,23,1
P001,HRTF_B,5,6.249,-177.39,-34.62,23,1
P001,HRTF_B,5,6.263,-176.94,-35.62,23,1
P001,HRTF_B,5,6.277,-176.55,-36.52,23,1
P001,HRTF_B,5,6.291,-176.21,-37.31,23,1
P001,HRTF_B,5,6.305,-175.70,-38.06,23,1
P001,HRTF_B,5,6.319,-175.30,-38.90,23,1
P001,HRTF_B,5,6.332,-174.87,-39.81,23,1
P001,HRTF_B,5,6.346,-174.54,-40.77,23,1
P001,HRTF_B,5,6.360,-174.12,-41.66,23,1
P001,HRTF_B,5,6.374,-173.79,-42.57,23,1
P001,HRTF_B,5,6.388,-173.11,-43.48,23,1
P001,HRTF_B,5,6.402,-172.63,-44.37,23,1
P001,HRTF_B,5,6.416,-172.13,-45.22,23,1
P001,HRTF_B,5,6.430,-171.59,-46.09,23,1
P001,HRTF_B,5,6.444,-171.06,-46.81,23,1
P001,HRTF_B,5,6.457,-170.26,-47.45,23,1
P001,HRTF_B,5,6.471,-169.42,-48.03,23,1
P001,HRTF_B,5,6.485,-168.60,-48.56,23,1
P001,HRTF_B,5,6.499,-167.77,-49.07,23,1
P001,HRTF_B,5,6.513,-166.84,-49.30,23,1
P001,HRTF_B,5,6.527,-165.98,-49.62,23,1
P001,HRTF_B,5,6.541,-164.80,-49.85,23,1
P001,HRTF_B,5,6.555,-163.76,-50.10,23,1
P001,HRTF_B,5,6.569,-162.68,-50.36,23,1
P001,HRTF_B,5,6.583,-161.55,-50.58,23,1
P001,HRTF_B,5,6.596,-160.33,-50.77,23,1
P001,HRTF_B,5,6.610,-158.96,-50.91,23,1
P001,HRTF_B,5,6.624,-157.53,-51.05,23,1
P001,HRTF_B,5,6.638,-156.11,-51.25,23,1
P001,HRTF_B,5,6.652,-154.68,-51.38,23,1
P001,HRTF_B,5,6.666,-153.26,-51.59,23,1
P001,HRTF_B,5,6.680,-151.68,-51.79,23,1
P001,HRTF_B,5,6.694,-150.14,-51.96,23,1
P001,HRTF_B,5,6.707,-148.57,-52.07,23,1
P001,HRTF_B,5,6.721,-147.06,-52.20,23,1
P001,HRTF_B,5,6.735,-145.58,-52.38,23,1
P001,HRTF_B,5,6.749,-143.83,-52.45,23,1
P001,HRTF_B,5,6.763,-142.23,-52.51,23,1
P001,HRTF_B,5,6.777,-140.70,-52.58,23,1
P001,HRTF_B,5,6.791,-139.25,-52.55,23,1
P001,HRTF_B,5,6.805,-137.86,-52.52,23,1
P001,HRTF_B,5,6.819,-136.50,-52.49,23,1
P001,HRTF_B,5,6.832,-135.22,-52.48,23,1
P001,HRTF_B,5,6.846,-133.99,-52.45,23,1
P001,HRTF_B,5,6.860,-132.77,-52.40,23,1
P001,HRTF_B,5,6.874,-131.80,-52.39,23,1
P001,HRTF_B,5,6.888,-130.83,-52.36,23,1
P001,HRTF_B,5,6.902,-129.88,-52.31,23,1
P001,HRTF_B,5,6.916,-128.99,-52.29,23,1
P001,HRTF_B,5,6.930,-128.18,-52.27,23,1
P001,HRTF_B,5,6.944,-127.45,-52.24,23,1
P001,HRTF_B,5,6.958,-126.71,-52.24,23,1
P001,HRTF_B,5,6.972,-126.02,-52.20,23,1
P001,HRTF_B,5,6.986,-125.39,-52.18,23,1
P001,HRTF_B,5,7.000,-124.85,-52.13,23,1
P001,HRTF_B,5,7.013,-124.30,-52.07,23,1
P001,HRTF_B,5,7.027,-123.82,-52.04,23,1
P001,HRTF_B,5,7.041,-123.33,-51.97,23,1
P001,HRTF_B,5,7.055,-122.90,-51.95,23,1
P001,HRTF_B,5,7.069,-122.51,-51.90,23,1
P001,HRTF_B,5,7.082,-122.18,-51.90,23,1
P001,HRTF_B,5,7.097,-121.83,-51.90,23,1
P001,HRTF_B,5,7.110,-121.53,-51.89,23,1
P001,HRTF_B,5,7.124,-121.21,-51.89,23,1
P001,HRTF_B,5,7.138,-120.96,-51.91,23,1
P001,HRTF_B,5,7.152,-120.69,-51.93,23,1
P001,HRTF_B,5,7.166,-120.42,-51.97,23,1
P001,HRTF_B,5,7.180,-120.16,-52.02,23,1
P001,HRTF_B,5,7.194,-119.92,-52.07,23,1
P001,HRTF_B,5,7.208,-119.65,-52.12,23,1
P001,HRTF_B,5,7.222,-119.41,-52.18,23,1
P001,HRTF_B,5,7.236,-119.21,-52.22,23,1
P001,HRTF_B,5,7.249,-119.03,-52.24,23,1
P001,HRTF_B,5,7.263,-118.86,-52.24,23,1
P001,HRTF_B,5,7.277,-118.68,-52.22,23,1
P001,HRTF_B,5,7.291,-118.51,-52.23,23,1
P001,HRTF_B,5,7.305,-118.36,-52.24,23,1
P001,HRTF_B,5,7.319,-118.21,-52.24,23,1
P001,HRTF_B,5,7.333,-118.07,-52.23,23,1
P001,HRTF_B,5,7.347,-117.90,-52.23,23,1
P001,HRTF_B,5,7.361,-117.75,-52.23,23,1
P001,HRTF_B,5,7.375,-117.60,-52.24,23,1
P001,HRTF_B,5,7.388,-117.49,-52.23,23,1
P001,HRTF_B,5,7.402,-117.36,-52.24,23,1
P001,HRTF_B,5,7.416,-117.23,-52.22,23,1
P001,HRTF_B,5,7.430,-117.07,-52.21,23,1
P001,HRTF_B,5,7.444,-116.88,-52.22,23,1
P001,HRTF_B,5,7.458,-116.73,-52.22,23,1
P001,HRTF_B,5,7.472,-116.56,-52.22,23,1
P001,HRTF_B,6,0.014,-9.79,-1.58,29,1
P001,HRTF_B,6,0.031,-10.00,-1.68,29,1
P001,HRTF_B,6,0.042,-10.21,-1.73,29,1
P001,HRTF_B,6,0.056,-10.42,-1.77,29,1
P001,HRTF_B,6,0.070,-10.62,-1.87,29,1
P001,HRTF_B,6,0.086,-10.85,-1.98,29,1
P001,HRTF_B,6,0.097,-11.08,-2.03,29,1
P001,HRTF_B,6,0.111,-11.29,-2.09,29,1
P001,HRTF_B,6,0.125,-11.52,-2.16,29,1
P001,HRTF_B,6,0.139,-11.73,-2.18,29,1
P001,HRTF_B,6,0.153,-11.92,-2.18,29,1
P001,HRTF_B,6,0.167,-12.11,-2.15,29,1
P001,HRTF_B,6,0.180,-12.30,-2.10,29,1
P001,HRTF_B,6,0.194,-12.50,-2.05,29,1
P001,HRTF_B,6,0.208,-12.67,-1.98,29,1
P001,HRTF_B,6,0.223,-12.83,-1.91,29,1
P001,HRTF_B,6,0.236,-12.97,-1.84,29,1
P001,HRTF_B,6,0.250,-13.14,-1.74,29,1
P001,HRTF_B,6,0.264,-13.31,-1.60,29,1
P001,HRTF_B,6,0.278,-13.46,-1.47,29,1
P001,HRTF_B,6,0.292,-13.63,-1.33,29,1
P001,HRTF_B,6,0.306,-13.87,-1.24,29,1
P001,HRTF_B,6,0.319,-14.18,-1.17,29,1
P001,HRTF_B,6,0.333,-14.55,-1.09,29,1
P001,HRTF_B,6,0.347,-14.95,-0.97,29,1
P001,HRTF_B,6,0.361,-15.47,-0.89,29,1
P001,HRTF_B,6,0.375,-16.05,-0.86,29,1
P001,HRTF_B,6,0.389,-16.75,-0.87,29,1
P001,HRTF_B,6,0.403,-17.56,-0.94,29,1
P001,HRTF_B,6,0.417,-18.38,-0.97,29,1
P001,HRTF_B,6,0.431,-19.26,-1.03,29,1
P001,HRTF_B,6,0.444,-20.27,-1.06,29,1
P001,HRTF_B,6,0.458,-21.25,-1.09,29,1
P001,HRTF_B,6,0.472,-22.22,-1.13,29,1
P001,HRTF_B,6,0.486,-23.16,-1.12,29,1
P001,HRTF_B,6,0.500,-24.10,-1.14,29,1
P001,HRTF_B,6,0.514,-24.95,-1.18,29,1
P001,HRTF_B,6,0.528,-25.83,-1.27,29,1
P001,HRTF_B,6,0.542,-26.58,-1.40,29,1
P001,HRTF_B,6,0.555,-27.32,-1.46,29,1
P001,HRTF_B,6,0.569,-27.92,-1.52,29,1
P001,HRTF_B,6,0.583,-28.53,-1.60,29,1
P001,HRTF_B,6,0.597,-29.02,-1.66,29,1
P001,HRTF_B,6,0.611,-29.46,-1.78,29,1
P001,HRTF_B,6,0.625,-29.82,-1.95,29,1
P001,HRTF_B,6,0.639,-30.13,-2.11,29,1
P001,HRTF_B,6,0.653,-30.35,-2.25,29,1
P001,HRTF_B,6,0.667,-30.50,-2.33,29,1
P001,HRTF_B,6,0.681,-30.65,-2.45,29,1
P001,HRTF_B,6,0.694,-30.63,-2.57,29,1
P001,HRTF_B,6,0.708,-30.67,-2.73,29,1
P001,HRTF_B,6,0.722,-30.63,-3.03,29,1
P001,HRTF_B,6,0.736,-30.62,-3.20,29,1
P001,HRTF_B,6,0.750,-30.63,-3.26,29,1
P001,HRTF_B,6,0.764,-30.58,-3.28,29,1
P001,HRTF_B,6,0.778,-30.53,-3.33,29,1
P001,HRTF_B,6,0.792,-30.47,-3.39,29,1
P001,HRTF_B,6,0.805,-30.36,-3.46,29,1
P001,HRTF_B,6,0.819,-30.25,-3.61,29,1
P001,HRTF_B,6,0.833,-30.12,-3.70,29,1
P001,HRTF_B,6,0.847,-29.96,-3.79,29,1
P001,HRTF_B,6,0.861,-29.80,-3.81,29,1
P001,HRTF_B,6,0.875,-29.61,-3.85,29,1
P001,HRTF_B,6,0.889,-29.42,-3.88,29,1
P001,HRTF_B,6,0.903,-29.19,-3.87,29,1
P001,HRTF_B,6,0.917,-28.97,-3.85,29,1
P001,HRTF_B,6,0.930,-28.74,-3.80,29,1
P001,HRTF_B,7,0.014,-12.92,-0.31,1,1
P001,HRTF_B,7,0.031,-12.86,-0.29,1,1
P001,HRTF_B,7,0.045,-12.89,-0.33,1,1
P001,HRTF_B,7,0.056,-12.95,-0.33,1,1
P001,HRTF_B,7,0.069,-13.01,-0.33,1,1
P001,HRTF_B,7,0.083,-13.10,-0.31,1,1
P001,HRTF_B,7,0.097,-13.19,-0.31,1,1
P001,HRTF_B,7,0.111,-13.30,-0.33,1,1
P001,HRTF_B,7,0.125,-13.42,-0.37,1,1
P001,HRTF_B,7,0.139,-13.57,-0.43,1,1
P001,HRTF_B,7,0.153,-13.77,-0.47,1,1
P001,HRTF_B,7,0.167,-13.97,-0.50,1,1
P001,HRTF_B,7,0.180,-14.20,-0.52,1,1
P001,HRTF_B,7,0.194,-14.46,-0.52,1,1
P001,HRTF_B,7,0.208,-14.72,-0.60,1,1
P001,HRTF_B,7,0.222,-15.02,-0.71,1,1
P001,HRTF_B,7,0.236,-15.37,-0.84,1,1
P001,HRTF_B,7,0.250,-15.86,-1.00,1,1
P001,HRTF_B,7,0.264,-16.40,-1.16,1,1
P001,HRTF_B,7,0.278,-17.00,-1.35,1,1
P001,HRTF_B,7,0.292,-17.66,-1.51,1,1
P001,HRTF_B,7,0.305,-18.49,-1.72,1,1
P001,HRTF_B,7,0.319,-19.38,-1.95,1,1
P001,HRTF_B,7,0.333,-20.37,-2.22,1,1
P001,HRTF_B,7,0.347,-21.55,-2.43,1,1
P001,HRTF_B,7,0.361,-22.64,-2.66,1,1
P001,HRTF_B,7,0.375,-23.64,-2.91,1,1
P001,HRTF_B,7,0.389,-24.62,-3.12,1,1
P001,HRTF_B,7,0.403,-25.56,-3.33,1,1
P001,HRTF_B,7,0.416,-26.41,-3.52,1,1
P001,HRTF_B,7,0.430,-27.24,-3.69,1,1
P001,HRTF_B,7,0.444,-27.94,-3.81,1,1
P001,HRTF_B,7,0.458,-28.63,-3.91,1,1
P001,HRTF_B,7,0.472,-29.14,-3.99,1,1
P001,HRTF_B,7,0.486,-29.54,-4.11,1,1
P001,HRTF_B,7,0.500,-29.87,-4.18,1,1
P001,HRTF_B,7,0.514,-30.09,-4.19,1,1
P001,HRTF_B,7,0.528,-30.21,-4.19,1,1
P001,HRTF_B,7,0.542,-30.14,-4.16,1,1
P001,HRTF_B,7,0.556,-29.86,-4.05,1,1
P001,HRTF_B,7,0.569,-29.61,-3.98,1,1
P001,HRTF_B,7,0.583,-29.04,-3.91,1,1
P001,HRTF_B,7,0.597,-28.49,-3.81,1,1
P001,HRTF_B,7,0.611,-27.91,-3.63,1,1
P001,HRTF_B,7,0.625,-27.21,-3.40,1,1
P001,HRTF_B,7,0.639,-26.51,-3.18,1,1
P001,HRTF_B,7,0.653,-25.72,-2.95,1,1
P001,HRTF_B,7,0.666,-24.95,-2.76,1,1
P001,HRTF_B,7,0.680,-24.16,-2.61,1,1
P001,HRTF_B,7,0.694,-23.40,-2.42,1,1
P001,HRTF_B,7,0.708,-22.63,-2.28,1,1
P001,HRTF_B,7,0.722,-21.90,-2.12,1,1
P001,HRTF_B,7,0.736,-21.18,-1.93,1,1
P001,HRTF_B,7,0.750,-20.49,-1.79,1,1
P001,HRTF_B,7,0.764,-19.87,-1.68,1,1
P001,HRTF_B,7,0.778,-19.26,-1.55,1,1
P001,HRTF_B,7,0.791,-18.65,-1.47,1,1
P001,HRTF_B,7,0.805,-18.09,-1.40,1,1
P001,HRTF_B,7,0.819,-17.49,-1.30,1,1
P001,HRTF_B,7,0.833,-16.98,-1.21,1,1
P001,HRTF_B,7,0.847,-16.51,-1.14,1,1
P001,HRTF_B,7,0.861,-16.05,-1.08,1,1
P001,HRTF_B,7,0.875,-15.68,-1.04,1,1
P001,HRTF_B,7,0.889,-15.33,-0.99,1,1
P001,HRTF_B,7,0.902,-14.98,-0.93,1,1
P001,HRTF_B,7,0.916,-14.69,-0.85,1,1
P001,HRTF_B,7,0.930,-14.41,-0.77,1,1
P001,HRTF_B,7,0.944,-14.18,-0.70,1,1
P001,HRTF_B,7,0.958,-14.02,-0.64,1,1
P001,HRTF_B,7,0.972,-13.90,-0.58,1,1
P001,HRTF_B,7,0.986,-13.78,-0.50,1,1
P001,HRTF_B,7,1.000,-13.77,-0.45,1,1
P001,HRTF_B,7,1.013,-13.74,-0.42,1,1
P001,HRTF_B,7,1.028,-13.77,-0.41,1,1
P001,HRTF_B,8,0.014,-19.62,-1.40,4,1
P001,HRTF_B,8,0.030,-19.17,-1.28,4,1
P001,HRTF_B,8,0.045,-18.67,-1.18,4,1
P001,HRTF_B,8,0.056,-18.11,-1.07,4,1
P001,HRTF_B,8,0.070,-17.47,-0.92,4,1
P001,HRTF_B,8,0.084,-16.83,-0.77,4,1
P001,HRTF_B,8,0.097,-16.18,-0.61,4,1
P001,HRTF_B,8,0.111,-15.49,-0.44,4,1
P001,HRTF_B,8,0.125,-14.81,-0.32,4,1
P001,HRTF_B,8,0.139,-14.09,-0.15,4,1
P001,HRTF_B,8,0.153,-13.47,-0.09,4,1
P001,HRTF_B,8,0.167,-12.84,0.10,4,1
P001,HRTF_B,8,0.181,-12.26,0.19,4,1
P001,HRTF_B,8,0.195,-11.77,0.29,4,1
P001,HRTF_B,8,0.208,-11.27,0.36,4,1
P001,HRTF_B,8,0.222,-10.85,0.42,4,1
P001,HRTF_B,8,0.236,-10.47,0.47,4,1
P001,HRTF_B,8,0.250,-10.09,0.48,4,1
P001,HRTF_B,8,0.264,-9.78,0.53,4,1
P001,HRTF_B,8,0.278,-9.56,0.54,4,1
P001,HRTF_B,8,0.292,-9.34,0.56,4,1
P001,HRTF_B,8,0.306,-9.19,0.57,4,1
P001,HRTF_B,8,0.319,-9.04,0.58,4,1
P001,HRTF_B,8,0.333,-8.91,0.58,4,1
P001,HRTF_B,8,0.347,-8.81,0.61,4,1
P001,HRTF_B,8,0.361,-8.71,0.64,4,1
P001,HRTF_B,8,0.375,-8.65,0.67,4,1
P001,HRTF_B,8,0.389,-8.62,0.70,4,1
P001,HRTF_B,8,0.403,-8.61,0.72,4,1
P001,HRTF_B,8,0.416,-8.61,0.75,4,1
P001,HRTF_B,8,0.430,-8.64,0.75,4,1
P001,HRTF_B,8,0.444,-8.69,0.74,4,1
P001,HRTF_B,8,0.458,-8.76,0.72,4,1
P001,HRTF_B,8,0.472,-8.86,0.71,4,1
P001,HRTF_B,8,0.486,-8.97,0.70,4,1
P001,HRTF_B,8,0.500,-9.09,0.67,4,1
P001,HRTF_B,8,0.514,-9.26,0.66,4,1
P001,HRTF_B,8,0.528,-9.44,0.63,4,1
P001,HRTF_B,8,0.542,-9.69,0.55,4,1
P001,HRTF_B,8,0.555,-10.00,0.50,4,1
P001,HRTF_B,8,0.569,-10.34,0.46,4,1
P001,HRTF_B,8,0.583,-10.65,0.43,4,1
P001,HRTF_B,8,0.597,-11.02,0.36,4,1
P001,HRTF_B,8,0.611,-11.63,0.20,4,1
P001,HRTF_B,8,0.625,-12.41,-0.03,4,1
P001,HRTF_B,8,0.639,-13.37,-0.33,4,1
P001,HRTF_B,8,0.653,-14.55,-0.68,4,1
P001,HRTF_B,8,0.667,-15.80,-0.99,4,1
P001,HRTF_B,8,0.680,-17.03,-1.32,4,1
P001,HRTF_B,8,0.694,-18.72,-1.76,4,1
P001,HRTF_B,8,0.708,-20.38,-2.20,4,1
P001,HRTF_B,8,0.722,-22.14,-2.60,4,1
P001,HRTF_B,8,0.736,-23.98,-3.04,4,1
P001,HRTF_B,8,0.750,-25.84,-3.48,4,1
P001,HRTF_B,8,0.764,-27.84,-3.97,4,1
P001,HRTF_B,8,0.778,-29.74,-4.42,4,1
P001,HRTF_B,8,0.792,-31.59,-4.88,4,1
P001,HRTF_B,8,0.805,-33.42,-5.37,4,1
P001,HRTF_B,8,0.819,-35.19,-5.85,4,1
P001,HRTF_B,8,0.833,-36.94,-6.30,4,1
P001,HRTF_B,8,0.847,-38.62,-6.77,4,1
P001,HRTF_B,8,0.861,-40.22,-7.24,4,1
P001,HRTF_B,8,0.875,-41.89,-7.73,4,1
P001,HRTF_B,8,0.889,-43.48,-8.15,4,1
P001,HRTF_B,8,0.903,-45.01,-8.53,4,1
P001,HRTF_B,8,0.917,-46.51,-8.91,4,1
P001,HRTF_B,8,0.931,-47.87,-9.27,4,1
P001,HRTF_B,8,0.945,-49.24,-9.66,4,1
P001,HRTF_B,8,0.959,-50.56,-9.94,4,1
P001,HRTF_B,8,0.972,-51.83,-10.22,4,1
P001,HRTF_B,8,0.986,-52.96,-10.44,4,1
P001,HRTF_B,8,1.000,-54.15,-10.70,4,1
P001,HRTF_B,8,1.014,-55.21,-10.97,4,1
P001,HRTF_B,8,1.028,-56.33,-11.20,4,1
P001,HRTF_B,8,1.042,-57.38,-11.33,4,1
P001,HRTF_B,8,1.055,-58.23,-11.36,4,1
P001,HRTF_B,8,1.069,-58.98,-11.35,4,1
P001,HRTF_B,8,1.083,-59.52,-11.25,4,1
P001,HRTF_B,8,1.097,-59.88,-11.16,4,1
P001,HRTF_B,8,1.111,-60.01,-11.08,4,1
P001,HRTF_B,8,1.125,-60.10,-10.98,4,1
P001,HRTF_B,8,1.139,-59.88,-10.84,4,1
P001,HRTF_B,8,1.153,-59.55,-10.64,4,1
P001,HRTF_B,8,1.166,-58.84,-10.40,4,1
P001,HRTF_B,8,1.181,-58.07,-10.15,4,1
P001,HRTF_B,8,1.194,-56.83,-9.87,4,1
P001,HRTF_B,8,1.208,-55.63,-9.59,4,1
P001,HRTF_B,8,1.222,-54.04,-9.27,4,1
P001,HRTF_B,8,1.236,-52.35,-8.94,4,1
P001,HRTF_B,8,1.250,-50.45,-8.58,4,1
P001,HRTF_B,8,1.264,-48.40,-8.17,4,1
P001,HRTF_B,8,1.278,-46.21,-7.71,4,1
P001,HRTF_B,8,1.292,-43.96,-7.24,4,1
P001,HRTF_B,8,1.305,-41.56,-6.75,4,1
P001,HRTF_B,8,1.319,-38.98,-6.23,4,1
P001,HRTF_B,8,1.333,-36.23,-5.76,4,1
P001,HRTF_B,8,1.347,-33.40,-5.33,4,1
P001,HRTF_B,8,1.361,-30.38,-5.00,4,1
P001,HRTF_B,8,1.375,-27.39,-4.72,4,1
P001,HRTF_B,8,1.389,-24.45,-4.51,4,1
P001,HRTF_B,8,1.403,-21.47,-4.19,4,1
P001,HRTF_B,8,1.417,-18.45,-3.85,4,1
P001,HRTF_B,8,1.431,-15.47,-3.52,4,1
P001,HRTF_B,8,1.444,-12.65,-3.32,4,1
P001,HRTF_B,8,1.458,-10.04,-3.22,4,1
P001,HRTF_B,8,1.473,-7.45,-3.19,4,1
P001,HRTF_B,8,1.486,-4.83,-3.10,4,1
P001,HRTF_B,8,1.500,-2.27,-2.99,4,1
P001,HRTF_B,8,1.514,0.02,-2.93,4,1
P001,HRTF_B,8,1.528,2.07,-2.96,4,1
P001,HRTF_B,8,1.542,4.01,-3.02,4,1
P001,HRTF_B,8,1.556,5.94,-3.07,4,1
P001,HRTF_B,8,1.569,7.76,-3.03,4,1
P001,HRTF_B,8,1.583,9.47,-2.89,4,1
P001,HRTF_B,8,1.597,11.06,-2.69,4,1
P001,HRTF_B,8,1.611,12.58,-2.43,4,1
P001,HRTF_B,8,1.625,14.08,-2.15,4,1
P001,HRTF_B,8,1.639,15.54,-1.90,4,1
P001,HRTF_B,8,1.653,16.94,-1.66,4,1
P001,HRTF_B,8,1.667,18.32,-1.43,4,1
P001,HRTF_B,8,1.681,19.67,-1.20,4,1
P001,HRTF_B,8,1.694,20.95,-1.00,4,1
P001,HRTF_B,8,1.711,22.21,-0.88,4,1
P001,HRTF_B,8,1.725,23.37,-0.76,4,1
P001,HRTF_B,8,1.739,24.55,-0.67,4,1
P001,HRTF_B,8,1.753,25.72,-0.54,4,1
P001,HRTF_B,8,1.767,26.85,-0.41,4,1
P001,HRTF_B,8,1.781,27.93,-0.27,4,1
P001,HRTF_B,8,1.795,29.02,-0.19,4,1
P001,HRTF_B,8,1.809,30.16,-0.03,4,1
P001,HRTF_B,8,1.823,31.20,0.12,4,1
P001,HRTF_B,8,1.836,32.29,0.28,4,1
P001,HRTF_B,8,1.862,33.40,0.47,4,1
P001,HRTF_B,8,1.875,34.45,0.67,4,1
P001,HRTF_B,8,1.889,36.57,1.00,4,1
P001,HRTF_B,8,1.903,37.60,1.17,4,1
P001,HRTF_B,8,1.917,38.68,1.31,4,1
P001,HRTF_B,8,1.931,39.70,1.50,4,1
P001,HRTF_B,8,1.945,40.71,1.66,4,1
P001,HRTF_B,8,1.959,41.66,1.84,4,1
P001,HRTF_B,8,1.972,42.59,2.00,4,1
P001,HRTF_B,8,1.986,43.53,2.14,4,1
P001,HRTF_B,8,2.000,44.45,2.29,4,1
P001,HRTF_B,8,2.014,45.34,2.38,4,1
P001,HRTF_B,8,2.028,46.20,2.55,4,1
P001,HRTF_B,8,2.042,47.03,2.76,4,1
P001,HRTF_B,8,2.056,47.77,3.04,4,1
P001,HRTF_B,8,2.069,48.44,3.35,4,1
P001,HRTF_B,8,2.083,49.10,3.69,4,1
P001,HRTF_B,8,2.098,49.74,4.04,4,1
P001,HRTF_B,8,2.111,50.20,4.39,4,1
P001,HRTF_B,8,2.125,50.61,4.76,4,1
P001,HRTF_B,8,2.139,50.95,5.15,4,1
P001,HRTF_B,8,2.153,51.12,5.57,4,1
P001,HRTF_B,8,2.167,51.32,6.02,4,1
P001,HRTF_B,8,2.181,51.44,6.39,4,1
P001,HRTF_B,8,2.194,51.55,6.73,4,1
P001,HRTF_B,8,2.208,51.64,7.05,4,1
P001,HRTF_B,8,2.222,51.63,7.37,4,1
P001,HRTF_B,8,2.236,51.63,7.64,4,1
P001,HRTF_B,8,2.250,51.62,7.90,4,1
P001,HRTF_B,8,2.264,51.57,8.14,4,1
P001,HRTF_B,8,2.278,51.43,8.34,4,1
P001,HRTF_B,8,2.292,51.27,8.55,4,1
P001,HRTF_B,8,2.306,51.05,8.77,4,1
P001,HRTF_B,8,2.319,50.75,8.97,4,1
P001,HRTF_B,8,2.333,50.42,9.09,4,1
P001,HRTF_B,8,2.347,50.06,9.22,4,1
P001,HRTF_B,8,2.361,49.74,9.36,4,1
P001,HRTF_B,8,2.375,49.39,9.49,4,1
P001,HRTF_B,8,2.389,49.06,9.62,4,1
P001,HRTF_B,8,2.403,48.72,9.70,4,1
P001,HRTF_B,8,2.417,48.35,9.78,4,1
P001,HRTF_B,8,2.430,48.06,9.81,4,1
P001,HRTF_B,8,2.445,47.77,9.82,4,1
P001,HRTF_B,8,2.458,47.52,9.88,4,1
P001,HRTF_B,8,2.472,47.33,9.93,4,1
P001,HRTF_B,8,2.486,47.11,10.01,4,1
P001,HRTF_B,8,2.500,46.91,10.12,4,1
P001,HRTF_B,8,2.514,46.67,10.24,4,1
P001,HRTF_B,8,2.528,46.48,10.34,4,1
P001,HRTF_B,8,2.542,46.32,10.46,4,1
P001,HRTF_B,8,2.555,46.15,10.58,4,1
P001,HRTF_B,8,2.569,46.00,10.73,4,1
P001,HRTF_B,8,2.583,45.82,10.88,4,1
P001,HRTF_B,8,2.597,45.63,11.04,4,1
P001,HRTF_B,8,2.611,45.41,11.23,4,1
P001,HRTF_B,8,2.625,45.16,11.46,4,1
P001,HRTF_B,8,2.639,44.88,11.69,4,1
P001,HRTF_B,8,2.653,44.60,11.92,4,1
P001,HRTF_B,8,2.667,44.34,12.09,4,1
P001,HRTF_B,8,2.681,44.12,12.22,4,1
P001,HRTF_B,8,2.695,43.93,12.29,4,1
P001,HRTF_B,8,2.708,43.78,12.33,4,1
P001,HRTF_B,8,2.722,43.60,12.39,4,1
P001,HRTF_B,8,2.736,43.50,12.42,4,1
P001,HRTF_B,8,2.750,43.38,12.50,4,1
P001,HRTF_B,8,2.764,43.32,12.56,4,1
P001,HRTF_B,8,2.778,43.28,12.56,4,1
P001,HRTF_B,8,2.792,43.23,12.58,4,1
P001,HRTF_B,8,2.806,43.19,12.58,4,1
P001,HRTF_B,8,2.819,43.17,12.61,4,1
P001,HRTF_B,8,2.833,43.13,12.67,4,1
P001,HRTF_B,8,2.847,43.10,12.74,4,1
P001,HRTF_B,8,2.861,43.09,12.79,4,1
P001,HRTF_B,8,2.875,43.09,12.80,4,1
P001,HRTF_B,8,2.889,43.11,12.81,4,1
P001,HRTF_B,8,2.903,43.12,12.81,4,1
P001,HRTF_B,8,2.917,43.13,12.81,4,1
P001,HRTF_B,8,2.931,43.15,12.81,4,1
P001,HRTF_B,8,2.945,43.15,12.80,4,1
P001,HRTF_B,8,2.958,43.15,12.77,4,1
P001,HRTF_B,8,2.972,43.17,12.72,4,1
P001,HRTF_B,8,2.986,43.17,12.67,4,1
P001,HRTF_B,8,3.000,43.15,12.62,4,1
P001,HRTF_B,8,3.014,43.14,12.60,4,1
P001,HRTF_B,8,3.028,43.10,12.59,4,1
P001,HRTF_B,8,3.042,43.06,12.58,4,1
P001,HRTF_B,8,3.056,43.02,12.57,4,1
P001,HRTF_B,8,3.070,42.97,12.55,4,1
P001,HRTF_B,8,3.084,42.93,12.53,4,1
P001,HRTF_B,8,3.098,42.88,12.53,4,1
P001,HRTF_B,8,3.113,42.83,12.50,4,1
P001,HRTF_B,8,3.125,42.76,12.48,4,1
P001,HRTF_B,8,3.139,42.70,12.46,4,1
P001,HRTF_B,8,3.153,42.64,12.44,4,1
P001,HRTF_B,8,3.167,42.58,12.43,4,1
P001,HRTF_B,8,3.181,42.52,12.41,4,1
P001,HRTF_B,8,3.195,42.46,12.40,4,1
P001,HRTF_B,8,3.209,42.42,12.39,4,1
P001,HRTF_B,8,3.223,42.39,12.38,4,1
P001,HRTF_B,8,3.237,42.34,12.35,4,1
P001,HRTF_B,8,3.250,42.31,12.34,4,1
P001,HRTF_B,8,3.264,42.28,12.34,4,1
P001,HRTF_B,8,3.278,42.26,12.31,4,1
P001,HRTF_B,8,3.292,42.24,12.28,4,1
P001,HRTF_B,8,3.306,42.23,12.25,4,1
P001,HRTF_B,8,3.320,42.22,12.23,4,1
P001,HRTF_B,8,3.334,42.24,12.24,4,1
P001,HRTF_B,8,3.348,42.26,12.26,4,1
P001,HRTF_B,8,3.361,42.27,12.25,4,1
P001,HRTF_B,8,3.375,42.28,12.23,4,1
P001,HRTF_B,8,3.389,42.30,12.22,4,1
P001,HRTF_B,8,3.403,42.32,12.22,4,1
P001,HRTF_B,8,3.417,42.34,12.22,4,1
P001,HRTF_B,8,3.431,42.38,12.23,4,1
P001,HRTF_B,8,3.445,42.41,12.22,4,1
P001,HRTF_B,8,3.459,42.44,12.19,4,1
P001,HRTF_B,8,3.473,42.47,12.18,4,1
P001,HRTF_B,8,3.486,42.49,12.15,4,1
P001,HRTF_B,8,3.500,42.51,12.14,4,1
P001,HRTF_B,8,3.514,42.54,12.13,4,1
P001,HRTF_B,8,3.528,42.56,12.13,4,1
P001,HRTF_B,9,0.014,-19.22,-0.61,5,1
P001,HRTF_B,9,0.031,-19.16,-0.53,5,1
P001,HRTF_B,9,0.042,-19.09,-0.52,5,1
P001,HRTF_B,9,0.056,-19.04,-0.48,5,1
P001,HRTF_B,9,0.069,-18.92,-0.45,5,1
P001,HRTF_B,9,0.083,-18.79,-0.43,5,1
P001,HRTF_B,9,0.097,-18.64,-0.42,5,1
P001,HRTF_B,9,0.112,-18.49,-0.43,5,1
P001,HRTF_B,9,0.125,-18.34,-0.45,5,1
P001,HRTF_B,9,0.139,-18.22,-0.47,5,1
P001,HRTF_B,9,0.153,-18.09,-0.46,5,1
P001,HRTF_B,9,0.167,-17.95,-0.42,5,1
P001,HRTF_B,9,0.181,-17.79,-0.40,5,1
P001,HRTF_B,9,0.194,-17.67,-0.40,5,1
P001,HRTF_B,9,0.208,-17.59,-0.42,5,1
P001,HRTF_B,9,0.222,-17.51,-0.44,5,1
P001,HRTF_B,9,0.236,-17.42,-0.43,5,1
P001,HRTF_B,9,0.250,-17.37,-0.36,5,1
P001,HRTF_B,9,0.264,-17.32,-0.30,5,1
P001,HRTF_B,9,0.278,-17.28,-0.27,5,1
P001,HRTF_B,9,0.292,-17.27,-0.28,5,1
P001,HRTF_B,9,0.306,-17.27,-0.27,5,1
P001,HRTF_B,9,0.320,-17.27,-0.25,5,1
P001,HRTF_B,9,0.333,-17.26,-0.20,5,1
P001,HRTF_B,9,0.347,-17.26,-0.17,5,1
P001,HRTF_B,9,0.361,-17.26,-0.15,5,1
P001,HRTF_B,9,0.375,-17.27,-0.13,5,1
P001,HRTF_B,9,0.389,-17.24,-0.09,5,1
P001,HRTF_B,9,0.403,-17.19,-0.02,5,1
P001,HRTF_B,9,0.417,-17.12,0.03,5,1
P001,HRTF_B,9,0.430,-17.02,0.09,5,1
P001,HRTF_B,9,0.444,-16.86,0.13,5,1
P001,HRTF_B,9,0.459,-16.66,0.18,5,1
P001,HRTF_B,9,0.472,-16.46,0.24,5,1
P001,HRTF_B,9,0.486,-16.23,0.31,5,1
P001,HRTF_B,9,0.500,-15.97,0.43,5,1
P001,HRTF_B,9,0.514,-15.74,0.49,5,1
P001,HRTF_B,9,0.528,-15.52,0.58,5,1
P001,HRTF_B,9,0.542,-15.33,0.62,5,1
P001,HRTF_B,9,0.555,-15.17,0.64,5,1
P001,HRTF_B,9,0.569,-15.04,0.68,5,1
P001,HRTF_B,9,0.583,-14.90,0.68,5,1
P001,HRTF_B,9,0.597,-14.78,0.71,5,1
P001,HRTF_B,9,0.611,-14.63,0.74,5,1
P001,HRTF_B,9,0.625,-14.52,0.75,5,1
P001,HRTF_B,9,0.639,-14.42,0.75,5,1
P001,HRTF_B,9,0.652,-14.35,0.77,5,1
P001,HRTF_B,9,0.667,-14.31,0.79,5,1
P001,HRTF_B,9,0.681,-14.25,0.82,5,1
P001,HRTF_B,9,0.694,-14.20,0.84,5,1
P001,HRTF_B,9,0.708,-14.14,0.83,5,1
P001,HRTF_B,9,0.722,-14.11,0.83,5,1
P001,HRTF_B,9,0.736,-14.08,0.81,5,1
P001,HRTF_B,9,0.750,-14.04,0.82,5,1
P001,HRTF_B,9,0.764,-14.02,0.83,5,1
P001,HRTF_B,9,0.778,-14.00,0.82,5,1
P001,HRTF_B,9,0.792,-14.00,0.82,5,1
P001,HRTF_B,9,0.805,-13.98,0.81,5,1
P001,HRTF_B,9,0.819,-13.96,0.81,5,1
P001,HRTF_B,9,0.833,-13.97,0.84,5,1
P001,HRTF_B,9,0.847,-13.95,0.85,5,1
P001,HRTF_B,9,0.861,-13.93,0.87,5,1
P001,HRTF_B,9,0.875,-13.94,0.89,5,1
P001,HRTF_B,9,0.889,-13.94,0.90,5,1
P001,HRTF_B,9,0.903,-13.94,0.90,5,1
P001,HRTF_B,9,0.917,-13.93,0.89,5,1
P001,HRTF_B,9,0.931,-13.92,0.89,5,1
P001,HRTF_B,9,0.944,-13.91,0.88,5,1
P001,HRTF_B,9,0.958,-13.89,0.88,5,1
P001,HRTF_B,9,0.972,-13.88,0.88,5,1
P001,HRTF_B,9,0.986,-13.87,0.88,5,1
P001,HRTF_B,9,1.000,-13.85,0.88,5,1
P001,HRTF_B,9,1.014,-13.83,0.87,5,1
P001,HRTF_B,9,1.028,-13.81,0.85,5,1
P001,HRTF_B,9,1.042,-13.78,0.84,5,1
P001,HRTF_B,9,1.055,-13.78,0.84,5,1
P001,HRTF_B,9,1.069,-13.77,0.84,5,1
P001,HRTF_B,9,1.083,-13.76,0.82,5,1
P001,HRTF_B,9,1.097,-13.75,0.80,5,1
P001,HRTF_B,9,1.111,-13.74,0.77,5,1
P001,HRTF_B,9,1.125,-13.73,0.73,5,1
P001,HRTF_B,9,1.139,-13.71,0.73,5,1
P001,HRTF_B,9,1.153,-13.67,0.75,5,1
P001,HRTF_B,9,1.167,-13.65,0.77,5,1
P001,HRTF_B,9,1.181,-13.64,0.78,5,1
P001,HRTF_B,9,1.194,-13.63,0.79,5,1
P001,HRTF_B,9,1.208,-13.62,0.81,5,1
P001,HRTF_B,9,1.222,-13.59,0.81,5,1
P001,HRTF_B,9,1.236,-13.56,0.84,5,1
P001,HRTF_B,9,1.250,-13.54,0.86,5,1
P001,HRTF_B,9,1.264,-13.56,0.87,5,1
P001,HRTF_B,9,1.277,-13.58,0.89,5,1
P001,HRTF_B,9,1.292,-13.60,0.89,5,1
P001,HRTF_B,9,1.305,-13.62,0.90,5,1
P001,HRTF_B,9,1.319,-13.63,0.91,5,1
P001,HRTF_B,9,1.333,-13.65,0.91,5,1
P001,HRTF_B,9,1.347,-13.66,0.92,5,1
P001,HRTF_B,9,1.361,-13.69,0.89,5,1
P001,HRTF_B,9,1.375,-13.71,0.87,5,1
P001,HRTF_B,9,1.389,-13.72,0.86,5,1
P001,HRTF_B,9,1.402,-13.71,0.84,5,1
P001,HRTF_B,9,1.416,-13.71,0.83,5,1
P001,HRTF_B,9,1.430,-13.71,0.81,5,1
P001,HRTF_B,9,1.444,-13.68,0.79,5,1
P001,HRTF_B,9,1.458,-13.65,0.78,5,1
P001,HRTF_B,9,1.472,-13.59,0.77,5,1
P001,HRTF_B,9,1.486,-13.51,0.77,5,1
P001,HRTF_B,9,1.500,-13.40,0.78,5,1
P001,HRTF_B,9,1.513,-13.15,0.83,5,1
P001,HRTF_B,9,1.527,-12.62,0.89,5,1
P001,HRTF_B,9,1.541,-11.75,1.01,5,1
P001,HRTF_B,9,1.555,-10.62,1.11,5,1
P001,HRTF_B,9,1.569,-8.96,1.29,5,1
P001,HRTF_B,9,1.583,-6.91,1.55,5,1
P001,HRTF_B,9,1.597,-4.63,1.84,5,1
P001,HRTF_B,9,1.611,-1.89,2.25,5,1
P001,HRTF_B,9,1.625,1.07,2.74,5,1
P001,HRTF_B,9,1.639,4.29,3.32,5,1
P001,HRTF_B,9,1.652,7.58,3.82,5,1
P001,HRTF_B,9,1.666,11.03,4.34,5,1
P001,HRTF_B,9,1.680,14.89,4.87,5,1
P001,HRTF_B,9,1.694,18.66,5.37,5,1
P001,HRTF_B,9,1.708,22.48,5.82,5,1
P001,HRTF_B,9,1.722,26.23,6.17,5,1
P001,HRTF_B,9,1.736,29.98,6.57,5,1
P001,HRTF_B,9,1.750,33.67,6.85,5,1
P001,HRTF_B,9,1.764,37.23,7.11,5,1
P001,HRTF_B,9,1.777,40.66,7.27,5,1
P001,HRTF_B,9,1.791,43.76,7.30,5,1
P001,HRTF_B,9,1.805,46.75,7.22,5,1
P001,HRTF_B,9,1.819,49.71,7.05,5,1
P001,HRTF_B,9,1.833,52.50,6.92,5,1
P001,HRTF_B,9,1.847,54.92,6.84,5,1
P001,HRTF_B,9,1.861,57.17,6.71,5,1
P001,HRTF_B,9,1.875,58.95,6.57,5,1
P001,HRTF_B,9,1.889,60.70,6.40,5,1
P001,HRTF_B,9,1.902,61.91,6.22,5,1
P001,HRTF_B,9,1.916,63.06,6.09,5,1
P001,HRTF_B,9,1.930,63.81,6.14,5,1
P001,HRTF_B,9,1.944,64.38,6.20,5,1
P001,HRTF_B,9,1.958,64.85,6.16,5,1
P001,HRTF_B,9,1.972,65.18,6.18,5,1
P001,HRTF_B,9,1.986,65.45,6.18,5,1
P001,HRTF_B,9,2.000,65.41,6.25,5,1
P001,HRTF_B,9,2.013,65.38,6.31,5,1
P001,HRTF_B,9,2.027,65.23,6.41,5,1
P001,HRTF_B,9,2.041,64.99,6.47,5,1
P001,HRTF_B,9,2.055,64.72,6.50,5,1
P001,HRTF_B,9,2.069,64.42,6.51,5,1
P001,HRTF_B,9,2.083,64.10,6.53,5,1
P001,HRTF_B,9,2.097,63.83,6.52,5,1
P001,HRTF_B,9,2.110,63.52,6.55,5,1
P001,HRTF_B,9,2.124,63.23,6.56,5,1
P001,HRTF_B,9,2.138,62.99,6.55,5,1
P001,HRTF_B,9,2.152,62.75,6.53,5,1
P001,HRTF_B,9,2.166,62.48,6.51,5,1
P001,HRTF_B,9,2.180,62.15,6.53,5,1
P001,HRTF_B,9,2.194,61.78,6.54,5,1
P001,HRTF_B,9,2.208,61.34,6.55,5,1
P001,HRTF_B,9,2.222,60.84,6.59,5,1
P001,HRTF_B,9,2.236,60.28,6.68,5,1
P001,HRTF_B,9,2.250,59.58,6.75,5,1
P001,HRTF_B,9,2.264,58.68,6.78,5,1
P001,HRTF_B,9,2.277,57.71,6.80,5,1
P001,HRTF_B,9,2.291,56.61,6.77,5,1
P001,HRTF_B,9,2.305,55.48,6.74,5,1
P001,HRTF_B,9,2.319,54.43,6.72,5,1
P001,HRTF_B,9,2.333,53.37,6.70,5,1
P001,HRTF_B,9,2.347,52.28,6.71,5,1
P001,HRTF_B,9,2.361,51.17,6.69,5,1
P001,HRTF_B,9,2.375,50.13,6.66,5,1
P001,HRTF_B,9,2.388,49.15,6.60,5,1
P001,HRTF_B,9,2.402,48.15,6.53,5,1
P001,HRTF_B,9,2.416,47.21,6.52,5,1
P001,HRTF_B,9,2.430,46.24,6.47,5,1
P001,HRTF_B,9,2.444,45.31,6.49,5,1
P001,HRTF_B,9,2.458,44.35,6.50,5,1
P001,HRTF_B,9,2.472,43.42,6.50,5,1
P001,HRTF_B,9,2.486,42.59,6.42,5,1
P001,HRTF_B,9,2.499,41.67,6.26,5,1
P001,HRTF_B,9,2.513,40.55,6.02,5,1
P001,HRTF_B,9,2.527,39.28,5.82,5,1
P001,HRTF_B,9,2.541,38.04,5.67,5,1
P001,HRTF_B,9,2.555,36.89,5.59,5,1
P001,HRTF_B,9,2.569,35.85,5.44,5,1
P001,HRTF_B,9,2.583,34.79,5.25,5,1
P001,HRTF_B,9,2.597,33.73,5.07,5,1
P001,HRTF_B,9,2.611,32.74,4.90,5,1
P001,HRTF_B,9,2.625,31.88,4.75,5,1
P001,HRTF_B,9,2.638,31.13,4.60,5,1
P001,HRTF_B,9,2.652,30.47,4.42,5,1
P001,HRTF_B,9,2.666,29.80,4.16,5,1
P001,HRTF_B,9,2.680,29.13,3.97,5,1
P001,HRTF_B,9,2.694,28.51,3.81,5,1
P001,HRTF_B,9,2.708,27.96,3.67,5,1
P001,HRTF_B,9,2.722,27.46,3.49,5,1
P001,HRTF_B,9,2.736,26.96,3.34,5,1
P001,HRTF_B,9,2.750,26.49,3.15,5,1
P001,HRTF_B,9,2.763,26.02,2.98,5,1
P001,HRTF_B,9,2.777,25.64,2.88,5,1
P001,HRTF_B,9,2.791,25.29,2.81,5,1
P001,HRTF_B,9,2.805,25.02,2.71,5,1
P001,HRTF_B,9,2.819,24.71,2.63,5,1
P001,HRTF_B,9,2.833,24.44,2.53,5,1
P001,HRTF_B,9,2.846,24.18,2.46,5,1
P001,HRTF_B,9,2.860,24.03,2.43,5,1
P001,HRTF_B,9,2.874,23.89,2.37,5,1
P001,HRTF_B,9,2.888,23.82,2.34,5,1
P001,HRTF_B,9,2.902,23.79,2.30,5,1
P001,HRTF_B,9,2.916,23.79,2.27,5,1
P001,HRTF_B,9,2.930,23.81,2.23,5,1
P001,HRTF_B,9,2.944,23.83,2.25,5,1
P001,HRTF_B,9,2.958,23.86,2.25,5,1
P001,HRTF_B,9,2.972,23.93,2.29,5,1
P001,HRTF_B,9,2.986,23.99,2.31,5,1
P001,HRTF_B,9,3.000,24.08,2.33,5,1
P001,HRTF_B,9,3.013,24.16,2.32,5,1
P001,HRTF_B,9,3.027,24.22,2.32,5,1
P001,HRTF_B,9,3.041,24.28,2.33,5,1
P001,HRTF_B,9,3.055,24.31,2.35,5,1
P001,HRTF_B,9,3.069,24.38,2.37,5,1
P001,HRTF_B,9,3.083,24.41,2.40,5,1
P001,HRTF_B,9,3.097,24.44,2.43,5,1
P001,HRTF_B,9,3.110,24.46,2.44,5,1
P001,HRTF_B,9,3.124,24.49,2.44,5,1
P001,HRTF_B,9,3.138,24.51,2.44,5,1
P001,HRTF_B,9,3.152,24.52,2.45,5,1
P001,HRTF_B,9,3.166,24.55,2.44,5,1
P001,HRTF_B,9,3.180,24.56,2.43,5,1
P001,HRTF_B,9,3.194,24.56,2.43,5,1
P001,HRTF_B,9,3.208,24.58,2.43,5,1
P001,HRTF_B,9,3.222,24.61,2.43,5,1
P001,HRTF_B,9,3.236,24.64,2.45,5,1
P001,HRTF_B,9,3.249,24.68,2.44,5,1
P001,HRTF_B,9,3.263,24.73,2.45,5,1
P001,HRTF_B,9,3.277,24.79,2.47,5,1
P001,HRTF_B,9,3.291,24.83,2.50,5,1
P001,HRTF_B,9,3.305,24.86,2.53,5,1
P001,HRTF_B,9,3.319,24.91,2.53,5,1
P001,HRTF_B,9,3.333,24.96,2.53,5,1
P001,HRTF_B,9,3.347,25.00,2.57,5,1
P001,HRTF_B,9,3.361,25.08,2.58,5,1
P001,HRTF_B,9,3.375,25.13,2.60,5,1
P001,HRTF_B,9,3.388,25.19,2.61,5,1
P001,HRTF_B,9,3.402,25.24,2.62,5,1
P001,HRTF_B,9,3.416,25.29,2.64,5,1
P001,HRTF_B,9,3.430,25.33,2.63,5,1
P001,HRTF_B,9,3.444,25.37,2.64,5,1
P001,HRTF_B,9,3.458,25.43,2.64,5,1
P001,HRTF_B,9,3.472,25.47,2.64,5,1
P001,HRTF_B,9,3.485,25.52,2.66,5,1
P001,HRTF_B,9,3.499,25.56,2.66,5,1
P001,HRTF_B,9,3.513,25.60,2.64,5,1
P001,HRTF_B,9,3.527,25.62,2.67,5,1
P001,HRTF_B,9,3.541,25.65,2.66,5,1
P001,HRTF_B,9,3.555,25.67,2.65,5,1
P001,HRTF_B,10,0.014,-17.03,-2.82,14,1
P001,HRTF_B,10,0.030,-17.14,-2.84,14,1
P001,HRTF_B,10,0.042,-17.24,-2.85,14,1
P001,HRTF_B,10,0.056,-17.33,-2.85,14,1
P001,HRTF_B,10,0.072,-17.39,-2.86,14,1
P001,HRTF_B,10,0.083,-17.42,-2.88,14,1
P001,HRTF_B,10,0.097,-17.43,-2.94,14,1
P001,HRTF_B,10,0.111,-17.43,-2.97,14,1
P001,HRTF_B,10,0.125,-17.41,-2.98,14,1
P001,HRTF_B,10,0.139,-17.38,-3.00,14,1
P001,HRTF_B,10,0.153,-17.31,-3.00,14,1
P001,HRTF_B,10,0.167,-17.26,-3.00,14,1
P001,HRTF_B,10,0.180,-17.13,-3.01,14,1
P001,HRTF_B,10,0.194,-17.01,-3.04,14,1
P001,HRTF_B,10,0.208,-16.86,-3.08,14,1
P001,HRTF_B,10,0.222,-16.68,-3.08,14,1
P001,HRTF_B,10,0.236,-16.49,-3.05,14,1
P001,HRTF_B,10,0.250,-16.28,-2.99,14,1
P001,HRTF_B,10,0.264,-16.05,-2.93,14,1
P001,HRTF_B,10,0.278,-15.83,-2.87,14,1
P001,HRTF_B,10,0.291,-15.59,-2.80,14,1
P001,HRTF_B,10,0.305,-15.30,-2.75,14,1
P001,HRTF_B,10,0.319,-14.96,-2.67,14,1
P001,HRTF_B,10,0.333,-14.54,-2.58,14,1
P001,HRTF_B,10,0.347,-14.04,-2.47,14,1
P001,HRTF_B,10,0.361,-13.38,-2.29,14,1
P001,HRTF_B,10,0.375,-12.56,-2.10,14,1
P001,HRTF_B,10,0.389,-11.58,-1.93,14,1
P001,HRTF_B,10,0.403,-10.58,-1.71,14,1
P001,HRTF_B,10,0.417,-9.28,-1.33,14,1
P001,HRTF_B,10,0.431,-7.61,-0.73,14,1
P001,HRTF_B,10,0.444,-5.68,-0.07,14,1
P001,HRTF_B,10,0.458,-3.54,0.62,14,1
P001,HRTF_B,10,0.472,-1.38,1.26,14,1
P001,HRTF_B,10,0.486,1.11,1.94,14,1
P001,HRTF_B,10,0.500,3.59,2.55,14,1
P001,HRTF_B,10,0.514,6.15,3.20,14,1
P001,HRTF_B,10,0.528,8.65,3.81,14,1
P001,HRTF_B,10,0.542,11.34,4.48,14,1
P001,HRTF_B,10,0.555,13.98,4.92,14,1
P001,HRTF_B,10,0.569,16.50,5.37,14,1
P001,HRTF_B,10,0.583,18.96,5.77,14,1
P001,HRTF_B,10,0.597,21.40,6.16,14,1
P001,HRTF_B,10,0.611,23.77,6.54,14,1
P001,HRTF_B,10,0.625,26.01,6.80,14,1
P001,HRTF_B,10,0.639,28.11,7.01,14,1
P001,HRTF_B,10,0.653,30.03,7.13,14,1
P001,HRTF_B,10,0.666,31.96,7.16,14,1
P001,HRTF_B,10,0.680,33.79,7.22,14,1
P001,HRTF_B,10,0.694,35.49,7.26,14,1
P001,HRTF_B,10,0.708,37.27,7.32,14,1
P001,HRTF_B,10,0.722,38.94,7.31,14,1
P001,HRTF_B,10,0.736,40.58,7.34,14,1
P001,HRTF_B,10,0.750,42.22,7.32,14,1
P001,HRTF_B,10,0.764,43.81,7.28,14,1
P001,HRTF_B,10,0.778,45.44,7.22,14,1
P001,HRTF_B,10,0.791,46.95,7.21,14,1
P001,HRTF_B,10,0.805,48.49,7.13,14,1
P001,HRTF_B,10,0.819,50.09,7.06,14,1
P001,HRTF_B,10,0.833,51.65,6.95,14,1
P001,HRTF_B,10,0.847,53.22,6.76,14,1
P001,HRTF_B,10,0.861,54.74,6.59,14,1
P001,HRTF_B,10,0.875,56.24,6.41,14,1
P001,HRTF_B,10,0.889,57.79,6.16,14,1
P001,HRTF_B,10,0.903,59.32,5.92,14,1
P001,HRTF_B,10,0.916,60.91,5.63,14,1
P001,HRTF_B,10,0.930,62.41,5.34,14,1
P001,HRTF_B,10,0.944,63.87,5.04,14,1
P001,HRTF_B,10,0.958,65.29,4.70,14,1
P001,HRTF_B,10,0.972,66.74,4.37,14,1
P001,HRTF_B,10,0.986,68.15,4.03,14,1
P001,HRTF_B,10,1.000,69.46,3.75,14,1
P001,HRTF_B,10,1.014,70.72,3.51,14,1
P001,HRTF_B,10,1.028,71.92,3.29,14,1
P001,HRTF_B,10,1.042,73.06,3.06,14,1
P001,HRTF_B,10,1.055,74.03,2.80,14,1
P001,HRTF_B,10,1.069,75.02,2.59,14,1
P001,HRTF_B,10,1.083,75.84,2.39,14,1
P001,HRTF_B,10,1.097,76.57,2.19,14,1
P001,HRTF_B,10,1.111,77.21,2.00,14,1
P001,HRTF_B,10,1.125,77.81,1.89,14,1
P001,HRTF_B,10,1.139,78.38,1.76,14,1
P001,HRTF_B,10,1.153,78.75,1.72,14,1
P001,HRTF_B,10,1.166,79.11,1.64,14,1
P001,HRTF_B,10,1.181,79.45,1.51,14,1
P001,HRTF_B,10,1.194,79.68,1.38,14,1
P001,HRTF_B,10,1.208,79.92,1.25,14,1
P001,HRTF_B,10,1.222,80.07,1.14,14,1
P001,HRTF_B,10,1.236,80.21,0.96,14,1
P001,HRTF_B,10,1.250,80.29,0.80,14,1
P001,HRTF_B,10,1.264,80.36,0.65,14,1
P001,HRTF_B,10,1.278,80.30,0.58,14,1
P001,HRTF_B,10,1.292,80.26,0.49,14,1
P001,HRTF_B,10,1.305,80.18,0.34,14,1
P001,HRTF_B,10,1.319,80.10,0.16,14,1
P001,HRTF_B,10,1.333,79.88,-0.01,14,1
P001,HRTF_B,10,1.347,79.65,-0.16,14,1
P001,HRTF_B,10,1.361,79.28,-0.32,14,1
P001,HRTF_B,10,1.375,78.82,-0.50,14,1
P001,HRTF_B,10,1.389,78.21,-0.71,14,1
P001,HRTF_B,10,1.403,77.58,-0.91,14,1
P001,HRTF_B,10,1.417,76.83,-1.08,14,1
P001,HRTF_B,10,1.431,75.98,-1.32,14,1
P001,HRTF_B,10,1.444,75.06,-1.63,14,1
P001,HRTF_B,10,1.458,74.09,-1.91,14,1
P001,HRTF_B,10,1.472,73.07,-2.17,14,1
P001,HRTF_B,10,1.486,71.95,-2.34,14,1
P001,HRTF_B,10,1.500,70.73,-2.45,14,1
P001,HRTF_B,10,1.514,69.44,-2.56,14,1
P001,HRTF_B,10,1.527,68.03,-2.68,14,1
P001,HRTF_B,10,1.542,66.53,-2.76,14,1
P001,HRTF_B,10,1.556,64.88,-2.82,14,1
P001,HRTF_B,10,1.569,63.24,-2.89,14,1
P001,HRTF_B,10,1.583,61.25,-2.92,14,1
P001,HRTF_B,10,1.597,59.30,-2.98,14,1
P001,HRTF_B,10,1.611,57.08,-2.99,14,1
P001,HRTF_B,10,1.625,55.02,-3.07,14,1
P001,HRTF_B,10,1.639,52.82,-3.18,14,1
P001,HRTF_B,10,1.653,50.53,-3.31,14,1
P001,HRTF_B,10,1.666,48.06,-3.47,14,1
P001,HRTF_B,10,1.680,45.50,-3.59,14,1
P001,HRTF_B,10,1.694,42.86,-3.66,14,1
P001,HRTF_B,10,1.708,40.26,-3.78,14,1
P001,HRTF_B,10,1.722,37.56,-3.90,14,1
P001,HRTF_B,10,1.736,34.88,-4.10,14,1
P001,HRTF_B,10,1.750,32.12,-4.33,14,1
P001,HRTF_B,10,1.764,29.28,-4.56,14,1
P001,HRTF_B,10,1.778,26.49,-4.70,14,1
P001,HRTF_B,10,1.792,23.73,-4.84,14,1
P001,HRTF_B,10,1.805,21.02,-4.99,14,1
P001,HRTF_B,10,1.819,18.23,-5.18,14,1
P001,HRTF_B,10,1.833,15.41,-5.37,14,1
P001,HRTF_B,10,1.847,12.70,-5.49,14,1
P001,HRTF_B,10,1.861,10.08,-5.59,14,1
P001,HRTF_B,10,1.875,7.48,-5.70,14,1
P001,HRTF_B,10,1.889,4.89,-5.89,14,1
P001,HRTF_B,10,1.903,2.32,-6.09,14,1
P001,HRTF_B,10,1.916,-0.14,-6.28,14,1
P001,HRTF_B,10,1.930,-2.51,-6.38,14,1
P001,HRTF_B,10,1.944,-4.85,-6.51,14,1
P001,HRTF_B,10,1.958,-7.24,-6.65,14,1
P001,HRTF_B,10,1.972,-9.67,-6.76,14,1
P001,HRTF_B,10,1.986,-11.96,-6.80,14,1
P001,HRTF_B,10,2.000,-14.18,-6.81,14,1
P001,HRTF_B,10,2.014,-16.34,-6.76,14,1
P001,HRTF_B,10,2.028,-18.55,-6.77,14,1
P001,HRTF_B,10,2.042,-20.82,-6.76,14,1
P001,HRTF_B,10,2.055,-22.96,-6.71,14,1
P001,HRTF_B,10,2.069,-25.00,-6.58,14,1
P001,HRTF_B,10,2.083,-27.02,-6.44,14,1
P001,HRTF_B,10,2.097,-29.05,-6.30,14,1
P001,HRTF_B,10,2.111,-31.08,-6.14,14,1
P001,HRTF_B,10,2.125,-33.04,-5.95,14,1
P001,HRTF_B,10,2.139,-34.96,-5.72,14,1
P001,HRTF_B,10,2.153,-36.95,-5.48,14,1
P001,HRTF_B,10,2.166,-39.05,-5.27,14,1
P001,HRTF_B,10,2.180,-41.18,-5.08,14,1
P001,HRTF_B,10,2.194,-43.25,-4.78,14,1
P001,HRTF_B,10,2.208,-45.24,-4.49,14,1
P001,HRTF_B,10,2.222,-47.27,-4.17,14,1
P001,HRTF_B,10,2.236,-49.34,-3.84,14,1
P001,HRTF_B,10,2.250,-51.39,-3.49,14,1
P001,HRTF_B,10,2.264,-53.33,-3.16,14,1
P001,HRTF_B,10,2.278,-55.15,-2.71,14,1
P001,HRTF_B,10,2.292,-56.99,-2.33,14,1
P001,HRTF_B,10,2.305,-58.76,-1.93,14,1
P001,HRTF_B,10,2.319,-60.49,-1.55,14,1
P001,HRTF_B,10,2.333,-62.20,-1.18,14,1
P001,HRTF_B,10,2.347,-63.84,-0.84,14,1
P001,HRTF_B,10,2.361,-65.40,-0.51,14,1
P001,HRTF_B,10,2.375,-66.96,-0.26,14,1
P001,HRTF_B,10,2.389,-68.46,0.00,14,1
P001,HRTF_B,10,2.403,-69.98,0.32,14,1
P001,HRTF_B,10,2.416,-71.46,0.69,14,1
P001,HRTF_B,10,2.431,-72.86,1.07,14,1
P001,HRTF_B,10,2.444,-74.30,1.44,14,1
P001,HRTF_B,10,2.458,-75.68,1.79,14,1
P001,HRTF_B,10,2.472,-76.89,2.14,14,1
P001,HRTF_B,10,2.486,-78.03,2.37,14,1
P001,HRTF_B,10,2.500,-79.14,2.55,14,1
P001,HRTF_B,10,2.514,-80.08,2.65,14,1
P001,HRTF_B,10,2.528,-80.90,2.70,14,1
P001,HRTF_B,10,2.542,-81.60,2.71,14,1
P001,HRTF_B,10,2.555,-82.19,2.62,14,1
P001,HRTF_B,10,2.569,-82.60,2.49,14,1
P001,HRTF_B,10,2.583,-83.08,2.41,14,1
P001,HRTF_B,10,2.597,-83.50,2.31,14,1
P001,HRTF_B,10,2.611,-83.95,2.25,14,1
P001,HRTF_B,10,2.625,-84.35,2.20,14,1
P001,HRTF_B,10,2.639,-84.72,2.16,14,1
P001,HRTF_B,10,2.653,-85.09,2.07,14,1
P001,HRTF_B,10,2.666,-85.45,2.01,14,1
P001,HRTF_B,10,2.680,-85.71,1.91,14,1
P001,HRTF_B,10,2.694,-85.94,1.85,14,1
P001,HRTF_B,10,2.708,-86.01,1.82,14,1
P001,HRTF_B,10,2.722,-85.91,1.80,14,1
P001,HRTF_B,10,2.736,-85.47,1.78,14,1
P001,HRTF_B,10,2.750,-84.99,1.80,14,1
P001,HRTF_B,10,2.764,-84.09,1.88,14,1
P001,HRTF_B,10,2.778,-83.05,1.94,14,1
P001,HRTF_B,10,2.791,-81.69,1.98,14,1
P001,HRTF_B,10,2.805,-79.98,1.95,14,1
P001,HRTF_B,10,2.819,-78.14,1.90,14,1
P001,HRTF_B,10,2.833,-76.04,1.92,14,1
P001,HRTF_B,10,2.847,-74.02,1.91,14,1
P001,HRTF_B,10,2.861,-71.33,1.93,14,1
P001,HRTF_B,10,2.875,-68.64,1.93,14,1
P001,HRTF_B,10,2.889,-65.66,1.91,14,1
P001,HRTF_B,10,2.903,-62.46,1.89,14,1
P001,HRTF_B,10,2.917,-59.18,1.86,14,1
P001,HRTF_B,10,2.930,-55.73,1.82,14,1
P001,HRTF_B,10,2.944,-52.07,1.77,14,1
P001,HRTF_B,10,2.958,-48.09,1.62,14,1
P001,HRTF_B,10,2.972,-44.12,1.53,14,1
P001,HRTF_B,10,2.986,-40.00,1.36,14,1
P001,HRTF_B,10,3.000,-35.89,1.19,14,1
P001,HRTF_B,10,3.014,-31.61,1.02,14,1
P001,HRTF_B,10,3.027,-27.31,0.81,14,1
P001,HRTF_B,10,3.042,-23.03,0.59,14,1
P001,HRTF_B,10,3.055,-18.74,0.41,14,1
P001,HRTF_B,10,3.069,-14.53,0.20,14,1
P001,HRTF_B,10,3.083,-10.47,-0.03,14,1
P001,HRTF_B,10,3.097,-6.62,-0.23,14,1
P001,HRTF_B,10,3.111,-2.86,-0.39,14,1
P001,HRTF_B,10,3.125,0.80,-0.50,14,1
P001,HRTF_B,10,3.139,4.37,-0.53,14,1
P001,HRTF_B,10,3.153,7.82,-0.58,14,1
P001,HRTF_B,10,3.167,10.99,-0.58,14,1
P001,HRTF_B,10,3.180,14.08,-0.62,14,1
P001,HRTF_B,10,3.194,17.02,-0.61,14,1
P001,HRTF_B,10,3.208,19.90,-0.62,14,1
P001,HRTF_B,10,3.222,22.64,-0.54,14,1
P001,HRTF_B,10,3.236,25.21,-0.44,14,1
P001,HRTF_B,10,3.250,27.72,-0.26,14,1
P001,HRTF_B,10,3.264,30.23,-0.13,14,1
P001,HRTF_B,10,3.278,32.65,0.02,14,1
P001,HRTF_B,10,3.291,35.00,0.23,14,1
P001,HRTF_B,10,3.305,37.37,0.49,14,1
P001,HRTF_B,10,3.319,39.46,0.85,14,1
P001,HRTF_B,10,3.333,41.55,1.12,14,1
P001,HRTF_B,10,3.347,43.68,1.37,14,1
P001,HRTF_B,10,3.361,45.81,1.61,14,1
P001,HRTF_B,10,3.375,47.81,1.85,14,1
P001,HRTF_B,10,3.389,49.82,2.08,14,1
P001,HRTF_B,10,3.403,51.71,2.26,14,1
P001,HRTF_B,10,3.416,53.55,2.46,14,1
P001,HRTF_B,10,3.430,55.33,2.68,14,1
P001,HRTF_B,10,3.444,57.14,2.88,14,1
P001,HRTF_B,10,3.458,58.95,3.12,14,1
P001,HRTF_B,10,3.472,60.71,3.35,14,1
P001,HRTF_B,10,3.486,62.47,3.57,14,1
P001,HRTF_B,10,3.500,64.23,3.82,14,1
P001,HRTF_B,10,3.514,66.09,4.03,14,1
P001,HRTF_B,10,3.528,67.93,4.28,14,1
P001,HRTF_B,10,3.542,69.77,4.55,14,1
P001,HRTF_B,10,3.555,71.63,4.91,14,1
P001,HRTF_B,10,3.569,73.47,5.23,14,1
P001,HRTF_B,10,3.583,75.37,5.56,14,1
P001,HRTF_B,10,3.597,77.20,5.87,14,1
P001,HRTF_B,10,3.611,78.95,6.28,14,1
P001,HRTF_B,10,3.625,80.67,6.59,14,1
P001,HRTF_B,10,3.639,82.26,6.86,14,1
P001,HRTF_B,10,3.653,83.93,7.05,14,1
P001,HRTF_B,10,3.666,85.54,7.24,14,1
P001,HRTF_B,10,3.680,87.08,7.36,14,1
P001,HRTF_B,10,3.694,88.61,7.45,14,1
P001,HRTF_B,10,3.708,90.11,7.61,14,1
P001,HRTF_B,10,3.722,91.57,7.72,14,1
P001,HRTF_B,10,3.736,93.04,7.82,14,1
P001,HRTF_B,10,3.750,94.48,7.91,14,1
P001,HRTF_B,10,3.764,95.91,7.99,14,1
P001,HRTF_B,10,3.778,97.31,8.11,14,1
P001,HRTF_B,10,3.791,98.68,8.26,14,1
P001,HRTF_B,10,3.805,100.05,8.45,14,1
P001,HRTF_B,10,3.819,101.43,8.57,14,1
P001,HRTF_B,10,3.833,102.75,8.59,14,1
P001,HRTF_B,10,3.847,104.06,8.67,14,1
P001,HRTF_B,10,3.861,105.33,8.82,14,1
P001,HRTF_B,10,3.875,106.61,8.94,14,1
P001,HRTF_B,10,3.889,107.87,9.07,14,1
P001,HRTF_B,10,3.902,109.07,9.31,14,1
P001,HRTF_B,10,3.916,110.29,9.53,14,1
P001,HRTF_B,10,3.930,111.50,9.77,14,1
P001,HRTF_B,10,3.944,112.71,9.92,14,1
P001,HRTF_B,10,3.958,113.92,10.06,14,1
P001,HRTF_B,10,3.972,115.22,10.20,14,1
P001,HRTF_B,10,3.986,116.54,10.28,14,1
P001,HRTF_B,10,4.000,117.84,10.41,14,1
P001,HRTF_B,10,4.014,119.09,10.54,14,1
P001,HRTF_B,10,4.028,120.32,10.64,14,1
P001,HRTF_B,10,4.041,121.50,10.72,14,1
P001,HRTF_B,10,4.055,122.68,10.72,14,1
P001,HRTF_B,10,4.069,123.85,10.76,14,1
P001,HRTF_B,10,4.083,124.94,10.83,14,1
P001,HRTF_B,10,4.097,126.07,10.90,14,1
P001,HRTF_B,10,4.111,127.13,11.00,14,1
P001,HRTF_B,10,4.125,128.21,11.09,14,1
P001,HRTF_B,10,4.139,129.29,11.16,14,1
P001,HRTF_B,10,4.153,130.32,11.28,14,1
P001,HRTF_B,10,4.166,131.35,11.39,14,1
P001,HRTF_B,10,4.181,132.34,11.45,14,1
P001,HRTF_B,10,4.194,133.36,11.54,14,1
P001,HRTF_B,10,4.208,134.39,11.66,14,1
P001,HRTF_B,10,4.222,135.29,11.65,14,1
P001,HRTF_B,10,4.236,136.23,11.70,14,1
P001,HRTF_B,10,4.250,137.15,11.69,14,1
P001,HRTF_B,10,4.264,138.00,11.67,14,1
P001,HRTF_B,10,4.278,138.83,11.55,14,1
P001,HRTF_B,10,4.292,139.67,11.39,14,1
P001,HRTF_B,10,4.305,140.43,11.17,14,1
P001,HRTF_B,10,4.319,141.15,10.97,14,1
P001,HRTF_B,10,4.333,141.89,10.80,14,1
P001,HRTF_B,10,4.347,142.56,10.56,14,1
P001,HRTF_B,10,4.361,143.22,10.36,14,1
P001,HRTF_B,10,4.375,143.74,10.13,14,1
P001,HRTF_B,10,4.389,144.21,10.00,14,1
P001,HRTF_B,10,4.403,144.57,9.96,14,1
P001,HRTF_B,10,4.416,144.96,9.87,14,1
P001,HRTF_B,10,4.430,145.10,10.01,14,1
P001,HRTF_B,10,4.444,145.31,10.07,14,1
P001,HRTF_B,10,4.458,145.57,10.08,14,1
P001,HRTF_B,10,4.472,145.88,10.11,14,1
P001,HRTF_B,10,4.486,146.23,10.09,14,1
P001,HRTF_B,10,4.500,146.59,10.15,14,1
P001,HRTF_B,10,4.514,146.95,10.29,14,1
P001,HRTF_B,10,4.527,147.26,10.51,14,1
P001,HRTF_B,10,4.542,147.54,10.82,14,1
P001,HRTF_B,10,4.555,147.78,11.12,14,1
P001,HRTF_B,10,4.569,148.03,11.38,14,1
P001,HRTF_B,10,4.583,148.27,11.60,14,1
P001,HRTF_B,10,4.597,148.47,11.79,14,1
P001,HRTF_B,10,4.611,148.63,11.98,14,1
P001,HRTF_B,10,4.625,148.82,12.12,14,1
P001,HRTF_B,10,4.639,148.97,12.21,14,1
P001,HRTF_B,10,4.653,149.10,12.10,14,1
P001,HRTF_B,10,4.667,149.25,11.77,14,1
P001,HRTF_B,10,4.681,149.43,11.28,14,1
P001,HRTF_B,10,4.694,149.65,10.38,14,1
P001,HRTF_B,10,4.708,149.84,9.32,14,1
P001,HRTF_B,10,4.722,149.97,7.96,14,1
P001,HRTF_B,10,4.736,150.09,6.70,14,1
P001,HRTF_B,10,4.750,150.15,5.50,14,1
P001,HRTF_B,10,4.764,150.19,4.44,14,1
P001,HRTF_B,10,4.778,150.14,3.55,14,1
P001,HRTF_B,10,4.792,150.08,2.71,14,1
P001,HRTF_B,10,4.805,149.94,1.96,14,1
P001,HRTF_B,10,4.820,149.86,1.21,14,1
P001,HRTF_B,10,4.833,149.72,0.52,14,1
P001,HRTF_B,10,4.847,149.60,-0.12,14,1
P001,HRTF_B,10,4.861,149.46,-0.67,14,1
P001,HRTF_B,10,4.875,149.35,-1.21,14,1
P001,HRTF_B,10,4.889,149.31,-1.68,14,1
P001,HRTF_B,10,4.903,149.23,-2.07,14,1
P001,HRTF_B,10,4.917,149.15,-2.43,14,1
P001,HRTF_B,10,4.931,148.98,-2.71,14,1
P001,HRTF_B,10,4.944,148.76,-3.01,14,1
P001,HRTF_B,10,4.958,148.49,-3.20,14,1
P001,HRTF_B,10,4.972,148.24,-3.40,14,1
P001,HRTF_B,10,4.986,147.97,-3.53,14,1
P001,HRTF_B,10,5.000,147.67,-3.68,14,1
P001,HRTF_B,10,5.014,147.39,-3.89,14,1
P001,HRTF_B,10,5.028,147.12,-4.11,14,1
P001,HRTF_B,10,5.042,146.84,-4.37,14,1
P001,HRTF_B,10,5.056,146.58,-4.65,14,1
P001,HRTF_B,10,5.069,146.28,-4.90,14,1
P001,HRTF_B,10,5.083,145.98,-5.19,14,1
P001,HRTF_B,10,5.097,145.72,-5.50,14,1
P001,HRTF_B,10,5.111,145.45,-5.76,14,1
P001,HRTF_B,10,5.125,145.21,-6.03,14,1
P001,HRTF_B,10,5.139,144.98,-6.30,14,1
P001,HRTF_B,10,5.153,144.75,-6.54,14,1
P001,HRTF_B,10,5.167,144.50,-6.79,14,1
P001,HRTF_B,10,5.181,144.29,-6.98,14,1
P001,HRTF_B,10,5.195,144.13,-7.14,14,1
P001,HRTF_B,10,5.208,143.94,-7.28,14,1
P001,HRTF_B,10,5.222,143.80,-7.37,14,1
P001,HRTF_B,10,5.236,143.67,-7.41,14,1
P001,HRTF_B,10,5.250,143.57,-7.45,14,1
P001,HRTF_B,10,5.264,143.50,-7.48,14,1
P001,HRTF_B,10,5.278,143.47,-7.52,14,1
P001,HRTF_B,10,5.292,143.43,-7.59,14,1
P001,HRTF_B,10,5.306,143.44,-7.68,14,1
P001,HRTF_B,10,5.320,143.50,-7.78,14,1
P001,HRTF_B,10,5.333,143.56,-7.88,14,1
P001,HRTF_B,10,5.347,143.61,-7.96,14,1
P001,HRTF_B,10,5.361,143.64,-8.01,14,1
P001,HRTF_B,10,5.375,143.69,-8.08,14,1
P001,HRTF_B,10,5.389,143.73,-8.12,14,1
P001,HRTF_B,10,5.403,143.79,-8.18,14,1
P001,HRTF_B,10,5.417,143.81,-8.25,14,1
P001,HRTF_B,10,5.431,143.84,-8.30,14,1
P001,HRTF_B,10,5.445,143.85,-8.35,14,1
P001,HRTF_B,10,5.459,143.87,-8.40,14,1
P001,HRTF_B,10,5.472,143.86,-8.46,14,1
P001,HRTF_B,10,5.486,143.86,-8.52,14,1
P001,HRTF_B,10,5.501,143.85,-8.59,14,1
P001,HRTF_B,10,5.514,143.82,-8.68,14,1
P001,HRTF_B,10,5.528,143.77,-8.77,14,1
P001,HRTF_B,10,5.542,143.71,-8.85,14,1
P001,HRTF_B,10,5.556,143.63,-8.91,14,1
P001,HRTF_B,10,5.570,143.54,-8.97,14,1
P001,HRTF_B,10,5.584,143.43,-9.01,14,1
P001,HRTF_B,10,5.598,143.30,-9.05,14,1
P001,HRTF_B,10,5.611,143.14,-9.07,14,1
P001,HRTF_B,10,5.625,142.99,-9.11,14,1
P001,HRTF_B,10,5.639,142.82,-9.15,14,1
P001,HRTF_B,10,5.653,142.63,-9.16,14,1
P001,HRTF_B,10,5.667,142.46,-9.20,14,1
P001,HRTF_B,10,5.681,142.27,-9.20,14,1
P001,HRTF_B,10,5.695,142.09,-9.22,14,1
P001,HRTF_B,10,5.709,141.89,-9.22,14,1
P001,HRTF_B,10,5.722,141.73,-9.24,14,1
P001,HRTF_B,10,5.736,141.59,-9.27,14,1
P001,HRTF_B,10,5.750,141.46,-9.29,14,1
P001,HRTF_B,10,5.764,141.32,-9.32,14,1
P001,HRTF_B,10,5.778,141.19,-9.33,14,1
P001,HRTF_B,11,0.014,-13.53,-1.09,12,1
P001,HRTF_B,11,0.030,-13.69,-0.93,12,1
P001,HRTF_B,11,0.042,-13.83,-0.88,12,1
P001,HRTF_B,11,0.055,-13.94,-0.84,12,1
P001,HRTF_B,11,0.069,-14.03,-0.85,12,1
P001,HRTF_B,11,0.083,-14.12,-0.90,12,1
P001,HRTF_B,11,0.097,-14.17,-1.04,12,1
P001,HRTF_B,11,0.110,-14.16,-1.16,12,1
P001,HRTF_B,11,0.125,-14.13,-1.27,12,1
P001,HRTF_B,11,0.139,-14.09,-1.38,12,1
P001,HRTF_B,11,0.155,-13.96,-1.54,12,1
P001,HRTF_B,11,0.166,-13.86,-1.70,12,1
P001,HRTF_B,11,0.180,-13.76,-1.83,12,1
P001,HRTF_B,11,0.194,-13.56,-2.04,12,1
P001,HRTF_B,11,0.208,-13.36,-2.21,12,1
P001,HRTF_B,11,0.222,-13.14,-2.39,12,1
P001,HRTF_B,11,0.236,-12.93,-2.53,12,1
P001,HRTF_B,11,0.249,-12.73,-2.67,12,1
P001,HRTF_B,11,0.263,-12.58,-2.74,12,1
P001,HRTF_B,11,0.277,-12.47,-2.81,12,1
P001,HRTF_B,11,0.291,-12.39,-2.85,12,1
P001,HRTF_B,11,0.305,-12.35,-2.86,12,1
P001,HRTF_B,11,0.319,-12.35,-2.82,12,1
P001,HRTF_B,11,0.333,-12.35,-2.77,12,1
P001,HRTF_B,11,0.347,-12.31,-2.75,12,1
P001,HRTF_B,11,0.361,-12.27,-2.73,12,1
P001,HRTF_B,11,0.374,-12.15,-2.73,12,1
P001,HRTF_B,11,0.388,-11.96,-2.75,12,1
P001,HRTF_B,11,0.403,-11.68,-2.79,12,1
P001,HRTF_B,11,0.416,-11.33,-2.84,12,1
P001,HRTF_B,11,0.430,-10.80,-2.90,12,1
P001,HRTF_B,11,0.444,-10.23,-3.00,12,1
P001,HRTF_B,11,0.458,-9.50,-3.11,12,1
P001,HRTF_B,11,0.472,-8.79,-3.24,12,1
P001,HRTF_B,11,0.486,-7.83,-3.39,12,1
P001,HRTF_B,11,0.500,-6.77,-3.54,12,1
P001,HRTF_B,11,0.514,-5.54,-3.76,12,1
P001,HRTF_B,11,0.527,-4.29,-3.91,12,1
P001,HRTF_B,11,0.541,-2.92,-4.12,12,1
P001,HRTF_B,11,0.555,-1.58,-4.27,12,1
P001,HRTF_B,11,0.569,-0.22,-4.43,12,1
P001,HRTF_B,11,0.583,1.08,-4.60,12,1
P001,HRTF_B,11,0.597,2.35,-4.77,12,1
P001,HRTF_B,11,0.611,3.52,-4.94,12,1
P001,HRTF_B,11,0.625,4.58,-5.12,12,1
P001,HRTF_B,11,0.639,5.52,-5.27,12,1
P001,HRTF_B,11,0.652,6.36,-5.42,12,1
P001,HRTF_B,11,0.666,7.14,-5.55,12,1
P001,HRTF_B,11,0.680,7.71,-5.70,12,1
P001,HRTF_B,11,0.694,8.19,-5.81,12,1
P001,HRTF_B,11,0.708,8.59,-5.90,12,1
P001,HRTF_B,11,0.722,8.82,-5.94,12,1
P001,HRTF_B,11,0.736,8.95,-5.86,12,1
P001,HRTF_B,11,0.750,9.17,-5.84,12,1
P001,HRTF_B,11,0.763,9.15,-5.78,12,1
P001,HRTF_B,11,0.777,9.20,-5.73,12,1
P001,HRTF_B,11,0.791,9.16,-5.69,12,1
P001,HRTF_B,11,0.805,9.10,-5.65,12,1
P001,HRTF_B,11,0.819,9.02,-5.62,12,1
P001,HRTF_B,11,0.833,8.94,-5.59,12,1
P001,HRTF_B,11,0.847,8.85,-5.56,12,1
P001,HRTF_B,11,0.861,8.77,-5.55,12,1
P001,HRTF_B,11,0.875,8.66,-5.57,12,1
P001,HRTF_B,11,0.889,8.55,-5.58,12,1
P001,HRTF_B,11,0.903,8.47,-5.57,12,1
P001,HRTF_B,11,0.916,8.38,-5.57,12,1
P001,HRTF_B,11,0.930,8.30,-5.56,12,1
P001,HRTF_B,11,0.944,8.24,-5.54,12,1
P001,HRTF_B,11,0.958,8.18,-5.54,12,1
P001,HRTF_B,11,0.972,8.10,-5.52,12,1
P001,HRTF_B,11,0.986,8.05,-5.51,12,1
P001,HRTF_B,11,1.000,8.00,-5.50,12,1
P001,HRTF_B,11,1.014,7.97,-5.46,12,1
P001,HRTF_B,11,1.027,7.92,-5.44,12,1
P001,HRTF_B,11,1.041,7.90,-5.41,12,1
P001,HRTF_B,11,1.055,7.87,-5.41,12,1
P001,HRTF_B,11,1.069,7.85,-5.40,12,1
P001,HRTF_B,11,1.083,7.84,-5.39,12,1
P001,HRTF_B,11,1.097,7.82,-5.39,12,1
P001,HRTF_B,11,1.111,7.80,-5.38,12,1
P001,HRTF_B,11,1.125,7.80,-5.36,12,1
P001,HRTF_B,11,1.139,7.81,-5.35,12,1
P001,HRTF_B,11,1.152,7.80,-5.35,12,1
P001,HRTF_B,11,1.166,7.80,-5.33,12,1
P001,HRTF_B,11,1.180,7.79,-5.33,12,1
P001,HRTF_B,11,1.194,7.80,-5.31,12,1
P001,HRTF_B,11,1.208,7.81,-5.31,12,1
P001,HRTF_B,11,1.222,7.84,-5.29,12,1
P001,HRTF_B,11,1.236,7.86,-5.27,12,1
P001,HRTF_B,11,1.250,7.87,-5.23,12,1
P001,HRTF_B,11,1.264,7.90,-5.20,12,1
P001,HRTF_B,11,1.278,7.90,-5.16,12,1
P001,HRTF_B,11,1.292,7.93,-5.12,12,1
P001,HRTF_B,11,1.306,7.95,-5.10,12,1
P001,HRTF_B,11,1.319,7.97,-5.06,12,1
P001,HRTF_B,11,1.333,7.99,-5.05,12,1
P001,HRTF_B,11,1.347,7.98,-5.06,12,1
P001,HRTF_B,11,1.361,7.97,-5.06,12,1
P001,HRTF_B,11,1.375,7.96,-5.05,12,1
P001,HRTF_B,11,1.389,7.94,-5.05,12,1
P001,HRTF_B,11,1.403,7.92,-5.04,12,1
P001,HRTF_B,11,1.417,7.89,-5.02,12,1
P001,HRTF_B,11,1.430,7.88,-5.03,12,1
P001,HRTF_B,11,1.444,7.86,-5.04,12,1
P001,HRTF_B,11,1.458,7.85,-5.04,12,1
P001,HRTF_B,11,1.472,7.84,-5.05,12,1
P001,HRTF_B,11,1.486,7.83,-5.06,12,1
P001,HRTF_B,11,1.500,7.83,-5.07,12,1
P001,HRTF_B,11,1.514,7.82,-5.06,12,1
P001,HRTF_B,11,1.528,7.82,-5.06,12,1
P001,HRTF_B,11,1.542,7.82,-5.08,12,1
P001,HRTF_B,11,1.555,7.82,-5.09,12,1
P001,HRTF_B,11,1.569,7.82,-5.11,12,1
P001,HRTF_B,11,1.583,7.82,-5.12,12,1
P001,HRTF_B,11,1.597,7.81,-5.12,12,1
P001,HRTF_B,11,1.611,7.81,-5.13,12,1
P001,HRTF_B,11,1.625,7.79,-5.14,12,1
P001,HRTF_B,11,1.639,7.78,-5.15,12,1
P001,HRTF_B,11,1.653,7.76,-5.15,12,1
P001,HRTF_B,11,1.667,7.75,-5.14,12,1
P001,HRTF_B,11,1.680,7.73,-5.12,12,1
P001,HRTF_B,11,1.694,7.70,-5.11,12,1
P001,HRTF_B,11,1.708,7.68,-5.11,12,1
P001,HRTF_B,11,1.722,7.66,-5.10,12,1
P001,HRTF_B,11,1.736,7.64,-5.09,12,1
P001,HRTF_B,11,1.750,7.63,-5.09,12,1
P001,HRTF_B,11,1.764,7.63,-5.08,12,1
P001,HRTF_B,11,1.778,7.64,-5.06,12,1
P001,HRTF_B,11,1.791,7.65,-5.04,12,1
P001,HRTF_B,11,1.805,7.65,-5.03,12,1
P001,HRTF_B,11,1.819,7.65,-5.02,12,1
P001,HRTF_B,11,1.833,7.66,-5.00,12,1
P001,HRTF_B,11,1.847,7.68,-5.01,12,1
P001,HRTF_B,11,1.861,7.69,-5.01,12,1
P001,HRTF_B,11,1.875,7.71,-5.03,12,1
P001,HRTF_B,11,1.889,7.71,-5.03,12,1
P001,HRTF_B,11,1.902,7.71,-5.02,12,1
P001,HRTF_B,11,1.916,7.73,-5.01,12,1
P001,HRTF_B,11,1.930,7.75,-5.00,12,1
P001,HRTF_B,11,1.944,7.80,-5.00,12,1
P001,HRTF_B,11,1.958,7.90,-4.99,12,1
P001,HRTF_B,11,1.972,8.05,-4.96,12,1
P001,HRTF_B,11,1.986,8.37,-4.96,12,1
P001,HRTF_B,11,2.000,8.78,-4.98,12,1
P001,HRTF_B,11,2.013,9.43,-4.98,12,1
P001,HRTF_B,11,2.027,10.12,-4.98,12,1
P001,HRTF_B,11,2.041,11.39,-4.94,12,1
P001,HRTF_B,11,2.055,12.73,-4.93,12,1
P001,HRTF_B,11,2.069,14.65,-4.98,12,1
P001,HRTF_B,11,2.083,16.74,-5.00,12,1
P001,HRTF_B,11,2.097,18.91,-5.03,12,1
P001,HRTF_B,11,2.111,21.37,-5.00,12,1
P001,HRTF_B,11,2.125,23.90,-5.02,12,1
P001,HRTF_B,11,2.138,26.54,-4.98,12,1
P001,HRTF_B,11,2.152,29.51,-4.97,12,1
P001,HRTF_B,11,2.167,32.37,-4.96,12,1
P001,HRTF_B,11,2.180,35.42,-4.99,12,1
P001,HRTF_B,11,2.194,38.39,-5.08,12,1
P001,HRTF_B,11,2.208,41.45,-5.17,12,1
P001,HRTF_B,11,2.222,44.42,-5.21,12,1
P001,HRTF_B,11,2.236,47.41,-5.24,12,1
P001,HRTF_B,11,2.250,50.35,-5.26,12,1
P001,HRTF_B,11,2.264,53.25,-5.35,12,1
P001,HRTF_B,11,2.277,56.01,-5.45,12,1
P001,HRTF_B,11,2.291,58.59,-5.58,12,1
P001,HRTF_B,11,2.305,61.04,-5.71,12,1
P001,HRTF_B,11,2.319,63.36,-5.81,12,1
P001,HRTF_B,11,2.333,65.41,-5.83,12,1
P001,HRTF_B,11,2.347,67.31,-5.83,12,1
P001,HRTF_B,11,2.361,69.12,-5.83,12,1
P001,HRTF_B,11,2.375,70.78,-5.76,12,1
P001,HRTF_B,11,2.388,72.35,-5.69,12,1
P001,HRTF_B,11,2.402,73.81,-5.55,12,1
P001,HRTF_B,11,2.416,75.21,-5.43,12,1
P001,HRTF_B,11,2.430,76.23,-5.25,12,1
P001,HRTF_B,11,2.444,77.41,-5.12,12,1
P001,HRTF_B,11,2.458,78.36,-4.97,12,1
P001,HRTF_B,11,2.472,79.34,-4.87,12,1
P001,HRTF_B,11,2.486,80.16,-4.68,12,1
P001,HRTF_B,11,2.500,80.90,-4.50,12,1
P001,HRTF_B,11,2.513,81.64,-4.25,12,1
P001,HRTF_B,11,2.527,82.30,-3.95,12,1
P001,HRTF_B,11,2.541,82.93,-3.62,12,1
P001,HRTF_B,11,2.555,83.41,-3.07,12,1
P001,HRTF_B,11,2.569,83.88,-2.49,12,1
P001,HRTF_B,11,2.583,84.25,-1.89,12,1
P001,HRTF_B,11,2.597,84.48,-1.23,12,1
P001,HRTF_B,11,2.611,84.74,-0.61,12,1
P001,HRTF_B,11,2.625,84.81,0.06,12,1
P001,HRTF_B,11,2.639,84.90,0.65,12,1
P001,HRTF_B,11,2.652,84.85,1.10,12,1
P001,HRTF_B,11,2.666,84.74,1.42,12,1
P001,HRTF_B,11,2.680,84.46,1.28,12,1
P001,HRTF_B,11,2.694,84.25,1.25,12,1
P001,HRTF_B,11,2.708,83.49,0.45,12,1
P001,HRTF_B,11,2.722,82.70,-0.20,12,1
P001,HRTF_B,11,2.736,81.78,-0.95,12,1
P001,HRTF_B,11,2.750,80.66,-1.78,12,1
P001,HRTF_B,11,2.763,79.37,-2.59,12,1
P001,HRTF_B,11,2.777,77.88,-3.38,12,1
P001,HRTF_B,11,2.791,76.39,-4.11,12,1
P001,HRTF_B,11,2.805,74.79,-4.79,12,1
P001,HRTF_B,11,2.819,73.14,-5.45,12,1
P001,HRTF_B,11,2.833,71.42,-6.06,12,1
P001,HRTF_B,11,2.847,69.66,-6.56,12,1
P001,HRTF_B,11,2.861,67.93,-7.09,12,1
P001,HRTF_B,11,2.875,66.18,-7.55,12,1
P001,HRTF_B,11,2.888,64.43,-8.02,12,1
P001,HRTF_B,11,2.902,62.75,-8.50,12,1
P001,HRTF_B,11,2.916,61.14,-8.93,12,1
P001,HRTF_B,11,2.930,59.49,-9.41,12,1
P001,HRTF_B,11,2.944,57.89,-9.92,12,1
P001,HRTF_B,11,2.958,56.38,-10.41,12,1
P001,HRTF_B,11,2.972,54.87,-10.88,12,1
P001,HRTF_B,11,2.986,53.38,-11.34,12,1
P001,HRTF_B,11,2.999,51.95,-11.80,12,1
P001,HRTF_B,11,3.013,50.79,-12.18,12,1
P001,HRTF_B,11,3.027,49.66,-12.55,12,1
P001,HRTF_B,11,3.041,48.66,-12.90,12,1
P001,HRTF_B,11,3.055,47.98,-13.10,12,1
P001,HRTF_B,11,3.069,47.24,-13.20,12,1
P001,HRTF_B,11,3.083,46.53,-13.30,12,1
P001,HRTF_B,11,3.097,45.92,-13.32,12,1
P001,HRTF_B,11,3.111,45.42,-13.14,12,1
P001,HRTF_B,11,3.125,45.08,-12.86,12,1
P001,HRTF_B,11,3.138,44.79,-12.48,12,1
P001,HRTF_B,11,3.152,44.70,-11.80,12,1
P001,HRTF_B,11,3.166,44.66,-11.04,12,1
P001,HRTF_B,11,3.180,44.69,-10.13,12,1
P001,HRTF_B,11,3.194,44.85,-8.94,12,1
P001,HRTF_B,11,3.208,45.10,-7.66,12,1
P001,HRTF_B,11,3.222,45.43,-6.24,12,1
P001,HRTF_B,11,3.236,45.76,-4.65,12,1
P001,HRTF_B,11,3.249,46.05,-3.12,12,1
P001,HRTF_B,11,3.263,46.39,-1.57,12,1
P001,HRTF_B,11,3.277,46.82,0.00,12,1
P001,HRTF_B,11,3.292,47.19,1.49,12,1
P001,HRTF_B,11,3.305,47.57,2.91,12,1
P001,HRTF_B,11,3.319,47.92,4.21,12,1
P001,HRTF_B,11,3.333,48.26,5.40,12,1
P001,HRTF_B,11,3.347,48.56,6.42,12,1
P001,HRTF_B,11,3.361,48.86,7.29,12,1
P001,HRTF_B,11,3.375,49.13,8.08,12,1
P001,HRTF_B,11,3.388,49.35,8.62,12,1
P001,HRTF_B,11,3.402,49.65,9.16,12,1
P001,HRTF_B,11,3.416,50.03,9.64,12,1
P001,HRTF_B,11,3.430,50.47,10.06,12,1
P001,HRTF_B,11,3.444,50.99,10.40,12,1
P001,HRTF_B,11,3.458,51.70,10.61,12,1
P001,HRTF_B,11,3.472,52.53,10.79,12,1
P001,HRTF_B,11,3.485,53.49,10.94,12,1
P001,HRTF_B,11,3.500,54.61,11.02,12,1
P001,HRTF_B,11,3.513,56.13,11.04,12,1
P001,HRTF_B,11,3.527,57.66,11.05,12,1
P001,HRTF_B,11,3.541,59.51,10.97,12,1
P001,HRTF_B,11,3.555,61.39,10.87,12,1
P001,HRTF_B,11,3.569,63.37,10.76,12,1
P001,HRTF_B,11,3.583,65.30,10.66,12,1
P001,HRTF_B,11,3.597,67.30,10.50,12,1
P001,HRTF_B,11,3.611,69.25,10.34,12,1
P001,HRTF_B,11,3.624,71.17,10.15,12,1
P001,HRTF_B,11,3.638,73.06,10.01,12,1
P001,HRTF_B,11,3.652,74.85,9.87,12,1
P001,HRTF_B,11,3.666,76.58,9.68,12,1
P001,HRTF_B,11,3.680,78.28,9.49,12,1
P001,HRTF_B,11,3.694,79.86,9.30,12,1
P001,HRTF_B,11,3.708,81.48,9.12,12,1
P001,HRTF_B,11,3.721,82.97,8.90,12,1
P001,HRTF_B,11,3.736,84.44,8.65,12,1
P001,HRTF_B,11,3.750,85.83,8.35,12,1
P001,HRTF_B,11,3.763,87.10,8.06,12,1
P001,HRTF_B,11,3.777,88.30,7.81,12,1
P001,HRTF_B,11,3.791,89.47,7.54,12,1
P001,HRTF_B,11,3.805,90.59,7.29,12,1
P001,HRTF_B,11,3.819,91.63,7.07,12,1
P001,HRTF_B,11,3.833,92.62,6.83,12,1
P001,HRTF_B,11,3.847,93.59,6.57,12,1
P001,HRTF_B,11,3.861,94.52,6.29,12,1
P001,HRTF_B,11,3.875,95.34,6.03,12,1
P001,HRTF_B,11,3.889,96.25,5.78,12,1
P001,HRTF_B,11,3.902,97.04,5.46,12,1
P001,HRTF_B,11,3.916,97.89,5.15,12,1
P001,HRTF_B,11,3.930,98.66,4.85,12,1
P001,HRTF_B,11,3.944,99.39,4.52,12,1
P001,HRTF_B,11,3.958,99.95,4.23,12,1
P001,HRTF_B,11,3.972,100.56,3.94,12,1
P001,HRTF_B,11,3.986,101.05,3.71,12,1
P001,HRTF_B,11,4.000,101.50,3.47,12,1
P001,HRTF_B,11,4.013,101.87,3.32,12,1
P001,HRTF_B,11,4.027,102.23,3.10,12,1
P001,HRTF_B,11,4.041,102.50,2.92,12,1
P001,HRTF_B,11,4.055,102.81,2.67,12,1
P001,HRTF_B,11,4.069,103.14,2.47,12,1
P001,HRTF_B,11,4.083,103.46,2.27,12,1
P001,HRTF_B,11,4.097,103.86,2.04,12,1
P001,HRTF_B,11,4.111,104.31,1.78,12,1
P001,HRTF_B,11,4.124,104.76,1.53,12,1
P001,HRTF_B,11,4.138,105.27,1.27,12,1
P001,HRTF_B,11,4.152,105.76,1.08,12,1
P001,HRTF_B,11,4.166,106.31,0.84,12,1
P001,HRTF_B,11,4.180,106.88,0.67,12,1
P001,HRTF_B,11,4.194,107.46,0.45,12,1
P001,HRTF_B,11,4.208,108.06,0.27,12,1
P001,HRTF_B,11,4.221,108.69,0.13,12,1
P001,HRTF_B,11,4.235,109.31,-0.01,12,1
P001,HRTF_B,11,4.249,109.97,-0.13,12,1
P001,HRTF_B,11,4.263,110.65,-0.24,12,1
P001,HRTF_B,11,4.277,111.42,-0.33,12,1
P001,HRTF_B,11,4.291,112.20,-0.41,12,1
P001,HRTF_B,11,4.305,113.00,-0.52,12,1
P001,HRTF_B,11,4.319,113.89,-0.66,12,1
P001,HRTF_B,11,4.333,114.78,-0.76,12,1
P001,HRTF_B,11,4.346,115.76,-0.96,12,1
P001,HRTF_B,11,4.360,116.73,-1.16,12,1
P001,HRTF_B,11,4.374,117.81,-1.34,12,1
P001,HRTF_B,11,4.388,118.88,-1.53,12,1
P001,HRTF_B,11,4.402,119.98,-1.76,12,1
P001,HRTF_B,11,4.416,121.08,-2.05,12,1
P001,HRTF_B,11,4.430,122.17,-2.40,12,1
P001,HRTF_B,11,4.444,123.17,-2.78,12,1
P001,HRTF_B,11,4.458,124.15,-3.24,12,1
P001,HRTF_B,11,4.471,125.09,-3.67,12,1
P001,HRTF_B,11,4.485,125.99,-4.15,12,1
P001,HRTF_B,11,4.499,126.86,-4.64,12,1
P001,HRTF_B,11,4.513,127.70,-5.19,12,1
P001,HRTF_B,11,4.527,128.51,-5.76,12,1
P001,HRTF_B,11,4.541,129.29,-6.25,12,1
P001,HRTF_B,11,4.555,130.03,-6.75,12,1
P001,HRTF_B,11,4.569,130.78,-7.23,12,1
P001,HRTF_B,11,4.583,131.49,-7.75,12,1
P001,HRTF_B,11,4.596,132.22,-8.24,12,1
P001,HRTF_B,11,4.610,132.97,-8.71,12,1
P001,HRTF_B,11,4.624,133.70,-9.10,12,1
P001,HRTF_B,11,4.638,134.43,-9.50,12,1
P001,HRTF_B,11,4.652,135.16,-9.92,12,1
P001,HRTF_B,11,4.666,135.85,-10.29,12,1
P001,HRTF_B,11,4.680,136.54,-10.60,12,1
P001,HRTF_B,11,4.694,137.21,-10.81,12,1
P001,HRTF_B,11,4.708,137.85,-10.88,12,1
P001,HRTF_B,11,4.721,138.48,-10.99,12,1
P001,HRTF_B,11,4.735,139.11,-10.99,12,1
P001,HRTF_B,11,4.749,139.71,-10.82,12,1
P001,HRTF_B,11,4.763,140.31,-10.59,12,1
P001,HRTF_B,11,4.777,140.87,-10.10,12,1
P001,HRTF_B,11,4.791,141.40,-9.36,12,1
P001,HRTF_B,11,4.805,141.92,-8.67,12,1
P001,HRTF_B,11,4.819,142.42,-7.79,12,1
P001,HRTF_B,11,4.833,142.83,-6.93,12,1
P001,HRTF_B,11,4.847,143.26,-5.85,12,1
P001,HRTF_B,11,4.860,143.68,-4.67,12,1
P001,HRTF_B,11,4.874,144.12,-3.54,12,1
P001,HRTF_B,11,4.888,144.64,-2.40,12,1
P001,HRTF_B,11,4.902,145.18,-1.30,12,1
P001,HRTF_B,11,4.916,145.71,-0.21,12,1
P001,HRTF_B,11,4.930,146.25,0.83,12,1
P001,HRTF_B,11,4.944,146.81,1.92,12,1
P001,HRTF_B,11,4.958,147.45,2.88,12,1
P001,HRTF_B,11,4.972,148.14,3.83,12,1
P001,HRTF_B,11,4.985,148.95,4.69,12,1
P001,HRTF_B,11,4.999,149.79,5.58,12,1
P001,HRTF_B,11,5.013,150.58,6.48,12,1
P001,HRTF_B,11,5.027,151.35,7.41,12,1
P001,HRTF_B,11,5.041,152.13,8.31,12,1
P001,HRTF_B,11,5.055,152.89,9.13,12,1
P001,HRTF_B,11,5.069,153.59,9.88,12,1
P001,HRTF_B,11,5.083,154.25,10.63,12,1
P001,HRTF_B,11,5.096,154.74,11.30,12,1
P001,HRTF_B,11,5.110,155.18,11.91,12,1
P001,HRTF_B,11,5.124,155.61,12.40,12,1
P001,HRTF_B,11,5.138,155.98,12.76,12,1
P001,HRTF_B,11,5.152,156.27,13.02,12,1
P001,HRTF_B,11,5.166,156.47,13.31,12,1
P001,HRTF_B,11,5.180,156.63,13.61,12,1
P001,HRTF_B,11,5.194,156.63,13.89,12,1
P001,HRTF_B,11,5.208,156.60,14.12,12,1
P001,HRTF_B,11,5.221,156.52,14.24,12,1
P001,HRTF_B,11,5.235,156.48,14.26,12,1
P001,HRTF_B,11,5.249,156.33,14.22,12,1
P001,HRTF_B,11,5.263,156.11,14.23,12,1
P001,HRTF_B,11,5.277,155.80,14.26,12,1
P001,HRTF_B,11,5.291,155.40,14.31,12,1
P001,HRTF_B,11,5.305,155.02,14.33,12,1
P001,HRTF_B,11,5.319,154.53,14.34,12,1
P001,HRTF_B,11,5.333,154.02,14.32,12,1
P001,HRTF_B,11,5.346,153.40,14.29,12,1
P001,HRTF_B,11,5.360,152.76,14.26,12,1
P001,HRTF_B,11,5.374,152.09,14.31,12,1
P001,HRTF_B,11,5.388,151.42,14.33,12,1
P001,HRTF_B,11,5.402,150.71,14.34,12,1
P001,HRTF_B,11,5.416,150.00,14.34,12,1
P001,HRTF_B,11,5.430,149.21,14.34,12,1
P001,HRTF_B,11,5.444,148.42,14.35,12,1
P001,HRTF_B,11,5.457,147.60,14.41,12,1
P001,HRTF_B,11,5.472,146.81,14.49,12,1
P001,HRTF_B,11,5.485,146.03,14.56,12,1
P001,HRTF_B,11,5.499,145.20,14.70,12,1
P001,HRTF_B,11,5.513,144.34,14.87,12,1
P001,HRTF_B,11,5.527,143.57,15.02,12,1
P001,HRTF_B,11,5.541,142.85,15.18,12,1
P001,HRTF_B,11,5.555,142.12,15.37,12,1
P001,HRTF_B,11,5.569,141.44,15.57,12,1
P001,HRTF_B,11,5.583,140.78,15.79,12,1
P001,HRTF_B,11,5.596,140.09,16.00,12,1
P001,HRTF_B,11,5.610,139.46,16.24,12,1
P001,HRTF_B,11,5.624,138.92,16.43,12,1
P001,HRTF_B,11,5.638,138.41,16.62,12,1
P001,HRTF_B,11,5.652,137.97,16.81,12,1
P001,HRTF_B,11,5.666,137.52,16.98,12,1
P001,HRTF_B,11,5.680,137.15,17.14,12,1
P001,HRTF_B,11,5.694,136.81,17.27,12,1
P001,HRTF_B,11,5.707,136.51,17.35,12,1
P001,HRTF_B,11,5.722,136.30,17.48,12,1
P001,HRTF_B,11,5.735,136.10,17.54,12,1
P001,HRTF_B,11,5.749,135.94,17.63,12,1
P001,HRTF_B,11,5.763,135.83,17.64,12,1
P001,HRTF_B,11,5.777,135.75,17.66,12,1
P001,HRTF_B,11,5.791,135.68,17.65,12,1
P001,HRTF_B,11,5.805,135.64,17.61,12,1
P001,HRTF_B,11,5.819,135.58,17.57,12,1
P001,HRTF_B,11,5.832,135.56,17.57,12,1
P001,HRTF_B,11,5.846,135.53,17.53,12,1
P001,HRTF_B,11,5.860,135.49,17.48,12,1
P001,HRTF_B,12,0.014,-13.46,0.28,28,1
P001,HRTF_B,12,0.030,-13.41,0.26,28,1
P001,HRTF_B,12,0.042,-13.36,0.23,28,1
P001,HRTF_B,12,0.058,-13.30,0.20,28,1
P001,HRTF_B,12,0.069,-13.24,0.17,28,1
P001,HRTF_B,12,0.083,-13.20,0.13,28,1
P001,HRTF_B,12,0.097,-13.16,0.11,28,1
P001,HRTF_B,12,0.111,-13.13,0.10,28,1
P001,HRTF_B,12,0.125,-13.09,0.09,28,1
P001,HRTF_B,12,0.139,-13.05,0.08,28,1
P001,HRTF_B,12,0.153,-13.00,0.05,28,1
P001,HRTF_B,12,0.167,-12.98,0.05,28,1
P001,HRTF_B,12,0.181,-12.94,0.01,28,1
P001,HRTF_B,12,0.194,-12.88,-0.01,28,1
P001,HRTF_B,12,0.208,-12.80,-0.05,28,1
P001,HRTF_B,12,0.222,-12.72,-0.08,28,1
P001,HRTF_B,12,0.236,-12.61,-0.11,28,1
P001,HRTF_B,12,0.250,-12.52,-0.16,28,1
P001,HRTF_B,12,0.264,-12.41,-0.17,28,1
P001,HRTF_B,12,0.277,-12.28,-0.21,28,1
P001,HRTF_B,12,0.291,-12.08,-0.24,28,1
P001,HRTF_B,12,0.305,-11.88,-0.26,28,1
P001,HRTF_B,12,0.319,-11.55,-0.29,28,1
P001,HRTF_B,12,0.333,-11.24,-0.32,28,1
P001,HRTF_B,12,0.347,-10.81,-0.33,28,1
P001,HRTF_B,12,0.361,-10.31,-0.32,28,1
P001,HRTF_B,12,0.375,-9.65,-0.29,28,1
P001,HRTF_B,12,0.389,-8.95,-0.24,28,1
P001,HRTF_B,12,0.402,-8.08,-0.16,28,1
P001,HRTF_B,12,0.416,-7.29,-0.08,28,1
P001,HRTF_B,12,0.430,-6.58,0.03,28,1
P001,HRTF_B,12,0.444,-6.01,0.24,28,1
P001,HRTF_B,12,0.458,-5.60,0.49,28,1
P001,HRTF_B,12,0.472,-5.18,0.71,28,1
P001,HRTF_B,12,0.486,-4.99,1.01,28,1
P001,HRTF_B,12,0.500,-5.00,1.26,28,1
P001,HRTF_B,12,0.514,-5.08,1.49,28,1
P001,HRTF_B,12,0.528,-5.35,1.76,28,1
P001,HRTF_B,12,0.542,-5.72,2.01,28,1
P001,HRTF_B,12,0.556,-6.17,2.29,28,1
P001,HRTF_B,12,0.569,-6.68,2.55,28,1
P001,HRTF_B,12,0.583,-7.12,2.77,28,1
P001,HRTF_B,12,0.597,-7.63,2.95,28,1
P001,HRTF_B,12,0.611,-8.09,3.13,28,1
P001,HRTF_B,12,0.625,-8.49,3.31,28,1
P001,HRTF_B,12,0.638,-8.82,3.37,28,1
P001,HRTF_B,12,0.653,-9.09,3.36,28,1
P001,HRTF_B,12,0.667,-9.27,3.39,28,1
P001,HRTF_B,12,0.681,-9.45,3.42,28,1
P001,HRTF_B,12,0.694,-9.61,3.53,28,1
P001,HRTF_B,12,0.708,-9.83,3.64,28,1
P001,HRTF_B,12,0.722,-10.08,3.81,28,1
P001,HRTF_B,12,0.736,-10.36,4.06,28,1
P001,HRTF_B,12,0.750,-10.64,4.31,28,1
P001,HRTF_B,12,0.764,-10.89,4.59,28,1
P001,HRTF_B,12,0.777,-11.16,4.85,28,1
P001,HRTF_B,12,0.792,-11.44,5.11,28,1
P001,HRTF_B,12,0.805,-11.73,5.35,28,1
P001,HRTF_B,12,0.819,-11.98,5.67,28,1
P001,HRTF_B,12,0.833,-12.29,5.95,28,1
P001,HRTF_B,12,0.847,-12.54,6.21,28,1
P001,HRTF_B,12,0.861,-12.76,6.44,28,1
P001,HRTF_B,12,0.875,-12.99,6.63,28,1
P001,HRTF_B,12,0.888,-13.23,6.80,28,1
P001,HRTF_B,12,0.902,-13.48,6.91,28,1
P001,HRTF_B,12,0.916,-13.69,7.08,28,1
P001,HRTF_B,12,0.930,-13.90,7.22,28,1
P001,HRTF_B,12,0.944,-14.12,7.32,28,1
P001,HRTF_B,12,0.958,-14.36,7.44,28,1
P001,HRTF_B,12,0.972,-14.61,7.54,28,1
P001,HRTF_B,12,0.986,-14.83,7.68,28,1
P001,HRTF_B,12,1.000,-15.04,7.82,28,1
P001,HRTF_B,12,1.014,-15.29,7.98,28,1
P001,HRTF_B,12,1.028,-15.56,8.19,28,1
P001,HRTF_B,12,1.042,-15.85,8.40,28,1
P001,HRTF_B,12,1.055,-16.13,8.63,28,1
P001,HRTF_B,12,1.069,-16.42,8.74,28,1
P001,HRTF_B,12,1.083,-16.69,8.89,28,1
P001,HRTF_B,12,1.097,-17.00,9.02,28,1
P001,HRTF_B,12,1.111,-17.29,9.12,28,1
P001,HRTF_B,12,1.125,-17.56,9.31,28,1
P001,HRTF_B,12,1.139,-17.80,9.47,28,1
P001,HRTF_B,12,1.152,-18.05,9.61,28,1
P001,HRTF_B,12,1.167,-18.30,9.78,28,1
P001,HRTF_B,12,1.180,-18.52,9.97,28,1
P001,HRTF_B,12,1.194,-18.76,10.21,28,1
P001,HRTF_B,12,1.208,-18.94,10.45,28,1
P001,HRTF_B,12,1.222,-19.15,10.63,28,1
P001,HRTF_B,12,1.236,-19.31,10.81,28,1
P001,HRTF_B,12,1.250,-19.46,10.92,28,1
P001,HRTF_B,12,1.264,-19.58,11.03,28,1
P001,HRTF_B,12,1.277,-19.69,11.13,28,1
P001,HRTF_B,12,1.291,-19.76,11.18,28,1
P001,HRTF_B,12,1.305,-19.83,11.26,28,1
P001,HRTF_B,12,1.319,-19.88,11.31,28,1
P001,HRTF_B,12,1.333,-19.89,11.32,28,1
P001,HRTF_B,12,1.347,-19.86,11.29,28,1
P001,HRTF_B,12,1.361,-19.79,11.27,28,1
P001,HRTF_B,12,1.375,-19.72,11.26,28,1
P001,HRTF_B,12,1.388,-19.66,11.25,28,1
P001,HRTF_B,12,1.402,-19.59,11.23,28,1
P001,HRTF_B,12,1.416,-19.52,11.22,28,1
P001,HRTF_B,12,1.430,-19.46,11.19,28,1
P001,HRTF_B,12,1.444,-19.37,11.15,28,1
P001,HRTF_B,12,1.458,-19.34,11.11,28,1
P001,HRTF_B,12,1.472,-19.31,11.11,28,1
P001,HRTF_B,12,1.486,-19.32,11.11,28,1
P001,HRTF_B,12,1.500,-19.32,11.14,28,1
P001,HRTF_B,12,1.513,-19.30,11.15,28,1
P001,HRTF_B,12,1.527,-19.33,11.18,28,1
P001,HRTF_B,12,1.542,-19.36,11.19,28,1
P001,HRTF_B,12,1.555,-19.39,11.21,28,1
P001,HRTF_B,12,1.569,-19.43,11.20,28,1
P001,HRTF_B,12,1.583,-19.46,11.21,28,1
P001,HRTF_B,12,1.597,-19.51,11.21,28,1
P001,HRTF_B,12,1.611,-19.53,11.22,28,1
P001,HRTF_B,12,1.625,-19.55,11.23,28,1
P001,HRTF_B,12,1.639,-19.59,11.24,28,1
P001,HRTF_B,12,1.652,-19.61,11.24,28,1
P001,HRTF_B,12,1.666,-19.62,11.25,28,1
P001,HRTF_B,12,1.680,-19.61,11.27,28,1
P001,HRTF_B,12,1.694,-19.61,11.27,28,1
P001,HRTF_B,12,1.708,-19.60,11.27,28,1
P001,HRTF_B,12,1.722,-19.57,11.26,28,1
P001,HRTF_B,12,1.736,-19.54,11.25,28,1
P001,HRTF_B,12,1.749,-19.50,11.24,28,1
P001,HRTF_B,12,1.763,-19.47,11.21,28,1
P001,HRTF_B,12,1.777,-19.44,11.18,28,1
P001,HRTF_B,12,1.791,-19.41,11.13,28,1
P001,HRTF_B,12,1.805,-19.38,11.10,28,1
P001,HRTF_B,12,1.819,-19.33,11.08,28,1
P001,HRTF_B,12,1.833,-19.28,11.04,28,1
P001,HRTF_B,12,1.847,-19.25,11.02,28,1
P001,HRTF_B,12,1.861,-19.21,10.97,28,1
P001,HRTF_B,12,1.875,-19.19,10.94,28,1
P001,HRTF_B,12,1.888,-19.17,10.91,28,1
P001,HRTF_B,12,1.902,-19.16,10.87,28,1
P001,HRTF_B,12,1.916,-19.13,10.83,28,1
P001,HRTF_B,12,1.930,-19.09,10.79,28,1
P001,HRTF_B,12,1.944,-19.06,10.77,28,1
P001,HRTF_B,12,1.958,-19.05,10.75,28,1
P001,HRTF_B,12,1.972,-19.04,10.74,28,1
P001,HRTF_B,12,1.986,-19.02,10.75,28,1
P001,HRTF_B,12,2.000,-19.01,10.73,28,1
P001,HRTF_B,12,2.014,-19.02,10.72,28,1
P001,HRTF_B,13,0.014,-12.75,1.38,30,1
P001,HRTF_B,13,0.030,-12.84,1.53,30,1
P001,HRTF_B,13,0.041,-12.89,1.64,30,1
P001,HRTF_B,13,0.058,-12.96,1.76,30,1
P001,HRTF_B,13,0.069,-13.07,1.89,30,1
P001,HRTF_B,13,0.083,-13.16,2.01,30,1
P001,HRTF_B,13,0.097,-13.27,2.16,30,1
P001,HRTF_B,13,0.111,-13.40,2.32,30,1
P001,HRTF_B,13,0.124,-13.50,2.49,30,1
P001,HRTF_B,13,0.138,-13.63,2.68,30,1
P001,HRTF_B,13,0.152,-13.77,2.89,30,1
P001,HRTF_B,13,0.166,-13.93,3.13,30,1
P001,HRTF_B,13,0.180,-14.14,3.39,30,1
P001,HRTF_B,13,0.194,-14.38,3.75,30,1
P001,HRTF_B,13,0.208,-14.59,4.09,30,1
P001,HRTF_B,13,0.222,-14.85,4.49,30,1
P001,HRTF_B,13,0.236,-15.15,4.96,30,1
P001,HRTF_B,13,0.250,-15.47,5.44,30,1
P001,HRTF_B,13,0.263,-15.80,6.01,30,1
P001,HRTF_B,13,0.277,-16.11,6.54,30,1
P001,HRTF_B,13,0.291,-16.41,7.05,30,1
P001,HRTF_B,13,0.305,-16.68,7.53,30,1
P001,HRTF_B,13,0.319,-16.98,7.98,30,1
P001,HRTF_B,13,0.333,-17.24,8.37,30,1
P001,HRTF_B,13,0.347,-17.48,8.73,30,1
P001,HRTF_B,13,0.361,-17.68,9.00,30,1
P001,HRTF_B,13,0.375,-17.84,9.24,30,1
P001,HRTF_B,13,0.388,-17.92,9.42,30,1
P001,HRTF_B,13,0.402,-17.98,9.60,30,1
P001,HRTF_B,13,0.416,-18.05,9.72,30,1
P001,HRTF_B,13,0.430,-18.06,9.79,30,1
P001,HRTF_B,13,0.444,-18.04,9.75,30,1
P001,HRTF_B,13,0.458,-18.01,9.67,30,1
P001,HRTF_B,13,0.472,-17.95,9.53,30,1
P001,HRTF_B,13,0.486,-17.95,9.51,30,1
P001,HRTF_B,13,0.500,-17.84,9.12,30,1
P001,HRTF_B,13,0.513,-17.81,8.88,30,1
P001,HRTF_B,13,0.527,-17.79,8.57,30,1
P001,HRTF_B,13,0.541,-17.76,8.28,30,1
P001,HRTF_B,13,0.555,-17.79,7.99,30,1
P001,HRTF_B,13,0.569,-17.81,7.72,30,1
P001,HRTF_B,13,0.583,-17.85,7.48,30,1
P001,HRTF_B,13,0.597,-17.89,7.24,30,1
P001,HRTF_B,13,0.611,-17.98,7.06,30,1
P001,HRTF_B,13,0.624,-18.08,6.86,30,1
P001,HRTF_B,13,0.638,-18.27,6.70,30,1
P001,HRTF_B,13,0.652,-18.42,6.54,30,1
P001,HRTF_B,13,0.666,-18.56,6.43,30,1
P001,HRTF_B,13,0.680,-18.73,6.31,30,1
P001,HRTF_B,13,0.694,-18.90,6.08,30,1
P001,HRTF_B,13,0.708,-19.08,5.81,30,1
P001,HRTF_B,13,0.722,-19.25,5.50,30,1
P001,HRTF_B,13,0.736,-19.38,5.23,30,1
P001,HRTF_B,13,0.749,-19.45,4.98,30,1
P001,HRTF_B,13,0.763,-19.49,4.74,30,1
P001,HRTF_B,13,0.777,-19.51,4.48,30,1
P001,HRTF_B,13,0.791,-19.49,4.24,30,1
P001,HRTF_B,13,0.805,-19.44,4.00,30,1
P001,HRTF_B,13,0.819,-19.41,3.76,30,1
P001,HRTF_B,13,0.833,-19.37,3.46,30,1
P001,HRTF_B,13,0.847,-19.35,3.18,30,1
P001,HRTF_B,13,0.860,-19.36,2.88,30,1
P001,HRTF_B,13,0.874,-19.35,2.54,30,1
P001,HRTF_B,13,0.888,-19.38,2.17,30,1
P001,HRTF_B,13,0.902,-19.47,1.80,30,1
P001,HRTF_B,13,0.916,-19.55,1.41,30,1
P001,HRTF_B,13,0.930,-19.61,1.01,30,1
P001,HRTF_B,13,0.944,-19.68,0.59,30,1
P001,HRTF_B,13,0.958,-19.78,0.18,30,1
P001,HRTF_B,13,0.972,-19.90,-0.16,30,1
P001,HRTF_B,13,0.986,-19.98,-0.50,30,1
P001,HRTF_B,13,1.000,-20.05,-0.79,30,1
P001,HRTF_B,13,1.013,-20.09,-1.04,30,1
P001,HRTF_B,13,1.027,-20.17,-1.33,30,1
P001,HRTF_B,13,1.041,-20.24,-1.59,30,1
P001,HRTF_B,13,1.055,-20.27,-1.75,30,1
P001,HRTF_B,13,1.069,-20.29,-1.93,30,1
P001,HRTF_B,13,1.083,-20.27,-2.07,30,1
P001,HRTF_B,13,1.097,-20.23,-2.19,30,1
P001,HRTF_B,13,1.111,-20.19,-2.27,30,1
P001,HRTF_B,13,1.125,-20.15,-2.35,30,1
P001,HRTF_B,13,1.138,-20.08,-2.37,30,1
P001,HRTF_B,13,1.152,-20.01,-2.39,30,1
P001,HRTF_B,13,1.166,-19.93,-2.40,30,1
P001,HRTF_B,13,1.180,-19.85,-2.41,30,1
P001,HRTF_B,13,1.194,-19.80,-2.40,30,1
P001,HRTF_B,13,1.208,-19.77,-2.38,30,1
P001,HRTF_B,13,1.222,-19.74,-2.36,30,1
P001,HRTF_B,13,1.236,-19.73,-2.32,30,1
P001,HRTF_B,13,1.250,-19.73,-2.29,30,1
P001,HRTF_B,13,1.264,-19.72,-2.28,30,1
P001,HRTF_B,13,1.277,-19.74,-2.27,30,1
P001,HRTF_B,13,1.291,-19.76,-2.27,30,1
P001,HRTF_B,13,1.305,-19.75,-2.27,30,1
P001,HRTF_B,13,1.319,-19.76,-2.27,30,1
P001,HRTF_B,13,1.333,-19.77,-2.28,30,1
P001,HRTF_B,13,1.347,-19.77,-2.27,30,1
P001,HRTF_B,13,1.361,-19.77,-2.29,30,1
P001,HRTF_B,13,1.375,-19.74,-2.31,30,1
P001,HRTF_B,13,1.388,-19.70,-2.34,30,1
P001,HRTF_B,13,1.402,-19.67,-2.35,30,1
P001,HRTF_B,13,1.416,-19.64,-2.36,30,1
P001,HRTF_B,13,1.430,-19.63,-2.37,30,1
P001,HRTF_B,13,1.444,-19.61,-2.37,30,1
P001,HRTF_B,13,1.458,-19.59,-2.39,30,1
P001,HRTF_B,13,1.472,-19.57,-2.39,30,1
P001,HRTF_B,13,1.486,-19.57,-2.39,30,1
P001,HRTF_B,13,1.500,-19.58,-2.38,30,1
P001,HRTF_B,13,1.513,-19.59,-2.37,30,1
P001,HRTF_B,13,1.527,-19.60,-2.35,30,1
P001,HRTF_B,13,1.541,-19.63,-2.33,30,1
P001,HRTF_B,13,1.555,-19.66,-2.30,30,1
P001,HRTF_B,13,1.569,-19.68,-2.25,30,1
P001,HRTF_B,13,1.583,-19.69,-2.23,30,1
P001,HRTF_B,13,1.597,-19.70,-2.21,30,1
P001,HRTF_B,13,1.611,-19.70,-2.20,30,1
P001,HRTF_B,13,1.624,-19.70,-2.20,30,1
P001,HRTF_B,13,1.638,-19.72,-2.19,30,1
P001,HRTF_B,13,1.652,-19.73,-2.19,30,1
P001,HRTF_B,13,1.666,-19.73,-2.19,30,1
P001,HRTF_B,13,1.680,-19.73,-2.18,30,1
P001,HRTF_B,14,0.014,-14.15,-2.12,15,1
P001,HRTF_B,14,0.030,-14.15,-2.05,15,1
P001,HRTF_B,14,0.041,-14.22,-2.02,15,1
P001,HRTF_B,14,0.055,-14.30,-2.03,15,1
P001,HRTF_B,14,0.069,-14.38,-2.03,15,1
P001,HRTF_B,14,0.083,-14.48,-2.05,15,1
P001,HRTF_B,14,0.097,-14.58,-2.07,15,1
P001,HRTF_B,14,0.111,-14.71,-2.10,15,1
P001,HRTF_B,14,0.124,-14.85,-2.12,15,1
P001,HRTF_B,14,0.138,-14.97,-2.12,15,1
P001,HRTF_B,14,0.153,-15.07,-2.10,15,1
P001,HRTF_B,14,0.169,-15.23,-2.07,15,1
P001,HRTF_B,14,0.180,-15.38,-2.03,15,1
P001,HRTF_B,14,0.194,-15.51,-2.01,15,1
P001,HRTF_B,14,0.208,-15.60,-2.01,15,1
P001,HRTF_B,14,0.222,-15.67,-2.01,15,1
P001,HRTF_B,14,0.236,-15.75,-2.00,15,1
P001,HRTF_B,14,0.250,-15.83,-1.96,15,1
P001,HRTF_B,14,0.264,-15.90,-1.94,15,1
P001,HRTF_B,14,0.278,-15.97,-1.88,15,1
P001,HRTF_B,14,0.291,-16.00,-1.82,15,1
P001,HRTF_B,14,0.305,-16.03,-1.80,15,1
P001,HRTF_B,14,0.319,-16.08,-1.77,15,1
P001,HRTF_B,14,0.333,-16.14,-1.78,15,1
P001,HRTF_B,14,0.347,-16.21,-1.75,15,1
P001,HRTF_B,14,0.361,-16.26,-1.72,15,1
P001,HRTF_B,14,0.375,-16.30,-1.69,15,1
P001,HRTF_B,14,0.389,-16.35,-1.66,15,1
P001,HRTF_B,14,0.402,-16.38,-1.62,15,1
P001,HRTF_B,14,0.416,-16.42,-1.61,15,1
P001,HRTF_B,14,0.430,-16.45,-1.60,15,1
P001,HRTF_B,14,0.444,-16.43,-1.56,15,1
P001,HRTF_B,14,0.458,-16.40,-1.51,15,1
P001,HRTF_B,14,0.472,-16.33,-1.47,15,1
P001,HRTF_B,14,0.486,-16.26,-1.44,15,1
P001,HRTF_B,14,0.500,-16.19,-1.42,15,1
P001,HRTF_B,14,0.514,-16.12,-1.36,15,1
P001,HRTF_B,14,0.527,-15.99,-1.25,15,1
P001,HRTF_B,14,0.541,-15.87,-1.12,15,1
P001,HRTF_B,14,0.555,-15.74,-0.96,15,1
P001,HRTF_B,14,0.569,-15.59,-0.77,15,1
P001,HRTF_B,14,0.583,-15.46,-0.57,15,1
P001,HRTF_B,14,0.597,-15.32,-0.32,15,1
P001,HRTF_B,14,0.611,-15.19,-0.06,15,1
P001,HRTF_B,14,0.625,-15.16,0.07,15,1
P001,HRTF_B,14,0.639,-15.17,0.15,15,1
P001,HRTF_B,14,0.652,-15.21,0.19,15,1
P001,HRTF_B,14,0.666,-15.29,0.22,15,1
P001,HRTF_B,14,0.680,-15.36,0.29,15,1
P001,HRTF_B,14,0.694,-15.45,0.36,15,1
P001,HRTF_B,14,0.708,-15.56,0.43,15,1
P001,HRTF_B,14,0.722,-15.68,0.46,15,1
P001,HRTF_B,14,0.736,-15.76,0.49,15,1
P001,HRTF_B,14,0.750,-15.85,0.48,15,1
P001,HRTF_B,14,0.764,-15.93,0.49,15,1
P001,HRTF_B,14,0.778,-15.97,0.53,15,1
P001,HRTF_B,14,0.791,-16.01,0.54,15,1
P001,HRTF_B,14,0.805,-16.05,0.55,15,1
P001,HRTF_B,14,0.820,-16.05,0.51,15,1
P001,HRTF_B,14,0.833,-16.07,0.52,15,1
P001,HRTF_B,14,0.847,-16.06,0.52,15,1
P001,HRTF_B,14,0.861,-16.05,0.52,15,1
P001,HRTF_B,14,0.875,-16.06,0.53,15,1
P001,HRTF_B,14,0.889,-16.03,0.54,15,1
P001,HRTF_B,14,0.903,-16.00,0.54,15,1
P001,HRTF_B,14,0.916,-15.96,0.54,15,1
P001,HRTF_B,14,0.930,-15.92,0.53,15,1
P001,HRTF_B,14,0.944,-15.92,0.54,15,1
P001,HRTF_B,14,0.958,-15.91,0.57,15,1
P001,HRTF_B,14,0.972,-15.90,0.57,15,1
P001,HRTF_B,14,0.986,-15.91,0.58,15,1
P001,HRTF_B,14,1.000,-15.90,0.59,15,1
P001,HRTF_B,14,1.014,-15.91,0.57,15,1
P001,HRTF_B,14,1.028,-15.91,0.56,15,1
P001,HRTF_B,14,1.041,-15.91,0.55,15,1
P001,HRTF_B,14,1.055,-15.90,0.52,15,1
P001,HRTF_B,14,1.069,-15.88,0.52,15,1
P001,HRTF_B,14,1.083,-15.87,0.53,15,1
P001,HRTF_B,14,1.097,-15.86,0.53,15,1
P001,HRTF_B,14,1.111,-15.86,0.54,15,1
P001,HRTF_B,14,1.125,-15.85,0.54,15,1
P001,HRTF_B,14,1.139,-15.85,0.53,15,1
P001,HRTF_B,14,1.153,-15.85,0.52,15,1
P001,HRTF_B,14,1.166,-15.85,0.52,15,1
P001,HRTF_B,14,1.180,-15.86,0.52,15,1
P001,HRTF_B,14,1.194,-15.85,0.53,15,1
P001,HRTF_B,14,1.208,-15.85,0.54,15,1
P001,HRTF_B,14,1.222,-15.84,0.54,15,1
P001,HRTF_B,14,1.236,-15.84,0.54,15,1
P001,HRTF_B,14,1.250,-15.83,0.55,15,1
P001,HRTF_B,14,1.264,-15.80,0.54,15,1
P001,HRTF_B,14,1.278,-15.79,0.56,15,1
P001,HRTF_B,14,1.291,-15.78,0.56,15,1
P001,HRTF_B,14,1.305,-15.77,0.57,15,1
P001,HRTF_B,14,1.319,-15.77,0.57,15,1
P001,HRTF_B,14,1.333,-15.77,0.56,15,1
P001,HRTF_B,14,1.347,-15.77,0.56,15,1
P001,HRTF_B,14,1.361,-15.78,0.55,15,1
P001,HRTF_B,14,1.378,-15.78,0.54,15,1
P001,HRTF_B,14,1.392,-15.74,0.52,15,1
P001,HRTF_B,14,1.406,-15.72,0.50,15,1
P001,HRTF_B,14,1.419,-15.69,0.49,15,1
P001,HRTF_B,14,1.433,-15.68,0.49,15,1
P001,HRTF_B,14,1.447,-15.66,0.50,15,1
P001,HRTF_B,14,1.461,-15.63,0.50,15,1
P001,HRTF_B,14,1.475,-15.61,0.45,15,1
P001,HRTF_B,14,1.489,-15.59,0.42,15,1
P001,HRTF_B,14,1.503,-15.58,0.40,15,1
P001,HRTF_B,14,1.517,-15.58,0.39,15,1
P001,HRTF_B,14,1.531,-15.59,0.41,15,1
P001,HRTF_B,14,1.544,-15.60,0.42,15,1
P001,HRTF_B,14,1.558,-15.60,0.42,15,1
P001,HRTF_B,14,1.572,-15.62,0.42,15,1
P001,HRTF_B,14,1.586,-15.65,0.43,15,1
P001,HRTF_B,14,1.600,-15.68,0.43,15,1
P001,HRTF_B,14,1.614,-15.69,0.41,15,1
P001,HRTF_B,14,1.628,-15.69,0.41,15,1
P001,HRTF_B,14,1.642,-15.70,0.40,15,1
P001,HRTF_B,14,1.656,-15.70,0.40,15,1
P001,HRTF_B,14,1.669,-15.70,0.40,15,1
P001,HRTF_B,14,1.683,-15.70,0.41,15,1
P001,HRTF_B,14,1.697,-15.67,0.42,15,1
P001,HRTF_B,14,1.711,-15.65,0.42,15,1
P001,HRTF_B,14,1.725,-15.60,0.41,15,1
P001,HRTF_B,14,1.739,-15.56,0.39,15,1
P001,HRTF_B,14,1.753,-15.52,0.38,15,1
P001,HRTF_B,14,1.767,-15.48,0.40,15,1
P001,HRTF_B,14,1.781,-15.40,0.40,15,1
P001,HRTF_B,14,1.795,-15.30,0.42,15,1
P001,HRTF_B,14,1.809,-15.14,0.40,15,1
P001,HRTF_B,14,1.822,-14.93,0.34,15,1
P001,HRTF_B,14,1.836,-14.68,0.28,15,1
P001,HRTF_B,14,1.850,-14.29,0.21,15,1
P001,HRTF_B,14,1.864,-13.73,0.10,15,1
P001,HRTF_B,14,1.878,-13.12,-0.01,15,1
P001,HRTF_B,14,1.892,-12.42,-0.17,15,1
P001,HRTF_B,14,1.906,-11.52,-0.27,15,1
P001,HRTF_B,14,1.920,-10.47,-0.46,15,1
P001,HRTF_B,14,1.933,-9.20,-0.67,15,1
P001,HRTF_B,14,1.947,-7.84,-0.91,15,1
P001,HRTF_B,14,1.961,-6.58,-1.17,15,1
P001,HRTF_B,14,1.975,-5.03,-1.43,15,1
P001,HRTF_B,14,1.989,-3.33,-1.68,15,1
P001,HRTF_B,14,2.003,-1.73,-1.91,15,1
P001,HRTF_B,14,2.017,0.17,-2.19,15,1
P001,HRTF_B,14,2.030,2.02,-2.44,15,1
P001,HRTF_B,14,2.044,3.86,-2.69,15,1
P001,HRTF_B,14,2.058,5.74,-2.98,15,1
P001,HRTF_B,14,2.072,7.67,-3.22,15,1
P001,HRTF_B,14,2.086,9.69,-3.44,15,1
P001,HRTF_B,14,2.100,11.69,-3.67,15,1
P001,HRTF_B,14,2.114,13.78,-3.93,15,1
P001,HRTF_B,14,2.128,15.88,-4.21,15,1
P001,HRTF_B,14,2.142,18.03,-4.47,15,1
P001,HRTF_B,14,2.156,20.19,-4.76,15,1
P001,HRTF_B,14,2.169,22.34,-5.01,15,1
P001,HRTF_B,14,2.183,24.57,-5.22,15,1
P001,HRTF_B,14,2.197,26.81,-5.44,15,1
P001,HRTF_B,14,2.211,29.08,-5.72,15,1
P001,HRTF_B,14,2.225,31.28,-6.07,15,1
P001,HRTF_B,14,2.239,33.25,-6.52,15,1
P001,HRTF_B,14,2.253,35.25,-6.93,15,1
P001,HRTF_B,14,2.267,37.05,-7.29,15,1
P001,HRTF_B,14,2.281,39.00,-7.62,15,1
P001,HRTF_B,14,2.295,40.90,-7.90,15,1
P001,HRTF_B,14,2.309,42.69,-8.14,15,1
P001,HRTF_B,14,2.322,44.42,-8.38,15,1
P001,HRTF_B,14,2.336,46.16,-8.66,15,1
P001,HRTF_B,14,2.350,47.91,-8.90,15,1
P001,HRTF_B,14,2.364,49.62,-9.20,15,1
P001,HRTF_B,14,2.378,51.25,-9.50,15,1
P001,HRTF_B,14,2.392,52.85,-9.90,15,1
P001,HRTF_B,14,2.406,54.51,-10.37,15,1
P001,HRTF_B,14,2.419,56.12,-10.99,15,1
P001,HRTF_B,14,2.434,57.66,-11.76,15,1
P001,HRTF_B,14,2.447,59.05,-12.54,15,1
P001,HRTF_B,14,2.461,60.44,-13.19,15,1
P001,HRTF_B,14,2.475,61.77,-13.82,15,1
P001,HRTF_B,14,2.502,63.20,-14.43,15,1
P001,HRTF_B,14,2.514,64.54,-15.07,15,1
P001,HRTF_B,14,2.528,67.25,-16.22,15,1
P001,HRTF_B,14,2.541,68.63,-16.81,15,1
P001,HRTF_B,14,2.555,70.08,-17.39,15,1
P001,HRTF_B,14,2.569,71.56,-17.96,15,1
P001,HRTF_B,14,2.583,73.03,-18.50,15,1
P001,HRTF_B,14,2.597,74.50,-19.00,15,1
P001,HRTF_B,14,2.611,75.97,-19.53,15,1
P001,HRTF_B,14,2.625,77.41,-20.02,15,1
P001,HRTF_B,14,2.639,78.76,-20.60,15,1
P001,HRTF_B,14,2.652,80.05,-21.10,15,1
P001,HRTF_B,14,2.666,81.20,-21.53,15,1
P001,HRTF_B,14,2.680,82.40,-21.99,15,1
P001,HRTF_B,14,2.694,83.57,-22.46,15,1
P001,HRTF_B,14,2.708,84.50,-22.92,15,1
P001,HRTF_B,14,2.722,85.33,-23.45,15,1
P001,HRTF_B,14,2.736,86.04,-23.97,15,1
P001,HRTF_B,14,2.750,86.68,-24.57,15,1
P001,HRTF_B,14,2.764,87.32,-25.16,15,1
P001,HRTF_B,14,2.777,87.86,-25.76,15,1
P001,HRTF_B,14,2.791,88.25,-26.38,15,1
P001,HRTF_B,14,2.805,88.72,-27.03,15,1
P001,HRTF_B,14,2.819,89.19,-27.69,15,1
P001,HRTF_B,14,2.833,89.71,-28.33,15,1
P001,HRTF_B,14,2.847,90.26,-29.02,15,1
P001,HRTF_B,14,2.861,90.73,-29.66,15,1
P001,HRTF_B,14,2.875,91.25,-30.29,15,1
P001,HRTF_B,14,2.889,91.82,-30.89,15,1
P001,HRTF_B,14,2.903,92.37,-31.49,15,1
P001,HRTF_B,14,2.916,92.97,-32.06,15,1
P001,HRTF_B,14,2.930,93.62,-32.72,15,1
P001,HRTF_B,14,2.944,94.37,-33.38,15,1
P001,HRTF_B,14,2.958,95.07,-34.03,15,1
P001,HRTF_B,14,2.972,95.70,-34.66,15,1
P001,HRTF_B,14,2.986,96.33,-35.31,15,1
P001,HRTF_B,14,3.000,96.91,-36.04,15,1
P001,HRTF_B,14,3.013,97.49,-36.79,15,1
P001,HRTF_B,14,3.028,97.97,-37.54,15,1
P001,HRTF_B,14,3.041,98.32,-38.32,15,1
P001,HRTF_B,14,3.055,98.64,-39.00,15,1
P001,HRTF_B,14,3.069,98.98,-39.56,15,1
P001,HRTF_B,14,3.083,99.36,-39.98,15,1
P001,HRTF_B,14,3.097,99.65,-40.40,15,1
P001,HRTF_B,14,3.111,100.00,-40.79,15,1
P001,HRTF_B,14,3.124,100.33,-41.16,15,1
P001,HRTF_B,14,3.138,100.88,-41.46,15,1
P001,HRTF_B,14,3.152,101.37,-41.75,15,1
P001,HRTF_B,14,3.166,101.89,-42.01,15,1
P001,HRTF_B,14,3.180,102.59,-42.04,15,1
P001,HRTF_B,14,3.194,102.92,-42.42,15,1
P001,HRTF_B,14,3.208,103.26,-42.34,15,1
P001,HRTF_B,14,3.222,103.61,-42.56,15,1
P001,HRTF_B,14,3.236,103.79,-42.55,15,1
P001,HRTF_B,14,3.250,104.01,-42.56,15,1
P001,HRTF_B,14,3.264,104.14,-42.51,15,1
P001,HRTF_B,14,3.277,104.32,-42.51,15,1
P001,HRTF_B,14,3.291,104.42,-42.55,15,1
P001,HRTF_B,14,3.305,104.54,-42.60,15,1
P001,HRTF_B,14,3.319,104.67,-42.61,15,1
P001,HRTF_B,14,3.333,104.80,-42.58,15,1
P001,HRTF_B,14,3.347,104.95,-42.60,15,1
P001,HRTF_B,14,3.361,105.08,-42.70,15,1
P001,HRTF_B,14,3.375,105.24,-42.77,15,1
P001,HRTF_B,14,3.389,105.43,-42.79,15,1
P001,HRTF_B,14,3.402,105.59,-42.79,15,1
P001,HRTF_B,14,3.416,105.75,-42.80,15,1
P001,HRTF_B,14,3.430,105.88,-42.81,15,1
P001,HRTF_B,14,3.444,106.05,-42.84,15,1
P001,HRTF_B,14,3.458,106.20,-42.88,15,1
P001,HRTF_B,14,3.472,106.35,-42.90,15,1
P001,HRTF_B,14,3.486,106.53,-42.92,15,1
P001,HRTF_B,14,3.499,106.67,-42.95,15,1
P001,HRTF_B,14,3.514,106.77,-42.99,15,1
P001,HRTF_B,14,3.528,106.87,-43.01,15,1
P001,HRTF_B,14,3.541,106.99,-42.99,15,1
P001,HRTF_B,14,3.555,107.09,-42.99,15,1
P001,HRTF_B,14,3.569,107.18,-42.98,15,1
P001,HRTF_B,14,3.583,107.26,-42.95,15,1
P001,HRTF_B,14,3.597,107.34,-42.89,15,1
P001,HRTF_B,14,3.611,107.40,-42.85,15,1
P001,HRTF_B,14,3.625,107.48,-42.83,15,1
P001,HRTF_B,14,3.638,107.54,-42.85,15,1
P001,HRTF_B,14,3.652,107.61,-42.86,15,1
P001,HRTF_B,14,3.666,107.72,-42.86,15,1
P001,HRTF_B,14,3.680,107.81,-42.81,15,1
P001,HRTF_B,14,3.694,107.88,-42.78,15,1
P001,HRTF_B,14,3.708,107.91,-42.73,15,1
P001,HRTF_B,14,3.722,107.94,-42.65,15,1
P001,HRTF_B,14,3.736,107.99,-42.59,15,1
P001,HRTF_B,14,3.749,108.06,-42.56,15,1
P001,HRTF_B,14,3.763,108.09,-42.53,15,1
P001,HRTF_B,14,3.777,108.13,-42.47,15,1
P001,HRTF_B,14,3.791,108.19,-42.39,15,1
P001,HRTF_B,14,3.805,108.27,-42.32,15,1
P001,HRTF_B,14,3.819,108.32,-42.26,15,1
P001,HRTF_B,14,3.833,108.34,-42.25,15,1
P001,HRTF_B,14,3.847,108.37,-42.21,15,1
P001,HRTF_B,14,3.861,108.38,-42.18,15,1
P001,HRTF_B,15,0.014,-10.97,2.12,21,1
P001,HRTF_B,15,0.030,-11.22,2.17,21,1
P001,HRTF_B,15,0.041,-11.37,2.15,21,1
P001,HRTF_B,15,0.055,-11.51,2.11,21,1
P001,HRTF_B,15,0.069,-11.60,2.08,21,1
P001,HRTF_B,15,0.083,-11.62,2.02,21,1
P001,HRTF_B,15,0.097,-11.61,1.95,21,1
P001,HRTF_B,15,0.111,-11.58,1.89,21,1
P001,HRTF_B,15,0.125,-11.59,1.85,21,1
P001,HRTF_B,15,0.139,-11.54,1.81,21,1
P001,HRTF_B,15,0.153,-11.53,1.76,21,1
P001,HRTF_B,15,0.169,-11.50,1.73,21,1
P001,HRTF_B,15,0.180,-11.52,1.68,21,1
P001,HRTF_B,15,0.194,-11.57,1.65,21,1
P001,HRTF_B,15,0.208,-11.69,1.62,21,1
P001,HRTF_B,15,0.222,-11.78,1.63,21,1
P001,HRTF_B,15,0.236,-11.88,1.61,21,1
P001,HRTF_B,15,0.250,-12.04,1.61,21,1
P001,HRTF_B,15,0.263,-12.24,1.62,21,1
P001,HRTF_B,15,0.277,-12.48,1.65,21,1
P001,HRTF_B,15,0.291,-12.73,1.72,21,1
P001,HRTF_B,15,0.305,-12.97,1.81,21,1
P001,HRTF_B,15,0.319,-13.24,1.95,21,1
P001,HRTF_B,15,0.333,-13.46,2.04,21,1
P001,HRTF_B,15,0.347,-13.66,2.10,21,1
P001,HRTF_B,15,0.361,-13.85,2.12,21,1
P001,HRTF_B,15,0.375,-14.01,2.14,21,1
P001,HRTF_B,15,0.388,-14.15,2.16,21,1
P001,HRTF_B,15,0.402,-14.26,2.20,21,1
P001,HRTF_B,15,0.416,-14.33,2.26,21,1
P001,HRTF_B,15,0.430,-14.40,2.36,21,1
P001,HRTF_B,15,0.444,-14.45,2.44,21,1
P001,HRTF_B,15,0.458,-14.49,2.49,21,1
P001,HRTF_B,15,0.472,-14.51,2.52,21,1
P001,HRTF_B,15,0.486,-14.50,2.52,21,1
P001,HRTF_B,15,0.500,-14.48,2.52,21,1
P001,HRTF_B,15,0.513,-14.45,2.50,21,1
P001,HRTF_B,15,0.527,-14.41,2.47,21,1
P001,HRTF_B,15,0.541,-14.38,2.46,21,1
P001,HRTF_B,15,0.555,-14.32,2.43,21,1
P001,HRTF_B,15,0.569,-14.29,2.42,21,1
P001,HRTF_B,15,0.583,-14.24,2.42,21,1
P001,HRTF_B,15,0.597,-14.22,2.40,21,1
P001,HRTF_B,15,0.611,-14.20,2.40,21,1
P001,HRTF_B,15,0.625,-14.18,2.37,21,1
P001,HRTF_B,15,0.639,-14.16,2.34,21,1
P001,HRTF_B,15,0.652,-14.13,2.30,21,1
P001,HRTF_B,15,0.666,-14.14,2.28,21,1
P001,HRTF_B,15,0.680,-14.18,2.26,21,1
P001,HRTF_B,15,0.694,-14.23,2.28,21,1
P001,HRTF_B,15,0.708,-14.27,2.30,21,1
P001,HRTF_B,15,0.722,-14.32,2.32,21,1
P001,HRTF_B,15,0.736,-14.38,2.30,21,1
P001,HRTF_B,15,0.750,-14.43,2.28,21,1
P001,HRTF_B,15,0.763,-14.49,2.27,21,1
P001,HRTF_B,15,0.777,-14.56,2.26,21,1
P001,HRTF_B,15,0.791,-14.62,2.30,21,1
P001,HRTF_B,15,0.805,-14.66,2.32,21,1
P001,HRTF_B,15,0.819,-14.71,2.36,21,1
P001,HRTF_B,15,0.833,-14.77,2.39,21,1
P001,HRTF_B,15,0.847,-14.82,2.40,21,1
P001,HRTF_B,15,0.861,-14.87,2.39,21,1
P001,HRTF_B,15,0.875,-14.91,2.39,21,1
P001,HRTF_B,15,0.889,-14.96,2.39,21,1
P001,HRTF_B,15,0.902,-15.01,2.41,21,1
P001,HRTF_B,15,0.916,-15.06,2.44,21,1
P001,HRTF_B,15,0.930,-15.13,2.47,21,1
P001,HRTF_B,15,0.944,-15.20,2.49,21,1
P001,HRTF_B,15,0.958,-15.27,2.48,21,1
P001,HRTF_B,15,0.972,-15.34,2.48,21,1
P001,HRTF_B,15,0.986,-15.40,2.47,21,1
P001,HRTF_B,15,1.000,-15.47,2.45,21,1
P001,HRTF_B,15,1.013,-15.51,2.45,21,1
P001,HRTF_B,15,1.027,-15.55,2.45,21,1
P001,HRTF_B,15,1.041,-15.58,2.45,21,1
P001,HRTF_B,15,1.055,-15.60,2.44,21,1
P001,HRTF_B,15,1.069,-15.62,2.44,21,1
P001,HRTF_B,15,1.083,-15.61,2.43,21,1
P001,HRTF_B,15,1.097,-15.62,2.43,21,1
P001,HRTF_B,15,1.111,-15.61,2.43,21,1
P001,HRTF_B,15,1.124,-15.60,2.42,21,1
P001,HRTF_B,15,1.138,-15.58,2.42,21,1
P001,HRTF_B,15,1.152,-15.54,2.41,21,1
P001,HRTF_B,15,1.166,-15.52,2.39,21,1
P001,HRTF_B,15,1.180,-15.51,2.40,21,1
P001,HRTF_B,15,1.194,-15.49,2.40,21,1
P001,HRTF_B,15,1.208,-15.46,2.36,21,1
P001,HRTF_B,15,1.222,-15.41,2.35,21,1
P001,HRTF_B,15,1.236,-15.36,2.35,21,1
P001,HRTF_B,15,1.250,-15.35,2.36,21,1
P001,HRTF_B,15,1.263,-15.31,2.37,21,1
P001,HRTF_B,15,1.277,-15.30,2.37,21,1
P001,HRTF_B,15,1.291,-15.28,2.37,21,1
P001,HRTF_B,15,1.305,-15.25,2.36,21,1
P001,HRTF_B,15,1.319,-15.23,2.37,21,1
P001,HRTF_B,15,1.333,-15.24,2.39,21,1
P001,HRTF_B,15,1.347,-15.24,2.41,21,1
P001,HRTF_B,15,1.361,-15.26,2.44,21,1
P001,HRTF_B,15,1.375,-15.26,2.46,21,1
P001,HRTF_B,15,1.389,-15.27,2.48,21,1
P001,HRTF_B,15,1.402,-15.29,2.52,21,1
P001,HRTF_B,15,1.416,-15.32,2.55,21,1
P001,HRTF_B,15,1.430,-15.33,2.55,21,1
P001,HRTF_B,15,1.444,-15.34,2.56,21,1
P001,HRTF_B,15,1.458,-15.34,2.54,21,1
P001,HRTF_B,15,1.472,-15.37,2.52,21,1
P001,HRTF_B,15,1.486,-15.36,2.52,21,1
P001,HRTF_B,15,1.500,-15.36,2.51,21,1
P001,HRTF_B,15,1.514,-15.36,2.49,21,1
P001,HRTF_B,15,1.528,-15.35,2.46,21,1
P001,HRTF_B,15,1.541,-15.33,2.43,21,1
P001,HRTF_B,15,1.555,-15.31,2.40,21,1
P001,HRTF_B,15,1.569,-15.29,2.40,21,1
P001,HRTF_B,15,1.583,-15.27,2.39,21,1
P001,HRTF_B,15,1.597,-15.27,2.39,21,1
P001,HRTF_B,15,1.611,-15.26,2.38,21,1
P001,HRTF_B,15,1.625,-15.23,2.38,21,1
P001,HRTF_B,15,1.638,-15.22,2.37,21,1
P001,HRTF_B,15,1.652,-15.21,2.36,21,1
P001,HRTF_B,15,1.666,-15.20,2.36,21,1
P001,HRTF_B,15,1.680,-15.20,2.37,21,1
P001,HRTF_B,15,1.694,-15.19,2.38,21,1
P001,HRTF_B,15,1.708,-15.19,2.38,21,1
P001,HRTF_B,15,1.722,-15.19,2.39,21,1
P001,HRTF_B,15,1.736,-15.18,2.40,21,1
P001,HRTF_B,15,1.750,-15.18,2.41,21,1
P001,HRTF_B,15,1.764,-15.19,2.43,21,1
P001,HRTF_B,15,1.777,-15.18,2.42,21,1
P001,HRTF_B,15,1.791,-15.15,2.40,21,1
P001,HRTF_B,15,1.806,-15.14,2.40,21,1
P001,HRTF_B,15,1.819,-15.12,2.41,21,1
P001,HRTF_B,15,1.833,-15.10,2.44,21,1
P001,HRTF_B,15,1.847,-15.07,2.45,21,1
P001,HRTF_B,15,1.861,-15.05,2.44,21,1
P001,HRTF_B,15,1.875,-15.04,2.42,21,1
P001,HRTF_B,15,1.889,-15.03,2.40,21,1
P001,HRTF_B,15,1.902,-15.02,2.39,21,1
P001,HRTF_B,15,1.916,-15.02,2.38,21,1
P001,HRTF_B,15,1.930,-15.02,2.39,21,1
P001,HRTF_B,15,1.944,-15.03,2.39,21,1
P001,HRTF_B,15,1.958,-15.04,2.39,21,1
P001,HRTF_B,15,1.972,-15.05,2.42,21,1
P001,HRTF_B,15,1.986,-15.06,2.46,21,1
P001,HRTF_B,15,2.000,-15.08,2.49,21,1
P001,HRTF_B,15,2.014,-15.09,2.53,21,1
P001,HRTF_B,15,2.028,-15.14,2.55,21,1
P001,HRTF_B,15,2.041,-15.23,2.59,21,1
P001,HRTF_B,15,2.055,-15.39,2.68,21,1
P001,HRTF_B,15,2.069,-15.57,2.78,21,1
P001,HRTF_B,15,2.083,-15.77,2.91,21,1
P001,HRTF_B,15,2.097,-15.99,3.02,21,1
P001,HRTF_B,15,2.111,-16.22,3.10,21,1
P001,HRTF_B,15,2.125,-16.48,3.13,21,1
P001,HRTF_B,15,2.139,-16.72,3.14,21,1
P001,HRTF_B,15,2.152,-17.03,3.17,21,1
P001,HRTF_B,15,2.166,-17.29,3.27,21,1
P001,HRTF_B,15,2.180,-17.57,3.39,21,1
P001,HRTF_B,15,2.194,-17.85,3.59,21,1
P001,HRTF_B,15,2.208,-18.16,3.75,21,1
P001,HRTF_B,15,2.222,-18.48,3.89,21,1
P001,HRTF_B,15,2.236,-18.76,3.95,21,1
P001,HRTF_B,15,2.250,-19.10,3.95,21,1
P001,HRTF_B,15,2.264,-19.45,3.95,21,1
P001,HRTF_B,15,2.277,-19.81,3.87,21,1
P001,HRTF_B,15,2.291,-20.17,3.84,21,1
P001,HRTF_B,15,2.305,-20.48,3.84,21,1
P001,HRTF_B,15,2.319,-20.78,3.83,21,1
P001,HRTF_B,15,2.333,-21.09,3.80,21,1
P001,HRTF_B,15,2.347,-21.39,3.78,21,1
P001,HRTF_B,15,2.361,-21.69,3.72,21,1
P001,HRTF_B,15,2.375,-21.98,3.68,21,1
P001,HRTF_B,15,2.389,-22.26,3.57,21,1
P001,HRTF_B,15,2.403,-22.54,3.46,21,1
P001,HRTF_B,15,2.416,-22.83,3.34,21,1
P001,HRTF_B,15,2.430,-23.15,3.24,21,1
P001,HRTF_B,15,2.444,-23.52,3.12,21,1
P001,HRTF_B,15,2.458,-23.91,3.01,21,1
P001,HRTF_B,15,2.472,-24.25,2.96,21,1
P001,HRTF_B,15,2.486,-24.60,2.93,21,1
P001,HRTF_B,15,2.500,-25.00,2.87,21,1
P001,HRTF_B,15,2.514,-25.35,2.83,21,1
P001,HRTF_B,15,2.528,-25.75,2.80,21,1
P001,HRTF_B,15,2.542,-26.15,2.78,21,1
P001,HRTF_B,15,2.555,-26.58,2.81,21,1
P001,HRTF_B,15,2.569,-27.02,2.82,21,1
P001,HRTF_B,15,2.583,-27.54,2.79,21,1
P001,HRTF_B,15,2.597,-28.04,2.76,21,1
P001,HRTF_B,15,2.611,-28.59,2.69,21,1
P001,HRTF_B,15,2.625,-29.15,2.59,21,1
P001,HRTF_B,15,2.639,-29.74,2.53,21,1
P001,HRTF_B,15,2.653,-30.37,2.47,21,1
P001,HRTF_B,15,2.666,-30.99,2.46,21,1
P001,HRTF_B,15,2.680,-31.62,2.39,21,1
P001,HRTF_B,15,2.696,-32.27,2.42,21,1
P001,HRTF_B,15,2.710,-32.97,2.40,21,1
P001,HRTF_B,15,2.722,-33.68,2.43,21,1
P001,HRTF_B,15,2.736,-34.40,2.46,21,1
P001,HRTF_B,15,2.750,-35.15,2.49,21,1
P001,HRTF_B,15,2.764,-35.92,2.51,21,1
P001,HRTF_B,15,2.778,-36.72,2.53,21,1
P001,HRTF_B,15,2.792,-37.50,2.56,21,1
P001,HRTF_B,15,2.806,-38.29,2.59,21,1
P001,HRTF_B,15,2.819,-39.11,2.62,21,1
P001,HRTF_B,15,2.833,-39.91,2.64,21,1
P001,HRTF_B,15,2.847,-40.72,2.64,21,1
P001,HRTF_B,15,2.861,-41.55,2.60,21,1
P001,HRTF_B,15,2.875,-42.37,2.56,21,1
P001,HRTF_B,15,2.889,-43.22,2.53,21,1
P001,HRTF_B,15,2.903,-44.07,2.49,21,1
P001,HRTF_B,15,2.917,-44.91,2.42,21,1
P001,HRTF_B,15,2.931,-45.71,2.32,21,1
P001,HRTF_B,15,2.944,-46.52,2.24,21,1
P001,HRTF_B,15,2.958,-47.37,2.18,21,1
P001,HRTF_B,15,2.972,-48.16,2.16,21,1
P001,HRTF_B,15,2.986,-48.96,2.11,21,1
P001,HRTF_B,15,3.000,-49.80,2.15,21,1
P001,HRTF_B,15,3.014,-50.63,2.13,21,1
P001,HRTF_B,15,3.028,-51.40,2.06,21,1
P001,HRTF_B,15,3.042,-52.24,2.05,21,1
P001,HRTF_B,15,3.056,-53.02,2.02,21,1
P001,HRTF_B,15,3.070,-53.86,2.02,21,1
P001,HRTF_B,15,3.084,-54.68,2.02,21,1
P001,HRTF_B,15,3.097,-55.51,2.00,21,1
P001,HRTF_B,15,3.111,-56.35,1.97,21,1
P001,HRTF_B,15,3.125,-57.23,1.95,21,1
P001,HRTF_B,15,3.139,-58.12,1.95,21,1
P001,HRTF_B,15,3.153,-59.03,1.94,21,1
P001,HRTF_B,15,3.166,-59.97,1.92,21,1
P001,HRTF_B,15,3.180,-60.88,1.87,21,1
P001,HRTF_B,15,3.194,-61.84,1.85,21,1
P001,HRTF_B,15,3.208,-62.80,1.83,21,1
P001,HRTF_B,15,3.222,-63.74,1.82,21,1
P001,HRTF_B,15,3.236,-64.70,1.82,21,1
P001,HRTF_B,15,3.250,-65.67,1.79,21,1
P001,HRTF_B,15,3.264,-66.65,1.70,21,1
P001,HRTF_B,15,3.278,-67.60,1.65,21,1
P001,HRTF_B,15,3.292,-68.58,1.59,21,1
P001,HRTF_B,15,3.306,-69.53,1.48,21,1
P001,HRTF_B,15,3.319,-70.46,1.44,21,1
P001,HRTF_B,15,3.333,-71.37,1.40,21,1
P001,HRTF_B,15,3.347,-72.24,1.38,21,1
P001,HRTF_B,15,3.361,-73.09,1.37,21,1
P001,HRTF_B,15,3.375,-73.93,1.26,21,1
P001,HRTF_B,15,3.389,-74.71,1.19,21,1
P001,HRTF_B,15,3.403,-75.51,1.13,21,1
P001,HRTF_B,15,3.417,-76.25,1.04,21,1
P001,HRTF_B,15,3.431,-76.88,0.94,21,1
P001,HRTF_B,15,3.444,-77.45,0.79,21,1
P001,HRTF_B,15,3.458,-78.02,0.70,21,1
P001,HRTF_B,15,3.472,-78.61,0.56,21,1
P001,HRTF_B,15,3.486,-79.11,0.45,21,1
P001,HRTF_B,15,3.500,-79.60,0.33,21,1
P001,HRTF_B,15,3.514,-80.13,0.19,21,1
P001,HRTF_B,15,3.528,-80.56,0.03,21,1
P001,HRTF_B,15,3.542,-80.97,-0.12,21,1
P001,HRTF_B,15,3.556,-81.41,-0.26,21,1
P001,HRTF_B,15,3.570,-81.80,-0.46,21,1
P001,HRTF_B,15,3.583,-82.18,-0.69,21,1
P001,HRTF_B,15,3.597,-82.57,-0.91,21,1
P001,HRTF_B,15,3.611,-82.93,-1.10,21,1
P001,HRTF_B,15,3.625,-83.28,-1.26,21,1
P001,HRTF_B,15,3.639,-83.66,-1.38,21,1
P001,HRTF_B,15,3.653,-84.02,-1.46,21,1
P001,HRTF_B,15,3.667,-84.42,-1.60,21,1
P001,HRTF_B,15,3.680,-84.83,-1.71,21,1
P001,HRTF_B,15,3.694,-85.22,-1.85,21,1
P001,HRTF_B,15,3.708,-85.67,-1.96,21,1
P001,HRTF_B,15,3.722,-86.13,-2.03,21,1
P001,HRTF_B,15,3.736,-86.64,-2.07,21,1
P001,HRTF_B,15,3.750,-87.12,-2.05,21,1
P001,HRTF_B,15,3.764,-87.68,-1.94,21,1
P001,HRTF_B,15,3.777,-88.24,-1.84,21,1
P001,HRTF_B,15,3.791,-88.87,-1.65,21,1
P001,HRTF_B,15,3.805,-89.53,-1.44,21,1
P001,HRTF_B,15,3.819,-90.28,-1.23,21,1
P001,HRTF_B,15,3.833,-91.04,-1.00,21,1
P001,HRTF_B,15,3.847,-91.86,-0.78,21,1
P001,HRTF_B,15,3.861,-92.63,-0.55,21,1
P001,HRTF_B,15,3.875,-93.45,-0.36,21,1
P001,HRTF_B,15,3.889,-94.28,-0.13,21,1
P001,HRTF_B,15,3.903,-95.04,0.12,21,1
P001,HRTF_B,15,3.917,-95.80,0.36,21,1
P001,HRTF_B,15,3.931,-96.52,0.62,21,1
P001,HRTF_B,15,3.944,-97.23,0.89,21,1
P001,HRTF_B,15,3.958,-97.93,1.14,21,1
P001,HRTF_B,15,3.972,-98.66,1.40,21,1
P001,HRTF_B,15,3.986,-99.30,1.64,21,1
P001,HRTF_B,15,4.000,-99.93,1.84,21,1
P001,HRTF_B,15,4.014,-100.52,1.94,21,1
P001,HRTF_B,15,4.028,-101.11,2.10,21,1
P001,HRTF_B,15,4.042,-101.67,2.13,21,1
P001,HRTF_B,15,4.055,-102.20,2.15,21,1
P001,HRTF_B,15,4.069,-102.67,2.14,21,1
P001,HRTF_B,15,4.083,-103.16,2.10,21,1
P001,HRTF_B,15,4.097,-103.56,2.01,21,1
P001,HRTF_B,15,4.111,-104.01,1.95,21,1
P001,HRTF_B,15,4.125,-104.41,1.80,21,1
P001,HRTF_B,15,4.139,-104.79,1.70,21,1
P001,HRTF_B,15,4.153,-105.14,1.57,21,1
P001,HRTF_B,15,4.166,-105.51,1.41,21,1
P001,HRTF_B,15,4.180,-105.79,1.28,21,1
P001,HRTF_B,15,4.194,-106.06,1.11,21,1
P001,HRTF_B,15,4.208,-106.30,1.01,21,1
P001,HRTF_B,15,4.222,-106.51,0.94,21,1
P001,HRTF_B,15,4.236,-106.68,0.89,21,1
P001,HRTF_B,15,4.250,-106.85,0.83,21,1
P001,HRTF_B,15,4.264,-106.96,0.82,21,1
P001,HRTF_B,15,4.278,-107.07,0.83,21,1
P001,HRTF_B,15,4.291,-107.16,0.85,21,1
P001,HRTF_B,15,4.306,-107.26,0.87,21,1
P001,HRTF_B,15,4.319,-107.34,0.87,21,1
P001,HRTF_B,15,4.333,-107.44,0.85,21,1
P001,HRTF_B,15,4.347,-107.51,0.81,21,1
P001,HRTF_B,15,4.361,-107.58,0.77,21,1
P001,HRTF_B,15,4.375,-107.59,0.77,21,1
P001,HRTF_B,15,4.389,-107.61,0.78,21,1
P001,HRTF_B,15,4.403,-107.59,0.83,21,1
P001,HRTF_B,15,4.417,-107.55,0.87,21,1
P001,HRTF_B,15,4.430,-107.51,0.91,21,1
P001,HRTF_B,15,4.444,-107.40,0.96,21,1
P001,HRTF_B,15,4.458,-107.32,1.02,21,1
P001,HRTF_B,15,4.472,-107.20,1.07,21,1
P001,HRTF_B,15,4.486,-107.10,1.09,21,1
P001,HRTF_B,15,4.500,-106.96,1.10,21,1
P001,HRTF_B,15,4.514,-106.82,1.12,21,1
P001,HRTF_B,15,4.528,-106.66,1.12,21,1
P001,HRTF_B,15,4.541,-106.51,1.16,21,1
P001,HRTF_B,15,4.556,-106.35,1.18,21,1
P001,HRTF_B,15,4.569,-106.18,1.19,21,1
P001,HRTF_B,15,4.583,-106.01,1.20,21,1
P001,HRTF_B,15,4.597,-105.83,1.19,21,1
P001,HRTF_B,15,4.611,-105.63,1.20,21,1
P001,HRTF_B,15,4.625,-105.40,1.18,21,1
P001,HRTF_B,15,4.639,-105.15,1.13,21,1
P001,HRTF_B,15,4.653,-104.88,1.06,21,1
P001,HRTF_B,15,4.666,-104.64,0.99,21,1
P001,HRTF_B,15,4.680,-104.39,0.94,21,1
P001,HRTF_B,15,4.694,-104.11,0.86,21,1
P001,HRTF_B,15,4.708,-103.87,0.80,21,1
P001,HRTF_B,15,4.722,-103.60,0.72,21,1
P001,HRTF_B,15,4.736,-103.36,0.63,21,1
P001,HRTF_B,15,4.749,-103.14,0.53,21,1
P001,HRTF_B,15,4.764,-102.92,0.45,21,1
P001,HRTF_B,15,4.777,-102.73,0.38,21,1
P001,HRTF_B,15,4.791,-102.55,0.31,21,1
P001,HRTF_B,15,4.806,-102.37,0.25,21,1
P001,HRTF_B,15,4.819,-102.23,0.17,21,1
P001,HRTF_B,15,4.833,-102.07,0.12,21,1
P001,HRTF_B,15,4.847,-101.94,0.10,21,1
P001,HRTF_B,15,4.861,-101.81,0.07,21,1
P001,HRTF_B,15,4.874,-101.67,0.06,21,1
P001,HRTF_B,15,4.889,-101.54,0.03,21,1
P001,HRTF_B,15,4.903,-101.43,0.00,21,1
P001,HRTF_B,15,4.916,-101.34,-0.02,21,1
P001,HRTF_B,15,4.930,-101.24,-0.03,21,1
P001,HRTF_B,15,4.944,-101.18,-0.03,21,1
P001,HRTF_B,15,4.958,-101.10,-0.03,21,1
P001,HRTF_B,16,0.014,-13.90,1.32,17,1
P001,HRTF_B,16,0.031,-13.78,1.34,17,1
P001,HRTF_B,16,0.041,-13.65,1.39,17,1
P001,HRTF_B,16,0.056,-13.54,1.41,17,1
P001,HRTF_B,16,0.072,-13.45,1.42,17,1
P001,HRTF_B,16,0.084,-13.36,1.41,17,1
P001,HRTF_B,16,0.097,-13.27,1.35,17,1
P001,HRTF_B,16,0.111,-13.20,1.28,17,1
P001,HRTF_B,16,0.125,-13.13,1.23,17,1
P001,HRTF_B,16,0.139,-13.06,1.18,17,1
P001,HRTF_B,16,0.153,-13.04,1.16,17,1
P001,HRTF_B,16,0.166,-13.01,1.15,17,1
P001,HRTF_B,16,0.180,-13.03,1.16,17,1
P001,HRTF_B,16,0.194,-13.05,1.16,17,1
P001,HRTF_B,16,0.209,-13.07,1.18,17,1
P001,HRTF_B,16,0.222,-13.06,1.17,17,1
P001,HRTF_B,16,0.236,-13.07,1.16,17,1
P001,HRTF_B,16,0.250,-13.10,1.15,17,1
P001,HRTF_B,16,0.264,-13.16,1.15,17,1
P001,HRTF_B,16,0.278,-13.25,1.16,17,1
P001,HRTF_B,16,0.292,-13.34,1.19,17,1
P001,HRTF_B,16,0.306,-13.43,1.24,17,1
P001,HRTF_B,16,0.319,-13.53,1.29,17,1
P001,HRTF_B,16,0.333,-13.66,1.36,17,1
P001,HRTF_B,16,0.347,-13.81,1.43,17,1
P001,HRTF_B,16,0.361,-13.93,1.53,17,1
P001,HRTF_B,16,0.375,-14.07,1.61,17,1
P001,HRTF_B,16,0.389,-14.19,1.68,17,1
P001,HRTF_B,16,0.403,-14.32,1.73,17,1
P001,HRTF_B,16,0.417,-14.41,1.79,17,1
P001,HRTF_B,16,0.430,-14.53,1.83,17,1
P001,HRTF_B,16,0.444,-14.62,1.85,17,1
P001,HRTF_B,16,0.458,-14.68,1.84,17,1
P001,HRTF_B,16,0.472,-14.73,1.79,17,1
P001,HRTF_B,16,0.486,-14.77,1.75,17,1
P001,HRTF_B,16,0.500,-14.79,1.71,17,1
P001,HRTF_B,16,0.514,-14.83,1.67,17,1
P001,HRTF_B,16,0.528,-14.86,1.63,17,1
P001,HRTF_B,16,0.542,-14.87,1.60,17,1
P001,HRTF_B,16,0.556,-14.91,1.55,17,1
P001,HRTF_B,16,0.570,-14.94,1.48,17,1
P001,HRTF_B,16,0.583,-14.96,1.40,17,1
P001,HRTF_B,16,0.597,-14.98,1.33,17,1
P001,HRTF_B,16,0.611,-15.02,1.28,17,1
P001,HRTF_B,16,0.625,-15.06,1.21,17,1
P001,HRTF_B,16,0.639,-15.10,1.14,17,1
P001,HRTF_B,16,0.653,-15.15,1.07,17,1
P001,HRTF_B,16,0.667,-15.20,0.99,17,1
P001,HRTF_B,16,0.680,-15.25,0.92,17,1
P001,HRTF_B,16,0.694,-15.33,0.82,17,1
P001,HRTF_B,16,0.708,-15.41,0.73,17,1
P001,HRTF_B,16,0.722,-15.50,0.60,17,1
P001,HRTF_B,16,0.736,-15.57,0.49,17,1
P001,HRTF_B,16,0.750,-15.66,0.37,17,1
P001,HRTF_B,16,0.764,-15.78,0.26,17,1
P001,HRTF_B,16,0.777,-15.87,0.16,17,1
P001,HRTF_B,16,0.791,-15.99,0.08,17,1
P001,HRTF_B,16,0.806,-16.10,0.00,17,1
P001,HRTF_B,16,0.820,-16.22,-0.08,17,1
P001,HRTF_B,16,0.833,-16.34,-0.14,17,1
P001,HRTF_B,16,0.847,-16.44,-0.19,17,1
P001,HRTF_B,16,0.861,-16.54,-0.23,17,1
P001,HRTF_B,16,0.875,-16.64,-0.24,17,1
P001,HRTF_B,16,0.889,-16.75,-0.25,17,1
P001,HRTF_B,16,0.903,-16.85,-0.23,17,1
P001,HRTF_B,16,0.917,-16.95,-0.22,17,1
P001,HRTF_B,16,0.930,-17.04,-0.20,17,1
P001,HRTF_B,16,0.944,-17.14,-0.19,17,1
P001,HRTF_B,16,0.958,-17.21,-0.18,17,1
P001,HRTF_B,16,0.972,-17.29,-0.16,17,1
P001,HRTF_B,16,0.986,-17.38,-0.14,17,1
P001,HRTF_B,16,1.000,-17.47,-0.12,17,1
P001,HRTF_B,16,1.014,-17.55,-0.09,17,1
P001,HRTF_B,16,1.028,-17.65,-0.07,17,1
P001,HRTF_B,16,1.041,-17.73,-0.05,17,1
P001,HRTF_B,16,1.055,-17.82,0.00,17,1
P001,HRTF_B,16,1.069,-17.89,0.04,17,1
P001,HRTF_B,16,1.083,-17.96,0.08,17,1
P001,HRTF_B,16,1.097,-18.03,0.13,17,1
P001,HRTF_B,16,1.111,-18.11,0.17,17,1
P001,HRTF_B,16,1.125,-18.15,0.19,17,1
P001,HRTF_B,16,1.139,-18.19,0.23,17,1
P001,HRTF_B,16,1.152,-18.24,0.27,17,1
P001,HRTF_B,16,1.166,-18.29,0.32,17,1
P001,HRTF_B,16,1.180,-18.33,0.35,17,1
P001,HRTF_B,16,1.194,-18.36,0.37,17,1
P001,HRTF_B,16,1.208,-18.38,0.38,17,1
P001,HRTF_B,16,1.222,-18.42,0.40,17,1
P001,HRTF_B,16,1.236,-18.45,0.42,17,1
P001,HRTF_B,16,1.250,-18.48,0.43,17,1
P001,HRTF_B,16,1.264,-18.49,0.46,17,1
P001,HRTF_B,16,1.277,-18.51,0.49,17,1
P001,HRTF_B,16,1.291,-18.53,0.51,17,1
P001,HRTF_B,16,1.306,-18.54,0.52,17,1
P001,HRTF_B,16,1.319,-18.56,0.54,17,1
P001,HRTF_B,16,1.333,-18.56,0.55,17,1
P001,HRTF_B,16,1.347,-18.57,0.57,17,1
P001,HRTF_B,16,1.361,-18.58,0.57,17,1
P001,HRTF_B,16,1.375,-18.58,0.57,17,1
P001,HRTF_B,16,1.389,-18.59,0.57,17,1
P001,HRTF_B,16,1.402,-18.59,0.56,17,1
P001,HRTF_B,16,1.416,-18.59,0.56,17,1
P001,HRTF_B,16,1.430,-18.59,0.59,17,1
P001,HRTF_B,16,1.444,-18.57,0.63,17,1
P001,HRTF_B,16,1.458,-18.56,0.66,17,1
P001,HRTF_B,16,1.472,-18.55,0.68,17,1
P001,HRTF_B,16,1.486,-18.54,0.72,17,1
P001,HRTF_B,16,1.500,-18.52,0.75,17,1
P001,HRTF_B,16,1.514,-18.49,0.76,17,1
P001,HRTF_B,16,1.528,-18.45,0.79,17,1
P001,HRTF_B,16,1.541,-18.42,0.81,17,1
P001,HRTF_B,16,1.555,-18.40,0.82,17,1
P001,HRTF_B,16,1.569,-18.38,0.83,17,1
P001,HRTF_B,16,1.583,-18.35,0.84,17,1
P001,HRTF_B,16,1.597,-18.34,0.84,17,1
P001,HRTF_B,16,1.611,-18.31,0.85,17,1
P001,HRTF_B,16,1.625,-18.29,0.86,17,1
P001,HRTF_B,16,1.639,-18.29,0.87,17,1
P001,HRTF_B,16,1.652,-18.27,0.87,17,1
P001,HRTF_B,16,1.666,-18.26,0.87,17,1
P001,HRTF_B,16,1.680,-18.25,0.86,17,1
P001,HRTF_B,16,1.694,-18.25,0.87,17,1
P001,HRTF_B,16,1.708,-18.25,0.86,17,1
P001,HRTF_B,16,1.722,-18.25,0.85,17,1
P001,HRTF_B,16,1.736,-18.25,0.84,17,1
P001,HRTF_B,16,1.749,-18.25,0.83,17,1
P001,HRTF_B,16,1.763,-18.25,0.81,17,1
P001,HRTF_B,16,1.777,-18.25,0.78,17,1
P001,HRTF_B,16,1.791,-18.25,0.74,17,1
P001,HRTF_B,16,1.805,-18.25,0.71,17,1
P001,HRTF_B,16,1.819,-18.26,0.70,17,1
P001,HRTF_B,16,1.833,-18.25,0.66,17,1
P001,HRTF_B,16,1.847,-18.24,0.62,17,1
P001,HRTF_B,16,1.861,-18.22,0.59,17,1
P001,HRTF_B,16,1.875,-18.19,0.55,17,1
P001,HRTF_B,16,1.889,-18.14,0.49,17,1
P001,HRTF_B,16,1.902,-18.07,0.45,17,1
P001,HRTF_B,16,1.916,-18.01,0.41,17,1
P001,HRTF_B,16,1.930,-17.94,0.41,17,1
P001,HRTF_B,16,1.944,-17.85,0.37,17,1
P001,HRTF_B,16,1.958,-17.76,0.35,17,1
P001,HRTF_B,16,1.972,-17.69,0.33,17,1
P001,HRTF_B,16,1.986,-17.60,0.32,17,1
P001,HRTF_B,16,1.999,-17.50,0.32,17,1
P001,HRTF_B,16,2.014,-17.40,0.32,17,1
P001,HRTF_B,16,2.027,-17.30,0.32,17,1
P001,HRTF_B,16,2.042,-17.19,0.29,17,1
P001,HRTF_B,16,2.055,-17.06,0.27,17,1
P001,HRTF_B,16,2.069,-16.92,0.24,17,1
P001,HRTF_B,16,2.083,-16.75,0.09,17,1
P001,HRTF_B,16,2.097,-16.48,-0.20,17,1
P001,HRTF_B,16,2.111,-16.15,-0.46,17,1
P001,HRTF_B,16,2.125,-15.79,-0.69,17,1
P001,HRTF_B,16,2.138,-15.40,-0.83,17,1
P001,HRTF_B,16,2.152,-14.99,-0.95,17,1
P001,HRTF_B,16,2.166,-14.55,-1.01,17,1
P001,HRTF_B,16,2.180,-14.08,-1.06,17,1
P001,HRTF_B,16,2.194,-13.60,-1.11,17,1
P001,HRTF_B,16,2.208,-12.95,-1.15,17,1
P001,HRTF_B,16,2.222,-12.31,-1.19,17,1
P001,HRTF_B,16,2.236,-11.58,-1.21,17,1
P001,HRTF_B,16,2.250,-10.84,-1.27,17,1
P001,HRTF_B,16,2.263,-10.00,-1.27,17,1
P001,HRTF_B,16,2.277,-9.08,-1.31,17,1
P001,HRTF_B,16,2.291,-8.16,-1.38,17,1
P001,HRTF_B,16,2.305,-7.14,-1.44,17,1
P001,HRTF_B,16,2.319,-6.01,-1.52,17,1
P001,HRTF_B,16,2.333,-4.91,-1.58,17,1
P001,HRTF_B,16,2.347,-3.67,-1.71,17,1
P001,HRTF_B,16,2.361,-2.37,-1.86,17,1
P001,HRTF_B,16,2.375,-1.06,-2.01,17,1
P001,HRTF_B,16,2.388,0.35,-2.16,17,1
P001,HRTF_B,16,2.402,1.87,-2.29,17,1
P001,HRTF_B,16,2.416,3.49,-2.40,17,1
P001,HRTF_B,16,2.430,5.11,-2.44,17,1
P001,HRTF_B,16,2.444,6.80,-2.53,17,1
P001,HRTF_B,16,2.458,8.51,-2.60,17,1
P001,HRTF_B,16,2.472,10.37,-2.70,17,1
P001,HRTF_B,16,2.485,12.18,-2.81,17,1
P001,HRTF_B,16,2.499,14.19,-2.82,17,1
P001,HRTF_B,16,2.513,16.19,-2.85,17,1
P001,HRTF_B,16,2.527,18.20,-2.86,17,1
P001,HRTF_B,16,2.541,20.41,-2.87,17,1
P001,HRTF_B,16,2.555,22.60,-2.91,17,1
P001,HRTF_B,16,2.569,24.91,-2.97,17,1
P001,HRTF_B,16,2.583,27.35,-2.95,17,1
P001,HRTF_B,16,2.597,29.75,-2.95,17,1
P001,HRTF_B,16,2.611,32.28,-2.99,17,1
P001,HRTF_B,16,2.624,34.88,-3.02,17,1
P001,HRTF_B,16,2.638,37.54,-3.21,17,1
P001,HRTF_B,16,2.652,40.31,-3.36,17,1
P001,HRTF_B,16,2.666,43.14,-3.47,17,1
P001,HRTF_B,16,2.680,46.07,-3.53,17,1
P001,HRTF_B,16,2.694,49.03,-3.63,17,1
P001,HRTF_B,16,2.708,52.03,-3.73,17,1
P001,HRTF_B,16,2.722,55.08,-3.90,17,1
P001,HRTF_B,16,2.735,58.20,-4.02,17,1
P001,HRTF_B,16,2.750,61.39,-4.14,17,1
P001,HRTF_B,16,2.763,64.57,-4.10,17,1
P001,HRTF_B,16,2.777,67.68,-4.04,17,1
P001,HRTF_B,16,2.791,70.75,-3.91,17,1
P001,HRTF_B,16,2.805,73.82,-3.75,17,1
P001,HRTF_B,16,2.819,76.82,-3.54,17,1
P001,HRTF_B,16,2.833,79.83,-3.33,17,1
P001,HRTF_B,16,2.847,82.73,-3.08,17,1
P001,HRTF_B,16,2.861,85.56,-2.78,17,1
P001,HRTF_B,16,2.874,88.28,-2.51,17,1
P001,HRTF_B,16,2.888,91.00,-2.17,17,1
P001,HRTF_B,16,2.902,93.63,-1.76,17,1
P001,HRTF_B,16,2.916,96.23,-1.30,17,1
P001,HRTF_B,16,2.930,98.69,-0.84,17,1
P001,HRTF_B,16,2.944,101.12,-0.35,17,1
P001,HRTF_B,16,2.958,103.58,0.08,17,1
P001,HRTF_B,16,2.972,106.03,0.56,17,1
P001,HRTF_B,16,2.986,108.32,1.07,17,1
P001,HRTF_B,16,2.999,110.61,1.63,17,1
P001,HRTF_B,16,3.013,112.87,2.22,17,1
P001,HRTF_B,16,3.027,115.12,2.78,17,1
P001,HRTF_B,16,3.041,117.26,3.33,17,1
P001,HRTF_B,16,3.055,119.44,3.88,17,1
P001,HRTF_B,16,3.069,121.44,4.41,17,1
P001,HRTF_B,16,3.083,123.51,4.95,17,1
P001,HRTF_B,16,3.097,125.45,5.44,17,1
P001,HRTF_B,16,3.111,127.35,5.92,17,1
P001,HRTF_B,16,3.124,129.14,6.39,17,1
P001,HRTF_B,16,3.138,130.85,6.80,17,1
P001,HRTF_B,16,3.152,132.49,7.17,17,1
P001,HRTF_B,16,3.166,134.07,7.45,17,1
P001,HRTF_B,16,3.180,135.54,7.59,17,1
P001,HRTF_B,16,3.194,136.98,7.76,17,1
P001,HRTF_B,16,3.208,138.32,7.91,17,1
P001,HRTF_B,16,3.222,139.54,8.05,17,1
P001,HRTF_B,16,3.235,140.70,8.17,17,1
P001,HRTF_B,16,3.250,141.73,8.23,17,1
P001,HRTF_B,16,3.263,142.69,8.25,17,1
P001,HRTF_B,16,3.277,143.69,8.30,17,1
P001,HRTF_B,16,3.291,144.60,8.38,17,1
P001,HRTF_B,16,3.305,145.50,8.51,17,1
P001,HRTF_B,16,3.319,146.45,8.59,17,1
P001,HRTF_B,16,3.333,147.41,8.65,17,1
P001,HRTF_B,16,3.347,148.37,8.59,17,1
P001,HRTF_B,16,3.361,149.41,8.48,17,1
P001,HRTF_B,16,3.374,150.40,8.40,17,1
P001,HRTF_B,16,3.389,151.35,8.32,17,1
P001,HRTF_B,16,3.402,152.32,8.18,17,1
P001,HRTF_B,16,3.416,153.25,7.93,17,1
P001,HRTF_B,16,3.430,154.16,7.74,17,1
P001,HRTF_B,16,3.444,154.99,7.51,17,1
P001,HRTF_B,16,3.458,155.79,7.31,17,1
P001,HRTF_B,16,3.472,156.56,7.14,17,1
P001,HRTF_B,16,3.486,157.28,6.92,17,1
P001,HRTF_B,16,3.499,157.98,6.75,17,1
P001,HRTF_B,16,3.513,158.62,6.58,17,1
P001,HRTF_B,16,3.527,159.24,6.45,17,1
P001,HRTF_B,16,3.541,159.85,6.30,17,1
P001,HRTF_B,16,3.555,160.43,6.15,17,1
P001,HRTF_B,16,3.569,161.02,5.98,17,1
P001,HRTF_B,16,3.583,161.63,5.86,17,1
P001,HRTF_B,16,3.597,162.23,5.79,17,1
P001,HRTF_B,16,3.611,162.80,5.67,17,1
P001,HRTF_B,16,3.624,163.38,5.55,17,1
P001,HRTF_B,16,3.638,163.98,5.36,17,1
P001,HRTF_B,16,3.652,164.57,5.11,17,1
P001,HRTF_B,16,3.666,165.21,4.88,17,1
P001,HRTF_B,16,3.680,165.79,4.68,17,1
P001,HRTF_B,16,3.694,166.37,4.48,17,1
P001,HRTF_B,16,3.708,166.91,4.32,17,1
P001,HRTF_B,16,3.722,167.48,4.21,17,1
P001,HRTF_B,16,3.736,168.06,4.07,17,1
P001,HRTF_B,16,3.750,168.61,4.00,17,1
P001,HRTF_B,16,3.763,169.13,3.89,17,1
P001,HRTF_B,16,3.777,169.62,3.85,17,1
P001,HRTF_B,16,3.791,170.12,3.77,17,1
P001,HRTF_B,16,3.805,170.54,3.70,17,1
P001,HRTF_B,16,3.819,171.00,3.68,17,1
P001,HRTF_B,16,3.833,171.41,3.66,17,1
P001,HRTF_B,16,3.847,171.82,3.62,17,1
P001,HRTF_B,16,3.861,172.23,3.62,17,1
P001,HRTF_B,16,3.874,172.58,3.59,17,1
P001,HRTF_B,16,3.888,172.94,3.58,17,1
P001,HRTF_B,16,3.902,173.25,3.56,17,1
P001,HRTF_B,16,3.917,173.55,3.53,17,1
P001,HRTF_B,16,3.930,173.80,3.48,17,1
P001,HRTF_B,16,3.944,174.06,3.44,17,1
P001,HRTF_B,16,3.958,174.32,3.39,17,1
P001,HRTF_B,16,3.972,174.57,3.35,17,1
P001,HRTF_B,16,3.985,174.83,3.28,17,1
P001,HRTF_B,16,3.999,175.07,3.22,17,1
P001,HRTF_B,16,4.013,175.31,3.15,17,1
P001,HRTF_B,16,4.027,175.54,3.06,17,1
P001,HRTF_B,16,4.041,175.75,2.99,17,1
P001,HRTF_B,16,4.055,175.96,2.93,17,1
P001,HRTF_B,17,0.014,-15.79,-1.88,6,1
P001,HRTF_B,17,0.031,-16.12,-1.79,6,1
P001,HRTF_B,17,0.042,-16.39,-1.69,6,1
P001,HRTF_B,17,0.056,-16.66,-1.59,6,1
P001,HRTF_B,17,0.069,-16.79,-1.51,6,1
P001,HRTF_B,17,0.083,-16.90,-1.43,6,1
P001,HRTF_B,17,0.100,-16.99,-1.38,6,1
P001,HRTF_B,17,0.112,-17.00,-1.35,6,1
P001,HRTF_B,17,0.125,-16.98,-1.32,6,1
P001,HRTF_B,17,0.139,-16.91,-1.29,6,1
P001,HRTF_B,17,0.153,-16.81,-1.28,6,1
P001,HRTF_B,17,0.167,-16.71,-1.25,6,1
P001,HRTF_B,17,0.180,-16.58,-1.21,6,1
P001,HRTF_B,17,0.194,-16.42,-1.18,6,1
P001,HRTF_B,17,0.208,-16.24,-1.18,6,1
P001,HRTF_B,17,0.222,-16.06,-1.19,6,1
P001,HRTF_B,17,0.236,-15.86,-1.25,6,1
P001,HRTF_B,17,0.250,-15.65,-1.33,6,1
P001,HRTF_B,17,0.264,-15.44,-1.42,6,1
P001,HRTF_B,17,0.278,-15.24,-1.48,6,1
P001,HRTF_B,17,0.292,-15.03,-1.54,6,1
P001,HRTF_B,17,0.305,-14.83,-1.58,6,1
P001,HRTF_B,17,0.319,-14.67,-1.62,6,1
P001,HRTF_B,17,0.333,-14.53,-1.64,6,1
P001,HRTF_B,17,0.347,-14.41,-1.67,6,1
P001,HRTF_B,17,0.361,-14.32,-1.68,6,1
P001,HRTF_B,17,0.375,-14.21,-1.69,6,1
P001,HRTF_B,17,0.389,-14.12,-1.69,6,1
P001,HRTF_B,17,0.403,-14.03,-1.70,6,1
P001,HRTF_B,17,0.417,-13.95,-1.69,6,1
P001,HRTF_B,17,0.431,-13.87,-1.66,6,1
P001,HRTF_B,17,0.444,-13.78,-1.65,6,1
P001,HRTF_B,17,0.459,-13.70,-1.62,6,1
P001,HRTF_B,17,0.473,-13.59,-1.61,6,1
P001,HRTF_B,17,0.486,-13.51,-1.59,6,1
P001,HRTF_B,17,0.500,-13.43,-1.57,6,1
P001,HRTF_B,17,0.514,-13.36,-1.53,6,1
P001,HRTF_B,17,0.528,-13.27,-1.46,6,1
P001,HRTF_B,17,0.541,-13.20,-1.43,6,1
P001,HRTF_B,17,0.555,-13.14,-1.38,6,1
P001,HRTF_B,17,0.569,-13.08,-1.34,6,1
P001,HRTF_B,17,0.583,-12.99,-1.31,6,1
P001,HRTF_B,17,0.597,-12.93,-1.28,6,1
P001,HRTF_B,17,0.611,-12.85,-1.25,6,1
P001,HRTF_B,17,0.625,-12.77,-1.20,6,1
P001,HRTF_B,17,0.639,-12.71,-1.16,6,1
P001,HRTF_B,17,0.653,-12.64,-1.11,6,1
P001,HRTF_B,17,0.667,-12.55,-1.06,6,1
P001,HRTF_B,17,0.681,-12.47,-1.01,6,1
P001,HRTF_B,17,0.694,-12.36,-0.97,6,1
P001,HRTF_B,17,0.708,-12.27,-0.95,6,1
P001,HRTF_B,17,0.722,-12.18,-0.92,6,1
P001,HRTF_B,17,0.736,-12.09,-0.91,6,1
P001,HRTF_B,17,0.750,-11.99,-0.90,6,1
P001,HRTF_B,17,0.764,-11.89,-0.89,6,1
P001,HRTF_B,17,0.777,-11.80,-0.89,6,1
P001,HRTF_B,17,0.792,-11.71,-0.88,6,1
P001,HRTF_B,17,0.805,-11.62,-0.89,6,1
P001,HRTF_B,17,0.819,-11.52,-0.91,6,1
P001,HRTF_B,17,0.833,-11.41,-0.93,6,1
P001,HRTF_B,17,0.847,-11.31,-0.95,6,1
P001,HRTF_B,17,0.861,-11.20,-0.98,6,1
P001,HRTF_B,17,0.875,-11.10,-1.01,6,1
P001,HRTF_B,17,0.889,-10.99,-1.02,6,1
P001,HRTF_B,17,0.903,-10.87,-1.03,6,1
P001,HRTF_B,17,0.917,-10.73,-1.06,6,1
P001,HRTF_B,17,0.931,-10.62,-1.10,6,1
P001,HRTF_B,17,0.945,-10.50,-1.14,6,1
P001,HRTF_B,17,0.958,-10.41,-1.18,6,1
P001,HRTF_B,17,0.972,-10.31,-1.20,6,1
P001,HRTF_B,17,0.986,-10.21,-1.22,6,1
P001,HRTF_B,17,1.000,-10.11,-1.23,6,1
P001,HRTF_B,17,1.014,-10.03,-1.24,6,1
P001,HRTF_B,17,1.028,-9.96,-1.25,6,1
P001,HRTF_B,17,1.042,-9.90,-1.27,6,1
P001,HRTF_B,17,1.056,-9.86,-1.26,6,1
P001,HRTF_B,17,1.069,-9.80,-1.26,6,1
P001,HRTF_B,17,1.083,-9.75,-1.25,6,1
P001,HRTF_B,17,1.097,-9.71,-1.25,6,1
P001,HRTF_B,17,1.111,-9.69,-1.24,6,1
P001,HRTF_B,17,1.125,-9.67,-1.23,6,1
P001,HRTF_B,17,1.139,-9.66,-1.24,6,1
P001,HRTF_B,17,1.153,-9.63,-1.27,6,1
P001,HRTF_B,17,1.167,-9.57,-1.28,6,1
P001,HRTF_B,17,1.180,-9.53,-1.29,6,1
P001,HRTF_B,17,1.194,-9.50,-1.28,6,1
P001,HRTF_B,17,1.208,-9.44,-1.26,6,1
P001,HRTF_B,17,1.222,-9.41,-1.25,6,1
P001,HRTF_B,17,1.236,-9.35,-1.24,6,1
P001,HRTF_B,17,1.250,-9.29,-1.27,6,1
P001,HRTF_B,17,1.264,-9.23,-1.30,6,1
P001,HRTF_B,17,1.278,-9.18,-1.31,6,1
P001,HRTF_B,17,1.292,-9.12,-1.31,6,1
P001,HRTF_B,17,1.306,-9.08,-1.30,6,1
P001,HRTF_B,17,1.320,-9.04,-1.31,6,1
P001,HRTF_B,17,1.333,-8.98,-1.32,6,1
P001,HRTF_B,17,1.347,-8.95,-1.31,6,1
P001,HRTF_B,17,1.361,-8.90,-1.31,6,1
P001,HRTF_B,17,1.375,-8.83,-1.32,6,1
P001,HRTF_B,17,1.389,-8.72,-1.31,6,1
P001,HRTF_B,17,1.403,-8.54,-1.30,6,1
P001,HRTF_B,17,1.417,-8.28,-1.30,6,1
P001,HRTF_B,17,1.431,-7.84,-1.28,6,1
P001,HRTF_B,17,1.444,-7.02,-1.28,6,1
P001,HRTF_B,17,1.458,-6.09,-1.28,6,1
P001,HRTF_B,17,1.472,-4.91,-1.29,6,1
P001,HRTF_B,17,1.486,-3.15,-1.32,6,1
P001,HRTF_B,17,1.500,-1.21,-1.45,6,1
P001,HRTF_B,17,1.514,1.01,-1.60,6,1
P001,HRTF_B,17,1.528,3.13,-1.73,6,1
P001,HRTF_B,17,1.541,5.40,-1.87,6,1
P001,HRTF_B,17,1.555,7.64,-2.02,6,1
P001,HRTF_B,17,1.569,10.16,-2.28,6,1
P001,HRTF_B,17,1.583,12.64,-2.53,6,1
P001,HRTF_B,17,1.597,15.06,-2.79,6,1
P001,HRTF_B,17,1.611,17.55,-3.05,6,1
P001,HRTF_B,17,1.625,19.98,-3.31,6,1
P001,HRTF_B,17,1.639,22.24,-3.59,6,1
P001,HRTF_B,17,1.653,24.47,-3.83,6,1
P001,HRTF_B,17,1.666,26.66,-4.03,6,1
P001,HRTF_B,17,1.680,28.89,-4.25,6,1
P001,HRTF_B,17,1.694,31.06,-4.44,6,1
P001,HRTF_B,17,1.708,33.04,-4.67,6,1
P001,HRTF_B,17,1.722,34.81,-4.90,6,1
P001,HRTF_B,17,1.736,36.47,-5.09,6,1
P001,HRTF_B,17,1.750,38.08,-5.22,6,1
P001,HRTF_B,17,1.764,39.49,-5.31,6,1
P001,HRTF_B,17,1.777,40.45,-5.39,6,1
P001,HRTF_B,17,1.791,41.35,-5.41,6,1
P001,HRTF_B,17,1.805,42.25,-5.50,6,1
P001,HRTF_B,17,1.819,43.12,-5.62,6,1
P001,HRTF_B,17,1.833,43.85,-5.71,6,1
P001,HRTF_B,17,1.847,44.44,-5.82,6,1
P001,HRTF_B,17,1.861,45.06,-5.96,6,1
P001,HRTF_B,17,1.875,45.35,-6.14,6,1
P001,HRTF_B,17,1.889,45.61,-6.32,6,1
P001,HRTF_B,17,1.902,45.84,-6.44,6,1
P001,HRTF_B,17,1.916,45.92,-6.60,6,1
P001,HRTF_B,17,1.931,45.98,-6.75,6,1
P001,HRTF_B,17,1.944,46.01,-6.91,6,1
P001,HRTF_B,17,1.958,45.92,-7.05,6,1
P001,HRTF_B,17,1.972,45.88,-7.15,6,1
P001,HRTF_B,17,1.986,45.82,-7.24,6,1
P001,HRTF_B,17,2.000,45.70,-7.28,6,1
P001,HRTF_B,17,2.014,45.57,-7.31,6,1
P001,HRTF_B,17,2.027,45.44,-7.36,6,1
P001,HRTF_B,17,2.041,45.29,-7.38,6,1
P001,HRTF_B,17,2.055,45.16,-7.41,6,1
P001,HRTF_B,17,2.069,45.03,-7.43,6,1
P001,HRTF_B,17,2.083,44.87,-7.46,6,1
P001,HRTF_B,17,2.097,44.72,-7.50,6,1
P001,HRTF_B,17,2.111,44.57,-7.53,6,1
P001,HRTF_B,17,2.125,44.43,-7.57,6,1
P001,HRTF_B,17,2.139,44.33,-7.59,6,1
P001,HRTF_B,17,2.153,44.25,-7.62,6,1
P001,HRTF_B,17,2.167,44.19,-7.65,6,1
P001,HRTF_B,17,2.181,44.13,-7.67,6,1
P001,HRTF_B,17,2.194,44.08,-7.70,6,1
P001,HRTF_B,17,2.208,44.03,-7.71,6,1
P001,HRTF_B,17,2.222,43.99,-7.70,6,1
P001,HRTF_B,17,2.236,43.96,-7.69,6,1
P001,HRTF_B,17,2.250,43.94,-7.70,6,1
P001,HRTF_B,17,2.264,43.91,-7.70,6,1
P001,HRTF_B,17,2.277,43.90,-7.70,6,1
P001,HRTF_B,17,2.291,43.90,-7.71,6,1
P001,HRTF_B,17,2.305,43.93,-7.70,6,1
P001,HRTF_B,17,2.319,43.93,-7.69,6,1
P001,HRTF_B,17,2.333,43.94,-7.67,6,1
P001,HRTF_B,17,2.347,43.94,-7.65,6,1
P001,HRTF_B,17,2.361,43.94,-7.67,6,1
P001,HRTF_B,17,2.375,43.92,-7.65,6,1
P001,HRTF_B,17,2.389,43.91,-7.66,6,1
P001,HRTF_B,17,2.402,43.93,-7.66,6,1
P001,HRTF_B,17,2.416,43.95,-7.65,6,1
P001,HRTF_B,17,2.431,43.96,-7.65,6,1
P001,HRTF_B,17,2.444,43.95,-7.65,6,1
P001,HRTF_B,17,2.458,43.95,-7.64,6,1
P001,HRTF_B,17,2.472,43.94,-7.63,6,1
P001,HRTF_B,17,2.486,43.94,-7.62,6,1
P001,HRTF_B,17,2.500,43.92,-7.59,6,1
P001,HRTF_B,17,2.514,43.90,-7.58,6,1
P001,HRTF_B,17,2.528,43.89,-7.56,6,1
P001,HRTF_B,17,2.541,43.87,-7.53,6,1
P001,HRTF_B,17,2.555,43.84,-7.52,6,1
P001,HRTF_B,17,2.569,43.80,-7.51,6,1
P001,HRTF_B,17,2.583,43.78,-7.52,6,1
P001,HRTF_B,17,2.597,43.74,-7.52,6,1
P001,HRTF_B,17,2.611,43.71,-7.52,6,1
P001,HRTF_B,17,2.625,43.69,-7.52,6,1
P001,HRTF_B,17,2.638,43.66,-7.51,6,1
P001,HRTF_B,17,2.652,43.64,-7.52,6,1
P001,HRTF_B,17,2.666,43.61,-7.53,6,1
P001,HRTF_B,17,2.680,43.59,-7.54,6,1
P001,HRTF_B,17,2.694,43.58,-7.55,6,1
P001,HRTF_B,17,2.708,43.55,-7.57,6,1
P001,HRTF_B,17,2.722,43.54,-7.58,6,1
P001,HRTF_B,17,2.736,43.53,-7.61,6,1
P001,HRTF_B,17,2.750,43.53,-7.61,6,1
P001,HRTF_B,17,2.764,43.52,-7.62,6,1
P001,HRTF_B,17,2.777,43.49,-7.63,6,1
P001,HRTF_B,17,2.791,43.49,-7.63,6,1
P001,HRTF_B,17,2.805,43.47,-7.64,6,1
P001,HRTF_B,17,2.819,43.44,-7.66,6,1
P001,HRTF_B,17,2.833,43.43,-7.66,6,1
P001,HRTF_B,17,2.847,43.42,-7.67,6,1
P001,HRTF_B,17,2.861,43.41,-7.67,6,1
P001,HRTF_B,17,2.875,43.40,-7.65,6,1
P001,HRTF_B,17,2.889,43.39,-7.64,6,1
P001,HRTF_B,17,2.902,43.39,-7.61,6,1
P001,HRTF_B,17,2.916,43.40,-7.59,6,1
P001,HRTF_B,17,2.930,43.40,-7.57,6,1
P001,HRTF_B,17,2.944,43.42,-7.53,6,1
P001,HRTF_B,17,2.958,43.44,-7.51,6,1
P001,HRTF_B,17,2.972,43.46,-7.49,6,1
P001,HRTF_B,17,2.986,43.48,-7.48,6,1
P001,HRTF_B,17,2.999,43.49,-7.48,6,1
P001,HRTF_B,17,3.013,43.50,-7.47,6,1
P001,HRTF_B,17,3.027,43.52,-7.45,6,1
P001,HRTF_B,17,3.041,43.54,-7.44,6,1
P001,HRTF_B,17,3.055,43.56,-7.42,6,1
P001,HRTF_B,17,3.069,43.58,-7.43,6,1
P001,HRTF_B,17,3.083,43.59,-7.43,6,1
P001,HRTF_B,17,3.097,43.60,-7.42,6,1
P001,HRTF_B,17,3.111,43.60,-7.42,6,1
P001,HRTF_B,17,3.125,43.61,-7.41,6,1
P001,HRTF_B,17,3.138,43.62,-7.39,6,1
P001,HRTF_B,17,3.152,43.64,-7.37,6,1
P001,HRTF_B,17,3.166,43.64,-7.37,6,1
P001,HRTF_B,17,3.180,43.65,-7.37,6,1
P001,HRTF_B,17,3.194,43.65,-7.37,6,1
P001,HRTF_B,17,3.208,43.66,-7.37,6,1
P001,HRTF_B,17,3.222,43.66,-7.37,6,1
P001,HRTF_B,18,0.014,-11.47,-2.37,7,1
P001,HRTF_B,18,0.030,-11.43,-2.35,7,1
P001,HRTF_B,18,0.042,-11.43,-2.35,7,1
P001,HRTF_B,18,0.058,-11.39,-2.38,7,1
P001,HRTF_B,18,0.069,-11.35,-2.40,7,1
P001,HRTF_B,18,0.083,-11.28,-2.46,7,1
P001,HRTF_B,18,0.097,-11.23,-2.51,7,1
P001,HRTF_B,18,0.111,-11.15,-2.56,7,1
P001,HRTF_B,18,0.125,-11.08,-2.59,7,1
P001,HRTF_B,18,0.139,-10.96,-2.64,7,1
P001,HRTF_B,18,0.153,-10.84,-2.68,7,1
P001,HRTF_B,18,0.166,-10.68,-2.73,7,1
P001,HRTF_B,18,0.181,-10.50,-2.81,7,1
P001,HRTF_B,18,0.194,-10.29,-2.90,7,1
P001,HRTF_B,18,0.208,-10.10,-2.98,7,1
P001,HRTF_B,18,0.222,-9.91,-3.06,7,1
P001,HRTF_B,18,0.236,-9.69,-3.11,7,1
P001,HRTF_B,18,0.250,-9.46,-3.16,7,1
P001,HRTF_B,18,0.264,-9.23,-3.23,7,1
P001,HRTF_B,18,0.278,-9.04,-3.29,7,1
P001,HRTF_B,18,0.292,-8.86,-3.36,7,1
P001,HRTF_B,18,0.305,-8.68,-3.40,7,1
P001,HRTF_B,18,0.319,-8.51,-3.45,7,1
P001,HRTF_B,18,0.333,-8.35,-3.48,7,1
P001,HRTF_B,18,0.347,-8.22,-3.52,7,1
P001,HRTF_B,18,0.361,-8.13,-3.57,7,1
P001,HRTF_B,18,0.375,-8.04,-3.58,7,1
P001,HRTF_B,18,0.389,-7.96,-3.60,7,1
P001,HRTF_B,18,0.403,-7.88,-3.64,7,1
P001,HRTF_B,18,0.417,-7.81,-3.66,7,1
P001,HRTF_B,18,0.430,-7.75,-3.70,7,1
P001,HRTF_B,18,0.444,-7.77,-3.72,7,1
P001,HRTF_B,18,0.458,-7.80,-3.75,7,1
P001,HRTF_B,18,0.472,-7.83,-3.77,7,1
P001,HRTF_B,18,0.486,-7.86,-3.79,7,1
P001,HRTF_B,18,0.500,-7.87,-3.80,7,1
P001,HRTF_B,18,0.514,-7.89,-3.81,7,1
P001,HRTF_B,18,0.528,-7.91,-3.81,7,1
P001,HRTF_B,18,0.542,-7.93,-3.80,7,1
P001,HRTF_B,18,0.555,-7.96,-3.79,7,1
P001,HRTF_B,18,0.569,-7.98,-3.78,7,1
P001,HRTF_B,18,0.584,-8.01,-3.78,7,1
P001,HRTF_B,18,0.597,-8.02,-3.78,7,1
P001,HRTF_B,18,0.611,-8.01,-3.77,7,1
P001,HRTF_B,18,0.625,-8.01,-3.76,7,1
P001,HRTF_B,18,0.639,-8.01,-3.75,7,1
P001,HRTF_B,18,0.653,-7.99,-3.74,7,1
P001,HRTF_B,18,0.667,-7.99,-3.76,7,1
P001,HRTF_B,18,0.681,-7.98,-3.78,7,1
P001,HRTF_B,18,0.694,-7.98,-3.78,7,1
P001,HRTF_B,18,0.709,-7.97,-3.78,7,1
P001,HRTF_B,18,0.722,-7.96,-3.79,7,1
P001,HRTF_B,18,0.736,-7.95,-3.80,7,1
P001,HRTF_B,18,0.750,-7.94,-3.81,7,1
P001,HRTF_B,18,0.764,-7.93,-3.81,7,1
P001,HRTF_B,18,0.778,-7.91,-3.82,7,1
P001,HRTF_B,18,0.792,-7.90,-3.81,7,1
P001,HRTF_B,18,0.806,-7.89,-3.81,7,1
P001,HRTF_B,18,0.819,-7.89,-3.81,7,1
P001,HRTF_B,18,0.833,-7.90,-3.80,7,1
P001,HRTF_B,18,0.847,-7.90,-3.79,7,1
P001,HRTF_B,18,0.861,-7.90,-3.78,7,1
P001,HRTF_B,18,0.875,-7.89,-3.75,7,1
P001,HRTF_B,18,0.889,-7.88,-3.75,7,1
P001,HRTF_B,18,0.903,-7.89,-3.73,7,1
P001,HRTF_B,18,0.917,-7.89,-3.73,7,1
P001,HRTF_B,18,0.931,-7.90,-3.73,7,1
P001,HRTF_B,18,0.944,-7.92,-3.71,7,1
P001,HRTF_B,18,0.958,-7.94,-3.71,7,1
P001,HRTF_B,18,0.972,-7.93,-3.71,7,1
P001,HRTF_B,18,0.986,-7.91,-3.71,7,1
P001,HRTF_B,18,1.000,-7.89,-3.70,7,1
P001,HRTF_B,18,1.014,-7.89,-3.68,7,1
P001,HRTF_B,18,1.028,-7.88,-3.65,7,1
P001,HRTF_B,18,1.042,-7.89,-3.64,7,1
P001,HRTF_B,18,1.055,-7.89,-3.64,7,1
P001,HRTF_B,18,1.069,-7.88,-3.63,7,1
P001,HRTF_B,18,1.083,-7.87,-3.63,7,1
P001,HRTF_B,18,1.097,-7.87,-3.61,7,1
P001,HRTF_B,18,1.111,-7.90,-3.58,7,1
P001,HRTF_B,18,1.125,-7.92,-3.57,7,1
P001,HRTF_B,18,1.139,-7.95,-3.56,7,1
P001,HRTF_B,18,1.153,-7.97,-3.54,7,1
P001,HRTF_B,18,1.167,-7.99,-3.52,7,1
P001,HRTF_B,18,1.180,-8.01,-3.49,7,1
P001,HRTF_B,18,1.194,-8.02,-3.49,7,1
P001,HRTF_B,18,1.208,-8.02,-3.51,7,1
P001,HRTF_B,18,1.222,-8.01,-3.53,7,1
P001,HRTF_B,18,1.236,-7.98,-3.54,7,1
P001,HRTF_B,18,1.250,-7.93,-3.53,7,1
P001,HRTF_B,18,1.264,-7.85,-3.52,7,1
P001,HRTF_B,18,1.278,-7.71,-3.54,7,1
P001,HRTF_B,18,1.292,-7.56,-3.56,7,1
P001,HRTF_B,18,1.305,-7.41,-3.58,7,1
P001,HRTF_B,18,1.319,-7.23,-3.61,7,1
P001,HRTF_B,18,1.333,-7.05,-3.60,7,1
P001,HRTF_B,18,1.347,-6.87,-3.60,7,1
P001,HRTF_B,18,1.361,-6.64,-3.54,7,1
P001,HRTF_B,18,1.375,-6.42,-3.49,7,1
P001,HRTF_B,18,1.389,-6.19,-3.45,7,1
P001,HRTF_B,18,1.403,-5.93,-3.38,7,1
P001,HRTF_B,18,1.417,-5.65,-3.23,7,1
P001,HRTF_B,18,1.431,-5.34,-3.06,7,1
P001,HRTF_B,18,1.444,-5.03,-2.82,7,1
P001,HRTF_B,18,1.458,-4.82,-2.63,7,1
P001,HRTF_B,18,1.472,-4.67,-2.47,7,1
P001,HRTF_B,18,1.486,-4.64,-2.31,7,1
P001,HRTF_B,18,1.500,-4.67,-2.08,7,1
P001,HRTF_B,18,1.514,-4.73,-1.83,7,1
P001,HRTF_B,18,1.528,-4.82,-1.53,7,1
P001,HRTF_B,18,1.541,-4.96,-1.10,7,1
P001,HRTF_B,18,1.556,-5.03,-0.66,7,1
P001,HRTF_B,18,1.570,-5.12,-0.27,7,1
P001,HRTF_B,18,1.583,-5.14,0.16,7,1
P001,HRTF_B,18,1.597,-5.14,0.49,7,1
P001,HRTF_B,18,1.611,-5.10,0.82,7,1
P001,HRTF_B,18,1.625,-5.02,1.08,7,1
P001,HRTF_B,18,1.639,-4.93,1.26,7,1
P001,HRTF_B,18,1.653,-4.84,1.41,7,1
P001,HRTF_B,18,1.666,-4.74,1.51,7,1
P001,HRTF_B,18,1.680,-4.55,1.57,7,1
P001,HRTF_B,18,1.694,-4.39,1.66,7,1
P001,HRTF_B,18,1.708,-4.22,1.70,7,1
P001,HRTF_B,18,1.722,-4.08,1.74,7,1
P001,HRTF_B,18,1.736,-3.93,1.74,7,1
P001,HRTF_B,18,1.750,-3.79,1.73,7,1
P001,HRTF_B,18,1.764,-3.65,1.73,7,1
P001,HRTF_B,18,1.778,-3.54,1.70,7,1
P001,HRTF_B,18,1.792,-3.43,1.67,7,1
P001,HRTF_B,18,1.806,-3.38,1.58,7,1
P001,HRTF_B,18,1.819,-3.31,1.51,7,1
P001,HRTF_B,18,1.833,-3.31,1.48,7,1
P001,HRTF_B,18,1.847,-3.29,1.44,7,1
P001,HRTF_B,18,1.861,-3.28,1.41,7,1
P001,HRTF_B,18,1.875,-3.27,1.39,7,1
P001,HRTF_B,18,1.889,-3.31,1.36,7,1
P001,HRTF_B,18,1.903,-3.32,1.35,7,1
P001,HRTF_B,18,1.916,-3.36,1.35,7,1
P001,HRTF_B,18,1.931,-3.38,1.36,7,1
P001,HRTF_B,18,1.945,-3.41,1.39,7,1
P001,HRTF_B,18,1.958,-3.43,1.41,7,1
P001,HRTF_B,18,1.972,-3.46,1.43,7,1
P001,HRTF_B,18,1.986,-3.50,1.45,7,1
P001,HRTF_B,18,2.000,-3.51,1.48,7,1
P001,HRTF_B,18,2.014,-3.54,1.52,7,1
P001,HRTF_B,18,2.028,-3.56,1.57,7,1
P001,HRTF_B,18,2.042,-3.58,1.57,7,1
P001,HRTF_B,18,2.055,-3.60,1.58,7,1
P001,HRTF_B,18,2.069,-3.61,1.56,7,1
P001,HRTF_B,18,2.083,-3.60,1.54,7,1
P001,HRTF_B,18,2.097,-3.57,1.53,7,1
P001,HRTF_B,18,2.111,-3.46,1.52,7,1
P001,HRTF_B,18,2.125,-3.34,1.51,7,1
P001,HRTF_B,18,2.139,-3.13,1.50,7,1
P001,HRTF_B,18,2.153,-2.85,1.48,7,1
P001,HRTF_B,18,2.167,-2.36,1.38,7,1
P001,HRTF_B,18,2.181,-1.72,1.21,7,1
P001,HRTF_B,18,2.194,-0.99,1.00,7,1
P001,HRTF_B,18,2.208,-0.07,0.79,7,1
P001,HRTF_B,18,2.222,0.90,0.56,7,1
P001,HRTF_B,18,2.236,2.13,0.33,7,1
P001,HRTF_B,18,2.250,3.51,0.06,7,1
P001,HRTF_B,18,2.264,4.97,-0.29,7,1
P001,HRTF_B,18,2.278,6.55,-0.65,7,1
P001,HRTF_B,18,2.292,8.10,-0.99,7,1
P001,HRTF_B,18,2.306,9.88,-1.36,7,1
P001,HRTF_B,18,2.320,11.58,-1.73,7,1
P001,HRTF_B,18,2.333,13.46,-2.15,7,1
P001,HRTF_B,18,2.347,15.34,-2.63,7,1
P001,HRTF_B,18,2.361,17.30,-3.20,7,1
P001,HRTF_B,18,2.375,19.25,-3.77,7,1
P001,HRTF_B,18,2.389,21.23,-4.35,7,1
P001,HRTF_B,18,2.403,23.19,-4.96,7,1
P001,HRTF_B,18,2.416,25.20,-5.51,7,1
P001,HRTF_B,18,2.431,27.29,-6.10,7,1
P001,HRTF_B,18,2.444,29.31,-6.69,7,1
P001,HRTF_B,18,2.458,31.30,-7.24,7,1
P001,HRTF_B,18,2.472,33.23,-7.81,7,1
P001,HRTF_B,18,2.486,35.13,-8.29,7,1
P001,HRTF_B,18,2.500,37.05,-8.77,7,1
P001,HRTF_B,18,2.514,38.98,-9.20,7,1
P001,HRTF_B,18,2.528,40.84,-9.64,7,1
P001,HRTF_B,18,2.542,42.60,-10.04,7,1
P001,HRTF_B,18,2.555,44.29,-10.44,7,1
P001,HRTF_B,18,2.569,46.01,-10.83,7,1
P001,HRTF_B,18,2.583,47.76,-11.18,7,1
P001,HRTF_B,18,2.597,49.49,-11.53,7,1
P001,HRTF_B,18,2.611,51.09,-11.82,7,1
P001,HRTF_B,18,2.625,52.74,-12.08,7,1
P001,HRTF_B,18,2.639,54.29,-12.31,7,1
P001,HRTF_B,18,2.653,55.91,-12.52,7,1
P001,HRTF_B,18,2.667,57.52,-12.73,7,1
P001,HRTF_B,18,2.681,59.08,-12.94,7,1
P001,HRTF_B,18,2.694,60.54,-13.10,7,1
P001,HRTF_B,18,2.708,61.94,-13.23,7,1
P001,HRTF_B,18,2.722,63.23,-13.29,7,1
P001,HRTF_B,18,2.736,64.57,-13.43,7,1
P001,HRTF_B,18,2.750,65.90,-13.55,7,1
P001,HRTF_B,18,2.764,67.16,-13.62,7,1
P001,HRTF_B,18,2.778,68.35,-13.66,7,1
P001,HRTF_B,18,2.792,69.49,-13.69,7,1
P001,HRTF_B,18,2.806,70.65,-13.75,7,1
P001,HRTF_B,18,2.819,71.78,-13.81,7,1
P001,HRTF_B,18,2.833,72.85,-13.84,7,1
P001,HRTF_B,18,2.847,73.82,-13.91,7,1
P001,HRTF_B,18,2.861,74.76,-14.02,7,1
P001,HRTF_B,18,2.875,75.62,-14.05,7,1
P001,HRTF_B,18,2.889,76.46,-14.15,7,1
P001,HRTF_B,18,2.903,77.32,-14.27,7,1
P001,HRTF_B,18,2.917,78.21,-14.33,7,1
P001,HRTF_B,18,2.930,79.07,-14.45,7,1
P001,HRTF_B,18,2.944,79.95,-14.58,7,1
P001,HRTF_B,18,2.958,80.75,-14.63,7,1
P001,HRTF_B,18,2.972,81.58,-14.71,7,1
P001,HRTF_B,18,2.987,82.34,-14.83,7,1
P001,HRTF_B,18,3.000,83.11,-14.92,7,1
P001,HRTF_B,18,3.014,83.86,-15.00,7,1
P001,HRTF_B,18,3.028,84.66,-15.11,7,1
P001,HRTF_B,18,3.042,85.38,-15.23,7,1
P001,HRTF_B,18,3.056,86.10,-15.32,7,1
P001,HRTF_B,18,3.069,86.83,-15.43,7,1
P001,HRTF_B,18,3.083,87.52,-15.54,7,1
P001,HRTF_B,18,3.097,88.25,-15.65,7,1
P001,HRTF_B,18,3.111,88.94,-15.74,7,1
P001,HRTF_B,18,3.125,89.57,-15.75,7,1
P001,HRTF_B,18,3.139,90.18,-15.81,7,1
P001,HRTF_B,18,3.153,90.81,-15.83,7,1
P001,HRTF_B,18,3.166,91.40,-15.84,7,1
P001,HRTF_B,18,3.180,92.00,-15.82,7,1
P001,HRTF_B,18,3.194,92.50,-15.65,7,1
P001,HRTF_B,18,3.208,92.99,-15.44,7,1
P001,HRTF_B,18,3.222,93.45,-15.19,7,1
P001,HRTF_B,18,3.236,93.86,-14.90,7,1
P001,HRTF_B,18,3.250,94.26,-14.54,7,1
P001,HRTF_B,18,3.264,94.61,-14.12,7,1
P001,HRTF_B,18,3.278,94.86,-13.66,7,1
P001,HRTF_B,18,3.292,95.03,-13.20,7,1
P001,HRTF_B,18,3.305,95.17,-12.73,7,1
P001,HRTF_B,18,3.320,95.31,-12.34,7,1
P001,HRTF_B,18,3.333,95.42,-11.96,7,1
P001,HRTF_B,18,3.347,95.56,-11.62,7,1
P001,HRTF_B,18,3.361,95.71,-11.40,7,1
P001,HRTF_B,18,3.375,95.92,-11.20,7,1
P001,HRTF_B,18,3.389,96.13,-11.05,7,1
P001,HRTF_B,18,3.403,96.40,-10.99,7,1
P001,HRTF_B,18,3.416,96.73,-10.93,7,1
P001,HRTF_B,18,3.430,97.09,-10.87,7,1
P001,HRTF_B,18,3.444,97.45,-10.83,7,1
P001,HRTF_B,18,3.458,97.85,-10.79,7,1
P001,HRTF_B,18,3.472,98.32,-10.74,7,1
P001,HRTF_B,18,3.486,98.89,-10.69,7,1
P001,HRTF_B,18,3.500,99.47,-10.56,7,1
P001,HRTF_B,18,3.514,100.12,-10.45,7,1
P001,HRTF_B,18,3.528,100.75,-10.31,7,1
P001,HRTF_B,18,3.541,101.39,-10.20,7,1
P001,HRTF_B,18,3.555,102.05,-10.18,7,1
P001,HRTF_B,18,3.569,102.73,-10.18,7,1
P001,HRTF_B,18,3.583,103.43,-10.20,7,1
P001,HRTF_B,18,3.597,104.08,-10.16,7,1
P001,HRTF_B,18,3.611,104.79,-10.18,7,1
P001,HRTF_B,18,3.625,105.45,-10.21,7,1
P001,HRTF_B,18,3.639,106.05,-10.19,7,1
P001,HRTF_B,18,3.653,106.61,-10.22,7,1
P001,HRTF_B,18,3.667,107.15,-10.19,7,1
P001,HRTF_B,18,3.680,107.62,-10.19,7,1
P001,HRTF_B,18,3.694,108.09,-10.24,7,1
P001,HRTF_B,18,3.708,108.52,-10.34,7,1
P001,HRTF_B,18,3.722,108.90,-10.42,7,1
P001,HRTF_B,18,3.736,109.27,-10.50,7,1
P001,HRTF_B,18,3.750,109.57,-10.62,7,1
P001,HRTF_B,18,3.764,109.85,-10.66,7,1
P001,HRTF_B,18,3.778,110.12,-10.68,7,1
P001,HRTF_B,18,3.792,110.35,-10.70,7,1
P001,HRTF_B,18,3.808,110.59,-10.69,7,1
P001,HRTF_B,18,3.822,110.86,-10.68,7,1
P001,HRTF_B,18,3.836,111.13,-10.73,7,1
P001,HRTF_B,18,3.850,111.42,-10.82,7,1
P001,HRTF_B,18,3.864,111.73,-10.91,7,1
P001,HRTF_B,18,3.878,112.09,-11.06,7,1
P001,HRTF_B,18,3.892,112.53,-11.22,7,1
P001,HRTF_B,18,3.915,113.00,-11.40,7,1
P001,HRTF_B,18,3.930,113.51,-11.62,7,1
P001,HRTF_B,18,3.944,114.40,-11.99,7,1
P001,HRTF_B,18,3.958,114.92,-12.23,7,1
P001,HRTF_B,18,3.972,115.44,-12.38,7,1
P001,HRTF_B,18,3.986,115.98,-12.55,7,1
P001,HRTF_B,18,4.000,116.50,-12.77,7,1
P001,HRTF_B,18,4.014,117.08,-12.93,7,1
P001,HRTF_B,18,4.028,117.66,-13.10,7,1
P001,HRTF_B,18,4.042,118.26,-13.30,7,1
P001,HRTF_B,18,4.056,118.87,-13.51,7,1
P001,HRTF_B,18,4.069,119.43,-13.73,7,1
P001,HRTF_B,18,4.083,120.08,-14.00,7,1
P001,HRTF_B,18,4.097,120.68,-14.23,7,1
P001,HRTF_B,18,4.111,121.31,-14.48,7,1
P001,HRTF_B,18,4.125,121.92,-14.74,7,1
P001,HRTF_B,18,4.139,122.50,-15.01,7,1
P001,HRTF_B,18,4.153,123.10,-15.30,7,1
P001,HRTF_B,18,4.166,123.72,-15.58,7,1
P001,HRTF_B,18,4.180,124.27,-15.89,7,1
P001,HRTF_B,18,4.194,124.84,-16.20,7,1
P001,HRTF_B,18,4.208,125.40,-16.54,7,1
P001,HRTF_B,18,4.222,125.96,-16.92,7,1
P001,HRTF_B,18,4.236,126.51,-17.28,7,1
P001,HRTF_B,18,4.250,127.09,-17.67,7,1
P001,HRTF_B,18,4.264,127.61,-18.09,7,1
P001,HRTF_B,18,4.277,128.10,-18.48,7,1
P001,HRTF_B,18,4.291,128.64,-19.00,7,1
P001,HRTF_B,18,4.305,129.16,-19.57,7,1
P001,HRTF_B,18,4.319,129.64,-20.15,7,1
P001,HRTF_B,18,4.333,130.10,-20.85,7,1
P001,HRTF_B,18,4.347,130.54,-21.48,7,1
P001,HRTF_B,18,4.361,130.93,-22.12,7,1
P001,HRTF_B,18,4.375,131.28,-22.75,7,1
P001,HRTF_B,18,4.389,131.64,-23.38,7,1
P001,HRTF_B,18,4.403,131.89,-24.04,7,1
P001,HRTF_B,18,4.417,132.16,-24.76,7,1
P001,HRTF_B,18,4.430,132.44,-25.46,7,1
P001,HRTF_B,18,4.444,132.66,-26.21,7,1
P001,HRTF_B,18,4.458,132.88,-26.97,7,1
P001,HRTF_B,18,4.472,133.07,-27.75,7,1
P001,HRTF_B,18,4.486,133.28,-28.56,7,1
P001,HRTF_B,18,4.500,133.49,-29.35,7,1
P001,HRTF_B,18,4.514,133.67,-30.15,7,1
P001,HRTF_B,18,4.528,133.81,-30.99,7,1
P001,HRTF_B,18,4.542,133.90,-31.81,7,1
P001,HRTF_B,18,4.555,133.97,-32.58,7,1
P001,HRTF_B,18,4.569,133.94,-33.45,7,1
P001,HRTF_B,18,4.583,133.90,-34.28,7,1
P001,HRTF_B,18,4.597,133.82,-35.15,7,1
P001,HRTF_B,18,4.611,133.66,-36.04,7,1
P001,HRTF_B,18,4.625,133.50,-36.89,7,1
P001,HRTF_B,18,4.639,133.27,-37.77,7,1
P001,HRTF_B,18,4.652,133.00,-38.62,7,1
P001,HRTF_B,18,4.666,132.68,-39.49,7,1
P001,HRTF_B,18,4.680,132.34,-40.32,7,1
P001,HRTF_B,18,4.694,131.99,-40.96,7,1
P001,HRTF_B,18,4.708,131.64,-41.58,7,1
P001,HRTF_B,18,4.722,131.23,-42.28,7,1
P001,HRTF_B,18,4.736,130.80,-42.98,7,1
P001,HRTF_B,18,4.750,130.35,-43.66,7,1
P001,HRTF_B,18,4.764,129.87,-44.31,7,1
P001,HRTF_B,18,4.778,129.29,-44.99,7,1
P001,HRTF_B,18,4.792,128.59,-45.78,7,1
P001,HRTF_B,18,4.806,127.84,-46.65,7,1
P001,HRTF_B,18,4.819,126.96,-47.47,7,1
P001,HRTF_B,18,4.833,126.09,-48.27,7,1
P001,HRTF_B,18,4.847,125.21,-49.10,7,1
P001,HRTF_B,18,4.861,124.24,-49.89,7,1
P001,HRTF_B,18,4.875,123.33,-50.59,7,1
P001,HRTF_B,18,4.888,122.58,-51.28,7,1
P001,HRTF_B,18,4.903,121.69,-51.88,7,1
P001,HRTF_B,18,4.916,120.95,-52.48,7,1
P001,HRTF_B,18,4.930,120.23,-52.98,7,1
P001,HRTF_B,18,4.944,119.70,-53.40,7,1
P001,HRTF_B,18,4.958,119.27,-53.80,7,1
P001,HRTF_B,18,4.972,118.83,-54.13,7,1
P001,HRTF_B,18,4.986,118.64,-54.36,7,1
P001,HRTF_B,18,5.000,118.40,-54.76,7,1
P001,HRTF_B,18,5.013,118.15,-55.21,7,1
P001,HRTF_B,18,5.027,117.83,-55.72,7,1
P001,HRTF_B,18,5.041,117.56,-56.19,7,1
P001,HRTF_B,18,5.055,117.30,-56.56,7,1
P001,HRTF_B,18,5.069,116.95,-56.83,7,1
P001,HRTF_B,18,5.083,116.39,-57.21,7,1
P001,HRTF_B,18,5.097,115.73,-57.54,7,1
P001,HRTF_B,18,5.111,114.98,-57.86,7,1
P001,HRTF_B,18,5.125,114.31,-58.17,7,1
P001,HRTF_B,18,5.139,113.51,-58.36,7,1
P001,HRTF_B,18,5.152,112.69,-58.50,7,1
P001,HRTF_B,18,5.167,112.00,-58.68,7,1
P001,HRTF_B,18,5.180,110.92,-58.76,7,1
P001,HRTF_B,18,5.194,109.86,-58.92,7,1
P001,HRTF_B,18,5.208,108.72,-58.99,7,1
P001,HRTF_B,18,5.222,107.66,-58.95,7,1
P001,HRTF_B,18,5.236,106.54,-58.95,7,1
P001,HRTF_B,18,5.250,105.22,-58.85,7,1
P001,HRTF_B,18,5.264,103.90,-58.76,7,1
P001,HRTF_B,18,5.278,102.68,-58.62,7,1
P001,HRTF_B,18,5.292,101.42,-58.40,7,1
P001,HRTF_B,18,5.305,99.98,-58.17,7,1
P001,HRTF_B,18,5.319,98.55,-57.88,7,1
P001,HRTF_B,18,5.333,97.21,-57.55,7,1
P001,HRTF_B,18,5.347,95.90,-57.33,7,1
P001,HRTF_B,18,5.361,94.67,-57.09,7,1
P001,HRTF_B,18,5.375,93.42,-56.88,7,1
P001,HRTF_B,18,5.389,92.25,-56.79,7,1
P001,HRTF_B,18,5.403,91.12,-56.72,7,1
P001,HRTF_B,18,5.417,90.34,-56.70,7,1
P001,HRTF_B,18,5.430,89.79,-56.77,7,1
P001,HRTF_B,18,5.444,89.48,-56.84,7,1
P001,HRTF_B,18,5.458,90.11,-57.33,7,1
P001,HRTF_B,18,5.472,90.55,-57.78,7,1
P001,HRTF_B,18,5.486,91.66,-58.43,7,1
P001,HRTF_B,18,5.500,92.92,-59.17,7,1
P001,HRTF_B,18,5.514,94.79,-60.01,7,1
P001,HRTF_B,18,5.528,96.85,-60.72,7,1
P001,HRTF_B,18,5.542,99.11,-61.43,7,1
P001,HRTF_B,18,5.555,101.59,-62.06,7,1
P001,HRTF_B,18,5.569,103.95,-62.65,7,1
P001,HRTF_B,18,5.583,106.50,-63.31,7,1
P001,HRTF_B,18,5.597,109.01,-63.97,7,1
P001,HRTF_B,18,5.611,111.30,-64.53,7,1
P001,HRTF_B,18,5.625,113.08,-64.88,7,1
P001,HRTF_B,18,5.639,114.69,-65.14,7,1
P001,HRTF_B,18,5.653,116.04,-65.36,7,1
P001,HRTF_B,18,5.666,117.28,-65.58,7,1
P001,HRTF_B,18,5.680,118.24,-65.84,7,1
P001,HRTF_B,18,5.694,119.29,-66.13,7,1
P001,HRTF_B,18,5.708,120.06,-66.45,7,1
P001,HRTF_B,18,5.722,120.83,-66.71,7,1
P001,HRTF_B,18,5.736,121.84,-66.97,7,1
P001,HRTF_B,18,5.750,122.68,-67.19,7,1
P001,HRTF_B,18,5.764,123.69,-67.50,7,1
P001,HRTF_B,18,5.778,124.68,-67.83,7,1
P001,HRTF_B,18,5.792,125.80,-68.12,7,1
P001,HRTF_B,18,5.805,126.90,-68.35,7,1
P001,HRTF_B,18,5.819,127.98,-68.56,7,1
P001,HRTF_B,18,5.833,129.03,-68.79,7,1
P001,HRTF_B,18,5.847,130.12,-69.06,7,1
P001,HRTF_B,18,5.861,131.02,-69.37,7,1
P001,HRTF_B,18,5.875,131.67,-69.68,7,1
P001,HRTF_B,18,5.889,131.85,-69.85,7,1
P001,HRTF_B,18,5.903,131.96,-70.07,7,1
P001,HRTF_B,18,5.916,131.89,-70.20,7,1
P001,HRTF_B,18,5.930,131.32,-70.41,7,1
P001,HRTF_B,18,5.944,130.24,-70.67,7,1
P001,HRTF_B,18,5.958,129.13,-70.88,7,1
P001,HRTF_B,18,5.972,127.32,-71.07,7,1
P001,HRTF_B,18,5.986,125.56,-71.27,7,1
P001,HRTF_B,18,6.000,123.79,-71.41,7,1
P001,HRTF_B,18,6.014,121.77,-71.44,7,1
P001,HRTF_B,18,6.028,119.90,-71.40,7,1
P001,HRTF_B,18,6.042,117.68,-71.38,7,1
P001,HRTF_B,18,6.055,114.81,-71.36,7,1
P001,HRTF_B,18,6.069,112.52,-71.21,7,1
P001,HRTF_B,18,6.083,110.14,-70.95,7,1
P001,HRTF_B,18,6.097,107.86,-70.60,7,1
P001,HRTF_B,18,6.111,105.60,-70.27,7,1
P001,HRTF_B,18,6.125,103.31,-69.96,7,1
P001,HRTF_B,18,6.139,101.06,-69.60,7,1
P001,HRTF_B,18,6.152,98.79,-69.18,7,1
P001,HRTF_B,18,6.166,96.53,-68.66,7,1
P001,HRTF_B,18,6.180,94.36,-68.20,7,1
P001,HRTF_B,18,6.194,92.27,-67.67,7,1
P001,HRTF_B,18,6.208,90.27,-67.11,7,1
P001,HRTF_B,18,6.222,88.31,-66.52,7,1
P001,HRTF_B,18,6.236,86.48,-65.87,7,1
P001,HRTF_B,18,6.250,84.69,-65.16,7,1
P001,HRTF_B,18,6.263,83.11,-64.53,7,1
P001,HRTF_B,18,6.278,81.51,-63.85,7,1
P001,HRTF_B,18,6.291,80.05,-63.16,7,1
P001,HRTF_B,18,6.305,78.60,-62.38,7,1
P001,HRTF_B,18,6.319,77.24,-61.59,7,1
P001,HRTF_B,18,6.333,76.13,-60.86,7,1
P001,HRTF_B,18,6.347,74.85,-59.99,7,1
P001,HRTF_B,18,6.361,73.57,-59.09,7,1
P001,HRTF_B,18,6.375,72.43,-58.25,7,1
P001,HRTF_B,18,6.389,71.37,-57.32,7,1
P001,HRTF_B,18,6.402,70.35,-56.37,7,1
P001,HRTF_B,18,6.416,69.29,-55.34,7,1
P001,HRTF_B,18,6.430,68.10,-54.26,7,1
P001,HRTF_B,18,6.444,67.00,-53.20,7,1
P001,HRTF_B,18,6.458,65.77,-52.08,7,1
P001,HRTF_B,18,6.472,64.66,-50.89,7,1
P001,HRTF_B,18,6.487,63.60,-49.69,7,1
P001,HRTF_B,18,6.500,62.42,-48.45,7,1
P001,HRTF_B,18,6.514,61.17,-47.24,7,1
P001,HRTF_B,18,6.527,59.95,-46.01,7,1
P001,HRTF_B,18,6.541,58.85,-44.74,7,1
P001,HRTF_B,18,6.555,57.74,-43.47,7,1
P001,HRTF_B,18,6.569,56.62,-42.31,7,1
P001,HRTF_B,18,6.583,55.43,-41.17,7,1
P001,HRTF_B,18,6.597,54.30,-40.08,7,1
P001,HRTF_B,18,6.611,53.19,-38.97,7,1
P001,HRTF_B,18,6.625,52.13,-37.92,7,1
P001,HRTF_B,18,6.638,50.98,-37.01,7,1
P001,HRTF_B,18,6.653,49.87,-36.23,7,1
P001,HRTF_B,18,6.667,48.67,-35.34,7,1
P001,HRTF_B,18,6.680,47.44,-34.46,7,1
P001,HRTF_B,18,6.694,46.17,-33.47,7,1
P001,HRTF_B,18,6.708,45.01,-32.47,7,1
P001,HRTF_B,18,6.722,43.75,-31.52,7,1
P001,HRTF_B,18,6.736,42.41,-30.60,7,1
P001,HRTF_B,18,6.750,41.03,-29.66,7,1
P001,HRTF_B,18,6.764,39.53,-28.75,7,1
P001,HRTF_B,18,6.778,37.96,-27.84,7,1
P001,HRTF_B,18,6.791,36.31,-26.86,7,1
P001,HRTF_B,18,6.805,34.61,-25.94,7,1
P001,HRTF_B,18,6.819,32.69,-24.98,7,1
P001,HRTF_B,18,6.833,30.87,-24.03,7,1
P001,HRTF_B,18,6.847,29.14,-23.04,7,1
P001,HRTF_B,18,6.861,27.39,-22.08,7,1
P001,HRTF_B,18,6.875,25.69,-21.14,7,1
P001,HRTF_B,18,6.889,23.98,-20.26,7,1
P001,HRTF_B,18,6.902,22.21,-19.43,7,1
P001,HRTF_B,18,6.916,20.46,-18.63,7,1
P001,HRTF_B,18,6.930,18.76,-17.79,7,1
P001,HRTF_B,18,6.944,17.16,-17.03,7,1
P001,HRTF_B,18,6.958,15.62,-16.28,7,1
P001,HRTF_B,18,6.972,14.12,-15.63,7,1
P001,HRTF_B,18,6.986,12.65,-14.99,7,1
P001,HRTF_B,18,7.000,11.22,-14.41,7,1
P001,HRTF_B,18,7.014,9.87,-13.83,7,1
P001,HRTF_B,18,7.027,8.60,-13.25,7,1
P001,HRTF_B,18,7.041,7.31,-12.70,7,1
P001,HRTF_B,18,7.055,6.14,-12.20,7,1
P001,HRTF_B,18,7.069,4.98,-11.72,7,1
P001,HRTF_B,18,7.083,3.88,-11.25,7,1
P001,HRTF_B,18,7.097,2.84,-10.79,7,1
P001,HRTF_B,18,7.111,1.82,-10.41,7,1
P001,HRTF_B,18,7.125,0.84,-10.02,7,1
P001,HRTF_B,18,7.138,-0.11,-9.66,7,1
P001,HRTF_B,18,7.152,-1.01,-9.33,7,1
P001,HRTF_B,18,7.166,-1.85,-9.10,7,1
P001,HRTF_B,18,7.180,-2.69,-8.84,7,1
P001,HRTF_B,18,7.194,-3.35,-8.61,7,1
P001,HRTF_B,18,7.208,-3.99,-8.37,7,1
P001,HRTF_B,18,7.222,-4.52,-8.14,7,1
P001,HRTF_B,18,7.236,-5.00,-7.94,7,1
P001,HRTF_B,18,7.250,-5.42,-7.81,7,1
P001,HRTF_B,19,0.014,-12.74,-1.18,22,1
P001,HRTF_B,19,0.031,-12.73,-1.18,22,1
P001,HRTF_B,19,0.042,-12.69,-1.20,22,1
P001,HRTF_B,19,0.056,-12.65,-1.23,22,1
P001,HRTF_B,19,0.069,-12.61,-1.24,22,1
P001,HRTF_B,19,0.085,-12.59,-1.23,22,1
P001,HRTF_B,19,0.097,-12.56,-1.22,22,1
P001,HRTF_B,19,0.111,-12.52,-1.21,22,1
P001,HRTF_B,19,0.125,-12.49,-1.20,22,1
P001,HRTF_B,19,0.139,-12.44,-1.19,22,1
P001,HRTF_B,19,0.153,-12.41,-1.17,22,1
P001,HRTF_B,19,0.167,-12.37,-1.15,22,1
P001,HRTF_B,19,0.180,-12.36,-1.16,22,1
P001,HRTF_B,19,0.194,-12.36,-1.16,22,1
P001,HRTF_B,19,0.208,-12.34,-1.17,22,1
P001,HRTF_B,19,0.223,-12.35,-1.16,22,1
P001,HRTF_B,19,0.236,-12.34,-1.15,22,1
P001,HRTF_B,19,0.250,-12.35,-1.16,22,1
P001,HRTF_B,19,0.264,-12.36,-1.18,22,1
P001,HRTF_B,19,0.278,-12.38,-1.19,22,1
P001,HRTF_B,19,0.292,-12.40,-1.24,22,1
P001,HRTF_B,19,0.306,-12.40,-1.27,22,1
P001,HRTF_B,19,0.319,-12.41,-1.28,22,1
P001,HRTF_B,19,0.333,-12.40,-1.30,22,1
P001,HRTF_B,19,0.347,-12.40,-1.30,22,1
P001,HRTF_B,19,0.361,-12.41,-1.31,22,1
P001,HRTF_B,19,0.375,-12.41,-1.32,22,1
P001,HRTF_B,19,0.389,-12.41,-1.35,22,1
P001,HRTF_B,19,0.403,-12.39,-1.38,22,1
P001,HRTF_B,19,0.417,-12.37,-1.39,22,1
P001,HRTF_B,19,0.431,-12.35,-1.42,22,1
P001,HRTF_B,19,0.444,-12.31,-1.42,22,1
P001,HRTF_B,19,0.458,-12.29,-1.44,22,1
P001,HRTF_B,19,0.472,-12.26,-1.46,22,1
P001,HRTF_B,19,0.486,-12.23,-1.47,22,1
P001,HRTF_B,19,0.501,-12.17,-1.50,22,1
P001,HRTF_B,19,0.514,-12.12,-1.52,22,1
P001,HRTF_B,19,0.528,-12.07,-1.54,22,1
P001,HRTF_B,19,0.542,-12.02,-1.54,22,1
P001,HRTF_B,19,0.555,-12.00,-1.54,22,1
P001,HRTF_B,19,0.569,-11.97,-1.54,22,1
P001,HRTF_B,19,0.583,-11.94,-1.55,22,1
P001,HRTF_B,19,0.597,-11.90,-1.57,22,1
P001,HRTF_B,19,0.611,-11.84,-1.59,22,1
P001,HRTF_B,19,0.625,-11.80,-1.61,22,1
P001,HRTF_B,19,0.639,-11.75,-1.59,22,1
P001,HRTF_B,19,0.653,-11.71,-1.57,22,1
P001,HRTF_B,19,0.667,-11.68,-1.55,22,1
P001,HRTF_B,19,0.681,-11.65,-1.55,22,1
P001,HRTF_B,19,0.694,-11.62,-1.57,22,1
P001,HRTF_B,19,0.708,-11.57,-1.58,22,1
P001,HRTF_B,19,0.722,-11.55,-1.57,22,1
P001,HRTF_B,19,0.736,-11.54,-1.55,22,1
P001,HRTF_B,19,0.750,-11.53,-1.54,22,1
P001,HRTF_B,19,0.764,-11.53,-1.53,22,1
P001,HRTF_B,19,0.778,-11.52,-1.53,22,1
P001,HRTF_B,19,0.792,-11.52,-1.53,22,1
P001,HRTF_B,19,0.805,-11.52,-1.52,22,1
P001,HRTF_B,19,0.820,-11.52,-1.53,22,1
P001,HRTF_B,19,0.833,-11.51,-1.53,22,1
P001,HRTF_B,19,0.847,-11.50,-1.54,22,1
P001,HRTF_B,19,0.861,-11.48,-1.57,22,1
P001,HRTF_B,19,0.875,-11.47,-1.57,22,1
P001,HRTF_B,19,0.889,-11.44,-1.57,22,1
P001,HRTF_B,19,0.903,-11.42,-1.57,22,1
P001,HRTF_B,19,0.917,-11.40,-1.58,22,1
P001,HRTF_B,19,0.930,-11.40,-1.61,22,1
P001,HRTF_B,19,0.944,-11.38,-1.62,22,1
P001,HRTF_B,19,0.959,-11.36,-1.64,22,1
P001,HRTF_B,19,0.972,-11.35,-1.63,22,1
P001,HRTF_B,19,0.986,-11.34,-1.65,22,1
P001,HRTF_B,19,1.000,-11.34,-1.65,22,1
P001,HRTF_B,19,1.014,-11.34,-1.66,22,1
P001,HRTF_B,19,1.028,-11.36,-1.67,22,1
P001,HRTF_B,19,1.042,-11.37,-1.68,22,1
P001,HRTF_B,19,1.056,-11.38,-1.67,22,1
P001,HRTF_B,19,1.069,-11.38,-1.67,22,1
P001,HRTF_B,19,1.083,-11.40,-1.65,22,1
P001,HRTF_B,19,1.097,-11.41,-1.65,22,1
P001,HRTF_B,19,1.111,-11.43,-1.65,22,1
P001,HRTF_B,19,1.125,-11.46,-1.63,22,1
P001,HRTF_B,19,1.139,-11.48,-1.63,22,1
P001,HRTF_B,19,1.153,-11.48,-1.63,22,1
P001,HRTF_B,19,1.167,-11.46,-1.64,22,1
P001,HRTF_B,19,1.181,-11.44,-1.65,22,1
P001,HRTF_B,19,1.194,-11.42,-1.65,22,1
P001,HRTF_B,19,1.208,-11.41,-1.64,22,1
P001,HRTF_B,19,1.222,-11.38,-1.63,22,1
P001,HRTF_B,19,1.236,-11.35,-1.63,22,1
P001,HRTF_B,19,1.250,-11.33,-1.66,22,1
P001,HRTF_B,19,1.264,-11.30,-1.68,22,1
P001,HRTF_B,19,1.278,-11.28,-1.67,22,1
P001,HRTF_B,19,1.292,-11.28,-1.67,22,1
P001,HRTF_B,19,1.306,-11.27,-1.67,22,1
P001,HRTF_B,19,1.319,-11.27,-1.68,22,1
P001,HRTF_B,19,1.333,-11.26,-1.70,22,1
P001,HRTF_B,19,1.347,-11.27,-1.71,22,1
P001,HRTF_B,19,1.361,-11.27,-1.71,22,1
P001,HRTF_B,19,1.375,-11.28,-1.71,22,1
P001,HRTF_B,19,1.389,-11.28,-1.72,22,1
P001,HRTF_B,19,1.403,-11.28,-1.73,22,1
P001,HRTF_B,19,1.416,-11.28,-1.74,22,1
P001,HRTF_B,19,1.430,-11.27,-1.75,22,1
P001,HRTF_B,19,1.444,-11.27,-1.75,22,1
P001,HRTF_B,19,1.458,-11.25,-1.75,22,1
P001,HRTF_B,19,1.472,-11.24,-1.77,22,1
P001,HRTF_B,19,1.486,-11.25,-1.78,22,1
P001,HRTF_B,19,1.500,-11.25,-1.81,22,1
P001,HRTF_B,19,1.514,-11.26,-1.83,22,1
P001,HRTF_B,19,1.528,-11.30,-1.83,22,1
P001,HRTF_B,19,1.542,-11.35,-1.83,22,1
P001,HRTF_B,19,1.555,-11.40,-1.82,22,1
P001,HRTF_B,19,1.569,-11.48,-1.78,22,1
P001,HRTF_B,19,1.583,-11.56,-1.74,22,1
P001,HRTF_B,19,1.597,-11.68,-1.70,22,1
P001,HRTF_B,19,1.611,-11.81,-1.65,22,1
P001,HRTF_B,19,1.625,-11.98,-1.59,22,1
P001,HRTF_B,19,1.639,-12.18,-1.51,22,1
P001,HRTF_B,19,1.653,-12.45,-1.46,22,1
P001,HRTF_B,19,1.666,-12.76,-1.43,22,1
P001,HRTF_B,19,1.680,-13.15,-1.49,22,1
P001,HRTF_B,19,1.694,-13.56,-1.58,22,1
P001,HRTF_B,19,1.708,-13.96,-1.73,22,1
P001,HRTF_B,19,1.722,-14.47,-2.16,22,1
P001,HRTF_B,19,1.736,-14.97,-2.69,22,1
P001,HRTF_B,19,1.750,-15.49,-3.41,22,1
P001,HRTF_B,19,1.764,-16.03,-4.16,22,1
P001,HRTF_B,19,1.778,-16.72,-4.93,22,1
P001,HRTF_B,19,1.791,-17.35,-5.71,22,1
P001,HRTF_B,19,1.805,-18.07,-6.57,22,1
P001,HRTF_B,19,1.819,-18.76,-7.36,22,1
P001,HRTF_B,19,1.833,-19.50,-8.22,22,1
P001,HRTF_B,19,1.847,-20.31,-9.07,22,1
P001,HRTF_B,19,1.861,-21.15,-9.85,22,1
P001,HRTF_B,19,1.875,-22.06,-10.60,22,1
P001,HRTF_B,19,1.889,-23.02,-11.37,22,1
P001,HRTF_B,19,1.903,-24.04,-12.16,22,1
P001,HRTF_B,19,1.917,-25.13,-12.87,22,1
P001,HRTF_B,19,1.930,-26.25,-13.57,22,1
P001,HRTF_B,19,1.944,-27.49,-14.23,22,1
P001,HRTF_B,19,1.958,-28.80,-14.84,22,1
P001,HRTF_B,19,1.972,-30.11,-15.51,22,1
P001,HRTF_B,19,1.986,-31.47,-16.08,22,1
P001,HRTF_B,19,2.000,-32.95,-16.66,22,1
P001,HRTF_B,19,2.014,-34.39,-17.29,22,1
P001,HRTF_B,19,2.028,-35.84,-17.87,22,1
P001,HRTF_B,19,2.041,-37.26,-18.50,22,1
P001,HRTF_B,19,2.055,-38.76,-19.18,22,1
P001,HRTF_B,19,2.069,-40.19,-19.92,22,1
P001,HRTF_B,19,2.083,-41.66,-20.87,22,1
P001,HRTF_B,19,2.097,-43.06,-21.93,22,1
P001,HRTF_B,19,2.111,-44.45,-22.97,22,1
P001,HRTF_B,19,2.125,-45.74,-24.17,22,1
P001,HRTF_B,19,2.139,-46.98,-25.30,22,1
P001,HRTF_B,19,2.153,-48.07,-26.35,22,1
P001,HRTF_B,19,2.167,-49.07,-27.33,22,1
P001,HRTF_B,19,2.180,-50.05,-28.29,22,1
P001,HRTF_B,19,2.194,-50.95,-29.13,22,1
P001,HRTF_B,19,2.208,-51.94,-29.91,22,1
P001,HRTF_B,19,2.222,-52.79,-30.56,22,1
P001,HRTF_B,19,2.236,-53.69,-31.29,22,1
P001,HRTF_B,19,2.250,-54.52,-32.07,22,1
P001,HRTF_B,19,2.264,-55.19,-32.93,22,1
P001,HRTF_B,19,2.278,-55.80,-33.88,22,1
P001,HRTF_B,19,2.292,-56.39,-34.82,22,1
P001,HRTF_B,19,2.305,-56.88,-35.79,22,1
P001,HRTF_B,19,2.319,-57.42,-36.64,22,1
P001,HRTF_B,19,2.333,-57.77,-37.32,22,1
P001,HRTF_B,19,2.347,-58.07,-37.77,22,1
P001,HRTF_B,19,2.361,-58.34,-38.13,22,1
P001,HRTF_B,19,2.375,-58.50,-38.36,22,1
P001,HRTF_B,19,2.389,-58.85,-38.71,22,1
P001,HRTF_B,19,2.402,-59.15,-39.11,22,1
P001,HRTF_B,19,2.416,-59.57,-39.65,22,1
P001,HRTF_B,19,2.430,-59.96,-40.21,22,1
P001,HRTF_B,19,2.444,-60.38,-40.81,22,1
P001,HRTF_B,19,2.458,-60.85,-41.37,22,1
P001,HRTF_B,19,2.472,-61.47,-41.93,22,1
P001,HRTF_B,19,2.486,-62.11,-42.47,22,1
P001,HRTF_B,19,2.500,-62.80,-42.98,22,1
P001,HRTF_B,19,2.514,-63.46,-43.47,22,1
P001,HRTF_B,19,2.527,-64.13,-43.90,22,1
P001,HRTF_B,19,2.541,-64.73,-44.31,22,1
P001,HRTF_B,19,2.556,-65.38,-44.68,22,1
P001,HRTF_B,19,2.569,-66.00,-45.06,22,1
P001,HRTF_B,19,2.583,-66.63,-45.37,22,1
P001,HRTF_B,19,2.597,-67.19,-45.73,22,1
P001,HRTF_B,19,2.611,-67.79,-46.10,22,1
P001,HRTF_B,19,2.625,-68.39,-46.51,22,1
P001,HRTF_B,19,2.639,-68.94,-46.94,22,1
P001,HRTF_B,19,2.653,-69.49,-47.39,22,1
P001,HRTF_B,19,2.666,-70.02,-47.97,22,1
P001,HRTF_B,19,2.680,-70.48,-48.62,22,1
P001,HRTF_B,19,2.694,-71.01,-49.24,22,1
P001,HRTF_B,19,2.708,-71.50,-50.01,22,1
P001,HRTF_B,19,2.722,-71.88,-50.70,22,1
P001,HRTF_B,19,2.736,-72.24,-51.27,22,1
P001,HRTF_B,19,2.750,-72.37,-51.84,22,1
P001,HRTF_B,19,2.764,-72.45,-52.46,22,1
P001,HRTF_B,19,2.777,-72.61,-53.10,22,1
P001,HRTF_B,19,2.791,-72.70,-53.79,22,1
P001,HRTF_B,19,2.805,-72.76,-54.44,22,1
P001,HRTF_B,19,2.819,-72.81,-55.03,22,1
P001,HRTF_B,19,2.833,-72.78,-55.57,22,1
P001,HRTF_B,19,2.847,-72.65,-56.14,22,1
P001,HRTF_B,19,2.861,-72.47,-56.70,22,1
P001,HRTF_B,19,2.875,-72.44,-57.28,22,1
P001,HRTF_B,19,2.889,-72.28,-57.85,22,1
P001,HRTF_B,19,2.902,-72.12,-58.30,22,1
P001,HRTF_B,19,2.917,-71.94,-58.68,22,1
P001,HRTF_B,19,2.930,-71.84,-58.99,22,1
P001,HRTF_B,19,2.944,-71.61,-59.30,22,1
P001,HRTF_B,19,2.958,-71.48,-59.56,22,1
P001,HRTF_B,19,2.972,-71.48,-59.80,22,1
P001,HRTF_B,19,2.986,-71.36,-60.00,22,1
P001,HRTF_B,19,3.000,-71.41,-60.16,22,1
P001,HRTF_B,19,3.014,-71.52,-60.31,22,1
P001,HRTF_B,19,3.028,-71.63,-60.50,22,1
P001,HRTF_B,19,3.042,-71.72,-60.56,22,1
P001,HRTF_B,19,3.055,-71.84,-60.61,22,1
P001,HRTF_B,19,3.069,-72.03,-60.63,22,1
P001,HRTF_B,19,3.083,-72.22,-60.65,22,1
P001,HRTF_B,19,3.097,-72.41,-60.72,22,1
P001,HRTF_B,19,3.111,-72.69,-60.71,22,1
P001,HRTF_B,19,3.125,-73.04,-60.69,22,1
P001,HRTF_B,19,3.139,-73.35,-60.63,22,1
P001,HRTF_B,19,3.153,-73.72,-60.52,22,1
P001,HRTF_B,19,3.166,-74.12,-60.36,22,1
P001,HRTF_B,19,3.180,-74.66,-60.15,22,1
P001,HRTF_B,19,3.194,-75.23,-59.81,22,1
P001,HRTF_B,19,3.208,-76.07,-59.29,22,1
P001,HRTF_B,19,3.222,-76.97,-58.67,22,1
P001,HRTF_B,19,3.236,-77.87,-57.90,22,1
P001,HRTF_B,19,3.250,-78.96,-56.94,22,1
P001,HRTF_B,19,3.264,-79.96,-56.00,22,1
P001,HRTF_B,19,3.278,-81.14,-55.02,22,1
P001,HRTF_B,19,3.291,-82.21,-54.01,22,1
P001,HRTF_B,19,3.305,-83.27,-53.01,22,1
P001,HRTF_B,19,3.319,-84.23,-51.87,22,1
P001,HRTF_B,19,3.333,-85.15,-50.80,22,1
P001,HRTF_B,19,3.347,-86.08,-49.76,22,1
P001,HRTF_B,19,3.361,-86.90,-48.69,22,1
P001,HRTF_B,19,3.375,-87.63,-47.70,22,1
P001,HRTF_B,19,3.389,-88.46,-46.67,22,1
P001,HRTF_B,19,3.403,-89.24,-45.60,22,1
P001,HRTF_B,19,3.416,-90.05,-44.53,22,1
P001,HRTF_B,19,3.430,-90.83,-43.53,22,1
P001,HRTF_B,19,3.444,-91.54,-42.51,22,1
P001,HRTF_B,19,3.458,-92.23,-41.52,22,1
P001,HRTF_B,19,3.472,-92.92,-40.54,22,1
P001,HRTF_B,19,3.486,-93.57,-39.61,22,1
P001,HRTF_B,19,3.500,-94.20,-38.78,22,1
P001,HRTF_B,19,3.514,-94.73,-38.02,22,1
P001,HRTF_B,19,3.528,-95.27,-37.29,22,1
P001,HRTF_B,19,3.541,-95.73,-36.59,22,1
P001,HRTF_B,19,3.555,-96.12,-35.93,22,1
P001,HRTF_B,19,3.569,-96.40,-35.34,22,1
P001,HRTF_B,19,3.583,-96.62,-34.91,22,1
P001,HRTF_B,19,3.597,-96.75,-34.51,22,1
P001,HRTF_B,19,3.611,-96.81,-34.07,22,1
P001,HRTF_B,19,3.625,-96.77,-33.68,22,1
P001,HRTF_B,19,3.639,-96.68,-33.33,22,1
P001,HRTF_B,19,3.652,-96.56,-33.02,22,1
P001,HRTF_B,19,3.667,-96.40,-32.79,22,1
P001,HRTF_B,19,3.680,-96.23,-32.59,22,1
P001,HRTF_B,19,3.694,-96.05,-32.37,22,1
P001,HRTF_B,19,3.708,-95.85,-32.15,22,1
P001,HRTF_B,19,3.722,-95.67,-32.02,22,1
P001,HRTF_B,19,3.736,-95.54,-31.90,22,1
P001,HRTF_B,19,3.750,-95.43,-31.84,22,1
P001,HRTF_B,19,3.764,-95.32,-31.77,22,1
P001,HRTF_B,19,3.777,-95.19,-31.67,22,1
P001,HRTF_B,19,3.791,-95.08,-31.61,22,1
P001,HRTF_B,19,3.805,-94.93,-31.57,22,1
P001,HRTF_B,19,3.819,-94.83,-31.58,22,1
P001,HRTF_B,19,3.833,-94.78,-31.59,22,1
P001,HRTF_B,19,3.847,-94.71,-31.59,22,1
P001,HRTF_B,19,3.861,-94.64,-31.52,22,1
P001,HRTF_B,19,3.875,-94.54,-31.43,22,1
P001,HRTF_B,19,3.889,-94.45,-31.34,22,1
P001,HRTF_B,19,3.902,-94.39,-31.31,22,1
P001,HRTF_B,19,3.916,-94.37,-31.31,22,1
P001,HRTF_B,19,3.930,-94.35,-31.31,22,1
P001,HRTF_B,19,3.944,-94.32,-31.30,22,1
P001,HRTF_B,19,3.958,-94.26,-31.27,22,1
P001,HRTF_B,19,3.972,-94.17,-31.31,22,1
P001,HRTF_B,19,3.986,-94.08,-31.42,22,1
P001,HRTF_B,19,4.000,-93.98,-31.59,22,1
P001,HRTF_B,19,4.014,-93.81,-31.81,22,1
P001,HRTF_B,19,4.028,-93.58,-32.08,22,1
P001,HRTF_B,19,4.042,-93.37,-32.30,22,1
P001,HRTF_B,19,4.056,-93.07,-32.57,22,1
P001,HRTF_B,19,4.069,-92.81,-32.81,22,1
P001,HRTF_B,19,4.083,-92.53,-33.09,22,1
P001,HRTF_B,19,4.097,-92.28,-33.36,22,1
P001,HRTF_B,19,4.111,-92.03,-33.62,22,1
P001,HRTF_B,19,4.125,-91.73,-33.87,22,1
P001,HRTF_B,19,4.139,-91.43,-34.10,22,1
P001,HRTF_B,19,4.153,-91.14,-34.31,22,1
P001,HRTF_B,19,4.167,-90.77,-34.50,22,1
P001,HRTF_B,19,4.180,-90.40,-34.65,22,1
P001,HRTF_B,19,4.194,-90.00,-34.83,22,1
P001,HRTF_B,19,4.208,-89.58,-34.96,22,1
P001,HRTF_B,19,4.222,-89.18,-35.13,22,1
P001,HRTF_B,19,4.236,-88.75,-35.31,22,1
P001,HRTF_B,19,4.250,-88.37,-35.47,22,1
P001,HRTF_B,19,4.264,-88.03,-35.65,22,1
P001,HRTF_B,19,4.278,-87.72,-35.86,22,1
P001,HRTF_B,19,4.292,-87.42,-36.10,22,1
P001,HRTF_B,19,4.305,-87.13,-36.31,22,1
P001,HRTF_B,19,4.319,-86.92,-36.52,22,1
P001,HRTF_B,19,4.333,-86.75,-36.63,22,1
P001,HRTF_B,19,4.347,-86.57,-36.71,22,1
P001,HRTF_B,19,4.361,-86.46,-36.74,22,1
P001,HRTF_B,19,4.375,-86.41,-36.80,22,1
P001,HRTF_B,19,4.389,-86.38,-36.87,22,1
P001,HRTF_B,19,4.403,-86.41,-36.90,22,1
P001,HRTF_B,19,4.417,-86.44,-36.91,22,1
P001,HRTF_B,19,4.431,-86.46,-36.89,22,1
P001,HRTF_B,19,4.444,-86.53,-36.91,22,1
P001,HRTF_B,19,4.458,-86.61,-36.90,22,1
P001,HRTF_B,19,4.472,-86.73,-36.86,22,1
P001,HRTF_B,19,4.486,-86.83,-36.84,22,1
P001,HRTF_B,19,4.500,-86.98,-36.87,22,1
P001,HRTF_B,19,4.514,-87.13,-36.89,22,1
P001,HRTF_B,19,4.528,-87.25,-36.89,22,1
P001,HRTF_B,19,4.541,-87.35,-36.90,22,1
P001,HRTF_B,19,4.555,-87.40,-36.93,22,1
P001,HRTF_B,19,4.569,-87.45,-36.91,22,1
P001,HRTF_B,19,4.583,-87.43,-36.92,22,1
P001,HRTF_B,19,4.597,-87.43,-36.94,22,1
P001,HRTF_B,19,4.611,-87.45,-37.00,22,1
P001,HRTF_B,19,4.625,-87.45,-37.08,22,1
P001,HRTF_B,19,4.639,-87.39,-37.20,22,1
P001,HRTF_B,19,4.653,-87.32,-37.32,22,1
P001,HRTF_B,20,0.014,-13.17,1.34,22,1
P001,HRTF_B,20,0.028,-13.06,1.27,22,1
P001,HRTF_B,20,0.042,-12.90,1.15,22,1
P001,HRTF_B,20,0.055,-12.73,1.04,22,1
P001,HRTF_B,20,0.069,-12.52,0.89,22,1
P001,HRTF_B,20,0.084,-12.30,0.76,22,1
P001,HRTF_B,20,0.098,-12.07,0.63,22,1
P001,HRTF_B,20,0.111,-11.78,0.49,22,1
P001,HRTF_B,20,0.125,-11.53,0.37,22,1
P001,HRTF_B,20,0.139,-11.28,0.28,22,1
P001,HRTF_B,20,0.153,-11.05,0.21,22,1
P001,HRTF_B,20,0.167,-10.83,0.15,22,1
P001,HRTF_B,20,0.182,-10.62,0.09,22,1
P001,HRTF_B,20,0.194,-10.42,0.04,22,1
P001,HRTF_B,20,0.209,-10.25,-0.01,22,1
P001,HRTF_B,20,0.223,-10.09,-0.07,22,1
P001,HRTF_B,20,0.237,-9.97,-0.10,22,1
P001,HRTF_B,20,0.250,-9.88,-0.12,22,1
P001,HRTF_B,20,0.264,-9.80,-0.13,22,1
P001,HRTF_B,20,0.278,-9.74,-0.16,22,1
P001,HRTF_B,20,0.293,-9.70,-0.18,22,1
P001,HRTF_B,20,0.306,-9.66,-0.22,22,1
P001,HRTF_B,20,0.319,-9.62,-0.28,22,1
P001,HRTF_B,20,0.333,-9.58,-0.38,22,1
P001,HRTF_B,20,0.348,-9.53,-0.44,22,1
P001,HRTF_B,20,0.361,-9.46,-0.52,22,1
P001,HRTF_B,20,0.375,-9.41,-0.56,22,1
P001,HRTF_B,20,0.389,-9.36,-0.59,22,1
P001,HRTF_B,20,0.403,-9.29,-0.61,22,1
P001,HRTF_B,20,0.416,-9.22,-0.65,22,1
P001,HRTF_B,20,0.430,-9.13,-0.70,22,1
P001,HRTF_B,20,0.444,-9.06,-0.73,22,1
P001,HRTF_B,20,0.458,-8.98,-0.75,22,1
P001,HRTF_B,20,0.473,-8.92,-0.77,22,1
P001,HRTF_B,20,0.486,-8.85,-0.78,22,1
P001,HRTF_B,20,0.500,-8.77,-0.83,22,1
P001,HRTF_B,20,0.514,-8.69,-0.89,22,1
P001,HRTF_B,20,0.528,-8.61,-0.93,22,1
P001,HRTF_B,20,0.541,-8.55,-0.94,22,1
P001,HRTF_B,20,0.555,-8.50,-0.96,22,1
P001,HRTF_B,20,0.569,-8.43,-0.99,22,1
P001,HRTF_B,20,0.583,-8.36,-1.01,22,1
P001,HRTF_B,20,0.597,-8.31,-1.07,22,1
P001,HRTF_B,20,0.611,-8.24,-1.12,22,1
P001,HRTF_B,20,0.625,-8.19,-1.18,22,1
P001,HRTF_B,20,0.639,-8.11,-1.23,22,1
P001,HRTF_B,20,0.652,-8.02,-1.28,22,1
P001,HRTF_B,20,0.667,-7.95,-1.31,22,1
P001,HRTF_B,20,0.681,-7.88,-1.32,22,1
P001,HRTF_B,20,0.694,-7.81,-1.30,22,1
P001,HRTF_B,20,0.708,-7.76,-1.31,22,1
P001,HRTF_B,20,0.722,-7.67,-1.31,22,1
P001,HRTF_B,20,0.736,-7.60,-1.32,22,1
P001,HRTF_B,20,0.750,-7.52,-1.35,22,1
P001,HRTF_B,20,0.764,-7.45,-1.37,22,1
P001,HRTF_B,20,0.778,-7.39,-1.37,22,1
P001,HRTF_B,20,0.792,-7.32,-1.38,22,1
P001,HRTF_B,20,0.805,-7.25,-1.41,22,1
P001,HRTF_B,20,0.819,-7.21,-1.42,22,1
P001,HRTF_B,20,0.833,-7.16,-1.42,22,1
P001,HRTF_B,20,0.847,-7.08,-1.44,22,1
P001,HRTF_B,20,0.861,-6.99,-1.44,22,1
P001,HRTF_B,20,0.875,-6.90,-1.45,22,1
P001,HRTF_B,20,0.889,-6.75,-1.46,22,1
P001,HRTF_B,20,0.903,-6.58,-1.48,22,1
P001,HRTF_B,20,0.917,-6.32,-1.48,22,1
P001,HRTF_B,20,0.931,-6.03,-1.45,22,1
P001,HRTF_B,20,0.945,-5.78,-1.42,22,1
P001,HRTF_B,20,0.959,-5.54,-1.37,22,1
P001,HRTF_B,20,0.972,-5.31,-1.31,22,1
P001,HRTF_B,20,0.986,-5.11,-1.27,22,1
P001,HRTF_B,20,1.000,-4.93,-1.23,22,1
P001,HRTF_B,20,1.014,-4.80,-1.19,22,1
P001,HRTF_B,20,1.028,-4.71,-1.16,22,1
P001,HRTF_B,20,1.041,-4.70,-1.16,22,1
P001,HRTF_B,20,1.055,-4.69,-1.15,22,1
P001,HRTF_B,20,1.070,-4.70,-1.16,22,1
P001,HRTF_B,20,1.083,-4.72,-1.18,22,1
P001,HRTF_B,20,1.097,-4.79,-1.19,22,1
P001,HRTF_B,20,1.111,-4.86,-1.21,22,1
P001,HRTF_B,20,1.125,-4.94,-1.22,22,1
P001,HRTF_B,20,1.139,-5.04,-1.24,22,1
P001,HRTF_B,20,1.153,-5.14,-1.27,22,1
P001,HRTF_B,20,1.166,-5.22,-1.29,22,1
P001,HRTF_B,20,1.180,-5.27,-1.31,22,1
P001,HRTF_B,20,1.194,-5.32,-1.34,22,1
P001,HRTF_B,20,1.208,-5.34,-1.34,22,1
P001,HRTF_B,20,1.222,-5.38,-1.32,22,1
P001,HRTF_B,20,1.236,-5.40,-1.28,22,1
P001,HRTF_B,20,1.250,-5.42,-1.23,22,1
P001,HRTF_B,20,1.264,-5.44,-1.21,22,1
P001,HRTF_B,20,1.278,-5.42,-1.19,22,1
P001,HRTF_B,20,1.292,-5.41,-1.18,22,1
P001,HRTF_B,20,1.306,-5.40,-1.17,22,1
P001,HRTF_B,20,1.319,-5.40,-1.17,22,1
P001,HRTF_B,20,1.333,-5.38,-1.17,22,1
P001,HRTF_B,20,1.347,-5.37,-1.17,22,1
P001,HRTF_B,20,1.361,-5.36,-1.16,22,1
P001,HRTF_B,20,1.375,-5.37,-1.15,22,1
P001,HRTF_B,20,1.389,-5.39,-1.15,22,1
P001,HRTF_B,20,1.403,-5.42,-1.15,22,1
P001,HRTF_B,20,1.416,-5.47,-1.17,22,1
P001,HRTF_B,20,1.430,-5.55,-1.21,22,1
P001,HRTF_B,20,1.444,-5.72,-1.35,22,1
P001,HRTF_B,20,1.458,-6.01,-1.54,22,1
P001,HRTF_B,20,1.472,-6.32,-1.74,22,1
P001,HRTF_B,20,1.487,-6.81,-2.04,22,1
P001,HRTF_B,20,1.500,-7.34,-2.38,22,1
P001,HRTF_B,20,1.514,-7.94,-2.79,22,1
P001,HRTF_B,20,1.528,-8.68,-3.26,22,1
P001,HRTF_B,20,1.542,-9.41,-3.83,22,1
P001,HRTF_B,20,1.556,-10.51,-4.64,22,1
P001,HRTF_B,20,1.570,-11.58,-5.34,22,1
P001,HRTF_B,20,1.584,-12.78,-6.14,22,1
P001,HRTF_B,20,1.598,-14.11,-7.09,22,1
P001,HRTF_B,20,1.611,-15.46,-8.12,22,1
P001,HRTF_B,20,1.625,-16.89,-9.20,22,1
P001,HRTF_B,20,1.639,-18.41,-10.40,22,1
P001,HRTF_B,20,1.653,-19.93,-11.56,22,1
P001,HRTF_B,20,1.666,-21.55,-12.84,22,1
P001,HRTF_B,20,1.680,-23.20,-14.09,22,1
P001,HRTF_B,20,1.694,-24.89,-15.30,22,1
P001,HRTF_B,20,1.708,-26.69,-16.46,22,1
P001,HRTF_B,20,1.722,-28.55,-17.46,22,1
P001,HRTF_B,20,1.736,-30.46,-18.39,22,1
P001,HRTF_B,20,1.750,-32.34,-19.26,22,1
P001,HRTF_B,20,1.764,-34.20,-20.08,22,1
P001,HRTF_B,20,1.778,-36.08,-20.85,22,1
P001,HRTF_B,20,1.792,-37.95,-21.60,22,1
P001,HRTF_B,20,1.806,-39.71,-22.26,22,1
P001,HRTF_B,20,1.819,-41.48,-22.98,22,1
P001,HRTF_B,20,1.833,-43.07,-23.69,22,1
P001,HRTF_B,20,1.847,-44.71,-24.42,22,1
P001,HRTF_B,20,1.861,-46.28,-25.08,22,1
P001,HRTF_B,20,1.875,-47.79,-25.78,22,1
P001,HRTF_B,20,1.889,-49.28,-26.43,22,1
P001,HRTF_B,20,1.903,-50.65,-27.03,22,1
P001,HRTF_B,20,1.917,-52.00,-27.51,22,1
P001,HRTF_B,20,1.930,-53.32,-27.94,22,1
P001,HRTF_B,20,1.945,-54.60,-28.36,22,1
P001,HRTF_B,20,1.959,-55.80,-28.82,22,1
P001,HRTF_B,20,1.972,-56.88,-29.28,22,1
P001,HRTF_B,20,1.986,-58.04,-29.72,22,1
P001,HRTF_B,20,2.000,-59.25,-30.14,22,1
P001,HRTF_B,20,2.014,-60.45,-30.59,22,1
P001,HRTF_B,20,2.028,-61.67,-31.04,22,1
P001,HRTF_B,20,2.042,-62.88,-31.51,22,1
P001,HRTF_B,20,2.056,-64.11,-31.98,22,1
P001,HRTF_B,20,2.070,-65.35,-32.48,22,1
P001,HRTF_B,20,2.083,-66.54,-32.97,22,1
P001,HRTF_B,20,2.097,-67.75,-33.38,22,1
P001,HRTF_B,20,2.111,-68.98,-33.69,22,1
P001,HRTF_B,20,2.125,-70.18,-33.92,22,1
P001,HRTF_B,20,2.139,-71.35,-34.05,22,1
P001,HRTF_B,20,2.153,-72.45,-34.20,22,1
P001,HRTF_B,20,2.167,-73.55,-34.39,22,1
P001,HRTF_B,20,2.180,-74.62,-34.56,22,1
P001,HRTF_B,20,2.195,-75.75,-34.78,22,1
P001,HRTF_B,20,2.208,-76.82,-34.98,22,1
P001,HRTF_B,20,2.222,-77.92,-35.26,22,1
P001,HRTF_B,20,2.236,-78.97,-35.68,22,1
P001,HRTF_B,20,2.250,-80.11,-36.12,22,1
P001,HRTF_B,20,2.264,-81.27,-36.57,22,1
P001,HRTF_B,20,2.278,-82.40,-37.14,22,1
P001,HRTF_B,20,2.292,-83.47,-37.82,22,1
P001,HRTF_B,20,2.305,-84.44,-38.53,22,1
P001,HRTF_B,20,2.319,-85.40,-39.14,22,1
P001,HRTF_B,20,2.333,-86.19,-39.66,22,1
P001,HRTF_B,20,2.347,-86.90,-40.13,22,1
P001,HRTF_B,20,2.361,-87.54,-40.62,22,1
P001,HRTF_B,20,2.375,-88.18,-41.10,22,1
P001,HRTF_B,20,2.389,-88.81,-41.59,22,1
P001,HRTF_B,20,2.403,-89.41,-42.03,22,1
P001,HRTF_B,20,2.417,-89.99,-42.48,22,1
P001,HRTF_B,20,2.431,-90.54,-42.90,22,1
P001,HRTF_B,20,2.444,-91.17,-43.33,22,1
P001,HRTF_B,20,2.458,-91.81,-43.67,22,1
P001,HRTF_B,20,2.472,-92.36,-43.97,22,1
P001,HRTF_B,20,2.486,-92.91,-44.13,22,1
P001,HRTF_B,20,2.500,-93.41,-44.23,22,1
P001,HRTF_B,20,2.514,-93.89,-44.34,22,1
P001,HRTF_B,20,2.528,-94.41,-44.44,22,1
P001,HRTF_B,20,2.541,-94.88,-44.49,22,1
P001,HRTF_B,20,2.555,-95.39,-44.51,22,1
P001,HRTF_B,20,2.569,-95.87,-44.44,22,1
P001,HRTF_B,20,2.583,-96.31,-44.37,22,1
P001,HRTF_B,20,2.597,-96.82,-44.28,22,1
P001,HRTF_B,20,2.612,-97.32,-44.25,22,1
P001,HRTF_B,20,2.625,-97.76,-44.20,22,1
P001,HRTF_B,20,2.639,-98.14,-44.17,22,1
P001,HRTF_B,20,2.653,-98.48,-44.22,22,1
P001,HRTF_B,20,2.667,-98.78,-44.27,22,1
P001,HRTF_B,20,2.680,-99.01,-44.30,22,1
P001,HRTF_B,20,2.694,-99.12,-44.32,22,1
P001,HRTF_B,20,2.708,-99.18,-44.33,22,1
P001,HRTF_B,20,2.722,-99.13,-44.32,22,1
P001,HRTF_B,20,2.736,-99.08,-44.32,22,1
P001,HRTF_B,20,2.750,-99.05,-44.40,22,1
P001,HRTF_B,20,2.764,-99.01,-44.52,22,1
P001,HRTF_B,20,2.777,-98.96,-44.66,22,1
P001,HRTF_B,20,2.791,-98.90,-44.71,22,1
P001,HRTF_B,20,2.805,-98.81,-44.74,22,1
P001,HRTF_B,20,2.820,-98.71,-44.80,22,1
P001,HRTF_B,20,2.833,-98.60,-44.90,22,1
P001,HRTF_B,20,2.847,-98.53,-45.02,22,1
P001,HRTF_B,20,2.861,-98.41,-45.10,22,1
P001,HRTF_B,20,2.875,-98.29,-45.15,22,1
P001,HRTF_B,20,2.889,-98.13,-45.16,22,1
P001,HRTF_B,20,2.903,-97.93,-45.08,22,1
P001,HRTF_B,20,2.917,-97.76,-45.06,22,1
P001,HRTF_B,20,2.931,-97.53,-45.04,22,1
P001,HRTF_B,20,2.944,-97.32,-45.04,22,1
P001,HRTF_B,20,2.958,-97.12,-45.00,22,1
P001,HRTF_B,20,2.972,-96.95,-44.88,22,1
P001,HRTF_B,20,2.986,-96.79,-44.77,22,1
P001,HRTF_B,20,3.000,-96.65,-44.66,22,1
P001,HRTF_B,20,3.014,-96.59,-44.59,22,1
P001,HRTF_B,20,3.028,-96.50,-44.54,22,1
P001,HRTF_B,20,3.042,-96.40,-44.44,22,1
P001,HRTF_B,20,3.055,-96.28,-44.33,22,1
P001,HRTF_B,20,3.070,-96.09,-44.19,22,1
P001,HRTF_B,20,3.083,-95.89,-44.04,22,1
P001,HRTF_B,20,3.097,-95.69,-43.90,22,1
P001,HRTF_B,21,0.014,-16.92,-2.94,14,1
P001,HRTF_B,21,0.030,-16.91,-2.84,14,1
P001,HRTF_B,21,0.042,-16.85,-2.77,14,1
P001,HRTF_B,21,0.056,-16.78,-2.70,14,1
P001,HRTF_B,21,0.072,-16.72,-2.65,14,1
P001,HRTF_B,21,0.083,-16.66,-2.61,14,1
P001,HRTF_B,21,0.097,-16.56,-2.61,14,1
P001,HRTF_B,21,0.111,-16.44,-2.58,14,1
P001,HRTF_B,21,0.125,-16.32,-2.57,14,1
P001,HRTF_B,21,0.139,-16.16,-2.57,14,1
P001,HRTF_B,21,0.153,-16.04,-2.57,14,1
P001,HRTF_B,21,0.167,-15.94,-2.57,14,1
P001,HRTF_B,21,0.181,-15.86,-2.56,14,1
P001,HRTF_B,21,0.195,-15.78,-2.56,14,1
P001,HRTF_B,21,0.209,-15.71,-2.58,14,1
P001,HRTF_B,21,0.222,-15.63,-2.59,14,1
P001,HRTF_B,21,0.236,-15.59,-2.61,14,1
P001,HRTF_B,21,0.250,-15.57,-2.65,14,1
P001,HRTF_B,21,0.264,-15.58,-2.67,14,1
P001,HRTF_B,21,0.278,-15.60,-2.70,14,1
P001,HRTF_B,21,0.292,-15.61,-2.78,14,1
P001,HRTF_B,21,0.306,-15.64,-2.87,14,1
P001,HRTF_B,21,0.319,-15.69,-2.95,14,1
P001,HRTF_B,21,0.333,-15.75,-3.03,14,1
P001,HRTF_B,21,0.347,-15.81,-3.10,14,1
P001,HRTF_B,21,0.361,-15.86,-3.16,14,1
P001,HRTF_B,21,0.375,-15.90,-3.24,14,1
P001,HRTF_B,21,0.389,-15.92,-3.33,14,1
P001,HRTF_B,21,0.403,-15.91,-3.39,14,1
P001,HRTF_B,21,0.417,-15.87,-3.46,14,1
P001,HRTF_B,21,0.430,-15.82,-3.50,14,1
P001,HRTF_B,21,0.445,-15.75,-3.50,14,1
P001,HRTF_B,21,0.458,-15.69,-3.47,14,1
P001,HRTF_B,21,0.472,-15.60,-3.42,14,1
P001,HRTF_B,21,0.486,-15.51,-3.36,14,1
P001,HRTF_B,21,0.500,-15.42,-3.32,14,1
P001,HRTF_B,21,0.514,-15.33,-3.32,14,1
P001,HRTF_B,21,0.528,-15.25,-3.33,14,1
P001,HRTF_B,21,0.542,-15.15,-3.35,14,1
P001,HRTF_B,21,0.556,-15.08,-3.38,14,1
P001,HRTF_B,21,0.569,-15.04,-3.43,14,1
P001,HRTF_B,21,0.583,-15.04,-3.50,14,1
P001,HRTF_B,21,0.597,-15.12,-3.60,14,1
P001,HRTF_B,21,0.611,-15.24,-3.71,14,1
P001,HRTF_B,21,0.626,-15.40,-3.86,14,1
P001,HRTF_B,21,0.639,-15.57,-4.03,14,1
P001,HRTF_B,21,0.653,-15.78,-4.21,14,1
P001,HRTF_B,21,0.667,-16.08,-4.44,14,1
P001,HRTF_B,21,0.680,-16.41,-4.65,14,1
P001,HRTF_B,21,0.694,-16.80,-4.86,14,1
P001,HRTF_B,21,0.708,-17.24,-5.09,14,1
P001,HRTF_B,21,0.722,-17.69,-5.31,14,1
P001,HRTF_B,21,0.736,-18.17,-5.56,14,1
P001,HRTF_B,21,0.750,-18.68,-5.82,14,1
P001,HRTF_B,21,0.764,-19.23,-6.10,14,1
P001,HRTF_B,21,0.778,-19.83,-6.35,14,1
P001,HRTF_B,21,0.792,-20.45,-6.58,14,1
P001,HRTF_B,21,0.805,-21.08,-6.88,14,1
P001,HRTF_B,21,0.819,-21.72,-7.15,14,1
P001,HRTF_B,21,0.833,-22.42,-7.44,14,1
P001,HRTF_B,21,0.847,-23.16,-7.78,14,1
P001,HRTF_B,21,0.861,-23.90,-8.09,14,1
P001,HRTF_B,21,0.875,-24.66,-8.41,14,1
P001,HRTF_B,21,0.889,-25.44,-8.79,14,1
P001,HRTF_B,21,0.903,-26.26,-9.14,14,1
P001,HRTF_B,21,0.917,-27.13,-9.51,14,1
P001,HRTF_B,21,0.931,-28.04,-9.89,14,1
P001,HRTF_B,21,0.945,-29.00,-10.28,14,1
P001,HRTF_B,21,0.959,-30.01,-10.68,14,1
P001,HRTF_B,21,0.972,-30.99,-11.10,14,1
P001,HRTF_B,21,0.986,-32.05,-11.52,14,1
P001,HRTF_B,21,1.000,-33.17,-11.86,14,1
P001,HRTF_B,21,1.014,-34.38,-12.21,14,1
P001,HRTF_B,21,1.028,-35.63,-12.57,14,1
P001,HRTF_B,21,1.042,-36.92,-12.88,14,1
P001,HRTF_B,21,1.055,-38.24,-13.18,14,1
P001,HRTF_B,21,1.069,-39.70,-13.38,14,1
P001,HRTF_B,21,1.083,-41.27,-13.53,14,1
P001,HRTF_B,21,1.098,-43.00,-13.62,14,1
P001,HRTF_B,21,1.112,-44.78,-13.64,14,1
P001,HRTF_B,21,1.125,-46.57,-13.71,14,1
P001,HRTF_B,21,1.139,-48.39,-13.86,14,1
P001,HRTF_B,21,1.153,-50.21,-14.01,14,1
P001,HRTF_B,21,1.167,-52.05,-14.23,14,1
P001,HRTF_B,21,1.181,-53.84,-14.46,14,1
P001,HRTF_B,21,1.194,-55.59,-14.68,14,1
P001,HRTF_B,21,1.208,-57.25,-14.91,14,1
P001,HRTF_B,21,1.222,-58.76,-15.14,14,1
P001,HRTF_B,21,1.236,-60.21,-15.34,14,1
P001,HRTF_B,21,1.250,-61.36,-15.49,14,1
P001,HRTF_B,21,1.264,-62.34,-15.66,14,1
P001,HRTF_B,21,1.278,-62.88,-15.82,14,1
P001,HRTF_B,21,1.292,-63.19,-15.95,14,1
P001,HRTF_B,21,1.305,-63.27,-16.12,14,1
P001,HRTF_B,21,1.319,-63.10,-16.29,14,1
P001,HRTF_B,21,1.333,-62.88,-16.45,14,1
P001,HRTF_B,21,1.347,-62.28,-16.65,14,1
P001,HRTF_B,21,1.361,-61.23,-16.88,14,1
P001,HRTF_B,21,1.375,-60.30,-17.17,14,1
P001,HRTF_B,21,1.389,-59.21,-17.49,14,1
P001,HRTF_B,21,1.403,-57.90,-17.86,14,1
P001,HRTF_B,21,1.417,-56.49,-18.23,14,1
P001,HRTF_B,21,1.431,-55.13,-18.66,14,1
P001,HRTF_B,21,1.445,-53.49,-19.12,14,1
P001,HRTF_B,21,1.458,-51.91,-19.56,14,1
P001,HRTF_B,21,1.472,-50.28,-19.97,14,1
P001,HRTF_B,21,1.486,-48.51,-20.40,14,1
P001,HRTF_B,21,1.500,-46.65,-20.83,14,1
P001,HRTF_B,21,1.514,-44.67,-21.24,14,1
P001,HRTF_B,21,1.528,-42.65,-21.68,14,1
P001,HRTF_B,21,1.542,-40.61,-22.07,14,1
P001,HRTF_B,21,1.555,-38.28,-22.44,14,1
P001,HRTF_B,21,1.569,-36.02,-22.84,14,1
P001,HRTF_B,21,1.583,-33.71,-23.20,14,1
P001,HRTF_B,21,1.597,-31.30,-23.54,14,1
P001,HRTF_B,21,1.611,-28.95,-23.84,14,1
P001,HRTF_B,21,1.625,-26.61,-24.10,14,1
P001,HRTF_B,21,1.639,-24.31,-24.31,14,1
P001,HRTF_B,21,1.653,-22.03,-24.55,14,1
P001,HRTF_B,21,1.667,-19.83,-24.74,14,1
P001,HRTF_B,21,1.681,-17.79,-24.87,14,1
P001,HRTF_B,21,1.694,-15.86,-24.97,14,1
P001,HRTF_B,21,1.708,-13.95,-25.05,14,1
P001,HRTF_B,21,1.722,-12.11,-25.08,14,1
P001,HRTF_B,21,1.736,-10.29,-25.14,14,1
P001,HRTF_B,21,1.750,-8.58,-25.17,14,1
P001,HRTF_B,21,1.764,-6.83,-25.19,14,1
P001,HRTF_B,21,1.778,-5.10,-25.19,14,1
P001,HRTF_B,21,1.791,-3.49,-25.18,14,1
P001,HRTF_B,21,1.805,-1.84,-25.17,14,1
P001,HRTF_B,21,1.820,-0.18,-25.18,14,1
P001,HRTF_B,21,1.833,1.47,-25.17,14,1
P001,HRTF_B,21,1.847,3.10,-25.11,14,1
P001,HRTF_B,21,1.861,4.69,-25.04,14,1
P001,HRTF_B,21,1.875,6.26,-24.97,14,1
P001,HRTF_B,21,1.889,7.83,-24.90,14,1
P001,HRTF_B,21,1.903,9.38,-24.83,14,1
P001,HRTF_B,21,1.917,10.87,-24.76,14,1
P001,HRTF_B,21,1.931,12.38,-24.73,14,1
P001,HRTF_B,21,1.945,13.88,-24.68,14,1
P001,HRTF_B,21,1.959,15.41,-24.63,14,1
P001,HRTF_B,21,1.972,16.92,-24.59,14,1
P001,HRTF_B,21,1.986,18.43,-24.56,14,1
P001,HRTF_B,21,2.000,19.95,-24.48,14,1
P001,HRTF_B,21,2.014,21.48,-24.46,14,1
P001,HRTF_B,21,2.028,22.96,-24.42,14,1
P001,HRTF_B,21,2.042,24.54,-24.38,14,1
P001,HRTF_B,21,2.056,26.10,-24.31,14,1
P001,HRTF_B,21,2.069,27.69,-24.29,14,1
P001,HRTF_B,21,2.083,29.26,-24.30,14,1
P001,HRTF_B,21,2.097,31.04,-24.36,14,1
P001,HRTF_B,21,2.111,32.86,-24.48,14,1
P001,HRTF_B,21,2.125,34.71,-24.68,14,1
P001,HRTF_B,21,2.139,36.50,-24.93,14,1
P001,HRTF_B,21,2.153,38.24,-25.14,14,1
P001,HRTF_B,21,2.167,39.94,-25.30,14,1
P001,HRTF_B,21,2.181,41.63,-25.47,14,1
P001,HRTF_B,21,2.194,43.25,-25.60,14,1
P001,HRTF_B,21,2.208,44.83,-25.82,14,1
P001,HRTF_B,21,2.222,46.39,-26.05,14,1
P001,HRTF_B,21,2.236,47.87,-26.23,14,1
P001,HRTF_B,21,2.250,49.31,-26.39,14,1
P001,HRTF_B,21,2.264,50.71,-26.56,14,1
P001,HRTF_B,21,2.278,51.98,-26.78,14,1
P001,HRTF_B,21,2.292,53.20,-27.07,14,1
P001,HRTF_B,21,2.306,54.43,-27.38,14,1
P001,HRTF_B,21,2.319,55.66,-27.67,14,1
P001,HRTF_B,21,2.333,56.84,-27.95,14,1
P001,HRTF_B,21,2.347,57.94,-28.29,14,1
P001,HRTF_B,21,2.361,59.04,-28.61,14,1
P001,HRTF_B,21,2.375,60.03,-28.94,14,1
P001,HRTF_B,21,2.389,61.03,-29.33,14,1
P001,HRTF_B,21,2.403,62.00,-29.70,14,1
P001,HRTF_B,21,2.417,62.94,-30.09,14,1
P001,HRTF_B,21,2.431,63.83,-30.43,14,1
P001,HRTF_B,21,2.445,64.67,-30.76,14,1
P001,HRTF_B,21,2.458,65.47,-31.03,14,1
P001,HRTF_B,21,2.472,66.32,-31.28,14,1
P001,HRTF_B,21,2.486,67.06,-31.63,14,1
P001,HRTF_B,21,2.500,67.88,-32.01,14,1
P001,HRTF_B,21,2.514,68.65,-32.42,14,1
P001,HRTF_B,21,2.528,69.44,-32.82,14,1
P001,HRTF_B,21,2.542,70.22,-33.12,14,1
P001,HRTF_B,21,2.555,70.96,-33.47,14,1
P001,HRTF_B,21,2.570,71.75,-33.79,14,1
P001,HRTF_B,21,2.584,72.47,-34.20,14,1
P001,HRTF_B,21,2.597,73.23,-34.58,14,1
P001,HRTF_B,21,2.611,73.96,-34.88,14,1
P001,HRTF_B,21,2.625,74.71,-35.11,14,1
P001,HRTF_B,21,2.639,75.45,-35.34,14,1
P001,HRTF_B,21,2.653,76.22,-35.52,14,1
P001,HRTF_B,21,2.667,77.07,-35.67,14,1
P001,HRTF_B,21,2.681,77.92,-35.89,14,1
P001,HRTF_B,21,2.695,78.83,-36.09,14,1
P001,HRTF_B,21,2.708,79.74,-36.25,14,1
P001,HRTF_B,21,2.722,80.66,-36.39,14,1
P001,HRTF_B,21,2.736,81.57,-36.53,14,1
P001,HRTF_B,21,2.750,82.52,-36.62,14,1
P001,HRTF_B,21,2.764,83.41,-36.74,14,1
P001,HRTF_B,21,2.778,84.25,-36.86,14,1
P001,HRTF_B,21,2.792,85.14,-36.93,14,1
P001,HRTF_B,21,2.806,86.00,-37.01,14,1
P001,HRTF_B,21,2.819,86.85,-37.07,14,1
P001,HRTF_B,21,2.834,87.76,-37.13,14,1
P001,HRTF_B,21,2.847,88.64,-37.22,14,1
P001,HRTF_B,21,2.861,89.53,-37.29,14,1
P001,HRTF_B,21,2.875,90.42,-37.37,14,1
P001,HRTF_B,21,2.889,91.37,-37.42,14,1
P001,HRTF_B,21,2.903,92.30,-37.43,14,1
P001,HRTF_B,21,2.917,93.31,-37.39,14,1
P001,HRTF_B,21,2.930,94.27,-37.33,14,1
P001,HRTF_B,21,2.944,95.25,-37.26,14,1
P001,HRTF_B,21,2.959,96.24,-37.14,14,1
P001,HRTF_B,21,2.972,97.22,-36.96,14,1
P001,HRTF_B,21,2.986,98.21,-36.64,14,1
P001,HRTF_B,21,3.000,99.18,-36.34,14,1
P001,HRTF_B,21,3.014,100.19,-36.05,14,1
P001,HRTF_B,21,3.028,101.22,-35.73,14,1
P001,HRTF_B,21,3.042,102.26,-35.38,14,1
P001,HRTF_B,21,3.056,103.34,-34.99,14,1
P001,HRTF_B,21,3.069,104.38,-34.60,14,1
P001,HRTF_B,21,3.083,105.44,-34.23,14,1
P001,HRTF_B,21,3.097,106.50,-33.88,14,1
P001,HRTF_B,21,3.111,107.60,-33.55,14,1
P001,HRTF_B,21,3.125,108.70,-33.23,14,1
P001,HRTF_B,21,3.139,109.80,-32.95,14,1
P001,HRTF_B,21,3.153,110.94,-32.67,14,1
P001,HRTF_B,21,3.167,112.10,-32.37,14,1
P001,HRTF_B,21,3.180,113.22,-32.14,14,1
P001,HRTF_B,21,3.195,114.35,-31.87,14,1
P001,HRTF_B,21,3.208,115.42,-31.59,14,1
P001,HRTF_B,21,3.222,116.52,-31.38,14,1
P001,HRTF_B,21,3.236,117.57,-31.13,14,1
P001,HRTF_B,21,3.250,118.59,-30.90,14,1
P001,HRTF_B,21,3.264,119.62,-30.64,14,1
P001,HRTF_B,21,3.278,120.62,-30.37,14,1
P001,HRTF_B,21,3.292,121.57,-30.21,14,1
P001,HRTF_B,21,3.305,122.49,-30.01,14,1
P001,HRTF_B,21,3.319,123.35,-29.85,14,1
P001,HRTF_B,21,3.333,124.19,-29.67,14,1
P001,HRTF_B,21,3.347,125.00,-29.49,14,1
P001,HRTF_B,21,3.361,125.73,-29.33,14,1
P001,HRTF_B,21,3.375,126.39,-29.18,14,1
P001,HRTF_B,21,3.389,127.06,-29.13,14,1
P001,HRTF_B,21,3.403,127.64,-29.00,14,1
P001,HRTF_B,21,3.417,128.23,-28.89,14,1
P001,HRTF_B,21,3.431,128.71,-28.77,14,1
P001,HRTF_B,21,3.445,129.24,-28.69,14,1
P001,HRTF_B,21,3.458,129.58,-28.66,14,1
P001,HRTF_B,21,3.472,129.93,-28.61,14,1
P001,HRTF_B,21,3.486,130.33,-28.56,14,1
P001,HRTF_B,21,3.500,130.60,-28.56,14,1
P001,HRTF_B,21,3.514,130.89,-28.57,14,1
P001,HRTF_B,21,3.528,131.09,-28.56,14,1
P001,HRTF_B,21,3.542,131.29,-28.55,14,1
P001,HRTF_B,21,3.556,131.46,-28.57,14,1
P001,HRTF_B,21,3.569,131.58,-28.56,14,1
P001,HRTF_B,21,3.583,131.70,-28.60,14,1
P001,HRTF_B,21,3.597,131.78,-28.62,14,1
P001,HRTF_B,21,3.611,131.85,-28.65,14,1
P001,HRTF_B,21,3.625,131.90,-28.70,14,1
P001,HRTF_B,21,3.639,131.93,-28.74,14,1
P001,HRTF_B,21,3.653,131.93,-28.83,14,1
P001,HRTF_B,22,0.014,-13.10,-1.59,21,1
P001,HRTF_B,22,0.030,-13.35,-1.43,21,1
P001,HRTF_B,22,0.042,-13.62,-1.34,21,1
P001,HRTF_B,22,0.056,-13.86,-1.24,21,1
P001,HRTF_B,22,0.070,-14.12,-1.22,21,1
P001,HRTF_B,22,0.086,-14.40,-1.17,21,1
P001,HRTF_B,22,0.098,-14.69,-1.13,21,1
P001,HRTF_B,22,0.111,-15.01,-1.07,21,1
P001,HRTF_B,22,0.125,-15.33,-1.04,21,1
P001,HRTF_B,22,0.139,-15.66,-1.00,21,1
P001,HRTF_B,22,0.153,-15.99,-0.96,21,1
P001,HRTF_B,22,0.167,-16.39,-0.93,21,1
P001,HRTF_B,22,0.181,-16.77,-0.89,21,1
P001,HRTF_B,22,0.195,-17.16,-0.91,21,1
P001,HRTF_B,22,0.209,-17.58,-0.91,21,1
P001,HRTF_B,22,0.223,-17.98,-0.89,21,1
P001,HRTF_B,22,0.237,-18.41,-0.86,21,1
P001,HRTF_B,22,0.250,-18.83,-0.85,21,1
P001,HRTF_B,22,0.264,-19.30,-0.80,21,1
P001,HRTF_B,22,0.278,-19.76,-0.78,21,1
P001,HRTF_B,22,0.292,-20.27,-0.76,21,1
P001,HRTF_B,22,0.306,-20.79,-0.77,21,1
P001,HRTF_B,22,0.320,-21.38,-0.78,21,1
P001,HRTF_B,22,0.334,-21.93,-0.77,21,1
P001,HRTF_B,22,0.348,-22.53,-0.77,21,1
P001,HRTF_B,22,0.361,-23.18,-0.79,21,1
P001,HRTF_B,22,0.376,-23.83,-0.81,21,1
P001,HRTF_B,22,0.390,-24.56,-0.86,21,1
P001,HRTF_B,22,0.403,-25.31,-0.90,21,1
P001,HRTF_B,22,0.417,-26.09,-0.93,21,1
P001,HRTF_B,22,0.431,-26.88,-0.97,21,1
P001,HRTF_B,22,0.445,-27.66,-1.02,21,1
P001,HRTF_B,22,0.459,-28.49,-1.05,21,1
P001,HRTF_B,22,0.473,-29.34,-1.12,21,1
P001,HRTF_B,22,0.487,-30.21,-1.20,21,1
P001,HRTF_B,22,0.501,-31.09,-1.23,21,1
P001,HRTF_B,22,0.514,-31.99,-1.31,21,1
P001,HRTF_B,22,0.528,-32.98,-1.43,21,1
P001,HRTF_B,22,0.542,-34.00,-1.56,21,1
P001,HRTF_B,22,0.556,-35.06,-1.84,21,1
P001,HRTF_B,22,0.570,-36.16,-2.15,21,1
P001,HRTF_B,22,0.584,-37.30,-2.46,21,1
P001,HRTF_B,22,0.598,-38.45,-2.75,21,1
P001,HRTF_B,22,0.612,-39.63,-3.03,21,1
P001,HRTF_B,22,0.625,-40.78,-3.32,21,1
P001,HRTF_B,22,0.639,-41.96,-3.65,21,1
P001,HRTF_B,22,0.653,-43.10,-3.96,21,1
P001,HRTF_B,22,0.667,-44.24,-4.30,21,1
P001,HRTF_B,22,0.681,-45.38,-4.57,21,1
P001,HRTF_B,22,0.695,-46.51,-4.88,21,1
P001,HRTF_B,22,0.708,-47.60,-5.21,21,1
P001,HRTF_B,22,0.722,-48.65,-5.56,21,1
P001,HRTF_B,22,0.736,-49.67,-5.96,21,1
P001,HRTF_B,22,0.750,-50.65,-6.35,21,1
P001,HRTF_B,22,0.764,-51.59,-6.75,21,1
P001,HRTF_B,22,0.778,-52.43,-7.17,21,1
P001,HRTF_B,22,0.792,-53.31,-7.58,21,1
P001,HRTF_B,22,0.806,-54.11,-8.02,21,1
P001,HRTF_B,22,0.820,-54.99,-8.43,21,1
P001,HRTF_B,22,0.834,-55.80,-8.89,21,1
P001,HRTF_B,22,0.848,-56.61,-9.38,21,1
P001,HRTF_B,22,0.861,-57.39,-9.84,21,1
P001,HRTF_B,22,0.875,-58.19,-10.33,21,1
P001,HRTF_B,22,0.889,-58.94,-10.78,21,1
P001,HRTF_B,22,0.903,-59.71,-11.21,21,1
P001,HRTF_B,22,0.917,-60.47,-11.67,21,1
P001,HRTF_B,22,0.931,-61.23,-12.10,21,1
P001,HRTF_B,22,0.945,-61.88,-12.55,21,1
P001,HRTF_B,22,0.959,-62.55,-13.01,21,1
P001,HRTF_B,22,0.972,-63.16,-13.43,21,1
P001,HRTF_B,22,0.986,-63.80,-13.84,21,1
P001,HRTF_B,22,1.000,-64.39,-14.27,21,1
P001,HRTF_B,22,1.014,-65.00,-14.68,21,1
P001,HRTF_B,22,1.028,-65.51,-15.12,21,1
P001,HRTF_B,22,1.042,-65.99,-15.57,21,1
P001,HRTF_B,22,1.056,-66.43,-16.04,21,1
P001,HRTF_B,22,1.070,-66.80,-16.54,21,1
P001,HRTF_B,22,1.083,-67.10,-17.05,21,1
P001,HRTF_B,22,1.098,-67.33,-17.56,21,1
P001,HRTF_B,22,1.111,-67.39,-18.07,21,1
P001,HRTF_B,22,1.125,-67.43,-18.54,21,1
P001,HRTF_B,22,1.139,-67.17,-18.93,21,1
P001,HRTF_B,22,1.153,-67.05,-19.31,21,1
P001,HRTF_B,22,1.167,-66.74,-19.65,21,1
P001,HRTF_B,22,1.181,-66.40,-19.97,21,1
P001,HRTF_B,22,1.195,-66.06,-20.33,21,1
P001,HRTF_B,22,1.208,-65.69,-20.64,21,1
P001,HRTF_B,22,1.223,-65.35,-21.02,21,1
P001,HRTF_B,22,1.237,-65.01,-21.48,21,1
P001,HRTF_B,22,1.251,-64.64,-21.98,21,1
P001,HRTF_B,22,1.264,-64.28,-22.67,21,1
P001,HRTF_B,22,1.278,-63.92,-23.42,21,1
P001,HRTF_B,22,1.292,-63.54,-24.23,21,1
P001,HRTF_B,22,1.306,-63.06,-25.12,21,1
P001,HRTF_B,22,1.320,-62.62,-25.96,21,1
P001,HRTF_B,22,1.333,-62.06,-26.95,21,1
P001,HRTF_B,22,1.347,-61.51,-27.92,21,1
P001,HRTF_B,22,1.361,-60.84,-28.88,21,1
P001,HRTF_B,22,1.375,-60.15,-29.79,21,1
P001,HRTF_B,22,1.389,-59.34,-30.79,21,1
P001,HRTF_B,22,1.403,-58.58,-31.74,21,1
P001,HRTF_B,22,1.417,-57.73,-32.71,21,1
P001,HRTF_B,22,1.431,-56.91,-33.63,21,1
P001,HRTF_B,22,1.445,-56.09,-34.55,21,1
P001,HRTF_B,22,1.458,-55.17,-35.45,21,1
P001,HRTF_B,22,1.472,-54.28,-36.42,21,1
P001,HRTF_B,22,1.486,-53.33,-37.36,21,1
P001,HRTF_B,22,1.500,-52.37,-38.23,21,1
P001,HRTF_B,22,1.514,-51.40,-39.04,21,1
P001,HRTF_B,22,1.528,-50.44,-39.67,21,1
P001,HRTF_B,22,1.542,-49.46,-40.22,21,1
P001,HRTF_B,22,1.556,-48.42,-40.53,21,1
P001,HRTF_B,22,1.570,-47.39,-40.83,21,1
P001,HRTF_B,22,1.584,-46.41,-40.93,21,1
P001,HRTF_B,22,1.598,-45.51,-41.01,21,1
P001,HRTF_B,22,1.612,-44.65,-41.07,21,1
P001,HRTF_B,22,1.625,-43.84,-40.98,21,1
P001,HRTF_B,22,1.639,-42.99,-41.00,21,1
P001,HRTF_B,22,1.653,-42.27,-41.06,21,1
P001,HRTF_B,22,1.667,-41.58,-41.12,21,1
P001,HRTF_B,22,1.681,-41.04,-41.16,21,1
P001,HRTF_B,22,1.695,-40.48,-41.21,21,1
P001,HRTF_B,22,1.709,-40.05,-41.26,21,1
P001,HRTF_B,22,1.723,-39.76,-41.26,21,1
P001,HRTF_B,22,1.736,-39.54,-41.24,21,1
P001,HRTF_B,22,1.750,-39.36,-41.23,21,1
P001,HRTF_B,22,1.764,-39.24,-41.18,21,1
P001,HRTF_B,22,1.779,-39.11,-41.16,21,1
P001,HRTF_B,22,1.792,-39.00,-41.11,21,1
P001,HRTF_B,22,1.806,-38.91,-41.09,21,1
P001,HRTF_B,22,1.820,-38.91,-41.00,21,1
P001,HRTF_B,22,1.834,-38.89,-40.87,21,1
P001,HRTF_B,22,1.848,-38.81,-40.80,21,1
P001,HRTF_B,22,1.861,-38.71,-40.75,21,1
P001,HRTF_B,22,1.876,-38.61,-40.67,21,1
P001,HRTF_B,22,1.889,-38.50,-40.52,21,1
P001,HRTF_B,22,1.903,-38.39,-40.28,21,1
P001,HRTF_B,22,1.917,-38.29,-39.98,21,1
P001,HRTF_B,22,1.931,-38.27,-39.66,21,1
P001,HRTF_B,22,1.945,-38.40,-39.23,21,1
P001,HRTF_B,22,1.959,-38.58,-38.69,21,1
P001,HRTF_B,22,1.973,-38.80,-38.16,21,1
P001,HRTF_B,22,1.987,-39.28,-37.35,21,1
P001,HRTF_B,22,2.000,-40.14,-36.24,21,1
P001,HRTF_B,22,2.014,-41.08,-35.08,21,1
P001,HRTF_B,22,2.028,-42.35,-33.77,21,1
P001,HRTF_B,22,2.042,-43.60,-32.51,21,1
P001,HRTF_B,22,2.056,-45.07,-31.19,21,1
P001,HRTF_B,22,2.070,-46.57,-29.93,21,1
P001,HRTF_B,22,2.083,-48.28,-28.63,21,1
P001,HRTF_B,22,2.097,-49.96,-27.41,21,1
P001,HRTF_B,22,2.111,-51.76,-26.23,21,1
P001,HRTF_B,22,2.125,-53.54,-25.10,21,1
P001,HRTF_B,22,2.139,-55.41,-24.03,21,1
P001,HRTF_B,22,2.153,-57.20,-22.92,21,1
P001,HRTF_B,22,2.167,-59.02,-21.92,21,1
P001,HRTF_B,22,2.181,-60.82,-20.91,21,1
P001,HRTF_B,22,2.195,-62.58,-19.90,21,1
P001,HRTF_B,22,2.209,-64.32,-19.01,21,1
P001,HRTF_B,22,2.222,-65.98,-18.19,21,1
P001,HRTF_B,22,2.236,-67.63,-17.36,21,1
P001,HRTF_B,22,2.250,-69.24,-16.67,21,1
P001,HRTF_B,22,2.264,-70.80,-16.06,21,1
P001,HRTF_B,22,2.278,-72.29,-15.48,21,1
P001,HRTF_B,22,2.292,-73.67,-14.89,21,1
P001,HRTF_B,22,2.306,-74.98,-14.20,21,1
P001,HRTF_B,22,2.320,-76.23,-13.45,21,1
P001,HRTF_B,22,2.334,-77.36,-12.81,21,1
P001,HRTF_B,22,2.348,-78.49,-12.24,21,1
P001,HRTF_B,22,2.362,-79.47,-11.78,21,1
P001,HRTF_B,22,2.375,-80.46,-11.32,21,1
P001,HRTF_B,22,2.389,-81.41,-10.95,21,1
P001,HRTF_B,22,2.403,-82.25,-10.74,21,1
P001,HRTF_B,22,2.417,-83.13,-10.56,21,1
P001,HRTF_B,22,2.431,-83.93,-10.48,21,1
P001,HRTF_B,22,2.445,-84.76,-10.39,21,1
P001,HRTF_B,22,2.459,-85.52,-10.42,21,1
P001,HRTF_B,22,2.473,-86.31,-10.43,21,1
P001,HRTF_B,22,2.486,-87.12,-10.43,21,1
P001,HRTF_B,22,2.500,-87.96,-10.54,21,1
P001,HRTF_B,22,2.514,-88.78,-10.70,21,1
P001,HRTF_B,22,2.528,-89.63,-10.97,21,1
P001,HRTF_B,22,2.542,-90.50,-11.38,21,1
P001,HRTF_B,22,2.556,-91.38,-11.80,21,1
P001,HRTF_B,22,2.570,-92.25,-12.25,21,1
P001,HRTF_B,22,2.584,-93.07,-12.70,21,1
P001,HRTF_B,22,2.598,-93.88,-13.13,21,1
P001,HRTF_B,22,2.611,-94.62,-13.60,21,1
P001,HRTF_B,22,2.625,-95.36,-14.11,21,1
P001,HRTF_B,22,2.639,-96.10,-14.63,21,1
P001,HRTF_B,22,2.653,-96.77,-15.24,21,1
P001,HRTF_B,22,2.667,-97.48,-15.80,21,1
P001,HRTF_B,22,2.681,-98.11,-16.47,21,1
P001,HRTF_B,22,2.695,-98.75,-17.11,21,1
P001,HRTF_B,22,2.708,-99.42,-17.75,21,1
P001,HRTF_B,22,2.722,-100.02,-18.43,21,1
P001,HRTF_B,22,2.736,-100.60,-19.18,21,1
P001,HRTF_B,22,2.750,-101.19,-19.90,21,1
P001,HRTF_B,22,2.764,-101.82,-20.65,21,1
P001,HRTF_B,22,2.778,-102.49,-21.35,21,1
P001,HRTF_B,22,2.792,-103.11,-21.99,21,1
P001,HRTF_B,22,2.806,-103.62,-22.45,21,1
P001,HRTF_B,22,2.820,-104.05,-22.75,21,1
P001,HRTF_B,22,2.834,-104.44,-22.87,21,1
P001,HRTF_B,22,2.848,-104.91,-23.02,21,1
P001,HRTF_B,22,2.861,-105.34,-23.10,21,1
P001,HRTF_B,22,2.875,-105.84,-23.27,21,1
P001,HRTF_B,22,2.889,-106.33,-23.47,21,1
P001,HRTF_B,22,2.903,-106.84,-23.60,21,1
P001,HRTF_B,22,2.917,-107.30,-23.63,21,1
P001,HRTF_B,22,2.931,-107.78,-23.61,21,1
P001,HRTF_B,22,2.945,-108.23,-23.58,21,1
P001,HRTF_B,22,2.959,-108.71,-23.57,21,1
P001,HRTF_B,22,2.973,-109.14,-23.60,21,1
P001,HRTF_B,22,2.986,-109.67,-23.73,21,1
P001,HRTF_B,22,3.000,-110.18,-23.80,21,1
P001,HRTF_B,22,3.014,-110.68,-23.90,21,1
P001,HRTF_B,22,3.028,-111.27,-24.03,21,1
P001,HRTF_B,22,3.042,-111.81,-24.17,21,1
P001,HRTF_B,22,3.056,-112.40,-24.41,21,1
P001,HRTF_B,22,3.070,-112.96,-24.68,21,1
P001,HRTF_B,22,3.084,-113.46,-24.93,21,1
P001,HRTF_B,22,3.098,-113.82,-25.23,21,1
P001,HRTF_B,22,3.111,-114.14,-25.52,21,1
P001,HRTF_B,22,3.125,-114.28,-25.80,21,1
P001,HRTF_B,22,3.139,-114.45,-26.09,21,1
P001,HRTF_B,22,3.153,-114.59,-26.38,21,1
P001,HRTF_B,22,3.167,-114.63,-26.68,21,1
P001,HRTF_B,22,3.181,-114.68,-26.96,21,1
P001,HRTF_B,22,3.195,-114.63,-27.28,21,1
P001,HRTF_B,22,3.209,-114.51,-27.57,21,1
P001,HRTF_B,22,3.223,-114.40,-27.89,21,1
P001,HRTF_B,22,3.236,-114.19,-28.22,21,1
P001,HRTF_B,22,3.251,-113.94,-28.52,21,1
P001,HRTF_B,22,3.264,-113.58,-28.81,21,1
P001,HRTF_B,22,3.278,-113.17,-29.16,21,1
P001,HRTF_B,22,3.292,-112.74,-29.50,21,1
P001,HRTF_B,22,3.306,-112.16,-29.87,21,1
P001,HRTF_B,22,3.320,-111.51,-30.21,21,1
P001,HRTF_B,22,3.333,-110.79,-30.54,21,1
P001,HRTF_B,22,3.347,-109.93,-30.81,21,1
P001,HRTF_B,22,3.361,-108.95,-31.08,21,1
P001,HRTF_B,22,3.375,-107.93,-31.35,21,1
P001,HRTF_B,22,3.389,-106.88,-31.56,21,1
P001,HRTF_B,22,3.403,-105.82,-31.77,21,1
P001,HRTF_B,22,3.417,-104.75,-31.86,21,1
P001,HRTF_B,22,3.431,-103.69,-31.93,21,1
P001,HRTF_B,22,3.445,-102.69,-31.99,21,1
P001,HRTF_B,23,0.013,-20.47,-1.40,4,1
P001,HRTF_B,23,0.031,-20.85,-1.22,4,1
P001,HRTF_B,23,0.041,-21.23,-1.00,4,1
P001,HRTF_B,23,0.055,-21.50,-0.90,4,1
P001,HRTF_B,23,0.070,-21.77,-0.81,4,1
P001,HRTF_B,23,0.083,-21.98,-0.74,4,1
P001,HRTF_B,23,0.097,-22.18,-0.72,4,1
P001,HRTF_B,23,0.111,-22.33,-0.70,4,1
P001,HRTF_B,23,0.127,-22.42,-0.70,4,1
P001,HRTF_B,23,0.138,-22.55,-0.70,4,1
P001,HRTF_B,23,0.152,-22.69,-0.72,4,1
P001,HRTF_B,23,0.166,-22.83,-0.73,4,1
P001,HRTF_B,23,0.180,-22.97,-0.74,4,1
P001,HRTF_B,23,0.194,-23.10,-0.83,4,1
P001,HRTF_B,23,0.207,-23.23,-0.95,4,1
P001,HRTF_B,23,0.222,-23.40,-1.08,4,1
P001,HRTF_B,23,0.236,-23.59,-1.19,4,1
P001,HRTF_B,23,0.249,-23.82,-1.29,4,1
P001,HRTF_B,23,0.263,-24.05,-1.39,4,1
P001,HRTF_B,23,0.277,-24.32,-1.48,4,1
P001,HRTF_B,23,0.291,-24.64,-1.61,4,1
P001,HRTF_B,23,0.305,-25.00,-1.76,4,1
P001,HRTF_B,23,0.319,-25.39,-1.92,4,1
P001,HRTF_B,23,0.333,-25.78,-2.08,4,1
P001,HRTF_B,23,0.347,-26.19,-2.22,4,1
P001,HRTF_B,23,0.360,-26.60,-2.38,4,1
P001,HRTF_B,23,0.374,-27.11,-2.55,4,1
P001,HRTF_B,23,0.388,-27.61,-2.76,4,1
P001,HRTF_B,23,0.402,-28.16,-2.95,4,1
P001,HRTF_B,23,0.416,-28.68,-3.19,4,1
P001,HRTF_B,23,0.430,-29.19,-3.41,4,1
P001,HRTF_B,23,0.444,-29.74,-3.60,4,1
P001,HRTF_B,23,0.458,-30.25,-3.73,4,1
P001,HRTF_B,23,0.472,-30.77,-3.90,4,1
P001,HRTF_B,23,0.485,-31.29,-4.01,4,1
P001,HRTF_B,23,0.499,-31.72,-4.09,4,1
P001,HRTF_B,23,0.513,-32.19,-4.15,4,1
P001,HRTF_B,23,0.527,-32.62,-4.27,4,1
P001,HRTF_B,23,0.541,-33.09,-4.38,4,1
P001,HRTF_B,23,0.555,-33.60,-4.50,4,1
P001,HRTF_B,23,0.569,-34.14,-4.60,4,1
P001,HRTF_B,23,0.583,-34.67,-4.74,4,1
P001,HRTF_B,23,0.597,-35.20,-4.87,4,1
P001,HRTF_B,23,0.610,-35.75,-4.99,4,1
P001,HRTF_B,23,0.624,-36.37,-5.14,4,1
P001,HRTF_B,23,0.638,-36.92,-5.28,4,1
P001,HRTF_B,23,0.652,-37.43,-5.45,4,1
P001,HRTF_B,23,0.666,-37.95,-5.69,4,1
P001,HRTF_B,23,0.680,-38.44,-6.06,4,1
P001,HRTF_B,23,0.694,-39.04,-6.51,4,1
P001,HRTF_B,23,0.708,-39.63,-6.89,4,1
P001,HRTF_B,23,0.722,-40.32,-7.32,4,1
P001,HRTF_B,23,0.735,-41.02,-7.76,4,1
P001,HRTF_B,23,0.749,-41.75,-8.27,4,1
P001,HRTF_B,23,0.763,-42.64,-8.89,4,1
P001,HRTF_B,23,0.777,-43.63,-9.60,4,1
P001,HRTF_B,23,0.791,-44.75,-10.35,4,1
P001,HRTF_B,23,0.805,-45.80,-11.12,4,1
P001,HRTF_B,23,0.819,-46.85,-11.90,4,1
P001,HRTF_B,23,0.833,-47.86,-12.69,4,1
P001,HRTF_B,23,0.847,-48.73,-13.42,4,1
P001,HRTF_B,23,0.861,-49.40,-14.02,4,1
P001,HRTF_B,23,0.874,-49.99,-14.49,4,1
P001,HRTF_B,23,0.888,-50.37,-14.69,4,1
P001,HRTF_B,23,0.902,-50.66,-14.89,4,1
P001,HRTF_B,23,0.916,-50.89,-15.07,4,1
P001,HRTF_B,23,0.930,-50.77,-15.09,4,1
P001,HRTF_B,23,0.944,-50.73,-15.13,4,1
P001,HRTF_B,23,0.958,-50.57,-15.13,4,1
P001,HRTF_B,23,0.972,-50.31,-15.06,4,1
P001,HRTF_B,23,0.986,-50.08,-15.02,4,1
P001,HRTF_B,23,0.999,-49.72,-14.96,4,1
P001,HRTF_B,23,1.013,-49.27,-14.86,4,1
P001,HRTF_B,23,1.027,-48.89,-14.77,4,1
P001,HRTF_B,23,1.041,-48.45,-14.67,4,1
P001,HRTF_B,23,1.055,-48.00,-14.55,4,1
P001,HRTF_B,23,1.069,-47.41,-14.43,4,1
P001,HRTF_B,23,1.083,-46.84,-14.32,4,1
P001,HRTF_B,23,1.097,-46.08,-14.22,4,1
P001,HRTF_B,23,1.110,-45.31,-14.11,4,1
P001,HRTF_B,23,1.124,-44.55,-13.98,4,1
P001,HRTF_B,23,1.138,-43.73,-13.88,4,1
P001,HRTF_B,23,1.152,-42.77,-13.76,4,1
P001,HRTF_B,23,1.166,-41.64,-13.65,4,1
P001,HRTF_B,23,1.180,-40.44,-13.48,4,1
P001,HRTF_B,23,1.194,-39.16,-13.27,4,1
P001,HRTF_B,23,1.208,-37.90,-13.05,4,1
P001,HRTF_B,23,1.222,-36.61,-12.76,4,1
P001,HRTF_B,23,1.236,-35.26,-12.53,4,1
P001,HRTF_B,23,1.249,-33.87,-12.23,4,1
P001,HRTF_B,23,1.263,-32.44,-11.88,4,1
P001,HRTF_B,23,1.277,-31.06,-11.53,4,1
P001,HRTF_B,23,1.291,-29.64,-11.13,4,1
P001,HRTF_B,23,1.305,-28.25,-10.80,4,1
P001,HRTF_B,23,1.319,-26.89,-10.50,4,1
P001,HRTF_B,23,1.333,-25.49,-10.18,4,1
P001,HRTF_B,23,1.347,-24.09,-9.84,4,1
P001,HRTF_B,23,1.361,-22.67,-9.44,4,1
P001,HRTF_B,23,1.374,-21.29,-9.12,4,1
P001,HRTF_B,23,1.388,-19.77,-8.95,4,1
P001,HRTF_B,23,1.402,-18.23,-8.81,4,1
P001,HRTF_B,23,1.416,-16.66,-8.70,4,1
P001,HRTF_B,23,1.430,-15.07,-8.56,4,1
P001,HRTF_B,23,1.444,-13.51,-8.38,4,1
P001,HRTF_B,23,1.458,-11.86,-8.22,4,1
P001,HRTF_B,23,1.472,-10.11,-8.14,4,1
P001,HRTF_B,23,1.485,-8.35,-8.02,4,1
P001,HRTF_B,23,1.499,-6.58,-7.81,4,1
P001,HRTF_B,23,1.513,-4.83,-7.55,4,1
P001,HRTF_B,23,1.527,-3.10,-7.29,4,1
P001,HRTF_B,23,1.541,-1.35,-7.10,4,1
P001,HRTF_B,23,1.555,0.45,-6.93,4,1
P001,HRTF_B,23,1.569,2.27,-6.75,4,1
P001,HRTF_B,23,1.583,4.01,-6.56,4,1
P001,HRTF_B,23,1.596,5.77,-6.32,4,1
P001,HRTF_B,23,1.610,7.49,-6.13,4,1
P001,HRTF_B,23,1.624,9.21,-6.01,4,1
P001,HRTF_B,23,1.638,10.95,-5.93,4,1
P001,HRTF_B,23,1.652,12.71,-5.85,4,1
P001,HRTF_B,23,1.666,14.41,-5.76,4,1
P001,HRTF_B,23,1.680,16.03,-5.62,4,1
P001,HRTF_B,23,1.694,17.72,-5.54,4,1
P001,HRTF_B,23,1.708,19.38,-5.41,4,1
P001,HRTF_B,23,1.722,21.05,-5.36,4,1
P001,HRTF_B,23,1.735,22.67,-5.32,4,1
P001,HRTF_B,23,1.749,24.33,-5.23,4,1
P001,HRTF_B,23,1.764,25.93,-5.16,4,1
P001,HRTF_B,23,1.777,27.50,-5.07,4,1
P001,HRTF_B,23,1.791,28.99,-4.96,4,1
P001,HRTF_B,23,1.805,30.43,-4.93,4,1
P001,HRTF_B,23,1.819,31.89,-4.93,4,1
P001,HRTF_B,23,1.833,33.33,-4.92,4,1
P001,HRTF_B,23,1.846,34.66,-4.99,4,1
P001,HRTF_B,23,1.860,35.99,-5.02,4,1
P001,HRTF_B,23,1.874,37.27,-5.08,4,1
P001,HRTF_B,23,1.888,38.54,-5.15,4,1
P001,HRTF_B,23,1.902,39.82,-5.23,4,1
P001,HRTF_B,23,1.916,41.11,-5.31,4,1
P001,HRTF_B,23,1.930,42.36,-5.38,4,1
P001,HRTF_B,23,1.944,43.59,-5.46,4,1
P001,HRTF_B,23,1.958,44.82,-5.50,4,1
P001,HRTF_B,23,1.972,46.05,-5.61,4,1
P001,HRTF_B,23,1.985,47.27,-5.69,4,1
P001,HRTF_B,23,1.999,48.55,-5.73,4,1
P001,HRTF_B,23,2.013,49.83,-5.77,4,1
P001,HRTF_B,23,2.027,51.14,-5.77,4,1
P001,HRTF_B,23,2.041,52.47,-5.75,4,1
P001,HRTF_B,23,2.055,53.80,-5.73,4,1
P001,HRTF_B,23,2.069,55.16,-5.69,4,1
P001,HRTF_B,23,2.082,56.48,-5.65,4,1
P001,HRTF_B,23,2.096,57.84,-5.62,4,1
P001,HRTF_B,23,2.111,59.10,-5.61,4,1
P001,HRTF_B,23,2.124,60.36,-5.68,4,1
P001,HRTF_B,23,2.138,61.60,-5.78,4,1
P001,HRTF_B,23,2.152,62.81,-5.88,4,1
P001,HRTF_B,23,2.166,63.97,-5.94,4,1
P001,HRTF_B,23,2.180,65.11,-5.99,4,1
P001,HRTF_B,23,2.194,66.16,-6.07,4,1
P001,HRTF_B,23,2.208,67.21,-6.14,4,1
P001,HRTF_B,23,2.222,68.20,-6.21,4,1
P001,HRTF_B,23,2.236,69.12,-6.28,4,1
P001,HRTF_B,23,2.250,70.09,-6.33,4,1
P001,HRTF_B,23,2.263,70.97,-6.36,4,1
P001,HRTF_B,23,2.277,71.87,-6.42,4,1
P001,HRTF_B,23,2.291,72.70,-6.43,4,1
P001,HRTF_B,23,2.305,73.56,-6.47,4,1
P001,HRTF_B,23,2.319,74.41,-6.44,4,1
P001,HRTF_B,23,2.332,75.24,-6.46,4,1
P001,HRTF_B,23,2.347,76.08,-6.45,4,1
P001,HRTF_B,23,2.361,76.88,-6.44,4,1
P001,HRTF_B,23,2.375,77.68,-6.46,4,1
P001,HRTF_B,23,2.388,78.43,-6.48,4,1
P001,HRTF_B,23,2.402,79.23,-6.52,4,1
P001,HRTF_B,23,2.416,80.02,-6.55,4,1
P001,HRTF_B,23,2.430,80.78,-6.54,4,1
P001,HRTF_B,23,2.444,81.54,-6.57,4,1
P001,HRTF_B,23,2.458,82.28,-6.55,4,1
P001,HRTF_B,23,2.471,83.05,-6.54,4,1
P001,HRTF_B,23,2.486,83.87,-6.53,4,1
P001,HRTF_B,23,2.499,84.69,-6.51,4,1
P001,HRTF_B,23,2.513,85.51,-6.45,4,1
P001,HRTF_B,23,2.527,86.36,-6.41,4,1
P001,HRTF_B,23,2.541,87.22,-6.31,4,1
P001,HRTF_B,23,2.555,88.15,-6.25,4,1
P001,HRTF_B,23,2.569,89.14,-6.16,4,1
P001,HRTF_B,23,2.583,90.17,-6.14,4,1
P001,HRTF_B,23,2.596,91.17,-6.10,4,1
P001,HRTF_B,23,2.610,92.20,-6.03,4,1
P001,HRTF_B,23,2.624,93.21,-5.96,4,1
P001,HRTF_B,23,2.638,94.26,-5.87,4,1
P001,HRTF_B,23,2.652,95.31,-5.81,4,1
P001,HRTF_B,23,2.666,96.39,-5.76,4,1
P001,HRTF_B,23,2.680,97.49,-5.71,4,1
P001,HRTF_B,23,2.694,98.54,-5.60,4,1
P001,HRTF_B,23,2.708,99.62,-5.51,4,1
P001,HRTF_B,23,2.721,100.64,-5.44,4,1
P001,HRTF_B,23,2.735,101.64,-5.31,4,1
P001,HRTF_B,23,2.749,102.60,-5.16,4,1
P001,HRTF_B,23,2.763,103.53,-5.01,4,1
P001,HRTF_B,23,2.777,104.49,-4.84,4,1
P001,HRTF_B,23,2.791,105.40,-4.70,4,1
P001,HRTF_B,23,2.805,106.26,-4.53,4,1
P001,HRTF_B,23,2.819,107.12,-4.43,4,1
P001,HRTF_B,23,2.833,107.93,-4.29,4,1
P001,HRTF_B,23,2.846,108.69,-4.18,4,1
P001,HRTF_B,23,2.860,109.41,-4.05,4,1
P001,HRTF_B,23,2.874,110.06,-3.96,4,1
P001,HRTF_B,23,2.888,110.71,-3.91,4,1
P001,HRTF_B,23,2.902,111.31,-3.88,4,1
P001,HRTF_B,23,2.916,111.86,-3.88,4,1
P001,HRTF_B,23,2.930,112.42,-3.86,4,1
P001,HRTF_B,23,2.944,112.92,-3.92,4,1
P001,HRTF_B,23,2.958,113.38,-3.94,4,1
P001,HRTF_B,23,2.972,113.83,-3.99,4,1
P001,HRTF_B,23,2.985,114.30,-4.03,4,1
P001,HRTF_B,23,2.999,114.75,-4.07,4,1
P001,HRTF_B,23,3.013,115.20,-4.11,4,1
P001,HRTF_B,23,3.027,115.69,-4.16,4,1
P001,HRTF_B,23,3.041,116.11,-4.20,4,1
P001,HRTF_B,23,3.055,116.57,-4.23,4,1
P001,HRTF_B,23,3.069,117.00,-4.23,4,1
P001,HRTF_B,23,3.083,117.43,-4.28,4,1
P001,HRTF_B,23,3.097,117.83,-4.30,4,1
P001,HRTF_B,23,3.110,118.23,-4.35,4,1
P001,HRTF_B,23,3.124,118.60,-4.39,4,1
P001,HRTF_B,23,3.138,118.97,-4.44,4,1
P001,HRTF_B,23,3.152,119.29,-4.42,4,1
P001,HRTF_B,23,3.166,119.58,-4.44,4,1
P001,HRTF_B,23,3.180,119.87,-4.49,4,1
P001,HRTF_B,23,3.194,120.11,-4.52,4,1
P001,HRTF_B,23,3.207,120.35,-4.54,4,1
P001,HRTF_B,23,3.221,120.59,-4.56,4,1
P001,HRTF_B,23,3.236,120.84,-4.59,4,1
P001,HRTF_B,23,3.249,121.08,-4.64,4,1
P001,HRTF_B,23,3.263,121.28,-4.74,4,1
P001,HRTF_B,23,3.277,121.43,-4.84,4,1
P001,HRTF_B,23,3.291,121.59,-4.94,4,1
P001,HRTF_B,23,3.305,121.71,-5.00,4,1
P001,HRTF_B,23,3.319,121.81,-5.07,4,1
P001,HRTF_B,23,3.333,121.89,-5.13,4,1
P001,HRTF_B,23,3.346,121.95,-5.23,4,1
P001,HRTF_B,23,3.360,121.96,-5.31,4,1
P001,HRTF_B,23,3.374,121.92,-5.37,4,1
P001,HRTF_B,23,3.389,121.88,-5.41,4,1
P001,HRTF_B,23,3.402,121.78,-5.45,4,1
P001,HRTF_B,23,3.416,121.63,-5.46,4,1
P001,HRTF_B,23,3.430,121.47,-5.49,4,1
P001,HRTF_B,23,3.444,121.24,-5.55,4,1
P001,HRTF_B,23,3.457,120.98,-5.63,4,1
P001,HRTF_B,23,3.471,120.60,-5.71,4,1
P001,HRTF_B,23,3.485,120.17,-5.78,4,1
P001,HRTF_B,23,3.500,119.61,-5.88,4,1
P001,HRTF_B,23,3.514,119.04,-5.99,4,1
P001,HRTF_B,23,3.527,118.41,-6.10,4,1
P001,HRTF_B,23,3.541,117.75,-6.21,4,1
P001,HRTF_B,23,3.555,116.97,-6.32,4,1
P001,HRTF_B,23,3.569,116.22,-6.42,4,1
P001,HRTF_B,23,3.582,115.39,-6.53,4,1
P001,HRTF_B,23,3.596,114.56,-6.64,4,1
P001,HRTF_B,23,3.610,113.56,-6.75,4,1
P001,HRTF_B,23,3.624,112.59,-6.90,4,1
P001,HRTF_B,23,3.638,111.51,-7.05,4,1
P001,HRTF_B,23,3.652,110.41,-7.21,4,1
P001,HRTF_B,23,3.666,109.21,-7.35,4,1
P001,HRTF_B,23,3.680,108.01,-7.51,4,1
P001,HRTF_B,23,3.694,106.74,-7.64,4,1
P001,HRTF_B,23,3.708,105.49,-7.78,4,1
P001,HRTF_B,23,3.721,104.26,-7.93,4,1
P001,HRTF_B,23,3.735,102.91,-8.10,4,1
P001,HRTF_B,23,3.749,101.58,-8.27,4,1
P001,HRTF_B,23,3.763,100.28,-8.42,4,1
P001,HRTF_B,23,3.777,98.96,-8.58,4,1
P001,HRTF_B,23,3.791,97.65,-8.65,4,1
P001,HRTF_B,23,3.805,96.27,-8.73,4,1
P001,HRTF_B,23,3.819,94.91,-8.81,4,1
P001,HRTF_B,23,3.833,93.56,-8.83,4,1
P001,HRTF_B,23,3.847,92.18,-8.87,4,1
P001,HRTF_B,23,3.860,90.79,-8.90,4,1
P001,HRTF_B,23,3.874,89.36,-8.89,4,1
P001,HRTF_B,23,3.888,87.94,-8.87,4,1
P001,HRTF_B,23,3.902,86.51,-8.83,4,1
P001,HRTF_B,23,3.916,85.09,-8.81,4,1
P001,HRTF_B,23,3.930,83.68,-8.76,4,1
P001,HRTF_B,23,3.944,82.25,-8.76,4,1
P001,HRTF_B,23,3.958,80.83,-8.70,4,1
P001,HRTF_B,23,3.971,79.41,-8.65,4,1
P001,HRTF_B,23,3.985,77.98,-8.60,4,1
P001,HRTF_B,23,3.999,76.51,-8.56,4,1
P001,HRTF_B,23,4.013,75.06,-8.52,4,1
P001,HRTF_B,23,4.027,73.58,-8.48,4,1
P001,HRTF_B,23,4.041,72.10,-8.45,4,1
P001,HRTF_B,23,4.055,70.66,-8.41,4,1
P001,HRTF_B,23,4.069,69.17,-8.39,4,1
P001,HRTF_B,23,4.082,67.75,-8.41,4,1
P001,HRTF_B,23,4.097,66.24,-8.44,4,1
P001,HRTF_B,23,4.110,64.76,-8.46,4,1
P001,HRTF_B,23,4.125,63.27,-8.52,4,1
P001,HRTF_B,23,4.138,61.79,-8.60,4,1
P001,HRTF_B,23,4.152,60.36,-8.68,4,1
P001,HRTF_B,23,4.166,58.89,-8.75,4,1
P001,HRTF_B,23,4.180,57.48,-8.87,4,1
P001,HRTF_B,23,4.194,56.06,-9.00,4,1
P001,HRTF_B,23,4.208,54.65,-9.15,4,1
P001,HRTF_B,23,4.221,53.33,-9.29,4,1
P001,HRTF_B,23,4.235,52.03,-9.48,4,1
P001,HRTF_B,23,4.249,50.76,-9.62,4,1
P001,HRTF_B,23,4.263,49.50,-9.80,4,1
P001,HRTF_B,23,4.277,48.22,-9.94,4,1
P001,HRTF_B,23,4.291,47.03,-10.13,4,1
P001,HRTF_B,23,4.305,45.83,-10.26,4,1
P001,HRTF_B,23,4.319,44.65,-10.37,4,1
P001,HRTF_B,23,4.333,43.47,-10.47,4,1
P001,HRTF_B,23,4.346,42.33,-10.55,4,1
P001,HRTF_B,23,4.360,41.20,-10.65,4,1
P001,HRTF_B,23,4.374,40.08,-10.71,4,1
P001,HRTF_B,23,4.388,39.00,-10.79,4,1
P001,HRTF_B,23,4.402,37.88,-10.85,4,1
P001,HRTF_B,23,4.416,36.79,-10.91,4,1
P001,HRTF_B,23,4.430,35.68,-10.95,4,1
P001,HRTF_B,23,4.444,34.57,-11.02,4,1
P001,HRTF_B,23,4.458,33.50,-11.08,4,1
P001,HRTF_B,23,4.472,32.45,-11.14,4,1
P001,HRTF_B,23,4.485,31.44,-11.19,4,1
P001,HRTF_B,23,4.499,30.41,-11.30,4,1
P001,HRTF_B,23,4.513,29.41,-11.34,4,1
P001,HRTF_B,23,4.527,28.42,-11.40,4,1
P001,HRTF_B,23,4.541,27.47,-11.47,4,1
P001,HRTF_B,23,4.555,26.52,-11.55,4,1
P001,HRTF_B,23,4.569,25.59,-11.62,4,1
P001,HRTF_B,23,4.583,24.66,-11.71,4,1
P001,HRTF_B,23,4.596,23.73,-11.81,4,1
P001,HRTF_B,23,4.610,22.84,-11.90,4,1
P001,HRTF_B,23,4.624,21.92,-11.99,4,1
P001,HRTF_B,23,4.638,21.03,-12.04,4,1
P001,HRTF_B,23,4.652,20.17,-12.15,4,1
P001,HRTF_B,23,4.666,19.26,-12.25,4,1
P001,HRTF_B,23,4.680,18.38,-12.33,4,1
P001,HRTF_B,23,4.694,17.45,-12.41,4,1
P001,HRTF_B,23,4.708,16.52,-12.50,4,1
P001,HRTF_B,23,4.722,15.61,-12.57,4,1
P001,HRTF_B,23,4.736,14.64,-12.64,4,1
P001,HRTF_B,23,4.749,13.66,-12.76,4,1
P001,HRTF_B,23,4.763,12.71,-12.86,4,1
P001,HRTF_B,23,4.777,11.72,-13.01,4,1
P001,HRTF_B,23,4.791,10.75,-13.11,4,1
P001,HRTF_B,23,4.805,9.66,-13.23,4,1
P001,HRTF_B,23,4.819,8.62,-13.32,4,1
P001,HRTF_B,23,4.832,7.55,-13.44,4,1
P001,HRTF_B,23,4.847,6.43,-13.56,4,1
P001,HRTF_B,23,4.860,5.34,-13.69,4,1
P001,HRTF_B,23,4.874,4.25,-13.83,4,1
P001,HRTF_B,23,4.888,3.13,-13.91,4,1
P001,HRTF_B,23,4.902,2.01,-14.04,4,1
P001,HRTF_B,23,4.916,0.90,-14.16,4,1
P001,HRTF_B,23,4.930,-0.21,-14.24,4,1
P001,HRTF_B,23,4.944,-1.32,-14.32,4,1
P001,HRTF_B,23,4.958,-2.47,-14.41,4,1
P001,HRTF_B,23,4.971,-3.60,-14.45,4,1
P001,HRTF_B,23,4.986,-4.75,-14.53,4,1
P001,HRTF_B,23,4.999,-5.87,-14.63,4,1
P001,HRTF_B,23,5.013,-6.98,-14.65,4,1
P001,HRTF_B,23,5.027,-8.09,-14.68,4,1
P001,HRTF_B,23,5.041,-9.19,-14.74,4,1
P001,HRTF_B,23,5.055,-10.30,-14.78,4,1
P001,HRTF_B,23,5.069,-11.38,-14.83,4,1
P001,HRTF_B,23,5.083,-12.43,-14.87,4,1
P001,HRTF_B,23,5.097,-13.49,-14.91,4,1
P001,HRTF_B,23,5.110,-14.56,-14.95,4,1
P001,HRTF_B,23,5.124,-15.60,-14.95,4,1
P001,HRTF_B,23,5.138,-16.62,-14.98,4,1
P001,HRTF_B,23,5.152,-17.65,-14.98,4,1
P001,HRTF_B,23,5.166,-18.61,-14.98,4,1
P001,HRTF_B,23,5.180,-19.60,-15.03,4,1
P001,HRTF_B,23,5.194,-20.57,-15.03,4,1
P001,HRTF_B,23,5.208,-21.54,-15.11,4,1
P001,HRTF_B,23,5.222,-22.52,-15.13,4,1
P001,HRTF_B,23,5.235,-23.51,-15.21,4,1
P001,HRTF_B,23,5.249,-24.45,-15.26,4,1
P001,HRTF_B,23,5.263,-25.39,-15.30,4,1
P001,HRTF_B,23,5.277,-26.37,-15.38,4,1
P001,HRTF_B,23,5.291,-27.33,-15.45,4,1
P001,HRTF_B,23,5.305,-28.35,-15.56,4,1
P001,HRTF_B,23,5.319,-29.34,-15.62,4,1
P001,HRTF_B,23,5.333,-30.31,-15.66,4,1
P001,HRTF_B,23,5.347,-31.28,-15.75,4,1
P001,HRTF_B,23,5.360,-32.27,-15.80,4,1
P001,HRTF_B,23,5.374,-33.20,-15.81,4,1
P001,HRTF_B,23,5.388,-34.19,-15.83,4,1
P001,HRTF_B,23,5.402,-35.16,-15.86,4,1
P001,HRTF_B,23,5.416,-36.16,-15.88,4,1
P001,HRTF_B,23,5.430,-37.21,-15.87,4,1
P001,HRTF_B,23,5.444,-38.23,-15.88,4,1
P001,HRTF_B,23,5.458,-39.30,-15.87,4,1
P001,HRTF_B,23,5.471,-40.44,-15.85,4,1
P001,HRTF_B,23,5.486,-41.62,-15.85,4,1
P001,HRTF_B,23,5.499,-42.81,-15.88,4,1
P001,HRTF_B,23,5.513,-43.96,-15.88,4,1
P001,HRTF_B,23,5.527,-45.16,-15.85,4,1
P001,HRTF_B,23,5.541,-46.35,-15.82,4,1
P001,HRTF_B,23,5.555,-47.56,-15.75,4,1
P001,HRTF_B,23,5.569,-48.82,-15.69,4,1
P001,HRTF_B,23,5.583,-50.10,-15.59,4,1
P001,HRTF_B,23,5.597,-51.37,-15.50,4,1
P001,HRTF_B,23,5.610,-52.64,-15.41,4,1
P001,HRTF_B,23,5.624,-53.87,-15.33,4,1
P001,HRTF_B,23,5.638,-55.18,-15.23,4,1
P001,HRTF_B,23,5.652,-56.50,-15.06,4,1
P001,HRTF_B,23,5.666,-57.81,-14.97,4,1
P001,HRTF_B,23,5.680,-59.06,-15.06,4,1
P001,HRTF_B,23,5.694,-60.27,-14.96,4,1
P001,HRTF_B,23,5.707,-61.41,-14.72,4,1
P001,HRTF_B,23,5.722,-62.51,-14.63,4,1
P001,HRTF_B,23,5.735,-63.56,-14.57,4,1
P001,HRTF_B,23,5.749,-64.51,-14.50,4,1
P001,HRTF_B,23,5.763,-65.34,-14.41,4,1
P001,HRTF_B,23,5.777,-66.16,-14.37,4,1
P001,HRTF_B,23,5.791,-66.89,-14.29,4,1
P001,HRTF_B,23,5.805,-67.51,-14.20,4,1
P001,HRTF_B,23,5.819,-68.02,-14.10,4,1
P001,HRTF_B,23,5.832,-68.48,-14.01,4,1
P001,HRTF_B,23,5.846,-68.91,-13.89,4,1
P001,HRTF_B,23,5.860,-69.19,-13.71,4,1
P001,HRTF_B,23,5.874,-69.45,-13.59,4,1
P001,HRTF_B,23,5.888,-69.63,-13.51,4,1
P001,HRTF_B,23,5.902,-69.73,-13.42,4,1
P001,HRTF_B,23,5.916,-69.84,-13.34,4,1
P001,HRTF_B,23,5.930,-69.87,-13.26,4,1
P001,HRTF_B,23,5.944,-69.87,-13.18,4,1
P001,HRTF_B,23,5.958,-69.87,-13.12,4,1
P001,HRTF_B,23,5.972,-69.87,-13.09,4,1
P001,HRTF_B,23,5.986,-69.84,-13.14,4,1
P001,HRTF_B,23,6.000,-69.83,-13.23,4,1
P001,HRTF_B,23,6.013,-69.84,-13.34,4,1
P001,HRTF_B,23,6.027,-69.86,-13.52,4,1
P001,HRTF_B,23,6.041,-69.87,-13.72,4,1
P001,HRTF_B,23,6.055,-69.87,-13.96,4,1
P001,HRTF_B,23,6.069,-69.88,-14.20,4,1
P001,HRTF_B,23,6.082,-69.88,-14.45,4,1
P001,HRTF_B,23,6.096,-69.86,-14.69,4,1
P001,HRTF_B,23,6.110,-69.79,-14.95,4,1
P001,HRTF_B,23,6.124,-69.74,-15.16,4,1
P001,HRTF_B,23,6.138,-69.68,-15.39,4,1
P001,HRTF_B,23,6.152,-69.62,-15.62,4,1
P001,HRTF_B,23,6.166,-69.55,-15.82,4,1
P001,HRTF_B,23,6.180,-69.43,-16.00,4,1
P001,HRTF_B,23,6.194,-69.27,-16.18,4,1
P001,HRTF_B,23,6.208,-69.08,-16.34,4,1
P001,HRTF_B,23,6.222,-68.86,-16.46,4,1
P001,HRTF_B,23,6.236,-68.60,-16.57,4,1
P001,HRTF_B,23,6.250,-68.31,-16.64,4,1
P001,HRTF_B,23,6.263,-67.99,-16.70,4,1
P001,HRTF_B,23,6.277,-67.55,-16.71,4,1
P001,HRTF_B,23,6.291,-67.01,-16.76,4,1
P001,HRTF_B,23,6.305,-66.41,-16.81,4,1
P001,HRTF_B,23,6.319,-65.77,-16.88,4,1
P001,HRTF_B,23,6.333,-65.07,-16.93,4,1
P001,HRTF_B,23,6.347,-64.24,-16.99,4,1
P001,HRTF_B,23,6.360,-63.44,-16.97,4,1
P001,HRTF_B,23,6.374,-62.54,-16.98,4,1
P001,HRTF_B,23,6.388,-61.65,-17.00,4,1
P001,HRTF_B,23,6.402,-60.72,-17.01,4,1
P001,HRTF_B,23,6.416,-59.83,-16.99,4,1
P001,HRTF_B,23,6.430,-58.88,-17.02,4,1
P001,HRTF_B,23,6.444,-57.94,-17.02,4,1
P001,HRTF_B,23,6.457,-57.00,-17.07,4,1
P001,HRTF_B,23,6.472,-56.09,-17.08,4,1
P001,HRTF_B,23,6.485,-55.18,-17.06,4,1
P001,HRTF_B,23,6.499,-54.30,-17.05,4,1
P001,HRTF_B,23,6.513,-53.38,-17.06,4,1
P001,HRTF_B,23,6.527,-52.48,-17.06,4,1
P001,HRTF_B,23,6.541,-51.58,-17.05,4,1
P001,HRTF_B,23,6.555,-50.66,-17.09,4,1
P001,HRTF_B,23,6.569,-49.72,-17.09,4,1
P001,HRTF_B,23,6.583,-48.84,-17.08,4,1
P001,HRTF_B,23,6.596,-47.93,-17.06,4,1
P001,HRTF_B,23,6.610,-46.97,-17.06,4,1
P001,HRTF_B,23,6.624,-46.05,-17.04,4,1
P001,HRTF_B,23,6.638,-45.12,-17.03,4,1
P001,HRTF_B,23,6.652,-44.19,-17.03,4,1
P001,HRTF_B,23,6.666,-43.23,-17.03,4,1
P001,HRTF_B,23,6.680,-42.31,-17.05,4,1
P001,HRTF_B,23,6.694,-41.37,-17.10,4,1
P001,HRTF_B,23,6.707,-40.39,-17.10,4,1
P001,HRTF_B,23,6.722,-39.41,-17.12,4,1
P001,HRTF_B,23,6.735,-38.46,-17.15,4,1
P001,HRTF_B,23,6.749,-37.52,-17.18,4,1
P001,HRTF_B,23,6.763,-36.55,-17.19,4,1
P001,HRTF_B,23,6.777,-35.60,-17.18,4,1
P001,HRTF_B,23,6.791,-34.60,-17.18,4,1
P001,HRTF_B,23,6.805,-33.63,-17.21,4,1
P001,HRTF_B,23,6.819,-32.67,-17.20,4,1
P001,HRTF_B,23,6.833,-31.70,-17.26,4,1
P001,HRTF_B,23,6.846,-30.77,-17.27,4,1
P001,HRTF_B,23,6.860,-29.80,-17.26,4,1
P001,HRTF_B,23,6.874,-28.88,-17.27,4,1
P001,HRTF_B,23,6.888,-27.97,-17.28,4,1
P001,HRTF_B,23,6.902,-27.01,-17.27,4,1
P001,HRTF_B,23,6.916,-26.10,-17.26,4,1
P001,HRTF_B,23,6.930,-25.22,-17.24,4,1
P001,HRTF_B,23,6.944,-24.32,-17.24,4,1
P001,HRTF_B,23,6.957,-23.46,-17.24,4,1
P001,HRTF_B,23,6.971,-22.56,-17.23,4,1
P001,HRTF_B,23,6.985,-21.67,-17.24,4,1
P001,HRTF_B,23,6.999,-20.75,-17.27,4,1
P001,HRTF_B,23,7.013,-19.82,-17.27,4,1
P001,HRTF_B,23,7.027,-18.86,-17.30,4,1
P001,HRTF_B,23,7.041,-17.90,-17.32,4,1
P001,HRTF_B,23,7.055,-16.88,-17.29,4,1
P001,HRTF_B,23,7.069,-15.82,-17.28,4,1
P001,HRTF_B,23,7.083,-14.77,-17.26,4,1
P001,HRTF_B,23,7.096,-13.66,-17.29,4,1
P001,HRTF_B,23,7.110,-12.54,-17.33,4,1
P001,HRTF_B,23,7.124,-11.41,-17.34,4,1
P001,HRTF_B,23,7.138,-10.26,-17.33,4,1
P001,HRTF_B,23,7.152,-9.10,-17.36,4,1
P001,HRTF_B,23,7.166,-7.94,-17.42,4,1
P001,HRTF_B,23,7.180,-6.75,-17.45,4,1
P001,HRTF_B,23,7.194,-5.60,-17.50,4,1
P001,HRTF_B,23,7.208,-4.41,-17.55,4,1
P001,HRTF_B,23,7.221,-3.27,-17.57,4,1
P001,HRTF_B,23,7.235,-2.11,-17.58,4,1
P001,HRTF_B,23,7.249,-0.97,-17.58,4,1
P001,HRTF_B,23,7.263,0.19,-17.55,4,1
P001,HRTF_B,23,7.277,1.33,-17.55,4,1
P001,HRTF_B,23,7.291,2.45,-17.52,4,1
P001,HRTF_B,23,7.305,3.56,-17.48,4,1
P001,HRTF_B,23,7.319,4.64,-17.43,4,1
P001,HRTF_B,23,7.333,5.68,-17.31,4,1
P001,HRTF_B,23,7.346,6.75,-17.19,4,1
P001,HRTF_B,23,7.360,7.82,-17.07,4,1
P001,HRTF_B,23,7.374,8.83,-16.92,4,1
P001,HRTF_B,23,7.388,9.85,-16.76,4,1
P001,HRTF_B,23,7.402,10.86,-16.56,4,1
P001,HRTF_B,23,7.416,11.86,-16.41,4,1
P001,HRTF_B,23,7.430,12.90,-16.23,4,1
P001,HRTF_B,23,7.444,13.99,-16.06,4,1
P001,HRTF_B,23,7.458,15.04,-15.90,4,1
P001,HRTF_B,23,7.471,16.06,-15.78,4,1
P001,HRTF_B,23,7.485,17.10,-15.68,4,1
P001,HRTF_B,23,7.499,18.11,-15.53,4,1
P001,HRTF_B,23,7.513,19.12,-15.45,4,1
P001,HRTF_B,23,7.527,20.16,-15.37,4,1
P001,HRTF_B,23,7.541,21.23,-15.27,4,1
P001,HRTF_B,23,7.555,22.19,-15.24,4,1
P001,HRTF_B,23,7.569,23.23,-15.15,4,1
P001,HRTF_B,23,7.582,24.18,-15.10,4,1
P001,HRTF_B,23,7.596,25.11,-15.00,4,1
P001,HRTF_B,23,7.610,26.05,-14.93,4,1
P001,HRTF_B,23,7.624,27.01,-14.83,4,1
P001,HRTF_B,23,7.638,27.94,-14.74,4,1
P001,HRTF_B,23,7.652,28.83,-14.64,4,1
P001,HRTF_B,23,7.666,29.76,-14.55,4,1
P001,HRTF_B,23,7.680,30.66,-14.43,4,1
P001,HRTF_B,23,7.694,31.54,-14.33,4,1
P001,HRTF_B,23,7.708,32.44,-14.21,4,1
P001,HRTF_B,23,7.721,33.37,-14.16,4,1
P001,HRTF_B,23,7.735,34.28,-14.07,4,1
P001,HRTF_B,23,7.749,35.20,-13.97,4,1
P001,HRTF_B,23,7.763,36.13,-13.90,4,1
P001,HRTF_B,23,7.777,37.08,-13.81,4,1
P001,HRTF_B,23,7.791,38.01,-13.75,4,1
P001,HRTF_B,23,7.805,38.98,-13.71,4,1
P001,HRTF_B,23,7.819,39.95,-13.65,4,1
P001,HRTF_B,23,7.832,40.89,-13.59,4,1
P001,HRTF_B,23,7.846,41.85,-13.55,4,1
P001,HRTF_B,23,7.860,42.79,-13.53,4,1
P001,HRTF_B,23,7.874,43.73,-13.52,4,1
P001,HRTF_B,23,7.888,44.67,-13.51,4,1
P001,HRTF_B,23,7.902,45.63,-13.50,4,1
P001,HRTF_B,23,7.916,46.62,-13.50,4,1
P001,HRTF_B,23,7.930,47.62,-13.49,4,1
P001,HRTF_B,23,7.944,48.65,-13.47,4,1
P001,HRTF_B,23,7.957,49.72,-13.39,4,1
P001,HRTF_B,23,7.971,50.80,-13.35,4,1
P001,HRTF_B,23,7.985,51.97,-13.26,4,1
P001,HRTF_B,23,7.999,53.30,-13.16,4,1
P001,HRTF_B,23,8.013,54.71,-13.03,4,1
P001,HRTF_B,23,8.027,56.18,-12.87,4,1
P001,HRTF_B,23,8.041,57.71,-12.69,4,1
P001,HRTF_B,23,8.055,59.36,-12.44,4,1
P001,HRTF_B,23,8.069,61.11,-12.17,4,1
P001,HRTF_B,23,8.083,62.86,-11.90,4,1
P001,HRTF_B,23,8.096,64.76,-11.68,4,1
P001,HRTF_B,23,8.110,66.76,-11.43,4,1
P001,HRTF_B,23,8.124,68.77,-11.20,4,1
P001,HRTF_B,23,8.138,70.84,-10.92,4,1
P001,HRTF_B,23,8.152,72.89,-10.56,4,1
P001,HRTF_B,23,8.166,75.00,-10.18,4,1
P001,HRTF_B,23,8.180,77.13,-9.80,4,1
P001,HRTF_B,23,8.194,79.27,-9.41,4,1
P001,HRTF_B,23,8.207,81.39,-9.00,4,1
P001,HRTF_B,23,8.221,83.52,-8.60,4,1
P001,HRTF_B,23,8.235,85.70,-8.21,4,1
P001,HRTF_B,23,8.250,87.92,-7.75,4,1
P001,HRTF_B,23,8.263,90.15,-7.30,4,1
P001,HRTF_B,23,8.277,92.35,-6.88,4,1
P001,HRTF_B,23,8.291,94.51,-6.40,4,1
P001,HRTF_B,23,8.305,96.62,-5.96,4,1
P001,HRTF_B,23,8.319,98.78,-5.54,4,1
P001,HRTF_B,23,8.332,100.94,-5.16,4,1
P001,HRTF_B,23,8.347,103.03,-4.80,4,1
P001,HRTF_B,23,8.360,105.09,-4.47,4,1
P001,HRTF_B,23,8.374,107.13,-4.16,4,1
P001,HRTF_B,23,8.388,109.14,-3.83,4,1
P001,HRTF_B,23,8.402,111.12,-3.53,4,1
P001,HRTF_B,23,8.416,113.09,-3.29,4,1
P001,HRTF_B,23,8.430,114.97,-3.07,4,1
P001,HRTF_B,23,8.444,116.84,-2.82,4,1
P001,HRTF_B,23,8.457,118.65,-2.58,4,1
P001,HRTF_B,23,8.471,120.40,-2.29,4,1
P001,HRTF_B,23,8.485,122.13,-2.05,4,1
P001,HRTF_B,23,8.499,123.79,-1.81,4,1
P001,HRTF_B,23,8.513,125.44,-1.54,4,1
P001,HRTF_B,23,8.527,127.02,-1.31,4,1
P001,HRTF_B,23,8.541,128.51,-1.06,4,1
P001,HRTF_B,23,8.555,129.92,-0.78,4,1
P001,HRTF_B,23,8.569,131.34,-0.54,4,1
P001,HRTF_B,23,8.582,132.66,-0.27,4,1
P001,HRTF_B,23,8.596,133.93,0.01,4,1
P001,HRTF_B,23,8.610,135.17,0.24,4,1
P001,HRTF_B,23,8.624,136.37,0.48,4,1
P001,HRTF_B,23,8.638,137.59,0.70,4,1
P001,HRTF_B,23,8.652,138.77,0.95,4,1
P001,HRTF_B,23,8.666,139.94,1.18,4,1
P001,HRTF_B,23,8.680,141.05,1.43,4,1
P001,HRTF_B,23,8.694,142.21,1.67,4,1
P001,HRTF_B,23,8.708,143.38,1.96,4,1
P001,HRTF_B,23,8.721,144.52,2.27,4,1
P001,HRTF_B,23,8.735,145.64,2.63,4,1
P001,HRTF_B,23,8.749,146.75,2.93,4,1
P001,HRTF_B,23,8.763,147.77,3.17,4,1
P001,HRTF_B,23,8.777,148.87,3.37,4,1
P001,HRTF_B,23,8.791,149.87,3.53,4,1
P001,HRTF_B,23,8.805,150.91,3.70,4,1
P001,HRTF_B,23,8.819,151.88,3.88,4,1
P001,HRTF_B,23,8.832,152.86,4.01,4,1
P001,HRTF_B,23,8.847,153.85,4.14,4,1
P001,HRTF_B,23,8.860,154.82,4.25,4,1
P001,HRTF_B,23,8.874,155.67,4.34,4,1
P001,HRTF_B,23,8.888,156.59,4.50,4,1
P001,HRTF_B,23,8.902,157.49,4.66,4,1
P001,HRTF_B,23,8.916,158.35,4.77,4,1
P001,HRTF_B,23,8.930,159.20,4.88,4,1
P001,HRTF_B,23,8.944,159.98,4.98,4,1
P001,HRTF_B,23,8.958,160.79,5.10,4,1
P001,HRTF_B,23,8.971,161.53,5.33,4,1
P001,HRTF_B,23,8.985,162.22,5.59,4,1
P001,HRTF_B,23,8.999,162.80,5.93,4,1
P001,HRTF_B,23,9.013,163.29,6.29,4,1
P001,HRTF_B,23,9.027,163.67,6.66,4,1
P001,HRTF_B,23,9.041,163.94,7.08,4,1
P001,HRTF_B,23,9.055,164.06,7.55,4,1
P001,HRTF_B,23,9.069,164.13,7.94,4,1
P001,HRTF_B,23,9.083,164.17,8.37,4,1
P001,HRTF_B,23,9.097,164.16,8.74,4,1
P001,HRTF_B,23,9.111,164.12,9.02,4,1
P001,HRTF_B,23,9.124,164.01,9.28,4,1
P001,HRTF_B,23,9.138,163.79,9.52,4,1
P001,HRTF_B,23,9.152,163.47,9.70,4,1
P001,HRTF_B,23,9.166,163.08,9.88,4,1
P001,HRTF_B,23,9.180,162.61,10.07,4,1
P001,HRTF_B,23,9.194,162.13,10.27,4,1
P001,HRTF_B,23,9.208,161.49,10.42,4,1
P001,HRTF_B,23,9.221,160.84,10.59,4,1
P001,HRTF_B,23,9.235,160.14,10.71,4,1
P001,HRTF_B,23,9.249,159.39,10.85,4,1
P001,HRTF_B,23,9.263,158.58,11.04,4,1
P001,HRTF_B,23,9.277,157.72,11.19,4,1
P001,HRTF_B,23,9.291,156.88,11.32,4,1
P001,HRTF_B,23,9.305,155.95,11.48,4,1
P001,HRTF_B,23,9.319,155.06,11.61,4,1
P001,HRTF_B,23,9.333,154.10,11.78,4,1
P001,HRTF_B,23,9.346,153.09,11.94,4,1
P001,HRTF_B,23,9.360,152.02,12.17,4,1
P001,HRTF_B,23,9.374,150.87,12.33,4,1
P001,HRTF_B,23,9.388,149.70,12.48,4,1
P001,HRTF_B,23,9.402,148.53,12.62,4,1
P001,HRTF_B,23,9.416,147.36,12.76,4,1
P001,HRTF_B,23,9.430,146.21,12.93,4,1
P001,HRTF_B,23,9.443,145.11,13.09,4,1
P001,HRTF_B,23,9.457,144.00,13.26,4,1
P001,HRTF_B,23,9.471,142.95,13.39,4,1
P001,HRTF_B,23,9.485,141.95,13.48,4,1
P001,HRTF_B,23,9.499,140.94,13.54,4,1
P001,HRTF_B,23,9.513,140.04,13.57,4,1
P001,HRTF_B,23,9.527,139.18,13.57,4,1
P001,HRTF_B,23,9.541,138.33,13.51,4,1
P001,HRTF_B,23,9.555,137.52,13.40,4,1
P001,HRTF_B,23,9.569,136.74,13.22,4,1
P001,HRTF_B,23,9.583,136.05,12.82,4,1
P001,HRTF_B,23,9.596,135.42,12.35,4,1
P001,HRTF_B,23,9.610,134.86,11.62,4,1
P001,HRTF_B,23,9.624,134.40,10.46,4,1
P001,HRTF_B,23,9.638,134.13,8.90,4,1
P001,HRTF_B,23,9.652,134.06,6.89,4,1
P001,HRTF_B,23,9.666,134.18,4.75,4,1
P001,HRTF_B,23,9.680,134.35,2.67,4,1
P001,HRTF_B,23,9.694,134.72,0.43,4,1
P001,HRTF_B,23,9.707,135.19,-1.86,4,1
P001,HRTF_B,23,9.721,135.68,-4.07,4,1
P001,HRTF_B,23,9.735,136.20,-6.10,4,1
P001,HRTF_B,23,9.749,136.63,-8.01,4,1
P001,HRTF_B,23,9.763,137.18,-9.65,4,1
P001,HRTF_B,23,9.777,137.74,-11.19,4,1
P001,HRTF_B,23,9.791,138.42,-12.49,4,1
P001,HRTF_B,23,9.805,139.13,-13.76,4,1
P001,HRTF_B,23,9.818,139.94,-14.80,4,1
P001,HRTF_B,23,9.833,140.69,-15.79,4,1
P001,HRTF_B,23,9.846,141.52,-16.72,4,1
P001,HRTF_B,23,9.860,142.36,-17.62,4,1
P001,HRTF_B,23,9.874,143.43,-18.34,4,1
P001,HRTF_B,23,9.888,144.55,-19.00,4,1
P001,HRTF_B,23,9.902,145.74,-19.69,4,1
P001,HRTF_B,23,9.916,147.09,-20.29,4,1
P001,HRTF_B,23,9.930,148.54,-20.80,4,1
P001,HRTF_B,23,9.944,150.11,-21.29,4,1
P001,HRTF_B,23,9.958,151.85,-21.70,4,1
P001,HRTF_B,23,9.971,153.69,-22.00,4,1
P001,HRTF_B,23,9.985,155.49,-22.29,4,1
P001,HRTF_B,23,9.999,157.49,-22.33,4,1
P001,HRTF_B,23,10.013,159.67,-22.29,4,1
P001,HRTF_B,23,10.027,162.02,-22.13,4,1
P001,HRTF_B,23,10.041,164.40,-21.87,4,1
P001,HRTF_B,23,10.055,166.82,-21.48,4,1
P001,HRTF_B,23,10.069,169.17,-21.03,4,1
P001,HRTF_B,23,10.083,171.41,-20.58,4,1
P001,HRTF_B,23,10.096,173.45,-20.21,4,1
P001,HRTF_B,23,10.110,175.34,-19.91,4,1
P001,HRTF_B,23,10.124,177.20,-19.72,4,1
P001,HRTF_B,23,10.138,178.89,-19.57,4,1
P001,HRTF_B,23,10.152,-179.55,-19.56,4,1
P001,HRTF_B,23,10.166,-178.10,-19.56,4,1
P001,HRTF_B,23,10.180,-176.74,-19.62,4,1
P001,HRTF_B,23,10.194,-175.72,-19.98,4,1
P001,HRTF_B,23,10.207,-174.73,-20.32,4,1
P001,HRTF_B,23,10.222,-173.82,-20.66,4,1
P001,HRTF_B,23,10.235,-173.28,-20.96,4,1
P001,HRTF_B,23,10.249,-172.69,-21.26,4,1
P001,HRTF_B,23,10.263,-172.18,-21.42,4,1
P001,HRTF_B,23,10.277,-171.73,-21.61,4,1
P001,HRTF_B,23,10.291,-171.34,-21.76,4,1
P001,HRTF_B,23,10.305,-170.93,-21.77,4,1
P001,HRTF_B,23,10.319,-170.44,-21.70,4,1
P001,HRTF_B,23,10.333,-169.79,-21.52,4,1
P001,HRTF_B,23,10.347,-169.10,-21.41,4,1
P001,HRTF_B,23,10.361,-168.30,-21.29,4,1
P001,HRTF_B,23,10.374,-167.54,-21.19,4,1
P001,HRTF_B,23,10.388,-166.71,-21.20,4,1
P001,HRTF_B,23,10.402,-165.90,-21.37,4,1
P001,HRTF_B,23,10.416,-165.11,-21.70,4,1
P001,HRTF_B,23,10.430,-164.44,-22.12,4,1
P001,HRTF_B,23,10.444,-163.86,-22.82,4,1
P001,HRTF_B,23,10.458,-163.40,-23.68,4,1
P001,HRTF_B,23,10.471,-163.01,-24.74,4,1
P001,HRTF_B,23,10.485,-162.74,-25.89,4,1
P001,HRTF_B,23,10.499,-162.49,-27.09,4,1
P001,HRTF_B,23,10.513,-162.44,-28.70,4,1
P001,HRTF_B,23,10.527,-162.44,-30.41,4,1
P001,HRTF_B,23,10.541,-162.30,-32.04,4,1
P001,HRTF_B,23,10.555,-162.33,-33.67,4,1
P001,HRTF_B,23,10.569,-162.43,-35.27,4,1
P001,HRTF_B,23,10.583,-162.65,-36.84,4,1
P001,HRTF_B,23,10.596,-162.96,-38.33,4,1
P001,HRTF_B,23,10.610,-163.43,-39.59,4,1
P001,HRTF_B,23,10.624,-163.91,-40.79,4,1
P001,HRTF_B,23,10.638,-164.81,-41.83,4,1
P001,HRTF_B,23,10.652,-165.60,-42.97,4,1
P001,HRTF_B,23,10.666,-166.47,-44.06,4,1
P001,HRTF_B,23,10.680,-167.35,-45.05,4,1
P001,HRTF_B,23,10.694,-168.23,-46.05,4,1
P001,HRTF_B,23,10.708,-169.20,-47.02,4,1
P001,HRTF_B,23,10.721,-170.23,-47.87,4,1
P001,HRTF_B,23,10.735,-171.41,-48.65,4,1
P001,HRTF_B,23,10.749,-172.67,-49.37,4,1
P001,HRTF_B,23,10.763,-173.93,-50.06,4,1
P001,HRTF_B,23,10.777,-175.15,-50.84,4,1
P001,HRTF_B,23,10.791,-176.36,-51.64,4,1
P001,HRTF_B,23,10.805,-177.46,-52.47,4,1
P001,HRTF_B,23,10.819,-178.50,-53.28,4,1
P001,HRTF_B,23,10.833,-179.61,-54.11,4,1
P001,HRTF_B,23,10.846,179.31,-54.98,4,1
P001,HRTF_B,23,10.860,178.15,-55.89,4,1
P001,HRTF_B,23,10.874,177.05,-56.87,4,1
P001,HRTF_B,23,10.888,175.73,-57.81,4,1
P001,HRTF_B,23,10.902,174.37,-58.69,4,1
P001,HRTF_B,23,10.916,172.95,-59.58,4,1
P001,HRTF_B,23,10.930,171.37,-60.52,4,1
P001,HRTF_B,23,10.944,169.87,-61.47,4,1
P001,HRTF_B,23,10.958,168.41,-62.43,4,1
P001,HRTF_B,23,10.971,167.02,-63.35,4,1
P001,HRTF_B,23,10.985,165.49,-64.25,4,1
P001,HRTF_B,23,10.999,164.06,-65.08,4,1
P001,HRTF_B,23,11.013,162.60,-65.92,4,1
P001,HRTF_B,23,11.027,161.01,-66.73,4,1
P001,HRTF_B,23,11.041,159.64,-67.55,4,1
P001,HRTF_B,23,11.055,158.10,-68.31,4,1
P001,HRTF_B,23,11.069,156.59,-68.98,4,1
P001,HRTF_B,23,11.083,155.18,-69.71,4,1
P001,HRTF_B,23,11.096,153.99,-70.47,4,1
P001,HRTF_B,23,11.110,152.91,-71.19,4,1
P001,HRTF_B,23,11.124,152.00,-71.90,4,1
P001,HRTF_B,23,11.138,151.25,-72.43,4,1
P001,HRTF_B,23,11.152,150.69,-72.90,4,1
P001,HRTF_B,23,11.166,150.19,-73.37,4,1
P001,HRTF_B,23,11.180,149.62,-73.86,4,1
P001,HRTF_B,23,11.194,149.17,-74.36,4,1
P001,HRTF_B,23,11.207,148.80,-74.82,4,1
P001,HRTF_B,23,11.221,148.29,-75.27,4,1
P001,HRTF_B,23,11.235,147.59,-75.65,4,1
P001,HRTF_B,23,11.249,146.84,-75.85,4,1
P001,HRTF_B,23,11.263,146.48,-75.92,4,1
P001,HRTF_B,23,11.277,145.42,-76.14,4,1
P001,HRTF_B,23,11.291,143.97,-76.25,4,1
P001,HRTF_B,23,11.305,143.02,-76.36,4,1
P001,HRTF_B,23,11.319,141.29,-76.26,4,1
P001,HRTF_B,23,11.333,139.22,-76.00,4,1
P001,HRTF_B,23,11.347,137.25,-75.61,4,1
P001,HRTF_B,23,11.360,134.46,-75.06,4,1
P001,HRTF_B,23,11.374,132.06,-74.46,4,1
P001,HRTF_B,23,11.388,129.33,-73.60,4,1
P001,HRTF_B,23,11.402,126.76,-72.64,4,1
P001,HRTF_B,23,11.416,124.45,-71.64,4,1
P001,HRTF_B,23,11.430,122.62,-70.20,4,1
P001,HRTF_B,23,11.444,120.92,-68.77,4,1
P001,HRTF_B,23,11.457,119.31,-67.13,4,1
P001,HRTF_B,23,11.472,117.76,-65.40,4,1
P001,HRTF_B,23,11.485,116.39,-63.68,4,1
P001,HRTF_B,23,11.499,115.13,-61.86,4,1
P001,HRTF_B,23,11.513,114.10,-60.00,4,1
P001,HRTF_B,23,11.527,113.29,-58.01,4,1
P001,HRTF_B,23,11.541,112.75,-55.81,4,1
P001,HRTF_B,23,11.555,112.11,-53.41,4,1
P001,HRTF_B,23,11.569,111.83,-51.05,4,1
P001,HRTF_B,23,11.582,111.54,-48.43,4,1
P001,HRTF_B,23,11.596,111.26,-45.81,4,1
P001,HRTF_B,23,11.610,111.09,-42.95,4,1
P001,HRTF_B,23,11.624,110.81,-40.27,4,1
P001,HRTF_B,23,11.638,110.44,-37.65,4,1
P001,HRTF_B,23,11.652,110.12,-35.07,4,1
P001,HRTF_B,23,11.666,109.78,-32.49,4,1
P001,HRTF_B,23,11.680,109.43,-29.82,4,1
P001,HRTF_B,23,11.694,109.06,-27.07,4,1
P001,HRTF_B,23,11.707,108.69,-24.28,4,1
P001,HRTF_B,23,11.722,108.26,-21.52,4,1
P001,HRTF_B,23,11.735,107.84,-18.85,4,1
P001,HRTF_B,23,11.749,107.48,-16.30,4,1
P001,HRTF_B,23,11.763,107.12,-13.79,4,1
P001,HRTF_B,23,11.777,106.82,-11.44,4,1
P001,HRTF_B,23,11.791,106.47,-9.23,4,1
P001,HRTF_B,23,11.805,106.06,-7.05,4,1
P001,HRTF_B,23,11.819,105.66,-4.87,4,1
P001,HRTF_B,23,11.833,105.27,-2.58,4,1
P001,HRTF_B,23,11.846,104.88,-0.35,4,1
P001,HRTF_B,23,11.860,104.55,1.95,4,1
P001,HRTF_B,23,11.874,104.18,4.26,4,1
P001,HRTF_B,23,11.888,103.78,6.44,4,1
P001,HRTF_B,23,11.902,103.34,8.17,4,1
P001,HRTF_B,23,11.916,102.91,9.66,4,1
P001,HRTF_B,23,11.930,102.42,10.79,4,1
P001,HRTF_B,23,11.944,101.89,11.76,4,1
P001,HRTF_B,23,11.958,101.28,12.40,4,1
P001,HRTF_B,23,11.971,100.62,13.44,4,1
P001,HRTF_B,23,11.985,100.08,14.63,4,1
P001,HRTF_B,23,11.999,99.49,15.72,4,1
P001,HRTF_B,23,12.013,98.86,16.69,4,1
P001,HRTF_B,23,12.027,98.25,17.52,4,1
P001,HRTF_B,23,12.041,97.73,18.36,4,1
P001,HRTF_B,23,12.055,97.07,19.19,4,1
P001,HRTF_B,23,12.069,96.36,20.02,4,1
P001,HRTF_B,23,12.082,95.85,20.79,4,1
P001,HRTF_B,23,12.096,95.26,21.31,4,1
P001,HRTF_B,23,12.110,94.68,21.70,4,1
P001,HRTF_B,23,12.124,94.08,21.86,4,1
P001,HRTF_B,23,12.138,93.49,21.88,4,1
P001,HRTF_B,23,12.152,92.91,21.79,4,1
P001,HRTF_B,23,12.166,92.36,21.53,4,1
P001,HRTF_B,23,12.180,91.80,21.30,4,1
P001,HRTF_B,23,12.194,91.13,20.92,4,1
P001,HRTF_B,23,12.207,90.33,20.38,4,1
P001,HRTF_B,23,12.221,89.43,19.74,4,1
P001,HRTF_B,23,12.235,88.36,18.85,4,1
P001,HRTF_B,23,12.249,87.04,17.98,4,1
P001,HRTF_B,23,12.263,85.65,17.13,4,1
P001,HRTF_B,23,12.277,84.05,16.42,4,1
P001,HRTF_B,23,12.291,82.26,15.78,4,1
P001,HRTF_B,23,12.308,80.43,15.25,4,1
P001,HRTF_B,23,12.322,78.64,14.86,4,1
P001,HRTF_B,23,12.336,76.79,14.71,4,1
P001,HRTF_B,23,12.350,74.97,14.79,4,1
P001,HRTF_B,23,12.364,73.19,14.90,4,1
P001,HRTF_B,23,12.388,71.41,15.16,4,1
P001,HRTF_B,23,12.402,69.68,15.80,4,1
P001,HRTF_B,23,12.416,66.35,16.42,4,1
P001,HRTF_B,23,12.430,64.85,16.87,4,1
P001,HRTF_B,23,12.443,63.57,17.54,4,1
P001,HRTF_B,23,12.457,62.30,18.15,4,1
P001,HRTF_B,23,12.472,61.26,18.80,4,1
P001,HRTF_B,23,12.485,60.30,19.21,4,1
P001,HRTF_B,23,12.499,59.45,19.51,4,1
P001,HRTF_B,23,12.513,58.79,19.67,4,1
P001,HRTF_B,23,12.527,58.17,19.90,4,1
P001,HRTF_B,23,12.541,57.62,20.27,4,1
P001,HRTF_B,23,12.554,57.23,20.74,4,1
P001,HRTF_B,23,12.569,56.91,21.22,4,1
P001,HRTF_B,23,12.582,56.60,21.73,4,1
P001,HRTF_B,23,12.596,56.40,22.15,4,1
P001,HRTF_B,23,12.610,56.22,22.54,4,1
P001,HRTF_B,23,12.624,56.02,22.90,4,1
P001,HRTF_B,23,12.638,55.86,23.23,4,1
P001,HRTF_B,23,12.652,55.77,23.38,4,1
P001,HRTF_B,23,12.666,55.66,23.52,4,1
P001,HRTF_B,23,12.680,55.59,23.60,4,1
P001,HRTF_B,23,12.694,55.54,23.66,4,1
P001,HRTF_B,23,12.707,55.48,23.77,4,1
P001,HRTF_B,23,12.721,55.41,23.86,4,1
P001,HRTF_B,23,12.735,55.29,23.88,4,1
P001,HRTF_B,23,12.751,55.13,23.89,4,1
P001,HRTF_B,23,12.763,54.95,23.85,4,1
P001,HRTF_B,23,12.777,54.76,23.79,4,1
P001,HRTF_B,23,12.791,54.54,23.72,4,1
P001,HRTF_B,23,12.805,54.31,23.67,4,1
P001,HRTF_B,23,12.818,54.03,23.61,4,1
P001,HRTF_B,23,12.832,53.74,23.53,4,1
P001,HRTF_B,23,12.846,53.43,23.42,4,1
P001,HRTF_B,23,12.860,53.08,23.32,4,1
P001,HRTF_B,23,12.874,52.74,23.21,4,1
P001,HRTF_B,23,12.888,52.37,23.13,4,1
P001,HRTF_B,23,12.902,51.98,23.02,4,1
P001,HRTF_B,23,12.916,51.54,22.89,4,1
P001,HRTF_B,23,12.930,51.10,22.74,4,1
P001,HRTF_B,23,12.944,50.60,22.60,4,1
P001,HRTF_B,23,12.957,50.11,22.45,4,1
P001,HRTF_B,23,12.971,49.56,22.31,4,1
P001,HRTF_B,23,12.985,48.98,22.21,4,1
P001,HRTF_B,23,12.999,48.34,22.10,4,1
P001,HRTF_B,23,13.013,47.70,22.02,4,1
P001,HRTF_B,23,13.027,47.05,21.96,4,1
P001,HRTF_B,23,13.041,46.36,21.93,4,1
P001,HRTF_B,23,13.055,45.66,21.88,4,1
P001,HRTF_B,23,13.069,44.94,21.88,4,1
P001,HRTF_B,23,13.083,44.25,21.87,4,1
P001,HRTF_B,23,13.096,43.53,21.90,4,1
P001,HRTF_B,23,13.110,42.81,21.92,4,1
P001,HRTF_B,23,13.124,42.10,21.97,4,1
P001,HRTF_B,23,13.140,41.33,22.07,4,1
P001,HRTF_B,23,13.153,40.63,22.14,4,1
P001,HRTF_B,23,13.167,39.89,22.22,4,1
P001,HRTF_B,23,13.181,39.19,22.24,4,1
P001,HRTF_B,23,13.194,38.52,22.28,4,1
P001,HRTF_B,23,13.208,37.89,22.29,4,1
P001,HRTF_B,23,13.222,37.16,22.35,4,1
P001,HRTF_B,23,13.236,36.43,22.35,4,1
P001,HRTF_B,23,13.249,35.65,22.26,4,1
P001,HRTF_B,23,13.263,34.85,22.26,4,1
P001,HRTF_B,23,13.277,34.04,22.19,4,1
P001,HRTF_B,23,13.291,33.18,22.15,4,1
P001,HRTF_B,23,13.305,32.20,22.04,4,1
P001,HRTF_B,23,13.318,31.14,21.91,4,1
P001,HRTF_B,23,13.332,29.97,21.78,4,1
P001,HRTF_B,23,13.346,28.87,21.63,4,1
P001,HRTF_B,23,13.360,27.78,21.50,4,1
P001,HRTF_B,23,13.374,26.64,21.37,4,1
P001,HRTF_B,23,13.388,25.45,21.16,4,1
P001,HRTF_B,23,13.402,24.21,20.94,4,1
P001,HRTF_B,23,13.416,22.98,20.78,4,1
P001,HRTF_B,23,13.429,21.74,20.63,4,1
P001,HRTF_B,23,13.443,20.55,20.50,4,1
P001,HRTF_B,23,13.457,19.33,20.40,4,1
P001,HRTF_B,23,13.471,18.16,20.27,4,1
P001,HRTF_B,23,13.485,16.96,20.13,4,1
P001,HRTF_B,23,13.499,15.83,19.99,4,1
P001,HRTF_B,23,13.513,14.75,19.88,4,1
P001,HRTF_B,23,13.527,13.69,19.74,4,1
P001,HRTF_B,23,13.540,12.65,19.60,4,1
P001,HRTF_B,23,13.554,11.63,19.47,4,1
P001,HRTF_B,23,13.569,10.72,19.31,4,1
P001,HRTF_B,23,13.583,9.83,19.15,4,1
P001,HRTF_B,23,13.596,8.96,19.03,4,1
P001,HRTF_B,23,13.610,8.11,18.86,4,1
P001,HRTF_B,23,13.624,7.29,18.72,4,1
P001,HRTF_B,23,13.638,6.53,18.60,4,1
P001,HRTF_B,23,13.652,5.79,18.51,4,1
P001,HRTF_B,23,13.666,5.01,18.37,4,1
P001,HRTF_B,23,13.680,4.23,18.28,4,1
P001,HRTF_B,23,13.694,3.47,18.14,4,1
P001,HRTF_B,23,13.707,2.76,18.05,4,1
P001,HRTF_B,23,13.721,2.02,17.98,4,1
P001,HRTF_B,23,13.735,1.28,17.92,4,1
P001,HRTF_B,23,13.749,0.63,17.90,4,1
P001,HRTF_B,23,13.763,-0.05,17.86,4,1
P001,HRTF_B,23,13.777,-0.72,17.83,4,1
P001,HRTF_B,23,13.790,-1.37,17.79,4,1
P001,HRTF_B,23,13.805,-2.00,17.78,4,1
P001,HRTF_B,23,13.818,-2.67,17.81,4,1
P001,HRTF_B,23,13.833,-3.26,17.85,4,1
P001,HRTF_B,23,13.846,-3.87,17.88,4,1
P001,HRTF_B,23,13.860,-4.43,17.91,4,1
P001,HRTF_B,23,13.874,-5.06,17.93,4,1
P001,HRTF_B,23,13.888,-5.59,17.96,4,1
P001,HRTF_B,23,13.902,-6.14,18.02,4,1
P001,HRTF_B,23,13.916,-6.69,18.01,4,1
P001,HRTF_B,23,13.930,-7.29,18.03,4,1
P001,HRTF_B,23,13.943,-7.95,17.99,4,1
P001,HRTF_B,23,13.957,-8.58,17.97,4,1
P001,HRTF_B,23,13.971,-9.19,17.94,4,1
P001,HRTF_B,23,13.985,-9.74,17.91,4,1
P001,HRTF_B,23,13.999,-10.34,17.91,4,1
P001,HRTF_B,23,14.013,-10.86,17.92,4,1
P001,HRTF_B,23,14.027,-11.34,17.91,4,1
P001,HRTF_B,23,14.040,-11.81,17.94,4,1
P001,HRTF_B,23,14.054,-12.22,17.93,4,1
P001,HRTF_B,23,14.068,-12.59,17.93,4,1
P001,HRTF_B,23,14.082,-12.89,17.94,4,1
P001,HRTF_B,23,14.096,-13.21,17.96,4,1
P001,HRTF_B,23,14.110,-13.42,17.93,4,1
P001,HRTF_B,23,14.124,-13.61,17.94,4,1
P001,HRTF_B,23,14.138,-13.74,17.94,4,1
P001,HRTF_B,23,14.152,-13.84,17.90,4,1
P001,HRTF_B,23,14.166,-13.91,17.86,4,1
P001,HRTF_B,23,14.180,-13.97,17.82,4,1
P001,HRTF_B,23,14.193,-14.00,17.79,4,1
P001,HRTF_B,23,14.207,-13.99,17.76,4,1
P001,HRTF_B,23,14.221,-13.97,17.71,4,1
P001,HRTF_B,23,14.235,-13.95,17.65,4,1
P001,HRTF_B,23,14.249,-13.88,17.59,4,1
P001,HRTF_B,23,14.263,-13.81,17.54,4,1
P001,HRTF_B,23,14.277,-13.74,17.50,4,1
P001,HRTF_B,23,14.290,-13.64,17.50,4,1
P001,HRTF_B,23,14.305,-13.57,17.48,4,1
P001,HRTF_B,23,14.319,-13.48,17.45,4,1
P001,HRTF_B,23,14.332,-13.41,17.41,4,1
P001,HRTF_B,23,14.346,-13.34,17.35,4,1
P001,HRTF_B,23,14.360,-13.26,17.29,4,1
P001,HRTF_B,23,14.374,-13.17,17.23,4,1
P001,HRTF_B,23,14.388,-13.07,17.20,4,1
P001,HRTF_B,23,14.402,-12.97,17.17,4,1
P001,HRTF_B,23,14.415,-12.86,17.13,4,1
P001,HRTF_B,23,14.429,-12.75,17.09,4,1
P001,HRTF_B,23,14.443,-12.62,17.05,4,1
P001,HRTF_B,23,14.457,-12.49,17.03,4,1
P001,HRTF_B,23,14.471,-12.28,17.03,4,1
P001,HRTF_B,23,14.485,-11.95,17.06,4,1
P001,HRTF_B,23,14.499,-11.51,17.07,4,1
P001,HRTF_B,23,14.513,-11.01,17.09,4,1
P001,HRTF_B,23,14.527,-10.31,17.13,4,1
P001,HRTF_B,23,14.541,-9.57,17.19,4,1
P001,HRTF_B,23,14.554,-8.63,17.31,4,1
P001,HRTF_B,23,14.568,-7.25,17.45,4,1
P001,HRTF_B,23,14.582,-5.86,17.60,4,1
P001,HRTF_B,23,14.596,-4.39,17.72,4,1
P001,HRTF_B,23,14.610,-2.89,17.86,4,1
P001,HRTF_B,23,14.624,-1.38,17.99,4,1
P001,HRTF_B,23,14.638,0.18,18.10,4,1
P001,HRTF_B,23,14.652,1.71,18.17,4,1
P001,HRTF_B,23,14.665,3.34,18.23,4,1
P001,HRTF_B,23,14.679,4.98,18.31,4,1
P001,HRTF_B,23,14.693,6.67,18.43,4,1
P001,HRTF_B,23,14.707,8.29,18.55,4,1
P001,HRTF_B,23,14.721,9.78,18.58,4,1
P001,HRTF_B,23,14.735,11.23,18.64,4,1
P001,HRTF_B,23,14.749,12.65,18.68,4,1
P001,HRTF_B,23,14.763,14.02,18.71,4,1
P001,HRTF_B,23,14.777,15.34,18.76,4,1
P001,HRTF_B,23,14.791,16.52,18.79,4,1
P001,HRTF_B,23,14.804,17.60,18.81,4,1
P001,HRTF_B,23,14.819,18.60,18.82,4,1
P001,HRTF_B,23,14.832,19.49,18.83,4,1
P001,HRTF_B,23,14.846,20.30,18.83,4,1
P001,HRTF_B,23,14.860,21.09,18.86,4,1
P001,HRTF_B,23,14.874,21.85,18.86,4,1
P001,HRTF_B,23,14.888,22.44,18.88,4,1
P001,HRTF_B,23,14.902,23.07,18.88,4,1
P001,HRTF_B,23,14.916,23.59,18.87,4,1
P001,HRTF_B,23,14.929,24.09,18.89,4,1
P001,HRTF_B,23,14.943,24.55,18.93,4,1
P001,HRTF_B,23,14.957,24.99,18.96,4,1
P001,HRTF_B,23,14.971,25.41,18.99,4,1
P001,HRTF_B,23,14.985,25.89,19.03,4,1
P001,HRTF_B,23,14.999,26.32,19.03,4,1
P001,HRTF_B,23,15.013,26.76,19.05,4,1
P001,HRTF_B,23,15.027,27.16,19.04,4,1
P001,HRTF_B,23,15.041,27.53,19.06,4,1
P001,HRTF_B,23,15.055,27.90,19.05,4,1
P001,HRTF_B,23,15.069,28.22,19.07,4,1
P001,HRTF_B,23,15.083,28.52,19.08,4,1
P001,HRTF_B,23,15.096,28.83,19.11,4,1
P001,HRTF_B,23,15.110,29.09,19.11,4,1
P001,HRTF_B,23,15.124,29.30,19.12,4,1
P001,HRTF_B,23,15.138,29.50,19.12,4,1
P001,HRTF_B,23,15.152,29.70,19.14,4,1
P001,HRTF_B,23,15.165,29.89,19.15,4,1
P001,HRTF_B,23,15.179,30.08,19.16,4,1
P001,HRTF_B,23,15.193,30.22,19.17,4,1
P001,HRTF_B,23,15.207,30.40,19.19,4,1
P001,HRTF_B,23,15.221,30.54,19.21,4,1
P001,HRTF_B,23,15.235,30.68,19.24,4,1
P001,HRTF_B,23,15.249,30.81,19.25,4,1
P001,HRTF_B,23,15.263,30.95,19.26,4,1
P001,HRTF_B,23,15.277,31.10,19.26,4,1
P001,HRTF_B,23,15.291,31.22,19.27,4,1
P001,HRTF_B,23,15.305,31.33,19.27,4,1
P001,HRTF_B,23,15.318,31.42,19.26,4,1
P001,HRTF_B,23,15.332,31.51,19.24,4,1
P001,HRTF_B,23,15.346,31.60,19.25,4,1
P001,HRTF_B,23,15.360,31.69,19.24,4,1
P001,HRTF_B,23,15.374,31.77,19.23,4,1
P001,HRTF_B,23,15.388,31.84,19.23,4,1
P001,HRTF_B,23,15.402,31.90,19.21,4,1
P001,HRTF_B,23,15.416,31.97,19.19,4,1
P001,HRTF_B,23,15.429,32.02,19.18,4,1
P001,HRTF_B,23,15.443,32.07,19.14,4,1
P001,HRTF_B,23,15.457,32.12,19.13,4,1
P001,HRTF_B,23,15.471,32.15,19.11,4,1
P001,HRTF_B,23,15.485,32.19,19.10,4,1
P001,HRTF_B,23,15.499,32.22,19.08,4,1
P001,HRTF_B,23,15.513,32.22,19.05,4,1
P001,HRTF_B,23,15.527,32.23,19.01,4,1
P001,HRTF_B,23,15.541,32.24,18.98,4,1
P001,HRTF_B,23,15.554,32.23,18.95,4,1
P001,HRTF_B,23,15.568,32.21,18.92,4,1
P001,HRTF_B,23,15.582,32.20,18.91,4,1
P001,HRTF_B,23,15.596,32.18,18.89,4,1
P001,HRTF_B,23,15.610,32.15,18.86,4,1
P001,HRTF_B,23,15.624,32.11,18.83,4,1
P001,HRTF_B,23,15.638,32.07,18.79,4,1
P001,HRTF_B,23,15.652,32.01,18.74,4,1
P001,HRTF_B,23,15.666,31.97,18.71,4,1
P001,HRTF_B,23,15.679,31.93,18.70,4,1
P001,HRTF_B,23,15.693,31.87,18.65,4,1
P001,HRTF_B,23,15.707,31.81,18.62,4,1
P001,HRTF_B,23,15.721,31.75,18.59,4,1
P001,HRTF_B,23,15.735,31.69,18.58,4,1
P001,HRTF_B,23,15.749,31.62,18.58,4,1
P001,HRTF_B,23,15.763,31.56,18.57,4,1
P001,HRTF_B,23,15.777,31.51,18.55,4,1
P001,HRTF_B,23,15.791,31.43,18.54,4,1
P001,HRTF_B,23,15.805,31.35,18.53,4,1
P001,HRTF_B,23,15.819,31.28,18.53,4,1
P001,HRTF_B,23,15.832,31.20,18.53,4,1
P001,HRTF_B,23,15.846,31.12,18.53,4,1
P001,HRTF_B,23,15.860,31.05,18.51,4,1
P001,HRTF_B,23,15.874,30.97,18.49,4,1
P001,HRTF_B,23,15.888,30.90,18.48,4,1
P001,HRTF_B,23,15.902,30.81,18.47,4,1
P001,HRTF_B,23,15.916,30.73,18.45,4,1
P001,HRTF_B,24,0.014,-17.58,1.39,12,1
P001,HRTF_B,24,0.031,-17.38,1.33,12,1
P001,HRTF_B,24,0.042,-17.14,1.28,12,1
P001,HRTF_B,24,0.055,-16.93,1.23,12,1
P001,HRTF_B,24,0.069,-16.68,1.21,12,1
P001,HRTF_B,24,0.083,-16.40,1.19,12,1
P001,HRTF_B,24,0.097,-16.11,1.17,12,1
P001,HRTF_B,24,0.110,-15.78,1.13,12,1
P001,HRTF_B,24,0.127,-15.45,1.08,12,1
P001,HRTF_B,24,0.138,-15.15,1.03,12,1
P001,HRTF_B,24,0.152,-14.83,0.97,12,1
P001,HRTF_B,24,0.166,-14.50,0.93,12,1
P001,HRTF_B,24,0.180,-14.14,0.89,12,1
P001,HRTF_B,24,0.194,-13.80,0.86,12,1
P001,HRTF_B,24,0.208,-13.46,0.81,12,1
P001,HRTF_B,24,0.222,-13.09,0.74,12,1
P001,HRTF_B,24,0.235,-12.69,0.68,12,1
P001,HRTF_B,24,0.250,-12.25,0.62,12,1
P001,HRTF_B,24,0.263,-11.77,0.54,12,1
P001,HRTF_B,24,0.277,-11.32,0.55,12,1
P001,HRTF_B,24,0.291,-10.78,0.47,12,1
P001,HRTF_B,24,0.305,-10.23,0.45,12,1
P001,HRTF_B,24,0.319,-9.62,0.44,12,1
P001,HRTF_B,24,0.333,-8.93,0.45,12,1
P001,HRTF_B,24,0.347,-8.15,0.43,12,1
P001,HRTF_B,24,0.360,-7.27,0.45,12,1
P001,HRTF_B,24,0.374,-6.31,0.47,12,1
P001,HRTF_B,24,0.388,-5.24,0.53,12,1
P001,HRTF_B,24,0.402,-4.11,0.58,12,1
P001,HRTF_B,24,0.416,-2.93,0.72,12,1
P001,HRTF_B,24,0.430,-1.56,0.94,12,1
P001,HRTF_B,24,0.444,-0.11,1.13,12,1
P001,HRTF_B,24,0.458,1.37,1.35,12,1
P001,HRTF_B,24,0.472,2.97,1.59,12,1
P001,HRTF_B,24,0.485,4.53,1.75,12,1
P001,HRTF_B,24,0.500,6.17,1.90,12,1
P001,HRTF_B,24,0.514,7.76,1.98,12,1
P001,HRTF_B,24,0.527,9.40,2.07,12,1
P001,HRTF_B,24,0.541,10.99,2.18,12,1
P001,HRTF_B,24,0.555,12.57,2.26,12,1
P001,HRTF_B,24,0.569,14.13,2.38,12,1
P001,HRTF_B,24,0.583,15.59,2.46,12,1
P001,HRTF_B,24,0.597,17.01,2.57,12,1
P001,HRTF_B,24,0.611,18.40,2.64,12,1
P001,HRTF_B,24,0.625,19.76,2.77,12,1
P001,HRTF_B,24,0.638,21.06,2.88,12,1
P001,HRTF_B,24,0.652,22.27,2.98,12,1
P001,HRTF_B,24,0.666,23.47,3.07,12,1
P001,HRTF_B,24,0.680,24.57,3.15,12,1
P001,HRTF_B,24,0.694,25.61,3.21,12,1
P001,HRTF_B,24,0.707,26.62,3.26,12,1
P001,HRTF_B,24,0.721,27.52,3.29,12,1
P001,HRTF_B,24,0.735,28.44,3.31,12,1
P001,HRTF_B,24,0.749,29.28,3.31,12,1
P001,HRTF_B,24,0.763,30.11,3.31,12,1
P001,HRTF_B,24,0.777,30.88,3.31,12,1
P001,HRTF_B,24,0.791,31.66,3.33,12,1
P001,HRTF_B,24,0.805,32.41,3.33,12,1
P001,HRTF_B,24,0.819,33.11,3.33,12,1
P001,HRTF_B,24,0.833,33.79,3.29,12,1
P001,HRTF_B,24,0.847,34.46,3.24,12,1
P001,HRTF_B,24,0.860,35.10,3.20,12,1
P001,HRTF_B,24,0.874,35.71,3.17,12,1
P001,HRTF_B,24,0.888,36.31,3.15,12,1
P001,HRTF_B,24,0.902,36.85,3.09,12,1
P001,HRTF_B,24,0.916,37.42,3.06,12,1
P001,HRTF_B,24,0.930,37.92,2.99,12,1
P001,HRTF_B,24,0.944,38.43,2.95,12,1
P001,HRTF_B,24,0.958,38.92,2.95,12,1
P001,HRTF_B,24,0.972,39.36,2.90,12,1
P001,HRTF_B,24,0.985,39.81,2.91,12,1
P001,HRTF_B,24,0.999,40.23,2.95,12,1
P001,HRTF_B,24,1.013,40.60,2.94,12,1
P001,HRTF_B,24,1.027,40.96,2.95,12,1
P001,HRTF_B,24,1.041,41.31,2.92,12,1
P001,HRTF_B,24,1.055,41.63,2.91,12,1
P001,HRTF_B,24,1.069,41.90,2.91,12,1
P001,HRTF_B,24,1.083,42.20,2.91,12,1
P001,HRTF_B,24,1.096,42.47,2.93,12,1
P001,HRTF_B,24,1.110,42.70,2.97,12,1
P001,HRTF_B,24,1.124,42.92,3.00,12,1
P001,HRTF_B,24,1.138,43.12,3.05,12,1
P001,HRTF_B,24,1.152,43.31,3.07,12,1
P001,HRTF_B,24,1.166,43.49,3.09,12,1
P001,HRTF_B,24,1.180,43.66,3.11,12,1
P001,HRTF_B,24,1.194,43.82,3.11,12,1
P001,HRTF_B,24,1.208,43.96,3.16,12,1
P001,HRTF_B,24,1.222,44.09,3.24,12,1
P001,HRTF_B,24,1.235,44.22,3.28,12,1
P001,HRTF_B,24,1.249,44.32,3.30,12,1
P001,HRTF_B,24,1.263,44.41,3.34,12,1
P001,HRTF_B,24,1.277,44.51,3.37,12,1
P001,HRTF_B,24,1.291,44.59,3.43,12,1
P001,HRTF_B,24,1.305,44.68,3.48,12,1
P001,HRTF_B,24,1.319,44.77,3.56,12,1
P001,HRTF_B,24,1.333,44.83,3.60,12,1
P001,HRTF_B,24,1.346,44.88,3.64,12,1
P001,HRTF_B,24,1.360,44.92,3.69,12,1
P001,HRTF_B,24,1.374,44.96,3.71,12,1
P001,HRTF_B,24,1.388,44.97,3.74,12,1
P001,HRTF_B,24,1.402,44.99,3.76,12,1
P001,HRTF_B,24,1.416,44.97,3.79,12,1
P001,HRTF_B,24,1.430,44.96,3.81,12,1
P001,HRTF_B,24,1.444,44.94,3.83,12,1
P001,HRTF_B,24,1.458,44.90,3.83,12,1
P001,HRTF_B,24,1.472,44.88,3.84,12,1
P001,HRTF_B,24,1.486,44.85,3.85,12,1
P001,HRTF_B,24,1.499,44.80,3.87,12,1
P001,HRTF_B,24,1.513,44.77,3.88,12,1
P001,HRTF_B,24,1.527,44.70,3.90,12,1
P001,HRTF_B,24,1.541,44.65,3.93,12,1
P001,HRTF_B,24,1.555,44.59,3.94,12,1
P001,HRTF_B,24,1.569,44.54,3.95,12,1
P001,HRTF_B,24,1.582,44.47,3.97,12,1
P001,HRTF_B,24,1.596,44.40,3.98,12,1
P001,HRTF_B,24,1.610,44.32,3.97,12,1
P001,HRTF_B,24,1.624,44.23,3.96,12,1
P001,HRTF_B,24,1.638,44.14,3.97,12,1
P001,HRTF_B,24,1.652,44.03,3.97,12,1
P001,HRTF_B,24,1.666,43.91,3.97,12,1
P001,HRTF_B,24,1.680,43.79,3.95,12,1
P001,HRTF_B,24,1.694,43.66,3.91,12,1
P001,HRTF_B,24,1.708,43.53,3.87,12,1
P001,HRTF_B,24,1.722,43.39,3.85,12,1
P001,HRTF_B,24,1.735,43.26,3.82,12,1
P001,HRTF_B,24,1.749,43.10,3.80,12,1
P001,HRTF_B,24,1.763,42.95,3.79,12,1
P001,HRTF_B,24,1.777,42.80,3.74,12,1
P001,HRTF_B,24,1.791,42.64,3.70,12,1
P001,HRTF_B,24,1.805,42.48,3.65,12,1
P001,HRTF_B,24,1.819,42.31,3.63,12,1
P001,HRTF_B,24,1.832,42.16,3.63,12,1
P001,HRTF_B,24,1.847,41.99,3.61,12,1
P001,HRTF_B,24,1.860,41.80,3.58,12,1
P001,HRTF_B,24,1.874,41.58,3.53,12,1
P001,HRTF_B,24,1.888,41.35,3.49,12,1
P001,HRTF_B,24,1.902,41.12,3.45,12,1
P001,HRTF_B,24,1.916,40.87,3.41,12,1
P001,HRTF_B,24,1.930,40.59,3.36,12,1
P001,HRTF_B,24,1.944,40.31,3.33,12,1
P001,HRTF_B,24,1.958,40.00,3.30,12,1
P001,HRTF_B,24,1.972,39.69,3.28,12,1
P001,HRTF_B,24,1.986,39.37,3.27,12,1
P001,HRTF_B,24,1.999,39.06,3.25,12,1
P001,HRTF_B,24,2.013,38.74,3.21,12,1
P001,HRTF_B,24,2.027,38.39,3.13,12,1
P001,HRTF_B,24,2.041,38.03,3.07,12,1
P001,HRTF_B,24,2.055,37.63,2.98,12,1
P001,HRTF_B,24,2.069,37.25,2.92,12,1
P001,HRTF_B,24,2.082,36.83,2.87,12,1
P001,HRTF_B,24,2.097,36.47,2.82,12,1
P001,HRTF_B,24,2.111,36.07,2.76,12,1
P001,HRTF_B,24,2.124,35.64,2.72,12,1
P001,HRTF_B,24,2.138,35.27,2.66,12,1
P001,HRTF_B,24,2.152,34.84,2.61,12,1
P001,HRTF_B,24,2.166,34.39,2.56,12,1
P001,HRTF_B,24,2.180,33.93,2.53,12,1
P001,HRTF_B,24,2.194,33.45,2.46,12,1
P001,HRTF_B,24,2.208,33.04,2.47,12,1
P001,HRTF_B,24,2.221,32.56,2.43,12,1
P001,HRTF_B,24,2.235,32.15,2.43,12,1
P001,HRTF_B,24,2.249,31.63,2.40,12,1
P001,HRTF_B,24,2.263,31.14,2.35,12,1
P001,HRTF_B,24,2.277,30.61,2.33,12,1
P001,HRTF_B,24,2.291,30.11,2.33,12,1
P001,HRTF_B,24,2.305,29.62,2.31,12,1
P001,HRTF_B,24,2.319,29.10,2.31,12,1
P001,HRTF_B,24,2.333,28.62,2.28,12,1
P001,HRTF_B,24,2.347,28.13,2.29,12,1
P001,HRTF_B,24,2.360,27.67,2.29,12,1
P001,HRTF_B,24,2.374,27.18,2.27,12,1
P001,HRTF_B,24,2.388,26.70,2.27,12,1
P001,HRTF_B,24,2.402,26.25,2.27,12,1
P001,HRTF_B,24,2.416,25.79,2.24,12,1
P001,HRTF_B,24,2.430,25.35,2.24,12,1
P001,HRTF_B,24,2.444,24.90,2.21,12,1
P001,HRTF_B,24,2.458,24.50,2.19,12,1
P001,HRTF_B,24,2.471,24.06,2.17,12,1
P001,HRTF_B,24,2.485,23.60,2.13,12,1
P001,HRTF_B,24,2.499,23.16,2.08,12,1
P001,HRTF_B,24,2.513,22.74,2.02,12,1
P001,HRTF_B,24,2.527,22.34,2.04,12,1
P001,HRTF_B,24,2.541,21.92,1.98,12,1
P001,HRTF_B,24,2.555,21.47,1.93,12,1
P001,HRTF_B,24,2.569,21.01,1.91,12,1
P001,HRTF_B,24,2.582,20.56,1.84,12,1
P001,HRTF_B,24,2.596,20.12,1.80,12,1
P001,HRTF_B,24,2.610,19.69,1.77,12,1
P001,HRTF_B,24,2.624,19.28,1.71,12,1
P001,HRTF_B,24,2.638,18.89,1.65,12,1
P001,HRTF_B,24,2.652,18.47,1.60,12,1
P001,HRTF_B,24,2.666,18.08,1.56,12,1
P001,HRTF_B,24,2.680,17.72,1.54,12,1
P001,HRTF_B,24,2.694,17.28,1.48,12,1
P001,HRTF_B,24,2.708,16.89,1.50,12,1
P001,HRTF_B,24,2.721,16.53,1.47,12,1
P001,HRTF_B,24,2.735,16.13,1.43,12,1
P001,HRTF_B,24,2.749,15.79,1.41,12,1
P001,HRTF_B,24,2.763,15.44,1.37,12,1
P001,HRTF_B,24,2.777,15.07,1.35,12,1
P001,HRTF_B,24,2.791,14.69,1.32,12,1
P001,HRTF_B,24,2.805,14.30,1.27,12,1
P001,HRTF_B,24,2.819,13.93,1.23,12,1
P001,HRTF_B,24,2.833,13.57,1.20,12,1
P001,HRTF_B,24,2.846,13.22,1.15,12,1
P001,HRTF_B,24,2.860,12.89,1.13,12,1
P001,HRTF_B,24,2.874,12.51,1.09,12,1
P001,HRTF_B,24,2.888,12.20,1.04,12,1
P001,HRTF_B,24,2.902,11.85,0.99,12,1
P001,HRTF_B,24,2.916,11.52,1.00,12,1
P001,HRTF_B,24,2.930,11.17,0.99,12,1
P001,HRTF_B,24,2.944,10.86,0.98,12,1
P001,HRTF_B,24,2.958,10.55,0.98,12,1
P001,HRTF_B,24,2.971,10.25,0.97,12,1
P001,HRTF_B,24,2.985,9.94,0.95,12,1
P001,HRTF_B,24,2.999,9.65,0.95,12,1
P001,HRTF_B,24,3.013,9.38,0.96,12,1
P001,HRTF_B,24,3.027,9.08,0.96,12,1
P001,HRTF_B,24,3.041,8.79,0.95,12,1
P001,HRTF_B,24,3.055,8.51,0.94,12,1
P001,HRTF_B,24,3.069,8.21,0.98,12,1
P001,HRTF_B,24,3.083,7.90,0.96,12,1
P001,HRTF_B,24,3.097,7.60,0.99,12,1
P001,HRTF_B,24,3.110,7.32,1.00,12,1
P001,HRTF_B,24,3.124,7.03,1.00,12,1
P001,HRTF_B,24,3.138,6.74,1.03,12,1
P001,HRTF_B,24,3.152,6.45,1.04,12,1
P001,HRTF_B,24,3.166,6.15,1.04,12,1
P001,HRTF_B,24,3.180,5.86,1.03,12,1
P001,HRTF_B,24,3.194,5.55,1.03,12,1
P001,HRTF_B,24,3.207,5.23,1.03,12,1
P001,HRTF_B,24,3.221,4.93,1.02,12,1
P001,HRTF_B,24,3.235,4.61,1.01,12,1
P001,HRTF_B,24,3.249,4.29,1.00,12,1
P001,HRTF_B,24,3.263,3.98,0.97,12,1
P001,HRTF_B,24,3.277,3.66,0.94,12,1
P001,HRTF_B,24,3.291,3.31,0.94,12,1
P001,HRTF_B,24,3.305,2.99,0.90,12,1
P001,HRTF_B,24,3.319,2.64,0.90,12,1
P001,HRTF_B,24,3.332,2.32,0.94,12,1
P001,HRTF_B,24,3.346,1.95,0.91,12,1
P001,HRTF_B,24,3.360,1.60,0.89,12,1
P001,HRTF_B,24,3.374,1.24,0.90,12,1
P001,HRTF_B,24,3.388,0.88,0.90,12,1
P001,HRTF_B,24,3.402,0.53,0.89,12,1
P001,HRTF_B,24,3.416,0.20,0.86,12,1
P001,HRTF_B,24,3.430,-0.18,0.87,12,1
P001,HRTF_B,24,3.444,-0.52,0.88,12,1
P001,HRTF_B,24,3.458,-0.87,0.93,12,1
P001,HRTF_B,24,3.471,-1.25,0.96,12,1
P001,HRTF_B,24,3.485,-1.59,0.97,12,1
P001,HRTF_B,24,3.499,-1.95,1.00,12,1
P001,HRTF_B,24,3.513,-2.30,0.98,12,1
P001,HRTF_B,24,3.527,-2.64,0.98,12,1
P001,HRTF_B,24,3.541,-3.00,1.01,12,1
P001,HRTF_B,24,3.555,-3.35,1.04,12,1
P001,HRTF_B,24,3.569,-3.72,1.02,12,1
P001,HRTF_B,24,3.582,-4.08,1.07,12,1
P001,HRTF_B,24,3.596,-4.45,1.07,12,1
P001,HRTF_B,24,3.610,-4.83,1.11,12,1
P001,HRTF_B,24,3.624,-5.19,1.12,12,1
P001,HRTF_B,24,3.638,-5.56,1.13,12,1
P001,HRTF_B,24,3.652,-5.92,1.12,12,1
P001,HRTF_B,24,3.666,-6.30,1.14,12,1
P001,HRTF_B,24,3.680,-6.70,1.14,12,1
P001,HRTF_B,24,3.694,-7.10,1.13,12,1
P001,HRTF_B,24,3.707,-7.49,1.16,12,1
P001,HRTF_B,24,3.721,-7.87,1.18,12,1
P001,HRTF_B,24,3.735,-8.23,1.16,12,1
P001,HRTF_B,24,3.750,-8.67,1.17,12,1
P001,HRTF_B,24,3.765,-9.06,1.19,12,1
P001,HRTF_B,24,3.778,-9.46,1.16,12,1
P001,HRTF_B,24,3.792,-9.87,1.18,12,1
P001,HRTF_B,24,3.806,-10.28,1.18,12,1
P001,HRTF_B,24,3.819,-10.67,1.18,12,1
P001,HRTF_B,24,3.833,-11.05,1.17,12,1
P001,HRTF_B,24,3.847,-11.43,1.16,12,1
P001,HRTF_B,24,3.861,-11.83,1.18,12,1
P001,HRTF_B,24,3.874,-12.25,1.16,12,1
P001,HRTF_B,24,3.888,-12.63,1.18,12,1
P001,HRTF_B,24,3.902,-13.05,1.18,12,1
P001,HRTF_B,24,3.916,-13.45,1.16,12,1
P001,HRTF_B,24,3.930,-13.80,1.15,12,1
P001,HRTF_B,24,3.944,-14.19,1.16,12,1
P001,HRTF_B,24,3.957,-14.57,1.16,12,1
P001,HRTF_B,24,3.971,-14.94,1.15,12,1
P001,HRTF_B,24,3.985,-15.36,1.16,12,1
P001,HRTF_B,24,3.999,-15.74,1.16,12,1
P001,HRTF_B,24,4.013,-16.14,1.15,12,1
P001,HRTF_B,24,4.027,-16.51,1.12,12,1
P001,HRTF_B,24,4.041,-16.92,1.08,12,1
P001,HRTF_B,24,4.054,-17.31,1.06,12,1
P001,HRTF_B,24,4.068,-17.69,1.02,12,1
P001,HRTF_B,24,4.082,-18.11,0.99,12,1
P001,HRTF_B,24,4.096,-18.50,0.96,12,1
P001,HRTF_B,24,4.110,-18.93,0.94,12,1
P001,HRTF_B,24,4.124,-19.30,0.93,12,1
P001,HRTF_B,24,4.138,-19.70,0.90,12,1
P001,HRTF_B,24,4.152,-20.07,0.87,12,1
P001,HRTF_B,24,4.166,-20.49,0.81,12,1
P001,HRTF_B,24,4.179,-20.89,0.79,12,1
P001,HRTF_B,24,4.193,-21.30,0.76,12,1
P001,HRTF_B,24,4.207,-21.71,0.75,12,1
P001,HRTF_B,24,4.221,-22.14,0.71,12,1
P001,HRTF_B,24,4.235,-22.54,0.68,12,1
P001,HRTF_B,24,4.249,-22.99,0.66,12,1
P001,HRTF_B,24,4.263,-23.42,0.65,12,1
P001,HRTF_B,24,4.277,-23.85,0.65,12,1
P001,HRTF_B,24,4.291,-24.29,0.61,12,1
P001,HRTF_B,24,4.304,-24.76,0.66,12,1
P001,HRTF_B,24,4.318,-25.18,0.67,12,1
P001,HRTF_B,24,4.332,-25.64,0.69,12,1
P001,HRTF_B,24,4.346,-26.07,0.71,12,1
P001,HRTF_B,24,4.360,-26.52,0.73,12,1
P001,HRTF_B,24,4.374,-26.98,0.74,12,1
P001,HRTF_B,24,4.388,-27.44,0.76,12,1
P001,HRTF_B,24,4.402,-27.90,0.77,12,1
P001,HRTF_B,24,4.416,-28.33,0.78,12,1
P001,HRTF_B,24,4.430,-28.78,0.79,12,1
P001,HRTF_B,24,4.443,-29.21,0.78,12,1
P001,HRTF_B,24,4.457,-29.65,0.78,12,1
P001,HRTF_B,24,4.471,-30.07,0.79,12,1
P001,HRTF_B,24,4.485,-30.45,0.75,12,1
P001,HRTF_B,24,4.499,-30.83,0.72,12,1
P001,HRTF_B,24,4.513,-31.17,0.68,12,1
P001,HRTF_B,24,4.527,-31.53,0.67,12,1
P001,HRTF_B,24,4.540,-31.86,0.66,12,1
P001,HRTF_B,24,4.554,-32.15,0.67,12,1
P001,HRTF_B,24,4.568,-32.43,0.67,12,1
P001,HRTF_B,24,4.583,-32.67,0.65,12,1
P001,HRTF_B,24,4.596,-32.88,0.64,12,1
P001,HRTF_B,24,4.610,-33.08,0.64,12,1
P001,HRTF_B,24,4.624,-33.25,0.64,12,1
P001,HRTF_B,24,4.638,-33.38,0.63,12,1
P001,HRTF_B,24,4.652,-33.50,0.62,12,1
P001,HRTF_B,24,4.666,-33.58,0.62,12,1
P001,HRTF_B,24,4.680,-33.64,0.60,12,1
P001,HRTF_B,24,4.694,-33.65,0.60,12,1
P001,HRTF_B,24,4.707,-33.63,0.58,12,1
P001,HRTF_B,24,4.721,-33.61,0.57,12,1
P001,HRTF_B,24,4.735,-33.56,0.55,12,1
P001,HRTF_B,24,4.749,-33.48,0.53,12,1
P001,HRTF_B,24,4.763,-33.39,0.52,12,1
P001,HRTF_B,24,4.777,-33.28,0.51,12,1
P001,HRTF_B,24,4.791,-33.16,0.49,12,1
P001,HRTF_B,24,4.805,-33.02,0.47,12,1
P001,HRTF_B,24,4.819,-32.85,0.45,12,1
P001,HRTF_B,24,4.832,-32.70,0.44,12,1
P001,HRTF_B,24,4.846,-32.53,0.43,12,1
P001,HRTF_B,24,4.860,-32.35,0.43,12,1
P001,HRTF_B,24,4.874,-32.18,0.43,12,1
P001,HRTF_B,24,4.888,-32.00,0.40,12,1
P001,HRTF_B,24,4.902,-31.84,0.37,12,1
P001,HRTF_B,24,4.916,-31.68,0.35,12,1
P001,HRTF_B,24,4.930,-31.51,0.33,12,1
P001,HRTF_B,24,4.944,-31.35,0.30,12,1
P001,HRTF_B,24,4.958,-31.17,0.26,12,1
P001,HRTF_B,24,4.971,-31.02,0.22,12,1
P001,HRTF_B,24,4.985,-30.86,0.16,12,1
P001,HRTF_B,24,4.999,-30.70,0.12,12,1
P001,HRTF_B,24,5.013,-30.52,0.07,12,1
P001,HRTF_B,24,5.027,-30.34,0.02,12,1
P001,HRTF_B,24,5.041,-30.15,-0.04,12,1
P001,HRTF_B,24,5.055,-29.95,-0.05,12,1
P001,HRTF_B,24,5.069,-29.76,-0.07,12,1
P001,HRTF_B,24,5.083,-29.56,-0.08,12,1
P001,HRTF_B,24,5.096,-29.35,-0.10,12,1
P001,HRTF_B,24,5.110,-29.14,-0.12,12,1
P001,HRTF_B,24,5.124,-28.94,-0.17,12,1
P001,HRTF_B,24,5.138,-28.73,-0.20,12,1
P001,HRTF_B,24,5.152,-28.49,-0.24,12,1
P001,HRTF_B,24,5.166,-28.25,-0.25,12,1
P001,HRTF_B,24,5.180,-27.97,-0.27,12,1
P001,HRTF_B,24,5.194,-27.69,-0.30,12,1
P001,HRTF_B,24,5.208,-27.38,-0.32,12,1
P001,HRTF_B,24,5.221,-27.05,-0.32,12,1
P001,HRTF_B,24,5.235,-26.68,-0.34,12,1
P001,HRTF_B,24,5.249,-26.30,-0.35,12,1
P001,HRTF_B,24,5.264,-25.88,-0.37,12,1
P001,HRTF_B,24,5.277,-25.43,-0.38,12,1
P001,HRTF_B,24,5.291,-24.93,-0.37,12,1
P001,HRTF_B,24,5.305,-24.44,-0.39,12,1
P001,HRTF_B,24,5.319,-23.93,-0.37,12,1
P001,HRTF_B,24,5.333,-23.41,-0.39,12,1
P001,HRTF_B,24,5.347,-22.85,-0.37,12,1
P001,HRTF_B,24,5.360,-22.28,-0.37,12,1
P001,HRTF_B,24,5.374,-21.71,-0.35,12,1
P001,HRTF_B,24,5.388,-21.09,-0.39,12,1
P001,HRTF_B,24,5.402,-20.51,-0.37,12,1
P001,HRTF_B,24,5.416,-19.89,-0.39,12,1
P001,HRTF_B,24,5.430,-19.28,-0.38,12,1
P001,HRTF_B,24,5.444,-18.64,-0.40,12,1
P001,HRTF_B,24,5.458,-18.00,-0.43,12,1
P001,HRTF_B,24,5.472,-17.30,-0.46,12,1
P001,HRTF_B,24,5.486,-16.67,-0.52,12,1
P001,HRTF_B,24,5.500,-16.00,-0.57,12,1
P001,HRTF_B,24,5.513,-15.29,-0.64,12,1
P001,HRTF_B,24,5.527,-14.60,-0.70,12,1
P001,HRTF_B,24,5.541,-13.86,-0.74,12,1
P001,HRTF_B,24,5.555,-13.06,-0.80,12,1
P001,HRTF_B,24,5.569,-12.23,-0.85,12,1
P001,HRTF_B,24,5.583,-11.38,-0.93,12,1
P001,HRTF_B,24,5.597,-10.48,-0.96,12,1
P001,HRTF_B,24,5.611,-9.58,-0.98,12,1
P001,HRTF_B,24,5.624,-8.68,-1.00,12,1
P001,HRTF_B,24,5.638,-7.74,-1.00,12,1
P001,HRTF_B,24,5.652,-6.81,-1.01,12,1
P001,HRTF_B,24,5.666,-5.81,-1.02,12,1
P001,HRTF_B,24,5.680,-4.79,-1.02,12,1
P001,HRTF_B,24,5.694,-3.80,-1.04,12,1
P001,HRTF_B,24,5.708,-2.79,-1.04,12,1
P001,HRTF_B,24,5.722,-1.77,-1.03,12,1
P001,HRTF_B,24,5.736,-0.71,-1.03,12,1
P001,HRTF_B,24,5.749,0.30,-1.02,12,1
P001,HRTF_B,24,5.764,1.34,-1.00,12,1
P001,HRTF_B,24,5.777,2.42,-1.03,12,1
P001,HRTF_B,24,5.791,3.48,-1.02,12,1
P001,HRTF_B,24,5.806,4.56,-0.99,12,1
P001,HRTF_B,24,5.819,5.63,-0.97,12,1
P001,HRTF_B,24,5.833,6.68,-0.95,12,1
P001,HRTF_B,24,5.847,7.70,-0.90,12,1
P001,HRTF_B,24,5.861,8.75,-0.91,12,1
P001,HRTF_B,24,5.874,9.78,-0.88,12,1
P001,HRTF_B,24,5.888,10.78,-0.88,12,1
P001,HRTF_B,24,5.903,11.81,-0.86,12,1
P001,HRTF_B,24,5.916,12.81,-0.85,12,1
P001,HRTF_B,24,5.930,13.80,-0.79,12,1
P001,HRTF_B,24,5.944,14.79,-0.74,12,1
P001,HRTF_B,24,5.958,15.75,-0.71,12,1
P001,HRTF_B,24,5.972,16.73,-0.66,12,1
P001,HRTF_B,24,5.986,17.71,-0.63,12,1
P001,HRTF_B,24,6.000,18.70,-0.60,12,1
P001,HRTF_B,24,6.013,19.69,-0.60,12,1
P001,HRTF_B,24,6.027,20.69,-0.64,12,1
P001,HRTF_B,24,6.041,21.71,-0.64,12,1
P001,HRTF_B,24,6.055,22.71,-0.67,12,1
P001,HRTF_B,24,6.069,23.76,-0.72,12,1
P001,HRTF_B,24,6.083,24.81,-0.76,12,1
P001,HRTF_B,24,6.097,25.86,-0.83,12,1
P001,HRTF_B,24,6.111,26.90,-0.88,12,1
P001,HRTF_B,24,6.125,28.01,-0.98,12,1
P001,HRTF_B,24,6.138,29.13,-1.10,12,1
P001,HRTF_B,24,6.152,30.26,-1.16,12,1
P001,HRTF_B,24,6.166,31.40,-1.28,12,1
P001,HRTF_B,24,6.180,32.57,-1.38,12,1
P001,HRTF_B,24,6.194,33.72,-1.43,12,1
P001,HRTF_B,24,6.208,34.94,-1.46,12,1
P001,HRTF_B,24,6.222,36.15,-1.51,12,1
P001,HRTF_B,24,6.236,37.43,-1.51,12,1
P001,HRTF_B,24,6.250,38.67,-1.53,12,1
P001,HRTF_B,24,6.263,39.95,-1.57,12,1
P001,HRTF_B,24,6.277,41.25,-1.65,12,1
P001,HRTF_B,24,6.291,42.57,-1.66,12,1
P001,HRTF_B,24,6.305,43.90,-1.67,12,1
P001,HRTF_B,24,6.319,45.26,-1.65,12,1
P001,HRTF_B,24,6.333,46.60,-1.67,12,1
P001,HRTF_B,24,6.347,47.94,-1.59,12,1
P001,HRTF_B,24,6.361,49.36,-1.44,12,1
P001,HRTF_B,24,6.375,50.81,-1.32,12,1
P001,HRTF_B,24,6.388,52.34,-1.20,12,1
P001,HRTF_B,24,6.402,53.84,-1.10,12,1
P001,HRTF_B,24,6.416,55.36,-0.95,12,1
P001,HRTF_B,24,6.431,56.92,-0.83,12,1
P001,HRTF_B,24,6.444,58.50,-0.74,12,1
P001,HRTF_B,24,6.458,60.08,-0.63,12,1
P001,HRTF_B,24,6.472,61.64,-0.59,12,1
P001,HRTF_B,24,6.486,63.23,-0.48,12,1
P001,HRTF_B,24,6.500,64.79,-0.29,12,1
P001,HRTF_B,24,6.514,66.36,-0.17,12,1
P001,HRTF_B,24,6.527,67.89,-0.05,12,1
P001,HRTF_B,24,6.541,69.44,0.10,12,1
P001,HRTF_B,24,6.555,70.98,0.27,12,1
P001,HRTF_B,24,6.569,72.53,0.40,12,1
P001,HRTF_B,24,6.583,74.03,0.57,12,1
P001,HRTF_B,24,6.597,75.54,0.73,12,1
P001,HRTF_B,24,6.611,77.03,0.82,12,1
P001,HRTF_B,24,6.625,78.51,0.87,12,1
P001,HRTF_B,24,6.639,79.94,0.95,12,1
P001,HRTF_B,24,6.652,81.38,1.00,12,1
P001,HRTF_B,24,6.666,82.80,1.07,12,1
P001,HRTF_B,24,6.680,84.19,1.17,12,1
P001,HRTF_B,24,6.694,85.60,1.29,12,1
P001,HRTF_B,24,6.708,86.97,1.38,12,1
P001,HRTF_B,24,6.722,88.35,1.50,12,1
P001,HRTF_B,24,6.736,89.70,1.59,12,1
P001,HRTF_B,24,6.750,91.04,1.70,12,1
P001,HRTF_B,24,6.764,92.40,1.76,12,1
P001,HRTF_B,24,6.777,93.77,1.80,12,1
P001,HRTF_B,24,6.792,95.19,1.90,12,1
P001,HRTF_B,24,6.805,96.61,1.95,12,1
P001,HRTF_B,24,6.819,98.02,2.01,12,1
P001,HRTF_B,24,6.833,99.43,2.06,12,1
P001,HRTF_B,24,6.847,100.85,2.09,12,1
P001,HRTF_B,24,6.861,102.30,2.14,12,1
P001,HRTF_B,24,6.875,103.75,2.20,12,1
P001,HRTF_B,24,6.889,105.16,2.25,12,1
P001,HRTF_B,24,6.903,106.57,2.29,12,1
P001,HRTF_B,24,6.917,107.99,2.39,12,1
P001,HRTF_B,24,6.930,109.42,2.43,12,1
P001,HRTF_B,24,6.944,110.87,2.49,12,1
P001,HRTF_B,24,6.958,112.30,2.53,12,1
P001,HRTF_B,24,6.972,113.77,2.59,12,1
P001,HRTF_B,24,6.986,115.21,2.68,12,1
P001,HRTF_B,24,7.000,116.65,2.79,12,1
P001,HRTF_B,24,7.014,118.12,2.88,12,1
P001,HRTF_B,24,7.028,119.57,3.00,12,1
P001,HRTF_B,24,7.042,121.03,3.06,12,1
P001,HRTF_B,24,7.056,122.44,3.15,12,1
P001,HRTF_B,24,7.069,123.79,3.19,12,1
P001,HRTF_B,24,7.083,125.14,3.28,12,1
P001,HRTF_B,24,7.097,126.45,3.35,12,1
P001,HRTF_B,24,7.111,127.71,3.41,12,1
P001,HRTF_B,24,7.125,128.95,3.45,12,1
P001,HRTF_B,24,7.139,130.16,3.49,12,1
P001,HRTF_B,24,7.152,131.35,3.57,12,1
P001,HRTF_B,24,7.167,132.47,3.65,12,1
P001,HRTF_B,24,7.180,133.53,3.75,12,1
P001,HRTF_B,24,7.194,134.57,3.85,12,1
P001,HRTF_B,24,7.208,135.54,3.99,12,1
P001,HRTF_B,24,7.222,136.41,4.16,12,1
P001,HRTF_B,24,7.236,137.24,4.40,12,1
P001,HRTF_B,24,7.250,138.04,4.58,12,1
P001,HRTF_B,24,7.264,138.76,4.81,12,1
P001,HRTF_B,24,7.278,139.39,5.00,12,1
P001,HRTF_B,24,7.292,139.99,5.18,12,1
P001,HRTF_B,24,7.306,140.53,5.38,12,1
P001,HRTF_B,24,7.319,140.97,5.53,12,1
P001,HRTF_B,24,7.333,141.40,5.66,12,1
P001,HRTF_B,24,7.347,141.82,5.74,12,1
P001,HRTF_B,24,7.361,142.15,5.81,12,1
P001,HRTF_B,24,7.375,142.47,5.87,12,1
P001,HRTF_B,24,7.389,142.75,5.95,12,1
P001,HRTF_B,24,7.403,143.02,6.03,12,1
P001,HRTF_B,24,7.417,143.25,6.10,12,1
P001,HRTF_B,24,7.431,143.48,6.14,12,1
P001,HRTF_B,24,7.445,143.70,6.20,12,1
P001,HRTF_B,24,7.458,143.93,6.23,12,1
P001,HRTF_B,24,7.472,144.15,6.24,12,1
P001,HRTF_B,24,7.486,144.38,6.26,12,1
P001,HRTF_B,24,7.500,144.59,6.26,12,1
P001,HRTF_B,24,7.514,144.80,6.25,12,1
P001,HRTF_B,24,7.528,145.01,6.23,12,1
P001,HRTF_B,24,7.541,145.18,6.22,12,1
P001,HRTF_B,24,7.555,145.36,6.24,12,1
P001,HRTF_B,24,7.569,145.52,6.25,12,1
P001,HRTF_B,24,7.583,145.66,6.26,12,1
P001,HRTF_B,24,7.597,145.78,6.28,12,1
P001,HRTF_B,24,7.611,145.90,6.27,12,1
P001,HRTF_B,24,7.625,145.99,6.28,12,1
P001,HRTF_B,24,7.639,146.07,6.29,12,1
P001,HRTF_B,24,7.652,146.12,6.29,12,1
P001,HRTF_B,24,7.667,146.15,6.30,12,1
P001,HRTF_B,24,7.680,146.16,6.28,12,1
P001,HRTF_B,24,7.694,146.16,6.29,12,1
P001,HRTF_B,24,7.708,146.16,6.26,12,1
P001,HRTF_B,24,7.722,146.12,6.23,12,1
P001,HRTF_B,24,7.736,146.03,6.17,12,1
P001,HRTF_B,24,7.750,145.95,6.12,12,1
P001,HRTF_B,24,7.764,145.87,6.09,12,1
P001,HRTF_B,24,7.777,145.73,6.05,12,1
P001,HRTF_B,24,7.791,145.60,6.01,12,1
P001,HRTF_B,24,7.806,145.45,5.95,12,1
P001,HRTF_B,24,7.819,145.28,5.89,12,1
P001,HRTF_B,24,7.833,145.10,5.84,12,1
P001,HRTF_B,24,7.847,144.91,5.79,12,1
P001,HRTF_B,24,7.861,144.68,5.75,12,1
P001,HRTF_B,24,7.875,144.47,5.71,12,1
P001,HRTF_B,24,7.889,144.22,5.66,12,1
P001,HRTF_B,25,0.014,-12.18,0.25,25,1
P001,HRTF_B,25,0.031,-12.11,0.25,25,1
P001,HRTF_B,25,0.042,-12.05,0.22,25,1
P001,HRTF_B,25,0.056,-11.97,0.19,25,1
P001,HRTF_B,25,0.070,-11.90,0.14,25,1
P001,HRTF_B,25,0.083,-11.78,0.12,25,1
P001,HRTF_B,25,0.097,-11.65,0.09,25,1
P001,HRTF_B,25,0.111,-11.51,0.07,25,1
P001,HRTF_B,25,0.125,-11.36,0.05,25,1
P001,HRTF_B,25,0.142,-11.22,0.02,25,1
P001,HRTF_B,25,0.153,-11.07,-0.05,25,1
P001,HRTF_B,25,0.166,-10.89,-0.07,25,1
P001,HRTF_B,25,0.180,-10.69,-0.09,25,1
P001,HRTF_B,25,0.194,-10.43,-0.13,25,1
P001,HRTF_B,25,0.208,-10.20,-0.21,25,1
P001,HRTF_B,25,0.222,-9.95,-0.30,25,1
P001,HRTF_B,25,0.236,-9.72,-0.37,25,1
P001,HRTF_B,25,0.250,-9.45,-0.43,25,1
P001,HRTF_B,25,0.263,-9.17,-0.46,25,1
P001,HRTF_B,25,0.278,-8.86,-0.48,25,1
P001,HRTF_B,25,0.291,-8.56,-0.53,25,1
P001,HRTF_B,25,0.305,-8.22,-0.59,25,1
P001,HRTF_B,25,0.319,-7.86,-0.69,25,1
P001,HRTF_B,25,0.333,-7.44,-0.73,25,1
P001,HRTF_B,25,0.347,-6.93,-0.75,25,1
P001,HRTF_B,25,0.361,-6.34,-0.79,25,1
P001,HRTF_B,25,0.375,-5.58,-0.87,25,1
P001,HRTF_B,25,0.389,-4.77,-1.08,25,1
P001,HRTF_B,25,0.402,-3.68,-1.37,25,1
P001,HRTF_B,25,0.416,-2.35,-1.83,25,1
P001,HRTF_B,25,0.430,-0.86,-2.48,25,1
P001,HRTF_B,25,0.444,0.72,-3.15,25,1
P001,HRTF_B,25,0.458,2.50,-3.86,25,1
P001,HRTF_B,25,0.472,4.29,-4.55,25,1
P001,HRTF_B,25,0.485,6.38,-5.15,25,1
P001,HRTF_B,25,0.500,8.34,-5.77,25,1
P001,HRTF_B,25,0.513,10.40,-6.29,25,1
P001,HRTF_B,25,0.527,12.44,-6.76,25,1
P001,HRTF_B,25,0.541,14.56,-7.12,25,1
P001,HRTF_B,25,0.555,16.73,-7.40,25,1
P001,HRTF_B,25,0.569,18.84,-7.61,25,1
P001,HRTF_B,25,0.583,21.00,-7.74,25,1
P001,HRTF_B,25,0.597,23.08,-7.82,25,1
P001,HRTF_B,25,0.611,25.16,-7.83,25,1
P001,HRTF_B,25,0.625,27.11,-7.83,25,1
P001,HRTF_B,25,0.638,29.06,-7.75,25,1
P001,HRTF_B,25,0.652,30.87,-7.62,25,1
P001,HRTF_B,25,0.666,32.55,-7.51,25,1
P001,HRTF_B,25,0.680,34.10,-7.41,25,1
P001,HRTF_B,25,0.694,35.61,-7.34,25,1
P001,HRTF_B,25,0.708,37.01,-7.25,25,1
P001,HRTF_B,25,0.722,38.35,-7.17,25,1
P001,HRTF_B,25,0.736,39.57,-7.08,25,1
P001,HRTF_B,25,0.750,40.63,-7.05,25,1
P001,HRTF_B,25,0.763,41.54,-7.05,25,1
P001,HRTF_B,25,0.777,42.35,-7.10,25,1
P001,HRTF_B,25,0.791,43.11,-7.10,25,1
P001,HRTF_B,25,0.805,43.82,-7.09,25,1
P001,HRTF_B,25,0.819,44.46,-7.00,25,1
P001,HRTF_B,25,0.833,45.00,-6.91,25,1
P001,HRTF_B,25,0.847,45.53,-6.82,25,1
P001,HRTF_B,25,0.861,45.97,-6.75,25,1
P001,HRTF_B,25,0.874,46.35,-6.72,25,1
P001,HRTF_B,25,0.888,46.72,-6.65,25,1
P001,HRTF_B,25,0.902,46.98,-6.57,25,1
P001,HRTF_B,25,0.916,47.26,-6.51,25,1
P001,HRTF_B,25,0.930,47.45,-6.51,25,1
P001,HRTF_B,25,0.944,47.61,-6.49,25,1
P001,HRTF_B,25,0.958,47.75,-6.52,25,1
P001,HRTF_B,25,0.972,47.81,-6.57,25,1
P001,HRTF_B,25,0.987,47.87,-6.59,25,1
P001,HRTF_B,25,1.001,47.98,-6.60,25,1
P001,HRTF_B,25,1.015,48.03,-6.63,25,1
P001,HRTF_B,25,1.028,48.10,-6.63,25,1
P001,HRTF_B,25,1.042,48.15,-6.64,25,1
P001,HRTF_B,25,1.056,48.21,-6.66,25,1
P001,HRTF_B,25,1.069,48.25,-6.66,25,1
P001,HRTF_B,25,1.083,48.32,-6.64,25,1
P001,HRTF_B,25,1.097,48.37,-6.64,25,1
P001,HRTF_B,25,1.111,48.42,-6.63,25,1
P001,HRTF_B,25,1.125,48.46,-6.60,25,1
P001,HRTF_B,25,1.138,48.44,-6.53,25,1
P001,HRTF_B,25,1.152,48.41,-6.48,25,1
P001,HRTF_B,25,1.166,48.35,-6.46,25,1
P001,HRTF_B,25,1.180,48.23,-6.47,25,1
P001,HRTF_B,25,1.194,48.08,-6.57,25,1
P001,HRTF_B,25,1.208,47.89,-6.72,25,1
P001,HRTF_B,25,1.221,47.71,-6.85,25,1
P001,HRTF_B,25,1.235,47.47,-6.99,25,1
P001,HRTF_B,25,1.249,47.22,-7.09,25,1
P001,HRTF_B,25,1.263,46.97,-7.14,25,1
P001,HRTF_B,25,1.277,46.72,-7.15,25,1
P001,HRTF_B,25,1.291,46.44,-7.15,25,1
P001,HRTF_B,25,1.305,46.17,-7.12,25,1
P001,HRTF_B,25,1.319,45.87,-7.11,25,1
P001,HRTF_B,25,1.332,45.58,-7.10,25,1
P001,HRTF_B,25,1.346,45.27,-7.10,25,1
P001,HRTF_B,25,1.360,44.94,-7.10,25,1
P001,HRTF_B,25,1.374,44.58,-7.09,25,1
P001,HRTF_B,25,1.388,44.19,-7.07,25,1
P001,HRTF_B,25,1.402,43.76,-7.00,25,1
P001,HRTF_B,25,1.416,43.36,-6.95,25,1
P001,HRTF_B,25,1.430,42.87,-6.91,25,1
P001,HRTF_B,25,1.443,42.38,-6.88,25,1
P001,HRTF_B,25,1.457,41.78,-6.81,25,1
P001,HRTF_B,25,1.471,41.18,-6.78,25,1
P001,HRTF_B,25,1.485,40.45,-6.74,25,1
P001,HRTF_B,25,1.499,39.61,-6.73,25,1
P001,HRTF_B,25,1.513,38.76,-6.74,25,1
P001,HRTF_B,25,1.527,37.78,-6.74,25,1
P001,HRTF_B,25,1.541,36.78,-6.77,25,1
P001,HRTF_B,25,1.555,35.72,-6.83,25,1
P001,HRTF_B,25,1.568,34.59,-6.88,25,1
P001,HRTF_B,25,1.582,33.45,-6.95,25,1
P001,HRTF_B,25,1.596,32.25,-7.01,25,1
P001,HRTF_B,25,1.610,31.02,-7.05,25,1
P001,HRTF_B,25,1.624,29.73,-7.07,25,1
P001,HRTF_B,25,1.638,28.45,-7.13,25,1
P001,HRTF_B,25,1.652,27.04,-7.14,25,1
P001,HRTF_B,25,1.666,25.70,-7.21,25,1
P001,HRTF_B,25,1.680,24.26,-7.24,25,1
P001,HRTF_B,25,1.694,22.81,-7.33,25,1
P001,HRTF_B,25,1.707,21.35,-7.39,25,1
P001,HRTF_B,25,1.721,19.87,-7.46,25,1
P001,HRTF_B,25,1.735,18.39,-7.60,25,1
P001,HRTF_B,25,1.749,16.90,-7.69,25,1
P001,HRTF_B,25,1.763,15.38,-7.85,25,1
P001,HRTF_B,25,1.777,13.85,-7.99,25,1
P001,HRTF_B,25,1.791,12.35,-8.21,25,1
P001,HRTF_B,25,1.805,10.82,-8.37,25,1
P001,HRTF_B,25,1.819,9.31,-8.57,25,1
P001,HRTF_B,25,1.833,7.77,-8.82,25,1
P001,HRTF_B,25,1.846,6.23,-9.09,25,1
P001,HRTF_B,25,1.860,4.68,-9.39,25,1
P001,HRTF_B,25,1.874,3.15,-9.71,25,1
P001,HRTF_B,25,1.888,1.55,-10.05,25,1
P001,HRTF_B,25,1.902,-0.03,-10.39,25,1
P001,HRTF_B,25,1.916,-1.68,-10.74,25,1
P001,HRTF_B,25,1.930,-3.33,-11.06,25,1
P001,HRTF_B,25,1.944,-4.97,-11.39,25,1
P001,HRTF_B,25,1.958,-6.63,-11.64,25,1
P001,HRTF_B,25,1.972,-8.32,-11.96,25,1
P001,HRTF_B,25,1.985,-9.95,-12.21,25,1
P001,HRTF_B,25,1.999,-11.54,-12.46,25,1
P001,HRTF_B,25,2.013,-13.11,-12.68,25,1
P001,HRTF_B,25,2.027,-14.67,-12.86,25,1
P001,HRTF_B,25,2.041,-16.17,-13.04,25,1
P001,HRTF_B,25,2.055,-17.61,-13.16,25,1
P001,HRTF_B,25,2.069,-19.01,-13.29,25,1
P001,HRTF_B,25,2.083,-20.39,-13.38,25,1
P001,HRTF_B,25,2.096,-21.65,-13.44,25,1
P001,HRTF_B,25,2.110,-22.85,-13.53,25,1
P001,HRTF_B,25,2.124,-24.00,-13.56,25,1
P001,HRTF_B,25,2.138,-25.10,-13.62,25,1
P001,HRTF_B,25,2.152,-26.12,-13.68,25,1
P001,HRTF_B,25,2.166,-27.16,-13.72,25,1
P001,HRTF_B,25,2.180,-28.03,-13.77,25,1
P001,HRTF_B,25,2.194,-28.97,-13.82,25,1
P001,HRTF_B,25,2.208,-29.83,-13.85,25,1
P001,HRTF_B,25,2.222,-30.69,-13.91,25,1
P001,HRTF_B,25,2.235,-31.51,-13.96,25,1
P001,HRTF_B,25,2.249,-32.36,-14.06,25,1
P001,HRTF_B,25,2.263,-33.22,-14.16,25,1
P001,HRTF_B,25,2.277,-34.05,-14.28,25,1
P001,HRTF_B,25,2.291,-34.91,-14.38,25,1
P001,HRTF_B,25,2.305,-35.83,-14.56,25,1
P001,HRTF_B,25,2.319,-36.73,-14.65,25,1
P001,HRTF_B,25,2.333,-37.69,-14.75,25,1
P001,HRTF_B,25,2.346,-38.66,-14.89,25,1
P001,HRTF_B,25,2.361,-39.67,-15.02,25,1
P001,HRTF_B,25,2.374,-40.71,-15.12,25,1
P001,HRTF_B,25,2.388,-41.72,-15.21,25,1
P001,HRTF_B,25,2.402,-42.82,-15.32,25,1
P001,HRTF_B,25,2.416,-43.92,-15.41,25,1
P001,HRTF_B,25,2.430,-45.07,-15.52,25,1
P001,HRTF_B,25,2.444,-46.20,-15.61,25,1
P001,HRTF_B,25,2.458,-47.38,-15.66,25,1
P001,HRTF_B,25,2.472,-48.59,-15.70,25,1
P001,HRTF_B,25,2.486,-49.84,-15.67,25,1
P001,HRTF_B,25,2.499,-51.00,-15.63,25,1
P001,HRTF_B,25,2.513,-52.23,-15.55,25,1
P001,HRTF_B,25,2.527,-53.42,-15.41,25,1
P001,HRTF_B,25,2.541,-54.58,-15.27,25,1
P001,HRTF_B,25,2.555,-55.70,-15.14,25,1
P001,HRTF_B,25,2.569,-56.81,-14.99,25,1
P001,HRTF_B,25,2.583,-57.93,-14.84,25,1
P001,HRTF_B,25,2.597,-58.98,-14.68,25,1
P001,HRTF_B,25,2.611,-60.04,-14.54,25,1
P001,HRTF_B,25,2.624,-61.08,-14.38,25,1
P001,HRTF_B,25,2.638,-62.08,-14.24,25,1
P001,HRTF_B,25,2.652,-63.08,-14.11,25,1
P001,HRTF_B,25,2.666,-64.05,-14.00,25,1
P001,HRTF_B,25,2.680,-64.99,-13.93,25,1
P001,HRTF_B,25,2.694,-65.89,-13.88,25,1
P001,HRTF_B,25,2.708,-66.84,-13.89,25,1
P001,HRTF_B,25,2.722,-67.74,-13.86,25,1
P001,HRTF_B,25,2.735,-68.65,-13.89,25,1
P001,HRTF_B,25,2.749,-69.55,-13.87,25,1
P001,HRTF_B,25,2.763,-70.43,-13.90,25,1
P001,HRTF_B,25,2.777,-71.34,-13.92,25,1
P001,HRTF_B,25,2.794,-72.24,-13.93,25,1
P001,HRTF_B,25,2.808,-73.11,-13.95,25,1
P001,HRTF_B,25,2.822,-73.98,-13.97,25,1
P001,HRTF_B,25,2.836,-74.85,-13.98,25,1
P001,HRTF_B,25,2.850,-75.71,-13.94,25,1
P001,HRTF_B,25,2.875,-76.54,-13.82,25,1
P001,HRTF_B,25,2.888,-78.21,-13.70,25,1
P001,HRTF_B,25,2.902,-79.05,-13.60,25,1
P001,HRTF_B,25,2.916,-79.89,-13.56,25,1
P001,HRTF_B,25,2.930,-80.73,-13.52,25,1
P001,HRTF_B,25,2.944,-81.56,-13.48,25,1
P001,HRTF_B,25,2.958,-82.41,-13.47,25,1
P001,HRTF_B,25,2.972,-83.26,-13.51,25,1
P001,HRTF_B,25,2.986,-84.13,-13.50,25,1
P001,HRTF_B,25,3.000,-84.98,-13.54,25,1
P001,HRTF_B,25,3.013,-85.84,-13.60,25,1
P001,HRTF_B,25,3.027,-86.70,-13.65,25,1
P001,HRTF_B,25,3.041,-87.59,-13.69,25,1
P001,HRTF_B,25,3.055,-88.47,-13.72,25,1
P001,HRTF_B,25,3.069,-89.36,-13.77,25,1
P001,HRTF_B,25,3.083,-90.26,-13.82,25,1
P001,HRTF_B,25,3.096,-91.16,-13.81,25,1
P001,HRTF_B,25,3.110,-92.03,-13.91,25,1
P001,HRTF_B,25,3.124,-92.92,-13.93,25,1
P001,HRTF_B,25,3.138,-93.82,-13.93,25,1
P001,HRTF_B,25,3.152,-94.68,-13.92,25,1
P001,HRTF_B,25,3.166,-95.55,-13.92,25,1
P001,HRTF_B,25,3.180,-96.37,-13.87,25,1
P001,HRTF_B,25,3.194,-97.15,-13.82,25,1
P001,HRTF_B,25,3.208,-97.96,-13.79,25,1
P001,HRTF_B,25,3.222,-98.72,-13.75,25,1
P001,HRTF_B,25,3.235,-99.47,-13.70,25,1
P001,HRTF_B,25,3.250,-100.24,-13.62,25,1
P001,HRTF_B,25,3.264,-100.96,-13.58,25,1
P001,HRTF_B,25,3.277,-101.67,-13.55,25,1
P001,HRTF_B,25,3.291,-102.41,-13.45,25,1
P001,HRTF_B,25,3.305,-103.12,-13.40,25,1
P001,HRTF_B,25,3.319,-103.83,-13.32,25,1
P001,HRTF_B,25,3.333,-104.56,-13.25,25,1
P001,HRTF_B,25,3.346,-105.26,-13.22,25,1
P001,HRTF_B,25,3.360,-106.01,-13.18,25,1
P001,HRTF_B,25,3.374,-106.77,-13.14,25,1
P001,HRTF_B,25,3.388,-107.52,-13.11,25,1
P001,HRTF_B,25,3.402,-108.28,-13.08,25,1
P001,HRTF_B,26,0.014,-11.54,-1.54,6,1
P001,HRTF_B,26,0.031,-10.96,-1.51,6,1
P001,HRTF_B,26,0.041,-10.34,-1.52,6,1
P001,HRTF_B,26,0.055,-9.79,-1.47,6,1
P001,HRTF_B,26,0.069,-9.21,-1.48,6,1
P001,HRTF_B,26,0.083,-8.64,-1.49,6,1
P001,HRTF_B,26,0.097,-8.10,-1.48,6,1
P001,HRTF_B,26,0.111,-7.54,-1.46,6,1
P001,HRTF_B,26,0.125,-7.00,-1.44,6,1
P001,HRTF_B,26,0.141,-6.46,-1.40,6,1
P001,HRTF_B,26,0.153,-5.90,-1.39,6,1
P001,HRTF_B,26,0.167,-5.40,-1.36,6,1
P001,HRTF_B,26,0.180,-4.85,-1.34,6,1
P001,HRTF_B,26,0.194,-4.34,-1.32,6,1
P001,HRTF_B,26,0.208,-3.82,-1.29,6,1
P001,HRTF_B,26,0.222,-3.32,-1.29,6,1
P001,HRTF_B,26,0.236,-2.83,-1.26,6,1
P001,HRTF_B,26,0.250,-2.32,-1.23,6,1
P001,HRTF_B,26,0.264,-1.80,-1.22,6,1
P001,HRTF_B,26,0.277,-1.32,-1.21,6,1
P001,HRTF_B,26,0.291,-0.84,-1.17,6,1
P001,HRTF_B,26,0.305,-0.38,-1.16,6,1
P001,HRTF_B,26,0.319,0.10,-1.16,6,1
P001,HRTF_B,26,0.333,0.57,-1.16,6,1
P001,HRTF_B,26,0.347,1.00,-1.14,6,1
P001,HRTF_B,26,0.361,1.48,-1.13,6,1
P001,HRTF_B,26,0.375,1.92,-1.14,6,1
P001,HRTF_B,26,0.389,2.37,-1.13,6,1
P001,HRTF_B,26,0.402,2.82,-1.14,6,1
P001,HRTF_B,26,0.417,3.25,-1.15,6,1
P001,HRTF_B,26,0.430,3.71,-1.15,6,1
P001,HRTF_B,26,0.444,4.17,-1.13,6,1
P001,HRTF_B,26,0.458,4.61,-1.11,6,1
P001,HRTF_B,26,0.472,5.08,-1.07,6,1
P001,HRTF_B,26,0.486,5.51,-1.03,6,1
P001,HRTF_B,26,0.500,5.92,-1.00,6,1
P001,HRTF_B,26,0.514,6.36,-0.96,6,1
P001,HRTF_B,26,0.528,6.79,-0.96,6,1
P001,HRTF_B,26,0.541,7.23,-0.92,6,1
P001,HRTF_B,26,0.555,7.64,-0.89,6,1
P001,HRTF_B,26,0.569,8.04,-0.86,6,1
P001,HRTF_B,26,0.583,8.45,-0.82,6,1
P001,HRTF_B,26,0.597,8.82,-0.81,6,1
P001,HRTF_B,26,0.611,9.21,-0.78,6,1
P001,HRTF_B,26,0.625,9.58,-0.76,6,1
P001,HRTF_B,26,0.639,9.97,-0.75,6,1
P001,HRTF_B,26,0.652,10.31,-0.76,6,1
P001,HRTF_B,26,0.666,10.64,-0.76,6,1
P001,HRTF_B,26,0.680,10.99,-0.76,6,1
P001,HRTF_B,26,0.694,11.28,-0.74,6,1
P001,HRTF_B,26,0.708,11.63,-0.69,6,1
P001,HRTF_B,26,0.722,11.92,-0.67,6,1
P001,HRTF_B,26,0.736,12.25,-0.65,6,1
P001,HRTF_B,26,0.750,12.52,-0.65,6,1
P001,HRTF_B,26,0.763,12.84,-0.64,6,1
P001,HRTF_B,26,0.777,13.12,-0.63,6,1
P001,HRTF_B,26,0.791,13.42,-0.62,6,1
P001,HRTF_B,26,0.805,13.72,-0.58,6,1
P001,HRTF_B,26,0.819,14.00,-0.57,6,1
P001,HRTF_B,26,0.833,14.31,-0.54,6,1
P001,HRTF_B,26,0.847,14.58,-0.52,6,1
P001,HRTF_B,26,0.861,14.86,-0.50,6,1
P001,HRTF_B,26,0.875,15.15,-0.48,6,1
P001,HRTF_B,26,0.889,15.44,-0.46,6,1
P001,HRTF_B,26,0.903,15.69,-0.44,6,1
P001,HRTF_B,26,0.916,15.94,-0.43,6,1
P001,HRTF_B,26,0.930,16.17,-0.40,6,1
P001,HRTF_B,26,0.944,16.40,-0.40,6,1
P001,HRTF_B,26,0.958,16.62,-0.39,6,1
P001,HRTF_B,26,0.972,16.83,-0.38,6,1
P001,HRTF_B,26,0.986,17.04,-0.40,6,1
P001,HRTF_B,26,1.000,17.25,-0.40,6,1
P001,HRTF_B,26,1.014,17.45,-0.41,6,1
P001,HRTF_B,26,1.027,17.67,-0.41,6,1
P001,HRTF_B,26,1.041,17.87,-0.41,6,1
P001,HRTF_B,26,1.055,18.08,-0.42,6,1
P001,HRTF_B,26,1.069,18.31,-0.41,6,1
P001,HRTF_B,26,1.083,18.53,-0.43,6,1
P001,HRTF_B,26,1.097,18.78,-0.46,6,1
P001,HRTF_B,26,1.111,19.03,-0.57,6,1
P001,HRTF_B,26,1.125,19.29,-0.71,6,1
P001,HRTF_B,26,1.139,19.58,-0.89,6,1
P001,HRTF_B,26,1.152,19.85,-1.07,6,1
P001,HRTF_B,26,1.166,20.17,-1.29,6,1
P001,HRTF_B,26,1.180,20.54,-1.57,6,1
P001,HRTF_B,26,1.194,20.94,-1.94,6,1
P001,HRTF_B,26,1.208,21.39,-2.30,6,1
P001,HRTF_B,26,1.222,21.85,-2.64,6,1
P001,HRTF_B,26,1.236,22.41,-3.05,6,1
P001,HRTF_B,26,1.250,22.98,-3.50,6,1
P001,HRTF_B,26,1.263,23.60,-3.94,6,1
P001,HRTF_B,26,1.277,24.30,-4.39,6,1
P001,HRTF_B,26,1.291,24.96,-4.80,6,1
P001,HRTF_B,26,1.305,25.71,-5.24,6,1
P001,HRTF_B,26,1.319,26.50,-5.70,6,1
P001,HRTF_B,26,1.333,27.32,-6.19,6,1
P001,HRTF_B,26,1.347,28.25,-6.67,6,1
P001,HRTF_B,26,1.361,29.15,-7.06,6,1
P001,HRTF_B,26,1.375,30.02,-7.36,6,1
P001,HRTF_B,26,1.389,30.90,-7.66,6,1
P001,HRTF_B,26,1.402,31.78,-8.01,6,1
P001,HRTF_B,26,1.416,32.70,-8.34,6,1
P001,HRTF_B,26,1.430,33.63,-8.68,6,1
P001,HRTF_B,26,1.444,34.60,-8.99,6,1
P001,HRTF_B,26,1.458,35.53,-9.25,6,1
P001,HRTF_B,26,1.472,36.39,-9.54,6,1
P001,HRTF_B,26,1.486,37.31,-9.82,6,1
P001,HRTF_B,26,1.500,38.17,-10.11,6,1
P001,HRTF_B,26,1.514,39.05,-10.34,6,1
P001,HRTF_B,26,1.528,39.92,-10.61,6,1
P001,HRTF_B,26,1.541,40.79,-10.90,6,1
P001,HRTF_B,26,1.555,41.61,-11.17,6,1
P001,HRTF_B,26,1.569,42.38,-11.41,6,1
P001,HRTF_B,26,1.583,43.14,-11.62,6,1
P001,HRTF_B,26,1.597,43.85,-11.81,6,1
P001,HRTF_B,26,1.611,44.46,-12.02,6,1
P001,HRTF_B,26,1.624,45.03,-12.17,6,1
P001,HRTF_B,26,1.638,45.54,-12.35,6,1
P001,HRTF_B,26,1.652,45.93,-12.44,6,1
P001,HRTF_B,26,1.666,46.34,-12.56,6,1
P001,HRTF_B,26,1.680,46.72,-12.67,6,1
P001,HRTF_B,26,1.694,46.99,-12.74,6,1
P001,HRTF_B,27,0.014,-12.05,-2.54,1,1
P001,HRTF_B,27,0.031,-12.11,-2.14,1,1
P001,HRTF_B,27,0.042,-12.16,-1.76,1,1
P001,HRTF_B,27,0.055,-12.19,-1.50,1,1
P001,HRTF_B,27,0.069,-12.20,-1.25,1,1
P001,HRTF_B,27,0.083,-12.18,-1.19,1,1
P001,HRTF_B,27,0.097,-12.10,-1.18,1,1
P001,HRTF_B,27,0.111,-11.95,-1.23,1,1
P001,HRTF_B,27,0.125,-11.75,-1.33,1,1
P001,HRTF_B,27,0.140,-11.47,-1.46,1,1
P001,HRTF_B,27,0.153,-11.12,-1.60,1,1
P001,HRTF_B,27,0.169,-10.68,-1.75,1,1
P001,HRTF_B,27,0.181,-10.17,-1.89,1,1
P001,HRTF_B,27,0.194,-9.66,-2.07,1,1
P001,HRTF_B,27,0.208,-9.07,-2.28,1,1
P001,HRTF_B,27,0.222,-8.35,-2.52,1,1
P001,HRTF_B,27,0.236,-7.64,-2.71,1,1
P001,HRTF_B,27,0.250,-6.95,-2.83,1,1
P001,HRTF_B,27,0.264,-6.18,-2.97,1,1
P001,HRTF_B,27,0.277,-5.36,-3.05,1,1
P001,HRTF_B,27,0.292,-4.51,-3.16,1,1
P001,HRTF_B,27,0.306,-3.58,-3.26,1,1
P001,HRTF_B,27,0.319,-2.62,-3.33,1,1
P001,HRTF_B,27,0.333,-1.68,-3.38,1,1
P001,HRTF_B,27,0.347,-0.79,-3.37,1,1
P001,HRTF_B,27,0.361,0.05,-3.37,1,1
P001,HRTF_B,27,0.375,0.81,-3.44,1,1
P001,HRTF_B,27,0.389,1.39,-3.42,1,1
P001,HRTF_B,27,0.403,1.98,-3.37,1,1
P001,HRTF_B,27,0.417,2.53,-3.28,1,1
P001,HRTF_B,27,0.430,3.03,-3.20,1,1
P001,HRTF_B,27,0.444,3.50,-3.08,1,1
P001,HRTF_B,27,0.459,3.86,-2.95,1,1
P001,HRTF_B,27,0.472,4.16,-2.89,1,1
P001,HRTF_B,27,0.486,4.41,-2.86,1,1
P001,HRTF_B,27,0.500,4.58,-2.91,1,1
P001,HRTF_B,27,0.514,4.77,-2.89,1,1
P001,HRTF_B,27,0.528,4.89,-2.88,1,1
P001,HRTF_B,27,0.542,5.01,-2.92,1,1
P001,HRTF_B,27,0.555,5.05,-3.02,1,1
P001,HRTF_B,27,0.569,5.12,-3.11,1,1
P001,HRTF_B,27,0.583,5.15,-3.24,1,1
P001,HRTF_B,27,0.597,5.16,-3.32,1,1
P001,HRTF_B,27,0.611,5.13,-3.35,1,1
P001,HRTF_B,27,0.625,5.11,-3.35,1,1
P001,HRTF_B,27,0.639,5.01,-3.29,1,1
P001,HRTF_B,27,0.653,4.90,-3.22,1,1
P001,HRTF_B,27,0.667,4.77,-3.16,1,1
P001,HRTF_B,27,0.680,4.64,-3.09,1,1
P001,HRTF_B,27,0.695,4.50,-3.01,1,1
P001,HRTF_B,27,0.708,4.37,-2.95,1,1
P001,HRTF_B,27,0.722,4.24,-2.90,1,1
P001,HRTF_B,27,0.736,4.14,-2.89,1,1
P001,HRTF_B,27,0.750,4.03,-2.92,1,1
P001,HRTF_B,27,0.764,3.94,-2.98,1,1
P001,HRTF_B,27,0.778,3.86,-3.06,1,1
P001,HRTF_B,27,0.792,3.79,-3.17,1,1
P001,HRTF_B,27,0.806,3.73,-3.25,1,1
P001,HRTF_B,27,0.819,3.66,-3.34,1,1
P001,HRTF_B,27,0.833,3.58,-3.36,1,1
P001,HRTF_B,27,0.847,3.49,-3.29,1,1
P001,HRTF_B,27,0.861,3.38,-3.22,1,1
P001,HRTF_B,27,0.875,3.25,-3.04,1,1
P001,HRTF_B,27,0.889,3.11,-2.85,1,1
P001,HRTF_B,27,0.903,3.00,-2.67,1,1
P001,HRTF_B,27,0.917,2.89,-2.47,1,1
P001,HRTF_B,28,0.014,-16.08,-1.84,9,1
P001,HRTF_B,28,0.031,-16.49,-1.75,9,1
P001,HRTF_B,28,0.042,-16.76,-1.69,9,1
P001,HRTF_B,28,0.056,-16.91,-1.72,9,1
P001,HRTF_B,28,0.070,-16.98,-1.72,9,1
P001,HRTF_B,28,0.084,-16.91,-1.79,9,1
P001,HRTF_B,28,0.098,-16.70,-1.88,9,1
P001,HRTF_B,28,0.114,-16.39,-1.94,9,1
P001,HRTF_B,28,0.126,-16.02,-1.99,9,1
P001,HRTF_B,28,0.139,-15.58,-1.99,9,1
P001,HRTF_B,28,0.153,-15.08,-1.94,9,1
P001,HRTF_B,28,0.167,-14.58,-1.83,9,1
P001,HRTF_B,28,0.181,-14.04,-1.75,9,1
P001,HRTF_B,28,0.195,-13.56,-1.69,9,1
P001,HRTF_B,28,0.210,-13.04,-1.70,9,1
P001,HRTF_B,28,0.223,-12.57,-1.72,9,1
P001,HRTF_B,28,0.237,-12.11,-1.74,9,1
P001,HRTF_B,28,0.251,-11.59,-1.78,9,1
P001,HRTF_B,28,0.265,-11.03,-1.82,9,1
P001,HRTF_B,28,0.279,-10.46,-1.90,9,1
P001,HRTF_B,28,0.292,-9.82,-2.00,9,1
P001,HRTF_B,28,0.306,-9.07,-2.13,9,1
P001,HRTF_B,28,0.320,-8.15,-2.29,9,1
P001,HRTF_B,28,0.334,-6.93,-2.43,9,1
P001,HRTF_B,28,0.348,-5.61,-2.54,9,1
P001,HRTF_B,28,0.362,-4.17,-2.60,9,1
P001,HRTF_B,28,0.376,-2.38,-2.57,9,1
P001,HRTF_B,28,0.390,-0.47,-2.53,9,1
P001,HRTF_B,28,0.404,1.66,-2.31,9,1
P001,HRTF_B,28,0.418,4.00,-1.99,9,1
P001,HRTF_B,28,0.432,6.29,-1.79,9,1
P001,HRTF_B,28,0.445,8.65,-1.62,9,1
P001,HRTF_B,28,0.459,10.93,-1.62,9,1
P001,HRTF_B,28,0.474,13.17,-1.69,9,1
P001,HRTF_B,28,0.487,15.46,-1.81,9,1
P001,HRTF_B,28,0.501,17.78,-1.95,9,1
P001,HRTF_B,28,0.515,20.13,-2.09,9,1
P001,HRTF_B,28,0.529,22.30,-2.26,9,1
P001,HRTF_B,28,0.543,24.37,-2.53,9,1
P001,HRTF_B,28,0.557,26.48,-2.82,9,1
P001,HRTF_B,28,0.571,28.60,-3.17,9,1
P001,HRTF_B,28,0.585,30.65,-3.50,9,1
P001,HRTF_B,28,0.599,32.54,-3.79,9,1
P001,HRTF_B,28,0.613,34.28,-4.09,9,1
P001,HRTF_B,28,0.626,35.99,-4.40,9,1
P001,HRTF_B,28,0.640,37.68,-4.71,9,1
P001,HRTF_B,28,0.654,39.27,-4.95,9,1
P001,HRTF_B,28,0.668,40.86,-5.23,9,1
P001,HRTF_B,28,0.682,42.26,-5.45,9,1
P001,HRTF_B,28,0.696,43.64,-5.66,9,1
P001,HRTF_B,28,0.710,44.85,-5.92,9,1
P001,HRTF_B,28,0.724,46.00,-6.16,9,1
P001,HRTF_B,28,0.737,47.19,-6.38,9,1
P001,HRTF_B,28,0.751,48.39,-6.61,9,1
P001,HRTF_B,28,0.765,49.61,-6.79,9,1
P001,HRTF_B,28,0.779,50.79,-6.94,9,1
P001,HRTF_B,28,0.793,51.97,-7.05,9,1
P001,HRTF_B,28,0.807,53.16,-7.21,9,1
P001,HRTF_B,28,0.821,54.43,-7.40,9,1
P001,HRTF_B,28,0.835,55.67,-7.57,9,1
P001,HRTF_B,28,0.849,56.86,-7.71,9,1
P001,HRTF_B,28,0.863,58.03,-7.81,9,1
P001,HRTF_B,28,0.876,59.15,-7.90,9,1
P001,HRTF_B,28,0.890,60.26,-7.98,9,1
P001,HRTF_B,28,0.904,61.37,-8.08,9,1
P001,HRTF_B,28,0.918,62.41,-8.14,9,1
P001,HRTF_B,28,0.932,63.36,-8.16,9,1
P001,HRTF_B,28,0.946,64.29,-8.14,9,1
P001,HRTF_B,28,0.960,65.10,-8.11,9,1
P001,HRTF_B,28,0.974,65.90,-8.06,9,1
P001,HRTF_B,28,0.988,66.59,-7.96,9,1
P001,HRTF_B,28,1.001,67.20,-7.87,9,1
P001,HRTF_B,28,1.016,67.78,-7.73,9,1
P001,HRTF_B,28,1.029,68.31,-7.62,9,1
P001,HRTF_B,28,1.043,68.70,-7.43,9,1
P001,HRTF_B,28,1.057,69.09,-7.22,9,1
P001,HRTF_B,28,1.071,69.41,-7.01,9,1
P001,HRTF_B,28,1.085,69.53,-6.70,9,1
P001,HRTF_B,28,1.099,69.66,-6.50,9,1
P001,HRTF_B,28,1.113,69.72,-6.27,9,1
P001,HRTF_B,28,1.126,69.73,-6.09,9,1
P001,HRTF_B,28,1.140,69.68,-5.93,9,1
P001,HRTF_B,28,1.154,69.64,-5.79,9,1
P001,HRTF_B,28,1.168,69.58,-5.67,9,1
P001,HRTF_B,28,1.182,69.51,-5.58,9,1
P001,HRTF_B,28,1.196,69.44,-5.53,9,1
P001,HRTF_B,28,1.210,69.40,-5.50,9,1
P001,HRTF_B,28,1.224,69.36,-5.45,9,1
P001,HRTF_B,28,1.238,69.32,-5.40,9,1
P001,HRTF_B,28,1.252,69.27,-5.37,9,1
P001,HRTF_B,28,1.266,69.23,-5.38,9,1
P001,HRTF_B,28,1.280,69.20,-5.39,9,1
P001,HRTF_B,28,1.294,69.17,-5.41,9,1
P001,HRTF_B,28,1.307,69.14,-5.40,9,1
P001,HRTF_B,28,1.321,69.09,-5.41,9,1
P001,HRTF_B,28,1.335,69.05,-5.42,9,1
P001,HRTF_B,28,1.349,69.03,-5.45,9,1
P001,HRTF_B,28,1.363,68.99,-5.46,9,1
P001,HRTF_B,28,1.377,68.95,-5.47,9,1
P001,HRTF_B,28,1.391,68.92,-5.48,9,1
P001,HRTF_B,28,1.405,68.90,-5.48,9,1
P001,HRTF_B,28,1.419,68.86,-5.49,9,1
P001,HRTF_B,28,1.432,68.83,-5.51,9,1
P001,HRTF_B,28,1.446,68.80,-5.54,9,1
P001,HRTF_B,28,1.460,68.78,-5.55,9,1
P001,HRTF_B,28,1.474,68.76,-5.54,9,1
P001,HRTF_B,28,1.488,68.75,-5.51,9,1
P001,HRTF_B,28,1.502,68.74,-5.47,9,1
P001,HRTF_B,28,1.516,68.74,-5.44,9,1
P001,HRTF_B,28,1.529,68.72,-5.42,9,1
P001,HRTF_B,28,1.543,68.72,-5.42,9,1
P001,HRTF_B,28,1.558,68.72,-5.40,9,1
P001,HRTF_B,28,1.571,68.71,-5.36,9,1
P001,HRTF_B,28,1.585,68.70,-5.33,9,1
P001,HRTF_B,28,1.599,68.69,-5.30,9,1
P001,HRTF_B,28,1.613,68.68,-5.31,9,1
P001,HRTF_B,28,1.627,68.68,-5.29,9,1
P001,HRTF_B,28,1.641,68.67,-5.26,9,1
P001,HRTF_B,28,1.655,68.66,-5.21,9,1
P001,HRTF_B,28,1.669,68.63,-5.16,9,1
P001,HRTF_B,28,1.683,68.60,-5.13,9,1
P001,HRTF_B,28,1.696,68.60,-5.11,9,1
P001,HRTF_B,28,1.710,68.56,-5.08,9,1
P001,HRTF_B,28,1.724,68.55,-5.07,9,1
P001,HRTF_B,28,1.738,68.53,-5.08,9,1
P001,HRTF_B,28,1.752,68.50,-5.09,9,1
P001,HRTF_B,28,1.766,68.46,-5.14,9,1
P001,HRTF_B,28,1.780,68.42,-5.17,9,1
P001,HRTF_B,28,1.794,68.38,-5.23,9,1
P001,HRTF_B,29,0.014,-17.96,-1.47,15,1
P001,HRTF_B,29,0.031,-18.38,-1.42,15,1
P001,HRTF_B,29,0.042,-18.73,-1.40,15,1
P001,HRTF_B,29,0.056,-18.98,-1.40,15,1
P001,HRTF_B,29,0.069,-19.13,-1.37,15,1
P001,HRTF_B,29,0.083,-19.15,-1.31,15,1
P001,HRTF_B,29,0.097,-19.14,-1.26,15,1
P001,HRTF_B,29,0.111,-19.03,-1.23,15,1
P001,HRTF_B,29,0.125,-18.92,-1.20,15,1
P001,HRTF_B,29,0.139,-18.73,-1.16,15,1
P001,HRTF_B,29,0.153,-18.49,-1.12,15,1
P001,HRTF_B,29,0.167,-18.23,-1.11,15,1
P001,HRTF_B,29,0.181,-17.93,-1.10,15,1
P001,HRTF_B,29,0.194,-17.65,-1.12,15,1
P001,HRTF_B,29,0.208,-17.38,-1.14,15,1
P001,HRTF_B,29,0.223,-17.10,-1.17,15,1
P001,HRTF_B,29,0.236,-16.84,-1.17,15,1
P001,HRTF_B,29,0.250,-16.57,-1.14,15,1
P001,HRTF_B,29,0.264,-16.28,-1.17,15,1
P001,HRTF_B,29,0.278,-16.05,-1.19,15,1
P001,HRTF_B,29,0.292,-15.84,-1.23,15,1
P001,HRTF_B,29,0.306,-15.57,-1.25,15,1
P001,HRTF_B,29,0.320,-15.26,-1.25,15,1
P001,HRTF_B,29,0.333,-14.93,-1.26,15,1
P001,HRTF_B,29,0.347,-14.57,-1.27,15,1
P001,HRTF_B,29,0.361,-14.09,-1.25,15,1
P001,HRTF_B,29,0.375,-13.53,-1.22,15,1
P001,HRTF_B,29,0.389,-12.89,-1.24,15,1
P001,HRTF_B,29,0.403,-12.04,-1.16,15,1
P001,HRTF_B,29,0.417,-11.17,-1.10,15,1
P001,HRTF_B,29,0.431,-10.23,-1.07,15,1
P001,HRTF_B,29,0.445,-9.30,-0.97,15,1
P001,HRTF_B,29,0.459,-8.16,-0.87,15,1
P001,HRTF_B,29,0.473,-7.03,-0.91,15,1
P001,HRTF_B,29,0.486,-5.88,-0.87,15,1
P001,HRTF_B,29,0.500,-4.60,-0.93,15,1
P001,HRTF_B,29,0.514,-3.26,-0.95,15,1
P001,HRTF_B,29,0.528,-1.89,-1.00,15,1
P001,HRTF_B,29,0.542,-0.57,-1.09,15,1
P001,HRTF_B,29,0.556,0.76,-1.27,15,1
P001,HRTF_B,29,0.570,2.07,-1.44,15,1
P001,HRTF_B,29,0.583,3.54,-1.58,15,1
P001,HRTF_B,29,0.597,5.06,-1.65,15,1
P001,HRTF_B,29,0.611,6.61,-1.75,15,1
P001,HRTF_B,29,0.625,8.17,-1.82,15,1
P001,HRTF_B,29,0.639,9.69,-1.85,15,1
P001,HRTF_B,29,0.653,11.21,-1.94,15,1
P001,HRTF_B,29,0.667,12.81,-1.99,15,1
P001,HRTF_B,29,0.681,14.40,-1.99,15,1
P001,HRTF_B,29,0.695,15.93,-1.92,15,1
P001,HRTF_B,29,0.709,17.43,-1.93,15,1
P001,HRTF_B,29,0.722,18.83,-1.95,15,1
P001,HRTF_B,29,0.736,20.22,-2.01,15,1
P001,HRTF_B,29,0.750,21.64,-2.07,15,1
P001,HRTF_B,29,0.764,23.01,-2.11,15,1
P001,HRTF_B,29,0.778,24.35,-2.10,15,1
P001,HRTF_B,29,0.792,25.64,-2.13,15,1
P001,HRTF_B,29,0.806,26.95,-2.18,15,1
P001,HRTF_B,29,0.820,28.23,-2.26,15,1
P001,HRTF_B,29,0.833,29.48,-2.31,15,1
P001,HRTF_B,29,0.847,30.69,-2.32,15,1
P001,HRTF_B,29,0.861,31.87,-2.36,15,1
P001,HRTF_B,29,0.875,33.00,-2.42,15,1
P001,HRTF_B,29,0.889,33.99,-2.58,15,1
P001,HRTF_B,29,0.903,34.83,-2.79,15,1
P001,HRTF_B,29,0.917,35.63,-2.93,15,1
P001,HRTF_B,29,0.931,36.35,-3.06,15,1
P001,HRTF_B,29,0.945,36.98,-3.09,15,1
P001,HRTF_B,29,0.958,37.52,-3.12,15,1
P001,HRTF_B,29,0.973,37.88,-3.11,15,1
P001,HRTF_B,29,0.986,38.11,-3.14,15,1
P001,HRTF_B,29,1.000,38.24,-3.15,15,1
P001,HRTF_B,29,1.014,38.36,-3.13,15,1
P001,HRTF_B,29,1.028,38.45,-3.09,15,1
P001,HRTF_B,29,1.042,38.45,-3.03,15,1
P001,HRTF_B,29,1.056,38.43,-2.94,15,1
P001,HRTF_B,29,1.070,38.21,-2.84,15,1
P001,HRTF_B,29,1.084,38.05,-2.77,15,1
P001,HRTF_B,29,1.097,37.87,-2.74,15,1
P001,HRTF_B,29,1.111,37.68,-2.70,15,1
P001,HRTF_B,29,1.125,37.49,-2.66,15,1
P001,HRTF_B,29,1.139,37.29,-2.61,15,1
P001,HRTF_B,29,1.153,37.08,-2.59,15,1
P001,HRTF_B,29,1.167,36.91,-2.56,15,1
P001,HRTF_B,29,1.181,36.77,-2.54,15,1
P001,HRTF_B,29,1.195,36.64,-2.51,15,1
P001,HRTF_B,29,1.209,36.53,-2.48,15,1
P001,HRTF_B,29,1.222,36.43,-2.48,15,1
P001,HRTF_B,29,1.237,36.33,-2.50,15,1
P001,HRTF_B,29,1.251,36.25,-2.54,15,1
P001,HRTF_B,29,1.264,36.19,-2.62,15,1
P001,HRTF_B,29,1.278,36.14,-2.68,15,1
P001,HRTF_B,29,1.292,36.11,-2.77,15,1
P001,HRTF_B,29,1.306,36.05,-2.91,15,1
P001,HRTF_B,29,1.320,36.01,-3.11,15,1
P001,HRTF_B,29,1.334,35.96,-3.39,15,1
P001,HRTF_B,29,1.347,35.90,-3.68,15,1
P001,HRTF_B,29,1.361,35.87,-4.02,15,1
P001,HRTF_B,29,1.375,35.83,-4.35,15,1
P001,HRTF_B,29,1.390,35.77,-4.74,15,1
P001,HRTF_B,29,1.403,35.67,-5.22,15,1
P001,HRTF_B,29,1.417,35.61,-5.82,15,1
P001,HRTF_B,29,1.431,35.50,-6.61,15,1
P001,HRTF_B,29,1.446,35.42,-7.49,15,1
P001,HRTF_B,29,1.460,35.30,-8.60,15,1
P001,HRTF_B,29,1.474,35.13,-9.92,15,1
P001,HRTF_B,29,1.487,34.97,-11.31,15,1
P001,HRTF_B,29,1.501,34.83,-12.86,15,1
P001,HRTF_B,29,1.515,34.68,-14.26,15,1
P001,HRTF_B,29,1.528,34.52,-15.54,15,1
P001,HRTF_B,29,1.542,34.39,-16.83,15,1
P001,HRTF_B,29,1.556,34.27,-18.12,15,1
P001,HRTF_B,29,1.570,34.09,-19.39,15,1
P001,HRTF_B,29,1.584,33.88,-20.72,15,1
P001,HRTF_B,29,1.597,33.68,-21.98,15,1
P001,HRTF_B,29,1.611,33.47,-23.26,15,1
P001,HRTF_B,29,1.625,33.27,-24.53,15,1
P001,HRTF_B,29,1.639,33.04,-25.85,15,1
P001,HRTF_B,29,1.653,32.81,-27.17,15,1
P001,HRTF_B,29,1.667,32.59,-28.56,15,1
P001,HRTF_B,29,1.681,32.28,-29.99,15,1
P001,HRTF_B,29,1.695,32.08,-31.44,15,1
P001,HRTF_B,29,1.708,31.90,-32.94,15,1
P001,HRTF_B,29,1.722,31.71,-34.48,15,1
P001,HRTF_B,29,1.736,31.56,-36.01,15,1
P001,HRTF_B,29,1.750,31.46,-37.40,15,1
P001,HRTF_B,29,1.764,31.40,-38.67,15,1
P001,HRTF_B,29,1.778,31.37,-39.76,15,1
P001,HRTF_B,29,1.792,31.40,-40.64,15,1
P001,HRTF_B,29,1.806,31.45,-41.44,15,1
P001,HRTF_B,29,1.819,31.57,-41.94,15,1
P001,HRTF_B,29,1.834,31.59,-42.46,15,1
P001,HRTF_B,29,1.847,31.64,-43.14,15,1
P001,HRTF_B,29,1.861,31.67,-43.86,15,1
P001,HRTF_B,29,1.875,31.78,-44.58,15,1
P001,HRTF_B,29,1.889,31.77,-45.22,15,1
P001,HRTF_B,29,1.903,31.89,-45.85,15,1
P001,HRTF_B,29,1.917,31.95,-46.58,15,1
P001,HRTF_B,29,1.930,32.03,-47.32,15,1
P001,HRTF_B,29,1.944,32.09,-48.04,15,1
P001,HRTF_B,29,1.958,32.20,-48.70,15,1
P001,HRTF_B,29,1.972,32.27,-49.33,15,1
P001,HRTF_B,29,1.986,32.50,-49.99,15,1
P001,HRTF_B,29,2.000,32.56,-50.55,15,1
P001,HRTF_B,29,2.014,32.76,-51.07,15,1
P001,HRTF_B,29,2.028,32.94,-51.58,15,1
P001,HRTF_B,29,2.042,33.21,-51.99,15,1
P001,HRTF_B,29,2.055,33.40,-52.28,15,1
P001,HRTF_B,29,2.069,33.61,-52.54,15,1
P001,HRTF_B,29,2.083,33.75,-52.71,15,1
P001,HRTF_B,29,2.097,33.93,-52.92,15,1
P001,HRTF_B,29,2.111,34.12,-53.06,15,1
P001,HRTF_B,29,2.125,34.36,-53.27,15,1
P001,HRTF_B,29,2.139,34.60,-53.55,15,1
P001,HRTF_B,29,2.153,34.86,-53.78,15,1
P001,HRTF_B,29,2.167,35.09,-54.02,15,1
P001,HRTF_B,29,2.181,35.32,-54.27,15,1
P001,HRTF_B,29,2.195,35.56,-54.53,15,1
P001,HRTF_B,29,2.208,35.79,-54.76,15,1
P001,HRTF_B,29,2.222,35.97,-55.07,15,1
P001,HRTF_B,29,2.236,36.14,-55.35,15,1
P001,HRTF_B,29,2.250,36.46,-55.59,15,1
P001,HRTF_B,29,2.264,36.77,-55.83,15,1
P001,HRTF_B,29,2.278,37.09,-56.02,15,1
P001,HRTF_B,29,2.292,37.38,-56.18,15,1
P001,HRTF_B,29,2.306,37.61,-56.44,15,1
P001,HRTF_B,29,2.320,37.90,-56.64,15,1
P001,HRTF_B,29,2.333,38.27,-56.80,15,1
P001,HRTF_B,29,2.347,38.55,-56.95,15,1
P001,HRTF_B,29,2.361,38.84,-57.09,15,1
P001,HRTF_B,29,2.375,39.10,-57.21,15,1
P001,HRTF_B,29,2.389,39.55,-57.24,15,1
P001,HRTF_B,29,2.403,39.88,-57.26,15,1
P001,HRTF_B,29,2.417,40.20,-57.34,15,1
P001,HRTF_B,29,2.431,40.59,-57.36,15,1
P001,HRTF_B,29,2.445,41.02,-57.38,15,1
P001,HRTF_B,29,2.458,41.40,-57.41,15,1
P001,HRTF_B,29,2.472,41.72,-57.47,15,1
P001,HRTF_B,29,2.486,41.95,-57.53,15,1
P001,HRTF_B,29,2.500,42.19,-57.57,15,1
P001,HRTF_B,29,2.514,42.42,-57.52,15,1
P001,HRTF_B,29,2.528,42.65,-57.39,15,1
P001,HRTF_B,29,2.542,42.85,-57.32,15,1
P001,HRTF_B,29,2.556,43.00,-57.34,15,1
P001,HRTF_B,29,2.570,43.13,-57.43,15,1
P001,HRTF_B,29,2.584,43.17,-57.57,15,1
P001,HRTF_B,29,2.597,43.21,-57.70,15,1
P001,HRTF_B,29,2.611,43.27,-57.77,15,1
P001,HRTF_B,29,2.625,43.34,-57.83,15,1
P001,HRTF_B,29,2.639,43.36,-57.92,15,1
P001,HRTF_B,29,2.653,43.36,-58.06,15,1
P001,HRTF_B,29,2.667,43.31,-58.19,15,1
P001,HRTF_B,29,2.681,43.31,-58.38,15,1
P001,HRTF_B,29,2.695,43.30,-58.53,15,1
P001,HRTF_B,29,2.709,43.26,-58.58,15,1
P001,HRTF_B,29,2.723,43.16,-58.63,15,1
P001,HRTF_B,29,2.736,43.07,-58.69,15,1
P001,HRTF_B,29,2.750,43.01,-58.75,15,1
P001,HRTF_B,29,2.764,42.94,-58.76,15,1
P001,HRTF_B,29,2.778,42.84,-58.74,15,1
P001,HRTF_B,29,2.792,42.77,-58.73,15,1
P001,HRTF_B,29,2.806,42.78,-58.75,15,1
P001,HRTF_B,29,2.820,42.89,-58.80,15,1
P001,HRTF_B,29,2.833,42.96,-58.81,15,1
P001,HRTF_B,29,2.847,42.98,-58.80,15,1
P001,HRTF_B,29,2.861,42.97,-58.80,15,1
P001,HRTF_B,29,2.875,42.99,-58.77,15,1
P001,HRTF_B,29,2.889,43.02,-58.76,15,1
P001,HRTF_B,29,2.903,43.07,-58.77,15,1
P001,HRTF_B,29,2.917,43.11,-58.78,15,1
P001,HRTF_B,29,2.931,43.15,-58.75,15,1
P001,HRTF_B,29,2.945,43.15,-58.68,15,1
P001,HRTF_B,29,2.958,43.17,-58.63,15,1
P001,HRTF_B,29,2.972,43.16,-58.58,15,1
P001,HRTF_B,29,2.986,43.17,-58.59,15,1
P001,HRTF_B,29,3.000,43.23,-58.62,15,1
P001,HRTF_B,29,3.014,43.25,-58.69,15,1
P001,HRTF_B,29,3.028,43.29,-58.74,15,1
P001,HRTF_B,29,3.042,43.33,-58.73,15,1
P001,HRTF_B,29,3.056,43.36,-58.69,15,1
P001,HRTF_B,29,3.070,43.44,-58.61,15,1
P001,HRTF_B,30,0.014,-13.58,-1.44,31,1
P001,HRTF_B,30,0.031,-13.55,-1.53,31,1
P001,HRTF_B,30,0.042,-13.54,-1.57,31,1
P001,HRTF_B,30,0.056,-13.51,-1.69,31,1
P001,HRTF_B,30,0.070,-13.48,-1.76,31,1
P001,HRTF_B,30,0.083,-13.42,-1.84,31,1
P001,HRTF_B,30,0.097,-13.34,-1.92,31,1
P001,HRTF_B,30,0.111,-13.26,-1.98,31,1
P001,HRTF_B,30,0.125,-13.14,-2.02,31,1
P001,HRTF_B,30,0.139,-13.02,-2.08,31,1
P001,HRTF_B,30,0.153,-12.88,-2.11,31,1
P001,HRTF_B,30,0.171,-12.71,-2.15,31,1
P001,HRTF_B,30,0.181,-12.55,-2.16,31,1
P001,HRTF_B,30,0.195,-12.38,-2.14,31,1
P001,HRTF_B,30,0.208,-12.21,-2.13,31,1
P001,HRTF_B,30,0.222,-12.04,-2.12,31,1
P001,HRTF_B,30,0.236,-11.87,-2.13,31,1
P001,HRTF_B,30,0.250,-11.68,-2.14,31,1
P001,HRTF_B,30,0.264,-11.50,-2.14,31,1
P001,HRTF_B,30,0.278,-11.31,-2.14,31,1
P001,HRTF_B,30,0.292,-11.13,-2.12,31,1
P001,HRTF_B,30,0.306,-10.92,-2.10,31,1
P001,HRTF_B,30,0.320,-10.65,-2.11,31,1
P001,HRTF_B,30,0.333,-10.26,-2.15,31,1
P001,HRTF_B,30,0.347,-9.74,-2.19,31,1
P001,HRTF_B,30,0.361,-9.19,-2.26,31,1
P001,HRTF_B,30,0.375,-8.58,-2.32,31,1
P001,HRTF_B,30,0.389,-7.99,-2.41,31,1
P001,HRTF_B,30,0.403,-7.37,-2.57,31,1
P001,HRTF_B,30,0.417,-6.68,-2.61,31,1
P001,HRTF_B,30,0.431,-6.03,-2.68,31,1
P001,HRTF_B,30,0.445,-5.42,-2.72,31,1
P001,HRTF_B,30,0.459,-4.89,-2.72,31,1
P001,HRTF_B,30,0.472,-4.45,-2.73,31,1
P001,HRTF_B,30,0.486,-4.05,-2.76,31,1
P001,HRTF_B,30,0.500,-3.76,-2.79,31,1
P001,HRTF_B,30,0.514,-3.49,-2.82,31,1
P001,HRTF_B,30,0.528,-3.34,-2.84,31,1
P001,HRTF_B,30,0.542,-3.18,-2.87,31,1
P001,HRTF_B,30,0.556,-3.10,-2.87,31,1
P001,HRTF_B,30,0.570,-3.03,-2.83,31,1
P001,HRTF_B,30,0.583,-3.00,-2.77,31,1
P001,HRTF_B,30,0.598,-3.01,-2.67,31,1
P001,HRTF_B,30,0.611,-3.02,-2.59,31,1
P001,HRTF_B,30,0.625,-3.04,-2.54,31,1
P001,HRTF_B,30,0.639,-3.06,-2.49,31,1
P001,HRTF_B,30,0.653,-3.12,-2.44,31,1
P001,HRTF_B,30,0.667,-3.19,-2.38,31,1
P001,HRTF_B,30,0.684,-3.26,-2.31,31,1
P001,HRTF_B,30,0.698,-3.32,-2.26,31,1
P001,HRTF_B,30,0.712,-3.39,-2.22,31,1
P001,HRTF_B,30,0.725,-3.44,-2.19,31,1
P001,HRTF_B,30,0.739,-3.50,-2.15,31,1
P001,HRTF_B,30,0.765,-3.56,-2.11,31,1
P001,HRTF_B,30,0.779,-3.66,-2.07,31,1
P001,HRTF_B,30,0.792,-3.71,-2.06,31,1
P001,HRTF_B,30,0.806,-3.75,-2.06,31,1
P001,HRTF_B,30,0.820,-3.78,-2.06,31,1
P001,HRTF_B,30,0.834,-3.81,-2.07,31,1
P001,HRTF_B,30,0.847,-3.80,-2.09,31,1
P001,HRTF_B,30,0.862,-3.80,-2.10,31,1
P001,HRTF_B,30,0.875,-3.80,-2.10,31,1
P001,HRTF_B,30,0.889,-3.80,-2.09,31,1
P001,HRTF_B,30,0.903,-3.80,-2.07,31,1
P001,HRTF_B,30,0.917,-3.79,-2.06,31,1
P001,HRTF_B,30,0.931,-3.78,-2.04,31,1
P001,HRTF_B,30,0.945,-3.77,-2.03,31,1
P001,HRTF_B,30,0.958,-3.75,-2.03,31,1
P001,HRTF_B,30,0.973,-3.74,-2.03,31,1
P001,HRTF_B,30,0.987,-3.73,-2.02,31,1
P001,HRTF_B,30,1.000,-3.73,-2.01,31,1
P001,HRTF_B,30,1.015,-3.72,-2.00,31,1
P001,HRTF_B,30,1.028,-3.72,-1.99,31,1
P001,HRTF_B,30,1.042,-3.72,-1.99,31,1
P001,HRTF_B,30,1.056,-3.71,-2.00,31,1
P001,HRTF_B,30,1.069,-3.71,-2.00,31,1
P001,HRTF_B,30,1.083,-3.71,-2.04,31,1
P001,HRTF_B,30,1.097,-3.68,-2.07,31,1
P001,HRTF_B,30,1.111,-3.65,-2.07,31,1
P001,HRTF_B,30,1.125,-3.64,-2.04,31,1
P001,HRTF_B,30,1.139,-3.62,-2.00,31,1
P001,HRTF_B,30,1.153,-3.59,-1.96,31,1
P001,HRTF_B,30,1.167,-3.56,-1.94,31,1
P001,HRTF_B,30,1.181,-3.53,-1.95,31,1
P001,HRTF_B,30,1.195,-3.52,-1.96,31,1
P001,HRTF_B,30,1.208,-3.51,-1.96,31,1
P001,HRTF_B,30,1.222,-3.52,-1.94,31,1
P001,HRTF_B,30,1.236,-3.53,-1.94,31,1
P001,HRTF_B,30,1.250,-3.53,-1.93,31,1
P001,HRTF_B,30,1.264,-3.54,-1.94,31,1
P001,HRTF_B,30,1.278,-3.56,-1.96,31,1
P001,HRTF_B,30,1.292,-3.59,-2.01,31,1
P001,HRTF_B,30,1.306,-3.60,-2.05,31,1
P001,HRTF_B,30,1.319,-3.63,-2.07,31,1
P001,HRTF_B,30,1.333,-3.64,-2.09,31,1
P001,HRTF_B,30,1.347,-3.66,-2.10,31,1
P001,HRTF_B,30,1.361,-3.67,-2.11,31,1
P001,HRTF_B,30,1.376,-3.65,-2.11,31,1
P001,HRTF_B,30,1.389,-3.65,-2.11,31,1
P001,HRTF_B,30,1.403,-3.65,-2.13,31,1
P001,HRTF_B,30,1.417,-3.65,-2.13,31,1
P001,HRTF_B,30,1.431,-3.64,-2.15,31,1
P001,HRTF_B,30,1.445,-3.64,-2.16,31,1
P001,HRTF_B,30,1.458,-3.62,-2.17,31,1
P001,HRTF_B,30,1.472,-3.59,-2.17,31,1
P001,HRTF_B,30,1.486,-3.58,-2.15,31,1
P001,HRTF_B,30,1.500,-3.57,-2.14,31,1
P001,HRTF_B,30,1.515,-3.56,-2.13,31,1
P001,HRTF_B,30,1.528,-3.56,-2.12,31,1
P001,HRTF_B,30,1.542,-3.57,-2.09,31,1
P001,HRTF_B,30,1.556,-3.60,-2.05,31,1
P001,HRTF_B,30,1.570,-3.63,-2.06,31,1
P001,HRTF_B,30,1.584,-3.71,-2.12,31,1
P001,HRTF_B,30,1.598,-3.83,-2.22,31,1
P001,HRTF_B,30,1.611,-3.99,-2.45,31,1
P001,HRTF_B,30,1.625,-4.13,-2.64,31,1
P001,HRTF_B,30,1.639,-4.31,-2.77,31,1
P001,HRTF_B,30,1.653,-4.51,-2.89,31,1
P001,HRTF_B,30,1.667,-4.75,-2.96,31,1
P001,HRTF_B,30,1.681,-5.03,-2.98,31,1
P001,HRTF_B,30,1.695,-5.34,-2.99,31,1
P001,HRTF_B,30,1.709,-5.68,-2.97,31,1
P001,HRTF_B,30,1.723,-6.02,-2.94,31,1
P001,HRTF_B,30,1.736,-6.36,-2.92,31,1
P001,HRTF_B,30,1.750,-6.73,-2.92,31,1
P001,HRTF_B,30,1.764,-7.12,-2.85,31,1
P001,HRTF_B,30,1.778,-7.55,-2.75,31,1
P001,HRTF_B,30,1.792,-7.99,-2.67,31,1
P001,HRTF_B,30,1.806,-8.49,-2.54,31,1
P001,HRTF_B,30,1.820,-9.04,-2.42,31,1
P001,HRTF_B,30,1.834,-9.58,-2.36,31,1
P001,HRTF_B,30,1.848,-10.18,-2.32,31,1
P001,HRTF_B,30,1.861,-10.86,-2.19,31,1
P001,HRTF_B,30,1.875,-11.59,-2.09,31,1
P001,HRTF_B,30,1.889,-12.41,-1.93,31,1
P001,HRTF_B,30,1.903,-13.21,-1.78,31,1
P001,HRTF_B,30,1.917,-14.11,-1.55,31,1
P001,HRTF_B,30,1.931,-15.04,-1.28,31,1
P001,HRTF_B,30,1.945,-16.02,-0.99,31,1
P001,HRTF_B,30,1.959,-17.04,-0.64,31,1
P001,HRTF_B,30,1.972,-18.13,-0.30,31,1
P001,HRTF_B,30,1.987,-19.27,-0.03,31,1
P001,HRTF_B,30,2.000,-20.42,0.14,31,1
P001,HRTF_B,30,2.014,-21.57,0.23,31,1
P001,HRTF_B,30,2.028,-22.82,0.23,31,1
P001,HRTF_B,30,2.042,-24.13,0.21,31,1
P001,HRTF_B,30,2.056,-25.51,0.17,31,1
P001,HRTF_B,30,2.070,-26.93,0.04,31,1
P001,HRTF_B,30,2.084,-28.37,-0.09,31,1
P001,HRTF_B,30,2.097,-29.86,-0.23,31,1
P001,HRTF_B,30,2.111,-31.39,-0.39,31,1
P001,HRTF_B,30,2.125,-32.93,-0.56,31,1
P001,HRTF_B,30,2.139,-34.50,-0.73,31,1
P001,HRTF_B,30,2.153,-36.12,-0.89,31,1
P001,HRTF_B,30,2.167,-37.79,-1.01,31,1
P001,HRTF_B,30,2.181,-39.48,-1.10,31,1
P001,HRTF_B,30,2.195,-41.15,-1.20,31,1
P001,HRTF_B,30,2.209,-42.88,-1.31,31,1
P001,HRTF_B,30,2.223,-44.59,-1.51,31,1
P001,HRTF_B,30,2.236,-46.33,-1.72,31,1
P001,HRTF_B,30,2.250,-48.11,-1.98,31,1
P001,HRTF_B,30,2.264,-49.86,-2.24,31,1
P001,HRTF_B,30,2.278,-51.64,-2.66,31,1
P001,HRTF_B,30,2.292,-53.41,-3.00,31,1
P001,HRTF_B,30,2.306,-55.20,-3.22,31,1
P001,HRTF_B,30,2.320,-56.99,-3.47,31,1
P001,HRTF_B,30,2.334,-58.81,-3.67,31,1
P001,HRTF_B,30,2.347,-60.64,-3.87,31,1
P001,HRTF_B,30,2.361,-62.46,-4.12,31,1
P001,HRTF_B,30,2.375,-64.28,-4.38,31,1
P001,HRTF_B,30,2.389,-66.09,-4.64,31,1
P001,HRTF_B,30,2.403,-67.94,-4.85,31,1
P001,HRTF_B,30,2.417,-69.76,-5.07,31,1
P001,HRTF_B,30,2.431,-71.59,-5.29,31,1
P001,HRTF_B,30,2.445,-73.35,-5.52,31,1
P001,HRTF_B,30,2.459,-75.09,-5.74,31,1
P001,HRTF_B,30,2.472,-76.79,-5.95,31,1
P001,HRTF_B,30,2.487,-78.51,-6.11,31,1
P001,HRTF_B,30,2.501,-80.16,-6.24,31,1
P001,HRTF_B,30,2.514,-81.78,-6.36,31,1
P001,HRTF_B,30,2.528,-83.31,-6.46,31,1
P001,HRTF_B,30,2.542,-84.76,-6.51,31,1
P001,HRTF_B,30,2.556,-86.16,-6.52,31,1
P001,HRTF_B,30,2.570,-87.53,-6.48,31,1
P001,HRTF_B,30,2.584,-88.83,-6.44,31,1
P001,HRTF_B,30,2.597,-90.12,-6.42,31,1
P001,HRTF_B,30,2.611,-91.40,-6.45,31,1
P001,HRTF_B,30,2.625,-92.65,-6.54,31,1
P001,HRTF_B,30,2.639,-93.95,-6.61,31,1
P001,HRTF_B,30,2.653,-95.25,-6.68,31,1
P001,HRTF_B,30,2.667,-96.54,-6.69,31,1
P001,HRTF_B,30,2.681,-97.90,-6.74,31,1
P001,HRTF_B,30,2.695,-99.29,-6.76,31,1
P001,HRTF_B,30,2.709,-100.72,-6.80,31,1
P001,HRTF_B,30,2.722,-102.14,-6.86,31,1
P001,HRTF_B,30,2.736,-103.65,-6.89,31,1
P001,HRTF_B,30,2.750,-105.07,-6.89,31,1
P001,HRTF_B,30,2.764,-106.49,-6.86,31,1
P001,HRTF_B,30,2.778,-107.97,-6.82,31,1
P001,HRTF_B,30,2.792,-109.46,-6.73,31,1
P001,HRTF_B,30,2.806,-110.94,-6.66,31,1
P001,HRTF_B,30,2.820,-112.41,-6.60,31,1
P001,HRTF_B,30,2.834,-113.82,-6.57,31,1
P001,HRTF_B,30,2.847,-115.22,-6.52,31,1
P001,HRTF_B,30,2.862,-116.63,-6.40,31,1
P001,HRTF_B,30,2.875,-118.05,-6.28,31,1
P001,HRTF_B,30,2.889,-119.52,-6.20,31,1
P001,HRTF_B,30,2.903,-120.95,-6.07,31,1
P001,HRTF_B,30,2.917,-122.42,-5.99,31,1
P001,HRTF_B,30,2.931,-123.86,-5.89,31,1
P001,HRTF_B,30,2.945,-125.33,-5.77,31,1
P001,HRTF_B,30,2.958,-126.78,-5.64,31,1
P001,HRTF_B,30,2.972,-128.23,-5.50,31,1
P001,HRTF_B,30,2.986,-129.69,-5.35,31,1
P001,HRTF_B,30,3.000,-131.12,-5.21,31,1
P001,HRTF_B,30,3.014,-132.59,-5.09,31,1
P001,HRTF_B,30,3.028,-134.02,-4.95,31,1
P001,HRTF_B,30,3.042,-135.37,-4.81,31,1
P001,HRTF_B,30,3.056,-136.77,-4.73,31,1
P001,HRTF_B,30,3.070,-138.12,-4.66,31,1
P001,HRTF_B,30,3.084,-139.43,-4.55,31,1
P001,HRTF_B,30,3.098,-140.73,-4.43,31,1
P001,HRTF_B,30,3.112,-141.99,-4.35,31,1
P001,HRTF_B,30,3.125,-143.25,-4.31,31,1
P001,HRTF_B,30,3.140,-144.51,-4.24,31,1
P001,HRTF_B,30,3.153,-145.73,-4.20,31,1
P001,HRTF_B,30,3.167,-146.98,-4.18,31,1
P001,HRTF_B,30,3.181,-148.16,-4.15,31,1
P001,HRTF_B,30,3.195,-149.38,-4.11,31,1
P001,HRTF_B,30,3.209,-150.61,-4.09,31,1
P001,HRTF_B,30,3.223,-151.85,-4.06,31,1
P001,HRTF_B,30,3.236,-153.08,-4.06,31,1
P001,HRTF_B,30,3.250,-154.34,-4.07,31,1
P001,HRTF_B,30,3.264,-155.58,-4.02,31,1
P001,HRTF_B,30,3.278,-156.82,-3.99,31,1
P001,HRTF_B,30,3.292,-158.02,-3.95,31,1
P001,HRTF_B,30,3.306,-159.28,-3.85,31,1
P001,HRTF_B,30,3.320,-160.51,-3.75,31,1
P001,HRTF_B,30,3.334,-161.77,-3.67,31,1
P001,HRTF_B,30,3.348,-162.97,-3.63,31,1
P001,HRTF_B,30,3.362,-164.22,-3.59,31,1
P001,HRTF_B,30,3.375,-165.43,-3.56,31,1
P001,HRTF_B,30,3.389,-166.61,-3.55,31,1
P001,HRTF_B,30,3.403,-167.81,-3.56,31,1
P001,HRTF_B,30,3.417,-168.96,-3.55,31,1
P001,HRTF_B,30,3.431,-170.07,-3.61,31,1
P001,HRTF_B,30,3.445,-171.20,-3.73,31,1
P001,HRTF_B,30,3.458,-172.14,-4.01,31,1
P001,HRTF_B,30,3.472,-173.05,-4.34,31,1
P001,HRTF_B,30,3.486,-173.87,-4.71,31,1
P001,HRTF_B,30,3.500,-174.54,-5.20,31,1
P001,HRTF_B,30,3.514,-174.97,-5.83,31,1
P001,HRTF_B,30,3.528,-175.30,-6.65,31,1
P001,HRTF_B,30,3.542,-175.53,-7.53,31,1
P001,HRTF_B,30,3.556,-175.41,-8.57,31,1
P001,HRTF_B,30,3.570,-175.26,-9.68,31,1
P001,HRTF_B,30,3.583,-175.13,-10.65,31,1
P001,HRTF_B,30,3.598,-174.54,-11.86,31,1
P001,HRTF_B,30,3.612,-173.82,-13.17,31,1
P001,HRTF_B,30,3.625,-173.04,-14.34,31,1
P001,HRTF_B,30,3.639,-172.35,-15.58,31,1
P001,HRTF_B,30,3.653,-171.50,-16.85,31,1
P001,HRTF_B,30,3.667,-170.61,-18.09,31,1
P001,HRTF_B,30,3.681,-169.70,-19.37,31,1
P001,HRTF_B,30,3.695,-168.70,-20.67,31,1
P001,HRTF_B,30,3.710,-167.78,-21.97,31,1
P001,HRTF_B,30,3.723,-166.99,-23.22,31,1
P001,HRTF_B,30,3.737,-166.25,-24.34,31,1
P001,HRTF_B,30,3.750,-165.54,-25.37,31,1
P001,HRTF_B,30,3.764,-164.88,-26.32,31,1
P001,HRTF_B,30,3.778,-164.28,-27.29,31,1
P001,HRTF_B,30,3.792,-163.87,-28.18,31,1
P001,HRTF_B,30,3.806,-163.57,-29.08,31,1
P001,HRTF_B,30,3.820,-163.32,-29.93,31,1
P001,HRTF_B,30,3.833,-162.95,-30.54,31,1
P001,HRTF_B,30,3.847,-162.59,-31.12,31,1
P001,HRTF_B,30,3.861,-162.54,-31.78,31,1
P001,HRTF_B,30,3.875,-162.45,-32.39,31,1
P001,HRTF_B,30,3.889,-162.44,-32.87,31,1
P001,HRTF_B,30,3.903,-162.37,-33.37,31,1
P001,HRTF_B,30,3.917,-162.41,-33.71,31,1
P001,HRTF_B,30,3.931,-162.51,-33.95,31,1
P001,HRTF_B,30,3.945,-162.61,-34.12,31,1
P001,HRTF_B,30,3.959,-162.71,-34.28,31,1
P001,HRTF_B,30,3.972,-162.91,-34.24,31,1
P001,HRTF_B,30,3.986,-163.10,-34.12,31,1
P001,HRTF_B,30,4.000,-163.51,-33.79,31,1
P001,HRTF_B,30,4.014,-163.99,-33.40,31,1
P001,HRTF_B,30,4.028,-164.59,-32.80,31,1
P001,HRTF_B,30,4.042,-165.42,-31.89,31,1
P001,HRTF_B,30,4.056,-166.20,-31.01,31,1
P001,HRTF_B,30,4.070,-167.41,-29.86,31,1
P001,HRTF_B,30,4.084,-168.77,-28.76,31,1
P001,HRTF_B,30,4.097,-170.33,-27.48,31,1
P001,HRTF_B,30,4.111,-172.10,-25.99,31,1
P001,HRTF_B,30,4.125,-173.92,-24.45,31,1
P001,HRTF_B,30,4.140,-175.80,-22.80,31,1
P001,HRTF_B,30,4.153,-177.70,-21.23,31,1
P001,HRTF_B,30,4.167,-179.72,-19.70,31,1
P001,HRTF_B,30,4.181,178.19,-18.16,31,1
P001,HRTF_B,30,4.194,176.14,-16.64,31,1
P001,HRTF_B,30,4.208,174.05,-15.08,31,1
P001,HRTF_B,30,4.222,172.05,-13.65,31,1
P001,HRTF_B,30,4.237,169.97,-12.40,31,1
P001,HRTF_B,30,4.250,167.86,-11.14,31,1
P001,HRTF_B,30,4.264,166.00,-9.89,31,1
P001,HRTF_B,30,4.278,164.15,-8.72,31,1
P001,HRTF_B,30,4.292,162.46,-7.58,31,1
P001,HRTF_B,30,4.306,160.78,-6.58,31,1
P001,HRTF_B,30,4.320,159.18,-5.64,31,1
P001,HRTF_B,30,4.333,157.73,-4.75,31,1
P001,HRTF_B,30,4.348,156.37,-3.90,31,1
P001,HRTF_B,30,4.361,155.18,-3.02,31,1
P001,HRTF_B,30,4.375,154.03,-2.17,31,1
P001,HRTF_B,30,4.389,153.07,-1.26,31,1
P001,HRTF_B,30,4.403,152.22,-0.37,31,1
P001,HRTF_B,30,4.417,151.43,0.48,31,1
P001,HRTF_B,30,4.431,150.83,1.27,31,1
P001,HRTF_B,30,4.444,150.25,2.06,31,1
P001,HRTF_B,30,4.459,149.78,2.77,31,1
P001,HRTF_B,30,4.472,149.41,3.46,31,1
P001,HRTF_B,30,4.486,149.08,4.07,31,1
P001,HRTF_B,30,4.500,148.87,4.64,31,1
P001,HRTF_B,30,4.514,148.65,5.20,31,1
P001,HRTF_B,30,4.528,148.52,5.78,31,1
P001,HRTF_B,30,4.542,148.39,6.35,31,1
P001,HRTF_B,30,4.556,148.35,6.91,31,1
P001,HRTF_B,30,4.570,148.44,7.49,31,1
P001,HRTF_B,30,4.584,148.51,8.07,31,1
P001,HRTF_B,30,4.598,148.71,8.69,31,1
P001,HRTF_B,30,4.611,149.27,9.26,31,1
P001,HRTF_B,30,4.625,149.92,9.77,31,1
P001,HRTF_B,30,4.639,150.76,10.26,31,1
P001,HRTF_B,30,4.653,151.87,10.64,31,1
P001,HRTF_B,30,4.667,152.97,10.91,31,1
P001,HRTF_B,30,4.681,154.14,11.00,31,1
P001,HRTF_B,30,4.694,155.42,11.02,31,1
P001,HRTF_B,30,4.708,156.78,10.78,31,1
P001,HRTF_B,30,4.723,158.10,10.40,31,1
P001,HRTF_B,30,4.736,159.38,9.96,31,1
P001,HRTF_B,30,4.750,160.53,9.54,31,1
P001,HRTF_B,30,4.764,161.49,9.17,31,1
P001,HRTF_B,30,4.778,162.42,8.89,31,1
P001,HRTF_B,30,4.792,163.25,8.60,31,1
P001,HRTF_B,30,4.806,163.85,8.24,31,1
P001,HRTF_B,30,4.820,164.34,7.86,31,1
P001,HRTF_B,30,4.833,164.61,7.26,31,1
P001,HRTF_B,30,4.848,164.69,6.60,31,1
P001,HRTF_B,30,4.861,164.62,5.82,31,1
P001,HRTF_B,30,4.875,164.41,4.89,31,1
P001,HRTF_B,30,4.889,163.87,3.73,31,1
P001,HRTF_B,30,4.903,163.15,2.52,31,1
P001,HRTF_B,30,4.917,162.35,1.39,31,1
P001,HRTF_B,30,4.931,161.45,0.37,31,1
P001,HRTF_B,30,4.945,160.54,-0.59,31,1
P001,HRTF_B,30,4.959,159.64,-1.49,31,1
P001,HRTF_B,30,4.972,158.68,-2.37,31,1
P001,HRTF_B,30,4.986,157.71,-3.21,31,1
P001,HRTF_B,30,5.000,156.76,-4.07,31,1
P001,HRTF_B,30,5.014,155.83,-4.88,31,1
P001,HRTF_B,30,5.028,154.97,-5.65,31,1
P001,HRTF_B,30,5.042,154.21,-6.41,31,1
P001,HRTF_B,30,5.056,153.61,-7.09,31,1
P001,HRTF_B,30,5.070,153.07,-7.76,31,1
P001,HRTF_B,30,5.083,152.72,-8.31,31,1
P001,HRTF_B,30,5.098,152.55,-8.80,31,1
P001,HRTF_B,30,5.111,152.52,-9.32,31,1
P001,HRTF_B,30,5.125,152.73,-9.73,31,1
P001,HRTF_B,30,5.139,153.36,-10.08,31,1
P001,HRTF_B,30,5.153,154.10,-10.44,31,1
P001,HRTF_B,30,5.167,155.28,-10.70,31,1
P001,HRTF_B,30,5.181,156.61,-11.02,31,1
P001,HRTF_B,30,5.195,158.41,-11.30,31,1
P001,HRTF_B,30,5.209,160.27,-11.63,31,1
P001,HRTF_B,30,5.222,162.35,-12.02,31,1
P001,HRTF_B,30,5.236,164.52,-12.42,31,1
P001,HRTF_B,30,5.250,166.78,-12.82,31,1
P001,HRTF_B,30,5.264,169.16,-13.26,31,1
P001,HRTF_B,30,5.278,171.60,-13.66,31,1
P001,HRTF_B,30,5.292,173.95,-14.11,31,1
P001,HRTF_B,30,5.306,176.30,-14.43,31,1
P001,HRTF_B,30,5.320,178.67,-14.66,31,1
P001,HRTF_B,30,5.334,-179.03,-14.80,31,1
P001,HRTF_B,30,5.347,-176.80,-14.79,31,1
P001,HRTF_B,30,5.361,-174.71,-14.56,31,1
P001,HRTF_B,30,5.375,-172.60,-14.27,31,1
P001,HRTF_B,30,5.389,-170.59,-13.89,31,1
P001,HRTF_B,30,5.403,-168.71,-13.45,31,1
P001,HRTF_B,30,5.417,-166.98,-12.83,31,1
P001,HRTF_B,30,5.431,-165.27,-12.13,31,1
P001,HRTF_B,30,5.445,-163.72,-11.37,31,1
P001,HRTF_B,30,5.459,-162.14,-10.47,31,1
P001,HRTF_B,30,5.472,-160.65,-9.50,31,1
P001,HRTF_B,30,5.486,-159.24,-8.41,31,1
P001,HRTF_B,30,5.500,-157.97,-7.32,31,1
P001,HRTF_B,30,5.514,-156.80,-6.20,31,1
P001,HRTF_B,30,5.528,-155.77,-5.17,31,1
P001,HRTF_B,30,5.542,-154.83,-4.11,31,1
P001,HRTF_B,30,5.556,-153.99,-3.07,31,1
P001,HRTF_B,30,5.570,-153.24,-2.16,31,1
P001,HRTF_B,30,5.584,-152.58,-1.26,31,1
P001,HRTF_B,30,5.598,-152.02,-0.39,31,1
P001,HRTF_B,30,5.611,-151.51,0.39,31,1
P001,HRTF_B,30,5.625,-151.04,1.17,31,1
P001,HRTF_B,30,5.639,-150.59,1.87,31,1
P001,HRTF_B,30,5.653,-150.16,2.46,31,1
P001,HRTF_B,30,5.667,-149.82,3.05,31,1
P001,HRTF_B,30,5.681,-149.22,3.60,31,1
P001,HRTF_B,30,5.694,-148.73,4.14,31,1
P001,HRTF_B,30,5.709,-148.21,4.67,31,1
P001,HRTF_B,30,5.723,-147.76,5.12,31,1
P001,HRTF_B,30,5.736,-147.30,5.50,31,1
P001,HRTF_B,30,5.750,-146.85,5.91,31,1
P001,HRTF_B,30,5.764,-146.40,6.31,31,1
P001,HRTF_B,30,5.778,-145.99,6.56,31,1
P001,HRTF_B,30,5.792,-145.56,6.92,31,1
P001,HRTF_B,30,5.806,-145.12,7.15,31,1
P001,HRTF_B,30,5.820,-144.68,7.27,31,1
P001,HRTF_B,30,5.833,-144.22,7.41,31,1
P001,HRTF_B,30,5.847,-143.77,7.52,31,1
P001,HRTF_B,30,5.861,-143.28,7.58,31,1
P001,HRTF_B,30,5.875,-142.80,7.61,31,1
P001,HRTF_B,30,5.889,-142.34,7.62,31,1
P001,HRTF_B,30,5.903,-141.89,7.63,31,1
P001,HRTF_B,30,5.917,-141.48,7.62,31,1
P001,HRTF_B,30,5.931,-141.08,7.63,31,1
P001,HRTF_B,30,5.944,-140.68,7.66,31,1
P001,HRTF_B,30,5.959,-140.28,7.66,31,1
P001,HRTF_B,30,5.972,-139.94,7.69,31,1
P001,HRTF_B,30,5.986,-139.58,7.73,31,1
P001,HRTF_B,30,6.000,-139.27,7.72,31,1
P001,HRTF_B,30,6.014,-138.94,7.68,31,1
P001,HRTF_B,30,6.028,-138.59,7.54,31,1
P001,HRTF_B,30,6.042,-138.23,7.35,31,1
P001,HRTF_B,30,6.056,-137.87,7.10,31,1
P001,HRTF_B,30,6.070,-137.52,6.85,31,1
P001,HRTF_B,30,6.083,-137.16,6.43,31,1
P001,HRTF_B,30,6.098,-136.80,5.87,31,1
P001,HRTF_B,30,6.111,-136.41,5.20,31,1
P001,HRTF_B,30,6.125,-136.04,4.43,31,1
P001,HRTF_B,30,6.139,-135.63,3.68,31,1
P001,HRTF_B,30,6.153,-135.27,2.83,31,1
P001,HRTF_B,30,6.167,-134.92,1.89,31,1
P001,HRTF_B,30,6.181,-134.58,0.92,31,1
P001,HRTF_B,30,6.195,-134.22,-0.06,31,1
P001,HRTF_B,30,6.208,-133.95,-1.01,31,1
P001,HRTF_B,30,6.222,-133.67,-2.02,31,1
P001,HRTF_B,30,6.236,-133.34,-3.01,31,1
P001,HRTF_B,30,6.250,-133.07,-4.06,31,1
P001,HRTF_B,30,6.265,-132.81,-5.08,31,1
P001,HRTF_B,30,6.278,-132.54,-6.13,31,1
P001,HRTF_B,30,6.292,-132.18,-7.20,31,1
P001,HRTF_B,30,6.306,-131.80,-8.31,31,1
P001,HRTF_B,30,6.320,-131.46,-9.44,31,1
P001,HRTF_B,30,6.334,-131.03,-10.60,31,1
P001,HRTF_B,30,6.347,-130.55,-11.76,31,1
P001,HRTF_B,30,6.361,-130.02,-12.95,31,1
P001,HRTF_B,30,6.375,-129.43,-14.05,31,1
P001,HRTF_B,30,6.389,-128.89,-15.09,31,1
P001,HRTF_B,30,6.403,-128.34,-16.07,31,1
P001,HRTF_B,30,6.417,-127.70,-17.01,31,1
P001,HRTF_B,30,6.431,-126.97,-17.97,31,1
P001,HRTF_B,30,6.445,-126.22,-18.93,31,1
P001,HRTF_B,30,6.459,-125.48,-19.87,31,1
P001,HRTF_B,30,6.472,-124.78,-20.84,31,1
P001,HRTF_B,30,6.486,-124.06,-21.85,31,1
P001,HRTF_B,30,6.500,-123.32,-22.91,31,1
P001,HRTF_B,30,6.514,-122.55,-24.00,31,1
P001,HRTF_B,30,6.528,-121.78,-25.14,31,1
P001,HRTF_B,30,6.542,-121.00,-26.30,31,1
P001,HRTF_B,30,6.556,-120.22,-27.47,31,1
P001,HRTF_B,30,6.570,-119.42,-28.65,31,1
P001,HRTF_B,30,6.583,-118.65,-29.81,31,1
P001,HRTF_B,30,6.597,-117.93,-30.95,31,1
P001,HRTF_B,30,6.611,-117.29,-31.97,31,1
P001,HRTF_B,30,6.625,-116.62,-32.92,31,1
P001,HRTF_B,30,6.639,-116.06,-33.70,31,1
P001,HRTF_B,30,6.653,-115.43,-34.50,31,1
P001,HRTF_B,30,6.667,-114.88,-35.27,31,1
P001,HRTF_B,30,6.681,-114.43,-35.97,31,1
P001,HRTF_B,30,6.695,-113.94,-36.57,31,1
P001,HRTF_B,30,6.708,-113.46,-37.17,31,1
P001,HRTF_B,30,6.722,-112.87,-37.78,31,1
P001,HRTF_B,30,6.737,-112.35,-38.40,31,1
P001,HRTF_B,30,6.750,-111.77,-39.03,31,1
P001,HRTF_B,30,6.764,-111.19,-39.65,31,1
P001,HRTF_B,30,6.778,-110.62,-40.22,31,1
P001,HRTF_B,30,6.792,-110.06,-40.76,31,1
P001,HRTF_B,30,6.806,-109.48,-41.27,31,1
P001,HRTF_B,30,6.820,-108.88,-41.69,31,1
P001,HRTF_B,30,6.833,-108.23,-42.04,31,1
P001,HRTF_B,30,6.847,-107.66,-42.31,31,1
P001,HRTF_B,30,6.861,-107.01,-42.54,31,1
P001,HRTF_B,30,6.875,-106.37,-42.69,31,1
P001,HRTF_B,30,6.889,-105.73,-42.83,31,1
P001,HRTF_B,30,6.903,-105.11,-42.96,31,1
P001,HRTF_B,30,6.917,-104.51,-43.08,31,1
P001,HRTF_B,30,6.931,-103.86,-43.20,31,1
P001,HRTF_B,30,6.945,-103.22,-43.27,31,1
P001,HRTF_B,30,6.959,-102.54,-43.26,31,1
P001,HRTF_B,30,6.973,-101.84,-43.21,31,1
P001,HRTF_B,30,6.986,-101.14,-43.18,31,1
P001,HRTF_B,30,7.000,-100.38,-43.15,31,1
P001,HRTF_B,30,7.014,-99.63,-43.17,31,1
P001,HRTF_B,30,7.028,-98.84,-43.18,31,1
P001,HRTF_B,30,7.042,-98.07,-43.16,31,1
P001,HRTF_B,30,7.056,-97.33,-43.20,31,1
P001,HRTF_B,30,7.070,-96.57,-43.21,31,1
P001,HRTF_B,30,7.084,-95.84,-43.26,31,1
P001,HRTF_B,30,7.098,-95.07,-43.29,31,1
P001,HRTF_B,30,7.112,-94.33,-43.33,31,1
P001,HRTF_B,30,7.125,-93.56,-43.39,31,1
P001,HRTF_B,30,7.139,-92.78,-43.44,31,1
P001,HRTF_B,30,7.153,-91.99,-43.53,31,1
P001,HRTF_B,30,7.167,-91.26,-43.59,31,1
P001,HRTF_B,30,7.181,-90.51,-43.62,31,1
P001,HRTF_B,30,7.195,-89.77,-43.66,31,1
P001,HRTF_B,30,7.209,-89.01,-43.67,31,1
P001,HRTF_B,30,7.222,-88.27,-43.67,31,1
P001,HRTF_B,30,7.236,-87.59,-43.64,31,1
P001,HRTF_B,30,7.251,-86.91,-43.62,31,1
P001,HRTF_B,30,7.264,-86.26,-43.59,31,1
P001,HRTF_B,30,7.278,-85.57,-43.60,31,1
P001,HRTF_B,30,7.292,-84.92,-43.59,31,1
P001,HRTF_B,30,7.306,-84.24,-43.56,31,1
P001,HRTF_B,30,7.320,-83.59,-43.52,31,1
P001,HRTF_B,30,7.334,-82.87,-43.51,31,1
P001,HRTF_B,31,0.014,-21.04,-0.06,5,1
P001,HRTF_B,31,0.031,-21.09,-0.56,5,1
P001,HRTF_B,31,0.042,-21.10,-1.02,5,1
P001,HRTF_B,31,0.055,-21.18,-1.49,5,1
P001,HRTF_B,31,0.069,-21.21,-1.93,5,1
P001,HRTF_B,31,0.083,-21.25,-2.36,5,1
P001,HRTF_B,31,0.097,-21.29,-2.75,5,1
P001,HRTF_B,31,0.111,-21.32,-3.17,5,1
P001,HRTF_B,31,0.125,-21.32,-3.52,5,1
P001,HRTF_B,31,0.139,-21.27,-3.92,5,1
P001,HRTF_B,31,0.155,-21.24,-4.26,5,1
P001,HRTF_B,31,0.167,-21.13,-4.52,5,1
P001,HRTF_B,31,0.181,-21.04,-4.70,5,1
P001,HRTF_B,31,0.194,-20.91,-4.91,5,1
P001,HRTF_B,31,0.208,-20.75,-5.08,5,1
P001,HRTF_B,31,0.222,-20.55,-5.21,5,1
P001,HRTF_B,31,0.236,-20.31,-5.27,5,1
P001,HRTF_B,31,0.250,-20.09,-5.32,5,1
P001,HRTF_B,31,0.264,-19.88,-5.34,5,1
P001,HRTF_B,31,0.278,-19.69,-5.30,5,1
P001,HRTF_B,31,0.292,-19.52,-5.23,5,1
P001,HRTF_B,31,0.305,-19.31,-5.11,5,1
P001,HRTF_B,31,0.319,-19.09,-5.01,5,1
P001,HRTF_B,31,0.333,-18.85,-4.91,5,1
P001,HRTF_B,31,0.347,-18.57,-4.84,5,1
P001,HRTF_B,31,0.361,-18.19,-4.77,5,1
P001,HRTF_B,31,0.375,-17.80,-4.69,5,1
P001,HRTF_B,31,0.389,-17.32,-4.58,5,1
P001,HRTF_B,31,0.403,-16.82,-4.49,5,1
P001,HRTF_B,31,0.417,-16.25,-4.36,5,1
P001,HRTF_B,31,0.431,-15.70,-4.25,5,1
P001,HRTF_B,31,0.444,-15.12,-4.15,5,1
P001,HRTF_B,31,0.458,-14.47,-4.04,5,1
P001,HRTF_B,31,0.472,-13.83,-3.94,5,1
P001,HRTF_B,31,0.486,-13.10,-3.91,5,1
P001,HRTF_B,31,0.500,-12.28,-3.82,5,1
P001,HRTF_B,31,0.514,-11.51,-3.74,5,1
P001,HRTF_B,31,0.528,-10.76,-3.76,5,1
P001,HRTF_B,31,0.542,-10.01,-3.73,5,1
P001,HRTF_B,31,0.556,-9.28,-3.69,5,1
P001,HRTF_B,31,0.569,-8.51,-3.67,5,1
P001,HRTF_B,31,0.583,-7.71,-3.68,5,1
P001,HRTF_B,31,0.597,-6.94,-3.63,5,1
P001,HRTF_B,31,0.611,-6.12,-3.59,5,1
P001,HRTF_B,31,0.625,-5.24,-3.55,5,1
P001,HRTF_B,31,0.639,-4.31,-3.52,5,1
P001,HRTF_B,31,0.653,-3.39,-3.56,5,1
P001,HRTF_B,31,0.667,-2.38,-3.46,5,1
P001,HRTF_B,31,0.681,-1.31,-3.36,5,1
P001,HRTF_B,31,0.695,-0.38,-3.19,5,1
P001,HRTF_B,31,0.708,0.66,-3.00,5,1
P001,HRTF_B,31,0.722,1.74,-2.91,5,1
P001,HRTF_B,31,0.736,2.80,-2.90,5,1
P001,HRTF_B,31,0.750,3.87,-2.86,5,1
P001,HRTF_B,31,0.764,4.79,-2.74,5,1
P001,HRTF_B,31,0.778,5.76,-2.65,5,1
P001,HRTF_B,31,0.792,6.70,-2.56,5,1
P001,HRTF_B,31,0.806,7.63,-2.50,5,1
P001,HRTF_B,31,0.819,8.55,-2.41,5,1
P001,HRTF_B,31,0.833,9.45,-2.36,5,1
P001,HRTF_B,31,0.847,10.37,-2.39,5,1
P001,HRTF_B,31,0.861,11.29,-2.36,5,1
P001,HRTF_B,31,0.875,12.17,-2.42,5,1
P001,HRTF_B,31,0.889,13.04,-2.50,5,1
P001,HRTF_B,31,0.903,13.90,-2.50,5,1
P001,HRTF_B,31,0.917,14.78,-2.56,5,1
P001,HRTF_B,31,0.931,15.62,-2.63,5,1
P001,HRTF_B,31,0.945,16.43,-2.67,5,1
P001,HRTF_B,31,0.958,17.25,-2.73,5,1
P001,HRTF_B,31,0.973,18.07,-2.82,5,1
P001,HRTF_B,31,0.986,18.89,-2.85,5,1
P001,HRTF_B,31,1.000,19.69,-2.95,5,1
P001,HRTF_B,31,1.014,20.49,-3.05,5,1
P001,HRTF_B,31,1.028,21.28,-3.14,5,1
P001,HRTF_B,31,1.042,22.07,-3.28,5,1
P001,HRTF_B,31,1.056,22.87,-3.36,5,1
P001,HRTF_B,31,1.070,23.62,-3.45,5,1
P001,HRTF_B,31,1.083,24.38,-3.49,5,1
P001,HRTF_B,31,1.098,25.11,-3.49,5,1
P001,HRTF_B,31,1.111,25.78,-3.44,5,1
P001,HRTF_B,31,1.125,26.46,-3.39,5,1
P001,HRTF_B,31,1.139,27.13,-3.31,5,1
P001,HRTF_B,31,1.153,27.76,-3.29,5,1
P001,HRTF_B,31,1.167,28.37,-3.18,5,1
P001,HRTF_B,31,1.181,28.97,-3.07,5,1
P001,HRTF_B,31,1.195,29.55,-2.99,5,1
P001,HRTF_B,31,1.209,30.12,-2.87,5,1
P001,HRTF_B,31,1.223,30.67,-2.78,5,1
P001,HRTF_B,31,1.236,31.27,-2.69,5,1
P001,HRTF_B,31,1.250,31.84,-2.64,5,1
P001,HRTF_B,31,1.264,32.40,-2.58,5,1
P001,HRTF_B,31,1.278,32.95,-2.50,5,1
P001,HRTF_B,31,1.292,33.50,-2.43,5,1
P001,HRTF_B,31,1.306,34.11,-2.38,5,1
P001,HRTF_B,31,1.320,34.66,-2.39,5,1
P001,HRTF_B,31,1.334,35.23,-2.41,5,1
P001,HRTF_B,31,1.347,35.73,-2.40,5,1
P001,HRTF_B,31,1.361,36.26,-2.38,5,1
P001,HRTF_B,31,1.375,36.78,-2.35,5,1
P001,HRTF_B,31,1.389,37.27,-2.33,5,1
P001,HRTF_B,31,1.403,37.78,-2.35,5,1
P001,HRTF_B,31,1.417,38.25,-2.37,5,1
P001,HRTF_B,31,1.431,38.70,-2.35,5,1
P001,HRTF_B,31,1.445,39.15,-2.29,5,1
P001,HRTF_B,31,1.458,39.56,-2.25,5,1
P001,HRTF_B,31,1.472,39.92,-2.18,5,1
P001,HRTF_B,31,1.486,40.33,-2.17,5,1
P001,HRTF_B,31,1.500,40.73,-2.20,5,1
P001,HRTF_B,31,1.514,41.12,-2.22,5,1
P001,HRTF_B,31,1.528,41.48,-2.30,5,1
P001,HRTF_B,31,1.542,41.84,-2.34,5,1
P001,HRTF_B,31,1.556,42.20,-2.37,5,1
P001,HRTF_B,31,1.570,42.51,-2.42,5,1
P001,HRTF_B,31,1.584,42.79,-2.49,5,1
P001,HRTF_B,31,1.597,43.07,-2.51,5,1
P001,HRTF_B,31,1.611,43.33,-2.58,5,1
P001,HRTF_B,31,1.625,43.59,-2.68,5,1
P001,HRTF_B,31,1.639,43.84,-2.77,5,1
P001,HRTF_B,31,1.653,44.06,-2.85,5,1
P001,HRTF_B,31,1.668,44.25,-2.94,5,1
P001,HRTF_B,31,1.681,44.45,-3.01,5,1
P001,HRTF_B,31,1.695,44.62,-3.08,5,1
P001,HRTF_B,32,0.014,-21.01,-3.72,29,1
P001,HRTF_B,32,0.031,-21.33,-3.84,29,1
P001,HRTF_B,32,0.042,-21.61,-3.91,29,1
P001,HRTF_B,32,0.056,-21.84,-3.99,29,1
P001,HRTF_B,32,0.070,-22.10,-4.05,29,1
P001,HRTF_B,32,0.084,-22.19,-4.12,29,1
P001,HRTF_B,32,0.097,-22.31,-4.18,29,1
P001,HRTF_B,32,0.111,-22.34,-4.27,29,1
P001,HRTF_B,32,0.125,-22.37,-4.31,29,1
P001,HRTF_B,32,0.139,-22.37,-4.37,29,1
P001,HRTF_B,32,0.153,-22.36,-4.42,29,1
P001,HRTF_B,32,0.167,-22.36,-4.44,29,1
P001,HRTF_B,32,0.181,-22.31,-4.50,29,1
P001,HRTF_B,32,0.195,-22.26,-4.56,29,1
P001,HRTF_B,32,0.209,-22.21,-4.62,29,1
P001,HRTF_B,32,0.222,-22.15,-4.73,29,1
P001,HRTF_B,32,0.236,-22.12,-4.83,29,1
P001,HRTF_B,32,0.250,-22.13,-4.95,29,1
P001,HRTF_B,32,0.264,-22.20,-5.10,29,1
P001,HRTF_B,32,0.278,-22.32,-5.24,29,1
P001,HRTF_B,32,0.292,-22.45,-5.37,29,1
P001,HRTF_B,32,0.306,-22.60,-5.48,29,1
P001,HRTF_B,32,0.320,-22.80,-5.60,29,1
P001,HRTF_B,32,0.333,-23.20,-5.63,29,1
P001,HRTF_B,32,0.347,-23.58,-5.66,29,1
P001,HRTF_B,32,0.361,-24.04,-5.68,29,1
P001,HRTF_B,32,0.375,-24.50,-5.71,29,1
P001,HRTF_B,32,0.389,-24.96,-5.73,29,1
P001,HRTF_B,32,0.403,-25.44,-5.75,29,1
P001,HRTF_B,32,0.417,-25.94,-5.77,29,1
P001,HRTF_B,32,0.431,-26.39,-5.78,29,1
P001,HRTF_B,32,0.445,-26.82,-5.76,29,1
P001,HRTF_B,32,0.459,-27.22,-5.76,29,1
P001,HRTF_B,32,0.472,-27.60,-5.74,29,1
P001,HRTF_B,32,0.486,-27.94,-5.75,29,1
P001,HRTF_B,32,0.500,-28.23,-5.80,29,1
P001,HRTF_B,32,0.514,-28.44,-5.86,29,1
P001,HRTF_B,32,0.528,-28.66,-5.93,29,1
P001,HRTF_B,32,0.542,-28.85,-5.97,29,1
P001,HRTF_B,32,0.556,-28.98,-6.03,29,1
P001,HRTF_B,32,0.570,-29.10,-6.05,29,1
P001,HRTF_B,32,0.583,-29.14,-6.06,29,1
P001,HRTF_B,32,0.597,-29.18,-6.07,29,1
P001,HRTF_B,32,0.611,-29.20,-6.08,29,1
P001,HRTF_B,32,0.625,-29.17,-6.09,29,1
P001,HRTF_B,32,0.640,-29.15,-6.10,29,1
P001,HRTF_B,32,0.653,-29.10,-6.10,29,1
P001,HRTF_B,32,0.667,-29.07,-6.10,29,1
P001,HRTF_B,32,0.680,-29.03,-6.07,29,1
P001,HRTF_B,32,0.695,-29.01,-6.04,29,1
P001,HRTF_B,32,0.709,-28.97,-6.01,29,1
P001,HRTF_B,32,0.722,-28.94,-5.98,29,1
P001,HRTF_B,32,0.736,-28.89,-5.96,29,1
P001,HRTF_B,32,0.750,-28.85,-5.97,29,1
P001,HRTF_B,32,0.764,-28.81,-5.95,29,1
P001,HRTF_B,32,0.778,-28.77,-5.92,29,1
P001,HRTF_B,32,0.792,-28.73,-5.89,29,1
P001,HRTF_B,33,0.012,-15.38,-1.02,23,1
P001,HRTF_B,33,0.029,-14.67,-0.80,23,1
P001,HRTF_B,33,0.040,-13.97,-0.63,23,1
P001,HRTF_B,33,0.054,-13.32,-0.48,23,1
P001,HRTF_B,33,0.068,-12.66,-0.39,23,1
P001,HRTF_B,33,0.082,-12.04,-0.25,23,1
P001,HRTF_B,33,0.096,-11.51,-0.21,23,1
P001,HRTF_B,33,0.111,-10.99,-0.13,23,1
P001,HRTF_B,33,0.126,-10.52,-0.15,23,1
P001,HRTF_B,33,0.137,-10.06,-0.18,23,1
P001,HRTF_B,33,0.151,-9.65,-0.20,23,1
P001,HRTF_B,33,0.165,-9.24,-0.22,23,1
P001,HRTF_B,33,0.179,-8.91,-0.25,23,1
P001,HRTF_B,33,0.193,-8.60,-0.30,23,1
P001,HRTF_B,33,0.207,-8.31,-0.32,23,1
P001,HRTF_B,33,0.221,-8.04,-0.35,23,1
P001,HRTF_B,33,0.235,-7.77,-0.39,23,1
P001,HRTF_B,33,0.248,-7.52,-0.42,23,1
P001,HRTF_B,33,0.263,-7.26,-0.44,23,1
P001,HRTF_B,33,0.276,-6.99,-0.46,23,1
P001,HRTF_B,33,0.290,-6.71,-0.47,23,1
P001,HRTF_B,33,0.304,-6.39,-0.48,23,1
P001,HRTF_B,33,0.318,-6.01,-0.49,23,1
P001,HRTF_B,33,0.332,-5.60,-0.51,23,1
P001,HRTF_B,33,0.346,-5.12,-0.52,23,1
P001,HRTF_B,33,0.359,-4.61,-0.60,23,1
P001,HRTF_B,33,0.374,-3.96,-0.75,23,1
P001,HRTF_B,33,0.387,-3.25,-0.98,23,1
P001,HRTF_B,33,0.401,-2.57,-1.15,23,1
P001,HRTF_B,33,0.415,-1.86,-1.35,23,1
P001,HRTF_B,33,0.429,-1.15,-1.60,23,1
P001,HRTF_B,33,0.443,-0.44,-1.87,23,1
P001,HRTF_B,33,0.457,0.26,-2.11,23,1
P001,HRTF_B,33,0.471,0.92,-2.34,23,1
P001,HRTF_B,33,0.485,1.53,-2.59,23,1
P001,HRTF_B,33,0.498,2.08,-2.82,23,1
P001,HRTF_B,33,0.512,2.65,-3.12,23,1
P001,HRTF_B,33,0.526,3.22,-3.42,23,1
P001,HRTF_B,33,0.540,3.70,-3.76,23,1
P001,HRTF_B,33,0.554,4.14,-4.17,23,1
P001,HRTF_B,33,0.568,4.46,-4.59,23,1
P001,HRTF_B,33,0.582,4.79,-4.99,23,1
P001,HRTF_B,33,0.596,4.89,-5.43,23,1
P001,HRTF_B,33,0.610,4.89,-5.98,23,1
P001,HRTF_B,33,0.624,4.74,-6.57,23,1
P001,HRTF_B,33,0.638,4.48,-7.17,23,1
P001,HRTF_B,33,0.651,4.11,-7.87,23,1
P001,HRTF_B,33,0.665,3.60,-8.82,23,1
P001,HRTF_B,33,0.679,2.88,-10.02,23,1
P001,HRTF_B,33,0.693,1.94,-11.40,23,1
P001,HRTF_B,33,0.707,0.79,-12.68,23,1
P001,HRTF_B,33,0.721,-0.43,-13.90,23,1
P001,HRTF_B,33,0.735,-1.78,-15.08,23,1
P001,HRTF_B,33,0.749,-3.12,-16.29,23,1
P001,HRTF_B,33,0.762,-4.47,-17.53,23,1
P001,HRTF_B,33,0.776,-5.82,-18.64,23,1
P001,HRTF_B,33,0.790,-7.04,-19.73,23,1
P001,HRTF_B,33,0.804,-8.25,-20.81,23,1
P001,HRTF_B,33,0.818,-9.42,-21.87,23,1
P001,HRTF_B,33,0.832,-10.47,-22.84,23,1
P001,HRTF_B,33,0.846,-11.49,-23.81,23,1
P001,HRTF_B,33,0.860,-12.43,-24.75,23,1
P001,HRTF_B,33,0.874,-13.07,-25.68,23,1
P001,HRTF_B,33,0.887,-13.75,-26.55,23,1
P001,HRTF_B,33,0.901,-14.19,-27.26,23,1
P001,HRTF_B,33,0.915,-14.53,-28.11,23,1
P001,HRTF_B,33,0.929,-14.73,-28.96,23,1
P001,HRTF_B,33,0.943,-14.88,-29.77,23,1
P001,HRTF_B,33,0.957,-14.89,-30.45,23,1
P001,HRTF_B,33,0.971,-14.86,-31.04,23,1
P001,HRTF_B,33,0.985,-14.65,-31.71,23,1
P001,HRTF_B,33,0.999,-14.54,-32.40,23,1
P001,HRTF_B,33,1.013,-14.27,-33.05,23,1
P001,HRTF_B,33,1.027,-14.03,-33.63,23,1
P001,HRTF_B,33,1.040,-13.72,-34.22,23,1
P001,HRTF_B,33,1.054,-13.39,-34.85,23,1
P001,HRTF_B,33,1.068,-13.01,-35.57,23,1
P001,HRTF_B,33,1.082,-12.73,-36.21,23,1
P001,HRTF_B,33,1.096,-12.52,-36.84,23,1
P001,HRTF_B,33,1.110,-12.30,-37.39,23,1
P001,HRTF_B,33,1.124,-12.05,-37.94,23,1
P001,HRTF_B,33,1.138,-11.79,-38.51,23,1
P001,HRTF_B,33,1.152,-11.48,-39.03,23,1
P001,HRTF_B,33,1.165,-11.17,-39.58,23,1
P001,HRTF_B,33,1.179,-10.90,-40.04,23,1
P001,HRTF_B,33,1.193,-10.68,-40.49,23,1
P001,HRTF_B,33,1.207,-10.38,-40.89,23,1
P001,HRTF_B,33,1.221,-10.14,-41.35,23,1
P001,HRTF_B,33,1.235,-9.86,-41.73,23,1
P001,HRTF_B,33,1.249,-9.65,-42.09,23,1
P001,HRTF_B,33,1.263,-9.48,-42.42,23,1
P001,HRTF_B,33,1.276,-9.27,-42.74,23,1
P001,HRTF_B,33,1.291,-9.21,-42.95,23,1
P001,HRTF_B,33,1.304,-9.10,-43.19,23,1
P001,HRTF_B,33,1.318,-8.98,-43.42,23,1
P001,HRTF_B,33,1.332,-8.85,-43.61,23,1
P001,HRTF_B,33,1.346,-8.72,-43.81,23,1
P001,HRTF_B,33,1.360,-8.57,-43.93,23,1
P001,HRTF_B,33,1.374,-8.44,-44.05,23,1
P001,HRTF_B,33,1.388,-8.35,-44.11,23,1
P001,HRTF_B,33,1.401,-8.23,-44.12,23,1
P001,HRTF_B,33,1.415,-8.11,-44.13,23,1
P001,HRTF_B,33,1.429,-7.98,-44.18,23,1
P001,HRTF_B,33,1.443,-7.84,-44.22,23,1
P001,HRTF_B,33,1.457,-7.72,-44.27,23,1
P001,HRTF_B,33,1.471,-7.58,-44.33,23,1
P001,HRTF_B,33,1.485,-7.46,-44.37,23,1
P001,HRTF_B,33,1.499,-7.31,-44.43,23,1
P001,HRTF_B,33,1.513,-7.16,-44.49,23,1
P001,HRTF_B,33,1.526,-7.00,-44.53,23,1
P001,HRTF_B,33,1.540,-6.82,-44.57,23,1
P001,HRTF_B,33,1.554,-6.64,-44.62,23,1
P001,HRTF_B,33,1.568,-6.42,-44.67,23,1
P001,HRTF_B,33,1.582,-6.24,-44.68,23,1
P001,HRTF_B,33,1.596,-6.06,-44.69,23,1
P001,HRTF_B,33,1.610,-5.84,-44.64,23,1
P001,HRTF_B,33,1.624,-5.58,-44.57,23,1
P001,HRTF_B,33,1.638,-5.31,-44.48,23,1
P001,HRTF_B,33,1.651,-4.92,-44.40,23,1
P001,HRTF_B,33,1.665,-4.48,-44.36,23,1
P001,HRTF_B,33,1.679,-3.94,-44.37,23,1
P001,HRTF_B,33,1.693,-3.37,-44.37,23,1
P001,HRTF_B,33,1.707,-2.74,-44.41,23,1
P001,HRTF_B,33,1.721,-2.00,-44.45,23,1
P001,HRTF_B,33,1.735,-1.23,-44.55,23,1
P001,HRTF_B,33,1.752,-0.32,-44.80,23,1
P001,HRTF_B,33,1.766,0.59,-45.14,23,1
P001,HRTF_B,33,1.780,1.49,-45.46,23,1
P001,HRTF_B,33,1.794,2.25,-45.87,23,1
P001,HRTF_B,33,1.807,2.92,-46.27,23,1
P001,HRTF_B,33,1.832,3.40,-46.75,23,1
P001,HRTF_B,33,1.846,4.52,-47.65,23,1
P001,HRTF_B,33,1.860,4.92,-48.22,23,1
P001,HRTF_B,33,1.874,5.26,-48.85,23,1
P001,HRTF_B,33,1.888,5.38,-49.48,23,1
P001,HRTF_B,33,1.902,5.50,-50.08,23,1
P001,HRTF_B,33,1.915,5.48,-50.62,23,1
P001,HRTF_B,33,1.929,5.51,-51.23,23,1
P001,HRTF_B,33,1.943,5.56,-51.97,23,1
P001,HRTF_B,33,1.957,5.55,-52.81,23,1
P001,HRTF_B,33,1.971,5.44,-53.75,23,1
P001,HRTF_B,33,1.985,5.37,-54.73,23,1
P001,HRTF_B,33,1.999,5.08,-55.72,23,1
P001,HRTF_B,33,2.013,4.92,-56.77,23,1
P001,HRTF_B,33,2.027,4.65,-57.95,23,1
P001,HRTF_B,33,2.040,4.35,-59.11,23,1
P001,HRTF_B,33,2.054,3.90,-60.34,23,1
P001,HRTF_B,33,2.068,3.38,-61.50,23,1
P001,HRTF_B,33,2.082,2.81,-62.66,23,1
P001,HRTF_B,33,2.096,2.25,-63.71,23,1
P001,HRTF_B,33,2.110,1.93,-64.72,23,1
P001,HRTF_B,33,2.124,1.54,-65.70,23,1
P001,HRTF_B,33,2.138,1.08,-66.63,23,1
P001,HRTF_B,33,2.152,0.73,-67.64,23,1
P001,HRTF_B,33,2.166,0.46,-68.62,23,1
P001,HRTF_B,33,2.179,0.28,-69.57,23,1
P001,HRTF_B,33,2.193,0.04,-70.45,23,1
P001,HRTF_B,33,2.207,0.06,-71.33,23,1
P001,HRTF_B,33,2.221,-0.09,-72.25,23,1
P001,HRTF_B,33,2.235,0.37,-73.35,23,1
P001,HRTF_B,33,2.249,1.07,-74.43,23,1
P001,HRTF_B,33,2.263,1.96,-75.41,23,1
P001,HRTF_B,33,2.276,2.43,-76.30,23,1
P001,HRTF_B,33,2.290,3.56,-77.13,23,1
P001,HRTF_B,33,2.304,5.14,-77.90,23,1
P001,HRTF_B,33,2.318,6.81,-78.66,23,1
P001,HRTF_B,33,2.332,8.44,-79.37,23,1
P001,HRTF_B,33,2.346,10.05,-80.04,23,1
P001,HRTF_B,33,2.360,12.26,-80.68,23,1
P001,HRTF_B,33,2.374,15.06,-81.29,23,1
P001,HRTF_B,33,2.388,17.78,-81.81,23,1
P001,HRTF_B,33,2.401,20.62,-82.39,23,1
P001,HRTF_B,33,2.415,24.47,-83.01,23,1
P001,HRTF_B,33,2.429,28.27,-83.49,23,1
P001,HRTF_B,33,2.443,31.37,-83.87,23,1
P001,HRTF_B,33,2.457,34.13,-84.21,23,1
P001,HRTF_B,33,2.471,35.50,-84.54,23,1
P001,HRTF_B,33,2.485,37.15,-85.00,23,1
P001,HRTF_B,33,2.498,39.53,-85.50,23,1
P001,HRTF_B,33,2.512,40.71,-85.80,23,1
P001,HRTF_B,33,2.526,40.03,-86.14,23,1
P001,HRTF_B,33,2.540,38.71,-86.35,23,1
P001,HRTF_B,33,2.554,36.36,-86.59,23,1
P001,HRTF_B,33,2.568,34.10,-86.78,23,1
P001,HRTF_B,33,2.583,30.71,-86.88,23,1
P001,HRTF_B,33,2.596,27.65,-86.98,23,1
P001,HRTF_B,33,2.610,24.54,-86.93,23,1
P001,HRTF_B,33,2.624,22.60,-86.86,23,1
P001,HRTF_B,33,2.637,21.21,-86.85,23,1
P001,HRTF_B,33,2.651,18.84,-86.72,23,1
P001,HRTF_B,33,2.665,14.94,-86.51,23,1
P001,HRTF_B,33,2.679,11.32,-86.25,23,1
P001,HRTF_B,33,2.693,9.01,-86.02,23,1
P001,HRTF_B,33,2.707,7.58,-85.88,23,1
P001,HRTF_B,33,2.721,5.64,-85.71,23,1
P001,HRTF_B,33,2.735,3.20,-85.46,23,1
P001,HRTF_B,33,2.749,1.40,-85.18,23,1
P001,HRTF_B,33,2.763,-0.03,-84.93,23,1
P001,HRTF_B,33,2.776,-1.11,-84.72,23,1
P001,HRTF_B,33,2.790,-2.43,-84.50,23,1
P001,HRTF_B,33,2.804,-3.73,-84.31,23,1
P001,HRTF_B,33,2.818,-4.83,-84.11,23,1
P001,HRTF_B,33,2.832,-5.66,-83.91,23,1
P001,HRTF_B,33,2.846,-6.27,-83.72,23,1
P001,HRTF_B,33,2.860,-6.56,-83.56,23,1
P001,HRTF_B,33,2.874,-6.90,-83.39,23,1
P001,HRTF_B,33,2.888,-7.16,-83.24,23,1
P001,HRTF_B,33,2.902,-7.49,-83.12,23,1
P001,HRTF_B,33,2.915,-7.85,-83.04,23,1
P001,HRTF_B,33,2.929,-8.22,-82.93,23,1
P001,HRTF_B,33,2.943,-8.52,-82.78,23,1
P001,HRTF_B,33,2.957,-8.84,-82.69,23,1
P001,HRTF_B,33,2.971,-9.18,-82.60,23,1
P001,HRTF_B,33,2.985,-9.96,-82.54,23,1
P001,HRTF_B,33,2.999,-10.61,-82.48,23,1
P001,HRTF_B,33,3.013,-11.04,-82.44,23,1
P001,HRTF_B,33,3.026,-11.31,-82.34,23,1
P001,HRTF_B,33,3.040,-11.55,-82.22,23,1
P001,HRTF_B,33,3.054,-11.91,-82.10,23,1
P001,HRTF_B,33,3.068,-12.20,-82.03,23,1
P001,HRTF_B,33,3.082,-12.05,-82.02,23,1
P001,HRTF_B,33,3.096,-11.67,-81.98,23,1
P001,HRTF_B,33,3.110,-11.60,-81.87,23,1
P001,HRTF_B,33,3.124,-11.82,-81.79,23,1
P001,HRTF_B,33,3.138,-11.84,-81.77,23,1
P001,HRTF_B,33,3.151,-11.70,-81.68,23,1
P001,HRTF_B,33,3.165,-11.25,-81.56,23,1
P001,HRTF_B,33,3.179,-11.06,-81.47,23,1
P001,HRTF_B,33,3.193,-11.04,-81.34,23,1
P001,HRTF_B,33,3.207,-11.02,-81.22,23,1
P001,HRTF_B,33,3.221,-10.72,-81.10,23,1
P001,HRTF_B,33,3.235,-10.44,-80.98,23,1
P001,HRTF_B,33,3.249,-10.25,-80.91,23,1
P001,HRTF_B,33,3.262,-9.86,-80.86,23,1
P001,HRTF_B,33,3.276,-9.53,-80.76,23,1
P001,HRTF_B,33,3.290,-9.09,-80.60,23,1
P001,HRTF_B,33,3.304,-8.57,-80.45,23,1
P001,HRTF_B,33,3.318,-7.87,-80.38,23,1
P001,HRTF_B,33,3.332,-7.20,-80.38,23,1
P001,HRTF_B,33,3.346,-6.65,-80.39,23,1
P001,HRTF_B,33,3.360,-5.97,-80.42,23,1
P001,HRTF_B,33,3.374,-5.32,-80.45,23,1
P001,HRTF_B,33,3.388,-4.60,-80.47,23,1
P001,HRTF_B,33,3.401,-3.84,-80.49,23,1
P001,HRTF_B,33,3.415,-2.92,-80.56,23,1
P001,HRTF_B,33,3.429,-2.34,-80.63,23,1
P001,HRTF_B,33,3.443,-1.73,-80.70,23,1
P001,HRTF_B,33,3.457,-1.11,-80.76,23,1
P001,HRTF_B,33,3.471,-0.37,-80.76,23,1
P001,HRTF_B,33,3.485,0.42,-80.78,23,1
P001,HRTF_B,33,3.499,1.24,-80.84,23,1
P001,HRTF_B,33,3.512,2.01,-80.94,23,1
P001,HRTF_B,33,3.526,2.61,-80.99,23,1
P001,HRTF_B,33,3.540,2.86,-81.00,23,1
P001,HRTF_B,33,3.554,3.49,-80.97,23,1
P001,HRTF_B,33,3.568,4.15,-80.95,23,1
P001,HRTF_B,33,3.582,4.91,-80.96,23,1
P001,HRTF_B,33,3.596,5.51,-80.97,23,1
P001,HRTF_B,33,3.610,5.92,-80.96,23,1
P001,HRTF_B,33,3.624,6.35,-80.98,23,1
P001,HRTF_B,33,3.638,6.94,-81.06,23,1
P001,HRTF_B,33,3.651,7.55,-81.13,23,1
P001,HRTF_B,33,3.665,8.08,-81.22,23,1
P001,HRTF_B,33,3.679,8.44,-81.27,23,1
P001,HRTF_B,33,3.693,8.55,-81.32,23,1
P001,HRTF_B,33,3.707,8.55,-81.42,23,1
P001,HRTF_B,34,0.014,-15.01,-2.79,30,1
P001,HRTF_B,34,0.031,-14.98,-2.49,30,1
P001,HRTF_B,34,0.042,-14.83,-2.26,30,1
P001,HRTF_B,34,0.055,-14.75,-2.00,30,1
P001,HRTF_B,34,0.070,-14.59,-1.85,30,1
P001,HRTF_B,34,0.083,-14.46,-1.66,30,1
P001,HRTF_B,34,0.097,-14.34,-1.49,30,1
P001,HRTF_B,34,0.112,-14.18,-1.38,30,1
P001,HRTF_B,34,0.129,-14.02,-1.30,30,1
P001,HRTF_B,34,0.140,-13.82,-1.30,30,1
P001,HRTF_B,34,0.153,-13.62,-1.31,30,1
P001,HRTF_B,34,0.167,-13.44,-1.33,30,1
P001,HRTF_B,34,0.180,-13.22,-1.33,30,1
P001,HRTF_B,34,0.194,-12.99,-1.32,30,1
P001,HRTF_B,34,0.208,-12.77,-1.31,30,1
P001,HRTF_B,34,0.222,-12.54,-1.31,30,1
P001,HRTF_B,34,0.236,-12.30,-1.33,30,1
P001,HRTF_B,34,0.250,-12.05,-1.35,30,1
P001,HRTF_B,34,0.264,-11.81,-1.38,30,1
P001,HRTF_B,34,0.278,-11.57,-1.44,30,1
P001,HRTF_B,34,0.292,-11.33,-1.46,30,1
P001,HRTF_B,34,0.306,-11.11,-1.50,30,1
P001,HRTF_B,34,0.319,-10.88,-1.59,30,1
P001,HRTF_B,34,0.333,-10.70,-1.77,30,1
P001,HRTF_B,34,0.347,-10.56,-1.98,30,1
P001,HRTF_B,34,0.361,-10.52,-2.29,30,1
P001,HRTF_B,34,0.375,-10.48,-2.54,30,1
P001,HRTF_B,34,0.389,-10.45,-2.77,30,1
P001,HRTF_B,34,0.403,-10.46,-3.01,30,1
P001,HRTF_B,34,0.417,-10.51,-3.26,30,1
P001,HRTF_B,34,0.431,-10.61,-3.54,30,1
P001,HRTF_B,34,0.444,-10.74,-3.82,30,1
P001,HRTF_B,34,0.458,-10.88,-4.09,30,1
P001,HRTF_B,34,0.472,-11.05,-4.33,30,1
P001,HRTF_B,34,0.486,-11.24,-4.53,30,1
P001,HRTF_B,34,0.500,-11.48,-4.70,30,1
P001,HRTF_B,34,0.514,-11.68,-4.79,30,1
P001,HRTF_B,34,0.528,-11.87,-4.91,30,1
P001,HRTF_B,34,0.542,-12.03,-4.93,30,1
P001,HRTF_B,34,0.556,-12.16,-4.94,30,1
P001,HRTF_B,34,0.569,-12.29,-4.94,30,1
P001,HRTF_B,34,0.583,-12.40,-4.92,30,1
P001,HRTF_B,34,0.597,-12.49,-4.92,30,1
P001,HRTF_B,34,0.611,-12.58,-4.92,30,1
P001,HRTF_B,34,0.625,-12.66,-4.93,30,1
P001,HRTF_B,34,0.639,-12.71,-4.94,30,1
P001,HRTF_B,34,0.653,-12.74,-4.94,30,1
P001,HRTF_B,34,0.667,-12.78,-4.94,30,1
P001,HRTF_B,34,0.680,-12.79,-4.91,30,1
P001,HRTF_B,34,0.694,-12.80,-4.90,30,1
P001,HRTF_B,34,0.708,-12.81,-4.89,30,1
P001,HRTF_B,34,0.722,-12.83,-4.90,30,1
P001,HRTF_B,34,0.736,-12.82,-4.89,30,1
P001,HRTF_B,34,0.750,-12.81,-4.87,30,1
P001,HRTF_B,34,0.764,-12.80,-4.84,30,1
P001,HRTF_B,34,0.777,-12.77,-4.82,30,1
P001,HRTF_B,34,0.791,-12.75,-4.82,30,1
P001,HRTF_B,34,0.805,-12.75,-4.85,30,1
P001,HRTF_B,35,0.012,-12.72,-3.44,17,1
P001,HRTF_B,35,0.029,-12.69,-3.38,17,1
P001,HRTF_B,35,0.040,-12.71,-3.38,17,1
P001,HRTF_B,35,0.054,-12.75,-3.42,17,1
P001,HRTF_B,35,0.068,-12.79,-3.52,17,1
P001,HRTF_B,35,0.082,-12.83,-3.66,17,1
P001,HRTF_B,35,0.095,-12.87,-3.83,17,1
P001,HRTF_B,35,0.109,-12.92,-4.01,17,1
P001,HRTF_B,35,0.126,-12.95,-4.26,17,1
P001,HRTF_B,35,0.138,-12.99,-4.59,17,1
P001,HRTF_B,35,0.152,-13.03,-5.09,17,1
P001,HRTF_B,35,0.165,-13.05,-5.64,17,1
P001,HRTF_B,35,0.179,-13.02,-6.23,17,1
P001,HRTF_B,35,0.193,-13.01,-6.80,17,1
P001,HRTF_B,35,0.207,-12.99,-7.29,17,1
P001,HRTF_B,35,0.221,-12.94,-7.73,17,1
P001,HRTF_B,35,0.235,-12.89,-8.11,17,1
P001,HRTF_B,35,0.249,-12.84,-8.47,17,1
P001,HRTF_B,35,0.262,-12.80,-8.80,17,1
P001,HRTF_B,35,0.276,-12.71,-9.06,17,1
P001,HRTF_B,35,0.290,-12.67,-9.21,17,1
P001,HRTF_B,35,0.304,-12.60,-9.35,17,1
P001,HRTF_B,35,0.318,-12.53,-9.35,17,1
P001,HRTF_B,35,0.332,-12.43,-9.33,17,1
P001,HRTF_B,35,0.346,-12.30,-9.23,17,1
P001,HRTF_B,35,0.360,-12.04,-9.02,17,1
P001,HRTF_B,35,0.374,-11.60,-8.74,17,1
P001,HRTF_B,35,0.388,-10.95,-8.41,17,1
P001,HRTF_B,35,0.401,-10.16,-8.05,17,1
P001,HRTF_B,35,0.416,-9.03,-7.59,17,1
P001,HRTF_B,35,0.429,-7.75,-7.09,17,1
P001,HRTF_B,35,0.444,-6.27,-6.61,17,1
P001,HRTF_B,35,0.457,-4.43,-6.16,17,1
P001,HRTF_B,35,0.471,-2.42,-5.75,17,1
P001,HRTF_B,35,0.484,-0.21,-5.38,17,1
P001,HRTF_B,35,0.498,1.97,-4.96,17,1
P001,HRTF_B,35,0.512,4.20,-4.58,17,1
P001,HRTF_B,35,0.526,6.60,-4.34,17,1
P001,HRTF_B,35,0.540,9.05,-4.14,17,1
P001,HRTF_B,35,0.554,11.47,-3.93,17,1
P001,HRTF_B,35,0.568,13.97,-3.86,17,1
P001,HRTF_B,35,0.582,16.37,-3.82,17,1
P001,HRTF_B,35,0.596,18.89,-3.94,17,1
P001,HRTF_B,35,0.610,21.14,-3.98,17,1
P001,HRTF_B,35,0.624,23.66,-4.09,17,1
P001,HRTF_B,35,0.637,25.80,-4.11,17,1
P001,HRTF_B,35,0.651,28.11,-4.20,17,1
P001,HRTF_B,35,0.665,30.33,-4.20,17,1
P001,HRTF_B,35,0.679,32.52,-4.17,17,1
P001,HRTF_B,35,0.693,34.70,-4.09,17,1
P001,HRTF_B,35,0.707,36.80,-3.95,17,1
P001,HRTF_B,35,0.721,38.94,-3.83,17,1
P001,HRTF_B,35,0.735,40.60,-3.60,17,1
P001,HRTF_B,35,0.749,42.31,-3.38,17,1
P001,HRTF_B,35,0.762,43.91,-3.20,17,1
P001,HRTF_B,35,0.776,45.47,-3.04,17,1
P001,HRTF_B,35,0.790,46.71,-2.81,17,1
P001,HRTF_B,35,0.804,48.15,-2.61,17,1
P001,HRTF_B,35,0.818,49.43,-2.43,17,1
P001,HRTF_B,35,0.832,50.74,-2.35,17,1
P001,HRTF_B,35,0.846,52.08,-2.30,17,1
P001,HRTF_B,35,0.860,53.40,-2.13,17,1
P001,HRTF_B,35,0.873,54.74,-1.95,17,1
P001,HRTF_B,35,0.887,56.12,-1.77,17,1
P001,HRTF_B,35,0.901,57.50,-1.54,17,1
P001,HRTF_B,35,0.915,58.92,-1.35,17,1
P001,HRTF_B,35,0.929,60.39,-1.18,17,1
P001,HRTF_B,35,0.943,61.88,-0.97,17,1
P001,HRTF_B,35,0.957,63.30,-0.77,17,1
P001,HRTF_B,35,0.971,64.74,-0.56,17,1
P001,HRTF_B,35,0.985,66.13,-0.40,17,1
P001,HRTF_B,35,0.999,67.48,-0.29,17,1
P001,HRTF_B,35,1.012,68.86,-0.19,17,1
P001,HRTF_B,35,1.026,70.02,-0.04,17,1
P001,HRTF_B,35,1.040,71.21,0.08,17,1
P001,HRTF_B,35,1.054,72.26,0.24,17,1
P001,HRTF_B,35,1.068,73.18,0.14,17,1
P001,HRTF_B,35,1.082,74.20,0.04,17,1
P001,HRTF_B,35,1.096,74.88,-0.26,17,1
P001,HRTF_B,35,1.110,75.53,-0.64,17,1
P001,HRTF_B,35,1.124,75.84,-1.27,17,1
P001,HRTF_B,35,1.137,76.21,-1.87,17,1
P001,HRTF_B,35,1.151,76.43,-2.33,17,1
P001,HRTF_B,35,1.165,76.68,-2.70,17,1
P001,HRTF_B,35,1.179,76.86,-3.00,17,1
P001,HRTF_B,35,1.193,77.02,-3.30,17,1
P001,HRTF_B,35,1.207,77.12,-3.68,17,1
P001,HRTF_B,35,1.221,77.24,-4.04,17,1
P001,HRTF_B,35,1.235,77.42,-4.28,17,1
P001,HRTF_B,35,1.248,77.54,-4.43,17,1
P001,HRTF_B,35,1.262,77.68,-4.56,17,1
P001,HRTF_B,35,1.276,77.86,-4.60,17,1
P001,HRTF_B,35,1.290,78.03,-4.63,17,1
P001,HRTF_B,35,1.304,78.21,-4.63,17,1
P001,HRTF_B,35,1.318,78.35,-4.60,17,1
P001,HRTF_B,35,1.332,78.45,-4.57,17,1
P001,HRTF_B,35,1.346,78.50,-4.54,17,1
P001,HRTF_B,35,1.359,78.48,-4.50,17,1
P001,HRTF_B,35,1.373,78.36,-4.45,17,1
P001,HRTF_B,35,1.387,78.23,-4.38,17,1
P001,HRTF_B,35,1.401,78.04,-4.28,17,1
P001,HRTF_B,35,1.415,77.79,-4.20,17,1
P001,HRTF_B,35,1.429,77.47,-4.11,17,1
P001,HRTF_B,35,1.443,77.15,-4.02,17,1
P001,HRTF_B,35,1.457,76.70,-3.94,17,1
P001,HRTF_B,35,1.471,76.17,-3.82,17,1
P001,HRTF_B,35,1.484,75.17,-3.72,17,1
P001,HRTF_B,35,1.498,73.92,-3.60,17,1
P001,HRTF_B,35,1.512,72.38,-3.45,17,1
P001,HRTF_B,35,1.526,70.54,-3.23,17,1
P001,HRTF_B,35,1.540,68.42,-3.00,17,1
P001,HRTF_B,35,1.554,65.98,-2.86,17,1
P001,HRTF_B,35,1.568,63.49,-2.75,17,1
P001,HRTF_B,35,1.582,60.87,-2.67,17,1
P001,HRTF_B,35,1.596,57.82,-2.66,17,1
P001,HRTF_B,35,1.610,54.66,-2.70,17,1
P001,HRTF_B,35,1.623,51.23,-2.83,17,1
P001,HRTF_B,35,1.637,47.74,-2.95,17,1
P001,HRTF_B,35,1.651,43.98,-3.21,17,1
P001,HRTF_B,35,1.665,40.19,-3.41,17,1
P001,HRTF_B,35,1.679,36.36,-3.67,17,1
P001,HRTF_B,35,1.693,32.35,-3.92,17,1
P001,HRTF_B,35,1.707,28.37,-4.16,17,1
P001,HRTF_B,35,1.721,24.37,-4.37,17,1
P001,HRTF_B,35,1.735,20.31,-4.64,17,1
P001,HRTF_B,35,1.748,16.35,-4.92,17,1
P001,HRTF_B,35,1.762,12.34,-5.29,17,1
P001,HRTF_B,35,1.776,8.40,-5.70,17,1
P001,HRTF_B,35,1.790,4.52,-6.20,17,1
P001,HRTF_B,35,1.804,0.71,-6.73,17,1
P001,HRTF_B,35,1.818,-2.97,-7.40,17,1
P001,HRTF_B,35,1.832,-6.63,-8.06,17,1
P001,HRTF_B,35,1.846,-10.10,-8.80,17,1
P001,HRTF_B,35,1.859,-13.51,-9.51,17,1
P001,HRTF_B,35,1.873,-16.72,-10.23,17,1
P001,HRTF_B,35,1.887,-19.70,-11.00,17,1
P001,HRTF_B,35,1.901,-22.74,-11.80,17,1
P001,HRTF_B,35,1.915,-25.40,-12.62,17,1
P001,HRTF_B,35,1.929,-28.14,-13.34,17,1
P001,HRTF_B,35,1.943,-30.60,-14.10,17,1
P001,HRTF_B,35,1.957,-32.88,-14.78,17,1
P001,HRTF_B,35,1.971,-35.02,-15.52,17,1
P001,HRTF_B,35,1.984,-37.02,-16.27,17,1
P001,HRTF_B,35,1.998,-38.90,-16.95,17,1
P001,HRTF_B,35,2.012,-40.52,-17.57,17,1
P001,HRTF_B,35,2.026,-42.02,-18.12,17,1
P001,HRTF_B,35,2.040,-43.43,-18.78,17,1
P001,HRTF_B,35,2.054,-44.77,-19.46,17,1
P001,HRTF_B,35,2.068,-45.86,-20.15,17,1
P001,HRTF_B,35,2.082,-46.98,-20.81,17,1
P001,HRTF_B,35,2.096,-47.78,-21.58,17,1
P001,HRTF_B,35,2.110,-48.59,-22.43,17,1
P001,HRTF_B,35,2.124,-49.10,-23.43,17,1
P001,HRTF_B,35,2.137,-49.72,-24.34,17,1
P001,HRTF_B,35,2.151,-50.15,-25.31,17,1
P001,HRTF_B,35,2.165,-50.57,-26.38,17,1
P001,HRTF_B,35,2.179,-50.76,-27.73,17,1
P001,HRTF_B,35,2.193,-50.95,-29.08,17,1
P001,HRTF_B,35,2.207,-51.10,-30.36,17,1
P001,HRTF_B,35,2.221,-51.25,-31.57,17,1
P001,HRTF_B,35,2.235,-51.32,-32.72,17,1
P001,HRTF_B,35,2.249,-51.30,-33.92,17,1
P001,HRTF_B,35,2.262,-51.14,-35.20,17,1
P001,HRTF_B,35,2.276,-51.06,-36.49,17,1
P001,HRTF_B,35,2.290,-50.90,-37.80,17,1
P001,HRTF_B,35,2.304,-50.78,-39.01,17,1
P001,HRTF_B,35,2.318,-50.66,-40.11,17,1
P001,HRTF_B,35,2.332,-50.56,-41.12,17,1
P001,HRTF_B,35,2.346,-50.46,-41.84,17,1
P001,HRTF_B,35,2.359,-50.46,-42.63,17,1
P001,HRTF_B,35,2.373,-50.56,-43.32,17,1
P001,HRTF_B,35,2.387,-50.78,-43.99,17,1
P001,HRTF_B,35,2.401,-51.05,-44.49,17,1
P001,HRTF_B,35,2.415,-51.44,-45.01,17,1
P001,HRTF_B,35,2.429,-51.68,-45.52,17,1
P001,HRTF_B,35,2.443,-51.92,-46.04,17,1
P001,HRTF_B,35,2.457,-52.31,-46.62,17,1
P001,HRTF_B,35,2.471,-52.88,-47.18,17,1
P001,HRTF_B,35,2.485,-53.39,-47.75,17,1
P001,HRTF_B,35,2.498,-53.93,-48.33,17,1
P001,HRTF_B,35,2.512,-54.40,-49.00,17,1
P001,HRTF_B,35,2.526,-54.95,-49.60,17,1
P001,HRTF_B,35,2.540,-55.63,-50.16,17,1
P001,HRTF_B,35,2.554,-56.24,-50.63,17,1
P001,HRTF_B,35,2.568,-56.83,-50.98,17,1
P001,HRTF_B,35,2.582,-57.37,-51.27,17,1
P001,HRTF_B,35,2.596,-57.93,-51.52,17,1
P001,HRTF_B,35,2.610,-58.56,-51.70,17,1
P001,HRTF_B,35,2.623,-59.20,-51.89,17,1
P001,HRTF_B,35,2.637,-59.77,-52.09,17,1
P001,HRTF_B,35,2.651,-60.29,-52.26,17,1
P001,HRTF_B,35,2.665,-60.80,-52.45,17,1
P001,HRTF_B,35,2.679,-61.30,-52.65,17,1
P001,HRTF_B,35,2.693,-61.85,-52.85,17,1
P001,HRTF_B,35,2.707,-62.34,-53.01,17,1
P001,HRTF_B,35,2.720,-62.75,-53.21,17,1
P001,HRTF_B,35,2.734,-63.16,-53.43,17,1
P001,HRTF_B,35,2.749,-63.54,-53.61,17,1
P001,HRTF_B,35,2.762,-63.93,-53.80,17,1
P001,HRTF_B,35,2.776,-64.21,-53.91,17,1
P001,HRTF_B,35,2.790,-64.56,-54.06,17,1
P001,HRTF_B,35,2.804,-64.87,-54.16,17,1
P001,HRTF_B,35,2.818,-65.02,-54.23,17,1
P001,HRTF_B,35,2.832,-65.15,-54.35,17,1
P001,HRTF_B,35,2.846,-65.27,-54.43,17,1
P001,HRTF_B,35,2.860,-65.37,-54.52,17,1
P001,HRTF_B,35,2.873,-65.40,-54.56,17,1
P001,HRTF_B,35,2.887,-65.40,-54.55,17,1
P001,HRTF_B,35,2.901,-65.38,-54.54,17,1
P001,HRTF_B,35,2.915,-65.31,-54.51,17,1
P001,HRTF_B,35,2.929,-65.27,-54.50,17,1
P001,HRTF_B,35,2.943,-65.29,-54.49,17,1
P001,HRTF_B,35,2.957,-65.43,-54.45,17,1
P001,HRTF_B,35,2.971,-65.61,-54.43,17,1
P001,HRTF_B,35,2.984,-65.89,-54.37,17,1
P001,HRTF_B,35,2.999,-66.24,-54.36,17,1
P001,HRTF_B,35,3.012,-66.59,-54.43,17,1
P001,HRTF_B,35,3.026,-66.98,-54.50,17,1
P001,HRTF_B,35,3.040,-67.38,-54.54,17,1
P001,HRTF_B,35,3.054,-67.77,-54.55,17,1
P001,HRTF_B,35,3.067,-68.18,-54.51,17,1
P001,HRTF_B,35,3.082,-68.44,-54.46,17,1
P001,HRTF_B,35,3.095,-68.59,-54.36,17,1
P001,HRTF_B,35,3.109,-68.61,-54.26,17,1
P001,HRTF_B,35,3.123,-68.58,-54.20,17,1
P001,HRTF_B,35,3.138,-68.44,-54.12,17,1
P001,HRTF_B,35,3.151,-68.17,-54.06,17,1
P001,HRTF_B,35,3.165,-67.79,-53.98,17,1
P001,HRTF_B,35,3.179,-67.47,-53.85,17,1
P001,HRTF_B,35,3.193,-67.22,-53.69,17,1
P001,HRTF_B,35,3.206,-66.91,-53.55,17,1
P001,HRTF_B,35,3.220,-66.49,-53.46,17,1
P001,HRTF_B,35,3.234,-66.01,-53.39,17,1
P001,HRTF_B,35,3.248,-65.51,-53.38,17,1
P001,HRTF_B,35,3.262,-65.06,-53.37,17,1
P001,HRTF_B,35,3.276,-64.59,-53.33,17,1
P001,HRTF_B,35,3.290,-64.14,-53.26,17,1
P001,HRTF_B,35,3.304,-63.67,-53.18,17,1
P001,HRTF_B,35,3.318,-63.18,-53.06,17,1
P001,HRTF_B,35,3.332,-62.66,-52.97,17,1
P001,HRTF_B,35,3.346,-62.16,-52.91,17,1
P001,HRTF_B,35,3.359,-61.69,-52.88,17,1
P001,HRTF_B,35,3.373,-61.29,-52.86,17,1
P001,HRTF_B,35,3.387,-60.75,-52.83,17,1
P001,HRTF_B,35,3.401,-60.23,-52.73,17,1
P001,HRTF_B,35,3.415,-59.79,-52.67,17,1
P001,HRTF_B,35,3.429,-59.30,-52.64,17,1
P001,HRTF_B,35,3.443,-58.80,-52.62,17,1
P001,HRTF_B,35,3.456,-58.23,-52.64,17,1
P001,HRTF_B,35,3.470,-57.65,-52.59,17,1
P001,HRTF_B,35,3.484,-57.12,-52.53,17,1
P001,HRTF_B,35,3.498,-56.54,-52.47,17,1
P001,HRTF_B,35,3.512,-56.01,-52.42,17,1
P001,HRTF_B,35,3.526,-55.40,-52.44,17,1
P001,HRTF_B,35,3.540,-54.78,-52.49,17,1
P001,HRTF_B,35,3.554,-54.22,-52.55,17,1
P001,HRTF_B,35,3.568,-53.60,-52.58,17,1
P001,HRTF_B,35,3.581,-52.99,-52.59,17,1
P001,HRTF_B,35,3.595,-52.35,-52.60,17,1
P001,HRTF_B,35,3.609,-51.71,-52.64,17,1
P001,HRTF_B,35,3.623,-51.15,-52.66,17,1
P001,HRTF_B,35,3.637,-50.50,-52.70,17,1
P001,HRTF_B,35,3.651,-49.80,-52.79,17,1
P001,HRTF_B,35,3.665,-49.12,-52.89,17,1
P001,HRTF_B,35,3.679,-48.53,-52.95,17,1
P001,HRTF_B,35,3.693,-47.88,-53.04,17,1
P001,HRTF_B,35,3.706,-47.22,-53.14,17,1
P001,HRTF_B,35,3.720,-46.55,-53.23,17,1
P001,HRTF_B,35,3.734,-45.94,-53.36,17,1
P001,HRTF_B,35,3.748,-45.21,-53.47,17,1
P001,HRTF_B,35,3.762,-44.50,-53.59,17,1
P001,HRTF_B,35,3.776,-43.80,-53.64,17,1
P001,HRTF_B,35,3.790,-43.07,-53.72,17,1
P001,HRTF_B,35,3.804,-42.29,-53.84,17,1
P001,HRTF_B,35,3.818,-41.46,-53.93,17,1
P001,HRTF_B,35,3.832,-40.69,-54.02,17,1
P001,HRTF_B,35,3.846,-39.91,-54.10,17,1
P001,HRTF_B,35,3.859,-39.10,-54.20,17,1
P001,HRTF_B,35,3.873,-38.25,-54.26,17,1
P001,HRTF_B,35,3.887,-37.40,-54.31,17,1
P001,HRTF_B,35,3.901,-36.58,-54.38,17,1
P001,HRTF_B,35,3.915,-35.80,-54.43,17,1
P001,HRTF_B,35,3.929,-34.95,-54.42,17,1
P001,HRTF_B,35,3.943,-34.10,-54.39,17,1
P001,HRTF_B,35,3.956,-33.17,-54.32,17,1
P001,HRTF_B,35,3.970,-32.30,-54.30,17,1
P001,HRTF_B,35,3.984,-31.46,-54.24,17,1
P001,HRTF_B,35,3.998,-30.53,-54.19,17,1
P001,HRTF_B,35,4.012,-29.63,-54.13,17,1
P001,HRTF_B,35,4.026,-28.74,-54.06,17,1
P001,HRTF_B,35,4.040,-27.86,-54.05,17,1
P001,HRTF_B,35,4.054,-27.07,-54.01,17,1
P001,HRTF_B,35,4.068,-26.17,-54.00,17,1
P001,HRTF_B,35,4.082,-25.23,-54.00,17,1
P001,HRTF_B,35,4.095,-24.35,-53.96,17,1
P001,HRTF_B,35,4.109,-23.44,-53.91,17,1
P001,HRTF_B,35,4.123,-22.54,-53.82,17,1
P001,HRTF_B,35,4.137,-21.63,-53.74,17,1
P001,HRTF_B,35,4.151,-20.68,-53.68,17,1
P001,HRTF_B,35,4.165,-19.76,-53.62,17,1
P001,HRTF_B,35,4.179,-18.87,-53.58,17,1
P001,HRTF_B,35,4.193,-17.94,-53.49,17,1
P001,HRTF_B,35,4.206,-17.05,-53.38,17,1
P001,HRTF_B,35,4.220,-16.07,-53.27,17,1
P001,HRTF_B,35,4.234,-15.08,-53.19,17,1
P001,HRTF_B,35,4.248,-14.11,-53.09,17,1
P001,HRTF_B,35,4.262,-13.08,-53.00,17,1
P001,HRTF_B,35,4.276,-12.07,-52.86,17,1
P001,HRTF_B,35,4.290,-10.92,-52.66,17,1
P001,HRTF_B,35,4.304,-9.81,-52.47,17,1
P001,HRTF_B,35,4.318,-8.58,-52.30,17,1
P001,HRTF_B,35,4.332,-7.38,-52.11,17,1
P001,HRTF_B,35,4.345,-6.10,-51.88,17,1
P001,HRTF_B,35,4.359,-4.75,-51.67,17,1
P001,HRTF_B,35,4.373,-3.33,-51.41,17,1
P001,HRTF_B,35,4.387,-1.86,-51.16,17,1
P001,HRTF_B,35,4.401,-0.09,-50.85,17,1
P001,HRTF_B,35,4.415,1.67,-50.49,17,1
P001,HRTF_B,35,4.429,3.55,-50.13,17,1
P001,HRTF_B,35,4.443,5.58,-49.72,17,1
P001,HRTF_B,35,4.456,7.79,-49.19,17,1
P001,HRTF_B,35,4.470,10.24,-48.54,17,1
P001,HRTF_B,35,4.484,12.78,-47.80,17,1
P001,HRTF_B,35,4.498,15.31,-46.99,17,1
P001,HRTF_B,35,4.512,18.02,-45.85,17,1
P001,HRTF_B,35,4.526,20.75,-44.76,17,1
P001,HRTF_B,35,4.540,23.44,-43.42,17,1
P001,HRTF_B,35,4.554,26.10,-42.00,17,1
P001,HRTF_B,35,4.567,28.79,-40.50,17,1
P001,HRTF_B,35,4.582,31.53,-38.78,17,1
P001,HRTF_B,35,4.596,34.19,-36.74,17,1
P001,HRTF_B,35,4.609,36.78,-34.76,17,1
P001,HRTF_B,35,4.623,39.37,-32.65,17,1
P001,HRTF_B,35,4.637,42.12,-30.53,17,1
P001,HRTF_B,35,4.651,44.78,-28.43,17,1
P001,HRTF_B,35,4.665,47.40,-26.34,17,1
P001,HRTF_B,35,4.679,49.90,-24.40,17,1
P001,HRTF_B,35,4.693,52.44,-22.45,17,1
P001,HRTF_B,35,4.706,55.02,-20.52,17,1
P001,HRTF_B,35,4.720,57.66,-18.56,17,1
P001,HRTF_B,35,4.734,60.26,-16.55,17,1
P001,HRTF_B,35,4.748,62.73,-14.47,17,1
P001,HRTF_B,35,4.762,65.08,-12.35,17,1
P001,HRTF_B,35,4.776,67.50,-10.27,17,1
P001,HRTF_B,35,4.790,69.71,-8.27,17,1
P001,HRTF_B,35,4.804,71.93,-6.32,17,1
P001,HRTF_B,35,4.818,74.04,-4.40,17,1
P001,HRTF_B,35,4.831,76.11,-2.53,17,1
P001,HRTF_B,35,4.845,78.09,-0.69,17,1
P001,HRTF_B,35,4.859,80.01,1.10,17,1
P001,HRTF_B,35,4.873,81.92,2.88,17,1
P001,HRTF_B,35,4.887,83.77,4.63,17,1
P001,HRTF_B,35,4.901,85.56,6.34,17,1
P001,HRTF_B,35,4.915,87.26,7.97,17,1
P001,HRTF_B,35,4.929,88.97,9.59,17,1
P001,HRTF_B,35,4.943,90.65,11.07,17,1
P001,HRTF_B,35,4.956,92.46,12.55,17,1
P001,HRTF_B,35,4.970,93.98,13.82,17,1
P001,HRTF_B,35,4.984,95.67,15.12,17,1
P001,HRTF_B,35,4.998,97.27,16.30,17,1
P001,HRTF_B,35,5.012,98.89,17.46,17,1
P001,HRTF_B,35,5.026,100.44,18.58,17,1
P001,HRTF_B,35,5.040,102.00,19.62,17,1
P001,HRTF_B,35,5.054,103.53,20.57,17,1
P001,HRTF_B,35,5.068,104.90,21.33,17,1
P001,HRTF_B,35,5.081,106.27,21.98,17,1
P001,HRTF_B,35,5.095,107.64,22.54,17,1
P001,HRTF_B,35,5.109,108.86,22.97,17,1
P001,HRTF_B,35,5.123,110.02,23.41,17,1
P001,HRTF_B,35,5.137,111.21,23.94,17,1
P001,HRTF_B,35,5.151,112.37,24.45,17,1
P001,HRTF_B,35,5.165,113.52,24.94,17,1
P001,HRTF_B,35,5.178,114.68,25.33,17,1
P001,HRTF_B,35,5.193,115.92,25.75,17,1
P001,HRTF_B,35,5.206,117.18,26.18,17,1
P001,HRTF_B,35,5.220,118.58,26.62,17,1
P001,HRTF_B,35,5.234,119.93,26.91,17,1
P001,HRTF_B,35,5.248,121.30,27.18,17,1
P001,HRTF_B,35,5.262,122.71,27.41,17,1
P001,HRTF_B,35,5.276,124.04,27.56,17,1
P001,HRTF_B,35,5.289,125.39,27.70,17,1
P001,HRTF_B,35,5.303,126.78,27.80,17,1
P001,HRTF_B,35,5.317,128.13,27.80,17,1
P001,HRTF_B,35,5.331,129.38,27.70,17,1
P001,HRTF_B,35,5.345,130.62,27.60,17,1
P001,HRTF_B,35,5.359,131.80,27.39,17,1
P001,HRTF_B,35,5.373,133.02,27.18,17,1
P001,HRTF_B,35,5.387,134.26,26.99,17,1
P001,HRTF_B,35,5.400,135.54,26.82,17,1
P001,HRTF_B,35,5.414,136.77,26.69,17,1
P001,HRTF_B,35,5.428,137.98,26.51,17,1
P001,HRTF_B,35,5.442,139.17,26.31,17,1
P001,HRTF_B,35,5.456,140.41,26.10,17,1
P001,HRTF_B,35,5.470,141.63,25.86,17,1
P001,HRTF_B,35,5.484,142.84,25.65,17,1
P001,HRTF_B,35,5.498,143.91,25.45,17,1
P001,HRTF_B,35,5.512,144.95,25.29,17,1
P001,HRTF_B,35,5.525,145.99,25.08,17,1
P001,HRTF_B,35,5.539,147.02,24.86,17,1
P001,HRTF_B,35,5.553,148.03,24.65,17,1
P001,HRTF_B,35,5.567,148.90,24.43,17,1
P001,HRTF_B,35,5.581,149.83,24.15,17,1
P001,HRTF_B,35,5.595,150.67,23.90,17,1
P001,HRTF_B,35,5.609,151.57,23.68,17,1
P001,HRTF_B,35,5.623,152.41,23.38,17,1
P001,HRTF_B,35,5.637,153.26,23.08,17,1
P001,HRTF_B,35,5.651,154.10,22.79,17,1
P001,HRTF_B,35,5.665,154.96,22.58,17,1
P001,HRTF_B,35,5.678,155.73,22.41,17,1
P001,HRTF_B,35,5.692,156.55,22.22,17,1
P001,HRTF_B,35,5.706,157.37,21.96,17,1
P001,HRTF_B,35,5.720,158.13,21.81,17,1
P001,HRTF_B,35,5.734,158.88,21.65,17,1
P001,HRTF_B,35,5.748,159.65,21.46,17,1
P001,HRTF_B,35,5.762,160.39,21.26,17,1
P001,HRTF_B,35,5.775,161.14,21.09,17,1
P001,HRTF_B,35,5.789,161.82,20.92,17,1
P001,HRTF_B,35,5.803,162.48,20.77,17,1
P001,HRTF_B,35,5.817,163.10,20.56,17,1
P001,HRTF_B,35,5.831,163.64,20.36,17,1
P001,HRTF_B,35,5.845,164.20,20.17,17,1
P001,HRTF_B,35,5.859,164.76,20.01,17,1
P001,HRTF_B,35,5.873,165.21,19.77,17,1
P001,HRTF_B,35,5.886,165.69,19.50,17,1
P001,HRTF_B,35,5.901,166.15,19.25,17,1
P001,HRTF_B,35,5.914,166.59,19.07,17,1
P001,HRTF_B,35,5.928,166.97,18.89,17,1
P001,HRTF_B,35,5.942,167.39,18.75,17,1
P001,HRTF_B,35,5.956,167.85,18.66,17,1
P001,HRTF_B,35,5.970,168.32,18.60,17,1
P001,HRTF_B,35,5.984,168.79,18.56,17,1
P001,HRTF_B,35,5.998,169.23,18.56,17,1
P001,HRTF_B,35,6.011,169.71,18.59,17,1
P001,HRTF_B,35,6.026,170.16,18.60,17,1
P001,HRTF_B,35,6.039,170.54,18.65,17,1
P001,HRTF_B,35,6.053,170.90,18.74,17,1
P001,HRTF_B,35,6.067,171.25,18.78,17,1
P001,HRTF_B,35,6.081,171.62,18.81,17,1
P001,HRTF_B,35,6.095,172.00,18.84,17,1
P001,HRTF_B,35,6.109,172.33,18.85,17,1
P001,HRTF_B,35,6.123,172.66,18.86,17,1
P001,HRTF_B,35,6.137,172.95,18.88,17,1
P001,HRTF_B,35,6.150,173.26,18.86,17,1
P001,HRTF_B,35,6.164,173.57,18.87,17,1
P001,HRTF_B,35,6.178,173.88,18.85,17,1
P001,HRTF_B,35,6.192,174.17,18.83,17,1
P001,HRTF_B,35,6.206,174.46,18.79,17,1
P001,HRTF_B,35,6.220,174.75,18.76,17,1
P001,HRTF_B,35,6.234,175.01,18.75,17,1
P001,HRTF_B,35,6.248,175.26,18.75,17,1
P001,HRTF_B,35,6.262,175.54,18.75,17,1
P001,HRTF_B,35,6.275,175.82,18.75,17,1
P001,HRTF_B,35,6.289,176.06,18.69,17,1
P001,HRTF_B,35,6.303,176.32,18.62,17,1
P001,HRTF_B,35,6.317,176.53,18.51,17,1
P001,HRTF_B,35,6.331,176.71,18.43,17,1
P001,HRTF_B,35,6.345,176.89,18.32,17,1
P001,HRTF_B,35,6.359,177.04,18.21,17,1
P001,HRTF_B,35,6.373,177.18,18.08,17,1
P001,HRTF_B,35,6.387,177.32,17.96,17,1
P001,HRTF_B,35,6.400,177.43,17.86,17,1
P001,HRTF_B,35,6.414,177.52,17.80,17,1
P001,HRTF_B,35,6.428,177.59,17.75,17,1
P001,HRTF_B,35,6.442,177.65,17.71,17,1
P001,HRTF_B,35,6.456,177.70,17.69,17,1
P001,HRTF_B,35,6.470,177.75,17.68,17,1
P001,HRTF_B,35,6.484,177.79,17.68,17,1
P001,HRTF_B,35,6.498,177.78,17.68,17,1
P001,HRTF_B,35,6.512,177.79,17.66,17,1
P001,HRTF_B,35,6.526,177.78,17.66,17,1
P001,HRTF_B,35,6.539,177.76,17.65,17,1
P001,HRTF_B,35,6.553,177.72,17.65,17,1
P001,HRTF_B,35,6.567,177.66,17.67,17,1
P001,HRTF_B,35,6.581,177.59,17.69,17,1
P001,HRTF_B,35,6.595,177.50,17.71,17,1
P001,HRTF_B,35,6.609,177.42,17.72,17,1
P001,HRTF_B,35,6.623,177.34,17.72,17,1
P001,HRTF_B,35,6.637,177.23,17.69,17,1
P001,HRTF_B,35,6.651,177.09,17.64,17,1
P001,HRTF_B,35,6.664,176.94,17.57,17,1
P001,HRTF_B,35,6.678,176.77,17.50,17,1
P001,HRTF_B,35,6.692,176.60,17.45,17,1
P001,HRTF_B,35,6.706,176.44,17.35,17,1
P001,HRTF_B,35,6.720,176.25,17.28,17,1
P001,HRTF_B,35,6.734,176.04,17.21,17,1
P001,HRTF_B,35,6.748,175.82,17.20,17,1
P001,HRTF_B,35,6.762,175.60,17.19,17,1
P001,HRTF_B,35,6.775,175.40,17.16,17,1
P001,HRTF_B,35,6.789,175.21,17.12,17,1
P001,HRTF_B,35,6.803,175.02,17.10,17,1
P001,HRTF_B,36,0.016,-15.20,-0.75,7,0
P001,HRTF_B,36,0.045,-15.57,-0.83,7,0
P001,HRTF_B,36,0.058,-15.96,-0.97,7,0
P001,HRTF_B,36,0.068,-16.72,-1.06,7,0
P001,HRTF_B,36,0.080,-17.11,-1.11,7,0
P001,HRTF_B,36,0.094,-17.46,-1.17,7,0
P001,HRTF_B,36,0.109,-17.79,-1.24,7,0
P001,HRTF_B,36,0.123,-18.07,-1.30,7,0
P001,HRTF_B,36,0.137,-18.38,-1.39,7,0
P001,HRTF_B,36,0.153,-18.68,-1.51,7,0
P001,HRTF_B,36,0.165,-18.96,-1.61,7,0
P001,HRTF_B,36,0.179,-19.20,-1.73,7,0
P001,HRTF_B,36,0.193,-19.40,-1.83,7,0
P001,HRTF_B,36,0.207,-19.59,-1.91,7,0
P001,HRTF_B,36,0.221,-19.76,-1.96,7,0
P001,HRTF_B,36,0.235,-19.93,-1.99,7,0
P001,HRTF_B,36,0.249,-20.08,-2.03,7,0
P001,HRTF_B,36,0.263,-20.22,-2.06,7,0
P001,HRTF_B,36,0.277,-20.32,-2.14,7,0
P001,HRTF_B,36,0.291,-20.41,-2.20,7,0
P001,HRTF_B,36,0.305,-20.44,-2.26,7,0
P001,HRTF_B,36,0.318,-20.48,-2.30,7,0
P001,HRTF_B,36,0.332,-20.49,-2.34,7,0
P001,HRTF_B,36,0.346,-20.45,-2.38,7,0
P001,HRTF_B,36,0.360,-20.40,-2.40,7,0
P001,HRTF_B,36,0.374,-20.31,-2.42,7,0
P001,HRTF_B,36,0.388,-20.17,-2.40,7,0
P001,HRTF_B,36,0.402,-20.00,-2.40,7,0
P001,HRTF_B,36,0.416,-19.81,-2.40,7,0
P001,HRTF_B,36,0.430,-19.56,-2.41,7,0
P001,HRTF_B,36,0.444,-19.29,-2.42,7,0
P001,HRTF_B,36,0.458,-19.02,-2.45,7,0
P001,HRTF_B,36,0.471,-18.71,-2.48,7,0
P001,HRTF_B,36,0.485,-18.40,-2.50,7,0
P001,HRTF_B,36,0.500,-18.09,-2.51,7,0
P001,HRTF_B,36,0.513,-17.77,-2.55,7,0
P001,HRTF_B,36,0.527,-17.49,-2.59,7,0
P001,HRTF_B,36,0.541,-17.19,-2.68,7,0
P001,HRTF_B,36,0.555,-16.88,-2.77,7,0
P001,HRTF_B,36,0.569,-16.60,-2.85,7,0
P001,HRTF_B,36,0.583,-16.29,-2.90,7,0
P001,HRTF_B,36,0.597,-16.04,-2.95,7,0
P001,HRTF_B,36,0.610,-15.79,-2.97,7,0
P001,HRTF_B,36,0.624,-15.54,-3.01,7,0
P001,HRTF_B,36,0.638,-15.29,-3.05,7,0
P001,HRTF_B,36,0.652,-15.02,-3.13,7,0
P001,HRTF_B,36,0.666,-14.74,-3.20,7,0
P001,HRTF_B,36,0.680,-14.46,-3.28,7,0
P001,HRTF_B,36,0.694,-14.18,-3.34,7,0
P001,HRTF_B,36,0.708,-13.89,-3.38,7,0
P001,HRTF_B,36,0.722,-13.61,-3.44,7,0
P001,HRTF_B,36,0.736,-13.30,-3.50,7,0
P001,HRTF_B,36,0.750,-13.00,-3.57,7,0
P001,HRTF_B,36,0.764,-12.66,-3.63,7,0
P001,HRTF_B,36,0.777,-12.34,-3.70,7,0
P001,HRTF_B,36,0.791,-12.03,-3.78,7,0
P001,HRTF_B,36,0.805,-11.72,-3.83,7,0
P001,HRTF_B,36,0.819,-11.42,-3.90,7,0
P001,HRTF_B,36,0.833,-11.14,-3.94,7,0
P001,HRTF_B,36,0.847,-10.84,-4.00,7,0
P001,HRTF_B,36,0.861,-10.58,-4.04,7,0
P001,HRTF_B,36,0.875,-10.29,-4.07,7,0
P001,HRTF_B,36,0.889,-10.03,-4.10,7,0
P001,HRTF_B,36,0.902,-9.78,-4.12,7,0
P001,HRTF_B,36,0.916,-9.51,-4.10,7,0
P001,HRTF_B,36,0.930,-9.28,-4.08,7,0
P001,HRTF_B,36,0.944,-9.07,-4.05,7,0
P001,HRTF_B,36,0.958,-8.87,-4.03,7,0
P001,HRTF_B,36,0.972,-8.69,-4.01,7,0
P001,HRTF_B,36,0.986,-8.52,-3.99,7,0
P001,HRTF_B,36,1.000,-8.35,-4.00,7,0
P001,HRTF_B,36,1.013,-8.21,-4.01,7,0
P001,HRTF_B,36,1.027,-8.04,-4.03,7,0
P001,HRTF_B,36,1.041,-7.83,-4.06,7,0
P001,HRTF_B,36,1.055,-7.59,-4.09,7,0
P001,HRTF_B,36,1.069,-7.30,-4.13,7,0
P001,HRTF_B,36,1.083,-6.84,-4.18,7,0
P001,HRTF_B,36,1.097,-6.27,-4.25,7,0
P001,HRTF_B,36,1.111,-5.55,-4.26,7,0
P001,HRTF_B,36,1.125,-4.64,-4.33,7,0
P001,HRTF_B,36,1.138,-3.56,-4.43,7,0
P001,HRTF_B,36,1.153,-2.24,-4.56,7,0
P001,HRTF_B,36,1.167,-0.72,-4.71,7,0
P001,HRTF_B,36,1.180,0.93,-4.89,7,0
P001,HRTF_B,36,1.194,2.71,-4.98,7,0
P001,HRTF_B,36,1.208,4.77,-5.20,7,0
P001,HRTF_B,36,1.222,6.90,-5.27,7,0
P001,HRTF_B,36,1.236,9.22,-5.49,7,0
P001,HRTF_B,36,1.250,11.69,-5.69,7,0
P001,HRTF_B,36,1.264,14.23,-5.88,7,0
P001,HRTF_B,36,1.277,16.78,-6.08,7,0
P001,HRTF_B,36,1.291,19.32,-6.28,7,0
P001,HRTF_B,36,1.305,21.87,-6.53,7,0
P001,HRTF_B,36,1.319,24.41,-6.80,7,0
P001,HRTF_B,36,1.333,26.86,-7.16,7,0
P001,HRTF_B,36,1.347,29.16,-7.61,7,0
P001,HRTF_B,36,1.361,31.38,-8.09,7,0
P001,HRTF_B,36,1.375,33.46,-8.65,7,0
P001,HRTF_B,36,1.388,35.63,-9.19,7,0
P001,HRTF_B,36,1.402,37.66,-9.69,7,0
P001,HRTF_B,36,1.416,39.78,-10.20,7,0
P001,HRTF_B,36,1.430,41.76,-10.74,7,0
P001,HRTF_B,36,1.444,43.68,-11.31,7,0
P001,HRTF_B,36,1.458,45.53,-12.00,7,0
P001,HRTF_B,36,1.472,47.34,-12.68,7,0
P001,HRTF_B,36,1.486,49.02,-13.30,7,0
P001,HRTF_B,36,1.500,50.65,-13.93,7,0
P001,HRTF_B,36,1.513,52.29,-14.59,7,0
P001,HRTF_B,36,1.527,53.89,-15.34,7,0
P001,HRTF_B,36,1.541,55.34,-16.16,7,0
P001,HRTF_B,36,1.555,56.78,-16.97,7,0
P001,HRTF_B,36,1.569,58.06,-17.82,7,0
P001,HRTF_B,36,1.583,59.36,-18.67,7,0
P001,HRTF_B,36,1.597,60.54,-19.45,7,0
P001,HRTF_B,36,1.611,61.70,-20.28,7,0
P001,HRTF_B,36,1.625,62.68,-21.06,7,0
P001,HRTF_B,36,1.639,63.60,-21.94,7,0
P001,HRTF_B,36,1.652,64.60,-22.88,7,0
P001,HRTF_B,36,1.667,65.57,-23.87,7,0
P001,HRTF_B,36,1.680,66.56,-24.84,7,0
P001,HRTF_B,36,1.694,67.51,-25.75,7,0
P001,HRTF_B,36,1.708,68.63,-26.53,7,0
P001,HRTF_B,36,1.722,69.86,-27.25,7,0
P001,HRTF_B,36,1.736,71.04,-27.97,7,0
P001,HRTF_B,36,1.750,72.18,-28.58,7,0
P001,HRTF_B,36,1.764,73.37,-29.24,7,0
P001,HRTF_B,36,1.778,74.62,-29.87,7,0
P001,HRTF_B,36,1.791,75.84,-30.61,7,0
P001,HRTF_B,36,1.805,77.08,-31.32,7,0
P001,HRTF_B,36,1.819,78.16,-32.05,7,0
P001,HRTF_B,36,1.833,79.26,-32.84,7,0
P001,HRTF_B,36,1.847,80.29,-33.61,7,0
P001,HRTF_B,36,1.861,81.28,-34.34,7,0
P001,HRTF_B,36,1.875,82.14,-35.00,7,0
P001,HRTF_B,36,1.889,83.01,-35.62,7,0
P001,HRTF_B,36,1.903,83.67,-36.26,7,0
P001,HRTF_B,36,1.917,84.32,-36.91,7,0
P001,HRTF_B,36,1.930,84.88,-37.56,7,0
P001,HRTF_B,36,1.944,85.34,-38.08,7,0
P001,HRTF_B,36,1.958,85.53,-38.58,7,0
P001,HRTF_B,36,1.972,85.76,-39.12,7,0
P001,HRTF_B,36,1.986,85.88,-39.64,7,0
P001,HRTF_B,36,2.000,85.99,-40.11,7,0
P001,HRTF_B,36,2.014,86.18,-40.45,7,0
P001,HRTF_B,36,2.027,86.25,-40.87,7,0
P001,HRTF_B,36,2.041,86.30,-41.19,7,0
P001,HRTF_B,36,2.055,86.34,-41.57,7,0
P001,HRTF_B,36,2.069,86.38,-41.96,7,0
P001,HRTF_B,36,2.083,86.38,-42.25,7,0
P001,HRTF_B,36,2.097,86.25,-42.50,7,0
P001,HRTF_B,36,2.111,86.25,-42.83,7,0
P001,HRTF_B,36,2.125,86.11,-43.16,7,0
P001,HRTF_B,36,2.138,86.00,-43.44,7,0
P001,HRTF_B,36,2.152,85.84,-43.66,7,0
P001,HRTF_B,36,2.166,85.63,-43.89,7,0
P001,HRTF_B,36,2.180,85.31,-44.14,7,0
P001,HRTF_B,36,2.194,84.98,-44.35,7,0
P001,HRTF_B,36,2.208,84.69,-44.57,7,0
P001,HRTF_B,36,2.222,84.39,-44.74,7,0
P001,HRTF_B,36,2.236,84.03,-44.93,7,0
P001,HRTF_B,36,2.249,83.67,-45.14,7,0
P001,HRTF_B,36,2.263,83.30,-45.29,7,0
P001,HRTF_B,36,2.277,82.87,-45.43,7,0
P001,HRTF_B,36,2.291,82.47,-45.56,7,0
P001,HRTF_B,36,2.305,82.06,-45.64,7,0
P001,HRTF_B,36,2.319,81.65,-45.78,7,0
P001,HRTF_B,36,2.333,81.18,-45.89,7,0
P001,HRTF_B,36,2.347,80.69,-46.02,7,0
P001,HRTF_B,36,2.361,80.21,-46.12,7,0
P001,HRTF_B,36,2.375,79.68,-46.20,7,0
P001,HRTF_B,36,2.388,79.18,-46.28,7,0
P001,HRTF_B,36,2.403,78.65,-46.27,7,0
P001,HRTF_B,36,2.416,78.11,-46.34,7,0
P001,HRTF_B,36,2.430,77.53,-46.33,7,0
P001,HRTF_B,36,2.444,76.97,-46.32,7,0
P001,HRTF_B,36,2.458,76.38,-46.26,7,0
P001,HRTF_B,36,2.472,75.81,-46.21,7,0
P001,HRTF_B,36,2.486,75.20,-46.17,7,0
P001,HRTF_B,36,2.500,74.59,-46.10,7,0
P001,HRTF_B,36,2.513,73.96,-46.02,7,0
P001,HRTF_B,36,2.527,73.38,-45.93,7,0
P001,HRTF_B,36,2.541,72.75,-45.79,7,0
P001,HRTF_B,36,2.555,72.11,-45.66,7,0
P001,HRTF_B,36,2.569,71.38,-45.51,7,0
P001,HRTF_B,36,2.583,70.78,-45.44,7,0
P001,HRTF_B,36,2.597,70.09,-45.29,7,0
P001,HRTF_B,36,2.611,69.43,-45.15,7,0
P001,HRTF_B,36,2.625,68.82,-45.02,7,0
P001,HRTF_B,36,2.638,68.22,-44.90,7,0
P001,HRTF_B,36,2.652,67.69,-44.78,7,0
P001,HRTF_B,36,2.666,67.14,-44.68,7,0
P001,HRTF_B,36,2.680,66.63,-44.61,7,0
P001,HRTF_B,36,2.694,66.21,-44.58,7,0
P001,HRTF_B,36,2.708,65.87,-44.47,7,0
P001,HRTF_B,36,2.722,65.58,-44.43,7,0
P001,HRTF_B,36,2.736,65.35,-44.37,7,0
P001,HRTF_B,36,2.750,65.17,-44.30,7,0
P001,HRTF_B,36,2.763,65.09,-44.23,7,0
P001,HRTF_B,36,2.777,64.97,-44.18,7,0
P001,HRTF_B,36,2.792,64.91,-44.14,7,0
P001,HRTF_B,37,0.013,-12.04,-1.85,28,1
P001,HRTF_B,37,0.030,-12.13,-1.88,28,1
P001,HRTF_B,37,0.042,-12.21,-1.92,28,1
P001,HRTF_B,37,0.055,-12.28,-1.95,28,1
P001,HRTF_B,37,0.069,-12.30,-2.00,28,1
P001,HRTF_B,37,0.083,-12.32,-2.05,28,1
P001,HRTF_B,37,0.096,-12.31,-2.12,28,1
P001,HRTF_B,37,0.111,-12.30,-2.19,28,1
P001,HRTF_B,37,0.124,-12.32,-2.24,28,1
P001,HRTF_B,37,0.138,-12.30,-2.30,28,1
P001,HRTF_B,37,0.152,-12.27,-2.37,28,1
P001,HRTF_B,37,0.166,-12.23,-2.43,28,1
P001,HRTF_B,37,0.180,-12.19,-2.49,28,1
P001,HRTF_B,37,0.194,-12.14,-2.54,28,1
P001,HRTF_B,37,0.208,-12.07,-2.60,28,1
P001,HRTF_B,37,0.222,-12.01,-2.62,28,1
P001,HRTF_B,37,0.236,-11.96,-2.67,28,1
P001,HRTF_B,37,0.250,-11.89,-2.71,28,1
P001,HRTF_B,37,0.264,-11.84,-2.76,28,1
P001,HRTF_B,37,0.278,-11.82,-2.77,28,1
P001,HRTF_B,37,0.291,-11.83,-2.73,28,1
P001,HRTF_B,37,0.305,-11.91,-2.60,28,1
P001,HRTF_B,37,0.319,-12.07,-2.42,28,1
P001,HRTF_B,37,0.333,-12.27,-2.21,28,1
P001,HRTF_B,37,0.347,-12.56,-1.94,28,1
P001,HRTF_B,37,0.361,-12.87,-1.65,28,1
P001,HRTF_B,37,0.375,-13.24,-1.32,28,1
P001,HRTF_B,37,0.389,-13.69,-0.87,28,1
P001,HRTF_B,37,0.402,-14.14,-0.41,28,1
P001,HRTF_B,37,0.416,-14.66,0.05,28,1
P001,HRTF_B,37,0.430,-15.21,0.49,28,1
P001,HRTF_B,37,0.445,-15.78,0.95,28,1
P001,HRTF_B,37,0.458,-16.36,1.38,28,1
P001,HRTF_B,37,0.472,-16.93,1.75,28,1
P001,HRTF_B,37,0.486,-17.48,2.09,28,1
P001,HRTF_B,37,0.500,-18.01,2.44,28,1
P001,HRTF_B,37,0.514,-18.46,2.76,28,1
P001,HRTF_B,37,0.528,-18.88,3.02,28,1
P001,HRTF_B,37,0.541,-19.31,3.25,28,1
P001,HRTF_B,37,0.555,-19.62,3.52,28,1
P001,HRTF_B,37,0.569,-19.89,3.80,28,1
P001,HRTF_B,37,0.583,-20.14,4.01,28,1
P001,HRTF_B,37,0.597,-20.36,4.24,28,1
P001,HRTF_B,37,0.611,-20.57,4.41,28,1
P001,HRTF_B,37,0.625,-20.75,4.60,28,1
P001,HRTF_B,37,0.639,-20.90,4.77,28,1
P001,HRTF_B,37,0.652,-20.98,4.92,28,1
P001,HRTF_B,37,0.666,-21.02,5.06,28,1
P001,HRTF_B,37,0.680,-21.02,5.17,28,1
P001,HRTF_B,37,0.694,-20.99,5.29,28,1
P001,HRTF_B,37,0.708,-20.92,5.41,28,1
P001,HRTF_B,37,0.722,-20.80,5.55,28,1
P001,HRTF_B,37,0.736,-20.67,5.69,28,1
P001,HRTF_B,37,0.750,-20.55,5.83,28,1
P001,HRTF_B,37,0.764,-20.42,5.96,28,1
P001,HRTF_B,37,0.778,-20.30,6.06,28,1
P001,HRTF_B,37,0.791,-20.16,6.17,28,1
P001,HRTF_B,37,0.805,-20.04,6.28,28,1
P001,HRTF_B,37,0.819,-19.95,6.36,28,1
P001,HRTF_B,37,0.833,-19.90,6.44,28,1
P001,HRTF_B,37,0.847,-19.87,6.53,28,1
P001,HRTF_B,37,0.861,-19.88,6.62,28,1
P001,HRTF_B,37,0.875,-19.88,6.68,28,1
P001,HRTF_B,37,0.889,-19.89,6.73,28,1
P001,HRTF_B,37,0.903,-19.92,6.78,28,1
P001,HRTF_B,37,0.916,-19.98,6.82,28,1
P001,HRTF_B,37,0.930,-20.03,6.88,28,1
P001,HRTF_B,37,0.944,-20.10,6.92,28,1
P001,HRTF_B,37,0.958,-20.17,6.96,28,1
P001,HRTF_B,37,0.972,-20.25,7.00,28,1
P001,HRTF_B,37,0.986,-20.33,7.04,28,1
P001,HRTF_B,37,1.000,-20.41,7.08,28,1
P001,HRTF_B,37,1.014,-20.47,7.11,28,1
P001,HRTF_B,37,1.027,-20.53,7.13,28,1
P001,HRTF_B,37,1.041,-20.58,7.20,28,1
P001,HRTF_B,37,1.055,-20.63,7.27,28,1
P001,HRTF_B,37,1.069,-20.68,7.36,28,1
P001,HRTF_B,37,1.083,-20.75,7.45,28,1
P001,HRTF_B,37,1.097,-20.83,7.52,28,1
P001,HRTF_B,37,1.111,-20.93,7.59,28,1
P001,HRTF_B,37,1.125,-21.03,7.66,28,1
P001,HRTF_B,37,1.139,-21.12,7.76,28,1
P001,HRTF_B,37,1.152,-21.17,7.87,28,1
P001,HRTF_B,37,1.166,-21.21,7.94,28,1
P001,HRTF_B,37,1.180,-21.27,8.01,28,1
P001,HRTF_B,37,1.194,-21.28,8.08,28,1
P001,HRTF_B,37,1.208,-21.27,8.13,28,1
P001,HRTF_B,37,1.222,-21.26,8.19,28,1
P001,HRTF_B,37,1.236,-21.24,8.21,28,1
P001,HRTF_B,37,1.250,-21.23,8.23,28,1
P001,HRTF_B,37,1.264,-21.20,8.25,28,1
P001,HRTF_B,37,1.278,-21.17,8.28,28,1
P001,HRTF_B,37,1.291,-21.13,8.31,28,1
P001,HRTF_B,37,1.305,-21.10,8.33,28,1
P001,HRTF_B,37,1.319,-21.09,8.36,28,1
P001,HRTF_B,37,1.333,-21.09,8.37,28,1
P001,HRTF_B,37,1.347,-21.11,8.37,28,1
P001,HRTF_B,37,1.361,-21.15,8.40,28,1
P001,HRTF_B,37,1.375,-21.19,8.41,28,1
P001,HRTF_B,37,1.388,-21.23,8.43,28,1
P001,HRTF_B,37,1.403,-21.29,8.44,28,1
P001,HRTF_B,37,1.416,-21.35,8.46,28,1
P001,HRTF_B,37,1.431,-21.39,8.47,28,1
P001,HRTF_B,37,1.444,-21.46,8.47,28,1
P001,HRTF_B,37,1.458,-21.51,8.48,28,1
P001,HRTF_B,37,1.472,-21.56,8.47,28,1
P001,HRTF_B,37,1.486,-21.62,8.49,28,1
P001,HRTF_B,37,1.500,-21.67,8.51,28,1
P001,HRTF_B,37,1.513,-21.72,8.53,28,1
P001,HRTF_B,37,1.527,-21.78,8.55,28,1
P001,HRTF_B,37,1.541,-21.80,8.54,28,1
P001,HRTF_B,37,1.555,-21.81,8.52,28,1
P001,HRTF_B,37,1.569,-21.85,8.54,28,1
P001,HRTF_B,37,1.583,-21.88,8.59,28,1
P001,HRTF_B,37,1.596,-21.90,8.66,28,1
P001,HRTF_B,37,1.610,-21.94,8.73,28,1
P001,HRTF_B,37,1.625,-21.97,8.81,28,1
P001,HRTF_B,37,1.638,-22.02,8.83,28,1
P001,HRTF_B,37,1.652,-22.05,8.84,28,1
P001,HRTF_B,37,1.666,-22.08,8.85,28,1
P001,HRTF_B,37,1.680,-22.08,8.87,28,1
P001,HRTF_B,37,1.694,-22.10,8.90,28,1
P001,HRTF_B,37,1.708,-22.10,8.94,28,1
P001,HRTF_B,38,0.012,-15.81,6.08,20,1
P001,HRTF_B,38,0.028,-15.89,6.10,20,1
P001,HRTF_B,38,0.040,-15.97,6.15,20,1
P001,HRTF_B,38,0.056,-16.03,6.20,20,1
P001,HRTF_B,38,0.068,-16.14,6.28,20,1
P001,HRTF_B,38,0.082,-16.28,6.37,20,1
P001,HRTF_B,38,0.096,-16.45,6.51,20,1
P001,HRTF_B,38,0.110,-16.61,6.65,20,1
P001,HRTF_B,38,0.123,-16.76,6.80,20,1
P001,HRTF_B,38,0.137,-16.90,6.94,20,1
P001,HRTF_B,38,0.151,-17.03,7.08,20,1
P001,HRTF_B,38,0.165,-17.20,7.20,20,1
P001,HRTF_B,38,0.179,-17.37,7.31,20,1
P001,HRTF_B,38,0.192,-17.52,7.42,20,1
P001,HRTF_B,38,0.206,-17.66,7.52,20,1
P001,HRTF_B,38,0.220,-17.81,7.62,20,1
P001,HRTF_B,38,0.234,-17.98,7.74,20,1
P001,HRTF_B,38,0.248,-18.19,7.84,20,1
P001,HRTF_B,38,0.262,-18.38,7.94,20,1
P001,HRTF_B,38,0.276,-18.57,8.05,20,1
P001,HRTF_B,38,0.290,-18.78,8.18,20,1
P001,HRTF_B,38,0.304,-18.99,8.30,20,1
P001,HRTF_B,38,0.318,-19.22,8.41,20,1
P001,HRTF_B,38,0.331,-19.43,8.55,20,1
P001,HRTF_B,38,0.346,-19.61,8.68,20,1
P001,HRTF_B,38,0.359,-19.82,8.81,20,1
P001,HRTF_B,38,0.373,-20.03,8.93,20,1
P001,HRTF_B,38,0.387,-20.25,9.07,20,1
P001,HRTF_B,38,0.401,-20.44,9.18,20,1
P001,HRTF_B,38,0.415,-20.61,9.28,20,1
P001,HRTF_B,38,0.429,-20.76,9.39,20,1
P001,HRTF_B,38,0.443,-20.87,9.46,20,1
P001,HRTF_B,38,0.457,-20.95,9.51,20,1
P001,HRTF_B,38,0.470,-21.01,9.54,20,1
P001,HRTF_B,38,0.484,-21.01,9.53,20,1
P001,HRTF_B,38,0.498,-20.99,9.50,20,1
P001,HRTF_B,38,0.512,-20.91,9.42,20,1
P001,HRTF_B,38,0.526,-20.80,9.23,20,1
P001,HRTF_B,38,0.540,-20.65,8.92,20,1
P001,HRTF_B,38,0.554,-20.31,8.39,20,1
P001,HRTF_B,38,0.568,-19.87,7.76,20,1
P001,HRTF_B,38,0.581,-19.35,7.02,20,1
P001,HRTF_B,38,0.595,-18.74,6.11,20,1
P001,HRTF_B,38,0.609,-18.05,5.27,20,1
P001,HRTF_B,38,0.623,-17.40,4.47,20,1
P001,HRTF_B,38,0.637,-16.76,3.73,20,1
P001,HRTF_B,38,0.651,-15.99,2.90,20,1
P001,HRTF_B,38,0.665,-15.20,2.09,20,1
P001,HRTF_B,38,0.679,-14.42,1.30,20,1
P001,HRTF_B,38,0.693,-13.64,0.56,20,1
P001,HRTF_B,38,0.706,-12.94,-0.19,20,1
P001,HRTF_B,38,0.721,-12.20,-0.92,20,1
P001,HRTF_B,38,0.734,-11.51,-1.64,20,1
P001,HRTF_B,38,0.748,-10.83,-2.30,20,1
P001,HRTF_B,38,0.762,-10.20,-2.97,20,1
P001,HRTF_B,38,0.776,-9.63,-3.51,20,1
P001,HRTF_B,38,0.790,-9.15,-4.00,20,1
P001,HRTF_B,38,0.804,-8.78,-4.42,20,1
P001,HRTF_B,38,0.818,-8.39,-4.80,20,1
P001,HRTF_B,38,0.831,-8.07,-5.17,20,1
P001,HRTF_B,38,0.845,-7.80,-5.45,20,1
P001,HRTF_B,38,0.859,-7.50,-5.77,20,1
P001,HRTF_B,38,0.873,-7.28,-6.04,20,1
P001,HRTF_B,38,0.887,-7.13,-6.27,20,1
P001,HRTF_B,38,0.901,-6.91,-6.51,20,1
P001,HRTF_B,38,0.915,-6.68,-6.79,20,1
P001,HRTF_B,38,0.929,-6.46,-7.17,20,1
P001,HRTF_B,38,0.942,-6.18,-7.49,20,1
P001,HRTF_B,38,0.957,-5.89,-7.88,20,1
P001,HRTF_B,38,0.970,-5.56,-8.22,20,1
P001,HRTF_B,38,0.984,-5.12,-8.56,20,1
P001,HRTF_B,38,0.998,-4.56,-8.95,20,1
P001,HRTF_B,38,1.012,-3.92,-9.27,20,1
P001,HRTF_B,38,1.026,-3.04,-9.62,20,1
P001,HRTF_B,38,1.040,-2.23,-10.08,20,1
P001,HRTF_B,38,1.054,-1.29,-10.60,20,1
P001,HRTF_B,38,1.068,-0.24,-11.11,20,1
P001,HRTF_B,38,1.081,0.87,-11.59,20,1
P001,HRTF_B,38,1.095,2.03,-11.99,20,1
P001,HRTF_B,38,1.109,3.32,-12.52,20,1
P001,HRTF_B,38,1.123,4.63,-12.99,20,1
P001,HRTF_B,38,1.137,5.89,-13.41,20,1
P001,HRTF_B,38,1.151,7.35,-13.89,20,1
P001,HRTF_B,38,1.165,8.79,-14.30,20,1
P001,HRTF_B,38,1.178,10.22,-14.72,20,1
P001,HRTF_B,38,1.193,11.72,-15.12,20,1
P001,HRTF_B,38,1.206,13.20,-15.52,20,1
P001,HRTF_B,38,1.220,14.83,-15.94,20,1
P001,HRTF_B,38,1.234,16.50,-16.29,20,1
P001,HRTF_B,38,1.248,18.17,-16.64,20,1
P001,HRTF_B,38,1.262,19.96,-16.95,20,1
P001,HRTF_B,38,1.276,21.82,-17.29,20,1
P001,HRTF_B,38,1.290,23.79,-17.53,20,1
P001,HRTF_B,38,1.303,25.79,-17.78,20,1
P001,HRTF_B,38,1.318,27.75,-17.96,20,1
P001,HRTF_B,38,1.331,29.68,-18.13,20,1
P001,HRTF_B,38,1.345,31.55,-18.29,20,1
P001,HRTF_B,38,1.359,33.40,-18.50,20,1
P001,HRTF_B,38,1.373,35.23,-18.75,20,1
P001,HRTF_B,38,1.387,37.02,-19.02,20,1
P001,HRTF_B,38,1.401,38.72,-19.33,20,1
P001,HRTF_B,38,1.415,40.42,-19.61,20,1
P001,HRTF_B,38,1.429,42.01,-19.95,20,1
P001,HRTF_B,38,1.443,43.59,-20.29,20,1
P001,HRTF_B,38,1.456,45.12,-20.65,20,1
P001,HRTF_B,38,1.470,46.58,-20.95,20,1
P001,HRTF_B,38,1.484,48.01,-21.20,20,1
P001,HRTF_B,38,1.498,49.41,-21.47,20,1
P001,HRTF_B,38,1.512,50.80,-21.67,20,1
P001,HRTF_B,38,1.526,52.13,-21.88,20,1
P001,HRTF_B,38,1.540,53.35,-22.16,20,1
P001,HRTF_B,38,1.554,54.56,-22.45,20,1
P001,HRTF_B,38,1.568,55.79,-22.90,20,1
P001,HRTF_B,38,1.581,56.97,-23.47,20,1
P001,HRTF_B,38,1.595,58.12,-24.08,20,1
P001,HRTF_B,38,1.609,59.17,-24.85,20,1
P001,HRTF_B,38,1.623,60.24,-25.61,20,1
P001,HRTF_B,38,1.637,61.24,-26.38,20,1
P001,HRTF_B,38,1.651,62.23,-27.17,20,1
P001,HRTF_B,38,1.664,63.20,-27.95,20,1
P001,HRTF_B,38,1.678,64.16,-28.72,20,1
P001,HRTF_B,38,1.693,65.21,-29.48,20,1
P001,HRTF_B,38,1.706,66.21,-30.26,20,1
P001,HRTF_B,38,1.720,67.24,-31.03,20,1
P001,HRTF_B,38,1.734,68.27,-31.86,20,1
P001,HRTF_B,38,1.748,69.27,-32.71,20,1
P001,HRTF_B,38,1.762,70.31,-33.50,20,1
P001,HRTF_B,38,1.776,71.26,-34.39,20,1
P001,HRTF_B,38,1.790,72.13,-35.36,20,1
P001,HRTF_B,38,1.803,73.03,-36.34,20,1
P001,HRTF_B,38,1.818,73.83,-37.23,20,1
P001,HRTF_B,38,1.831,74.67,-38.09,20,1
P001,HRTF_B,38,1.845,75.46,-38.94,20,1
P001,HRTF_B,38,1.859,76.28,-39.83,20,1
P001,HRTF_B,38,1.873,77.02,-40.77,20,1
P001,HRTF_B,38,1.887,77.89,-41.65,20,1
P001,HRTF_B,38,1.901,78.75,-42.59,20,1
P001,HRTF_B,38,1.915,79.77,-43.50,20,1
P001,HRTF_B,38,1.928,80.80,-44.38,20,1
P001,HRTF_B,38,1.943,81.85,-45.22,20,1
P001,HRTF_B,38,1.956,82.98,-45.92,20,1
P001,HRTF_B,38,1.970,84.28,-46.49,20,1
P001,HRTF_B,38,1.985,85.64,-47.03,20,1
P001,HRTF_B,38,1.998,86.95,-47.60,20,1
P001,HRTF_B,38,2.012,88.25,-48.10,20,1
P001,HRTF_B,38,2.026,89.58,-48.47,20,1
P001,HRTF_B,38,2.039,90.92,-48.77,20,1
P001,HRTF_B,38,2.054,92.34,-49.06,20,1
P001,HRTF_B,38,2.067,93.64,-49.51,20,1
P001,HRTF_B,38,2.082,94.99,-49.96,20,1
P001,HRTF_B,38,2.095,96.22,-50.40,20,1
P001,HRTF_B,38,2.109,97.60,-50.80,20,1
P001,HRTF_B,38,2.123,98.99,-51.10,20,1
P001,HRTF_B,38,2.137,100.38,-51.46,20,1
P001,HRTF_B,38,2.151,101.77,-51.84,20,1
P001,HRTF_B,38,2.165,103.26,-52.13,20,1
P001,HRTF_B,38,2.179,104.70,-52.36,20,1
P001,HRTF_B,38,2.192,106.19,-52.48,20,1
P001,HRTF_B,38,2.206,107.59,-52.64,20,1
P001,HRTF_B,38,2.220,109.08,-52.81,20,1
P001,HRTF_B,38,2.234,110.54,-52.95,20,1
P001,HRTF_B,38,2.248,112.17,-52.98,20,1
P001,HRTF_B,38,2.262,113.71,-53.10,20,1
P001,HRTF_B,38,2.276,115.17,-53.16,20,1
P001,HRTF_B,38,2.290,116.64,-53.19,20,1
P001,HRTF_B,38,2.304,118.27,-53.22,20,1
P001,HRTF_B,38,2.318,119.82,-53.24,20,1
P001,HRTF_B,38,2.331,121.30,-53.29,20,1
P001,HRTF_B,38,2.345,122.70,-53.35,20,1
P001,HRTF_B,38,2.359,124.09,-53.34,20,1
P001,HRTF_B,38,2.373,125.54,-53.18,20,1
P001,HRTF_B,38,2.387,127.05,-53.03,20,1
P001,HRTF_B,38,2.401,128.54,-52.89,20,1
P001,HRTF_B,38,2.414,129.94,-52.69,20,1
P001,HRTF_B,38,2.428,131.30,-52.47,20,1
P001,HRTF_B,38,2.442,132.62,-52.25,20,1
P001,HRTF_B,38,2.456,134.01,-52.02,20,1
P001,HRTF_B,38,2.470,135.33,-51.78,20,1
P001,HRTF_B,38,2.484,136.60,-51.43,20,1
P001,HRTF_B,38,2.498,137.80,-51.11,20,1
P001,HRTF_B,38,2.512,138.92,-50.78,20,1
P001,HRTF_B,38,2.526,140.25,-50.41,20,1
P001,HRTF_B,38,2.539,141.62,-50.06,20,1
P001,HRTF_B,38,2.553,142.98,-49.74,20,1
P001,HRTF_B,38,2.567,144.47,-49.59,20,1
P001,HRTF_B,38,2.581,145.97,-49.50,20,1
P001,HRTF_B,38,2.595,147.37,-49.43,20,1
P001,HRTF_B,38,2.609,148.76,-49.38,20,1
P001,HRTF_B,38,2.623,150.08,-49.34,20,1
P001,HRTF_B,38,2.637,151.28,-49.42,20,1
P001,HRTF_B,38,2.651,152.43,-49.61,20,1
P001,HRTF_B,38,2.665,153.51,-49.80,20,1
P001,HRTF_B,38,2.678,154.64,-50.00,20,1
P001,HRTF_B,38,2.692,155.74,-50.22,20,1
P001,HRTF_B,38,2.706,156.75,-50.55,20,1
P001,HRTF_B,38,2.720,157.75,-50.68,20,1
P001,HRTF_B,38,2.734,158.89,-50.96,20,1
P001,HRTF_B,38,2.748,160.08,-51.28,20,1
P001,HRTF_B,38,2.762,161.36,-51.64,20,1
P001,HRTF_B,38,2.776,162.67,-52.09,20,1
P001,HRTF_B,38,2.790,164.06,-52.66,20,1
P001,HRTF_B,38,2.803,165.28,-53.12,20,1
P001,HRTF_B,38,2.818,166.16,-53.57,20,1
P001,HRTF_B,38,2.831,167.14,-54.05,20,1
P001,HRTF_B,38,2.845,168.16,-54.68,20,1
P001,HRTF_B,38,2.859,169.25,-55.32,20,1
P001,HRTF_B,38,2.873,170.22,-56.00,20,1
P001,HRTF_B,38,2.887,171.10,-56.65,20,1
P001,HRTF_B,38,2.901,171.84,-57.37,20,1
P001,HRTF_B,38,2.914,172.73,-58.08,20,1
P001,HRTF_B,38,2.928,173.55,-58.75,20,1
P001,HRTF_B,38,2.942,174.35,-59.41,20,1
P001,HRTF_B,38,2.956,175.19,-60.09,20,1
P001,HRTF_B,38,2.970,175.92,-60.86,20,1
P001,HRTF_B,38,2.984,176.66,-61.60,20,1
P001,HRTF_B,38,2.998,177.43,-62.22,20,1
P001,HRTF_B,38,3.012,178.12,-62.78,20,1
P001,HRTF_B,38,3.026,178.88,-63.33,20,1
P001,HRTF_B,38,3.040,179.74,-64.00,20,1
P001,HRTF_B,38,3.054,-179.27,-64.70,20,1
P001,HRTF_B,38,3.067,-178.27,-65.35,20,1
P001,HRTF_B,38,3.081,-177.37,-65.92,20,1
P001,HRTF_B,38,3.095,-176.52,-66.54,20,1
P001,HRTF_B,38,3.109,-175.71,-67.20,20,1
P001,HRTF_B,38,3.123,-175.04,-67.90,20,1
P001,HRTF_B,38,3.137,-174.40,-68.58,20,1
P001,HRTF_B,38,3.151,-173.91,-69.34,20,1
P001,HRTF_B,38,3.165,-173.76,-70.07,20,1
P001,HRTF_B,38,3.178,-173.48,-70.87,20,1
P001,HRTF_B,38,3.192,-173.13,-71.78,20,1
P001,HRTF_B,38,3.206,-172.48,-72.63,20,1
P001,HRTF_B,38,3.220,-172.21,-73.55,20,1
P001,HRTF_B,38,3.234,-171.78,-74.44,20,1
P001,HRTF_B,38,3.248,-171.71,-75.35,20,1
P001,HRTF_B,38,3.262,-171.56,-76.33,20,1
P001,HRTF_B,38,3.276,-171.27,-77.20,20,1
P001,HRTF_B,38,3.290,-170.93,-78.05,20,1
P001,HRTF_B,38,3.303,-170.66,-78.98,20,1
P001,HRTF_B,38,3.317,-170.87,-79.88,20,1
P001,HRTF_B,38,3.331,-171.02,-80.84,20,1
P001,HRTF_B,38,3.345,-171.52,-81.79,20,1
P001,HRTF_B,38,3.359,-171.52,-82.80,20,1
P001,HRTF_B,38,3.373,-170.26,-83.83,20,1
P001,HRTF_B,38,3.387,-167.94,-84.75,20,1
P001,HRTF_B,38,3.401,-166.61,-85.70,20,1
P001,HRTF_B,38,3.415,-164.32,-86.63,20,1
P001,HRTF_B,38,3.429,-157.91,-87.61,20,1
P001,HRTF_B,38,3.442,-143.14,-88.43,20,1
P001,HRTF_B,38,3.456,-109.28,-89.00,20,1
P001,HRTF_B,38,3.470,-57.43,-88.90,20,1
P001,HRTF_B,38,3.484,-30.88,-88.17,20,1
P001,HRTF_B,38,3.498,-21.29,-87.39,20,1
P001,HRTF_B,38,3.512,-15.77,-86.61,20,1
P001,HRTF_B,38,3.526,-14.25,-85.79,20,1
P001,HRTF_B,38,3.540,-12.07,-85.02,20,1
P001,HRTF_B,38,3.554,-10.13,-84.20,20,1
P001,HRTF_B,38,3.567,-9.30,-83.44,20,1
P001,HRTF_B,38,3.581,-8.20,-82.64,20,1
P001,HRTF_B,38,3.595,-7.32,-81.94,20,1
P001,HRTF_B,38,3.609,-5.70,-81.26,20,1
P001,HRTF_B,38,3.623,-3.74,-80.49,20,1
P001,HRTF_B,38,3.637,-3.01,-79.64,20,1
P001,HRTF_B,38,3.651,-2.23,-78.86,20,1
P001,HRTF_B,38,3.665,-0.88,-78.11,20,1
P001,HRTF_B,38,3.678,1.03,-77.30,20,1
P001,HRTF_B,38,3.692,2.72,-76.46,20,1
P001,HRTF_B,38,3.706,4.33,-75.51,20,1
P001,HRTF_B,38,3.720,5.14,-74.62,20,1
P001,HRTF_B,38,3.734,5.94,-73.76,20,1
P001,HRTF_B,38,3.748,6.83,-73.02,20,1
P001,HRTF_B,38,3.762,7.71,-72.24,20,1
P001,HRTF_B,38,3.776,8.72,-71.52,20,1
P001,HRTF_B,38,3.790,8.83,-70.70,20,1
P001,HRTF_B,38,3.803,8.93,-69.95,20,1
P001,HRTF_B,38,3.817,9.18,-69.24,20,1
P001,HRTF_B,38,3.831,9.21,-68.60,20,1
P001,HRTF_B,38,3.845,9.07,-68.00,20,1
P001,HRTF_B,38,3.859,8.83,-67.35,20,1
P001,HRTF_B,38,3.873,8.62,-66.74,20,1
P001,HRTF_B,38,3.887,8.32,-66.16,20,1
P001,HRTF_B,38,3.901,8.08,-65.56,20,1
P001,HRTF_B,38,3.915,7.84,-64.76,20,1
P001,HRTF_B,38,3.928,7.49,-63.88,20,1
P001,HRTF_B,38,3.942,7.13,-63.04,20,1
P001,HRTF_B,38,3.956,6.68,-62.25,20,1
P001,HRTF_B,38,3.970,6.34,-61.38,20,1
P001,HRTF_B,38,3.984,5.93,-60.22,20,1
P001,HRTF_B,38,3.998,5.47,-58.88,20,1
P001,HRTF_B,38,4.012,5.09,-57.17,20,1
P001,HRTF_B,38,4.026,4.77,-55.67,20,1
P001,HRTF_B,38,4.040,4.40,-54.19,20,1
P001,HRTF_B,38,4.053,4.06,-52.60,20,1
P001,HRTF_B,38,4.067,3.50,-50.86,20,1
P001,HRTF_B,38,4.081,2.95,-49.21,20,1
P001,HRTF_B,38,4.095,2.60,-47.44,20,1
P001,HRTF_B,38,4.109,2.10,-45.83,20,1
P001,HRTF_B,38,4.123,1.30,-44.38,20,1
P001,HRTF_B,38,4.137,0.20,-43.00,20,1
P001,HRTF_B,38,4.151,-0.97,-41.73,20,1
P001,HRTF_B,38,4.164,-2.22,-40.57,20,1
P001,HRTF_B,38,4.178,-3.45,-39.53,20,1
P001,HRTF_B,38,4.192,-4.66,-38.38,20,1
P001,HRTF_B,38,4.206,-5.91,-37.37,20,1
P001,HRTF_B,38,4.220,-7.19,-36.41,20,1
P001,HRTF_B,38,4.234,-8.33,-35.52,20,1
P001,HRTF_B,38,4.248,-9.49,-34.63,20,1
P001,HRTF_B,38,4.262,-10.59,-33.69,20,1
P001,HRTF_B,38,4.276,-11.69,-32.74,20,1
P001,HRTF_B,38,4.290,-12.81,-31.85,20,1
P001,HRTF_B,38,4.303,-13.86,-31.01,20,1
P001,HRTF_B,38,4.317,-14.90,-30.14,20,1
P001,HRTF_B,38,4.331,-15.86,-29.24,20,1
P001,HRTF_B,38,4.345,-16.70,-28.29,20,1
P001,HRTF_B,38,4.359,-17.62,-27.35,20,1
P001,HRTF_B,38,4.373,-18.32,-26.44,20,1
P001,HRTF_B,38,4.387,-19.12,-25.63,20,1
P001,HRTF_B,38,4.401,-19.85,-24.79,20,1
P001,HRTF_B,38,4.415,-20.68,-24.00,20,1
P001,HRTF_B,38,4.429,-21.38,-23.29,20,1
P001,HRTF_B,38,4.442,-22.02,-22.66,20,1
P001,HRTF_B,38,4.456,-22.61,-22.17,20,1
P001,HRTF_B,38,4.470,-23.16,-21.66,20,1
P001,HRTF_B,38,4.484,-23.67,-21.10,20,1
P001,HRTF_B,38,4.498,-24.19,-20.54,20,1
P001,HRTF_B,38,4.512,-24.82,-20.00,20,1
P001,HRTF_B,38,4.526,-25.53,-19.47,20,1
P001,HRTF_B,38,4.540,-26.37,-18.98,20,1
P001,HRTF_B,38,4.553,-27.34,-18.41,20,1
P001,HRTF_B,38,4.567,-28.35,-17.87,20,1
P001,HRTF_B,38,4.581,-29.45,-17.40,20,1
P001,HRTF_B,38,4.595,-30.63,-16.95,20,1
P001,HRTF_B,38,4.609,-31.89,-16.43,20,1
P001,HRTF_B,38,4.623,-33.11,-15.92,20,1
P001,HRTF_B,38,4.637,-34.51,-15.17,20,1
P001,HRTF_B,38,4.651,-35.90,-14.58,20,1
P001,HRTF_B,38,4.665,-37.31,-14.08,20,1
P001,HRTF_B,38,4.679,-38.75,-13.68,20,1
P001,HRTF_B,38,4.692,-40.25,-13.40,20,1
P001,HRTF_B,38,4.706,-41.69,-13.16,20,1
P001,HRTF_B,38,4.720,-43.09,-12.96,20,1
P001,HRTF_B,38,4.734,-44.42,-12.72,20,1
P001,HRTF_B,38,4.748,-45.70,-12.49,20,1
P001,HRTF_B,38,4.762,-47.06,-12.29,20,1
P001,HRTF_B,38,4.776,-48.44,-12.17,20,1
P001,HRTF_B,38,4.790,-49.79,-12.06,20,1
P001,HRTF_B,38,4.804,-51.09,-11.93,20,1
P001,HRTF_B,38,4.817,-52.27,-11.71,20,1
P001,HRTF_B,38,4.831,-53.35,-11.44,20,1
P001,HRTF_B,38,4.845,-54.39,-11.13,20,1
P001,HRTF_B,38,4.859,-55.52,-10.92,20,1
P001,HRTF_B,38,4.873,-56.60,-10.72,20,1
P001,HRTF_B,38,4.887,-57.66,-10.58,20,1
P001,HRTF_B,38,4.901,-58.66,-10.52,20,1
P001,HRTF_B,38,4.915,-59.71,-10.47,20,1
P001,HRTF_B,38,4.929,-60.74,-10.42,20,1
P001,HRTF_B,38,4.943,-61.82,-10.42,20,1
P001,HRTF_B,38,4.956,-62.88,-10.41,20,1
P001,HRTF_B,38,4.970,-63.94,-10.48,20,1
P001,HRTF_B,38,4.984,-64.91,-10.54,20,1
P001,HRTF_B,38,4.998,-65.89,-10.57,20,1
P001,HRTF_B,38,5.015,-66.84,-10.53,20,1
P001,HRTF_B,38,5.029,-67.83,-10.50,20,1
P001,HRTF_B,38,5.057,-68.89,-10.56,20,1
P001,HRTF_B,38,5.071,-70.96,-10.67,20,1
P001,HRTF_B,38,5.085,-72.02,-10.74,20,1
P001,HRTF_B,38,5.109,-73.13,-10.79,20,1
P001,HRTF_B,38,5.123,-75.36,-10.92,20,1
P001,HRTF_B,38,5.137,-76.59,-11.07,20,1
P001,HRTF_B,38,5.151,-77.77,-11.19,20,1
P001,HRTF_B,38,5.165,-78.93,-11.29,20,1
P001,HRTF_B,38,5.179,-80.04,-11.30,20,1
P001,HRTF_B,38,5.192,-81.20,-11.33,20,1
P001,HRTF_B,38,5.206,-82.34,-11.44,20,1
P001,HRTF_B,38,5.221,-83.51,-11.52,20,1
P001,HRTF_B,38,5.234,-84.68,-11.66,20,1
P001,HRTF_B,38,5.248,-85.79,-11.79,20,1
P001,HRTF_B,38,5.262,-86.91,-11.87,20,1
P001,HRTF_B,38,5.276,-88.00,-11.92,20,1
P001,HRTF_B,38,5.290,-89.02,-11.96,20,1
P001,HRTF_B,38,5.304,-90.09,-12.02,20,1
P001,HRTF_B,38,5.318,-91.11,-12.09,20,1
P001,HRTF_B,38,5.331,-92.14,-12.20,20,1
P001,HRTF_B,38,5.345,-93.19,-12.32,20,1
P001,HRTF_B,38,5.360,-94.19,-12.40,20,1
P001,HRTF_B,38,5.373,-95.16,-12.47,20,1
P001,HRTF_B,38,5.387,-96.07,-12.54,20,1
P001,HRTF_B,38,5.401,-97.03,-12.64,20,1
P001,HRTF_B,38,5.415,-97.92,-12.74,20,1
P001,HRTF_B,38,5.429,-98.86,-12.91,20,1
P001,HRTF_B,38,5.443,-99.78,-13.04,20,1
P001,HRTF_B,38,5.456,-100.66,-13.21,20,1
P001,HRTF_B,38,5.470,-101.52,-13.35,20,1
P001,HRTF_B,38,5.485,-102.38,-13.43,20,1
P001,HRTF_B,38,5.499,-103.22,-13.51,20,1
P001,HRTF_B,38,5.512,-104.07,-13.61,20,1
P001,HRTF_B,38,5.526,-104.91,-13.69,20,1
P001,HRTF_B,38,5.540,-105.82,-13.79,20,1
P001,HRTF_B,38,5.554,-106.70,-13.92,20,1
P001,HRTF_B,38,5.568,-107.65,-14.00,20,1
P001,HRTF_B,38,5.581,-108.53,-14.03,20,1
P001,HRTF_B,38,5.595,-109.42,-14.02,20,1
P001,HRTF_B,38,5.609,-110.32,-14.01,20,1
P001,HRTF_B,38,5.623,-111.25,-14.04,20,1
P001,HRTF_B,38,5.637,-112.22,-14.08,20,1
P001,HRTF_B,38,5.651,-113.13,-14.03,20,1
P001,HRTF_B,38,5.665,-113.99,-13.94,20,1
P001,HRTF_B,38,5.679,-114.84,-13.85,20,1
P001,HRTF_B,38,5.693,-115.68,-13.76,20,1
P001,HRTF_B,38,5.707,-116.61,-13.69,20,1
P001,HRTF_B,38,5.721,-117.47,-13.56,20,1
P001,HRTF_B,38,5.734,-118.35,-13.36,20,1
P001,HRTF_B,38,5.748,-119.13,-13.06,20,1
P001,HRTF_B,38,5.762,-119.81,-12.68,20,1
P001,HRTF_B,38,5.776,-120.51,-12.27,20,1
P001,HRTF_B,38,5.790,-121.21,-11.80,20,1
P001,HRTF_B,38,5.804,-121.93,-11.42,20,1
P001,HRTF_B,38,5.818,-122.59,-11.01,20,1
P001,HRTF_B,38,5.832,-123.24,-10.46,20,1
P001,HRTF_B,38,5.846,-123.79,-9.76,20,1
P001,HRTF_B,38,5.859,-124.33,-9.14,20,1
P001,HRTF_B,38,5.873,-124.93,-8.43,20,1
P001,HRTF_B,38,5.887,-125.55,-7.78,20,1
P001,HRTF_B,38,5.901,-126.21,-7.08,20,1
P001,HRTF_B,38,5.915,-126.90,-6.36,20,1
P001,HRTF_B,38,5.929,-127.59,-5.60,20,1
P001,HRTF_B,38,5.943,-128.26,-4.86,20,1
P001,HRTF_B,38,5.957,-128.96,-4.07,20,1
P001,HRTF_B,38,5.971,-129.70,-3.28,20,1
P001,HRTF_B,38,5.984,-130.48,-2.58,20,1
P001,HRTF_B,38,5.999,-131.27,-1.98,20,1
P001,HRTF_B,38,6.012,-132.09,-1.39,20,1
P001,HRTF_B,38,6.026,-132.90,-0.82,20,1
P001,HRTF_B,38,6.040,-133.71,-0.26,20,1
P001,HRTF_B,38,6.054,-134.48,0.31,20,1
P001,HRTF_B,38,6.068,-135.23,0.88,20,1
P001,HRTF_B,38,6.082,-136.01,1.31,20,1
P001,HRTF_B,38,6.096,-136.85,1.68,20,1
P001,HRTF_B,38,6.110,-137.72,2.07,20,1
P001,HRTF_B,38,6.123,-138.51,2.52,20,1
P001,HRTF_B,38,6.138,-139.30,2.98,20,1
P001,HRTF_B,38,6.151,-140.03,3.45,20,1
P001,HRTF_B,38,6.165,-140.74,3.94,20,1
P001,HRTF_B,38,6.179,-141.43,4.40,20,1
P001,HRTF_B,38,6.193,-142.10,4.82,20,1
P001,HRTF_B,38,6.207,-142.61,5.13,20,1
P001,HRTF_B,38,6.221,-143.06,5.45,20,1
P001,HRTF_B,38,6.235,-143.36,5.69,20,1
P001,HRTF_B,38,6.249,-143.53,5.87,20,1
P001,HRTF_B,38,6.262,-143.56,6.03,20,1
P001,HRTF_B,38,6.276,-143.56,6.19,20,1
P001,HRTF_B,38,6.290,-143.49,6.29,20,1
P001,HRTF_B,38,6.304,-143.31,6.39,20,1
P001,HRTF_B,38,6.318,-143.07,6.51,20,1
P001,HRTF_B,38,6.332,-142.76,6.59,20,1
P001,HRTF_B,38,6.346,-142.44,6.65,20,1
P001,HRTF_B,38,6.360,-142.12,6.70,20,1
P001,HRTF_B,38,6.373,-141.69,6.64,20,1
P001,HRTF_B,38,6.387,-141.27,6.54,20,1
P001,HRTF_B,38,6.401,-140.85,6.39,20,1
P001,HRTF_B,38,6.415,-140.45,6.28,20,1
P001,HRTF_B,38,6.429,-140.01,6.14,20,1
P001,HRTF_B,38,6.443,-139.59,5.99,20,1
P001,HRTF_B,38,6.457,-139.19,5.84,20,1
P001,HRTF_B,38,6.470,-138.86,5.59,20,1
P001,HRTF_B,38,6.484,-138.60,5.30,20,1
P001,HRTF_B,38,6.498,-138.34,5.06,20,1
P001,HRTF_B,38,6.512,-138.13,4.82,20,1
P001,HRTF_B,38,6.526,-137.93,4.60,20,1
P001,HRTF_B,38,6.540,-137.77,4.42,20,1
P001,HRTF_B,38,6.554,-137.64,4.22,20,1
P001,HRTF_B,38,6.568,-137.69,3.98,20,1
P001,HRTF_B,38,6.582,-137.74,3.74,20,1
P001,HRTF_B,38,6.596,-137.84,3.37,20,1
P001,HRTF_B,38,6.610,-137.87,2.95,20,1
P001,HRTF_B,38,6.624,-137.92,2.46,20,1
P001,HRTF_B,38,6.637,-137.93,2.00,20,1
P001,HRTF_B,38,6.651,-137.96,1.49,20,1
P001,HRTF_B,38,6.665,-138.04,1.03,20,1
P001,HRTF_B,38,6.679,-138.10,0.54,20,1
P001,HRTF_B,38,6.693,-138.17,0.01,20,1
P001,HRTF_B,38,6.707,-138.26,-0.56,20,1
P001,HRTF_B,38,6.721,-138.40,-1.09,20,1
P001,HRTF_B,38,6.735,-138.56,-1.64,20,1
P001,HRTF_B,38,6.748,-138.82,-2.21,20,1
P001,HRTF_B,38,6.762,-139.05,-2.78,20,1
P001,HRTF_B,38,6.776,-139.28,-3.30,20,1
P001,HRTF_B,38,6.792,-139.49,-3.77,20,1
P001,HRTF_B,38,6.805,-139.66,-4.21,20,1
P001,HRTF_B,38,6.819,-139.76,-4.62,20,1
P001,HRTF_B,38,6.833,-139.85,-4.97,20,1
P001,HRTF_B,38,6.846,-139.84,-5.30,20,1
P001,HRTF_B,38,6.860,-139.73,-5.60,20,1
P001,HRTF_B,38,6.874,-139.58,-5.96,20,1
P001,HRTF_B,38,6.887,-139.28,-6.32,20,1
P001,HRTF_B,38,6.901,-138.99,-6.67,20,1
P001,HRTF_B,38,6.915,-138.67,-7.03,20,1
P001,HRTF_B,38,6.929,-138.19,-7.47,20,1
P001,HRTF_B,38,6.943,-137.69,-7.84,20,1
P001,HRTF_B,38,6.957,-137.22,-8.25,20,1
P001,HRTF_B,38,6.971,-136.66,-8.74,20,1
P001,HRTF_B,38,6.984,-136.10,-9.16,20,1
P001,HRTF_B,38,6.999,-135.56,-9.62,20,1
P001,HRTF_B,38,7.012,-135.00,-10.06,20,1
P001,HRTF_B,38,7.026,-134.40,-10.47,20,1
P001,HRTF_B,39,0.014,-16.18,2.48,13,1
P001,HRTF_B,39,0.030,-16.04,2.38,13,1
P001,HRTF_B,39,0.042,-15.92,2.14,13,1
P001,HRTF_B,39,0.056,-15.82,1.87,13,1
P001,HRTF_B,39,0.070,-15.78,1.53,13,1
P001,HRTF_B,39,0.084,-15.73,1.24,13,1
P001,HRTF_B,39,0.098,-15.68,0.97,13,1
P001,HRTF_B,39,0.115,-15.66,0.67,13,1
P001,HRTF_B,39,0.126,-15.63,0.42,13,1
P001,HRTF_B,39,0.139,-15.58,0.19,13,1
P001,HRTF_B,39,0.153,-15.53,-0.02,13,1
P001,HRTF_B,39,0.167,-15.45,-0.13,13,1
P001,HRTF_B,39,0.181,-15.36,-0.28,13,1
P001,HRTF_B,39,0.195,-15.25,-0.49,13,1
P001,HRTF_B,39,0.209,-15.13,-0.71,13,1
P001,HRTF_B,39,0.223,-14.96,-0.88,13,1
P001,HRTF_B,39,0.237,-14.78,-0.97,13,1
P001,HRTF_B,39,0.250,-14.53,-1.02,13,1
P001,HRTF_B,39,0.264,-14.25,-1.04,13,1
P001,HRTF_B,39,0.278,-13.95,-1.09,13,1
P001,HRTF_B,39,0.292,-13.62,-1.16,13,1
P001,HRTF_B,39,0.306,-13.19,-1.23,13,1
P001,HRTF_B,39,0.320,-12.76,-1.30,13,1
P001,HRTF_B,39,0.334,-12.27,-1.37,13,1
P001,HRTF_B,39,0.348,-11.58,-1.50,13,1
P001,HRTF_B,39,0.362,-10.90,-1.65,13,1
P001,HRTF_B,39,0.375,-10.00,-1.83,13,1
P001,HRTF_B,39,0.389,-9.10,-2.03,13,1
P001,HRTF_B,39,0.404,-7.98,-2.22,13,1
P001,HRTF_B,39,0.417,-6.80,-2.42,13,1
P001,HRTF_B,39,0.431,-5.55,-2.64,13,1
P001,HRTF_B,39,0.445,-4.09,-2.88,13,1
P001,HRTF_B,39,0.459,-2.64,-3.07,13,1
P001,HRTF_B,39,0.473,-1.08,-3.40,13,1
P001,HRTF_B,39,0.487,0.53,-3.67,13,1
P001,HRTF_B,39,0.501,2.27,-3.91,13,1
P001,HRTF_B,39,0.514,4.00,-4.18,13,1
P001,HRTF_B,39,0.528,5.75,-4.44,13,1
P001,HRTF_B,39,0.542,7.46,-4.69,13,1
P001,HRTF_B,39,0.556,9.20,-4.96,13,1
P001,HRTF_B,39,0.570,11.01,-5.21,13,1
P001,HRTF_B,39,0.584,12.72,-5.52,13,1
P001,HRTF_B,39,0.598,14.51,-5.81,13,1
P001,HRTF_B,39,0.612,16.31,-6.17,13,1
P001,HRTF_B,39,0.626,18.10,-6.55,13,1
P001,HRTF_B,39,0.639,19.88,-6.78,13,1
P001,HRTF_B,39,0.653,21.55,-7.06,13,1
P001,HRTF_B,39,0.667,23.25,-7.23,13,1
P001,HRTF_B,39,0.681,24.91,-7.48,13,1
P001,HRTF_B,39,0.695,26.57,-7.74,13,1
P001,HRTF_B,39,0.709,28.18,-8.05,13,1
P001,HRTF_B,39,0.723,29.65,-8.37,13,1
P001,HRTF_B,39,0.737,31.01,-8.59,13,1
P001,HRTF_B,39,0.751,32.33,-8.81,13,1
P001,HRTF_B,39,0.764,33.50,-8.91,13,1
P001,HRTF_B,39,0.778,34.73,-9.01,13,1
P001,HRTF_B,39,0.792,35.86,-9.08,13,1
P001,HRTF_B,39,0.806,37.03,-9.02,13,1
P001,HRTF_B,39,0.820,38.10,-8.98,13,1
P001,HRTF_B,39,0.834,39.06,-8.80,13,1
P001,HRTF_B,39,0.848,40.01,-8.55,13,1
P001,HRTF_B,39,0.862,40.90,-8.41,13,1
P001,HRTF_B,39,0.875,41.80,-8.28,13,1
P001,HRTF_B,39,0.889,42.70,-8.26,13,1
P001,HRTF_B,39,0.903,43.53,-8.21,13,1
P001,HRTF_B,39,0.917,44.40,-8.16,13,1
P001,HRTF_B,39,0.931,45.25,-8.16,13,1
P001,HRTF_B,39,0.945,46.12,-8.13,13,1
P001,HRTF_B,39,0.959,47.04,-8.15,13,1
P001,HRTF_B,39,0.973,47.94,-8.18,13,1
P001,HRTF_B,39,0.987,48.81,-8.19,13,1
P001,HRTF_B,39,1.000,49.67,-8.14,13,1
P001,HRTF_B,39,1.014,50.50,-8.08,13,1
P001,HRTF_B,39,1.028,51.32,-8.06,13,1
P001,HRTF_B,39,1.042,52.17,-8.01,13,1
P001,HRTF_B,39,1.056,52.96,-8.04,13,1
P001,HRTF_B,39,1.070,53.78,-7.96,13,1
P001,HRTF_B,39,1.084,54.52,-7.98,13,1
P001,HRTF_B,39,1.098,55.26,-7.94,13,1
P001,HRTF_B,39,1.112,55.99,-7.88,13,1
P001,HRTF_B,39,1.126,56.71,-7.89,13,1
P001,HRTF_B,39,1.139,57.46,-7.88,13,1
P001,HRTF_B,39,1.153,58.16,-7.85,13,1
P001,HRTF_B,39,1.167,58.86,-7.99,13,1
P001,HRTF_B,39,1.182,59.53,-8.04,13,1
P001,HRTF_B,39,1.195,60.23,-8.12,13,1
P001,HRTF_B,39,1.209,60.89,-8.20,13,1
P001,HRTF_B,39,1.223,61.54,-8.32,13,1
P001,HRTF_B,39,1.237,62.18,-8.41,13,1
P001,HRTF_B,39,1.250,62.83,-8.51,13,1
P001,HRTF_B,39,1.264,63.43,-8.57,13,1
P001,HRTF_B,39,1.278,64.07,-8.63,13,1
P001,HRTF_B,39,1.292,64.68,-8.63,13,1
P001,HRTF_B,39,1.306,65.32,-8.61,13,1
P001,HRTF_B,39,1.320,65.99,-8.60,13,1
P001,HRTF_B,39,1.334,66.67,-8.64,13,1
P001,HRTF_B,39,1.348,67.44,-8.77,13,1
P001,HRTF_B,39,1.362,68.26,-8.84,13,1
P001,HRTF_B,39,1.375,69.15,-8.91,13,1
P001,HRTF_B,39,1.389,70.06,-8.96,13,1
P001,HRTF_B,39,1.403,70.99,-8.99,13,1
P001,HRTF_B,39,1.417,71.95,-8.96,13,1
P001,HRTF_B,39,1.431,72.99,-8.91,13,1
P001,HRTF_B,39,1.445,74.01,-8.87,13,1
P001,HRTF_B,39,1.459,75.10,-8.77,13,1
P001,HRTF_B,39,1.473,76.21,-8.65,13,1
P001,HRTF_B,39,1.487,77.33,-8.50,13,1
P001,HRTF_B,39,1.501,78.44,-8.34,13,1
P001,HRTF_B,39,1.514,79.53,-8.13,13,1
P001,HRTF_B,39,1.528,80.64,-7.95,13,1
P001,HRTF_B,39,1.542,81.76,-7.74,13,1
P001,HRTF_B,39,1.556,82.88,-7.59,13,1
P001,HRTF_B,39,1.570,83.97,-7.43,13,1
P001,HRTF_B,39,1.584,85.06,-7.25,13,1
P001,HRTF_B,39,1.598,86.09,-7.04,13,1
P001,HRTF_B,39,1.612,87.09,-6.77,13,1
P001,HRTF_B,39,1.625,88.16,-6.49,13,1
P001,HRTF_B,39,1.639,89.21,-6.34,13,1
P001,HRTF_B,39,1.653,90.26,-6.17,13,1
P001,HRTF_B,39,1.667,91.23,-6.00,13,1
P001,HRTF_B,39,1.681,92.19,-5.91,13,1
P001,HRTF_B,39,1.695,93.12,-5.75,13,1
P001,HRTF_B,39,1.709,94.07,-5.63,13,1
P001,HRTF_B,39,1.723,94.87,-5.55,13,1
P001,HRTF_B,39,1.737,95.64,-5.51,13,1
P001,HRTF_B,39,1.751,96.31,-5.49,13,1
P001,HRTF_B,39,1.764,96.86,-5.46,13,1
P001,HRTF_B,39,1.778,97.37,-5.41,13,1
P001,HRTF_B,39,1.792,97.75,-5.39,13,1
P001,HRTF_B,39,1.806,98.07,-5.43,13,1
P001,HRTF_B,39,1.820,98.29,-5.49,13,1
P001,HRTF_B,39,1.834,98.44,-5.56,13,1
P001,HRTF_B,39,1.848,98.46,-5.65,13,1
P001,HRTF_B,39,1.862,98.49,-5.72,13,1
P001,HRTF_B,39,1.876,98.36,-5.78,13,1
P001,HRTF_B,39,1.890,98.20,-5.80,13,1
P001,HRTF_B,39,1.903,98.01,-5.82,13,1
P001,HRTF_B,39,1.917,97.84,-5.92,13,1
P001,HRTF_B,39,1.931,97.65,-6.02,13,1
P001,HRTF_B,39,1.945,97.48,-6.11,13,1
P001,HRTF_B,39,1.959,97.36,-6.20,13,1
P001,HRTF_B,39,1.973,97.26,-6.27,13,1
P001,HRTF_B,39,1.987,97.20,-6.30,13,1
P001,HRTF_B,39,2.001,97.17,-6.37,13,1
P001,HRTF_B,39,2.015,97.26,-6.44,13,1
P001,HRTF_B,39,2.029,97.32,-6.47,13,1
P001,HRTF_B,39,2.042,97.38,-6.51,13,1
P001,HRTF_B,39,2.056,97.46,-6.54,13,1
P001,HRTF_B,39,2.070,97.52,-6.56,13,1
P001,HRTF_B,39,2.084,97.57,-6.61,13,1
P001,HRTF_B,39,2.098,97.53,-6.66,13,1
P001,HRTF_B,39,2.112,97.46,-6.69,13,1
P001,HRTF_B,39,2.126,97.32,-6.71,13,1
P001,HRTF_B,39,2.140,97.14,-6.71,13,1
P001,HRTF_B,39,2.154,96.92,-6.67,13,1
P001,HRTF_B,39,2.167,96.65,-6.64,13,1
P001,HRTF_B,39,2.181,96.35,-6.60,13,1
P001,HRTF_B,39,2.195,96.02,-6.59,13,1
P001,HRTF_B,39,2.209,95.63,-6.56,13,1
P001,HRTF_B,39,2.223,95.22,-6.57,13,1
P001,HRTF_B,39,2.237,94.83,-6.58,13,1
P001,HRTF_B,39,2.251,94.44,-6.57,13,1
P001,HRTF_B,39,2.265,94.01,-6.55,13,1
P001,HRTF_B,39,2.279,93.56,-6.53,13,1
P001,HRTF_B,39,2.292,93.12,-6.50,13,1
P001,HRTF_B,39,2.306,92.65,-6.49,13,1
P001,HRTF_B,39,2.320,92.19,-6.51,13,1
P001,HRTF_B,39,2.334,91.75,-6.52,13,1
P001,HRTF_B,39,2.348,91.36,-6.55,13,1
P001,HRTF_B,39,2.362,90.97,-6.54,13,1
P001,HRTF_B,39,2.376,90.59,-6.49,13,1
P001,HRTF_B,39,2.390,90.26,-6.43,13,1
P001,HRTF_B,39,2.404,89.94,-6.38,13,1
P001,HRTF_B,39,2.418,89.61,-6.38,13,1
P001,HRTF_B,39,2.431,89.41,-6.35,13,1
P001,HRTF_B,39,2.445,89.23,-6.34,13,1
P001,HRTF_B,39,2.459,89.07,-6.31,13,1
P001,HRTF_B,39,2.473,89.00,-6.31,13,1
P001,HRTF_B,39,2.487,89.00,-6.29,13,1
P001,HRTF_B,39,2.501,89.06,-6.26,13,1
P001,HRTF_B,39,2.515,89.16,-6.21,13,1
P001,HRTF_B,39,2.529,89.30,-6.16,13,1
P001,HRTF_B,39,2.543,89.54,-6.11,13,1
P001,HRTF_B,39,2.556,89.83,-5.99,13,1
P001,HRTF_B,39,2.570,90.15,-5.77,13,1
P001,HRTF_B,39,2.584,90.48,-5.52,13,1
P001,HRTF_B,39,2.598,90.85,-5.25,13,1
P001,HRTF_B,39,2.612,91.23,-4.99,13,1
P001,HRTF_B,39,2.626,91.71,-5.12,13,1
P001,HRTF_B,39,2.640,92.27,-4.61,13,1
P001,HRTF_B,39,2.654,92.79,-4.23,13,1
P001,HRTF_B,39,2.667,93.29,-3.84,13,1
P001,HRTF_B,39,2.681,93.81,-3.40,13,1
P001,HRTF_B,39,2.695,94.35,-2.97,13,1
P001,HRTF_B,39,2.709,94.87,-2.56,13,1
P001,HRTF_B,39,2.723,95.38,-2.11,13,1
P001,HRTF_B,39,2.737,95.92,-1.66,13,1
P001,HRTF_B,39,2.752,96.44,-1.20,13,1
P001,HRTF_B,39,2.765,96.93,-0.88,13,1
P001,HRTF_B,39,2.779,97.36,-0.60,13,1
P001,HRTF_B,39,2.792,97.80,-0.28,13,1
P001,HRTF_B,39,2.806,98.21,-0.06,13,1
P001,HRTF_B,39,2.820,98.54,0.17,13,1
P001,HRTF_B,39,2.834,98.93,0.41,13,1
P001,HRTF_B,39,2.848,99.27,0.61,13,1
P001,HRTF_B,39,2.862,99.56,0.79,13,1
P001,HRTF_B,39,2.876,99.80,0.91,13,1
P001,HRTF_B,39,2.889,100.09,1.07,13,1
P001,HRTF_B,39,2.903,100.33,1.18,13,1
P001,HRTF_B,39,2.918,100.54,1.32,13,1
P001,HRTF_B,39,2.931,100.71,1.45,13,1
P001,HRTF_B,39,2.945,100.85,1.62,13,1
P001,HRTF_B,39,2.959,100.96,1.70,13,1
P001,HRTF_B,39,2.973,101.10,1.75,13,1
P001,HRTF_B,39,2.987,101.24,1.81,13,1
P001,HRTF_B,39,3.001,101.36,1.88,13,1
P001,HRTF_B,39,3.015,101.48,1.94,13,1
P001,HRTF_B,39,3.029,101.59,2.00,13,1
P001,HRTF_B,39,3.043,101.70,2.04,13,1
P001,HRTF_B,39,3.056,101.82,2.10,13,1
P001,HRTF_B,39,3.070,101.92,2.17,13,1
P001,HRTF_B,39,3.084,102.03,2.23,13,1
P001,HRTF_B,39,3.098,102.12,2.27,13,1
P001,HRTF_B,39,3.112,102.23,2.30,13,1
P001,HRTF_B,39,3.125,102.31,2.33,13,1
P001,HRTF_B,39,3.140,102.36,2.43,13,1
P001,HRTF_B,39,3.154,102.40,2.49,13,1
P001,HRTF_B,39,3.168,102.45,2.56,13,1
P001,HRTF_B,39,3.181,102.53,2.61,13,1
P001,HRTF_B,39,3.195,102.60,2.65,13,1
P001,HRTF_B,39,3.209,102.68,2.68,13,1
P001,HRTF_B,39,3.223,102.77,2.73,13,1
P001,HRTF_B,39,3.237,102.84,2.79,13,1
P001,HRTF_B,39,3.251,102.91,2.86,13,1
P001,HRTF_B,39,3.265,102.96,2.92,13,1
P001,HRTF_B,39,3.278,103.03,2.97,13,1
P001,HRTF_B,39,3.292,103.11,3.03,13,1
P001,HRTF_B,39,3.306,103.18,3.09,13,1
P001,HRTF_B,39,3.320,103.26,3.14,13,1
P001,HRTF_B,39,3.334,103.33,3.18,13,1
P001,HRTF_B,39,3.348,103.40,3.23,13,1
P001,HRTF_B,39,3.362,103.49,3.27,13,1
P001,HRTF_B,39,3.376,103.54,3.28,13,1
P001,HRTF_B,39,3.390,103.57,3.32,13,1
P001,HRTF_B,39,3.404,103.60,3.33,13,1
P001,HRTF_B,39,3.417,103.62,3.37,13,1
P001,HRTF_B,39,3.432,103.60,3.43,13,1
P001,HRTF_B,39,3.445,103.55,3.45,13,1
P001,HRTF_B,39,3.459,103.49,3.47,13,1
P001,HRTF_B,39,3.473,103.42,3.45,13,1
P001,HRTF_B,39,3.487,103.32,3.42,13,1
P001,HRTF_B,39,3.501,103.25,3.38,13,1
P001,HRTF_B,39,3.515,103.18,3.36,13,1
P001,HRTF_B,39,3.529,103.14,3.35,13,1
P001,HRTF_B,39,3.543,103.06,3.32,13,1
P001,HRTF_B,39,3.557,103.00,3.32,13,1
P001,HRTF_B,39,3.570,102.94,3.33,13,1
P001,HRTF_B,39,3.584,102.93,3.33,13,1
P001,HRTF_B,39,3.598,102.91,3.29,13,1
P001,HRTF_B,39,3.612,102.91,3.29,13,1
P001,HRTF_B,39,3.626,102.90,3.25,13,1
P001,HRTF_B,39,3.640,102.88,3.23,13,1
P001,HRTF_B,39,3.654,102.85,3.22,13,1
P001,HRTF_B,39,3.667,102.82,3.17,13,1
P001,HRTF_B,39,3.681,102.78,3.12,13,1
P001,HRTF_B,39,3.696,102.75,3.09,13,1
P001,HRTF_B,39,3.709,102.73,3.05,13,1
P001,HRTF_B,39,3.723,102.71,3.01,13,1
P001,HRTF_B,39,3.737,102.69,2.94,13,1
P001,HRTF_B,39,3.751,102.68,2.88,13,1
P001,HRTF_B,39,3.765,102.63,2.82,13,1
P001,HRTF_B,39,3.779,102.57,2.79,13,1
P001,HRTF_B,39,3.792,102.53,2.74,13,1
P001,HRTF_B,39,3.806,102.50,2.66,13,1
P001,HRTF_B,39,3.820,102.49,2.60,13,1
P001,HRTF_B,39,3.834,102.49,2.55,13,1
P001,HRTF_B,39,3.849,102.48,2.55,13,1
P001,HRTF_B,39,3.862,102.48,2.55,13,1
P001,HRTF_B,39,3.876,102.46,2.51,13,1
P001,HRTF_B,39,3.890,102.46,2.48,13,1
P001,HRTF_B,39,3.904,102.46,2.44,13,1
P001,HRTF_B,39,3.917,102.46,2.42,13,1
P001,HRTF_B,39,3.932,102.44,2.43,13,1
P001,HRTF_B,39,3.945,102.40,2.42,13,1
P001,HRTF_B,39,3.959,102.37,2.41,13,1
P001,HRTF_B,39,3.973,102.35,2.38,13,1
P001,HRTF_B,39,3.987,102.31,2.35,13,1
P001,HRTF_B,39,4.001,102.29,2.35,13,1
P001,HRTF_B,39,4.015,102.26,2.32,13,1
P001,HRTF_B,39,4.028,102.24,2.30,13,1
P001,HRTF_B,39,4.042,102.25,2.26,13,1
P001,HRTF_B,39,4.056,102.25,2.23,13,1
P001,HRTF_B,39,4.071,102.22,2.19,13,1
P001,HRTF_B,39,4.084,102.22,2.15,13,1
P001,HRTF_B,39,4.098,102.19,2.12,13,1
P001,HRTF_B,39,4.112,102.19,2.07,13,1
P001,HRTF_B,39,4.126,102.17,2.03,13,1
P001,HRTF_B,39,4.140,102.14,2.04,13,1
P001,HRTF_B,39,4.153,102.11,2.04,13,1
P001,HRTF_B,39,4.167,102.09,2.05,13,1
P001,HRTF_B,39,4.181,102.08,2.04,13,1
P001,HRTF_B,39,4.195,102.07,2.04,13,1
P001,HRTF_B,39,4.209,102.08,2.04,13,1
P001,HRTF_B,39,4.223,102.08,2.06,13,1
P001,HRTF_B,39,4.237,102.08,2.06,13,1
P001,HRTF_B,39,4.251,102.07,2.06,13,1
P001,HRTF_B,39,4.265,102.08,2.05,13,1
P001,HRTF_B,39,4.278,102.10,2.05,13,1
P001,HRTF_B,39,4.293,102.11,2.07,13,1
P001,HRTF_B,39,4.307,102.11,2.07,13,1
P001,HRTF_B,39,4.320,102.11,2.09,13,1
P001,HRTF_B,39,4.334,102.12,2.09,13,1
P001,HRTF_B,39,4.348,102.15,2.09,13,1
P001,HRTF_B,39,4.362,102.15,2.10,13,1
P001,HRTF_B,39,4.376,102.15,2.07,13,1
P001,HRTF_B,39,4.390,102.15,2.06,13,1
P001,HRTF_B,39,4.403,102.15,2.04,13,1
P001,HRTF_B,39,4.419,102.14,2.03,13,1
P001,HRTF_B,39,4.433,102.13,2.05,13,1
P001,HRTF_B,39,4.446,102.12,2.10,13,1
P001,HRTF_B,39,4.460,102.10,2.11,13,1
P001,HRTF_B,39,4.474,102.10,2.10,13,1
P001,HRTF_B,39,4.488,102.08,2.11,13,1
P001,HRTF_B,39,4.501,102.08,2.11,13,1
P001,HRTF_B,39,4.515,102.07,2.13,13,1
P001,HRTF_B,39,4.529,102.06,2.14,13,1
P001,HRTF_B,39,4.542,102.07,2.14,13,1
P001,HRTF_B,39,4.557,102.07,2.12,13,1
P001,HRTF_B,39,4.570,102.07,2.09,13,1
P001,HRTF_B,39,4.584,102.08,2.06,13,1
P001,HRTF_B,39,4.598,102.07,2.02,13,1
P001,HRTF_B,39,4.612,102.06,2.01,13,1
P001,HRTF_B,39,4.625,102.03,2.01,13,1
