ParticipantID,Phase,Trial,TimeStamp_sec,Yaw_deg,Pitch_deg,TargetNumber,isCorrect
P008,HRTF_A,0,0.013,3.42,-1.15,12,1
P008,HRTF_A,0,0.027,3.43,-1.16,12,1
P008,HRTF_A,0,0.041,3.43,-1.16,12,1
P008,HRTF_A,0,0.055,3.44,-1.16,12,1
P008,HRTF_A,0,0.069,3.44,-1.15,12,1
P008,HRTF_A,0,0.083,3.45,-1.14,12,1
P008,HRTF_A,0,0.097,3.45,-1.13,12,1
P008,HRTF_A,0,0.111,3.46,-1.13,12,1
P008,HRTF_A,0,0.125,3.46,-1.14,12,1
P008,HRTF_A,0,0.139,3.44,-1.17,12,1
P008,HRTF_A,0,0.152,3.43,-1.18,12,1
P008,HRTF_A,0,0.166,3.41,-1.18,12,1
P008,HRTF_A,0,0.18,3.41,-1.17,12,1
P008,HRTF_A,0,0.194,3.42,-1.15,12,1
P008,HRTF_A,0,0.208,3.43,-1.15,12,1
P008,HRTF_A,0,0.222,3.43,-1.14,12,1
P008,HRTF_A,0,0.236,3.44,-1.13,12,1
P008,HRTF_A,0,0.25,3.44,-1.12,12,1
P008,HRTF_A,0,0.263,3.47,-1.12,12,1
P008,HRTF_A,0,0.277,3.49,-1.13,12,1
P008,HRTF_A,0,0.291,3.51,-1.12,12,1
P008,HRTF_A,0,0.306,3.53,-1.13,12,1
P008,HRTF_A,0,0.319,3.54,-1.13,12,1
P008,HRTF_A,0,0.333,3.55,-1.14,12,1
P008,HRTF_A,0,0.347,3.55,-1.15,12,1
P008,HRTF_A,0,0.361,3.55,-1.15,12,1
P008,HRTF_A,0,0.375,3.55,-1.16,12,1
P008,HRTF_A,0,0.389,3.55,-1.16,12,1
P008,HRTF_A,0,0.402,3.55,-1.17,12,1
P008,HRTF_A,0,0.417,3.54,-1.18,12,1
P008,HRTF_A,0,0.431,3.53,-1.18,12,1
P008,HRTF_A,0,0.444,3.52,-1.19,12,1
P008,HRTF_A,0,0.458,3.52,-1.19,12,1
P008,HRTF_A,0,0.472,3.52,-1.19,12,1
P008,HRTF_A,0,0.486,3.53,-1.18,12,1
P008,HRTF_A,0,0.5,3.53,-1.18,12,1
P008,HRTF_A,0,0.513,3.54,-1.17,12,1
P008,HRTF_A,0,0.527,3.56,-1.18,12,1
P008,HRTF_A,0,0.541,3.58,-1.19,12,1
P008,HRTF_A,0,0.556,3.62,-1.2,12,1
P008,HRTF_A,0,0.569,3.66,-1.22,12,1
P008,HRTF_A,0,0.583,3.75,-1.3,12,1
P008,HRTF_A,0,0.597,3.96,-1.4,12,1
P008,HRTF_A,0,0.61,4.25,-1.53,12,1
P008,HRTF_A,0,0.625,4.57,-1.66,12,1
P008,HRTF_A,0,0.639,4.92,-1.78,12,1
P008,HRTF_A,0,0.652,5.29,-1.89,12,1
P008,HRTF_A,0,0.666,5.71,-2.02,12,1
P008,HRTF_A,0,0.68,6.19,-2.16,12,1
P008,HRTF_A,0,0.694,6.68,-2.26,12,1
P008,HRTF_A,0,0.708,7.23,-2.37,12,1
P008,HRTF_A,0,0.722,7.89,-2.49,12,1
P008,HRTF_A,0,0.736,8.69,-2.6,12,1
P008,HRTF_A,0,0.75,9.66,-2.69,12,1
P008,HRTF_A,0,0.764,10.79,-2.75,12,1
P008,HRTF_A,0,0.778,12.1,-2.76,12,1
P008,HRTF_A,0,0.791,13.58,-2.74,12,1
P008,HRTF_A,0,0.805,15.23,-2.7,12,1
P008,HRTF_A,0,0.819,16.99,-2.65,12,1
P008,HRTF_A,0,0.833,18.84,-2.55,12,1
P008,HRTF_A,0,0.847,20.75,-2.39,12,1
P008,HRTF_A,0,0.861,22.71,-2.2,12,1
P008,HRTF_A,0,0.875,24.7,-1.95,12,1
P008,HRTF_A,0,0.889,26.66,-1.65,12,1
P008,HRTF_A,0,0.902,28.61,-1.31,12,1
P008,HRTF_A,0,0.916,30.52,-0.93,12,1
P008,HRTF_A,0,0.93,32.38,-0.48,12,1
P008,HRTF_A,0,0.944,34.14,0.01,12,1
P008,HRTF_A,0,0.958,35.83,0.57,12,1
P008,HRTF_A,0,0.972,37.4,1.14,12,1
P008,HRTF_A,0,0.986,38.86,1.71,12,1
P008,HRTF_A,0,1,40.16,2.31,12,1
P008,HRTF_A,0,1.013,41.32,2.93,12,1
P008,HRTF_A,0,1.027,42.33,3.58,12,1
P008,HRTF_A,0,1.041,43.19,4.26,12,1
P008,HRTF_A,0,1.055,43.88,4.96,12,1
P008,HRTF_A,0,1.069,44.43,5.71,12,1
P008,HRTF_A,0,1.083,44.84,6.46,12,1
P008,HRTF_A,0,1.097,45.13,7.23,12,1
P008,HRTF_A,0,1.111,45.35,7.98,12,1
P008,HRTF_A,0,1.124,45.45,8.77,12,1
P008,HRTF_A,0,1.138,45.48,9.57,12,1
P008,HRTF_A,0,1.152,45.4,10.37,12,1
P008,HRTF_A,0,1.166,45.27,11.16,12,1
P008,HRTF_A,0,1.18,45.1,11.9,12,1
P008,HRTF_A,0,1.194,44.9,12.61,12,1
P008,HRTF_A,0,1.208,44.65,13.27,12,1
P008,HRTF_A,0,1.222,44.39,13.88,12,1
P008,HRTF_A,0,1.236,44.12,14.45,12,1
P008,HRTF_A,0,1.249,43.81,14.99,12,1
P008,HRTF_A,0,1.263,43.49,15.53,12,1
P008,HRTF_A,0,1.277,43.2,16.03,12,1
P008,HRTF_A,0,1.291,42.95,16.46,12,1
P008,HRTF_A,0,1.305,42.75,16.84,12,1
P008,HRTF_A,0,1.319,42.57,17.2,12,1
P008,HRTF_A,0,1.333,42.46,17.55,12,1
P008,HRTF_A,0,1.347,42.41,17.9,12,1
P008,HRTF_A,0,1.361,42.5,18.22,12,1
P008,HRTF_A,0,1.375,42.7,18.55,12,1
P008,HRTF_A,0,1.389,43.06,18.83,12,1
P008,HRTF_A,0,1.402,43.52,19.08,12,1
P008,HRTF_A,0,1.416,44.15,19.27,12,1
P008,HRTF_A,0,1.43,44.93,19.44,12,1
P008,HRTF_A,0,1.444,45.84,19.53,12,1
P008,HRTF_A,0,1.458,46.91,19.57,12,1
P008,HRTF_A,0,1.472,48.09,19.54,12,1
P008,HRTF_A,0,1.486,49.39,19.44,12,1
P008,HRTF_A,0,1.5,50.83,19.28,12,1
P008,HRTF_A,0,1.514,52.38,19.03,12,1
P008,HRTF_A,0,1.527,54.03,18.8,12,1
P008,HRTF_A,0,1.541,55.81,18.58,12,1
P008,HRTF_A,0,1.555,57.69,18.4,12,1
P008,HRTF_A,0,1.569,59.64,18.26,12,1
P008,HRTF_A,0,1.583,61.63,18.13,12,1
P008,HRTF_A,0,1.597,63.63,18.03,12,1
P008,HRTF_A,0,1.611,65.6,17.94,12,1
P008,HRTF_A,0,1.625,67.52,17.88,12,1
P008,HRTF_A,0,1.638,69.34,17.8,12,1
P008,HRTF_A,0,1.652,71.09,17.67,12,1
P008,HRTF_A,0,1.666,72.75,17.47,12,1
P008,HRTF_A,0,1.68,74.29,17.19,12,1
P008,HRTF_A,0,1.695,75.72,16.93,12,1
P008,HRTF_A,0,1.708,77.02,16.64,12,1
P008,HRTF_A,0,1.722,78.22,16.36,12,1
P008,HRTF_A,0,1.736,79.36,16.05,12,1
P008,HRTF_A,0,1.75,80.43,15.62,12,1
P008,HRTF_A,0,1.764,81.46,15.18,12,1
P008,HRTF_A,0,1.778,82.47,14.75,12,1
P008,HRTF_A,0,1.791,83.45,14.31,12,1
P008,HRTF_A,0,1.805,84.46,13.82,12,1
P008,HRTF_A,0,1.82,85.48,13.27,12,1
P008,HRTF_A,0,1.833,86.53,12.66,12,1
P008,HRTF_A,0,1.847,87.58,11.99,12,1
P008,HRTF_A,0,1.861,88.66,11.3,12,1
P008,HRTF_A,0,1.875,89.74,10.54,12,1
P008,HRTF_A,0,1.889,90.85,9.74,12,1
P008,HRTF_A,0,1.902,91.97,8.89,12,1
P008,HRTF_A,0,1.916,93.12,7.99,12,1
P008,HRTF_A,0,1.931,94.29,7.11,12,1
P008,HRTF_A,0,1.944,95.46,6.19,12,1
P008,HRTF_A,0,1.958,96.64,5.25,12,1
P008,HRTF_A,0,1.972,97.79,4.31,12,1
P008,HRTF_A,0,1.986,98.94,3.45,12,1
P008,HRTF_A,0,2,100.03,2.69,12,1
P008,HRTF_A,0,2.014,101.1,2.06,12,1
P008,HRTF_A,0,2.028,102.1,1.5,12,1
P008,HRTF_A,0,2.041,103.09,0.98,12,1
P008,HRTF_A,0,2.055,103.98,0.53,12,1
P008,HRTF_A,0,2.069,104.84,0.13,12,1
P008,HRTF_A,0,2.083,105.63,-0.14,12,1
P008,HRTF_A,0,2.097,106.39,-0.24,12,1
P008,HRTF_A,0,2.111,107.09,-0.23,12,1
P008,HRTF_A,0,2.125,107.72,-0.1,12,1
P008,HRTF_A,0,2.139,108.29,0.13,12,1
P008,HRTF_A,0,2.153,108.82,0.49,12,1
P008,HRTF_A,0,2.166,109.32,1.01,12,1
P008,HRTF_A,0,2.18,109.79,1.67,12,1
P008,HRTF_A,0,2.194,110.25,2.51,12,1
P008,HRTF_A,0,2.208,110.68,3.48,12,1
P008,HRTF_A,0,2.222,111.09,4.58,12,1
P008,HRTF_A,0,2.236,111.46,5.85,12,1
P008,HRTF_A,0,2.25,111.79,7.17,12,1
P008,HRTF_A,0,2.264,112.13,8.52,12,1
P008,HRTF_A,0,2.277,112.45,9.83,12,1
P008,HRTF_A,0,2.291,112.79,11.14,12,1
P008,HRTF_A,0,2.305,113.18,12.42,12,1
P008,HRTF_A,0,2.319,113.62,13.65,12,1
P008,HRTF_A,0,2.333,114.11,14.83,12,1
P008,HRTF_A,0,2.347,114.66,15.96,12,1
P008,HRTF_A,0,2.361,115.27,16.93,12,1
P008,HRTF_A,0,2.375,115.95,17.79,12,1
P008,HRTF_A,0,2.389,116.71,18.45,12,1
P008,HRTF_A,0,2.402,117.57,19.03,12,1
P008,HRTF_A,0,2.416,118.5,19.54,12,1
P008,HRTF_A,0,2.43,119.47,19.97,12,1
P008,HRTF_A,0,2.444,120.49,20.36,12,1
P008,HRTF_A,0,2.458,121.54,20.72,12,1
P008,HRTF_A,0,2.472,122.62,20.99,12,1
P008,HRTF_A,0,2.486,123.64,21.24,12,1
P008,HRTF_A,0,2.5,124.62,21.44,12,1
P008,HRTF_A,0,2.514,125.56,21.62,12,1
P008,HRTF_A,0,2.527,126.44,21.82,12,1
P008,HRTF_A,0,2.541,127.23,22.01,12,1
P008,HRTF_A,0,2.555,127.94,22.2,12,1
P008,HRTF_A,0,2.569,128.6,22.38,12,1
P008,HRTF_A,0,2.583,129.18,22.53,12,1
P008,HRTF_A,0,2.597,129.73,22.65,12,1
P008,HRTF_A,0,2.611,130.25,22.78,12,1
P008,HRTF_A,0,2.625,130.77,22.95,12,1
P008,HRTF_A,0,2.639,131.32,23.15,12,1
P008,HRTF_A,0,2.653,131.94,23.39,12,1
P008,HRTF_A,0,2.666,132.59,23.64,12,1
P008,HRTF_A,0,2.68,133.31,23.91,12,1
P008,HRTF_A,0,2.694,134.05,24.21,12,1
P008,HRTF_A,0,2.708,134.81,24.58,12,1
P008,HRTF_A,0,2.722,135.55,25.01,12,1
P008,HRTF_A,0,2.736,136.21,25.5,12,1
P008,HRTF_A,0,2.75,136.83,26.03,12,1
P008,HRTF_A,0,2.764,137.34,26.6,12,1
P008,HRTF_A,0,2.778,137.76,27.17,12,1
P008,HRTF_A,0,2.791,138.04,27.73,12,1
P008,HRTF_A,0,2.805,138.21,28.31,12,1
P008,HRTF_A,0,2.819,138.22,28.8,12,1
P008,HRTF_A,0,2.833,138.13,29.22,12,1
P008,HRTF_A,0,2.847,137.96,29.57,12,1
P008,HRTF_A,0,2.861,137.77,29.87,12,1
P008,HRTF_A,0,2.875,137.5,30.1,12,1
P008,HRTF_A,0,2.889,137.23,30.28,12,1
P008,HRTF_A,0,2.903,136.96,30.39,12,1
P008,HRTF_A,0,2.916,136.74,30.46,12,1
P008,HRTF_A,0,2.93,136.57,30.45,12,1
P008,HRTF_A,0,2.944,136.49,30.4,12,1
P008,HRTF_A,0,2.958,136.47,30.32,12,1
P008,HRTF_A,0,2.972,136.5,30.2,12,1
P008,HRTF_A,0,2.986,136.56,30.1,12,1
P008,HRTF_A,0,2.999,136.64,29.99,12,1
P008,HRTF_A,0,3.013,136.75,29.89,12,1
P008,HRTF_A,0,3.028,136.86,29.77,12,1
P008,HRTF_A,0,3.042,136.97,29.64,12,1
P008,HRTF_A,0,3.055,137.04,29.52,12,1
P008,HRTF_A,0,3.069,137.08,29.41,12,1
P008,HRTF_A,0,3.083,137.07,29.3,12,1
P008,HRTF_A,0,3.097,137,29.19,12,1
P008,HRTF_A,0,3.111,136.92,29.07,12,1
P008,HRTF_A,0,3.125,136.82,28.96,12,1
P008,HRTF_A,0,3.139,136.69,28.84,12,1
P008,HRTF_A,0,3.152,136.54,28.73,12,1
P008,HRTF_A,0,3.166,136.4,28.61,12,1
P008,HRTF_A,0,3.18,136.25,28.48,12,1
P008,HRTF_A,0,3.194,136.09,28.34,12,1
P008,HRTF_A,0,3.208,135.93,28.18,12,1
P008,HRTF_A,0,3.222,135.76,28.02,12,1
P008,HRTF_A,0,3.236,135.59,27.85,12,1
P008,HRTF_A,0,3.25,135.43,27.68,12,1
P008,HRTF_A,0,3.264,135.29,27.5,12,1
P008,HRTF_A,0,3.278,135.17,27.32,12,1
P008,HRTF_A,0,3.291,135.05,27.16,12,1
P008,HRTF_A,0,3.305,134.95,26.98,12,1
P008,HRTF_A,0,3.319,134.86,26.8,12,1
P008,HRTF_A,0,3.333,134.8,26.6,12,1
P008,HRTF_A,0,3.347,134.75,26.42,12,1
P008,HRTF_A,0,3.361,134.71,26.28,12,1
P008,HRTF_A,0,3.375,134.7,26.21,12,1
P008,HRTF_A,0,3.389,134.68,26.14,12,1
P008,HRTF_A,0,3.402,134.65,26.07,12,1
P008,HRTF_A,0,3.417,134.62,25.99,12,1
P008,HRTF_A,0,3.43,134.59,25.9,12,1
P008,HRTF_A,0,3.444,134.55,25.82,12,1
P008,HRTF_A,0,3.458,134.51,25.75,12,1
P008,HRTF_A,0,3.472,134.49,25.71,12,1
P008,HRTF_A,0,3.486,134.48,25.68,12,1
P008,HRTF_A,0,3.5,134.48,25.66,12,1
P008,HRTF_A,0,3.514,134.49,25.66,12,1
P008,HRTF_A,0,3.528,134.51,25.66,12,1
P008,HRTF_A,0,3.542,134.52,25.64,12,1
P008,HRTF_A,0,3.556,134.54,25.58,12,1
P008,HRTF_A,1,0.014,-1.01,-0.42,9,1
P008,HRTF_A,1,0.028,-0.87,-0.42,9,1
P008,HRTF_A,1,0.042,-0.71,-0.41,9,1
P008,HRTF_A,1,0.056,-0.56,-0.41,9,1
P008,HRTF_A,1,0.07,-0.4,-0.42,9,1
P008,HRTF_A,1,0.083,-0.25,-0.44,9,1
P008,HRTF_A,1,0.098,-0.12,-0.49,9,1
P008,HRTF_A,1,0.112,0.02,-0.54,9,1
P008,HRTF_A,1,0.125,0.17,-0.58,9,1
P008,HRTF_A,1,0.139,0.33,-0.63,9,1
P008,HRTF_A,1,0.153,0.48,-0.67,9,1
P008,HRTF_A,1,0.167,0.63,-0.71,9,1
P008,HRTF_A,1,0.181,0.77,-0.78,9,1
P008,HRTF_A,1,0.194,0.91,-0.91,9,1
P008,HRTF_A,1,0.208,1.04,-1.05,9,1
P008,HRTF_A,1,0.222,1.16,-1.21,9,1
P008,HRTF_A,1,0.237,1.27,-1.35,9,1
P008,HRTF_A,1,0.251,1.37,-1.49,9,1
P008,HRTF_A,1,0.264,1.47,-1.62,9,1
P008,HRTF_A,1,0.278,1.56,-1.72,9,1
P008,HRTF_A,1,0.292,1.63,-1.83,9,1
P008,HRTF_A,1,0.306,1.68,-1.95,9,1
P008,HRTF_A,1,0.32,1.71,-2.08,9,1
P008,HRTF_A,1,0.334,1.74,-2.24,9,1
P008,HRTF_A,1,0.348,1.74,-2.41,9,1
P008,HRTF_A,1,0.362,1.73,-2.59,9,1
P008,HRTF_A,1,0.375,1.7,-2.81,9,1
P008,HRTF_A,1,0.389,1.65,-3.03,9,1
P008,HRTF_A,1,0.403,1.58,-3.23,9,1
P008,HRTF_A,1,0.417,1.46,-3.41,9,1
P008,HRTF_A,1,0.431,1.3,-3.59,9,1
P008,HRTF_A,1,0.445,1.11,-3.74,9,1
P008,HRTF_A,1,0.459,0.91,-3.86,9,1
P008,HRTF_A,1,0.473,0.66,-3.97,9,1
P008,HRTF_A,1,0.486,0.34,-4.05,9,1
P008,HRTF_A,1,0.5,-0.04,-4.09,9,1
P008,HRTF_A,1,0.514,-0.49,-4.08,9,1
P008,HRTF_A,1,0.528,-1.05,-4.06,9,1
P008,HRTF_A,1,0.542,-1.79,-4,9,1
P008,HRTF_A,1,0.556,-2.74,-3.93,9,1
P008,HRTF_A,1,0.57,-3.81,-3.81,9,1
P008,HRTF_A,1,0.584,-4.91,-3.65,9,1
P008,HRTF_A,1,0.598,-6.09,-3.45,9,1
P008,HRTF_A,1,0.611,-7.44,-3.25,9,1
P008,HRTF_A,1,0.625,-8.94,-3.06,9,1
P008,HRTF_A,1,0.639,-10.59,-2.86,9,1
P008,HRTF_A,1,0.653,-12.36,-2.67,9,1
P008,HRTF_A,1,0.667,-14.31,-2.51,9,1
P008,HRTF_A,1,0.681,-16.4,-2.38,9,1
P008,HRTF_A,1,0.695,-18.6,-2.28,9,1
P008,HRTF_A,1,0.709,-20.85,-2.17,9,1
P008,HRTF_A,1,0.723,-23.1,-2.09,9,1
P008,HRTF_A,1,0.737,-25.37,-2.02,9,1
P008,HRTF_A,1,0.75,-27.55,-1.95,9,1
P008,HRTF_A,1,0.764,-29.63,-1.84,9,1
P008,HRTF_A,1,0.778,-31.55,-1.69,9,1
P008,HRTF_A,1,0.792,-33.32,-1.47,9,1
P008,HRTF_A,1,0.806,-34.91,-1.23,9,1
P008,HRTF_A,1,0.82,-36.31,-1,9,1
P008,HRTF_A,1,0.834,-37.54,-0.76,9,1
P008,HRTF_A,1,0.848,-38.59,-0.6,9,1
P008,HRTF_A,1,0.861,-39.48,-0.54,9,1
P008,HRTF_A,1,0.876,-40.22,-0.64,9,1
P008,HRTF_A,1,0.89,-40.78,-0.79,9,1
P008,HRTF_A,1,0.904,-41.22,-0.97,9,1
P008,HRTF_A,1,0.917,-41.48,-1.21,9,1
P008,HRTF_A,1,0.931,-41.59,-1.57,9,1
P008,HRTF_A,1,0.945,-41.53,-2.06,9,1
P008,HRTF_A,1,0.959,-41.3,-2.68,9,1
P008,HRTF_A,1,0.973,-40.96,-3.37,9,1
P008,HRTF_A,1,0.987,-40.47,-4.07,9,1
P008,HRTF_A,1,1,-39.85,-4.81,9,1
P008,HRTF_A,1,1.014,-39.08,-5.68,9,1
P008,HRTF_A,1,1.028,-38.12,-6.7,9,1
P008,HRTF_A,1,1.042,-37.08,-7.72,9,1
P008,HRTF_A,1,1.056,-35.94,-8.72,9,1
P008,HRTF_A,1,1.07,-34.69,-9.72,9,1
P008,HRTF_A,1,1.084,-33.4,-10.77,9,1
P008,HRTF_A,1,1.098,-31.99,-11.69,9,1
P008,HRTF_A,1,1.111,-30.61,-12.54,9,1
P008,HRTF_A,1,1.125,-29.16,-13.28,9,1
P008,HRTF_A,1,1.139,-27.68,-13.97,9,1
P008,HRTF_A,1,1.153,-26.17,-14.53,9,1
P008,HRTF_A,1,1.167,-24.65,-14.98,9,1
P008,HRTF_A,1,1.181,-23.04,-15.33,9,1
P008,HRTF_A,1,1.195,-21.39,-15.62,9,1
P008,HRTF_A,1,1.209,-19.67,-15.86,9,1
P008,HRTF_A,1,1.223,-17.84,-16.07,9,1
P008,HRTF_A,1,1.237,-15.92,-16.2,9,1
P008,HRTF_A,1,1.251,-13.9,-16.22,9,1
P008,HRTF_A,1,1.264,-11.76,-16.19,9,1
P008,HRTF_A,1,1.278,-9.41,-16.13,9,1
P008,HRTF_A,1,1.292,-6.91,-15.97,9,1
P008,HRTF_A,1,1.306,-4.25,-15.72,9,1
P008,HRTF_A,1,1.32,-1.45,-15.27,9,1
P008,HRTF_A,1,1.334,1.5,-14.66,9,1
P008,HRTF_A,1,1.348,4.63,-13.9,9,1
P008,HRTF_A,1,1.362,7.88,-13.05,9,1
P008,HRTF_A,1,1.375,11.18,-12.17,9,1
P008,HRTF_A,1,1.389,14.55,-11.21,9,1
P008,HRTF_A,1,1.403,18,-10.19,9,1
P008,HRTF_A,1,1.417,21.47,-9.14,9,1
P008,HRTF_A,1,1.431,24.91,-8.08,9,1
P008,HRTF_A,1,1.445,28.28,-7.01,9,1
P008,HRTF_A,1,1.459,31.59,-5.9,9,1
P008,HRTF_A,1,1.473,34.92,-4.84,9,1
P008,HRTF_A,1,1.487,38.17,-3.74,9,1
P008,HRTF_A,1,1.501,41.36,-2.59,9,1
P008,HRTF_A,1,1.514,44.53,-1.33,9,1
P008,HRTF_A,1,1.528,47.66,0.02,9,1
P008,HRTF_A,1,1.542,50.72,1.45,9,1
P008,HRTF_A,1,1.556,53.72,2.92,9,1
P008,HRTF_A,1,1.57,56.68,4.4,9,1
P008,HRTF_A,1,1.584,59.6,5.91,9,1
P008,HRTF_A,1,1.598,62.4,7.43,9,1
P008,HRTF_A,1,1.612,65.11,8.97,9,1
P008,HRTF_A,1,1.625,67.69,10.55,9,1
P008,HRTF_A,1,1.639,70.14,12.18,9,1
P008,HRTF_A,1,1.653,72.45,13.85,9,1
P008,HRTF_A,1,1.667,74.61,15.52,9,1
P008,HRTF_A,1,1.681,76.65,17.17,9,1
P008,HRTF_A,1,1.695,78.57,18.77,9,1
P008,HRTF_A,1,1.709,80.39,20.26,9,1
P008,HRTF_A,1,1.723,82.12,21.68,9,1
P008,HRTF_A,1,1.736,83.75,22.94,9,1
P008,HRTF_A,1,1.75,85.33,24.09,9,1
P008,HRTF_A,1,1.764,86.9,25.09,9,1
P008,HRTF_A,1,1.778,88.43,25.96,9,1
P008,HRTF_A,1,1.792,89.95,26.76,9,1
P008,HRTF_A,1,1.806,91.44,27.42,9,1
P008,HRTF_A,1,1.82,92.92,27.95,9,1
P008,HRTF_A,1,1.833,94.39,28.36,9,1
P008,HRTF_A,1,1.848,95.87,28.61,9,1
P008,HRTF_A,1,1.861,97.31,28.65,9,1
P008,HRTF_A,1,1.875,98.66,28.44,9,1
P008,HRTF_A,1,1.889,99.86,27.97,9,1
P008,HRTF_A,1,1.903,100.88,27.2,9,1
P008,HRTF_A,1,1.917,101.68,26.26,9,1
P008,HRTF_A,1,1.931,102.27,25.13,9,1
P008,HRTF_A,1,1.945,102.63,23.88,9,1
P008,HRTF_A,1,1.959,102.81,22.42,9,1
P008,HRTF_A,1,1.973,102.86,20.72,9,1
P008,HRTF_A,1,1.986,102.77,18.85,9,1
P008,HRTF_A,1,2,102.58,16.88,9,1
P008,HRTF_A,1,2.014,102.3,14.9,9,1
P008,HRTF_A,1,2.028,101.97,12.94,9,1
P008,HRTF_A,1,2.042,101.58,11.14,9,1
P008,HRTF_A,1,2.056,101.17,9.46,9,1
P008,HRTF_A,1,2.07,100.76,7.97,9,1
P008,HRTF_A,1,2.084,100.33,6.58,9,1
P008,HRTF_A,1,2.098,99.92,5.2,9,1
P008,HRTF_A,1,2.111,99.51,3.81,9,1
P008,HRTF_A,1,2.127,99.11,2.46,9,1
P008,HRTF_A,1,2.139,98.77,1.17,9,1
P008,HRTF_A,1,2.154,98.44,-0.04,9,1
P008,HRTF_A,1,2.168,98.14,-1.22,9,1
P008,HRTF_A,1,2.181,97.88,-2.35,9,1
P008,HRTF_A,1,2.195,97.63,-3.4,9,1
P008,HRTF_A,1,2.209,97.41,-4.39,9,1
P008,HRTF_A,1,2.223,97.17,-5.35,9,1
P008,HRTF_A,1,2.237,96.98,-6.23,9,1
P008,HRTF_A,1,2.251,96.83,-6.99,9,1
P008,HRTF_A,1,2.265,96.71,-7.64,9,1
P008,HRTF_A,1,2.278,96.61,-8.17,9,1
P008,HRTF_A,1,2.292,96.54,-8.63,9,1
P008,HRTF_A,1,2.306,96.47,-9.03,9,1
P008,HRTF_A,1,2.32,96.41,-9.4,9,1
P008,HRTF_A,1,2.334,96.36,-9.85,9,1
P008,HRTF_A,1,2.348,96.28,-10.39,9,1
P008,HRTF_A,1,2.361,96.21,-10.99,9,1
P008,HRTF_A,1,2.376,96.13,-11.59,9,1
P008,HRTF_A,1,2.39,96.05,-12.17,9,1
P008,HRTF_A,1,2.404,95.95,-12.74,9,1
P008,HRTF_A,1,2.417,95.84,-13.28,9,1
P008,HRTF_A,1,2.431,95.7,-13.77,9,1
P008,HRTF_A,1,2.445,95.59,-14.15,9,1
P008,HRTF_A,1,2.459,95.46,-14.47,9,1
P008,HRTF_A,1,2.473,95.34,-14.72,9,1
P008,HRTF_A,1,2.487,95.22,-14.85,9,1
P008,HRTF_A,1,2.501,95.08,-14.87,9,1
P008,HRTF_A,2,0.014,-0.64,-0.18,6,1
P008,HRTF_A,2,0.027,-0.68,-0.24,6,1
P008,HRTF_A,2,0.042,-0.7,-0.29,6,1
P008,HRTF_A,2,0.055,-0.73,-0.34,6,1
P008,HRTF_A,2,0.069,-0.76,-0.37,6,1
P008,HRTF_A,2,0.083,-0.82,-0.4,6,1
P008,HRTF_A,2,0.097,-0.88,-0.41,6,1
P008,HRTF_A,2,0.111,-0.94,-0.43,6,1
P008,HRTF_A,2,0.125,-0.98,-0.42,6,1
P008,HRTF_A,2,0.139,-1.02,-0.41,6,1
P008,HRTF_A,2,0.153,-1.06,-0.4,6,1
P008,HRTF_A,2,0.166,-1.1,-0.42,6,1
P008,HRTF_A,2,0.18,-1.13,-0.49,6,1
P008,HRTF_A,2,0.195,-1.17,-0.63,6,1
P008,HRTF_A,2,0.208,-1.19,-0.78,6,1
P008,HRTF_A,2,0.222,-1.23,-0.93,6,1
P008,HRTF_A,2,0.236,-1.29,-1.11,6,1
P008,HRTF_A,2,0.25,-1.39,-1.31,6,1
P008,HRTF_A,2,0.264,-1.53,-1.52,6,1
P008,HRTF_A,2,0.278,-1.72,-1.78,6,1
P008,HRTF_A,2,0.292,-2.04,-2.12,6,1
P008,HRTF_A,2,0.306,-2.6,-2.55,6,1
P008,HRTF_A,2,0.319,-3.47,-2.98,6,1
P008,HRTF_A,2,0.333,-4.65,-3.41,6,1
P008,HRTF_A,2,0.347,-6.18,-3.83,6,1
P008,HRTF_A,2,0.361,-8.05,-4.23,6,1
P008,HRTF_A,2,0.375,-10.3,-4.57,6,1
P008,HRTF_A,2,0.389,-12.86,-4.81,6,1
P008,HRTF_A,2,0.403,-15.6,-4.94,6,1
P008,HRTF_A,2,0.417,-18.49,-5,6,1
P008,HRTF_A,2,0.431,-21.44,-4.97,6,1
P008,HRTF_A,2,0.444,-24.42,-4.86,6,1
P008,HRTF_A,2,0.458,-27.38,-4.7,6,1
P008,HRTF_A,2,0.472,-30.33,-4.48,6,1
P008,HRTF_A,2,0.486,-33.2,-4.23,6,1
P008,HRTF_A,2,0.5,-35.99,-3.9,6,1
P008,HRTF_A,2,0.514,-38.67,-3.49,6,1
P008,HRTF_A,2,0.528,-41.24,-3.03,6,1
P008,HRTF_A,2,0.542,-43.66,-2.5,6,1
P008,HRTF_A,2,0.556,-45.91,-1.96,6,1
P008,HRTF_A,2,0.57,-47.99,-1.33,6,1
P008,HRTF_A,2,0.583,-49.83,-0.56,6,1
P008,HRTF_A,2,0.597,-51.46,0.28,6,1
P008,HRTF_A,2,0.611,-52.82,1.21,6,1
P008,HRTF_A,2,0.625,-53.87,2.21,6,1
P008,HRTF_A,2,0.639,-54.67,3.3,6,1
P008,HRTF_A,2,0.653,-55.19,4.49,6,1
P008,HRTF_A,2,0.667,-55.43,5.75,6,1
P008,HRTF_A,2,0.681,-55.42,7.06,6,1
P008,HRTF_A,2,0.695,-55.18,8.45,6,1
P008,HRTF_A,2,0.709,-54.7,9.86,6,1
P008,HRTF_A,2,0.722,-54.09,11.25,6,1
P008,HRTF_A,2,0.736,-53.37,12.6,6,1
P008,HRTF_A,2,0.75,-52.55,13.96,6,1
P008,HRTF_A,2,0.764,-51.66,15.32,6,1
P008,HRTF_A,2,0.778,-50.68,16.71,6,1
P008,HRTF_A,2,0.792,-49.63,18.04,6,1
P008,HRTF_A,2,0.805,-48.54,19.3,6,1
P008,HRTF_A,2,0.819,-47.35,20.48,6,1
P008,HRTF_A,2,0.834,-46.09,21.61,6,1
P008,HRTF_A,2,0.847,-44.72,22.64,6,1
P008,HRTF_A,2,0.861,-43.22,23.58,6,1
P008,HRTF_A,2,0.875,-41.53,24.43,6,1
P008,HRTF_A,2,0.889,-39.57,25.13,6,1
P008,HRTF_A,2,0.902,-37.39,25.64,6,1
P008,HRTF_A,2,0.917,-34.97,25.98,6,1
P008,HRTF_A,2,0.931,-32.31,26.15,6,1
P008,HRTF_A,2,0.944,-29.45,26.23,6,1
P008,HRTF_A,2,0.958,-26.33,26.16,6,1
P008,HRTF_A,2,0.973,-23.07,26,6,1
P008,HRTF_A,2,0.986,-19.68,25.78,6,1
P008,HRTF_A,2,1,-16.22,25.53,6,1
P008,HRTF_A,2,1.014,-12.7,25.2,6,1
P008,HRTF_A,2,1.028,-9.14,24.87,6,1
P008,HRTF_A,2,1.041,-5.57,24.51,6,1
P008,HRTF_A,2,1.055,-2.04,24.17,6,1
P008,HRTF_A,2,1.069,1.43,23.81,6,1
P008,HRTF_A,2,1.083,4.81,23.49,6,1
P008,HRTF_A,2,1.097,8.11,23.15,6,1
P008,HRTF_A,2,1.111,11.4,22.78,6,1
P008,HRTF_A,2,1.125,14.63,22.43,6,1
P008,HRTF_A,2,1.139,17.79,22.08,6,1
P008,HRTF_A,2,1.153,20.91,21.75,6,1
P008,HRTF_A,2,1.167,24.05,21.41,6,1
P008,HRTF_A,2,1.181,27.16,21.01,6,1
P008,HRTF_A,2,1.195,30.31,20.49,6,1
P008,HRTF_A,2,1.208,33.71,19.82,6,1
P008,HRTF_A,2,1.222,37.3,18.99,6,1
P008,HRTF_A,2,1.236,40.97,18.04,6,1
P008,HRTF_A,2,1.25,44.57,17.1,6,1
P008,HRTF_A,2,1.264,48.07,16.06,6,1
P008,HRTF_A,2,1.278,51.46,14.86,6,1
P008,HRTF_A,2,1.291,54.66,13.49,6,1
P008,HRTF_A,2,1.306,57.62,12.05,6,1
P008,HRTF_A,2,1.319,60.36,10.64,6,1
P008,HRTF_A,2,1.333,62.87,9.22,6,1
P008,HRTF_A,2,1.347,65.14,7.75,6,1
P008,HRTF_A,2,1.361,67.22,6.13,6,1
P008,HRTF_A,2,1.375,69.08,4.42,6,1
P008,HRTF_A,2,1.389,70.71,2.73,6,1
P008,HRTF_A,2,1.403,72.23,1.07,6,1
P008,HRTF_A,2,1.417,73.63,-0.6,6,1
P008,HRTF_A,2,1.431,74.91,-2.31,6,1
P008,HRTF_A,2,1.445,76.09,-4.02,6,1
P008,HRTF_A,2,1.459,77.15,-5.71,6,1
P008,HRTF_A,2,1.472,78.11,-7.4,6,1
P008,HRTF_A,2,1.486,78.98,-9.11,6,1
P008,HRTF_A,2,1.5,79.74,-10.86,6,1
P008,HRTF_A,2,1.514,80.4,-12.61,6,1
P008,HRTF_A,2,1.528,80.99,-14.33,6,1
P008,HRTF_A,2,1.542,81.52,-16.04,6,1
P008,HRTF_A,2,1.556,82,-17.73,6,1
P008,HRTF_A,2,1.569,82.44,-19.33,6,1
P008,HRTF_A,2,1.583,82.86,-20.79,6,1
P008,HRTF_A,2,1.597,83.36,-21.99,6,1
P008,HRTF_A,2,1.611,83.93,-22.98,6,1
P008,HRTF_A,2,1.625,84.55,-23.82,6,1
P008,HRTF_A,2,1.639,85.28,-24.47,6,1
P008,HRTF_A,2,1.653,86.07,-24.98,6,1
P008,HRTF_A,2,1.667,86.99,-25.45,6,1
P008,HRTF_A,2,1.681,88.1,-25.68,6,1
P008,HRTF_A,2,1.695,89.41,-25.72,6,1
P008,HRTF_A,2,1.709,90.88,-25.61,6,1
P008,HRTF_A,2,1.722,92.51,-25.39,6,1
P008,HRTF_A,2,1.736,94.3,-25.07,6,1
P008,HRTF_A,2,1.75,96.2,-24.74,6,1
P008,HRTF_A,2,1.766,98.15,-24.32,6,1
P008,HRTF_A,2,1.778,100.1,-23.74,6,1
P008,HRTF_A,2,1.792,101.93,-23.1,6,1
P008,HRTF_A,2,1.806,103.54,-22.33,6,1
P008,HRTF_A,2,1.82,105.05,-21.55,6,1
P008,HRTF_A,2,1.834,106.26,-20.68,6,1
P008,HRTF_A,2,1.847,107.28,-19.74,6,1
P008,HRTF_A,2,1.861,108.01,-18.76,6,1
P008,HRTF_A,2,1.875,108.41,-17.76,6,1
P008,HRTF_A,2,1.889,108.36,-16.82,6,1
P008,HRTF_A,2,1.903,107.87,-15.95,6,1
P008,HRTF_A,2,1.917,107.02,-15.08,6,1
P008,HRTF_A,2,1.931,105.83,-14.29,6,1
P008,HRTF_A,2,1.945,104.44,-13.53,6,1
P008,HRTF_A,2,1.959,102.76,-12.78,6,1
P008,HRTF_A,2,1.972,100.72,-12.12,6,1
P008,HRTF_A,2,1.986,98.34,-11.53,6,1
P008,HRTF_A,2,2,95.68,-11.08,6,1
P008,HRTF_A,2,2.014,92.76,-10.68,6,1
P008,HRTF_A,2,2.028,89.56,-10.31,6,1
P008,HRTF_A,2,2.042,86.07,-9.96,6,1
P008,HRTF_A,2,2.056,82.41,-9.63,6,1
P008,HRTF_A,2,2.07,78.68,-9.35,6,1
P008,HRTF_A,2,2.083,74.96,-9.02,6,1
P008,HRTF_A,2,2.097,71.35,-8.65,6,1
P008,HRTF_A,2,2.111,67.81,-8.16,6,1
P008,HRTF_A,2,2.125,64.45,-7.63,6,1
P008,HRTF_A,2,2.139,61.34,-7.16,6,1
P008,HRTF_A,2,2.153,58.56,-6.8,6,1
P008,HRTF_A,2,2.167,56.04,-6.5,6,1
P008,HRTF_A,2,2.18,53.78,-6.16,6,1
P008,HRTF_A,2,2.195,51.86,-5.81,6,1
P008,HRTF_A,2,2.208,50.2,-5.52,6,1
P008,HRTF_A,2,2.222,48.81,-5.35,6,1
P008,HRTF_A,2,2.236,47.63,-5.21,6,1
P008,HRTF_A,2,2.25,46.62,-5.09,6,1
P008,HRTF_A,2,2.264,45.83,-4.96,6,1
P008,HRTF_A,2,2.278,45.16,-4.79,6,1
P008,HRTF_A,2,2.292,44.63,-4.68,6,1
P008,HRTF_A,2,2.306,44.19,-4.69,6,1
P008,HRTF_A,2,2.319,43.83,-4.83,6,1
P008,HRTF_A,2,2.333,43.48,-5.05,6,1
P008,HRTF_A,2,2.347,43.17,-5.32,6,1
P008,HRTF_A,2,2.361,42.87,-5.62,6,1
P008,HRTF_A,2,2.375,42.56,-5.99,6,1
P008,HRTF_A,2,2.389,42.28,-6.41,6,1
P008,HRTF_A,2,2.403,41.98,-6.91,6,1
P008,HRTF_A,2,2.417,41.69,-7.45,6,1
P008,HRTF_A,2,2.431,41.37,-7.98,6,1
P008,HRTF_A,2,2.445,41.04,-8.48,6,1
P008,HRTF_A,2,2.459,40.67,-8.96,6,1
P008,HRTF_A,2,2.472,40.29,-9.42,6,1
P008,HRTF_A,2,2.486,39.95,-9.86,6,1
P008,HRTF_A,2,2.5,39.67,-10.27,6,1
P008,HRTF_A,2,2.514,39.45,-10.64,6,1
P008,HRTF_A,3,0.014,-0.6,-1.07,31,1
P008,HRTF_A,3,0.027,-0.63,-1.07,31,1
P008,HRTF_A,3,0.041,-0.66,-1.07,31,1
P008,HRTF_A,3,0.055,-0.69,-1.07,31,1
P008,HRTF_A,3,0.07,-0.72,-1.05,31,1
P008,HRTF_A,3,0.083,-0.76,-1.06,31,1
P008,HRTF_A,3,0.097,-0.77,-1.08,31,1
P008,HRTF_A,3,0.111,-0.79,-1.1,31,1
P008,HRTF_A,3,0.125,-0.8,-1.13,31,1
P008,HRTF_A,3,0.139,-0.79,-1.15,31,1
P008,HRTF_A,3,0.153,-0.78,-1.18,31,1
P008,HRTF_A,3,0.167,-0.77,-1.19,31,1
P008,HRTF_A,3,0.181,-0.75,-1.2,31,1
P008,HRTF_A,3,0.194,-0.73,-1.24,31,1
P008,HRTF_A,3,0.208,-0.73,-1.3,31,1
P008,HRTF_A,3,0.222,-0.72,-1.35,31,1
P008,HRTF_A,3,0.236,-0.72,-1.4,31,1
P008,HRTF_A,3,0.25,-0.73,-1.44,31,1
P008,HRTF_A,3,0.263,-0.73,-1.47,31,1
P008,HRTF_A,3,0.278,-0.74,-1.51,31,1
P008,HRTF_A,3,0.292,-0.78,-1.57,31,1
P008,HRTF_A,3,0.306,-0.82,-1.69,31,1
P008,HRTF_A,3,0.319,-0.89,-1.85,31,1
P008,HRTF_A,3,0.333,-0.97,-2.09,31,1
P008,HRTF_A,3,0.347,-1.12,-2.4,31,1
P008,HRTF_A,3,0.361,-1.39,-2.8,31,1
P008,HRTF_A,3,0.375,-1.8,-3.28,31,1
P008,HRTF_A,3,0.389,-2.4,-3.82,31,1
P008,HRTF_A,3,0.403,-3.29,-4.4,31,1
P008,HRTF_A,3,0.416,-4.55,-4.98,31,1
P008,HRTF_A,3,0.43,-6.25,-5.56,31,1
P008,HRTF_A,3,0.444,-8.37,-6.08,31,1
P008,HRTF_A,3,0.458,-10.73,-6.52,31,1
P008,HRTF_A,3,0.472,-13.28,-6.91,31,1
P008,HRTF_A,3,0.486,-15.96,-7.22,31,1
P008,HRTF_A,3,0.5,-18.74,-7.46,31,1
P008,HRTF_A,3,0.514,-21.54,-7.59,31,1
P008,HRTF_A,3,0.528,-24.37,-7.66,31,1
P008,HRTF_A,3,0.542,-27.22,-7.65,31,1
P008,HRTF_A,3,0.555,-30.03,-7.54,31,1
P008,HRTF_A,3,0.57,-32.74,-7.36,31,1
P008,HRTF_A,3,0.583,-35.38,-7.09,31,1
P008,HRTF_A,3,0.597,-37.91,-6.75,31,1
P008,HRTF_A,3,0.612,-40.35,-6.33,31,1
P008,HRTF_A,3,0.625,-42.69,-5.84,31,1
P008,HRTF_A,3,0.639,-44.93,-5.26,31,1
P008,HRTF_A,3,0.653,-47.05,-4.64,31,1
P008,HRTF_A,3,0.667,-49.05,-3.95,31,1
P008,HRTF_A,3,0.68,-50.95,-3.22,31,1
P008,HRTF_A,3,0.694,-52.73,-2.41,31,1
P008,HRTF_A,3,0.709,-54.42,-1.55,31,1
P008,HRTF_A,3,0.722,-56.01,-0.61,31,1
P008,HRTF_A,3,0.736,-57.53,0.41,31,1
P008,HRTF_A,3,0.75,-58.97,1.53,31,1
P008,HRTF_A,3,0.764,-60.34,2.72,31,1
P008,HRTF_A,3,0.778,-61.63,3.91,31,1
P008,HRTF_A,3,0.792,-62.87,5.12,31,1
P008,HRTF_A,3,0.806,-64.07,6.33,31,1
P008,HRTF_A,3,0.82,-65.24,7.52,31,1
P008,HRTF_A,3,0.833,-66.41,8.67,31,1
P008,HRTF_A,3,0.847,-67.6,9.73,31,1
P008,HRTF_A,3,0.861,-68.76,10.71,31,1
P008,HRTF_A,3,0.875,-69.96,11.6,31,1
P008,HRTF_A,3,0.889,-71.17,12.42,31,1
P008,HRTF_A,3,0.903,-72.46,13.14,31,1
P008,HRTF_A,3,0.917,-73.79,13.72,31,1
P008,HRTF_A,3,0.931,-75.18,14.19,31,1
P008,HRTF_A,3,0.945,-76.57,14.55,31,1
P008,HRTF_A,3,0.959,-77.96,14.77,31,1
P008,HRTF_A,3,0.972,-79.39,14.81,31,1
P008,HRTF_A,3,0.986,-80.85,14.69,31,1
P008,HRTF_A,3,1,-82.3,14.46,31,1
P008,HRTF_A,3,1.014,-83.7,14.17,31,1
P008,HRTF_A,3,1.028,-85.04,13.77,31,1
P008,HRTF_A,3,1.042,-86.35,13.21,31,1
P008,HRTF_A,3,1.055,-87.6,12.52,31,1
P008,HRTF_A,3,1.07,-88.84,11.73,31,1
P008,HRTF_A,3,1.083,-90.02,10.9,31,1
P008,HRTF_A,3,1.097,-91.16,10.06,31,1
P008,HRTF_A,3,1.111,-92.26,9.06,31,1
P008,HRTF_A,3,1.125,-93.32,7.89,31,1
P008,HRTF_A,3,1.139,-94.39,6.62,31,1
P008,HRTF_A,3,1.153,-95.43,5.36,31,1
P008,HRTF_A,3,1.167,-96.4,4.11,31,1
P008,HRTF_A,3,1.18,-97.33,2.9,31,1
P008,HRTF_A,3,1.195,-98.22,1.7,31,1
P008,HRTF_A,3,1.208,-99.13,0.59,31,1
P008,HRTF_A,3,1.223,-100.08,-0.31,31,1
P008,HRTF_A,3,1.236,-101.03,-1.05,31,1
P008,HRTF_A,3,1.25,-101.94,-1.68,31,1
P008,HRTF_A,3,1.264,-102.8,-2.29,31,1
P008,HRTF_A,3,1.278,-103.61,-2.87,31,1
P008,HRTF_A,3,1.292,-104.31,-3.4,31,1
P008,HRTF_A,3,1.306,-104.91,-3.86,31,1
P008,HRTF_A,3,1.319,-105.41,-4.36,31,1
P008,HRTF_A,3,1.334,-105.84,-4.96,31,1
P008,HRTF_A,3,1.348,-106.12,-5.65,31,1
P008,HRTF_A,3,1.361,-106.28,-6.34,31,1
P008,HRTF_A,3,1.375,-106.3,-7.05,31,1
P008,HRTF_A,3,1.389,-106.19,-7.77,31,1
P008,HRTF_A,3,1.403,-105.93,-8.53,31,1
P008,HRTF_A,3,1.417,-105.5,-9.23,31,1
P008,HRTF_A,3,1.431,-104.89,-9.86,31,1
P008,HRTF_A,3,1.445,-104.09,-10.38,31,1
P008,HRTF_A,3,1.458,-103.06,-10.83,31,1
P008,HRTF_A,3,1.473,-101.84,-11.21,31,1
P008,HRTF_A,3,1.486,-100.41,-11.47,31,1
P008,HRTF_A,3,1.5,-98.75,-11.57,31,1
P008,HRTF_A,3,1.514,-96.84,-11.46,31,1
P008,HRTF_A,3,1.528,-94.66,-11.15,31,1
P008,HRTF_A,3,1.542,-92.22,-10.63,31,1
P008,HRTF_A,3,1.556,-89.61,-9.92,31,1
P008,HRTF_A,3,1.57,-86.81,-9.01,31,1
P008,HRTF_A,3,1.583,-83.88,-7.91,31,1
P008,HRTF_A,3,1.598,-80.77,-6.67,31,1
P008,HRTF_A,3,1.611,-77.47,-5.36,31,1
P008,HRTF_A,3,1.625,-74,-3.98,31,1
P008,HRTF_A,3,1.639,-70.38,-2.63,31,1
P008,HRTF_A,3,1.653,-66.61,-1.36,31,1
P008,HRTF_A,3,1.667,-62.71,-0.2,31,1
P008,HRTF_A,3,1.681,-58.71,0.81,31,1
P008,HRTF_A,3,1.694,-54.57,1.68,31,1
P008,HRTF_A,3,1.709,-50.37,2.45,31,1
P008,HRTF_A,3,1.723,-46.1,3.19,31,1
P008,HRTF_A,3,1.736,-41.75,3.9,31,1
P008,HRTF_A,3,1.75,-37.32,4.61,31,1
P008,HRTF_A,3,1.764,-32.83,5.32,31,1
P008,HRTF_A,3,1.778,-28.29,6.04,31,1
P008,HRTF_A,3,1.792,-23.74,6.82,31,1
P008,HRTF_A,3,1.805,-19.19,7.67,31,1
P008,HRTF_A,3,1.82,-14.63,8.56,31,1
P008,HRTF_A,3,1.833,-10.13,9.45,31,1
P008,HRTF_A,3,1.847,-5.7,10.37,31,1
P008,HRTF_A,3,1.861,-1.42,11.36,31,1
P008,HRTF_A,3,1.875,2.71,12.47,31,1
P008,HRTF_A,3,1.889,6.68,13.66,31,1
P008,HRTF_A,3,1.903,10.49,14.92,31,1
P008,HRTF_A,3,1.917,14.08,16.2,31,1
P008,HRTF_A,3,1.931,17.45,17.45,31,1
P008,HRTF_A,3,1.945,20.61,18.73,31,1
P008,HRTF_A,3,1.958,23.55,19.95,31,1
P008,HRTF_A,3,1.972,26.27,21.03,31,1
P008,HRTF_A,3,1.986,28.86,21.84,31,1
P008,HRTF_A,3,2,31.36,22.43,31,1
P008,HRTF_A,3,2.014,33.76,22.79,31,1
P008,HRTF_A,3,2.028,36.08,23,31,1
P008,HRTF_A,3,2.041,38.34,23.13,31,1
P008,HRTF_A,3,2.055,40.57,23.09,31,1
P008,HRTF_A,3,2.069,42.72,22.92,31,1
P008,HRTF_A,3,2.083,44.84,22.64,31,1
P008,HRTF_A,3,2.097,46.97,22.27,31,1
P008,HRTF_A,3,2.111,49.09,21.81,31,1
P008,HRTF_A,3,2.125,51.24,21.23,31,1
P008,HRTF_A,3,2.139,53.45,20.52,31,1
P008,HRTF_A,3,2.152,55.74,19.69,31,1
P008,HRTF_A,3,2.166,58.1,18.76,31,1
P008,HRTF_A,3,2.18,60.52,17.78,31,1
P008,HRTF_A,3,2.194,62.98,16.76,31,1
P008,HRTF_A,3,2.208,65.52,15.72,31,1
P008,HRTF_A,3,2.222,68.05,14.67,31,1
P008,HRTF_A,3,2.236,70.55,13.65,31,1
P008,HRTF_A,3,2.25,72.95,12.66,31,1
P008,HRTF_A,3,2.263,75.2,11.69,31,1
P008,HRTF_A,3,2.278,77.28,10.88,31,1
P008,HRTF_A,3,2.292,79.21,10.26,31,1
P008,HRTF_A,3,2.306,81.03,9.78,31,1
P008,HRTF_A,3,2.319,82.73,9.39,31,1
P008,HRTF_A,3,2.333,84.32,8.96,31,1
P008,HRTF_A,3,2.347,85.78,8.53,31,1
P008,HRTF_A,3,2.361,87.1,7.99,31,1
P008,HRTF_A,3,2.375,88.32,7.38,31,1
P008,HRTF_A,3,2.389,89.53,6.67,31,1
P008,HRTF_A,3,2.403,90.76,5.87,31,1
P008,HRTF_A,3,2.417,92,5.08,31,1
P008,HRTF_A,3,2.431,93.22,4.33,31,1
P008,HRTF_A,3,2.445,94.44,3.6,31,1
P008,HRTF_A,3,2.459,95.68,2.83,31,1
P008,HRTF_A,3,2.472,96.95,2,31,1
P008,HRTF_A,3,2.486,98.22,1.11,31,1
P008,HRTF_A,3,2.5,99.5,0.22,31,1
P008,HRTF_A,3,2.514,100.8,-0.63,31,1
P008,HRTF_A,3,2.528,102.1,-1.42,31,1
P008,HRTF_A,3,2.542,103.41,-2.11,31,1
P008,HRTF_A,3,2.556,104.71,-2.72,31,1
P008,HRTF_A,3,2.57,105.99,-3.24,31,1
P008,HRTF_A,3,2.583,107.19,-3.67,31,1
P008,HRTF_A,3,2.597,108.34,-4.02,31,1
P008,HRTF_A,3,2.611,109.39,-4.29,31,1
P008,HRTF_A,3,2.625,110.41,-4.49,31,1
P008,HRTF_A,3,2.639,111.41,-4.64,31,1
P008,HRTF_A,3,2.653,112.35,-4.77,31,1
P008,HRTF_A,3,2.667,113.27,-4.79,31,1
P008,HRTF_A,3,2.681,114.22,-4.7,31,1
P008,HRTF_A,3,2.695,115.22,-4.4,31,1
P008,HRTF_A,3,2.709,116.25,-3.98,31,1
P008,HRTF_A,3,2.722,117.27,-3.46,31,1
P008,HRTF_A,3,2.736,118.29,-2.85,31,1
P008,HRTF_A,3,2.75,119.35,-2.09,31,1
P008,HRTF_A,3,2.764,120.42,-1.22,31,1
P008,HRTF_A,3,2.778,121.5,-0.22,31,1
P008,HRTF_A,3,2.792,122.56,0.94,31,1
P008,HRTF_A,3,2.806,123.56,2.23,31,1
P008,HRTF_A,3,2.82,124.53,3.61,31,1
P008,HRTF_A,3,2.833,125.5,4.98,31,1
P008,HRTF_A,3,2.847,126.54,6.33,31,1
P008,HRTF_A,3,2.861,127.65,7.67,31,1
P008,HRTF_A,3,2.875,128.79,9.02,31,1
P008,HRTF_A,3,2.889,129.97,10.33,31,1
P008,HRTF_A,3,2.903,131.2,11.53,31,1
P008,HRTF_A,3,2.917,132.53,12.62,31,1
P008,HRTF_A,3,2.931,133.99,13.6,31,1
P008,HRTF_A,3,2.944,135.55,14.53,31,1
P008,HRTF_A,3,2.959,137.12,15.33,31,1
P008,HRTF_A,3,2.972,138.68,16.04,31,1
P008,HRTF_A,3,2.986,140.26,16.6,31,1
P008,HRTF_A,3,3,141.83,17.05,31,1
P008,HRTF_A,3,3.014,143.42,17.42,31,1
P008,HRTF_A,3,3.028,144.98,17.7,31,1
P008,HRTF_A,3,3.042,146.48,17.87,31,1
P008,HRTF_A,3,3.056,147.87,17.86,31,1
P008,HRTF_A,3,3.07,149.22,17.66,31,1
P008,HRTF_A,3,3.084,150.51,17.36,31,1
P008,HRTF_A,3,3.097,151.72,17.04,31,1
P008,HRTF_A,3,3.111,152.88,16.64,31,1
P008,HRTF_A,3,3.125,154.01,16.13,31,1
P008,HRTF_A,3,3.139,155.13,15.47,31,1
P008,HRTF_A,3,3.153,156.15,14.67,31,1
P008,HRTF_A,3,3.167,157.15,13.75,31,1
P008,HRTF_A,3,3.181,158.12,12.72,31,1
P008,HRTF_A,3,3.195,159.05,11.66,31,1
P008,HRTF_A,3,3.208,160.02,10.51,31,1
P008,HRTF_A,3,3.222,161.01,9.36,31,1
P008,HRTF_A,3,3.236,162.01,8.18,31,1
P008,HRTF_A,3,3.25,163,7.03,31,1
P008,HRTF_A,3,3.264,164,5.84,31,1
P008,HRTF_A,3,3.278,164.99,4.66,31,1
P008,HRTF_A,3,3.292,165.93,3.49,31,1
P008,HRTF_A,3,3.306,166.82,2.4,31,1
P008,HRTF_A,3,3.32,167.64,1.4,31,1
P008,HRTF_A,3,3.333,168.35,0.49,31,1
P008,HRTF_A,3,3.348,168.94,-0.34,31,1
P008,HRTF_A,3,3.361,169.39,-1.16,31,1
P008,HRTF_A,3,3.375,169.65,-1.96,31,1
P008,HRTF_A,3,3.389,169.81,-2.69,31,1
P008,HRTF_A,3,3.403,169.85,-3.3,31,1
P008,HRTF_A,3,3.417,169.79,-3.85,31,1
P008,HRTF_A,3,3.431,169.66,-4.39,31,1
P008,HRTF_A,3,3.445,169.51,-4.94,31,1
P008,HRTF_A,3,3.459,169.33,-5.56,31,1
P008,HRTF_A,3,3.473,169.11,-6.16,31,1
P008,HRTF_A,3,3.486,168.88,-6.81,31,1
P008,HRTF_A,3,3.5,168.62,-7.47,31,1
P008,HRTF_A,3,3.514,168.35,-8.17,31,1
P008,HRTF_A,3,3.528,168.1,-8.92,31,1
P008,HRTF_A,3,3.542,167.84,-9.74,31,1
P008,HRTF_A,3,3.556,167.5,-10.63,31,1
P008,HRTF_A,3,3.57,167.07,-11.53,31,1
P008,HRTF_A,3,3.584,166.58,-12.52,31,1
P008,HRTF_A,3,3.598,165.98,-13.57,31,1
P008,HRTF_A,3,3.612,165.26,-14.71,31,1
P008,HRTF_A,3,3.625,164.37,-15.92,31,1
P008,HRTF_A,3,3.639,163.3,-17.19,31,1
P008,HRTF_A,3,3.653,162.03,-18.48,31,1
P008,HRTF_A,3,3.667,160.53,-19.76,31,1
P008,HRTF_A,3,3.681,158.91,-21.05,31,1
P008,HRTF_A,3,3.695,157.19,-22.37,31,1
P008,HRTF_A,3,3.709,155.41,-23.68,31,1
P008,HRTF_A,3,3.722,153.53,-24.95,31,1
P008,HRTF_A,3,3.736,151.53,-26.22,31,1
P008,HRTF_A,3,3.75,149.43,-27.51,31,1
P008,HRTF_A,3,3.764,147.28,-28.86,31,1
P008,HRTF_A,3,3.778,145.14,-30.14,31,1
P008,HRTF_A,3,3.792,143.12,-31.29,31,1
P008,HRTF_A,3,3.806,141.17,-32.35,31,1
P008,HRTF_A,3,3.819,139.25,-33.32,31,1
P008,HRTF_A,3,3.833,137.31,-34.24,31,1
P008,HRTF_A,3,3.847,135.43,-35.07,31,1
P008,HRTF_A,3,3.861,133.59,-35.77,31,1
P008,HRTF_A,3,3.875,131.81,-36.35,31,1
P008,HRTF_A,3,3.889,130.18,-36.82,31,1
P008,HRTF_A,3,3.903,128.68,-37.21,31,1
P008,HRTF_A,3,3.917,127.17,-37.63,31,1
P008,HRTF_A,3,3.931,125.6,-38.1,31,1
P008,HRTF_A,3,3.944,123.91,-38.56,31,1
P008,HRTF_A,3,3.958,122.2,-39,31,1
P008,HRTF_A,3,3.972,120.52,-39.37,31,1
P008,HRTF_A,3,3.987,118.9,-39.66,31,1
P008,HRTF_A,3,4,117.38,-39.87,31,1
P008,HRTF_A,3,4.014,115.95,-40.04,31,1
P008,HRTF_A,3,4.028,114.58,-40.15,31,1
P008,HRTF_A,3,4.042,113.24,-40.23,31,1
P008,HRTF_A,3,4.056,111.87,-40.32,31,1
P008,HRTF_A,3,4.07,110.57,-40.39,31,1
P008,HRTF_A,3,4.083,109.38,-40.43,31,1
P008,HRTF_A,3,4.097,108.28,-40.43,31,1
P008,HRTF_A,3,4.111,107.24,-40.4,31,1
P008,HRTF_A,3,4.125,106.21,-40.33,31,1
P008,HRTF_A,3,4.139,105.24,-40.25,31,1
P008,HRTF_A,3,4.153,104.32,-40.17,31,1
P008,HRTF_A,3,4.167,103.46,-40.1,31,1
P008,HRTF_A,3,4.181,102.55,-40.01,31,1
P008,HRTF_A,3,4.194,101.65,-39.88,31,1
P008,HRTF_A,3,4.208,100.75,-39.69,31,1
P008,HRTF_A,3,4.222,99.86,-39.39,31,1
P008,HRTF_A,3,4.236,98.94,-38.97,31,1
P008,HRTF_A,3,4.25,97.99,-38.47,31,1
P008,HRTF_A,3,4.264,97.02,-37.87,31,1
P008,HRTF_A,3,4.278,95.99,-37.17,31,1
P008,HRTF_A,3,4.292,94.88,-36.34,31,1
P008,HRTF_A,3,4.305,93.67,-35.42,31,1
P008,HRTF_A,3,4.32,92.37,-34.37,31,1
P008,HRTF_A,3,4.333,90.99,-33.27,31,1
P008,HRTF_A,3,4.347,89.54,-32.18,31,1
P008,HRTF_A,3,4.361,87.97,-31.07,31,1
P008,HRTF_A,3,4.375,86.27,-29.98,31,1
P008,HRTF_A,3,4.389,84.37,-28.87,31,1
P008,HRTF_A,3,4.403,82.31,-27.82,31,1
P008,HRTF_A,3,4.417,80.06,-26.83,31,1
P008,HRTF_A,3,4.431,77.64,-25.94,31,1
P008,HRTF_A,3,4.445,75.1,-25.1,31,1
P008,HRTF_A,3,4.458,72.43,-24.29,31,1
P008,HRTF_A,3,4.472,69.68,-23.47,31,1
P008,HRTF_A,3,4.486,66.8,-22.68,31,1
P008,HRTF_A,3,4.5,63.91,-21.88,31,1
P008,HRTF_A,3,4.514,61.02,-21.07,31,1
P008,HRTF_A,3,4.528,58.12,-20.24,31,1
P008,HRTF_A,3,4.542,55.2,-19.41,31,1
P008,HRTF_A,3,4.556,52.24,-18.61,31,1
P008,HRTF_A,3,4.57,49.29,-17.85,31,1
P008,HRTF_A,3,4.583,46.34,-17.08,31,1
P008,HRTF_A,3,4.597,43.37,-16.34,31,1
P008,HRTF_A,3,4.611,40.41,-15.61,31,1
P008,HRTF_A,3,4.625,37.47,-14.95,31,1
P008,HRTF_A,3,4.639,34.52,-14.38,31,1
P008,HRTF_A,3,4.653,31.54,-13.86,31,1
P008,HRTF_A,3,4.667,28.52,-13.45,31,1
P008,HRTF_A,3,4.681,25.49,-13.1,31,1
P008,HRTF_A,3,4.695,22.49,-12.81,31,1
P008,HRTF_A,3,4.709,19.56,-12.57,31,1
P008,HRTF_A,3,4.722,16.69,-12.37,31,1
P008,HRTF_A,3,4.736,13.85,-12.17,31,1
P008,HRTF_A,3,4.75,11.04,-11.98,31,1
P008,HRTF_A,3,4.764,8.27,-11.81,31,1
P008,HRTF_A,3,4.778,5.57,-11.64,31,1
P008,HRTF_A,3,4.792,2.9,-11.47,31,1
P008,HRTF_A,3,4.806,0.26,-11.34,31,1
P008,HRTF_A,3,4.82,-2.29,-11.26,31,1
P008,HRTF_A,3,4.833,-4.79,-11.18,31,1
P008,HRTF_A,3,4.848,-7.27,-11.14,31,1
P008,HRTF_A,3,4.862,-9.72,-11.09,31,1
P008,HRTF_A,3,4.875,-12.14,-11.05,31,1
P008,HRTF_A,3,4.889,-14.47,-11.06,31,1
P008,HRTF_A,3,4.903,-16.71,-11.14,31,1
P008,HRTF_A,3,4.917,-18.9,-11.33,31,1
P008,HRTF_A,3,4.931,-21.05,-11.57,31,1
P008,HRTF_A,3,4.944,-23.2,-11.84,31,1
P008,HRTF_A,3,4.959,-25.31,-12.14,31,1
P008,HRTF_A,3,4.972,-27.37,-12.52,31,1
P008,HRTF_A,3,4.987,-29.33,-12.97,31,1
P008,HRTF_A,3,5,-31.19,-13.49,31,1
P008,HRTF_A,3,5.014,-32.94,-13.96,31,1
P008,HRTF_A,3,5.028,-34.58,-14.43,31,1
P008,HRTF_A,3,5.042,-36.12,-14.91,31,1
P008,HRTF_A,3,5.056,-37.55,-15.36,31,1
P008,HRTF_A,3,5.07,-38.9,-15.79,31,1
P008,HRTF_A,3,5.083,-40.17,-16.16,31,1
P008,HRTF_A,3,5.097,-41.37,-16.5,31,1
P008,HRTF_A,3,5.111,-42.54,-16.83,31,1
P008,HRTF_A,3,5.125,-43.67,-17.15,31,1
P008,HRTF_A,3,5.139,-44.77,-17.45,31,1
P008,HRTF_A,3,5.153,-45.85,-17.7,31,1
P008,HRTF_A,3,5.167,-46.94,-17.96,31,1
P008,HRTF_A,3,5.181,-48.04,-18.22,31,1
P008,HRTF_A,3,5.194,-49.19,-18.56,31,1
P008,HRTF_A,3,5.208,-50.39,-18.9,31,1
P008,HRTF_A,3,5.222,-51.62,-19.25,31,1
P008,HRTF_A,3,5.236,-52.9,-19.57,31,1
P008,HRTF_A,3,5.25,-54.17,-19.92,31,1
P008,HRTF_A,3,5.264,-55.44,-20.25,31,1
P008,HRTF_A,3,5.278,-56.67,-20.6,31,1
P008,HRTF_A,3,5.292,-57.9,-20.94,31,1
P008,HRTF_A,3,5.306,-59.1,-21.24,31,1
P008,HRTF_A,3,5.32,-60.23,-21.53,31,1
P008,HRTF_A,3,5.333,-61.35,-21.8,31,1
P008,HRTF_A,3,5.347,-62.39,-22.1,31,1
P008,HRTF_A,3,5.362,-63.38,-22.44,31,1
P008,HRTF_A,3,5.376,-64.31,-22.82,31,1
P008,HRTF_A,3,5.389,-65.18,-23.22,31,1
P008,HRTF_A,3,5.403,-65.96,-23.64,31,1
P008,HRTF_A,3,5.417,-66.69,-24.05,31,1
P008,HRTF_A,3,5.431,-67.34,-24.49,31,1
P008,HRTF_A,3,5.445,-67.9,-24.95,31,1
P008,HRTF_A,3,5.459,-68.4,-25.41,31,1
P008,HRTF_A,3,5.472,-68.8,-25.9,31,1
P008,HRTF_A,3,5.486,-69.07,-26.43,31,1
P008,HRTF_A,3,5.501,-69.28,-27.01,31,1
P008,HRTF_A,3,5.514,-69.41,-27.58,31,1
P008,HRTF_A,3,5.528,-69.48,-28.16,31,1
P008,HRTF_A,3,5.542,-69.45,-28.74,31,1
P008,HRTF_A,3,5.556,-69.36,-29.33,31,1
P008,HRTF_A,3,5.57,-69.16,-29.9,31,1
P008,HRTF_A,3,5.583,-68.92,-30.49,31,1
P008,HRTF_A,3,5.598,-68.62,-31.05,31,1
P008,HRTF_A,3,5.611,-68.3,-31.59,31,1
P008,HRTF_A,3,5.625,-67.96,-32.06,31,1
P008,HRTF_A,3,5.639,-67.61,-32.54,31,1
P008,HRTF_A,3,5.653,-67.24,-32.99,31,1
P008,HRTF_A,3,5.667,-66.89,-33.44,31,1
P008,HRTF_A,3,5.68,-66.5,-33.85,31,1
P008,HRTF_A,3,5.695,-66.13,-34.22,31,1
P008,HRTF_A,3,5.708,-65.71,-34.53,31,1
P008,HRTF_A,3,5.722,-65.25,-34.82,31,1
P008,HRTF_A,3,5.736,-64.8,-35.08,31,1
P008,HRTF_A,3,5.75,-64.34,-35.36,31,1
P008,HRTF_A,3,5.764,-63.91,-35.63,31,1
P008,HRTF_A,3,5.778,-63.49,-35.93,31,1
P008,HRTF_A,3,5.792,-63.09,-36.21,31,1
P008,HRTF_A,3,5.806,-62.72,-36.5,31,1
P008,HRTF_A,3,5.82,-62.36,-36.79,31,1
P008,HRTF_A,3,5.833,-61.98,-37.09,31,1
P008,HRTF_A,3,5.847,-61.62,-37.4,31,1
P008,HRTF_A,3,5.862,-61.26,-37.71,31,1
P008,HRTF_A,3,5.875,-60.93,-38.03,31,1
P008,HRTF_A,3,5.889,-60.62,-38.36,31,1
P008,HRTF_A,3,5.903,-60.34,-38.7,31,1
P008,HRTF_A,3,5.917,-60.09,-39.09,31,1
P008,HRTF_A,3,5.931,-59.84,-39.46,31,1
P008,HRTF_A,3,5.945,-59.59,-39.86,31,1
P008,HRTF_A,3,5.958,-59.36,-40.24,31,1
P008,HRTF_A,3,5.972,-59.11,-40.59,31,1
P008,HRTF_A,3,5.986,-58.89,-40.89,31,1
P008,HRTF_A,3,6,-58.68,-41.19,31,1
P008,HRTF_A,3,6.014,-58.46,-41.5,31,1
P008,HRTF_A,3,6.028,-58.24,-41.79,31,1
P008,HRTF_A,3,6.042,-58.04,-42.09,31,1
P008,HRTF_A,3,6.055,-57.84,-42.36,31,1
P008,HRTF_A,3,6.07,-57.62,-42.61,31,1
P008,HRTF_A,3,6.083,-57.34,-42.87,31,1
P008,HRTF_A,3,6.097,-57.06,-43.14,31,1
P008,HRTF_A,3,6.111,-56.82,-43.44,31,1
P008,HRTF_A,3,6.125,-56.62,-43.7,31,1
P008,HRTF_A,3,6.139,-56.45,-43.95,31,1
P008,HRTF_A,3,6.153,-56.3,-44.18,31,1
P008,HRTF_A,3,6.167,-56.18,-44.4,31,1
P008,HRTF_A,3,6.181,-56.12,-44.61,31,1
P008,HRTF_A,3,6.194,-56.06,-44.82,31,1
P008,HRTF_A,3,6.208,-56.05,-45.02,31,1
P008,HRTF_A,3,6.222,-56.03,-45.24,31,1
P008,HRTF_A,3,6.237,-56.04,-45.43,31,1
P008,HRTF_A,3,6.25,-56.09,-45.62,31,1
P008,HRTF_A,3,6.264,-56.11,-45.82,31,1
P008,HRTF_A,3,6.278,-56.13,-45.97,31,1
P008,HRTF_A,3,6.292,-56.15,-46.14,31,1
P008,HRTF_A,3,6.306,-56.22,-46.27,31,1
P008,HRTF_A,3,6.319,-56.28,-46.39,31,1
P008,HRTF_A,3,6.334,-56.34,-46.48,31,1
P008,HRTF_A,3,6.348,-56.35,-46.55,31,1
P008,HRTF_A,3,6.361,-56.36,-46.64,31,1
P008,HRTF_A,3,6.375,-56.35,-46.72,31,1
P008,HRTF_A,3,6.389,-56.37,-46.74,31,1
P008,HRTF_A,3,6.403,-56.39,-46.74,31,1
P008,HRTF_A,3,6.417,-56.38,-46.71,31,1
P008,HRTF_A,3,6.431,-56.33,-46.65,31,1
P008,HRTF_A,3,6.445,-56.27,-46.55,31,1
P008,HRTF_A,3,6.458,-56.23,-46.4,31,1
P008,HRTF_A,3,6.472,-56.21,-46.18,31,1
P008,HRTF_A,3,6.486,-56.2,-45.92,31,1
P008,HRTF_A,3,6.5,-56.19,-45.64,31,1
P008,HRTF_A,3,6.514,-56.17,-45.35,31,1
P008,HRTF_A,3,6.528,-56.16,-45.06,31,1
P008,HRTF_A,3,6.542,-56.2,-44.73,31,1
P008,HRTF_A,3,6.556,-56.26,-44.36,31,1
P008,HRTF_A,3,6.569,-56.33,-43.98,31,1
P008,HRTF_A,3,6.584,-56.42,-43.62,31,1
P008,HRTF_A,3,6.597,-56.49,-43.26,31,1
P008,HRTF_A,3,6.612,-56.55,-42.92,31,1
P008,HRTF_A,3,6.625,-56.6,-42.6,31,1
P008,HRTF_A,3,6.639,-56.65,-42.29,31,1
P008,HRTF_A,3,6.653,-56.65,-41.99,31,1
P008,HRTF_A,3,6.667,-56.64,-41.73,31,1
P008,HRTF_A,3,6.681,-56.63,-41.49,31,1
P008,HRTF_A,3,6.695,-56.6,-41.29,31,1
P008,HRTF_A,3,6.709,-56.53,-41.1,31,1
P008,HRTF_A,3,6.722,-56.45,-40.94,31,1
P008,HRTF_A,3,6.736,-56.37,-40.79,31,1
P008,HRTF_A,3,6.75,-56.32,-40.66,31,1
P008,HRTF_A,3,6.764,-56.26,-40.57,31,1
P008,HRTF_A,3,6.778,-56.21,-40.5,31,1
P008,HRTF_A,3,6.792,-56.17,-40.45,31,1
P008,HRTF_A,3,6.806,-56.15,-40.4,31,1
P008,HRTF_A,3,6.82,-56.15,-40.37,31,1
P008,HRTF_A,3,6.834,-56.15,-40.36,31,1
P008,HRTF_A,3,6.848,-56.16,-40.37,31,1
P008,HRTF_A,3,6.861,-56.17,-40.41,31,1
P008,HRTF_A,3,6.875,-56.19,-40.45,31,1
P008,HRTF_A,3,6.889,-56.24,-40.49,31,1
P008,HRTF_A,3,6.903,-56.31,-40.52,31,1
P008,HRTF_A,3,6.917,-56.38,-40.53,31,1
P008,HRTF_A,3,6.931,-56.45,-40.54,31,1
P008,HRTF_A,3,6.945,-56.52,-40.56,31,1
P008,HRTF_A,3,6.959,-56.6,-40.58,31,1
P008,HRTF_A,4,0.014,2.19,-3.99,28,1
P008,HRTF_A,4,0.028,1.99,-4.05,28,1
P008,HRTF_A,4,0.042,1.8,-4.07,28,1
P008,HRTF_A,4,0.056,1.61,-4.06,28,1
P008,HRTF_A,4,0.07,1.43,-4.03,28,1
P008,HRTF_A,4,0.083,1.27,-3.96,28,1
P008,HRTF_A,4,0.098,1.12,-3.85,28,1
P008,HRTF_A,4,0.112,0.99,-3.72,28,1
P008,HRTF_A,4,0.125,0.88,-3.58,28,1
P008,HRTF_A,4,0.139,0.79,-3.43,28,1
P008,HRTF_A,4,0.153,0.7,-3.31,28,1
P008,HRTF_A,4,0.167,0.59,-3.27,28,1
P008,HRTF_A,4,0.181,0.48,-3.28,28,1
P008,HRTF_A,4,0.195,0.36,-3.33,28,1
P008,HRTF_A,4,0.208,0.25,-3.39,28,1
P008,HRTF_A,4,0.223,0.14,-3.45,28,1
P008,HRTF_A,4,0.236,0.03,-3.52,28,1
P008,HRTF_A,4,0.25,-0.07,-3.59,28,1
P008,HRTF_A,4,0.264,-0.15,-3.7,28,1
P008,HRTF_A,4,0.278,-0.22,-3.91,28,1
P008,HRTF_A,4,0.292,-0.25,-4.21,28,1
P008,HRTF_A,4,0.306,-0.26,-4.56,28,1
P008,HRTF_A,4,0.32,-0.23,-4.96,28,1
P008,HRTF_A,4,0.333,-0.15,-5.36,28,1
P008,HRTF_A,4,0.347,-0.05,-5.75,28,1
P008,HRTF_A,4,0.361,0.12,-6.13,28,1
P008,HRTF_A,4,0.375,0.35,-6.52,28,1
P008,HRTF_A,4,0.389,0.64,-6.88,28,1
P008,HRTF_A,4,0.403,0.98,-7.23,28,1
P008,HRTF_A,4,0.417,1.37,-7.55,28,1
P008,HRTF_A,4,0.431,1.81,-7.84,28,1
P008,HRTF_A,4,0.445,2.3,-8.09,28,1
P008,HRTF_A,4,0.459,2.84,-8.32,28,1
P008,HRTF_A,4,0.472,3.48,-8.54,28,1
P008,HRTF_A,4,0.486,4.22,-8.72,28,1
P008,HRTF_A,4,0.5,5.06,-8.86,28,1
P008,HRTF_A,4,0.514,6.03,-8.95,28,1
P008,HRTF_A,4,0.528,7.1,-8.98,28,1
P008,HRTF_A,4,0.542,8.23,-8.97,28,1
P008,HRTF_A,4,0.556,9.35,-8.91,28,1
P008,HRTF_A,4,0.57,10.48,-8.84,28,1
P008,HRTF_A,4,0.584,11.52,-8.84,28,1
P008,HRTF_A,4,0.597,12.42,-8.84,28,1
P008,HRTF_A,4,0.611,13.19,-8.8,28,1
P008,HRTF_A,4,0.625,13.8,-8.76,28,1
P008,HRTF_A,4,0.639,14.14,-8.74,28,1
P008,HRTF_A,4,0.653,14.19,-8.77,28,1
P008,HRTF_A,4,0.667,13.88,-8.87,28,1
P008,HRTF_A,4,0.681,13.2,-9.04,28,1
P008,HRTF_A,4,0.695,12.15,-9.26,28,1
P008,HRTF_A,4,0.709,10.76,-9.52,28,1
P008,HRTF_A,4,0.723,9.05,-9.78,28,1
P008,HRTF_A,4,0.736,7.05,-10.09,28,1
P008,HRTF_A,4,0.75,4.86,-10.44,28,1
P008,HRTF_A,4,0.764,2.48,-10.87,28,1
P008,HRTF_A,4,0.778,-0.03,-11.36,28,1
P008,HRTF_A,4,0.792,-2.65,-11.89,28,1
P008,HRTF_A,4,0.806,-5.36,-12.51,28,1
P008,HRTF_A,4,0.82,-8.14,-13.21,28,1
P008,HRTF_A,4,0.834,-10.97,-14.02,28,1
P008,HRTF_A,4,0.848,-13.77,-14.95,28,1
P008,HRTF_A,4,0.862,-16.52,-15.94,28,1
P008,HRTF_A,4,0.875,-19.18,-16.92,28,1
P008,HRTF_A,4,0.889,-21.67,-17.86,28,1
P008,HRTF_A,4,0.903,-24.02,-18.73,28,1
P008,HRTF_A,4,0.917,-26.19,-19.58,28,1
P008,HRTF_A,4,0.931,-28.23,-20.37,28,1
P008,HRTF_A,4,0.945,-30.16,-21.08,28,1
P008,HRTF_A,4,0.959,-32,-21.72,28,1
P008,HRTF_A,4,0.973,-33.72,-22.3,28,1
P008,HRTF_A,4,0.986,-35.35,-22.86,28,1
P008,HRTF_A,4,1,-36.88,-23.4,28,1
P008,HRTF_A,4,1.014,-38.3,-23.91,28,1
P008,HRTF_A,4,1.028,-39.58,-24.41,28,1
P008,HRTF_A,4,1.042,-40.77,-24.88,28,1
P008,HRTF_A,4,1.056,-41.9,-25.36,28,1
P008,HRTF_A,4,1.07,-43,-25.84,28,1
P008,HRTF_A,4,1.084,-44.06,-26.31,28,1
P008,HRTF_A,4,1.098,-45.08,-26.75,28,1
P008,HRTF_A,4,1.111,-46.05,-27.12,28,1
P008,HRTF_A,4,1.125,-47.02,-27.46,28,1
P008,HRTF_A,4,1.139,-48,-27.75,28,1
P008,HRTF_A,4,1.153,-49.01,-27.97,28,1
P008,HRTF_A,4,1.167,-49.97,-28.19,28,1
P008,HRTF_A,4,1.181,-50.94,-28.41,28,1
P008,HRTF_A,4,1.195,-51.91,-28.64,28,1
P008,HRTF_A,4,1.209,-52.93,-28.91,28,1
P008,HRTF_A,4,1.223,-54.03,-29.23,28,1
P008,HRTF_A,4,1.236,-55.2,-29.55,28,1
P008,HRTF_A,4,1.25,-56.43,-29.86,28,1
P008,HRTF_A,4,1.264,-57.66,-30.22,28,1
P008,HRTF_A,4,1.278,-58.97,-30.59,28,1
P008,HRTF_A,4,1.292,-60.31,-30.95,28,1
P008,HRTF_A,4,1.306,-61.68,-31.27,28,1
P008,HRTF_A,4,1.32,-63,-31.54,28,1
P008,HRTF_A,4,1.334,-64.31,-31.81,28,1
P008,HRTF_A,4,1.348,-65.59,-32.02,28,1
P008,HRTF_A,4,1.361,-66.85,-32.17,28,1
P008,HRTF_A,4,1.375,-68.09,-32.28,28,1
P008,HRTF_A,4,1.389,-69.29,-32.39,28,1
P008,HRTF_A,4,1.403,-70.42,-32.49,28,1
P008,HRTF_A,4,1.417,-71.46,-32.53,28,1
P008,HRTF_A,4,1.431,-72.44,-32.53,28,1
P008,HRTF_A,4,1.445,-73.38,-32.49,28,1
P008,HRTF_A,4,1.459,-74.25,-32.45,28,1
P008,HRTF_A,4,1.472,-75.08,-32.38,28,1
P008,HRTF_A,4,1.486,-75.87,-32.3,28,1
P008,HRTF_A,4,1.5,-76.7,-32.23,28,1
P008,HRTF_A,4,1.514,-77.59,-32.15,28,1
P008,HRTF_A,4,1.528,-78.52,-32.02,28,1
P008,HRTF_A,4,1.542,-79.46,-31.9,28,1
P008,HRTF_A,4,1.556,-80.4,-31.72,28,1
P008,HRTF_A,4,1.57,-81.4,-31.54,28,1
P008,HRTF_A,4,1.584,-82.4,-31.3,28,1
P008,HRTF_A,4,1.598,-83.46,-31.02,28,1
P008,HRTF_A,4,1.611,-84.53,-30.66,28,1
P008,HRTF_A,4,1.625,-85.64,-30.25,28,1
P008,HRTF_A,4,1.639,-86.73,-29.79,28,1
P008,HRTF_A,4,1.653,-87.83,-29.3,28,1
P008,HRTF_A,4,1.667,-88.93,-28.78,28,1
P008,HRTF_A,4,1.681,-90.06,-28.25,28,1
P008,HRTF_A,4,1.695,-91.17,-27.75,28,1
P008,HRTF_A,4,1.708,-92.33,-27.3,28,1
P008,HRTF_A,4,1.722,-93.5,-26.93,28,1
P008,HRTF_A,4,1.736,-94.69,-26.59,28,1
P008,HRTF_A,4,1.75,-95.92,-26.3,28,1
P008,HRTF_A,4,1.764,-97.2,-26.02,28,1
P008,HRTF_A,4,1.778,-98.49,-25.77,28,1
P008,HRTF_A,4,1.792,-99.85,-25.51,28,1
P008,HRTF_A,4,1.806,-101.22,-25.27,28,1
P008,HRTF_A,4,1.82,-102.61,-25.04,28,1
P008,HRTF_A,4,1.834,-104.02,-24.79,28,1
P008,HRTF_A,4,1.847,-105.44,-24.57,28,1
P008,HRTF_A,4,1.862,-106.88,-24.35,28,1
P008,HRTF_A,4,1.875,-108.29,-24.09,28,1
P008,HRTF_A,4,1.889,-109.68,-23.83,28,1
P008,HRTF_A,4,1.903,-111.02,-23.58,28,1
P008,HRTF_A,4,1.917,-112.35,-23.29,28,1
P008,HRTF_A,4,1.931,-113.67,-23,28,1
P008,HRTF_A,4,1.945,-114.96,-22.72,28,1
P008,HRTF_A,4,1.958,-116.24,-22.41,28,1
P008,HRTF_A,4,1.972,-117.46,-22.1,28,1
P008,HRTF_A,4,1.986,-118.66,-21.77,28,1
P008,HRTF_A,4,2,-119.85,-21.47,28,1
P008,HRTF_A,4,2.014,-121.03,-21.17,28,1
P008,HRTF_A,4,2.028,-122.19,-20.88,28,1
P008,HRTF_A,4,2.042,-123.32,-20.6,28,1
P008,HRTF_A,4,2.056,-124.41,-20.35,28,1
P008,HRTF_A,4,2.07,-125.48,-20.13,28,1
P008,HRTF_A,4,2.084,-126.51,-19.96,28,1
P008,HRTF_A,4,2.098,-127.5,-19.81,28,1
P008,HRTF_A,4,2.111,-128.4,-19.68,28,1
P008,HRTF_A,4,2.125,-129.18,-19.53,28,1
P008,HRTF_A,4,2.139,-129.83,-19.39,28,1
P008,HRTF_A,4,2.153,-130.34,-19.27,28,1
P008,HRTF_A,4,2.167,-130.69,-19.17,28,1
P008,HRTF_A,4,2.181,-130.89,-19.08,28,1
P008,HRTF_A,4,2.195,-130.96,-19,28,1
P008,HRTF_A,4,2.209,-130.8,-18.88,28,1
P008,HRTF_A,4,2.223,-130.45,-18.79,28,1
P008,HRTF_A,4,2.236,-129.91,-18.73,28,1
P008,HRTF_A,4,2.251,-129.17,-18.68,28,1
P008,HRTF_A,4,2.264,-128.22,-18.63,28,1
P008,HRTF_A,4,2.278,-127.03,-18.56,28,1
P008,HRTF_A,4,2.292,-125.64,-18.44,28,1
P008,HRTF_A,4,2.306,-124.01,-18.34,28,1
P008,HRTF_A,4,2.32,-122.19,-18.23,28,1
P008,HRTF_A,4,2.334,-120.17,-18.06,28,1
P008,HRTF_A,4,2.347,-117.93,-17.87,28,1
P008,HRTF_A,4,2.361,-115.51,-17.66,28,1
P008,HRTF_A,4,2.375,-112.94,-17.43,28,1
P008,HRTF_A,4,2.39,-110.2,-17.21,28,1
P008,HRTF_A,4,2.403,-107.33,-16.97,28,1
P008,HRTF_A,4,2.417,-104.37,-16.73,28,1
P008,HRTF_A,4,2.431,-101.32,-16.49,28,1
P008,HRTF_A,4,2.445,-98.22,-16.25,28,1
P008,HRTF_A,4,2.459,-95.04,-15.97,28,1
P008,HRTF_A,4,2.472,-91.85,-15.65,28,1
P008,HRTF_A,4,2.487,-88.63,-15.25,28,1
P008,HRTF_A,4,2.5,-85.46,-14.78,28,1
P008,HRTF_A,4,2.514,-82.32,-14.27,28,1
P008,HRTF_A,4,2.528,-79.22,-13.81,28,1
P008,HRTF_A,4,2.542,-76.12,-13.38,28,1
P008,HRTF_A,4,2.556,-72.99,-12.95,28,1
P008,HRTF_A,4,2.57,-69.82,-12.53,28,1
P008,HRTF_A,4,2.583,-66.62,-12.23,28,1
P008,HRTF_A,4,2.597,-63.44,-11.97,28,1
P008,HRTF_A,4,2.611,-60.27,-11.88,28,1
P008,HRTF_A,4,2.625,-57.12,-11.88,28,1
P008,HRTF_A,4,2.639,-53.99,-11.98,28,1
P008,HRTF_A,4,2.653,-50.87,-12.13,28,1
P008,HRTF_A,4,2.667,-47.81,-12.35,28,1
P008,HRTF_A,4,2.681,-44.82,-12.71,28,1
P008,HRTF_A,4,2.695,-41.94,-13.18,28,1
P008,HRTF_A,4,2.709,-39.13,-13.71,28,1
P008,HRTF_A,4,2.722,-36.39,-14.25,28,1
P008,HRTF_A,4,2.736,-33.69,-14.74,28,1
P008,HRTF_A,4,2.75,-31.13,-15.2,28,1
P008,HRTF_A,4,2.764,-28.75,-15.56,28,1
P008,HRTF_A,4,2.778,-26.51,-15.8,28,1
P008,HRTF_A,4,2.793,-24.46,-15.86,28,1
P008,HRTF_A,4,2.806,-22.59,-15.74,28,1
P008,HRTF_A,4,2.82,-20.97,-15.38,28,1
P008,HRTF_A,4,2.834,-19.62,-14.76,28,1
P008,HRTF_A,4,2.848,-18.61,-13.88,28,1
P008,HRTF_A,4,2.861,-17.82,-12.81,28,1
P008,HRTF_A,4,2.875,-17.39,-11.51,28,1
P008,HRTF_A,4,2.889,-17.14,-10.12,28,1
P008,HRTF_A,4,2.903,-17.08,-8.65,28,1
P008,HRTF_A,4,2.917,-17.19,-7.14,28,1
P008,HRTF_A,4,2.931,-17.41,-5.61,28,1
P008,HRTF_A,4,2.945,-17.73,-4.07,28,1
P008,HRTF_A,4,2.959,-18.16,-2.6,28,1
P008,HRTF_A,4,2.972,-18.69,-1.24,28,1
P008,HRTF_A,4,2.986,-19.33,-0.02,28,1
P008,HRTF_A,4,3.001,-20.05,1.08,28,1
P008,HRTF_A,4,3.014,-20.87,2.06,28,1
P008,HRTF_A,4,3.028,-21.78,2.97,28,1
P008,HRTF_A,4,3.041,-22.79,3.77,28,1
P008,HRTF_A,4,3.056,-23.89,4.43,28,1
P008,HRTF_A,4,3.069,-25.08,4.97,28,1
P008,HRTF_A,4,3.083,-26.3,5.39,28,1
P008,HRTF_A,4,3.097,-27.53,5.73,28,1
P008,HRTF_A,4,3.111,-28.77,6.08,28,1
P008,HRTF_A,4,3.125,-30.01,6.44,28,1
P008,HRTF_A,4,3.139,-31.23,6.82,28,1
P008,HRTF_A,4,3.153,-32.46,7.26,28,1
P008,HRTF_A,4,3.167,-33.64,7.79,28,1
P008,HRTF_A,4,3.181,-34.78,8.41,28,1
P008,HRTF_A,4,3.194,-35.85,9.12,28,1
P008,HRTF_A,4,3.208,-36.87,9.96,28,1
P008,HRTF_A,4,3.222,-37.84,10.85,28,1
P008,HRTF_A,4,3.236,-38.8,11.77,28,1
P008,HRTF_A,4,3.25,-39.7,12.74,28,1
P008,HRTF_A,4,3.264,-40.54,13.68,28,1
P008,HRTF_A,4,3.278,-41.29,14.5,28,1
P008,HRTF_A,4,3.292,-41.99,15.23,28,1
P008,HRTF_A,4,3.306,-42.6,15.89,28,1
P008,HRTF_A,4,3.319,-43.17,16.5,28,1
P008,HRTF_A,4,3.333,-43.69,17.14,28,1
P008,HRTF_A,4,3.347,-44.15,17.82,28,1
P008,HRTF_A,4,3.361,-44.55,18.46,28,1
P008,HRTF_A,4,3.375,-44.86,19.06,28,1
P008,HRTF_A,4,3.389,-45.15,19.6,28,1
P008,HRTF_A,4,3.402,-45.38,20.03,28,1
P008,HRTF_A,4,3.417,-45.55,20.42,28,1
P008,HRTF_A,4,3.431,-45.67,20.78,28,1
P008,HRTF_A,4,3.444,-45.74,21.13,28,1
P008,HRTF_A,4,3.458,-45.76,21.45,28,1
P008,HRTF_A,4,3.472,-45.77,21.76,28,1
P008,HRTF_A,4,3.486,-45.75,22.04,28,1
P008,HRTF_A,4,3.5,-45.73,22.31,28,1
P008,HRTF_A,4,3.514,-45.7,22.56,28,1
P008,HRTF_A,4,3.528,-45.66,22.79,28,1
P008,HRTF_A,4,3.542,-45.62,23.02,28,1
P008,HRTF_A,4,3.555,-45.58,23.2,28,1
P008,HRTF_A,4,3.569,-45.55,23.35,28,1
P008,HRTF_A,4,3.583,-45.54,23.46,28,1
P008,HRTF_A,4,3.597,-45.55,23.58,28,1
P008,HRTF_A,4,3.611,-45.55,23.71,28,1
P008,HRTF_A,4,3.625,-45.55,23.83,28,1
P008,HRTF_A,4,3.638,-45.56,23.98,28,1
P008,HRTF_A,4,3.653,-45.58,24.1,28,1
P008,HRTF_A,4,3.666,-45.6,24.19,28,1
P008,HRTF_A,4,3.68,-45.63,24.26,28,1
P008,HRTF_A,4,3.694,-45.65,24.3,28,1
P008,HRTF_A,4,3.708,-45.67,24.33,28,1
P008,HRTF_A,4,3.722,-45.7,24.35,28,1
P008,HRTF_A,4,3.736,-45.71,24.36,28,1
P008,HRTF_A,4,3.75,-45.71,24.36,28,1
P008,HRTF_A,4,3.764,-45.69,24.37,28,1
P008,HRTF_A,4,3.778,-45.66,24.37,28,1
P008,HRTF_A,4,3.791,-45.62,24.35,28,1
P008,HRTF_A,4,3.806,-45.54,24.3,28,1
P008,HRTF_A,4,3.819,-45.46,24.23,28,1
P008,HRTF_A,4,3.833,-45.35,24.16,28,1
P008,HRTF_A,4,3.847,-45.25,24.09,28,1
P008,HRTF_A,4,3.861,-45.13,24.02,28,1
P008,HRTF_A,4,3.875,-45,23.97,28,1
P008,HRTF_A,4,3.889,-44.86,23.92,28,1
P008,HRTF_A,4,3.903,-44.72,23.88,28,1
P008,HRTF_A,4,3.916,-44.59,23.83,28,1
P008,HRTF_A,4,3.931,-44.48,23.81,28,1
P008,HRTF_A,4,3.944,-44.36,23.77,28,1
P008,HRTF_A,4,3.958,-44.26,23.77,28,1
P008,HRTF_A,4,3.972,-44.17,23.77,28,1
P008,HRTF_A,4,3.986,-44.11,23.76,28,1
P008,HRTF_A,4,4,-44.05,23.74,28,1
P008,HRTF_A,4,4.014,-44.01,23.71,28,1
P008,HRTF_A,4,4.027,-43.96,23.68,28,1
P008,HRTF_A,4,4.041,-43.93,23.66,28,1
P008,HRTF_A,4,4.056,-43.93,23.64,28,1
P008,HRTF_A,4,4.069,-43.92,23.62,28,1
P008,HRTF_A,4,4.084,-43.93,23.6,28,1
P008,HRTF_A,4,4.097,-43.93,23.59,28,1
P008,HRTF_A,4,4.111,-43.93,23.58,28,1
P008,HRTF_A,4,4.125,-43.92,23.57,28,1
P008,HRTF_A,4,4.139,-43.92,23.55,28,1
P008,HRTF_A,4,4.152,-43.9,23.53,28,1
P008,HRTF_A,4,4.166,-43.89,23.51,28,1
P008,HRTF_A,4,4.18,-43.87,23.5,28,1
P008,HRTF_A,4,4.194,-43.86,23.48,28,1
P008,HRTF_A,4,4.208,-43.84,23.47,28,1
P008,HRTF_A,4,4.222,-43.82,23.44,28,1
P008,HRTF_A,4,4.236,-43.79,23.42,28,1
P008,HRTF_A,4,4.25,-43.76,23.4,28,1
P008,HRTF_A,4,4.264,-43.74,23.38,28,1
P008,HRTF_A,4,4.278,-43.71,23.35,28,1
P008,HRTF_A,4,4.291,-43.7,23.32,28,1
P008,HRTF_A,4,4.305,-43.69,23.3,28,1
P008,HRTF_A,4,4.319,-43.68,23.28,28,1
P008,HRTF_A,4,4.333,-43.68,23.24,28,1
P008,HRTF_A,4,4.347,-43.67,23.21,28,1
P008,HRTF_A,4,4.361,-43.67,23.17,28,1
P008,HRTF_A,4,4.375,-43.67,23.15,28,1
P008,HRTF_A,4,4.389,-43.68,23.12,28,1
P008,HRTF_A,4,4.403,-43.68,23.1,28,1
P008,HRTF_A,4,4.416,-43.69,23.07,28,1
P008,HRTF_A,4,4.431,-43.69,23.04,28,1
P008,HRTF_A,4,4.444,-43.69,23.01,28,1
P008,HRTF_A,4,4.458,-43.7,22.98,28,1
P008,HRTF_A,4,4.472,-43.7,22.95,28,1
P008,HRTF_A,4,4.486,-43.69,22.92,28,1
P008,HRTF_A,4,4.5,-43.69,22.89,28,1
P008,HRTF_A,4,4.514,-43.69,22.86,28,1
P008,HRTF_A,4,4.527,-43.69,22.83,28,1
P008,HRTF_A,4,4.541,-43.69,22.8,28,1
P008,HRTF_A,4,4.555,-43.69,22.77,28,1
P008,HRTF_A,4,4.569,-43.68,22.72,28,1
P008,HRTF_A,5,0.014,3.26,-1.62,17,1
P008,HRTF_A,5,0.028,3.31,-1.69,17,1
P008,HRTF_A,5,0.042,3.34,-1.74,17,1
P008,HRTF_A,5,0.056,3.36,-1.8,17,1
P008,HRTF_A,5,0.07,3.37,-1.86,17,1
P008,HRTF_A,5,0.084,3.37,-1.92,17,1
P008,HRTF_A,5,0.098,3.36,-1.96,17,1
P008,HRTF_A,5,0.111,3.36,-2,17,1
P008,HRTF_A,5,0.125,3.34,-2.01,17,1
P008,HRTF_A,5,0.14,3.31,-2,17,1
P008,HRTF_A,5,0.153,3.27,-1.99,17,1
P008,HRTF_A,5,0.167,3.23,-2.01,17,1
P008,HRTF_A,5,0.181,3.18,-2.07,17,1
P008,HRTF_A,5,0.195,3.12,-2.18,17,1
P008,HRTF_A,5,0.209,3.06,-2.29,17,1
P008,HRTF_A,5,0.223,3,-2.4,17,1
P008,HRTF_A,5,0.236,2.93,-2.5,17,1
P008,HRTF_A,5,0.251,2.85,-2.59,17,1
P008,HRTF_A,5,0.264,2.78,-2.69,17,1
P008,HRTF_A,5,0.278,2.71,-2.86,17,1
P008,HRTF_A,5,0.292,2.67,-3.09,17,1
P008,HRTF_A,5,0.306,2.65,-3.35,17,1
P008,HRTF_A,5,0.32,2.66,-3.61,17,1
P008,HRTF_A,5,0.334,2.66,-3.85,17,1
P008,HRTF_A,5,0.348,2.65,-4.15,17,1
P008,HRTF_A,5,0.362,2.64,-4.48,17,1
P008,HRTF_A,5,0.375,2.64,-4.83,17,1
P008,HRTF_A,5,0.39,2.63,-5.16,17,1
P008,HRTF_A,5,0.403,2.57,-5.5,17,1
P008,HRTF_A,5,0.417,2.43,-5.84,17,1
P008,HRTF_A,5,0.431,2.13,-6.19,17,1
P008,HRTF_A,5,0.445,1.7,-6.49,17,1
P008,HRTF_A,5,0.458,1.1,-6.73,17,1
P008,HRTF_A,5,0.473,0.36,-6.94,17,1
P008,HRTF_A,5,0.486,-0.57,-7.1,17,1
P008,HRTF_A,5,0.5,-1.66,-7.21,17,1
P008,HRTF_A,5,0.515,-2.93,-7.26,17,1
P008,HRTF_A,5,0.528,-4.4,-7.24,17,1
P008,HRTF_A,5,0.542,-5.99,-7.17,17,1
P008,HRTF_A,5,0.556,-7.71,-7,17,1
P008,HRTF_A,5,0.57,-9.59,-6.74,17,1
P008,HRTF_A,5,0.584,-11.55,-6.43,17,1
P008,HRTF_A,5,0.598,-13.6,-6.06,17,1
P008,HRTF_A,5,0.612,-15.71,-5.69,17,1
P008,HRTF_A,5,0.626,-17.89,-5.39,17,1
P008,HRTF_A,5,0.639,-20.07,-5.21,17,1
P008,HRTF_A,5,0.653,-22.24,-5.08,17,1
P008,HRTF_A,5,0.667,-24.34,-4.95,17,1
P008,HRTF_A,5,0.681,-26.37,-4.77,17,1
P008,HRTF_A,5,0.695,-28.27,-4.58,17,1
P008,HRTF_A,5,0.709,-30.03,-4.32,17,1
P008,HRTF_A,5,0.723,-31.65,-4.01,17,1
P008,HRTF_A,5,0.737,-33.16,-3.53,17,1
P008,HRTF_A,5,0.751,-34.59,-2.98,17,1
P008,HRTF_A,5,0.764,-35.93,-2.24,17,1
P008,HRTF_A,5,0.778,-37.2,-1.36,17,1
P008,HRTF_A,5,0.793,-38.43,-0.31,17,1
P008,HRTF_A,5,0.807,-39.62,0.86,17,1
P008,HRTF_A,5,0.821,-40.78,2.12,17,1
P008,HRTF_A,5,0.834,-41.93,3.37,17,1
P008,HRTF_A,5,0.847,-43.13,4.63,17,1
P008,HRTF_A,5,0.861,-44.43,5.84,17,1
P008,HRTF_A,5,0.875,-45.75,7.01,17,1
P008,HRTF_A,5,0.89,-47.08,8.21,17,1
P008,HRTF_A,5,0.903,-48.39,9.46,17,1
P008,HRTF_A,5,0.917,-49.7,10.74,17,1
P008,HRTF_A,5,0.931,-51,11.93,17,1
P008,HRTF_A,5,0.945,-52.35,13.01,17,1
P008,HRTF_A,5,0.958,-53.7,13.91,17,1
P008,HRTF_A,5,0.972,-55.05,14.68,17,1
P008,HRTF_A,5,0.986,-56.37,15.37,17,1
P008,HRTF_A,5,1,-57.7,15.96,17,1
P008,HRTF_A,5,1.014,-59.05,16.46,17,1
P008,HRTF_A,5,1.028,-60.4,16.86,17,1
P008,HRTF_A,5,1.042,-61.8,17.24,17,1
P008,HRTF_A,5,1.056,-63.2,17.57,17,1
P008,HRTF_A,5,1.07,-64.65,17.86,17,1
P008,HRTF_A,5,1.083,-66.13,18.11,17,1
P008,HRTF_A,5,1.098,-67.65,18.34,17,1
P008,HRTF_A,5,1.111,-69.2,18.51,17,1
P008,HRTF_A,5,1.125,-70.79,18.65,17,1
P008,HRTF_A,5,1.139,-72.46,18.78,17,1
P008,HRTF_A,5,1.153,-74.15,18.89,17,1
P008,HRTF_A,5,1.167,-75.89,18.93,17,1
P008,HRTF_A,5,1.181,-77.64,18.91,17,1
P008,HRTF_A,5,1.195,-79.43,18.83,17,1
P008,HRTF_A,5,1.209,-81.21,18.69,17,1
P008,HRTF_A,5,1.222,-82.99,18.49,17,1
P008,HRTF_A,5,1.237,-84.77,18.19,17,1
P008,HRTF_A,5,1.25,-86.52,17.79,17,1
P008,HRTF_A,5,1.264,-88.23,17.32,17,1
P008,HRTF_A,5,1.278,-89.92,16.78,17,1
P008,HRTF_A,5,1.292,-91.55,16.15,17,1
P008,HRTF_A,5,1.306,-93.12,15.36,17,1
P008,HRTF_A,5,1.32,-94.64,14.52,17,1
P008,HRTF_A,5,1.334,-96.08,13.64,17,1
P008,HRTF_A,5,1.347,-97.45,12.77,17,1
P008,HRTF_A,5,1.361,-98.76,11.9,17,1
P008,HRTF_A,5,1.375,-100,10.99,17,1
P008,HRTF_A,5,1.389,-101.23,9.94,17,1
P008,HRTF_A,5,1.403,-102.48,8.79,17,1
P008,HRTF_A,5,1.417,-103.69,7.66,17,1
P008,HRTF_A,5,1.431,-104.87,6.56,17,1
P008,HRTF_A,5,1.445,-105.97,5.46,17,1
P008,HRTF_A,5,1.459,-107.02,4.41,17,1
P008,HRTF_A,5,1.473,-108.06,3.4,17,1
P008,HRTF_A,5,1.487,-109.07,2.48,17,1
P008,HRTF_A,5,1.501,-110.08,1.67,17,1
P008,HRTF_A,5,1.514,-111.05,0.97,17,1
P008,HRTF_A,5,1.528,-111.98,0.36,17,1
P008,HRTF_A,5,1.542,-112.87,-0.23,17,1
P008,HRTF_A,5,1.556,-113.74,-0.78,17,1
P008,HRTF_A,5,1.57,-114.61,-1.28,17,1
P008,HRTF_A,5,1.584,-115.52,-1.75,17,1
P008,HRTF_A,5,1.598,-116.44,-2.19,17,1
P008,HRTF_A,5,1.611,-117.35,-2.67,17,1
P008,HRTF_A,5,1.625,-118.25,-3.19,17,1
P008,HRTF_A,5,1.639,-119.2,-3.75,17,1
P008,HRTF_A,5,1.653,-120.17,-4.38,17,1
P008,HRTF_A,5,1.667,-121.17,-5.02,17,1
P008,HRTF_A,5,1.681,-122.17,-5.66,17,1
P008,HRTF_A,5,1.695,-123.21,-6.3,17,1
P008,HRTF_A,5,1.709,-124.23,-6.94,17,1
P008,HRTF_A,5,1.723,-125.25,-7.57,17,1
P008,HRTF_A,5,1.737,-126.23,-8.19,17,1
P008,HRTF_A,5,1.75,-127.18,-8.79,17,1
P008,HRTF_A,5,1.764,-128.13,-9.38,17,1
P008,HRTF_A,5,1.778,-129.1,-10,17,1
P008,HRTF_A,5,1.792,-130.07,-10.61,17,1
P008,HRTF_A,5,1.806,-131.07,-11.3,17,1
P008,HRTF_A,5,1.82,-132.09,-12.02,17,1
P008,HRTF_A,5,1.834,-133.14,-12.8,17,1
P008,HRTF_A,5,1.848,-134.2,-13.62,17,1
P008,HRTF_A,5,1.861,-135.27,-14.43,17,1
P008,HRTF_A,5,1.875,-136.32,-15.23,17,1
P008,HRTF_A,5,1.889,-137.33,-15.98,17,1
P008,HRTF_A,5,1.903,-138.31,-16.72,17,1
P008,HRTF_A,5,1.917,-139.26,-17.42,17,1
P008,HRTF_A,5,1.931,-140.2,-18.14,17,1
P008,HRTF_A,5,1.945,-141.05,-18.8,17,1
P008,HRTF_A,5,1.959,-141.79,-19.4,17,1
P008,HRTF_A,5,1.973,-142.43,-19.93,17,1
P008,HRTF_A,5,1.987,-142.97,-20.39,17,1
P008,HRTF_A,5,2.001,-143.47,-20.78,17,1
P008,HRTF_A,5,2.015,-143.89,-21.07,17,1
P008,HRTF_A,5,2.028,-144.27,-21.27,17,1
P008,HRTF_A,5,2.042,-144.58,-21.42,17,1
P008,HRTF_A,5,2.056,-144.88,-21.6,17,1
P008,HRTF_A,5,2.07,-145.22,-21.73,17,1
P008,HRTF_A,5,2.084,-145.6,-21.75,17,1
P008,HRTF_A,5,2.098,-146.01,-21.6,17,1
P008,HRTF_A,5,2.112,-146.43,-21.3,17,1
P008,HRTF_A,5,2.125,-146.89,-20.94,17,1
P008,HRTF_A,5,2.139,-147.39,-20.51,17,1
P008,HRTF_A,5,2.153,-147.96,-20.06,17,1
P008,HRTF_A,5,2.167,-148.55,-19.55,17,1
P008,HRTF_A,5,2.181,-149.18,-18.96,17,1
P008,HRTF_A,5,2.195,-149.83,-18.33,17,1
P008,HRTF_A,5,2.209,-150.49,-17.68,17,1
P008,HRTF_A,5,2.223,-151.22,-17,17,1
P008,HRTF_A,5,2.236,-151.95,-16.36,17,1
P008,HRTF_A,5,2.25,-152.7,-15.72,17,1
P008,HRTF_A,5,2.265,-153.46,-15.07,17,1
P008,HRTF_A,5,2.279,-154.21,-14.44,17,1
P008,HRTF_A,5,2.292,-154.96,-13.83,17,1
P008,HRTF_A,5,2.306,-155.68,-13.25,17,1
P008,HRTF_A,5,2.32,-156.35,-12.65,17,1
P008,HRTF_A,5,2.334,-157.01,-12.1,17,1
P008,HRTF_A,5,2.348,-157.59,-11.57,17,1
P008,HRTF_A,5,2.362,-158.14,-11.09,17,1
P008,HRTF_A,5,2.375,-158.6,-10.63,17,1
P008,HRTF_A,5,2.39,-159,-10.19,17,1
P008,HRTF_A,5,2.403,-159.32,-9.81,17,1
P008,HRTF_A,5,2.417,-159.63,-9.45,17,1
P008,HRTF_A,5,2.431,-159.87,-9.15,17,1
P008,HRTF_A,5,2.445,-160.1,-8.87,17,1
P008,HRTF_A,5,2.459,-160.31,-8.59,17,1
P008,HRTF_A,5,2.473,-160.5,-8.33,17,1
P008,HRTF_A,5,2.487,-160.68,-8.11,17,1
P008,HRTF_A,5,2.501,-160.87,-7.91,17,1
P008,HRTF_A,5,2.515,-161.05,-7.73,17,1
P008,HRTF_A,5,2.528,-161.23,-7.55,17,1
P008,HRTF_A,5,2.542,-161.42,-7.4,17,1
P008,HRTF_A,5,2.556,-161.6,-7.24,17,1
P008,HRTF_A,5,2.57,-161.78,-7.1,17,1
P008,HRTF_A,5,2.584,-161.95,-6.99,17,1
P008,HRTF_A,5,2.598,-162.11,-6.9,17,1
P008,HRTF_A,5,2.612,-162.27,-6.82,17,1
P008,HRTF_A,5,2.626,-162.42,-6.73,17,1
P008,HRTF_A,5,2.639,-162.54,-6.62,17,1
P008,HRTF_A,5,2.653,-162.67,-6.5,17,1
P008,HRTF_A,5,2.667,-162.8,-6.38,17,1
P008,HRTF_A,5,2.681,-162.92,-6.26,17,1
P008,HRTF_A,5,2.695,-163.03,-6.14,17,1
P008,HRTF_A,5,2.709,-163.14,-6.03,17,1
P008,HRTF_A,5,2.723,-163.25,-5.93,17,1
P008,HRTF_A,5,2.737,-163.35,-5.85,17,1
P008,HRTF_A,5,2.751,-163.44,-5.78,17,1
P008,HRTF_A,5,2.765,-163.51,-5.71,17,1
P008,HRTF_A,5,2.778,-163.58,-5.64,17,1
P008,HRTF_A,5,2.792,-163.62,-5.58,17,1
P008,HRTF_A,5,2.806,-163.65,-5.54,17,1
P008,HRTF_A,5,2.82,-163.66,-5.54,17,1
P008,HRTF_A,5,2.834,-163.67,-5.56,17,1
P008,HRTF_A,5,2.848,-163.64,-5.66,17,1
P008,HRTF_A,5,2.862,-163.59,-5.76,17,1
P008,HRTF_A,5,2.876,-163.52,-5.84,17,1
P008,HRTF_A,5,2.889,-163.43,-5.92,17,1
P008,HRTF_A,5,2.903,-163.34,-6,17,1
P008,HRTF_A,5,2.917,-163.24,-6.08,17,1
P008,HRTF_A,5,2.931,-163.11,-6.17,17,1
P008,HRTF_A,5,2.945,-162.97,-6.27,17,1
P008,HRTF_A,5,2.958,-162.82,-6.37,17,1
P008,HRTF_A,5,2.973,-162.66,-6.47,17,1
P008,HRTF_A,5,2.987,-162.47,-6.55,17,1
P008,HRTF_A,5,3.001,-162.27,-6.64,17,1
P008,HRTF_A,5,3.014,-162.08,-6.7,17,1
P008,HRTF_A,5,3.028,-161.89,-6.74,17,1
P008,HRTF_A,5,3.042,-161.7,-6.75,17,1
P008,HRTF_A,5,3.056,-161.53,-6.74,17,1
P008,HRTF_A,5,3.07,-161.38,-6.73,17,1
P008,HRTF_A,5,3.084,-161.26,-6.69,17,1
P008,HRTF_A,5,3.098,-161.15,-6.63,17,1
P008,HRTF_A,5,3.112,-161.06,-6.56,17,1
P008,HRTF_A,5,3.126,-160.99,-6.5,17,1
P008,HRTF_A,6,0.014,1.63,-1.79,14,1
P008,HRTF_A,6,0.028,1.6,-1.82,14,1
P008,HRTF_A,6,0.042,1.57,-1.89,14,1
P008,HRTF_A,6,0.055,1.55,-1.99,14,1
P008,HRTF_A,6,0.069,1.55,-2.12,14,1
P008,HRTF_A,6,0.083,1.55,-2.25,14,1
P008,HRTF_A,6,0.097,1.57,-2.35,14,1
P008,HRTF_A,6,0.111,1.6,-2.41,14,1
P008,HRTF_A,6,0.125,1.61,-2.45,14,1
P008,HRTF_A,6,0.139,1.62,-2.46,14,1
P008,HRTF_A,6,0.153,1.63,-2.49,14,1
P008,HRTF_A,6,0.167,1.62,-2.53,14,1
P008,HRTF_A,6,0.181,1.59,-2.61,14,1
P008,HRTF_A,6,0.194,1.52,-2.75,14,1
P008,HRTF_A,6,0.208,1.42,-2.89,14,1
P008,HRTF_A,6,0.224,1.28,-3.01,14,1
P008,HRTF_A,6,0.236,1.09,-3.11,14,1
P008,HRTF_A,6,0.25,0.85,-3.2,14,1
P008,HRTF_A,6,0.264,0.57,-3.31,14,1
P008,HRTF_A,6,0.278,0.3,-3.44,14,1
P008,HRTF_A,6,0.292,0.01,-3.6,14,1
P008,HRTF_A,6,0.305,-0.29,-3.77,14,1
P008,HRTF_A,6,0.32,-0.62,-3.94,14,1
P008,HRTF_A,6,0.334,-1.02,-4.1,14,1
P008,HRTF_A,6,0.347,-1.54,-4.26,14,1
P008,HRTF_A,6,0.361,-2.14,-4.38,14,1
P008,HRTF_A,6,0.375,-2.87,-4.46,14,1
P008,HRTF_A,6,0.389,-3.78,-4.52,14,1
P008,HRTF_A,6,0.403,-4.96,-4.55,14,1
P008,HRTF_A,6,0.417,-6.44,-4.58,14,1
P008,HRTF_A,6,0.431,-8.26,-4.63,14,1
P008,HRTF_A,6,0.445,-10.34,-4.64,14,1
P008,HRTF_A,6,0.459,-12.76,-4.6,14,1
P008,HRTF_A,6,0.472,-15.4,-4.53,14,1
P008,HRTF_A,6,0.486,-18.21,-4.39,14,1
P008,HRTF_A,6,0.5,-21.09,-4.23,14,1
P008,HRTF_A,6,0.514,-23.99,-4.01,14,1
P008,HRTF_A,6,0.528,-26.87,-3.75,14,1
P008,HRTF_A,6,0.542,-29.71,-3.5,14,1
P008,HRTF_A,6,0.556,-32.51,-3.27,14,1
P008,HRTF_A,6,0.57,-35.25,-3.07,14,1
P008,HRTF_A,6,0.583,-37.91,-2.88,14,1
P008,HRTF_A,6,0.597,-40.41,-2.78,14,1
P008,HRTF_A,6,0.611,-42.72,-2.74,14,1
P008,HRTF_A,6,0.625,-44.82,-2.75,14,1
P008,HRTF_A,6,0.639,-46.76,-2.75,14,1
P008,HRTF_A,6,0.653,-48.57,-2.7,14,1
P008,HRTF_A,6,0.667,-50.23,-2.59,14,1
P008,HRTF_A,6,0.681,-51.79,-2.43,14,1
P008,HRTF_A,6,0.694,-53.22,-2.22,14,1
P008,HRTF_A,6,0.708,-54.54,-1.94,14,1
P008,HRTF_A,6,0.723,-55.76,-1.64,14,1
P008,HRTF_A,6,0.736,-56.92,-1.29,14,1
P008,HRTF_A,6,0.75,-58.04,-0.89,14,1
P008,HRTF_A,6,0.764,-59.13,-0.46,14,1
P008,HRTF_A,6,0.778,-60.2,0.04,14,1
P008,HRTF_A,6,0.792,-61.3,0.56,14,1
P008,HRTF_A,6,0.806,-62.46,1.04,14,1
P008,HRTF_A,6,0.819,-63.66,1.49,14,1
P008,HRTF_A,6,0.834,-64.86,1.95,14,1
P008,HRTF_A,6,0.847,-66.01,2.35,14,1
P008,HRTF_A,6,0.861,-67.09,2.66,14,1
P008,HRTF_A,6,0.875,-68.03,2.87,14,1
P008,HRTF_A,6,0.889,-68.87,3.05,14,1
P008,HRTF_A,6,0.903,-69.53,3.2,14,1
P008,HRTF_A,6,0.917,-69.97,3.34,14,1
P008,HRTF_A,6,0.931,-70.25,3.44,14,1
P008,HRTF_A,6,0.945,-70.31,3.49,14,1
P008,HRTF_A,6,0.959,-70.17,3.43,14,1
P008,HRTF_A,6,0.972,-69.8,3.28,14,1
P008,HRTF_A,6,0.986,-69.19,3.09,14,1
P008,HRTF_A,6,1,-68.32,2.84,14,1
P008,HRTF_A,6,1.014,-67.18,2.51,14,1
P008,HRTF_A,6,1.028,-65.81,2.2,14,1
P008,HRTF_A,6,1.042,-64.21,1.87,14,1
P008,HRTF_A,6,1.056,-62.45,1.61,14,1
P008,HRTF_A,6,1.069,-60.58,1.42,14,1
P008,HRTF_A,6,1.083,-58.68,1.34,14,1
P008,HRTF_A,6,1.098,-56.67,1.37,14,1
P008,HRTF_A,6,1.111,-54.57,1.44,14,1
P008,HRTF_A,6,1.125,-52.36,1.57,14,1
P008,HRTF_A,6,1.139,-50.01,1.68,14,1
P008,HRTF_A,6,1.154,-47.47,1.71,14,1
P008,HRTF_A,6,1.167,-44.8,1.67,14,1
P008,HRTF_A,6,1.18,-42.02,1.52,14,1
P008,HRTF_A,6,1.194,-39.09,1.28,14,1
P008,HRTF_A,6,1.209,-36.07,0.95,14,1
P008,HRTF_A,6,1.223,-32.92,0.54,14,1
P008,HRTF_A,6,1.236,-29.67,0.09,14,1
P008,HRTF_A,6,1.25,-26.29,-0.41,14,1
P008,HRTF_A,6,1.264,-22.76,-0.9,14,1
P008,HRTF_A,6,1.278,-19.12,-1.43,14,1
P008,HRTF_A,6,1.292,-15.41,-1.97,14,1
P008,HRTF_A,6,1.306,-11.71,-2.54,14,1
P008,HRTF_A,6,1.319,-8.03,-3.08,14,1
P008,HRTF_A,6,1.333,-4.41,-3.6,14,1
P008,HRTF_A,6,1.347,-0.88,-4.08,14,1
P008,HRTF_A,6,1.361,2.56,-4.47,14,1
P008,HRTF_A,6,1.375,5.87,-4.8,14,1
P008,HRTF_A,6,1.389,9.04,-5.08,14,1
P008,HRTF_A,6,1.403,12.07,-5.33,14,1
P008,HRTF_A,6,1.417,14.94,-5.54,14,1
P008,HRTF_A,6,1.431,17.66,-5.69,14,1
P008,HRTF_A,6,1.445,20.18,-5.8,14,1
P008,HRTF_A,6,1.459,22.49,-5.81,14,1
P008,HRTF_A,6,1.472,24.63,-5.79,14,1
P008,HRTF_A,6,1.486,26.61,-5.72,14,1
P008,HRTF_A,6,1.5,28.44,-5.63,14,1
P008,HRTF_A,6,1.514,30.13,-5.51,14,1
P008,HRTF_A,6,1.528,31.66,-5.36,14,1
P008,HRTF_A,6,1.542,33.03,-5.2,14,1
P008,HRTF_A,6,1.555,34.3,-5.04,14,1
P008,HRTF_A,6,1.57,35.46,-4.79,14,1
P008,HRTF_A,6,1.584,36.54,-4.45,14,1
P008,HRTF_A,6,1.598,37.52,-4,14,1
P008,HRTF_A,6,1.611,38.39,-3.43,14,1
P008,HRTF_A,6,1.625,39.19,-2.74,14,1
P008,HRTF_A,6,1.639,39.84,-1.95,14,1
P008,HRTF_A,6,1.653,40.34,-1.06,14,1
P008,HRTF_A,6,1.667,40.69,-0.06,14,1
P008,HRTF_A,6,1.681,40.92,1,14,1
P008,HRTF_A,6,1.695,41.05,2.11,14,1
P008,HRTF_A,6,1.709,41.08,3.24,14,1
P008,HRTF_A,6,1.723,41.06,4.37,14,1
P008,HRTF_A,6,1.736,40.95,5.51,14,1
P008,HRTF_A,6,1.75,40.81,6.64,14,1
P008,HRTF_A,6,1.764,40.7,7.79,14,1
P008,HRTF_A,6,1.778,40.63,8.99,14,1
P008,HRTF_A,6,1.792,40.62,10.24,14,1
P008,HRTF_A,6,1.806,40.61,11.51,14,1
P008,HRTF_A,6,1.82,40.67,12.85,14,1
P008,HRTF_A,6,1.833,40.75,14.22,14,1
P008,HRTF_A,6,1.847,40.93,15.56,14,1
P008,HRTF_A,6,1.861,41.19,16.94,14,1
P008,HRTF_A,6,1.876,41.56,18.29,14,1
P008,HRTF_A,6,1.889,42.04,19.56,14,1
P008,HRTF_A,6,1.903,42.61,20.75,14,1
P008,HRTF_A,6,1.917,43.36,21.82,14,1
P008,HRTF_A,6,1.931,44.22,22.87,14,1
P008,HRTF_A,6,1.945,45.17,23.88,14,1
P008,HRTF_A,6,1.958,46.19,24.9,14,1
P008,HRTF_A,6,1.972,47.26,25.87,14,1
P008,HRTF_A,6,1.986,48.34,26.77,14,1
P008,HRTF_A,6,2,49.41,27.54,14,1
P008,HRTF_A,6,2.014,50.39,28.19,14,1
P008,HRTF_A,6,2.028,51.29,28.7,14,1
P008,HRTF_A,6,2.042,52.08,29.07,14,1
P008,HRTF_A,6,2.056,52.75,29.3,14,1
P008,HRTF_A,6,2.07,53.29,29.4,14,1
P008,HRTF_A,6,2.084,53.7,29.39,14,1
P008,HRTF_A,6,2.098,53.99,29.32,14,1
P008,HRTF_A,6,2.111,54.18,29.19,14,1
P008,HRTF_A,6,2.125,54.2,29.01,14,1
P008,HRTF_A,6,2.139,54.12,28.74,14,1
P008,HRTF_A,6,2.153,54,28.38,14,1
P008,HRTF_A,6,2.167,53.87,27.98,14,1
P008,HRTF_A,6,2.181,53.68,27.54,14,1
P008,HRTF_A,6,2.195,53.48,27.09,14,1
P008,HRTF_A,6,2.209,53.27,26.64,14,1
P008,HRTF_A,6,2.222,53.11,26.19,14,1
P008,HRTF_A,6,2.236,52.96,25.73,14,1
P008,HRTF_A,6,2.25,52.82,25.29,14,1
P008,HRTF_A,6,2.264,52.7,24.88,14,1
P008,HRTF_A,6,2.278,52.6,24.48,14,1
P008,HRTF_A,6,2.292,52.59,24.07,14,1
P008,HRTF_A,6,2.306,52.69,23.66,14,1
P008,HRTF_A,6,2.32,52.9,23.21,14,1
P008,HRTF_A,6,2.334,53.22,22.73,14,1
P008,HRTF_A,6,2.347,53.62,22.19,14,1
P008,HRTF_A,6,2.362,54.19,21.49,14,1
P008,HRTF_A,6,2.375,54.97,20.61,14,1
P008,HRTF_A,6,2.389,55.92,19.63,14,1
P008,HRTF_A,6,2.403,56.94,18.65,14,1
P008,HRTF_A,6,2.417,58.02,17.64,14,1
P008,HRTF_A,6,2.431,59.14,16.62,14,1
P008,HRTF_A,6,2.445,60.28,15.64,14,1
P008,HRTF_A,6,2.459,61.45,14.63,14,1
P008,HRTF_A,6,2.473,62.61,13.65,14,1
P008,HRTF_A,6,2.486,63.76,12.73,14,1
P008,HRTF_A,6,2.5,64.89,11.88,14,1
P008,HRTF_A,6,2.514,66.02,11.14,14,1
P008,HRTF_A,6,2.528,67.17,10.43,14,1
P008,HRTF_A,6,2.542,68.3,9.75,14,1
P008,HRTF_A,6,2.556,69.39,9.1,14,1
P008,HRTF_A,6,2.57,70.41,8.47,14,1
P008,HRTF_A,6,2.584,71.36,7.81,14,1
P008,HRTF_A,6,2.598,72.26,7.1,14,1
P008,HRTF_A,6,2.612,73.13,6.38,14,1
P008,HRTF_A,6,2.625,73.97,5.57,14,1
P008,HRTF_A,6,2.639,74.74,4.69,14,1
P008,HRTF_A,6,2.653,75.44,3.64,14,1
P008,HRTF_A,6,2.667,76.12,2.46,14,1
P008,HRTF_A,6,2.681,76.73,1.21,14,1
P008,HRTF_A,6,2.695,77.31,-0.03,14,1
P008,HRTF_A,6,2.709,77.86,-1.19,14,1
P008,HRTF_A,6,2.722,78.41,-2.32,14,1
P008,HRTF_A,6,2.737,78.95,-3.45,14,1
P008,HRTF_A,6,2.75,79.47,-4.62,14,1
P008,HRTF_A,6,2.764,79.94,-5.78,14,1
P008,HRTF_A,6,2.778,80.37,-6.9,14,1
P008,HRTF_A,6,2.792,80.76,-8,14,1
P008,HRTF_A,6,2.806,81.14,-9.02,14,1
P008,HRTF_A,6,2.82,81.56,-9.9,14,1
P008,HRTF_A,6,2.834,81.99,-10.62,14,1
P008,HRTF_A,6,2.847,82.4,-11.19,14,1
P008,HRTF_A,6,2.862,82.8,-11.71,14,1
P008,HRTF_A,6,2.876,83.22,-12.22,14,1
P008,HRTF_A,6,2.889,83.71,-12.64,14,1
P008,HRTF_A,6,2.903,84.27,-12.91,14,1
P008,HRTF_A,6,2.917,84.87,-13.15,14,1
P008,HRTF_A,6,2.931,85.51,-13.34,14,1
P008,HRTF_A,6,2.945,86.22,-13.51,14,1
P008,HRTF_A,6,2.959,87,-13.63,14,1
P008,HRTF_A,6,2.973,87.79,-13.67,14,1
P008,HRTF_A,6,2.987,88.64,-13.67,14,1
P008,HRTF_A,6,3,89.48,-13.69,14,1
P008,HRTF_A,6,3.014,90.32,-13.72,14,1
P008,HRTF_A,6,3.028,91.12,-13.79,14,1
P008,HRTF_A,6,3.042,91.93,-13.9,14,1
P008,HRTF_A,6,3.056,92.75,-14.03,14,1
P008,HRTF_A,6,3.07,93.62,-14.27,14,1
P008,HRTF_A,6,3.084,94.52,-14.58,14,1
P008,HRTF_A,6,3.098,95.47,-14.98,14,1
P008,HRTF_A,6,3.111,96.46,-15.45,14,1
P008,HRTF_A,6,3.125,97.5,-15.97,14,1
P008,HRTF_A,6,3.139,98.68,-16.52,14,1
P008,HRTF_A,6,3.153,99.8,-17.07,14,1
P008,HRTF_A,6,3.167,100.9,-17.64,14,1
P008,HRTF_A,6,3.181,101.97,-18.22,14,1
P008,HRTF_A,6,3.195,103,-18.77,14,1
P008,HRTF_A,6,3.209,103.93,-19.26,14,1
P008,HRTF_A,6,3.222,104.77,-19.67,14,1
P008,HRTF_A,6,3.236,105.53,-19.99,14,1
P008,HRTF_A,6,3.251,106.17,-20.26,14,1
P008,HRTF_A,6,3.264,106.75,-20.49,14,1
P008,HRTF_A,6,3.278,107.26,-20.64,14,1
P008,HRTF_A,6,3.292,107.73,-20.83,14,1
P008,HRTF_A,6,3.306,108.2,-21.04,14,1
P008,HRTF_A,6,3.32,108.66,-21.25,14,1
P008,HRTF_A,6,3.334,109.14,-21.42,14,1
P008,HRTF_A,6,3.347,109.66,-21.53,14,1
P008,HRTF_A,6,3.362,110.21,-21.61,14,1
P008,HRTF_A,6,3.376,110.79,-21.67,14,1
P008,HRTF_A,6,3.389,111.33,-21.8,14,1
P008,HRTF_A,6,3.403,111.87,-21.94,14,1
P008,HRTF_A,6,3.417,112.43,-22.08,14,1
P008,HRTF_A,6,3.431,113,-22.17,14,1
P008,HRTF_A,6,3.445,113.55,-22.23,14,1
P008,HRTF_A,6,3.459,114.08,-22.3,14,1
P008,HRTF_A,6,3.473,114.64,-22.36,14,1
P008,HRTF_A,6,3.487,115.16,-22.44,14,1
P008,HRTF_A,6,3.5,115.67,-22.5,14,1
P008,HRTF_A,6,3.514,116.1,-22.55,14,1
P008,HRTF_A,6,3.528,116.49,-22.61,14,1
P008,HRTF_A,6,3.542,116.79,-22.66,14,1
P008,HRTF_A,6,3.556,117.06,-22.7,14,1
P008,HRTF_A,6,3.57,117.27,-22.73,14,1
P008,HRTF_A,6,3.584,117.43,-22.77,14,1
P008,HRTF_A,6,3.598,117.55,-22.83,14,1
P008,HRTF_A,6,3.611,117.67,-22.88,14,1
P008,HRTF_A,6,3.626,117.75,-22.95,14,1
P008,HRTF_A,6,3.639,117.83,-22.99,14,1
P008,HRTF_A,6,3.653,117.89,-23.03,14,1
P008,HRTF_A,6,3.667,117.94,-23.09,14,1
P008,HRTF_A,6,3.681,117.97,-23.18,14,1
P008,HRTF_A,7,0.014,-3.31,-5.69,21,1
P008,HRTF_A,7,0.028,-3.27,-5.67,21,1
P008,HRTF_A,7,0.042,-3.23,-5.64,21,1
P008,HRTF_A,7,0.056,-3.19,-5.58,21,1
P008,HRTF_A,7,0.069,-3.13,-5.5,21,1
P008,HRTF_A,7,0.083,-3.07,-5.41,21,1
P008,HRTF_A,7,0.097,-3,-5.29,21,1
P008,HRTF_A,7,0.111,-2.91,-5.15,21,1
P008,HRTF_A,7,0.125,-2.83,-4.98,21,1
P008,HRTF_A,7,0.139,-2.75,-4.79,21,1
P008,HRTF_A,7,0.153,-2.65,-4.56,21,1
P008,HRTF_A,7,0.167,-2.57,-4.36,21,1
P008,HRTF_A,7,0.181,-2.49,-4.24,21,1
P008,HRTF_A,7,0.195,-2.41,-4.14,21,1
P008,HRTF_A,7,0.209,-2.35,-4.07,21,1
P008,HRTF_A,7,0.222,-2.31,-4.03,21,1
P008,HRTF_A,7,0.236,-2.31,-4.02,21,1
P008,HRTF_A,7,0.25,-2.36,-4.08,21,1
P008,HRTF_A,7,0.264,-2.51,-4.19,21,1
P008,HRTF_A,7,0.278,-2.81,-4.32,21,1
P008,HRTF_A,7,0.292,-3.31,-4.47,21,1
P008,HRTF_A,7,0.306,-4.06,-4.68,21,1
P008,HRTF_A,7,0.32,-5.13,-4.9,21,1
P008,HRTF_A,7,0.334,-6.48,-5.12,21,1
P008,HRTF_A,7,0.347,-8.14,-5.36,21,1
P008,HRTF_A,7,0.361,-10.12,-5.6,21,1
P008,HRTF_A,7,0.375,-12.34,-5.83,21,1
P008,HRTF_A,7,0.389,-14.73,-6.02,21,1
P008,HRTF_A,7,0.403,-17.24,-6.2,21,1
P008,HRTF_A,7,0.417,-19.85,-6.37,21,1
P008,HRTF_A,7,0.431,-22.49,-6.5,21,1
P008,HRTF_A,7,0.445,-25.15,-6.63,21,1
P008,HRTF_A,7,0.458,-27.82,-6.76,21,1
P008,HRTF_A,7,0.472,-30.42,-6.9,21,1
P008,HRTF_A,7,0.486,-33,-7.03,21,1
P008,HRTF_A,7,0.5,-35.49,-7.14,21,1
P008,HRTF_A,7,0.514,-37.94,-7.24,21,1
P008,HRTF_A,7,0.528,-40.29,-7.3,21,1
P008,HRTF_A,7,0.542,-42.53,-7.31,21,1
P008,HRTF_A,7,0.556,-44.68,-7.3,21,1
P008,HRTF_A,7,0.57,-46.74,-7.24,21,1
P008,HRTF_A,7,0.584,-48.7,-7.13,21,1
P008,HRTF_A,7,0.597,-50.57,-6.98,21,1
P008,HRTF_A,7,0.611,-52.33,-6.75,21,1
P008,HRTF_A,7,0.625,-54.01,-6.51,21,1
P008,HRTF_A,7,0.639,-55.65,-6.23,21,1
P008,HRTF_A,7,0.653,-57.24,-5.93,21,1
P008,HRTF_A,7,0.667,-58.84,-5.62,21,1
P008,HRTF_A,7,0.681,-60.42,-5.33,21,1
P008,HRTF_A,7,0.694,-62.05,-5.01,21,1
P008,HRTF_A,7,0.709,-63.72,-4.74,21,1
P008,HRTF_A,7,0.723,-65.43,-4.63,21,1
P008,HRTF_A,7,0.736,-67.2,-4.68,21,1
P008,HRTF_A,7,0.75,-68.98,-4.89,21,1
P008,HRTF_A,7,0.764,-70.77,-5.28,21,1
P008,HRTF_A,7,0.778,-72.6,-5.79,21,1
P008,HRTF_A,7,0.792,-74.47,-6.3,21,1
P008,HRTF_A,7,0.806,-76.37,-6.71,21,1
P008,HRTF_A,7,0.819,-78.24,-7.03,21,1
P008,HRTF_A,7,0.833,-80.12,-7.27,21,1
P008,HRTF_A,7,0.847,-81.95,-7.47,21,1
P008,HRTF_A,7,0.861,-83.78,-7.65,21,1
P008,HRTF_A,7,0.875,-85.59,-7.82,21,1
P008,HRTF_A,7,0.889,-87.35,-8.01,21,1
P008,HRTF_A,7,0.903,-89.03,-8.19,21,1
P008,HRTF_A,7,0.917,-90.65,-8.42,21,1
P008,HRTF_A,7,0.931,-92.25,-8.75,21,1
P008,HRTF_A,7,0.945,-93.86,-9.13,21,1
P008,HRTF_A,7,0.958,-95.45,-9.59,21,1
P008,HRTF_A,7,0.973,-96.95,-10.06,21,1
P008,HRTF_A,7,0.986,-98.37,-10.59,21,1
P008,HRTF_A,7,1,-99.72,-11.21,21,1
P008,HRTF_A,7,1.014,-101.08,-11.9,21,1
P008,HRTF_A,7,1.028,-102.41,-12.63,21,1
P008,HRTF_A,7,1.042,-103.66,-13.3,21,1
P008,HRTF_A,7,1.056,-104.8,-13.91,21,1
P008,HRTF_A,7,1.069,-105.82,-14.41,21,1
P008,HRTF_A,7,1.084,-106.77,-14.8,21,1
P008,HRTF_A,7,1.097,-107.68,-15.08,21,1
P008,HRTF_A,7,1.111,-108.56,-15.21,21,1
P008,HRTF_A,7,1.125,-109.39,-15.22,21,1
P008,HRTF_A,7,1.139,-110.22,-15.07,21,1
P008,HRTF_A,7,1.153,-111.01,-14.78,21,1
P008,HRTF_A,7,1.167,-111.77,-14.44,21,1
P008,HRTF_A,7,1.181,-112.5,-13.99,21,1
P008,HRTF_A,7,1.195,-113.21,-13.5,21,1
P008,HRTF_A,7,1.209,-113.88,-12.96,21,1
P008,HRTF_A,7,1.222,-114.58,-12.39,21,1
P008,HRTF_A,7,1.236,-115.29,-11.8,21,1
P008,HRTF_A,7,1.25,-116.02,-11.18,21,1
P008,HRTF_A,7,1.264,-116.79,-10.54,21,1
P008,HRTF_A,7,1.278,-117.6,-9.88,21,1
P008,HRTF_A,7,1.293,-118.44,-9.23,21,1
P008,HRTF_A,7,1.305,-119.34,-8.58,21,1
P008,HRTF_A,7,1.32,-120.29,-7.97,21,1
P008,HRTF_A,7,1.334,-121.25,-7.37,21,1
P008,HRTF_A,7,1.347,-122.24,-6.83,21,1
P008,HRTF_A,7,1.361,-123.23,-6.3,21,1
P008,HRTF_A,7,1.375,-124.23,-5.8,21,1
P008,HRTF_A,7,1.389,-125.18,-5.33,21,1
P008,HRTF_A,7,1.403,-126.09,-4.87,21,1
P008,HRTF_A,7,1.417,-126.94,-4.43,21,1
P008,HRTF_A,7,1.431,-127.74,-4.06,21,1
P008,HRTF_A,7,1.445,-128.5,-3.67,21,1
P008,HRTF_A,7,1.458,-129.22,-3.28,21,1
P008,HRTF_A,7,1.472,-129.87,-2.95,21,1
P008,HRTF_A,7,1.486,-130.46,-2.6,21,1
P008,HRTF_A,7,1.5,-131,-2.3,21,1
P008,HRTF_A,7,1.514,-131.49,-2,21,1
P008,HRTF_A,7,1.528,-131.97,-1.73,21,1
P008,HRTF_A,7,1.542,-132.41,-1.46,21,1
P008,HRTF_A,7,1.556,-132.85,-1.26,21,1
P008,HRTF_A,7,1.569,-133.28,-1.09,21,1
P008,HRTF_A,8,0.012,2.27,1.42,22,1
P008,HRTF_A,8,0.025,2.33,1.4,22,1
P008,HRTF_A,8,0.039,2.38,1.38,22,1
P008,HRTF_A,8,0.053,2.41,1.37,22,1
P008,HRTF_A,8,0.067,2.42,1.37,22,1
P008,HRTF_A,8,0.081,2.41,1.39,22,1
P008,HRTF_A,8,0.095,2.37,1.4,22,1
P008,HRTF_A,8,0.109,2.32,1.4,22,1
P008,HRTF_A,8,0.123,2.26,1.36,22,1
P008,HRTF_A,8,0.137,2.19,1.29,22,1
P008,HRTF_A,8,0.151,2.14,1.21,22,1
P008,HRTF_A,8,0.164,2.08,1.11,22,1
P008,HRTF_A,8,0.178,2.02,0.99,22,1
P008,HRTF_A,8,0.192,1.94,0.84,22,1
P008,HRTF_A,8,0.206,1.84,0.67,22,1
P008,HRTF_A,8,0.22,1.74,0.49,22,1
P008,HRTF_A,8,0.234,1.66,0.28,22,1
P008,HRTF_A,8,0.247,1.57,0.07,22,1
P008,HRTF_A,8,0.262,1.47,-0.13,22,1
P008,HRTF_A,8,0.275,1.37,-0.33,22,1
P008,HRTF_A,8,0.289,1.28,-0.53,22,1
P008,HRTF_A,8,0.303,1.21,-0.77,22,1
P008,HRTF_A,8,0.317,1.21,-1.01,22,1
P008,HRTF_A,8,0.331,1.28,-1.24,22,1
P008,HRTF_A,8,0.345,1.41,-1.43,22,1
P008,HRTF_A,8,0.359,1.63,-1.6,22,1
P008,HRTF_A,8,0.372,1.99,-1.74,22,1
P008,HRTF_A,8,0.386,2.6,-1.89,22,1
P008,HRTF_A,8,0.4,3.41,-2.06,22,1
P008,HRTF_A,8,0.414,4.39,-2.21,22,1
P008,HRTF_A,8,0.428,5.52,-2.33,22,1
P008,HRTF_A,8,0.442,6.85,-2.49,22,1
P008,HRTF_A,8,0.456,8.3,-2.64,22,1
P008,HRTF_A,8,0.47,9.89,-2.76,22,1
P008,HRTF_A,8,0.484,11.59,-2.86,22,1
P008,HRTF_A,8,0.498,13.43,-2.9,22,1
P008,HRTF_A,8,0.512,15.4,-2.89,22,1
P008,HRTF_A,8,0.525,17.46,-2.86,22,1
P008,HRTF_A,8,0.539,19.56,-2.84,22,1
P008,HRTF_A,8,0.553,21.67,-2.8,22,1
P008,HRTF_A,8,0.567,23.77,-2.78,22,1
P008,HRTF_A,8,0.581,25.86,-2.79,22,1
P008,HRTF_A,8,0.595,27.89,-2.85,22,1
P008,HRTF_A,8,0.609,29.84,-2.95,22,1
P008,HRTF_A,8,0.622,31.71,-3.1,22,1
P008,HRTF_A,8,0.637,33.5,-3.27,22,1
P008,HRTF_A,8,0.651,35.18,-3.46,22,1
P008,HRTF_A,8,0.664,36.8,-3.62,22,1
P008,HRTF_A,8,0.678,38.36,-3.77,22,1
P008,HRTF_A,8,0.692,39.9,-3.93,22,1
P008,HRTF_A,8,0.706,41.43,-4.06,22,1
P008,HRTF_A,8,0.72,42.94,-4.12,22,1
P008,HRTF_A,8,0.734,44.44,-4.08,22,1
P008,HRTF_A,8,0.748,46,-3.89,22,1
P008,HRTF_A,8,0.762,47.56,-3.63,22,1
P008,HRTF_A,8,0.776,49.13,-3.26,22,1
P008,HRTF_A,8,0.79,50.64,-2.85,22,1
P008,HRTF_A,8,0.803,52.13,-2.38,22,1
P008,HRTF_A,8,0.817,53.56,-1.78,22,1
P008,HRTF_A,8,0.831,54.9,-1.11,22,1
P008,HRTF_A,8,0.845,56.12,-0.35,22,1
P008,HRTF_A,8,0.859,57.18,0.5,22,1
P008,HRTF_A,8,0.873,58.06,1.43,22,1
P008,HRTF_A,8,0.887,58.73,2.42,22,1
P008,HRTF_A,8,0.901,59.11,3.45,22,1
P008,HRTF_A,8,0.915,59.13,4.47,22,1
P008,HRTF_A,8,0.928,58.73,5.42,22,1
P008,HRTF_A,8,0.942,57.84,6.24,22,1
P008,HRTF_A,8,0.956,56.57,6.97,22,1
P008,HRTF_A,8,0.97,54.89,7.6,22,1
P008,HRTF_A,8,0.984,52.83,8.09,22,1
P008,HRTF_A,8,0.998,50.44,8.49,22,1
P008,HRTF_A,8,1.012,47.74,8.8,22,1
P008,HRTF_A,8,1.025,44.8,8.99,22,1
P008,HRTF_A,8,1.039,41.63,9.1,22,1
P008,HRTF_A,8,1.053,38.24,9.15,22,1
P008,HRTF_A,8,1.067,34.68,9.13,22,1
P008,HRTF_A,8,1.081,30.96,9.1,22,1
P008,HRTF_A,8,1.095,27.08,9.05,22,1
P008,HRTF_A,8,1.109,23.05,8.94,22,1
P008,HRTF_A,8,1.123,18.96,8.8,22,1
P008,HRTF_A,8,1.137,14.83,8.63,22,1
P008,HRTF_A,8,1.15,10.7,8.41,22,1
P008,HRTF_A,8,1.164,6.57,8.13,22,1
P008,HRTF_A,8,1.178,2.52,7.83,22,1
P008,HRTF_A,8,1.192,-1.45,7.49,22,1
P008,HRTF_A,8,1.206,-5.31,7.1,22,1
P008,HRTF_A,8,1.22,-9.06,6.65,22,1
P008,HRTF_A,8,1.234,-12.73,6.18,22,1
P008,HRTF_A,8,1.248,-16.33,5.63,22,1
P008,HRTF_A,8,1.262,-19.82,5.05,22,1
P008,HRTF_A,8,1.275,-23.23,4.46,22,1
P008,HRTF_A,8,1.289,-26.55,3.92,22,1
P008,HRTF_A,8,1.303,-29.78,3.38,22,1
P008,HRTF_A,8,1.317,-32.96,2.88,22,1
P008,HRTF_A,8,1.331,-36.14,2.38,22,1
P008,HRTF_A,8,1.345,-39.3,1.83,22,1
P008,HRTF_A,8,1.359,-42.4,1.33,22,1
P008,HRTF_A,8,1.373,-45.43,0.82,22,1
P008,HRTF_A,8,1.387,-48.42,0.31,22,1
P008,HRTF_A,8,1.4,-51.38,-0.15,22,1
P008,HRTF_A,8,1.414,-54.27,-0.58,22,1
P008,HRTF_A,8,1.428,-57.1,-0.96,22,1
P008,HRTF_A,8,1.442,-59.86,-1.28,22,1
P008,HRTF_A,8,1.456,-62.56,-1.56,22,1
P008,HRTF_A,8,1.47,-65.21,-1.78,22,1
P008,HRTF_A,8,1.484,-67.82,-1.99,22,1
P008,HRTF_A,8,1.498,-70.37,-2.15,22,1
P008,HRTF_A,8,1.512,-72.84,-2.3,22,1
P008,HRTF_A,8,1.525,-75.26,-2.43,22,1
P008,HRTF_A,8,1.539,-77.59,-2.52,22,1
P008,HRTF_A,8,1.553,-79.89,-2.58,22,1
P008,HRTF_A,8,1.567,-82.16,-2.63,22,1
P008,HRTF_A,8,1.581,-84.37,-2.66,22,1
P008,HRTF_A,8,1.595,-86.55,-2.69,22,1
P008,HRTF_A,8,1.609,-88.67,-2.72,22,1
P008,HRTF_A,8,1.623,-90.69,-2.7,22,1
P008,HRTF_A,8,1.636,-92.6,-2.69,22,1
P008,HRTF_A,8,1.65,-94.42,-2.73,22,1
P008,HRTF_A,8,1.664,-96.21,-2.84,22,1
P008,HRTF_A,8,1.678,-97.94,-2.97,22,1
P008,HRTF_A,8,1.692,-99.63,-3.15,22,1
P008,HRTF_A,8,1.706,-101.23,-3.36,22,1
P008,HRTF_A,8,1.72,-102.75,-3.6,22,1
P008,HRTF_A,8,1.733,-104.23,-3.92,22,1
P008,HRTF_A,8,1.748,-105.72,-4.35,22,1
P008,HRTF_A,8,1.762,-107.24,-4.84,22,1
P008,HRTF_A,8,1.776,-108.85,-5.38,22,1
P008,HRTF_A,8,1.789,-110.45,-5.93,22,1
P008,HRTF_A,8,1.803,-112.01,-6.47,22,1
P008,HRTF_A,8,1.817,-113.51,-7,22,1
P008,HRTF_A,8,1.831,-114.98,-7.49,22,1
P008,HRTF_A,8,1.845,-116.4,-7.95,22,1
P008,HRTF_A,8,1.859,-117.76,-8.37,22,1
P008,HRTF_A,8,1.873,-119.06,-8.75,22,1
P008,HRTF_A,8,1.887,-120.24,-9.1,22,1
P008,HRTF_A,8,1.901,-121.31,-9.46,22,1
P008,HRTF_A,8,1.915,-122.3,-9.9,22,1
P008,HRTF_A,8,1.928,-123.22,-10.5,22,1
P008,HRTF_A,8,1.942,-124.09,-11.14,22,1
P008,HRTF_A,8,1.956,-124.88,-11.75,22,1
P008,HRTF_A,8,1.97,-125.58,-12.35,22,1
P008,HRTF_A,8,1.984,-126.22,-12.96,22,1
P008,HRTF_A,8,1.998,-126.85,-13.59,22,1
P008,HRTF_A,8,2.012,-127.48,-14.14,22,1
P008,HRTF_A,8,2.026,-128.08,-14.64,22,1
P008,HRTF_A,8,2.039,-128.68,-15.07,22,1
P008,HRTF_A,8,2.053,-129.24,-15.45,22,1
P008,HRTF_A,8,2.067,-129.81,-15.79,22,1
P008,HRTF_A,8,2.081,-130.37,-16.13,22,1
P008,HRTF_A,8,2.095,-130.91,-16.45,22,1
P008,HRTF_A,8,2.109,-131.47,-16.75,22,1
P008,HRTF_A,8,2.122,-131.98,-17.06,22,1
P008,HRTF_A,8,2.137,-132.48,-17.34,22,1
P008,HRTF_A,8,2.15,-132.95,-17.61,22,1
P008,HRTF_A,8,2.164,-133.37,-17.89,22,1
P008,HRTF_A,8,2.178,-133.79,-18.19,22,1
P008,HRTF_A,8,2.192,-134.19,-18.51,22,1
P008,HRTF_A,8,2.206,-134.56,-18.79,22,1
P008,HRTF_A,8,2.22,-134.94,-19.04,22,1
P008,HRTF_A,8,2.234,-135.31,-19.24,22,1
P008,HRTF_A,8,2.248,-135.61,-19.48,22,1
P008,HRTF_A,8,2.261,-135.86,-19.73,22,1
P008,HRTF_A,8,2.276,-136.06,-19.98,22,1
P008,HRTF_A,8,2.289,-136.21,-20.23,22,1
P008,HRTF_A,8,2.303,-136.31,-20.44,22,1
P008,HRTF_A,8,2.317,-136.39,-20.63,22,1
P008,HRTF_A,8,2.331,-136.43,-20.8,22,1
P008,HRTF_A,8,2.345,-136.46,-20.94,22,1
P008,HRTF_A,8,2.359,-136.47,-21.05,22,1
P008,HRTF_A,8,2.373,-136.44,-21.14,22,1
P008,HRTF_A,8,2.387,-136.4,-21.17,22,1
P008,HRTF_A,8,2.4,-136.36,-21.15,22,1
P008,HRTF_A,8,2.415,-136.32,-21.09,22,1
P008,HRTF_A,8,2.428,-136.3,-21.01,22,1
P008,HRTF_A,8,2.442,-136.29,-20.94,22,1
P008,HRTF_A,8,2.456,-136.27,-20.9,22,1
P008,HRTF_A,8,2.47,-136.21,-20.87,22,1
P008,HRTF_A,8,2.484,-136.13,-20.88,22,1
P008,HRTF_A,8,2.498,-136.01,-20.88,22,1
P008,HRTF_A,8,2.511,-135.87,-20.88,22,1
P008,HRTF_A,8,2.525,-135.7,-20.89,22,1
P008,HRTF_A,8,2.539,-135.49,-20.89,22,1
P008,HRTF_A,9,0.014,1.07,-1.83,1,1
P008,HRTF_A,9,0.028,1.21,-1.8,1,1
P008,HRTF_A,9,0.042,1.36,-1.73,1,1
P008,HRTF_A,9,0.055,1.47,-1.62,1,1
P008,HRTF_A,9,0.069,1.56,-1.42,1,1
P008,HRTF_A,9,0.083,1.68,-1.18,1,1
P008,HRTF_A,9,0.097,1.83,-0.96,1,1
P008,HRTF_A,9,0.111,1.96,-0.74,1,1
P008,HRTF_A,9,0.125,2.05,-0.53,1,1
P008,HRTF_A,9,0.139,2.12,-0.38,1,1
P008,HRTF_A,9,0.152,2.21,-0.3,1,1
P008,HRTF_A,9,0.167,2.29,-0.26,1,1
P008,HRTF_A,9,0.18,2.38,-0.25,1,1
P008,HRTF_A,9,0.194,2.48,-0.26,1,1
P008,HRTF_A,9,0.208,2.56,-0.28,1,1
P008,HRTF_A,9,0.222,2.65,-0.32,1,1
P008,HRTF_A,9,0.236,2.72,-0.32,1,1
P008,HRTF_A,9,0.25,2.8,-0.32,1,1
P008,HRTF_A,9,0.264,2.86,-0.3,1,1
P008,HRTF_A,9,0.278,2.93,-0.27,1,1
P008,HRTF_A,9,0.292,3,-0.26,1,1
P008,HRTF_A,9,0.305,3.08,-0.27,1,1
P008,HRTF_A,9,0.319,3.17,-0.29,1,1
P008,HRTF_A,9,0.333,3.27,-0.31,1,1
P008,HRTF_A,9,0.347,3.4,-0.33,1,1
P008,HRTF_A,9,0.361,3.53,-0.34,1,1
P008,HRTF_A,9,0.375,3.67,-0.35,1,1
P008,HRTF_A,9,0.389,3.81,-0.36,1,1
P008,HRTF_A,9,0.402,3.94,-0.38,1,1
P008,HRTF_A,9,0.416,4.06,-0.42,1,1
P008,HRTF_A,9,0.43,4.19,-0.46,1,1
P008,HRTF_A,9,0.444,4.29,-0.51,1,1
P008,HRTF_A,9,0.458,4.39,-0.57,1,1
P008,HRTF_A,9,0.472,4.47,-0.63,1,1
P008,HRTF_A,9,0.487,4.54,-0.68,1,1
P008,HRTF_A,9,0.5,4.6,-0.71,1,1
P008,HRTF_A,9,0.514,4.66,-0.74,1,1
P008,HRTF_A,9,0.528,4.69,-0.75,1,1
P008,HRTF_A,9,0.542,4.73,-0.74,1,1
P008,HRTF_A,9,0.555,4.74,-0.73,1,1
P008,HRTF_A,9,0.569,4.75,-0.71,1,1
P008,HRTF_A,9,0.584,4.75,-0.71,1,1
P008,HRTF_A,9,0.597,4.74,-0.7,1,1
P008,HRTF_A,9,0.611,4.71,-0.7,1,1
P008,HRTF_A,9,0.625,4.67,-0.71,1,1
P008,HRTF_A,9,0.639,4.62,-0.72,1,1
P008,HRTF_A,9,0.653,4.58,-0.73,1,1
P008,HRTF_A,9,0.667,4.51,-0.74,1,1
P008,HRTF_A,9,0.681,4.45,-0.74,1,1
P008,HRTF_A,9,0.694,4.38,-0.74,1,1
P008,HRTF_A,10,0.018,3.95,-0.88,29,1
P008,HRTF_A,10,0.032,3.96,-0.89,29,1
P008,HRTF_A,10,0.047,3.96,-0.91,29,1
P008,HRTF_A,10,0.061,3.97,-0.92,29,1
P008,HRTF_A,10,0.075,3.97,-0.93,29,1
P008,HRTF_A,10,0.088,3.98,-0.93,29,1
P008,HRTF_A,10,0.102,3.99,-0.92,29,1
P008,HRTF_A,10,0.116,4,-0.88,29,1
P008,HRTF_A,10,0.13,4.01,-0.85,29,1
P008,HRTF_A,10,0.144,4.02,-0.85,29,1
P008,HRTF_A,10,0.158,4.04,-0.85,29,1
P008,HRTF_A,10,0.172,4.05,-0.86,29,1
P008,HRTF_A,10,0.186,4.05,-0.87,29,1
P008,HRTF_A,10,0.199,4.05,-0.89,29,1
P008,HRTF_A,10,0.213,4.03,-0.9,29,1
P008,HRTF_A,10,0.227,4.01,-0.91,29,1
P008,HRTF_A,10,0.241,3.99,-0.91,29,1
P008,HRTF_A,10,0.255,3.98,-0.92,29,1
P008,HRTF_A,10,0.269,3.97,-0.93,29,1
P008,HRTF_A,10,0.283,3.96,-0.95,29,1
P008,HRTF_A,10,0.296,3.93,-0.96,29,1
P008,HRTF_A,10,0.311,3.91,-0.96,29,1
P008,HRTF_A,10,0.325,3.9,-0.96,29,1
P008,HRTF_A,10,0.338,3.88,-0.97,29,1
P008,HRTF_A,10,0.352,3.87,-0.97,29,1
P008,HRTF_A,10,0.366,3.85,-0.97,29,1
P008,HRTF_A,10,0.38,3.83,-0.97,29,1
P008,HRTF_A,10,0.394,3.81,-0.98,29,1
P008,HRTF_A,10,0.408,3.8,-0.99,29,1
P008,HRTF_A,10,0.422,3.78,-0.99,29,1
P008,HRTF_A,10,0.435,3.77,-1,29,1
P008,HRTF_A,10,0.45,3.77,-1,29,1
P008,HRTF_A,10,0.464,3.76,-1.01,29,1
P008,HRTF_A,10,0.477,3.78,-1.01,29,1
P008,HRTF_A,10,0.491,3.81,-1.01,29,1
P008,HRTF_A,10,0.505,3.85,-1.01,29,1
P008,HRTF_A,10,0.519,3.92,-1.01,29,1
P008,HRTF_A,10,0.533,4.05,-1.02,29,1
P008,HRTF_A,10,0.547,4.22,-1.01,29,1
P008,HRTF_A,10,0.561,4.43,-0.98,29,1
P008,HRTF_A,10,0.574,4.65,-0.94,29,1
P008,HRTF_A,10,0.588,4.87,-0.92,29,1
P008,HRTF_A,10,0.602,5.09,-0.91,29,1
P008,HRTF_A,10,0.616,5.35,-0.89,29,1
P008,HRTF_A,10,0.63,5.67,-0.87,29,1
P008,HRTF_A,10,0.644,6.06,-0.85,29,1
P008,HRTF_A,10,0.658,6.49,-0.8,29,1
P008,HRTF_A,10,0.672,7.02,-0.69,29,1
P008,HRTF_A,10,0.686,7.65,-0.54,29,1
P008,HRTF_A,10,0.7,8.4,-0.34,29,1
P008,HRTF_A,10,0.714,9.26,-0.11,29,1
P008,HRTF_A,10,0.727,10.25,0.21,29,1
P008,HRTF_A,10,0.741,11.34,0.58,29,1
P008,HRTF_A,10,0.757,12.47,1.03,29,1
P008,HRTF_A,10,0.769,13.59,1.55,29,1
P008,HRTF_A,10,0.783,14.66,2.17,29,1
P008,HRTF_A,10,0.797,15.61,2.88,29,1
P008,HRTF_A,10,0.811,16.37,3.71,29,1
P008,HRTF_A,10,0.825,16.96,4.6,29,1
P008,HRTF_A,10,0.838,17.35,5.57,29,1
P008,HRTF_A,10,0.852,17.6,6.57,29,1
P008,HRTF_A,10,0.866,17.63,7.49,29,1
P008,HRTF_A,10,0.88,17.4,8.31,29,1
P008,HRTF_A,10,0.894,16.87,9.01,29,1
P008,HRTF_A,10,0.908,16.02,9.59,29,1
P008,HRTF_A,10,0.922,14.82,10.11,29,1
P008,HRTF_A,10,0.936,13.31,10.57,29,1
P008,HRTF_A,10,0.95,11.55,11,29,1
P008,HRTF_A,10,0.964,9.58,11.45,29,1
P008,HRTF_A,10,0.977,7.39,11.95,29,1
P008,HRTF_A,10,0.991,5.05,12.4,29,1
P008,HRTF_A,10,1.005,2.59,12.84,29,1
P008,HRTF_A,10,1.019,-0.02,13.23,29,1
P008,HRTF_A,10,1.033,-2.75,13.56,29,1
P008,HRTF_A,10,1.047,-5.54,13.83,29,1
P008,HRTF_A,10,1.06,-8.41,14.02,29,1
P008,HRTF_A,10,1.075,-11.33,14.09,29,1
P008,HRTF_A,10,1.088,-14.25,14.05,29,1
P008,HRTF_A,10,1.102,-17.16,13.9,29,1
P008,HRTF_A,10,1.116,-20.03,13.68,29,1
P008,HRTF_A,10,1.13,-22.84,13.36,29,1
P008,HRTF_A,10,1.144,-25.59,12.99,29,1
P008,HRTF_A,10,1.158,-28.27,12.57,29,1
P008,HRTF_A,10,1.171,-30.91,12.11,29,1
P008,HRTF_A,10,1.185,-33.49,11.63,29,1
P008,HRTF_A,10,1.2,-36.04,11.15,29,1
P008,HRTF_A,10,1.214,-38.51,10.6,29,1
P008,HRTF_A,10,1.227,-40.91,9.99,29,1
P008,HRTF_A,10,1.241,-43.24,9.37,29,1
P008,HRTF_A,10,1.255,-45.51,8.72,29,1
P008,HRTF_A,10,1.269,-47.71,8.14,29,1
P008,HRTF_A,10,1.283,-49.86,7.58,29,1
P008,HRTF_A,10,1.297,-51.89,7.05,29,1
P008,HRTF_A,10,1.31,-53.76,6.53,29,1
P008,HRTF_A,10,1.324,-55.46,5.97,29,1
P008,HRTF_A,10,1.339,-56.98,5.45,29,1
P008,HRTF_A,10,1.352,-58.32,4.99,29,1
P008,HRTF_A,10,1.366,-59.45,4.66,29,1
P008,HRTF_A,10,1.38,-60.4,4.43,29,1
P008,HRTF_A,10,1.394,-61.15,4.26,29,1
P008,HRTF_A,10,1.408,-61.74,4.15,29,1
P008,HRTF_A,10,1.422,-62.18,4.05,29,1
P008,HRTF_A,10,1.435,-62.53,4,29,1
P008,HRTF_A,10,1.449,-62.76,3.94,29,1
P008,HRTF_A,10,1.463,-62.91,3.9,29,1
P008,HRTF_A,10,1.477,-62.98,3.86,29,1
P008,HRTF_A,10,1.491,-62.97,3.84,29,1
P008,HRTF_A,10,1.505,-62.89,3.82,29,1
P008,HRTF_A,10,1.519,-62.73,3.76,29,1
P008,HRTF_A,10,1.533,-62.5,3.72,29,1
P008,HRTF_A,10,1.547,-62.23,3.64,29,1
P008,HRTF_A,10,1.561,-61.9,3.59,29,1
P008,HRTF_A,10,1.574,-61.52,3.55,29,1
P008,HRTF_A,10,1.589,-61.11,3.54,29,1
P008,HRTF_A,10,1.602,-60.67,3.45,29,1
P008,HRTF_A,10,1.616,-60.2,3.26,29,1
P008,HRTF_A,10,1.63,-59.69,3.01,29,1
P008,HRTF_A,10,1.644,-59.2,2.71,29,1
P008,HRTF_A,10,1.658,-58.67,2.42,29,1
P008,HRTF_A,10,1.672,-58.12,2.15,29,1
P008,HRTF_A,10,1.686,-57.6,1.95,29,1
P008,HRTF_A,10,1.699,-57.1,1.81,29,1
P008,HRTF_A,10,1.713,-56.62,1.73,29,1
P008,HRTF_A,10,1.727,-56.18,1.7,29,1
P008,HRTF_A,10,1.741,-55.76,1.7,29,1
P008,HRTF_A,10,1.755,-55.4,1.71,29,1
P008,HRTF_A,10,1.769,-55.07,1.74,29,1
P008,HRTF_A,10,1.783,-54.8,1.79,29,1
P008,HRTF_A,10,1.796,-54.55,1.86,29,1
P008,HRTF_A,10,1.81,-54.33,1.97,29,1
P008,HRTF_A,10,1.825,-54.14,2.09,29,1
P008,HRTF_A,10,1.838,-53.95,2.2,29,1
P008,HRTF_A,10,1.853,-53.78,2.29,29,1
P008,HRTF_A,10,1.866,-53.62,2.34,29,1
P008,HRTF_A,11,0.011,0.05,-0.92,5,1
P008,HRTF_A,11,0.035,-0.13,-1.03,5,1
P008,HRTF_A,11,0.049,-0.31,-1.13,5,1
P008,HRTF_A,11,0.063,-0.46,-1.22,5,1
P008,HRTF_A,11,0.076,-0.59,-1.29,5,1
P008,HRTF_A,11,0.09,-0.71,-1.34,5,1
P008,HRTF_A,11,0.104,-0.82,-1.37,5,1
P008,HRTF_A,11,0.118,-0.92,-1.39,5,1
P008,HRTF_A,11,0.132,-1,-1.42,5,1
P008,HRTF_A,11,0.146,-1.08,-1.43,5,1
P008,HRTF_A,11,0.16,-1.14,-1.45,5,1
P008,HRTF_A,11,0.174,-1.19,-1.47,5,1
P008,HRTF_A,11,0.188,-1.23,-1.5,5,1
P008,HRTF_A,11,0.202,-1.26,-1.56,5,1
P008,HRTF_A,11,0.215,-1.28,-1.61,5,1
P008,HRTF_A,11,0.228,-1.28,-1.63,5,1
P008,HRTF_A,11,0.243,-1.27,-1.61,5,1
P008,HRTF_A,11,0.257,-1.26,-1.57,5,1
P008,HRTF_A,11,0.271,-1.26,-1.5,5,1
P008,HRTF_A,11,0.285,-1.24,-1.4,5,1
P008,HRTF_A,11,0.298,-1.22,-1.3,5,1
P008,HRTF_A,11,0.312,-1.2,-1.21,5,1
P008,HRTF_A,11,0.326,-1.19,-1.11,5,1
P008,HRTF_A,11,0.341,-1.18,-1.02,5,1
P008,HRTF_A,11,0.354,-1.19,-0.96,5,1
P008,HRTF_A,11,0.368,-1.23,-0.9,5,1
P008,HRTF_A,11,0.382,-1.3,-0.81,5,1
P008,HRTF_A,11,0.396,-1.43,-0.73,5,1
P008,HRTF_A,11,0.41,-1.66,-0.63,5,1
P008,HRTF_A,11,0.424,-2.03,-0.56,5,1
P008,HRTF_A,11,0.437,-2.53,-0.53,5,1
P008,HRTF_A,11,0.451,-3.17,-0.53,5,1
P008,HRTF_A,11,0.465,-4.01,-0.55,5,1
P008,HRTF_A,11,0.479,-5.13,-0.61,5,1
P008,HRTF_A,11,0.493,-6.47,-0.64,5,1
P008,HRTF_A,11,0.507,-7.94,-0.67,5,1
P008,HRTF_A,11,0.521,-9.51,-0.63,5,1
P008,HRTF_A,11,0.535,-11.16,-0.62,5,1
P008,HRTF_A,11,0.549,-12.89,-0.59,5,1
P008,HRTF_A,11,0.563,-14.69,-0.54,5,1
P008,HRTF_A,11,0.577,-16.49,-0.51,5,1
P008,HRTF_A,11,0.591,-18.29,-0.47,5,1
P008,HRTF_A,11,0.605,-20.08,-0.4,5,1
P008,HRTF_A,11,0.618,-21.84,-0.3,5,1
P008,HRTF_A,11,0.632,-23.57,-0.21,5,1
P008,HRTF_A,11,0.646,-25.29,-0.11,5,1
P008,HRTF_A,11,0.66,-26.99,0.01,5,1
P008,HRTF_A,11,0.674,-28.67,0.11,5,1
P008,HRTF_A,11,0.688,-30.29,0.25,5,1
P008,HRTF_A,11,0.702,-31.87,0.41,5,1
P008,HRTF_A,11,0.715,-33.43,0.57,5,1
P008,HRTF_A,11,0.729,-34.95,0.74,5,1
P008,HRTF_A,11,0.743,-36.49,0.89,5,1
P008,HRTF_A,11,0.757,-37.99,1.07,5,1
P008,HRTF_A,11,0.771,-39.5,1.27,5,1
P008,HRTF_A,11,0.785,-41,1.53,5,1
P008,HRTF_A,11,0.799,-42.5,1.81,5,1
P008,HRTF_A,11,0.813,-44.03,2.07,5,1
P008,HRTF_A,11,0.827,-45.58,2.29,5,1
P008,HRTF_A,11,0.841,-47.13,2.5,5,1
P008,HRTF_A,11,0.854,-48.68,2.7,5,1
P008,HRTF_A,11,0.868,-50.2,2.89,5,1
P008,HRTF_A,11,0.882,-51.68,3.08,5,1
P008,HRTF_A,11,0.896,-53.15,3.28,5,1
P008,HRTF_A,11,0.91,-54.52,3.51,5,1
P008,HRTF_A,11,0.924,-55.74,3.69,5,1
P008,HRTF_A,11,0.938,-56.8,3.88,5,1
P008,HRTF_A,11,0.952,-57.67,4.04,5,1
P008,HRTF_A,11,0.966,-58.31,4.09,5,1
P008,HRTF_A,11,0.979,-58.72,4.04,5,1
P008,HRTF_A,11,0.993,-58.83,3.9,5,1
P008,HRTF_A,11,1.007,-58.63,3.68,5,1
P008,HRTF_A,11,1.021,-58.11,3.4,5,1
P008,HRTF_A,11,1.035,-57.28,3.1,5,1
P008,HRTF_A,11,1.049,-56.15,2.86,5,1
P008,HRTF_A,11,1.063,-54.64,2.66,5,1
P008,HRTF_A,11,1.077,-52.85,2.5,5,1
P008,HRTF_A,11,1.091,-50.72,2.42,5,1
P008,HRTF_A,11,1.105,-48.28,2.37,5,1
P008,HRTF_A,11,1.119,-45.54,2.31,5,1
P008,HRTF_A,11,1.133,-42.47,2.29,5,1
P008,HRTF_A,11,1.146,-39.21,2.25,5,1
P008,HRTF_A,11,1.16,-35.63,2.14,5,1
P008,HRTF_A,11,1.174,-31.74,2.02,5,1
P008,HRTF_A,11,1.188,-27.56,1.85,5,1
P008,HRTF_A,11,1.202,-23.15,1.63,5,1
P008,HRTF_A,11,1.216,-18.59,1.4,5,1
P008,HRTF_A,11,1.229,-13.93,1.11,5,1
P008,HRTF_A,11,1.244,-9.16,0.8,5,1
P008,HRTF_A,11,1.258,-4.31,0.45,5,1
P008,HRTF_A,11,1.271,0.57,0.11,5,1
P008,HRTF_A,11,1.285,5.4,-0.2,5,1
P008,HRTF_A,11,1.299,10.16,-0.48,5,1
P008,HRTF_A,11,1.313,14.81,-0.82,5,1
P008,HRTF_A,11,1.327,19.35,-1.21,5,1
P008,HRTF_A,11,1.341,23.84,-1.7,5,1
P008,HRTF_A,11,1.355,28.25,-2.24,5,1
P008,HRTF_A,11,1.369,32.5,-2.84,5,1
P008,HRTF_A,11,1.383,36.59,-3.51,5,1
P008,HRTF_A,11,1.397,40.48,-4.2,5,1
P008,HRTF_A,11,1.41,44.19,-4.91,5,1
P008,HRTF_A,11,1.425,47.74,-5.62,5,1
P008,HRTF_A,11,1.438,51.11,-6.39,5,1
P008,HRTF_A,11,1.452,54.29,-7.16,5,1
P008,HRTF_A,11,1.466,57.24,-7.89,5,1
P008,HRTF_A,11,1.48,59.96,-8.52,5,1
P008,HRTF_A,11,1.494,62.49,-9,5,1
P008,HRTF_A,11,1.507,64.74,-9.29,5,1
P008,HRTF_A,11,1.522,66.71,-9.4,5,1
P008,HRTF_A,11,1.536,68.33,-9.35,5,1
P008,HRTF_A,11,1.549,69.59,-9.14,5,1
P008,HRTF_A,11,1.563,70.48,-8.8,5,1
P008,HRTF_A,11,1.577,70.98,-8.33,5,1
P008,HRTF_A,11,1.591,71.11,-7.78,5,1
P008,HRTF_A,11,1.605,70.93,-7.22,5,1
P008,HRTF_A,11,1.618,70.52,-6.66,5,1
P008,HRTF_A,11,1.632,69.88,-6.17,5,1
P008,HRTF_A,11,1.647,69.07,-5.69,5,1
P008,HRTF_A,11,1.661,68.06,-5.18,5,1
P008,HRTF_A,11,1.674,66.88,-4.6,5,1
P008,HRTF_A,11,1.688,65.51,-3.93,5,1
P008,HRTF_A,11,1.702,63.99,-3.14,5,1
P008,HRTF_A,11,1.716,62.36,-2.28,5,1
P008,HRTF_A,11,1.73,60.66,-1.4,5,1
P008,HRTF_A,11,1.744,58.98,-0.5,5,1
P008,HRTF_A,11,1.758,57.4,0.39,5,1
P008,HRTF_A,11,1.772,55.93,1.25,5,1
P008,HRTF_A,11,1.785,54.59,2.05,5,1
P008,HRTF_A,11,1.799,53.31,2.82,5,1
P008,HRTF_A,11,1.813,52.15,3.51,5,1
P008,HRTF_A,11,1.827,51.14,4.07,5,1
P008,HRTF_A,11,1.841,50.22,4.45,5,1
P008,HRTF_A,11,1.855,49.4,4.72,5,1
P008,HRTF_A,11,1.869,48.65,4.95,5,1
P008,HRTF_A,11,1.883,48.04,5.1,5,1
P008,HRTF_A,11,1.896,47.61,5.19,5,1
P008,HRTF_A,11,1.911,47.23,5.23,5,1
P008,HRTF_A,11,1.924,46.93,5.19,5,1
P008,HRTF_A,11,1.938,46.68,5.1,5,1
P008,HRTF_A,11,1.952,46.46,5.02,5,1
P008,HRTF_A,11,1.966,46.32,4.96,5,1
P008,HRTF_A,11,1.98,46.23,4.89,5,1
P008,HRTF_A,11,1.994,46.22,4.81,5,1
P008,HRTF_A,11,2.008,46.25,4.72,5,1
P008,HRTF_A,11,2.021,46.33,4.63,5,1
P008,HRTF_A,11,2.035,46.44,4.56,5,1
P008,HRTF_A,11,2.049,46.58,4.49,5,1
P008,HRTF_A,11,2.063,46.73,4.44,5,1
P008,HRTF_A,11,2.077,46.85,4.36,5,1
P008,HRTF_A,12,0.01,0.98,0.22,7,1
P008,HRTF_A,12,0.022,0.99,0.32,7,1
P008,HRTF_A,12,0.036,0.98,0.44,7,1
P008,HRTF_A,12,0.061,0.96,0.54,7,1
P008,HRTF_A,12,0.075,0.93,0.6,7,1
P008,HRTF_A,12,0.089,0.88,0.61,7,1
P008,HRTF_A,12,0.102,0.81,0.58,7,1
P008,HRTF_A,12,0.116,0.73,0.55,7,1
P008,HRTF_A,12,0.13,0.63,0.52,7,1
P008,HRTF_A,12,0.144,0.52,0.5,7,1
P008,HRTF_A,12,0.158,0.42,0.46,7,1
P008,HRTF_A,12,0.172,0.31,0.39,7,1
P008,HRTF_A,12,0.186,0.22,0.29,7,1
P008,HRTF_A,12,0.2,0.14,0.15,7,1
P008,HRTF_A,12,0.213,0.08,0.03,7,1
P008,HRTF_A,12,0.227,0.02,-0.09,7,1
P008,HRTF_A,12,0.241,-0.03,-0.2,7,1
P008,HRTF_A,12,0.255,-0.08,-0.31,7,1
P008,HRTF_A,12,0.269,-0.15,-0.41,7,1
P008,HRTF_A,12,0.283,-0.22,-0.52,7,1
P008,HRTF_A,12,0.297,-0.29,-0.61,7,1
P008,HRTF_A,12,0.311,-0.37,-0.67,7,1
P008,HRTF_A,12,0.325,-0.44,-0.7,7,1
P008,HRTF_A,12,0.339,-0.53,-0.7,7,1
P008,HRTF_A,12,0.352,-0.63,-0.66,7,1
P008,HRTF_A,12,0.367,-0.77,-0.58,7,1
P008,HRTF_A,12,0.38,-0.94,-0.45,7,1
P008,HRTF_A,12,0.394,-1.15,-0.27,7,1
P008,HRTF_A,12,0.408,-1.56,-0.08,7,1
P008,HRTF_A,12,0.422,-2.4,0.11,7,1
P008,HRTF_A,12,0.436,-3.62,0.32,7,1
P008,HRTF_A,12,0.45,-5.13,0.52,7,1
P008,HRTF_A,12,0.464,-6.82,0.76,7,1
P008,HRTF_A,12,0.477,-8.63,1.01,7,1
P008,HRTF_A,12,0.491,-10.52,1.22,7,1
P008,HRTF_A,12,0.505,-12.5,1.39,7,1
P008,HRTF_A,12,0.519,-14.56,1.5,7,1
P008,HRTF_A,12,0.533,-16.7,1.59,7,1
P008,HRTF_A,12,0.547,-18.86,1.66,7,1
P008,HRTF_A,12,0.561,-21.02,1.75,7,1
P008,HRTF_A,12,0.574,-23.15,1.86,7,1
P008,HRTF_A,12,0.588,-25.25,1.99,7,1
P008,HRTF_A,12,0.602,-27.25,2.2,7,1
P008,HRTF_A,12,0.616,-29.21,2.44,7,1
P008,HRTF_A,12,0.63,-31.12,2.73,7,1
P008,HRTF_A,12,0.644,-33.03,3.04,7,1
P008,HRTF_A,12,0.658,-34.9,3.43,7,1
P008,HRTF_A,12,0.672,-36.71,3.92,7,1
P008,HRTF_A,12,0.686,-38.46,4.51,7,1
P008,HRTF_A,12,0.7,-40.18,5.2,7,1
P008,HRTF_A,12,0.714,-41.87,5.99,7,1
P008,HRTF_A,12,0.728,-43.53,6.86,7,1
P008,HRTF_A,12,0.741,-45.15,7.73,7,1
P008,HRTF_A,12,0.755,-46.73,8.65,7,1
P008,HRTF_A,12,0.769,-48.25,9.53,7,1
P008,HRTF_A,12,0.783,-49.7,10.39,7,1
P008,HRTF_A,12,0.797,-51.04,11.23,7,1
P008,HRTF_A,12,0.811,-52.29,12.07,7,1
P008,HRTF_A,12,0.825,-53.43,12.95,7,1
P008,HRTF_A,12,0.839,-54.47,13.82,7,1
P008,HRTF_A,12,0.853,-55.39,14.71,7,1
P008,HRTF_A,12,0.866,-56.17,15.61,7,1
P008,HRTF_A,12,0.88,-56.73,16.48,7,1
P008,HRTF_A,12,0.894,-57.07,17.25,7,1
P008,HRTF_A,12,0.908,-57.22,17.94,7,1
P008,HRTF_A,12,0.922,-57.11,18.59,7,1
P008,HRTF_A,12,0.936,-56.7,19.24,7,1
P008,HRTF_A,12,0.95,-55.99,19.81,7,1
P008,HRTF_A,12,0.963,-54.96,20.3,7,1
P008,HRTF_A,12,0.977,-53.64,20.68,7,1
P008,HRTF_A,12,0.991,-51.93,21.02,7,1
P008,HRTF_A,12,1.005,-49.77,21.26,7,1
P008,HRTF_A,12,1.019,-47.2,21.39,7,1
P008,HRTF_A,12,1.033,-44.24,21.35,7,1
P008,HRTF_A,12,1.047,-41.04,21.22,7,1
P008,HRTF_A,12,1.061,-37.58,21.01,7,1
P008,HRTF_A,12,1.075,-33.89,20.75,7,1
P008,HRTF_A,12,1.089,-30.03,20.43,7,1
P008,HRTF_A,12,1.102,-26.02,20.07,7,1
P008,HRTF_A,12,1.116,-21.91,19.64,7,1
P008,HRTF_A,12,1.13,-17.68,19.14,7,1
P008,HRTF_A,12,1.144,-13.4,18.57,7,1
P008,HRTF_A,12,1.158,-9.11,17.99,7,1
P008,HRTF_A,12,1.172,-4.86,17.41,7,1
P008,HRTF_A,12,1.186,-0.67,16.87,7,1
P008,HRTF_A,12,1.2,3.47,16.35,7,1
P008,HRTF_A,12,1.213,7.56,15.87,7,1
P008,HRTF_A,12,1.227,11.58,15.41,7,1
P008,HRTF_A,12,1.241,15.53,14.91,7,1
P008,HRTF_A,12,1.255,19.42,14.46,7,1
P008,HRTF_A,12,1.269,23.23,13.97,7,1
P008,HRTF_A,12,1.283,27.07,13.36,7,1
P008,HRTF_A,12,1.297,30.98,12.63,7,1
P008,HRTF_A,12,1.311,34.9,11.85,7,1
P008,HRTF_A,12,1.325,38.77,11.12,7,1
P008,HRTF_A,12,1.338,42.61,10.41,7,1
P008,HRTF_A,12,1.352,46.41,9.7,7,1
P008,HRTF_A,12,1.366,50.16,8.97,7,1
P008,HRTF_A,12,1.38,53.84,8.19,7,1
P008,HRTF_A,12,1.394,57.42,7.35,7,1
P008,HRTF_A,12,1.408,60.83,6.51,7,1
P008,HRTF_A,12,1.422,64.05,5.7,7,1
P008,HRTF_A,12,1.436,67.01,4.86,7,1
P008,HRTF_A,12,1.45,69.69,3.87,7,1
P008,HRTF_A,12,1.463,72.14,2.73,7,1
P008,HRTF_A,12,1.477,74.44,1.44,7,1
P008,HRTF_A,12,1.491,76.53,0.08,7,1
P008,HRTF_A,12,1.505,78.37,-1.38,7,1
P008,HRTF_A,12,1.519,79.94,-2.89,7,1
P008,HRTF_A,12,1.533,81.29,-4.45,7,1
P008,HRTF_A,12,1.547,82.44,-6.03,7,1
P008,HRTF_A,12,1.561,83.38,-7.55,7,1
P008,HRTF_A,12,1.575,84.16,-8.99,7,1
P008,HRTF_A,12,1.588,84.74,-10.31,7,1
P008,HRTF_A,12,1.603,85.23,-11.57,7,1
P008,HRTF_A,12,1.616,85.61,-12.74,7,1
P008,HRTF_A,12,1.631,85.91,-13.82,7,1
P008,HRTF_A,12,1.644,86.14,-14.82,7,1
P008,HRTF_A,12,1.658,86.33,-15.79,7,1
P008,HRTF_A,12,1.672,86.52,-16.78,7,1
P008,HRTF_A,12,1.686,86.69,-17.72,7,1
P008,HRTF_A,12,1.7,86.85,-18.66,7,1
P008,HRTF_A,12,1.714,87.02,-19.6,7,1
P008,HRTF_A,12,1.727,87.18,-20.5,7,1
P008,HRTF_A,12,1.741,87.33,-21.37,7,1
P008,HRTF_A,12,1.755,87.41,-22.23,7,1
P008,HRTF_A,12,1.769,87.47,-23.19,7,1
P008,HRTF_A,12,1.783,87.5,-24.21,7,1
P008,HRTF_A,12,1.797,87.55,-25.24,7,1
P008,HRTF_A,12,1.811,87.59,-26.27,7,1
P008,HRTF_A,12,1.825,87.61,-27.21,7,1
P008,HRTF_A,12,1.839,87.65,-28.08,7,1
P008,HRTF_A,12,1.852,87.66,-28.94,7,1
P008,HRTF_A,12,1.867,87.67,-29.75,7,1
P008,HRTF_A,12,1.882,87.64,-30.55,7,1
P008,HRTF_A,12,1.894,87.52,-31.32,7,1
P008,HRTF_A,12,1.908,87.34,-32.08,7,1
P008,HRTF_A,12,1.922,87.04,-32.88,7,1
P008,HRTF_A,12,1.936,86.63,-33.66,7,1
P008,HRTF_A,12,1.95,86.09,-34.45,7,1
P008,HRTF_A,12,1.964,85.38,-35.22,7,1
P008,HRTF_A,12,1.978,84.51,-35.95,7,1
P008,HRTF_A,12,1.992,83.46,-36.68,7,1
P008,HRTF_A,12,2.005,82.21,-37.4,7,1
P008,HRTF_A,12,2.019,80.87,-38.07,7,1
P008,HRTF_A,12,2.033,79.36,-38.72,7,1
P008,HRTF_A,12,2.047,77.71,-39.33,7,1
P008,HRTF_A,12,2.061,75.9,-39.95,7,1
P008,HRTF_A,12,2.075,73.94,-40.5,7,1
P008,HRTF_A,12,2.089,71.92,-40.97,7,1
P008,HRTF_A,12,2.103,69.9,-41.3,7,1
P008,HRTF_A,12,2.117,67.94,-41.45,7,1
P008,HRTF_A,12,2.13,66.1,-41.45,7,1
P008,HRTF_A,12,2.144,64.34,-41.32,7,1
P008,HRTF_A,12,2.158,62.66,-41.13,7,1
P008,HRTF_A,12,2.172,61.03,-40.9,7,1
P008,HRTF_A,12,2.186,59.52,-40.63,7,1
P008,HRTF_A,12,2.2,58.07,-40.37,7,1
P008,HRTF_A,12,2.214,56.64,-40.12,7,1
P008,HRTF_A,12,2.228,55.24,-39.9,7,1
P008,HRTF_A,12,2.242,53.83,-39.7,7,1
P008,HRTF_A,12,2.255,52.42,-39.52,7,1
P008,HRTF_A,12,2.27,50.97,-39.38,7,1
P008,HRTF_A,12,2.283,49.44,-39.3,7,1
P008,HRTF_A,12,2.297,47.87,-39.21,7,1
P008,HRTF_A,12,2.311,46.26,-39.15,7,1
P008,HRTF_A,12,2.325,44.67,-39.1,7,1
P008,HRTF_A,12,2.339,43.12,-39,7,1
P008,HRTF_A,12,2.353,41.56,-38.85,7,1
P008,HRTF_A,12,2.367,39.95,-38.67,7,1
P008,HRTF_A,12,2.381,38.34,-38.51,7,1
P008,HRTF_A,12,2.394,36.71,-38.32,7,1
P008,HRTF_A,12,2.409,35.13,-38.13,7,1
P008,HRTF_A,12,2.422,33.57,-37.9,7,1
P008,HRTF_A,12,2.436,32.07,-37.61,7,1
P008,HRTF_A,12,2.45,30.55,-37.27,7,1
P008,HRTF_A,12,2.464,29.03,-36.9,7,1
P008,HRTF_A,12,2.478,27.48,-36.49,7,1
P008,HRTF_A,12,2.492,25.98,-36.06,7,1
P008,HRTF_A,12,2.506,24.49,-35.61,7,1
P008,HRTF_A,12,2.52,23.04,-35.15,7,1
P008,HRTF_A,13,0.012,-1.35,-2.6,15,1
P008,HRTF_A,13,0.026,-1.3,-2.64,15,1
P008,HRTF_A,13,0.051,-1.24,-2.76,15,1
P008,HRTF_A,13,0.065,-1.17,-2.85,15,1
P008,HRTF_A,13,0.079,-1.1,-2.94,15,1
P008,HRTF_A,13,0.092,-1.01,-3.01,15,1
P008,HRTF_A,13,0.106,-0.93,-3.08,15,1
P008,HRTF_A,13,0.12,-0.83,-3.14,15,1
P008,HRTF_A,13,0.134,-0.74,-3.2,15,1
P008,HRTF_A,13,0.148,-0.64,-3.27,15,1
P008,HRTF_A,13,0.162,-0.56,-3.32,15,1
P008,HRTF_A,13,0.175,-0.48,-3.36,15,1
P008,HRTF_A,13,0.19,-0.4,-3.4,15,1
P008,HRTF_A,13,0.203,-0.33,-3.44,15,1
P008,HRTF_A,13,0.217,-0.27,-3.48,15,1
P008,HRTF_A,13,0.231,-0.26,-3.52,15,1
P008,HRTF_A,13,0.245,-0.26,-3.56,15,1
P008,HRTF_A,13,0.259,-0.28,-3.59,15,1
P008,HRTF_A,13,0.273,-0.3,-3.63,15,1
P008,HRTF_A,13,0.287,-0.35,-3.66,15,1
P008,HRTF_A,13,0.302,-0.39,-3.69,15,1
P008,HRTF_A,13,0.315,-0.44,-3.72,15,1
P008,HRTF_A,13,0.328,-0.5,-3.75,15,1
P008,HRTF_A,13,0.343,-0.57,-3.77,15,1
P008,HRTF_A,13,0.357,-0.64,-3.81,15,1
P008,HRTF_A,13,0.37,-0.71,-3.86,15,1
P008,HRTF_A,13,0.384,-0.77,-3.92,15,1
P008,HRTF_A,13,0.398,-0.84,-3.99,15,1
P008,HRTF_A,13,0.412,-0.9,-4.05,15,1
P008,HRTF_A,13,0.426,-0.96,-4.14,15,1
P008,HRTF_A,13,0.439,-1.01,-4.23,15,1
P008,HRTF_A,13,0.454,-1.07,-4.33,15,1
P008,HRTF_A,13,0.468,-1.14,-4.45,15,1
P008,HRTF_A,13,0.481,-1.24,-4.58,15,1
P008,HRTF_A,13,0.495,-1.37,-4.72,15,1
P008,HRTF_A,13,0.509,-1.55,-4.88,15,1
P008,HRTF_A,13,0.523,-1.85,-5.07,15,1
P008,HRTF_A,13,0.537,-2.3,-5.26,15,1
P008,HRTF_A,13,0.551,-2.88,-5.43,15,1
P008,HRTF_A,13,0.565,-3.58,-5.57,15,1
P008,HRTF_A,13,0.578,-4.37,-5.68,15,1
P008,HRTF_A,13,0.593,-5.23,-5.75,15,1
P008,HRTF_A,13,0.607,-6.15,-5.79,15,1
P008,HRTF_A,13,0.62,-7.15,-5.79,15,1
P008,HRTF_A,13,0.634,-8.21,-5.76,15,1
P008,HRTF_A,13,0.648,-9.34,-5.71,15,1
P008,HRTF_A,13,0.662,-10.6,-5.66,15,1
P008,HRTF_A,13,0.676,-11.96,-5.62,15,1
P008,HRTF_A,13,0.69,-13.4,-5.55,15,1
P008,HRTF_A,13,0.704,-14.88,-5.47,15,1
P008,HRTF_A,13,0.717,-16.45,-5.39,15,1
P008,HRTF_A,13,0.732,-18.08,-5.36,15,1
P008,HRTF_A,13,0.745,-19.79,-5.4,15,1
P008,HRTF_A,13,0.759,-21.59,-5.49,15,1
P008,HRTF_A,13,0.773,-23.41,-5.55,15,1
P008,HRTF_A,13,0.787,-25.27,-5.65,15,1
P008,HRTF_A,13,0.801,-27.09,-5.78,15,1
P008,HRTF_A,13,0.815,-28.86,-5.93,15,1
P008,HRTF_A,13,0.829,-30.6,-6.1,15,1
P008,HRTF_A,13,0.843,-32.29,-6.32,15,1
P008,HRTF_A,13,0.857,-33.98,-6.54,15,1
P008,HRTF_A,13,0.87,-35.66,-6.73,15,1
P008,HRTF_A,13,0.884,-37.29,-6.88,15,1
P008,HRTF_A,13,0.898,-38.87,-7.01,15,1
P008,HRTF_A,13,0.912,-40.35,-7.15,15,1
P008,HRTF_A,13,0.926,-41.75,-7.28,15,1
P008,HRTF_A,13,0.94,-43,-7.45,15,1
P008,HRTF_A,13,0.954,-43.97,-7.67,15,1
P008,HRTF_A,13,0.968,-44.68,-7.85,15,1
P008,HRTF_A,13,0.982,-45.11,-8.06,15,1
P008,HRTF_A,13,0.996,-45.3,-8.32,15,1
P008,HRTF_A,13,1.009,-45.2,-8.68,15,1
P008,HRTF_A,13,1.023,-44.77,-9.16,15,1
P008,HRTF_A,13,1.037,-43.97,-9.73,15,1
P008,HRTF_A,13,1.051,-42.86,-10.37,15,1
P008,HRTF_A,13,1.065,-41.3,-11.06,15,1
P008,HRTF_A,13,1.079,-39.41,-11.77,15,1
P008,HRTF_A,13,1.093,-37.07,-12.52,15,1
P008,HRTF_A,13,1.107,-34.33,-13.32,15,1
P008,HRTF_A,13,1.12,-31.18,-14.12,15,1
P008,HRTF_A,13,1.134,-27.79,-14.86,15,1
P008,HRTF_A,13,1.148,-24.01,-15.59,15,1
P008,HRTF_A,13,1.162,-20.02,-16.34,15,1
P008,HRTF_A,13,1.176,-15.81,-17.02,15,1
P008,HRTF_A,13,1.19,-11.46,-17.6,15,1
P008,HRTF_A,13,1.204,-7.06,-18.13,15,1
P008,HRTF_A,13,1.218,-2.63,-18.64,15,1
P008,HRTF_A,13,1.232,1.72,-19.1,15,1
P008,HRTF_A,13,1.246,6.01,-19.56,15,1
P008,HRTF_A,13,1.259,10.29,-20.08,15,1
P008,HRTF_A,13,1.274,14.56,-20.61,15,1
P008,HRTF_A,13,1.287,18.7,-21.1,15,1
P008,HRTF_A,13,1.302,22.69,-21.53,15,1
P008,HRTF_A,13,1.315,26.52,-21.93,15,1
P008,HRTF_A,13,1.329,30.2,-22.38,15,1
P008,HRTF_A,13,1.343,33.75,-22.87,15,1
P008,HRTF_A,13,1.357,37.12,-23.41,15,1
P008,HRTF_A,13,1.371,40.31,-24,15,1
P008,HRTF_A,13,1.385,43.28,-24.72,15,1
P008,HRTF_A,13,1.398,46.01,-25.51,15,1
P008,HRTF_A,13,1.412,48.53,-26.38,15,1
P008,HRTF_A,13,1.426,50.96,-27.23,15,1
P008,HRTF_A,13,1.44,53.2,-28.01,15,1
P008,HRTF_A,13,1.454,55.31,-28.79,15,1
P008,HRTF_A,13,1.468,57.34,-29.58,15,1
P008,HRTF_A,13,1.482,59.24,-30.48,15,1
P008,HRTF_A,13,1.496,61.08,-31.49,15,1
P008,HRTF_A,13,1.51,62.73,-32.58,15,1
P008,HRTF_A,13,1.523,64.2,-33.66,15,1
P008,HRTF_A,13,1.537,65.47,-34.62,15,1
P008,HRTF_A,13,1.551,66.69,-35.44,15,1
P008,HRTF_A,13,1.565,67.81,-36.07,15,1
P008,HRTF_A,13,1.579,68.9,-36.55,15,1
P008,HRTF_A,13,1.593,70.02,-36.92,15,1
P008,HRTF_A,13,1.607,71.18,-37.14,15,1
P008,HRTF_A,13,1.621,72.49,-37.26,15,1
P008,HRTF_A,13,1.634,73.98,-37.4,15,1
P008,HRTF_A,13,1.649,75.69,-37.58,15,1
P008,HRTF_A,13,1.663,77.63,-37.81,15,1
P008,HRTF_A,13,1.676,79.74,-37.96,15,1
P008,HRTF_A,13,1.69,82,-37.92,15,1
P008,HRTF_A,13,1.704,84.36,-37.58,15,1
P008,HRTF_A,13,1.718,86.72,-36.96,15,1
P008,HRTF_A,13,1.732,88.97,-36.02,15,1
P008,HRTF_A,13,1.746,91.02,-34.92,15,1
P008,HRTF_A,13,1.76,93.08,-33.57,15,1
P008,HRTF_A,13,1.773,95,-32.17,15,1
P008,HRTF_A,13,1.787,96.87,-30.72,15,1
P008,HRTF_A,13,1.801,98.64,-29.38,15,1
P008,HRTF_A,13,1.815,100.4,-28.3,15,1
P008,HRTF_A,13,1.829,102.16,-27.5,15,1
P008,HRTF_A,13,1.843,104,-27.12,15,1
P008,HRTF_A,13,1.857,105.77,-27.11,15,1
P008,HRTF_A,13,1.871,107.5,-27.37,15,1
P008,HRTF_A,13,1.884,109.1,-27.86,15,1
P008,HRTF_A,13,1.898,110.48,-28.5,15,1
P008,HRTF_A,13,1.912,111.7,-29.21,15,1
P008,HRTF_A,13,1.926,112.74,-29.96,15,1
P008,HRTF_A,13,1.94,113.63,-30.69,15,1
P008,HRTF_A,13,1.954,114.26,-31.3,15,1
P008,HRTF_A,13,1.968,114.66,-31.75,15,1
P008,HRTF_A,13,1.982,114.86,-32.04,15,1
P008,HRTF_A,13,1.996,114.84,-32.06,15,1
P008,HRTF_A,13,2.009,114.69,-32,15,1
P008,HRTF_A,13,2.023,114.33,-31.78,15,1
P008,HRTF_A,13,2.037,113.86,-31.48,15,1
P008,HRTF_A,13,2.051,113.27,-31.06,15,1
P008,HRTF_A,13,2.065,112.58,-30.51,15,1
P008,HRTF_A,13,2.079,111.81,-29.86,15,1
P008,HRTF_A,13,2.093,110.89,-29.13,15,1
P008,HRTF_A,13,2.107,109.84,-28.34,15,1
P008,HRTF_A,13,2.121,108.63,-27.44,15,1
P008,HRTF_A,13,2.134,107.31,-26.44,15,1
P008,HRTF_A,13,2.149,105.89,-25.31,15,1
P008,HRTF_A,13,2.162,104.34,-24.06,15,1
P008,HRTF_A,13,2.176,102.69,-22.75,15,1
P008,HRTF_A,13,2.19,100.89,-21.41,15,1
P008,HRTF_A,13,2.204,98.99,-20.01,15,1
P008,HRTF_A,13,2.218,96.9,-18.52,15,1
P008,HRTF_A,13,2.232,94.67,-17.02,15,1
P008,HRTF_A,13,2.246,92.39,-15.47,15,1
P008,HRTF_A,13,2.26,90.09,-13.9,15,1
P008,HRTF_A,14,0.012,-0.25,-1.23,20,1
P008,HRTF_A,14,0.03,-0.16,-1.46,20,1
P008,HRTF_A,14,0.044,-0.04,-1.67,20,1
P008,HRTF_A,14,0.058,0.1,-1.86,20,1
P008,HRTF_A,14,0.072,0.27,-2.02,20,1
P008,HRTF_A,14,0.086,0.44,-2.19,20,1
P008,HRTF_A,14,0.1,0.62,-2.32,20,1
P008,HRTF_A,14,0.114,0.82,-2.44,20,1
P008,HRTF_A,14,0.128,1.01,-2.55,20,1
P008,HRTF_A,14,0.141,1.19,-2.63,20,1
P008,HRTF_A,14,0.155,1.37,-2.68,20,1
P008,HRTF_A,14,0.169,1.55,-2.74,20,1
P008,HRTF_A,14,0.183,1.71,-2.81,20,1
P008,HRTF_A,14,0.197,1.85,-2.91,20,1
P008,HRTF_A,14,0.211,1.98,-3,20,1
P008,HRTF_A,14,0.225,2.11,-3.11,20,1
P008,HRTF_A,14,0.239,2.21,-3.19,20,1
P008,HRTF_A,14,0.252,2.29,-3.28,20,1
P008,HRTF_A,14,0.267,2.34,-3.31,20,1
P008,HRTF_A,14,0.28,2.38,-3.32,20,1
P008,HRTF_A,14,0.294,2.4,-3.27,20,1
P008,HRTF_A,14,0.308,2.38,-3.18,20,1
P008,HRTF_A,14,0.322,2.32,-3.05,20,1
P008,HRTF_A,14,0.336,2.19,-2.9,20,1
P008,HRTF_A,14,0.35,1.99,-2.71,20,1
P008,HRTF_A,14,0.364,1.71,-2.48,20,1
P008,HRTF_A,14,0.377,1.35,-2.2,20,1
P008,HRTF_A,14,0.391,0.85,-1.86,20,1
P008,HRTF_A,14,0.405,0.2,-1.47,20,1
P008,HRTF_A,14,0.419,-0.66,-1.03,20,1
P008,HRTF_A,14,0.433,-1.77,-0.57,20,1
P008,HRTF_A,14,0.447,-3.1,-0.11,20,1
P008,HRTF_A,14,0.461,-4.68,0.33,20,1
P008,HRTF_A,14,0.475,-6.47,0.73,20,1
P008,HRTF_A,14,0.489,-8.43,1.12,20,1
P008,HRTF_A,14,0.502,-10.52,1.45,20,1
P008,HRTF_A,14,0.516,-12.76,1.69,20,1
P008,HRTF_A,14,0.53,-15.05,1.89,20,1
P008,HRTF_A,14,0.544,-17.44,2.04,20,1
P008,HRTF_A,14,0.558,-19.82,2.19,20,1
P008,HRTF_A,14,0.572,-22.21,2.37,20,1
P008,HRTF_A,14,0.586,-24.56,2.6,20,1
P008,HRTF_A,14,0.6,-26.82,2.89,20,1
P008,HRTF_A,14,0.614,-28.99,3.23,20,1
P008,HRTF_A,14,0.628,-31.07,3.63,20,1
P008,HRTF_A,14,0.641,-33.05,4.07,20,1
P008,HRTF_A,14,0.655,-34.95,4.55,20,1
P008,HRTF_A,14,0.669,-36.76,5.12,20,1
P008,HRTF_A,14,0.683,-38.48,5.76,20,1
P008,HRTF_A,14,0.697,-40.14,6.53,20,1
P008,HRTF_A,14,0.711,-41.71,7.44,20,1
P008,HRTF_A,14,0.725,-43.17,8.42,20,1
P008,HRTF_A,14,0.738,-44.56,9.45,20,1
P008,HRTF_A,14,0.752,-45.89,10.51,20,1
P008,HRTF_A,14,0.766,-47.16,11.6,20,1
P008,HRTF_A,14,0.78,-48.35,12.72,20,1
P008,HRTF_A,14,0.794,-49.45,13.9,20,1
P008,HRTF_A,14,0.808,-50.49,15.11,20,1
P008,HRTF_A,14,0.822,-51.52,16.31,20,1
P008,HRTF_A,14,0.836,-52.57,17.44,20,1
P008,HRTF_A,14,0.85,-53.68,18.42,20,1
P008,HRTF_A,14,0.864,-54.85,19.2,20,1
P008,HRTF_A,14,0.878,-56.04,19.85,20,1
P008,HRTF_A,14,0.891,-57.29,20.36,20,1
P008,HRTF_A,14,0.905,-58.59,20.71,20,1
P008,HRTF_A,14,0.919,-59.95,20.94,20,1
P008,HRTF_A,14,0.933,-61.37,21.03,20,1
P008,HRTF_A,14,0.947,-62.86,20.98,20,1
P008,HRTF_A,14,0.961,-64.4,20.81,20,1
P008,HRTF_A,14,0.975,-66.01,20.52,20,1
P008,HRTF_A,14,0.988,-67.67,20.09,20,1
P008,HRTF_A,14,1.002,-69.36,19.46,20,1
P008,HRTF_A,14,1.016,-71.1,18.69,20,1
P008,HRTF_A,14,1.03,-72.8,17.78,20,1
P008,HRTF_A,14,1.044,-74.39,16.68,20,1
P008,HRTF_A,14,1.058,-75.83,15.29,20,1
P008,HRTF_A,14,1.072,-77.14,13.74,20,1
P008,HRTF_A,14,1.086,-78.34,12.2,20,1
P008,HRTF_A,14,1.1,-79.47,10.71,20,1
P008,HRTF_A,14,1.114,-80.54,9.12,20,1
P008,HRTF_A,14,1.127,-81.57,7.51,20,1
P008,HRTF_A,14,1.141,-82.54,5.94,20,1
P008,HRTF_A,14,1.155,-83.41,4.4,20,1
P008,HRTF_A,14,1.169,-84.17,2.89,20,1
P008,HRTF_A,14,1.183,-84.87,1.38,20,1
P008,HRTF_A,14,1.197,-85.56,-0.15,20,1
P008,HRTF_A,14,1.211,-86.24,-1.66,20,1
P008,HRTF_A,14,1.225,-86.85,-3.12,20,1
P008,HRTF_A,14,1.238,-87.33,-4.54,20,1
P008,HRTF_A,14,1.253,-87.69,-5.93,20,1
P008,HRTF_A,14,1.267,-87.92,-7.37,20,1
P008,HRTF_A,14,1.281,-88.11,-8.81,20,1
P008,HRTF_A,14,1.294,-88.12,-10.25,20,1
P008,HRTF_A,14,1.308,-87.91,-11.69,20,1
P008,HRTF_A,14,1.322,-87.46,-13.14,20,1
P008,HRTF_A,14,1.336,-86.73,-14.67,20,1
P008,HRTF_A,14,1.35,-85.75,-16.22,20,1
P008,HRTF_A,14,1.364,-84.53,-17.69,20,1
P008,HRTF_A,14,1.378,-83.07,-19.01,20,1
P008,HRTF_A,14,1.392,-81.31,-20.2,20,1
P008,HRTF_A,14,1.405,-79.37,-21.27,20,1
P008,HRTF_A,14,1.419,-77.22,-22.18,20,1
P008,HRTF_A,14,1.433,-74.9,-22.92,20,1
P008,HRTF_A,14,1.447,-72.44,-23.51,20,1
P008,HRTF_A,14,1.461,-69.77,-23.95,20,1
P008,HRTF_A,14,1.475,-66.91,-24.24,20,1
P008,HRTF_A,14,1.489,-63.81,-24.44,20,1
P008,HRTF_A,14,1.503,-60.53,-24.56,20,1
P008,HRTF_A,14,1.517,-57.05,-24.6,20,1
P008,HRTF_A,14,1.53,-53.35,-24.6,20,1
P008,HRTF_A,14,1.544,-49.36,-24.5,20,1
P008,HRTF_A,14,1.558,-45.23,-24.36,20,1
P008,HRTF_A,14,1.572,-40.96,-24.24,20,1
P008,HRTF_A,14,1.586,-36.62,-24.24,20,1
P008,HRTF_A,14,1.6,-32.17,-24.53,20,1
P008,HRTF_A,14,1.614,-27.54,-25.17,20,1
P008,HRTF_A,14,1.628,-22.79,-26.09,20,1
P008,HRTF_A,14,1.642,-17.94,-26.93,20,1
P008,HRTF_A,14,1.658,-13.09,-27.53,20,1
P008,HRTF_A,14,1.669,-8.25,-27.89,20,1
P008,HRTF_A,14,1.683,-3.54,-27.97,20,1
P008,HRTF_A,14,1.697,1.02,-27.85,20,1
P008,HRTF_A,14,1.711,5.44,-27.62,20,1
P008,HRTF_A,14,1.725,9.77,-27.33,20,1
P008,HRTF_A,14,1.739,14.03,-27.02,20,1
P008,HRTF_A,14,1.753,18.21,-26.67,20,1
P008,HRTF_A,14,1.767,22.27,-26.21,20,1
P008,HRTF_A,14,1.781,26.2,-25.63,20,1
P008,HRTF_A,14,1.794,29.93,-24.9,20,1
P008,HRTF_A,14,1.808,33.56,-24.06,20,1
P008,HRTF_A,14,1.822,37.08,-23.24,20,1
P008,HRTF_A,14,1.836,40.48,-22.44,20,1
P008,HRTF_A,14,1.85,43.77,-21.66,20,1
P008,HRTF_A,14,1.864,46.96,-20.83,20,1
P008,HRTF_A,14,1.878,50.09,-19.99,20,1
P008,HRTF_A,14,1.892,53.16,-19.14,20,1
P008,HRTF_A,14,1.906,56.21,-18.26,20,1
P008,HRTF_A,14,1.92,59.25,-17.37,20,1
P008,HRTF_A,14,1.933,62.23,-16.48,20,1
P008,HRTF_A,14,1.947,65.19,-15.66,20,1
P008,HRTF_A,14,1.961,68.15,-15.04,20,1
P008,HRTF_A,14,1.975,71.1,-14.65,20,1
P008,HRTF_A,14,1.989,74.05,-14.46,20,1
P008,HRTF_A,14,2.003,76.92,-14.35,20,1
P008,HRTF_A,14,2.016,79.64,-14.33,20,1
P008,HRTF_A,14,2.032,82.21,-14.45,20,1
P008,HRTF_A,14,2.044,84.63,-14.67,20,1
P008,HRTF_A,14,2.058,86.96,-14.93,20,1
P008,HRTF_A,14,2.072,89.17,-15.22,20,1
P008,HRTF_A,14,2.086,91.25,-15.48,20,1
P008,HRTF_A,14,2.1,93.15,-15.83,20,1
P008,HRTF_A,14,2.114,94.89,-16.35,20,1
P008,HRTF_A,14,2.128,96.4,-17.12,20,1
P008,HRTF_A,14,2.142,97.69,-18.05,20,1
P008,HRTF_A,14,2.156,98.66,-19.01,20,1
P008,HRTF_A,14,2.169,99.25,-19.91,20,1
P008,HRTF_A,14,2.183,99.38,-20.77,20,1
P008,HRTF_A,14,2.197,99.03,-21.58,20,1
P008,HRTF_A,14,2.211,98.14,-22.38,20,1
P008,HRTF_A,14,2.226,96.95,-23.13,20,1
P008,HRTF_A,14,2.239,95.41,-23.88,20,1
P008,HRTF_A,14,2.253,93.62,-24.64,20,1
P008,HRTF_A,14,2.267,91.57,-25.37,20,1
P008,HRTF_A,14,2.281,89.34,-26.12,20,1
P008,HRTF_A,14,2.295,86.83,-26.91,20,1
P008,HRTF_A,14,2.308,84.12,-27.71,20,1
P008,HRTF_A,14,2.322,81.25,-28.52,20,1
P008,HRTF_A,14,2.336,78.25,-29.38,20,1
P008,HRTF_A,14,2.35,75.09,-30.33,20,1
P008,HRTF_A,14,2.364,71.76,-31.29,20,1
P008,HRTF_A,14,2.378,68.24,-32.36,20,1
P008,HRTF_A,14,2.392,64.63,-33.39,20,1
P008,HRTF_A,14,2.406,60.96,-34.41,20,1
P008,HRTF_A,14,2.419,57.37,-35.31,20,1
P008,HRTF_A,14,2.433,53.82,-36.12,20,1
P008,HRTF_A,14,2.447,50.3,-36.84,20,1
P008,HRTF_A,14,2.461,46.73,-37.55,20,1
P008,HRTF_A,14,2.475,43.22,-38.16,20,1
P008,HRTF_A,14,2.489,39.74,-38.69,20,1
P008,HRTF_A,14,2.503,36.49,-39.09,20,1
P008,HRTF_A,14,2.517,33.43,-39.34,20,1
P008,HRTF_A,14,2.531,30.45,-39.48,20,1
P008,HRTF_A,14,2.545,27.64,-39.57,20,1
P008,HRTF_A,14,2.573,22.45,-39.49,20,1
P008,HRTF_A,14,2.586,20.08,-39.32,20,1
P008,HRTF_A,14,2.6,17.8,-39.04,20,1
P008,HRTF_A,14,2.614,15.6,-38.66,20,1
P008,HRTF_A,14,2.628,13.46,-38.23,20,1
P008,HRTF_A,14,2.642,11.37,-37.77,20,1
P008,HRTF_A,14,2.656,9.29,-37.33,20,1
P008,HRTF_A,14,2.67,7.19,-36.86,20,1
P008,HRTF_A,14,2.683,5.04,-36.39,20,1
P008,HRTF_A,14,2.697,2.93,-35.86,20,1
P008,HRTF_A,14,2.711,0.85,-35.33,20,1
P008,HRTF_A,14,2.725,-1.24,-34.8,20,1
P008,HRTF_A,14,2.739,-3.35,-34.24,20,1
P008,HRTF_A,14,2.753,-5.54,-33.67,20,1
P008,HRTF_A,14,2.767,-7.81,-33.11,20,1
P008,HRTF_A,14,2.781,-10.13,-32.59,20,1
P008,HRTF_A,14,2.794,-12.44,-32.07,20,1
P008,HRTF_A,14,2.809,-14.81,-31.59,20,1
P008,HRTF_A,14,2.821,-17.23,-31.13,20,1
P008,HRTF_A,14,2.836,-19.73,-30.69,20,1
P008,HRTF_A,14,2.85,-22.31,-30.27,20,1
P008,HRTF_A,14,2.864,-24.91,-29.91,20,1
P008,HRTF_A,14,2.878,-27.54,-29.63,20,1
P008,HRTF_A,14,2.892,-30.15,-29.39,20,1
P008,HRTF_A,14,2.905,-32.85,-29.18,20,1
P008,HRTF_A,14,2.92,-35.65,-29.07,20,1
P008,HRTF_A,14,2.934,-38.47,-29.01,20,1
P008,HRTF_A,14,2.947,-41.33,-28.94,20,1
P008,HRTF_A,14,2.961,-44.19,-28.87,20,1
P008,HRTF_A,14,2.975,-47.08,-28.76,20,1
P008,HRTF_A,14,2.989,-49.98,-28.6,20,1
P008,HRTF_A,14,3.003,-52.88,-28.44,20,1
P008,HRTF_A,14,3.017,-55.8,-28.28,20,1
P008,HRTF_A,14,3.032,-58.8,-28.1,20,1
P008,HRTF_A,14,3.045,-61.83,-27.93,20,1
P008,HRTF_A,14,3.059,-64.87,-27.73,20,1
P008,HRTF_A,14,3.072,-67.93,-27.51,20,1
P008,HRTF_A,14,3.086,-71.03,-27.28,20,1
P008,HRTF_A,14,3.1,-74.19,-27.02,20,1
P008,HRTF_A,14,3.114,-77.33,-26.73,20,1
P008,HRTF_A,14,3.128,-80.43,-26.42,20,1
P008,HRTF_A,14,3.142,-83.53,-26.09,20,1
P008,HRTF_A,14,3.156,-86.6,-25.81,20,1
P008,HRTF_A,14,3.17,-89.63,-25.51,20,1
P008,HRTF_A,14,3.184,-92.6,-25.24,20,1
P008,HRTF_A,14,3.197,-95.45,-24.96,20,1
P008,HRTF_A,14,3.211,-98.17,-24.74,20,1
P008,HRTF_A,14,3.225,-100.76,-24.59,20,1
P008,HRTF_A,14,3.238,-103.15,-24.56,20,1
P008,HRTF_A,14,3.253,-105.4,-24.57,20,1
P008,HRTF_A,14,3.267,-107.46,-24.6,20,1
P008,HRTF_A,14,3.28,-109.36,-24.62,20,1
P008,HRTF_A,14,3.294,-111.1,-24.6,20,1
P008,HRTF_A,14,3.309,-112.72,-24.55,20,1
P008,HRTF_A,14,3.322,-114.25,-24.51,20,1
P008,HRTF_A,14,3.336,-115.71,-24.51,20,1
P008,HRTF_A,14,3.35,-117.13,-24.5,20,1
P008,HRTF_A,14,3.364,-118.53,-24.52,20,1
P008,HRTF_A,14,3.378,-119.9,-24.52,20,1
P008,HRTF_A,14,3.392,-121.25,-24.53,20,1
P008,HRTF_A,14,3.406,-122.53,-24.54,20,1
P008,HRTF_A,14,3.42,-123.83,-24.58,20,1
P008,HRTF_A,14,3.433,-125.1,-24.63,20,1
P008,HRTF_A,14,3.447,-126.31,-24.71,20,1
P008,HRTF_A,14,3.461,-127.45,-24.83,20,1
P008,HRTF_A,14,3.476,-128.54,-24.94,20,1
P008,HRTF_A,14,3.489,-129.6,-25.01,20,1
P008,HRTF_A,14,3.503,-130.68,-25.11,20,1
P008,HRTF_A,14,3.517,-131.8,-25.2,20,1
P008,HRTF_A,14,3.531,-132.94,-25.34,20,1
P008,HRTF_A,14,3.544,-134.12,-25.53,20,1
P008,HRTF_A,14,3.559,-135.33,-25.7,20,1
P008,HRTF_A,14,3.572,-136.58,-25.87,20,1
P008,HRTF_A,14,3.587,-137.85,-25.97,20,1
P008,HRTF_A,14,3.6,-139.15,-26,20,1
P008,HRTF_A,14,3.614,-140.46,-26.04,20,1
P008,HRTF_A,14,3.628,-141.73,-26.07,20,1
P008,HRTF_A,14,3.642,-143.01,-26.15,20,1
P008,HRTF_A,14,3.656,-144.27,-26.27,20,1
P008,HRTF_A,14,3.67,-145.55,-26.42,20,1
P008,HRTF_A,14,3.683,-146.79,-26.58,20,1
P008,HRTF_A,14,3.698,-148.06,-26.73,20,1
P008,HRTF_A,14,3.712,-149.26,-26.91,20,1
P008,HRTF_A,14,3.725,-150.44,-27.1,20,1
P008,HRTF_A,14,3.739,-151.61,-27.31,20,1
P008,HRTF_A,14,3.753,-152.76,-27.49,20,1
P008,HRTF_A,14,3.767,-153.87,-27.65,20,1
P008,HRTF_A,14,3.781,-154.87,-27.79,20,1
P008,HRTF_A,14,3.795,-155.86,-27.9,20,1
P008,HRTF_A,14,3.808,-156.83,-27.96,20,1
P008,HRTF_A,14,3.823,-157.84,-28.03,20,1
P008,HRTF_A,14,3.837,-158.81,-28.12,20,1
P008,HRTF_A,14,3.85,-159.82,-28.22,20,1
P008,HRTF_A,14,3.864,-160.85,-28.37,20,1
P008,HRTF_A,14,3.878,-161.88,-28.46,20,1
P008,HRTF_A,14,3.892,-162.94,-28.53,20,1
P008,HRTF_A,14,3.905,-164.02,-28.53,20,1
P008,HRTF_A,14,3.919,-165.04,-28.46,20,1
P008,HRTF_A,14,3.933,-166.03,-28.36,20,1
P008,HRTF_A,14,3.948,-166.99,-28.21,20,1
P008,HRTF_A,14,3.961,-167.99,-27.96,20,1
P008,HRTF_A,14,3.975,-169.03,-27.59,20,1
P008,HRTF_A,14,3.989,-170.07,-27.13,20,1
P008,HRTF_A,14,4.003,-171.14,-26.62,20,1
P008,HRTF_A,14,4.017,-172.18,-25.99,20,1
P008,HRTF_A,14,4.031,-173.25,-25.21,20,1
P008,HRTF_A,14,4.045,-174.33,-24.36,20,1
P008,HRTF_A,14,4.059,-175.43,-23.45,20,1
P008,HRTF_A,14,4.072,-176.48,-22.48,20,1
P008,HRTF_A,14,4.086,-177.44,-21.39,20,1
P008,HRTF_A,14,4.101,-178.27,-20.16,20,1
P008,HRTF_A,14,4.114,-178.99,-18.77,20,1
P008,HRTF_A,14,4.128,-179.57,-17.28,20,1
P008,HRTF_A,14,4.142,179.94,-15.59,20,1
P008,HRTF_A,14,4.156,179.52,-13.75,20,1
P008,HRTF_A,14,4.17,179.18,-11.84,20,1
P008,HRTF_A,14,4.183,178.9,-9.87,20,1
P008,HRTF_A,14,4.198,178.63,-7.86,20,1
P008,HRTF_A,14,4.211,178.35,-5.84,20,1
P008,HRTF_A,14,4.225,178.07,-3.89,20,1
P008,HRTF_A,14,4.239,177.76,-2.02,20,1
P008,HRTF_A,14,4.253,177.41,-0.25,20,1
P008,HRTF_A,14,4.267,176.98,1.42,20,1
P008,HRTF_A,14,4.281,176.49,2.96,20,1
P008,HRTF_A,14,4.295,176,4.41,20,1
P008,HRTF_A,14,4.308,175.51,5.8,20,1
P008,HRTF_A,14,4.322,175.08,7.18,20,1
P008,HRTF_A,14,4.336,174.7,8.53,20,1
P008,HRTF_A,14,4.35,174.35,9.86,20,1
P008,HRTF_A,14,4.364,174.06,11.07,20,1
P008,HRTF_A,14,4.378,173.78,12.17,20,1
P008,HRTF_A,14,4.392,173.49,13.17,20,1
P008,HRTF_A,14,4.406,173.26,14.06,20,1
P008,HRTF_A,14,4.42,173.08,14.85,20,1
P008,HRTF_A,14,4.434,172.9,15.52,20,1
P008,HRTF_A,14,4.447,172.75,16.07,20,1
P008,HRTF_A,14,4.461,172.6,16.55,20,1
P008,HRTF_A,14,4.475,172.46,16.94,20,1
P008,HRTF_A,14,4.489,172.34,17.34,20,1
P008,HRTF_A,14,4.503,172.26,17.76,20,1
P008,HRTF_A,14,4.517,172.25,18.19,20,1
P008,HRTF_A,14,4.531,172.31,18.59,20,1
P008,HRTF_A,14,4.545,172.5,18.95,20,1
P008,HRTF_A,14,4.559,172.81,19.38,20,1
P008,HRTF_A,14,4.572,173.25,19.85,20,1
P008,HRTF_A,14,4.586,173.84,20.39,20,1
P008,HRTF_A,14,4.6,174.64,20.95,20,1
P008,HRTF_A,14,4.614,175.62,21.5,20,1
P008,HRTF_A,14,4.628,176.8,22.14,20,1
P008,HRTF_A,14,4.642,178.17,22.76,20,1
P008,HRTF_A,14,4.656,179.65,23.38,20,1
P008,HRTF_A,14,4.67,-178.73,23.93,20,1
P008,HRTF_A,14,4.684,-177,24.42,20,1
P008,HRTF_A,14,4.697,-175.22,24.87,20,1
P008,HRTF_A,14,4.711,-173.45,25.24,20,1
P008,HRTF_A,14,4.725,-171.68,25.57,20,1
P008,HRTF_A,14,4.739,-169.87,25.88,20,1
P008,HRTF_A,14,4.753,-168.03,26.17,20,1
P008,HRTF_A,14,4.767,-166.13,26.45,20,1
P008,HRTF_A,14,4.78,-164.24,26.74,20,1
P008,HRTF_A,14,4.794,-162.23,27.03,20,1
P008,HRTF_A,14,4.808,-160.12,27.2,20,1
P008,HRTF_A,14,4.823,-157.93,27.21,20,1
P008,HRTF_A,14,4.837,-155.67,27.07,20,1
P008,HRTF_A,14,4.85,-153.4,26.86,20,1
P008,HRTF_A,14,4.864,-151.13,26.59,20,1
P008,HRTF_A,14,4.878,-148.91,26.3,20,1
P008,HRTF_A,14,4.891,-146.74,26.02,20,1
P008,HRTF_A,14,4.906,-144.69,25.76,20,1
P008,HRTF_A,14,4.92,-142.79,25.51,20,1
P008,HRTF_A,14,4.934,-141.13,25.27,20,1
P008,HRTF_A,14,4.947,-139.69,25.02,20,1
P008,HRTF_A,14,4.961,-138.47,24.8,20,1
P008,HRTF_A,14,4.975,-137.43,24.64,20,1
P008,HRTF_A,14,4.989,-136.56,24.55,20,1
P008,HRTF_A,14,5.002,-135.88,24.48,20,1
P008,HRTF_A,14,5.017,-135.33,24.46,20,1
P008,HRTF_A,14,5.03,-134.89,24.44,20,1
P008,HRTF_A,14,5.045,-134.5,24.43,20,1
P008,HRTF_A,14,5.059,-134.12,24.43,20,1
P008,HRTF_A,14,5.072,-133.77,24.47,20,1
P008,HRTF_A,14,5.086,-133.46,24.59,20,1
P008,HRTF_A,14,5.1,-133.15,24.74,20,1
P008,HRTF_A,14,5.114,-132.89,24.87,20,1
P008,HRTF_A,14,5.128,-132.68,24.99,20,1
P008,HRTF_A,14,5.142,-132.47,25.1,20,1
P008,HRTF_A,14,5.156,-132.34,25.27,20,1
P008,HRTF_A,14,5.17,-132.22,25.43,20,1
P008,HRTF_A,14,5.183,-132.11,25.59,20,1
P008,HRTF_A,14,5.197,-132.02,25.76,20,1
P008,HRTF_A,14,5.211,-131.96,25.91,20,1
P008,HRTF_A,14,5.225,-131.97,25.99,20,1
P008,HRTF_A,14,5.239,-132.05,26.01,20,1
P008,HRTF_A,14,5.253,-132.15,25.97,20,1
P008,HRTF_A,14,5.267,-132.28,25.89,20,1
P008,HRTF_A,14,5.281,-132.4,25.72,20,1
P008,HRTF_A,14,5.294,-132.5,25.51,20,1
P008,HRTF_A,14,5.308,-132.6,25.23,20,1
P008,HRTF_A,14,5.322,-132.68,24.9,20,1
P008,HRTF_A,14,5.336,-132.77,24.53,20,1
P008,HRTF_A,14,5.35,-132.86,24.16,20,1
P008,HRTF_A,14,5.364,-132.9,23.8,20,1
P008,HRTF_A,14,5.378,-132.92,23.44,20,1
P008,HRTF_A,14,5.392,-132.91,23.09,20,1
P008,HRTF_A,14,5.405,-132.87,22.74,20,1
P008,HRTF_A,14,5.42,-132.85,22.39,20,1
P008,HRTF_A,14,5.433,-132.86,22.04,20,1
P008,HRTF_A,14,5.447,-132.89,21.71,20,1
P008,HRTF_A,14,5.461,-132.91,21.3,20,1
P008,HRTF_A,14,5.475,-132.89,20.92,20,1
P008,HRTF_A,14,5.489,-132.82,20.55,20,1
P008,HRTF_A,14,5.503,-132.73,20.24,20,1
P008,HRTF_A,14,5.517,-132.65,19.95,20,1
P008,HRTF_A,14,5.53,-132.52,19.7,20,1
P008,HRTF_A,14,5.544,-132.38,19.51,20,1
P008,HRTF_A,14,5.558,-132.22,19.38,20,1
P008,HRTF_A,14,5.572,-132.03,19.29,20,1
P008,HRTF_A,14,5.586,-131.8,19.24,20,1
P008,HRTF_A,14,5.6,-131.59,19.19,20,1
P008,HRTF_A,14,5.614,-131.37,19.17,20,1
P008,HRTF_A,14,5.628,-131.2,19.14,20,1
P008,HRTF_A,14,5.642,-131,19.13,20,1
P008,HRTF_A,15,0.015,-0.54,-2.87,4,1
P008,HRTF_A,15,0.026,-0.66,-2.96,4,1
P008,HRTF_A,15,0.037,-0.77,-3.06,4,1
P008,HRTF_A,15,0.056,-0.87,-3.18,4,1
P008,HRTF_A,15,0.07,-0.97,-3.29,4,1
P008,HRTF_A,15,0.084,-1.06,-3.39,4,1
P008,HRTF_A,15,0.098,-1.12,-3.48,4,1
P008,HRTF_A,15,0.111,-1.16,-3.57,4,1
P008,HRTF_A,15,0.125,-1.17,-3.65,4,1
P008,HRTF_A,15,0.139,-1.16,-3.71,4,1
P008,HRTF_A,15,0.153,-1.13,-3.8,4,1
P008,HRTF_A,15,0.167,-1.09,-3.95,4,1
P008,HRTF_A,15,0.181,-1.04,-4.16,4,1
P008,HRTF_A,15,0.195,-1,-4.38,4,1
P008,HRTF_A,15,0.209,-0.97,-4.58,4,1
P008,HRTF_A,15,0.222,-0.93,-4.74,4,1
P008,HRTF_A,15,0.237,-0.9,-4.87,4,1
P008,HRTF_A,15,0.251,-0.88,-4.98,4,1
P008,HRTF_A,15,0.264,-0.88,-5.08,4,1
P008,HRTF_A,15,0.278,-0.94,-5.22,4,1
P008,HRTF_A,15,0.292,-1.04,-5.39,4,1
P008,HRTF_A,15,0.306,-1.17,-5.54,4,1
P008,HRTF_A,15,0.32,-1.32,-5.67,4,1
P008,HRTF_A,15,0.334,-1.5,-5.79,4,1
P008,HRTF_A,15,0.348,-1.77,-5.93,4,1
P008,HRTF_A,15,0.362,-2.15,-6.05,4,1
P008,HRTF_A,15,0.375,-2.66,-6.15,4,1
P008,HRTF_A,15,0.389,-3.24,-6.26,4,1
P008,HRTF_A,15,0.403,-4,-6.42,4,1
P008,HRTF_A,15,0.417,-5.05,-6.63,4,1
P008,HRTF_A,15,0.431,-6.33,-6.86,4,1
P008,HRTF_A,15,0.445,-7.77,-7.1,4,1
P008,HRTF_A,15,0.459,-9.33,-7.33,4,1
P008,HRTF_A,15,0.473,-10.98,-7.58,4,1
P008,HRTF_A,15,0.487,-12.71,-7.82,4,1
P008,HRTF_A,15,0.501,-14.49,-8.05,4,1
P008,HRTF_A,15,0.514,-16.28,-8.32,4,1
P008,HRTF_A,15,0.528,-18.05,-8.62,4,1
P008,HRTF_A,15,0.542,-19.78,-8.92,4,1
P008,HRTF_A,15,0.556,-21.48,-9.28,4,1
P008,HRTF_A,15,0.57,-23.14,-9.73,4,1
P008,HRTF_A,15,0.584,-24.72,-10.25,4,1
P008,HRTF_A,15,0.598,-26.22,-10.75,4,1
P008,HRTF_A,15,0.612,-27.57,-11.18,4,1
P008,HRTF_A,15,0.625,-28.8,-11.56,4,1
P008,HRTF_A,15,0.639,-29.87,-11.83,4,1
P008,HRTF_A,15,0.654,-30.79,-12.05,4,1
P008,HRTF_A,15,0.667,-31.6,-12.22,4,1
P008,HRTF_A,15,0.681,-32.28,-12.36,4,1
P008,HRTF_A,15,0.695,-32.85,-12.45,4,1
P008,HRTF_A,15,0.709,-33.29,-12.55,4,1
P008,HRTF_A,15,0.723,-33.6,-12.64,4,1
P008,HRTF_A,15,0.737,-33.75,-12.7,4,1
P008,HRTF_A,15,0.751,-33.73,-12.7,4,1
P008,HRTF_A,15,0.765,-33.48,-12.73,4,1
P008,HRTF_A,15,0.778,-32.91,-12.82,4,1
P008,HRTF_A,15,0.792,-32.03,-12.98,4,1
P008,HRTF_A,15,0.806,-30.94,-13.15,4,1
P008,HRTF_A,15,0.82,-29.6,-13.31,4,1
P008,HRTF_A,15,0.834,-28.1,-13.48,4,1
P008,HRTF_A,15,0.848,-26.44,-13.63,4,1
P008,HRTF_A,15,0.862,-24.7,-13.68,4,1
P008,HRTF_A,15,0.876,-23.02,-13.48,4,1
P008,HRTF_A,15,0.89,-21.58,-12.96,4,1
P008,HRTF_A,15,0.903,-20.36,-12.16,4,1
P008,HRTF_A,15,0.917,-19.36,-11.11,4,1
P008,HRTF_A,15,0.931,-18.56,-9.87,4,1
P008,HRTF_A,15,0.945,-18.02,-8.49,4,1
P008,HRTF_A,15,0.959,-17.72,-7.05,4,1
P008,HRTF_A,15,0.973,-17.71,-5.56,4,1
P008,HRTF_A,15,0.987,-17.96,-4,4,1
P008,HRTF_A,15,1.001,-18.43,-2.41,4,1
P008,HRTF_A,15,1.015,-19.11,-0.79,4,1
P008,HRTF_A,15,1.029,-19.97,0.85,4,1
P008,HRTF_A,15,1.042,-20.97,2.51,4,1
P008,HRTF_A,15,1.056,-22.12,4.13,4,1
P008,HRTF_A,15,1.07,-23.34,5.73,4,1
P008,HRTF_A,15,1.084,-24.66,7.16,4,1
P008,HRTF_A,15,1.098,-26.06,8.47,4,1
P008,HRTF_A,15,1.111,-27.56,9.65,4,1
P008,HRTF_A,15,1.126,-29.08,10.75,4,1
P008,HRTF_A,15,1.139,-30.65,11.76,4,1
P008,HRTF_A,15,1.153,-32.2,12.72,4,1
P008,HRTF_A,15,1.167,-33.73,13.6,4,1
P008,HRTF_A,15,1.181,-35.21,14.45,4,1
P008,HRTF_A,15,1.195,-36.64,15.23,4,1
P008,HRTF_A,15,1.209,-38.05,15.94,4,1
P008,HRTF_A,15,1.223,-39.46,16.57,4,1
P008,HRTF_A,15,1.236,-40.84,17.14,4,1
P008,HRTF_A,15,1.25,-42.16,17.72,4,1
P008,HRTF_A,15,1.264,-43.39,18.3,4,1
P008,HRTF_A,15,1.278,-44.45,18.9,4,1
P008,HRTF_A,15,1.293,-45.27,19.46,4,1
P008,HRTF_A,15,1.306,-45.71,19.92,4,1
P008,HRTF_A,15,1.32,-45.66,20.22,4,1
P008,HRTF_A,15,1.334,-45.04,20.42,4,1
P008,HRTF_A,15,1.348,-43.86,20.5,4,1
P008,HRTF_A,15,1.361,-42.17,20.51,4,1
P008,HRTF_A,15,1.375,-40.05,20.38,4,1
P008,HRTF_A,15,1.389,-37.53,20,4,1
P008,HRTF_A,15,1.403,-34.71,19.44,4,1
P008,HRTF_A,15,1.417,-31.59,18.68,4,1
P008,HRTF_A,15,1.431,-28.24,17.76,4,1
P008,HRTF_A,15,1.445,-24.69,16.73,4,1
P008,HRTF_A,15,1.458,-20.96,15.55,4,1
P008,HRTF_A,15,1.473,-17.07,14.25,4,1
P008,HRTF_A,15,1.487,-13.07,12.81,4,1
P008,HRTF_A,15,1.501,-8.97,11.25,4,1
P008,HRTF_A,15,1.514,-4.82,9.68,4,1
P008,HRTF_A,15,1.528,-0.66,8.1,4,1
P008,HRTF_A,15,1.542,3.52,6.43,4,1
P008,HRTF_A,15,1.556,7.68,4.66,4,1
P008,HRTF_A,15,1.57,11.76,2.83,4,1
P008,HRTF_A,15,1.584,15.73,1.02,4,1
P008,HRTF_A,15,1.598,19.57,-0.79,4,1
P008,HRTF_A,15,1.612,23.3,-2.54,4,1
P008,HRTF_A,15,1.626,26.9,-4.22,4,1
P008,HRTF_A,15,1.64,30.32,-5.81,4,1
P008,HRTF_A,15,1.653,33.62,-7.27,4,1
P008,HRTF_A,15,1.667,36.76,-8.61,4,1
P008,HRTF_A,15,1.681,39.78,-9.84,4,1
P008,HRTF_A,15,1.695,42.68,-10.93,4,1
P008,HRTF_A,15,1.709,45.47,-11.9,4,1
P008,HRTF_A,15,1.723,48.16,-12.76,4,1
P008,HRTF_A,15,1.737,50.73,-13.55,4,1
P008,HRTF_A,15,1.751,53.13,-14.29,4,1
P008,HRTF_A,15,1.764,55.38,-15.01,4,1
P008,HRTF_A,15,1.778,57.44,-15.67,4,1
P008,HRTF_A,15,1.792,59.28,-16.29,4,1
P008,HRTF_A,15,1.806,60.92,-16.87,4,1
P008,HRTF_A,15,1.82,62.34,-17.39,4,1
P008,HRTF_A,15,1.834,63.53,-17.84,4,1
P008,HRTF_A,15,1.848,64.54,-18.27,4,1
P008,HRTF_A,15,1.862,65.46,-18.7,4,1
P008,HRTF_A,15,1.875,66.28,-19.09,4,1
P008,HRTF_A,15,1.89,67.09,-19.45,4,1
P008,HRTF_A,15,1.903,67.93,-19.78,4,1
P008,HRTF_A,15,1.917,68.83,-20.1,4,1
P008,HRTF_A,15,1.931,69.8,-20.48,4,1
P008,HRTF_A,15,1.945,70.84,-20.88,4,1
P008,HRTF_A,15,1.959,72.02,-21.31,4,1
P008,HRTF_A,15,1.973,73.31,-21.74,4,1
P008,HRTF_A,15,1.987,74.69,-22.05,4,1
P008,HRTF_A,15,2,76.13,-22.31,4,1
P008,HRTF_A,15,2.015,77.59,-22.58,4,1
P008,HRTF_A,15,2.028,79.09,-22.84,4,1
P008,HRTF_A,15,2.042,80.63,-23.15,4,1
P008,HRTF_A,15,2.056,82.16,-23.4,4,1
P008,HRTF_A,15,2.07,83.66,-23.59,4,1
P008,HRTF_A,15,2.084,85.1,-23.69,4,1
P008,HRTF_A,15,2.098,86.49,-23.71,4,1
P008,HRTF_A,15,2.111,87.78,-23.64,4,1
P008,HRTF_A,15,2.127,88.98,-23.48,4,1
P008,HRTF_A,15,2.141,90.08,-23.18,4,1
P008,HRTF_A,15,2.155,91.02,-22.67,4,1
P008,HRTF_A,15,2.167,91.8,-21.97,4,1
P008,HRTF_A,15,2.181,92.29,-21.08,4,1
P008,HRTF_A,15,2.195,92.53,-20,4,1
P008,HRTF_A,15,2.209,92.4,-18.57,4,1
P008,HRTF_A,15,2.223,91.94,-16.93,4,1
P008,HRTF_A,15,2.237,91.07,-14.95,4,1
P008,HRTF_A,15,2.251,89.85,-12.72,4,1
P008,HRTF_A,15,2.264,88.46,-10.37,4,1
P008,HRTF_A,15,2.279,86.84,-7.96,4,1
P008,HRTF_A,15,2.292,85.02,-5.52,4,1
P008,HRTF_A,15,2.306,83.07,-3.12,4,1
P008,HRTF_A,15,2.32,81.02,-0.79,4,1
P008,HRTF_A,15,2.334,78.99,1.46,4,1
P008,HRTF_A,15,2.35,77.02,3.56,4,1
P008,HRTF_A,15,2.363,75.07,5.6,4,1
P008,HRTF_A,15,2.376,73.17,7.53,4,1
P008,HRTF_A,15,2.39,71.33,9.32,4,1
P008,HRTF_A,15,2.404,69.64,10.92,4,1
P008,HRTF_A,15,2.418,68.11,12.31,4,1
P008,HRTF_A,15,2.432,66.7,13.6,4,1
P008,HRTF_A,15,2.446,65.31,14.86,4,1
P008,HRTF_A,15,2.46,64.06,16.02,4,1
P008,HRTF_A,15,2.474,63.02,17.11,4,1
P008,HRTF_A,15,2.488,62.19,18.08,4,1
P008,HRTF_A,15,2.502,61.44,18.98,4,1
P008,HRTF_A,15,2.515,60.7,19.77,4,1
P008,HRTF_A,15,2.529,59.98,20.56,4,1
P008,HRTF_A,15,2.543,59.28,21.34,4,1
P008,HRTF_A,15,2.558,58.57,22.09,4,1
P008,HRTF_A,15,2.572,57.89,22.79,4,1
P008,HRTF_A,15,2.585,57.19,23.4,4,1
P008,HRTF_A,15,2.599,56.43,23.93,4,1
P008,HRTF_A,15,2.612,55.65,24.35,4,1
P008,HRTF_A,15,2.626,54.88,24.73,4,1
P008,HRTF_A,15,2.64,54.14,25.02,4,1
P008,HRTF_A,15,2.653,53.42,25.25,4,1
P008,HRTF_A,15,2.667,52.7,25.36,4,1
P008,HRTF_A,15,2.68,51.99,25.38,4,1
P008,HRTF_A,15,2.694,51.28,25.33,4,1
P008,HRTF_A,15,2.708,50.64,25.24,4,1
P008,HRTF_A,15,2.721,50.05,25.13,4,1
P008,HRTF_A,15,2.735,49.52,24.97,4,1
P008,HRTF_A,15,2.748,49.03,24.79,4,1
P008,HRTF_A,15,2.764,48.63,24.55,4,1
P008,HRTF_A,15,2.777,48.26,24.31,4,1
P008,HRTF_A,15,2.792,47.97,24.03,4,1
P008,HRTF_A,15,2.806,47.76,23.76,4,1
P008,HRTF_A,16,0.012,0.28,0.18,30,1
P008,HRTF_A,16,0.023,0.35,0.17,30,1
P008,HRTF_A,16,0.034,0.43,0.14,30,1
P008,HRTF_A,16,0.046,0.49,0.1,30,1
P008,HRTF_A,16,0.071,0.55,0.06,30,1
P008,HRTF_A,16,0.084,0.6,0.02,30,1
P008,HRTF_A,16,0.099,0.64,-0.04,30,1
P008,HRTF_A,16,0.113,0.67,-0.12,30,1
P008,HRTF_A,16,0.126,0.69,-0.21,30,1
P008,HRTF_A,16,0.14,0.69,-0.3,30,1
P008,HRTF_A,16,0.154,0.69,-0.39,30,1
P008,HRTF_A,16,0.168,0.68,-0.5,30,1
P008,HRTF_A,16,0.182,0.65,-0.67,30,1
P008,HRTF_A,16,0.196,0.62,-0.89,30,1
P008,HRTF_A,16,0.21,0.56,-1.12,30,1
P008,HRTF_A,16,0.223,0.47,-1.34,30,1
P008,HRTF_A,16,0.237,0.36,-1.53,30,1
P008,HRTF_A,16,0.251,0.19,-1.71,30,1
P008,HRTF_A,16,0.265,0.01,-1.89,30,1
P008,HRTF_A,16,0.279,-0.24,-2.14,30,1
P008,HRTF_A,16,0.293,-0.61,-2.46,30,1
P008,HRTF_A,16,0.306,-1.07,-2.81,30,1
P008,HRTF_A,16,0.32,-1.68,-3.17,30,1
P008,HRTF_A,16,0.334,-2.44,-3.51,30,1
P008,HRTF_A,16,0.348,-3.42,-3.91,30,1
P008,HRTF_A,16,0.362,-4.72,-4.38,30,1
P008,HRTF_A,16,0.376,-6.35,-4.86,30,1
P008,HRTF_A,16,0.39,-8.26,-5.3,30,1
P008,HRTF_A,16,0.404,-10.32,-5.69,30,1
P008,HRTF_A,16,0.418,-12.49,-6.07,30,1
P008,HRTF_A,16,0.432,-14.8,-6.43,30,1
P008,HRTF_A,16,0.446,-17.21,-6.83,30,1
P008,HRTF_A,16,0.459,-19.68,-7.2,30,1
P008,HRTF_A,16,0.473,-22.19,-7.58,30,1
P008,HRTF_A,16,0.487,-24.68,-7.94,30,1
P008,HRTF_A,16,0.501,-27.16,-8.37,30,1
P008,HRTF_A,16,0.515,-29.57,-8.82,30,1
P008,HRTF_A,16,0.529,-31.96,-9.32,30,1
P008,HRTF_A,16,0.543,-34.28,-9.81,30,1
P008,HRTF_A,16,0.557,-36.53,-10.34,30,1
P008,HRTF_A,16,0.571,-38.63,-10.92,30,1
P008,HRTF_A,16,0.585,-40.54,-11.54,30,1
P008,HRTF_A,16,0.599,-42.29,-12.21,30,1
P008,HRTF_A,16,0.613,-43.87,-12.9,30,1
P008,HRTF_A,16,0.626,-45.26,-13.53,30,1
P008,HRTF_A,16,0.64,-46.47,-14.12,30,1
P008,HRTF_A,16,0.654,-47.51,-14.69,30,1
P008,HRTF_A,16,0.668,-48.38,-15.21,30,1
P008,HRTF_A,16,0.682,-49.14,-15.7,30,1
P008,HRTF_A,16,0.696,-49.72,-16.15,30,1
P008,HRTF_A,16,0.71,-50.16,-16.55,30,1
P008,HRTF_A,16,0.723,-50.45,-16.91,30,1
P008,HRTF_A,16,0.738,-50.64,-17.22,30,1
P008,HRTF_A,16,0.751,-50.76,-17.49,30,1
P008,HRTF_A,16,0.765,-50.81,-17.69,30,1
P008,HRTF_A,16,0.779,-50.8,-17.83,30,1
P008,HRTF_A,16,0.793,-50.75,-17.95,30,1
P008,HRTF_A,16,0.807,-50.64,-18.05,30,1
P008,HRTF_A,16,0.821,-50.49,-18.13,30,1
P008,HRTF_A,16,0.835,-50.33,-18.18,30,1
P008,HRTF_A,16,0.849,-50.13,-18.22,30,1
P008,HRTF_A,16,0.863,-49.93,-18.24,30,1
P008,HRTF_A,16,0.876,-49.71,-18.25,30,1
P008,HRTF_A,16,0.891,-49.47,-18.28,30,1
P008,HRTF_A,16,0.904,-49.21,-18.33,30,1
P008,HRTF_A,16,0.918,-48.93,-18.38,30,1
P008,HRTF_A,16,0.932,-48.62,-18.46,30,1
P008,HRTF_A,16,0.946,-48.29,-18.53,30,1
P008,HRTF_A,16,0.96,-47.93,-18.61,30,1
P008,HRTF_A,16,0.974,-47.54,-18.7,30,1
P008,HRTF_A,16,0.987,-47.13,-18.84,30,1
P008,HRTF_A,17,0.013,1.75,-0.58,13,1
P008,HRTF_A,17,0.024,1.59,-0.72,13,1
P008,HRTF_A,17,0.034,1.44,-0.87,13,1
P008,HRTF_A,17,0.045,1.31,-1.02,13,1
P008,HRTF_A,17,0.068,1.2,-1.15,13,1
P008,HRTF_A,17,0.082,1.09,-1.27,13,1
P008,HRTF_A,17,0.096,0.98,-1.37,13,1
P008,HRTF_A,17,0.11,0.87,-1.45,13,1
P008,HRTF_A,17,0.124,0.77,-1.53,13,1
P008,HRTF_A,17,0.138,0.67,-1.61,13,1
P008,HRTF_A,17,0.152,0.56,-1.7,13,1
P008,HRTF_A,17,0.166,0.45,-1.83,13,1
P008,HRTF_A,17,0.18,0.34,-1.99,13,1
P008,HRTF_A,17,0.193,0.23,-2.16,13,1
P008,HRTF_A,17,0.207,0.14,-2.32,13,1
P008,HRTF_A,17,0.221,0.06,-2.48,13,1
P008,HRTF_A,17,0.235,0,-2.64,13,1
P008,HRTF_A,17,0.249,-0.03,-2.84,13,1
P008,HRTF_A,17,0.263,-0.08,-3.11,13,1
P008,HRTF_A,17,0.277,-0.13,-3.47,13,1
P008,HRTF_A,17,0.29,-0.18,-3.87,13,1
P008,HRTF_A,17,0.304,-0.21,-4.32,13,1
P008,HRTF_A,17,0.318,-0.2,-4.84,13,1
P008,HRTF_A,17,0.332,-0.18,-5.47,13,1
P008,HRTF_A,17,0.346,-0.14,-6.07,13,1
P008,HRTF_A,17,0.36,-0.09,-6.62,13,1
P008,HRTF_A,17,0.374,-0.04,-7.1,13,1
P008,HRTF_A,17,0.388,0.01,-7.54,13,1
P008,HRTF_A,17,0.402,0.08,-7.96,13,1
P008,HRTF_A,17,0.416,0.1,-8.4,13,1
P008,HRTF_A,17,0.43,0.05,-8.81,13,1
P008,HRTF_A,17,0.443,-0.02,-9.21,13,1
P008,HRTF_A,17,0.457,-0.16,-9.63,13,1
P008,HRTF_A,17,0.471,-0.34,-10.04,13,1
P008,HRTF_A,17,0.485,-0.6,-10.42,13,1
P008,HRTF_A,17,0.499,-0.92,-10.74,13,1
P008,HRTF_A,17,0.513,-1.32,-11.01,13,1
P008,HRTF_A,17,0.527,-1.78,-11.24,13,1
P008,HRTF_A,17,0.541,-2.32,-11.47,13,1
P008,HRTF_A,17,0.555,-2.86,-11.73,13,1
P008,HRTF_A,17,0.57,-3.4,-12.02,13,1
P008,HRTF_A,17,0.582,-3.93,-12.32,13,1
P008,HRTF_A,17,0.596,-4.43,-12.59,13,1
P008,HRTF_A,17,0.61,-4.9,-12.8,13,1
P008,HRTF_A,17,0.624,-5.3,-12.97,13,1
P008,HRTF_A,17,0.638,-5.65,-13.17,13,1
P008,HRTF_A,17,0.652,-5.91,-13.36,13,1
P008,HRTF_A,17,0.666,-6.07,-13.54,13,1
P008,HRTF_A,17,0.68,-6.14,-13.71,13,1
P008,HRTF_A,17,0.693,-6.1,-13.85,13,1
P008,HRTF_A,17,0.707,-5.89,-13.96,13,1
P008,HRTF_A,17,0.721,-5.54,-14.06,13,1
P008,HRTF_A,17,0.735,-5,-14.22,13,1
P008,HRTF_A,17,0.749,-4.26,-14.41,13,1
P008,HRTF_A,17,0.763,-3.2,-14.67,13,1
P008,HRTF_A,17,0.777,-1.91,-14.91,13,1
P008,HRTF_A,17,0.791,-0.36,-15.15,13,1
P008,HRTF_A,17,0.805,1.51,-15.43,13,1
P008,HRTF_A,17,0.818,3.74,-15.86,13,1
P008,HRTF_A,17,0.833,6.32,-16.37,13,1
P008,HRTF_A,17,0.846,9.24,-17,13,1
P008,HRTF_A,17,0.86,12.45,-17.68,13,1
P008,HRTF_A,17,0.874,15.89,-18.33,13,1
P008,HRTF_A,17,0.888,19.56,-19,13,1
P008,HRTF_A,17,0.902,23.39,-19.63,13,1
P008,HRTF_A,17,0.916,27.37,-20.2,13,1
P008,HRTF_A,17,0.93,31.4,-20.71,13,1
P008,HRTF_A,17,0.943,35.44,-21.16,13,1
P008,HRTF_A,17,0.958,39.43,-21.52,13,1
P008,HRTF_A,17,0.972,43.38,-21.82,13,1
P008,HRTF_A,17,0.985,47.26,-22.04,13,1
P008,HRTF_A,17,0.999,51.08,-22.13,13,1
P008,HRTF_A,17,1.013,54.84,-21.95,13,1
P008,HRTF_A,17,1.027,58.46,-21.5,13,1
P008,HRTF_A,17,1.041,61.8,-20.9,13,1
P008,HRTF_A,17,1.055,64.76,-20.3,13,1
P008,HRTF_A,17,1.069,67.39,-19.77,13,1
P008,HRTF_A,17,1.083,69.75,-19.39,13,1
P008,HRTF_A,17,1.096,71.87,-19.24,13,1
P008,HRTF_A,17,1.11,73.78,-19.31,13,1
P008,HRTF_A,17,1.124,75.46,-19.56,13,1
P008,HRTF_A,17,1.138,76.9,-19.95,13,1
P008,HRTF_A,17,1.152,78.1,-20.38,13,1
P008,HRTF_A,17,1.166,79.16,-20.84,13,1
P008,HRTF_A,17,1.18,80.02,-21.32,13,1
P008,HRTF_A,17,1.194,80.8,-21.88,13,1
P008,HRTF_A,17,1.208,81.47,-22.56,13,1
P008,HRTF_A,17,1.222,82.11,-23.33,13,1
P008,HRTF_A,17,1.235,82.7,-24.16,13,1
P008,HRTF_A,17,1.249,83.29,-25.02,13,1
P008,HRTF_A,17,1.263,83.88,-25.89,13,1
P008,HRTF_A,17,1.277,84.45,-26.83,13,1
P008,HRTF_A,17,1.291,84.97,-27.88,13,1
P008,HRTF_A,17,1.305,85.32,-29.02,13,1
P008,HRTF_A,17,1.319,85.5,-30.09,13,1
P008,HRTF_A,17,1.332,85.48,-31.05,13,1
P008,HRTF_A,17,1.346,85.31,-31.8,13,1
P008,HRTF_A,17,1.361,85.07,-32.37,13,1
P008,HRTF_A,17,1.374,84.79,-32.81,13,1
P008,HRTF_A,17,1.388,84.44,-33.24,13,1
P008,HRTF_A,17,1.402,84.15,-33.64,13,1
P008,HRTF_A,17,1.416,84.04,-33.96,13,1
P008,HRTF_A,17,1.43,84.2,-34.15,13,1
P008,HRTF_A,17,1.444,84.61,-34.27,13,1
P008,HRTF_A,17,1.458,85.19,-34.43,13,1
P008,HRTF_A,17,1.472,85.93,-34.58,13,1
P008,HRTF_A,17,1.485,86.88,-34.75,13,1
P008,HRTF_A,17,1.499,87.99,-34.92,13,1
P008,HRTF_A,17,1.513,89.26,-35.05,13,1
P008,HRTF_A,17,1.527,90.62,-35.2,13,1
P008,HRTF_A,17,1.541,92.11,-35.38,13,1
P008,HRTF_A,17,1.555,93.76,-35.53,13,1
P008,HRTF_A,17,1.569,95.53,-35.65,13,1
P008,HRTF_A,17,1.583,97.35,-35.72,13,1
P008,HRTF_A,17,1.597,99.18,-35.74,13,1
P008,HRTF_A,17,1.611,101.02,-35.7,13,1
P008,HRTF_A,17,1.624,102.88,-35.6,13,1
P008,HRTF_A,17,1.638,104.72,-35.35,13,1
P008,HRTF_A,17,1.652,106.58,-35.02,13,1
P008,HRTF_A,17,1.666,108.4,-34.6,13,1
P008,HRTF_A,17,1.68,110.24,-34.1,13,1
P008,HRTF_A,17,1.694,112.06,-33.56,13,1
P008,HRTF_A,17,1.708,113.93,-32.91,13,1
P008,HRTF_A,17,1.721,115.77,-32.19,13,1
P008,HRTF_A,17,1.735,117.61,-31.42,13,1
P008,HRTF_A,17,1.749,119.45,-30.65,13,1
P008,HRTF_A,17,1.763,121.26,-29.81,13,1
P008,HRTF_A,17,1.777,123.05,-28.97,13,1
P008,HRTF_A,17,1.791,124.83,-28.09,13,1
P008,HRTF_A,17,1.805,126.57,-27.19,13,1
P008,HRTF_A,17,1.819,128.29,-26.25,13,1
P008,HRTF_A,17,1.833,129.97,-25.24,13,1
P008,HRTF_A,17,1.847,131.58,-24.13,13,1
P008,HRTF_A,17,1.86,133.08,-22.96,13,1
P008,HRTF_A,17,1.874,134.42,-21.7,13,1
P008,HRTF_A,17,1.888,135.56,-20.43,13,1
P008,HRTF_A,17,1.902,136.48,-19.12,13,1
P008,HRTF_A,17,1.916,137.16,-17.84,13,1
P008,HRTF_A,17,1.931,137.65,-16.54,13,1
P008,HRTF_A,17,1.943,138.01,-15.31,13,1
P008,HRTF_A,17,1.957,138.23,-14.23,13,1
P008,HRTF_A,17,1.971,138.38,-13.29,13,1
P008,HRTF_A,17,1.985,138.45,-12.5,13,1
P008,HRTF_A,17,1.999,138.48,-11.76,13,1
P008,HRTF_A,17,2.013,138.48,-11.04,13,1
P008,HRTF_A,17,2.027,138.4,-10.32,13,1
P008,HRTF_A,17,2.041,138.26,-9.59,13,1
P008,HRTF_A,17,2.055,138.06,-8.87,13,1
P008,HRTF_A,17,2.069,137.82,-8.2,13,1
P008,HRTF_A,17,2.082,137.57,-7.53,13,1
P008,HRTF_A,17,2.096,137.32,-6.88,13,1
P008,HRTF_A,17,2.11,137.03,-6.18,13,1
P008,HRTF_A,17,2.124,136.73,-5.44,13,1
P008,HRTF_A,17,2.138,136.43,-4.69,13,1
P008,HRTF_A,17,2.152,136.13,-3.94,13,1
P008,HRTF_A,17,2.166,135.89,-3.15,13,1
P008,HRTF_A,17,2.18,135.66,-2.34,13,1
P008,HRTF_A,17,2.194,135.47,-1.54,13,1
P008,HRTF_A,17,2.208,135.27,-0.78,13,1
P008,HRTF_A,17,2.221,135.05,-0.1,13,1
P008,HRTF_A,17,2.235,134.8,0.48,13,1
P008,HRTF_A,17,2.249,134.53,0.98,13,1
P008,HRTF_A,17,2.263,134.24,1.4,13,1
P008,HRTF_A,17,2.277,133.89,1.78,13,1
P008,HRTF_A,17,2.291,133.49,2.12,13,1
P008,HRTF_A,17,2.304,133.05,2.42,13,1
P008,HRTF_A,17,2.319,132.58,2.62,13,1
P008,HRTF_A,17,2.332,132.12,2.77,13,1
P008,HRTF_A,17,2.346,131.63,2.88,13,1
P008,HRTF_A,17,2.361,131.15,2.99,13,1
P008,HRTF_A,17,2.374,130.67,3.11,13,1
P008,HRTF_A,17,2.388,130.21,3.22,13,1
P008,HRTF_A,17,2.402,129.78,3.28,13,1
P008,HRTF_A,17,2.416,129.37,3.34,13,1
P008,HRTF_A,17,2.43,128.98,3.32,13,1
P008,HRTF_A,17,2.444,128.57,3.28,13,1
P008,HRTF_A,17,2.458,128.18,3.19,13,1
P008,HRTF_A,17,2.472,127.8,3.08,13,1
P008,HRTF_A,17,2.485,127.43,3,13,1
P008,HRTF_A,17,2.499,127.06,2.9,13,1
P008,HRTF_A,17,2.513,126.69,2.8,13,1
P008,HRTF_A,17,2.527,126.32,2.67,13,1
P008,HRTF_A,17,2.541,125.94,2.52,13,1
P008,HRTF_A,17,2.555,125.55,2.37,13,1
P008,HRTF_A,17,2.569,125.15,2.2,13,1
P008,HRTF_A,17,2.583,124.75,2.02,13,1
P008,HRTF_A,17,2.597,124.35,1.84,13,1
P008,HRTF_A,17,2.611,123.95,1.62,13,1
P008,HRTF_A,17,2.625,123.53,1.42,13,1
P008,HRTF_A,17,2.639,123.1,1.2,13,1
P008,HRTF_A,17,2.655,122.7,0.99,13,1
P008,HRTF_A,17,2.669,122.3,0.79,13,1
P008,HRTF_A,17,2.683,121.91,0.59,13,1
P008,HRTF_A,17,2.697,121.5,0.36,13,1
P008,HRTF_A,18,0.015,-0.99,-2.28,25,1
P008,HRTF_A,18,0.025,-0.93,-2.39,25,1
P008,HRTF_A,18,0.037,-0.86,-2.48,25,1
P008,HRTF_A,18,0.052,-0.82,-2.56,25,1
P008,HRTF_A,18,0.076,-0.75,-2.58,25,1
P008,HRTF_A,18,0.09,-0.69,-2.62,25,1
P008,HRTF_A,18,0.104,-0.65,-2.63,25,1
P008,HRTF_A,18,0.117,-0.63,-2.66,25,1
P008,HRTF_A,18,0.132,-0.61,-2.69,25,1
P008,HRTF_A,18,0.146,-0.62,-2.7,25,1
P008,HRTF_A,18,0.159,-0.63,-2.71,25,1
P008,HRTF_A,18,0.174,-0.65,-2.75,25,1
P008,HRTF_A,18,0.187,-0.67,-2.81,25,1
P008,HRTF_A,18,0.201,-0.69,-2.88,25,1
P008,HRTF_A,18,0.215,-0.71,-2.96,25,1
P008,HRTF_A,18,0.229,-0.77,-3.04,25,1
P008,HRTF_A,18,0.243,-0.85,-3.13,25,1
P008,HRTF_A,18,0.257,-0.99,-3.25,25,1
P008,HRTF_A,18,0.271,-1.23,-3.42,25,1
P008,HRTF_A,18,0.284,-1.62,-3.64,25,1
P008,HRTF_A,18,0.298,-2.22,-3.93,25,1
P008,HRTF_A,18,0.312,-2.99,-4.23,25,1
P008,HRTF_A,18,0.326,-4.02,-4.59,25,1
P008,HRTF_A,18,0.34,-5.28,-4.91,25,1
P008,HRTF_A,18,0.354,-6.75,-5.21,25,1
P008,HRTF_A,18,0.368,-8.42,-5.52,25,1
P008,HRTF_A,18,0.383,-10.27,-5.8,25,1
P008,HRTF_A,18,0.395,-12.24,-6.05,25,1
P008,HRTF_A,18,0.41,-14.36,-6.28,25,1
P008,HRTF_A,18,0.423,-16.53,-6.5,25,1
P008,HRTF_A,18,0.437,-18.79,-6.71,25,1
P008,HRTF_A,18,0.451,-21.07,-6.9,25,1
P008,HRTF_A,18,0.465,-23.34,-7.06,25,1
P008,HRTF_A,18,0.479,-25.57,-7.19,25,1
P008,HRTF_A,18,0.493,-27.77,-7.27,25,1
P008,HRTF_A,18,0.507,-29.87,-7.3,25,1
P008,HRTF_A,18,0.521,-31.91,-7.29,25,1
P008,HRTF_A,18,0.535,-33.86,-7.26,25,1
P008,HRTF_A,18,0.548,-35.77,-7.26,25,1
P008,HRTF_A,18,0.562,-37.64,-7.32,25,1
P008,HRTF_A,18,0.576,-39.5,-7.44,25,1
P008,HRTF_A,18,0.59,-41.31,-7.62,25,1
P008,HRTF_A,18,0.604,-43.1,-7.84,25,1
P008,HRTF_A,18,0.618,-44.86,-8.11,25,1
P008,HRTF_A,18,0.632,-46.6,-8.39,25,1
P008,HRTF_A,18,0.646,-48.32,-8.64,25,1
P008,HRTF_A,18,0.66,-50.03,-8.96,25,1
P008,HRTF_A,18,0.674,-51.72,-9.38,25,1
P008,HRTF_A,18,0.687,-53.4,-9.93,25,1
P008,HRTF_A,18,0.701,-55.1,-10.54,25,1
P008,HRTF_A,18,0.715,-56.76,-11.13,25,1
P008,HRTF_A,18,0.729,-58.44,-11.66,25,1
P008,HRTF_A,18,0.743,-60.07,-12.19,25,1
P008,HRTF_A,18,0.757,-61.69,-12.73,25,1
P008,HRTF_A,18,0.771,-63.29,-13.29,25,1
P008,HRTF_A,18,0.785,-64.85,-13.79,25,1
P008,HRTF_A,18,0.798,-66.32,-14.21,25,1
P008,HRTF_A,18,0.812,-67.71,-14.54,25,1
P008,HRTF_A,18,0.826,-68.99,-14.78,25,1
P008,HRTF_A,18,0.84,-70.22,-14.98,25,1
P008,HRTF_A,18,0.854,-71.36,-15.13,25,1
P008,HRTF_A,18,0.868,-72.46,-15.22,25,1
P008,HRTF_A,18,0.882,-73.47,-15.2,25,1
P008,HRTF_A,18,0.896,-74.41,-15.05,25,1
P008,HRTF_A,18,0.91,-75.25,-14.76,25,1
P008,HRTF_A,18,0.924,-75.98,-14.36,25,1
P008,HRTF_A,18,0.938,-76.67,-13.86,25,1
P008,HRTF_A,18,0.951,-77.27,-13.28,25,1
P008,HRTF_A,18,0.965,-77.81,-12.63,25,1
P008,HRTF_A,18,0.979,-78.25,-11.94,25,1
P008,HRTF_A,18,0.993,-78.69,-11.24,25,1
P008,HRTF_A,18,1.007,-79.07,-10.53,25,1
P008,HRTF_A,18,1.021,-79.45,-9.79,25,1
P008,HRTF_A,18,1.035,-79.82,-9.06,25,1
P008,HRTF_A,18,1.049,-80.2,-8.3,25,1
P008,HRTF_A,18,1.063,-80.57,-7.59,25,1
P008,HRTF_A,18,1.076,-80.97,-6.87,25,1
P008,HRTF_A,18,1.09,-81.42,-6.19,25,1
P008,HRTF_A,18,1.104,-81.92,-5.53,25,1
P008,HRTF_A,18,1.118,-82.42,-4.91,25,1
P008,HRTF_A,18,1.132,-82.99,-4.27,25,1
P008,HRTF_A,18,1.146,-83.58,-3.7,25,1
P008,HRTF_A,18,1.16,-84.23,-3.13,25,1
P008,HRTF_A,18,1.174,-84.87,-2.58,25,1
P008,HRTF_A,18,1.187,-85.52,-2.03,25,1
P008,HRTF_A,18,1.202,-86.19,-1.53,25,1
P008,HRTF_A,18,1.215,-86.85,-1.11,25,1
P008,HRTF_A,18,1.229,-87.5,-0.76,25,1
P008,HRTF_A,18,1.243,-88.1,-0.46,25,1
P008,HRTF_A,18,1.257,-88.66,-0.2,25,1
P008,HRTF_A,18,1.271,-89.14,0.03,25,1
P008,HRTF_A,18,1.285,-89.55,0.22,25,1
P008,HRTF_A,18,1.299,-89.9,0.35,25,1
P008,HRTF_A,18,1.313,-90.17,0.45,25,1
P008,HRTF_A,18,1.327,-90.36,0.54,25,1
P008,HRTF_A,18,1.34,-90.47,0.6,25,1
P008,HRTF_A,18,1.354,-90.5,0.65,25,1
P008,HRTF_A,18,1.368,-90.48,0.7,25,1
P008,HRTF_A,18,1.382,-90.4,0.74,25,1
P008,HRTF_A,18,1.396,-90.3,0.76,25,1
P008,HRTF_A,18,1.41,-90.16,0.77,25,1
P008,HRTF_A,19,0.014,1.15,-1.29,23,1
P008,HRTF_A,19,0.026,1.01,-1.31,23,1
P008,HRTF_A,19,0.038,0.91,-1.35,23,1
P008,HRTF_A,19,0.053,0.88,-1.4,23,1
P008,HRTF_A,19,0.067,0.88,-1.45,23,1
P008,HRTF_A,19,0.081,0.94,-1.5,23,1
P008,HRTF_A,19,0.095,1.06,-1.56,23,1
P008,HRTF_A,19,0.11,1.26,-1.62,23,1
P008,HRTF_A,19,0.123,1.5,-1.67,23,1
P008,HRTF_A,19,0.137,1.83,-1.74,23,1
P008,HRTF_A,19,0.151,2.24,-1.88,23,1
P008,HRTF_A,19,0.165,2.73,-2.11,23,1
P008,HRTF_A,19,0.178,3.3,-2.41,23,1
P008,HRTF_A,19,0.192,3.93,-2.72,23,1
P008,HRTF_A,19,0.206,4.65,-3.03,23,1
P008,HRTF_A,19,0.22,5.51,-3.39,23,1
P008,HRTF_A,19,0.234,6.5,-3.76,23,1
P008,HRTF_A,19,0.248,7.68,-4.19,23,1
P008,HRTF_A,19,0.262,9.05,-4.61,23,1
P008,HRTF_A,19,0.276,10.65,-5.05,23,1
P008,HRTF_A,19,0.29,12.5,-5.48,23,1
P008,HRTF_A,19,0.304,14.66,-5.89,23,1
P008,HRTF_A,19,0.318,17.09,-6.34,23,1
P008,HRTF_A,19,0.331,19.8,-6.78,23,1
P008,HRTF_A,19,0.345,22.75,-7.2,23,1
P008,HRTF_A,19,0.359,25.92,-7.57,23,1
P008,HRTF_A,19,0.373,29.32,-7.91,23,1
P008,HRTF_A,19,0.387,32.88,-8.19,23,1
P008,HRTF_A,19,0.4,36.51,-8.39,23,1
P008,HRTF_A,19,0.415,40.15,-8.57,23,1
P008,HRTF_A,19,0.429,43.79,-8.68,23,1
P008,HRTF_A,19,0.443,47.42,-8.74,23,1
P008,HRTF_A,19,0.456,51,-8.72,23,1
P008,HRTF_A,19,0.47,54.5,-8.68,23,1
P008,HRTF_A,19,0.484,57.93,-8.58,23,1
P008,HRTF_A,19,0.498,61.26,-8.44,23,1
P008,HRTF_A,19,0.512,64.51,-8.27,23,1
P008,HRTF_A,19,0.526,67.62,-8.09,23,1
P008,HRTF_A,19,0.54,70.59,-7.92,23,1
P008,HRTF_A,19,0.554,73.45,-7.8,23,1
P008,HRTF_A,19,0.568,76.17,-7.72,23,1
P008,HRTF_A,19,0.581,78.73,-7.64,23,1
P008,HRTF_A,19,0.595,81.08,-7.6,23,1
P008,HRTF_A,19,0.609,83.24,-7.58,23,1
P008,HRTF_A,19,0.623,85.19,-7.61,23,1
P008,HRTF_A,19,0.637,86.98,-7.62,23,1
P008,HRTF_A,19,0.651,88.6,-7.59,23,1
P008,HRTF_A,19,0.665,90.05,-7.52,23,1
P008,HRTF_A,19,0.679,91.36,-7.42,23,1
P008,HRTF_A,19,0.693,92.56,-7.3,23,1
P008,HRTF_A,19,0.707,93.68,-7.2,23,1
P008,HRTF_A,19,0.72,94.79,-7.08,23,1
P008,HRTF_A,19,0.734,95.8,-6.96,23,1
P008,HRTF_A,19,0.748,96.77,-6.85,23,1
P008,HRTF_A,19,0.762,97.72,-6.77,23,1
P008,HRTF_A,19,0.776,98.68,-6.67,23,1
P008,HRTF_A,19,0.79,99.64,-6.61,23,1
P008,HRTF_A,19,0.804,100.6,-6.55,23,1
P008,HRTF_A,19,0.818,101.61,-6.6,23,1
P008,HRTF_A,19,0.832,102.63,-6.71,23,1
P008,HRTF_A,19,0.845,103.67,-6.93,23,1
P008,HRTF_A,19,0.859,104.7,-7.21,23,1
P008,HRTF_A,19,0.874,105.69,-7.56,23,1
P008,HRTF_A,19,0.887,106.64,-7.94,23,1
P008,HRTF_A,19,0.901,107.54,-8.35,23,1
P008,HRTF_A,19,0.915,108.41,-8.81,23,1
P008,HRTF_A,19,0.929,109.24,-9.35,23,1
P008,HRTF_A,19,0.943,110.01,-10.01,23,1
P008,HRTF_A,19,0.957,110.74,-10.92,23,1
P008,HRTF_A,19,0.971,111.4,-12.13,23,1
P008,HRTF_A,19,0.984,112.01,-13.49,23,1
P008,HRTF_A,19,0.998,112.59,-14.86,23,1
P008,HRTF_A,19,1.012,113.11,-16.06,23,1
P008,HRTF_A,19,1.026,113.54,-17.11,23,1
P008,HRTF_A,19,1.04,113.85,-18.06,23,1
P008,HRTF_A,19,1.054,114.05,-18.96,23,1
P008,HRTF_A,19,1.068,114.12,-19.92,23,1
P008,HRTF_A,19,1.082,114.08,-20.91,23,1
P008,HRTF_A,19,1.096,113.93,-21.87,23,1
P008,HRTF_A,19,1.11,113.67,-22.74,23,1
P008,HRTF_A,19,1.123,113.34,-23.58,23,1
P008,HRTF_A,19,1.137,112.97,-24.47,23,1
P008,HRTF_A,19,1.151,112.57,-25.47,23,1
P008,HRTF_A,19,1.165,112.1,-26.61,23,1
P008,HRTF_A,19,1.179,111.58,-27.78,23,1
P008,HRTF_A,19,1.193,110.98,-28.93,23,1
P008,HRTF_A,19,1.207,110.24,-30.03,23,1
P008,HRTF_A,19,1.221,109.45,-31.07,23,1
P008,HRTF_A,19,1.235,108.56,-32.03,23,1
P008,HRTF_A,19,1.252,107.56,-32.85,23,1
P008,HRTF_A,19,1.263,106.48,-33.5,23,1
P008,HRTF_A,19,1.276,105.21,-33.84,23,1
P008,HRTF_A,19,1.29,103.82,-33.78,23,1
P008,HRTF_A,19,1.304,102.32,-33.19,23,1
P008,HRTF_A,19,1.318,100.81,-32.06,23,1
P008,HRTF_A,19,1.332,99.27,-30.4,23,1
P008,HRTF_A,19,1.346,97.85,-28.18,23,1
P008,HRTF_A,19,1.359,96.64,-25.51,23,1
P008,HRTF_A,19,1.373,95.7,-22.52,23,1
P008,HRTF_A,19,1.387,95.13,-19.31,23,1
P008,HRTF_A,19,1.401,94.92,-16.16,23,1
P008,HRTF_A,19,1.415,95.06,-13.05,23,1
P008,HRTF_A,19,1.43,95.63,-10.1,23,1
P008,HRTF_A,19,1.443,96.44,-7.2,23,1
P008,HRTF_A,19,1.457,97.57,-4.43,23,1
P008,HRTF_A,19,1.471,98.96,-1.77,23,1
P008,HRTF_A,19,1.485,100.58,0.79,23,1
P008,HRTF_A,19,1.498,102.38,3.14,23,1
P008,HRTF_A,19,1.512,104.23,5.34,23,1
P008,HRTF_A,19,1.526,106.07,7.36,23,1
P008,HRTF_A,19,1.54,107.81,9.22,23,1
P008,HRTF_A,19,1.554,109.5,10.88,23,1
P008,HRTF_A,19,1.568,111.04,12.41,23,1
P008,HRTF_A,19,1.582,112.48,13.76,23,1
P008,HRTF_A,19,1.596,113.72,14.95,23,1
P008,HRTF_A,19,1.609,114.76,16,23,1
P008,HRTF_A,19,1.624,115.59,16.97,23,1
P008,HRTF_A,19,1.637,116.16,17.94,23,1
P008,HRTF_A,19,1.651,116.52,18.88,23,1
P008,HRTF_A,19,1.665,116.68,19.86,23,1
P008,HRTF_A,19,1.679,116.73,20.83,23,1
P008,HRTF_A,19,1.693,116.68,21.69,23,1
P008,HRTF_A,19,1.707,116.54,22.44,23,1
P008,HRTF_A,19,1.721,116.33,23.03,23,1
P008,HRTF_A,19,1.735,116.07,23.49,23,1
P008,HRTF_A,19,1.748,115.8,23.9,23,1
P008,HRTF_A,19,1.763,115.58,24.23,23,1
P008,HRTF_A,19,1.775,115.39,24.51,23,1
P008,HRTF_A,19,1.788,115.23,24.76,23,1
P008,HRTF_A,19,1.804,114.98,24.99,23,1
P008,HRTF_A,19,1.818,114.6,25.2,23,1
P008,HRTF_A,19,1.832,113.97,25.33,23,1
P008,HRTF_A,19,1.846,113.08,25.27,23,1
P008,HRTF_A,19,1.859,111.85,25.02,23,1
P008,HRTF_A,19,1.874,110.28,24.65,23,1
P008,HRTF_A,19,1.887,108.39,24.11,23,1
P008,HRTF_A,19,1.901,106.2,23.49,23,1
P008,HRTF_A,19,1.915,103.78,22.72,23,1
P008,HRTF_A,19,1.93,101.04,21.82,23,1
P008,HRTF_A,19,1.943,98.1,20.84,23,1
P008,HRTF_A,19,1.957,94.96,19.86,23,1
P008,HRTF_A,19,1.971,91.65,18.88,23,1
P008,HRTF_A,19,1.984,88.16,17.9,23,1
P008,HRTF_A,19,1.998,84.43,16.86,23,1
P008,HRTF_A,19,2.012,80.52,15.75,23,1
P008,HRTF_A,19,2.026,76.39,14.63,23,1
P008,HRTF_A,19,2.04,72.05,13.49,23,1
P008,HRTF_A,19,2.054,67.47,12.33,23,1
P008,HRTF_A,19,2.068,62.71,11.14,23,1
P008,HRTF_A,19,2.082,57.87,9.97,23,1
P008,HRTF_A,19,2.096,52.97,8.75,23,1
P008,HRTF_A,19,2.11,48.04,7.51,23,1
P008,HRTF_A,19,2.124,43.11,6.29,23,1
P008,HRTF_A,19,2.137,38.19,5.13,23,1
P008,HRTF_A,19,2.151,33.32,4.05,23,1
P008,HRTF_A,19,2.165,28.55,3.02,23,1
P008,HRTF_A,19,2.179,23.93,2.06,23,1
P008,HRTF_A,19,2.193,19.47,1.15,23,1
P008,HRTF_A,19,2.207,15.19,0.31,23,1
P008,HRTF_A,19,2.221,11.03,-0.47,23,1
P008,HRTF_A,19,2.234,6.99,-1.17,23,1
P008,HRTF_A,19,2.248,3.1,-1.81,23,1
P008,HRTF_A,19,2.262,-0.66,-2.42,23,1
P008,HRTF_A,19,2.276,-4.27,-2.97,23,1
P008,HRTF_A,19,2.29,-7.76,-3.53,23,1
P008,HRTF_A,19,2.304,-11.14,-4.09,23,1
P008,HRTF_A,19,2.318,-14.43,-4.62,23,1
P008,HRTF_A,19,2.332,-17.62,-5.12,23,1
P008,HRTF_A,19,2.345,-20.71,-5.55,23,1
P008,HRTF_A,19,2.359,-23.77,-5.95,23,1
P008,HRTF_A,19,2.374,-26.78,-6.36,23,1
P008,HRTF_A,19,2.387,-29.79,-6.78,23,1
P008,HRTF_A,19,2.401,-32.75,-7.23,23,1
P008,HRTF_A,19,2.415,-35.67,-7.73,23,1
P008,HRTF_A,19,2.429,-38.53,-8.31,23,1
P008,HRTF_A,19,2.443,-41.28,-8.91,23,1
P008,HRTF_A,19,2.457,-43.93,-9.52,23,1
P008,HRTF_A,19,2.471,-46.5,-10.13,23,1
P008,HRTF_A,19,2.484,-48.99,-10.74,23,1
P008,HRTF_A,19,2.498,-51.42,-11.37,23,1
P008,HRTF_A,19,2.512,-53.76,-12,23,1
P008,HRTF_A,19,2.526,-56.03,-12.62,23,1
P008,HRTF_A,19,2.54,-58.23,-13.26,23,1
P008,HRTF_A,19,2.554,-60.35,-13.97,23,1
P008,HRTF_A,19,2.568,-62.49,-14.77,23,1
P008,HRTF_A,19,2.582,-64.65,-15.59,23,1
P008,HRTF_A,19,2.596,-66.83,-16.36,23,1
P008,HRTF_A,19,2.61,-69.02,-17.08,23,1
P008,HRTF_A,19,2.623,-71.2,-17.78,23,1
P008,HRTF_A,19,2.637,-73.4,-18.51,23,1
P008,HRTF_A,19,2.651,-75.66,-19.26,23,1
P008,HRTF_A,19,2.665,-77.99,-19.94,23,1
P008,HRTF_A,19,2.679,-80.33,-20.58,23,1
P008,HRTF_A,19,2.693,-82.66,-21.18,23,1
P008,HRTF_A,19,2.707,-84.98,-21.71,23,1
P008,HRTF_A,19,2.72,-87.29,-22.23,23,1
P008,HRTF_A,19,2.734,-89.58,-22.73,23,1
P008,HRTF_A,19,2.748,-91.81,-23.19,23,1
P008,HRTF_A,19,2.762,-93.99,-23.58,23,1
P008,HRTF_A,19,2.776,-96.08,-23.94,23,1
P008,HRTF_A,19,2.79,-98.03,-24.24,23,1
P008,HRTF_A,19,2.804,-99.9,-24.53,23,1
P008,HRTF_A,19,2.818,-101.68,-24.8,23,1
P008,HRTF_A,19,2.832,-103.37,-25.1,23,1
P008,HRTF_A,19,2.846,-104.98,-25.41,23,1
P008,HRTF_A,19,2.859,-106.49,-25.77,23,1
P008,HRTF_A,19,2.874,-107.89,-26.15,23,1
P008,HRTF_A,19,2.887,-109.14,-26.57,23,1
P008,HRTF_A,19,2.901,-110.31,-27.01,23,1
P008,HRTF_A,19,2.915,-111.46,-27.48,23,1
P008,HRTF_A,19,2.929,-112.59,-27.94,23,1
P008,HRTF_A,19,2.943,-113.63,-28.45,23,1
P008,HRTF_A,19,2.957,-114.61,-28.95,23,1
P008,HRTF_A,19,2.971,-115.5,-29.48,23,1
P008,HRTF_A,19,2.985,-116.31,-30.01,23,1
P008,HRTF_A,19,2.999,-117.01,-30.53,23,1
P008,HRTF_A,19,3.012,-117.62,-30.98,23,1
P008,HRTF_A,19,3.026,-118.13,-31.37,23,1
P008,HRTF_A,19,3.04,-118.55,-31.72,23,1
P008,HRTF_A,19,3.054,-118.89,-31.99,23,1
P008,HRTF_A,19,3.068,-119.13,-32.23,23,1
P008,HRTF_A,19,3.082,-119.33,-32.43,23,1
P008,HRTF_A,19,3.096,-119.51,-32.68,23,1
P008,HRTF_A,19,3.11,-119.67,-32.93,23,1
P008,HRTF_A,19,3.124,-119.8,-33.17,23,1
P008,HRTF_A,19,3.137,-119.94,-33.44,23,1
P008,HRTF_A,19,3.151,-120.1,-33.7,23,1
P008,HRTF_A,19,3.165,-120.27,-33.95,23,1
P008,HRTF_A,19,3.179,-120.45,-34.23,23,1
P008,HRTF_A,19,3.193,-120.61,-34.55,23,1
P008,HRTF_A,19,3.207,-120.79,-34.87,23,1
P008,HRTF_A,19,3.221,-120.99,-35.14,23,1
P008,HRTF_A,19,3.235,-121.18,-35.33,23,1
P008,HRTF_A,19,3.248,-121.36,-35.45,23,1
P008,HRTF_A,19,3.262,-121.54,-35.52,23,1
P008,HRTF_A,19,3.276,-121.72,-35.6,23,1
P008,HRTF_A,19,3.292,-121.9,-35.72,23,1
P008,HRTF_A,19,3.305,-122.06,-35.87,23,1
P008,HRTF_A,19,3.318,-122.2,-36.01,23,1
P008,HRTF_A,19,3.332,-122.31,-36.09,23,1
P008,HRTF_A,19,3.346,-122.41,-36.14,23,1
P008,HRTF_A,19,3.359,-122.47,-36.21,23,1
P008,HRTF_A,19,3.373,-122.52,-36.29,23,1
P008,HRTF_A,19,3.388,-122.53,-36.39,23,1
P008,HRTF_A,19,3.401,-122.48,-36.48,23,1
P008,HRTF_A,19,3.415,-122.38,-36.54,23,1
P008,HRTF_A,19,3.429,-122.24,-36.61,23,1
P008,HRTF_A,19,3.443,-122.06,-36.67,23,1
P008,HRTF_A,19,3.457,-121.86,-36.74,23,1
P008,HRTF_A,19,3.471,-121.63,-36.84,23,1
P008,HRTF_A,19,3.485,-121.35,-36.97,23,1
P008,HRTF_A,19,3.499,-121.02,-37.09,23,1
P008,HRTF_A,19,3.512,-120.67,-37.21,23,1
P008,HRTF_A,19,3.526,-120.3,-37.32,23,1
P008,HRTF_A,19,3.54,-119.91,-37.44,23,1
P008,HRTF_A,19,3.554,-119.51,-37.59,23,1
P008,HRTF_A,19,3.568,-119.1,-37.75,23,1
P008,HRTF_A,19,3.582,-118.7,-37.88,23,1
P008,HRTF_A,19,3.596,-118.33,-37.95,23,1
P008,HRTF_A,19,3.611,-117.96,-37.99,23,1
P008,HRTF_A,19,3.627,-117.58,-38.04,23,1
P008,HRTF_A,19,3.645,-116.78,-38.17,23,1
P008,HRTF_A,19,3.661,-116.33,-38.23,23,1
P008,HRTF_A,19,3.677,-115.9,-38.29,23,1
P008,HRTF_A,19,3.693,-115.47,-38.34,23,1
P008,HRTF_A,19,3.709,-115.05,-38.42,23,1
P008,HRTF_A,19,3.724,-114.16,-38.57,23,1
P008,HRTF_A,19,3.739,-113.69,-38.59,23,1
P008,HRTF_A,19,3.755,-113.27,-38.59,23,1
P008,HRTF_A,19,3.771,-112.88,-38.6,23,1
P008,HRTF_A,19,3.787,-112.5,-38.63,23,1
P008,HRTF_A,19,3.803,-112.13,-38.66,23,1
P008,HRTF_A,19,3.818,-111.75,-38.7,23,1
P008,HRTF_A,19,3.836,-111.05,-38.75,23,1
P008,HRTF_A,19,3.852,-110.76,-38.77,23,1
P008,HRTF_A,19,3.867,-110.51,-38.83,23,1
P008,HRTF_A,19,3.883,-110.29,-38.91,23,1
P008,HRTF_A,19,3.898,-110.1,-39,23,1
P008,HRTF_A,19,3.911,-109.93,-39.07,23,1
P008,HRTF_A,19,3.925,-109.78,-39.12,23,1
P008,HRTF_A,19,3.938,-109.66,-39.17,23,1
P008,HRTF_A,19,3.951,-109.54,-39.25,23,1
P008,HRTF_A,19,3.964,-109.46,-39.34,23,1
P008,HRTF_A,19,3.984,-109.45,-39.41,23,1
P008,HRTF_A,19,3.998,-109.43,-39.47,23,1
P008,HRTF_A,19,4.013,-109.44,-39.52,23,1
P008,HRTF_A,19,4.026,-109.45,-39.57,23,1
P008,HRTF_A,19,4.039,-109.48,-39.62,23,1
P008,HRTF_A,19,4.052,-109.54,-39.67,23,1
P008,HRTF_A,19,4.065,-109.62,-39.68,23,1
P008,HRTF_A,19,4.081,-109.7,-39.65,23,1
P008,HRTF_A,19,4.095,-109.79,-39.59,23,1
P008,HRTF_A,19,4.109,-109.87,-39.53,23,1
P008,HRTF_A,19,4.123,-109.95,-39.47,23,1
P008,HRTF_A,19,4.137,-110.04,-39.39,23,1
P008,HRTF_A,19,4.151,-110.13,-39.33,23,1
P008,HRTF_A,19,4.165,-110.2,-39.25,23,1
P008,HRTF_A,19,4.178,-110.24,-39.15,23,1
P008,HRTF_A,19,4.193,-110.28,-39.06,23,1
P008,HRTF_A,19,4.208,-110.29,-38.99,23,1
P008,HRTF_A,19,4.221,-110.3,-38.93,23,1
P008,HRTF_A,19,4.234,-110.28,-38.89,23,1
P008,HRTF_A,19,4.248,-110.26,-38.88,23,1
P008,HRTF_A,19,4.262,-110.22,-38.88,23,1
P008,HRTF_A,19,4.276,-110.17,-38.88,23,1
P008,HRTF_A,19,4.29,-110.1,-38.89,23,1
P008,HRTF_A,19,4.304,-110,-38.9,23,1
P008,HRTF_A,19,4.317,-109.9,-38.92,23,1
P008,HRTF_A,19,4.332,-109.78,-38.97,23,1
P008,HRTF_A,19,4.345,-109.66,-39.04,23,1
P008,HRTF_A,19,4.36,-109.53,-39.11,23,1
P008,HRTF_A,19,4.373,-109.39,-39.19,23,1
P008,HRTF_A,19,4.387,-109.26,-39.27,23,1
P008,HRTF_A,19,4.401,-109.13,-39.34,23,1
P008,HRTF_A,19,4.414,-109.02,-39.41,23,1
P008,HRTF_A,19,4.429,-108.91,-39.48,23,1
P008,HRTF_A,19,4.443,-108.81,-39.53,23,1
P008,HRTF_A,19,4.457,-108.71,-39.58,23,1
P008,HRTF_A,19,4.47,-108.62,-39.61,23,1
P008,HRTF_A,19,4.484,-108.54,-39.63,23,1
P008,HRTF_A,19,4.498,-108.46,-39.66,23,1
P008,HRTF_A,19,4.512,-108.4,-39.68,23,1
P008,HRTF_A,19,4.527,-108.35,-39.71,23,1
P008,HRTF_A,19,4.54,-108.3,-39.75,23,1
P008,HRTF_A,19,4.554,-108.25,-39.8,23,1
P008,HRTF_A,19,4.568,-108.21,-39.87,23,1
P008,HRTF_A,19,4.581,-108.19,-39.92,23,1
P008,HRTF_A,19,4.594,-108.16,-39.95,23,1
P008,HRTF_A,19,4.609,-108.18,-39.95,23,1
P008,HRTF_A,19,4.623,-108.19,-39.95,23,1
P008,HRTF_A,19,4.636,-108.2,-39.93,23,1
P008,HRTF_A,19,4.649,-108.21,-39.93,23,1
P008,HRTF_A,19,4.663,-108.23,-39.94,23,1
P008,HRTF_A,19,4.679,-108.25,-39.96,23,1
P008,HRTF_A,19,4.692,-108.28,-39.97,23,1
P008,HRTF_A,19,4.711,-108.31,-39.99,23,1
P008,HRTF_A,19,4.724,-108.34,-40,23,1
P008,HRTF_A,19,4.737,-108.37,-40.02,23,1
P008,HRTF_A,19,4.75,-108.41,-40.06,23,1
P008,HRTF_A,19,4.763,-108.45,-40.1,23,1
P008,HRTF_A,19,4.776,-108.48,-40.15,23,1
P008,HRTF_A,19,4.79,-108.5,-40.19,23,1
P008,HRTF_A,19,4.804,-108.51,-40.22,23,1
P008,HRTF_A,19,4.817,-108.52,-40.24,23,1
P008,HRTF_A,19,4.831,-108.5,-40.24,23,1
P008,HRTF_A,19,4.845,-108.47,-40.25,23,1
P008,HRTF_A,19,4.86,-108.45,-40.27,23,1
P008,HRTF_A,19,4.873,-108.42,-40.28,23,1
P008,HRTF_A,19,4.888,-108.41,-40.27,23,1
P008,HRTF_A,19,4.901,-108.41,-40.27,23,1
P008,HRTF_A,19,4.915,-108.4,-40.26,23,1
P008,HRTF_A,19,4.929,-108.39,-40.24,23,1
P008,HRTF_A,19,4.943,-108.37,-40.22,23,1
P008,HRTF_A,19,4.957,-108.34,-40.21,23,1
P008,HRTF_A,19,4.97,-108.31,-40.17,23,1
P008,HRTF_A,19,4.984,-108.27,-40.11,23,1
P008,HRTF_A,19,4.998,-108.24,-40.02,23,1
P008,HRTF_A,19,5.012,-108.22,-39.9,23,1
P008,HRTF_A,19,5.026,-108.22,-39.81,23,1
P008,HRTF_A,19,5.04,-108.24,-39.77,23,1
P008,HRTF_A,19,5.055,-108.28,-39.79,23,1
P008,HRTF_A,19,5.068,-108.3,-39.88,23,1
P008,HRTF_A,19,5.082,-108.34,-40.08,23,1
P008,HRTF_A,19,5.095,-108.35,-40.26,23,1
P008,HRTF_A,19,5.109,-108.31,-40.36,23,1
P008,HRTF_A,19,5.123,-108.26,-40.36,23,1
P008,HRTF_A,19,5.137,-108.19,-40.36,23,1
P008,HRTF_A,19,5.151,-108.11,-40.28,23,1
P008,HRTF_A,19,5.165,-108.03,-40.2,23,1
P008,HRTF_A,19,5.179,-107.95,-40.21,23,1
P008,HRTF_A,19,5.193,-107.87,-40.24,23,1
P008,HRTF_A,19,5.206,-107.81,-40.27,23,1
P008,HRTF_A,19,5.221,-107.76,-40.26,23,1
P008,HRTF_A,19,5.234,-107.74,-40.26,23,1
P008,HRTF_A,19,5.248,-107.73,-40.21,23,1
P008,HRTF_A,19,5.262,-107.74,-40.18,23,1
P008,HRTF_A,19,5.276,-107.74,-40.19,23,1
P008,HRTF_A,19,5.29,-107.74,-40.27,23,1
P008,HRTF_A,19,5.304,-107.72,-40.34,23,1
P008,HRTF_A,19,5.317,-107.69,-40.39,23,1
P008,HRTF_A,19,5.332,-107.67,-40.41,23,1
P008,HRTF_A,19,5.345,-107.64,-40.4,23,1
P008,HRTF_A,19,5.359,-107.59,-40.4,23,1
P008,HRTF_A,19,5.373,-107.53,-40.39,23,1
P008,HRTF_A,19,5.388,-107.49,-40.39,23,1
P008,HRTF_A,19,5.401,-107.46,-40.3,23,1
P008,HRTF_A,19,5.415,-107.47,-40.31,23,1
P008,HRTF_A,19,5.429,-107.49,-40.29,23,1
P008,HRTF_A,19,5.443,-107.5,-40.3,23,1
P008,HRTF_A,19,5.457,-107.52,-40.35,23,1
P008,HRTF_A,19,5.47,-107.52,-40.4,23,1
P008,HRTF_A,19,5.485,-107.52,-40.45,23,1
P008,HRTF_A,19,5.498,-107.53,-40.51,23,1
P008,HRTF_A,19,5.512,-107.55,-40.58,23,1
P008,HRTF_A,19,5.526,-107.58,-40.66,23,1
P008,HRTF_A,19,5.54,-107.56,-40.75,23,1
P008,HRTF_A,19,5.554,-107.54,-40.82,23,1
P008,HRTF_A,19,5.568,-107.51,-40.84,23,1
P008,HRTF_A,19,5.582,-107.47,-40.82,23,1
P008,HRTF_A,19,5.596,-107.44,-40.78,23,1
P008,HRTF_A,19,5.61,-107.41,-40.75,23,1
P008,HRTF_A,19,5.623,-107.35,-40.82,23,1
P008,HRTF_A,19,5.637,-107.31,-40.92,23,1
P008,HRTF_A,19,5.651,-107.28,-40.94,23,1
P008,HRTF_A,19,5.665,-107.25,-40.94,23,1
P008,HRTF_A,19,5.679,-107.21,-40.97,23,1
P008,HRTF_A,19,5.693,-107.17,-41.02,23,1
P008,HRTF_A,19,5.707,-107.12,-41.06,23,1
P008,HRTF_A,19,5.72,-107.11,-41.09,23,1
P008,HRTF_A,19,5.735,-107.1,-41.11,23,1
P008,HRTF_A,19,5.748,-107.09,-41.12,23,1
P008,HRTF_A,19,5.762,-107.08,-41.13,23,1
P008,HRTF_A,19,5.776,-107.08,-41.18,23,1
P008,HRTF_A,19,5.79,-107.08,-41.22,23,1
P008,HRTF_A,19,5.804,-107.1,-41.27,23,1
P008,HRTF_A,19,5.818,-107.13,-41.32,23,1
P008,HRTF_A,19,5.832,-107.15,-41.37,23,1
P008,HRTF_A,19,5.845,-107.18,-41.42,23,1
P008,HRTF_A,19,5.86,-107.19,-41.47,23,1
P008,HRTF_A,19,5.874,-107.2,-41.52,23,1
P008,HRTF_A,19,5.888,-107.22,-41.57,23,1
P008,HRTF_A,19,5.902,-107.24,-41.57,23,1
P008,HRTF_A,19,5.916,-107.25,-41.57,23,1
P008,HRTF_A,19,5.929,-107.25,-41.57,23,1
P008,HRTF_A,19,5.942,-107.24,-41.59,23,1
P008,HRTF_A,19,5.957,-107.21,-41.61,23,1
P008,HRTF_A,19,5.971,-107.19,-41.61,23,1
P008,HRTF_A,19,5.984,-107.16,-41.61,23,1
P008,HRTF_A,19,5.999,-107.13,-41.61,23,1
P008,HRTF_A,19,6.012,-107.09,-41.64,23,1
P008,HRTF_A,19,6.026,-107.06,-41.69,23,1
P008,HRTF_A,19,6.04,-107.01,-41.73,23,1
P008,HRTF_A,19,6.054,-106.97,-41.74,23,1
P008,HRTF_A,19,6.069,-106.94,-41.73,23,1
P008,HRTF_A,19,6.082,-106.91,-41.71,23,1
P008,HRTF_A,19,6.095,-106.89,-41.71,23,1
P008,HRTF_A,19,6.109,-106.9,-41.72,23,1
P008,HRTF_A,19,6.123,-106.9,-41.73,23,1
P008,HRTF_A,19,6.137,-106.91,-41.74,23,1
P008,HRTF_A,19,6.151,-106.9,-41.73,23,1
P008,HRTF_A,19,6.165,-106.89,-41.73,23,1
P008,HRTF_A,19,6.179,-106.87,-41.73,23,1
P008,HRTF_A,19,6.193,-106.87,-41.71,23,1
P008,HRTF_A,19,6.207,-106.85,-41.67,23,1
P008,HRTF_A,19,6.221,-106.84,-41.62,23,1
P008,HRTF_A,19,6.235,-106.81,-41.57,23,1
P008,HRTF_A,19,6.25,-106.79,-41.53,23,1
P008,HRTF_A,19,6.263,-106.79,-41.49,23,1
P008,HRTF_A,19,6.276,-106.79,-41.47,23,1
P008,HRTF_A,19,6.29,-106.8,-41.45,23,1
P008,HRTF_A,19,6.304,-106.82,-41.43,23,1
P008,HRTF_A,19,6.318,-106.84,-41.39,23,1
P008,HRTF_A,19,6.332,-106.87,-41.36,23,1
P008,HRTF_A,19,6.346,-106.9,-41.32,23,1
P008,HRTF_A,19,6.359,-106.93,-41.31,23,1
P008,HRTF_A,19,6.373,-106.95,-41.32,23,1
P008,HRTF_A,19,6.387,-106.96,-41.35,23,1
P008,HRTF_A,19,6.401,-106.97,-41.35,23,1
P008,HRTF_A,19,6.415,-106.99,-41.31,23,1
P008,HRTF_A,19,6.429,-107.09,-41.27,23,1
P008,HRTF_A,19,6.443,-107,-41.24,23,1
P008,HRTF_A,19,6.457,-107,-41.24,23,1
P008,HRTF_A,19,6.471,-107,-41.26,23,1
P008,HRTF_A,19,6.484,-106.99,-41.28,23,1
P008,HRTF_A,19,6.498,-106.98,-41.28,23,1
P008,HRTF_A,19,6.512,-106.98,-41.27,23,1
P008,HRTF_A,19,6.526,-106.97,-41.25,23,1
P008,HRTF_A,19,6.54,-106.95,-41.25,23,1
P008,HRTF_A,19,6.554,-106.93,-41.27,23,1
P008,HRTF_A,19,6.567,-106.91,-41.31,23,1
P008,HRTF_A,19,6.582,-106.89,-41.33,23,1
P008,HRTF_A,19,6.595,-106.88,-41.34,23,1
P008,HRTF_A,19,6.609,-106.86,-41.33,23,1
P008,HRTF_A,19,6.623,-106.84,-41.35,23,1
P008,HRTF_A,19,6.638,-106.84,-41.37,23,1
P008,HRTF_A,19,6.651,-106.85,-41.37,23,1
P008,HRTF_A,19,6.665,-106.87,-41.37,23,1
P008,HRTF_A,19,6.679,-106.88,-41.37,23,1
P008,HRTF_A,19,6.693,-106.86,-41.4,23,1
P008,HRTF_A,19,6.707,-106.84,-41.42,23,1
P008,HRTF_A,19,6.721,-106.84,-41.43,23,1
P008,HRTF_A,19,6.734,-106.84,-41.42,23,1
P008,HRTF_A,19,6.748,-106.84,-41.4,23,1
P008,HRTF_A,19,6.763,-106.84,-41.38,23,1
P008,HRTF_A,19,6.775,-106.82,-41.37,23,1
P008,HRTF_A,19,6.788,-106.79,-41.35,23,1
P008,HRTF_A,19,6.804,-106.77,-41.33,23,1
P008,HRTF_A,19,6.818,-106.76,-41.32,23,1
P008,HRTF_A,19,6.832,-106.76,-41.33,23,1
P008,HRTF_A,19,6.846,-106.75,-41.35,23,1
P008,HRTF_A,19,6.86,-106.73,-41.38,23,1
P008,HRTF_A,19,6.874,-106.73,-41.4,23,1
P008,HRTF_A,19,6.888,-106.71,-41.43,23,1
P008,HRTF_A,19,6.901,-106.69,-41.44,23,1
P008,HRTF_A,19,6.915,-106.66,-41.45,23,1
P008,HRTF_A,19,6.93,-106.64,-41.45,23,1
P008,HRTF_A,19,6.943,-106.63,-41.46,23,1
P008,HRTF_A,19,6.957,-106.61,-41.47,23,1
P008,HRTF_A,19,6.97,-106.6,-41.48,23,1
P008,HRTF_A,19,6.984,-106.58,-41.5,23,1
P008,HRTF_A,19,6.998,-106.56,-41.51,23,1
P008,HRTF_A,19,7.012,-106.56,-41.52,23,1
P008,HRTF_A,19,7.026,-106.57,-41.54,23,1
P008,HRTF_A,19,7.04,-106.6,-41.55,23,1
P008,HRTF_A,19,7.054,-106.61,-41.56,23,1
P008,HRTF_A,19,7.068,-106.62,-41.55,23,1
P008,HRTF_A,19,7.082,-106.61,-41.55,23,1
P008,HRTF_A,19,7.096,-106.59,-41.55,23,1
P008,HRTF_A,19,7.109,-106.57,-41.55,23,1
P008,HRTF_A,19,7.124,-106.55,-41.55,23,1
P008,HRTF_A,19,7.137,-106.54,-41.55,23,1
P008,HRTF_A,19,7.151,-106.55,-41.55,23,1
P008,HRTF_A,19,7.165,-106.54,-41.56,23,1
P008,HRTF_A,19,7.179,-106.55,-41.58,23,1
P008,HRTF_A,19,7.193,-106.57,-41.58,23,1
P008,HRTF_A,19,7.207,-106.58,-41.58,23,1
P008,HRTF_A,19,7.22,-106.58,-41.58,23,1
P008,HRTF_A,19,7.235,-106.57,-41.59,23,1
P008,HRTF_A,19,7.249,-106.55,-41.61,23,1
P008,HRTF_A,19,7.264,-106.54,-41.62,23,1
P008,HRTF_A,19,7.277,-106.53,-41.6,23,1
P008,HRTF_A,19,7.29,-106.52,-41.56,23,1
P008,HRTF_A,19,7.304,-106.51,-41.53,23,1
P008,HRTF_A,19,7.318,-106.51,-41.51,23,1
P008,HRTF_A,19,7.332,-106.52,-41.5,23,1
P008,HRTF_A,19,7.346,-106.53,-41.49,23,1
P008,HRTF_A,19,7.36,-106.56,-41.5,23,1
P008,HRTF_A,19,7.374,-106.59,-41.51,23,1
P008,HRTF_A,19,7.387,-106.62,-41.51,23,1
P008,HRTF_A,19,7.402,-106.64,-41.51,23,1
P008,HRTF_A,19,7.415,-106.67,-41.51,23,1
P008,HRTF_A,19,7.429,-106.68,-41.54,23,1
P008,HRTF_A,19,7.443,-106.68,-41.56,23,1
P008,HRTF_A,19,7.457,-106.69,-41.59,23,1
P008,HRTF_A,19,7.471,-106.69,-41.61,23,1
P008,HRTF_A,19,7.485,-106.69,-41.61,23,1
P008,HRTF_A,19,7.499,-106.68,-41.62,23,1
P008,HRTF_A,19,7.512,-106.66,-41.64,23,1
P008,HRTF_A,19,7.526,-106.65,-41.67,23,1
P008,HRTF_A,19,7.54,-106.64,-41.71,23,1
P008,HRTF_A,19,7.554,-106.64,-41.74,23,1
P008,HRTF_A,19,7.568,-106.64,-41.75,23,1
P008,HRTF_A,20,0.015,0.67,-1.39,17,1
P008,HRTF_A,20,0.027,0.55,-1.57,17,1
P008,HRTF_A,20,0.039,0.41,-1.75,17,1
P008,HRTF_A,20,0.063,0.29,-1.93,17,1
P008,HRTF_A,20,0.077,0.18,-2.09,17,1
P008,HRTF_A,20,0.091,0.11,-2.27,17,1
P008,HRTF_A,20,0.105,0.07,-2.47,17,1
P008,HRTF_A,20,0.119,0.08,-2.68,17,1
P008,HRTF_A,20,0.133,0.09,-2.87,17,1
P008,HRTF_A,20,0.147,0.1,-3.03,17,1
P008,HRTF_A,20,0.161,0.09,-3.16,17,1
P008,HRTF_A,20,0.175,0.04,-3.37,17,1
P008,HRTF_A,20,0.189,-0.01,-3.7,17,1
P008,HRTF_A,20,0.202,-0.08,-4.06,17,1
P008,HRTF_A,20,0.216,-0.19,-4.45,17,1
P008,HRTF_A,20,0.23,-0.4,-4.8,17,1
P008,HRTF_A,20,0.244,-0.71,-5.18,17,1
P008,HRTF_A,20,0.258,-1.16,-5.55,17,1
P008,HRTF_A,20,0.272,-1.75,-5.95,17,1
P008,HRTF_A,20,0.286,-2.5,-6.37,17,1
P008,HRTF_A,20,0.3,-3.45,-6.87,17,1
P008,HRTF_A,20,0.313,-4.69,-7.44,17,1
P008,HRTF_A,20,0.327,-6.2,-8,17,1
P008,HRTF_A,20,0.341,-8,-8.57,17,1
P008,HRTF_A,20,0.355,-10.09,-9.17,17,1
P008,HRTF_A,20,0.369,-12.44,-9.79,17,1
P008,HRTF_A,20,0.383,-14.95,-10.39,17,1
P008,HRTF_A,20,0.397,-17.54,-11,17,1
P008,HRTF_A,20,0.411,-20.18,-11.65,17,1
P008,HRTF_A,20,0.425,-22.79,-12.35,17,1
P008,HRTF_A,20,0.439,-25.3,-13.08,17,1
P008,HRTF_A,20,0.452,-27.72,-13.81,17,1
P008,HRTF_A,20,0.466,-29.94,-14.51,17,1
P008,HRTF_A,20,0.48,-31.97,-15.14,17,1
P008,HRTF_A,20,0.494,-33.8,-15.68,17,1
P008,HRTF_A,20,0.508,-35.4,-16.15,17,1
P008,HRTF_A,20,0.522,-36.82,-16.59,17,1
P008,HRTF_A,20,0.536,-38.06,-16.98,17,1
P008,HRTF_A,20,0.55,-39.09,-17.34,17,1
P008,HRTF_A,20,0.564,-39.94,-17.68,17,1
P008,HRTF_A,20,0.577,-40.65,-17.98,17,1
P008,HRTF_A,20,0.591,-41.34,-18.25,17,1
P008,HRTF_A,20,0.605,-42.07,-18.46,17,1
P008,HRTF_A,20,0.619,-42.86,-18.7,17,1
P008,HRTF_A,20,0.633,-43.69,-18.91,17,1
P008,HRTF_A,20,0.647,-44.46,-19.13,17,1
P008,HRTF_A,20,0.661,-45.15,-19.37,17,1
P008,HRTF_A,20,0.675,-45.66,-19.64,17,1
P008,HRTF_A,20,0.689,-45.82,-19.92,17,1
P008,HRTF_A,20,0.703,-45.51,-20.17,17,1
P008,HRTF_A,20,0.716,-44.7,-20.38,17,1
P008,HRTF_A,20,0.731,-43.34,-20.51,17,1
P008,HRTF_A,20,0.744,-41.49,-20.55,17,1
P008,HRTF_A,20,0.758,-39.14,-20.5,17,1
P008,HRTF_A,20,0.772,-36.33,-20.37,17,1
P008,HRTF_A,20,0.786,-33.12,-20.17,17,1
P008,HRTF_A,20,0.8,-29.57,-19.94,17,1
P008,HRTF_A,20,0.814,-25.73,-19.71,17,1
P008,HRTF_A,20,0.828,-21.56,-19.38,17,1
P008,HRTF_A,20,0.841,-17.15,-19.04,17,1
P008,HRTF_A,20,0.855,-12.59,-18.62,17,1
P008,HRTF_A,20,0.869,-7.9,-18.16,17,1
P008,HRTF_A,20,0.883,-3.14,-17.73,17,1
P008,HRTF_A,20,0.897,1.64,-17.31,17,1
P008,HRTF_A,20,0.911,6.37,-16.84,17,1
P008,HRTF_A,20,0.925,10.97,-16.35,17,1
P008,HRTF_A,20,0.939,15.42,-15.85,17,1
P008,HRTF_A,20,0.953,19.73,-15.37,17,1
P008,HRTF_A,20,0.966,23.88,-14.98,17,1
P008,HRTF_A,20,0.981,27.89,-14.68,17,1
P008,HRTF_A,20,0.995,31.67,-14.43,17,1
P008,HRTF_A,20,1.008,35.15,-14.17,17,1
P008,HRTF_A,20,1.022,38.32,-13.93,17,1
P008,HRTF_A,20,1.036,41.17,-13.73,17,1
P008,HRTF_A,20,1.05,43.78,-13.49,17,1
P008,HRTF_A,20,1.064,46.12,-13.27,17,1
P008,HRTF_A,20,1.078,48.18,-12.99,17,1
P008,HRTF_A,20,1.091,49.95,-12.59,17,1
P008,HRTF_A,20,1.106,51.46,-12.08,17,1
P008,HRTF_A,20,1.119,52.68,-11.43,17,1
P008,HRTF_A,20,1.133,53.62,-10.63,17,1
P008,HRTF_A,20,1.147,54.33,-9.68,17,1
P008,HRTF_A,20,1.161,54.82,-8.57,17,1
P008,HRTF_A,20,1.175,55.1,-7.34,17,1
P008,HRTF_A,20,1.189,55.25,-6.06,17,1
P008,HRTF_A,20,1.203,55.34,-4.8,17,1
P008,HRTF_A,20,1.217,55.46,-3.58,17,1
P008,HRTF_A,20,1.231,55.63,-2.43,17,1
P008,HRTF_A,20,1.244,55.81,-1.25,17,1
P008,HRTF_A,20,1.258,56,0,17,1
P008,HRTF_A,20,1.272,56.18,1.34,17,1
P008,HRTF_A,20,1.286,56.35,2.76,17,1
P008,HRTF_A,20,1.3,56.49,4.27,17,1
P008,HRTF_A,20,1.314,56.58,5.86,17,1
P008,HRTF_A,20,1.328,56.6,7.58,17,1
P008,HRTF_A,20,1.341,56.58,9.34,17,1
P008,HRTF_A,20,1.355,56.5,11.13,17,1
P008,HRTF_A,20,1.37,56.38,12.92,17,1
P008,HRTF_A,20,1.383,56.2,14.71,17,1
P008,HRTF_A,20,1.397,55.97,16.51,17,1
P008,HRTF_A,20,1.411,55.71,18.31,17,1
P008,HRTF_A,20,1.425,55.35,20.02,17,1
P008,HRTF_A,20,1.438,54.99,21.6,17,1
P008,HRTF_A,20,1.453,54.67,23.03,17,1
P008,HRTF_A,20,1.466,54.42,24.36,17,1
P008,HRTF_A,20,1.48,54.21,25.62,17,1
P008,HRTF_A,20,1.494,53.95,26.87,17,1
P008,HRTF_A,20,1.508,53.54,28.05,17,1
P008,HRTF_A,20,1.522,52.89,29.1,17,1
P008,HRTF_A,20,1.536,51.93,29.9,17,1
P008,HRTF_A,20,1.55,50.67,30.5,17,1
P008,HRTF_A,20,1.563,49.12,30.87,17,1
P008,HRTF_A,20,1.578,47.37,31.04,17,1
P008,HRTF_A,20,1.592,45.42,31.06,17,1
P008,HRTF_A,20,1.605,43.27,30.96,17,1
P008,HRTF_A,20,1.619,40.95,30.75,17,1
P008,HRTF_A,20,1.634,38.4,30.45,17,1
P008,HRTF_A,20,1.647,35.72,30.16,17,1
P008,HRTF_A,20,1.661,32.93,29.88,17,1
P008,HRTF_A,20,1.675,30.08,29.6,17,1
P008,HRTF_A,20,1.688,27.15,29.32,17,1
P008,HRTF_A,20,1.702,24.17,29,17,1
P008,HRTF_A,20,1.717,21.18,28.64,17,1
P008,HRTF_A,20,1.73,18.13,28.24,17,1
P008,HRTF_A,20,1.744,15.02,27.72,17,1
P008,HRTF_A,20,1.758,11.8,27.08,17,1
P008,HRTF_A,20,1.772,8.51,26.34,17,1
P008,HRTF_A,20,1.786,5.11,25.56,17,1
P008,HRTF_A,20,1.8,1.7,24.78,17,1
P008,HRTF_A,20,1.814,-1.73,24.01,17,1
P008,HRTF_A,20,1.827,-5.19,23.17,17,1
P008,HRTF_A,20,1.841,-8.67,22.29,17,1
P008,HRTF_A,20,1.855,-12.14,21.45,17,1
P008,HRTF_A,20,1.869,-15.58,20.67,17,1
P008,HRTF_A,20,1.883,-18.93,19.96,17,1
P008,HRTF_A,20,1.897,-22.22,19.31,17,1
P008,HRTF_A,20,1.911,-25.43,18.66,17,1
P008,HRTF_A,20,1.924,-28.61,18.01,17,1
P008,HRTF_A,20,1.938,-31.74,17.38,17,1
P008,HRTF_A,20,1.952,-34.8,16.81,17,1
P008,HRTF_A,20,1.966,-37.81,16.31,17,1
P008,HRTF_A,20,1.98,-40.85,15.79,17,1
P008,HRTF_A,20,1.994,-43.9,15.17,17,1
P008,HRTF_A,20,2.008,-47.03,14.5,17,1
P008,HRTF_A,20,2.022,-50.19,13.79,17,1
P008,HRTF_A,20,2.036,-53.39,13.06,17,1
P008,HRTF_A,20,2.049,-56.67,12.27,17,1
P008,HRTF_A,20,2.064,-60.1,11.41,17,1
P008,HRTF_A,20,2.078,-63.57,10.52,17,1
P008,HRTF_A,20,2.092,-67.03,9.62,17,1
P008,HRTF_A,20,2.105,-70.45,8.72,17,1
P008,HRTF_A,20,2.119,-73.79,7.81,17,1
P008,HRTF_A,20,2.133,-76.97,6.89,17,1
P008,HRTF_A,20,2.147,-80,6.01,17,1
P008,HRTF_A,20,2.161,-82.85,5.17,17,1
P008,HRTF_A,20,2.175,-85.54,4.35,17,1
P008,HRTF_A,20,2.189,-88.02,3.53,17,1
P008,HRTF_A,20,2.203,-90.31,2.64,17,1
P008,HRTF_A,20,2.217,-92.35,1.7,17,1
P008,HRTF_A,20,2.23,-94.16,0.73,17,1
P008,HRTF_A,20,2.245,-95.76,-0.24,17,1
P008,HRTF_A,20,2.258,-97.19,-1.28,17,1
P008,HRTF_A,20,2.272,-98.47,-2.37,17,1
P008,HRTF_A,20,2.286,-99.67,-3.49,17,1
P008,HRTF_A,20,2.3,-100.75,-4.6,17,1
P008,HRTF_A,20,2.314,-101.69,-5.7,17,1
P008,HRTF_A,20,2.328,-102.53,-6.81,17,1
P008,HRTF_A,20,2.342,-103.31,-7.94,17,1
P008,HRTF_A,20,2.356,-104.01,-9.09,17,1
P008,HRTF_A,20,2.37,-104.68,-10.25,17,1
P008,HRTF_A,20,2.383,-105.29,-11.41,17,1
P008,HRTF_A,20,2.397,-105.84,-12.62,17,1
P008,HRTF_A,20,2.411,-106.36,-13.85,17,1
P008,HRTF_A,20,2.428,-106.89,-15.08,17,1
P008,HRTF_A,20,2.44,-107.43,-16.26,17,1
P008,HRTF_A,20,2.453,-107.96,-17.36,17,1
P008,HRTF_A,20,2.467,-108.48,-18.4,17,1
P008,HRTF_A,20,2.481,-108.98,-19.35,17,1
P008,HRTF_A,20,2.495,-109.5,-20.25,17,1
P008,HRTF_A,20,2.508,-110.05,-21.08,17,1
P008,HRTF_A,20,2.522,-110.64,-21.84,17,1
P008,HRTF_A,20,2.536,-111.18,-22.55,17,1
P008,HRTF_A,20,2.55,-111.76,-23.19,17,1
P008,HRTF_A,20,2.564,-112.38,-23.76,17,1
P008,HRTF_A,20,2.578,-113.08,-24.25,17,1
P008,HRTF_A,20,2.592,-113.85,-24.66,17,1
P008,HRTF_A,20,2.605,-114.72,-25.04,17,1
P008,HRTF_A,20,2.62,-115.62,-25.39,17,1
P008,HRTF_A,20,2.634,-116.52,-25.73,17,1
P008,HRTF_A,20,2.647,-117.43,-25.97,17,1
P008,HRTF_A,20,2.661,-118.33,-26.14,17,1
P008,HRTF_A,20,2.675,-119.22,-26.3,17,1
P008,HRTF_A,20,2.689,-120.14,-26.43,17,1
P008,HRTF_A,20,2.703,-121.12,-26.57,17,1
P008,HRTF_A,20,2.717,-122.11,-26.74,17,1
P008,HRTF_A,20,2.731,-123.11,-26.94,17,1
P008,HRTF_A,20,2.744,-124.12,-27.21,17,1
P008,HRTF_A,20,2.758,-125.1,-27.51,17,1
P008,HRTF_A,20,2.772,-126.11,-27.86,17,1
P008,HRTF_A,20,2.786,-127.09,-28.23,17,1
P008,HRTF_A,20,2.8,-128.06,-28.59,17,1
P008,HRTF_A,20,2.814,-129.01,-28.91,17,1
P008,HRTF_A,20,2.828,-129.99,-29.22,17,1
P008,HRTF_A,20,2.842,-131.04,-29.51,17,1
P008,HRTF_A,20,2.856,-132.11,-29.82,17,1
P008,HRTF_A,20,2.87,-133.18,-30.12,17,1
P008,HRTF_A,20,2.883,-134.32,-30.42,17,1
P008,HRTF_A,20,2.898,-135.55,-30.67,17,1
P008,HRTF_A,20,2.911,-136.91,-30.82,17,1
P008,HRTF_A,20,2.925,-138.4,-30.93,17,1
P008,HRTF_A,20,2.939,-140.07,-31.03,17,1
P008,HRTF_A,20,2.953,-141.96,-31.12,17,1
P008,HRTF_A,20,2.967,-144.12,-31.17,17,1
P008,HRTF_A,20,2.981,-146.38,-31.14,17,1
P008,HRTF_A,20,2.995,-148.56,-31.01,17,1
P008,HRTF_A,20,3.009,-150.66,-30.83,17,1
P008,HRTF_A,20,3.022,-152.62,-30.64,17,1
P008,HRTF_A,20,3.036,-154.5,-30.45,17,1
P008,HRTF_A,20,3.05,-156.23,-30.25,17,1
P008,HRTF_A,20,3.064,-157.81,-30.04,17,1
P008,HRTF_A,20,3.078,-159.25,-29.78,17,1
P008,HRTF_A,20,3.093,-160.47,-29.45,17,1
P008,HRTF_A,20,3.105,-161.59,-29.1,17,1
P008,HRTF_A,20,3.119,-162.59,-28.7,17,1
P008,HRTF_A,20,3.134,-163.49,-28.2,17,1
P008,HRTF_A,20,3.147,-164.33,-27.59,17,1
P008,HRTF_A,20,3.161,-165.1,-26.71,17,1
P008,HRTF_A,20,3.175,-165.81,-25.6,17,1
P008,HRTF_A,20,3.189,-166.47,-24.34,17,1
P008,HRTF_A,20,3.203,-167.1,-22.93,17,1
P008,HRTF_A,20,3.217,-167.74,-21.5,17,1
P008,HRTF_A,20,3.231,-168.39,-20.04,17,1
P008,HRTF_A,20,3.245,-169.04,-18.6,17,1
P008,HRTF_A,20,3.258,-169.69,-17.23,17,1
P008,HRTF_A,20,3.273,-170.34,-15.93,17,1
P008,HRTF_A,20,3.286,-170.97,-14.72,17,1
P008,HRTF_A,20,3.3,-171.62,-13.66,17,1
P008,HRTF_A,20,3.314,-172.23,-12.68,17,1
P008,HRTF_A,20,3.328,-172.79,-11.82,17,1
P008,HRTF_A,20,3.342,-173.28,-11.09,17,1
P008,HRTF_A,20,3.355,-173.67,-10.46,17,1
P008,HRTF_A,20,3.37,-174.03,-9.9,17,1
P008,HRTF_A,20,3.384,-174.31,-9.41,17,1
P008,HRTF_A,20,3.397,-174.49,-9.01,17,1
P008,HRTF_A,20,3.411,-174.56,-8.68,17,1
P008,HRTF_A,20,3.425,-174.56,-8.36,17,1
P008,HRTF_A,20,3.439,-174.48,-8.1,17,1
P008,HRTF_A,20,3.453,-174.36,-7.86,17,1
P008,HRTF_A,20,3.467,-174.15,-7.66,17,1
P008,HRTF_A,20,3.481,-173.92,-7.5,17,1
P008,HRTF_A,20,3.495,-173.66,-7.36,17,1
P008,HRTF_A,20,3.508,-173.37,-7.27,17,1
P008,HRTF_A,20,3.522,-173.07,-7.23,17,1
P008,HRTF_A,20,3.536,-172.75,-7.23,17,1
P008,HRTF_A,20,3.55,-172.43,-7.28,17,1
P008,HRTF_A,20,3.564,-172.11,-7.35,17,1
P008,HRTF_A,20,3.578,-171.78,-7.42,17,1
P008,HRTF_A,20,3.592,-171.47,-7.47,17,1
P008,HRTF_A,20,3.606,-171.21,-7.46,17,1
P008,HRTF_A,20,3.62,-170.96,-7.41,17,1
P008,HRTF_A,20,3.634,-170.7,-7.37,17,1
P008,HRTF_A,20,3.648,-170.42,-7.37,17,1
P008,HRTF_A,20,3.661,-170.14,-7.39,17,1
P008,HRTF_A,20,3.675,-169.87,-7.43,17,1
P008,HRTF_A,20,3.689,-169.6,-7.47,17,1
P008,HRTF_A,20,3.704,-169.33,-7.49,17,1
P008,HRTF_A,20,3.717,-169.04,-7.5,17,1
P008,HRTF_A,20,3.731,-168.77,-7.51,17,1
P008,HRTF_A,20,3.746,-168.51,-7.5,17,1
P008,HRTF_A,20,3.759,-168.25,-7.49,17,1
P008,HRTF_A,20,3.772,-168.01,-7.47,17,1
P008,HRTF_A,20,3.786,-167.77,-7.49,17,1
P008,HRTF_A,20,3.8,-167.55,-7.52,17,1
P008,HRTF_A,20,3.814,-167.34,-7.53,17,1
P008,HRTF_A,20,3.828,-167.12,-7.53,17,1
P008,HRTF_A,20,3.842,-166.91,-7.52,17,1
P008,HRTF_A,20,3.856,-166.7,-7.49,17,1
P008,HRTF_A,20,3.87,-166.5,-7.48,17,1
P008,HRTF_A,20,3.884,-166.31,-7.46,17,1
P008,HRTF_A,20,3.898,-166.11,-7.46,17,1
P008,HRTF_A,20,3.912,-165.93,-7.43,17,1
P008,HRTF_A,20,3.925,-165.76,-7.4,17,1
P008,HRTF_A,20,3.939,-165.59,-7.36,17,1
P008,HRTF_A,20,3.953,-165.43,-7.31,17,1
P008,HRTF_A,20,3.967,-165.29,-7.28,17,1
P008,HRTF_A,20,3.981,-165.15,-7.24,17,1
P008,HRTF_A,20,3.995,-165.02,-7.21,17,1
P008,HRTF_A,20,4.008,-164.9,-7.17,17,1
P008,HRTF_A,20,4.022,-164.79,-7.12,17,1
P008,HRTF_A,20,4.036,-164.71,-7.07,17,1
P008,HRTF_A,20,4.05,-164.62,-7,17,1
P008,HRTF_A,20,4.066,-164.56,-6.94,17,1
P008,HRTF_A,20,4.079,-164.5,-6.93,17,1
P008,HRTF_A,20,4.092,-164.45,-6.93,17,1
P008,HRTF_A,20,4.106,-164.42,-6.94,17,1
P008,HRTF_A,20,4.12,-164.39,-6.94,17,1
P008,HRTF_A,20,4.133,-164.36,-6.92,17,1
P008,HRTF_A,20,4.147,-164.34,-6.9,17,1
P008,HRTF_A,20,4.161,-164.32,-6.87,17,1
P008,HRTF_A,20,4.175,-164.32,-6.84,17,1
P008,HRTF_A,20,4.189,-164.33,-6.82,17,1
P008,HRTF_A,20,4.203,-164.36,-6.81,17,1
P008,HRTF_A,20,4.217,-164.4,-6.81,17,1
P008,HRTF_A,21,0.016,-2.48,1.12,4,1
P008,HRTF_A,21,0.03,-2.18,0.97,4,1
P008,HRTF_A,21,0.042,-1.89,0.86,4,1
P008,HRTF_A,21,0.054,-1.65,0.71,4,1
P008,HRTF_A,21,0.067,-1.44,0.61,4,1
P008,HRTF_A,21,0.088,-1.27,0.53,4,1
P008,HRTF_A,21,0.102,-1.12,0.45,4,1
P008,HRTF_A,21,0.116,-1.03,0.37,4,1
P008,HRTF_A,21,0.13,-1.02,0.23,4,1
P008,HRTF_A,21,0.144,-1.13,0.05,4,1
P008,HRTF_A,21,0.158,-1.37,-0.13,4,1
P008,HRTF_A,21,0.172,-1.74,-0.38,4,1
P008,HRTF_A,21,0.186,-2.22,-0.67,4,1
P008,HRTF_A,21,0.2,-2.82,-1.02,4,1
P008,HRTF_A,21,0.214,-3.62,-1.39,4,1
P008,HRTF_A,21,0.227,-4.63,-1.75,4,1
P008,HRTF_A,21,0.241,-5.8,-2.13,4,1
P008,HRTF_A,21,0.255,-7.1,-2.53,4,1
P008,HRTF_A,21,0.283,-10.14,-3.32,4,1
P008,HRTF_A,21,0.296,-12.08,-3.72,4,1
P008,HRTF_A,21,0.308,-14.26,-4.15,4,1
P008,HRTF_A,21,0.325,-16.78,-4.56,4,1
P008,HRTF_A,21,0.338,-19.45,-4.91,4,1
P008,HRTF_A,21,0.352,-22.28,-5.23,4,1
P008,HRTF_A,21,0.366,-25.28,-5.49,4,1
P008,HRTF_A,21,0.38,-28.42,-5.69,4,1
P008,HRTF_A,21,0.394,-31.64,-5.85,4,1
P008,HRTF_A,21,0.408,-34.93,-5.92,4,1
P008,HRTF_A,21,0.422,-38.2,-5.84,4,1
P008,HRTF_A,21,0.439,-41.34,-5.62,4,1
P008,HRTF_A,21,0.452,-44.23,-5.27,4,1
P008,HRTF_A,21,0.464,-46.91,-4.73,4,1
P008,HRTF_A,21,0.478,-49.38,-3.95,4,1
P008,HRTF_A,21,0.491,-51.66,-2.92,4,1
P008,HRTF_A,21,0.505,-53.78,-1.71,4,1
P008,HRTF_A,21,0.519,-55.72,-0.36,4,1
P008,HRTF_A,21,0.533,-57.5,1.12,4,1
P008,HRTF_A,21,0.547,-59.12,2.64,4,1
P008,HRTF_A,21,0.561,-60.55,4.24,4,1
P008,HRTF_A,21,0.575,-61.82,5.85,4,1
P008,HRTF_A,21,0.589,-62.96,7.45,4,1
P008,HRTF_A,21,0.602,-64.02,9.04,4,1
P008,HRTF_A,21,0.616,-64.98,10.59,4,1
P008,HRTF_A,21,0.63,-65.93,12.1,4,1
P008,HRTF_A,21,0.644,-66.84,13.55,4,1
P008,HRTF_A,21,0.658,-67.79,14.84,4,1
P008,HRTF_A,21,0.672,-68.82,15.99,4,1
P008,HRTF_A,21,0.686,-69.9,17.07,4,1
P008,HRTF_A,21,0.7,-71,18.04,4,1
P008,HRTF_A,21,0.714,-72.13,18.95,4,1
P008,HRTF_A,21,0.727,-73.31,19.76,4,1
P008,HRTF_A,21,0.741,-74.59,20.47,4,1
P008,HRTF_A,21,0.755,-75.99,21.07,4,1
P008,HRTF_A,21,0.769,-77.5,21.59,4,1
P008,HRTF_A,21,0.783,-79.17,22.04,4,1
P008,HRTF_A,21,0.797,-81.02,22.29,4,1
P008,HRTF_A,21,0.811,-83.01,22.23,4,1
P008,HRTF_A,21,0.825,-85.16,21.84,4,1
P008,HRTF_A,21,0.839,-87.45,21.14,4,1
P008,HRTF_A,21,0.852,-89.86,20.13,4,1
P008,HRTF_A,21,0.866,-92.33,18.93,4,1
P008,HRTF_A,21,0.88,-94.78,17.56,4,1
P008,HRTF_A,21,0.894,-97.19,16.11,4,1
P008,HRTF_A,21,0.908,-99.55,14.52,4,1
P008,HRTF_A,21,0.922,-101.87,12.79,4,1
P008,HRTF_A,21,0.936,-104.16,10.93,4,1
P008,HRTF_A,21,0.95,-106.4,9.11,4,1
P008,HRTF_A,21,0.964,-108.58,7.36,4,1
P008,HRTF_A,21,0.978,-110.63,5.63,4,1
P008,HRTF_A,21,0.992,-112.55,3.89,4,1
P008,HRTF_A,21,1.005,-114.4,2.18,4,1
P008,HRTF_A,21,1.019,-116.14,0.56,4,1
P008,HRTF_A,21,1.033,-117.74,-0.89,4,1
P008,HRTF_A,21,1.047,-119.19,-2.2,4,1
P008,HRTF_A,21,1.061,-120.42,-3.32,4,1
P008,HRTF_A,21,1.075,-121.42,-4.26,4,1
P008,HRTF_A,21,1.089,-122.06,-5,4,1
P008,HRTF_A,21,1.103,-122.28,-5.63,4,1
P008,HRTF_A,21,1.117,-122.05,-6.22,4,1
P008,HRTF_A,21,1.131,-121.48,-6.79,4,1
P008,HRTF_A,21,1.145,-120.51,-7.34,4,1
P008,HRTF_A,21,1.159,-119.16,-7.82,4,1
P008,HRTF_A,21,1.172,-117.34,-8.27,4,1
P008,HRTF_A,21,1.186,-115.07,-8.72,4,1
P008,HRTF_A,21,1.2,-112.39,-9.15,4,1
P008,HRTF_A,21,1.214,-109.29,-9.51,4,1
P008,HRTF_A,21,1.228,-105.78,-9.86,4,1
P008,HRTF_A,21,1.242,-101.85,-10.2,4,1
P008,HRTF_A,21,1.256,-97.48,-10.55,4,1
P008,HRTF_A,21,1.27,-92.85,-10.86,4,1
P008,HRTF_A,21,1.283,-87.91,-11.13,4,1
P008,HRTF_A,21,1.297,-82.77,-11.3,4,1
P008,HRTF_A,21,1.311,-77.41,-11.48,4,1
P008,HRTF_A,21,1.325,-71.91,-11.76,4,1
P008,HRTF_A,21,1.339,-66.29,-12.14,4,1
P008,HRTF_A,21,1.353,-60.67,-12.64,4,1
P008,HRTF_A,21,1.367,-55.1,-13.24,4,1
P008,HRTF_A,21,1.38,-49.59,-14,4,1
P008,HRTF_A,21,1.395,-44.16,-14.86,4,1
P008,HRTF_A,21,1.409,-38.77,-15.71,4,1
P008,HRTF_A,21,1.423,-33.53,-16.49,4,1
P008,HRTF_A,21,1.437,-28.45,-17.14,4,1
P008,HRTF_A,21,1.45,-23.62,-17.76,4,1
P008,HRTF_A,21,1.464,-19.01,-18.35,4,1
P008,HRTF_A,21,1.478,-14.69,-18.94,4,1
P008,HRTF_A,21,1.493,-10.6,-19.47,4,1
P008,HRTF_A,21,1.507,-6.8,-19.87,4,1
P008,HRTF_A,21,1.52,-3.27,-20.17,4,1
P008,HRTF_A,21,1.535,-0.03,-20.4,4,1
P008,HRTF_A,21,1.549,2.92,-20.63,4,1
P008,HRTF_A,21,1.563,5.63,-20.85,4,1
P008,HRTF_A,21,1.577,8.08,-21.1,4,1
P008,HRTF_A,21,1.591,10.31,-21.39,4,1
P008,HRTF_A,21,1.604,12.46,-21.72,4,1
P008,HRTF_A,21,1.618,14.55,-22.13,4,1
P008,HRTF_A,21,1.632,16.64,-22.54,4,1
P008,HRTF_A,21,1.646,18.73,-22.99,4,1
P008,HRTF_A,21,1.66,20.82,-23.49,4,1
P008,HRTF_A,21,1.674,22.91,-24.02,4,1
P008,HRTF_A,21,1.688,25.04,-24.52,4,1
P008,HRTF_A,21,1.703,27.15,-24.94,4,1
P008,HRTF_A,21,1.717,29.21,-25.32,4,1
P008,HRTF_A,21,1.731,31.15,-25.72,4,1
P008,HRTF_A,21,1.745,32.97,-26.17,4,1
P008,HRTF_A,21,1.759,34.65,-26.67,4,1
P008,HRTF_A,21,1.773,36.2,-27.15,4,1
P008,HRTF_A,21,1.786,37.66,-27.67,4,1
P008,HRTF_A,21,1.8,39.08,-28.22,4,1
P008,HRTF_A,21,1.814,40.48,-28.83,4,1
P008,HRTF_A,21,1.828,41.87,-29.48,4,1
P008,HRTF_A,21,1.841,43.25,-30.19,4,1
P008,HRTF_A,21,1.856,44.62,-30.94,4,1
P008,HRTF_A,21,1.87,46.02,-31.69,4,1
P008,HRTF_A,21,1.883,47.48,-32.38,4,1
P008,HRTF_A,21,1.897,48.99,-32.85,4,1
P008,HRTF_A,21,1.911,50.6,-33.05,4,1
P008,HRTF_A,21,1.925,52.29,-33.07,4,1
P008,HRTF_A,21,1.939,54.05,-32.94,4,1
P008,HRTF_A,21,1.953,55.86,-32.68,4,1
P008,HRTF_A,21,1.967,57.71,-32.27,4,1
P008,HRTF_A,21,1.981,59.56,-31.75,4,1
P008,HRTF_A,21,1.995,61.37,-31.13,4,1
P008,HRTF_A,21,2.01,64.88,-29.83,4,1
P008,HRTF_A,21,2.024,66.48,-29.12,4,1
P008,HRTF_A,21,2.038,67.96,-28.33,4,1
P008,HRTF_A,21,2.052,69.24,-27.36,4,1
P008,HRTF_A,21,2.065,70.42,-26.2,4,1
P008,HRTF_A,21,2.079,71.5,-24.9,4,1
P008,HRTF_A,21,2.093,72.47,-23.46,4,1
P008,HRTF_A,21,2.107,73.36,-21.99,4,1
P008,HRTF_A,21,2.121,74.16,-20.48,4,1
P008,HRTF_A,21,2.135,74.92,-18.85,4,1
P008,HRTF_A,21,2.149,75.69,-17.06,4,1
P008,HRTF_A,21,2.164,76.32,-15.14,4,1
P008,HRTF_A,21,2.178,76.83,-13.13,4,1
P008,HRTF_A,21,2.192,77.17,-11.07,4,1
P008,HRTF_A,21,2.205,77.42,-9,4,1
P008,HRTF_A,21,2.22,77.52,-6.91,4,1
P008,HRTF_A,21,2.234,77.48,-4.86,4,1
P008,HRTF_A,21,2.247,77.33,-2.92,4,1
P008,HRTF_A,21,2.261,77.14,-0.98,4,1
P008,HRTF_A,21,2.275,76.88,1,4,1
P008,HRTF_A,21,2.289,76.63,2.99,4,1
P008,HRTF_A,21,2.303,76.35,4.97,4,1
P008,HRTF_A,21,2.317,76.01,6.88,4,1
P008,HRTF_A,21,2.332,75.65,8.77,4,1
P008,HRTF_A,21,2.346,75.28,10.67,4,1
P008,HRTF_A,21,2.36,74.91,12.55,4,1
P008,HRTF_A,21,2.374,74.56,14.27,4,1
P008,HRTF_A,21,2.388,74.16,15.82,4,1
P008,HRTF_A,21,2.401,73.64,17.21,4,1
P008,HRTF_A,21,2.415,72.95,18.45,4,1
P008,HRTF_A,21,2.429,72.06,19.57,4,1
P008,HRTF_A,21,2.443,71.06,20.59,4,1
P008,HRTF_A,21,2.457,69.81,21.45,4,1
P008,HRTF_A,21,2.471,68.4,22.15,4,1
P008,HRTF_A,21,2.487,66.88,22.7,4,1
P008,HRTF_A,21,2.501,65.35,23.16,4,1
P008,HRTF_A,21,2.515,63.83,23.59,4,1
P008,HRTF_A,21,2.529,62.32,23.89,4,1
P008,HRTF_A,21,2.543,60.77,24.05,4,1
P008,HRTF_A,21,2.557,59.21,24.19,4,1
P008,HRTF_A,21,2.571,57.65,24.34,4,1
P008,HRTF_A,21,2.585,56.07,24.57,4,1
P008,HRTF_A,21,2.599,54.5,24.85,4,1
P008,HRTF_A,21,2.613,52.9,25.15,4,1
P008,HRTF_A,21,2.628,51.31,25.5,4,1
P008,HRTF_A,21,2.644,49.83,25.91,4,1
P008,HRTF_A,21,2.658,48.43,26.33,4,1
P008,HRTF_A,21,2.672,47.15,26.75,4,1
P008,HRTF_A,21,2.686,45.99,27.17,4,1
P008,HRTF_A,21,2.7,44.94,27.52,4,1
P008,HRTF_A,21,2.714,44.03,27.86,4,1
P008,HRTF_A,21,2.729,43.27,28.2,4,1
P008,HRTF_A,21,2.742,42.62,28.56,4,1
P008,HRTF_A,21,2.757,42.14,28.9,4,1
P008,HRTF_A,21,2.771,41.72,29.19,4,1
P008,HRTF_A,21,2.784,41.34,29.45,4,1
P008,HRTF_A,21,2.8,41.05,29.69,4,1
P008,HRTF_A,21,2.814,40.49,30.22,4,1
P008,HRTF_A,21,2.828,40.23,30.47,4,1
P008,HRTF_A,21,2.842,39.88,30.73,4,1
P008,HRTF_A,21,2.856,39.5,31,4,1
P008,HRTF_A,21,2.87,39.06,31.28,4,1
P008,HRTF_A,21,2.884,38.64,31.58,4,1
P008,HRTF_A,21,2.899,38.17,31.93,4,1
P008,HRTF_A,21,2.914,37.71,32.33,4,1
P008,HRTF_A,21,2.928,37.21,32.73,4,1
P008,HRTF_A,21,2.942,36.76,33.11,4,1
P008,HRTF_A,21,2.956,36.43,33.44,4,1
P008,HRTF_A,21,2.971,36.27,33.7,4,1
P008,HRTF_A,21,2.985,36.32,33.87,4,1
P008,HRTF_A,21,3,36.53,33.93,4,1
P008,HRTF_A,21,3.014,36.84,33.89,4,1
P008,HRTF_A,21,3.029,37.23,33.8,4,1
P008,HRTF_A,21,3.043,37.7,33.64,4,1
P008,HRTF_A,21,3.057,38.27,33.4,4,1
P008,HRTF_A,21,3.071,38.89,33.08,4,1
P008,HRTF_A,21,3.085,39.54,32.73,4,1
P008,HRTF_A,21,3.099,40.17,32.37,4,1
P008,HRTF_A,21,3.112,40.8,31.98,4,1
P008,HRTF_A,21,3.128,41.41,31.57,4,1
P008,HRTF_A,21,3.143,41.95,31.16,4,1
P008,HRTF_A,21,3.157,42.43,30.73,4,1
P008,HRTF_A,21,3.172,42.87,30.33,4,1
P008,HRTF_A,21,3.187,43.22,29.92,4,1
P008,HRTF_A,21,3.201,43.54,29.52,4,1
P008,HRTF_A,21,3.215,43.78,29.14,4,1
P008,HRTF_A,21,3.229,43.93,28.77,4,1
P008,HRTF_A,21,3.242,44.02,28.42,4,1
P008,HRTF_A,21,3.256,44.07,28.09,4,1
P008,HRTF_A,21,3.271,44.05,27.76,4,1
P008,HRTF_A,21,3.286,43.98,27.44,4,1
P008,HRTF_A,21,3.299,43.89,27.17,4,1
P008,HRTF_A,21,3.314,43.81,26.9,4,1
P008,HRTF_A,21,3.328,43.74,26.62,4,1
P008,HRTF_A,21,3.342,43.71,26.32,4,1
P008,HRTF_A,21,3.356,43.68,26.04,4,1
P008,HRTF_A,21,3.37,43.63,25.51,4,1
P008,HRTF_A,21,3.384,43.65,25.28,4,1
P008,HRTF_A,21,3.398,43.7,25.06,4,1
P008,HRTF_A,21,3.411,43.77,24.85,4,1
P008,HRTF_A,21,3.425,43.84,24.66,4,1
P008,HRTF_A,21,3.439,43.92,24.48,4,1
P008,HRTF_A,21,3.455,44.03,24.32,4,1
P008,HRTF_A,21,3.469,44.16,24.16,4,1
P008,HRTF_A,21,3.483,44.27,24.01,4,1
P008,HRTF_A,21,3.497,44.4,23.87,4,1
P008,HRTF_A,21,3.512,44.56,23.71,4,1
P008,HRTF_A,21,3.527,44.72,23.53,4,1
P008,HRTF_A,21,3.541,44.88,23.32,4,1
P008,HRTF_A,21,3.555,45.05,23.15,4,1
P008,HRTF_A,21,3.569,45.2,22.98,4,1
P008,HRTF_A,21,3.583,45.32,22.8,4,1
P008,HRTF_A,21,3.598,45.44,22.61,4,1
P008,HRTF_A,21,3.618,45.54,22.35,4,1
P008,HRTF_A,21,3.632,45.64,22.1,4,1
P008,HRTF_A,21,3.646,45.75,21.88,4,1
P008,HRTF_A,21,3.66,45.86,21.67,4,1
P008,HRTF_A,21,3.675,45.97,21.49,4,1
P008,HRTF_A,21,3.688,46.06,21.31,4,1
P008,HRTF_A,21,3.703,46.15,21.13,4,1
P008,HRTF_A,21,3.717,46.24,20.95,4,1
P008,HRTF_A,21,3.73,46.32,20.77,4,1
P008,HRTF_A,21,3.744,46.36,20.59,4,1
P008,HRTF_A,22,0.015,0.5,-2.45,12,1
P008,HRTF_A,22,0.028,0.24,-2.52,12,1
P008,HRTF_A,22,0.042,-0.09,-2.62,12,1
P008,HRTF_A,22,0.067,-0.53,-2.9,12,1
P008,HRTF_A,22,0.081,-0.94,-3.14,12,1
P008,HRTF_A,22,0.095,-1.36,-3.38,12,1
P008,HRTF_A,22,0.107,-1.82,-3.6,12,1
P008,HRTF_A,22,0.12,-2.29,-3.82,12,1
P008,HRTF_A,22,0.136,-2.8,-4.01,12,1
P008,HRTF_A,22,0.15,-3.33,-4.24,12,1
P008,HRTF_A,22,0.164,-3.89,-4.5,12,1
P008,HRTF_A,22,0.178,-4.45,-4.86,12,1
P008,HRTF_A,22,0.191,-5,-5.25,12,1
P008,HRTF_A,22,0.206,-5.55,-5.64,12,1
P008,HRTF_A,22,0.219,-6.03,-6,12,1
P008,HRTF_A,22,0.233,-6.46,-6.31,12,1
P008,HRTF_A,22,0.246,-6.94,-6.62,12,1
P008,HRTF_A,22,0.259,-7.42,-6.92,12,1
P008,HRTF_A,22,0.275,-8.05,-7.23,12,1
P008,HRTF_A,22,0.289,-8.79,-7.51,12,1
P008,HRTF_A,22,0.303,-9.63,-7.78,12,1
P008,HRTF_A,22,0.317,-10.7,-8.07,12,1
P008,HRTF_A,22,0.33,-12.1,-8.4,12,1
P008,HRTF_A,22,0.344,-13.83,-8.77,12,1
P008,HRTF_A,22,0.358,-15.82,-9.11,12,1
P008,HRTF_A,22,0.372,-18.01,-9.46,12,1
P008,HRTF_A,22,0.386,-20.47,-9.79,12,1
P008,HRTF_A,22,0.399,-23.03,-10.11,12,1
P008,HRTF_A,22,0.411,-25.8,-10.42,12,1
P008,HRTF_A,22,0.428,-28.7,-10.68,12,1
P008,HRTF_A,22,0.442,-31.57,-10.94,12,1
P008,HRTF_A,22,0.455,-34.46,-11.19,12,1
P008,HRTF_A,22,0.47,-37.33,-11.39,12,1
P008,HRTF_A,22,0.483,-40.15,-11.57,12,1
P008,HRTF_A,22,0.497,-42.87,-11.68,12,1
P008,HRTF_A,22,0.511,-45.48,-11.75,12,1
P008,HRTF_A,22,0.525,-47.94,-11.69,12,1
P008,HRTF_A,22,0.539,-50.21,-11.54,12,1
P008,HRTF_A,22,0.553,-52.23,-11.32,12,1
P008,HRTF_A,22,0.567,-54.03,-11.02,12,1
P008,HRTF_A,22,0.581,-55.59,-10.63,12,1
P008,HRTF_A,22,0.594,-56.89,-10.1,12,1
P008,HRTF_A,22,0.609,-57.96,-9.38,12,1
P008,HRTF_A,22,0.623,-58.8,-8.52,12,1
P008,HRTF_A,22,0.636,-59.39,-7.54,12,1
P008,HRTF_A,22,0.65,-59.8,-6.54,12,1
P008,HRTF_A,22,0.664,-60.1,-5.51,12,1
P008,HRTF_A,22,0.678,-60.27,-4.44,12,1
P008,HRTF_A,22,0.692,-60.33,-3.36,12,1
P008,HRTF_A,22,0.706,-60.25,-2.31,12,1
P008,HRTF_A,22,0.72,-60.16,-1.19,12,1
P008,HRTF_A,22,0.734,-60.11,-0.05,12,1
P008,HRTF_A,22,0.747,-60.07,1.14,12,1
P008,HRTF_A,22,0.761,-60.06,2.37,12,1
P008,HRTF_A,22,0.775,-60.12,3.61,12,1
P008,HRTF_A,22,0.789,-60.25,4.83,12,1
P008,HRTF_A,22,0.803,-60.47,6.06,12,1
P008,HRTF_A,22,0.817,-60.79,7.32,12,1
P008,HRTF_A,22,0.831,-61.23,8.61,12,1
P008,HRTF_A,22,0.845,-61.72,9.89,12,1
P008,HRTF_A,22,0.859,-62.32,11.1,12,1
P008,HRTF_A,22,0.872,-63.02,12.24,12,1
P008,HRTF_A,22,0.886,-63.77,13.29,12,1
P008,HRTF_A,22,0.9,-64.55,14.3,12,1
P008,HRTF_A,22,0.914,-65.34,15.32,12,1
P008,HRTF_A,22,0.928,-66.09,16.36,12,1
P008,HRTF_A,22,0.942,-66.77,17.34,12,1
P008,HRTF_A,22,0.956,-67.38,18.19,12,1
P008,HRTF_A,22,0.969,-67.84,18.91,12,1
P008,HRTF_A,22,0.983,-68.17,19.6,12,1
P008,HRTF_A,22,0.998,-68.34,20.29,12,1
P008,HRTF_A,22,1.011,-68.32,21.01,12,1
P008,HRTF_A,22,1.025,-67.99,21.7,12,1
P008,HRTF_A,22,1.039,-67.3,22.3,12,1
P008,HRTF_A,22,1.053,-66.26,22.73,12,1
P008,HRTF_A,22,1.067,-64.8,22.98,12,1
P008,HRTF_A,22,1.081,-63.02,23.11,12,1
P008,HRTF_A,22,1.095,-60.96,23.08,12,1
P008,HRTF_A,22,1.108,-58.63,22.9,12,1
P008,HRTF_A,22,1.122,-55.99,22.62,12,1
P008,HRTF_A,22,1.137,-52.99,22.29,12,1
P008,HRTF_A,22,1.15,-49.7,21.97,12,1
P008,HRTF_A,22,1.164,-46.14,21.65,12,1
P008,HRTF_A,22,1.178,-42.34,21.35,12,1
P008,HRTF_A,22,1.192,-38.38,21.04,12,1
P008,HRTF_A,22,1.206,-34.28,20.72,12,1
P008,HRTF_A,22,1.219,-30.07,20.36,12,1
P008,HRTF_A,22,1.233,-25.82,19.96,12,1
P008,HRTF_A,22,1.247,-21.58,19.57,12,1
P008,HRTF_A,22,1.261,-17.41,19.19,12,1
P008,HRTF_A,22,1.275,-13.35,18.84,12,1
P008,HRTF_A,22,1.289,-9.45,18.54,12,1
P008,HRTF_A,22,1.303,-5.61,18.25,12,1
P008,HRTF_A,22,1.317,-1.88,17.97,12,1
P008,HRTF_A,22,1.331,1.78,17.72,12,1
P008,HRTF_A,22,1.344,5.38,17.46,12,1
P008,HRTF_A,22,1.358,8.97,17.12,12,1
P008,HRTF_A,22,1.372,12.61,16.55,12,1
P008,HRTF_A,22,1.386,16.44,15.76,12,1
P008,HRTF_A,22,1.4,20.49,14.94,12,1
P008,HRTF_A,22,1.414,24.67,14.21,12,1
P008,HRTF_A,22,1.428,28.97,13.63,12,1
P008,HRTF_A,22,1.441,33.33,13.11,12,1
P008,HRTF_A,22,1.456,37.62,12.65,12,1
P008,HRTF_A,22,1.469,41.79,12.24,12,1
P008,HRTF_A,22,1.483,45.74,11.87,12,1
P008,HRTF_A,22,1.497,49.47,11.58,12,1
P008,HRTF_A,22,1.511,52.94,11.28,12,1
P008,HRTF_A,22,1.525,56.12,10.94,12,1
P008,HRTF_A,22,1.539,58.98,10.56,12,1
P008,HRTF_A,22,1.553,61.53,10.18,12,1
P008,HRTF_A,22,1.567,63.8,9.78,12,1
P008,HRTF_A,22,1.581,65.73,9.31,12,1
P008,HRTF_A,22,1.595,67.36,8.7,12,1
P008,HRTF_A,22,1.609,68.67,7.83,12,1
P008,HRTF_A,22,1.622,69.75,6.65,12,1
P008,HRTF_A,22,1.636,70.68,5.32,12,1
P008,HRTF_A,22,1.65,71.48,3.99,12,1
P008,HRTF_A,22,1.664,72.21,2.66,12,1
P008,HRTF_A,22,1.678,72.85,1.29,12,1
P008,HRTF_A,22,1.692,73.46,-0.19,12,1
P008,HRTF_A,22,1.706,74.02,-1.77,12,1
P008,HRTF_A,22,1.72,74.54,-3.35,12,1
P008,HRTF_A,22,1.733,75.04,-4.92,12,1
P008,HRTF_A,22,1.748,75.47,-6.54,12,1
P008,HRTF_A,22,1.761,75.87,-8.26,12,1
P008,HRTF_A,22,1.775,76.25,-10.06,12,1
P008,HRTF_A,22,1.789,76.57,-11.89,12,1
P008,HRTF_A,22,1.803,76.85,-13.64,12,1
P008,HRTF_A,22,1.817,77.1,-15.35,12,1
P008,HRTF_A,22,1.831,77.29,-17.05,12,1
P008,HRTF_A,22,1.845,77.49,-18.73,12,1
P008,HRTF_A,22,1.859,77.66,-20.33,12,1
P008,HRTF_A,22,1.872,77.81,-21.82,12,1
P008,HRTF_A,22,1.89,77.94,-23.23,12,1
P008,HRTF_A,22,1.902,78.04,-24.6,12,1
P008,HRTF_A,22,1.915,78.15,-25.96,12,1
P008,HRTF_A,22,1.928,78.26,-27.24,12,1
P008,HRTF_A,22,1.942,78.4,-28.54,12,1
P008,HRTF_A,22,1.956,78.47,-29.86,12,1
P008,HRTF_A,22,1.97,78.49,-31.3,12,1
P008,HRTF_A,22,1.984,78.45,-32.78,12,1
P008,HRTF_A,22,1.998,78.41,-34.25,12,1
P008,HRTF_A,22,2.011,78.41,-35.71,12,1
P008,HRTF_A,22,2.026,78.34,-37.24,12,1
P008,HRTF_A,22,2.04,78.2,-38.83,12,1
P008,HRTF_A,22,2.053,77.96,-40.37,12,1
P008,HRTF_A,22,2.067,77.61,-41.75,12,1
P008,HRTF_A,22,2.081,77.11,-42.98,12,1
P008,HRTF_A,22,2.095,76.43,-44.07,12,1
P008,HRTF_A,22,2.109,75.58,-45.04,12,1
P008,HRTF_A,22,2.122,74.58,-45.92,12,1
P008,HRTF_A,22,2.137,73.42,-46.67,12,1
P008,HRTF_A,22,2.15,72.01,-47.29,12,1
P008,HRTF_A,22,2.164,70.41,-47.72,12,1
P008,HRTF_A,22,2.178,68.65,-47.96,12,1
P008,HRTF_A,22,2.192,66.83,-48.02,12,1
P008,HRTF_A,22,2.206,64.87,-47.96,12,1
P008,HRTF_A,22,2.22,63.21,-47.85,12,1
P008,HRTF_A,22,2.234,61.03,-47.41,12,1
P008,HRTF_A,22,2.248,59.12,-46.9,12,1
P008,HRTF_A,22,2.262,57.39,-46.21,12,1
P008,HRTF_A,22,2.275,55.79,-45.47,12,1
P008,HRTF_A,22,2.289,54.39,-44.64,12,1
P008,HRTF_A,22,2.303,53.12,-43.72,12,1
P008,HRTF_A,22,2.317,52.09,-42.69,12,1
P008,HRTF_A,22,2.331,51.08,-41.56,12,1
P008,HRTF_A,22,2.345,50.1,-40.24,12,1
P008,HRTF_A,22,2.359,49.05,-38.68,12,1
P008,HRTF_A,22,2.372,47.81,-36.85,12,1
P008,HRTF_A,22,2.386,46.26,-34.75,12,1
P008,HRTF_A,22,2.4,44.61,-32.48,12,1
P008,HRTF_A,22,2.414,43.12,-30.11,12,1
P008,HRTF_A,22,2.428,41.76,-27.77,12,1
P008,HRTF_A,22,2.442,40.48,-25.48,12,1
P008,HRTF_A,22,2.456,39.24,-23.2,12,1
P008,HRTF_A,22,2.47,37.95,-20.83,12,1
P008,HRTF_A,22,2.483,36.64,-18.31,12,1
P008,HRTF_A,22,2.498,35.3,-15.66,12,1
P008,HRTF_A,22,2.511,34,-12.89,12,1
P008,HRTF_A,22,2.525,32.69,-10.02,12,1
P008,HRTF_A,22,2.539,31.33,-7.04,12,1
P008,HRTF_A,22,2.553,29.83,-3.95,12,1
P008,HRTF_A,22,2.567,28.23,-0.76,12,1
P008,HRTF_A,22,2.581,26.52,2.46,12,1
P008,HRTF_A,22,2.595,24.64,5.51,12,1
P008,HRTF_A,22,2.608,22.57,8.24,12,1
P008,HRTF_A,22,2.623,20.27,10.53,12,1
P008,HRTF_A,22,2.637,17.81,12.41,12,1
P008,HRTF_A,22,2.65,15.32,14.17,12,1
P008,HRTF_A,22,2.664,12.82,15.73,12,1
P008,HRTF_A,22,2.678,10.34,17.17,12,1
P008,HRTF_A,22,2.692,7.97,18.49,12,1
P008,HRTF_A,22,2.706,5.67,19.65,12,1
P008,HRTF_A,22,2.719,3.46,20.66,12,1
P008,HRTF_A,22,2.733,1.34,21.54,12,1
P008,HRTF_A,22,2.747,-0.71,22.31,12,1
P008,HRTF_A,22,2.761,-2.76,22.99,12,1
P008,HRTF_A,22,2.775,-4.8,23.51,12,1
P008,HRTF_A,22,2.789,-6.86,23.9,12,1
P008,HRTF_A,22,2.803,-8.97,24.22,12,1
P008,HRTF_A,22,2.817,-11.1,24.47,12,1
P008,HRTF_A,22,2.831,-13.3,24.61,12,1
P008,HRTF_A,22,2.844,-15.6,24.67,12,1
P008,HRTF_A,22,2.858,-18,24.69,12,1
P008,HRTF_A,22,2.872,-20.53,24.68,12,1
P008,HRTF_A,22,2.886,-23.18,24.66,12,1
P008,HRTF_A,22,2.9,-25.93,24.49,12,1
P008,HRTF_A,22,2.914,-28.88,24.13,12,1
P008,HRTF_A,22,2.928,-32.04,23.66,12,1
P008,HRTF_A,22,2.942,-35.38,23.13,12,1
P008,HRTF_A,22,2.956,-38.43,23.86,12,1
P008,HRTF_A,22,2.969,-41.5,21.83,12,1
P008,HRTF_A,22,2.983,-44.62,21.69,12,1
P008,HRTF_A,22,2.997,-47.81,20.57,12,1
P008,HRTF_A,22,3.011,-51.08,19.66,12,1
P008,HRTF_A,22,3.025,-54.15,18.7,12,1
P008,HRTF_A,22,3.039,-56.94,17.53,12,1
P008,HRTF_A,22,3.053,-59.77,16.65,12,1
P008,HRTF_A,22,3.067,-62.74,15.62,12,1
P008,HRTF_A,22,3.081,-65.82,14.59,12,1
P008,HRTF_A,22,3.095,-68.99,13.53,12,1
P008,HRTF_A,22,3.109,-72.19,12.5,12,1
P008,HRTF_A,22,3.122,-75.46,11.57,12,1
P008,HRTF_A,22,3.136,-78.77,10.69,12,1
P008,HRTF_A,22,3.15,-82.1,9.9,12,1
P008,HRTF_A,22,3.164,-85.41,9.16,12,1
P008,HRTF_A,22,3.178,-88.64,8.49,12,1
P008,HRTF_A,22,3.192,-91.77,7.89,12,1
P008,HRTF_A,22,3.206,-94.8,7.3,12,1
P008,HRTF_A,22,3.22,-97.73,6.73,12,1
P008,HRTF_A,22,3.234,-100.59,6.2,12,1
P008,HRTF_A,22,3.248,-103.36,5.7,12,1
P008,HRTF_A,22,3.261,-106.04,5.28,12,1
P008,HRTF_A,22,3.275,-108.54,4.93,12,1
P008,HRTF_A,22,3.289,-110.92,4.62,12,1
P008,HRTF_A,22,3.303,-113.13,4.3,12,1
P008,HRTF_A,22,3.317,-115.22,4,12,1
P008,HRTF_A,22,3.331,-117.19,3.76,12,1
P008,HRTF_A,22,3.345,-119.01,3.57,12,1
P008,HRTF_A,22,3.359,-120.75,3.38,12,1
P008,HRTF_A,22,3.373,-122.4,3.2,12,1
P008,HRTF_A,22,3.387,-124.01,2.96,12,1
P008,HRTF_A,22,3.4,-125.5,2.63,12,1
P008,HRTF_A,22,3.415,-126.96,2.3,12,1
P008,HRTF_A,22,3.428,-128.28,1.92,12,1
P008,HRTF_A,22,3.442,-129.55,1.47,12,1
P008,HRTF_A,22,3.456,-130.77,0.95,12,1
P008,HRTF_A,22,3.47,-132,0.49,12,1
P008,HRTF_A,22,3.484,-133.19,0.06,12,1
P008,HRTF_A,22,3.498,-134.28,-0.33,12,1
P008,HRTF_A,22,3.512,-135.37,-0.74,12,1
P008,HRTF_A,22,3.526,-136.49,-1.18,12,1
P008,HRTF_A,22,3.54,-137.65,-1.61,12,1
P008,HRTF_A,22,3.553,-138.81,-2.01,12,1
P008,HRTF_A,22,3.567,-139.97,-2.38,12,1
P008,HRTF_A,22,3.581,-141.13,-2.77,12,1
P008,HRTF_A,22,3.595,-142.37,-3.18,12,1
P008,HRTF_A,22,3.609,-143.7,-3.56,12,1
P008,HRTF_A,22,3.623,-145.06,-3.92,12,1
P008,HRTF_A,22,3.636,-146.46,-4.24,12,1
P008,HRTF_A,22,3.65,-147.93,-4.61,12,1
P008,HRTF_A,22,3.664,-149.45,-4.97,12,1
P008,HRTF_A,22,3.678,-151.03,-5.33,12,1
P008,HRTF_A,22,3.692,-152.65,-5.64,12,1
P008,HRTF_A,22,3.706,-154.29,-5.92,12,1
P008,HRTF_A,22,3.72,-155.96,-6.19,12,1
P008,HRTF_A,22,3.734,-157.66,-6.52,12,1
P008,HRTF_A,22,3.748,-159.32,-6.79,12,1
P008,HRTF_A,22,3.762,-160.84,-7.04,12,1
P008,HRTF_A,22,3.775,-162.31,-7.35,12,1
P008,HRTF_A,22,3.79,-163.64,-7.69,12,1
P008,HRTF_A,22,3.803,-164.89,-8.04,12,1
P008,HRTF_A,22,3.817,-166.01,-8.4,12,1
P008,HRTF_A,22,3.831,-167.05,-8.69,12,1
P008,HRTF_A,22,3.845,-168.03,-8.84,12,1
P008,HRTF_A,22,3.858,-168.96,-8.86,12,1
P008,HRTF_A,22,3.873,-169.77,-8.74,12,1
P008,HRTF_A,22,3.886,-170.57,-8.42,12,1
P008,HRTF_A,22,3.901,-171.36,-7.93,12,1
P008,HRTF_A,22,3.914,-172.13,-7.17,12,1
P008,HRTF_A,22,3.928,-172.8,-6.19,12,1
P008,HRTF_A,22,3.942,-173.33,-4.98,12,1
P008,HRTF_A,22,3.956,-173.71,-3.58,12,1
P008,HRTF_A,22,3.97,-174.04,-2.01,12,1
P008,HRTF_A,22,3.984,-174.29,-0.37,12,1
P008,HRTF_A,22,3.998,-174.5,1.43,12,1
P008,HRTF_A,22,4.011,-174.66,3.29,12,1
P008,HRTF_A,22,4.026,-174.82,5.19,12,1
P008,HRTF_A,22,4.039,-175.03,7.05,12,1
P008,HRTF_A,22,4.053,-175.33,8.72,12,1
P008,HRTF_A,22,4.067,-175.63,10.21,12,1
P008,HRTF_A,22,4.081,-175.94,11.58,12,1
P008,HRTF_A,22,4.095,-176.25,12.76,12,1
P008,HRTF_A,22,4.109,-176.57,13.72,12,1
P008,HRTF_A,22,4.123,-176.9,14.42,12,1
P008,HRTF_A,22,4.136,-177.25,14.94,12,1
P008,HRTF_A,22,4.151,-177.69,15.32,12,1
P008,HRTF_A,22,4.164,-178.21,15.56,12,1
P008,HRTF_A,22,4.178,-178.8,15.5,12,1
P008,HRTF_A,22,4.192,-179.38,15.25,12,1
P008,HRTF_A,22,4.206,-179.96,14.73,12,1
P008,HRTF_A,22,4.22,179.36,14.1,12,1
P008,HRTF_A,22,4.234,178.63,13.4,12,1
P008,HRTF_A,22,4.248,177.84,12.67,12,1
P008,HRTF_A,22,4.262,177.04,11.9,12,1
P008,HRTF_A,22,4.275,176.23,11.09,12,1
P008,HRTF_A,22,4.289,175.43,10.35,12,1
P008,HRTF_A,22,4.303,174.7,9.64,12,1
P008,HRTF_A,22,4.317,174.01,8.97,12,1
P008,HRTF_A,22,4.331,173.41,8.33,12,1
P008,HRTF_A,22,4.345,172.9,7.76,12,1
P008,HRTF_A,22,4.359,172.54,7.28,12,1
P008,HRTF_A,22,4.373,172.31,6.87,12,1
P008,HRTF_A,22,4.386,172.25,6.53,12,1
P008,HRTF_A,22,4.4,172.28,6.29,12,1
P008,HRTF_A,22,4.414,172.42,6.17,12,1
P008,HRTF_A,22,4.428,172.61,6.19,12,1
P008,HRTF_A,22,4.442,172.83,6.34,12,1
P008,HRTF_A,22,4.456,173.1,6.51,12,1
P008,HRTF_A,22,4.47,173.33,6.77,12,1
P008,HRTF_A,22,4.484,173.47,6.99,12,1
P008,HRTF_A,22,4.498,173.57,7.19,12,1
P008,HRTF_A,22,4.512,173.69,7.31,12,1
P008,HRTF_A,22,4.525,173.83,7.4,12,1
P008,HRTF_A,22,4.54,173.99,7.47,12,1
P008,HRTF_A,22,4.554,174.16,7.52,12,1
P008,HRTF_A,22,4.568,174.32,7.51,12,1
P008,HRTF_A,22,4.583,174.49,7.47,12,1
P008,HRTF_A,22,4.599,174.83,7.38,12,1
P008,HRTF_A,22,4.613,174.94,7.28,12,1
P008,HRTF_A,22,4.628,175,7.13,12,1
P008,HRTF_A,22,4.642,175.01,6.94,12,1
P008,HRTF_A,22,4.657,175.05,6.81,12,1
P008,HRTF_A,22,4.672,175.11,6.71,12,1
P008,HRTF_A,22,4.686,175.18,6.68,12,1
P008,HRTF_A,22,4.701,175.27,6.68,12,1
P008,HRTF_A,22,4.715,175.34,6.69,12,1
P008,HRTF_A,22,4.73,175.41,6.73,12,1
P008,HRTF_A,23,0.015,3.91,-5.6,29,1
P008,HRTF_A,23,0.028,3.85,-5.49,29,1
P008,HRTF_A,23,0.042,3.78,-5.35,29,1
P008,HRTF_A,23,0.055,3.72,-5.17,29,1
P008,HRTF_A,23,0.08,3.63,-4.95,29,1
P008,HRTF_A,23,0.094,3.56,-4.75,29,1
P008,HRTF_A,23,0.107,3.49,-4.56,29,1
P008,HRTF_A,23,0.12,3.42,-4.36,29,1
P008,HRTF_A,23,0.134,3.34,-4.15,29,1
P008,HRTF_A,23,0.147,3.25,-3.96,29,1
P008,HRTF_A,23,0.163,3.16,-3.75,29,1
P008,HRTF_A,23,0.177,3.08,-3.54,29,1
P008,HRTF_A,23,0.191,3.01,-3.31,29,1
P008,HRTF_A,23,0.205,2.94,-3.08,29,1
P008,HRTF_A,23,0.219,2.88,-2.83,29,1
P008,HRTF_A,23,0.233,2.81,-2.57,29,1
P008,HRTF_A,23,0.246,2.76,-2.3,29,1
P008,HRTF_A,23,0.26,2.69,-2.04,29,1
P008,HRTF_A,23,0.274,2.61,-1.81,29,1
P008,HRTF_A,23,0.288,2.54,-1.65,29,1
P008,HRTF_A,23,0.302,2.45,-1.53,29,1
P008,HRTF_A,23,0.316,2.37,-1.43,29,1
P008,HRTF_A,23,0.33,2.3,-1.32,29,1
P008,HRTF_A,23,0.344,2.24,-1.22,29,1
P008,HRTF_A,23,0.358,2.18,-1.12,29,1
P008,HRTF_A,23,0.372,2.13,-0.98,29,1
P008,HRTF_A,23,0.385,2.06,-0.84,29,1
P008,HRTF_A,23,0.399,1.94,-0.67,29,1
P008,HRTF_A,23,0.413,1.77,-0.46,29,1
P008,HRTF_A,23,0.427,1.57,-0.2,29,1
P008,HRTF_A,23,0.441,1.38,0.11,29,1
P008,HRTF_A,23,0.455,1.18,0.46,29,1
P008,HRTF_A,23,0.469,0.97,0.83,29,1
P008,HRTF_A,23,0.482,0.75,1.22,29,1
P008,HRTF_A,23,0.497,0.53,1.58,29,1
P008,HRTF_A,23,0.511,0.29,1.96,29,1
P008,HRTF_A,23,0.524,0.08,2.28,29,1
P008,HRTF_A,23,0.538,-0.13,2.58,29,1
P008,HRTF_A,23,0.552,-0.33,2.89,29,1
P008,HRTF_A,23,0.566,-0.52,3.15,29,1
P008,HRTF_A,23,0.58,-0.68,3.42,29,1
P008,HRTF_A,23,0.594,-0.85,3.65,29,1
P008,HRTF_A,23,0.608,-1,3.87,29,1
P008,HRTF_A,23,0.621,-1.09,4.05,29,1
P008,HRTF_A,23,0.635,-1.18,4.24,29,1
P008,HRTF_A,23,0.65,-1.25,4.43,29,1
P008,HRTF_A,23,0.664,-1.33,4.61,29,1
P008,HRTF_A,23,0.678,-1.42,4.8,29,1
P008,HRTF_A,23,0.691,-1.5,5,29,1
P008,HRTF_A,23,0.705,-1.59,5.22,29,1
P008,HRTF_A,23,0.719,-1.7,5.42,29,1
P008,HRTF_A,23,0.732,-1.82,5.61,29,1
P008,HRTF_A,23,0.746,-1.99,5.79,29,1
P008,HRTF_A,23,0.76,-2.17,5.95,29,1
P008,HRTF_A,23,0.774,-2.38,6.08,29,1
P008,HRTF_A,23,0.788,-2.59,6.18,29,1
P008,HRTF_A,23,0.803,-2.83,6.26,29,1
P008,HRTF_A,23,0.816,-3.07,6.34,29,1
P008,HRTF_A,23,0.83,-3.33,6.41,29,1
P008,HRTF_A,23,0.843,-3.62,6.49,29,1
P008,HRTF_A,23,0.858,-3.92,6.55,29,1
P008,HRTF_A,23,0.871,-4.26,6.62,29,1
P008,HRTF_A,23,0.886,-4.69,6.67,29,1
P008,HRTF_A,23,0.9,-5.22,6.71,29,1
P008,HRTF_A,23,0.913,-5.91,6.73,29,1
P008,HRTF_A,23,0.927,-6.77,6.82,29,1
P008,HRTF_A,23,0.942,-7.76,6.95,29,1
P008,HRTF_A,23,0.955,-8.85,7.12,29,1
P008,HRTF_A,23,0.969,-10.13,7.32,29,1
P008,HRTF_A,23,0.983,-11.54,7.58,29,1
P008,HRTF_A,23,0.996,-13.07,7.86,29,1
P008,HRTF_A,23,1.01,-14.65,8.15,29,1
P008,HRTF_A,23,1.024,-16.33,8.43,29,1
P008,HRTF_A,23,1.038,-18.02,8.72,29,1
P008,HRTF_A,23,1.052,-19.77,8.96,29,1
P008,HRTF_A,23,1.066,-21.56,9.15,29,1
P008,HRTF_A,23,1.08,-23.35,9.27,29,1
P008,HRTF_A,23,1.098,-25.12,9.32,29,1
P008,HRTF_A,23,1.122,-28.48,9.45,29,1
P008,HRTF_A,23,1.136,-30,9.53,29,1
P008,HRTF_A,23,1.149,-31.39,9.56,29,1
P008,HRTF_A,23,1.162,-32.65,9.55,29,1
P008,HRTF_A,23,1.176,-33.81,9.57,29,1
P008,HRTF_A,23,1.191,-34.87,9.59,29,1
P008,HRTF_A,23,1.205,-35.86,9.62,29,1
P008,HRTF_A,23,1.219,-36.76,9.63,29,1
P008,HRTF_A,23,1.233,-37.58,9.63,29,1
P008,HRTF_A,23,1.247,-38.34,9.59,29,1
P008,HRTF_A,23,1.261,-39.05,9.54,29,1
P008,HRTF_A,23,1.275,-39.71,9.46,29,1
P008,HRTF_A,23,1.288,-40.33,9.4,29,1
P008,HRTF_A,23,1.302,-40.91,9.3,29,1
P008,HRTF_A,23,1.316,-41.42,9.18,29,1
P008,HRTF_A,23,1.33,-41.91,9.02,29,1
P008,HRTF_A,23,1.344,-42.39,8.88,29,1
P008,HRTF_A,23,1.358,-42.83,8.74,29,1
P008,HRTF_A,23,1.372,-43.26,8.58,29,1
P008,HRTF_A,23,1.386,-43.64,8.41,29,1
P008,HRTF_A,23,1.4,-43.97,8.2,29,1
P008,HRTF_A,23,1.414,-44.23,7.97,29,1
P008,HRTF_A,23,1.427,-44.44,7.7,29,1
P008,HRTF_A,23,1.441,-44.6,7.4,29,1
P008,HRTF_A,23,1.455,-44.71,7.11,29,1
P008,HRTF_A,23,1.469,-44.75,6.85,29,1
P008,HRTF_A,24,0.017,2.69,1.46,7,1
P008,HRTF_A,24,0.03,2.68,1.39,7,1
P008,HRTF_A,24,0.044,2.71,1.36,7,1
P008,HRTF_A,24,0.057,2.73,1.39,7,1
P008,HRTF_A,24,0.081,2.74,1.43,7,1
P008,HRTF_A,24,0.096,2.74,1.43,7,1
P008,HRTF_A,24,0.109,2.75,1.43,7,1
P008,HRTF_A,24,0.123,2.75,1.42,7,1
P008,HRTF_A,24,0.137,2.73,1.42,7,1
P008,HRTF_A,24,0.152,2.71,1.42,7,1
P008,HRTF_A,24,0.166,2.67,1.41,7,1
P008,HRTF_A,24,0.179,2.62,1.37,7,1
P008,HRTF_A,24,0.193,2.55,1.3,7,1
P008,HRTF_A,24,0.206,2.48,1.24,7,1
P008,HRTF_A,24,0.22,2.4,1.18,7,1
P008,HRTF_A,24,0.234,2.33,1.14,7,1
P008,HRTF_A,24,0.247,2.28,1.11,7,1
P008,HRTF_A,24,0.261,2.22,1.09,7,1
P008,HRTF_A,24,0.275,2.17,1.08,7,1
P008,HRTF_A,24,0.288,2.12,1.06,7,1
P008,HRTF_A,24,0.303,2.09,1.04,7,1
P008,HRTF_A,24,0.317,2.05,1.01,7,1
P008,HRTF_A,24,0.33,2.01,1,7,1
P008,HRTF_A,24,0.343,1.98,1.02,7,1
P008,HRTF_A,24,0.357,1.94,1.06,7,1
P008,HRTF_A,24,0.371,1.92,1.14,7,1
P008,HRTF_A,24,0.385,1.9,1.24,7,1
P008,HRTF_A,24,0.398,1.87,1.37,7,1
P008,HRTF_A,24,0.412,1.74,1.5,7,1
P008,HRTF_A,24,0.426,1.54,1.64,7,1
P008,HRTF_A,24,0.441,1.23,1.84,7,1
P008,HRTF_A,24,0.457,0.87,2.08,7,1
P008,HRTF_A,24,0.47,0.48,2.35,7,1
P008,HRTF_A,24,0.484,-0.03,2.69,7,1
P008,HRTF_A,24,0.498,-0.67,3.06,7,1
P008,HRTF_A,24,0.512,-1.41,3.52,7,1
P008,HRTF_A,24,0.525,-2.2,4.07,7,1
P008,HRTF_A,24,0.539,-3.01,4.71,7,1
P008,HRTF_A,24,0.553,-3.83,5.42,7,1
P008,HRTF_A,24,0.567,-4.66,6.24,7,1
P008,HRTF_A,24,0.581,-5.5,7.17,7,1
P008,HRTF_A,24,0.595,-6.36,8.16,7,1
P008,HRTF_A,24,0.609,-7.19,9.27,7,1
P008,HRTF_A,24,0.623,-8.05,10.43,7,1
P008,HRTF_A,24,0.636,-8.93,11.63,7,1
P008,HRTF_A,24,0.65,-9.85,12.81,7,1
P008,HRTF_A,24,0.663,-10.82,13.91,7,1
P008,HRTF_A,24,0.677,-11.84,14.87,7,1
P008,HRTF_A,24,0.692,-12.94,15.68,7,1
P008,HRTF_A,24,0.705,-14.08,16.38,7,1
P008,HRTF_A,24,0.72,-15.29,17,7,1
P008,HRTF_A,24,0.734,-16.5,17.54,7,1
P008,HRTF_A,24,0.748,-17.67,17.99,7,1
P008,HRTF_A,24,0.761,-18.82,18.35,7,1
P008,HRTF_A,24,0.775,-19.87,18.58,7,1
P008,HRTF_A,24,0.788,-20.86,18.76,7,1
P008,HRTF_A,24,0.802,-21.75,18.92,7,1
P008,HRTF_A,24,0.815,-22.49,19.06,7,1
P008,HRTF_A,24,0.829,-23.04,19.15,7,1
P008,HRTF_A,24,0.842,-23.36,19.21,7,1
P008,HRTF_A,24,0.857,-23.38,19.27,7,1
P008,HRTF_A,24,0.87,-23.17,19.35,7,1
P008,HRTF_A,24,0.884,-22.68,19.4,7,1
P008,HRTF_A,24,0.897,-21.78,19.44,7,1
P008,HRTF_A,24,0.91,-20.55,19.46,7,1
P008,HRTF_A,24,0.923,-19.01,19.4,7,1
P008,HRTF_A,24,0.943,-16.93,19.2,7,1
P008,HRTF_A,24,0.957,-14.66,18.88,7,1
P008,HRTF_A,24,0.971,-12.1,18.49,7,1
P008,HRTF_A,24,0.986,-9.23,17.99,7,1
P008,HRTF_A,24,1,-5.96,17.4,7,1
P008,HRTF_A,24,1.013,-2.42,16.74,7,1
P008,HRTF_A,24,1.027,1.36,16.08,7,1
P008,HRTF_A,24,1.04,5.36,15.44,7,1
P008,HRTF_A,24,1.054,9.47,14.84,7,1
P008,HRTF_A,24,1.068,13.72,14.32,7,1
P008,HRTF_A,24,1.082,17.95,13.77,7,1
P008,HRTF_A,24,1.095,22.15,13.28,7,1
P008,HRTF_A,24,1.109,26.21,12.83,7,1
P008,HRTF_A,24,1.124,30.08,12.44,7,1
P008,HRTF_A,24,1.138,33.67,12.17,7,1
P008,HRTF_A,24,1.151,36.85,11.81,7,1
P008,HRTF_A,24,1.165,39.88,11.48,7,1
P008,HRTF_A,24,1.179,42.89,11.1,7,1
P008,HRTF_A,24,1.193,45.58,10.79,7,1
P008,HRTF_A,24,1.207,48.28,10.61,7,1
P008,HRTF_A,24,1.22,50.91,10.44,7,1
P008,HRTF_A,24,1.234,53.44,10.34,7,1
P008,HRTF_A,24,1.248,55.89,10.37,7,1
P008,HRTF_A,24,1.263,58.23,10.39,7,1
P008,HRTF_A,24,1.276,60.56,10.46,7,1
P008,HRTF_A,24,1.29,62.94,10.58,7,1
P008,HRTF_A,24,1.304,65.33,10.68,7,1
P008,HRTF_A,24,1.318,67.72,10.83,7,1
P008,HRTF_A,24,1.332,70.09,11,7,1
P008,HRTF_A,24,1.345,72.42,11.2,7,1
P008,HRTF_A,24,1.359,74.7,11.45,7,1
P008,HRTF_A,24,1.373,76.85,11.73,7,1
P008,HRTF_A,24,1.387,78.87,12,7,1
P008,HRTF_A,24,1.405,80.74,12.23,7,1
P008,HRTF_A,24,1.418,82.51,12.41,7,1
P008,HRTF_A,24,1.432,84.17,12.52,7,1
P008,HRTF_A,24,1.445,85.75,12.53,7,1
P008,HRTF_A,24,1.458,87.25,12.42,7,1
P008,HRTF_A,24,1.471,88.62,12.14,7,1
P008,HRTF_A,24,1.485,89.94,11.57,7,1
P008,HRTF_A,24,1.499,91.2,10.77,7,1
P008,HRTF_A,24,1.513,92.39,9.71,7,1
P008,HRTF_A,24,1.527,93.56,8.46,7,1
P008,HRTF_A,24,1.541,94.66,7.04,7,1
P008,HRTF_A,24,1.555,95.76,5.53,7,1
P008,HRTF_A,24,1.568,96.79,3.89,7,1
P008,HRTF_A,24,1.582,97.95,2.26,7,1
P008,HRTF_A,24,1.596,98.9,0.27,7,1
P008,HRTF_A,24,1.61,99.86,-1.7,7,1
P008,HRTF_A,24,1.624,100.81,-3.62,7,1
P008,HRTF_A,24,1.638,101.65,-5.66,7,1
P008,HRTF_A,24,1.652,102.44,-7.65,7,1
P008,HRTF_A,24,1.666,103.14,-9.55,7,1
P008,HRTF_A,24,1.681,103.75,-11.38,7,1
P008,HRTF_A,24,1.694,104.27,-13.21,7,1
P008,HRTF_A,24,1.707,104.73,-15.02,7,1
P008,HRTF_A,24,1.721,105.14,-16.69,7,1
P008,HRTF_A,24,1.735,105.48,-18.29,7,1
P008,HRTF_A,24,1.749,105.77,-19.82,7,1
P008,HRTF_A,24,1.763,106,-21.27,7,1
P008,HRTF_A,24,1.777,106.15,-22.59,7,1
P008,HRTF_A,24,1.791,106.26,-23.81,7,1
P008,HRTF_A,24,1.805,106.32,-24.94,7,1
P008,HRTF_A,24,1.82,106.41,-26,7,1
P008,HRTF_A,24,1.833,106.51,-26.97,7,1
P008,HRTF_A,24,1.847,106.69,-27.84,7,1
P008,HRTF_A,24,1.86,106.92,-28.65,7,1
P008,HRTF_A,24,1.874,107.19,-29.35,7,1
P008,HRTF_A,24,1.888,107.53,-30.19,7,1
P008,HRTF_A,24,1.902,107.96,-31.09,7,1
P008,HRTF_A,24,1.916,108.45,-32.03,7,1
P008,HRTF_A,24,1.93,108.96,-33.03,7,1
P008,HRTF_A,24,1.943,109.44,-34.06,7,1
P008,HRTF_A,24,1.958,109.95,-35.21,7,1
P008,HRTF_A,24,1.972,110.45,-36.3,7,1
P008,HRTF_A,24,1.986,110.88,-37.22,7,1
P008,HRTF_A,24,1.999,111.34,-38.05,7,1
P008,HRTF_A,24,2.012,111.7,-38.65,7,1
P008,HRTF_A,24,2.026,112,-38.93,7,1
P008,HRTF_A,24,2.041,112.35,-38.94,7,1
P008,HRTF_A,24,2.055,112.68,-38.73,7,1
P008,HRTF_A,24,2.069,113.09,-38.18,7,1
P008,HRTF_A,24,2.082,113.54,-37.4,7,1
P008,HRTF_A,24,2.097,114.09,-36.32,7,1
P008,HRTF_A,24,2.11,114.68,-35.01,7,1
P008,HRTF_A,24,2.124,115.36,-33.34,7,1
P008,HRTF_A,24,2.138,116.09,-31.37,7,1
P008,HRTF_A,24,2.152,116.82,-29.16,7,1
P008,HRTF_A,24,2.166,117.59,-26.73,7,1
P008,HRTF_A,24,2.18,118.39,-24.09,7,1
P008,HRTF_A,24,2.194,119.2,-21.3,7,1
P008,HRTF_A,24,2.208,119.96,-18.46,7,1
P008,HRTF_A,24,2.221,120.66,-15.59,7,1
P008,HRTF_A,24,2.235,121.24,-12.75,7,1
P008,HRTF_A,24,2.249,121.71,-10.04,7,1
P008,HRTF_A,24,2.262,122.03,-7.36,7,1
P008,HRTF_A,24,2.276,122.2,-4.84,7,1
P008,HRTF_A,24,2.29,122.2,-2.5,7,1
P008,HRTF_A,24,2.303,122.05,-0.34,7,1
P008,HRTF_A,24,2.316,121.69,1.53,7,1
P008,HRTF_A,24,2.33,121.26,3.16,7,1
P008,HRTF_A,24,2.343,120.77,4.51,7,1
P008,HRTF_A,24,2.361,119.98,5.39,7,1
P008,HRTF_A,24,2.375,119,5.81,7,1
P008,HRTF_A,24,2.389,117.81,5.76,7,1
P008,HRTF_A,24,2.402,116.33,5.17,7,1
P008,HRTF_A,24,2.416,114.59,4.06,7,1
P008,HRTF_A,24,2.43,112.66,2.58,7,1
P008,HRTF_A,24,2.444,110.61,0.76,7,1
P008,HRTF_A,24,2.457,108.44,-1.32,7,1
P008,HRTF_A,24,2.471,106.15,-3.71,7,1
P008,HRTF_A,24,2.485,103.66,-6.38,7,1
P008,HRTF_A,24,2.499,101.06,-9.27,7,1
P008,HRTF_A,24,2.514,98.43,-12.28,7,1
P008,HRTF_A,24,2.527,95.78,-15.27,7,1
P008,HRTF_A,24,2.541,93.14,-18.24,7,1
P008,HRTF_A,24,2.555,90.51,-21.19,7,1
P008,HRTF_A,24,2.569,87.94,-24.08,7,1
P008,HRTF_A,24,2.583,85.49,-26.85,7,1
P008,HRTF_A,24,2.596,83.2,-29.49,7,1
P008,HRTF_A,24,2.611,81.13,-31.89,7,1
P008,HRTF_A,24,2.624,79.31,-33.96,7,1
P008,HRTF_A,24,2.638,77.78,-35.75,7,1
P008,HRTF_A,24,2.653,76.48,-37.16,7,1
P008,HRTF_A,24,2.666,75.38,-38.32,7,1
P008,HRTF_A,24,2.679,74.49,-39.26,7,1
P008,HRTF_A,24,2.693,73.86,-39.93,7,1
P008,HRTF_A,24,2.707,73.28,-40.4,7,1
P008,HRTF_A,24,2.72,72.79,-40.75,7,1
P008,HRTF_A,24,2.735,72.42,-40.99,7,1
P008,HRTF_A,24,2.749,72.1,-41.14,7,1
P008,HRTF_A,24,2.763,71.81,-41.29,7,1
P008,HRTF_A,24,2.777,71.44,-41.36,7,1
P008,HRTF_A,24,2.792,71.07,-41.28,7,1
P008,HRTF_A,24,2.805,70.63,-41.11,7,1
P008,HRTF_A,24,2.818,70.17,-40.81,7,1
P008,HRTF_A,24,2.832,69.62,-40.38,7,1
P008,HRTF_A,24,2.845,69.06,-39.8,7,1
P008,HRTF_A,24,2.858,68.51,-39.09,7,1
P008,HRTF_A,24,2.871,67.98,-38.18,7,1
P008,HRTF_A,24,2.888,67.38,-37.01,7,1
P008,HRTF_A,24,2.902,66.7,-35.66,7,1
P008,HRTF_A,24,2.916,65.84,-34.04,7,1
P008,HRTF_A,24,2.931,64.91,-32.15,7,1
P008,HRTF_A,24,2.943,63.98,-30.11,7,1
P008,HRTF_A,24,2.957,62.98,-27.87,7,1
P008,HRTF_A,24,2.97,61.93,-25.45,7,1
P008,HRTF_A,24,2.983,60.81,-22.88,7,1
P008,HRTF_A,24,2.999,59.66,-20.08,7,1
P008,HRTF_A,24,3.013,58.47,-17.18,7,1
P008,HRTF_A,24,3.027,57.19,-14.16,7,1
P008,HRTF_A,24,3.041,55.85,-11.03,7,1
P008,HRTF_A,24,3.055,54.45,-7.85,7,1
P008,HRTF_A,24,3.07,52.96,-4.7,7,1
P008,HRTF_A,24,3.083,51.44,-1.63,7,1
P008,HRTF_A,24,3.097,49.92,1.24,7,1
P008,HRTF_A,24,3.11,48.41,3.9,7,1
P008,HRTF_A,24,3.124,46.97,6.35,7,1
P008,HRTF_A,24,3.138,45.52,8.54,7,1
P008,HRTF_A,24,3.152,44.05,10.46,7,1
P008,HRTF_A,24,3.166,42.58,12.07,7,1
P008,HRTF_A,24,3.18,41.17,13.42,7,1
P008,HRTF_A,24,3.194,39.85,14.67,7,1
P008,HRTF_A,24,3.208,38.6,15.85,7,1
P008,HRTF_A,24,3.222,37.4,16.93,7,1
P008,HRTF_A,24,3.235,36.28,17.8,7,1
P008,HRTF_A,24,3.249,35.26,18.39,7,1
P008,HRTF_A,24,3.263,34.35,18.8,7,1
P008,HRTF_A,24,3.277,33.54,19.09,7,1
P008,HRTF_A,24,3.291,32.82,19.26,7,1
P008,HRTF_A,24,3.305,32.14,19.36,7,1
P008,HRTF_A,24,3.319,31.51,19.32,7,1
P008,HRTF_A,24,3.332,30.91,19.25,7,1
P008,HRTF_A,24,3.347,30.34,19.1,7,1
P008,HRTF_A,24,3.361,29.81,18.94,7,1
P008,HRTF_A,24,3.374,29.28,18.77,7,1
P008,HRTF_A,24,3.388,28.76,18.59,7,1
P008,HRTF_A,24,3.402,28.23,18.45,7,1
P008,HRTF_A,24,3.416,27.72,18.3,7,1
P008,HRTF_A,24,3.429,27.17,18.17,7,1
P008,HRTF_A,24,3.443,26.61,17.99,7,1
P008,HRTF_A,24,3.457,25.99,17.84,7,1
P008,HRTF_A,24,3.471,25.37,17.74,7,1
P008,HRTF_A,24,3.485,24.74,17.7,7,1
P008,HRTF_A,24,3.499,24.1,17.71,7,1
P008,HRTF_A,24,3.513,23.46,17.7,7,1
P008,HRTF_A,24,3.526,22.79,17.68,7,1
P008,HRTF_A,24,3.54,22.05,17.64,7,1
P008,HRTF_A,24,3.555,21.2,17.61,7,1
P008,HRTF_A,24,3.568,20.38,17.6,7,1
P008,HRTF_A,24,3.582,19.55,17.61,7,1
P008,HRTF_A,24,3.596,18.71,17.58,7,1
P008,HRTF_A,24,3.611,17.85,17.57,7,1
P008,HRTF_A,24,3.626,17,17.53,7,1
P008,HRTF_A,24,3.64,16.14,17.51,7,1
P008,HRTF_A,24,3.653,15.3,17.5,7,1
P008,HRTF_A,24,3.667,14.48,17.5,7,1
P008,HRTF_A,25,0.016,2.38,1.63,21,1
P008,HRTF_A,25,0.03,2.62,1.71,21,1
P008,HRTF_A,25,0.044,2.88,1.84,21,1
P008,HRTF_A,25,0.058,3.15,1.98,21,1
P008,HRTF_A,25,0.072,3.43,2.12,21,1
P008,HRTF_A,25,0.085,3.7,2.28,21,1
P008,HRTF_A,25,0.099,3.96,2.45,21,1
P008,HRTF_A,25,0.114,4.45,2.81,21,1
P008,HRTF_A,25,0.128,4.65,3.01,21,1
P008,HRTF_A,25,0.142,4.77,3.17,21,1
P008,HRTF_A,25,0.156,4.88,3.24,21,1
P008,HRTF_A,25,0.17,4.97,3.26,21,1
P008,HRTF_A,25,0.184,5.05,3.27,21,1
P008,HRTF_A,25,0.198,5.13,3.34,21,1
P008,HRTF_A,25,0.212,5.17,3.42,21,1
P008,HRTF_A,25,0.225,5.18,3.53,21,1
P008,HRTF_A,25,0.241,5.16,3.58,21,1
P008,HRTF_A,25,0.255,5.12,3.52,21,1
P008,HRTF_A,25,0.269,5.07,3.43,21,1
P008,HRTF_A,25,0.283,5.03,3.38,21,1
P008,HRTF_A,25,0.297,4.97,3.39,21,1
P008,HRTF_A,25,0.311,4.81,3.32,21,1
P008,HRTF_A,25,0.325,4.52,3.57,21,1
P008,HRTF_A,25,0.339,4.18,3.59,21,1
P008,HRTF_A,25,0.353,3.95,3.77,21,1
P008,HRTF_A,25,0.367,3.78,3.88,21,1
P008,HRTF_A,25,0.383,3.58,4.05,21,1
P008,HRTF_A,25,0.397,3.42,4.09,21,1
P008,HRTF_A,25,0.411,3.24,4.27,21,1
P008,HRTF_A,25,0.426,3.1,4.36,21,1
P008,HRTF_A,25,0.44,2.94,4.4,21,1
P008,HRTF_A,25,0.454,2.85,4.42,21,1
P008,HRTF_A,25,0.468,2.81,4.48,21,1
P008,HRTF_A,25,0.482,2.82,4.51,21,1
P008,HRTF_A,25,0.496,2.85,4.57,21,1
P008,HRTF_A,25,0.511,2.89,4.57,21,1
P008,HRTF_A,25,0.526,2.93,4.54,21,1
P008,HRTF_A,25,0.54,3,4.53,21,1
P008,HRTF_A,25,0.553,3.09,4.48,21,1
P008,HRTF_A,25,0.567,3.21,4.41,21,1
P008,HRTF_A,25,0.581,3.36,4.27,21,1
P008,HRTF_A,25,0.596,3.5,4.09,21,1
P008,HRTF_A,25,0.609,3.66,3.92,21,1
P008,HRTF_A,25,0.624,3.83,3.72,21,1
P008,HRTF_A,25,0.638,4.01,3.42,21,1
P008,HRTF_A,25,0.653,4.17,3.01,21,1
P008,HRTF_A,25,0.668,4.35,2.56,21,1
P008,HRTF_A,25,0.681,4.59,2.1,21,1
P008,HRTF_A,25,0.695,4.89,1.51,21,1
P008,HRTF_A,25,0.709,5.17,1.02,21,1
P008,HRTF_A,25,0.723,5.45,0.44,21,1
P008,HRTF_A,25,0.737,5.72,-0.26,21,1
P008,HRTF_A,25,0.751,6.01,-1.04,21,1
P008,HRTF_A,25,0.765,6.23,-1.81,21,1
P008,HRTF_A,25,0.778,6.38,-2.51,21,1
P008,HRTF_A,25,0.797,6.62,-3.99,21,1
P008,HRTF_A,25,0.811,6.66,-4.72,21,1
P008,HRTF_A,25,0.824,6.64,-5.37,21,1
P008,HRTF_A,25,0.838,6.57,-5.9,21,1
P008,HRTF_A,25,0.852,6.48,-6.34,21,1
P008,HRTF_A,25,0.866,6.39,-6.64,21,1
P008,HRTF_A,25,0.88,6.26,-6.95,21,1
P008,HRTF_A,25,0.894,6.12,-7.31,21,1
P008,HRTF_A,25,0.908,5.9,-7.72,21,1
P008,HRTF_A,25,0.922,5.59,-8.18,21,1
P008,HRTF_A,25,0.938,5.3,-8.64,21,1
P008,HRTF_A,25,0.951,5.01,-9.05,21,1
P008,HRTF_A,25,0.965,4.69,-9.34,21,1
P008,HRTF_A,25,0.979,4.39,-9.66,21,1
P008,HRTF_A,25,0.993,4.08,-10.01,21,1
P008,HRTF_A,25,1.007,3.74,-10.32,21,1
P008,HRTF_A,25,1.021,3.35,-10.72,21,1
P008,HRTF_A,25,1.035,2.96,-11.04,21,1
P008,HRTF_A,25,1.049,2.5,-11.36,21,1
P008,HRTF_A,25,1.062,1.98,-11.64,21,1
P008,HRTF_A,25,1.078,1.39,-11.86,21,1
P008,HRTF_A,25,1.091,0.72,-12.1,21,1
P008,HRTF_A,25,1.105,-0.06,-12.3,21,1
P008,HRTF_A,25,1.119,-0.98,-12.62,21,1
P008,HRTF_A,25,1.133,-1.87,-12.79,21,1
P008,HRTF_A,25,1.147,-2.85,-12.96,21,1
P008,HRTF_A,25,1.161,-3.89,-13.13,21,1
P008,HRTF_A,25,1.175,-4.98,-13.28,21,1
P008,HRTF_A,25,1.189,-6.12,-13.42,21,1
P008,HRTF_A,25,1.204,-7.27,-13.51,21,1
P008,HRTF_A,25,1.218,-8.48,-13.61,21,1
P008,HRTF_A,25,1.232,-9.71,-13.67,21,1
P008,HRTF_A,25,1.246,-10.96,-13.69,21,1
P008,HRTF_A,25,1.259,-12.22,-13.71,21,1
P008,HRTF_A,25,1.273,-13.47,-13.74,21,1
P008,HRTF_A,25,1.287,-14.67,-13.76,21,1
P008,HRTF_A,25,1.301,-15.85,-13.78,21,1
P008,HRTF_A,25,1.315,-16.98,-13.72,21,1
P008,HRTF_A,25,1.329,-18.07,-13.63,21,1
P008,HRTF_A,25,1.344,-19.14,-13.47,21,1
P008,HRTF_A,25,1.358,-20.2,-13.35,21,1
P008,HRTF_A,25,1.372,-21.23,-13.23,21,1
P008,HRTF_A,25,1.386,-22.24,-13.13,21,1
P008,HRTF_A,25,1.4,-23.21,-13.02,21,1
P008,HRTF_A,25,1.414,-24.12,-12.86,21,1
P008,HRTF_A,25,1.427,-24.99,-12.65,21,1
P008,HRTF_A,25,1.442,-25.77,-12.37,21,1
P008,HRTF_A,25,1.455,-26.48,-12.01,21,1
P008,HRTF_A,25,1.471,-27.1,-11.56,21,1
P008,HRTF_A,25,1.485,-27.65,-11.02,21,1
P008,HRTF_A,25,1.5,-28.08,-10.38,21,1
P008,HRTF_A,25,1.514,-28.42,-9.62,21,1
P008,HRTF_A,25,1.527,-28.66,-8.72,21,1
P008,HRTF_A,25,1.541,-28.8,-7.69,21,1
P008,HRTF_A,25,1.555,-28.85,-6.57,21,1
P008,HRTF_A,25,1.569,-28.78,-5.32,21,1
P008,HRTF_A,25,1.584,-28.65,-3.93,21,1
P008,HRTF_A,25,1.598,-28.48,-2.43,21,1
P008,HRTF_A,25,1.613,-28.31,-0.83,21,1
P008,HRTF_A,25,1.627,-28.16,0.73,21,1
P008,HRTF_A,25,1.642,-28.05,2.22,21,1
P008,HRTF_A,25,1.656,-27.99,3.58,21,1
P008,HRTF_A,25,1.67,-27.96,4.84,21,1
P008,HRTF_A,25,1.684,-27.97,7.28,21,1
P008,HRTF_A,25,1.698,-28.05,8.37,21,1
P008,HRTF_A,25,1.712,-28.25,9.28,21,1
P008,HRTF_A,25,1.727,-28.54,10.04,21,1
P008,HRTF_A,25,1.742,-28.89,10.71,21,1
P008,HRTF_A,25,1.756,-29.26,11.32,21,1
P008,HRTF_A,25,1.769,-29.63,12.01,21,1
P008,HRTF_A,25,1.783,-29.97,12.7,21,1
P008,HRTF_A,25,1.797,-30.23,13.38,21,1
P008,HRTF_A,25,1.811,-30.44,14.02,21,1
P008,HRTF_A,25,1.825,-30.64,14.59,21,1
P008,HRTF_A,25,1.84,-30.89,15.01,21,1
P008,HRTF_A,25,1.854,-31.15,15.48,21,1
P008,HRTF_A,25,1.868,-31.42,15.92,21,1
P008,HRTF_A,25,1.883,-31.81,16.28,21,1
P008,HRTF_A,25,1.898,-32.33,16.59,21,1
P008,HRTF_A,25,1.912,-32.92,16.79,21,1
P008,HRTF_A,25,1.925,-33.55,16.95,21,1
P008,HRTF_A,25,1.939,-34.26,17.12,21,1
P008,HRTF_A,25,1.953,-35.05,17.27,21,1
P008,HRTF_A,25,1.967,-35.93,17.39,21,1
P008,HRTF_A,25,1.981,-36.95,17.49,21,1
P008,HRTF_A,25,1.995,-38.02,17.54,21,1
P008,HRTF_A,25,2.009,-39.18,17.52,21,1
P008,HRTF_A,25,2.024,-40.35,17.41,21,1
P008,HRTF_A,25,2.038,-41.57,17.24,21,1
P008,HRTF_A,25,2.052,-42.81,17.04,21,1
P008,HRTF_A,25,2.066,-44.14,16.77,21,1
P008,HRTF_A,25,2.08,-45.51,16.5,21,1
P008,HRTF_A,25,2.094,-46.89,16.21,21,1
P008,HRTF_A,25,2.108,-48.27,15.87,21,1
P008,HRTF_A,25,2.122,-49.65,15.44,21,1
P008,HRTF_A,25,2.136,-51.03,14.92,21,1
P008,HRTF_A,25,2.152,-52.44,14.3,21,1
P008,HRTF_A,25,2.166,-53.84,13.61,21,1
P008,HRTF_A,25,2.18,-55.27,12.87,21,1
P008,HRTF_A,25,2.194,-56.63,12.07,21,1
P008,HRTF_A,25,2.208,-57.98,11.23,21,1
P008,HRTF_A,25,2.223,-59.27,10.38,21,1
P008,HRTF_A,25,2.237,-60.55,9.53,21,1
P008,HRTF_A,25,2.251,-61.77,8.77,21,1
P008,HRTF_A,25,2.264,-62.95,8.08,21,1
P008,HRTF_A,25,2.279,-64.06,7.42,21,1
P008,HRTF_A,25,2.294,-65.08,6.81,21,1
P008,HRTF_A,25,2.308,-66.03,6.23,21,1
P008,HRTF_A,25,2.322,-66.94,5.63,21,1
P008,HRTF_A,25,2.337,-67.83,5.05,21,1
P008,HRTF_A,25,2.35,-68.76,4.47,21,1
P008,HRTF_A,25,2.364,-69.67,3.98,21,1
P008,HRTF_A,25,2.378,-70.59,3.5,21,1
P008,HRTF_A,25,2.392,-71.52,2.99,21,1
P008,HRTF_A,25,2.405,-72.45,2.51,21,1
P008,HRTF_A,25,2.421,-74.32,1.53,21,1
P008,HRTF_A,25,2.435,-75.23,1.12,21,1
P008,HRTF_A,25,2.449,-76.1,0.7,21,1
P008,HRTF_A,25,2.462,-76.94,0.28,21,1
P008,HRTF_A,25,2.476,-77.77,-0.17,21,1
P008,HRTF_A,25,2.49,-78.66,-0.71,21,1
P008,HRTF_A,25,2.504,-79.57,-1.22,21,1
P008,HRTF_A,25,2.518,-80.47,-1.73,21,1
P008,HRTF_A,25,2.531,-81.35,-2.19,21,1
P008,HRTF_A,25,2.545,-82.23,-2.66,21,1
P008,HRTF_A,25,2.56,-83.12,-3.14,21,1
P008,HRTF_A,25,2.574,-84.03,-3.62,21,1
P008,HRTF_A,25,2.588,-84.95,-4.08,21,1
P008,HRTF_A,25,2.602,-85.9,-4.49,21,1
P008,HRTF_A,25,2.616,-86.88,-4.85,21,1
P008,HRTF_A,25,2.629,-87.83,-5.13,21,1
P008,HRTF_A,25,2.644,-88.78,-5.4,21,1
P008,HRTF_A,25,2.657,-89.72,-5.7,21,1
P008,HRTF_A,25,2.671,-90.7,-5.95,21,1
P008,HRTF_A,25,2.685,-91.66,-6.24,21,1
P008,HRTF_A,25,2.7,-92.6,-6.47,21,1
P008,HRTF_A,25,2.714,-93.55,-6.7,21,1
P008,HRTF_A,25,2.728,-94.49,-6.98,21,1
P008,HRTF_A,25,2.741,-95.49,-7.28,21,1
P008,HRTF_A,25,2.755,-96.56,-7.59,21,1
P008,HRTF_A,25,2.769,-97.69,-7.89,21,1
P008,HRTF_A,25,2.783,-98.87,-8.18,21,1
P008,HRTF_A,25,2.797,-100.11,-8.49,21,1
P008,HRTF_A,25,2.81,-101.44,-8.76,21,1
P008,HRTF_A,25,2.826,-102.83,-9.03,21,1
P008,HRTF_A,25,2.84,-104.27,-9.19,21,1
P008,HRTF_A,25,2.853,-105.76,-9.28,21,1
P008,HRTF_A,25,2.867,-107.3,-9.31,21,1
P008,HRTF_A,25,2.881,-108.87,-9.31,21,1
P008,HRTF_A,25,2.895,-110.41,-9.22,21,1
P008,HRTF_A,25,2.908,-111.93,-9.06,21,1
P008,HRTF_A,25,2.922,-113.44,-8.75,21,1
P008,HRTF_A,25,2.936,-114.89,-8.31,21,1
P008,HRTF_A,25,2.95,-116.23,-7.68,21,1
P008,HRTF_A,25,2.968,-117.38,-6.94,21,1
P008,HRTF_A,25,2.982,-118.45,-6.31,21,1
P008,HRTF_A,25,2.996,-119.46,-5.7,21,1
P008,HRTF_A,25,3.01,-120.41,-5.16,21,1
P008,HRTF_A,25,3.024,-121.31,-4.66,21,1
P008,HRTF_A,25,3.038,-122.17,-4.14,21,1
P008,HRTF_A,25,3.052,-122.97,-3.67,21,1
P008,HRTF_A,25,3.066,-123.68,-3.23,21,1
P008,HRTF_A,25,3.079,-124.38,-2.89,21,1
P008,HRTF_A,25,3.094,-125.06,-2.65,21,1
P008,HRTF_A,25,3.108,-125.77,-2.49,21,1
P008,HRTF_A,25,3.122,-126.46,-2.36,21,1
P008,HRTF_A,25,3.136,-127.13,-2.21,21,1
P008,HRTF_A,25,3.149,-127.78,-2.07,21,1
P008,HRTF_A,25,3.164,-128.38,-1.97,21,1
P008,HRTF_A,25,3.178,-128.95,-1.91,21,1
P008,HRTF_A,25,3.192,-129.52,-1.87,21,1
P008,HRTF_A,25,3.205,-130.04,-1.81,21,1
P008,HRTF_A,25,3.219,-130.55,-1.81,21,1
P008,HRTF_A,25,3.235,-131.03,-1.79,21,1
P008,HRTF_A,25,3.249,-131.44,-1.81,21,1
P008,HRTF_A,25,3.263,-131.8,-1.8,21,1
P008,HRTF_A,25,3.277,-132.08,-1.81,21,1
P008,HRTF_A,25,3.291,-132.28,-1.82,21,1
P008,HRTF_A,25,3.305,-132.41,-1.82,21,1
P008,HRTF_A,25,3.319,-132.5,-1.83,21,1
P008,HRTF_A,25,3.333,-132.54,-1.82,21,1
P008,HRTF_A,25,3.348,-132.52,-1.79,21,1
P008,HRTF_A,25,3.361,-132.45,-1.75,21,1
P008,HRTF_A,25,3.376,-132.33,-1.74,21,1
P008,HRTF_A,25,3.39,-132.16,-1.76,21,1
P008,HRTF_A,25,3.404,-131.95,-1.8,21,1
P008,HRTF_A,25,3.418,-131.72,-1.87,21,1
P008,HRTF_A,25,3.432,-131.48,-1.96,21,1
P008,HRTF_A,25,3.445,-131.21,-2.05,21,1
P008,HRTF_A,25,3.459,-130.96,-2.17,21,1
P008,HRTF_A,25,3.472,-130.69,-2.32,21,1
P008,HRTF_A,25,3.486,-130.42,-2.47,21,1
P008,HRTF_A,25,3.505,-130.14,-2.59,21,1
P008,HRTF_A,26,0.018,2.66,-4.4,15,1
P008,HRTF_A,26,0.033,2.73,-4.09,15,1
P008,HRTF_A,26,0.048,2.8,-3.83,15,1
P008,HRTF_A,26,0.062,2.88,-3.58,15,1
P008,HRTF_A,26,0.076,2.97,-3.34,15,1
P008,HRTF_A,26,0.091,3.04,-3.09,15,1
P008,HRTF_A,26,0.105,3.07,-2.82,15,1
P008,HRTF_A,26,0.119,3.08,-2.56,15,1
P008,HRTF_A,26,0.134,3.06,-2.4,15,1
P008,HRTF_A,26,0.148,3.03,-2.34,15,1
P008,HRTF_A,26,0.165,2.97,-2.38,15,1
P008,HRTF_A,26,0.179,2.9,-2.45,15,1
P008,HRTF_A,26,0.194,2.81,-2.57,15,1
P008,HRTF_A,26,0.208,2.69,-2.71,15,1
P008,HRTF_A,26,0.222,2.56,-2.86,15,1
P008,HRTF_A,26,0.237,2.38,-2.99,15,1
P008,HRTF_A,26,0.251,2.18,-3.13,15,1
P008,HRTF_A,26,0.265,1.94,-3.27,15,1
P008,HRTF_A,26,0.279,1.66,-3.42,15,1
P008,HRTF_A,26,0.295,1.04,-3.71,15,1
P008,HRTF_A,26,0.309,0.64,-3.84,15,1
P008,HRTF_A,26,0.324,0.18,-3.98,15,1
P008,HRTF_A,26,0.338,-0.41,-4.15,15,1
P008,HRTF_A,26,0.352,-1.11,-4.28,15,1
P008,HRTF_A,26,0.366,-1.9,-4.38,15,1
P008,HRTF_A,26,0.38,-2.81,-4.45,15,1
P008,HRTF_A,26,0.395,-3.83,-4.52,15,1
P008,HRTF_A,26,0.409,-4.93,-4.6,15,1
P008,HRTF_A,26,0.425,-6.19,-4.66,15,1
P008,HRTF_A,26,0.439,-7.5,-4.75,15,1
P008,HRTF_A,26,0.453,-8.89,-4.86,15,1
P008,HRTF_A,26,0.468,-10.32,-5,15,1
P008,HRTF_A,26,0.482,-11.81,-5.17,15,1
P008,HRTF_A,26,0.496,-13.3,-5.37,15,1
P008,HRTF_A,26,0.511,-14.85,-5.57,15,1
P008,HRTF_A,26,0.525,-16.41,-5.77,15,1
P008,HRTF_A,26,0.539,-18.01,-6,15,1
P008,HRTF_A,26,0.555,-19.63,-6.22,15,1
P008,HRTF_A,26,0.57,-21.26,-6.4,15,1
P008,HRTF_A,26,0.584,-22.87,-6.57,15,1
P008,HRTF_A,26,0.598,-24.49,-6.71,15,1
P008,HRTF_A,26,0.612,-26.11,-6.81,15,1
P008,HRTF_A,26,0.627,-27.7,-6.91,15,1
P008,HRTF_A,26,0.642,-30.86,-7.1,15,1
P008,HRTF_A,26,0.656,-32.43,-7.22,15,1
P008,HRTF_A,26,0.67,-34,-7.36,15,1
P008,HRTF_A,26,0.685,-35.61,-7.5,15,1
P008,HRTF_A,26,0.7,-37.2,-7.64,15,1
P008,HRTF_A,26,0.715,-38.79,-7.78,15,1
P008,HRTF_A,26,0.73,-40.38,-7.93,15,1
P008,HRTF_A,26,0.744,-42.04,-8.13,15,1
P008,HRTF_A,26,0.758,-43.69,-8.33,15,1
P008,HRTF_A,26,0.772,-45.42,-8.55,15,1
P008,HRTF_A,26,0.787,-47.2,-8.72,15,1
P008,HRTF_A,26,0.801,-48.99,-8.86,15,1
P008,HRTF_A,26,0.815,-50.81,-9.01,15,1
P008,HRTF_A,26,0.832,-52.67,-9.11,15,1
P008,HRTF_A,26,0.846,-54.59,-9.18,15,1
P008,HRTF_A,26,0.861,-56.54,-9.24,15,1
P008,HRTF_A,26,0.875,-58.51,-9.3,15,1
P008,HRTF_A,26,0.889,-60.46,-9.34,15,1
P008,HRTF_A,26,0.904,-62.44,-9.35,15,1
P008,HRTF_A,26,0.917,-64.42,-9.34,15,1
P008,HRTF_A,26,0.931,-66.42,-9.31,15,1
P008,HRTF_A,26,0.945,-68.45,-9.27,15,1
P008,HRTF_A,26,0.96,-70.48,-9.25,15,1
P008,HRTF_A,26,0.975,-74.54,-9.15,15,1
P008,HRTF_A,26,0.989,-76.56,-9.05,15,1
P008,HRTF_A,26,1.004,-78.5,-8.94,15,1
P008,HRTF_A,26,1.017,-80.37,-8.81,15,1
P008,HRTF_A,26,1.032,-82.22,-8.66,15,1
P008,HRTF_A,26,1.046,-84.01,-8.51,15,1
P008,HRTF_A,26,1.061,-85.76,-8.33,15,1
P008,HRTF_A,26,1.075,-87.45,-8.13,15,1
P008,HRTF_A,26,1.091,-89.04,-7.99,15,1
P008,HRTF_A,26,1.105,-90.59,-7.93,15,1
P008,HRTF_A,26,1.119,-92.03,-7.9,15,1
P008,HRTF_A,26,1.133,-93.34,-7.89,15,1
P008,HRTF_A,26,1.148,-94.52,-7.86,15,1
P008,HRTF_A,26,1.162,-95.63,-7.81,15,1
P008,HRTF_A,26,1.176,-96.62,-7.72,15,1
P008,HRTF_A,26,1.19,-97.55,-7.56,15,1
P008,HRTF_A,26,1.204,-98.34,-7.31,15,1
P008,HRTF_A,26,1.218,-99.03,-7,15,1
P008,HRTF_A,26,1.234,-99.57,-6.63,15,1
P008,HRTF_A,26,1.249,-100,-6.25,15,1
P008,HRTF_A,26,1.263,-100.25,-5.87,15,1
P008,HRTF_A,26,1.277,-100.32,-5.48,15,1
P008,HRTF_A,26,1.291,-100.19,-5.1,15,1
P008,HRTF_A,26,1.305,-99.84,-4.73,15,1
P008,HRTF_A,26,1.319,-99.24,-4.4,15,1
P008,HRTF_A,26,1.334,-98.38,-4.06,15,1
P008,HRTF_A,26,1.348,-97.25,-3.69,15,1
P008,HRTF_A,26,1.364,-94.58,-2.93,15,1
P008,HRTF_A,26,1.378,-92.61,-2.58,15,1
P008,HRTF_A,26,1.392,-90.47,-2.23,15,1
P008,HRTF_A,26,1.406,-88.08,-1.89,15,1
P008,HRTF_A,26,1.421,-85.48,-1.51,15,1
P008,HRTF_A,26,1.435,-82.78,-1.17,15,1
P008,HRTF_A,26,1.449,-79.92,-0.86,15,1
P008,HRTF_A,26,1.463,-76.87,-0.57,15,1
P008,HRTF_A,26,1.477,-73.7,-0.31,15,1
P008,HRTF_A,26,1.496,-70.33,-0.14,15,1
P008,HRTF_A,26,1.511,-66.86,0.02,15,1
P008,HRTF_A,26,1.526,-63.33,0.15,15,1
P008,HRTF_A,26,1.541,-59.74,0.22,15,1
P008,HRTF_A,26,1.555,-56.21,0.17,15,1
P008,HRTF_A,26,1.57,-52.73,0.03,15,1
P008,HRTF_A,26,1.584,-49.26,-0.11,15,1
P008,HRTF_A,26,1.598,-45.69,-0.23,15,1
P008,HRTF_A,26,1.612,-42.07,-0.3,15,1
P008,HRTF_A,26,1.626,-38.38,-0.31,15,1
P008,HRTF_A,26,1.642,-30.85,-0.17,15,1
P008,HRTF_A,26,1.656,-27.01,0.01,15,1
P008,HRTF_A,26,1.671,-23.15,0.33,15,1
P008,HRTF_A,26,1.686,-19.33,0.64,15,1
P008,HRTF_A,26,1.7,-15.59,0.93,15,1
P008,HRTF_A,26,1.714,-11.85,1.19,15,1
P008,HRTF_A,26,1.729,-8.14,1.45,15,1
P008,HRTF_A,26,1.743,-4.41,1.78,15,1
P008,HRTF_A,26,1.757,-0.77,2.11,15,1
P008,HRTF_A,26,1.773,2.76,2.45,15,1
P008,HRTF_A,26,1.788,6.17,2.77,15,1
P008,HRTF_A,26,1.802,9.51,3.06,15,1
P008,HRTF_A,26,1.817,12.77,3.3,15,1
P008,HRTF_A,26,1.831,15.86,3.54,15,1
P008,HRTF_A,26,1.846,18.77,3.74,15,1
P008,HRTF_A,26,1.86,21.5,3.9,15,1
P008,HRTF_A,26,1.875,24.19,4.02,15,1
P008,HRTF_A,26,1.889,26.79,4.1,15,1
P008,HRTF_A,26,1.905,31.85,4.23,15,1
P008,HRTF_A,26,1.919,34.2,4.26,15,1
P008,HRTF_A,26,1.934,36.52,4.33,15,1
P008,HRTF_A,26,1.948,38.85,4.38,15,1
P008,HRTF_A,26,1.962,41.14,4.51,15,1
P008,HRTF_A,26,1.977,43.37,4.67,15,1
P008,HRTF_A,26,1.991,45.54,4.89,15,1
P008,HRTF_A,26,2.006,47.66,5.17,15,1
P008,HRTF_A,26,2.02,49.77,5.55,15,1
P008,HRTF_A,26,2.036,51.86,5.93,15,1
P008,HRTF_A,26,2.05,53.9,6.38,15,1
P008,HRTF_A,26,2.064,55.91,6.84,15,1
P008,HRTF_A,26,2.078,57.84,7.3,15,1
P008,HRTF_A,26,2.093,59.75,7.78,15,1
P008,HRTF_A,26,2.107,61.62,8.25,15,1
P008,HRTF_A,26,2.121,63.42,8.74,15,1
P008,HRTF_A,26,2.136,65.2,9.24,15,1
P008,HRTF_A,26,2.15,66.9,9.71,15,1
P008,HRTF_A,26,2.165,68.59,10.16,15,1
P008,HRTF_A,26,2.18,70.19,10.55,15,1
P008,HRTF_A,26,2.195,71.73,10.92,15,1
P008,HRTF_A,26,2.209,73.19,11.23,15,1
P008,HRTF_A,26,2.224,74.57,11.51,15,1
P008,HRTF_A,26,2.238,75.89,11.74,15,1
P008,HRTF_A,26,2.253,78.42,12.17,15,1
P008,HRTF_A,26,2.267,79.55,12.25,15,1
P008,HRTF_A,26,2.281,80.65,12.22,15,1
P008,HRTF_A,26,2.295,81.74,12.09,15,1
P008,HRTF_A,26,2.311,82.79,11.91,15,1
P008,HRTF_A,26,2.325,83.78,11.7,15,1
P008,HRTF_A,26,2.339,84.73,11.43,15,1
P008,HRTF_A,26,2.354,85.64,11.04,15,1
P008,HRTF_A,26,2.368,86.54,10.57,15,1
P008,HRTF_A,26,2.382,87.4,10.1,15,1
P008,HRTF_A,26,2.396,88.23,9.55,15,1
P008,HRTF_A,26,2.411,89.02,8.94,15,1
P008,HRTF_A,26,2.426,89.78,8.2,15,1
P008,HRTF_A,26,2.442,90.51,7.52,15,1
P008,HRTF_A,26,2.456,91.18,6.87,15,1
P008,HRTF_A,26,2.471,91.86,6.2,15,1
P008,HRTF_A,26,2.485,92.5,5.48,15,1
P008,HRTF_A,26,2.499,93.12,4.73,15,1
P008,HRTF_A,26,2.513,93.68,3.89,15,1
P008,HRTF_A,26,2.527,94.21,2.93,15,1
P008,HRTF_A,26,2.541,94.67,1.9,15,1
P008,HRTF_A,26,2.555,95.08,0.85,15,1
P008,HRTF_A,26,2.57,95.48,-0.12,15,1
P008,HRTF_A,26,2.584,95.87,-1.02,15,1
P008,HRTF_A,26,2.598,96.29,-1.85,15,1
P008,HRTF_A,26,2.612,96.68,-2.67,15,1
P008,HRTF_A,26,2.627,97.09,-3.45,15,1
P008,HRTF_A,26,2.641,97.51,-4.22,15,1
P008,HRTF_A,26,2.655,97.88,-4.93,15,1
P008,HRTF_A,26,2.669,98.31,-5.68,15,1
P008,HRTF_A,26,2.683,98.95,-7.29,15,1
P008,HRTF_A,26,2.697,99.16,-7.91,15,1
P008,HRTF_A,26,2.712,99.37,-8.65,15,1
P008,HRTF_A,26,2.726,99.55,-9.4,15,1
P008,HRTF_A,26,2.741,99.72,-10.24,15,1
P008,HRTF_A,26,2.754,99.89,-11.1,15,1
P008,HRTF_A,26,2.768,100.03,-11.95,15,1
P008,HRTF_A,26,2.783,100.2,-12.8,15,1
P008,HRTF_A,26,2.797,100.38,-13.67,15,1
P008,HRTF_A,26,2.811,100.57,-14.52,15,1
P008,HRTF_A,26,2.825,100.76,-15.32,15,1
P008,HRTF_A,26,2.84,100.93,-16.12,15,1
P008,HRTF_A,26,2.855,101.16,-16.9,15,1
P008,HRTF_A,26,2.869,101.39,-17.64,15,1
P008,HRTF_A,26,2.883,101.69,-18.36,15,1
P008,HRTF_A,26,2.897,102.05,-19.02,15,1
P008,HRTF_A,26,2.911,102.44,-19.63,15,1
P008,HRTF_A,26,2.925,102.84,-20.2,15,1
P008,HRTF_A,26,2.94,103.28,-20.7,15,1
P008,HRTF_A,26,2.954,103.77,-21.08,15,1
P008,HRTF_A,26,2.97,104.27,-21.38,15,1
P008,HRTF_A,26,2.984,104.79,-21.6,15,1
P008,HRTF_A,26,2.998,105.33,-21.83,15,1
P008,HRTF_A,26,3.013,105.87,-22.08,15,1
P008,HRTF_A,26,3.027,106.42,-22.38,15,1
P008,HRTF_A,26,3.041,106.99,-22.7,15,1
P008,HRTF_A,26,3.055,107.57,-23.13,15,1
P008,HRTF_A,26,3.069,108.16,-23.71,15,1
P008,HRTF_A,26,3.083,108.67,-24.37,15,1
P008,HRTF_A,26,3.098,109.41,-25.17,15,1
P008,HRTF_A,26,3.113,110.05,-25.95,15,1
P008,HRTF_A,26,3.127,110.69,-26.72,15,1
P008,HRTF_A,26,3.141,111.32,-27.43,15,1
P008,HRTF_A,26,3.155,111.92,-28.09,15,1
P008,HRTF_A,26,3.169,113.1,-29.34,15,1
P008,HRTF_A,26,3.183,113.58,-29.91,15,1
P008,HRTF_A,26,3.197,113.99,-30.43,15,1
P008,HRTF_A,26,3.211,114.34,-30.87,15,1
P008,HRTF_A,26,3.225,114.6,-31.25,15,1
P008,HRTF_A,26,3.24,114.79,-31.56,15,1
P008,HRTF_A,26,3.255,114.86,-31.88,15,1
P008,HRTF_A,26,3.27,115.04,-32.24,15,1
P008,HRTF_A,26,3.284,115.14,-32.61,15,1
P008,HRTF_A,26,3.298,115.23,-32.91,15,1
P008,HRTF_A,26,3.313,115.3,-33.23,15,1
P008,HRTF_A,26,3.327,115.34,-33.56,15,1
P008,HRTF_A,26,3.341,115.39,-33.94,15,1
P008,HRTF_A,26,3.355,115.47,-34.35,15,1
P008,HRTF_A,26,3.371,115.59,-34.73,15,1
P008,HRTF_A,26,3.385,115.71,-35.06,15,1
P008,HRTF_A,26,3.398,115.79,-35.34,15,1
P008,HRTF_A,26,3.413,115.84,-35.61,15,1
P008,HRTF_A,26,3.428,115.91,-35.85,15,1
P008,HRTF_A,26,3.442,115.96,-36.07,15,1
P008,HRTF_A,26,3.456,115.99,-36.24,15,1
P008,HRTF_A,26,3.47,115.99,-36.39,15,1
P008,HRTF_A,26,3.484,115.98,-36.53,15,1
P008,HRTF_A,26,3.499,115.95,-36.67,15,1
P008,HRTF_A,26,3.513,115.91,-36.79,15,1
P008,HRTF_A,26,3.527,115.86,-36.89,15,1
P008,HRTF_A,26,3.541,115.79,-36.97,15,1
P008,HRTF_A,26,3.555,115.7,-37.07,15,1
P008,HRTF_A,26,3.569,115.57,-37.16,15,1
P008,HRTF_A,26,3.583,115.45,-37.24,15,1
P008,HRTF_A,26,3.597,115.33,-37.3,15,1
P008,HRTF_A,26,3.611,115.2,-37.35,15,1
P008,HRTF_A,26,3.627,115.05,-37.41,15,1
P008,HRTF_A,27,0.017,0.59,1.24,22,1
P008,HRTF_A,27,0.033,0.32,1.29,22,1
P008,HRTF_A,27,0.047,0.08,1.32,22,1
P008,HRTF_A,27,0.062,-0.13,1.36,22,1
P008,HRTF_A,27,0.077,-0.32,1.4,22,1
P008,HRTF_A,27,0.092,-0.49,1.44,22,1
P008,HRTF_A,27,0.108,-0.66,1.49,22,1
P008,HRTF_A,27,0.123,-0.81,1.54,22,1
P008,HRTF_A,27,0.138,-1.11,1.65,22,1
P008,HRTF_A,27,0.153,-1.27,1.68,22,1
P008,HRTF_A,27,0.169,-1.42,1.72,22,1
P008,HRTF_A,27,0.184,-1.61,1.73,22,1
P008,HRTF_A,27,0.198,-1.81,1.78,22,1
P008,HRTF_A,27,0.214,-2,1.81,22,1
P008,HRTF_A,27,0.228,-2.2,1.86,22,1
P008,HRTF_A,27,0.245,-2.4,1.89,22,1
P008,HRTF_A,27,0.259,-2.61,1.95,22,1
P008,HRTF_A,27,0.274,-2.82,2.01,22,1
P008,HRTF_A,27,0.289,-3.02,2.07,22,1
P008,HRTF_A,27,0.304,-3.43,2.25,22,1
P008,HRTF_A,27,0.319,-3.62,2.39,22,1
P008,HRTF_A,27,0.333,-3.81,2.57,22,1
P008,HRTF_A,27,0.348,-3.96,2.77,22,1
P008,HRTF_A,27,0.362,-4.11,3,22,1
P008,HRTF_A,27,0.379,-4.27,3.29,22,1
P008,HRTF_A,27,0.394,-4.5,3.56,22,1
P008,HRTF_A,27,0.409,-4.84,3.83,22,1
P008,HRTF_A,27,0.423,-5.24,4.09,22,1
P008,HRTF_A,27,0.438,-5.73,4.38,22,1
P008,HRTF_A,27,0.453,-6.33,4.71,22,1
P008,HRTF_A,27,0.468,-7.06,5.11,22,1
P008,HRTF_A,27,0.482,-8,5.62,22,1
P008,HRTF_A,27,0.497,-9.03,6.13,22,1
P008,HRTF_A,27,0.513,-11.26,7.21,22,1
P008,HRTF_A,27,0.528,-12.67,7.81,22,1
P008,HRTF_A,27,0.543,-14.13,8.36,22,1
P008,HRTF_A,27,0.557,-15.66,8.89,22,1
P008,HRTF_A,27,0.572,-17.3,9.37,22,1
P008,HRTF_A,27,0.587,-18.96,9.75,22,1
P008,HRTF_A,27,0.602,-20.65,10.17,22,1
P008,HRTF_A,27,0.617,-22.35,10.56,22,1
P008,HRTF_A,27,0.631,-24.06,10.91,22,1
P008,HRTF_A,27,0.648,-25.71,11.25,22,1
P008,HRTF_A,27,0.662,-27.31,11.56,22,1
P008,HRTF_A,27,0.677,-28.84,11.86,22,1
P008,HRTF_A,27,0.692,-30.36,12.14,22,1
P008,HRTF_A,27,0.707,-31.88,12.37,22,1
P008,HRTF_A,27,0.722,-34.89,12.7,22,1
P008,HRTF_A,27,0.736,-36.36,12.77,22,1
P008,HRTF_A,27,0.75,-37.83,12.83,22,1
P008,HRTF_A,27,0.765,-39.29,12.86,22,1
P008,HRTF_A,27,0.781,-40.75,12.84,22,1
P008,HRTF_A,27,0.796,-42.18,12.79,22,1
P008,HRTF_A,27,0.811,-43.59,12.67,22,1
P008,HRTF_A,27,0.826,-45.03,12.47,22,1
P008,HRTF_A,27,0.841,-46.47,12.2,22,1
P008,HRTF_A,27,0.855,-47.82,11.89,22,1
P008,HRTF_A,27,0.87,-49.08,11.49,22,1
P008,HRTF_A,27,0.885,-50.26,11.08,22,1
P008,HRTF_A,27,0.9,-51.39,10.67,22,1
P008,HRTF_A,27,0.916,-53.62,9.78,22,1
P008,HRTF_A,27,0.931,-54.62,9.33,22,1
P008,HRTF_A,27,0.945,-55.49,8.93,22,1
P008,HRTF_A,27,0.96,-56.23,8.58,22,1
P008,HRTF_A,27,0.974,-56.83,8.27,22,1
P008,HRTF_A,27,0.989,-57.24,8.04,22,1
P008,HRTF_A,27,1.003,-57.45,7.87,22,1
P008,HRTF_A,27,1.018,-57.35,7.73,22,1
P008,HRTF_A,27,1.033,-56.92,7.56,22,1
P008,HRTF_A,27,1.05,-56.23,7.37,22,1
P008,HRTF_A,27,1.064,-55.28,7.28,22,1
P008,HRTF_A,27,1.079,-54.11,7.15,22,1
P008,HRTF_A,27,1.093,-52.7,6.99,22,1
P008,HRTF_A,27,1.108,-51.05,6.78,22,1
P008,HRTF_A,27,1.123,-49.16,6.54,22,1
P008,HRTF_A,27,1.137,-47.08,6.28,22,1
P008,HRTF_A,27,1.152,-44.83,5.99,22,1
P008,HRTF_A,27,1.168,-40.14,5.34,22,1
P008,HRTF_A,27,1.183,-37.66,5.02,22,1
P008,HRTF_A,27,1.198,-34.89,4.7,22,1
P008,HRTF_A,27,1.213,-32.17,4.31,22,1
P008,HRTF_A,27,1.228,-29.43,4.01,22,1
P008,HRTF_A,27,1.242,-26.79,3.72,22,1
P008,HRTF_A,27,1.257,-24.18,3.46,22,1
P008,HRTF_A,27,1.272,-21.66,3.18,22,1
P008,HRTF_A,27,1.288,-19.28,2.99,22,1
P008,HRTF_A,27,1.304,-16.97,2.83,22,1
P008,HRTF_A,27,1.318,-12.49,2.49,22,1
P008,HRTF_A,27,1.333,-10.45,2.32,22,1
P008,HRTF_A,27,1.347,-8.48,2.17,22,1
P008,HRTF_A,27,1.362,-6.52,2,22,1
P008,HRTF_A,27,1.376,-4.59,1.81,22,1
P008,HRTF_A,27,1.392,-2.76,1.7,22,1
P008,HRTF_A,27,1.407,-0.96,1.51,22,1
P008,HRTF_A,27,1.422,0.82,1.3,22,1
P008,HRTF_A,27,1.438,2.61,1.01,22,1
P008,HRTF_A,27,1.453,4.32,0.8,22,1
P008,HRTF_A,27,1.469,6,0.58,22,1
P008,HRTF_A,27,1.483,7.65,0.42,22,1
P008,HRTF_A,27,1.498,9.3,0.22,22,1
P008,HRTF_A,27,1.513,12.6,-0.27,22,1
P008,HRTF_A,27,1.528,14.19,-0.64,22,1
P008,HRTF_A,27,1.543,15.69,-0.94,22,1
P008,HRTF_A,27,1.557,17.13,-1.22,22,1
P008,HRTF_A,27,1.574,18.57,-1.49,22,1
P008,HRTF_A,27,1.589,19.99,-1.77,22,1
P008,HRTF_A,27,1.603,21.31,-2.03,22,1
P008,HRTF_A,27,1.618,22.55,-2.32,22,1
P008,HRTF_A,27,1.633,23.66,-2.6,22,1
P008,HRTF_A,27,1.648,24.65,-2.85,22,1
P008,HRTF_A,27,1.663,25.47,-3.08,22,1
P008,HRTF_A,27,1.677,26.07,-3.24,22,1
P008,HRTF_A,27,1.691,26.42,-3.35,22,1
P008,HRTF_A,27,1.71,26.7,-3.53,22,1
P008,HRTF_A,27,1.725,26.35,-3.58,22,1
P008,HRTF_A,27,1.74,25.85,-3.64,22,1
P008,HRTF_A,27,1.755,25.19,-3.69,22,1
P008,HRTF_A,27,1.769,24.25,-3.72,22,1
P008,HRTF_A,27,1.784,23.1,-3.78,22,1
P008,HRTF_A,27,1.799,21.66,-3.89,22,1
P008,HRTF_A,27,1.813,20.02,-3.92,22,1
P008,HRTF_A,27,1.828,18.14,-4.04,22,1
P008,HRTF_A,27,1.844,16.07,-4.03,22,1
P008,HRTF_A,27,1.859,13.87,-4.03,22,1
P008,HRTF_A,27,1.874,11.57,-4.05,22,1
P008,HRTF_A,27,1.889,6.79,-4.18,22,1
P008,HRTF_A,27,1.903,4.19,-4.42,22,1
P008,HRTF_A,27,1.918,1.62,-4.82,22,1
P008,HRTF_A,27,1.933,-0.95,-5.3,22,1
P008,HRTF_A,27,1.947,-3.53,-5.75,22,1
P008,HRTF_A,27,1.962,-6.08,-6.16,22,1
P008,HRTF_A,27,1.978,-8.52,-6.52,22,1
P008,HRTF_A,27,1.993,-10.93,-6.89,22,1
P008,HRTF_A,27,2.008,-13.36,-7.26,22,1
P008,HRTF_A,27,2.022,-15.78,-7.66,22,1
P008,HRTF_A,27,2.037,-18.14,-8.03,22,1
P008,HRTF_A,27,2.052,-20.45,-8.38,22,1
P008,HRTF_A,27,2.066,-22.73,-8.71,22,1
P008,HRTF_A,27,2.081,-25.01,-9.05,22,1
P008,HRTF_A,27,2.095,-27.4,-9.36,22,1
P008,HRTF_A,27,2.111,-32.12,-9.95,22,1
P008,HRTF_A,27,2.126,-34.4,-10.16,22,1
P008,HRTF_A,27,2.141,-36.62,-10.29,22,1
P008,HRTF_A,27,2.156,-38.83,-10.39,22,1
P008,HRTF_A,27,2.171,-41.07,-10.42,22,1
P008,HRTF_A,27,2.185,-43.25,-10.41,22,1
P008,HRTF_A,27,2.201,-45.37,-10.29,22,1
P008,HRTF_A,27,2.215,-47.52,-10.16,22,1
P008,HRTF_A,27,2.23,-49.63,-10.06,22,1
P008,HRTF_A,27,2.246,-51.67,-10.01,22,1
P008,HRTF_A,27,2.261,-53.65,-9.96,22,1
P008,HRTF_A,27,2.275,-55.56,-9.88,22,1
P008,HRTF_A,27,2.29,-57.49,-9.8,22,1
P008,HRTF_A,27,2.305,-61.36,-9.75,22,1
P008,HRTF_A,27,2.32,-63.23,-9.81,22,1
P008,HRTF_A,27,2.333,-65.04,-9.91,22,1
P008,HRTF_A,27,2.348,-66.79,-9.95,22,1
P008,HRTF_A,27,2.363,-68.55,-10,22,1
P008,HRTF_A,27,2.378,-70.3,-10.02,22,1
P008,HRTF_A,27,2.393,-71.93,-9.99,22,1
P008,HRTF_A,27,2.408,-73.45,-9.96,22,1
P008,HRTF_A,27,2.422,-74.89,-10.03,22,1
P008,HRTF_A,27,2.436,-76.24,-10.23,22,1
P008,HRTF_A,27,2.451,-77.49,-10.52,22,1
P008,HRTF_A,27,2.466,-78.58,-10.85,22,1
P008,HRTF_A,27,2.481,-79.47,-11.14,22,1
P008,HRTF_A,27,2.495,-80.19,-11.34,22,1
P008,HRTF_A,27,2.511,-80.78,-11.36,22,1
P008,HRTF_A,27,2.526,-81.33,-11.21,22,1
P008,HRTF_A,27,2.541,-82.36,-10.65,22,1
P008,HRTF_A,27,2.555,-82.75,-10,22,1
P008,HRTF_A,27,2.569,-83.08,-9.15,22,1
P008,HRTF_A,27,2.584,-83.45,-8.17,22,1
P008,HRTF_A,27,2.599,-83.85,-7.03,22,1
P008,HRTF_A,27,2.613,-84.3,-5.82,22,1
P008,HRTF_A,27,2.628,-84.84,-4.51,22,1
P008,HRTF_A,27,2.644,-85.48,-3.18,22,1
P008,HRTF_A,27,2.658,-86.24,-1.85,22,1
P008,HRTF_A,27,2.672,-87.06,-0.54,22,1
P008,HRTF_A,27,2.686,-87.99,0.72,22,1
P008,HRTF_A,27,2.701,-89.03,1.95,22,1
P008,HRTF_A,27,2.715,-90.15,3.03,22,1
P008,HRTF_A,27,2.73,-91.31,4.02,22,1
P008,HRTF_A,27,2.745,-92.5,4.92,22,1
P008,HRTF_A,27,2.759,-93.71,5.78,22,1
P008,HRTF_A,27,2.775,-95,6.52,22,1
P008,HRTF_A,27,2.79,-96.38,7.11,22,1
P008,HRTF_A,27,2.804,-99.21,8.1,22,1
P008,HRTF_A,27,2.819,-100.61,8.38,22,1
P008,HRTF_A,27,2.833,-101.92,8.6,22,1
P008,HRTF_A,27,2.848,-103.19,8.64,22,1
P008,HRTF_A,27,2.862,-104.41,8.6,22,1
P008,HRTF_A,27,2.877,-105.61,8.53,22,1
P008,HRTF_A,27,2.891,-106.76,8.44,22,1
P008,HRTF_A,27,2.908,-107.79,8.27,22,1
P008,HRTF_A,27,2.923,-108.81,7.95,22,1
P008,HRTF_A,27,2.938,-109.76,7.54,22,1
P008,HRTF_A,27,2.953,-110.66,7.05,22,1
P008,HRTF_A,27,2.967,-111.48,6.47,22,1
P008,HRTF_A,27,2.982,-112.28,5.74,22,1
P008,HRTF_A,27,2.996,-113.09,4.86,22,1
P008,HRTF_A,27,3.011,-113.91,3.73,22,1
P008,HRTF_A,27,3.025,-114.69,2.46,22,1
P008,HRTF_A,27,3.042,-116.26,-0.18,22,1
P008,HRTF_A,27,3.056,-117.06,-1.77,22,1
P008,HRTF_A,27,3.071,-117.83,-3.39,22,1
P008,HRTF_A,27,3.086,-118.55,-4.96,22,1
P008,HRTF_A,27,3.1,-119.13,-6.38,22,1
P008,HRTF_A,27,3.115,-119.64,-7.71,22,1
P008,HRTF_A,27,3.13,-119.98,-8.96,22,1
P008,HRTF_A,27,3.145,-120.23,-10.16,22,1
P008,HRTF_A,27,3.159,-120.38,-11.29,22,1
P008,HRTF_A,27,3.174,-120.43,-12.26,22,1
P008,HRTF_A,27,3.189,-120.42,-13.13,22,1
P008,HRTF_A,27,3.204,-120.43,-13.93,22,1
P008,HRTF_A,27,3.218,-120.49,-14.72,22,1
P008,HRTF_A,27,3.233,-120.58,-15.46,22,1
P008,HRTF_A,27,3.247,-120.74,-16.14,22,1
P008,HRTF_A,27,3.262,-120.95,-16.75,22,1
P008,HRTF_A,27,3.276,-121.18,-17.34,22,1
P008,HRTF_A,27,3.29,-121.45,-17.87,22,1
P008,HRTF_A,27,3.306,-122.03,-18.85,22,1
P008,HRTF_A,27,3.321,-122.33,-19.09,22,1
P008,HRTF_A,27,3.335,-122.57,-19.2,22,1
P008,HRTF_A,27,3.35,-122.72,-19.15,22,1
P008,HRTF_A,27,3.365,-122.74,-18.95,22,1
P008,HRTF_A,27,3.38,-122.63,-18.63,22,1
P008,HRTF_A,27,3.394,-122.37,-18.21,22,1
P008,HRTF_A,27,3.409,-121.99,-17.72,22,1
P008,HRTF_A,27,3.424,-121.42,-17.16,22,1
P008,HRTF_A,27,3.44,-120.72,-16.57,22,1
P008,HRTF_A,27,3.455,-119.94,-15.97,22,1
P008,HRTF_A,27,3.469,-119.04,-15.33,22,1
P008,HRTF_A,27,3.485,-118.05,-14.68,22,1
P008,HRTF_A,27,3.499,-116.97,-13.96,22,1
P008,HRTF_A,27,3.513,-114.59,-12.46,22,1
P008,HRTF_A,27,3.528,-113.02,-11.62,22,1
P008,HRTF_A,27,3.543,-111.31,-10.72,22,1
P008,HRTF_A,27,3.558,-109.48,-9.85,22,1
P008,HRTF_A,27,3.573,-107.5,-9.02,22,1
P008,HRTF_A,28,0.017,2.63,3.31,23,1
P008,HRTF_A,28,0.032,2.97,3.02,23,1
P008,HRTF_A,28,0.053,3.63,2.5,23,1
P008,HRTF_A,28,0.068,3.86,2.26,23,1
P008,HRTF_A,28,0.084,4.06,2,23,1
P008,HRTF_A,28,0.099,4.22,1.79,23,1
P008,HRTF_A,28,0.113,4.37,1.54,23,1
P008,HRTF_A,28,0.129,4.5,1.3,23,1
P008,HRTF_A,28,0.144,4.58,1.03,23,1
P008,HRTF_A,28,0.16,4.62,0.79,23,1
P008,HRTF_A,28,0.175,4.61,0.29,23,1
P008,HRTF_A,28,0.192,4.46,-0.05,23,1
P008,HRTF_A,28,0.208,4.31,-0.33,23,1
P008,HRTF_A,28,0.223,4.13,-0.61,23,1
P008,HRTF_A,28,0.238,3.89,-0.85,23,1
P008,HRTF_A,28,0.254,3.61,-1.06,23,1
P008,HRTF_A,28,0.269,3.21,-1.24,23,1
P008,HRTF_A,28,0.284,2.72,-1.33,23,1
P008,HRTF_A,28,0.299,2.14,-1.41,23,1
P008,HRTF_A,28,0.314,0.74,-1.44,23,1
P008,HRTF_A,28,0.331,-0.34,-1.35,23,1
P008,HRTF_A,28,0.346,-1.55,-1.21,23,1
P008,HRTF_A,28,0.361,-2.84,-1.03,23,1
P008,HRTF_A,28,0.376,-4.21,-0.85,23,1
P008,HRTF_A,28,0.391,-5.62,-0.63,23,1
P008,HRTF_A,28,0.406,-7.11,-0.39,23,1
P008,HRTF_A,28,0.422,-8.69,-0.13,23,1
P008,HRTF_A,28,0.436,-10.32,0.08,23,1
P008,HRTF_A,28,0.452,-11.99,0.29,23,1
P008,HRTF_A,28,0.467,-15.29,0.62,23,1
P008,HRTF_A,28,0.483,-16.88,0.72,23,1
P008,HRTF_A,28,0.498,-18.41,0.79,23,1
P008,HRTF_A,28,0.513,-19.96,0.94,23,1
P008,HRTF_A,28,0.528,-21.56,1.15,23,1
P008,HRTF_A,28,0.543,-23.19,1.38,23,1
P008,HRTF_A,28,0.558,-24.81,1.59,23,1
P008,HRTF_A,28,0.572,-26.44,1.78,23,1
P008,HRTF_A,28,0.589,-28.04,1.92,23,1
P008,HRTF_A,28,0.604,-29.66,2.03,23,1
P008,HRTF_A,28,0.619,-31.3,2.09,23,1
P008,HRTF_A,28,0.634,-34.55,2.16,23,1
P008,HRTF_A,28,0.649,-36.21,2.02,23,1
P008,HRTF_A,28,0.664,-37.8,1.9,23,1
P008,HRTF_A,28,0.68,-39.4,1.75,23,1
P008,HRTF_A,28,0.695,-41.01,1.55,23,1
P008,HRTF_A,28,0.711,-42.65,1.26,23,1
P008,HRTF_A,28,0.726,-44.29,1,23,1
P008,HRTF_A,28,0.742,-45.91,0.77,23,1
P008,HRTF_A,28,0.757,-47.53,0.56,23,1
P008,HRTF_A,28,0.772,-49.21,0.37,23,1
P008,HRTF_A,28,0.787,-52.54,-0.01,23,1
P008,HRTF_A,28,0.803,-54.25,-0.17,23,1
P008,HRTF_A,28,0.817,-55.95,-0.34,23,1
P008,HRTF_A,28,0.832,-57.7,-0.52,23,1
P008,HRTF_A,28,0.848,-59.5,-0.83,23,1
P008,HRTF_A,28,0.863,-61.35,-1.17,23,1
P008,HRTF_A,28,0.879,-63.22,-1.55,23,1
P008,HRTF_A,28,0.894,-65.05,-1.93,23,1
P008,HRTF_A,28,0.909,-66.89,-2.36,23,1
P008,HRTF_A,28,0.924,-68.7,-2.84,23,1
P008,HRTF_A,28,0.939,-72.27,-3.85,23,1
P008,HRTF_A,28,0.954,-73.91,-4.34,23,1
P008,HRTF_A,28,0.969,-75.37,-4.77,23,1
P008,HRTF_A,28,0.986,-76.6,-5.15,23,1
P008,HRTF_A,28,1.001,-77.66,-5.5,23,1
P008,HRTF_A,28,1.016,-78.52,-5.82,23,1
P008,HRTF_A,28,1.032,-79.23,-6.17,23,1
P008,HRTF_A,28,1.046,-79.77,-6.47,23,1
P008,HRTF_A,28,1.061,-80.09,-6.73,23,1
P008,HRTF_A,28,1.076,-80.22,-6.97,23,1
P008,HRTF_A,28,1.091,-80.13,-7.19,23,1
P008,HRTF_A,28,1.107,-79.62,-7.61,23,1
P008,HRTF_A,28,1.122,-78.87,-7.74,23,1
P008,HRTF_A,28,1.137,-77.85,-7.72,23,1
P008,HRTF_A,28,1.152,-76.57,-7.56,23,1
P008,HRTF_A,28,1.168,-75.08,-7.24,23,1
P008,HRTF_A,28,1.183,-73.38,-6.79,23,1
P008,HRTF_A,28,1.199,-71.56,-6.32,23,1
P008,HRTF_A,28,1.214,-69.6,-5.9,23,1
P008,HRTF_A,28,1.229,-67.39,-5.45,23,1
P008,HRTF_A,28,1.246,-62.72,-4.66,23,1
P008,HRTF_A,28,1.261,-59.86,-4.4,23,1
P008,HRTF_A,28,1.276,-56.93,-4.22,23,1
P008,HRTF_A,28,1.29,-53.87,-4.07,23,1
P008,HRTF_A,28,1.305,-50.76,-3.94,23,1
P008,HRTF_A,28,1.321,-47.56,-3.79,23,1
P008,HRTF_A,28,1.336,-44.19,-3.68,23,1
P008,HRTF_A,28,1.351,-40.72,-3.65,23,1
P008,HRTF_A,28,1.366,-37.18,-3.68,23,1
P008,HRTF_A,28,1.382,-33.64,-3.71,23,1
P008,HRTF_A,28,1.398,-26.47,-3.82,23,1
P008,HRTF_A,28,1.413,-22.68,-4.03,23,1
P008,HRTF_A,28,1.428,-18.8,-4.3,23,1
P008,HRTF_A,28,1.444,-14.88,-4.69,23,1
P008,HRTF_A,28,1.46,-11,-5.09,23,1
P008,HRTF_A,28,1.474,-7.06,-5.5,23,1
P008,HRTF_A,28,1.49,-3.06,-5.99,23,1
P008,HRTF_A,28,1.507,0.94,-6.45,23,1
P008,HRTF_A,28,1.522,4.91,-6.91,23,1
P008,HRTF_A,28,1.537,12.79,-7.74,23,1
P008,HRTF_A,28,1.553,16.65,-8.01,23,1
P008,HRTF_A,28,1.568,20.48,-8.23,23,1
P008,HRTF_A,28,1.583,24.2,-8.33,23,1
P008,HRTF_A,28,1.599,27.79,-8.34,23,1
P008,HRTF_A,28,1.613,31.22,-8.24,23,1
P008,HRTF_A,28,1.629,34.47,-8.06,23,1
P008,HRTF_A,28,1.645,37.53,-7.83,23,1
P008,HRTF_A,28,1.66,40.4,-7.61,23,1
P008,HRTF_A,28,1.675,43.01,-7.39,23,1
P008,HRTF_A,28,1.69,47.91,-6.94,23,1
P008,HRTF_A,28,1.705,49.83,-6.78,23,1
P008,HRTF_A,28,1.72,51.6,-6.65,23,1
P008,HRTF_A,28,1.734,53.25,-6.58,23,1
P008,HRTF_A,28,1.75,54.79,-6.47,23,1
P008,HRTF_A,28,1.764,56.25,-6.38,23,1
P008,HRTF_A,28,1.78,57.69,-6.27,23,1
P008,HRTF_A,28,1.795,59.14,-6.15,23,1
P008,HRTF_A,28,1.809,60.56,-6.03,23,1
P008,HRTF_A,28,1.825,62,-5.85,23,1
P008,HRTF_A,28,1.84,63.45,-5.63,23,1
P008,HRTF_A,28,1.854,64.96,-5.43,23,1
P008,HRTF_A,28,1.869,66.47,-5.29,23,1
P008,HRTF_A,28,1.883,68,-5.19,23,1
P008,HRTF_A,28,1.899,71.15,-5,23,1
P008,HRTF_A,28,1.914,72.75,-4.97,23,1
P008,HRTF_A,28,1.929,74.37,-4.94,23,1
P008,HRTF_A,28,1.943,75.99,-4.89,23,1
P008,HRTF_A,28,1.959,77.62,-4.83,23,1
P008,HRTF_A,28,1.974,79.26,-4.81,23,1
P008,HRTF_A,28,1.989,80.88,-4.87,23,1
P008,HRTF_A,28,2.004,82.51,-4.9,23,1
P008,HRTF_A,28,2.02,84.17,-4.97,23,1
P008,HRTF_A,28,2.036,85.88,-5.04,23,1
P008,HRTF_A,28,2.051,89.36,-5.28,23,1
P008,HRTF_A,28,2.065,91.16,-5.52,23,1
P008,HRTF_A,28,2.08,92.96,-5.85,23,1
P008,HRTF_A,28,2.095,94.78,-6.19,23,1
P008,HRTF_A,28,2.109,96.58,-6.52,23,1
P008,HRTF_A,28,2.124,98.33,-6.88,23,1
P008,HRTF_A,28,2.139,100,-7.29,23,1
P008,HRTF_A,28,2.154,101.62,-7.73,23,1
P008,HRTF_A,28,2.17,103.16,-8.24,23,1
P008,HRTF_A,28,2.186,104.6,-8.76,23,1
P008,HRTF_A,28,2.201,105.95,-9.29,23,1
P008,HRTF_A,28,2.215,107.23,-9.81,23,1
P008,HRTF_A,28,2.231,108.43,-10.34,23,1
P008,HRTF_A,28,2.246,110.77,-11.42,23,1
P008,HRTF_A,28,2.26,111.84,-11.95,23,1
P008,HRTF_A,28,2.275,112.88,-12.44,23,1
P008,HRTF_A,28,2.291,113.96,-12.91,23,1
P008,HRTF_A,28,2.307,115.09,-13.34,23,1
P008,HRTF_A,28,2.321,116.27,-13.76,23,1
P008,HRTF_A,28,2.337,117.46,-14.21,23,1
P008,HRTF_A,28,2.352,118.71,-14.65,23,1
P008,HRTF_A,28,2.368,119.97,-15.1,23,1
P008,HRTF_A,28,2.383,121.22,-15.53,23,1
P008,HRTF_A,28,2.398,123.75,-16.42,23,1
P008,HRTF_A,28,2.412,125.04,-16.92,23,1
P008,HRTF_A,28,2.429,126.36,-17.51,23,1
P008,HRTF_A,28,2.444,127.66,-18.1,23,1
P008,HRTF_A,28,2.46,128.89,-18.63,23,1
P008,HRTF_A,28,2.474,130.12,-19.16,23,1
P008,HRTF_A,28,2.489,131.32,-19.73,23,1
P008,HRTF_A,28,2.504,132.52,-20.28,23,1
P008,HRTF_A,28,2.52,133.69,-20.86,23,1
P008,HRTF_A,28,2.534,134.84,-21.49,23,1
P008,HRTF_A,28,2.551,137.1,-22.91,23,1
P008,HRTF_A,28,2.566,138.09,-23.75,23,1
P008,HRTF_A,28,2.58,139.05,-24.54,23,1
P008,HRTF_A,28,2.595,139.88,-25.24,23,1
P008,HRTF_A,28,2.61,140.58,-25.87,23,1
P008,HRTF_A,28,2.624,141.14,-26.36,23,1
P008,HRTF_A,28,2.639,141.65,-26.75,23,1
P008,HRTF_A,28,2.654,142.06,-27.09,23,1
P008,HRTF_A,28,2.669,142.4,-27.41,23,1
P008,HRTF_A,28,2.689,142.62,-27.66,23,1
P008,HRTF_A,28,2.704,143.07,-28.11,23,1
P008,HRTF_A,28,2.719,143.17,-28.2,23,1
P008,HRTF_A,28,2.733,143.23,-28.28,23,1
P008,HRTF_A,28,2.747,143.22,-28.29,23,1
P008,HRTF_A,28,2.762,143.17,-28.3,23,1
P008,HRTF_A,28,2.776,143.05,-28.22,23,1
P008,HRTF_A,28,2.791,142.86,-28.04,23,1
P008,HRTF_A,28,2.807,142.54,-27.77,23,1
P008,HRTF_A,28,2.824,142.04,-27.44,23,1
P008,HRTF_A,28,2.838,141.49,-27.08,23,1
P008,HRTF_A,28,2.853,140.81,-26.68,23,1
P008,HRTF_A,28,2.868,139.99,-26.2,23,1
P008,HRTF_A,28,2.882,139.04,-25.68,23,1
P008,HRTF_A,28,2.897,137.96,-25.01,23,1
P008,HRTF_A,28,2.911,135.67,-23.48,23,1
P008,HRTF_A,28,2.926,134.32,-22.56,23,1
P008,HRTF_A,28,2.94,132.87,-21.51,23,1
P008,HRTF_A,28,2.956,131.31,-20.42,23,1
P008,HRTF_A,28,2.971,129.85,-19.19,23,1
P008,HRTF_A,28,2.986,128.43,-17.9,23,1
P008,HRTF_A,28,3.001,126.99,-16.58,23,1
P008,HRTF_A,28,3.016,125.53,-15.32,23,1
P008,HRTF_A,28,3.031,124.1,-14.09,23,1
P008,HRTF_A,28,3.046,122.73,-12.92,23,1
P008,HRTF_A,28,3.061,121.47,-11.8,23,1
P008,HRTF_A,28,3.077,120.21,-10.74,23,1
P008,HRTF_A,28,3.092,118.92,-9.67,23,1
P008,HRTF_A,28,3.107,116.38,-7.51,23,1
P008,HRTF_A,28,3.122,115.04,-6.45,23,1
P008,HRTF_A,28,3.137,113.68,-5.42,23,1
P008,HRTF_A,28,3.151,112.25,-4.4,23,1
P008,HRTF_A,28,3.166,110.73,-3.36,23,1
P008,HRTF_A,28,3.181,109.15,-2.38,23,1
P008,HRTF_A,28,3.196,107.5,-1.45,23,1
P008,HRTF_A,28,3.212,105.77,-0.59,23,1
P008,HRTF_A,28,3.227,103.98,0.19,23,1
P008,HRTF_A,28,3.242,102.1,0.92,23,1
P008,HRTF_A,28,3.257,100.1,1.62,23,1
P008,HRTF_A,28,3.272,98,2.36,23,1
P008,HRTF_A,28,3.287,93.61,3.82,23,1
P008,HRTF_A,28,3.301,91.1,4.49,23,1
P008,HRTF_A,28,3.316,88.37,5.03,23,1
P008,HRTF_A,28,3.33,85.48,5.54,23,1
P008,HRTF_A,28,3.346,82.31,5.92,23,1
P008,HRTF_A,28,3.362,78.96,6.24,23,1
P008,HRTF_A,28,3.377,75.41,6.56,23,1
P008,HRTF_A,28,3.391,71.74,6.88,23,1
P008,HRTF_A,28,3.406,67.97,7.19,23,1
P008,HRTF_A,28,3.421,64.1,7.5,23,1
P008,HRTF_A,28,3.436,60.14,7.75,23,1
P008,HRTF_A,28,3.45,56.04,7.91,23,1
P008,HRTF_A,28,3.466,51.86,8.01,23,1
P008,HRTF_A,28,3.481,43.51,8.2,23,1
P008,HRTF_A,28,3.496,39.21,8.27,23,1
P008,HRTF_A,28,3.51,34.92,8.32,23,1
P008,HRTF_A,28,3.525,30.63,8.35,23,1
P008,HRTF_A,28,3.54,26.29,8.33,23,1
P008,HRTF_A,28,3.555,21.98,8.35,23,1
P008,HRTF_A,28,3.57,17.63,8.4,23,1
P008,HRTF_A,28,3.585,13.28,8.41,23,1
P008,HRTF_A,28,3.601,8.98,8.35,23,1
P008,HRTF_A,28,3.616,4.76,8.25,23,1
P008,HRTF_A,28,3.631,0.63,8.08,23,1
P008,HRTF_A,28,3.647,-3.46,7.87,23,1
P008,HRTF_A,28,3.662,-11.6,7.44,23,1
P008,HRTF_A,28,3.677,-15.56,7.25,23,1
P008,HRTF_A,28,3.691,-19.35,7.16,23,1
P008,HRTF_A,28,3.707,-22.98,6.99,23,1
P008,HRTF_A,28,3.722,-26.4,6.7,23,1
P008,HRTF_A,28,3.739,-29.53,6.39,23,1
P008,HRTF_A,28,3.754,-32.58,6.06,23,1
P008,HRTF_A,28,3.769,-35.51,5.69,23,1
P008,HRTF_A,28,3.784,-38.27,5.3,23,1
P008,HRTF_A,28,3.8,-40.87,4.85,23,1
P008,HRTF_A,28,3.815,-45.91,4.06,23,1
P008,HRTF_A,28,3.83,-48.07,3.66,23,1
P008,HRTF_A,28,3.845,-50.21,3.28,23,1
P008,HRTF_A,28,3.862,-52.28,2.84,23,1
P008,HRTF_A,28,3.877,-54.32,2.41,23,1
P008,HRTF_A,28,3.893,-56.27,1.99,23,1
P008,HRTF_A,28,3.908,-58.16,1.58,23,1
P008,HRTF_A,28,3.924,-59.99,1.14,23,1
P008,HRTF_A,28,3.939,-63.58,0.2,23,1
P008,HRTF_A,28,3.954,-65.32,-0.29,23,1
P008,HRTF_A,28,3.969,-67.01,-0.7,23,1
P008,HRTF_A,28,3.984,-68.6,-1.08,23,1
P008,HRTF_A,28,4,-70.06,-1.52,23,1
P008,HRTF_A,28,4.016,-71.5,-1.96,23,1
P008,HRTF_A,28,4.031,-72.92,-2.42,23,1
P008,HRTF_A,28,4.046,-74.33,-2.85,23,1
P008,HRTF_A,28,4.061,-75.66,-3.32,23,1
P008,HRTF_A,28,4.076,-76.91,-3.76,23,1
P008,HRTF_A,28,4.091,-78.15,-4.2,23,1
P008,HRTF_A,28,4.106,-79.42,-4.66,23,1
P008,HRTF_A,28,4.122,-82.01,-5.58,23,1
P008,HRTF_A,28,4.137,-83.39,-6,23,1
P008,HRTF_A,28,4.152,-84.73,-6.4,23,1
P008,HRTF_A,28,4.167,-86.06,-6.86,23,1
P008,HRTF_A,28,4.182,-87.42,-7.39,23,1
P008,HRTF_A,28,4.197,-88.88,-7.97,23,1
P008,HRTF_A,28,4.211,-90.36,-8.46,23,1
P008,HRTF_A,28,4.226,-91.86,-8.9,23,1
P008,HRTF_A,28,4.241,-93.4,-9.28,23,1
P008,HRTF_A,28,4.257,-94.97,-9.63,23,1
P008,HRTF_A,28,4.272,-96.65,-10.02,23,1
P008,HRTF_A,28,4.287,-100.21,-10.79,23,1
P008,HRTF_A,28,4.302,-102.19,-11.19,23,1
P008,HRTF_A,28,4.317,-104.16,-11.54,23,1
P008,HRTF_A,28,4.332,-106.05,-11.87,23,1
P008,HRTF_A,28,4.347,-107.83,-12.19,23,1
P008,HRTF_A,28,4.362,-109.51,-12.4,23,1
P008,HRTF_A,28,4.377,-111.11,-12.5,23,1
P008,HRTF_A,28,4.393,-112.62,-12.5,23,1
P008,HRTF_A,28,4.408,-114.05,-12.48,23,1
P008,HRTF_A,28,4.423,-115.44,-12.52,23,1
P008,HRTF_A,28,4.438,-116.79,-12.62,23,1
P008,HRTF_A,28,4.453,-118.11,-12.81,23,1
P008,HRTF_A,28,4.468,-120.64,-13.27,23,1
P008,HRTF_A,28,4.483,-121.83,-13.53,23,1
P008,HRTF_A,28,4.498,-123.03,-13.75,23,1
P008,HRTF_A,28,4.514,-124.18,-13.95,23,1
P008,HRTF_A,28,4.529,-125.32,-14.13,23,1
P008,HRTF_A,28,4.544,-126.4,-14.26,23,1
P008,HRTF_A,28,4.559,-127.46,-14.32,23,1
P008,HRTF_A,28,4.575,-128.49,-14.25,23,1
P008,HRTF_A,28,4.59,-129.48,-14,23,1
P008,HRTF_A,28,4.606,-130.46,-13.58,23,1
P008,HRTF_A,28,4.621,-132.32,-12.42,23,1
P008,HRTF_A,28,4.636,-133.14,-11.36,23,1
P008,HRTF_A,28,4.653,-133.84,-10.04,23,1
P008,HRTF_A,28,4.668,-134.45,-8.62,23,1
P008,HRTF_A,28,4.683,-134.93,-6.91,23,1
P008,HRTF_A,28,4.698,-135.31,-5.11,23,1
P008,HRTF_A,28,4.713,-135.55,-3.07,23,1
P008,HRTF_A,28,4.728,-135.65,-0.86,23,1
P008,HRTF_A,28,4.743,-135.62,1.46,23,1
P008,HRTF_A,28,4.758,-135.46,3.86,23,1
P008,HRTF_A,28,4.773,-135.02,8.73,23,1
P008,HRTF_A,28,4.789,-134.72,11.16,23,1
P008,HRTF_A,28,4.804,-134.55,13.34,23,1
P008,HRTF_A,28,4.819,-134.73,15.28,23,1
P008,HRTF_A,28,4.834,-135.15,16.83,23,1
P008,HRTF_A,28,4.849,-135.75,18.12,23,1
P008,HRTF_A,28,4.864,-136.29,19.43,23,1
P008,HRTF_A,28,4.88,-136.82,20.64,23,1
P008,HRTF_A,28,4.894,-137.47,21.76,23,1
P008,HRTF_A,28,4.911,-139.02,23.73,23,1
P008,HRTF_A,28,4.926,-139.96,24.37,23,1
P008,HRTF_A,28,4.942,-141.01,24.61,23,1
P008,HRTF_A,28,4.957,-142.09,24.52,23,1
P008,HRTF_A,28,4.972,-143.18,24.06,23,1
P008,HRTF_A,28,4.987,-144.2,23.24,23,1
P008,HRTF_A,28,5.002,-145.17,22.21,23,1
P008,HRTF_A,28,5.017,-146.07,21.02,23,1
P008,HRTF_A,28,5.032,-146.8,19.56,23,1
P008,HRTF_A,28,5.048,-147.4,17.72,23,1
P008,HRTF_A,28,5.064,-147.83,15.57,23,1
P008,HRTF_A,28,5.079,-148.41,10.68,23,1
P008,HRTF_A,28,5.094,-148.35,7.73,23,1
P008,HRTF_A,28,5.109,-148.1,4.56,23,1
P008,HRTF_A,28,5.124,-147.72,1.28,23,1
P008,HRTF_A,28,5.14,-147.28,-1.84,23,1
P008,HRTF_A,28,5.154,-146.75,-4.71,23,1
P008,HRTF_A,28,5.171,-146.19,-7.23,23,1
P008,HRTF_A,28,5.187,-145.57,-9.49,23,1
P008,HRTF_A,28,5.202,-144.9,-11.54,23,1
P008,HRTF_A,28,5.217,-144.24,-13.51,23,1
P008,HRTF_A,28,5.232,-142.85,-17.3,23,1
P008,HRTF_A,28,5.248,-142.12,-18.89,23,1
P008,HRTF_A,28,5.263,-141.45,-20.27,23,1
P008,HRTF_A,28,5.279,-140.83,-21.52,23,1
P008,HRTF_A,28,5.294,-140.3,-22.66,23,1
P008,HRTF_A,28,5.314,-139.84,-23.64,23,1
P008,HRTF_A,28,5.329,-139.09,-25.45,23,1
P008,HRTF_A,28,5.345,-138.89,-26.16,23,1
P008,HRTF_A,28,5.36,-138.71,-26.78,23,1
P008,HRTF_A,28,5.375,-138.53,-27.47,23,1
P008,HRTF_A,28,5.39,-138.38,-28.05,23,1
P008,HRTF_A,28,5.405,-138.22,-28.59,23,1
P008,HRTF_A,28,5.421,-138.08,-29.06,23,1
P008,HRTF_A,28,5.436,-137.9,-29.58,23,1
P008,HRTF_A,28,5.452,-137.66,-30.14,23,1
P008,HRTF_A,28,5.468,-137.1,-31.26,23,1
P008,HRTF_A,28,5.484,-136.72,-31.65,23,1
P008,HRTF_A,28,5.499,-136.23,-31.92,23,1
P008,HRTF_A,28,5.514,-135.64,-32.09,23,1
P008,HRTF_A,28,5.529,-134.98,-32.24,23,1
P008,HRTF_A,28,5.543,-134.27,-32.29,23,1
P008,HRTF_A,28,5.559,-133.56,-32.23,23,1
P008,HRTF_A,28,5.574,-132.83,-32.11,23,1
P008,HRTF_A,28,5.59,-131.99,-31.98,23,1
P008,HRTF_A,28,5.605,-131.06,-31.84,23,1
P008,HRTF_A,28,5.62,-130.08,-31.72,23,1
P008,HRTF_A,28,5.634,-128.04,-31.5,23,1
P008,HRTF_A,28,5.65,-126.93,-31.38,23,1
P008,HRTF_A,28,5.665,-125.67,-31.28,23,1
P008,HRTF_A,28,5.68,-124.3,-31.15,23,1
P008,HRTF_A,28,5.695,-122.9,-31.07,23,1
P008,HRTF_A,28,5.712,-121.4,-31.03,23,1
P008,HRTF_A,28,5.728,-119.77,-30.95,23,1
P008,HRTF_A,28,5.743,-118.04,-30.84,23,1
P008,HRTF_A,28,5.758,-116.18,-30.7,23,1
P008,HRTF_A,28,5.773,-112.32,-30.31,23,1
P008,HRTF_A,28,5.788,-110.11,-30.13,23,1
P008,HRTF_A,28,5.803,-107.74,-29.94,23,1
P008,HRTF_A,28,5.819,-105.2,-29.71,23,1
P008,HRTF_A,28,5.834,-102.78,-29.57,23,1
P008,HRTF_A,28,5.851,-100.19,-29.39,23,1
P008,HRTF_A,28,5.867,-97.5,-29.19,23,1
P008,HRTF_A,28,5.882,-94.72,-29.01,23,1
P008,HRTF_A,28,5.897,-91.92,-28.8,23,1
P008,HRTF_A,28,5.915,-86.29,-28.26,23,1
P008,HRTF_A,28,5.931,-83.37,-27.96,23,1
P008,HRTF_A,28,5.946,-80.43,-27.54,23,1
P008,HRTF_A,28,5.962,-77.36,-27.1,23,1
P008,HRTF_A,28,5.978,-74.39,-26.64,23,1
P008,HRTF_A,28,5.994,-71.44,-26.17,23,1
P008,HRTF_A,28,6.009,-68.57,-25.74,23,1
P008,HRTF_A,28,6.024,-62.88,-24.79,23,1
P008,HRTF_A,28,6.039,-60.09,-24.32,23,1
P008,HRTF_A,28,6.053,-57.31,-23.88,23,1
P008,HRTF_A,28,6.068,-54.53,-23.51,23,1
P008,HRTF_A,28,6.083,-51.81,-23.12,23,1
P008,HRTF_A,28,6.098,-49.14,-22.74,23,1
P008,HRTF_A,28,6.115,-46.55,-22.36,23,1
P008,HRTF_A,28,6.13,-44,-21.9,23,1
P008,HRTF_A,28,6.145,-41.47,-21.4,23,1
P008,HRTF_A,28,6.16,-38.97,-20.88,23,1
P008,HRTF_A,28,6.174,-36.52,-20.35,23,1
P008,HRTF_A,28,6.189,-31.73,-19.41,23,1
P008,HRTF_A,28,6.204,-29.47,-19,23,1
P008,HRTF_A,28,6.219,-27.31,-18.59,23,1
P008,HRTF_A,28,6.234,-25.26,-18.14,23,1
P008,HRTF_A,28,6.25,-23.31,-17.71,23,1
P008,HRTF_A,28,6.265,-21.41,-17.29,23,1
P008,HRTF_A,28,6.28,-19.56,-16.91,23,1
P008,HRTF_A,28,6.295,-17.78,-16.54,23,1
P008,HRTF_A,28,6.31,-16.03,-16.16,23,1
P008,HRTF_A,28,6.325,-14.32,-15.78,23,1
P008,HRTF_A,28,6.34,-12.69,-15.35,23,1
P008,HRTF_A,28,6.355,-11.12,-14.9,23,1
P008,HRTF_A,28,6.37,-9.62,-14.46,23,1
P008,HRTF_A,28,6.386,-6.72,-13.69,23,1
P008,HRTF_A,28,6.401,-5.4,-13.4,23,1
P008,HRTF_A,28,6.416,-4.16,-13.2,23,1
P008,HRTF_A,28,6.431,-2.96,-12.99,23,1
P008,HRTF_A,28,6.447,-1.84,-12.77,23,1
P008,HRTF_A,28,6.462,-0.81,-12.53,23,1
P008,HRTF_A,28,6.477,0.17,-12.3,23,1
P008,HRTF_A,28,6.492,1.11,-12.07,23,1
P008,HRTF_A,28,6.509,1.96,-11.82,23,1
P008,HRTF_A,28,6.523,3.6,-11.34,23,1
P008,HRTF_A,28,6.538,4.28,-11.17,23,1
P008,HRTF_A,28,6.553,4.9,-11.09,23,1
P008,HRTF_A,28,6.568,5.46,-11.02,23,1
P008,HRTF_A,28,6.583,5.93,-10.93,23,1
P008,HRTF_A,28,6.599,6.36,-10.79,23,1
P008,HRTF_A,28,6.614,6.73,-10.62,23,1
P008,HRTF_A,28,6.629,7.05,-10.39,23,1
P008,HRTF_A,28,6.645,7.32,-10.11,23,1
P008,HRTF_A,28,6.661,7.52,-9.83,23,1
P008,HRTF_A,28,6.676,7.79,-9.24,23,1
P008,HRTF_A,28,6.691,7.77,-8.92,23,1
P008,HRTF_A,28,6.706,7.59,-8.55,23,1
P008,HRTF_A,28,6.721,7.37,-8.13,23,1
P008,HRTF_A,28,6.736,7.12,-7.7,23,1
P008,HRTF_A,28,6.751,6.81,-7.33,23,1
P008,HRTF_A,28,6.767,6.48,-6.95,23,1
P008,HRTF_A,28,6.783,6.13,-6.71,23,1
P008,HRTF_A,28,6.798,5.78,-6.59,23,1
P008,HRTF_A,28,6.813,5.46,-6.56,23,1
P008,HRTF_A,28,6.828,5.18,-6.58,23,1
P008,HRTF_A,28,6.844,4.7,-6.68,23,1
P008,HRTF_A,28,6.858,4.58,-6.77,23,1
P008,HRTF_A,28,6.873,4.51,-6.89,23,1
P008,HRTF_A,28,6.889,4.46,-7.05,23,1
P008,HRTF_A,28,6.905,4.46,-7.23,23,1
P008,HRTF_A,28,6.92,4.47,-7.45,23,1
P008,HRTF_A,28,6.935,4.52,-7.71,23,1
P008,HRTF_A,28,6.951,4.6,-8.02,23,1
P008,HRTF_A,28,6.966,4.68,-8.28,23,1
P008,HRTF_A,28,6.981,4.77,-8.53,23,1
P008,HRTF_A,28,6.996,4.91,-9.09,23,1
P008,HRTF_A,28,7.011,4.9,-9.49,23,1
P008,HRTF_A,28,7.026,4.77,-9.96,23,1
P008,HRTF_A,28,7.043,4.54,-10.45,23,1
P008,HRTF_A,28,7.058,4.25,-10.9,23,1
P008,HRTF_A,28,7.074,3.9,-11.46,23,1
P008,HRTF_A,28,7.089,3.41,-12.19,23,1
P008,HRTF_A,28,7.104,2.76,-13.06,23,1
P008,HRTF_A,28,7.119,1.95,-13.97,23,1
P008,HRTF_A,28,7.133,1.02,-14.87,23,1
P008,HRTF_A,28,7.148,-0.95,-16.62,23,1
P008,HRTF_A,28,7.164,-2.2,-17.52,23,1
P008,HRTF_A,28,7.18,-3.51,-18.33,23,1
P008,HRTF_A,28,7.194,-4.9,-19.08,23,1
P008,HRTF_A,28,7.209,-6.37,-19.68,23,1
P008,HRTF_A,28,7.224,-7.89,-20.12,23,1
P008,HRTF_A,28,7.238,-9.4,-20.42,23,1
P008,HRTF_A,28,7.253,-10.93,-20.63,23,1
P008,HRTF_A,28,7.268,-12.43,-20.79,23,1
P008,HRTF_A,28,7.283,-13.91,-20.97,23,1
P008,HRTF_A,28,7.3,-15.41,-21.23,23,1
P008,HRTF_A,28,7.314,-18.43,-21.79,23,1
P008,HRTF_A,28,7.329,-19.99,-22.15,23,1
P008,HRTF_A,28,7.344,-21.51,-22.49,23,1
P008,HRTF_A,28,7.359,-23.08,-22.84,23,1
P008,HRTF_A,28,7.374,-24.69,-23.26,23,1
P008,HRTF_A,28,7.389,-26.39,-23.75,23,1
P008,HRTF_A,28,7.404,-28.19,-24.28,23,1
P008,HRTF_A,28,7.419,-30.05,-24.8,23,1
P008,HRTF_A,28,7.435,-32,-25.37,23,1
P008,HRTF_A,28,7.45,-33.95,-25.91,23,1
P008,HRTF_A,28,7.465,-35.92,-26.46,23,1
P008,HRTF_A,28,7.48,-37.93,-27.06,23,1
P008,HRTF_A,28,7.494,-40,-27.64,23,1
P008,HRTF_A,28,7.51,-44.22,-28.76,23,1
P008,HRTF_A,28,7.525,-46.38,-29.33,23,1
P008,HRTF_A,28,7.54,-48.57,-29.91,23,1
P008,HRTF_A,28,7.556,-50.78,-30.45,23,1
P008,HRTF_A,28,7.571,-53.04,-30.97,23,1
P008,HRTF_A,28,7.587,-55.38,-31.49,23,1
P008,HRTF_A,28,7.602,-57.73,-32.05,23,1
P008,HRTF_A,28,7.617,-60.1,-32.59,23,1
P008,HRTF_A,28,7.632,-62.49,-33.12,23,1
P008,HRTF_A,28,7.646,-64.92,-33.62,23,1
P008,HRTF_A,28,7.661,-67.37,-34.09,23,1
P008,HRTF_A,28,7.676,-72.38,-34.88,23,1
P008,HRTF_A,28,7.692,-74.9,-35.18,23,1
P008,HRTF_A,28,7.707,-77.26,-35.38,23,1
P008,HRTF_A,28,7.723,-79.52,-35.46,23,1
P008,HRTF_A,28,7.738,-81.71,-35.43,23,1
P008,HRTF_A,28,7.753,-83.8,-35.22,23,1
P008,HRTF_A,28,7.767,-85.76,-34.94,23,1
P008,HRTF_A,28,7.782,-87.6,-34.58,23,1
P008,HRTF_A,28,7.797,-89.31,-34.21,23,1
P008,HRTF_A,28,7.812,-90.97,-33.89,23,1
P008,HRTF_A,28,7.828,-92.6,-33.68,23,1
P008,HRTF_A,28,7.843,-95.85,-33.33,23,1
P008,HRTF_A,28,7.858,-97.44,-33.25,23,1
P008,HRTF_A,28,7.873,-98.99,-33.09,23,1
P008,HRTF_A,28,7.887,-100.46,-32.87,23,1
P008,HRTF_A,28,7.902,-101.86,-32.68,23,1
P008,HRTF_A,28,7.917,-103.13,-32.58,23,1
P008,HRTF_A,28,7.931,-104.33,-32.52,23,1
P008,HRTF_A,28,7.951,-105.38,-32.54,23,1
P008,HRTF_A,28,7.966,-106.34,-32.55,23,1
P008,HRTF_A,28,7.981,-108.08,-32.63,23,1
P008,HRTF_A,28,7.996,-108.66,-32.81,23,1
P008,HRTF_A,28,8.01,-109.09,-33.03,23,1
P008,HRTF_A,28,8.026,-109.38,-33.28,23,1
P008,HRTF_A,28,8.041,-109.54,-33.56,23,1
P008,HRTF_A,28,8.056,-109.6,-33.89,23,1
P008,HRTF_A,28,8.071,-109.55,-34.22,23,1
P008,HRTF_A,28,8.087,-109.48,-34.56,23,1
P008,HRTF_A,28,8.103,-109.39,-34.89,23,1
P008,HRTF_A,28,8.118,-109.25,-35.16,23,1
P008,HRTF_A,28,8.133,-109.11,-35.43,23,1
P008,HRTF_A,28,8.148,-108.94,-35.71,23,1
P008,HRTF_A,28,8.163,-108.64,-36.25,23,1
P008,HRTF_A,28,8.178,-108.48,-36.51,23,1
P008,HRTF_A,28,8.193,-108.36,-36.76,23,1
P008,HRTF_A,28,8.208,-108.21,-36.99,23,1
P008,HRTF_A,28,8.224,-108.01,-37.2,23,1
P008,HRTF_A,28,8.239,-107.79,-37.38,23,1
P008,HRTF_A,28,8.254,-107.56,-37.53,23,1
P008,HRTF_A,28,8.269,-107.32,-37.67,23,1
P008,HRTF_A,28,8.284,-107.11,-37.76,23,1
P008,HRTF_A,28,8.299,-106.91,-37.83,23,1
P008,HRTF_A,28,8.314,-106.73,-37.89,23,1
P008,HRTF_A,28,8.328,-106.41,-37.96,23,1
P008,HRTF_A,28,8.344,-106.32,-37.99,23,1
P008,HRTF_A,28,8.359,-106.25,-38.05,23,1
P008,HRTF_A,28,8.374,-106.16,-38.15,23,1
P008,HRTF_A,28,8.389,-106.03,-38.28,23,1
P008,HRTF_A,28,8.404,-105.86,-38.39,23,1
P008,HRTF_A,28,8.419,-105.63,-38.49,23,1
P008,HRTF_A,28,8.435,-105.39,-38.58,23,1
P008,HRTF_A,28,8.45,-105.19,-38.65,23,1
P008,HRTF_A,28,8.465,-105,-38.7,23,1
P008,HRTF_A,28,8.481,-104.81,-38.74,23,1
P008,HRTF_A,28,8.495,-104.39,-38.8,23,1
P008,HRTF_A,28,8.51,-104.19,-38.8,23,1
P008,HRTF_A,28,8.526,-104.02,-38.76,23,1
P008,HRTF_A,28,8.54,-103.89,-38.72,23,1
P008,HRTF_A,28,8.555,-103.8,-38.65,23,1
P008,HRTF_A,28,8.57,-103.74,-38.58,23,1
P008,HRTF_A,28,8.585,-103.69,-38.49,23,1
P008,HRTF_A,28,8.6,-103.65,-38.41,23,1
P008,HRTF_A,28,8.616,-103.62,-38.3,23,1
P008,HRTF_A,28,8.631,-103.6,-38.2,23,1
P008,HRTF_A,28,8.646,-103.58,-38.12,23,1
P008,HRTF_A,28,8.661,-103.55,-38.07,23,1
P008,HRTF_A,28,8.676,-103.48,-38.03,23,1
P008,HRTF_A,28,8.69,-103.43,-38.07,23,1
P008,HRTF_A,28,8.704,-103.37,-38.08,23,1
P008,HRTF_A,28,8.719,-103.28,-38.08,23,1
P008,HRTF_A,28,8.736,-103.16,-38.09,23,1
P008,HRTF_A,28,8.751,-103.08,-38.11,23,1
P008,HRTF_A,28,8.766,-103.03,-38.13,23,1
P008,HRTF_A,28,8.781,-103.02,-38.17,23,1
P008,HRTF_A,28,8.796,-103.03,-38.21,23,1
P008,HRTF_A,28,8.811,-103.05,-38.25,23,1
P008,HRTF_A,28,8.826,-103.08,-38.27,23,1
P008,HRTF_A,28,8.841,-103.11,-38.28,23,1
P008,HRTF_A,28,8.856,-103.16,-38.29,23,1
P008,HRTF_A,28,8.873,-103.23,-38.34,23,1
P008,HRTF_A,28,8.888,-103.26,-38.39,23,1
P008,HRTF_A,28,8.903,-103.28,-38.43,23,1
P008,HRTF_A,28,8.919,-103.31,-38.42,23,1
P008,HRTF_A,28,8.933,-103.34,-38.42,23,1
P008,HRTF_A,28,8.949,-103.35,-38.42,23,1
P008,HRTF_A,28,8.964,-103.35,-38.44,23,1
P008,HRTF_A,28,8.979,-103.32,-38.46,23,1
P008,HRTF_A,28,8.994,-103.29,-38.47,23,1
P008,HRTF_A,28,9.01,-103.23,-38.47,23,1
P008,HRTF_A,28,9.025,-103.18,-38.46,23,1
P008,HRTF_A,28,9.04,-103.15,-38.47,23,1
P008,HRTF_A,28,9.055,-103.1,-38.48,23,1
P008,HRTF_A,28,9.069,-103.04,-38.48,23,1
P008,HRTF_A,28,9.085,-102.97,-38.49,23,1
P008,HRTF_A,28,9.1,-102.9,-38.48,23,1
P008,HRTF_A,28,9.114,-102.82,-38.47,23,1
P008,HRTF_A,28,9.131,-102.77,-38.45,23,1
P008,HRTF_A,28,9.146,-102.71,-38.41,23,1
P008,HRTF_A,28,9.161,-102.66,-38.35,23,1
P008,HRTF_A,28,9.176,-102.57,-38.22,23,1
P008,HRTF_A,28,9.191,-102.51,-38.21,23,1
P008,HRTF_A,28,9.206,-102.48,-38.25,23,1
P008,HRTF_A,28,9.221,-102.46,-38.3,23,1
P008,HRTF_A,28,9.236,-102.44,-38.34,23,1
P008,HRTF_A,28,9.251,-102.44,-38.39,23,1
P008,HRTF_A,28,9.268,-102.54,-38.45,23,1
P008,HRTF_A,28,9.283,-102.75,-38.55,23,1
P008,HRTF_A,28,9.298,-103,-38.74,23,1
P008,HRTF_A,28,9.313,-103.18,-38.98,23,1
P008,HRTF_A,28,9.328,-103.37,-39.44,23,1
P008,HRTF_A,28,9.343,-103.37,-39.75,23,1
P008,HRTF_A,28,9.359,-103.39,-40,23,1
P008,HRTF_A,28,9.373,-103.36,-40.17,23,1
P008,HRTF_A,28,9.388,-103.28,-40.34,23,1
P008,HRTF_A,28,9.405,-103.12,-40.52,23,1
P008,HRTF_A,28,9.42,-102.85,-40.69,23,1
P008,HRTF_A,28,9.435,-102.56,-40.87,23,1
P008,HRTF_A,28,9.449,-102.12,-40.95,23,1
P008,HRTF_A,28,9.464,-101.47,-40.96,23,1
P008,HRTF_A,28,9.479,-100.58,-40.85,23,1
P008,HRTF_A,28,9.493,-99.62,-40.65,23,1
P008,HRTF_A,28,9.508,-98.42,-40.39,23,1
P008,HRTF_A,28,9.524,-95.53,-39.65,23,1
P008,HRTF_A,28,9.539,-93.49,-39.16,23,1
P008,HRTF_A,28,9.554,-91.19,-38.55,23,1
P008,HRTF_A,28,9.569,-88.72,-37.82,23,1
P008,HRTF_A,28,9.585,-86.07,-36.94,23,1
P008,HRTF_A,29,0.018,2.4,-0.93,28,1
P008,HRTF_A,29,0.034,2.28,-1.31,28,1
P008,HRTF_A,29,0.049,2.23,-1.66,28,1
P008,HRTF_A,29,0.064,2.22,-2.03,28,1
P008,HRTF_A,29,0.08,2.16,-2.77,28,1
P008,HRTF_A,29,0.101,2.23,-3.13,28,1
P008,HRTF_A,29,0.116,2.39,-3.47,28,1
P008,HRTF_A,29,0.132,2.49,-3.74,28,1
P008,HRTF_A,29,0.147,2.57,-4.01,28,1
P008,HRTF_A,29,0.163,2.63,-4.21,28,1
P008,HRTF_A,29,0.179,2.71,-4.58,28,1
P008,HRTF_A,29,0.194,2.74,-4.66,28,1
P008,HRTF_A,29,0.209,2.77,-4.68,28,1
P008,HRTF_A,29,0.225,2.79,-4.65,28,1
P008,HRTF_A,29,0.242,2.82,-4.55,28,1
P008,HRTF_A,29,0.258,2.85,-4.39,28,1
P008,HRTF_A,29,0.273,2.86,-4.21,28,1
P008,HRTF_A,29,0.288,2.86,-3.85,28,1
P008,HRTF_A,29,0.303,2.88,-3.6,28,1
P008,HRTF_A,29,0.318,2.91,-3.36,28,1
P008,HRTF_A,29,0.334,2.95,-3.1,28,1
P008,HRTF_A,29,0.348,2.99,-2.77,28,1
P008,HRTF_A,29,0.365,3.05,-2.42,28,1
P008,HRTF_A,29,0.382,3.09,-2.01,28,1
P008,HRTF_A,29,0.397,3.1,-1.6,28,1
P008,HRTF_A,29,0.412,3.11,-1.18,28,1
P008,HRTF_A,29,0.427,3.12,-0.72,28,1
P008,HRTF_A,29,0.442,3.1,0.25,28,1
P008,HRTF_A,29,0.458,3.04,0.85,28,1
P008,HRTF_A,29,0.473,2.96,1.46,28,1
P008,HRTF_A,29,0.49,2.84,2.1,28,1
P008,HRTF_A,29,0.505,2.68,2.78,28,1
P008,HRTF_A,29,0.521,2.49,3.46,28,1
P008,HRTF_A,29,0.536,2.29,4.17,28,1
P008,HRTF_A,29,0.552,2.05,4.88,28,1
P008,HRTF_A,29,0.567,1.52,6.08,28,1
P008,HRTF_A,29,0.583,1.11,6.41,28,1
P008,HRTF_A,29,0.6,0.71,6.6,28,1
P008,HRTF_A,29,0.616,0.24,6.82,28,1
P008,HRTF_A,29,0.632,-0.24,7.08,28,1
P008,HRTF_A,29,0.648,-0.77,7.28,28,1
P008,HRTF_A,29,0.664,-1.94,7.51,28,1
P008,HRTF_A,29,0.679,-2.69,7.42,28,1
P008,HRTF_A,29,0.695,-3.53,7.35,28,1
P008,HRTF_A,29,0.71,-4.38,7.28,28,1
P008,HRTF_A,29,0.725,-5.18,7.25,28,1
P008,HRTF_A,29,0.741,-5.93,7.25,28,1
P008,HRTF_A,29,0.758,-6.63,7.28,28,1
P008,HRTF_A,29,0.774,-7.29,7.28,28,1
P008,HRTF_A,29,0.789,-8.56,7.31,28,1
P008,HRTF_A,29,0.804,-9.13,7.33,28,1
P008,HRTF_A,29,0.82,-9.63,7.32,28,1
P008,HRTF_A,29,0.835,-10.15,7.27,28,1
P008,HRTF_A,29,0.851,-10.74,7.1,28,1
P008,HRTF_A,29,0.866,-11.41,6.93,28,1
P008,HRTF_A,29,0.882,-12.15,6.78,28,1
P008,HRTF_A,29,0.899,-12.95,6.69,28,1
P008,HRTF_A,29,0.914,-14.58,6.59,28,1
P008,HRTF_A,29,0.929,-15.49,6.67,28,1
P008,HRTF_A,29,0.945,-16.41,6.82,28,1
P008,HRTF_A,29,0.96,-17.31,7.01,28,1
P008,HRTF_A,29,0.976,-18.22,7.28,28,1
P008,HRTF_A,29,0.991,-19.09,7.69,28,1
P008,HRTF_A,29,1.007,-19.96,8.19,28,1
P008,HRTF_A,29,1.024,-20.86,8.75,28,1
P008,HRTF_A,29,1.039,-22.64,9.98,28,1
P008,HRTF_A,29,1.055,-23.53,10.65,28,1
P008,HRTF_A,29,1.07,-24.44,11.36,28,1
P008,HRTF_A,29,1.085,-25.36,12.09,28,1
P008,HRTF_A,29,1.102,-26.31,12.8,28,1
P008,HRTF_A,29,1.117,-27.38,13.49,28,1
P008,HRTF_A,29,1.133,-28.47,14.2,28,1
P008,HRTF_A,29,1.149,-29.63,14.92,28,1
P008,HRTF_A,29,1.165,-31.99,16.35,28,1
P008,HRTF_A,29,1.18,-33.26,16.97,28,1
P008,HRTF_A,29,1.196,-34.54,17.48,28,1
P008,HRTF_A,29,1.211,-35.8,17.94,28,1
P008,HRTF_A,29,1.227,-36.97,18.37,28,1
P008,HRTF_A,29,1.243,-38.15,18.74,28,1
P008,HRTF_A,29,1.259,-39.25,19.06,28,1
P008,HRTF_A,29,1.274,-40.31,19.31,28,1
P008,HRTF_A,29,1.29,-42.31,19.73,28,1
P008,HRTF_A,29,1.306,-43.14,19.85,28,1
P008,HRTF_A,29,1.322,-43.88,19.96,28,1
P008,HRTF_A,29,1.338,-44.52,20.02,28,1
P008,HRTF_A,29,1.353,-45.08,20.02,28,1
P008,HRTF_A,29,1.368,-45.57,19.97,28,1
P008,HRTF_A,29,1.385,-45.96,19.88,28,1
P008,HRTF_A,29,1.4,-46.63,19.61,28,1
P008,HRTF_A,29,1.417,-46.7,19.41,28,1
P008,HRTF_A,29,1.433,-46.75,19.2,28,1
P008,HRTF_A,29,1.448,-46.69,18.95,28,1
P008,HRTF_A,29,1.464,-46.58,18.68,28,1
P008,HRTF_A,29,1.48,-46.4,18.41,28,1
P008,HRTF_A,29,1.496,-46.18,18.14,28,1
P008,HRTF_A,29,1.511,-45.68,17.6,28,1
P008,HRTF_A,29,1.527,-45.31,17.28,28,1
P008,HRTF_A,29,1.543,-44.89,17.02,28,1
P008,HRTF_A,29,1.559,-44.43,16.7,28,1
P008,HRTF_A,29,1.574,-43.91,16.39,28,1
P008,HRTF_A,30,0.019,-2.31,1.14,14,1
P008,HRTF_A,30,0.035,-2.94,1.06,14,1
P008,HRTF_A,30,0.051,-3.11,1.07,14,1
P008,HRTF_A,30,0.067,-3.26,1.08,14,1
P008,HRTF_A,30,0.083,-3.38,1.07,14,1
P008,HRTF_A,30,0.099,-3.47,1.06,14,1
P008,HRTF_A,30,0.115,-3.53,1,14,1
P008,HRTF_A,30,0.132,-3.65,0.85,14,1
P008,HRTF_A,30,0.148,-3.71,0.7,14,1
P008,HRTF_A,30,0.164,-3.79,0.58,14,1
P008,HRTF_A,30,0.18,-3.9,0.47,14,1
P008,HRTF_A,30,0.196,-4.05,0.38,14,1
P008,HRTF_A,30,0.212,-4.24,0.27,14,1
P008,HRTF_A,30,0.228,-4.66,0,14,1
P008,HRTF_A,30,0.243,-4.99,-0.14,14,1
P008,HRTF_A,30,0.259,-5.37,-0.23,14,1
P008,HRTF_A,30,0.28,-5.88,-0.27,14,1
P008,HRTF_A,30,0.296,-6.46,-0.31,14,1
P008,HRTF_A,30,0.312,-7.69,-0.33,14,1
P008,HRTF_A,30,0.328,-8.49,-0.26,14,1
P008,HRTF_A,30,0.344,-9.38,-0.14,14,1
P008,HRTF_A,30,0.36,-10.31,0.04,14,1
P008,HRTF_A,30,0.376,-11.36,0.27,14,1
P008,HRTF_A,30,0.392,-12.47,0.55,14,1
P008,HRTF_A,30,0.408,-14.75,1.21,14,1
P008,HRTF_A,30,0.426,-16.01,1.66,14,1
P008,HRTF_A,30,0.441,-17.27,2.18,14,1
P008,HRTF_A,30,0.457,-18.53,2.77,14,1
P008,HRTF_A,30,0.473,-19.78,3.45,14,1
P008,HRTF_A,30,0.489,-21.09,4.12,14,1
P008,HRTF_A,30,0.505,-22.43,4.76,14,1
P008,HRTF_A,30,0.521,-25.12,5.97,14,1
P008,HRTF_A,30,0.536,-26.48,6.53,14,1
P008,HRTF_A,30,0.553,-27.87,7.07,14,1
P008,HRTF_A,30,0.569,-29.26,7.63,14,1
P008,HRTF_A,30,0.585,-30.66,8.14,14,1
P008,HRTF_A,30,0.601,-32.02,8.58,14,1
P008,HRTF_A,30,0.617,-33.36,9.04,14,1
P008,HRTF_A,30,0.633,-36.06,9.94,14,1
P008,HRTF_A,30,0.648,-37.33,10.43,14,1
P008,HRTF_A,30,0.664,-38.45,10.92,14,1
P008,HRTF_A,30,0.681,-39.43,11.33,14,1
P008,HRTF_A,30,0.697,-40.26,11.68,14,1
P008,HRTF_A,30,0.713,-40.94,12.03,14,1
P008,HRTF_A,30,0.729,-41.99,12.69,14,1
P008,HRTF_A,30,0.745,-41.93,12.9,14,1
P008,HRTF_A,30,0.761,-41.56,13.05,14,1
P008,HRTF_A,30,0.777,-40.9,13.13,14,1
P008,HRTF_A,30,0.793,-40.01,13.16,14,1
P008,HRTF_A,30,0.81,-38.84,13.05,14,1
P008,HRTF_A,30,0.826,-36.29,12.77,14,1
P008,HRTF_A,30,0.842,-34.44,12.46,14,1
P008,HRTF_A,30,0.858,-32.36,12.16,14,1
P008,HRTF_A,30,0.874,-30.12,11.87,14,1
P008,HRTF_A,30,0.891,-27.56,11.61,14,1
P008,HRTF_A,30,0.906,-24.87,11.36,14,1
P008,HRTF_A,30,0.922,-21.95,11.1,14,1
P008,HRTF_A,30,0.939,-15.84,10.48,14,1
P008,HRTF_A,30,0.956,-12.4,10.16,14,1
P008,HRTF_A,30,0.972,-8.8,9.77,14,1
P008,HRTF_A,30,0.988,-4.94,9.25,14,1
P008,HRTF_A,30,1.004,-0.93,8.62,14,1
P008,HRTF_A,30,1.02,7.14,7.34,14,1
P008,HRTF_A,30,1.035,11.25,6.61,14,1
P008,HRTF_A,30,1.051,15.32,5.88,14,1
P008,HRTF_A,30,1.068,19.19,5.2,14,1
P008,HRTF_A,30,1.084,22.84,4.54,14,1
P008,HRTF_A,30,1.1,26.31,3.92,14,1
P008,HRTF_A,30,1.116,29.56,3.3,14,1
P008,HRTF_A,30,1.132,35.97,2.18,14,1
P008,HRTF_A,30,1.148,38.5,1.77,14,1
P008,HRTF_A,30,1.164,41.01,1.4,14,1
P008,HRTF_A,30,1.18,43.31,1.14,14,1
P008,HRTF_A,30,1.198,45.42,0.86,14,1
P008,HRTF_A,30,1.214,47.37,0.52,14,1
P008,HRTF_A,30,1.23,51.02,-0.05,14,1
P008,HRTF_A,30,1.246,52.44,-0.23,14,1
P008,HRTF_A,30,1.261,53.74,-0.33,14,1
P008,HRTF_A,30,1.277,54.96,-0.44,14,1
P008,HRTF_A,30,1.293,56.17,-0.57,14,1
P008,HRTF_A,30,1.308,57.37,-0.75,14,1
P008,HRTF_A,30,1.326,59.84,-1.12,14,1
P008,HRTF_A,30,1.341,61.08,-1.37,14,1
P008,HRTF_A,30,1.357,62.31,-1.77,14,1
P008,HRTF_A,30,1.373,63.52,-2.37,14,1
P008,HRTF_A,30,1.389,64.72,-3.03,14,1
P008,HRTF_A,30,1.405,65.91,-3.65,14,1
P008,HRTF_A,30,1.42,67.13,-4.33,14,1
P008,HRTF_A,30,1.436,68.33,-5.03,14,1
P008,HRTF_A,30,1.453,70.66,-6.66,14,1
P008,HRTF_A,30,1.469,71.8,-7.73,14,1
P008,HRTF_A,30,1.485,72.94,-8.85,14,1
P008,HRTF_A,30,1.5,74.03,-9.99,14,1
P008,HRTF_A,30,1.516,75.09,-11.14,14,1
P008,HRTF_A,30,1.532,76.08,-12.34,14,1
P008,HRTF_A,30,1.547,77.04,-13.62,14,1
P008,HRTF_A,30,1.563,78.88,-16.32,14,1
P008,HRTF_A,30,1.579,79.73,-17.57,14,1
P008,HRTF_A,30,1.596,80.47,-18.83,14,1
P008,HRTF_A,30,1.611,81.18,-19.93,14,1
P008,HRTF_A,30,1.627,81.86,-20.92,14,1
P008,HRTF_A,30,1.642,82.56,-21.83,14,1
P008,HRTF_A,30,1.658,83.31,-22.67,14,1
P008,HRTF_A,30,1.674,84.87,-24.17,14,1
P008,HRTF_A,30,1.69,85.78,-24.74,14,1
P008,HRTF_A,30,1.707,86.71,-25.15,14,1
P008,HRTF_A,30,1.723,87.57,-25.52,14,1
P008,HRTF_A,30,1.738,88.37,-25.84,14,1
P008,HRTF_A,30,1.754,89.17,-26.14,14,1
P008,HRTF_A,30,1.769,90,-26.46,14,1
P008,HRTF_A,30,1.785,91.67,-27.1,14,1
P008,HRTF_A,30,1.801,92.42,-27.38,14,1
P008,HRTF_A,30,1.816,93.17,-27.7,14,1
P008,HRTF_A,30,1.832,93.89,-28.11,14,1
P008,HRTF_A,30,1.85,94.72,-28.62,14,1
P008,HRTF_A,30,1.866,95.57,-29.09,14,1
P008,HRTF_A,30,1.882,97.27,-30.01,14,1
P008,HRTF_A,30,1.897,98.31,-30.52,14,1
P008,HRTF_A,30,1.913,99.44,-31.02,14,1
P008,HRTF_A,30,1.929,100.59,-31.52,14,1
P008,HRTF_A,30,1.945,101.81,-31.98,14,1
P008,HRTF_A,30,1.96,103.03,-32.4,14,1
P008,HRTF_A,30,1.977,104.26,-32.72,14,1
P008,HRTF_A,30,1.992,106.76,-33.21,14,1
P008,HRTF_A,30,2.008,108.01,-33.2,14,1
P008,HRTF_A,30,2.024,109.1,-33.15,14,1
P008,HRTF_A,30,2.04,110.06,-33.03,14,1
P008,HRTF_A,30,2.055,110.86,-32.86,14,1
P008,HRTF_A,30,2.071,111.52,-32.61,14,1
P008,HRTF_A,30,2.087,112.01,-32.29,14,1
P008,HRTF_A,30,2.103,112.76,-31.58,14,1
P008,HRTF_A,30,2.119,112.86,-31.18,14,1
P008,HRTF_A,30,2.134,112.85,-30.75,14,1
P008,HRTF_A,30,2.15,112.77,-30.32,14,1
P008,HRTF_A,30,2.166,112.65,-29.87,14,1
P008,HRTF_A,30,2.182,112.51,-29.46,14,1
P008,HRTF_A,30,2.197,112.33,-29.04,14,1
P008,HRTF_A,30,2.213,112.11,-28.65,14,1
P008,HRTF_A,30,2.23,111.57,-27.77,14,1
P008,HRTF_A,30,2.246,111.1,-27.27,14,1
P008,HRTF_A,30,2.262,110.57,-26.73,14,1
P008,HRTF_A,30,2.277,109.97,-26.1,14,1
P008,HRTF_A,30,2.293,109.29,-25.44,14,1
P008,HRTF_A,30,2.309,108.51,-24.73,14,1
P008,HRTF_A,30,2.325,106.84,-23.18,14,1
P008,HRTF_A,30,2.341,105.84,-22.3,14,1
P008,HRTF_A,30,2.358,104.81,-21.4,14,1
P008,HRTF_A,30,2.374,103.73,-20.47,14,1
P008,HRTF_A,30,2.39,102.58,-19.53,14,1
P008,HRTF_A,30,2.405,101.41,-18.61,14,1
P008,HRTF_A,31,0.018,1.48,3.4,31,1
P008,HRTF_A,31,0.034,1.27,3.62,31,1
P008,HRTF_A,31,0.051,1.17,3.61,31,1
P008,HRTF_A,31,0.067,1.11,3.58,31,1
P008,HRTF_A,31,0.085,1.06,3.56,31,1
P008,HRTF_A,31,0.101,1.02,3.54,31,1
P008,HRTF_A,31,0.117,1.01,3.51,31,1
P008,HRTF_A,31,0.134,1.06,3.43,31,1
P008,HRTF_A,31,0.15,1.11,3.34,31,1
P008,HRTF_A,31,0.167,1.17,3.24,31,1
P008,HRTF_A,31,0.183,1.22,3.13,31,1
P008,HRTF_A,31,0.199,1.28,3.04,31,1
P008,HRTF_A,31,0.217,1.4,2.89,31,1
P008,HRTF_A,31,0.233,1.47,2.84,31,1
P008,HRTF_A,31,0.25,1.49,2.8,31,1
P008,HRTF_A,31,0.266,1.49,2.74,31,1
P008,HRTF_A,31,0.283,1.47,2.68,31,1
P008,HRTF_A,31,0.299,1.4,2.57,31,1
P008,HRTF_A,31,0.315,1.31,2.52,31,1
P008,HRTF_A,31,0.333,1.22,2.48,31,1
P008,HRTF_A,31,0.349,1.14,2.49,31,1
P008,HRTF_A,31,0.366,0.96,2.49,31,1
P008,HRTF_A,31,0.382,0.86,2.54,31,1
P008,HRTF_A,31,0.398,0.77,2.61,31,1
P008,HRTF_A,31,0.414,0.7,2.68,31,1
P008,HRTF_A,31,0.431,0.65,2.76,31,1
P008,HRTF_A,31,0.447,0.61,2.82,31,1
P008,HRTF_A,31,0.464,0.54,2.92,31,1
P008,HRTF_A,31,0.481,0.52,2.96,31,1
P008,HRTF_A,31,0.497,0.5,3.02,31,1
P008,HRTF_A,31,0.513,0.49,3.09,31,1
P008,HRTF_A,31,0.53,0.47,3.14,31,1
P008,HRTF_A,31,0.546,0.43,3.16,31,1
P008,HRTF_A,31,0.563,0.35,3.18,31,1
P008,HRTF_A,31,0.579,0.28,3.16,31,1
P008,HRTF_A,31,0.596,0.21,3.15,31,1
P008,HRTF_A,31,0.613,0.15,3.13,31,1
P008,HRTF_A,31,0.629,0.11,3.12,31,1
P008,HRTF_A,31,0.646,0.05,3.09,31,1
P008,HRTF_A,31,0.662,0.03,3.06,31,1
P008,HRTF_A,31,0.679,0.02,3.03,31,1
P008,HRTF_A,31,0.695,0.01,3.02,31,1
P008,HRTF_A,31,0.711,0,3.02,31,1
P008,HRTF_A,31,0.728,0.01,3.02,31,1
P008,HRTF_A,31,0.745,0.02,3.03,31,1
P008,HRTF_A,31,0.761,0.05,3.05,31,1
P008,HRTF_A,31,0.777,0.06,3.07,31,1
P008,HRTF_A,31,0.793,0.09,3.1,31,1
P008,HRTF_A,31,0.81,0.12,3.13,31,1
P008,HRTF_A,31,0.826,0.18,3.16,31,1
P008,HRTF_A,31,0.843,0.2,3.16,31,1
P008,HRTF_A,31,0.86,0.23,3.12,31,1
P008,HRTF_A,31,0.876,0.25,3.09,31,1
P008,HRTF_A,31,0.892,0.26,3.08,31,1
P008,HRTF_A,31,0.908,0.28,3.06,31,1
P008,HRTF_A,31,0.924,0.24,3.05,31,1
P008,HRTF_A,31,0.94,0.12,3.03,31,1
P008,HRTF_A,31,0.956,-0.05,2.98,31,1
P008,HRTF_A,31,0.973,-0.25,2.91,31,1
P008,HRTF_A,31,0.991,-0.71,2.74,31,1
P008,HRTF_A,31,1.006,-1.05,2.6,31,1
P008,HRTF_A,31,1.023,-1.47,2.44,31,1
P008,HRTF_A,31,1.039,-1.93,2.26,31,1
P008,HRTF_A,31,1.055,-2.52,2.11,31,1
P008,HRTF_A,31,1.071,-3.2,1.97,31,1
P008,HRTF_A,31,1.087,-3.95,1.93,31,1
P008,HRTF_A,31,1.104,-5.55,1.86,31,1
P008,HRTF_A,31,1.121,-6.62,1.86,31,1
P008,HRTF_A,31,1.137,-7.83,1.88,31,1
P008,HRTF_A,31,1.154,-9.16,1.87,31,1
P008,HRTF_A,31,1.171,-10.55,1.89,31,1
P008,HRTF_A,31,1.187,-13.38,1.97,31,1
P008,HRTF_A,31,1.204,-14.97,2.04,31,1
P008,HRTF_A,31,1.22,-16.51,2.07,31,1
P008,HRTF_A,31,1.238,-18,2.12,31,1
P008,HRTF_A,31,1.254,-19.41,2.2,31,1
P008,HRTF_A,31,1.271,-22.19,2.44,31,1
P008,HRTF_A,31,1.287,-23.42,2.6,31,1
P008,HRTF_A,31,1.303,-24.54,2.76,31,1
P008,HRTF_A,31,1.32,-25.57,2.92,31,1
P008,HRTF_A,31,1.336,-26.51,3.05,31,1
P008,HRTF_A,31,1.352,-27.35,3.11,31,1
P008,HRTF_A,31,1.37,-28.91,3.15,31,1
P008,HRTF_A,31,1.387,-29.45,3.1,31,1
P008,HRTF_A,31,1.403,-29.91,3.07,31,1
P008,HRTF_A,31,1.419,-30.26,3.07,31,1
P008,HRTF_A,31,1.435,-30.58,3.09,31,1
P008,HRTF_A,31,1.451,-31.1,3.11,31,1
P008,HRTF_A,31,1.467,-31.23,3.11,31,1
P008,HRTF_A,31,1.483,-31.3,3.12,31,1
P008,HRTF_A,31,1.501,-31.31,3.15,31,1
P008,HRTF_A,31,1.517,-31.29,3.19,31,1
P008,HRTF_A,31,1.533,-31.19,3.3,31,1
P008,HRTF_A,31,1.549,-31.08,3.35,31,1
P008,HRTF_A,31,1.565,-30.99,3.36,31,1
P008,HRTF_A,31,1.581,-30.97,3.34,31,1
P008,HRTF_A,31,1.598,-31.01,3.35,31,1
P008,HRTF_A,31,1.614,-31.15,3.35,31,1
P008,HRTF_A,31,1.631,-31.66,3.19,31,1
P008,HRTF_A,31,1.647,-32.16,2.94,31,1
P008,HRTF_A,31,1.663,-32.77,2.62,31,1
P008,HRTF_A,31,1.68,-33.58,2.2,31,1
P008,HRTF_A,31,1.696,-34.49,1.77,31,1
P008,HRTF_A,31,1.712,-35.52,1.23,31,1
P008,HRTF_A,31,1.729,-37.81,-0.02,31,1
P008,HRTF_A,31,1.746,-39.36,-0.87,31,1
P008,HRTF_A,31,1.767,-41.31,-1.68,31,1
P008,HRTF_A,31,1.784,-45.29,-3.23,31,1
P008,HRTF_A,31,1.8,-47.92,-4.12,31,1
P008,HRTF_A,31,1.816,-50.75,-4.95,31,1
P008,HRTF_A,31,1.832,-53.72,-5.68,31,1
P008,HRTF_A,31,1.849,-56.69,-6.32,31,1
P008,HRTF_A,31,1.865,-59.65,-6.94,31,1
P008,HRTF_A,31,1.881,-65.54,-8.13,31,1
P008,HRTF_A,31,1.899,-68.35,-8.6,31,1
P008,HRTF_A,31,1.915,-70.99,-9,31,1
P008,HRTF_A,31,1.931,-73.37,-9.23,31,1
P008,HRTF_A,31,1.948,-75.46,-9.43,31,1
P008,HRTF_A,31,1.964,-79.37,-9.89,31,1
P008,HRTF_A,31,1.98,-80.91,-10.15,31,1
P008,HRTF_A,31,1.995,-82.36,-10.52,31,1
P008,HRTF_A,31,2.012,-83.72,-10.97,31,1
P008,HRTF_A,31,2.029,-84.98,-11.6,31,1
P008,HRTF_A,31,2.045,-86.27,-12.31,31,1
P008,HRTF_A,31,2.061,-87.59,-13,31,1
P008,HRTF_A,31,2.077,-90.35,-14.19,31,1
P008,HRTF_A,31,2.093,-91.74,-14.69,31,1
P008,HRTF_A,31,2.109,-93.11,-15.17,31,1
P008,HRTF_A,31,2.125,-94.45,-15.61,31,1
P008,HRTF_A,31,2.141,-95.74,-16.03,31,1
P008,HRTF_A,31,2.159,-98.43,-16.67,31,1
P008,HRTF_A,31,2.175,-99.83,-17.08,31,1
P008,HRTF_A,31,2.191,-101.19,-17.31,31,1
P008,HRTF_A,31,2.207,-102.53,-17.52,31,1
P008,HRTF_A,31,2.223,-103.92,-17.6,31,1
P008,HRTF_A,31,2.239,-105.31,-17.64,31,1
P008,HRTF_A,31,2.255,-106.71,-17.61,31,1
P008,HRTF_A,31,2.271,-109.47,-17.44,31,1
P008,HRTF_A,31,2.288,-110.84,-17.26,31,1
P008,HRTF_A,31,2.304,-112.16,-16.98,31,1
P008,HRTF_A,31,2.32,-113.41,-16.68,31,1
P008,HRTF_A,31,2.336,-114.6,-16.3,31,1
P008,HRTF_A,31,2.352,-115.69,-15.89,31,1
P008,HRTF_A,31,2.368,-117.83,-15.12,31,1
P008,HRTF_A,31,2.384,-118.83,-14.62,31,1
P008,HRTF_A,31,2.401,-119.8,-14.22,31,1
P008,HRTF_A,31,2.418,-120.74,-13.83,31,1
P008,HRTF_A,31,2.433,-121.6,-13.38,31,1
P008,HRTF_A,31,2.45,-122.32,-12.84,31,1
P008,HRTF_A,31,2.466,-123.57,-11.51,31,1
P008,HRTF_A,31,2.483,-123.89,-10.55,31,1
P008,HRTF_A,31,2.499,-124.13,-9.52,31,1
P008,HRTF_A,31,2.515,-124.33,-8.51,31,1
P008,HRTF_A,31,2.532,-124.53,-7.45,31,1
P008,HRTF_A,31,2.548,-124.82,-5.22,31,1
P008,HRTF_A,31,2.564,-124.81,-3.9,31,1
P008,HRTF_A,31,2.58,-124.74,-2.53,31,1
P008,HRTF_A,31,2.596,-124.64,-1.08,31,1
P008,HRTF_A,31,2.613,-124.48,0.41,31,1
P008,HRTF_A,31,2.629,-124.22,1.95,31,1
P008,HRTF_A,31,2.645,-123.61,5.08,31,1
P008,HRTF_A,31,2.663,-123.23,6.62,31,1
P008,HRTF_A,31,2.679,-122.92,8.05,31,1
P008,HRTF_A,31,2.695,-122.57,9.33,31,1
P008,HRTF_A,31,2.711,-122.12,10.55,31,1
P008,HRTF_A,31,2.727,-121.55,11.61,31,1
P008,HRTF_A,31,2.743,-120.38,13.38,31,1
P008,HRTF_A,31,2.759,-119.61,13.79,31,1
P008,HRTF_A,31,2.776,-118.62,14.05,31,1
P008,HRTF_A,31,2.793,-117.38,14.33,31,1
P008,HRTF_A,31,2.809,-115.92,14.55,31,1
P008,HRTF_A,31,2.826,-112.79,14.96,31,1
P008,HRTF_A,31,2.841,-110.77,15.02,31,1
P008,HRTF_A,31,2.858,-108.49,14.96,31,1
P008,HRTF_A,31,2.874,-105.99,14.74,31,1
P008,HRTF_A,31,2.89,-103.35,14.42,31,1
P008,HRTF_A,31,2.906,-100.62,14.03,31,1
P008,HRTF_A,31,2.924,-95.04,13.16,31,1
P008,HRTF_A,31,2.94,-92.1,12.62,31,1
P008,HRTF_A,31,2.956,-89.2,12.08,31,1
P008,HRTF_A,31,2.973,-86.27,11.46,31,1
P008,HRTF_A,31,2.99,-83.37,10.7,31,1
P008,HRTF_A,31,3.006,-77.6,9.07,31,1
P008,HRTF_A,31,3.022,-74.79,8.15,31,1
P008,HRTF_A,31,3.038,-72.11,7.32,31,1
P008,HRTF_A,31,3.055,-69.37,6.4,31,1
P008,HRTF_A,31,3.071,-66.54,5.36,31,1
P008,HRTF_A,31,3.088,-63.7,4.23,31,1
P008,HRTF_A,31,3.104,-58.11,2.1,31,1
P008,HRTF_A,31,3.12,-55.24,1.07,31,1
P008,HRTF_A,31,3.137,-52.31,-0.01,31,1
P008,HRTF_A,31,3.152,-49.27,-1.17,31,1
P008,HRTF_A,31,3.168,-46.13,-2.48,31,1
P008,HRTF_A,31,3.186,-39.67,-5.08,31,1
P008,HRTF_A,31,3.202,-36.24,-6.46,31,1
P008,HRTF_A,31,3.219,-32.78,-7.98,31,1
P008,HRTF_A,31,3.235,-29.28,-9.52,31,1
P008,HRTF_A,31,3.251,-25.78,-10.97,31,1
P008,HRTF_A,31,3.267,-22.26,-12.37,31,1
P008,HRTF_A,31,3.284,-15.07,-15.14,31,1
P008,HRTF_A,31,3.301,-11.28,-16.39,31,1
P008,HRTF_A,31,3.318,-7.44,-17.74,31,1
P008,HRTF_A,31,3.334,-3.59,-18.95,31,1
P008,HRTF_A,31,3.35,0.23,-20.09,31,1
P008,HRTF_A,31,3.366,7.92,-22.25,31,1
P008,HRTF_A,31,3.383,11.64,-23.14,31,1
P008,HRTF_A,31,3.399,15.32,-23.93,31,1
P008,HRTF_A,31,3.415,19.03,-24.64,31,1
P008,HRTF_A,31,3.433,22.66,-25.24,31,1
P008,HRTF_A,31,3.449,26.09,-25.78,31,1
P008,HRTF_A,31,3.465,32.83,-26.62,31,1
P008,HRTF_A,31,3.481,36.1,-26.78,31,1
P008,HRTF_A,31,3.497,39.39,-26.79,31,1
P008,HRTF_A,31,3.513,42.49,-26.69,31,1
P008,HRTF_A,31,3.53,45.46,-26.62,31,1
P008,HRTF_A,31,3.546,48.42,-26.6,31,1
P008,HRTF_A,31,3.564,54.31,-26.49,31,1
P008,HRTF_A,31,3.58,57.14,-26.42,31,1
P008,HRTF_A,31,3.596,59.92,-26.37,31,1
P008,HRTF_A,31,3.612,62.78,-26.45,31,1
P008,HRTF_A,31,3.628,65.65,-26.63,31,1
P008,HRTF_A,31,3.644,68.44,-26.82,31,1
P008,HRTF_A,31,3.66,73.96,-27.19,31,1
P008,HRTF_A,31,3.676,76.58,-27.48,31,1
P008,HRTF_A,31,3.693,79.1,-27.77,31,1
P008,HRTF_A,31,3.709,81.53,-28.11,31,1
P008,HRTF_A,31,3.725,83.84,-28.46,31,1
P008,HRTF_A,31,3.741,86.08,-28.75,31,1
P008,HRTF_A,31,3.757,90.48,-29.32,31,1
P008,HRTF_A,31,3.772,92.49,-29.57,31,1
P008,HRTF_A,31,3.788,94.41,-29.8,31,1
P008,HRTF_A,31,3.804,96.24,-29.97,31,1
P008,HRTF_A,31,3.822,98.07,-30.14,31,1
P008,HRTF_A,31,3.838,99.86,-30.36,31,1
P008,HRTF_A,31,3.854,103.35,-30.75,31,1
P008,HRTF_A,31,3.87,104.95,-30.97,31,1
P008,HRTF_A,31,3.887,106.53,-31.04,31,1
P008,HRTF_A,31,3.903,108.07,-31.05,31,1
P008,HRTF_A,31,3.919,109.55,-31.05,31,1
P008,HRTF_A,31,3.935,111.02,-31.09,31,1
P008,HRTF_A,31,3.952,113.96,-31.18,31,1
P008,HRTF_A,31,3.969,115.41,-31.08,31,1
P008,HRTF_A,31,3.985,116.87,-30.89,31,1
P008,HRTF_A,31,4.002,118.31,-30.76,31,1
P008,HRTF_A,31,4.018,119.75,-30.68,31,1
P008,HRTF_A,31,4.034,122.68,-30.55,31,1
P008,HRTF_A,31,4.051,124.26,-30.47,31,1
P008,HRTF_A,31,4.067,125.85,-30.4,31,1
P008,HRTF_A,31,4.085,127.47,-30.35,31,1
P008,HRTF_A,31,4.101,129.14,-30.29,31,1
P008,HRTF_A,31,4.117,132.41,-30.17,31,1
P008,HRTF_A,31,4.133,133.97,-30.12,31,1
P008,HRTF_A,31,4.15,135.44,-30.06,31,1
P008,HRTF_A,31,4.166,136.82,-30.03,31,1
P008,HRTF_A,31,4.183,138.15,-30,31,1
P008,HRTF_A,31,4.2,140.82,-29.86,31,1
P008,HRTF_A,31,4.216,142.1,-29.64,31,1
P008,HRTF_A,31,4.232,143.35,-29.42,31,1
P008,HRTF_A,31,4.248,144.59,-29.28,31,1
P008,HRTF_A,31,4.264,145.8,-29.19,31,1
P008,HRTF_A,31,4.28,146.98,-29.15,31,1
P008,HRTF_A,31,4.295,148.12,-29.16,31,1
P008,HRTF_A,31,4.311,150.35,-29.21,31,1
P008,HRTF_A,31,4.332,151.33,-29.29,31,1
P008,HRTF_A,31,4.348,152.25,-29.27,31,1
P008,HRTF_A,31,4.364,153.09,-29.25,31,1
P008,HRTF_A,31,4.38,153.85,-29.22,31,1
P008,HRTF_A,31,4.396,155.15,-28.98,31,1
P008,HRTF_A,31,4.412,155.35,-28.46,31,1
P008,HRTF_A,31,4.429,155.31,-27.58,31,1
P008,HRTF_A,31,4.445,154.83,-26.31,31,1
P008,HRTF_A,31,4.462,154.09,-24.73,31,1
P008,HRTF_A,31,4.478,152.57,-21,31,1
P008,HRTF_A,31,4.494,151.45,-18.62,31,1
P008,HRTF_A,31,4.51,150.57,-16.1,31,1
P008,HRTF_A,31,4.526,149.82,-13.36,31,1
P008,HRTF_A,31,4.542,149.17,-10.91,31,1
P008,HRTF_A,31,4.559,148.64,-8.49,31,1
P008,HRTF_A,31,4.574,148.21,-6.19,31,1
P008,HRTF_A,31,4.591,147.46,-1.59,31,1
P008,HRTF_A,31,4.607,147.13,0.58,31,1
P008,HRTF_A,31,4.623,146.75,2.63,31,1
P008,HRTF_A,31,4.64,146.27,4.63,31,1
P008,HRTF_A,31,4.655,145.73,6.56,31,1
P008,HRTF_A,31,4.672,145.15,8.34,31,1
P008,HRTF_A,31,4.688,143.9,11.75,31,1
P008,HRTF_A,31,4.704,143.1,13.16,31,1
P008,HRTF_A,31,4.722,142.24,14.45,31,1
P008,HRTF_A,31,4.739,141.34,15.7,31,1
P008,HRTF_A,31,4.755,140.39,16.88,31,1
P008,HRTF_A,31,4.771,138.4,19.11,31,1
P008,HRTF_A,31,4.787,137.41,20.02,31,1
P008,HRTF_A,31,4.804,136.47,20.85,31,1
P008,HRTF_A,31,4.821,135.55,21.63,31,1
P008,HRTF_A,31,4.837,134.62,22.31,31,1
P008,HRTF_A,31,4.855,132.7,23.5,31,1
P008,HRTF_A,31,4.871,131.61,23.9,31,1
P008,HRTF_A,31,4.888,130.28,24.22,31,1
P008,HRTF_A,31,4.905,128.67,24.48,31,1
P008,HRTF_A,31,4.921,126.92,24.67,31,1
P008,HRTF_A,31,4.937,122.99,24.87,31,1
P008,HRTF_A,31,4.952,120.38,24.65,31,1
P008,HRTF_A,31,4.969,117.65,24.52,31,1
P008,HRTF_A,31,4.987,115.02,24.39,31,1
P008,HRTF_A,31,5.003,112.44,24.29,31,1
P008,HRTF_A,31,5.02,107.39,24.01,31,1
P008,HRTF_A,31,5.036,105.04,23.91,31,1
P008,HRTF_A,31,5.052,102.87,23.8,31,1
P008,HRTF_A,31,5.068,100.88,23.68,31,1
P008,HRTF_A,31,5.084,98.95,23.55,31,1
P008,HRTF_A,31,5.1,97.19,23.43,31,1
P008,HRTF_A,31,5.117,93.97,23.16,31,1
P008,HRTF_A,31,5.133,92.72,22.97,31,1
P008,HRTF_A,31,5.149,91.53,22.77,31,1
P008,HRTF_A,31,5.165,90.35,22.57,31,1
P008,HRTF_A,31,5.181,89.19,22.38,31,1
P008,HRTF_A,31,5.198,88.04,22.22,31,1
P008,HRTF_A,31,5.213,86.87,22.08,31,1
P008,HRTF_A,31,5.23,84.42,21.81,31,1
P008,HRTF_A,31,5.247,83.21,21.7,31,1
P008,HRTF_A,31,5.263,81.99,21.61,31,1
P008,HRTF_A,31,5.28,80.79,21.51,31,1
P008,HRTF_A,31,5.296,79.63,21.37,31,1
P008,HRTF_A,31,5.312,77.46,21.06,31,1
P008,HRTF_A,31,5.328,76.84,20.86,31,1
P008,HRTF_A,31,5.345,76.66,20.63,31,1
P008,HRTF_A,31,5.362,76.91,20.39,31,1
P008,HRTF_A,31,5.378,77.47,20.14,31,1
P008,HRTF_A,31,5.394,79.11,19.54,31,1
P008,HRTF_A,31,5.412,80.82,19.12,31,1
P008,HRTF_A,31,5.428,82.85,18.59,31,1
P008,HRTF_A,31,5.444,85.09,18.06,31,1
P008,HRTF_A,31,5.461,87.55,17.43,31,1
P008,HRTF_A,31,5.477,90.18,16.67,31,1
P008,HRTF_A,31,5.495,95.74,14.85,31,1
P008,HRTF_A,31,5.511,98.91,13.65,31,1
P008,HRTF_A,31,5.528,102.23,12.38,31,1
P008,HRTF_A,31,5.544,105.61,11.01,31,1
P008,HRTF_A,31,5.561,112.41,8.07,31,1
P008,HRTF_A,31,5.578,115.91,6.53,31,1
P008,HRTF_A,31,5.594,119.39,5,31,1
P008,HRTF_A,31,5.61,122.87,3.4,31,1
P008,HRTF_A,31,5.628,126.3,1.74,31,1
P008,HRTF_A,31,5.644,133.02,-1.33,31,1
P008,HRTF_A,31,5.66,135.95,-2.66,31,1
P008,HRTF_A,31,5.676,138.65,-3.93,31,1
P008,HRTF_A,31,5.692,141.13,-5.14,31,1
P008,HRTF_A,31,5.708,143.33,-6.19,31,1
P008,HRTF_A,31,5.724,145.23,-7.1,31,1
P008,HRTF_A,31,5.74,146.88,-7.94,31,1
P008,HRTF_A,31,5.757,149.99,-9.46,31,1
P008,HRTF_A,31,5.773,151.17,-10.06,31,1
P008,HRTF_A,31,5.79,152.23,-10.69,31,1
P008,HRTF_A,31,5.806,153.3,-11.41,31,1
P008,HRTF_A,31,5.822,154.33,-12.12,31,1
P008,HRTF_A,31,5.838,155.31,-12.77,31,1
P008,HRTF_A,31,5.854,157.16,-14.02,31,1
P008,HRTF_A,31,5.87,157.96,-14.64,31,1
P008,HRTF_A,31,5.888,158.79,-15.32,31,1
P008,HRTF_A,31,5.905,159.56,-15.95,31,1
P008,HRTF_A,31,5.92,160.23,-16.5,31,1
P008,HRTF_A,31,5.937,161.42,-17.64,31,1
P008,HRTF_A,31,5.953,161.71,-18.1,31,1
P008,HRTF_A,31,5.969,161.85,-18.49,31,1
P008,HRTF_A,31,5.985,161.79,-18.86,31,1
P008,HRTF_A,31,6.003,161.57,-19.27,31,1
P008,HRTF_A,31,6.019,161.1,-19.79,31,1
P008,HRTF_A,31,6.034,160.03,-20.87,31,1
P008,HRTF_A,31,6.051,159.06,-21.56,31,1
P008,HRTF_A,31,6.067,157.96,-22.4,31,1
P008,HRTF_A,31,6.084,156.7,-23.35,31,1
P008,HRTF_A,31,6.099,155.37,-24.41,31,1
P008,HRTF_A,31,6.115,153.92,-25.55,31,1
P008,HRTF_A,31,6.132,150.92,-28.04,31,1
P008,HRTF_A,31,6.148,149.26,-29.53,31,1
P008,HRTF_A,31,6.164,147.54,-31.11,31,1
P008,HRTF_A,31,6.181,145.8,-32.63,31,1
P008,HRTF_A,31,6.197,144.03,-34.1,31,1
P008,HRTF_A,31,6.214,142.15,-35.57,31,1
P008,HRTF_A,31,6.229,138.21,-38.49,31,1
P008,HRTF_A,31,6.246,136.1,-39.77,31,1
P008,HRTF_A,31,6.263,133.96,-40.87,31,1
P008,HRTF_A,31,6.28,131.77,-41.97,31,1
P008,HRTF_A,31,6.296,129.49,-43.17,31,1
P008,HRTF_A,31,6.313,124.82,-45.6,31,1
P008,HRTF_A,31,6.33,122.58,-46.89,31,1
P008,HRTF_A,31,6.346,120.15,-48.07,31,1
P008,HRTF_A,31,6.362,117.67,-49.08,31,1
P008,HRTF_A,31,6.378,115.04,-49.96,31,1
P008,HRTF_A,31,6.395,109.64,-51.27,31,1
P008,HRTF_A,31,6.412,106.94,-51.41,31,1
P008,HRTF_A,31,6.428,104.39,-51.47,31,1
P008,HRTF_A,31,6.444,101.99,-51.4,31,1
P008,HRTF_A,31,6.46,99.53,-51.2,31,1
P008,HRTF_A,31,6.476,97.05,-50.92,31,1
P008,HRTF_A,31,6.492,92.33,-50.2,31,1
P008,HRTF_A,31,6.508,90.12,-49.68,31,1
P008,HRTF_A,31,6.526,87.68,-49.12,31,1
P008,HRTF_A,31,6.543,85.01,-48.42,31,1
P008,HRTF_A,31,6.559,82.33,-47.51,31,1
P008,HRTF_A,31,6.574,79.67,-46.43,31,1
P008,HRTF_A,31,6.59,74.25,-44.02,31,1
P008,HRTF_A,31,6.607,71.16,-42.33,31,1
P008,HRTF_A,31,6.623,67.96,-40.49,31,1
P008,HRTF_A,31,6.639,64.79,-38.6,31,1
P008,HRTF_A,31,6.656,61.57,-36.62,31,1
P008,HRTF_A,31,6.671,58.33,-34.65,31,1
P008,HRTF_A,31,6.688,51.77,-30.69,31,1
P008,HRTF_A,31,6.704,48.25,-28.68,31,1
P008,HRTF_A,31,6.721,44.59,-26.66,31,1
P008,HRTF_A,31,6.737,40.79,-24.78,31,1
P008,HRTF_A,31,6.753,36.95,-22.93,31,1
P008,HRTF_A,31,6.769,29.27,-19.44,31,1
P008,HRTF_A,31,6.786,25.21,-18.15,31,1
P008,HRTF_A,31,6.803,21.15,-17.26,31,1
P008,HRTF_A,31,6.819,17.13,-16.76,31,1
P008,HRTF_A,31,6.835,13.01,-16.59,31,1
P008,HRTF_A,31,6.851,8.81,-16.67,31,1
P008,HRTF_A,31,6.867,0.42,-17.14,31,1
P008,HRTF_A,31,6.883,-3.65,-17.85,31,1
P008,HRTF_A,31,6.903,-7.7,-18.62,31,1
P008,HRTF_A,31,6.922,-11.79,-19.5,31,1
P008,HRTF_A,31,6.938,-19.85,-21.33,31,1
P008,HRTF_A,31,6.954,-23.57,-22.36,31,1
P008,HRTF_A,31,6.97,-27.21,-23.34,31,1
P008,HRTF_A,31,6.986,-30.74,-24.24,31,1
P008,HRTF_A,31,7.003,-34.09,-25.09,31,1
P008,HRTF_A,31,7.019,-37.19,-25.84,31,1
P008,HRTF_A,31,7.034,-43.18,-27.21,31,1
P008,HRTF_A,31,7.052,-45.87,-27.69,31,1
P008,HRTF_A,31,7.068,-48.51,-28.2,31,1
P008,HRTF_A,31,7.085,-50.99,-28.66,31,1
P008,HRTF_A,31,7.101,-53.26,-29.05,31,1
P008,HRTF_A,31,7.117,-57.68,-29.71,31,1
P008,HRTF_A,31,7.133,-59.61,-29.95,31,1
P008,HRTF_A,31,7.149,-61.54,-30.18,31,1
P008,HRTF_A,31,7.165,-63.42,-30.45,31,1
P008,HRTF_A,31,7.182,-65.27,-30.75,31,1
P008,HRTF_A,31,7.198,-67.11,-31.13,31,1
P008,HRTF_A,31,7.215,-70.79,-32,31,1
P008,HRTF_A,31,7.231,-72.52,-32.54,31,1
P008,HRTF_A,31,7.247,-74.21,-33.01,31,1
P008,HRTF_A,31,7.263,-75.77,-33.52,31,1
P008,HRTF_A,31,7.28,-77.23,-34.13,31,1
P008,HRTF_A,31,7.296,-78.45,-34.85,31,1
P008,HRTF_A,31,7.314,-80.52,-36.14,31,1
P008,HRTF_A,31,7.331,-80.98,-36.62,31,1
P008,HRTF_A,31,7.346,-81.12,-37.02,31,1
P008,HRTF_A,31,7.362,-81.02,-37.39,31,1
P008,HRTF_A,31,7.378,-80.67,-37.69,31,1
P008,HRTF_A,31,7.394,-80.22,-37.8,31,1
P008,HRTF_A,31,7.41,-79.11,-37.99,31,1
P008,HRTF_A,31,7.426,-78.19,-38.01,31,1
P008,HRTF_A,31,7.443,-76.96,-38.16,31,1
P008,HRTF_A,31,7.459,-75.67,-38.29,31,1
P008,HRTF_A,31,7.475,-74.38,-38.29,31,1
P008,HRTF_A,31,7.491,-73.07,-38.17,31,1
P008,HRTF_A,31,7.507,-70.34,-37.77,31,1
P008,HRTF_A,31,7.523,-68.81,-37.38,31,1
P008,HRTF_A,31,7.539,-67.3,-36.95,31,1
P008,HRTF_A,31,7.555,-65.89,-36.55,31,1
P008,HRTF_A,31,7.572,-64.6,-36.09,31,1
P008,HRTF_A,31,7.588,-63.36,-35.61,31,1
P008,HRTF_A,31,7.604,-61.02,-34.62,31,1
P008,HRTF_A,31,7.621,-60.14,-34.16,31,1
P008,HRTF_A,31,7.637,-59.32,-33.64,31,1
P008,HRTF_A,31,7.653,-58.58,-33.11,31,1
P008,HRTF_A,31,7.669,-57.81,-32.55,31,1
P008,HRTF_A,31,7.685,-57.02,-31.95,31,1
P008,HRTF_A,31,7.703,-55.53,-30.8,31,1
P008,HRTF_A,31,7.719,-54.92,-30.23,31,1
P008,HRTF_A,31,7.735,-54.33,-29.68,31,1
P008,HRTF_A,31,7.752,-53.67,-29.02,31,1
P008,HRTF_A,31,7.768,-53,-28.35,31,1
P008,HRTF_A,31,7.784,-51.7,-26.93,31,1
P008,HRTF_A,31,7.8,-51,-26.15,31,1
P008,HRTF_A,31,7.818,-50.2,-25.3,31,1
P008,HRTF_A,31,7.834,-49.35,-24.44,31,1
P008,HRTF_A,31,7.85,-48.43,-23.54,31,1
P008,HRTF_A,31,7.866,-47.46,-22.63,31,1
P008,HRTF_A,31,7.882,-45.54,-20.77,31,1
P008,HRTF_A,31,7.898,-44.51,-19.84,31,1
P008,HRTF_A,31,7.913,-43.43,-18.94,31,1
P008,HRTF_A,31,7.93,-42.31,-18.11,31,1
P008,HRTF_A,31,7.948,-41.17,-17.29,31,1
P008,HRTF_A,31,7.963,-40.14,-16.49,31,1
P008,HRTF_A,31,7.98,-38.29,-15.09,31,1
P008,HRTF_A,31,7.996,-37.54,-14.59,31,1
P008,HRTF_A,31,8.013,-36.77,-14.05,31,1
P008,HRTF_A,31,8.029,-36.01,-13.51,31,1
P008,HRTF_A,31,8.045,-35.26,-12.95,31,1
P008,HRTF_A,31,8.061,-33.77,-11.94,31,1
P008,HRTF_A,31,8.079,-33.02,-11.53,31,1
P008,HRTF_A,31,8.095,-32.25,-11.19,31,1
P008,HRTF_A,31,8.112,-31.48,-10.88,31,1
P008,HRTF_A,31,8.128,-30.7,-10.58,31,1
P008,HRTF_A,31,8.145,-29.2,-10.03,31,1
P008,HRTF_A,31,8.161,-28.45,-9.83,31,1
P008,HRTF_A,31,8.177,-27.61,-9.64,31,1
P008,HRTF_A,31,8.193,-26.66,-9.46,31,1
P008,HRTF_A,32,0.019,0.51,0.47,5,1
P008,HRTF_A,32,0.036,0.62,0.34,5,1
P008,HRTF_A,32,0.053,0.81,0.1,5,1
P008,HRTF_A,32,0.069,0.85,0,5,1
P008,HRTF_A,32,0.087,0.86,-0.07,5,1
P008,HRTF_A,32,0.104,0.84,-0.12,5,1
P008,HRTF_A,32,0.121,0.79,-0.2,5,1
P008,HRTF_A,32,0.139,0.69,-0.48,5,1
P008,HRTF_A,32,0.156,0.61,-0.7,5,1
P008,HRTF_A,32,0.173,0.52,-0.97,5,1
P008,HRTF_A,32,0.19,0.41,-1.28,5,1
P008,HRTF_A,32,0.207,0.19,-1.91,5,1
P008,HRTF_A,32,0.223,0.13,-2.21,5,1
P008,HRTF_A,32,0.241,0.1,-2.44,5,1
P008,HRTF_A,32,0.258,0.07,-2.62,5,1
P008,HRTF_A,32,0.276,0,-2.9,5,1
P008,HRTF_A,32,0.292,-0.02,-2.89,5,1
P008,HRTF_A,32,0.309,-0.05,-2.83,5,1
P008,HRTF_A,32,0.326,-0.1,-2.72,5,1
P008,HRTF_A,32,0.342,-0.16,-2.59,5,1
P008,HRTF_A,32,0.359,-0.25,-2.28,5,1
P008,HRTF_A,32,0.376,-0.19,-2.12,5,1
P008,HRTF_A,32,0.394,0.04,-2.11,5,1
P008,HRTF_A,32,0.411,0.44,-2.14,5,1
P008,HRTF_A,32,0.427,1.35,-2.17,5,1
P008,HRTF_A,32,0.443,2.2,-2.18,5,1
P008,HRTF_A,32,0.46,3.27,-2.15,5,1
P008,HRTF_A,32,0.477,4.5,-2.09,5,1
P008,HRTF_A,32,0.493,5.81,-2.02,5,1
P008,HRTF_A,32,0.51,8.49,-1.88,5,1
P008,HRTF_A,32,0.527,10.06,-1.77,5,1
P008,HRTF_A,32,0.545,11.58,-1.72,5,1
P008,HRTF_A,32,0.561,13.05,-1.73,5,1
P008,HRTF_A,32,0.578,14.43,-1.8,5,1
P008,HRTF_A,32,0.594,17.06,-1.88,5,1
P008,HRTF_A,32,0.61,18.19,-1.87,5,1
P008,HRTF_A,32,0.627,19.21,-1.8,5,1
P008,HRTF_A,32,0.645,20.11,-1.69,5,1
P008,HRTF_A,32,0.662,20.93,-1.62,5,1
P008,HRTF_A,32,0.678,22.46,-1.54,5,1
P008,HRTF_A,32,0.695,23.01,-1.54,5,1
P008,HRTF_A,32,0.712,23.46,-1.56,5,1
P008,HRTF_A,32,0.729,23.88,-1.56,5,1
P008,HRTF_A,32,0.745,24.25,-1.56,5,1
P008,HRTF_A,32,0.762,25,-1.53,5,1
P008,HRTF_A,32,0.78,25.28,-1.48,5,1
P008,HRTF_A,32,0.797,25.54,-1.48,5,1
P008,HRTF_A,32,0.813,25.78,-1.48,5,1
P008,HRTF_A,32,0.83,26.02,-1.49,5,1
P008,HRTF_A,32,0.846,26.43,-1.52,5,1
P008,HRTF_A,32,0.863,26.57,-1.53,5,1
P008,HRTF_A,32,0.88,26.67,-1.53,5,1
P008,HRTF_A,32,0.897,26.73,-1.52,5,1
P008,HRTF_A,32,0.914,26.82,-1.54,5,1
P008,HRTF_A,32,0.931,26.79,-1.58,5,1
P008,HRTF_A,32,0.948,26.72,-1.59,5,1
P008,HRTF_A,32,0.965,26.61,-1.59,5,1
P008,HRTF_A,33,0.019,-0.26,-1.35,30,1
P008,HRTF_A,33,0.037,-0.1,-1.41,30,1
P008,HRTF_A,33,0.054,0.06,-1.47,30,1
P008,HRTF_A,33,0.071,0.5,-1.74,30,1
P008,HRTF_A,33,0.089,0.84,-2.06,30,1
P008,HRTF_A,33,0.106,1.08,-2.33,30,1
P008,HRTF_A,33,0.123,1.27,-2.57,30,1
P008,HRTF_A,33,0.14,1.49,-2.78,30,1
P008,HRTF_A,33,0.158,1.96,-3.14,30,1
P008,HRTF_A,33,0.175,2.22,-3.2,30,1
P008,HRTF_A,33,0.192,2.42,-3.23,30,1
P008,HRTF_A,33,0.21,2.61,-3.24,30,1
P008,HRTF_A,33,0.227,3,-3.23,30,1
P008,HRTF_A,33,0.245,3.17,-3.16,30,1
P008,HRTF_A,33,0.262,3.32,-3.07,30,1
P008,HRTF_A,33,0.278,3.45,-2.99,30,1
P008,HRTF_A,33,0.296,3.72,-2.86,30,1
P008,HRTF_A,33,0.313,3.82,-2.79,30,1
P008,HRTF_A,33,0.33,3.9,-2.71,30,1
P008,HRTF_A,33,0.348,3.93,-2.67,30,1
P008,HRTF_A,33,0.365,3.96,-2.66,30,1
P008,HRTF_A,33,0.381,3.92,-2.75,30,1
P008,HRTF_A,33,0.397,3.88,-2.83,30,1
P008,HRTF_A,33,0.414,3.81,-2.91,30,1
P008,HRTF_A,33,0.431,3.68,-3,30,1
P008,HRTF_A,33,0.448,3.3,-3.23,30,1
P008,HRTF_A,33,0.467,3,-3.38,30,1
P008,HRTF_A,33,0.483,2.69,-3.5,30,1
P008,HRTF_A,33,0.5,2.34,-3.63,30,1
P008,HRTF_A,33,0.518,1.54,-3.85,30,1
P008,HRTF_A,33,0.535,1.02,-3.9,30,1
P008,HRTF_A,33,0.551,0.51,-3.92,30,1
P008,HRTF_A,33,0.568,-0.06,-3.89,30,1
P008,HRTF_A,33,0.586,-1.32,-3.86,30,1
P008,HRTF_A,33,0.604,-2.22,-3.86,30,1
P008,HRTF_A,33,0.621,-3.21,-3.89,30,1
P008,HRTF_A,33,0.638,-4.22,-3.86,30,1
P008,HRTF_A,33,0.655,-6.38,-3.87,30,1
P008,HRTF_A,33,0.672,-7.77,-3.95,30,1
P008,HRTF_A,33,0.689,-9.41,-4.1,30,1
P008,HRTF_A,33,0.706,-11.18,-4.25,30,1
P008,HRTF_A,33,0.724,-14.68,-4.46,30,1
P008,HRTF_A,33,0.741,-16.52,-4.61,30,1
P008,HRTF_A,33,0.759,-18.41,-4.72,30,1
P008,HRTF_A,33,0.775,-20.32,-4.79,30,1
P008,HRTF_A,33,0.792,-22.16,-4.89,30,1
P008,HRTF_A,33,0.809,-25.68,-5.17,30,1
P008,HRTF_A,33,0.826,-27.25,-5.35,30,1
P008,HRTF_A,33,0.845,-28.71,-5.53,30,1
P008,HRTF_A,33,0.861,-30.12,-5.71,30,1
P008,HRTF_A,33,0.878,-32.88,-6.07,30,1
P008,HRTF_A,33,0.895,-34.08,-6.27,30,1
P008,HRTF_A,33,0.912,-35.17,-6.55,30,1
P008,HRTF_A,33,0.928,-36.22,-6.91,30,1
P008,HRTF_A,33,0.945,-37.2,-7.29,30,1
P008,HRTF_A,33,0.963,-39.04,-8.19,30,1
P008,HRTF_A,33,0.981,-39.81,-8.73,30,1
P008,HRTF_A,33,0.998,-40.51,-9.22,30,1
P008,HRTF_A,33,1.015,-41.19,-9.71,30,1
P008,HRTF_A,33,1.032,-42.45,-10.72,30,1
P008,HRTF_A,33,1.049,-42.91,-11.23,30,1
P008,HRTF_A,33,1.066,-43.36,-11.73,30,1
P008,HRTF_A,33,1.083,-43.75,-12.23,30,1
P008,HRTF_A,33,1.102,-44.52,-13.26,30,1
P008,HRTF_A,33,1.118,-44.82,-13.82,30,1
P008,HRTF_A,33,1.135,-45.06,-14.25,30,1
P008,HRTF_A,33,1.152,-45.3,-14.59,30,1
P008,HRTF_A,33,1.168,-45.48,-14.85,30,1
P008,HRTF_A,33,1.185,-45.8,-15.26,30,1
P008,HRTF_A,33,1.202,-45.88,-15.24,30,1
P008,HRTF_A,33,1.22,-45.94,-15.13,30,1
P008,HRTF_A,33,1.237,-45.99,-14.98,30,1
P008,HRTF_A,33,1.254,-46.07,-14.6,30,1
P008,HRTF_A,33,1.271,-46.06,-14.36,30,1
P008,HRTF_A,33,1.288,-46.01,-14.2,30,1
P008,HRTF_A,33,1.306,-45.93,-14.13,30,1
P008,HRTF_A,33,1.323,-45.76,-14.07,30,1
P008,HRTF_A,33,1.34,-45.6,-14.14,30,1
P008,HRTF_A,33,1.359,-45.37,-14.16,30,1
P008,HRTF_A,33,1.375,-45.11,-14.14,30,1
P008,HRTF_A,33,1.392,-44.54,-14.13,30,1
P008,HRTF_A,33,1.41,-44.19,-14.18,30,1
P008,HRTF_A,33,1.427,-43.84,-14.31,30,1
P008,HRTF_A,33,1.444,-43.45,-14.45,30,1
P008,HRTF_A,33,1.461,-42.6,-14.75,30,1
P008,HRTF_A,33,1.479,-42.03,-14.97,30,1
P008,HRTF_A,33,1.497,-41.49,-15.14,30,1
P008,HRTF_A,33,1.514,-40.96,-15.29,30,1
P008,HRTF_A,33,1.531,-39.87,-15.44,30,1
P008,HRTF_A,33,1.548,-39.29,-15.42,30,1
P008,HRTF_A,33,1.565,-38.64,-15.41,30,1
P008,HRTF_A,33,1.582,-37.98,-15.38,30,1
P008,HRTF_A,34,0.019,0.98,-0.79,13,1
P008,HRTF_A,34,0.037,1.1,-0.73,13,1
P008,HRTF_A,34,0.054,1.17,-0.72,13,1
P008,HRTF_A,34,0.072,1.25,-0.71,13,1
P008,HRTF_A,34,0.089,1.35,-0.68,13,1
P008,HRTF_A,34,0.108,1.56,-0.67,13,1
P008,HRTF_A,34,0.126,1.68,-0.68,13,1
P008,HRTF_A,34,0.143,1.78,-0.69,13,1
P008,HRTF_A,34,0.16,1.97,-0.73,13,1
P008,HRTF_A,34,0.177,2.04,-0.83,13,1
P008,HRTF_A,34,0.194,2.1,-0.95,13,1
P008,HRTF_A,34,0.211,2.15,-1.06,13,1
P008,HRTF_A,34,0.23,2.23,-1.26,13,1
P008,HRTF_A,34,0.247,2.22,-1.34,13,1
P008,HRTF_A,34,0.264,2.2,-1.43,13,1
P008,HRTF_A,34,0.282,2.15,-1.53,13,1
P008,HRTF_A,34,0.299,2.05,-1.77,13,1
P008,HRTF_A,34,0.317,1.98,-1.9,13,1
P008,HRTF_A,34,0.334,1.87,-2.04,13,1
P008,HRTF_A,34,0.352,1.71,-2.19,13,1
P008,HRTF_A,34,0.371,1.28,-2.51,13,1
P008,HRTF_A,34,0.388,0.98,-2.73,13,1
P008,HRTF_A,34,0.405,0.64,-2.96,13,1
P008,HRTF_A,34,0.423,0.25,-3.19,13,1
P008,HRTF_A,34,0.44,-0.65,-3.66,13,1
P008,HRTF_A,34,0.457,-1.34,-3.96,13,1
P008,HRTF_A,34,0.474,-2.11,-4.26,13,1
P008,HRTF_A,34,0.493,-3.71,-4.85,13,1
P008,HRTF_A,34,0.511,-4.73,-5.18,13,1
P008,HRTF_A,34,0.528,-5.86,-5.53,13,1
P008,HRTF_A,34,0.545,-7.1,-5.82,13,1
P008,HRTF_A,34,0.563,-9.61,-6.4,13,1
P008,HRTF_A,34,0.581,-10.98,-6.73,13,1
P008,HRTF_A,34,0.599,-12.55,-7.2,13,1
P008,HRTF_A,34,0.618,-16,-8.22,13,1
P008,HRTF_A,34,0.635,-17.96,-8.77,13,1
P008,HRTF_A,34,0.652,-19.92,-9.23,13,1
P008,HRTF_A,34,0.669,-21.87,-9.67,13,1
P008,HRTF_A,34,0.687,-23.8,-10.07,13,1
P008,HRTF_A,34,0.704,-27.57,-10.76,13,1
P008,HRTF_A,34,0.722,-29.26,-10.95,13,1
P008,HRTF_A,34,0.741,-30.68,-11.04,13,1
P008,HRTF_A,34,0.759,-33.42,-11.08,13,1
P008,HRTF_A,34,0.776,-34.35,-10.8,13,1
P008,HRTF_A,34,0.792,-35.19,-10.4,13,1
P008,HRTF_A,34,0.81,-35.84,-9.73,13,1
P008,HRTF_A,34,0.827,-36.95,-7.97,13,1
P008,HRTF_A,34,0.845,-37.17,-6.56,13,1
P008,HRTF_A,34,0.864,-37.29,-5.09,13,1
P008,HRTF_A,34,0.881,-37.32,-3.65,13,1
P008,HRTF_A,34,0.899,-37.24,-0.81,13,1
P008,HRTF_A,34,0.916,-37.05,0.5,13,1
P008,HRTF_A,34,0.934,-36.83,1.76,13,1
P008,HRTF_A,34,0.952,-36.36,4.15,13,1
P008,HRTF_A,34,0.969,-35.98,5.12,13,1
P008,HRTF_A,34,0.989,-35.53,5.87,13,1
P008,HRTF_A,34,1.007,-34.51,7.36,13,1
P008,HRTF_A,34,1.024,-33.72,7.98,13,1
P008,HRTF_A,34,1.041,-32.74,8.52,13,1
P008,HRTF_A,34,1.058,-31.57,8.81,13,1
P008,HRTF_A,34,1.076,-28.89,9.15,13,1
P008,HRTF_A,34,1.093,-27.02,9.07,13,1
P008,HRTF_A,34,1.11,-24.77,8.95,13,1
P008,HRTF_A,34,1.129,-22.28,8.73,13,1
P008,HRTF_A,34,1.146,-17.09,8.19,13,1
P008,HRTF_A,34,1.164,-13.88,7.72,13,1
P008,HRTF_A,34,1.181,-10.54,7.38,13,1
P008,HRTF_A,34,1.199,-7.08,7.17,13,1
P008,HRTF_A,34,1.216,-0.13,6.7,13,1
P008,HRTF_A,34,1.233,3.46,6.4,13,1
P008,HRTF_A,34,1.252,7.02,6.07,13,1
P008,HRTF_A,34,1.27,10.53,5.76,13,1
P008,HRTF_A,34,1.288,17.48,5.11,13,1
P008,HRTF_A,34,1.305,20.78,4.88,13,1
P008,HRTF_A,34,1.323,24,4.63,13,1
P008,HRTF_A,34,1.34,30.22,4.25,13,1
P008,HRTF_A,34,1.358,32.87,4.18,13,1
P008,HRTF_A,34,1.377,35.28,4.05,13,1
P008,HRTF_A,34,1.394,37.63,3.88,13,1
P008,HRTF_A,34,1.412,42.12,3.48,13,1
P008,HRTF_A,34,1.429,44,3.18,13,1
P008,HRTF_A,34,1.448,45.8,2.9,13,1
P008,HRTF_A,34,1.465,49.4,2.3,13,1
P008,HRTF_A,34,1.483,51.07,1.9,13,1
P008,HRTF_A,34,1.501,52.74,1.53,13,1
P008,HRTF_A,34,1.518,54.37,1.24,13,1
P008,HRTF_A,34,1.535,57.7,0.65,13,1
P008,HRTF_A,34,1.552,59.43,0.3,13,1
P008,HRTF_A,34,1.569,61.22,-0.12,13,1
P008,HRTF_A,34,1.587,63.03,-0.5,13,1
P008,HRTF_A,34,1.604,66.64,-1.26,13,1
P008,HRTF_A,34,1.622,68.48,-1.67,13,1
P008,HRTF_A,34,1.64,70.32,-2.08,13,1
P008,HRTF_A,34,1.657,72.13,-2.46,13,1
P008,HRTF_A,34,1.674,75.77,-3.2,13,1
P008,HRTF_A,34,1.691,77.53,-3.52,13,1
P008,HRTF_A,34,1.709,79.26,-3.88,13,1
P008,HRTF_A,34,1.727,80.96,-4.32,13,1
P008,HRTF_A,34,1.744,84.3,-5.16,13,1
P008,HRTF_A,34,1.763,85.88,-5.61,13,1
P008,HRTF_A,34,1.78,87.44,-5.97,13,1
P008,HRTF_A,34,1.797,88.95,-6.26,13,1
P008,HRTF_A,34,1.814,91.94,-6.79,13,1
P008,HRTF_A,34,1.832,93.38,-6.97,13,1
P008,HRTF_A,34,1.849,94.79,-7.08,13,1
P008,HRTF_A,34,1.866,96.15,-7.18,13,1
P008,HRTF_A,34,1.885,98.81,-7.4,13,1
P008,HRTF_A,34,1.902,100.06,-7.52,13,1
P008,HRTF_A,34,1.919,101.32,-7.66,13,1
P008,HRTF_A,34,1.936,102.57,-7.82,13,1
P008,HRTF_A,34,1.953,105.07,-8.22,13,1
P008,HRTF_A,34,1.971,106.23,-8.43,13,1
P008,HRTF_A,34,1.989,107.41,-8.62,13,1
P008,HRTF_A,34,2.007,109.81,-9.03,13,1
P008,HRTF_A,34,2.024,111,-9.23,13,1
P008,HRTF_A,34,2.042,112.15,-9.33,13,1
P008,HRTF_A,34,2.06,113.23,-9.41,13,1
P008,HRTF_A,34,2.077,115.3,-9.39,13,1
P008,HRTF_A,34,2.094,116.21,-9.25,13,1
P008,HRTF_A,34,2.112,117.08,-9.12,13,1
P008,HRTF_A,34,2.134,118.66,-8.74,13,1
P008,HRTF_A,34,2.152,119.33,-8.4,13,1
P008,HRTF_A,34,2.169,119.97,-8.08,13,1
P008,HRTF_A,34,2.187,120.5,-7.78,13,1
P008,HRTF_A,34,2.204,121.5,-7.25,13,1
P008,HRTF_A,34,2.22,121.89,-7.08,13,1
P008,HRTF_A,34,2.237,122.23,-6.93,13,1
P008,HRTF_A,34,2.254,122.51,-6.74,13,1
P008,HRTF_A,34,2.272,122.94,-6.46,13,1
P008,HRTF_A,34,2.29,123.06,-6.41,13,1
P008,HRTF_A,34,2.308,123.21,-6.39,13,1
P008,HRTF_A,34,2.324,123.35,-6.29,13,1
P008,HRTF_A,34,2.341,123.58,-5.98,13,1
P008,HRTF_A,34,2.358,123.71,-5.84,13,1
P008,HRTF_A,34,2.376,123.83,-5.69,13,1
P008,HRTF_A,34,2.395,123.93,-5.6,13,1
P008,HRTF_A,34,2.412,124.13,-5.44,13,1
P008,HRTF_A,34,2.43,124.2,-5.4,13,1
P008,HRTF_A,34,2.447,124.26,-5.39,13,1
P008,HRTF_A,34,2.464,124.3,-5.43,13,1
P008,HRTF_A,34,2.482,124.34,-5.54,13,1
P008,HRTF_A,34,2.499,124.31,-5.62,13,1
P008,HRTF_A,34,2.518,124.26,-5.69,13,1
P008,HRTF_A,34,2.535,124.13,-5.85,13,1
P008,HRTF_A,34,2.552,124.03,-5.93,13,1
P008,HRTF_A,34,2.569,123.93,-6.04,13,1
P008,HRTF_A,34,2.586,123.85,-6.13,13,1
P008,HRTF_A,34,2.603,123.76,-6.2,13,1
P008,HRTF_A,34,2.621,123.59,-6.27,13,1
P008,HRTF_A,34,2.639,123.54,-6.21,13,1
P008,HRTF_A,34,2.656,123.52,-6.16,13,1
P008,HRTF_A,34,2.674,123.49,-6.12,13,1
P008,HRTF_A,34,2.691,123.46,-6.15,13,1
P008,HRTF_A,34,2.708,123.4,-6.19,13,1
P008,HRTF_A,34,2.725,123.34,-6.23,13,1
P008,HRTF_A,34,2.743,123.21,-6.33,13,1
P008,HRTF_A,34,2.762,123.11,-6.36,13,1
P008,HRTF_A,34,2.78,123.04,-6.36,13,1
P008,HRTF_A,34,2.797,122.96,-6.35,13,1
P008,HRTF_A,35,0.02,0.97,-2.55,1,1
P008,HRTF_A,35,0.038,0.96,-2.52,1,1
P008,HRTF_A,35,0.056,0.95,-2.49,1,1
P008,HRTF_A,35,0.075,0.95,-2.4,1,1
P008,HRTF_A,35,0.093,0.98,-2.38,1,1
P008,HRTF_A,35,0.111,1,-2.41,1,1
P008,HRTF_A,35,0.129,1.01,-2.48,1,1
P008,HRTF_A,35,0.147,1,-2.53,1,1
P008,HRTF_A,35,0.166,0.99,-2.6,1,1
P008,HRTF_A,35,0.183,0.98,-2.97,1,1
P008,HRTF_A,35,0.202,0.97,-3.28,1,1
P008,HRTF_A,35,0.22,0.98,-3.47,1,1
P008,HRTF_A,35,0.238,0.97,-3.79,1,1
P008,HRTF_A,35,0.256,0.96,-3.86,1,1
P008,HRTF_A,35,0.273,0.93,-3.92,1,1
P008,HRTF_A,35,0.292,0.89,-3.93,1,1
P008,HRTF_A,35,0.309,0.76,-3.86,1,1
P008,HRTF_A,35,0.328,0.64,-3.72,1,1
P008,HRTF_A,35,0.346,0.51,-3.65,1,1
P008,HRTF_A,35,0.364,0.24,-3.52,1,1
P008,HRTF_A,35,0.381,0.09,-3.54,1,1
P008,HRTF_A,35,0.4,-0.02,-3.55,1,1
P008,HRTF_A,35,0.418,-0.09,-3.55,1,1
P008,HRTF_A,35,0.436,-0.2,-3.47,1,1
P008,HRTF_A,35,0.454,-0.21,-3.37,1,1
P008,HRTF_A,35,0.472,-0.23,-3.29,1,1
P008,HRTF_A,35,0.49,-0.27,-3.17,1,1
P008,HRTF_A,35,0.508,-0.25,-3.14,1,1
P008,HRTF_A,35,0.526,-0.23,-3.07,1,1
P008,HRTF_A,35,0.544,-0.2,-2.9,1,1
P008,HRTF_A,35,0.561,-0.15,-2.81,1,1
P008,HRTF_A,35,0.58,-0.11,-2.77,1,1
P008,HRTF_A,35,0.598,-0.07,-2.78,1,1
P008,HRTF_A,35,0.616,0.02,-2.83,1,1
P008,HRTF_A,35,0.633,0.06,-2.86,1,1
P008,HRTF_A,35,0.651,0.11,-2.88,1,1
P008,HRTF_A,35,0.668,0.2,-2.88,1,1
P008,HRTF_A,35,0.686,0.25,-2.88,1,1
P008,HRTF_A,35,0.709,0.31,-2.93,1,1
P008,HRTF_A,36,0.02,1.2,-3.47,9,1
P008,HRTF_A,36,0.038,1.23,-3.47,9,1
P008,HRTF_A,36,0.056,1.26,-3.46,9,1
P008,HRTF_A,36,0.075,1.33,-3.43,9,1
P008,HRTF_A,36,0.095,1.36,-3.41,9,1
P008,HRTF_A,36,0.113,1.43,-3.35,9,1
P008,HRTF_A,36,0.131,1.46,-3.33,9,1
P008,HRTF_A,36,0.149,1.49,-3.31,9,1
P008,HRTF_A,36,0.167,1.54,-3.3,9,1
P008,HRTF_A,36,0.185,1.56,-3.32,9,1
P008,HRTF_A,36,0.204,1.58,-3.33,9,1
P008,HRTF_A,36,0.223,1.61,-3.32,9,1
P008,HRTF_A,36,0.241,1.62,-3.32,9,1
P008,HRTF_A,36,0.259,1.63,-3.33,9,1
P008,HRTF_A,36,0.277,1.62,-3.33,9,1
P008,HRTF_A,36,0.294,1.63,-3.36,9,1
P008,HRTF_A,36,0.313,1.64,-3.38,9,1
P008,HRTF_A,36,0.331,1.64,-3.37,9,1
P008,HRTF_A,36,0.351,1.63,-3.36,9,1
P008,HRTF_A,36,0.369,1.62,-3.31,9,1
P008,HRTF_A,36,0.387,1.62,-3.28,9,1
P008,HRTF_A,36,0.405,1.62,-3.25,9,1
P008,HRTF_A,36,0.423,1.63,-3.26,9,1
P008,HRTF_A,36,0.442,1.62,-3.26,9,1
P008,HRTF_A,36,0.461,1.61,-3.27,9,1
P008,HRTF_A,36,0.479,1.61,-3.26,9,1
P008,HRTF_A,36,0.497,1.61,-3.27,9,1
P008,HRTF_A,36,0.515,1.61,-3.28,9,1
P008,HRTF_A,36,0.533,1.61,-3.32,9,1
P008,HRTF_A,36,0.551,1.61,-3.34,9,1
P008,HRTF_A,36,0.569,1.6,-3.36,9,1
P008,HRTF_A,36,0.588,1.6,-3.38,9,1
P008,HRTF_A,36,0.608,1.61,-3.38,9,1
P008,HRTF_A,36,0.626,1.6,-3.41,9,1
P008,HRTF_A,36,0.644,1.58,-3.44,9,1
P008,HRTF_A,36,0.662,1.54,-3.48,9,1
P008,HRTF_A,36,0.681,1.45,-3.54,9,1
P008,HRTF_A,36,0.699,1.19,-3.65,9,1
P008,HRTF_A,36,0.718,0.93,-3.67,9,1
P008,HRTF_A,36,0.736,0.68,-3.68,9,1
P008,HRTF_A,36,0.754,0.09,-3.69,9,1
P008,HRTF_A,36,0.772,-0.38,-3.71,9,1
P008,HRTF_A,36,0.791,-0.88,-3.72,9,1
P008,HRTF_A,36,0.809,-1.92,-3.7,9,1
P008,HRTF_A,36,0.827,-2.42,-3.71,9,1
P008,HRTF_A,36,0.846,-2.93,-3.69,9,1
P008,HRTF_A,36,0.864,-3.81,-3.65,9,1
P008,HRTF_A,36,0.882,-4.03,-3.67,9,1
P008,HRTF_A,36,0.9,-4.1,-3.74,9,1
P008,HRTF_A,36,0.918,-4.07,-3.95,9,1
P008,HRTF_A,36,0.936,-3.52,-4.06,9,1
P008,HRTF_A,36,0.955,-2.63,-4.2,9,1
P008,HRTF_A,36,0.974,-0.49,-4.58,9,1
P008,HRTF_A,36,0.992,1.31,-4.93,9,1
P008,HRTF_A,36,1.01,3.3,-5.36,9,1
P008,HRTF_A,36,1.028,5.5,-5.81,9,1
P008,HRTF_A,36,1.046,10.37,-6.68,9,1
P008,HRTF_A,36,1.065,13.33,-7.05,9,1
P008,HRTF_A,36,1.084,19.33,-7.69,9,1
P008,HRTF_A,36,1.102,22.72,-7.84,9,1
P008,HRTF_A,36,1.12,26.16,-7.91,9,1
P008,HRTF_A,36,1.138,29.66,-7.87,9,1
P008,HRTF_A,36,1.156,36.69,-7.69,9,1
P008,HRTF_A,36,1.174,40.35,-7.44,9,1
P008,HRTF_A,36,1.192,44.01,-7.2,9,1
P008,HRTF_A,36,1.211,51.3,-6.73,9,1
P008,HRTF_A,36,1.229,54.84,-6.46,9,1
P008,HRTF_A,36,1.247,58.3,-6.18,9,1
P008,HRTF_A,36,1.265,65.13,-5.61,9,1
P008,HRTF_A,36,1.283,68.39,-5.31,9,1
P008,HRTF_A,36,1.301,71.51,-5.03,9,1
P008,HRTF_A,36,1.319,74.5,-4.7,9,1
P008,HRTF_A,36,1.338,80.33,-4.08,9,1
P008,HRTF_A,36,1.357,83.07,-3.88,9,1
P008,HRTF_A,36,1.375,85.74,-3.65,9,1
P008,HRTF_A,36,1.393,90.88,-3.17,9,1
P008,HRTF_A,36,1.411,93.03,-2.91,9,1
P008,HRTF_A,36,1.429,94.9,-2.67,9,1
P008,HRTF_A,36,1.448,98.27,-2.31,9,1
P008,HRTF_A,36,1.467,99.33,-2.23,9,1
P008,HRTF_A,36,1.485,100.19,-2.16,9,1
P008,HRTF_A,36,1.503,101.64,-2.05,9,1
P008,HRTF_A,36,1.521,101.79,-2.05,9,1
P008,HRTF_A,36,1.539,101.83,-2.07,9,1
P008,HRTF_A,36,1.557,101.84,-2.12,9,1
P008,HRTF_A,36,1.575,101.58,-2.18,9,1
P008,HRTF_A,36,1.594,101.28,-2.23,9,1
P008,HRTF_A,36,1.612,100.77,-2.4,9,1
P008,HRTF_A,36,1.63,100.49,-2.57,9,1
P008,HRTF_A,36,1.647,100.22,-2.69,9,1
P008,HRTF_A,36,1.665,99.95,-2.78,9,1
P008,HRTF_A,36,1.683,99.45,-2.91,9,1
P008,HRTF_A,36,1.701,99.25,-2.91,9,1
P008,HRTF_A,36,1.721,99.07,-2.86,9,1
P008,HRTF_A,36,1.739,98.71,-2.78,9,1
P008,HRTF_A,36,1.757,98.54,-2.76,9,1
P008,HRTF_A,36,1.774,98.35,-2.8,9,1
P008,HRTF_A,36,1.793,97.94,-2.89,9,1
P008,HRTF_A,37,0.022,-1.99,-1.76,20,1
P008,HRTF_A,37,0.041,-1.78,-1.79,20,1
P008,HRTF_A,37,0.059,-1.56,-1.81,20,1
P008,HRTF_A,37,0.078,-1.11,-1.87,20,1
P008,HRTF_A,37,0.097,-0.87,-1.9,20,1
P008,HRTF_A,37,0.115,-0.63,-1.9,20,1
P008,HRTF_A,37,0.133,-0.15,-1.91,20,1
P008,HRTF_A,37,0.153,0.11,-1.88,20,1
P008,HRTF_A,37,0.171,0.6,-1.8,20,1
P008,HRTF_A,37,0.19,0.81,-1.81,20,1
P008,HRTF_A,37,0.208,1.01,-1.8,20,1
P008,HRTF_A,37,0.227,1.17,-1.8,20,1
P008,HRTF_A,37,0.245,1.51,-1.78,20,1
P008,HRTF_A,37,0.263,1.64,-1.76,20,1
P008,HRTF_A,37,0.283,1.83,-1.69,20,1
P008,HRTF_A,37,0.302,1.83,-1.63,20,1
P008,HRTF_A,37,0.321,1.75,-1.58,20,1
P008,HRTF_A,37,0.34,1.49,-1.5,20,1
P008,HRTF_A,37,0.358,1.08,-1.46,20,1
P008,HRTF_A,37,0.376,0.56,-1.41,20,1
P008,HRTF_A,37,0.396,-0.75,-1.31,20,1
P008,HRTF_A,37,0.415,-1.78,-1.26,20,1
P008,HRTF_A,37,0.434,-3,-1.17,20,1
P008,HRTF_A,37,0.452,-5.59,-1,20,1
P008,HRTF_A,37,0.471,-7.24,-0.89,20,1
P008,HRTF_A,37,0.489,-8.89,-0.77,20,1
P008,HRTF_A,37,0.508,-12.12,-0.49,20,1
P008,HRTF_A,37,0.527,-13.7,-0.3,20,1
P008,HRTF_A,37,0.546,-16.79,0.07,20,1
P008,HRTF_A,37,0.565,-18.16,0.27,20,1
P008,HRTF_A,37,0.583,-19.49,0.45,20,1
P008,HRTF_A,37,0.602,-22.09,0.79,20,1
P008,HRTF_A,37,0.62,-23.25,0.95,20,1
P008,HRTF_A,37,0.639,-24.32,1.15,20,1
P008,HRTF_A,37,0.659,-26.43,1.6,20,1
P008,HRTF_A,37,0.678,-27.41,1.85,20,1
P008,HRTF_A,37,0.696,-28.41,2.16,20,1
P008,HRTF_A,37,0.715,-30.37,2.73,20,1
P008,HRTF_A,37,0.733,-31.34,3.08,20,1
P008,HRTF_A,37,0.751,-32.3,3.43,20,1
P008,HRTF_A,37,0.771,-34.23,4.15,20,1
P008,HRTF_A,37,0.789,-35.23,4.46,20,1
P008,HRTF_A,37,0.808,-36.26,4.8,20,1
P008,HRTF_A,37,0.826,-38.35,5.49,20,1
P008,HRTF_A,37,0.844,-39.57,5.82,20,1
P008,HRTF_A,37,0.863,-40.8,6.07,20,1
P008,HRTF_A,37,0.881,-43.3,6.56,20,1
P008,HRTF_A,37,0.901,-44.65,6.79,20,1
P008,HRTF_A,37,0.919,-46.07,6.93,20,1
P008,HRTF_A,37,0.937,-48.97,7.19,20,1
P008,HRTF_A,37,0.956,-50.54,7.26,20,1
P008,HRTF_A,37,0.974,-52.09,7.26,20,1
P008,HRTF_A,37,0.993,-55.17,7.23,20,1
P008,HRTF_A,37,1.011,-56.7,7.16,20,1
P008,HRTF_A,37,1.031,-58.24,7.02,20,1
P008,HRTF_A,37,1.049,-61.24,6.71,20,1
P008,HRTF_A,37,1.067,-62.64,6.45,20,1
P008,HRTF_A,37,1.085,-64,6.15,20,1
P008,HRTF_A,37,1.103,-66.6,5.49,20,1
P008,HRTF_A,37,1.122,-67.76,5.08,20,1
P008,HRTF_A,37,1.14,-68.86,4.65,20,1
P008,HRTF_A,37,1.16,-70.91,3.84,20,1
P008,HRTF_A,37,1.178,-71.75,3.47,20,1
P008,HRTF_A,37,1.196,-72.5,3.08,20,1
P008,HRTF_A,37,1.214,-73.93,2.18,20,1
P008,HRTF_A,37,1.233,-74.52,1.6,20,1
P008,HRTF_A,37,1.251,-75.08,1.03,20,1
P008,HRTF_A,37,1.271,-76.24,-0.07,20,1
P008,HRTF_A,37,1.289,-76.76,-0.6,20,1
P008,HRTF_A,37,1.307,-77.27,-1.12,20,1
P008,HRTF_A,37,1.326,-78.34,-2.17,20,1
P008,HRTF_A,37,1.344,-78.87,-2.61,20,1
P008,HRTF_A,37,1.362,-79.48,-3.03,20,1
P008,HRTF_A,37,1.38,-80.7,-3.94,20,1
P008,HRTF_A,37,1.4,-81.46,-4.39,20,1
P008,HRTF_A,37,1.418,-82.2,-4.85,20,1
P008,HRTF_A,37,1.437,-83.76,-5.75,20,1
P008,HRTF_A,37,1.455,-84.61,-6.21,20,1
P008,HRTF_A,37,1.474,-85.5,-6.7,20,1
P008,HRTF_A,37,1.493,-87.27,-7.73,20,1
P008,HRTF_A,37,1.511,-88.13,-8.31,20,1
P008,HRTF_A,37,1.53,-88.96,-8.84,20,1
P008,HRTF_A,37,1.549,-90.54,-9.77,20,1
P008,HRTF_A,37,1.567,-91.25,-10.06,20,1
P008,HRTF_A,37,1.585,-91.95,-10.32,20,1
P008,HRTF_A,37,1.603,-93.38,-10.73,20,1
P008,HRTF_A,37,1.622,-94.05,-10.78,20,1
P008,HRTF_A,37,1.64,-94.8,-10.8,20,1
P008,HRTF_A,37,1.659,-96.41,-10.93,20,1
P008,HRTF_A,37,1.679,-97.4,-10.99,20,1
P008,HRTF_A,37,1.697,-98.43,-11.07,20,1
P008,HRTF_A,37,1.715,-100.57,-11.26,20,1
P008,HRTF_A,37,1.733,-101.83,-11.32,20,1
P008,HRTF_A,37,1.752,-103.14,-11.31,20,1
P008,HRTF_A,37,1.771,-105.81,-11.28,20,1
P008,HRTF_A,37,1.79,-107.28,-11.12,20,1
P008,HRTF_A,37,1.808,-108.74,-11,20,1
P008,HRTF_A,37,1.826,-111.65,-10.76,20,1
P008,HRTF_A,37,1.844,-113.08,-10.58,20,1
P008,HRTF_A,37,1.863,-114.52,-10.32,20,1
P008,HRTF_A,37,1.881,-117.38,-9.71,20,1
P008,HRTF_A,37,1.908,-118.77,-9.34,20,1
P008,HRTF_A,37,1.926,-121.57,-8.58,20,1
P008,HRTF_A,37,1.944,-122.98,-8.16,20,1
P008,HRTF_A,37,1.962,-124.37,-7.73,20,1
P008,HRTF_A,37,1.981,-127.13,-6.84,20,1
P008,HRTF_A,37,1.999,-128.44,-6.37,20,1
P008,HRTF_A,37,2.018,-129.73,-5.9,20,1
P008,HRTF_A,37,2.037,-132.22,-5.01,20,1
P008,HRTF_A,37,2.056,-133.32,-4.62,20,1
P008,HRTF_A,37,2.074,-135.53,-3.8,20,1
P008,HRTF_A,37,2.093,-136.54,-3.45,20,1
P008,HRTF_A,37,2.112,-137.51,-3.16,20,1
P008,HRTF_A,37,2.13,-139.33,-2.62,20,1
P008,HRTF_A,37,2.149,-140.09,-2.55,20,1
P008,HRTF_A,37,2.168,-140.77,-2.56,20,1
P008,HRTF_A,37,2.187,-142.13,-2.58,20,1
P008,HRTF_A,37,2.205,-142.7,-2.73,20,1
P008,HRTF_A,37,2.223,-143.27,-2.88,20,1
P008,HRTF_A,37,2.242,-144.39,-3.2,20,1
P008,HRTF_A,37,2.26,-144.89,-3.42,20,1
P008,HRTF_A,37,2.279,-145.35,-3.64,20,1
P008,HRTF_A,37,2.298,-146.31,-4.07,20,1
P008,HRTF_A,37,2.317,-146.78,-4.29,20,1
P008,HRTF_A,37,2.336,-147.21,-4.49,20,1
P008,HRTF_A,37,2.354,-148.03,-4.88,20,1
P008,HRTF_A,37,2.373,-148.36,-4.91,20,1
P008,HRTF_A,37,2.391,-148.59,-4.8,20,1
P008,HRTF_A,37,2.411,-148.87,-4.26,20,1
P008,HRTF_A,37,2.429,-148.7,-3.63,20,1
P008,HRTF_A,37,2.447,-148.44,-2.83,20,1
P008,HRTF_A,37,2.466,-147.82,-1.09,20,1
P008,HRTF_A,37,2.484,-147.26,0.11,20,1
P008,HRTF_A,37,2.502,-146.68,1.3,20,1
P008,HRTF_A,37,2.52,-145.59,3.64,20,1
P008,HRTF_A,37,2.54,-145.17,4.54,20,1
P008,HRTF_A,37,2.558,-144.92,5.24,20,1
P008,HRTF_A,37,2.577,-144.4,6.61,20,1
P008,HRTF_A,37,2.595,-144.11,7.32,20,1
P008,HRTF_A,37,2.613,-143.77,8.02,20,1
P008,HRTF_A,37,2.631,-143.2,9.28,20,1
P008,HRTF_A,37,2.65,-142.99,9.73,20,1
P008,HRTF_A,37,2.669,-142.74,10.09,20,1
P008,HRTF_A,37,2.687,-142.19,10.78,20,1
P008,HRTF_A,37,2.706,-141.87,10.97,20,1
P008,HRTF_A,37,2.724,-141.57,11.09,20,1
P008,HRTF_A,37,2.743,-140.99,11.32,20,1
P008,HRTF_A,37,2.761,-140.65,11.4,20,1
P008,HRTF_A,37,2.779,-140.29,11.5,20,1
P008,HRTF_A,38,0.02,-1.34,-0.42,25,1
P008,HRTF_A,38,0.04,-1.46,-0.45,25,1
P008,HRTF_A,38,0.06,-1.75,-0.55,25,1
P008,HRTF_A,38,0.079,-2.02,-0.53,25,1
P008,HRTF_A,38,0.098,-2.34,-0.56,25,1
P008,HRTF_A,38,0.117,-3.03,-0.65,25,1
P008,HRTF_A,38,0.135,-3.51,-0.69,25,1
P008,HRTF_A,38,0.154,-4.01,-0.66,25,1
P008,HRTF_A,38,0.172,-5.11,-0.67,25,1
P008,HRTF_A,38,0.193,-5.87,-0.89,25,1
P008,HRTF_A,38,0.211,-7.39,-1.37,25,1
P008,HRTF_A,38,0.23,-8.28,-1.63,25,1
P008,HRTF_A,38,0.25,-9.3,-1.89,25,1
P008,HRTF_A,38,0.269,-11.57,-2.37,25,1
P008,HRTF_A,38,0.29,-13.07,-2.58,25,1
P008,HRTF_A,38,0.314,-16.13,-2.98,25,1
P008,HRTF_A,38,0.333,-18.08,-3.1,25,1
P008,HRTF_A,38,0.352,-22.01,-3.26,25,1
P008,HRTF_A,38,0.371,-24.22,-3.23,25,1
P008,HRTF_A,38,0.39,-26.47,-3.14,25,1
P008,HRTF_A,38,0.409,-31.03,-2.9,25,1
P008,HRTF_A,38,0.429,-33.36,-2.6,25,1
P008,HRTF_A,38,0.449,-38.02,-1.94,25,1
P008,HRTF_A,38,0.469,-40.34,-1.47,25,1
P008,HRTF_A,38,0.487,-42.63,-1,25,1
P008,HRTF_A,38,0.506,-47.11,-0.17,25,1
P008,HRTF_A,38,0.525,-49.3,0.11,25,1
P008,HRTF_A,38,0.544,-51.46,0.27,25,1
P008,HRTF_A,38,0.563,-55.71,0.43,25,1
P008,HRTF_A,38,0.584,-57.77,0.34,25,1
P008,HRTF_A,38,0.603,-61.92,0.14,25,1
P008,HRTF_A,38,0.623,-64.02,-0.03,25,1
P008,HRTF_A,38,0.642,-68.22,-0.36,25,1
P008,HRTF_A,38,0.661,-70.37,-0.59,25,1
P008,HRTF_A,38,0.68,-72.6,-0.9,25,1
P008,HRTF_A,38,0.7,-77.13,-1.46,25,1
P008,HRTF_A,38,0.719,-79.36,-1.74,25,1
P008,HRTF_A,38,0.738,-81.51,-1.99,25,1
P008,HRTF_A,38,0.757,-85.63,-2.45,25,1
P008,HRTF_A,38,0.776,-87.42,-2.6,25,1
P008,HRTF_A,38,0.796,-90.9,-2.79,25,1
P008,HRTF_A,38,0.815,-92.27,-2.75,25,1
P008,HRTF_A,38,0.834,-93.52,-2.69,25,1
P008,HRTF_A,38,0.853,-95.84,-2.54,25,1
P008,HRTF_A,38,0.871,-96.67,-2.4,25,1
P008,HRTF_A,38,0.89,-97.39,-2.26,25,1
P008,HRTF_A,38,0.909,-98.72,-2.04,25,1
P008,HRTF_A,38,0.929,-99.15,-1.97,25,1
P008,HRTF_A,38,0.949,-99.95,-1.83,25,1
P008,HRTF_A,38,0.969,-100.14,-1.78,25,1
P008,HRTF_A,38,0.988,-100.3,-1.77,25,1
P008,HRTF_A,38,1.007,-100.58,-1.73,25,1
P008,HRTF_A,38,1.026,-100.6,-1.75,25,1
P008,HRTF_A,38,1.045,-100.65,-1.8,25,1
P008,HRTF_A,38,1.064,-100.6,-1.9,25,1
P008,HRTF_A,38,1.084,-100.53,-2,25,1
P008,HRTF_A,38,1.103,-100.38,-2.22,25,1
P008,HRTF_A,38,1.122,-100.23,-2.36,25,1
P008,HRTF_A,38,1.142,-99.94,-2.61,25,1
P008,HRTF_A,38,1.161,-99.78,-2.7,25,1
P008,HRTF_A,38,1.179,-99.64,-2.75,25,1
P008,HRTF_A,38,1.199,-99.4,-2.84,25,1
P008,HRTF_A,38,1.219,-99.3,-2.85,25,1
P008,HRTF_A,38,1.238,-99.21,-2.86,25,1
P008,HRTF_A,38,1.257,-99.03,-2.84,25,1
P008,HRTF_A,38,1.276,-98.93,-2.82,25,1
P008,HRTF_A,38,1.295,-98.65,-2.8,25,1
P008,HRTF_A,38,1.314,-98.47,-2.77,25,1
P008,HRTF_A,38,1.333,-98.26,-2.78,25,1
P008,HRTF_A,39,0.021,-4.5,-1.08,6,1
P008,HRTF_A,39,0.041,-5.42,-1.09,6,1
P008,HRTF_A,39,0.06,-5.88,-1.08,6,1
P008,HRTF_A,39,0.079,-6.35,-1.09,6,1
P008,HRTF_A,39,0.098,-7.3,-1.1,6,1
P008,HRTF_A,39,0.119,-7.78,-1.18,6,1
P008,HRTF_A,39,0.138,-8.78,-1.29,6,1
P008,HRTF_A,39,0.157,-9.33,-1.33,6,1
P008,HRTF_A,39,0.176,-9.92,-1.37,6,1
P008,HRTF_A,39,0.195,-11.09,-1.46,6,1
P008,HRTF_A,39,0.215,-11.78,-1.5,6,1
P008,HRTF_A,39,0.239,-13.46,-1.67,6,1
P008,HRTF_A,39,0.259,-14.66,-1.78,6,1
P008,HRTF_A,39,0.277,-17.26,-1.93,6,1
P008,HRTF_A,39,0.296,-19.07,-1.98,6,1
P008,HRTF_A,39,0.315,-21.1,-1.97,6,1
P008,HRTF_A,39,0.334,-25.32,-1.97,6,1
P008,HRTF_A,39,0.354,-27.86,-1.91,6,1
P008,HRTF_A,39,0.374,-32.98,-1.86,6,1
P008,HRTF_A,39,0.393,-35.82,-1.87,6,1
P008,HRTF_A,39,0.412,-38.64,-1.89,6,1
P008,HRTF_A,39,0.431,-44.29,-1.94,6,1
P008,HRTF_A,39,0.45,-47.24,-1.95,6,1
P008,HRTF_A,39,0.471,-53.19,-1.99,6,1
P008,HRTF_A,39,0.492,-56.22,-1.98,6,1
P008,HRTF_A,39,0.512,-62.17,-1.98,6,1
P008,HRTF_A,39,0.531,-65.16,-1.96,6,1
P008,HRTF_A,39,0.551,-68.11,-2.01,6,1
P008,HRTF_A,39,0.57,-73.92,-2.17,6,1
P008,HRTF_A,39,0.59,-76.61,-2.37,6,1
P008,HRTF_A,39,0.609,-81.95,-2.8,6,1
P008,HRTF_A,39,0.63,-84.39,-3.04,6,1
P008,HRTF_A,39,0.65,-86.72,-3.28,6,1
P008,HRTF_A,39,0.67,-91.13,-3.75,6,1
P008,HRTF_A,39,0.689,-93.06,-3.98,6,1
P008,HRTF_A,39,0.708,-96.81,-4.4,6,1
P008,HRTF_A,39,0.729,-98.39,-4.47,6,1
P008,HRTF_A,39,0.749,-101.48,-4.7,6,1
P008,HRTF_A,39,0.769,-102.88,-4.77,6,1
P008,HRTF_A,39,0.789,-105.62,-4.95,6,1
P008,HRTF_A,39,0.808,-106.75,-4.99,6,1
P008,HRTF_A,39,0.828,-107.8,-5.07,6,1
P008,HRTF_A,39,0.847,-109.83,-5.27,6,1
P008,HRTF_A,39,0.867,-110.66,-5.4,6,1
P008,HRTF_A,39,0.886,-112.04,-5.64,6,1
P008,HRTF_A,39,0.905,-112.29,-5.67,6,1
P008,HRTF_A,39,0.924,-112.37,-5.62,6,1
P008,HRTF_A,39,0.943,-112.29,-5.49,6,1
P008,HRTF_A,39,0.963,-111.65,-5.33,6,1
P008,HRTF_A,39,0.982,-110.85,-5.15,6,1
P008,HRTF_A,39,1.003,-108.95,-4.85,6,1
P008,HRTF_A,39,1.022,-107.52,-4.77,6,1
P008,HRTF_A,39,1.042,-104.37,-4.65,6,1
P008,HRTF_A,39,1.06,-102.22,-4.64,6,1
P008,HRTF_A,39,1.08,-99.88,-4.63,6,1
P008,HRTF_A,39,1.099,-94.95,-4.51,6,1
P008,HRTF_A,39,1.126,-89.04,-4.17,6,1
P008,HRTF_A,39,1.146,-85.59,-3.9,6,1
P008,HRTF_A,39,1.165,-78.6,-3.4,6,1
P008,HRTF_A,39,1.185,-74.6,-3.1,6,1
P008,HRTF_A,39,1.205,-66.47,-2.48,6,1
P008,HRTF_A,39,1.225,-61.9,-2.28,6,1
P008,HRTF_A,39,1.244,-57.31,-2.1,6,1
P008,HRTF_A,39,1.266,-48.2,-1.68,6,1
P008,HRTF_A,39,1.285,-43.54,-1.51,6,1
P008,HRTF_A,39,1.305,-34.26,-1.25,6,1
P008,HRTF_A,39,1.324,-29.74,-1.2,6,1
P008,HRTF_A,39,1.344,-20.9,-1.07,6,1
P008,HRTF_A,39,1.364,-16.76,-1.04,6,1
P008,HRTF_A,39,1.385,-12.81,-1.12,6,1
P008,HRTF_A,39,1.405,-5.1,-1.42,6,1
P008,HRTF_A,39,1.425,-1.69,-1.64,6,1
P008,HRTF_A,39,1.444,4.8,-2.02,6,1
P008,HRTF_A,39,1.464,7.47,-2.13,6,1
P008,HRTF_A,39,1.483,12.59,-2.44,6,1
P008,HRTF_A,39,1.504,14.51,-2.64,6,1
P008,HRTF_A,39,1.523,16.29,-2.85,6,1
P008,HRTF_A,39,1.543,19.67,-3.21,6,1
P008,HRTF_A,39,1.562,20.88,-3.28,6,1
P008,HRTF_A,39,1.582,23.3,-3.31,6,1
P008,HRTF_A,39,1.601,24.24,-3.13,6,1
P008,HRTF_A,39,1.62,25.2,-2.93,6,1
P008,HRTF_A,39,1.642,27.16,-2.34,6,1
P008,HRTF_A,39,1.661,28.15,-1.75,6,1
P008,HRTF_A,39,1.681,30.24,-0.64,6,1
P008,HRTF_A,39,1.7,31.35,0.03,6,1
P008,HRTF_A,39,1.719,32.42,0.62,6,1
P008,HRTF_A,39,1.739,34.57,1.41,6,1
P008,HRTF_A,39,1.76,35.68,1.33,6,1
P008,HRTF_A,39,1.78,37.83,0.93,6,1
P008,HRTF_A,39,1.803,39.7,-0.52,6,1
P008,HRTF_A,39,1.822,40.43,-1.62,6,1
P008,HRTF_A,39,1.842,41.1,-2.72,6,1
P008,HRTF_A,39,1.86,42.36,-4.9,6,1
P008,HRTF_A,39,1.88,42.77,-6.01,6,1
P008,HRTF_A,39,1.9,43.46,-7.97,6,1
P008,HRTF_A,39,1.919,43.61,-8.63,6,1
P008,HRTF_A,39,1.939,43.69,-9.1,6,1
P008,HRTF_A,39,1.958,43.85,-9.87,6,1
P008,HRTF_A,39,1.977,43.76,-9.89,6,1
P008,HRTF_A,39,1.996,43.61,-9.82,6,1
P008,HRTF_A,39,2.017,43.22,-9.61,6,1
P008,HRTF_A,39,2.036,42.86,-9.35,6,1
P008,HRTF_A,39,2.055,42.07,-8.76,6,1
P008,HRTF_A,39,2.075,41.61,-8.34,6,1
P008,HRTF_A,39,2.094,41.15,-8.01,6,1
P008,HRTF_A,39,2.114,40.23,-7.38,6,1
P008,HRTF_A,39,2.134,39.69,-7.06,6,1
P008,HRTF_A,39,2.154,38.57,-6.46,6,1
P008,HRTF_A,39,2.173,37.95,-6.31,6,1
P008,HRTF_A,39,2.193,36.79,-6.1,6,1
P008,HRTF_A,39,2.211,36.24,-6.15,6,1
P008,HRTF_A,39,2.231,35.72,-6.22,6,1
P008,HRTF_A,39,2.251,34.75,-6.39,6,1
P008,HRTF_A,39,2.272,34.38,-6.56,6,1
P008,HRTF_B,0,0.014,3.61,-3.08,21,1
P008,HRTF_B,0,0.028,3.64,-3.09,21,1
P008,HRTF_B,0,0.042,3.67,-3.11,21,1
P008,HRTF_B,0,0.056,3.69,-3.11,21,1
P008,HRTF_B,0,0.069,3.71,-3.11,21,1
P008,HRTF_B,0,0.083,3.73,-3.11,21,1
P008,HRTF_B,0,0.097,3.75,-3.1,21,1
P008,HRTF_B,0,0.111,3.78,-3.09,21,1
P008,HRTF_B,0,0.125,3.8,-3.11,21,1
P008,HRTF_B,0,0.139,3.8,-3.13,21,1
P008,HRTF_B,0,0.152,3.79,-3.17,21,1
P008,HRTF_B,0,0.166,3.76,-3.22,21,1
P008,HRTF_B,0,0.18,3.72,-3.27,21,1
P008,HRTF_B,0,0.195,3.68,-3.3,21,1
P008,HRTF_B,0,0.208,3.62,-3.31,21,1
P008,HRTF_B,0,0.222,3.53,-3.31,21,1
P008,HRTF_B,0,0.236,3.44,-3.3,21,1
P008,HRTF_B,0,0.25,3.32,-3.27,21,1
P008,HRTF_B,0,0.264,3.18,-3.24,21,1
P008,HRTF_B,0,0.277,3.03,-3.21,21,1
P008,HRTF_B,0,0.291,2.88,-3.18,21,1
P008,HRTF_B,0,0.305,2.72,-3.18,21,1
P008,HRTF_B,0,0.319,2.57,-3.19,21,1
P008,HRTF_B,0,0.333,2.42,-3.2,21,1
P008,HRTF_B,0,0.347,2.29,-3.2,21,1
P008,HRTF_B,0,0.361,2.15,-3.21,21,1
P008,HRTF_B,0,0.375,2.03,-3.2,21,1
P008,HRTF_B,0,0.389,1.93,-3.19,21,1
P008,HRTF_B,0,0.403,1.85,-3.16,21,1
P008,HRTF_B,0,0.417,1.79,-3.14,21,1
P008,HRTF_B,0,0.43,1.75,-3.1,21,1
P008,HRTF_B,0,0.445,1.71,-3.04,21,1
P008,HRTF_B,0,0.458,1.71,-2.98,21,1
P008,HRTF_B,0,0.472,1.75,-2.91,21,1
P008,HRTF_B,0,0.486,1.8,-2.81,21,1
P008,HRTF_B,0,0.5,1.89,-2.68,21,1
P008,HRTF_B,0,0.514,2.02,-2.49,21,1
P008,HRTF_B,0,0.528,2.16,-2.26,21,1
P008,HRTF_B,0,0.542,2.33,-2.02,21,1
P008,HRTF_B,0,0.556,2.51,-1.74,21,1
P008,HRTF_B,0,0.569,2.75,-1.45,21,1
P008,HRTF_B,0,0.584,3.05,-1.14,21,1
P008,HRTF_B,0,0.597,3.41,-0.78,21,1
P008,HRTF_B,0,0.611,3.81,-0.4,21,1
P008,HRTF_B,0,0.625,4.36,0.02,21,1
P008,HRTF_B,0,0.639,5.06,0.47,21,1
P008,HRTF_B,0,0.653,5.97,0.96,21,1
P008,HRTF_B,0,0.666,7.02,1.52,21,1
P008,HRTF_B,0,0.68,8.23,2.11,21,1
P008,HRTF_B,0,0.694,9.6,2.74,21,1
P008,HRTF_B,0,0.708,11.12,3.35,21,1
P008,HRTF_B,0,0.722,12.77,4.02,21,1
P008,HRTF_B,0,0.736,14.53,4.72,21,1
P008,HRTF_B,0,0.75,16.35,5.41,21,1
P008,HRTF_B,0,0.764,18.24,6.09,21,1
P008,HRTF_B,0,0.777,20.15,6.75,21,1
P008,HRTF_B,0,0.792,22.05,7.44,21,1
P008,HRTF_B,0,0.805,23.92,8.12,21,1
P008,HRTF_B,0,0.819,25.73,8.81,21,1
P008,HRTF_B,0,0.833,27.43,9.49,21,1
P008,HRTF_B,0,0.847,28.98,10.14,21,1
P008,HRTF_B,0,0.861,30.42,10.77,21,1
P008,HRTF_B,0,0.875,31.74,11.32,21,1
P008,HRTF_B,0,0.889,32.91,11.81,21,1
P008,HRTF_B,0,0.902,33.96,12.25,21,1
P008,HRTF_B,0,0.916,34.87,12.66,21,1
P008,HRTF_B,0,0.931,35.64,13.06,21,1
P008,HRTF_B,0,0.944,36.28,13.4,21,1
P008,HRTF_B,0,0.958,36.81,13.69,21,1
P008,HRTF_B,0,0.972,37.23,13.92,21,1
P008,HRTF_B,0,0.986,37.55,14.12,21,1
P008,HRTF_B,0,1,37.73,14.28,21,1
P008,HRTF_B,0,1.014,37.78,14.36,21,1
P008,HRTF_B,0,1.027,37.64,14.4,21,1
P008,HRTF_B,0,1.041,37.34,14.34,21,1
P008,HRTF_B,0,1.055,36.88,14.23,21,1
P008,HRTF_B,0,1.069,36.23,14.08,21,1
P008,HRTF_B,0,1.083,35.41,13.87,21,1
P008,HRTF_B,0,1.097,34.41,13.61,21,1
P008,HRTF_B,0,1.111,33.27,13.31,21,1
P008,HRTF_B,0,1.125,31.98,12.95,21,1
P008,HRTF_B,0,1.139,30.56,12.57,21,1
P008,HRTF_B,0,1.153,29.06,12.12,21,1
P008,HRTF_B,0,1.166,27.46,11.64,21,1
P008,HRTF_B,0,1.18,25.82,11.13,21,1
P008,HRTF_B,0,1.194,24.15,10.63,21,1
P008,HRTF_B,0,1.208,22.46,10.11,21,1
P008,HRTF_B,0,1.222,20.77,9.61,21,1
P008,HRTF_B,0,1.236,19.08,9.08,21,1
P008,HRTF_B,0,1.249,17.4,8.54,21,1
P008,HRTF_B,0,1.263,15.74,7.98,21,1
P008,HRTF_B,0,1.278,14.15,7.41,21,1
P008,HRTF_B,0,1.292,12.57,6.87,21,1
P008,HRTF_B,0,1.305,11.04,6.32,21,1
P008,HRTF_B,0,1.319,9.51,5.82,21,1
P008,HRTF_B,0,1.333,8.03,5.33,21,1
P008,HRTF_B,0,1.347,6.56,4.89,21,1
P008,HRTF_B,0,1.361,5.17,4.48,21,1
P008,HRTF_B,0,1.375,3.79,4.06,21,1
P008,HRTF_B,0,1.388,2.43,3.65,21,1
P008,HRTF_B,0,1.403,1.08,3.27,21,1
P008,HRTF_B,0,1.416,-0.24,2.98,21,1
P008,HRTF_B,0,1.43,-1.57,2.7,21,1
P008,HRTF_B,0,1.444,-2.9,2.46,21,1
P008,HRTF_B,0,1.458,-4.26,2.27,21,1
P008,HRTF_B,0,1.472,-5.67,2.11,21,1
P008,HRTF_B,0,1.486,-7.05,1.93,21,1
P008,HRTF_B,0,1.5,-8.45,1.73,21,1
P008,HRTF_B,0,1.513,-9.8,1.52,21,1
P008,HRTF_B,0,1.527,-11.14,1.3,21,1
P008,HRTF_B,0,1.541,-12.52,1.03,21,1
P008,HRTF_B,0,1.555,-13.9,0.78,21,1
P008,HRTF_B,0,1.569,-15.28,0.53,21,1
P008,HRTF_B,0,1.583,-16.64,0.34,21,1
P008,HRTF_B,0,1.597,-17.97,0.22,21,1
P008,HRTF_B,0,1.611,-19.27,0.12,21,1
P008,HRTF_B,0,1.625,-20.56,0.07,21,1
P008,HRTF_B,0,1.639,-21.85,0.05,21,1
P008,HRTF_B,0,1.652,-23.12,0.1,21,1
P008,HRTF_B,0,1.667,-24.35,0.19,21,1
P008,HRTF_B,0,1.68,-25.53,0.34,21,1
P008,HRTF_B,0,1.694,-26.66,0.53,21,1
P008,HRTF_B,0,1.708,-27.75,0.78,21,1
P008,HRTF_B,0,1.723,-28.77,1.07,21,1
P008,HRTF_B,0,1.736,-29.69,1.36,21,1
P008,HRTF_B,0,1.75,-30.51,1.61,21,1
P008,HRTF_B,0,1.764,-31.21,1.73,21,1
P008,HRTF_B,0,1.777,-31.79,1.77,21,1
P008,HRTF_B,0,1.791,-32.23,1.65,21,1
P008,HRTF_B,0,1.805,-32.48,1.44,21,1
P008,HRTF_B,0,1.819,-32.46,1.19,21,1
P008,HRTF_B,0,1.833,-32.12,0.92,21,1
P008,HRTF_B,0,1.847,-31.5,0.73,21,1
P008,HRTF_B,0,1.861,-30.59,0.51,21,1
P008,HRTF_B,0,1.875,-29.41,0.3,21,1
P008,HRTF_B,0,1.889,-27.95,0.06,21,1
P008,HRTF_B,0,1.902,-26.16,-0.18,21,1
P008,HRTF_B,0,1.917,-24.09,-0.41,21,1
P008,HRTF_B,0,1.931,-21.73,-0.65,21,1
P008,HRTF_B,0,1.944,-19.03,-0.86,21,1
P008,HRTF_B,0,1.958,-16.14,-1.07,21,1
P008,HRTF_B,0,1.972,-13.03,-1.25,21,1
P008,HRTF_B,0,1.986,-9.66,-1.42,21,1
P008,HRTF_B,0,2,-6.09,-1.62,21,1
P008,HRTF_B,0,2.014,-2.29,-1.82,21,1
P008,HRTF_B,0,2.028,1.69,-2.02,21,1
P008,HRTF_B,0,2.042,5.86,-2.18,21,1
P008,HRTF_B,0,2.056,10.18,-2.35,21,1
P008,HRTF_B,0,2.069,14.62,-2.5,21,1
P008,HRTF_B,0,2.083,19.15,-2.63,21,1
P008,HRTF_B,0,2.097,23.74,-2.72,21,1
P008,HRTF_B,0,2.111,28.33,-2.79,21,1
P008,HRTF_B,0,2.125,32.88,-2.82,21,1
P008,HRTF_B,0,2.139,37.38,-2.84,21,1
P008,HRTF_B,0,2.153,41.81,-2.82,21,1
P008,HRTF_B,0,2.167,46.14,-2.83,21,1
P008,HRTF_B,0,2.18,50.34,-2.8,21,1
P008,HRTF_B,0,2.194,54.37,-2.75,21,1
P008,HRTF_B,0,2.208,58.21,-2.68,21,1
P008,HRTF_B,0,2.222,61.81,-2.61,21,1
P008,HRTF_B,0,2.236,65.21,-2.55,21,1
P008,HRTF_B,0,2.25,68.32,-2.54,21,1
P008,HRTF_B,0,2.264,71.17,-2.57,21,1
P008,HRTF_B,0,2.278,73.76,-2.61,21,1
P008,HRTF_B,0,2.292,76.09,-2.68,21,1
P008,HRTF_B,0,2.306,78.21,-2.74,21,1
P008,HRTF_B,0,2.32,80.11,-2.78,21,1
P008,HRTF_B,0,2.333,81.82,-2.79,21,1
P008,HRTF_B,0,2.348,83.34,-2.78,21,1
P008,HRTF_B,0,2.361,84.74,-2.72,21,1
P008,HRTF_B,0,2.375,86.01,-2.65,21,1
P008,HRTF_B,0,2.389,87.17,-2.57,21,1
P008,HRTF_B,0,2.403,88.25,-2.45,21,1
P008,HRTF_B,0,2.417,89.24,-2.33,21,1
P008,HRTF_B,0,2.431,90.15,-2.17,21,1
P008,HRTF_B,0,2.445,91.01,-1.99,21,1
P008,HRTF_B,0,2.458,91.82,-1.77,21,1
P008,HRTF_B,0,2.472,92.56,-1.5,21,1
P008,HRTF_B,0,2.486,93.22,-1.21,21,1
P008,HRTF_B,0,2.5,93.8,-0.91,21,1
P008,HRTF_B,0,2.514,94.28,-0.63,21,1
P008,HRTF_B,0,2.528,94.71,-0.39,21,1
P008,HRTF_B,0,2.542,95.02,-0.19,21,1
P008,HRTF_B,0,2.556,95.23,0,21,1
P008,HRTF_B,0,2.569,95.3,0.18,21,1
P008,HRTF_B,0,2.584,95.23,0.38,21,1
P008,HRTF_B,0,2.597,95,0.58,21,1
P008,HRTF_B,0,2.611,94.57,0.76,21,1
P008,HRTF_B,0,2.625,93.95,0.86,21,1
P008,HRTF_B,0,2.639,93.21,0.9,21,1
P008,HRTF_B,0,2.653,92.35,0.94,21,1
P008,HRTF_B,0,2.667,91.35,1.01,21,1
P008,HRTF_B,0,2.681,90.22,1.12,21,1
P008,HRTF_B,0,2.694,88.99,1.31,21,1
P008,HRTF_B,0,2.708,87.55,1.54,21,1
P008,HRTF_B,0,2.722,85.92,1.83,21,1
P008,HRTF_B,0,2.736,84.1,2.14,21,1
P008,HRTF_B,0,2.75,82.09,2.44,21,1
P008,HRTF_B,0,2.764,79.88,2.69,21,1
P008,HRTF_B,0,2.778,77.46,2.93,21,1
P008,HRTF_B,0,2.792,74.83,3.12,21,1
P008,HRTF_B,0,2.806,71.95,3.32,21,1
P008,HRTF_B,0,2.82,68.86,3.48,21,1
P008,HRTF_B,0,2.833,65.54,3.58,21,1
P008,HRTF_B,0,2.847,62.07,3.63,21,1
P008,HRTF_B,0,2.861,58.44,3.61,21,1
P008,HRTF_B,0,2.875,54.64,3.52,21,1
P008,HRTF_B,0,2.889,50.68,3.37,21,1
P008,HRTF_B,0,2.903,46.57,3.17,21,1
P008,HRTF_B,0,2.916,42.31,2.9,21,1
P008,HRTF_B,0,2.93,37.93,2.58,21,1
P008,HRTF_B,0,2.944,33.45,2.23,21,1
P008,HRTF_B,0,2.958,28.89,1.85,21,1
P008,HRTF_B,0,2.972,24.26,1.45,21,1
P008,HRTF_B,0,2.986,19.56,1.03,21,1
P008,HRTF_B,0,3,14.86,0.62,21,1
P008,HRTF_B,0,3.013,10.2,0.22,21,1
P008,HRTF_B,0,3.028,5.59,-0.19,21,1
P008,HRTF_B,0,3.042,1.04,-0.58,21,1
P008,HRTF_B,0,3.055,-3.46,-1,21,1
P008,HRTF_B,0,3.069,-7.9,-1.44,21,1
P008,HRTF_B,0,3.083,-12.28,-1.88,21,1
P008,HRTF_B,0,3.097,-16.61,-2.29,21,1
P008,HRTF_B,0,3.111,-20.87,-2.66,21,1
P008,HRTF_B,0,3.125,-25.04,-3,21,1
P008,HRTF_B,0,3.139,-29.16,-3.32,21,1
P008,HRTF_B,0,3.153,-33.19,-3.62,21,1
P008,HRTF_B,0,3.167,-37.1,-3.87,21,1
P008,HRTF_B,0,3.18,-40.86,-4.08,21,1
P008,HRTF_B,0,3.195,-44.5,-4.31,21,1
P008,HRTF_B,0,3.208,-48,-4.61,21,1
P008,HRTF_B,0,3.222,-51.4,-4.96,21,1
P008,HRTF_B,0,3.236,-54.65,-5.31,21,1
P008,HRTF_B,0,3.25,-57.71,-5.64,21,1
P008,HRTF_B,0,3.264,-60.64,-6.01,21,1
P008,HRTF_B,0,3.278,-63.44,-6.38,21,1
P008,HRTF_B,0,3.292,-66.1,-6.75,21,1
P008,HRTF_B,0,3.306,-68.66,-7.09,21,1
P008,HRTF_B,0,3.32,-71.07,-7.44,21,1
P008,HRTF_B,0,3.333,-73.41,-7.77,21,1
P008,HRTF_B,0,3.347,-75.69,-8.11,21,1
P008,HRTF_B,0,3.361,-77.92,-8.38,21,1
P008,HRTF_B,0,3.375,-80.12,-8.64,21,1
P008,HRTF_B,0,3.389,-82.28,-8.87,21,1
P008,HRTF_B,0,3.402,-84.37,-9.09,21,1
P008,HRTF_B,0,3.417,-86.4,-9.33,21,1
P008,HRTF_B,0,3.431,-88.37,-9.57,21,1
P008,HRTF_B,0,3.444,-90.3,-9.84,21,1
P008,HRTF_B,0,3.458,-92.19,-10.1,21,1
P008,HRTF_B,0,3.472,-94.04,-10.34,21,1
P008,HRTF_B,0,3.486,-95.88,-10.54,21,1
P008,HRTF_B,0,3.5,-97.7,-10.72,21,1
P008,HRTF_B,0,3.514,-99.52,-10.87,21,1
P008,HRTF_B,0,3.528,-101.37,-10.99,21,1
P008,HRTF_B,0,3.541,-103.26,-11.1,21,1
P008,HRTF_B,0,3.556,-105.2,-11.22,21,1
P008,HRTF_B,0,3.57,-107.2,-11.35,21,1
P008,HRTF_B,0,3.584,-109.22,-11.51,21,1
P008,HRTF_B,0,3.597,-111.28,-11.74,21,1
P008,HRTF_B,0,3.611,-113.39,-12,21,1
P008,HRTF_B,0,3.625,-115.46,-12.24,21,1
P008,HRTF_B,0,3.639,-117.48,-12.5,21,1
P008,HRTF_B,0,3.653,-119.44,-12.72,21,1
P008,HRTF_B,0,3.667,-121.3,-12.88,21,1
P008,HRTF_B,0,3.68,-123.05,-12.97,21,1
P008,HRTF_B,0,3.695,-124.67,-12.96,21,1
P008,HRTF_B,0,3.708,-126.14,-12.87,21,1
P008,HRTF_B,0,3.722,-127.45,-12.68,21,1
P008,HRTF_B,0,3.736,-128.57,-12.4,21,1
P008,HRTF_B,0,3.75,-129.54,-12.09,21,1
P008,HRTF_B,0,3.764,-130.36,-11.73,21,1
P008,HRTF_B,0,3.778,-131,-11.36,21,1
P008,HRTF_B,0,3.792,-131.57,-10.96,21,1
P008,HRTF_B,0,3.805,-132.03,-10.55,21,1
P008,HRTF_B,0,3.82,-132.47,-10.18,21,1
P008,HRTF_B,0,3.834,-132.85,-9.85,21,1
P008,HRTF_B,0,3.847,-133.22,-9.63,21,1
P008,HRTF_B,0,3.861,-133.53,-9.47,21,1
P008,HRTF_B,0,3.875,-133.82,-9.31,21,1
P008,HRTF_B,0,3.889,-134.05,-9.17,21,1
P008,HRTF_B,0,3.903,-134.26,-9.08,21,1
P008,HRTF_B,0,3.917,-134.41,-9.03,21,1
P008,HRTF_B,0,3.93,-134.53,-9.04,21,1
P008,HRTF_B,0,3.944,-134.61,-9.09,21,1
P008,HRTF_B,0,3.958,-134.66,-9.18,21,1
P008,HRTF_B,0,3.972,-134.68,-9.29,21,1
P008,HRTF_B,0,3.986,-134.68,-9.38,21,1
P008,HRTF_B,0,4,-134.63,-9.46,21,1
P008,HRTF_B,0,4.014,-134.57,-9.52,21,1
P008,HRTF_B,0,4.028,-134.48,-9.59,21,1
P008,HRTF_B,0,4.042,-134.36,-9.66,21,1
P008,HRTF_B,0,4.055,-134.21,-9.73,21,1
P008,HRTF_B,0,4.069,-134.02,-9.8,21,1
P008,HRTF_B,0,4.083,-133.79,-9.86,21,1
P008,HRTF_B,0,4.097,-133.49,-9.92,21,1
P008,HRTF_B,0,4.111,-133.13,-9.97,21,1
P008,HRTF_B,0,4.125,-132.7,-10.02,21,1
P008,HRTF_B,0,4.139,-132.21,-10.04,21,1
P008,HRTF_B,0,4.153,-131.66,-10.06,21,1
P008,HRTF_B,0,4.167,-131.08,-10.06,21,1
P008,HRTF_B,0,4.181,-130.46,-10.08,21,1
P008,HRTF_B,0,4.194,-129.83,-10.06,21,1
P008,HRTF_B,0,4.209,-129.2,-10.05,21,1
P008,HRTF_B,0,4.222,-128.59,-10.03,21,1
P008,HRTF_B,0,4.236,-127.95,-10.04,21,1
P008,HRTF_B,0,4.25,-127.35,-10.02,21,1
P008,HRTF_B,1,0.013,2.64,1.08,23,1
P008,HRTF_B,1,0.027,2.63,0.96,23,1
P008,HRTF_B,1,0.041,2.64,0.83,23,1
P008,HRTF_B,1,0.055,2.65,0.69,23,1
P008,HRTF_B,1,0.069,2.67,0.57,23,1
P008,HRTF_B,1,0.083,2.68,0.46,23,1
P008,HRTF_B,1,0.097,2.67,0.36,23,1
P008,HRTF_B,1,0.111,2.64,0.27,23,1
P008,HRTF_B,1,0.124,2.61,0.16,23,1
P008,HRTF_B,1,0.139,2.54,0.04,23,1
P008,HRTF_B,1,0.152,2.46,-0.08,23,1
P008,HRTF_B,1,0.166,2.37,-0.23,23,1
P008,HRTF_B,1,0.18,2.27,-0.44,23,1
P008,HRTF_B,1,0.194,2.16,-0.68,23,1
P008,HRTF_B,1,0.208,2.04,-0.93,23,1
P008,HRTF_B,1,0.222,1.89,-1.19,23,1
P008,HRTF_B,1,0.236,1.72,-1.41,23,1
P008,HRTF_B,1,0.249,1.51,-1.59,23,1
P008,HRTF_B,1,0.264,1.26,-1.72,23,1
P008,HRTF_B,1,0.278,0.96,-1.76,23,1
P008,HRTF_B,1,0.291,0.59,-1.77,23,1
P008,HRTF_B,1,0.305,0.17,-1.78,23,1
P008,HRTF_B,1,0.32,-0.35,-1.76,23,1
P008,HRTF_B,1,0.333,-1,-1.75,23,1
P008,HRTF_B,1,0.347,-1.79,-1.72,23,1
P008,HRTF_B,1,0.361,-2.7,-1.66,23,1
P008,HRTF_B,1,0.375,-3.73,-1.58,23,1
P008,HRTF_B,1,0.388,-4.88,-1.49,23,1
P008,HRTF_B,1,0.402,-6.2,-1.38,23,1
P008,HRTF_B,1,0.417,-7.65,-1.29,23,1
P008,HRTF_B,1,0.43,-9.22,-1.14,23,1
P008,HRTF_B,1,0.444,-10.88,-0.99,23,1
P008,HRTF_B,1,0.458,-12.64,-0.81,23,1
P008,HRTF_B,1,0.472,-14.46,-0.62,23,1
P008,HRTF_B,1,0.486,-16.31,-0.37,23,1
P008,HRTF_B,1,0.5,-18.2,-0.09,23,1
P008,HRTF_B,1,0.514,-20.11,0.19,23,1
P008,HRTF_B,1,0.528,-22.01,0.52,23,1
P008,HRTF_B,1,0.542,-23.89,0.85,23,1
P008,HRTF_B,1,0.555,-25.74,1.12,23,1
P008,HRTF_B,1,0.569,-27.55,1.34,23,1
P008,HRTF_B,1,0.584,-29.35,1.47,23,1
P008,HRTF_B,1,0.597,-31.09,1.55,23,1
P008,HRTF_B,1,0.611,-32.77,1.61,23,1
P008,HRTF_B,1,0.625,-34.4,1.61,23,1
P008,HRTF_B,1,0.639,-35.99,1.59,23,1
P008,HRTF_B,1,0.653,-37.56,1.53,23,1
P008,HRTF_B,1,0.666,-39.14,1.43,23,1
P008,HRTF_B,1,0.68,-40.66,1.34,23,1
P008,HRTF_B,1,0.694,-42.2,1.28,23,1
P008,HRTF_B,1,0.708,-43.73,1.19,23,1
P008,HRTF_B,1,0.722,-45.28,1.1,23,1
P008,HRTF_B,1,0.736,-46.87,1.04,23,1
P008,HRTF_B,1,0.749,-48.48,0.97,23,1
P008,HRTF_B,1,0.763,-50.08,0.91,23,1
P008,HRTF_B,1,0.778,-51.73,0.84,23,1
P008,HRTF_B,1,0.792,-53.45,0.77,23,1
P008,HRTF_B,1,0.805,-55.25,0.65,23,1
P008,HRTF_B,1,0.819,-57.08,0.54,23,1
P008,HRTF_B,1,0.833,-58.98,0.47,23,1
P008,HRTF_B,1,0.847,-60.88,0.38,23,1
P008,HRTF_B,1,0.861,-62.83,0.3,23,1
P008,HRTF_B,1,0.875,-64.82,0.21,23,1
P008,HRTF_B,1,0.889,-66.79,0.09,23,1
P008,HRTF_B,1,0.903,-68.75,-0.02,23,1
P008,HRTF_B,1,0.917,-70.74,-0.14,23,1
P008,HRTF_B,1,0.93,-72.72,-0.29,23,1
P008,HRTF_B,1,0.944,-74.7,-0.45,23,1
P008,HRTF_B,1,0.958,-76.64,-0.62,23,1
P008,HRTF_B,1,0.972,-78.53,-0.79,23,1
P008,HRTF_B,1,0.986,-80.36,-0.98,23,1
P008,HRTF_B,1,1,-82.15,-1.2,23,1
P008,HRTF_B,1,1.014,-83.9,-1.45,23,1
P008,HRTF_B,1,1.028,-85.6,-1.67,23,1
P008,HRTF_B,1,1.042,-87.26,-1.92,23,1
P008,HRTF_B,1,1.056,-88.86,-2.17,23,1
P008,HRTF_B,1,1.069,-90.44,-2.43,23,1
P008,HRTF_B,1,1.083,-91.98,-2.69,23,1
P008,HRTF_B,1,1.097,-93.5,-2.96,23,1
P008,HRTF_B,1,1.111,-95.02,-3.24,23,1
P008,HRTF_B,1,1.125,-96.52,-3.55,23,1
P008,HRTF_B,1,1.139,-98.04,-3.85,23,1
P008,HRTF_B,1,1.153,-99.56,-4.2,23,1
P008,HRTF_B,1,1.167,-101.14,-4.56,23,1
P008,HRTF_B,1,1.18,-102.72,-4.91,23,1
P008,HRTF_B,1,1.194,-104.32,-5.24,23,1
P008,HRTF_B,1,1.208,-105.91,-5.55,23,1
P008,HRTF_B,1,1.222,-107.5,-5.81,23,1
P008,HRTF_B,1,1.236,-109.07,-6.02,23,1
P008,HRTF_B,1,1.25,-110.61,-6.18,23,1
P008,HRTF_B,1,1.264,-112.11,-6.29,23,1
P008,HRTF_B,1,1.277,-113.58,-6.37,23,1
P008,HRTF_B,1,1.293,-115.03,-6.44,23,1
P008,HRTF_B,1,1.305,-116.41,-6.49,23,1
P008,HRTF_B,1,1.319,-117.75,-6.55,23,1
P008,HRTF_B,1,1.333,-119.05,-6.61,23,1
P008,HRTF_B,1,1.347,-120.33,-6.67,23,1
P008,HRTF_B,1,1.361,-121.54,-6.73,23,1
P008,HRTF_B,1,1.375,-122.72,-6.83,23,1
P008,HRTF_B,1,1.389,-123.84,-6.93,23,1
P008,HRTF_B,1,1.403,-124.92,-7.06,23,1
P008,HRTF_B,1,1.417,-125.96,-7.24,23,1
P008,HRTF_B,1,1.43,-126.97,-7.44,23,1
P008,HRTF_B,1,1.445,-127.96,-7.67,23,1
P008,HRTF_B,1,1.458,-128.88,-7.93,23,1
P008,HRTF_B,1,1.472,-129.77,-8.22,23,1
P008,HRTF_B,1,1.486,-130.59,-8.52,23,1
P008,HRTF_B,1,1.5,-131.34,-8.85,23,1
P008,HRTF_B,1,1.514,-132.03,-9.24,23,1
P008,HRTF_B,1,1.528,-132.63,-9.68,23,1
P008,HRTF_B,1,1.542,-133.13,-10.2,23,1
P008,HRTF_B,1,1.555,-133.53,-10.77,23,1
P008,HRTF_B,1,1.569,-133.8,-11.42,23,1
P008,HRTF_B,1,1.583,-133.96,-12.11,23,1
P008,HRTF_B,1,1.597,-133.98,-12.81,23,1
P008,HRTF_B,1,1.611,-133.85,-13.54,23,1
P008,HRTF_B,1,1.625,-133.56,-14.25,23,1
P008,HRTF_B,1,1.639,-133.12,-14.96,23,1
P008,HRTF_B,1,1.653,-132.48,-15.68,23,1
P008,HRTF_B,1,1.666,-131.67,-16.41,23,1
P008,HRTF_B,1,1.68,-130.63,-17.15,23,1
P008,HRTF_B,1,1.694,-129.38,-17.86,23,1
P008,HRTF_B,1,1.708,-127.94,-18.56,23,1
P008,HRTF_B,1,1.722,-126.29,-19.22,23,1
P008,HRTF_B,1,1.736,-124.4,-19.81,23,1
P008,HRTF_B,1,1.75,-122.26,-20.29,23,1
P008,HRTF_B,1,1.764,-119.84,-20.68,23,1
P008,HRTF_B,1,1.778,-117.1,-20.97,23,1
P008,HRTF_B,1,1.792,-114.01,-21.18,23,1
P008,HRTF_B,1,1.806,-110.51,-21.33,23,1
P008,HRTF_B,1,1.819,-106.67,-21.37,23,1
P008,HRTF_B,1,1.833,-102.53,-21.35,23,1
P008,HRTF_B,1,1.847,-98.18,-21.23,23,1
P008,HRTF_B,1,1.861,-93.6,-21,23,1
P008,HRTF_B,1,1.875,-88.81,-20.67,23,1
P008,HRTF_B,1,1.889,-83.89,-20.23,23,1
P008,HRTF_B,1,1.903,-78.86,-19.7,23,1
P008,HRTF_B,1,1.917,-73.8,-19.01,23,1
P008,HRTF_B,1,1.93,-68.89,-18.21,23,1
P008,HRTF_B,1,1.945,-63.98,-17.36,23,1
P008,HRTF_B,1,1.958,-59.14,-16.43,23,1
P008,HRTF_B,1,1.972,-54.33,-15.46,23,1
P008,HRTF_B,1,1.986,-49.63,-14.47,23,1
P008,HRTF_B,1,2,-45.05,-13.54,23,1
P008,HRTF_B,1,2.014,-40.62,-12.65,23,1
P008,HRTF_B,1,2.028,-36.42,-11.89,23,1
P008,HRTF_B,1,2.042,-32.57,-11.36,23,1
P008,HRTF_B,1,2.055,-29.05,-11.14,23,1
P008,HRTF_B,1,2.069,-25.81,-11.05,23,1
P008,HRTF_B,1,2.083,-22.81,-11.07,23,1
P008,HRTF_B,1,2.097,-20.06,-11.12,23,1
P008,HRTF_B,1,2.111,-17.56,-11.29,23,1
P008,HRTF_B,1,2.125,-15.38,-11.63,23,1
P008,HRTF_B,1,2.139,-13.51,-12.13,23,1
P008,HRTF_B,1,2.153,-11.9,-12.76,23,1
P008,HRTF_B,1,2.167,-10.53,-13.42,23,1
P008,HRTF_B,1,2.18,-9.4,-14.08,23,1
P008,HRTF_B,1,2.195,-8.55,-14.8,23,1
P008,HRTF_B,1,2.208,-8,-15.57,23,1
P008,HRTF_B,1,2.222,-7.77,-16.41,23,1
P008,HRTF_B,1,2.236,-7.86,-17.22,23,1
P008,HRTF_B,1,2.25,-8.26,-18,23,1
P008,HRTF_B,1,2.264,-8.99,-18.87,23,1
P008,HRTF_B,1,2.277,-10.03,-19.78,23,1
P008,HRTF_B,1,2.291,-11.35,-20.7,23,1
P008,HRTF_B,1,2.305,-12.91,-21.56,23,1
P008,HRTF_B,1,2.319,-14.7,-22.35,23,1
P008,HRTF_B,1,2.333,-16.71,-23.1,23,1
P008,HRTF_B,1,2.347,-18.96,-23.85,23,1
P008,HRTF_B,1,2.361,-21.34,-24.63,23,1
P008,HRTF_B,1,2.375,-23.9,-25.44,23,1
P008,HRTF_B,1,2.389,-26.63,-26.29,23,1
P008,HRTF_B,1,2.403,-29.55,-27.17,23,1
P008,HRTF_B,1,2.417,-32.61,-28.03,23,1
P008,HRTF_B,1,2.431,-35.85,-28.9,23,1
P008,HRTF_B,1,2.445,-39.23,-29.75,23,1
P008,HRTF_B,1,2.458,-42.7,-30.53,23,1
P008,HRTF_B,1,2.472,-46.26,-31.22,23,1
P008,HRTF_B,1,2.486,-49.85,-31.86,23,1
P008,HRTF_B,1,2.5,-53.47,-32.4,23,1
P008,HRTF_B,1,2.514,-57.07,-32.9,23,1
P008,HRTF_B,1,2.527,-60.64,-33.3,23,1
P008,HRTF_B,1,2.541,-64.12,-33.64,23,1
P008,HRTF_B,1,2.555,-67.48,-33.85,23,1
P008,HRTF_B,1,2.569,-70.71,-33.96,23,1
P008,HRTF_B,1,2.583,-73.83,-34.01,23,1
P008,HRTF_B,1,2.597,-76.85,-33.96,23,1
P008,HRTF_B,1,2.611,-79.71,-33.8,23,1
P008,HRTF_B,1,2.625,-82.35,-33.5,23,1
P008,HRTF_B,1,2.639,-84.86,-33.12,23,1
P008,HRTF_B,1,2.652,-87.13,-32.7,23,1
P008,HRTF_B,1,2.666,-89.23,-32.29,23,1
P008,HRTF_B,1,2.68,-91.25,-31.91,23,1
P008,HRTF_B,1,2.694,-93.1,-31.59,23,1
P008,HRTF_B,1,2.708,-94.76,-31.31,23,1
P008,HRTF_B,1,2.722,-96.31,-31.08,23,1
P008,HRTF_B,1,2.736,-97.79,-30.89,23,1
P008,HRTF_B,1,2.75,-99.22,-30.71,23,1
P008,HRTF_B,1,2.764,-100.62,-30.61,23,1
P008,HRTF_B,1,2.778,-102,-30.55,23,1
P008,HRTF_B,1,2.792,-103.35,-30.62,23,1
P008,HRTF_B,1,2.806,-104.62,-30.79,23,1
P008,HRTF_B,1,2.819,-105.82,-31.02,23,1
P008,HRTF_B,1,2.833,-106.95,-31.29,23,1
P008,HRTF_B,1,2.847,-107.99,-31.58,23,1
P008,HRTF_B,1,2.861,-108.91,-31.86,23,1
P008,HRTF_B,1,2.875,-109.76,-32.17,23,1
P008,HRTF_B,1,2.889,-110.48,-32.49,23,1
P008,HRTF_B,1,2.903,-111.12,-32.83,23,1
P008,HRTF_B,1,2.917,-111.67,-33.19,23,1
P008,HRTF_B,1,2.931,-112.15,-33.54,23,1
P008,HRTF_B,1,2.944,-112.6,-33.9,23,1
P008,HRTF_B,1,2.958,-113,-34.31,23,1
P008,HRTF_B,1,2.972,-113.37,-34.77,23,1
P008,HRTF_B,1,2.986,-113.75,-35.28,23,1
P008,HRTF_B,1,3,-114.14,-35.75,23,1
P008,HRTF_B,1,3.014,-114.55,-36.21,23,1
P008,HRTF_B,1,3.03,-114.99,-36.65,23,1
P008,HRTF_B,1,3.041,-115.56,-36.97,23,1
P008,HRTF_B,1,3.056,-116.25,-37.27,23,1
P008,HRTF_B,1,3.069,-116.79,-37.47,23,1
P008,HRTF_B,1,3.083,-117.33,-37.68,23,1
P008,HRTF_B,1,3.097,-117.87,-37.92,23,1
P008,HRTF_B,1,3.111,-118.38,-38.15,23,1
P008,HRTF_B,1,3.125,-118.93,-38.38,23,1
P008,HRTF_B,1,3.139,-119.32,-38.47,23,1
P008,HRTF_B,1,3.153,-119.88,-38.61,23,1
P008,HRTF_B,1,3.167,-120.12,-38.54,23,1
P008,HRTF_B,1,3.18,-120.24,-38.41,23,1
P008,HRTF_B,1,3.195,-120.28,-38.16,23,1
P008,HRTF_B,1,3.208,-120.21,-37.84,23,1
P008,HRTF_B,1,3.222,-119.9,-37.46,23,1
P008,HRTF_B,1,3.236,-119.5,-37.02,23,1
P008,HRTF_B,2,0.014,2.2,1.22,1,1
P008,HRTF_B,2,0.028,2.25,1.07,1,1
P008,HRTF_B,2,0.042,2.29,0.91,1,1
P008,HRTF_B,2,0.056,2.32,0.75,1,1
P008,HRTF_B,2,0.069,2.34,0.61,1,1
P008,HRTF_B,2,0.083,2.32,0.5,1,1
P008,HRTF_B,2,0.097,2.27,0.42,1,1
P008,HRTF_B,2,0.111,2.19,0.37,1,1
P008,HRTF_B,2,0.125,2.09,0.32,1,1
P008,HRTF_B,2,0.139,1.96,0.26,1,1
P008,HRTF_B,2,0.153,1.82,0.18,1,1
P008,HRTF_B,2,0.167,1.66,0.11,1,1
P008,HRTF_B,2,0.181,1.48,0.05,1,1
P008,HRTF_B,2,0.195,1.28,0.01,1,1
P008,HRTF_B,2,0.208,1.06,-0.02,1,1
P008,HRTF_B,2,0.222,0.83,-0.04,1,1
P008,HRTF_B,2,0.236,0.59,-0.08,1,1
P008,HRTF_B,2,0.25,0.33,-0.14,1,1
P008,HRTF_B,2,0.264,0.07,-0.22,1,1
P008,HRTF_B,2,0.278,-0.2,-0.31,1,1
P008,HRTF_B,2,0.292,-0.49,-0.39,1,1
P008,HRTF_B,2,0.306,-0.78,-0.45,1,1
P008,HRTF_B,2,0.32,-1.08,-0.51,1,1
P008,HRTF_B,2,0.334,-1.38,-0.55,1,1
P008,HRTF_B,2,0.348,-1.69,-0.57,1,1
P008,HRTF_B,2,0.362,-2,-0.58,1,1
P008,HRTF_B,2,0.375,-2.31,-0.56,1,1
P008,HRTF_B,2,0.389,-2.62,-0.56,1,1
P008,HRTF_B,2,0.403,-2.95,-0.55,1,1
P008,HRTF_B,2,0.417,-3.27,-0.52,1,1
P008,HRTF_B,2,0.431,-3.6,-0.48,1,1
P008,HRTF_B,2,0.445,-3.93,-0.44,1,1
P008,HRTF_B,2,0.459,-4.27,-0.41,1,1
P008,HRTF_B,2,0.473,-4.6,-0.42,1,1
P008,HRTF_B,2,0.486,-4.93,-0.46,1,1
P008,HRTF_B,2,0.5,-5.25,-0.54,1,1
P008,HRTF_B,2,0.514,-5.58,-0.61,1,1
P008,HRTF_B,2,0.528,-5.89,-0.67,1,1
P008,HRTF_B,2,0.542,-6.19,-0.73,1,1
P008,HRTF_B,2,0.556,-6.46,-0.76,1,1
P008,HRTF_B,2,0.57,-6.71,-0.79,1,1
P008,HRTF_B,2,0.583,-6.94,-0.8,1,1
P008,HRTF_B,2,0.598,-7.15,-0.83,1,1
P008,HRTF_B,2,0.612,-7.34,-0.89,1,1
P008,HRTF_B,2,0.625,-7.5,-0.95,1,1
P008,HRTF_B,2,0.639,-7.64,-1.01,1,1
P008,HRTF_B,2,0.653,-7.76,-1.06,1,1
P008,HRTF_B,2,0.667,-7.84,-1.11,1,1
P008,HRTF_B,2,0.681,-7.92,-1.14,1,1
P008,HRTF_B,2,0.694,-7.97,-1.16,1,1
P008,HRTF_B,2,0.709,-8,-1.19,1,1
P008,HRTF_B,3,0.014,1.81,0.72,20,1
P008,HRTF_B,3,0.028,2.05,0.8,20,1
P008,HRTF_B,3,0.042,2.26,0.88,20,1
P008,HRTF_B,3,0.055,2.43,0.94,20,1
P008,HRTF_B,3,0.069,2.56,0.93,20,1
P008,HRTF_B,3,0.083,2.64,0.78,20,1
P008,HRTF_B,3,0.097,2.69,0.58,20,1
P008,HRTF_B,3,0.111,2.7,0.4,20,1
P008,HRTF_B,3,0.125,2.7,0.24,20,1
P008,HRTF_B,3,0.139,2.69,0.14,20,1
P008,HRTF_B,3,0.153,2.65,0.06,20,1
P008,HRTF_B,3,0.167,2.59,-0.06,20,1
P008,HRTF_B,3,0.18,2.51,-0.24,20,1
P008,HRTF_B,3,0.194,2.41,-0.43,20,1
P008,HRTF_B,3,0.209,2.31,-0.6,20,1
P008,HRTF_B,3,0.222,2.23,-0.74,20,1
P008,HRTF_B,3,0.236,2.18,-0.87,20,1
P008,HRTF_B,3,0.25,2.15,-1.03,20,1
P008,HRTF_B,3,0.264,2.14,-1.17,20,1
P008,HRTF_B,3,0.278,2.14,-1.28,20,1
P008,HRTF_B,3,0.292,2.16,-1.36,20,1
P008,HRTF_B,3,0.306,2.2,-1.42,20,1
P008,HRTF_B,3,0.32,2.25,-1.44,20,1
P008,HRTF_B,3,0.333,2.34,-1.44,20,1
P008,HRTF_B,3,0.347,2.45,-1.42,20,1
P008,HRTF_B,3,0.361,2.58,-1.36,20,1
P008,HRTF_B,3,0.375,2.72,-1.3,20,1
P008,HRTF_B,3,0.389,2.89,-1.27,20,1
P008,HRTF_B,3,0.403,3.09,-1.25,20,1
P008,HRTF_B,3,0.417,3.34,-1.27,20,1
P008,HRTF_B,3,0.431,3.68,-1.31,20,1
P008,HRTF_B,3,0.445,4.08,-1.36,20,1
P008,HRTF_B,3,0.459,4.55,-1.44,20,1
P008,HRTF_B,3,0.472,5,-1.53,20,1
P008,HRTF_B,3,0.487,5.57,-1.65,20,1
P008,HRTF_B,3,0.5,6.21,-1.87,20,1
P008,HRTF_B,3,0.514,6.93,-2.16,20,1
P008,HRTF_B,3,0.528,7.67,-2.53,20,1
P008,HRTF_B,3,0.542,8.44,-2.88,20,1
P008,HRTF_B,3,0.556,9.26,-3.31,20,1
P008,HRTF_B,3,0.57,10.07,-3.76,20,1
P008,HRTF_B,3,0.584,10.85,-4.17,20,1
P008,HRTF_B,3,0.597,11.57,-4.56,20,1
P008,HRTF_B,3,0.611,12.2,-4.85,20,1
P008,HRTF_B,3,0.625,12.83,-5.04,20,1
P008,HRTF_B,3,0.639,13.46,-5.23,20,1
P008,HRTF_B,3,0.653,14.09,-5.45,20,1
P008,HRTF_B,3,0.667,14.75,-5.62,20,1
P008,HRTF_B,3,0.68,15.41,-5.77,20,1
P008,HRTF_B,3,0.695,16.04,-5.86,20,1
P008,HRTF_B,3,0.708,16.69,-5.9,20,1
P008,HRTF_B,3,0.722,17.31,-5.91,20,1
P008,HRTF_B,3,0.736,17.9,-5.95,20,1
P008,HRTF_B,3,0.75,18.45,-5.97,20,1
P008,HRTF_B,3,0.764,18.97,-5.98,20,1
P008,HRTF_B,3,0.778,19.44,-5.93,20,1
P008,HRTF_B,3,0.792,19.83,-5.83,20,1
P008,HRTF_B,3,0.805,20.13,-5.73,20,1
P008,HRTF_B,3,0.82,20.34,-5.56,20,1
P008,HRTF_B,3,0.833,20.48,-5.35,20,1
P008,HRTF_B,3,0.847,20.56,-5.1,20,1
P008,HRTF_B,3,0.861,20.59,-4.78,20,1
P008,HRTF_B,3,0.875,20.52,-4.41,20,1
P008,HRTF_B,3,0.889,20.4,-3.97,20,1
P008,HRTF_B,3,0.903,20.2,-3.47,20,1
P008,HRTF_B,3,0.917,19.91,-2.95,20,1
P008,HRTF_B,3,0.931,19.54,-2.35,20,1
P008,HRTF_B,3,0.944,19.12,-1.81,20,1
P008,HRTF_B,3,0.959,18.64,-1.31,20,1
P008,HRTF_B,3,0.972,18.1,-0.91,20,1
P008,HRTF_B,3,0.986,17.52,-0.5,20,1
P008,HRTF_B,3,1,16.88,-0.16,20,1
P008,HRTF_B,3,1.014,16.22,0.14,20,1
P008,HRTF_B,3,1.028,15.54,0.43,20,1
P008,HRTF_B,3,1.042,14.85,0.69,20,1
P008,HRTF_B,3,1.055,14.13,0.93,20,1
P008,HRTF_B,3,1.07,13.43,1.13,20,1
P008,HRTF_B,3,1.083,12.72,1.31,20,1
P008,HRTF_B,3,1.097,12.01,1.52,20,1
P008,HRTF_B,3,1.111,11.22,1.71,20,1
P008,HRTF_B,3,1.125,10.4,1.91,20,1
P008,HRTF_B,3,1.139,9.51,2.12,20,1
P008,HRTF_B,3,1.153,8.66,2.44,20,1
P008,HRTF_B,3,1.167,7.77,2.7,20,1
P008,HRTF_B,3,1.181,6.81,2.96,20,1
P008,HRTF_B,3,1.195,5.85,3.23,20,1
P008,HRTF_B,3,1.209,4.85,3.51,20,1
P008,HRTF_B,3,1.223,3.83,3.81,20,1
P008,HRTF_B,3,1.236,2.66,4.08,20,1
P008,HRTF_B,3,1.25,1.46,4.27,20,1
P008,HRTF_B,3,1.264,0.26,4.38,20,1
P008,HRTF_B,3,1.278,-0.94,4.4,20,1
P008,HRTF_B,3,1.292,-2.23,4.33,20,1
P008,HRTF_B,3,1.306,-3.63,4.33,20,1
P008,HRTF_B,3,1.319,-5.11,4.34,20,1
P008,HRTF_B,3,1.333,-6.69,4.32,20,1
P008,HRTF_B,3,1.347,-8.36,4.26,20,1
P008,HRTF_B,3,1.361,-10.07,4.21,20,1
P008,HRTF_B,3,1.375,-11.84,4.21,20,1
P008,HRTF_B,3,1.389,-13.63,4.24,20,1
P008,HRTF_B,3,1.403,-15.46,4.22,20,1
P008,HRTF_B,3,1.417,-17.31,4.16,20,1
P008,HRTF_B,3,1.431,-19.19,4.11,20,1
P008,HRTF_B,3,1.445,-21.09,4.09,20,1
P008,HRTF_B,3,1.459,-23.02,4.1,20,1
P008,HRTF_B,3,1.472,-24.99,4.15,20,1
P008,HRTF_B,3,1.487,-27.01,4.16,20,1
P008,HRTF_B,3,1.5,-29.1,4.12,20,1
P008,HRTF_B,3,1.514,-31.31,4.03,20,1
P008,HRTF_B,3,1.528,-33.58,3.98,20,1
P008,HRTF_B,3,1.542,-35.87,4.01,20,1
P008,HRTF_B,3,1.558,-38.16,4.07,20,1
P008,HRTF_B,3,1.57,-40.5,4.11,20,1
P008,HRTF_B,3,1.583,-42.88,4.11,20,1
P008,HRTF_B,3,1.598,-45.29,4.06,20,1
P008,HRTF_B,3,1.611,-47.68,3.99,20,1
P008,HRTF_B,3,1.625,-50.03,3.96,20,1
P008,HRTF_B,3,1.639,-52.4,3.91,20,1
P008,HRTF_B,3,1.653,-54.81,3.79,20,1
P008,HRTF_B,3,1.667,-57.32,3.56,20,1
P008,HRTF_B,3,1.681,-59.82,3.29,20,1
P008,HRTF_B,3,1.695,-62.29,3.05,20,1
P008,HRTF_B,3,1.708,-64.67,2.88,20,1
P008,HRTF_B,3,1.723,-67.02,2.76,20,1
P008,HRTF_B,3,1.736,-69.33,2.74,20,1
P008,HRTF_B,3,1.75,-71.59,2.59,20,1
P008,HRTF_B,3,1.764,-73.81,2.39,20,1
P008,HRTF_B,3,1.778,-75.95,2.18,20,1
P008,HRTF_B,3,1.792,-77.98,1.95,20,1
P008,HRTF_B,3,1.806,-79.92,1.77,20,1
P008,HRTF_B,3,1.82,-81.76,1.6,20,1
P008,HRTF_B,3,1.834,-83.53,1.34,20,1
P008,HRTF_B,3,1.847,-85.28,0.99,20,1
P008,HRTF_B,3,1.861,-87.02,0.62,20,1
P008,HRTF_B,3,1.875,-88.81,0.24,20,1
P008,HRTF_B,3,1.889,-90.54,-0.14,20,1
P008,HRTF_B,3,1.903,-92.29,-0.54,20,1
P008,HRTF_B,3,1.917,-94,-0.98,20,1
P008,HRTF_B,3,1.931,-95.72,-1.48,20,1
P008,HRTF_B,3,1.945,-97.4,-1.99,20,1
P008,HRTF_B,3,1.958,-99.16,-2.52,20,1
P008,HRTF_B,3,1.972,-101.03,-3.02,20,1
P008,HRTF_B,3,1.986,-103.05,-3.47,20,1
P008,HRTF_B,3,2,-105.19,-3.91,20,1
P008,HRTF_B,3,2.014,-107.44,-4.34,20,1
P008,HRTF_B,3,2.028,-109.7,-4.68,20,1
P008,HRTF_B,3,2.042,-111.99,-4.98,20,1
P008,HRTF_B,3,2.056,-114.28,-5.16,20,1
P008,HRTF_B,3,2.069,-116.5,-5.25,20,1
P008,HRTF_B,3,2.084,-118.67,-5.24,20,1
P008,HRTF_B,3,2.098,-120.8,-5.2,20,1
P008,HRTF_B,3,2.111,-122.87,-5.12,20,1
P008,HRTF_B,3,2.125,-124.86,-5.06,20,1
P008,HRTF_B,3,2.139,-126.77,-5.01,20,1
P008,HRTF_B,3,2.153,-128.58,-5.05,20,1
P008,HRTF_B,3,2.167,-130.34,-5.07,20,1
P008,HRTF_B,3,2.181,-132.02,-5.15,20,1
P008,HRTF_B,3,2.195,-133.66,-5.2,20,1
P008,HRTF_B,3,2.209,-135.22,-5.29,20,1
P008,HRTF_B,3,2.222,-136.66,-5.42,20,1
P008,HRTF_B,3,2.236,-138.02,-5.54,20,1
P008,HRTF_B,3,2.25,-139.33,-5.67,20,1
P008,HRTF_B,3,2.264,-140.61,-5.75,20,1
P008,HRTF_B,3,2.278,-141.86,-5.89,20,1
P008,HRTF_B,3,2.292,-143.05,-6,20,1
P008,HRTF_B,3,2.306,-144.1,-6.17,20,1
P008,HRTF_B,3,2.32,-145.08,-6.49,20,1
P008,HRTF_B,3,2.333,-146.01,-6.69,20,1
P008,HRTF_B,3,2.348,-146.93,-6.95,20,1
P008,HRTF_B,3,2.362,-147.77,-7.2,20,1
P008,HRTF_B,3,2.375,-148.51,-7.47,20,1
P008,HRTF_B,3,2.389,-149.17,-7.62,20,1
P008,HRTF_B,3,2.403,-149.69,-7.69,20,1
P008,HRTF_B,3,2.417,-150.02,-7.58,20,1
P008,HRTF_B,3,2.431,-150.14,-7.32,20,1
P008,HRTF_B,3,2.445,-150.05,-6.89,20,1
P008,HRTF_B,3,2.459,-149.69,-6.36,20,1
P008,HRTF_B,3,2.473,-149.06,-5.75,20,1
P008,HRTF_B,3,2.486,-148.21,-5.07,20,1
P008,HRTF_B,3,2.5,-147.26,-4.35,20,1
P008,HRTF_B,3,2.514,-146.32,-3.63,20,1
P008,HRTF_B,3,2.528,-145.36,-2.93,20,1
P008,HRTF_B,3,2.542,-144.36,-2.24,20,1
P008,HRTF_B,3,2.556,-143.31,-1.58,20,1
P008,HRTF_B,3,2.57,-142.28,-0.97,20,1
P008,HRTF_B,3,2.584,-141.29,-0.49,20,1
P008,HRTF_B,3,2.598,-140.37,-0.15,20,1
P008,HRTF_B,3,2.611,-139.45,0.12,20,1
P008,HRTF_B,3,2.625,-138.49,0.38,20,1
P008,HRTF_B,3,2.639,-137.47,0.65,20,1
P008,HRTF_B,3,2.653,-136.39,0.91,20,1
P008,HRTF_B,3,2.667,-135.28,1.15,20,1
P008,HRTF_B,3,2.681,-134.18,1.33,20,1
P008,HRTF_B,3,2.695,-133.07,1.48,20,1
P008,HRTF_B,3,2.709,-131.96,1.68,20,1
P008,HRTF_B,3,2.722,-130.86,1.9,20,1
P008,HRTF_B,3,2.736,-129.78,2.12,20,1
P008,HRTF_B,3,2.75,-128.76,2.3,20,1
P008,HRTF_B,3,2.764,-127.81,2.42,20,1
P008,HRTF_B,3,2.778,-126.94,2.48,20,1
P008,HRTF_B,3,2.792,-126.11,2.58,20,1
P008,HRTF_B,4,0.014,-0.44,0.12,30,1
P008,HRTF_B,4,0.028,-0.51,-0.02,30,1
P008,HRTF_B,4,0.042,-0.55,-0.15,30,1
P008,HRTF_B,4,0.055,-0.58,-0.28,30,1
P008,HRTF_B,4,0.069,-0.58,-0.4,30,1
P008,HRTF_B,4,0.084,-0.57,-0.52,30,1
P008,HRTF_B,4,0.097,-0.55,-0.64,30,1
P008,HRTF_B,4,0.111,-0.51,-0.75,30,1
P008,HRTF_B,4,0.125,-0.46,-0.85,30,1
P008,HRTF_B,4,0.139,-0.4,-0.93,30,1
P008,HRTF_B,4,0.153,-0.34,-1,30,1
P008,HRTF_B,4,0.166,-0.27,-1.09,30,1
P008,HRTF_B,4,0.181,-0.21,-1.2,30,1
P008,HRTF_B,4,0.195,-0.18,-1.32,30,1
P008,HRTF_B,4,0.208,-0.16,-1.44,30,1
P008,HRTF_B,4,0.222,-0.14,-1.55,30,1
P008,HRTF_B,4,0.236,-0.14,-1.64,30,1
P008,HRTF_B,4,0.25,-0.14,-1.72,30,1
P008,HRTF_B,4,0.264,-0.14,-1.8,30,1
P008,HRTF_B,4,0.278,-0.16,-1.89,30,1
P008,HRTF_B,4,0.292,-0.18,-1.97,30,1
P008,HRTF_B,4,0.306,-0.22,-2.02,30,1
P008,HRTF_B,4,0.319,-0.27,-2.05,30,1
P008,HRTF_B,4,0.333,-0.32,-2.07,30,1
P008,HRTF_B,4,0.347,-0.39,-2.08,30,1
P008,HRTF_B,4,0.361,-0.46,-2.08,30,1
P008,HRTF_B,4,0.375,-0.56,-2.08,30,1
P008,HRTF_B,4,0.389,-0.68,-2.07,30,1
P008,HRTF_B,4,0.403,-0.81,-2.06,30,1
P008,HRTF_B,4,0.417,-0.97,-2.05,30,1
P008,HRTF_B,4,0.43,-1.15,-2.04,30,1
P008,HRTF_B,4,0.444,-1.37,-2.03,30,1
P008,HRTF_B,4,0.459,-1.62,-2.06,30,1
P008,HRTF_B,4,0.473,-1.91,-2.1,30,1
P008,HRTF_B,4,0.487,-2.24,-2.13,30,1
P008,HRTF_B,4,0.5,-2.62,-2.18,30,1
P008,HRTF_B,4,0.514,-3.07,-2.27,30,1
P008,HRTF_B,4,0.528,-3.53,-2.38,30,1
P008,HRTF_B,4,0.542,-4.06,-2.51,30,1
P008,HRTF_B,4,0.556,-4.59,-2.66,30,1
P008,HRTF_B,4,0.569,-5.16,-2.82,30,1
P008,HRTF_B,4,0.583,-5.8,-3,30,1
P008,HRTF_B,4,0.597,-6.49,-3.25,30,1
P008,HRTF_B,4,0.611,-7.28,-3.55,30,1
P008,HRTF_B,4,0.625,-8.11,-3.88,30,1
P008,HRTF_B,4,0.639,-9.04,-4.28,30,1
P008,HRTF_B,4,0.653,-10.04,-4.6,30,1
P008,HRTF_B,4,0.667,-11.13,-4.91,30,1
P008,HRTF_B,4,0.681,-12.3,-5.22,30,1
P008,HRTF_B,4,0.695,-13.54,-5.55,30,1
P008,HRTF_B,4,0.709,-14.89,-5.88,30,1
P008,HRTF_B,4,0.723,-16.34,-6.22,30,1
P008,HRTF_B,4,0.736,-17.85,-6.51,30,1
P008,HRTF_B,4,0.75,-19.43,-6.76,30,1
P008,HRTF_B,4,0.765,-20.99,-6.93,30,1
P008,HRTF_B,4,0.778,-22.56,-7.06,30,1
P008,HRTF_B,4,0.792,-24.14,-7.19,30,1
P008,HRTF_B,4,0.806,-25.75,-7.3,30,1
P008,HRTF_B,4,0.82,-27.38,-7.38,30,1
P008,HRTF_B,4,0.834,-29.05,-7.38,30,1
P008,HRTF_B,4,0.848,-30.71,-7.3,30,1
P008,HRTF_B,4,0.862,-32.43,-7.19,30,1
P008,HRTF_B,4,0.875,-34.16,-7.07,30,1
P008,HRTF_B,4,0.889,-35.86,-6.95,30,1
P008,HRTF_B,4,0.903,-37.57,-6.82,30,1
P008,HRTF_B,4,0.917,-39.27,-6.6,30,1
P008,HRTF_B,4,0.931,-41,-6.34,30,1
P008,HRTF_B,4,0.945,-42.73,-6,30,1
P008,HRTF_B,4,0.958,-44.51,-5.68,30,1
P008,HRTF_B,4,0.972,-46.29,-5.34,30,1
P008,HRTF_B,4,0.987,-48.06,-5.03,30,1
P008,HRTF_B,4,1,-49.82,-4.68,30,1
P008,HRTF_B,4,1.014,-51.52,-4.3,30,1
P008,HRTF_B,4,1.029,-53.18,-3.94,30,1
P008,HRTF_B,4,1.042,-54.81,-3.59,30,1
P008,HRTF_B,4,1.056,-56.39,-3.32,30,1
P008,HRTF_B,4,1.07,-57.92,-3.12,30,1
P008,HRTF_B,4,1.084,-59.35,-3,30,1
P008,HRTF_B,4,1.098,-60.7,-2.95,30,1
P008,HRTF_B,4,1.112,-61.92,-2.99,30,1
P008,HRTF_B,4,1.125,-63,-3.06,30,1
P008,HRTF_B,4,1.139,-63.92,-3.21,30,1
P008,HRTF_B,4,1.153,-64.7,-3.4,30,1
P008,HRTF_B,4,1.167,-65.34,-3.66,30,1
P008,HRTF_B,4,1.181,-65.85,-3.97,30,1
P008,HRTF_B,4,1.195,-66.22,-4.39,30,1
P008,HRTF_B,4,1.209,-66.49,-4.88,30,1
P008,HRTF_B,4,1.223,-66.68,-5.45,30,1
P008,HRTF_B,4,1.237,-66.77,-6.05,30,1
P008,HRTF_B,4,1.25,-66.78,-6.75,30,1
P008,HRTF_B,4,1.265,-66.72,-7.52,30,1
P008,HRTF_B,4,1.278,-66.6,-8.3,30,1
P008,HRTF_B,4,1.292,-66.42,-9.14,30,1
P008,HRTF_B,4,1.306,-66.18,-9.97,30,1
P008,HRTF_B,4,1.32,-65.86,-10.79,30,1
P008,HRTF_B,4,1.334,-65.49,-11.62,30,1
P008,HRTF_B,4,1.348,-65.07,-12.42,30,1
P008,HRTF_B,4,1.362,-64.62,-13.17,30,1
P008,HRTF_B,4,1.375,-64.09,-13.88,30,1
P008,HRTF_B,4,1.389,-63.57,-14.57,30,1
P008,HRTF_B,4,1.403,-63.04,-15.25,30,1
P008,HRTF_B,4,1.417,-62.51,-15.89,30,1
P008,HRTF_B,4,1.431,-61.93,-16.52,30,1
P008,HRTF_B,4,1.445,-61.35,-17.12,30,1
P008,HRTF_B,4,1.459,-60.73,-17.72,30,1
P008,HRTF_B,4,1.473,-60.08,-18.3,30,1
P008,HRTF_B,4,1.487,-59.38,-18.88,30,1
P008,HRTF_B,4,1.5,-58.64,-19.44,30,1
P008,HRTF_B,4,1.515,-57.85,-20.01,30,1
P008,HRTF_B,4,1.528,-57,-20.58,30,1
P008,HRTF_B,4,1.542,-56.11,-21.16,30,1
P008,HRTF_B,4,1.556,-55.19,-21.73,30,1
P008,HRTF_B,4,1.57,-54.26,-22.28,30,1
P008,HRTF_B,4,1.584,-53.34,-22.8,30,1
P008,HRTF_B,4,1.598,-52.39,-23.29,30,1
P008,HRTF_B,4,1.612,-51.45,-23.74,30,1
P008,HRTF_B,4,1.625,-50.52,-24.17,30,1
P008,HRTF_B,4,1.64,-49.57,-24.6,30,1
P008,HRTF_B,4,1.653,-48.62,-25.04,30,1
P008,HRTF_B,4,1.667,-47.69,-25.42,30,1
P008,HRTF_B,5,0.013,-0.21,3.97,6,1
P008,HRTF_B,5,0.028,-0.31,3.84,6,1
P008,HRTF_B,5,0.042,-0.42,3.65,6,1
P008,HRTF_B,5,0.055,-0.53,3.43,6,1
P008,HRTF_B,5,0.069,-0.61,3.2,6,1
P008,HRTF_B,5,0.083,-0.68,2.98,6,1
P008,HRTF_B,5,0.097,-0.74,2.79,6,1
P008,HRTF_B,5,0.111,-0.8,2.6,6,1
P008,HRTF_B,5,0.125,-0.86,2.43,6,1
P008,HRTF_B,5,0.139,-0.9,2.27,6,1
P008,HRTF_B,5,0.153,-0.94,2.11,6,1
P008,HRTF_B,5,0.167,-0.98,1.97,6,1
P008,HRTF_B,5,0.18,-1.02,1.83,6,1
P008,HRTF_B,5,0.194,-1.08,1.68,6,1
P008,HRTF_B,5,0.208,-1.15,1.54,6,1
P008,HRTF_B,5,0.222,-1.23,1.42,6,1
P008,HRTF_B,5,0.236,-1.32,1.31,6,1
P008,HRTF_B,5,0.25,-1.44,1.18,6,1
P008,HRTF_B,5,0.264,-1.58,0.99,6,1
P008,HRTF_B,5,0.278,-1.75,0.75,6,1
P008,HRTF_B,5,0.292,-1.94,0.46,6,1
P008,HRTF_B,5,0.306,-2.19,0.12,6,1
P008,HRTF_B,5,0.319,-2.47,-0.22,6,1
P008,HRTF_B,5,0.333,-2.78,-0.61,6,1
P008,HRTF_B,5,0.347,-3.14,-1.02,6,1
P008,HRTF_B,5,0.361,-3.55,-1.49,6,1
P008,HRTF_B,5,0.375,-3.98,-1.95,6,1
P008,HRTF_B,5,0.391,-4.47,-2.42,6,1
P008,HRTF_B,5,0.403,-4.98,-2.87,6,1
P008,HRTF_B,5,0.417,-5.55,-3.33,6,1
P008,HRTF_B,5,0.431,-6.16,-3.8,6,1
P008,HRTF_B,5,0.444,-6.8,-4.24,6,1
P008,HRTF_B,5,0.458,-7.47,-4.66,6,1
P008,HRTF_B,5,0.472,-8.19,-5.06,6,1
P008,HRTF_B,5,0.486,-8.93,-5.43,6,1
P008,HRTF_B,5,0.5,-9.69,-5.78,6,1
P008,HRTF_B,5,0.514,-10.5,-6.16,6,1
P008,HRTF_B,5,0.528,-11.31,-6.54,6,1
P008,HRTF_B,5,0.541,-12.13,-6.93,6,1
P008,HRTF_B,5,0.555,-12.93,-7.3,6,1
P008,HRTF_B,5,0.569,-13.71,-7.63,6,1
P008,HRTF_B,5,0.583,-14.41,-7.94,6,1
P008,HRTF_B,5,0.597,-15.04,-8.23,6,1
P008,HRTF_B,5,0.611,-15.63,-8.53,6,1
P008,HRTF_B,5,0.625,-16.16,-8.79,6,1
P008,HRTF_B,5,0.639,-16.63,-9.04,6,1
P008,HRTF_B,5,0.653,-17,-9.24,6,1
P008,HRTF_B,5,0.667,-17.34,-9.43,6,1
P008,HRTF_B,5,0.681,-17.6,-9.62,6,1
P008,HRTF_B,5,0.694,-17.78,-9.75,6,1
P008,HRTF_B,5,0.708,-17.88,-9.87,6,1
P008,HRTF_B,5,0.722,-17.9,-9.96,6,1
P008,HRTF_B,5,0.736,-17.83,-10.04,6,1
P008,HRTF_B,5,0.75,-17.69,-10.11,6,1
P008,HRTF_B,5,0.764,-17.45,-10.18,6,1
P008,HRTF_B,5,0.778,-17.09,-10.24,6,1
P008,HRTF_B,5,0.792,-16.59,-10.32,6,1
P008,HRTF_B,5,0.806,-15.92,-10.46,6,1
P008,HRTF_B,5,0.819,-15.09,-10.62,6,1
P008,HRTF_B,5,0.833,-14.08,-10.85,6,1
P008,HRTF_B,5,0.847,-12.9,-11.13,6,1
P008,HRTF_B,5,0.861,-11.51,-11.44,6,1
P008,HRTF_B,5,0.875,-10.01,-11.78,6,1
P008,HRTF_B,5,0.889,-8.39,-12.15,6,1
P008,HRTF_B,5,0.903,-6.64,-12.54,6,1
P008,HRTF_B,5,0.917,-4.82,-12.99,6,1
P008,HRTF_B,5,0.931,-2.89,-13.47,6,1
P008,HRTF_B,5,0.945,-0.89,-13.98,6,1
P008,HRTF_B,5,0.958,1.18,-14.5,6,1
P008,HRTF_B,5,0.972,3.28,-15.02,6,1
P008,HRTF_B,5,0.986,5.39,-15.51,6,1
P008,HRTF_B,5,1,7.56,-15.99,6,1
P008,HRTF_B,5,1.014,9.75,-16.49,6,1
P008,HRTF_B,5,1.028,11.96,-16.96,6,1
P008,HRTF_B,5,1.042,14.13,-17.41,6,1
P008,HRTF_B,5,1.056,16.28,-17.81,6,1
P008,HRTF_B,5,1.07,18.39,-18.09,6,1
P008,HRTF_B,5,1.083,20.36,-18.26,6,1
P008,HRTF_B,5,1.097,22.18,-18.34,6,1
P008,HRTF_B,5,1.111,23.82,-18.38,6,1
P008,HRTF_B,5,1.125,25.29,-18.31,6,1
P008,HRTF_B,5,1.139,26.63,-18.14,6,1
P008,HRTF_B,5,1.153,27.84,-17.89,6,1
P008,HRTF_B,5,1.167,28.93,-17.6,6,1
P008,HRTF_B,5,1.181,29.91,-17.27,6,1
P008,HRTF_B,5,1.195,30.77,-16.93,6,1
P008,HRTF_B,5,1.208,31.56,-16.6,6,1
P008,HRTF_B,5,1.222,32.3,-16.25,6,1
P008,HRTF_B,5,1.236,32.95,-15.92,6,1
P008,HRTF_B,5,1.25,33.58,-15.67,6,1
P008,HRTF_B,5,1.264,34.21,-15.48,6,1
P008,HRTF_B,5,1.278,34.85,-15.36,6,1
P008,HRTF_B,5,1.292,35.44,-15.28,6,1
P008,HRTF_B,5,1.306,36.02,-15.23,6,1
P008,HRTF_B,5,1.319,36.62,-15.21,6,1
P008,HRTF_B,5,1.334,37.21,-15.26,6,1
P008,HRTF_B,5,1.347,37.8,-15.36,6,1
P008,HRTF_B,5,1.361,38.39,-15.48,6,1
P008,HRTF_B,5,1.375,38.98,-15.61,6,1
P008,HRTF_B,5,1.389,39.53,-15.74,6,1
P008,HRTF_B,5,1.403,40.07,-15.9,6,1
P008,HRTF_B,5,1.417,40.59,-16.02,6,1
P008,HRTF_B,5,1.431,41.11,-16.12,6,1
P008,HRTF_B,5,1.445,41.57,-16.21,6,1
P008,HRTF_B,5,1.459,42,-16.27,6,1
P008,HRTF_B,5,1.473,42.38,-16.29,6,1
P008,HRTF_B,5,1.486,42.72,-16.28,6,1
P008,HRTF_B,5,1.5,43.01,-16.28,6,1
P008,HRTF_B,5,1.514,43.21,-16.26,6,1
P008,HRTF_B,5,1.528,43.35,-16.27,6,1
P008,HRTF_B,5,1.542,43.43,-16.32,6,1
P008,HRTF_B,5,1.556,43.42,-16.4,6,1
P008,HRTF_B,5,1.57,43.36,-16.49,6,1
P008,HRTF_B,5,1.584,43.23,-16.61,6,1
P008,HRTF_B,5,1.598,43.04,-16.77,6,1
P008,HRTF_B,5,1.611,42.77,-16.99,6,1
P008,HRTF_B,5,1.625,42.45,-17.24,6,1
P008,HRTF_B,5,1.639,42.1,-17.5,6,1
P008,HRTF_B,5,1.653,41.71,-17.75,6,1
P008,HRTF_B,5,1.667,41.34,-18.02,6,1
P008,HRTF_B,5,1.681,40.96,-18.26,6,1
P008,HRTF_B,5,1.695,40.55,-18.47,6,1
P008,HRTF_B,5,1.708,40.1,-18.64,6,1
P008,HRTF_B,5,1.722,39.61,-18.82,6,1
P008,HRTF_B,5,1.736,39.11,-18.97,6,1
P008,HRTF_B,5,1.75,38.57,-19.11,6,1
P008,HRTF_B,5,1.764,38.02,-19.24,6,1
P008,HRTF_B,5,1.778,37.39,-19.35,6,1
P008,HRTF_B,5,1.792,36.75,-19.42,6,1
P008,HRTF_B,5,1.806,36.12,-19.5,6,1
P008,HRTF_B,5,1.82,35.5,-19.54,6,1
P008,HRTF_B,5,1.833,34.95,-19.54,6,1
P008,HRTF_B,5,1.848,34.44,-19.51,6,1
P008,HRTF_B,5,1.861,33.99,-19.45,6,1
P008,HRTF_B,5,1.875,33.58,-19.34,6,1
P008,HRTF_B,6,0.014,-0.26,1.49,14,1
P008,HRTF_B,6,0.027,-0.2,1.47,14,1
P008,HRTF_B,6,0.041,-0.12,1.41,14,1
P008,HRTF_B,6,0.055,-0.04,1.36,14,1
P008,HRTF_B,6,0.069,0.05,1.31,14,1
P008,HRTF_B,6,0.083,0.17,1.26,14,1
P008,HRTF_B,6,0.097,0.3,1.19,14,1
P008,HRTF_B,6,0.111,0.45,1.06,14,1
P008,HRTF_B,6,0.124,0.61,0.9,14,1
P008,HRTF_B,6,0.138,0.79,0.73,14,1
P008,HRTF_B,6,0.153,0.99,0.58,14,1
P008,HRTF_B,6,0.166,1.19,0.42,14,1
P008,HRTF_B,6,0.18,1.4,0.22,14,1
P008,HRTF_B,6,0.194,1.63,-0.04,14,1
P008,HRTF_B,6,0.208,1.85,-0.34,14,1
P008,HRTF_B,6,0.222,2.05,-0.63,14,1
P008,HRTF_B,6,0.236,2.25,-0.9,14,1
P008,HRTF_B,6,0.25,2.43,-1.14,14,1
P008,HRTF_B,6,0.263,2.59,-1.39,14,1
P008,HRTF_B,6,0.278,2.73,-1.62,14,1
P008,HRTF_B,6,0.291,2.87,-1.89,14,1
P008,HRTF_B,6,0.305,2.98,-2.16,14,1
P008,HRTF_B,6,0.319,3.08,-2.43,14,1
P008,HRTF_B,6,0.333,3.17,-2.67,14,1
P008,HRTF_B,6,0.347,3.25,-2.9,14,1
P008,HRTF_B,6,0.361,3.32,-3.1,14,1
P008,HRTF_B,6,0.375,3.41,-3.28,14,1
P008,HRTF_B,6,0.388,3.51,-3.45,14,1
P008,HRTF_B,6,0.402,3.61,-3.6,14,1
P008,HRTF_B,6,0.416,3.71,-3.75,14,1
P008,HRTF_B,6,0.43,3.82,-3.89,14,1
P008,HRTF_B,6,0.444,3.92,-4.06,14,1
P008,HRTF_B,6,0.458,4,-4.27,14,1
P008,HRTF_B,6,0.472,4.07,-4.51,14,1
P008,HRTF_B,6,0.486,4.13,-4.76,14,1
P008,HRTF_B,6,0.5,4.18,-5.07,14,1
P008,HRTF_B,6,0.514,4.22,-5.43,14,1
P008,HRTF_B,6,0.527,4.31,-5.89,14,1
P008,HRTF_B,6,0.542,4.4,-6.44,14,1
P008,HRTF_B,6,0.556,4.51,-7.04,14,1
P008,HRTF_B,6,0.569,4.65,-7.66,14,1
P008,HRTF_B,6,0.583,4.82,-8.29,14,1
P008,HRTF_B,6,0.597,5.02,-8.92,14,1
P008,HRTF_B,6,0.611,5.25,-9.61,14,1
P008,HRTF_B,6,0.625,5.49,-10.3,14,1
P008,HRTF_B,6,0.639,5.78,-11.01,14,1
P008,HRTF_B,6,0.653,6.06,-11.64,14,1
P008,HRTF_B,6,0.666,6.38,-12.27,14,1
P008,HRTF_B,6,0.68,6.7,-12.87,14,1
P008,HRTF_B,6,0.694,7.01,-13.45,14,1
P008,HRTF_B,6,0.708,7.3,-14.01,14,1
P008,HRTF_B,6,0.722,7.62,-14.54,14,1
P008,HRTF_B,6,0.736,7.91,-15.02,14,1
P008,HRTF_B,6,0.75,8.2,-15.46,14,1
P008,HRTF_B,6,0.764,8.46,-15.87,14,1
P008,HRTF_B,6,0.778,8.7,-16.28,14,1
P008,HRTF_B,6,0.792,8.93,-16.68,14,1
P008,HRTF_B,6,0.805,9.13,-17.05,14,1
P008,HRTF_B,6,0.819,9.32,-17.38,14,1
P008,HRTF_B,6,0.833,9.46,-17.7,14,1
P008,HRTF_B,6,0.847,9.62,-18.02,14,1
P008,HRTF_B,6,0.861,9.78,-18.37,14,1
P008,HRTF_B,6,0.875,9.94,-18.73,14,1
P008,HRTF_B,6,0.889,10.13,-19.1,14,1
P008,HRTF_B,6,0.903,10.32,-19.42,14,1
P008,HRTF_B,6,0.916,10.57,-19.78,14,1
P008,HRTF_B,6,0.93,10.88,-20.16,14,1
P008,HRTF_B,6,0.945,11.22,-20.6,14,1
P008,HRTF_B,6,0.958,11.58,-21.07,14,1
P008,HRTF_B,6,0.972,11.96,-21.62,14,1
P008,HRTF_B,6,0.986,12.41,-22.21,14,1
P008,HRTF_B,6,1,12.89,-22.88,14,1
P008,HRTF_B,6,1.014,13.38,-23.58,14,1
P008,HRTF_B,6,1.027,13.96,-24.33,14,1
P008,HRTF_B,6,1.042,14.58,-25.1,14,1
P008,HRTF_B,6,1.055,15.27,-25.89,14,1
P008,HRTF_B,6,1.07,16,-26.7,14,1
P008,HRTF_B,6,1.083,16.8,-27.51,14,1
P008,HRTF_B,6,1.097,17.64,-28.37,14,1
P008,HRTF_B,6,1.111,18.53,-29.25,14,1
P008,HRTF_B,6,1.125,19.46,-30.11,14,1
P008,HRTF_B,6,1.139,20.44,-30.96,14,1
P008,HRTF_B,6,1.153,21.41,-31.77,14,1
P008,HRTF_B,6,1.167,22.42,-32.54,14,1
P008,HRTF_B,6,1.181,23.44,-33.28,14,1
P008,HRTF_B,6,1.194,24.45,-33.93,14,1
P008,HRTF_B,6,1.208,25.46,-34.53,14,1
P008,HRTF_B,6,1.222,26.45,-35.04,14,1
P008,HRTF_B,6,1.236,27.45,-35.48,14,1
P008,HRTF_B,6,1.25,28.42,-35.86,14,1
P008,HRTF_B,6,1.264,29.39,-36.18,14,1
P008,HRTF_B,6,1.278,30.29,-36.51,14,1
P008,HRTF_B,6,1.291,31.07,-36.8,14,1
P008,HRTF_B,6,1.305,31.92,-37.08,14,1
P008,HRTF_B,6,1.32,32.76,-37.27,14,1
P008,HRTF_B,6,1.333,33.58,-37.53,14,1
P008,HRTF_B,6,1.347,34.44,-37.69,14,1
P008,HRTF_B,6,1.361,35.21,-37.93,14,1
P008,HRTF_B,6,1.375,36.08,-38.13,14,1
P008,HRTF_B,6,1.389,36.84,-38.34,14,1
P008,HRTF_B,6,1.403,37.62,-38.52,14,1
P008,HRTF_B,6,1.417,38.36,-38.65,14,1
P008,HRTF_B,6,1.431,39.15,-38.71,14,1
P008,HRTF_B,6,1.444,39.9,-38.7,14,1
P008,HRTF_B,6,1.458,40.61,-38.58,14,1
P008,HRTF_B,6,1.472,41.24,-38.36,14,1
P008,HRTF_B,6,1.486,41.88,-37.99,14,1
P008,HRTF_B,6,1.5,42.44,-37.58,14,1
P008,HRTF_B,6,1.514,43,-37.07,14,1
P008,HRTF_B,6,1.527,43.5,-36.47,14,1
P008,HRTF_B,6,1.542,43.92,-35.76,14,1
P008,HRTF_B,6,1.555,44.27,-34.97,14,1
P008,HRTF_B,6,1.569,44.57,-34.16,14,1
P008,HRTF_B,6,1.583,44.78,-33.29,14,1
P008,HRTF_B,6,1.597,44.95,-32.44,14,1
P008,HRTF_B,6,1.611,45.08,-31.64,14,1
P008,HRTF_B,6,1.625,45.14,-30.8,14,1
P008,HRTF_B,6,1.639,45.26,-29.95,14,1
P008,HRTF_B,6,1.653,45.37,-29.14,14,1
P008,HRTF_B,6,1.667,45.5,-28.29,14,1
P008,HRTF_B,6,1.681,45.6,-27.45,14,1
P008,HRTF_B,6,1.695,45.67,-26.62,14,1
P008,HRTF_B,6,1.708,45.7,-25.78,14,1
P008,HRTF_B,6,1.722,45.67,-24.98,14,1
P008,HRTF_B,6,1.736,45.57,-24.18,14,1
P008,HRTF_B,6,1.75,45.35,-23.42,14,1
P008,HRTF_B,6,1.764,45.11,-22.68,14,1
P008,HRTF_B,6,1.778,44.8,-21.96,14,1
P008,HRTF_B,6,1.792,44.43,-21.17,14,1
P008,HRTF_B,6,1.805,43.94,-20.29,14,1
P008,HRTF_B,6,1.819,43.38,-19.31,14,1
P008,HRTF_B,6,1.833,42.72,-18.23,14,1
P008,HRTF_B,6,1.847,41.97,-17.03,14,1
P008,HRTF_B,6,1.861,41.09,-15.77,14,1
P008,HRTF_B,6,1.875,40.09,-14.4,14,1
P008,HRTF_B,6,1.889,38.99,-12.99,14,1
P008,HRTF_B,6,1.903,37.77,-11.49,14,1
P008,HRTF_B,6,1.917,36.45,-9.96,14,1
P008,HRTF_B,6,1.931,35.04,-8.36,14,1
P008,HRTF_B,6,1.945,33.51,-6.75,14,1
P008,HRTF_B,6,1.958,31.93,-5.13,14,1
P008,HRTF_B,6,1.972,30.3,-3.51,14,1
P008,HRTF_B,6,1.986,28.67,-1.9,14,1
P008,HRTF_B,6,2,27.05,-0.24,14,1
P008,HRTF_B,6,2.014,25.34,1.45,14,1
P008,HRTF_B,6,2.027,23.61,3.16,14,1
P008,HRTF_B,6,2.041,21.97,4.84,14,1
P008,HRTF_B,6,2.055,20.4,6.46,14,1
P008,HRTF_B,6,2.069,18.89,8.03,14,1
P008,HRTF_B,6,2.083,17.4,9.54,14,1
P008,HRTF_B,6,2.097,15.92,11.01,14,1
P008,HRTF_B,6,2.111,14.45,12.45,14,1
P008,HRTF_B,6,2.125,13.03,13.81,14,1
P008,HRTF_B,6,2.139,11.63,15.16,14,1
P008,HRTF_B,6,2.152,10.23,16.45,14,1
P008,HRTF_B,6,2.166,8.84,17.73,14,1
P008,HRTF_B,6,2.18,7.51,18.97,14,1
P008,HRTF_B,6,2.194,6.2,20.2,14,1
P008,HRTF_B,6,2.208,4.97,21.34,14,1
P008,HRTF_B,6,2.222,3.81,22.52,14,1
P008,HRTF_B,6,2.235,2.73,23.58,14,1
P008,HRTF_B,6,2.249,1.77,24.47,14,1
P008,HRTF_B,6,2.263,0.97,25.26,14,1
P008,HRTF_B,6,2.277,0.29,25.95,14,1
P008,HRTF_B,6,2.291,-0.22,26.61,14,1
P008,HRTF_B,6,2.305,-0.55,27.25,14,1
P008,HRTF_B,6,2.319,-0.59,27.8,14,1
P008,HRTF_B,6,2.333,-0.38,28.24,14,1
P008,HRTF_B,6,2.347,0.08,28.48,14,1
P008,HRTF_B,6,2.361,0.79,28.65,14,1
P008,HRTF_B,6,2.375,1.75,28.78,14,1
P008,HRTF_B,6,2.388,2.97,28.83,14,1
P008,HRTF_B,6,2.402,4.47,28.84,14,1
P008,HRTF_B,6,2.416,6.24,28.8,14,1
P008,HRTF_B,6,2.43,8.24,28.74,14,1
P008,HRTF_B,6,2.444,10.42,28.68,14,1
P008,HRTF_B,6,2.458,12.68,28.55,14,1
P008,HRTF_B,6,2.472,15.29,28.33,14,1
P008,HRTF_B,6,2.486,18.02,28.02,14,1
P008,HRTF_B,6,2.499,20.76,27.63,14,1
P008,HRTF_B,6,2.514,23.58,27.21,14,1
P008,HRTF_B,6,2.527,26.51,26.78,14,1
P008,HRTF_B,6,2.542,29.55,26.3,14,1
P008,HRTF_B,6,2.555,32.64,25.83,14,1
P008,HRTF_B,6,2.569,35.79,25.25,14,1
P008,HRTF_B,6,2.583,38.87,24.74,14,1
P008,HRTF_B,6,2.597,41.88,24.21,14,1
P008,HRTF_B,6,2.61,44.82,23.62,14,1
P008,HRTF_B,6,2.624,47.67,23.03,14,1
P008,HRTF_B,6,2.639,50.4,22.45,14,1
P008,HRTF_B,6,2.652,53.01,21.91,14,1
P008,HRTF_B,6,2.667,55.56,21.4,14,1
P008,HRTF_B,6,2.68,58.03,20.95,14,1
P008,HRTF_B,6,2.694,60.42,20.58,14,1
P008,HRTF_B,6,2.708,62.77,20.13,14,1
P008,HRTF_B,6,2.722,65.08,19.74,14,1
P008,HRTF_B,6,2.736,67.34,19.37,14,1
P008,HRTF_B,6,2.75,69.58,19.02,14,1
P008,HRTF_B,6,2.763,71.74,18.69,14,1
P008,HRTF_B,6,2.777,73.86,18.38,14,1
P008,HRTF_B,6,2.791,76.01,18.09,14,1
P008,HRTF_B,6,2.805,78.08,17.77,14,1
P008,HRTF_B,6,2.819,80.13,17.48,14,1
P008,HRTF_B,6,2.833,82.14,17.26,14,1
P008,HRTF_B,6,2.847,84.11,17.02,14,1
P008,HRTF_B,6,2.861,86.03,16.76,14,1
P008,HRTF_B,6,2.875,87.88,16.48,14,1
P008,HRTF_B,6,2.888,89.64,16.13,14,1
P008,HRTF_B,6,2.903,91.35,15.78,14,1
P008,HRTF_B,6,2.916,93,15.44,14,1
P008,HRTF_B,6,2.93,94.56,15.1,14,1
P008,HRTF_B,6,2.944,96.05,14.73,14,1
P008,HRTF_B,6,2.958,97.5,14.29,14,1
P008,HRTF_B,6,2.972,98.89,13.79,14,1
P008,HRTF_B,6,2.986,100.23,13.28,14,1
P008,HRTF_B,6,3,101.57,12.73,14,1
P008,HRTF_B,6,3.014,102.9,12.15,14,1
P008,HRTF_B,6,3.027,104.24,11.55,14,1
P008,HRTF_B,6,3.042,105.57,10.95,14,1
P008,HRTF_B,6,3.055,106.86,10.32,14,1
P008,HRTF_B,6,3.069,108.13,9.68,14,1
P008,HRTF_B,6,3.083,109.35,9.01,14,1
P008,HRTF_B,6,3.097,110.59,8.33,14,1
P008,HRTF_B,6,3.111,111.79,7.62,14,1
P008,HRTF_B,6,3.125,112.96,6.92,14,1
P008,HRTF_B,6,3.139,114.04,6.27,14,1
P008,HRTF_B,6,3.152,115.06,5.67,14,1
P008,HRTF_B,6,3.166,115.97,5.16,14,1
P008,HRTF_B,6,3.18,116.82,4.71,14,1
P008,HRTF_B,6,3.194,117.56,4.34,14,1
P008,HRTF_B,6,3.208,118.23,4.05,14,1
P008,HRTF_B,6,3.222,118.8,3.8,14,1
P008,HRTF_B,6,3.236,119.34,3.6,14,1
P008,HRTF_B,6,3.25,119.83,3.42,14,1
P008,HRTF_B,6,3.264,120.27,3.24,14,1
P008,HRTF_B,6,3.278,120.66,3.02,14,1
P008,HRTF_B,6,3.291,121.04,2.79,14,1
P008,HRTF_B,6,3.305,121.41,2.5,14,1
P008,HRTF_B,6,3.319,121.75,2.09,14,1
P008,HRTF_B,6,3.333,122.07,1.57,14,1
P008,HRTF_B,6,3.347,122.37,0.99,14,1
P008,HRTF_B,6,3.361,122.68,0.32,14,1
P008,HRTF_B,6,3.375,122.89,-0.46,14,1
P008,HRTF_B,6,3.389,123.14,-1.38,14,1
P008,HRTF_B,6,3.403,123.43,-2.35,14,1
P008,HRTF_B,6,3.417,123.75,-3.27,14,1
P008,HRTF_B,6,3.431,124.12,-4.15,14,1
P008,HRTF_B,6,3.444,124.52,-4.9,14,1
P008,HRTF_B,6,3.458,124.94,-5.58,14,1
P008,HRTF_B,6,3.472,125.35,-6.13,14,1
P008,HRTF_B,6,3.486,125.77,-6.58,14,1
P008,HRTF_B,6,3.5,126.2,-6.9,14,1
P008,HRTF_B,6,3.514,126.58,-7.16,14,1
P008,HRTF_B,6,3.527,126.9,-7.37,14,1
P008,HRTF_B,6,3.541,127.11,-7.54,14,1
P008,HRTF_B,6,3.556,127.29,-7.73,14,1
P008,HRTF_B,6,3.569,127.34,-7.86,14,1
P008,HRTF_B,6,3.583,127.29,-7.94,14,1
P008,HRTF_B,6,3.597,127.16,-7.96,14,1
P008,HRTF_B,6,3.611,126.97,-7.94,14,1
P008,HRTF_B,6,3.625,126.75,-7.89,14,1
P008,HRTF_B,6,3.639,126.51,-7.76,14,1
P008,HRTF_B,6,3.653,126.25,-7.54,14,1
P008,HRTF_B,6,3.667,125.98,-7.23,14,1
P008,HRTF_B,6,3.68,125.7,-6.91,14,1
P008,HRTF_B,6,3.694,125.41,-6.6,14,1
P008,HRTF_B,6,3.708,125.12,-6.33,14,1
P008,HRTF_B,6,3.722,124.81,-6.07,14,1
P008,HRTF_B,6,3.736,124.48,-5.83,14,1
P008,HRTF_B,6,3.75,124.14,-5.61,14,1
P008,HRTF_B,6,3.764,123.77,-5.47,14,1
P008,HRTF_B,6,3.778,123.42,-5.42,14,1
P008,HRTF_B,6,3.792,123.05,-5.38,14,1
P008,HRTF_B,6,3.805,122.71,-5.36,14,1
P008,HRTF_B,6,3.819,122.35,-5.36,14,1
P008,HRTF_B,6,3.833,122.02,-5.38,14,1
P008,HRTF_B,6,3.847,121.73,-5.42,14,1
P008,HRTF_B,6,3.861,121.46,-5.44,14,1
P008,HRTF_B,7,0.013,-4.75,3.99,7,1
P008,HRTF_B,7,0.027,-4.62,3.93,7,1
P008,HRTF_B,7,0.041,-4.55,3.77,7,1
P008,HRTF_B,7,0.055,-4.46,3.54,7,1
P008,HRTF_B,7,0.069,-4.28,3.24,7,1
P008,HRTF_B,7,0.083,-4.02,2.94,7,1
P008,HRTF_B,7,0.097,-3.77,2.68,7,1
P008,HRTF_B,7,0.111,-3.51,2.49,7,1
P008,HRTF_B,7,0.125,-3.25,2.31,7,1
P008,HRTF_B,7,0.138,-2.95,2.18,7,1
P008,HRTF_B,7,0.152,-2.64,2.13,7,1
P008,HRTF_B,7,0.166,-2.32,2.11,7,1
P008,HRTF_B,7,0.181,-2,2.18,7,1
P008,HRTF_B,7,0.194,-1.66,2.28,7,1
P008,HRTF_B,7,0.208,-1.33,2.4,7,1
P008,HRTF_B,7,0.221,-1.06,2.52,7,1
P008,HRTF_B,7,0.236,-0.81,2.67,7,1
P008,HRTF_B,7,0.249,-0.6,2.84,7,1
P008,HRTF_B,7,0.264,-0.43,3.04,7,1
P008,HRTF_B,7,0.277,-0.34,3.23,7,1
P008,HRTF_B,7,0.291,-0.31,3.42,7,1
P008,HRTF_B,7,0.305,-0.37,3.6,7,1
P008,HRTF_B,7,0.319,-0.5,3.78,7,1
P008,HRTF_B,7,0.332,-0.67,3.95,7,1
P008,HRTF_B,7,0.346,-0.91,4.11,7,1
P008,HRTF_B,7,0.361,-1.21,4.25,7,1
P008,HRTF_B,7,0.375,-1.61,4.41,7,1
P008,HRTF_B,7,0.389,-2.1,4.58,7,1
P008,HRTF_B,7,0.403,-2.71,4.78,7,1
P008,HRTF_B,7,0.416,-3.42,5,7,1
P008,HRTF_B,7,0.43,-4.2,5.22,7,1
P008,HRTF_B,7,0.444,-5.11,5.42,7,1
P008,HRTF_B,7,0.458,-6.09,5.59,7,1
P008,HRTF_B,7,0.472,-7.15,5.75,7,1
P008,HRTF_B,7,0.486,-8.12,5.95,7,1
P008,HRTF_B,7,0.5,-9.31,6.17,7,1
P008,HRTF_B,7,0.514,-10.29,6.14,7,1
P008,HRTF_B,7,0.527,-11.35,6.19,7,1
P008,HRTF_B,7,0.541,-12.39,6.24,7,1
P008,HRTF_B,7,0.555,-13.41,6.27,7,1
P008,HRTF_B,7,0.569,-14.37,6.37,7,1
P008,HRTF_B,7,0.582,-15.32,6.52,7,1
P008,HRTF_B,7,0.596,-16.3,6.65,7,1
P008,HRTF_B,7,0.611,-17.2,6.78,7,1
P008,HRTF_B,7,0.625,-18,6.86,7,1
P008,HRTF_B,7,0.638,-18.72,6.96,7,1
P008,HRTF_B,7,0.653,-19.32,7.13,7,1
P008,HRTF_B,7,0.666,-19.85,7.37,7,1
P008,HRTF_B,7,0.68,-20.25,7.64,7,1
P008,HRTF_B,7,0.694,-20.57,7.87,7,1
P008,HRTF_B,7,0.708,-20.75,8.05,7,1
P008,HRTF_B,7,0.722,-20.72,8.16,7,1
P008,HRTF_B,7,0.736,-20.51,8.3,7,1
P008,HRTF_B,7,0.75,-20.16,8.43,7,1
P008,HRTF_B,7,0.763,-19.67,8.62,7,1
P008,HRTF_B,7,0.778,-19.06,8.79,7,1
P008,HRTF_B,7,0.791,-18.33,8.86,7,1
P008,HRTF_B,7,0.805,-17.58,8.8,7,1
P008,HRTF_B,7,0.819,-16.78,8.51,7,1
P008,HRTF_B,7,0.833,-15.92,8.15,7,1
P008,HRTF_B,7,0.847,-15.01,7.68,7,1
P008,HRTF_B,7,0.861,-14.2,7.13,7,1
P008,HRTF_B,7,0.874,-13.43,6.37,7,1
P008,HRTF_B,7,0.889,-12.61,5.67,7,1
P008,HRTF_B,7,0.902,-11.83,4.93,7,1
P008,HRTF_B,7,0.916,-11.14,4.15,7,1
P008,HRTF_B,7,0.93,-10.43,3.66,7,1
P008,HRTF_B,7,0.944,-9.82,2.88,7,1
P008,HRTF_B,7,0.96,-9.18,2.44,7,1
P008,HRTF_B,7,0.97,-8.53,1.81,7,1
P008,HRTF_B,7,0.985,-7.91,1.33,7,1
P008,HRTF_B,7,1,-7.28,0.87,7,1
P008,HRTF_B,7,1.013,-6.73,0.35,7,1
P008,HRTF_B,7,1.027,-6.19,-0.1,7,1
P008,HRTF_B,7,1.041,-5.65,-0.56,7,1
P008,HRTF_B,7,1.057,-5.14,-1.03,7,1
P008,HRTF_B,7,1.069,-4.66,-1.44,7,1
P008,HRTF_B,7,1.083,-4.2,-1.82,7,1
P008,HRTF_B,7,1.097,-3.82,-2.16,7,1
P008,HRTF_B,7,1.11,-3.47,-2.49,7,1
P008,HRTF_B,7,1.124,-3.17,-2.82,7,1
P008,HRTF_B,7,1.138,-2.89,-3.19,7,1
P008,HRTF_B,7,1.152,-2.63,-3.56,7,1
P008,HRTF_B,7,1.167,-2.35,-3.86,7,1
P008,HRTF_B,7,1.18,-2.06,-4.13,7,1
P008,HRTF_B,7,1.194,-1.73,-4.36,7,1
P008,HRTF_B,7,1.208,-1.38,-4.51,7,1
P008,HRTF_B,7,1.222,-0.98,-4.62,7,1
P008,HRTF_B,7,1.236,-0.53,-4.66,7,1
P008,HRTF_B,7,1.249,-0.08,-4.59,7,1
P008,HRTF_B,7,1.264,0.42,-4.48,7,1
P008,HRTF_B,7,1.277,0.95,-4.33,7,1
P008,HRTF_B,7,1.292,1.52,-4.14,7,1
P008,HRTF_B,7,1.305,2.14,-3.89,7,1
P008,HRTF_B,7,1.318,2.87,-3.62,7,1
P008,HRTF_B,7,1.333,3.67,-3.38,7,1
P008,HRTF_B,7,1.347,4.5,-3.08,7,1
P008,HRTF_B,7,1.36,5.4,-2.78,7,1
P008,HRTF_B,7,1.374,6.37,-2.49,7,1
P008,HRTF_B,7,1.389,7.42,-2.26,7,1
P008,HRTF_B,7,1.402,8.61,-2.11,7,1
P008,HRTF_B,7,1.416,9.89,-1.97,7,1
P008,HRTF_B,7,1.43,11.28,-1.78,7,1
P008,HRTF_B,7,1.444,12.84,-1.59,7,1
P008,HRTF_B,7,1.458,14.53,-1.41,7,1
P008,HRTF_B,7,1.472,16.34,-1.2,7,1
P008,HRTF_B,7,1.485,18.21,-0.99,7,1
P008,HRTF_B,7,1.501,20.11,-0.74,7,1
P008,HRTF_B,7,1.514,22.06,-0.46,7,1
P008,HRTF_B,7,1.527,24.05,-0.14,7,1
P008,HRTF_B,7,1.541,26.09,0.15,7,1
P008,HRTF_B,7,1.555,28.14,0.41,7,1
P008,HRTF_B,7,1.569,30.18,0.63,7,1
P008,HRTF_B,7,1.583,32.22,0.83,7,1
P008,HRTF_B,7,1.597,34.21,1,7,1
P008,HRTF_B,7,1.611,36.1,1.01,7,1
P008,HRTF_B,7,1.625,37.54,1.44,7,1
P008,HRTF_B,7,1.638,39.48,1.39,7,1
P008,HRTF_B,7,1.652,40.98,1.6,7,1
P008,HRTF_B,7,1.666,42.52,1.38,7,1
P008,HRTF_B,7,1.68,44.04,1.34,7,1
P008,HRTF_B,7,1.694,45.53,1.03,7,1
P008,HRTF_B,7,1.708,46.95,0.78,7,1
P008,HRTF_B,7,1.721,48.38,0.46,7,1
P008,HRTF_B,7,1.736,49.82,0.16,7,1
P008,HRTF_B,7,1.749,51.31,-0.14,7,1
P008,HRTF_B,7,1.764,52.84,-0.39,7,1
P008,HRTF_B,7,1.778,54.38,-0.64,7,1
P008,HRTF_B,7,1.791,55.93,-0.84,7,1
P008,HRTF_B,7,1.805,57.5,-0.93,7,1
P008,HRTF_B,7,1.819,59.02,-1.03,7,1
P008,HRTF_B,7,1.833,60.55,-1.03,7,1
P008,HRTF_B,7,1.847,62.12,-0.89,7,1
P008,HRTF_B,7,1.861,63.56,-0.99,7,1
P008,HRTF_B,7,1.875,65.01,-0.89,7,1
P008,HRTF_B,7,1.889,66.47,-0.85,7,1
P008,HRTF_B,7,1.902,67.92,-0.79,7,1
P008,HRTF_B,7,1.916,69.31,-0.76,7,1
P008,HRTF_B,7,1.93,70.7,-0.78,7,1
P008,HRTF_B,7,1.944,72.03,-0.85,7,1
P008,HRTF_B,7,1.958,73.31,-0.99,7,1
P008,HRTF_B,7,1.972,74.54,-1.13,7,1
P008,HRTF_B,7,1.986,75.76,-1.26,7,1
P008,HRTF_B,7,1.999,76.93,-1.35,7,1
P008,HRTF_B,7,2.013,78.05,-1.4,7,1
P008,HRTF_B,7,2.027,79.13,-1.48,7,1
P008,HRTF_B,7,2.041,80.18,-1.55,7,1
P008,HRTF_B,7,2.055,81.24,-1.63,7,1
P008,HRTF_B,7,2.069,82.28,-1.74,7,1
P008,HRTF_B,7,2.083,83.33,-1.83,7,1
P008,HRTF_B,7,2.097,84.36,-1.85,7,1
P008,HRTF_B,7,2.111,85.38,-1.84,7,1
P008,HRTF_B,7,2.125,86.41,-1.8,7,1
P008,HRTF_B,7,2.139,87.43,-1.75,7,1
P008,HRTF_B,7,2.153,88.43,-1.69,7,1
P008,HRTF_B,7,2.166,89.42,-1.64,7,1
P008,HRTF_B,7,2.18,90.42,-1.62,7,1
P008,HRTF_B,7,2.194,91.44,-1.63,7,1
P008,HRTF_B,7,2.208,92.48,-1.65,7,1
P008,HRTF_B,7,2.223,93.58,-1.67,7,1
P008,HRTF_B,7,2.236,94.76,-1.7,7,1
P008,HRTF_B,7,2.25,95.98,-1.72,7,1
P008,HRTF_B,7,2.264,97.27,-1.71,7,1
P008,HRTF_B,7,2.278,98.61,-1.72,7,1
P008,HRTF_B,7,2.292,100,-1.79,7,1
P008,HRTF_B,7,2.305,101.43,-1.91,7,1
P008,HRTF_B,7,2.319,102.93,-2.07,7,1
P008,HRTF_B,7,2.333,104.45,-2.22,7,1
P008,HRTF_B,7,2.347,106.02,-2.39,7,1
P008,HRTF_B,7,2.361,107.55,-2.57,7,1
P008,HRTF_B,7,2.375,109.04,-2.73,7,1
P008,HRTF_B,7,2.389,110.45,-2.88,7,1
P008,HRTF_B,7,2.403,111.81,-2.98,7,1
P008,HRTF_B,7,2.417,113.09,-3.05,7,1
P008,HRTF_B,7,2.43,114.3,-3.14,7,1
P008,HRTF_B,7,2.444,115.41,-3.29,7,1
P008,HRTF_B,7,2.458,116.43,-3.49,7,1
P008,HRTF_B,7,2.472,117.36,-3.69,7,1
P008,HRTF_B,7,2.486,118.18,-3.87,7,1
P008,HRTF_B,7,2.5,118.93,-4.03,7,1
P008,HRTF_B,7,2.514,119.64,-4.17,7,1
P008,HRTF_B,7,2.527,120.32,-4.25,7,1
P008,HRTF_B,7,2.542,120.99,-4.31,7,1
P008,HRTF_B,7,2.555,121.61,-4.37,7,1
P008,HRTF_B,7,2.569,122.24,-4.45,7,1
P008,HRTF_B,7,2.583,122.86,-4.55,7,1
P008,HRTF_B,7,2.597,123.52,-4.69,7,1
P008,HRTF_B,7,2.611,124.23,-4.8,7,1
P008,HRTF_B,7,2.625,124.92,-4.96,7,1
P008,HRTF_B,7,2.638,125.61,-5.13,7,1
P008,HRTF_B,7,2.653,126.32,-5.39,7,1
P008,HRTF_B,7,2.667,127.02,-5.71,7,1
P008,HRTF_B,7,2.68,127.69,-6.12,7,1
P008,HRTF_B,7,2.694,128.3,-6.56,7,1
P008,HRTF_B,7,2.708,128.84,-6.98,7,1
P008,HRTF_B,7,2.721,129.36,-7.4,7,1
P008,HRTF_B,7,2.736,129.84,-7.85,7,1
P008,HRTF_B,7,2.75,130.26,-8.29,7,1
P008,HRTF_B,7,2.764,130.71,-8.76,7,1
P008,HRTF_B,7,2.777,131.14,-9.21,7,1
P008,HRTF_B,7,2.791,131.54,-9.63,7,1
P008,HRTF_B,7,2.805,131.91,-10.05,7,1
P008,HRTF_B,7,2.819,132.26,-10.47,7,1
P008,HRTF_B,7,2.833,132.56,-10.91,7,1
P008,HRTF_B,7,2.847,132.84,-11.36,7,1
P008,HRTF_B,7,2.861,133.05,-11.84,7,1
P008,HRTF_B,7,2.875,133.25,-12.31,7,1
P008,HRTF_B,7,2.888,133.4,-12.77,7,1
P008,HRTF_B,7,2.903,133.53,-13.19,7,1
P008,HRTF_B,7,2.916,133.64,-13.61,7,1
P008,HRTF_B,7,2.931,133.78,-14.06,7,1
P008,HRTF_B,7,2.944,133.99,-14.45,7,1
P008,HRTF_B,7,2.958,134.23,-14.83,7,1
P008,HRTF_B,7,2.972,134.52,-15.17,7,1
P008,HRTF_B,7,2.986,134.8,-15.48,7,1
P008,HRTF_B,7,2.999,135.11,-15.78,7,1
P008,HRTF_B,7,3.013,135.42,-16.09,7,1
P008,HRTF_B,7,3.027,135.68,-16.41,7,1
P008,HRTF_B,7,3.041,135.94,-16.8,7,1
P008,HRTF_B,7,3.055,136.12,-17.21,7,1
P008,HRTF_B,7,3.069,136.3,-17.71,7,1
P008,HRTF_B,7,3.083,136.46,-18.26,7,1
P008,HRTF_B,7,3.097,136.55,-18.78,7,1
P008,HRTF_B,7,3.111,136.58,-19.36,7,1
P008,HRTF_B,7,3.125,136.56,-19.95,7,1
P008,HRTF_B,7,3.139,136.5,-20.56,7,1
P008,HRTF_B,7,3.152,136.4,-21.17,7,1
P008,HRTF_B,7,3.166,136.27,-21.77,7,1
P008,HRTF_B,7,3.18,136.14,-22.33,7,1
P008,HRTF_B,7,3.194,135.97,-22.85,7,1
P008,HRTF_B,7,3.208,135.79,-23.33,7,1
P008,HRTF_B,7,3.222,135.59,-23.75,7,1
P008,HRTF_B,7,3.236,135.37,-24.1,7,1
P008,HRTF_B,7,3.25,135.14,-24.33,7,1
P008,HRTF_B,7,3.264,134.92,-24.53,7,1
P008,HRTF_B,7,3.277,134.58,-24.63,7,1
P008,HRTF_B,7,3.292,134.29,-24.73,7,1
P008,HRTF_B,7,3.305,134,-24.76,7,1
P008,HRTF_B,7,3.319,133.71,-24.77,7,1
P008,HRTF_B,7,3.333,133.33,-24.72,7,1
P008,HRTF_B,7,3.347,132.95,-24.67,7,1
P008,HRTF_B,7,3.361,132.54,-24.54,7,1
P008,HRTF_B,7,3.375,132.07,-24.37,7,1
P008,HRTF_B,7,3.389,131.55,-24.13,7,1
P008,HRTF_B,7,3.403,130.98,-23.82,7,1
P008,HRTF_B,7,3.417,130.36,-23.48,7,1
P008,HRTF_B,7,3.43,129.61,-23.05,7,1
P008,HRTF_B,7,3.444,128.68,-22.55,7,1
P008,HRTF_B,7,3.458,127.54,-22.03,7,1
P008,HRTF_B,7,3.472,126.3,-21.38,7,1
P008,HRTF_B,7,3.486,124.96,-20.66,7,1
P008,HRTF_B,7,3.5,123.55,-19.85,7,1
P008,HRTF_B,7,3.514,122.05,-18.97,7,1
P008,HRTF_B,7,3.528,120.5,-18.03,7,1
P008,HRTF_B,7,3.542,118.89,-17.01,7,1
P008,HRTF_B,7,3.555,117.2,-15.96,7,1
P008,HRTF_B,7,3.569,115.39,-14.89,7,1
P008,HRTF_B,7,3.583,113.48,-13.77,7,1
P008,HRTF_B,7,3.597,111.47,-12.66,7,1
P008,HRTF_B,7,3.611,109.35,-11.53,7,1
P008,HRTF_B,7,3.625,107.12,-10.44,7,1
P008,HRTF_B,7,3.639,104.8,-9.41,7,1
P008,HRTF_B,7,3.653,102.35,-8.43,7,1
P008,HRTF_B,7,3.666,99.83,-7.52,7,1
P008,HRTF_B,7,3.68,97.2,-6.76,7,1
P008,HRTF_B,7,3.695,94.46,-6.13,7,1
P008,HRTF_B,7,3.708,91.6,-5.61,7,1
P008,HRTF_B,7,3.722,88.61,-5.2,7,1
P008,HRTF_B,7,3.736,85.49,-4.92,7,1
P008,HRTF_B,7,3.75,82.26,-4.81,7,1
P008,HRTF_B,7,3.764,78.92,-4.8,7,1
P008,HRTF_B,7,3.778,75.52,-4.92,7,1
P008,HRTF_B,7,3.791,72.04,-5.13,7,1
P008,HRTF_B,7,3.806,68.43,-5.41,7,1
P008,HRTF_B,7,3.82,64.75,-5.75,7,1
P008,HRTF_B,7,3.833,61.06,-6.15,7,1
P008,HRTF_B,7,3.847,57.36,-6.57,7,1
P008,HRTF_B,7,3.861,53.7,-7.03,7,1
P008,HRTF_B,7,3.875,50.04,-7.51,7,1
P008,HRTF_B,7,3.889,46.36,-8.05,7,1
P008,HRTF_B,7,3.902,42.77,-8.66,7,1
P008,HRTF_B,7,3.916,39.22,-9.35,7,1
P008,HRTF_B,7,3.93,35.75,-10.04,7,1
P008,HRTF_B,7,3.944,32.35,-10.78,7,1
P008,HRTF_B,7,3.958,29.02,-11.57,7,1
P008,HRTF_B,7,3.972,25.73,-12.36,7,1
P008,HRTF_B,7,3.986,22.54,-13.17,7,1
P008,HRTF_B,7,4,19.44,-13.96,7,1
P008,HRTF_B,7,4.014,16.42,-14.7,7,1
P008,HRTF_B,7,4.028,13.47,-15.44,7,1
P008,HRTF_B,7,4.042,10.58,-16.15,7,1
P008,HRTF_B,7,4.055,7.75,-16.82,7,1
P008,HRTF_B,7,4.069,4.98,-17.49,7,1
P008,HRTF_B,7,4.083,2.3,-18.12,7,1
P008,HRTF_B,7,4.098,-0.33,-18.71,7,1
P008,HRTF_B,7,4.111,-2.91,-19.27,7,1
P008,HRTF_B,7,4.125,-5.4,-19.76,7,1
P008,HRTF_B,7,4.139,-7.85,-20.21,7,1
P008,HRTF_B,7,4.152,-10.2,-20.63,7,1
P008,HRTF_B,7,4.166,-12.45,-21.06,7,1
P008,HRTF_B,7,4.181,-14.64,-21.43,7,1
P008,HRTF_B,7,4.194,-16.7,-21.78,7,1
P008,HRTF_B,7,4.208,-18.73,-22.09,7,1
P008,HRTF_B,7,4.222,-20.72,-22.4,7,1
P008,HRTF_B,7,4.236,-22.71,-22.65,7,1
P008,HRTF_B,7,4.25,-24.66,-22.88,7,1
P008,HRTF_B,7,4.264,-26.56,-23.1,7,1
P008,HRTF_B,7,4.278,-28.45,-23.25,7,1
P008,HRTF_B,7,4.291,-30.28,-23.44,7,1
P008,HRTF_B,7,4.306,-32.04,-23.65,7,1
P008,HRTF_B,7,4.319,-33.82,-23.86,7,1
P008,HRTF_B,7,4.333,-35.58,-24.07,7,1
P008,HRTF_B,7,4.347,-37.34,-24.29,7,1
P008,HRTF_B,7,4.361,-39.07,-24.52,7,1
P008,HRTF_B,7,4.375,-40.78,-24.75,7,1
P008,HRTF_B,7,4.389,-42.49,-25,7,1
P008,HRTF_B,7,4.403,-44.18,-25.21,7,1
P008,HRTF_B,7,4.416,-45.89,-25.43,7,1
P008,HRTF_B,7,4.431,-47.59,-25.7,7,1
P008,HRTF_B,7,4.444,-49.27,-26,7,1
P008,HRTF_B,7,4.458,-50.97,-26.25,7,1
P008,HRTF_B,7,4.472,-52.7,-26.43,7,1
P008,HRTF_B,7,4.486,-54.39,-26.61,7,1
P008,HRTF_B,7,4.5,-56.08,-26.78,7,1
P008,HRTF_B,7,4.513,-57.78,-26.9,7,1
P008,HRTF_B,7,4.527,-59.53,-26.97,7,1
P008,HRTF_B,7,4.542,-61.24,-27.02,7,1
P008,HRTF_B,7,4.556,-62.89,-27.06,7,1
P008,HRTF_B,7,4.569,-64.47,-27.04,7,1
P008,HRTF_B,7,4.583,-65.99,-26.95,7,1
P008,HRTF_B,7,4.597,-67.49,-26.8,7,1
P008,HRTF_B,7,4.611,-68.92,-26.57,7,1
P008,HRTF_B,7,4.625,-70.29,-26.3,7,1
P008,HRTF_B,7,4.639,-71.59,-25.95,7,1
P008,HRTF_B,7,4.653,-72.83,-25.51,7,1
P008,HRTF_B,7,4.667,-74.04,-24.97,7,1
P008,HRTF_B,7,4.681,-75.2,-24.29,7,1
P008,HRTF_B,7,4.694,-76.29,-23.52,7,1
P008,HRTF_B,7,4.708,-77.28,-22.6,7,1
P008,HRTF_B,7,4.722,-78.17,-21.55,7,1
P008,HRTF_B,7,4.736,-79,-20.34,7,1
P008,HRTF_B,7,4.75,-79.74,-19.02,7,1
P008,HRTF_B,7,4.763,-80.43,-17.66,7,1
P008,HRTF_B,7,4.778,-81.06,-16.27,7,1
P008,HRTF_B,7,4.791,-81.69,-14.85,7,1
P008,HRTF_B,7,4.805,-82.32,-13.47,7,1
P008,HRTF_B,7,4.819,-82.99,-12.14,7,1
P008,HRTF_B,7,4.833,-83.71,-10.85,7,1
P008,HRTF_B,7,4.847,-84.48,-9.58,7,1
P008,HRTF_B,7,4.861,-85.34,-8.38,7,1
P008,HRTF_B,7,4.874,-86.26,-7.21,7,1
P008,HRTF_B,7,4.889,-87.22,-6.11,7,1
P008,HRTF_B,7,4.903,-88.19,-5.05,7,1
P008,HRTF_B,7,4.917,-89.21,-4.06,7,1
P008,HRTF_B,7,4.93,-90.35,-3.11,7,1
P008,HRTF_B,7,4.944,-91.54,-2.21,7,1
P008,HRTF_B,7,4.958,-92.76,-1.33,7,1
P008,HRTF_B,7,4.972,-93.99,-0.43,7,1
P008,HRTF_B,7,4.986,-95.23,0.5,7,1
P008,HRTF_B,7,5,-96.43,1.48,7,1
P008,HRTF_B,7,5.014,-97.62,2.48,7,1
P008,HRTF_B,7,5.028,-98.8,3.52,7,1
P008,HRTF_B,7,5.041,-99.96,4.53,7,1
P008,HRTF_B,7,5.055,-101.09,5.51,7,1
P008,HRTF_B,7,5.07,-102.2,6.41,7,1
P008,HRTF_B,7,5.083,-103.27,7.27,7,1
P008,HRTF_B,7,5.097,-104.3,8.04,7,1
P008,HRTF_B,7,5.111,-105.27,8.78,7,1
P008,HRTF_B,7,5.125,-106.18,9.49,7,1
P008,HRTF_B,7,5.139,-106.99,10.18,7,1
P008,HRTF_B,7,5.153,-107.73,10.88,7,1
P008,HRTF_B,7,5.166,-108.35,11.57,7,1
P008,HRTF_B,7,5.18,-108.84,12.26,7,1
P008,HRTF_B,7,5.195,-109.21,12.9,7,1
P008,HRTF_B,7,5.208,-109.52,13.47,7,1
P008,HRTF_B,7,5.222,-109.73,13.96,7,1
P008,HRTF_B,7,5.236,-109.82,14.47,7,1
P008,HRTF_B,7,5.25,-109.81,14.98,7,1
P008,HRTF_B,7,5.264,-109.72,15.47,7,1
P008,HRTF_B,7,5.277,-109.55,16,7,1
P008,HRTF_B,7,5.292,-109.26,16.52,7,1
P008,HRTF_B,7,5.305,-108.84,17.12,7,1
P008,HRTF_B,7,5.319,-108.25,17.75,7,1
P008,HRTF_B,7,5.334,-107.54,18.42,7,1
P008,HRTF_B,7,5.347,-106.66,19.15,7,1
P008,HRTF_B,7,5.361,-105.58,19.95,7,1
P008,HRTF_B,7,5.375,-104.31,20.81,7,1
P008,HRTF_B,7,5.389,-102.74,21.65,7,1
P008,HRTF_B,7,5.402,-101,22.41,7,1
P008,HRTF_B,7,5.416,-99.01,23.05,7,1
P008,HRTF_B,7,5.43,-96.79,23.6,7,1
P008,HRTF_B,7,5.444,-94.31,24.1,7,1
P008,HRTF_B,7,5.458,-91.63,24.57,7,1
P008,HRTF_B,7,5.472,-88.76,24.98,7,1
P008,HRTF_B,7,5.486,-85.85,25.33,7,1
P008,HRTF_B,7,5.499,-82.86,25.57,7,1
P008,HRTF_B,7,5.514,-79.76,25.74,7,1
P008,HRTF_B,7,5.527,-76.62,25.83,7,1
P008,HRTF_B,7,5.541,-73.46,25.87,7,1
P008,HRTF_B,7,5.555,-70.36,25.89,7,1
P008,HRTF_B,7,5.569,-67.38,25.93,7,1
P008,HRTF_B,7,5.583,-64.53,26,7,1
P008,HRTF_B,7,5.597,-61.74,26.05,7,1
P008,HRTF_B,7,5.612,-58.99,26.09,7,1
P008,HRTF_B,7,5.625,-56.4,26.15,7,1
P008,HRTF_B,7,5.639,-53.98,26.23,7,1
P008,HRTF_B,7,5.652,-51.74,26.32,7,1
P008,HRTF_B,7,5.666,-49.62,26.4,7,1
P008,HRTF_B,7,5.68,-47.61,26.49,7,1
P008,HRTF_B,7,5.694,-45.77,26.6,7,1
P008,HRTF_B,7,5.708,-44.05,26.76,7,1
P008,HRTF_B,7,5.722,-42.52,26.97,7,1
P008,HRTF_B,7,5.736,-41.02,27.21,7,1
P008,HRTF_B,7,5.75,-39.55,27.44,7,1
P008,HRTF_B,7,5.763,-38.12,27.64,7,1
P008,HRTF_B,7,5.777,-36.74,27.83,7,1
P008,HRTF_B,7,5.791,-35.46,28.02,7,1
P008,HRTF_B,7,5.805,-34.18,28.23,7,1
P008,HRTF_B,7,5.819,-32.89,28.36,7,1
P008,HRTF_B,7,5.833,-31.55,28.46,7,1
P008,HRTF_B,7,5.847,-30.22,28.56,7,1
P008,HRTF_B,7,5.861,-28.88,28.61,7,1
P008,HRTF_B,7,5.875,-27.49,28.63,7,1
P008,HRTF_B,7,5.888,-26.08,28.61,7,1
P008,HRTF_B,7,5.902,-24.67,28.55,7,1
P008,HRTF_B,7,5.916,-23.28,28.43,7,1
P008,HRTF_B,7,5.93,-21.84,28.26,7,1
P008,HRTF_B,7,5.944,-20.4,28.09,7,1
P008,HRTF_B,7,5.958,-18.94,27.91,7,1
P008,HRTF_B,7,5.972,-17.44,27.72,7,1
P008,HRTF_B,7,5.986,-15.89,27.52,7,1
P008,HRTF_B,7,5.999,-14.34,27.35,7,1
P008,HRTF_B,7,6.013,-12.77,27.21,7,1
P008,HRTF_B,7,6.027,-11.19,27.1,7,1
P008,HRTF_B,7,6.041,-9.59,27.06,7,1
P008,HRTF_B,7,6.055,-7.95,26.94,7,1
P008,HRTF_B,7,6.069,-6.28,26.79,7,1
P008,HRTF_B,7,6.083,-4.65,26.66,7,1
P008,HRTF_B,7,6.097,-3.05,26.55,7,1
P008,HRTF_B,7,6.111,-1.47,26.47,7,1
P008,HRTF_B,7,6.125,0.11,26.38,7,1
P008,HRTF_B,7,6.138,1.66,26.32,7,1
P008,HRTF_B,7,6.152,3.19,26.33,7,1
P008,HRTF_B,7,6.166,4.65,26.38,7,1
P008,HRTF_B,7,6.18,6.05,26.53,7,1
P008,HRTF_B,7,6.194,7.37,26.7,7,1
P008,HRTF_B,7,6.208,8.6,26.88,7,1
P008,HRTF_B,7,6.222,9.78,27.03,7,1
P008,HRTF_B,7,6.236,10.9,27.14,7,1
P008,HRTF_B,7,6.249,11.99,27.2,7,1
P008,HRTF_B,7,6.263,13.02,27.26,7,1
P008,HRTF_B,7,6.277,14.03,27.28,7,1
P008,HRTF_B,7,6.291,15.06,27.29,7,1
P008,HRTF_B,7,6.305,16.14,27.27,7,1
P008,HRTF_B,7,6.319,17.23,27.18,7,1
P008,HRTF_B,7,6.333,18.33,27.09,7,1
P008,HRTF_B,7,6.347,19.41,26.97,7,1
P008,HRTF_B,7,6.361,20.47,26.86,7,1
P008,HRTF_B,7,6.375,21.53,26.73,7,1
P008,HRTF_B,7,6.388,22.58,26.57,7,1
P008,HRTF_B,7,6.402,23.63,26.37,7,1
P008,HRTF_B,7,6.416,24.68,26.13,7,1
P008,HRTF_B,7,6.43,25.72,25.89,7,1
P008,HRTF_B,7,6.444,26.75,25.64,7,1
P008,HRTF_B,7,6.458,27.76,25.38,7,1
P008,HRTF_B,7,6.472,28.78,25.11,7,1
P008,HRTF_B,7,6.485,29.82,24.79,7,1
P008,HRTF_B,7,6.499,30.84,24.41,7,1
P008,HRTF_B,7,6.513,31.86,24.04,7,1
P008,HRTF_B,7,6.527,32.86,23.64,7,1
P008,HRTF_B,7,6.541,33.87,23.22,7,1
P008,HRTF_B,7,6.555,34.86,22.8,7,1
P008,HRTF_B,7,6.569,35.84,22.37,7,1
P008,HRTF_B,7,6.583,36.86,21.91,7,1
P008,HRTF_B,7,6.597,37.87,21.4,7,1
P008,HRTF_B,7,6.61,38.88,20.89,7,1
P008,HRTF_B,7,6.624,39.89,20.39,7,1
P008,HRTF_B,7,6.638,40.9,19.89,7,1
P008,HRTF_B,7,6.652,41.91,19.39,7,1
P008,HRTF_B,7,6.666,42.97,18.83,7,1
P008,HRTF_B,7,6.68,44.02,18.28,7,1
P008,HRTF_B,7,6.694,45.11,17.72,7,1
P008,HRTF_B,7,6.708,46.18,17.21,7,1
P008,HRTF_B,7,6.722,47.3,16.68,7,1
P008,HRTF_B,7,6.736,48.46,16.13,7,1
P008,HRTF_B,7,6.75,49.68,15.56,7,1
P008,HRTF_B,7,6.763,50.95,15,7,1
P008,HRTF_B,7,6.777,52.25,14.44,7,1
P008,HRTF_B,7,6.792,53.58,13.9,7,1
P008,HRTF_B,7,6.805,54.96,13.33,7,1
P008,HRTF_B,7,6.819,56.38,12.73,7,1
P008,HRTF_B,7,6.833,57.84,12.15,7,1
P008,HRTF_B,7,6.847,59.31,11.58,7,1
P008,HRTF_B,7,6.861,60.8,11.05,7,1
P008,HRTF_B,7,6.875,62.32,10.51,7,1
P008,HRTF_B,7,6.888,63.87,9.94,7,1
P008,HRTF_B,7,6.903,65.42,9.3,7,1
P008,HRTF_B,7,6.916,66.93,8.67,7,1
P008,HRTF_B,7,6.931,68.39,8.07,7,1
P008,HRTF_B,7,6.944,69.83,7.49,7,1
P008,HRTF_B,7,6.958,71.28,6.92,7,1
P008,HRTF_B,7,6.972,72.67,6.38,7,1
P008,HRTF_B,7,6.985,74.01,5.9,7,1
P008,HRTF_B,7,6.999,75.3,5.48,7,1
P008,HRTF_B,7,7.013,76.53,5.07,7,1
P008,HRTF_B,7,7.027,77.77,4.61,7,1
P008,HRTF_B,7,7.042,78.97,4.16,7,1
P008,HRTF_B,7,7.055,80.15,3.72,7,1
P008,HRTF_B,7,7.069,81.3,3.34,7,1
P008,HRTF_B,7,7.083,82.43,3,7,1
P008,HRTF_B,7,7.097,83.56,2.71,7,1
P008,HRTF_B,7,7.111,84.68,2.43,7,1
P008,HRTF_B,7,7.125,85.81,2.15,7,1
P008,HRTF_B,7,7.138,86.91,1.88,7,1
P008,HRTF_B,7,7.152,88.02,1.63,7,1
P008,HRTF_B,7,7.166,89.15,1.43,7,1
P008,HRTF_B,7,7.181,90.31,1.27,7,1
P008,HRTF_B,7,7.194,91.47,1.1,7,1
P008,HRTF_B,7,7.208,92.67,0.96,7,1
P008,HRTF_B,7,7.222,93.94,0.82,7,1
P008,HRTF_B,7,7.236,95.27,0.68,7,1
P008,HRTF_B,7,7.25,96.64,0.58,7,1
P008,HRTF_B,7,7.264,98.07,0.44,7,1
P008,HRTF_B,7,7.277,99.58,0.33,7,1
P008,HRTF_B,7,7.292,101.14,0.22,7,1
P008,HRTF_B,7,7.305,102.78,0.14,7,1
P008,HRTF_B,7,7.319,104.46,0.02,7,1
P008,HRTF_B,7,7.334,106.2,-0.2,7,1
P008,HRTF_B,7,7.347,108,-0.41,7,1
P008,HRTF_B,7,7.361,109.85,-0.61,7,1
P008,HRTF_B,7,7.375,111.71,-0.81,7,1
P008,HRTF_B,7,7.389,113.55,-1,7,1
P008,HRTF_B,7,7.403,115.35,-1.19,7,1
P008,HRTF_B,7,7.416,117.12,-1.4,7,1
P008,HRTF_B,7,7.43,118.85,-1.63,7,1
P008,HRTF_B,7,7.444,120.53,-1.88,7,1
P008,HRTF_B,7,7.458,122.17,-2.18,7,1
P008,HRTF_B,7,7.472,123.74,-2.51,7,1
P008,HRTF_B,7,7.486,125.28,-2.86,7,1
P008,HRTF_B,7,7.5,126.78,-3.24,7,1
P008,HRTF_B,7,7.514,128.18,-3.59,7,1
P008,HRTF_B,7,7.527,129.45,-3.91,7,1
P008,HRTF_B,7,7.542,130.66,-4.24,7,1
P008,HRTF_B,7,7.555,131.81,-4.58,7,1
P008,HRTF_B,7,7.57,132.91,-4.9,7,1
P008,HRTF_B,7,7.583,133.99,-5.24,7,1
P008,HRTF_B,7,7.597,135.02,-5.62,7,1
P008,HRTF_B,7,7.611,136.04,-6.01,7,1
P008,HRTF_B,7,7.625,137.03,-6.42,7,1
P008,HRTF_B,7,7.639,138.01,-6.78,7,1
P008,HRTF_B,7,7.652,138.98,-7.14,7,1
P008,HRTF_B,7,7.667,139.89,-7.48,7,1
P008,HRTF_B,7,7.681,140.73,-7.84,7,1
P008,HRTF_B,7,7.694,141.49,-8.26,7,1
P008,HRTF_B,7,7.709,142.19,-8.77,7,1
P008,HRTF_B,7,7.722,142.77,-9.31,7,1
P008,HRTF_B,7,7.736,143.28,-9.87,7,1
P008,HRTF_B,7,7.75,143.71,-10.42,7,1
P008,HRTF_B,7,7.764,144.09,-11,7,1
P008,HRTF_B,7,7.777,144.41,-11.58,7,1
P008,HRTF_B,7,7.791,144.71,-12.2,7,1
P008,HRTF_B,7,7.805,145.01,-12.86,7,1
P008,HRTF_B,7,7.819,145.33,-13.54,7,1
P008,HRTF_B,7,7.833,145.68,-14.26,7,1
P008,HRTF_B,7,7.847,146.04,-15.02,7,1
P008,HRTF_B,7,7.861,146.48,-15.85,7,1
P008,HRTF_B,7,7.875,146.93,-16.74,7,1
P008,HRTF_B,7,7.889,147.44,-17.57,7,1
P008,HRTF_B,7,7.903,147.98,-18.34,7,1
P008,HRTF_B,7,7.916,148.5,-19.07,7,1
P008,HRTF_B,7,7.93,149,-19.77,7,1
P008,HRTF_B,7,7.944,149.5,-20.43,7,1
P008,HRTF_B,7,7.958,149.98,-21.05,7,1
P008,HRTF_B,7,7.972,150.43,-21.57,7,1
P008,HRTF_B,7,7.986,150.82,-22.02,7,1
P008,HRTF_B,7,8,151.15,-22.4,7,1
P008,HRTF_B,7,8.014,151.42,-22.75,7,1
P008,HRTF_B,7,8.027,151.66,-23.14,7,1
P008,HRTF_B,7,8.042,151.9,-23.58,7,1
P008,HRTF_B,7,8.055,152.06,-24.05,7,1
P008,HRTF_B,7,8.069,152.16,-24.5,7,1
P008,HRTF_B,7,8.083,152.16,-24.96,7,1
P008,HRTF_B,7,8.097,152.26,-25.48,7,1
P008,HRTF_B,7,8.111,152.28,-26.06,7,1
P008,HRTF_B,7,8.125,152.31,-26.66,7,1
P008,HRTF_B,7,8.139,152.33,-27.27,7,1
P008,HRTF_B,7,8.153,152.39,-27.9,7,1
P008,HRTF_B,7,8.167,152.4,-28.55,7,1
P008,HRTF_B,7,8.18,152.43,-29.16,7,1
P008,HRTF_B,7,8.194,152.44,-29.76,7,1
P008,HRTF_B,7,8.208,152.45,-30.24,7,1
P008,HRTF_B,7,8.222,152.48,-30.63,7,1
P008,HRTF_B,7,8.236,152.43,-30.99,7,1
P008,HRTF_B,7,8.25,152.34,-31.28,7,1
P008,HRTF_B,7,8.264,152.21,-31.55,7,1
P008,HRTF_B,7,8.277,152.02,-31.8,7,1
P008,HRTF_B,7,8.292,151.81,-32.07,7,1
P008,HRTF_B,7,8.305,151.6,-32.39,7,1
P008,HRTF_B,7,8.319,151.36,-32.73,7,1
P008,HRTF_B,7,8.333,151.09,-33.06,7,1
P008,HRTF_B,7,8.347,150.83,-33.45,7,1
P008,HRTF_B,7,8.361,150.58,-33.79,7,1
P008,HRTF_B,7,8.375,150.28,-34.21,7,1
P008,HRTF_B,7,8.388,149.89,-34.65,7,1
P008,HRTF_B,7,8.403,149.47,-35.07,7,1
P008,HRTF_B,7,8.417,148.97,-35.42,7,1
P008,HRTF_B,7,8.43,148.41,-35.72,7,1
P008,HRTF_B,7,8.444,147.81,-35.98,7,1
P008,HRTF_B,7,8.458,147.06,-36.27,7,1
P008,HRTF_B,7,8.472,146.31,-36.5,7,1
P008,HRTF_B,7,8.486,145.5,-36.66,7,1
P008,HRTF_B,7,8.5,144.65,-36.71,7,1
P008,HRTF_B,7,8.514,143.65,-36.73,7,1
P008,HRTF_B,7,8.528,142.45,-36.74,7,1
P008,HRTF_B,7,8.542,141.2,-36.78,7,1
P008,HRTF_B,7,8.555,139.78,-36.86,7,1
P008,HRTF_B,7,8.569,138.2,-37.08,7,1
P008,HRTF_B,7,8.583,136.45,-37.36,7,1
P008,HRTF_B,7,8.597,134.44,-37.77,7,1
P008,HRTF_B,7,8.611,132.16,-38.43,7,1
P008,HRTF_B,7,8.625,129.52,-39.37,7,1
P008,HRTF_B,7,8.639,126.38,-40.56,7,1
P008,HRTF_B,7,8.652,122.85,-41.81,7,1
P008,HRTF_B,7,8.666,118.92,-42.99,7,1
P008,HRTF_B,7,8.68,114.7,-44,7,1
P008,HRTF_B,7,8.695,110.04,-44.84,7,1
P008,HRTF_B,7,8.708,105.13,-45.54,7,1
P008,HRTF_B,7,8.722,100.09,-45.99,7,1
P008,HRTF_B,7,8.736,94.98,-46.3,7,1
P008,HRTF_B,7,8.75,89.74,-46.45,7,1
P008,HRTF_B,7,8.764,84.64,-46.44,7,1
P008,HRTF_B,7,8.777,79.69,-46.21,7,1
P008,HRTF_B,7,8.792,74.92,-45.96,7,1
P008,HRTF_B,7,8.805,70.32,-45.7,7,1
P008,HRTF_B,7,8.82,65.95,-45.41,7,1
P008,HRTF_B,7,8.834,61.79,-45.02,7,1
P008,HRTF_B,7,8.847,57.91,-44.65,7,1
P008,HRTF_B,7,8.861,54.28,-44.2,7,1
P008,HRTF_B,7,8.875,50.96,-43.82,7,1
P008,HRTF_B,7,8.889,47.94,-43.6,7,1
P008,HRTF_B,7,8.903,45.27,-43.43,7,1
P008,HRTF_B,7,8.917,42.94,-43.41,7,1
P008,HRTF_B,7,8.93,40.93,-43.49,7,1
P008,HRTF_B,7,8.944,39.13,-43.59,7,1
P008,HRTF_B,7,8.958,37.65,-43.63,7,1
P008,HRTF_B,7,8.972,36.41,-43.67,7,1
P008,HRTF_B,7,8.986,35.43,-43.73,7,1
P008,HRTF_B,7,9,34.74,-43.8,7,1
P008,HRTF_B,7,9.014,34.3,-43.85,7,1
P008,HRTF_B,7,9.027,34.2,-43.88,7,1
P008,HRTF_B,7,9.042,34.35,-43.96,7,1
P008,HRTF_B,7,9.055,34.64,-44.04,7,1
P008,HRTF_B,7,9.07,35.03,-44.1,7,1
P008,HRTF_B,7,9.083,35.55,-44.1,7,1
P008,HRTF_B,7,9.097,36.18,-44.01,7,1
P008,HRTF_B,7,9.111,36.83,-43.88,7,1
P008,HRTF_B,7,9.125,37.53,-43.74,7,1
P008,HRTF_B,7,9.139,38.26,-43.6,7,1
P008,HRTF_B,7,9.153,38.93,-43.45,7,1
P008,HRTF_B,7,9.167,39.49,-43.23,7,1
P008,HRTF_B,7,9.18,40.15,-43.03,7,1
P008,HRTF_B,7,9.194,40.69,-42.67,7,1
P008,HRTF_B,7,9.208,41.13,-42.28,7,1
P008,HRTF_B,7,9.222,41.41,-41.83,7,1
P008,HRTF_B,7,9.236,41.42,-41.37,7,1
P008,HRTF_B,7,9.25,41.25,-40.79,7,1
P008,HRTF_B,7,9.264,40.99,-40.22,7,1
P008,HRTF_B,8,0.014,2.29,-2.47,4,0
P008,HRTF_B,8,0.028,2.36,-2.71,4,0
P008,HRTF_B,8,0.042,2.39,-2.91,4,0
P008,HRTF_B,8,0.056,2.35,-3.03,4,0
P008,HRTF_B,8,0.069,2.28,-3.09,4,0
P008,HRTF_B,8,0.083,2.16,-3.08,4,0
P008,HRTF_B,8,0.097,2.01,-3.01,4,0
P008,HRTF_B,8,0.111,1.85,-2.91,4,0
P008,HRTF_B,8,0.125,1.66,-2.75,4,0
P008,HRTF_B,8,0.139,1.45,-2.51,4,0
P008,HRTF_B,8,0.153,1.23,-2.21,4,0
P008,HRTF_B,8,0.167,0.98,-1.91,4,0
P008,HRTF_B,8,0.181,0.73,-1.64,4,0
P008,HRTF_B,8,0.195,0.48,-1.41,4,0
P008,HRTF_B,8,0.209,0.25,-1.17,4,0
P008,HRTF_B,8,0.222,0.01,-0.91,4,0
P008,HRTF_B,8,0.236,-0.21,-0.63,4,0
P008,HRTF_B,8,0.25,-0.42,-0.35,4,0
P008,HRTF_B,8,0.264,-0.63,-0.09,4,0
P008,HRTF_B,8,0.278,-0.82,0.19,4,0
P008,HRTF_B,8,0.292,-1,0.5,4,0
P008,HRTF_B,8,0.306,-1.16,0.82,4,0
P008,HRTF_B,8,0.32,-1.28,1.16,4,0
P008,HRTF_B,8,0.334,-1.36,1.48,4,0
P008,HRTF_B,8,0.347,-1.39,1.8,4,0
P008,HRTF_B,8,0.361,-1.39,2.09,4,0
P008,HRTF_B,8,0.375,-1.39,2.37,4,0
P008,HRTF_B,8,0.389,-1.38,2.62,4,0
P008,HRTF_B,8,0.403,-1.34,2.82,4,0
P008,HRTF_B,8,0.417,-1.29,3.02,4,0
P008,HRTF_B,8,0.43,-1.24,3.26,4,0
P008,HRTF_B,8,0.445,-1.22,3.53,4,0
P008,HRTF_B,8,0.459,-1.23,3.8,4,0
P008,HRTF_B,8,0.472,-1.28,4.08,4,0
P008,HRTF_B,8,0.486,-1.41,4.35,4,0
P008,HRTF_B,8,0.5,-1.64,4.55,4,0
P008,HRTF_B,8,0.514,-2.25,4.83,4,0
P008,HRTF_B,8,0.528,-2.75,5.28,4,0
P008,HRTF_B,8,0.542,-3.08,5.47,4,0
P008,HRTF_B,8,0.556,-3.58,5.54,4,0
P008,HRTF_B,8,0.57,-4.04,5.63,4,0
P008,HRTF_B,8,0.584,-4.39,5.65,4,0
P008,HRTF_B,8,0.597,-4.8,5.94,4,0
P008,HRTF_B,8,0.611,-5.15,5.81,4,0
P008,HRTF_B,8,0.625,-5.55,5.68,4,0
P008,HRTF_B,8,0.639,-6.08,5.63,4,0
P008,HRTF_B,8,0.653,-6.64,5.58,4,0
P008,HRTF_B,8,0.667,-7.27,5.64,4,0
P008,HRTF_B,8,0.681,-7.93,5.69,4,0
P008,HRTF_B,8,0.695,-8.71,5.74,4,0
P008,HRTF_B,8,0.708,-9.55,5.79,4,0
P008,HRTF_B,8,0.723,-10.44,5.85,4,0
P008,HRTF_B,8,0.736,-11.39,5.98,4,0
P008,HRTF_B,8,0.75,-12.4,6.07,4,0
P008,HRTF_B,8,0.764,-13.44,6.11,4,0
P008,HRTF_B,8,0.778,-14.43,6.17,4,0
P008,HRTF_B,8,0.792,-15.38,6.12,4,0
P008,HRTF_B,8,0.806,-16.38,6.04,4,0
P008,HRTF_B,8,0.82,-17.39,6.1,4,0
P008,HRTF_B,8,0.834,-18.33,6.12,4,0
P008,HRTF_B,8,0.848,-19.2,6.11,4,0
P008,HRTF_B,8,0.862,-19.99,6.12,4,0
P008,HRTF_B,8,0.876,-20.57,6.04,4,0
P008,HRTF_B,8,0.889,-21.1,6.07,4,0
P008,HRTF_B,8,0.903,-21.54,6.05,4,0
P008,HRTF_B,8,0.917,-21.82,6.21,4,0
P008,HRTF_B,8,0.931,-22,6.28,4,0
P008,HRTF_B,8,0.945,-22.1,6.42,4,0
P008,HRTF_B,8,0.959,-22.12,6.56,4,0
P008,HRTF_B,8,0.972,-22.08,6.68,4,0
P008,HRTF_B,8,0.986,-21.98,6.8,4,0
P008,HRTF_B,8,1,-21.84,6.96,4,0
P008,HRTF_B,8,1.014,-21.7,7.07,4,0
P008,HRTF_B,8,1.028,-21.59,7.1,4,0
P008,HRTF_B,8,1.042,-21.53,7.13,4,0
P008,HRTF_B,8,1.056,-21.57,7.15,4,0
P008,HRTF_B,8,1.07,-21.66,7.13,4,0
P008,HRTF_B,8,1.084,-21.86,7.15,4,0
P008,HRTF_B,8,1.097,-22.2,7.1,4,0
P008,HRTF_B,8,1.111,-22.68,7.08,4,0
P008,HRTF_B,8,1.126,-23.27,7.06,4,0
P008,HRTF_B,8,1.139,-23.95,7.08,4,0
P008,HRTF_B,8,1.153,-24.69,7.06,4,0
P008,HRTF_B,8,1.167,-25.57,7.09,4,0
P008,HRTF_B,8,1.181,-26.67,7.18,4,0
P008,HRTF_B,8,1.194,-27.79,7.28,4,0
P008,HRTF_B,8,1.209,-28.92,7.37,4,0
P008,HRTF_B,8,1.223,-30.1,7.46,4,0
P008,HRTF_B,8,1.236,-31.29,7.6,4,0
P008,HRTF_B,8,1.25,-32.5,7.78,4,0
P008,HRTF_B,8,1.264,-33.67,8.02,4,0
P008,HRTF_B,8,1.278,-34.82,8.28,4,0
P008,HRTF_B,8,1.292,-35.94,8.6,4,0
P008,HRTF_B,8,1.306,-36.99,8.99,4,0
P008,HRTF_B,8,1.32,-37.96,9.39,4,0
P008,HRTF_B,8,1.334,-38.84,9.88,4,0
P008,HRTF_B,8,1.348,-39.68,10.36,4,0
P008,HRTF_B,8,1.361,-40.5,10.82,4,0
P008,HRTF_B,8,1.375,-41.28,11.24,4,0
P008,HRTF_B,8,1.389,-41.98,11.65,4,0
P008,HRTF_B,8,1.403,-42.63,12.08,4,0
P008,HRTF_B,8,1.417,-43.24,12.59,4,0
P008,HRTF_B,8,1.431,-43.81,13.18,4,0
P008,HRTF_B,8,1.445,-44.32,13.8,4,0
P008,HRTF_B,8,1.459,-44.77,14.42,4,0
P008,HRTF_B,8,1.472,-45.11,15.05,4,0
P008,HRTF_B,8,1.486,-45.34,15.68,4,0
P008,HRTF_B,8,1.5,-45.49,16.23,4,0
P008,HRTF_B,8,1.515,-45.56,16.69,4,0
P008,HRTF_B,8,1.528,-45.64,17.09,4,0
P008,HRTF_B,8,1.542,-45.71,17.4,4,0
P008,HRTF_B,8,1.556,-45.75,17.63,4,0
P008,HRTF_B,8,1.569,-45.71,17.79,4,0
P008,HRTF_B,8,1.583,-45.65,17.85,4,0
P008,HRTF_B,8,1.598,-45.53,17.84,4,0
P008,HRTF_B,8,1.611,-45.33,17.83,4,0
P008,HRTF_B,8,1.626,-45.07,17.8,4,0
P008,HRTF_B,8,1.639,-44.86,17.77,4,0
P008,HRTF_B,8,1.653,-44.51,17.63,4,0
P008,HRTF_B,8,1.667,-44.16,17.6,4,0
P008,HRTF_B,8,1.681,-43.87,17.66,4,0
P008,HRTF_B,8,1.695,-43.53,17.71,4,0
P008,HRTF_B,8,1.709,-43.25,17.75,4,0
P008,HRTF_B,8,1.723,-43.18,17.69,4,0
P008,HRTF_B,8,1.737,-43.03,17.43,4,0
P008,HRTF_B,8,1.751,-42.99,17.46,4,0
P008,HRTF_B,8,1.764,-42.67,17.4,4,0
P008,HRTF_B,8,1.778,-42.36,17.33,4,0
P008,HRTF_B,8,1.792,-41.9,17.26,4,0
P008,HRTF_B,8,1.806,-41.34,17.27,4,0
P008,HRTF_B,8,1.82,-40.55,17.22,4,0
P008,HRTF_B,8,1.836,-39.55,17.09,4,0
P008,HRTF_B,8,1.848,-38.45,16.88,4,0
P008,HRTF_B,8,1.862,-37.08,16.57,4,0
P008,HRTF_B,8,1.876,-35.63,16.16,4,0
P008,HRTF_B,8,1.889,-34.08,15.59,4,0
P008,HRTF_B,8,1.903,-32.5,14.95,4,0
P008,HRTF_B,8,1.917,-30.95,14.29,4,0
P008,HRTF_B,8,1.931,-29.39,13.61,4,0
P008,HRTF_B,8,1.945,-27.7,13.12,4,0
P008,HRTF_B,8,1.958,-26.02,12.73,4,0
P008,HRTF_B,8,1.973,-24.36,12.41,4,0
P008,HRTF_B,8,1.986,-22.73,12.15,4,0
P008,HRTF_B,8,2,-21.21,11.95,4,0
P008,HRTF_B,8,2.014,-19.82,11.79,4,0
P008,HRTF_B,8,2.028,-18.55,11.73,4,0
P008,HRTF_B,8,2.042,-17.39,11.69,4,0
P008,HRTF_B,8,2.056,-16.41,11.64,4,0
P008,HRTF_B,8,2.069,-15.59,11.58,4,0
P008,HRTF_B,8,2.084,-14.95,11.57,4,0
P008,HRTF_B,8,2.097,-14.37,11.62,4,0
P008,HRTF_B,8,2.111,-13.92,11.65,4,0
P008,HRTF_B,8,2.125,-13.54,11.68,4,0
P008,HRTF_B,8,2.139,-13.24,11.62,4,0
P008,HRTF_B,8,2.153,-13,11.53,4,0
P008,HRTF_B,8,2.167,-12.78,11.38,4,0
P008,HRTF_B,8,2.181,-12.57,11.25,4,0
P008,HRTF_B,8,2.194,-12.35,11.15,4,0
P008,HRTF_B,8,2.208,-12.08,11,4,0
P008,HRTF_B,8,2.223,-11.82,10.88,4,0
P008,HRTF_B,8,2.236,-11.57,10.74,4,0
P008,HRTF_B,8,2.25,-11.27,10.6,4,0
P008,HRTF_B,8,2.264,-10.91,10.4,4,0
P008,HRTF_B,8,2.278,-10.5,10.16,4,0
P008,HRTF_B,8,2.291,-10.02,9.92,4,0
P008,HRTF_B,8,2.306,-9.42,9.72,4,0
P008,HRTF_B,8,2.319,-8.72,9.52,4,0
P008,HRTF_B,8,2.334,-7.97,9.31,4,0
P008,HRTF_B,8,2.347,-7.16,9.02,4,0
P008,HRTF_B,8,2.361,-6.22,8.71,4,0
P008,HRTF_B,8,2.376,-5.22,8.39,4,0
P008,HRTF_B,8,2.389,-4.19,8.07,4,0
P008,HRTF_B,8,2.403,-3.08,7.78,4,0
P008,HRTF_B,8,2.417,-1.88,7.49,4,0
P008,HRTF_B,8,2.431,-0.55,7.2,4,0
P008,HRTF_B,8,2.445,0.88,6.82,4,0
P008,HRTF_B,8,2.459,2.4,6.42,4,0
P008,HRTF_B,8,2.472,3.99,6.01,4,0
P008,HRTF_B,8,2.487,5.65,5.64,4,0
P008,HRTF_B,8,2.5,7.41,5.25,4,0
P008,HRTF_B,8,2.515,9.22,4.88,4,0
P008,HRTF_B,8,2.528,11.05,4.49,4,0
P008,HRTF_B,8,2.542,12.95,4.1,4,0
P008,HRTF_B,8,2.556,14.93,3.7,4,0
P008,HRTF_B,8,2.57,17.03,3.28,4,0
P008,HRTF_B,8,2.583,19.17,2.93,4,0
P008,HRTF_B,8,2.597,21.32,2.58,4,0
P008,HRTF_B,8,2.612,23.47,2.26,4,0
P008,HRTF_B,8,2.625,25.6,1.97,4,0
P008,HRTF_B,8,2.639,27.75,1.7,4,0
P008,HRTF_B,8,2.653,29.91,1.51,4,0
P008,HRTF_B,8,2.667,32,1.41,4,0
P008,HRTF_B,8,2.681,34,1.36,4,0
P008,HRTF_B,8,2.694,35.9,1.4,4,0
P008,HRTF_B,8,2.708,37.67,1.52,4,0
P008,HRTF_B,8,2.723,39.36,1.71,4,0
P008,HRTF_B,8,2.737,40.95,2.05,4,0
P008,HRTF_B,8,2.75,42.4,2.47,4,0
P008,HRTF_B,8,2.765,43.68,2.97,4,0
P008,HRTF_B,8,2.778,44.83,3.51,4,0
P008,HRTF_B,8,2.792,45.86,4.1,4,0
P008,HRTF_B,8,2.806,46.79,4.69,4,0
P008,HRTF_B,8,2.82,47.59,5.29,4,0
P008,HRTF_B,8,2.834,48.29,5.93,4,0
P008,HRTF_B,8,2.847,48.88,6.54,4,0
P008,HRTF_B,8,2.861,49.38,7.14,4,0
P008,HRTF_B,8,2.875,49.81,7.7,4,0
P008,HRTF_B,8,2.889,50.17,8.2,4,0
P008,HRTF_B,8,2.903,50.47,8.7,4,0
P008,HRTF_B,8,2.917,50.69,9.2,4,0
P008,HRTF_B,8,2.931,50.86,9.68,4,0
P008,HRTF_B,8,2.945,50.99,10.1,4,0
P008,HRTF_B,8,2.958,51.12,10.36,4,0
P008,HRTF_B,8,2.972,51.29,10.56,4,0
P008,HRTF_B,8,2.986,51.43,10.69,4,0
P008,HRTF_B,8,3,51.55,10.79,4,0
P008,HRTF_B,8,3.014,51.62,10.86,4,0
P008,HRTF_B,8,3.028,51.66,10.9,4,0
P008,HRTF_B,8,3.042,51.65,10.91,4,0
P008,HRTF_B,8,3.056,51.62,10.88,4,0
P008,HRTF_B,8,3.07,51.58,10.86,4,0
P008,HRTF_B,8,3.083,51.51,10.83,4,0
P008,HRTF_B,8,3.097,51.43,10.8,4,0
P008,HRTF_B,8,3.111,51.31,10.77,4,0
P008,HRTF_B,8,3.125,51.16,10.73,4,0
P008,HRTF_B,8,3.139,50.99,10.71,4,0
P008,HRTF_B,8,3.154,50.81,10.66,4,0
P008,HRTF_B,9,0.014,-1.14,1.1,31,1
P008,HRTF_B,9,0.028,-1.03,1.06,31,1
P008,HRTF_B,9,0.041,-0.94,1.02,31,1
P008,HRTF_B,9,0.056,-0.84,0.97,31,1
P008,HRTF_B,9,0.069,-0.73,0.93,31,1
P008,HRTF_B,9,0.083,-0.63,0.88,31,1
P008,HRTF_B,9,0.097,-0.54,0.84,31,1
P008,HRTF_B,9,0.111,-0.47,0.81,31,1
P008,HRTF_B,9,0.125,-0.39,0.77,31,1
P008,HRTF_B,9,0.139,-0.3,0.75,31,1
P008,HRTF_B,9,0.152,-0.21,0.73,31,1
P008,HRTF_B,9,0.167,-0.12,0.73,31,1
P008,HRTF_B,9,0.18,-0.02,0.74,31,1
P008,HRTF_B,9,0.194,0.06,0.76,31,1
P008,HRTF_B,9,0.208,0.13,0.79,31,1
P008,HRTF_B,9,0.222,0.21,0.82,31,1
P008,HRTF_B,9,0.236,0.3,0.87,31,1
P008,HRTF_B,9,0.25,0.38,0.89,31,1
P008,HRTF_B,9,0.264,0.45,0.91,31,1
P008,HRTF_B,9,0.277,0.5,0.92,31,1
P008,HRTF_B,9,0.291,0.51,0.92,31,1
P008,HRTF_B,9,0.305,0.47,0.92,31,1
P008,HRTF_B,9,0.319,0.36,0.93,31,1
P008,HRTF_B,9,0.333,0.2,0.94,31,1
P008,HRTF_B,9,0.347,-0.08,0.93,31,1
P008,HRTF_B,9,0.361,-0.58,0.89,31,1
P008,HRTF_B,9,0.375,-1.36,0.8,31,1
P008,HRTF_B,9,0.389,-2.42,0.69,31,1
P008,HRTF_B,9,0.403,-3.63,0.66,31,1
P008,HRTF_B,9,0.417,-4.96,0.68,31,1
P008,HRTF_B,9,0.431,-6.3,0.77,31,1
P008,HRTF_B,9,0.444,-7.67,0.93,31,1
P008,HRTF_B,9,0.459,-9.04,1.14,31,1
P008,HRTF_B,9,0.472,-10.45,1.4,31,1
P008,HRTF_B,9,0.486,-11.78,1.63,31,1
P008,HRTF_B,9,0.5,-13.07,1.78,31,1
P008,HRTF_B,9,0.514,-14.31,1.94,31,1
P008,HRTF_B,9,0.528,-15.48,2.09,31,1
P008,HRTF_B,9,0.542,-16.56,2.25,31,1
P008,HRTF_B,9,0.556,-17.57,2.43,31,1
P008,HRTF_B,9,0.57,-18.47,2.61,31,1
P008,HRTF_B,9,0.584,-19.33,2.81,31,1
P008,HRTF_B,9,0.598,-20.15,3.03,31,1
P008,HRTF_B,9,0.611,-20.94,3.24,31,1
P008,HRTF_B,9,0.625,-21.74,3.48,31,1
P008,HRTF_B,9,0.639,-22.56,3.71,31,1
P008,HRTF_B,9,0.653,-23.34,3.96,31,1
P008,HRTF_B,9,0.667,-24.1,4.18,31,1
P008,HRTF_B,9,0.681,-24.82,4.38,31,1
P008,HRTF_B,9,0.694,-25.51,4.56,31,1
P008,HRTF_B,9,0.709,-26.2,4.72,31,1
P008,HRTF_B,9,0.722,-26.86,4.93,31,1
P008,HRTF_B,9,0.736,-27.48,5.12,31,1
P008,HRTF_B,9,0.751,-28.03,5.31,31,1
P008,HRTF_B,9,0.765,-28.57,5.42,31,1
P008,HRTF_B,9,0.778,-29.07,5.52,31,1
P008,HRTF_B,9,0.792,-29.56,5.6,31,1
P008,HRTF_B,9,0.806,-30.05,5.71,31,1
P008,HRTF_B,9,0.82,-30.55,5.81,31,1
P008,HRTF_B,9,0.834,-31.05,5.89,31,1
P008,HRTF_B,9,0.848,-31.64,5.91,31,1
P008,HRTF_B,9,0.861,-32.25,5.94,31,1
P008,HRTF_B,9,0.875,-32.91,5.97,31,1
P008,HRTF_B,9,0.889,-33.65,6.04,31,1
P008,HRTF_B,9,0.903,-34.46,6.11,31,1
P008,HRTF_B,9,0.917,-35.35,6.16,31,1
P008,HRTF_B,9,0.931,-36.36,6.21,31,1
P008,HRTF_B,9,0.945,-37.47,6.3,31,1
P008,HRTF_B,9,0.959,-38.66,6.41,31,1
P008,HRTF_B,9,0.973,-39.9,6.54,31,1
P008,HRTF_B,9,0.987,-41.19,6.65,31,1
P008,HRTF_B,9,1,-42.56,6.76,31,1
P008,HRTF_B,9,1.014,-43.91,6.87,31,1
P008,HRTF_B,9,1.028,-45.27,7.05,31,1
P008,HRTF_B,9,1.042,-46.63,7.26,31,1
P008,HRTF_B,9,1.056,-47.95,7.54,31,1
P008,HRTF_B,9,1.07,-49.25,7.75,31,1
P008,HRTF_B,9,1.084,-50.58,7.97,31,1
P008,HRTF_B,9,1.097,-51.93,8.12,31,1
P008,HRTF_B,9,1.111,-53.31,8.24,31,1
P008,HRTF_B,9,1.126,-54.69,8.31,31,1
P008,HRTF_B,9,1.139,-56.08,8.35,31,1
P008,HRTF_B,9,1.153,-57.45,8.34,31,1
P008,HRTF_B,9,1.167,-58.85,8.29,31,1
P008,HRTF_B,9,1.181,-60.26,8.22,31,1
P008,HRTF_B,9,1.195,-61.64,8.12,31,1
P008,HRTF_B,9,1.209,-62.99,8.04,31,1
P008,HRTF_B,9,1.223,-64.31,7.95,31,1
P008,HRTF_B,9,1.236,-65.63,7.88,31,1
P008,HRTF_B,9,1.25,-66.95,7.8,31,1
P008,HRTF_B,9,1.264,-68.28,7.72,31,1
P008,HRTF_B,9,1.278,-69.63,7.6,31,1
P008,HRTF_B,9,1.292,-70.97,7.45,31,1
P008,HRTF_B,9,1.306,-72.34,7.32,31,1
P008,HRTF_B,9,1.32,-73.68,7.19,31,1
P008,HRTF_B,9,1.334,-75.04,7.08,31,1
P008,HRTF_B,9,1.348,-76.41,6.95,31,1
P008,HRTF_B,9,1.362,-77.75,6.82,31,1
P008,HRTF_B,9,1.375,-79.09,6.69,31,1
P008,HRTF_B,9,1.389,-80.39,6.52,31,1
P008,HRTF_B,9,1.403,-81.66,6.35,31,1
P008,HRTF_B,9,1.417,-82.86,6.14,31,1
P008,HRTF_B,9,1.431,-83.98,5.94,31,1
P008,HRTF_B,9,1.445,-85.03,5.72,31,1
P008,HRTF_B,9,1.459,-86.01,5.5,31,1
P008,HRTF_B,9,1.472,-86.91,5.28,31,1
P008,HRTF_B,9,1.487,-87.71,5.02,31,1
P008,HRTF_B,9,1.5,-88.43,4.75,31,1
P008,HRTF_B,9,1.514,-89.11,4.45,31,1
P008,HRTF_B,9,1.528,-89.74,4.17,31,1
P008,HRTF_B,9,1.542,-90.37,3.9,31,1
P008,HRTF_B,9,1.556,-90.96,3.69,31,1
P008,HRTF_B,9,1.57,-91.52,3.52,31,1
P008,HRTF_B,9,1.584,-92.08,3.32,31,1
P008,HRTF_B,9,1.597,-92.64,3.13,31,1
P008,HRTF_B,9,1.611,-93.22,2.94,31,1
P008,HRTF_B,9,1.625,-93.82,2.77,31,1
P008,HRTF_B,9,1.64,-94.46,2.56,31,1
P008,HRTF_B,9,1.653,-95.13,2.27,31,1
P008,HRTF_B,9,1.667,-95.85,1.92,31,1
P008,HRTF_B,9,1.681,-96.62,1.54,31,1
P008,HRTF_B,9,1.695,-97.4,1.16,31,1
P008,HRTF_B,9,1.709,-98.23,0.79,31,1
P008,HRTF_B,9,1.723,-99.07,0.42,31,1
P008,HRTF_B,9,1.736,-99.92,0.09,31,1
P008,HRTF_B,9,1.75,-100.79,-0.22,31,1
P008,HRTF_B,9,1.764,-101.65,-0.51,31,1
P008,HRTF_B,9,1.778,-102.49,-0.75,31,1
P008,HRTF_B,9,1.792,-103.31,-0.98,31,1
P008,HRTF_B,9,1.806,-104.12,-1.18,31,1
P008,HRTF_B,9,1.819,-104.9,-1.39,31,1
P008,HRTF_B,9,1.833,-105.65,-1.58,31,1
P008,HRTF_B,9,1.848,-106.37,-1.75,31,1
P008,HRTF_B,9,1.861,-107.06,-1.88,31,1
P008,HRTF_B,9,1.875,-107.71,-1.99,31,1
P008,HRTF_B,9,1.889,-108.36,-2.04,31,1
P008,HRTF_B,9,1.903,-108.98,-2.07,31,1
P008,HRTF_B,9,1.917,-109.6,-2.08,31,1
P008,HRTF_B,9,1.931,-110.21,-2.13,31,1
P008,HRTF_B,9,1.945,-110.78,-2.2,31,1
P008,HRTF_B,9,1.958,-111.38,-2.32,31,1
P008,HRTF_B,9,1.973,-111.98,-2.5,31,1
P008,HRTF_B,9,1.986,-112.59,-2.73,31,1
P008,HRTF_B,9,2,-113.18,-3.06,31,1
P008,HRTF_B,9,2.014,-113.71,-3.54,31,1
P008,HRTF_B,9,2.028,-114.18,-4.24,31,1
P008,HRTF_B,9,2.042,-114.58,-5.09,31,1
P008,HRTF_B,9,2.056,-114.94,-5.98,31,1
P008,HRTF_B,9,2.07,-115.21,-6.85,31,1
P008,HRTF_B,9,2.084,-115.37,-7.8,31,1
P008,HRTF_B,9,2.098,-115.43,-8.82,31,1
P008,HRTF_B,9,2.112,-115.37,-9.94,31,1
P008,HRTF_B,9,2.125,-115.3,-11.08,31,1
P008,HRTF_B,9,2.139,-115.22,-12.23,31,1
P008,HRTF_B,9,2.153,-115.08,-13.36,31,1
P008,HRTF_B,9,2.167,-114.93,-14.44,31,1
P008,HRTF_B,9,2.181,-114.78,-15.49,31,1
P008,HRTF_B,9,2.195,-114.61,-16.48,31,1
P008,HRTF_B,9,2.209,-114.44,-17.51,31,1
P008,HRTF_B,9,2.223,-114.26,-18.49,31,1
P008,HRTF_B,9,2.237,-114.05,-19.39,31,1
P008,HRTF_B,9,2.25,-113.86,-20.27,31,1
P008,HRTF_B,9,2.264,-113.62,-21.1,31,1
P008,HRTF_B,9,2.278,-113.33,-21.87,31,1
P008,HRTF_B,9,2.292,-113.04,-22.59,31,1
P008,HRTF_B,9,2.306,-112.73,-23.28,31,1
P008,HRTF_B,9,2.32,-112.4,-23.89,31,1
P008,HRTF_B,9,2.334,-112.07,-24.45,31,1
P008,HRTF_B,9,2.348,-111.78,-24.96,31,1
P008,HRTF_B,9,2.362,-111.55,-25.43,31,1
P008,HRTF_B,9,2.375,-111.4,-25.9,31,1
P008,HRTF_B,9,2.39,-111.32,-26.32,31,1
P008,HRTF_B,9,2.403,-111.29,-26.74,31,1
P008,HRTF_B,9,2.417,-111.28,-27.1,31,1
P008,HRTF_B,9,2.431,-111.32,-27.48,31,1
P008,HRTF_B,9,2.444,-111.41,-27.82,31,1
P008,HRTF_B,9,2.459,-111.52,-28.13,31,1
P008,HRTF_B,9,2.473,-111.68,-28.39,31,1
P008,HRTF_B,9,2.487,-111.87,-28.63,31,1
P008,HRTF_B,9,2.5,-112.1,-28.85,31,1
P008,HRTF_B,9,2.514,-112.35,-29.12,31,1
P008,HRTF_B,9,2.528,-112.62,-29.4,31,1
P008,HRTF_B,9,2.542,-112.92,-29.69,31,1
P008,HRTF_B,9,2.556,-113.27,-30.04,31,1
P008,HRTF_B,9,2.572,-113.52,-30.43,31,1
P008,HRTF_B,9,2.584,-113.73,-31.01,31,1
P008,HRTF_B,9,2.598,-113.88,-31.6,31,1
P008,HRTF_B,9,2.612,-113.88,-32.3,31,1
P008,HRTF_B,9,2.626,-113.72,-33.01,31,1
P008,HRTF_B,9,2.639,-113.48,-33.87,31,1
P008,HRTF_B,9,2.653,-112.94,-34.59,31,1
P008,HRTF_B,9,2.667,-112.33,-35.37,31,1
P008,HRTF_B,9,2.681,-111.66,-36.04,31,1
P008,HRTF_B,9,2.695,-110.93,-36.6,31,1
P008,HRTF_B,9,2.709,-110.17,-36.99,31,1
P008,HRTF_B,9,2.723,-109.4,-37.11,31,1
P008,HRTF_B,9,2.737,-108.7,-37.05,31,1
P008,HRTF_B,9,2.75,-108.14,-36.82,31,1
P008,HRTF_B,9,2.764,-107.62,-36.43,31,1
P008,HRTF_B,9,2.779,-107.25,-35.91,31,1
P008,HRTF_B,9,2.792,-107,-35.24,31,1
P008,HRTF_B,9,2.806,-106.8,-34.42,31,1
P008,HRTF_B,9,2.82,-106.53,-33.48,31,1
P008,HRTF_B,9,2.834,-106.28,-32.52,31,1
P008,HRTF_B,9,2.848,-106.03,-31.54,31,1
P008,HRTF_B,9,2.861,-105.83,-30.59,31,1
P008,HRTF_B,9,2.875,-105.53,-29.74,31,1
P008,HRTF_B,9,2.89,-105.13,-29.06,31,1
P008,HRTF_B,9,2.903,-104.65,-28.56,31,1
P008,HRTF_B,9,2.917,-104.06,-28.26,31,1
P008,HRTF_B,9,2.931,-103.37,-28.05,31,1
P008,HRTF_B,9,2.945,-102.59,-27.93,31,1
P008,HRTF_B,9,2.958,-101.72,-27.89,31,1
P008,HRTF_B,9,2.973,-100.84,-27.93,31,1
P008,HRTF_B,9,2.986,-99.89,-28.04,31,1
P008,HRTF_B,9,3.001,-98.89,-28.24,31,1
P008,HRTF_B,9,3.014,-97.81,-28.47,31,1
P008,HRTF_B,9,3.028,-96.67,-28.71,31,1
P008,HRTF_B,9,3.042,-95.49,-28.93,31,1
P008,HRTF_B,9,3.056,-94.29,-29.13,31,1
P008,HRTF_B,9,3.07,-93.09,-29.29,31,1
P008,HRTF_B,9,3.084,-91.89,-29.4,31,1
P008,HRTF_B,9,3.098,-90.73,-29.51,31,1
P008,HRTF_B,9,3.112,-89.6,-29.61,31,1
P008,HRTF_B,9,3.125,-88.49,-29.74,31,1
P008,HRTF_B,9,3.139,-87.43,-29.87,31,1
P008,HRTF_B,9,3.153,-86.4,-29.96,31,1
P008,HRTF_B,9,3.167,-85.45,-30.07,31,1
P008,HRTF_B,9,3.181,-84.56,-30.15,31,1
P008,HRTF_B,9,3.195,-83.7,-30.27,31,1
P008,HRTF_B,9,3.209,-82.88,-30.41,31,1
P008,HRTF_B,9,3.223,-82.11,-30.52,31,1
P008,HRTF_B,9,3.237,-81.34,-30.64,31,1
P008,HRTF_B,9,3.25,-80.63,-30.75,31,1
P008,HRTF_B,9,3.265,-79.93,-30.86,31,1
P008,HRTF_B,9,3.278,-79.27,-30.99,31,1
P008,HRTF_B,9,3.292,-78.61,-31.13,31,1
P008,HRTF_B,9,3.306,-77.99,-31.3,31,1
P008,HRTF_B,9,3.32,-77.36,-31.47,31,1
P008,HRTF_B,9,3.334,-76.69,-31.58,31,1
P008,HRTF_B,9,3.348,-75.97,-31.67,31,1
P008,HRTF_B,9,3.362,-75.23,-31.75,31,1
P008,HRTF_B,9,3.376,-74.48,-31.79,31,1
P008,HRTF_B,9,3.39,-73.7,-31.78,31,1
P008,HRTF_B,9,3.403,-72.88,-31.81,31,1
P008,HRTF_B,9,3.417,-72.03,-31.82,31,1
P008,HRTF_B,9,3.431,-71.15,-31.84,31,1
P008,HRTF_B,9,3.445,-70.29,-31.83,31,1
P008,HRTF_B,9,3.459,-69.41,-31.82,31,1
P008,HRTF_B,9,3.473,-68.54,-31.79,31,1
P008,HRTF_B,9,3.487,-67.71,-31.77,31,1
P008,HRTF_B,9,3.501,-66.85,-31.74,31,1
P008,HRTF_B,9,3.514,-66,-31.72,31,1
P008,HRTF_B,9,3.528,-65.12,-31.69,31,1
P008,HRTF_B,9,3.542,-64.24,-31.68,31,1
P008,HRTF_B,9,3.556,-63.33,-31.63,31,1
P008,HRTF_B,9,3.57,-62.43,-31.59,31,1
P008,HRTF_B,9,3.584,-61.51,-31.51,31,1
P008,HRTF_B,9,3.598,-60.59,-31.42,31,1
P008,HRTF_B,9,3.612,-59.66,-31.33,31,1
P008,HRTF_B,9,3.626,-58.71,-31.23,31,1
P008,HRTF_B,9,3.639,-57.76,-31.18,31,1
P008,HRTF_B,9,3.653,-56.82,-31.15,31,1
P008,HRTF_B,9,3.667,-55.89,-31.17,31,1
P008,HRTF_B,9,3.681,-54.94,-31.17,31,1
P008,HRTF_B,9,3.695,-53.99,-31.16,31,1
P008,HRTF_B,9,3.709,-53.07,-31.14,31,1
P008,HRTF_B,9,3.723,-52.17,-31.11,31,1
P008,HRTF_B,9,3.737,-51.31,-31.08,31,1
P008,HRTF_B,9,3.751,-50.49,-31.04,31,1
P008,HRTF_B,9,3.764,-49.71,-31.02,31,1
P008,HRTF_B,9,3.778,-48.98,-31.01,31,1
P008,HRTF_B,9,3.792,-48.26,-30.97,31,1
P008,HRTF_B,9,3.806,-47.57,-30.92,31,1
P008,HRTF_B,9,3.82,-46.93,-30.88,31,1
P008,HRTF_B,9,3.834,-46.31,-30.86,31,1
P008,HRTF_B,9,3.848,-45.72,-30.89,31,1
P008,HRTF_B,9,3.862,-45.16,-30.96,31,1
P008,HRTF_B,9,3.875,-44.65,-31.05,31,1
P008,HRTF_B,9,3.889,-44.14,-31.14,31,1
P008,HRTF_B,9,3.903,-43.66,-31.25,31,1
P008,HRTF_B,9,3.917,-43.19,-31.37,31,1
P008,HRTF_B,9,3.931,-42.76,-31.51,31,1
P008,HRTF_B,9,3.945,-42.37,-31.68,31,1
P008,HRTF_B,9,3.958,-42,-31.86,31,1
P008,HRTF_B,9,3.973,-41.64,-32.04,31,1
P008,HRTF_B,9,3.987,-41.28,-32.22,31,1
P008,HRTF_B,9,4,-40.92,-32.37,31,1
P008,HRTF_B,9,4.015,-40.59,-32.53,31,1
P008,HRTF_B,9,4.028,-40.29,-32.69,31,1
P008,HRTF_B,9,4.042,-40,-32.82,31,1
P008,HRTF_B,9,4.055,-39.73,-32.96,31,1
P008,HRTF_B,9,4.07,-39.45,-33.05,31,1
P008,HRTF_B,9,4.084,-39.17,-33.11,31,1
P008,HRTF_B,9,4.097,-38.89,-33.14,31,1
P008,HRTF_B,9,4.111,-38.62,-33.2,31,1
P008,HRTF_B,9,4.126,-38.41,-33.25,31,1
P008,HRTF_B,9,4.139,-38.19,-33.34,31,1
P008,HRTF_B,9,4.153,-37.97,-33.4,31,1
P008,HRTF_B,9,4.168,-37.71,-33.43,31,1
P008,HRTF_B,9,4.181,-37.45,-33.46,31,1
P008,HRTF_B,9,4.195,-37.2,-33.48,31,1
P008,HRTF_B,9,4.209,-36.97,-33.49,31,1
P008,HRTF_B,9,4.223,-36.75,-33.52,31,1
P008,HRTF_B,9,4.237,-36.55,-33.54,31,1
P008,HRTF_B,9,4.25,-36.36,-33.55,31,1
P008,HRTF_B,9,4.264,-36.17,-33.53,31,1
P008,HRTF_B,9,4.278,-36.03,-33.52,31,1
P008,HRTF_B,9,4.292,-35.91,-33.5,31,1
P008,HRTF_B,9,4.306,-35.82,-33.46,31,1
P008,HRTF_B,9,4.32,-35.71,-33.41,31,1
P008,HRTF_B,9,4.334,-35.58,-33.34,31,1
P008,HRTF_B,10,0.011,2.38,-0.29,25,1
P008,HRTF_B,10,0.025,2.3,-0.34,25,1
P008,HRTF_B,10,0.039,2.23,-0.38,25,1
P008,HRTF_B,10,0.053,2.16,-0.38,25,1
P008,HRTF_B,10,0.067,2.1,-0.32,25,1
P008,HRTF_B,10,0.081,2.01,-0.24,25,1
P008,HRTF_B,10,0.094,1.9,-0.19,25,1
P008,HRTF_B,10,0.108,1.8,-0.18,25,1
P008,HRTF_B,10,0.122,1.71,-0.19,25,1
P008,HRTF_B,10,0.136,1.64,-0.19,25,1
P008,HRTF_B,10,0.15,1.59,-0.17,25,1
P008,HRTF_B,10,0.164,1.53,-0.16,25,1
P008,HRTF_B,10,0.178,1.48,-0.16,25,1
P008,HRTF_B,10,0.192,1.44,-0.17,25,1
P008,HRTF_B,10,0.206,1.41,-0.16,25,1
P008,HRTF_B,10,0.219,1.39,-0.13,25,1
P008,HRTF_B,10,0.233,1.4,-0.1,25,1
P008,HRTF_B,10,0.247,1.47,-0.02,25,1
P008,HRTF_B,10,0.261,1.59,0.14,25,1
P008,HRTF_B,10,0.275,1.75,0.31,25,1
P008,HRTF_B,10,0.289,1.95,0.46,25,1
P008,HRTF_B,10,0.302,2.21,0.6,25,1
P008,HRTF_B,10,0.317,2.53,0.7,25,1
P008,HRTF_B,10,0.331,2.95,0.8,25,1
P008,HRTF_B,10,0.345,3.51,0.93,25,1
P008,HRTF_B,10,0.358,4.23,1.07,25,1
P008,HRTF_B,10,0.372,5.15,1.28,25,1
P008,HRTF_B,10,0.386,6.24,1.55,25,1
P008,HRTF_B,10,0.4,7.4,1.89,25,1
P008,HRTF_B,10,0.414,8.62,2.29,25,1
P008,HRTF_B,10,0.428,9.89,2.7,25,1
P008,HRTF_B,10,0.441,11.2,3.06,25,1
P008,HRTF_B,10,0.456,12.54,3.4,25,1
P008,HRTF_B,10,0.47,13.83,3.67,25,1
P008,HRTF_B,10,0.483,15.1,3.9,25,1
P008,HRTF_B,10,0.497,16.33,4.08,25,1
P008,HRTF_B,10,0.511,17.49,4.24,25,1
P008,HRTF_B,10,0.525,18.5,4.28,25,1
P008,HRTF_B,10,0.539,19.52,4.48,25,1
P008,HRTF_B,10,0.553,20.36,4.24,25,1
P008,HRTF_B,10,0.566,21.13,4.27,25,1
P008,HRTF_B,10,0.58,21.78,4.17,25,1
P008,HRTF_B,10,0.594,22.3,4.23,25,1
P008,HRTF_B,10,0.609,22.52,4.31,25,1
P008,HRTF_B,10,0.622,22.69,4.78,25,1
P008,HRTF_B,10,0.636,22.68,5.05,25,1
P008,HRTF_B,10,0.65,22.59,5.3,25,1
P008,HRTF_B,10,0.664,22.46,5.51,25,1
P008,HRTF_B,10,0.678,22.27,5.69,25,1
P008,HRTF_B,10,0.692,21.98,5.88,25,1
P008,HRTF_B,10,0.706,21.57,6.07,25,1
P008,HRTF_B,10,0.72,21.12,6.22,25,1
P008,HRTF_B,10,0.733,20.5,6.47,25,1
P008,HRTF_B,10,0.747,19.81,6.73,25,1
P008,HRTF_B,10,0.761,19.05,7.03,25,1
P008,HRTF_B,10,0.775,18.22,7.35,25,1
P008,HRTF_B,10,0.789,17.36,7.69,25,1
P008,HRTF_B,10,0.803,16.43,7.94,25,1
P008,HRTF_B,10,0.817,15.49,8.09,25,1
P008,HRTF_B,10,0.831,14.52,8.25,25,1
P008,HRTF_B,10,0.844,13.48,8.35,25,1
P008,HRTF_B,10,0.859,12.38,8.42,25,1
P008,HRTF_B,10,0.872,11.24,8.42,25,1
P008,HRTF_B,10,0.886,10.05,8.29,25,1
P008,HRTF_B,10,0.9,8.83,8,25,1
P008,HRTF_B,10,0.914,7.54,7.8,25,1
P008,HRTF_B,10,0.928,6.24,7.57,25,1
P008,HRTF_B,10,0.942,4.96,7.32,25,1
P008,HRTF_B,10,0.955,3.73,6.97,25,1
P008,HRTF_B,10,0.97,2.47,6.55,25,1
P008,HRTF_B,10,0.983,1.1,6.06,25,1
P008,HRTF_B,10,0.997,-0.3,5.51,25,1
P008,HRTF_B,10,1.011,-1.99,5.09,25,1
P008,HRTF_B,10,1.025,-3.49,4.69,25,1
P008,HRTF_B,10,1.039,-5.17,4.38,25,1
P008,HRTF_B,10,1.053,-6.87,4.01,25,1
P008,HRTF_B,10,1.067,-8.62,3.63,25,1
P008,HRTF_B,10,1.081,-10.41,3.29,25,1
P008,HRTF_B,10,1.095,-12.32,3.03,25,1
P008,HRTF_B,10,1.108,-14.22,2.84,25,1
P008,HRTF_B,10,1.122,-16.17,2.73,25,1
P008,HRTF_B,10,1.137,-18.21,2.71,25,1
P008,HRTF_B,10,1.15,-20.34,2.78,25,1
P008,HRTF_B,10,1.164,-22.56,2.94,25,1
P008,HRTF_B,10,1.178,-24.84,3.07,25,1
P008,HRTF_B,10,1.192,-27.24,3.28,25,1
P008,HRTF_B,10,1.206,-29.69,3.42,25,1
P008,HRTF_B,10,1.219,-32.17,3.43,25,1
P008,HRTF_B,10,1.234,-34.47,3.55,25,1
P008,HRTF_B,10,1.247,-37.04,3.68,25,1
P008,HRTF_B,10,1.261,-39.57,3.84,25,1
P008,HRTF_B,10,1.275,-42.06,4.01,25,1
P008,HRTF_B,10,1.289,-44.55,4.2,25,1
P008,HRTF_B,10,1.303,-47.03,4.3,25,1
P008,HRTF_B,10,1.317,-49.53,4.37,25,1
P008,HRTF_B,10,1.331,-52.05,4.45,25,1
P008,HRTF_B,10,1.345,-54.51,4.56,25,1
P008,HRTF_B,10,1.358,-56.91,4.68,25,1
P008,HRTF_B,10,1.373,-59.27,4.77,25,1
P008,HRTF_B,10,1.386,-61.6,4.83,25,1
P008,HRTF_B,10,1.4,-63.91,4.87,25,1
P008,HRTF_B,10,1.414,-66.2,4.91,25,1
P008,HRTF_B,10,1.428,-68.43,4.96,25,1
P008,HRTF_B,10,1.442,-70.63,4.99,25,1
P008,HRTF_B,10,1.456,-72.73,4.99,25,1
P008,HRTF_B,10,1.47,-74.81,5,25,1
P008,HRTF_B,10,1.483,-76.81,5.05,25,1
P008,HRTF_B,10,1.497,-78.79,5.06,25,1
P008,HRTF_B,10,1.511,-80.69,5.11,25,1
P008,HRTF_B,10,1.526,-82.5,5.12,25,1
P008,HRTF_B,10,1.539,-84.25,5.05,25,1
P008,HRTF_B,10,1.553,-85.92,4.91,25,1
P008,HRTF_B,10,1.567,-87.49,4.69,25,1
P008,HRTF_B,10,1.581,-88.96,4.44,25,1
P008,HRTF_B,10,1.594,-90.31,4.15,25,1
P008,HRTF_B,10,1.608,-91.44,3.92,25,1
P008,HRTF_B,10,1.622,-92.54,3.66,25,1
P008,HRTF_B,10,1.636,-93.52,3.37,25,1
P008,HRTF_B,10,1.65,-94.36,3.15,25,1
P008,HRTF_B,10,1.664,-95.11,2.91,25,1
P008,HRTF_B,10,1.678,-95.74,2.7,25,1
P008,HRTF_B,10,1.693,-96.23,2.49,25,1
P008,HRTF_B,10,1.706,-96.66,2.28,25,1
P008,HRTF_B,10,1.72,-96.97,2.09,25,1
P008,HRTF_B,10,1.734,-97.22,1.92,25,1
P008,HRTF_B,10,1.748,-97.39,1.78,25,1
P008,HRTF_B,10,1.761,-97.52,1.64,25,1
P008,HRTF_B,10,1.775,-97.61,1.52,25,1
P008,HRTF_B,10,1.789,-97.67,1.39,25,1
P008,HRTF_B,10,1.803,-97.74,1.26,25,1
P008,HRTF_B,10,1.817,-97.83,1.11,25,1
P008,HRTF_B,10,1.831,-97.94,0.88,25,1
P008,HRTF_B,10,1.845,-98.08,0.61,25,1
P008,HRTF_B,10,1.859,-98.25,0.32,25,1
P008,HRTF_B,10,1.872,-98.45,0.03,25,1
P008,HRTF_B,10,1.887,-98.64,-0.25,25,1
P008,HRTF_B,10,1.9,-98.83,-0.52,25,1
P008,HRTF_B,10,1.914,-99.02,-0.8,25,1
P008,HRTF_B,10,1.928,-99.22,-1.07,25,1
P008,HRTF_B,10,1.942,-99.42,-1.33,25,1
P008,HRTF_B,10,1.956,-99.61,-1.57,25,1
P008,HRTF_B,10,1.97,-99.78,-1.82,25,1
P008,HRTF_B,10,1.983,-99.93,-2.05,25,1
P008,HRTF_B,10,1.998,-100.02,-2.27,25,1
P008,HRTF_B,10,2.011,-100.09,-2.48,25,1
P008,HRTF_B,10,2.026,-100.12,-2.65,25,1
P008,HRTF_B,10,2.039,-100.1,-2.82,25,1
P008,HRTF_B,10,2.053,-100.06,-2.97,25,1
P008,HRTF_B,10,2.067,-99.97,-3.14,25,1
P008,HRTF_B,10,2.081,-99.84,-3.31,25,1
P008,HRTF_B,10,2.095,-99.71,-3.5,25,1
P008,HRTF_B,11,0.012,-3.94,-0.25,13,1
P008,HRTF_B,11,0.026,-3.84,-0.23,13,1
P008,HRTF_B,11,0.04,-3.77,-0.21,13,1
P008,HRTF_B,11,0.054,-3.72,-0.19,13,1
P008,HRTF_B,11,0.068,-3.68,-0.17,13,1
P008,HRTF_B,11,0.082,-3.67,-0.15,13,1
P008,HRTF_B,11,0.096,-3.68,-0.13,13,1
P008,HRTF_B,11,0.11,-3.7,-0.12,13,1
P008,HRTF_B,11,0.124,-3.72,-0.09,13,1
P008,HRTF_B,11,0.137,-3.75,-0.04,13,1
P008,HRTF_B,11,0.152,-3.77,0,13,1
P008,HRTF_B,11,0.166,-3.79,0.02,13,1
P008,HRTF_B,11,0.179,-3.82,0.05,13,1
P008,HRTF_B,11,0.193,-3.84,0.06,13,1
P008,HRTF_B,11,0.207,-3.88,0.07,13,1
P008,HRTF_B,11,0.221,-3.93,0.07,13,1
P008,HRTF_B,11,0.237,-3.99,0.09,13,1
P008,HRTF_B,11,0.249,-4.05,0.09,13,1
P008,HRTF_B,11,0.262,-4.12,0.08,13,1
P008,HRTF_B,11,0.277,-4.21,0.05,13,1
P008,HRTF_B,11,0.29,-4.31,0,13,1
P008,HRTF_B,11,0.304,-4.43,-0.05,13,1
P008,HRTF_B,11,0.318,-4.57,-0.08,13,1
P008,HRTF_B,11,0.332,-4.74,-0.11,13,1
P008,HRTF_B,11,0.346,-4.94,-0.14,13,1
P008,HRTF_B,11,0.36,-5.15,-0.17,13,1
P008,HRTF_B,11,0.374,-5.4,-0.21,13,1
P008,HRTF_B,11,0.387,-5.68,-0.26,13,1
P008,HRTF_B,11,0.402,-6,-0.34,13,1
P008,HRTF_B,11,0.415,-6.34,-0.41,13,1
P008,HRTF_B,11,0.429,-6.73,-0.49,13,1
P008,HRTF_B,11,0.443,-7.14,-0.56,13,1
P008,HRTF_B,11,0.457,-7.6,-0.67,13,1
P008,HRTF_B,11,0.471,-8.11,-0.77,13,1
P008,HRTF_B,11,0.485,-8.65,-0.89,13,1
P008,HRTF_B,11,0.499,-9.23,-1.01,13,1
P008,HRTF_B,11,0.513,-9.87,-1.14,13,1
P008,HRTF_B,11,0.526,-10.55,-1.26,13,1
P008,HRTF_B,11,0.54,-11.26,-1.37,13,1
P008,HRTF_B,11,0.554,-12.03,-1.49,13,1
P008,HRTF_B,11,0.568,-12.82,-1.6,13,1
P008,HRTF_B,11,0.582,-13.64,-1.7,13,1
P008,HRTF_B,11,0.596,-14.52,-1.77,13,1
P008,HRTF_B,11,0.61,-15.44,-1.82,13,1
P008,HRTF_B,11,0.624,-16.39,-1.9,13,1
P008,HRTF_B,11,0.638,-17.35,-1.96,13,1
P008,HRTF_B,11,0.652,-18.35,-2.03,13,1
P008,HRTF_B,11,0.665,-19.36,-2.1,13,1
P008,HRTF_B,11,0.679,-20.39,-2.15,13,1
P008,HRTF_B,11,0.693,-21.42,-2.17,13,1
P008,HRTF_B,11,0.707,-22.47,-2.18,13,1
P008,HRTF_B,11,0.721,-23.56,-2.15,13,1
P008,HRTF_B,11,0.734,-24.65,-2.12,13,1
P008,HRTF_B,11,0.749,-25.79,-2.11,13,1
P008,HRTF_B,11,0.763,-26.95,-2.13,13,1
P008,HRTF_B,11,0.776,-28.13,-2.17,13,1
P008,HRTF_B,11,0.79,-29.32,-2.19,13,1
P008,HRTF_B,11,0.804,-30.56,-2.24,13,1
P008,HRTF_B,11,0.819,-31.8,-2.27,13,1
P008,HRTF_B,11,0.832,-33.07,-2.32,13,1
P008,HRTF_B,11,0.846,-34.34,-2.37,13,1
P008,HRTF_B,11,0.86,-35.62,-2.42,13,1
P008,HRTF_B,11,0.874,-36.91,-2.44,13,1
P008,HRTF_B,11,0.888,-38.21,-2.48,13,1
P008,HRTF_B,11,0.902,-39.52,-2.51,13,1
P008,HRTF_B,11,0.915,-40.83,-2.55,13,1
P008,HRTF_B,11,0.929,-42.14,-2.57,13,1
P008,HRTF_B,11,0.943,-43.46,-2.56,13,1
P008,HRTF_B,11,0.957,-44.79,-2.54,13,1
P008,HRTF_B,11,0.971,-46.1,-2.52,13,1
P008,HRTF_B,11,0.985,-47.42,-2.47,13,1
P008,HRTF_B,11,0.999,-48.73,-2.45,13,1
P008,HRTF_B,11,1.013,-50.06,-2.45,13,1
P008,HRTF_B,11,1.026,-51.38,-2.46,13,1
P008,HRTF_B,11,1.04,-52.72,-2.48,13,1
P008,HRTF_B,11,1.054,-54.06,-2.51,13,1
P008,HRTF_B,11,1.068,-55.39,-2.53,13,1
P008,HRTF_B,11,1.082,-56.69,-2.58,13,1
P008,HRTF_B,11,1.096,-58.01,-2.6,13,1
P008,HRTF_B,11,1.11,-59.31,-2.64,13,1
P008,HRTF_B,11,1.124,-60.6,-2.67,13,1
P008,HRTF_B,11,1.138,-61.87,-2.67,13,1
P008,HRTF_B,11,1.152,-63.14,-2.69,13,1
P008,HRTF_B,11,1.165,-64.39,-2.7,13,1
P008,HRTF_B,11,1.179,-65.62,-2.73,13,1
P008,HRTF_B,11,1.193,-66.86,-2.74,13,1
P008,HRTF_B,11,1.207,-68.1,-2.77,13,1
P008,HRTF_B,11,1.221,-69.34,-2.82,13,1
P008,HRTF_B,11,1.235,-70.59,-2.87,13,1
P008,HRTF_B,11,1.249,-71.84,-2.91,13,1
P008,HRTF_B,11,1.263,-73.12,-2.93,13,1
P008,HRTF_B,11,1.277,-74.39,-2.94,13,1
P008,HRTF_B,11,1.291,-75.65,-2.95,13,1
P008,HRTF_B,11,1.305,-76.92,-2.95,13,1
P008,HRTF_B,11,1.318,-78.18,-2.92,13,1
P008,HRTF_B,11,1.332,-79.43,-2.9,13,1
P008,HRTF_B,11,1.346,-80.69,-2.85,13,1
P008,HRTF_B,11,1.36,-82,-2.85,13,1
P008,HRTF_B,11,1.374,-83.34,-2.86,13,1
P008,HRTF_B,11,1.388,-84.73,-2.97,13,1
P008,HRTF_B,11,1.402,-86.09,-3.1,13,1
P008,HRTF_B,11,1.416,-87.4,-3.25,13,1
P008,HRTF_B,11,1.429,-88.7,-3.46,13,1
P008,HRTF_B,11,1.443,-89.97,-3.66,13,1
P008,HRTF_B,11,1.457,-91.24,-3.87,13,1
P008,HRTF_B,11,1.471,-92.49,-4.07,13,1
P008,HRTF_B,11,1.485,-93.73,-4.29,13,1
P008,HRTF_B,11,1.499,-94.94,-4.51,13,1
P008,HRTF_B,11,1.513,-96.12,-4.72,13,1
P008,HRTF_B,11,1.527,-97.27,-4.93,13,1
P008,HRTF_B,11,1.541,-98.4,-5.12,13,1
P008,HRTF_B,11,1.555,-99.52,-5.33,13,1
P008,HRTF_B,11,1.568,-100.61,-5.51,13,1
P008,HRTF_B,11,1.582,-101.7,-5.64,13,1
P008,HRTF_B,11,1.596,-102.76,-5.72,13,1
P008,HRTF_B,11,1.61,-103.83,-5.76,13,1
P008,HRTF_B,11,1.624,-104.87,-5.74,13,1
P008,HRTF_B,11,1.638,-105.93,-5.68,13,1
P008,HRTF_B,11,1.652,-106.99,-5.59,13,1
P008,HRTF_B,11,1.666,-108.06,-5.44,13,1
P008,HRTF_B,11,1.68,-109.1,-5.27,13,1
P008,HRTF_B,11,1.694,-110.14,-5.11,13,1
P008,HRTF_B,11,1.707,-111.19,-5.01,13,1
P008,HRTF_B,11,1.721,-112.23,-4.93,13,1
P008,HRTF_B,11,1.735,-113.26,-4.81,13,1
P008,HRTF_B,11,1.749,-114.31,-4.71,13,1
P008,HRTF_B,11,1.763,-115.36,-4.64,13,1
P008,HRTF_B,11,1.777,-116.4,-4.62,13,1
P008,HRTF_B,11,1.791,-117.43,-4.69,13,1
P008,HRTF_B,11,1.805,-118.43,-4.82,13,1
P008,HRTF_B,11,1.819,-119.4,-4.99,13,1
P008,HRTF_B,11,1.832,-120.33,-5.24,13,1
P008,HRTF_B,11,1.847,-121.19,-5.58,13,1
P008,HRTF_B,11,1.86,-121.98,-5.94,13,1
P008,HRTF_B,11,1.874,-122.69,-6.31,13,1
P008,HRTF_B,11,1.888,-123.32,-6.68,13,1
P008,HRTF_B,11,1.902,-123.87,-7.11,13,1
P008,HRTF_B,11,1.916,-124.36,-7.58,13,1
P008,HRTF_B,11,1.93,-124.78,-8.09,13,1
P008,HRTF_B,11,1.944,-125.11,-8.62,13,1
P008,HRTF_B,11,1.957,-125.34,-9.19,13,1
P008,HRTF_B,11,1.972,-125.43,-9.78,13,1
P008,HRTF_B,11,1.985,-125.41,-10.41,13,1
P008,HRTF_B,11,1.999,-125.27,-11.16,13,1
P008,HRTF_B,11,2.013,-124.94,-12.04,13,1
P008,HRTF_B,11,2.027,-124.45,-12.99,13,1
P008,HRTF_B,11,2.041,-123.86,-13.93,13,1
P008,HRTF_B,11,2.054,-123.13,-14.88,13,1
P008,HRTF_B,11,2.069,-122.25,-15.89,13,1
P008,HRTF_B,11,2.082,-121.26,-16.89,13,1
P008,HRTF_B,11,2.096,-120.15,-17.89,13,1
P008,HRTF_B,11,2.11,-118.92,-18.85,13,1
P008,HRTF_B,11,2.124,-117.52,-19.79,13,1
P008,HRTF_B,11,2.138,-116.05,-20.73,13,1
P008,HRTF_B,11,2.152,-114.54,-21.59,13,1
P008,HRTF_B,11,2.166,-113.02,-22.38,13,1
P008,HRTF_B,11,2.18,-111.43,-23.12,13,1
P008,HRTF_B,11,2.193,-109.81,-23.75,13,1
P008,HRTF_B,11,2.207,-108.14,-24.33,13,1
P008,HRTF_B,11,2.221,-106.41,-24.82,13,1
P008,HRTF_B,11,2.235,-104.72,-25.25,13,1
P008,HRTF_B,11,2.249,-103.06,-25.46,13,1
P008,HRTF_B,11,2.263,-101.4,-25.66,13,1
P008,HRTF_B,11,2.277,-99.74,-25.73,13,1
P008,HRTF_B,11,2.291,-98.23,-25.87,13,1
P008,HRTF_B,11,2.305,-96.7,-25.8,13,1
P008,HRTF_B,11,2.318,-95.17,-25.75,13,1
P008,HRTF_B,11,2.333,-93.65,-25.65,13,1
P008,HRTF_B,11,2.346,-92.13,-25.47,13,1
P008,HRTF_B,11,2.36,-90.7,-25.36,13,1
P008,HRTF_B,11,2.374,-89.31,-25.28,13,1
P008,HRTF_B,11,2.388,-87.94,-25.16,13,1
P008,HRTF_B,11,2.402,-86.55,-25.05,13,1
P008,HRTF_B,11,2.416,-85.13,-24.97,13,1
P008,HRTF_B,11,2.43,-83.67,-24.88,13,1
P008,HRTF_B,11,2.443,-82.19,-24.8,13,1
P008,HRTF_B,11,2.458,-80.66,-24.72,13,1
P008,HRTF_B,11,2.471,-79.07,-24.6,13,1
P008,HRTF_B,11,2.485,-77.37,-24.48,13,1
P008,HRTF_B,11,2.499,-75.59,-24.31,13,1
P008,HRTF_B,11,2.514,-73.73,-24.14,13,1
P008,HRTF_B,11,2.527,-71.8,-23.92,13,1
P008,HRTF_B,11,2.541,-69.74,-23.66,13,1
P008,HRTF_B,11,2.555,-67.59,-23.32,13,1
P008,HRTF_B,11,2.569,-65.33,-22.95,13,1
P008,HRTF_B,11,2.583,-62.99,-22.57,13,1
P008,HRTF_B,11,2.597,-60.54,-22.17,13,1
P008,HRTF_B,11,2.611,-58.03,-21.75,13,1
P008,HRTF_B,11,2.625,-55.48,-21.29,13,1
P008,HRTF_B,11,2.638,-52.82,-20.84,13,1
P008,HRTF_B,11,2.652,-50.1,-20.44,13,1
P008,HRTF_B,11,2.666,-47.3,-20.06,13,1
P008,HRTF_B,11,2.68,-44.46,-19.72,13,1
P008,HRTF_B,11,2.694,-41.63,-19.37,13,1
P008,HRTF_B,11,2.707,-38.75,-19.09,13,1
P008,HRTF_B,11,2.721,-35.89,-18.82,13,1
P008,HRTF_B,11,2.735,-33.05,-18.56,13,1
P008,HRTF_B,11,2.749,-30.19,-18.3,13,1
P008,HRTF_B,11,2.763,-27.34,-18.07,13,1
P008,HRTF_B,11,2.777,-24.57,-17.88,13,1
P008,HRTF_B,11,2.791,-21.87,-17.73,13,1
P008,HRTF_B,11,2.805,-19.29,-17.64,13,1
P008,HRTF_B,11,2.819,-16.85,-17.65,13,1
P008,HRTF_B,11,2.832,-14.56,-17.73,13,1
P008,HRTF_B,11,2.846,-12.43,-17.92,13,1
P008,HRTF_B,11,2.86,-10.51,-18.2,13,1
P008,HRTF_B,11,2.874,-8.84,-18.57,13,1
P008,HRTF_B,11,2.888,-7.48,-18.99,13,1
P008,HRTF_B,11,2.902,-6.36,-19.48,13,1
P008,HRTF_B,11,2.916,-5.56,-19.96,13,1
P008,HRTF_B,11,2.93,-5.03,-20.42,13,1
P008,HRTF_B,11,2.944,-4.71,-20.88,13,1
P008,HRTF_B,11,2.957,-4.66,-21.31,13,1
P008,HRTF_B,11,2.971,-4.87,-21.68,13,1
P008,HRTF_B,11,2.985,-5.26,-22,13,1
P008,HRTF_B,11,2.999,-5.81,-22.28,13,1
P008,HRTF_B,11,3.013,-6.52,-22.49,13,1
P008,HRTF_B,11,3.027,-7.37,-22.64,13,1
P008,HRTF_B,11,3.041,-8.29,-22.7,13,1
P008,HRTF_B,11,3.055,-9.28,-22.71,13,1
P008,HRTF_B,11,3.069,-10.3,-22.69,13,1
P008,HRTF_B,11,3.082,-11.29,-22.64,13,1
P008,HRTF_B,11,3.096,-12.26,-22.6,13,1
P008,HRTF_B,11,3.11,-13.21,-22.56,13,1
P008,HRTF_B,11,3.124,-14.16,-22.51,13,1
P008,HRTF_B,11,3.138,-15.12,-22.45,13,1
P008,HRTF_B,11,3.152,-16.09,-22.41,13,1
P008,HRTF_B,11,3.166,-17.09,-22.39,13,1
P008,HRTF_B,11,3.18,-18.16,-22.37,13,1
P008,HRTF_B,11,3.194,-19.29,-22.35,13,1
P008,HRTF_B,11,3.208,-20.48,-22.33,13,1
P008,HRTF_B,11,3.221,-21.77,-22.3,13,1
P008,HRTF_B,11,3.235,-23.14,-22.26,13,1
P008,HRTF_B,11,3.249,-24.62,-22.21,13,1
P008,HRTF_B,11,3.263,-26.2,-22.17,13,1
P008,HRTF_B,11,3.277,-27.86,-22.08,13,1
P008,HRTF_B,11,3.291,-29.6,-21.95,13,1
P008,HRTF_B,11,3.305,-31.43,-21.79,13,1
P008,HRTF_B,11,3.319,-33.33,-21.62,13,1
P008,HRTF_B,11,3.332,-35.29,-21.41,13,1
P008,HRTF_B,11,3.347,-37.35,-21.2,13,1
P008,HRTF_B,11,3.36,-39.47,-21,13,1
P008,HRTF_B,11,3.374,-41.69,-20.81,13,1
P008,HRTF_B,11,3.388,-44.03,-20.66,13,1
P008,HRTF_B,11,3.402,-46.42,-20.48,13,1
P008,HRTF_B,11,3.416,-48.82,-20.27,13,1
P008,HRTF_B,11,3.43,-51.28,-20.06,13,1
P008,HRTF_B,11,3.444,-53.75,-19.89,13,1
P008,HRTF_B,11,3.458,-56.3,-19.76,13,1
P008,HRTF_B,11,3.471,-58.89,-19.62,13,1
P008,HRTF_B,11,3.485,-61.53,-19.49,13,1
P008,HRTF_B,11,3.499,-64.2,-19.36,13,1
P008,HRTF_B,11,3.513,-66.87,-19.29,13,1
P008,HRTF_B,11,3.527,-69.52,-19.28,13,1
P008,HRTF_B,11,3.541,-72.18,-19.37,13,1
P008,HRTF_B,11,3.555,-74.84,-19.54,13,1
P008,HRTF_B,11,3.568,-77.49,-19.75,13,1
P008,HRTF_B,11,3.583,-80.15,-19.97,13,1
P008,HRTF_B,11,3.596,-82.8,-20.23,13,1
P008,HRTF_B,11,3.61,-85.42,-20.53,13,1
P008,HRTF_B,11,3.624,-88,-20.86,13,1
P008,HRTF_B,11,3.638,-90.55,-21.26,13,1
P008,HRTF_B,11,3.652,-93.04,-21.67,13,1
P008,HRTF_B,11,3.666,-95.46,-22.07,13,1
P008,HRTF_B,11,3.68,-97.84,-22.49,13,1
P008,HRTF_B,11,3.694,-100.15,-22.88,13,1
P008,HRTF_B,11,3.707,-102.41,-23.28,13,1
P008,HRTF_B,11,3.722,-104.63,-23.64,13,1
P008,HRTF_B,11,3.736,-106.79,-23.98,13,1
P008,HRTF_B,11,3.749,-108.85,-24.27,13,1
P008,HRTF_B,11,3.763,-110.85,-24.54,13,1
P008,HRTF_B,11,3.777,-112.76,-24.77,13,1
P008,HRTF_B,11,3.791,-114.6,-25,13,1
P008,HRTF_B,11,3.805,-116.41,-25.18,13,1
P008,HRTF_B,11,3.818,-118.13,-25.33,13,1
P008,HRTF_B,11,3.833,-119.8,-25.47,13,1
P008,HRTF_B,11,3.847,-121.4,-25.58,13,1
P008,HRTF_B,11,3.86,-122.91,-25.73,13,1
P008,HRTF_B,11,3.874,-124.34,-25.84,13,1
P008,HRTF_B,11,3.888,-125.66,-25.91,13,1
P008,HRTF_B,11,3.902,-126.89,-25.96,13,1
P008,HRTF_B,11,3.916,-128,-25.93,13,1
P008,HRTF_B,11,3.93,-129.04,-25.86,13,1
P008,HRTF_B,11,3.944,-130.02,-25.78,13,1
P008,HRTF_B,11,3.958,-130.97,-25.67,13,1
P008,HRTF_B,11,3.971,-131.92,-25.58,13,1
P008,HRTF_B,11,3.986,-132.87,-25.46,13,1
P008,HRTF_B,11,3.999,-133.82,-25.34,13,1
P008,HRTF_B,11,4.014,-134.76,-25.23,13,1
P008,HRTF_B,11,4.027,-135.72,-25.15,13,1
P008,HRTF_B,11,4.041,-136.73,-25.06,13,1
P008,HRTF_B,11,4.055,-137.75,-25,13,1
P008,HRTF_B,11,4.069,-138.82,-24.95,13,1
P008,HRTF_B,11,4.082,-139.91,-24.93,13,1
P008,HRTF_B,11,4.097,-141.06,-24.94,13,1
P008,HRTF_B,11,4.11,-142.22,-24.95,13,1
P008,HRTF_B,11,4.124,-143.41,-24.94,13,1
P008,HRTF_B,11,4.138,-144.55,-24.92,13,1
P008,HRTF_B,11,4.152,-145.7,-24.84,13,1
P008,HRTF_B,11,4.166,-146.82,-24.74,13,1
P008,HRTF_B,11,4.18,-147.89,-24.61,13,1
P008,HRTF_B,11,4.193,-148.93,-24.47,13,1
P008,HRTF_B,11,4.207,-149.92,-24.29,13,1
P008,HRTF_B,11,4.222,-150.88,-24.11,13,1
P008,HRTF_B,11,4.235,-151.84,-23.93,13,1
P008,HRTF_B,11,4.249,-152.8,-23.71,13,1
P008,HRTF_B,11,4.263,-153.77,-23.46,13,1
P008,HRTF_B,11,4.277,-154.74,-23.11,13,1
P008,HRTF_B,11,4.291,-155.74,-22.67,13,1
P008,HRTF_B,11,4.305,-156.79,-22.05,13,1
P008,HRTF_B,11,4.319,-157.86,-21.25,13,1
P008,HRTF_B,11,4.333,-158.96,-20.26,13,1
P008,HRTF_B,11,4.346,-160.09,-19.16,13,1
P008,HRTF_B,11,4.36,-161.22,-18.01,13,1
P008,HRTF_B,11,4.375,-162.33,-16.86,13,1
P008,HRTF_B,11,4.388,-163.44,-15.77,13,1
P008,HRTF_B,11,4.402,-164.57,-14.68,13,1
P008,HRTF_B,11,4.416,-165.72,-13.58,13,1
P008,HRTF_B,11,4.43,-166.87,-12.53,13,1
P008,HRTF_B,11,4.444,-168.09,-11.56,13,1
P008,HRTF_B,11,4.457,-169.36,-10.66,13,1
P008,HRTF_B,11,4.471,-170.64,-9.82,13,1
P008,HRTF_B,11,4.485,-171.94,-8.99,13,1
P008,HRTF_B,11,4.499,-173.23,-8.19,13,1
P008,HRTF_B,11,4.513,-174.51,-7.38,13,1
P008,HRTF_B,11,4.527,-175.79,-6.59,13,1
P008,HRTF_B,11,4.541,-177.06,-5.8,13,1
P008,HRTF_B,11,4.555,-178.34,-5.03,13,1
P008,HRTF_B,11,4.569,-179.61,-4.27,13,1
P008,HRTF_B,11,4.582,179.15,-3.61,13,1
P008,HRTF_B,11,4.596,177.94,-3.07,13,1
P008,HRTF_B,11,4.61,176.79,-2.61,13,1
P008,HRTF_B,11,4.624,175.67,-2.2,13,1
P008,HRTF_B,11,4.638,174.55,-1.84,13,1
P008,HRTF_B,11,4.652,173.47,-1.49,13,1
P008,HRTF_B,11,4.666,172.4,-1.16,13,1
P008,HRTF_B,11,4.68,171.31,-0.86,13,1
P008,HRTF_B,11,4.694,170.19,-0.58,13,1
P008,HRTF_B,11,4.707,169.12,-0.35,13,1
P008,HRTF_B,11,4.722,168.07,-0.14,13,1
P008,HRTF_B,11,4.735,167.05,0.07,13,1
P008,HRTF_B,11,4.749,166.07,0.27,13,1
P008,HRTF_B,11,4.763,165.11,0.47,13,1
P008,HRTF_B,11,4.777,164.23,0.7,13,1
P008,HRTF_B,11,4.791,163.41,0.89,13,1
P008,HRTF_B,11,4.805,162.61,1.07,13,1
P008,HRTF_B,11,4.819,161.87,1.22,13,1
P008,HRTF_B,11,4.833,161.17,1.39,13,1
P008,HRTF_B,11,4.846,160.54,1.59,13,1
P008,HRTF_B,11,4.86,159.95,1.82,13,1
P008,HRTF_B,11,4.874,159.43,2.05,13,1
P008,HRTF_B,11,4.888,158.95,2.21,13,1
P008,HRTF_B,11,4.902,158.47,2.33,13,1
P008,HRTF_B,11,4.916,158.01,2.41,13,1
P008,HRTF_B,11,4.93,157.57,2.44,13,1
P008,HRTF_B,11,4.943,157.18,2.43,13,1
P008,HRTF_B,11,4.957,156.81,2.46,13,1
P008,HRTF_B,11,4.972,156.45,2.49,13,1
P008,HRTF_B,11,4.985,156.06,2.49,13,1
P008,HRTF_B,11,4.999,155.67,2.48,13,1
P008,HRTF_B,11,5.013,155.26,2.42,13,1
P008,HRTF_B,11,5.027,154.82,2.31,13,1
P008,HRTF_B,11,5.041,154.38,2.19,13,1
P008,HRTF_B,11,5.055,153.9,2.04,13,1
P008,HRTF_B,11,5.069,153.41,1.88,13,1
P008,HRTF_B,11,5.083,152.91,1.7,13,1
P008,HRTF_B,11,5.096,152.43,1.53,13,1
P008,HRTF_B,11,5.11,151.97,1.37,13,1
P008,HRTF_B,11,5.124,151.52,1.24,13,1
P008,HRTF_B,11,5.138,151.11,1.13,13,1
P008,HRTF_B,11,5.152,150.77,1.03,13,1
P008,HRTF_B,11,5.166,150.47,0.96,13,1
P008,HRTF_B,11,5.18,150.23,0.9,13,1
P008,HRTF_B,11,5.194,150.08,0.86,13,1
P008,HRTF_B,11,5.208,149.98,0.81,13,1
P008,HRTF_B,11,5.221,149.92,0.76,13,1
P008,HRTF_B,11,5.235,149.91,0.69,13,1
P008,HRTF_B,11,5.249,149.97,0.59,13,1
P008,HRTF_B,11,5.263,150.05,0.45,13,1
P008,HRTF_B,11,5.277,150.16,0.28,13,1
P008,HRTF_B,11,5.291,150.31,0.08,13,1
P008,HRTF_B,11,5.304,150.47,-0.17,13,1
P008,HRTF_B,11,5.319,150.64,-0.47,13,1
P008,HRTF_B,11,5.332,150.84,-0.79,13,1
P008,HRTF_B,11,5.346,151.03,-1.14,13,1
P008,HRTF_B,11,5.36,151.28,-1.53,13,1
P008,HRTF_B,11,5.374,151.52,-1.92,13,1
P008,HRTF_B,11,5.388,151.81,-2.29,13,1
P008,HRTF_B,11,5.402,152.12,-2.61,13,1
P008,HRTF_B,11,5.416,152.44,-2.93,13,1
P008,HRTF_B,11,5.43,152.78,-3.19,13,1
P008,HRTF_B,11,5.444,153.15,-3.47,13,1
P008,HRTF_B,11,5.457,153.54,-3.72,13,1
P008,HRTF_B,11,5.471,153.98,-3.97,13,1
P008,HRTF_B,11,5.485,154.45,-4.2,13,1
P008,HRTF_B,11,5.499,154.94,-4.42,13,1
P008,HRTF_B,11,5.513,155.46,-4.61,13,1
P008,HRTF_B,11,5.527,155.98,-4.79,13,1
P008,HRTF_B,11,5.541,156.48,-4.94,13,1
P008,HRTF_B,11,5.555,157,-5.08,13,1
P008,HRTF_B,11,5.569,157.51,-5.19,13,1
P008,HRTF_B,11,5.582,158.03,-5.32,13,1
P008,HRTF_B,11,5.596,158.57,-5.44,13,1
P008,HRTF_B,11,5.611,159.12,-5.59,13,1
P008,HRTF_B,11,5.624,159.68,-5.71,13,1
P008,HRTF_B,11,5.638,160.27,-5.85,13,1
P008,HRTF_B,11,5.652,160.89,-5.99,13,1
P008,HRTF_B,11,5.666,161.54,-6.1,13,1
P008,HRTF_B,11,5.679,162.18,-6.23,13,1
P008,HRTF_B,11,5.694,162.87,-6.36,13,1
P008,HRTF_B,11,5.707,163.54,-6.49,13,1
P008,HRTF_B,11,5.721,164.24,-6.61,13,1
P008,HRTF_B,11,5.735,164.95,-6.72,13,1
P008,HRTF_B,11,5.749,165.68,-6.86,13,1
P008,HRTF_B,11,5.763,166.43,-6.97,13,1
P008,HRTF_B,11,5.777,167.19,-7.07,13,1
P008,HRTF_B,11,5.791,167.96,-7.16,13,1
P008,HRTF_B,11,5.805,168.78,-7.26,13,1
P008,HRTF_B,11,5.819,169.61,-7.38,13,1
P008,HRTF_B,11,5.832,170.46,-7.49,13,1
P008,HRTF_B,11,5.846,171.34,-7.63,13,1
P008,HRTF_B,11,5.861,172.23,-7.77,13,1
P008,HRTF_B,11,5.874,173.15,-7.93,13,1
P008,HRTF_B,11,5.888,174.08,-8.12,13,1
P008,HRTF_B,11,5.901,175.07,-8.31,13,1
P008,HRTF_B,11,5.916,176.1,-8.51,13,1
P008,HRTF_B,11,5.93,177.17,-8.72,13,1
P008,HRTF_B,11,5.944,178.29,-8.95,13,1
P008,HRTF_B,11,5.958,179.48,-9.22,13,1
P008,HRTF_B,11,5.971,-179.29,-9.5,13,1
P008,HRTF_B,11,5.985,-178,-9.8,13,1
P008,HRTF_B,11,5.999,-176.67,-10.09,13,1
P008,HRTF_B,11,6.013,-175.28,-10.38,13,1
P008,HRTF_B,11,6.027,-173.85,-10.65,13,1
P008,HRTF_B,11,6.041,-172.4,-10.91,13,1
P008,HRTF_B,11,6.055,-170.88,-11.17,13,1
P008,HRTF_B,11,6.069,-169.32,-11.42,13,1
P008,HRTF_B,11,6.082,-167.71,-11.65,13,1
P008,HRTF_B,11,6.096,-166.08,-11.87,13,1
P008,HRTF_B,11,6.111,-164.43,-12.08,13,1
P008,HRTF_B,11,6.124,-162.75,-12.27,13,1
P008,HRTF_B,11,6.138,-161.03,-12.46,13,1
P008,HRTF_B,11,6.152,-159.25,-12.63,13,1
P008,HRTF_B,11,6.166,-157.41,-12.77,13,1
P008,HRTF_B,11,6.179,-155.51,-12.91,13,1
P008,HRTF_B,12,0.012,-0.85,-2.17,17,1
P008,HRTF_B,12,0.028,-0.73,-2.35,17,1
P008,HRTF_B,12,0.042,-0.66,-2.51,17,1
P008,HRTF_B,12,0.056,-0.63,-2.63,17,1
P008,HRTF_B,12,0.069,-0.64,-2.74,17,1
P008,HRTF_B,12,0.083,-0.68,-2.82,17,1
P008,HRTF_B,12,0.097,-0.74,-2.91,17,1
P008,HRTF_B,12,0.111,-0.8,-3.01,17,1
P008,HRTF_B,12,0.125,-0.89,-3.13,17,1
P008,HRTF_B,12,0.139,-1.03,-3.26,17,1
P008,HRTF_B,12,0.153,-1.2,-3.38,17,1
P008,HRTF_B,12,0.167,-1.41,-3.5,17,1
P008,HRTF_B,12,0.181,-1.64,-3.66,17,1
P008,HRTF_B,12,0.195,-1.86,-3.84,17,1
P008,HRTF_B,12,0.208,-2.04,-4.05,17,1
P008,HRTF_B,12,0.223,-2.2,-4.23,17,1
P008,HRTF_B,12,0.236,-2.36,-4.37,17,1
P008,HRTF_B,12,0.251,-2.5,-4.49,17,1
P008,HRTF_B,12,0.264,-2.6,-4.58,17,1
P008,HRTF_B,12,0.278,-2.68,-4.66,17,1
P008,HRTF_B,12,0.292,-2.74,-4.76,17,1
P008,HRTF_B,12,0.306,-2.81,-4.85,17,1
P008,HRTF_B,12,0.32,-2.87,-4.92,17,1
P008,HRTF_B,12,0.333,-2.97,-4.96,17,1
P008,HRTF_B,12,0.347,-3.1,-4.97,17,1
P008,HRTF_B,12,0.361,-3.26,-4.97,17,1
P008,HRTF_B,12,0.375,-3.47,-5,17,1
P008,HRTF_B,12,0.389,-3.69,-5.04,17,1
P008,HRTF_B,12,0.403,-3.95,-5.1,17,1
P008,HRTF_B,12,0.417,-4.25,-5.17,17,1
P008,HRTF_B,12,0.431,-4.59,-5.24,17,1
P008,HRTF_B,12,0.445,-4.96,-5.34,17,1
P008,HRTF_B,12,0.459,-5.38,-5.52,17,1
P008,HRTF_B,12,0.472,-5.8,-5.84,17,1
P008,HRTF_B,12,0.486,-6.24,-6.26,17,1
P008,HRTF_B,12,0.5,-6.67,-6.75,17,1
P008,HRTF_B,12,0.514,-7.08,-7.23,17,1
P008,HRTF_B,12,0.528,-7.47,-7.73,17,1
P008,HRTF_B,12,0.542,-7.84,-8.27,17,1
P008,HRTF_B,12,0.555,-8.17,-8.82,17,1
P008,HRTF_B,12,0.569,-8.5,-9.37,17,1
P008,HRTF_B,12,0.584,-8.78,-9.88,17,1
P008,HRTF_B,12,0.597,-9.08,-10.34,17,1
P008,HRTF_B,12,0.611,-9.34,-10.75,17,1
P008,HRTF_B,12,0.625,-9.58,-11.14,17,1
P008,HRTF_B,12,0.639,-9.78,-11.5,17,1
P008,HRTF_B,12,0.653,-9.96,-11.86,17,1
P008,HRTF_B,12,0.667,-10.1,-12.19,17,1
P008,HRTF_B,12,0.681,-10.19,-12.48,17,1
P008,HRTF_B,12,0.695,-10.26,-12.73,17,1
P008,HRTF_B,12,0.708,-10.32,-12.95,17,1
P008,HRTF_B,12,0.722,-10.37,-13.17,17,1
P008,HRTF_B,12,0.736,-10.41,-13.35,17,1
P008,HRTF_B,12,0.75,-10.47,-13.5,17,1
P008,HRTF_B,12,0.764,-10.59,-13.6,17,1
P008,HRTF_B,12,0.778,-10.81,-13.74,17,1
P008,HRTF_B,12,0.792,-11.17,-13.86,17,1
P008,HRTF_B,12,0.806,-11.66,-13.92,17,1
P008,HRTF_B,12,0.82,-12.23,-13.96,17,1
P008,HRTF_B,12,0.834,-12.88,-13.93,17,1
P008,HRTF_B,12,0.848,-13.63,-13.85,17,1
P008,HRTF_B,12,0.862,-14.47,-13.76,17,1
P008,HRTF_B,12,0.876,-15.39,-13.71,17,1
P008,HRTF_B,12,0.889,-16.39,-13.75,17,1
P008,HRTF_B,12,0.903,-17.47,-13.81,17,1
P008,HRTF_B,12,0.917,-18.61,-13.87,17,1
P008,HRTF_B,12,0.931,-19.77,-13.95,17,1
P008,HRTF_B,12,0.945,-20.95,-13.95,17,1
P008,HRTF_B,12,0.959,-22.12,-13.88,17,1
P008,HRTF_B,12,0.973,-23.33,-13.83,17,1
P008,HRTF_B,12,0.987,-24.57,-13.76,17,1
P008,HRTF_B,12,1,-25.8,-13.7,17,1
P008,HRTF_B,12,1.014,-27.05,-13.56,17,1
P008,HRTF_B,12,1.028,-28.46,-13.48,17,1
P008,HRTF_B,12,1.042,-29.87,-13.33,17,1
P008,HRTF_B,12,1.056,-31.29,-13.25,17,1
P008,HRTF_B,12,1.07,-32.81,-13.13,17,1
P008,HRTF_B,12,1.084,-34.28,-12.96,17,1
P008,HRTF_B,12,1.098,-35.81,-12.78,17,1
P008,HRTF_B,12,1.111,-37.25,-12.66,17,1
P008,HRTF_B,12,1.126,-38.65,-12.42,17,1
P008,HRTF_B,12,1.139,-40.13,-12.3,17,1
P008,HRTF_B,12,1.153,-41.62,-12.21,17,1
P008,HRTF_B,12,1.167,-43.1,-12.22,17,1
P008,HRTF_B,12,1.181,-44.52,-12.36,17,1
P008,HRTF_B,12,1.195,-45.83,-12.51,17,1
P008,HRTF_B,12,1.209,-46.9,-12.64,17,1
P008,HRTF_B,12,1.223,-47.84,-12.71,17,1
P008,HRTF_B,12,1.237,-48.64,-12.73,17,1
P008,HRTF_B,12,1.25,-49.29,-12.71,17,1
P008,HRTF_B,12,1.264,-49.89,-12.72,17,1
P008,HRTF_B,12,1.278,-50.45,-12.86,17,1
P008,HRTF_B,12,1.292,-50.93,-13.02,17,1
P008,HRTF_B,12,1.306,-51.39,-13.22,17,1
P008,HRTF_B,12,1.32,-51.79,-13.39,17,1
P008,HRTF_B,12,1.334,-52.14,-13.52,17,1
P008,HRTF_B,12,1.348,-52.52,-13.64,17,1
P008,HRTF_B,12,1.362,-53.01,-13.9,17,1
P008,HRTF_B,12,1.376,-53.35,-14.04,17,1
P008,HRTF_B,12,1.389,-53.84,-14.27,17,1
P008,HRTF_B,12,1.403,-54.37,-14.47,17,1
P008,HRTF_B,12,1.417,-54.95,-14.64,17,1
P008,HRTF_B,12,1.431,-55.6,-14.8,17,1
P008,HRTF_B,12,1.445,-56.32,-14.92,17,1
P008,HRTF_B,12,1.459,-57.1,-15.03,17,1
P008,HRTF_B,12,1.473,-57.97,-15.14,17,1
P008,HRTF_B,12,1.486,-58.88,-15.26,17,1
P008,HRTF_B,12,1.501,-59.85,-15.37,17,1
P008,HRTF_B,12,1.514,-60.88,-15.51,17,1
P008,HRTF_B,12,1.528,-61.95,-15.64,17,1
P008,HRTF_B,12,1.543,-63.05,-15.76,17,1
P008,HRTF_B,12,1.556,-64.16,-15.83,17,1
P008,HRTF_B,12,1.57,-65.26,-15.88,17,1
P008,HRTF_B,12,1.584,-66.31,-15.96,17,1
P008,HRTF_B,12,1.598,-67.29,-16,17,1
P008,HRTF_B,12,1.612,-68.15,-16.1,17,1
P008,HRTF_B,12,1.626,-68.91,-16.21,17,1
P008,HRTF_B,12,1.64,-69.57,-16.39,17,1
P008,HRTF_B,12,1.653,-70.1,-16.58,17,1
P008,HRTF_B,12,1.667,-70.51,-16.8,17,1
P008,HRTF_B,12,1.681,-70.78,-16.98,17,1
P008,HRTF_B,12,1.695,-71.02,-17.16,17,1
P008,HRTF_B,12,1.709,-71.18,-17.35,17,1
P008,HRTF_B,12,1.723,-71.27,-17.55,17,1
P008,HRTF_B,12,1.737,-71.28,-17.76,17,1
P008,HRTF_B,12,1.751,-71.29,-17.94,17,1
P008,HRTF_B,12,1.765,-71.26,-18.12,17,1
P008,HRTF_B,12,1.778,-71.25,-18.24,17,1
P008,HRTF_B,12,1.792,-71.24,-18.33,17,1
P008,HRTF_B,12,1.806,-71.28,-18.38,17,1
P008,HRTF_B,12,1.82,-71.33,-18.38,17,1
P008,HRTF_B,12,1.834,-71.46,-18.38,17,1
P008,HRTF_B,12,1.848,-71.61,-18.38,17,1
P008,HRTF_B,12,1.862,-71.8,-18.41,17,1
P008,HRTF_B,12,1.876,-72.03,-18.45,17,1
P008,HRTF_B,12,1.89,-72.3,-18.5,17,1
P008,HRTF_B,12,1.903,-72.59,-18.54,17,1
P008,HRTF_B,12,1.917,-72.9,-18.58,17,1
P008,HRTF_B,12,1.931,-73.28,-18.59,17,1
P008,HRTF_B,12,1.945,-73.69,-18.64,17,1
P008,HRTF_B,12,1.959,-74.13,-18.68,17,1
P008,HRTF_B,12,1.973,-74.6,-18.7,17,1
P008,HRTF_B,12,1.987,-75.1,-18.78,17,1
P008,HRTF_B,12,2.001,-75.61,-18.8,17,1
P008,HRTF_B,12,2.015,-76.18,-18.83,17,1
P008,HRTF_B,12,2.028,-76.77,-18.86,17,1
P008,HRTF_B,12,2.042,-77.37,-18.93,17,1
P008,HRTF_B,12,2.056,-78.02,-18.99,17,1
P008,HRTF_B,12,2.07,-78.68,-19.01,17,1
P008,HRTF_B,12,2.084,-79.39,-19.03,17,1
P008,HRTF_B,12,2.098,-80.11,-19.03,17,1
P008,HRTF_B,12,2.112,-80.89,-19.02,17,1
P008,HRTF_B,12,2.125,-81.69,-18.93,17,1
P008,HRTF_B,12,2.139,-82.55,-18.85,17,1
P008,HRTF_B,12,2.153,-83.47,-18.73,17,1
P008,HRTF_B,12,2.167,-84.48,-18.6,17,1
P008,HRTF_B,12,2.181,-85.56,-18.45,17,1
P008,HRTF_B,12,2.195,-86.7,-18.3,17,1
P008,HRTF_B,12,2.209,-87.91,-18.14,17,1
P008,HRTF_B,12,2.223,-89.19,-17.96,17,1
P008,HRTF_B,12,2.237,-90.49,-17.79,17,1
P008,HRTF_B,12,2.251,-91.83,-17.57,17,1
P008,HRTF_B,12,2.265,-93.25,-17.42,17,1
P008,HRTF_B,12,2.278,-94.66,-17.31,17,1
P008,HRTF_B,12,2.292,-96.11,-17.24,17,1
P008,HRTF_B,12,2.306,-97.6,-17.21,17,1
P008,HRTF_B,12,2.32,-99.1,-17.18,17,1
P008,HRTF_B,12,2.334,-100.64,-17.16,17,1
P008,HRTF_B,12,2.348,-102.18,-17.18,17,1
P008,HRTF_B,12,2.362,-103.71,-17.19,17,1
P008,HRTF_B,12,2.375,-105.22,-17.2,17,1
P008,HRTF_B,12,2.39,-106.75,-17.19,17,1
P008,HRTF_B,12,2.403,-108.26,-17.17,17,1
P008,HRTF_B,12,2.417,-109.74,-17.12,17,1
P008,HRTF_B,12,2.431,-111.24,-17.07,17,1
P008,HRTF_B,12,2.445,-112.74,-16.98,17,1
P008,HRTF_B,12,2.459,-114.23,-16.9,17,1
P008,HRTF_B,12,2.473,-115.71,-16.87,17,1
P008,HRTF_B,12,2.487,-117.21,-16.81,17,1
P008,HRTF_B,12,2.501,-118.71,-16.79,17,1
P008,HRTF_B,12,2.515,-120.22,-16.72,17,1
P008,HRTF_B,12,2.528,-121.73,-16.64,17,1
P008,HRTF_B,12,2.543,-123.24,-16.59,17,1
P008,HRTF_B,12,2.556,-124.75,-16.61,17,1
P008,HRTF_B,12,2.57,-126.25,-16.61,17,1
P008,HRTF_B,12,2.584,-127.7,-16.61,17,1
P008,HRTF_B,12,2.598,-129.14,-16.62,17,1
P008,HRTF_B,12,2.612,-130.52,-16.64,17,1
P008,HRTF_B,12,2.625,-131.93,-16.67,17,1
P008,HRTF_B,12,2.64,-133.35,-16.71,17,1
P008,HRTF_B,12,2.653,-134.84,-16.84,17,1
P008,HRTF_B,12,2.667,-136.34,-17.01,17,1
P008,HRTF_B,12,2.681,-137.9,-17.23,17,1
P008,HRTF_B,12,2.695,-139.52,-17.48,17,1
P008,HRTF_B,12,2.709,-141.15,-17.74,17,1
P008,HRTF_B,12,2.723,-142.84,-17.99,17,1
P008,HRTF_B,12,2.736,-144.55,-18.25,17,1
P008,HRTF_B,12,2.75,-146.3,-18.51,17,1
P008,HRTF_B,12,2.764,-148.04,-18.75,17,1
P008,HRTF_B,12,2.778,-149.8,-18.97,17,1
P008,HRTF_B,12,2.792,-151.54,-19.19,17,1
P008,HRTF_B,12,2.806,-153.28,-19.4,17,1
P008,HRTF_B,12,2.82,-155,-19.51,17,1
P008,HRTF_B,12,2.834,-156.69,-19.58,17,1
P008,HRTF_B,12,2.848,-158.32,-19.62,17,1
P008,HRTF_B,12,2.862,-159.9,-19.64,17,1
P008,HRTF_B,12,2.876,-161.44,-19.62,17,1
P008,HRTF_B,12,2.89,-162.91,-19.59,17,1
P008,HRTF_B,12,2.904,-164.3,-19.52,17,1
P008,HRTF_B,12,2.917,-165.64,-19.39,17,1
P008,HRTF_B,12,2.931,-166.89,-19.22,17,1
P008,HRTF_B,12,2.945,-168.05,-18.89,17,1
P008,HRTF_B,12,2.959,-169.15,-18.46,17,1
P008,HRTF_B,12,2.973,-170.11,-17.91,17,1
P008,HRTF_B,12,2.987,-170.99,-17.23,17,1
P008,HRTF_B,12,3.001,-171.78,-16.49,17,1
P008,HRTF_B,12,3.015,-172.54,-15.76,17,1
P008,HRTF_B,12,3.029,-173.26,-15.04,17,1
P008,HRTF_B,12,3.043,-173.94,-14.35,17,1
P008,HRTF_B,12,3.056,-174.6,-13.69,17,1
P008,HRTF_B,12,3.07,-175.25,-13.04,17,1
P008,HRTF_B,12,3.084,-175.89,-12.44,17,1
P008,HRTF_B,12,3.098,-176.5,-11.87,17,1
P008,HRTF_B,12,3.112,-177.1,-11.35,17,1
P008,HRTF_B,12,3.125,-177.7,-10.87,17,1
P008,HRTF_B,12,3.14,-178.28,-10.43,17,1
P008,HRTF_B,12,3.154,-178.85,-10.05,17,1
P008,HRTF_B,12,3.168,-179.4,-9.7,17,1
P008,HRTF_B,12,3.182,-179.93,-9.39,17,1
P008,HRTF_B,12,3.195,179.53,-9.11,17,1
P008,HRTF_B,12,3.209,179.02,-8.83,17,1
P008,HRTF_B,12,3.223,178.52,-8.56,17,1
P008,HRTF_B,12,3.237,178.06,-8.29,17,1
P008,HRTF_B,12,3.251,177.64,-8.04,17,1
P008,HRTF_B,12,3.265,177.24,-7.79,17,1
P008,HRTF_B,12,3.278,176.89,-7.57,17,1
P008,HRTF_B,12,3.293,176.58,-7.36,17,1
P008,HRTF_B,12,3.306,176.33,-7.18,17,1
P008,HRTF_B,12,3.32,176.12,-7.06,17,1
P008,HRTF_B,12,3.334,175.96,-6.96,17,1
P008,HRTF_B,12,3.348,175.84,-6.89,17,1
P008,HRTF_B,12,3.362,175.78,-6.84,17,1
P008,HRTF_B,12,3.376,175.75,-6.81,17,1
P008,HRTF_B,12,3.39,175.76,-6.8,17,1
P008,HRTF_B,12,3.403,175.8,-6.8,17,1
P008,HRTF_B,12,3.418,175.88,-6.83,17,1
P008,HRTF_B,12,3.431,175.98,-6.87,17,1
P008,HRTF_B,12,3.445,176.12,-6.93,17,1
P008,HRTF_B,12,3.459,176.27,-7.02,17,1
P008,HRTF_B,12,3.473,176.46,-7.11,17,1
P008,HRTF_B,12,3.487,176.68,-7.2,17,1
P008,HRTF_B,13,0.013,-3.99,0.51,5,1
P008,HRTF_B,13,0.024,-3.94,0.52,5,1
P008,HRTF_B,13,0.037,-3.95,0.51,5,1
P008,HRTF_B,13,0.061,-4.05,0.52,5,1
P008,HRTF_B,13,0.076,-4.13,0.52,5,1
P008,HRTF_B,13,0.089,-4.25,0.48,5,1
P008,HRTF_B,13,0.104,-4.39,0.42,5,1
P008,HRTF_B,13,0.117,-4.56,0.37,5,1
P008,HRTF_B,13,0.132,-4.75,0.27,5,1
P008,HRTF_B,13,0.142,-4.94,0.16,5,1
P008,HRTF_B,13,0.153,-5.15,0.04,5,1
P008,HRTF_B,13,0.173,-5.39,-0.07,5,1
P008,HRTF_B,13,0.186,-5.66,-0.2,5,1
P008,HRTF_B,13,0.201,-5.94,-0.35,5,1
P008,HRTF_B,13,0.214,-6.25,-0.49,5,1
P008,HRTF_B,13,0.228,-6.58,-0.62,5,1
P008,HRTF_B,13,0.242,-6.94,-0.76,5,1
P008,HRTF_B,13,0.256,-7.37,-0.93,5,1
P008,HRTF_B,13,0.27,-7.85,-1.12,5,1
P008,HRTF_B,13,0.284,-8.39,-1.32,5,1
P008,HRTF_B,13,0.298,-8.99,-1.57,5,1
P008,HRTF_B,13,0.312,-9.67,-1.8,5,1
P008,HRTF_B,13,0.326,-10.46,-2.08,5,1
P008,HRTF_B,13,0.339,-11.31,-2.35,5,1
P008,HRTF_B,13,0.353,-12.28,-2.64,5,1
P008,HRTF_B,13,0.367,-13.32,-2.95,5,1
P008,HRTF_B,13,0.381,-14.43,-3.27,5,1
P008,HRTF_B,13,0.395,-15.62,-3.59,5,1
P008,HRTF_B,13,0.409,-16.87,-3.94,5,1
P008,HRTF_B,13,0.423,-18.22,-4.34,5,1
P008,HRTF_B,13,0.436,-19.65,-4.89,5,1
P008,HRTF_B,13,0.45,-21.17,-5.54,5,1
P008,HRTF_B,13,0.465,-22.73,-6.29,5,1
P008,HRTF_B,13,0.478,-24.36,-7.05,5,1
P008,HRTF_B,13,0.492,-26.01,-7.78,5,1
P008,HRTF_B,13,0.506,-27.71,-8.5,5,1
P008,HRTF_B,13,0.52,-29.43,-9.19,5,1
P008,HRTF_B,13,0.534,-31.21,-9.84,5,1
P008,HRTF_B,13,0.548,-33.01,-10.48,5,1
P008,HRTF_B,13,0.562,-34.86,-11.1,5,1
P008,HRTF_B,13,0.576,-36.74,-11.66,5,1
P008,HRTF_B,13,0.589,-38.66,-12.19,5,1
P008,HRTF_B,13,0.603,-40.6,-12.66,5,1
P008,HRTF_B,13,0.617,-42.57,-13.1,5,1
P008,HRTF_B,13,0.631,-44.54,-13.5,5,1
P008,HRTF_B,13,0.646,-46.54,-13.89,5,1
P008,HRTF_B,13,0.659,-48.54,-14.24,5,1
P008,HRTF_B,13,0.673,-50.52,-14.55,5,1
P008,HRTF_B,13,0.687,-52.52,-14.81,5,1
P008,HRTF_B,13,0.701,-54.52,-15.06,5,1
P008,HRTF_B,13,0.715,-56.5,-15.26,5,1
P008,HRTF_B,13,0.729,-58.52,-15.44,5,1
P008,HRTF_B,13,0.742,-60.59,-15.62,5,1
P008,HRTF_B,13,0.756,-62.65,-15.78,5,1
P008,HRTF_B,13,0.77,-64.72,-15.93,5,1
P008,HRTF_B,13,0.784,-66.82,-16.07,5,1
P008,HRTF_B,13,0.798,-68.91,-16.21,5,1
P008,HRTF_B,13,0.812,-71.03,-16.33,5,1
P008,HRTF_B,13,0.826,-73.2,-16.47,5,1
P008,HRTF_B,13,0.84,-75.31,-16.6,5,1
P008,HRTF_B,13,0.854,-77.43,-16.7,5,1
P008,HRTF_B,13,0.867,-79.46,-16.82,5,1
P008,HRTF_B,13,0.881,-81.46,-16.92,5,1
P008,HRTF_B,13,0.895,-83.35,-17.02,5,1
P008,HRTF_B,13,0.91,-85.09,-17.11,5,1
P008,HRTF_B,13,0.923,-86.61,-17.14,5,1
P008,HRTF_B,13,0.937,-87.9,-17.15,5,1
P008,HRTF_B,13,0.951,-89.01,-17.15,5,1
P008,HRTF_B,13,0.965,-89.96,-17.18,5,1
P008,HRTF_B,13,0.979,-90.73,-17.2,5,1
P008,HRTF_B,13,0.992,-91.3,-17.24,5,1
P008,HRTF_B,13,1.006,-91.64,-17.26,5,1
P008,HRTF_B,13,1.021,-91.75,-17.27,5,1
P008,HRTF_B,13,1.034,-91.66,-17.26,5,1
P008,HRTF_B,13,1.048,-91.39,-17.18,5,1
P008,HRTF_B,13,1.062,-90.96,-17.05,5,1
P008,HRTF_B,13,1.076,-90.39,-16.87,5,1
P008,HRTF_B,13,1.09,-89.62,-16.64,5,1
P008,HRTF_B,13,1.104,-88.71,-16.32,5,1
P008,HRTF_B,13,1.117,-87.65,-15.97,5,1
P008,HRTF_B,13,1.132,-86.43,-15.52,5,1
P008,HRTF_B,13,1.145,-85.04,-15,5,1
P008,HRTF_B,13,1.159,-83.5,-14.4,5,1
P008,HRTF_B,13,1.173,-81.84,-13.69,5,1
P008,HRTF_B,13,1.187,-80.07,-12.89,5,1
P008,HRTF_B,13,1.201,-78.22,-12.01,5,1
P008,HRTF_B,13,1.215,-76.26,-11.05,5,1
P008,HRTF_B,13,1.229,-74.22,-10.02,5,1
P008,HRTF_B,13,1.242,-72.06,-8.94,5,1
P008,HRTF_B,13,1.257,-69.85,-7.8,5,1
P008,HRTF_B,13,1.27,-67.54,-6.57,5,1
P008,HRTF_B,13,1.284,-65.18,-5.27,5,1
P008,HRTF_B,13,1.298,-62.87,-3.9,5,1
P008,HRTF_B,13,1.311,-60.67,-2.59,5,1
P008,HRTF_B,13,1.326,-58.47,-1.1,5,1
P008,HRTF_B,13,1.34,-56.28,0.31,5,1
P008,HRTF_B,13,1.354,-54.24,1.86,5,1
P008,HRTF_B,13,1.367,-52.25,3.4,5,1
P008,HRTF_B,13,1.381,-50.27,4.96,5,1
P008,HRTF_B,13,1.395,-48.29,6.46,5,1
P008,HRTF_B,13,1.409,-46.35,7.99,5,1
P008,HRTF_B,13,1.423,-44.42,9.38,5,1
P008,HRTF_B,13,1.437,-42.58,10.72,5,1
P008,HRTF_B,13,1.451,-40.73,11.96,5,1
P008,HRTF_B,13,1.464,-38.93,13.1,5,1
P008,HRTF_B,13,1.479,-37.18,14.05,5,1
P008,HRTF_B,13,1.492,-35.47,14.88,5,1
P008,HRTF_B,13,1.506,-33.8,15.57,5,1
P008,HRTF_B,13,1.52,-32.19,16.13,5,1
P008,HRTF_B,13,1.534,-30.6,16.58,5,1
P008,HRTF_B,13,1.548,-29.04,16.91,5,1
P008,HRTF_B,13,1.561,-27.52,17.15,5,1
P008,HRTF_B,13,1.576,-26.04,17.29,5,1
P008,HRTF_B,13,1.59,-24.57,17.34,5,1
P008,HRTF_B,13,1.603,-23.13,17.33,5,1
P008,HRTF_B,13,1.617,-21.65,17.2,5,1
P008,HRTF_B,13,1.631,-20.18,17.02,5,1
P008,HRTF_B,13,1.645,-18.76,16.76,5,1
P008,HRTF_B,13,1.659,-17.38,16.46,5,1
P008,HRTF_B,13,1.673,-16.06,16.17,5,1
P008,HRTF_B,13,1.687,-14.8,15.8,5,1
P008,HRTF_B,13,1.701,-13.58,15.36,5,1
P008,HRTF_B,13,1.714,-12.38,14.86,5,1
P008,HRTF_B,13,1.729,-11.19,14.33,5,1
P008,HRTF_B,13,1.742,-10.01,13.84,5,1
P008,HRTF_B,13,1.756,-8.8,13.31,5,1
P008,HRTF_B,13,1.77,-7.58,12.77,5,1
P008,HRTF_B,13,1.784,-6.37,12.26,5,1
P008,HRTF_B,13,1.798,-5.16,11.76,5,1
P008,HRTF_B,13,1.812,-3.98,11.28,5,1
P008,HRTF_B,13,1.826,-2.83,10.86,5,1
P008,HRTF_B,13,1.84,-1.71,10.47,5,1
P008,HRTF_B,13,1.853,-0.62,10.1,5,1
P008,HRTF_B,13,1.867,0.43,9.72,5,1
P008,HRTF_B,13,1.881,1.46,9.34,5,1
P008,HRTF_B,13,1.895,2.51,8.97,5,1
P008,HRTF_B,13,1.909,3.55,8.62,5,1
P008,HRTF_B,13,1.922,4.6,8.22,5,1
P008,HRTF_B,13,1.938,5.65,7.8,5,1
P008,HRTF_B,13,1.95,6.69,7.43,5,1
P008,HRTF_B,13,1.965,7.69,7.05,5,1
P008,HRTF_B,13,1.979,8.7,6.68,5,1
P008,HRTF_B,13,1.992,9.72,6.28,5,1
P008,HRTF_B,13,2.006,10.73,5.91,5,1
P008,HRTF_B,13,2.02,11.72,5.54,5,1
P008,HRTF_B,13,2.034,12.72,5.18,5,1
P008,HRTF_B,13,2.048,13.72,4.83,5,1
P008,HRTF_B,13,2.062,14.74,4.51,5,1
P008,HRTF_B,13,2.076,15.78,4.16,5,1
P008,HRTF_B,13,2.089,16.83,3.83,5,1
P008,HRTF_B,13,2.103,17.89,3.47,5,1
P008,HRTF_B,13,2.118,18.95,3.16,5,1
P008,HRTF_B,13,2.131,19.97,2.87,5,1
P008,HRTF_B,13,2.145,20.99,2.59,5,1
P008,HRTF_B,13,2.159,22,2.34,5,1
P008,HRTF_B,13,2.173,23.01,2.12,5,1
P008,HRTF_B,13,2.187,24,1.95,5,1
P008,HRTF_B,13,2.201,24.96,1.8,5,1
P008,HRTF_B,13,2.215,25.86,1.67,5,1
P008,HRTF_B,13,2.228,26.76,1.54,5,1
P008,HRTF_B,13,2.242,27.6,1.39,5,1
P008,HRTF_B,13,2.256,28.45,1.22,5,1
P008,HRTF_B,13,2.27,29.23,1.01,5,1
P008,HRTF_B,13,2.284,29.99,0.81,5,1
P008,HRTF_B,13,2.298,30.72,0.64,5,1
P008,HRTF_B,13,2.311,31.4,0.44,5,1
P008,HRTF_B,13,2.326,32.04,0.31,5,1
P008,HRTF_B,13,2.34,32.67,0.17,5,1
P008,HRTF_B,13,2.354,33.29,0,5,1
P008,HRTF_B,13,2.367,33.92,-0.22,5,1
P008,HRTF_B,13,2.381,34.56,-0.38,5,1
P008,HRTF_B,13,2.395,35.17,-0.52,5,1
P008,HRTF_B,13,2.409,35.77,-0.57,5,1
P008,HRTF_B,13,2.423,36.35,-0.55,5,1
P008,HRTF_B,13,2.437,36.9,-0.46,5,1
P008,HRTF_B,13,2.451,37.44,-0.38,5,1
P008,HRTF_B,13,2.465,37.94,-0.32,5,1
P008,HRTF_B,13,2.479,38.45,-0.32,5,1
P008,HRTF_B,13,2.492,38.94,-0.34,5,1
P008,HRTF_B,13,2.506,39.43,-0.38,5,1
P008,HRTF_B,13,2.521,39.91,-0.45,5,1
P008,HRTF_B,13,2.534,40.39,-0.58,5,1
P008,HRTF_B,13,2.548,40.84,-0.73,5,1
P008,HRTF_B,13,2.562,41.26,-0.88,5,1
P008,HRTF_B,13,2.576,41.67,-1.05,5,1
P008,HRTF_B,13,2.59,42.07,-1.24,5,1
P008,HRTF_B,13,2.604,42.44,-1.43,5,1
P008,HRTF_B,13,2.618,42.78,-1.62,5,1
P008,HRTF_B,13,2.631,43.11,-1.75,5,1
P008,HRTF_B,13,2.645,43.4,-1.85,5,1
P008,HRTF_B,13,2.659,43.67,-1.92,5,1
P008,HRTF_B,13,2.673,43.93,-1.95,5,1
P008,HRTF_B,13,2.687,44.17,-1.96,5,1
P008,HRTF_B,13,2.701,44.41,-1.95,5,1
P008,HRTF_B,13,2.715,44.61,-1.9,5,1
P008,HRTF_B,13,2.728,44.76,-1.85,5,1
P008,HRTF_B,13,2.743,44.9,-1.8,5,1
P008,HRTF_B,13,2.756,45.02,-1.77,5,1
P008,HRTF_B,13,2.77,45.13,-1.79,5,1
P008,HRTF_B,13,2.784,45.23,-1.84,5,1
P008,HRTF_B,14,0.011,1.86,-2.46,9,1
P008,HRTF_B,14,0.032,1.87,-2.5,9,1
P008,HRTF_B,14,0.046,1.9,-2.55,9,1
P008,HRTF_B,14,0.061,1.95,-2.6,9,1
P008,HRTF_B,14,0.073,2.03,-2.64,9,1
P008,HRTF_B,14,0.087,2.1,-2.65,9,1
P008,HRTF_B,14,0.101,2.18,-2.64,9,1
P008,HRTF_B,14,0.115,2.28,-2.63,9,1
P008,HRTF_B,14,0.129,2.37,-2.6,9,1
P008,HRTF_B,14,0.143,2.46,-2.57,9,1
P008,HRTF_B,14,0.157,2.55,-2.54,9,1
P008,HRTF_B,14,0.171,2.63,-2.54,9,1
P008,HRTF_B,14,0.184,2.7,-2.56,9,1
P008,HRTF_B,14,0.198,2.76,-2.6,9,1
P008,HRTF_B,14,0.212,2.81,-2.62,9,1
P008,HRTF_B,14,0.226,2.84,-2.64,9,1
P008,HRTF_B,14,0.24,2.84,-2.64,9,1
P008,HRTF_B,14,0.254,2.84,-2.66,9,1
P008,HRTF_B,14,0.268,2.77,-2.74,9,1
P008,HRTF_B,14,0.282,2.67,-2.85,9,1
P008,HRTF_B,14,0.296,2.56,-2.99,9,1
P008,HRTF_B,14,0.31,2.39,-3.16,9,1
P008,HRTF_B,14,0.323,2.21,-3.39,9,1
P008,HRTF_B,14,0.338,1.97,-3.67,9,1
P008,HRTF_B,14,0.351,1.69,-3.99,9,1
P008,HRTF_B,14,0.365,1.37,-4.33,9,1
P008,HRTF_B,14,0.379,1.01,-4.69,9,1
P008,HRTF_B,14,0.393,0.6,-5.1,9,1
P008,HRTF_B,14,0.407,0.14,-5.56,9,1
P008,HRTF_B,14,0.421,-0.43,-6.03,9,1
P008,HRTF_B,14,0.434,-1.11,-6.54,9,1
P008,HRTF_B,14,0.449,-1.92,-7.04,9,1
P008,HRTF_B,14,0.462,-2.88,-7.53,9,1
P008,HRTF_B,14,0.476,-3.97,-8.02,9,1
P008,HRTF_B,14,0.49,-5.25,-8.48,9,1
P008,HRTF_B,14,0.504,-6.63,-8.9,9,1
P008,HRTF_B,14,0.518,-8.19,-9.29,9,1
P008,HRTF_B,14,0.532,-9.88,-9.63,9,1
P008,HRTF_B,14,0.547,-11.73,-9.94,9,1
P008,HRTF_B,14,0.56,-13.65,-10.17,9,1
P008,HRTF_B,14,0.573,-15.6,-10.34,9,1
P008,HRTF_B,14,0.587,-17.62,-10.46,9,1
P008,HRTF_B,14,0.601,-19.67,-10.53,9,1
P008,HRTF_B,14,0.615,-21.79,-10.57,9,1
P008,HRTF_B,14,0.629,-23.91,-10.6,9,1
P008,HRTF_B,14,0.643,-26.03,-10.6,9,1
P008,HRTF_B,14,0.657,-28.11,-10.6,9,1
P008,HRTF_B,14,0.671,-30.18,-10.6,9,1
P008,HRTF_B,14,0.685,-32.12,-10.64,9,1
P008,HRTF_B,14,0.699,-33.93,-10.72,9,1
P008,HRTF_B,14,0.712,-35.59,-10.81,9,1
P008,HRTF_B,14,0.726,-37.09,-10.95,9,1
P008,HRTF_B,14,0.74,-38.47,-11.12,9,1
P008,HRTF_B,14,0.754,-39.69,-11.34,9,1
P008,HRTF_B,14,0.768,-40.71,-11.59,9,1
P008,HRTF_B,14,0.782,-41.5,-11.89,9,1
P008,HRTF_B,14,0.796,-42.05,-12.17,9,1
P008,HRTF_B,14,0.81,-42.33,-12.41,9,1
P008,HRTF_B,14,0.824,-42.39,-12.62,9,1
P008,HRTF_B,14,0.837,-42.21,-12.79,9,1
P008,HRTF_B,14,0.852,-41.76,-12.95,9,1
P008,HRTF_B,14,0.865,-41.09,-13.09,9,1
P008,HRTF_B,14,0.879,-40.17,-13.24,9,1
P008,HRTF_B,14,0.893,-39.05,-13.37,9,1
P008,HRTF_B,14,0.907,-37.67,-13.49,9,1
P008,HRTF_B,14,0.921,-36.05,-13.56,9,1
P008,HRTF_B,14,0.935,-34.22,-13.63,9,1
P008,HRTF_B,14,0.949,-32.2,-13.69,9,1
P008,HRTF_B,14,0.963,-30.01,-13.75,9,1
P008,HRTF_B,14,0.976,-27.65,-13.82,9,1
P008,HRTF_B,14,0.99,-25.11,-13.87,9,1
P008,HRTF_B,14,1.005,-22.41,-13.9,9,1
P008,HRTF_B,14,1.018,-19.56,-13.92,9,1
P008,HRTF_B,14,1.032,-16.57,-13.9,9,1
P008,HRTF_B,14,1.046,-13.55,-13.86,9,1
P008,HRTF_B,14,1.06,-10.51,-13.78,9,1
P008,HRTF_B,14,1.074,-7.47,-13.7,9,1
P008,HRTF_B,14,1.088,-4.43,-13.61,9,1
P008,HRTF_B,14,1.102,-1.4,-13.53,9,1
P008,HRTF_B,14,1.116,1.45,-13.52,9,1
P008,HRTF_B,14,1.129,4.31,-13.32,9,1
P008,HRTF_B,14,1.143,7.16,-13.26,9,1
P008,HRTF_B,14,1.157,10,-13.13,9,1
P008,HRTF_B,14,1.171,12.74,-13.07,9,1
P008,HRTF_B,14,1.185,15.3,-13.06,9,1
P008,HRTF_B,14,1.199,17.84,-13.03,9,1
P008,HRTF_B,14,1.213,20.3,-12.94,9,1
P008,HRTF_B,14,1.227,22.71,-12.85,9,1
P008,HRTF_B,14,1.241,25.05,-12.75,9,1
P008,HRTF_B,14,1.254,27.36,-12.65,9,1
P008,HRTF_B,14,1.268,29.59,-12.55,9,1
P008,HRTF_B,14,1.282,31.8,-12.47,9,1
P008,HRTF_B,14,1.296,33.94,-12.37,9,1
P008,HRTF_B,14,1.31,35.94,-12.36,9,1
P008,HRTF_B,14,1.324,37.88,-12.36,9,1
P008,HRTF_B,14,1.338,39.81,-12.39,9,1
P008,HRTF_B,14,1.352,41.7,-12.46,9,1
P008,HRTF_B,14,1.365,43.56,-12.53,9,1
P008,HRTF_B,14,1.379,45.37,-12.61,9,1
P008,HRTF_B,14,1.393,47.2,-12.72,9,1
P008,HRTF_B,14,1.407,49.04,-12.84,9,1
P008,HRTF_B,14,1.421,50.91,-12.99,9,1
P008,HRTF_B,14,1.435,52.81,-13.13,9,1
P008,HRTF_B,14,1.449,54.69,-13.33,9,1
P008,HRTF_B,14,1.463,56.53,-13.52,9,1
P008,HRTF_B,14,1.477,58.27,-13.76,9,1
P008,HRTF_B,14,1.49,59.91,-14.03,9,1
P008,HRTF_B,14,1.504,61.48,-14.38,9,1
P008,HRTF_B,14,1.518,63,-14.82,9,1
P008,HRTF_B,14,1.532,64.45,-15.31,9,1
P008,HRTF_B,14,1.546,65.86,-15.82,9,1
P008,HRTF_B,14,1.56,67.17,-16.38,9,1
P008,HRTF_B,14,1.574,68.38,-16.95,9,1
P008,HRTF_B,14,1.588,69.5,-17.53,9,1
P008,HRTF_B,14,1.602,70.57,-18.1,9,1
P008,HRTF_B,14,1.616,71.55,-18.62,9,1
P008,HRTF_B,14,1.629,72.48,-19.05,9,1
P008,HRTF_B,14,1.643,73.35,-19.45,9,1
P008,HRTF_B,14,1.657,74.2,-19.76,9,1
P008,HRTF_B,14,1.671,74.95,-19.99,9,1
P008,HRTF_B,14,1.685,75.69,-20.18,9,1
P008,HRTF_B,14,1.699,76.39,-20.29,9,1
P008,HRTF_B,14,1.713,77.03,-20.32,9,1
P008,HRTF_B,14,1.727,77.66,-20.29,9,1
P008,HRTF_B,14,1.74,78.22,-20.2,9,1
P008,HRTF_B,14,1.754,78.76,-20.03,9,1
P008,HRTF_B,14,1.768,79.28,-19.78,9,1
P008,HRTF_B,14,1.783,79.8,-19.47,9,1
P008,HRTF_B,14,1.796,80.34,-19.14,9,1
P008,HRTF_B,14,1.81,80.86,-18.77,9,1
P008,HRTF_B,14,1.824,81.43,-18.37,9,1
P008,HRTF_B,14,1.838,81.99,-17.95,9,1
P008,HRTF_B,14,1.852,82.55,-17.5,9,1
P008,HRTF_B,14,1.866,83.14,-17.06,9,1
P008,HRTF_B,14,1.879,83.72,-16.66,9,1
P008,HRTF_B,14,1.893,84.3,-16.26,9,1
P008,HRTF_B,14,1.907,84.86,-15.9,9,1
P008,HRTF_B,14,1.921,85.43,-15.59,9,1
P008,HRTF_B,14,1.935,85.98,-15.29,9,1
P008,HRTF_B,14,1.949,86.52,-15,9,1
P008,HRTF_B,14,1.963,87.04,-14.73,9,1
P008,HRTF_B,14,1.977,87.55,-14.5,9,1
P008,HRTF_B,14,1.991,88.03,-14.28,9,1
P008,HRTF_B,14,2.005,88.48,-14.1,9,1
P008,HRTF_B,14,2.018,88.86,-13.94,9,1
P008,HRTF_B,14,2.032,89.21,-13.8,9,1
P008,HRTF_B,14,2.046,89.48,-13.68,9,1
P008,HRTF_B,14,2.06,89.71,-13.59,9,1
P008,HRTF_B,14,2.074,89.89,-13.54,9,1
P008,HRTF_B,14,2.088,89.96,-13.52,9,1
P008,HRTF_B,15,0.011,-4.09,-3.23,28,1
P008,HRTF_B,15,0.032,-4.17,-3.17,28,1
P008,HRTF_B,15,0.045,-4.25,-3.13,28,1
P008,HRTF_B,15,0.059,-4.31,-3.1,28,1
P008,HRTF_B,15,0.073,-4.38,-3.09,28,1
P008,HRTF_B,15,0.087,-4.42,-3.08,28,1
P008,HRTF_B,15,0.101,-4.44,-3.06,28,1
P008,HRTF_B,15,0.114,-4.43,-3.06,28,1
P008,HRTF_B,15,0.128,-4.4,-3.07,28,1
P008,HRTF_B,15,0.142,-4.35,-3.08,28,1
P008,HRTF_B,15,0.157,-4.3,-3.08,28,1
P008,HRTF_B,15,0.17,-4.24,-3.09,28,1
P008,HRTF_B,15,0.184,-4.14,-3.1,28,1
P008,HRTF_B,15,0.198,-4.02,-3.12,28,1
P008,HRTF_B,15,0.212,-3.88,-3.13,28,1
P008,HRTF_B,15,0.226,-3.71,-3.13,28,1
P008,HRTF_B,15,0.24,-3.53,-3.13,28,1
P008,HRTF_B,15,0.254,-3.34,-3.14,28,1
P008,HRTF_B,15,0.267,-3.14,-3.21,28,1
P008,HRTF_B,15,0.282,-2.93,-3.32,28,1
P008,HRTF_B,15,0.295,-2.73,-3.48,28,1
P008,HRTF_B,15,0.309,-2.53,-3.67,28,1
P008,HRTF_B,15,0.323,-2.34,-3.86,28,1
P008,HRTF_B,15,0.337,-2.17,-4.07,28,1
P008,HRTF_B,15,0.351,-2.01,-4.29,28,1
P008,HRTF_B,15,0.365,-1.91,-4.52,28,1
P008,HRTF_B,15,0.379,-1.87,-4.75,28,1
P008,HRTF_B,15,0.393,-1.92,-4.99,28,1
P008,HRTF_B,15,0.406,-2.12,-5.2,28,1
P008,HRTF_B,15,0.42,-2.45,-5.37,28,1
P008,HRTF_B,15,0.434,-2.92,-5.55,28,1
P008,HRTF_B,15,0.449,-3.58,-5.62,28,1
P008,HRTF_B,15,0.462,-4.42,-5.67,28,1
P008,HRTF_B,15,0.476,-5.4,-5.65,28,1
P008,HRTF_B,15,0.49,-6.64,-5.55,28,1
P008,HRTF_B,15,0.504,-8.04,-5.41,28,1
P008,HRTF_B,15,0.517,-9.66,-5.21,28,1
P008,HRTF_B,15,0.531,-11.46,-4.94,28,1
P008,HRTF_B,15,0.545,-13.47,-4.61,28,1
P008,HRTF_B,15,0.559,-15.61,-4.21,28,1
P008,HRTF_B,15,0.573,-17.84,-3.78,28,1
P008,HRTF_B,15,0.587,-20.11,-3.33,28,1
P008,HRTF_B,15,0.601,-22.42,-2.84,28,1
P008,HRTF_B,15,0.615,-24.74,-2.38,28,1
P008,HRTF_B,15,0.628,-27.02,-1.88,28,1
P008,HRTF_B,15,0.643,-29.29,-1.34,28,1
P008,HRTF_B,15,0.656,-31.5,-0.81,28,1
P008,HRTF_B,15,0.671,-33.68,-0.26,28,1
P008,HRTF_B,15,0.685,-35.75,0.33,28,1
P008,HRTF_B,15,0.698,-37.7,0.9,28,1
P008,HRTF_B,15,0.712,-39.58,1.45,28,1
P008,HRTF_B,15,0.726,-41.34,1.99,28,1
P008,HRTF_B,15,0.74,-43,2.52,28,1
P008,HRTF_B,15,0.753,-44.51,3.05,28,1
P008,HRTF_B,15,0.768,-45.93,3.55,28,1
P008,HRTF_B,15,0.781,-47.22,4.08,28,1
P008,HRTF_B,15,0.795,-48.37,4.61,28,1
P008,HRTF_B,15,0.809,-49.42,5.17,28,1
P008,HRTF_B,15,0.823,-50.33,5.75,28,1
P008,HRTF_B,15,0.837,-51.14,6.31,28,1
P008,HRTF_B,15,0.851,-51.82,6.88,28,1
P008,HRTF_B,15,0.865,-52.4,7.38,28,1
P008,HRTF_B,15,0.879,-52.85,7.88,28,1
P008,HRTF_B,15,0.893,-53.23,8.36,28,1
P008,HRTF_B,15,0.906,-53.52,8.86,28,1
P008,HRTF_B,15,0.92,-53.77,9.33,28,1
P008,HRTF_B,15,0.934,-53.95,9.78,28,1
P008,HRTF_B,15,0.948,-54.1,10.21,28,1
P008,HRTF_B,15,0.962,-54.22,10.59,28,1
P008,HRTF_B,15,0.976,-54.33,10.93,28,1
P008,HRTF_B,15,0.99,-54.43,11.19,28,1
P008,HRTF_B,15,1.004,-54.54,11.44,28,1
P008,HRTF_B,15,1.018,-54.67,11.67,28,1
P008,HRTF_B,16,0.012,4.77,1.2,15,1
P008,HRTF_B,16,0.029,5.1,1.13,15,1
P008,HRTF_B,16,0.042,5.44,1.05,15,1
P008,HRTF_B,16,0.057,5.77,1,15,1
P008,HRTF_B,16,0.07,6.09,0.94,15,1
P008,HRTF_B,16,0.084,6.41,0.88,15,1
P008,HRTF_B,16,0.098,6.7,0.8,15,1
P008,HRTF_B,16,0.113,6.97,0.71,15,1
P008,HRTF_B,16,0.129,7.23,0.63,15,1
P008,HRTF_B,16,0.14,7.48,0.54,15,1
P008,HRTF_B,16,0.154,7.69,0.42,15,1
P008,HRTF_B,16,0.167,7.89,0.29,15,1
P008,HRTF_B,16,0.181,8.09,0.15,15,1
P008,HRTF_B,16,0.195,8.28,0.01,15,1
P008,HRTF_B,16,0.209,8.46,-0.15,15,1
P008,HRTF_B,16,0.223,8.6,-0.29,15,1
P008,HRTF_B,16,0.237,8.73,-0.41,15,1
P008,HRTF_B,16,0.251,8.86,-0.5,15,1
P008,HRTF_B,16,0.264,8.98,-0.59,15,1
P008,HRTF_B,16,0.278,9.1,-0.69,15,1
P008,HRTF_B,16,0.293,9.27,-0.78,15,1
P008,HRTF_B,16,0.306,9.49,-0.87,15,1
P008,HRTF_B,16,0.32,9.76,-0.97,15,1
P008,HRTF_B,16,0.334,10.1,-1.06,15,1
P008,HRTF_B,16,0.349,10.52,-1.18,15,1
P008,HRTF_B,16,0.359,10.99,-1.29,15,1
P008,HRTF_B,16,0.376,11.62,-1.42,15,1
P008,HRTF_B,16,0.389,12.35,-1.58,15,1
P008,HRTF_B,16,0.404,13.24,-1.74,15,1
P008,HRTF_B,16,0.417,14.2,-1.9,15,1
P008,HRTF_B,16,0.431,15.26,-2.04,15,1
P008,HRTF_B,16,0.445,16.35,-2.16,15,1
P008,HRTF_B,16,0.46,17.53,-2.25,15,1
P008,HRTF_B,16,0.473,18.75,-2.35,15,1
P008,HRTF_B,16,0.487,20.05,-2.48,15,1
P008,HRTF_B,16,0.501,21.41,-2.66,15,1
P008,HRTF_B,16,0.515,22.79,-2.85,15,1
P008,HRTF_B,16,0.529,24.22,-3.1,15,1
P008,HRTF_B,16,0.542,25.72,-3.36,15,1
P008,HRTF_B,16,0.557,27.26,-3.66,15,1
P008,HRTF_B,16,0.571,28.9,-3.99,15,1
P008,HRTF_B,16,0.584,30.57,-4.37,15,1
P008,HRTF_B,16,0.598,32.31,-4.81,15,1
P008,HRTF_B,16,0.612,34.07,-5.36,15,1
P008,HRTF_B,16,0.626,35.86,-5.95,15,1
P008,HRTF_B,16,0.64,37.68,-6.61,15,1
P008,HRTF_B,16,0.654,39.44,-7.35,15,1
P008,HRTF_B,16,0.667,41.1,-8.2,15,1
P008,HRTF_B,16,0.681,42.68,-9.1,15,1
P008,HRTF_B,16,0.696,44.22,-10.03,15,1
P008,HRTF_B,16,0.709,45.67,-10.97,15,1
P008,HRTF_B,16,0.723,47,-11.88,15,1
P008,HRTF_B,16,0.737,48.2,-12.76,15,1
P008,HRTF_B,16,0.751,49.21,-13.56,15,1
P008,HRTF_B,16,0.765,50.12,-14.33,15,1
P008,HRTF_B,16,0.779,50.93,-15.05,15,1
P008,HRTF_B,16,0.793,51.69,-15.73,15,1
P008,HRTF_B,16,0.807,52.48,-16.31,15,1
P008,HRTF_B,16,0.821,53.26,-16.86,15,1
P008,HRTF_B,16,0.834,54.04,-17.37,15,1
P008,HRTF_B,16,0.848,54.86,-17.89,15,1
P008,HRTF_B,16,0.862,55.71,-18.44,15,1
P008,HRTF_B,16,0.876,56.56,-18.96,15,1
P008,HRTF_B,16,0.89,57.43,-19.48,15,1
P008,HRTF_B,16,0.904,58.32,-20.02,15,1
P008,HRTF_B,16,0.918,59.24,-20.63,15,1
P008,HRTF_B,16,0.931,60.17,-21.25,15,1
P008,HRTF_B,16,0.946,61.13,-21.81,15,1
P008,HRTF_B,16,0.959,62.06,-22.35,15,1
P008,HRTF_B,16,0.973,63.02,-22.85,15,1
P008,HRTF_B,16,0.987,63.99,-23.35,15,1
P008,HRTF_B,16,1.001,65,-23.81,15,1
P008,HRTF_B,16,1.015,66.01,-24.25,15,1
P008,HRTF_B,16,1.029,67.03,-24.64,15,1
P008,HRTF_B,16,1.042,68.02,-24.96,15,1
P008,HRTF_B,16,1.057,69.02,-25.27,15,1
P008,HRTF_B,16,1.071,70.03,-25.53,15,1
P008,HRTF_B,16,1.085,71.04,-25.74,15,1
P008,HRTF_B,16,1.098,72.05,-25.9,15,1
P008,HRTF_B,16,1.112,73.09,-26.03,15,1
P008,HRTF_B,16,1.126,74.13,-26.14,15,1
P008,HRTF_B,16,1.14,75.2,-26.21,15,1
P008,HRTF_B,16,1.154,76.3,-26.26,15,1
P008,HRTF_B,16,1.168,77.4,-26.25,15,1
P008,HRTF_B,16,1.181,78.49,-26.18,15,1
P008,HRTF_B,16,1.196,79.54,-26.11,15,1
P008,HRTF_B,16,1.209,80.58,-26.01,15,1
P008,HRTF_B,16,1.223,81.6,-25.9,15,1
P008,HRTF_B,16,1.237,82.62,-25.76,15,1
P008,HRTF_B,16,1.251,83.61,-25.63,15,1
P008,HRTF_B,16,1.265,84.56,-25.46,15,1
P008,HRTF_B,16,1.279,85.5,-25.31,15,1
P008,HRTF_B,16,1.293,86.42,-25.17,15,1
P008,HRTF_B,16,1.307,87.36,-24.98,15,1
P008,HRTF_B,16,1.321,88.31,-24.79,15,1
P008,HRTF_B,16,1.335,89.28,-24.62,15,1
P008,HRTF_B,16,1.348,90.3,-24.48,15,1
P008,HRTF_B,16,1.362,91.38,-24.34,15,1
P008,HRTF_B,16,1.376,92.54,-24.16,15,1
P008,HRTF_B,16,1.39,93.77,-23.99,15,1
P008,HRTF_B,16,1.404,95.08,-23.85,15,1
P008,HRTF_B,16,1.418,96.41,-23.72,15,1
P008,HRTF_B,16,1.432,97.81,-23.59,15,1
P008,HRTF_B,16,1.445,99.23,-23.44,15,1
P008,HRTF_B,16,1.459,100.6,-23.25,15,1
P008,HRTF_B,16,1.473,101.96,-23.07,15,1
P008,HRTF_B,16,1.487,103.3,-22.85,15,1
P008,HRTF_B,16,1.501,104.67,-22.68,15,1
P008,HRTF_B,16,1.515,106.07,-22.54,15,1
P008,HRTF_B,16,1.529,107.45,-22.43,15,1
P008,HRTF_B,16,1.543,108.81,-22.34,15,1
P008,HRTF_B,16,1.557,110.2,-22.31,15,1
P008,HRTF_B,16,1.571,111.48,-22.32,15,1
P008,HRTF_B,16,1.585,112.64,-22.34,15,1
P008,HRTF_B,16,1.598,113.6,-22.38,15,1
P008,HRTF_B,16,1.612,114.35,-22.38,15,1
P008,HRTF_B,16,1.626,114.91,-22.39,15,1
P008,HRTF_B,16,1.64,115.33,-22.4,15,1
P008,HRTF_B,16,1.654,115.6,-22.4,15,1
P008,HRTF_B,16,1.668,115.75,-22.42,15,1
P008,HRTF_B,16,1.682,115.77,-22.46,15,1
P008,HRTF_B,16,1.696,115.73,-22.52,15,1
P008,HRTF_B,16,1.71,115.66,-22.68,15,1
P008,HRTF_B,16,1.723,115.61,-22.95,15,1
P008,HRTF_B,16,1.737,115.59,-23.32,15,1
P008,HRTF_B,16,1.751,115.65,-23.84,15,1
P008,HRTF_B,16,1.765,115.85,-24.53,15,1
P008,HRTF_B,16,1.779,116.06,-25.28,15,1
P008,HRTF_B,16,1.793,116.26,-26.2,15,1
P008,HRTF_B,16,1.806,116.53,-27.15,15,1
P008,HRTF_B,16,1.821,116.81,-28.2,15,1
P008,HRTF_B,16,1.835,117.04,-29.22,15,1
P008,HRTF_B,16,1.848,117.08,-30.2,15,1
P008,HRTF_B,16,1.862,117,-31.16,15,1
P008,HRTF_B,16,1.876,116.69,-32.04,15,1
P008,HRTF_B,16,1.89,116.13,-32.91,15,1
P008,HRTF_B,16,1.904,115.41,-33.81,15,1
P008,HRTF_B,16,1.918,114.58,-34.61,15,1
P008,HRTF_B,16,1.932,113.57,-35.36,15,1
P008,HRTF_B,16,1.946,112.37,-36.03,15,1
P008,HRTF_B,16,1.959,111.02,-36.6,15,1
P008,HRTF_B,16,1.974,109.62,-37.12,15,1
P008,HRTF_B,16,1.987,108.23,-37.65,15,1
P008,HRTF_B,16,2.001,106.82,-38.16,15,1
P008,HRTF_B,16,2.015,105.42,-38.64,15,1
P008,HRTF_B,16,2.029,104,-39.12,15,1
P008,HRTF_B,16,2.043,102.59,-39.61,15,1
P008,HRTF_B,16,2.057,101.13,-40.06,15,1
P008,HRTF_B,16,2.071,99.59,-40.43,15,1
P008,HRTF_B,16,2.085,98.02,-40.77,15,1
P008,HRTF_B,16,2.098,96.35,-41.03,15,1
P008,HRTF_B,16,2.113,94.56,-41.31,15,1
P008,HRTF_B,16,2.126,92.65,-41.46,15,1
P008,HRTF_B,16,2.14,90.6,-41.57,15,1
P008,HRTF_B,16,2.154,88.41,-41.56,15,1
P008,HRTF_B,16,2.168,86.09,-41.49,15,1
P008,HRTF_B,16,2.182,83.61,-41.36,15,1
P008,HRTF_B,16,2.196,81.01,-41.19,15,1
P008,HRTF_B,16,2.209,78.43,-40.85,15,1
P008,HRTF_B,16,2.223,75.81,-40.46,15,1
P008,HRTF_B,16,2.238,73.09,-39.95,15,1
P008,HRTF_B,16,2.251,70.33,-39.35,15,1
P008,HRTF_B,16,2.265,67.64,-38.63,15,1
P008,HRTF_B,16,2.279,64.74,-37.87,15,1
P008,HRTF_B,16,2.293,62.04,-36.98,15,1
P008,HRTF_B,16,2.307,59.27,-36.01,15,1
P008,HRTF_B,16,2.32,56.56,-35,15,1
P008,HRTF_B,16,2.334,53.9,-33.86,15,1
P008,HRTF_B,16,2.348,51.23,-32.67,15,1
P008,HRTF_B,16,2.362,48.66,-31.39,15,1
P008,HRTF_B,16,2.376,46.13,-30.05,15,1
P008,HRTF_B,17,0.014,-2.13,-0.25,12,1
P008,HRTF_B,17,0.028,-1.96,-0.2,12,1
P008,HRTF_B,17,0.052,-1.83,-0.17,12,1
P008,HRTF_B,17,0.066,-1.69,-0.11,12,1
P008,HRTF_B,17,0.079,-1.56,-0.03,12,1
P008,HRTF_B,17,0.094,-1.44,0.06,12,1
P008,HRTF_B,17,0.107,-1.34,0.12,12,1
P008,HRTF_B,17,0.121,-1.24,0.14,12,1
P008,HRTF_B,17,0.135,-1.14,0.13,12,1
P008,HRTF_B,17,0.149,-1.04,0.12,12,1
P008,HRTF_B,17,0.163,-0.93,0.13,12,1
P008,HRTF_B,17,0.177,-0.82,0.13,12,1
P008,HRTF_B,17,0.191,-0.71,0.11,12,1
P008,HRTF_B,17,0.205,-0.6,0.05,12,1
P008,HRTF_B,17,0.218,-0.51,-0.02,12,1
P008,HRTF_B,17,0.232,-0.42,-0.1,12,1
P008,HRTF_B,17,0.247,-0.33,-0.2,12,1
P008,HRTF_B,17,0.261,-0.26,-0.3,12,1
P008,HRTF_B,17,0.274,-0.19,-0.42,12,1
P008,HRTF_B,17,0.288,-0.15,-0.56,12,1
P008,HRTF_B,17,0.302,-0.15,-0.71,12,1
P008,HRTF_B,17,0.316,-0.2,-0.89,12,1
P008,HRTF_B,17,0.329,-0.32,-1.09,12,1
P008,HRTF_B,17,0.343,-0.51,-1.32,12,1
P008,HRTF_B,17,0.358,-0.77,-1.56,12,1
P008,HRTF_B,17,0.371,-1.12,-1.86,12,1
P008,HRTF_B,17,0.385,-1.66,-2.17,12,1
P008,HRTF_B,17,0.399,-2.42,-2.53,12,1
P008,HRTF_B,17,0.413,-3.37,-2.84,12,1
P008,HRTF_B,17,0.427,-4.57,-3.1,12,1
P008,HRTF_B,17,0.441,-5.93,-3.25,12,1
P008,HRTF_B,17,0.454,-7.48,-3.31,12,1
P008,HRTF_B,17,0.468,-9.17,-3.25,12,1
P008,HRTF_B,17,0.482,-11.05,-3.11,12,1
P008,HRTF_B,17,0.496,-13,-2.81,12,1
P008,HRTF_B,17,0.51,-15.07,-2.42,12,1
P008,HRTF_B,17,0.524,-17.12,-1.94,12,1
P008,HRTF_B,17,0.538,-19.13,-1.37,12,1
P008,HRTF_B,17,0.552,-21.08,-0.75,12,1
P008,HRTF_B,17,0.565,-22.95,-0.09,12,1
P008,HRTF_B,17,0.58,-24.75,0.58,12,1
P008,HRTF_B,17,0.593,-26.42,1.26,12,1
P008,HRTF_B,17,0.607,-28,1.92,12,1
P008,HRTF_B,17,0.621,-29.49,2.59,12,1
P008,HRTF_B,17,0.636,-30.87,3.26,12,1
P008,HRTF_B,17,0.649,-32.15,3.92,12,1
P008,HRTF_B,17,0.663,-33.34,4.58,12,1
P008,HRTF_B,17,0.679,-34.42,5.21,12,1
P008,HRTF_B,17,0.691,-35.43,5.8,12,1
P008,HRTF_B,17,0.705,-36.38,6.37,12,1
P008,HRTF_B,17,0.719,-37.27,6.95,12,1
P008,HRTF_B,17,0.732,-38.06,7.57,12,1
P008,HRTF_B,17,0.747,-38.76,8.17,12,1
P008,HRTF_B,17,0.761,-39.42,8.73,12,1
P008,HRTF_B,17,0.774,-40.1,9.24,12,1
P008,HRTF_B,17,0.788,-40.81,9.71,12,1
P008,HRTF_B,17,0.802,-41.47,10.13,12,1
P008,HRTF_B,17,0.816,-42.11,10.57,12,1
P008,HRTF_B,17,0.83,-42.71,11,12,1
P008,HRTF_B,17,0.844,-43.29,11.44,12,1
P008,HRTF_B,17,0.858,-43.83,11.92,12,1
P008,HRTF_B,17,0.872,-44.32,12.42,12,1
P008,HRTF_B,17,0.885,-44.77,12.93,12,1
P008,HRTF_B,17,0.9,-45.12,13.42,12,1
P008,HRTF_B,17,0.913,-45.39,13.87,12,1
P008,HRTF_B,17,0.927,-45.53,14.28,12,1
P008,HRTF_B,17,0.941,-45.53,14.63,12,1
P008,HRTF_B,17,0.955,-45.36,14.87,12,1
P008,HRTF_B,17,0.968,-45.04,15.02,12,1
P008,HRTF_B,17,0.983,-44.51,15.03,12,1
P008,HRTF_B,17,0.996,-43.75,14.91,12,1
P008,HRTF_B,17,1.01,-42.8,14.69,12,1
P008,HRTF_B,17,1.024,-41.73,14.42,12,1
P008,HRTF_B,17,1.038,-40.36,14.12,12,1
P008,HRTF_B,17,1.052,-38.77,13.78,12,1
P008,HRTF_B,17,1.066,-36.88,13.32,12,1
P008,HRTF_B,17,1.08,-34.77,12.81,12,1
P008,HRTF_B,17,1.094,-32.4,12.18,12,1
P008,HRTF_B,17,1.108,-29.89,11.49,12,1
P008,HRTF_B,17,1.121,-27.21,10.69,12,1
P008,HRTF_B,17,1.135,-24.37,9.83,12,1
P008,HRTF_B,17,1.149,-21.45,8.84,12,1
P008,HRTF_B,17,1.163,-18.51,7.79,12,1
P008,HRTF_B,17,1.177,-15.59,6.67,12,1
P008,HRTF_B,17,1.191,-12.74,5.55,12,1
P008,HRTF_B,17,1.205,-10.06,4.5,12,1
P008,HRTF_B,17,1.218,-7.45,3.53,12,1
P008,HRTF_B,17,1.233,-4.9,2.54,12,1
P008,HRTF_B,17,1.246,-2.47,1.47,12,1
P008,HRTF_B,17,1.26,-0.07,0.27,12,1
P008,HRTF_B,17,1.274,2.18,-1.01,12,1
P008,HRTF_B,17,1.288,4.28,-2.2,12,1
P008,HRTF_B,17,1.302,6.27,-3.39,12,1
P008,HRTF_B,17,1.316,8.1,-4.51,12,1
P008,HRTF_B,17,1.33,9.83,-5.55,12,1
P008,HRTF_B,17,1.344,11.45,-6.51,12,1
P008,HRTF_B,17,1.358,13.02,-7.35,12,1
P008,HRTF_B,17,1.372,14.56,-8.12,12,1
P008,HRTF_B,17,1.385,16.08,-8.81,12,1
P008,HRTF_B,17,1.399,17.61,-9.45,12,1
P008,HRTF_B,17,1.413,19.16,-10.11,12,1
P008,HRTF_B,17,1.427,20.68,-10.76,12,1
P008,HRTF_B,17,1.441,22.22,-11.42,12,1
P008,HRTF_B,17,1.455,23.81,-12.08,12,1
P008,HRTF_B,17,1.469,25.47,-12.77,12,1
P008,HRTF_B,17,1.483,27.17,-13.43,12,1
P008,HRTF_B,17,1.497,28.92,-14.11,12,1
P008,HRTF_B,17,1.511,30.68,-14.79,12,1
P008,HRTF_B,17,1.525,32.5,-15.45,12,1
P008,HRTF_B,17,1.538,34.34,-16.09,12,1
P008,HRTF_B,17,1.552,36.21,-16.68,12,1
P008,HRTF_B,17,1.566,38.06,-17.23,12,1
P008,HRTF_B,17,1.58,39.86,-17.75,12,1
P008,HRTF_B,17,1.594,41.66,-18.24,12,1
P008,HRTF_B,17,1.607,43.46,-18.73,12,1
P008,HRTF_B,17,1.622,45.23,-19.16,12,1
P008,HRTF_B,17,1.636,46.99,-19.59,12,1
P008,HRTF_B,17,1.649,48.67,-20.05,12,1
P008,HRTF_B,17,1.663,50.32,-20.55,12,1
P008,HRTF_B,17,1.678,51.94,-21.11,12,1
P008,HRTF_B,17,1.691,53.55,-21.72,12,1
P008,HRTF_B,17,1.705,55.12,-22.35,12,1
P008,HRTF_B,17,1.719,56.64,-23.03,12,1
P008,HRTF_B,17,1.733,58.1,-23.71,12,1
P008,HRTF_B,17,1.747,59.55,-24.38,12,1
P008,HRTF_B,17,1.76,60.98,-25.03,12,1
P008,HRTF_B,17,1.775,62.32,-25.66,12,1
P008,HRTF_B,17,1.788,63.65,-26.27,12,1
P008,HRTF_B,17,1.802,64.94,-26.89,12,1
P008,HRTF_B,17,1.816,66.2,-27.51,12,1
P008,HRTF_B,17,1.83,67.42,-28.09,12,1
P008,HRTF_B,17,1.844,68.64,-28.68,12,1
P008,HRTF_B,17,1.858,69.83,-29.23,12,1
P008,HRTF_B,17,1.872,70.96,-29.75,12,1
P008,HRTF_B,17,1.886,72.04,-30.22,12,1
P008,HRTF_B,17,1.9,73.01,-30.65,12,1
P008,HRTF_B,17,1.914,73.89,-30.99,12,1
P008,HRTF_B,17,1.927,74.67,-31.24,12,1
P008,HRTF_B,17,1.941,75.34,-31.4,12,1
P008,HRTF_B,17,1.955,75.94,-31.48,12,1
P008,HRTF_B,17,1.969,76.46,-31.52,12,1
P008,HRTF_B,17,1.983,76.94,-31.48,12,1
P008,HRTF_B,17,1.997,77.38,-31.33,12,1
P008,HRTF_B,17,2.011,77.87,-31.17,12,1
P008,HRTF_B,17,2.025,78.41,-30.96,12,1
P008,HRTF_B,17,2.039,79.01,-30.72,12,1
P008,HRTF_B,17,2.052,79.67,-30.47,12,1
P008,HRTF_B,17,2.066,80.47,-30.18,12,1
P008,HRTF_B,17,2.08,81.39,-29.99,12,1
P008,HRTF_B,17,2.094,82.57,-29.89,12,1
P008,HRTF_B,17,2.108,83.87,-29.86,12,1
P008,HRTF_B,17,2.122,85.33,-29.89,12,1
P008,HRTF_B,17,2.136,86.89,-29.98,12,1
P008,HRTF_B,17,2.15,88.55,-30.1,12,1
P008,HRTF_B,17,2.163,90.27,-30.27,12,1
P008,HRTF_B,17,2.177,92.03,-30.36,12,1
P008,HRTF_B,17,2.191,93.8,-30.47,12,1
P008,HRTF_B,17,2.205,95.55,-30.48,12,1
P008,HRTF_B,17,2.219,97.2,-30.47,12,1
P008,HRTF_B,17,2.233,98.72,-30.41,12,1
P008,HRTF_B,17,2.247,100.11,-30.36,12,1
P008,HRTF_B,17,2.26,101.35,-30.19,12,1
P008,HRTF_B,17,2.274,102.44,-29.95,12,1
P008,HRTF_B,17,2.288,103.43,-29.77,12,1
P008,HRTF_B,17,2.302,104.32,-29.63,12,1
P008,HRTF_B,17,2.316,105.1,-29.54,12,1
P008,HRTF_B,17,2.33,105.86,-29.44,12,1
P008,HRTF_B,17,2.344,106.58,-29.42,12,1
P008,HRTF_B,17,2.358,107.19,-29.41,12,1
P008,HRTF_B,17,2.372,107.7,-29.43,12,1
P008,HRTF_B,17,2.386,108.07,-29.48,12,1
P008,HRTF_B,17,2.4,108.35,-29.5,12,1
P008,HRTF_B,17,2.413,108.52,-29.6,12,1
P008,HRTF_B,17,2.427,108.5,-29.7,12,1
P008,HRTF_B,17,2.441,108.29,-29.79,12,1
P008,HRTF_B,17,2.455,107.92,-29.87,12,1
P008,HRTF_B,17,2.469,107.42,-30,12,1
P008,HRTF_B,17,2.483,106.77,-30.11,12,1
P008,HRTF_B,17,2.497,105.94,-30.17,12,1
P008,HRTF_B,17,2.511,104.97,-30.23,12,1
P008,HRTF_B,17,2.525,103.85,-30.2,12,1
P008,HRTF_B,17,2.539,102.59,-30.2,12,1
P008,HRTF_B,17,2.552,101.14,-30.16,12,1
P008,HRTF_B,17,2.566,99.55,-30.21,12,1
P008,HRTF_B,17,2.58,97.74,-30.11,12,1
P008,HRTF_B,17,2.594,95.66,-29.82,12,1
P008,HRTF_B,17,2.608,93.37,-29.52,12,1
P008,HRTF_B,17,2.622,90.96,-29.14,12,1
P008,HRTF_B,17,2.636,88.46,-28.65,12,1
P008,HRTF_B,17,2.65,85.67,-27.97,12,1
P008,HRTF_B,17,2.663,82.86,-27.22,12,1
P008,HRTF_B,17,2.677,79.95,-26.27,12,1
P008,HRTF_B,17,2.691,77.09,-25.16,12,1
P008,HRTF_B,17,2.705,74.25,-23.98,12,1
P008,HRTF_B,17,2.719,71.44,-22.69,12,1
P008,HRTF_B,17,2.733,68.66,-21.38,12,1
P008,HRTF_B,17,2.747,65.93,-20.05,12,1
P008,HRTF_B,17,2.761,63.26,-18.67,12,1
P008,HRTF_B,17,2.775,60.66,-17.2,12,1
P008,HRTF_B,17,2.788,58.17,-15.72,12,1
P008,HRTF_B,17,2.802,55.75,-14.24,12,1
P008,HRTF_B,17,2.816,53.33,-12.79,12,1
P008,HRTF_B,17,2.83,50.95,-11.39,12,1
P008,HRTF_B,17,2.844,48.56,-10,12,1
P008,HRTF_B,17,2.858,46.19,-8.65,12,1
P008,HRTF_B,17,2.872,43.87,-7.39,12,1
P008,HRTF_B,17,2.886,41.61,-6.28,12,1
P008,HRTF_B,17,2.899,39.47,-5.32,12,1
P008,HRTF_B,17,2.913,37.49,-4.51,12,1
P008,HRTF_B,17,2.927,35.68,-3.78,12,1
P008,HRTF_B,17,2.941,34.02,-3.08,12,1
P008,HRTF_B,17,2.955,32.54,-2.4,12,1
P008,HRTF_B,17,2.969,31.2,-1.79,12,1
P008,HRTF_B,17,2.983,30.01,-1.25,12,1
P008,HRTF_B,17,2.997,29,-0.76,12,1
P008,HRTF_B,17,3.011,28.1,-0.39,12,1
P008,HRTF_B,17,3.025,27.26,-0.07,12,1
P008,HRTF_B,17,3.038,26.44,0.19,12,1
P008,HRTF_B,17,3.052,25.66,0.48,12,1
P008,HRTF_B,17,3.066,24.94,0.75,12,1
P008,HRTF_B,17,3.08,24.26,0.99,12,1
P008,HRTF_B,17,3.094,23.64,1.23,12,1
P008,HRTF_B,17,3.108,23.03,1.41,12,1
P008,HRTF_B,17,3.122,22.43,1.57,12,1
P008,HRTF_B,17,3.136,21.8,1.68,12,1
P008,HRTF_B,17,3.149,21.2,1.79,12,1
P008,HRTF_B,17,3.164,20.58,1.88,12,1
P008,HRTF_B,17,3.177,19.87,1.92,12,1
P008,HRTF_B,17,3.191,19.06,1.93,12,1
P008,HRTF_B,17,3.205,18.2,1.87,12,1
P008,HRTF_B,17,3.219,17.27,1.8,12,1
P008,HRTF_B,17,3.233,16.35,1.7,12,1
P008,HRTF_B,17,3.247,15.44,1.58,12,1
P008,HRTF_B,17,3.261,14.53,1.45,12,1
P008,HRTF_B,17,3.274,13.69,1.32,12,1
P008,HRTF_B,17,3.288,12.87,1.17,12,1
P008,HRTF_B,17,3.302,12.1,0.98,12,1
P008,HRTF_B,17,3.316,11.38,0.74,12,1
P008,HRTF_B,17,3.33,10.65,0.51,12,1
P008,HRTF_B,17,3.344,9.93,0.27,12,1
P008,HRTF_B,17,3.358,9.21,0.06,12,1
P008,HRTF_B,17,3.372,8.53,-0.12,12,1
P008,HRTF_B,17,3.385,7.85,-0.33,12,1
P008,HRTF_B,17,3.4,7.19,-0.5,12,1
P008,HRTF_B,17,3.414,6.55,-0.68,12,1
P008,HRTF_B,17,3.427,5.95,-0.85,12,1
P008,HRTF_B,17,3.441,5.38,-0.96,12,1
P008,HRTF_B,17,3.455,4.84,-1.05,12,1
P008,HRTF_B,17,3.469,4.31,-1.14,12,1
P008,HRTF_B,17,3.483,3.79,-1.28,12,1
P008,HRTF_B,17,3.497,3.24,-1.44,12,1
P008,HRTF_B,17,3.511,2.68,-1.62,12,1
P008,HRTF_B,17,3.525,2.07,-1.8,12,1
P008,HRTF_B,17,3.539,1.42,-1.97,12,1
P008,HRTF_B,17,3.552,0.7,-2.18,12,1
P008,HRTF_B,17,3.566,-0.05,-2.41,12,1
P008,HRTF_B,17,3.58,-0.87,-2.69,12,1
P008,HRTF_B,17,3.594,-1.76,-3.02,12,1
P008,HRTF_B,17,3.608,-2.74,-3.34,12,1
P008,HRTF_B,17,3.622,-3.8,-3.69,12,1
P008,HRTF_B,17,3.636,-4.98,-4.12,12,1
P008,HRTF_B,17,3.649,-6.3,-4.56,12,1
P008,HRTF_B,17,3.664,-7.75,-5.03,12,1
P008,HRTF_B,17,3.677,-9.28,-5.48,12,1
P008,HRTF_B,17,3.691,-10.98,-5.97,12,1
P008,HRTF_B,17,3.705,-12.76,-6.44,12,1
P008,HRTF_B,17,3.719,-14.69,-6.89,12,1
P008,HRTF_B,17,3.733,-16.69,-7.3,12,1
P008,HRTF_B,17,3.747,-18.79,-7.7,12,1
P008,HRTF_B,17,3.761,-20.99,-8.06,12,1
P008,HRTF_B,17,3.775,-23.3,-8.4,12,1
P008,HRTF_B,17,3.789,-25.67,-8.7,12,1
P008,HRTF_B,17,3.803,-28.07,-8.99,12,1
P008,HRTF_B,17,3.816,-30.52,-9.21,12,1
P008,HRTF_B,17,3.83,-32.98,-9.43,12,1
P008,HRTF_B,17,3.844,-35.48,-9.59,12,1
P008,HRTF_B,17,3.858,-37.97,-9.65,12,1
P008,HRTF_B,17,3.872,-40.38,-9.71,12,1
P008,HRTF_B,17,3.886,-42.67,-9.68,12,1
P008,HRTF_B,17,3.9,-44.88,-9.62,12,1
P008,HRTF_B,17,3.913,-46.99,-9.48,12,1
P008,HRTF_B,17,3.927,-49,-9.24,12,1
P008,HRTF_B,17,3.941,-50.9,-8.93,12,1
P008,HRTF_B,17,3.955,-52.61,-8.52,12,1
P008,HRTF_B,17,3.969,-54.19,-8.1,12,1
P008,HRTF_B,17,3.983,-55.63,-7.73,12,1
P008,HRTF_B,17,3.997,-57.01,-7.46,12,1
P008,HRTF_B,17,4.011,-58.28,-7.23,12,1
P008,HRTF_B,17,4.025,-59.5,-7.1,12,1
P008,HRTF_B,17,4.039,-60.67,-7.03,12,1
P008,HRTF_B,17,4.052,-61.82,-7.07,12,1
P008,HRTF_B,17,4.066,-62.99,-7.15,12,1
P008,HRTF_B,17,4.08,-64.16,-7.27,12,1
P008,HRTF_B,17,4.094,-65.38,-7.44,12,1
P008,HRTF_B,17,4.108,-66.67,-7.58,12,1
P008,HRTF_B,17,4.122,-68.08,-7.7,12,1
P008,HRTF_B,17,4.136,-69.55,-7.87,12,1
P008,HRTF_B,17,4.15,-71.1,-8.08,12,1
P008,HRTF_B,17,4.164,-72.69,-8.35,12,1
P008,HRTF_B,17,4.177,-74.31,-8.7,12,1
P008,HRTF_B,17,4.192,-75.94,-9.08,12,1
P008,HRTF_B,17,4.205,-77.58,-9.45,12,1
P008,HRTF_B,17,4.219,-79.24,-9.85,12,1
P008,HRTF_B,17,4.233,-80.88,-10.26,12,1
P008,HRTF_B,17,4.247,-82.5,-10.61,12,1
P008,HRTF_B,17,4.261,-84.08,-10.94,12,1
P008,HRTF_B,17,4.275,-85.66,-11.2,12,1
P008,HRTF_B,17,4.288,-87.24,-11.38,12,1
P008,HRTF_B,17,4.303,-88.81,-11.51,12,1
P008,HRTF_B,17,4.316,-90.33,-11.51,12,1
P008,HRTF_B,17,4.33,-91.78,-11.34,12,1
P008,HRTF_B,17,4.344,-93.12,-11.03,12,1
P008,HRTF_B,17,4.358,-94.39,-10.62,12,1
P008,HRTF_B,17,4.372,-95.61,-10.15,12,1
P008,HRTF_B,17,4.386,-96.89,-9.63,12,1
P008,HRTF_B,17,4.4,-98.2,-9.16,12,1
P008,HRTF_B,17,4.413,-99.6,-8.74,12,1
P008,HRTF_B,17,4.427,-101.03,-8.3,12,1
P008,HRTF_B,17,4.441,-102.47,-7.88,12,1
P008,HRTF_B,17,4.455,-103.94,-7.57,12,1
P008,HRTF_B,17,4.469,-105.44,-7.3,12,1
P008,HRTF_B,17,4.483,-107.02,-7.04,12,1
P008,HRTF_B,17,4.498,-108.64,-6.77,12,1
P008,HRTF_B,17,4.511,-110.25,-6.52,12,1
P008,HRTF_B,17,4.525,-111.88,-6.3,12,1
P008,HRTF_B,17,4.539,-113.49,-6.11,12,1
P008,HRTF_B,17,4.552,-115.07,-5.93,12,1
P008,HRTF_B,17,4.566,-116.59,-5.77,12,1
P008,HRTF_B,17,4.581,-118.08,-5.66,12,1
P008,HRTF_B,17,4.594,-119.55,-5.58,12,1
P008,HRTF_B,17,4.608,-121.04,-5.56,12,1
P008,HRTF_B,17,4.622,-122.53,-5.61,12,1
P008,HRTF_B,17,4.636,-124.01,-5.74,12,1
P008,HRTF_B,17,4.65,-125.54,-5.98,12,1
P008,HRTF_B,17,4.664,-127.05,-6.3,12,1
P008,HRTF_B,17,4.678,-128.58,-6.71,12,1
P008,HRTF_B,17,4.692,-130.11,-7.14,12,1
P008,HRTF_B,17,4.721,-133.22,-8.06,12,1
P008,HRTF_B,17,4.733,-134.84,-8.49,12,1
P008,HRTF_B,17,4.747,-136.46,-8.95,12,1
P008,HRTF_B,17,4.761,-138.02,-9.47,12,1
P008,HRTF_B,17,4.775,-139.54,-9.97,12,1
P008,HRTF_B,17,4.789,-140.97,-10.46,12,1
P008,HRTF_B,17,4.802,-142.35,-10.9,12,1
P008,HRTF_B,17,4.816,-143.66,-11.26,12,1
P008,HRTF_B,17,4.831,-144.9,-11.54,12,1
P008,HRTF_B,17,4.844,-146.11,-11.77,12,1
P008,HRTF_B,17,4.858,-147.35,-11.94,12,1
P008,HRTF_B,17,4.872,-148.61,-12.08,12,1
P008,HRTF_B,17,4.885,-149.87,-12.24,12,1
P008,HRTF_B,17,4.9,-151.14,-12.33,12,1
P008,HRTF_B,17,4.914,-152.41,-12.43,12,1
P008,HRTF_B,17,4.927,-153.74,-12.53,12,1
P008,HRTF_B,17,4.941,-155.09,-12.68,12,1
P008,HRTF_B,17,4.955,-156.46,-12.86,12,1
P008,HRTF_B,17,4.969,-157.84,-13.07,12,1
P008,HRTF_B,17,4.983,-159.21,-13.37,12,1
P008,HRTF_B,17,4.997,-160.54,-13.69,12,1
P008,HRTF_B,17,5.011,-161.88,-13.97,12,1
P008,HRTF_B,17,5.025,-163.2,-14.22,12,1
P008,HRTF_B,17,5.038,-164.56,-14.38,12,1
P008,HRTF_B,17,5.052,-165.9,-14.46,12,1
P008,HRTF_B,17,5.066,-167.21,-14.53,12,1
P008,HRTF_B,17,5.08,-168.53,-14.62,12,1
P008,HRTF_B,17,5.095,-169.84,-14.76,12,1
P008,HRTF_B,17,5.108,-171.14,-14.93,12,1
P008,HRTF_B,17,5.122,-172.38,-15.14,12,1
P008,HRTF_B,17,5.136,-173.52,-15.34,12,1
P008,HRTF_B,17,5.15,-174.59,-15.58,12,1
P008,HRTF_B,17,5.164,-175.52,-15.85,12,1
P008,HRTF_B,17,5.177,-176.33,-16.17,12,1
P008,HRTF_B,17,5.191,-177,-16.5,12,1
P008,HRTF_B,17,5.205,-177.6,-16.81,12,1
P008,HRTF_B,17,5.219,-178.08,-17.12,12,1
P008,HRTF_B,17,5.233,-178.49,-17.42,12,1
P008,HRTF_B,17,5.247,-178.83,-17.72,12,1
P008,HRTF_B,17,5.261,-179.15,-18,12,1
P008,HRTF_B,17,5.275,-179.41,-18.19,12,1
P008,HRTF_B,17,5.288,-179.65,-18.37,12,1
P008,HRTF_B,17,5.302,-179.93,-18.59,12,1
P008,HRTF_B,17,5.316,179.76,-18.87,12,1
P008,HRTF_B,17,5.33,179.45,-19.18,12,1
P008,HRTF_B,17,5.344,179.18,-19.47,12,1
P008,HRTF_B,17,5.358,178.96,-19.72,12,1
P008,HRTF_B,17,5.372,178.78,-19.99,12,1
P008,HRTF_B,17,5.386,178.61,-20.32,12,1
P008,HRTF_B,17,5.4,178.42,-20.66,12,1
P008,HRTF_B,17,5.414,178.25,-20.93,12,1
P008,HRTF_B,17,5.428,178.1,-21.12,12,1
P008,HRTF_B,17,5.441,177.99,-21.23,12,1
P008,HRTF_B,17,5.455,177.91,-21.28,12,1
P008,HRTF_B,17,5.469,177.89,-21.27,12,1
P008,HRTF_B,17,5.483,177.91,-21.15,12,1
P008,HRTF_B,17,5.497,178,-20.9,12,1
P008,HRTF_B,17,5.511,178.2,-20.47,12,1
P008,HRTF_B,17,5.526,178.54,-19.83,12,1
P008,HRTF_B,17,5.539,178.93,-19.05,12,1
P008,HRTF_B,17,5.553,179.43,-18.08,12,1
P008,HRTF_B,17,5.566,179.94,-16.98,12,1
P008,HRTF_B,17,5.58,-179.6,-15.81,12,1
P008,HRTF_B,17,5.594,-179.16,-14.57,12,1
P008,HRTF_B,17,5.608,-178.75,-13.3,12,1
P008,HRTF_B,17,5.622,-178.36,-11.92,12,1
P008,HRTF_B,17,5.636,-178.01,-10.52,12,1
P008,HRTF_B,17,5.65,-177.71,-9.16,12,1
P008,HRTF_B,17,5.663,-177.47,-7.83,12,1
P008,HRTF_B,17,5.677,-177.22,-6.53,12,1
P008,HRTF_B,17,5.691,-176.94,-5.2,12,1
P008,HRTF_B,17,5.705,-176.63,-3.87,12,1
P008,HRTF_B,17,5.719,-176.34,-2.55,12,1
P008,HRTF_B,17,5.733,-176.07,-1.18,12,1
P008,HRTF_B,17,5.747,-175.87,0.16,12,1
P008,HRTF_B,17,5.761,-175.67,1.45,12,1
P008,HRTF_B,17,5.775,-175.46,2.64,12,1
P008,HRTF_B,17,5.789,-175.23,3.85,12,1
P008,HRTF_B,17,5.802,-175,5.04,12,1
P008,HRTF_B,17,5.816,-174.8,6.19,12,1
P008,HRTF_B,17,5.83,-174.63,7.27,12,1
P008,HRTF_B,17,5.844,-174.47,8.34,12,1
P008,HRTF_B,17,5.858,-174.33,9.37,12,1
P008,HRTF_B,17,5.872,-174.19,10.37,12,1
P008,HRTF_B,17,5.886,-174.05,11.32,12,1
P008,HRTF_B,17,5.9,-173.96,12.26,12,1
P008,HRTF_B,17,5.913,-173.88,13.19,12,1
P008,HRTF_B,17,5.927,-173.8,14.12,12,1
P008,HRTF_B,17,5.941,-173.71,14.98,12,1
P008,HRTF_B,17,5.955,-173.62,15.8,12,1
P008,HRTF_B,17,5.969,-173.51,16.58,12,1
P008,HRTF_B,17,5.983,-173.34,17.26,12,1
P008,HRTF_B,17,5.997,-173.21,17.9,12,1
P008,HRTF_B,17,6.011,-173.08,18.55,12,1
P008,HRTF_B,17,6.025,-173,19.17,12,1
P008,HRTF_B,17,6.039,-172.94,19.72,12,1
P008,HRTF_B,17,6.053,-173,20.23,12,1
P008,HRTF_B,17,6.066,-173.23,20.71,12,1
P008,HRTF_B,17,6.08,-173.63,21.16,12,1
P008,HRTF_B,17,6.094,-174.21,21.61,12,1
P008,HRTF_B,17,6.108,-174.89,22,12,1
P008,HRTF_B,17,6.122,-175.64,22.33,12,1
P008,HRTF_B,17,6.136,-176.46,22.63,12,1
P008,HRTF_B,17,6.15,-177.26,22.9,12,1
P008,HRTF_B,17,6.164,-177.99,23.14,12,1
P008,HRTF_B,17,6.178,-178.58,23.34,12,1
P008,HRTF_B,17,6.192,-179.01,23.48,12,1
P008,HRTF_B,17,6.205,-179.26,23.57,12,1
P008,HRTF_B,17,6.219,-179.31,23.59,12,1
P008,HRTF_B,17,6.233,-179.19,23.51,12,1
P008,HRTF_B,17,6.247,-178.94,23.36,12,1
P008,HRTF_B,17,6.261,-178.58,23.13,12,1
P008,HRTF_B,17,6.275,-178.17,22.89,12,1
P008,HRTF_B,17,6.289,-177.74,22.65,12,1
P008,HRTF_B,17,6.303,-177.37,22.41,12,1
P008,HRTF_B,17,6.316,-177.06,22.12,12,1
P008,HRTF_B,17,6.331,-176.87,21.81,12,1
P008,HRTF_B,17,6.344,-176.72,21.49,12,1
P008,HRTF_B,17,6.358,-176.61,21.21,12,1
P008,HRTF_B,17,6.372,-176.51,20.99,12,1
P008,HRTF_B,17,6.386,-176.42,20.77,12,1
P008,HRTF_B,17,6.4,-176.29,20.57,12,1
P008,HRTF_B,17,6.414,-176.13,20.35,12,1
P008,HRTF_B,17,6.427,-175.89,20.11,12,1
P008,HRTF_B,17,6.442,-175.6,19.77,12,1
P008,HRTF_B,17,6.455,-175.26,19.34,12,1
P008,HRTF_B,17,6.469,-174.77,18.83,12,1
P008,HRTF_B,17,6.483,-174.09,18.23,12,1
P008,HRTF_B,17,6.497,-173.14,17.58,12,1
P008,HRTF_B,17,6.511,-171.97,16.94,12,1
P008,HRTF_B,17,6.525,-170.62,16.28,12,1
P008,HRTF_B,17,6.539,-169.13,15.6,12,1
P008,HRTF_B,17,6.552,-167.53,14.87,12,1
P008,HRTF_B,17,6.566,-165.81,14.08,12,1
P008,HRTF_B,17,6.581,-163.99,13.18,12,1
P008,HRTF_B,17,6.594,-162.07,12.23,12,1
P008,HRTF_B,17,6.608,-160.02,11.28,12,1
P008,HRTF_B,17,6.622,-157.87,10.35,12,1
P008,HRTF_B,17,6.636,-155.59,9.43,12,1
P008,HRTF_B,17,6.65,-153.19,8.47,12,1
P008,HRTF_B,17,6.664,-150.72,7.42,12,1
P008,HRTF_B,17,6.678,-148.21,6.35,12,1
P008,HRTF_B,17,6.691,-145.63,5.25,12,1
P008,HRTF_B,17,6.705,-142.94,4.17,12,1
P008,HRTF_B,17,6.719,-140.14,3.12,12,1
P008,HRTF_B,17,6.733,-137.25,2.1,12,1
P008,HRTF_B,17,6.747,-134.32,1.15,12,1
P008,HRTF_B,17,6.761,-131.35,0.22,12,1
P008,HRTF_B,17,6.775,-128.3,-0.68,12,1
P008,HRTF_B,17,6.789,-125.16,-1.5,12,1
P008,HRTF_B,17,6.802,-121.95,-2.27,12,1
P008,HRTF_B,17,6.816,-118.71,-2.94,12,1
P008,HRTF_B,17,6.83,-115.4,-3.52,12,1
P008,HRTF_B,17,6.844,-112.02,-4.05,12,1
P008,HRTF_B,17,6.858,-108.57,-4.56,12,1
P008,HRTF_B,17,6.872,-105.06,-5.06,12,1
P008,HRTF_B,17,6.886,-101.54,-5.56,12,1
P008,HRTF_B,17,6.9,-97.97,-6.04,12,1
P008,HRTF_B,17,6.914,-94.41,-6.51,12,1
P008,HRTF_B,17,6.927,-90.84,-6.92,12,1
P008,HRTF_B,17,6.942,-87.27,-7.27,12,1
P008,HRTF_B,17,6.955,-83.73,-7.55,12,1
P008,HRTF_B,17,6.969,-80.23,-7.76,12,1
P008,HRTF_B,17,6.983,-76.77,-7.93,12,1
P008,HRTF_B,17,6.997,-73.38,-8.05,12,1
P008,HRTF_B,17,7.011,-70.09,-8.12,12,1
P008,HRTF_B,17,7.025,-66.89,-8.12,12,1
P008,HRTF_B,17,7.039,-63.77,-8.09,12,1
P008,HRTF_B,17,7.052,-60.73,-8.04,12,1
P008,HRTF_B,17,7.066,-57.76,-8.01,12,1
P008,HRTF_B,17,7.08,-54.88,-7.95,12,1
P008,HRTF_B,17,7.094,-52.08,-7.89,12,1
P008,HRTF_B,17,7.108,-49.35,-7.84,12,1
P008,HRTF_B,17,7.122,-46.69,-7.79,12,1
P008,HRTF_B,17,7.136,-44.1,-7.74,12,1
P008,HRTF_B,18,0.013,-0.83,3.51,22,1
P008,HRTF_B,18,0.027,-1.11,3.74,22,1
P008,HRTF_B,18,0.052,-1.4,3.78,22,1
P008,HRTF_B,18,0.065,-1.7,3.87,22,1
P008,HRTF_B,18,0.079,-2.01,3.93,22,1
P008,HRTF_B,18,0.093,-2.32,3.95,22,1
P008,HRTF_B,18,0.107,-2.63,3.92,22,1
P008,HRTF_B,18,0.121,-2.95,3.86,22,1
P008,HRTF_B,18,0.135,-3.29,3.76,22,1
P008,HRTF_B,18,0.149,-3.66,3.65,22,1
P008,HRTF_B,18,0.163,-4.06,3.46,22,1
P008,HRTF_B,18,0.177,-4.49,3.29,22,1
P008,HRTF_B,18,0.19,-4.98,3.11,22,1
P008,HRTF_B,18,0.204,-5.49,2.93,22,1
P008,HRTF_B,18,0.218,-6.12,2.72,22,1
P008,HRTF_B,18,0.232,-6.92,2.48,22,1
P008,HRTF_B,18,0.246,-7.89,2.21,22,1
P008,HRTF_B,18,0.26,-9.01,1.99,22,1
P008,HRTF_B,18,0.274,-10.28,1.81,22,1
P008,HRTF_B,18,0.287,-11.71,1.66,22,1
P008,HRTF_B,18,0.302,-13.38,1.52,22,1
P008,HRTF_B,18,0.315,-15.19,1.35,22,1
P008,HRTF_B,18,0.329,-17.17,1.18,22,1
P008,HRTF_B,18,0.343,-19.32,1.02,22,1
P008,HRTF_B,18,0.357,-21.59,0.91,22,1
P008,HRTF_B,18,0.371,-23.99,0.81,22,1
P008,HRTF_B,18,0.385,-26.48,0.76,22,1
P008,HRTF_B,18,0.398,-29.07,0.7,22,1
P008,HRTF_B,18,0.413,-31.69,0.64,22,1
P008,HRTF_B,18,0.426,-34.35,0.58,22,1
P008,HRTF_B,18,0.44,-37.04,0.51,22,1
P008,HRTF_B,18,0.454,-39.72,0.42,22,1
P008,HRTF_B,18,0.468,-42.37,0.32,22,1
P008,HRTF_B,18,0.482,-44.98,0.2,22,1
P008,HRTF_B,18,0.496,-47.53,0.1,22,1
P008,HRTF_B,18,0.51,-50.03,-0.04,22,1
P008,HRTF_B,18,0.524,-52.49,-0.18,22,1
P008,HRTF_B,18,0.538,-54.9,-0.33,22,1
P008,HRTF_B,18,0.551,-57.25,-0.48,22,1
P008,HRTF_B,18,0.565,-59.54,-0.63,22,1
P008,HRTF_B,18,0.579,-61.77,-0.8,22,1
P008,HRTF_B,18,0.593,-63.96,-0.96,22,1
P008,HRTF_B,18,0.607,-66.06,-1.13,22,1
P008,HRTF_B,18,0.621,-68.08,-1.31,22,1
P008,HRTF_B,18,0.635,-70.02,-1.52,22,1
P008,HRTF_B,18,0.649,-71.89,-1.75,22,1
P008,HRTF_B,18,0.663,-73.72,-1.98,22,1
P008,HRTF_B,18,0.676,-75.54,-2.15,22,1
P008,HRTF_B,18,0.692,-77.3,-2.34,22,1
P008,HRTF_B,18,0.704,-79.02,-2.54,22,1
P008,HRTF_B,18,0.718,-80.68,-2.74,22,1
P008,HRTF_B,18,0.732,-82.34,-2.95,22,1
P008,HRTF_B,18,0.746,-84.01,-3.15,22,1
P008,HRTF_B,18,0.76,-85.72,-3.37,22,1
P008,HRTF_B,18,0.774,-87.48,-3.55,22,1
P008,HRTF_B,18,0.788,-89.25,-3.71,22,1
P008,HRTF_B,18,0.802,-91.05,-3.86,22,1
P008,HRTF_B,18,0.816,-92.87,-4.05,22,1
P008,HRTF_B,18,0.829,-94.73,-4.25,22,1
P008,HRTF_B,18,0.843,-96.58,-4.51,22,1
P008,HRTF_B,18,0.857,-98.51,-4.82,22,1
P008,HRTF_B,18,0.871,-100.5,-5.18,22,1
P008,HRTF_B,18,0.885,-102.5,-5.54,22,1
P008,HRTF_B,18,0.899,-104.46,-5.83,22,1
P008,HRTF_B,18,0.913,-106.38,-6.05,22,1
P008,HRTF_B,18,0.927,-108.23,-6.14,22,1
P008,HRTF_B,18,0.941,-110.02,-6.16,22,1
P008,HRTF_B,18,0.955,-111.76,-6.1,22,1
P008,HRTF_B,18,0.968,-113.47,-5.95,22,1
P008,HRTF_B,18,0.982,-115.12,-5.77,22,1
P008,HRTF_B,18,0.996,-116.71,-5.6,22,1
P008,HRTF_B,18,1.01,-118.23,-5.41,22,1
P008,HRTF_B,18,1.024,-119.71,-5.2,22,1
P008,HRTF_B,18,1.038,-121.13,-5.03,22,1
P008,HRTF_B,18,1.052,-122.51,-4.86,22,1
P008,HRTF_B,18,1.065,-123.85,-4.68,22,1
P008,HRTF_B,18,1.08,-125.15,-4.54,22,1
P008,HRTF_B,18,1.093,-126.47,-4.44,22,1
P008,HRTF_B,18,1.107,-127.83,-4.39,22,1
P008,HRTF_B,18,1.121,-129.17,-4.36,22,1
P008,HRTF_B,18,1.135,-130.53,-4.33,22,1
P008,HRTF_B,18,1.149,-131.84,-4.32,22,1
P008,HRTF_B,18,1.163,-133.09,-4.34,22,1
P008,HRTF_B,18,1.177,-134.31,-4.4,22,1
P008,HRTF_B,18,1.19,-135.43,-4.52,22,1
P008,HRTF_B,18,1.205,-136.45,-4.68,22,1
P008,HRTF_B,18,1.218,-137.34,-4.92,22,1
P008,HRTF_B,18,1.232,-138.1,-5.23,22,1
P008,HRTF_B,18,1.246,-138.78,-5.59,22,1
P008,HRTF_B,18,1.26,-139.35,-5.97,22,1
P008,HRTF_B,18,1.274,-139.85,-6.34,22,1
P008,HRTF_B,18,1.288,-140.29,-6.72,22,1
P008,HRTF_B,18,1.302,-140.62,-7.1,22,1
P008,HRTF_B,18,1.316,-140.89,-7.47,22,1
P008,HRTF_B,18,1.33,-141.11,-7.85,22,1
P008,HRTF_B,18,1.344,-141.27,-8.22,22,1
P008,HRTF_B,18,1.357,-141.43,-8.63,22,1
P008,HRTF_B,18,1.372,-141.54,-9.02,22,1
P008,HRTF_B,18,1.386,-141.65,-9.38,22,1
P008,HRTF_B,18,1.399,-141.71,-9.72,22,1
P008,HRTF_B,18,1.413,-141.76,-10.03,22,1
P008,HRTF_B,18,1.427,-141.79,-10.32,22,1
P008,HRTF_B,18,1.441,-141.81,-10.59,22,1
P008,HRTF_B,18,1.455,-141.81,-10.83,22,1
P008,HRTF_B,18,1.469,-141.78,-11.06,22,1
P008,HRTF_B,18,1.482,-141.72,-11.25,22,1
P008,HRTF_B,18,1.496,-141.63,-11.42,22,1
P008,HRTF_B,18,1.51,-141.54,-11.59,22,1
P008,HRTF_B,18,1.524,-141.41,-11.76,22,1
P008,HRTF_B,18,1.538,-141.24,-11.91,22,1
P008,HRTF_B,18,1.552,-141.01,-12.05,22,1
P008,HRTF_B,18,1.566,-140.74,-12.22,22,1
P008,HRTF_B,18,1.58,-140.4,-12.39,22,1
P008,HRTF_B,18,1.594,-140,-12.51,22,1
P008,HRTF_B,18,1.607,-139.52,-12.65,22,1
P008,HRTF_B,18,1.621,-138.99,-12.78,22,1
P008,HRTF_B,18,1.635,-138.35,-12.9,22,1
P008,HRTF_B,19,0.013,4.92,-0.62,29,1
P008,HRTF_B,19,0.025,4.96,-0.67,29,1
P008,HRTF_B,19,0.045,4.99,-0.71,29,1
P008,HRTF_B,19,0.059,4.99,-0.76,29,1
P008,HRTF_B,19,0.072,5,-0.79,29,1
P008,HRTF_B,19,0.087,5,-0.85,29,1
P008,HRTF_B,19,0.1,4.96,-0.93,29,1
P008,HRTF_B,19,0.114,4.88,-1,29,1
P008,HRTF_B,19,0.128,4.76,-1.06,29,1
P008,HRTF_B,19,0.142,4.59,-1.11,29,1
P008,HRTF_B,19,0.156,4.43,-1.13,29,1
P008,HRTF_B,19,0.17,4.26,-1.12,29,1
P008,HRTF_B,19,0.184,4.06,-1.11,29,1
P008,HRTF_B,19,0.198,3.85,-1.1,29,1
P008,HRTF_B,19,0.211,3.6,-1.08,29,1
P008,HRTF_B,19,0.225,3.34,-1.05,29,1
P008,HRTF_B,19,0.239,3.05,-1.02,29,1
P008,HRTF_B,19,0.253,2.76,-0.98,29,1
P008,HRTF_B,19,0.267,2.43,-0.95,29,1
P008,HRTF_B,19,0.281,2.1,-0.91,29,1
P008,HRTF_B,19,0.295,1.76,-0.89,29,1
P008,HRTF_B,19,0.308,1.41,-0.88,29,1
P008,HRTF_B,19,0.322,1.03,-0.88,29,1
P008,HRTF_B,19,0.336,0.65,-0.89,29,1
P008,HRTF_B,19,0.351,0.25,-0.92,29,1
P008,HRTF_B,19,0.364,-0.17,-0.95,29,1
P008,HRTF_B,19,0.378,-0.56,-0.95,29,1
P008,HRTF_B,19,0.392,-0.98,-0.95,29,1
P008,HRTF_B,19,0.406,-1.35,-0.94,29,1
P008,HRTF_B,19,0.42,-1.73,-0.91,29,1
P008,HRTF_B,19,0.434,-2.08,-0.88,29,1
P008,HRTF_B,19,0.447,-2.43,-0.82,29,1
P008,HRTF_B,19,0.462,-2.76,-0.74,29,1
P008,HRTF_B,19,0.475,-3.07,-0.65,29,1
P008,HRTF_B,19,0.489,-3.31,-0.57,29,1
P008,HRTF_B,19,0.503,-3.45,-0.54,29,1
P008,HRTF_B,19,0.517,-3.49,-0.53,29,1
P008,HRTF_B,19,0.531,-3.46,-0.55,29,1
P008,HRTF_B,19,0.545,-3.37,-0.57,29,1
P008,HRTF_B,19,0.559,-3.26,-0.58,29,1
P008,HRTF_B,19,0.572,-3.13,-0.58,29,1
P008,HRTF_B,19,0.586,-3,-0.57,29,1
P008,HRTF_B,19,0.6,-2.89,-0.55,29,1
P008,HRTF_B,19,0.614,-2.83,-0.49,29,1
P008,HRTF_B,19,0.628,-2.82,-0.4,29,1
P008,HRTF_B,19,0.642,-2.85,-0.3,29,1
P008,HRTF_B,19,0.656,-2.96,-0.2,29,1
P008,HRTF_B,19,0.67,-3.11,-0.13,29,1
P008,HRTF_B,19,0.684,-3.32,-0.08,29,1
P008,HRTF_B,19,0.697,-3.57,-0.03,29,1
P008,HRTF_B,19,0.711,-3.89,0.01,29,1
P008,HRTF_B,19,0.725,-4.26,0.05,29,1
P008,HRTF_B,19,0.739,-4.71,0.09,29,1
P008,HRTF_B,19,0.753,-5.25,0.16,29,1
P008,HRTF_B,19,0.767,-5.9,0.23,29,1
P008,HRTF_B,19,0.781,-6.64,0.32,29,1
P008,HRTF_B,19,0.795,-7.52,0.38,29,1
P008,HRTF_B,19,0.808,-8.54,0.49,29,1
P008,HRTF_B,19,0.823,-9.74,0.61,29,1
P008,HRTF_B,19,0.837,-11.09,0.79,29,1
P008,HRTF_B,19,0.85,-12.57,1,29,1
P008,HRTF_B,19,0.864,-14.2,1.2,29,1
P008,HRTF_B,19,0.878,-15.93,1.38,29,1
P008,HRTF_B,19,0.892,-17.77,1.54,29,1
P008,HRTF_B,19,0.906,-19.68,1.68,29,1
P008,HRTF_B,19,0.92,-21.64,1.79,29,1
P008,HRTF_B,19,0.934,-23.6,1.86,29,1
P008,HRTF_B,19,0.949,-25.55,1.91,29,1
P008,HRTF_B,19,0.961,-27.44,1.99,29,1
P008,HRTF_B,19,0.976,-29.28,2.04,29,1
P008,HRTF_B,19,0.989,-31.04,2.15,29,1
P008,HRTF_B,19,1.003,-32.73,2.27,29,1
P008,HRTF_B,19,1.017,-34.33,2.38,29,1
P008,HRTF_B,19,1.031,-35.8,2.47,29,1
P008,HRTF_B,19,1.045,-37.14,2.58,29,1
P008,HRTF_B,19,1.059,-38.34,2.66,29,1
P008,HRTF_B,19,1.073,-39.43,2.77,29,1
P008,HRTF_B,19,1.086,-40.37,2.89,29,1
P008,HRTF_B,19,1.1,-41.15,3.02,29,1
P008,HRTF_B,19,1.114,-41.82,3.13,29,1
P008,HRTF_B,19,1.128,-42.36,3.21,29,1
P008,HRTF_B,19,1.142,-42.8,3.24,29,1
P008,HRTF_B,19,1.156,-43.1,3.2,29,1
P008,HRTF_B,19,1.17,-43.3,3.13,29,1
P008,HRTF_B,19,1.184,-43.4,3.02,29,1
P008,HRTF_B,20,0.014,-0.82,2.89,5,1
P008,HRTF_B,20,0.026,-0.69,2.9,5,1
P008,HRTF_B,20,0.043,-0.56,2.88,5,1
P008,HRTF_B,20,0.056,-0.46,2.85,5,1
P008,HRTF_B,20,0.071,-0.37,2.81,5,1
P008,HRTF_B,20,0.084,-0.29,2.76,5,1
P008,HRTF_B,20,0.098,-0.23,2.66,5,1
P008,HRTF_B,20,0.112,-0.19,2.54,5,1
P008,HRTF_B,20,0.126,-0.18,2.39,5,1
P008,HRTF_B,20,0.14,-0.2,2.22,5,1
P008,HRTF_B,20,0.154,-0.24,2.05,5,1
P008,HRTF_B,20,0.168,-0.33,1.88,5,1
P008,HRTF_B,20,0.181,-0.43,1.71,5,1
P008,HRTF_B,20,0.196,-0.59,1.54,5,1
P008,HRTF_B,20,0.21,-0.76,1.37,5,1
P008,HRTF_B,20,0.223,-0.97,1.21,5,1
P008,HRTF_B,20,0.237,-1.2,1.05,5,1
P008,HRTF_B,20,0.251,-1.5,0.92,5,1
P008,HRTF_B,20,0.265,-1.88,0.78,5,1
P008,HRTF_B,20,0.279,-2.33,0.64,5,1
P008,HRTF_B,20,0.293,-2.89,0.5,5,1
P008,HRTF_B,20,0.307,-3.51,0.35,5,1
P008,HRTF_B,20,0.32,-4.23,0.23,5,1
P008,HRTF_B,20,0.334,-5.04,0.11,5,1
P008,HRTF_B,20,0.348,-6,0.01,5,1
P008,HRTF_B,20,0.362,-7.11,-0.08,5,1
P008,HRTF_B,20,0.376,-8.37,-0.15,5,1
P008,HRTF_B,20,0.39,-9.76,-0.17,5,1
P008,HRTF_B,20,0.404,-11.3,-0.14,5,1
P008,HRTF_B,20,0.418,-12.97,-0.07,5,1
P008,HRTF_B,20,0.432,-14.82,0.07,5,1
P008,HRTF_B,20,0.446,-16.83,0.24,5,1
P008,HRTF_B,20,0.459,-19,0.43,5,1
P008,HRTF_B,20,0.473,-21.3,0.68,5,1
P008,HRTF_B,20,0.487,-23.73,0.96,5,1
P008,HRTF_B,20,0.501,-26.3,1.26,5,1
P008,HRTF_B,20,0.515,-28.95,1.6,5,1
P008,HRTF_B,20,0.529,-31.6,1.99,5,1
P008,HRTF_B,20,0.543,-34.21,2.42,5,1
P008,HRTF_B,20,0.556,-36.7,2.81,5,1
P008,HRTF_B,20,0.571,-39.02,3.17,5,1
P008,HRTF_B,20,0.584,-41.16,3.47,5,1
P008,HRTF_B,20,0.599,-43.17,3.79,5,1
P008,HRTF_B,20,0.612,-45.08,4.12,5,1
P008,HRTF_B,20,0.626,-46.84,4.46,5,1
P008,HRTF_B,20,0.64,-48.52,4.83,5,1
P008,HRTF_B,20,0.654,-50.08,5.21,5,1
P008,HRTF_B,20,0.668,-51.55,5.65,5,1
P008,HRTF_B,20,0.682,-52.9,6.1,5,1
P008,HRTF_B,20,0.695,-54.16,6.57,5,1
P008,HRTF_B,20,0.709,-55.31,7.06,5,1
P008,HRTF_B,20,0.723,-56.39,7.57,5,1
P008,HRTF_B,20,0.737,-57.37,8.1,5,1
P008,HRTF_B,20,0.751,-58.28,8.62,5,1
P008,HRTF_B,20,0.765,-59.11,9.13,5,1
P008,HRTF_B,20,0.779,-59.86,9.6,5,1
P008,HRTF_B,20,0.793,-60.57,10.01,5,1
P008,HRTF_B,20,0.807,-61.18,10.37,5,1
P008,HRTF_B,20,0.821,-61.73,10.68,5,1
P008,HRTF_B,20,0.834,-62.2,10.92,5,1
P008,HRTF_B,20,0.848,-62.61,11.15,5,1
P008,HRTF_B,20,0.862,-62.93,11.32,5,1
P008,HRTF_B,20,0.876,-63.16,11.46,5,1
P008,HRTF_B,20,0.89,-63.33,11.59,5,1
P008,HRTF_B,20,0.904,-63.4,11.67,5,1
P008,HRTF_B,20,0.918,-63.28,11.74,5,1
P008,HRTF_B,20,0.932,-63.01,11.78,5,1
P008,HRTF_B,20,0.946,-62.54,11.79,5,1
P008,HRTF_B,20,0.959,-61.84,11.79,5,1
P008,HRTF_B,20,0.973,-60.87,11.75,5,1
P008,HRTF_B,20,0.987,-59.61,11.66,5,1
P008,HRTF_B,20,1.001,-58.04,11.5,5,1
P008,HRTF_B,20,1.015,-56.17,11.26,5,1
P008,HRTF_B,20,1.029,-54.02,10.94,5,1
P008,HRTF_B,20,1.043,-51.59,10.59,5,1
P008,HRTF_B,20,1.057,-48.91,10.15,5,1
P008,HRTF_B,20,1.07,-46.02,9.69,5,1
P008,HRTF_B,20,1.085,-42.88,9.17,5,1
P008,HRTF_B,20,1.098,-39.53,8.66,5,1
P008,HRTF_B,20,1.112,-36.04,8.12,5,1
P008,HRTF_B,20,1.126,-32.39,7.58,5,1
P008,HRTF_B,20,1.14,-28.64,7.05,5,1
P008,HRTF_B,20,1.154,-24.79,6.49,5,1
P008,HRTF_B,20,1.168,-20.9,5.92,5,1
P008,HRTF_B,20,1.182,-16.98,5.35,5,1
P008,HRTF_B,20,1.196,-13.06,4.84,5,1
P008,HRTF_B,20,1.209,-9.22,4.35,5,1
P008,HRTF_B,20,1.224,-5.42,3.91,5,1
P008,HRTF_B,20,1.237,-1.75,3.45,5,1
P008,HRTF_B,20,1.251,1.81,2.99,5,1
P008,HRTF_B,20,1.265,5.25,2.53,5,1
P008,HRTF_B,20,1.279,8.59,2.1,5,1
P008,HRTF_B,20,1.293,11.75,1.69,5,1
P008,HRTF_B,20,1.307,14.77,1.33,5,1
P008,HRTF_B,20,1.321,17.57,1.05,5,1
P008,HRTF_B,20,1.335,20.22,0.82,5,1
P008,HRTF_B,20,1.348,22.69,0.64,5,1
P008,HRTF_B,20,1.362,24.98,0.51,5,1
P008,HRTF_B,20,1.376,27.05,0.46,5,1
P008,HRTF_B,20,1.39,28.9,0.51,5,1
P008,HRTF_B,20,1.404,30.55,0.61,5,1
P008,HRTF_B,20,1.418,32.03,0.74,5,1
P008,HRTF_B,20,1.432,33.3,0.91,5,1
P008,HRTF_B,20,1.446,34.47,1.14,5,1
P008,HRTF_B,20,1.46,35.5,1.44,5,1
P008,HRTF_B,20,1.474,36.37,1.8,5,1
P008,HRTF_B,20,1.488,37.12,2.14,5,1
P008,HRTF_B,20,1.501,37.77,2.4,5,1
P008,HRTF_B,20,1.515,38.37,2.58,5,1
P008,HRTF_B,20,1.529,38.93,2.69,5,1
P008,HRTF_B,20,1.543,39.46,2.76,5,1
P008,HRTF_B,20,1.557,39.93,2.78,5,1
P008,HRTF_B,20,1.571,40.39,2.71,5,1
P008,HRTF_B,20,1.585,40.83,2.55,5,1
P008,HRTF_B,20,1.599,41.28,2.3,5,1
P008,HRTF_B,20,1.613,41.7,2.03,5,1
P008,HRTF_B,20,1.627,42.12,1.8,5,1
P008,HRTF_B,20,1.64,42.52,1.63,5,1
P008,HRTF_B,20,1.654,42.89,1.49,5,1
P008,HRTF_B,20,1.668,43.23,1.38,5,1
P008,HRTF_B,20,1.682,43.57,1.28,5,1
P008,HRTF_B,20,1.696,43.89,1.15,5,1
P008,HRTF_B,20,1.71,44.18,1.03,5,1
P008,HRTF_B,20,1.724,44.47,0.91,5,1
P008,HRTF_B,20,1.738,44.7,0.84,5,1
P008,HRTF_B,20,1.752,44.92,0.79,5,1
P008,HRTF_B,20,1.765,45.1,0.77,5,1
P008,HRTF_B,20,1.779,45.25,0.75,5,1
P008,HRTF_B,20,1.793,45.35,0.68,5,1
P008,HRTF_B,20,1.807,45.41,0.56,5,1
P008,HRTF_B,20,1.821,45.45,0.39,5,1
P008,HRTF_B,20,1.835,45.46,0.24,5,1
P008,HRTF_B,20,1.849,45.44,0.09,5,1
P008,HRTF_B,20,1.863,45.38,-0.05,5,1
P008,HRTF_B,20,1.876,45.28,-0.2,5,1
P008,HRTF_B,20,1.891,45.14,-0.35,5,1
P008,HRTF_B,20,1.904,44.95,-0.49,5,1
P008,HRTF_B,20,1.918,44.71,-0.68,5,1
P008,HRTF_B,20,1.932,44.43,-0.9,5,1
P008,HRTF_B,20,1.946,44.1,-1.19,5,1
P008,HRTF_B,20,1.96,43.74,-1.49,5,1
P008,HRTF_B,20,1.974,43.33,-1.82,5,1
P008,HRTF_B,20,1.988,42.89,-2.16,5,1
P008,HRTF_B,20,2.002,42.43,-2.47,5,1
P008,HRTF_B,20,2.015,41.95,-2.77,5,1
P008,HRTF_B,20,2.03,41.45,-3.01,5,1
P008,HRTF_B,20,2.043,40.96,-3.2,5,1
P008,HRTF_B,20,2.057,40.5,-3.3,5,1
P008,HRTF_B,20,2.071,40.06,-3.33,5,1
P008,HRTF_B,20,2.085,39.62,-3.27,5,1
P008,HRTF_B,20,2.099,39.26,-3.13,5,1
P008,HRTF_B,21,0.015,-3.18,0.26,13,1
P008,HRTF_B,21,0.027,-2.77,0.3,13,1
P008,HRTF_B,21,0.048,-2.3,0.33,13,1
P008,HRTF_B,21,0.062,-1.83,0.38,13,1
P008,HRTF_B,21,0.075,-1.33,0.44,13,1
P008,HRTF_B,21,0.089,-0.79,0.51,13,1
P008,HRTF_B,21,0.103,-0.25,0.57,13,1
P008,HRTF_B,21,0.117,0.28,0.63,13,1
P008,HRTF_B,21,0.131,0.8,0.69,13,1
P008,HRTF_B,21,0.145,1.3,0.73,13,1
P008,HRTF_B,21,0.159,1.78,0.77,13,1
P008,HRTF_B,21,0.173,2.22,0.79,13,1
P008,HRTF_B,21,0.187,2.64,0.8,13,1
P008,HRTF_B,21,0.201,2.99,0.79,13,1
P008,HRTF_B,21,0.215,3.28,0.77,13,1
P008,HRTF_B,21,0.228,3.55,0.74,13,1
P008,HRTF_B,21,0.242,3.8,0.72,13,1
P008,HRTF_B,21,0.256,4.02,0.69,13,1
P008,HRTF_B,21,0.27,4.25,0.65,13,1
P008,HRTF_B,21,0.284,4.53,0.6,13,1
P008,HRTF_B,21,0.298,4.88,0.54,13,1
P008,HRTF_B,21,0.312,5.34,0.48,13,1
P008,HRTF_B,21,0.326,5.86,0.41,13,1
P008,HRTF_B,21,0.339,6.48,0.36,13,1
P008,HRTF_B,21,0.353,7.23,0.29,13,1
P008,HRTF_B,21,0.367,8.14,0.22,13,1
P008,HRTF_B,21,0.381,9.2,0.15,13,1
P008,HRTF_B,21,0.395,10.37,0.1,13,1
P008,HRTF_B,21,0.409,11.67,0.06,13,1
P008,HRTF_B,21,0.423,13.08,0.03,13,1
P008,HRTF_B,21,0.437,14.54,-0.01,13,1
P008,HRTF_B,21,0.449,16.06,-0.04,13,1
P008,HRTF_B,21,0.465,17.6,-0.03,13,1
P008,HRTF_B,21,0.478,19.14,-0.03,13,1
P008,HRTF_B,21,0.492,20.67,-0.01,13,1
P008,HRTF_B,21,0.506,22.14,0.01,13,1
P008,HRTF_B,21,0.52,23.56,0.05,13,1
P008,HRTF_B,21,0.534,24.91,0.1,13,1
P008,HRTF_B,21,0.548,26.18,0.13,13,1
P008,HRTF_B,21,0.562,27.31,0.2,13,1
P008,HRTF_B,21,0.576,28.33,0.26,13,1
P008,HRTF_B,21,0.593,29.19,0.35,13,1
P008,HRTF_B,21,0.607,29.91,0.44,13,1
P008,HRTF_B,21,0.619,30.5,0.54,13,1
P008,HRTF_B,21,0.631,30.97,0.66,13,1
P008,HRTF_B,21,0.645,31.27,0.77,13,1
P008,HRTF_B,21,0.659,31.42,0.91,13,1
P008,HRTF_B,21,0.673,31.44,1.07,13,1
P008,HRTF_B,21,0.687,31.32,1.22,13,1
P008,HRTF_B,21,0.701,31.13,1.34,13,1
P008,HRTF_B,21,0.715,30.87,1.43,13,1
P008,HRTF_B,21,0.729,30.52,1.51,13,1
P008,HRTF_B,21,0.743,30.13,1.58,13,1
P008,HRTF_B,21,0.756,29.68,1.64,13,1
P008,HRTF_B,21,0.77,29.22,1.7,13,1
P008,HRTF_B,21,0.784,28.75,1.77,13,1
P008,HRTF_B,21,0.798,28.27,1.85,13,1
P008,HRTF_B,21,0.812,27.8,1.93,13,1
P008,HRTF_B,21,0.826,27.38,2.02,13,1
P008,HRTF_B,21,0.84,26.97,2.11,13,1
P008,HRTF_B,21,0.853,26.62,2.21,13,1
P008,HRTF_B,21,0.868,26.34,2.3,13,1
P008,HRTF_B,21,0.882,26.12,2.34,13,1
P008,HRTF_B,21,0.895,25.97,2.37,13,1
P008,HRTF_B,21,0.909,25.92,2.33,13,1
P008,HRTF_B,21,0.923,25.99,2.2,13,1
P008,HRTF_B,21,0.937,26.26,1.98,13,1
P008,HRTF_B,21,0.951,26.71,1.66,13,1
P008,HRTF_B,21,0.965,27.42,1.22,13,1
P008,HRTF_B,21,0.979,28.33,0.7,13,1
P008,HRTF_B,21,0.992,29.43,0.12,13,1
P008,HRTF_B,21,1.006,30.77,-0.47,13,1
P008,HRTF_B,21,1.02,32.31,-1.09,13,1
P008,HRTF_B,21,1.034,34.02,-1.72,13,1
P008,HRTF_B,21,1.048,35.9,-2.31,13,1
P008,HRTF_B,21,1.062,37.9,-2.89,13,1
P008,HRTF_B,21,1.076,40.03,-3.41,13,1
P008,HRTF_B,21,1.09,42.22,-3.93,13,1
P008,HRTF_B,21,1.104,44.46,-4.36,13,1
P008,HRTF_B,21,1.117,46.73,-4.78,13,1
P008,HRTF_B,21,1.132,48.97,-5.17,13,1
P008,HRTF_B,21,1.146,51.18,-5.51,13,1
P008,HRTF_B,21,1.159,53.3,-5.85,13,1
P008,HRTF_B,21,1.174,55.35,-6.18,13,1
P008,HRTF_B,21,1.187,57.31,-6.51,13,1
P008,HRTF_B,21,1.201,59.13,-6.84,13,1
P008,HRTF_B,21,1.215,60.83,-7.14,13,1
P008,HRTF_B,21,1.229,62.42,-7.42,13,1
P008,HRTF_B,21,1.243,63.89,-7.7,13,1
P008,HRTF_B,21,1.257,65.28,-7.94,13,1
P008,HRTF_B,21,1.271,66.59,-8.15,13,1
P008,HRTF_B,21,1.284,67.83,-8.34,13,1
P008,HRTF_B,21,1.298,68.99,-8.48,13,1
P008,HRTF_B,21,1.312,70.07,-8.57,13,1
P008,HRTF_B,21,1.326,71.12,-8.69,13,1
P008,HRTF_B,21,1.34,72.13,-8.8,13,1
P008,HRTF_B,21,1.354,73.12,-8.92,13,1
P008,HRTF_B,21,1.368,74.05,-9.03,13,1
P008,HRTF_B,21,1.382,74.98,-9.14,13,1
P008,HRTF_B,21,1.395,75.86,-9.25,13,1
P008,HRTF_B,21,1.409,76.72,-9.36,13,1
P008,HRTF_B,21,1.423,77.6,-9.5,13,1
P008,HRTF_B,21,1.437,78.47,-9.68,13,1
P008,HRTF_B,21,1.451,79.34,-9.88,13,1
P008,HRTF_B,21,1.465,80.23,-10.12,13,1
P008,HRTF_B,21,1.479,81.13,-10.33,13,1
P008,HRTF_B,21,1.493,82.03,-10.56,13,1
P008,HRTF_B,21,1.507,82.95,-10.79,13,1
P008,HRTF_B,21,1.52,83.9,-11,13,1
P008,HRTF_B,21,1.535,84.86,-11.18,13,1
P008,HRTF_B,21,1.548,85.84,-11.36,13,1
P008,HRTF_B,21,1.562,86.84,-11.51,13,1
P008,HRTF_B,21,1.576,87.86,-11.67,13,1
P008,HRTF_B,21,1.59,88.93,-11.85,13,1
P008,HRTF_B,21,1.604,90.02,-12.02,13,1
P008,HRTF_B,21,1.618,91.13,-12.21,13,1
P008,HRTF_B,21,1.632,92.25,-12.4,13,1
P008,HRTF_B,21,1.645,93.38,-12.61,13,1
P008,HRTF_B,21,1.659,94.57,-12.79,13,1
P008,HRTF_B,21,1.674,95.84,-12.98,13,1
P008,HRTF_B,21,1.688,97.2,-13.15,13,1
P008,HRTF_B,21,1.701,98.63,-13.33,13,1
P008,HRTF_B,21,1.715,100.13,-13.49,13,1
P008,HRTF_B,21,1.729,101.59,-13.62,13,1
P008,HRTF_B,21,1.743,103.06,-13.68,13,1
P008,HRTF_B,21,1.757,104.5,-13.71,13,1
P008,HRTF_B,21,1.771,105.88,-13.7,13,1
P008,HRTF_B,21,1.785,107.2,-13.72,13,1
P008,HRTF_B,21,1.798,108.43,-13.75,13,1
P008,HRTF_B,21,1.812,109.53,-13.84,13,1
P008,HRTF_B,21,1.826,110.5,-13.95,13,1
P008,HRTF_B,21,1.84,111.37,-14.06,13,1
P008,HRTF_B,21,1.854,112.14,-14.16,13,1
P008,HRTF_B,21,1.868,112.83,-14.23,13,1
P008,HRTF_B,21,1.882,113.45,-14.24,13,1
P008,HRTF_B,21,1.896,114.01,-14.2,13,1
P008,HRTF_B,21,1.91,114.48,-14.12,13,1
P008,HRTF_B,21,1.923,114.86,-14,13,1
P008,HRTF_B,21,1.937,115.16,-13.9,13,1
P008,HRTF_B,21,1.951,115.42,-13.8,13,1
P008,HRTF_B,21,1.965,115.63,-13.73,13,1
P008,HRTF_B,21,1.979,115.82,-13.66,13,1
P008,HRTF_B,21,1.993,115.98,-13.61,13,1
P008,HRTF_B,21,2.007,116.14,-13.59,13,1
P008,HRTF_B,21,2.021,116.08,-13.45,13,1
P008,HRTF_B,21,2.034,116.2,-13.26,13,1
P008,HRTF_B,21,2.048,116.23,-13.26,13,1
P008,HRTF_B,21,2.062,116.17,-13.18,13,1
P008,HRTF_B,21,2.077,116.06,-13.17,13,1
P008,HRTF_B,21,2.09,115.89,-13.17,13,1
P008,HRTF_B,21,2.104,115.65,-13.2,13,1
P008,HRTF_B,21,2.118,115.34,-13.21,13,1
P008,HRTF_B,21,2.132,114.94,-13.24,13,1
P008,HRTF_B,21,2.145,114.45,-13.26,13,1
P008,HRTF_B,21,2.159,113.89,-13.28,13,1
P008,HRTF_B,22,0.015,0.49,1.27,9,1
P008,HRTF_B,22,0.03,0.66,1.32,9,1
P008,HRTF_B,22,0.043,0.91,1.35,9,1
P008,HRTF_B,22,0.056,1.26,1.33,9,1
P008,HRTF_B,22,0.07,1.66,1.23,9,1
P008,HRTF_B,22,0.083,2.07,1.07,9,1
P008,HRTF_B,22,0.098,2.46,0.86,9,1
P008,HRTF_B,22,0.112,2.86,0.66,9,1
P008,HRTF_B,22,0.128,3.31,0.46,9,1
P008,HRTF_B,22,0.141,3.8,0.31,9,1
P008,HRTF_B,22,0.154,4.32,0.18,9,1
P008,HRTF_B,22,0.167,4.89,0.07,9,1
P008,HRTF_B,22,0.181,5.52,-0.05,9,1
P008,HRTF_B,22,0.195,6.24,-0.15,9,1
P008,HRTF_B,22,0.208,7.01,-0.24,9,1
P008,HRTF_B,22,0.22,7.88,-0.28,9,1
P008,HRTF_B,22,0.233,8.83,-0.33,9,1
P008,HRTF_B,22,0.25,9.94,-0.37,9,1
P008,HRTF_B,22,0.264,11.1,-0.39,9,1
P008,HRTF_B,22,0.278,12.31,-0.39,9,1
P008,HRTF_B,22,0.292,13.58,-0.39,9,1
P008,HRTF_B,22,0.306,14.92,-0.39,9,1
P008,HRTF_B,22,0.32,16.32,-0.36,9,1
P008,HRTF_B,22,0.334,17.81,-0.38,9,1
P008,HRTF_B,22,0.351,19.33,-0.39,9,1
P008,HRTF_B,22,0.364,20.86,-0.43,9,1
P008,HRTF_B,22,0.376,22.4,-0.47,9,1
P008,HRTF_B,22,0.389,23.94,-0.51,9,1
P008,HRTF_B,22,0.403,25.5,-0.56,9,1
P008,HRTF_B,22,0.417,27.08,-0.61,9,1
P008,HRTF_B,22,0.431,28.67,-0.68,9,1
P008,HRTF_B,22,0.445,30.24,-0.74,9,1
P008,HRTF_B,22,0.459,31.8,-0.82,9,1
P008,HRTF_B,22,0.473,33.31,-0.87,9,1
P008,HRTF_B,22,0.487,34.81,-0.93,9,1
P008,HRTF_B,22,0.501,36.27,-0.99,9,1
P008,HRTF_B,22,0.515,37.71,-1.03,9,1
P008,HRTF_B,22,0.529,39.11,-1.12,9,1
P008,HRTF_B,22,0.542,40.46,-1.2,9,1
P008,HRTF_B,22,0.556,41.78,-1.3,9,1
P008,HRTF_B,22,0.57,43.08,-1.39,9,1
P008,HRTF_B,22,0.583,44.33,-1.5,9,1
P008,HRTF_B,22,0.598,45.54,-1.55,9,1
P008,HRTF_B,22,0.612,46.75,-1.61,9,1
P008,HRTF_B,22,0.625,47.91,-1.7,9,1
P008,HRTF_B,22,0.64,49.06,-1.77,9,1
P008,HRTF_B,22,0.653,50.2,-1.85,9,1
P008,HRTF_B,22,0.667,51.26,-1.91,9,1
P008,HRTF_B,22,0.681,52.31,-1.99,9,1
P008,HRTF_B,22,0.695,53.36,-2.12,9,1
P008,HRTF_B,22,0.71,54.41,-2.23,9,1
P008,HRTF_B,22,0.723,55.44,-2.34,9,1
P008,HRTF_B,22,0.737,56.46,-2.44,9,1
P008,HRTF_B,22,0.751,57.44,-2.54,9,1
P008,HRTF_B,22,0.764,58.39,-2.6,9,1
P008,HRTF_B,22,0.778,59.32,-2.67,9,1
P008,HRTF_B,22,0.792,60.27,-2.75,9,1
P008,HRTF_B,22,0.806,61.21,-2.82,9,1
P008,HRTF_B,22,0.82,62.18,-2.9,9,1
P008,HRTF_B,22,0.834,63.15,-3.02,9,1
P008,HRTF_B,22,0.848,64.18,-3.15,9,1
P008,HRTF_B,22,0.862,65.24,-3.28,9,1
P008,HRTF_B,22,0.876,66.37,-3.4,9,1
P008,HRTF_B,22,0.89,67.54,-3.56,9,1
P008,HRTF_B,22,0.904,68.77,-3.72,9,1
P008,HRTF_B,22,0.918,70.08,-3.91,9,1
P008,HRTF_B,22,0.931,71.45,-4.11,9,1
P008,HRTF_B,22,0.945,72.86,-4.32,9,1
P008,HRTF_B,22,0.959,74.3,-4.55,9,1
P008,HRTF_B,22,0.974,75.72,-4.77,9,1
P008,HRTF_B,22,0.987,77.14,-5.01,9,1
P008,HRTF_B,22,1.001,78.52,-5.25,9,1
P008,HRTF_B,22,1.015,79.85,-5.47,9,1
P008,HRTF_B,22,1.029,81.13,-5.72,9,1
P008,HRTF_B,22,1.042,82.34,-5.91,9,1
P008,HRTF_B,22,1.056,83.49,-6.09,9,1
P008,HRTF_B,22,1.07,84.53,-6.26,9,1
P008,HRTF_B,22,1.084,85.47,-6.41,9,1
P008,HRTF_B,22,1.098,86.3,-6.52,9,1
P008,HRTF_B,22,1.112,87.03,-6.58,9,1
P008,HRTF_B,22,1.126,87.63,-6.61,9,1
P008,HRTF_B,22,1.14,88.14,-6.61,9,1
P008,HRTF_B,22,1.154,88.56,-6.61,9,1
P008,HRTF_B,22,1.167,88.88,-6.58,9,1
P008,HRTF_B,22,1.181,89.14,-6.54,9,1
P008,HRTF_B,22,1.195,89.33,-6.51,9,1
P008,HRTF_B,22,1.209,89.48,-6.46,9,1
P008,HRTF_B,22,1.223,89.57,-6.44,9,1
P008,HRTF_B,22,1.237,89.63,-6.43,9,1
P008,HRTF_B,22,1.251,89.67,-6.42,9,1
P008,HRTF_B,22,1.265,89.69,-6.43,9,1
P008,HRTF_B,22,1.278,89.69,-6.43,9,1
P008,HRTF_B,22,1.293,89.69,-6.43,9,1
P008,HRTF_B,22,1.307,89.68,-6.45,9,1
P008,HRTF_B,22,1.32,89.66,-6.47,9,1
P008,HRTF_B,22,1.334,89.63,-6.52,9,1
P008,HRTF_B,22,1.348,89.58,-6.57,9,1
P008,HRTF_B,22,1.362,89.52,-6.64,9,1
P008,HRTF_B,22,1.376,89.44,-6.73,9,1
P008,HRTF_B,22,1.39,89.34,-6.82,9,1
P008,HRTF_B,22,1.403,89.23,-6.93,9,1
P008,HRTF_B,22,1.418,89.08,-7.03,9,1
P008,HRTF_B,22,1.431,88.92,-7.14,9,1
P008,HRTF_B,22,1.445,88.74,-7.23,9,1
P008,HRTF_B,22,1.46,88.54,-7.31,9,1
P008,HRTF_B,22,1.473,88.32,-7.4,9,1
P008,HRTF_B,22,1.487,88.09,-7.47,9,1
P008,HRTF_B,22,1.501,87.84,-7.54,9,1
P008,HRTF_B,22,1.515,87.59,-7.6,9,1
P008,HRTF_B,22,1.529,87.34,-7.66,9,1
P008,HRTF_B,22,1.543,87.1,-7.69,9,1
P008,HRTF_B,22,1.556,86.86,-7.71,9,1
P008,HRTF_B,22,1.57,86.62,-7.73,9,1
P008,HRTF_B,22,1.584,86.4,-7.75,9,1
P008,HRTF_B,22,1.598,86.16,-7.76,9,1
P008,HRTF_B,23,0.015,2.59,1.9,29,1
P008,HRTF_B,23,0.028,2.51,1.86,29,1
P008,HRTF_B,23,0.042,2.5,1.78,29,1
P008,HRTF_B,23,0.055,2.55,1.7,29,1
P008,HRTF_B,23,0.072,2.66,1.6,29,1
P008,HRTF_B,23,0.086,2.78,1.51,29,1
P008,HRTF_B,23,0.1,2.94,1.41,29,1
P008,HRTF_B,23,0.115,3.15,1.29,29,1
P008,HRTF_B,23,0.128,3.38,1.16,29,1
P008,HRTF_B,23,0.141,3.65,1.03,29,1
P008,HRTF_B,23,0.155,3.95,0.9,29,1
P008,HRTF_B,23,0.169,4.3,0.8,29,1
P008,HRTF_B,23,0.184,4.67,0.68,29,1
P008,HRTF_B,23,0.197,5.08,0.57,29,1
P008,HRTF_B,23,0.211,5.54,0.45,29,1
P008,HRTF_B,23,0.225,6.01,0.3,29,1
P008,HRTF_B,23,0.239,6.54,0.15,29,1
P008,HRTF_B,23,0.253,7.07,0.01,29,1
P008,HRTF_B,23,0.268,7.69,-0.14,29,1
P008,HRTF_B,23,0.281,8.38,-0.25,29,1
P008,HRTF_B,23,0.294,9.15,-0.37,29,1
P008,HRTF_B,23,0.307,10.04,-0.49,29,1
P008,HRTF_B,23,0.32,10.98,-0.69,29,1
P008,HRTF_B,23,0.336,12.03,-0.83,29,1
P008,HRTF_B,23,0.35,13.11,-0.99,29,1
P008,HRTF_B,23,0.364,14.26,-1.14,29,1
P008,HRTF_B,23,0.378,15.45,-1.27,29,1
P008,HRTF_B,23,0.391,16.68,-1.39,29,1
P008,HRTF_B,23,0.405,17.91,-1.47,29,1
P008,HRTF_B,23,0.42,19.12,-1.59,29,1
P008,HRTF_B,23,0.433,20.34,-1.63,29,1
P008,HRTF_B,23,0.446,21.5,-1.66,29,1
P008,HRTF_B,23,0.461,22.68,-1.66,29,1
P008,HRTF_B,23,0.475,23.86,-1.67,29,1
P008,HRTF_B,23,0.489,25.02,-1.58,29,1
P008,HRTF_B,23,0.503,26.19,-1.5,29,1
P008,HRTF_B,23,0.517,27.37,-1.35,29,1
P008,HRTF_B,23,0.531,28.54,-1.18,29,1
P008,HRTF_B,23,0.544,29.71,-0.96,29,1
P008,HRTF_B,23,0.558,30.89,-0.72,29,1
P008,HRTF_B,23,0.572,32.05,-0.45,29,1
P008,HRTF_B,23,0.585,33.22,-0.15,29,1
P008,HRTF_B,23,0.599,34.39,0.15,29,1
P008,HRTF_B,23,0.614,35.54,0.44,29,1
P008,HRTF_B,23,0.628,36.71,0.71,29,1
P008,HRTF_B,23,0.642,37.9,0.94,29,1
P008,HRTF_B,23,0.656,39.1,1.19,29,1
P008,HRTF_B,23,0.67,40.3,1.42,29,1
P008,HRTF_B,23,0.683,41.54,1.6,29,1
P008,HRTF_B,23,0.697,42.78,1.8,29,1
P008,HRTF_B,23,0.711,44.05,1.99,29,1
P008,HRTF_B,23,0.729,45.34,2.15,29,1
P008,HRTF_B,23,0.742,46.66,2.29,29,1
P008,HRTF_B,23,0.756,48.01,2.39,29,1
P008,HRTF_B,23,0.769,49.38,2.48,29,1
P008,HRTF_B,23,0.782,50.77,2.55,29,1
P008,HRTF_B,23,0.795,52.2,2.58,29,1
P008,HRTF_B,23,0.808,53.67,2.55,29,1
P008,HRTF_B,23,0.822,55.19,2.48,29,1
P008,HRTF_B,23,0.836,56.75,2.37,29,1
P008,HRTF_B,23,0.85,58.27,2.24,29,1
P008,HRTF_B,23,0.865,59.8,2.07,29,1
P008,HRTF_B,23,0.879,61.29,1.86,29,1
P008,HRTF_B,23,0.893,62.66,1.71,29,1
P008,HRTF_B,23,0.906,63.98,1.46,29,1
P008,HRTF_B,23,0.92,65.28,1.24,29,1
P008,HRTF_B,23,0.933,66.47,0.97,29,1
P008,HRTF_B,23,0.948,67.57,0.74,29,1
P008,HRTF_B,23,0.961,68.56,0.49,29,1
P008,HRTF_B,23,0.975,69.45,0.28,29,1
P008,HRTF_B,23,0.989,70.19,0.06,29,1
P008,HRTF_B,23,1.003,70.78,-0.09,29,1
P008,HRTF_B,23,1.017,71.17,-0.19,29,1
P008,HRTF_B,23,1.031,71.36,-0.23,29,1
P008,HRTF_B,23,1.044,71.35,-0.24,29,1
P008,HRTF_B,23,1.058,71.22,0.01,29,1
P008,HRTF_B,23,1.072,70.8,-0.04,29,1
P008,HRTF_B,23,1.087,70.18,0.16,29,1
P008,HRTF_B,23,1.1,69.46,0.15,29,1
P008,HRTF_B,23,1.114,68.55,0.65,29,1
P008,HRTF_B,23,1.128,67.45,0.89,29,1
P008,HRTF_B,23,1.142,66.25,1.21,29,1
P008,HRTF_B,23,1.156,64.92,1.4,29,1
P008,HRTF_B,23,1.169,63.52,1.6,29,1
P008,HRTF_B,23,1.184,61.94,1.68,29,1
P008,HRTF_B,23,1.198,60.16,1.67,29,1
P008,HRTF_B,23,1.211,58.18,1.54,29,1
P008,HRTF_B,23,1.225,56.1,1.32,29,1
P008,HRTF_B,23,1.239,54.01,1.07,29,1
P008,HRTF_B,23,1.253,51.84,0.78,29,1
P008,HRTF_B,23,1.267,49.66,0.46,29,1
P008,HRTF_B,23,1.281,47.48,0.13,29,1
P008,HRTF_B,23,1.295,45.36,-0.18,29,1
P008,HRTF_B,23,1.309,43.16,-0.45,29,1
P008,HRTF_B,23,1.322,41.06,-0.73,29,1
P008,HRTF_B,23,1.337,39.01,-0.99,29,1
P008,HRTF_B,23,1.35,36.99,-1.3,29,1
P008,HRTF_B,23,1.364,34.99,-1.68,29,1
P008,HRTF_B,23,1.378,33,-2.01,29,1
P008,HRTF_B,23,1.392,30.98,-2.29,29,1
P008,HRTF_B,23,1.406,28.96,-2.53,29,1
P008,HRTF_B,23,1.42,26.94,-2.72,29,1
P008,HRTF_B,23,1.434,24.93,-2.91,29,1
P008,HRTF_B,23,1.448,22.97,-3.06,29,1
P008,HRTF_B,23,1.462,21.04,-3.22,29,1
P008,HRTF_B,23,1.475,19.09,-3.38,29,1
P008,HRTF_B,23,1.49,17.14,-3.54,29,1
P008,HRTF_B,23,1.503,15.2,-3.66,29,1
P008,HRTF_B,23,1.517,13.24,-3.77,29,1
P008,HRTF_B,23,1.531,11.29,-3.85,29,1
P008,HRTF_B,23,1.545,9.34,-3.91,29,1
P008,HRTF_B,23,1.559,7.36,-3.95,29,1
P008,HRTF_B,23,1.572,5.34,-3.99,29,1
P008,HRTF_B,23,1.587,3.32,-4.02,29,1
P008,HRTF_B,23,1.6,1.31,-4.07,29,1
P008,HRTF_B,23,1.614,-0.71,-4.09,29,1
P008,HRTF_B,23,1.628,-2.75,-4.13,29,1
P008,HRTF_B,23,1.642,-4.83,-4.17,29,1
P008,HRTF_B,23,1.656,-6.92,-4.24,29,1
P008,HRTF_B,23,1.669,-9.01,-4.31,29,1
P008,HRTF_B,23,1.684,-11.1,-4.39,29,1
P008,HRTF_B,23,1.697,-13.16,-4.5,29,1
P008,HRTF_B,23,1.711,-15.19,-4.59,29,1
P008,HRTF_B,23,1.725,-17.2,-4.67,29,1
P008,HRTF_B,23,1.739,-19.17,-4.75,29,1
P008,HRTF_B,23,1.753,-21.11,-4.81,29,1
P008,HRTF_B,23,1.767,-22.99,-4.9,29,1
P008,HRTF_B,23,1.781,-24.83,-4.94,29,1
P008,HRTF_B,23,1.795,-26.62,-5,29,1
P008,HRTF_B,23,1.808,-28.33,-5.07,29,1
P008,HRTF_B,23,1.823,-29.96,-5.15,29,1
P008,HRTF_B,23,1.836,-31.5,-5.23,29,1
P008,HRTF_B,23,1.85,-32.96,-5.33,29,1
P008,HRTF_B,23,1.864,-34.32,-5.42,29,1
P008,HRTF_B,23,1.878,-35.62,-5.5,29,1
P008,HRTF_B,23,1.892,-36.84,-5.54,29,1
P008,HRTF_B,23,1.906,-37.98,-5.53,29,1
P008,HRTF_B,23,1.92,-39.05,-5.57,29,1
P008,HRTF_B,23,1.934,-40.05,-5.61,29,1
P008,HRTF_B,23,1.948,-40.97,-5.64,29,1
P008,HRTF_B,23,1.962,-41.79,-5.7,29,1
P008,HRTF_B,23,1.975,-42.54,-5.74,29,1
P008,HRTF_B,23,1.989,-43.16,-5.77,29,1
P008,HRTF_B,23,2.003,-43.71,-5.79,29,1
P008,HRTF_B,23,2.017,-44.17,-5.82,29,1
P008,HRTF_B,23,2.031,-44.57,-5.81,29,1
P008,HRTF_B,23,2.045,-44.9,-5.78,29,1
P008,HRTF_B,23,2.059,-45.19,-5.75,29,1
P008,HRTF_B,23,2.072,-45.44,-5.74,29,1
P008,HRTF_B,23,2.086,-45.68,-5.75,29,1
P008,HRTF_B,23,2.101,-45.9,-5.79,29,1
P008,HRTF_B,23,2.115,-46.09,-5.81,29,1
P008,HRTF_B,23,2.128,-46.27,-5.83,29,1
P008,HRTF_B,23,2.141,-46.41,-5.87,29,1
P008,HRTF_B,23,2.156,-46.53,-5.92,29,1
P008,HRTF_B,23,2.17,-46.63,-5.96,29,1
P008,HRTF_B,23,2.184,-46.7,-5.98,29,1
P008,HRTF_B,23,2.198,-46.75,-5.97,29,1
P008,HRTF_B,23,2.211,-46.75,-5.95,29,1
P008,HRTF_B,24,0.015,4.26,2.47,20,1
P008,HRTF_B,24,0.029,4.6,2.44,20,1
P008,HRTF_B,24,0.042,4.9,2.4,20,1
P008,HRTF_B,24,0.056,5.18,2.39,20,1
P008,HRTF_B,24,0.069,5.43,2.34,20,1
P008,HRTF_B,24,0.083,5.64,2.28,20,1
P008,HRTF_B,24,0.096,5.8,2.19,20,1
P008,HRTF_B,24,0.109,5.93,2.09,20,1
P008,HRTF_B,24,0.129,5.94,1.98,20,1
P008,HRTF_B,24,0.143,5.94,1.89,20,1
P008,HRTF_B,24,0.156,5.9,1.77,20,1
P008,HRTF_B,24,0.17,5.78,1.61,20,1
P008,HRTF_B,24,0.183,5.61,1.42,20,1
P008,HRTF_B,24,0.196,5.38,1.21,20,1
P008,HRTF_B,24,0.21,5.06,1,20,1
P008,HRTF_B,24,0.223,4.66,0.74,20,1
P008,HRTF_B,24,0.24,4.12,0.5,20,1
P008,HRTF_B,24,0.254,3.54,0.27,20,1
P008,HRTF_B,24,0.268,2.88,0.04,20,1
P008,HRTF_B,24,0.282,2.11,-0.22,20,1
P008,HRTF_B,24,0.295,1.25,-0.47,20,1
P008,HRTF_B,24,0.308,0.31,-0.67,20,1
P008,HRTF_B,24,0.321,-0.74,-0.89,20,1
P008,HRTF_B,24,0.335,-1.86,-1.05,20,1
P008,HRTF_B,24,0.351,-3.13,-1.25,20,1
P008,HRTF_B,24,0.365,-4.5,-1.48,20,1
P008,HRTF_B,24,0.379,-5.96,-1.7,20,1
P008,HRTF_B,24,0.393,-7.51,-1.91,20,1
P008,HRTF_B,24,0.407,-9.13,-2.11,20,1
P008,HRTF_B,24,0.421,-10.85,-2.38,20,1
P008,HRTF_B,24,0.435,-12.64,-2.65,20,1
P008,HRTF_B,24,0.448,-14.51,-2.96,20,1
P008,HRTF_B,24,0.462,-16.43,-3.25,20,1
P008,HRTF_B,24,0.476,-18.43,-3.55,20,1
P008,HRTF_B,24,0.49,-20.46,-3.81,20,1
P008,HRTF_B,24,0.504,-22.5,-4.06,20,1
P008,HRTF_B,24,0.518,-24.48,-4.26,20,1
P008,HRTF_B,24,0.532,-26.42,-4.4,20,1
P008,HRTF_B,24,0.546,-28.26,-4.46,20,1
P008,HRTF_B,24,0.561,-30.02,-4.44,20,1
P008,HRTF_B,24,0.574,-31.72,-4.39,20,1
P008,HRTF_B,24,0.588,-33.33,-4.29,20,1
P008,HRTF_B,24,0.602,-34.84,-4.16,20,1
P008,HRTF_B,24,0.615,-36.23,-4.02,20,1
P008,HRTF_B,24,0.629,-37.51,-3.85,20,1
P008,HRTF_B,24,0.643,-38.7,-3.62,20,1
P008,HRTF_B,24,0.657,-39.8,-3.35,20,1
P008,HRTF_B,24,0.672,-40.83,-3.05,20,1
P008,HRTF_B,24,0.686,-41.81,-2.75,20,1
P008,HRTF_B,24,0.699,-42.7,-2.46,20,1
P008,HRTF_B,24,0.717,-43.47,-2.16,20,1
P008,HRTF_B,24,0.741,-44.74,-1.51,20,1
P008,HRTF_B,24,0.754,-45.22,-1.18,20,1
P008,HRTF_B,24,0.768,-45.59,-0.9,20,1
P008,HRTF_B,24,0.782,-45.88,-0.66,20,1
P008,HRTF_B,24,0.795,-46.09,-0.45,20,1
P008,HRTF_B,24,0.809,-46.22,-0.31,20,1
P008,HRTF_B,24,0.822,-46.28,-0.26,20,1
P008,HRTF_B,24,0.835,-46.29,-0.29,20,1
P008,HRTF_B,24,0.848,-46.25,-0.44,20,1
P008,HRTF_B,24,0.865,-46.17,-0.59,20,1
P008,HRTF_B,24,0.88,-46.07,-0.71,20,1
P008,HRTF_B,24,0.892,-45.93,-0.82,20,1
P008,HRTF_B,24,0.906,-45.72,-0.95,20,1
P008,HRTF_B,24,0.92,-45.48,-1.16,20,1
P008,HRTF_B,24,0.932,-45.21,-1.42,20,1
P008,HRTF_B,24,0.946,-44.88,-1.72,20,1
P008,HRTF_B,24,0.959,-44.48,-2.07,20,1
P008,HRTF_B,24,0.976,-44.04,-2.53,20,1
P008,HRTF_B,24,0.99,-43.59,-3.03,20,1
P008,HRTF_B,24,1.004,-43.11,-3.52,20,1
P008,HRTF_B,24,1.018,-42.62,-4.07,20,1
P008,HRTF_B,24,1.032,-42.13,-4.61,20,1
P008,HRTF_B,24,1.045,-41.61,-5.18,20,1
P008,HRTF_B,24,1.06,-41.12,-5.77,20,1
P008,HRTF_B,24,1.074,-40.66,-6.41,20,1
P008,HRTF_B,24,1.088,-40.21,-7.08,20,1
P008,HRTF_B,24,1.102,-39.8,-7.82,20,1
P008,HRTF_B,24,1.116,-39.46,-8.57,20,1
P008,HRTF_B,24,1.129,-39.16,-9.28,20,1
P008,HRTF_B,24,1.143,-38.89,-9.97,20,1
P008,HRTF_B,24,1.157,-38.68,-10.66,20,1
P008,HRTF_B,24,1.172,-38.48,-11.3,20,1
P008,HRTF_B,24,1.185,-38.36,-11.88,20,1
P008,HRTF_B,24,1.199,-38.31,-12.45,20,1
P008,HRTF_B,24,1.212,-38.31,-12.98,20,1
P008,HRTF_B,24,1.226,-38.4,-13.48,20,1
P008,HRTF_B,24,1.24,-38.52,-13.91,20,1
P008,HRTF_B,24,1.254,-38.72,-14.32,20,1
P008,HRTF_B,24,1.268,-38.99,-14.66,20,1
P008,HRTF_B,24,1.282,-39.35,-14.93,20,1
P008,HRTF_B,24,1.296,-39.83,-15.13,20,1
P008,HRTF_B,24,1.311,-40.44,-15.29,20,1
P008,HRTF_B,24,1.324,-41.14,-15.37,20,1
P008,HRTF_B,24,1.337,-41.95,-15.38,20,1
P008,HRTF_B,24,1.352,-42.87,-15.33,20,1
P008,HRTF_B,24,1.365,-43.88,-15.23,20,1
P008,HRTF_B,24,1.379,-45.07,-15.02,20,1
P008,HRTF_B,24,1.393,-46.32,-14.81,20,1
P008,HRTF_B,24,1.407,-47.73,-14.47,20,1
P008,HRTF_B,24,1.421,-49.28,-14.13,20,1
P008,HRTF_B,24,1.435,-50.97,-13.78,20,1
P008,HRTF_B,24,1.449,-52.73,-13.48,20,1
P008,HRTF_B,24,1.463,-54.6,-13.3,20,1
P008,HRTF_B,24,1.477,-56.5,-13.22,20,1
P008,HRTF_B,24,1.491,-58.42,-13.07,20,1
P008,HRTF_B,24,1.504,-60.37,-12.92,20,1
P008,HRTF_B,24,1.517,-62.22,-12.63,20,1
P008,HRTF_B,24,1.532,-64.01,-12.27,20,1
P008,HRTF_B,24,1.546,-65.63,-11.83,20,1
P008,HRTF_B,24,1.56,-67.13,-11.29,20,1
P008,HRTF_B,24,1.574,-68.54,-10.71,20,1
P008,HRTF_B,24,1.588,-69.91,-10.02,20,1
P008,HRTF_B,24,1.602,-71.25,-9.33,20,1
P008,HRTF_B,24,1.615,-72.49,-8.69,20,1
P008,HRTF_B,24,1.629,-73.65,-7.99,20,1
P008,HRTF_B,24,1.642,-74.87,-7.31,20,1
P008,HRTF_B,24,1.657,-75.98,-6.63,20,1
P008,HRTF_B,24,1.671,-77.1,-5.97,20,1
P008,HRTF_B,24,1.685,-78.2,-5.45,20,1
P008,HRTF_B,24,1.699,-79.26,-5,20,1
P008,HRTF_B,24,1.713,-80.26,-4.56,20,1
P008,HRTF_B,24,1.727,-81.16,-4.15,20,1
P008,HRTF_B,24,1.74,-82.12,-3.76,20,1
P008,HRTF_B,24,1.755,-82.94,-3.32,20,1
P008,HRTF_B,24,1.769,-83.73,-2.96,20,1
P008,HRTF_B,24,1.782,-84.56,-2.75,20,1
P008,HRTF_B,24,1.796,-85.24,-2.36,20,1
P008,HRTF_B,24,1.81,-85.9,-2.02,20,1
P008,HRTF_B,24,1.824,-86.58,-1.77,20,1
P008,HRTF_B,24,1.838,-87.18,-1.55,20,1
P008,HRTF_B,24,1.852,-87.74,-1.33,20,1
P008,HRTF_B,24,1.865,-88.28,-1.13,20,1
P008,HRTF_B,24,1.879,-88.76,-1.02,20,1
P008,HRTF_B,24,1.894,-89.22,-0.9,20,1
P008,HRTF_B,24,1.907,-89.75,-0.82,20,1
P008,HRTF_B,24,1.921,-90.28,-0.76,20,1
P008,HRTF_B,24,1.935,-90.87,-0.68,20,1
P008,HRTF_B,24,1.948,-91.53,-0.65,20,1
P008,HRTF_B,24,1.963,-92.26,-0.6,20,1
P008,HRTF_B,24,1.977,-93.08,-0.59,20,1
P008,HRTF_B,24,1.99,-93.87,-0.66,20,1
P008,HRTF_B,24,2.004,-94.68,-0.73,20,1
P008,HRTF_B,24,2.018,-95.49,-0.89,20,1
P008,HRTF_B,24,2.032,-96.29,-0.99,20,1
P008,HRTF_B,24,2.047,-97.02,-1.13,20,1
P008,HRTF_B,24,2.06,-97.71,-1.18,20,1
P008,HRTF_B,24,2.074,-98.41,-1.24,20,1
P008,HRTF_B,24,2.088,-98.98,-1.27,20,1
P008,HRTF_B,24,2.102,-99.48,-1.29,20,1
P008,HRTF_B,24,2.116,-99.89,-1.26,20,1
P008,HRTF_B,24,2.129,-100.21,-1.25,20,1
P008,HRTF_B,24,2.143,-100.49,-1.29,20,1
P008,HRTF_B,24,2.158,-100.73,-1.43,20,1
P008,HRTF_B,24,2.171,-100.99,-1.55,20,1
P008,HRTF_B,24,2.186,-101.27,-1.8,20,1
P008,HRTF_B,24,2.199,-101.54,-1.93,20,1
P008,HRTF_B,24,2.213,-101.83,-2.06,20,1
P008,HRTF_B,24,2.227,-102.18,-2.21,20,1
P008,HRTF_B,24,2.241,-102.57,-2.29,20,1
P008,HRTF_B,24,2.254,-103.07,-2.35,20,1
P008,HRTF_B,24,2.268,-103.65,-2.51,20,1
P008,HRTF_B,24,2.282,-104.12,-2.53,20,1
P008,HRTF_B,24,2.296,-104.65,-2.64,20,1
P008,HRTF_B,24,2.31,-105.13,-2.68,20,1
P008,HRTF_B,24,2.324,-105.55,-2.65,20,1
P008,HRTF_B,24,2.338,-105.92,-2.48,20,1
P008,HRTF_B,24,2.352,-106.23,-2.25,20,1
P008,HRTF_B,24,2.365,-106.51,-1.87,20,1
P008,HRTF_B,24,2.379,-106.76,-1.42,20,1
P008,HRTF_B,24,2.393,-106.97,-0.86,20,1
P008,HRTF_B,24,2.407,-107.15,-0.19,20,1
P008,HRTF_B,24,2.421,-107.33,0.53,20,1
P008,HRTF_B,24,2.435,-107.52,1.32,20,1
P008,HRTF_B,24,2.449,-107.76,2.07,20,1
P008,HRTF_B,24,2.463,-108.04,2.75,20,1
P008,HRTF_B,24,2.478,-108.38,3.34,20,1
P008,HRTF_B,24,2.491,-108.78,3.89,20,1
P008,HRTF_B,24,2.505,-109.24,4.41,20,1
P008,HRTF_B,24,2.518,-109.74,4.89,20,1
P008,HRTF_B,24,2.532,-110.33,5.33,20,1
P008,HRTF_B,24,2.546,-110.92,5.71,20,1
P008,HRTF_B,24,2.56,-111.51,6.05,20,1
P008,HRTF_B,24,2.574,-112.12,6.34,20,1
P008,HRTF_B,24,2.588,-112.73,6.54,20,1
P008,HRTF_B,24,2.602,-113.33,6.66,20,1
P008,HRTF_B,24,2.615,-113.91,6.71,20,1
P008,HRTF_B,24,2.63,-114.42,6.75,20,1
P008,HRTF_B,24,2.643,-114.86,6.82,20,1
P008,HRTF_B,24,2.657,-115.26,6.94,20,1
P008,HRTF_B,24,2.671,-115.59,7.05,20,1
P008,HRTF_B,24,2.685,-115.89,7.11,20,1
P008,HRTF_B,24,2.699,-116.14,7.14,20,1
P008,HRTF_B,24,2.712,-116.37,7.15,20,1
P008,HRTF_B,24,2.727,-116.58,7.17,20,1
P008,HRTF_B,24,2.741,-116.75,7.19,20,1
P008,HRTF_B,25,0.016,0.01,0.49,4,1
P008,HRTF_B,25,0.03,0.26,0.55,4,1
P008,HRTF_B,25,0.045,0.47,0.61,4,1
P008,HRTF_B,25,0.059,0.63,0.65,4,1
P008,HRTF_B,25,0.073,0.72,0.68,4,1
P008,HRTF_B,25,0.087,0.76,0.71,4,1
P008,HRTF_B,25,0.1,0.72,0.76,4,1
P008,HRTF_B,25,0.114,0.61,0.84,4,1
P008,HRTF_B,25,0.128,0.44,0.94,4,1
P008,HRTF_B,25,0.142,0.2,1.01,4,1
P008,HRTF_B,25,0.156,-0.09,1.03,4,1
P008,HRTF_B,25,0.17,-0.42,0.99,4,1
P008,HRTF_B,25,0.184,-0.82,0.89,4,1
P008,HRTF_B,25,0.198,-1.25,0.73,4,1
P008,HRTF_B,25,0.211,-1.75,0.58,4,1
P008,HRTF_B,25,0.225,-2.31,0.43,4,1
P008,HRTF_B,25,0.239,-2.96,0.26,4,1
P008,HRTF_B,25,0.253,-3.69,0.07,4,1
P008,HRTF_B,25,0.267,-4.57,-0.14,4,1
P008,HRTF_B,25,0.281,-5.58,-0.37,4,1
P008,HRTF_B,25,0.294,-6.77,-0.56,4,1
P008,HRTF_B,25,0.308,-8.1,-0.76,4,1
P008,HRTF_B,25,0.323,-9.61,-0.93,4,1
P008,HRTF_B,25,0.337,-11.23,-1.05,4,1
P008,HRTF_B,25,0.351,-12.98,-1.14,4,1
P008,HRTF_B,25,0.365,-14.83,-1.17,4,1
P008,HRTF_B,25,0.379,-16.75,-1.12,4,1
P008,HRTF_B,25,0.393,-18.73,-1.04,4,1
P008,HRTF_B,25,0.407,-20.76,-0.91,4,1
P008,HRTF_B,25,0.422,-22.83,-0.75,4,1
P008,HRTF_B,25,0.435,-24.9,-0.52,4,1
P008,HRTF_B,25,0.449,-26.95,-0.27,4,1
P008,HRTF_B,25,0.464,-30.97,0.24,4,1
P008,HRTF_B,25,0.478,-32.91,0.56,4,1
P008,HRTF_B,25,0.493,-34.79,0.84,4,1
P008,HRTF_B,25,0.506,-36.62,1.12,4,1
P008,HRTF_B,25,0.52,-38.4,1.32,4,1
P008,HRTF_B,25,0.534,-40.12,1.52,4,1
P008,HRTF_B,25,0.548,-41.75,1.63,4,1
P008,HRTF_B,25,0.562,-43.35,1.82,4,1
P008,HRTF_B,25,0.576,-44.91,1.99,4,1
P008,HRTF_B,25,0.59,-46.43,2.04,4,1
P008,HRTF_B,25,0.605,-47.88,2.24,4,1
P008,HRTF_B,25,0.619,-49.3,2.48,4,1
P008,HRTF_B,25,0.633,-50.63,2.76,4,1
P008,HRTF_B,25,0.646,-51.88,3,4,1
P008,HRTF_B,25,0.66,-53.08,3.25,4,1
P008,HRTF_B,25,0.674,-54.25,3.42,4,1
P008,HRTF_B,25,0.688,-55.36,3.6,4,1
P008,HRTF_B,25,0.702,-56.41,3.75,4,1
P008,HRTF_B,25,0.715,-57.39,3.87,4,1
P008,HRTF_B,25,0.729,-58.35,3.95,4,1
P008,HRTF_B,25,0.744,-59.23,4.01,4,1
P008,HRTF_B,25,0.758,-60.07,4.09,4,1
P008,HRTF_B,25,0.771,-60.83,4.14,4,1
P008,HRTF_B,25,0.785,-61.45,4.17,4,1
P008,HRTF_B,25,0.798,-61.93,4.15,4,1
P008,HRTF_B,25,0.812,-62.31,4.13,4,1
P008,HRTF_B,25,0.826,-62.61,4.11,4,1
P008,HRTF_B,25,0.839,-62.76,4.05,4,1
P008,HRTF_B,25,0.853,-62.79,3.99,4,1
P008,HRTF_B,25,0.867,-62.67,3.91,4,1
P008,HRTF_B,25,0.882,-62.42,3.76,4,1
P008,HRTF_B,25,0.895,-62.08,3.54,4,1
P008,HRTF_B,25,0.909,-61.63,3.27,4,1
P008,HRTF_B,25,0.923,-61.05,2.97,4,1
P008,HRTF_B,25,0.937,-60.34,2.68,4,1
P008,HRTF_B,25,0.951,-59.51,2.35,4,1
P008,HRTF_B,25,0.964,-58.57,1.94,4,1
P008,HRTF_B,25,0.98,-57.49,1.46,4,1
P008,HRTF_B,25,0.994,-56.38,1.03,4,1
P008,HRTF_B,25,1.007,-55.16,0.58,4,1
P008,HRTF_B,25,1.022,-53.84,0.16,4,1
P008,HRTF_B,25,1.036,-52.41,-0.27,4,1
P008,HRTF_B,25,1.051,-50.95,-0.69,4,1
P008,HRTF_B,25,1.064,-49.43,-1.08,4,1
P008,HRTF_B,25,1.078,-47.88,-1.47,4,1
P008,HRTF_B,25,1.092,-46.32,-1.86,4,1
P008,HRTF_B,25,1.105,-44.76,-2.24,4,1
P008,HRTF_B,25,1.12,-43.14,-2.63,4,1
P008,HRTF_B,25,1.134,-41.49,-3.02,4,1
P008,HRTF_B,25,1.147,-39.83,-3.43,4,1
P008,HRTF_B,25,1.163,-38.15,-3.81,4,1
P008,HRTF_B,25,1.177,-36.51,-4.16,4,1
P008,HRTF_B,25,1.192,-34.87,-4.46,4,1
P008,HRTF_B,25,1.205,-33.24,-4.75,4,1
P008,HRTF_B,25,1.219,-31.61,-5,4,1
P008,HRTF_B,25,1.233,-29.98,-5.25,4,1
P008,HRTF_B,25,1.247,-28.38,-5.49,4,1
P008,HRTF_B,25,1.261,-26.92,-5.73,4,1
P008,HRTF_B,25,1.274,-25.26,-5.96,4,1
P008,HRTF_B,25,1.288,-23.78,-6.22,4,1
P008,HRTF_B,25,1.303,-22.55,-6.47,4,1
P008,HRTF_B,25,1.317,-21,-6.61,4,1
P008,HRTF_B,25,1.334,-19.48,-6.82,4,1
P008,HRTF_B,25,1.348,-17.91,-7.03,4,1
P008,HRTF_B,25,1.361,-16.31,-7.28,4,1
P008,HRTF_B,25,1.375,-14.67,-7.59,4,1
P008,HRTF_B,25,1.389,-13.06,-7.9,4,1
P008,HRTF_B,25,1.402,-11.47,-8.2,4,1
P008,HRTF_B,25,1.416,-9.93,-8.51,4,1
P008,HRTF_B,25,1.43,-8.48,-8.84,4,1
P008,HRTF_B,25,1.446,-7.01,-9.19,4,1
P008,HRTF_B,25,1.46,-5.56,-9.55,4,1
P008,HRTF_B,25,1.474,-4.16,-9.92,4,1
P008,HRTF_B,25,1.487,-2.76,-10.27,4,1
P008,HRTF_B,25,1.501,-1.41,-10.67,4,1
P008,HRTF_B,25,1.515,-0.07,-11.04,4,1
P008,HRTF_B,25,1.529,1.26,-11.36,4,1
P008,HRTF_B,25,1.543,2.56,-11.68,4,1
P008,HRTF_B,25,1.557,3.85,-11.98,4,1
P008,HRTF_B,25,1.57,5.09,-12.3,4,1
P008,HRTF_B,25,1.585,6.3,-12.59,4,1
P008,HRTF_B,25,1.599,7.49,-12.88,4,1
P008,HRTF_B,25,1.614,8.64,-13.17,4,1
P008,HRTF_B,25,1.627,9.74,-13.43,4,1
P008,HRTF_B,25,1.641,10.79,-13.71,4,1
P008,HRTF_B,25,1.655,11.8,-14.08,4,1
P008,HRTF_B,25,1.669,12.79,-14.46,4,1
P008,HRTF_B,25,1.682,13.72,-14.82,4,1
P008,HRTF_B,25,1.696,14.64,-15.17,4,1
P008,HRTF_B,25,1.71,15.53,-15.5,4,1
P008,HRTF_B,25,1.725,16.36,-15.79,4,1
P008,HRTF_B,25,1.739,17.17,-16.05,4,1
P008,HRTF_B,25,1.753,17.92,-16.29,4,1
P008,HRTF_B,25,1.766,18.66,-16.54,4,1
P008,HRTF_B,25,1.78,19.36,-16.8,4,1
P008,HRTF_B,25,1.794,20.08,-17.09,4,1
P008,HRTF_B,25,1.808,20.8,-17.37,4,1
P008,HRTF_B,25,1.822,21.55,-17.61,4,1
P008,HRTF_B,25,1.836,22.28,-17.78,4,1
P008,HRTF_B,25,1.849,23.05,-17.88,4,1
P008,HRTF_B,25,1.863,23.85,-17.97,4,1
P008,HRTF_B,25,1.878,24.62,-18,4,1
P008,HRTF_B,25,1.892,25.37,-17.92,4,1
P008,HRTF_B,25,1.906,26.17,-17.93,4,1
P008,HRTF_B,25,1.92,26.95,-17.78,4,1
P008,HRTF_B,25,1.933,27.78,-17.68,4,1
P008,HRTF_B,25,1.947,28.64,-17.61,4,1
P008,HRTF_B,25,1.961,29.55,-17.6,4,1
P008,HRTF_B,25,1.975,30.46,-17.56,4,1
P008,HRTF_B,25,1.989,31.43,-17.51,4,1
P008,HRTF_B,25,2.002,32.48,-17.54,4,1
P008,HRTF_B,25,2.017,33.59,-17.67,4,1
P008,HRTF_B,25,2.031,34.75,-17.84,4,1
P008,HRTF_B,25,2.045,35.96,-18.05,4,1
P008,HRTF_B,25,2.059,37.22,-18.27,4,1
P008,HRTF_B,25,2.072,38.52,-18.49,4,1
P008,HRTF_B,25,2.086,39.86,-18.71,4,1
P008,HRTF_B,25,2.1,41.22,-18.91,4,1
P008,HRTF_B,25,2.114,42.6,-19.06,4,1
P008,HRTF_B,25,2.127,44,-19.15,4,1
P008,HRTF_B,25,2.141,45.41,-19.24,4,1
P008,HRTF_B,25,2.156,46.79,-19.28,4,1
P008,HRTF_B,25,2.17,48.15,-19.2,4,1
P008,HRTF_B,25,2.183,49.44,-19.01,4,1
P008,HRTF_B,25,2.197,50.68,-18.65,4,1
P008,HRTF_B,25,2.21,51.83,-18.18,4,1
P008,HRTF_B,25,2.224,52.87,-17.59,4,1
P008,HRTF_B,25,2.238,53.77,-16.91,4,1
P008,HRTF_B,25,2.251,54.52,-16.12,4,1
P008,HRTF_B,25,2.265,55.14,-15.31,4,1
P008,HRTF_B,25,2.279,55.61,-14.45,4,1
P008,HRTF_B,25,2.294,55.93,-13.66,4,1
P008,HRTF_B,25,2.308,56.17,-12.87,4,1
P008,HRTF_B,25,2.322,56.26,-12.05,4,1
P008,HRTF_B,25,2.336,56.29,-11.35,4,1
P008,HRTF_B,25,2.35,56.22,-10.68,4,1
P008,HRTF_B,25,2.363,56.04,-10.09,4,1
P008,HRTF_B,25,2.377,55.77,-9.57,4,1
P008,HRTF_B,25,2.391,55.42,-9.09,4,1
P008,HRTF_B,25,2.404,55,-8.71,4,1
P008,HRTF_B,25,2.418,54.53,-8.31,4,1
P008,HRTF_B,25,2.433,53.98,-7.87,4,1
P008,HRTF_B,25,2.447,53.43,-7.37,4,1
P008,HRTF_B,25,2.46,52.82,-6.81,4,1
P008,HRTF_B,25,2.474,52.17,-6.21,4,1
P008,HRTF_B,25,2.488,51.49,-5.55,4,1
P008,HRTF_B,25,2.501,50.81,-4.9,4,1
P008,HRTF_B,25,2.515,50.12,-4.2,4,1
P008,HRTF_B,25,2.529,49.43,-3.49,4,1
P008,HRTF_B,25,2.543,48.76,-2.75,4,1
P008,HRTF_B,25,2.558,48.12,-2.02,4,1
P008,HRTF_B,25,2.577,46.86,-0.52,4,1
P008,HRTF_B,25,2.591,46.34,0.31,4,1
P008,HRTF_B,25,2.605,45.85,1.09,4,1
P008,HRTF_B,25,2.619,45.42,1.88,4,1
P008,HRTF_B,25,2.633,45.02,2.65,4,1
P008,HRTF_B,25,2.647,44.64,3.41,4,1
P008,HRTF_B,25,2.661,44.32,4.09,4,1
P008,HRTF_B,25,2.675,44.06,4.71,4,1
P008,HRTF_B,25,2.689,43.85,5.24,4,1
P008,HRTF_B,25,2.703,43.71,5.72,4,1
P008,HRTF_B,25,2.716,43.58,6.14,4,1
P008,HRTF_B,25,2.731,43.48,6.52,4,1
P008,HRTF_B,25,2.745,43.45,6.86,4,1
P008,HRTF_B,25,2.759,43.47,7.15,4,1
P008,HRTF_B,25,2.773,43.53,7.4,4,1
P008,HRTF_B,25,2.787,43.58,7.6,4,1
P008,HRTF_B,25,2.801,43.65,7.76,4,1
P008,HRTF_B,25,2.814,43.73,7.92,4,1
P008,HRTF_B,25,2.828,43.81,8.05,4,1
P008,HRTF_B,25,2.842,43.92,8.17,4,1
P008,HRTF_B,25,2.856,44.02,8.26,4,1
P008,HRTF_B,25,2.871,44.14,8.3,4,1
P008,HRTF_B,25,2.884,44.25,8.36,4,1
P008,HRTF_B,25,2.897,44.35,8.4,4,1
P008,HRTF_B,25,2.911,44.46,8.44,4,1
P008,HRTF_B,25,2.925,44.58,8.49,4,1
P008,HRTF_B,25,2.938,44.69,8.51,4,1
P008,HRTF_B,25,2.952,44.81,8.51,4,1
P008,HRTF_B,26,0.016,0.91,-0.32,21,1
P008,HRTF_B,26,0.031,1.07,-0.52,21,1
P008,HRTF_B,26,0.045,1.27,-0.7,21,1
P008,HRTF_B,26,0.059,1.52,-0.88,21,1
P008,HRTF_B,26,0.073,1.82,-1.06,21,1
P008,HRTF_B,26,0.086,2.14,-1.22,21,1
P008,HRTF_B,26,0.101,2.49,-1.38,21,1
P008,HRTF_B,26,0.117,3.27,-1.65,21,1
P008,HRTF_B,26,0.13,3.71,-1.81,21,1
P008,HRTF_B,26,0.145,4.16,-1.9,21,1
P008,HRTF_B,26,0.16,4.62,-1.98,21,1
P008,HRTF_B,26,0.174,5.09,-2.07,21,1
P008,HRTF_B,26,0.188,5.57,-2.14,21,1
P008,HRTF_B,26,0.203,6.04,-2.21,21,1
P008,HRTF_B,26,0.217,6.55,-2.29,21,1
P008,HRTF_B,26,0.233,7.05,-2.34,21,1
P008,HRTF_B,26,0.247,7.59,-2.4,21,1
P008,HRTF_B,26,0.264,8.18,-2.45,21,1
P008,HRTF_B,26,0.278,8.83,-2.51,21,1
P008,HRTF_B,26,0.292,9.49,-2.55,21,1
P008,HRTF_B,26,0.306,10.19,-2.59,21,1
P008,HRTF_B,26,0.321,10.91,-2.61,21,1
P008,HRTF_B,26,0.335,11.66,-2.61,21,1
P008,HRTF_B,26,0.349,12.46,-2.61,21,1
P008,HRTF_B,26,0.363,13.29,-2.62,21,1
P008,HRTF_B,26,0.376,14.17,-2.65,21,1
P008,HRTF_B,26,0.391,15.09,-2.7,21,1
P008,HRTF_B,26,0.406,16,-2.72,21,1
P008,HRTF_B,26,0.42,16.93,-2.76,21,1
P008,HRTF_B,26,0.434,18.81,-2.82,21,1
P008,HRTF_B,26,0.448,19.79,-2.84,21,1
P008,HRTF_B,26,0.462,20.77,-2.89,21,1
P008,HRTF_B,26,0.476,21.71,-2.93,21,1
P008,HRTF_B,26,0.49,22.63,-2.9,21,1
P008,HRTF_B,26,0.504,23.53,-2.88,21,1
P008,HRTF_B,26,0.519,24.43,-2.84,21,1
P008,HRTF_B,26,0.533,25.28,-2.82,21,1
P008,HRTF_B,26,0.548,26.11,-2.78,21,1
P008,HRTF_B,26,0.562,26.93,-2.73,21,1
P008,HRTF_B,26,0.576,27.71,-2.71,21,1
P008,HRTF_B,26,0.59,28.45,-2.73,21,1
P008,HRTF_B,26,0.606,29.17,-2.8,21,1
P008,HRTF_B,26,0.62,29.86,-2.88,21,1
P008,HRTF_B,26,0.634,30.53,-2.96,21,1
P008,HRTF_B,26,0.648,31.16,-3.05,21,1
P008,HRTF_B,26,0.663,31.77,-3.14,21,1
P008,HRTF_B,26,0.678,32.29,-3.23,21,1
P008,HRTF_B,26,0.692,32.8,-3.33,21,1
P008,HRTF_B,26,0.706,33.28,-3.42,21,1
P008,HRTF_B,26,0.72,33.69,-3.52,21,1
P008,HRTF_B,26,0.735,34.05,-3.62,21,1
P008,HRTF_B,26,0.749,34.36,-3.73,21,1
P008,HRTF_B,26,0.764,34.64,-3.86,21,1
P008,HRTF_B,26,0.778,34.87,-4.01,21,1
P008,HRTF_B,26,0.792,35.06,-4.18,21,1
P008,HRTF_B,26,0.806,35.2,-4.36,21,1
P008,HRTF_B,26,0.821,35.24,-4.57,21,1
P008,HRTF_B,26,0.835,35.23,-4.77,21,1
P008,HRTF_B,26,0.85,35.16,-4.99,21,1
P008,HRTF_B,26,0.864,35,-5.27,21,1
P008,HRTF_B,26,0.879,34.49,-5.85,21,1
P008,HRTF_B,26,0.893,34.02,-6.19,21,1
P008,HRTF_B,26,0.907,33.44,-6.51,21,1
P008,HRTF_B,26,0.921,32.74,-6.85,21,1
P008,HRTF_B,26,0.936,31.92,-7.25,21,1
P008,HRTF_B,26,0.95,30.98,-7.67,21,1
P008,HRTF_B,26,0.965,29.88,-8.14,21,1
P008,HRTF_B,26,0.979,28.73,-8.61,21,1
P008,HRTF_B,26,0.993,27.46,-9.05,21,1
P008,HRTF_B,26,1.007,26.01,-9.49,21,1
P008,HRTF_B,26,1.021,24.43,-9.98,21,1
P008,HRTF_B,26,1.036,22.76,-10.51,21,1
P008,HRTF_B,26,1.05,21.02,-11.04,21,1
P008,HRTF_B,26,1.064,19.26,-11.6,21,1
P008,HRTF_B,26,1.078,17.46,-12.19,21,1
P008,HRTF_B,26,1.093,15.59,-12.74,21,1
P008,HRTF_B,26,1.107,13.7,-13.2,21,1
P008,HRTF_B,26,1.122,11.8,-13.61,21,1
P008,HRTF_B,26,1.136,9.87,-13.95,21,1
P008,HRTF_B,26,1.15,7.93,-14.21,21,1
P008,HRTF_B,26,1.164,5.97,-14.43,21,1
P008,HRTF_B,26,1.177,4.03,-14.65,21,1
P008,HRTF_B,26,1.192,2.1,-14.8,21,1
P008,HRTF_B,26,1.205,0.19,-14.92,21,1
P008,HRTF_B,26,1.219,-1.68,-15.05,21,1
P008,HRTF_B,26,1.235,-3.58,-15.2,21,1
P008,HRTF_B,26,1.249,-5.5,-15.38,21,1
P008,HRTF_B,26,1.263,-7.4,-15.52,21,1
P008,HRTF_B,26,1.277,-9.26,-15.62,21,1
P008,HRTF_B,26,1.291,-11.1,-15.72,21,1
P008,HRTF_B,26,1.305,-12.92,-15.83,21,1
P008,HRTF_B,26,1.318,-14.74,-15.94,21,1
P008,HRTF_B,26,1.332,-16.59,-16.04,21,1
P008,HRTF_B,26,1.346,-18.45,-16.15,21,1
P008,HRTF_B,26,1.36,-20.32,-16.25,21,1
P008,HRTF_B,26,1.375,-22.19,-16.36,21,1
P008,HRTF_B,26,1.389,-24.05,-16.43,21,1
P008,HRTF_B,26,1.403,-25.87,-16.5,21,1
P008,HRTF_B,26,1.417,-27.69,-16.58,21,1
P008,HRTF_B,26,1.431,-29.51,-16.63,21,1
P008,HRTF_B,26,1.445,-31.31,-16.68,21,1
P008,HRTF_B,26,1.459,-33.15,-16.72,21,1
P008,HRTF_B,26,1.473,-34.95,-16.68,21,1
P008,HRTF_B,26,1.487,-36.73,-16.66,21,1
P008,HRTF_B,26,1.501,-38.48,-16.61,21,1
P008,HRTF_B,26,1.526,-41.94,-16.45,21,1
P008,HRTF_B,26,1.541,-43.64,-16.29,21,1
P008,HRTF_B,26,1.555,-45.35,-16.11,21,1
P008,HRTF_B,26,1.569,-47.05,-15.89,21,1
P008,HRTF_B,26,1.583,-48.77,-15.64,21,1
P008,HRTF_B,26,1.597,-50.46,-15.36,21,1
P008,HRTF_B,26,1.611,-52.18,-15.03,21,1
P008,HRTF_B,26,1.625,-53.89,-14.68,21,1
P008,HRTF_B,26,1.639,-55.62,-14.29,21,1
P008,HRTF_B,26,1.653,-57.35,-13.88,21,1
P008,HRTF_B,26,1.669,-59.09,-13.46,21,1
P008,HRTF_B,26,1.683,-60.81,-13.05,21,1
P008,HRTF_B,26,1.698,-62.52,-12.66,21,1
P008,HRTF_B,26,1.712,-64.21,-12.28,21,1
P008,HRTF_B,26,1.726,-65.86,-11.91,21,1
P008,HRTF_B,26,1.74,-69.09,-11.15,21,1
P008,HRTF_B,26,1.754,-70.64,-10.75,21,1
P008,HRTF_B,26,1.768,-72.13,-10.36,21,1
P008,HRTF_B,26,1.782,-73.64,-9.99,21,1
P008,HRTF_B,26,1.796,-75.13,-9.58,21,1
P008,HRTF_B,26,1.811,-76.53,-9.16,21,1
P008,HRTF_B,26,1.825,-77.96,-8.7,21,1
P008,HRTF_B,26,1.839,-79.35,-8.22,21,1
P008,HRTF_B,26,1.854,-80.72,-7.72,21,1
P008,HRTF_B,26,1.867,-82.03,-7.2,21,1
P008,HRTF_B,26,1.881,-83.28,-6.69,21,1
P008,HRTF_B,26,1.895,-84.41,-6.16,21,1
P008,HRTF_B,26,1.909,-85.39,-5.62,21,1
P008,HRTF_B,26,1.923,-86.29,-5.07,21,1
P008,HRTF_B,26,1.937,-87.05,-4.43,21,1
P008,HRTF_B,26,1.952,-87.65,-3.79,21,1
P008,HRTF_B,26,1.966,-88.15,-3.09,21,1
P008,HRTF_B,26,1.98,-88.55,-2.37,21,1
P008,HRTF_B,26,1.994,-88.85,-1.67,21,1
P008,HRTF_B,26,2.008,-89.1,-1,21,1
P008,HRTF_B,26,2.022,-89.34,-0.4,21,1
P008,HRTF_B,26,2.036,-89.61,0.12,21,1
P008,HRTF_B,26,2.049,-89.9,0.64,21,1
P008,HRTF_B,26,2.062,-90.2,1.15,21,1
P008,HRTF_B,26,2.078,-90.59,1.64,21,1
P008,HRTF_B,26,2.092,-91.01,1.94,21,1
P008,HRTF_B,26,2.106,-91.43,2.52,21,1
P008,HRTF_B,26,2.12,-91.97,3.03,21,1
P008,HRTF_B,26,2.134,-92.6,3.32,21,1
P008,HRTF_B,26,2.147,-93.25,3.76,21,1
P008,HRTF_B,26,2.161,-93.95,4.18,21,1
P008,HRTF_B,26,2.175,-94.7,4.63,21,1
P008,HRTF_B,26,2.189,-95.52,5.12,21,1
P008,HRTF_B,26,2.203,-96.42,5.6,21,1
P008,HRTF_B,26,2.218,-97.36,6.04,21,1
P008,HRTF_B,26,2.232,-98.36,6.46,21,1
P008,HRTF_B,26,2.246,-99.39,6.84,21,1
P008,HRTF_B,26,2.26,-100.49,7.27,21,1
P008,HRTF_B,26,2.275,-101.62,7.67,21,1
P008,HRTF_B,26,2.288,-102.8,8,21,1
P008,HRTF_B,26,2.303,-104.01,8.23,21,1
P008,HRTF_B,26,2.317,-105.22,8.38,21,1
P008,HRTF_B,26,2.331,-106.45,8.52,21,1
P008,HRTF_B,26,2.345,-107.63,8.63,21,1
P008,HRTF_B,26,2.36,-108.74,8.74,21,1
P008,HRTF_B,26,2.374,-109.8,8.86,21,1
P008,HRTF_B,26,2.388,-110.8,8.94,21,1
P008,HRTF_B,26,2.402,-111.76,8.97,21,1
P008,HRTF_B,26,2.416,-112.65,8.96,21,1
P008,HRTF_B,26,2.43,-113.46,8.92,21,1
P008,HRTF_B,26,2.444,-114.24,8.86,21,1
P008,HRTF_B,26,2.458,-114.96,8.77,21,1
P008,HRTF_B,26,2.471,-115.65,8.69,21,1
P008,HRTF_B,26,2.486,-116.28,8.58,21,1
P008,HRTF_B,26,2.501,-116.92,8.46,21,1
P008,HRTF_B,26,2.515,-117.51,8.29,21,1
P008,HRTF_B,26,2.529,-118.06,8.08,21,1
P008,HRTF_B,26,2.543,-118.59,7.78,21,1
P008,HRTF_B,26,2.557,-119.09,7.46,21,1
P008,HRTF_B,26,2.573,-119.55,7.1,21,1
P008,HRTF_B,26,2.587,-120.02,6.73,21,1
P008,HRTF_B,26,2.601,-120.44,6.35,21,1
P008,HRTF_B,26,2.615,-120.83,5.94,21,1
P008,HRTF_B,26,2.63,-121.59,5.05,21,1
P008,HRTF_B,26,2.643,-121.87,4.56,21,1
P008,HRTF_B,26,2.657,-122.09,4.05,21,1
P008,HRTF_B,26,2.671,-122.28,3.54,21,1
P008,HRTF_B,26,2.684,-122.39,3.04,21,1
P008,HRTF_B,26,2.698,-122.43,2.53,21,1
P008,HRTF_B,26,2.712,-122.4,2.04,21,1
P008,HRTF_B,26,2.726,-122.28,1.55,21,1
P008,HRTF_B,26,2.74,-122.12,1.03,21,1
P008,HRTF_B,26,2.754,-121.89,0.48,21,1
P008,HRTF_B,26,2.769,-121.58,-0.04,21,1
P008,HRTF_B,27,0.016,2.16,2.51,14,1
P008,HRTF_B,27,0.031,2.47,2.34,14,1
P008,HRTF_B,27,0.046,2.74,2.16,14,1
P008,HRTF_B,27,0.06,2.96,1.98,14,1
P008,HRTF_B,27,0.076,3.13,1.79,14,1
P008,HRTF_B,27,0.091,3.24,1.61,14,1
P008,HRTF_B,27,0.106,3.3,1.42,14,1
P008,HRTF_B,27,0.121,3.29,1.24,14,1
P008,HRTF_B,27,0.135,3.2,1.05,14,1
P008,HRTF_B,27,0.149,3.08,0.82,14,1
P008,HRTF_B,27,0.164,2.91,0.6,14,1
P008,HRTF_B,27,0.178,2.69,0.34,14,1
P008,HRTF_B,27,0.193,2.43,0.09,14,1
P008,HRTF_B,27,0.208,1.81,-0.38,14,1
P008,HRTF_B,27,0.223,1.41,-0.63,14,1
P008,HRTF_B,27,0.238,0.97,-0.84,14,1
P008,HRTF_B,27,0.253,0.52,-1.05,14,1
P008,HRTF_B,27,0.268,0.03,-1.25,14,1
P008,HRTF_B,27,0.283,-0.49,-1.41,14,1
P008,HRTF_B,27,0.298,-1.02,-1.61,14,1
P008,HRTF_B,27,0.312,-1.62,-1.8,14,1
P008,HRTF_B,27,0.327,-2.22,-1.99,14,1
P008,HRTF_B,27,0.341,-2.87,-2.17,14,1
P008,HRTF_B,27,0.357,-3.57,-2.3,14,1
P008,HRTF_B,27,0.372,-4.35,-2.43,14,1
P008,HRTF_B,27,0.386,-5.22,-2.56,14,1
P008,HRTF_B,27,0.401,-6.22,-2.67,14,1
P008,HRTF_B,27,0.416,-8.37,-2.76,14,1
P008,HRTF_B,27,0.43,-9.78,-2.75,14,1
P008,HRTF_B,27,0.445,-11.37,-2.65,14,1
P008,HRTF_B,27,0.459,-13.08,-2.48,14,1
P008,HRTF_B,27,0.473,-14.89,-2.22,14,1
P008,HRTF_B,27,0.489,-16.76,-1.88,14,1
P008,HRTF_B,27,0.504,-18.66,-1.44,14,1
P008,HRTF_B,27,0.518,-20.58,-0.97,14,1
P008,HRTF_B,27,0.533,-22.49,-0.46,14,1
P008,HRTF_B,27,0.547,-24.35,0.11,14,1
P008,HRTF_B,27,0.562,-26.2,0.68,14,1
P008,HRTF_B,27,0.577,-27.99,1.24,14,1
P008,HRTF_B,27,0.591,-29.73,1.84,14,1
P008,HRTF_B,27,0.606,-31.43,2.38,14,1
P008,HRTF_B,27,0.62,-33.12,2.84,14,1
P008,HRTF_B,27,0.639,-36.44,3.71,14,1
P008,HRTF_B,27,0.654,-37.98,4.02,14,1
P008,HRTF_B,27,0.668,-39.51,4.27,14,1
P008,HRTF_B,27,0.682,-41.04,4.43,14,1
P008,HRTF_B,27,0.696,-42.58,4.54,14,1
P008,HRTF_B,27,0.711,-44.15,4.66,14,1
P008,HRTF_B,27,0.725,-45.74,4.75,14,1
P008,HRTF_B,27,0.739,-47.32,4.84,14,1
P008,HRTF_B,27,0.754,-48.97,4.93,14,1
P008,HRTF_B,27,0.768,-50.7,5.01,14,1
P008,HRTF_B,27,0.784,-52.55,5.08,14,1
P008,HRTF_B,27,0.798,-54.46,5.15,14,1
P008,HRTF_B,27,0.812,-56.45,5.18,14,1
P008,HRTF_B,27,0.827,-58.54,5.24,14,1
P008,HRTF_B,27,0.842,-60.7,5.25,14,1
P008,HRTF_B,27,0.856,-62.9,5.24,14,1
P008,HRTF_B,27,0.87,-65.14,5.19,14,1
P008,HRTF_B,27,0.885,-67.43,5.13,14,1
P008,HRTF_B,27,0.899,-69.74,5.06,14,1
P008,HRTF_B,27,0.914,-72.05,4.98,14,1
P008,HRTF_B,27,0.928,-74.34,4.86,14,1
P008,HRTF_B,27,0.942,-76.64,4.73,14,1
P008,HRTF_B,27,0.957,-78.9,4.55,14,1
P008,HRTF_B,27,0.972,-83.26,4.19,14,1
P008,HRTF_B,27,0.987,-85.22,4.02,14,1
P008,HRTF_B,27,1.002,-86.93,3.9,14,1
P008,HRTF_B,27,1.017,-88.45,3.85,14,1
P008,HRTF_B,27,1.032,-89.8,3.79,14,1
P008,HRTF_B,27,1.046,-90.91,3.71,14,1
P008,HRTF_B,27,1.062,-91.78,3.63,14,1
P008,HRTF_B,27,1.076,-92.44,3.55,14,1
P008,HRTF_B,27,1.091,-92.85,3.48,14,1
P008,HRTF_B,27,1.105,-93.01,3.37,14,1
P008,HRTF_B,27,1.12,-92.85,3.22,14,1
P008,HRTF_B,27,1.135,-92.41,3.01,14,1
P008,HRTF_B,27,1.149,-91.72,2.73,14,1
P008,HRTF_B,27,1.164,-90.81,2.42,14,1
P008,HRTF_B,27,1.178,-89.66,2,14,1
P008,HRTF_B,27,1.194,-87.02,1.09,14,1
P008,HRTF_B,27,1.208,-85.2,0.46,14,1
P008,HRTF_B,27,1.223,-83.15,-0.22,14,1
P008,HRTF_B,27,1.237,-80.95,-0.84,14,1
P008,HRTF_B,27,1.252,-78.54,-1.49,14,1
P008,HRTF_B,27,1.266,-75.96,-2.13,14,1
P008,HRTF_B,27,1.28,-73.16,-2.75,14,1
P008,HRTF_B,27,1.294,-70.11,-3.36,14,1
P008,HRTF_B,27,1.309,-66.84,-3.89,14,1
P008,HRTF_B,27,1.325,-63.34,-4.36,14,1
P008,HRTF_B,27,1.34,-59.67,-4.77,14,1
P008,HRTF_B,27,1.354,-55.84,-5.13,14,1
P008,HRTF_B,27,1.369,-51.75,-5.41,14,1
P008,HRTF_B,27,1.383,-47.5,-5.66,14,1
P008,HRTF_B,27,1.397,-43.01,-5.84,14,1
P008,HRTF_B,27,1.412,-38.34,-5.98,14,1
P008,HRTF_B,27,1.426,-33.54,-6.03,14,1
P008,HRTF_B,27,1.44,-28.72,-6.04,14,1
P008,HRTF_B,27,1.454,-23.96,-5.98,14,1
P008,HRTF_B,27,1.469,-19.03,-5.74,14,1
P008,HRTF_B,27,1.483,-14.16,-5.48,14,1
P008,HRTF_B,27,1.497,-9.36,-5.06,14,1
P008,HRTF_B,27,1.512,-4.94,-4.79,14,1
P008,HRTF_B,27,1.526,-0.64,-4.09,14,1
P008,HRTF_B,27,1.541,7.89,-2.82,14,1
P008,HRTF_B,27,1.555,11.93,-1.8,14,1
P008,HRTF_B,27,1.57,15.77,-0.91,14,1
P008,HRTF_B,27,1.584,19.42,-0.1,14,1
P008,HRTF_B,27,1.6,22.84,0.73,14,1
P008,HRTF_B,27,1.615,26.09,1.55,14,1
P008,HRTF_B,27,1.629,29.13,2.32,14,1
P008,HRTF_B,27,1.644,31.93,2.99,14,1
P008,HRTF_B,27,1.658,34.48,3.58,14,1
P008,HRTF_B,27,1.673,36.81,4.08,14,1
P008,HRTF_B,27,1.688,38.97,4.55,14,1
P008,HRTF_B,27,1.702,40.94,4.98,14,1
P008,HRTF_B,27,1.716,42.81,5.3,14,1
P008,HRTF_B,27,1.732,44.53,5.53,14,1
P008,HRTF_B,27,1.746,46.18,5.69,14,1
P008,HRTF_B,27,1.761,47.75,5.81,14,1
P008,HRTF_B,27,1.775,49.27,5.8,14,1
P008,HRTF_B,27,1.789,50.7,5.71,14,1
P008,HRTF_B,27,1.803,52.08,5.56,14,1
P008,HRTF_B,27,1.817,53.43,5.34,14,1
P008,HRTF_B,27,1.831,54.75,5.09,14,1
P008,HRTF_B,27,1.845,56.05,4.77,14,1
P008,HRTF_B,27,1.859,57.34,4.43,14,1
P008,HRTF_B,27,1.875,59.99,3.64,14,1
P008,HRTF_B,27,1.889,61.36,3.23,14,1
P008,HRTF_B,27,1.903,62.8,2.87,14,1
P008,HRTF_B,27,1.917,64.26,2.53,14,1
P008,HRTF_B,27,1.932,65.76,2.24,14,1
P008,HRTF_B,27,1.946,67.31,1.97,14,1
P008,HRTF_B,27,1.961,68.87,1.72,14,1
P008,HRTF_B,27,1.975,70.4,1.49,14,1
P008,HRTF_B,27,1.99,71.87,1.23,14,1
P008,HRTF_B,27,2.005,73.28,0.94,14,1
P008,HRTF_B,27,2.02,74.63,0.67,14,1
P008,HRTF_B,27,2.034,75.9,0.44,14,1
P008,HRTF_B,27,2.049,77.09,0.22,14,1
P008,HRTF_B,27,2.064,78.21,-0.01,14,1
P008,HRTF_B,27,2.078,79.26,-0.25,14,1
P008,HRTF_B,27,2.093,80.28,-0.49,14,1
P008,HRTF_B,27,2.107,81.29,-0.76,14,1
P008,HRTF_B,27,2.121,82.29,-1.03,14,1
P008,HRTF_B,27,2.135,83.28,-1.31,14,1
P008,HRTF_B,27,2.151,84.23,-1.58,14,1
P008,HRTF_B,27,2.165,85.13,-1.88,14,1
P008,HRTF_B,27,2.18,86.84,-2.54,14,1
P008,HRTF_B,27,2.194,87.59,-3,14,1
P008,HRTF_B,27,2.208,88.26,-3.56,14,1
P008,HRTF_B,27,2.222,88.91,-4.14,14,1
P008,HRTF_B,27,2.236,89.48,-4.77,14,1
P008,HRTF_B,27,2.251,89.99,-5.4,14,1
P008,HRTF_B,27,2.265,90.45,-6.05,14,1
P008,HRTF_B,27,2.28,90.84,-6.77,14,1
P008,HRTF_B,27,2.295,91.19,-7.62,14,1
P008,HRTF_B,27,2.309,91.51,-8.49,14,1
P008,HRTF_B,27,2.324,91.8,-9.35,14,1
P008,HRTF_B,27,2.338,92.03,-10.18,14,1
P008,HRTF_B,27,2.353,92.25,-11.04,14,1
P008,HRTF_B,27,2.367,92.44,-11.97,14,1
P008,HRTF_B,27,2.382,92.68,-12.89,14,1
P008,HRTF_B,27,2.396,92.9,-13.77,14,1
P008,HRTF_B,27,2.412,93.1,-14.58,14,1
P008,HRTF_B,27,2.427,93.33,-15.38,14,1
P008,HRTF_B,27,2.441,93.48,-16.23,14,1
P008,HRTF_B,27,2.455,93.58,-17.1,14,1
P008,HRTF_B,27,2.471,93.62,-17.99,14,1
P008,HRTF_B,27,2.485,93.62,-18.91,14,1
P008,HRTF_B,27,2.499,93.59,-20.89,14,1
P008,HRTF_B,27,2.513,93.57,-22.03,14,1
P008,HRTF_B,27,2.528,93.55,-23.27,14,1
P008,HRTF_B,27,2.542,93.47,-24.46,14,1
P008,HRTF_B,27,2.557,93.38,-25.57,14,1
P008,HRTF_B,27,2.571,93.3,-26.56,14,1
P008,HRTF_B,27,2.586,93.25,-27.46,14,1
P008,HRTF_B,27,2.6,93.21,-28.17,14,1
P008,HRTF_B,27,2.614,93.08,-28.95,14,1
P008,HRTF_B,27,2.628,92.97,-29.54,14,1
P008,HRTF_B,27,2.643,92.7,-30.09,14,1
P008,HRTF_B,27,2.657,92.38,-30.5,14,1
P008,HRTF_B,27,2.671,92.09,-30.9,14,1
P008,HRTF_B,27,2.687,91.76,-31.25,14,1
P008,HRTF_B,27,2.701,91.51,-31.57,14,1
P008,HRTF_B,27,2.715,91.18,-31.83,14,1
P008,HRTF_B,27,2.73,90.9,-32.08,14,1
P008,HRTF_B,27,2.744,90.58,-32.26,14,1
P008,HRTF_B,27,2.759,90.22,-32.38,14,1
P008,HRTF_B,27,2.773,89.86,-32.45,14,1
P008,HRTF_B,27,2.788,89.45,-32.49,14,1
P008,HRTF_B,27,2.802,89.01,-32.52,14,1
P008,HRTF_B,27,2.816,88.56,-32.51,14,1
P008,HRTF_B,27,2.831,88.06,-32.47,14,1
P008,HRTF_B,27,2.845,87.5,-32.41,14,1
P008,HRTF_B,27,2.861,86.27,-32.31,14,1
P008,HRTF_B,27,2.875,85.52,-32.25,14,1
P008,HRTF_B,27,2.89,84.69,-32.16,14,1
P008,HRTF_B,27,2.904,83.75,-32.1,14,1
P008,HRTF_B,27,2.918,82.71,-32.05,14,1
P008,HRTF_B,27,2.933,81.49,-31.97,14,1
P008,HRTF_B,27,2.947,80.16,-31.94,14,1
P008,HRTF_B,27,2.963,78.68,-31.92,14,1
P008,HRTF_B,27,2.978,77.14,-31.93,14,1
P008,HRTF_B,27,2.993,75.5,-31.95,14,1
P008,HRTF_B,27,3.008,73.75,-32.04,14,1
P008,HRTF_B,27,3.023,71.94,-32.14,14,1
P008,HRTF_B,27,3.037,70,-32.25,14,1
P008,HRTF_B,28,0.017,0.82,-2.23,7,1
P008,HRTF_B,28,0.034,0.89,-2.23,7,1
P008,HRTF_B,28,0.048,0.95,-2.24,7,1
P008,HRTF_B,28,0.063,1,-2.23,7,1
P008,HRTF_B,28,0.078,1.04,-2.21,7,1
P008,HRTF_B,28,0.093,1.09,-2.2,7,1
P008,HRTF_B,28,0.108,1.13,-2.18,7,1
P008,HRTF_B,28,0.123,1.18,-2.17,7,1
P008,HRTF_B,28,0.138,1.21,-2.15,7,1
P008,HRTF_B,28,0.153,1.25,-2.14,7,1
P008,HRTF_B,28,0.169,1.29,-2.14,7,1
P008,HRTF_B,28,0.184,1.32,-2.14,7,1
P008,HRTF_B,28,0.199,1.39,-2.14,7,1
P008,HRTF_B,28,0.214,1.41,-2.15,7,1
P008,HRTF_B,28,0.229,1.41,-2.14,7,1
P008,HRTF_B,28,0.243,1.41,-2.15,7,1
P008,HRTF_B,28,0.258,1.39,-2.15,7,1
P008,HRTF_B,28,0.273,1.37,-2.17,7,1
P008,HRTF_B,28,0.287,1.36,-2.16,7,1
P008,HRTF_B,28,0.303,1.37,-2.15,7,1
P008,HRTF_B,28,0.318,1.36,-2.14,7,1
P008,HRTF_B,28,0.333,1.35,-2.12,7,1
P008,HRTF_B,28,0.348,1.33,-2.11,7,1
P008,HRTF_B,28,0.362,1.31,-2.1,7,1
P008,HRTF_B,28,0.377,1.29,-2.09,7,1
P008,HRTF_B,28,0.392,1.24,-2.08,7,1
P008,HRTF_B,28,0.407,1.22,-2.08,7,1
P008,HRTF_B,28,0.422,1.2,-2.09,7,1
P008,HRTF_B,28,0.442,1.17,-2.1,7,1
P008,HRTF_B,28,0.457,1.16,-2.11,7,1
P008,HRTF_B,28,0.472,1.13,-2.13,7,1
P008,HRTF_B,28,0.487,1.12,-2.17,7,1
P008,HRTF_B,28,0.502,1.1,-2.19,7,1
P008,HRTF_B,28,0.516,1.07,-2.21,7,1
P008,HRTF_B,28,0.531,1.04,-2.24,7,1
P008,HRTF_B,28,0.546,0.98,-2.28,7,1
P008,HRTF_B,28,0.561,0.95,-2.32,7,1
P008,HRTF_B,28,0.578,0.92,-2.34,7,1
P008,HRTF_B,28,0.593,0.9,-2.37,7,1
P008,HRTF_B,28,0.608,0.88,-2.39,7,1
P008,HRTF_B,28,0.623,0.86,-2.41,7,1
P008,HRTF_B,28,0.638,0.84,-2.44,7,1
P008,HRTF_B,28,0.653,0.81,-2.47,7,1
P008,HRTF_B,28,0.668,0.78,-2.49,7,1
P008,HRTF_B,28,0.683,0.75,-2.52,7,1
P008,HRTF_B,28,0.698,0.72,-2.54,7,1
P008,HRTF_B,28,0.714,0.66,-2.61,7,1
P008,HRTF_B,28,0.729,0.61,-2.7,7,1
P008,HRTF_B,28,0.743,0.54,-2.9,7,1
P008,HRTF_B,28,0.758,0.46,-3.2,7,1
P008,HRTF_B,28,0.773,0.35,-3.65,7,1
P008,HRTF_B,28,0.789,0.2,-4.22,7,1
P008,HRTF_B,28,0.803,0.04,-4.87,7,1
P008,HRTF_B,28,0.819,-0.15,-5.62,7,1
P008,HRTF_B,28,0.834,-0.33,-6.46,7,1
P008,HRTF_B,28,0.85,-0.5,-7.41,7,1
P008,HRTF_B,28,0.865,-0.86,-9.24,7,1
P008,HRTF_B,28,0.88,-1.04,-10.16,7,1
P008,HRTF_B,28,0.895,-1.27,-11.02,7,1
P008,HRTF_B,28,0.91,-1.48,-11.81,7,1
P008,HRTF_B,28,0.925,-1.73,-12.59,7,1
P008,HRTF_B,28,0.94,-1.99,-13.31,7,1
P008,HRTF_B,28,0.955,-2.29,-14.06,7,1
P008,HRTF_B,28,0.969,-2.59,-14.79,7,1
P008,HRTF_B,28,0.985,-2.98,-15.48,7,1
P008,HRTF_B,28,1,-3.42,-16.15,7,1
P008,HRTF_B,28,1.014,-3.89,-16.82,7,1
P008,HRTF_B,28,1.03,-4.43,-17.48,7,1
P008,HRTF_B,28,1.045,-5,-18.18,7,1
P008,HRTF_B,28,1.06,-6.18,-19.49,7,1
P008,HRTF_B,28,1.075,-6.82,-20.09,7,1
P008,HRTF_B,28,1.09,-7.56,-20.67,7,1
P008,HRTF_B,28,1.104,-8.45,-21.22,7,1
P008,HRTF_B,28,1.121,-9.54,-21.68,7,1
P008,HRTF_B,28,1.136,-10.75,-22.08,7,1
P008,HRTF_B,28,1.152,-12.19,-22.34,7,1
P008,HRTF_B,28,1.166,-13.91,-22.53,7,1
P008,HRTF_B,28,1.181,-16,-22.57,7,1
P008,HRTF_B,28,1.195,-18.35,-22.5,7,1
P008,HRTF_B,28,1.21,-20.95,-22.3,7,1
P008,HRTF_B,28,1.224,-23.79,-21.97,7,1
P008,HRTF_B,28,1.24,-26.92,-21.49,7,1
P008,HRTF_B,28,1.254,-33.48,-20.32,7,1
P008,HRTF_B,28,1.27,-37.21,-19.54,7,1
P008,HRTF_B,28,1.284,-41.21,-18.74,7,1
P008,HRTF_B,28,1.299,-45.33,-17.91,7,1
P008,HRTF_B,28,1.313,-49.48,-17.1,7,1
P008,HRTF_B,28,1.328,-53.55,-16.32,7,1
P008,HRTF_B,28,1.343,-57.5,-15.63,7,1
P008,HRTF_B,28,1.358,-61.28,-14.98,7,1
P008,HRTF_B,28,1.373,-64.91,-14.38,7,1
P008,HRTF_B,28,1.387,-68.43,-13.74,7,1
P008,HRTF_B,28,1.403,-71.77,-13.08,7,1
P008,HRTF_B,28,1.418,-74.92,-12.38,7,1
P008,HRTF_B,28,1.433,-77.87,-11.65,7,1
P008,HRTF_B,28,1.447,-80.58,-10.94,7,1
P008,HRTF_B,28,1.462,-83.01,-10.24,7,1
P008,HRTF_B,28,1.476,-87.45,-8.89,7,1
P008,HRTF_B,28,1.491,-88.9,-8.3,7,1
P008,HRTF_B,28,1.505,-90.08,-7.73,7,1
P008,HRTF_B,28,1.52,-90.81,-7.19,7,1
P008,HRTF_B,28,1.536,-91.24,-6.65,7,1
P008,HRTF_B,28,1.551,-91.42,-6.11,7,1
P008,HRTF_B,28,1.565,-91.39,-5.55,7,1
P008,HRTF_B,28,1.58,-91.08,-5.07,7,1
P008,HRTF_B,28,1.595,-90.57,-4.76,7,1
P008,HRTF_B,28,1.61,-89.91,-4.71,7,1
P008,HRTF_B,28,1.625,-89.12,-5.12,7,1
P008,HRTF_B,28,1.64,-88.25,-6.05,7,1
P008,HRTF_B,28,1.655,-87.3,-7.35,7,1
P008,HRTF_B,28,1.671,-85.35,-10.23,7,1
P008,HRTF_B,28,1.686,-84.26,-12.08,7,1
P008,HRTF_B,28,1.7,-83.11,-14.05,7,1
P008,HRTF_B,28,1.716,-81.9,-16.11,7,1
P008,HRTF_B,28,1.731,-80.61,-18.15,7,1
P008,HRTF_B,28,1.745,-79.17,-20.15,7,1
P008,HRTF_B,28,1.76,-77.61,-22.2,7,1
P008,HRTF_B,28,1.774,-75.89,-24.2,7,1
P008,HRTF_B,28,1.79,-74.05,-26.14,7,1
P008,HRTF_B,28,1.809,-72.06,-28.01,7,1
P008,HRTF_B,28,1.824,-67.89,-31.64,7,1
P008,HRTF_B,28,1.838,-65.52,-33.34,7,1
P008,HRTF_B,28,1.853,-63.06,-35.01,7,1
P008,HRTF_B,28,1.868,-60.36,-36.64,7,1
P008,HRTF_B,28,1.883,-57.51,-38.25,7,1
P008,HRTF_B,28,1.898,-54.45,-39.73,7,1
P008,HRTF_B,28,1.913,-51.12,-41.09,7,1
P008,HRTF_B,28,1.928,-47.47,-42.38,7,1
P008,HRTF_B,28,1.944,-43.63,-43.56,7,1
P008,HRTF_B,28,1.96,-39.72,-44.55,7,1
P008,HRTF_B,28,1.974,-35.92,-45.38,7,1
P008,HRTF_B,28,1.989,-31.87,-46.03,7,1
P008,HRTF_B,28,2.003,-27.65,-46.56,7,1
P008,HRTF_B,28,2.018,-19.15,-47.28,7,1
P008,HRTF_B,28,2.033,-14.85,-47.38,7,1
P008,HRTF_B,28,2.047,-10.91,-47.48,7,1
P008,HRTF_B,28,2.062,-6.99,-47.26,7,1
P008,HRTF_B,28,2.077,-3.05,-46.85,7,1
P008,HRTF_B,28,2.094,0.66,-45.96,7,1
P008,HRTF_B,28,2.109,4,-44.98,7,1
P008,HRTF_B,28,2.123,7.02,-43.96,7,1
P008,HRTF_B,28,2.138,9.57,-42.87,7,1
P008,HRTF_B,28,2.153,11.96,-41.78,7,1
P008,HRTF_B,28,2.168,14,-40.95,7,1
P008,HRTF_B,28,2.182,15.76,-40.23,7,1
P008,HRTF_B,28,2.197,17.41,-39.77,7,1
P008,HRTF_B,28,2.211,18.97,-39.36,7,1
P008,HRTF_B,28,2.227,22.07,-38.65,7,1
P008,HRTF_B,28,2.241,23.55,-38.46,7,1
P008,HRTF_B,28,2.256,25.05,-38.32,7,1
P008,HRTF_B,28,2.271,26.45,-38.26,7,1
P008,HRTF_B,28,2.285,27.72,-38.26,7,1
P008,HRTF_B,28,2.3,28.76,-38.35,7,1
P008,HRTF_B,28,2.315,29.72,-38.44,7,1
P008,HRTF_B,28,2.33,30.57,-38.62,7,1
P008,HRTF_B,28,2.346,31.25,-38.95,7,1
P008,HRTF_B,28,2.362,31.72,-39.32,7,1
P008,HRTF_B,28,2.376,32.02,-39.68,7,1
P008,HRTF_B,28,2.391,32.07,-40.02,7,1
P008,HRTF_B,28,2.406,31.93,-40.36,7,1
P008,HRTF_B,28,2.421,31.37,-41.07,7,1
P008,HRTF_B,28,2.436,30.71,-41.37,7,1
P008,HRTF_B,28,2.451,29.95,-41.61,7,1
P008,HRTF_B,28,2.466,29.13,-41.78,7,1
P008,HRTF_B,28,2.481,28.28,-41.95,7,1
P008,HRTF_B,28,2.497,27.37,-42.05,7,1
P008,HRTF_B,28,2.512,26.4,-42.07,7,1
P008,HRTF_B,28,2.527,25.32,-41.99,7,1
P008,HRTF_B,28,2.542,24.1,-41.81,7,1
P008,HRTF_B,28,2.557,22.9,-41.51,7,1
P008,HRTF_B,28,2.573,21.54,-41.17,7,1
P008,HRTF_B,28,2.587,18.94,-40.4,7,1
P008,HRTF_B,28,2.602,17.62,-39.74,7,1
P008,HRTF_B,28,2.617,16.14,-39.01,7,1
P008,HRTF_B,28,2.633,14.77,-38.15,7,1
P008,HRTF_B,28,2.648,13.46,-37.29,7,1
P008,HRTF_B,28,2.663,12.11,-36.3,7,1
P008,HRTF_B,28,2.677,10.8,-35.27,7,1
P008,HRTF_B,28,2.691,9.57,-34.2,7,1
P008,HRTF_B,28,2.707,8.4,-33.08,7,1
P008,HRTF_B,28,2.722,7.34,-31.94,7,1
P008,HRTF_B,28,2.736,6.38,-30.7,7,1
P008,HRTF_B,28,2.751,5.53,-29.43,7,1
P008,HRTF_B,29,0.017,0.77,3.49,23,1
P008,HRTF_B,29,0.033,1.12,3.48,23,1
P008,HRTF_B,29,0.049,1.45,3.44,23,1
P008,HRTF_B,29,0.065,1.75,3.36,23,1
P008,HRTF_B,29,0.08,2.06,3.22,23,1
P008,HRTF_B,29,0.096,2.31,3.06,23,1
P008,HRTF_B,29,0.111,2.54,2.86,23,1
P008,HRTF_B,29,0.126,2.76,2.62,23,1
P008,HRTF_B,29,0.141,3.2,2.11,23,1
P008,HRTF_B,29,0.156,3.4,1.84,23,1
P008,HRTF_B,29,0.173,3.55,1.6,23,1
P008,HRTF_B,29,0.188,3.67,1.34,23,1
P008,HRTF_B,29,0.203,3.76,1.06,23,1
P008,HRTF_B,29,0.218,3.83,0.78,23,1
P008,HRTF_B,29,0.234,3.9,0.48,23,1
P008,HRTF_B,29,0.249,3.97,0.2,23,1
P008,HRTF_B,29,0.265,4.06,-0.08,23,1
P008,HRTF_B,29,0.28,4.26,-0.65,23,1
P008,HRTF_B,29,0.295,4.37,-0.92,23,1
P008,HRTF_B,29,0.312,4.45,-1.16,23,1
P008,HRTF_B,29,0.327,4.53,-1.4,23,1
P008,HRTF_B,29,0.342,4.59,-1.66,23,1
P008,HRTF_B,29,0.357,4.64,-1.96,23,1
P008,HRTF_B,29,0.373,4.68,-2.25,23,1
P008,HRTF_B,29,0.389,4.69,-2.53,23,1
P008,HRTF_B,29,0.404,4.7,-2.84,23,1
P008,HRTF_B,29,0.419,4.7,-3.47,23,1
P008,HRTF_B,29,0.434,4.64,-3.86,23,1
P008,HRTF_B,29,0.451,4.55,-4.23,23,1
P008,HRTF_B,29,0.467,4.43,-4.63,23,1
P008,HRTF_B,29,0.482,4.25,-5.06,23,1
P008,HRTF_B,29,0.498,4.04,-5.51,23,1
P008,HRTF_B,29,0.513,3.79,-5.95,23,1
P008,HRTF_B,29,0.529,3.48,-6.34,23,1
P008,HRTF_B,29,0.545,2.82,-7.07,23,1
P008,HRTF_B,29,0.56,2.44,-7.33,23,1
P008,HRTF_B,29,0.575,2.04,-7.56,23,1
P008,HRTF_B,29,0.592,1.65,-7.74,23,1
P008,HRTF_B,29,0.608,1.24,-7.9,23,1
P008,HRTF_B,29,0.624,0.8,-8,23,1
P008,HRTF_B,29,0.639,0.36,-8.08,23,1
P008,HRTF_B,29,0.654,-0.1,-8.14,23,1
P008,HRTF_B,29,0.669,-1.05,-8.22,23,1
P008,HRTF_B,29,0.685,-1.57,-8.2,23,1
P008,HRTF_B,29,0.7,-2.15,-8.21,23,1
P008,HRTF_B,29,0.715,-2.76,-8.23,23,1
P008,HRTF_B,29,0.732,-3.41,-8.2,23,1
P008,HRTF_B,29,0.747,-4.08,-8.19,23,1
P008,HRTF_B,29,0.762,-4.77,-8.2,23,1
P008,HRTF_B,29,0.777,-5.5,-8.21,23,1
P008,HRTF_B,29,0.793,-6.26,-8.27,23,1
P008,HRTF_B,29,0.807,-7.05,-8.3,23,1
P008,HRTF_B,29,0.823,-8.66,-8.37,23,1
P008,HRTF_B,29,0.838,-9.53,-8.4,23,1
P008,HRTF_B,29,0.855,-10.45,-8.46,23,1
P008,HRTF_B,29,0.87,-11.37,-8.54,23,1
P008,HRTF_B,29,0.885,-12.3,-8.6,23,1
P008,HRTF_B,29,0.9,-13.24,-8.63,23,1
P008,HRTF_B,29,0.915,-14.17,-8.71,23,1
P008,HRTF_B,29,0.93,-15.11,-8.74,23,1
P008,HRTF_B,29,0.945,-16.07,-8.8,23,1
P008,HRTF_B,29,0.96,-17.04,-8.85,23,1
P008,HRTF_B,29,0.975,-18.96,-8.96,23,1
P008,HRTF_B,29,0.995,-19.98,-9.07,23,1
P008,HRTF_B,29,1.01,-21.02,-9.25,23,1
P008,HRTF_B,29,1.025,-22.1,-9.41,23,1
P008,HRTF_B,29,1.04,-23.21,-9.6,23,1
P008,HRTF_B,29,1.055,-24.37,-9.83,23,1
P008,HRTF_B,29,1.07,-25.5,-10.13,23,1
P008,HRTF_B,29,1.085,-26.73,-10.47,23,1
P008,HRTF_B,29,1.1,-29.19,-11.11,23,1
P008,HRTF_B,29,1.115,-30.48,-11.4,23,1
P008,HRTF_B,29,1.135,-31.77,-11.67,23,1
P008,HRTF_B,29,1.151,-33.11,-11.94,23,1
P008,HRTF_B,29,1.166,-34.47,-12.2,23,1
P008,HRTF_B,29,1.182,-35.88,-12.39,23,1
P008,HRTF_B,29,1.197,-38.71,-12.71,23,1
P008,HRTF_B,29,1.212,-40.17,-12.77,23,1
P008,HRTF_B,29,1.227,-41.69,-12.78,23,1
P008,HRTF_B,29,1.241,-43.27,-12.78,23,1
P008,HRTF_B,29,1.257,-44.94,-12.77,23,1
P008,HRTF_B,29,1.273,-46.72,-12.71,23,1
P008,HRTF_B,29,1.288,-48.55,-12.62,23,1
P008,HRTF_B,29,1.304,-50.39,-12.49,23,1
P008,HRTF_B,29,1.319,-52.29,-12.3,23,1
P008,HRTF_B,29,1.334,-54.22,-12.11,23,1
P008,HRTF_B,29,1.348,-56.19,-11.91,23,1
P008,HRTF_B,29,1.363,-58.19,-11.72,23,1
P008,HRTF_B,29,1.378,-62.2,-11.38,23,1
P008,HRTF_B,29,1.392,-64.23,-11.21,23,1
P008,HRTF_B,29,1.409,-66.29,-11.03,23,1
P008,HRTF_B,29,1.425,-68.33,-10.86,23,1
P008,HRTF_B,29,1.44,-70.38,-10.69,23,1
P008,HRTF_B,29,1.455,-72.43,-10.55,23,1
P008,HRTF_B,29,1.47,-74.51,-10.41,23,1
P008,HRTF_B,29,1.485,-76.6,-10.28,23,1
P008,HRTF_B,29,1.5,-78.72,-10.16,23,1
P008,HRTF_B,29,1.514,-80.84,-10.06,23,1
P008,HRTF_B,29,1.529,-82.93,-9.97,23,1
P008,HRTF_B,29,1.546,-87.13,-9.82,23,1
P008,HRTF_B,29,1.561,-89.12,-9.8,23,1
P008,HRTF_B,29,1.576,-91.08,-9.84,23,1
P008,HRTF_B,29,1.591,-93,-9.9,23,1
P008,HRTF_B,29,1.607,-94.84,-10.04,23,1
P008,HRTF_B,29,1.622,-96.54,-10.21,23,1
P008,HRTF_B,29,1.637,-98.11,-10.42,23,1
P008,HRTF_B,29,1.652,-99.48,-10.65,23,1
P008,HRTF_B,29,1.667,-100.71,-10.88,23,1
P008,HRTF_B,29,1.683,-101.81,-11.07,23,1
P008,HRTF_B,29,1.698,-103.8,-11.41,23,1
P008,HRTF_B,29,1.713,-104.58,-11.56,23,1
P008,HRTF_B,29,1.728,-105.38,-11.63,23,1
P008,HRTF_B,29,1.743,-106.23,-11.71,23,1
P008,HRTF_B,29,1.758,-107.14,-11.81,23,1
P008,HRTF_B,29,1.773,-108.16,-11.96,23,1
P008,HRTF_B,29,1.789,-109.22,-12.12,23,1
P008,HRTF_B,29,1.805,-110.32,-12.27,23,1
P008,HRTF_B,29,1.82,-111.38,-12.44,23,1
P008,HRTF_B,29,1.835,-112.43,-12.63,23,1
P008,HRTF_B,29,1.85,-114.58,-13.03,23,1
P008,HRTF_B,29,1.865,-115.66,-13.3,23,1
P008,HRTF_B,29,1.88,-116.7,-13.56,23,1
P008,HRTF_B,29,1.896,-117.76,-13.86,23,1
P008,HRTF_B,29,1.911,-118.84,-14.19,23,1
P008,HRTF_B,29,1.926,-119.9,-14.52,23,1
P008,HRTF_B,29,1.943,-121.04,-14.81,23,1
P008,HRTF_B,29,1.958,-122.15,-15.14,23,1
P008,HRTF_B,29,1.973,-123.25,-15.47,23,1
P008,HRTF_B,29,1.988,-125.51,-16.14,23,1
P008,HRTF_B,29,2.004,-126.63,-16.48,23,1
P008,HRTF_B,29,2.019,-127.8,-16.79,23,1
P008,HRTF_B,29,2.034,-129,-17,23,1
P008,HRTF_B,29,2.05,-130.16,-17.12,23,1
P008,HRTF_B,29,2.065,-131.32,-17.18,23,1
P008,HRTF_B,29,2.082,-132.45,-17.16,23,1
P008,HRTF_B,29,2.098,-133.57,-17.11,23,1
P008,HRTF_B,29,2.113,-134.6,-17.04,23,1
P008,HRTF_B,29,2.128,-136.6,-16.93,23,1
P008,HRTF_B,29,2.143,-137.4,-16.99,23,1
P008,HRTF_B,29,2.158,-138.23,-17.16,23,1
P008,HRTF_B,29,2.173,-138.99,-17.5,23,1
P008,HRTF_B,29,2.188,-139.69,-18.02,23,1
P008,HRTF_B,29,2.203,-140.33,-18.68,23,1
P008,HRTF_B,29,2.22,-140.84,-19.43,23,1
P008,HRTF_B,29,2.235,-141.27,-20.24,23,1
P008,HRTF_B,29,2.25,-141.6,-21.12,23,1
P008,HRTF_B,29,2.265,-141.83,-22.05,23,1
P008,HRTF_B,29,2.28,-142.11,-24.03,23,1
P008,HRTF_B,29,2.295,-141.97,-25.15,23,1
P008,HRTF_B,29,2.311,-141.7,-26.32,23,1
P008,HRTF_B,29,2.326,-141.41,-27.44,23,1
P008,HRTF_B,29,2.342,-140.9,-28.52,23,1
P008,HRTF_B,29,2.357,-140.29,-29.54,23,1
P008,HRTF_B,29,2.372,-139.58,-30.5,23,1
P008,HRTF_B,29,2.388,-138.81,-31.46,23,1
P008,HRTF_B,29,2.403,-138.02,-32.36,23,1
P008,HRTF_B,29,2.417,-137.19,-33.25,23,1
P008,HRTF_B,29,2.432,-136.41,-34.03,23,1
P008,HRTF_B,29,2.447,-134.72,-35.47,23,1
P008,HRTF_B,29,2.462,-133.79,-35.99,23,1
P008,HRTF_B,29,2.479,-132.84,-36.37,23,1
P008,HRTF_B,29,2.495,-131.9,-36.69,23,1
P008,HRTF_B,29,2.51,-131.05,-36.93,23,1
P008,HRTF_B,29,2.525,-130.25,-37.09,23,1
P008,HRTF_B,29,2.54,-129.53,-37.17,23,1
P008,HRTF_B,29,2.555,-128.86,-37.21,23,1
P008,HRTF_B,29,2.571,-128.22,-37.27,23,1
P008,HRTF_B,29,2.585,-127.6,-37.35,23,1
P008,HRTF_B,29,2.6,-126.34,-37.53,23,1
P008,HRTF_B,29,2.617,-125.69,-37.65,23,1
P008,HRTF_B,29,2.633,-124.97,-37.75,23,1
P008,HRTF_B,29,2.648,-124.24,-37.84,23,1
P008,HRTF_B,29,2.664,-123.51,-37.96,23,1
P008,HRTF_B,29,2.679,-122.74,-38.06,23,1
P008,HRTF_B,29,2.694,-121.99,-38.14,23,1
P008,HRTF_B,29,2.71,-121.24,-38.19,23,1
P008,HRTF_B,29,2.725,-119.69,-38.27,23,1
P008,HRTF_B,29,2.74,-118.84,-38.32,23,1
P008,HRTF_B,29,2.757,-117.98,-38.4,23,1
P008,HRTF_B,29,2.772,-117.11,-38.52,23,1
P008,HRTF_B,29,2.787,-116.21,-38.68,23,1
P008,HRTF_B,29,2.802,-115.29,-38.84,23,1
P008,HRTF_B,29,2.817,-114.38,-39.03,23,1
P008,HRTF_B,29,2.832,-113.51,-39.2,23,1
P008,HRTF_B,29,2.848,-112.63,-39.37,23,1
P008,HRTF_B,29,2.863,-111.77,-39.51,23,1
P008,HRTF_B,29,2.878,-110.09,-39.77,23,1
P008,HRTF_B,29,2.895,-109.33,-39.87,23,1
P008,HRTF_B,29,2.91,-108.58,-39.97,23,1
P008,HRTF_B,29,2.925,-107.9,-40.04,23,1
P008,HRTF_B,29,2.94,-107.24,-40.11,23,1
P008,HRTF_B,29,2.956,-106.61,-40.21,23,1
P008,HRTF_B,29,2.972,-106,-40.27,23,1
P008,HRTF_B,29,2.988,-105.45,-40.34,23,1
P008,HRTF_B,29,3.003,-104.44,-40.48,23,1
P008,HRTF_B,29,3.021,-104.1,-40.58,23,1
P008,HRTF_B,29,3.037,-104.01,-40.69,23,1
P008,HRTF_B,29,3.052,-103.97,-40.72,23,1
P008,HRTF_B,29,3.068,-103.97,-40.65,23,1
P008,HRTF_B,29,3.083,-104,-40.54,23,1
P008,HRTF_B,29,3.098,-104.04,-40.42,23,1
P008,HRTF_B,29,3.113,-104.05,-40.34,23,1
P008,HRTF_B,29,3.128,-104.07,-40.21,23,1
P008,HRTF_B,29,3.143,-104.04,-40.18,23,1
P008,HRTF_B,29,3.159,-104.01,-40.16,23,1
P008,HRTF_B,29,3.175,-103.97,-40.16,23,1
P008,HRTF_B,29,3.19,-103.89,-40.19,23,1
P008,HRTF_B,29,3.205,-103.82,-40.24,23,1
P008,HRTF_B,29,3.22,-103.75,-40.3,23,1
P008,HRTF_B,29,3.235,-103.65,-40.36,23,1
P008,HRTF_B,29,3.25,-103.49,-40.41,23,1
P008,HRTF_B,29,3.266,-103.25,-40.47,23,1
P008,HRTF_B,29,3.28,-102.71,-40.6,23,1
P008,HRTF_B,29,3.297,-102.31,-40.67,23,1
P008,HRTF_B,29,3.312,-101.87,-40.75,23,1
P008,HRTF_B,29,3.328,-101.4,-40.82,23,1
P008,HRTF_B,29,3.343,-100.87,-40.89,23,1
P008,HRTF_B,29,3.358,-100.34,-40.98,23,1
P008,HRTF_B,29,3.374,-99.75,-41.05,23,1
P008,HRTF_B,29,3.389,-99.19,-41.12,23,1
P008,HRTF_B,29,3.404,-98.59,-41.2,23,1
P008,HRTF_B,29,3.419,-97.35,-41.36,23,1
P008,HRTF_B,29,3.436,-96.68,-41.5,23,1
P008,HRTF_B,29,3.452,-96.04,-41.6,23,1
P008,HRTF_B,29,3.467,-95.4,-41.74,23,1
P008,HRTF_B,29,3.482,-94.78,-41.86,23,1
P008,HRTF_B,29,3.498,-94.2,-41.92,23,1
P008,HRTF_B,29,3.513,-93.63,-41.98,23,1
P008,HRTF_B,29,3.529,-93.1,-42.02,23,1
P008,HRTF_B,29,3.544,-92.12,-42.12,23,1
P008,HRTF_B,29,3.559,-91.73,-42.16,23,1
P008,HRTF_B,29,3.575,-91.32,-42.19,23,1
P008,HRTF_B,29,3.59,-90.95,-42.23,23,1
P008,HRTF_B,29,3.606,-90.56,-42.32,23,1
P008,HRTF_B,29,3.621,-90.15,-42.39,23,1
P008,HRTF_B,29,3.636,-89.74,-42.45,23,1
P008,HRTF_B,29,3.651,-89.34,-42.51,23,1
P008,HRTF_B,29,3.666,-88.94,-42.55,23,1
P008,HRTF_B,29,3.681,-88.53,-42.58,23,1
P008,HRTF_B,29,3.698,-87.66,-42.68,23,1
P008,HRTF_B,29,3.713,-87.2,-42.75,23,1
P008,HRTF_B,29,3.728,-86.75,-42.8,23,1
P008,HRTF_B,29,3.744,-86.26,-42.89,23,1
P008,HRTF_B,29,3.759,-85.73,-42.98,23,1
P008,HRTF_B,29,3.775,-85.19,-43.12,23,1
P008,HRTF_B,29,3.79,-84.67,-43.24,23,1
P008,HRTF_B,29,3.805,-84.15,-43.32,23,1
P008,HRTF_B,29,3.82,-83.62,-43.4,23,1
P008,HRTF_B,29,3.84,-82.56,-43.57,23,1
P008,HRTF_B,29,3.856,-82.06,-43.66,23,1
P008,HRTF_B,29,3.871,-81.56,-43.73,23,1
P008,HRTF_B,29,3.887,-81.07,-43.83,23,1
P008,HRTF_B,29,3.902,-80.58,-43.85,23,1
P008,HRTF_B,29,3.917,-80.1,-43.89,23,1
P008,HRTF_B,29,3.932,-79.63,-43.92,23,1
P008,HRTF_B,29,3.947,-78.68,-43.98,23,1
P008,HRTF_B,29,3.962,-78.18,-44.02,23,1
P008,HRTF_B,30,0.017,5.35,3.36,12,1
P008,HRTF_B,30,0.033,5.2,3.13,12,1
P008,HRTF_B,30,0.048,5.12,2.79,12,1
P008,HRTF_B,30,0.065,5.2,2.43,12,1
P008,HRTF_B,30,0.081,5.53,2.1,12,1
P008,HRTF_B,30,0.097,5.94,1.96,12,1
P008,HRTF_B,30,0.113,6.25,1.87,12,1
P008,HRTF_B,30,0.129,6.76,1.66,12,1
P008,HRTF_B,30,0.145,6.83,1.56,12,1
P008,HRTF_B,30,0.16,6.87,1.42,12,1
P008,HRTF_B,30,0.176,6.8,1.26,12,1
P008,HRTF_B,30,0.192,6.65,1.08,12,1
P008,HRTF_B,30,0.209,6.43,0.84,12,1
P008,HRTF_B,30,0.225,6,0.4,12,1
P008,HRTF_B,30,0.241,5.73,0.19,12,1
P008,HRTF_B,30,0.257,5.46,0.08,12,1
P008,HRTF_B,30,0.273,5.12,0,12,1
P008,HRTF_B,30,0.288,4.77,-0.07,12,1
P008,HRTF_B,30,0.303,4.39,-0.15,12,1
P008,HRTF_B,30,0.319,3.97,-0.25,12,1
P008,HRTF_B,30,0.335,3.53,-0.38,12,1
P008,HRTF_B,30,0.351,2.5,-0.74,12,1
P008,HRTF_B,30,0.367,1.72,-0.98,12,1
P008,HRTF_B,30,0.383,0.94,-1.21,12,1
P008,HRTF_B,30,0.399,0.13,-1.46,12,1
P008,HRTF_B,30,0.414,-0.67,-1.8,12,1
P008,HRTF_B,30,0.431,-1.47,-2.2,12,1
P008,HRTF_B,30,0.446,-2.28,-2.6,12,1
P008,HRTF_B,30,0.461,-4.03,-3.29,12,1
P008,HRTF_B,30,0.478,-5.06,-3.59,12,1
P008,HRTF_B,30,0.494,-6.18,-3.74,12,1
P008,HRTF_B,30,0.509,-7.36,-3.8,12,1
P008,HRTF_B,30,0.525,-8.57,-3.86,12,1
P008,HRTF_B,30,0.542,-9.9,-3.97,12,1
P008,HRTF_B,30,0.557,-11.33,-4.22,12,1
P008,HRTF_B,30,0.573,-14.2,-4.8,12,1
P008,HRTF_B,30,0.589,-15.71,-5.1,12,1
P008,HRTF_B,30,0.605,-17.08,-5.29,12,1
P008,HRTF_B,30,0.622,-18.31,-5.4,12,1
P008,HRTF_B,30,0.638,-19.51,-5.5,12,1
P008,HRTF_B,30,0.653,-20.69,-5.55,12,1
P008,HRTF_B,30,0.669,-21.83,-5.54,12,1
P008,HRTF_B,30,0.684,-24.1,-5.51,12,1
P008,HRTF_B,30,0.7,-25.16,-5.47,12,1
P008,HRTF_B,30,0.715,-26.2,-5.35,12,1
P008,HRTF_B,30,0.731,-27.22,-5.16,12,1
P008,HRTF_B,30,0.747,-28.2,-4.92,12,1
P008,HRTF_B,30,0.765,-29.16,-4.62,12,1
P008,HRTF_B,30,0.78,-31.05,-3.98,12,1
P008,HRTF_B,30,0.796,-31.93,-3.55,12,1
P008,HRTF_B,30,0.812,-32.75,-3.1,12,1
P008,HRTF_B,30,0.828,-33.52,-2.64,12,1
P008,HRTF_B,30,0.843,-34.28,-2.19,12,1
P008,HRTF_B,30,0.858,-34.98,-1.73,12,1
P008,HRTF_B,30,0.874,-35.61,-1.26,12,1
P008,HRTF_B,30,0.891,-36.19,-0.78,12,1
P008,HRTF_B,30,0.907,-37.28,0.09,12,1
P008,HRTF_B,30,0.922,-37.72,0.44,12,1
P008,HRTF_B,30,0.938,-38.04,0.66,12,1
P008,HRTF_B,30,0.954,-38.33,0.76,12,1
P008,HRTF_B,30,0.969,-38.55,0.78,12,1
P008,HRTF_B,30,0.985,-38.75,0.81,12,1
P008,HRTF_B,30,1.001,-38.82,0.83,12,1
P008,HRTF_B,30,1.017,-38.78,0.86,12,1
P008,HRTF_B,30,1.034,-38.51,0.91,12,1
P008,HRTF_B,30,1.05,-38.15,0.91,12,1
P008,HRTF_B,30,1.066,-37.68,0.91,12,1
P008,HRTF_B,30,1.082,-37.08,0.86,12,1
P008,HRTF_B,30,1.097,-36.29,0.76,12,1
P008,HRTF_B,30,1.113,-35.3,0.62,12,1
P008,HRTF_B,30,1.128,-33.07,0.28,12,1
P008,HRTF_B,30,1.144,-31.61,0.08,12,1
P008,HRTF_B,30,1.16,-29.87,-0.27,12,1
P008,HRTF_B,30,1.175,-28.04,-0.64,12,1
P008,HRTF_B,30,1.191,-26.03,-1.07,12,1
P008,HRTF_B,30,1.207,-24,-1.43,12,1
P008,HRTF_B,30,1.222,-21.89,-1.84,12,1
P008,HRTF_B,30,1.238,-19.67,-2.27,12,1
P008,HRTF_B,30,1.254,-15.04,-3.14,12,1
P008,HRTF_B,30,1.269,-12.5,-3.61,12,1
P008,HRTF_B,30,1.284,-10.04,-4,12,1
P008,HRTF_B,30,1.301,-7.5,-4.32,12,1
P008,HRTF_B,30,1.317,-5.07,-4.59,12,1
P008,HRTF_B,30,1.333,-2.72,-4.85,12,1
P008,HRTF_B,30,1.348,-0.42,-5.06,12,1
P008,HRTF_B,30,1.364,4.08,-5.49,12,1
P008,HRTF_B,30,1.379,6.22,-5.7,12,1
P008,HRTF_B,30,1.395,8.36,-5.89,12,1
P008,HRTF_B,30,1.411,10.52,-6.1,12,1
P008,HRTF_B,30,1.428,12.68,-6.28,12,1
P008,HRTF_B,30,1.443,14.88,-6.41,12,1
P008,HRTF_B,30,1.459,17.13,-6.49,12,1
P008,HRTF_B,30,1.474,19.36,-6.51,12,1
P008,HRTF_B,30,1.491,23.81,-6.42,12,1
P008,HRTF_B,30,1.506,25.91,-6.3,12,1
P008,HRTF_B,30,1.521,27.97,-6.21,12,1
P008,HRTF_B,30,1.537,29.91,-6.15,12,1
P008,HRTF_B,30,1.552,31.82,-6.11,12,1
P008,HRTF_B,30,1.572,33.64,-6.09,12,1
P008,HRTF_B,30,1.588,37.29,-6.06,12,1
P008,HRTF_B,30,1.604,39.03,-6.16,12,1
P008,HRTF_B,30,1.619,40.73,-6.36,12,1
P008,HRTF_B,30,1.635,42.39,-6.67,12,1
P008,HRTF_B,30,1.65,43.97,-7.02,12,1
P008,HRTF_B,30,1.665,45.4,-7.38,12,1
P008,HRTF_B,30,1.68,46.64,-7.73,12,1
P008,HRTF_B,30,1.696,47.77,-8.07,12,1
P008,HRTF_B,30,1.712,49.91,-8.83,12,1
P008,HRTF_B,30,1.727,50.74,-8.99,12,1
P008,HRTF_B,30,1.743,51.56,-9.31,12,1
P008,HRTF_B,30,1.758,52.33,-9.54,12,1
P008,HRTF_B,30,1.774,52.98,-9.72,12,1
P008,HRTF_B,30,1.789,53.61,-9.87,12,1
P008,HRTF_B,30,1.805,54.22,-10.05,12,1
P008,HRTF_B,30,1.82,54.8,-10.32,12,1
P008,HRTF_B,30,1.837,55.42,-10.62,12,1
P008,HRTF_B,30,1.852,56.65,-11.26,12,1
P008,HRTF_B,30,1.868,57.29,-11.6,12,1
P008,HRTF_B,30,1.883,57.96,-11.95,12,1
P008,HRTF_B,30,1.898,58.67,-12.37,12,1
P008,HRTF_B,30,1.914,59.35,-12.78,12,1
P008,HRTF_B,30,1.929,59.99,-13.21,12,1
P008,HRTF_B,30,1.945,60.62,-13.66,12,1
P008,HRTF_B,30,1.96,61.2,-14.13,12,1
P008,HRTF_B,30,1.976,62.29,-15.05,12,1
P008,HRTF_B,30,1.992,62.77,-15.45,12,1
P008,HRTF_B,30,2.007,63.21,-15.77,12,1
P008,HRTF_B,30,2.023,63.69,-16.1,12,1
P008,HRTF_B,30,2.038,64.21,-16.45,12,1
P008,HRTF_B,30,2.054,64.7,-16.86,12,1
P008,HRTF_B,30,2.069,65.23,-17.29,12,1
P008,HRTF_B,30,2.084,65.76,-17.76,12,1
P008,HRTF_B,30,2.1,66.32,-18.27,12,1
P008,HRTF_B,30,2.116,67.44,-19.34,12,1
P008,HRTF_B,30,2.132,68.02,-19.9,12,1
P008,HRTF_B,30,2.148,68.55,-20.45,12,1
P008,HRTF_B,30,2.163,69,-21.04,12,1
P008,HRTF_B,30,2.179,69.55,-21.59,12,1
P008,HRTF_B,30,2.195,70.17,-22.09,12,1
P008,HRTF_B,30,2.211,70.91,-22.54,12,1
P008,HRTF_B,30,2.226,72.44,-23.41,12,1
P008,HRTF_B,30,2.243,73.4,-23.79,12,1
P008,HRTF_B,30,2.259,74.36,-24.18,12,1
P008,HRTF_B,30,2.274,75.37,-24.54,12,1
P008,HRTF_B,30,2.29,76.43,-24.95,12,1
P008,HRTF_B,30,2.306,77.56,-25.4,12,1
P008,HRTF_B,30,2.321,78.71,-25.9,12,1
P008,HRTF_B,30,2.336,79.92,-26.38,12,1
P008,HRTF_B,30,2.351,82.34,-27.25,12,1
P008,HRTF_B,30,2.368,83.51,-27.61,12,1
P008,HRTF_B,30,2.383,84.58,-27.98,12,1
P008,HRTF_B,30,2.398,85.64,-28.32,12,1
P008,HRTF_B,30,2.414,86.67,-28.62,12,1
P008,HRTF_B,30,2.43,87.66,-28.85,12,1
P008,HRTF_B,30,2.445,88.61,-29.07,12,1
P008,HRTF_B,30,2.461,89.55,-29.27,12,1
P008,HRTF_B,30,2.477,91.47,-29.72,12,1
P008,HRTF_B,30,2.492,92.53,-29.96,12,1
P008,HRTF_B,30,2.509,93.64,-30.31,12,1
P008,HRTF_B,30,2.525,94.78,-30.66,12,1
P008,HRTF_B,30,2.541,95.95,-31.06,12,1
P008,HRTF_B,30,2.557,97.18,-31.55,12,1
P008,HRTF_B,30,2.572,98.47,-32.07,12,1
P008,HRTF_B,30,2.588,101.12,-33.17,12,1
P008,HRTF_B,30,2.603,102.47,-33.76,12,1
P008,HRTF_B,30,2.619,103.89,-34.32,12,1
P008,HRTF_B,30,2.635,105.28,-34.87,12,1
P008,HRTF_B,30,2.651,106.6,-35.36,12,1
P008,HRTF_B,30,2.667,107.86,-35.85,12,1
P008,HRTF_B,30,2.682,109.04,-36.3,12,1
P008,HRTF_B,30,2.697,110.15,-36.75,12,1
P008,HRTF_B,30,2.712,112.21,-37.58,12,1
P008,HRTF_B,30,2.727,113.05,-37.96,12,1
P008,HRTF_B,30,2.743,113.86,-38.32,12,1
P008,HRTF_B,30,2.758,114.64,-38.71,12,1
P008,HRTF_B,30,2.775,115.38,-39.16,12,1
P008,HRTF_B,30,2.791,116.06,-39.64,12,1
P008,HRTF_B,30,2.806,116.66,-40.15,12,1
P008,HRTF_B,30,2.822,117.23,-40.67,12,1
P008,HRTF_B,30,2.838,118.32,-41.78,12,1
P008,HRTF_B,30,2.853,118.83,-42.31,12,1
P008,HRTF_B,30,2.869,119.34,-42.96,12,1
P008,HRTF_B,30,2.884,119.91,-43.64,12,1
P008,HRTF_B,30,2.9,120.52,-44.35,12,1
P008,HRTF_B,30,2.916,121.12,-45.07,12,1
P008,HRTF_B,30,2.932,121.72,-45.72,12,1
P008,HRTF_B,30,2.948,123.04,-46.94,12,1
P008,HRTF_B,30,2.963,123.79,-47.53,12,1
P008,HRTF_B,30,2.978,124.42,-48.03,12,1
P008,HRTF_B,30,2.994,125.11,-48.53,12,1
P008,HRTF_B,30,3.009,125.79,-49.01,12,1
P008,HRTF_B,30,3.025,126.58,-49.4,12,1
P008,HRTF_B,30,3.041,127.32,-49.71,12,1
P008,HRTF_B,30,3.057,128.02,-49.96,12,1
P008,HRTF_B,30,3.072,128.68,-50.16,12,1
P008,HRTF_B,30,3.087,130.01,-50.49,12,1
P008,HRTF_B,30,3.103,130.39,-50.55,12,1
P008,HRTF_B,30,3.118,130.78,-50.54,12,1
P008,HRTF_B,30,3.133,130.8,-50.5,12,1
P008,HRTF_B,30,3.149,130.61,-50.49,12,1
P008,HRTF_B,30,3.165,130.42,-50.44,12,1
P008,HRTF_B,30,3.18,130.18,-50.46,12,1
P008,HRTF_B,30,3.195,129.87,-50.47,12,1
P008,HRTF_B,30,3.211,129.27,-50.5,12,1
P008,HRTF_B,30,3.226,128.89,-50.48,12,1
P008,HRTF_B,30,3.241,128.61,-50.52,12,1
P008,HRTF_B,30,3.256,128.36,-50.59,12,1
P008,HRTF_B,30,3.273,128.11,-50.63,12,1
P008,HRTF_B,30,3.288,127.87,-50.67,12,1
P008,HRTF_B,30,3.305,127.64,-50.75,12,1
P008,HRTF_B,30,3.32,127.43,-50.86,12,1
P008,HRTF_B,30,3.336,127.26,-51.02,12,1
P008,HRTF_B,30,3.351,126.94,-51.46,12,1
P008,HRTF_B,30,3.367,126.83,-51.82,12,1
P008,HRTF_B,30,3.383,126.66,-52.27,12,1
P008,HRTF_B,30,3.398,126.51,-52.81,12,1
P008,HRTF_B,30,3.414,126.11,-53.39,12,1
P008,HRTF_B,30,3.431,125.45,-53.95,12,1
P008,HRTF_B,30,3.446,124.62,-54.62,12,1
P008,HRTF_B,30,3.462,122.54,-56.22,12,1
P008,HRTF_B,30,3.478,121.04,-57.25,12,1
P008,HRTF_B,30,3.494,119.18,-58.27,12,1
P008,HRTF_B,30,3.51,117.19,-59.27,12,1
P008,HRTF_B,30,3.526,114.82,-60.24,12,1
P008,HRTF_B,30,3.542,112.27,-61.17,12,1
P008,HRTF_B,30,3.557,109.51,-62.07,12,1
P008,HRTF_B,30,3.574,103.24,-63.8,12,1
P008,HRTF_B,30,3.589,99.62,-64.65,12,1
P008,HRTF_B,30,3.605,95.48,-65.42,12,1
P008,HRTF_B,30,3.621,91.18,-66.08,12,1
P008,HRTF_B,30,3.636,86.34,-66.62,12,1
P008,HRTF_B,30,3.652,81.1,-66.94,12,1
P008,HRTF_B,30,3.668,75.63,-67.04,12,1
P008,HRTF_B,30,3.683,70.15,-66.96,12,1
P008,HRTF_B,30,3.7,59.78,-66.23,12,1
P008,HRTF_B,30,3.716,55.31,-65.62,12,1
P008,HRTF_B,30,3.731,51.2,-64.9,12,1
P008,HRTF_B,30,3.747,47.31,-64.17,12,1
P008,HRTF_B,30,3.763,43.67,-63.44,12,1
P008,HRTF_B,30,3.779,40.25,-62.66,12,1
P008,HRTF_B,30,3.794,37.14,-61.91,12,1
P008,HRTF_B,30,3.81,31.4,-60.36,12,1
P008,HRTF_B,30,3.825,28.83,-59.7,12,1
P008,HRTF_B,30,3.841,26.34,-59.06,12,1
P008,HRTF_B,30,3.857,23.85,-58.46,12,1
P008,HRTF_B,30,3.873,21.37,-57.86,12,1
P008,HRTF_B,30,3.889,18.9,-57.25,12,1
P008,HRTF_B,30,3.905,16.43,-56.62,12,1
P008,HRTF_B,30,3.921,11.45,-55.28,12,1
P008,HRTF_B,30,3.936,9,-54.54,12,1
P008,HRTF_B,30,3.952,6.58,-53.8,12,1
P008,HRTF_B,30,3.969,4.14,-53.05,12,1
P008,HRTF_B,30,3.985,1.63,-52.28,12,1
P008,HRTF_B,30,4,-0.92,-51.48,12,1
P008,HRTF_B,30,4.015,-3.51,-50.63,12,1
P008,HRTF_B,30,4.031,-6.1,-49.75,12,1
P008,HRTF_B,30,4.047,-11.37,-47.97,12,1
P008,HRTF_B,30,4.062,-14.18,-47.11,12,1
P008,HRTF_B,30,4.078,-17.01,-46.22,12,1
P008,HRTF_B,30,4.094,-19.79,-45.29,12,1
P008,HRTF_B,30,4.111,-22.51,-44.22,12,1
P008,HRTF_B,30,4.126,-25.18,-43.04,12,1
P008,HRTF_B,30,4.142,-27.87,-41.8,12,1
P008,HRTF_B,30,4.157,-33.16,-39.3,12,1
P008,HRTF_B,30,4.173,-35.77,-38.05,12,1
P008,HRTF_B,30,4.188,-38.35,-36.73,12,1
P008,HRTF_B,30,4.204,-41.02,-35.3,12,1
P008,HRTF_B,30,4.219,-43.9,-33.79,12,1
P008,HRTF_B,30,4.235,-46.84,-32.31,12,1
P008,HRTF_B,30,4.256,-52.52,-29.37,12,1
P008,HRTF_B,30,4.271,-55.35,-27.84,12,1
P008,HRTF_B,30,4.287,-58,-26.37,12,1
P008,HRTF_B,30,4.303,-60.54,-24.9,12,1
P008,HRTF_B,30,4.318,-63.03,-23.36,12,1
P008,HRTF_B,30,4.333,-65.56,-21.75,12,1
P008,HRTF_B,30,4.349,-68.06,-20.09,12,1
P008,HRTF_B,30,4.364,-72.84,-16.84,12,1
P008,HRTF_B,30,4.379,-74.85,-15.42,12,1
P008,HRTF_B,30,4.396,-76.67,-14.02,12,1
P008,HRTF_B,30,4.411,-78.25,-12.67,12,1
P008,HRTF_B,30,4.427,-79.61,-11.22,12,1
P008,HRTF_B,30,4.442,-80.99,-9.68,12,1
P008,HRTF_B,30,4.458,-82.31,-8.07,12,1
P008,HRTF_B,30,4.474,-83.5,-6.46,12,1
P008,HRTF_B,30,4.49,-85.82,-3.29,12,1
P008,HRTF_B,30,4.505,-86.79,-1.78,12,1
P008,HRTF_B,30,4.522,-87.83,-0.39,12,1
P008,HRTF_B,30,4.538,-88.89,0.89,12,1
P008,HRTF_B,30,4.554,-89.97,2.1,12,1
P008,HRTF_B,30,4.569,-90.83,3.19,12,1
P008,HRTF_B,30,4.585,-91.58,4.34,12,1
P008,HRTF_B,30,4.6,-92.18,5.39,12,1
P008,HRTF_B,30,4.615,-93.3,7.48,12,1
P008,HRTF_B,30,4.631,-93.67,8.38,12,1
P008,HRTF_B,30,4.647,-93.94,9.25,12,1
P008,HRTF_B,30,4.664,-94.38,10.16,12,1
P008,HRTF_B,30,4.68,-94.86,11.03,12,1
P008,HRTF_B,30,4.695,-95.35,11.98,12,1
P008,HRTF_B,30,4.71,-95.78,12.93,12,1
P008,HRTF_B,30,4.726,-96.47,14.86,12,1
P008,HRTF_B,30,4.741,-96.66,15.78,12,1
P008,HRTF_B,30,4.757,-96.82,16.68,12,1
P008,HRTF_B,30,4.773,-96.81,17.53,12,1
P008,HRTF_B,30,4.789,-96.63,18.3,12,1
P008,HRTF_B,30,4.805,-96.32,18.95,12,1
P008,HRTF_B,30,4.82,-95.9,19.49,12,1
P008,HRTF_B,30,4.836,-95.28,19.93,12,1
P008,HRTF_B,30,4.852,-93.69,20.63,12,1
P008,HRTF_B,30,4.868,-92.39,20.72,12,1
P008,HRTF_B,30,4.883,-90.82,20.66,12,1
P008,HRTF_B,30,4.899,-88.88,20.39,12,1
P008,HRTF_B,30,4.915,-86.72,20.06,12,1
P008,HRTF_B,30,4.932,-84.24,19.63,12,1
P008,HRTF_B,30,4.948,-79.05,18.86,12,1
P008,HRTF_B,30,4.964,-75.86,18.46,12,1
P008,HRTF_B,30,4.979,-72.47,18.06,12,1
P008,HRTF_B,30,4.995,-68.89,17.67,12,1
P008,HRTF_B,30,5.01,-65.2,17.32,12,1
P008,HRTF_B,30,5.026,-61.41,17.04,12,1
P008,HRTF_B,30,5.042,-57.57,16.81,12,1
P008,HRTF_B,30,5.058,-53.72,16.59,12,1
P008,HRTF_B,30,5.075,-46.11,16.15,12,1
P008,HRTF_B,30,5.091,-42.41,15.89,12,1
P008,HRTF_B,30,5.107,-38.82,15.55,12,1
P008,HRTF_B,30,5.122,-35.37,15.21,12,1
P008,HRTF_B,30,5.138,-31.98,14.81,12,1
P008,HRTF_B,30,5.153,-28.58,14.38,12,1
P008,HRTF_B,30,5.169,-25.18,13.84,12,1
P008,HRTF_B,30,5.185,-18.33,12.68,12,1
P008,HRTF_B,30,5.202,-14.79,12.01,12,1
P008,HRTF_B,30,5.218,-11.14,11.36,12,1
P008,HRTF_B,30,5.234,-7.36,10.72,12,1
P008,HRTF_B,30,5.249,-3.49,10.11,12,1
P008,HRTF_B,30,5.265,0.52,9.5,12,1
P008,HRTF_B,30,5.28,4.59,8.9,12,1
P008,HRTF_B,30,5.295,12.69,7.7,12,1
P008,HRTF_B,30,5.311,16.75,7.11,12,1
P008,HRTF_B,30,5.328,20.84,6.57,12,1
P008,HRTF_B,30,5.344,24.86,6.08,12,1
P008,HRTF_B,30,5.359,28.8,5.72,12,1
P008,HRTF_B,30,5.375,32.67,5.5,12,1
P008,HRTF_B,30,5.39,36.43,5.48,12,1
P008,HRTF_B,30,5.406,43.78,5.72,12,1
P008,HRTF_B,30,5.422,47.09,6.14,12,1
P008,HRTF_B,30,5.437,50.19,6.54,12,1
P008,HRTF_B,30,5.453,53.15,6.78,12,1
P008,HRTF_B,30,5.47,55.9,6.91,12,1
P008,HRTF_B,30,5.486,58.47,7.08,12,1
P008,HRTF_B,30,5.501,60.88,7.25,12,1
P008,HRTF_B,30,5.517,63.1,7.38,12,1
P008,HRTF_B,30,5.532,67.33,7.61,12,1
P008,HRTF_B,30,5.548,69.19,7.59,12,1
P008,HRTF_B,30,5.563,71.01,7.54,12,1
P008,HRTF_B,30,5.579,72.85,7.48,12,1
P008,HRTF_B,30,5.595,74.7,7.37,12,1
P008,HRTF_B,30,5.611,76.58,7.16,12,1
P008,HRTF_B,30,5.627,78.51,6.88,12,1
P008,HRTF_B,30,5.643,82.36,6.42,12,1
P008,HRTF_B,30,5.658,84.3,6.17,12,1
P008,HRTF_B,30,5.674,86.22,5.94,12,1
P008,HRTF_B,30,5.69,88.15,5.64,12,1
P008,HRTF_B,30,5.706,90.05,5.36,12,1
P008,HRTF_B,30,5.722,91.89,5.06,12,1
P008,HRTF_B,30,5.739,93.68,4.74,12,1
P008,HRTF_B,30,5.754,97.2,4.18,12,1
P008,HRTF_B,30,5.769,98.86,3.89,12,1
P008,HRTF_B,30,5.785,100.45,3.67,12,1
P008,HRTF_B,30,5.8,102.04,3.49,12,1
P008,HRTF_B,30,5.815,103.59,3.31,12,1
P008,HRTF_B,30,5.831,105.1,3.18,12,1
P008,HRTF_B,30,5.847,106.55,3.05,12,1
P008,HRTF_B,30,5.863,107.98,2.96,12,1
P008,HRTF_B,30,5.878,110.75,2.76,12,1
P008,HRTF_B,30,5.894,112.02,2.76,12,1
P008,HRTF_B,30,5.91,113.22,2.77,12,1
P008,HRTF_B,30,5.925,114.32,2.78,12,1
P008,HRTF_B,30,5.94,115.34,2.73,12,1
P008,HRTF_B,30,5.956,116.25,2.64,12,1
P008,HRTF_B,30,5.972,117.07,2.55,12,1
P008,HRTF_B,30,5.988,117.73,2.48,12,1
P008,HRTF_B,30,6.005,118.87,2.48,12,1
P008,HRTF_B,30,6.02,119.13,2.56,12,1
P008,HRTF_B,30,6.036,119.28,2.62,12,1
P008,HRTF_B,30,6.052,119.37,2.75,12,1
P008,HRTF_B,30,6.067,119.45,2.91,12,1
P008,HRTF_B,30,6.082,119.52,3.09,12,1
P008,HRTF_B,30,6.098,119.55,3.25,12,1
P008,HRTF_B,30,6.113,119.58,3.39,12,1
P008,HRTF_B,30,6.13,119.63,3.59,12,1
P008,HRTF_B,30,6.145,119.6,3.61,12,1
P008,HRTF_B,30,6.16,119.53,3.61,12,1
P008,HRTF_B,30,6.176,119.46,3.56,12,1
P008,HRTF_B,30,6.191,119.39,3.46,12,1
P008,HRTF_B,30,6.207,119.32,3.36,12,1
P008,HRTF_B,30,6.222,119.26,3.29,12,1
P008,HRTF_B,30,6.237,119.17,3.25,12,1
P008,HRTF_B,30,6.253,119.06,3.25,12,1
P008,HRTF_B,30,6.27,118.81,3.3,12,1
P008,HRTF_B,30,6.285,118.67,3.36,12,1
P008,HRTF_B,30,6.301,118.56,3.43,12,1
P008,HRTF_B,30,6.316,118.44,3.55,12,1
P008,HRTF_B,30,6.332,118.35,3.68,12,1
P008,HRTF_B,30,6.347,118.28,3.82,12,1
P008,HRTF_B,30,6.362,118.22,3.94,12,1
P008,HRTF_B,30,6.378,118.18,4.07,12,1
P008,HRTF_B,30,6.395,118.09,4.36,12,1
P008,HRTF_B,30,6.411,118.04,4.52,12,1
P008,HRTF_B,30,6.427,117.95,4.66,12,1
P008,HRTF_B,30,6.442,117.88,4.76,12,1
P008,HRTF_B,30,6.458,117.8,4.86,12,1
P008,HRTF_B,30,6.473,117.7,4.96,12,1
P008,HRTF_B,30,6.489,117.6,5.05,12,1
P008,HRTF_B,30,6.505,117.39,5.26,12,1
P008,HRTF_B,30,6.52,117.31,5.39,12,1
P008,HRTF_B,30,6.537,117.24,5.54,12,1
P008,HRTF_B,30,6.552,117.17,5.65,12,1
P008,HRTF_B,30,6.568,117.11,5.72,12,1
P008,HRTF_B,30,6.583,117.06,5.77,12,1
P008,HRTF_B,30,6.599,117.03,5.78,12,1
P008,HRTF_B,30,6.614,117,5.78,12,1
P008,HRTF_B,30,6.629,116.96,5.77,12,1
P008,HRTF_B,30,6.645,116.95,5.75,12,1
P008,HRTF_B,31,0.018,-0.49,0.84,30,1
P008,HRTF_B,31,0.034,-0.49,0.96,30,1
P008,HRTF_B,31,0.05,-0.4,1.01,30,1
P008,HRTF_B,31,0.067,-0.29,1.06,30,1
P008,HRTF_B,31,0.083,-0.17,1.11,30,1
P008,HRTF_B,31,0.099,-0.05,1.12,30,1
P008,HRTF_B,31,0.115,0.09,1.09,30,1
P008,HRTF_B,31,0.132,0.37,1,30,1
P008,HRTF_B,31,0.147,0.52,0.92,30,1
P008,HRTF_B,31,0.164,0.68,0.83,30,1
P008,HRTF_B,31,0.18,0.81,0.72,30,1
P008,HRTF_B,31,0.197,0.94,0.58,30,1
P008,HRTF_B,31,0.213,1.2,0.33,30,1
P008,HRTF_B,31,0.229,1.33,0.22,30,1
P008,HRTF_B,31,0.245,1.45,0.11,30,1
P008,HRTF_B,31,0.262,1.58,0,30,1
P008,HRTF_B,31,0.277,1.7,-0.1,30,1
P008,HRTF_B,31,0.293,1.81,-0.18,30,1
P008,HRTF_B,31,0.309,1.92,-0.26,30,1
P008,HRTF_B,31,0.325,2.15,-0.41,30,1
P008,HRTF_B,31,0.343,2.26,-0.45,30,1
P008,HRTF_B,31,0.359,2.37,-0.48,30,1
P008,HRTF_B,31,0.375,2.47,-0.51,30,1
P008,HRTF_B,31,0.391,2.57,-0.56,30,1
P008,HRTF_B,31,0.407,2.68,-0.6,30,1
P008,HRTF_B,31,0.424,2.89,-0.68,30,1
P008,HRTF_B,31,0.44,2.99,-0.73,30,1
P008,HRTF_B,31,0.456,3.09,-0.78,30,1
P008,HRTF_B,31,0.474,3.22,-0.84,30,1
P008,HRTF_B,31,0.49,3.34,-0.93,30,1
P008,HRTF_B,31,0.506,3.59,-1.11,30,1
P008,HRTF_B,31,0.522,3.71,-1.21,30,1
P008,HRTF_B,31,0.538,3.83,-1.28,30,1
P008,HRTF_B,31,0.554,3.95,-1.34,30,1
P008,HRTF_B,31,0.57,4.09,-1.41,30,1
P008,HRTF_B,31,0.586,4.22,-1.47,30,1
P008,HRTF_B,31,0.604,4.45,-1.59,30,1
P008,HRTF_B,31,0.621,4.54,-1.66,30,1
P008,HRTF_B,31,0.637,4.63,-1.71,30,1
P008,HRTF_B,31,0.653,4.71,-1.76,30,1
P008,HRTF_B,31,0.669,4.78,-1.81,30,1
P008,HRTF_B,31,0.685,4.85,-1.85,30,1
P008,HRTF_B,31,0.701,4.98,-1.92,30,1
P008,HRTF_B,31,0.717,5.05,-1.96,30,1
P008,HRTF_B,31,0.734,5.12,-1.98,30,1
P008,HRTF_B,31,0.75,5.19,-1.99,30,1
P008,HRTF_B,31,0.767,5.26,-1.99,30,1
P008,HRTF_B,31,0.782,5.34,-1.99,30,1
P008,HRTF_B,31,0.798,5.49,-2,30,1
P008,HRTF_B,31,0.814,5.55,-2,30,1
P008,HRTF_B,31,0.83,5.62,-2.01,30,1
P008,HRTF_B,31,0.846,5.67,-2.03,30,1
P008,HRTF_B,31,0.862,5.69,-2.07,30,1
P008,HRTF_B,31,0.879,5.69,-2.09,30,1
P008,HRTF_B,31,0.895,5.66,-2.13,30,1
P008,HRTF_B,31,0.911,5.62,-2.15,30,1
P008,HRTF_B,31,0.927,5.54,-2.18,30,1
P008,HRTF_B,31,0.943,5.42,-2.25,30,1
P008,HRTF_B,31,0.959,5.22,-2.35,30,1
P008,HRTF_B,31,0.975,4.94,-2.45,30,1
P008,HRTF_B,31,0.991,4.62,-2.54,30,1
P008,HRTF_B,31,1.008,3.93,-2.7,30,1
P008,HRTF_B,31,1.024,3.5,-2.79,30,1
P008,HRTF_B,31,1.04,3,-2.84,30,1
P008,HRTF_B,31,1.057,2.44,-2.89,30,1
P008,HRTF_B,31,1.073,1.81,-2.91,30,1
P008,HRTF_B,31,1.089,0.44,-2.96,30,1
P008,HRTF_B,31,1.105,-0.42,-2.92,30,1
P008,HRTF_B,31,1.12,-1.37,-2.85,30,1
P008,HRTF_B,31,1.138,-2.36,-2.76,30,1
P008,HRTF_B,31,1.154,-3.43,-2.69,30,1
P008,HRTF_B,31,1.171,-4.57,-2.66,30,1
P008,HRTF_B,31,1.186,-6.93,-2.62,30,1
P008,HRTF_B,31,1.203,-8.25,-2.58,30,1
P008,HRTF_B,31,1.219,-9.59,-2.55,30,1
P008,HRTF_B,31,1.235,-10.96,-2.53,30,1
P008,HRTF_B,31,1.251,-12.35,-2.49,30,1
P008,HRTF_B,31,1.266,-13.73,-2.46,30,1
P008,HRTF_B,31,1.284,-16.53,-2.34,30,1
P008,HRTF_B,31,1.3,-17.96,-2.31,30,1
P008,HRTF_B,31,1.317,-19.39,-2.27,30,1
P008,HRTF_B,31,1.333,-20.8,-2.24,30,1
P008,HRTF_B,31,1.349,-22.22,-2.23,30,1
P008,HRTF_B,31,1.365,-23.64,-2.24,30,1
P008,HRTF_B,31,1.381,-26.51,-2.33,30,1
P008,HRTF_B,31,1.397,-27.93,-2.49,30,1
P008,HRTF_B,31,1.415,-29.32,-2.69,30,1
P008,HRTF_B,31,1.431,-30.67,-2.93,30,1
P008,HRTF_B,31,1.447,-31.97,-3.13,30,1
P008,HRTF_B,31,1.463,-34.52,-3.48,30,1
P008,HRTF_B,31,1.48,-35.68,-3.59,30,1
P008,HRTF_B,31,1.495,-36.87,-3.7,30,1
P008,HRTF_B,31,1.511,-38.05,-3.85,30,1
P008,HRTF_B,31,1.527,-39.26,-4.04,30,1
P008,HRTF_B,31,1.548,-40.46,-4.27,30,1
P008,HRTF_B,31,1.564,-42.86,-4.77,30,1
P008,HRTF_B,31,1.58,-44.02,-5.19,30,1
P008,HRTF_B,31,1.596,-45.15,-5.68,30,1
P008,HRTF_B,31,1.612,-46.2,-6.24,30,1
P008,HRTF_B,31,1.628,-47.22,-6.87,30,1
P008,HRTF_B,31,1.644,-49.12,-8.16,30,1
P008,HRTF_B,31,1.66,-49.86,-8.84,30,1
P008,HRTF_B,31,1.676,-50.53,-9.5,30,1
P008,HRTF_B,31,1.693,-51.1,-10.09,30,1
P008,HRTF_B,31,1.709,-51.58,-10.67,30,1
P008,HRTF_B,31,1.725,-52,-11.17,30,1
P008,HRTF_B,31,1.741,-52.34,-11.67,30,1
P008,HRTF_B,31,1.757,-52.93,-12.56,30,1
P008,HRTF_B,31,1.773,-53.05,-12.82,30,1
P008,HRTF_B,31,1.788,-53.13,-13.02,30,1
P008,HRTF_B,31,1.804,-53.2,-13.1,30,1
P008,HRTF_B,31,1.821,-53.24,-13.12,30,1
P008,HRTF_B,31,1.837,-53.28,-13.12,30,1
P008,HRTF_B,31,1.853,-53.33,-13,30,1
P008,HRTF_B,31,1.87,-53.33,-12.85,30,1
P008,HRTF_B,31,1.886,-53.3,-12.8,30,1
P008,HRTF_B,31,1.902,-53.24,-12.85,30,1
P008,HRTF_B,31,1.918,-53.16,-12.96,30,1
P008,HRTF_B,31,1.934,-53.1,-13.11,30,1
P008,HRTF_B,31,1.952,-53,-13.4,30,1
P008,HRTF_B,31,1.967,-53.02,-13.57,30,1
P008,HRTF_B,31,1.984,-53.07,-13.73,30,1
P008,HRTF_B,31,2,-53.14,-13.89,30,1
P008,HRTF_B,31,2.016,-53.2,-14.08,30,1
P008,HRTF_B,32,0.018,0.63,2.73,6,1
P008,HRTF_B,32,0.035,0.67,2.44,6,1
P008,HRTF_B,32,0.052,0.63,2.13,6,1
P008,HRTF_B,32,0.067,0.41,1.48,6,1
P008,HRTF_B,32,0.083,0.11,1.12,6,1
P008,HRTF_B,32,0.105,-0.32,0.7,6,1
P008,HRTF_B,32,0.121,-0.82,0.27,6,1
P008,HRTF_B,32,0.138,-1.96,-0.65,6,1
P008,HRTF_B,32,0.154,-2.77,-1.17,6,1
P008,HRTF_B,32,0.171,-3.7,-1.68,6,1
P008,HRTF_B,32,0.187,-4.72,-2.27,6,1
P008,HRTF_B,32,0.204,-5.82,-2.92,6,1
P008,HRTF_B,32,0.22,-8.2,-4.18,6,1
P008,HRTF_B,32,0.238,-9.53,-4.76,6,1
P008,HRTF_B,32,0.255,-10.92,-5.31,6,1
P008,HRTF_B,32,0.271,-12.36,-5.86,6,1
P008,HRTF_B,32,0.287,-13.8,-6.42,6,1
P008,HRTF_B,32,0.304,-16.77,-7.44,6,1
P008,HRTF_B,32,0.32,-18.34,-7.82,6,1
P008,HRTF_B,32,0.337,-19.95,-8.11,6,1
P008,HRTF_B,32,0.353,-21.59,-8.32,6,1
P008,HRTF_B,32,0.371,-23.26,-8.43,6,1
P008,HRTF_B,32,0.388,-26.63,-8.49,6,1
P008,HRTF_B,32,0.404,-28.34,-8.28,6,1
P008,HRTF_B,32,0.421,-30.06,-7.87,6,1
P008,HRTF_B,32,0.438,-31.82,-7.35,6,1
P008,HRTF_B,32,0.454,-33.54,-6.7,6,1
P008,HRTF_B,32,0.47,-36.89,-5.26,6,1
P008,HRTF_B,32,0.486,-38.48,-4.27,6,1
P008,HRTF_B,32,0.505,-39.98,-3.19,6,1
P008,HRTF_B,32,0.522,-41.43,-2.12,6,1
P008,HRTF_B,32,0.538,-44.29,0.04,6,1
P008,HRTF_B,32,0.555,-45.62,1.1,6,1
P008,HRTF_B,32,0.572,-46.89,2.08,6,1
P008,HRTF_B,32,0.589,-48.13,3,6,1
P008,HRTF_B,32,0.605,-49.31,3.83,6,1
P008,HRTF_B,32,0.622,-51.62,5.34,6,1
P008,HRTF_B,32,0.64,-52.67,5.82,6,1
P008,HRTF_B,32,0.657,-53.66,6.26,6,1
P008,HRTF_B,32,0.674,-54.66,6.67,6,1
P008,HRTF_B,32,0.69,-55.6,7.05,6,1
P008,HRTF_B,32,0.707,-57.43,7.8,6,1
P008,HRTF_B,32,0.724,-58.21,8.12,6,1
P008,HRTF_B,32,0.741,-58.94,8.38,6,1
P008,HRTF_B,32,0.757,-59.62,8.65,6,1
P008,HRTF_B,32,0.775,-60.91,9.13,6,1
P008,HRTF_B,32,0.792,-61.38,9.25,6,1
P008,HRTF_B,32,0.809,-61.8,9.28,6,1
P008,HRTF_B,32,0.826,-62.1,9.28,6,1
P008,HRTF_B,32,0.842,-62.14,9.17,6,1
P008,HRTF_B,32,0.859,-62.12,9.01,6,1
P008,HRTF_B,32,0.875,-61.62,8.87,6,1
P008,HRTF_B,32,0.893,-60.83,8.65,6,1
P008,HRTF_B,32,0.91,-59.82,8.26,6,1
P008,HRTF_B,32,0.927,-58.52,7.77,6,1
P008,HRTF_B,32,0.943,-55.64,6.71,6,1
P008,HRTF_B,32,0.96,-53.58,6.03,6,1
P008,HRTF_B,32,0.977,-51.23,5.21,6,1
P008,HRTF_B,32,0.994,-48.56,4.34,6,1
P008,HRTF_B,32,1.011,-43.13,2.5,6,1
P008,HRTF_B,32,1.027,-40.06,1.51,6,1
P008,HRTF_B,32,1.045,-36.82,0.49,6,1
P008,HRTF_B,32,1.062,-33.51,-0.59,6,1
P008,HRTF_B,32,1.078,-30.23,-1.63,6,1
P008,HRTF_B,32,1.094,-23.65,-3.66,6,1
P008,HRTF_B,32,1.111,-20.23,-4.58,6,1
P008,HRTF_B,32,1.127,-16.86,-5.52,6,1
P008,HRTF_B,32,1.144,-13.61,-6.38,6,1
P008,HRTF_B,32,1.161,-10.49,-7.17,6,1
P008,HRTF_B,32,1.179,-4.51,-8.65,6,1
P008,HRTF_B,32,1.195,-1.95,-9.35,6,1
P008,HRTF_B,32,1.211,0.44,-10.01,6,1
P008,HRTF_B,32,1.227,2.7,-10.64,6,1
P008,HRTF_B,32,1.244,4.89,-11.28,6,1
P008,HRTF_B,32,1.26,9.14,-12.49,6,1
P008,HRTF_B,32,1.277,10.96,-13.05,6,1
P008,HRTF_B,32,1.293,12.62,-13.58,6,1
P008,HRTF_B,32,1.311,14.23,-14.16,6,1
P008,HRTF_B,32,1.327,15.8,-14.72,6,1
P008,HRTF_B,32,1.344,17.36,-15.24,6,1
P008,HRTF_B,32,1.36,20.61,-16.26,6,1
P008,HRTF_B,32,1.377,22.3,-16.72,6,1
P008,HRTF_B,32,1.393,23.92,-17.16,6,1
P008,HRTF_B,32,1.41,25.47,-17.58,6,1
P008,HRTF_B,32,1.427,26.92,-17.96,6,1
P008,HRTF_B,32,1.449,29.71,-18.63,6,1
P008,HRTF_B,32,1.466,30.96,-18.93,6,1
P008,HRTF_B,32,1.483,32.11,-19.26,6,1
P008,HRTF_B,32,1.499,34.29,-19.87,6,1
P008,HRTF_B,32,1.515,35.11,-20.06,6,1
P008,HRTF_B,32,1.532,35.82,-20.22,6,1
P008,HRTF_B,32,1.549,36.43,-20.39,6,1
P008,HRTF_B,32,1.565,36.94,-20.57,6,1
P008,HRTF_B,32,1.583,37.82,-20.86,6,1
P008,HRTF_B,32,1.6,38.06,-20.97,6,1
P008,HRTF_B,32,1.616,38.26,-21.07,6,1
P008,HRTF_B,32,1.633,38.41,-21.16,6,1
P008,HRTF_B,32,1.65,38.51,-21.26,6,1
P008,HRTF_B,32,1.666,38.67,-21.4,6,1
P008,HRTF_B,32,1.684,38.65,-21.44,6,1
P008,HRTF_B,32,1.7,38.59,-21.45,6,1
P008,HRTF_B,32,1.72,38.44,-21.45,6,1
P008,HRTF_B,32,1.738,38.31,-21.36,6,1
P008,HRTF_B,32,1.755,38.16,-21.23,6,1
P008,HRTF_B,32,1.771,37.98,-21.05,6,1
P008,HRTF_B,32,1.787,37.75,-20.8,6,1
P008,HRTF_B,32,1.804,37.23,-20.24,6,1
P008,HRTF_B,33,0.019,-4.45,-0.5,17,1
P008,HRTF_B,33,0.036,-4.09,-0.49,17,1
P008,HRTF_B,33,0.053,-3.74,-0.41,17,1
P008,HRTF_B,33,0.071,-3.38,-0.28,17,1
P008,HRTF_B,33,0.088,-3.04,-0.15,17,1
P008,HRTF_B,33,0.105,-2.37,-0.01,17,1
P008,HRTF_B,33,0.122,-2.11,-0.19,17,1
P008,HRTF_B,33,0.14,-1.9,-0.42,17,1
P008,HRTF_B,33,0.158,-1.6,-0.84,17,1
P008,HRTF_B,33,0.175,-1.7,-1.16,17,1
P008,HRTF_B,33,0.191,-1.94,-1.52,17,1
P008,HRTF_B,33,0.208,-2.32,-1.93,17,1
P008,HRTF_B,33,0.225,-2.77,-2.28,17,1
P008,HRTF_B,33,0.242,-3.81,-2.94,17,1
P008,HRTF_B,33,0.259,-4.53,-3.18,17,1
P008,HRTF_B,33,0.277,-5.33,-3.43,17,1
P008,HRTF_B,33,0.294,-6.15,-3.69,17,1
P008,HRTF_B,33,0.311,-7.92,-4.17,17,1
P008,HRTF_B,33,0.328,-8.98,-4.31,17,1
P008,HRTF_B,33,0.345,-10.07,-4.36,17,1
P008,HRTF_B,33,0.362,-11.22,-4.38,17,1
P008,HRTF_B,33,0.379,-12.38,-4.31,17,1
P008,HRTF_B,33,0.396,-14.72,-4.1,17,1
P008,HRTF_B,33,0.413,-15.98,-3.82,17,1
P008,HRTF_B,33,0.431,-17.28,-3.49,17,1
P008,HRTF_B,33,0.448,-18.65,-3.2,17,1
P008,HRTF_B,33,0.465,-21.44,-2.61,17,1
P008,HRTF_B,33,0.481,-22.89,-2.32,17,1
P008,HRTF_B,33,0.498,-24.39,-1.89,17,1
P008,HRTF_B,33,0.515,-25.92,-1.44,17,1
P008,HRTF_B,33,0.532,-27.46,-0.95,17,1
P008,HRTF_B,33,0.55,-30.54,-0.07,17,1
P008,HRTF_B,33,0.567,-32.06,0.27,17,1
P008,HRTF_B,33,0.584,-33.57,0.53,17,1
P008,HRTF_B,33,0.601,-35.06,0.77,17,1
P008,HRTF_B,33,0.618,-38.04,1.22,17,1
P008,HRTF_B,33,0.635,-39.47,1.29,17,1
P008,HRTF_B,33,0.651,-40.93,1.28,17,1
P008,HRTF_B,33,0.668,-42.4,1.23,17,1
P008,HRTF_B,33,0.686,-45.39,1.04,17,1
P008,HRTF_B,33,0.703,-46.91,0.7,17,1
P008,HRTF_B,33,0.72,-48.45,0.3,17,1
P008,HRTF_B,33,0.737,-49.96,-0.08,17,1
P008,HRTF_B,33,0.754,-51.45,-0.48,17,1
P008,HRTF_B,33,0.771,-54.38,-1.26,17,1
P008,HRTF_B,33,0.788,-55.8,-1.68,17,1
P008,HRTF_B,33,0.804,-57.13,-2.11,17,1
P008,HRTF_B,33,0.823,-58.44,-2.59,17,1
P008,HRTF_B,33,0.839,-60.92,-3.63,17,1
P008,HRTF_B,33,0.856,-61.96,-4.22,17,1
P008,HRTF_B,33,0.873,-62.85,-4.78,17,1
P008,HRTF_B,33,0.889,-63.61,-5.26,17,1
P008,HRTF_B,33,0.905,-64.28,-5.71,17,1
P008,HRTF_B,33,0.922,-65.34,-6.47,17,1
P008,HRTF_B,33,0.939,-65.51,-6.74,17,1
P008,HRTF_B,33,0.957,-65.51,-6.92,17,1
P008,HRTF_B,33,0.974,-65.29,-7.09,17,1
P008,HRTF_B,33,0.991,-64.51,-7.4,17,1
P008,HRTF_B,33,1.008,-63.54,-7.53,17,1
P008,HRTF_B,33,1.025,-62.43,-7.72,17,1
P008,HRTF_B,33,1.042,-61.09,-7.92,17,1
P008,HRTF_B,33,1.059,-59.57,-8.16,17,1
P008,HRTF_B,33,1.076,-56.39,-8.62,17,1
P008,HRTF_B,33,1.093,-54.93,-8.82,17,1
P008,HRTF_B,33,1.111,-53.49,-9.02,17,1
P008,HRTF_B,33,1.127,-51.33,-9.07,17,1
P008,HRTF_B,33,1.144,-49.21,-9.2,17,1
P008,HRTF_B,33,1.161,-44.75,-9.41,17,1
P008,HRTF_B,33,1.178,-42.12,-9.42,17,1
P008,HRTF_B,33,1.194,-39.45,-9.35,17,1
P008,HRTF_B,33,1.212,-36.67,-9.3,17,1
P008,HRTF_B,33,1.228,-31.33,-9.13,17,1
P008,HRTF_B,33,1.245,-28.94,-9.04,17,1
P008,HRTF_B,33,1.263,-26.91,-8.96,17,1
P008,HRTF_B,33,1.28,-25.04,-9.04,17,1
P008,HRTF_B,33,1.296,-23.46,-9.18,17,1
P008,HRTF_B,33,1.312,-20.27,-9.5,17,1
P008,HRTF_B,33,1.329,-18.87,-9.71,17,1
P008,HRTF_B,33,1.35,-17.72,-9.83,17,1
P008,HRTF_B,33,1.367,-15.56,-10.2,17,1
P008,HRTF_B,33,1.383,-14.69,-10.47,17,1
P008,HRTF_B,33,1.401,-13.85,-10.74,17,1
P008,HRTF_B,33,1.418,-13.03,-11.01,17,1
P008,HRTF_B,33,1.434,-12.26,-11.24,17,1
P008,HRTF_B,33,1.451,-10.76,-11.7,17,1
P008,HRTF_B,33,1.468,-10.06,-11.91,17,1
P008,HRTF_B,33,1.486,-9.26,-12.07,17,1
P008,HRTF_B,33,1.503,-8.18,-12.15,17,1
P008,HRTF_B,33,1.52,-6.21,-12.37,17,1
P008,HRTF_B,33,1.537,-5.37,-12.44,17,1
P008,HRTF_B,33,1.554,-4.53,-12.49,17,1
P008,HRTF_B,33,1.571,-3.65,-12.51,17,1
P008,HRTF_B,33,1.588,-2.83,-12.55,17,1
P008,HRTF_B,33,1.604,-1.26,-12.74,17,1
P008,HRTF_B,33,1.622,-0.56,-12.98,17,1
P008,HRTF_B,33,1.638,0.19,-13.24,17,1
P008,HRTF_B,33,1.655,0.94,-13.44,17,1
P008,HRTF_B,33,1.672,2.35,-13.84,17,1
P008,HRTF_B,33,1.688,2.93,-14.03,17,1
P008,HRTF_B,33,1.705,3.41,-14.26,17,1
P008,HRTF_B,33,1.721,3.75,-14.41,17,1
P008,HRTF_B,33,1.738,4.09,-14.5,17,1
P008,HRTF_B,33,1.756,4.66,-14.7,17,1
P008,HRTF_B,33,1.773,4.79,-14.77,17,1
P008,HRTF_B,33,1.79,4.93,-14.8,17,1
P008,HRTF_B,33,1.806,5,-14.79,17,1
P008,HRTF_B,33,1.823,5.07,-14.76,17,1
P008,HRTF_B,33,1.839,5.21,-14.64,17,1
P008,HRTF_B,33,1.856,5.31,-14.56,17,1
P008,HRTF_B,33,1.873,5.44,-14.49,17,1
P008,HRTF_B,33,1.891,5.58,-14.41,17,1
P008,HRTF_B,33,1.908,5.86,-14.24,17,1
P008,HRTF_B,33,1.925,6.04,-14.21,17,1
P008,HRTF_B,33,1.942,6.24,-14.21,17,1
P008,HRTF_B,33,1.959,6.38,-14.17,17,1
P008,HRTF_B,33,1.976,6.47,-14.11,17,1
P008,HRTF_B,33,1.992,6.64,-14.04,17,1
P008,HRTF_B,33,2.01,6.63,-14.02,17,1
P008,HRTF_B,33,2.027,6.61,-13.98,17,1
P008,HRTF_B,33,2.043,6.63,-13.94,17,1
P008,HRTF_B,33,2.059,6.64,-13.94,17,1
P008,HRTF_B,33,2.076,6.66,-13.92,17,1
P008,HRTF_B,33,2.092,6.76,-13.96,17,1
P008,HRTF_B,33,2.109,6.93,-14.01,17,1
P008,HRTF_B,33,2.124,7.11,-14.03,17,1
P008,HRTF_B,33,2.142,7.32,-14.05,17,1
P008,HRTF_B,33,2.159,7.77,-14.13,17,1
P008,HRTF_B,33,2.175,8.06,-14.21,17,1
P008,HRTF_B,33,2.192,8.38,-14.35,17,1
P008,HRTF_B,33,2.209,8.64,-14.52,17,1
P008,HRTF_B,33,2.226,8.84,-14.65,17,1
P008,HRTF_B,33,2.242,9.21,-14.85,17,1
P008,HRTF_B,33,2.259,9.33,-14.88,17,1
P008,HRTF_B,33,2.278,9.43,-14.91,17,1
P008,HRTF_B,33,2.294,9.58,-14.95,17,1
P008,HRTF_B,33,2.311,9.89,-15.01,17,1
P008,HRTF_B,33,2.327,10.02,-14.97,17,1
P008,HRTF_B,33,2.344,10.13,-14.87,17,1
P008,HRTF_B,33,2.361,10.2,-14.75,17,1
P008,HRTF_B,33,2.378,10.25,-14.62,17,1
P008,HRTF_B,33,2.395,10.34,-14.37,17,1
P008,HRTF_B,33,2.414,10.37,-14.23,17,1
P008,HRTF_B,33,2.43,10.43,-14.1,17,1
P008,HRTF_B,33,2.447,10.49,-14,17,1
P008,HRTF_B,33,2.463,10.57,-13.93,17,1
P008,HRTF_B,33,2.48,10.74,-13.87,17,1
P008,HRTF_B,33,2.497,10.83,-13.92,17,1
P008,HRTF_B,33,2.514,10.9,-13.99,17,1
P008,HRTF_B,33,2.53,10.97,-14.07,17,1
P008,HRTF_B,33,2.548,11.12,-14.23,17,1
P008,HRTF_B,33,2.565,11.16,-14.31,17,1
P008,HRTF_B,33,2.581,11.2,-14.37,17,1
P008,HRTF_B,33,2.597,11.24,-14.45,17,1
P008,HRTF_B,33,2.613,11.28,-14.51,17,1
P008,HRTF_B,33,2.629,11.3,-14.57,17,1
P008,HRTF_B,33,2.646,11.34,-14.67,17,1
P008,HRTF_B,33,2.664,11.42,-14.68,17,1
P008,HRTF_B,33,2.681,11.58,-14.67,17,1
P008,HRTF_B,33,2.698,11.88,-14.62,17,1
P008,HRTF_B,33,2.715,12.65,-14.45,17,1
P008,HRTF_B,33,2.731,13.36,-14.19,17,1
P008,HRTF_B,33,2.748,14.36,-13.73,17,1
P008,HRTF_B,33,2.764,15.53,-13.16,17,1
P008,HRTF_B,33,2.78,16.77,-12.55,17,1
P008,HRTF_B,33,2.798,19.38,-11.28,17,1
P008,HRTF_B,33,2.815,20.88,-10.57,17,1
P008,HRTF_B,33,2.832,22.38,-9.82,17,1
P008,HRTF_B,33,2.849,23.85,-9.01,17,1
P008,HRTF_B,33,2.866,25.3,-8.18,17,1
P008,HRTF_B,33,2.882,28.08,-6.43,17,1
P008,HRTF_B,33,2.899,29.43,-5.43,17,1
P008,HRTF_B,33,2.915,30.8,-4.36,17,1
P008,HRTF_B,33,2.933,32.15,-3.23,17,1
P008,HRTF_B,33,2.95,34.76,-0.96,17,1
P008,HRTF_B,33,2.966,35.96,0.25,17,1
P008,HRTF_B,33,2.983,37.12,1.52,17,1
P008,HRTF_B,33,3,38.21,2.81,17,1
P008,HRTF_B,33,3.017,39.22,4.11,17,1
P008,HRTF_B,33,3.034,41.13,6.78,17,1
P008,HRTF_B,33,3.051,41.86,8.17,17,1
P008,HRTF_B,33,3.07,42.51,9.6,17,1
P008,HRTF_B,33,3.086,43.09,11,17,1
P008,HRTF_B,33,3.103,44.17,13.85,17,1
P008,HRTF_B,33,3.12,44.58,15.29,17,1
P008,HRTF_B,33,3.137,44.97,16.59,17,1
P008,HRTF_B,33,3.154,45.36,17.82,17,1
P008,HRTF_B,33,3.171,45.7,18.95,17,1
P008,HRTF_B,33,3.189,46.37,21.08,17,1
P008,HRTF_B,33,3.206,46.69,21.98,17,1
P008,HRTF_B,33,3.223,46.95,22.83,17,1
P008,HRTF_B,33,3.24,47.15,23.61,17,1
P008,HRTF_B,33,3.257,47.49,25.12,17,1
P008,HRTF_B,33,3.274,47.55,25.88,17,1
P008,HRTF_B,33,3.29,47.56,26.64,17,1
P008,HRTF_B,33,3.308,47.55,27.34,17,1
P008,HRTF_B,33,3.325,47.56,28.67,17,1
P008,HRTF_B,33,3.342,47.52,29.25,17,1
P008,HRTF_B,33,3.359,47.4,29.81,17,1
P008,HRTF_B,33,3.377,47.27,30.3,17,1
P008,HRTF_B,33,3.394,46.99,31.12,17,1
P008,HRTF_B,33,3.41,46.82,31.32,17,1
P008,HRTF_B,33,3.427,46.65,31.38,17,1
P008,HRTF_B,33,3.443,46.51,31.3,17,1
P008,HRTF_B,33,3.461,46.41,31.13,17,1
P008,HRTF_B,33,3.478,46.18,30.73,17,1
P008,HRTF_B,33,3.495,46.06,30.35,17,1
P008,HRTF_B,33,3.512,45.99,29.83,17,1
P008,HRTF_B,33,3.528,45.96,29.2,17,1
P008,HRTF_B,33,3.545,45.98,28.49,17,1
P008,HRTF_B,33,3.561,45.96,27.07,17,1
P008,HRTF_B,33,3.578,45.96,26.34,17,1
P008,HRTF_B,33,3.596,45.99,25.67,17,1
P008,HRTF_B,33,3.613,46.02,25.02,17,1
P008,HRTF_B,33,3.63,46.12,23.79,17,1
P008,HRTF_B,33,3.647,46.19,23.29,17,1
P008,HRTF_B,33,3.663,46.27,22.84,17,1
P008,HRTF_B,33,3.68,46.37,22.4,17,1
P008,HRTF_B,33,3.697,46.53,22.06,17,1
P008,HRTF_B,33,3.714,46.86,21.5,17,1
P008,HRTF_B,33,3.732,47.09,21.47,17,1
P008,HRTF_B,33,3.749,47.29,21.45,17,1
P008,HRTF_B,33,3.765,47.48,21.5,17,1
P008,HRTF_B,33,3.783,47.85,21.63,17,1
P008,HRTF_B,33,3.799,48.03,21.84,17,1
P008,HRTF_B,33,3.817,48.3,22.06,17,1
P008,HRTF_B,33,3.834,48.69,22.25,17,1
P008,HRTF_B,33,3.852,49.72,22.67,17,1
P008,HRTF_B,33,3.87,50.58,22.95,17,1
P008,HRTF_B,33,3.887,51.52,23.29,17,1
P008,HRTF_B,33,3.904,52.53,23.61,17,1
P008,HRTF_B,33,3.92,53.6,23.85,17,1
P008,HRTF_B,33,3.937,55.7,24.25,17,1
P008,HRTF_B,33,3.954,56.8,24.24,17,1
P008,HRTF_B,33,3.971,57.91,24.17,17,1
P008,HRTF_B,33,3.993,60.08,24.09,17,1
P008,HRTF_B,33,4.01,61.04,24.08,17,1
P008,HRTF_B,33,4.026,62.06,23.94,17,1
P008,HRTF_B,33,4.043,63.02,23.86,17,1
P008,HRTF_B,33,4.06,63.98,23.73,17,1
P008,HRTF_B,33,4.077,65.85,23.62,17,1
P008,HRTF_B,33,4.093,66.64,23.71,17,1
P008,HRTF_B,33,4.11,67.29,23.9,17,1
P008,HRTF_B,33,4.129,67.81,24.23,17,1
P008,HRTF_B,33,4.146,68.77,24.96,17,1
P008,HRTF_B,33,4.162,69.11,25.35,17,1
P008,HRTF_B,33,4.179,69.51,25.59,17,1
P008,HRTF_B,33,4.196,69.9,25.79,17,1
P008,HRTF_B,33,4.212,70.33,25.94,17,1
P008,HRTF_B,33,4.228,71.22,26.23,17,1
P008,HRTF_B,33,4.244,71.7,26.27,17,1
P008,HRTF_B,33,4.262,72.29,26.22,17,1
P008,HRTF_B,33,4.279,73,26.24,17,1
P008,HRTF_B,33,4.296,73.82,26.23,17,1
P008,HRTF_B,33,4.313,75.53,26.23,17,1
P008,HRTF_B,33,4.33,76.42,26.18,17,1
P008,HRTF_B,33,4.349,77.39,26.12,17,1
P008,HRTF_B,33,4.366,78.5,26,17,1
P008,HRTF_B,33,4.382,80.75,25.81,17,1
P008,HRTF_B,33,4.401,81.84,25.78,17,1
P008,HRTF_B,33,4.418,82.86,25.82,17,1
P008,HRTF_B,33,4.435,83.87,25.79,17,1
P008,HRTF_B,33,4.451,85.92,25.64,17,1
P008,HRTF_B,33,4.468,86.93,25.52,17,1
P008,HRTF_B,33,4.485,87.97,25.38,17,1
P008,HRTF_B,33,4.502,89,25.23,17,1
P008,HRTF_B,33,4.52,90.96,24.9,17,1
P008,HRTF_B,33,4.537,91.94,24.67,17,1
P008,HRTF_B,33,4.554,92.92,24.4,17,1
P008,HRTF_B,33,4.572,93.92,24.14,17,1
P008,HRTF_B,33,4.589,95.95,23.51,17,1
P008,HRTF_B,33,4.606,97,23.09,17,1
P008,HRTF_B,33,4.623,98.1,22.6,17,1
P008,HRTF_B,33,4.64,99.19,22.14,17,1
P008,HRTF_B,33,4.659,101.3,21.16,17,1
P008,HRTF_B,33,4.676,102.33,20.71,17,1
P008,HRTF_B,33,4.692,103.35,20.27,17,1
P008,HRTF_B,33,4.709,104.39,19.84,17,1
P008,HRTF_B,33,4.725,105.41,19.48,17,1
P008,HRTF_B,33,4.742,107.41,18.8,17,1
P008,HRTF_B,33,4.759,108.4,18.56,17,1
P008,HRTF_B,33,4.776,109.43,18.37,17,1
P008,HRTF_B,33,4.794,110.41,18.28,17,1
P008,HRTF_B,33,4.812,112.43,18,17,1
P008,HRTF_B,33,4.829,113.42,17.94,17,1
P008,HRTF_B,33,4.845,114.36,17.87,17,1
P008,HRTF_B,33,4.862,115.33,17.74,17,1
P008,HRTF_B,33,4.879,116.29,17.62,17,1
P008,HRTF_B,33,4.896,118.2,17.36,17,1
P008,HRTF_B,33,4.913,119.11,17.25,17,1
P008,HRTF_B,33,4.931,119.97,17.17,17,1
P008,HRTF_B,33,4.948,120.84,17.1,17,1
P008,HRTF_B,33,4.964,122.53,16.98,17,1
P008,HRTF_B,33,4.981,123.34,16.94,17,1
P008,HRTF_B,33,4.998,124.13,16.92,17,1
P008,HRTF_B,33,5.015,124.91,16.88,17,1
P008,HRTF_B,33,5.031,125.67,16.77,17,1
P008,HRTF_B,33,5.049,127.19,16.45,17,1
P008,HRTF_B,33,5.066,127.85,16.2,17,1
P008,HRTF_B,33,5.083,128.45,15.9,17,1
P008,HRTF_B,33,5.1,129.04,15.62,17,1
P008,HRTF_B,33,5.116,130.16,15.11,17,1
P008,HRTF_B,33,5.133,130.63,14.94,17,1
P008,HRTF_B,33,5.149,131.08,14.8,17,1
P008,HRTF_B,33,5.166,131.57,14.68,17,1
P008,HRTF_B,33,5.184,132.08,14.57,17,1
P008,HRTF_B,33,5.201,133.17,14.32,17,1
P008,HRTF_B,33,5.218,133.73,14.23,17,1
P008,HRTF_B,33,5.235,134.28,14.16,17,1
P008,HRTF_B,33,5.251,134.83,14.03,17,1
P008,HRTF_B,33,5.268,135.39,13.93,17,1
P008,HRTF_B,33,5.285,136.53,13.77,17,1
P008,HRTF_B,33,5.302,137.09,13.69,17,1
P008,HRTF_B,33,5.321,137.69,13.61,17,1
P008,HRTF_B,33,5.337,138.28,13.57,17,1
P008,HRTF_B,33,5.354,139.51,13.49,17,1
P008,HRTF_B,33,5.371,140.17,13.42,17,1
P008,HRTF_B,33,5.388,140.87,13.3,17,1
P008,HRTF_B,33,5.404,141.59,13.16,17,1
P008,HRTF_B,33,5.421,142.32,13,17,1
P008,HRTF_B,33,5.438,143.78,12.59,17,1
P008,HRTF_B,33,5.456,144.52,12.24,17,1
P008,HRTF_B,33,5.472,145.24,11.92,17,1
P008,HRTF_B,33,5.489,145.92,11.64,17,1
P008,HRTF_B,33,5.506,147.14,11.16,17,1
P008,HRTF_B,33,5.523,147.62,10.95,17,1
P008,HRTF_B,33,5.539,148.05,10.71,17,1
P008,HRTF_B,33,5.556,148.41,10.48,17,1
P008,HRTF_B,33,5.573,148.74,10.27,17,1
P008,HRTF_B,33,5.591,149.33,9.94,17,1
P008,HRTF_B,33,5.608,149.56,9.79,17,1
P008,HRTF_B,33,5.625,149.81,9.59,17,1
P008,HRTF_B,33,5.642,150.04,9.4,17,1
P008,HRTF_B,33,5.658,150.43,8.98,17,1
P008,HRTF_B,33,5.675,150.57,8.77,17,1
P008,HRTF_B,33,5.691,150.68,8.56,17,1
P008,HRTF_B,33,5.71,150.74,8.34,17,1
P008,HRTF_B,33,5.726,150.78,8.11,17,1
P008,HRTF_B,33,5.743,150.81,7.62,17,1
P008,HRTF_B,33,5.76,150.79,7.35,17,1
P008,HRTF_B,33,5.777,150.75,7.14,17,1
P008,HRTF_B,33,5.793,150.7,6.95,17,1
P008,HRTF_B,33,5.81,150.66,6.74,17,1
P008,HRTF_B,33,5.827,150.57,6.32,17,1
P008,HRTF_B,34,0.02,3.81,0.53,25,1
P008,HRTF_B,34,0.037,3.69,0.51,25,1
P008,HRTF_B,34,0.054,3.6,0.5,25,1
P008,HRTF_B,34,0.071,3.52,0.49,25,1
P008,HRTF_B,34,0.092,3.4,0.44,25,1
P008,HRTF_B,34,0.109,3.39,0.41,25,1
P008,HRTF_B,34,0.126,3.38,0.37,25,1
P008,HRTF_B,34,0.143,3.37,0.27,25,1
P008,HRTF_B,34,0.161,3.39,0.19,25,1
P008,HRTF_B,34,0.178,3.4,0.14,25,1
P008,HRTF_B,34,0.195,3.44,0.04,25,1
P008,HRTF_B,34,0.214,3.51,-0.21,25,1
P008,HRTF_B,34,0.231,3.55,-0.37,25,1
P008,HRTF_B,34,0.249,3.56,-0.47,25,1
P008,HRTF_B,34,0.267,3.56,-0.55,25,1
P008,HRTF_B,34,0.284,3.52,-0.7,25,1
P008,HRTF_B,34,0.301,3.46,-0.73,25,1
P008,HRTF_B,34,0.318,3.39,-0.72,25,1
P008,HRTF_B,34,0.335,3.28,-0.67,25,1
P008,HRTF_B,34,0.354,3.06,-0.44,25,1
P008,HRTF_B,34,0.371,2.89,-0.23,25,1
P008,HRTF_B,34,0.388,2.7,0.03,25,1
P008,HRTF_B,34,0.406,2.51,0.29,25,1
P008,HRTF_B,34,0.423,2.15,0.81,25,1
P008,HRTF_B,34,0.44,1.97,1.06,25,1
P008,HRTF_B,34,0.458,1.73,1.26,25,1
P008,HRTF_B,34,0.476,1.14,1.59,25,1
P008,HRTF_B,34,0.493,0.58,1.71,25,1
P008,HRTF_B,34,0.511,-0.11,1.81,25,1
P008,HRTF_B,34,0.528,-1.08,1.88,25,1
P008,HRTF_B,34,0.545,-2.27,1.86,25,1
P008,HRTF_B,34,0.562,-4.97,1.76,25,1
P008,HRTF_B,34,0.58,-6.75,1.6,25,1
P008,HRTF_B,34,0.597,-8.61,1.41,25,1
P008,HRTF_B,34,0.615,-12.34,1.14,25,1
P008,HRTF_B,34,0.632,-14.4,1.09,25,1
P008,HRTF_B,34,0.65,-16.49,1.13,25,1
P008,HRTF_B,34,0.667,-18.62,1.21,25,1
P008,HRTF_B,34,0.685,-22.75,1.46,25,1
P008,HRTF_B,34,0.701,-24.7,1.73,25,1
P008,HRTF_B,34,0.718,-26.65,1.99,25,1
P008,HRTF_B,34,0.736,-28.54,2.3,25,1
P008,HRTF_B,34,0.754,-32.07,2.93,25,1
P008,HRTF_B,34,0.771,-33.54,3.32,25,1
P008,HRTF_B,34,0.788,-34.94,3.64,25,1
P008,HRTF_B,34,0.805,-36.2,3.91,25,1
P008,HRTF_B,34,0.822,-37.37,4.1,25,1
P008,HRTF_B,34,0.84,-39.54,4.43,25,1
P008,HRTF_B,34,0.856,-40.39,4.41,25,1
P008,HRTF_B,34,0.875,-41.18,4.4,25,1
P008,HRTF_B,34,0.892,-41.94,4.38,25,1
P008,HRTF_B,34,0.909,-43.43,4.33,25,1
P008,HRTF_B,34,0.926,-44.14,4.17,25,1
P008,HRTF_B,34,0.943,-44.84,4.02,25,1
P008,HRTF_B,34,0.96,-45.54,3.91,25,1
P008,HRTF_B,34,0.978,-46.97,3.77,25,1
P008,HRTF_B,34,0.995,-47.75,3.75,25,1
P008,HRTF_B,34,1.014,-48.6,3.8,25,1
P008,HRTF_B,34,1.031,-49.47,3.87,25,1
P008,HRTF_B,34,1.048,-51.09,3.88,25,1
P008,HRTF_B,34,1.066,-51.77,3.77,25,1
P008,HRTF_B,34,1.083,-52.39,3.66,25,1
P008,HRTF_B,34,1.1,-53.04,3.39,25,1
P008,HRTF_B,34,1.117,-54.28,3,25,1
P008,HRTF_B,34,1.135,-54.82,2.67,25,1
P008,HRTF_B,34,1.153,-55.37,2.35,25,1
P008,HRTF_B,34,1.17,-55.95,2.02,25,1
P008,HRTF_B,34,1.186,-57.12,1.45,25,1
P008,HRTF_B,34,1.203,-57.73,1.31,25,1
P008,HRTF_B,34,1.22,-58.55,1.39,25,1
P008,HRTF_B,34,1.238,-59.48,1.62,25,1
P008,HRTF_B,34,1.255,-61.38,2.12,25,1
P008,HRTF_B,34,1.273,-62.51,2.43,25,1
P008,HRTF_B,34,1.29,-63.63,2.66,25,1
P008,HRTF_B,34,1.307,-64.71,2.86,25,1
P008,HRTF_B,34,1.323,-65.78,3.08,25,1
P008,HRTF_B,34,1.34,-67.88,3.51,25,1
P008,HRTF_B,34,1.357,-68.83,3.67,25,1
P008,HRTF_B,34,1.373,-69.74,3.79,25,1
P008,HRTF_B,34,1.391,-70.61,3.8,25,1
P008,HRTF_B,34,1.408,-72.29,3.78,25,1
P008,HRTF_B,34,1.425,-72.98,3.69,25,1
P008,HRTF_B,34,1.442,-73.6,3.63,25,1
P008,HRTF_B,34,1.459,-74.14,3.54,25,1
P008,HRTF_B,34,1.476,-74.6,3.4,25,1
P008,HRTF_B,34,1.493,-75.37,3.08,25,1
P008,HRTF_B,34,1.51,-75.57,2.83,25,1
P008,HRTF_B,34,1.529,-75.63,2.54,25,1
P008,HRTF_B,34,1.545,-75.66,1.94,25,1
P008,HRTF_B,34,1.563,-75.43,1.6,25,1
P008,HRTF_B,34,1.58,-75.1,1.23,25,1
P008,HRTF_B,34,1.596,-74.75,0.8,25,1
P008,HRTF_B,34,1.613,-74.31,0.35,25,1
P008,HRTF_B,34,1.631,-73.32,-0.58,25,1
P008,HRTF_B,34,1.648,-72.56,-1.04,25,1
P008,HRTF_B,34,1.666,-71.68,-1.51,25,1
P008,HRTF_B,34,1.684,-70.7,-1.95,25,1
P008,HRTF_B,34,1.701,-68.6,-2.89,25,1
P008,HRTF_B,34,1.718,-67.23,-3.37,25,1
P008,HRTF_B,34,1.736,-65.72,-3.87,25,1
P008,HRTF_B,34,1.753,-64.09,-4.36,25,1
P008,HRTF_B,34,1.77,-60.7,-5.25,25,1
P008,HRTF_B,34,1.788,-58.79,-5.59,25,1
P008,HRTF_B,34,1.805,-56.88,-5.9,25,1
P008,HRTF_B,34,1.822,-54.91,-6.13,25,1
P008,HRTF_B,34,1.84,-50.89,-6.53,25,1
P008,HRTF_B,35,0.02,4.77,-0.48,28,1
P008,HRTF_B,35,0.038,4.82,-0.41,28,1
P008,HRTF_B,35,0.055,4.87,-0.36,28,1
P008,HRTF_B,35,0.075,4.94,-0.3,28,1
P008,HRTF_B,35,0.093,4.96,-0.25,28,1
P008,HRTF_B,35,0.11,4.98,-0.17,28,1
P008,HRTF_B,35,0.128,5.01,-0.04,28,1
P008,HRTF_B,35,0.145,5,0,28,1
P008,HRTF_B,35,0.163,4.99,0.02,28,1
P008,HRTF_B,35,0.181,4.97,0.04,28,1
P008,HRTF_B,35,0.199,4.94,0.07,28,1
P008,HRTF_B,35,0.218,4.93,0.05,28,1
P008,HRTF_B,35,0.235,4.92,0.06,28,1
P008,HRTF_B,35,0.253,4.9,0.07,28,1
P008,HRTF_B,35,0.27,4.89,0.07,28,1
P008,HRTF_B,35,0.288,4.87,0.06,28,1
P008,HRTF_B,35,0.305,4.84,0.04,28,1
P008,HRTF_B,35,0.323,4.77,-0.02,28,1
P008,HRTF_B,35,0.341,4.71,-0.06,28,1
P008,HRTF_B,35,0.359,4.66,-0.1,28,1
P008,HRTF_B,35,0.376,4.54,-0.16,28,1
P008,HRTF_B,35,0.394,4.45,-0.19,28,1
P008,HRTF_B,35,0.412,4.33,-0.24,28,1
P008,HRTF_B,35,0.43,4.21,-0.3,28,1
P008,HRTF_B,35,0.448,3.96,-0.41,28,1
P008,HRTF_B,35,0.467,3.8,-0.46,28,1
P008,HRTF_B,35,0.485,3.64,-0.5,28,1
P008,HRTF_B,35,0.502,3.28,-0.6,28,1
P008,HRTF_B,35,0.52,3.07,-0.68,28,1
P008,HRTF_B,35,0.538,2.84,-0.74,28,1
P008,HRTF_B,35,0.556,2.59,-0.82,28,1
P008,HRTF_B,35,0.574,2.07,-0.98,28,1
P008,HRTF_B,35,0.592,1.76,-1.05,28,1
P008,HRTF_B,35,0.611,1.44,-1.12,28,1
P008,HRTF_B,35,0.629,0.76,-1.27,28,1
P008,HRTF_B,35,0.648,0.37,-1.35,28,1
P008,HRTF_B,35,0.666,-0.05,-1.44,28,1
P008,HRTF_B,35,0.683,-0.96,-1.6,28,1
P008,HRTF_B,35,0.701,-1.51,-1.67,28,1
P008,HRTF_B,35,0.719,-2.03,-1.75,28,1
P008,HRTF_B,35,0.738,-3.13,-1.87,28,1
P008,HRTF_B,35,0.756,-3.75,-1.94,28,1
P008,HRTF_B,35,0.774,-4.41,-2.02,28,1
P008,HRTF_B,35,0.792,-5.06,-2.11,28,1
P008,HRTF_B,35,0.809,-6.42,-2.25,28,1
P008,HRTF_B,35,0.827,-7.15,-2.34,28,1
P008,HRTF_B,35,0.845,-7.96,-2.43,28,1
P008,HRTF_B,35,0.863,-9.66,-2.62,28,1
P008,HRTF_B,35,0.882,-10.66,-2.72,28,1
P008,HRTF_B,35,0.9,-11.78,-2.87,28,1
P008,HRTF_B,35,0.917,-14.11,-3.17,28,1
P008,HRTF_B,35,0.935,-15.64,-3.34,28,1
P008,HRTF_B,35,0.953,-17.35,-3.49,28,1
P008,HRTF_B,35,0.971,-19.15,-3.58,28,1
P008,HRTF_B,35,0.989,-22.9,-3.79,28,1
P008,HRTF_B,35,1.008,-25.12,-3.83,28,1
P008,HRTF_B,35,1.025,-27.37,-3.82,28,1
P008,HRTF_B,35,1.043,-31.9,-3.69,28,1
P008,HRTF_B,35,1.059,-34.2,-3.49,28,1
P008,HRTF_B,35,1.077,-36.45,-3.22,28,1
P008,HRTF_B,35,1.095,-38.69,-2.91,28,1
P008,HRTF_B,35,1.112,-42.98,-2.2,28,1
P008,HRTF_B,35,1.132,-44.96,-1.7,28,1
P008,HRTF_B,35,1.15,-46.81,-1.15,28,1
P008,HRTF_B,35,1.167,-50.34,0.01,28,1
P008,HRTF_B,35,1.184,-51.85,0.73,28,1
P008,HRTF_B,35,1.202,-53.23,1.5,28,1
P008,HRTF_B,35,1.22,-54.41,2.32,28,1
P008,HRTF_B,35,1.238,-56.67,3.94,28,1
P008,HRTF_B,35,1.255,-57.48,4.74,28,1
P008,HRTF_B,35,1.275,-58.16,5.44,28,1
P008,HRTF_B,35,1.292,-58.78,6.01,28,1
P008,HRTF_B,35,1.31,-59.89,7.03,28,1
P008,HRTF_B,35,1.328,-60.27,7.34,28,1
P008,HRTF_B,35,1.345,-60.58,7.64,28,1
P008,HRTF_B,35,1.362,-61.15,8.2,28,1
P008,HRTF_B,35,1.38,-61.26,8.34,28,1
P008,HRTF_B,35,1.399,-61.3,8.43,28,1
P008,HRTF_B,35,1.418,-61.37,8.57,28,1
P008,HRTF_B,35,1.436,-61.32,8.55,28,1
P008,HRTF_B,35,1.453,-61.22,8.51,28,1
P008,HRTF_B,35,1.471,-61.1,8.45,28,1
P008,HRTF_B,35,1.488,-60.84,8.32,28,1
P008,HRTF_B,35,1.506,-60.67,8.26,28,1
P008,HRTF_B,35,1.531,-60.33,8.21,28,1
P008,HRTF_B,35,1.549,-60.13,8.22,28,1
P008,HRTF_B,35,1.567,-59.92,8.24,28,1
P008,HRTF_B,35,1.584,-59.69,8.25,28,1
P008,HRTF_B,35,1.601,-59.21,8.3,28,1
P008,HRTF_B,35,1.62,-58.92,8.3,28,1
P008,HRTF_B,35,1.638,-58.63,8.3,28,1
P008,HRTF_B,35,1.655,-58.06,8.29,28,1
P008,HRTF_B,35,1.674,-57.71,8.28,28,1
P008,HRTF_B,35,1.691,-57.41,8.25,28,1
P008,HRTF_B,35,1.708,-57.1,8.24,28,1
P008,HRTF_B,35,1.726,-56.49,8.23,28,1
P008,HRTF_B,35,1.744,-56.21,8.24,28,1
P008,HRTF_B,35,1.761,-55.92,8.25,28,1
P008,HRTF_B,35,1.778,-55.61,8.27,28,1
P008,HRTF_B,35,1.797,-54.96,8.32,28,1
P008,HRTF_B,35,1.815,-54.6,8.37,28,1
P008,HRTF_B,35,1.832,-54.16,8.4,28,1
P008,HRTF_B,35,1.85,-53.15,8.41,28,1
P008,HRTF_B,36,0.02,3.6,1.9,15,1
P008,HRTF_B,36,0.038,3.53,1.79,15,1
P008,HRTF_B,36,0.056,3.43,1.62,15,1
P008,HRTF_B,36,0.075,3.4,1.59,15,1
P008,HRTF_B,36,0.094,3.37,1.54,15,1
P008,HRTF_B,36,0.111,3.33,1.44,15,1
P008,HRTF_B,36,0.129,3.31,1.4,15,1
P008,HRTF_B,36,0.148,3.31,1.37,15,1
P008,HRTF_B,36,0.165,3.3,1.34,15,1
P008,HRTF_B,36,0.183,3.26,1.28,15,1
P008,HRTF_B,36,0.202,3.24,1.28,15,1
P008,HRTF_B,36,0.221,3.21,1.28,15,1
P008,HRTF_B,36,0.239,3.16,1.26,15,1
P008,HRTF_B,36,0.257,3.11,1.25,15,1
P008,HRTF_B,36,0.275,3.07,1.23,15,1
P008,HRTF_B,36,0.294,2.96,1.18,15,1
P008,HRTF_B,36,0.312,2.89,1.12,15,1
P008,HRTF_B,36,0.331,2.81,1.05,15,1
P008,HRTF_B,36,0.35,2.63,0.94,15,1
P008,HRTF_B,36,0.367,2.5,0.89,15,1
P008,HRTF_B,36,0.385,2.38,0.86,15,1
P008,HRTF_B,36,0.403,2.15,0.8,15,1
P008,HRTF_B,36,0.421,2.02,0.79,15,1
P008,HRTF_B,36,0.439,1.88,0.79,15,1
P008,HRTF_B,36,0.457,1.72,0.79,15,1
P008,HRTF_B,36,0.476,1.42,0.78,15,1
P008,HRTF_B,36,0.494,1.26,0.77,15,1
P008,HRTF_B,36,0.512,1.09,0.75,15,1
P008,HRTF_B,36,0.53,0.75,0.68,15,1
P008,HRTF_B,36,0.548,0.58,0.61,15,1
P008,HRTF_B,36,0.566,0.4,0.56,15,1
P008,HRTF_B,36,0.584,0.04,0.45,15,1
P008,HRTF_B,36,0.603,-0.14,0.41,15,1
P008,HRTF_B,36,0.62,-0.34,0.33,15,1
P008,HRTF_B,36,0.638,-0.53,0.25,15,1
P008,HRTF_B,36,0.656,-0.94,0.06,15,1
P008,HRTF_B,36,0.674,-1.16,-0.04,15,1
P008,HRTF_B,36,0.693,-1.38,-0.13,15,1
P008,HRTF_B,36,0.71,-1.84,-0.33,15,1
P008,HRTF_B,36,0.73,-2.12,-0.46,15,1
P008,HRTF_B,36,0.748,-2.42,-0.58,15,1
P008,HRTF_B,36,0.766,-3.06,-0.82,15,1
P008,HRTF_B,36,0.784,-3.45,-0.94,15,1
P008,HRTF_B,36,0.802,-3.85,-1.06,15,1
P008,HRTF_B,36,0.82,-4.74,-1.35,15,1
P008,HRTF_B,36,0.837,-5.27,-1.5,15,1
P008,HRTF_B,36,0.857,-5.86,-1.69,15,1
P008,HRTF_B,36,0.876,-7.07,-2.02,15,1
P008,HRTF_B,36,0.894,-7.77,-2.22,15,1
P008,HRTF_B,36,0.912,-8.57,-2.46,15,1
P008,HRTF_B,36,0.93,-9.41,-2.69,15,1
P008,HRTF_B,36,0.948,-11.16,-3.11,15,1
P008,HRTF_B,36,0.966,-12.16,-3.29,15,1
P008,HRTF_B,36,0.985,-14.19,-3.65,15,1
P008,HRTF_B,36,1.004,-15.32,-3.77,15,1
P008,HRTF_B,36,1.021,-16.49,-3.89,15,1
P008,HRTF_B,36,1.039,-17.73,-4.01,15,1
P008,HRTF_B,36,1.057,-20.24,-4.15,15,1
P008,HRTF_B,36,1.075,-21.56,-4.16,15,1
P008,HRTF_B,36,1.093,-22.88,-4.14,15,1
P008,HRTF_B,36,1.112,-25.49,-4.07,15,1
P008,HRTF_B,36,1.13,-26.83,-4,15,1
P008,HRTF_B,36,1.147,-28.14,-3.86,15,1
P008,HRTF_B,36,1.165,-29.46,-3.77,15,1
P008,HRTF_B,36,1.182,-32.16,-3.56,15,1
P008,HRTF_B,36,1.2,-33.52,-3.48,15,1
P008,HRTF_B,36,1.218,-34.89,-3.34,15,1
P008,HRTF_B,36,1.236,-37.61,-3.1,15,1
P008,HRTF_B,36,1.255,-39,-3.05,15,1
P008,HRTF_B,36,1.273,-40.4,-3.01,15,1
P008,HRTF_B,36,1.291,-41.78,-2.96,15,1
P008,HRTF_B,36,1.308,-44.57,-2.83,15,1
P008,HRTF_B,36,1.326,-45.94,-2.76,15,1
P008,HRTF_B,36,1.344,-47.35,-2.71,15,1
P008,HRTF_B,36,1.361,-50.17,-2.61,15,1
P008,HRTF_B,36,1.381,-51.55,-2.5,15,1
P008,HRTF_B,36,1.399,-52.91,-2.42,15,1
P008,HRTF_B,36,1.417,-55.58,-2.26,15,1
P008,HRTF_B,36,1.435,-56.82,-2.16,15,1
P008,HRTF_B,36,1.453,-57.87,-2.02,15,1
P008,HRTF_B,36,1.471,-58.8,-1.91,15,1
P008,HRTF_B,36,1.489,-60.46,-1.7,15,1
P008,HRTF_B,36,1.509,-60.93,-1.59,15,1
P008,HRTF_B,36,1.527,-61.32,-1.44,15,1
P008,HRTF_B,36,1.545,-62.01,-1.15,15,1
P008,HRTF_B,36,1.563,-62.08,-1,15,1
P008,HRTF_B,36,1.581,-62.13,-0.92,15,1
P008,HRTF_B,36,1.599,-62.13,-0.8,15,1
P008,HRTF_B,36,1.617,-61.97,-0.76,15,1
P008,HRTF_B,36,1.635,-61.72,-0.78,15,1
P008,HRTF_B,36,1.653,-61.23,-0.86,15,1
P008,HRTF_B,36,1.671,-60.87,-1.01,15,1
P008,HRTF_B,36,1.689,-60.47,-1.17,15,1
P008,HRTF_B,36,1.707,-60.03,-1.36,15,1
P008,HRTF_B,36,1.725,-59.17,-1.71,15,1
P008,HRTF_B,36,1.743,-58.7,-1.89,15,1
P008,HRTF_B,36,1.762,-58.22,-2.09,15,1
P008,HRTF_B,36,1.779,-57.2,-2.45,15,1
P008,HRTF_B,36,1.798,-56.6,-2.61,15,1
P008,HRTF_B,36,1.816,-56.02,-2.75,15,1
P008,HRTF_B,36,1.834,-54.8,-3.01,15,1
P008,HRTF_B,36,1.852,-54.15,-3.05,15,1
P008,HRTF_B,36,1.87,-53.49,-3.07,15,1
P008,HRTF_B,36,1.889,-52.15,-3.04,15,1
P008,HRTF_B,36,1.907,-51.42,-2.93,15,1
P008,HRTF_B,36,1.925,-50.68,-2.8,15,1
P008,HRTF_B,36,1.943,-49.92,-2.63,15,1
P008,HRTF_B,36,1.96,-48.43,-2.16,15,1
P008,HRTF_B,36,1.979,-47.71,-1.67,15,1
P008,HRTF_B,36,1.997,-47.03,-1.07,15,1
P008,HRTF_B,36,2.014,-45.52,0.19,15,1
P008,HRTF_B,36,2.034,-44.65,0.93,15,1
P008,HRTF_B,36,2.052,-43.73,1.65,15,1
P008,HRTF_B,36,2.07,-41.95,3.13,15,1
P008,HRTF_B,36,2.088,-41.11,3.98,15,1
P008,HRTF_B,36,2.106,-40.3,4.84,15,1
P008,HRTF_B,36,2.124,-39.54,5.7,15,1
P008,HRTF_B,36,2.142,-38.07,7.46,15,1
P008,HRTF_B,36,2.165,-37.42,8.36,15,1
P008,HRTF_B,36,2.184,-36.16,10,15,1
P008,HRTF_B,36,2.202,-35.63,10.58,15,1
P008,HRTF_B,36,2.22,-35.17,11.05,15,1
P008,HRTF_B,36,2.238,-34.33,11.95,15,1
P008,HRTF_B,36,2.255,-34.06,12.23,15,1
P008,HRTF_B,36,2.274,-33.79,12.44,15,1
P008,HRTF_B,36,2.292,-33.27,12.85,15,1
P008,HRTF_B,36,2.311,-33.03,12.93,15,1
P008,HRTF_B,36,2.329,-32.82,13.04,15,1
P008,HRTF_B,36,2.348,-32.41,13.29,15,1
P008,HRTF_B,36,2.366,-32.26,13.49,15,1
P008,HRTF_B,36,2.384,-32.12,13.73,15,1
P008,HRTF_B,36,2.402,-31.88,14.19,15,1
P008,HRTF_B,36,2.42,-31.84,14.46,15,1
P008,HRTF_B,36,2.44,-31.78,14.73,15,1
P008,HRTF_B,36,2.458,-31.59,15.2,15,1
P008,HRTF_B,36,2.475,-31.42,15.39,15,1
P008,HRTF_B,36,2.494,-31.23,15.56,15,1
P008,HRTF_B,36,2.512,-31.02,15.74,15,1
P008,HRTF_B,36,2.53,-30.6,16.04,15,1
P008,HRTF_B,36,2.548,-30.3,16.15,15,1
P008,HRTF_B,36,2.567,-29.98,16.24,15,1
P008,HRTF_B,36,2.584,-29.26,16.5,15,1
P008,HRTF_B,36,2.602,-28.83,16.69,15,1
P008,HRTF_B,36,2.62,-28.41,16.88,15,1
P008,HRTF_B,36,2.638,-27.56,17.28,15,1
P008,HRTF_B,36,2.656,-27.12,17.51,15,1
P008,HRTF_B,36,2.674,-26.65,17.75,15,1
P008,HRTF_B,36,2.693,-26.18,18.04,15,1
P008,HRTF_B,36,2.71,-25.24,18.63,15,1
P008,HRTF_B,36,2.728,-24.79,18.99,15,1
P008,HRTF_B,36,2.747,-24.38,19.3,15,1
P008,HRTF_B,36,2.765,-23.59,19.86,15,1
P008,HRTF_B,36,2.783,-23.29,20.16,15,1
P008,HRTF_B,36,2.801,-22.97,20.39,15,1
P008,HRTF_B,36,2.826,-22.36,20.86,15,1
P008,HRTF_B,36,2.845,-22.11,21.06,15,1
P008,HRTF_B,36,2.863,-21.6,21.39,15,1
P008,HRTF_B,36,2.882,-21.41,21.51,15,1
P008,HRTF_B,36,2.901,-21.21,21.61,15,1
P008,HRTF_B,36,2.919,-20.73,21.84,15,1
P008,HRTF_B,36,2.938,-20.48,21.94,15,1
P008,HRTF_B,36,2.956,-20.22,22,15,1
P008,HRTF_B,36,2.974,-19.73,22.1,15,1
P008,HRTF_B,36,2.993,-19.51,22.09,15,1
P008,HRTF_B,36,3.011,-19.35,22.07,15,1
P008,HRTF_B,36,3.029,-19.06,22.03,15,1
P008,HRTF_B,36,3.048,-18.99,22,15,1
P008,HRTF_B,36,3.066,-18.95,21.95,15,1
P008,HRTF_B,36,3.085,-18.88,21.85,15,1
P008,HRTF_B,36,3.104,-18.88,21.81,15,1
P008,HRTF_B,36,3.122,-18.88,21.74,15,1
P008,HRTF_B,36,3.14,-18.87,21.57,15,1
P008,HRTF_B,36,3.158,-18.88,21.48,15,1
P008,HRTF_B,36,3.176,-18.9,21.39,15,1
P008,HRTF_B,36,3.194,-18.94,21.21,15,1
P008,HRTF_B,36,3.212,-18.97,21.1,15,1
P008,HRTF_B,36,3.232,-19.01,20.97,15,1
P008,HRTF_B,36,3.249,-19.08,20.73,15,1
P008,HRTF_B,36,3.268,-19.13,20.63,15,1
P008,HRTF_B,36,3.287,-19.18,20.53,15,1
P008,HRTF_B,36,3.305,-19.31,20.32,15,1
P008,HRTF_B,36,3.323,-19.38,20.22,15,1
P008,HRTF_B,36,3.342,-19.46,20.1,15,1
P008,HRTF_B,36,3.362,-19.59,19.86,15,1
P008,HRTF_B,36,3.38,-19.66,19.69,15,1
P008,HRTF_B,36,3.398,-19.74,19.41,15,1
P008,HRTF_B,36,3.415,-19.81,19,15,1
P008,HRTF_B,36,3.434,-19.93,17.99,15,1
P008,HRTF_B,36,3.452,-19.93,17.07,15,1
P008,HRTF_B,36,3.47,-19.84,16.02,15,1
P008,HRTF_B,36,3.49,-19.59,13.95,15,1
P008,HRTF_B,36,3.507,-19.31,12.72,15,1
P008,HRTF_B,36,3.526,-18.96,11.49,15,1
P008,HRTF_B,36,3.543,-18.24,9.09,15,1
P008,HRTF_B,36,3.561,-17.75,7.97,15,1
P008,HRTF_B,36,3.579,-17.2,6.93,15,1
P008,HRTF_B,36,3.597,-16.09,4.85,15,1
P008,HRTF_B,36,3.617,-15.36,3.87,15,1
P008,HRTF_B,36,3.635,-14.59,2.9,15,1
P008,HRTF_B,36,3.653,-12.99,1.05,15,1
P008,HRTF_B,36,3.671,-12.06,0.19,15,1
P008,HRTF_B,36,3.688,-11.12,-0.67,15,1
P008,HRTF_B,36,3.706,-10.18,-1.53,15,1
P008,HRTF_B,36,3.724,-8.29,-3.23,15,1
P008,HRTF_B,36,3.743,-7.32,-4.06,15,1
P008,HRTF_B,36,3.761,-6.38,-4.88,15,1
P008,HRTF_B,36,3.779,-4.48,-6.5,15,1
P008,HRTF_B,36,3.797,-3.49,-7.22,15,1
P008,HRTF_B,36,3.815,-2.54,-7.85,15,1
P008,HRTF_B,36,3.833,-0.62,-9.12,15,1
P008,HRTF_B,36,3.851,0.41,-9.87,15,1
P008,HRTF_B,36,3.87,1.54,-10.72,15,1
P008,HRTF_B,36,3.889,3.87,-12.29,15,1
P008,HRTF_B,36,3.907,5.18,-13.11,15,1
P008,HRTF_B,36,3.925,6.68,-13.97,15,1
P008,HRTF_B,36,3.944,8.31,-14.7,15,1
P008,HRTF_B,36,3.962,11.73,-16.08,15,1
P008,HRTF_B,36,3.98,13.77,-16.69,15,1
P008,HRTF_B,36,3.998,15.96,-17.27,15,1
P008,HRTF_B,36,4.017,20.48,-18.31,15,1
P008,HRTF_B,36,4.034,22.81,-18.64,15,1
P008,HRTF_B,36,4.052,25.14,-18.85,15,1
P008,HRTF_B,36,4.07,29.66,-19.16,15,1
P008,HRTF_B,36,4.087,31.78,-19.1,15,1
P008,HRTF_B,36,4.105,33.79,-18.93,15,1
P008,HRTF_B,36,4.123,35.64,-18.67,15,1
P008,HRTF_B,36,4.143,39.15,-18.13,15,1
P008,HRTF_B,36,4.161,40.63,-17.8,15,1
P008,HRTF_B,36,4.179,42.08,-17.51,15,1
P008,HRTF_B,36,4.197,44.96,-17.02,15,1
P008,HRTF_B,36,4.215,46.37,-16.86,15,1
P008,HRTF_B,36,4.232,47.85,-16.71,15,1
P008,HRTF_B,36,4.25,50.91,-16.48,15,1
P008,HRTF_B,36,4.269,52.56,-16.44,15,1
P008,HRTF_B,36,4.287,54.35,-16.43,15,1
P008,HRTF_B,36,4.305,58.13,-16.51,15,1
P008,HRTF_B,36,4.323,60.28,-16.65,15,1
P008,HRTF_B,36,4.341,62.49,-16.83,15,1
P008,HRTF_B,36,4.359,64.71,-17.01,15,1
P008,HRTF_B,36,4.377,69.15,-17.48,15,1
P008,HRTF_B,36,4.395,71.25,-17.92,15,1
P008,HRTF_B,36,4.412,73.2,-18.28,15,1
P008,HRTF_B,36,4.43,75,-18.6,15,1
P008,HRTF_B,36,4.448,78.31,-19.21,15,1
P008,HRTF_B,36,4.466,79.52,-19.42,15,1
P008,HRTF_B,36,4.484,80.58,-19.61,15,1
P008,HRTF_B,36,4.503,82.53,-19.99,15,1
P008,HRTF_B,36,4.522,83.2,-20.26,15,1
P008,HRTF_B,36,4.54,83.87,-20.52,15,1
P008,HRTF_B,36,4.558,85.2,-21.05,15,1
P008,HRTF_B,36,4.576,85.85,-21.37,15,1
P008,HRTF_B,36,4.594,86.56,-21.74,15,1
P008,HRTF_B,36,4.612,88.11,-22.57,15,1
P008,HRTF_B,36,4.629,89.04,-23.13,15,1
P008,HRTF_B,36,4.647,90.05,-23.75,15,1
P008,HRTF_B,36,4.667,92.21,-25.07,15,1
P008,HRTF_B,36,4.684,93.37,-25.82,15,1
P008,HRTF_B,36,4.702,94.49,-26.52,15,1
P008,HRTF_B,36,4.72,95.57,-27.1,15,1
P008,HRTF_B,36,4.738,97.67,-28.08,15,1
P008,HRTF_B,36,4.756,98.56,-28.43,15,1
P008,HRTF_B,36,4.774,99.39,-28.81,15,1
P008,HRTF_B,36,4.796,100.93,-29.6,15,1
P008,HRTF_B,36,4.814,101.56,-29.91,15,1
P008,HRTF_B,36,4.831,102.14,-30.27,15,1
P008,HRTF_B,36,4.849,103.3,-31,15,1
P008,HRTF_B,36,4.867,103.88,-31.37,15,1
P008,HRTF_B,36,4.885,104.45,-31.77,15,1
P008,HRTF_B,36,4.903,105.65,-32.58,15,1
P008,HRTF_B,36,4.921,106.22,-32.99,15,1
P008,HRTF_B,36,4.941,106.87,-33.32,15,1
P008,HRTF_B,36,4.959,108.19,-34.15,15,1
P008,HRTF_B,36,4.978,108.87,-34.63,15,1
P008,HRTF_B,36,4.995,109.5,-35.04,15,1
P008,HRTF_B,36,5.013,110.07,-35.43,15,1
P008,HRTF_B,36,5.031,111.11,-36.2,15,1
P008,HRTF_B,36,5.049,111.52,-36.57,15,1
P008,HRTF_B,36,5.068,111.86,-36.93,15,1
P008,HRTF_B,36,5.086,112.49,-37.62,15,1
P008,HRTF_B,36,5.104,112.62,-37.93,15,1
P008,HRTF_B,36,5.122,112.7,-38.17,15,1
P008,HRTF_B,36,5.14,112.58,-38.72,15,1
P008,HRTF_B,36,5.158,112.43,-38.92,15,1
P008,HRTF_B,36,5.177,112.47,-38.94,15,1
P008,HRTF_B,36,5.195,112.4,-39.04,15,1
P008,HRTF_B,36,5.213,112.4,-39.09,15,1
P008,HRTF_B,36,5.231,112.32,-38.98,15,1
P008,HRTF_B,36,5.25,112.19,-38.68,15,1
P008,HRTF_B,36,5.268,111.8,-38.09,15,1
P008,HRTF_B,36,5.285,111.59,-37.64,15,1
P008,HRTF_B,36,5.304,111.35,-37.29,15,1
P008,HRTF_B,36,5.322,110.63,-36.49,15,1
P008,HRTF_B,36,5.34,109.87,-35.94,15,1
P008,HRTF_B,36,5.358,109.05,-35.28,15,1
P008,HRTF_B,36,5.376,107.22,-33.76,15,1
P008,HRTF_B,36,5.395,105.97,-32.65,15,1
P008,HRTF_B,36,5.413,104.67,-31.41,15,1
P008,HRTF_B,36,5.43,103.35,-30.14,15,1
P008,HRTF_B,36,5.449,100.66,-27.47,15,1
P008,HRTF_B,36,5.467,99.01,-26.04,15,1
P008,HRTF_B,36,5.485,97.2,-24.56,15,1
P008,HRTF_B,36,5.503,93.52,-21.51,15,1
P008,HRTF_B,36,5.52,91.41,-19.97,15,1
P008,HRTF_B,36,5.539,89.21,-18.44,15,1
P008,HRTF_B,36,5.556,84.79,-15.37,15,1
P008,HRTF_B,36,5.575,82.36,-13.82,15,1
P008,HRTF_B,36,5.592,79.94,-12.29,15,1
P008,HRTF_B,36,5.61,77.42,-10.76,15,1
P008,HRTF_B,36,5.628,72.32,-7.7,15,1
P008,HRTF_B,36,5.647,69.57,-6.23,15,1
P008,HRTF_B,36,5.665,66.76,-4.79,15,1
P008,HRTF_B,36,5.683,61.14,-2.04,15,1
P008,HRTF_B,37,0.026,4.73,0.91,22,1
P008,HRTF_B,37,0.046,4.79,1.06,22,1
P008,HRTF_B,37,0.064,4.9,1.3,22,1
P008,HRTF_B,37,0.083,4.91,1.38,22,1
P008,HRTF_B,37,0.102,4.89,1.48,22,1
P008,HRTF_B,37,0.12,4.84,1.71,22,1
P008,HRTF_B,37,0.139,4.76,1.84,22,1
P008,HRTF_B,37,0.157,4.69,2,22,1
P008,HRTF_B,37,0.176,4.55,2.33,22,1
P008,HRTF_B,37,0.195,4.5,2.4,22,1
P008,HRTF_B,37,0.213,4.47,2.45,22,1
P008,HRTF_B,37,0.233,4.52,2.61,22,1
P008,HRTF_B,37,0.254,4.79,2.61,22,1
P008,HRTF_B,37,0.272,5.41,2.73,22,1
P008,HRTF_B,37,0.29,5.96,2.98,22,1
P008,HRTF_B,37,0.31,6.55,3.26,22,1
P008,HRTF_B,37,0.327,7.79,3.77,22,1
P008,HRTF_B,37,0.346,8.72,4.02,22,1
P008,HRTF_B,37,0.364,9.79,4.25,22,1
P008,HRTF_B,37,0.382,11.93,4.68,22,1
P008,HRTF_B,37,0.4,13.1,4.99,22,1
P008,HRTF_B,37,0.419,14.31,5.29,22,1
P008,HRTF_B,37,0.438,16.79,5.86,22,1
P008,HRTF_B,37,0.457,18.01,6.06,22,1
P008,HRTF_B,37,0.476,19.15,6.14,22,1
P008,HRTF_B,37,0.493,21.42,6.18,22,1
P008,HRTF_B,37,0.512,22.4,6.05,22,1
P008,HRTF_B,37,0.53,23.27,5.93,22,1
P008,HRTF_B,37,0.548,24.27,5.42,22,1
P008,HRTF_B,37,0.568,24.36,5.16,22,1
P008,HRTF_B,37,0.587,24.31,5.75,22,1
P008,HRTF_B,37,0.606,24.46,5.17,22,1
P008,HRTF_B,37,0.624,24.33,4.95,22,1
P008,HRTF_B,37,0.643,24.13,4.82,22,1
P008,HRTF_B,37,0.661,23.69,4.43,22,1
P008,HRTF_B,37,0.679,23.28,4.17,22,1
P008,HRTF_B,37,0.699,22.75,3.73,22,1
P008,HRTF_B,37,0.717,21.35,2.73,22,1
P008,HRTF_B,37,0.735,20.23,2.18,22,1
P008,HRTF_B,37,0.754,19.07,1.49,22,1
P008,HRTF_B,37,0.772,16.92,-0.1,22,1
P008,HRTF_B,37,0.791,15.63,-0.92,22,1
P008,HRTF_B,37,0.809,14.23,-1.71,22,1
P008,HRTF_B,37,0.827,11.5,-3.23,22,1
P008,HRTF_B,37,0.846,10.06,-4.01,22,1
P008,HRTF_B,37,0.865,8.6,-4.79,22,1
P008,HRTF_B,37,0.882,5.71,-6.1,22,1
P008,HRTF_B,37,0.901,4.38,-6.55,22,1
P008,HRTF_B,37,0.919,3.12,-7.16,22,1
P008,HRTF_B,37,0.937,1.91,-7.74,22,1
P008,HRTF_B,37,0.956,-0.51,-8.85,22,1
P008,HRTF_B,37,0.975,-1.55,-9.41,22,1
P008,HRTF_B,37,0.994,-3.63,-10.5,22,1
P008,HRTF_B,37,1.013,-4.62,-11.01,22,1
P008,HRTF_B,37,1.031,-5.58,-11.5,22,1
P008,HRTF_B,37,1.049,-7.66,-12.52,22,1
P008,HRTF_B,37,1.067,-8.87,-12.92,22,1
P008,HRTF_B,37,1.085,-10.03,-13.29,22,1
P008,HRTF_B,37,1.104,-12.48,-13.92,22,1
P008,HRTF_B,37,1.122,-13.87,-14.17,22,1
P008,HRTF_B,37,1.141,-15.39,-14.43,22,1
P008,HRTF_B,37,1.159,-16.99,-14.65,22,1
P008,HRTF_B,37,1.177,-20.22,-14.94,22,1
P008,HRTF_B,37,1.195,-21.86,-14.81,22,1
P008,HRTF_B,37,1.214,-23.47,-14.6,22,1
P008,HRTF_B,37,1.234,-26.58,-13.93,22,1
P008,HRTF_B,37,1.252,-27.94,-13.27,22,1
P008,HRTF_B,37,1.27,-29.22,-12.54,22,1
P008,HRTF_B,37,1.288,-31.71,-10.96,22,1
P008,HRTF_B,37,1.306,-32.71,-9.99,22,1
P008,HRTF_B,37,1.324,-33.65,-8.99,22,1
P008,HRTF_B,37,1.342,-35.52,-6.85,22,1
P008,HRTF_B,37,1.362,-36.35,-5.64,22,1
P008,HRTF_B,37,1.38,-37.15,-4.48,22,1
P008,HRTF_B,37,1.398,-38.76,-2.18,22,1
P008,HRTF_B,37,1.417,-39.52,-1.09,22,1
P008,HRTF_B,37,1.436,-40.3,-0.1,22,1
P008,HRTF_B,37,1.454,-41.89,1.84,22,1
P008,HRTF_B,37,1.472,-42.66,2.66,22,1
P008,HRTF_B,37,1.492,-43.44,3.42,22,1
P008,HRTF_B,37,1.51,-45.05,4.73,22,1
P008,HRTF_B,37,1.528,-45.85,5.12,22,1
P008,HRTF_B,37,1.547,-46.6,5.5,22,1
P008,HRTF_B,37,1.566,-48.09,6.28,22,1
P008,HRTF_B,37,1.584,-48.8,6.65,22,1
P008,HRTF_B,37,1.603,-49.49,7.03,22,1
P008,HRTF_B,37,1.621,-50.78,7.77,22,1
P008,HRTF_B,37,1.641,-51.31,8.03,22,1
P008,HRTF_B,37,1.659,-52.45,8.54,22,1
P008,HRTF_B,37,1.678,-52.98,8.73,22,1
P008,HRTF_B,37,1.696,-53.6,8.92,22,1
P008,HRTF_B,37,1.714,-54.25,9.09,22,1
P008,HRTF_B,37,1.732,-55.54,9.39,22,1
P008,HRTF_B,37,1.75,-56.17,9.5,22,1
P008,HRTF_B,37,1.77,-56.77,9.61,22,1
P008,HRTF_B,37,1.788,-57.96,9.78,22,1
P008,HRTF_B,37,1.806,-58.55,9.82,22,1
P008,HRTF_B,37,1.825,-59.13,9.83,22,1
P008,HRTF_B,37,1.843,-60.36,9.81,22,1
P008,HRTF_B,37,1.862,-60.98,9.77,22,1
P008,HRTF_B,37,1.88,-61.61,9.71,22,1
P008,HRTF_B,37,1.9,-62.91,9.55,22,1
P008,HRTF_B,37,1.918,-63.65,9.39,22,1
P008,HRTF_B,37,1.936,-64.49,9.18,22,1
P008,HRTF_B,37,1.954,-66.22,8.7,22,1
P008,HRTF_B,37,1.972,-67.27,8.39,22,1
P008,HRTF_B,37,1.991,-68.38,8.03,22,1
P008,HRTF_B,37,2.009,-70.66,7.35,22,1
P008,HRTF_B,37,2.028,-71.94,6.98,22,1
P008,HRTF_B,37,2.046,-73.3,6.56,22,1
P008,HRTF_B,37,2.064,-76.08,5.75,22,1
P008,HRTF_B,37,2.082,-77.51,5.38,22,1
P008,HRTF_B,37,2.1,-78.93,5.1,22,1
P008,HRTF_B,37,2.118,-81.7,4.57,22,1
P008,HRTF_B,37,2.136,-83.04,4.35,22,1
P008,HRTF_B,37,2.156,-84.35,4.01,22,1
P008,HRTF_B,37,2.174,-86.99,3.32,22,1
P008,HRTF_B,37,2.192,-88.25,2.85,22,1
P008,HRTF_B,37,2.21,-89.5,2.48,22,1
P008,HRTF_B,37,2.227,-90.7,2.1,22,1
P008,HRTF_B,37,2.245,-93.01,1.47,22,1
P008,HRTF_B,37,2.263,-94.06,1.23,22,1
P008,HRTF_B,37,2.281,-95.06,0.99,22,1
P008,HRTF_B,37,2.301,-97.02,0.42,22,1
P008,HRTF_B,37,2.319,-97.95,0.08,22,1
P008,HRTF_B,37,2.337,-98.9,-0.33,22,1
P008,HRTF_B,37,2.356,-100.73,-1.31,22,1
P008,HRTF_B,37,2.374,-101.6,-1.99,22,1
P008,HRTF_B,37,2.393,-102.48,-2.75,22,1
P008,HRTF_B,37,2.411,-104.35,-4.18,22,1
P008,HRTF_B,37,2.431,-105.36,-5.01,22,1
P008,HRTF_B,37,2.449,-106.34,-5.76,22,1
P008,HRTF_B,37,2.467,-108.26,-7.2,22,1
P008,HRTF_B,37,2.486,-109.22,-7.95,22,1
P008,HRTF_B,37,2.504,-110.15,-8.74,22,1
P008,HRTF_B,37,2.522,-111.96,-10.22,22,1
P008,HRTF_B,37,2.54,-112.73,-10.88,22,1
P008,HRTF_B,37,2.559,-113.49,-11.49,22,1
P008,HRTF_B,37,2.577,-115.15,-12.63,22,1
P008,HRTF_B,37,2.594,-115.92,-13.04,22,1
P008,HRTF_B,37,2.612,-116.62,-13.44,22,1
P008,HRTF_B,37,2.63,-117.27,-13.77,22,1
P008,HRTF_B,37,2.648,-118.46,-14.31,22,1
P008,HRTF_B,37,2.667,-118.95,-14.42,22,1
P008,HRTF_B,37,2.693,-119.94,-14.6,22,1
P008,HRTF_B,37,2.711,-120.39,-14.66,22,1
P008,HRTF_B,37,2.73,-121.28,-14.8,22,1
P008,HRTF_B,37,2.748,-121.7,-14.79,22,1
P008,HRTF_B,37,2.767,-122.12,-14.79,22,1
P008,HRTF_B,37,2.785,-122.86,-14.8,22,1
P008,HRTF_B,37,2.803,-123.17,-14.85,22,1
P008,HRTF_B,37,2.821,-123.52,-14.93,22,1
P008,HRTF_B,37,2.841,-124.23,-15.07,22,1
P008,HRTF_B,37,2.859,-124.61,-15.16,22,1
P008,HRTF_B,37,2.878,-124.98,-15.26,22,1
P008,HRTF_B,37,2.897,-125.76,-15.53,22,1
P008,HRTF_B,37,2.915,-126.16,-15.73,22,1
P008,HRTF_B,37,2.933,-126.49,-15.89,22,1
P008,HRTF_B,37,2.951,-126.77,-16.07,22,1
P008,HRTF_B,37,2.971,-127.32,-16.44,22,1
P008,HRTF_B,37,2.989,-127.57,-16.69,22,1
P008,HRTF_B,37,3.008,-128.04,-17.2,22,1
P008,HRTF_B,37,3.027,-128.19,-17.42,22,1
P008,HRTF_B,37,3.046,-128.27,-17.63,22,1
P008,HRTF_B,37,3.064,-128.37,-17.97,22,1
P008,HRTF_B,38,0.021,0.97,0.01,1,1
P008,HRTF_B,38,0.04,1.14,0.15,1,1
P008,HRTF_B,38,0.061,1.14,0.14,1,1
P008,HRTF_B,38,0.079,1.08,0.14,1,1
P008,HRTF_B,38,0.098,0.94,0.11,1,1
P008,HRTF_B,38,0.117,0.76,0.07,1,1
P008,HRTF_B,38,0.135,0.37,-0.03,1,1
P008,HRTF_B,38,0.154,0.04,-0.08,1,1
P008,HRTF_B,38,0.173,-0.31,-0.18,1,1
P008,HRTF_B,38,0.193,-1.06,-0.32,1,1
P008,HRTF_B,38,0.212,-1.51,-0.38,1,1
P008,HRTF_B,38,0.231,-2.43,-0.43,1,1
P008,HRTF_B,38,0.25,-2.95,-0.42,1,1
P008,HRTF_B,38,0.269,-3.47,-0.46,1,1
P008,HRTF_B,38,0.287,-4.49,-0.49,1,1
P008,HRTF_B,38,0.306,-5.08,-0.53,1,1
P008,HRTF_B,38,0.326,-5.72,-0.55,1,1
P008,HRTF_B,38,0.345,-7.06,-0.6,1,1
P008,HRTF_B,38,0.364,-7.8,-0.68,1,1
P008,HRTF_B,38,0.383,-9.26,-0.81,1,1
P008,HRTF_B,38,0.401,-9.97,-0.92,1,1
P008,HRTF_B,38,0.42,-10.66,-1.05,1,1
P008,HRTF_B,38,0.438,-11.99,-1.27,1,1
P008,HRTF_B,38,0.458,-12.58,-1.4,1,1
P008,HRTF_B,38,0.477,-13.14,-1.52,1,1
P008,HRTF_B,38,0.495,-14.21,-1.68,1,1
P008,HRTF_B,38,0.514,-14.64,-1.71,1,1
P008,HRTF_B,38,0.533,-15.04,-1.73,1,1
P008,HRTF_B,38,0.552,-15.77,-1.71,1,1
P008,HRTF_B,38,0.573,-16.03,-1.63,1,1
P008,HRTF_B,38,0.592,-16.57,-1.48,1,1
P008,HRTF_B,38,0.611,-16.79,-1.4,1,1
P008,HRTF_B,38,0.63,-17,-1.29,1,1
P008,HRTF_B,38,0.649,-17.45,-1.11,1,1
P008,HRTF_B,38,0.668,-17.66,-1.03,1,1
P008,HRTF_B,38,0.686,-17.8,-0.96,1,1
P008,HRTF_B,38,0.706,-18.01,-0.81,1,1
P008,HRTF_B,38,0.726,-18.03,-0.69,1,1
P008,HRTF_B,39,0.022,-0.96,1.47,31,1
P008,HRTF_B,39,0.041,-0.7,1.43,31,1
P008,HRTF_B,39,0.061,-0.43,1.38,31,1
P008,HRTF_B,39,0.08,0.05,1.35,31,1
P008,HRTF_B,39,0.1,0.25,1.37,31,1
P008,HRTF_B,39,0.119,0.64,1.38,31,1
P008,HRTF_B,39,0.14,0.79,1.38,31,1
P008,HRTF_B,39,0.159,1.05,1.34,31,1
P008,HRTF_B,39,0.178,1.12,1.29,31,1
P008,HRTF_B,39,0.197,1.16,1.25,31,1
P008,HRTF_B,39,0.216,1.28,1.17,31,1
P008,HRTF_B,39,0.236,1.29,1.15,31,1
P008,HRTF_B,39,0.255,1.27,1.14,31,1
P008,HRTF_B,39,0.275,1.21,1.12,31,1
P008,HRTF_B,39,0.294,1.14,1.13,31,1
P008,HRTF_B,39,0.313,0.97,1.14,31,1
P008,HRTF_B,39,0.332,0.83,1.12,31,1
P008,HRTF_B,39,0.35,0.7,1.1,31,1
P008,HRTF_B,39,0.37,0.41,1.04,31,1
P008,HRTF_B,39,0.389,0.3,1,31,1
P008,HRTF_B,39,0.41,0.07,0.93,31,1
P008,HRTF_B,39,0.429,-0.03,0.89,31,1
P008,HRTF_B,39,0.448,-0.12,0.86,31,1
P008,HRTF_B,39,0.466,-0.32,0.79,31,1
P008,HRTF_B,39,0.485,-0.44,0.78,31,1
P008,HRTF_B,39,0.504,-0.55,0.77,31,1
P008,HRTF_B,39,0.523,-0.77,0.75,31,1
P008,HRTF_B,39,0.544,-0.89,0.74,31,1
P008,HRTF_B,39,0.563,-1.11,0.7,31,1
P008,HRTF_B,39,0.582,-1.23,0.68,31,1
P008,HRTF_B,39,0.602,-1.37,0.66,31,1
P008,HRTF_B,39,0.621,-1.66,0.62,31,1
P008,HRTF_B,39,0.641,-1.87,0.59,31,1
P008,HRTF_B,39,0.661,-2.34,0.54,31,1
P008,HRTF_B,39,0.68,-2.66,0.51,31,1
P008,HRTF_B,39,0.7,-3.02,0.45,31,1
P008,HRTF_B,39,0.718,-3.83,0.3,31,1
P008,HRTF_B,39,0.737,-4.37,0.19,31,1
P008,HRTF_B,39,0.756,-5.57,-0.04,31,1
P008,HRTF_B,39,0.775,-6.36,-0.18,31,1
P008,HRTF_B,39,0.796,-7.28,-0.38,31,1
P008,HRTF_B,39,0.815,-9.19,-0.79,31,1
P008,HRTF_B,39,0.834,-10.32,-0.97,31,1
P008,HRTF_B,39,0.853,-12.54,-1.26,31,1
P008,HRTF_B,39,0.872,-13.71,-1.36,31,1
P008,HRTF_B,39,0.892,-14.87,-1.44,31,1
P008,HRTF_B,39,0.911,-17.18,-1.61,31,1
P008,HRTF_B,39,0.931,-18.32,-1.71,31,1
P008,HRTF_B,39,0.95,-19.48,-1.82,31,1
P008,HRTF_B,39,0.969,-21.75,-2.03,31,1
P008,HRTF_B,39,0.988,-22.91,-2.28,31,1
P008,HRTF_B,39,1.006,-25.16,-3.19,31,1
P008,HRTF_B,39,1.025,-26.17,-3.94,31,1
P008,HRTF_B,39,1.044,-27.1,-4.65,31,1
P008,HRTF_B,39,1.064,-29.03,-5.98,31,1
P008,HRTF_B,39,1.084,-29.96,-6.79,31,1
P008,HRTF_B,39,1.103,-30.93,-7.67,31,1
P008,HRTF_B,39,1.122,-32.94,-9.34,31,1
P008,HRTF_B,39,1.141,-33.95,-10.13,31,1
P008,HRTF_B,39,1.16,-35.95,-11.6,31,1
P008,HRTF_B,39,1.18,-36.97,-12.17,31,1
P008,HRTF_B,39,1.2,-38.11,-12.69,31,1
P008,HRTF_B,39,1.219,-40.52,-13.7,31,1
P008,HRTF_B,39,1.238,-41.81,-14.09,31,1
P008,HRTF_B,39,1.257,-44.41,-14.89,31,1
P008,HRTF_B,39,1.276,-45.81,-15.37,31,1
P008,HRTF_B,39,1.294,-47.17,-15.9,31,1
P008,HRTF_B,39,1.313,-49.88,-17.03,31,1
P008,HRTF_B,39,1.333,-51.26,-17.76,31,1
P008,HRTF_B,39,1.351,-52.67,-18.49,31,1
P008,HRTF_B,39,1.37,-55.53,-19.95,31,1
P008,HRTF_B,39,1.389,-56.98,-20.63,31,1
P008,HRTF_B,39,1.408,-58.5,-21.33,31,1
P008,HRTF_B,39,1.427,-61.56,-22.63,31,1
P008,HRTF_B,39,1.447,-63.02,-23.17,31,1
P008,HRTF_B,39,1.466,-65.97,-24.14,31,1
P008,HRTF_B,39,1.486,-67.32,-24.55,31,1
P008,HRTF_B,39,1.505,-68.65,-24.92,31,1
P008,HRTF_B,39,1.524,-71.15,-25.62,31,1
P008,HRTF_B,39,1.543,-72.32,-25.84,31,1
P008,HRTF_B,39,1.562,-73.49,-26.1,31,1
P008,HRTF_B,39,1.582,-75.79,-26.59,31,1
P008,HRTF_B,39,1.601,-76.82,-26.83,31,1
P008,HRTF_B,39,1.62,-78.81,-27.32,31,1
P008,HRTF_B,39,1.639,-79.65,-27.56,31,1
P008,HRTF_B,39,1.658,-80.44,-27.81,31,1
P008,HRTF_B,39,1.677,-81.87,-28.35,31,1
P008,HRTF_B,39,1.696,-82.35,-28.63,31,1
P008,HRTF_B,39,1.716,-83.22,-29.17,31,1
P008,HRTF_B,39,1.735,-83.34,-29.4,31,1
P008,HRTF_B,39,1.754,-83.43,-29.57,31,1
P008,HRTF_B,39,1.773,-83.55,-29.82,31,1
P008,HRTF_B,39,1.793,-83.48,-29.96,31,1
P008,HRTF_B,39,1.812,-83.37,-30.08,31,1
P008,HRTF_B,39,1.83,-83.17,-30.22,31,1
P008,HRTF_B,39,1.851,-83.09,-30.23,31,1
P008,HRTF_B,39,1.869,-83.01,-30.27,31,1
P008,HRTF_B,39,1.888,-83.13,-30.21,31,1
P008,HRTF_B,39,1.907,-83.31,-30.13,31,1
P008,HRTF_B,39,1.926,-83.72,-29.92,31,1
P008,HRTF_B,39,1.945,-84.11,-29.72,31,1
P008,HRTF_B,39,1.964,-84.58,-29.48,31,1
P008,HRTF_B,39,1.984,-85.49,-28.99,31,1
P008,HRTF_B,39,2.003,-85.94,-28.75,31,1
P008,HRTF_B,39,2.022,-86.72,-28.32,31,1
P008,HRTF_B,39,2.041,-86.95,-28.13,31,1
P008,HRTF_B,39,2.06,-87.08,-27.96,31,1
P008,HRTF_B,39,2.079,-87.16,-27.65,31,1
