ParticipantID,Phase,Trial,TimeStamp_sec,Yaw_deg,Pitch_deg,TargetNumber,isCorrect
P047,HRTF_A,0,0.014,-1.10,-3.16,25,1
P047,HRTF_A,0,0.071,-1.07,-3.15,25,1
P047,HRTF_A,0,0.083,-1.07,-3.18,25,1
P047,HRTF_A,0,0.097,-1.06,-3.16,25,1
P047,HRTF_A,0,0.111,-1.06,-3.16,25,1
P047,HRTF_A,0,0.125,-1.07,-3.16,25,1
P047,HRTF_A,0,0.139,-1.08,-3.18,25,1
P047,HRTF_A,0,0.153,-1.09,-3.21,25,1
P047,HRTF_A,0,0.166,-1.10,-3.24,25,1
P047,HRTF_A,0,0.180,-1.11,-3.25,25,1
P047,HRTF_A,0,0.194,-1.10,-3.25,25,1
P047,HRTF_A,0,0.208,-1.09,-3.24,25,1
P047,HRTF_A,0,0.222,-1.08,-3.24,25,1
P047,HRTF_A,0,0.236,-1.07,-3.25,25,1
P047,HRTF_A,0,0.250,-1.06,-3.27,25,1
P047,HRTF_A,0,0.264,-1.07,-3.28,25,1
P047,HRTF_A,0,0.277,-1.08,-3.28,25,1
P047,HRTF_A,0,0.292,-1.09,-3.27,25,1
P047,HRTF_A,0,0.305,-1.09,-3.26,25,1
P047,HRTF_A,0,0.319,-1.10,-3.26,25,1
P047,HRTF_A,0,0.333,-1.11,-3.29,25,1
P047,HRTF_A,0,0.347,-1.12,-3.30,25,1
P047,HRTF_A,0,0.361,-1.12,-3.32,25,1
P047,HRTF_A,0,0.374,-1.11,-3.32,25,1
P047,HRTF_A,0,0.388,-1.10,-3.31,25,1
P047,HRTF_A,0,0.402,-1.08,-3.31,25,1
P047,HRTF_A,0,0.416,-1.07,-3.30,25,1
P047,HRTF_A,0,0.430,-1.06,-3.29,25,1
P047,HRTF_A,0,0.444,-1.06,-3.29,25,1
P047,HRTF_A,0,0.458,-1.04,-3.28,25,1
P047,HRTF_A,0,0.472,-1.03,-3.28,25,1
P047,HRTF_A,0,0.486,-1.03,-3.27,25,1
P047,HRTF_A,0,0.499,-1.02,-3.26,25,1
P047,HRTF_A,0,0.513,-1.03,-3.26,25,1
P047,HRTF_A,0,0.527,-1.05,-3.26,25,1
P047,HRTF_A,0,0.541,-1.07,-3.27,25,1
P047,HRTF_A,0,0.555,-1.08,-3.27,25,1
P047,HRTF_A,0,0.569,-1.09,-3.28,25,1
P047,HRTF_A,0,0.583,-1.11,-3.27,25,1
P047,HRTF_A,0,0.597,-1.13,-3.27,25,1
P047,HRTF_A,0,0.611,-1.15,-3.27,25,1
P047,HRTF_A,0,0.624,-1.16,-3.28,25,1
P047,HRTF_A,0,0.638,-1.16,-3.29,25,1
P047,HRTF_A,0,0.652,-1.17,-3.30,25,1
P047,HRTF_A,0,0.666,-1.17,-3.30,25,1
P047,HRTF_A,0,0.680,-1.17,-3.30,25,1
P047,HRTF_A,0,0.694,-1.16,-3.29,25,1
P047,HRTF_A,0,0.708,-1.15,-3.27,25,1
P047,HRTF_A,0,0.722,-1.14,-3.25,25,1
P047,HRTF_A,0,0.736,-1.13,-3.24,25,1
P047,HRTF_A,0,0.749,-1.11,-3.24,25,1
P047,HRTF_A,0,0.763,-1.10,-3.24,25,1
P047,HRTF_A,0,0.777,-1.09,-3.24,25,1
P047,HRTF_A,0,0.791,-1.08,-3.24,25,1
P047,HRTF_A,0,0.805,-1.08,-3.23,25,1
P047,HRTF_A,0,0.819,-1.08,-3.23,25,1
P047,HRTF_A,0,0.833,-1.08,-3.22,25,1
P047,HRTF_A,0,0.847,-1.09,-3.23,25,1
P047,HRTF_A,0,0.861,-1.10,-3.24,25,1
P047,HRTF_A,0,0.874,-1.10,-3.24,25,1
P047,HRTF_A,0,0.888,-1.10,-3.25,25,1
P047,HRTF_A,0,0.902,-1.11,-3.25,25,1
P047,HRTF_A,0,0.916,-1.11,-3.25,25,1
P047,HRTF_A,0,0.930,-1.11,-3.24,25,1
P047,HRTF_A,0,0.944,-1.11,-3.23,25,1
P047,HRTF_A,0,0.958,-1.11,-3.22,25,1
P047,HRTF_A,0,0.972,-1.11,-3.23,25,1
P047,HRTF_A,0,0.986,-1.11,-3.23,25,1
P047,HRTF_A,0,0.999,-1.10,-3.23,25,1
P047,HRTF_A,0,1.013,-1.10,-3.24,25,1
P047,HRTF_A,0,1.027,-1.10,-3.25,25,1
P047,HRTF_A,0,1.041,-1.10,-3.25,25,1
P047,HRTF_A,0,1.055,-1.10,-3.25,25,1
P047,HRTF_A,0,1.069,-1.11,-3.25,25,1
P047,HRTF_A,0,1.083,-1.11,-3.27,25,1
P047,HRTF_A,0,1.097,-1.13,-3.28,25,1
P047,HRTF_A,0,1.110,-1.14,-3.28,25,1
P047,HRTF_A,0,1.124,-1.13,-3.27,25,1
P047,HRTF_A,0,1.138,-1.12,-3.26,25,1
P047,HRTF_A,0,1.152,-1.11,-3.25,25,1
P047,HRTF_A,0,1.166,-1.11,-3.24,25,1
P047,HRTF_A,0,1.180,-1.10,-3.23,25,1
P047,HRTF_A,0,1.194,-1.11,-3.24,25,1
P047,HRTF_A,0,1.208,-1.11,-3.25,25,1
P047,HRTF_A,0,1.222,-1.10,-3.25,25,1
P047,HRTF_A,0,1.235,-1.09,-3.26,25,1
P047,HRTF_A,0,1.249,-1.09,-3.28,25,1
P047,HRTF_A,0,1.263,-1.09,-3.29,25,1
P047,HRTF_A,0,1.277,-1.10,-3.32,25,1
P047,HRTF_A,0,1.291,-1.12,-3.35,25,1
P047,HRTF_A,0,1.305,-1.13,-3.38,25,1
P047,HRTF_A,0,1.319,-1.14,-3.41,25,1
P047,HRTF_A,0,1.333,-1.16,-3.45,25,1
P047,HRTF_A,0,1.347,-1.17,-3.48,25,1
P047,HRTF_A,0,1.361,-1.18,-3.50,25,1
P047,HRTF_A,0,1.374,-1.19,-3.52,25,1
P047,HRTF_A,0,1.388,-1.18,-3.53,25,1
P047,HRTF_A,0,1.402,-1.18,-3.55,25,1
P047,HRTF_A,0,1.416,-1.18,-3.56,25,1
P047,HRTF_A,0,1.430,-1.17,-3.57,25,1
P047,HRTF_A,0,1.444,-1.16,-3.55,25,1
P047,HRTF_A,0,1.458,-1.17,-3.57,25,1
P047,HRTF_A,0,1.472,-1.17,-3.59,25,1
P047,HRTF_A,0,1.485,-1.19,-3.57,25,1
P047,HRTF_A,0,1.500,-1.20,-3.58,25,1
P047,HRTF_A,0,1.513,-1.20,-3.58,25,1
P047,HRTF_A,0,1.527,-1.21,-3.58,25,1
P047,HRTF_A,0,1.541,-1.20,-3.60,25,1
P047,HRTF_A,0,1.555,-1.19,-3.60,25,1
P047,HRTF_A,0,1.569,-1.18,-3.61,25,1
P047,HRTF_A,0,1.583,-1.16,-3.64,25,1
P047,HRTF_A,0,1.597,-1.15,-3.64,25,1
P047,HRTF_A,0,1.611,-1.14,-3.65,25,1
P047,HRTF_A,0,1.624,-1.14,-3.63,25,1
P047,HRTF_A,0,1.638,-1.14,-3.63,25,1
P047,HRTF_A,0,1.652,-1.13,-3.63,25,1
P047,HRTF_A,0,1.666,-1.13,-3.63,25,1
P047,HRTF_A,0,1.680,-1.14,-3.64,25,1
P047,HRTF_A,0,1.694,-1.14,-3.64,25,1
P047,HRTF_A,0,1.708,-1.16,-3.62,25,1
P047,HRTF_A,0,1.722,-1.18,-3.59,25,1
P047,HRTF_A,0,1.735,-1.23,-3.55,25,1
P047,HRTF_A,0,1.749,-1.26,-3.54,25,1
P047,HRTF_A,0,1.763,-1.31,-3.54,25,1
P047,HRTF_A,0,1.777,-1.38,-3.55,25,1
P047,HRTF_A,0,1.791,-1.45,-3.58,25,1
P047,HRTF_A,0,1.805,-1.55,-3.62,25,1
P047,HRTF_A,0,1.819,-1.66,-3.63,25,1
P047,HRTF_A,0,1.833,-1.79,-3.63,25,1
P047,HRTF_A,0,1.847,-1.92,-3.63,25,1
P047,HRTF_A,0,1.860,-2.08,-3.63,25,1
P047,HRTF_A,0,1.874,-2.30,-3.69,25,1
P047,HRTF_A,0,1.888,-2.62,-3.82,25,1
P047,HRTF_A,0,1.902,-2.98,-3.96,25,1
P047,HRTF_A,0,1.916,-3.38,-4.11,25,1
P047,HRTF_A,0,1.930,-3.81,-4.29,25,1
P047,HRTF_A,0,1.944,-4.40,-4.58,25,1
P047,HRTF_A,0,1.958,-5.18,-4.89,25,1
P047,HRTF_A,0,1.972,-6.00,-5.25,25,1
P047,HRTF_A,0,1.985,-6.92,-5.56,25,1
P047,HRTF_A,0,1.999,-7.96,-5.89,25,1
P047,HRTF_A,0,2.013,-9.16,-6.40,25,1
P047,HRTF_A,0,2.027,-10.67,-7.11,25,1
P047,HRTF_A,0,2.041,-12.17,-7.77,25,1
P047,HRTF_A,0,2.055,-13.85,-8.45,25,1
P047,HRTF_A,0,2.069,-15.48,-8.99,25,1
P047,HRTF_A,0,2.083,-17.20,-9.52,25,1
P047,HRTF_A,0,2.097,-18.97,-10.01,25,1
P047,HRTF_A,0,2.110,-20.71,-10.51,25,1
P047,HRTF_A,0,2.124,-22.40,-10.92,25,1
P047,HRTF_A,0,2.138,-24.03,-11.24,25,1
P047,HRTF_A,0,2.152,-25.63,-11.58,25,1
P047,HRTF_A,0,2.166,-27.29,-11.91,25,1
P047,HRTF_A,0,2.180,-28.97,-12.26,25,1
P047,HRTF_A,0,2.194,-30.60,-12.59,25,1
P047,HRTF_A,0,2.208,-32.27,-12.99,25,1
P047,HRTF_A,0,2.222,-33.92,-13.34,25,1
P047,HRTF_A,0,2.235,-35.51,-13.69,25,1
P047,HRTF_A,0,2.249,-37.06,-14.12,25,1
P047,HRTF_A,0,2.263,-38.64,-14.61,25,1
P047,HRTF_A,0,2.277,-40.25,-15.11,25,1
P047,HRTF_A,0,2.291,-41.91,-15.51,25,1
P047,HRTF_A,0,2.305,-43.56,-15.91,25,1
P047,HRTF_A,0,2.319,-45.20,-16.27,25,1
P047,HRTF_A,0,2.333,-46.84,-16.63,25,1
P047,HRTF_A,0,2.347,-48.58,-17.07,25,1
P047,HRTF_A,0,2.360,-50.59,-17.54,25,1
P047,HRTF_A,0,2.374,-52.68,-18.00,25,1
P047,HRTF_A,0,2.388,-54.81,-18.45,25,1
P047,HRTF_A,0,2.402,-56.78,-18.85,25,1
P047,HRTF_A,0,2.416,-58.60,-19.28,25,1
P047,HRTF_A,0,2.430,-60.44,-19.57,25,1
P047,HRTF_A,0,2.444,-62.23,-19.84,25,1
P047,HRTF_A,0,2.458,-64.05,-20.16,25,1
P047,HRTF_A,0,2.472,-65.81,-20.47,25,1
P047,HRTF_A,0,2.485,-67.51,-20.81,25,1
P047,HRTF_A,0,2.499,-69.10,-21.05,25,1
P047,HRTF_A,0,2.513,-70.50,-21.29,25,1
P047,HRTF_A,0,2.527,-71.85,-21.44,25,1
P047,HRTF_A,0,2.541,-73.07,-21.62,25,1
P047,HRTF_A,0,2.555,-74.29,-21.98,25,1
P047,HRTF_A,0,2.569,-75.49,-22.50,25,1
P047,HRTF_A,0,2.582,-76.68,-23.03,25,1
P047,HRTF_A,0,2.596,-77.74,-23.50,25,1
P047,HRTF_A,0,2.610,-78.72,-24.03,25,1
P047,HRTF_A,0,2.624,-79.66,-24.44,25,1
P047,HRTF_A,0,2.638,-80.42,-24.89,25,1
P047,HRTF_A,0,2.652,-81.14,-25.23,25,1
P047,HRTF_A,0,2.666,-81.85,-25.72,25,1
P047,HRTF_A,0,2.680,-82.40,-26.32,25,1
P047,HRTF_A,0,2.694,-82.88,-26.88,25,1
P047,HRTF_A,0,2.707,-83.37,-27.27,25,1
P047,HRTF_A,0,2.721,-83.82,-27.55,25,1
P047,HRTF_A,0,2.735,-84.22,-27.66,25,1
P047,HRTF_A,0,2.749,-84.55,-27.54,25,1
P047,HRTF_A,0,2.763,-84.79,-27.16,25,1
P047,HRTF_A,0,2.777,-85.04,-26.62,25,1
P047,HRTF_A,0,2.791,-85.25,-25.90,25,1
P047,HRTF_A,0,2.805,-85.36,-25.10,25,1
P047,HRTF_A,0,2.819,-85.57,-24.32,25,1
P047,HRTF_A,0,2.832,-85.94,-23.61,25,1
P047,HRTF_A,0,2.847,-86.31,-22.88,25,1
P047,HRTF_A,0,2.860,-86.77,-22.10,25,1
P047,HRTF_A,0,2.874,-87.19,-21.18,25,1
P047,HRTF_A,0,2.888,-87.57,-20.21,25,1
P047,HRTF_A,0,2.902,-87.95,-19.45,25,1
P047,HRTF_A,0,2.916,-88.30,-18.75,25,1
P047,HRTF_A,0,2.930,-88.61,-17.86,25,1
P047,HRTF_A,0,2.944,-88.89,-16.68,25,1
P047,HRTF_A,0,2.958,-89.09,-15.50,25,1
P047,HRTF_A,0,2.971,-89.29,-14.73,25,1
P047,HRTF_A,0,2.985,-89.57,-14.33,25,1
P047,HRTF_A,0,2.999,-89.85,-14.20,25,1
P047,HRTF_A,0,3.013,-90.16,-13.85,25,1
P047,HRTF_A,0,3.027,-90.47,-13.37,25,1
P047,HRTF_A,0,3.041,-90.71,-12.84,25,1
P047,HRTF_A,0,3.055,-90.97,-12.45,25,1
P047,HRTF_A,0,3.069,-91.25,-12.22,25,1
P047,HRTF_A,0,3.083,-91.53,-12.00,25,1
P047,HRTF_A,0,3.096,-91.83,-11.69,25,1
P047,HRTF_A,0,3.110,-92.09,-11.23,25,1
P047,HRTF_A,0,3.124,-92.25,-10.60,25,1
P047,HRTF_A,0,3.138,-92.34,-9.94,25,1
P047,HRTF_A,0,3.152,-92.43,-9.37,25,1
P047,HRTF_A,0,3.166,-92.53,-9.00,25,1
P047,HRTF_A,0,3.180,-92.68,-8.55,25,1
P047,HRTF_A,0,3.193,-92.85,-8.06,25,1
P047,HRTF_A,0,3.208,-92.98,-7.50,25,1
P047,HRTF_A,0,3.221,-93.15,-7.07,25,1
P047,HRTF_A,0,3.235,-93.33,-6.97,25,1
P047,HRTF_A,0,3.249,-93.51,-6.93,25,1
P047,HRTF_A,0,3.263,-93.72,-6.92,25,1
P047,HRTF_A,0,3.277,-93.88,-6.87,25,1
P047,HRTF_A,0,3.291,-94.03,-6.64,25,1
P047,HRTF_A,0,3.305,-94.14,-6.36,25,1
P047,HRTF_A,0,3.319,-94.20,-6.05,25,1
P047,HRTF_A,0,3.332,-94.26,-5.82,25,1
P047,HRTF_A,0,3.346,-94.34,-5.67,25,1
P047,HRTF_A,0,3.360,-94.41,-5.55,25,1
P047,HRTF_A,0,3.374,-94.47,-5.41,25,1
P047,HRTF_A,0,3.388,-94.50,-5.25,25,1
P047,HRTF_A,0,3.402,-94.49,-5.14,25,1
P047,HRTF_A,0,3.416,-94.50,-5.14,25,1
P047,HRTF_A,0,3.430,-94.51,-5.24,25,1
P047,HRTF_A,0,3.444,-94.53,-5.29,25,1
P047,HRTF_A,0,3.458,-94.57,-5.28,25,1
P047,HRTF_A,0,3.471,-94.58,-5.20,25,1
P047,HRTF_A,0,3.485,-94.59,-5.06,25,1
P047,HRTF_A,0,3.499,-94.66,-4.94,25,1
P047,HRTF_A,0,3.513,-94.74,-4.91,25,1
P047,HRTF_A,0,3.527,-94.84,-4.85,25,1
P047,HRTF_A,0,3.541,-94.93,-4.78,25,1
P047,HRTF_A,0,3.555,-94.99,-4.69,25,1
P047,HRTF_A,0,3.569,-95.04,-4.61,25,1
P047,HRTF_A,0,3.582,-95.08,-4.61,25,1
P047,HRTF_A,0,3.596,-95.12,-4.65,25,1
P047,HRTF_A,0,3.610,-95.16,-4.68,25,1
P047,HRTF_A,0,3.624,-95.16,-4.70,25,1
P047,HRTF_A,0,3.638,-95.13,-4.72,25,1
P047,HRTF_A,0,3.652,-95.07,-4.71,25,1
P047,HRTF_A,0,3.666,-94.99,-4.72,25,1
P047,HRTF_A,0,3.680,-94.89,-4.75,25,1
P047,HRTF_A,0,3.693,-94.81,-4.78,25,1
P047,HRTF_A,0,3.707,-94.74,-4.82,25,1
P047,HRTF_A,0,3.721,-94.65,-4.83,25,1
P047,HRTF_A,0,3.735,-94.56,-4.86,25,1
P047,HRTF_A,0,3.749,-94.48,-4.89,25,1
P047,HRTF_A,0,3.763,-94.39,-4.93,25,1
P047,HRTF_A,1,0.014,0.77,-1.22,13,1
P047,HRTF_A,1,0.028,0.78,-1.22,13,1
P047,HRTF_A,1,0.042,0.77,-1.21,13,1
P047,HRTF_A,1,0.056,0.77,-1.20,13,1
P047,HRTF_A,1,0.069,0.76,-1.19,13,1
P047,HRTF_A,1,0.083,0.76,-1.20,13,1
P047,HRTF_A,1,0.097,0.77,-1.21,13,1
P047,HRTF_A,1,0.111,0.79,-1.21,13,1
P047,HRTF_A,1,0.125,0.80,-1.19,13,1
P047,HRTF_A,1,0.139,0.81,-1.16,13,1
P047,HRTF_A,1,0.152,0.81,-1.15,13,1
P047,HRTF_A,1,0.166,0.81,-1.14,13,1
P047,HRTF_A,1,0.180,0.80,-1.14,13,1
P047,HRTF_A,1,0.195,0.81,-1.19,13,1
P047,HRTF_A,1,0.208,0.81,-1.27,13,1
P047,HRTF_A,1,0.222,0.82,-1.31,13,1
P047,HRTF_A,1,0.236,0.82,-1.34,13,1
P047,HRTF_A,1,0.250,0.83,-1.36,13,1
P047,HRTF_A,1,0.263,0.83,-1.35,13,1
P047,HRTF_A,1,0.278,0.84,-1.36,13,1
P047,HRTF_A,1,0.291,0.84,-1.36,13,1
P047,HRTF_A,1,0.305,0.84,-1.37,13,1
P047,HRTF_A,1,0.319,0.85,-1.35,13,1
P047,HRTF_A,1,0.333,0.85,-1.34,13,1
P047,HRTF_A,1,0.347,0.86,-1.33,13,1
P047,HRTF_A,1,0.361,0.87,-1.34,13,1
P047,HRTF_A,1,0.375,0.87,-1.35,13,1
P047,HRTF_A,1,0.389,0.88,-1.35,13,1
P047,HRTF_A,1,0.402,0.87,-1.34,13,1
P047,HRTF_A,1,0.416,0.87,-1.31,13,1
P047,HRTF_A,1,0.430,0.86,-1.27,13,1
P047,HRTF_A,1,0.444,0.87,-1.24,13,1
P047,HRTF_A,1,0.458,0.85,-1.21,13,1
P047,HRTF_A,1,0.472,0.85,-1.19,13,1
P047,HRTF_A,1,0.486,0.86,-1.18,13,1
P047,HRTF_A,1,0.500,0.87,-1.19,13,1
P047,HRTF_A,1,0.514,0.88,-1.19,13,1
P047,HRTF_A,1,0.527,0.89,-1.20,13,1
P047,HRTF_A,1,0.542,0.91,-1.20,13,1
P047,HRTF_A,1,0.555,0.93,-1.20,13,1
P047,HRTF_A,1,0.569,0.93,-1.19,13,1
P047,HRTF_A,1,0.583,0.94,-1.18,13,1
P047,HRTF_A,1,0.597,0.94,-1.18,13,1
P047,HRTF_A,1,0.611,0.94,-1.18,13,1
P047,HRTF_A,1,0.625,0.94,-1.19,13,1
P047,HRTF_A,1,0.639,0.94,-1.19,13,1
P047,HRTF_A,1,0.652,0.93,-1.18,13,1
P047,HRTF_A,1,0.666,0.94,-1.17,13,1
P047,HRTF_A,1,0.680,0.93,-1.17,13,1
P047,HRTF_A,1,0.694,0.93,-1.19,13,1
P047,HRTF_A,1,0.708,0.92,-1.21,13,1
P047,HRTF_A,1,0.722,0.93,-1.22,13,1
P047,HRTF_A,1,0.736,0.94,-1.22,13,1
P047,HRTF_A,1,0.750,0.94,-1.22,13,1
P047,HRTF_A,1,0.764,0.95,-1.21,13,1
P047,HRTF_A,1,0.778,0.95,-1.21,13,1
P047,HRTF_A,1,0.791,0.95,-1.19,13,1
P047,HRTF_A,1,0.805,0.95,-1.20,13,1
P047,HRTF_A,1,0.819,0.95,-1.21,13,1
P047,HRTF_A,1,0.833,0.96,-1.21,13,1
P047,HRTF_A,1,0.847,0.95,-1.23,13,1
P047,HRTF_A,1,0.861,0.95,-1.24,13,1
P047,HRTF_A,1,0.875,0.95,-1.25,13,1
P047,HRTF_A,1,0.889,0.95,-1.24,13,1
P047,HRTF_A,1,0.903,0.94,-1.23,13,1
P047,HRTF_A,1,0.916,0.93,-1.23,13,1
P047,HRTF_A,1,0.930,0.93,-1.23,13,1
P047,HRTF_A,1,0.944,0.93,-1.23,13,1
P047,HRTF_A,1,0.958,0.93,-1.23,13,1
P047,HRTF_A,1,0.972,0.95,-1.22,13,1
P047,HRTF_A,1,0.986,1.00,-1.23,13,1
P047,HRTF_A,1,1.000,1.17,-1.29,13,1
P047,HRTF_A,1,1.014,1.50,-1.35,13,1
P047,HRTF_A,1,1.028,1.94,-1.38,13,1
P047,HRTF_A,1,1.041,2.46,-1.37,13,1
P047,HRTF_A,1,1.055,2.91,-1.40,13,1
P047,HRTF_A,1,1.069,3.49,-1.44,13,1
P047,HRTF_A,1,1.083,4.18,-1.59,13,1
P047,HRTF_A,1,1.097,5.08,-1.88,13,1
P047,HRTF_A,1,1.111,6.19,-2.35,13,1
P047,HRTF_A,1,1.125,7.52,-2.91,13,1
P047,HRTF_A,1,1.139,9.08,-3.63,13,1
P047,HRTF_A,1,1.153,10.95,-4.51,13,1
P047,HRTF_A,1,1.166,13.13,-5.50,13,1
P047,HRTF_A,1,1.180,15.78,-6.58,13,1
P047,HRTF_A,1,1.194,18.40,-7.40,13,1
P047,HRTF_A,1,1.208,20.93,-8.10,13,1
P047,HRTF_A,1,1.222,23.28,-8.67,13,1
P047,HRTF_A,1,1.236,25.55,-9.04,13,1
P047,HRTF_A,1,1.250,27.72,-9.32,13,1
P047,HRTF_A,1,1.263,29.83,-9.52,13,1
P047,HRTF_A,1,1.277,31.83,-9.68,13,1
P047,HRTF_A,1,1.291,33.73,-9.86,13,1
P047,HRTF_A,1,1.305,35.61,-10.04,13,1
P047,HRTF_A,1,1.319,37.47,-10.25,13,1
P047,HRTF_A,1,1.333,39.23,-10.44,13,1
P047,HRTF_A,1,1.347,40.84,-10.56,13,1
P047,HRTF_A,1,1.361,42.43,-10.67,13,1
P047,HRTF_A,1,1.375,43.79,-10.79,13,1
P047,HRTF_A,1,1.388,45.16,-10.96,13,1
P047,HRTF_A,1,1.402,46.45,-11.09,13,1
P047,HRTF_A,1,1.416,47.59,-11.16,13,1
P047,HRTF_A,1,1.430,48.67,-11.19,13,1
P047,HRTF_A,1,1.444,49.63,-11.19,13,1
P047,HRTF_A,1,1.458,50.61,-11.11,13,1
P047,HRTF_A,1,1.472,51.67,-11.11,13,1
P047,HRTF_A,1,1.486,52.87,-11.19,13,1
P047,HRTF_A,1,1.500,54.05,-11.23,13,1
P047,HRTF_A,1,1.514,55.21,-11.29,13,1
P047,HRTF_A,1,1.527,56.32,-11.39,13,1
P047,HRTF_A,1,1.542,57.52,-11.57,13,1
P047,HRTF_A,1,1.555,58.72,-11.72,13,1
P047,HRTF_A,1,1.569,60.14,-11.87,13,1
P047,HRTF_A,1,1.583,61.60,-11.94,13,1
P047,HRTF_A,1,1.597,63.13,-11.87,13,1
P047,HRTF_A,1,1.611,64.72,-11.67,13,1
P047,HRTF_A,1,1.625,66.36,-11.32,13,1
P047,HRTF_A,1,1.639,68.09,-11.01,13,1
P047,HRTF_A,1,1.652,69.82,-10.75,13,1
P047,HRTF_A,1,1.666,71.49,-10.54,13,1
P047,HRTF_A,1,1.680,73.09,-10.45,13,1
P047,HRTF_A,1,1.694,74.59,-10.56,13,1
P047,HRTF_A,1,1.708,75.99,-10.80,13,1
P047,HRTF_A,1,1.722,77.38,-10.98,13,1
P047,HRTF_A,1,1.736,78.61,-11.12,13,1
P047,HRTF_A,1,1.750,79.75,-11.24,13,1
P047,HRTF_A,1,1.764,80.81,-11.24,13,1
P047,HRTF_A,1,1.778,81.84,-11.22,13,1
P047,HRTF_A,1,1.791,82.82,-11.15,13,1
P047,HRTF_A,1,1.805,83.80,-11.15,13,1
P047,HRTF_A,1,1.819,84.68,-11.17,13,1
P047,HRTF_A,1,1.833,85.51,-11.17,13,1
P047,HRTF_A,1,1.847,86.30,-11.14,13,1
P047,HRTF_A,1,1.861,87.16,-11.13,13,1
P047,HRTF_A,1,1.875,88.09,-11.12,13,1
P047,HRTF_A,1,1.889,89.11,-11.05,13,1
P047,HRTF_A,1,1.902,90.12,-11.01,13,1
P047,HRTF_A,1,1.917,91.13,-10.89,13,1
P047,HRTF_A,1,1.930,92.14,-10.86,13,1
P047,HRTF_A,1,1.944,93.26,-11.07,13,1
P047,HRTF_A,1,1.958,94.49,-11.34,13,1
P047,HRTF_A,1,1.972,95.83,-11.52,13,1
P047,HRTF_A,1,1.986,97.12,-11.67,13,1
P047,HRTF_A,1,2.000,98.40,-11.68,13,1
P047,HRTF_A,1,2.014,99.70,-11.81,13,1
P047,HRTF_A,1,2.027,101.11,-12.10,13,1
P047,HRTF_A,1,2.041,102.68,-12.57,13,1
P047,HRTF_A,1,2.055,104.18,-12.87,13,1
P047,HRTF_A,1,2.069,105.60,-13.11,13,1
P047,HRTF_A,1,2.083,107.01,-13.34,13,1
P047,HRTF_A,1,2.097,108.40,-13.57,13,1
P047,HRTF_A,1,2.111,110.01,-13.81,13,1
P047,HRTF_A,1,2.125,111.71,-14.10,13,1
P047,HRTF_A,1,2.138,113.46,-14.53,13,1
P047,HRTF_A,1,2.152,115.05,-15.15,13,1
P047,HRTF_A,1,2.166,116.54,-15.94,13,1
P047,HRTF_A,1,2.180,117.92,-16.76,13,1
P047,HRTF_A,1,2.194,119.20,-17.27,13,1
P047,HRTF_A,1,2.208,120.33,-17.51,13,1
P047,HRTF_A,1,2.222,121.23,-17.47,13,1
P047,HRTF_A,1,2.236,121.99,-17.38,13,1
P047,HRTF_A,1,2.250,122.62,-17.22,13,1
P047,HRTF_A,1,2.263,123.06,-16.86,13,1
P047,HRTF_A,1,2.277,123.50,-16.36,13,1
P047,HRTF_A,1,2.291,123.78,-15.57,13,1
P047,HRTF_A,1,2.305,123.96,-14.73,13,1
P047,HRTF_A,1,2.319,124.04,-13.73,13,1
P047,HRTF_A,1,2.333,124.14,-12.73,13,1
P047,HRTF_A,1,2.347,124.25,-11.63,13,1
P047,HRTF_A,1,2.361,124.45,-10.58,13,1
P047,HRTF_A,1,2.375,124.82,-9.79,13,1
P047,HRTF_A,1,2.389,125.35,-9.29,13,1
P047,HRTF_A,1,2.403,126.10,-9.11,13,1
P047,HRTF_A,1,2.416,126.84,-8.95,13,1
P047,HRTF_A,1,2.430,127.52,-8.64,13,1
P047,HRTF_A,1,2.444,128.02,-8.22,13,1
P047,HRTF_A,1,2.458,128.45,-7.79,13,1
P047,HRTF_A,1,2.472,128.80,-7.50,13,1
P047,HRTF_A,1,2.486,129.04,-7.34,13,1
P047,HRTF_A,1,2.499,129.28,-7.19,13,1
P047,HRTF_A,1,2.513,129.44,-6.99,13,1
P047,HRTF_A,1,2.527,129.56,-6.85,13,1
P047,HRTF_A,1,2.541,129.72,-6.82,13,1
P047,HRTF_A,1,2.555,129.90,-6.85,13,1
P047,HRTF_A,1,2.569,130.03,-6.83,13,1
P047,HRTF_A,1,2.583,130.11,-6.75,13,1
P047,HRTF_A,1,2.597,130.15,-6.60,13,1
P047,HRTF_A,1,2.611,130.16,-6.42,13,1
P047,HRTF_A,2,0.014,2.63,-1.88,4,1
P047,HRTF_A,2,0.028,2.69,-1.87,4,1
P047,HRTF_A,2,0.042,2.74,-1.84,4,1
P047,HRTF_A,2,0.056,2.77,-1.81,4,1
P047,HRTF_A,2,0.069,2.79,-1.85,4,1
P047,HRTF_A,2,0.083,2.80,-1.89,4,1
P047,HRTF_A,2,0.097,2.80,-1.92,4,1
P047,HRTF_A,2,0.111,2.81,-1.93,4,1
P047,HRTF_A,2,0.125,2.82,-1.91,4,1
P047,HRTF_A,2,0.139,2.82,-1.90,4,1
P047,HRTF_A,2,0.153,2.80,-1.89,4,1
P047,HRTF_A,2,0.167,2.77,-1.89,4,1
P047,HRTF_A,2,0.181,2.73,-1.94,4,1
P047,HRTF_A,2,0.194,2.69,-2.01,4,1
P047,HRTF_A,2,0.208,2.64,-2.08,4,1
P047,HRTF_A,2,0.223,2.58,-2.13,4,1
P047,HRTF_A,2,0.236,2.54,-2.16,4,1
P047,HRTF_A,2,0.250,2.48,-2.17,4,1
P047,HRTF_A,2,0.264,2.42,-2.21,4,1
P047,HRTF_A,2,0.278,2.36,-2.24,4,1
P047,HRTF_A,2,0.292,2.28,-2.26,4,1
P047,HRTF_A,2,0.306,2.21,-2.32,4,1
P047,HRTF_A,2,0.319,2.14,-2.38,4,1
P047,HRTF_A,2,0.333,2.07,-2.44,4,1
P047,HRTF_A,2,0.347,1.97,-2.51,4,1
P047,HRTF_A,2,0.361,1.88,-2.58,4,1
P047,HRTF_A,2,0.375,1.79,-2.66,4,1
P047,HRTF_A,2,0.389,1.69,-2.75,4,1
P047,HRTF_A,2,0.403,1.57,-2.85,4,1
P047,HRTF_A,2,0.417,1.45,-2.96,4,1
P047,HRTF_A,2,0.431,1.32,-3.05,4,1
P047,HRTF_A,2,0.444,1.18,-3.22,4,1
P047,HRTF_A,2,0.458,1.03,-3.47,4,1
P047,HRTF_A,2,0.472,0.89,-3.74,4,1
P047,HRTF_A,2,0.486,0.72,-3.96,4,1
P047,HRTF_A,2,0.500,0.57,-4.15,4,1
P047,HRTF_A,2,0.514,0.39,-4.31,4,1
P047,HRTF_A,2,0.528,0.22,-4.44,4,1
P047,HRTF_A,2,0.542,0.04,-4.55,4,1
P047,HRTF_A,2,0.556,-0.15,-4.61,4,1
P047,HRTF_A,2,0.570,-0.37,-4.66,4,1
P047,HRTF_A,2,0.583,-0.60,-4.70,4,1
P047,HRTF_A,2,0.597,-0.82,-4.74,4,1
P047,HRTF_A,2,0.611,-1.10,-4.74,4,1
P047,HRTF_A,2,0.625,-1.37,-4.75,4,1
P047,HRTF_A,2,0.639,-1.64,-4.84,4,1
P047,HRTF_A,2,0.653,-1.89,-4.91,4,1
P047,HRTF_A,2,0.667,-2.11,-4.96,4,1
P047,HRTF_A,2,0.681,-2.31,-4.95,4,1
P047,HRTF_A,2,0.694,-2.50,-4.91,4,1
P047,HRTF_A,2,0.708,-2.67,-4.83,4,1
P047,HRTF_A,2,0.722,-2.84,-4.76,4,1
P047,HRTF_A,2,0.736,-3.01,-4.71,4,1
P047,HRTF_A,2,0.750,-3.16,-4.68,4,1
P047,HRTF_A,2,0.764,-3.30,-4.64,4,1
P047,HRTF_A,2,0.778,-3.44,-4.59,4,1
P047,HRTF_A,2,0.792,-3.55,-4.52,4,1
P047,HRTF_A,2,0.806,-3.64,-4.48,4,1
P047,HRTF_A,2,0.819,-3.70,-4.49,4,1
P047,HRTF_A,2,0.833,-3.64,-4.55,4,1
P047,HRTF_A,2,0.847,-3.52,-4.58,4,1
P047,HRTF_A,2,0.861,-3.32,-4.59,4,1
P047,HRTF_A,2,0.875,-3.11,-4.53,4,1
P047,HRTF_A,2,0.889,-2.82,-4.43,4,1
P047,HRTF_A,2,0.903,-2.47,-4.34,4,1
P047,HRTF_A,2,0.916,-1.99,-4.24,4,1
P047,HRTF_A,2,0.930,-1.37,-4.12,4,1
P047,HRTF_A,2,0.944,-0.64,-3.97,4,1
P047,HRTF_A,2,0.958,0.24,-3.84,4,1
P047,HRTF_A,2,0.974,1.44,-3.77,4,1
P047,HRTF_A,2,0.987,2.55,-3.65,4,1
P047,HRTF_A,2,1.001,3.91,-3.48,4,1
P047,HRTF_A,2,1.015,5.19,-3.30,4,1
P047,HRTF_A,2,1.028,6.60,-3.11,4,1
P047,HRTF_A,2,1.042,8.24,-3.02,4,1
P047,HRTF_A,2,1.056,10.13,-2.90,4,1
P047,HRTF_A,2,1.070,12.13,-2.74,4,1
P047,HRTF_A,2,1.084,14.32,-2.57,4,1
P047,HRTF_A,2,1.097,16.44,-2.38,4,1
P047,HRTF_A,2,1.111,18.54,-2.21,4,1
P047,HRTF_A,2,1.125,20.74,-2.07,4,1
P047,HRTF_A,2,1.139,23.01,-2.06,4,1
P047,HRTF_A,2,1.152,25.27,-2.00,4,1
P047,HRTF_A,2,1.166,27.51,-1.89,4,1
P047,HRTF_A,2,1.180,29.70,-1.71,4,1
P047,HRTF_A,2,1.194,31.86,-1.55,4,1
P047,HRTF_A,2,1.208,34.04,-1.42,4,1
P047,HRTF_A,2,1.222,36.32,-1.31,4,1
P047,HRTF_A,2,1.236,38.57,-1.28,4,1
P047,HRTF_A,2,1.251,40.79,-1.33,4,1
P047,HRTF_A,2,1.263,42.91,-1.37,4,1
P047,HRTF_A,2,1.277,45.06,-1.46,4,1
P047,HRTF_A,2,1.291,47.13,-1.64,4,1
P047,HRTF_A,2,1.305,49.20,-1.81,4,1
P047,HRTF_A,2,1.319,51.24,-1.96,4,1
P047,HRTF_A,2,1.333,53.22,-2.17,4,1
P047,HRTF_A,2,1.347,55.17,-2.29,4,1
P047,HRTF_A,2,1.361,57.11,-2.47,4,1
P047,HRTF_A,2,1.374,59.19,-2.71,4,1
P047,HRTF_A,2,1.389,61.23,-2.95,4,1
P047,HRTF_A,2,1.402,63.22,-3.14,4,1
P047,HRTF_A,2,1.416,65.19,-3.29,4,1
P047,HRTF_A,2,1.430,67.13,-3.49,4,1
P047,HRTF_A,2,1.444,69.02,-3.66,4,1
P047,HRTF_A,2,1.458,70.83,-3.80,4,1
P047,HRTF_A,2,1.472,72.56,-3.89,4,1
P047,HRTF_A,2,1.485,74.24,-3.95,4,1
P047,HRTF_A,2,1.500,75.89,-3.97,4,1
P047,HRTF_A,2,1.513,77.53,-3.97,4,1
P047,HRTF_A,2,1.527,79.20,-3.98,4,1
P047,HRTF_A,2,1.541,80.86,-3.91,4,1
P047,HRTF_A,2,1.555,82.41,-3.77,4,1
P047,HRTF_A,2,1.569,83.86,-3.63,4,1
P047,HRTF_A,2,1.583,85.24,-3.46,4,1
P047,HRTF_A,2,1.597,86.51,-3.26,4,1
P047,HRTF_A,2,1.610,87.83,-3.11,4,1
P047,HRTF_A,2,1.624,89.10,-3.13,4,1
P047,HRTF_A,2,1.638,90.34,-3.20,4,1
P047,HRTF_A,2,1.652,91.50,-3.31,4,1
P047,HRTF_A,2,1.666,92.72,-3.35,4,1
P047,HRTF_A,2,1.680,93.92,-3.37,4,1
P047,HRTF_A,2,1.694,95.11,-3.40,4,1
P047,HRTF_A,2,1.708,96.26,-3.41,4,1
P047,HRTF_A,2,1.722,97.41,-3.42,4,1
P047,HRTF_A,2,1.736,98.59,-3.45,4,1
P047,HRTF_A,2,1.749,99.73,-3.46,4,1
P047,HRTF_A,2,1.763,100.79,-3.45,4,1
P047,HRTF_A,2,1.777,101.75,-3.36,4,1
P047,HRTF_A,2,1.791,102.69,-3.27,4,1
P047,HRTF_A,2,1.805,103.59,-3.14,4,1
P047,HRTF_A,2,1.819,104.44,-3.12,4,1
P047,HRTF_A,2,1.833,105.28,-3.21,4,1
P047,HRTF_A,2,1.847,106.10,-3.34,4,1
P047,HRTF_A,2,1.861,106.94,-3.48,4,1
P047,HRTF_A,2,1.874,107.83,-3.58,4,1
P047,HRTF_A,2,1.888,108.58,-3.64,4,1
P047,HRTF_A,2,1.902,109.24,-3.67,4,1
P047,HRTF_A,2,1.916,109.86,-3.72,4,1
P047,HRTF_A,2,1.930,110.49,-3.85,4,1
P047,HRTF_A,2,1.944,111.12,-3.96,4,1
P047,HRTF_A,2,1.958,111.88,-4.01,4,1
P047,HRTF_A,2,1.972,112.62,-4.03,4,1
P047,HRTF_A,2,1.985,113.39,-4.01,4,1
P047,HRTF_A,2,1.999,114.16,-3.84,4,1
P047,HRTF_A,2,2.013,114.79,-3.63,4,1
P047,HRTF_A,2,2.027,115.29,-3.30,4,1
P047,HRTF_A,2,2.041,115.70,-2.85,4,1
P047,HRTF_A,2,2.055,116.13,-2.46,4,1
P047,HRTF_A,2,2.069,116.71,-2.25,4,1
P047,HRTF_A,2,2.083,117.43,-2.24,4,1
P047,HRTF_A,2,2.097,118.24,-2.27,4,1
P047,HRTF_A,2,2.110,119.03,-2.18,4,1
P047,HRTF_A,2,2.124,119.78,-1.96,4,1
P047,HRTF_A,2,2.138,120.57,-1.67,4,1
P047,HRTF_A,2,2.152,121.41,-1.48,4,1
P047,HRTF_A,2,2.166,122.34,-1.48,4,1
P047,HRTF_A,2,2.180,123.27,-1.44,4,1
P047,HRTF_A,2,2.194,124.11,-1.32,4,1
P047,HRTF_A,2,2.208,124.76,-1.02,4,1
P047,HRTF_A,2,2.222,125.05,-0.51,4,1
P047,HRTF_A,2,2.236,125.06,0.12,4,1
P047,HRTF_A,2,2.249,124.51,0.98,4,1
P047,HRTF_A,2,2.263,123.75,1.90,4,1
P047,HRTF_A,2,2.277,122.26,2.94,4,1
P047,HRTF_A,2,2.291,120.41,3.79,4,1
P047,HRTF_A,2,2.305,118.54,4.07,4,1
P047,HRTF_A,2,2.319,116.83,4.18,4,1
P047,HRTF_A,2,2.333,115.15,4.21,4,1
P047,HRTF_A,2,2.347,113.35,4.33,4,1
P047,HRTF_A,2,2.360,111.15,4.59,4,1
P047,HRTF_A,2,2.374,108.52,4.97,4,1
P047,HRTF_A,2,2.388,105.72,5.46,4,1
P047,HRTF_A,2,2.402,103.00,6.04,4,1
P047,HRTF_A,2,2.416,100.29,6.70,4,1
P047,HRTF_A,2,2.430,97.65,7.41,4,1
P047,HRTF_A,2,2.444,95.04,8.12,4,1
P047,HRTF_A,2,2.458,92.47,8.78,4,1
P047,HRTF_A,2,2.472,89.98,9.43,4,1
P047,HRTF_A,2,2.485,87.55,9.95,4,1
P047,HRTF_A,2,2.499,85.28,10.29,4,1
P047,HRTF_A,2,2.514,83.06,10.48,4,1
P047,HRTF_A,2,2.527,81.06,10.64,4,1
P047,HRTF_A,2,2.541,79.25,10.88,4,1
P047,HRTF_A,2,2.555,77.67,11.21,4,1
P047,HRTF_A,2,2.569,76.22,11.52,4,1
P047,HRTF_A,2,2.583,74.88,11.74,4,1
P047,HRTF_A,2,2.597,73.76,11.97,4,1
P047,HRTF_A,2,2.611,72.91,12.18,4,1
P047,HRTF_A,2,2.624,72.09,12.38,4,1
P047,HRTF_A,2,2.638,71.38,12.48,4,1
P047,HRTF_A,2,2.652,70.81,12.46,4,1
P047,HRTF_A,2,2.666,70.34,12.34,4,1
P047,HRTF_A,2,2.680,69.91,12.28,4,1
P047,HRTF_A,2,2.694,69.46,12.26,4,1
P047,HRTF_A,2,2.708,69.00,12.28,4,1
P047,HRTF_A,2,2.722,68.41,12.24,4,1
P047,HRTF_A,2,2.736,67.77,12.29,4,1
P047,HRTF_A,2,2.750,67.13,12.28,4,1
P047,HRTF_A,2,2.764,66.54,12.34,4,1
P047,HRTF_A,3,0.014,-1.10,0.10,17,1
P047,HRTF_A,3,0.028,-1.30,0.08,17,1
P047,HRTF_A,3,0.041,-1.50,0.07,17,1
P047,HRTF_A,3,0.055,-1.69,-0.03,17,1
P047,HRTF_A,3,0.069,-1.88,-0.16,17,1
P047,HRTF_A,3,0.084,-2.09,-0.26,17,1
P047,HRTF_A,3,0.097,-2.27,-0.30,17,1
P047,HRTF_A,3,0.111,-2.48,-0.22,17,1
P047,HRTF_A,3,0.125,-2.67,-0.12,17,1
P047,HRTF_A,3,0.139,-2.89,0.01,17,1
P047,HRTF_A,3,0.153,-3.10,0.10,17,1
P047,HRTF_A,3,0.166,-3.32,0.12,17,1
P047,HRTF_A,3,0.180,-3.53,0.10,17,1
P047,HRTF_A,3,0.194,-3.69,0.09,17,1
P047,HRTF_A,3,0.208,-3.83,0.15,17,1
P047,HRTF_A,3,0.222,-3.95,0.20,17,1
P047,HRTF_A,3,0.236,-4.07,0.19,17,1
P047,HRTF_A,3,0.250,-4.17,0.08,17,1
P047,HRTF_A,3,0.264,-4.23,-0.14,17,1
P047,HRTF_A,3,0.277,-4.27,-0.30,17,1
P047,HRTF_A,3,0.291,-4.25,-0.46,17,1
P047,HRTF_A,3,0.305,-4.22,-0.59,17,1
P047,HRTF_A,3,0.319,-4.18,-0.70,17,1
P047,HRTF_A,3,0.333,-4.12,-0.86,17,1
P047,HRTF_A,3,0.347,-4.06,-1.06,17,1
P047,HRTF_A,3,0.361,-3.98,-1.25,17,1
P047,HRTF_A,3,0.374,-3.90,-1.37,17,1
P047,HRTF_A,3,0.388,-3.82,-1.48,17,1
P047,HRTF_A,3,0.402,-3.72,-1.56,17,1
P047,HRTF_A,3,0.416,-3.63,-1.61,17,1
P047,HRTF_A,3,0.430,-3.51,-1.68,17,1
P047,HRTF_A,3,0.444,-3.40,-1.78,17,1
P047,HRTF_A,3,0.458,-3.27,-1.84,17,1
P047,HRTF_A,3,0.472,-3.14,-1.86,17,1
P047,HRTF_A,3,0.486,-3.00,-1.86,17,1
P047,HRTF_A,3,0.500,-2.87,-1.81,17,1
P047,HRTF_A,3,0.513,-2.65,-1.85,17,1
P047,HRTF_A,3,0.527,-2.32,-2.03,17,1
P047,HRTF_A,3,0.541,-1.87,-2.27,17,1
P047,HRTF_A,3,0.555,-1.49,-2.50,17,1
P047,HRTF_A,3,0.569,-1.15,-2.69,17,1
P047,HRTF_A,3,0.583,-0.87,-2.78,17,1
P047,HRTF_A,3,0.597,-0.66,-2.84,17,1
P047,HRTF_A,3,0.611,-0.44,-2.93,17,1
P047,HRTF_A,3,0.625,-0.25,-2.97,17,1
P047,HRTF_A,3,0.639,-0.10,-3.07,17,1
P047,HRTF_A,3,0.652,0.02,-3.16,17,1
P047,HRTF_A,3,0.666,0.12,-3.24,17,1
P047,HRTF_A,3,0.680,0.22,-3.29,17,1
P047,HRTF_A,3,0.694,0.34,-3.32,17,1
P047,HRTF_A,3,0.708,0.43,-3.32,17,1
P047,HRTF_A,3,0.722,0.52,-3.29,17,1
P047,HRTF_A,3,0.736,0.63,-3.25,17,1
P047,HRTF_A,3,0.750,0.72,-3.22,17,1
P047,HRTF_A,3,0.764,0.80,-3.23,17,1
P047,HRTF_A,3,0.777,0.90,-3.25,17,1
P047,HRTF_A,3,0.791,0.98,-3.29,17,1
P047,HRTF_A,3,0.805,1.08,-3.26,17,1
P047,HRTF_A,3,0.819,1.16,-3.22,17,1
P047,HRTF_A,3,0.833,1.26,-3.14,17,1
P047,HRTF_A,3,0.847,1.34,-3.06,17,1
P047,HRTF_A,3,0.861,1.42,-3.03,17,1
P047,HRTF_A,3,0.875,1.46,-2.99,17,1
P047,HRTF_A,3,0.889,1.50,-2.96,17,1
P047,HRTF_A,3,0.902,1.53,-2.93,17,1
P047,HRTF_A,3,0.916,1.56,-2.87,17,1
P047,HRTF_A,3,0.930,1.60,-2.83,17,1
P047,HRTF_A,3,0.944,1.61,-2.81,17,1
P047,HRTF_A,3,0.958,1.60,-2.81,17,1
P047,HRTF_A,3,0.972,1.59,-2.79,17,1
P047,HRTF_A,3,0.986,1.54,-2.73,17,1
P047,HRTF_A,3,1.000,1.49,-2.64,17,1
P047,HRTF_A,3,1.014,1.38,-2.55,17,1
P047,HRTF_A,3,1.027,1.18,-2.49,17,1
P047,HRTF_A,3,1.041,0.95,-2.48,17,1
P047,HRTF_A,3,1.055,0.57,-2.55,17,1
P047,HRTF_A,3,1.069,0.16,-2.61,17,1
P047,HRTF_A,3,1.083,-0.27,-2.63,17,1
P047,HRTF_A,3,1.097,-0.75,-2.68,17,1
P047,HRTF_A,3,1.111,-1.29,-2.77,17,1
P047,HRTF_A,3,1.124,-2.04,-2.87,17,1
P047,HRTF_A,3,1.139,-2.80,-2.95,17,1
P047,HRTF_A,3,1.152,-3.58,-3.08,17,1
P047,HRTF_A,3,1.166,-4.33,-3.20,17,1
P047,HRTF_A,3,1.181,-5.03,-3.27,17,1
P047,HRTF_A,3,1.194,-5.71,-3.38,17,1
P047,HRTF_A,3,1.208,-6.38,-3.48,17,1
P047,HRTF_A,3,1.222,-7.10,-3.58,17,1
P047,HRTF_A,3,1.236,-7.81,-3.74,17,1
P047,HRTF_A,3,1.250,-8.54,-3.92,17,1
P047,HRTF_A,3,1.263,-9.29,-4.11,17,1
P047,HRTF_A,3,1.277,-10.06,-4.35,17,1
P047,HRTF_A,3,1.291,-10.79,-4.68,17,1
P047,HRTF_A,3,1.305,-11.62,-5.09,17,1
P047,HRTF_A,3,1.319,-12.45,-5.62,17,1
P047,HRTF_A,3,1.333,-13.26,-6.17,17,1
P047,HRTF_A,3,1.347,-14.04,-6.73,17,1
P047,HRTF_A,3,1.361,-14.82,-7.20,17,1
P047,HRTF_A,3,1.375,-15.58,-7.64,17,1
P047,HRTF_A,3,1.389,-16.41,-8.13,17,1
P047,HRTF_A,3,1.402,-17.24,-8.86,17,1
P047,HRTF_A,3,1.416,-17.95,-10.06,17,1
P047,HRTF_A,3,1.430,-18.58,-11.48,17,1
P047,HRTF_A,3,1.444,-19.22,-12.79,17,1
P047,HRTF_A,3,1.458,-19.90,-13.79,17,1
P047,HRTF_A,3,1.472,-20.79,-14.65,17,1
P047,HRTF_A,3,1.486,-21.64,-15.70,17,1
P047,HRTF_A,3,1.500,-22.57,-17.10,17,1
P047,HRTF_A,3,1.513,-23.40,-18.72,17,1
P047,HRTF_A,3,1.527,-24.25,-20.29,17,1
P047,HRTF_A,3,1.541,-25.21,-21.55,17,1
P047,HRTF_A,3,1.555,-26.25,-22.67,17,1
P047,HRTF_A,3,1.569,-27.36,-23.72,17,1
P047,HRTF_A,3,1.583,-28.35,-25.17,17,1
P047,HRTF_A,3,1.597,-29.26,-26.82,17,1
P047,HRTF_A,3,1.611,-30.20,-28.31,17,1
P047,HRTF_A,3,1.625,-31.24,-29.47,17,1
P047,HRTF_A,3,1.638,-32.24,-30.74,17,1
P047,HRTF_A,3,1.652,-33.14,-32.19,17,1
P047,HRTF_A,3,1.666,-33.74,-34.02,17,1
P047,HRTF_A,3,1.680,-34.25,-35.71,17,1
P047,HRTF_A,3,1.694,-34.89,-37.06,17,1
P047,HRTF_A,3,1.708,-35.57,-38.17,17,1
P047,HRTF_A,3,1.722,-36.22,-38.93,17,1
P047,HRTF_A,3,1.736,-36.80,-39.96,17,1
P047,HRTF_A,3,1.749,-37.38,-41.10,17,1
P047,HRTF_A,3,1.763,-37.99,-42.36,17,1
P047,HRTF_A,3,1.777,-38.64,-43.61,17,1
P047,HRTF_A,3,1.791,-39.27,-44.60,17,1
P047,HRTF_A,3,1.805,-39.83,-45.70,17,1
P047,HRTF_A,3,1.819,-40.39,-46.49,17,1
P047,HRTF_A,3,1.833,-40.68,-47.11,17,1
P047,HRTF_A,3,1.847,-41.12,-47.69,17,1
P047,HRTF_A,3,1.860,-41.42,-48.05,17,1
P047,HRTF_A,3,1.874,-41.74,-48.40,17,1
P047,HRTF_A,3,1.889,-41.96,-48.91,17,1
P047,HRTF_A,3,1.902,-42.17,-49.43,17,1
P047,HRTF_A,3,1.916,-42.47,-49.92,17,1
P047,HRTF_A,3,1.930,-42.97,-50.39,17,1
P047,HRTF_A,3,1.944,-43.22,-51.01,17,1
P047,HRTF_A,3,1.958,-43.93,-51.24,17,1
P047,HRTF_A,3,1.972,-44.54,-51.78,17,1
P047,HRTF_A,3,1.985,-45.06,-52.23,17,1
P047,HRTF_A,3,2.000,-45.71,-52.65,17,1
P047,HRTF_A,3,2.013,-46.43,-52.91,17,1
P047,HRTF_A,3,2.027,-47.11,-52.99,17,1
P047,HRTF_A,3,2.041,-47.85,-52.95,17,1
P047,HRTF_A,3,2.055,-48.80,-52.73,17,1
P047,HRTF_A,3,2.069,-49.77,-52.59,17,1
P047,HRTF_A,3,2.083,-50.74,-52.28,17,1
P047,HRTF_A,3,2.097,-51.75,-51.92,17,1
P047,HRTF_A,3,2.111,-52.71,-51.23,17,1
P047,HRTF_A,3,2.124,-53.77,-50.58,17,1
P047,HRTF_A,3,2.138,-54.73,-49.80,17,1
P047,HRTF_A,3,2.152,-55.76,-48.99,17,1
P047,HRTF_A,3,2.166,-56.77,-48.08,17,1
P047,HRTF_A,3,2.180,-57.84,-47.05,17,1
P047,HRTF_A,3,2.194,-58.90,-45.91,17,1
P047,HRTF_A,3,2.208,-60.00,-44.62,17,1
P047,HRTF_A,3,2.222,-61.20,-43.10,17,1
P047,HRTF_A,3,2.236,-62.58,-41.38,17,1
P047,HRTF_A,3,2.249,-64.16,-39.18,17,1
P047,HRTF_A,3,2.263,-65.71,-37.06,17,1
P047,HRTF_A,3,2.277,-67.33,-34.80,17,1
P047,HRTF_A,3,2.291,-68.49,-32.41,17,1
P047,HRTF_A,3,2.305,-69.68,-29.89,17,1
P047,HRTF_A,3,2.319,-70.86,-27.43,17,1
P047,HRTF_A,3,2.333,-72.14,-25.04,17,1
P047,HRTF_A,3,2.347,-73.44,-22.69,17,1
P047,HRTF_A,3,2.361,-74.87,-20.28,17,1
P047,HRTF_A,3,2.374,-76.40,-17.87,17,1
P047,HRTF_A,3,2.388,-78.02,-15.39,17,1
P047,HRTF_A,3,2.402,-79.59,-12.81,17,1
P047,HRTF_A,3,2.416,-81.19,-10.49,17,1
P047,HRTF_A,3,2.430,-82.73,-8.88,17,1
P047,HRTF_A,3,2.444,-84.11,-8.24,17,1
P047,HRTF_A,3,2.458,-85.40,-7.94,17,1
P047,HRTF_A,3,2.472,-86.39,-8.57,17,1
P047,HRTF_A,3,2.486,-87.44,-8.15,17,1
P047,HRTF_A,3,2.500,-88.29,-7.72,17,1
P047,HRTF_A,3,2.513,-89.03,-7.43,17,1
P047,HRTF_A,3,2.527,-89.64,-7.25,17,1
P047,HRTF_A,3,2.541,-90.11,-7.16,17,1
P047,HRTF_A,3,2.555,-90.51,-7.13,17,1
P047,HRTF_A,3,2.569,-90.82,-7.03,17,1
P047,HRTF_A,3,2.583,-91.11,-6.83,17,1
P047,HRTF_A,3,2.597,-91.31,-6.76,17,1
P047,HRTF_A,3,2.611,-91.45,-6.64,17,1
P047,HRTF_A,3,2.624,-91.50,-6.53,17,1
P047,HRTF_A,3,2.638,-91.46,-6.49,17,1
P047,HRTF_A,3,2.652,-91.46,-6.42,17,1
P047,HRTF_A,3,2.667,-91.42,-6.36,17,1
P047,HRTF_A,3,2.680,-91.41,-6.28,17,1
P047,HRTF_A,3,2.694,-91.34,-6.24,17,1
P047,HRTF_A,3,2.708,-91.23,-6.27,17,1
P047,HRTF_A,3,2.722,-91.08,-6.32,17,1
P047,HRTF_A,3,2.736,-90.92,-6.38,17,1
P047,HRTF_A,3,2.749,-90.73,-6.41,17,1
P047,HRTF_A,3,2.764,-90.53,-6.39,17,1
P047,HRTF_A,3,2.777,-90.34,-6.38,17,1
P047,HRTF_A,3,2.791,-90.14,-6.41,17,1
P047,HRTF_A,3,2.805,-89.92,-6.50,17,1
P047,HRTF_A,3,2.819,-89.63,-6.63,17,1
P047,HRTF_A,3,2.833,-89.25,-6.76,17,1
P047,HRTF_A,3,2.847,-88.84,-6.83,17,1
P047,HRTF_A,3,2.861,-88.42,-6.91,17,1
P047,HRTF_A,3,2.875,-88.02,-6.98,17,1
P047,HRTF_A,3,2.889,-87.56,-7.07,17,1
P047,HRTF_A,3,2.902,-87.13,-7.18,17,1
P047,HRTF_A,3,2.916,-86.67,-7.27,17,1
P047,HRTF_A,3,2.930,-86.21,-7.32,17,1
P047,HRTF_A,3,2.944,-85.72,-7.37,17,1
P047,HRTF_A,3,2.958,-85.26,-7.40,17,1
P047,HRTF_A,3,2.972,-84.81,-7.41,17,1
P047,HRTF_A,3,2.986,-84.31,-7.40,17,1
P047,HRTF_A,3,3.000,-83.80,-7.40,17,1
P047,HRTF_A,3,3.013,-83.22,-7.36,17,1
P047,HRTF_A,3,3.028,-82.68,-7.29,17,1
P047,HRTF_A,3,3.042,-82.10,-7.18,17,1
P047,HRTF_A,3,3.055,-81.48,-7.06,17,1
P047,HRTF_A,3,3.069,-80.76,-6.89,17,1
P047,HRTF_A,3,3.083,-79.97,-6.79,17,1
P047,HRTF_A,3,3.097,-79.03,-6.68,17,1
P047,HRTF_A,3,3.111,-78.02,-6.62,17,1
P047,HRTF_A,3,3.124,-76.96,-6.51,17,1
P047,HRTF_A,3,3.139,-75.80,-6.45,17,1
P047,HRTF_A,3,3.152,-74.38,-6.41,17,1
P047,HRTF_A,3,3.167,-72.63,-6.37,17,1
P047,HRTF_A,3,3.180,-70.68,-6.29,17,1
P047,HRTF_A,3,3.194,-68.63,-6.21,17,1
P047,HRTF_A,3,3.208,-66.41,-6.15,17,1
P047,HRTF_A,3,3.222,-63.85,-6.13,17,1
P047,HRTF_A,3,3.236,-60.84,-6.13,17,1
P047,HRTF_A,3,3.250,-57.35,-6.19,17,1
P047,HRTF_A,3,3.264,-53.44,-6.17,17,1
P047,HRTF_A,3,3.278,-49.58,-6.11,17,1
P047,HRTF_A,3,3.291,-45.81,-5.82,17,1
P047,HRTF_A,3,3.305,-41.96,-5.57,17,1
P047,HRTF_A,3,3.319,-38.08,-5.47,17,1
P047,HRTF_A,3,3.333,-34.23,-5.31,17,1
P047,HRTF_A,3,3.347,-30.47,-5.22,17,1
P047,HRTF_A,3,3.361,-26.52,-4.90,17,1
P047,HRTF_A,3,3.375,-22.48,-4.75,17,1
P047,HRTF_A,3,3.389,-18.33,-4.63,17,1
P047,HRTF_A,3,3.402,-14.17,-4.49,17,1
P047,HRTF_A,3,3.416,-10.08,-4.33,17,1
P047,HRTF_A,3,3.430,-6.14,-4.09,17,1
P047,HRTF_A,3,3.444,-2.32,-3.91,17,1
P047,HRTF_A,3,3.458,1.50,-3.79,17,1
P047,HRTF_A,3,3.472,5.23,-3.88,17,1
P047,HRTF_A,3,3.486,8.85,-3.88,17,1
P047,HRTF_A,3,3.500,12.22,-3.82,17,1
P047,HRTF_A,3,3.514,15.55,-3.77,17,1
P047,HRTF_A,3,3.528,18.92,-3.72,17,1
P047,HRTF_A,3,3.541,22.23,-3.76,17,1
P047,HRTF_A,3,3.555,25.43,-3.81,17,1
P047,HRTF_A,3,3.569,28.48,-3.93,17,1
P047,HRTF_A,3,3.583,31.47,-4.01,17,1
P047,HRTF_A,3,3.597,34.28,-4.02,17,1
P047,HRTF_A,3,3.611,37.15,-3.88,17,1
P047,HRTF_A,3,3.625,39.90,-3.73,17,1
P047,HRTF_A,3,3.639,42.58,-3.64,17,1
P047,HRTF_A,3,3.652,45.23,-3.59,17,1
P047,HRTF_A,3,3.666,47.92,-3.46,17,1
P047,HRTF_A,3,3.681,50.62,-3.31,17,1
P047,HRTF_A,3,3.694,53.30,-3.14,17,1
P047,HRTF_A,3,3.708,55.98,-2.95,17,1
P047,HRTF_A,3,3.722,58.65,-2.78,17,1
P047,HRTF_A,3,3.736,61.28,-2.67,17,1
P047,HRTF_A,3,3.750,63.80,-2.65,17,1
P047,HRTF_A,3,3.764,66.23,-2.61,17,1
P047,HRTF_A,3,3.778,68.52,-2.57,17,1
P047,HRTF_A,3,3.792,70.76,-2.45,17,1
P047,HRTF_A,3,3.805,72.84,-2.33,17,1
P047,HRTF_A,3,3.819,74.95,-2.22,17,1
P047,HRTF_A,3,3.833,76.92,-2.16,17,1
P047,HRTF_A,3,3.847,78.95,-2.01,17,1
P047,HRTF_A,3,3.861,80.97,-1.77,17,1
P047,HRTF_A,3,3.875,83.06,-1.49,17,1
P047,HRTF_A,3,3.889,85.07,-1.17,17,1
P047,HRTF_A,3,3.903,87.00,-0.89,17,1
P047,HRTF_A,3,3.917,88.92,-0.55,17,1
P047,HRTF_A,3,3.930,90.84,-0.27,17,1
P047,HRTF_A,3,3.945,92.64,-0.01,17,1
P047,HRTF_A,3,3.958,94.33,0.29,17,1
P047,HRTF_A,3,3.972,95.87,0.57,17,1
P047,HRTF_A,3,3.986,97.52,0.86,17,1
P047,HRTF_A,3,4.000,99.08,1.12,17,1
P047,HRTF_A,3,4.014,100.61,1.39,17,1
P047,HRTF_A,3,4.028,102.08,1.64,17,1
P047,HRTF_A,3,4.042,103.51,1.79,17,1
P047,HRTF_A,3,4.056,104.99,1.90,17,1
P047,HRTF_A,3,4.069,106.39,2.04,17,1
P047,HRTF_A,3,4.083,107.78,2.14,17,1
P047,HRTF_A,3,4.097,109.10,2.31,17,1
P047,HRTF_A,3,4.111,110.45,2.53,17,1
P047,HRTF_A,3,4.125,111.80,2.79,17,1
P047,HRTF_A,3,4.139,113.09,3.06,17,1
P047,HRTF_A,3,4.153,114.31,3.29,17,1
P047,HRTF_A,3,4.167,115.45,3.39,17,1
P047,HRTF_A,3,4.181,116.54,3.35,17,1
P047,HRTF_A,3,4.194,117.65,3.30,17,1
P047,HRTF_A,3,4.208,118.76,3.29,17,1
P047,HRTF_A,3,4.222,119.80,3.15,17,1
P047,HRTF_A,3,4.236,120.86,3.23,17,1
P047,HRTF_A,3,4.250,121.91,3.29,17,1
P047,HRTF_A,3,4.264,122.96,3.32,17,1
P047,HRTF_A,3,4.278,123.91,3.33,17,1
P047,HRTF_A,3,4.292,124.85,3.36,17,1
P047,HRTF_A,3,4.306,125.93,3.33,17,1
P047,HRTF_A,3,4.319,127.01,3.35,17,1
P047,HRTF_A,3,4.333,128.13,3.32,17,1
P047,HRTF_A,3,4.348,129.20,3.25,17,1
P047,HRTF_A,3,4.361,130.27,3.09,17,1
P047,HRTF_A,3,4.375,131.28,2.77,17,1
P047,HRTF_A,3,4.389,132.26,2.43,17,1
P047,HRTF_A,3,4.403,133.26,2.13,17,1
P047,HRTF_A,3,4.417,134.16,1.77,17,1
P047,HRTF_A,3,4.430,134.98,1.45,17,1
P047,HRTF_A,3,4.445,135.79,1.11,17,1
P047,HRTF_A,3,4.458,136.57,0.78,17,1
P047,HRTF_A,3,4.472,137.41,0.48,17,1
P047,HRTF_A,3,4.486,138.24,0.20,17,1
P047,HRTF_A,3,4.500,139.07,-0.06,17,1
P047,HRTF_A,3,4.514,139.87,-0.28,17,1
P047,HRTF_A,3,4.528,140.63,-0.52,17,1
P047,HRTF_A,3,4.542,141.46,-0.74,17,1
P047,HRTF_A,3,4.555,142.34,-0.91,17,1
P047,HRTF_A,3,4.569,143.13,-1.08,17,1
P047,HRTF_A,3,4.583,143.88,-1.12,17,1
P047,HRTF_A,3,4.597,144.62,-1.23,17,1
P047,HRTF_A,3,4.611,145.27,-1.32,17,1
P047,HRTF_A,3,4.625,145.99,-1.50,17,1
P047,HRTF_A,3,4.639,146.62,-1.66,17,1
P047,HRTF_A,3,4.653,147.16,-1.81,17,1
P047,HRTF_A,3,4.667,147.60,-1.89,17,1
P047,HRTF_A,3,4.681,148.15,-1.89,17,1
P047,HRTF_A,3,4.694,148.58,-1.92,17,1
P047,HRTF_A,3,4.708,149.07,-1.93,17,1
P047,HRTF_A,3,4.722,149.53,-1.83,17,1
P047,HRTF_A,3,4.736,150.01,-1.75,17,1
P047,HRTF_A,3,4.750,150.47,-1.61,17,1
P047,HRTF_A,3,4.764,150.93,-1.46,17,1
P047,HRTF_A,3,4.778,151.43,-1.29,17,1
P047,HRTF_A,3,4.792,151.90,-1.15,17,1
P047,HRTF_A,3,4.805,152.36,-1.14,17,1
P047,HRTF_A,3,4.819,152.79,-1.18,17,1
P047,HRTF_A,3,4.833,153.20,-1.26,17,1
P047,HRTF_A,3,4.847,153.60,-1.25,17,1
P047,HRTF_A,3,4.861,153.89,-1.14,17,1
P047,HRTF_A,3,4.875,154.19,-1.07,17,1
P047,HRTF_A,3,4.889,154.41,-1.02,17,1
P047,HRTF_A,3,4.903,154.61,-1.04,17,1
P047,HRTF_A,3,4.917,154.79,-1.08,17,1
P047,HRTF_A,3,4.931,154.94,-1.10,17,1
P047,HRTF_A,3,4.945,155.07,-1.10,17,1
P047,HRTF_A,3,4.958,155.22,-1.08,17,1
P047,HRTF_A,3,4.972,155.40,-1.09,17,1
P047,HRTF_A,3,4.986,155.60,-1.13,17,1
P047,HRTF_A,3,5.000,155.80,-1.17,17,1
P047,HRTF_A,3,5.014,155.98,-1.21,17,1
P047,HRTF_A,3,5.028,156.18,-1.24,17,1
P047,HRTF_A,3,5.042,156.37,-1.25,17,1
P047,HRTF_A,3,5.058,156.56,-1.26,17,1
P047,HRTF_A,3,5.069,156.75,-1.30,17,1
P047,HRTF_A,3,5.083,156.91,-1.35,17,1
P047,HRTF_A,3,5.097,157.07,-1.35,17,1
P047,HRTF_A,3,5.111,157.25,-1.32,17,1
P047,HRTF_A,3,5.125,157.44,-1.30,17,1
P047,HRTF_A,3,5.139,157.63,-1.30,17,1
P047,HRTF_A,3,5.153,157.77,-1.31,17,1
P047,HRTF_A,3,5.167,157.93,-1.29,17,1
P047,HRTF_A,3,5.181,158.08,-1.23,17,1
P047,HRTF_A,3,5.195,158.21,-1.15,17,1
P047,HRTF_A,3,5.209,158.32,-1.09,17,1
P047,HRTF_A,3,5.222,158.45,-1.09,17,1
P047,HRTF_A,3,5.236,158.57,-1.15,17,1
P047,HRTF_A,4,0.014,4.43,-1.07,14,1
P047,HRTF_A,4,0.028,4.49,-1.12,14,1
P047,HRTF_A,4,0.042,4.54,-1.13,14,1
P047,HRTF_A,4,0.055,4.58,-1.14,14,1
P047,HRTF_A,4,0.070,4.63,-1.15,14,1
P047,HRTF_A,4,0.083,4.66,-1.20,14,1
P047,HRTF_A,4,0.097,4.69,-1.20,14,1
P047,HRTF_A,4,0.111,4.68,-1.19,14,1
P047,HRTF_A,4,0.125,4.69,-1.18,14,1
P047,HRTF_A,4,0.139,4.68,-1.15,14,1
P047,HRTF_A,4,0.153,4.68,-1.13,14,1
P047,HRTF_A,4,0.167,4.68,-1.14,14,1
P047,HRTF_A,4,0.180,4.66,-1.15,14,1
P047,HRTF_A,4,0.194,4.65,-1.21,14,1
P047,HRTF_A,4,0.208,4.65,-1.29,14,1
P047,HRTF_A,4,0.222,4.65,-1.37,14,1
P047,HRTF_A,4,0.236,4.67,-1.45,14,1
P047,HRTF_A,4,0.250,4.66,-1.55,14,1
P047,HRTF_A,4,0.264,4.64,-1.65,14,1
P047,HRTF_A,4,0.278,4.63,-1.72,14,1
P047,HRTF_A,4,0.292,4.61,-1.79,14,1
P047,HRTF_A,4,0.305,4.60,-1.87,14,1
P047,HRTF_A,4,0.319,4.58,-1.93,14,1
P047,HRTF_A,4,0.333,4.56,-2.00,14,1
P047,HRTF_A,4,0.347,4.55,-2.07,14,1
P047,HRTF_A,4,0.361,4.55,-2.11,14,1
P047,HRTF_A,4,0.375,4.55,-2.14,14,1
P047,HRTF_A,4,0.389,4.54,-2.14,14,1
P047,HRTF_A,4,0.403,4.55,-2.11,14,1
P047,HRTF_A,4,0.417,4.55,-2.10,14,1
P047,HRTF_A,4,0.430,4.54,-2.11,14,1
P047,HRTF_A,4,0.444,4.52,-2.13,14,1
P047,HRTF_A,4,0.458,4.49,-2.14,14,1
P047,HRTF_A,4,0.472,4.44,-2.15,14,1
P047,HRTF_A,4,0.486,4.39,-2.13,14,1
P047,HRTF_A,4,0.500,4.35,-2.09,14,1
P047,HRTF_A,4,0.514,4.29,-2.01,14,1
P047,HRTF_A,4,0.527,4.24,-1.96,14,1
P047,HRTF_A,4,0.541,4.18,-1.94,14,1
P047,HRTF_A,4,0.556,4.11,-1.94,14,1
P047,HRTF_A,4,0.569,4.05,-1.96,14,1
P047,HRTF_A,4,0.583,3.99,-1.96,14,1
P047,HRTF_A,4,0.597,3.92,-1.96,14,1
P047,HRTF_A,4,0.611,3.85,-1.94,14,1
P047,HRTF_A,4,0.625,3.79,-1.90,14,1
P047,HRTF_A,4,0.639,3.72,-1.89,14,1
P047,HRTF_A,4,0.653,3.65,-1.87,14,1
P047,HRTF_A,4,0.666,3.59,-1.85,14,1
P047,HRTF_A,4,0.680,3.54,-1.85,14,1
P047,HRTF_A,4,0.694,3.49,-1.86,14,1
P047,HRTF_A,4,0.708,3.44,-1.89,14,1
P047,HRTF_A,4,0.722,3.40,-1.90,14,1
P047,HRTF_A,4,0.736,3.34,-1.89,14,1
P047,HRTF_A,4,0.750,3.30,-1.88,14,1
P047,HRTF_A,4,0.764,3.25,-1.85,14,1
P047,HRTF_A,4,0.778,3.19,-1.84,14,1
P047,HRTF_A,4,0.791,3.15,-1.84,14,1
P047,HRTF_A,4,0.805,3.09,-1.82,14,1
P047,HRTF_A,4,0.819,3.02,-1.82,14,1
P047,HRTF_A,4,0.833,2.95,-1.81,14,1
P047,HRTF_A,4,0.847,2.88,-1.80,14,1
P047,HRTF_A,4,0.861,2.82,-1.78,14,1
P047,HRTF_A,4,0.875,2.75,-1.74,14,1
P047,HRTF_A,4,0.889,2.69,-1.72,14,1
P047,HRTF_A,4,0.902,2.64,-1.72,14,1
P047,HRTF_A,4,0.916,2.59,-1.72,14,1
P047,HRTF_A,4,0.930,2.62,-1.72,14,1
P047,HRTF_A,4,0.944,2.69,-1.72,14,1
P047,HRTF_A,4,0.958,2.83,-1.71,14,1
P047,HRTF_A,4,0.972,3.01,-1.69,14,1
P047,HRTF_A,4,0.986,3.18,-1.66,14,1
P047,HRTF_A,4,1.000,3.33,-1.62,14,1
P047,HRTF_A,4,1.013,3.52,-1.61,14,1
P047,HRTF_A,4,1.027,3.71,-1.62,14,1
P047,HRTF_A,4,1.041,3.97,-1.64,14,1
P047,HRTF_A,4,1.055,4.21,-1.62,14,1
P047,HRTF_A,4,1.069,4.47,-1.58,14,1
P047,HRTF_A,4,1.083,4.73,-1.55,14,1
P047,HRTF_A,4,1.097,5.05,-1.50,14,1
P047,HRTF_A,4,1.111,5.45,-1.48,14,1
P047,HRTF_A,4,1.125,5.95,-1.49,14,1
P047,HRTF_A,4,1.139,6.40,-1.49,14,1
P047,HRTF_A,4,1.153,6.91,-1.46,14,1
P047,HRTF_A,4,1.166,7.55,-1.40,14,1
P047,HRTF_A,4,1.180,8.29,-1.31,14,1
P047,HRTF_A,4,1.194,9.29,-1.26,14,1
P047,HRTF_A,4,1.208,10.26,-1.14,14,1
P047,HRTF_A,4,1.222,11.33,-1.02,14,1
P047,HRTF_A,4,1.236,12.42,-0.88,14,1
P047,HRTF_A,4,1.250,13.69,-0.72,14,1
P047,HRTF_A,4,1.263,15.07,-0.62,14,1
P047,HRTF_A,4,1.277,16.62,-0.56,14,1
P047,HRTF_A,4,1.291,18.32,-0.52,14,1
P047,HRTF_A,4,1.305,19.94,-0.54,14,1
P047,HRTF_A,4,1.319,21.57,-0.52,14,1
P047,HRTF_A,4,1.333,23.23,-0.51,14,1
P047,HRTF_A,4,1.347,25.04,-0.52,14,1
P047,HRTF_A,4,1.361,26.90,-0.52,14,1
P047,HRTF_A,4,1.375,28.76,-0.45,14,1
P047,HRTF_A,4,1.388,30.55,-0.39,14,1
P047,HRTF_A,4,1.402,32.34,-0.21,14,1
P047,HRTF_A,4,1.416,34.11,-0.07,14,1
P047,HRTF_A,4,1.430,35.82,0.00,14,1
P047,HRTF_A,4,1.444,37.48,0.04,14,1
P047,HRTF_A,4,1.458,39.04,0.03,14,1
P047,HRTF_A,4,1.472,40.55,-0.02,14,1
P047,HRTF_A,4,1.486,42.13,-0.10,14,1
P047,HRTF_A,4,1.500,43.75,-0.26,14,1
P047,HRTF_A,4,1.513,45.43,-0.39,14,1
P047,HRTF_A,4,1.527,47.04,-0.46,14,1
P047,HRTF_A,4,1.541,48.66,-0.58,14,1
P047,HRTF_A,4,1.555,50.36,-0.64,14,1
P047,HRTF_A,4,1.569,52.13,-0.74,14,1
P047,HRTF_A,4,1.583,53.91,-0.83,14,1
P047,HRTF_A,4,1.597,55.76,-0.86,14,1
P047,HRTF_A,4,1.611,57.64,-0.83,14,1
P047,HRTF_A,4,1.625,59.56,-0.81,14,1
P047,HRTF_A,4,1.639,61.50,-0.79,14,1
P047,HRTF_A,4,1.652,63.54,-0.77,14,1
P047,HRTF_A,4,1.666,65.55,-0.82,14,1
P047,HRTF_A,4,1.680,67.51,-0.78,14,1
P047,HRTF_A,4,1.694,69.37,-0.75,14,1
P047,HRTF_A,4,1.708,71.23,-0.67,14,1
P047,HRTF_A,4,1.722,73.06,-0.64,14,1
P047,HRTF_A,4,1.736,74.93,-0.65,14,1
P047,HRTF_A,4,1.750,76.74,-0.72,14,1
P047,HRTF_A,4,1.763,78.52,-0.85,14,1
P047,HRTF_A,4,1.777,80.33,-0.90,14,1
P047,HRTF_A,4,1.791,82.10,-0.99,14,1
P047,HRTF_A,4,1.805,83.88,-1.12,14,1
P047,HRTF_A,4,1.819,85.69,-1.29,14,1
P047,HRTF_A,4,1.833,87.46,-1.42,14,1
P047,HRTF_A,4,1.847,89.14,-1.53,14,1
P047,HRTF_A,4,1.861,90.68,-1.73,14,1
P047,HRTF_A,4,1.874,92.21,-1.88,14,1
P047,HRTF_A,4,1.888,93.64,-2.02,14,1
P047,HRTF_A,4,1.902,95.06,-2.06,14,1
P047,HRTF_A,4,1.916,96.52,-2.09,14,1
P047,HRTF_A,4,1.930,97.87,-2.05,14,1
P047,HRTF_A,4,1.944,99.19,-2.07,14,1
P047,HRTF_A,4,1.958,100.41,-2.09,14,1
P047,HRTF_A,4,1.972,101.67,-2.19,14,1
P047,HRTF_A,4,1.986,102.94,-2.23,14,1
P047,HRTF_A,4,1.999,104.23,-2.31,14,1
P047,HRTF_A,4,2.013,105.52,-2.35,14,1
P047,HRTF_A,4,2.027,106.78,-2.32,14,1
P047,HRTF_A,4,2.041,108.06,-2.27,14,1
P047,HRTF_A,4,2.055,109.39,-2.31,14,1
P047,HRTF_A,4,2.069,110.75,-2.35,14,1
P047,HRTF_A,4,2.083,112.05,-2.38,14,1
P047,HRTF_A,4,2.097,113.27,-2.43,14,1
P047,HRTF_A,4,2.111,114.48,-2.43,14,1
P047,HRTF_A,4,2.124,115.65,-2.45,14,1
P047,HRTF_A,4,2.138,116.85,-2.51,14,1
P047,HRTF_A,4,2.152,118.06,-2.53,14,1
P047,HRTF_A,4,2.166,119.28,-2.55,14,1
P047,HRTF_A,4,2.180,120.37,-2.52,14,1
P047,HRTF_A,4,2.194,121.50,-2.51,14,1
P047,HRTF_A,4,2.208,122.59,-2.59,14,1
P047,HRTF_A,4,2.222,123.71,-2.64,14,1
P047,HRTF_A,4,2.235,124.81,-2.72,14,1
P047,HRTF_A,4,2.249,125.88,-2.86,14,1
P047,HRTF_A,4,2.263,126.89,-3.06,14,1
P047,HRTF_A,4,2.277,127.85,-3.26,14,1
P047,HRTF_A,4,2.291,128.78,-3.56,14,1
P047,HRTF_A,4,2.305,129.62,-3.75,14,1
P047,HRTF_A,4,2.319,130.41,-3.87,14,1
P047,HRTF_A,4,2.333,131.20,-3.97,14,1
P047,HRTF_A,4,2.347,131.89,-3.93,14,1
P047,HRTF_A,4,2.361,132.52,-3.84,14,1
P047,HRTF_A,4,2.374,133.07,-3.76,14,1
P047,HRTF_A,4,2.388,133.51,-3.79,14,1
P047,HRTF_A,4,2.402,133.91,-3.82,14,1
P047,HRTF_A,4,2.416,134.29,-3.92,14,1
P047,HRTF_A,4,2.430,134.63,-3.95,14,1
P047,HRTF_A,4,2.444,135.00,-3.97,14,1
P047,HRTF_A,4,2.458,135.34,-4.02,14,1
P047,HRTF_A,4,2.472,135.72,-4.08,14,1
P047,HRTF_A,4,2.486,136.15,-4.21,14,1
P047,HRTF_A,4,2.499,136.61,-4.34,14,1
P047,HRTF_A,4,2.513,137.05,-4.46,14,1
P047,HRTF_A,4,2.527,137.50,-4.56,14,1
P047,HRTF_A,4,2.541,137.95,-4.64,14,1
P047,HRTF_A,4,2.555,138.46,-4.73,14,1
P047,HRTF_A,4,2.569,138.97,-4.77,14,1
P047,HRTF_A,4,2.583,139.41,-4.78,14,1
P047,HRTF_A,4,2.597,139.87,-4.71,14,1
P047,HRTF_A,4,2.611,140.30,-4.72,14,1
P047,HRTF_A,4,2.624,140.72,-4.83,14,1
P047,HRTF_A,4,2.638,141.15,-4.94,14,1
P047,HRTF_A,4,2.652,141.56,-5.03,14,1
P047,HRTF_A,4,2.666,141.86,-5.05,14,1
P047,HRTF_A,4,2.680,142.13,-5.06,14,1
P047,HRTF_A,4,2.693,142.38,-5.08,14,1
P047,HRTF_A,4,2.707,142.57,-5.10,14,1
P047,HRTF_A,5,0.014,-2.46,-1.37,29,1
P047,HRTF_A,5,0.028,-2.49,-1.37,29,1
P047,HRTF_A,5,0.042,-2.51,-1.36,29,1
P047,HRTF_A,5,0.056,-2.53,-1.37,29,1
P047,HRTF_A,5,0.069,-2.54,-1.38,29,1
P047,HRTF_A,5,0.083,-2.55,-1.38,29,1
P047,HRTF_A,5,0.097,-2.57,-1.36,29,1
P047,HRTF_A,5,0.111,-2.57,-1.35,29,1
P047,HRTF_A,5,0.125,-2.55,-1.34,29,1
P047,HRTF_A,5,0.139,-2.55,-1.34,29,1
P047,HRTF_A,5,0.154,-2.50,-1.37,29,1
P047,HRTF_A,5,0.167,-2.46,-1.39,29,1
P047,HRTF_A,5,0.180,-2.40,-1.42,29,1
P047,HRTF_A,5,0.194,-2.34,-1.44,29,1
P047,HRTF_A,5,0.208,-2.27,-1.48,29,1
P047,HRTF_A,5,0.222,-2.21,-1.50,29,1
P047,HRTF_A,5,0.236,-2.15,-1.54,29,1
P047,HRTF_A,5,0.250,-2.10,-1.59,29,1
P047,HRTF_A,5,0.264,-2.05,-1.64,29,1
P047,HRTF_A,5,0.278,-2.02,-1.68,29,1
P047,HRTF_A,5,0.291,-1.98,-1.72,29,1
P047,HRTF_A,5,0.305,-1.97,-1.76,29,1
P047,HRTF_A,5,0.322,-1.95,-1.79,29,1
P047,HRTF_A,5,0.335,-1.97,-1.81,29,1
P047,HRTF_A,5,0.349,-1.98,-1.83,29,1
P047,HRTF_A,5,0.362,-2.01,-1.83,29,1
P047,HRTF_A,5,0.376,-2.15,-1.83,29,1
P047,HRTF_A,5,0.390,-2.36,-1.82,29,1
P047,HRTF_A,5,0.403,-2.61,-1.80,29,1
P047,HRTF_A,5,0.417,-2.93,-1.75,29,1
P047,HRTF_A,5,0.431,-3.33,-1.71,29,1
P047,HRTF_A,5,0.445,-3.82,-1.68,29,1
P047,HRTF_A,5,0.459,-4.41,-1.67,29,1
P047,HRTF_A,5,0.472,-5.13,-1.62,29,1
P047,HRTF_A,5,0.486,-5.90,-1.69,29,1
P047,HRTF_A,5,0.500,-6.65,-1.76,29,1
P047,HRTF_A,5,0.514,-7.47,-1.81,29,1
P047,HRTF_A,5,0.528,-8.36,-1.88,29,1
P047,HRTF_A,5,0.541,-9.28,-1.91,29,1
P047,HRTF_A,5,0.555,-10.25,-1.88,29,1
P047,HRTF_A,5,0.569,-11.17,-1.95,29,1
P047,HRTF_A,5,0.583,-12.12,-1.98,29,1
P047,HRTF_A,5,0.597,-12.94,-1.97,29,1
P047,HRTF_A,5,0.611,-13.75,-1.92,29,1
P047,HRTF_A,5,0.664,-14.53,-1.84,29,1
P047,HRTF_A,5,0.668,-15.30,-1.73,29,1
P047,HRTF_A,5,0.679,-17.62,-1.57,29,1
P047,HRTF_A,5,0.699,-18.33,-1.59,29,1
P047,HRTF_A,5,0.707,-18.97,-1.67,29,1
P047,HRTF_A,5,0.721,-19.59,-1.82,29,1
P047,HRTF_A,5,0.735,-20.14,-1.96,29,1
P047,HRTF_A,5,0.749,-20.63,-2.13,29,1
P047,HRTF_A,5,0.763,-21.02,-2.34,29,1
P047,HRTF_A,5,0.777,-21.39,-2.46,29,1
P047,HRTF_A,5,0.791,-21.70,-2.59,29,1
P047,HRTF_A,5,0.805,-21.95,-2.70,29,1
P047,HRTF_A,5,0.819,-22.25,-2.82,29,1
P047,HRTF_A,5,0.833,-22.55,-2.88,29,1
P047,HRTF_A,5,0.847,-22.84,-2.93,29,1
P047,HRTF_A,5,0.861,-23.12,-2.93,29,1
P047,HRTF_A,5,0.875,-23.39,-2.92,29,1
P047,HRTF_A,5,0.888,-23.64,-2.84,29,1
P047,HRTF_A,5,0.902,-23.98,-2.75,29,1
P047,HRTF_A,5,0.916,-24.42,-2.70,29,1
P047,HRTF_A,5,0.930,-24.94,-2.65,29,1
P047,HRTF_A,5,0.944,-25.63,-2.62,29,1
P047,HRTF_A,5,0.958,-26.24,-2.60,29,1
P047,HRTF_A,5,0.972,-26.97,-2.54,29,1
P047,HRTF_A,5,0.986,-27.70,-2.46,29,1
P047,HRTF_A,5,1.000,-28.39,-2.38,29,1
P047,HRTF_A,5,1.013,-29.06,-2.28,29,1
P047,HRTF_A,5,1.027,-29.79,-2.19,29,1
P047,HRTF_A,5,1.041,-30.47,-2.06,29,1
P047,HRTF_A,5,1.055,-31.14,-1.94,29,1
P047,HRTF_A,5,1.069,-31.79,-1.82,29,1
P047,HRTF_A,5,1.083,-32.43,-1.80,29,1
P047,HRTF_A,5,1.097,-33.06,-1.74,29,1
P047,HRTF_A,5,1.111,-33.75,-1.68,29,1
P047,HRTF_A,5,1.125,-34.51,-1.59,29,1
P047,HRTF_A,5,1.138,-35.39,-1.57,29,1
P047,HRTF_A,5,1.152,-36.23,-1.56,29,1
P047,HRTF_A,5,1.166,-37.12,-1.66,29,1
P047,HRTF_A,5,1.180,-38.01,-1.76,29,1
P047,HRTF_A,5,1.194,-38.94,-1.82,29,1
P047,HRTF_A,5,1.208,-40.00,-1.93,29,1
P047,HRTF_A,5,1.222,-41.06,-1.99,29,1
P047,HRTF_A,5,1.236,-42.13,-2.03,29,1
P047,HRTF_A,5,1.250,-43.22,-2.11,29,1
P047,HRTF_A,5,1.264,-44.36,-2.18,29,1
P047,HRTF_A,5,1.277,-45.51,-2.19,29,1
P047,HRTF_A,5,1.291,-46.67,-2.18,29,1
P047,HRTF_A,5,1.305,-47.78,-2.15,29,1
P047,HRTF_A,5,1.319,-48.86,-2.06,29,1
P047,HRTF_A,5,1.333,-49.95,-2.07,29,1
P047,HRTF_A,5,1.347,-51.12,-2.11,29,1
P047,HRTF_A,5,1.360,-52.37,-2.17,29,1
P047,HRTF_A,5,1.374,-53.63,-2.21,29,1
P047,HRTF_A,5,1.388,-54.85,-2.22,29,1
P047,HRTF_A,5,1.402,-55.98,-2.25,29,1
P047,HRTF_A,5,1.416,-57.08,-2.31,29,1
P047,HRTF_A,5,1.430,-58.06,-2.42,29,1
P047,HRTF_A,5,1.444,-58.96,-2.75,29,1
P047,HRTF_A,5,1.458,-59.81,-2.97,29,1
P047,HRTF_A,5,1.472,-60.52,-3.19,29,1
P047,HRTF_A,5,1.486,-61.23,-3.30,29,1
P047,HRTF_A,5,1.500,-61.98,-3.28,29,1
P047,HRTF_A,5,1.513,-62.70,-3.21,29,1
P047,HRTF_A,5,1.527,-63.37,-3.13,29,1
P047,HRTF_A,5,1.541,-63.92,-2.96,29,1
P047,HRTF_A,5,1.555,-64.26,-2.72,29,1
P047,HRTF_A,5,1.569,-64.56,-2.57,29,1
P047,HRTF_A,5,1.583,-64.86,-2.42,29,1
P047,HRTF_A,5,1.597,-64.97,-2.29,29,1
P047,HRTF_A,5,1.611,-65.06,-2.17,29,1
P047,HRTF_A,5,1.625,-65.14,-1.99,29,1
P047,HRTF_A,5,1.638,-65.13,-1.87,29,1
P047,HRTF_A,5,1.652,-65.15,-1.87,29,1
P047,HRTF_A,5,1.666,-65.06,-1.95,29,1
P047,HRTF_A,5,1.680,-64.95,-2.06,29,1
P047,HRTF_A,5,1.694,-64.86,-2.18,29,1
P047,HRTF_A,5,1.708,-64.73,-2.30,29,1
P047,HRTF_A,5,1.722,-64.58,-2.36,29,1
P047,HRTF_A,5,1.736,-64.40,-2.29,29,1
P047,HRTF_A,5,1.749,-64.19,-2.20,29,1
P047,HRTF_A,5,1.763,-63.97,-2.14,29,1
P047,HRTF_A,5,1.777,-63.77,-2.08,29,1
P047,HRTF_A,5,1.791,-63.60,-2.06,29,1
P047,HRTF_A,5,1.805,-63.43,-2.05,29,1
P047,HRTF_A,5,1.819,-63.31,-2.07,29,1
P047,HRTF_A,5,1.833,-63.20,-2.12,29,1
P047,HRTF_A,5,1.847,-63.09,-2.22,29,1
P047,HRTF_A,5,1.861,-63.02,-2.31,29,1
P047,HRTF_A,5,1.875,-62.98,-2.40,29,1
P047,HRTF_A,5,1.888,-62.94,-2.47,29,1
P047,HRTF_A,6,0.014,-3.28,-1.39,5,1
P047,HRTF_A,6,0.028,-3.41,-1.42,5,1
P047,HRTF_A,6,0.042,-3.53,-1.43,5,1
P047,HRTF_A,6,0.056,-3.64,-1.44,5,1
P047,HRTF_A,6,0.069,-3.73,-1.41,5,1
P047,HRTF_A,6,0.083,-3.81,-1.38,5,1
P047,HRTF_A,6,0.097,-3.89,-1.36,5,1
P047,HRTF_A,6,0.111,-3.97,-1.35,5,1
P047,HRTF_A,6,0.125,-4.05,-1.37,5,1
P047,HRTF_A,6,0.139,-4.14,-1.40,5,1
P047,HRTF_A,6,0.153,-4.22,-1.41,5,1
P047,HRTF_A,6,0.167,-4.31,-1.41,5,1
P047,HRTF_A,6,0.181,-4.40,-1.43,5,1
P047,HRTF_A,6,0.194,-4.49,-1.48,5,1
P047,HRTF_A,6,0.208,-4.58,-1.51,5,1
P047,HRTF_A,6,0.222,-4.67,-1.54,5,1
P047,HRTF_A,6,0.236,-4.76,-1.58,5,1
P047,HRTF_A,6,0.250,-4.82,-1.60,5,1
P047,HRTF_A,6,0.264,-4.91,-1.64,5,1
P047,HRTF_A,6,0.278,-4.98,-1.67,5,1
P047,HRTF_A,6,0.292,-5.06,-1.71,5,1
P047,HRTF_A,6,0.306,-5.12,-1.76,5,1
P047,HRTF_A,6,0.320,-5.16,-1.84,5,1
P047,HRTF_A,6,0.333,-5.18,-1.93,5,1
P047,HRTF_A,6,0.347,-5.15,-2.02,5,1
P047,HRTF_A,6,0.361,-5.14,-2.10,5,1
P047,HRTF_A,6,0.375,-5.11,-2.15,5,1
P047,HRTF_A,6,0.389,-5.07,-2.17,5,1
P047,HRTF_A,6,0.403,-5.01,-2.22,5,1
P047,HRTF_A,6,0.417,-4.90,-2.26,5,1
P047,HRTF_A,6,0.431,-4.74,-2.33,5,1
P047,HRTF_A,6,0.444,-4.55,-2.35,5,1
P047,HRTF_A,6,0.458,-4.35,-2.38,5,1
P047,HRTF_A,6,0.472,-4.12,-2.40,5,1
P047,HRTF_A,6,0.486,-3.89,-2.42,5,1
P047,HRTF_A,6,0.500,-3.66,-2.46,5,1
P047,HRTF_A,6,0.514,-3.39,-2.52,5,1
P047,HRTF_A,6,0.528,-3.13,-2.57,5,1
P047,HRTF_A,6,0.542,-2.85,-2.62,5,1
P047,HRTF_A,6,0.555,-2.57,-2.64,5,1
P047,HRTF_A,6,0.569,-2.29,-2.65,5,1
P047,HRTF_A,6,0.583,-2.02,-2.62,5,1
P047,HRTF_A,6,0.597,-1.77,-2.58,5,1
P047,HRTF_A,6,0.611,-1.51,-2.52,5,1
P047,HRTF_A,6,0.625,-1.24,-2.48,5,1
P047,HRTF_A,6,0.639,-1.01,-2.47,5,1
P047,HRTF_A,6,0.653,-0.78,-2.49,5,1
P047,HRTF_A,6,0.667,-0.56,-2.51,5,1
P047,HRTF_A,6,0.681,-0.34,-2.51,5,1
P047,HRTF_A,6,0.694,-0.13,-2.52,5,1
P047,HRTF_A,6,0.708,0.08,-2.52,5,1
P047,HRTF_A,6,0.722,0.29,-2.52,5,1
P047,HRTF_A,6,0.736,0.47,-2.54,5,1
P047,HRTF_A,6,0.750,0.63,-2.53,5,1
P047,HRTF_A,6,0.764,0.77,-2.52,5,1
P047,HRTF_A,6,0.778,0.86,-2.48,5,1
P047,HRTF_A,6,0.792,0.96,-2.46,5,1
P047,HRTF_A,6,0.805,1.04,-2.42,5,1
P047,HRTF_A,6,0.820,1.12,-2.41,5,1
P047,HRTF_A,6,0.833,1.19,-2.43,5,1
P047,HRTF_A,6,0.847,1.23,-2.45,5,1
P047,HRTF_A,6,0.861,1.25,-2.45,5,1
P047,HRTF_A,6,0.875,1.28,-2.45,5,1
P047,HRTF_A,6,0.889,1.31,-2.45,5,1
P047,HRTF_A,6,0.903,1.36,-2.44,5,1
P047,HRTF_A,6,0.917,1.38,-2.45,5,1
P047,HRTF_A,6,0.931,1.43,-2.46,5,1
P047,HRTF_A,6,0.945,1.50,-2.47,5,1
P047,HRTF_A,6,0.958,1.62,-2.50,5,1
P047,HRTF_A,6,0.972,1.82,-2.53,5,1
P047,HRTF_A,6,0.986,2.13,-2.53,5,1
P047,HRTF_A,6,1.000,2.51,-2.53,5,1
P047,HRTF_A,6,1.014,2.98,-2.51,5,1
P047,HRTF_A,6,1.028,3.53,-2.48,5,1
P047,HRTF_A,6,1.041,4.15,-2.43,5,1
P047,HRTF_A,6,1.055,4.90,-2.45,5,1
P047,HRTF_A,6,1.069,5.86,-2.50,5,1
P047,HRTF_A,6,1.083,6.98,-2.48,5,1
P047,HRTF_A,6,1.097,8.35,-2.54,5,1
P047,HRTF_A,6,1.111,9.86,-2.56,5,1
P047,HRTF_A,6,1.125,11.50,-2.51,5,1
P047,HRTF_A,6,1.138,13.26,-2.37,5,1
P047,HRTF_A,6,1.152,15.01,-2.18,5,1
P047,HRTF_A,6,1.166,16.81,-2.02,5,1
P047,HRTF_A,6,1.180,18.77,-1.86,5,1
P047,HRTF_A,6,1.194,20.81,-1.74,5,1
P047,HRTF_A,6,1.208,22.94,-1.64,5,1
P047,HRTF_A,6,1.222,25.08,-1.54,5,1
P047,HRTF_A,6,1.236,27.20,-1.43,5,1
P047,HRTF_A,6,1.250,29.35,-1.34,5,1
P047,HRTF_A,6,1.263,31.50,-1.30,5,1
P047,HRTF_A,6,1.277,33.69,-1.26,5,1
P047,HRTF_A,6,1.291,35.91,-1.22,5,1
P047,HRTF_A,6,1.305,38.14,-1.23,5,1
P047,HRTF_A,6,1.319,40.35,-1.26,5,1
P047,HRTF_A,6,1.333,42.54,-1.28,5,1
P047,HRTF_A,6,1.347,44.81,-1.35,5,1
P047,HRTF_A,6,1.361,47.09,-1.44,5,1
P047,HRTF_A,6,1.375,49.42,-1.62,5,1
P047,HRTF_A,6,1.388,51.72,-1.76,5,1
P047,HRTF_A,6,1.402,53.85,-1.81,5,1
P047,HRTF_A,6,1.416,55.88,-1.88,5,1
P047,HRTF_A,6,1.430,57.73,-1.86,5,1
P047,HRTF_A,6,1.444,59.46,-1.85,5,1
P047,HRTF_A,6,1.458,61.02,-1.91,5,1
P047,HRTF_A,6,1.472,62.41,-1.92,5,1
P047,HRTF_A,6,1.486,63.75,-1.93,5,1
P047,HRTF_A,6,1.500,64.95,-1.90,5,1
P047,HRTF_A,6,1.513,65.96,-1.92,5,1
P047,HRTF_A,6,1.527,66.98,-2.02,5,1
P047,HRTF_A,6,1.541,67.96,-2.17,5,1
P047,HRTF_A,6,1.555,68.92,-2.33,5,1
P047,HRTF_A,6,1.569,69.77,-2.50,5,1
P047,HRTF_A,6,1.583,70.49,-2.57,5,1
P047,HRTF_A,6,1.597,71.12,-2.55,5,1
P047,HRTF_A,6,1.611,71.74,-2.57,5,1
P047,HRTF_A,6,1.625,72.43,-2.62,5,1
P047,HRTF_A,6,1.639,73.05,-2.69,5,1
P047,HRTF_A,6,1.652,73.63,-2.76,5,1
P047,HRTF_A,6,1.666,74.00,-2.92,5,1
P047,HRTF_A,6,1.680,74.35,-2.94,5,1
P047,HRTF_A,6,1.694,74.64,-2.74,5,1
P047,HRTF_A,6,1.708,74.95,-2.76,5,1
P047,HRTF_A,6,1.722,75.19,-2.91,5,1
P047,HRTF_A,6,1.736,75.37,-3.07,5,1
P047,HRTF_A,7,0.014,-1.34,-3.15,28,1
P047,HRTF_A,7,0.028,-1.37,-3.11,28,1
P047,HRTF_A,7,0.042,-1.39,-3.07,28,1
P047,HRTF_A,7,0.056,-1.41,-3.02,28,1
P047,HRTF_A,7,0.070,-1.45,-2.98,28,1
P047,HRTF_A,7,0.083,-1.49,-2.93,28,1
P047,HRTF_A,7,0.097,-1.54,-2.89,28,1
P047,HRTF_A,7,0.111,-1.57,-2.85,28,1
P047,HRTF_A,7,0.125,-1.60,-2.85,28,1
P047,HRTF_A,7,0.139,-1.62,-2.84,28,1
P047,HRTF_A,7,0.153,-1.63,-2.86,28,1
P047,HRTF_A,7,0.167,-1.65,-2.88,28,1
P047,HRTF_A,7,0.181,-1.65,-2.91,28,1
P047,HRTF_A,7,0.194,-1.65,-2.96,28,1
P047,HRTF_A,7,0.208,-1.64,-3.01,28,1
P047,HRTF_A,7,0.222,-1.62,-3.08,28,1
P047,HRTF_A,7,0.236,-1.59,-3.13,28,1
P047,HRTF_A,7,0.250,-1.56,-3.15,28,1
P047,HRTF_A,7,0.264,-1.54,-3.15,28,1
P047,HRTF_A,7,0.278,-1.52,-3.15,28,1
P047,HRTF_A,7,0.291,-1.49,-3.16,28,1
P047,HRTF_A,7,0.305,-1.47,-3.18,28,1
P047,HRTF_A,7,0.319,-1.44,-3.20,28,1
P047,HRTF_A,7,0.333,-1.42,-3.19,28,1
P047,HRTF_A,7,0.348,-1.43,-3.17,28,1
P047,HRTF_A,7,0.361,-1.41,-3.14,28,1
P047,HRTF_A,7,0.375,-1.40,-3.10,28,1
P047,HRTF_A,7,0.389,-1.39,-3.07,28,1
P047,HRTF_A,7,0.403,-1.38,-3.06,28,1
P047,HRTF_A,7,0.417,-1.37,-3.03,28,1
P047,HRTF_A,7,0.430,-1.36,-3.00,28,1
P047,HRTF_A,7,0.444,-1.35,-2.98,28,1
P047,HRTF_A,7,0.458,-1.34,-2.98,28,1
P047,HRTF_A,7,0.472,-1.33,-2.98,28,1
P047,HRTF_A,7,0.486,-1.31,-3.00,28,1
P047,HRTF_A,7,0.500,-1.27,-3.02,28,1
P047,HRTF_A,7,0.514,-1.23,-3.01,28,1
P047,HRTF_A,7,0.528,-1.20,-3.01,28,1
P047,HRTF_A,7,0.542,-1.17,-3.02,28,1
P047,HRTF_A,7,0.555,-1.14,-3.03,28,1
P047,HRTF_A,7,0.570,-1.12,-3.04,28,1
P047,HRTF_A,7,0.583,-1.09,-3.05,28,1
P047,HRTF_A,7,0.597,-1.06,-3.07,28,1
P047,HRTF_A,7,0.611,-1.03,-3.06,28,1
P047,HRTF_A,7,0.625,-1.02,-3.06,28,1
P047,HRTF_A,7,0.639,-1.01,-3.04,28,1
P047,HRTF_A,7,0.653,-1.01,-3.02,28,1
P047,HRTF_A,7,0.666,-1.01,-2.99,28,1
P047,HRTF_A,7,0.680,-1.02,-2.96,28,1
P047,HRTF_A,7,0.694,-1.03,-2.94,28,1
P047,HRTF_A,7,0.708,-1.05,-2.91,28,1
P047,HRTF_A,7,0.722,-1.09,-2.88,28,1
P047,HRTF_A,7,0.736,-1.13,-2.87,28,1
P047,HRTF_A,7,0.750,-1.17,-2.89,28,1
P047,HRTF_A,7,0.764,-1.22,-2.92,28,1
P047,HRTF_A,7,0.778,-1.26,-2.96,28,1
P047,HRTF_A,7,0.791,-1.30,-3.00,28,1
P047,HRTF_A,7,0.805,-1.35,-3.01,28,1
P047,HRTF_A,7,0.819,-1.39,-3.02,28,1
P047,HRTF_A,7,0.833,-1.44,-3.01,28,1
P047,HRTF_A,7,0.847,-1.49,-3.00,28,1
P047,HRTF_A,7,0.861,-1.54,-2.99,28,1
P047,HRTF_A,7,0.875,-1.57,-2.98,28,1
P047,HRTF_A,7,0.889,-1.60,-2.98,28,1
P047,HRTF_A,7,0.903,-1.62,-2.99,28,1
P047,HRTF_A,7,0.916,-1.66,-3.01,28,1
P047,HRTF_A,7,0.930,-1.69,-3.03,28,1
P047,HRTF_A,7,0.944,-1.69,-3.04,28,1
P047,HRTF_A,7,0.958,-1.69,-3.03,28,1
P047,HRTF_A,7,0.972,-1.73,-3.01,28,1
P047,HRTF_A,7,0.986,-1.76,-2.96,28,1
P047,HRTF_A,7,1.000,-1.83,-2.92,28,1
P047,HRTF_A,7,1.014,-1.92,-2.89,28,1
P047,HRTF_A,7,1.028,-2.04,-2.89,28,1
P047,HRTF_A,7,1.041,-2.29,-2.96,28,1
P047,HRTF_A,7,1.056,-2.70,-3.06,28,1
P047,HRTF_A,7,1.069,-3.25,-3.18,28,1
P047,HRTF_A,7,1.083,-3.97,-3.27,28,1
P047,HRTF_A,7,1.097,-4.68,-3.29,28,1
P047,HRTF_A,7,1.111,-5.43,-3.32,28,1
P047,HRTF_A,7,1.125,-6.25,-3.33,28,1
P047,HRTF_A,7,1.139,-7.20,-3.37,28,1
P047,HRTF_A,7,1.152,-8.34,-3.47,28,1
P047,HRTF_A,7,1.166,-9.48,-3.51,28,1
P047,HRTF_A,7,1.180,-10.81,-3.58,28,1
P047,HRTF_A,7,1.194,-12.12,-3.63,28,1
P047,HRTF_A,7,1.208,-13.61,-3.65,28,1
P047,HRTF_A,7,1.222,-15.19,-3.66,28,1
P047,HRTF_A,7,1.236,-16.81,-3.68,28,1
P047,HRTF_A,7,1.250,-18.65,-3.69,28,1
P047,HRTF_A,7,1.264,-20.48,-3.83,28,1
P047,HRTF_A,7,1.278,-22.31,-3.97,28,1
P047,HRTF_A,7,1.291,-24.24,-4.23,28,1
P047,HRTF_A,7,1.305,-26.18,-4.45,28,1
P047,HRTF_A,7,1.319,-28.24,-4.59,28,1
P047,HRTF_A,7,1.333,-30.28,-4.70,28,1
P047,HRTF_A,7,1.347,-32.33,-4.78,28,1
P047,HRTF_A,7,1.361,-34.36,-4.85,28,1
P047,HRTF_A,7,1.374,-36.40,-4.92,28,1
P047,HRTF_A,7,1.389,-38.52,-5.07,28,1
P047,HRTF_A,7,1.402,-40.65,-5.18,28,1
P047,HRTF_A,7,1.416,-42.72,-5.24,28,1
P047,HRTF_A,7,1.430,-44.73,-5.35,28,1
P047,HRTF_A,7,1.444,-46.75,-5.37,28,1
P047,HRTF_A,7,1.458,-48.80,-5.34,28,1
P047,HRTF_A,7,1.472,-50.83,-5.25,28,1
P047,HRTF_A,7,1.486,-52.85,-5.07,28,1
P047,HRTF_A,7,1.500,-54.87,-4.81,28,1
P047,HRTF_A,7,1.513,-56.79,-4.57,28,1
P047,HRTF_A,7,1.527,-58.70,-4.34,28,1
P047,HRTF_A,7,1.541,-60.51,-4.10,28,1
P047,HRTF_A,7,1.555,-62.31,-3.91,28,1
P047,HRTF_A,7,1.569,-64.10,-3.66,28,1
P047,HRTF_A,7,1.583,-65.95,-3.45,28,1
P047,HRTF_A,7,1.597,-67.79,-3.22,28,1
P047,HRTF_A,7,1.611,-69.58,-2.94,28,1
P047,HRTF_A,7,1.624,-71.32,-2.73,28,1
P047,HRTF_A,7,1.638,-73.02,-2.53,28,1
P047,HRTF_A,7,1.652,-74.66,-2.47,28,1
P047,HRTF_A,7,1.666,-76.29,-2.48,28,1
P047,HRTF_A,7,1.680,-77.91,-2.59,28,1
P047,HRTF_A,7,1.694,-79.53,-2.70,28,1
P047,HRTF_A,7,1.708,-81.09,-2.77,28,1
P047,HRTF_A,7,1.722,-82.69,-2.79,28,1
P047,HRTF_A,7,1.736,-84.09,-2.87,28,1
P047,HRTF_A,7,1.749,-85.52,-2.98,28,1
P047,HRTF_A,7,1.763,-86.92,-3.17,28,1
P047,HRTF_A,7,1.777,-88.28,-3.23,28,1
P047,HRTF_A,7,1.791,-89.59,-3.29,28,1
P047,HRTF_A,7,1.805,-90.80,-3.28,28,1
P047,HRTF_A,7,1.819,-91.89,-3.25,28,1
P047,HRTF_A,7,1.833,-92.83,-3.09,28,1
P047,HRTF_A,7,1.847,-93.73,-2.97,28,1
P047,HRTF_A,7,1.860,-94.42,-2.64,28,1
P047,HRTF_A,7,1.874,-95.06,-2.24,28,1
P047,HRTF_A,7,1.888,-95.59,-1.72,28,1
P047,HRTF_A,7,1.902,-96.02,-1.02,28,1
P047,HRTF_A,7,1.916,-96.33,-0.25,28,1
P047,HRTF_A,7,1.930,-96.41,0.61,28,1
P047,HRTF_A,7,1.944,-96.46,1.45,28,1
P047,HRTF_A,7,1.958,-96.16,2.34,28,1
P047,HRTF_A,7,1.972,-95.69,3.25,28,1
P047,HRTF_A,7,1.986,-95.19,4.07,28,1
P047,HRTF_A,7,1.999,-94.42,4.97,28,1
P047,HRTF_A,7,2.013,-93.71,5.88,28,1
P047,HRTF_A,7,2.027,-92.83,6.77,28,1
P047,HRTF_A,7,2.041,-91.88,7.60,28,1
P047,HRTF_A,7,2.055,-90.83,8.23,28,1
P047,HRTF_A,7,2.069,-89.73,8.76,28,1
P047,HRTF_A,7,2.083,-88.62,9.02,28,1
P047,HRTF_A,7,2.097,-87.52,9.18,28,1
P047,HRTF_A,7,2.110,-86.50,9.37,28,1
P047,HRTF_A,7,2.124,-85.46,9.54,28,1
P047,HRTF_A,7,2.138,-84.47,9.83,28,1
P047,HRTF_A,7,2.152,-83.53,10.12,28,1
P047,HRTF_A,7,2.166,-82.62,10.32,28,1
P047,HRTF_A,7,2.180,-81.71,10.55,28,1
P047,HRTF_A,7,2.194,-80.81,10.84,28,1
P047,HRTF_A,7,2.208,-79.90,11.12,28,1
P047,HRTF_A,7,2.221,-79.04,11.39,28,1
P047,HRTF_A,7,2.235,-78.33,11.54,28,1
P047,HRTF_A,7,2.249,-77.72,11.74,28,1
P047,HRTF_A,7,2.263,-77.16,11.88,28,1
P047,HRTF_A,7,2.277,-76.62,12.01,28,1
P047,HRTF_A,7,2.291,-76.11,12.12,28,1
P047,HRTF_A,7,2.305,-75.59,12.31,28,1
P047,HRTF_A,7,2.319,-75.20,12.52,28,1
P047,HRTF_A,7,2.333,-74.92,12.70,28,1
P047,HRTF_A,7,2.347,-74.66,12.82,28,1
P047,HRTF_A,7,2.360,-74.36,12.90,28,1
P047,HRTF_A,7,2.374,-74.05,12.98,28,1
P047,HRTF_A,7,2.388,-73.71,13.07,28,1
P047,HRTF_A,7,2.402,-73.36,13.17,28,1
P047,HRTF_A,7,2.416,-72.94,13.29,28,1
P047,HRTF_A,7,2.430,-72.49,13.49,28,1
P047,HRTF_A,7,2.444,-72.00,13.72,28,1
P047,HRTF_A,7,2.458,-71.47,13.95,28,1
P047,HRTF_A,7,2.471,-70.99,14.29,28,1
P047,HRTF_A,7,2.485,-70.56,14.54,28,1
P047,HRTF_A,7,2.499,-70.23,14.70,28,1
P047,HRTF_A,7,2.513,-69.92,14.70,28,1
P047,HRTF_A,7,2.527,-69.65,14.64,28,1
P047,HRTF_A,7,2.541,-69.36,14.54,28,1
P047,HRTF_A,7,2.555,-69.09,14.43,28,1
P047,HRTF_A,8,0.014,-3.16,-0.62,12,1
P047,HRTF_A,8,0.028,-3.33,-0.72,12,1
P047,HRTF_A,8,0.042,-3.46,-0.77,12,1
P047,HRTF_A,8,0.056,-3.57,-0.84,12,1
P047,HRTF_A,8,0.069,-3.67,-0.87,12,1
P047,HRTF_A,8,0.083,-3.75,-0.87,12,1
P047,HRTF_A,8,0.097,-3.83,-0.88,12,1
P047,HRTF_A,8,0.111,-3.87,-0.91,12,1
P047,HRTF_A,8,0.125,-3.92,-0.93,12,1
P047,HRTF_A,8,0.139,-3.96,-0.92,12,1
P047,HRTF_A,8,0.153,-4.02,-0.93,12,1
P047,HRTF_A,8,0.167,-4.06,-0.93,12,1
P047,HRTF_A,8,0.180,-4.12,-0.95,12,1
P047,HRTF_A,8,0.194,-4.18,-0.94,12,1
P047,HRTF_A,8,0.208,-4.24,-0.93,12,1
P047,HRTF_A,8,0.222,-4.28,-0.91,12,1
P047,HRTF_A,8,0.236,-4.34,-0.94,12,1
P047,HRTF_A,8,0.250,-4.39,-1.00,12,1
P047,HRTF_A,8,0.264,-4.42,-1.05,12,1
P047,HRTF_A,8,0.277,-4.44,-1.09,12,1
P047,HRTF_A,8,0.291,-4.46,-1.13,12,1
P047,HRTF_A,8,0.305,-4.44,-1.11,12,1
P047,HRTF_A,8,0.319,-4.43,-1.11,12,1
P047,HRTF_A,8,0.333,-4.39,-1.12,12,1
P047,HRTF_A,8,0.347,-4.35,-1.12,12,1
P047,HRTF_A,8,0.361,-4.27,-1.09,12,1
P047,HRTF_A,8,0.375,-4.19,-1.07,12,1
P047,HRTF_A,8,0.389,-4.06,-1.05,12,1
P047,HRTF_A,8,0.403,-3.94,-1.04,12,1
P047,HRTF_A,8,0.416,-3.82,-1.01,12,1
P047,HRTF_A,8,0.431,-3.69,-0.97,12,1
P047,HRTF_A,8,0.444,-3.56,-0.96,12,1
P047,HRTF_A,8,0.458,-3.43,-0.96,12,1
P047,HRTF_A,8,0.472,-3.32,-0.94,12,1
P047,HRTF_A,8,0.486,-3.20,-0.93,12,1
P047,HRTF_A,8,0.500,-3.05,-0.90,12,1
P047,HRTF_A,8,0.514,-2.92,-0.86,12,1
P047,HRTF_A,8,0.528,-2.77,-0.83,12,1
P047,HRTF_A,8,0.541,-2.62,-0.80,12,1
P047,HRTF_A,8,0.555,-2.52,-0.79,12,1
P047,HRTF_A,8,0.569,-2.41,-0.79,12,1
P047,HRTF_A,8,0.583,-2.29,-0.78,12,1
P047,HRTF_A,8,0.597,-2.17,-0.75,12,1
P047,HRTF_A,8,0.611,-2.05,-0.72,12,1
P047,HRTF_A,8,0.625,-1.94,-0.69,12,1
P047,HRTF_A,8,0.639,-1.84,-0.67,12,1
P047,HRTF_A,8,0.653,-1.75,-0.67,12,1
P047,HRTF_A,8,0.667,-1.65,-0.65,12,1
P047,HRTF_A,8,0.680,-1.54,-0.63,12,1
P047,HRTF_A,8,0.694,-1.45,-0.61,12,1
P047,HRTF_A,8,0.708,-1.36,-0.61,12,1
P047,HRTF_A,8,0.722,-1.26,-0.60,12,1
P047,HRTF_A,8,0.736,-1.16,-0.59,12,1
P047,HRTF_A,8,0.750,-1.06,-0.57,12,1
P047,HRTF_A,8,0.764,-0.94,-0.55,12,1
P047,HRTF_A,8,0.777,-0.82,-0.55,12,1
P047,HRTF_A,8,0.791,-0.71,-0.55,12,1
P047,HRTF_A,8,0.805,-0.60,-0.56,12,1
P047,HRTF_A,8,0.819,-0.48,-0.57,12,1
P047,HRTF_A,8,0.833,-0.37,-0.59,12,1
P047,HRTF_A,8,0.847,-0.27,-0.58,12,1
P047,HRTF_A,8,0.861,-0.16,-0.56,12,1
P047,HRTF_A,8,0.875,-0.06,-0.52,12,1
P047,HRTF_A,8,0.889,0.08,-0.48,12,1
P047,HRTF_A,8,0.903,0.23,-0.47,12,1
P047,HRTF_A,8,0.916,0.40,-0.48,12,1
P047,HRTF_A,8,0.930,0.59,-0.48,12,1
P047,HRTF_A,8,0.944,0.81,-0.50,12,1
P047,HRTF_A,8,0.958,1.09,-0.49,12,1
P047,HRTF_A,8,0.972,1.51,-0.51,12,1
P047,HRTF_A,8,0.986,2.02,-0.52,12,1
P047,HRTF_A,8,1.000,2.62,-0.50,12,1
P047,HRTF_A,8,1.014,3.20,-0.50,12,1
P047,HRTF_A,8,1.028,3.88,-0.53,12,1
P047,HRTF_A,8,1.041,4.64,-0.53,12,1
P047,HRTF_A,8,1.055,5.44,-0.60,12,1
P047,HRTF_A,8,1.069,6.31,-0.65,12,1
P047,HRTF_A,8,1.083,7.23,-0.60,12,1
P047,HRTF_A,8,1.097,8.13,-0.56,12,1
P047,HRTF_A,8,1.111,9.07,-0.48,12,1
P047,HRTF_A,8,1.125,9.99,-0.38,12,1
P047,HRTF_A,8,1.139,10.97,-0.29,12,1
P047,HRTF_A,8,1.153,12.09,-0.20,12,1
P047,HRTF_A,8,1.166,13.29,-0.10,12,1
P047,HRTF_A,8,1.180,14.49,-0.03,12,1
P047,HRTF_A,8,1.194,15.72,0.01,12,1
P047,HRTF_A,8,1.208,16.93,0.09,12,1
P047,HRTF_A,8,1.222,18.24,0.25,12,1
P047,HRTF_A,8,1.236,19.63,0.39,12,1
P047,HRTF_A,8,1.250,21.07,0.46,12,1
P047,HRTF_A,8,1.264,22.52,0.49,12,1
P047,HRTF_A,8,1.277,23.97,0.58,12,1
P047,HRTF_A,8,1.291,25.44,0.65,12,1
P047,HRTF_A,8,1.305,26.97,0.77,12,1
P047,HRTF_A,8,1.319,28.61,0.85,12,1
P047,HRTF_A,8,1.333,30.40,1.01,12,1
P047,HRTF_A,8,1.347,32.13,1.15,12,1
P047,HRTF_A,8,1.361,33.90,1.20,12,1
P047,HRTF_A,8,1.375,35.73,1.16,12,1
P047,HRTF_A,8,1.389,37.64,1.09,12,1
P047,HRTF_A,8,1.402,39.69,0.91,12,1
P047,HRTF_A,8,1.416,41.78,0.66,12,1
P047,HRTF_A,8,1.430,43.91,0.37,12,1
P047,HRTF_A,8,1.444,46.07,0.09,12,1
P047,HRTF_A,8,1.458,48.18,-0.18,12,1
P047,HRTF_A,8,1.472,50.38,-0.43,12,1
P047,HRTF_A,8,1.486,52.57,-0.67,12,1
P047,HRTF_A,8,1.500,54.78,-0.86,12,1
P047,HRTF_A,8,1.514,56.92,-0.98,12,1
P047,HRTF_A,8,1.528,58.98,-1.07,12,1
P047,HRTF_A,8,1.541,60.92,-1.09,12,1
P047,HRTF_A,8,1.555,62.85,-1.07,12,1
P047,HRTF_A,8,1.569,64.68,-0.96,12,1
P047,HRTF_A,8,1.583,66.50,-0.91,12,1
P047,HRTF_A,8,1.597,68.18,-0.74,12,1
P047,HRTF_A,8,1.611,69.80,-0.56,12,1
P047,HRTF_A,8,1.625,71.24,-0.30,12,1
P047,HRTF_A,8,1.639,72.68,-0.05,12,1
P047,HRTF_A,8,1.652,73.94,0.17,12,1
P047,HRTF_A,8,1.666,75.24,0.37,12,1
P047,HRTF_A,8,1.680,76.48,0.61,12,1
P047,HRTF_A,8,1.694,77.66,0.79,12,1
P047,HRTF_A,8,1.708,78.85,0.89,12,1
P047,HRTF_A,8,1.722,80.07,0.97,12,1
P047,HRTF_A,8,1.736,81.27,0.99,12,1
P047,HRTF_A,8,1.750,82.45,1.02,12,1
P047,HRTF_A,8,1.763,83.58,1.09,12,1
P047,HRTF_A,8,1.777,84.59,1.19,12,1
P047,HRTF_A,8,1.791,85.52,1.26,12,1
P047,HRTF_A,8,1.805,86.55,1.26,12,1
P047,HRTF_A,8,1.819,87.57,1.26,12,1
P047,HRTF_A,8,1.833,88.64,1.19,12,1
P047,HRTF_A,8,1.847,89.69,1.20,12,1
P047,HRTF_A,8,1.861,90.68,1.19,12,1
P047,HRTF_A,8,1.875,91.68,1.19,12,1
P047,HRTF_A,8,1.888,92.75,1.14,12,1
P047,HRTF_A,8,1.902,93.93,1.04,12,1
P047,HRTF_A,8,1.916,95.10,0.95,12,1
P047,HRTF_A,8,1.930,96.36,0.85,12,1
P047,HRTF_A,8,1.944,97.60,0.80,12,1
P047,HRTF_A,8,1.958,98.89,0.71,12,1
P047,HRTF_A,8,1.972,100.23,0.50,12,1
P047,HRTF_A,8,1.986,101.67,0.20,12,1
P047,HRTF_A,8,2.000,103.13,-0.13,12,1
P047,HRTF_A,8,2.014,104.52,-0.49,12,1
P047,HRTF_A,8,2.028,105.84,-0.72,12,1
P047,HRTF_A,8,2.041,107.10,-1.00,12,1
P047,HRTF_A,8,2.055,108.38,-1.24,12,1
P047,HRTF_A,8,2.069,109.71,-1.51,12,1
P047,HRTF_A,8,2.083,111.01,-1.73,12,1
P047,HRTF_A,8,2.097,112.28,-1.94,12,1
P047,HRTF_A,8,2.111,113.44,-2.12,12,1
P047,HRTF_A,8,2.125,114.56,-2.20,12,1
P047,HRTF_A,8,2.138,115.62,-2.31,12,1
P047,HRTF_A,8,2.153,116.62,-2.34,12,1
P047,HRTF_A,8,2.166,117.65,-2.47,12,1
P047,HRTF_A,8,2.180,118.64,-2.59,12,1
P047,HRTF_A,8,2.194,119.62,-2.75,12,1
P047,HRTF_A,8,2.208,120.53,-2.83,12,1
P047,HRTF_A,8,2.222,121.44,-2.94,12,1
P047,HRTF_A,8,2.236,122.46,-3.12,12,1
P047,HRTF_A,8,2.250,123.44,-3.32,12,1
P047,HRTF_A,8,2.264,124.41,-3.56,12,1
P047,HRTF_A,8,2.277,125.33,-3.79,12,1
P047,HRTF_A,8,2.291,126.19,-4.01,12,1
P047,HRTF_A,8,2.305,127.01,-4.22,12,1
P047,HRTF_A,8,2.319,127.72,-4.43,12,1
P047,HRTF_A,8,2.333,128.40,-4.64,12,1
P047,HRTF_A,8,2.347,129.11,-4.91,12,1
P047,HRTF_A,8,2.361,129.80,-5.15,12,1
P047,HRTF_A,8,2.375,130.57,-5.43,12,1
P047,HRTF_A,8,2.388,131.33,-5.66,12,1
P047,HRTF_A,8,2.402,132.11,-5.83,12,1
P047,HRTF_A,8,2.416,132.92,-5.93,12,1
P047,HRTF_A,8,2.430,133.70,-5.91,12,1
P047,HRTF_A,8,2.444,134.51,-5.80,12,1
P047,HRTF_A,8,2.458,135.26,-5.47,12,1
P047,HRTF_A,8,2.472,135.91,-4.91,12,1
P047,HRTF_A,8,2.486,136.49,-4.32,12,1
P047,HRTF_A,8,2.500,136.91,-3.53,12,1
P047,HRTF_A,8,2.513,137.21,-2.78,12,1
P047,HRTF_A,8,2.527,137.42,-2.03,12,1
P047,HRTF_A,8,2.541,137.42,-1.30,12,1
P047,HRTF_A,8,2.555,137.32,-0.54,12,1
P047,HRTF_A,8,2.569,137.16,0.22,12,1
P047,HRTF_A,8,2.583,136.93,1.05,12,1
P047,HRTF_A,8,2.597,136.63,1.98,12,1
P047,HRTF_A,8,2.611,136.24,3.00,12,1
P047,HRTF_A,8,2.624,135.89,3.93,12,1
P047,HRTF_A,8,2.638,135.57,4.49,12,1
P047,HRTF_A,8,2.652,135.46,4.80,12,1
P047,HRTF_A,8,2.666,135.59,4.90,12,1
P047,HRTF_A,8,2.680,135.85,4.98,12,1
P047,HRTF_A,8,2.694,135.99,5.24,12,1
P047,HRTF_A,8,2.708,136.06,5.56,12,1
P047,HRTF_A,8,2.722,135.98,5.98,12,1
P047,HRTF_A,8,2.736,135.80,6.48,12,1
P047,HRTF_A,8,2.750,135.60,6.79,12,1
P047,HRTF_A,8,2.763,135.45,6.98,12,1
P047,HRTF_A,8,2.777,135.32,7.19,12,1
P047,HRTF_A,8,2.791,135.21,7.47,12,1
P047,HRTF_A,8,2.805,135.16,7.72,12,1
P047,HRTF_A,8,2.819,135.15,7.79,12,1
P047,HRTF_A,8,2.833,135.17,7.82,12,1
P047,HRTF_A,8,2.847,135.15,7.87,12,1
P047,HRTF_A,8,2.861,135.10,7.97,12,1
P047,HRTF_A,9,0.014,-1.22,1.54,31,1
P047,HRTF_A,9,0.028,-1.22,1.52,31,1
P047,HRTF_A,9,0.041,-1.22,1.51,31,1
P047,HRTF_A,9,0.056,-1.22,1.49,31,1
P047,HRTF_A,9,0.070,-1.21,1.47,31,1
P047,HRTF_A,9,0.083,-1.19,1.44,31,1
P047,HRTF_A,9,0.097,-1.17,1.41,31,1
P047,HRTF_A,9,0.111,-1.16,1.39,31,1
P047,HRTF_A,9,0.125,-1.14,1.37,31,1
P047,HRTF_A,9,0.139,-1.13,1.37,31,1
P047,HRTF_A,9,0.153,-1.11,1.36,31,1
P047,HRTF_A,9,0.167,-1.09,1.34,31,1
P047,HRTF_A,9,0.180,-1.09,1.34,31,1
P047,HRTF_A,9,0.194,-1.08,1.31,31,1
P047,HRTF_A,9,0.208,-1.10,1.29,31,1
P047,HRTF_A,9,0.222,-1.10,1.28,31,1
P047,HRTF_A,9,0.236,-1.11,1.26,31,1
P047,HRTF_A,9,0.250,-1.12,1.23,31,1
P047,HRTF_A,9,0.264,-1.12,1.21,31,1
P047,HRTF_A,9,0.277,-1.13,1.19,31,1
P047,HRTF_A,9,0.291,-1.12,1.17,31,1
P047,HRTF_A,9,0.305,-1.12,1.16,31,1
P047,HRTF_A,9,0.319,-1.12,1.15,31,1
P047,HRTF_A,9,0.333,-1.11,1.14,31,1
P047,HRTF_A,9,0.347,-1.09,1.14,31,1
P047,HRTF_A,9,0.361,-1.07,1.13,31,1
P047,HRTF_A,9,0.375,-1.05,1.15,31,1
P047,HRTF_A,9,0.389,-1.03,1.15,31,1
P047,HRTF_A,9,0.403,-1.00,1.13,31,1
P047,HRTF_A,9,0.416,-1.00,1.10,31,1
P047,HRTF_A,9,0.430,-0.97,1.09,31,1
P047,HRTF_A,9,0.444,-0.93,1.09,31,1
P047,HRTF_A,9,0.458,-0.88,1.10,31,1
P047,HRTF_A,9,0.472,-0.83,1.09,31,1
P047,HRTF_A,9,0.486,-0.79,1.08,31,1
P047,HRTF_A,9,0.500,-0.75,1.07,31,1
P047,HRTF_A,9,0.514,-0.71,1.07,31,1
P047,HRTF_A,9,0.528,-0.67,1.07,31,1
P047,HRTF_A,9,0.541,-0.62,1.06,31,1
P047,HRTF_A,9,0.555,-0.57,1.06,31,1
P047,HRTF_A,9,0.569,-0.51,1.04,31,1
P047,HRTF_A,9,0.583,-0.47,1.03,31,1
P047,HRTF_A,9,0.597,-0.43,1.04,31,1
P047,HRTF_A,9,0.611,-0.37,1.03,31,1
P047,HRTF_A,9,0.625,-0.32,1.02,31,1
P047,HRTF_A,9,0.639,-0.26,1.03,31,1
P047,HRTF_A,9,0.653,-0.21,1.05,31,1
P047,HRTF_A,9,0.666,-0.18,1.06,31,1
P047,HRTF_A,9,0.680,-0.14,1.07,31,1
P047,HRTF_A,9,0.694,-0.12,1.08,31,1
P047,HRTF_A,9,0.708,-0.10,1.06,31,1
P047,HRTF_A,9,0.722,-0.10,1.07,31,1
P047,HRTF_A,9,0.736,-0.09,1.06,31,1
P047,HRTF_A,9,0.750,-0.09,1.04,31,1
P047,HRTF_A,9,0.764,-0.10,1.04,31,1
P047,HRTF_A,9,0.778,-0.11,1.05,31,1
P047,HRTF_A,9,0.791,-0.13,1.04,31,1
P047,HRTF_A,9,0.805,-0.16,1.04,31,1
P047,HRTF_A,9,0.819,-0.20,1.02,31,1
P047,HRTF_A,9,0.833,-0.23,1.01,31,1
P047,HRTF_A,9,0.847,-0.30,1.00,31,1
P047,HRTF_A,9,0.861,-0.35,0.98,31,1
P047,HRTF_A,9,0.875,-0.41,0.99,31,1
P047,HRTF_A,9,0.889,-0.47,1.00,31,1
P047,HRTF_A,9,0.903,-0.52,1.00,31,1
P047,HRTF_A,9,0.916,-0.58,1.03,31,1
P047,HRTF_A,9,0.930,-0.64,1.03,31,1
P047,HRTF_A,9,0.944,-0.72,1.05,31,1
P047,HRTF_A,9,0.958,-0.85,1.05,31,1
P047,HRTF_A,9,0.972,-1.04,1.04,31,1
P047,HRTF_A,9,0.986,-1.26,1.02,31,1
P047,HRTF_A,9,1.000,-1.58,0.97,31,1
P047,HRTF_A,9,1.014,-1.94,0.95,31,1
P047,HRTF_A,9,1.027,-2.35,0.94,31,1
P047,HRTF_A,9,1.042,-2.82,0.90,31,1
P047,HRTF_A,9,1.055,-3.30,0.88,31,1
P047,HRTF_A,9,1.069,-3.84,0.89,31,1
P047,HRTF_A,9,1.083,-4.41,0.88,31,1
P047,HRTF_A,9,1.097,-4.97,0.93,31,1
P047,HRTF_A,9,1.111,-5.51,0.97,31,1
P047,HRTF_A,9,1.125,-6.10,1.06,31,1
P047,HRTF_A,9,1.138,-6.74,1.18,31,1
P047,HRTF_A,9,1.153,-7.39,1.21,31,1
P047,HRTF_A,9,1.166,-8.13,1.15,31,1
P047,HRTF_A,9,1.180,-8.95,1.06,31,1
P047,HRTF_A,9,1.194,-9.82,0.95,31,1
P047,HRTF_A,9,1.208,-10.75,0.91,31,1
P047,HRTF_A,9,1.222,-11.78,0.84,31,1
P047,HRTF_A,9,1.236,-12.80,0.75,31,1
P047,HRTF_A,9,1.250,-13.92,0.59,31,1
P047,HRTF_A,9,1.264,-15.12,0.47,31,1
P047,HRTF_A,9,1.278,-16.34,0.33,31,1
P047,HRTF_A,9,1.291,-17.68,0.23,31,1
P047,HRTF_A,9,1.305,-19.10,0.22,31,1
P047,HRTF_A,9,1.319,-20.66,0.10,31,1
P047,HRTF_A,9,1.333,-22.34,0.03,31,1
P047,HRTF_A,9,1.347,-24.03,-0.03,31,1
P047,HRTF_A,9,1.361,-25.68,-0.09,31,1
P047,HRTF_A,9,1.375,-27.36,-0.11,31,1
P047,HRTF_A,9,1.388,-29.06,-0.16,31,1
P047,HRTF_A,9,1.403,-30.72,-0.15,31,1
P047,HRTF_A,9,1.416,-32.38,-0.14,31,1
P047,HRTF_A,9,1.431,-34.03,-0.15,31,1
P047,HRTF_A,9,1.444,-35.70,-0.15,31,1
P047,HRTF_A,9,1.458,-37.45,-0.23,31,1
P047,HRTF_A,9,1.472,-39.20,-0.32,31,1
P047,HRTF_A,9,1.486,-40.97,-0.41,31,1
P047,HRTF_A,9,1.500,-42.70,-0.47,31,1
P047,HRTF_A,9,1.514,-44.42,-0.47,31,1
P047,HRTF_A,9,1.528,-46.16,-0.51,31,1
P047,HRTF_A,9,1.541,-47.92,-0.61,31,1
P047,HRTF_A,9,1.555,-49.72,-0.72,31,1
P047,HRTF_A,9,1.569,-51.51,-0.80,31,1
P047,HRTF_A,9,1.583,-53.29,-0.91,31,1
P047,HRTF_A,9,1.597,-55.04,-0.98,31,1
P047,HRTF_A,9,1.611,-56.83,-1.05,31,1
P047,HRTF_A,9,1.625,-58.62,-1.09,31,1
P047,HRTF_A,9,1.638,-60.41,-1.16,31,1
P047,HRTF_A,9,1.652,-62.18,-1.24,31,1
P047,HRTF_A,9,1.666,-63.91,-1.32,31,1
P047,HRTF_A,9,1.680,-65.62,-1.37,31,1
P047,HRTF_A,9,1.694,-67.25,-1.43,31,1
P047,HRTF_A,9,1.708,-68.86,-1.48,31,1
P047,HRTF_A,9,1.722,-70.38,-1.53,31,1
P047,HRTF_A,9,1.736,-71.83,-1.55,31,1
P047,HRTF_A,9,1.750,-73.21,-1.54,31,1
P047,HRTF_A,9,1.764,-74.52,-1.50,31,1
P047,HRTF_A,9,1.777,-75.77,-1.43,31,1
P047,HRTF_A,9,1.791,-76.99,-1.36,31,1
P047,HRTF_A,9,1.805,-78.25,-1.31,31,1
P047,HRTF_A,9,1.819,-79.48,-1.25,31,1
P047,HRTF_A,9,1.833,-80.66,-1.22,31,1
P047,HRTF_A,9,1.847,-81.80,-1.12,31,1
P047,HRTF_A,9,1.861,-82.93,-1.06,31,1
P047,HRTF_A,9,1.875,-84.08,-0.98,31,1
P047,HRTF_A,9,1.888,-85.21,-0.89,31,1
P047,HRTF_A,9,1.902,-86.28,-0.82,31,1
P047,HRTF_A,9,1.916,-87.33,-0.74,31,1
P047,HRTF_A,9,1.930,-88.33,-0.65,31,1
P047,HRTF_A,9,1.944,-89.28,-0.57,31,1
P047,HRTF_A,9,1.958,-90.19,-0.42,31,1
P047,HRTF_A,9,1.972,-91.05,-0.24,31,1
P047,HRTF_A,9,1.986,-91.88,-0.02,31,1
P047,HRTF_A,9,2.000,-92.64,0.08,31,1
P047,HRTF_A,9,2.014,-93.41,0.14,31,1
P047,HRTF_A,9,2.027,-94.17,0.19,31,1
P047,HRTF_A,9,2.041,-94.91,0.29,31,1
P047,HRTF_A,9,2.055,-95.63,0.54,31,1
P047,HRTF_A,9,2.069,-96.31,0.90,31,1
P047,HRTF_A,9,2.083,-96.97,1.37,31,1
P047,HRTF_A,9,2.097,-97.61,1.97,31,1
P047,HRTF_A,9,2.111,-98.16,2.66,31,1
P047,HRTF_A,9,2.125,-98.71,3.47,31,1
P047,HRTF_A,9,2.138,-99.25,4.27,31,1
P047,HRTF_A,9,2.152,-99.80,4.86,31,1
P047,HRTF_A,9,2.166,-100.36,5.54,31,1
P047,HRTF_A,9,2.180,-100.90,6.21,31,1
P047,HRTF_A,9,2.194,-101.38,6.77,31,1
P047,HRTF_A,9,2.208,-101.91,7.28,31,1
P047,HRTF_A,9,2.222,-102.39,7.66,31,1
P047,HRTF_A,9,2.236,-102.94,7.79,31,1
P047,HRTF_A,9,2.250,-103.49,7.77,31,1
P047,HRTF_A,9,2.264,-104.09,7.42,31,1
P047,HRTF_A,9,2.277,-104.76,7.08,31,1
P047,HRTF_A,9,2.291,-105.38,6.82,31,1
P047,HRTF_A,9,2.305,-105.97,6.64,31,1
P047,HRTF_A,9,2.319,-106.55,6.52,31,1
P047,HRTF_A,9,2.333,-107.15,6.49,31,1
P047,HRTF_A,9,2.347,-107.69,6.52,31,1
P047,HRTF_A,9,2.361,-108.26,6.53,31,1
P047,HRTF_A,9,2.375,-108.77,6.59,31,1
P047,HRTF_A,9,2.388,-109.21,6.66,31,1
P047,HRTF_A,9,2.402,-109.68,6.66,31,1
P047,HRTF_A,9,2.416,-110.01,6.46,31,1
P047,HRTF_A,9,2.430,-110.37,6.18,31,1
P047,HRTF_A,9,2.444,-110.71,5.79,31,1
P047,HRTF_A,9,2.458,-111.10,5.19,31,1
P047,HRTF_A,9,2.472,-111.39,4.24,31,1
P047,HRTF_A,9,2.485,-111.67,3.30,31,1
P047,HRTF_A,9,2.500,-111.89,2.34,31,1
P047,HRTF_A,9,2.513,-112.12,1.50,31,1
P047,HRTF_A,9,2.527,-112.32,0.39,31,1
P047,HRTF_A,9,2.541,-112.48,-1.23,31,1
P047,HRTF_A,9,2.555,-112.63,-3.26,31,1
P047,HRTF_A,9,2.569,-112.75,-5.22,31,1
P047,HRTF_A,9,2.583,-112.93,-6.78,31,1
P047,HRTF_A,9,2.597,-113.07,-8.20,31,1
P047,HRTF_A,9,2.611,-113.18,-9.68,31,1
P047,HRTF_A,9,2.625,-113.30,-11.28,31,1
P047,HRTF_A,9,2.638,-113.34,-12.94,31,1
P047,HRTF_A,9,2.652,-113.36,-14.36,31,1
P047,HRTF_A,9,2.666,-113.38,-15.52,31,1
P047,HRTF_A,9,2.680,-113.46,-16.72,31,1
P047,HRTF_A,9,2.694,-113.53,-18.00,31,1
P047,HRTF_A,9,2.708,-113.60,-19.48,31,1
P047,HRTF_A,9,2.722,-113.64,-20.82,31,1
P047,HRTF_A,9,2.736,-113.63,-21.99,31,1
P047,HRTF_A,9,2.750,-113.57,-23.30,31,1
P047,HRTF_A,9,2.763,-113.52,-24.84,31,1
P047,HRTF_A,9,2.777,-113.51,-26.53,31,1
P047,HRTF_A,9,2.791,-113.52,-28.13,31,1
P047,HRTF_A,9,2.805,-113.46,-29.34,31,1
P047,HRTF_A,9,2.819,-113.39,-30.29,31,1
P047,HRTF_A,9,2.833,-113.34,-30.96,31,1
P047,HRTF_A,9,2.847,-113.21,-31.50,31,1
P047,HRTF_A,9,2.861,-113.03,-32.13,31,1
P047,HRTF_A,9,2.875,-112.88,-32.63,31,1
P047,HRTF_A,9,2.888,-112.72,-33.10,31,1
P047,HRTF_A,9,2.902,-112.56,-33.95,31,1
P047,HRTF_A,9,2.916,-112.44,-35.08,31,1
P047,HRTF_A,9,2.930,-112.32,-36.30,31,1
P047,HRTF_A,9,2.944,-112.21,-37.24,31,1
P047,HRTF_A,9,2.958,-112.14,-37.88,31,1
P047,HRTF_A,9,2.972,-112.04,-38.12,31,1
P047,HRTF_A,9,2.986,-111.96,-37.97,31,1
P047,HRTF_A,9,2.999,-111.79,-37.73,31,1
P047,HRTF_A,9,3.013,-111.65,-37.36,31,1
P047,HRTF_A,9,3.027,-111.52,-37.23,31,1
P047,HRTF_A,9,3.041,-111.41,-37.20,31,1
P047,HRTF_A,9,3.055,-111.34,-37.30,31,1
P047,HRTF_A,9,3.069,-111.31,-37.46,31,1
P047,HRTF_A,9,3.083,-111.34,-37.60,31,1
P047,HRTF_A,9,3.097,-111.42,-37.64,31,1
P047,HRTF_A,9,3.111,-111.53,-37.55,31,1
P047,HRTF_A,9,3.125,-111.65,-37.39,31,1
P047,HRTF_A,9,3.138,-111.80,-37.22,31,1
P047,HRTF_A,9,3.152,-111.95,-37.00,31,1
P047,HRTF_A,9,3.166,-112.18,-36.71,31,1
P047,HRTF_A,9,3.180,-112.47,-36.33,31,1
P047,HRTF_A,9,3.194,-112.82,-35.88,31,1
P047,HRTF_A,9,3.208,-113.26,-35.37,31,1
P047,HRTF_A,9,3.222,-113.83,-34.74,31,1
P047,HRTF_A,9,3.236,-114.66,-34.04,31,1
P047,HRTF_A,9,3.250,-115.82,-33.14,31,1
P047,HRTF_A,9,3.263,-117.03,-32.08,31,1
P047,HRTF_A,9,3.277,-118.30,-30.98,31,1
P047,HRTF_A,9,3.291,-119.59,-29.83,31,1
P047,HRTF_A,9,3.305,-120.97,-28.65,31,1
P047,HRTF_A,9,3.319,-122.27,-27.50,31,1
P047,HRTF_A,9,3.333,-123.66,-26.25,31,1
P047,HRTF_A,9,3.347,-124.89,-25.16,31,1
P047,HRTF_A,9,3.360,-125.95,-24.31,31,1
P047,HRTF_A,9,3.374,-126.87,-23.68,31,1
P047,HRTF_A,9,3.388,-127.55,-23.31,31,1
P047,HRTF_A,9,3.402,-127.90,-23.57,31,1
P047,HRTF_A,9,3.416,-127.96,-23.74,31,1
P047,HRTF_A,9,3.430,-127.78,-23.91,31,1
P047,HRTF_A,9,3.444,-127.33,-24.08,31,1
P047,HRTF_A,9,3.458,-126.61,-24.37,31,1
P047,HRTF_A,9,3.472,-125.56,-24.80,31,1
P047,HRTF_A,9,3.486,-124.35,-25.25,31,1
P047,HRTF_A,9,3.499,-122.82,-25.81,31,1
P047,HRTF_A,9,3.513,-120.72,-26.65,31,1
P047,HRTF_A,9,3.527,-118.08,-27.80,31,1
P047,HRTF_A,9,3.541,-115.01,-29.08,31,1
P047,HRTF_A,9,3.555,-111.79,-30.27,31,1
P047,HRTF_A,9,3.569,-108.56,-31.27,31,1
P047,HRTF_A,9,3.583,-105.40,-32.21,31,1
P047,HRTF_A,9,3.597,-102.33,-33.06,31,1
P047,HRTF_A,9,3.611,-99.18,-33.82,31,1
P047,HRTF_A,9,3.624,-96.19,-34.51,31,1
P047,HRTF_A,9,3.638,-93.31,-35.11,31,1
P047,HRTF_A,9,3.652,-90.76,-35.57,31,1
P047,HRTF_A,9,3.666,-88.27,-35.95,31,1
P047,HRTF_A,9,3.680,-85.88,-36.24,31,1
P047,HRTF_A,9,3.694,-83.66,-36.56,31,1
P047,HRTF_A,9,3.708,-81.57,-36.80,31,1
P047,HRTF_A,9,3.722,-79.64,-36.98,31,1
P047,HRTF_A,9,3.736,-78.10,-36.99,31,1
P047,HRTF_A,9,3.749,-76.72,-37.13,31,1
P047,HRTF_A,9,3.763,-75.58,-37.06,31,1
P047,HRTF_A,9,3.777,-74.54,-37.17,31,1
P047,HRTF_A,9,3.791,-73.54,-37.37,31,1
P047,HRTF_A,9,3.805,-72.59,-37.65,31,1
P047,HRTF_A,9,3.819,-71.81,-37.93,31,1
P047,HRTF_A,9,3.833,-71.14,-38.16,31,1
P047,HRTF_A,9,3.847,-70.60,-38.23,31,1
P047,HRTF_A,9,3.861,-70.12,-38.17,31,1
P047,HRTF_A,9,3.874,-69.67,-38.09,31,1
P047,HRTF_A,9,3.888,-69.23,-37.97,31,1
P047,HRTF_A,9,3.902,-68.87,-37.94,31,1
P047,HRTF_A,9,3.916,-68.57,-37.97,31,1
P047,HRTF_A,9,3.930,-68.31,-38.06,31,1
P047,HRTF_A,9,3.944,-68.09,-38.09,31,1
P047,HRTF_A,9,3.958,-67.84,-38.11,31,1
P047,HRTF_A,9,3.972,-67.59,-38.06,31,1
P047,HRTF_A,9,3.986,-67.39,-37.95,31,1
P047,HRTF_A,9,3.999,-67.17,-37.86,31,1
P047,HRTF_A,9,4.013,-67.00,-37.81,31,1
P047,HRTF_A,9,4.027,-66.82,-37.79,31,1
P047,HRTF_A,9,4.041,-66.63,-37.77,31,1
P047,HRTF_A,10,0.014,2.65,-1.21,21,1
P047,HRTF_A,10,0.028,2.66,-1.22,21,1
P047,HRTF_A,10,0.042,2.65,-1.23,21,1
P047,HRTF_A,10,0.056,2.64,-1.23,21,1
P047,HRTF_A,10,0.070,2.63,-1.23,21,1
P047,HRTF_A,10,0.084,2.60,-1.20,21,1
P047,HRTF_A,10,0.097,2.57,-1.17,21,1
P047,HRTF_A,10,0.111,2.54,-1.16,21,1
P047,HRTF_A,10,0.125,2.52,-1.19,21,1
P047,HRTF_A,10,0.139,2.49,-1.19,21,1
P047,HRTF_A,10,0.153,2.47,-1.19,21,1
P047,HRTF_A,10,0.167,2.45,-1.22,21,1
P047,HRTF_A,10,0.181,2.42,-1.24,21,1
P047,HRTF_A,10,0.194,2.39,-1.26,21,1
P047,HRTF_A,10,0.208,2.36,-1.26,21,1
P047,HRTF_A,10,0.222,2.33,-1.28,21,1
P047,HRTF_A,10,0.236,2.32,-1.28,21,1
P047,HRTF_A,10,0.250,2.28,-1.29,21,1
P047,HRTF_A,10,0.264,2.24,-1.30,21,1
P047,HRTF_A,10,0.278,2.21,-1.30,21,1
P047,HRTF_A,10,0.292,2.16,-1.32,21,1
P047,HRTF_A,10,0.306,2.12,-1.30,21,1
P047,HRTF_A,10,0.319,2.07,-1.30,21,1
P047,HRTF_A,10,0.334,2.02,-1.31,21,1
P047,HRTF_A,10,0.347,1.97,-1.33,21,1
P047,HRTF_A,10,0.361,1.94,-1.37,21,1
P047,HRTF_A,10,0.375,1.90,-1.37,21,1
P047,HRTF_A,10,0.389,1.86,-1.38,21,1
P047,HRTF_A,10,0.403,1.83,-1.38,21,1
P047,HRTF_A,10,0.417,1.78,-1.36,21,1
P047,HRTF_A,10,0.431,1.75,-1.36,21,1
P047,HRTF_A,10,0.445,1.71,-1.36,21,1
P047,HRTF_A,10,0.458,1.69,-1.37,21,1
P047,HRTF_A,10,0.472,1.67,-1.39,21,1
P047,HRTF_A,10,0.486,1.66,-1.41,21,1
P047,HRTF_A,10,0.500,1.63,-1.42,21,1
P047,HRTF_A,10,0.514,1.62,-1.43,21,1
P047,HRTF_A,10,0.528,1.59,-1.45,21,1
P047,HRTF_A,10,0.542,1.56,-1.44,21,1
P047,HRTF_A,10,0.556,1.54,-1.45,21,1
P047,HRTF_A,10,0.569,1.50,-1.46,21,1
P047,HRTF_A,10,0.583,1.49,-1.45,21,1
P047,HRTF_A,10,0.597,1.46,-1.45,21,1
P047,HRTF_A,10,0.611,1.44,-1.43,21,1
P047,HRTF_A,10,0.625,1.43,-1.42,21,1
P047,HRTF_A,10,0.639,1.41,-1.40,21,1
P047,HRTF_A,10,0.653,1.39,-1.40,21,1
P047,HRTF_A,10,0.667,1.38,-1.41,21,1
P047,HRTF_A,10,0.680,1.36,-1.41,21,1
P047,HRTF_A,10,0.694,1.36,-1.40,21,1
P047,HRTF_A,10,0.708,1.34,-1.39,21,1
P047,HRTF_A,10,0.722,1.33,-1.36,21,1
P047,HRTF_A,10,0.736,1.31,-1.33,21,1
P047,HRTF_A,10,0.750,1.31,-1.30,21,1
P047,HRTF_A,10,0.764,1.28,-1.30,21,1
P047,HRTF_A,10,0.778,1.27,-1.29,21,1
P047,HRTF_A,10,0.792,1.25,-1.28,21,1
P047,HRTF_A,10,0.806,1.25,-1.29,21,1
P047,HRTF_A,10,0.819,1.26,-1.26,21,1
P047,HRTF_A,10,0.833,1.27,-1.24,21,1
P047,HRTF_A,10,0.847,1.27,-1.23,21,1
P047,HRTF_A,10,0.861,1.28,-1.22,21,1
P047,HRTF_A,10,0.875,1.28,-1.20,21,1
P047,HRTF_A,10,0.889,1.28,-1.20,21,1
P047,HRTF_A,10,0.903,1.28,-1.21,21,1
P047,HRTF_A,10,0.917,1.27,-1.23,21,1
P047,HRTF_A,10,0.931,1.28,-1.25,21,1
P047,HRTF_A,10,0.944,1.28,-1.26,21,1
P047,HRTF_A,10,0.958,1.27,-1.26,21,1
P047,HRTF_A,10,0.972,1.25,-1.25,21,1
P047,HRTF_A,10,0.986,1.23,-1.21,21,1
P047,HRTF_A,10,1.000,1.19,-1.17,21,1
P047,HRTF_A,10,1.014,1.13,-1.16,21,1
P047,HRTF_A,10,1.028,1.03,-1.13,21,1
P047,HRTF_A,10,1.042,0.93,-1.13,21,1
P047,HRTF_A,10,1.056,0.79,-1.11,21,1
P047,HRTF_A,10,1.069,0.63,-1.12,21,1
P047,HRTF_A,10,1.084,0.38,-1.11,21,1
P047,HRTF_A,10,1.097,0.14,-1.11,21,1
P047,HRTF_A,10,1.111,-0.17,-1.13,21,1
P047,HRTF_A,10,1.125,-0.53,-1.14,21,1
P047,HRTF_A,10,1.139,-0.94,-1.14,21,1
P047,HRTF_A,10,1.153,-1.42,-1.15,21,1
P047,HRTF_A,10,1.166,-1.96,-1.19,21,1
P047,HRTF_A,10,1.180,-2.60,-1.19,21,1
P047,HRTF_A,10,1.194,-3.34,-1.19,21,1
P047,HRTF_A,10,1.208,-4.10,-1.23,21,1
P047,HRTF_A,10,1.222,-4.99,-1.20,21,1
P047,HRTF_A,10,1.236,-5.88,-1.21,21,1
P047,HRTF_A,10,1.250,-6.88,-1.15,21,1
P047,HRTF_A,10,1.264,-7.90,-1.08,21,1
P047,HRTF_A,10,1.277,-9.06,-1.08,21,1
P047,HRTF_A,10,1.292,-10.32,-0.99,21,1
P047,HRTF_A,10,1.306,-11.67,-0.93,21,1
P047,HRTF_A,10,1.319,-13.00,-0.95,21,1
P047,HRTF_A,10,1.333,-14.44,-1.06,21,1
P047,HRTF_A,10,1.347,-16.04,-1.14,21,1
P047,HRTF_A,10,1.361,-17.79,-1.20,21,1
P047,HRTF_A,10,1.375,-19.62,-1.34,21,1
P047,HRTF_A,10,1.389,-21.67,-1.45,21,1
P047,HRTF_A,10,1.403,-23.70,-1.68,21,1
P047,HRTF_A,10,1.416,-25.85,-1.83,21,1
P047,HRTF_A,10,1.430,-28.01,-1.90,21,1
P047,HRTF_A,10,1.444,-30.29,-2.00,21,1
P047,HRTF_A,10,1.459,-32.53,-2.07,21,1
P047,HRTF_A,10,1.472,-34.78,-2.00,21,1
P047,HRTF_A,10,1.486,-36.92,-1.78,21,1
P047,HRTF_A,10,1.500,-39.24,-1.80,21,1
P047,HRTF_A,10,1.514,-41.44,-1.61,21,1
P047,HRTF_A,10,1.528,-43.63,-1.40,21,1
P047,HRTF_A,10,1.541,-45.71,-1.09,21,1
P047,HRTF_A,10,1.555,-47.76,-0.76,21,1
P047,HRTF_A,10,1.569,-49.77,-0.40,21,1
P047,HRTF_A,10,1.583,-51.81,-0.08,21,1
P047,HRTF_A,10,1.597,-53.79,0.22,21,1
P047,HRTF_A,10,1.611,-55.71,0.51,21,1
P047,HRTF_A,10,1.625,-57.58,0.88,21,1
P047,HRTF_A,10,1.639,-59.38,1.34,21,1
P047,HRTF_A,10,1.653,-61.15,1.65,21,1
P047,HRTF_A,10,1.667,-62.84,1.77,21,1
P047,HRTF_A,10,1.680,-64.51,1.74,21,1
P047,HRTF_A,10,1.695,-66.06,1.67,21,1
P047,HRTF_A,10,1.708,-67.58,1.66,21,1
P047,HRTF_A,10,1.722,-69.01,1.68,21,1
P047,HRTF_A,10,1.736,-70.44,1.76,21,1
P047,HRTF_A,10,1.750,-71.71,1.88,21,1
P047,HRTF_A,10,1.764,-72.91,2.14,21,1
P047,HRTF_A,10,1.777,-74.00,2.38,21,1
P047,HRTF_A,10,1.792,-75.09,2.64,21,1
P047,HRTF_A,10,1.805,-76.11,2.99,21,1
P047,HRTF_A,10,1.819,-77.13,3.44,21,1
P047,HRTF_A,10,1.833,-78.12,3.91,21,1
P047,HRTF_A,10,1.847,-79.07,4.20,21,1
P047,HRTF_A,10,1.861,-79.99,4.34,21,1
P047,HRTF_A,10,1.875,-80.94,4.45,21,1
P047,HRTF_A,10,1.889,-81.83,4.64,21,1
P047,HRTF_A,10,1.902,-82.78,4.89,21,1
P047,HRTF_A,10,1.917,-83.72,5.17,21,1
P047,HRTF_A,10,1.930,-84.65,5.43,21,1
P047,HRTF_A,10,1.944,-85.52,5.70,21,1
P047,HRTF_A,10,1.958,-86.38,5.98,21,1
P047,HRTF_A,10,1.972,-87.21,6.20,21,1
P047,HRTF_A,10,1.986,-88.08,6.51,21,1
P047,HRTF_A,10,2.000,-88.94,6.66,21,1
P047,HRTF_A,10,2.014,-89.81,6.64,21,1
P047,HRTF_A,10,2.028,-90.72,6.50,21,1
P047,HRTF_A,10,2.041,-91.62,6.35,21,1
P047,HRTF_A,10,2.055,-92.59,6.19,21,1
P047,HRTF_A,10,2.069,-93.56,6.08,21,1
P047,HRTF_A,10,2.083,-94.52,5.95,21,1
P047,HRTF_A,10,2.097,-95.58,5.77,21,1
P047,HRTF_A,10,2.111,-96.70,5.49,21,1
P047,HRTF_A,10,2.125,-97.90,5.15,21,1
P047,HRTF_A,10,2.139,-99.15,4.59,21,1
P047,HRTF_A,10,2.153,-100.43,3.86,21,1
P047,HRTF_A,10,2.166,-101.66,3.26,21,1
P047,HRTF_A,10,2.180,-102.88,2.74,21,1
P047,HRTF_A,10,2.194,-104.01,2.23,21,1
P047,HRTF_A,10,2.208,-105.10,1.66,21,1
P047,HRTF_A,10,2.222,-106.10,0.92,21,1
P047,HRTF_A,10,2.236,-107.05,0.14,21,1
P047,HRTF_A,10,2.250,-107.95,-0.54,21,1
P047,HRTF_A,10,2.264,-108.80,-1.06,21,1
P047,HRTF_A,10,2.277,-109.53,-1.47,21,1
P047,HRTF_A,10,2.291,-110.21,-1.87,21,1
P047,HRTF_A,10,2.305,-110.78,-2.31,21,1
P047,HRTF_A,10,2.319,-111.33,-2.76,21,1
P047,HRTF_A,10,2.333,-111.84,-3.19,21,1
P047,HRTF_A,10,2.347,-112.27,-3.50,21,1
P047,HRTF_A,10,2.360,-112.70,-3.63,21,1
P047,HRTF_A,10,2.374,-113.03,-3.71,21,1
P047,HRTF_A,10,2.388,-113.40,-3.73,21,1
P047,HRTF_A,10,2.402,-113.77,-3.72,21,1
P047,HRTF_A,10,2.416,-114.14,-3.67,21,1
P047,HRTF_A,10,2.430,-114.49,-3.59,21,1
P047,HRTF_A,10,2.444,-114.82,-3.52,21,1
P047,HRTF_A,10,2.458,-115.14,-3.49,21,1
P047,HRTF_A,10,2.472,-115.51,-3.38,21,1
P047,HRTF_A,10,2.486,-115.92,-3.26,21,1
P047,HRTF_A,10,2.499,-116.37,-3.14,21,1
P047,HRTF_A,10,2.513,-116.93,-2.93,21,1
P047,HRTF_A,10,2.527,-117.55,-2.75,21,1
P047,HRTF_A,10,2.541,-118.15,-2.58,21,1
P047,HRTF_A,10,2.555,-118.86,-2.53,21,1
P047,HRTF_A,10,2.569,-119.56,-2.57,21,1
P047,HRTF_A,10,2.583,-120.32,-2.59,21,1
P047,HRTF_A,10,2.597,-121.15,-2.62,21,1
P047,HRTF_A,10,2.611,-121.94,-2.56,21,1
P047,HRTF_A,10,2.624,-122.74,-2.46,21,1
P047,HRTF_A,10,2.638,-123.51,-2.34,21,1
P047,HRTF_A,10,2.652,-124.28,-2.21,21,1
P047,HRTF_A,10,2.666,-124.99,-2.18,21,1
P047,HRTF_A,10,2.680,-125.67,-2.11,21,1
P047,HRTF_A,10,2.694,-126.30,-2.02,21,1
P047,HRTF_A,10,2.708,-126.97,-1.94,21,1
P047,HRTF_A,10,2.722,-127.59,-1.79,21,1
P047,HRTF_A,10,2.735,-128.16,-1.64,21,1
P047,HRTF_A,10,2.749,-128.72,-1.53,21,1
P047,HRTF_A,10,2.763,-129.26,-1.44,21,1
P047,HRTF_A,10,2.777,-129.77,-1.38,21,1
P047,HRTF_A,11,0.014,-3.83,-1.67,23,1
P047,HRTF_A,11,0.028,-3.83,-1.62,23,1
P047,HRTF_A,11,0.042,-3.84,-1.56,23,1
P047,HRTF_A,11,0.056,-3.84,-1.48,23,1
P047,HRTF_A,11,0.069,-3.85,-1.31,23,1
P047,HRTF_A,11,0.083,-3.84,-1.19,23,1
P047,HRTF_A,11,0.097,-3.84,-1.14,23,1
P047,HRTF_A,11,0.111,-3.83,-1.15,23,1
P047,HRTF_A,11,0.125,-3.84,-1.16,23,1
P047,HRTF_A,11,0.139,-3.84,-1.14,23,1
P047,HRTF_A,11,0.153,-3.84,-1.10,23,1
P047,HRTF_A,11,0.167,-3.84,-1.01,23,1
P047,HRTF_A,11,0.181,-3.83,-0.94,23,1
P047,HRTF_A,11,0.195,-3.81,-0.93,23,1
P047,HRTF_A,11,0.208,-3.80,-0.94,23,1
P047,HRTF_A,11,0.222,-3.79,-0.98,23,1
P047,HRTF_A,11,0.236,-3.78,-0.99,23,1
P047,HRTF_A,11,0.250,-3.78,-0.98,23,1
P047,HRTF_A,11,0.264,-3.78,-0.97,23,1
P047,HRTF_A,11,0.278,-3.78,-0.96,23,1
P047,HRTF_A,11,0.292,-3.78,-1.01,23,1
P047,HRTF_A,11,0.305,-3.80,-1.13,23,1
P047,HRTF_A,11,0.319,-3.82,-1.29,23,1
P047,HRTF_A,11,0.333,-3.83,-1.42,23,1
P047,HRTF_A,11,0.347,-3.82,-1.53,23,1
P047,HRTF_A,11,0.361,-3.82,-1.59,23,1
P047,HRTF_A,11,0.375,-3.82,-1.61,23,1
P047,HRTF_A,11,0.389,-3.81,-1.60,23,1
P047,HRTF_A,11,0.403,-3.79,-1.58,23,1
P047,HRTF_A,11,0.417,-3.77,-1.57,23,1
P047,HRTF_A,11,0.430,-3.75,-1.57,23,1
P047,HRTF_A,11,0.445,-3.73,-1.54,23,1
P047,HRTF_A,11,0.458,-3.67,-1.49,23,1
P047,HRTF_A,11,0.472,-3.63,-1.41,23,1
P047,HRTF_A,11,0.486,-3.58,-1.34,23,1
P047,HRTF_A,11,0.500,-3.53,-1.27,23,1
P047,HRTF_A,11,0.514,-3.49,-1.23,23,1
P047,HRTF_A,11,0.528,-3.43,-1.20,23,1
P047,HRTF_A,11,0.541,-3.37,-1.20,23,1
P047,HRTF_A,11,0.555,-3.32,-1.18,23,1
P047,HRTF_A,11,0.569,-3.25,-1.19,23,1
P047,HRTF_A,11,0.583,-3.19,-1.20,23,1
P047,HRTF_A,11,0.597,-3.13,-1.21,23,1
P047,HRTF_A,11,0.611,-3.05,-1.21,23,1
P047,HRTF_A,11,0.625,-2.98,-1.21,23,1
P047,HRTF_A,11,0.639,-2.90,-1.22,23,1
P047,HRTF_A,11,0.653,-2.83,-1.22,23,1
P047,HRTF_A,11,0.667,-2.78,-1.23,23,1
P047,HRTF_A,11,0.681,-2.72,-1.23,23,1
P047,HRTF_A,11,0.695,-2.66,-1.23,23,1
P047,HRTF_A,11,0.708,-2.62,-1.23,23,1
P047,HRTF_A,11,0.722,-2.58,-1.26,23,1
P047,HRTF_A,11,0.736,-2.53,-1.27,23,1
P047,HRTF_A,11,0.750,-2.50,-1.29,23,1
P047,HRTF_A,11,0.764,-2.50,-1.32,23,1
P047,HRTF_A,11,0.778,-2.47,-1.34,23,1
P047,HRTF_A,11,0.792,-2.46,-1.35,23,1
P047,HRTF_A,11,0.805,-2.46,-1.36,23,1
P047,HRTF_A,11,0.819,-2.46,-1.36,23,1
P047,HRTF_A,11,0.833,-2.48,-1.37,23,1
P047,HRTF_A,11,0.847,-2.50,-1.38,23,1
P047,HRTF_A,11,0.861,-2.52,-1.39,23,1
P047,HRTF_A,11,0.875,-2.54,-1.39,23,1
P047,HRTF_A,11,0.888,-2.55,-1.41,23,1
P047,HRTF_A,11,0.902,-2.57,-1.40,23,1
P047,HRTF_A,11,0.916,-2.59,-1.41,23,1
P047,HRTF_A,11,0.930,-2.62,-1.41,23,1
P047,HRTF_A,11,0.944,-2.65,-1.42,23,1
P047,HRTF_A,11,0.958,-2.69,-1.42,23,1
P047,HRTF_A,11,0.972,-2.75,-1.44,23,1
P047,HRTF_A,11,0.986,-2.84,-1.44,23,1
P047,HRTF_A,11,1.000,-2.92,-1.44,23,1
P047,HRTF_A,11,1.014,-3.01,-1.42,23,1
P047,HRTF_A,11,1.028,-3.14,-1.36,23,1
P047,HRTF_A,11,1.042,-3.27,-1.29,23,1
P047,HRTF_A,11,1.055,-3.43,-1.24,23,1
P047,HRTF_A,11,1.069,-3.64,-1.21,23,1
P047,HRTF_A,11,1.083,-3.96,-1.25,23,1
P047,HRTF_A,11,1.097,-4.35,-1.33,23,1
P047,HRTF_A,11,1.111,-4.78,-1.40,23,1
P047,HRTF_A,11,1.125,-5.26,-1.47,23,1
P047,HRTF_A,11,1.139,-5.82,-1.54,23,1
P047,HRTF_A,11,1.153,-6.41,-1.62,23,1
P047,HRTF_A,11,1.167,-7.05,-1.69,23,1
P047,HRTF_A,11,1.180,-7.81,-1.77,23,1
P047,HRTF_A,11,1.194,-8.67,-1.87,23,1
P047,HRTF_A,11,1.208,-9.54,-1.95,23,1
P047,HRTF_A,11,1.222,-10.45,-2.10,23,1
P047,HRTF_A,11,1.236,-11.43,-2.32,23,1
P047,HRTF_A,11,1.250,-12.46,-2.67,23,1
P047,HRTF_A,11,1.264,-13.56,-2.97,23,1
P047,HRTF_A,11,1.277,-14.69,-3.26,23,1
P047,HRTF_A,11,1.291,-15.85,-3.50,23,1
P047,HRTF_A,11,1.305,-17.03,-3.76,23,1
P047,HRTF_A,11,1.319,-18.32,-4.05,23,1
P047,HRTF_A,11,1.333,-19.66,-4.44,23,1
P047,HRTF_A,11,1.347,-21.09,-4.92,23,1
P047,HRTF_A,11,1.361,-22.52,-5.38,23,1
P047,HRTF_A,11,1.374,-24.05,-5.85,23,1
P047,HRTF_A,11,1.388,-25.63,-6.38,23,1
P047,HRTF_A,11,1.402,-27.30,-7.20,23,1
P047,HRTF_A,11,1.416,-29.08,-8.44,23,1
P047,HRTF_A,11,1.430,-30.95,-9.64,23,1
P047,HRTF_A,11,1.444,-32.83,-10.65,23,1
P047,HRTF_A,11,1.458,-34.72,-11.51,23,1
P047,HRTF_A,11,1.472,-36.60,-12.26,23,1
P047,HRTF_A,11,1.486,-38.57,-12.89,23,1
P047,HRTF_A,11,1.500,-40.55,-13.67,23,1
P047,HRTF_A,11,1.513,-42.58,-14.57,23,1
P047,HRTF_A,11,1.527,-44.64,-15.68,23,1
P047,HRTF_A,11,1.541,-46.68,-16.82,23,1
P047,HRTF_A,11,1.555,-48.75,-17.79,23,1
P047,HRTF_A,11,1.569,-50.80,-18.66,23,1
P047,HRTF_A,11,1.583,-52.77,-19.36,23,1
P047,HRTF_A,11,1.597,-54.68,-20.32,23,1
P047,HRTF_A,11,1.611,-56.50,-21.56,23,1
P047,HRTF_A,11,1.625,-58.29,-23.00,23,1
P047,HRTF_A,11,1.639,-59.94,-24.27,23,1
P047,HRTF_A,11,1.652,-61.57,-25.37,23,1
P047,HRTF_A,11,1.666,-63.10,-26.24,23,1
P047,HRTF_A,11,1.680,-64.59,-26.91,23,1
P047,HRTF_A,11,1.694,-65.87,-27.73,23,1
P047,HRTF_A,11,1.708,-67.17,-28.84,23,1
P047,HRTF_A,11,1.722,-68.38,-30.10,23,1
P047,HRTF_A,11,1.736,-69.57,-31.20,23,1
P047,HRTF_A,11,1.750,-70.74,-32.13,23,1
P047,HRTF_A,11,1.764,-71.72,-32.81,23,1
P047,HRTF_A,11,1.778,-72.62,-33.40,23,1
P047,HRTF_A,11,1.791,-73.48,-33.87,23,1
P047,HRTF_A,11,1.805,-74.27,-34.37,23,1
P047,HRTF_A,11,1.820,-74.96,-35.00,23,1
P047,HRTF_A,11,1.833,-75.70,-35.82,23,1
P047,HRTF_A,11,1.847,-76.47,-36.77,23,1
P047,HRTF_A,11,1.861,-77.31,-37.65,23,1
P047,HRTF_A,11,1.875,-78.20,-38.40,23,1
P047,HRTF_A,11,1.889,-79.10,-39.03,23,1
P047,HRTF_A,11,1.902,-80.06,-39.38,23,1
P047,HRTF_A,11,1.916,-81.07,-39.73,23,1
P047,HRTF_A,11,1.930,-82.14,-40.02,23,1
P047,HRTF_A,11,1.944,-83.22,-40.32,23,1
P047,HRTF_A,11,1.958,-84.40,-40.58,23,1
P047,HRTF_A,11,1.972,-85.68,-40.84,23,1
P047,HRTF_A,11,1.986,-87.07,-41.00,23,1
P047,HRTF_A,11,2.000,-88.51,-41.03,23,1
P047,HRTF_A,11,2.013,-89.97,-40.97,23,1
P047,HRTF_A,11,2.027,-91.49,-40.99,23,1
P047,HRTF_A,11,2.042,-93.01,-40.99,23,1
P047,HRTF_A,11,2.055,-94.53,-41.07,23,1
P047,HRTF_A,11,2.069,-96.03,-41.25,23,1
P047,HRTF_A,11,2.083,-97.49,-41.45,23,1
P047,HRTF_A,11,2.097,-99.02,-41.54,23,1
P047,HRTF_A,11,2.111,-100.50,-41.52,23,1
P047,HRTF_A,11,2.125,-102.00,-41.47,23,1
P047,HRTF_A,11,2.139,-103.30,-41.28,23,1
P047,HRTF_A,11,2.152,-104.53,-41.11,23,1
P047,HRTF_A,11,2.166,-105.76,-40.94,23,1
P047,HRTF_A,11,2.180,-106.88,-40.83,23,1
P047,HRTF_A,11,2.194,-108.10,-40.66,23,1
P047,HRTF_A,11,2.208,-109.31,-40.57,23,1
P047,HRTF_A,11,2.222,-110.51,-40.40,23,1
P047,HRTF_A,11,2.236,-111.66,-40.19,23,1
P047,HRTF_A,11,2.249,-112.80,-39.97,23,1
P047,HRTF_A,11,2.264,-113.87,-39.71,23,1
P047,HRTF_A,11,2.277,-114.95,-39.45,23,1
P047,HRTF_A,11,2.291,-115.98,-39.16,23,1
P047,HRTF_A,11,2.305,-117.03,-38.92,23,1
P047,HRTF_A,11,2.319,-118.03,-38.77,23,1
P047,HRTF_A,11,2.333,-119.00,-38.57,23,1
P047,HRTF_A,11,2.347,-119.98,-38.43,23,1
P047,HRTF_A,11,2.361,-120.91,-38.27,23,1
P047,HRTF_A,11,2.374,-121.76,-38.19,23,1
P047,HRTF_A,11,2.388,-122.59,-38.10,23,1
P047,HRTF_A,11,2.402,-123.27,-38.06,23,1
P047,HRTF_A,11,2.416,-123.89,-38.09,23,1
P047,HRTF_A,11,2.430,-124.55,-38.15,23,1
P047,HRTF_A,11,2.444,-125.23,-38.24,23,1
P047,HRTF_A,11,2.458,-125.88,-38.29,23,1
P047,HRTF_A,11,2.472,-126.49,-38.30,23,1
P047,HRTF_A,11,2.486,-127.13,-38.31,23,1
P047,HRTF_A,11,2.499,-127.73,-38.30,23,1
P047,HRTF_A,12,0.014,2.31,-1.72,1,1
P047,HRTF_A,12,0.028,2.34,-1.79,1,1
P047,HRTF_A,12,0.042,2.34,-1.83,1,1
P047,HRTF_A,12,0.056,2.36,-1.87,1,1
P047,HRTF_A,12,0.070,2.38,-1.89,1,1
P047,HRTF_A,12,0.083,2.40,-1.91,1,1
P047,HRTF_A,12,0.097,2.42,-1.90,1,1
P047,HRTF_A,12,0.111,2.47,-1.86,1,1
P047,HRTF_A,12,0.125,2.52,-1.81,1,1
P047,HRTF_A,12,0.139,2.53,-1.75,1,1
P047,HRTF_A,12,0.153,2.57,-1.70,1,1
P047,HRTF_A,12,0.167,2.60,-1.64,1,1
P047,HRTF_A,12,0.180,2.64,-1.58,1,1
P047,HRTF_A,12,0.194,2.66,-1.54,1,1
P047,HRTF_A,12,0.208,2.69,-1.53,1,1
P047,HRTF_A,12,0.222,2.70,-1.57,1,1
P047,HRTF_A,12,0.236,2.72,-1.61,1,1
P047,HRTF_A,12,0.250,2.72,-1.63,1,1
P047,HRTF_A,12,0.264,2.74,-1.64,1,1
P047,HRTF_A,12,0.278,2.75,-1.61,1,1
P047,HRTF_A,12,0.292,2.75,-1.56,1,1
P047,HRTF_A,12,0.306,2.77,-1.49,1,1
P047,HRTF_A,12,0.319,2.78,-1.41,1,1
P047,HRTF_A,12,0.333,2.78,-1.37,1,1
P047,HRTF_A,12,0.347,2.79,-1.37,1,1
P047,HRTF_A,12,0.361,2.78,-1.41,1,1
P047,HRTF_A,12,0.375,2.78,-1.49,1,1
P047,HRTF_A,12,0.389,2.77,-1.58,1,1
P047,HRTF_A,12,0.403,2.75,-1.66,1,1
P047,HRTF_A,12,0.416,2.75,-1.76,1,1
P047,HRTF_A,12,0.430,2.73,-1.83,1,1
P047,HRTF_A,12,0.444,2.73,-1.86,1,1
P047,HRTF_A,12,0.458,2.69,-1.88,1,1
P047,HRTF_A,12,0.472,2.68,-1.91,1,1
P047,HRTF_A,12,0.486,2.64,-1.92,1,1
P047,HRTF_A,12,0.500,2.63,-1.93,1,1
P047,HRTF_A,12,0.514,2.60,-1.92,1,1
P047,HRTF_A,12,0.528,2.59,-1.89,1,1
P047,HRTF_A,12,0.541,2.58,-1.84,1,1
P047,HRTF_A,12,0.555,2.57,-1.82,1,1
P047,HRTF_A,12,0.569,2.56,-1.84,1,1
P047,HRTF_A,12,0.583,2.55,-1.86,1,1
P047,HRTF_A,12,0.597,2.55,-1.85,1,1
P047,HRTF_A,12,0.611,2.53,-1.82,1,1
P047,HRTF_A,12,0.625,2.52,-1.78,1,1
P047,HRTF_A,12,0.639,2.53,-1.75,1,1
P047,HRTF_A,12,0.653,2.53,-1.73,1,1
P047,HRTF_A,12,0.667,2.53,-1.71,1,1
P047,HRTF_A,12,0.680,2.53,-1.67,1,1
P047,HRTF_A,12,0.695,2.57,-1.62,1,1
P047,HRTF_A,12,0.708,2.58,-1.55,1,1
P047,HRTF_A,12,0.722,2.62,-1.53,1,1
P047,HRTF_A,12,0.736,2.65,-1.49,1,1
P047,HRTF_A,12,0.750,2.67,-1.46,1,1
P047,HRTF_A,12,0.764,2.70,-1.46,1,1
P047,HRTF_A,12,0.778,2.74,-1.45,1,1
P047,HRTF_A,12,0.792,2.76,-1.46,1,1
P047,HRTF_A,12,0.805,2.79,-1.50,1,1
P047,HRTF_A,12,0.819,2.79,-1.55,1,1
P047,HRTF_A,12,0.833,2.80,-1.57,1,1
P047,HRTF_A,12,0.847,2.80,-1.58,1,1
P047,HRTF_A,12,0.861,2.79,-1.59,1,1
P047,HRTF_A,12,0.875,2.79,-1.59,1,1
P047,HRTF_A,12,0.889,2.79,-1.60,1,1
P047,HRTF_A,12,0.903,2.79,-1.61,1,1
P047,HRTF_A,12,0.917,2.78,-1.62,1,1
P047,HRTF_A,12,0.931,2.76,-1.64,1,1
P047,HRTF_A,12,0.944,2.75,-1.64,1,1
P047,HRTF_A,12,0.958,2.72,-1.67,1,1
P047,HRTF_A,12,0.972,2.71,-1.70,1,1
P047,HRTF_A,12,0.986,2.70,-1.71,1,1
P047,HRTF_A,12,1.000,2.67,-1.72,1,1
P047,HRTF_A,12,1.014,2.64,-1.71,1,1
P047,HRTF_A,12,1.028,2.62,-1.68,1,1
P047,HRTF_A,12,1.041,2.59,-1.67,1,1
P047,HRTF_A,12,1.055,2.54,-1.66,1,1
P047,HRTF_A,12,1.069,2.51,-1.67,1,1
P047,HRTF_A,12,1.083,2.47,-1.67,1,1
P047,HRTF_A,13,0.014,-3.35,-1.17,30,1
P047,HRTF_A,13,0.028,-3.35,-1.15,30,1
P047,HRTF_A,13,0.042,-3.36,-1.17,30,1
P047,HRTF_A,13,0.055,-3.39,-1.17,30,1
P047,HRTF_A,13,0.069,-3.42,-1.16,30,1
P047,HRTF_A,13,0.083,-3.44,-1.16,30,1
P047,HRTF_A,13,0.097,-3.47,-1.16,30,1
P047,HRTF_A,13,0.111,-3.50,-1.18,30,1
P047,HRTF_A,13,0.125,-3.52,-1.19,30,1
P047,HRTF_A,13,0.139,-3.54,-1.22,30,1
P047,HRTF_A,13,0.153,-3.57,-1.26,30,1
P047,HRTF_A,13,0.167,-3.61,-1.32,30,1
P047,HRTF_A,13,0.180,-3.64,-1.37,30,1
P047,HRTF_A,13,0.194,-3.66,-1.40,30,1
P047,HRTF_A,13,0.208,-3.67,-1.39,30,1
P047,HRTF_A,13,0.222,-3.67,-1.40,30,1
P047,HRTF_A,13,0.236,-3.68,-1.40,30,1
P047,HRTF_A,13,0.250,-3.69,-1.41,30,1
P047,HRTF_A,13,0.264,-3.70,-1.45,30,1
P047,HRTF_A,13,0.278,-3.70,-1.45,30,1
P047,HRTF_A,13,0.291,-3.71,-1.46,30,1
P047,HRTF_A,13,0.305,-3.70,-1.47,30,1
P047,HRTF_A,13,0.320,-3.69,-1.46,30,1
P047,HRTF_A,13,0.333,-3.68,-1.47,30,1
P047,HRTF_A,13,0.347,-3.66,-1.49,30,1
P047,HRTF_A,13,0.361,-3.64,-1.50,30,1
P047,HRTF_A,13,0.375,-3.61,-1.50,30,1
P047,HRTF_A,13,0.389,-3.58,-1.52,30,1
P047,HRTF_A,13,0.403,-3.56,-1.51,30,1
P047,HRTF_A,13,0.417,-3.53,-1.50,30,1
P047,HRTF_A,13,0.430,-3.51,-1.48,30,1
P047,HRTF_A,13,0.444,-3.48,-1.49,30,1
P047,HRTF_A,13,0.458,-3.45,-1.49,30,1
P047,HRTF_A,13,0.472,-3.43,-1.51,30,1
P047,HRTF_A,13,0.486,-3.40,-1.50,30,1
P047,HRTF_A,13,0.500,-3.37,-1.50,30,1
P047,HRTF_A,13,0.514,-3.36,-1.49,30,1
P047,HRTF_A,13,0.528,-3.34,-1.49,30,1
P047,HRTF_A,13,0.542,-3.33,-1.50,30,1
P047,HRTF_A,13,0.555,-3.32,-1.50,30,1
P047,HRTF_A,13,0.569,-3.30,-1.50,30,1
P047,HRTF_A,13,0.583,-3.30,-1.50,30,1
P047,HRTF_A,13,0.597,-3.30,-1.48,30,1
P047,HRTF_A,13,0.611,-3.29,-1.47,30,1
P047,HRTF_A,13,0.625,-3.28,-1.45,30,1
P047,HRTF_A,13,0.639,-3.27,-1.44,30,1
P047,HRTF_A,13,0.653,-3.28,-1.45,30,1
P047,HRTF_A,13,0.667,-3.27,-1.46,30,1
P047,HRTF_A,13,0.680,-3.26,-1.48,30,1
P047,HRTF_A,13,0.694,-3.25,-1.48,30,1
P047,HRTF_A,13,0.708,-3.26,-1.46,30,1
P047,HRTF_A,13,0.722,-3.26,-1.44,30,1
P047,HRTF_A,13,0.736,-3.26,-1.40,30,1
P047,HRTF_A,13,0.750,-3.27,-1.39,30,1
P047,HRTF_A,13,0.764,-3.30,-1.38,30,1
P047,HRTF_A,13,0.778,-3.32,-1.37,30,1
P047,HRTF_A,13,0.792,-3.34,-1.37,30,1
P047,HRTF_A,13,0.806,-3.35,-1.39,30,1
P047,HRTF_A,13,0.819,-3.40,-1.40,30,1
P047,HRTF_A,13,0.833,-3.42,-1.43,30,1
P047,HRTF_A,13,0.847,-3.44,-1.42,30,1
P047,HRTF_A,13,0.861,-3.45,-1.39,30,1
P047,HRTF_A,13,0.875,-3.46,-1.37,30,1
P047,HRTF_A,13,0.889,-3.46,-1.35,30,1
P047,HRTF_A,13,0.903,-3.46,-1.33,30,1
P047,HRTF_A,13,0.917,-3.47,-1.32,30,1
P047,HRTF_A,13,0.931,-3.49,-1.33,30,1
P047,HRTF_A,13,0.944,-3.52,-1.32,30,1
P047,HRTF_A,13,0.958,-3.57,-1.32,30,1
P047,HRTF_A,13,0.972,-3.63,-1.33,30,1
P047,HRTF_A,13,0.986,-3.75,-1.35,30,1
P047,HRTF_A,13,1.000,-3.92,-1.38,30,1
P047,HRTF_A,13,1.014,-4.16,-1.41,30,1
P047,HRTF_A,13,1.028,-4.44,-1.44,30,1
P047,HRTF_A,13,1.042,-4.87,-1.45,30,1
P047,HRTF_A,13,1.055,-5.33,-1.44,30,1
P047,HRTF_A,13,1.069,-5.90,-1.44,30,1
P047,HRTF_A,13,1.083,-6.59,-1.46,30,1
P047,HRTF_A,13,1.098,-7.42,-1.54,30,1
P047,HRTF_A,13,1.111,-8.31,-1.58,30,1
P047,HRTF_A,13,1.125,-9.37,-1.68,30,1
P047,HRTF_A,13,1.139,-10.51,-1.74,30,1
P047,HRTF_A,13,1.153,-11.75,-1.76,30,1
P047,HRTF_A,13,1.167,-13.17,-1.77,30,1
P047,HRTF_A,13,1.180,-14.64,-1.77,30,1
P047,HRTF_A,13,1.194,-16.19,-1.73,30,1
P047,HRTF_A,13,1.208,-17.89,-1.65,30,1
P047,HRTF_A,13,1.222,-19.59,-1.56,30,1
P047,HRTF_A,13,1.236,-21.38,-1.47,30,1
P047,HRTF_A,13,1.250,-23.20,-1.39,30,1
P047,HRTF_A,13,1.264,-25.07,-1.28,30,1
P047,HRTF_A,13,1.278,-26.94,-1.26,30,1
P047,HRTF_A,13,1.292,-28.93,-1.16,30,1
P047,HRTF_A,13,1.305,-30.93,-1.07,30,1
P047,HRTF_A,13,1.319,-32.95,-0.98,30,1
P047,HRTF_A,13,1.333,-35.02,-0.97,30,1
P047,HRTF_A,13,1.347,-37.16,-0.98,30,1
P047,HRTF_A,13,1.361,-39.32,-0.98,30,1
P047,HRTF_A,13,1.375,-41.47,-1.01,30,1
P047,HRTF_A,13,1.389,-43.63,-1.06,30,1
P047,HRTF_A,13,1.403,-45.82,-1.16,30,1
P047,HRTF_A,13,1.417,-47.99,-1.23,30,1
P047,HRTF_A,13,1.430,-50.22,-1.31,30,1
P047,HRTF_A,13,1.444,-52.42,-1.32,30,1
P047,HRTF_A,13,1.458,-54.62,-1.26,30,1
P047,HRTF_A,13,1.472,-56.73,-1.15,30,1
P047,HRTF_A,13,1.486,-58.78,-0.97,30,1
P047,HRTF_A,13,1.500,-60.78,-0.84,30,1
P047,HRTF_A,13,1.514,-62.67,-0.73,30,1
P047,HRTF_A,13,1.528,-64.49,-0.68,30,1
P047,HRTF_A,13,1.542,-66.18,-0.69,30,1
P047,HRTF_A,13,1.555,-67.72,-0.73,30,1
P047,HRTF_A,13,1.569,-69.18,-0.75,30,1
P047,HRTF_A,13,1.583,-70.40,-0.77,30,1
P047,HRTF_A,13,1.597,-71.68,-0.76,30,1
P047,HRTF_A,13,1.611,-72.79,-0.75,30,1
P047,HRTF_A,13,1.625,-73.76,-0.79,30,1
P047,HRTF_A,13,1.639,-74.60,-0.89,30,1
P047,HRTF_A,13,1.653,-75.43,-1.06,30,1
P047,HRTF_A,13,1.666,-76.03,-1.39,30,1
P047,HRTF_A,13,1.681,-76.61,-1.61,30,1
P047,HRTF_A,13,1.694,-77.06,-1.81,30,1
P047,HRTF_A,13,1.708,-77.48,-1.88,30,1
P047,HRTF_A,13,1.722,-77.75,-1.89,30,1
P047,HRTF_A,13,1.736,-78.04,-1.89,30,1
P047,HRTF_A,13,1.750,-78.22,-1.86,30,1
P047,HRTF_A,13,1.764,-78.37,-1.93,30,1
P047,HRTF_A,13,1.778,-78.45,-2.08,30,1
P047,HRTF_A,13,1.792,-78.51,-2.27,30,1
P047,HRTF_A,13,1.805,-78.53,-2.53,30,1
P047,HRTF_A,13,1.819,-78.60,-2.77,30,1
P047,HRTF_A,13,1.833,-78.70,-2.96,30,1
P047,HRTF_A,13,1.847,-78.82,-3.23,30,1
P047,HRTF_A,13,1.861,-78.86,-3.62,30,1
P047,HRTF_A,13,1.875,-78.79,-4.19,30,1
P047,HRTF_A,13,1.889,-78.68,-4.65,30,1
P047,HRTF_A,13,1.903,-78.54,-5.04,30,1
P047,HRTF_A,13,1.917,-78.45,-5.45,30,1
P047,HRTF_A,13,1.931,-78.37,-5.77,30,1
P047,HRTF_A,13,1.945,-78.25,-6.16,30,1
P047,HRTF_A,13,1.958,-78.09,-6.59,30,1
P047,HRTF_A,13,1.972,-77.92,-7.04,30,1
P047,HRTF_A,13,1.986,-77.71,-7.47,30,1
P047,HRTF_A,13,2.000,-77.42,-7.95,30,1
P047,HRTF_A,13,2.014,-77.09,-8.46,30,1
P047,HRTF_A,13,2.028,-76.62,-8.89,30,1
P047,HRTF_A,13,2.042,-76.13,-9.30,30,1
P047,HRTF_A,14,0.014,0.74,-3.97,22,1
P047,HRTF_A,14,0.028,0.96,-3.97,22,1
P047,HRTF_A,14,0.042,1.16,-3.97,22,1
P047,HRTF_A,14,0.056,1.34,-3.99,22,1
P047,HRTF_A,14,0.070,1.52,-4.04,22,1
P047,HRTF_A,14,0.083,1.70,-4.08,22,1
P047,HRTF_A,14,0.097,1.88,-4.09,22,1
P047,HRTF_A,14,0.111,2.09,-4.10,22,1
P047,HRTF_A,14,0.125,2.29,-4.09,22,1
P047,HRTF_A,14,0.139,2.48,-4.11,22,1
P047,HRTF_A,14,0.153,2.66,-4.09,22,1
P047,HRTF_A,14,0.167,2.80,-4.11,22,1
P047,HRTF_A,14,0.181,2.94,-4.14,22,1
P047,HRTF_A,14,0.195,3.06,-4.17,22,1
P047,HRTF_A,14,0.209,3.20,-4.21,22,1
P047,HRTF_A,14,0.223,3.34,-4.24,22,1
P047,HRTF_A,14,0.236,3.50,-4.25,22,1
P047,HRTF_A,14,0.250,3.66,-4.27,22,1
P047,HRTF_A,14,0.264,3.80,-4.33,22,1
P047,HRTF_A,14,0.278,3.88,-4.43,22,1
P047,HRTF_A,14,0.292,3.95,-4.49,22,1
P047,HRTF_A,14,0.305,4.02,-4.53,22,1
P047,HRTF_A,14,0.319,4.08,-4.56,22,1
P047,HRTF_A,14,0.333,4.18,-4.60,22,1
P047,HRTF_A,14,0.347,4.26,-4.63,22,1
P047,HRTF_A,14,0.361,4.35,-4.67,22,1
P047,HRTF_A,14,0.375,4.48,-4.71,22,1
P047,HRTF_A,14,0.389,4.62,-4.75,22,1
P047,HRTF_A,14,0.403,4.76,-4.81,22,1
P047,HRTF_A,14,0.417,4.89,-4.85,22,1
P047,HRTF_A,14,0.430,5.01,-4.88,22,1
P047,HRTF_A,14,0.444,5.10,-4.89,22,1
P047,HRTF_A,14,0.458,5.19,-4.91,22,1
P047,HRTF_A,14,0.472,5.25,-4.91,22,1
P047,HRTF_A,14,0.486,5.32,-4.91,22,1
P047,HRTF_A,14,0.502,5.37,-4.90,22,1
P047,HRTF_A,14,0.513,5.39,-4.91,22,1
P047,HRTF_A,14,0.527,5.41,-4.89,22,1
P047,HRTF_A,14,0.541,5.40,-4.89,22,1
P047,HRTF_A,14,0.555,5.39,-4.87,22,1
P047,HRTF_A,14,0.569,5.38,-4.87,22,1
P047,HRTF_A,14,0.583,5.32,-4.85,22,1
P047,HRTF_A,14,0.597,5.27,-4.83,22,1
P047,HRTF_A,14,0.611,5.20,-4.79,22,1
P047,HRTF_A,14,0.625,5.14,-4.73,22,1
P047,HRTF_A,14,0.639,5.07,-4.67,22,1
P047,HRTF_A,14,0.653,5.01,-4.62,22,1
P047,HRTF_A,14,0.667,4.96,-4.57,22,1
P047,HRTF_A,14,0.680,4.92,-4.52,22,1
P047,HRTF_A,14,0.694,4.86,-4.46,22,1
P047,HRTF_A,14,0.708,4.79,-4.41,22,1
P047,HRTF_A,14,0.722,4.73,-4.41,22,1
P047,HRTF_A,14,0.736,4.67,-4.38,22,1
P047,HRTF_A,14,0.750,4.60,-4.40,22,1
P047,HRTF_A,14,0.764,4.53,-4.42,22,1
P047,HRTF_A,14,0.778,4.45,-4.45,22,1
P047,HRTF_A,14,0.792,4.38,-4.47,22,1
P047,HRTF_A,14,0.805,4.32,-4.47,22,1
P047,HRTF_A,14,0.819,4.25,-4.48,22,1
P047,HRTF_A,14,0.833,4.19,-4.48,22,1
P047,HRTF_A,14,0.847,4.12,-4.49,22,1
P047,HRTF_A,14,0.861,4.04,-4.51,22,1
P047,HRTF_A,14,0.875,3.94,-4.53,22,1
P047,HRTF_A,14,0.889,3.84,-4.53,22,1
P047,HRTF_A,14,0.903,3.74,-4.51,22,1
P047,HRTF_A,14,0.917,3.62,-4.50,22,1
P047,HRTF_A,14,0.930,3.47,-4.48,22,1
P047,HRTF_A,14,0.944,3.31,-4.48,22,1
P047,HRTF_A,14,0.958,3.11,-4.46,22,1
P047,HRTF_A,14,0.972,2.91,-4.44,22,1
P047,HRTF_A,14,0.986,2.65,-4.40,22,1
P047,HRTF_A,14,1.000,2.38,-4.37,22,1
P047,HRTF_A,14,1.014,2.05,-4.34,22,1
P047,HRTF_A,14,1.028,1.66,-4.31,22,1
P047,HRTF_A,14,1.041,1.24,-4.34,22,1
P047,HRTF_A,14,1.055,0.72,-4.37,22,1
P047,HRTF_A,14,1.069,0.21,-4.44,22,1
P047,HRTF_A,14,1.083,-0.36,-4.44,22,1
P047,HRTF_A,14,1.097,-1.04,-4.40,22,1
P047,HRTF_A,14,1.111,-1.73,-4.35,22,1
P047,HRTF_A,14,1.125,-2.54,-4.30,22,1
P047,HRTF_A,14,1.139,-3.47,-4.22,22,1
P047,HRTF_A,14,1.153,-4.49,-4.17,22,1
P047,HRTF_A,14,1.167,-5.72,-4.11,22,1
P047,HRTF_A,14,1.180,-7.00,-4.08,22,1
P047,HRTF_A,14,1.194,-8.35,-4.02,22,1
P047,HRTF_A,14,1.208,-9.75,-3.97,22,1
P047,HRTF_A,14,1.222,-11.27,-3.91,22,1
P047,HRTF_A,14,1.236,-12.91,-3.84,22,1
P047,HRTF_A,14,1.250,-14.59,-3.72,22,1
P047,HRTF_A,14,1.264,-16.32,-3.58,22,1
P047,HRTF_A,14,1.278,-18.12,-3.52,22,1
P047,HRTF_A,14,1.292,-19.94,-3.49,22,1
P047,HRTF_A,14,1.306,-21.79,-3.46,22,1
P047,HRTF_A,14,1.319,-23.66,-3.50,22,1
P047,HRTF_A,14,1.333,-25.54,-3.59,22,1
P047,HRTF_A,14,1.347,-27.41,-3.69,22,1
P047,HRTF_A,14,1.361,-29.29,-3.86,22,1
P047,HRTF_A,14,1.375,-31.18,-4.08,22,1
P047,HRTF_A,14,1.389,-33.04,-4.29,22,1
P047,HRTF_A,14,1.402,-34.88,-4.53,22,1
P047,HRTF_A,14,1.416,-36.68,-4.75,22,1
P047,HRTF_A,14,1.430,-38.47,-4.89,22,1
P047,HRTF_A,14,1.444,-40.19,-5.11,22,1
P047,HRTF_A,14,1.458,-41.87,-5.33,22,1
P047,HRTF_A,14,1.472,-43.46,-5.54,22,1
P047,HRTF_A,14,1.486,-45.01,-5.77,22,1
P047,HRTF_A,14,1.500,-46.54,-5.99,22,1
P047,HRTF_A,14,1.514,-48.03,-6.17,22,1
P047,HRTF_A,14,1.528,-49.52,-6.32,22,1
P047,HRTF_A,14,1.541,-50.97,-6.51,22,1
P047,HRTF_A,14,1.556,-52.35,-6.64,22,1
P047,HRTF_A,14,1.569,-53.72,-6.76,22,1
P047,HRTF_A,14,1.583,-55.07,-6.84,22,1
P047,HRTF_A,14,1.597,-56.44,-6.92,22,1
P047,HRTF_A,14,1.611,-57.88,-7.01,22,1
P047,HRTF_A,14,1.625,-59.38,-7.11,22,1
P047,HRTF_A,14,1.639,-60.93,-7.27,22,1
P047,HRTF_A,14,1.653,-62.47,-7.42,22,1
P047,HRTF_A,14,1.666,-64.09,-7.57,22,1
P047,HRTF_A,14,1.680,-65.73,-7.64,22,1
P047,HRTF_A,14,1.694,-67.37,-7.69,22,1
P047,HRTF_A,14,1.708,-69.08,-7.69,22,1
P047,HRTF_A,14,1.722,-70.71,-7.72,22,1
P047,HRTF_A,14,1.736,-72.38,-7.71,22,1
P047,HRTF_A,14,1.750,-74.17,-7.67,22,1
P047,HRTF_A,14,1.764,-75.97,-7.63,22,1
P047,HRTF_A,14,1.778,-77.74,-7.51,22,1
P047,HRTF_A,14,1.791,-79.46,-7.45,22,1
P047,HRTF_A,14,1.805,-81.13,-7.42,22,1
P047,HRTF_A,14,1.819,-82.76,-7.38,22,1
P047,HRTF_A,14,1.833,-84.45,-7.41,22,1
P047,HRTF_A,14,1.847,-86.16,-7.48,22,1
P047,HRTF_A,14,1.861,-87.85,-7.54,22,1
P047,HRTF_A,14,1.875,-89.56,-7.65,22,1
P047,HRTF_A,14,1.889,-91.27,-7.72,22,1
P047,HRTF_A,14,1.903,-93.00,-7.86,22,1
P047,HRTF_A,14,1.917,-94.70,-8.04,22,1
P047,HRTF_A,14,1.930,-96.51,-8.25,22,1
P047,HRTF_A,14,1.944,-98.39,-8.42,22,1
P047,HRTF_A,14,1.958,-100.32,-8.55,22,1
P047,HRTF_A,14,1.972,-102.29,-8.74,22,1
P047,HRTF_A,14,1.986,-104.32,-8.88,22,1
P047,HRTF_A,14,2.000,-106.36,-9.11,22,1
P047,HRTF_A,14,2.014,-108.32,-9.35,22,1
P047,HRTF_A,14,2.028,-110.15,-9.60,22,1
P047,HRTF_A,14,2.041,-111.80,-9.77,22,1
P047,HRTF_A,14,2.056,-113.37,-9.93,22,1
P047,HRTF_A,14,2.069,-114.90,-10.12,22,1
P047,HRTF_A,14,2.083,-116.38,-10.38,22,1
P047,HRTF_A,14,2.097,-117.74,-10.60,22,1
P047,HRTF_A,14,2.111,-119.09,-10.89,22,1
P047,HRTF_A,14,2.125,-120.65,-11.15,22,1
P047,HRTF_A,14,2.138,-122.29,-11.41,22,1
P047,HRTF_A,14,2.153,-124.01,-11.65,22,1
P047,HRTF_A,14,2.166,-125.55,-11.82,22,1
P047,HRTF_A,14,2.180,-126.77,-11.96,22,1
P047,HRTF_A,14,2.194,-127.70,-12.02,22,1
P047,HRTF_A,14,2.208,-128.42,-12.08,22,1
P047,HRTF_A,14,2.222,-128.93,-12.12,22,1
P047,HRTF_A,14,2.236,-129.34,-12.13,22,1
P047,HRTF_A,14,2.250,-129.67,-12.12,22,1
P047,HRTF_A,14,2.264,-129.94,-12.11,22,1
P047,HRTF_A,14,2.277,-130.10,-12.12,22,1
P047,HRTF_A,14,2.291,-130.17,-12.12,22,1
P047,HRTF_A,14,2.305,-130.09,-12.15,22,1
P047,HRTF_A,14,2.319,-130.22,-12.12,22,1
P047,HRTF_A,14,2.333,-130.24,-12.16,22,1
P047,HRTF_A,14,2.347,-130.38,-12.21,22,1
P047,HRTF_A,14,2.361,-130.53,-12.25,22,1
P047,HRTF_A,14,2.375,-130.72,-12.21,22,1
P047,HRTF_A,14,2.389,-130.91,-12.23,22,1
P047,HRTF_A,14,2.402,-131.16,-12.30,22,1
P047,HRTF_A,15,0.014,-3.77,-2.27,15,1
P047,HRTF_A,15,0.028,-3.47,-2.28,15,1
P047,HRTF_A,15,0.042,-3.20,-2.32,15,1
P047,HRTF_A,15,0.056,-2.91,-2.34,15,1
P047,HRTF_A,15,0.070,-2.62,-2.31,15,1
P047,HRTF_A,15,0.084,-2.34,-2.27,15,1
P047,HRTF_A,15,0.097,-2.08,-2.27,15,1
P047,HRTF_A,15,0.111,-1.81,-2.26,15,1
P047,HRTF_A,15,0.126,-1.52,-2.27,15,1
P047,HRTF_A,15,0.139,-1.27,-2.25,15,1
P047,HRTF_A,15,0.153,-1.03,-2.26,15,1
P047,HRTF_A,15,0.167,-0.81,-2.24,15,1
P047,HRTF_A,15,0.181,-0.64,-2.20,15,1
P047,HRTF_A,15,0.195,-0.48,-2.17,15,1
P047,HRTF_A,15,0.208,-0.33,-2.13,15,1
P047,HRTF_A,15,0.222,-0.18,-2.09,15,1
P047,HRTF_A,15,0.236,-0.03,-2.06,15,1
P047,HRTF_A,15,0.250,0.05,-2.04,15,1
P047,HRTF_A,15,0.264,0.16,-2.03,15,1
P047,HRTF_A,15,0.278,0.24,-2.02,15,1
P047,HRTF_A,15,0.291,0.32,-2.04,15,1
P047,HRTF_A,15,0.305,0.42,-2.07,15,1
P047,HRTF_A,15,0.319,0.50,-2.12,15,1
P047,HRTF_A,15,0.333,0.58,-2.15,15,1
P047,HRTF_A,15,0.347,0.69,-2.21,15,1
P047,HRTF_A,15,0.361,0.77,-2.32,15,1
P047,HRTF_A,15,0.375,0.89,-2.39,15,1
P047,HRTF_A,15,0.389,0.98,-2.47,15,1
P047,HRTF_A,15,0.402,1.08,-2.54,15,1
P047,HRTF_A,15,0.416,1.18,-2.57,15,1
P047,HRTF_A,15,0.430,1.30,-2.59,15,1
P047,HRTF_A,15,0.444,1.39,-2.60,15,1
P047,HRTF_A,15,0.458,1.46,-2.60,15,1
P047,HRTF_A,15,0.472,1.54,-2.62,15,1
P047,HRTF_A,15,0.486,1.61,-2.59,15,1
P047,HRTF_A,15,0.500,1.69,-2.56,15,1
P047,HRTF_A,15,0.514,1.74,-2.51,15,1
P047,HRTF_A,15,0.528,1.82,-2.43,15,1
P047,HRTF_A,15,0.541,1.88,-2.35,15,1
P047,HRTF_A,15,0.556,1.95,-2.28,15,1
P047,HRTF_A,15,0.569,2.02,-2.19,15,1
P047,HRTF_A,15,0.583,2.08,-2.14,15,1
P047,HRTF_A,15,0.597,2.14,-2.11,15,1
P047,HRTF_A,15,0.611,2.19,-2.08,15,1
P047,HRTF_A,15,0.625,2.26,-2.05,15,1
P047,HRTF_A,15,0.639,2.31,-2.09,15,1
P047,HRTF_A,15,0.652,2.36,-2.14,15,1
P047,HRTF_A,15,0.666,2.41,-2.22,15,1
P047,HRTF_A,15,0.680,2.48,-2.32,15,1
P047,HRTF_A,15,0.694,2.53,-2.37,15,1
P047,HRTF_A,15,0.708,2.59,-2.42,15,1
P047,HRTF_A,15,0.722,2.66,-2.41,15,1
P047,HRTF_A,15,0.736,2.70,-2.40,15,1
P047,HRTF_A,15,0.750,2.74,-2.36,15,1
P047,HRTF_A,15,0.764,2.81,-2.35,15,1
P047,HRTF_A,15,0.777,2.85,-2.32,15,1
P047,HRTF_A,15,0.791,2.89,-2.27,15,1
P047,HRTF_A,15,0.805,2.93,-2.20,15,1
P047,HRTF_A,15,0.819,2.97,-2.16,15,1
P047,HRTF_A,15,0.833,3.01,-2.12,15,1
P047,HRTF_A,15,0.847,3.03,-2.09,15,1
P047,HRTF_A,15,0.861,3.07,-2.08,15,1
P047,HRTF_A,15,0.875,3.11,-2.06,15,1
P047,HRTF_A,15,0.889,3.18,-2.05,15,1
P047,HRTF_A,15,0.902,3.22,-2.01,15,1
P047,HRTF_A,15,0.916,3.28,-2.00,15,1
P047,HRTF_A,15,0.930,3.36,-1.98,15,1
P047,HRTF_A,15,0.944,3.44,-1.97,15,1
P047,HRTF_A,15,0.958,3.52,-1.94,15,1
P047,HRTF_A,15,0.972,3.63,-1.92,15,1
P047,HRTF_A,15,0.986,3.75,-1.93,15,1
P047,HRTF_A,15,1.000,3.92,-1.93,15,1
P047,HRTF_A,15,1.014,4.16,-1.94,15,1
P047,HRTF_A,15,1.027,4.50,-1.95,15,1
P047,HRTF_A,15,1.041,4.90,-1.97,15,1
P047,HRTF_A,15,1.055,5.34,-1.98,15,1
P047,HRTF_A,15,1.069,5.92,-1.99,15,1
P047,HRTF_A,15,1.083,6.47,-2.01,15,1
P047,HRTF_A,15,1.097,7.18,-2.05,15,1
P047,HRTF_A,15,1.111,8.01,-2.07,15,1
P047,HRTF_A,15,1.125,8.99,-2.09,15,1
P047,HRTF_A,15,1.138,10.13,-2.14,15,1
P047,HRTF_A,15,1.152,11.49,-2.19,15,1
P047,HRTF_A,15,1.166,12.90,-2.25,15,1
P047,HRTF_A,15,1.180,14.60,-2.33,15,1
P047,HRTF_A,15,1.194,16.44,-2.35,15,1
P047,HRTF_A,15,1.208,18.41,-2.35,15,1
P047,HRTF_A,15,1.222,20.47,-2.26,15,1
P047,HRTF_A,15,1.236,22.51,-2.15,15,1
P047,HRTF_A,15,1.250,24.54,-2.01,15,1
P047,HRTF_A,15,1.263,26.55,-1.91,15,1
P047,HRTF_A,15,1.277,28.55,-1.81,15,1
P047,HRTF_A,15,1.291,30.54,-1.72,15,1
P047,HRTF_A,15,1.305,32.59,-1.73,15,1
P047,HRTF_A,15,1.319,34.61,-1.82,15,1
P047,HRTF_A,15,1.333,36.63,-1.98,15,1
P047,HRTF_A,15,1.347,38.56,-2.21,15,1
P047,HRTF_A,15,1.361,40.35,-2.41,15,1
P047,HRTF_A,15,1.375,42.04,-2.64,15,1
P047,HRTF_A,15,1.388,43.64,-2.91,15,1
P047,HRTF_A,15,1.402,45.15,-3.20,15,1
P047,HRTF_A,15,1.416,46.64,-3.57,15,1
P047,HRTF_A,15,1.430,48.13,-3.95,15,1
P047,HRTF_A,15,1.444,49.56,-4.37,15,1
P047,HRTF_A,15,1.458,51.00,-4.65,15,1
P047,HRTF_A,15,1.472,52.38,-4.90,15,1
P047,HRTF_A,15,1.486,53.68,-5.10,15,1
P047,HRTF_A,15,1.500,54.97,-5.41,15,1
P047,HRTF_A,15,1.514,56.29,-5.78,15,1
P047,HRTF_A,15,1.527,57.60,-6.16,15,1
P047,HRTF_A,15,1.541,58.91,-6.56,15,1
P047,HRTF_A,15,1.555,60.19,-6.92,15,1
P047,HRTF_A,15,1.569,61.46,-7.28,15,1
P047,HRTF_A,15,1.583,62.73,-7.58,15,1
P047,HRTF_A,15,1.597,64.02,-7.94,15,1
P047,HRTF_A,15,1.611,65.25,-8.29,15,1
P047,HRTF_A,15,1.624,66.49,-8.64,15,1
P047,HRTF_A,15,1.639,67.65,-8.90,15,1
P047,HRTF_A,15,1.652,68.76,-9.19,15,1
P047,HRTF_A,15,1.666,69.83,-9.44,15,1
P047,HRTF_A,15,1.680,70.83,-9.64,15,1
P047,HRTF_A,15,1.694,71.78,-9.84,15,1
P047,HRTF_A,15,1.708,72.73,-10.04,15,1
P047,HRTF_A,15,1.722,73.62,-10.19,15,1
P047,HRTF_A,15,1.735,74.47,-10.28,15,1
P047,HRTF_A,15,1.749,75.21,-10.22,15,1
P047,HRTF_A,15,1.763,75.95,-10.15,15,1
P047,HRTF_A,15,1.777,76.66,-10.00,15,1
P047,HRTF_A,15,1.791,77.36,-9.87,15,1
P047,HRTF_A,15,1.805,78.11,-9.72,15,1
P047,HRTF_A,15,1.819,78.87,-9.53,15,1
P047,HRTF_A,15,1.833,79.67,-9.27,15,1
P047,HRTF_A,15,1.847,80.44,-9.10,15,1
P047,HRTF_A,15,1.861,81.20,-9.02,15,1
P047,HRTF_A,15,1.875,81.92,-9.07,15,1
P047,HRTF_A,15,1.888,82.62,-9.23,15,1
P047,HRTF_A,15,1.902,83.35,-9.49,15,1
P047,HRTF_A,15,1.916,84.18,-9.69,15,1
P047,HRTF_A,15,1.930,85.07,-9.96,15,1
P047,HRTF_A,15,1.944,85.99,-10.20,15,1
P047,HRTF_A,15,1.958,86.90,-10.38,15,1
P047,HRTF_A,15,1.972,87.83,-10.48,15,1
P047,HRTF_A,15,1.986,88.86,-10.48,15,1
P047,HRTF_A,15,2.000,89.88,-10.46,15,1
P047,HRTF_A,15,2.013,90.98,-10.24,15,1
P047,HRTF_A,15,2.027,92.10,-10.01,15,1
P047,HRTF_A,15,2.041,93.25,-9.67,15,1
P047,HRTF_A,15,2.055,94.40,-9.25,15,1
P047,HRTF_A,15,2.069,95.58,-8.82,15,1
P047,HRTF_A,15,2.083,96.71,-8.33,15,1
P047,HRTF_A,15,2.097,97.87,-7.74,15,1
P047,HRTF_A,15,2.111,98.93,-7.03,15,1
P047,HRTF_A,15,2.124,99.95,-6.29,15,1
P047,HRTF_A,15,2.138,100.90,-5.48,15,1
P047,HRTF_A,15,2.152,101.85,-4.68,15,1
P047,HRTF_A,15,2.166,102.73,-3.82,15,1
P047,HRTF_A,15,2.180,103.60,-2.94,15,1
P047,HRTF_A,15,2.194,104.36,-1.98,15,1
P047,HRTF_A,15,2.208,105.09,-1.02,15,1
P047,HRTF_A,15,2.222,105.78,-0.07,15,1
P047,HRTF_A,15,2.236,106.50,0.77,15,1
P047,HRTF_A,15,2.250,107.22,1.57,15,1
P047,HRTF_A,15,2.263,107.89,2.32,15,1
P047,HRTF_A,15,2.277,108.53,3.07,15,1
P047,HRTF_A,15,2.291,109.19,3.67,15,1
P047,HRTF_A,15,2.305,109.87,3.89,15,1
P047,HRTF_A,15,2.319,110.63,4.04,15,1
P047,HRTF_A,15,2.333,111.43,3.99,15,1
P047,HRTF_A,15,2.347,112.11,4.02,15,1
P047,HRTF_A,15,2.361,112.75,4.05,15,1
P047,HRTF_A,15,2.375,113.27,4.22,15,1
P047,HRTF_A,15,2.388,113.71,4.44,15,1
P047,HRTF_A,15,2.402,114.07,4.67,15,1
P047,HRTF_A,15,2.416,114.49,4.80,15,1
P047,HRTF_A,15,2.430,114.88,4.92,15,1
P047,HRTF_A,15,2.444,115.26,5.01,15,1
P047,HRTF_A,15,2.458,115.67,4.94,15,1
P047,HRTF_A,15,2.472,116.15,4.81,15,1
P047,HRTF_A,15,2.485,116.74,4.63,15,1
P047,HRTF_A,15,2.499,117.32,4.42,15,1
P047,HRTF_A,15,2.513,117.87,4.27,15,1
P047,HRTF_A,15,2.527,118.43,4.22,15,1
P047,HRTF_A,15,2.541,118.99,4.23,15,1
P047,HRTF_A,15,2.555,119.53,4.20,15,1
P047,HRTF_A,15,2.569,120.16,4.10,15,1
P047,HRTF_A,15,2.583,120.81,3.96,15,1
P047,HRTF_A,15,2.597,121.48,3.72,15,1
P047,HRTF_A,15,2.611,122.18,3.41,15,1
P047,HRTF_A,15,2.624,122.89,2.99,15,1
P047,HRTF_A,15,2.638,123.63,2.39,15,1
P047,HRTF_A,15,2.652,124.45,1.55,15,1
P047,HRTF_A,15,2.666,125.25,0.71,15,1
P047,HRTF_A,15,2.680,126.02,-0.02,15,1
P047,HRTF_A,15,2.694,126.75,-0.88,15,1
P047,HRTF_A,15,2.708,127.52,-1.97,15,1
P047,HRTF_A,15,2.722,128.32,-3.33,15,1
P047,HRTF_A,15,2.735,129.24,-4.85,15,1
P047,HRTF_A,15,2.749,130.15,-6.21,15,1
P047,HRTF_A,15,2.763,131.07,-7.21,15,1
P047,HRTF_A,15,2.777,131.86,-8.10,15,1
P047,HRTF_A,15,2.791,132.64,-9.01,15,1
P047,HRTF_A,15,2.805,133.31,-10.03,15,1
P047,HRTF_A,15,2.819,133.95,-11.01,15,1
P047,HRTF_A,15,2.833,134.51,-11.87,15,1
P047,HRTF_A,15,2.846,135.01,-12.79,15,1
P047,HRTF_A,15,2.860,135.32,-13.81,15,1
P047,HRTF_A,15,2.874,135.77,-14.96,15,1
P047,HRTF_A,15,2.888,136.24,-16.09,15,1
P047,HRTF_A,15,2.902,136.67,-17.05,15,1
P047,HRTF_A,15,2.916,137.01,-17.84,15,1
P047,HRTF_A,15,2.930,137.30,-18.55,15,1
P047,HRTF_A,15,2.944,137.59,-19.32,15,1
P047,HRTF_A,15,2.958,137.81,-20.23,15,1
P047,HRTF_A,15,2.971,138.13,-21.00,15,1
P047,HRTF_A,15,2.985,138.46,-21.63,15,1
P047,HRTF_A,15,2.999,138.73,-22.21,15,1
P047,HRTF_A,15,3.013,138.95,-22.81,15,1
P047,HRTF_A,15,3.027,139.17,-23.51,15,1
P047,HRTF_A,15,3.041,139.35,-24.27,15,1
P047,HRTF_A,15,3.055,139.51,-25.11,15,1
P047,HRTF_A,15,3.069,139.60,-26.04,15,1
P047,HRTF_A,15,3.083,139.65,-26.98,15,1
P047,HRTF_A,15,3.097,139.74,-27.74,15,1
P047,HRTF_A,15,3.110,139.85,-28.41,15,1
P047,HRTF_A,15,3.124,139.98,-29.09,15,1
P047,HRTF_A,15,3.138,140.05,-29.72,15,1
P047,HRTF_A,15,3.152,140.18,-30.17,15,1
P047,HRTF_A,15,3.166,140.30,-30.46,15,1
P047,HRTF_A,15,3.180,140.45,-30.65,15,1
P047,HRTF_A,15,3.194,140.60,-30.79,15,1
P047,HRTF_A,15,3.208,140.62,-30.86,15,1
P047,HRTF_A,15,3.221,140.58,-30.85,15,1
P047,HRTF_A,15,3.236,140.51,-30.74,15,1
P047,HRTF_A,15,3.249,140.38,-30.71,15,1
P047,HRTF_A,15,3.263,140.23,-30.72,15,1
P047,HRTF_A,15,3.277,140.08,-30.78,15,1
P047,HRTF_A,15,3.291,140.00,-30.88,15,1
P047,HRTF_A,15,3.305,139.94,-31.05,15,1
P047,HRTF_A,15,3.319,139.91,-31.13,15,1
P047,HRTF_A,15,3.333,139.82,-31.11,15,1
P047,HRTF_A,15,3.347,139.77,-31.07,15,1
P047,HRTF_A,15,3.360,139.76,-31.11,15,1
P047,HRTF_A,15,3.374,139.84,-31.18,15,1
P047,HRTF_A,15,3.388,139.95,-31.42,15,1
P047,HRTF_A,15,3.402,140.09,-31.63,15,1
P047,HRTF_A,15,3.416,140.22,-31.73,15,1
P047,HRTF_A,15,3.430,140.35,-31.85,15,1
P047,HRTF_A,15,3.444,140.48,-31.97,15,1
P047,HRTF_A,15,3.458,140.56,-32.13,15,1
P047,HRTF_A,15,3.472,140.65,-32.30,15,1
P047,HRTF_A,15,3.485,140.78,-32.41,15,1
P047,HRTF_A,15,3.499,140.94,-32.48,15,1
P047,HRTF_A,15,3.513,141.08,-32.51,15,1
P047,HRTF_A,15,3.527,141.18,-32.46,15,1
P047,HRTF_A,16,0.014,-2.10,-2.32,7,1
P047,HRTF_A,16,0.028,-2.08,-2.36,7,1
P047,HRTF_A,16,0.042,-2.05,-2.36,7,1
P047,HRTF_A,16,0.056,-2.02,-2.32,7,1
P047,HRTF_A,16,0.069,-1.97,-2.30,7,1
P047,HRTF_A,16,0.083,-1.94,-2.32,7,1
P047,HRTF_A,16,0.097,-1.88,-2.35,7,1
P047,HRTF_A,16,0.111,-1.83,-2.38,7,1
P047,HRTF_A,16,0.125,-1.76,-2.40,7,1
P047,HRTF_A,16,0.139,-1.69,-2.43,7,1
P047,HRTF_A,16,0.153,-1.62,-2.44,7,1
P047,HRTF_A,16,0.167,-1.55,-2.45,7,1
P047,HRTF_A,16,0.181,-1.49,-2.46,7,1
P047,HRTF_A,16,0.194,-1.45,-2.50,7,1
P047,HRTF_A,16,0.208,-1.42,-2.57,7,1
P047,HRTF_A,16,0.223,-1.41,-2.63,7,1
P047,HRTF_A,16,0.236,-1.39,-2.67,7,1
P047,HRTF_A,16,0.250,-1.38,-2.71,7,1
P047,HRTF_A,16,0.264,-1.38,-2.72,7,1
P047,HRTF_A,16,0.278,-1.40,-2.72,7,1
P047,HRTF_A,16,0.292,-1.43,-2.70,7,1
P047,HRTF_A,16,0.305,-1.43,-2.70,7,1
P047,HRTF_A,16,0.319,-1.46,-2.70,7,1
P047,HRTF_A,16,0.333,-1.49,-2.72,7,1
P047,HRTF_A,16,0.347,-1.52,-2.74,7,1
P047,HRTF_A,16,0.361,-1.54,-2.77,7,1
P047,HRTF_A,16,0.375,-1.55,-2.73,7,1
P047,HRTF_A,16,0.389,-1.58,-2.71,7,1
P047,HRTF_A,16,0.402,-1.59,-2.69,7,1
P047,HRTF_A,16,0.417,-1.60,-2.67,7,1
P047,HRTF_A,16,0.430,-1.61,-2.65,7,1
P047,HRTF_A,16,0.444,-1.61,-2.63,7,1
P047,HRTF_A,16,0.458,-1.63,-2.59,7,1
P047,HRTF_A,16,0.472,-1.62,-2.57,7,1
P047,HRTF_A,16,0.486,-1.61,-2.55,7,1
P047,HRTF_A,16,0.500,-1.60,-2.53,7,1
P047,HRTF_A,16,0.514,-1.58,-2.53,7,1
P047,HRTF_A,16,0.528,-1.55,-2.52,7,1
P047,HRTF_A,16,0.541,-1.53,-2.53,7,1
P047,HRTF_A,16,0.555,-1.50,-2.56,7,1
P047,HRTF_A,16,0.569,-1.43,-2.59,7,1
P047,HRTF_A,16,0.583,-1.35,-2.60,7,1
P047,HRTF_A,16,0.597,-1.26,-2.63,7,1
P047,HRTF_A,16,0.611,-1.18,-2.64,7,1
P047,HRTF_A,16,0.625,-1.12,-2.63,7,1
P047,HRTF_A,16,0.639,-1.02,-2.64,7,1
P047,HRTF_A,16,0.653,-0.94,-2.65,7,1
P047,HRTF_A,16,0.666,-0.85,-2.65,7,1
P047,HRTF_A,16,0.680,-0.76,-2.66,7,1
P047,HRTF_A,16,0.694,-0.66,-2.68,7,1
P047,HRTF_A,16,0.708,-0.57,-2.68,7,1
P047,HRTF_A,16,0.722,-0.49,-2.67,7,1
P047,HRTF_A,16,0.736,-0.43,-2.68,7,1
P047,HRTF_A,16,0.750,-0.38,-2.69,7,1
P047,HRTF_A,16,0.764,-0.31,-2.72,7,1
P047,HRTF_A,16,0.777,-0.27,-2.72,7,1
P047,HRTF_A,16,0.792,-0.24,-2.72,7,1
P047,HRTF_A,16,0.805,-0.20,-2.70,7,1
P047,HRTF_A,16,0.819,-0.18,-2.68,7,1
P047,HRTF_A,16,0.833,-0.15,-2.68,7,1
P047,HRTF_A,16,0.848,-0.13,-2.67,7,1
P047,HRTF_A,16,0.861,-0.11,-2.68,7,1
P047,HRTF_A,16,0.875,-0.10,-2.69,7,1
P047,HRTF_A,16,0.889,-0.08,-2.68,7,1
P047,HRTF_A,16,0.903,-0.08,-2.66,7,1
P047,HRTF_A,16,0.916,-0.07,-2.61,7,1
P047,HRTF_A,16,0.930,-0.08,-2.57,7,1
P047,HRTF_A,16,0.944,-0.06,-2.54,7,1
P047,HRTF_A,16,0.958,-0.04,-2.52,7,1
P047,HRTF_A,16,0.972,0.01,-2.51,7,1
P047,HRTF_A,16,0.986,0.08,-2.49,7,1
P047,HRTF_A,16,1.000,0.18,-2.48,7,1
P047,HRTF_A,16,1.014,0.33,-2.50,7,1
P047,HRTF_A,16,1.028,0.56,-2.52,7,1
P047,HRTF_A,16,1.041,0.82,-2.54,7,1
P047,HRTF_A,16,1.055,1.24,-2.54,7,1
P047,HRTF_A,16,1.069,1.68,-2.53,7,1
P047,HRTF_A,16,1.083,2.25,-2.54,7,1
P047,HRTF_A,16,1.097,2.84,-2.50,7,1
P047,HRTF_A,16,1.111,3.65,-2.45,7,1
P047,HRTF_A,16,1.125,4.54,-2.44,7,1
P047,HRTF_A,16,1.139,5.51,-2.38,7,1
P047,HRTF_A,16,1.153,6.58,-2.34,7,1
P047,HRTF_A,16,1.167,7.78,-2.26,7,1
P047,HRTF_A,16,1.180,9.09,-2.16,7,1
P047,HRTF_A,16,1.194,10.57,-2.08,7,1
P047,HRTF_A,16,1.208,12.15,-1.99,7,1
P047,HRTF_A,16,1.222,14.24,-1.91,7,1
P047,HRTF_A,16,1.236,16.41,-1.81,7,1
P047,HRTF_A,16,1.250,18.53,-1.61,7,1
P047,HRTF_A,16,1.264,20.63,-1.37,7,1
P047,HRTF_A,16,1.278,22.83,-1.07,7,1
P047,HRTF_A,16,1.291,25.10,-0.89,7,1
P047,HRTF_A,16,1.306,27.45,-0.79,7,1
P047,HRTF_A,16,1.319,29.83,-0.80,7,1
P047,HRTF_A,16,1.333,32.16,-0.97,7,1
P047,HRTF_A,16,1.348,34.34,-1.18,7,1
P047,HRTF_A,16,1.361,36.43,-1.33,7,1
P047,HRTF_A,16,1.375,38.41,-1.42,7,1
P047,HRTF_A,16,1.389,40.25,-1.47,7,1
P047,HRTF_A,16,1.402,41.91,-1.45,7,1
P047,HRTF_A,16,1.416,43.56,-1.50,7,1
P047,HRTF_A,16,1.430,45.01,-1.64,7,1
P047,HRTF_A,16,1.444,46.33,-1.84,7,1
P047,HRTF_A,16,1.458,47.73,-2.03,7,1
P047,HRTF_A,16,1.472,49.14,-2.24,7,1
P047,HRTF_A,16,1.486,50.51,-2.46,7,1
P047,HRTF_A,16,1.500,51.90,-2.62,7,1
P047,HRTF_A,16,1.514,53.24,-2.82,7,1
P047,HRTF_A,16,1.528,54.55,-3.01,7,1
P047,HRTF_A,16,1.541,55.93,-3.21,7,1
P047,HRTF_A,16,1.555,57.29,-3.45,7,1
P047,HRTF_A,16,1.569,58.70,-3.66,7,1
P047,HRTF_A,16,1.583,60.14,-3.78,7,1
P047,HRTF_A,16,1.597,61.53,-3.91,7,1
P047,HRTF_A,16,1.611,62.92,-3.95,7,1
P047,HRTF_A,16,1.625,64.32,-3.99,7,1
P047,HRTF_A,16,1.639,65.80,-4.04,7,1
P047,HRTF_A,16,1.653,67.29,-4.03,7,1
P047,HRTF_A,16,1.667,68.83,-4.04,7,1
P047,HRTF_A,16,1.680,70.37,-4.06,7,1
P047,HRTF_A,16,1.694,71.91,-3.98,7,1
P047,HRTF_A,16,1.708,73.43,-3.90,7,1
P047,HRTF_A,16,1.722,74.96,-3.77,7,1
P047,HRTF_A,16,1.736,76.50,-3.64,7,1
P047,HRTF_A,16,1.750,77.98,-3.55,7,1
P047,HRTF_A,16,1.764,79.43,-3.46,7,1
P047,HRTF_A,16,1.778,80.87,-3.41,7,1
P047,HRTF_A,16,1.792,82.32,-3.42,7,1
P047,HRTF_A,16,1.806,83.80,-3.67,7,1
P047,HRTF_A,16,1.819,85.33,-3.85,7,1
P047,HRTF_A,16,1.833,86.81,-3.94,7,1
P047,HRTF_A,16,1.847,88.20,-4.00,7,1
P047,HRTF_A,16,1.861,89.55,-4.00,7,1
P047,HRTF_A,16,1.875,90.90,-3.98,7,1
P047,HRTF_A,16,1.889,92.22,-4.03,7,1
P047,HRTF_A,16,1.903,93.53,-4.13,7,1
P047,HRTF_A,16,1.917,94.83,-4.25,7,1
P047,HRTF_A,16,1.930,96.07,-4.42,7,1
P047,HRTF_A,16,1.944,97.19,-4.65,7,1
P047,HRTF_A,16,1.958,98.31,-4.91,7,1
P047,HRTF_A,16,1.972,99.49,-5.22,7,1
P047,HRTF_A,16,1.986,100.72,-5.65,7,1
P047,HRTF_A,16,2.000,102.02,-6.02,7,1
P047,HRTF_A,16,2.014,103.30,-6.34,7,1
P047,HRTF_A,16,2.028,104.60,-6.69,7,1
P047,HRTF_A,16,2.041,105.91,-7.00,7,1
P047,HRTF_A,16,2.055,107.34,-7.28,7,1
P047,HRTF_A,16,2.069,108.77,-7.54,7,1
P047,HRTF_A,16,2.083,110.31,-7.84,7,1
P047,HRTF_A,16,2.097,111.86,-8.04,7,1
P047,HRTF_A,16,2.111,113.37,-8.23,7,1
P047,HRTF_A,16,2.125,114.91,-8.39,7,1
P047,HRTF_A,16,2.139,116.38,-8.51,7,1
P047,HRTF_A,16,2.153,117.85,-8.54,7,1
P047,HRTF_A,16,2.167,119.27,-8.54,7,1
P047,HRTF_A,16,2.180,120.64,-8.45,7,1
P047,HRTF_A,16,2.194,121.94,-8.27,7,1
P047,HRTF_A,16,2.208,123.14,-8.02,7,1
P047,HRTF_A,16,2.222,124.26,-7.76,7,1
P047,HRTF_A,16,2.236,125.29,-7.60,7,1
P047,HRTF_A,16,2.250,126.34,-7.51,7,1
P047,HRTF_A,16,2.264,127.33,-7.45,7,1
P047,HRTF_A,16,2.278,128.23,-7.36,7,1
P047,HRTF_A,16,2.291,129.11,-7.18,7,1
P047,HRTF_A,16,2.305,129.93,-6.90,7,1
P047,HRTF_A,16,2.319,130.68,-6.56,7,1
P047,HRTF_A,16,2.333,131.42,-6.20,7,1
P047,HRTF_A,16,2.347,132.13,-5.97,7,1
P047,HRTF_A,16,2.361,132.76,-5.83,7,1
P047,HRTF_A,16,2.375,133.35,-5.84,7,1
P047,HRTF_A,16,2.389,133.88,-5.89,7,1
P047,HRTF_A,16,2.402,134.46,-6.13,7,1
P047,HRTF_A,16,2.416,135.01,-6.54,7,1
P047,HRTF_A,16,2.430,135.57,-6.98,7,1
P047,HRTF_A,16,2.444,136.18,-7.54,7,1
P047,HRTF_A,16,2.458,136.73,-8.09,7,1
P047,HRTF_A,16,2.472,137.36,-8.52,7,1
P047,HRTF_A,16,2.486,137.94,-8.94,7,1
P047,HRTF_A,16,2.500,138.47,-9.38,7,1
P047,HRTF_A,16,2.514,139.04,-9.67,7,1
P047,HRTF_A,16,2.528,139.57,-9.87,7,1
P047,HRTF_A,16,2.541,140.05,-10.01,7,1
P047,HRTF_A,16,2.555,140.51,-9.82,7,1
P047,HRTF_A,16,2.569,141.00,-9.60,7,1
P047,HRTF_A,16,2.583,141.43,-8.85,7,1
P047,HRTF_A,16,2.597,141.66,-8.03,7,1
P047,HRTF_A,16,2.611,141.73,-7.13,7,1
P047,HRTF_A,16,2.625,141.59,-6.10,7,1
P047,HRTF_A,16,2.638,141.45,-4.95,7,1
P047,HRTF_A,16,2.652,141.22,-3.71,7,1
P047,HRTF_A,16,2.666,140.94,-2.33,7,1
P047,HRTF_A,16,2.680,140.63,-0.94,7,1
P047,HRTF_A,16,2.694,140.36,0.51,7,1
P047,HRTF_A,16,2.708,140.15,1.91,7,1
P047,HRTF_A,16,2.722,139.99,3.33,7,1
P047,HRTF_A,16,2.736,139.93,4.50,7,1
P047,HRTF_A,16,2.750,139.88,5.27,7,1
P047,HRTF_A,16,2.764,139.85,5.90,7,1
P047,HRTF_A,16,2.778,139.81,6.44,7,1
P047,HRTF_A,16,2.791,139.72,7.09,7,1
P047,HRTF_A,16,2.805,139.68,7.68,7,1
P047,HRTF_A,16,2.819,139.67,8.06,7,1
P047,HRTF_A,16,2.833,139.78,8.28,7,1
P047,HRTF_A,16,2.847,139.89,8.43,7,1
P047,HRTF_A,16,2.861,139.97,8.66,7,1
P047,HRTF_A,16,2.875,140.04,8.92,7,1
P047,HRTF_A,16,2.889,140.06,9.18,7,1
P047,HRTF_A,16,2.903,140.13,9.32,7,1
P047,HRTF_A,16,2.916,140.27,9.27,7,1
P047,HRTF_A,16,2.930,140.45,9.26,7,1
P047,HRTF_A,16,2.944,140.61,9.14,7,1
P047,HRTF_A,16,2.958,140.74,9.03,7,1
P047,HRTF_A,16,2.972,140.87,8.77,7,1
P047,HRTF_A,16,2.986,141.04,8.30,7,1
P047,HRTF_A,16,3.000,141.26,7.65,7,1
P047,HRTF_A,16,3.014,141.49,6.88,7,1
P047,HRTF_A,16,3.027,141.75,5.76,7,1
P047,HRTF_A,16,3.041,142.10,4.40,7,1
P047,HRTF_A,16,3.055,142.47,2.68,7,1
P047,HRTF_A,16,3.069,142.87,1.15,7,1
P047,HRTF_A,16,3.083,143.21,-0.33,7,1
P047,HRTF_A,16,3.097,143.49,-1.70,7,1
P047,HRTF_A,16,3.111,143.75,-3.20,7,1
P047,HRTF_A,16,3.125,143.99,-4.99,7,1
P047,HRTF_A,16,3.138,144.22,-6.92,7,1
P047,HRTF_A,16,3.152,144.45,-8.77,7,1
P047,HRTF_A,16,3.166,144.66,-10.79,7,1
P047,HRTF_A,16,3.180,144.82,-12.83,7,1
P047,HRTF_A,16,3.194,145.06,-15.04,7,1
P047,HRTF_A,16,3.208,145.36,-16.93,7,1
P047,HRTF_A,16,3.222,145.77,-18.60,7,1
P047,HRTF_A,16,3.236,146.16,-19.99,7,1
P047,HRTF_A,16,3.250,146.39,-21.45,7,1
P047,HRTF_A,16,3.264,146.46,-23.11,7,1
P047,HRTF_A,16,3.277,146.51,-24.70,7,1
P047,HRTF_A,16,3.291,146.64,-26.03,7,1
P047,HRTF_A,16,3.305,146.81,-26.60,7,1
P047,HRTF_A,16,3.319,146.93,-27.13,7,1
P047,HRTF_A,16,3.333,147.01,-27.50,7,1
P047,HRTF_A,16,3.347,147.03,-28.05,7,1
P047,HRTF_A,16,3.361,146.97,-28.70,7,1
P047,HRTF_A,16,3.374,147.08,-29.39,7,1
P047,HRTF_A,16,3.388,147.27,-30.02,7,1
P047,HRTF_A,16,3.402,147.46,-30.62,7,1
P047,HRTF_A,16,3.416,147.67,-31.23,7,1
P047,HRTF_A,16,3.430,147.91,-31.73,7,1
P047,HRTF_A,16,3.444,148.12,-32.11,7,1
P047,HRTF_A,16,3.458,148.36,-32.39,7,1
P047,HRTF_A,16,3.472,148.63,-32.67,7,1
P047,HRTF_A,16,3.485,148.87,-32.88,7,1
P047,HRTF_A,16,3.499,149.13,-33.24,7,1
P047,HRTF_A,16,3.513,149.26,-33.62,7,1
P047,HRTF_A,16,3.527,149.47,-34.02,7,1
P047,HRTF_A,16,3.541,149.65,-34.47,7,1
P047,HRTF_A,16,3.555,149.87,-35.06,7,1
P047,HRTF_A,16,3.569,150.05,-35.71,7,1
P047,HRTF_A,16,3.583,150.27,-36.35,7,1
P047,HRTF_A,16,3.597,150.49,-36.90,7,1
P047,HRTF_A,16,3.610,150.64,-37.30,7,1
P047,HRTF_A,16,3.625,150.77,-37.79,7,1
P047,HRTF_A,16,3.638,150.89,-38.36,7,1
P047,HRTF_A,16,3.652,151.08,-38.95,7,1
P047,HRTF_A,16,3.666,151.28,-39.56,7,1
P047,HRTF_A,16,3.680,151.51,-40.13,7,1
P047,HRTF_A,16,3.694,151.68,-40.61,7,1
P047,HRTF_A,16,3.708,151.82,-40.85,7,1
P047,HRTF_A,16,3.722,152.02,-41.13,7,1
P047,HRTF_A,16,3.735,152.13,-41.32,7,1
P047,HRTF_A,16,3.749,152.28,-41.50,7,1
P047,HRTF_A,16,3.763,152.43,-41.57,7,1
P047,HRTF_A,16,3.777,152.54,-41.70,7,1
P047,HRTF_A,16,3.791,152.62,-41.82,7,1
P047,HRTF_A,16,3.805,152.62,-41.92,7,1
P047,HRTF_A,16,3.819,152.64,-42.04,7,1
P047,HRTF_A,16,3.833,152.68,-42.16,7,1
P047,HRTF_A,16,3.846,152.67,-42.27,7,1
P047,HRTF_A,16,3.860,152.70,-42.27,7,1
P047,HRTF_A,16,3.874,152.82,-42.08,7,1
P047,HRTF_A,16,3.888,153.09,-41.72,7,1
P047,HRTF_A,16,3.902,153.38,-41.24,7,1
P047,HRTF_A,16,3.916,154.14,-40.45,7,1
P047,HRTF_A,16,3.930,155.18,-39.53,7,1
P047,HRTF_A,16,3.944,156.81,-38.24,7,1
P047,HRTF_A,16,3.958,158.68,-36.71,7,1
P047,HRTF_A,16,3.972,160.83,-34.93,7,1
P047,HRTF_A,16,3.985,162.70,-32.98,7,1
P047,HRTF_A,16,3.999,164.57,-31.02,7,1
P047,HRTF_A,16,4.013,166.31,-29.10,7,1
P047,HRTF_A,16,4.027,167.96,-27.18,7,1
P047,HRTF_A,16,4.041,169.51,-25.28,7,1
P047,HRTF_A,16,4.055,170.94,-23.36,7,1
P047,HRTF_A,16,4.069,172.29,-21.52,7,1
P047,HRTF_A,16,4.083,173.70,-19.74,7,1
P047,HRTF_A,16,4.097,175.09,-17.96,7,1
P047,HRTF_A,16,4.110,176.50,-16.28,7,1
P047,HRTF_A,16,4.124,177.85,-14.60,7,1
P047,HRTF_A,16,4.138,179.14,-13.22,7,1
P047,HRTF_A,16,4.152,-179.58,-12.10,7,1
P047,HRTF_A,16,4.166,-178.26,-11.25,7,1
P047,HRTF_A,16,4.180,-176.96,-10.51,7,1
P047,HRTF_A,16,4.194,-175.72,-9.86,7,1
P047,HRTF_A,16,4.208,-174.76,-9.15,7,1
P047,HRTF_A,16,4.221,-173.84,-8.40,7,1
P047,HRTF_A,16,4.236,-173.11,-7.70,7,1
P047,HRTF_A,16,4.249,-172.56,-7.16,7,1
P047,HRTF_A,16,4.263,-172.07,-6.70,7,1
P047,HRTF_A,16,4.277,-171.69,-6.24,7,1
P047,HRTF_A,16,4.291,-171.24,-5.78,7,1
P047,HRTF_A,16,4.305,-171.01,-5.53,7,1
P047,HRTF_A,16,4.319,-170.67,-5.33,7,1
P047,HRTF_A,16,4.333,-170.40,-5.43,7,1
P047,HRTF_A,16,4.347,-170.14,-5.58,7,1
P047,HRTF_A,16,4.361,-169.88,-5.72,7,1
P047,HRTF_A,16,4.374,-169.53,-5.80,7,1
P047,HRTF_A,16,4.388,-169.22,-5.81,7,1
P047,HRTF_A,16,4.402,-168.92,-5.80,7,1
P047,HRTF_A,16,4.416,-168.66,-5.95,7,1
P047,HRTF_A,16,4.430,-168.38,-6.36,7,1
P047,HRTF_A,16,4.444,-168.09,-6.79,7,1
P047,HRTF_A,16,4.458,-167.73,-7.19,7,1
P047,HRTF_A,16,4.471,-167.42,-7.46,7,1
P047,HRTF_A,16,4.485,-167.17,-7.74,7,1
P047,HRTF_A,16,4.499,-166.88,-8.05,7,1
P047,HRTF_A,16,4.513,-166.60,-8.49,7,1
P047,HRTF_A,16,4.527,-166.31,-8.91,7,1
P047,HRTF_A,16,4.541,-165.99,-9.34,7,1
P047,HRTF_A,16,4.555,-165.68,-9.76,7,1
P047,HRTF_A,16,4.569,-165.37,-10.16,7,1
P047,HRTF_A,16,4.583,-165.06,-10.59,7,1
P047,HRTF_A,16,4.596,-164.75,-11.00,7,1
P047,HRTF_A,16,4.610,-164.46,-11.35,7,1
P047,HRTF_A,16,4.624,-164.23,-11.63,7,1
P047,HRTF_A,16,4.638,-163.95,-11.83,7,1
P047,HRTF_A,16,4.652,-163.69,-12.05,7,1
P047,HRTF_A,16,4.666,-163.48,-12.23,7,1
P047,HRTF_A,16,4.680,-163.31,-12.34,7,1
P047,HRTF_A,16,4.694,-163.21,-12.39,7,1
P047,HRTF_A,16,4.707,-163.13,-12.40,7,1
P047,HRTF_A,16,4.721,-163.09,-12.33,7,1
P047,HRTF_A,16,4.735,-163.06,-12.24,7,1
P047,HRTF_A,16,4.749,-163.10,-12.11,7,1
P047,HRTF_A,16,4.763,-163.14,-12.03,7,1
P047,HRTF_A,16,4.777,-163.21,-12.01,7,1
P047,HRTF_A,16,4.791,-163.28,-12.01,7,1
P047,HRTF_A,16,4.805,-163.34,-12.10,7,1
P047,HRTF_A,16,4.819,-163.37,-12.12,7,1
P047,HRTF_A,16,4.833,-163.37,-12.13,7,1
P047,HRTF_A,16,4.846,-163.36,-12.16,7,1
P047,HRTF_A,16,4.860,-163.35,-12.17,7,1
P047,HRTF_A,16,4.874,-163.36,-12.17,7,1
P047,HRTF_A,16,4.888,-163.46,-12.10,7,1
P047,HRTF_A,16,4.902,-163.59,-12.05,7,1
P047,HRTF_A,16,4.916,-163.89,-11.98,7,1
P047,HRTF_A,16,4.929,-164.24,-11.93,7,1
P047,HRTF_A,16,4.944,-164.72,-11.89,7,1
P047,HRTF_A,16,4.957,-165.33,-11.82,7,1
P047,HRTF_A,16,4.972,-166.09,-11.72,7,1
P047,HRTF_A,16,4.985,-166.99,-11.62,7,1
P047,HRTF_A,16,4.999,-167.96,-11.52,7,1
P047,HRTF_A,16,5.013,-169.04,-11.52,7,1
P047,HRTF_A,16,5.027,-170.21,-11.56,7,1
P047,HRTF_A,16,5.041,-171.65,-11.59,7,1
P047,HRTF_A,16,5.055,-173.21,-11.65,7,1
P047,HRTF_A,16,5.068,-174.98,-11.82,7,1
P047,HRTF_A,16,5.083,-176.97,-12.07,7,1
P047,HRTF_A,16,5.096,-179.10,-12.37,7,1
P047,HRTF_A,16,5.110,178.71,-12.52,7,1
P047,HRTF_A,16,5.124,176.36,-12.61,7,1
P047,HRTF_A,16,5.138,173.98,-12.65,7,1
P047,HRTF_A,16,5.152,171.31,-12.61,7,1
P047,HRTF_A,16,5.166,168.61,-12.57,7,1
P047,HRTF_A,16,5.180,165.94,-12.55,7,1
P047,HRTF_A,16,5.193,163.29,-12.48,7,1
P047,HRTF_A,16,5.207,160.60,-12.32,7,1
P047,HRTF_A,16,5.221,157.82,-12.13,7,1
P047,HRTF_A,16,5.235,154.96,-11.82,7,1
P047,HRTF_A,16,5.249,152.09,-11.46,7,1
P047,HRTF_A,16,5.263,149.37,-11.28,7,1
P047,HRTF_A,16,5.277,146.69,-11.17,7,1
P047,HRTF_A,16,5.291,144.03,-11.08,7,1
P047,HRTF_A,16,5.305,141.28,-10.90,7,1
P047,HRTF_A,16,5.318,138.46,-10.59,7,1
P047,HRTF_A,16,5.332,135.59,-10.19,7,1
P047,HRTF_A,16,5.346,132.76,-9.92,7,1
P047,HRTF_A,16,5.360,130.01,-9.72,7,1
P047,HRTF_A,16,5.374,127.27,-9.51,7,1
P047,HRTF_A,16,5.388,124.50,-9.33,7,1
P047,HRTF_A,16,5.402,121.73,-9.14,7,1
P047,HRTF_A,16,5.416,119.02,-9.01,7,1
P047,HRTF_A,16,5.430,116.49,-8.94,7,1
P047,HRTF_A,16,5.444,114.03,-8.96,7,1
P047,HRTF_A,16,5.457,111.79,-9.20,7,1
P047,HRTF_A,16,5.471,109.53,-9.31,7,1
P047,HRTF_A,16,5.485,107.29,-9.37,7,1
P047,HRTF_A,16,5.499,105.22,-9.43,7,1
P047,HRTF_A,16,5.513,103.16,-9.62,7,1
P047,HRTF_A,16,5.527,101.07,-9.77,7,1
P047,HRTF_A,16,5.541,99.08,-9.93,7,1
P047,HRTF_A,16,5.555,97.14,-10.07,7,1
P047,HRTF_A,16,5.568,95.28,-10.27,7,1
P047,HRTF_A,16,5.582,93.52,-10.47,7,1
P047,HRTF_A,16,5.596,91.81,-10.64,7,1
P047,HRTF_A,16,5.610,90.16,-10.78,7,1
P047,HRTF_A,16,5.624,88.62,-10.92,7,1
P047,HRTF_A,16,5.638,87.04,-11.07,7,1
P047,HRTF_A,16,5.652,85.50,-11.13,7,1
P047,HRTF_A,16,5.666,83.99,-11.26,7,1
P047,HRTF_A,16,5.679,82.55,-11.46,7,1
P047,HRTF_A,16,5.693,81.09,-11.62,7,1
P047,HRTF_A,16,5.707,79.61,-11.75,7,1
P047,HRTF_A,16,5.721,78.10,-11.82,7,1
P047,HRTF_A,16,5.735,76.62,-11.87,7,1
P047,HRTF_A,16,5.749,75.20,-11.96,7,1
P047,HRTF_A,16,5.763,73.81,-12.16,7,1
P047,HRTF_A,16,5.777,72.46,-12.40,7,1
P047,HRTF_A,16,5.790,71.14,-12.61,7,1
P047,HRTF_A,16,5.805,69.83,-12.73,7,1
P047,HRTF_A,16,5.818,68.62,-12.88,7,1
P047,HRTF_A,16,5.832,67.38,-12.98,7,1
P047,HRTF_A,16,5.846,66.14,-13.13,7,1
P047,HRTF_A,16,5.860,64.86,-13.32,7,1
P047,HRTF_A,16,5.874,63.63,-13.50,7,1
P047,HRTF_A,16,5.888,62.38,-13.73,7,1
P047,HRTF_A,16,5.902,61.20,-13.95,7,1
P047,HRTF_A,16,5.915,60.01,-14.08,7,1
P047,HRTF_A,16,5.929,58.77,-14.19,7,1
P047,HRTF_A,16,5.943,57.45,-14.30,7,1
P047,HRTF_A,16,5.957,56.15,-14.47,7,1
P047,HRTF_A,16,5.971,54.73,-14.68,7,1
P047,HRTF_A,16,5.985,53.36,-14.98,7,1
P047,HRTF_A,16,5.999,51.96,-15.28,7,1
P047,HRTF_A,16,6.013,50.54,-15.48,7,1
P047,HRTF_A,16,6.027,49.09,-15.70,7,1
P047,HRTF_A,16,6.041,47.59,-15.92,7,1
P047,HRTF_A,16,6.054,46.14,-16.11,7,1
P047,HRTF_A,16,6.068,44.70,-16.24,7,1
P047,HRTF_A,16,6.082,43.34,-16.38,7,1
P047,HRTF_A,16,6.096,42.04,-16.46,7,1
P047,HRTF_A,16,6.110,40.77,-16.47,7,1
P047,HRTF_A,16,6.124,39.52,-16.38,7,1
P047,HRTF_A,16,6.138,38.26,-16.34,7,1
P047,HRTF_A,16,6.151,36.99,-16.24,7,1
P047,HRTF_A,16,6.165,35.72,-16.14,7,1
P047,HRTF_A,16,6.179,34.46,-16.00,7,1
P047,HRTF_A,16,6.193,33.18,-15.86,7,1
P047,HRTF_A,16,6.207,31.90,-15.78,7,1
P047,HRTF_A,16,6.221,30.63,-15.80,7,1
P047,HRTF_A,16,6.235,29.32,-15.76,7,1
P047,HRTF_A,16,6.249,28.03,-15.75,7,1
P047,HRTF_A,16,6.263,26.71,-15.67,7,1
P047,HRTF_A,16,6.276,25.39,-15.61,7,1
P047,HRTF_A,16,6.290,24.18,-15.60,7,1
P047,HRTF_A,16,6.304,23.08,-15.82,7,1
P047,HRTF_A,16,6.318,22.04,-16.17,7,1
P047,HRTF_A,16,6.332,21.08,-16.64,7,1
P047,HRTF_A,16,6.346,20.22,-16.99,7,1
P047,HRTF_A,16,6.360,19.43,-17.33,7,1
P047,HRTF_A,16,6.374,18.70,-17.62,7,1
P047,HRTF_A,16,6.388,18.13,-17.87,7,1
P047,HRTF_A,16,6.401,17.66,-18.08,7,1
P047,HRTF_A,16,6.416,17.24,-18.28,7,1
P047,HRTF_A,16,6.429,16.89,-18.50,7,1
P047,HRTF_A,16,6.443,16.69,-18.90,7,1
P047,HRTF_A,16,6.457,16.61,-19.58,7,1
P047,HRTF_A,16,6.471,16.58,-20.43,7,1
P047,HRTF_A,16,6.485,16.72,-21.32,7,1
P047,HRTF_A,16,6.499,16.80,-22.14,7,1
P047,HRTF_A,16,6.513,16.86,-22.86,7,1
P047,HRTF_A,16,6.527,17.03,-23.71,7,1
P047,HRTF_A,16,6.540,17.31,-24.69,7,1
P047,HRTF_A,16,6.554,17.76,-25.65,7,1
P047,HRTF_A,16,6.568,18.13,-26.57,7,1
P047,HRTF_A,16,6.582,18.54,-27.66,7,1
P047,HRTF_A,16,6.596,19.13,-28.97,7,1
P047,HRTF_A,16,6.610,19.87,-29.95,7,1
P047,HRTF_A,16,6.624,20.65,-30.70,7,1
P047,HRTF_A,16,6.638,21.38,-31.18,7,1
P047,HRTF_A,16,6.651,22.03,-31.52,7,1
P047,HRTF_A,16,6.665,22.56,-31.52,7,1
P047,HRTF_A,16,6.679,23.11,-31.46,7,1
P047,HRTF_A,16,6.693,23.62,-31.37,7,1
P047,HRTF_A,16,6.707,24.12,-31.34,7,1
P047,HRTF_A,16,6.721,24.64,-31.41,7,1
P047,HRTF_A,16,6.735,25.12,-31.58,7,1
P047,HRTF_A,16,6.748,25.54,-31.82,7,1
P047,HRTF_A,16,6.762,25.82,-31.95,7,1
P047,HRTF_A,16,6.776,26.03,-31.99,7,1
P047,HRTF_A,16,6.790,26.23,-31.94,7,1
P047,HRTF_A,16,6.804,26.39,-31.85,7,1
P047,HRTF_A,16,6.818,26.63,-31.78,7,1
P047,HRTF_A,17,0.014,0.81,1.45,6,1
P047,HRTF_A,17,0.028,0.87,1.48,6,1
P047,HRTF_A,17,0.041,0.93,1.51,6,1
P047,HRTF_A,17,0.055,0.99,1.55,6,1
P047,HRTF_A,17,0.070,1.04,1.58,6,1
P047,HRTF_A,17,0.083,1.08,1.61,6,1
P047,HRTF_A,17,0.097,1.12,1.62,6,1
P047,HRTF_A,17,0.111,1.16,1.60,6,1
P047,HRTF_A,17,0.125,1.21,1.57,6,1
P047,HRTF_A,17,0.139,1.24,1.57,6,1
P047,HRTF_A,17,0.153,1.28,1.57,6,1
P047,HRTF_A,17,0.166,1.31,1.59,6,1
P047,HRTF_A,17,0.180,1.34,1.61,6,1
P047,HRTF_A,17,0.194,1.40,1.62,6,1
P047,HRTF_A,17,0.208,1.45,1.58,6,1
P047,HRTF_A,17,0.222,1.48,1.54,6,1
P047,HRTF_A,17,0.236,1.52,1.50,6,1
P047,HRTF_A,17,0.250,1.55,1.48,6,1
P047,HRTF_A,17,0.264,1.59,1.49,6,1
P047,HRTF_A,17,0.278,1.64,1.49,6,1
P047,HRTF_A,17,0.291,1.66,1.47,6,1
P047,HRTF_A,17,0.305,1.70,1.46,6,1
P047,HRTF_A,17,0.319,1.74,1.41,6,1
P047,HRTF_A,17,0.333,1.78,1.32,6,1
P047,HRTF_A,17,0.347,1.82,1.25,6,1
P047,HRTF_A,17,0.361,1.89,1.19,6,1
P047,HRTF_A,17,0.375,1.95,1.11,6,1
P047,HRTF_A,17,0.389,2.00,1.08,6,1
P047,HRTF_A,17,0.402,2.08,1.06,6,1
P047,HRTF_A,17,0.416,2.15,1.05,6,1
P047,HRTF_A,17,0.430,2.23,1.06,6,1
P047,HRTF_A,17,0.444,2.33,1.05,6,1
P047,HRTF_A,17,0.458,2.42,1.05,6,1
P047,HRTF_A,17,0.472,2.50,1.02,6,1
P047,HRTF_A,17,0.486,2.61,1.01,6,1
P047,HRTF_A,17,0.500,2.67,1.01,6,1
P047,HRTF_A,17,0.514,2.74,1.01,6,1
P047,HRTF_A,17,0.528,2.80,0.98,6,1
P047,HRTF_A,17,0.541,2.85,0.98,6,1
P047,HRTF_A,17,0.555,2.90,0.94,6,1
P047,HRTF_A,17,0.569,2.95,0.91,6,1
P047,HRTF_A,17,0.583,3.01,0.91,6,1
P047,HRTF_A,17,0.597,3.05,0.90,6,1
P047,HRTF_A,17,0.611,3.09,0.89,6,1
P047,HRTF_A,17,0.625,3.13,0.84,6,1
P047,HRTF_A,17,0.639,3.16,0.79,6,1
P047,HRTF_A,17,0.652,3.20,0.75,6,1
P047,HRTF_A,17,0.666,3.23,0.71,6,1
P047,HRTF_A,17,0.680,3.25,0.68,6,1
P047,HRTF_A,17,0.694,3.28,0.67,6,1
P047,HRTF_A,17,0.708,3.31,0.66,6,1
P047,HRTF_A,17,0.722,3.34,0.64,6,1
P047,HRTF_A,17,0.736,3.35,0.64,6,1
P047,HRTF_A,17,0.750,3.37,0.62,6,1
P047,HRTF_A,17,0.764,3.40,0.62,6,1
P047,HRTF_A,17,0.777,3.44,0.64,6,1
P047,HRTF_A,17,0.791,3.49,0.65,6,1
P047,HRTF_A,17,0.805,3.54,0.67,6,1
P047,HRTF_A,17,0.819,3.56,0.68,6,1
P047,HRTF_A,17,0.833,3.60,0.68,6,1
P047,HRTF_A,17,0.847,3.64,0.70,6,1
P047,HRTF_A,17,0.861,3.70,0.73,6,1
P047,HRTF_A,17,0.875,3.73,0.74,6,1
P047,HRTF_A,17,0.889,3.80,0.76,6,1
P047,HRTF_A,17,0.903,3.84,0.75,6,1
P047,HRTF_A,17,0.916,3.90,0.75,6,1
P047,HRTF_A,17,0.930,3.95,0.76,6,1
P047,HRTF_A,17,0.944,4.02,0.75,6,1
P047,HRTF_A,17,0.958,4.13,0.71,6,1
P047,HRTF_A,17,0.972,4.29,0.65,6,1
P047,HRTF_A,17,0.986,4.51,0.59,6,1
P047,HRTF_A,17,1.000,4.85,0.54,6,1
P047,HRTF_A,17,1.014,5.16,0.52,6,1
P047,HRTF_A,17,1.027,5.55,0.55,6,1
P047,HRTF_A,17,1.041,5.99,0.57,6,1
P047,HRTF_A,17,1.055,6.45,0.58,6,1
P047,HRTF_A,17,1.069,6.95,0.59,6,1
P047,HRTF_A,17,1.083,7.55,0.53,6,1
P047,HRTF_A,17,1.097,8.18,0.42,6,1
P047,HRTF_A,17,1.111,8.90,0.27,6,1
P047,HRTF_A,17,1.125,9.66,0.15,6,1
P047,HRTF_A,17,1.139,10.51,0.02,6,1
P047,HRTF_A,17,1.153,11.37,-0.06,6,1
P047,HRTF_A,17,1.167,12.32,-0.16,6,1
P047,HRTF_A,17,1.180,13.26,-0.17,6,1
P047,HRTF_A,17,1.194,14.35,-0.19,6,1
P047,HRTF_A,17,1.208,15.40,-0.23,6,1
P047,HRTF_A,17,1.222,16.49,-0.27,6,1
P047,HRTF_A,17,1.236,17.62,-0.38,6,1
P047,HRTF_A,17,1.250,18.80,-0.50,6,1
P047,HRTF_A,17,1.264,19.93,-0.59,6,1
P047,HRTF_A,17,1.278,21.16,-0.61,6,1
P047,HRTF_A,17,1.291,22.34,-0.66,6,1
P047,HRTF_A,17,1.305,23.54,-0.63,6,1
P047,HRTF_A,17,1.319,24.77,-0.67,6,1
P047,HRTF_A,17,1.333,26.01,-0.75,6,1
P047,HRTF_A,17,1.347,27.30,-0.83,6,1
P047,HRTF_A,17,1.361,28.56,-0.92,6,1
P047,HRTF_A,17,1.375,29.92,-1.04,6,1
P047,HRTF_A,17,1.389,31.24,-1.09,6,1
P047,HRTF_A,17,1.402,32.59,-1.18,6,1
P047,HRTF_A,17,1.416,33.95,-1.34,6,1
P047,HRTF_A,17,1.430,35.30,-1.48,6,1
P047,HRTF_A,17,1.444,36.73,-1.64,6,1
P047,HRTF_A,17,1.458,38.21,-1.78,6,1
P047,HRTF_A,17,1.472,39.69,-1.90,6,1
P047,HRTF_A,17,1.486,41.21,-2.04,6,1
P047,HRTF_A,17,1.499,42.75,-2.23,6,1
P047,HRTF_A,17,1.514,44.33,-2.49,6,1
P047,HRTF_A,17,1.527,45.97,-2.83,6,1
P047,HRTF_A,17,1.541,47.64,-3.13,6,1
P047,HRTF_A,17,1.555,49.35,-3.39,6,1
P047,HRTF_A,17,1.569,51.01,-3.63,6,1
P047,HRTF_A,17,1.583,52.60,-4.01,6,1
P047,HRTF_A,17,1.597,54.04,-4.51,6,1
P047,HRTF_A,17,1.611,55.37,-5.12,6,1
P047,HRTF_A,17,1.625,56.39,-5.83,6,1
P047,HRTF_A,17,1.638,57.21,-6.41,6,1
P047,HRTF_A,17,1.652,58.10,-6.82,6,1
P047,HRTF_A,17,1.666,58.73,-7.06,6,1
P047,HRTF_A,17,1.680,59.35,-7.28,6,1
P047,HRTF_A,17,1.694,59.91,-7.51,6,1
P047,HRTF_A,17,1.708,60.34,-7.81,6,1
P047,HRTF_A,17,1.722,60.65,-8.08,6,1
P047,HRTF_A,17,1.736,60.91,-8.33,6,1
P047,HRTF_A,17,1.749,61.14,-8.51,6,1
P047,HRTF_A,17,1.763,61.35,-8.65,6,1
P047,HRTF_A,17,1.777,61.52,-8.76,6,1
P047,HRTF_A,17,1.791,61.68,-8.83,6,1
P047,HRTF_A,17,1.805,61.89,-9.13,6,1
P047,HRTF_A,17,1.819,62.12,-9.44,6,1
P047,HRTF_A,17,1.833,62.37,-9.71,6,1
P047,HRTF_A,17,1.847,62.64,-9.92,6,1
P047,HRTF_A,17,1.861,62.87,-10.09,6,1
P047,HRTF_A,17,1.875,63.12,-10.26,6,1
P047,HRTF_A,17,1.889,63.25,-10.56,6,1
P047,HRTF_A,17,1.902,63.33,-10.88,6,1
P047,HRTF_A,17,1.916,63.26,-11.17,6,1
P047,HRTF_A,17,1.930,63.17,-11.35,6,1
P047,HRTF_A,17,1.944,63.11,-11.43,6,1
P047,HRTF_A,17,1.958,63.04,-11.53,6,1
P047,HRTF_A,17,1.972,62.96,-11.66,6,1
P047,HRTF_A,17,1.986,62.82,-11.83,6,1
P047,HRTF_A,17,1.999,62.68,-12.00,6,1
P047,HRTF_A,17,2.013,62.51,-12.17,6,1
P047,HRTF_A,17,2.027,62.33,-12.27,6,1
P047,HRTF_A,17,2.041,62.12,-12.32,6,1
P047,HRTF_A,17,2.055,61.87,-12.47,6,1
P047,HRTF_A,17,2.069,61.66,-12.66,6,1
P047,HRTF_A,17,2.083,61.47,-12.86,6,1
P047,HRTF_A,17,2.097,61.30,-13.05,6,1
P047,HRTF_A,17,2.111,61.15,-13.22,6,1
P047,HRTF_A,17,2.125,61.00,-13.39,6,1
P047,HRTF_A,17,2.139,60.84,-13.59,6,1
P047,HRTF_A,17,2.152,60.68,-13.78,6,1
P047,HRTF_A,17,2.166,60.52,-13.98,6,1
P047,HRTF_A,17,2.180,60.36,-14.14,6,1
P047,HRTF_A,17,2.194,60.20,-14.24,6,1
P047,HRTF_A,17,2.208,60.04,-14.32,6,1
P047,HRTF_A,17,2.222,59.85,-14.40,6,1
P047,HRTF_A,17,2.235,59.63,-14.51,6,1
P047,HRTF_A,17,2.249,59.41,-14.60,6,1
P047,HRTF_A,17,2.263,59.16,-14.64,6,1
P047,HRTF_A,17,2.277,58.91,-14.63,6,1
P047,HRTF_A,17,2.291,58.66,-14.57,6,1
P047,HRTF_A,17,2.305,58.42,-14.50,6,1
P047,HRTF_A,17,2.319,58.17,-14.46,6,1
P047,HRTF_A,17,2.333,57.93,-14.44,6,1
P047,HRTF_A,17,2.346,57.70,-14.43,6,1
P047,HRTF_A,17,2.360,57.49,-14.42,6,1
P047,HRTF_A,17,2.374,57.29,-14.46,6,1
P047,HRTF_A,17,2.388,57.12,-14.49,6,1
P047,HRTF_A,17,2.402,56.96,-14.49,6,1
P047,HRTF_A,17,2.416,56.81,-14.48,6,1
P047,HRTF_A,17,2.430,56.64,-14.48,6,1
P047,HRTF_A,17,2.444,56.48,-14.49,6,1
P047,HRTF_A,17,2.458,56.29,-14.50,6,1
P047,HRTF_A,17,2.472,56.09,-14.53,6,1
P047,HRTF_A,17,2.485,55.89,-14.56,6,1
P047,HRTF_A,17,2.500,55.69,-14.64,6,1
P047,HRTF_A,17,2.513,55.48,-14.72,6,1
P047,HRTF_A,17,2.527,55.30,-14.78,6,1
P047,HRTF_A,18,0.014,-0.44,-1.50,20,1
P047,HRTF_A,18,0.028,-0.74,-1.46,20,1
P047,HRTF_A,18,0.042,-1.05,-1.41,20,1
P047,HRTF_A,18,0.055,-1.38,-1.40,20,1
P047,HRTF_A,18,0.069,-1.61,-1.39,20,1
P047,HRTF_A,18,0.083,-1.88,-1.37,20,1
P047,HRTF_A,18,0.098,-2.14,-1.36,20,1
P047,HRTF_A,18,0.111,-2.35,-1.36,20,1
P047,HRTF_A,18,0.125,-2.57,-1.37,20,1
P047,HRTF_A,18,0.139,-2.76,-1.40,20,1
P047,HRTF_A,18,0.153,-2.95,-1.40,20,1
P047,HRTF_A,18,0.166,-3.13,-1.42,20,1
P047,HRTF_A,18,0.180,-3.32,-1.45,20,1
P047,HRTF_A,18,0.194,-3.47,-1.50,20,1
P047,HRTF_A,18,0.208,-3.64,-1.55,20,1
P047,HRTF_A,18,0.222,-3.78,-1.61,20,1
P047,HRTF_A,18,0.236,-3.92,-1.65,20,1
P047,HRTF_A,18,0.250,-4.04,-1.71,20,1
P047,HRTF_A,18,0.264,-4.14,-1.76,20,1
P047,HRTF_A,18,0.278,-4.22,-1.81,20,1
P047,HRTF_A,18,0.292,-4.29,-1.86,20,1
P047,HRTF_A,18,0.305,-4.34,-1.92,20,1
P047,HRTF_A,18,0.319,-4.39,-1.98,20,1
P047,HRTF_A,18,0.333,-4.44,-2.04,20,1
P047,HRTF_A,18,0.347,-4.50,-2.11,20,1
P047,HRTF_A,18,0.361,-4.54,-2.18,20,1
P047,HRTF_A,18,0.375,-4.56,-2.24,20,1
P047,HRTF_A,18,0.389,-4.58,-2.32,20,1
P047,HRTF_A,18,0.403,-4.60,-2.37,20,1
P047,HRTF_A,18,0.416,-4.62,-2.43,20,1
P047,HRTF_A,18,0.430,-4.64,-2.48,20,1
P047,HRTF_A,18,0.444,-4.62,-2.51,20,1
P047,HRTF_A,18,0.458,-4.61,-2.53,20,1
P047,HRTF_A,18,0.472,-4.57,-2.59,20,1
P047,HRTF_A,18,0.486,-4.53,-2.60,20,1
P047,HRTF_A,18,0.500,-4.49,-2.62,20,1
P047,HRTF_A,18,0.514,-4.42,-2.65,20,1
P047,HRTF_A,18,0.528,-4.35,-2.69,20,1
P047,HRTF_A,18,0.541,-4.28,-2.75,20,1
P047,HRTF_A,18,0.556,-4.21,-2.79,20,1
P047,HRTF_A,18,0.569,-4.11,-2.84,20,1
P047,HRTF_A,18,0.584,-4.01,-2.89,20,1
P047,HRTF_A,18,0.597,-3.89,-2.94,20,1
P047,HRTF_A,18,0.611,-3.77,-3.01,20,1
P047,HRTF_A,18,0.625,-3.63,-3.07,20,1
P047,HRTF_A,18,0.639,-3.49,-3.12,20,1
P047,HRTF_A,18,0.653,-3.35,-3.16,20,1
P047,HRTF_A,18,0.666,-3.18,-3.18,20,1
P047,HRTF_A,18,0.680,-3.02,-3.23,20,1
P047,HRTF_A,18,0.694,-2.87,-3.28,20,1
P047,HRTF_A,18,0.708,-2.69,-3.32,20,1
P047,HRTF_A,18,0.722,-2.53,-3.35,20,1
P047,HRTF_A,18,0.736,-2.36,-3.38,20,1
P047,HRTF_A,18,0.750,-2.19,-3.40,20,1
P047,HRTF_A,18,0.764,-2.01,-3.43,20,1
P047,HRTF_A,18,0.778,-1.81,-3.44,20,1
P047,HRTF_A,18,0.791,-1.62,-3.47,20,1
P047,HRTF_A,18,0.805,-1.42,-3.51,20,1
P047,HRTF_A,18,0.819,-1.21,-3.56,20,1
P047,HRTF_A,18,0.833,-1.04,-3.58,20,1
P047,HRTF_A,18,0.847,-0.86,-3.59,20,1
P047,HRTF_A,18,0.861,-0.69,-3.62,20,1
P047,HRTF_A,18,0.875,-0.55,-3.64,20,1
P047,HRTF_A,18,0.889,-0.41,-3.64,20,1
P047,HRTF_A,18,0.903,-0.30,-3.62,20,1
P047,HRTF_A,18,0.916,-0.22,-3.58,20,1
P047,HRTF_A,18,0.934,-0.20,-3.58,20,1
P047,HRTF_A,18,0.947,-0.26,-3.52,20,1
P047,HRTF_A,18,0.962,-0.37,-3.52,20,1
P047,HRTF_A,18,0.975,-0.59,-3.57,20,1
P047,HRTF_A,18,0.989,-0.88,-3.63,20,1
P047,HRTF_A,18,1.003,-1.33,-3.77,20,1
P047,HRTF_A,18,1.017,-1.82,-4.00,20,1
P047,HRTF_A,18,1.038,-2.39,-4.22,20,1
P047,HRTF_A,18,1.056,-3.37,-4.51,20,1
P047,HRTF_A,18,1.069,-4.85,-4.93,20,1
P047,HRTF_A,18,1.083,-5.93,-5.16,20,1
P047,HRTF_A,18,1.097,-7.01,-5.35,20,1
P047,HRTF_A,18,1.111,-8.10,-5.53,20,1
P047,HRTF_A,18,1.125,-9.42,-5.60,20,1
P047,HRTF_A,18,1.139,-10.78,-5.77,20,1
P047,HRTF_A,18,1.153,-12.21,-6.03,20,1
P047,HRTF_A,18,1.167,-13.67,-6.34,20,1
P047,HRTF_A,18,1.180,-15.26,-6.60,20,1
P047,HRTF_A,18,1.194,-16.84,-6.86,20,1
P047,HRTF_A,18,1.208,-18.48,-7.00,20,1
P047,HRTF_A,18,1.222,-20.16,-7.11,20,1
P047,HRTF_A,18,1.236,-21.84,-7.21,20,1
P047,HRTF_A,18,1.250,-23.50,-7.25,20,1
P047,HRTF_A,18,1.264,-25.10,-7.33,20,1
P047,HRTF_A,18,1.278,-26.87,-7.36,20,1
P047,HRTF_A,18,1.292,-28.66,-7.36,20,1
P047,HRTF_A,18,1.305,-30.51,-7.40,20,1
P047,HRTF_A,18,1.319,-32.20,-7.46,20,1
P047,HRTF_A,18,1.333,-33.86,-7.60,20,1
P047,HRTF_A,18,1.347,-35.38,-7.81,20,1
P047,HRTF_A,18,1.362,-36.91,-7.95,20,1
P047,HRTF_A,18,1.375,-38.34,-8.07,20,1
P047,HRTF_A,18,1.389,-39.75,-8.11,20,1
P047,HRTF_A,18,1.403,-41.13,-8.04,20,1
P047,HRTF_A,18,1.417,-42.52,-8.02,20,1
P047,HRTF_A,18,1.430,-43.85,-7.97,20,1
P047,HRTF_A,18,1.444,-45.19,-7.89,20,1
P047,HRTF_A,18,1.458,-46.64,-7.74,20,1
P047,HRTF_A,18,1.472,-48.13,-7.54,20,1
P047,HRTF_A,18,1.486,-49.61,-7.34,20,1
P047,HRTF_A,18,1.500,-51.13,-7.05,20,1
P047,HRTF_A,18,1.514,-52.67,-6.82,20,1
P047,HRTF_A,18,1.528,-54.23,-6.70,20,1
P047,HRTF_A,18,1.542,-55.81,-6.62,20,1
P047,HRTF_A,18,1.556,-57.37,-6.64,20,1
P047,HRTF_A,18,1.570,-58.92,-6.58,20,1
P047,HRTF_A,18,1.583,-60.43,-6.52,20,1
P047,HRTF_A,18,1.597,-61.90,-6.44,20,1
P047,HRTF_A,18,1.611,-63.32,-6.29,20,1
P047,HRTF_A,18,1.625,-64.71,-6.15,20,1
P047,HRTF_A,18,1.639,-66.12,-5.98,20,1
P047,HRTF_A,18,1.653,-67.49,-5.84,20,1
P047,HRTF_A,18,1.667,-68.85,-5.67,20,1
P047,HRTF_A,18,1.680,-70.18,-5.45,20,1
P047,HRTF_A,18,1.694,-71.41,-5.21,20,1
P047,HRTF_A,18,1.708,-72.61,-5.06,20,1
P047,HRTF_A,18,1.722,-73.74,-4.97,20,1
P047,HRTF_A,18,1.736,-74.92,-5.01,20,1
P047,HRTF_A,18,1.750,-76.07,-5.11,20,1
P047,HRTF_A,18,1.764,-77.19,-5.35,20,1
P047,HRTF_A,18,1.778,-78.28,-5.46,20,1
P047,HRTF_A,18,1.791,-79.33,-5.47,20,1
P047,HRTF_A,18,1.805,-80.31,-5.48,20,1
P047,HRTF_A,18,1.819,-81.21,-5.48,20,1
P047,HRTF_A,18,1.833,-82.08,-5.43,20,1
P047,HRTF_A,18,1.847,-82.92,-5.33,20,1
P047,HRTF_A,18,1.861,-83.74,-5.34,20,1
P047,HRTF_A,18,1.875,-84.55,-5.53,20,1
P047,HRTF_A,18,1.889,-85.47,-5.86,20,1
P047,HRTF_A,18,1.903,-86.34,-6.13,20,1
P047,HRTF_A,18,1.917,-87.19,-6.33,20,1
P047,HRTF_A,18,1.930,-88.05,-6.44,20,1
P047,HRTF_A,18,1.944,-88.91,-6.56,20,1
P047,HRTF_A,18,1.958,-89.71,-6.75,20,1
P047,HRTF_A,18,1.972,-90.52,-6.99,20,1
P047,HRTF_A,18,1.986,-91.27,-7.27,20,1
P047,HRTF_A,18,2.000,-91.95,-7.50,20,1
P047,HRTF_A,18,2.014,-92.62,-7.69,20,1
P047,HRTF_A,18,2.028,-93.18,-7.83,20,1
P047,HRTF_A,18,2.042,-93.76,-8.17,20,1
P047,HRTF_A,18,2.056,-94.33,-8.62,20,1
P047,HRTF_A,18,2.069,-94.94,-9.09,20,1
P047,HRTF_A,18,2.083,-95.59,-9.51,20,1
P047,HRTF_A,18,2.097,-96.25,-9.89,20,1
P047,HRTF_A,18,2.111,-96.91,-10.19,20,1
P047,HRTF_A,18,2.125,-97.57,-10.43,20,1
P047,HRTF_A,18,2.139,-98.19,-10.48,20,1
P047,HRTF_A,18,2.153,-98.78,-10.41,20,1
P047,HRTF_A,18,2.166,-99.34,-10.10,20,1
P047,HRTF_A,18,2.180,-99.85,-9.66,20,1
P047,HRTF_A,18,2.194,-100.40,-9.27,20,1
P047,HRTF_A,18,2.208,-100.94,-8.93,20,1
P047,HRTF_A,18,2.222,-101.49,-8.62,20,1
P047,HRTF_A,18,2.236,-102.01,-8.22,20,1
P047,HRTF_A,18,2.250,-102.50,-7.80,20,1
P047,HRTF_A,18,2.263,-102.96,-7.35,20,1
P047,HRTF_A,18,2.278,-103.41,-6.93,20,1
P047,HRTF_A,18,2.291,-103.79,-6.57,20,1
P047,HRTF_A,18,2.305,-104.19,-6.26,20,1
P047,HRTF_A,18,2.319,-104.57,-5.87,20,1
P047,HRTF_A,18,2.333,-104.97,-5.42,20,1
P047,HRTF_A,18,2.347,-105.36,-4.90,20,1
P047,HRTF_A,18,2.361,-105.77,-4.30,20,1
P047,HRTF_A,18,2.375,-106.14,-3.62,20,1
P047,HRTF_A,18,2.389,-106.48,-2.93,20,1
P047,HRTF_A,18,2.403,-106.81,-2.12,20,1
P047,HRTF_A,18,2.416,-107.18,-1.34,20,1
P047,HRTF_A,18,2.430,-107.60,-0.71,20,1
P047,HRTF_A,18,2.444,-108.04,-0.15,20,1
P047,HRTF_A,18,2.458,-108.50,0.39,20,1
P047,HRTF_A,18,2.472,-108.94,0.92,20,1
P047,HRTF_A,18,2.486,-109.36,1.51,20,1
P047,HRTF_A,18,2.500,-109.69,2.20,20,1
P047,HRTF_A,18,2.514,-109.99,2.91,20,1
P047,HRTF_A,18,2.527,-110.16,3.74,20,1
P047,HRTF_A,18,2.541,-110.33,4.59,20,1
P047,HRTF_A,18,2.555,-110.44,5.43,20,1
P047,HRTF_A,18,2.569,-110.51,6.20,20,1
P047,HRTF_A,18,2.583,-110.51,6.88,20,1
P047,HRTF_A,18,2.597,-110.53,7.60,20,1
P047,HRTF_A,18,2.611,-110.47,8.29,20,1
P047,HRTF_A,18,2.625,-110.38,8.95,20,1
P047,HRTF_A,18,2.639,-110.23,9.60,20,1
P047,HRTF_A,18,2.652,-110.03,10.26,20,1
P047,HRTF_A,18,2.666,-109.78,10.87,20,1
P047,HRTF_A,18,2.680,-109.50,11.43,20,1
P047,HRTF_A,18,2.694,-109.19,11.95,20,1
P047,HRTF_A,18,2.708,-108.93,12.39,20,1
P047,HRTF_A,18,2.722,-108.71,12.65,20,1
P047,HRTF_A,18,2.736,-108.53,12.83,20,1
P047,HRTF_A,18,2.750,-108.41,13.02,20,1
P047,HRTF_A,18,2.764,-108.37,13.17,20,1
P047,HRTF_A,18,2.777,-108.45,13.25,20,1
P047,HRTF_A,18,2.791,-108.60,13.31,20,1
P047,HRTF_A,18,2.805,-108.85,13.30,20,1
P047,HRTF_A,18,2.819,-109.23,13.29,20,1
P047,HRTF_A,18,2.833,-109.76,13.24,20,1
P047,HRTF_A,18,2.847,-110.37,13.21,20,1
P047,HRTF_A,18,2.861,-111.10,13.18,20,1
P047,HRTF_A,18,2.875,-111.89,13.17,20,1
P047,HRTF_A,18,2.889,-112.75,13.12,20,1
P047,HRTF_A,18,2.903,-113.65,13.10,20,1
P047,HRTF_A,18,2.916,-114.54,13.14,20,1
P047,HRTF_A,18,2.930,-115.42,13.17,20,1
P047,HRTF_A,18,2.944,-116.35,13.33,20,1
P047,HRTF_A,18,2.958,-117.26,13.45,20,1
P047,HRTF_A,18,2.972,-118.28,13.59,20,1
P047,HRTF_A,18,2.986,-119.30,13.69,20,1
P047,HRTF_A,18,3.000,-120.29,13.80,20,1
P047,HRTF_A,18,3.013,-121.21,13.96,20,1
P047,HRTF_A,18,3.027,-122.04,14.12,20,1
P047,HRTF_A,18,3.041,-122.88,14.25,20,1
P047,HRTF_A,18,3.055,-123.60,14.43,20,1
P047,HRTF_A,18,3.069,-124.22,14.56,20,1
P047,HRTF_A,18,3.083,-124.79,14.67,20,1
P047,HRTF_A,18,3.097,-125.30,14.76,20,1
P047,HRTF_A,18,3.111,-125.70,14.80,20,1
P047,HRTF_A,18,3.124,-126.11,14.81,20,1
P047,HRTF_A,18,3.138,-126.35,14.77,20,1
P047,HRTF_A,19,0.014,3.30,-1.98,9,0
P047,HRTF_A,19,0.028,3.37,-1.95,9,0
P047,HRTF_A,19,0.042,3.44,-1.95,9,0
P047,HRTF_A,19,0.055,3.50,-1.94,9,0
P047,HRTF_A,19,0.069,3.56,-1.95,9,0
P047,HRTF_A,19,0.083,3.63,-2.00,9,0
P047,HRTF_A,19,0.098,3.70,-2.07,9,0
P047,HRTF_A,19,0.111,3.77,-2.18,9,0
P047,HRTF_A,19,0.125,3.88,-2.28,9,0
P047,HRTF_A,19,0.139,3.96,-2.37,9,0
P047,HRTF_A,19,0.153,4.04,-2.44,9,0
P047,HRTF_A,19,0.167,4.10,-2.50,9,0
P047,HRTF_A,19,0.181,4.16,-2.51,9,0
P047,HRTF_A,19,0.194,4.21,-2.54,9,0
P047,HRTF_A,19,0.208,4.26,-2.57,9,0
P047,HRTF_A,19,0.222,4.30,-2.63,9,0
P047,HRTF_A,19,0.236,4.36,-2.67,9,0
P047,HRTF_A,19,0.250,4.39,-2.68,9,0
P047,HRTF_A,19,0.264,4.45,-2.66,9,0
P047,HRTF_A,19,0.278,4.47,-2.64,9,0
P047,HRTF_A,19,0.292,4.50,-2.61,9,0
P047,HRTF_A,19,0.305,4.49,-2.61,9,0
P047,HRTF_A,19,0.320,4.50,-2.65,9,0
P047,HRTF_A,19,0.333,4.49,-2.69,9,0
P047,HRTF_A,19,0.347,4.50,-2.73,9,0
P047,HRTF_A,19,0.361,4.51,-2.78,9,0
P047,HRTF_A,19,0.375,4.49,-2.82,9,0
P047,HRTF_A,19,0.389,4.50,-2.84,9,0
P047,HRTF_A,19,0.403,4.50,-2.86,9,0
P047,HRTF_A,19,0.417,4.54,-2.81,9,0
P047,HRTF_A,19,0.430,4.54,-2.80,9,0
P047,HRTF_A,19,0.444,4.55,-2.77,9,0
P047,HRTF_A,19,0.458,4.54,-2.76,9,0
P047,HRTF_A,19,0.472,4.51,-2.76,9,0
P047,HRTF_A,19,0.486,4.49,-2.77,9,0
P047,HRTF_A,19,0.500,4.46,-2.78,9,0
P047,HRTF_A,19,0.514,4.46,-2.76,9,0
P047,HRTF_A,19,0.528,4.44,-2.77,9,0
P047,HRTF_A,19,0.542,4.41,-2.76,9,0
P047,HRTF_A,19,0.555,4.37,-2.77,9,0
P047,HRTF_A,19,0.569,4.34,-2.78,9,0
P047,HRTF_A,19,0.583,4.30,-2.77,9,0
P047,HRTF_A,19,0.597,4.26,-2.77,9,0
P047,HRTF_A,19,0.611,4.22,-2.77,9,0
P047,HRTF_A,19,0.625,4.16,-2.76,9,0
P047,HRTF_A,19,0.639,4.11,-2.76,9,0
P047,HRTF_A,19,0.653,4.07,-2.76,9,0
P047,HRTF_A,19,0.667,4.02,-2.79,9,0
P047,HRTF_A,19,0.680,3.99,-2.80,9,0
P047,HRTF_A,19,0.694,3.94,-2.81,9,0
P047,HRTF_A,19,0.708,3.90,-2.84,9,0
P047,HRTF_A,19,0.722,3.85,-2.85,9,0
P047,HRTF_A,19,0.736,3.80,-2.83,9,0
P047,HRTF_A,19,0.750,3.74,-2.82,9,0
P047,HRTF_A,19,0.764,3.69,-2.83,9,0
P047,HRTF_A,19,0.778,3.63,-2.82,9,0
P047,HRTF_A,19,0.792,3.57,-2.81,9,0
P047,HRTF_A,19,0.805,3.49,-2.79,9,0
P047,HRTF_A,19,0.819,3.42,-2.76,9,0
P047,HRTF_A,19,0.833,3.34,-2.74,9,0
P047,HRTF_A,19,0.847,3.26,-2.70,9,0
P047,HRTF_A,19,0.861,3.18,-2.68,9,0
P047,HRTF_A,19,0.875,3.07,-2.66,9,0
P047,HRTF_A,19,0.889,3.00,-2.66,9,0
P047,HRTF_A,19,0.903,2.92,-2.64,9,0
P047,HRTF_A,19,0.917,2.87,-2.62,9,0
P047,HRTF_A,19,0.930,2.85,-2.61,9,0
P047,HRTF_A,19,0.944,2.89,-2.61,9,0
P047,HRTF_A,19,0.958,2.96,-2.60,9,0
P047,HRTF_A,19,0.972,3.10,-2.60,9,0
P047,HRTF_A,19,0.986,3.30,-2.60,9,0
P047,HRTF_A,19,1.000,3.60,-2.60,9,0
P047,HRTF_A,19,1.014,4.00,-2.64,9,0
P047,HRTF_A,19,1.027,4.50,-2.63,9,0
P047,HRTF_A,19,1.041,5.20,-2.63,9,0
P047,HRTF_A,19,1.055,5.95,-2.73,9,0
P047,HRTF_A,19,1.069,6.92,-2.88,9,0
P047,HRTF_A,19,1.083,7.93,-2.98,9,0
P047,HRTF_A,19,1.097,9.10,-3.12,9,0
P047,HRTF_A,19,1.111,10.35,-3.17,9,0
P047,HRTF_A,19,1.125,11.64,-3.16,9,0
P047,HRTF_A,19,1.139,13.05,-3.12,9,0
P047,HRTF_A,19,1.153,14.63,-3.17,9,0
P047,HRTF_A,19,1.167,16.16,-3.14,9,0
P047,HRTF_A,19,1.180,17.68,-3.19,9,0
P047,HRTF_A,19,1.194,19.19,-3.12,9,0
P047,HRTF_A,19,1.208,20.69,-3.03,9,0
P047,HRTF_A,19,1.222,22.21,-2.86,9,0
P047,HRTF_A,19,1.236,23.76,-2.72,9,0
P047,HRTF_A,19,1.250,25.38,-2.60,9,0
P047,HRTF_A,19,1.263,26.94,-2.52,9,0
P047,HRTF_A,19,1.277,28.51,-2.42,9,0
P047,HRTF_A,19,1.291,30.05,-2.36,9,0
P047,HRTF_A,19,1.305,31.64,-2.34,9,0
P047,HRTF_A,19,1.319,33.33,-2.39,9,0
P047,HRTF_A,19,1.333,34.97,-2.51,9,0
P047,HRTF_A,19,1.347,36.60,-2.65,9,0
P047,HRTF_A,19,1.361,38.20,-2.82,9,0
P047,HRTF_A,19,1.375,39.81,-3.05,9,0
P047,HRTF_A,19,1.389,41.55,-3.34,9,0
P047,HRTF_A,19,1.403,43.37,-3.64,9,0
P047,HRTF_A,19,1.417,45.18,-3.90,9,0
P047,HRTF_A,19,1.430,46.96,-4.12,9,0
P047,HRTF_A,19,1.444,48.71,-4.29,9,0
P047,HRTF_A,19,1.458,50.49,-4.41,9,0
P047,HRTF_A,19,1.472,52.35,-4.52,9,0
P047,HRTF_A,19,1.486,54.23,-4.59,9,0
P047,HRTF_A,19,1.500,56.13,-4.48,9,0
P047,HRTF_A,19,1.514,58.03,-4.34,9,0
P047,HRTF_A,19,1.527,59.93,-4.05,9,0
P047,HRTF_A,19,1.541,61.82,-3.65,9,0
P047,HRTF_A,19,1.555,63.73,-3.17,9,0
P047,HRTF_A,19,1.569,65.62,-2.56,9,0
P047,HRTF_A,19,1.583,67.41,-1.99,9,0
P047,HRTF_A,19,1.597,69.23,-1.51,9,0
P047,HRTF_A,19,1.611,70.94,-1.23,9,0
P047,HRTF_A,19,1.625,72.68,-0.93,9,0
P047,HRTF_A,19,1.639,74.27,-0.75,9,0
P047,HRTF_A,19,1.653,75.77,-0.42,9,0
P047,HRTF_A,19,1.667,77.15,0.04,9,0
P047,HRTF_A,19,1.680,78.47,0.53,9,0
P047,HRTF_A,19,1.694,79.71,1.06,9,0
P047,HRTF_A,19,1.708,80.74,1.67,9,0
P047,HRTF_A,19,1.722,81.66,2.17,9,0
P047,HRTF_A,19,1.736,82.58,2.51,9,0
P047,HRTF_A,19,1.750,83.36,2.57,9,0
P047,HRTF_A,19,1.764,84.16,2.55,9,0
P047,HRTF_A,19,1.777,84.89,2.49,9,0
P047,HRTF_A,19,1.791,85.54,2.48,9,0
P047,HRTF_A,19,1.805,86.14,2.55,9,0
P047,HRTF_A,19,1.819,86.68,2.61,9,0
P047,HRTF_A,19,1.833,87.27,2.65,9,0
P047,HRTF_A,19,1.847,87.83,2.70,9,0
P047,HRTF_A,19,1.861,88.36,2.69,9,0
P047,HRTF_A,19,1.875,88.88,2.61,9,0
P047,HRTF_A,19,1.889,89.35,2.50,9,0
P047,HRTF_A,19,1.902,89.83,2.43,9,0
P047,HRTF_A,19,1.916,90.35,2.34,9,0
P047,HRTF_A,19,1.930,90.83,2.23,9,0
P047,HRTF_A,19,1.944,91.40,2.17,9,0
P047,HRTF_A,19,1.958,92.01,2.02,9,0
P047,HRTF_A,19,1.972,92.60,1.98,9,0
P047,HRTF_A,19,1.986,93.15,1.90,9,0
P047,HRTF_A,19,2.000,93.70,1.95,9,0
P047,HRTF_A,19,2.014,94.28,2.01,9,0
P047,HRTF_A,19,2.027,94.84,2.04,9,0
P047,HRTF_A,19,2.041,95.37,2.07,9,0
P047,HRTF_A,19,2.055,95.92,2.05,9,0
P047,HRTF_A,19,2.069,96.44,2.12,9,0
P047,HRTF_A,19,2.083,96.86,2.19,9,0
P047,HRTF_A,19,2.097,97.26,2.30,9,0
P047,HRTF_A,19,2.111,97.60,2.36,9,0
P047,HRTF_A,19,2.125,97.94,2.31,9,0
P047,HRTF_A,19,2.138,98.26,2.39,9,0
P047,HRTF_A,19,2.152,98.56,2.47,9,0
P047,HRTF_A,19,2.166,98.83,2.52,9,0
P047,HRTF_A,20,0.014,3.83,-0.59,22,0
P047,HRTF_A,20,0.028,3.68,-0.65,22,0
P047,HRTF_A,20,0.041,3.53,-0.75,22,0
P047,HRTF_A,20,0.056,3.39,-0.84,22,0
P047,HRTF_A,20,0.069,3.24,-0.92,22,0
P047,HRTF_A,20,0.083,3.11,-0.98,22,0
P047,HRTF_A,20,0.097,2.96,-1.04,22,0
P047,HRTF_A,20,0.111,2.83,-1.07,22,0
P047,HRTF_A,20,0.125,2.69,-1.08,22,0
P047,HRTF_A,20,0.139,2.56,-1.10,22,0
P047,HRTF_A,20,0.152,2.39,-1.12,22,0
P047,HRTF_A,20,0.166,2.25,-1.12,22,0
P047,HRTF_A,20,0.180,2.08,-1.13,22,0
P047,HRTF_A,20,0.194,1.90,-1.15,22,0
P047,HRTF_A,20,0.208,1.73,-1.19,22,0
P047,HRTF_A,20,0.222,1.55,-1.23,22,0
P047,HRTF_A,20,0.236,1.38,-1.28,22,0
P047,HRTF_A,20,0.250,1.21,-1.30,22,0
P047,HRTF_A,20,0.264,1.06,-1.32,22,0
P047,HRTF_A,20,0.278,0.91,-1.36,22,0
P047,HRTF_A,20,0.292,0.75,-1.42,22,0
P047,HRTF_A,20,0.305,0.61,-1.48,22,0
P047,HRTF_A,20,0.319,0.48,-1.54,22,0
P047,HRTF_A,20,0.333,0.38,-1.57,22,0
P047,HRTF_A,20,0.347,0.29,-1.59,22,0
P047,HRTF_A,20,0.361,0.19,-1.58,22,0
P047,HRTF_A,20,0.374,0.13,-1.57,22,0
P047,HRTF_A,20,0.389,0.07,-1.55,22,0
P047,HRTF_A,20,0.402,0.03,-1.52,22,0
P047,HRTF_A,20,0.416,-0.02,-1.53,22,0
P047,HRTF_A,20,0.430,-0.04,-1.57,22,0
P047,HRTF_A,20,0.444,-0.05,-1.61,22,0
P047,HRTF_A,20,0.458,-0.05,-1.65,22,0
P047,HRTF_A,20,0.472,-0.03,-1.67,22,0
P047,HRTF_A,20,0.486,0.01,-1.69,22,0
P047,HRTF_A,20,0.500,0.07,-1.68,22,0
P047,HRTF_A,20,0.513,0.14,-1.67,22,0
P047,HRTF_A,20,0.528,0.23,-1.66,22,0
P047,HRTF_A,20,0.541,0.32,-1.67,22,0
P047,HRTF_A,20,0.555,0.45,-1.68,22,0
P047,HRTF_A,20,0.569,0.60,-1.69,22,0
P047,HRTF_A,20,0.583,0.74,-1.69,22,0
P047,HRTF_A,20,0.597,0.91,-1.67,22,0
P047,HRTF_A,20,0.611,1.07,-1.67,22,0
P047,HRTF_A,20,0.625,1.25,-1.68,22,0
P047,HRTF_A,20,0.639,1.41,-1.68,22,0
P047,HRTF_A,20,0.653,1.58,-1.71,22,0
P047,HRTF_A,20,0.666,1.75,-1.75,22,0
P047,HRTF_A,20,0.680,1.92,-1.79,22,0
P047,HRTF_A,20,0.694,2.09,-1.81,22,0
P047,HRTF_A,20,0.708,2.25,-1.82,22,0
P047,HRTF_A,20,0.722,2.40,-1.83,22,0
P047,HRTF_A,20,0.736,2.56,-1.84,22,0
P047,HRTF_A,20,0.750,2.72,-1.84,22,0
P047,HRTF_A,20,0.763,2.88,-1.83,22,0
P047,HRTF_A,20,0.777,3.05,-1.83,22,0
P047,HRTF_A,20,0.791,3.20,-1.83,22,0
P047,HRTF_A,20,0.805,3.35,-1.84,22,0
P047,HRTF_A,20,0.819,3.49,-1.87,22,0
P047,HRTF_A,20,0.833,3.60,-1.88,22,0
P047,HRTF_A,20,0.847,3.73,-1.88,22,0
P047,HRTF_A,20,0.861,3.83,-1.88,22,0
P047,HRTF_A,20,0.875,3.91,-1.88,22,0
P047,HRTF_A,20,0.889,3.96,-1.90,22,0
P047,HRTF_A,20,0.902,3.99,-1.90,22,0
P047,HRTF_A,20,0.916,4.01,-1.90,22,0
P047,HRTF_A,20,0.930,4.04,-1.92,22,0
P047,HRTF_A,20,0.944,4.05,-1.91,22,0
P047,HRTF_A,20,0.958,4.04,-1.93,22,0
P047,HRTF_A,20,0.972,4.02,-1.93,22,0
P047,HRTF_A,20,0.986,3.98,-1.93,22,0
P047,HRTF_A,20,1.000,3.90,-1.91,22,0
P047,HRTF_A,20,1.014,3.83,-1.89,22,0
P047,HRTF_A,20,1.028,3.75,-1.88,22,0
P047,HRTF_A,20,1.041,3.65,-1.88,22,0
P047,HRTF_A,20,1.055,3.52,-1.88,22,0
P047,HRTF_A,20,1.069,3.34,-1.93,22,0
P047,HRTF_A,20,1.083,3.10,-1.96,22,0
P047,HRTF_A,20,1.097,2.75,-1.99,22,0
P047,HRTF_A,20,1.111,2.40,-1.98,22,0
P047,HRTF_A,20,1.125,1.95,-1.93,22,0
P047,HRTF_A,20,1.138,1.38,-1.87,22,0
P047,HRTF_A,20,1.152,0.58,-1.84,22,0
P047,HRTF_A,20,1.166,-0.23,-1.80,22,0
P047,HRTF_A,20,1.180,-1.23,-1.78,22,0
P047,HRTF_A,20,1.194,-2.24,-1.85,22,0
P047,HRTF_A,20,1.208,-3.35,-1.95,22,0
P047,HRTF_A,20,1.222,-4.52,-2.08,22,0
P047,HRTF_A,20,1.236,-5.73,-2.18,22,0
P047,HRTF_A,20,1.250,-6.98,-2.24,22,0
P047,HRTF_A,20,1.263,-8.26,-2.31,22,0
P047,HRTF_A,20,1.278,-9.60,-2.31,22,0
P047,HRTF_A,20,1.291,-10.96,-2.32,22,0
P047,HRTF_A,20,1.305,-12.34,-2.28,22,0
P047,HRTF_A,20,1.319,-13.72,-2.34,22,0
P047,HRTF_A,20,1.333,-15.04,-2.40,22,0
P047,HRTF_A,20,1.347,-16.42,-2.45,22,0
P047,HRTF_A,20,1.361,-17.76,-2.48,22,0
P047,HRTF_A,20,1.375,-19.08,-2.52,22,0
P047,HRTF_A,20,1.388,-20.37,-2.54,22,0
P047,HRTF_A,20,1.402,-21.68,-2.57,22,0
P047,HRTF_A,20,1.416,-22.96,-2.62,22,0
P047,HRTF_A,20,1.430,-24.21,-2.66,22,0
P047,HRTF_A,20,1.444,-25.45,-2.74,22,0
P047,HRTF_A,20,1.458,-26.74,-2.92,22,0
P047,HRTF_A,20,1.472,-28.01,-3.10,22,0
P047,HRTF_A,20,1.486,-29.32,-3.32,22,0
P047,HRTF_A,20,1.500,-30.59,-3.51,22,0
P047,HRTF_A,20,1.514,-31.87,-3.68,22,0
P047,HRTF_A,20,1.527,-33.19,-3.93,22,0
P047,HRTF_A,20,1.541,-34.53,-4.19,22,0
P047,HRTF_A,20,1.555,-35.94,-4.56,22,0
P047,HRTF_A,20,1.569,-37.30,-4.84,22,0
P047,HRTF_A,20,1.583,-38.69,-5.06,22,0
P047,HRTF_A,20,1.597,-40.12,-5.33,22,0
P047,HRTF_A,20,1.611,-41.57,-5.58,22,0
P047,HRTF_A,20,1.625,-43.02,-5.77,22,0
P047,HRTF_A,20,1.639,-44.50,-5.93,22,0
P047,HRTF_A,20,1.652,-45.99,-6.11,22,0
P047,HRTF_A,20,1.666,-47.51,-6.31,22,0
P047,HRTF_A,20,1.681,-48.99,-6.55,22,0
P047,HRTF_A,20,1.694,-50.50,-6.92,22,0
P047,HRTF_A,20,1.708,-52.04,-7.28,22,0
P047,HRTF_A,20,1.722,-53.59,-7.63,22,0
P047,HRTF_A,20,1.736,-55.18,-7.80,22,0
P047,HRTF_A,20,1.750,-56.73,-8.01,22,0
P047,HRTF_A,20,1.764,-58.25,-8.17,22,0
P047,HRTF_A,20,1.778,-59.74,-8.42,22,0
P047,HRTF_A,20,1.791,-61.19,-8.60,22,0
P047,HRTF_A,20,1.805,-62.59,-8.83,22,0
P047,HRTF_A,20,1.819,-63.94,-8.99,22,0
P047,HRTF_A,20,1.833,-65.30,-9.13,22,0
P047,HRTF_A,20,1.847,-66.55,-9.19,22,0
P047,HRTF_A,20,1.861,-67.76,-9.30,22,0
P047,HRTF_A,20,1.875,-68.96,-9.32,22,0
P047,HRTF_A,20,1.889,-70.11,-9.38,22,0
P047,HRTF_A,20,1.902,-71.13,-9.34,22,0
P047,HRTF_A,20,1.916,-72.13,-9.33,22,0
P047,HRTF_A,20,1.930,-73.11,-9.28,22,0
P047,HRTF_A,20,1.944,-73.95,-9.17,22,0
P047,HRTF_A,20,1.958,-74.81,-9.14,22,0
P047,HRTF_A,20,1.972,-75.64,-9.11,22,0
P047,HRTF_A,20,1.986,-76.51,-9.11,22,0
P047,HRTF_A,20,2.000,-77.34,-9.11,22,0
P047,HRTF_A,20,2.014,-78.12,-9.08,22,0
P047,HRTF_A,20,2.027,-79.01,-9.05,22,0
P047,HRTF_A,20,2.041,-79.88,-8.98,22,0
P047,HRTF_A,20,2.055,-80.71,-8.98,22,0
P047,HRTF_A,20,2.069,-81.57,-9.09,22,0
P047,HRTF_A,20,2.083,-82.39,-9.28,22,0
P047,HRTF_A,20,2.097,-83.25,-9.48,22,0
P047,HRTF_A,20,2.111,-84.07,-9.71,22,0
P047,HRTF_A,20,2.125,-84.84,-9.91,22,0
P047,HRTF_A,20,2.138,-85.60,-10.10,22,0
P047,HRTF_A,20,2.153,-86.32,-10.33,22,0
P047,HRTF_A,20,2.166,-87.06,-10.57,22,0
P047,HRTF_A,20,2.180,-87.80,-10.84,22,0
P047,HRTF_A,20,2.194,-88.54,-11.16,22,0
P047,HRTF_A,20,2.208,-89.29,-11.44,22,0
P047,HRTF_A,20,2.222,-90.07,-11.72,22,0
P047,HRTF_A,20,2.236,-90.83,-11.95,22,0
P047,HRTF_A,20,2.250,-91.58,-12.18,22,0
P047,HRTF_A,20,2.263,-92.33,-12.34,22,0
P047,HRTF_A,20,2.277,-93.09,-12.55,22,0
P047,HRTF_A,20,2.291,-93.83,-12.76,22,0
P047,HRTF_A,20,2.305,-94.58,-12.92,22,0
P047,HRTF_A,20,2.319,-95.37,-13.05,22,0
P047,HRTF_A,20,2.333,-96.18,-13.14,22,0
P047,HRTF_A,20,2.347,-96.96,-13.23,22,0
P047,HRTF_A,20,2.361,-97.72,-13.36,22,0
P047,HRTF_A,20,2.375,-98.49,-13.50,22,0
P047,HRTF_A,20,2.388,-99.22,-13.67,22,0
P047,HRTF_A,20,2.402,-99.99,-13.75,22,0
P047,HRTF_A,20,2.416,-100.77,-13.80,22,0
P047,HRTF_A,20,2.430,-101.52,-13.88,22,0
P047,HRTF_A,20,2.444,-102.29,-13.90,22,0
P047,HRTF_A,20,2.458,-103.05,-13.86,22,0
P047,HRTF_A,20,2.472,-103.80,-13.86,22,0
P047,HRTF_A,20,2.486,-104.53,-13.87,22,0
P047,HRTF_A,20,2.499,-105.24,-13.99,22,0
P047,HRTF_A,20,2.513,-105.98,-14.10,22,0
P047,HRTF_A,20,2.528,-106.78,-14.16,22,0
P047,HRTF_A,20,2.541,-107.50,-14.24,22,0
P047,HRTF_A,20,2.555,-108.21,-14.29,22,0
P047,HRTF_A,20,2.569,-108.95,-14.33,22,0
P047,HRTF_A,20,2.583,-109.71,-14.42,22,0
P047,HRTF_A,20,2.597,-110.44,-14.52,22,0
P047,HRTF_A,20,2.611,-111.20,-14.55,22,0
P047,HRTF_A,20,2.625,-111.95,-14.55,22,0
P047,HRTF_A,20,2.638,-112.68,-14.54,22,0
P047,HRTF_A,20,2.652,-113.46,-14.50,22,0
P047,HRTF_A,20,2.666,-114.18,-14.47,22,0
P047,HRTF_A,20,2.680,-114.86,-14.45,22,0
P047,HRTF_A,20,2.694,-115.53,-14.44,22,0
P047,HRTF_A,20,2.708,-116.19,-14.41,22,0
P047,HRTF_A,20,2.722,-116.74,-14.34,22,0
P047,HRTF_A,20,2.735,-117.33,-14.35,22,0
P047,HRTF_A,20,2.749,-117.86,-14.39,22,0
P047,HRTF_A,20,2.763,-118.35,-14.37,22,0
P047,HRTF_A,20,2.777,-118.82,-14.36,22,0
P047,HRTF_A,20,2.791,-119.24,-14.32,22,0
P047,HRTF_A,20,2.805,-119.62,-14.34,22,0
P047,HRTF_A,20,2.819,-120.03,-14.31,22,0
P047,HRTF_A,20,2.833,-120.41,-14.30,22,0
P047,HRTF_A,20,2.847,-120.80,-14.32,22,0
P047,HRTF_A,20,2.861,-121.14,-14.31,22,0
P047,HRTF_A,20,2.874,-121.43,-14.29,22,0
P047,HRTF_A,20,2.888,-121.75,-14.32,22,0
P047,HRTF_A,20,2.902,-122.07,-14.31,22,0
P047,HRTF_A,20,2.916,-122.37,-14.30,22,0
P047,HRTF_A,20,2.930,-122.69,-14.30,22,0
P047,HRTF_A,20,2.944,-122.96,-14.31,22,0
P047,HRTF_A,20,2.958,-123.23,-14.33,22,0
P047,HRTF_A,20,2.972,-123.50,-14.33,22,0
P047,HRTF_A,20,2.986,-123.74,-14.30,22,0
P047,HRTF_A,20,2.999,-123.95,-14.27,22,0
P047,HRTF_A,20,3.013,-124.18,-14.26,22,0
P047,HRTF_A,20,3.027,-124.40,-14.28,22,0
P047,HRTF_A,20,3.041,-124.61,-14.31,22,0
P047,HRTF_A,20,3.055,-124.81,-14.36,22,0
P047,HRTF_A,20,3.069,-125.01,-14.40,22,0
P047,HRTF_A,20,3.083,-125.18,-14.43,22,0
P047,HRTF_A,20,3.097,-125.35,-14.45,22,0
P047,HRTF_A,20,3.110,-125.54,-14.44,22,0
P047,HRTF_A,20,3.124,-125.71,-14.44,22,0
P047,HRTF_A,20,3.139,-125.91,-14.46,22,0
P047,HRTF_A,20,3.152,-126.09,-14.48,22,0
P047,HRTF_A,20,3.166,-126.28,-14.52,22,0
P047,HRTF_A,20,3.180,-126.44,-14.52,22,0
P047,HRTF_A,20,3.194,-126.58,-14.52,22,0
P047,HRTF_A,20,3.208,-126.73,-14.52,22,0
P047,HRTF_A,20,3.222,-126.88,-14.50,22,0
P047,HRTF_A,20,3.235,-127.02,-14.50,22,0
P047,HRTF_A,20,3.249,-127.15,-14.49,22,0
P047,HRTF_A,20,3.263,-127.27,-14.46,22,0
P047,HRTF_A,20,3.277,-127.40,-14.40,22,0
P047,HRTF_A,20,3.291,-127.51,-14.35,22,0
P047,HRTF_A,20,3.305,-127.62,-14.30,22,0
P047,HRTF_A,20,3.319,-127.72,-14.28,22,0
P047,HRTF_A,20,3.333,-127.82,-14.28,22,0
P047,HRTF_A,20,3.346,-127.90,-14.32,22,0
P047,HRTF_A,20,3.360,-127.99,-14.33,22,0
P047,HRTF_A,20,3.374,-128.06,-14.33,22,0
P047,HRTF_A,20,3.388,-128.10,-14.36,22,0
P047,HRTF_A,21,0.014,-0.23,-1.84,29,1
P047,HRTF_A,21,0.028,-0.17,-1.84,29,1
P047,HRTF_A,21,0.042,-0.11,-1.84,29,1
P047,HRTF_A,21,0.056,-0.05,-1.88,29,1
P047,HRTF_A,21,0.070,0.04,-1.93,29,1
P047,HRTF_A,21,0.083,0.14,-1.97,29,1
P047,HRTF_A,21,0.097,0.23,-2.01,29,1
P047,HRTF_A,21,0.111,0.35,-2.05,29,1
P047,HRTF_A,21,0.125,0.44,-2.09,29,1
P047,HRTF_A,21,0.139,0.55,-2.13,29,1
P047,HRTF_A,21,0.153,0.65,-2.19,29,1
P047,HRTF_A,21,0.167,0.75,-2.26,29,1
P047,HRTF_A,21,0.181,0.84,-2.32,29,1
P047,HRTF_A,21,0.195,0.92,-2.40,29,1
P047,HRTF_A,21,0.209,1.01,-2.50,29,1
P047,HRTF_A,21,0.222,1.09,-2.53,29,1
P047,HRTF_A,21,0.236,1.18,-2.55,29,1
P047,HRTF_A,21,0.250,1.29,-2.59,29,1
P047,HRTF_A,21,0.264,1.41,-2.64,29,1
P047,HRTF_A,21,0.278,1.59,-2.71,29,1
P047,HRTF_A,21,0.292,1.78,-2.78,29,1
P047,HRTF_A,21,0.306,2.00,-2.84,29,1
P047,HRTF_A,21,0.320,2.23,-2.90,29,1
P047,HRTF_A,21,0.333,2.47,-2.95,29,1
P047,HRTF_A,21,0.347,2.74,-3.01,29,1
P047,HRTF_A,21,0.361,3.00,-3.09,29,1
P047,HRTF_A,21,0.375,3.27,-3.17,29,1
P047,HRTF_A,21,0.389,3.58,-3.23,29,1
P047,HRTF_A,21,0.403,3.87,-3.26,29,1
P047,HRTF_A,21,0.417,4.16,-3.28,29,1
P047,HRTF_A,21,0.431,4.43,-3.29,29,1
P047,HRTF_A,21,0.445,4.74,-3.31,29,1
P047,HRTF_A,21,0.459,5.03,-3.35,29,1
P047,HRTF_A,21,0.472,5.33,-3.35,29,1
P047,HRTF_A,21,0.486,5.62,-3.34,29,1
P047,HRTF_A,21,0.500,5.89,-3.35,29,1
P047,HRTF_A,21,0.514,6.13,-3.33,29,1
P047,HRTF_A,21,0.528,6.36,-3.26,29,1
P047,HRTF_A,21,0.542,6.60,-3.22,29,1
P047,HRTF_A,21,0.555,6.84,-3.19,29,1
P047,HRTF_A,21,0.570,7.09,-3.18,29,1
P047,HRTF_A,21,0.583,7.34,-3.20,29,1
P047,HRTF_A,21,0.597,7.56,-3.21,29,1
P047,HRTF_A,21,0.611,7.77,-3.25,29,1
P047,HRTF_A,21,0.625,7.99,-3.27,29,1
P047,HRTF_A,21,0.639,8.21,-3.29,29,1
P047,HRTF_A,21,0.653,8.43,-3.32,29,1
P047,HRTF_A,21,0.667,8.66,-3.35,29,1
P047,HRTF_A,21,0.681,8.87,-3.37,29,1
P047,HRTF_A,21,0.694,9.09,-3.40,29,1
P047,HRTF_A,21,0.708,9.31,-3.42,29,1
P047,HRTF_A,21,0.722,9.50,-3.45,29,1
P047,HRTF_A,21,0.736,9.73,-3.49,29,1
P047,HRTF_A,21,0.750,9.95,-3.52,29,1
P047,HRTF_A,21,0.764,10.20,-3.54,29,1
P047,HRTF_A,21,0.778,10.49,-3.53,29,1
P047,HRTF_A,21,0.792,10.81,-3.53,29,1
P047,HRTF_A,21,0.806,11.14,-3.52,29,1
P047,HRTF_A,21,0.819,11.47,-3.49,29,1
P047,HRTF_A,21,0.833,11.75,-3.47,29,1
P047,HRTF_A,21,0.847,12.00,-3.44,29,1
P047,HRTF_A,21,0.861,12.16,-3.44,29,1
P047,HRTF_A,21,0.875,12.34,-3.45,29,1
P047,HRTF_A,21,0.889,12.48,-3.44,29,1
P047,HRTF_A,21,0.903,12.60,-3.42,29,1
P047,HRTF_A,21,0.916,12.63,-3.41,29,1
P047,HRTF_A,21,0.931,12.58,-3.40,29,1
P047,HRTF_A,21,0.944,12.51,-3.40,29,1
P047,HRTF_A,21,0.958,12.44,-3.39,29,1
P047,HRTF_A,21,0.972,12.28,-3.36,29,1
P047,HRTF_A,21,0.986,12.10,-3.34,29,1
P047,HRTF_A,21,1.000,11.79,-3.32,29,1
P047,HRTF_A,21,1.014,11.26,-3.33,29,1
P047,HRTF_A,21,1.028,10.70,-3.40,29,1
P047,HRTF_A,21,1.042,9.94,-3.55,29,1
P047,HRTF_A,21,1.055,9.05,-3.78,29,1
P047,HRTF_A,21,1.069,7.95,-4.04,29,1
P047,HRTF_A,21,1.083,6.79,-4.26,29,1
P047,HRTF_A,21,1.097,5.45,-4.48,29,1
P047,HRTF_A,21,1.111,4.01,-4.68,29,1
P047,HRTF_A,21,1.125,2.39,-4.82,29,1
P047,HRTF_A,21,1.139,0.73,-4.99,29,1
P047,HRTF_A,21,1.153,-1.13,-5.19,29,1
P047,HRTF_A,21,1.167,-3.01,-5.45,29,1
P047,HRTF_A,21,1.181,-5.00,-5.66,29,1
P047,HRTF_A,21,1.195,-7.03,-5.79,29,1
P047,HRTF_A,21,1.208,-9.13,-6.00,29,1
P047,HRTF_A,21,1.222,-11.26,-6.18,29,1
P047,HRTF_A,21,1.236,-13.53,-6.42,29,1
P047,HRTF_A,21,1.250,-15.83,-6.74,29,1
P047,HRTF_A,21,1.264,-18.12,-7.02,29,1
P047,HRTF_A,21,1.278,-20.44,-7.29,29,1
P047,HRTF_A,21,1.292,-22.85,-7.58,29,1
P047,HRTF_A,21,1.305,-25.29,-7.88,29,1
P047,HRTF_A,21,1.319,-27.82,-8.20,29,1
P047,HRTF_A,21,1.333,-30.24,-8.55,29,1
P047,HRTF_A,21,1.347,-32.63,-8.88,29,1
P047,HRTF_A,21,1.361,-34.99,-9.19,29,1
P047,HRTF_A,21,1.375,-37.35,-9.38,29,1
P047,HRTF_A,21,1.389,-39.64,-9.48,29,1
P047,HRTF_A,21,1.403,-41.78,-9.42,29,1
P047,HRTF_A,21,1.417,-43.81,-9.29,29,1
P047,HRTF_A,21,1.430,-45.71,-9.04,29,1
P047,HRTF_A,21,1.444,-47.56,-8.78,29,1
P047,HRTF_A,21,1.458,-49.33,-8.48,29,1
P047,HRTF_A,21,1.472,-50.95,-8.13,29,1
P047,HRTF_A,21,1.486,-52.44,-7.79,29,1
P047,HRTF_A,21,1.500,-53.81,-7.43,29,1
P047,HRTF_A,21,1.514,-55.04,-7.09,29,1
P047,HRTF_A,21,1.528,-56.13,-6.77,29,1
P047,HRTF_A,21,1.541,-57.09,-6.46,29,1
P047,HRTF_A,21,1.555,-57.96,-6.21,29,1
P047,HRTF_A,21,1.569,-58.84,-5.95,29,1
P047,HRTF_A,21,1.583,-59.61,-5.88,29,1
P047,HRTF_A,21,1.597,-60.36,-5.83,29,1
P047,HRTF_A,21,1.611,-61.06,-5.71,29,1
P047,HRTF_A,21,1.625,-61.69,-5.62,29,1
P047,HRTF_A,21,1.639,-62.28,-5.44,29,1
P047,HRTF_A,21,1.653,-62.83,-5.32,29,1
P047,HRTF_A,21,1.667,-63.40,-5.22,29,1
P047,HRTF_A,21,1.681,-63.89,-5.14,29,1
P047,HRTF_A,21,1.694,-64.28,-5.01,29,1
P047,HRTF_A,21,1.708,-64.71,-4.89,29,1
P047,HRTF_A,21,1.722,-65.05,-4.71,29,1
P047,HRTF_A,21,1.736,-65.38,-4.56,29,1
P047,HRTF_A,21,1.750,-65.75,-4.46,29,1
P047,HRTF_A,21,1.764,-66.13,-4.40,29,1
P047,HRTF_A,21,1.778,-66.54,-4.36,29,1
P047,HRTF_A,21,1.791,-66.90,-4.30,29,1
P047,HRTF_A,21,1.805,-67.23,-4.29,29,1
P047,HRTF_A,21,1.819,-67.54,-4.17,29,1
P047,HRTF_A,21,1.833,-67.85,-4.03,29,1
P047,HRTF_A,21,1.847,-68.11,-3.91,29,1
P047,HRTF_A,21,1.861,-68.35,-3.92,29,1
P047,HRTF_A,21,1.875,-68.53,-3.97,29,1
P047,HRTF_A,21,1.889,-68.70,-4.02,29,1
P047,HRTF_A,21,1.903,-68.80,-4.09,29,1
P047,HRTF_A,21,1.917,-68.84,-4.11,29,1
P047,HRTF_A,21,1.930,-68.83,-4.07,29,1
P047,HRTF_A,21,1.944,-68.78,-3.99,29,1
P047,HRTF_A,21,1.958,-68.72,-3.90,29,1
P047,HRTF_A,21,1.972,-68.62,-3.78,29,1
P047,HRTF_A,21,1.986,-68.51,-3.64,29,1
P047,HRTF_A,21,2.000,-68.38,-3.50,29,1
P047,HRTF_A,22,0.013,-0.32,-1.23,23,1
P047,HRTF_A,22,0.036,0.07,-1.34,23,1
P047,HRTF_A,22,0.050,0.94,-1.44,23,1
P047,HRTF_A,22,0.064,1.35,-1.55,23,1
P047,HRTF_A,22,0.078,1.71,-1.68,23,1
P047,HRTF_A,22,0.092,2.08,-1.76,23,1
P047,HRTF_A,22,0.106,2.40,-1.86,23,1
P047,HRTF_A,22,0.120,2.72,-1.94,23,1
P047,HRTF_A,22,0.134,3.00,-2.03,23,1
P047,HRTF_A,22,0.148,3.30,-2.11,23,1
P047,HRTF_A,22,0.161,3.55,-2.18,23,1
P047,HRTF_A,22,0.176,3.81,-2.28,23,1
P047,HRTF_A,22,0.190,4.07,-2.38,23,1
P047,HRTF_A,22,0.203,4.28,-2.53,23,1
P047,HRTF_A,22,0.217,4.49,-2.58,23,1
P047,HRTF_A,22,0.231,4.65,-2.60,23,1
P047,HRTF_A,22,0.245,4.77,-2.53,23,1
P047,HRTF_A,22,0.259,4.88,-2.49,23,1
P047,HRTF_A,22,0.273,5.03,-2.50,23,1
P047,HRTF_A,22,0.287,5.15,-2.52,23,1
P047,HRTF_A,22,0.300,5.31,-2.53,23,1
P047,HRTF_A,22,0.314,5.49,-2.52,23,1
P047,HRTF_A,22,0.328,5.66,-2.48,23,1
P047,HRTF_A,22,0.342,5.88,-2.43,23,1
P047,HRTF_A,22,0.356,6.10,-2.40,23,1
P047,HRTF_A,22,0.370,6.33,-2.38,23,1
P047,HRTF_A,22,0.384,6.56,-2.38,23,1
P047,HRTF_A,22,0.398,6.78,-2.37,23,1
P047,HRTF_A,22,0.412,6.99,-2.33,23,1
P047,HRTF_A,22,0.425,7.22,-2.29,23,1
P047,HRTF_A,22,0.440,7.44,-2.29,23,1
P047,HRTF_A,22,0.454,7.70,-2.29,23,1
P047,HRTF_A,22,0.467,7.99,-2.37,23,1
P047,HRTF_A,22,0.481,8.28,-2.38,23,1
P047,HRTF_A,22,0.495,8.54,-2.38,23,1
P047,HRTF_A,22,0.509,8.82,-2.37,23,1
P047,HRTF_A,22,0.523,9.12,-2.34,23,1
P047,HRTF_A,22,0.537,9.41,-2.30,23,1
P047,HRTF_A,22,0.550,9.69,-2.22,23,1
P047,HRTF_A,22,0.564,9.92,-2.17,23,1
P047,HRTF_A,22,0.578,10.14,-2.14,23,1
P047,HRTF_A,22,0.592,10.35,-2.11,23,1
P047,HRTF_A,22,0.606,10.53,-2.14,23,1
P047,HRTF_A,22,0.620,10.71,-2.16,23,1
P047,HRTF_A,22,0.634,10.88,-2.16,23,1
P047,HRTF_A,22,0.648,11.02,-2.15,23,1
P047,HRTF_A,22,0.661,11.15,-2.12,23,1
P047,HRTF_A,22,0.675,11.25,-2.10,23,1
P047,HRTF_A,22,0.689,11.36,-2.08,23,1
P047,HRTF_A,22,0.703,11.45,-2.08,23,1
P047,HRTF_A,22,0.717,11.57,-2.11,23,1
P047,HRTF_A,22,0.731,11.70,-2.16,23,1
P047,HRTF_A,22,0.745,11.85,-2.21,23,1
P047,HRTF_A,22,0.759,12.03,-2.24,23,1
P047,HRTF_A,22,0.773,12.21,-2.26,23,1
P047,HRTF_A,22,0.787,12.39,-2.26,23,1
P047,HRTF_A,22,0.800,12.57,-2.26,23,1
P047,HRTF_A,22,0.815,12.76,-2.24,23,1
P047,HRTF_A,22,0.828,12.94,-2.24,23,1
P047,HRTF_A,22,0.842,13.10,-2.23,23,1
P047,HRTF_A,22,0.856,13.24,-2.26,23,1
P047,HRTF_A,22,0.870,13.36,-2.28,23,1
P047,HRTF_A,22,0.884,13.46,-2.27,23,1
P047,HRTF_A,22,0.898,13.52,-2.28,23,1
P047,HRTF_A,22,0.911,13.56,-2.28,23,1
P047,HRTF_A,22,0.925,13.58,-2.27,23,1
P047,HRTF_A,22,0.939,13.58,-2.24,23,1
P047,HRTF_A,22,0.953,13.57,-2.22,23,1
P047,HRTF_A,22,0.968,13.50,-2.21,23,1
P047,HRTF_A,22,0.981,13.38,-2.23,23,1
P047,HRTF_A,22,0.995,13.19,-2.29,23,1
P047,HRTF_A,22,1.009,12.89,-2.37,23,1
P047,HRTF_A,22,1.022,12.47,-2.50,23,1
P047,HRTF_A,22,1.036,12.04,-2.64,23,1
P047,HRTF_A,22,1.050,11.39,-2.78,23,1
P047,HRTF_A,22,1.064,10.79,-2.96,23,1
P047,HRTF_A,22,1.078,9.90,-3.28,23,1
P047,HRTF_A,22,1.092,9.00,-3.66,23,1
P047,HRTF_A,22,1.106,7.83,-4.17,23,1
P047,HRTF_A,22,1.120,6.56,-4.67,23,1
P047,HRTF_A,22,1.134,5.10,-5.14,23,1
P047,HRTF_A,22,1.148,3.67,-5.62,23,1
P047,HRTF_A,22,1.161,2.20,-6.20,23,1
P047,HRTF_A,22,1.175,0.79,-6.80,23,1
P047,HRTF_A,22,1.189,-0.72,-7.50,23,1
P047,HRTF_A,22,1.203,-2.28,-8.11,23,1
P047,HRTF_A,22,1.217,-3.83,-8.68,23,1
P047,HRTF_A,22,1.231,-5.40,-9.19,23,1
P047,HRTF_A,22,1.245,-6.94,-9.72,23,1
P047,HRTF_A,22,1.259,-8.44,-10.26,23,1
P047,HRTF_A,22,1.272,-9.95,-10.76,23,1
P047,HRTF_A,22,1.286,-11.49,-11.18,23,1
P047,HRTF_A,22,1.300,-13.05,-11.55,23,1
P047,HRTF_A,22,1.314,-14.65,-11.95,23,1
P047,HRTF_A,22,1.328,-16.21,-12.32,23,1
P047,HRTF_A,22,1.342,-17.80,-12.67,23,1
P047,HRTF_A,22,1.356,-19.30,-12.90,23,1
P047,HRTF_A,22,1.370,-20.82,-13.21,23,1
P047,HRTF_A,22,1.384,-22.28,-13.54,23,1
P047,HRTF_A,22,1.397,-23.77,-13.88,23,1
P047,HRTF_A,22,1.412,-25.22,-14.23,23,1
P047,HRTF_A,22,1.426,-26.60,-14.49,23,1
P047,HRTF_A,22,1.439,-28.01,-14.70,23,1
P047,HRTF_A,22,1.453,-29.49,-14.89,23,1
P047,HRTF_A,22,1.467,-30.99,-15.08,23,1
P047,HRTF_A,22,1.481,-32.51,-15.27,23,1
P047,HRTF_A,22,1.495,-34.05,-15.45,23,1
P047,HRTF_A,22,1.509,-35.59,-15.58,23,1
P047,HRTF_A,22,1.523,-37.12,-15.65,23,1
P047,HRTF_A,22,1.536,-38.63,-15.72,23,1
P047,HRTF_A,22,1.550,-40.19,-15.80,23,1
P047,HRTF_A,22,1.564,-41.75,-15.91,23,1
P047,HRTF_A,22,1.578,-43.35,-16.03,23,1
P047,HRTF_A,22,1.592,-44.94,-16.16,23,1
P047,HRTF_A,22,1.606,-46.63,-16.37,23,1
P047,HRTF_A,22,1.620,-48.32,-16.71,23,1
P047,HRTF_A,22,1.634,-50.13,-17.14,23,1
P047,HRTF_A,22,1.648,-52.00,-17.60,23,1
P047,HRTF_A,22,1.661,-53.95,-17.97,23,1
P047,HRTF_A,22,1.675,-55.92,-18.29,23,1
P047,HRTF_A,22,1.689,-57.83,-18.71,23,1
P047,HRTF_A,22,1.703,-59.76,-19.44,23,1
P047,HRTF_A,22,1.717,-61.69,-20.21,23,1
P047,HRTF_A,22,1.731,-63.61,-20.88,23,1
P047,HRTF_A,22,1.745,-65.46,-21.33,23,1
P047,HRTF_A,22,1.759,-67.16,-21.79,23,1
P047,HRTF_A,22,1.772,-68.66,-22.43,23,1
P047,HRTF_A,22,1.786,-69.91,-23.36,23,1
P047,HRTF_A,22,1.800,-71.02,-24.38,23,1
P047,HRTF_A,22,1.814,-72.14,-25.21,23,1
P047,HRTF_A,22,1.828,-73.10,-25.95,23,1
P047,HRTF_A,22,1.842,-74.01,-26.76,23,1
P047,HRTF_A,22,1.856,-74.80,-27.82,23,1
P047,HRTF_A,22,1.870,-75.57,-28.99,23,1
P047,HRTF_A,22,1.883,-76.23,-30.21,23,1
P047,HRTF_A,22,1.897,-76.98,-31.26,23,1
P047,HRTF_A,22,1.912,-77.66,-32.30,23,1
P047,HRTF_A,22,1.925,-78.28,-33.31,23,1
P047,HRTF_A,22,1.939,-78.76,-34.31,23,1
P047,HRTF_A,22,1.953,-79.25,-35.40,23,1
P047,HRTF_A,22,1.967,-79.70,-36.41,23,1
P047,HRTF_A,22,1.981,-80.29,-37.36,23,1
P047,HRTF_A,22,1.994,-80.88,-38.13,23,1
P047,HRTF_A,22,2.008,-81.50,-38.83,23,1
P047,HRTF_A,22,2.023,-82.09,-39.38,23,1
P047,HRTF_A,22,2.036,-82.59,-39.75,23,1
P047,HRTF_A,22,2.050,-83.21,-40.07,23,1
P047,HRTF_A,22,2.064,-83.81,-40.28,23,1
P047,HRTF_A,22,2.078,-84.46,-40.40,23,1
P047,HRTF_A,22,2.092,-85.27,-40.40,23,1
P047,HRTF_A,22,2.106,-86.18,-40.33,23,1
P047,HRTF_A,22,2.120,-87.16,-40.27,23,1
P047,HRTF_A,22,2.134,-88.19,-40.21,23,1
P047,HRTF_A,22,2.148,-89.23,-40.14,23,1
P047,HRTF_A,22,2.161,-90.39,-40.10,23,1
P047,HRTF_A,22,2.176,-91.58,-40.20,23,1
P047,HRTF_A,22,2.189,-92.83,-40.26,23,1
P047,HRTF_A,22,2.203,-94.19,-40.31,23,1
P047,HRTF_A,22,2.217,-95.53,-40.32,23,1
P047,HRTF_A,22,2.231,-96.83,-40.21,23,1
P047,HRTF_A,22,2.245,-98.17,-40.03,23,1
P047,HRTF_A,22,2.260,-99.40,-39.86,23,1
P047,HRTF_A,22,2.272,-100.70,-39.69,23,1
P047,HRTF_A,22,2.286,-101.97,-39.61,23,1
P047,HRTF_A,22,2.300,-103.26,-39.53,23,1
P047,HRTF_A,22,2.314,-104.56,-39.41,23,1
P047,HRTF_A,22,2.328,-105.85,-39.25,23,1
P047,HRTF_A,22,2.342,-107.13,-39.12,23,1
P047,HRTF_A,22,2.356,-108.43,-39.01,23,1
P047,HRTF_A,22,2.370,-109.74,-38.88,23,1
P047,HRTF_A,22,2.383,-111.04,-38.72,23,1
P047,HRTF_A,22,2.397,-112.29,-38.51,23,1
P047,HRTF_A,22,2.411,-113.54,-38.34,23,1
P047,HRTF_A,22,2.425,-114.74,-38.24,23,1
P047,HRTF_A,22,2.439,-115.95,-38.12,23,1
P047,HRTF_A,22,2.453,-117.13,-38.00,23,1
P047,HRTF_A,22,2.467,-118.26,-37.90,23,1
P047,HRTF_A,22,2.481,-119.36,-37.75,23,1
P047,HRTF_A,22,2.494,-120.28,-37.63,23,1
P047,HRTF_A,22,2.508,-121.20,-37.56,23,1
P047,HRTF_A,22,2.522,-122.03,-37.52,23,1
P047,HRTF_A,22,2.536,-122.88,-37.49,23,1
P047,HRTF_A,22,2.550,-123.59,-37.46,23,1
P047,HRTF_A,22,2.564,-124.36,-37.46,23,1
P047,HRTF_A,22,2.578,-125.04,-37.43,23,1
P047,HRTF_A,22,2.592,-125.64,-37.41,23,1
P047,HRTF_A,22,2.606,-126.25,-37.52,23,1
P047,HRTF_A,22,2.620,-126.79,-37.59,23,1
P047,HRTF_A,22,2.633,-127.41,-37.64,23,1
P047,HRTF_A,22,2.647,-127.92,-37.69,23,1
P047,HRTF_A,22,2.661,-128.49,-37.73,23,1
P047,HRTF_A,22,2.675,-129.04,-37.75,23,1
P047,HRTF_A,22,2.689,-129.63,-37.83,23,1
P047,HRTF_A,22,2.703,-130.22,-37.88,23,1
P047,HRTF_A,22,2.717,-130.78,-37.94,23,1
P047,HRTF_A,22,2.731,-131.33,-37.98,23,1
P047,HRTF_A,22,2.745,-131.78,-38.04,23,1
P047,HRTF_A,22,2.759,-132.26,-38.03,23,1
P047,HRTF_A,22,2.772,-132.63,-38.05,23,1
P047,HRTF_A,22,2.786,-132.99,-38.10,23,1
P047,HRTF_A,22,2.800,-133.36,-38.14,23,1
P047,HRTF_A,22,2.814,-133.74,-38.19,23,1
P047,HRTF_A,22,2.828,-134.12,-38.28,23,1
P047,HRTF_A,22,2.842,-134.46,-38.37,23,1
P047,HRTF_A,22,2.856,-134.80,-38.46,23,1
P047,HRTF_A,22,2.870,-135.12,-38.53,23,1
P047,HRTF_A,22,2.884,-135.37,-38.59,23,1
P047,HRTF_A,22,2.897,-135.59,-38.62,23,1
P047,HRTF_A,22,2.911,-135.75,-38.66,23,1
P047,HRTF_A,22,2.925,-135.84,-38.64,23,1
P047,HRTF_A,22,2.939,-135.92,-38.61,23,1
P047,HRTF_A,22,2.953,-135.95,-38.53,23,1
P047,HRTF_A,22,2.967,-135.97,-38.44,23,1
P047,HRTF_A,22,2.981,-135.92,-38.30,23,1
P047,HRTF_A,23,0.014,-0.93,-2.76,28,1
P047,HRTF_A,23,0.028,-0.75,-2.70,28,1
P047,HRTF_A,23,0.042,-0.56,-2.70,28,1
P047,HRTF_A,23,0.056,-0.39,-2.70,28,1
P047,HRTF_A,23,0.070,-0.24,-2.76,28,1
P047,HRTF_A,23,0.083,-0.11,-2.74,28,1
P047,HRTF_A,23,0.097,0.03,-2.71,28,1
P047,HRTF_A,23,0.111,0.13,-2.69,28,1
P047,HRTF_A,23,0.125,0.23,-2.69,28,1
P047,HRTF_A,23,0.139,0.32,-2.69,28,1
P047,HRTF_A,23,0.153,0.41,-2.73,28,1
P047,HRTF_A,23,0.167,0.52,-2.80,28,1
P047,HRTF_A,23,0.181,0.63,-2.84,28,1
P047,HRTF_A,23,0.194,0.75,-2.80,28,1
P047,HRTF_A,23,0.209,0.85,-2.75,28,1
P047,HRTF_A,23,0.222,0.93,-2.71,28,1
P047,HRTF_A,23,0.236,0.99,-2.75,28,1
P047,HRTF_A,23,0.250,1.06,-2.79,28,1
P047,HRTF_A,23,0.264,1.14,-2.82,28,1
P047,HRTF_A,23,0.278,1.22,-2.80,28,1
P047,HRTF_A,23,0.292,1.31,-2.69,28,1
P047,HRTF_A,23,0.306,1.39,-2.62,28,1
P047,HRTF_A,23,0.320,1.46,-2.55,28,1
P047,HRTF_A,23,0.333,1.53,-2.49,28,1
P047,HRTF_A,23,0.347,1.63,-2.47,28,1
P047,HRTF_A,23,0.361,1.75,-2.49,28,1
P047,HRTF_A,23,0.375,1.87,-2.50,28,1
P047,HRTF_A,23,0.389,2.03,-2.54,28,1
P047,HRTF_A,23,0.403,2.21,-2.58,28,1
P047,HRTF_A,23,0.416,2.43,-2.62,28,1
P047,HRTF_A,23,0.430,2.64,-2.69,28,1
P047,HRTF_A,23,0.444,2.87,-2.78,28,1
P047,HRTF_A,23,0.458,3.09,-2.86,28,1
P047,HRTF_A,23,0.472,3.31,-2.96,28,1
P047,HRTF_A,23,0.486,3.52,-3.02,28,1
P047,HRTF_A,23,0.500,3.72,-3.08,28,1
P047,HRTF_A,23,0.514,3.88,-3.17,28,1
P047,HRTF_A,23,0.528,4.04,-3.27,28,1
P047,HRTF_A,23,0.541,4.18,-3.39,28,1
P047,HRTF_A,23,0.555,4.31,-3.52,28,1
P047,HRTF_A,23,0.569,4.44,-3.61,28,1
P047,HRTF_A,23,0.583,4.54,-3.66,28,1
P047,HRTF_A,23,0.597,4.61,-3.67,28,1
P047,HRTF_A,23,0.611,4.68,-3.68,28,1
P047,HRTF_A,23,0.625,4.73,-3.67,28,1
P047,HRTF_A,23,0.639,4.77,-3.69,28,1
P047,HRTF_A,23,0.653,4.81,-3.71,28,1
P047,HRTF_A,23,0.667,4.83,-3.70,28,1
P047,HRTF_A,23,0.681,4.82,-3.66,28,1
P047,HRTF_A,23,0.694,4.81,-3.63,28,1
P047,HRTF_A,23,0.708,4.80,-3.60,28,1
P047,HRTF_A,23,0.722,4.78,-3.59,28,1
P047,HRTF_A,23,0.736,4.72,-3.62,28,1
P047,HRTF_A,23,0.750,4.69,-3.65,28,1
P047,HRTF_A,23,0.764,4.66,-3.64,28,1
P047,HRTF_A,23,0.778,4.62,-3.64,28,1
P047,HRTF_A,23,0.792,4.59,-3.60,28,1
P047,HRTF_A,23,0.805,4.59,-3.58,28,1
P047,HRTF_A,23,0.819,4.59,-3.57,28,1
P047,HRTF_A,23,0.833,4.57,-3.59,28,1
P047,HRTF_A,23,0.847,4.56,-3.61,28,1
P047,HRTF_A,23,0.861,4.53,-3.62,28,1
P047,HRTF_A,23,0.875,4.49,-3.62,28,1
P047,HRTF_A,23,0.889,4.46,-3.61,28,1
P047,HRTF_A,23,0.903,4.41,-3.60,28,1
P047,HRTF_A,23,0.916,4.35,-3.60,28,1
P047,HRTF_A,23,0.930,4.28,-3.60,28,1
P047,HRTF_A,23,0.944,4.18,-3.60,28,1
P047,HRTF_A,23,0.958,4.07,-3.58,28,1
P047,HRTF_A,23,0.972,3.95,-3.55,28,1
P047,HRTF_A,23,0.986,3.78,-3.54,28,1
P047,HRTF_A,23,1.000,3.54,-3.56,28,1
P047,HRTF_A,23,1.014,3.24,-3.59,28,1
P047,HRTF_A,23,1.027,2.85,-3.66,28,1
P047,HRTF_A,23,1.041,2.42,-3.68,28,1
P047,HRTF_A,23,1.055,1.91,-3.71,28,1
P047,HRTF_A,23,1.069,1.31,-3.78,28,1
P047,HRTF_A,23,1.083,0.55,-3.83,28,1
P047,HRTF_A,23,1.097,-0.26,-3.94,28,1
P047,HRTF_A,23,1.111,-1.27,-4.04,28,1
P047,HRTF_A,23,1.125,-2.30,-4.09,28,1
P047,HRTF_A,23,1.139,-3.51,-4.06,28,1
P047,HRTF_A,23,1.153,-4.70,-4.04,28,1
P047,HRTF_A,23,1.166,-6.01,-3.96,28,1
P047,HRTF_A,23,1.180,-7.38,-3.88,28,1
P047,HRTF_A,23,1.194,-8.82,-3.84,28,1
P047,HRTF_A,23,1.208,-10.27,-3.77,28,1
P047,HRTF_A,23,1.222,-11.71,-3.70,28,1
P047,HRTF_A,23,1.236,-13.22,-3.58,28,1
P047,HRTF_A,23,1.250,-14.67,-3.40,28,1
P047,HRTF_A,23,1.264,-16.16,-3.26,28,1
P047,HRTF_A,23,1.278,-17.70,-3.13,28,1
P047,HRTF_A,23,1.291,-19.28,-3.04,28,1
P047,HRTF_A,23,1.305,-20.83,-2.98,28,1
P047,HRTF_A,23,1.319,-22.41,-2.91,28,1
P047,HRTF_A,23,1.333,-24.00,-2.84,28,1
P047,HRTF_A,23,1.347,-25.63,-2.73,28,1
P047,HRTF_A,23,1.361,-27.24,-2.61,28,1
P047,HRTF_A,23,1.375,-28.92,-2.41,28,1
P047,HRTF_A,23,1.389,-30.64,-2.18,28,1
P047,HRTF_A,23,1.403,-32.36,-1.92,28,1
P047,HRTF_A,23,1.416,-34.14,-1.57,28,1
P047,HRTF_A,23,1.430,-35.91,-1.21,28,1
P047,HRTF_A,23,1.444,-37.79,-0.70,28,1
P047,HRTF_A,23,1.458,-39.73,-0.06,28,1
P047,HRTF_A,23,1.472,-41.71,0.73,28,1
P047,HRTF_A,23,1.486,-43.67,1.55,28,1
P047,HRTF_A,23,1.500,-45.65,2.38,28,1
P047,HRTF_A,23,1.514,-47.64,3.15,28,1
P047,HRTF_A,23,1.527,-49.69,3.85,28,1
P047,HRTF_A,23,1.541,-51.81,4.36,28,1
P047,HRTF_A,23,1.555,-53.99,4.75,28,1
P047,HRTF_A,23,1.569,-56.15,5.10,28,1
P047,HRTF_A,23,1.583,-58.26,5.47,28,1
P047,HRTF_A,23,1.597,-60.38,5.96,28,1
P047,HRTF_A,23,1.611,-62.37,6.48,28,1
P047,HRTF_A,23,1.625,-64.22,7.01,28,1
P047,HRTF_A,23,1.639,-66.04,7.52,28,1
P047,HRTF_A,23,1.653,-67.61,8.04,28,1
P047,HRTF_A,23,1.667,-68.99,8.54,28,1
P047,HRTF_A,23,1.680,-70.21,9.02,28,1
P047,HRTF_A,23,1.694,-71.30,9.53,28,1
P047,HRTF_A,23,1.708,-72.37,9.96,28,1
P047,HRTF_A,23,1.722,-73.17,10.36,28,1
P047,HRTF_A,23,1.736,-73.98,10.80,28,1
P047,HRTF_A,23,1.750,-74.68,11.18,28,1
P047,HRTF_A,23,1.764,-75.37,11.53,28,1
P047,HRTF_A,23,1.778,-75.97,11.89,28,1
P047,HRTF_A,23,1.791,-76.45,12.17,28,1
P047,HRTF_A,23,1.805,-76.84,12.40,28,1
P047,HRTF_A,23,1.819,-77.23,12.65,28,1
P047,HRTF_A,23,1.833,-77.55,12.91,28,1
P047,HRTF_A,23,1.847,-77.86,13.11,28,1
P047,HRTF_A,23,1.861,-78.15,13.30,28,1
P047,HRTF_A,23,1.875,-78.48,13.46,28,1
P047,HRTF_A,23,1.889,-78.82,13.58,28,1
P047,HRTF_A,23,1.903,-79.21,13.68,28,1
P047,HRTF_A,23,1.916,-79.62,13.70,28,1
P047,HRTF_A,23,1.930,-80.09,13.66,28,1
P047,HRTF_A,23,1.944,-80.57,13.58,28,1
P047,HRTF_A,23,1.958,-81.06,13.48,28,1
P047,HRTF_A,24,0.014,-3.18,1.49,9,1
P047,HRTF_A,24,0.028,-2.70,1.49,9,1
P047,HRTF_A,24,0.042,-2.22,1.46,9,1
P047,HRTF_A,24,0.056,-1.75,1.43,9,1
P047,HRTF_A,24,0.070,-1.32,1.41,9,1
P047,HRTF_A,24,0.084,-0.91,1.41,9,1
P047,HRTF_A,24,0.098,-0.50,1.36,9,1
P047,HRTF_A,24,0.111,-0.13,1.32,9,1
P047,HRTF_A,24,0.125,0.22,1.28,9,1
P047,HRTF_A,24,0.139,0.52,1.17,9,1
P047,HRTF_A,24,0.153,0.88,1.13,9,1
P047,HRTF_A,24,0.167,1.13,1.10,9,1
P047,HRTF_A,24,0.180,1.43,1.02,9,1
P047,HRTF_A,24,0.194,1.70,0.94,9,1
P047,HRTF_A,24,0.208,1.96,0.80,9,1
P047,HRTF_A,24,0.222,2.18,0.67,9,1
P047,HRTF_A,24,0.236,2.39,0.54,9,1
P047,HRTF_A,24,0.250,2.61,0.39,9,1
P047,HRTF_A,24,0.264,2.82,0.25,9,1
P047,HRTF_A,24,0.278,2.99,0.10,9,1
P047,HRTF_A,24,0.292,3.15,-0.04,9,1
P047,HRTF_A,24,0.305,3.29,-0.19,9,1
P047,HRTF_A,24,0.319,3.42,-0.33,9,1
P047,HRTF_A,24,0.333,3.54,-0.45,9,1
P047,HRTF_A,24,0.347,3.66,-0.52,9,1
P047,HRTF_A,24,0.361,3.77,-0.59,9,1
P047,HRTF_A,24,0.375,3.89,-0.59,9,1
P047,HRTF_A,24,0.389,3.99,-0.55,9,1
P047,HRTF_A,24,0.403,4.05,-0.52,9,1
P047,HRTF_A,24,0.417,4.12,-0.49,9,1
P047,HRTF_A,24,0.431,4.12,-0.44,9,1
P047,HRTF_A,24,0.444,4.07,-0.38,9,1
P047,HRTF_A,24,0.458,4.02,-0.35,9,1
P047,HRTF_A,24,0.472,3.93,-0.30,9,1
P047,HRTF_A,24,0.486,3.84,-0.27,9,1
P047,HRTF_A,24,0.500,3.70,-0.29,9,1
P047,HRTF_A,24,0.514,3.53,-0.44,9,1
P047,HRTF_A,24,0.528,3.30,-0.62,9,1
P047,HRTF_A,24,0.542,3.06,-0.83,9,1
P047,HRTF_A,24,0.555,2.80,-1.03,9,1
P047,HRTF_A,24,0.569,2.53,-1.20,9,1
P047,HRTF_A,24,0.583,2.29,-1.34,9,1
P047,HRTF_A,24,0.597,2.05,-1.47,9,1
P047,HRTF_A,24,0.611,1.87,-1.53,9,1
P047,HRTF_A,24,0.625,1.68,-1.65,9,1
P047,HRTF_A,24,0.639,1.51,-1.77,9,1
P047,HRTF_A,24,0.653,1.34,-1.92,9,1
P047,HRTF_A,24,0.666,1.17,-2.05,9,1
P047,HRTF_A,24,0.680,1.03,-2.20,9,1
P047,HRTF_A,24,0.694,0.86,-2.32,9,1
P047,HRTF_A,24,0.708,0.70,-2.44,9,1
P047,HRTF_A,24,0.722,0.55,-2.49,9,1
P047,HRTF_A,24,0.736,0.41,-2.52,9,1
P047,HRTF_A,24,0.750,0.29,-2.55,9,1
P047,HRTF_A,24,0.764,0.16,-2.62,9,1
P047,HRTF_A,24,0.778,0.05,-2.73,9,1
P047,HRTF_A,24,0.791,-0.06,-2.89,9,1
P047,HRTF_A,24,0.805,-0.17,-3.04,9,1
P047,HRTF_A,24,0.819,-0.29,-3.12,9,1
P047,HRTF_A,24,0.833,-0.41,-3.16,9,1
P047,HRTF_A,24,0.847,-0.52,-3.25,9,1
P047,HRTF_A,24,0.861,-0.63,-3.43,9,1
P047,HRTF_A,24,0.875,-0.70,-3.61,9,1
P047,HRTF_A,24,0.889,-0.79,-3.76,9,1
P047,HRTF_A,24,0.903,-0.86,-3.88,9,1
P047,HRTF_A,24,0.917,-0.86,-3.96,9,1
P047,HRTF_A,24,0.930,-0.70,-4.04,9,1
P047,HRTF_A,24,0.944,-0.42,-4.14,9,1
P047,HRTF_A,24,0.958,-0.08,-4.25,9,1
P047,HRTF_A,24,0.972,0.39,-4.34,9,1
P047,HRTF_A,24,0.986,0.84,-4.36,9,1
P047,HRTF_A,24,1.000,1.54,-4.35,9,1
P047,HRTF_A,24,1.014,2.34,-4.35,9,1
P047,HRTF_A,24,1.028,3.33,-4.35,9,1
P047,HRTF_A,24,1.041,4.31,-4.33,9,1
P047,HRTF_A,24,1.055,5.52,-4.24,9,1
P047,HRTF_A,24,1.069,6.86,-4.18,9,1
P047,HRTF_A,24,1.083,8.38,-4.20,9,1
P047,HRTF_A,24,1.097,10.06,-4.20,9,1
P047,HRTF_A,24,1.111,12.08,-4.10,9,1
P047,HRTF_A,24,1.125,13.93,-3.98,9,1
P047,HRTF_A,24,1.139,15.91,-3.73,9,1
P047,HRTF_A,24,1.153,17.87,-3.49,9,1
P047,HRTF_A,24,1.166,19.85,-3.19,9,1
P047,HRTF_A,24,1.180,21.85,-2.86,9,1
P047,HRTF_A,24,1.194,23.82,-2.52,9,1
P047,HRTF_A,24,1.208,25.70,-2.21,9,1
P047,HRTF_A,24,1.222,27.48,-1.83,9,1
P047,HRTF_A,24,1.236,29.33,-1.42,9,1
P047,HRTF_A,24,1.250,31.22,-1.09,9,1
P047,HRTF_A,24,1.264,33.11,-0.71,9,1
P047,HRTF_A,24,1.278,34.95,-0.31,9,1
P047,HRTF_A,24,1.291,36.76,0.18,9,1
P047,HRTF_A,24,1.305,38.49,0.71,9,1
P047,HRTF_A,24,1.319,40.20,1.15,9,1
P047,HRTF_A,24,1.333,41.94,1.60,9,1
P047,HRTF_A,24,1.347,43.66,1.89,9,1
P047,HRTF_A,24,1.361,45.44,2.13,9,1
P047,HRTF_A,24,1.375,47.24,2.30,9,1
P047,HRTF_A,24,1.389,49.11,2.49,9,1
P047,HRTF_A,24,1.402,51.08,2.66,9,1
P047,HRTF_A,24,1.416,53.07,2.66,9,1
P047,HRTF_A,24,1.430,54.97,2.76,9,1
P047,HRTF_A,24,1.444,56.83,2.85,9,1
P047,HRTF_A,24,1.458,58.65,2.99,9,1
P047,HRTF_A,24,1.472,60.40,3.17,9,1
P047,HRTF_A,24,1.486,62.17,3.39,9,1
P047,HRTF_A,24,1.500,63.90,3.57,9,1
P047,HRTF_A,24,1.514,65.59,3.68,9,1
P047,HRTF_A,24,1.528,67.28,3.80,9,1
P047,HRTF_A,24,1.541,68.92,3.99,9,1
P047,HRTF_A,24,1.555,70.52,4.16,9,1
P047,HRTF_A,24,1.569,72.14,4.34,9,1
P047,HRTF_A,24,1.583,73.76,4.44,9,1
P047,HRTF_A,24,1.597,75.39,4.38,9,1
P047,HRTF_A,24,1.611,76.92,4.30,9,1
P047,HRTF_A,24,1.625,78.39,4.26,9,1
P047,HRTF_A,24,1.639,79.77,4.34,9,1
P047,HRTF_A,24,1.653,81.01,4.37,9,1
P047,HRTF_A,24,1.666,82.09,4.31,9,1
P047,HRTF_A,24,1.681,83.09,4.20,9,1
P047,HRTF_A,24,1.694,83.86,4.07,9,1
P047,HRTF_A,24,1.708,84.67,3.96,9,1
P047,HRTF_A,24,1.722,85.24,3.95,9,1
P047,HRTF_A,24,1.736,85.81,3.98,9,1
P047,HRTF_A,24,1.750,86.19,4.05,9,1
P047,HRTF_A,24,1.764,86.63,4.12,9,1
P047,HRTF_A,24,1.777,87.02,4.16,9,1
P047,HRTF_A,24,1.791,87.44,4.16,9,1
P047,HRTF_A,24,1.805,87.88,4.16,9,1
P047,HRTF_A,24,1.819,88.27,4.24,9,1
P047,HRTF_A,24,1.833,88.71,4.30,9,1
P047,HRTF_A,24,1.847,89.04,4.38,9,1
P047,HRTF_A,24,1.861,89.40,4.38,9,1
P047,HRTF_A,25,0.013,0.19,0.51,17,1
P047,HRTF_A,25,0.027,-0.07,0.46,17,1
P047,HRTF_A,25,0.041,-0.34,0.42,17,1
P047,HRTF_A,25,0.055,-0.56,0.37,17,1
P047,HRTF_A,25,0.069,-0.79,0.34,17,1
P047,HRTF_A,25,0.083,-0.98,0.34,17,1
P047,HRTF_A,25,0.097,-1.17,0.38,17,1
P047,HRTF_A,25,0.111,-1.32,0.42,17,1
P047,HRTF_A,25,0.125,-1.44,0.47,17,1
P047,HRTF_A,25,0.138,-1.57,0.51,17,1
P047,HRTF_A,25,0.152,-1.67,0.57,17,1
P047,HRTF_A,25,0.166,-1.77,0.61,17,1
P047,HRTF_A,25,0.180,-1.86,0.65,17,1
P047,HRTF_A,25,0.195,-1.94,0.69,17,1
P047,HRTF_A,25,0.208,-2.03,0.75,17,1
P047,HRTF_A,25,0.222,-2.11,0.77,17,1
P047,HRTF_A,25,0.236,-2.18,0.76,17,1
P047,HRTF_A,25,0.250,-2.25,0.74,17,1
P047,HRTF_A,25,0.263,-2.29,0.68,17,1
P047,HRTF_A,25,0.277,-2.33,0.64,17,1
P047,HRTF_A,25,0.291,-2.36,0.59,17,1
P047,HRTF_A,25,0.305,-2.37,0.55,17,1
P047,HRTF_A,25,0.319,-2.38,0.51,17,1
P047,HRTF_A,25,0.333,-2.40,0.48,17,1
P047,HRTF_A,25,0.347,-2.40,0.46,17,1
P047,HRTF_A,25,0.361,-2.40,0.43,17,1
P047,HRTF_A,25,0.375,-2.37,0.41,17,1
P047,HRTF_A,25,0.388,-2.32,0.41,17,1
P047,HRTF_A,25,0.402,-2.28,0.41,17,1
P047,HRTF_A,25,0.416,-2.21,0.44,17,1
P047,HRTF_A,25,0.430,-2.14,0.43,17,1
P047,HRTF_A,25,0.444,-2.07,0.44,17,1
P047,HRTF_A,25,0.458,-1.97,0.43,17,1
P047,HRTF_A,25,0.472,-1.87,0.43,17,1
P047,HRTF_A,25,0.486,-1.78,0.42,17,1
P047,HRTF_A,25,0.500,-1.68,0.41,17,1
P047,HRTF_A,25,0.513,-1.57,0.40,17,1
P047,HRTF_A,25,0.527,-1.47,0.38,17,1
P047,HRTF_A,25,0.541,-1.36,0.38,17,1
P047,HRTF_A,25,0.555,-1.23,0.39,17,1
P047,HRTF_A,25,0.569,-1.11,0.37,17,1
P047,HRTF_A,25,0.583,-0.98,0.37,17,1
P047,HRTF_A,25,0.597,-0.85,0.36,17,1
P047,HRTF_A,25,0.611,-0.72,0.35,17,1
P047,HRTF_A,25,0.624,-0.60,0.34,17,1
P047,HRTF_A,25,0.639,-0.46,0.34,17,1
P047,HRTF_A,25,0.652,-0.36,0.32,17,1
P047,HRTF_A,25,0.666,-0.24,0.33,17,1
P047,HRTF_A,25,0.680,-0.13,0.34,17,1
P047,HRTF_A,25,0.694,-0.01,0.36,17,1
P047,HRTF_A,25,0.708,0.11,0.37,17,1
P047,HRTF_A,25,0.722,0.23,0.35,17,1
P047,HRTF_A,25,0.736,0.36,0.32,17,1
P047,HRTF_A,25,0.750,0.49,0.27,17,1
P047,HRTF_A,25,0.763,0.61,0.24,17,1
P047,HRTF_A,25,0.777,0.75,0.22,17,1
P047,HRTF_A,25,0.791,0.89,0.21,17,1
P047,HRTF_A,25,0.805,1.03,0.18,17,1
P047,HRTF_A,25,0.819,1.17,0.14,17,1
P047,HRTF_A,25,0.833,1.32,0.11,17,1
P047,HRTF_A,25,0.847,1.51,0.07,17,1
P047,HRTF_A,25,0.861,1.71,0.00,17,1
P047,HRTF_A,25,0.875,1.96,-0.02,17,1
P047,HRTF_A,25,0.889,2.21,-0.02,17,1
P047,HRTF_A,25,0.902,2.48,-0.04,17,1
P047,HRTF_A,25,0.916,2.77,-0.05,17,1
P047,HRTF_A,25,0.930,3.08,-0.05,17,1
P047,HRTF_A,25,0.944,3.40,-0.05,17,1
P047,HRTF_A,25,0.958,3.83,-0.02,17,1
P047,HRTF_A,25,0.972,4.25,0.00,17,1
P047,HRTF_A,25,0.986,4.71,0.00,17,1
P047,HRTF_A,25,1.000,5.24,0.00,17,1
P047,HRTF_A,25,1.013,5.82,0.03,17,1
P047,HRTF_A,25,1.027,6.48,0.07,17,1
P047,HRTF_A,25,1.042,7.16,0.13,17,1
P047,HRTF_A,25,1.055,7.90,0.23,17,1
P047,HRTF_A,25,1.069,8.64,0.35,17,1
P047,HRTF_A,25,1.083,9.49,0.48,17,1
P047,HRTF_A,25,1.097,10.35,0.57,17,1
P047,HRTF_A,25,1.111,11.27,0.67,17,1
P047,HRTF_A,25,1.125,12.19,0.78,17,1
P047,HRTF_A,25,1.138,13.13,0.85,17,1
P047,HRTF_A,25,1.152,14.12,0.93,17,1
P047,HRTF_A,25,1.166,15.05,1.02,17,1
P047,HRTF_A,25,1.180,16.09,1.09,17,1
P047,HRTF_A,25,1.194,17.17,1.15,17,1
P047,HRTF_A,25,1.208,18.27,1.21,17,1
P047,HRTF_A,25,1.222,19.40,1.28,17,1
P047,HRTF_A,25,1.236,20.58,1.36,17,1
P047,HRTF_A,25,1.249,21.83,1.42,17,1
P047,HRTF_A,25,1.264,23.09,1.50,17,1
P047,HRTF_A,25,1.277,24.43,1.53,17,1
P047,HRTF_A,25,1.291,25.84,1.56,17,1
P047,HRTF_A,25,1.305,27.28,1.60,17,1
P047,HRTF_A,25,1.319,28.72,1.60,17,1
P047,HRTF_A,25,1.333,30.24,1.65,17,1
P047,HRTF_A,25,1.347,31.78,1.70,17,1
P047,HRTF_A,25,1.360,33.38,1.73,17,1
P047,HRTF_A,25,1.374,35.02,1.75,17,1
P047,HRTF_A,25,1.389,36.66,1.76,17,1
P047,HRTF_A,25,1.402,38.37,1.76,17,1
P047,HRTF_A,25,1.416,40.05,1.74,17,1
P047,HRTF_A,25,1.430,41.73,1.74,17,1
P047,HRTF_A,25,1.444,43.40,1.69,17,1
P047,HRTF_A,25,1.458,45.08,1.68,17,1
P047,HRTF_A,25,1.471,46.72,1.70,17,1
P047,HRTF_A,25,1.485,48.40,1.65,17,1
P047,HRTF_A,25,1.499,50.06,1.63,17,1
P047,HRTF_A,25,1.513,51.74,1.59,17,1
P047,HRTF_A,25,1.527,53.45,1.53,17,1
P047,HRTF_A,25,1.541,55.18,1.43,17,1
P047,HRTF_A,25,1.555,56.93,1.34,17,1
P047,HRTF_A,25,1.569,58.68,1.23,17,1
P047,HRTF_A,25,1.583,60.44,1.11,17,1
P047,HRTF_A,25,1.597,62.20,0.93,17,1
P047,HRTF_A,25,1.610,63.96,0.76,17,1
P047,HRTF_A,25,1.624,65.72,0.63,17,1
P047,HRTF_A,25,1.638,67.43,0.45,17,1
P047,HRTF_A,25,1.652,69.15,0.27,17,1
P047,HRTF_A,25,1.666,70.85,0.07,17,1
P047,HRTF_A,25,1.680,72.55,-0.18,17,1
P047,HRTF_A,25,1.694,74.25,-0.39,17,1
P047,HRTF_A,25,1.708,75.89,-0.65,17,1
P047,HRTF_A,25,1.722,77.48,-0.89,17,1
P047,HRTF_A,25,1.735,79.08,-1.13,17,1
P047,HRTF_A,25,1.749,80.65,-1.43,17,1
P047,HRTF_A,25,1.763,82.23,-1.68,17,1
P047,HRTF_A,25,1.777,83.76,-1.89,17,1
P047,HRTF_A,25,1.791,85.28,-2.11,17,1
P047,HRTF_A,25,1.805,86.80,-2.37,17,1
P047,HRTF_A,25,1.819,88.27,-2.70,17,1
P047,HRTF_A,25,1.833,89.75,-3.06,17,1
P047,HRTF_A,25,1.847,91.19,-3.47,17,1
P047,HRTF_A,25,1.861,92.58,-3.86,17,1
P047,HRTF_A,25,1.874,93.88,-4.16,17,1
P047,HRTF_A,25,1.888,95.17,-4.49,17,1
P047,HRTF_A,25,1.902,96.47,-4.89,17,1
P047,HRTF_A,25,1.916,97.71,-5.33,17,1
P047,HRTF_A,25,1.930,98.99,-5.70,17,1
P047,HRTF_A,25,1.944,100.20,-6.05,17,1
P047,HRTF_A,25,1.958,101.38,-6.37,17,1
P047,HRTF_A,25,1.971,102.60,-6.67,17,1
P047,HRTF_A,25,1.985,103.78,-6.99,17,1
P047,HRTF_A,25,1.999,105.04,-7.26,17,1
P047,HRTF_A,25,2.013,106.23,-7.45,17,1
P047,HRTF_A,25,2.027,107.39,-7.65,17,1
P047,HRTF_A,25,2.041,108.52,-7.74,17,1
P047,HRTF_A,25,2.055,109.69,-7.87,17,1
P047,HRTF_A,25,2.069,110.93,-8.11,17,1
P047,HRTF_A,25,2.083,112.23,-8.32,17,1
P047,HRTF_A,25,2.096,113.53,-8.57,17,1
P047,HRTF_A,25,2.110,114.82,-8.76,17,1
P047,HRTF_A,25,2.124,116.12,-8.84,17,1
P047,HRTF_A,25,2.138,117.45,-8.81,17,1
P047,HRTF_A,25,2.152,118.82,-8.73,17,1
P047,HRTF_A,25,2.166,120.14,-8.64,17,1
P047,HRTF_A,25,2.180,121.50,-8.50,17,1
P047,HRTF_A,25,2.194,122.83,-8.42,17,1
P047,HRTF_A,25,2.208,124.11,-8.41,17,1
P047,HRTF_A,25,2.222,125.46,-8.42,17,1
P047,HRTF_A,25,2.235,126.81,-8.57,17,1
P047,HRTF_A,25,2.249,128.21,-8.70,17,1
P047,HRTF_A,25,2.263,129.60,-8.84,17,1
P047,HRTF_A,25,2.277,130.97,-9.12,17,1
P047,HRTF_A,25,2.291,132.31,-9.37,17,1
P047,HRTF_A,25,2.305,133.60,-9.66,17,1
P047,HRTF_A,25,2.319,134.81,-10.00,17,1
P047,HRTF_A,25,2.333,135.93,-10.35,17,1
P047,HRTF_A,25,2.346,137.05,-10.73,17,1
P047,HRTF_A,25,2.360,138.22,-11.11,17,1
P047,HRTF_A,25,2.374,139.34,-11.52,17,1
P047,HRTF_A,25,2.388,140.48,-11.95,17,1
P047,HRTF_A,25,2.402,141.59,-12.37,17,1
P047,HRTF_A,25,2.416,142.84,-12.80,17,1
P047,HRTF_A,25,2.430,144.20,-13.25,17,1
P047,HRTF_A,25,2.444,145.67,-13.67,17,1
P047,HRTF_A,25,2.458,147.19,-14.06,17,1
P047,HRTF_A,25,2.472,148.70,-14.31,17,1
P047,HRTF_A,25,2.485,150.24,-14.52,17,1
P047,HRTF_A,25,2.499,152.02,-14.75,17,1
P047,HRTF_A,25,2.513,153.88,-14.97,17,1
P047,HRTF_A,25,2.527,155.85,-15.11,17,1
P047,HRTF_A,25,2.541,157.68,-15.17,17,1
P047,HRTF_A,25,2.555,159.40,-15.18,17,1
P047,HRTF_A,25,2.569,161.06,-15.16,17,1
P047,HRTF_A,25,2.583,162.75,-15.08,17,1
P047,HRTF_A,25,2.596,164.46,-14.96,17,1
P047,HRTF_A,25,2.610,166.15,-14.80,17,1
P047,HRTF_A,25,2.624,167.84,-14.54,17,1
P047,HRTF_A,25,2.638,169.48,-14.18,17,1
P047,HRTF_A,25,2.652,171.16,-13.71,17,1
P047,HRTF_A,25,2.666,172.88,-13.39,17,1
P047,HRTF_A,25,2.680,174.81,-13.10,17,1
P047,HRTF_A,25,2.694,176.79,-12.91,17,1
P047,HRTF_A,25,2.708,178.63,-12.60,17,1
P047,HRTF_A,25,2.721,-179.84,-12.18,17,1
P047,HRTF_A,25,2.735,-178.73,-11.66,17,1
P047,HRTF_A,25,2.749,-178.03,-11.18,17,1
P047,HRTF_A,25,2.763,-177.60,-10.76,17,1
P047,HRTF_A,25,2.777,-177.55,-10.48,17,1
P047,HRTF_A,25,2.791,-177.45,-10.29,17,1
P047,HRTF_A,25,2.805,-177.39,-10.11,17,1
P047,HRTF_A,25,2.819,-177.55,-10.04,17,1
P047,HRTF_A,25,2.833,-177.54,-9.89,17,1
P047,HRTF_A,25,2.847,-177.63,-9.70,17,1
P047,HRTF_A,25,2.861,-177.68,-9.50,17,1
P047,HRTF_A,25,2.874,-177.77,-9.31,17,1
P047,HRTF_A,25,2.888,-177.77,-9.12,17,1
P047,HRTF_A,25,2.902,-177.73,-8.93,17,1
P047,HRTF_A,25,2.916,-177.68,-8.74,17,1
P047,HRTF_A,25,2.930,-177.63,-8.61,17,1
P047,HRTF_A,25,2.944,-177.58,-8.56,17,1
P047,HRTF_A,25,2.958,-177.45,-8.61,17,1
P047,HRTF_A,25,2.971,-177.34,-8.65,17,1
P047,HRTF_A,25,2.985,-177.23,-8.66,17,1
P047,HRTF_A,25,2.999,-177.20,-8.62,17,1
P047,HRTF_A,25,3.013,-177.24,-8.57,17,1
P047,HRTF_A,25,3.027,-177.28,-8.52,17,1
P047,HRTF_A,25,3.041,-177.35,-8.51,17,1
P047,HRTF_A,25,3.055,-177.42,-8.45,17,1
P047,HRTF_A,25,3.069,-177.49,-8.32,17,1
P047,HRTF_A,25,3.083,-177.61,-8.09,17,1
P047,HRTF_A,25,3.097,-177.69,-7.87,17,1
P047,HRTF_A,25,3.110,-177.70,-7.73,17,1
P047,HRTF_A,25,3.124,-177.66,-7.64,17,1
P047,HRTF_A,25,3.138,-177.59,-7.56,17,1
P047,HRTF_A,25,3.152,-177.57,-7.46,17,1
P047,HRTF_A,25,3.166,-177.59,-7.33,17,1
P047,HRTF_A,25,3.180,-177.64,-7.21,17,1
P047,HRTF_A,26,0.014,-1.31,-0.18,4,1
P047,HRTF_A,26,0.028,-1.42,-0.20,4,1
P047,HRTF_A,26,0.042,-1.51,-0.23,4,1
P047,HRTF_A,26,0.055,-1.60,-0.22,4,1
P047,HRTF_A,26,0.069,-1.68,-0.20,4,1
P047,HRTF_A,26,0.083,-1.74,-0.20,4,1
P047,HRTF_A,26,0.097,-1.80,-0.17,4,1
P047,HRTF_A,26,0.112,-1.84,-0.20,4,1
P047,HRTF_A,26,0.125,-1.87,-0.25,4,1
P047,HRTF_A,26,0.139,-1.91,-0.32,4,1
P047,HRTF_A,26,0.153,-1.95,-0.38,4,1
P047,HRTF_A,26,0.166,-1.97,-0.44,4,1
P047,HRTF_A,26,0.180,-2.01,-0.47,4,1
P047,HRTF_A,26,0.194,-2.03,-0.49,4,1
P047,HRTF_A,26,0.208,-2.07,-0.50,4,1
P047,HRTF_A,26,0.222,-2.07,-0.56,4,1
P047,HRTF_A,26,0.236,-2.08,-0.63,4,1
P047,HRTF_A,26,0.250,-2.10,-0.67,4,1
P047,HRTF_A,26,0.264,-2.11,-0.67,4,1
P047,HRTF_A,26,0.278,-2.11,-0.66,4,1
P047,HRTF_A,26,0.292,-2.11,-0.64,4,1
P047,HRTF_A,26,0.305,-2.12,-0.62,4,1
P047,HRTF_A,26,0.319,-2.11,-0.58,4,1
P047,HRTF_A,26,0.334,-2.10,-0.55,4,1
P047,HRTF_A,26,0.347,-2.08,-0.54,4,1
P047,HRTF_A,26,0.361,-2.07,-0.52,4,1
P047,HRTF_A,26,0.375,-2.05,-0.49,4,1
P047,HRTF_A,26,0.389,-2.01,-0.45,4,1
P047,HRTF_A,26,0.403,-1.97,-0.42,4,1
P047,HRTF_A,26,0.417,-1.91,-0.37,4,1
P047,HRTF_A,26,0.431,-1.84,-0.33,4,1
P047,HRTF_A,26,0.444,-1.75,-0.29,4,1
P047,HRTF_A,26,0.458,-1.65,-0.24,4,1
P047,HRTF_A,26,0.472,-1.53,-0.18,4,1
P047,HRTF_A,26,0.486,-1.41,-0.13,4,1
P047,HRTF_A,26,0.500,-1.25,-0.09,4,1
P047,HRTF_A,26,0.514,-1.08,-0.07,4,1
P047,HRTF_A,26,0.527,-0.90,-0.04,4,1
P047,HRTF_A,26,0.541,-0.68,0.00,4,1
P047,HRTF_A,26,0.555,-0.45,0.04,4,1
P047,HRTF_A,26,0.569,-0.20,0.07,4,1
P047,HRTF_A,26,0.583,0.08,0.12,4,1
P047,HRTF_A,26,0.597,0.35,0.10,4,1
P047,HRTF_A,26,0.611,0.65,0.10,4,1
P047,HRTF_A,26,0.625,0.96,0.08,4,1
P047,HRTF_A,26,0.639,1.28,0.06,4,1
P047,HRTF_A,26,0.653,1.65,0.07,4,1
P047,HRTF_A,26,0.666,2.00,0.10,4,1
P047,HRTF_A,26,0.680,2.37,0.11,4,1
P047,HRTF_A,26,0.694,2.74,0.12,4,1
P047,HRTF_A,26,0.708,3.12,0.14,4,1
P047,HRTF_A,26,0.722,3.53,0.15,4,1
P047,HRTF_A,26,0.736,3.92,0.12,4,1
P047,HRTF_A,26,0.750,4.37,0.13,4,1
P047,HRTF_A,26,0.764,4.83,0.12,4,1
P047,HRTF_A,26,0.778,5.28,0.15,4,1
P047,HRTF_A,26,0.792,5.76,0.19,4,1
P047,HRTF_A,26,0.806,6.27,0.20,4,1
P047,HRTF_A,26,0.819,6.82,0.23,4,1
P047,HRTF_A,26,0.833,7.42,0.24,4,1
P047,HRTF_A,26,0.847,8.12,0.17,4,1
P047,HRTF_A,26,0.861,8.86,0.23,4,1
P047,HRTF_A,26,0.875,9.68,0.21,4,1
P047,HRTF_A,26,0.889,10.59,0.19,4,1
P047,HRTF_A,26,0.903,11.60,0.15,4,1
P047,HRTF_A,26,0.917,12.72,0.08,4,1
P047,HRTF_A,26,0.931,13.94,-0.04,4,1
P047,HRTF_A,26,0.945,15.29,-0.15,4,1
P047,HRTF_A,26,0.958,16.69,-0.27,4,1
P047,HRTF_A,26,0.972,18.16,-0.32,4,1
P047,HRTF_A,26,0.986,19.68,-0.38,4,1
P047,HRTF_A,26,1.000,21.24,-0.42,4,1
P047,HRTF_A,26,1.014,22.93,-0.46,4,1
P047,HRTF_A,26,1.028,24.65,-0.53,4,1
P047,HRTF_A,26,1.042,26.48,-0.54,4,1
P047,HRTF_A,26,1.056,28.33,-0.63,4,1
P047,HRTF_A,26,1.069,30.22,-0.67,4,1
P047,HRTF_A,26,1.083,32.10,-0.71,4,1
P047,HRTF_A,26,1.097,34.08,-0.72,4,1
P047,HRTF_A,26,1.111,35.98,-0.78,4,1
P047,HRTF_A,26,1.125,37.99,-0.79,4,1
P047,HRTF_A,26,1.139,39.99,-0.84,4,1
P047,HRTF_A,26,1.153,42.01,-0.92,4,1
P047,HRTF_A,26,1.167,44.02,-1.05,4,1
P047,HRTF_A,26,1.180,46.03,-1.17,4,1
P047,HRTF_A,26,1.195,48.04,-1.26,4,1
P047,HRTF_A,26,1.209,50.01,-1.33,4,1
P047,HRTF_A,26,1.222,51.93,-1.43,4,1
P047,HRTF_A,26,1.236,53.79,-1.46,4,1
P047,HRTF_A,26,1.250,55.72,-1.48,4,1
P047,HRTF_A,26,1.264,57.56,-1.50,4,1
P047,HRTF_A,26,1.278,59.35,-1.48,4,1
P047,HRTF_A,26,1.292,61.04,-1.44,4,1
P047,HRTF_A,26,1.306,62.65,-1.39,4,1
P047,HRTF_A,26,1.319,64.07,-1.27,4,1
P047,HRTF_A,26,1.333,65.42,-1.13,4,1
P047,HRTF_A,26,1.347,66.48,-0.90,4,1
P047,HRTF_A,26,1.361,67.25,-0.63,4,1
P047,HRTF_A,26,1.375,67.93,-0.35,4,1
P047,HRTF_A,26,1.389,68.50,-0.01,4,1
P047,HRTF_A,26,1.403,68.99,0.37,4,1
P047,HRTF_A,26,1.417,69.53,0.84,4,1
P047,HRTF_A,26,1.431,69.93,1.26,4,1
P047,HRTF_A,26,1.445,70.30,1.73,4,1
P047,HRTF_A,26,1.459,70.47,2.34,4,1
P047,HRTF_A,26,1.472,70.70,2.91,4,1
P047,HRTF_A,26,1.486,70.76,3.62,4,1
P047,HRTF_A,26,1.500,70.78,4.37,4,1
P047,HRTF_A,26,1.514,70.59,5.31,4,1
P047,HRTF_A,26,1.528,70.43,6.24,4,1
P047,HRTF_A,26,1.542,70.18,6.99,4,1
P047,HRTF_A,26,1.556,69.99,7.66,4,1
P047,HRTF_A,26,1.570,69.80,8.20,4,1
P047,HRTF_A,26,1.583,69.65,8.65,4,1
P047,HRTF_A,26,1.598,69.52,9.17,4,1
P047,HRTF_A,26,1.611,69.37,9.60,4,1
P047,HRTF_A,26,1.625,69.29,10.02,4,1
P047,HRTF_A,26,1.639,69.24,10.37,4,1
P047,HRTF_A,26,1.653,69.22,10.67,4,1
P047,HRTF_A,26,1.667,69.24,10.95,4,1
P047,HRTF_A,26,1.681,69.23,11.22,4,1
P047,HRTF_A,26,1.695,69.22,11.50,4,1
P047,HRTF_A,26,1.708,69.21,11.72,4,1
P047,HRTF_A,26,1.722,69.27,11.87,4,1
P047,HRTF_A,26,1.736,69.28,12.05,4,1
P047,HRTF_A,26,1.750,69.26,12.28,4,1
P047,HRTF_A,26,1.764,69.23,12.52,4,1
P047,HRTF_A,27,0.014,-5.33,3.89,15,1
P047,HRTF_A,27,0.028,-5.49,3.80,15,1
P047,HRTF_A,27,0.042,-5.64,3.65,15,1
P047,HRTF_A,27,0.056,-5.77,3.51,15,1
P047,HRTF_A,27,0.070,-5.88,3.38,15,1
P047,HRTF_A,27,0.084,-5.97,3.21,15,1
P047,HRTF_A,27,0.097,-6.05,3.05,15,1
P047,HRTF_A,27,0.111,-6.14,2.92,15,1
P047,HRTF_A,27,0.125,-6.20,2.86,15,1
P047,HRTF_A,27,0.139,-6.27,2.83,15,1
P047,HRTF_A,27,0.153,-6.34,2.84,15,1
P047,HRTF_A,27,0.167,-6.41,2.86,15,1
P047,HRTF_A,27,0.181,-6.49,2.87,15,1
P047,HRTF_A,27,0.195,-6.57,2.86,15,1
P047,HRTF_A,27,0.208,-6.65,2.88,15,1
P047,HRTF_A,27,0.222,-6.71,2.94,15,1
P047,HRTF_A,27,0.236,-6.77,2.97,15,1
P047,HRTF_A,27,0.250,-6.80,3.02,15,1
P047,HRTF_A,27,0.264,-6.83,3.06,15,1
P047,HRTF_A,27,0.278,-6.86,3.10,15,1
P047,HRTF_A,27,0.292,-6.88,3.09,15,1
P047,HRTF_A,27,0.306,-6.88,3.07,15,1
P047,HRTF_A,27,0.320,-6.87,3.04,15,1
P047,HRTF_A,27,0.333,-6.85,3.03,15,1
P047,HRTF_A,27,0.347,-6.83,3.00,15,1
P047,HRTF_A,27,0.361,-6.81,2.99,15,1
P047,HRTF_A,27,0.375,-6.77,2.96,15,1
P047,HRTF_A,27,0.389,-6.73,2.93,15,1
P047,HRTF_A,27,0.403,-6.66,2.93,15,1
P047,HRTF_A,27,0.417,-6.59,2.90,15,1
P047,HRTF_A,27,0.431,-6.47,2.86,15,1
P047,HRTF_A,27,0.445,-6.36,2.80,15,1
P047,HRTF_A,27,0.458,-6.22,2.73,15,1
P047,HRTF_A,27,0.472,-6.07,2.68,15,1
P047,HRTF_A,27,0.486,-5.88,2.64,15,1
P047,HRTF_A,27,0.500,-5.68,2.58,15,1
P047,HRTF_A,27,0.514,-5.48,2.55,15,1
P047,HRTF_A,27,0.528,-5.27,2.54,15,1
P047,HRTF_A,27,0.542,-5.06,2.51,15,1
P047,HRTF_A,27,0.556,-4.86,2.50,15,1
P047,HRTF_A,27,0.570,-4.66,2.48,15,1
P047,HRTF_A,27,0.583,-4.46,2.45,15,1
P047,HRTF_A,27,0.597,-4.26,2.41,15,1
P047,HRTF_A,27,0.611,-4.06,2.36,15,1
P047,HRTF_A,27,0.625,-3.87,2.31,15,1
P047,HRTF_A,27,0.639,-3.69,2.27,15,1
P047,HRTF_A,27,0.653,-3.51,2.24,15,1
P047,HRTF_A,27,0.667,-3.31,2.20,15,1
P047,HRTF_A,27,0.681,-3.11,2.18,15,1
P047,HRTF_A,27,0.694,-2.90,2.15,15,1
P047,HRTF_A,27,0.708,-2.69,2.10,15,1
P047,HRTF_A,27,0.722,-2.47,2.04,15,1
P047,HRTF_A,27,0.736,-2.22,2.00,15,1
P047,HRTF_A,27,0.750,-1.97,1.95,15,1
P047,HRTF_A,27,0.764,-1.70,1.94,15,1
P047,HRTF_A,27,0.778,-1.42,1.93,15,1
P047,HRTF_A,27,0.791,-1.13,1.92,15,1
P047,HRTF_A,27,0.805,-0.83,1.93,15,1
P047,HRTF_A,27,0.819,-0.51,1.96,15,1
P047,HRTF_A,27,0.833,-0.16,1.96,15,1
P047,HRTF_A,27,0.847,0.19,1.96,15,1
P047,HRTF_A,27,0.861,0.55,1.95,15,1
P047,HRTF_A,27,0.875,0.96,1.92,15,1
P047,HRTF_A,27,0.889,1.38,1.89,15,1
P047,HRTF_A,27,0.903,1.86,1.89,15,1
P047,HRTF_A,27,0.916,2.38,1.87,15,1
P047,HRTF_A,27,0.930,3.01,1.85,15,1
P047,HRTF_A,27,0.944,3.70,1.81,15,1
P047,HRTF_A,27,0.958,4.48,1.76,15,1
P047,HRTF_A,27,0.972,5.26,1.72,15,1
P047,HRTF_A,27,0.986,6.14,1.70,15,1
P047,HRTF_A,27,1.000,7.01,1.66,15,1
P047,HRTF_A,27,1.014,7.93,1.58,15,1
P047,HRTF_A,27,1.028,8.90,1.53,15,1
P047,HRTF_A,27,1.042,9.94,1.43,15,1
P047,HRTF_A,27,1.055,11.00,1.35,15,1
P047,HRTF_A,27,1.069,12.14,1.29,15,1
P047,HRTF_A,27,1.083,13.26,1.18,15,1
P047,HRTF_A,27,1.097,14.46,1.10,15,1
P047,HRTF_A,27,1.111,15.63,1.00,15,1
P047,HRTF_A,27,1.125,16.89,0.79,15,1
P047,HRTF_A,27,1.139,18.16,0.58,15,1
P047,HRTF_A,27,1.152,19.44,0.40,15,1
P047,HRTF_A,27,1.166,20.74,0.23,15,1
P047,HRTF_A,27,1.180,22.12,0.19,15,1
P047,HRTF_A,27,1.194,23.45,0.07,15,1
P047,HRTF_A,27,1.208,24.86,-0.01,15,1
P047,HRTF_A,27,1.222,26.27,-0.08,15,1
P047,HRTF_A,27,1.236,27.74,-0.17,15,1
P047,HRTF_A,27,1.250,29.19,-0.25,15,1
P047,HRTF_A,27,1.264,30.68,-0.26,15,1
P047,HRTF_A,27,1.277,32.12,-0.27,15,1
P047,HRTF_A,27,1.291,33.59,-0.25,15,1
P047,HRTF_A,27,1.305,35.04,-0.21,15,1
P047,HRTF_A,27,1.319,36.57,-0.18,15,1
P047,HRTF_A,27,1.333,38.07,-0.19,15,1
P047,HRTF_A,27,1.347,39.63,-0.20,15,1
P047,HRTF_A,27,1.361,41.18,-0.24,15,1
P047,HRTF_A,27,1.375,42.72,-0.26,15,1
P047,HRTF_A,27,1.389,44.29,-0.30,15,1
P047,HRTF_A,27,1.402,45.85,-0.30,15,1
P047,HRTF_A,27,1.416,47.48,-0.29,15,1
P047,HRTF_A,27,1.430,49.11,-0.29,15,1
P047,HRTF_A,27,1.444,50.71,-0.30,15,1
P047,HRTF_A,27,1.458,52.38,-0.38,15,1
P047,HRTF_A,27,1.472,54.11,-0.50,15,1
P047,HRTF_A,27,1.486,56.01,-0.73,15,1
P047,HRTF_A,27,1.500,58.05,-0.93,15,1
P047,HRTF_A,27,1.513,60.08,-1.17,15,1
P047,HRTF_A,27,1.527,62.10,-1.35,15,1
P047,HRTF_A,27,1.541,64.16,-1.59,15,1
P047,HRTF_A,27,1.555,66.22,-1.92,15,1
P047,HRTF_A,27,1.569,68.39,-2.27,15,1
P047,HRTF_A,27,1.583,70.63,-2.61,15,1
P047,HRTF_A,27,1.597,72.95,-2.94,15,1
P047,HRTF_A,27,1.611,75.22,-3.27,15,1
P047,HRTF_A,27,1.625,77.48,-3.59,15,1
P047,HRTF_A,27,1.639,79.82,-3.97,15,1
P047,HRTF_A,27,1.652,82.23,-4.29,15,1
P047,HRTF_A,27,1.666,84.65,-4.61,15,1
P047,HRTF_A,27,1.680,87.10,-4.88,15,1
P047,HRTF_A,27,1.694,89.46,-4.96,15,1
P047,HRTF_A,27,1.708,91.81,-4.99,15,1
P047,HRTF_A,27,1.722,94.13,-4.99,15,1
P047,HRTF_A,27,1.736,96.42,-4.90,15,1
P047,HRTF_A,27,1.750,98.63,-4.81,15,1
P047,HRTF_A,27,1.764,100.78,-4.72,15,1
P047,HRTF_A,27,1.778,102.92,-4.66,15,1
P047,HRTF_A,27,1.791,104.99,-4.61,15,1
P047,HRTF_A,27,1.805,106.98,-4.51,15,1
P047,HRTF_A,27,1.819,108.93,-4.38,15,1
P047,HRTF_A,27,1.833,110.87,-4.24,15,1
P047,HRTF_A,27,1.847,112.74,-4.13,15,1
P047,HRTF_A,27,1.861,114.64,-4.07,15,1
P047,HRTF_A,27,1.875,116.56,-3.99,15,1
P047,HRTF_A,27,1.889,118.46,-3.95,15,1
P047,HRTF_A,27,1.902,120.24,-3.88,15,1
P047,HRTF_A,27,1.916,122.03,-3.76,15,1
P047,HRTF_A,27,1.930,123.74,-3.62,15,1
P047,HRTF_A,27,1.944,125.40,-3.53,15,1
P047,HRTF_A,27,1.958,127.05,-3.48,15,1
P047,HRTF_A,27,1.972,128.70,-3.43,15,1
P047,HRTF_A,27,1.986,130.30,-3.44,15,1
P047,HRTF_A,27,2.000,131.84,-3.38,15,1
P047,HRTF_A,27,2.014,133.31,-3.38,15,1
P047,HRTF_A,27,2.027,134.75,-3.40,15,1
P047,HRTF_A,27,2.041,136.17,-3.36,15,1
P047,HRTF_A,27,2.055,137.56,-3.33,15,1
P047,HRTF_A,27,2.069,138.92,-3.29,15,1
P047,HRTF_A,27,2.083,140.29,-3.26,15,1
P047,HRTF_A,27,2.097,141.60,-3.29,15,1
P047,HRTF_A,27,2.111,142.86,-3.35,15,1
P047,HRTF_A,27,2.125,144.04,-3.41,15,1
P047,HRTF_A,27,2.139,145.20,-3.52,15,1
P047,HRTF_A,27,2.152,146.32,-3.61,15,1
P047,HRTF_A,27,2.166,147.42,-3.75,15,1
P047,HRTF_A,27,2.180,148.50,-3.92,15,1
P047,HRTF_A,27,2.194,149.59,-4.09,15,1
P047,HRTF_A,27,2.208,150.60,-4.24,15,1
P047,HRTF_A,27,2.222,151.64,-4.35,15,1
P047,HRTF_A,27,2.236,152.58,-4.37,15,1
P047,HRTF_A,27,2.250,153.55,-4.39,15,1
P047,HRTF_A,27,2.263,154.44,-4.35,15,1
P047,HRTF_A,27,2.277,155.34,-4.25,15,1
P047,HRTF_A,27,2.291,156.24,-4.13,15,1
P047,HRTF_A,27,2.305,157.06,-3.99,15,1
P047,HRTF_A,27,2.319,157.91,-3.93,15,1
P047,HRTF_A,27,2.333,158.77,-3.92,15,1
P047,HRTF_A,27,2.347,159.64,-3.82,15,1
P047,HRTF_A,27,2.361,160.49,-3.64,15,1
P047,HRTF_A,27,2.375,161.33,-3.49,15,1
P047,HRTF_A,27,2.388,162.14,-3.44,15,1
P047,HRTF_A,27,2.402,162.95,-3.56,15,1
P047,HRTF_A,27,2.416,163.75,-3.86,15,1
P047,HRTF_A,27,2.430,164.53,-4.42,15,1
P047,HRTF_A,27,2.444,165.31,-4.93,15,1
P047,HRTF_A,27,2.458,166.04,-5.39,15,1
P047,HRTF_A,27,2.472,166.78,-5.79,15,1
P047,HRTF_A,27,2.485,167.45,-6.25,15,1
P047,HRTF_A,27,2.500,168.18,-6.71,15,1
P047,HRTF_A,27,2.513,168.90,-7.30,15,1
P047,HRTF_A,27,2.527,169.59,-7.97,15,1
P047,HRTF_A,27,2.541,170.24,-8.66,15,1
P047,HRTF_A,27,2.555,170.89,-9.36,15,1
P047,HRTF_A,27,2.569,171.48,-10.08,15,1
P047,HRTF_A,27,2.583,172.09,-10.75,15,1
P047,HRTF_A,27,2.597,172.64,-11.34,15,1
P047,HRTF_A,27,2.611,173.21,-11.83,15,1
P047,HRTF_A,27,2.624,173.75,-12.14,15,1
P047,HRTF_A,27,2.638,174.23,-12.38,15,1
P047,HRTF_A,27,2.652,174.68,-12.60,15,1
P047,HRTF_A,27,2.666,175.04,-12.76,15,1
P047,HRTF_A,27,2.680,175.38,-12.91,15,1
P047,HRTF_A,27,2.694,175.68,-13.02,15,1
P047,HRTF_A,27,2.708,175.89,-13.03,15,1
P047,HRTF_A,27,2.722,176.12,-12.90,15,1
P047,HRTF_A,27,2.735,176.25,-12.56,15,1
P047,HRTF_A,27,2.749,176.38,-12.17,15,1
P047,HRTF_A,27,2.764,176.37,-11.35,15,1
P047,HRTF_A,27,2.777,176.43,-10.61,15,1
P047,HRTF_A,27,2.791,176.29,-9.58,15,1
P047,HRTF_A,27,2.805,176.12,-8.49,15,1
P047,HRTF_A,27,2.819,175.87,-7.31,15,1
P047,HRTF_A,27,2.833,175.58,-6.07,15,1
P047,HRTF_A,27,2.847,175.23,-4.69,15,1
P047,HRTF_A,27,2.861,174.80,-3.09,15,1
P047,HRTF_A,27,2.874,174.39,-1.51,15,1
P047,HRTF_A,27,2.889,173.88,0.23,15,1
P047,HRTF_A,27,2.902,173.35,2.07,15,1
P047,HRTF_A,27,2.916,172.84,3.82,15,1
P047,HRTF_A,27,2.930,172.35,5.58,15,1
P047,HRTF_A,27,2.944,171.87,7.27,15,1
P047,HRTF_A,27,2.958,171.40,8.89,15,1
P047,HRTF_A,27,2.972,171.03,10.12,15,1
P047,HRTF_A,27,2.986,170.81,10.80,15,1
P047,HRTF_A,27,2.999,170.52,11.48,15,1
P047,HRTF_A,27,3.013,170.23,11.90,15,1
P047,HRTF_A,27,3.027,169.89,12.43,15,1
P047,HRTF_A,27,3.041,169.71,12.65,15,1
P047,HRTF_A,27,3.055,169.67,12.66,15,1
P047,HRTF_A,27,3.069,169.82,12.55,15,1
P047,HRTF_A,27,3.083,169.94,12.58,15,1
P047,HRTF_A,27,3.097,170.05,12.70,15,1
P047,HRTF_A,27,3.111,170.12,12.86,15,1
P047,HRTF_A,27,3.124,170.13,13.02,15,1
P047,HRTF_A,27,3.138,170.11,13.18,15,1
P047,HRTF_A,27,3.152,170.09,13.32,15,1
P047,HRTF_A,27,3.166,170.09,13.42,15,1
P047,HRTF_A,27,3.180,170.10,13.45,15,1
P047,HRTF_A,27,3.194,170.10,13.41,15,1
P047,HRTF_A,27,3.208,170.05,13.39,15,1
P047,HRTF_A,27,3.222,169.97,13.40,15,1
P047,HRTF_A,27,3.235,169.85,13.43,15,1
P047,HRTF_A,27,3.250,169.76,13.34,15,1
P047,HRTF_A,27,3.263,169.71,13.06,15,1
P047,HRTF_A,27,3.277,169.67,12.68,15,1
P047,HRTF_A,27,3.291,169.65,12.21,15,1
P047,HRTF_A,27,3.305,169.58,11.54,15,1
P047,HRTF_A,27,3.319,169.51,10.37,15,1
P047,HRTF_A,27,3.333,169.50,8.84,15,1
P047,HRTF_A,27,3.347,169.51,7.15,15,1
P047,HRTF_A,27,3.361,169.61,5.54,15,1
P047,HRTF_A,27,3.374,169.66,3.68,15,1
P047,HRTF_A,27,3.388,169.69,1.14,15,1
P047,HRTF_A,27,3.402,169.74,-1.86,15,1
P047,HRTF_A,27,3.416,169.84,-5.30,15,1
P047,HRTF_A,27,3.430,169.99,-8.31,15,1
P047,HRTF_A,27,3.444,170.16,-10.75,15,1
P047,HRTF_A,27,3.458,170.28,-13.03,15,1
P047,HRTF_A,27,3.472,170.33,-15.09,15,1
P047,HRTF_A,27,3.485,170.32,-17.22,15,1
P047,HRTF_A,27,3.499,170.22,-19.05,15,1
P047,HRTF_A,27,3.513,170.08,-20.52,15,1
P047,HRTF_A,27,3.527,169.92,-21.92,15,1
P047,HRTF_A,27,3.541,169.75,-23.48,15,1
P047,HRTF_A,27,3.555,169.51,-25.21,15,1
P047,HRTF_A,27,3.569,169.25,-26.88,15,1
P047,HRTF_A,27,3.583,168.85,-28.30,15,1
P047,HRTF_A,27,3.596,168.50,-29.53,15,1
P047,HRTF_A,27,3.610,168.02,-30.80,15,1
P047,HRTF_A,27,3.624,167.47,-32.18,15,1
P047,HRTF_A,27,3.638,166.93,-33.73,15,1
P047,HRTF_A,27,3.652,166.41,-35.20,15,1
P047,HRTF_A,27,3.666,165.94,-36.57,15,1
P047,HRTF_A,27,3.680,165.49,-37.66,15,1
P047,HRTF_A,27,3.694,164.96,-38.57,15,1
P047,HRTF_A,27,3.708,164.52,-39.18,15,1
P047,HRTF_A,27,3.722,164.04,-39.70,15,1
P047,HRTF_A,27,3.735,163.60,-40.15,15,1
P047,HRTF_A,27,3.749,163.12,-40.65,15,1
P047,HRTF_A,27,3.763,162.65,-41.16,15,1
P047,HRTF_A,27,3.777,162.11,-41.57,15,1
P047,HRTF_A,27,3.791,161.52,-41.83,15,1
P047,HRTF_A,27,3.805,160.91,-42.06,15,1
P047,HRTF_A,27,3.819,160.11,-42.04,15,1
P047,HRTF_A,27,3.833,159.21,-42.05,15,1
P047,HRTF_A,27,3.846,158.18,-42.01,15,1
P047,HRTF_A,27,3.861,157.21,-41.98,15,1
P047,HRTF_A,27,3.874,156.20,-41.94,15,1
P047,HRTF_A,27,3.888,155.24,-41.90,15,1
P047,HRTF_A,27,3.903,154.23,-41.87,15,1
P047,HRTF_A,27,3.916,153.18,-41.91,15,1
P047,HRTF_A,27,3.930,152.15,-42.00,15,1
P047,HRTF_A,27,3.944,151.11,-42.06,15,1
P047,HRTF_A,27,3.958,150.12,-42.13,15,1
P047,HRTF_A,27,3.972,149.16,-42.15,15,1
P047,HRTF_A,27,3.985,148.17,-42.03,15,1
P047,HRTF_A,27,3.999,147.14,-41.96,15,1
P047,HRTF_A,27,4.013,146.13,-41.88,15,1
P047,HRTF_A,27,4.027,145.13,-41.80,15,1
P047,HRTF_A,27,4.041,144.15,-41.72,15,1
P047,HRTF_A,27,4.055,143.27,-41.71,15,1
P047,HRTF_A,27,4.069,142.33,-41.64,15,1
P047,HRTF_A,27,4.083,141.43,-41.56,15,1
P047,HRTF_A,27,4.097,140.55,-41.50,15,1
P047,HRTF_A,27,4.110,139.63,-41.40,15,1
P047,HRTF_A,27,4.124,138.75,-41.36,15,1
P047,HRTF_A,27,4.138,137.81,-41.30,15,1
P047,HRTF_A,28,0.014,-4.31,1.98,6,1
P047,HRTF_A,28,0.028,-4.33,1.87,6,1
P047,HRTF_A,28,0.043,-4.32,1.79,6,1
P047,HRTF_A,28,0.056,-4.31,1.74,6,1
P047,HRTF_A,28,0.070,-4.29,1.69,6,1
P047,HRTF_A,28,0.083,-4.29,1.66,6,1
P047,HRTF_A,28,0.097,-4.30,1.63,6,1
P047,HRTF_A,28,0.112,-4.27,1.61,6,1
P047,HRTF_A,28,0.125,-4.28,1.57,6,1
P047,HRTF_A,28,0.139,-4.25,1.53,6,1
P047,HRTF_A,28,0.153,-4.23,1.49,6,1
P047,HRTF_A,28,0.167,-4.20,1.45,6,1
P047,HRTF_A,28,0.180,-4.18,1.38,6,1
P047,HRTF_A,28,0.194,-4.14,1.29,6,1
P047,HRTF_A,28,0.208,-4.11,1.18,6,1
P047,HRTF_A,28,0.223,-4.05,1.07,6,1
P047,HRTF_A,28,0.236,-4.01,0.98,6,1
P047,HRTF_A,28,0.250,-3.95,0.90,6,1
P047,HRTF_A,28,0.264,-3.89,0.83,6,1
P047,HRTF_A,28,0.278,-3.81,0.78,6,1
P047,HRTF_A,28,0.292,-3.72,0.72,6,1
P047,HRTF_A,28,0.306,-3.61,0.69,6,1
P047,HRTF_A,28,0.319,-3.51,0.67,6,1
P047,HRTF_A,28,0.333,-3.38,0.70,6,1
P047,HRTF_A,28,0.347,-3.23,0.70,6,1
P047,HRTF_A,28,0.361,-3.07,0.70,6,1
P047,HRTF_A,28,0.375,-2.93,0.71,6,1
P047,HRTF_A,28,0.389,-2.76,0.70,6,1
P047,HRTF_A,28,0.403,-2.55,0.70,6,1
P047,HRTF_A,28,0.417,-2.36,0.67,6,1
P047,HRTF_A,28,0.430,-2.13,0.68,6,1
P047,HRTF_A,28,0.445,-1.91,0.69,6,1
P047,HRTF_A,28,0.458,-1.72,0.74,6,1
P047,HRTF_A,28,0.472,-1.52,0.78,6,1
P047,HRTF_A,28,0.486,-1.29,0.81,6,1
P047,HRTF_A,28,0.500,-1.07,0.83,6,1
P047,HRTF_A,28,0.514,-0.82,0.84,6,1
P047,HRTF_A,28,0.528,-0.60,0.89,6,1
P047,HRTF_A,28,0.542,-0.36,0.95,6,1
P047,HRTF_A,28,0.556,-0.14,0.98,6,1
P047,HRTF_A,28,0.569,0.11,1.02,6,1
P047,HRTF_A,28,0.583,0.34,1.02,6,1
P047,HRTF_A,28,0.597,0.57,0.98,6,1
P047,HRTF_A,28,0.611,0.80,0.95,6,1
P047,HRTF_A,28,0.625,1.01,0.89,6,1
P047,HRTF_A,28,0.639,1.21,0.88,6,1
P047,HRTF_A,28,0.653,1.40,0.87,6,1
P047,HRTF_A,28,0.667,1.58,0.88,6,1
P047,HRTF_A,28,0.680,1.76,0.91,6,1
P047,HRTF_A,28,0.694,1.92,0.91,6,1
P047,HRTF_A,28,0.708,2.10,0.90,6,1
P047,HRTF_A,28,0.722,2.27,0.88,6,1
P047,HRTF_A,28,0.736,2.45,0.88,6,1
P047,HRTF_A,28,0.750,2.63,0.87,6,1
P047,HRTF_A,28,0.764,2.81,0.90,6,1
P047,HRTF_A,28,0.778,3.01,0.93,6,1
P047,HRTF_A,28,0.792,3.19,0.98,6,1
P047,HRTF_A,28,0.805,3.40,1.01,6,1
P047,HRTF_A,28,0.819,3.60,1.04,6,1
P047,HRTF_A,28,0.833,3.86,1.08,6,1
P047,HRTF_A,28,0.847,4.20,1.12,6,1
P047,HRTF_A,28,0.861,4.63,1.19,6,1
P047,HRTF_A,28,0.875,5.19,1.28,6,1
P047,HRTF_A,28,0.889,5.81,1.35,6,1
P047,HRTF_A,28,0.903,6.46,1.44,6,1
P047,HRTF_A,28,0.917,7.16,1.47,6,1
P047,HRTF_A,28,0.930,8.07,1.49,6,1
P047,HRTF_A,28,0.944,9.00,1.51,6,1
P047,HRTF_A,28,0.958,10.09,1.47,6,1
P047,HRTF_A,28,0.972,11.25,1.47,6,1
P047,HRTF_A,28,0.986,12.54,1.51,6,1
P047,HRTF_A,28,1.000,13.89,1.54,6,1
P047,HRTF_A,28,1.014,15.25,1.57,6,1
P047,HRTF_A,28,1.028,16.67,1.57,6,1
P047,HRTF_A,28,1.042,18.08,1.55,6,1
P047,HRTF_A,28,1.056,19.57,1.45,6,1
P047,HRTF_A,28,1.069,21.00,1.31,6,1
P047,HRTF_A,28,1.083,22.42,1.21,6,1
P047,HRTF_A,28,1.097,23.80,1.13,6,1
P047,HRTF_A,28,1.111,25.11,1.11,6,1
P047,HRTF_A,28,1.125,26.42,1.10,6,1
P047,HRTF_A,28,1.139,27.67,1.08,6,1
P047,HRTF_A,28,1.153,28.93,1.06,6,1
P047,HRTF_A,28,1.167,30.18,1.03,6,1
P047,HRTF_A,28,1.184,31.43,0.98,6,1
P047,HRTF_A,28,1.196,32.69,0.95,6,1
P047,HRTF_A,28,1.209,35.22,0.90,6,1
P047,HRTF_A,28,1.223,35.19,0.85,6,1
P047,HRTF_A,28,1.237,36.47,0.84,6,1
P047,HRTF_A,28,1.251,37.77,0.79,6,1
P047,HRTF_A,28,1.264,39.07,0.73,6,1
P047,HRTF_A,28,1.278,40.42,0.62,6,1
P047,HRTF_A,28,1.292,41.76,0.49,6,1
P047,HRTF_A,28,1.306,43.16,0.36,6,1
P047,HRTF_A,28,1.320,44.47,0.23,6,1
P047,HRTF_A,28,1.333,45.75,-0.19,6,1
P047,HRTF_A,28,1.347,46.90,-0.83,6,1
P047,HRTF_A,28,1.361,47.95,-1.56,6,1
P047,HRTF_A,28,1.375,48.87,-2.38,6,1
P047,HRTF_A,28,1.389,49.76,-3.01,6,1
P047,HRTF_A,28,1.402,50.60,-3.59,6,1
P047,HRTF_A,28,1.416,51.33,-4.05,6,1
P047,HRTF_A,28,1.430,52.01,-4.57,6,1
P047,HRTF_A,28,1.444,52.57,-5.06,6,1
P047,HRTF_A,28,1.458,53.09,-5.54,6,1
P047,HRTF_A,28,1.472,53.62,-5.93,6,1
P047,HRTF_A,28,1.486,54.07,-6.36,6,1
P047,HRTF_A,28,1.499,54.45,-6.97,6,1
P047,HRTF_A,28,1.513,54.85,-7.52,6,1
P047,HRTF_A,28,1.527,55.24,-7.98,6,1
P047,HRTF_A,28,1.541,55.56,-8.31,6,1
P047,HRTF_A,28,1.555,55.88,-8.52,6,1
P047,HRTF_A,28,1.569,56.11,-8.67,6,1
P047,HRTF_A,28,1.583,56.31,-8.80,6,1
P047,HRTF_A,28,1.596,56.50,-8.95,6,1
P047,HRTF_A,28,1.610,56.62,-9.09,6,1
P047,HRTF_A,28,1.624,56.74,-9.32,6,1
P047,HRTF_A,28,1.638,56.78,-9.55,6,1
P047,HRTF_A,28,1.652,56.81,-9.79,6,1
P047,HRTF_A,28,1.666,56.83,-9.98,6,1
P047,HRTF_A,28,1.680,56.89,-10.20,6,1
P047,HRTF_A,28,1.694,56.99,-10.42,6,1
P047,HRTF_A,28,1.708,57.07,-10.62,6,1
P047,HRTF_A,28,1.722,57.17,-10.89,6,1
P047,HRTF_A,28,1.736,57.25,-11.13,6,1
P047,HRTF_A,29,0.014,-4.88,-0.76,25,1
P047,HRTF_A,29,0.028,-5.13,-0.76,25,1
P047,HRTF_A,29,0.042,-5.41,-0.75,25,1
P047,HRTF_A,29,0.056,-5.66,-0.71,25,1
P047,HRTF_A,29,0.069,-5.90,-0.70,25,1
P047,HRTF_A,29,0.083,-6.10,-0.68,25,1
P047,HRTF_A,29,0.098,-6.28,-0.62,25,1
P047,HRTF_A,29,0.111,-6.45,-0.60,25,1
P047,HRTF_A,29,0.125,-6.60,-0.57,25,1
P047,HRTF_A,29,0.139,-6.73,-0.53,25,1
P047,HRTF_A,29,0.153,-6.85,-0.50,25,1
P047,HRTF_A,29,0.167,-6.97,-0.47,25,1
P047,HRTF_A,29,0.181,-7.06,-0.45,25,1
P047,HRTF_A,29,0.194,-7.11,-0.44,25,1
P047,HRTF_A,29,0.208,-7.17,-0.43,25,1
P047,HRTF_A,29,0.223,-7.20,-0.42,25,1
P047,HRTF_A,29,0.236,-7.22,-0.41,25,1
P047,HRTF_A,29,0.250,-7.23,-0.43,25,1
P047,HRTF_A,29,0.264,-7.20,-0.46,25,1
P047,HRTF_A,29,0.278,-7.13,-0.49,25,1
P047,HRTF_A,29,0.292,-7.04,-0.51,25,1
P047,HRTF_A,29,0.306,-6.92,-0.52,25,1
P047,HRTF_A,29,0.320,-6.80,-0.51,25,1
P047,HRTF_A,29,0.333,-6.61,-0.54,25,1
P047,HRTF_A,29,0.347,-6.41,-0.58,25,1
P047,HRTF_A,29,0.361,-6.21,-0.64,25,1
P047,HRTF_A,29,0.375,-5.96,-0.66,25,1
P047,HRTF_A,29,0.389,-5.71,-0.69,25,1
P047,HRTF_A,29,0.403,-5.43,-0.74,25,1
P047,HRTF_A,29,0.417,-5.14,-0.78,25,1
P047,HRTF_A,29,0.431,-4.84,-0.82,25,1
P047,HRTF_A,29,0.444,-4.56,-0.87,25,1
P047,HRTF_A,29,0.458,-4.28,-0.93,25,1
P047,HRTF_A,29,0.472,-4.00,-0.97,25,1
P047,HRTF_A,29,0.486,-3.72,-1.02,25,1
P047,HRTF_A,29,0.500,-3.46,-1.06,25,1
P047,HRTF_A,29,0.514,-3.14,-1.10,25,1
P047,HRTF_A,29,0.528,-2.85,-1.09,25,1
P047,HRTF_A,29,0.542,-2.56,-1.09,25,1
P047,HRTF_A,29,0.556,-2.27,-1.07,25,1
P047,HRTF_A,29,0.569,-1.96,-1.06,25,1
P047,HRTF_A,29,0.583,-1.64,-1.05,25,1
P047,HRTF_A,29,0.597,-1.32,-1.00,25,1
P047,HRTF_A,29,0.611,-0.94,-0.96,25,1
P047,HRTF_A,29,0.625,-0.59,-0.89,25,1
P047,HRTF_A,29,0.639,-0.19,-0.77,25,1
P047,HRTF_A,29,0.653,0.17,-0.65,25,1
P047,HRTF_A,29,0.667,0.57,-0.53,25,1
P047,HRTF_A,29,0.681,0.99,-0.43,25,1
P047,HRTF_A,29,0.694,1.40,-0.43,25,1
P047,HRTF_A,29,0.708,1.86,-0.38,25,1
P047,HRTF_A,29,0.722,2.27,-0.34,25,1
P047,HRTF_A,29,0.736,2.75,-0.33,25,1
P047,HRTF_A,29,0.750,3.20,-0.32,25,1
P047,HRTF_A,29,0.764,3.64,-0.33,25,1
P047,HRTF_A,29,0.778,4.13,-0.36,25,1
P047,HRTF_A,29,0.792,4.57,-0.37,25,1
P047,HRTF_A,29,0.806,5.05,-0.36,25,1
P047,HRTF_A,29,0.819,5.45,-0.41,25,1
P047,HRTF_A,29,0.833,5.86,-0.37,25,1
P047,HRTF_A,29,0.847,6.23,-0.34,25,1
P047,HRTF_A,29,0.861,6.61,-0.32,25,1
P047,HRTF_A,29,0.875,6.91,-0.31,25,1
P047,HRTF_A,29,0.889,7.22,-0.29,25,1
P047,HRTF_A,29,0.903,7.43,-0.29,25,1
P047,HRTF_A,29,0.917,7.55,-0.32,25,1
P047,HRTF_A,29,0.931,7.64,-0.33,25,1
P047,HRTF_A,29,0.944,7.54,-0.35,25,1
P047,HRTF_A,29,0.958,7.39,-0.33,25,1
P047,HRTF_A,29,0.972,7.29,-0.33,25,1
P047,HRTF_A,29,0.986,6.79,-0.34,25,1
P047,HRTF_A,29,1.000,6.38,-0.40,25,1
P047,HRTF_A,29,1.014,5.89,-0.51,25,1
P047,HRTF_A,29,1.031,5.26,-0.61,25,1
P047,HRTF_A,29,1.045,4.58,-0.73,25,1
P047,HRTF_A,29,1.059,3.79,-0.80,25,1
P047,HRTF_A,29,1.073,3.00,-0.80,25,1
P047,HRTF_A,29,1.087,2.02,-0.80,25,1
P047,HRTF_A,29,1.101,1.01,-0.76,25,1
P047,HRTF_A,29,1.122,-0.06,-0.80,25,1
P047,HRTF_A,29,1.139,-1.39,-0.71,25,1
P047,HRTF_A,29,1.153,-3.72,-0.65,25,1
P047,HRTF_A,29,1.167,-5.09,-0.59,25,1
P047,HRTF_A,29,1.181,-6.61,-0.56,25,1
P047,HRTF_A,29,1.194,-8.20,-0.65,25,1
P047,HRTF_A,29,1.208,-9.77,-0.79,25,1
P047,HRTF_A,29,1.223,-11.49,-0.99,25,1
P047,HRTF_A,29,1.236,-13.19,-1.10,25,1
P047,HRTF_A,29,1.250,-14.93,-1.17,25,1
P047,HRTF_A,29,1.264,-16.79,-1.21,25,1
P047,HRTF_A,29,1.278,-18.67,-1.28,25,1
P047,HRTF_A,29,1.292,-20.54,-1.34,25,1
P047,HRTF_A,29,1.305,-22.38,-1.38,25,1
P047,HRTF_A,29,1.319,-24.15,-1.41,25,1
P047,HRTF_A,29,1.333,-25.91,-1.41,25,1
P047,HRTF_A,29,1.347,-27.68,-1.41,25,1
P047,HRTF_A,29,1.361,-29.47,-1.42,25,1
P047,HRTF_A,29,1.375,-31.21,-1.49,25,1
P047,HRTF_A,29,1.389,-32.92,-1.57,25,1
P047,HRTF_A,29,1.403,-34.57,-1.65,25,1
P047,HRTF_A,29,1.417,-36.28,-1.73,25,1
P047,HRTF_A,29,1.431,-37.95,-1.78,25,1
P047,HRTF_A,29,1.445,-39.64,-1.84,25,1
P047,HRTF_A,29,1.458,-41.22,-1.89,25,1
P047,HRTF_A,29,1.472,-42.87,-1.98,25,1
P047,HRTF_A,29,1.486,-44.58,-2.12,25,1
P047,HRTF_A,29,1.500,-46.31,-2.28,25,1
P047,HRTF_A,29,1.514,-48.07,-2.40,25,1
P047,HRTF_A,29,1.528,-49.81,-2.42,25,1
P047,HRTF_A,29,1.542,-51.47,-2.37,25,1
P047,HRTF_A,29,1.556,-53.11,-2.33,25,1
P047,HRTF_A,29,1.570,-54.81,-2.32,25,1
P047,HRTF_A,29,1.583,-56.39,-2.37,25,1
P047,HRTF_A,29,1.597,-57.98,-2.44,25,1
P047,HRTF_A,29,1.612,-59.47,-2.51,25,1
P047,HRTF_A,29,1.625,-60.89,-2.49,25,1
P047,HRTF_A,29,1.639,-62.26,-2.56,25,1
P047,HRTF_A,29,1.653,-63.58,-2.63,25,1
P047,HRTF_A,29,1.667,-64.79,-2.68,25,1
P047,HRTF_A,29,1.681,-66.00,-2.72,25,1
P047,HRTF_A,29,1.694,-67.18,-2.78,25,1
P047,HRTF_A,29,1.709,-68.33,-2.84,25,1
P047,HRTF_A,29,1.722,-69.51,-2.82,25,1
P047,HRTF_A,29,1.736,-70.72,-2.74,25,1
P047,HRTF_A,29,1.750,-71.92,-2.61,25,1
P047,HRTF_A,29,1.764,-73.05,-2.45,25,1
P047,HRTF_A,29,1.778,-74.12,-2.29,25,1
P047,HRTF_A,29,1.792,-75.18,-2.23,25,1
P047,HRTF_A,29,1.805,-76.23,-2.13,25,1
P047,HRTF_A,29,1.819,-77.26,-2.01,25,1
P047,HRTF_A,29,1.833,-78.21,-1.90,25,1
P047,HRTF_A,29,1.847,-79.17,-1.74,25,1
P047,HRTF_A,29,1.861,-80.04,-1.64,25,1
P047,HRTF_A,29,1.875,-80.88,-1.59,25,1
P047,HRTF_A,29,1.889,-81.70,-1.58,25,1
P047,HRTF_A,29,1.903,-82.49,-1.60,25,1
P047,HRTF_A,29,1.917,-83.27,-1.53,25,1
P047,HRTF_A,29,1.931,-84.03,-1.42,25,1
P047,HRTF_A,29,1.945,-84.83,-1.29,25,1
P047,HRTF_A,29,1.958,-85.65,-1.25,25,1
P047,HRTF_A,29,1.973,-86.54,-1.28,25,1
P047,HRTF_A,29,1.986,-87.43,-1.37,25,1
P047,HRTF_A,29,2.000,-88.31,-1.41,25,1
P047,HRTF_A,29,2.014,-89.13,-1.39,25,1
P047,HRTF_A,29,2.028,-89.94,-1.37,25,1
P047,HRTF_A,29,2.042,-90.70,-1.34,25,1
P047,HRTF_A,29,2.055,-91.46,-1.37,25,1
P047,HRTF_A,29,2.069,-92.18,-1.41,25,1
P047,HRTF_A,29,2.083,-92.84,-1.47,25,1
P047,HRTF_A,29,2.097,-93.41,-1.55,25,1
P047,HRTF_A,29,2.111,-93.91,-1.53,25,1
P047,HRTF_A,29,2.125,-94.35,-1.49,25,1
P047,HRTF_A,29,2.139,-94.72,-1.44,25,1
P047,HRTF_A,29,2.153,-95.06,-1.40,25,1
P047,HRTF_A,29,2.167,-95.31,-1.39,25,1
P047,HRTF_A,30,0.014,3.58,0.12,21,1
P047,HRTF_A,30,0.027,3.95,0.11,21,1
P047,HRTF_A,30,0.041,4.34,0.07,21,1
P047,HRTF_A,30,0.055,4.74,0.02,21,1
P047,HRTF_A,30,0.069,5.12,-0.03,21,1
P047,HRTF_A,30,0.083,5.47,-0.08,21,1
P047,HRTF_A,30,0.097,5.81,-0.12,21,1
P047,HRTF_A,30,0.111,6.14,-0.14,21,1
P047,HRTF_A,30,0.125,6.45,-0.17,21,1
P047,HRTF_A,30,0.139,6.75,-0.19,21,1
P047,HRTF_A,30,0.153,7.05,-0.23,21,1
P047,HRTF_A,30,0.166,7.31,-0.26,21,1
P047,HRTF_A,30,0.180,7.57,-0.32,21,1
P047,HRTF_A,30,0.194,7.81,-0.35,21,1
P047,HRTF_A,30,0.208,8.05,-0.37,21,1
P047,HRTF_A,30,0.223,8.26,-0.39,21,1
P047,HRTF_A,30,0.236,8.47,-0.43,21,1
P047,HRTF_A,30,0.250,8.69,-0.47,21,1
P047,HRTF_A,30,0.264,8.90,-0.50,21,1
P047,HRTF_A,30,0.277,9.10,-0.52,21,1
P047,HRTF_A,30,0.292,9.29,-0.53,21,1
P047,HRTF_A,30,0.305,9.47,-0.50,21,1
P047,HRTF_A,30,0.319,9.68,-0.46,21,1
P047,HRTF_A,30,0.333,9.87,-0.43,21,1
P047,HRTF_A,30,0.347,10.08,-0.41,21,1
P047,HRTF_A,30,0.361,10.31,-0.37,21,1
P047,HRTF_A,30,0.375,10.52,-0.33,21,1
P047,HRTF_A,30,0.388,10.74,-0.27,21,1
P047,HRTF_A,30,0.402,10.97,-0.23,21,1
P047,HRTF_A,30,0.416,11.19,-0.20,21,1
P047,HRTF_A,30,0.430,11.41,-0.15,21,1
P047,HRTF_A,30,0.444,11.64,-0.13,21,1
P047,HRTF_A,30,0.458,11.87,-0.09,21,1
P047,HRTF_A,30,0.472,12.11,-0.07,21,1
P047,HRTF_A,30,0.485,12.35,-0.05,21,1
P047,HRTF_A,30,0.500,12.59,-0.07,21,1
P047,HRTF_A,30,0.513,12.81,-0.07,21,1
P047,HRTF_A,30,0.527,13.05,-0.08,21,1
P047,HRTF_A,30,0.541,13.26,-0.10,21,1
P047,HRTF_A,30,0.555,13.46,-0.11,21,1
P047,HRTF_A,30,0.569,13.63,-0.09,21,1
P047,HRTF_A,30,0.583,13.80,-0.04,21,1
P047,HRTF_A,30,0.597,13.97,0.00,21,1
P047,HRTF_A,30,0.611,14.12,0.04,21,1
P047,HRTF_A,30,0.625,14.23,0.09,21,1
P047,HRTF_A,30,0.639,14.34,0.12,21,1
P047,HRTF_A,30,0.652,14.42,0.17,21,1
P047,HRTF_A,30,0.666,14.47,0.21,21,1
P047,HRTF_A,30,0.680,14.53,0.28,21,1
P047,HRTF_A,30,0.694,14.54,0.36,21,1
P047,HRTF_A,30,0.708,14.54,0.38,21,1
P047,HRTF_A,30,0.722,14.55,0.39,21,1
P047,HRTF_A,30,0.736,14.53,0.41,21,1
P047,HRTF_A,30,0.749,14.50,0.43,21,1
P047,HRTF_A,30,0.763,14.45,0.50,21,1
P047,HRTF_A,30,0.777,14.38,0.57,21,1
P047,HRTF_A,30,0.791,14.31,0.61,21,1
P047,HRTF_A,30,0.805,14.24,0.65,21,1
P047,HRTF_A,30,0.819,14.16,0.65,21,1
P047,HRTF_A,30,0.833,14.05,0.64,21,1
P047,HRTF_A,30,0.847,13.92,0.67,21,1
P047,HRTF_A,30,0.861,13.79,0.68,21,1
P047,HRTF_A,30,0.875,13.64,0.67,21,1
P047,HRTF_A,30,0.889,13.48,0.68,21,1
P047,HRTF_A,30,0.903,13.29,0.67,21,1
P047,HRTF_A,30,0.916,13.06,0.67,21,1
P047,HRTF_A,30,0.930,12.80,0.68,21,1
P047,HRTF_A,30,0.944,12.50,0.70,21,1
P047,HRTF_A,30,0.958,12.19,0.69,21,1
P047,HRTF_A,30,0.971,11.84,0.66,21,1
P047,HRTF_A,30,0.985,11.40,0.63,21,1
P047,HRTF_A,30,0.999,10.93,0.61,21,1
P047,HRTF_A,30,1.013,10.37,0.58,21,1
P047,HRTF_A,30,1.027,9.77,0.54,21,1
P047,HRTF_A,30,1.042,9.08,0.56,21,1
P047,HRTF_A,30,1.055,8.34,0.51,21,1
P047,HRTF_A,30,1.069,7.57,0.46,21,1
P047,HRTF_A,30,1.083,6.75,0.45,21,1
P047,HRTF_A,30,1.096,5.80,0.42,21,1
P047,HRTF_A,30,1.111,4.75,0.37,21,1
P047,HRTF_A,30,1.124,3.59,0.33,21,1
P047,HRTF_A,30,1.138,2.29,0.30,21,1
P047,HRTF_A,30,1.152,0.86,0.29,21,1
P047,HRTF_A,30,1.166,-0.67,0.25,21,1
P047,HRTF_A,30,1.180,-2.45,0.22,21,1
P047,HRTF_A,30,1.194,-4.42,0.17,21,1
P047,HRTF_A,30,1.208,-6.55,0.16,21,1
P047,HRTF_A,30,1.221,-8.82,0.15,21,1
P047,HRTF_A,30,1.235,-11.09,0.22,21,1
P047,HRTF_A,30,1.249,-13.38,0.30,21,1
P047,HRTF_A,30,1.263,-15.82,0.40,21,1
P047,HRTF_A,30,1.277,-18.18,0.42,21,1
P047,HRTF_A,30,1.291,-20.59,0.44,21,1
P047,HRTF_A,30,1.305,-22.94,0.45,21,1
P047,HRTF_A,30,1.319,-25.26,0.51,21,1
P047,HRTF_A,30,1.333,-27.60,0.61,21,1
P047,HRTF_A,30,1.347,-29.87,0.68,21,1
P047,HRTF_A,30,1.360,-32.08,0.78,21,1
P047,HRTF_A,30,1.374,-34.29,0.84,21,1
P047,HRTF_A,30,1.388,-36.38,0.96,21,1
P047,HRTF_A,30,1.402,-38.40,1.13,21,1
P047,HRTF_A,30,1.416,-40.37,1.34,21,1
P047,HRTF_A,30,1.430,-42.28,1.53,21,1
P047,HRTF_A,30,1.444,-44.11,1.72,21,1
P047,HRTF_A,30,1.458,-45.80,1.93,21,1
P047,HRTF_A,30,1.471,-47.45,2.08,21,1
P047,HRTF_A,30,1.485,-49.03,2.26,21,1
P047,HRTF_A,30,1.499,-50.62,2.46,21,1
P047,HRTF_A,30,1.513,-52.19,2.66,21,1
P047,HRTF_A,30,1.527,-53.78,2.85,21,1
P047,HRTF_A,30,1.541,-55.33,3.10,21,1
P047,HRTF_A,30,1.555,-56.92,3.33,21,1
P047,HRTF_A,30,1.569,-58.51,3.56,21,1
P047,HRTF_A,30,1.583,-60.06,3.76,21,1
P047,HRTF_A,30,1.597,-61.60,3.99,21,1
P047,HRTF_A,30,1.610,-63.14,4.17,21,1
P047,HRTF_A,30,1.624,-64.65,4.31,21,1
P047,HRTF_A,30,1.638,-66.14,4.43,21,1
P047,HRTF_A,30,1.652,-67.60,4.52,21,1
P047,HRTF_A,30,1.666,-69.07,4.57,21,1
P047,HRTF_A,30,1.680,-70.40,4.68,21,1
P047,HRTF_A,30,1.694,-71.64,4.83,21,1
P047,HRTF_A,30,1.708,-72.84,4.98,21,1
P047,HRTF_A,30,1.721,-73.86,5.12,21,1
P047,HRTF_A,30,1.736,-74.95,5.21,21,1
P047,HRTF_A,30,1.749,-75.91,5.19,21,1
P047,HRTF_A,30,1.763,-76.85,5.19,21,1
P047,HRTF_A,30,1.777,-77.78,5.16,21,1
P047,HRTF_A,30,1.791,-78.71,5.15,21,1
P047,HRTF_A,30,1.805,-79.64,5.26,21,1
P047,HRTF_A,30,1.819,-80.63,5.24,21,1
P047,HRTF_A,30,1.832,-81.61,5.15,21,1
P047,HRTF_A,30,1.846,-82.60,5.09,21,1
P047,HRTF_A,30,1.860,-83.57,4.97,21,1
P047,HRTF_A,30,1.874,-84.55,4.81,21,1
P047,HRTF_A,30,1.888,-85.55,4.57,21,1
P047,HRTF_A,30,1.902,-86.59,4.24,21,1
P047,HRTF_A,30,1.916,-87.69,3.88,21,1
P047,HRTF_A,30,1.930,-88.85,3.46,21,1
P047,HRTF_A,30,1.944,-89.97,3.03,21,1
P047,HRTF_A,30,1.958,-91.16,2.54,21,1
P047,HRTF_A,30,1.972,-92.39,2.04,21,1
P047,HRTF_A,30,1.986,-93.69,1.52,21,1
P047,HRTF_A,30,1.999,-95.00,1.02,21,1
P047,HRTF_A,30,2.013,-96.32,0.51,21,1
P047,HRTF_A,30,2.027,-97.62,0.07,21,1
P047,HRTF_A,30,2.041,-98.93,-0.39,21,1
P047,HRTF_A,30,2.055,-100.24,-0.93,21,1
P047,HRTF_A,30,2.069,-101.59,-1.46,21,1
P047,HRTF_A,30,2.083,-102.89,-1.99,21,1
P047,HRTF_A,30,2.096,-104.23,-2.51,21,1
P047,HRTF_A,30,2.110,-105.57,-2.93,21,1
P047,HRTF_A,30,2.124,-106.84,-3.26,21,1
P047,HRTF_A,30,2.138,-108.14,-3.63,21,1
P047,HRTF_A,30,2.152,-109.44,-3.97,21,1
P047,HRTF_A,30,2.166,-110.77,-4.25,21,1
P047,HRTF_A,30,2.180,-112.10,-4.51,21,1
P047,HRTF_A,30,2.193,-113.46,-4.69,21,1
P047,HRTF_A,30,2.207,-114.72,-4.84,21,1
P047,HRTF_A,30,2.221,-115.90,-4.95,21,1
P047,HRTF_A,30,2.235,-117.02,-5.05,21,1
P047,HRTF_A,30,2.249,-118.02,-5.05,21,1
P047,HRTF_A,30,2.263,-119.00,-4.99,21,1
P047,HRTF_A,30,2.277,-119.88,-4.95,21,1
P047,HRTF_A,30,2.291,-120.73,-4.95,21,1
P047,HRTF_A,30,2.305,-121.53,-4.99,21,1
P047,HRTF_A,30,2.318,-122.24,-5.01,21,1
P047,HRTF_A,30,2.332,-122.82,-5.04,21,1
P047,HRTF_A,30,2.346,-123.41,-5.05,21,1
P047,HRTF_A,30,2.360,-123.92,-5.06,21,1
P047,HRTF_A,30,2.374,-124.43,-5.08,21,1
P047,HRTF_A,30,2.388,-124.86,-5.13,21,1
P047,HRTF_A,30,2.402,-125.23,-5.17,21,1
P047,HRTF_A,30,2.416,-125.52,-5.18,21,1
P047,HRTF_A,30,2.429,-125.82,-5.24,21,1
P047,HRTF_A,30,2.443,-126.12,-5.29,21,1
P047,HRTF_A,30,2.457,-126.33,-5.39,21,1
P047,HRTF_A,30,2.471,-126.51,-5.49,21,1
P047,HRTF_A,30,2.485,-126.66,-5.57,21,1
P047,HRTF_A,30,2.499,-126.78,-5.60,21,1
P047,HRTF_A,30,2.513,-126.83,-5.59,21,1
P047,HRTF_A,30,2.527,-126.91,-5.55,21,1
P047,HRTF_A,30,2.541,-126.95,-5.47,21,1
P047,HRTF_A,30,2.554,-126.95,-5.37,21,1
P047,HRTF_A,31,0.014,-0.89,0.55,30,1
P047,HRTF_A,31,0.029,-0.42,0.57,30,1
P047,HRTF_A,31,0.042,0.00,0.57,30,1
P047,HRTF_A,31,0.056,0.45,0.57,30,1
P047,HRTF_A,31,0.070,0.88,0.53,30,1
P047,HRTF_A,31,0.084,1.26,0.45,30,1
P047,HRTF_A,31,0.097,1.66,0.40,30,1
P047,HRTF_A,31,0.111,2.04,0.29,30,1
P047,HRTF_A,31,0.125,2.42,0.15,30,1
P047,HRTF_A,31,0.139,2.77,-0.05,30,1
P047,HRTF_A,31,0.153,3.15,-0.20,30,1
P047,HRTF_A,31,0.167,3.51,-0.34,30,1
P047,HRTF_A,31,0.181,3.84,-0.45,30,1
P047,HRTF_A,31,0.195,4.15,-0.52,30,1
P047,HRTF_A,31,0.209,4.47,-0.59,30,1
P047,HRTF_A,31,0.223,4.77,-0.66,30,1
P047,HRTF_A,31,0.236,5.05,-0.78,30,1
P047,HRTF_A,31,0.250,5.29,-0.88,30,1
P047,HRTF_A,31,0.264,5.45,-0.98,30,1
P047,HRTF_A,31,0.278,5.63,-1.05,30,1
P047,HRTF_A,31,0.292,5.83,-1.09,30,1
P047,HRTF_A,31,0.306,6.00,-1.12,30,1
P047,HRTF_A,31,0.320,6.20,-1.13,30,1
P047,HRTF_A,31,0.334,6.40,-1.17,30,1
P047,HRTF_A,31,0.348,6.62,-1.21,30,1
P047,HRTF_A,31,0.361,6.86,-1.26,30,1
P047,HRTF_A,31,0.376,7.13,-1.30,30,1
P047,HRTF_A,31,0.389,7.43,-1.34,30,1
P047,HRTF_A,31,0.403,7.80,-1.35,30,1
P047,HRTF_A,31,0.417,8.16,-1.35,30,1
P047,HRTF_A,31,0.431,8.53,-1.33,30,1
P047,HRTF_A,31,0.445,8.88,-1.34,30,1
P047,HRTF_A,31,0.459,9.20,-1.34,30,1
P047,HRTF_A,31,0.473,9.51,-1.35,30,1
P047,HRTF_A,31,0.486,9.83,-1.34,30,1
P047,HRTF_A,31,0.500,10.10,-1.30,30,1
P047,HRTF_A,31,0.514,10.38,-1.33,30,1
P047,HRTF_A,31,0.528,10.62,-1.31,30,1
P047,HRTF_A,31,0.542,10.78,-1.30,30,1
P047,HRTF_A,31,0.556,10.97,-1.26,30,1
P047,HRTF_A,31,0.570,11.06,-1.24,30,1
P047,HRTF_A,31,0.584,11.15,-1.23,30,1
P047,HRTF_A,31,0.598,11.21,-1.25,30,1
P047,HRTF_A,31,0.611,11.25,-1.27,30,1
P047,HRTF_A,31,0.625,11.26,-1.31,30,1
P047,HRTF_A,31,0.639,11.24,-1.33,30,1
P047,HRTF_A,31,0.653,11.24,-1.36,30,1
P047,HRTF_A,31,0.667,11.20,-1.39,30,1
P047,HRTF_A,31,0.681,11.20,-1.41,30,1
P047,HRTF_A,31,0.695,11.17,-1.46,30,1
P047,HRTF_A,31,0.709,11.12,-1.49,30,1
P047,HRTF_A,31,0.722,11.09,-1.51,30,1
P047,HRTF_A,31,0.736,11.03,-1.52,30,1
P047,HRTF_A,31,0.750,10.96,-1.51,30,1
P047,HRTF_A,31,0.764,10.89,-1.50,30,1
P047,HRTF_A,31,0.778,10.84,-1.49,30,1
P047,HRTF_A,31,0.792,10.76,-1.49,30,1
P047,HRTF_A,31,0.806,10.68,-1.50,30,1
P047,HRTF_A,31,0.819,10.55,-1.52,30,1
P047,HRTF_A,31,0.834,10.36,-1.55,30,1
P047,HRTF_A,31,0.849,10.10,-1.58,30,1
P047,HRTF_A,31,0.863,9.63,-1.64,30,1
P047,HRTF_A,31,0.876,9.50,-1.63,30,1
P047,HRTF_A,31,0.890,9.11,-1.65,30,1
P047,HRTF_A,31,0.904,8.68,-1.69,30,1
P047,HRTF_A,31,0.917,8.22,-1.74,30,1
P047,HRTF_A,31,0.931,7.65,-1.77,30,1
P047,HRTF_A,31,0.945,7.04,-1.77,30,1
P047,HRTF_A,31,0.959,6.32,-1.80,30,1
P047,HRTF_A,31,0.973,5.51,-1.84,30,1
P047,HRTF_A,31,0.986,4.58,-1.90,30,1
P047,HRTF_A,31,1.000,3.63,-1.95,30,1
P047,HRTF_A,31,1.014,2.63,-2.00,30,1
P047,HRTF_A,31,1.028,1.60,-2.10,30,1
P047,HRTF_A,31,1.042,0.48,-2.08,30,1
P047,HRTF_A,31,1.056,-0.65,-2.09,30,1
P047,HRTF_A,31,1.070,-1.77,-2.09,30,1
P047,HRTF_A,31,1.083,-2.93,-2.01,30,1
P047,HRTF_A,31,1.097,-4.06,-1.94,30,1
P047,HRTF_A,31,1.111,-5.14,-1.89,30,1
P047,HRTF_A,31,1.125,-6.25,-1.77,30,1
P047,HRTF_A,31,1.139,-7.37,-1.70,30,1
P047,HRTF_A,31,1.153,-8.53,-1.63,30,1
P047,HRTF_A,31,1.167,-9.81,-1.57,30,1
P047,HRTF_A,31,1.181,-11.07,-1.47,30,1
P047,HRTF_A,31,1.194,-12.36,-1.34,30,1
P047,HRTF_A,31,1.208,-13.69,-1.20,30,1
P047,HRTF_A,31,1.222,-15.11,-1.09,30,1
P047,HRTF_A,31,1.236,-16.63,-1.05,30,1
P047,HRTF_A,31,1.250,-18.21,-1.07,30,1
P047,HRTF_A,31,1.264,-19.96,-1.07,30,1
P047,HRTF_A,31,1.278,-21.65,-0.99,30,1
P047,HRTF_A,31,1.292,-23.45,-0.96,30,1
P047,HRTF_A,31,1.306,-25.25,-0.92,30,1
P047,HRTF_A,31,1.319,-27.15,-0.90,30,1
P047,HRTF_A,31,1.333,-29.03,-0.80,30,1
P047,HRTF_A,31,1.347,-31.02,-0.74,30,1
P047,HRTF_A,31,1.361,-33.04,-0.68,30,1
P047,HRTF_A,31,1.375,-35.04,-0.62,30,1
P047,HRTF_A,31,1.389,-37.08,-0.55,30,1
P047,HRTF_A,31,1.403,-39.14,-0.57,30,1
P047,HRTF_A,31,1.417,-41.22,-0.60,30,1
P047,HRTF_A,31,1.430,-43.33,-0.63,30,1
P047,HRTF_A,31,1.444,-45.46,-0.62,30,1
P047,HRTF_A,31,1.458,-47.64,-0.62,30,1
P047,HRTF_A,31,1.472,-49.82,-0.60,30,1
P047,HRTF_A,31,1.486,-51.94,-0.55,30,1
P047,HRTF_A,31,1.500,-54.06,-0.55,30,1
P047,HRTF_A,31,1.514,-56.24,-0.42,30,1
P047,HRTF_A,31,1.528,-58.30,-0.35,30,1
P047,HRTF_A,31,1.542,-60.44,-0.28,30,1
P047,HRTF_A,31,1.555,-62.49,-0.25,30,1
P047,HRTF_A,31,1.570,-64.50,-0.23,30,1
P047,HRTF_A,31,1.583,-66.47,-0.29,30,1
P047,HRTF_A,31,1.597,-68.35,-0.43,30,1
P047,HRTF_A,31,1.611,-70.06,-0.57,30,1
P047,HRTF_A,31,1.625,-71.70,-0.70,30,1
P047,HRTF_A,31,1.639,-73.16,-0.82,30,1
P047,HRTF_A,31,1.653,-74.54,-0.91,30,1
P047,HRTF_A,31,1.666,-75.70,-1.06,30,1
P047,HRTF_A,31,1.680,-76.80,-1.27,30,1
P047,HRTF_A,31,1.694,-77.75,-1.56,30,1
P047,HRTF_A,31,1.708,-78.68,-1.80,30,1
P047,HRTF_A,31,1.722,-79.51,-2.08,30,1
P047,HRTF_A,31,1.736,-80.21,-2.34,30,1
P047,HRTF_A,31,1.750,-80.74,-2.81,30,1
P047,HRTF_A,31,1.764,-81.19,-3.31,30,1
P047,HRTF_A,31,1.778,-81.53,-3.81,30,1
P047,HRTF_A,31,1.792,-81.63,-4.39,30,1
P047,HRTF_A,31,1.805,-81.82,-4.85,30,1
P047,HRTF_A,31,1.819,-82.02,-5.39,30,1
P047,HRTF_A,31,1.834,-82.04,-6.03,30,1
P047,HRTF_A,31,1.847,-82.07,-6.68,30,1
P047,HRTF_A,31,1.861,-82.02,-7.21,30,1
P047,HRTF_A,31,1.875,-81.98,-7.59,30,1
P047,HRTF_A,31,1.889,-81.99,-7.88,30,1
P047,HRTF_A,31,1.903,-82.05,-8.17,30,1
P047,HRTF_A,31,1.917,-82.09,-8.46,30,1
P047,HRTF_A,31,1.930,-82.18,-8.77,30,1
P047,HRTF_A,31,1.944,-82.27,-9.13,30,1
P047,HRTF_A,31,1.958,-82.37,-9.45,30,1
P047,HRTF_A,31,1.972,-82.46,-9.74,30,1
P047,HRTF_A,31,1.986,-82.62,-10.01,30,1
P047,HRTF_A,31,2.000,-82.78,-10.26,30,1
P047,HRTF_A,31,2.014,-82.98,-10.49,30,1
P047,HRTF_A,31,2.028,-83.16,-10.69,30,1
P047,HRTF_A,31,2.041,-83.36,-10.83,30,1
P047,HRTF_A,31,2.055,-83.53,-10.93,30,1
P047,HRTF_A,31,2.069,-83.67,-11.04,30,1
P047,HRTF_A,31,2.083,-83.76,-11.15,30,1
P047,HRTF_A,31,2.097,-83.82,-11.29,30,1
P047,HRTF_A,31,2.111,-83.86,-11.45,30,1
P047,HRTF_A,31,2.125,-83.85,-11.64,30,1
P047,HRTF_A,31,2.139,-83.82,-11.83,30,1
P047,HRTF_A,32,0.014,5.30,-1.28,12,1
P047,HRTF_A,32,0.028,5.61,-1.14,12,1
P047,HRTF_A,32,0.042,5.87,-1.00,12,1
P047,HRTF_A,32,0.055,6.15,-0.88,12,1
P047,HRTF_A,32,0.069,6.38,-0.75,12,1
P047,HRTF_A,32,0.084,6.62,-0.61,12,1
P047,HRTF_A,32,0.098,6.82,-0.48,12,1
P047,HRTF_A,32,0.111,7.04,-0.35,12,1
P047,HRTF_A,32,0.125,7.23,-0.24,12,1
P047,HRTF_A,32,0.139,7.44,-0.18,12,1
P047,HRTF_A,32,0.153,7.61,-0.13,12,1
P047,HRTF_A,32,0.167,7.82,-0.12,12,1
P047,HRTF_A,32,0.181,8.03,-0.09,12,1
P047,HRTF_A,32,0.195,8.24,-0.12,12,1
P047,HRTF_A,32,0.208,8.47,-0.21,12,1
P047,HRTF_A,32,0.222,8.71,-0.33,12,1
P047,HRTF_A,32,0.236,8.92,-0.49,12,1
P047,HRTF_A,32,0.250,9.13,-0.69,12,1
P047,HRTF_A,32,0.264,9.34,-0.85,12,1
P047,HRTF_A,32,0.278,9.50,-1.01,12,1
P047,HRTF_A,32,0.292,9.65,-1.11,12,1
P047,HRTF_A,32,0.306,9.79,-1.21,12,1
P047,HRTF_A,32,0.319,9.93,-1.32,12,1
P047,HRTF_A,32,0.333,10.05,-1.41,12,1
P047,HRTF_A,32,0.347,10.17,-1.47,12,1
P047,HRTF_A,32,0.361,10.30,-1.50,12,1
P047,HRTF_A,32,0.375,10.44,-1.51,12,1
P047,HRTF_A,32,0.389,10.58,-1.50,12,1
P047,HRTF_A,32,0.403,10.74,-1.46,12,1
P047,HRTF_A,32,0.417,10.90,-1.43,12,1
P047,HRTF_A,32,0.431,11.10,-1.37,12,1
P047,HRTF_A,32,0.444,11.34,-1.31,12,1
P047,HRTF_A,32,0.458,11.59,-1.22,12,1
P047,HRTF_A,32,0.472,11.85,-1.08,12,1
P047,HRTF_A,32,0.486,12.11,-0.90,12,1
P047,HRTF_A,32,0.500,12.37,-0.70,12,1
P047,HRTF_A,32,0.514,12.64,-0.49,12,1
P047,HRTF_A,32,0.528,12.96,-0.25,12,1
P047,HRTF_A,32,0.542,13.30,-0.04,12,1
P047,HRTF_A,32,0.555,13.69,0.23,12,1
P047,HRTF_A,32,0.569,14.06,0.49,12,1
P047,HRTF_A,32,0.583,14.45,0.78,12,1
P047,HRTF_A,32,0.597,14.90,1.02,12,1
P047,HRTF_A,32,0.611,15.30,1.24,12,1
P047,HRTF_A,32,0.625,15.71,1.42,12,1
P047,HRTF_A,32,0.639,16.07,1.60,12,1
P047,HRTF_A,32,0.653,16.40,1.76,12,1
P047,HRTF_A,32,0.666,16.69,1.91,12,1
P047,HRTF_A,32,0.680,16.97,2.00,12,1
P047,HRTF_A,32,0.694,17.22,2.02,12,1
P047,HRTF_A,32,0.708,17.44,1.91,12,1
P047,HRTF_A,32,0.722,17.65,1.86,12,1
P047,HRTF_A,32,0.736,17.82,1.83,12,1
P047,HRTF_A,32,0.750,17.98,1.84,12,1
P047,HRTF_A,32,0.764,18.10,1.91,12,1
P047,HRTF_A,32,0.778,18.19,1.95,12,1
P047,HRTF_A,32,0.791,18.26,1.95,12,1
P047,HRTF_A,32,0.805,18.29,1.92,12,1
P047,HRTF_A,32,0.819,18.29,1.88,12,1
P047,HRTF_A,32,0.833,18.30,1.86,12,1
P047,HRTF_A,32,0.847,18.28,1.85,12,1
P047,HRTF_A,32,0.861,18.25,1.88,12,1
P047,HRTF_A,32,0.875,18.24,1.93,12,1
P047,HRTF_A,32,0.889,18.25,1.98,12,1
P047,HRTF_A,32,0.903,18.33,2.01,12,1
P047,HRTF_A,32,0.916,18.44,2.04,12,1
P047,HRTF_A,32,0.930,18.65,2.10,12,1
P047,HRTF_A,32,0.944,18.89,2.19,12,1
P047,HRTF_A,32,0.958,19.22,2.32,12,1
P047,HRTF_A,32,0.972,19.65,2.42,12,1
P047,HRTF_A,32,0.986,20.18,2.48,12,1
P047,HRTF_A,32,1.000,20.92,2.45,12,1
P047,HRTF_A,32,1.014,21.65,2.39,12,1
P047,HRTF_A,32,1.028,22.80,2.14,12,1
P047,HRTF_A,32,1.041,23.96,1.96,12,1
P047,HRTF_A,32,1.055,25.36,1.69,12,1
P047,HRTF_A,32,1.069,26.93,1.37,12,1
P047,HRTF_A,32,1.083,28.50,1.06,12,1
P047,HRTF_A,32,1.097,30.11,0.69,12,1
P047,HRTF_A,32,1.111,31.78,0.30,12,1
P047,HRTF_A,32,1.125,33.54,-0.07,12,1
P047,HRTF_A,32,1.139,35.39,-0.41,12,1
P047,HRTF_A,32,1.153,37.19,-0.81,12,1
P047,HRTF_A,32,1.166,38.92,-1.23,12,1
P047,HRTF_A,32,1.180,40.50,-1.70,12,1
P047,HRTF_A,32,1.194,42.09,-2.18,12,1
P047,HRTF_A,32,1.208,43.66,-2.74,12,1
P047,HRTF_A,32,1.222,45.26,-3.37,12,1
P047,HRTF_A,32,1.236,46.84,-4.04,12,1
P047,HRTF_A,32,1.250,48.33,-4.78,12,1
P047,HRTF_A,32,1.264,49.75,-5.55,12,1
P047,HRTF_A,32,1.278,51.09,-6.27,12,1
P047,HRTF_A,32,1.291,52.29,-6.98,12,1
P047,HRTF_A,32,1.305,53.58,-7.69,12,1
P047,HRTF_A,32,1.319,54.80,-8.51,12,1
P047,HRTF_A,32,1.333,56.08,-9.42,12,1
P047,HRTF_A,32,1.347,57.41,-10.18,12,1
P047,HRTF_A,32,1.361,58.68,-10.80,12,1
P047,HRTF_A,32,1.375,59.95,-11.36,12,1
P047,HRTF_A,32,1.389,61.21,-11.91,12,1
P047,HRTF_A,32,1.403,62.58,-12.42,12,1
P047,HRTF_A,32,1.416,64.01,-12.90,12,1
P047,HRTF_A,32,1.430,65.54,-13.26,12,1
P047,HRTF_A,32,1.444,67.02,-13.57,12,1
P047,HRTF_A,32,1.458,68.43,-13.77,12,1
P047,HRTF_A,32,1.472,69.89,-13.81,12,1
P047,HRTF_A,32,1.486,71.33,-13.86,12,1
P047,HRTF_A,32,1.500,72.86,-13.86,12,1
P047,HRTF_A,32,1.514,74.29,-13.90,12,1
P047,HRTF_A,32,1.528,75.66,-13.80,12,1
P047,HRTF_A,32,1.542,76.98,-13.65,12,1
P047,HRTF_A,32,1.555,78.08,-13.44,12,1
P047,HRTF_A,32,1.569,79.18,-13.22,12,1
P047,HRTF_A,32,1.583,80.14,-12.93,12,1
P047,HRTF_A,32,1.597,81.02,-12.54,12,1
P047,HRTF_A,32,1.611,81.81,-12.10,12,1
P047,HRTF_A,32,1.625,82.43,-11.50,12,1
P047,HRTF_A,32,1.639,83.02,-10.91,12,1
P047,HRTF_A,32,1.652,83.53,-10.39,12,1
P047,HRTF_A,32,1.666,83.99,-10.02,12,1
P047,HRTF_A,32,1.680,84.45,-9.65,12,1
P047,HRTF_A,32,1.694,84.88,-9.21,12,1
P047,HRTF_A,32,1.708,85.33,-8.63,12,1
P047,HRTF_A,32,1.722,85.74,-8.03,12,1
P047,HRTF_A,32,1.736,86.16,-7.38,12,1
P047,HRTF_A,32,1.750,86.50,-6.76,12,1
P047,HRTF_A,32,1.764,86.86,-6.04,12,1
P047,HRTF_A,32,1.777,87.21,-5.38,12,1
P047,HRTF_A,32,1.791,87.53,-4.80,12,1
P047,HRTF_A,32,1.805,87.97,-4.44,12,1
P047,HRTF_A,32,1.819,88.48,-4.20,12,1
P047,HRTF_A,32,1.833,89.02,-3.82,12,1
P047,HRTF_A,32,1.847,89.55,-3.21,12,1
P047,HRTF_A,32,1.861,90.17,-2.40,12,1
P047,HRTF_A,32,1.875,90.87,-1.47,12,1
P047,HRTF_A,32,1.889,91.67,-0.39,12,1
P047,HRTF_A,32,1.903,92.50,0.79,12,1
P047,HRTF_A,32,1.917,93.31,1.99,12,1
P047,HRTF_A,32,1.930,94.05,3.31,12,1
P047,HRTF_A,32,1.944,94.81,4.50,12,1
P047,HRTF_A,32,1.958,95.66,5.42,12,1
P047,HRTF_A,32,1.972,96.57,6.20,12,1
P047,HRTF_A,32,1.986,97.55,6.93,12,1
P047,HRTF_A,32,2.000,98.55,7.66,12,1
P047,HRTF_A,32,2.014,99.49,8.54,12,1
P047,HRTF_A,32,2.028,100.39,9.35,12,1
P047,HRTF_A,32,2.041,101.35,9.92,12,1
P047,HRTF_A,32,2.055,102.36,10.38,12,1
P047,HRTF_A,32,2.069,103.40,10.78,12,1
P047,HRTF_A,32,2.083,104.42,11.18,12,1
P047,HRTF_A,32,2.097,105.36,11.54,12,1
P047,HRTF_A,32,2.111,106.38,11.66,12,1
P047,HRTF_A,32,2.125,107.45,11.58,12,1
P047,HRTF_A,32,2.138,108.55,11.49,12,1
P047,HRTF_A,32,2.152,109.69,11.38,12,1
P047,HRTF_A,32,2.166,110.75,11.14,12,1
P047,HRTF_A,32,2.180,111.80,10.73,12,1
P047,HRTF_A,32,2.194,112.78,10.16,12,1
P047,HRTF_A,32,2.208,113.77,9.48,12,1
P047,HRTF_A,32,2.222,114.73,8.89,12,1
P047,HRTF_A,32,2.236,115.65,8.51,12,1
P047,HRTF_A,32,2.250,116.56,8.30,12,1
P047,HRTF_A,32,2.263,117.44,8.36,12,1
P047,HRTF_A,32,2.277,118.34,8.39,12,1
P047,HRTF_A,32,2.291,119.20,8.48,12,1
P047,HRTF_A,32,2.305,120.07,8.60,12,1
P047,HRTF_A,32,2.319,120.92,8.64,12,1
P047,HRTF_A,32,2.333,121.73,8.71,12,1
P047,HRTF_A,32,2.347,122.50,8.77,12,1
P047,HRTF_A,32,2.361,123.21,8.81,12,1
P047,HRTF_A,32,2.375,123.83,8.84,12,1
P047,HRTF_A,32,2.389,124.46,8.88,12,1
P047,HRTF_A,32,2.402,125.01,8.85,12,1
P047,HRTF_A,33,0.014,0.28,-1.39,1,1
P047,HRTF_A,33,0.028,0.07,-1.32,1,1
P047,HRTF_A,33,0.042,-0.09,-1.26,1,1
P047,HRTF_A,33,0.056,-0.26,-1.21,1,1
P047,HRTF_A,33,0.070,-0.42,-1.16,1,1
P047,HRTF_A,33,0.083,-0.56,-1.12,1,1
P047,HRTF_A,33,0.097,-0.70,-1.09,1,1
P047,HRTF_A,33,0.112,-0.83,-1.05,1,1
P047,HRTF_A,33,0.125,-0.96,-1.02,1,1
P047,HRTF_A,33,0.139,-1.06,-1.00,1,1
P047,HRTF_A,33,0.153,-1.15,-0.97,1,1
P047,HRTF_A,33,0.167,-1.23,-0.96,1,1
P047,HRTF_A,33,0.181,-1.31,-0.94,1,1
P047,HRTF_A,33,0.194,-1.36,-0.95,1,1
P047,HRTF_A,33,0.208,-1.40,-0.97,1,1
P047,HRTF_A,33,0.222,-1.45,-0.96,1,1
P047,HRTF_A,33,0.236,-1.49,-0.94,1,1
P047,HRTF_A,33,0.250,-1.52,-0.95,1,1
P047,HRTF_A,33,0.264,-1.52,-0.93,1,1
P047,HRTF_A,33,0.278,-1.52,-0.91,1,1
P047,HRTF_A,33,0.292,-1.50,-0.87,1,1
P047,HRTF_A,33,0.305,-1.46,-0.84,1,1
P047,HRTF_A,33,0.320,-1.42,-0.81,1,1
P047,HRTF_A,33,0.333,-1.37,-0.80,1,1
P047,HRTF_A,33,0.347,-1.30,-0.82,1,1
P047,HRTF_A,33,0.361,-1.20,-0.81,1,1
P047,HRTF_A,33,0.375,-1.10,-0.82,1,1
P047,HRTF_A,33,0.389,-0.98,-0.82,1,1
P047,HRTF_A,33,0.403,-0.86,-0.83,1,1
P047,HRTF_A,33,0.417,-0.75,-0.82,1,1
P047,HRTF_A,33,0.431,-0.63,-0.83,1,1
P047,HRTF_A,33,0.444,-0.53,-0.86,1,1
P047,HRTF_A,33,0.458,-0.42,-0.88,1,1
P047,HRTF_A,33,0.472,-0.29,-0.92,1,1
P047,HRTF_A,33,0.486,-0.20,-0.93,1,1
P047,HRTF_A,33,0.500,-0.08,-0.91,1,1
P047,HRTF_A,33,0.514,0.02,-0.91,1,1
P047,HRTF_A,33,0.528,0.12,-0.91,1,1
P047,HRTF_A,33,0.541,0.20,-0.91,1,1
P047,HRTF_A,33,0.555,0.28,-0.90,1,1
P047,HRTF_A,33,0.569,0.37,-0.89,1,1
P047,HRTF_A,33,0.583,0.43,-0.90,1,1
P047,HRTF_A,33,0.597,0.51,-0.88,1,1
P047,HRTF_A,33,0.611,0.57,-0.88,1,1
P047,HRTF_A,33,0.625,0.61,-0.89,1,1
P047,HRTF_A,33,0.639,0.67,-0.90,1,1
P047,HRTF_A,33,0.653,0.74,-0.87,1,1
P047,HRTF_A,33,0.666,0.81,-0.86,1,1
P047,HRTF_A,33,0.680,0.87,-0.83,1,1
P047,HRTF_A,33,0.695,0.94,-0.80,1,1
P047,HRTF_A,33,0.708,0.98,-0.78,1,1
P047,HRTF_A,33,0.722,1.02,-0.76,1,1
P047,HRTF_A,33,0.736,1.07,-0.74,1,1
P047,HRTF_A,33,0.750,1.11,-0.72,1,1
P047,HRTF_A,33,0.764,1.14,-0.69,1,1
P047,HRTF_A,33,0.777,1.16,-0.70,1,1
P047,HRTF_A,33,0.791,1.19,-0.70,1,1
P047,HRTF_A,33,0.805,1.20,-0.70,1,1
P047,HRTF_A,33,0.820,1.21,-0.71,1,1
P047,HRTF_A,33,0.833,1.22,-0.70,1,1
P047,HRTF_A,33,0.847,1.23,-0.71,1,1
P047,HRTF_A,33,0.861,1.23,-0.71,1,1
P047,HRTF_A,34,0.014,1.16,-0.55,5,1
P047,HRTF_A,34,0.028,1.16,-0.57,5,1
P047,HRTF_A,34,0.042,1.16,-0.55,5,1
P047,HRTF_A,34,0.055,1.15,-0.54,5,1
P047,HRTF_A,34,0.069,1.14,-0.53,5,1
P047,HRTF_A,34,0.083,1.13,-0.50,5,1
P047,HRTF_A,34,0.097,1.11,-0.48,5,1
P047,HRTF_A,34,0.111,1.08,-0.46,5,1
P047,HRTF_A,34,0.125,1.04,-0.46,5,1
P047,HRTF_A,34,0.139,1.02,-0.45,5,1
P047,HRTF_A,34,0.153,0.99,-0.45,5,1
P047,HRTF_A,34,0.166,0.97,-0.46,5,1
P047,HRTF_A,34,0.180,0.94,-0.44,5,1
P047,HRTF_A,34,0.194,0.91,-0.44,5,1
P047,HRTF_A,34,0.208,0.87,-0.46,5,1
P047,HRTF_A,34,0.222,0.85,-0.47,5,1
P047,HRTF_A,34,0.236,0.82,-0.47,5,1
P047,HRTF_A,34,0.250,0.79,-0.45,5,1
P047,HRTF_A,34,0.264,0.77,-0.43,5,1
P047,HRTF_A,34,0.277,0.75,-0.41,5,1
P047,HRTF_A,34,0.291,0.73,-0.40,5,1
P047,HRTF_A,34,0.305,0.71,-0.41,5,1
P047,HRTF_A,34,0.319,0.70,-0.41,5,1
P047,HRTF_A,34,0.333,0.68,-0.41,5,1
P047,HRTF_A,34,0.347,0.67,-0.42,5,1
P047,HRTF_A,34,0.361,0.66,-0.42,5,1
P047,HRTF_A,34,0.375,0.63,-0.41,5,1
P047,HRTF_A,34,0.388,0.63,-0.43,5,1
P047,HRTF_A,34,0.403,0.63,-0.43,5,1
P047,HRTF_A,34,0.416,0.65,-0.44,5,1
P047,HRTF_A,34,0.430,0.67,-0.43,5,1
P047,HRTF_A,34,0.444,0.68,-0.42,5,1
P047,HRTF_A,34,0.458,0.70,-0.42,5,1
P047,HRTF_A,34,0.472,0.71,-0.41,5,1
P047,HRTF_A,34,0.486,0.73,-0.40,5,1
P047,HRTF_A,34,0.500,0.74,-0.39,5,1
P047,HRTF_A,34,0.513,0.75,-0.38,5,1
P047,HRTF_A,34,0.528,0.77,-0.38,5,1
P047,HRTF_A,34,0.541,0.77,-0.38,5,1
P047,HRTF_A,34,0.555,0.77,-0.39,5,1
P047,HRTF_A,34,0.569,0.77,-0.39,5,1
P047,HRTF_A,34,0.583,0.77,-0.40,5,1
P047,HRTF_A,34,0.597,0.78,-0.41,5,1
P047,HRTF_A,34,0.611,0.79,-0.42,5,1
P047,HRTF_A,34,0.625,0.79,-0.41,5,1
P047,HRTF_A,34,0.638,0.81,-0.40,5,1
P047,HRTF_A,34,0.652,0.84,-0.40,5,1
P047,HRTF_A,34,0.666,0.89,-0.42,5,1
P047,HRTF_A,34,0.680,0.94,-0.42,5,1
P047,HRTF_A,34,0.694,1.05,-0.44,5,1
P047,HRTF_A,34,0.708,1.22,-0.41,5,1
P047,HRTF_A,34,0.722,1.47,-0.36,5,1
P047,HRTF_A,34,0.736,1.76,-0.29,5,1
P047,HRTF_A,34,0.750,2.09,-0.22,5,1
P047,HRTF_A,34,0.764,2.49,-0.17,5,1
P047,HRTF_A,34,0.777,2.88,-0.12,5,1
P047,HRTF_A,34,0.791,3.35,-0.12,5,1
P047,HRTF_A,34,0.805,3.89,-0.10,5,1
P047,HRTF_A,34,0.819,4.47,-0.11,5,1
P047,HRTF_A,34,0.833,5.17,-0.05,5,1
P047,HRTF_A,34,0.847,6.06,-0.02,5,1
P047,HRTF_A,34,0.862,7.06,0.04,5,1
P047,HRTF_A,34,0.876,8.11,0.11,5,1
P047,HRTF_A,34,0.890,9.33,0.15,5,1
P047,HRTF_A,34,0.903,10.60,0.22,5,1
P047,HRTF_A,34,0.917,12.20,0.20,5,1
P047,HRTF_A,34,0.931,14.11,0.10,5,1
P047,HRTF_A,34,0.944,16.10,0.07,5,1
P047,HRTF_A,34,0.958,18.27,0.04,5,1
P047,HRTF_A,34,0.972,20.39,0.10,5,1
P047,HRTF_A,34,0.986,22.54,0.14,5,1
P047,HRTF_A,34,1.000,24.83,0.16,5,1
P047,HRTF_A,34,1.013,27.19,0.15,5,1
P047,HRTF_A,34,1.027,29.60,0.12,5,1
P047,HRTF_A,34,1.041,31.95,0.10,5,1
P047,HRTF_A,34,1.055,34.25,0.19,5,1
P047,HRTF_A,34,1.069,36.47,0.32,5,1
P047,HRTF_A,34,1.083,38.51,0.48,5,1
P047,HRTF_A,34,1.097,40.46,0.59,5,1
P047,HRTF_A,34,1.110,42.20,0.73,5,1
P047,HRTF_A,34,1.124,43.87,0.81,5,1
P047,HRTF_A,34,1.138,45.44,0.88,5,1
P047,HRTF_A,34,1.152,46.87,0.95,5,1
P047,HRTF_A,34,1.166,48.24,1.02,5,1
P047,HRTF_A,34,1.180,49.49,1.09,5,1
P047,HRTF_A,34,1.194,50.62,1.19,5,1
P047,HRTF_A,34,1.208,51.73,1.33,5,1
P047,HRTF_A,34,1.221,52.78,1.43,5,1
P047,HRTF_A,34,1.235,53.72,1.56,5,1
P047,HRTF_A,34,1.249,54.70,1.71,5,1
P047,HRTF_A,34,1.263,55.55,1.82,5,1
P047,HRTF_A,34,1.277,56.42,1.90,5,1
P047,HRTF_A,34,1.291,57.26,1.95,5,1
P047,HRTF_A,34,1.305,58.07,2.01,5,1
P047,HRTF_A,34,1.319,58.87,2.04,5,1
P047,HRTF_A,34,1.333,59.66,2.11,5,1
P047,HRTF_A,34,1.346,60.41,2.15,5,1
P047,HRTF_A,34,1.360,61.21,2.23,5,1
P047,HRTF_A,34,1.374,61.95,2.27,5,1
P047,HRTF_A,34,1.388,62.72,2.27,5,1
P047,HRTF_A,35,0.014,-2.28,-2.27,20,1
P047,HRTF_A,35,0.028,-2.46,-2.25,20,1
P047,HRTF_A,35,0.041,-2.60,-2.25,20,1
P047,HRTF_A,35,0.055,-2.75,-2.25,20,1
P047,HRTF_A,35,0.069,-2.86,-2.25,20,1
P047,HRTF_A,35,0.083,-2.97,-2.23,20,1
P047,HRTF_A,35,0.097,-3.05,-2.19,20,1
P047,HRTF_A,35,0.111,-3.14,-2.14,20,1
P047,HRTF_A,35,0.125,-3.20,-2.10,20,1
P047,HRTF_A,35,0.139,-3.25,-2.09,20,1
P047,HRTF_A,35,0.152,-3.31,-2.09,20,1
P047,HRTF_A,35,0.166,-3.35,-2.08,20,1
P047,HRTF_A,35,0.180,-3.36,-2.08,20,1
P047,HRTF_A,35,0.194,-3.35,-2.11,20,1
P047,HRTF_A,35,0.208,-3.32,-2.12,20,1
P047,HRTF_A,35,0.222,-3.28,-2.15,20,1
P047,HRTF_A,35,0.236,-3.23,-2.15,20,1
P047,HRTF_A,35,0.250,-3.16,-2.15,20,1
P047,HRTF_A,35,0.264,-3.09,-2.12,20,1
P047,HRTF_A,35,0.278,-3.00,-2.10,20,1
P047,HRTF_A,35,0.291,-2.89,-2.08,20,1
P047,HRTF_A,35,0.305,-2.74,-2.06,20,1
P047,HRTF_A,35,0.319,-2.59,-2.06,20,1
P047,HRTF_A,35,0.333,-2.42,-2.07,20,1
P047,HRTF_A,35,0.347,-2.25,-2.07,20,1
P047,HRTF_A,35,0.361,-2.08,-2.08,20,1
P047,HRTF_A,35,0.375,-1.88,-2.06,20,1
P047,HRTF_A,35,0.389,-1.69,-2.06,20,1
P047,HRTF_A,35,0.402,-1.49,-2.05,20,1
P047,HRTF_A,35,0.417,-1.27,-2.05,20,1
P047,HRTF_A,35,0.430,-1.04,-2.05,20,1
P047,HRTF_A,35,0.444,-0.79,-2.07,20,1
P047,HRTF_A,35,0.458,-0.54,-2.09,20,1
P047,HRTF_A,35,0.472,-0.27,-2.13,20,1
P047,HRTF_A,35,0.486,0.03,-2.15,20,1
P047,HRTF_A,35,0.500,0.34,-2.17,20,1
P047,HRTF_A,35,0.514,0.68,-2.18,20,1
P047,HRTF_A,35,0.527,1.05,-2.20,20,1
P047,HRTF_A,35,0.542,1.42,-2.23,20,1
P047,HRTF_A,35,0.555,1.81,-2.25,20,1
P047,HRTF_A,35,0.569,2.26,-2.27,20,1
P047,HRTF_A,35,0.583,2.64,-2.28,20,1
P047,HRTF_A,35,0.597,3.06,-2.31,20,1
P047,HRTF_A,35,0.611,3.52,-2.35,20,1
P047,HRTF_A,35,0.625,3.98,-2.37,20,1
P047,HRTF_A,35,0.638,4.48,-2.44,20,1
P047,HRTF_A,35,0.652,5.01,-2.46,20,1
P047,HRTF_A,35,0.666,5.55,-2.46,20,1
P047,HRTF_A,35,0.680,6.13,-2.41,20,1
P047,HRTF_A,35,0.694,6.72,-2.34,20,1
P047,HRTF_A,35,0.708,7.40,-2.29,20,1
P047,HRTF_A,35,0.722,8.11,-2.18,20,1
P047,HRTF_A,35,0.736,8.84,-2.09,20,1
P047,HRTF_A,35,0.750,9.61,-1.97,20,1
P047,HRTF_A,35,0.764,10.35,-1.86,20,1
P047,HRTF_A,35,0.777,11.10,-1.80,20,1
P047,HRTF_A,35,0.791,11.85,-1.73,20,1
P047,HRTF_A,35,0.805,12.56,-1.69,20,1
P047,HRTF_A,35,0.819,13.28,-1.65,20,1
P047,HRTF_A,35,0.833,14.02,-1.65,20,1
P047,HRTF_A,35,0.847,14.76,-1.66,20,1
P047,HRTF_A,35,0.861,15.52,-1.67,20,1
P047,HRTF_A,35,0.875,16.31,-1.66,20,1
P047,HRTF_A,35,0.889,17.16,-1.68,20,1
P047,HRTF_A,35,0.902,18.03,-1.70,20,1
P047,HRTF_A,35,0.916,18.99,-1.70,20,1
P047,HRTF_A,35,0.930,19.99,-1.66,20,1
P047,HRTF_A,35,0.944,20.99,-1.64,20,1
P047,HRTF_A,35,0.958,22.09,-1.64,20,1
P047,HRTF_A,35,0.972,23.21,-1.63,20,1
P047,HRTF_A,35,0.986,24.28,-1.60,20,1
P047,HRTF_A,35,0.999,25.37,-1.61,20,1
P047,HRTF_A,35,1.013,26.42,-1.65,20,1
P047,HRTF_A,35,1.027,27.48,-1.66,20,1
P047,HRTF_A,35,1.041,28.48,-1.70,20,1
P047,HRTF_A,35,1.055,29.38,-1.72,20,1
P047,HRTF_A,35,1.069,30.18,-1.64,20,1
P047,HRTF_A,35,1.083,30.88,-1.59,20,1
P047,HRTF_A,35,1.097,31.44,-1.50,20,1
P047,HRTF_A,35,1.111,31.93,-1.51,20,1
P047,HRTF_A,35,1.125,32.33,-1.59,20,1
P047,HRTF_A,35,1.139,32.63,-1.75,20,1
P047,HRTF_A,35,1.152,32.74,-1.89,20,1
P047,HRTF_A,35,1.166,32.76,-2.06,20,1
P047,HRTF_A,35,1.180,32.57,-2.20,20,1
P047,HRTF_A,35,1.194,32.20,-2.27,20,1
P047,HRTF_A,35,1.208,31.62,-2.31,20,1
P047,HRTF_A,35,1.222,30.99,-2.39,20,1
P047,HRTF_A,35,1.236,30.22,-2.42,20,1
P047,HRTF_A,35,1.249,29.41,-2.45,20,1
P047,HRTF_A,35,1.264,28.53,-2.45,20,1
P047,HRTF_A,35,1.277,27.52,-2.41,20,1
P047,HRTF_A,35,1.291,26.48,-2.38,20,1
P047,HRTF_A,35,1.305,25.38,-2.30,20,1
P047,HRTF_A,35,1.319,24.20,-2.32,20,1
P047,HRTF_A,35,1.333,22.97,-2.33,20,1
P047,HRTF_A,35,1.347,21.70,-2.36,20,1
P047,HRTF_A,35,1.361,20.38,-2.46,20,1
P047,HRTF_A,35,1.375,18.96,-2.62,20,1
P047,HRTF_A,35,1.388,17.55,-2.86,20,1
P047,HRTF_A,35,1.402,16.10,-3.09,20,1
P047,HRTF_A,35,1.416,14.66,-3.29,20,1
P047,HRTF_A,35,1.430,13.21,-3.47,20,1
P047,HRTF_A,35,1.444,11.66,-3.61,20,1
P047,HRTF_A,35,1.458,10.11,-3.78,20,1
P047,HRTF_A,35,1.472,8.50,-4.06,20,1
P047,HRTF_A,35,1.486,6.85,-4.33,20,1
P047,HRTF_A,35,1.499,5.18,-4.50,20,1
P047,HRTF_A,35,1.514,3.51,-4.58,20,1
P047,HRTF_A,35,1.527,1.89,-4.54,20,1
P047,HRTF_A,35,1.541,0.23,-4.48,20,1
P047,HRTF_A,35,1.555,-1.40,-4.34,20,1
P047,HRTF_A,35,1.569,-3.09,-4.16,20,1
P047,HRTF_A,35,1.583,-4.75,-4.06,20,1
P047,HRTF_A,35,1.597,-6.41,-3.97,20,1
P047,HRTF_A,35,1.611,-8.07,-3.93,20,1
P047,HRTF_A,35,1.625,-9.64,-3.98,20,1
P047,HRTF_A,35,1.639,-11.22,-3.98,20,1
P047,HRTF_A,35,1.652,-12.76,-3.92,20,1
P047,HRTF_A,35,1.667,-14.26,-3.87,20,1
P047,HRTF_A,35,1.680,-15.67,-3.81,20,1
P047,HRTF_A,35,1.694,-17.09,-3.74,20,1
P047,HRTF_A,35,1.708,-18.51,-3.71,20,1
P047,HRTF_A,35,1.722,-19.90,-3.63,20,1
P047,HRTF_A,35,1.736,-21.24,-3.59,20,1
P047,HRTF_A,35,1.750,-22.53,-3.53,20,1
P047,HRTF_A,35,1.763,-23.85,-3.48,20,1
P047,HRTF_A,35,1.777,-25.14,-3.50,20,1
P047,HRTF_A,35,1.791,-26.47,-3.51,20,1
P047,HRTF_A,35,1.805,-27.75,-3.58,20,1
P047,HRTF_A,35,1.819,-29.09,-3.61,20,1
P047,HRTF_A,35,1.833,-30.33,-3.66,20,1
P047,HRTF_A,35,1.847,-31.60,-3.72,20,1
P047,HRTF_A,35,1.861,-32.88,-3.80,20,1
P047,HRTF_A,35,1.874,-34.13,-3.85,20,1
P047,HRTF_A,35,1.888,-35.39,-3.86,20,1
P047,HRTF_A,35,1.902,-36.64,-3.91,20,1
P047,HRTF_A,35,1.916,-37.89,-3.89,20,1
P047,HRTF_A,35,1.930,-39.16,-3.91,20,1
P047,HRTF_A,35,1.944,-40.44,-3.95,20,1
P047,HRTF_A,35,1.958,-41.69,-4.07,20,1
P047,HRTF_A,35,1.972,-42.90,-4.14,20,1
P047,HRTF_A,35,1.986,-44.11,-4.39,20,1
P047,HRTF_A,35,1.999,-45.33,-4.65,20,1
P047,HRTF_A,35,2.013,-46.52,-4.94,20,1
P047,HRTF_A,35,2.027,-47.72,-5.11,20,1
P047,HRTF_A,35,2.041,-48.86,-5.23,20,1
P047,HRTF_A,35,2.055,-49.99,-5.34,20,1
P047,HRTF_A,35,2.069,-51.05,-5.54,20,1
P047,HRTF_A,35,2.083,-52.13,-5.76,20,1
P047,HRTF_A,35,2.097,-53.19,-6.01,20,1
P047,HRTF_A,35,2.111,-54.21,-6.21,20,1
P047,HRTF_A,35,2.124,-55.25,-6.41,20,1
P047,HRTF_A,35,2.138,-56.31,-6.58,20,1
P047,HRTF_A,35,2.152,-57.34,-6.72,20,1
P047,HRTF_A,35,2.166,-58.36,-6.88,20,1
P047,HRTF_A,35,2.180,-59.33,-7.05,20,1
P047,HRTF_A,35,2.194,-60.29,-7.19,20,1
P047,HRTF_A,35,2.208,-61.29,-7.22,20,1
P047,HRTF_A,35,2.222,-62.28,-7.19,20,1
P047,HRTF_A,35,2.236,-63.33,-7.18,20,1
P047,HRTF_A,35,2.249,-64.39,-7.21,20,1
P047,HRTF_A,35,2.263,-65.43,-7.17,20,1
P047,HRTF_A,35,2.277,-66.47,-7.11,20,1
P047,HRTF_A,35,2.291,-67.50,-6.96,20,1
P047,HRTF_A,35,2.305,-68.53,-6.81,20,1
P047,HRTF_A,35,2.319,-69.52,-6.56,20,1
P047,HRTF_A,35,2.333,-70.47,-6.27,20,1
P047,HRTF_A,35,2.347,-71.44,-5.87,20,1
P047,HRTF_A,35,2.361,-72.40,-5.50,20,1
P047,HRTF_A,35,2.375,-73.41,-5.05,20,1
P047,HRTF_A,35,2.388,-74.44,-4.60,20,1
P047,HRTF_A,35,2.402,-75.55,-4.19,20,1
P047,HRTF_A,35,2.416,-76.67,-3.75,20,1
P047,HRTF_A,35,2.430,-77.77,-3.38,20,1
P047,HRTF_A,35,2.444,-78.85,-3.06,20,1
P047,HRTF_A,35,2.458,-79.90,-2.73,20,1
P047,HRTF_A,35,2.472,-80.94,-2.29,20,1
P047,HRTF_A,35,2.486,-81.87,-1.84,20,1
P047,HRTF_A,35,2.499,-82.77,-1.37,20,1
P047,HRTF_A,35,2.513,-83.63,-0.93,20,1
P047,HRTF_A,35,2.527,-84.38,-0.60,20,1
P047,HRTF_A,35,2.541,-85.11,-0.25,20,1
P047,HRTF_A,35,2.555,-85.73,0.14,20,1
P047,HRTF_A,35,2.569,-86.34,0.61,20,1
P047,HRTF_A,35,2.583,-86.80,1.20,20,1
P047,HRTF_A,35,2.597,-87.25,1.83,20,1
P047,HRTF_A,35,2.610,-87.58,2.57,20,1
P047,HRTF_A,35,2.625,-87.91,3.25,20,1
P047,HRTF_A,35,2.638,-88.14,3.80,20,1
P047,HRTF_A,35,2.652,-88.44,4.11,20,1
P047,HRTF_A,35,2.666,-88.87,4.33,20,1
P047,HRTF_A,35,2.680,-89.38,4.38,20,1
P047,HRTF_A,35,2.694,-90.00,4.44,20,1
P047,HRTF_A,35,2.708,-90.55,4.66,20,1
P047,HRTF_A,35,2.722,-91.15,4.94,20,1
P047,HRTF_A,35,2.735,-91.74,5.28,20,1
P047,HRTF_A,35,2.749,-92.37,5.58,20,1
P047,HRTF_A,35,2.763,-93.06,5.84,20,1
P047,HRTF_A,35,2.777,-93.73,6.08,20,1
P047,HRTF_A,35,2.791,-94.55,6.32,20,1
P047,HRTF_A,35,2.805,-95.34,6.58,20,1
P047,HRTF_A,35,2.819,-96.21,6.83,20,1
P047,HRTF_A,35,2.833,-97.10,6.98,20,1
P047,HRTF_A,35,2.847,-98.06,7.04,20,1
P047,HRTF_A,35,2.861,-99.09,7.06,20,1
P047,HRTF_A,35,2.875,-100.21,7.05,20,1
P047,HRTF_A,35,2.888,-101.25,7.06,20,1
P047,HRTF_A,35,2.902,-102.25,7.14,20,1
P047,HRTF_A,35,2.916,-103.20,7.21,20,1
P047,HRTF_A,35,2.930,-104.11,7.24,20,1
P047,HRTF_A,35,2.944,-104.96,7.25,20,1
P047,HRTF_A,35,2.958,-105.79,7.28,20,1
P047,HRTF_A,35,2.972,-106.47,7.19,20,1
P047,HRTF_A,35,2.985,-107.10,7.10,20,1
P047,HRTF_A,35,2.999,-107.63,6.91,20,1
P047,HRTF_A,35,3.013,-108.17,6.74,20,1
P047,HRTF_A,35,3.027,-108.70,6.63,20,1
P047,HRTF_A,35,3.041,-109.27,6.49,20,1
P047,HRTF_A,35,3.055,-109.80,6.36,20,1
P047,HRTF_A,35,3.069,-110.40,6.14,20,1
P047,HRTF_A,35,3.083,-111.06,5.90,20,1
P047,HRTF_A,35,3.097,-111.79,5.58,20,1
P047,HRTF_A,35,3.110,-112.55,5.27,20,1
P047,HRTF_A,35,3.124,-113.36,5.06,20,1
P047,HRTF_A,35,3.138,-114.21,4.92,20,1
P047,HRTF_A,35,3.152,-115.02,4.85,20,1
P047,HRTF_A,35,3.166,-115.87,4.86,20,1
P047,HRTF_A,35,3.180,-116.65,4.90,20,1
P047,HRTF_A,35,3.194,-117.36,4.94,20,1
P047,HRTF_A,35,3.208,-118.00,4.99,20,1
P047,HRTF_A,35,3.221,-118.61,5.09,20,1
P047,HRTF_A,35,3.235,-119.15,5.18,20,1
P047,HRTF_A,35,3.249,-119.64,5.31,20,1
P047,HRTF_A,35,3.263,-120.12,5.41,20,1
P047,HRTF_A,35,3.277,-120.62,5.44,20,1
P047,HRTF_A,35,3.291,-121.13,5.44,20,1
P047,HRTF_A,35,3.305,-121.64,5.30,20,1
P047,HRTF_A,35,3.319,-122.18,5.21,20,1
P047,HRTF_A,35,3.333,-122.73,5.16,20,1
P047,HRTF_A,35,3.347,-123.25,5.17,20,1
P047,HRTF_A,35,3.360,-123.69,5.10,20,1
P047,HRTF_A,35,3.375,-124.12,5.05,20,1
P047,HRTF_A,35,3.388,-124.52,4.98,20,1
P047,HRTF_A,35,3.402,-124.85,4.97,20,1
P047,HRTF_A,35,3.416,-125.17,5.00,20,1
P047,HRTF_A,35,3.430,-125.43,5.01,20,1
P047,HRTF_A,35,3.444,-125.60,5.03,20,1
P047,HRTF_A,35,3.458,-125.73,5.00,20,1
P047,HRTF_A,35,3.471,-125.86,5.05,20,1
P047,HRTF_A,35,3.486,-125.99,5.12,20,1
P047,HRTF_A,35,3.500,-126.09,5.26,20,1
P047,HRTF_A,35,3.513,-126.16,5.43,20,1
P047,HRTF_A,35,3.527,-126.23,5.59,20,1
P047,HRTF_A,35,3.541,-126.26,5.69,20,1
P047,HRTF_A,35,3.555,-126.29,5.74,20,1
P047,HRTF_A,35,3.569,-126.28,5.77,20,1
P047,HRTF_A,35,3.582,-126.22,5.74,20,1
P047,HRTF_A,36,0.014,3.37,-0.51,7,0
P047,HRTF_A,36,0.028,3.36,-0.50,7,0
P047,HRTF_A,36,0.042,3.34,-0.50,7,0
P047,HRTF_A,36,0.056,3.31,-0.50,7,0
P047,HRTF_A,36,0.069,3.30,-0.49,7,0
P047,HRTF_A,36,0.083,3.28,-0.48,7,0
P047,HRTF_A,36,0.097,3.26,-0.47,7,0
P047,HRTF_A,36,0.111,3.25,-0.46,7,0
P047,HRTF_A,36,0.125,3.23,-0.46,7,0
P047,HRTF_A,36,0.139,3.21,-0.47,7,0
P047,HRTF_A,36,0.153,3.18,-0.47,7,0
P047,HRTF_A,36,0.166,3.16,-0.47,7,0
P047,HRTF_A,36,0.180,3.14,-0.47,7,0
P047,HRTF_A,36,0.194,3.11,-0.48,7,0
P047,HRTF_A,36,0.208,3.09,-0.50,7,0
P047,HRTF_A,36,0.222,3.07,-0.51,7,0
P047,HRTF_A,36,0.236,3.03,-0.55,7,0
P047,HRTF_A,36,0.250,3.00,-0.60,7,0
P047,HRTF_A,36,0.264,2.96,-0.63,7,0
P047,HRTF_A,36,0.278,2.93,-0.67,7,0
P047,HRTF_A,36,0.292,2.92,-0.70,7,0
P047,HRTF_A,36,0.305,2.90,-0.73,7,0
P047,HRTF_A,36,0.319,2.90,-0.74,7,0
P047,HRTF_A,36,0.333,2.88,-0.75,7,0
P047,HRTF_A,36,0.347,2.84,-0.74,7,0
P047,HRTF_A,36,0.361,2.83,-0.72,7,0
P047,HRTF_A,36,0.375,2.80,-0.69,7,0
P047,HRTF_A,36,0.389,2.79,-0.67,7,0
P047,HRTF_A,36,0.403,2.79,-0.65,7,0
P047,HRTF_A,36,0.417,2.78,-0.63,7,0
P047,HRTF_A,36,0.430,2.77,-0.62,7,0
P047,HRTF_A,36,0.444,2.73,-0.62,7,0
P047,HRTF_A,36,0.458,2.68,-0.61,7,0
P047,HRTF_A,36,0.472,2.61,-0.61,7,0
P047,HRTF_A,36,0.486,2.49,-0.61,7,0
P047,HRTF_A,36,0.500,2.35,-0.60,7,0
P047,HRTF_A,36,0.514,2.20,-0.60,7,0
P047,HRTF_A,36,0.527,2.03,-0.60,7,0
P047,HRTF_A,36,0.541,1.87,-0.62,7,0
P047,HRTF_A,36,0.555,1.76,-0.67,7,0
P047,HRTF_A,36,0.569,1.73,-0.71,7,0
P047,HRTF_A,36,0.583,1.74,-0.73,7,0
P047,HRTF_A,36,0.597,1.76,-0.71,7,0
P047,HRTF_A,36,0.611,1.76,-0.68,7,0
P047,HRTF_A,36,0.625,1.82,-0.61,7,0
P047,HRTF_A,36,0.639,1.89,-0.52,7,0
P047,HRTF_A,36,0.653,1.98,-0.42,7,0
P047,HRTF_A,36,0.666,2.09,-0.29,7,0
P047,HRTF_A,36,0.681,2.23,-0.14,7,0
P047,HRTF_A,36,0.694,2.36,0.01,7,0
P047,HRTF_A,36,0.708,2.48,0.15,7,0
P047,HRTF_A,36,0.722,2.59,0.28,7,0
P047,HRTF_A,36,0.736,2.68,0.38,7,0
P047,HRTF_A,36,0.750,2.76,0.48,7,0
P047,HRTF_A,36,0.764,2.81,0.58,7,0
P047,HRTF_A,36,0.778,2.87,0.68,7,0
P047,HRTF_A,36,0.791,2.92,0.79,7,0
P047,HRTF_A,36,0.805,2.97,0.91,7,0
P047,HRTF_A,36,0.819,3.03,1.02,7,0
P047,HRTF_A,36,0.833,3.11,1.11,7,0
P047,HRTF_A,36,0.847,3.19,1.19,7,0
P047,HRTF_A,36,0.861,3.30,1.27,7,0
P047,HRTF_A,36,0.875,3.44,1.32,7,0
P047,HRTF_A,36,0.889,3.60,1.33,7,0
P047,HRTF_A,36,0.902,3.80,1.31,7,0
P047,HRTF_A,36,0.916,4.04,1.26,7,0
P047,HRTF_A,36,0.930,4.34,1.16,7,0
P047,HRTF_A,36,0.944,4.68,1.06,7,0
P047,HRTF_A,36,0.958,5.05,0.95,7,0
P047,HRTF_A,36,0.972,5.40,0.85,7,0
P047,HRTF_A,36,0.986,5.77,0.80,7,0
P047,HRTF_A,36,1.000,6.14,0.80,7,0
P047,HRTF_A,36,1.014,6.57,0.85,7,0
P047,HRTF_A,36,1.028,6.98,0.90,7,0
P047,HRTF_A,36,1.041,7.46,0.95,7,0
P047,HRTF_A,36,1.055,8.03,0.99,7,0
P047,HRTF_A,36,1.069,8.65,1.05,7,0
P047,HRTF_A,36,1.083,9.32,1.10,7,0
P047,HRTF_A,36,1.097,10.00,1.19,7,0
P047,HRTF_A,36,1.111,10.79,1.22,7,0
P047,HRTF_A,36,1.125,11.72,1.24,7,0
P047,HRTF_A,36,1.139,12.74,1.24,7,0
P047,HRTF_A,36,1.153,13.86,1.34,7,0
P047,HRTF_A,36,1.166,15.10,1.53,7,0
P047,HRTF_A,36,1.180,16.42,1.61,7,0
P047,HRTF_A,36,1.194,17.79,1.53,7,0
P047,HRTF_A,36,1.208,19.17,1.34,7,0
P047,HRTF_A,36,1.222,20.70,0.93,7,0
P047,HRTF_A,36,1.236,22.34,0.59,7,0
P047,HRTF_A,36,1.250,23.98,0.38,7,0
P047,HRTF_A,36,1.264,25.62,0.28,7,0
P047,HRTF_A,36,1.278,27.25,0.23,7,0
P047,HRTF_A,36,1.291,28.77,0.24,7,0
P047,HRTF_A,36,1.305,30.36,0.20,7,0
P047,HRTF_A,36,1.319,31.89,0.24,7,0
P047,HRTF_A,36,1.333,33.41,0.27,7,0
P047,HRTF_A,36,1.347,34.94,0.31,7,0
P047,HRTF_A,36,1.361,36.37,0.42,7,0
P047,HRTF_A,36,1.375,37.78,0.56,7,0
P047,HRTF_A,36,1.389,39.22,0.65,7,0
P047,HRTF_A,36,1.403,40.65,0.67,7,0
P047,HRTF_A,36,1.417,42.08,0.63,7,0
P047,HRTF_A,36,1.430,43.46,0.56,7,0
P047,HRTF_A,36,1.444,44.85,0.44,7,0
P047,HRTF_A,36,1.458,46.30,0.27,7,0
P047,HRTF_A,36,1.472,47.75,0.07,7,0
P047,HRTF_A,36,1.486,49.18,-0.15,7,0
P047,HRTF_A,36,1.500,50.55,-0.36,7,0
P047,HRTF_A,36,1.514,51.88,-0.57,7,0
P047,HRTF_A,36,1.527,53.18,-0.87,7,0
P047,HRTF_A,36,1.541,54.50,-1.19,7,0
P047,HRTF_A,36,1.555,55.77,-1.61,7,0
P047,HRTF_A,36,1.569,57.00,-1.89,7,0
P047,HRTF_A,36,1.583,58.17,-2.18,7,0
P047,HRTF_A,36,1.597,59.35,-2.41,7,0
P047,HRTF_A,36,1.611,60.46,-2.56,7,0
P047,HRTF_A,36,1.625,61.59,-2.69,7,0
P047,HRTF_A,36,1.638,62.64,-2.75,7,0
P047,HRTF_A,36,1.652,63.58,-2.72,7,0
P047,HRTF_A,36,1.666,64.55,-2.76,7,0
P047,HRTF_A,36,1.680,65.50,-2.75,7,0
P047,HRTF_A,36,1.694,66.44,-2.77,7,0
P047,HRTF_A,36,1.708,67.35,-2.78,7,0
P047,HRTF_A,36,1.725,68.29,-2.76,7,0
P047,HRTF_A,36,1.739,69.14,-2.75,7,0
P047,HRTF_A,36,1.753,70.00,-2.80,7,0
P047,HRTF_A,36,1.767,70.92,-2.81,7,0
P047,HRTF_A,36,1.789,71.91,-2.77,7,0
P047,HRTF_A,36,1.806,72.96,-2.61,7,0
P047,HRTF_A,36,1.819,74.98,-2.37,7,0
P047,HRTF_A,36,1.833,75.95,-2.33,7,0
P047,HRTF_A,36,1.847,76.97,-2.36,7,0
P047,HRTF_A,36,1.861,77.94,-2.40,7,0
P047,HRTF_A,36,1.875,78.94,-2.44,7,0
P047,HRTF_A,36,1.889,79.93,-2.42,7,0
P047,HRTF_A,36,1.903,80.90,-2.39,7,0
P047,HRTF_A,36,1.916,81.81,-2.45,7,0
P047,HRTF_A,36,1.931,82.69,-2.54,7,0
P047,HRTF_A,36,1.944,83.57,-2.60,7,0
P047,HRTF_A,36,1.958,84.39,-2.62,7,0
P047,HRTF_A,36,1.972,85.21,-2.61,7,0
P047,HRTF_A,36,1.986,86.04,-2.72,7,0
P047,HRTF_A,36,2.000,86.91,-2.77,7,0
P047,HRTF_A,36,2.014,87.76,-2.89,7,0
P047,HRTF_A,36,2.027,88.61,-3.00,7,0
P047,HRTF_A,36,2.042,89.46,-3.14,7,0
P047,HRTF_A,36,2.055,90.30,-3.26,7,0
P047,HRTF_A,36,2.069,91.19,-3.38,7,0
P047,HRTF_A,36,2.083,92.12,-3.53,7,0
P047,HRTF_A,36,2.097,93.09,-3.64,7,0
P047,HRTF_A,36,2.111,94.10,-3.75,7,0
P047,HRTF_A,36,2.125,95.14,-3.83,7,0
P047,HRTF_A,36,2.139,96.20,-3.87,7,0
P047,HRTF_A,36,2.152,97.29,-3.93,7,0
P047,HRTF_A,36,2.167,98.46,-3.98,7,0
P047,HRTF_A,36,2.180,99.60,-4.04,7,0
P047,HRTF_A,36,2.194,100.80,-4.05,7,0
P047,HRTF_A,36,2.208,101.97,-4.11,7,0
P047,HRTF_A,36,2.222,103.14,-4.06,7,0
P047,HRTF_A,36,2.236,104.26,-3.99,7,0
P047,HRTF_A,36,2.250,105.37,-3.86,7,0
P047,HRTF_A,36,2.264,106.34,-3.78,7,0
P047,HRTF_A,36,2.277,107.28,-3.68,7,0
P047,HRTF_A,36,2.291,108.14,-3.62,7,0
P047,HRTF_A,36,2.305,109.00,-3.54,7,0
P047,HRTF_A,36,2.319,109.84,-3.45,7,0
P047,HRTF_A,36,2.333,110.69,-3.31,7,0
P047,HRTF_A,36,2.347,111.54,-3.25,7,0
P047,HRTF_A,36,2.361,112.42,-3.26,7,0
P047,HRTF_A,36,2.375,113.33,-3.31,7,0
P047,HRTF_A,36,2.389,114.28,-3.35,7,0
P047,HRTF_A,36,2.402,115.25,-3.32,7,0
P047,HRTF_A,36,2.416,116.25,-3.29,7,0
P047,HRTF_A,36,2.430,117.31,-3.39,7,0
P047,HRTF_A,36,2.444,118.35,-3.56,7,0
P047,HRTF_A,36,2.458,119.38,-3.72,7,0
P047,HRTF_A,36,2.472,120.40,-3.95,7,0
P047,HRTF_A,36,2.486,121.31,-4.19,7,0
P047,HRTF_A,36,2.500,122.27,-4.44,7,0
P047,HRTF_A,36,2.514,123.18,-4.68,7,0
P047,HRTF_A,36,2.527,124.11,-4.95,7,0
P047,HRTF_A,36,2.541,124.99,-5.19,7,0
P047,HRTF_A,36,2.556,125.83,-5.44,7,0
P047,HRTF_A,36,2.569,126.63,-5.68,7,0
P047,HRTF_A,36,2.583,127.49,-5.99,7,0
P047,HRTF_A,36,2.597,128.30,-6.33,7,0
P047,HRTF_A,36,2.611,129.08,-6.66,7,0
P047,HRTF_A,36,2.625,129.88,-6.96,7,0
P047,HRTF_A,36,2.639,130.60,-7.20,7,0
P047,HRTF_A,36,2.652,131.36,-7.41,7,0
P047,HRTF_A,36,2.666,132.06,-7.65,7,0
P047,HRTF_A,36,2.680,132.72,-8.02,7,0
P047,HRTF_A,36,2.694,133.34,-8.48,7,0
P047,HRTF_A,36,2.708,134.06,-9.07,7,0
P047,HRTF_A,36,2.722,134.76,-9.61,7,0
P047,HRTF_A,36,2.736,135.47,-10.09,7,0
P047,HRTF_A,36,2.750,136.15,-10.55,7,0
P047,HRTF_A,36,2.764,136.85,-11.01,7,0
P047,HRTF_A,36,2.778,137.57,-11.41,7,0
P047,HRTF_A,36,2.791,138.31,-11.71,7,0
P047,HRTF_A,36,2.805,139.06,-11.87,7,0
P047,HRTF_A,36,2.819,139.91,-11.85,7,0
P047,HRTF_A,36,2.833,140.77,-11.67,7,0
P047,HRTF_A,36,2.847,141.64,-11.21,7,0
P047,HRTF_A,36,2.861,142.41,-10.63,7,0
P047,HRTF_A,36,2.875,143.16,-9.89,7,0
P047,HRTF_A,36,2.888,143.73,-8.96,7,0
P047,HRTF_A,36,2.903,144.13,-7.89,7,0
P047,HRTF_A,36,2.916,144.48,-6.74,7,0
P047,HRTF_A,36,2.930,144.77,-5.60,7,0
P047,HRTF_A,36,2.944,145.09,-4.54,7,0
P047,HRTF_A,36,2.958,145.42,-3.45,7,0
P047,HRTF_A,36,2.972,145.71,-2.38,7,0
P047,HRTF_A,36,2.986,145.91,-1.25,7,0
P047,HRTF_A,36,3.000,146.08,-0.15,7,0
P047,HRTF_A,36,3.014,146.26,0.80,7,0
P047,HRTF_A,36,3.027,146.41,1.64,7,0
P047,HRTF_A,36,3.041,146.58,2.32,7,0
P047,HRTF_A,36,3.055,146.75,3.01,7,0
P047,HRTF_A,36,3.069,146.79,3.67,7,0
P047,HRTF_A,36,3.083,146.87,3.98,7,0
P047,HRTF_A,36,3.097,146.98,3.94,7,0
P047,HRTF_A,36,3.111,147.25,3.82,7,0
P047,HRTF_A,36,3.125,147.56,3.68,7,0
P047,HRTF_A,36,3.138,147.88,3.76,7,0
P047,HRTF_A,36,3.152,148.14,3.94,7,0
P047,HRTF_A,36,3.166,148.35,4.21,7,0
P047,HRTF_A,36,3.180,148.56,4.53,7,0
P047,HRTF_A,36,3.194,148.81,4.75,7,0
P047,HRTF_A,36,3.208,149.07,4.90,7,0
P047,HRTF_A,36,3.222,149.32,4.96,7,0
P047,HRTF_A,36,3.236,149.61,5.00,7,0
P047,HRTF_A,36,3.249,149.90,4.97,7,0
P047,HRTF_A,36,3.263,150.21,4.92,7,0
P047,HRTF_A,36,3.277,150.54,4.87,7,0
P047,HRTF_A,36,3.291,150.82,4.77,7,0
P047,HRTF_A,36,3.305,151.08,4.68,7,0
P047,HRTF_A,36,3.319,151.33,4.56,7,0
P047,HRTF_A,36,3.333,151.62,4.46,7,0
P047,HRTF_A,36,3.347,151.89,4.34,7,0
P047,HRTF_A,36,3.361,152.15,4.22,7,0
P047,HRTF_A,36,3.375,152.34,4.10,7,0
P047,HRTF_A,36,3.388,152.51,4.01,7,0
P047,HRTF_A,36,3.402,152.63,3.88,7,0
P047,HRTF_A,36,3.416,152.71,3.75,7,0
P047,HRTF_A,36,3.430,152.79,3.59,7,0
P047,HRTF_A,36,3.444,152.89,3.44,7,0
P047,HRTF_A,36,3.458,152.93,3.29,7,0
P047,HRTF_A,36,3.471,152.97,3.13,7,0
P047,HRTF_A,36,3.486,153.02,2.92,7,0
P047,HRTF_A,36,3.499,153.13,2.70,7,0
P047,HRTF_A,36,3.513,153.26,2.51,7,0
P047,HRTF_A,36,3.527,153.40,2.33,7,0
P047,HRTF_A,36,3.541,153.50,2.16,7,0
P047,HRTF_A,36,3.555,153.59,2.00,7,0
P047,HRTF_A,36,3.569,153.65,1.81,7,0
P047,HRTF_A,36,3.583,153.72,1.61,7,0
P047,HRTF_A,36,3.597,153.77,1.42,7,0
P047,HRTF_A,36,3.611,153.80,1.24,7,0
P047,HRTF_A,36,3.624,153.80,1.08,7,0
P047,HRTF_A,36,3.639,153.80,0.88,7,0
P047,HRTF_A,36,3.652,153.77,0.67,7,0
P047,HRTF_A,36,3.666,153.73,0.47,7,0
P047,HRTF_A,36,3.680,153.67,0.33,7,0
P047,HRTF_A,36,3.694,153.56,0.23,7,0
P047,HRTF_A,36,3.708,153.37,0.13,7,0
P047,HRTF_A,36,3.722,153.10,0.05,7,0
P047,HRTF_A,36,3.736,152.74,-0.06,7,0
P047,HRTF_A,36,3.750,152.24,-0.23,7,0
P047,HRTF_A,36,3.763,151.72,-0.36,7,0
P047,HRTF_A,36,3.777,151.00,-0.51,7,0
P047,HRTF_A,36,3.791,150.17,-0.73,7,0
P047,HRTF_A,36,3.805,149.30,-1.00,7,0
P047,HRTF_A,36,3.819,148.22,-1.32,7,0
P047,HRTF_A,36,3.833,147.16,-1.64,7,0
P047,HRTF_A,36,3.847,146.05,-1.99,7,0
P047,HRTF_A,36,3.861,144.88,-2.25,7,0
P047,HRTF_A,36,3.875,143.65,-2.49,7,0
P047,HRTF_A,36,3.888,142.22,-2.66,7,0
P047,HRTF_A,36,3.902,140.74,-2.80,7,0
P047,HRTF_A,36,3.917,139.08,-2.91,7,0
P047,HRTF_A,36,3.930,137.40,-2.93,7,0
P047,HRTF_A,36,3.944,135.53,-2.91,7,0
P047,HRTF_A,36,3.958,133.53,-2.84,7,0
P047,HRTF_A,36,3.972,131.48,-2.74,7,0
P047,HRTF_A,36,3.986,129.35,-2.64,7,0
P047,HRTF_A,36,4.000,127.15,-2.52,7,0
P047,HRTF_A,36,4.013,125.02,-2.48,7,0
P047,HRTF_A,36,4.027,122.92,-2.45,7,0
P047,HRTF_A,36,4.041,120.83,-2.47,7,0
P047,HRTF_A,36,4.055,118.76,-2.47,7,0
P047,HRTF_A,36,4.069,116.61,-2.46,7,0
P047,HRTF_A,36,4.083,114.45,-2.44,7,0
P047,HRTF_A,36,4.097,112.22,-2.45,7,0
P047,HRTF_A,36,4.111,109.97,-2.49,7,0
P047,HRTF_A,36,4.125,107.69,-2.46,7,0
P047,HRTF_A,36,4.138,105.37,-2.39,7,0
P047,HRTF_A,36,4.153,102.98,-2.30,7,0
P047,HRTF_A,36,4.166,100.64,-2.22,7,0
P047,HRTF_A,36,4.180,98.24,-2.18,7,0
P047,HRTF_A,36,4.194,95.88,-2.17,7,0
P047,HRTF_A,36,4.208,93.53,-2.16,7,0
P047,HRTF_A,36,4.222,91.18,-2.15,7,0
P047,HRTF_A,36,4.236,88.88,-2.11,7,0
P047,HRTF_A,36,4.250,86.62,-2.07,7,0
P047,HRTF_A,36,4.263,84.35,-2.01,7,0
P047,HRTF_A,36,4.278,82.07,-1.97,7,0
P047,HRTF_A,36,4.291,79.77,-1.93,7,0
P047,HRTF_A,36,4.305,77.53,-1.88,7,0
P047,HRTF_A,36,4.319,75.27,-1.85,7,0
P047,HRTF_A,36,4.333,73.00,-1.76,7,0
P047,HRTF_A,36,4.347,70.72,-1.67,7,0
P047,HRTF_A,36,4.361,68.43,-1.51,7,0
P047,HRTF_A,36,4.375,66.09,-1.41,7,0
P047,HRTF_A,36,4.388,63.77,-1.27,7,0
P047,HRTF_A,36,4.402,61.41,-1.11,7,0
P047,HRTF_A,36,4.416,59.05,-1.01,7,0
P047,HRTF_A,36,4.430,56.77,-0.88,7,0
P047,HRTF_A,36,4.444,54.49,-0.85,7,0
P047,HRTF_A,36,4.458,52.25,-0.74,7,0
P047,HRTF_A,36,4.472,50.05,-0.68,7,0
P047,HRTF_A,36,4.486,47.82,-0.59,7,0
P047,HRTF_A,36,4.499,45.73,-0.46,7,0
P047,HRTF_A,36,4.513,43.66,-0.37,7,0
P047,HRTF_A,36,4.527,41.64,-0.27,7,0
P047,HRTF_A,36,4.541,39.73,-0.21,7,0
P047,HRTF_A,36,4.555,37.72,-0.14,7,0
P047,HRTF_A,36,4.569,35.76,-0.10,7,0
P047,HRTF_A,36,4.583,33.79,0.00,7,0
P047,HRTF_A,36,4.597,31.89,0.02,7,0
P047,HRTF_A,36,4.611,30.03,0.07,7,0
P047,HRTF_A,36,4.625,28.16,0.09,7,0
P047,HRTF_A,36,4.638,26.31,0.19,7,0
P047,HRTF_A,36,4.652,24.44,0.24,7,0
P047,HRTF_A,36,4.666,22.58,0.29,7,0
P047,HRTF_A,36,4.680,20.72,0.33,7,0
P047,HRTF_A,36,4.694,18.89,0.32,7,0
P047,HRTF_A,36,4.708,17.11,0.28,7,0
P047,HRTF_A,36,4.722,15.37,0.24,7,0
P047,HRTF_A,36,4.735,13.64,0.19,7,0
P047,HRTF_A,36,4.749,11.99,0.13,7,0
P047,HRTF_A,36,4.763,10.42,0.06,7,0
P047,HRTF_A,36,4.777,8.83,-0.07,7,0
P047,HRTF_A,36,4.791,7.34,-0.19,7,0
P047,HRTF_A,36,4.805,5.87,-0.28,7,0
P047,HRTF_A,36,4.819,4.40,-0.35,7,0
P047,HRTF_A,36,4.833,3.00,-0.40,7,0
P047,HRTF_A,36,4.847,1.59,-0.47,7,0
P047,HRTF_A,36,4.861,0.18,-0.48,7,0
P047,HRTF_A,36,4.875,-1.21,-0.51,7,0
P047,HRTF_A,36,4.888,-2.61,-0.54,7,0
P047,HRTF_A,36,4.902,-4.03,-0.51,7,0
P047,HRTF_A,36,4.916,-5.38,-0.48,7,0
P047,HRTF_A,36,4.930,-6.71,-0.42,7,0
P047,HRTF_A,36,4.944,-8.05,-0.33,7,0
P047,HRTF_A,36,4.958,-9.37,-0.27,7,0
P047,HRTF_A,36,4.972,-10.68,-0.18,7,0
P047,HRTF_A,36,4.986,-12.04,-0.09,7,0
P047,HRTF_A,36,4.999,-13.37,0.01,7,0
P047,HRTF_A,36,5.013,-14.76,0.05,7,0
P047,HRTF_A,36,5.027,-16.14,0.14,7,0
P047,HRTF_A,36,5.041,-17.52,0.17,7,0
P047,HRTF_A,36,5.055,-18.97,0.13,7,0
P047,HRTF_A,36,5.069,-20.43,0.09,7,0
P047,HRTF_A,36,5.083,-21.88,0.01,7,0
P047,HRTF_A,36,5.097,-23.30,0.00,7,0
P047,HRTF_A,36,5.110,-24.71,-0.07,7,0
P047,HRTF_A,36,5.125,-26.06,-0.10,7,0
P047,HRTF_A,36,5.138,-27.40,-0.11,7,0
P047,HRTF_A,36,5.152,-28.69,-0.15,7,0
P047,HRTF_A,36,5.166,-29.92,-0.16,7,0
P047,HRTF_A,36,5.180,-31.16,-0.19,7,0
P047,HRTF_A,36,5.194,-32.35,-0.22,7,0
P047,HRTF_A,36,5.208,-33.50,-0.25,7,0
P047,HRTF_A,36,5.222,-34.68,-0.28,7,0
P047,HRTF_A,36,5.235,-35.82,-0.31,7,0
P047,HRTF_A,36,5.249,-36.97,-0.25,7,0
P047,HRTF_A,36,5.263,-38.07,-0.23,7,0
P047,HRTF_A,36,5.277,-39.17,-0.20,7,0
P047,HRTF_A,36,5.291,-40.25,-0.29,7,0
P047,HRTF_A,36,5.305,-41.31,-0.41,7,0
P047,HRTF_A,36,5.319,-42.34,-0.64,7,0
P047,HRTF_A,36,5.333,-43.36,-0.77,7,0
P047,HRTF_A,36,5.347,-44.36,-0.84,7,0
P047,HRTF_A,36,5.361,-45.35,-0.87,7,0
P047,HRTF_A,36,5.375,-46.33,-0.93,7,0
P047,HRTF_A,36,5.388,-47.31,-1.02,7,0
P047,HRTF_A,36,5.402,-48.21,-1.17,7,0
P047,HRTF_A,36,5.416,-49.07,-1.32,7,0
P047,HRTF_A,36,5.430,-49.86,-1.47,7,0
P047,HRTF_A,36,5.444,-50.62,-1.64,7,0
P047,HRTF_A,36,5.458,-51.31,-1.86,7,0
P047,HRTF_A,36,5.472,-51.89,-2.21,7,0
P047,HRTF_A,36,5.486,-52.39,-2.61,7,0
P047,HRTF_A,36,5.500,-52.94,-2.93,7,0
P047,HRTF_A,36,5.513,-53.41,-3.25,7,0
P047,HRTF_A,36,5.527,-53.93,-3.63,7,0
P047,HRTF_A,36,5.541,-54.45,-3.94,7,0
P047,HRTF_A,36,5.555,-54.93,-4.30,7,0
P047,HRTF_A,36,5.569,-55.40,-4.55,7,0
P047,HRTF_A,36,5.583,-55.90,-4.77,7,0
P047,HRTF_A,36,5.597,-56.41,-5.00,7,0
P047,HRTF_A,36,5.610,-56.96,-5.25,7,0
P047,HRTF_A,36,5.624,-57.52,-5.49,7,0
P047,HRTF_A,36,5.638,-58.17,-5.70,7,0
P047,HRTF_A,36,5.652,-58.80,-5.86,7,0
P047,HRTF_A,36,5.666,-59.48,-5.95,7,0
P047,HRTF_A,36,5.680,-60.19,-6.02,7,0
P047,HRTF_A,36,5.694,-60.99,-6.03,7,0
P047,HRTF_A,36,5.708,-61.84,-5.97,7,0
P047,HRTF_A,36,5.722,-62.81,-5.80,7,0
P047,HRTF_A,36,5.736,-63.78,-5.63,7,0
P047,HRTF_A,36,5.749,-64.87,-5.35,7,0
P047,HRTF_A,36,5.763,-65.90,-5.05,7,0
P047,HRTF_A,36,5.777,-66.92,-4.85,7,0
P047,HRTF_A,36,5.791,-68.01,-4.65,7,0
P047,HRTF_A,36,5.805,-69.11,-4.42,7,0
P047,HRTF_A,36,5.819,-70.25,-4.12,7,0
P047,HRTF_A,36,5.833,-71.44,-3.80,7,0
P047,HRTF_A,36,5.847,-72.63,-3.33,7,0
P047,HRTF_A,36,5.861,-73.87,-2.82,7,0
P047,HRTF_A,36,5.874,-75.15,-2.24,7,0
P047,HRTF_A,36,5.888,-76.42,-1.50,7,0
P047,HRTF_A,36,5.902,-77.67,-0.77,7,0
P047,HRTF_A,36,5.916,-78.87,0.09,7,0
P047,HRTF_A,36,5.930,-80.04,1.01,7,0
P047,HRTF_A,36,5.944,-81.15,2.06,7,0
P047,HRTF_A,36,5.958,-82.22,3.09,7,0
P047,HRTF_A,36,5.971,-83.23,4.11,7,0
P047,HRTF_A,36,5.985,-84.24,5.06,7,0
P047,HRTF_A,36,5.999,-85.18,5.94,7,0
P047,HRTF_A,36,6.013,-86.08,6.76,7,0
P047,HRTF_A,36,6.027,-87.00,7.59,7,0
P047,HRTF_A,36,6.041,-87.82,8.49,7,0
P047,HRTF_A,36,6.055,-88.66,9.34,7,0
P047,HRTF_A,36,6.069,-89.46,10.12,7,0
P047,HRTF_A,36,6.083,-90.26,10.67,7,0
P047,HRTF_A,36,6.097,-91.00,11.15,7,0
P047,HRTF_A,36,6.110,-91.67,11.58,7,0
P047,HRTF_A,36,6.124,-92.32,11.97,7,0
P047,HRTF_A,36,6.138,-92.94,12.29,7,0
P047,HRTF_A,36,6.152,-93.54,12.57,7,0
P047,HRTF_A,36,6.166,-94.08,12.65,7,0
P047,HRTF_A,36,6.180,-94.58,12.78,7,0
P047,HRTF_A,36,6.194,-95.07,12.89,7,0
P047,HRTF_A,36,6.207,-95.57,12.99,7,0
P047,HRTF_A,36,6.221,-96.04,13.07,7,0
P047,HRTF_A,36,6.236,-96.55,13.08,7,0
P047,HRTF_A,36,6.249,-97.10,12.97,7,0
P047,HRTF_A,36,6.263,-97.64,12.88,7,0
P047,HRTF_A,36,6.277,-98.21,12.74,7,0
P047,HRTF_A,36,6.291,-98.78,12.48,7,0
P047,HRTF_A,36,6.305,-99.37,11.94,7,0
P047,HRTF_A,36,6.319,-99.99,11.25,7,0
P047,HRTF_A,36,6.333,-100.65,10.36,7,0
P047,HRTF_A,36,6.346,-101.25,9.61,7,0
P047,HRTF_A,36,6.360,-101.90,9.02,7,0
P047,HRTF_A,36,6.374,-102.51,8.28,7,0
P047,HRTF_A,36,6.388,-103.05,7.29,7,0
P047,HRTF_A,36,6.402,-103.51,5.99,7,0
P047,HRTF_A,36,6.416,-103.93,4.66,7,0
P047,HRTF_A,36,6.430,-104.41,3.38,7,0
P047,HRTF_A,36,6.444,-104.84,1.69,7,0
P047,HRTF_A,36,6.458,-105.26,-0.73,7,0
P047,HRTF_A,36,6.471,-105.60,-3.12,7,0
P047,HRTF_A,36,6.485,-105.87,-5.22,7,0
P047,HRTF_A,36,6.499,-106.14,-6.90,7,0
P047,HRTF_A,36,6.513,-106.36,-8.70,7,0
P047,HRTF_A,36,6.527,-106.52,-10.79,7,0
P047,HRTF_A,36,6.541,-106.72,-12.93,7,0
P047,HRTF_A,36,6.555,-106.87,-14.80,7,0
P047,HRTF_A,36,6.569,-106.99,-16.26,7,0
P047,HRTF_A,36,6.583,-106.98,-17.46,7,0
P047,HRTF_A,36,6.597,-106.98,-18.64,7,0
P047,HRTF_A,36,6.610,-106.93,-19.95,7,0
P047,HRTF_A,36,6.624,-106.89,-21.45,7,0
P047,HRTF_A,36,6.638,-106.95,-22.78,7,0
P047,HRTF_A,36,6.652,-106.97,-23.88,7,0
P047,HRTF_A,36,6.666,-106.96,-24.79,7,0
P047,HRTF_A,36,6.680,-106.88,-25.69,7,0
P047,HRTF_A,36,6.694,-106.77,-26.67,7,0
P047,HRTF_A,36,6.707,-106.65,-27.80,7,0
P047,HRTF_A,36,6.721,-106.57,-28.89,7,0
P047,HRTF_A,36,6.735,-106.45,-30.01,7,0
P047,HRTF_A,36,6.749,-106.30,-31.32,7,0
P047,HRTF_A,36,6.763,-106.10,-32.73,7,0
P047,HRTF_A,36,6.777,-105.85,-34.10,7,0
P047,HRTF_A,36,6.791,-105.69,-35.25,7,0
P047,HRTF_A,36,6.805,-105.54,-36.12,7,0
P047,HRTF_A,36,6.819,-105.52,-36.61,7,0
P047,HRTF_A,36,6.832,-105.54,-37.21,7,0
P047,HRTF_A,36,6.846,-105.64,-37.74,7,0
P047,HRTF_A,36,6.860,-105.77,-38.56,7,0
P047,HRTF_A,36,6.874,-105.85,-39.49,7,0
P047,HRTF_A,36,6.888,-106.05,-40.26,7,0
P047,HRTF_A,36,6.902,-106.23,-40.89,7,0
P047,HRTF_A,36,6.916,-106.47,-41.39,7,0
P047,HRTF_A,36,6.930,-106.78,-41.82,7,0
P047,HRTF_A,36,6.944,-106.99,-42.23,7,0
P047,HRTF_A,36,6.958,-107.10,-42.62,7,0
P047,HRTF_A,36,6.971,-107.03,-43.15,7,0
P047,HRTF_A,36,6.985,-106.80,-43.85,7,0
P047,HRTF_A,36,7.000,-106.36,-44.62,7,0
P047,HRTF_A,36,7.013,-105.84,-45.34,7,0
P047,HRTF_A,36,7.027,-105.42,-45.92,7,0
P047,HRTF_A,36,7.041,-105.21,-46.29,7,0
P047,HRTF_A,36,7.055,-105.11,-46.63,7,0
P047,HRTF_A,36,7.068,-105.21,-46.99,7,0
P047,HRTF_A,36,7.083,-105.27,-47.42,7,0
P047,HRTF_A,36,7.097,-105.48,-47.95,7,0
P047,HRTF_A,36,7.110,-105.87,-48.46,7,0
P047,HRTF_A,36,7.124,-106.39,-48.86,7,0
P047,HRTF_A,36,7.138,-106.89,-49.19,7,0
P047,HRTF_A,36,7.152,-107.46,-49.42,7,0
P047,HRTF_A,36,7.166,-108.09,-49.49,7,0
P047,HRTF_A,36,7.180,-108.82,-49.54,7,0
P047,HRTF_A,36,7.194,-109.71,-49.52,7,0
P047,HRTF_A,36,7.207,-110.57,-49.50,7,0
P047,HRTF_A,36,7.221,-111.54,-49.44,7,0
P047,HRTF_A,36,7.235,-112.68,-49.43,7,0
P047,HRTF_A,36,7.249,-113.78,-49.46,7,0
P047,HRTF_A,36,7.263,-114.93,-49.51,7,0
P047,HRTF_A,36,7.277,-115.94,-49.46,7,0
P047,HRTF_A,36,7.291,-116.84,-49.28,7,0
P047,HRTF_A,36,7.305,-117.71,-49.04,7,0
P047,HRTF_A,36,7.319,-118.45,-48.67,7,0
P047,HRTF_A,36,7.332,-119.27,-48.16,7,0
P047,HRTF_A,36,7.346,-120.03,-47.72,7,0
P047,HRTF_A,36,7.360,-120.93,-47.08,7,0
P047,HRTF_A,36,7.374,-121.77,-46.41,7,0
P047,HRTF_A,36,7.388,-122.51,-45.76,7,0
P047,HRTF_A,36,7.402,-123.12,-45.09,7,0
P047,HRTF_A,36,7.416,-123.64,-44.31,7,0
P047,HRTF_A,36,7.430,-124.02,-43.27,7,0
P047,HRTF_A,36,7.444,-124.37,-41.94,7,0
P047,HRTF_A,36,7.458,-124.68,-40.39,7,0
P047,HRTF_A,36,7.472,-124.81,-38.47,7,0
P047,HRTF_A,36,7.485,-124.88,-36.37,7,0
P047,HRTF_A,36,7.499,-124.92,-34.29,7,0
P047,HRTF_A,36,7.513,-125.04,-32.06,7,0
P047,HRTF_A,36,7.527,-125.18,-29.72,7,0
P047,HRTF_A,36,7.541,-125.35,-27.58,7,0
P047,HRTF_A,36,7.555,-125.57,-25.59,7,0
P047,HRTF_A,36,7.568,-125.80,-23.77,7,0
P047,HRTF_A,36,7.582,-126.02,-21.94,7,0
P047,HRTF_A,36,7.597,-126.23,-20.33,7,0
P047,HRTF_A,36,7.610,-126.40,-18.65,7,0
P047,HRTF_A,36,7.624,-126.50,-16.89,7,0
P047,HRTF_A,36,7.638,-126.58,-15.07,7,0
P047,HRTF_A,36,7.652,-126.67,-13.24,7,0
P047,HRTF_A,36,7.666,-126.50,-11.58,7,0
P047,HRTF_A,36,7.680,-126.38,-10.00,7,0
P047,HRTF_A,36,7.694,-126.28,-8.54,7,0
P047,HRTF_A,36,7.707,-126.21,-7.26,7,0
P047,HRTF_A,36,7.721,-126.23,-6.14,7,0
P047,HRTF_A,36,7.735,-126.30,-5.31,7,0
P047,HRTF_A,36,7.749,-126.36,-4.65,7,0
P047,HRTF_A,36,7.763,-126.40,-3.91,7,0
P047,HRTF_A,36,7.777,-126.38,-3.12,7,0
P047,HRTF_A,36,7.791,-126.37,-2.30,7,0
P047,HRTF_A,36,7.805,-126.36,-1.51,7,0
P047,HRTF_A,36,7.819,-126.39,-0.71,7,0
P047,HRTF_A,36,7.833,-126.36,0.02,7,0
P047,HRTF_A,36,7.846,-126.29,0.76,7,0
P047,HRTF_A,36,7.860,-126.23,1.55,7,0
P047,HRTF_A,36,7.874,-126.20,2.37,7,0
P047,HRTF_A,36,7.888,-126.23,3.23,7,0
P047,HRTF_A,36,7.902,-126.31,3.98,7,0
P047,HRTF_A,36,7.916,-126.34,4.62,7,0
P047,HRTF_A,36,7.930,-126.41,5.26,7,0
P047,HRTF_A,36,7.943,-126.45,5.90,7,0
P047,HRTF_A,36,7.958,-126.49,6.48,7,0
P047,HRTF_A,36,7.971,-126.63,6.96,7,0
P047,HRTF_A,36,7.985,-126.77,7.36,7,0
P047,HRTF_A,36,7.999,-126.83,7.76,7,0
P047,HRTF_A,36,8.013,-126.86,8.24,7,0
P047,HRTF_A,36,8.027,-126.84,8.67,7,0
P047,HRTF_A,36,8.041,-126.83,9.09,7,0
P047,HRTF_A,36,8.055,-126.78,9.40,7,0
P047,HRTF_A,36,8.068,-126.73,9.67,7,0
P047,HRTF_A,36,8.082,-126.64,9.84,7,0
P047,HRTF_A,36,8.096,-126.59,9.95,7,0
P047,HRTF_A,36,8.110,-126.57,9.91,7,0
P047,HRTF_A,36,8.124,-126.59,9.82,7,0
P047,HRTF_A,36,8.138,-126.58,9.64,7,0
P047,HRTF_A,36,8.152,-126.52,9.45,7,0
P047,HRTF_A,36,8.166,-126.43,9.33,7,0
P047,HRTF_A,36,8.180,-126.27,9.19,7,0
P047,HRTF_A,36,8.193,-126.08,9.07,7,0
P047,HRTF_A,36,8.207,-125.89,8.96,7,0
P047,HRTF_A,36,8.221,-125.69,8.84,7,0
P047,HRTF_A,36,8.235,-125.45,8.74,7,0
P047,HRTF_A,36,8.249,-125.17,8.67,7,0
P047,HRTF_A,36,8.263,-124.83,8.63,7,0
P047,HRTF_A,36,8.277,-124.45,8.52,7,0
P047,HRTF_A,36,8.290,-124.09,8.38,7,0
P047,HRTF_A,36,8.304,-123.78,8.23,7,0
P047,HRTF_A,37,0.014,3.87,1.47,14,1
P047,HRTF_A,37,0.028,3.89,1.42,14,1
P047,HRTF_A,37,0.042,3.89,1.37,14,1
P047,HRTF_A,37,0.056,3.88,1.34,14,1
P047,HRTF_A,37,0.070,3.86,1.30,14,1
P047,HRTF_A,37,0.084,3.83,1.28,14,1
P047,HRTF_A,37,0.097,3.79,1.25,14,1
P047,HRTF_A,37,0.111,3.74,1.21,14,1
P047,HRTF_A,37,0.125,3.69,1.17,14,1
P047,HRTF_A,37,0.139,3.63,1.12,14,1
P047,HRTF_A,37,0.153,3.56,1.07,14,1
P047,HRTF_A,37,0.167,3.49,1.04,14,1
P047,HRTF_A,37,0.181,3.42,1.02,14,1
P047,HRTF_A,37,0.194,3.35,1.02,14,1
P047,HRTF_A,37,0.208,3.31,0.98,14,1
P047,HRTF_A,37,0.222,3.28,0.91,14,1
P047,HRTF_A,37,0.236,3.28,0.85,14,1
P047,HRTF_A,37,0.250,3.28,0.81,14,1
P047,HRTF_A,37,0.264,3.27,0.77,14,1
P047,HRTF_A,37,0.278,3.27,0.73,14,1
P047,HRTF_A,37,0.292,3.28,0.70,14,1
P047,HRTF_A,37,0.306,3.29,0.65,14,1
P047,HRTF_A,37,0.319,3.32,0.63,14,1
P047,HRTF_A,37,0.334,3.33,0.61,14,1
P047,HRTF_A,37,0.347,3.37,0.58,14,1
P047,HRTF_A,37,0.361,3.39,0.54,14,1
P047,HRTF_A,37,0.375,3.42,0.51,14,1
P047,HRTF_A,37,0.389,3.46,0.49,14,1
P047,HRTF_A,37,0.403,3.49,0.46,14,1
P047,HRTF_A,37,0.417,3.53,0.44,14,1
P047,HRTF_A,37,0.431,3.59,0.43,14,1
P047,HRTF_A,37,0.445,3.64,0.42,14,1
P047,HRTF_A,37,0.459,3.71,0.38,14,1
P047,HRTF_A,37,0.473,3.80,0.32,14,1
P047,HRTF_A,37,0.487,3.89,0.28,14,1
P047,HRTF_A,37,0.500,4.02,0.23,14,1
P047,HRTF_A,37,0.514,4.13,0.21,14,1
P047,HRTF_A,37,0.528,4.27,0.20,14,1
P047,HRTF_A,37,0.542,4.41,0.19,14,1
P047,HRTF_A,37,0.556,4.55,0.17,14,1
P047,HRTF_A,37,0.570,4.69,0.15,14,1
P047,HRTF_A,37,0.583,4.83,0.14,14,1
P047,HRTF_A,37,0.597,4.97,0.13,14,1
P047,HRTF_A,37,0.611,5.10,0.16,14,1
P047,HRTF_A,37,0.625,5.23,0.18,14,1
P047,HRTF_A,37,0.639,5.36,0.23,14,1
P047,HRTF_A,37,0.653,5.50,0.25,14,1
P047,HRTF_A,37,0.667,5.66,0.29,14,1
P047,HRTF_A,37,0.681,5.81,0.32,14,1
P047,HRTF_A,37,0.695,5.96,0.35,14,1
P047,HRTF_A,37,0.709,6.09,0.38,14,1
P047,HRTF_A,37,0.722,6.24,0.42,14,1
P047,HRTF_A,37,0.736,6.39,0.45,14,1
P047,HRTF_A,37,0.750,6.53,0.48,14,1
P047,HRTF_A,37,0.764,6.67,0.49,14,1
P047,HRTF_A,37,0.778,6.81,0.51,14,1
P047,HRTF_A,37,0.792,6.94,0.51,14,1
P047,HRTF_A,37,0.806,7.07,0.49,14,1
P047,HRTF_A,37,0.820,7.20,0.48,14,1
P047,HRTF_A,37,0.834,7.37,0.48,14,1
P047,HRTF_A,37,0.847,7.54,0.46,14,1
P047,HRTF_A,37,0.861,7.75,0.44,14,1
P047,HRTF_A,37,0.875,7.99,0.43,14,1
P047,HRTF_A,37,0.889,8.24,0.44,14,1
P047,HRTF_A,37,0.903,8.56,0.43,14,1
P047,HRTF_A,37,0.917,8.92,0.43,14,1
P047,HRTF_A,37,0.931,9.32,0.44,14,1
P047,HRTF_A,37,0.945,9.76,0.45,14,1
P047,HRTF_A,37,0.959,10.33,0.47,14,1
P047,HRTF_A,37,0.972,10.90,0.50,14,1
P047,HRTF_A,37,0.986,11.58,0.52,14,1
P047,HRTF_A,37,1.000,12.31,0.55,14,1
P047,HRTF_A,37,1.014,13.03,0.59,14,1
P047,HRTF_A,37,1.028,13.86,0.67,14,1
P047,HRTF_A,37,1.042,14.72,0.70,14,1
P047,HRTF_A,37,1.056,15.65,0.77,14,1
P047,HRTF_A,37,1.070,16.63,0.81,14,1
P047,HRTF_A,37,1.083,17.58,0.85,14,1
P047,HRTF_A,37,1.097,18.54,0.90,14,1
P047,HRTF_A,37,1.111,19.44,0.97,14,1
P047,HRTF_A,37,1.125,20.35,1.05,14,1
P047,HRTF_A,37,1.139,21.33,1.11,14,1
P047,HRTF_A,37,1.153,22.33,1.18,14,1
P047,HRTF_A,37,1.167,23.36,1.26,14,1
P047,HRTF_A,37,1.181,24.42,1.31,14,1
P047,HRTF_A,37,1.195,25.45,1.30,14,1
P047,HRTF_A,37,1.208,26.52,1.23,14,1
P047,HRTF_A,37,1.222,27.57,1.19,14,1
P047,HRTF_A,37,1.236,28.64,1.07,14,1
P047,HRTF_A,37,1.250,29.73,0.91,14,1
P047,HRTF_A,37,1.264,30.80,0.83,14,1
P047,HRTF_A,37,1.278,31.95,0.67,14,1
P047,HRTF_A,37,1.294,33.12,0.58,14,1
P047,HRTF_A,37,1.307,35.47,0.34,14,1
P047,HRTF_A,37,1.321,35.55,0.45,14,1
P047,HRTF_A,37,1.334,36.80,0.45,14,1
P047,HRTF_A,37,1.348,38.05,0.46,14,1
P047,HRTF_A,37,1.362,39.31,0.49,14,1
P047,HRTF_A,37,1.376,40.57,0.61,14,1
P047,HRTF_A,37,1.389,41.83,0.71,14,1
P047,HRTF_A,37,1.403,43.11,0.91,14,1
P047,HRTF_A,37,1.417,44.37,1.02,14,1
P047,HRTF_A,37,1.431,45.69,0.99,14,1
P047,HRTF_A,37,1.445,46.96,0.93,14,1
P047,HRTF_A,37,1.458,48.26,0.89,14,1
P047,HRTF_A,37,1.472,49.52,0.94,14,1
P047,HRTF_A,37,1.486,50.83,1.11,14,1
P047,HRTF_A,37,1.500,52.13,1.24,14,1
P047,HRTF_A,37,1.514,53.41,1.40,14,1
P047,HRTF_A,37,1.528,54.69,1.59,14,1
P047,HRTF_A,37,1.541,56.04,1.73,14,1
P047,HRTF_A,37,1.555,57.51,1.86,14,1
P047,HRTF_A,37,1.569,59.07,2.01,14,1
P047,HRTF_A,37,1.583,60.64,2.21,14,1
P047,HRTF_A,37,1.597,62.20,2.52,14,1
P047,HRTF_A,37,1.611,63.73,2.82,14,1
P047,HRTF_A,37,1.625,65.17,3.09,14,1
P047,HRTF_A,37,1.639,66.60,3.27,14,1
P047,HRTF_A,37,1.653,68.04,3.33,14,1
P047,HRTF_A,37,1.666,69.45,3.39,14,1
P047,HRTF_A,37,1.680,70.84,3.33,14,1
P047,HRTF_A,37,1.694,72.16,3.30,14,1
P047,HRTF_A,37,1.708,73.43,3.22,14,1
P047,HRTF_A,37,1.722,74.71,3.15,14,1
P047,HRTF_A,37,1.736,76.00,3.10,14,1
P047,HRTF_A,37,1.750,77.28,3.08,14,1
P047,HRTF_A,37,1.764,78.50,3.06,14,1
P047,HRTF_A,37,1.777,79.69,3.10,14,1
P047,HRTF_A,37,1.791,80.85,3.15,14,1
P047,HRTF_A,37,1.805,82.02,3.15,14,1
P047,HRTF_A,37,1.819,83.28,3.06,14,1
P047,HRTF_A,37,1.833,84.57,3.01,14,1
P047,HRTF_A,37,1.847,85.86,2.99,14,1
P047,HRTF_A,37,1.861,87.13,3.01,14,1
P047,HRTF_A,37,1.875,88.39,3.06,14,1
P047,HRTF_A,37,1.889,89.73,3.11,14,1
P047,HRTF_A,37,1.903,91.00,3.11,14,1
P047,HRTF_A,37,1.916,92.30,3.19,14,1
P047,HRTF_A,37,1.930,93.68,3.24,14,1
P047,HRTF_A,37,1.944,95.06,3.27,14,1
P047,HRTF_A,37,1.958,96.56,3.29,14,1
P047,HRTF_A,37,1.972,98.08,3.25,14,1
P047,HRTF_A,37,1.986,99.59,3.20,14,1
P047,HRTF_A,37,2.000,101.15,3.21,14,1
P047,HRTF_A,37,2.014,102.63,3.18,14,1
P047,HRTF_A,37,2.027,104.11,3.05,14,1
P047,HRTF_A,37,2.041,105.62,2.80,14,1
P047,HRTF_A,37,2.055,107.09,2.48,14,1
P047,HRTF_A,37,2.069,108.53,2.22,14,1
P047,HRTF_A,37,2.083,109.95,1.99,14,1
P047,HRTF_A,37,2.097,111.34,1.78,14,1
P047,HRTF_A,37,2.111,112.64,1.61,14,1
P047,HRTF_A,37,2.125,114.00,1.43,14,1
P047,HRTF_A,37,2.139,115.30,1.27,14,1
P047,HRTF_A,37,2.153,116.56,1.05,14,1
P047,HRTF_A,37,2.166,117.82,0.88,14,1
P047,HRTF_A,37,2.180,119.08,0.79,14,1
P047,HRTF_A,37,2.194,120.32,0.75,14,1
P047,HRTF_A,37,2.208,121.54,0.74,14,1
P047,HRTF_A,37,2.222,122.77,0.74,14,1
P047,HRTF_A,37,2.236,123.99,0.69,14,1
P047,HRTF_A,37,2.250,125.22,0.63,14,1
P047,HRTF_A,37,2.264,126.44,0.62,14,1
P047,HRTF_A,37,2.279,127.65,0.60,14,1
P047,HRTF_A,37,2.293,128.82,0.63,14,1
P047,HRTF_A,37,2.307,130.00,0.55,14,1
P047,HRTF_A,37,2.320,131.24,0.48,14,1
P047,HRTF_A,37,2.334,132.51,0.39,14,1
P047,HRTF_A,37,2.348,133.72,0.36,14,1
P047,HRTF_A,37,2.361,134.91,0.34,14,1
P047,HRTF_A,37,2.375,136.04,0.19,14,1
P047,HRTF_A,37,2.389,137.18,-0.10,14,1
P047,HRTF_A,37,2.403,138.32,-0.47,14,1
P047,HRTF_A,37,2.416,139.37,-0.92,14,1
P047,HRTF_A,37,2.430,140.37,-1.40,14,1
P047,HRTF_A,37,2.444,141.29,-1.82,14,1
P047,HRTF_A,37,2.458,142.06,-2.19,14,1
P047,HRTF_A,37,2.472,142.79,-2.52,14,1
P047,HRTF_A,37,2.486,143.37,-2.85,14,1
P047,HRTF_A,37,2.500,143.89,-3.21,14,1
P047,HRTF_A,37,2.514,144.16,-3.58,14,1
P047,HRTF_A,37,2.527,144.50,-3.97,14,1
P047,HRTF_A,37,2.541,144.64,-4.33,14,1
P047,HRTF_A,37,2.555,144.78,-4.76,14,1
P047,HRTF_A,37,2.569,144.84,-5.15,14,1
P047,HRTF_A,37,2.583,144.93,-5.51,14,1
P047,HRTF_A,37,2.596,144.78,-5.74,14,1
P047,HRTF_A,37,2.610,144.70,-6.03,14,1
P047,HRTF_A,37,2.624,144.56,-6.34,14,1
P047,HRTF_A,37,2.638,144.45,-6.67,14,1
P047,HRTF_A,37,2.652,144.31,-7.01,14,1
P047,HRTF_A,37,2.666,144.15,-7.34,14,1
P047,HRTF_A,37,2.680,143.97,-7.59,14,1
P047,HRTF_A,37,2.694,143.78,-7.83,14,1
P047,HRTF_A,37,2.708,143.57,-8.06,14,1
P047,HRTF_A,37,2.722,143.41,-8.32,14,1
P047,HRTF_A,37,2.735,143.21,-8.62,14,1
P047,HRTF_A,37,2.749,143.01,-8.88,14,1
P047,HRTF_A,37,2.763,142.80,-9.03,14,1
P047,HRTF_A,37,2.777,142.56,-9.13,14,1
P047,HRTF_A,37,2.791,142.35,-9.29,14,1
P047,HRTF_A,37,2.805,142.12,-9.36,14,1
P047,HRTF_A,37,2.819,141.93,-9.53,14,1
P047,HRTF_A,37,2.833,141.74,-9.66,14,1
P047,HRTF_A,37,2.847,141.54,-9.78,14,1
P047,HRTF_A,37,2.860,141.35,-9.92,14,1
P047,HRTF_A,37,2.874,141.20,-10.04,14,1
P047,HRTF_A,37,2.888,141.06,-10.17,14,1
P047,HRTF_A,37,2.902,140.92,-10.32,14,1
P047,HRTF_A,37,2.916,140.75,-10.45,14,1
P047,HRTF_A,37,2.930,140.56,-10.53,14,1
P047,HRTF_A,37,2.944,140.36,-10.60,14,1
P047,HRTF_A,37,2.958,140.16,-10.59,14,1
P047,HRTF_A,37,2.972,139.96,-10.59,14,1
P047,HRTF_A,37,2.985,139.75,-10.55,14,1
P047,HRTF_A,37,2.999,139.56,-10.53,14,1
P047,HRTF_A,37,3.013,139.31,-10.48,14,1
P047,HRTF_A,37,3.027,139.06,-10.45,14,1
P047,HRTF_A,37,3.041,138.82,-10.43,14,1
P047,HRTF_A,37,3.055,138.60,-10.42,14,1
P047,HRTF_A,37,3.069,138.36,-10.43,14,1
P047,HRTF_A,37,3.083,138.16,-10.44,14,1
P047,HRTF_A,37,3.097,137.95,-10.45,14,1
P047,HRTF_A,37,3.110,137.74,-10.47,14,1
P047,HRTF_A,37,3.124,137.54,-10.50,14,1
P047,HRTF_A,37,3.138,137.35,-10.54,14,1
P047,HRTF_A,37,3.152,137.18,-10.58,14,1
P047,HRTF_A,37,3.166,137.01,-10.60,14,1
P047,HRTF_A,37,3.180,136.84,-10.61,14,1
P047,HRTF_A,37,3.194,136.67,-10.66,14,1
P047,HRTF_A,37,3.208,136.51,-10.69,14,1
P047,HRTF_A,37,3.222,136.36,-10.71,14,1
P047,HRTF_A,37,3.235,136.19,-10.70,14,1
P047,HRTF_A,37,3.249,136.03,-10.70,14,1
P047,HRTF_A,37,3.263,135.87,-10.68,14,1
P047,HRTF_A,37,3.277,135.69,-10.67,14,1
P047,HRTF_A,37,3.291,135.52,-10.67,14,1
P047,HRTF_A,37,3.305,135.35,-10.69,14,1
P047,HRTF_A,37,3.319,135.18,-10.72,14,1
P047,HRTF_A,37,3.333,135.01,-10.76,14,1
P047,HRTF_A,37,3.347,134.84,-10.82,14,1
P047,HRTF_A,37,3.360,134.66,-10.88,14,1
P047,HRTF_A,37,3.374,134.48,-10.92,14,1
P047,HRTF_A,37,3.388,134.28,-10.96,14,1
P047,HRTF_A,37,3.402,134.08,-10.99,14,1
P047,HRTF_A,37,3.416,133.88,-11.01,14,1
P047,HRTF_A,37,3.430,133.69,-11.03,14,1
P047,HRTF_A,37,3.444,133.49,-11.07,14,1
P047,HRTF_A,38,0.014,-0.25,1.08,31,1
P047,HRTF_A,38,0.028,-0.49,0.99,31,1
P047,HRTF_A,38,0.042,-0.72,0.91,31,1
P047,HRTF_A,38,0.056,-0.92,0.84,31,1
P047,HRTF_A,38,0.070,-1.12,0.74,31,1
P047,HRTF_A,38,0.084,-1.33,0.69,31,1
P047,HRTF_A,38,0.097,-1.50,0.63,31,1
P047,HRTF_A,38,0.111,-1.67,0.61,31,1
P047,HRTF_A,38,0.125,-1.83,0.59,31,1
P047,HRTF_A,38,0.139,-1.97,0.55,31,1
P047,HRTF_A,38,0.153,-2.11,0.52,31,1
P047,HRTF_A,38,0.167,-2.23,0.48,31,1
P047,HRTF_A,38,0.181,-2.33,0.46,31,1
P047,HRTF_A,38,0.195,-2.45,0.43,31,1
P047,HRTF_A,38,0.209,-2.55,0.42,31,1
P047,HRTF_A,38,0.222,-2.66,0.40,31,1
P047,HRTF_A,38,0.236,-2.77,0.40,31,1
P047,HRTF_A,38,0.250,-2.87,0.41,31,1
P047,HRTF_A,38,0.264,-2.98,0.41,31,1
P047,HRTF_A,38,0.278,-3.09,0.42,31,1
P047,HRTF_A,38,0.292,-3.19,0.44,31,1
P047,HRTF_A,38,0.306,-3.29,0.40,31,1
P047,HRTF_A,38,0.320,-3.40,0.38,31,1
P047,HRTF_A,38,0.334,-3.50,0.36,31,1
P047,HRTF_A,38,0.348,-3.59,0.34,31,1
P047,HRTF_A,38,0.362,-3.68,0.34,31,1
P047,HRTF_A,38,0.375,-3.76,0.34,31,1
P047,HRTF_A,38,0.389,-3.83,0.34,31,1
P047,HRTF_A,38,0.403,-3.88,0.32,31,1
P047,HRTF_A,38,0.417,-3.94,0.29,31,1
P047,HRTF_A,38,0.431,-3.98,0.29,31,1
P047,HRTF_A,38,0.445,-4.01,0.28,31,1
P047,HRTF_A,38,0.459,-4.02,0.31,31,1
P047,HRTF_A,38,0.473,-4.04,0.33,31,1
P047,HRTF_A,38,0.486,-4.03,0.34,31,1
P047,HRTF_A,38,0.500,-4.04,0.33,31,1
P047,HRTF_A,38,0.514,-4.02,0.29,31,1
P047,HRTF_A,38,0.528,-3.98,0.27,31,1
P047,HRTF_A,38,0.542,-3.91,0.26,31,1
P047,HRTF_A,38,0.556,-3.82,0.24,31,1
P047,HRTF_A,38,0.570,-3.74,0.24,31,1
P047,HRTF_A,38,0.584,-3.63,0.24,31,1
P047,HRTF_A,38,0.598,-3.52,0.25,31,1
P047,HRTF_A,38,0.612,-3.39,0.24,31,1
P047,HRTF_A,38,0.625,-3.25,0.23,31,1
P047,HRTF_A,38,0.639,-3.11,0.22,31,1
P047,HRTF_A,38,0.653,-2.92,0.21,31,1
P047,HRTF_A,38,0.667,-2.75,0.21,31,1
P047,HRTF_A,38,0.681,-2.57,0.21,31,1
P047,HRTF_A,38,0.695,-2.38,0.23,31,1
P047,HRTF_A,38,0.709,-2.21,0.24,31,1
P047,HRTF_A,38,0.723,-2.04,0.24,31,1
P047,HRTF_A,38,0.737,-1.85,0.24,31,1
P047,HRTF_A,38,0.750,-1.67,0.24,31,1
P047,HRTF_A,38,0.764,-1.48,0.25,31,1
P047,HRTF_A,38,0.778,-1.27,0.25,31,1
P047,HRTF_A,38,0.792,-1.04,0.26,31,1
P047,HRTF_A,38,0.806,-0.81,0.26,31,1
P047,HRTF_A,38,0.820,-0.56,0.28,31,1
P047,HRTF_A,38,0.834,-0.28,0.27,31,1
P047,HRTF_A,38,0.848,0.01,0.27,31,1
P047,HRTF_A,38,0.862,0.32,0.29,31,1
P047,HRTF_A,38,0.875,0.66,0.28,31,1
P047,HRTF_A,38,0.889,1.00,0.29,31,1
P047,HRTF_A,38,0.903,1.36,0.26,31,1
P047,HRTF_A,38,0.917,1.72,0.25,31,1
P047,HRTF_A,38,0.931,2.12,0.26,31,1
P047,HRTF_A,38,0.945,2.52,0.22,31,1
P047,HRTF_A,38,0.959,2.91,0.23,31,1
P047,HRTF_A,38,0.973,3.32,0.22,31,1
P047,HRTF_A,38,0.987,3.72,0.22,31,1
P047,HRTF_A,38,1.000,4.16,0.21,31,1
P047,HRTF_A,38,1.014,4.60,0.25,31,1
P047,HRTF_A,38,1.028,5.08,0.26,31,1
P047,HRTF_A,38,1.042,5.60,0.28,31,1
P047,HRTF_A,38,1.056,6.18,0.29,31,1
P047,HRTF_A,38,1.070,6.90,0.35,31,1
P047,HRTF_A,38,1.084,7.71,0.39,31,1
P047,HRTF_A,38,1.098,8.55,0.42,31,1
P047,HRTF_A,38,1.111,9.48,0.46,31,1
P047,HRTF_A,38,1.126,10.56,0.55,31,1
P047,HRTF_A,38,1.139,11.64,0.57,31,1
P047,HRTF_A,38,1.153,12.84,0.63,31,1
P047,HRTF_A,38,1.167,14.05,0.68,31,1
P047,HRTF_A,38,1.181,15.35,0.71,31,1
P047,HRTF_A,38,1.195,16.73,0.70,31,1
P047,HRTF_A,38,1.209,18.28,0.71,31,1
P047,HRTF_A,38,1.223,19.90,0.71,31,1
P047,HRTF_A,38,1.236,21.59,0.77,31,1
P047,HRTF_A,38,1.250,23.28,0.82,31,1
P047,HRTF_A,38,1.264,25.03,0.88,31,1
P047,HRTF_A,38,1.278,26.73,0.92,31,1
P047,HRTF_A,38,1.292,28.40,0.90,31,1
P047,HRTF_A,38,1.306,30.09,0.93,31,1
P047,HRTF_A,38,1.320,31.84,0.92,31,1
P047,HRTF_A,38,1.334,33.58,0.97,31,1
P047,HRTF_A,38,1.348,35.36,1.00,31,1
P047,HRTF_A,38,1.362,37.18,1.01,31,1
P047,HRTF_A,38,1.376,38.91,1.06,31,1
P047,HRTF_A,38,1.389,40.72,1.12,31,1
P047,HRTF_A,38,1.403,42.49,1.20,31,1
P047,HRTF_A,38,1.417,44.26,1.22,31,1
P047,HRTF_A,38,1.431,46.02,1.28,31,1
P047,HRTF_A,38,1.445,47.76,1.31,31,1
P047,HRTF_A,38,1.458,49.41,1.34,31,1
P047,HRTF_A,38,1.472,51.02,1.39,31,1
P047,HRTF_A,38,1.486,52.55,1.38,31,1
P047,HRTF_A,38,1.500,54.08,1.40,31,1
P047,HRTF_A,38,1.514,55.54,1.44,31,1
P047,HRTF_A,38,1.528,56.96,1.51,31,1
P047,HRTF_A,38,1.542,58.31,1.59,31,1
P047,HRTF_A,38,1.556,59.60,1.63,31,1
P047,HRTF_A,38,1.570,60.81,1.62,31,1
P047,HRTF_A,38,1.584,61.89,1.57,31,1
P047,HRTF_A,38,1.597,62.97,1.53,31,1
P047,HRTF_A,38,1.611,63.86,1.42,31,1
P047,HRTF_A,38,1.625,64.76,1.34,31,1
P047,HRTF_A,38,1.639,65.55,1.22,31,1
P047,HRTF_A,38,1.653,66.30,1.15,31,1
P047,HRTF_A,38,1.667,66.94,1.09,31,1
P047,HRTF_A,38,1.681,67.53,1.00,31,1
P047,HRTF_A,38,1.694,68.00,0.91,31,1
P047,HRTF_A,38,1.709,68.41,0.84,31,1
P047,HRTF_A,38,1.722,68.68,0.77,31,1
P047,HRTF_A,38,1.736,68.98,0.69,31,1
P047,HRTF_A,38,1.750,69.16,0.58,31,1
P047,HRTF_A,38,1.764,69.33,0.51,31,1
P047,HRTF_A,38,1.778,69.36,0.38,31,1
P047,HRTF_A,38,1.792,69.35,0.26,31,1
P047,HRTF_A,38,1.806,69.25,0.15,31,1
P047,HRTF_A,38,1.820,69.10,0.05,31,1
P047,HRTF_A,38,1.834,68.81,-0.06,31,1
P047,HRTF_A,38,1.847,68.51,-0.17,31,1
P047,HRTF_A,38,1.861,68.08,-0.32,31,1
P047,HRTF_A,38,1.875,67.59,-0.42,31,1
P047,HRTF_A,38,1.889,67.05,-0.55,31,1
P047,HRTF_A,38,1.903,66.41,-0.66,31,1
P047,HRTF_A,38,1.917,65.62,-0.72,31,1
P047,HRTF_A,38,1.931,64.83,-0.82,31,1
P047,HRTF_A,38,1.945,63.86,-0.89,31,1
P047,HRTF_A,38,1.958,62.84,-0.88,31,1
P047,HRTF_A,38,1.972,61.70,-0.89,31,1
P047,HRTF_A,38,1.986,60.55,-0.87,31,1
P047,HRTF_A,38,2.000,59.31,-0.84,31,1
P047,HRTF_A,38,2.014,58.00,-0.82,31,1
P047,HRTF_A,38,2.028,56.63,-0.77,31,1
P047,HRTF_A,38,2.042,55.19,-0.78,31,1
P047,HRTF_A,38,2.056,53.62,-0.71,31,1
P047,HRTF_A,38,2.070,51.97,-0.73,31,1
P047,HRTF_A,38,2.083,50.32,-0.72,31,1
P047,HRTF_A,38,2.097,48.54,-0.72,31,1
P047,HRTF_A,38,2.111,46.64,-0.74,31,1
P047,HRTF_A,38,2.125,44.66,-0.76,31,1
P047,HRTF_A,38,2.139,42.64,-0.80,31,1
P047,HRTF_A,38,2.153,40.63,-0.86,31,1
P047,HRTF_A,38,2.167,38.42,-0.92,31,1
P047,HRTF_A,38,2.181,36.31,-1.00,31,1
P047,HRTF_A,38,2.195,34.15,-1.09,31,1
P047,HRTF_A,38,2.209,32.05,-1.16,31,1
P047,HRTF_A,38,2.222,29.97,-1.18,31,1
P047,HRTF_A,38,2.236,27.84,-1.16,31,1
P047,HRTF_A,38,2.250,25.78,-1.07,31,1
P047,HRTF_A,38,2.264,23.69,-1.00,31,1
P047,HRTF_A,38,2.278,21.65,-0.96,31,1
P047,HRTF_A,38,2.292,19.54,-1.08,31,1
P047,HRTF_A,38,2.306,17.41,-1.23,31,1
P047,HRTF_A,38,2.320,15.27,-1.39,31,1
P047,HRTF_A,38,2.334,13.09,-1.53,31,1
P047,HRTF_A,38,2.347,10.91,-1.61,31,1
P047,HRTF_A,38,2.361,8.71,-1.74,31,1
P047,HRTF_A,38,2.375,6.45,-1.89,31,1
P047,HRTF_A,38,2.389,4.21,-2.14,31,1
P047,HRTF_A,38,2.403,1.99,-2.45,31,1
P047,HRTF_A,38,2.417,-0.18,-2.67,31,1
P047,HRTF_A,38,2.430,-2.42,-2.73,31,1
P047,HRTF_A,38,2.444,-4.62,-2.78,31,1
P047,HRTF_A,38,2.459,-6.77,-2.91,31,1
P047,HRTF_A,38,2.472,-8.92,-3.03,31,1
P047,HRTF_A,38,2.486,-11.01,-3.20,31,1
P047,HRTF_A,38,2.500,-13.03,-3.27,31,1
P047,HRTF_A,38,2.514,-15.01,-3.28,31,1
P047,HRTF_A,38,2.528,-16.95,-3.22,31,1
P047,HRTF_A,38,2.541,-18.91,-3.16,31,1
P047,HRTF_A,38,2.555,-20.87,-3.24,31,1
P047,HRTF_A,38,2.569,-22.81,-3.37,31,1
P047,HRTF_A,38,2.583,-24.71,-3.55,31,1
P047,HRTF_A,38,2.597,-26.52,-3.66,31,1
P047,HRTF_A,38,2.611,-28.27,-3.78,31,1
P047,HRTF_A,38,2.625,-29.98,-3.97,31,1
P047,HRTF_A,38,2.639,-31.64,-4.13,31,1
P047,HRTF_A,38,2.653,-33.25,-4.31,31,1
P047,HRTF_A,38,2.667,-34.82,-4.51,31,1
P047,HRTF_A,38,2.680,-36.31,-4.79,31,1
P047,HRTF_A,38,2.694,-37.79,-5.04,31,1
P047,HRTF_A,38,2.708,-39.18,-5.23,31,1
P047,HRTF_A,38,2.722,-40.56,-5.38,31,1
P047,HRTF_A,38,2.736,-41.91,-5.53,31,1
P047,HRTF_A,38,2.750,-43.27,-5.59,31,1
P047,HRTF_A,38,2.764,-44.61,-5.67,31,1
P047,HRTF_A,38,2.778,-45.90,-5.69,31,1
P047,HRTF_A,38,2.792,-47.22,-5.75,31,1
P047,HRTF_A,38,2.806,-48.49,-5.73,31,1
P047,HRTF_A,38,2.820,-49.78,-5.74,31,1
P047,HRTF_A,38,2.834,-51.07,-5.75,31,1
P047,HRTF_A,38,2.847,-52.37,-5.71,31,1
P047,HRTF_A,38,2.861,-53.63,-5.66,31,1
P047,HRTF_A,38,2.875,-54.95,-5.70,31,1
P047,HRTF_A,38,2.889,-56.29,-5.78,31,1
P047,HRTF_A,38,2.903,-57.61,-5.83,31,1
P047,HRTF_A,38,2.916,-58.98,-5.87,31,1
P047,HRTF_A,38,2.930,-60.32,-5.90,31,1
P047,HRTF_A,38,2.944,-61.64,-5.92,31,1
P047,HRTF_A,38,2.958,-62.91,-5.90,31,1
P047,HRTF_A,38,2.972,-64.20,-5.93,31,1
P047,HRTF_A,38,2.986,-65.35,-5.94,31,1
P047,HRTF_A,38,3.000,-66.51,-5.97,31,1
P047,HRTF_A,38,3.014,-67.60,-6.00,31,1
P047,HRTF_A,38,3.028,-68.70,-6.03,31,1
P047,HRTF_A,38,3.041,-69.78,-6.03,31,1
P047,HRTF_A,38,3.055,-70.83,-6.03,31,1
P047,HRTF_A,38,3.069,-71.88,-5.99,31,1
P047,HRTF_A,38,3.083,-72.90,-5.95,31,1
P047,HRTF_A,38,3.097,-73.90,-5.92,31,1
P047,HRTF_A,38,3.111,-74.88,-5.86,31,1
P047,HRTF_A,38,3.125,-75.88,-5.85,31,1
P047,HRTF_A,38,3.139,-76.89,-5.85,31,1
P047,HRTF_A,38,3.153,-77.94,-5.84,31,1
P047,HRTF_A,38,3.166,-78.99,-5.79,31,1
P047,HRTF_A,38,3.180,-80.02,-5.67,31,1
P047,HRTF_A,38,3.194,-80.99,-5.52,31,1
P047,HRTF_A,38,3.208,-81.95,-5.40,31,1
P047,HRTF_A,38,3.222,-82.86,-5.24,31,1
P047,HRTF_A,38,3.236,-83.77,-5.06,31,1
P047,HRTF_A,38,3.250,-84.64,-4.87,31,1
P047,HRTF_A,38,3.264,-85.52,-4.61,31,1
P047,HRTF_A,38,3.278,-86.37,-4.36,31,1
P047,HRTF_A,38,3.291,-87.28,-4.03,31,1
P047,HRTF_A,38,3.305,-88.25,-3.76,31,1
P047,HRTF_A,38,3.319,-89.21,-3.50,31,1
P047,HRTF_A,38,3.333,-90.18,-3.24,31,1
P047,HRTF_A,38,3.347,-91.16,-2.90,31,1
P047,HRTF_A,38,3.361,-92.16,-2.47,31,1
P047,HRTF_A,38,3.375,-93.15,-2.03,31,1
P047,HRTF_A,38,3.388,-94.13,-1.44,31,1
P047,HRTF_A,38,3.403,-95.08,-0.80,31,1
P047,HRTF_A,38,3.417,-96.01,-0.09,31,1
P047,HRTF_A,38,3.430,-96.91,0.63,31,1
P047,HRTF_A,38,3.444,-97.82,1.47,31,1
P047,HRTF_A,38,3.458,-98.64,2.32,31,1
P047,HRTF_A,38,3.472,-99.42,3.20,31,1
P047,HRTF_A,38,3.486,-100.12,4.02,31,1
P047,HRTF_A,38,3.500,-100.83,4.83,31,1
P047,HRTF_A,38,3.513,-101.49,5.60,31,1
P047,HRTF_A,38,3.528,-102.09,6.39,31,1
P047,HRTF_A,38,3.541,-102.68,7.17,31,1
P047,HRTF_A,38,3.555,-103.21,7.81,31,1
P047,HRTF_A,38,3.569,-103.80,8.29,31,1
P047,HRTF_A,38,3.583,-104.40,8.61,31,1
P047,HRTF_A,38,3.597,-104.96,8.88,31,1
P047,HRTF_A,38,3.611,-105.51,9.08,31,1
P047,HRTF_A,38,3.625,-106.07,9.27,31,1
P047,HRTF_A,38,3.639,-106.62,9.42,31,1
P047,HRTF_A,38,3.652,-107.17,9.36,31,1
P047,HRTF_A,38,3.666,-107.73,9.24,31,1
P047,HRTF_A,38,3.680,-108.35,8.92,31,1
P047,HRTF_A,38,3.694,-108.93,8.63,31,1
P047,HRTF_A,38,3.708,-109.52,8.13,31,1
P047,HRTF_A,38,3.722,-110.11,7.73,31,1
P047,HRTF_A,38,3.736,-110.65,7.27,31,1
P047,HRTF_A,38,3.750,-111.18,6.86,31,1
P047,HRTF_A,38,3.763,-111.69,6.46,31,1
P047,HRTF_A,38,3.777,-112.24,6.08,31,1
P047,HRTF_A,38,3.791,-112.76,5.74,31,1
P047,HRTF_A,38,3.805,-113.28,5.40,31,1
P047,HRTF_A,38,3.819,-113.76,5.11,31,1
P047,HRTF_A,38,3.833,-114.20,4.87,31,1
P047,HRTF_A,38,3.847,-114.67,4.64,31,1
P047,HRTF_A,38,3.861,-115.11,4.42,31,1
P047,HRTF_A,38,3.875,-115.58,4.20,31,1
P047,HRTF_A,38,3.889,-116.11,3.99,31,1
P047,HRTF_A,38,3.902,-116.60,3.81,31,1
P047,HRTF_A,38,3.916,-117.11,3.59,31,1
P047,HRTF_A,38,3.930,-117.60,3.35,31,1
P047,HRTF_A,38,3.944,-118.15,3.21,31,1
P047,HRTF_A,38,3.958,-118.69,3.04,31,1
P047,HRTF_A,38,3.972,-119.26,2.92,31,1
P047,HRTF_A,38,3.986,-119.79,2.91,31,1
P047,HRTF_A,38,4.000,-120.32,2.94,31,1
P047,HRTF_A,38,4.013,-120.80,3.13,31,1
P047,HRTF_A,38,4.028,-121.28,3.36,31,1
P047,HRTF_A,38,4.041,-121.69,3.66,31,1
P047,HRTF_A,38,4.055,-122.06,3.94,31,1
P047,HRTF_A,38,4.069,-122.39,4.25,31,1
P047,HRTF_A,38,4.083,-122.66,4.59,31,1
P047,HRTF_A,38,4.097,-122.97,4.93,31,1
P047,HRTF_A,38,4.111,-123.21,5.41,31,1
P047,HRTF_A,38,4.125,-123.48,5.92,31,1
P047,HRTF_A,38,4.139,-123.76,6.48,31,1
P047,HRTF_A,38,4.153,-124.02,7.15,31,1
P047,HRTF_A,38,4.166,-124.26,7.86,31,1
P047,HRTF_A,38,4.180,-124.50,8.66,31,1
P047,HRTF_A,38,4.194,-124.74,9.50,31,1
P047,HRTF_A,38,4.208,-125.05,10.28,31,1
P047,HRTF_A,38,4.222,-125.33,10.94,31,1
P047,HRTF_A,38,4.236,-125.55,11.46,31,1
P047,HRTF_A,38,4.250,-125.81,11.88,31,1
P047,HRTF_A,38,4.263,-126.12,12.35,31,1
P047,HRTF_A,38,4.277,-126.47,12.73,31,1
P047,HRTF_A,38,4.291,-126.80,13.19,31,1
P047,HRTF_A,38,4.305,-127.09,13.59,31,1
P047,HRTF_A,38,4.319,-127.40,13.99,31,1
P047,HRTF_A,38,4.333,-127.66,14.38,31,1
P047,HRTF_A,38,4.347,-127.88,14.56,31,1
P047,HRTF_A,38,4.361,-128.11,14.75,31,1
P047,HRTF_A,38,4.375,-128.34,14.83,31,1
P047,HRTF_A,38,4.389,-128.55,14.56,31,1
P047,HRTF_A,38,4.402,-128.67,14.41,31,1
P047,HRTF_A,38,4.416,-128.75,14.28,31,1
P047,HRTF_A,38,4.430,-128.80,14.05,31,1
P047,HRTF_A,38,4.444,-128.87,13.74,31,1
P047,HRTF_A,38,4.458,-128.94,13.24,31,1
P047,HRTF_A,38,4.472,-128.99,12.63,31,1
P047,HRTF_A,38,4.486,-129.02,12.06,31,1
P047,HRTF_A,38,4.499,-128.99,11.22,31,1
P047,HRTF_A,38,4.513,-128.93,10.25,31,1
P047,HRTF_A,38,4.528,-128.89,9.37,31,1
P047,HRTF_A,38,4.541,-128.82,8.55,31,1
P047,HRTF_A,38,4.555,-128.71,7.68,31,1
P047,HRTF_A,38,4.569,-128.39,6.49,31,1
P047,HRTF_A,38,4.583,-128.04,5.14,31,1
P047,HRTF_A,38,4.597,-127.62,3.68,31,1
P047,HRTF_A,38,4.611,-127.24,2.07,31,1
P047,HRTF_A,38,4.624,-126.86,0.13,31,1
P047,HRTF_A,38,4.638,-126.44,-2.35,31,1
P047,HRTF_A,38,4.652,-126.05,-4.83,31,1
P047,HRTF_A,38,4.666,-125.67,-6.83,31,1
P047,HRTF_A,38,4.680,-125.37,-8.57,31,1
P047,HRTF_A,38,4.694,-125.08,-9.86,31,1
P047,HRTF_A,38,4.708,-124.80,-11.14,31,1
P047,HRTF_A,38,4.722,-124.51,-12.52,31,1
P047,HRTF_A,38,4.736,-124.21,-14.00,31,1
P047,HRTF_A,38,4.749,-123.96,-15.34,31,1
P047,HRTF_A,38,4.763,-123.70,-16.52,31,1
P047,HRTF_A,38,4.777,-123.43,-17.67,31,1
P047,HRTF_A,38,4.791,-123.16,-18.91,31,1
P047,HRTF_A,38,4.805,-122.88,-20.21,31,1
P047,HRTF_A,38,4.819,-122.67,-21.56,31,1
P047,HRTF_A,38,4.833,-122.57,-22.65,31,1
P047,HRTF_A,38,4.847,-122.29,-23.91,31,1
P047,HRTF_A,38,4.861,-121.93,-25.52,31,1
P047,HRTF_A,38,4.875,-121.43,-27.43,31,1
P047,HRTF_A,38,4.889,-120.87,-29.44,31,1
P047,HRTF_A,38,4.902,-120.35,-30.95,31,1
P047,HRTF_A,38,4.916,-119.81,-32.24,31,1
P047,HRTF_A,38,4.930,-119.29,-33.26,31,1
P047,HRTF_A,38,4.944,-118.75,-34.24,31,1
P047,HRTF_A,38,4.958,-118.26,-35.21,31,1
P047,HRTF_A,38,4.972,-117.89,-36.27,31,1
P047,HRTF_A,38,4.985,-117.65,-37.25,31,1
P047,HRTF_A,38,5.000,-117.45,-38.13,31,1
P047,HRTF_A,38,5.013,-117.28,-39.06,31,1
P047,HRTF_A,38,5.027,-117.07,-39.86,31,1
P047,HRTF_A,38,5.041,-116.87,-40.55,31,1
P047,HRTF_A,38,5.055,-116.68,-41.16,31,1
P047,HRTF_A,38,5.069,-116.53,-41.86,31,1
P047,HRTF_A,38,5.083,-116.40,-42.44,31,1
P047,HRTF_A,38,5.097,-116.32,-43.06,31,1
P047,HRTF_A,38,5.111,-116.22,-43.68,31,1
P047,HRTF_A,38,5.125,-116.19,-44.24,31,1
P047,HRTF_A,38,5.139,-116.35,-44.68,31,1
P047,HRTF_A,38,5.153,-116.59,-45.06,31,1
P047,HRTF_A,38,5.166,-116.89,-45.28,31,1
P047,HRTF_A,38,5.180,-117.20,-45.48,31,1
P047,HRTF_A,38,5.194,-117.67,-45.50,31,1
P047,HRTF_A,38,5.208,-118.08,-45.59,31,1
P047,HRTF_A,38,5.222,-118.58,-45.67,31,1
P047,HRTF_A,38,5.236,-119.06,-45.79,31,1
P047,HRTF_A,38,5.250,-119.63,-45.83,31,1
P047,HRTF_A,38,5.264,-120.24,-45.86,31,1
P047,HRTF_A,38,5.277,-120.87,-45.80,31,1
P047,HRTF_A,38,5.291,-121.53,-45.77,31,1
P047,HRTF_A,38,5.305,-122.08,-45.71,31,1
P047,HRTF_A,38,5.319,-122.54,-45.72,31,1
P047,HRTF_A,38,5.333,-122.83,-45.74,31,1
P047,HRTF_A,38,5.347,-122.99,-45.82,31,1
P047,HRTF_A,38,5.361,-122.88,-45.90,31,1
P047,HRTF_A,38,5.375,-122.36,-45.99,31,1
P047,HRTF_A,38,5.389,-121.57,-46.11,31,1
P047,HRTF_A,38,5.402,-120.34,-46.32,31,1
P047,HRTF_A,38,5.416,-118.89,-46.55,31,1
P047,HRTF_A,38,5.430,-117.44,-46.86,31,1
P047,HRTF_A,38,5.444,-115.97,-47.03,31,1
P047,HRTF_A,38,5.458,-114.43,-47.20,31,1
P047,HRTF_A,38,5.472,-112.83,-47.34,31,1
P047,HRTF_A,38,5.486,-111.32,-47.45,31,1
P047,HRTF_A,38,5.499,-109.70,-47.50,31,1
P047,HRTF_A,38,5.513,-108.14,-47.52,31,1
P047,HRTF_A,38,5.527,-106.55,-47.51,31,1
P047,HRTF_A,38,5.541,-105.04,-47.45,31,1
P047,HRTF_A,38,5.555,-103.51,-47.32,31,1
P047,HRTF_A,38,5.569,-102.08,-47.18,31,1
P047,HRTF_A,38,5.583,-100.90,-47.20,31,1
P047,HRTF_A,38,5.597,-99.66,-47.12,31,1
P047,HRTF_A,38,5.611,-98.57,-47.02,31,1
P047,HRTF_A,38,5.625,-97.61,-46.92,31,1
P047,HRTF_A,38,5.639,-96.67,-46.77,31,1
P047,HRTF_A,38,5.652,-95.89,-46.67,31,1
P047,HRTF_A,38,5.666,-95.10,-46.60,31,1
P047,HRTF_A,38,5.680,-94.35,-46.56,31,1
P047,HRTF_A,38,5.694,-93.59,-46.54,31,1
P047,HRTF_A,38,5.708,-92.89,-46.50,31,1
P047,HRTF_A,38,5.722,-92.22,-46.41,31,1
P047,HRTF_A,38,5.736,-91.58,-46.34,31,1
P047,HRTF_A,38,5.750,-90.87,-46.24,31,1
P047,HRTF_A,38,5.763,-90.16,-46.27,31,1
P047,HRTF_A,38,5.777,-89.48,-46.27,31,1
P047,HRTF_A,38,5.791,-88.84,-46.26,31,1
P047,HRTF_A,38,5.805,-88.23,-46.21,31,1
P047,HRTF_A,38,5.819,-87.66,-46.09,31,1
P047,HRTF_A,38,5.833,-87.09,-45.95,31,1
P047,HRTF_A,38,5.847,-86.44,-45.79,31,1
P047,HRTF_A,38,5.861,-85.78,-45.66,31,1
P047,HRTF_A,39,0.014,-2.76,0.46,13,1
P047,HRTF_A,39,0.028,-2.61,0.35,13,1
P047,HRTF_A,39,0.042,-2.42,0.31,13,1
P047,HRTF_A,39,0.056,-2.22,0.29,13,1
P047,HRTF_A,39,0.070,-2.03,0.27,13,1
P047,HRTF_A,39,0.083,-1.82,0.27,13,1
P047,HRTF_A,39,0.097,-1.61,0.27,13,1
P047,HRTF_A,39,0.111,-1.40,0.29,13,1
P047,HRTF_A,39,0.125,-1.19,0.32,13,1
P047,HRTF_A,39,0.139,-1.00,0.34,13,1
P047,HRTF_A,39,0.153,-0.82,0.38,13,1
P047,HRTF_A,39,0.167,-0.65,0.42,13,1
P047,HRTF_A,39,0.180,-0.47,0.43,13,1
P047,HRTF_A,39,0.194,-0.32,0.46,13,1
P047,HRTF_A,39,0.208,-0.16,0.48,13,1
P047,HRTF_A,39,0.222,-0.03,0.51,13,1
P047,HRTF_A,39,0.236,0.12,0.54,13,1
P047,HRTF_A,39,0.250,0.27,0.57,13,1
P047,HRTF_A,39,0.264,0.40,0.56,13,1
P047,HRTF_A,39,0.278,0.54,0.50,13,1
P047,HRTF_A,39,0.292,0.67,0.41,13,1
P047,HRTF_A,39,0.306,0.78,0.31,13,1
P047,HRTF_A,39,0.319,0.91,0.25,13,1
P047,HRTF_A,39,0.333,1.04,0.20,13,1
P047,HRTF_A,39,0.347,1.18,0.19,13,1
P047,HRTF_A,39,0.361,1.32,0.18,13,1
P047,HRTF_A,39,0.375,1.49,0.17,13,1
P047,HRTF_A,39,0.389,1.67,0.15,13,1
P047,HRTF_A,39,0.403,1.86,0.13,13,1
P047,HRTF_A,39,0.417,2.06,0.12,13,1
P047,HRTF_A,39,0.431,2.30,0.08,13,1
P047,HRTF_A,39,0.445,2.53,0.04,13,1
P047,HRTF_A,39,0.459,2.76,0.00,13,1
P047,HRTF_A,39,0.473,2.98,-0.05,13,1
P047,HRTF_A,39,0.486,3.19,-0.10,13,1
P047,HRTF_A,39,0.500,3.40,-0.11,13,1
P047,HRTF_A,39,0.514,3.58,-0.12,13,1
P047,HRTF_A,39,0.528,3.75,-0.13,13,1
P047,HRTF_A,39,0.542,3.89,-0.11,13,1
P047,HRTF_A,39,0.556,4.03,-0.11,13,1
P047,HRTF_A,39,0.569,4.13,-0.09,13,1
P047,HRTF_A,39,0.583,4.23,-0.05,13,1
P047,HRTF_A,39,0.597,4.31,-0.05,13,1
P047,HRTF_A,39,0.611,4.41,-0.04,13,1
P047,HRTF_A,39,0.625,4.51,0.01,13,1
P047,HRTF_A,39,0.639,4.59,0.06,13,1
P047,HRTF_A,39,0.653,4.67,0.11,13,1
P047,HRTF_A,39,0.667,4.74,0.17,13,1
P047,HRTF_A,39,0.680,4.80,0.20,13,1
P047,HRTF_A,39,0.694,4.86,0.21,13,1
P047,HRTF_A,39,0.708,4.92,0.21,13,1
P047,HRTF_A,39,0.722,4.98,0.23,13,1
P047,HRTF_A,39,0.736,5.04,0.24,13,1
P047,HRTF_A,39,0.750,5.10,0.26,13,1
P047,HRTF_A,39,0.764,5.17,0.28,13,1
P047,HRTF_A,39,0.778,5.23,0.31,13,1
P047,HRTF_A,39,0.792,5.31,0.32,13,1
P047,HRTF_A,39,0.806,5.38,0.28,13,1
P047,HRTF_A,39,0.819,5.46,0.25,13,1
P047,HRTF_A,39,0.833,5.53,0.20,13,1
P047,HRTF_A,39,0.848,5.62,0.16,13,1
P047,HRTF_A,39,0.861,5.70,0.12,13,1
P047,HRTF_A,39,0.875,5.79,0.06,13,1
P047,HRTF_A,39,0.889,5.88,0.02,13,1
P047,HRTF_A,39,0.903,5.98,-0.02,13,1
P047,HRTF_A,39,0.917,6.07,-0.05,13,1
P047,HRTF_A,39,0.930,6.17,-0.09,13,1
P047,HRTF_A,39,0.944,6.27,-0.11,13,1
P047,HRTF_A,39,0.958,6.37,-0.12,13,1
P047,HRTF_A,39,0.972,6.53,-0.12,13,1
P047,HRTF_A,39,0.986,6.74,-0.15,13,1
P047,HRTF_A,39,1.000,7.03,-0.13,13,1
P047,HRTF_A,39,1.014,7.32,-0.09,13,1
P047,HRTF_A,39,1.028,7.62,-0.02,13,1
P047,HRTF_A,39,1.042,8.05,0.11,13,1
P047,HRTF_A,39,1.055,8.49,0.21,13,1
P047,HRTF_A,39,1.069,9.16,0.29,13,1
P047,HRTF_A,39,1.083,9.83,0.34,13,1
P047,HRTF_A,39,1.097,10.61,0.40,13,1
P047,HRTF_A,39,1.111,11.47,0.49,13,1
P047,HRTF_A,39,1.125,12.31,0.59,13,1
P047,HRTF_A,39,1.139,13.21,0.67,13,1
P047,HRTF_A,39,1.153,14.12,0.80,13,1
P047,HRTF_A,39,1.167,15.12,0.94,13,1
P047,HRTF_A,39,1.180,16.11,1.03,13,1
P047,HRTF_A,39,1.194,17.17,1.18,13,1
P047,HRTF_A,39,1.208,18.29,1.28,13,1
P047,HRTF_A,39,1.222,19.42,1.40,13,1
P047,HRTF_A,39,1.236,20.59,1.45,13,1
P047,HRTF_A,39,1.250,21.79,1.45,13,1
P047,HRTF_A,39,1.264,23.06,1.43,13,1
P047,HRTF_A,39,1.278,24.36,1.39,13,1
P047,HRTF_A,39,1.291,25.72,1.33,13,1
P047,HRTF_A,39,1.305,27.07,1.34,13,1
P047,HRTF_A,39,1.319,28.45,1.30,13,1
P047,HRTF_A,39,1.333,29.95,1.29,13,1
P047,HRTF_A,39,1.347,31.51,1.22,13,1
P047,HRTF_A,39,1.361,33.12,1.15,13,1
P047,HRTF_A,39,1.375,34.85,1.09,13,1
P047,HRTF_A,39,1.389,36.70,1.02,13,1
P047,HRTF_A,39,1.403,38.57,0.93,13,1
P047,HRTF_A,39,1.417,40.59,0.86,13,1
P047,HRTF_A,39,1.431,42.66,0.80,13,1
P047,HRTF_A,39,1.444,44.74,0.77,13,1
P047,HRTF_A,39,1.458,46.98,0.57,13,1
P047,HRTF_A,39,1.472,49.25,0.25,13,1
P047,HRTF_A,39,1.486,51.60,-0.05,13,1
P047,HRTF_A,39,1.500,53.93,-0.27,13,1
P047,HRTF_A,39,1.514,56.20,-0.37,13,1
P047,HRTF_A,39,1.528,58.42,-0.33,13,1
P047,HRTF_A,39,1.542,60.65,-0.28,13,1
P047,HRTF_A,39,1.555,62.82,-0.22,13,1
P047,HRTF_A,39,1.569,64.90,-0.23,13,1
P047,HRTF_A,39,1.583,66.93,-0.34,13,1
P047,HRTF_A,39,1.597,68.75,-0.45,13,1
P047,HRTF_A,39,1.611,70.55,-0.52,13,1
P047,HRTF_A,39,1.625,72.23,-0.57,13,1
P047,HRTF_A,39,1.639,73.82,-0.54,13,1
P047,HRTF_A,39,1.653,75.28,-0.50,13,1
P047,HRTF_A,39,1.666,76.67,-0.38,13,1
P047,HRTF_A,39,1.680,77.89,-0.24,13,1
P047,HRTF_A,39,1.694,79.03,-0.08,13,1
P047,HRTF_A,39,1.708,80.10,0.02,13,1
P047,HRTF_A,39,1.722,81.11,0.09,13,1
P047,HRTF_A,39,1.736,82.08,0.08,13,1
P047,HRTF_A,39,1.750,82.86,0.08,13,1
P047,HRTF_A,39,1.764,83.66,0.19,13,1
P047,HRTF_A,39,1.777,84.48,0.30,13,1
P047,HRTF_A,39,1.792,85.32,0.38,13,1
P047,HRTF_A,39,1.805,86.17,0.45,13,1
P047,HRTF_A,39,1.819,86.99,0.48,13,1
P047,HRTF_A,39,1.833,87.84,0.51,13,1
P047,HRTF_A,39,1.847,88.78,0.53,13,1
P047,HRTF_A,39,1.861,89.88,0.58,13,1
P047,HRTF_A,39,1.875,91.03,0.58,13,1
P047,HRTF_A,39,1.889,92.20,0.62,13,1
P047,HRTF_A,39,1.902,93.33,0.65,13,1
P047,HRTF_A,39,1.916,94.38,0.73,13,1
P047,HRTF_A,39,1.930,95.36,0.81,13,1
P047,HRTF_A,39,1.944,96.27,0.91,13,1
P047,HRTF_A,39,1.958,97.10,1.04,13,1
P047,HRTF_A,39,1.972,97.79,1.14,13,1
P047,HRTF_A,39,1.986,98.44,1.23,13,1
P047,HRTF_A,39,2.000,99.00,1.33,13,1
P047,HRTF_A,39,2.014,99.61,1.42,13,1
P047,HRTF_A,39,2.028,100.16,1.45,13,1
P047,HRTF_A,39,2.041,100.76,1.43,13,1
P047,HRTF_A,39,2.055,101.41,1.49,13,1
P047,HRTF_A,39,2.069,102.03,1.61,13,1
P047,HRTF_A,39,2.083,102.68,1.81,13,1
P047,HRTF_A,39,2.097,103.30,1.99,13,1
P047,HRTF_A,39,2.111,103.94,2.14,13,1
P047,HRTF_A,39,2.125,104.62,2.28,13,1
P047,HRTF_A,39,2.138,105.41,2.35,13,1
P047,HRTF_A,39,2.152,106.18,2.35,13,1
P047,HRTF_A,39,2.166,107.07,2.36,13,1
P047,HRTF_A,39,2.180,107.87,2.34,13,1
P047,HRTF_A,39,2.194,108.68,2.42,13,1
P047,HRTF_A,39,2.208,109.38,2.47,13,1
P047,HRTF_A,39,2.222,110.07,2.43,13,1
P047,HRTF_A,39,2.239,110.71,2.45,13,1
P047,HRTF_A,39,2.253,111.40,2.44,13,1
P047,HRTF_A,39,2.267,112.05,2.43,13,1
P047,HRTF_A,39,2.281,112.72,2.39,13,1
P047,HRTF_A,39,2.295,113.40,2.39,13,1
P047,HRTF_A,39,2.317,113.99,2.40,13,1
P047,HRTF_A,39,2.333,114.59,2.37,13,1
P047,HRTF_A,39,2.347,115.86,2.27,13,1
P047,HRTF_A,39,2.361,116.48,2.26,13,1
P047,HRTF_A,39,2.375,117.06,2.32,13,1
P047,HRTF_A,39,2.389,117.61,2.36,13,1
P047,HRTF_A,39,2.402,118.17,2.30,13,1
P047,HRTF_A,39,2.416,118.77,2.25,13,1
P047,HRTF_A,39,2.430,119.29,2.07,13,1
P047,HRTF_A,39,2.444,119.80,1.93,13,1
P047,HRTF_A,39,2.458,120.20,1.80,13,1
P047,HRTF_A,39,2.472,120.64,1.69,13,1
P047,HRTF_A,39,2.486,121.00,1.58,13,1
P047,HRTF_A,39,2.500,121.38,1.45,13,1
P047,HRTF_A,39,2.514,121.70,1.35,13,1
P047,HRTF_A,39,2.527,121.98,1.27,13,1
P047,HRTF_A,39,2.541,122.18,1.25,13,1
P047,HRTF_A,39,2.556,122.40,1.21,13,1
P047,HRTF_A,39,2.569,122.58,1.17,13,1
P047,HRTF_A,39,2.583,122.79,1.11,13,1
P047,HRTF_A,39,2.597,122.96,0.99,13,1
P047,HRTF_A,39,2.611,123.11,0.91,13,1
P047,HRTF_A,39,2.625,123.18,0.86,13,1
P047,HRTF_A,39,2.639,123.26,0.82,13,1
P047,HRTF_A,39,2.652,123.33,0.77,13,1
P047,HRTF_A,39,2.666,123.42,0.68,13,1
P047,HRTF_A,39,2.680,123.49,0.59,13,1
P047,HRTF_A,39,2.694,123.56,0.50,13,1
P047,HRTF_A,39,2.708,123.62,0.44,13,1
P047,HRTF_A,39,2.722,123.67,0.40,13,1
P047,HRTF_A,39,2.736,123.69,0.36,13,1
P047,HRTF_A,39,2.750,123.73,0.28,13,1
P047,HRTF_A,39,2.764,123.76,0.17,13,1
P047,HRTF_A,39,2.777,123.77,0.05,13,1
P047,HRTF_A,39,2.791,123.75,-0.02,13,1
P047,HRTF_A,39,2.805,123.71,-0.06,13,1
P047,HRTF_A,39,2.819,123.63,-0.09,13,1
P047,HRTF_A,39,2.833,123.50,-0.11,13,1
P047,HRTF_A,39,2.847,123.35,-0.15,13,1
P047,HRTF_A,39,2.861,123.20,-0.19,13,1
P047,HRTF_A,39,2.875,122.95,-0.22,13,1
P047,HRTF_A,39,2.888,122.72,-0.22,13,1
P047,HRTF_A,39,2.902,122.48,-0.18,13,1
P047,HRTF_A,39,2.916,122.23,-0.10,13,1
P047,HRTF_A,39,2.930,121.98,-0.01,13,1
P047,HRTF_A,39,2.944,121.72,0.07,13,1
P047,HRTF_A,39,2.958,121.46,0.17,13,1
P047,HRTF_B,0,0.014,-2.95,0.04,23,1
P047,HRTF_B,0,0.028,-3.13,0.00,23,1
P047,HRTF_B,0,0.042,-3.29,-0.01,23,1
P047,HRTF_B,0,0.056,-3.46,-0.01,23,1
P047,HRTF_B,0,0.069,-3.60,-0.02,23,1
P047,HRTF_B,0,0.083,-3.74,-0.05,23,1
P047,HRTF_B,0,0.097,-3.88,-0.07,23,1
P047,HRTF_B,0,0.111,-4.01,-0.11,23,1
P047,HRTF_B,0,0.125,-4.12,-0.15,23,1
P047,HRTF_B,0,0.139,-4.22,-0.19,23,1
P047,HRTF_B,0,0.153,-4.34,-0.22,23,1
P047,HRTF_B,0,0.167,-4.44,-0.27,23,1
P047,HRTF_B,0,0.181,-4.57,-0.30,23,1
P047,HRTF_B,0,0.194,-4.70,-0.33,23,1
P047,HRTF_B,0,0.208,-4.84,-0.39,23,1
P047,HRTF_B,0,0.223,-4.97,-0.48,23,1
P047,HRTF_B,0,0.236,-5.09,-0.60,23,1
P047,HRTF_B,0,0.250,-5.21,-0.69,23,1
P047,HRTF_B,0,0.264,-5.31,-0.81,23,1
P047,HRTF_B,0,0.278,-5.39,-0.99,23,1
P047,HRTF_B,0,0.292,-5.39,-1.36,23,1
P047,HRTF_B,0,0.305,-5.38,-1.71,23,1
P047,HRTF_B,0,0.319,-5.19,-2.20,23,1
P047,HRTF_B,0,0.333,-5.04,-2.60,23,1
P047,HRTF_B,0,0.347,-4.85,-3.04,23,1
P047,HRTF_B,0,0.361,-4.68,-3.56,23,1
P047,HRTF_B,0,0.375,-4.53,-4.06,23,1
P047,HRTF_B,0,0.389,-4.36,-4.53,23,1
P047,HRTF_B,0,0.403,-4.12,-5.13,23,1
P047,HRTF_B,0,0.417,-3.89,-5.79,23,1
P047,HRTF_B,0,0.430,-3.66,-6.42,23,1
P047,HRTF_B,0,0.444,-3.41,-6.90,23,1
P047,HRTF_B,0,0.458,-3.09,-7.48,23,1
P047,HRTF_B,0,0.472,-2.77,-8.17,23,1
P047,HRTF_B,0,0.486,-2.24,-8.97,23,1
P047,HRTF_B,0,0.500,-1.67,-9.79,23,1
P047,HRTF_B,0,0.514,-0.99,-10.39,23,1
P047,HRTF_B,0,0.528,-0.32,-10.94,23,1
P047,HRTF_B,0,0.541,0.58,-11.41,23,1
P047,HRTF_B,0,0.555,1.69,-11.89,23,1
P047,HRTF_B,0,0.569,3.05,-12.30,23,1
P047,HRTF_B,0,0.583,4.43,-12.69,23,1
P047,HRTF_B,0,0.597,5.87,-12.77,23,1
P047,HRTF_B,0,0.611,7.28,-12.93,23,1
P047,HRTF_B,0,0.625,8.76,-12.98,23,1
P047,HRTF_B,0,0.639,10.25,-13.05,23,1
P047,HRTF_B,0,0.653,11.72,-13.18,23,1
P047,HRTF_B,0,0.667,13.17,-13.24,23,1
P047,HRTF_B,0,0.680,14.56,-13.29,23,1
P047,HRTF_B,0,0.694,15.92,-13.20,23,1
P047,HRTF_B,0,0.708,17.07,-13.34,23,1
P047,HRTF_B,0,0.722,18.23,-13.28,23,1
P047,HRTF_B,0,0.736,19.35,-13.23,23,1
P047,HRTF_B,0,0.750,20.37,-13.28,23,1
P047,HRTF_B,0,0.764,21.40,-13.27,23,1
P047,HRTF_B,0,0.778,22.38,-13.21,23,1
P047,HRTF_B,0,0.792,23.37,-13.12,23,1
P047,HRTF_B,0,0.805,24.23,-12.99,23,1
P047,HRTF_B,0,0.819,25.19,-12.86,23,1
P047,HRTF_B,0,0.833,26.12,-12.63,23,1
P047,HRTF_B,0,0.847,27.07,-12.48,23,1
P047,HRTF_B,0,0.861,28.03,-12.29,23,1
P047,HRTF_B,0,0.875,28.97,-12.13,23,1
P047,HRTF_B,0,0.889,30.02,-12.02,23,1
P047,HRTF_B,0,0.903,31.08,-11.96,23,1
P047,HRTF_B,0,0.917,32.14,-11.86,23,1
P047,HRTF_B,0,0.930,33.23,-11.79,23,1
P047,HRTF_B,0,0.944,34.26,-11.71,23,1
P047,HRTF_B,0,0.958,35.27,-11.56,23,1
P047,HRTF_B,0,0.972,36.25,-11.39,23,1
P047,HRTF_B,0,0.986,37.28,-11.21,23,1
P047,HRTF_B,0,1.000,38.26,-11.08,23,1
P047,HRTF_B,0,1.013,39.25,-10.89,23,1
P047,HRTF_B,0,1.028,40.12,-10.73,23,1
P047,HRTF_B,0,1.041,40.85,-10.51,23,1
P047,HRTF_B,0,1.055,41.45,-10.16,23,1
P047,HRTF_B,0,1.069,41.98,-9.79,23,1
P047,HRTF_B,0,1.083,42.35,-9.49,23,1
P047,HRTF_B,0,1.097,42.67,-9.18,23,1
P047,HRTF_B,0,1.111,42.81,-8.91,23,1
P047,HRTF_B,0,1.125,42.87,-8.67,23,1
P047,HRTF_B,0,1.139,42.59,-8.57,23,1
P047,HRTF_B,0,1.153,42.13,-8.43,23,1
P047,HRTF_B,0,1.166,41.37,-8.40,23,1
P047,HRTF_B,0,1.180,40.52,-8.49,23,1
P047,HRTF_B,0,1.194,39.42,-8.66,23,1
P047,HRTF_B,0,1.208,38.26,-8.82,23,1
P047,HRTF_B,0,1.222,36.93,-9.03,23,1
P047,HRTF_B,0,1.236,35.57,-9.14,23,1
P047,HRTF_B,0,1.250,34.14,-9.27,23,1
P047,HRTF_B,0,1.263,32.68,-9.37,23,1
P047,HRTF_B,0,1.277,31.24,-9.42,23,1
P047,HRTF_B,0,1.291,29.64,-9.48,23,1
P047,HRTF_B,0,1.305,28.03,-9.64,23,1
P047,HRTF_B,0,1.319,26.34,-9.73,23,1
P047,HRTF_B,0,1.333,24.64,-9.89,23,1
P047,HRTF_B,0,1.347,22.99,-10.09,23,1
P047,HRTF_B,0,1.361,21.32,-10.28,23,1
P047,HRTF_B,0,1.375,19.54,-10.44,23,1
P047,HRTF_B,0,1.389,17.73,-10.63,23,1
P047,HRTF_B,0,1.402,15.90,-10.86,23,1
P047,HRTF_B,0,1.417,14.08,-11.11,23,1
P047,HRTF_B,0,1.430,12.26,-11.33,23,1
P047,HRTF_B,0,1.444,10.40,-11.51,23,1
P047,HRTF_B,0,1.458,8.41,-11.77,23,1
P047,HRTF_B,0,1.472,6.43,-12.06,23,1
P047,HRTF_B,0,1.486,4.43,-12.31,23,1
P047,HRTF_B,0,1.500,2.49,-12.72,23,1
P047,HRTF_B,0,1.514,0.56,-13.04,23,1
P047,HRTF_B,0,1.527,-1.37,-13.33,23,1
P047,HRTF_B,0,1.541,-3.38,-13.68,23,1
P047,HRTF_B,0,1.555,-5.38,-13.95,23,1
P047,HRTF_B,0,1.569,-7.33,-14.28,23,1
P047,HRTF_B,0,1.583,-9.32,-14.50,23,1
P047,HRTF_B,0,1.597,-11.27,-14.75,23,1
P047,HRTF_B,0,1.611,-13.27,-14.90,23,1
P047,HRTF_B,0,1.625,-15.26,-15.06,23,1
P047,HRTF_B,0,1.639,-17.27,-15.20,23,1
P047,HRTF_B,0,1.652,-19.26,-15.33,23,1
P047,HRTF_B,0,1.666,-21.24,-15.41,23,1
P047,HRTF_B,0,1.680,-23.25,-15.51,23,1
P047,HRTF_B,0,1.694,-25.26,-15.73,23,1
P047,HRTF_B,0,1.708,-27.31,-15.95,23,1
P047,HRTF_B,0,1.722,-29.37,-16.25,23,1
P047,HRTF_B,0,1.736,-31.38,-16.65,23,1
P047,HRTF_B,0,1.750,-33.40,-16.96,23,1
P047,HRTF_B,0,1.763,-35.33,-17.24,23,1
P047,HRTF_B,0,1.777,-37.19,-17.44,23,1
P047,HRTF_B,0,1.791,-39.00,-17.66,23,1
P047,HRTF_B,0,1.805,-40.75,-18.02,23,1
P047,HRTF_B,0,1.819,-42.51,-18.42,23,1
P047,HRTF_B,0,1.833,-44.17,-18.80,23,1
P047,HRTF_B,0,1.847,-45.80,-19.14,23,1
P047,HRTF_B,0,1.861,-47.35,-19.45,23,1
P047,HRTF_B,0,1.874,-48.84,-19.79,23,1
P047,HRTF_B,0,1.889,-50.28,-20.33,23,1
P047,HRTF_B,0,1.902,-51.78,-20.93,23,1
P047,HRTF_B,0,1.916,-53.18,-21.58,23,1
P047,HRTF_B,0,1.930,-54.59,-22.19,23,1
P047,HRTF_B,0,1.947,-55.91,-22.85,23,1
P047,HRTF_B,0,1.961,-57.26,-23.68,23,1
P047,HRTF_B,0,1.975,-58.66,-24.60,23,1
P047,HRTF_B,0,1.991,-60.08,-25.42,23,1
P047,HRTF_B,0,2.003,-61.47,-26.08,23,1
P047,HRTF_B,0,2.017,-62.75,-26.82,23,1
P047,HRTF_B,0,2.030,-64.13,-27.00,23,1
P047,HRTF_B,0,2.045,-65.36,-27.33,23,1
P047,HRTF_B,0,2.058,-66.51,-27.60,23,1
P047,HRTF_B,0,2.072,-67.64,-27.79,23,1
P047,HRTF_B,0,2.086,-68.74,-28.09,23,1
P047,HRTF_B,0,2.110,-69.77,-28.44,23,1
P047,HRTF_B,0,2.125,-70.57,-29.14,23,1
P047,HRTF_B,0,2.139,-72.55,-30.27,23,1
P047,HRTF_B,0,2.152,-73.51,-30.69,23,1
P047,HRTF_B,0,2.166,-74.43,-30.97,23,1
P047,HRTF_B,0,2.180,-75.32,-31.29,23,1
P047,HRTF_B,0,2.194,-76.26,-31.65,23,1
P047,HRTF_B,0,2.208,-77.29,-31.99,23,1
P047,HRTF_B,0,2.222,-78.32,-32.34,23,1
P047,HRTF_B,0,2.236,-79.40,-32.62,23,1
P047,HRTF_B,0,2.250,-80.53,-32.85,23,1
P047,HRTF_B,0,2.263,-81.65,-32.92,23,1
P047,HRTF_B,0,2.277,-82.77,-32.92,23,1
P047,HRTF_B,0,2.291,-83.77,-32.79,23,1
P047,HRTF_B,0,2.305,-85.04,-32.58,23,1
P047,HRTF_B,0,2.319,-86.15,-32.30,23,1
P047,HRTF_B,0,2.333,-87.20,-32.16,23,1
P047,HRTF_B,0,2.347,-88.36,-32.01,23,1
P047,HRTF_B,0,2.360,-89.55,-31.85,23,1
P047,HRTF_B,0,2.375,-90.93,-31.66,23,1
P047,HRTF_B,0,2.389,-92.32,-31.52,23,1
P047,HRTF_B,0,2.402,-93.80,-31.31,23,1
P047,HRTF_B,0,2.416,-95.35,-31.12,23,1
P047,HRTF_B,0,2.430,-96.92,-30.94,23,1
P047,HRTF_B,0,2.444,-98.56,-30.68,23,1
P047,HRTF_B,0,2.458,-100.24,-30.44,23,1
P047,HRTF_B,0,2.472,-101.93,-30.30,23,1
P047,HRTF_B,0,2.485,-103.58,-30.18,23,1
P047,HRTF_B,0,2.500,-105.21,-30.17,23,1
P047,HRTF_B,0,2.513,-106.76,-30.17,23,1
P047,HRTF_B,0,2.527,-108.35,-30.23,23,1
P047,HRTF_B,0,2.541,-109.88,-30.43,23,1
P047,HRTF_B,0,2.555,-111.39,-30.71,23,1
P047,HRTF_B,0,2.569,-112.77,-31.02,23,1
P047,HRTF_B,0,2.583,-114.08,-31.14,23,1
P047,HRTF_B,0,2.597,-115.21,-31.18,23,1
P047,HRTF_B,0,2.611,-116.21,-31.06,23,1
P047,HRTF_B,0,2.624,-116.97,-30.82,23,1
P047,HRTF_B,0,2.638,-117.71,-30.72,23,1
P047,HRTF_B,0,2.652,-118.47,-30.54,23,1
P047,HRTF_B,0,2.666,-119.07,-30.51,23,1
P047,HRTF_B,0,2.680,-119.65,-30.51,23,1
P047,HRTF_B,0,2.694,-120.15,-30.58,23,1
P047,HRTF_B,0,2.708,-120.63,-30.69,23,1
P047,HRTF_B,0,2.722,-121.07,-30.80,23,1
P047,HRTF_B,0,2.736,-121.49,-30.88,23,1
P047,HRTF_B,0,2.749,-121.85,-30.95,23,1
P047,HRTF_B,0,2.763,-122.19,-31.00,23,1
P047,HRTF_B,0,2.777,-122.53,-31.03,23,1
P047,HRTF_B,0,2.791,-122.81,-31.09,23,1
P047,HRTF_B,0,2.805,-123.12,-31.18,23,1
P047,HRTF_B,0,2.819,-123.42,-31.22,23,1
P047,HRTF_B,0,2.833,-123.71,-31.27,23,1
P047,HRTF_B,0,2.847,-123.97,-31.27,23,1
P047,HRTF_B,0,2.860,-124.21,-31.25,23,1
P047,HRTF_B,0,2.874,-124.40,-31.26,23,1
P047,HRTF_B,0,2.888,-124.56,-31.25,23,1
P047,HRTF_B,1,0.014,-1.93,-0.60,15,0
P047,HRTF_B,1,0.028,-1.89,-0.55,15,0
P047,HRTF_B,1,0.041,-1.85,-0.55,15,0
P047,HRTF_B,1,0.055,-1.83,-0.52,15,0
P047,HRTF_B,1,0.069,-1.80,-0.54,15,0
P047,HRTF_B,1,0.083,-1.76,-0.55,15,0
P047,HRTF_B,1,0.097,-1.71,-0.57,15,0
P047,HRTF_B,1,0.111,-1.68,-0.61,15,0
P047,HRTF_B,1,0.125,-1.62,-0.64,15,0
P047,HRTF_B,1,0.139,-1.58,-0.66,15,0
P047,HRTF_B,1,0.153,-1.54,-0.71,15,0
P047,HRTF_B,1,0.167,-1.50,-0.76,15,0
P047,HRTF_B,1,0.180,-1.45,-0.80,15,0
P047,HRTF_B,1,0.194,-1.42,-0.85,15,0
P047,HRTF_B,1,0.208,-1.35,-0.93,15,0
P047,HRTF_B,1,0.223,-1.29,-0.99,15,0
P047,HRTF_B,1,0.236,-1.24,-1.05,15,0
P047,HRTF_B,1,0.250,-1.19,-1.10,15,0
P047,HRTF_B,1,0.264,-1.15,-1.16,15,0
P047,HRTF_B,1,0.278,-1.10,-1.22,15,0
P047,HRTF_B,1,0.292,-1.06,-1.26,15,0
P047,HRTF_B,1,0.306,-1.03,-1.34,15,0
P047,HRTF_B,1,0.319,-0.98,-1.42,15,0
P047,HRTF_B,1,0.333,-0.90,-1.52,15,0
P047,HRTF_B,1,0.347,-0.74,-1.69,15,0
P047,HRTF_B,1,0.361,-0.48,-1.89,15,0
P047,HRTF_B,1,0.375,-0.08,-2.11,15,0
P047,HRTF_B,1,0.389,0.33,-2.29,15,0
P047,HRTF_B,1,0.403,0.79,-2.44,15,0
P047,HRTF_B,1,0.417,1.26,-2.58,15,0
P047,HRTF_B,1,0.431,1.75,-2.67,15,0
P047,HRTF_B,1,0.444,2.26,-2.78,15,0
P047,HRTF_B,1,0.458,2.76,-2.90,15,0
P047,HRTF_B,1,0.472,3.26,-2.95,15,0
P047,HRTF_B,1,0.486,3.79,-3.02,15,0
P047,HRTF_B,1,0.501,4.25,-3.03,15,0
P047,HRTF_B,1,0.514,4.76,-3.11,15,0
P047,HRTF_B,1,0.528,5.36,-3.16,15,0
P047,HRTF_B,1,0.541,6.10,-3.30,15,0
P047,HRTF_B,1,0.555,6.88,-3.42,15,0
P047,HRTF_B,1,0.569,7.74,-3.50,15,0
P047,HRTF_B,1,0.583,8.57,-3.51,15,0
P047,HRTF_B,1,0.597,9.32,-3.51,15,0
P047,HRTF_B,1,0.611,10.05,-3.48,15,0
P047,HRTF_B,1,0.625,10.71,-3.47,15,0
P047,HRTF_B,1,0.639,11.36,-3.49,15,0
P047,HRTF_B,1,0.653,11.93,-3.55,15,0
P047,HRTF_B,1,0.667,12.45,-3.58,15,0
P047,HRTF_B,1,0.680,12.91,-3.68,15,0
P047,HRTF_B,1,0.694,13.30,-3.71,15,0
P047,HRTF_B,1,0.708,13.67,-3.77,15,0
P047,HRTF_B,1,0.722,14.00,-3.79,15,0
P047,HRTF_B,1,0.741,14.32,-3.86,15,0
P047,HRTF_B,1,0.750,14.63,-3.94,15,0
P047,HRTF_B,1,0.764,14.93,-4.00,15,0
P047,HRTF_B,1,0.778,15.19,-4.04,15,0
P047,HRTF_B,1,0.792,15.46,-4.05,15,0
P047,HRTF_B,1,0.806,15.65,-4.08,15,0
P047,HRTF_B,1,0.820,15.91,-4.12,15,0
P047,HRTF_B,1,0.834,16.16,-4.20,15,0
P047,HRTF_B,1,0.848,16.43,-4.26,15,0
P047,HRTF_B,1,0.862,16.75,-4.28,15,0
P047,HRTF_B,1,0.875,17.05,-4.26,15,0
P047,HRTF_B,1,0.889,17.32,-4.20,15,0
P047,HRTF_B,1,0.903,17.57,-4.13,15,0
P047,HRTF_B,1,0.917,17.81,-4.12,15,0
P047,HRTF_B,1,0.932,18.07,-4.13,15,0
P047,HRTF_B,1,0.945,18.38,-4.19,15,0
P047,HRTF_B,1,0.958,18.69,-4.24,15,0
P047,HRTF_B,1,0.972,19.04,-4.26,15,0
P047,HRTF_B,1,0.986,19.37,-4.26,15,0
P047,HRTF_B,1,1.000,19.75,-4.26,15,0
P047,HRTF_B,1,1.014,20.20,-4.34,15,0
P047,HRTF_B,1,1.028,20.84,-4.43,15,0
P047,HRTF_B,1,1.042,21.53,-4.56,15,0
P047,HRTF_B,1,1.056,22.34,-4.70,15,0
P047,HRTF_B,1,1.070,23.20,-4.83,15,0
P047,HRTF_B,1,1.085,24.17,-4.81,15,0
P047,HRTF_B,1,1.098,25.28,-4.91,15,0
P047,HRTF_B,1,1.112,26.57,-5.13,15,0
P047,HRTF_B,1,1.126,28.01,-5.50,15,0
P047,HRTF_B,1,1.139,29.47,-5.90,15,0
P047,HRTF_B,1,1.153,31.11,-6.34,15,0
P047,HRTF_B,1,1.167,32.76,-6.64,15,0
P047,HRTF_B,1,1.182,34.58,-6.87,15,0
P047,HRTF_B,1,1.195,36.44,-7.00,15,0
P047,HRTF_B,1,1.209,38.40,-6.99,15,0
P047,HRTF_B,1,1.223,40.43,-6.82,15,0
P047,HRTF_B,1,1.236,42.44,-6.51,15,0
P047,HRTF_B,1,1.250,44.38,-6.05,15,0
P047,HRTF_B,1,1.264,46.28,-5.48,15,0
P047,HRTF_B,1,1.278,48.15,-4.88,15,0
P047,HRTF_B,1,1.293,49.98,-4.30,15,0
P047,HRTF_B,1,1.306,51.73,-3.74,15,0
P047,HRTF_B,1,1.320,53.42,-3.29,15,0
P047,HRTF_B,1,1.334,54.96,-3.05,15,0
P047,HRTF_B,1,1.347,56.44,-2.87,15,0
P047,HRTF_B,1,1.361,57.80,-2.71,15,0
P047,HRTF_B,1,1.375,59.15,-2.39,15,0
P047,HRTF_B,1,1.389,60.52,-2.06,15,0
P047,HRTF_B,1,1.403,61.81,-1.63,15,0
P047,HRTF_B,1,1.417,63.01,-1.26,15,0
P047,HRTF_B,1,1.431,64.15,-0.86,15,0
P047,HRTF_B,1,1.445,65.22,-0.51,15,0
P047,HRTF_B,1,1.459,66.19,-0.11,15,0
P047,HRTF_B,1,1.472,67.17,0.30,15,0
P047,HRTF_B,1,1.486,68.15,0.70,15,0
P047,HRTF_B,1,1.500,69.15,1.09,15,0
P047,HRTF_B,1,1.514,70.16,1.48,15,0
P047,HRTF_B,1,1.527,71.09,1.77,15,0
P047,HRTF_B,1,1.542,71.90,2.06,15,0
P047,HRTF_B,1,1.555,72.68,2.33,15,0
P047,HRTF_B,1,1.569,73.50,2.65,15,0
P047,HRTF_B,1,1.583,74.31,2.93,15,0
P047,HRTF_B,1,1.597,75.10,3.19,15,0
P047,HRTF_B,1,1.611,75.79,3.42,15,0
P047,HRTF_B,1,1.625,76.40,3.70,15,0
P047,HRTF_B,1,1.639,76.94,4.04,15,0
P047,HRTF_B,1,1.652,77.48,4.47,15,0
P047,HRTF_B,1,1.666,77.98,5.02,15,0
P047,HRTF_B,1,1.693,78.45,5.55,15,0
P047,HRTF_B,1,2.026,78.45,5.55,15,0
P047,HRTF_B,1,2.042,69.51,-29.74,15,0
P047,HRTF_B,1,2.048,60.61,-28.01,15,0
P047,HRTF_B,1,2.062,58.25,-27.49,15,0
P047,HRTF_B,1,2.076,56.05,-27.05,15,0
P047,HRTF_B,1,2.090,54.05,-26.56,15,0
P047,HRTF_B,1,2.103,52.22,-26.09,15,0
P047,HRTF_B,1,2.117,50.38,-25.42,15,0
P047,HRTF_B,1,2.131,48.44,-24.69,15,0
P047,HRTF_B,1,2.146,46.45,-23.81,15,0
P047,HRTF_B,1,2.160,44.60,-22.93,15,0
P047,HRTF_B,1,2.174,42.82,-22.03,15,0
P047,HRTF_B,1,2.188,41.01,-21.17,15,0
P047,HRTF_B,1,2.201,39.18,-20.24,15,0
P047,HRTF_B,1,2.215,37.32,-19.36,15,0
P047,HRTF_B,1,2.229,35.57,-18.46,15,0
P047,HRTF_B,1,2.243,33.89,-17.47,15,0
P047,HRTF_B,1,2.257,32.17,-16.43,15,0
P047,HRTF_B,1,2.271,30.42,-15.38,15,0
P047,HRTF_B,1,2.285,28.65,-14.42,15,0
P047,HRTF_B,1,2.298,26.92,-13.57,15,0
P047,HRTF_B,1,2.313,25.24,-12.89,15,0
P047,HRTF_B,1,2.326,23.57,-12.27,15,0
P047,HRTF_B,1,2.340,21.98,-11.68,15,0
P047,HRTF_B,1,2.354,20.45,-11.07,15,0
P047,HRTF_B,1,2.368,19.13,-10.45,15,0
P047,HRTF_B,1,2.382,17.90,-9.95,15,0
P047,HRTF_B,1,2.395,16.82,-9.52,15,0
P047,HRTF_B,1,2.409,15.81,-9.21,15,0
P047,HRTF_B,1,2.423,14.78,-8.85,15,0
P047,HRTF_B,1,2.437,13.85,-8.53,15,0
P047,HRTF_B,1,2.451,12.97,-8.16,15,0
P047,HRTF_B,1,2.464,12.12,-7.94,15,0
P047,HRTF_B,1,2.478,11.38,-7.96,15,0
P047,HRTF_B,1,2.492,10.57,-8.04,15,0
P047,HRTF_B,1,2.507,9.80,-8.16,15,0
P047,HRTF_B,1,2.520,9.04,-8.43,15,0
P047,HRTF_B,1,2.534,8.32,-8.97,15,0
P047,HRTF_B,1,2.548,7.61,-9.57,15,0
P047,HRTF_B,1,2.562,6.97,-10.17,15,0
P047,HRTF_B,1,2.576,6.28,-10.66,15,0
P047,HRTF_B,1,2.590,5.56,-11.08,15,0
P047,HRTF_B,1,2.604,4.88,-11.51,15,0
P047,HRTF_B,1,2.617,4.18,-12.09,15,0
P047,HRTF_B,1,2.631,3.50,-12.93,15,0
P047,HRTF_B,1,2.645,2.88,-13.64,15,0
P047,HRTF_B,1,2.659,2.16,-14.39,15,0
P047,HRTF_B,1,2.673,1.31,-15.32,15,0
P047,HRTF_B,1,2.687,0.40,-16.39,15,0
P047,HRTF_B,1,2.701,-0.50,-17.32,15,0
P047,HRTF_B,1,2.715,-1.36,-18.11,15,0
P047,HRTF_B,1,2.729,-2.22,-18.85,15,0
P047,HRTF_B,1,2.742,-3.03,-19.79,15,0
P047,HRTF_B,1,2.756,-3.86,-20.85,15,0
P047,HRTF_B,1,2.770,-4.68,-22.05,15,0
P047,HRTF_B,1,2.784,-5.51,-23.18,15,0
P047,HRTF_B,1,2.798,-6.24,-24.29,15,0
P047,HRTF_B,1,2.812,-6.85,-25.54,15,0
P047,HRTF_B,1,2.826,-7.41,-26.95,15,0
P047,HRTF_B,1,2.840,-7.92,-28.53,15,0
P047,HRTF_B,1,2.853,-8.39,-29.92,15,0
P047,HRTF_B,1,2.867,-8.86,-31.06,15,0
P047,HRTF_B,1,2.881,-9.26,-32.06,15,0
P047,HRTF_B,1,2.895,-9.62,-33.00,15,0
P047,HRTF_B,1,2.909,-9.93,-33.92,15,0
P047,HRTF_B,1,2.923,-10.17,-34.84,15,0
P047,HRTF_B,1,2.937,-10.38,-35.72,15,0
P047,HRTF_B,1,2.951,-10.52,-36.67,15,0
P047,HRTF_B,1,2.964,-10.75,-37.56,15,0
P047,HRTF_B,1,2.978,-10.77,-38.48,15,0
P047,HRTF_B,1,2.992,-10.94,-39.20,15,0
P047,HRTF_B,1,3.006,-11.13,-39.85,15,0
P047,HRTF_B,1,3.020,-11.35,-40.51,15,0
P047,HRTF_B,1,3.034,-11.41,-40.98,15,0
P047,HRTF_B,1,3.048,-11.50,-41.43,15,0
P047,HRTF_B,1,3.062,-11.74,-41.71,15,0
P047,HRTF_B,1,3.076,-11.97,-41.97,15,0
P047,HRTF_B,1,3.089,-12.23,-42.23,15,0
P047,HRTF_B,1,3.104,-12.53,-42.33,15,0
P047,HRTF_B,1,3.117,-12.81,-42.46,15,0
P047,HRTF_B,1,3.131,-13.11,-42.49,15,0
P047,HRTF_B,1,3.145,-13.58,-42.40,15,0
P047,HRTF_B,1,3.159,-14.21,-42.29,15,0
P047,HRTF_B,1,3.173,-14.58,-42.23,15,0
P047,HRTF_B,1,3.187,-14.83,-42.22,15,0
P047,HRTF_B,1,3.201,-15.26,-42.29,15,0
P047,HRTF_B,1,3.214,-15.87,-42.31,15,0
P047,HRTF_B,1,3.228,-16.46,-42.42,15,0
P047,HRTF_B,1,3.242,-17.03,-42.39,15,0
P047,HRTF_B,1,3.256,-17.62,-42.30,15,0
P047,HRTF_B,1,3.270,-18.19,-42.20,15,0
P047,HRTF_B,1,3.284,-18.74,-41.97,15,0
P047,HRTF_B,1,3.298,-19.36,-41.72,15,0
P047,HRTF_B,1,3.311,-20.02,-41.51,15,0
P047,HRTF_B,1,3.325,-20.66,-41.32,15,0
P047,HRTF_B,1,3.339,-21.34,-41.07,15,0
P047,HRTF_B,1,3.353,-22.10,-40.73,15,0
P047,HRTF_B,1,3.367,-22.89,-40.18,15,0
P047,HRTF_B,1,3.381,-23.65,-39.56,15,0
P047,HRTF_B,1,3.395,-24.36,-38.82,15,0
P047,HRTF_B,1,3.409,-25.09,-38.08,15,0
P047,HRTF_B,1,3.423,-25.84,-37.33,15,0
P047,HRTF_B,1,3.437,-26.75,-36.51,15,0
P047,HRTF_B,1,3.451,-27.79,-35.67,15,0
P047,HRTF_B,1,3.464,-28.93,-34.79,15,0
P047,HRTF_B,1,3.478,-30.21,-33.99,15,0
P047,HRTF_B,1,3.492,-31.51,-33.24,15,0
P047,HRTF_B,1,3.506,-32.86,-32.44,15,0
P047,HRTF_B,1,3.520,-34.30,-31.50,15,0
P047,HRTF_B,1,3.534,-35.79,-30.51,15,0
P047,HRTF_B,1,3.548,-37.43,-29.46,15,0
P047,HRTF_B,1,3.562,-39.16,-28.48,15,0
P047,HRTF_B,1,3.576,-40.91,-27.57,15,0
P047,HRTF_B,1,3.590,-42.91,-26.74,15,0
P047,HRTF_B,1,3.603,-45.15,-25.96,15,0
P047,HRTF_B,1,3.617,-47.47,-25.20,15,0
P047,HRTF_B,1,3.631,-49.84,-24.56,15,0
P047,HRTF_B,1,3.645,-52.07,-23.93,15,0
P047,HRTF_B,1,3.659,-54.31,-23.35,15,0
P047,HRTF_B,1,3.673,-56.63,-22.85,15,0
P047,HRTF_B,1,3.687,-58.93,-22.35,15,0
P047,HRTF_B,1,3.701,-61.10,-21.86,15,0
P047,HRTF_B,1,3.715,-63.16,-21.35,15,0
P047,HRTF_B,1,3.728,-65.08,-20.89,15,0
P047,HRTF_B,1,3.742,-66.91,-20.52,15,0
P047,HRTF_B,1,3.756,-68.62,-20.19,15,0
P047,HRTF_B,1,3.770,-70.23,-19.86,15,0
P047,HRTF_B,1,3.784,-71.66,-19.50,15,0
P047,HRTF_B,1,3.798,-73.08,-19.09,15,0
P047,HRTF_B,1,3.812,-74.53,-18.61,15,0
P047,HRTF_B,1,3.825,-75.95,-18.14,15,0
P047,HRTF_B,1,3.839,-77.23,-17.68,15,0
P047,HRTF_B,1,3.853,-78.31,-17.27,15,0
P047,HRTF_B,1,3.867,-79.35,-16.90,15,0
P047,HRTF_B,1,3.881,-80.43,-16.64,15,0
P047,HRTF_B,1,3.895,-81.33,-16.49,15,0
P047,HRTF_B,1,3.909,-82.12,-16.35,15,0
P047,HRTF_B,1,3.923,-82.93,-16.18,15,0
P047,HRTF_B,1,3.936,-83.70,-16.04,15,0
P047,HRTF_B,1,3.951,-84.52,-15.78,15,0
P047,HRTF_B,1,3.965,-85.37,-15.59,15,0
P047,HRTF_B,1,3.978,-86.14,-15.38,15,0
P047,HRTF_B,1,3.992,-86.92,-15.27,15,0
P047,HRTF_B,1,4.006,-87.79,-15.14,15,0
P047,HRTF_B,1,4.020,-88.73,-15.06,15,0
P047,HRTF_B,1,4.034,-89.51,-15.02,15,0
P047,HRTF_B,1,4.048,-90.31,-14.93,15,0
P047,HRTF_B,1,4.062,-91.05,-14.87,15,0
P047,HRTF_B,1,4.076,-91.82,-14.78,15,0
P047,HRTF_B,1,4.090,-92.54,-14.72,15,0
P047,HRTF_B,1,4.103,-93.28,-14.68,15,0
P047,HRTF_B,1,4.117,-94.04,-14.69,15,0
P047,HRTF_B,1,4.131,-94.86,-14.69,15,0
P047,HRTF_B,1,4.145,-95.79,-14.74,15,0
P047,HRTF_B,1,4.159,-96.61,-14.73,15,0
P047,HRTF_B,1,4.173,-97.40,-14.65,15,0
P047,HRTF_B,1,4.187,-98.29,-14.58,15,0
P047,HRTF_B,1,4.200,-99.23,-14.42,15,0
P047,HRTF_B,1,4.214,-100.24,-14.31,15,0
P047,HRTF_B,1,4.229,-101.22,-14.19,15,0
P047,HRTF_B,1,4.242,-102.14,-14.03,15,0
P047,HRTF_B,1,4.256,-103.13,-13.85,15,0
P047,HRTF_B,1,4.270,-104.17,-13.70,15,0
P047,HRTF_B,1,4.284,-105.24,-13.49,15,0
P047,HRTF_B,1,4.298,-106.33,-13.28,15,0
P047,HRTF_B,1,4.312,-107.38,-13.06,15,0
P047,HRTF_B,1,4.326,-108.45,-12.86,15,0
P047,HRTF_B,1,4.339,-109.52,-12.71,15,0
P047,HRTF_B,1,4.353,-110.66,-12.63,15,0
P047,HRTF_B,1,4.367,-111.71,-12.50,15,0
P047,HRTF_B,1,4.381,-112.74,-12.44,15,0
P047,HRTF_B,1,4.395,-113.69,-12.32,15,0
P047,HRTF_B,1,4.409,-114.64,-12.23,15,0
P047,HRTF_B,1,4.423,-115.57,-12.17,15,0
P047,HRTF_B,1,4.437,-116.47,-12.21,15,0
P047,HRTF_B,1,4.451,-117.19,-12.22,15,0
P047,HRTF_B,1,4.464,-117.87,-12.32,15,0
P047,HRTF_B,1,4.478,-118.43,-12.31,15,0
P047,HRTF_B,1,4.492,-118.96,-12.18,15,0
P047,HRTF_B,1,4.506,-119.47,-12.03,15,0
P047,HRTF_B,1,4.520,-119.92,-11.89,15,0
P047,HRTF_B,1,4.534,-120.36,-11.75,15,0
P047,HRTF_B,1,4.548,-120.77,-11.60,15,0
P047,HRTF_B,1,4.562,-121.21,-11.47,15,0
P047,HRTF_B,1,4.576,-121.67,-11.39,15,0
P047,HRTF_B,1,4.589,-122.17,-11.36,15,0
P047,HRTF_B,1,4.603,-122.68,-11.27,15,0
P047,HRTF_B,1,4.617,-123.17,-11.27,15,0
P047,HRTF_B,1,4.631,-123.69,-11.27,15,0
P047,HRTF_B,1,4.645,-124.29,-11.28,15,0
P047,HRTF_B,1,4.659,-124.93,-11.32,15,0
P047,HRTF_B,1,4.672,-125.60,-11.39,15,0
P047,HRTF_B,1,4.686,-126.22,-11.52,15,0
P047,HRTF_B,1,4.700,-126.86,-11.70,15,0
P047,HRTF_B,1,4.714,-127.55,-11.84,15,0
P047,HRTF_B,1,4.728,-128.25,-11.86,15,0
P047,HRTF_B,1,4.742,-128.95,-11.76,15,0
P047,HRTF_B,1,4.756,-129.58,-11.63,15,0
P047,HRTF_B,1,4.770,-130.12,-11.45,15,0
P047,HRTF_B,1,4.784,-130.68,-11.35,15,0
P047,HRTF_B,1,4.797,-131.21,-11.27,15,0
P047,HRTF_B,1,4.812,-131.72,-11.17,15,0
P047,HRTF_B,1,4.825,-132.20,-11.04,15,0
P047,HRTF_B,1,4.839,-132.69,-10.90,15,0
P047,HRTF_B,1,4.853,-133.18,-10.78,15,0
P047,HRTF_B,1,4.867,-133.70,-10.64,15,0
P047,HRTF_B,1,4.881,-134.27,-10.52,15,0
P047,HRTF_B,1,4.895,-134.89,-10.43,15,0
P047,HRTF_B,1,4.909,-135.63,-10.27,15,0
P047,HRTF_B,1,4.922,-136.44,-10.07,15,0
P047,HRTF_B,1,4.936,-137.23,-9.85,15,0
P047,HRTF_B,1,4.950,-138.04,-9.68,15,0
P047,HRTF_B,1,4.964,-138.86,-9.53,15,0
P047,HRTF_B,1,4.978,-139.75,-9.43,15,0
P047,HRTF_B,1,4.992,-140.62,-9.29,15,0
P047,HRTF_B,1,5.006,-141.42,-9.22,15,0
P047,HRTF_B,1,5.020,-142.25,-9.11,15,0
P047,HRTF_B,1,5.033,-143.11,-8.94,15,0
P047,HRTF_B,1,5.047,-144.16,-8.66,15,0
P047,HRTF_B,1,5.061,-145.16,-8.27,15,0
P047,HRTF_B,1,5.075,-146.14,-7.86,15,0
P047,HRTF_B,1,5.089,-147.18,-7.63,15,0
P047,HRTF_B,1,5.103,-148.31,-7.57,15,0
P047,HRTF_B,1,5.117,-149.61,-7.57,15,0
P047,HRTF_B,1,5.131,-150.95,-7.57,15,0
P047,HRTF_B,1,5.145,-152.11,-7.40,15,0
P047,HRTF_B,1,5.158,-153.25,-7.20,15,0
P047,HRTF_B,1,5.172,-154.52,-7.09,15,0
P047,HRTF_B,1,5.186,-155.86,-6.84,15,0
P047,HRTF_B,1,5.200,-157.09,-6.56,15,0
P047,HRTF_B,1,5.214,-158.16,-6.45,15,0
P047,HRTF_B,1,5.228,-159.23,-6.50,15,0
P047,HRTF_B,1,5.242,-160.37,-6.80,15,0
P047,HRTF_B,1,5.256,-161.45,-6.84,15,0
P047,HRTF_B,1,5.270,-162.25,-6.73,15,0
P047,HRTF_B,1,5.283,-162.83,-6.73,15,0
P047,HRTF_B,1,5.297,-163.29,-6.68,15,0
P047,HRTF_B,1,5.311,-163.85,-6.65,15,0
P047,HRTF_B,1,5.325,-164.17,-6.55,15,0
P047,HRTF_B,1,5.339,-164.40,-6.55,15,0
P047,HRTF_B,1,5.353,-164.55,-6.61,15,0
P047,HRTF_B,1,5.367,-164.83,-6.69,15,0
P047,HRTF_B,1,5.381,-165.14,-6.76,15,0
P047,HRTF_B,1,5.395,-165.30,-7.02,15,0
P047,HRTF_B,1,5.409,-165.09,-7.39,15,0
P047,HRTF_B,1,5.422,-164.56,-7.92,15,0
P047,HRTF_B,1,5.436,-163.95,-8.37,15,0
P047,HRTF_B,1,5.450,-163.36,-8.52,15,0
P047,HRTF_B,1,5.464,-162.85,-8.60,15,0
P047,HRTF_B,1,5.478,-162.39,-8.58,15,0
P047,HRTF_B,1,5.492,-161.98,-8.72,15,0
P047,HRTF_B,1,5.506,-161.56,-8.93,15,0
P047,HRTF_B,1,5.519,-161.14,-9.12,15,0
P047,HRTF_B,1,5.533,-160.80,-9.27,15,0
P047,HRTF_B,1,5.547,-160.60,-9.37,15,0
P047,HRTF_B,1,5.561,-160.41,-9.52,15,0
P047,HRTF_B,1,5.575,-160.24,-9.71,15,0
P047,HRTF_B,1,5.589,-159.93,-9.94,15,0
P047,HRTF_B,1,5.603,-159.59,-10.14,15,0
P047,HRTF_B,1,5.617,-159.27,-10.25,15,0
P047,HRTF_B,1,5.631,-158.95,-10.32,15,0
P047,HRTF_B,1,5.645,-158.53,-10.36,15,0
P047,HRTF_B,1,5.658,-158.08,-10.51,15,0
P047,HRTF_B,1,5.672,-157.63,-10.75,15,0
P047,HRTF_B,1,5.686,-157.18,-10.99,15,0
P047,HRTF_B,1,5.700,-156.75,-11.24,15,0
P047,HRTF_B,1,5.714,-156.31,-11.47,15,0
P047,HRTF_B,1,5.728,-155.79,-11.65,15,0
P047,HRTF_B,1,5.742,-154.99,-11.78,15,0
P047,HRTF_B,1,5.755,-154.03,-11.89,15,0
P047,HRTF_B,1,5.770,-152.85,-11.92,15,0
P047,HRTF_B,1,5.783,-151.42,-11.89,15,0
P047,HRTF_B,1,5.797,-149.71,-11.71,15,0
P047,HRTF_B,1,5.811,-147.88,-11.49,15,0
P047,HRTF_B,1,5.825,-145.83,-11.32,15,0
P047,HRTF_B,1,5.839,-143.82,-11.48,15,0
P047,HRTF_B,1,5.853,-141.77,-11.57,15,0
P047,HRTF_B,1,5.867,-139.59,-11.56,15,0
P047,HRTF_B,1,5.880,-137.24,-11.46,15,0
P047,HRTF_B,1,5.894,-134.60,-11.39,15,0
P047,HRTF_B,1,5.909,-131.82,-11.31,15,0
P047,HRTF_B,1,5.922,-128.89,-11.17,15,0
P047,HRTF_B,1,5.936,-125.85,-10.98,15,0
P047,HRTF_B,1,5.950,-122.47,-10.73,15,0
P047,HRTF_B,1,5.964,-119.09,-10.50,15,0
P047,HRTF_B,1,5.978,-115.71,-10.39,15,0
P047,HRTF_B,1,5.992,-112.54,-10.36,15,0
P047,HRTF_B,1,6.006,-109.65,-10.27,15,0
P047,HRTF_B,1,6.020,-107.08,-10.14,15,0
P047,HRTF_B,1,6.033,-104.72,-9.99,15,0
P047,HRTF_B,1,6.047,-102.31,-9.69,15,0
P047,HRTF_B,1,6.061,-99.94,-9.36,15,0
P047,HRTF_B,1,6.075,-97.74,-9.24,15,0
P047,HRTF_B,1,6.089,-95.62,-9.25,15,0
P047,HRTF_B,1,6.103,-93.55,-9.29,15,0
P047,HRTF_B,1,6.117,-91.48,-9.21,15,0
P047,HRTF_B,1,6.131,-89.42,-8.97,15,0
P047,HRTF_B,1,6.144,-87.40,-8.56,15,0
P047,HRTF_B,1,6.158,-85.42,-8.03,15,0
P047,HRTF_B,1,6.172,-83.44,-7.48,15,0
P047,HRTF_B,1,6.186,-81.39,-7.02,15,0
P047,HRTF_B,1,6.200,-79.33,-6.60,15,0
P047,HRTF_B,1,6.214,-77.27,-6.34,15,0
P047,HRTF_B,1,6.228,-75.50,-6.44,15,0
P047,HRTF_B,1,6.242,-73.98,-6.95,15,0
P047,HRTF_B,1,6.256,-72.53,-7.59,15,0
P047,HRTF_B,1,6.269,-71.20,-8.07,15,0
P047,HRTF_B,1,6.283,-69.90,-8.23,15,0
P047,HRTF_B,1,6.297,-68.63,-8.14,15,0
P047,HRTF_B,1,6.311,-67.32,-7.89,15,0
P047,HRTF_B,1,6.325,-66.03,-7.54,15,0
P047,HRTF_B,1,6.339,-64.66,-7.25,15,0
P047,HRTF_B,1,6.353,-63.34,-7.01,15,0
P047,HRTF_B,1,6.367,-62.02,-6.89,15,0
P047,HRTF_B,1,6.380,-60.66,-6.71,15,0
P047,HRTF_B,1,6.394,-59.37,-6.47,15,0
P047,HRTF_B,1,6.408,-58.11,-6.27,15,0
P047,HRTF_B,1,6.422,-56.85,-6.10,15,0
P047,HRTF_B,1,6.436,-55.73,-6.02,15,0
P047,HRTF_B,1,6.450,-54.61,-6.01,15,0
P047,HRTF_B,1,6.464,-53.54,-5.98,15,0
P047,HRTF_B,1,6.478,-52.59,-5.92,15,0
P047,HRTF_B,1,6.492,-51.62,-5.84,15,0
P047,HRTF_B,1,6.506,-50.71,-5.72,15,0
P047,HRTF_B,1,6.519,-49.79,-5.63,15,0
P047,HRTF_B,1,6.533,-48.88,-5.50,15,0
P047,HRTF_B,1,6.547,-48.00,-5.38,15,0
P047,HRTF_B,1,6.561,-47.10,-5.31,15,0
P047,HRTF_B,1,6.575,-46.19,-5.17,15,0
P047,HRTF_B,1,6.589,-45.30,-5.07,15,0
P047,HRTF_B,1,6.603,-44.40,-4.93,15,0
P047,HRTF_B,1,6.617,-43.49,-4.74,15,0
P047,HRTF_B,1,6.630,-42.64,-4.52,15,0
P047,HRTF_B,1,6.644,-41.78,-4.28,15,0
P047,HRTF_B,1,6.658,-40.95,-4.05,15,0
P047,HRTF_B,1,6.672,-40.14,-3.93,15,0
P047,HRTF_B,1,6.686,-39.40,-3.89,15,0
P047,HRTF_B,1,6.700,-38.64,-3.87,15,0
P047,HRTF_B,1,6.714,-37.92,-3.89,15,0
P047,HRTF_B,1,6.728,-37.17,-3.86,15,0
P047,HRTF_B,1,6.742,-36.46,-3.80,15,0
P047,HRTF_B,1,6.755,-35.75,-3.70,15,0
P047,HRTF_B,1,6.770,-35.07,-3.57,15,0
P047,HRTF_B,1,6.783,-34.43,-3.41,15,0
P047,HRTF_B,1,6.797,-33.79,-3.25,15,0
P047,HRTF_B,1,6.811,-33.19,-3.05,15,0
P047,HRTF_B,1,6.825,-32.61,-2.90,15,0
P047,HRTF_B,1,6.839,-31.99,-2.76,15,0
P047,HRTF_B,1,6.853,-31.38,-2.60,15,0
P047,HRTF_B,1,6.867,-30.74,-2.47,15,0
P047,HRTF_B,1,6.881,-30.12,-2.35,15,0
P047,HRTF_B,1,6.894,-29.53,-2.25,15,0
P047,HRTF_B,1,6.908,-28.90,-2.09,15,0
P047,HRTF_B,1,6.922,-28.34,-1.92,15,0
P047,HRTF_B,1,6.936,-27.79,-1.73,15,0
P047,HRTF_B,1,6.950,-27.24,-1.53,15,0
P047,HRTF_B,1,6.964,-26.68,-1.26,15,0
P047,HRTF_B,1,6.978,-26.09,-1.01,15,0
P047,HRTF_B,1,6.992,-25.49,-0.78,15,0
P047,HRTF_B,1,7.005,-24.85,-0.47,15,0
P047,HRTF_B,1,7.019,-24.20,-0.13,15,0
P047,HRTF_B,1,7.033,-23.51,0.22,15,0
P047,HRTF_B,1,7.047,-22.79,0.50,15,0
P047,HRTF_B,1,7.061,-21.99,0.65,15,0
P047,HRTF_B,1,7.075,-21.07,0.76,15,0
P047,HRTF_B,1,7.089,-20.06,0.75,15,0
P047,HRTF_B,1,7.103,-18.96,0.81,15,0
P047,HRTF_B,1,7.117,-17.79,0.86,15,0
P047,HRTF_B,1,7.130,-16.64,0.99,15,0
P047,HRTF_B,1,7.145,-15.50,1.16,15,0
P047,HRTF_B,1,7.159,-14.37,1.37,15,0
P047,HRTF_B,1,7.172,-13.28,1.56,15,0
P047,HRTF_B,1,7.186,-12.22,1.66,15,0
P047,HRTF_B,1,7.200,-11.14,1.74,15,0
P047,HRTF_B,1,7.214,-10.08,1.82,15,0
P047,HRTF_B,1,7.228,-9.08,1.89,15,0
P047,HRTF_B,1,7.241,-8.14,2.02,15,0
P047,HRTF_B,1,7.255,-7.25,2.10,15,0
P047,HRTF_B,1,7.269,-6.41,2.14,15,0
P047,HRTF_B,1,7.283,-5.63,2.15,15,0
P047,HRTF_B,1,7.297,-4.88,2.18,15,0
P047,HRTF_B,1,7.311,-4.19,2.26,15,0
P047,HRTF_B,1,7.325,-3.56,2.31,15,0
P047,HRTF_B,1,7.339,-2.95,2.37,15,0
P047,HRTF_B,1,7.353,-2.36,2.38,15,0
P047,HRTF_B,1,7.366,-1.79,2.32,15,0
P047,HRTF_B,1,7.380,-1.22,2.21,15,0
P047,HRTF_B,1,7.394,-0.71,2.13,15,0
P047,HRTF_B,1,7.408,-0.21,2.06,15,0
P047,HRTF_B,1,7.422,0.25,2.02,15,0
P047,HRTF_B,1,7.436,0.63,2.02,15,0
P047,HRTF_B,1,7.450,1.05,2.03,15,0
P047,HRTF_B,1,7.464,1.45,2.01,15,0
P047,HRTF_B,1,7.478,1.84,1.92,15,0
P047,HRTF_B,1,7.492,2.22,1.83,15,0
P047,HRTF_B,1,7.505,2.64,1.76,15,0
P047,HRTF_B,1,7.519,3.02,1.72,15,0
P047,HRTF_B,1,7.533,3.42,1.67,15,0
P047,HRTF_B,1,7.547,3.78,1.65,15,0
P047,HRTF_B,1,7.561,4.23,1.66,15,0
P047,HRTF_B,1,7.575,4.64,1.66,15,0
P047,HRTF_B,1,7.589,5.02,1.63,15,0
P047,HRTF_B,1,7.602,5.45,1.66,15,0
P047,HRTF_B,1,7.616,5.85,1.67,15,0
P047,HRTF_B,1,7.630,6.26,1.67,15,0
P047,HRTF_B,1,7.644,6.67,1.66,15,0
P047,HRTF_B,1,7.658,7.13,1.66,15,0
P047,HRTF_B,1,7.672,7.60,1.60,15,0
P047,HRTF_B,1,7.686,8.10,1.56,15,0
P047,HRTF_B,1,7.700,8.60,1.53,15,0
P047,HRTF_B,1,7.714,9.11,1.60,15,0
P047,HRTF_B,1,7.728,9.57,1.66,15,0
P047,HRTF_B,1,7.741,10.07,1.76,15,0
P047,HRTF_B,1,7.755,10.56,1.79,15,0
P047,HRTF_B,1,7.769,11.04,1.87,15,0
P047,HRTF_B,1,7.783,11.50,1.88,15,0
P047,HRTF_B,1,7.797,11.97,1.91,15,0
P047,HRTF_B,1,7.811,12.40,1.92,15,0
P047,HRTF_B,1,7.825,12.84,1.92,15,0
P047,HRTF_B,1,7.839,13.27,1.94,15,0
P047,HRTF_B,2,0.013,1.51,1.03,29,0
P047,HRTF_B,2,0.028,1.51,1.06,29,0
P047,HRTF_B,2,0.041,1.49,1.10,29,0
P047,HRTF_B,2,0.055,1.48,1.09,29,0
P047,HRTF_B,2,0.069,1.47,1.07,29,0
P047,HRTF_B,2,0.083,1.47,1.05,29,0
P047,HRTF_B,2,0.097,1.47,1.03,29,0
P047,HRTF_B,2,0.111,1.45,1.02,29,0
P047,HRTF_B,2,0.125,1.44,1.02,29,0
P047,HRTF_B,2,0.138,1.43,1.02,29,0
P047,HRTF_B,2,0.153,1.42,1.01,29,0
P047,HRTF_B,2,0.166,1.40,1.01,29,0
P047,HRTF_B,2,0.180,1.39,0.99,29,0
P047,HRTF_B,2,0.194,1.38,0.97,29,0
P047,HRTF_B,2,0.208,1.38,0.92,29,0
P047,HRTF_B,2,0.222,1.37,0.86,29,0
P047,HRTF_B,2,0.236,1.37,0.82,29,0
P047,HRTF_B,2,0.250,1.35,0.78,29,0
P047,HRTF_B,2,0.263,1.35,0.74,29,0
P047,HRTF_B,2,0.277,1.38,0.68,29,0
P047,HRTF_B,2,0.291,1.40,0.60,29,0
P047,HRTF_B,2,0.305,1.41,0.53,29,0
P047,HRTF_B,2,0.319,1.41,0.45,29,0
P047,HRTF_B,2,0.333,1.40,0.37,29,0
P047,HRTF_B,2,0.347,1.40,0.33,29,0
P047,HRTF_B,2,0.361,1.40,0.28,29,0
P047,HRTF_B,2,0.374,1.40,0.24,29,0
P047,HRTF_B,2,0.388,1.40,0.18,29,0
P047,HRTF_B,2,0.402,1.40,0.11,29,0
P047,HRTF_B,2,0.416,1.40,0.06,29,0
P047,HRTF_B,2,0.430,1.40,0.02,29,0
P047,HRTF_B,2,0.444,1.41,-0.01,29,0
P047,HRTF_B,2,0.458,1.42,-0.05,29,0
P047,HRTF_B,2,0.472,1.43,-0.09,29,0
P047,HRTF_B,2,0.486,1.43,-0.13,29,0
P047,HRTF_B,2,0.500,1.45,-0.16,29,0
P047,HRTF_B,2,0.513,1.47,-0.20,29,0
P047,HRTF_B,2,0.527,1.49,-0.22,29,0
P047,HRTF_B,2,0.541,1.52,-0.24,29,0
P047,HRTF_B,2,0.555,1.56,-0.25,29,0
P047,HRTF_B,2,0.569,1.58,-0.26,29,0
P047,HRTF_B,2,0.583,1.63,-0.25,29,0
P047,HRTF_B,2,0.597,1.67,-0.22,29,0
P047,HRTF_B,2,0.611,1.70,-0.21,29,0
P047,HRTF_B,2,0.625,1.75,-0.22,29,0
P047,HRTF_B,2,0.638,1.79,-0.23,29,0
P047,HRTF_B,2,0.652,1.82,-0.26,29,0
P047,HRTF_B,2,0.666,1.85,-0.27,29,0
P047,HRTF_B,2,0.680,1.88,-0.28,29,0
P047,HRTF_B,2,0.694,1.91,-0.24,29,0
P047,HRTF_B,2,0.708,1.95,-0.23,29,0
P047,HRTF_B,2,0.722,1.98,-0.23,29,0
P047,HRTF_B,2,0.735,2.01,-0.23,29,0
P047,HRTF_B,2,0.750,2.03,-0.24,29,0
P047,HRTF_B,2,0.763,2.06,-0.25,29,0
P047,HRTF_B,2,0.777,2.08,-0.23,29,0
P047,HRTF_B,2,0.791,2.11,-0.20,29,0
P047,HRTF_B,2,0.805,2.13,-0.14,29,0
P047,HRTF_B,2,0.819,2.15,-0.12,29,0
P047,HRTF_B,2,0.833,2.16,-0.09,29,0
P047,HRTF_B,2,0.847,2.18,-0.07,29,0
P047,HRTF_B,2,0.860,2.19,-0.07,29,0
P047,HRTF_B,2,0.875,2.19,-0.04,29,0
P047,HRTF_B,2,0.888,2.19,-0.04,29,0
P047,HRTF_B,2,0.903,2.20,-0.02,29,0
P047,HRTF_B,2,0.916,2.20,0.03,29,0
P047,HRTF_B,2,0.930,2.21,0.06,29,0
P047,HRTF_B,2,0.944,2.21,0.08,29,0
P047,HRTF_B,2,0.958,2.20,0.08,29,0
P047,HRTF_B,2,0.972,2.18,0.11,29,0
P047,HRTF_B,2,0.985,2.16,0.14,29,0
P047,HRTF_B,2,1.000,2.13,0.18,29,0
P047,HRTF_B,2,1.014,2.08,0.20,29,0
P047,HRTF_B,2,1.027,1.98,0.26,29,0
P047,HRTF_B,2,1.041,1.86,0.29,29,0
P047,HRTF_B,2,1.055,1.68,0.32,29,0
P047,HRTF_B,2,1.069,1.46,0.37,29,0
P047,HRTF_B,2,1.083,1.22,0.40,29,0
P047,HRTF_B,2,1.097,0.91,0.43,29,0
P047,HRTF_B,2,1.111,0.61,0.45,29,0
P047,HRTF_B,2,1.124,0.25,0.49,29,0
P047,HRTF_B,2,1.138,-0.17,0.49,29,0
P047,HRTF_B,2,1.152,-0.71,0.49,29,0
P047,HRTF_B,2,1.166,-1.26,0.54,29,0
P047,HRTF_B,2,1.180,-1.91,0.59,29,0
P047,HRTF_B,2,1.194,-2.60,0.63,29,0
P047,HRTF_B,2,1.208,-3.32,0.68,29,0
P047,HRTF_B,2,1.222,-4.13,0.70,29,0
P047,HRTF_B,2,1.235,-5.04,0.76,29,0
P047,HRTF_B,2,1.249,-6.07,0.78,29,0
P047,HRTF_B,2,1.263,-7.21,0.78,29,0
P047,HRTF_B,2,1.277,-8.38,0.81,29,0
P047,HRTF_B,2,1.291,-9.73,0.79,29,0
P047,HRTF_B,2,1.305,-11.23,0.77,29,0
P047,HRTF_B,2,1.319,-12.80,0.80,29,0
P047,HRTF_B,2,1.332,-14.50,0.83,29,0
P047,HRTF_B,2,1.346,-16.36,0.83,29,0
P047,HRTF_B,2,1.360,-18.26,0.85,29,0
P047,HRTF_B,2,1.374,-20.22,0.85,29,0
P047,HRTF_B,2,1.388,-22.35,0.88,29,0
P047,HRTF_B,2,1.402,-24.42,0.90,29,0
P047,HRTF_B,2,1.416,-26.52,0.96,29,0
P047,HRTF_B,2,1.430,-28.63,1.06,29,0
P047,HRTF_B,2,1.444,-30.73,1.16,29,0
P047,HRTF_B,2,1.458,-32.81,1.27,29,0
P047,HRTF_B,2,1.471,-34.81,1.38,29,0
P047,HRTF_B,2,1.485,-36.78,1.49,29,0
P047,HRTF_B,2,1.499,-38.68,1.60,29,0
P047,HRTF_B,2,1.513,-40.58,1.69,29,0
P047,HRTF_B,2,1.527,-42.42,1.77,29,0
P047,HRTF_B,2,1.541,-44.21,1.85,29,0
P047,HRTF_B,2,1.555,-45.94,1.91,29,0
P047,HRTF_B,2,1.569,-47.64,1.95,29,0
P047,HRTF_B,2,1.582,-49.33,2.00,29,0
P047,HRTF_B,2,1.596,-50.89,2.04,29,0
P047,HRTF_B,2,1.610,-52.38,2.05,29,0
P047,HRTF_B,2,1.624,-53.83,2.04,29,0
P047,HRTF_B,2,1.638,-55.16,1.99,29,0
P047,HRTF_B,2,1.652,-56.36,1.94,29,0
P047,HRTF_B,2,1.666,-57.57,1.92,29,0
P047,HRTF_B,2,1.680,-58.62,1.87,29,0
P047,HRTF_B,2,1.694,-59.62,1.82,29,0
P047,HRTF_B,2,1.708,-60.48,1.78,29,0
P047,HRTF_B,2,1.722,-61.33,1.75,29,0
P047,HRTF_B,2,1.735,-62.06,1.75,29,0
P047,HRTF_B,2,1.749,-62.79,1.78,29,0
P047,HRTF_B,2,1.763,-63.45,1.74,29,0
P047,HRTF_B,2,1.777,-64.15,1.75,29,0
P047,HRTF_B,2,1.791,-64.76,1.82,29,0
P047,HRTF_B,2,1.805,-65.36,1.86,29,0
P047,HRTF_B,2,1.819,-65.92,1.90,29,0
P047,HRTF_B,2,1.833,-66.46,1.97,29,0
P047,HRTF_B,2,1.846,-66.90,2.03,29,0
P047,HRTF_B,2,1.860,-67.34,2.08,29,0
P047,HRTF_B,2,1.874,-67.74,2.09,29,0
P047,HRTF_B,2,1.888,-68.14,2.16,29,0
P047,HRTF_B,2,1.902,-68.48,2.21,29,0
P047,HRTF_B,2,1.916,-68.77,2.27,29,0
P047,HRTF_B,2,1.930,-69.04,2.24,29,0
P047,HRTF_B,2,1.944,-69.27,2.25,29,0
P047,HRTF_B,2,1.958,-69.45,2.22,29,0
P047,HRTF_B,2,1.971,-69.60,2.17,29,0
P047,HRTF_B,2,1.985,-69.75,2.13,29,0
P047,HRTF_B,2,1.999,-69.87,2.09,29,0
P047,HRTF_B,3,0.014,-2.61,0.93,28,1
P047,HRTF_B,3,0.028,-2.32,1.04,28,1
P047,HRTF_B,3,0.042,-2.05,1.11,28,1
P047,HRTF_B,3,0.055,-1.81,1.17,28,1
P047,HRTF_B,3,0.069,-1.60,1.22,28,1
P047,HRTF_B,3,0.083,-1.42,1.27,28,1
P047,HRTF_B,3,0.097,-1.27,1.33,28,1
P047,HRTF_B,3,0.111,-1.13,1.39,28,1
P047,HRTF_B,3,0.125,-1.00,1.43,28,1
P047,HRTF_B,3,0.139,-0.90,1.44,28,1
P047,HRTF_B,3,0.153,-0.81,1.46,28,1
P047,HRTF_B,3,0.167,-0.74,1.44,28,1
P047,HRTF_B,3,0.181,-0.70,1.39,28,1
P047,HRTF_B,3,0.195,-0.67,1.33,28,1
P047,HRTF_B,3,0.208,-0.66,1.26,28,1
P047,HRTF_B,3,0.223,-0.64,1.21,28,1
P047,HRTF_B,3,0.236,-0.65,1.19,28,1
P047,HRTF_B,3,0.250,-0.69,1.15,28,1
P047,HRTF_B,3,0.264,-0.71,1.10,28,1
P047,HRTF_B,3,0.278,-0.73,1.00,28,1
P047,HRTF_B,3,0.292,-0.76,0.89,28,1
P047,HRTF_B,3,0.306,-0.78,0.76,28,1
P047,HRTF_B,3,0.319,-0.80,0.63,28,1
P047,HRTF_B,3,0.333,-0.81,0.47,28,1
P047,HRTF_B,3,0.347,-0.83,0.20,28,1
P047,HRTF_B,3,0.361,-0.84,-0.02,28,1
P047,HRTF_B,3,0.375,-0.83,-0.20,28,1
P047,HRTF_B,3,0.389,-0.85,-0.37,28,1
P047,HRTF_B,3,0.403,-0.84,-0.51,28,1
P047,HRTF_B,3,0.417,-0.85,-0.61,28,1
P047,HRTF_B,3,0.431,-0.87,-0.66,28,1
P047,HRTF_B,3,0.444,-0.87,-0.70,28,1
P047,HRTF_B,3,0.458,-0.89,-0.68,28,1
P047,HRTF_B,3,0.472,-0.90,-0.65,28,1
P047,HRTF_B,3,0.486,-0.91,-0.63,28,1
P047,HRTF_B,3,0.500,-0.92,-0.57,28,1
P047,HRTF_B,3,0.514,-0.91,-0.53,28,1
P047,HRTF_B,3,0.528,-0.91,-0.49,28,1
P047,HRTF_B,3,0.542,-0.89,-0.46,28,1
P047,HRTF_B,3,0.556,-0.89,-0.45,28,1
P047,HRTF_B,3,0.569,-0.90,-0.44,28,1
P047,HRTF_B,3,0.583,-0.90,-0.45,28,1
P047,HRTF_B,3,0.597,-0.90,-0.44,28,1
P047,HRTF_B,3,0.611,-0.92,-0.45,28,1
P047,HRTF_B,3,0.625,-0.93,-0.45,28,1
P047,HRTF_B,3,0.639,-0.93,-0.46,28,1
P047,HRTF_B,3,0.653,-0.93,-0.47,28,1
P047,HRTF_B,3,0.667,-0.94,-0.48,28,1
P047,HRTF_B,3,0.680,-0.96,-0.49,28,1
P047,HRTF_B,3,0.694,-0.97,-0.49,28,1
P047,HRTF_B,3,0.708,-0.99,-0.49,28,1
P047,HRTF_B,3,0.722,-1.01,-0.49,28,1
P047,HRTF_B,3,0.736,-1.02,-0.49,28,1
P047,HRTF_B,3,0.750,-1.06,-0.48,28,1
P047,HRTF_B,3,0.764,-1.09,-0.50,28,1
P047,HRTF_B,3,0.777,-1.12,-0.51,28,1
P047,HRTF_B,3,0.792,-1.15,-0.52,28,1
P047,HRTF_B,3,0.805,-1.19,-0.51,28,1
P047,HRTF_B,3,0.819,-1.20,-0.50,28,1
P047,HRTF_B,3,0.833,-1.24,-0.51,28,1
P047,HRTF_B,3,0.847,-1.28,-0.52,28,1
P047,HRTF_B,3,0.861,-1.36,-0.50,28,1
P047,HRTF_B,3,0.875,-1.44,-0.49,28,1
P047,HRTF_B,3,0.889,-1.56,-0.48,28,1
P047,HRTF_B,3,0.903,-1.73,-0.47,28,1
P047,HRTF_B,3,0.917,-1.92,-0.50,28,1
P047,HRTF_B,3,0.930,-2.15,-0.51,28,1
P047,HRTF_B,3,0.944,-2.45,-0.51,28,1
P047,HRTF_B,3,0.958,-2.84,-0.50,28,1
P047,HRTF_B,3,0.972,-3.31,-0.50,28,1
P047,HRTF_B,3,0.986,-3.84,-0.47,28,1
P047,HRTF_B,3,1.000,-4.51,-0.42,28,1
P047,HRTF_B,3,1.014,-5.15,-0.44,28,1
P047,HRTF_B,3,1.027,-5.92,-0.42,28,1
P047,HRTF_B,3,1.041,-6.80,-0.40,28,1
P047,HRTF_B,3,1.055,-7.87,-0.42,28,1
P047,HRTF_B,3,1.069,-9.03,-0.45,28,1
P047,HRTF_B,3,1.083,-10.41,-0.46,28,1
P047,HRTF_B,3,1.097,-11.77,-0.44,28,1
P047,HRTF_B,3,1.111,-13.15,-0.44,28,1
P047,HRTF_B,3,1.125,-14.65,-0.45,28,1
P047,HRTF_B,3,1.139,-16.22,-0.45,28,1
P047,HRTF_B,3,1.153,-17.97,-0.45,28,1
P047,HRTF_B,3,1.166,-19.73,-0.43,28,1
P047,HRTF_B,3,1.181,-21.60,-0.33,28,1
P047,HRTF_B,3,1.194,-23.52,-0.37,28,1
P047,HRTF_B,3,1.208,-25.53,-0.37,28,1
P047,HRTF_B,3,1.222,-27.57,-0.40,28,1
P047,HRTF_B,3,1.236,-29.62,-0.45,28,1
P047,HRTF_B,3,1.250,-31.67,-0.46,28,1
P047,HRTF_B,3,1.264,-33.66,-0.45,28,1
P047,HRTF_B,3,1.277,-35.68,-0.48,28,1
P047,HRTF_B,3,1.291,-37.67,-0.48,28,1
P047,HRTF_B,3,1.305,-39.65,-0.50,28,1
P047,HRTF_B,3,1.319,-41.55,-0.51,28,1
P047,HRTF_B,3,1.333,-43.36,-0.52,28,1
P047,HRTF_B,3,1.347,-45.09,-0.54,28,1
P047,HRTF_B,3,1.361,-46.81,-0.57,28,1
P047,HRTF_B,3,1.375,-48.49,-0.66,28,1
P047,HRTF_B,3,1.389,-50.17,-0.77,28,1
P047,HRTF_B,3,1.403,-51.79,-0.85,28,1
P047,HRTF_B,3,1.417,-53.34,-0.93,28,1
P047,HRTF_B,3,1.430,-54.96,-0.97,28,1
P047,HRTF_B,3,1.444,-56.58,-1.09,28,1
P047,HRTF_B,3,1.458,-58.25,-1.20,28,1
P047,HRTF_B,3,1.472,-59.84,-1.33,28,1
P047,HRTF_B,3,1.486,-61.40,-1.43,28,1
P047,HRTF_B,3,1.500,-62.85,-1.43,28,1
P047,HRTF_B,3,1.514,-64.19,-1.38,28,1
P047,HRTF_B,3,1.528,-65.51,-1.30,28,1
P047,HRTF_B,3,1.541,-66.61,-1.12,28,1
P047,HRTF_B,3,1.555,-67.61,-0.92,28,1
P047,HRTF_B,3,1.569,-68.52,-0.65,28,1
P047,HRTF_B,3,1.583,-69.26,-0.33,28,1
P047,HRTF_B,3,1.597,-69.82,0.05,28,1
P047,HRTF_B,3,1.611,-70.36,0.40,28,1
P047,HRTF_B,3,1.625,-70.77,0.78,28,1
P047,HRTF_B,3,1.639,-71.21,1.13,28,1
P047,HRTF_B,3,1.652,-71.59,1.47,28,1
P047,HRTF_B,3,1.666,-71.90,1.81,28,1
P047,HRTF_B,3,1.680,-72.20,2.19,28,1
P047,HRTF_B,3,1.694,-72.48,2.55,28,1
P047,HRTF_B,3,1.708,-72.68,2.92,28,1
P047,HRTF_B,3,1.722,-72.82,3.31,28,1
P047,HRTF_B,3,1.736,-72.91,3.71,28,1
P047,HRTF_B,3,1.750,-73.02,4.15,28,1
P047,HRTF_B,3,1.763,-73.08,4.56,28,1
P047,HRTF_B,3,1.778,-73.20,4.89,28,1
P047,HRTF_B,3,1.792,-73.35,5.09,28,1
P047,HRTF_B,3,1.805,-73.54,5.16,28,1
P047,HRTF_B,3,1.820,-73.76,5.27,28,1
P047,HRTF_B,3,1.833,-73.98,5.46,28,1
P047,HRTF_B,3,1.847,-74.16,5.65,28,1
P047,HRTF_B,3,1.861,-74.31,5.87,28,1
P047,HRTF_B,3,1.875,-74.52,6.05,28,1
P047,HRTF_B,3,1.888,-74.69,6.28,28,1
P047,HRTF_B,3,1.902,-74.86,6.48,28,1
P047,HRTF_B,3,1.916,-75.04,6.67,28,1
P047,HRTF_B,3,1.930,-75.18,6.77,28,1
P047,HRTF_B,3,1.944,-75.35,6.81,28,1
P047,HRTF_B,3,1.958,-75.50,6.79,28,1
P047,HRTF_B,3,1.972,-75.66,6.77,28,1
P047,HRTF_B,3,1.986,-75.78,6.74,28,1
P047,HRTF_B,3,2.000,-75.88,6.71,28,1
P047,HRTF_B,3,2.014,-75.95,6.74,28,1
P047,HRTF_B,3,2.027,-76.01,6.81,28,1
P047,HRTF_B,3,2.041,-76.03,6.91,28,1
P047,HRTF_B,3,2.055,-76.05,7.05,28,1
P047,HRTF_B,4,0.014,0.93,3.34,4,1
P047,HRTF_B,4,0.028,1.10,3.36,4,1
P047,HRTF_B,4,0.042,1.27,3.39,4,1
P047,HRTF_B,4,0.055,1.43,3.41,4,1
P047,HRTF_B,4,0.069,1.59,3.41,4,1
P047,HRTF_B,4,0.083,1.77,3.40,4,1
P047,HRTF_B,4,0.097,1.94,3.37,4,1
P047,HRTF_B,4,0.111,2.12,3.36,4,1
P047,HRTF_B,4,0.126,2.30,3.38,4,1
P047,HRTF_B,4,0.139,2.47,3.41,4,1
P047,HRTF_B,4,0.153,2.65,3.40,4,1
P047,HRTF_B,4,0.167,2.82,3.38,4,1
P047,HRTF_B,4,0.180,2.99,3.36,4,1
P047,HRTF_B,4,0.195,3.15,3.37,4,1
P047,HRTF_B,4,0.208,3.30,3.36,4,1
P047,HRTF_B,4,0.222,3.44,3.33,4,1
P047,HRTF_B,4,0.236,3.57,3.32,4,1
P047,HRTF_B,4,0.250,3.68,3.30,4,1
P047,HRTF_B,4,0.264,3.79,3.32,4,1
P047,HRTF_B,4,0.278,3.89,3.35,4,1
P047,HRTF_B,4,0.291,3.97,3.37,4,1
P047,HRTF_B,4,0.306,4.03,3.37,4,1
P047,HRTF_B,4,0.319,4.07,3.39,4,1
P047,HRTF_B,4,0.333,4.10,3.41,4,1
P047,HRTF_B,4,0.347,4.11,3.42,4,1
P047,HRTF_B,4,0.361,4.11,3.44,4,1
P047,HRTF_B,4,0.375,4.08,3.43,4,1
P047,HRTF_B,4,0.389,4.04,3.41,4,1
P047,HRTF_B,4,0.403,3.98,3.39,4,1
P047,HRTF_B,4,0.417,3.91,3.37,4,1
P047,HRTF_B,4,0.431,3.82,3.36,4,1
P047,HRTF_B,4,0.444,3.71,3.37,4,1
P047,HRTF_B,4,0.458,3.61,3.38,4,1
P047,HRTF_B,4,0.472,3.53,3.36,4,1
P047,HRTF_B,4,0.486,3.42,3.36,4,1
P047,HRTF_B,4,0.500,3.33,3.34,4,1
P047,HRTF_B,4,0.514,3.21,3.31,4,1
P047,HRTF_B,4,0.528,3.11,3.28,4,1
P047,HRTF_B,4,0.541,2.99,3.30,4,1
P047,HRTF_B,4,0.555,2.88,3.31,4,1
P047,HRTF_B,4,0.569,2.77,3.32,4,1
P047,HRTF_B,4,0.583,2.67,3.34,4,1
P047,HRTF_B,4,0.597,2.58,3.34,4,1
P047,HRTF_B,4,0.611,2.48,3.33,4,1
P047,HRTF_B,4,0.625,2.39,3.34,4,1
P047,HRTF_B,4,0.639,2.30,3.33,4,1
P047,HRTF_B,4,0.653,2.22,3.33,4,1
P047,HRTF_B,4,0.667,2.11,3.31,4,1
P047,HRTF_B,4,0.680,2.02,3.26,4,1
P047,HRTF_B,4,0.694,1.94,3.22,4,1
P047,HRTF_B,4,0.708,1.83,3.20,4,1
P047,HRTF_B,4,0.722,1.74,3.18,4,1
P047,HRTF_B,4,0.736,1.63,3.18,4,1
P047,HRTF_B,4,0.750,1.53,3.17,4,1
P047,HRTF_B,4,0.764,1.45,3.14,4,1
P047,HRTF_B,4,0.778,1.34,3.14,4,1
P047,HRTF_B,4,0.792,1.25,3.11,4,1
P047,HRTF_B,4,0.806,1.15,3.10,4,1
P047,HRTF_B,4,0.820,1.04,3.10,4,1
P047,HRTF_B,4,0.833,0.94,3.10,4,1
P047,HRTF_B,4,0.847,0.83,3.11,4,1
P047,HRTF_B,4,0.861,0.73,3.11,4,1
P047,HRTF_B,4,0.875,0.64,3.12,4,1
P047,HRTF_B,4,0.889,0.57,3.11,4,1
P047,HRTF_B,4,0.903,0.53,3.09,4,1
P047,HRTF_B,4,0.917,0.53,3.09,4,1
P047,HRTF_B,4,0.930,0.57,3.10,4,1
P047,HRTF_B,4,0.944,0.61,3.11,4,1
P047,HRTF_B,4,0.958,0.65,3.11,4,1
P047,HRTF_B,4,0.972,0.73,3.13,4,1
P047,HRTF_B,4,0.986,0.85,3.17,4,1
P047,HRTF_B,4,1.000,1.01,3.20,4,1
P047,HRTF_B,4,1.014,1.23,3.18,4,1
P047,HRTF_B,4,1.028,1.47,3.16,4,1
P047,HRTF_B,4,1.041,1.71,3.13,4,1
P047,HRTF_B,4,1.055,1.97,3.13,4,1
P047,HRTF_B,4,1.069,2.26,3.11,4,1
P047,HRTF_B,4,1.083,2.61,3.07,4,1
P047,HRTF_B,4,1.097,3.06,3.03,4,1
P047,HRTF_B,4,1.111,3.55,3.01,4,1
P047,HRTF_B,4,1.125,4.10,3.01,4,1
P047,HRTF_B,4,1.139,4.66,2.92,4,1
P047,HRTF_B,4,1.153,5.26,2.86,4,1
P047,HRTF_B,4,1.166,5.89,2.77,4,1
P047,HRTF_B,4,1.180,6.55,2.72,4,1
P047,HRTF_B,4,1.194,7.24,2.70,4,1
P047,HRTF_B,4,1.208,7.93,2.73,4,1
P047,HRTF_B,4,1.222,8.70,2.77,4,1
P047,HRTF_B,4,1.236,9.50,2.84,4,1
P047,HRTF_B,4,1.250,10.39,2.92,4,1
P047,HRTF_B,4,1.264,11.26,3.08,4,1
P047,HRTF_B,4,1.277,12.21,3.29,4,1
P047,HRTF_B,4,1.291,13.17,3.45,4,1
P047,HRTF_B,4,1.305,14.18,3.59,4,1
P047,HRTF_B,4,1.319,15.29,3.72,4,1
P047,HRTF_B,4,1.333,16.44,3.88,4,1
P047,HRTF_B,4,1.347,17.61,4.10,4,1
P047,HRTF_B,4,1.361,18.84,4.34,4,1
P047,HRTF_B,4,1.375,20.09,4.60,4,1
P047,HRTF_B,4,1.389,21.44,4.88,4,1
P047,HRTF_B,4,1.403,22.83,5.08,4,1
P047,HRTF_B,4,1.416,24.17,5.31,4,1
P047,HRTF_B,4,1.430,25.52,5.57,4,1
P047,HRTF_B,4,1.444,26.80,5.86,4,1
P047,HRTF_B,4,1.458,28.11,6.19,4,1
P047,HRTF_B,4,1.472,29.40,6.50,4,1
P047,HRTF_B,4,1.486,30.77,6.78,4,1
P047,HRTF_B,4,1.500,32.12,7.00,4,1
P047,HRTF_B,4,1.514,33.46,7.16,4,1
P047,HRTF_B,4,1.528,34.82,7.32,4,1
P047,HRTF_B,4,1.541,36.20,7.48,4,1
P047,HRTF_B,4,1.555,37.69,7.51,4,1
P047,HRTF_B,4,1.569,39.21,7.53,4,1
P047,HRTF_B,4,1.583,40.71,7.59,4,1
P047,HRTF_B,4,1.597,42.24,7.60,4,1
P047,HRTF_B,4,1.611,43.66,7.72,4,1
P047,HRTF_B,4,1.625,45.04,7.86,4,1
P047,HRTF_B,4,1.639,46.41,8.06,4,1
P047,HRTF_B,4,1.653,47.65,8.29,4,1
P047,HRTF_B,4,1.666,48.81,8.54,4,1
P047,HRTF_B,4,1.680,49.84,8.75,4,1
P047,HRTF_B,4,1.694,50.75,8.86,4,1
P047,HRTF_B,4,1.708,51.57,8.99,4,1
P047,HRTF_B,4,1.722,52.25,9.17,4,1
P047,HRTF_B,4,1.736,52.94,9.33,4,1
P047,HRTF_B,4,1.750,53.48,9.52,4,1
P047,HRTF_B,4,1.764,54.06,9.68,4,1
P047,HRTF_B,4,1.778,54.62,9.86,4,1
P047,HRTF_B,4,1.791,55.08,10.03,4,1
P047,HRTF_B,4,1.805,55.52,10.18,4,1
P047,HRTF_B,4,1.819,55.89,10.31,4,1
P047,HRTF_B,4,1.833,56.26,10.40,4,1
P047,HRTF_B,4,1.847,56.62,10.57,4,1
P047,HRTF_B,4,1.861,56.98,10.69,4,1
P047,HRTF_B,4,1.875,57.27,10.76,4,1
P047,HRTF_B,4,1.888,57.54,10.84,4,1
P047,HRTF_B,4,1.903,57.78,10.84,4,1
P047,HRTF_B,4,1.917,57.99,10.80,4,1
P047,HRTF_B,4,1.930,58.17,10.74,4,1
P047,HRTF_B,4,1.944,58.31,10.72,4,1
P047,HRTF_B,4,1.958,58.39,10.75,4,1
P047,HRTF_B,4,1.972,58.45,10.75,4,1
P047,HRTF_B,4,1.986,58.50,10.76,4,1
P047,HRTF_B,4,1.999,58.59,10.71,4,1
P047,HRTF_B,4,2.013,58.65,10.65,4,1
P047,HRTF_B,4,2.027,58.72,10.61,4,1
P047,HRTF_B,4,2.041,58.78,10.59,4,1
P047,HRTF_B,4,2.055,58.83,10.61,4,1
P047,HRTF_B,4,2.069,58.87,10.66,4,1
P047,HRTF_B,4,2.083,58.89,10.72,4,1
P047,HRTF_B,4,2.097,58.93,10.74,4,1
P047,HRTF_B,5,0.014,-3.13,3.17,13,1
P047,HRTF_B,5,0.028,-3.39,3.13,13,1
P047,HRTF_B,5,0.042,-3.65,3.10,13,1
P047,HRTF_B,5,0.056,-3.90,3.08,13,1
P047,HRTF_B,5,0.070,-4.14,3.06,13,1
P047,HRTF_B,5,0.083,-4.38,3.02,13,1
P047,HRTF_B,5,0.097,-4.62,2.99,13,1
P047,HRTF_B,5,0.111,-4.86,2.96,13,1
P047,HRTF_B,5,0.125,-5.08,2.91,13,1
P047,HRTF_B,5,0.139,-5.30,2.93,13,1
P047,HRTF_B,5,0.153,-5.52,2.93,13,1
P047,HRTF_B,5,0.167,-5.71,2.94,13,1
P047,HRTF_B,5,0.181,-5.88,2.95,13,1
P047,HRTF_B,5,0.194,-6.04,2.91,13,1
P047,HRTF_B,5,0.208,-6.15,2.84,13,1
P047,HRTF_B,5,0.222,-6.26,2.77,13,1
P047,HRTF_B,5,0.236,-6.31,2.72,13,1
P047,HRTF_B,5,0.250,-6.35,2.69,13,1
P047,HRTF_B,5,0.264,-6.39,2.66,13,1
P047,HRTF_B,5,0.278,-6.39,2.63,13,1
P047,HRTF_B,5,0.292,-6.42,2.62,13,1
P047,HRTF_B,5,0.305,-6.43,2.62,13,1
P047,HRTF_B,5,0.319,-6.43,2.65,13,1
P047,HRTF_B,5,0.333,-6.42,2.66,13,1
P047,HRTF_B,5,0.347,-6.43,2.68,13,1
P047,HRTF_B,5,0.361,-6.41,2.72,13,1
P047,HRTF_B,5,0.375,-6.40,2.72,13,1
P047,HRTF_B,5,0.389,-6.38,2.74,13,1
P047,HRTF_B,5,0.403,-6.38,2.76,13,1
P047,HRTF_B,5,0.417,-6.37,2.81,13,1
P047,HRTF_B,5,0.431,-6.34,2.88,13,1
P047,HRTF_B,5,0.444,-6.32,2.94,13,1
P047,HRTF_B,5,0.459,-6.32,3.00,13,1
P047,HRTF_B,5,0.472,-6.31,3.05,13,1
P047,HRTF_B,5,0.486,-6.31,3.08,13,1
P047,HRTF_B,5,0.500,-6.32,3.09,13,1
P047,HRTF_B,5,0.514,-6.33,3.07,13,1
P047,HRTF_B,5,0.528,-6.32,3.05,13,1
P047,HRTF_B,5,0.541,-6.33,3.01,13,1
P047,HRTF_B,5,0.555,-6.33,2.98,13,1
P047,HRTF_B,5,0.569,-6.34,2.97,13,1
P047,HRTF_B,5,0.583,-6.35,2.97,13,1
P047,HRTF_B,5,0.597,-6.36,3.00,13,1
P047,HRTF_B,5,0.611,-6.40,3.05,13,1
P047,HRTF_B,5,0.625,-6.42,3.06,13,1
P047,HRTF_B,5,0.639,-6.44,3.05,13,1
P047,HRTF_B,5,0.653,-6.47,3.02,13,1
P047,HRTF_B,5,0.667,-6.51,3.02,13,1
P047,HRTF_B,5,0.680,-6.53,3.04,13,1
P047,HRTF_B,5,0.694,-6.57,3.08,13,1
P047,HRTF_B,5,0.708,-6.60,3.12,13,1
P047,HRTF_B,5,0.722,-6.66,3.17,13,1
P047,HRTF_B,5,0.736,-6.71,3.21,13,1
P047,HRTF_B,5,0.750,-6.76,3.24,13,1
P047,HRTF_B,5,0.764,-6.82,3.25,13,1
P047,HRTF_B,5,0.778,-6.89,3.28,13,1
P047,HRTF_B,5,0.792,-6.98,3.30,13,1
P047,HRTF_B,5,0.805,-7.07,3.34,13,1
P047,HRTF_B,5,0.819,-7.16,3.37,13,1
P047,HRTF_B,5,0.833,-7.25,3.43,13,1
P047,HRTF_B,5,0.847,-7.33,3.47,13,1
P047,HRTF_B,5,0.861,-7.41,3.51,13,1
P047,HRTF_B,5,0.875,-7.47,3.52,13,1
P047,HRTF_B,5,0.889,-7.52,3.50,13,1
P047,HRTF_B,5,0.903,-7.55,3.49,13,1
P047,HRTF_B,5,0.916,-7.53,3.51,13,1
P047,HRTF_B,5,0.931,-7.42,3.53,13,1
P047,HRTF_B,5,0.944,-7.21,3.55,13,1
P047,HRTF_B,5,0.958,-6.89,3.59,13,1
P047,HRTF_B,5,0.972,-6.55,3.65,13,1
P047,HRTF_B,5,0.986,-6.15,3.74,13,1
P047,HRTF_B,5,1.000,-5.78,3.84,13,1
P047,HRTF_B,5,1.014,-5.37,3.95,13,1
P047,HRTF_B,5,1.028,-4.90,4.00,13,1
P047,HRTF_B,5,1.042,-4.39,4.04,13,1
P047,HRTF_B,5,1.056,-3.81,4.09,13,1
P047,HRTF_B,5,1.069,-3.21,4.10,13,1
P047,HRTF_B,5,1.083,-2.57,4.14,13,1
P047,HRTF_B,5,1.097,-1.84,4.19,13,1
P047,HRTF_B,5,1.111,-1.14,4.25,13,1
P047,HRTF_B,5,1.125,-0.34,4.29,13,1
P047,HRTF_B,5,1.139,0.51,4.29,13,1
P047,HRTF_B,5,1.153,1.39,4.31,13,1
P047,HRTF_B,5,1.167,2.37,4.29,13,1
P047,HRTF_B,5,1.181,3.41,4.29,13,1
P047,HRTF_B,5,1.194,4.49,4.35,13,1
P047,HRTF_B,5,1.208,5.56,4.42,13,1
P047,HRTF_B,5,1.222,6.73,4.52,13,1
P047,HRTF_B,5,1.236,7.99,4.59,13,1
P047,HRTF_B,5,1.250,9.32,4.59,13,1
P047,HRTF_B,5,1.264,10.78,4.63,13,1
P047,HRTF_B,5,1.278,12.21,4.64,13,1
P047,HRTF_B,5,1.292,13.77,4.69,13,1
P047,HRTF_B,5,1.305,15.42,4.68,13,1
P047,HRTF_B,5,1.319,17.12,4.64,13,1
P047,HRTF_B,5,1.333,18.90,4.57,13,1
P047,HRTF_B,5,1.347,20.68,4.48,13,1
P047,HRTF_B,5,1.361,22.60,4.34,13,1
P047,HRTF_B,5,1.375,24.57,4.19,13,1
P047,HRTF_B,5,1.389,26.76,3.97,13,1
P047,HRTF_B,5,1.403,28.98,3.72,13,1
P047,HRTF_B,5,1.416,31.18,3.49,13,1
P047,HRTF_B,5,1.430,33.31,3.24,13,1
P047,HRTF_B,5,1.444,35.43,3.07,13,1
P047,HRTF_B,5,1.458,37.44,2.94,13,1
P047,HRTF_B,5,1.472,39.48,2.78,13,1
P047,HRTF_B,5,1.486,41.49,2.62,13,1
P047,HRTF_B,5,1.500,43.50,2.48,13,1
P047,HRTF_B,5,1.514,45.47,2.39,13,1
P047,HRTF_B,5,1.528,47.48,2.26,13,1
P047,HRTF_B,5,1.542,49.51,1.99,13,1
P047,HRTF_B,5,1.555,51.53,1.70,13,1
P047,HRTF_B,5,1.569,53.60,1.28,13,1
P047,HRTF_B,5,1.583,55.63,0.83,13,1
P047,HRTF_B,5,1.597,57.56,0.26,13,1
P047,HRTF_B,5,1.611,59.51,-0.42,13,1
P047,HRTF_B,5,1.625,61.36,-1.21,13,1
P047,HRTF_B,5,1.639,63.22,-1.88,13,1
P047,HRTF_B,5,1.653,65.10,-2.45,13,1
P047,HRTF_B,5,1.666,66.98,-2.89,13,1
P047,HRTF_B,5,1.680,68.78,-3.31,13,1
P047,HRTF_B,5,1.694,70.56,-3.74,13,1
P047,HRTF_B,5,1.708,72.26,-4.16,13,1
P047,HRTF_B,5,1.722,73.93,-4.50,13,1
P047,HRTF_B,5,1.736,75.53,-4.90,13,1
P047,HRTF_B,5,1.750,77.08,-5.38,13,1
P047,HRTF_B,5,1.764,78.58,-5.93,13,1
P047,HRTF_B,5,1.778,80.05,-6.46,13,1
P047,HRTF_B,5,1.792,81.47,-6.99,13,1
P047,HRTF_B,5,1.805,82.81,-7.63,13,1
P047,HRTF_B,5,1.819,84.07,-8.44,13,1
P047,HRTF_B,5,1.833,85.33,-9.15,13,1
P047,HRTF_B,5,1.847,86.54,-9.82,13,1
P047,HRTF_B,5,1.861,87.78,-10.45,13,1
P047,HRTF_B,5,1.875,88.92,-11.09,13,1
P047,HRTF_B,5,1.889,90.07,-11.82,13,1
P047,HRTF_B,5,1.903,91.18,-12.49,13,1
P047,HRTF_B,5,1.917,92.22,-13.10,13,1
P047,HRTF_B,5,1.931,93.26,-13.75,13,1
P047,HRTF_B,5,1.944,94.26,-14.54,13,1
P047,HRTF_B,5,1.958,95.31,-15.34,13,1
P047,HRTF_B,5,1.972,96.42,-16.01,13,1
P047,HRTF_B,5,1.986,97.56,-16.53,13,1
P047,HRTF_B,5,2.000,98.79,-16.92,13,1
P047,HRTF_B,5,2.014,100.04,-17.28,13,1
P047,HRTF_B,5,2.028,101.39,-17.38,13,1
P047,HRTF_B,5,2.041,102.67,-17.47,13,1
P047,HRTF_B,5,2.055,104.01,-17.44,13,1
P047,HRTF_B,5,2.069,105.41,-17.34,13,1
P047,HRTF_B,5,2.083,106.86,-17.31,13,1
P047,HRTF_B,5,2.097,108.29,-17.35,13,1
P047,HRTF_B,5,2.111,109.77,-17.42,13,1
P047,HRTF_B,5,2.125,111.33,-17.42,13,1
P047,HRTF_B,5,2.139,112.85,-17.31,13,1
P047,HRTF_B,5,2.153,114.34,-17.08,13,1
P047,HRTF_B,5,2.167,115.69,-16.74,13,1
P047,HRTF_B,5,2.180,117.01,-16.31,13,1
P047,HRTF_B,5,2.194,118.15,-15.81,13,1
P047,HRTF_B,5,2.208,119.25,-15.28,13,1
P047,HRTF_B,5,2.222,120.28,-14.77,13,1
P047,HRTF_B,5,2.236,121.13,-14.35,13,1
P047,HRTF_B,5,2.250,122.06,-14.04,13,1
P047,HRTF_B,5,2.264,122.82,-13.75,13,1
P047,HRTF_B,5,2.277,123.59,-13.37,13,1
P047,HRTF_B,5,2.292,124.28,-12.99,13,1
P047,HRTF_B,5,2.305,124.90,-12.60,13,1
P047,HRTF_B,5,2.319,125.48,-12.29,13,1
P047,HRTF_B,5,2.333,125.99,-12.06,13,1
P047,HRTF_B,5,2.347,126.48,-11.81,13,1
P047,HRTF_B,5,2.361,126.90,-11.53,13,1
P047,HRTF_B,5,2.375,127.26,-11.31,13,1
P047,HRTF_B,5,2.389,127.55,-11.06,13,1
P047,HRTF_B,5,2.403,127.73,-10.86,13,1
P047,HRTF_B,5,2.416,127.93,-10.68,13,1
P047,HRTF_B,5,2.430,128.05,-10.56,13,1
P047,HRTF_B,5,2.444,128.14,-10.42,13,1
P047,HRTF_B,5,2.458,128.20,-10.36,13,1
P047,HRTF_B,5,2.472,128.19,-10.32,13,1
P047,HRTF_B,5,2.486,128.18,-10.26,13,1
P047,HRTF_B,5,2.500,128.10,-10.17,13,1
P047,HRTF_B,5,2.514,128.00,-10.05,13,1
P047,HRTF_B,5,2.527,127.87,-9.96,13,1
P047,HRTF_B,5,2.542,127.68,-9.84,13,1
P047,HRTF_B,6,0.014,0.98,1.23,7,1
P047,HRTF_B,6,0.028,1.06,1.20,7,1
P047,HRTF_B,6,0.042,1.15,1.17,7,1
P047,HRTF_B,6,0.056,1.24,1.14,7,1
P047,HRTF_B,6,0.070,1.35,1.12,7,1
P047,HRTF_B,6,0.084,1.44,1.09,7,1
P047,HRTF_B,6,0.097,1.56,1.08,7,1
P047,HRTF_B,6,0.111,1.66,1.08,7,1
P047,HRTF_B,6,0.125,1.78,1.08,7,1
P047,HRTF_B,6,0.139,1.87,1.07,7,1
P047,HRTF_B,6,0.153,1.96,1.05,7,1
P047,HRTF_B,6,0.167,2.05,1.03,7,1
P047,HRTF_B,6,0.181,2.15,1.04,7,1
P047,HRTF_B,6,0.194,2.27,1.03,7,1
P047,HRTF_B,6,0.208,2.39,1.05,7,1
P047,HRTF_B,6,0.222,2.52,1.06,7,1
P047,HRTF_B,6,0.236,2.65,1.07,7,1
P047,HRTF_B,6,0.250,2.80,1.11,7,1
P047,HRTF_B,6,0.264,2.95,1.15,7,1
P047,HRTF_B,6,0.278,3.12,1.20,7,1
P047,HRTF_B,6,0.292,3.33,1.25,7,1
P047,HRTF_B,6,0.306,3.54,1.29,7,1
P047,HRTF_B,6,0.319,3.76,1.33,7,1
P047,HRTF_B,6,0.333,3.97,1.35,7,1
P047,HRTF_B,6,0.347,4.20,1.37,7,1
P047,HRTF_B,6,0.361,4.43,1.39,7,1
P047,HRTF_B,6,0.375,4.67,1.41,7,1
P047,HRTF_B,6,0.389,4.92,1.39,7,1
P047,HRTF_B,6,0.403,5.17,1.37,7,1
P047,HRTF_B,6,0.417,5.40,1.34,7,1
P047,HRTF_B,6,0.431,5.66,1.32,7,1
P047,HRTF_B,6,0.444,5.91,1.33,7,1
P047,HRTF_B,6,0.458,6.18,1.34,7,1
P047,HRTF_B,6,0.472,6.44,1.33,7,1
P047,HRTF_B,6,0.486,6.71,1.29,7,1
P047,HRTF_B,6,0.500,6.99,1.26,7,1
P047,HRTF_B,6,0.514,7.27,1.25,7,1
P047,HRTF_B,6,0.527,7.55,1.23,7,1
P047,HRTF_B,6,0.541,7.86,1.25,7,1
P047,HRTF_B,6,0.556,8.16,1.25,7,1
P047,HRTF_B,6,0.569,8.49,1.25,7,1
P047,HRTF_B,6,0.583,8.81,1.25,7,1
P047,HRTF_B,6,0.597,9.13,1.23,7,1
P047,HRTF_B,6,0.611,9.45,1.21,7,1
P047,HRTF_B,6,0.625,9.79,1.20,7,1
P047,HRTF_B,6,0.639,10.13,1.20,7,1
P047,HRTF_B,6,0.653,10.45,1.20,7,1
P047,HRTF_B,6,0.667,10.80,1.18,7,1
P047,HRTF_B,6,0.680,11.15,1.18,7,1
P047,HRTF_B,6,0.694,11.49,1.18,7,1
P047,HRTF_B,6,0.708,11.82,1.15,7,1
P047,HRTF_B,6,0.722,12.15,1.14,7,1
P047,HRTF_B,6,0.736,12.50,1.12,7,1
P047,HRTF_B,6,0.750,12.81,1.10,7,1
P047,HRTF_B,6,0.764,13.14,1.12,7,1
P047,HRTF_B,6,0.778,13.47,1.06,7,1
P047,HRTF_B,6,0.792,13.77,1.04,7,1
P047,HRTF_B,6,0.806,14.11,0.98,7,1
P047,HRTF_B,6,0.819,14.43,0.98,7,1
P047,HRTF_B,6,0.833,14.79,0.95,7,1
P047,HRTF_B,6,0.847,15.23,0.95,7,1
P047,HRTF_B,6,0.861,15.71,0.94,7,1
P047,HRTF_B,6,0.875,16.19,0.94,7,1
P047,HRTF_B,6,0.889,16.66,0.94,7,1
P047,HRTF_B,6,0.903,17.18,0.99,7,1
P047,HRTF_B,6,0.917,17.76,1.05,7,1
P047,HRTF_B,6,0.930,18.42,1.07,7,1
P047,HRTF_B,6,0.944,19.11,1.12,7,1
P047,HRTF_B,6,0.958,19.92,1.16,7,1
P047,HRTF_B,6,0.972,20.78,1.21,7,1
P047,HRTF_B,6,0.986,21.63,1.21,7,1
P047,HRTF_B,6,1.000,22.59,1.23,7,1
P047,HRTF_B,6,1.014,23.55,1.26,7,1
P047,HRTF_B,6,1.028,24.56,1.29,7,1
P047,HRTF_B,6,1.042,25.64,1.29,7,1
P047,HRTF_B,6,1.056,26.74,1.33,7,1
P047,HRTF_B,6,1.069,27.88,1.37,7,1
P047,HRTF_B,6,1.083,29.06,1.39,7,1
P047,HRTF_B,6,1.097,30.23,1.36,7,1
P047,HRTF_B,6,1.111,31.39,1.29,7,1
P047,HRTF_B,6,1.125,32.52,1.23,7,1
P047,HRTF_B,6,1.139,33.66,1.21,7,1
P047,HRTF_B,6,1.153,34.84,1.17,7,1
P047,HRTF_B,6,1.167,36.02,1.20,7,1
P047,HRTF_B,6,1.180,37.21,1.24,7,1
P047,HRTF_B,6,1.194,38.42,1.30,7,1
P047,HRTF_B,6,1.208,39.67,1.33,7,1
P047,HRTF_B,6,1.222,40.86,1.42,7,1
P047,HRTF_B,6,1.236,42.10,1.49,7,1
P047,HRTF_B,6,1.250,43.36,1.55,7,1
P047,HRTF_B,6,1.264,44.68,1.60,7,1
P047,HRTF_B,6,1.278,46.00,1.70,7,1
P047,HRTF_B,6,1.292,47.37,1.78,7,1
P047,HRTF_B,6,1.305,48.75,1.87,7,1
P047,HRTF_B,6,1.319,50.16,1.96,7,1
P047,HRTF_B,6,1.334,51.66,2.05,7,1
P047,HRTF_B,6,1.347,53.11,2.07,7,1
P047,HRTF_B,6,1.361,54.59,2.07,7,1
P047,HRTF_B,6,1.375,56.05,2.06,7,1
P047,HRTF_B,6,1.389,57.55,2.07,7,1
P047,HRTF_B,6,1.403,59.02,2.10,7,1
P047,HRTF_B,6,1.417,60.52,2.18,7,1
P047,HRTF_B,6,1.431,62.07,2.30,7,1
P047,HRTF_B,6,1.445,63.62,2.41,7,1
P047,HRTF_B,6,1.458,65.15,2.53,7,1
P047,HRTF_B,6,1.472,66.69,2.62,7,1
P047,HRTF_B,6,1.486,68.32,2.73,7,1
P047,HRTF_B,6,1.500,69.93,2.77,7,1
P047,HRTF_B,6,1.514,71.54,2.85,7,1
P047,HRTF_B,6,1.528,73.14,2.95,7,1
P047,HRTF_B,6,1.542,74.74,3.04,7,1
P047,HRTF_B,6,1.556,76.28,3.14,7,1
P047,HRTF_B,6,1.570,77.81,3.18,7,1
P047,HRTF_B,6,1.583,79.32,3.21,7,1
P047,HRTF_B,6,1.597,80.79,3.18,7,1
P047,HRTF_B,6,1.611,82.26,3.18,7,1
P047,HRTF_B,6,1.625,83.71,3.16,7,1
P047,HRTF_B,6,1.639,85.14,3.14,7,1
P047,HRTF_B,6,1.653,86.57,3.11,7,1
P047,HRTF_B,6,1.667,87.98,3.07,7,1
P047,HRTF_B,6,1.681,89.44,3.00,7,1
P047,HRTF_B,6,1.695,90.86,2.98,7,1
P047,HRTF_B,6,1.709,92.32,2.93,7,1
P047,HRTF_B,6,1.722,93.83,2.94,7,1
P047,HRTF_B,6,1.736,95.37,2.94,7,1
P047,HRTF_B,6,1.750,96.93,2.94,7,1
P047,HRTF_B,6,1.764,98.50,2.83,7,1
P047,HRTF_B,6,1.778,100.16,2.61,7,1
P047,HRTF_B,6,1.792,101.89,2.31,7,1
P047,HRTF_B,6,1.806,103.66,1.83,7,1
P047,HRTF_B,6,1.820,105.39,1.20,7,1
P047,HRTF_B,6,1.833,107.09,0.68,7,1
P047,HRTF_B,6,1.847,108.77,0.13,7,1
P047,HRTF_B,6,1.861,110.43,-0.28,7,1
P047,HRTF_B,6,1.875,112.14,-0.60,7,1
P047,HRTF_B,6,1.889,113.79,-0.90,7,1
P047,HRTF_B,6,1.903,115.45,-1.12,7,1
P047,HRTF_B,6,1.917,117.14,-1.19,7,1
P047,HRTF_B,6,1.931,118.68,-1.29,7,1
P047,HRTF_B,6,1.944,120.16,-1.44,7,1
P047,HRTF_B,6,1.958,121.63,-1.64,7,1
P047,HRTF_B,6,1.972,123.06,-1.82,7,1
P047,HRTF_B,6,1.986,124.38,-1.92,7,1
P047,HRTF_B,6,2.000,125.71,-1.97,7,1
P047,HRTF_B,6,2.014,126.90,-2.15,7,1
P047,HRTF_B,6,2.028,128.11,-2.51,7,1
P047,HRTF_B,6,2.042,129.34,-3.04,7,1
P047,HRTF_B,6,2.056,130.60,-3.67,7,1
P047,HRTF_B,6,2.070,131.79,-4.21,7,1
P047,HRTF_B,6,2.085,132.92,-4.74,7,1
P047,HRTF_B,6,2.099,133.99,-5.19,7,1
P047,HRTF_B,6,2.112,135.10,-5.66,7,1
P047,HRTF_B,6,2.126,136.14,-6.09,7,1
P047,HRTF_B,6,2.140,137.15,-6.44,7,1
P047,HRTF_B,6,2.154,138.14,-6.83,7,1
P047,HRTF_B,6,2.168,139.13,-7.15,7,1
P047,HRTF_B,6,2.181,140.17,-7.53,7,1
P047,HRTF_B,6,2.195,141.17,-7.90,7,1
P047,HRTF_B,6,2.209,142.19,-8.19,7,1
P047,HRTF_B,6,2.222,143.19,-8.48,7,1
P047,HRTF_B,6,2.236,144.15,-8.68,7,1
P047,HRTF_B,6,2.250,145.13,-8.96,7,1
P047,HRTF_B,6,2.264,146.15,-9.30,7,1
P047,HRTF_B,6,2.278,147.18,-9.54,7,1
P047,HRTF_B,6,2.292,148.15,-9.67,7,1
P047,HRTF_B,6,2.307,149.03,-9.63,7,1
P047,HRTF_B,6,2.321,149.90,-9.60,7,1
P047,HRTF_B,6,2.334,150.76,-9.49,7,1
P047,HRTF_B,6,2.348,151.60,-9.40,7,1
P047,HRTF_B,6,2.362,152.39,-9.20,7,1
P047,HRTF_B,6,2.376,153.20,-8.94,7,1
P047,HRTF_B,6,2.389,154.03,-8.61,7,1
P047,HRTF_B,6,2.403,154.85,-8.13,7,1
P047,HRTF_B,6,2.417,155.69,-7.68,7,1
P047,HRTF_B,6,2.431,156.57,-7.26,7,1
P047,HRTF_B,6,2.444,157.49,-6.86,7,1
P047,HRTF_B,6,2.458,158.48,-6.42,7,1
P047,HRTF_B,6,2.472,159.45,-5.96,7,1
P047,HRTF_B,6,2.486,160.43,-5.36,7,1
P047,HRTF_B,6,2.500,161.35,-4.71,7,1
P047,HRTF_B,6,2.514,162.28,-4.02,7,1
P047,HRTF_B,6,2.527,163.20,-3.35,7,1
P047,HRTF_B,6,2.542,164.07,-2.67,7,1
P047,HRTF_B,6,2.555,164.91,-2.04,7,1
P047,HRTF_B,6,2.569,165.76,-1.35,7,1
P047,HRTF_B,6,2.583,166.59,-0.65,7,1
P047,HRTF_B,6,2.597,167.39,0.06,7,1
P047,HRTF_B,6,2.611,168.12,0.82,7,1
P047,HRTF_B,6,2.625,168.81,1.60,7,1
P047,HRTF_B,6,2.638,169.41,2.40,7,1
P047,HRTF_B,6,2.652,169.99,3.09,7,1
P047,HRTF_B,6,2.666,170.52,3.77,7,1
P047,HRTF_B,6,2.680,171.04,4.44,7,1
P047,HRTF_B,6,2.694,171.50,5.19,7,1
P047,HRTF_B,6,2.708,171.85,6.08,7,1
P047,HRTF_B,6,2.722,172.17,6.91,7,1
P047,HRTF_B,6,2.736,172.47,7.71,7,1
P047,HRTF_B,6,2.750,172.64,8.54,7,1
P047,HRTF_B,6,2.764,172.71,9.33,7,1
P047,HRTF_B,6,2.777,172.69,9.96,7,1
P047,HRTF_B,6,2.791,172.69,10.39,7,1
P047,HRTF_B,6,2.805,172.72,10.64,7,1
P047,HRTF_B,6,2.819,172.69,10.76,7,1
P047,HRTF_B,6,2.833,172.62,11.01,7,1
P047,HRTF_B,6,2.847,172.32,11.33,7,1
P047,HRTF_B,6,2.861,171.84,11.82,7,1
P047,HRTF_B,6,2.875,171.30,12.22,7,1
P047,HRTF_B,6,2.888,170.59,12.46,7,1
P047,HRTF_B,6,2.902,169.90,12.56,7,1
P047,HRTF_B,6,2.916,169.26,12.58,7,1
P047,HRTF_B,6,2.930,168.63,12.64,7,1
P047,HRTF_B,6,2.944,167.92,12.70,7,1
P047,HRTF_B,6,2.958,167.11,12.72,7,1
P047,HRTF_B,6,2.972,166.27,12.72,7,1
P047,HRTF_B,6,2.986,165.38,12.67,7,1
P047,HRTF_B,6,3.000,164.48,12.70,7,1
P047,HRTF_B,6,3.013,163.57,12.71,7,1
P047,HRTF_B,6,3.027,162.55,12.67,7,1
P047,HRTF_B,6,3.041,161.52,12.55,7,1
P047,HRTF_B,6,3.055,160.46,12.46,7,1
P047,HRTF_B,6,3.069,159.39,12.36,7,1
P047,HRTF_B,6,3.083,158.33,12.30,7,1
P047,HRTF_B,6,3.097,157.30,12.24,7,1
P047,HRTF_B,6,3.111,156.28,12.17,7,1
P047,HRTF_B,6,3.125,155.28,12.03,7,1
P047,HRTF_B,6,3.138,154.32,11.81,7,1
P047,HRTF_B,6,3.152,153.38,11.53,7,1
P047,HRTF_B,6,3.166,152.45,11.28,7,1
P047,HRTF_B,6,3.180,151.53,11.04,7,1
P047,HRTF_B,6,3.194,150.56,10.80,7,1
P047,HRTF_B,6,3.208,149.56,10.49,7,1
P047,HRTF_B,6,3.222,148.55,10.20,7,1
P047,HRTF_B,6,3.236,147.56,9.90,7,1
P047,HRTF_B,6,3.249,146.56,9.57,7,1
P047,HRTF_B,6,3.263,145.58,9.27,7,1
P047,HRTF_B,6,3.277,144.58,9.06,7,1
P047,HRTF_B,6,3.291,143.57,8.82,7,1
P047,HRTF_B,6,3.305,142.61,8.60,7,1
P047,HRTF_B,6,3.319,141.64,8.38,7,1
P047,HRTF_B,6,3.333,140.68,8.08,7,1
P047,HRTF_B,6,3.347,139.68,7.77,7,1
P047,HRTF_B,6,3.361,138.72,7.44,7,1
P047,HRTF_B,6,3.375,137.73,7.18,7,1
P047,HRTF_B,6,3.389,136.71,6.92,7,1
P047,HRTF_B,6,3.402,135.68,6.69,7,1
P047,HRTF_B,6,3.416,134.66,6.41,7,1
P047,HRTF_B,6,3.430,133.60,6.15,7,1
P047,HRTF_B,6,3.444,132.48,5.85,7,1
P047,HRTF_B,6,3.458,131.36,5.57,7,1
P047,HRTF_B,6,3.472,130.20,5.25,7,1
P047,HRTF_B,6,3.486,129.08,4.91,7,1
P047,HRTF_B,6,3.499,127.90,4.57,7,1
P047,HRTF_B,6,3.514,126.74,4.18,7,1
P047,HRTF_B,6,3.527,125.53,3.86,7,1
P047,HRTF_B,6,3.541,124.28,3.54,7,1
P047,HRTF_B,6,3.555,123.06,3.18,7,1
P047,HRTF_B,6,3.569,121.82,2.82,7,1
P047,HRTF_B,6,3.583,120.57,2.37,7,1
P047,HRTF_B,6,3.597,119.25,1.92,7,1
P047,HRTF_B,6,3.611,117.96,1.55,7,1
P047,HRTF_B,6,3.625,116.59,1.14,7,1
P047,HRTF_B,6,3.638,115.23,0.78,7,1
P047,HRTF_B,6,3.652,113.91,0.33,7,1
P047,HRTF_B,6,3.666,112.54,-0.18,7,1
P047,HRTF_B,6,3.680,111.15,-0.73,7,1
P047,HRTF_B,6,3.694,109.73,-1.25,7,1
P047,HRTF_B,6,3.708,108.29,-1.75,7,1
P047,HRTF_B,6,3.722,106.89,-2.28,7,1
P047,HRTF_B,6,3.736,105.53,-2.83,7,1
P047,HRTF_B,6,3.750,104.16,-3.33,7,1
P047,HRTF_B,6,3.764,102.80,-3.81,7,1
P047,HRTF_B,6,3.777,101.53,-4.33,7,1
P047,HRTF_B,6,3.791,100.23,-4.94,7,1
P047,HRTF_B,6,3.805,99.03,-5.49,7,1
P047,HRTF_B,6,3.819,97.83,-6.00,7,1
P047,HRTF_B,6,3.833,96.58,-6.46,7,1
P047,HRTF_B,6,3.847,95.35,-6.94,7,1
P047,HRTF_B,6,3.861,94.12,-7.43,7,1
P047,HRTF_B,6,3.875,92.84,-7.98,7,1
P047,HRTF_B,6,3.889,91.55,-8.57,7,1
P047,HRTF_B,6,3.902,90.17,-9.14,7,1
P047,HRTF_B,6,3.916,88.76,-9.68,7,1
P047,HRTF_B,6,3.930,87.24,-10.26,7,1
P047,HRTF_B,6,3.944,85.60,-10.85,7,1
P047,HRTF_B,6,3.958,83.91,-11.48,7,1
P047,HRTF_B,6,3.972,82.13,-12.17,7,1
P047,HRTF_B,6,3.986,80.21,-12.83,7,1
P047,HRTF_B,6,3.999,78.18,-13.58,7,1
P047,HRTF_B,6,4.013,76.08,-14.29,7,1
P047,HRTF_B,6,4.027,73.87,-15.11,7,1
P047,HRTF_B,6,4.041,71.72,-15.99,7,1
P047,HRTF_B,6,4.055,69.58,-16.93,7,1
P047,HRTF_B,6,4.069,67.38,-17.79,7,1
P047,HRTF_B,6,4.083,65.21,-18.54,7,1
P047,HRTF_B,6,4.097,63.02,-19.08,7,1
P047,HRTF_B,6,4.111,60.86,-19.59,7,1
P047,HRTF_B,6,4.124,58.79,-20.02,7,1
P047,HRTF_B,6,4.138,56.75,-20.43,7,1
P047,HRTF_B,6,4.152,54.68,-20.75,7,1
P047,HRTF_B,6,4.166,52.58,-21.00,7,1
P047,HRTF_B,6,4.180,50.46,-21.16,7,1
P047,HRTF_B,6,4.194,48.37,-21.29,7,1
P047,HRTF_B,6,4.208,46.29,-21.39,7,1
P047,HRTF_B,6,4.222,44.32,-21.41,7,1
P047,HRTF_B,6,4.236,42.34,-21.44,7,1
P047,HRTF_B,6,4.249,40.38,-21.36,7,1
P047,HRTF_B,6,4.263,38.41,-21.23,7,1
P047,HRTF_B,6,4.277,36.46,-21.06,7,1
P047,HRTF_B,6,4.291,34.49,-20.93,7,1
P047,HRTF_B,6,4.305,32.61,-20.77,7,1
P047,HRTF_B,6,4.319,30.69,-20.57,7,1
P047,HRTF_B,6,4.333,28.81,-20.34,7,1
P047,HRTF_B,6,4.347,26.98,-20.07,7,1
P047,HRTF_B,6,4.361,25.14,-19.93,7,1
P047,HRTF_B,6,4.375,23.30,-19.91,7,1
P047,HRTF_B,6,4.388,21.51,-19.95,7,1
P047,HRTF_B,6,4.402,19.80,-20.06,7,1
P047,HRTF_B,6,4.416,18.16,-20.13,7,1
P047,HRTF_B,6,4.430,16.60,-20.20,7,1
P047,HRTF_B,6,4.444,15.16,-20.24,7,1
P047,HRTF_B,6,4.458,13.77,-20.40,7,1
P047,HRTF_B,6,4.472,12.50,-20.67,7,1
P047,HRTF_B,6,4.486,11.39,-21.07,7,1
P047,HRTF_B,6,4.499,10.36,-21.35,7,1
P047,HRTF_B,6,4.513,9.47,-21.61,7,1
P047,HRTF_B,6,4.527,8.66,-21.94,7,1
P047,HRTF_B,6,4.541,8.02,-22.30,7,1
P047,HRTF_B,6,4.555,7.43,-22.67,7,1
P047,HRTF_B,6,4.569,6.93,-23.07,7,1
P047,HRTF_B,6,4.583,6.39,-23.40,7,1
P047,HRTF_B,6,4.597,5.90,-23.72,7,1
P047,HRTF_B,6,4.611,5.45,-24.09,7,1
P047,HRTF_B,6,4.624,5.13,-24.49,7,1
P047,HRTF_B,6,4.638,4.76,-24.91,7,1
P047,HRTF_B,6,4.652,4.45,-25.24,7,1
P047,HRTF_B,6,4.666,4.26,-25.91,7,1
P047,HRTF_B,6,4.680,4.06,-26.89,7,1
P047,HRTF_B,6,4.694,4.11,-28.15,7,1
P047,HRTF_B,6,4.708,4.22,-29.21,7,1
P047,HRTF_B,6,4.722,4.32,-29.94,7,1
P047,HRTF_B,6,4.735,4.47,-30.59,7,1
P047,HRTF_B,6,4.749,4.91,-31.30,7,1
P047,HRTF_B,6,4.763,5.62,-31.95,7,1
P047,HRTF_B,6,4.777,6.44,-32.57,7,1
P047,HRTF_B,6,4.791,7.37,-33.13,7,1
P047,HRTF_B,6,4.805,8.21,-33.65,7,1
P047,HRTF_B,6,4.819,8.99,-34.22,7,1
P047,HRTF_B,6,4.833,9.81,-34.76,7,1
P047,HRTF_B,6,4.847,10.72,-35.45,7,1
P047,HRTF_B,6,4.861,11.74,-36.25,7,1
P047,HRTF_B,6,4.874,12.66,-36.89,7,1
P047,HRTF_B,6,4.888,13.53,-37.71,7,1
P047,HRTF_B,6,4.902,14.22,-38.33,7,1
P047,HRTF_B,6,4.916,14.89,-38.73,7,1
P047,HRTF_B,6,4.930,15.50,-38.90,7,1
P047,HRTF_B,6,4.944,16.20,-39.05,7,1
P047,HRTF_B,6,4.958,16.80,-39.10,7,1
P047,HRTF_B,6,4.972,17.18,-39.06,7,1
P047,HRTF_B,6,4.985,17.36,-39.11,7,1
P047,HRTF_B,6,4.999,17.44,-39.13,7,1
P047,HRTF_B,6,5.013,17.38,-39.03,7,1
P047,HRTF_B,6,5.027,17.19,-39.07,7,1
P047,HRTF_B,6,5.041,17.18,-39.09,7,1
P047,HRTF_B,6,5.055,17.13,-38.99,7,1
P047,HRTF_B,6,5.069,17.15,-38.88,7,1
P047,HRTF_B,6,5.083,17.14,-38.80,7,1
P047,HRTF_B,7,0.014,0.81,3.85,25,1
P047,HRTF_B,7,0.028,0.98,3.84,25,1
P047,HRTF_B,7,0.042,1.14,3.82,25,1
P047,HRTF_B,7,0.056,1.28,3.80,25,1
P047,HRTF_B,7,0.069,1.42,3.81,25,1
P047,HRTF_B,7,0.083,1.56,3.80,25,1
P047,HRTF_B,7,0.097,1.69,3.80,25,1
P047,HRTF_B,7,0.111,1.83,3.79,25,1
P047,HRTF_B,7,0.125,1.95,3.76,25,1
P047,HRTF_B,7,0.139,2.06,3.74,25,1
P047,HRTF_B,7,0.153,2.16,3.71,25,1
P047,HRTF_B,7,0.167,2.25,3.71,25,1
P047,HRTF_B,7,0.180,2.33,3.69,25,1
P047,HRTF_B,7,0.195,2.40,3.68,25,1
P047,HRTF_B,7,0.208,2.46,3.67,25,1
P047,HRTF_B,7,0.222,2.53,3.66,25,1
P047,HRTF_B,7,0.236,2.60,3.64,25,1
P047,HRTF_B,7,0.250,2.66,3.62,25,1
P047,HRTF_B,7,0.264,2.72,3.58,25,1
P047,HRTF_B,7,0.278,2.78,3.53,25,1
P047,HRTF_B,7,0.292,2.84,3.48,25,1
P047,HRTF_B,7,0.306,2.90,3.45,25,1
P047,HRTF_B,7,0.319,2.95,3.43,25,1
P047,HRTF_B,7,0.333,3.02,3.41,25,1
P047,HRTF_B,7,0.347,3.11,3.41,25,1
P047,HRTF_B,7,0.361,3.19,3.39,25,1
P047,HRTF_B,7,0.375,3.28,3.39,25,1
P047,HRTF_B,7,0.389,3.37,3.40,25,1
P047,HRTF_B,7,0.403,3.46,3.40,25,1
P047,HRTF_B,7,0.417,3.54,3.39,25,1
P047,HRTF_B,7,0.431,3.62,3.39,25,1
P047,HRTF_B,7,0.444,3.68,3.36,25,1
P047,HRTF_B,7,0.458,3.73,3.35,25,1
P047,HRTF_B,7,0.472,3.80,3.35,25,1
P047,HRTF_B,7,0.486,3.83,3.35,25,1
P047,HRTF_B,7,0.500,3.87,3.36,25,1
P047,HRTF_B,7,0.514,3.90,3.36,25,1
P047,HRTF_B,7,0.528,3.90,3.36,25,1
P047,HRTF_B,7,0.541,3.90,3.35,25,1
P047,HRTF_B,7,0.555,3.90,3.35,25,1
P047,HRTF_B,7,0.569,3.90,3.35,25,1
P047,HRTF_B,7,0.583,3.88,3.36,25,1
P047,HRTF_B,7,0.597,3.85,3.36,25,1
P047,HRTF_B,7,0.611,3.82,3.37,25,1
P047,HRTF_B,7,0.625,3.78,3.37,25,1
P047,HRTF_B,7,0.639,3.74,3.38,25,1
P047,HRTF_B,7,0.652,3.71,3.35,25,1
P047,HRTF_B,7,0.666,3.68,3.33,25,1
P047,HRTF_B,7,0.680,3.68,3.32,25,1
P047,HRTF_B,7,0.694,3.68,3.33,25,1
P047,HRTF_B,7,0.708,3.69,3.32,25,1
P047,HRTF_B,7,0.722,3.69,3.32,25,1
P047,HRTF_B,7,0.736,3.69,3.33,25,1
P047,HRTF_B,7,0.750,3.69,3.34,25,1
P047,HRTF_B,7,0.764,3.69,3.35,25,1
P047,HRTF_B,7,0.778,3.71,3.36,25,1
P047,HRTF_B,7,0.791,3.70,3.36,25,1
P047,HRTF_B,7,0.805,3.70,3.39,25,1
P047,HRTF_B,7,0.819,3.70,3.38,25,1
P047,HRTF_B,7,0.833,3.68,3.40,25,1
P047,HRTF_B,7,0.847,3.66,3.40,25,1
P047,HRTF_B,7,0.861,3.65,3.42,25,1
P047,HRTF_B,7,0.875,3.62,3.41,25,1
P047,HRTF_B,7,0.889,3.60,3.41,25,1
P047,HRTF_B,7,0.903,3.56,3.42,25,1
P047,HRTF_B,7,0.916,3.55,3.43,25,1
P047,HRTF_B,7,0.930,3.50,3.45,25,1
P047,HRTF_B,7,0.944,3.45,3.47,25,1
P047,HRTF_B,7,0.958,3.41,3.47,25,1
P047,HRTF_B,7,0.972,3.34,3.48,25,1
P047,HRTF_B,7,0.986,3.28,3.48,25,1
P047,HRTF_B,7,1.000,3.18,3.49,25,1
P047,HRTF_B,7,1.014,3.07,3.51,25,1
P047,HRTF_B,7,1.027,2.96,3.53,25,1
P047,HRTF_B,7,1.042,2.81,3.58,25,1
P047,HRTF_B,7,1.055,2.66,3.61,25,1
P047,HRTF_B,7,1.069,2.46,3.65,25,1
P047,HRTF_B,7,1.083,2.23,3.69,25,1
P047,HRTF_B,7,1.097,1.97,3.75,25,1
P047,HRTF_B,7,1.111,1.69,3.78,25,1
P047,HRTF_B,7,1.125,1.39,3.78,25,1
P047,HRTF_B,7,1.138,1.09,3.77,25,1
P047,HRTF_B,7,1.152,0.76,3.76,25,1
P047,HRTF_B,7,1.166,0.43,3.75,25,1
P047,HRTF_B,7,1.180,0.07,3.74,25,1
P047,HRTF_B,7,1.194,-0.32,3.69,25,1
P047,HRTF_B,7,1.208,-0.72,3.68,25,1
P047,HRTF_B,7,1.222,-1.21,3.69,25,1
P047,HRTF_B,7,1.236,-1.75,3.70,25,1
P047,HRTF_B,7,1.250,-2.34,3.70,25,1
P047,HRTF_B,7,1.264,-2.99,3.74,25,1
P047,HRTF_B,7,1.278,-3.74,3.74,25,1
P047,HRTF_B,7,1.291,-4.48,3.70,25,1
P047,HRTF_B,7,1.305,-5.29,3.65,25,1
P047,HRTF_B,7,1.319,-6.15,3.61,25,1
P047,HRTF_B,7,1.333,-7.10,3.52,25,1
P047,HRTF_B,7,1.347,-8.10,3.43,25,1
P047,HRTF_B,7,1.361,-9.21,3.36,25,1
P047,HRTF_B,7,1.375,-10.24,3.33,25,1
P047,HRTF_B,7,1.389,-11.47,3.34,25,1
P047,HRTF_B,7,1.402,-12.71,3.26,25,1
P047,HRTF_B,7,1.416,-14.06,3.16,25,1
P047,HRTF_B,7,1.430,-15.45,3.01,25,1
P047,HRTF_B,7,1.444,-17.00,2.87,25,1
P047,HRTF_B,7,1.458,-18.65,2.80,25,1
P047,HRTF_B,7,1.472,-20.30,2.81,25,1
P047,HRTF_B,7,1.486,-22.03,2.80,25,1
P047,HRTF_B,7,1.500,-23.84,2.76,25,1
P047,HRTF_B,7,1.514,-25.61,2.76,25,1
P047,HRTF_B,7,1.528,-27.38,2.73,25,1
P047,HRTF_B,7,1.541,-29.22,2.68,25,1
P047,HRTF_B,7,1.555,-30.98,2.55,25,1
P047,HRTF_B,7,1.569,-32.79,2.38,25,1
P047,HRTF_B,7,1.583,-34.56,2.16,25,1
P047,HRTF_B,7,1.597,-36.34,1.87,25,1
P047,HRTF_B,7,1.611,-38.09,1.60,25,1
P047,HRTF_B,7,1.625,-39.85,1.24,25,1
P047,HRTF_B,7,1.638,-41.57,0.96,25,1
P047,HRTF_B,7,1.652,-43.26,0.72,25,1
P047,HRTF_B,7,1.666,-44.85,0.46,25,1
P047,HRTF_B,7,1.680,-46.38,0.18,25,1
P047,HRTF_B,7,1.694,-47.89,-0.12,25,1
P047,HRTF_B,7,1.708,-49.41,-0.32,25,1
P047,HRTF_B,7,1.722,-50.94,-0.41,25,1
P047,HRTF_B,7,1.736,-52.39,-0.44,25,1
P047,HRTF_B,7,1.750,-53.81,-0.47,25,1
P047,HRTF_B,7,1.764,-55.22,-0.53,25,1
P047,HRTF_B,7,1.777,-56.69,-0.63,25,1
P047,HRTF_B,7,1.791,-58.15,-0.78,25,1
P047,HRTF_B,7,1.805,-59.62,-0.86,25,1
P047,HRTF_B,7,1.819,-61.02,-0.90,25,1
P047,HRTF_B,7,1.833,-62.39,-0.93,25,1
P047,HRTF_B,7,1.847,-63.66,-0.90,25,1
P047,HRTF_B,7,1.861,-64.87,-0.86,25,1
P047,HRTF_B,7,1.875,-66.08,-0.84,25,1
P047,HRTF_B,7,1.888,-67.22,-0.81,25,1
P047,HRTF_B,7,1.902,-68.47,-0.83,25,1
P047,HRTF_B,7,1.916,-69.65,-0.84,25,1
P047,HRTF_B,7,1.930,-70.85,-0.78,25,1
P047,HRTF_B,7,1.944,-71.92,-0.67,25,1
P047,HRTF_B,7,1.958,-73.00,-0.56,25,1
P047,HRTF_B,7,1.972,-74.02,-0.48,25,1
P047,HRTF_B,7,1.986,-75.03,-0.40,25,1
P047,HRTF_B,7,1.999,-75.96,-0.28,25,1
P047,HRTF_B,7,2.013,-76.79,-0.08,25,1
P047,HRTF_B,7,2.027,-77.50,0.11,25,1
P047,HRTF_B,7,2.041,-78.19,0.29,25,1
P047,HRTF_B,7,2.055,-78.75,0.41,25,1
P047,HRTF_B,7,2.069,-79.23,0.53,25,1
P047,HRTF_B,7,2.083,-79.65,0.65,25,1
P047,HRTF_B,7,2.097,-80.14,0.72,25,1
P047,HRTF_B,7,2.111,-80.65,0.78,25,1
P047,HRTF_B,7,2.125,-81.14,0.79,25,1
P047,HRTF_B,7,2.139,-81.66,0.76,25,1
P047,HRTF_B,7,2.152,-82.17,0.78,25,1
P047,HRTF_B,7,2.166,-82.59,0.77,25,1
P047,HRTF_B,7,2.180,-83.03,0.80,25,1
P047,HRTF_B,7,2.194,-83.45,0.83,25,1
P047,HRTF_B,7,2.208,-83.87,0.84,25,1
P047,HRTF_B,7,2.222,-84.31,0.81,25,1
P047,HRTF_B,7,2.236,-84.76,0.77,25,1
P047,HRTF_B,7,2.250,-85.16,0.73,25,1
P047,HRTF_B,7,2.264,-85.57,0.77,25,1
P047,HRTF_B,7,2.277,-85.92,0.82,25,1
P047,HRTF_B,7,2.291,-86.22,0.89,25,1
P047,HRTF_B,7,2.305,-86.52,0.87,25,1
P047,HRTF_B,7,2.319,-86.78,0.87,25,1
P047,HRTF_B,7,2.333,-87.01,0.85,25,1
P047,HRTF_B,7,2.347,-87.19,0.82,25,1
P047,HRTF_B,7,2.361,-87.32,0.86,25,1
P047,HRTF_B,7,2.374,-87.44,0.91,25,1
P047,HRTF_B,7,2.389,-87.57,0.94,25,1
P047,HRTF_B,7,2.402,-87.68,1.02,25,1
P047,HRTF_B,7,2.416,-87.75,1.15,25,1
P047,HRTF_B,7,2.430,-87.80,1.28,25,1
P047,HRTF_B,7,2.444,-87.79,1.39,25,1
P047,HRTF_B,7,2.458,-87.77,1.40,25,1
P047,HRTF_B,7,2.472,-87.71,1.29,25,1
P047,HRTF_B,7,2.486,-87.65,1.20,25,1
P047,HRTF_B,7,2.500,-87.52,1.15,25,1
P047,HRTF_B,7,2.513,-87.35,1.11,25,1
P047,HRTF_B,7,2.527,-87.06,1.09,25,1
P047,HRTF_B,7,2.541,-86.77,1.08,25,1
P047,HRTF_B,7,2.555,-86.40,1.02,25,1
P047,HRTF_B,7,2.569,-86.03,0.94,25,1
P047,HRTF_B,7,2.583,-85.59,0.82,25,1
P047,HRTF_B,7,2.597,-85.14,0.74,25,1
P047,HRTF_B,7,2.611,-84.65,0.70,25,1
P047,HRTF_B,7,2.625,-84.11,0.64,25,1
P047,HRTF_B,7,2.638,-83.63,0.59,25,1
P047,HRTF_B,7,2.652,-83.15,0.50,25,1
P047,HRTF_B,7,2.666,-82.66,0.49,25,1
P047,HRTF_B,7,2.680,-82.18,0.41,25,1
P047,HRTF_B,7,2.694,-81.76,0.42,25,1
P047,HRTF_B,7,2.708,-81.26,0.48,25,1
P047,HRTF_B,7,2.722,-80.76,0.52,25,1
P047,HRTF_B,8,0.014,4.30,1.77,21,1
P047,HRTF_B,8,0.028,4.57,1.75,21,1
P047,HRTF_B,8,0.042,4.84,1.73,21,1
P047,HRTF_B,8,0.055,5.03,1.75,21,1
P047,HRTF_B,8,0.070,5.21,1.72,21,1
P047,HRTF_B,8,0.083,5.38,1.71,21,1
P047,HRTF_B,8,0.097,5.53,1.67,21,1
P047,HRTF_B,8,0.111,5.67,1.62,21,1
P047,HRTF_B,8,0.125,5.83,1.58,21,1
P047,HRTF_B,8,0.139,5.96,1.55,21,1
P047,HRTF_B,8,0.153,6.11,1.52,21,1
P047,HRTF_B,8,0.167,6.24,1.51,21,1
P047,HRTF_B,8,0.180,6.35,1.50,21,1
P047,HRTF_B,8,0.194,6.45,1.46,21,1
P047,HRTF_B,8,0.208,6.58,1.42,21,1
P047,HRTF_B,8,0.222,6.68,1.37,21,1
P047,HRTF_B,8,0.236,6.82,1.32,21,1
P047,HRTF_B,8,0.250,6.92,1.26,21,1
P047,HRTF_B,8,0.263,7.03,1.22,21,1
P047,HRTF_B,8,0.278,7.12,1.20,21,1
P047,HRTF_B,8,0.291,7.21,1.18,21,1
P047,HRTF_B,8,0.305,7.32,1.16,21,1
P047,HRTF_B,8,0.319,7.42,1.15,21,1
P047,HRTF_B,8,0.333,7.54,1.13,21,1
P047,HRTF_B,8,0.347,7.66,1.12,21,1
P047,HRTF_B,8,0.361,7.79,1.13,21,1
P047,HRTF_B,8,0.375,7.94,1.11,21,1
P047,HRTF_B,8,0.389,8.09,1.11,21,1
P047,HRTF_B,8,0.403,8.23,1.10,21,1
P047,HRTF_B,8,0.416,8.38,1.12,21,1
P047,HRTF_B,8,0.430,8.52,1.14,21,1
P047,HRTF_B,8,0.444,8.65,1.15,21,1
P047,HRTF_B,8,0.458,8.75,1.18,21,1
P047,HRTF_B,8,0.472,8.83,1.19,21,1
P047,HRTF_B,8,0.486,8.89,1.21,21,1
P047,HRTF_B,8,0.500,8.90,1.23,21,1
P047,HRTF_B,8,0.514,8.92,1.25,21,1
P047,HRTF_B,8,0.528,8.90,1.27,21,1
P047,HRTF_B,8,0.541,8.86,1.30,21,1
P047,HRTF_B,8,0.555,8.79,1.31,21,1
P047,HRTF_B,8,0.569,8.71,1.33,21,1
P047,HRTF_B,8,0.583,8.57,1.35,21,1
P047,HRTF_B,8,0.597,8.46,1.36,21,1
P047,HRTF_B,8,0.611,8.31,1.35,21,1
P047,HRTF_B,8,0.625,8.16,1.36,21,1
P047,HRTF_B,8,0.639,8.01,1.37,21,1
P047,HRTF_B,8,0.653,7.86,1.39,21,1
P047,HRTF_B,8,0.667,7.70,1.41,21,1
P047,HRTF_B,8,0.681,7.56,1.43,21,1
P047,HRTF_B,8,0.694,7.41,1.43,21,1
P047,HRTF_B,8,0.708,7.25,1.44,21,1
P047,HRTF_B,8,0.722,7.10,1.43,21,1
P047,HRTF_B,8,0.736,6.93,1.40,21,1
P047,HRTF_B,8,0.750,6.80,1.38,21,1
P047,HRTF_B,8,0.764,6.66,1.35,21,1
P047,HRTF_B,8,0.778,6.52,1.35,21,1
P047,HRTF_B,8,0.791,6.39,1.35,21,1
P047,HRTF_B,8,0.805,6.25,1.36,21,1
P047,HRTF_B,8,0.819,6.12,1.34,21,1
P047,HRTF_B,8,0.833,5.94,1.35,21,1
P047,HRTF_B,8,0.847,5.76,1.35,21,1
P047,HRTF_B,8,0.861,5.52,1.34,21,1
P047,HRTF_B,8,0.875,5.30,1.35,21,1
P047,HRTF_B,8,0.888,5.04,1.37,21,1
P047,HRTF_B,8,0.902,4.77,1.39,21,1
P047,HRTF_B,8,0.916,4.47,1.40,21,1
P047,HRTF_B,8,0.930,4.13,1.36,21,1
P047,HRTF_B,8,0.944,3.77,1.35,21,1
P047,HRTF_B,8,0.958,3.32,1.34,21,1
P047,HRTF_B,8,0.972,2.83,1.31,21,1
P047,HRTF_B,8,0.986,2.28,1.34,21,1
P047,HRTF_B,8,1.000,1.59,1.37,21,1
P047,HRTF_B,8,1.014,1.01,1.33,21,1
P047,HRTF_B,8,1.027,0.26,1.33,21,1
P047,HRTF_B,8,1.041,-0.55,1.37,21,1
P047,HRTF_B,8,1.055,-1.44,1.38,21,1
P047,HRTF_B,8,1.069,-2.34,1.39,21,1
P047,HRTF_B,8,1.083,-3.37,1.41,21,1
P047,HRTF_B,8,1.097,-4.45,1.39,21,1
P047,HRTF_B,8,1.111,-5.60,1.37,21,1
P047,HRTF_B,8,1.125,-6.94,1.31,21,1
P047,HRTF_B,8,1.139,-8.30,1.21,21,1
P047,HRTF_B,8,1.152,-9.68,1.21,21,1
P047,HRTF_B,8,1.166,-11.07,1.15,21,1
P047,HRTF_B,8,1.180,-12.52,1.11,21,1
P047,HRTF_B,8,1.194,-14.05,1.01,21,1
P047,HRTF_B,8,1.208,-15.59,0.88,21,1
P047,HRTF_B,8,1.222,-17.15,0.81,21,1
P047,HRTF_B,8,1.236,-18.68,0.71,21,1
P047,HRTF_B,8,1.250,-20.30,0.66,21,1
P047,HRTF_B,8,1.264,-21.92,0.61,21,1
P047,HRTF_B,8,1.277,-23.56,0.53,21,1
P047,HRTF_B,8,1.291,-25.23,0.47,21,1
P047,HRTF_B,8,1.305,-26.88,0.45,21,1
P047,HRTF_B,8,1.319,-28.52,0.44,21,1
P047,HRTF_B,8,1.333,-30.15,0.45,21,1
P047,HRTF_B,8,1.347,-31.78,0.46,21,1
P047,HRTF_B,8,1.361,-33.44,0.52,21,1
P047,HRTF_B,8,1.375,-35.07,0.55,21,1
P047,HRTF_B,8,1.388,-36.72,0.57,21,1
P047,HRTF_B,8,1.402,-38.33,0.62,21,1
P047,HRTF_B,8,1.416,-39.97,0.63,21,1
P047,HRTF_B,8,1.430,-41.67,0.50,21,1
P047,HRTF_B,8,1.444,-43.40,0.37,21,1
P047,HRTF_B,8,1.458,-45.14,0.26,21,1
P047,HRTF_B,8,1.472,-46.85,0.30,21,1
P047,HRTF_B,8,1.486,-48.57,0.38,21,1
P047,HRTF_B,8,1.500,-50.33,0.45,21,1
P047,HRTF_B,8,1.514,-52.14,0.48,21,1
P047,HRTF_B,8,1.527,-53.95,0.49,21,1
P047,HRTF_B,8,1.541,-55.76,0.51,21,1
P047,HRTF_B,8,1.555,-57.53,0.56,21,1
P047,HRTF_B,8,1.569,-59.26,0.58,21,1
P047,HRTF_B,8,1.583,-60.99,0.57,21,1
P047,HRTF_B,8,1.597,-62.74,0.50,21,1
P047,HRTF_B,8,1.611,-64.45,0.43,21,1
P047,HRTF_B,8,1.625,-66.11,0.37,21,1
P047,HRTF_B,8,1.639,-67.75,0.31,21,1
P047,HRTF_B,8,1.652,-69.30,0.31,21,1
P047,HRTF_B,8,1.666,-70.85,0.23,21,1
P047,HRTF_B,8,1.680,-72.31,0.17,21,1
P047,HRTF_B,8,1.694,-73.75,0.08,21,1
P047,HRTF_B,8,1.708,-75.13,0.01,21,1
P047,HRTF_B,8,1.722,-76.51,-0.08,21,1
P047,HRTF_B,8,1.736,-77.91,-0.14,21,1
P047,HRTF_B,8,1.750,-79.26,-0.21,21,1
P047,HRTF_B,8,1.764,-80.62,-0.27,21,1
P047,HRTF_B,8,1.778,-81.96,-0.30,21,1
P047,HRTF_B,8,1.791,-83.29,-0.35,21,1
P047,HRTF_B,8,1.805,-84.69,-0.42,21,1
P047,HRTF_B,8,1.819,-86.09,-0.50,21,1
P047,HRTF_B,8,1.833,-87.49,-0.54,21,1
P047,HRTF_B,8,1.846,-88.87,-0.57,21,1
P047,HRTF_B,8,1.861,-90.20,-0.59,21,1
P047,HRTF_B,8,1.875,-91.53,-0.60,21,1
P047,HRTF_B,8,1.888,-92.77,-0.59,21,1
P047,HRTF_B,8,1.902,-93.99,-0.63,21,1
P047,HRTF_B,8,1.916,-95.12,-0.65,21,1
P047,HRTF_B,8,1.930,-96.30,-0.67,21,1
P047,HRTF_B,8,1.944,-97.34,-0.72,21,1
P047,HRTF_B,8,1.958,-98.32,-0.75,21,1
P047,HRTF_B,8,1.972,-99.21,-0.82,21,1
P047,HRTF_B,8,1.986,-100.03,-0.90,21,1
P047,HRTF_B,8,1.999,-100.82,-0.98,21,1
P047,HRTF_B,8,2.014,-101.47,-1.00,21,1
P047,HRTF_B,8,2.027,-102.07,-1.02,21,1
P047,HRTF_B,8,2.041,-102.58,-1.01,21,1
P047,HRTF_B,8,2.055,-103.00,-0.96,21,1
P047,HRTF_B,8,2.069,-103.39,-0.94,21,1
P047,HRTF_B,8,2.083,-103.63,-0.90,21,1
P047,HRTF_B,8,2.097,-103.87,-0.87,21,1
P047,HRTF_B,8,2.110,-103.90,-0.84,21,1
P047,HRTF_B,8,2.124,-103.86,-0.78,21,1
P047,HRTF_B,8,2.138,-103.70,-0.69,21,1
P047,HRTF_B,8,2.152,-103.46,-0.64,21,1
P047,HRTF_B,8,2.166,-103.25,-0.67,21,1
P047,HRTF_B,8,2.180,-103.00,-0.74,21,1
P047,HRTF_B,8,2.194,-102.71,-0.79,21,1
P047,HRTF_B,8,2.208,-102.35,-0.79,21,1
P047,HRTF_B,8,2.222,-101.95,-0.79,21,1
P047,HRTF_B,8,2.235,-101.56,-0.82,21,1
P047,HRTF_B,8,2.250,-101.16,-0.89,21,1
P047,HRTF_B,8,2.263,-100.75,-1.00,21,1
P047,HRTF_B,8,2.277,-100.40,-1.06,21,1
P047,HRTF_B,8,2.291,-100.02,-1.17,21,1
P047,HRTF_B,8,2.305,-99.71,-1.28,21,1
P047,HRTF_B,8,2.319,-99.40,-1.35,21,1
P047,HRTF_B,8,2.333,-99.13,-1.40,21,1
P047,HRTF_B,8,2.347,-98.82,-1.48,21,1
P047,HRTF_B,8,2.360,-98.47,-1.51,21,1
P047,HRTF_B,8,2.374,-98.10,-1.56,21,1
P047,HRTF_B,8,2.388,-97.71,-1.61,21,1
P047,HRTF_B,8,2.402,-97.32,-1.72,21,1
P047,HRTF_B,8,2.416,-96.94,-1.78,21,1
P047,HRTF_B,8,2.430,-96.53,-1.80,21,1
P047,HRTF_B,8,2.444,-96.12,-1.78,21,1
P047,HRTF_B,8,2.457,-95.63,-1.76,21,1
P047,HRTF_B,8,2.471,-95.17,-1.80,21,1
P047,HRTF_B,8,2.485,-94.72,-1.86,21,1
P047,HRTF_B,8,2.499,-94.24,-1.93,21,1
P047,HRTF_B,8,2.513,-93.71,-1.94,21,1
P047,HRTF_B,8,2.527,-93.13,-1.93,21,1
P047,HRTF_B,8,2.541,-92.48,-1.84,21,1
P047,HRTF_B,8,2.555,-91.74,-1.75,21,1
P047,HRTF_B,8,2.569,-90.99,-1.66,21,1
P047,HRTF_B,8,2.582,-90.11,-1.55,21,1
P047,HRTF_B,8,2.596,-89.17,-1.36,21,1
P047,HRTF_B,8,2.610,-88.16,-1.08,21,1
P047,HRTF_B,8,2.624,-87.12,-0.77,21,1
P047,HRTF_B,9,0.014,-3.57,2.34,9,1
P047,HRTF_B,9,0.027,-3.67,2.37,9,1
P047,HRTF_B,9,0.041,-3.73,2.39,9,1
P047,HRTF_B,9,0.055,-3.73,2.42,9,1
P047,HRTF_B,9,0.069,-3.67,2.42,9,1
P047,HRTF_B,9,0.083,-3.62,2.43,9,1
P047,HRTF_B,9,0.097,-3.51,2.44,9,1
P047,HRTF_B,9,0.111,-3.39,2.44,9,1
P047,HRTF_B,9,0.125,-3.29,2.42,9,1
P047,HRTF_B,9,0.139,-3.19,2.40,9,1
P047,HRTF_B,9,0.153,-3.10,2.37,9,1
P047,HRTF_B,9,0.166,-3.01,2.33,9,1
P047,HRTF_B,9,0.180,-2.92,2.26,9,1
P047,HRTF_B,9,0.194,-2.87,2.21,9,1
P047,HRTF_B,9,0.208,-2.83,2.14,9,1
P047,HRTF_B,9,0.222,-2.82,2.08,9,1
P047,HRTF_B,9,0.236,-2.80,2.04,9,1
P047,HRTF_B,9,0.250,-2.79,2.01,9,1
P047,HRTF_B,9,0.264,-2.83,1.97,9,1
P047,HRTF_B,9,0.277,-2.87,1.92,9,1
P047,HRTF_B,9,0.291,-2.93,1.85,9,1
P047,HRTF_B,9,0.305,-3.00,1.80,9,1
P047,HRTF_B,9,0.319,-3.07,1.77,9,1
P047,HRTF_B,9,0.333,-3.15,1.73,9,1
P047,HRTF_B,9,0.347,-3.21,1.70,9,1
P047,HRTF_B,9,0.361,-3.28,1.70,9,1
P047,HRTF_B,9,0.375,-3.34,1.67,9,1
P047,HRTF_B,9,0.388,-3.41,1.65,9,1
P047,HRTF_B,9,0.402,-3.45,1.63,9,1
P047,HRTF_B,9,0.416,-3.52,1.65,9,1
P047,HRTF_B,9,0.430,-3.55,1.65,9,1
P047,HRTF_B,9,0.444,-3.58,1.67,9,1
P047,HRTF_B,9,0.458,-3.60,1.68,9,1
P047,HRTF_B,9,0.472,-3.60,1.68,9,1
P047,HRTF_B,9,0.486,-3.60,1.72,9,1
P047,HRTF_B,9,0.500,-3.56,1.76,9,1
P047,HRTF_B,9,0.513,-3.52,1.79,9,1
P047,HRTF_B,9,0.527,-3.49,1.79,9,1
P047,HRTF_B,9,0.541,-3.48,1.75,9,1
P047,HRTF_B,9,0.555,-3.49,1.67,9,1
P047,HRTF_B,9,0.569,-3.51,1.61,9,1
P047,HRTF_B,9,0.583,-3.52,1.56,9,1
P047,HRTF_B,9,0.597,-3.53,1.52,9,1
P047,HRTF_B,9,0.611,-3.52,1.47,9,1
P047,HRTF_B,9,0.624,-3.45,1.44,9,1
P047,HRTF_B,9,0.638,-3.37,1.40,9,1
P047,HRTF_B,9,0.652,-3.24,1.40,9,1
P047,HRTF_B,9,0.666,-3.10,1.39,9,1
P047,HRTF_B,9,0.680,-2.96,1.34,9,1
P047,HRTF_B,9,0.694,-2.77,1.31,9,1
P047,HRTF_B,9,0.708,-2.56,1.27,9,1
P047,HRTF_B,9,0.722,-2.30,1.22,9,1
P047,HRTF_B,9,0.736,-2.01,1.20,9,1
P047,HRTF_B,9,0.750,-1.69,1.19,9,1
P047,HRTF_B,9,0.763,-1.40,1.17,9,1
P047,HRTF_B,9,0.777,-1.09,1.16,9,1
P047,HRTF_B,9,0.791,-0.81,1.17,9,1
P047,HRTF_B,9,0.805,-0.52,1.15,9,1
P047,HRTF_B,9,0.819,-0.26,1.17,9,1
P047,HRTF_B,9,0.833,0.01,1.15,9,1
P047,HRTF_B,9,0.847,0.31,1.14,9,1
P047,HRTF_B,9,0.861,0.63,1.15,9,1
P047,HRTF_B,9,0.874,1.05,1.12,9,1
P047,HRTF_B,9,0.888,1.60,1.09,9,1
P047,HRTF_B,9,0.902,2.13,1.07,9,1
P047,HRTF_B,9,0.916,3.04,1.02,9,1
P047,HRTF_B,9,0.930,3.85,1.00,9,1
P047,HRTF_B,9,0.944,4.72,1.02,9,1
P047,HRTF_B,9,0.958,5.79,1.06,9,1
P047,HRTF_B,9,0.971,6.92,1.05,9,1
P047,HRTF_B,9,0.985,8.18,1.09,9,1
P047,HRTF_B,9,0.999,9.67,1.12,9,1
P047,HRTF_B,9,1.013,11.28,1.12,9,1
P047,HRTF_B,9,1.027,13.11,1.09,9,1
P047,HRTF_B,9,1.041,15.11,1.06,9,1
P047,HRTF_B,9,1.055,17.36,1.01,9,1
P047,HRTF_B,9,1.069,19.99,0.92,9,1
P047,HRTF_B,9,1.082,22.67,0.88,9,1
P047,HRTF_B,9,1.096,25.33,0.76,9,1
P047,HRTF_B,9,1.110,28.01,0.58,9,1
P047,HRTF_B,9,1.124,30.64,0.33,9,1
P047,HRTF_B,9,1.138,33.26,0.04,9,1
P047,HRTF_B,9,1.152,35.77,-0.40,9,1
P047,HRTF_B,9,1.166,38.25,-0.76,9,1
P047,HRTF_B,9,1.180,40.67,-1.17,9,1
P047,HRTF_B,9,1.194,43.13,-1.56,9,1
P047,HRTF_B,9,1.208,45.55,-1.94,9,1
P047,HRTF_B,9,1.221,47.90,-2.25,9,1
P047,HRTF_B,9,1.235,50.20,-2.55,9,1
P047,HRTF_B,9,1.249,52.52,-2.78,9,1
P047,HRTF_B,9,1.263,54.82,-3.04,9,1
P047,HRTF_B,9,1.278,57.04,-3.27,9,1
P047,HRTF_B,9,1.291,59.17,-3.47,9,1
P047,HRTF_B,9,1.305,61.13,-3.71,9,1
P047,HRTF_B,9,1.319,62.97,-3.89,9,1
P047,HRTF_B,9,1.332,64.77,-4.07,9,1
P047,HRTF_B,9,1.347,66.48,-4.25,9,1
P047,HRTF_B,9,1.360,68.06,-4.38,9,1
P047,HRTF_B,9,1.374,69.51,-4.45,9,1
P047,HRTF_B,9,1.388,70.98,-4.51,9,1
P047,HRTF_B,9,1.402,72.32,-4.51,9,1
P047,HRTF_B,9,1.416,73.81,-4.54,9,1
P047,HRTF_B,9,1.430,75.31,-4.45,9,1
P047,HRTF_B,9,1.444,76.80,-4.37,9,1
P047,HRTF_B,9,1.458,78.19,-4.15,9,1
P047,HRTF_B,9,1.471,79.52,-3.94,9,1
P047,HRTF_B,9,1.485,80.87,-3.73,9,1
P047,HRTF_B,9,1.499,82.27,-3.49,9,1
P047,HRTF_B,9,1.513,83.66,-3.15,9,1
P047,HRTF_B,9,1.527,85.05,-2.74,9,1
P047,HRTF_B,9,1.541,86.36,-2.30,9,1
P047,HRTF_B,9,1.555,87.67,-1.93,9,1
P047,HRTF_B,9,1.569,88.91,-1.58,9,1
P047,HRTF_B,9,1.582,90.04,-1.32,9,1
P047,HRTF_B,9,1.597,91.13,-1.05,9,1
P047,HRTF_B,9,1.610,92.10,-0.88,9,1
P047,HRTF_B,9,1.624,92.99,-0.71,9,1
P047,HRTF_B,9,1.638,93.80,-0.57,9,1
P047,HRTF_B,9,1.652,94.53,-0.40,9,1
P047,HRTF_B,9,1.666,95.24,-0.24,9,1
P047,HRTF_B,9,1.680,95.86,-0.03,9,1
P047,HRTF_B,9,1.694,96.46,0.16,9,1
P047,HRTF_B,9,1.708,97.02,0.33,9,1
P047,HRTF_B,9,1.721,97.53,0.46,9,1
P047,HRTF_B,9,1.735,97.97,0.63,9,1
P047,HRTF_B,9,1.749,98.40,0.77,9,1
P047,HRTF_B,9,1.763,98.78,0.93,9,1
P047,HRTF_B,9,1.777,99.12,1.04,9,1
P047,HRTF_B,9,1.791,99.43,1.15,9,1
P047,HRTF_B,9,1.805,99.69,1.17,9,1
P047,HRTF_B,10,0.014,1.53,3.68,31,1
P047,HRTF_B,10,0.027,1.16,3.64,31,1
P047,HRTF_B,10,0.041,0.78,3.65,31,1
P047,HRTF_B,10,0.056,0.45,3.65,31,1
P047,HRTF_B,10,0.069,0.14,3.65,31,1
P047,HRTF_B,10,0.083,-0.16,3.62,31,1
P047,HRTF_B,10,0.097,-0.45,3.59,31,1
P047,HRTF_B,10,0.111,-0.68,3.57,31,1
P047,HRTF_B,10,0.125,-0.92,3.55,31,1
P047,HRTF_B,10,0.139,-1.11,3.50,31,1
P047,HRTF_B,10,0.153,-1.31,3.47,31,1
P047,HRTF_B,10,0.167,-1.47,3.43,31,1
P047,HRTF_B,10,0.180,-1.63,3.42,31,1
P047,HRTF_B,10,0.194,-1.77,3.38,31,1
P047,HRTF_B,10,0.208,-1.88,3.32,31,1
P047,HRTF_B,10,0.222,-1.98,3.27,31,1
P047,HRTF_B,10,0.236,-2.05,3.22,31,1
P047,HRTF_B,10,0.250,-2.13,3.16,31,1
P047,HRTF_B,10,0.264,-2.19,3.09,31,1
P047,HRTF_B,10,0.277,-2.26,3.02,31,1
P047,HRTF_B,10,0.291,-2.33,2.93,31,1
P047,HRTF_B,10,0.305,-2.37,2.86,31,1
P047,HRTF_B,10,0.319,-2.42,2.81,31,1
P047,HRTF_B,10,0.333,-2.48,2.72,31,1
P047,HRTF_B,10,0.347,-2.53,2.62,31,1
P047,HRTF_B,10,0.361,-2.58,2.60,31,1
P047,HRTF_B,10,0.375,-2.64,2.54,31,1
P047,HRTF_B,10,0.389,-2.69,2.47,31,1
P047,HRTF_B,10,0.402,-2.74,2.46,31,1
P047,HRTF_B,10,0.416,-2.77,2.46,31,1
P047,HRTF_B,10,0.430,-2.81,2.45,31,1
P047,HRTF_B,10,0.444,-2.83,2.43,31,1
P047,HRTF_B,10,0.458,-2.85,2.43,31,1
P047,HRTF_B,10,0.472,-2.85,2.44,31,1
P047,HRTF_B,10,0.486,-2.87,2.44,31,1
P047,HRTF_B,10,0.500,-2.86,2.44,31,1
P047,HRTF_B,10,0.514,-2.85,2.43,31,1
P047,HRTF_B,10,0.527,-2.83,2.41,31,1
P047,HRTF_B,10,0.541,-2.77,2.36,31,1
P047,HRTF_B,10,0.555,-2.73,2.32,31,1
P047,HRTF_B,10,0.569,-2.66,2.25,31,1
P047,HRTF_B,10,0.583,-2.61,2.22,31,1
P047,HRTF_B,10,0.597,-2.54,2.20,31,1
P047,HRTF_B,10,0.611,-2.48,2.20,31,1
P047,HRTF_B,10,0.625,-2.43,2.16,31,1
P047,HRTF_B,10,0.639,-2.37,2.11,31,1
P047,HRTF_B,10,0.652,-2.32,2.06,31,1
P047,HRTF_B,10,0.667,-2.27,1.98,31,1
P047,HRTF_B,10,0.680,-2.22,1.94,31,1
P047,HRTF_B,10,0.694,-2.14,1.90,31,1
P047,HRTF_B,10,0.708,-2.06,1.89,31,1
P047,HRTF_B,10,0.722,-1.98,1.88,31,1
P047,HRTF_B,10,0.736,-1.88,1.86,31,1
P047,HRTF_B,10,0.750,-1.77,1.82,31,1
P047,HRTF_B,10,0.764,-1.67,1.79,31,1
P047,HRTF_B,10,0.778,-1.57,1.74,31,1
P047,HRTF_B,10,0.792,-1.47,1.70,31,1
P047,HRTF_B,10,0.805,-1.34,1.65,31,1
P047,HRTF_B,10,0.819,-1.23,1.61,31,1
P047,HRTF_B,10,0.833,-1.10,1.56,31,1
P047,HRTF_B,10,0.847,-0.98,1.51,31,1
P047,HRTF_B,10,0.861,-0.84,1.49,31,1
P047,HRTF_B,10,0.875,-0.71,1.47,31,1
P047,HRTF_B,10,0.889,-0.57,1.46,31,1
P047,HRTF_B,10,0.903,-0.42,1.46,31,1
P047,HRTF_B,10,0.917,-0.28,1.44,31,1
P047,HRTF_B,10,0.930,-0.13,1.41,31,1
P047,HRTF_B,10,0.945,0.04,1.38,31,1
P047,HRTF_B,10,0.958,0.21,1.32,31,1
P047,HRTF_B,10,0.972,0.40,1.27,31,1
P047,HRTF_B,10,0.986,0.59,1.23,31,1
P047,HRTF_B,10,1.000,0.80,1.16,31,1
P047,HRTF_B,10,1.014,0.98,1.13,31,1
P047,HRTF_B,10,1.028,1.19,1.11,31,1
P047,HRTF_B,10,1.041,1.38,1.09,31,1
P047,HRTF_B,10,1.055,1.61,1.07,31,1
P047,HRTF_B,10,1.069,1.86,1.04,31,1
P047,HRTF_B,10,1.083,2.13,1.00,31,1
P047,HRTF_B,10,1.097,2.47,0.96,31,1
P047,HRTF_B,10,1.111,2.82,0.91,31,1
P047,HRTF_B,10,1.125,3.39,0.84,31,1
P047,HRTF_B,10,1.139,3.99,0.77,31,1
P047,HRTF_B,10,1.153,4.72,0.73,31,1
P047,HRTF_B,10,1.167,5.47,0.69,31,1
P047,HRTF_B,10,1.180,6.40,0.62,31,1
P047,HRTF_B,10,1.194,7.46,0.56,31,1
P047,HRTF_B,10,1.208,8.81,0.48,31,1
P047,HRTF_B,10,1.222,10.15,0.38,31,1
P047,HRTF_B,10,1.236,11.56,0.37,31,1
P047,HRTF_B,10,1.250,12.92,0.36,31,1
P047,HRTF_B,10,1.264,14.31,0.31,31,1
P047,HRTF_B,10,1.278,15.74,0.29,31,1
P047,HRTF_B,10,1.291,17.17,0.23,31,1
P047,HRTF_B,10,1.305,18.70,0.24,31,1
P047,HRTF_B,10,1.319,20.21,0.24,31,1
P047,HRTF_B,10,1.333,21.75,0.25,31,1
P047,HRTF_B,10,1.347,23.33,0.23,31,1
P047,HRTF_B,10,1.361,24.94,0.25,31,1
P047,HRTF_B,10,1.375,26.56,0.23,31,1
P047,HRTF_B,10,1.389,28.15,0.29,31,1
P047,HRTF_B,10,1.402,29.78,0.36,31,1
P047,HRTF_B,10,1.417,31.36,0.43,31,1
P047,HRTF_B,10,1.430,32.97,0.53,31,1
P047,HRTF_B,10,1.444,34.56,0.53,31,1
P047,HRTF_B,10,1.458,36.15,0.57,31,1
P047,HRTF_B,10,1.472,37.73,0.62,31,1
P047,HRTF_B,10,1.486,39.24,0.68,31,1
P047,HRTF_B,10,1.500,40.70,0.75,31,1
P047,HRTF_B,10,1.514,42.05,0.75,31,1
P047,HRTF_B,10,1.528,43.33,0.79,31,1
P047,HRTF_B,10,1.541,44.55,0.75,31,1
P047,HRTF_B,10,1.555,45.75,0.76,31,1
P047,HRTF_B,10,1.569,46.80,0.71,31,1
P047,HRTF_B,10,1.583,47.82,0.71,31,1
P047,HRTF_B,10,1.597,48.85,0.64,31,1
P047,HRTF_B,10,1.611,49.82,0.55,31,1
P047,HRTF_B,10,1.625,50.73,0.44,31,1
P047,HRTF_B,10,1.638,51.56,0.35,31,1
P047,HRTF_B,10,1.653,52.33,0.29,31,1
P047,HRTF_B,10,1.667,53.03,0.23,31,1
P047,HRTF_B,10,1.680,53.70,0.19,31,1
P047,HRTF_B,10,1.694,54.32,0.10,31,1
P047,HRTF_B,10,1.708,54.81,0.03,31,1
P047,HRTF_B,10,1.722,55.29,-0.04,31,1
P047,HRTF_B,10,1.736,55.66,-0.12,31,1
P047,HRTF_B,10,1.750,56.00,-0.19,31,1
P047,HRTF_B,10,1.764,56.24,-0.31,31,1
P047,HRTF_B,10,1.778,56.47,-0.43,31,1
P047,HRTF_B,10,1.791,56.58,-0.59,31,1
P047,HRTF_B,10,1.805,56.67,-0.78,31,1
P047,HRTF_B,10,1.819,56.70,-0.94,31,1
P047,HRTF_B,10,1.833,56.66,-1.11,31,1
P047,HRTF_B,10,1.847,56.52,-1.33,31,1
P047,HRTF_B,10,1.861,56.34,-1.52,31,1
P047,HRTF_B,10,1.875,56.05,-1.79,31,1
P047,HRTF_B,10,1.889,55.72,-2.16,31,1
P047,HRTF_B,10,1.903,55.33,-2.60,31,1
P047,HRTF_B,10,1.916,54.82,-3.10,31,1
P047,HRTF_B,10,1.930,54.20,-3.55,31,1
P047,HRTF_B,10,1.944,53.48,-4.13,31,1
P047,HRTF_B,10,1.958,52.70,-4.86,31,1
P047,HRTF_B,10,1.972,51.94,-5.52,31,1
P047,HRTF_B,10,1.986,51.18,-6.09,31,1
P047,HRTF_B,10,2.000,50.32,-6.54,31,1
P047,HRTF_B,10,2.014,49.37,-6.95,31,1
P047,HRTF_B,10,2.027,48.35,-7.43,31,1
P047,HRTF_B,10,2.042,47.23,-7.93,31,1
P047,HRTF_B,10,2.055,46.03,-8.47,31,1
P047,HRTF_B,10,2.069,44.86,-8.92,31,1
P047,HRTF_B,10,2.083,43.59,-9.39,31,1
P047,HRTF_B,10,2.097,42.23,-9.77,31,1
P047,HRTF_B,10,2.111,40.77,-10.20,31,1
P047,HRTF_B,10,2.125,39.29,-10.62,31,1
P047,HRTF_B,10,2.139,37.82,-10.96,31,1
P047,HRTF_B,10,2.152,36.35,-11.29,31,1
P047,HRTF_B,10,2.166,34.88,-11.48,31,1
P047,HRTF_B,10,2.180,33.41,-11.72,31,1
P047,HRTF_B,10,2.194,31.84,-11.84,31,1
P047,HRTF_B,10,2.208,30.28,-11.94,31,1
P047,HRTF_B,10,2.222,28.61,-11.96,31,1
P047,HRTF_B,10,2.235,26.90,-11.97,31,1
P047,HRTF_B,10,2.249,25.12,-11.99,31,1
P047,HRTF_B,10,2.263,23.28,-11.95,31,1
P047,HRTF_B,10,2.277,21.20,-11.90,31,1
P047,HRTF_B,10,2.291,19.14,-11.83,31,1
P047,HRTF_B,10,2.305,16.92,-11.74,31,1
P047,HRTF_B,10,2.319,14.53,-11.62,31,1
P047,HRTF_B,10,2.333,12.09,-11.46,31,1
P047,HRTF_B,10,2.347,9.67,-11.30,31,1
P047,HRTF_B,10,2.361,7.26,-11.12,31,1
P047,HRTF_B,10,2.374,4.94,-10.88,31,1
P047,HRTF_B,10,2.388,2.66,-10.62,31,1
P047,HRTF_B,10,2.402,0.43,-10.27,31,1
P047,HRTF_B,10,2.416,-1.88,-10.01,31,1
P047,HRTF_B,10,2.430,-4.16,-9.66,31,1
P047,HRTF_B,10,2.444,-6.47,-9.25,31,1
P047,HRTF_B,10,2.458,-8.76,-8.71,31,1
P047,HRTF_B,10,2.472,-11.13,-8.14,31,1
P047,HRTF_B,10,2.485,-13.56,-7.51,31,1
P047,HRTF_B,10,2.500,-16.14,-6.87,31,1
P047,HRTF_B,10,2.513,-18.84,-6.38,31,1
P047,HRTF_B,10,2.527,-21.34,-5.97,31,1
P047,HRTF_B,10,2.541,-23.83,-5.53,31,1
P047,HRTF_B,10,2.555,-26.32,-5.04,31,1
P047,HRTF_B,10,2.569,-28.84,-4.60,31,1
P047,HRTF_B,10,2.583,-31.33,-4.13,31,1
P047,HRTF_B,10,2.597,-33.75,-3.66,31,1
P047,HRTF_B,10,2.611,-36.15,-3.19,31,1
P047,HRTF_B,10,2.624,-38.46,-2.68,31,1
P047,HRTF_B,10,2.638,-40.77,-2.25,31,1
P047,HRTF_B,10,2.652,-43.08,-1.90,31,1
P047,HRTF_B,10,2.666,-45.34,-1.56,31,1
P047,HRTF_B,10,2.680,-47.53,-1.17,31,1
P047,HRTF_B,10,2.694,-49.57,-0.79,31,1
P047,HRTF_B,10,2.708,-51.61,-0.39,31,1
P047,HRTF_B,10,2.722,-53.60,0.04,31,1
P047,HRTF_B,10,2.736,-55.53,0.40,31,1
P047,HRTF_B,10,2.749,-57.43,0.77,31,1
P047,HRTF_B,10,2.763,-59.19,1.16,31,1
P047,HRTF_B,10,2.777,-61.03,1.52,31,1
P047,HRTF_B,10,2.791,-62.81,1.78,31,1
P047,HRTF_B,10,2.805,-64.56,2.06,31,1
P047,HRTF_B,10,2.819,-66.32,2.37,31,1
P047,HRTF_B,10,2.833,-67.89,2.73,31,1
P047,HRTF_B,10,2.847,-69.42,3.12,31,1
P047,HRTF_B,10,2.860,-70.89,3.47,31,1
P047,HRTF_B,10,2.874,-72.33,3.86,31,1
P047,HRTF_B,10,2.888,-73.64,4.19,31,1
P047,HRTF_B,10,2.902,-74.88,4.56,31,1
P047,HRTF_B,10,2.916,-76.17,4.96,31,1
P047,HRTF_B,10,2.930,-77.56,5.33,31,1
P047,HRTF_B,10,2.944,-78.98,5.62,31,1
P047,HRTF_B,10,2.958,-80.45,5.94,31,1
P047,HRTF_B,10,2.971,-81.92,6.27,31,1
P047,HRTF_B,10,2.985,-83.42,6.65,31,1
P047,HRTF_B,10,2.999,-84.87,6.99,31,1
P047,HRTF_B,10,3.013,-86.38,7.30,31,1
P047,HRTF_B,10,3.027,-87.80,7.60,31,1
P047,HRTF_B,10,3.041,-89.24,7.88,31,1
P047,HRTF_B,10,3.055,-90.68,8.12,31,1
P047,HRTF_B,10,3.069,-92.12,8.24,31,1
P047,HRTF_B,10,3.083,-93.58,8.37,31,1
P047,HRTF_B,10,3.097,-94.97,8.47,31,1
P047,HRTF_B,10,3.110,-96.37,8.48,31,1
P047,HRTF_B,10,3.124,-97.79,8.57,31,1
P047,HRTF_B,10,3.138,-99.30,8.69,31,1
P047,HRTF_B,10,3.152,-100.77,8.81,31,1
P047,HRTF_B,10,3.166,-102.25,8.94,31,1
P047,HRTF_B,10,3.180,-103.71,9.00,31,1
P047,HRTF_B,10,3.194,-105.15,8.83,31,1
P047,HRTF_B,10,3.208,-106.58,8.59,31,1
P047,HRTF_B,10,3.222,-107.98,8.06,31,1
P047,HRTF_B,10,3.235,-109.31,7.63,31,1
P047,HRTF_B,10,3.249,-110.59,7.27,31,1
P047,HRTF_B,10,3.263,-111.84,6.98,31,1
P047,HRTF_B,10,3.277,-113.06,6.70,31,1
P047,HRTF_B,10,3.291,-114.16,6.51,31,1
P047,HRTF_B,10,3.305,-115.28,6.25,31,1
P047,HRTF_B,10,3.319,-116.36,5.90,31,1
P047,HRTF_B,10,3.333,-117.39,5.52,31,1
P047,HRTF_B,10,3.346,-118.38,5.08,31,1
P047,HRTF_B,10,3.360,-119.33,4.55,31,1
P047,HRTF_B,10,3.374,-120.24,4.00,31,1
P047,HRTF_B,10,3.388,-120.98,3.38,31,1
P047,HRTF_B,10,3.402,-121.66,2.79,31,1
P047,HRTF_B,10,3.416,-122.36,2.18,31,1
P047,HRTF_B,10,3.430,-123.08,1.52,31,1
P047,HRTF_B,10,3.443,-123.84,0.78,31,1
P047,HRTF_B,10,3.457,-124.45,0.22,31,1
P047,HRTF_B,10,3.471,-124.89,-0.17,31,1
P047,HRTF_B,10,3.485,-125.16,-0.51,31,1
P047,HRTF_B,10,3.499,-125.27,-0.75,31,1
P047,HRTF_B,10,3.513,-125.33,-0.97,31,1
P047,HRTF_B,10,3.527,-125.46,-1.30,31,1
P047,HRTF_B,10,3.541,-125.46,-1.62,31,1
P047,HRTF_B,10,3.554,-125.38,-1.84,31,1
P047,HRTF_B,10,3.568,-125.26,-2.10,31,1
P047,HRTF_B,10,3.582,-125.11,-2.56,31,1
P047,HRTF_B,10,3.596,-124.98,-3.15,31,1
P047,HRTF_B,10,3.610,-124.74,-3.90,31,1
P047,HRTF_B,10,3.624,-124.51,-4.62,31,1
P047,HRTF_B,10,3.638,-124.32,-5.24,31,1
P047,HRTF_B,10,3.652,-124.22,-5.82,31,1
P047,HRTF_B,10,3.666,-124.18,-6.31,31,1
P047,HRTF_B,10,3.679,-124.16,-6.79,31,1
P047,HRTF_B,10,3.693,-124.05,-7.21,31,1
P047,HRTF_B,10,3.707,-123.91,-7.59,31,1
P047,HRTF_B,10,3.721,-123.78,-7.94,31,1
P047,HRTF_B,10,3.736,-123.69,-8.29,31,1
P047,HRTF_B,10,3.749,-123.68,-8.77,31,1
P047,HRTF_B,10,3.763,-123.74,-9.44,31,1
P047,HRTF_B,10,3.777,-123.75,-10.12,31,1
P047,HRTF_B,10,3.790,-123.92,-10.84,31,1
P047,HRTF_B,10,3.804,-124.13,-11.60,31,1
P047,HRTF_B,10,3.818,-124.38,-12.74,31,1
P047,HRTF_B,10,3.832,-124.49,-13.95,31,1
P047,HRTF_B,10,3.846,-124.46,-15.05,31,1
P047,HRTF_B,10,3.860,-124.29,-15.98,31,1
P047,HRTF_B,10,3.874,-124.22,-16.95,31,1
P047,HRTF_B,10,3.888,-124.19,-18.15,31,1
P047,HRTF_B,10,3.902,-124.11,-19.35,31,1
P047,HRTF_B,10,3.916,-123.94,-20.51,31,1
P047,HRTF_B,10,3.929,-123.70,-21.39,31,1
P047,HRTF_B,10,3.943,-123.53,-22.29,31,1
P047,HRTF_B,10,3.957,-123.45,-23.19,31,1
P047,HRTF_B,10,3.971,-123.32,-24.34,31,1
P047,HRTF_B,10,3.985,-123.02,-25.41,31,1
P047,HRTF_B,10,3.999,-122.71,-26.30,31,1
P047,HRTF_B,10,4.013,-122.49,-27.23,31,1
P047,HRTF_B,10,4.027,-122.39,-28.20,31,1
P047,HRTF_B,10,4.040,-122.35,-29.10,31,1
P047,HRTF_B,10,4.054,-122.21,-29.80,31,1
P047,HRTF_B,10,4.068,-122.02,-30.34,31,1
P047,HRTF_B,10,4.082,-121.84,-30.77,31,1
P047,HRTF_B,10,4.096,-121.77,-31.08,31,1
P047,HRTF_B,10,4.110,-121.77,-31.44,31,1
P047,HRTF_B,10,4.124,-121.82,-31.75,31,1
P047,HRTF_B,10,4.138,-121.78,-31.94,31,1
P047,HRTF_B,10,4.152,-121.78,-32.05,31,1
P047,HRTF_B,10,4.165,-121.76,-32.06,31,1
P047,HRTF_B,10,4.179,-121.86,-31.94,31,1
P047,HRTF_B,10,4.193,-121.93,-31.95,31,1
P047,HRTF_B,10,4.207,-121.98,-32.04,31,1
P047,HRTF_B,10,4.221,-122.00,-32.19,31,1
P047,HRTF_B,10,4.235,-122.03,-32.32,31,1
P047,HRTF_B,10,4.249,-122.12,-32.31,31,1
P047,HRTF_B,10,4.263,-122.24,-32.26,31,1
P047,HRTF_B,10,4.277,-122.40,-32.14,31,1
P047,HRTF_B,10,4.290,-122.62,-31.95,31,1
P047,HRTF_B,10,4.304,-122.84,-31.69,31,1
P047,HRTF_B,10,4.318,-123.15,-31.19,31,1
P047,HRTF_B,10,4.332,-123.59,-30.49,31,1
P047,HRTF_B,10,4.346,-124.01,-29.79,31,1
P047,HRTF_B,10,4.360,-124.63,-28.64,31,1
P047,HRTF_B,10,4.374,-125.24,-27.57,31,1
P047,HRTF_B,10,4.388,-125.96,-26.36,31,1
P047,HRTF_B,10,4.401,-126.73,-25.25,31,1
P047,HRTF_B,10,4.416,-127.58,-24.21,31,1
P047,HRTF_B,10,4.430,-128.39,-23.25,31,1
P047,HRTF_B,10,4.443,-129.17,-22.13,31,1
P047,HRTF_B,10,4.457,-129.93,-20.80,31,1
P047,HRTF_B,10,4.471,-130.75,-19.25,31,1
P047,HRTF_B,10,4.485,-131.53,-17.64,31,1
P047,HRTF_B,10,4.499,-132.25,-15.97,31,1
P047,HRTF_B,10,4.513,-132.91,-14.32,31,1
P047,HRTF_B,10,4.527,-133.53,-12.69,31,1
P047,HRTF_B,10,4.540,-134.19,-10.95,31,1
P047,HRTF_B,10,4.554,-134.82,-9.26,31,1
P047,HRTF_B,10,4.568,-135.37,-7.56,31,1
P047,HRTF_B,10,4.582,-135.90,-5.93,31,1
P047,HRTF_B,10,4.596,-136.46,-4.32,31,1
P047,HRTF_B,10,4.610,-137.03,-2.80,31,1
P047,HRTF_B,10,4.624,-137.52,-1.34,31,1
P047,HRTF_B,10,4.638,-137.93,-0.03,31,1
P047,HRTF_B,10,4.651,-138.18,1.13,31,1
P047,HRTF_B,10,4.665,-138.47,2.30,31,1
P047,HRTF_B,10,4.679,-138.72,3.28,31,1
P047,HRTF_B,10,4.693,-138.93,4.08,31,1
P047,HRTF_B,10,4.707,-139.10,4.78,31,1
P047,HRTF_B,10,4.721,-139.27,5.44,31,1
P047,HRTF_B,10,4.735,-139.50,6.09,31,1
P047,HRTF_B,10,4.749,-139.73,6.59,31,1
P047,HRTF_B,10,4.763,-139.91,7.03,31,1
P047,HRTF_B,10,4.777,-140.13,7.44,31,1
P047,HRTF_B,10,4.790,-140.18,7.73,31,1
P047,HRTF_B,10,4.804,-140.23,7.97,31,1
P047,HRTF_B,10,4.818,-140.29,8.26,31,1
P047,HRTF_B,10,4.832,-140.41,8.65,31,1
P047,HRTF_B,10,4.846,-140.48,8.96,31,1
P047,HRTF_B,10,4.860,-140.63,9.29,31,1
P047,HRTF_B,10,4.874,-140.72,9.49,31,1
P047,HRTF_B,10,4.888,-140.86,9.74,31,1
P047,HRTF_B,10,4.901,-141.00,10.03,31,1
P047,HRTF_B,10,4.915,-141.11,10.25,31,1
P047,HRTF_B,10,4.929,-141.18,10.43,31,1
P047,HRTF_B,10,4.943,-141.27,10.59,31,1
P047,HRTF_B,10,4.957,-141.38,10.81,31,1
P047,HRTF_B,10,4.971,-141.49,11.02,31,1
P047,HRTF_B,10,4.985,-141.58,11.13,31,1
P047,HRTF_B,10,4.999,-141.62,11.13,31,1
P047,HRTF_B,10,5.013,-141.70,10.98,31,1
P047,HRTF_B,10,5.027,-141.86,10.91,31,1
P047,HRTF_B,10,5.040,-142.06,10.75,31,1
P047,HRTF_B,10,5.054,-142.23,10.55,31,1
P047,HRTF_B,10,5.068,-142.52,10.24,31,1
P047,HRTF_B,10,5.082,-142.93,9.90,31,1
P047,HRTF_B,10,5.096,-143.38,9.56,31,1
P047,HRTF_B,10,5.110,-143.95,9.20,31,1
P047,HRTF_B,10,5.124,-144.42,8.93,31,1
P047,HRTF_B,10,5.138,-144.87,8.67,31,1
P047,HRTF_B,10,5.151,-145.41,8.37,31,1
P047,HRTF_B,10,5.165,-146.08,8.00,31,1
P047,HRTF_B,10,5.179,-146.72,7.89,31,1
P047,HRTF_B,10,5.193,-147.54,7.83,31,1
P047,HRTF_B,10,5.207,-148.66,7.61,31,1
P047,HRTF_B,10,5.221,-150.07,7.21,31,1
P047,HRTF_B,10,5.235,-151.40,6.96,31,1
P047,HRTF_B,10,5.249,-152.49,6.91,31,1
P047,HRTF_B,10,5.263,-153.36,6.95,31,1
P047,HRTF_B,10,5.276,-154.14,6.98,31,1
P047,HRTF_B,10,5.290,-155.11,6.83,31,1
P047,HRTF_B,10,5.304,-156.05,6.52,31,1
P047,HRTF_B,10,5.318,-156.72,6.25,31,1
P047,HRTF_B,10,5.332,-157.29,6.03,31,1
P047,HRTF_B,10,5.346,-158.02,5.83,31,1
P047,HRTF_B,10,5.360,-159.09,5.72,31,1
P047,HRTF_B,10,5.374,-160.25,5.67,31,1
P047,HRTF_B,10,5.388,-161.20,5.74,31,1
P047,HRTF_B,10,5.401,-161.78,6.01,31,1
P047,HRTF_B,10,5.415,-162.20,6.16,31,1
P047,HRTF_B,10,5.429,-162.64,6.26,31,1
P047,HRTF_B,10,5.443,-163.14,6.25,31,1
P047,HRTF_B,10,5.457,-163.43,6.19,31,1
P047,HRTF_B,10,5.471,-163.56,6.17,31,1
P047,HRTF_B,10,5.485,-163.47,6.21,31,1
P047,HRTF_B,10,5.499,-163.36,6.20,31,1
P047,HRTF_B,10,5.512,-163.17,6.06,31,1
P047,HRTF_B,10,5.527,-162.96,5.84,31,1
P047,HRTF_B,10,5.540,-162.78,5.64,31,1
P047,HRTF_B,10,5.554,-162.67,5.49,31,1
P047,HRTF_B,10,5.568,-162.50,5.26,31,1
P047,HRTF_B,10,5.582,-162.26,4.96,31,1
P047,HRTF_B,10,5.596,-161.99,4.55,31,1
P047,HRTF_B,10,5.610,-161.83,4.07,31,1
P047,HRTF_B,10,5.624,-161.72,3.73,31,1
P047,HRTF_B,10,5.638,-161.65,3.45,31,1
P047,HRTF_B,10,5.651,-161.66,3.25,31,1
P047,HRTF_B,10,5.665,-161.78,3.03,31,1
P047,HRTF_B,10,5.679,-161.89,2.70,31,1
P047,HRTF_B,10,5.693,-161.84,2.16,31,1
P047,HRTF_B,10,5.707,-161.59,1.59,31,1
P047,HRTF_B,10,5.721,-161.27,0.91,31,1
P047,HRTF_B,10,5.735,-160.91,0.01,31,1
P047,HRTF_B,10,5.749,-160.70,-1.07,31,1
P047,HRTF_B,10,5.763,-160.57,-2.44,31,1
P047,HRTF_B,10,5.776,-160.44,-3.94,31,1
P047,HRTF_B,10,5.790,-160.07,-5.51,31,1
P047,HRTF_B,10,5.804,-159.82,-6.84,31,1
P047,HRTF_B,10,5.818,-159.75,-8.02,31,1
P047,HRTF_B,10,5.832,-159.84,-9.23,31,1
P047,HRTF_B,10,5.846,-159.99,-10.35,31,1
P047,HRTF_B,10,5.860,-160.04,-11.62,31,1
P047,HRTF_B,10,5.874,-160.25,-12.84,31,1
P047,HRTF_B,10,5.887,-160.58,-14.02,31,1
P047,HRTF_B,10,5.902,-160.97,-15.12,31,1
P047,HRTF_B,10,5.915,-161.21,-16.34,31,1
P047,HRTF_B,10,5.929,-161.22,-17.67,31,1
P047,HRTF_B,10,5.943,-160.94,-18.88,31,1
P047,HRTF_B,10,5.957,-160.51,-19.92,31,1
P047,HRTF_B,10,5.971,-159.97,-20.90,31,1
P047,HRTF_B,10,5.985,-159.44,-22.01,31,1
P047,HRTF_B,10,5.999,-158.74,-23.21,31,1
P047,HRTF_B,10,6.012,-158.00,-24.15,31,1
P047,HRTF_B,10,6.026,-157.28,-24.71,31,1
P047,HRTF_B,10,6.040,-156.56,-25.19,31,1
P047,HRTF_B,10,6.054,-155.82,-25.46,31,1
P047,HRTF_B,10,6.068,-155.10,-26.04,31,1
P047,HRTF_B,10,6.082,-154.51,-26.81,31,1
P047,HRTF_B,10,6.096,-154.06,-27.65,31,1
P047,HRTF_B,10,6.110,-153.83,-28.32,31,1
P047,HRTF_B,10,6.124,-153.48,-28.90,31,1
P047,HRTF_B,10,6.138,-152.89,-29.69,31,1
P047,HRTF_B,10,6.151,-152.01,-30.80,31,1
P047,HRTF_B,10,6.165,-151.29,-31.95,31,1
P047,HRTF_B,10,6.179,-150.61,-33.18,31,1
P047,HRTF_B,10,6.193,-150.05,-34.06,31,1
P047,HRTF_B,10,6.207,-149.51,-34.70,31,1
P047,HRTF_B,10,6.221,-148.88,-35.30,31,1
P047,HRTF_B,10,6.235,-148.19,-35.93,31,1
P047,HRTF_B,10,6.249,-147.58,-36.66,31,1
P047,HRTF_B,10,6.263,-146.99,-37.36,31,1
P047,HRTF_B,10,6.276,-146.43,-37.92,31,1
P047,HRTF_B,10,6.290,-145.81,-38.46,31,1
P047,HRTF_B,10,6.304,-145.09,-39.02,31,1
P047,HRTF_B,10,6.318,-144.24,-39.71,31,1
P047,HRTF_B,10,6.332,-143.28,-40.46,31,1
P047,HRTF_B,10,6.346,-142.27,-41.23,31,1
P047,HRTF_B,10,6.360,-141.43,-41.87,31,1
P047,HRTF_B,10,6.374,-140.61,-42.42,31,1
P047,HRTF_B,10,6.388,-139.61,-42.93,31,1
P047,HRTF_B,10,6.401,-138.30,-43.58,31,1
P047,HRTF_B,10,6.415,-136.64,-44.34,31,1
P047,HRTF_B,10,6.429,-134.69,-45.26,31,1
P047,HRTF_B,10,6.443,-132.55,-46.18,31,1
P047,HRTF_B,10,6.457,-130.36,-47.05,31,1
P047,HRTF_B,10,6.471,-127.65,-48.04,31,1
P047,HRTF_B,10,6.485,-124.90,-48.90,31,1
P047,HRTF_B,10,6.499,-122.43,-49.51,31,1
P047,HRTF_B,10,6.512,-120.38,-49.86,31,1
P047,HRTF_B,10,6.526,-118.23,-50.05,31,1
P047,HRTF_B,10,6.540,-116.65,-50.37,31,1
P047,HRTF_B,10,6.554,-114.89,-50.63,31,1
P047,HRTF_B,10,6.568,-113.11,-50.99,31,1
P047,HRTF_B,10,6.582,-110.92,-51.37,31,1
P047,HRTF_B,10,6.596,-108.55,-51.94,31,1
P047,HRTF_B,10,6.610,-106.11,-52.37,31,1
P047,HRTF_B,10,6.623,-103.73,-52.66,31,1
P047,HRTF_B,10,6.637,-101.44,-52.83,31,1
P047,HRTF_B,10,6.651,-99.27,-52.81,31,1
P047,HRTF_B,10,6.665,-97.18,-52.70,31,1
P047,HRTF_B,10,6.679,-95.20,-52.42,31,1
P047,HRTF_B,10,6.693,-93.12,-52.08,31,1
P047,HRTF_B,10,6.707,-91.72,-52.01,31,1
P047,HRTF_B,10,6.721,-90.17,-51.71,31,1
P047,HRTF_B,10,6.735,-88.85,-51.65,31,1
P047,HRTF_B,10,6.749,-87.50,-51.43,31,1
P047,HRTF_B,10,6.763,-86.36,-51.18,31,1
P047,HRTF_B,10,6.777,-85.43,-50.83,31,1
P047,HRTF_B,10,6.790,-84.66,-50.45,31,1
P047,HRTF_B,10,6.804,-84.05,-50.11,31,1
P047,HRTF_B,10,6.818,-83.40,-49.64,31,1
P047,HRTF_B,10,6.832,-82.90,-49.27,31,1
P047,HRTF_B,10,6.846,-82.41,-48.92,31,1
P047,HRTF_B,10,6.860,-81.79,-48.58,31,1
P047,HRTF_B,10,6.874,-81.31,-48.31,31,1
P047,HRTF_B,10,6.888,-80.86,-48.07,31,1
P047,HRTF_B,10,6.901,-80.52,-47.82,31,1
P047,HRTF_B,10,6.915,-80.15,-47.54,31,1
P047,HRTF_B,10,6.929,-79.70,-47.22,31,1
P047,HRTF_B,10,6.943,-79.29,-46.86,31,1
P047,HRTF_B,10,6.957,-78.85,-46.55,31,1
P047,HRTF_B,10,6.971,-78.36,-46.22,31,1
P047,HRTF_B,10,6.985,-77.87,-45.89,31,1
P047,HRTF_B,10,6.999,-77.23,-45.52,31,1
P047,HRTF_B,10,7.013,-76.57,-45.13,31,1
P047,HRTF_B,10,7.026,-75.94,-44.69,31,1
P047,HRTF_B,10,7.040,-75.22,-44.25,31,1
P047,HRTF_B,10,7.054,-74.50,-43.80,31,1
P047,HRTF_B,10,7.068,-73.66,-43.37,31,1
P047,HRTF_B,10,7.082,-72.81,-42.84,31,1
P047,HRTF_B,10,7.096,-71.89,-42.33,31,1
P047,HRTF_B,10,7.110,-70.96,-41.78,31,1
P047,HRTF_B,10,7.124,-69.98,-41.23,31,1
P047,HRTF_B,10,7.138,-68.80,-40.70,31,1
P047,HRTF_B,10,7.152,-67.56,-40.08,31,1
P047,HRTF_B,10,7.165,-66.31,-39.49,31,1
P047,HRTF_B,10,7.179,-65.00,-38.87,31,1
P047,HRTF_B,10,7.193,-63.63,-38.20,31,1
P047,HRTF_B,10,7.207,-62.22,-37.50,31,1
P047,HRTF_B,10,7.221,-60.62,-36.72,31,1
P047,HRTF_B,10,7.235,-59.10,-35.98,31,1
P047,HRTF_B,10,7.249,-57.51,-35.24,31,1
P047,HRTF_B,10,7.263,-55.82,-34.58,31,1
P047,HRTF_B,10,7.276,-53.75,-34.10,31,1
P047,HRTF_B,10,7.290,-51.67,-33.63,31,1
P047,HRTF_B,10,7.304,-49.64,-33.22,31,1
P047,HRTF_B,10,7.318,-47.55,-32.77,31,1
P047,HRTF_B,10,7.332,-45.64,-32.35,31,1
P047,HRTF_B,10,7.346,-43.87,-32.07,31,1
P047,HRTF_B,10,7.360,-42.23,-31.85,31,1
P047,HRTF_B,10,7.374,-40.83,-31.79,31,1
P047,HRTF_B,10,7.388,-39.47,-31.73,31,1
P047,HRTF_B,10,7.401,-38.40,-31.79,31,1
P047,HRTF_B,10,7.415,-37.53,-31.81,31,1
P047,HRTF_B,10,7.429,-36.79,-31.79,31,1
P047,HRTF_B,10,7.443,-36.06,-31.75,31,1
P047,HRTF_B,10,7.457,-35.52,-31.69,31,1
P047,HRTF_B,11,0.014,-2.88,-0.77,5,1
P047,HRTF_B,11,0.028,-2.85,-0.84,5,1
P047,HRTF_B,11,0.042,-2.80,-0.89,5,1
P047,HRTF_B,11,0.055,-2.73,-0.97,5,1
P047,HRTF_B,11,0.069,-2.66,-1.08,5,1
P047,HRTF_B,11,0.083,-2.56,-1.21,5,1
P047,HRTF_B,11,0.097,-2.41,-1.34,5,1
P047,HRTF_B,11,0.111,-2.28,-1.43,5,1
P047,HRTF_B,11,0.125,-2.10,-1.49,5,1
P047,HRTF_B,11,0.139,-1.93,-1.50,5,1
P047,HRTF_B,11,0.153,-1.74,-1.51,5,1
P047,HRTF_B,11,0.167,-1.56,-1.51,5,1
P047,HRTF_B,11,0.181,-1.36,-1.54,5,1
P047,HRTF_B,11,0.194,-1.18,-1.59,5,1
P047,HRTF_B,11,0.208,-0.98,-1.64,5,1
P047,HRTF_B,11,0.222,-0.80,-1.67,5,1
P047,HRTF_B,11,0.236,-0.63,-1.66,5,1
P047,HRTF_B,11,0.250,-0.45,-1.62,5,1
P047,HRTF_B,11,0.264,-0.31,-1.58,5,1
P047,HRTF_B,11,0.278,-0.21,-1.57,5,1
P047,HRTF_B,11,0.292,-0.13,-1.62,5,1
P047,HRTF_B,11,0.306,-0.10,-1.69,5,1
P047,HRTF_B,11,0.320,-0.06,-1.75,5,1
P047,HRTF_B,11,0.333,-0.05,-1.76,5,1
P047,HRTF_B,11,0.347,-0.05,-1.76,5,1
P047,HRTF_B,11,0.361,-0.06,-1.73,5,1
P047,HRTF_B,11,0.375,-0.10,-1.68,5,1
P047,HRTF_B,11,0.389,-0.17,-1.61,5,1
P047,HRTF_B,11,0.403,-0.25,-1.56,5,1
P047,HRTF_B,11,0.417,-0.34,-1.52,5,1
P047,HRTF_B,11,0.431,-0.45,-1.44,5,1
P047,HRTF_B,11,0.444,-0.56,-1.34,5,1
P047,HRTF_B,11,0.458,-0.70,-1.23,5,1
P047,HRTF_B,11,0.473,-0.81,-1.15,5,1
P047,HRTF_B,11,0.486,-0.93,-1.07,5,1
P047,HRTF_B,11,0.500,-1.04,-1.00,5,1
P047,HRTF_B,11,0.514,-1.17,-0.92,5,1
P047,HRTF_B,11,0.528,-1.31,-0.83,5,1
P047,HRTF_B,11,0.541,-1.44,-0.73,5,1
P047,HRTF_B,11,0.556,-1.62,-0.66,5,1
P047,HRTF_B,11,0.569,-1.77,-0.63,5,1
P047,HRTF_B,11,0.583,-1.94,-0.61,5,1
P047,HRTF_B,11,0.597,-2.11,-0.59,5,1
P047,HRTF_B,11,0.611,-2.28,-0.56,5,1
P047,HRTF_B,11,0.625,-2.46,-0.52,5,1
P047,HRTF_B,11,0.639,-2.64,-0.48,5,1
P047,HRTF_B,11,0.653,-2.82,-0.45,5,1
P047,HRTF_B,11,0.666,-3.01,-0.42,5,1
P047,HRTF_B,11,0.680,-3.20,-0.40,5,1
P047,HRTF_B,11,0.694,-3.40,-0.35,5,1
P047,HRTF_B,11,0.708,-3.57,-0.31,5,1
P047,HRTF_B,11,0.722,-3.76,-0.26,5,1
P047,HRTF_B,11,0.736,-3.94,-0.21,5,1
P047,HRTF_B,11,0.750,-4.10,-0.16,5,1
P047,HRTF_B,11,0.764,-4.27,-0.12,5,1
P047,HRTF_B,11,0.778,-4.45,-0.07,5,1
P047,HRTF_B,11,0.792,-4.62,-0.03,5,1
P047,HRTF_B,11,0.805,-4.81,0.01,5,1
P047,HRTF_B,11,0.819,-4.97,0.04,5,1
P047,HRTF_B,11,0.833,-5.14,0.09,5,1
P047,HRTF_B,11,0.847,-5.30,0.12,5,1
P047,HRTF_B,11,0.861,-5.45,0.16,5,1
P047,HRTF_B,11,0.875,-5.59,0.17,5,1
P047,HRTF_B,11,0.889,-5.72,0.18,5,1
P047,HRTF_B,11,0.903,-5.85,0.21,5,1
P047,HRTF_B,11,0.916,-5.94,0.20,5,1
P047,HRTF_B,11,0.930,-6.02,0.18,5,1
P047,HRTF_B,11,0.944,-6.09,0.20,5,1
P047,HRTF_B,11,0.958,-6.13,0.19,5,1
P047,HRTF_B,11,0.972,-6.11,0.16,5,1
P047,HRTF_B,11,0.986,-6.04,0.15,5,1
P047,HRTF_B,11,1.000,-5.92,0.16,5,1
P047,HRTF_B,11,1.014,-5.79,0.18,5,1
P047,HRTF_B,11,1.027,-5.58,0.23,5,1
P047,HRTF_B,11,1.041,-5.33,0.24,5,1
P047,HRTF_B,11,1.055,-5.07,0.26,5,1
P047,HRTF_B,11,1.070,-4.75,0.25,5,1
P047,HRTF_B,11,1.083,-4.36,0.21,5,1
P047,HRTF_B,11,1.097,-3.84,0.19,5,1
P047,HRTF_B,11,1.111,-3.26,0.17,5,1
P047,HRTF_B,11,1.125,-2.57,0.13,5,1
P047,HRTF_B,11,1.139,-1.82,0.22,5,1
P047,HRTF_B,11,1.152,-0.98,0.28,5,1
P047,HRTF_B,11,1.166,-0.13,0.38,5,1
P047,HRTF_B,11,1.180,0.77,0.50,5,1
P047,HRTF_B,11,1.194,1.75,0.58,5,1
P047,HRTF_B,11,1.208,2.74,0.65,5,1
P047,HRTF_B,11,1.222,3.67,0.76,5,1
P047,HRTF_B,11,1.236,4.70,0.86,5,1
P047,HRTF_B,11,1.250,5.74,0.98,5,1
P047,HRTF_B,11,1.264,6.81,1.14,5,1
P047,HRTF_B,11,1.277,7.93,1.25,5,1
P047,HRTF_B,11,1.292,9.09,1.37,5,1
P047,HRTF_B,11,1.305,10.26,1.43,5,1
P047,HRTF_B,11,1.319,11.59,1.46,5,1
P047,HRTF_B,11,1.333,13.01,1.47,5,1
P047,HRTF_B,11,1.347,14.50,1.48,5,1
P047,HRTF_B,11,1.361,16.09,1.46,5,1
P047,HRTF_B,11,1.375,17.73,1.51,5,1
P047,HRTF_B,11,1.389,19.34,1.55,5,1
P047,HRTF_B,11,1.403,21.15,1.57,5,1
P047,HRTF_B,11,1.417,23.01,1.60,5,1
P047,HRTF_B,11,1.430,24.98,1.66,5,1
P047,HRTF_B,11,1.444,26.98,1.74,5,1
P047,HRTF_B,11,1.458,28.95,1.82,5,1
P047,HRTF_B,11,1.472,30.85,1.92,5,1
P047,HRTF_B,11,1.486,32.71,2.00,5,1
P047,HRTF_B,11,1.500,34.50,2.10,5,1
P047,HRTF_B,11,1.514,36.19,2.16,5,1
P047,HRTF_B,11,1.528,37.91,2.21,5,1
P047,HRTF_B,11,1.542,39.54,2.18,5,1
P047,HRTF_B,11,1.555,41.15,2.17,5,1
P047,HRTF_B,11,1.569,42.69,2.13,5,1
P047,HRTF_B,11,1.583,44.15,2.11,5,1
P047,HRTF_B,11,1.597,45.48,2.07,5,1
P047,HRTF_B,11,1.611,46.82,2.04,5,1
P047,HRTF_B,11,1.625,47.83,1.96,5,1
P047,HRTF_B,11,1.639,48.95,1.85,5,1
P047,HRTF_B,11,1.652,49.74,1.71,5,1
P047,HRTF_B,11,1.666,50.54,1.60,5,1
P047,HRTF_B,11,1.680,51.24,1.52,5,1
P047,HRTF_B,11,1.694,51.77,1.44,5,1
P047,HRTF_B,11,1.708,52.17,1.32,5,1
P047,HRTF_B,11,1.722,52.55,1.22,5,1
P047,HRTF_B,11,1.736,52.82,1.13,5,1
P047,HRTF_B,11,1.750,53.12,1.04,5,1
P047,HRTF_B,11,1.764,53.30,0.98,5,1
P047,HRTF_B,11,1.777,53.46,0.96,5,1
P047,HRTF_B,11,1.791,53.58,0.96,5,1
P047,HRTF_B,11,1.805,53.60,1.06,5,1
P047,HRTF_B,11,1.819,53.68,1.09,5,1
P047,HRTF_B,11,1.833,53.76,1.05,5,1
P047,HRTF_B,11,1.847,53.81,0.99,5,1
P047,HRTF_B,11,1.861,53.88,0.95,5,1
P047,HRTF_B,11,1.875,53.90,0.93,5,1
P047,HRTF_B,11,1.889,53.89,0.92,5,1
P047,HRTF_B,11,1.902,53.89,0.90,5,1
P047,HRTF_B,11,1.916,53.88,0.88,5,1
P047,HRTF_B,11,1.930,53.88,0.88,5,1
P047,HRTF_B,11,1.944,53.84,0.90,5,1
P047,HRTF_B,11,1.958,53.78,0.94,5,1
P047,HRTF_B,11,1.972,53.69,0.96,5,1
P047,HRTF_B,11,1.986,53.59,0.93,5,1
P047,HRTF_B,11,2.000,53.47,0.83,5,1
P047,HRTF_B,11,2.014,53.34,0.74,5,1
P047,HRTF_B,11,2.028,53.18,0.66,5,1
P047,HRTF_B,11,2.041,52.99,0.61,5,1
P047,HRTF_B,12,0.014,-2.15,3.87,22,1
P047,HRTF_B,12,0.028,-2.33,3.80,22,1
P047,HRTF_B,12,0.042,-2.49,3.71,22,1
P047,HRTF_B,12,0.056,-2.64,3.59,22,1
P047,HRTF_B,12,0.070,-2.82,3.51,22,1
P047,HRTF_B,12,0.084,-3.00,3.45,22,1
P047,HRTF_B,12,0.097,-3.20,3.41,22,1
P047,HRTF_B,12,0.112,-3.40,3.40,22,1
P047,HRTF_B,12,0.125,-3.60,3.36,22,1
P047,HRTF_B,12,0.139,-3.80,3.35,22,1
P047,HRTF_B,12,0.153,-4.01,3.32,22,1
P047,HRTF_B,12,0.167,-4.21,3.27,22,1
P047,HRTF_B,12,0.181,-4.41,3.25,22,1
P047,HRTF_B,12,0.194,-4.62,3.21,22,1
P047,HRTF_B,12,0.208,-4.82,3.14,22,1
P047,HRTF_B,12,0.222,-5.01,3.07,22,1
P047,HRTF_B,12,0.236,-5.20,2.99,22,1
P047,HRTF_B,12,0.250,-5.38,2.87,22,1
P047,HRTF_B,12,0.264,-5.55,2.80,22,1
P047,HRTF_B,12,0.278,-5.71,2.71,22,1
P047,HRTF_B,12,0.292,-5.86,2.63,22,1
P047,HRTF_B,12,0.306,-6.00,2.53,22,1
P047,HRTF_B,12,0.320,-6.12,2.39,22,1
P047,HRTF_B,12,0.333,-6.21,2.25,22,1
P047,HRTF_B,12,0.348,-6.29,2.18,22,1
P047,HRTF_B,12,0.361,-6.34,2.03,22,1
P047,HRTF_B,12,0.375,-6.37,1.77,22,1
P047,HRTF_B,12,0.389,-6.35,1.37,22,1
P047,HRTF_B,12,0.403,-6.31,0.95,22,1
P047,HRTF_B,12,0.417,-6.23,0.49,22,1
P047,HRTF_B,12,0.431,-6.18,0.16,22,1
P047,HRTF_B,12,0.445,-6.06,-0.14,22,1
P047,HRTF_B,12,0.458,-5.94,-0.44,22,1
P047,HRTF_B,12,0.472,-5.79,-0.75,22,1
P047,HRTF_B,12,0.486,-5.63,-1.08,22,1
P047,HRTF_B,12,0.500,-5.43,-1.44,22,1
P047,HRTF_B,12,0.514,-5.25,-1.74,22,1
P047,HRTF_B,12,0.528,-5.07,-2.00,22,1
P047,HRTF_B,12,0.542,-4.91,-2.28,22,1
P047,HRTF_B,12,0.556,-4.75,-2.58,22,1
P047,HRTF_B,12,0.569,-4.61,-2.86,22,1
P047,HRTF_B,12,0.583,-4.47,-3.09,22,1
P047,HRTF_B,12,0.597,-4.33,-3.31,22,1
P047,HRTF_B,12,0.611,-4.21,-3.51,22,1
P047,HRTF_B,12,0.625,-4.10,-3.71,22,1
P047,HRTF_B,12,0.639,-4.00,-3.95,22,1
P047,HRTF_B,12,0.654,-3.91,-4.17,22,1
P047,HRTF_B,12,0.667,-3.83,-4.38,22,1
P047,HRTF_B,12,0.681,-3.78,-4.60,22,1
P047,HRTF_B,12,0.695,-3.71,-4.81,22,1
P047,HRTF_B,12,0.709,-3.68,-5.00,22,1
P047,HRTF_B,12,0.722,-3.63,-5.20,22,1
P047,HRTF_B,12,0.736,-3.58,-5.41,22,1
P047,HRTF_B,12,0.750,-3.56,-5.62,22,1
P047,HRTF_B,12,0.764,-3.55,-5.83,22,1
P047,HRTF_B,12,0.778,-3.57,-6.05,22,1
P047,HRTF_B,12,0.792,-3.57,-6.29,22,1
P047,HRTF_B,12,0.806,-3.57,-6.52,22,1
P047,HRTF_B,12,0.820,-3.55,-6.79,22,1
P047,HRTF_B,12,0.833,-3.51,-7.05,22,1
P047,HRTF_B,12,0.847,-3.49,-7.26,22,1
P047,HRTF_B,12,0.861,-3.47,-7.46,22,1
P047,HRTF_B,12,0.875,-3.47,-7.65,22,1
P047,HRTF_B,12,0.889,-3.48,-7.82,22,1
P047,HRTF_B,12,0.903,-3.56,-8.01,22,1
P047,HRTF_B,12,0.917,-3.67,-8.16,22,1
P047,HRTF_B,12,0.931,-3.86,-8.28,22,1
P047,HRTF_B,12,0.944,-4.14,-8.38,22,1
P047,HRTF_B,12,0.958,-4.49,-8.43,22,1
P047,HRTF_B,12,0.972,-4.97,-8.45,22,1
P047,HRTF_B,12,0.986,-5.56,-8.44,22,1
P047,HRTF_B,12,1.000,-6.26,-8.37,22,1
P047,HRTF_B,12,1.014,-7.14,-8.27,22,1
P047,HRTF_B,12,1.028,-8.06,-8.14,22,1
P047,HRTF_B,12,1.042,-9.19,-8.00,22,1
P047,HRTF_B,12,1.056,-10.33,-7.88,22,1
P047,HRTF_B,12,1.069,-11.53,-7.77,22,1
P047,HRTF_B,12,1.083,-12.79,-7.65,22,1
P047,HRTF_B,12,1.097,-14.13,-7.48,22,1
P047,HRTF_B,12,1.111,-15.53,-7.29,22,1
P047,HRTF_B,12,1.125,-17.14,-7.05,22,1
P047,HRTF_B,12,1.139,-18.69,-6.87,22,1
P047,HRTF_B,12,1.153,-20.42,-6.65,22,1
P047,HRTF_B,12,1.167,-22.13,-6.38,22,1
P047,HRTF_B,12,1.181,-24.00,-6.19,22,1
P047,HRTF_B,12,1.195,-25.82,-5.96,22,1
P047,HRTF_B,12,1.208,-27.74,-5.70,22,1
P047,HRTF_B,12,1.222,-29.60,-5.41,22,1
P047,HRTF_B,12,1.236,-31.57,-5.11,22,1
P047,HRTF_B,12,1.250,-33.58,-4.82,22,1
P047,HRTF_B,12,1.264,-35.63,-4.55,22,1
P047,HRTF_B,12,1.278,-37.71,-4.25,22,1
P047,HRTF_B,12,1.292,-39.72,-3.91,22,1
P047,HRTF_B,12,1.305,-41.65,-3.60,22,1
P047,HRTF_B,12,1.319,-43.56,-3.31,22,1
P047,HRTF_B,12,1.333,-45.50,-3.04,22,1
P047,HRTF_B,12,1.347,-47.44,-2.88,22,1
P047,HRTF_B,12,1.361,-49.31,-2.79,22,1
P047,HRTF_B,12,1.375,-51.07,-2.68,22,1
P047,HRTF_B,12,1.389,-52.81,-2.60,22,1
P047,HRTF_B,12,1.403,-54.44,-2.55,22,1
P047,HRTF_B,12,1.417,-56.03,-2.48,22,1
P047,HRTF_B,12,1.430,-57.54,-2.50,22,1
P047,HRTF_B,12,1.444,-59.03,-2.46,22,1
P047,HRTF_B,12,1.459,-60.43,-2.41,22,1
P047,HRTF_B,12,1.472,-61.71,-2.35,22,1
P047,HRTF_B,12,1.486,-62.99,-2.33,22,1
P047,HRTF_B,12,1.500,-64.19,-2.26,22,1
P047,HRTF_B,12,1.514,-65.21,-2.20,22,1
P047,HRTF_B,12,1.528,-66.21,-2.14,22,1
P047,HRTF_B,12,1.542,-67.24,-2.11,22,1
P047,HRTF_B,12,1.555,-68.24,-2.08,22,1
P047,HRTF_B,12,1.569,-69.24,-2.08,22,1
P047,HRTF_B,12,1.583,-70.20,-2.11,22,1
P047,HRTF_B,12,1.597,-71.11,-2.10,22,1
P047,HRTF_B,12,1.611,-72.01,-2.11,22,1
P047,HRTF_B,12,1.625,-72.90,-2.07,22,1
P047,HRTF_B,12,1.639,-73.76,-2.02,22,1
P047,HRTF_B,12,1.653,-74.63,-1.96,22,1
P047,HRTF_B,12,1.667,-75.50,-1.99,22,1
P047,HRTF_B,12,1.681,-76.37,-2.02,22,1
P047,HRTF_B,12,1.694,-77.27,-2.08,22,1
P047,HRTF_B,12,1.708,-78.14,-2.16,22,1
P047,HRTF_B,12,1.722,-78.98,-2.17,22,1
P047,HRTF_B,12,1.736,-79.75,-2.18,22,1
P047,HRTF_B,12,1.750,-80.51,-2.29,22,1
P047,HRTF_B,12,1.764,-81.29,-2.42,22,1
P047,HRTF_B,12,1.778,-82.04,-2.55,22,1
P047,HRTF_B,12,1.792,-82.79,-2.71,22,1
P047,HRTF_B,12,1.805,-83.53,-2.85,22,1
P047,HRTF_B,12,1.819,-84.22,-2.97,22,1
P047,HRTF_B,12,1.833,-85.00,-3.10,22,1
P047,HRTF_B,12,1.847,-85.81,-3.28,22,1
P047,HRTF_B,12,1.861,-86.67,-3.48,22,1
P047,HRTF_B,12,1.875,-87.53,-3.69,22,1
P047,HRTF_B,12,1.889,-88.44,-3.96,22,1
P047,HRTF_B,12,1.903,-89.38,-4.20,22,1
P047,HRTF_B,12,1.917,-90.39,-4.43,22,1
P047,HRTF_B,12,1.930,-91.39,-4.72,22,1
P047,HRTF_B,12,1.945,-92.48,-4.94,22,1
P047,HRTF_B,12,1.958,-93.48,-5.14,22,1
P047,HRTF_B,12,1.972,-94.57,-5.35,22,1
P047,HRTF_B,12,1.986,-95.65,-5.53,22,1
P047,HRTF_B,12,2.000,-96.77,-5.74,22,1
P047,HRTF_B,12,2.014,-97.89,-5.95,22,1
P047,HRTF_B,12,2.028,-99.13,-6.22,22,1
P047,HRTF_B,12,2.041,-100.44,-6.45,22,1
P047,HRTF_B,12,2.055,-101.79,-6.70,22,1
P047,HRTF_B,12,2.069,-103.18,-6.95,22,1
P047,HRTF_B,12,2.083,-104.60,-7.12,22,1
P047,HRTF_B,12,2.097,-106.00,-7.27,22,1
P047,HRTF_B,12,2.111,-107.39,-7.37,22,1
P047,HRTF_B,12,2.125,-108.78,-7.38,22,1
P047,HRTF_B,12,2.139,-110.20,-7.36,22,1
P047,HRTF_B,12,2.153,-111.53,-7.29,22,1
P047,HRTF_B,12,2.167,-112.88,-7.07,22,1
P047,HRTF_B,12,2.180,-114.17,-6.90,22,1
P047,HRTF_B,12,2.194,-115.45,-6.67,22,1
P047,HRTF_B,12,2.208,-116.71,-6.42,22,1
P047,HRTF_B,12,2.222,-117.96,-6.09,22,1
P047,HRTF_B,12,2.236,-119.30,-5.68,22,1
P047,HRTF_B,12,2.250,-120.82,-5.25,22,1
P047,HRTF_B,12,2.264,-122.55,-4.69,22,1
P047,HRTF_B,12,2.278,-124.14,-4.11,22,1
P047,HRTF_B,12,2.291,-125.81,-3.52,22,1
P047,HRTF_B,12,2.305,-127.54,-2.98,22,1
P047,HRTF_B,12,2.319,-129.25,-2.59,22,1
P047,HRTF_B,12,2.333,-130.91,-2.32,22,1
P047,HRTF_B,12,2.347,-132.49,-2.04,22,1
P047,HRTF_B,12,2.361,-134.05,-1.78,22,1
P047,HRTF_B,12,2.375,-135.63,-1.47,22,1
P047,HRTF_B,12,2.389,-137.19,-1.11,22,1
P047,HRTF_B,12,2.402,-138.77,-0.67,22,1
P047,HRTF_B,12,2.416,-140.30,-0.26,22,1
P047,HRTF_B,12,2.430,-141.88,0.10,22,1
P047,HRTF_B,12,2.444,-143.40,0.41,22,1
P047,HRTF_B,12,2.458,-144.79,0.56,22,1
P047,HRTF_B,12,2.472,-145.94,0.73,22,1
P047,HRTF_B,12,2.486,-146.81,0.70,22,1
P047,HRTF_B,12,2.500,-147.31,0.41,22,1
P047,HRTF_B,12,2.514,-147.80,0.10,22,1
P047,HRTF_B,12,2.527,-147.91,-0.36,22,1
P047,HRTF_B,12,2.541,-148.01,-0.67,22,1
P047,HRTF_B,12,2.555,-147.81,-0.90,22,1
P047,HRTF_B,12,2.569,-147.52,-1.01,22,1
P047,HRTF_B,12,2.583,-147.20,-1.12,22,1
P047,HRTF_B,12,2.597,-146.85,-1.21,22,1
P047,HRTF_B,12,2.611,-146.49,-1.32,22,1
P047,HRTF_B,12,2.625,-146.13,-1.48,22,1
P047,HRTF_B,12,2.638,-145.81,-1.61,22,1
P047,HRTF_B,12,2.652,-145.58,-1.72,22,1
P047,HRTF_B,12,2.666,-145.43,-1.84,22,1
P047,HRTF_B,12,2.680,-145.27,-1.97,22,1
P047,HRTF_B,12,2.694,-145.08,-2.16,22,1
P047,HRTF_B,12,2.708,-144.85,-2.40,22,1
P047,HRTF_B,12,2.722,-144.64,-2.69,22,1
P047,HRTF_B,12,2.736,-144.48,-2.95,22,1
P047,HRTF_B,12,2.750,-144.33,-3.15,22,1
P047,HRTF_B,13,0.014,3.28,-1.41,14,1
P047,HRTF_B,13,0.028,3.56,-1.42,14,1
P047,HRTF_B,13,0.041,3.83,-1.43,14,1
P047,HRTF_B,13,0.056,4.13,-1.43,14,1
P047,HRTF_B,13,0.069,4.33,-1.43,14,1
P047,HRTF_B,13,0.083,4.56,-1.38,14,1
P047,HRTF_B,13,0.097,4.75,-1.32,14,1
P047,HRTF_B,13,0.112,4.91,-1.26,14,1
P047,HRTF_B,13,0.125,5.07,-1.19,14,1
P047,HRTF_B,13,0.139,5.20,-1.12,14,1
P047,HRTF_B,13,0.152,5.34,-1.05,14,1
P047,HRTF_B,13,0.167,5.46,-0.97,14,1
P047,HRTF_B,13,0.180,5.56,-0.90,14,1
P047,HRTF_B,13,0.194,5.67,-0.89,14,1
P047,HRTF_B,13,0.208,5.79,-0.93,14,1
P047,HRTF_B,13,0.222,5.90,-0.98,14,1
P047,HRTF_B,13,0.236,6.03,-1.04,14,1
P047,HRTF_B,13,0.250,6.16,-1.08,14,1
P047,HRTF_B,13,0.264,6.26,-1.11,14,1
P047,HRTF_B,13,0.278,6.34,-1.12,14,1
P047,HRTF_B,13,0.291,6.38,-1.13,14,1
P047,HRTF_B,13,0.305,6.42,-1.19,14,1
P047,HRTF_B,13,0.319,6.40,-1.23,14,1
P047,HRTF_B,13,0.333,6.39,-1.24,14,1
P047,HRTF_B,13,0.347,6.37,-1.26,14,1
P047,HRTF_B,13,0.361,6.34,-1.26,14,1
P047,HRTF_B,13,0.375,6.30,-1.30,14,1
P047,HRTF_B,13,0.389,6.24,-1.37,14,1
P047,HRTF_B,13,0.403,6.16,-1.45,14,1
P047,HRTF_B,13,0.416,6.07,-1.52,14,1
P047,HRTF_B,13,0.430,5.99,-1.60,14,1
P047,HRTF_B,13,0.444,5.89,-1.65,14,1
P047,HRTF_B,13,0.458,5.79,-1.67,14,1
P047,HRTF_B,13,0.472,5.70,-1.71,14,1
P047,HRTF_B,13,0.486,5.60,-1.71,14,1
P047,HRTF_B,13,0.500,5.49,-1.70,14,1
P047,HRTF_B,13,0.514,5.39,-1.68,14,1
P047,HRTF_B,13,0.528,5.27,-1.65,14,1
P047,HRTF_B,13,0.541,5.15,-1.62,14,1
P047,HRTF_B,13,0.556,5.04,-1.63,14,1
P047,HRTF_B,13,0.569,4.92,-1.65,14,1
P047,HRTF_B,13,0.583,4.78,-1.68,14,1
P047,HRTF_B,13,0.597,4.66,-1.70,14,1
P047,HRTF_B,13,0.611,4.52,-1.73,14,1
P047,HRTF_B,13,0.625,4.38,-1.74,14,1
P047,HRTF_B,13,0.639,4.24,-1.80,14,1
P047,HRTF_B,13,0.653,4.10,-1.85,14,1
P047,HRTF_B,13,0.667,3.97,-1.89,14,1
P047,HRTF_B,13,0.680,3.85,-1.93,14,1
P047,HRTF_B,13,0.694,3.74,-1.94,14,1
P047,HRTF_B,13,0.708,3.63,-1.97,14,1
P047,HRTF_B,13,0.722,3.56,-1.97,14,1
P047,HRTF_B,13,0.736,3.48,-1.99,14,1
P047,HRTF_B,13,0.750,3.41,-2.02,14,1
P047,HRTF_B,13,0.764,3.33,-2.07,14,1
P047,HRTF_B,13,0.778,3.25,-2.11,14,1
P047,HRTF_B,13,0.792,3.16,-2.13,14,1
P047,HRTF_B,13,0.806,3.04,-2.14,14,1
P047,HRTF_B,13,0.820,2.87,-2.13,14,1
P047,HRTF_B,13,0.833,2.73,-2.13,14,1
P047,HRTF_B,13,0.847,2.54,-2.16,14,1
P047,HRTF_B,13,0.861,2.36,-2.19,14,1
P047,HRTF_B,13,0.875,2.16,-2.25,14,1
P047,HRTF_B,13,0.889,1.96,-2.31,14,1
P047,HRTF_B,13,0.903,1.75,-2.39,14,1
P047,HRTF_B,13,0.917,1.54,-2.44,14,1
P047,HRTF_B,13,0.930,1.30,-2.49,14,1
P047,HRTF_B,13,0.944,1.07,-2.52,14,1
P047,HRTF_B,13,0.958,0.85,-2.56,14,1
P047,HRTF_B,13,0.972,0.65,-2.64,14,1
P047,HRTF_B,13,0.986,0.45,-2.69,14,1
P047,HRTF_B,13,1.000,0.25,-2.76,14,1
P047,HRTF_B,13,1.014,0.10,-2.87,14,1
P047,HRTF_B,13,1.028,-0.04,-2.97,14,1
P047,HRTF_B,13,1.042,-0.10,-3.09,14,1
P047,HRTF_B,13,1.055,-0.12,-3.20,14,1
P047,HRTF_B,13,1.069,-0.08,-3.32,14,1
P047,HRTF_B,13,1.083,-0.03,-3.41,14,1
P047,HRTF_B,13,1.097,0.10,-3.52,14,1
P047,HRTF_B,13,1.111,0.30,-3.65,14,1
P047,HRTF_B,13,1.125,0.64,-3.83,14,1
P047,HRTF_B,13,1.139,1.10,-4.07,14,1
P047,HRTF_B,13,1.153,1.69,-4.33,14,1
P047,HRTF_B,13,1.167,2.34,-4.60,14,1
P047,HRTF_B,13,1.181,3.12,-4.83,14,1
P047,HRTF_B,13,1.194,4.16,-5.16,14,1
P047,HRTF_B,13,1.208,5.22,-5.45,14,1
P047,HRTF_B,13,1.222,6.54,-5.74,14,1
P047,HRTF_B,13,1.236,7.81,-6.02,14,1
P047,HRTF_B,13,1.250,9.45,-6.30,14,1
P047,HRTF_B,13,1.264,11.12,-6.55,14,1
P047,HRTF_B,13,1.278,12.91,-6.75,14,1
P047,HRTF_B,13,1.292,14.66,-7.02,14,1
P047,HRTF_B,13,1.305,16.51,-7.35,14,1
P047,HRTF_B,13,1.320,18.38,-7.74,14,1
P047,HRTF_B,13,1.333,20.26,-8.16,14,1
P047,HRTF_B,13,1.347,22.10,-8.46,14,1
P047,HRTF_B,13,1.361,23.94,-8.85,14,1
P047,HRTF_B,13,1.375,25.75,-9.29,14,1
P047,HRTF_B,13,1.389,27.63,-9.67,14,1
P047,HRTF_B,13,1.403,29.55,-10.16,14,1
P047,HRTF_B,13,1.417,31.40,-10.65,14,1
P047,HRTF_B,13,1.431,33.16,-11.00,14,1
P047,HRTF_B,13,1.445,34.81,-11.36,14,1
P047,HRTF_B,13,1.458,36.51,-11.75,14,1
P047,HRTF_B,13,1.472,38.15,-12.13,14,1
P047,HRTF_B,13,1.486,39.72,-12.41,14,1
P047,HRTF_B,13,1.500,41.21,-12.63,14,1
P047,HRTF_B,13,1.514,42.49,-12.67,14,1
P047,HRTF_B,13,1.528,43.67,-12.77,14,1
P047,HRTF_B,13,1.542,44.86,-12.95,14,1
P047,HRTF_B,13,1.556,45.98,-13.19,14,1
P047,HRTF_B,13,1.570,47.14,-13.40,14,1
P047,HRTF_B,13,1.583,48.18,-13.59,14,1
P047,HRTF_B,13,1.597,49.21,-13.73,14,1
P047,HRTF_B,13,1.611,50.39,-13.96,14,1
P047,HRTF_B,13,1.625,51.70,-14.22,14,1
P047,HRTF_B,13,1.639,53.24,-14.54,14,1
P047,HRTF_B,13,1.653,54.90,-14.81,14,1
P047,HRTF_B,13,1.667,56.56,-14.99,14,1
P047,HRTF_B,13,1.681,58.35,-15.14,14,1
P047,HRTF_B,13,1.695,60.32,-15.22,14,1
P047,HRTF_B,13,1.708,62.48,-15.30,14,1
P047,HRTF_B,13,1.722,64.60,-15.38,14,1
P047,HRTF_B,13,1.736,66.65,-15.39,14,1
P047,HRTF_B,13,1.750,68.56,-15.35,14,1
P047,HRTF_B,13,1.764,70.23,-15.21,14,1
P047,HRTF_B,13,1.778,71.80,-15.07,14,1
P047,HRTF_B,13,1.792,73.03,-14.91,14,1
P047,HRTF_B,13,1.806,74.11,-14.83,14,1
P047,HRTF_B,13,1.820,75.13,-14.69,14,1
P047,HRTF_B,13,1.833,76.04,-14.58,14,1
P047,HRTF_B,13,1.848,76.89,-14.52,14,1
P047,HRTF_B,13,1.861,77.83,-14.45,14,1
P047,HRTF_B,13,1.875,78.82,-14.42,14,1
P047,HRTF_B,13,1.889,79.84,-14.34,14,1
P047,HRTF_B,13,1.903,80.89,-14.26,14,1
P047,HRTF_B,13,1.917,81.95,-14.23,14,1
P047,HRTF_B,13,1.931,83.01,-14.35,14,1
P047,HRTF_B,13,1.945,84.08,-14.45,14,1
P047,HRTF_B,13,1.958,85.19,-14.57,14,1
P047,HRTF_B,13,1.972,86.29,-14.86,14,1
P047,HRTF_B,13,1.986,87.40,-15.06,14,1
P047,HRTF_B,13,2.000,88.44,-15.22,14,1
P047,HRTF_B,13,2.014,89.45,-15.43,14,1
P047,HRTF_B,13,2.028,90.44,-15.73,14,1
P047,HRTF_B,13,2.042,91.30,-16.33,14,1
P047,HRTF_B,13,2.056,92.09,-16.99,14,1
P047,HRTF_B,13,2.070,92.70,-17.96,14,1
P047,HRTF_B,13,2.084,93.28,-18.95,14,1
P047,HRTF_B,13,2.098,93.81,-20.01,14,1
P047,HRTF_B,13,2.111,94.33,-21.08,14,1
P047,HRTF_B,13,2.125,94.63,-22.44,14,1
P047,HRTF_B,13,2.139,94.85,-23.67,14,1
P047,HRTF_B,13,2.153,94.98,-24.73,14,1
P047,HRTF_B,13,2.167,95.07,-25.68,14,1
P047,HRTF_B,13,2.181,95.04,-26.48,14,1
P047,HRTF_B,13,2.195,94.88,-27.31,14,1
P047,HRTF_B,13,2.208,94.61,-28.16,14,1
P047,HRTF_B,13,2.223,94.52,-28.71,14,1
P047,HRTF_B,13,2.236,94.27,-29.37,14,1
P047,HRTF_B,13,2.250,94.00,-29.87,14,1
P047,HRTF_B,13,2.264,93.76,-30.23,14,1
P047,HRTF_B,13,2.278,93.59,-30.53,14,1
P047,HRTF_B,13,2.292,93.47,-30.81,14,1
P047,HRTF_B,13,2.306,93.35,-31.08,14,1
P047,HRTF_B,13,2.320,93.30,-31.30,14,1
P047,HRTF_B,13,2.334,93.40,-31.46,14,1
P047,HRTF_B,13,2.347,93.62,-31.56,14,1
P047,HRTF_B,13,2.361,94.00,-31.61,14,1
P047,HRTF_B,13,2.375,94.53,-31.59,14,1
P047,HRTF_B,13,2.389,94.92,-31.49,14,1
P047,HRTF_B,13,2.403,95.20,-31.30,14,1
P047,HRTF_B,13,2.417,95.51,-31.04,14,1
P047,HRTF_B,13,2.431,95.87,-30.73,14,1
P047,HRTF_B,13,2.445,96.28,-30.44,14,1
P047,HRTF_B,13,2.459,96.74,-30.07,14,1
P047,HRTF_B,13,2.473,97.21,-29.73,14,1
P047,HRTF_B,13,2.487,97.63,-29.45,14,1
P047,HRTF_B,13,2.500,98.11,-29.22,14,1
P047,HRTF_B,13,2.514,98.61,-29.05,14,1
P047,HRTF_B,13,2.528,99.15,-28.94,14,1
P047,HRTF_B,13,2.542,99.61,-28.86,14,1
P047,HRTF_B,13,2.556,100.04,-28.72,14,1
P047,HRTF_B,13,2.570,100.46,-28.53,14,1
P047,HRTF_B,13,2.584,100.86,-28.36,14,1
P047,HRTF_B,13,2.598,101.17,-28.28,14,1
P047,HRTF_B,13,2.611,101.42,-28.21,14,1
P047,HRTF_B,13,2.625,101.61,-28.21,14,1
P047,HRTF_B,14,0.014,-2.86,2.22,30,1
P047,HRTF_B,14,0.028,-2.92,2.08,30,1
P047,HRTF_B,14,0.041,-2.96,1.95,30,1
P047,HRTF_B,14,0.055,-2.98,1.80,30,1
P047,HRTF_B,14,0.069,-2.97,1.63,30,1
P047,HRTF_B,14,0.084,-2.96,1.43,30,1
P047,HRTF_B,14,0.097,-2.93,1.23,30,1
P047,HRTF_B,14,0.112,-2.88,1.02,30,1
P047,HRTF_B,14,0.125,-2.82,0.81,30,1
P047,HRTF_B,14,0.139,-2.74,0.60,30,1
P047,HRTF_B,14,0.153,-2.65,0.43,30,1
P047,HRTF_B,14,0.167,-2.54,0.28,30,1
P047,HRTF_B,14,0.180,-2.41,0.19,30,1
P047,HRTF_B,14,0.194,-2.26,0.05,30,1
P047,HRTF_B,14,0.208,-2.09,-0.10,30,1
P047,HRTF_B,14,0.222,-1.90,-0.24,30,1
P047,HRTF_B,14,0.236,-1.72,-0.35,30,1
P047,HRTF_B,14,0.250,-1.51,-0.40,30,1
P047,HRTF_B,14,0.264,-1.28,-0.39,30,1
P047,HRTF_B,14,0.277,-1.07,-0.41,30,1
P047,HRTF_B,14,0.291,-0.84,-0.40,30,1
P047,HRTF_B,14,0.305,-0.62,-0.42,30,1
P047,HRTF_B,14,0.319,-0.41,-0.44,30,1
P047,HRTF_B,14,0.333,-0.20,-0.43,30,1
P047,HRTF_B,14,0.347,0.01,-0.41,30,1
P047,HRTF_B,14,0.361,0.22,-0.38,30,1
P047,HRTF_B,14,0.375,0.43,-0.38,30,1
P047,HRTF_B,14,0.389,0.65,-0.38,30,1
P047,HRTF_B,14,0.402,0.89,-0.39,30,1
P047,HRTF_B,14,0.416,1.13,-0.38,30,1
P047,HRTF_B,14,0.430,1.39,-0.34,30,1
P047,HRTF_B,14,0.444,1.68,-0.26,30,1
P047,HRTF_B,14,0.458,1.97,-0.16,30,1
P047,HRTF_B,14,0.472,2.31,-0.13,30,1
P047,HRTF_B,14,0.486,2.67,-0.14,30,1
P047,HRTF_B,14,0.500,3.06,-0.15,30,1
P047,HRTF_B,14,0.514,3.45,-0.17,30,1
P047,HRTF_B,14,0.527,3.90,-0.14,30,1
P047,HRTF_B,14,0.542,4.37,-0.11,30,1
P047,HRTF_B,14,0.555,4.87,-0.04,30,1
P047,HRTF_B,14,0.569,5.39,0.02,30,1
P047,HRTF_B,14,0.583,6.02,-0.01,30,1
P047,HRTF_B,14,0.597,6.62,0.01,30,1
P047,HRTF_B,14,0.611,7.25,0.05,30,1
P047,HRTF_B,14,0.625,8.00,0.08,30,1
P047,HRTF_B,14,0.639,8.70,0.13,30,1
P047,HRTF_B,14,0.652,9.47,0.18,30,1
P047,HRTF_B,14,0.666,10.24,0.23,30,1
P047,HRTF_B,14,0.680,11.14,0.25,30,1
P047,HRTF_B,14,0.694,11.99,0.25,30,1
P047,HRTF_B,14,0.708,12.98,0.18,30,1
P047,HRTF_B,14,0.722,13.97,0.10,30,1
P047,HRTF_B,14,0.736,14.96,0.04,30,1
P047,HRTF_B,14,0.750,15.97,-0.01,30,1
P047,HRTF_B,14,0.763,16.94,-0.04,30,1
P047,HRTF_B,14,0.777,17.92,-0.08,30,1
P047,HRTF_B,14,0.791,18.83,-0.12,30,1
P047,HRTF_B,14,0.805,19.76,-0.22,30,1
P047,HRTF_B,14,0.819,20.67,-0.29,30,1
P047,HRTF_B,14,0.833,21.54,-0.36,30,1
P047,HRTF_B,14,0.847,22.44,-0.41,30,1
P047,HRTF_B,14,0.861,23.28,-0.41,30,1
P047,HRTF_B,14,0.874,24.11,-0.40,30,1
P047,HRTF_B,14,0.888,24.92,-0.41,30,1
P047,HRTF_B,14,0.902,25.64,-0.44,30,1
P047,HRTF_B,14,0.916,26.37,-0.47,30,1
P047,HRTF_B,14,0.930,26.98,-0.52,30,1
P047,HRTF_B,14,0.944,27.53,-0.56,30,1
P047,HRTF_B,14,0.958,27.87,-0.56,30,1
P047,HRTF_B,14,0.972,28.20,-0.56,30,1
P047,HRTF_B,14,0.986,28.35,-0.50,30,1
P047,HRTF_B,14,0.999,28.48,-0.44,30,1
P047,HRTF_B,14,1.013,28.42,-0.36,30,1
P047,HRTF_B,14,1.027,28.37,-0.32,30,1
P047,HRTF_B,14,1.041,28.11,-0.31,30,1
P047,HRTF_B,14,1.055,27.74,-0.34,30,1
P047,HRTF_B,14,1.069,27.19,-0.45,30,1
P047,HRTF_B,14,1.083,26.68,-0.55,30,1
P047,HRTF_B,14,1.097,25.92,-0.74,30,1
P047,HRTF_B,14,1.111,25.00,-0.99,30,1
P047,HRTF_B,14,1.125,23.96,-1.23,30,1
P047,HRTF_B,14,1.138,22.94,-1.44,30,1
P047,HRTF_B,14,1.152,21.62,-1.54,30,1
P047,HRTF_B,14,1.166,20.31,-1.63,30,1
P047,HRTF_B,14,1.180,18.82,-1.62,30,1
P047,HRTF_B,14,1.194,17.36,-1.70,30,1
P047,HRTF_B,14,1.208,15.68,-1.75,30,1
P047,HRTF_B,14,1.222,14.09,-1.84,30,1
P047,HRTF_B,14,1.236,12.47,-1.92,30,1
P047,HRTF_B,14,1.249,10.80,-1.94,30,1
P047,HRTF_B,14,1.263,9.14,-1.96,30,1
P047,HRTF_B,14,1.277,7.43,-2.01,30,1
P047,HRTF_B,14,1.291,5.73,-2.07,30,1
P047,HRTF_B,14,1.305,4.05,-2.18,30,1
P047,HRTF_B,14,1.319,2.32,-2.31,30,1
P047,HRTF_B,14,1.333,0.61,-2.40,30,1
P047,HRTF_B,14,1.347,-1.09,-2.52,30,1
P047,HRTF_B,14,1.360,-2.87,-2.61,30,1
P047,HRTF_B,14,1.374,-4.61,-2.75,30,1
P047,HRTF_B,14,1.388,-6.40,-2.88,30,1
P047,HRTF_B,14,1.402,-8.21,-3.01,30,1
P047,HRTF_B,14,1.416,-9.94,-3.09,30,1
P047,HRTF_B,14,1.430,-11.73,-3.10,30,1
P047,HRTF_B,14,1.444,-13.49,-3.14,30,1
P047,HRTF_B,14,1.458,-15.25,-3.14,30,1
P047,HRTF_B,14,1.472,-16.94,-3.21,30,1
P047,HRTF_B,14,1.486,-18.63,-3.31,30,1
P047,HRTF_B,14,1.499,-20.35,-3.38,30,1
P047,HRTF_B,14,1.513,-22.00,-3.46,30,1
P047,HRTF_B,14,1.527,-23.70,-3.57,30,1
P047,HRTF_B,14,1.541,-25.40,-3.62,30,1
P047,HRTF_B,14,1.555,-27.08,-3.72,30,1
P047,HRTF_B,14,1.569,-28.77,-3.85,30,1
P047,HRTF_B,14,1.583,-30.45,-3.93,30,1
P047,HRTF_B,14,1.597,-32.13,-4.05,30,1
P047,HRTF_B,14,1.611,-33.80,-4.14,30,1
P047,HRTF_B,14,1.625,-35.42,-4.20,30,1
P047,HRTF_B,14,1.639,-37.00,-4.28,30,1
P047,HRTF_B,14,1.652,-38.55,-4.36,30,1
P047,HRTF_B,14,1.666,-40.08,-4.48,30,1
P047,HRTF_B,14,1.680,-41.54,-4.67,30,1
P047,HRTF_B,14,1.694,-43.03,-4.96,30,1
P047,HRTF_B,14,1.708,-44.39,-5.24,30,1
P047,HRTF_B,14,1.722,-45.73,-5.53,30,1
P047,HRTF_B,14,1.736,-46.94,-5.76,30,1
P047,HRTF_B,14,1.749,-48.18,-5.98,30,1
P047,HRTF_B,14,1.763,-49.30,-6.18,30,1
P047,HRTF_B,14,1.777,-50.23,-6.47,30,1
P047,HRTF_B,14,1.791,-51.14,-6.77,30,1
P047,HRTF_B,14,1.805,-51.95,-7.05,30,1
P047,HRTF_B,14,1.819,-52.60,-7.34,30,1
P047,HRTF_B,14,1.833,-53.24,-7.65,30,1
P047,HRTF_B,14,1.847,-53.76,-7.86,30,1
P047,HRTF_B,14,1.860,-54.30,-8.06,30,1
P047,HRTF_B,14,1.874,-54.71,-8.18,30,1
P047,HRTF_B,14,1.888,-55.09,-8.25,30,1
P047,HRTF_B,14,1.902,-55.24,-8.18,30,1
P047,HRTF_B,14,1.916,-55.46,-8.18,30,1
P047,HRTF_B,14,1.930,-55.56,-8.12,30,1
P047,HRTF_B,14,1.944,-55.71,-8.05,30,1
P047,HRTF_B,14,1.958,-55.90,-7.95,30,1
P047,HRTF_B,14,1.972,-56.09,-7.74,30,1
P047,HRTF_B,14,1.985,-56.27,-7.59,30,1
P047,HRTF_B,14,1.999,-56.42,-7.43,30,1
P047,HRTF_B,14,2.013,-56.51,-7.37,30,1
P047,HRTF_B,14,2.027,-56.57,-7.29,30,1
P047,HRTF_B,14,2.041,-56.61,-7.26,30,1
P047,HRTF_B,15,0.014,3.92,-0.51,20,1
P047,HRTF_B,15,0.028,4.46,-0.54,20,1
P047,HRTF_B,15,0.042,4.99,-0.60,20,1
P047,HRTF_B,15,0.056,5.50,-0.66,20,1
P047,HRTF_B,15,0.069,5.98,-0.66,20,1
P047,HRTF_B,15,0.084,6.47,-0.66,20,1
P047,HRTF_B,15,0.097,6.92,-0.65,20,1
P047,HRTF_B,15,0.111,7.35,-0.62,20,1
P047,HRTF_B,15,0.125,7.77,-0.64,20,1
P047,HRTF_B,15,0.139,8.19,-0.60,20,1
P047,HRTF_B,15,0.153,8.54,-0.62,20,1
P047,HRTF_B,15,0.167,8.90,-0.64,20,1
P047,HRTF_B,15,0.181,9.26,-0.62,20,1
P047,HRTF_B,15,0.194,9.59,-0.64,20,1
P047,HRTF_B,15,0.208,9.87,-0.66,20,1
P047,HRTF_B,15,0.222,10.13,-0.73,20,1
P047,HRTF_B,15,0.236,10.37,-0.78,20,1
P047,HRTF_B,15,0.250,10.59,-0.85,20,1
P047,HRTF_B,15,0.264,10.81,-0.93,20,1
P047,HRTF_B,15,0.278,11.01,-1.00,20,1
P047,HRTF_B,15,0.292,11.20,-1.05,20,1
P047,HRTF_B,15,0.306,11.37,-1.13,20,1
P047,HRTF_B,15,0.319,11.51,-1.21,20,1
P047,HRTF_B,15,0.333,11.63,-1.25,20,1
P047,HRTF_B,15,0.347,11.75,-1.30,20,1
P047,HRTF_B,15,0.361,11.88,-1.30,20,1
P047,HRTF_B,15,0.375,12.05,-1.30,20,1
P047,HRTF_B,15,0.389,12.27,-1.31,20,1
P047,HRTF_B,15,0.403,12.53,-1.31,20,1
P047,HRTF_B,15,0.417,12.85,-1.31,20,1
P047,HRTF_B,15,0.430,13.15,-1.30,20,1
P047,HRTF_B,15,0.444,13.43,-1.26,20,1
P047,HRTF_B,15,0.458,13.72,-1.21,20,1
P047,HRTF_B,15,0.472,13.98,-1.16,20,1
P047,HRTF_B,15,0.486,14.25,-1.14,20,1
P047,HRTF_B,15,0.500,14.54,-1.15,20,1
P047,HRTF_B,15,0.514,14.78,-1.14,20,1
P047,HRTF_B,15,0.528,15.00,-1.17,20,1
P047,HRTF_B,15,0.542,15.21,-1.18,20,1
P047,HRTF_B,15,0.556,15.38,-1.21,20,1
P047,HRTF_B,15,0.569,15.55,-1.24,20,1
P047,HRTF_B,15,0.583,15.69,-1.27,20,1
P047,HRTF_B,15,0.597,15.82,-1.30,20,1
P047,HRTF_B,15,0.611,15.91,-1.31,20,1
P047,HRTF_B,15,0.625,16.01,-1.32,20,1
P047,HRTF_B,15,0.639,16.08,-1.31,20,1
P047,HRTF_B,15,0.653,16.15,-1.31,20,1
P047,HRTF_B,15,0.670,16.20,-1.30,20,1
P047,HRTF_B,15,0.684,16.28,-1.30,20,1
P047,HRTF_B,15,0.697,16.35,-1.30,20,1
P047,HRTF_B,15,0.711,16.44,-1.30,20,1
P047,HRTF_B,15,0.725,16.51,-1.33,20,1
P047,HRTF_B,15,0.740,16.59,-1.36,20,1
P047,HRTF_B,15,0.753,16.64,-1.40,20,1
P047,HRTF_B,15,0.767,16.74,-1.41,20,1
P047,HRTF_B,15,0.781,16.79,-1.44,20,1
P047,HRTF_B,15,0.795,16.87,-1.48,20,1
P047,HRTF_B,15,0.809,16.94,-1.50,20,1
P047,HRTF_B,15,0.822,17.00,-1.52,20,1
P047,HRTF_B,15,0.836,17.03,-1.56,20,1
P047,HRTF_B,15,0.850,17.04,-1.59,20,1
P047,HRTF_B,15,0.864,17.01,-1.59,20,1
P047,HRTF_B,15,0.878,16.96,-1.59,20,1
P047,HRTF_B,15,0.892,16.80,-1.59,20,1
P047,HRTF_B,15,0.906,16.64,-1.56,20,1
P047,HRTF_B,15,0.920,16.34,-1.53,20,1
P047,HRTF_B,15,0.934,16.03,-1.52,20,1
P047,HRTF_B,15,0.947,15.57,-1.51,20,1
P047,HRTF_B,15,0.961,14.90,-1.51,20,1
P047,HRTF_B,15,0.975,14.09,-1.50,20,1
P047,HRTF_B,15,0.989,13.32,-1.52,20,1
P047,HRTF_B,15,1.003,12.23,-1.47,20,1
P047,HRTF_B,15,1.017,11.20,-1.50,20,1
P047,HRTF_B,15,1.031,10.04,-1.55,20,1
P047,HRTF_B,15,1.045,8.73,-1.60,20,1
P047,HRTF_B,15,1.058,7.35,-1.71,20,1
P047,HRTF_B,15,1.073,5.80,-1.83,20,1
P047,HRTF_B,15,1.086,4.18,-1.94,20,1
P047,HRTF_B,15,1.100,2.45,-2.14,20,1
P047,HRTF_B,15,1.114,0.62,-2.34,20,1
P047,HRTF_B,15,1.128,-1.26,-2.63,20,1
P047,HRTF_B,15,1.142,-3.26,-2.95,20,1
P047,HRTF_B,15,1.156,-5.28,-3.29,20,1
P047,HRTF_B,15,1.169,-7.38,-3.56,20,1
P047,HRTF_B,15,1.184,-9.46,-3.86,20,1
P047,HRTF_B,15,1.197,-11.63,-4.11,20,1
P047,HRTF_B,15,1.211,-13.71,-4.35,20,1
P047,HRTF_B,15,1.225,-15.80,-4.66,20,1
P047,HRTF_B,15,1.239,-17.89,-5.03,20,1
P047,HRTF_B,15,1.253,-19.95,-5.50,20,1
P047,HRTF_B,15,1.267,-21.99,-5.96,20,1
P047,HRTF_B,15,1.281,-23.87,-6.47,20,1
P047,HRTF_B,15,1.295,-25.76,-6.94,20,1
P047,HRTF_B,15,1.309,-27.58,-7.49,20,1
P047,HRTF_B,15,1.322,-29.28,-8.02,20,1
P047,HRTF_B,15,1.336,-31.01,-8.56,20,1
P047,HRTF_B,15,1.351,-32.60,-9.11,20,1
P047,HRTF_B,15,1.364,-34.16,-9.75,20,1
P047,HRTF_B,15,1.379,-35.58,-10.28,20,1
P047,HRTF_B,15,1.392,-37.07,-10.79,20,1
P047,HRTF_B,15,1.406,-38.47,-11.31,20,1
P047,HRTF_B,15,1.420,-39.81,-11.79,20,1
P047,HRTF_B,15,1.433,-41.10,-12.22,20,1
P047,HRTF_B,15,1.447,-42.35,-12.48,20,1
P047,HRTF_B,15,1.461,-43.58,-12.83,20,1
P047,HRTF_B,15,1.475,-44.72,-13.03,20,1
P047,HRTF_B,15,1.489,-45.91,-13.29,20,1
P047,HRTF_B,15,1.503,-47.07,-13.57,20,1
P047,HRTF_B,15,1.517,-48.23,-13.81,20,1
P047,HRTF_B,15,1.531,-49.39,-14.04,20,1
P047,HRTF_B,15,1.544,-50.51,-14.19,20,1
P047,HRTF_B,15,1.558,-51.64,-14.30,20,1
P047,HRTF_B,15,1.572,-52.76,-14.50,20,1
P047,HRTF_B,15,1.586,-53.93,-14.79,20,1
P047,HRTF_B,15,1.600,-55.12,-15.14,20,1
P047,HRTF_B,15,1.614,-56.28,-15.48,20,1
P047,HRTF_B,15,1.628,-57.42,-15.80,20,1
P047,HRTF_B,15,1.642,-58.53,-16.15,20,1
P047,HRTF_B,15,1.656,-59.63,-16.68,20,1
P047,HRTF_B,15,1.669,-60.65,-17.37,20,1
P047,HRTF_B,15,1.694,-61.62,-18.01,20,1
P047,HRTF_B,15,1.708,-62.35,-18.83,20,1
P047,HRTF_B,15,1.722,-63.89,-20.41,20,1
P047,HRTF_B,15,1.736,-64.56,-21.36,20,1
P047,HRTF_B,15,1.750,-65.09,-22.39,20,1
P047,HRTF_B,15,1.764,-65.62,-23.32,20,1
P047,HRTF_B,15,1.778,-66.16,-24.21,20,1
P047,HRTF_B,15,1.792,-66.57,-25.16,20,1
P047,HRTF_B,15,1.805,-66.90,-26.18,20,1
P047,HRTF_B,15,1.819,-67.25,-27.15,20,1
P047,HRTF_B,15,1.833,-67.55,-28.10,20,1
P047,HRTF_B,15,1.847,-67.81,-29.05,20,1
P047,HRTF_B,15,1.861,-68.06,-29.96,20,1
P047,HRTF_B,15,1.875,-68.36,-30.79,20,1
P047,HRTF_B,15,1.889,-68.62,-31.56,20,1
P047,HRTF_B,15,1.902,-68.94,-32.39,20,1
P047,HRTF_B,15,1.916,-69.27,-33.17,20,1
P047,HRTF_B,15,1.931,-69.62,-33.91,20,1
P047,HRTF_B,15,1.944,-70.02,-34.53,20,1
P047,HRTF_B,15,1.958,-70.52,-35.07,20,1
P047,HRTF_B,15,1.972,-70.99,-35.51,20,1
P047,HRTF_B,15,1.986,-71.43,-35.99,20,1
P047,HRTF_B,15,2.000,-71.90,-36.37,20,1
P047,HRTF_B,15,2.014,-72.40,-36.72,20,1
P047,HRTF_B,15,2.027,-72.87,-37.00,20,1
P047,HRTF_B,15,2.042,-73.40,-37.22,20,1
P047,HRTF_B,15,2.055,-73.93,-37.36,20,1
P047,HRTF_B,15,2.069,-74.47,-37.48,20,1
P047,HRTF_B,15,2.083,-74.99,-37.50,20,1
P047,HRTF_B,15,2.097,-75.58,-37.59,20,1
P047,HRTF_B,15,2.111,-76.14,-37.63,20,1
P047,HRTF_B,15,2.125,-76.69,-37.60,20,1
P047,HRTF_B,15,2.139,-77.25,-37.48,20,1
P047,HRTF_B,15,2.153,-77.82,-37.33,20,1
P047,HRTF_B,15,2.166,-78.36,-37.11,20,1
P047,HRTF_B,15,2.180,-78.98,-36.84,20,1
P047,HRTF_B,15,2.194,-79.59,-36.46,20,1
P047,HRTF_B,15,2.208,-80.17,-36.11,20,1
P047,HRTF_B,15,2.222,-80.81,-35.46,20,1
P047,HRTF_B,15,2.236,-81.46,-34.93,20,1
P047,HRTF_B,15,2.250,-82.12,-34.14,20,1
P047,HRTF_B,15,2.264,-82.80,-33.35,20,1
P047,HRTF_B,15,2.277,-83.59,-32.41,20,1
P047,HRTF_B,15,2.292,-84.34,-31.64,20,1
P047,HRTF_B,15,2.305,-85.30,-30.68,20,1
P047,HRTF_B,15,2.319,-86.16,-29.73,20,1
P047,HRTF_B,15,2.333,-87.08,-28.51,20,1
P047,HRTF_B,15,2.347,-88.00,-27.25,20,1
P047,HRTF_B,15,2.361,-88.83,-25.85,20,1
P047,HRTF_B,15,2.375,-89.72,-24.22,20,1
P047,HRTF_B,15,2.389,-90.65,-22.58,20,1
P047,HRTF_B,15,2.403,-91.59,-20.76,20,1
P047,HRTF_B,15,2.417,-92.52,-18.89,20,1
P047,HRTF_B,15,2.430,-93.47,-17.13,20,1
P047,HRTF_B,15,2.444,-94.53,-15.32,20,1
P047,HRTF_B,15,2.458,-95.59,-13.63,20,1
P047,HRTF_B,15,2.472,-96.72,-11.98,20,1
P047,HRTF_B,15,2.486,-97.87,-10.40,20,1
P047,HRTF_B,15,2.500,-99.03,-8.93,20,1
P047,HRTF_B,15,2.514,-100.13,-7.58,20,1
P047,HRTF_B,15,2.528,-101.27,-6.41,20,1
P047,HRTF_B,15,2.541,-102.41,-5.26,20,1
P047,HRTF_B,15,2.555,-103.53,-4.18,20,1
P047,HRTF_B,15,2.569,-104.66,-3.33,20,1
P047,HRTF_B,15,2.583,-105.74,-2.48,20,1
P047,HRTF_B,15,2.597,-106.80,-1.87,20,1
P047,HRTF_B,15,2.611,-107.77,-1.33,20,1
P047,HRTF_B,15,2.625,-108.83,-0.79,20,1
P047,HRTF_B,15,2.639,-109.77,-0.40,20,1
P047,HRTF_B,15,2.653,-110.71,-0.07,20,1
P047,HRTF_B,15,2.667,-111.62,0.16,20,1
P047,HRTF_B,15,2.680,-112.57,0.20,20,1
P047,HRTF_B,15,2.694,-113.55,0.14,20,1
P047,HRTF_B,15,2.708,-114.50,0.12,20,1
P047,HRTF_B,15,2.722,-115.26,0.06,20,1
P047,HRTF_B,15,2.736,-116.01,0.02,20,1
P047,HRTF_B,15,2.750,-116.75,-0.03,20,1
P047,HRTF_B,15,2.764,-117.50,-0.08,20,1
P047,HRTF_B,15,2.778,-118.17,-0.07,20,1
P047,HRTF_B,15,2.792,-118.73,-0.10,20,1
P047,HRTF_B,15,2.806,-119.02,-0.08,20,1
P047,HRTF_B,15,2.819,-119.36,-0.15,20,1
P047,HRTF_B,15,2.833,-119.73,-0.22,20,1
P047,HRTF_B,15,2.847,-120.15,-0.30,20,1
P047,HRTF_B,15,2.861,-120.55,-0.36,20,1
P047,HRTF_B,15,2.875,-121.01,-0.43,20,1
P047,HRTF_B,15,2.889,-121.61,-0.63,20,1
P047,HRTF_B,15,2.903,-122.27,-1.01,20,1
P047,HRTF_B,15,2.917,-122.90,-1.43,20,1
P047,HRTF_B,15,2.931,-123.47,-1.76,20,1
P047,HRTF_B,15,2.945,-124.00,-2.14,20,1
P047,HRTF_B,15,2.958,-124.57,-2.50,20,1
P047,HRTF_B,15,2.972,-125.05,-2.89,20,1
P047,HRTF_B,15,2.986,-125.42,-3.24,20,1
P047,HRTF_B,15,3.000,-125.63,-3.60,20,1
P047,HRTF_B,15,3.014,-125.96,-3.94,20,1
P047,HRTF_B,15,3.028,-126.35,-4.24,20,1
P047,HRTF_B,15,3.042,-126.75,-4.64,20,1
P047,HRTF_B,15,3.055,-127.11,-5.09,20,1
P047,HRTF_B,15,3.069,-127.44,-5.55,20,1
P047,HRTF_B,15,3.083,-127.76,-5.97,20,1
P047,HRTF_B,15,3.097,-128.10,-6.34,20,1
P047,HRTF_B,15,3.111,-128.43,-6.67,20,1
P047,HRTF_B,15,3.125,-128.66,-7.07,20,1
P047,HRTF_B,15,3.139,-128.90,-7.47,20,1
P047,HRTF_B,15,3.153,-129.28,-7.89,20,1
P047,HRTF_B,15,3.166,-129.68,-8.22,20,1
P047,HRTF_B,15,3.181,-130.07,-8.45,20,1
P047,HRTF_B,15,3.194,-130.44,-8.61,20,1
P047,HRTF_B,15,3.209,-130.85,-8.71,20,1
P047,HRTF_B,15,3.222,-131.46,-8.63,20,1
P047,HRTF_B,15,3.236,-132.19,-8.42,20,1
P047,HRTF_B,15,3.250,-132.92,-8.16,20,1
P047,HRTF_B,15,3.264,-133.61,-7.87,20,1
P047,HRTF_B,15,3.278,-134.31,-7.46,20,1
P047,HRTF_B,15,3.292,-134.94,-7.09,20,1
P047,HRTF_B,15,3.305,-135.49,-6.66,20,1
P047,HRTF_B,15,3.319,-136.01,-6.24,20,1
P047,HRTF_B,15,3.333,-136.40,-5.72,20,1
P047,HRTF_B,15,3.347,-136.82,-5.22,20,1
P047,HRTF_B,15,3.361,-137.12,-4.63,20,1
P047,HRTF_B,15,3.375,-137.44,-4.05,20,1
P047,HRTF_B,15,3.389,-137.57,-3.48,20,1
P047,HRTF_B,15,3.403,-137.62,-2.94,20,1
P047,HRTF_B,15,3.416,-137.54,-2.34,20,1
P047,HRTF_B,15,3.431,-137.44,-1.66,20,1
P047,HRTF_B,15,3.444,-137.42,-1.03,20,1
P047,HRTF_B,15,3.458,-137.36,-0.37,20,1
P047,HRTF_B,15,3.472,-137.24,0.27,20,1
P047,HRTF_B,15,3.486,-137.23,0.85,20,1
P047,HRTF_B,15,3.500,-137.22,1.41,20,1
P047,HRTF_B,15,3.514,-137.33,1.89,20,1
P047,HRTF_B,15,3.527,-137.48,2.27,20,1
P047,HRTF_B,15,3.541,-137.54,2.66,20,1
P047,HRTF_B,15,3.555,-137.46,3.08,20,1
P047,HRTF_B,15,3.569,-137.26,3.52,20,1
P047,HRTF_B,15,3.583,-137.04,3.91,20,1
P047,HRTF_B,15,3.597,-136.71,4.35,20,1
P047,HRTF_B,15,3.611,-136.35,4.78,20,1
P047,HRTF_B,15,3.625,-136.04,5.25,20,1
P047,HRTF_B,15,3.639,-135.74,5.56,20,1
P047,HRTF_B,15,3.652,-135.53,5.83,20,1
P047,HRTF_B,15,3.667,-135.33,5.99,20,1
P047,HRTF_B,15,3.680,-135.09,6.14,20,1
P047,HRTF_B,15,3.694,-134.81,6.32,20,1
P047,HRTF_B,15,3.708,-134.61,6.53,20,1
P047,HRTF_B,15,3.722,-134.48,6.71,20,1
P047,HRTF_B,15,3.736,-134.42,6.86,20,1
P047,HRTF_B,15,3.750,-134.35,6.99,20,1
P047,HRTF_B,15,3.764,-134.26,7.13,20,1
P047,HRTF_B,15,3.777,-134.11,7.24,20,1
P047,HRTF_B,15,3.791,-133.95,7.35,20,1
P047,HRTF_B,15,3.805,-133.77,7.40,20,1
P047,HRTF_B,15,3.819,-133.56,7.41,20,1
P047,HRTF_B,15,3.833,-133.27,7.42,20,1
P047,HRTF_B,15,3.847,-132.97,7.43,20,1
P047,HRTF_B,15,3.861,-132.65,7.44,20,1
P047,HRTF_B,15,3.875,-132.32,7.45,20,1
P047,HRTF_B,15,3.889,-131.99,7.45,20,1
P047,HRTF_B,15,3.903,-131.69,7.44,20,1
P047,HRTF_B,15,3.917,-131.36,7.42,20,1
P047,HRTF_B,15,3.931,-131.06,7.41,20,1
P047,HRTF_B,15,3.944,-130.73,7.40,20,1
P047,HRTF_B,15,3.958,-130.41,7.38,20,1
P047,HRTF_B,15,3.973,-130.16,7.38,20,1
P047,HRTF_B,15,3.986,-129.90,7.39,20,1
P047,HRTF_B,15,4.000,-129.71,7.40,20,1
P047,HRTF_B,15,4.014,-129.50,7.41,20,1
P047,HRTF_B,15,4.028,-129.31,7.38,20,1
P047,HRTF_B,15,4.041,-129.15,7.32,20,1
P047,HRTF_B,15,4.055,-129.00,7.32,20,1
P047,HRTF_B,15,4.069,-128.79,7.33,20,1
P047,HRTF_B,15,4.083,-128.57,7.38,20,1
P047,HRTF_B,15,4.097,-128.36,7.39,20,1
P047,HRTF_B,15,4.111,-128.18,7.40,20,1
P047,HRTF_B,15,4.125,-127.99,7.39,20,1
P047,HRTF_B,15,4.139,-127.78,7.38,20,1
P047,HRTF_B,15,4.153,-127.56,7.39,20,1
P047,HRTF_B,15,4.166,-127.34,7.43,20,1
P047,HRTF_B,16,0.014,0.76,0.05,6,1
P047,HRTF_B,16,0.028,0.84,0.03,6,1
P047,HRTF_B,16,0.042,0.91,0.01,6,1
P047,HRTF_B,16,0.056,0.96,-0.03,6,1
P047,HRTF_B,16,0.069,1.03,-0.04,6,1
P047,HRTF_B,16,0.083,1.08,-0.09,6,1
P047,HRTF_B,16,0.097,1.12,-0.13,6,1
P047,HRTF_B,16,0.111,1.18,-0.16,6,1
P047,HRTF_B,16,0.125,1.24,-0.18,6,1
P047,HRTF_B,16,0.139,1.27,-0.19,6,1
P047,HRTF_B,16,0.153,1.35,-0.20,6,1
P047,HRTF_B,16,0.167,1.41,-0.23,6,1
P047,HRTF_B,16,0.181,1.47,-0.27,6,1
P047,HRTF_B,16,0.195,1.52,-0.32,6,1
P047,HRTF_B,16,0.208,1.58,-0.34,6,1
P047,HRTF_B,16,0.222,1.64,-0.35,6,1
P047,HRTF_B,16,0.236,1.71,-0.34,6,1
P047,HRTF_B,16,0.250,1.77,-0.35,6,1
P047,HRTF_B,16,0.264,1.83,-0.39,6,1
P047,HRTF_B,16,0.278,1.90,-0.43,6,1
P047,HRTF_B,16,0.292,1.94,-0.45,6,1
P047,HRTF_B,16,0.306,2.01,-0.47,6,1
P047,HRTF_B,16,0.319,2.07,-0.50,6,1
P047,HRTF_B,16,0.333,2.13,-0.51,6,1
P047,HRTF_B,16,0.347,2.20,-0.53,6,1
P047,HRTF_B,16,0.361,2.24,-0.56,6,1
P047,HRTF_B,16,0.375,2.29,-0.59,6,1
P047,HRTF_B,16,0.389,2.30,-0.61,6,1
P047,HRTF_B,16,0.403,2.30,-0.63,6,1
P047,HRTF_B,16,0.416,2.30,-0.63,6,1
P047,HRTF_B,16,0.430,2.29,-0.62,6,1
P047,HRTF_B,16,0.445,2.27,-0.63,6,1
P047,HRTF_B,16,0.458,2.27,-0.63,6,1
P047,HRTF_B,16,0.472,2.22,-0.60,6,1
P047,HRTF_B,16,0.486,2.15,-0.56,6,1
P047,HRTF_B,16,0.500,2.11,-0.54,6,1
P047,HRTF_B,16,0.514,2.05,-0.54,6,1
P047,HRTF_B,16,0.528,1.98,-0.54,6,1
P047,HRTF_B,16,0.542,1.91,-0.53,6,1
P047,HRTF_B,16,0.555,1.83,-0.52,6,1
P047,HRTF_B,16,0.569,1.74,-0.53,6,1
P047,HRTF_B,16,0.583,1.65,-0.56,6,1
P047,HRTF_B,16,0.597,1.56,-0.59,6,1
P047,HRTF_B,16,0.611,1.46,-0.63,6,1
P047,HRTF_B,16,0.625,1.37,-0.65,6,1
P047,HRTF_B,16,0.639,1.27,-0.66,6,1
P047,HRTF_B,16,0.653,1.15,-0.67,6,1
P047,HRTF_B,16,0.667,1.05,-0.68,6,1
P047,HRTF_B,16,0.680,0.95,-0.68,6,1
P047,HRTF_B,16,0.694,0.84,-0.69,6,1
P047,HRTF_B,16,0.708,0.75,-0.67,6,1
P047,HRTF_B,16,0.722,0.65,-0.65,6,1
P047,HRTF_B,16,0.736,0.55,-0.64,6,1
P047,HRTF_B,16,0.750,0.46,-0.62,6,1
P047,HRTF_B,16,0.764,0.37,-0.59,6,1
P047,HRTF_B,16,0.778,0.28,-0.56,6,1
P047,HRTF_B,16,0.792,0.20,-0.55,6,1
P047,HRTF_B,16,0.805,0.10,-0.54,6,1
P047,HRTF_B,16,0.819,0.00,-0.52,6,1
P047,HRTF_B,16,0.833,-0.10,-0.52,6,1
P047,HRTF_B,16,0.847,-0.20,-0.51,6,1
P047,HRTF_B,16,0.861,-0.30,-0.51,6,1
P047,HRTF_B,16,0.875,-0.41,-0.50,6,1
P047,HRTF_B,16,0.889,-0.50,-0.49,6,1
P047,HRTF_B,16,0.903,-0.61,-0.49,6,1
P047,HRTF_B,16,0.917,-0.70,-0.50,6,1
P047,HRTF_B,16,0.931,-0.81,-0.53,6,1
P047,HRTF_B,16,0.944,-0.89,-0.55,6,1
P047,HRTF_B,16,0.958,-0.91,-0.58,6,1
P047,HRTF_B,16,0.972,-0.88,-0.63,6,1
P047,HRTF_B,16,0.986,-0.80,-0.66,6,1
P047,HRTF_B,16,1.000,-0.65,-0.71,6,1
P047,HRTF_B,16,1.014,-0.51,-0.74,6,1
P047,HRTF_B,16,1.028,-0.29,-0.76,6,1
P047,HRTF_B,16,1.042,-0.03,-0.80,6,1
P047,HRTF_B,16,1.055,0.33,-0.86,6,1
P047,HRTF_B,16,1.069,0.86,-0.98,6,1
P047,HRTF_B,16,1.083,1.62,-1.18,6,1
P047,HRTF_B,16,1.097,2.43,-1.39,6,1
P047,HRTF_B,16,1.111,3.39,-1.62,6,1
P047,HRTF_B,16,1.125,4.46,-1.83,6,1
P047,HRTF_B,16,1.139,5.70,-2.10,6,1
P047,HRTF_B,16,1.153,7.17,-2.46,6,1
P047,HRTF_B,16,1.167,8.71,-2.80,6,1
P047,HRTF_B,16,1.180,10.44,-3.09,6,1
P047,HRTF_B,16,1.194,12.25,-3.34,6,1
P047,HRTF_B,16,1.208,14.11,-3.58,6,1
P047,HRTF_B,16,1.222,16.22,-3.92,6,1
P047,HRTF_B,16,1.236,18.46,-4.28,6,1
P047,HRTF_B,16,1.250,20.85,-4.62,6,1
P047,HRTF_B,16,1.264,23.09,-4.84,6,1
P047,HRTF_B,16,1.278,25.32,-5.02,6,1
P047,HRTF_B,16,1.291,27.54,-5.30,6,1
P047,HRTF_B,16,1.305,29.82,-5.72,6,1
P047,HRTF_B,16,1.319,32.23,-6.21,6,1
P047,HRTF_B,16,1.333,34.56,-6.67,6,1
P047,HRTF_B,16,1.347,36.66,-7.00,6,1
P047,HRTF_B,16,1.361,38.65,-7.27,6,1
P047,HRTF_B,16,1.375,40.57,-7.52,6,1
P047,HRTF_B,16,1.389,42.46,-7.81,6,1
P047,HRTF_B,16,1.403,44.34,-8.00,6,1
P047,HRTF_B,16,1.416,46.08,-8.18,6,1
P047,HRTF_B,16,1.430,47.75,-8.36,6,1
P047,HRTF_B,16,1.444,49.20,-8.49,6,1
P047,HRTF_B,16,1.458,50.67,-8.69,6,1
P047,HRTF_B,16,1.472,52.11,-8.84,6,1
P047,HRTF_B,16,1.486,53.52,-8.96,6,1
P047,HRTF_B,16,1.500,54.71,-9.10,6,1
P047,HRTF_B,16,1.514,55.78,-9.16,6,1
P047,HRTF_B,16,1.527,56.71,-9.20,6,1
P047,HRTF_B,16,1.541,57.19,-9.27,6,1
P047,HRTF_B,16,1.555,57.65,-9.32,6,1
P047,HRTF_B,16,1.569,57.86,-9.45,6,1
P047,HRTF_B,16,1.583,58.07,-9.58,6,1
P047,HRTF_B,16,1.597,58.13,-9.72,6,1
P047,HRTF_B,16,1.611,58.21,-9.88,6,1
P047,HRTF_B,16,1.625,58.12,-10.06,6,1
P047,HRTF_B,16,1.639,58.00,-10.37,6,1
P047,HRTF_B,16,1.652,57.92,-10.66,6,1
P047,HRTF_B,16,1.666,57.82,-10.97,6,1
P047,HRTF_B,16,1.680,57.76,-11.23,6,1
P047,HRTF_B,16,1.694,57.72,-11.47,6,1
P047,HRTF_B,16,1.708,57.69,-11.69,6,1
P047,HRTF_B,16,1.722,57.72,-11.93,6,1
P047,HRTF_B,16,1.736,57.76,-12.18,6,1
P047,HRTF_B,16,1.750,57.79,-12.42,6,1
P047,HRTF_B,16,1.764,57.81,-12.63,6,1
P047,HRTF_B,16,1.777,57.83,-12.83,6,1
P047,HRTF_B,16,1.791,57.85,-13.00,6,1
P047,HRTF_B,16,1.805,57.89,-13.15,6,1
P047,HRTF_B,16,1.819,57.96,-13.30,6,1
P047,HRTF_B,16,1.833,58.04,-13.44,6,1
P047,HRTF_B,16,1.847,58.08,-13.53,6,1
P047,HRTF_B,16,1.861,58.15,-13.61,6,1
P047,HRTF_B,16,1.875,58.21,-13.66,6,1
P047,HRTF_B,16,1.888,58.29,-13.71,6,1
P047,HRTF_B,17,0.014,-6.01,1.77,1,1
P047,HRTF_B,17,0.028,-6.09,1.72,1,1
P047,HRTF_B,17,0.042,-6.19,1.65,1,1
P047,HRTF_B,17,0.056,-6.31,1.57,1,1
P047,HRTF_B,17,0.070,-6.48,1.49,1,1
P047,HRTF_B,17,0.083,-6.66,1.44,1,1
P047,HRTF_B,17,0.097,-6.84,1.41,1,1
P047,HRTF_B,17,0.111,-7.04,1.36,1,1
P047,HRTF_B,17,0.125,-7.24,1.31,1,1
P047,HRTF_B,17,0.139,-7.46,1.22,1,1
P047,HRTF_B,17,0.153,-7.69,1.11,1,1
P047,HRTF_B,17,0.167,-7.92,0.97,1,1
P047,HRTF_B,17,0.180,-8.14,0.84,1,1
P047,HRTF_B,17,0.194,-8.33,0.70,1,1
P047,HRTF_B,17,0.208,-8.51,0.56,1,1
P047,HRTF_B,17,0.222,-8.69,0.43,1,1
P047,HRTF_B,17,0.236,-8.85,0.31,1,1
P047,HRTF_B,17,0.250,-8.99,0.18,1,1
P047,HRTF_B,17,0.264,-9.10,0.08,1,1
P047,HRTF_B,17,0.277,-9.19,-0.05,1,1
P047,HRTF_B,17,0.291,-9.26,-0.15,1,1
P047,HRTF_B,17,0.305,-9.29,-0.24,1,1
P047,HRTF_B,17,0.319,-9.34,-0.33,1,1
P047,HRTF_B,17,0.333,-9.37,-0.41,1,1
P047,HRTF_B,17,0.347,-9.39,-0.45,1,1
P047,HRTF_B,17,0.361,-9.39,-0.46,1,1
P047,HRTF_B,17,0.375,-9.38,-0.46,1,1
P047,HRTF_B,17,0.389,-9.35,-0.44,1,1
P047,HRTF_B,17,0.403,-9.31,-0.44,1,1
P047,HRTF_B,17,0.416,-9.24,-0.43,1,1
P047,HRTF_B,17,0.430,-9.17,-0.41,1,1
P047,HRTF_B,17,0.444,-9.10,-0.37,1,1
P047,HRTF_B,17,0.458,-9.01,-0.35,1,1
P047,HRTF_B,17,0.472,-8.91,-0.31,1,1
P047,HRTF_B,17,0.486,-8.81,-0.26,1,1
P047,HRTF_B,17,0.500,-8.70,-0.23,1,1
P047,HRTF_B,17,0.514,-8.60,-0.19,1,1
P047,HRTF_B,17,0.528,-8.52,-0.14,1,1
P047,HRTF_B,17,0.542,-8.42,-0.10,1,1
P047,HRTF_B,17,0.555,-8.33,-0.06,1,1
P047,HRTF_B,17,0.569,-8.25,0.00,1,1
P047,HRTF_B,17,0.583,-8.19,0.04,1,1
P047,HRTF_B,17,0.597,-8.13,0.06,1,1
P047,HRTF_B,17,0.611,-8.07,0.11,1,1
P047,HRTF_B,17,0.625,-8.03,0.13,1,1
P047,HRTF_B,17,0.639,-7.99,0.14,1,1
P047,HRTF_B,17,0.652,-7.96,0.16,1,1
P047,HRTF_B,17,0.667,-7.92,0.18,1,1
P047,HRTF_B,18,0.014,-6.42,0.37,12,1
P047,HRTF_B,18,0.028,-6.43,0.38,12,1
P047,HRTF_B,18,0.041,-6.41,0.41,12,1
P047,HRTF_B,18,0.055,-6.42,0.44,12,1
P047,HRTF_B,18,0.069,-6.42,0.47,12,1
P047,HRTF_B,18,0.084,-6.44,0.49,12,1
P047,HRTF_B,18,0.097,-6.43,0.51,12,1
P047,HRTF_B,18,0.111,-6.44,0.51,12,1
P047,HRTF_B,18,0.125,-6.44,0.49,12,1
P047,HRTF_B,18,0.139,-6.45,0.48,12,1
P047,HRTF_B,18,0.153,-6.46,0.48,12,1
P047,HRTF_B,18,0.167,-6.46,0.48,12,1
P047,HRTF_B,18,0.181,-6.46,0.47,12,1
P047,HRTF_B,18,0.194,-6.47,0.44,12,1
P047,HRTF_B,18,0.208,-6.47,0.38,12,1
P047,HRTF_B,18,0.222,-6.47,0.33,12,1
P047,HRTF_B,18,0.236,-6.45,0.30,12,1
P047,HRTF_B,18,0.250,-6.43,0.29,12,1
P047,HRTF_B,18,0.264,-6.41,0.25,12,1
P047,HRTF_B,18,0.278,-6.38,0.22,12,1
P047,HRTF_B,18,0.291,-6.35,0.20,12,1
P047,HRTF_B,18,0.306,-6.32,0.19,12,1
P047,HRTF_B,18,0.319,-6.29,0.16,12,1
P047,HRTF_B,18,0.333,-6.26,0.18,12,1
P047,HRTF_B,18,0.347,-6.22,0.19,12,1
P047,HRTF_B,18,0.361,-6.17,0.20,12,1
P047,HRTF_B,18,0.375,-6.13,0.20,12,1
P047,HRTF_B,18,0.389,-6.09,0.19,12,1
P047,HRTF_B,18,0.403,-6.05,0.17,12,1
P047,HRTF_B,18,0.417,-5.99,0.15,12,1
P047,HRTF_B,18,0.431,-5.92,0.12,12,1
P047,HRTF_B,18,0.444,-5.85,0.11,12,1
P047,HRTF_B,18,0.458,-5.78,0.10,12,1
P047,HRTF_B,18,0.472,-5.70,0.09,12,1
P047,HRTF_B,18,0.486,-5.62,0.06,12,1
P047,HRTF_B,18,0.500,-5.53,0.03,12,1
P047,HRTF_B,18,0.514,-5.44,0.02,12,1
P047,HRTF_B,18,0.528,-5.34,-0.01,12,1
P047,HRTF_B,18,0.541,-5.25,-0.04,12,1
P047,HRTF_B,18,0.555,-5.16,-0.07,12,1
P047,HRTF_B,18,0.569,-5.08,-0.10,12,1
P047,HRTF_B,18,0.583,-5.03,-0.15,12,1
P047,HRTF_B,18,0.597,-5.01,-0.17,12,1
P047,HRTF_B,18,0.611,-5.06,-0.21,12,1
P047,HRTF_B,18,0.624,-5.18,-0.28,12,1
P047,HRTF_B,18,0.638,-5.40,-0.38,12,1
P047,HRTF_B,18,0.652,-5.79,-0.52,12,1
P047,HRTF_B,18,0.667,-6.27,-0.64,12,1
P047,HRTF_B,18,0.680,-6.85,-0.77,12,1
P047,HRTF_B,18,0.694,-7.46,-0.92,12,1
P047,HRTF_B,18,0.708,-8.24,-1.11,12,1
P047,HRTF_B,18,0.722,-9.20,-1.34,12,1
P047,HRTF_B,18,0.736,-10.29,-1.71,12,1
P047,HRTF_B,18,0.750,-11.45,-2.04,12,1
P047,HRTF_B,18,0.764,-12.67,-2.36,12,1
P047,HRTF_B,18,0.777,-13.94,-2.71,12,1
P047,HRTF_B,18,0.791,-15.28,-3.05,12,1
P047,HRTF_B,18,0.805,-16.62,-3.34,12,1
P047,HRTF_B,18,0.819,-17.98,-3.62,12,1
P047,HRTF_B,18,0.833,-19.35,-3.89,12,1
P047,HRTF_B,18,0.847,-20.68,-4.23,12,1
P047,HRTF_B,18,0.861,-21.99,-4.56,12,1
P047,HRTF_B,18,0.875,-23.30,-4.86,12,1
P047,HRTF_B,18,0.888,-24.60,-5.25,12,1
P047,HRTF_B,18,0.902,-25.88,-5.65,12,1
P047,HRTF_B,18,0.916,-27.20,-6.05,12,1
P047,HRTF_B,18,0.930,-28.39,-6.48,12,1
P047,HRTF_B,18,0.944,-29.54,-6.83,12,1
P047,HRTF_B,18,0.958,-30.58,-7.18,12,1
P047,HRTF_B,18,0.972,-31.59,-7.52,12,1
P047,HRTF_B,18,0.986,-32.46,-7.83,12,1
P047,HRTF_B,18,1.000,-33.37,-8.12,12,1
P047,HRTF_B,18,1.014,-34.23,-8.48,12,1
P047,HRTF_B,18,1.027,-35.12,-8.73,12,1
P047,HRTF_B,18,1.041,-35.98,-9.04,12,1
P047,HRTF_B,18,1.055,-36.77,-9.26,12,1
P047,HRTF_B,18,1.069,-37.55,-9.49,12,1
P047,HRTF_B,18,1.083,-38.30,-9.65,12,1
P047,HRTF_B,18,1.097,-39.06,-9.83,12,1
P047,HRTF_B,18,1.111,-39.75,-9.96,12,1
P047,HRTF_B,18,1.124,-40.37,-10.04,12,1
P047,HRTF_B,18,1.138,-40.79,-10.09,12,1
P047,HRTF_B,18,1.152,-41.06,-10.03,12,1
P047,HRTF_B,18,1.166,-41.21,-9.96,12,1
P047,HRTF_B,18,1.181,-41.22,-9.81,12,1
P047,HRTF_B,18,1.194,-41.00,-9.65,12,1
P047,HRTF_B,18,1.208,-40.74,-9.53,12,1
P047,HRTF_B,18,1.222,-40.17,-9.39,12,1
P047,HRTF_B,18,1.236,-39.39,-9.25,12,1
P047,HRTF_B,18,1.249,-38.30,-9.13,12,1
P047,HRTF_B,18,1.264,-37.23,-8.98,12,1
P047,HRTF_B,18,1.277,-35.71,-8.85,12,1
P047,HRTF_B,18,1.291,-33.98,-8.77,12,1
P047,HRTF_B,18,1.305,-32.11,-8.72,12,1
P047,HRTF_B,18,1.319,-30.13,-8.66,12,1
P047,HRTF_B,18,1.333,-28.04,-8.52,12,1
P047,HRTF_B,18,1.347,-25.99,-8.38,12,1
P047,HRTF_B,18,1.361,-23.77,-8.24,12,1
P047,HRTF_B,18,1.375,-21.55,-8.15,12,1
P047,HRTF_B,18,1.388,-19.13,-8.08,12,1
P047,HRTF_B,18,1.402,-16.91,-7.98,12,1
P047,HRTF_B,18,1.416,-14.59,-7.87,12,1
P047,HRTF_B,18,1.430,-12.21,-7.81,12,1
P047,HRTF_B,18,1.444,-9.82,-7.77,12,1
P047,HRTF_B,18,1.458,-7.36,-7.74,12,1
P047,HRTF_B,18,1.471,-4.96,-7.71,12,1
P047,HRTF_B,18,1.485,-2.61,-7.64,12,1
P047,HRTF_B,18,1.499,-0.33,-7.61,12,1
P047,HRTF_B,18,1.513,1.98,-7.57,12,1
P047,HRTF_B,18,1.527,4.21,-7.56,12,1
P047,HRTF_B,18,1.541,6.41,-7.53,12,1
P047,HRTF_B,18,1.555,8.55,-7.55,12,1
P047,HRTF_B,18,1.569,10.60,-7.51,12,1
P047,HRTF_B,18,1.583,12.53,-7.44,12,1
P047,HRTF_B,18,1.596,14.46,-7.39,12,1
P047,HRTF_B,18,1.610,16.33,-7.34,12,1
P047,HRTF_B,18,1.624,18.13,-7.29,12,1
P047,HRTF_B,18,1.638,19.80,-7.25,12,1
P047,HRTF_B,18,1.652,21.42,-7.21,12,1
P047,HRTF_B,18,1.666,23.01,-7.15,12,1
P047,HRTF_B,18,1.680,24.60,-7.11,12,1
P047,HRTF_B,18,1.694,26.11,-7.05,12,1
P047,HRTF_B,18,1.708,27.60,-7.00,12,1
P047,HRTF_B,18,1.722,29.09,-6.92,12,1
P047,HRTF_B,18,1.735,30.44,-6.80,12,1
P047,HRTF_B,18,1.749,31.80,-6.71,12,1
P047,HRTF_B,18,1.763,33.09,-6.65,12,1
P047,HRTF_B,18,1.777,34.33,-6.57,12,1
P047,HRTF_B,18,1.791,35.56,-6.52,12,1
P047,HRTF_B,18,1.805,36.68,-6.55,12,1
P047,HRTF_B,18,1.819,37.90,-6.58,12,1
P047,HRTF_B,18,1.833,38.98,-6.68,12,1
P047,HRTF_B,18,1.847,40.16,-6.69,12,1
P047,HRTF_B,18,1.861,41.31,-6.77,12,1
P047,HRTF_B,18,1.874,42.53,-6.87,12,1
P047,HRTF_B,18,1.888,43.74,-7.01,12,1
P047,HRTF_B,18,1.902,44.98,-7.11,12,1
P047,HRTF_B,18,1.916,46.23,-7.18,12,1
P047,HRTF_B,18,1.930,47.49,-7.35,12,1
P047,HRTF_B,18,1.944,48.69,-7.46,12,1
P047,HRTF_B,18,1.958,49.93,-7.64,12,1
P047,HRTF_B,18,1.971,51.12,-7.80,12,1
P047,HRTF_B,18,1.985,52.27,-7.93,12,1
P047,HRTF_B,18,1.999,53.39,-8.12,12,1
P047,HRTF_B,18,2.013,54.52,-8.27,12,1
P047,HRTF_B,18,2.027,55.62,-8.48,12,1
P047,HRTF_B,18,2.041,56.69,-8.63,12,1
P047,HRTF_B,18,2.055,57.77,-8.75,12,1
P047,HRTF_B,18,2.069,58.81,-8.81,12,1
P047,HRTF_B,18,2.082,59.86,-8.86,12,1
P047,HRTF_B,18,2.096,60.83,-8.83,12,1
P047,HRTF_B,18,2.110,61.78,-8.65,12,1
P047,HRTF_B,18,2.124,62.65,-8.25,12,1
P047,HRTF_B,18,2.138,63.39,-7.80,12,1
P047,HRTF_B,18,2.152,64.02,-7.15,12,1
P047,HRTF_B,18,2.166,64.47,-6.43,12,1
P047,HRTF_B,18,2.180,64.85,-5.66,12,1
P047,HRTF_B,18,2.194,65.20,-4.95,12,1
P047,HRTF_B,18,2.208,65.61,-4.30,12,1
P047,HRTF_B,18,2.221,66.07,-3.75,12,1
P047,HRTF_B,18,2.235,66.53,-3.21,12,1
P047,HRTF_B,18,2.249,66.98,-2.77,12,1
P047,HRTF_B,18,2.263,67.46,-2.27,12,1
P047,HRTF_B,18,2.277,68.00,-1.78,12,1
P047,HRTF_B,18,2.291,68.52,-1.24,12,1
P047,HRTF_B,18,2.305,69.06,-0.57,12,1
P047,HRTF_B,18,2.319,69.55,0.12,12,1
P047,HRTF_B,18,2.333,69.98,0.71,12,1
P047,HRTF_B,18,2.346,70.42,1.26,12,1
P047,HRTF_B,18,2.361,70.82,1.75,12,1
P047,HRTF_B,18,2.375,71.17,2.30,12,1
P047,HRTF_B,18,2.389,71.54,2.95,12,1
P047,HRTF_B,18,2.402,71.92,3.56,12,1
P047,HRTF_B,18,2.416,72.48,4.00,12,1
P047,HRTF_B,18,2.430,73.13,4.37,12,1
P047,HRTF_B,18,2.444,73.99,4.66,12,1
P047,HRTF_B,18,2.458,74.88,4.94,12,1
P047,HRTF_B,18,2.472,75.91,5.34,12,1
P047,HRTF_B,18,2.485,76.96,5.70,12,1
P047,HRTF_B,18,2.499,78.14,5.97,12,1
P047,HRTF_B,18,2.513,79.35,6.19,12,1
P047,HRTF_B,18,2.527,80.56,6.34,12,1
P047,HRTF_B,18,2.541,81.85,6.39,12,1
P047,HRTF_B,18,2.555,83.15,6.35,12,1
P047,HRTF_B,18,2.569,84.49,6.40,12,1
P047,HRTF_B,18,2.582,85.82,6.48,12,1
P047,HRTF_B,18,2.596,87.15,6.57,12,1
P047,HRTF_B,18,2.610,88.46,6.60,12,1
P047,HRTF_B,18,2.624,89.74,6.55,12,1
P047,HRTF_B,18,2.638,91.03,6.37,12,1
P047,HRTF_B,18,2.652,92.26,6.14,12,1
P047,HRTF_B,18,2.666,93.49,5.82,12,1
P047,HRTF_B,18,2.680,94.64,5.57,12,1
P047,HRTF_B,18,2.693,95.77,5.29,12,1
P047,HRTF_B,18,2.708,96.82,5.05,12,1
P047,HRTF_B,18,2.721,97.82,4.88,12,1
P047,HRTF_B,18,2.735,98.78,4.64,12,1
P047,HRTF_B,18,2.749,99.69,4.44,12,1
P047,HRTF_B,18,2.763,100.58,4.23,12,1
P047,HRTF_B,18,2.777,101.43,3.96,12,1
P047,HRTF_B,18,2.791,102.19,3.72,12,1
P047,HRTF_B,18,2.805,102.97,3.48,12,1
P047,HRTF_B,18,2.818,103.72,3.25,12,1
P047,HRTF_B,18,2.832,104.36,3.05,12,1
P047,HRTF_B,18,2.846,105.13,2.84,12,1
P047,HRTF_B,18,2.860,105.94,2.55,12,1
P047,HRTF_B,18,2.874,106.77,2.33,12,1
P047,HRTF_B,18,2.888,107.62,2.13,12,1
P047,HRTF_B,18,2.902,108.51,1.94,12,1
P047,HRTF_B,18,2.916,109.59,1.67,12,1
P047,HRTF_B,18,2.930,110.66,1.42,12,1
P047,HRTF_B,18,2.944,111.81,1.14,12,1
P047,HRTF_B,18,2.957,113.01,0.89,12,1
P047,HRTF_B,18,2.971,114.25,0.63,12,1
P047,HRTF_B,18,2.985,115.44,0.36,12,1
P047,HRTF_B,18,2.999,116.63,0.14,12,1
P047,HRTF_B,18,3.013,117.77,0.01,12,1
P047,HRTF_B,18,3.027,118.90,0.04,12,1
P047,HRTF_B,18,3.041,120.01,0.12,12,1
P047,HRTF_B,18,3.055,121.07,0.45,12,1
P047,HRTF_B,18,3.069,122.05,0.78,12,1
P047,HRTF_B,18,3.082,122.82,1.15,12,1
P047,HRTF_B,18,3.096,123.50,1.57,12,1
P047,HRTF_B,18,3.110,124.03,2.02,12,1
P047,HRTF_B,18,3.124,124.49,2.46,12,1
P047,HRTF_B,18,3.138,124.65,2.83,12,1
P047,HRTF_B,18,3.152,124.80,3.14,12,1
P047,HRTF_B,18,3.166,124.84,3.44,12,1
P047,HRTF_B,18,3.180,124.90,3.73,12,1
P047,HRTF_B,18,3.193,124.89,3.99,12,1
P047,HRTF_B,18,3.207,124.79,4.33,12,1
P047,HRTF_B,18,3.221,124.74,4.66,12,1
P047,HRTF_B,18,3.235,124.71,5.02,12,1
P047,HRTF_B,18,3.249,124.70,5.29,12,1
P047,HRTF_B,18,3.263,124.70,5.52,12,1
P047,HRTF_B,18,3.277,124.64,5.71,12,1
P047,HRTF_B,18,3.291,124.55,5.93,12,1
P047,HRTF_B,18,3.304,124.42,6.10,12,1
P047,HRTF_B,18,3.318,124.35,6.25,12,1
P047,HRTF_B,18,3.332,124.31,6.39,12,1
P047,HRTF_B,18,3.346,124.31,6.48,12,1
P047,HRTF_B,18,3.360,124.28,6.57,12,1
P047,HRTF_B,18,3.374,124.28,6.63,12,1
P047,HRTF_B,18,3.388,124.30,6.61,12,1
P047,HRTF_B,18,3.402,124.38,6.55,12,1
P047,HRTF_B,18,3.416,124.48,6.44,12,1
P047,HRTF_B,18,3.430,124.58,6.35,12,1
P047,HRTF_B,18,3.443,124.62,6.33,12,1
P047,HRTF_B,18,3.457,124.66,6.34,12,1
P047,HRTF_B,18,3.471,124.65,6.37,12,1
P047,HRTF_B,18,3.485,124.63,6.46,12,1
P047,HRTF_B,18,3.499,124.55,6.55,12,1
P047,HRTF_B,18,3.513,124.42,6.66,12,1
P047,HRTF_B,18,3.527,124.27,6.78,12,1
P047,HRTF_B,18,3.541,124.08,6.93,12,1
P047,HRTF_B,18,3.554,123.90,7.08,12,1
P047,HRTF_B,19,0.014,-0.28,-0.44,17,1
P047,HRTF_B,19,0.028,-0.32,-0.44,17,1
P047,HRTF_B,19,0.042,-0.37,-0.42,17,1
P047,HRTF_B,19,0.056,-0.41,-0.37,17,1
P047,HRTF_B,19,0.070,-0.44,-0.33,17,1
P047,HRTF_B,19,0.084,-0.46,-0.27,17,1
P047,HRTF_B,19,0.097,-0.48,-0.23,17,1
P047,HRTF_B,19,0.111,-0.47,-0.18,17,1
P047,HRTF_B,19,0.125,-0.46,-0.15,17,1
P047,HRTF_B,19,0.139,-0.45,-0.11,17,1
P047,HRTF_B,19,0.153,-0.43,-0.09,17,1
P047,HRTF_B,19,0.167,-0.39,-0.06,17,1
P047,HRTF_B,19,0.181,-0.35,-0.07,17,1
P047,HRTF_B,19,0.195,-0.32,-0.10,17,1
P047,HRTF_B,19,0.208,-0.28,-0.11,17,1
P047,HRTF_B,19,0.223,-0.23,-0.14,17,1
P047,HRTF_B,19,0.236,-0.19,-0.15,17,1
P047,HRTF_B,19,0.250,-0.15,-0.17,17,1
P047,HRTF_B,19,0.264,-0.09,-0.18,17,1
P047,HRTF_B,19,0.278,-0.02,-0.20,17,1
P047,HRTF_B,19,0.292,0.04,-0.23,17,1
P047,HRTF_B,19,0.306,0.12,-0.26,17,1
P047,HRTF_B,19,0.320,0.20,-0.31,17,1
P047,HRTF_B,19,0.334,0.30,-0.35,17,1
P047,HRTF_B,19,0.347,0.40,-0.37,17,1
P047,HRTF_B,19,0.361,0.52,-0.38,17,1
P047,HRTF_B,19,0.375,0.63,-0.36,17,1
P047,HRTF_B,19,0.389,0.79,-0.33,17,1
P047,HRTF_B,19,0.403,0.96,-0.31,17,1
P047,HRTF_B,19,0.417,1.14,-0.30,17,1
P047,HRTF_B,19,0.431,1.33,-0.29,17,1
P047,HRTF_B,19,0.445,1.53,-0.31,17,1
P047,HRTF_B,19,0.459,1.74,-0.33,17,1
P047,HRTF_B,19,0.472,1.97,-0.33,17,1
P047,HRTF_B,19,0.486,2.19,-0.32,17,1
P047,HRTF_B,19,0.500,2.41,-0.32,17,1
P047,HRTF_B,19,0.514,2.61,-0.33,17,1
P047,HRTF_B,19,0.528,2.82,-0.36,17,1
P047,HRTF_B,19,0.542,3.01,-0.38,17,1
P047,HRTF_B,19,0.556,3.19,-0.41,17,1
P047,HRTF_B,19,0.570,3.38,-0.45,17,1
P047,HRTF_B,19,0.584,3.57,-0.50,17,1
P047,HRTF_B,19,0.597,3.76,-0.55,17,1
P047,HRTF_B,19,0.611,3.93,-0.59,17,1
P047,HRTF_B,19,0.625,4.13,-0.64,17,1
P047,HRTF_B,19,0.639,4.32,-0.70,17,1
P047,HRTF_B,19,0.653,4.53,-0.75,17,1
P047,HRTF_B,19,0.667,4.74,-0.79,17,1
P047,HRTF_B,19,0.680,4.97,-0.84,17,1
P047,HRTF_B,19,0.694,5.21,-0.88,17,1
P047,HRTF_B,19,0.708,5.46,-0.91,17,1
P047,HRTF_B,19,0.723,5.74,-0.94,17,1
P047,HRTF_B,19,0.736,6.01,-0.96,17,1
P047,HRTF_B,19,0.750,6.30,-0.98,17,1
P047,HRTF_B,19,0.764,6.61,-0.99,17,1
P047,HRTF_B,19,0.778,6.90,-0.97,17,1
P047,HRTF_B,19,0.792,7.22,-0.99,17,1
P047,HRTF_B,19,0.806,7.56,-0.97,17,1
P047,HRTF_B,19,0.819,7.89,-0.98,17,1
P047,HRTF_B,19,0.833,8.23,-0.99,17,1
P047,HRTF_B,19,0.847,8.57,-1.00,17,1
P047,HRTF_B,19,0.861,8.93,-0.99,17,1
P047,HRTF_B,19,0.875,9.28,-0.98,17,1
P047,HRTF_B,19,0.889,9.63,-0.97,17,1
P047,HRTF_B,19,0.903,9.95,-0.94,17,1
P047,HRTF_B,19,0.917,10.27,-0.93,17,1
P047,HRTF_B,19,0.931,10.62,-0.97,17,1
P047,HRTF_B,19,0.944,10.92,-0.96,17,1
P047,HRTF_B,19,0.958,11.22,-0.99,17,1
P047,HRTF_B,19,0.972,11.51,-1.00,17,1
P047,HRTF_B,19,0.986,11.77,-1.02,17,1
P047,HRTF_B,19,1.000,12.02,-1.05,17,1
P047,HRTF_B,19,1.014,12.23,-1.08,17,1
P047,HRTF_B,19,1.028,12.45,-1.10,17,1
P047,HRTF_B,19,1.042,12.64,-1.14,17,1
P047,HRTF_B,19,1.056,12.80,-1.18,17,1
P047,HRTF_B,19,1.069,12.96,-1.22,17,1
P047,HRTF_B,19,1.083,13.09,-1.26,17,1
P047,HRTF_B,19,1.097,13.21,-1.31,17,1
P047,HRTF_B,19,1.111,13.30,-1.35,17,1
P047,HRTF_B,19,1.125,13.38,-1.38,17,1
P047,HRTF_B,19,1.139,13.42,-1.44,17,1
P047,HRTF_B,19,1.153,13.45,-1.46,17,1
P047,HRTF_B,19,1.167,13.46,-1.48,17,1
P047,HRTF_B,19,1.181,13.45,-1.53,17,1
P047,HRTF_B,19,1.195,13.42,-1.61,17,1
P047,HRTF_B,19,1.208,13.35,-1.69,17,1
P047,HRTF_B,19,1.222,13.22,-1.84,17,1
P047,HRTF_B,19,1.236,13.03,-1.96,17,1
P047,HRTF_B,19,1.250,12.78,-2.06,17,1
P047,HRTF_B,19,1.264,12.51,-2.14,17,1
P047,HRTF_B,19,1.278,12.11,-2.24,17,1
P047,HRTF_B,19,1.292,11.58,-2.42,17,1
P047,HRTF_B,19,1.306,10.93,-2.62,17,1
P047,HRTF_B,19,1.319,10.21,-2.77,17,1
P047,HRTF_B,19,1.333,9.47,-2.85,17,1
P047,HRTF_B,19,1.347,8.71,-2.91,17,1
P047,HRTF_B,19,1.361,7.95,-3.01,17,1
P047,HRTF_B,19,1.375,7.19,-3.19,17,1
P047,HRTF_B,19,1.389,6.39,-3.42,17,1
P047,HRTF_B,19,1.403,5.59,-3.64,17,1
P047,HRTF_B,19,1.417,4.76,-3.87,17,1
P047,HRTF_B,19,1.431,3.95,-4.05,17,1
P047,HRTF_B,19,1.445,3.21,-4.21,17,1
P047,HRTF_B,19,1.458,2.48,-4.37,17,1
P047,HRTF_B,19,1.472,1.86,-4.55,17,1
P047,HRTF_B,19,1.486,1.19,-4.69,17,1
P047,HRTF_B,19,1.500,0.56,-4.91,17,1
P047,HRTF_B,19,1.514,-0.03,-5.06,17,1
P047,HRTF_B,19,1.528,-0.60,-5.27,17,1
P047,HRTF_B,19,1.542,-1.17,-5.51,17,1
P047,HRTF_B,19,1.556,-1.66,-5.72,17,1
P047,HRTF_B,19,1.570,-2.14,-5.88,17,1
P047,HRTF_B,19,1.583,-2.63,-6.02,17,1
P047,HRTF_B,19,1.597,-3.09,-6.21,17,1
P047,HRTF_B,19,1.611,-3.54,-6.43,17,1
P047,HRTF_B,19,1.625,-3.94,-6.77,17,1
P047,HRTF_B,19,1.639,-4.32,-7.17,17,1
P047,HRTF_B,19,1.653,-4.68,-7.43,17,1
P047,HRTF_B,19,1.667,-4.99,-7.70,17,1
P047,HRTF_B,19,1.681,-5.31,-8.03,17,1
P047,HRTF_B,19,1.694,-5.54,-8.55,17,1
P047,HRTF_B,19,1.708,-5.76,-9.10,17,1
P047,HRTF_B,19,1.722,-5.94,-9.61,17,1
P047,HRTF_B,19,1.736,-6.03,-10.06,17,1
P047,HRTF_B,19,1.750,-6.09,-10.56,17,1
P047,HRTF_B,19,1.764,-6.03,-11.07,17,1
P047,HRTF_B,19,1.778,-5.90,-11.63,17,1
P047,HRTF_B,19,1.792,-5.75,-12.19,17,1
P047,HRTF_B,19,1.805,-5.53,-12.74,17,1
P047,HRTF_B,19,1.819,-5.25,-13.36,17,1
P047,HRTF_B,19,1.833,-4.87,-14.18,17,1
P047,HRTF_B,19,1.847,-4.37,-15.06,17,1
P047,HRTF_B,19,1.861,-3.78,-15.90,17,1
P047,HRTF_B,19,1.875,-3.11,-16.68,17,1
P047,HRTF_B,19,1.889,-2.39,-17.50,17,1
P047,HRTF_B,19,1.903,-1.37,-18.44,17,1
P047,HRTF_B,19,1.917,0.02,-19.44,17,1
P047,HRTF_B,19,1.931,1.33,-20.39,17,1
P047,HRTF_B,19,1.944,2.84,-21.26,17,1
P047,HRTF_B,19,1.958,4.28,-22.04,17,1
P047,HRTF_B,19,1.972,5.74,-22.83,17,1
P047,HRTF_B,19,1.986,7.23,-23.71,17,1
P047,HRTF_B,19,2.000,8.85,-24.68,17,1
P047,HRTF_B,19,2.014,10.46,-25.62,17,1
P047,HRTF_B,19,2.028,12.03,-26.45,17,1
P047,HRTF_B,19,2.042,13.45,-27.29,17,1
P047,HRTF_B,19,2.056,14.83,-28.16,17,1
P047,HRTF_B,19,2.069,16.09,-29.11,17,1
P047,HRTF_B,19,2.083,17.25,-30.00,17,1
P047,HRTF_B,19,2.097,18.34,-30.87,17,1
P047,HRTF_B,19,2.111,19.30,-31.61,17,1
P047,HRTF_B,19,2.125,20.07,-32.21,17,1
P047,HRTF_B,19,2.139,20.61,-32.66,17,1
P047,HRTF_B,19,2.153,21.05,-33.11,17,1
P047,HRTF_B,19,2.167,21.31,-33.56,17,1
P047,HRTF_B,19,2.180,21.38,-34.06,17,1
P047,HRTF_B,19,2.195,21.10,-34.54,17,1
P047,HRTF_B,19,2.208,20.78,-35.00,17,1
P047,HRTF_B,19,2.222,20.24,-35.34,17,1
P047,HRTF_B,19,2.236,19.63,-35.59,17,1
P047,HRTF_B,19,2.250,19.03,-35.81,17,1
P047,HRTF_B,19,2.264,18.42,-36.04,17,1
P047,HRTF_B,19,2.278,17.75,-36.23,17,1
P047,HRTF_B,19,2.292,17.07,-36.38,17,1
P047,HRTF_B,19,2.306,16.45,-36.51,17,1
P047,HRTF_B,19,2.319,15.89,-36.64,17,1
P047,HRTF_B,19,2.333,15.46,-36.70,17,1
P047,HRTF_B,19,2.347,15.05,-36.82,17,1
P047,HRTF_B,19,2.361,14.69,-36.97,17,1
P047,HRTF_B,19,2.375,14.37,-37.09,17,1
P047,HRTF_B,19,2.389,14.16,-37.18,17,1
P047,HRTF_B,19,2.403,14.05,-37.18,17,1
P047,HRTF_B,19,2.417,14.07,-37.16,17,1
P047,HRTF_B,19,2.431,14.08,-37.11,17,1
P047,HRTF_B,19,2.444,14.12,-37.10,17,1
P047,HRTF_B,19,2.458,14.18,-37.18,17,1
P047,HRTF_B,19,2.472,14.30,-37.32,17,1
P047,HRTF_B,19,2.486,14.48,-37.40,17,1
P047,HRTF_B,19,2.500,14.70,-37.45,17,1
P047,HRTF_B,19,2.514,14.91,-37.46,17,1
P047,HRTF_B,19,2.528,15.10,-37.45,17,1
P047,HRTF_B,19,2.541,15.32,-37.48,17,1
P047,HRTF_B,19,2.556,15.62,-37.49,17,1
P047,HRTF_B,19,2.569,15.97,-37.45,17,1
P047,HRTF_B,19,2.583,16.33,-37.40,17,1
P047,HRTF_B,19,2.597,16.71,-37.26,17,1
P047,HRTF_B,19,2.611,17.15,-37.07,17,1
P047,HRTF_B,19,2.625,17.60,-36.84,17,1
P047,HRTF_B,19,2.639,18.20,-36.54,17,1
P047,HRTF_B,19,2.653,18.77,-36.28,17,1
P047,HRTF_B,19,2.667,19.45,-35.96,17,1
P047,HRTF_B,19,2.680,20.14,-35.68,17,1
P047,HRTF_B,19,2.694,20.87,-35.41,17,1
P047,HRTF_B,19,2.708,21.68,-35.18,17,1
P047,HRTF_B,19,2.722,22.55,-34.97,17,1
P047,HRTF_B,19,2.736,23.42,-34.77,17,1
P047,HRTF_B,19,2.750,24.31,-34.53,17,1
P047,HRTF_B,19,2.764,25.24,-34.20,17,1
P047,HRTF_B,19,2.778,26.31,-33.74,17,1
P047,HRTF_B,19,2.791,27.45,-33.23,17,1
P047,HRTF_B,19,2.806,28.70,-32.76,17,1
P047,HRTF_B,19,2.819,30.02,-32.28,17,1
P047,HRTF_B,19,2.833,31.30,-31.81,17,1
P047,HRTF_B,19,2.847,32.65,-31.29,17,1
P047,HRTF_B,19,2.861,34.05,-30.73,17,1
P047,HRTF_B,19,2.875,35.48,-30.20,17,1
P047,HRTF_B,19,2.889,36.88,-29.65,17,1
P047,HRTF_B,19,2.903,38.25,-29.11,17,1
P047,HRTF_B,19,2.917,39.63,-28.56,17,1
P047,HRTF_B,19,2.931,41.06,-28.02,17,1
P047,HRTF_B,19,2.944,42.56,-27.64,17,1
P047,HRTF_B,19,2.958,44.12,-27.26,17,1
P047,HRTF_B,19,2.972,45.63,-26.91,17,1
P047,HRTF_B,19,2.986,47.06,-26.51,17,1
P047,HRTF_B,19,3.000,48.50,-26.03,17,1
P047,HRTF_B,19,3.014,49.94,-25.55,17,1
P047,HRTF_B,19,3.028,51.36,-25.05,17,1
P047,HRTF_B,19,3.041,52.76,-24.58,17,1
P047,HRTF_B,19,3.055,54.04,-24.14,17,1
P047,HRTF_B,19,3.069,55.39,-23.72,17,1
P047,HRTF_B,19,3.083,56.75,-23.35,17,1
P047,HRTF_B,19,3.097,58.03,-22.99,17,1
P047,HRTF_B,19,3.111,59.22,-22.63,17,1
P047,HRTF_B,19,3.125,60.38,-22.27,17,1
P047,HRTF_B,19,3.139,61.30,-22.03,17,1
P047,HRTF_B,19,3.153,62.29,-21.83,17,1
P047,HRTF_B,19,3.166,63.25,-21.63,17,1
P047,HRTF_B,19,3.180,64.10,-21.42,17,1
P047,HRTF_B,19,3.194,64.90,-21.23,17,1
P047,HRTF_B,19,3.208,65.66,-21.06,17,1
P047,HRTF_B,19,3.222,66.39,-21.00,17,1
P047,HRTF_B,19,3.236,67.11,-20.96,17,1
P047,HRTF_B,19,3.250,67.78,-21.11,17,1
P047,HRTF_B,19,3.264,68.46,-21.27,17,1
P047,HRTF_B,19,3.277,69.08,-21.54,17,1
P047,HRTF_B,19,3.291,69.69,-21.95,17,1
P047,HRTF_B,19,3.306,70.30,-22.31,17,1
P047,HRTF_B,19,3.319,70.85,-22.72,17,1
P047,HRTF_B,19,3.333,71.38,-23.02,17,1
P047,HRTF_B,19,3.347,71.88,-23.32,17,1
P047,HRTF_B,19,3.361,72.35,-23.57,17,1
P047,HRTF_B,19,3.375,72.75,-23.82,17,1
P047,HRTF_B,19,3.389,73.09,-24.18,17,1
P047,HRTF_B,19,3.402,73.45,-24.62,17,1
P047,HRTF_B,19,3.416,73.78,-25.12,17,1
P047,HRTF_B,19,3.430,74.05,-25.61,17,1
P047,HRTF_B,19,3.444,74.24,-26.07,17,1
P047,HRTF_B,19,3.458,74.33,-26.48,17,1
P047,HRTF_B,19,3.472,74.38,-26.93,17,1
P047,HRTF_B,19,3.486,74.42,-27.50,17,1
P047,HRTF_B,19,3.500,74.40,-28.17,17,1
P047,HRTF_B,19,3.514,74.41,-28.80,17,1
P047,HRTF_B,19,3.528,74.36,-29.40,17,1
P047,HRTF_B,19,3.541,74.40,-29.94,17,1
P047,HRTF_B,19,3.555,74.45,-30.50,17,1
P047,HRTF_B,19,3.569,74.48,-31.11,17,1
P047,HRTF_B,19,3.583,74.57,-31.69,17,1
P047,HRTF_B,19,3.597,74.64,-32.14,17,1
P047,HRTF_B,19,3.611,74.73,-32.51,17,1
P047,HRTF_B,19,3.625,74.95,-32.78,17,1
P047,HRTF_B,19,3.639,75.22,-33.09,17,1
P047,HRTF_B,19,3.653,75.63,-33.42,17,1
P047,HRTF_B,19,3.667,76.06,-33.73,17,1
P047,HRTF_B,19,3.680,76.48,-34.01,17,1
P047,HRTF_B,19,3.694,77.02,-34.13,17,1
P047,HRTF_B,19,3.708,77.64,-34.23,17,1
P047,HRTF_B,19,3.722,78.33,-34.34,17,1
P047,HRTF_B,19,3.736,79.16,-34.35,17,1
P047,HRTF_B,19,3.750,80.06,-34.31,17,1
P047,HRTF_B,19,3.764,81.00,-34.15,17,1
P047,HRTF_B,19,3.778,82.16,-33.82,17,1
P047,HRTF_B,19,3.791,83.46,-33.22,17,1
P047,HRTF_B,19,3.805,84.86,-32.48,17,1
P047,HRTF_B,19,3.819,86.25,-31.71,17,1
P047,HRTF_B,19,3.833,87.72,-30.76,17,1
P047,HRTF_B,19,3.847,89.13,-29.79,17,1
P047,HRTF_B,19,3.861,90.52,-28.73,17,1
P047,HRTF_B,19,3.874,91.82,-27.63,17,1
P047,HRTF_B,19,3.888,93.06,-26.59,17,1
P047,HRTF_B,19,3.902,94.21,-25.45,17,1
P047,HRTF_B,19,3.916,95.28,-24.21,17,1
P047,HRTF_B,19,3.930,96.34,-22.99,17,1
P047,HRTF_B,19,3.944,97.39,-21.68,17,1
P047,HRTF_B,19,3.958,98.48,-20.40,17,1
P047,HRTF_B,19,3.972,99.57,-19.17,17,1
P047,HRTF_B,19,3.986,100.56,-17.96,17,1
P047,HRTF_B,19,4.000,101.58,-16.77,17,1
P047,HRTF_B,19,4.014,102.61,-15.61,17,1
P047,HRTF_B,19,4.027,103.77,-14.47,17,1
P047,HRTF_B,19,4.041,105.00,-13.32,17,1
P047,HRTF_B,19,4.055,106.26,-12.29,17,1
P047,HRTF_B,19,4.069,107.50,-11.32,17,1
P047,HRTF_B,19,4.083,108.79,-10.38,17,1
P047,HRTF_B,19,4.097,110.18,-9.55,17,1
P047,HRTF_B,19,4.111,111.64,-8.71,17,1
P047,HRTF_B,19,4.125,113.15,-7.94,17,1
P047,HRTF_B,19,4.138,114.54,-7.21,17,1
P047,HRTF_B,19,4.152,115.83,-6.47,17,1
P047,HRTF_B,19,4.166,116.98,-5.84,17,1
P047,HRTF_B,19,4.180,118.10,-5.26,17,1
P047,HRTF_B,19,4.194,119.12,-4.80,17,1
P047,HRTF_B,19,4.208,120.08,-4.34,17,1
P047,HRTF_B,19,4.222,120.95,-3.87,17,1
P047,HRTF_B,19,4.235,121.84,-3.38,17,1
P047,HRTF_B,19,4.249,122.66,-2.90,17,1
P047,HRTF_B,19,4.263,123.52,-2.47,17,1
P047,HRTF_B,19,4.277,124.38,-2.07,17,1
P047,HRTF_B,19,4.291,125.25,-1.71,17,1
P047,HRTF_B,19,4.305,126.09,-1.36,17,1
P047,HRTF_B,19,4.319,126.96,-1.07,17,1
P047,HRTF_B,19,4.333,127.74,-0.83,17,1
P047,HRTF_B,19,4.347,128.54,-0.66,17,1
P047,HRTF_B,19,4.361,129.33,-0.51,17,1
P047,HRTF_B,19,4.374,129.98,-0.38,17,1
P047,HRTF_B,19,4.388,130.46,-0.28,17,1
P047,HRTF_B,19,4.402,130.96,-0.18,17,1
P047,HRTF_B,19,4.416,131.35,-0.22,17,1
P047,HRTF_B,19,4.430,131.74,-0.23,17,1
P047,HRTF_B,19,4.444,132.05,-0.31,17,1
P047,HRTF_B,19,4.458,132.40,-0.44,17,1
P047,HRTF_B,19,4.472,132.68,-0.52,17,1
P047,HRTF_B,19,4.485,133.04,-0.62,17,1
P047,HRTF_B,19,4.499,133.33,-0.65,17,1
P047,HRTF_B,19,4.513,133.65,-0.70,17,1
P047,HRTF_B,19,4.527,133.96,-0.82,17,1
P047,HRTF_B,19,4.541,134.32,-0.93,17,1
P047,HRTF_B,19,4.555,134.65,-1.01,17,1
P047,HRTF_B,19,4.569,134.88,-1.09,17,1
P047,HRTF_B,19,4.583,135.06,-1.20,17,1
P047,HRTF_B,19,4.597,135.19,-1.30,17,1
P047,HRTF_B,19,4.610,135.26,-1.36,17,1
P047,HRTF_B,19,4.624,135.21,-1.43,17,1
P047,HRTF_B,19,4.638,135.10,-1.48,17,1
P047,HRTF_B,19,4.652,134.88,-1.55,17,1
P047,HRTF_B,19,4.666,134.62,-1.67,17,1
P047,HRTF_B,19,4.680,134.30,-1.76,17,1
P047,HRTF_B,19,4.694,133.92,-1.83,17,1
P047,HRTF_B,19,4.708,133.49,-1.90,17,1
P047,HRTF_B,19,4.722,132.96,-2.03,17,1
P047,HRTF_B,19,4.736,132.46,-2.19,17,1
P047,HRTF_B,19,4.749,131.89,-2.38,17,1
P047,HRTF_B,19,4.763,131.34,-2.56,17,1
P047,HRTF_B,19,4.777,130.72,-2.74,17,1
P047,HRTF_B,19,4.791,130.01,-2.91,17,1
P047,HRTF_B,19,4.805,129.14,-3.01,17,1
P047,HRTF_B,19,4.818,128.16,-3.17,17,1
P047,HRTF_B,19,4.832,127.06,-3.32,17,1
P047,HRTF_B,19,4.847,125.85,-3.43,17,1
P047,HRTF_B,19,4.860,124.49,-3.52,17,1
P047,HRTF_B,19,4.874,122.87,-3.63,17,1
P047,HRTF_B,19,4.888,121.22,-3.70,17,1
P047,HRTF_B,19,4.902,119.45,-3.90,17,1
P047,HRTF_B,19,4.916,117.68,-4.13,17,1
P047,HRTF_B,19,4.930,115.85,-4.32,17,1
P047,HRTF_B,19,4.944,113.99,-4.45,17,1
P047,HRTF_B,19,4.958,112.03,-4.47,17,1
P047,HRTF_B,19,4.971,110.02,-4.48,17,1
P047,HRTF_B,19,4.985,108.04,-4.53,17,1
P047,HRTF_B,19,4.999,106.00,-4.64,17,1
P047,HRTF_B,19,5.013,103.86,-4.72,17,1
P047,HRTF_B,19,5.027,101.66,-4.82,17,1
P047,HRTF_B,19,5.041,99.36,-4.82,17,1
P047,HRTF_B,19,5.055,96.93,-4.80,17,1
P047,HRTF_B,19,5.069,94.50,-4.77,17,1
P047,HRTF_B,19,5.082,92.01,-4.78,17,1
P047,HRTF_B,19,5.096,89.51,-4.84,17,1
P047,HRTF_B,19,5.110,86.95,-4.91,17,1
P047,HRTF_B,19,5.124,84.35,-4.95,17,1
P047,HRTF_B,19,5.138,81.71,-4.86,17,1
P047,HRTF_B,19,5.152,79.00,-4.84,17,1
P047,HRTF_B,19,5.166,76.34,-4.79,17,1
P047,HRTF_B,19,5.180,73.66,-4.82,17,1
P047,HRTF_B,19,5.194,70.90,-4.83,17,1
P047,HRTF_B,19,5.208,67.98,-4.84,17,1
P047,HRTF_B,19,5.221,65.02,-4.79,17,1
P047,HRTF_B,19,5.235,61.95,-4.69,17,1
P047,HRTF_B,19,5.249,58.79,-4.56,17,1
P047,HRTF_B,19,5.263,55.67,-4.47,17,1
P047,HRTF_B,19,5.277,52.28,-4.46,17,1
P047,HRTF_B,19,5.291,48.85,-4.53,17,1
P047,HRTF_B,19,5.305,45.30,-4.56,17,1
P047,HRTF_B,19,5.319,41.71,-4.58,17,1
P047,HRTF_B,19,5.333,38.01,-4.56,17,1
P047,HRTF_B,19,5.347,34.22,-4.55,17,1
P047,HRTF_B,19,5.360,30.22,-4.60,17,1
P047,HRTF_B,19,5.374,26.11,-4.64,17,1
P047,HRTF_B,19,5.388,22.04,-4.64,17,1
P047,HRTF_B,19,5.402,17.97,-4.59,17,1
P047,HRTF_B,19,5.416,13.92,-4.51,17,1
P047,HRTF_B,19,5.430,9.84,-4.40,17,1
P047,HRTF_B,19,5.443,5.77,-4.29,17,1
P047,HRTF_B,19,5.457,1.75,-4.22,17,1
P047,HRTF_B,19,5.471,-2.26,-4.16,17,1
P047,HRTF_B,19,5.485,-6.21,-4.07,17,1
P047,HRTF_B,19,5.499,-10.20,-3.99,17,1
P047,HRTF_B,19,5.513,-14.05,-3.92,17,1
P047,HRTF_B,19,5.527,-17.77,-3.82,17,1
P047,HRTF_B,19,5.541,-21.29,-3.65,17,1
P047,HRTF_B,19,5.555,-24.65,-3.50,17,1
P047,HRTF_B,19,5.569,-28.06,-3.37,17,1
P047,HRTF_B,19,5.582,-31.34,-3.23,17,1
P047,HRTF_B,19,5.596,-34.68,-3.03,17,1
P047,HRTF_B,19,5.610,-37.88,-2.90,17,1
P047,HRTF_B,19,5.624,-40.94,-2.80,17,1
P047,HRTF_B,19,5.638,-43.96,-2.67,17,1
P047,HRTF_B,19,5.652,-46.94,-2.58,17,1
P047,HRTF_B,19,5.666,-49.80,-2.49,17,1
P047,HRTF_B,19,5.680,-52.48,-2.40,17,1
P047,HRTF_B,19,5.694,-55.09,-2.27,17,1
P047,HRTF_B,19,5.708,-57.47,-2.16,17,1
P047,HRTF_B,19,5.722,-59.82,-1.98,17,1
P047,HRTF_B,19,5.735,-62.15,-1.87,17,1
P047,HRTF_B,19,5.749,-64.30,-1.74,17,1
P047,HRTF_B,19,5.763,-66.38,-1.60,17,1
P047,HRTF_B,19,5.777,-68.35,-1.46,17,1
P047,HRTF_B,19,5.791,-70.38,-1.24,17,1
P047,HRTF_B,19,5.805,-72.32,-1.10,17,1
P047,HRTF_B,19,5.819,-74.17,-1.02,17,1
P047,HRTF_B,19,5.832,-75.94,-0.91,17,1
P047,HRTF_B,19,5.846,-77.61,-0.87,17,1
P047,HRTF_B,19,5.860,-79.17,-0.80,17,1
P047,HRTF_B,19,5.874,-80.68,-0.74,17,1
P047,HRTF_B,19,5.888,-82.11,-0.70,17,1
P047,HRTF_B,19,5.902,-83.42,-0.66,17,1
P047,HRTF_B,19,5.916,-84.64,-0.64,17,1
P047,HRTF_B,19,5.930,-85.78,-0.68,17,1
P047,HRTF_B,19,5.944,-86.85,-0.64,17,1
P047,HRTF_B,19,5.957,-87.89,-0.63,17,1
P047,HRTF_B,19,5.971,-88.83,-0.65,17,1
P047,HRTF_B,19,5.985,-89.69,-0.63,17,1
P047,HRTF_B,19,6.000,-90.59,-0.63,17,1
P047,HRTF_B,19,6.013,-91.47,-0.63,17,1
P047,HRTF_B,19,6.027,-92.35,-0.59,17,1
P047,HRTF_B,19,6.041,-93.25,-0.53,17,1
P047,HRTF_B,19,6.055,-94.15,-0.42,17,1
P047,HRTF_B,19,6.068,-95.06,-0.41,17,1
P047,HRTF_B,19,6.082,-95.98,-0.41,17,1
P047,HRTF_B,19,6.096,-96.94,-0.44,17,1
P047,HRTF_B,19,6.110,-98.00,-0.49,17,1
P047,HRTF_B,19,6.124,-99.08,-0.52,17,1
P047,HRTF_B,19,6.138,-100.32,-0.50,17,1
P047,HRTF_B,19,6.152,-101.63,-0.57,17,1
P047,HRTF_B,19,6.166,-103.01,-0.55,17,1
P047,HRTF_B,19,6.180,-104.50,-0.55,17,1
P047,HRTF_B,19,6.194,-106.06,-0.50,17,1
P047,HRTF_B,19,6.208,-107.57,-0.41,17,1
P047,HRTF_B,19,6.221,-109.07,-0.23,17,1
P047,HRTF_B,19,6.235,-110.54,0.02,17,1
P047,HRTF_B,19,6.249,-112.00,0.22,17,1
P047,HRTF_B,19,6.263,-113.41,0.47,17,1
P047,HRTF_B,19,6.277,-114.82,0.71,17,1
P047,HRTF_B,19,6.291,-116.22,0.96,17,1
P047,HRTF_B,19,6.305,-117.57,1.21,17,1
P047,HRTF_B,19,6.319,-118.87,1.48,17,1
P047,HRTF_B,19,6.333,-120.05,1.77,17,1
P047,HRTF_B,19,6.346,-121.18,2.01,17,1
P047,HRTF_B,19,6.361,-122.38,2.25,17,1
P047,HRTF_B,19,6.374,-123.64,2.49,17,1
P047,HRTF_B,19,6.388,-124.95,2.71,17,1
P047,HRTF_B,19,6.402,-126.25,2.90,17,1
P047,HRTF_B,19,6.416,-127.47,3.08,17,1
P047,HRTF_B,19,6.430,-128.74,3.16,17,1
P047,HRTF_B,19,6.444,-130.06,3.19,17,1
P047,HRTF_B,19,6.457,-131.37,3.15,17,1
P047,HRTF_B,19,6.471,-132.72,3.17,17,1
P047,HRTF_B,19,6.486,-134.01,3.15,17,1
P047,HRTF_B,19,6.499,-135.20,3.16,17,1
P047,HRTF_B,19,6.513,-136.41,3.16,17,1
P047,HRTF_B,19,6.527,-137.61,3.12,17,1
P047,HRTF_B,19,6.541,-138.83,3.02,17,1
P047,HRTF_B,19,6.555,-140.02,2.93,17,1
P047,HRTF_B,19,6.569,-141.13,2.87,17,1
P047,HRTF_B,19,6.583,-142.30,2.78,17,1
P047,HRTF_B,19,6.596,-143.50,2.61,17,1
P047,HRTF_B,19,6.610,-144.71,2.36,17,1
P047,HRTF_B,19,6.624,-145.78,2.19,17,1
P047,HRTF_B,19,6.638,-146.72,2.02,17,1
P047,HRTF_B,19,6.652,-147.47,1.82,17,1
P047,HRTF_B,19,6.666,-148.16,1.55,17,1
P047,HRTF_B,19,6.680,-148.88,1.21,17,1
P047,HRTF_B,19,6.694,-149.64,0.72,17,1
P047,HRTF_B,19,6.708,-150.34,0.22,17,1
P047,HRTF_B,19,6.721,-150.89,-0.19,17,1
P047,HRTF_B,19,6.735,-151.40,-0.60,17,1
P047,HRTF_B,19,6.749,-151.90,-1.11,17,1
P047,HRTF_B,19,6.763,-152.43,-1.64,17,1
P047,HRTF_B,19,6.777,-152.88,-2.14,17,1
P047,HRTF_B,19,6.791,-153.25,-2.56,17,1
P047,HRTF_B,19,6.805,-153.57,-2.92,17,1
P047,HRTF_B,19,6.819,-153.96,-3.20,17,1
P047,HRTF_B,19,6.832,-154.38,-3.36,17,1
P047,HRTF_B,19,6.846,-154.82,-3.41,17,1
P047,HRTF_B,19,6.860,-155.19,-3.23,17,1
P047,HRTF_B,19,6.874,-155.58,-3.03,17,1
P047,HRTF_B,19,6.888,-155.95,-2.79,17,1
P047,HRTF_B,19,6.902,-156.28,-2.55,17,1
P047,HRTF_B,19,6.916,-156.48,-2.29,17,1
P047,HRTF_B,19,6.930,-156.68,-2.06,17,1
P047,HRTF_B,19,6.944,-156.69,-1.87,17,1
P047,HRTF_B,19,6.957,-156.73,-1.79,17,1
P047,HRTF_B,19,6.971,-156.87,-1.81,17,1
P047,HRTF_B,19,6.985,-157.05,-1.83,17,1
P047,HRTF_B,19,6.999,-157.17,-1.77,17,1
P047,HRTF_B,19,7.013,-157.21,-1.65,17,1
P047,HRTF_B,19,7.027,-157.26,-1.50,17,1
P047,HRTF_B,19,7.041,-157.34,-1.36,17,1
P047,HRTF_B,19,7.055,-157.43,-1.26,17,1
P047,HRTF_B,19,7.068,-157.44,-1.19,17,1
P047,HRTF_B,19,7.082,-157.38,-1.13,17,1
P047,HRTF_B,19,7.096,-157.39,-1.08,17,1
P047,HRTF_B,19,7.110,-157.43,-1.03,17,1
P047,HRTF_B,19,7.124,-157.50,-0.98,17,1
P047,HRTF_B,19,7.138,-157.52,-0.89,17,1
P047,HRTF_B,19,7.152,-157.55,-0.84,17,1
P047,HRTF_B,19,7.166,-157.59,-0.76,17,1
P047,HRTF_B,19,7.180,-157.66,-0.65,17,1
P047,HRTF_B,20,0.014,0.29,0.95,17,0
P047,HRTF_B,20,0.028,0.52,1.00,17,0
P047,HRTF_B,20,0.042,0.75,1.07,17,0
P047,HRTF_B,20,0.056,0.97,1.09,17,0
P047,HRTF_B,20,0.070,1.17,1.09,17,0
P047,HRTF_B,20,0.083,1.35,1.09,17,0
P047,HRTF_B,20,0.097,1.51,1.10,17,0
P047,HRTF_B,20,0.111,1.66,1.11,17,0
P047,HRTF_B,20,0.125,1.78,1.12,17,0
P047,HRTF_B,20,0.139,1.88,1.14,17,0
P047,HRTF_B,20,0.153,1.96,1.14,17,0
P047,HRTF_B,20,0.167,2.04,1.11,17,0
P047,HRTF_B,20,0.181,2.09,1.08,17,0
P047,HRTF_B,20,0.194,2.12,1.02,17,0
P047,HRTF_B,20,0.209,2.13,0.96,17,0
P047,HRTF_B,20,0.222,2.12,0.89,17,0
P047,HRTF_B,20,0.236,2.09,0.81,17,0
P047,HRTF_B,20,0.250,2.06,0.75,17,0
P047,HRTF_B,20,0.264,1.98,0.69,17,0
P047,HRTF_B,20,0.278,1.89,0.65,17,0
P047,HRTF_B,20,0.292,1.78,0.64,17,0
P047,HRTF_B,20,0.305,1.66,0.61,17,0
P047,HRTF_B,20,0.320,1.53,0.60,17,0
P047,HRTF_B,20,0.333,1.38,0.58,17,0
P047,HRTF_B,20,0.347,1.22,0.58,17,0
P047,HRTF_B,20,0.361,1.06,0.58,17,0
P047,HRTF_B,20,0.375,0.89,0.60,17,0
P047,HRTF_B,20,0.389,0.73,0.63,17,0
P047,HRTF_B,20,0.403,0.57,0.68,17,0
P047,HRTF_B,20,0.417,0.41,0.73,17,0
P047,HRTF_B,20,0.431,0.26,0.78,17,0
P047,HRTF_B,20,0.444,0.07,0.81,17,0
P047,HRTF_B,20,0.458,-0.08,0.84,17,0
P047,HRTF_B,20,0.472,-0.25,0.86,17,0
P047,HRTF_B,20,0.486,-0.43,0.91,17,0
P047,HRTF_B,20,0.500,-0.62,0.93,17,0
P047,HRTF_B,20,0.514,-0.81,0.93,17,0
P047,HRTF_B,20,0.528,-1.02,0.91,17,0
P047,HRTF_B,20,0.542,-1.22,0.87,17,0
P047,HRTF_B,20,0.555,-1.44,0.81,17,0
P047,HRTF_B,20,0.569,-1.65,0.77,17,0
P047,HRTF_B,20,0.583,-1.85,0.74,17,0
P047,HRTF_B,20,0.597,-2.07,0.69,17,0
P047,HRTF_B,20,0.611,-2.28,0.65,17,0
P047,HRTF_B,20,0.625,-2.50,0.60,17,0
P047,HRTF_B,20,0.639,-2.75,0.55,17,0
P047,HRTF_B,20,0.653,-2.98,0.51,17,0
P047,HRTF_B,20,0.667,-3.25,0.48,17,0
P047,HRTF_B,20,0.681,-3.52,0.45,17,0
P047,HRTF_B,20,0.694,-3.79,0.41,17,0
P047,HRTF_B,20,0.708,-4.10,0.38,17,0
P047,HRTF_B,20,0.723,-4.39,0.36,17,0
P047,HRTF_B,20,0.736,-4.70,0.36,17,0
P047,HRTF_B,20,0.750,-5.03,0.34,17,0
P047,HRTF_B,20,0.764,-5.36,0.34,17,0
P047,HRTF_B,20,0.778,-5.71,0.31,17,0
P047,HRTF_B,20,0.792,-6.07,0.27,17,0
P047,HRTF_B,20,0.806,-6.46,0.21,17,0
P047,HRTF_B,20,0.819,-6.88,0.15,17,0
P047,HRTF_B,20,0.833,-7.28,0.13,17,0
P047,HRTF_B,20,0.847,-7.70,0.10,17,0
P047,HRTF_B,20,0.861,-8.16,0.08,17,0
P047,HRTF_B,20,0.875,-8.63,0.06,17,0
P047,HRTF_B,20,0.889,-9.15,0.00,17,0
P047,HRTF_B,20,0.903,-9.73,-0.04,17,0
P047,HRTF_B,20,0.917,-10.29,-0.04,17,0
P047,HRTF_B,20,0.931,-10.93,-0.08,17,0
P047,HRTF_B,20,0.944,-11.58,-0.08,17,0
P047,HRTF_B,20,0.958,-12.20,-0.10,17,0
P047,HRTF_B,20,0.972,-12.86,-0.12,17,0
P047,HRTF_B,20,0.986,-13.55,-0.12,17,0
P047,HRTF_B,20,1.000,-14.23,-0.14,17,0
P047,HRTF_B,20,1.014,-14.92,-0.17,17,0
P047,HRTF_B,20,1.028,-15.63,-0.20,17,0
P047,HRTF_B,20,1.042,-16.37,-0.25,17,0
P047,HRTF_B,20,1.056,-17.06,-0.31,17,0
P047,HRTF_B,20,1.069,-17.74,-0.34,17,0
P047,HRTF_B,20,1.083,-18.47,-0.36,17,0
P047,HRTF_B,20,1.097,-19.21,-0.35,17,0
P047,HRTF_B,20,1.111,-19.94,-0.32,17,0
P047,HRTF_B,20,1.125,-20.73,-0.33,17,0
P047,HRTF_B,20,1.139,-21.59,-0.32,17,0
P047,HRTF_B,20,1.153,-22.41,-0.30,17,0
P047,HRTF_B,20,1.167,-23.30,-0.26,17,0
P047,HRTF_B,20,1.181,-24.16,-0.33,17,0
P047,HRTF_B,20,1.195,-25.04,-0.32,17,0
P047,HRTF_B,20,1.208,-25.92,-0.36,17,0
P047,HRTF_B,20,1.222,-26.79,-0.40,17,0
P047,HRTF_B,20,1.236,-27.70,-0.44,17,0
P047,HRTF_B,20,1.250,-28.60,-0.52,17,0
P047,HRTF_B,20,1.264,-29.49,-0.60,17,0
P047,HRTF_B,20,1.278,-30.39,-0.73,17,0
P047,HRTF_B,20,1.292,-31.29,-0.83,17,0
P047,HRTF_B,20,1.306,-32.17,-0.93,17,0
P047,HRTF_B,20,1.320,-33.11,-1.01,17,0
P047,HRTF_B,20,1.333,-34.03,-1.05,17,0
P047,HRTF_B,20,1.348,-34.94,-1.11,17,0
P047,HRTF_B,20,1.361,-35.87,-1.12,17,0
P047,HRTF_B,20,1.375,-36.80,-1.15,17,0
P047,HRTF_B,20,1.389,-37.75,-1.18,17,0
P047,HRTF_B,20,1.403,-38.65,-1.24,17,0
P047,HRTF_B,20,1.417,-39.58,-1.25,17,0
P047,HRTF_B,20,1.431,-40.52,-1.27,17,0
P047,HRTF_B,20,1.445,-41.47,-1.29,17,0
P047,HRTF_B,20,1.459,-42.40,-1.29,17,0
P047,HRTF_B,20,1.472,-43.35,-1.29,17,0
P047,HRTF_B,20,1.486,-44.30,-1.29,17,0
P047,HRTF_B,20,1.500,-45.26,-1.35,17,0
P047,HRTF_B,20,1.514,-46.17,-1.33,17,0
P047,HRTF_B,20,1.528,-47.10,-1.39,17,0
P047,HRTF_B,20,1.542,-48.04,-1.39,17,0
P047,HRTF_B,20,1.557,-49.00,-1.37,17,0
P047,HRTF_B,20,1.571,-49.95,-1.38,17,0
P047,HRTF_B,20,1.585,-50.92,-1.31,17,0
P047,HRTF_B,20,1.598,-51.89,-1.30,17,0
P047,HRTF_B,20,1.612,-52.84,-1.27,17,0
P047,HRTF_B,20,1.626,-53.83,-1.26,17,0
P047,HRTF_B,20,1.640,-54.83,-1.23,17,0
P047,HRTF_B,20,1.653,-55.84,-1.21,17,0
P047,HRTF_B,20,1.667,-56.84,-1.19,17,0
P047,HRTF_B,20,1.681,-57.84,-1.16,17,0
P047,HRTF_B,20,1.695,-58.86,-1.14,17,0
P047,HRTF_B,20,1.708,-59.85,-1.12,17,0
P047,HRTF_B,20,1.723,-60.84,-1.12,17,0
P047,HRTF_B,20,1.736,-61.79,-1.11,17,0
P047,HRTF_B,20,1.750,-62.64,-1.12,17,0
P047,HRTF_B,20,1.764,-63.54,-1.12,17,0
P047,HRTF_B,20,1.778,-64.24,-1.14,17,0
P047,HRTF_B,20,1.792,-65.02,-1.16,17,0
P047,HRTF_B,20,1.806,-65.67,-1.13,17,0
P047,HRTF_B,20,1.819,-66.34,-1.12,17,0
P047,HRTF_B,20,1.833,-66.92,-1.11,17,0
P047,HRTF_B,20,1.847,-67.42,-1.07,17,0
P047,HRTF_B,20,1.861,-67.80,-1.07,17,0
P047,HRTF_B,20,1.875,-68.06,-1.12,17,0
P047,HRTF_B,20,1.889,-68.27,-1.23,17,0
P047,HRTF_B,20,1.903,-68.40,-1.31,17,0
P047,HRTF_B,20,1.917,-68.45,-1.39,17,0
P047,HRTF_B,20,1.931,-68.51,-1.45,17,0
P047,HRTF_B,20,1.945,-68.46,-1.49,17,0
P047,HRTF_B,20,1.958,-68.35,-1.50,17,0
P047,HRTF_B,20,1.972,-68.12,-1.51,17,0
P047,HRTF_B,20,1.986,-67.87,-1.54,17,0
P047,HRTF_B,20,2.000,-67.58,-1.56,17,0
P047,HRTF_B,20,2.014,-67.18,-1.55,17,0
P047,HRTF_B,20,2.028,-66.70,-1.50,17,0
P047,HRTF_B,20,2.042,-66.22,-1.39,17,0
P047,HRTF_B,20,2.056,-65.62,-1.24,17,0
P047,HRTF_B,20,2.069,-65.00,-1.05,17,0
P047,HRTF_B,20,2.084,-64.29,-0.81,17,0
P047,HRTF_B,20,2.097,-63.57,-0.53,17,0
P047,HRTF_B,20,2.111,-62.82,-0.21,17,0
P047,HRTF_B,20,2.125,-61.98,0.10,17,0
P047,HRTF_B,20,2.139,-61.09,0.46,17,0
P047,HRTF_B,20,2.153,-60.16,0.78,17,0
P047,HRTF_B,20,2.167,-59.19,1.04,17,0
P047,HRTF_B,20,2.181,-58.17,1.29,17,0
P047,HRTF_B,20,2.195,-57.07,1.47,17,0
P047,HRTF_B,20,2.208,-55.98,1.63,17,0
P047,HRTF_B,20,2.222,-54.80,1.77,17,0
P047,HRTF_B,20,2.236,-53.52,1.87,17,0
P047,HRTF_B,20,2.250,-52.19,1.95,17,0
P047,HRTF_B,20,2.264,-50.78,2.03,17,0
P047,HRTF_B,20,2.278,-49.40,2.03,17,0
P047,HRTF_B,20,2.292,-47.90,2.00,17,0
P047,HRTF_B,20,2.306,-46.31,1.96,17,0
P047,HRTF_B,20,2.319,-44.66,1.92,17,0
P047,HRTF_B,20,2.334,-42.98,1.87,17,0
P047,HRTF_B,20,2.347,-41.27,1.81,17,0
P047,HRTF_B,20,2.361,-39.50,1.78,17,0
P047,HRTF_B,20,2.375,-37.70,1.76,17,0
P047,HRTF_B,20,2.389,-35.87,1.70,17,0
P047,HRTF_B,20,2.403,-33.97,1.64,17,0
P047,HRTF_B,20,2.417,-32.08,1.64,17,0
P047,HRTF_B,20,2.431,-30.08,1.60,17,0
P047,HRTF_B,20,2.445,-28.12,1.59,17,0
P047,HRTF_B,20,2.459,-26.11,1.59,17,0
P047,HRTF_B,20,2.472,-24.06,1.65,17,0
P047,HRTF_B,20,2.486,-21.97,1.73,17,0
P047,HRTF_B,20,2.500,-19.89,1.83,17,0
P047,HRTF_B,20,2.514,-17.76,1.90,17,0
P047,HRTF_B,20,2.528,-15.61,1.98,17,0
P047,HRTF_B,20,2.542,-13.41,2.09,17,0
P047,HRTF_B,20,2.556,-11.20,2.16,17,0
P047,HRTF_B,20,2.570,-9.03,2.32,17,0
P047,HRTF_B,20,2.583,-6.84,2.47,17,0
P047,HRTF_B,20,2.597,-4.56,2.58,17,0
P047,HRTF_B,20,2.611,-2.28,2.69,17,0
P047,HRTF_B,20,2.625,0.05,2.74,17,0
P047,HRTF_B,20,2.639,2.43,2.75,17,0
P047,HRTF_B,20,2.653,4.75,2.79,17,0
P047,HRTF_B,20,2.667,7.11,2.77,17,0
P047,HRTF_B,20,2.681,9.43,2.81,17,0
P047,HRTF_B,20,2.695,11.85,2.81,17,0
P047,HRTF_B,20,2.709,14.39,2.69,17,0
P047,HRTF_B,20,2.722,17.00,2.58,17,0
P047,HRTF_B,20,2.736,19.51,2.47,17,0
P047,HRTF_B,20,2.750,21.98,2.30,17,0
P047,HRTF_B,20,2.764,24.38,2.19,17,0
P047,HRTF_B,20,2.778,26.77,2.09,17,0
P047,HRTF_B,20,2.792,29.18,1.97,17,0
P047,HRTF_B,20,2.806,31.67,1.78,17,0
P047,HRTF_B,20,2.820,34.13,1.62,17,0
P047,HRTF_B,20,2.834,36.52,1.47,17,0
P047,HRTF_B,20,2.848,38.82,1.37,17,0
P047,HRTF_B,20,2.862,41.06,1.29,17,0
P047,HRTF_B,20,2.876,43.27,1.21,17,0
P047,HRTF_B,20,2.889,45.41,1.22,17,0
P047,HRTF_B,20,2.903,47.56,1.20,17,0
P047,HRTF_B,20,2.917,49.60,1.25,17,0
P047,HRTF_B,20,2.931,51.56,1.27,17,0
P047,HRTF_B,20,2.945,53.54,1.34,17,0
P047,HRTF_B,20,2.959,55.40,1.39,17,0
P047,HRTF_B,20,2.973,57.20,1.53,17,0
P047,HRTF_B,20,2.986,59.02,1.61,17,0
P047,HRTF_B,20,3.001,60.82,1.73,17,0
P047,HRTF_B,20,3.014,62.59,1.85,17,0
P047,HRTF_B,20,3.028,64.33,1.96,17,0
P047,HRTF_B,20,3.042,65.98,2.07,17,0
P047,HRTF_B,20,3.056,67.65,2.16,17,0
P047,HRTF_B,20,3.070,69.20,2.26,17,0
P047,HRTF_B,20,3.084,70.74,2.35,17,0
P047,HRTF_B,20,3.098,72.26,2.44,17,0
P047,HRTF_B,20,3.112,73.72,2.43,17,0
P047,HRTF_B,20,3.125,75.20,2.42,17,0
P047,HRTF_B,20,3.139,76.58,2.46,17,0
P047,HRTF_B,20,3.153,77.93,2.52,17,0
P047,HRTF_B,20,3.167,79.20,2.61,17,0
P047,HRTF_B,20,3.181,80.43,2.69,17,0
P047,HRTF_B,20,3.195,81.64,2.70,17,0
P047,HRTF_B,20,3.209,82.81,2.71,17,0
P047,HRTF_B,20,3.223,83.97,2.67,17,0
P047,HRTF_B,20,3.237,85.11,2.67,17,0
P047,HRTF_B,20,3.250,86.22,2.73,17,0
P047,HRTF_B,20,3.264,87.30,2.76,17,0
P047,HRTF_B,20,3.278,88.40,2.78,17,0
P047,HRTF_B,20,3.292,89.42,2.81,17,0
P047,HRTF_B,20,3.306,90.46,2.83,17,0
P047,HRTF_B,20,3.320,91.53,2.79,17,0
P047,HRTF_B,20,3.334,92.62,2.76,17,0
P047,HRTF_B,20,3.348,93.68,2.72,17,0
P047,HRTF_B,20,3.362,94.78,2.71,17,0
P047,HRTF_B,20,3.375,95.86,2.77,17,0
P047,HRTF_B,20,3.389,96.96,2.83,17,0
P047,HRTF_B,20,3.403,98.03,2.91,17,0
P047,HRTF_B,20,3.417,99.14,2.96,17,0
P047,HRTF_B,20,3.431,100.22,3.00,17,0
P047,HRTF_B,20,3.445,101.32,3.10,17,0
P047,HRTF_B,20,3.459,102.41,3.17,17,0
P047,HRTF_B,20,3.473,103.46,3.23,17,0
P047,HRTF_B,20,3.487,104.54,3.23,17,0
P047,HRTF_B,20,3.501,105.56,3.19,17,0
P047,HRTF_B,20,3.514,106.54,3.05,17,0
P047,HRTF_B,20,3.528,107.51,2.97,17,0
P047,HRTF_B,20,3.542,108.41,2.94,17,0
P047,HRTF_B,20,3.556,109.35,2.93,17,0
P047,HRTF_B,20,3.570,110.26,2.90,17,0
P047,HRTF_B,20,3.584,111.11,2.83,17,0
P047,HRTF_B,20,3.598,111.96,2.75,17,0
P047,HRTF_B,20,3.612,112.77,2.67,17,0
P047,HRTF_B,20,3.626,113.55,2.62,17,0
P047,HRTF_B,20,3.639,114.32,2.58,17,0
P047,HRTF_B,20,3.653,115.09,2.50,17,0
P047,HRTF_B,20,3.667,115.83,2.42,17,0
P047,HRTF_B,20,3.681,116.59,2.35,17,0
P047,HRTF_B,20,3.695,117.35,2.26,17,0
P047,HRTF_B,20,3.709,118.11,2.21,17,0
P047,HRTF_B,20,3.723,118.87,2.17,17,0
P047,HRTF_B,20,3.737,119.67,2.19,17,0
P047,HRTF_B,20,3.751,120.47,2.17,17,0
P047,HRTF_B,20,3.764,121.29,2.12,17,0
P047,HRTF_B,20,3.778,122.19,2.03,17,0
P047,HRTF_B,20,3.792,123.06,1.95,17,0
P047,HRTF_B,20,3.806,123.95,1.88,17,0
P047,HRTF_B,20,3.820,124.80,1.77,17,0
P047,HRTF_B,20,3.834,125.64,1.68,17,0
P047,HRTF_B,20,3.848,126.44,1.60,17,0
P047,HRTF_B,20,3.862,127.25,1.49,17,0
P047,HRTF_B,20,3.876,128.08,1.38,17,0
P047,HRTF_B,20,3.890,128.89,1.30,17,0
P047,HRTF_B,20,3.903,129.66,1.25,17,0
P047,HRTF_B,20,3.917,130.41,1.26,17,0
P047,HRTF_B,20,3.931,131.18,1.26,17,0
P047,HRTF_B,20,3.945,132.01,1.33,17,0
P047,HRTF_B,20,3.959,132.80,1.40,17,0
P047,HRTF_B,20,3.973,133.63,1.55,17,0
P047,HRTF_B,20,3.987,134.51,1.63,17,0
P047,HRTF_B,20,4.001,135.47,1.59,17,0
P047,HRTF_B,20,4.015,136.47,1.60,17,0
P047,HRTF_B,20,4.028,137.59,1.48,17,0
P047,HRTF_B,20,4.042,138.71,1.38,17,0
P047,HRTF_B,20,4.056,139.87,1.27,17,0
P047,HRTF_B,20,4.070,141.10,1.19,17,0
P047,HRTF_B,20,4.084,142.37,1.16,17,0
P047,HRTF_B,20,4.098,143.66,1.09,17,0
P047,HRTF_B,20,4.112,145.00,1.05,17,0
P047,HRTF_B,20,4.126,146.27,1.02,17,0
P047,HRTF_B,20,4.140,147.48,1.00,17,0
P047,HRTF_B,20,4.153,148.70,0.94,17,0
P047,HRTF_B,20,4.167,149.91,0.88,17,0
P047,HRTF_B,20,4.182,151.14,0.77,17,0
P047,HRTF_B,20,4.195,152.27,0.56,17,0
P047,HRTF_B,20,4.209,153.40,0.34,17,0
P047,HRTF_B,20,4.223,154.57,0.15,17,0
P047,HRTF_B,20,4.237,155.80,-0.04,17,0
P047,HRTF_B,20,4.251,157.05,-0.20,17,0
P047,HRTF_B,20,4.264,158.24,-0.30,17,0
P047,HRTF_B,20,4.278,159.40,-0.36,17,0
P047,HRTF_B,20,4.292,160.55,-0.37,17,0
P047,HRTF_B,20,4.306,161.68,-0.33,17,0
P047,HRTF_B,20,4.320,162.76,-0.30,17,0
P047,HRTF_B,20,4.334,163.73,-0.20,17,0
P047,HRTF_B,20,4.348,164.59,-0.10,17,0
P047,HRTF_B,20,4.362,165.26,-0.04,17,0
P047,HRTF_B,20,4.375,165.81,-0.02,17,0
P047,HRTF_B,20,4.389,166.29,-0.01,17,0
P047,HRTF_B,20,4.403,166.70,0.03,17,0
P047,HRTF_B,20,4.417,166.87,0.08,17,0
P047,HRTF_B,20,4.431,167.09,0.11,17,0
P047,HRTF_B,20,4.445,167.27,0.15,17,0
P047,HRTF_B,20,4.459,167.50,0.18,17,0
P047,HRTF_B,20,4.473,167.75,0.23,17,0
P047,HRTF_B,20,4.487,168.04,0.31,17,0
P047,HRTF_B,20,4.500,168.27,0.45,17,0
P047,HRTF_B,20,4.515,168.52,0.55,17,0
P047,HRTF_B,20,4.528,168.72,0.58,17,0
P047,HRTF_B,20,4.542,168.92,0.61,17,0
P047,HRTF_B,20,4.556,169.08,0.62,17,0
P047,HRTF_B,20,4.570,169.22,0.60,17,0
P047,HRTF_B,20,4.584,169.28,0.57,17,0
P047,HRTF_B,20,4.598,169.29,0.50,17,0
P047,HRTF_B,20,4.612,169.30,0.36,17,0
P047,HRTF_B,20,4.626,169.27,0.19,17,0
P047,HRTF_B,20,4.639,169.23,-0.02,17,0
P047,HRTF_B,20,4.653,169.11,-0.31,17,0
P047,HRTF_B,20,4.667,168.98,-0.57,17,0
P047,HRTF_B,20,4.681,168.79,-0.86,17,0
P047,HRTF_B,20,4.695,168.64,-1.08,17,0
P047,HRTF_B,20,4.709,168.48,-1.25,17,0
P047,HRTF_B,20,4.723,168.36,-1.36,17,0
P047,HRTF_B,20,4.737,168.23,-1.48,17,0
P047,HRTF_B,20,4.751,168.12,-1.56,17,0
P047,HRTF_B,20,4.764,167.98,-1.64,17,0
P047,HRTF_B,20,4.778,167.80,-1.72,17,0
P047,HRTF_B,20,4.792,167.62,-1.79,17,0
P047,HRTF_B,20,4.806,167.39,-1.87,17,0
P047,HRTF_B,20,4.820,167.16,-1.95,17,0
P047,HRTF_B,20,4.834,166.88,-2.00,17,0
P047,HRTF_B,20,4.848,166.59,-2.02,17,0
P047,HRTF_B,20,4.862,166.27,-2.04,17,0
P047,HRTF_B,20,4.875,166.00,-2.04,17,0
P047,HRTF_B,20,4.889,165.71,-2.00,17,0
P047,HRTF_B,20,4.903,165.40,-1.96,17,0
P047,HRTF_B,20,4.917,165.11,-1.84,17,0
P047,HRTF_B,20,4.931,164.79,-1.75,17,0
P047,HRTF_B,20,4.945,164.48,-1.64,17,0
P047,HRTF_B,20,4.959,164.16,-1.58,17,0
P047,HRTF_B,20,4.973,163.82,-1.53,17,0
P047,HRTF_B,20,4.987,163.51,-1.51,17,0
P047,HRTF_B,20,5.001,163.16,-1.50,17,0
P047,HRTF_B,20,5.014,162.77,-1.47,17,0
P047,HRTF_B,20,5.028,162.39,-1.48,17,0
P047,HRTF_B,20,5.042,161.98,-1.44,17,0
P047,HRTF_B,20,5.056,161.58,-1.40,17,0
P047,HRTF_B,20,5.070,161.15,-1.37,17,0
P047,HRTF_B,20,5.084,160.73,-1.36,17,0
P047,HRTF_B,20,5.098,160.25,-1.40,17,0
P047,HRTF_B,20,5.111,159.79,-1.37,17,0
P047,HRTF_B,20,5.125,159.31,-1.32,17,0
P047,HRTF_B,20,5.139,158.77,-1.24,17,0
P047,HRTF_B,20,5.153,158.29,-1.19,17,0
P047,HRTF_B,20,5.167,157.83,-1.13,17,0
P047,HRTF_B,20,5.181,157.37,-1.08,17,0
P047,HRTF_B,21,0.014,-3.79,1.63,22,1
P047,HRTF_B,21,0.028,-3.99,1.54,22,1
P047,HRTF_B,21,0.042,-4.17,1.44,22,1
P047,HRTF_B,21,0.055,-4.32,1.34,22,1
P047,HRTF_B,21,0.069,-4.48,1.27,22,1
P047,HRTF_B,21,0.083,-4.60,1.22,22,1
P047,HRTF_B,21,0.097,-4.71,1.20,22,1
P047,HRTF_B,21,0.111,-4.80,1.18,22,1
P047,HRTF_B,21,0.125,-4.89,1.16,22,1
P047,HRTF_B,21,0.139,-4.97,1.15,22,1
P047,HRTF_B,21,0.154,-5.04,1.13,22,1
P047,HRTF_B,21,0.167,-5.12,1.10,22,1
P047,HRTF_B,21,0.181,-5.18,1.07,22,1
P047,HRTF_B,21,0.195,-5.24,1.05,22,1
P047,HRTF_B,21,0.208,-5.30,1.02,22,1
P047,HRTF_B,21,0.222,-5.31,0.97,22,1
P047,HRTF_B,21,0.236,-5.32,0.93,22,1
P047,HRTF_B,21,0.250,-5.31,0.88,22,1
P047,HRTF_B,21,0.264,-5.27,0.82,22,1
P047,HRTF_B,21,0.278,-5.21,0.73,22,1
P047,HRTF_B,21,0.292,-5.14,0.68,22,1
P047,HRTF_B,21,0.306,-5.02,0.59,22,1
P047,HRTF_B,21,0.320,-4.87,0.53,22,1
P047,HRTF_B,21,0.333,-4.66,0.43,22,1
P047,HRTF_B,21,0.347,-4.45,0.32,22,1
P047,HRTF_B,21,0.361,-4.17,0.21,22,1
P047,HRTF_B,21,0.375,-3.89,0.13,22,1
P047,HRTF_B,21,0.389,-3.59,0.04,22,1
P047,HRTF_B,21,0.403,-3.26,-0.02,22,1
P047,HRTF_B,21,0.417,-2.93,-0.12,22,1
P047,HRTF_B,21,0.431,-2.54,-0.21,22,1
P047,HRTF_B,21,0.444,-2.16,-0.29,22,1
P047,HRTF_B,21,0.458,-1.77,-0.36,22,1
P047,HRTF_B,21,0.472,-1.35,-0.41,22,1
P047,HRTF_B,21,0.486,-0.92,-0.47,22,1
P047,HRTF_B,21,0.500,-0.51,-0.56,22,1
P047,HRTF_B,21,0.514,-0.06,-0.60,22,1
P047,HRTF_B,21,0.528,0.38,-0.70,22,1
P047,HRTF_B,21,0.542,0.81,-0.75,22,1
P047,HRTF_B,21,0.556,1.24,-0.81,22,1
P047,HRTF_B,21,0.570,1.68,-0.87,22,1
P047,HRTF_B,21,0.583,2.12,-0.93,22,1
P047,HRTF_B,21,0.597,2.52,-0.98,22,1
P047,HRTF_B,21,0.611,2.97,-0.99,22,1
P047,HRTF_B,21,0.625,3.36,-1.04,22,1
P047,HRTF_B,21,0.639,3.78,-1.08,22,1
P047,HRTF_B,21,0.653,4.14,-1.07,22,1
P047,HRTF_B,21,0.667,4.52,-1.06,22,1
P047,HRTF_B,21,0.681,4.90,-1.06,22,1
P047,HRTF_B,21,0.695,5.25,-1.07,22,1
P047,HRTF_B,21,0.709,5.65,-1.06,22,1
P047,HRTF_B,21,0.722,6.01,-1.05,22,1
P047,HRTF_B,21,0.736,6.38,-1.06,22,1
P047,HRTF_B,21,0.750,6.79,-1.02,22,1
P047,HRTF_B,21,0.764,7.18,-1.01,22,1
P047,HRTF_B,21,0.778,7.61,-1.01,22,1
P047,HRTF_B,21,0.792,8.06,-1.04,22,1
P047,HRTF_B,21,0.806,8.53,-1.05,22,1
P047,HRTF_B,21,0.820,9.01,-1.05,22,1
P047,HRTF_B,21,0.833,9.48,-1.07,22,1
P047,HRTF_B,21,0.847,9.97,-1.11,22,1
P047,HRTF_B,21,0.861,10.47,-1.13,22,1
P047,HRTF_B,21,0.875,10.95,-1.15,22,1
P047,HRTF_B,21,0.889,11.47,-1.16,22,1
P047,HRTF_B,21,0.903,12.01,-1.18,22,1
P047,HRTF_B,21,0.917,12.56,-1.19,22,1
P047,HRTF_B,21,0.931,13.09,-1.19,22,1
P047,HRTF_B,21,0.945,13.59,-1.17,22,1
P047,HRTF_B,21,0.958,14.09,-1.17,22,1
P047,HRTF_B,21,0.972,14.56,-1.14,22,1
P047,HRTF_B,21,0.986,15.07,-1.08,22,1
P047,HRTF_B,21,1.000,15.52,-0.98,22,1
P047,HRTF_B,21,1.014,15.95,-0.90,22,1
P047,HRTF_B,21,1.028,16.34,-0.81,22,1
P047,HRTF_B,21,1.042,16.63,-0.68,22,1
P047,HRTF_B,21,1.056,16.88,-0.61,22,1
P047,HRTF_B,21,1.070,17.13,-0.52,22,1
P047,HRTF_B,21,1.084,17.30,-0.46,22,1
P047,HRTF_B,21,1.097,17.38,-0.46,22,1
P047,HRTF_B,21,1.111,17.41,-0.43,22,1
P047,HRTF_B,21,1.125,17.43,-0.39,22,1
P047,HRTF_B,21,1.139,17.32,-0.39,22,1
P047,HRTF_B,21,1.153,17.22,-0.38,22,1
P047,HRTF_B,21,1.167,17.04,-0.35,22,1
P047,HRTF_B,21,1.181,16.80,-0.34,22,1
P047,HRTF_B,21,1.195,16.50,-0.36,22,1
P047,HRTF_B,21,1.209,16.18,-0.39,22,1
P047,HRTF_B,21,1.223,15.80,-0.44,22,1
P047,HRTF_B,21,1.236,15.41,-0.47,22,1
P047,HRTF_B,21,1.250,14.96,-0.54,22,1
P047,HRTF_B,21,1.264,14.50,-0.63,22,1
P047,HRTF_B,21,1.278,14.00,-0.78,22,1
P047,HRTF_B,21,1.292,13.45,-0.93,22,1
P047,HRTF_B,21,1.306,12.83,-1.12,22,1
P047,HRTF_B,21,1.320,12.14,-1.31,22,1
P047,HRTF_B,21,1.333,11.50,-1.43,22,1
P047,HRTF_B,21,1.347,10.84,-1.54,22,1
P047,HRTF_B,21,1.361,10.13,-1.68,22,1
P047,HRTF_B,21,1.375,9.43,-1.89,22,1
P047,HRTF_B,21,1.389,8.63,-2.11,22,1
P047,HRTF_B,21,1.403,7.88,-2.28,22,1
P047,HRTF_B,21,1.417,7.08,-2.42,22,1
P047,HRTF_B,21,1.431,6.27,-2.54,22,1
P047,HRTF_B,21,1.445,5.43,-2.62,22,1
P047,HRTF_B,21,1.458,4.54,-2.71,22,1
P047,HRTF_B,21,1.472,3.64,-2.80,22,1
P047,HRTF_B,21,1.486,2.71,-2.84,22,1
P047,HRTF_B,21,1.500,1.71,-2.85,22,1
P047,HRTF_B,21,1.514,0.73,-2.79,22,1
P047,HRTF_B,21,1.528,-0.41,-2.79,22,1
P047,HRTF_B,21,1.542,-1.55,-2.86,22,1
P047,HRTF_B,21,1.556,-2.76,-2.94,22,1
P047,HRTF_B,21,1.570,-4.04,-3.01,22,1
P047,HRTF_B,21,1.583,-5.44,-3.10,22,1
P047,HRTF_B,21,1.597,-6.78,-3.15,22,1
P047,HRTF_B,21,1.611,-8.19,-3.10,22,1
P047,HRTF_B,21,1.625,-9.70,-3.07,22,1
P047,HRTF_B,21,1.639,-11.17,-2.99,22,1
P047,HRTF_B,21,1.653,-12.63,-2.98,22,1
P047,HRTF_B,21,1.667,-14.07,-2.87,22,1
P047,HRTF_B,21,1.681,-15.49,-2.71,22,1
P047,HRTF_B,21,1.695,-16.91,-2.55,22,1
P047,HRTF_B,21,1.708,-18.36,-2.34,22,1
P047,HRTF_B,21,1.722,-19.84,-2.16,22,1
P047,HRTF_B,21,1.736,-21.35,-2.00,22,1
P047,HRTF_B,21,1.750,-22.84,-1.91,22,1
P047,HRTF_B,21,1.764,-24.34,-1.84,22,1
P047,HRTF_B,21,1.778,-25.89,-1.76,22,1
P047,HRTF_B,21,1.792,-27.46,-1.70,22,1
P047,HRTF_B,21,1.806,-29.02,-1.71,22,1
P047,HRTF_B,21,1.820,-30.55,-1.73,22,1
P047,HRTF_B,21,1.833,-32.10,-1.82,22,1
P047,HRTF_B,21,1.847,-33.61,-1.95,22,1
P047,HRTF_B,21,1.861,-35.07,-2.05,22,1
P047,HRTF_B,21,1.875,-36.52,-2.11,22,1
P047,HRTF_B,21,1.889,-37.89,-2.08,22,1
P047,HRTF_B,21,1.903,-39.25,-2.11,22,1
P047,HRTF_B,21,1.917,-40.57,-2.22,22,1
P047,HRTF_B,21,1.931,-41.84,-2.35,22,1
P047,HRTF_B,21,1.945,-43.03,-2.50,22,1
P047,HRTF_B,21,1.958,-44.16,-2.60,22,1
P047,HRTF_B,21,1.972,-45.29,-2.70,22,1
P047,HRTF_B,21,1.986,-46.39,-2.83,22,1
P047,HRTF_B,21,2.000,-47.46,-2.83,22,1
P047,HRTF_B,21,2.014,-48.55,-2.81,22,1
P047,HRTF_B,21,2.028,-49.57,-2.74,22,1
P047,HRTF_B,21,2.042,-50.65,-2.71,22,1
P047,HRTF_B,21,2.055,-51.73,-2.64,22,1
P047,HRTF_B,21,2.069,-52.82,-2.54,22,1
P047,HRTF_B,21,2.083,-53.89,-2.41,22,1
P047,HRTF_B,21,2.097,-55.02,-2.26,22,1
P047,HRTF_B,21,2.111,-56.13,-2.10,22,1
P047,HRTF_B,21,2.125,-57.26,-1.92,22,1
P047,HRTF_B,21,2.139,-58.41,-1.76,22,1
P047,HRTF_B,21,2.153,-59.57,-1.61,22,1
P047,HRTF_B,21,2.167,-60.73,-1.48,22,1
P047,HRTF_B,21,2.180,-61.89,-1.42,22,1
P047,HRTF_B,21,2.194,-63.01,-1.32,22,1
P047,HRTF_B,21,2.208,-64.12,-1.29,22,1
P047,HRTF_B,21,2.222,-65.18,-1.24,22,1
P047,HRTF_B,21,2.236,-66.27,-1.20,22,1
P047,HRTF_B,21,2.250,-67.34,-1.21,22,1
P047,HRTF_B,21,2.264,-68.40,-1.22,22,1
P047,HRTF_B,21,2.278,-69.42,-1.23,22,1
P047,HRTF_B,21,2.292,-70.47,-1.25,22,1
P047,HRTF_B,21,2.305,-71.51,-1.33,22,1
P047,HRTF_B,21,2.319,-72.53,-1.47,22,1
P047,HRTF_B,21,2.333,-73.56,-1.56,22,1
P047,HRTF_B,21,2.347,-74.59,-1.65,22,1
P047,HRTF_B,21,2.361,-75.59,-1.72,22,1
P047,HRTF_B,21,2.375,-76.62,-1.78,22,1
P047,HRTF_B,21,2.389,-77.67,-1.85,22,1
P047,HRTF_B,21,2.403,-78.66,-1.93,22,1
P047,HRTF_B,21,2.417,-79.67,-2.06,22,1
P047,HRTF_B,21,2.430,-80.70,-2.24,22,1
P047,HRTF_B,21,2.444,-81.72,-2.32,22,1
P047,HRTF_B,21,2.458,-82.73,-2.40,22,1
P047,HRTF_B,21,2.472,-83.72,-2.43,22,1
P047,HRTF_B,21,2.486,-84.73,-2.46,22,1
P047,HRTF_B,21,2.500,-85.68,-2.45,22,1
P047,HRTF_B,21,2.514,-86.66,-2.47,22,1
P047,HRTF_B,21,2.528,-87.61,-2.50,22,1
P047,HRTF_B,21,2.542,-88.52,-2.46,22,1
P047,HRTF_B,21,2.555,-89.41,-2.44,22,1
P047,HRTF_B,21,2.569,-90.29,-2.45,22,1
P047,HRTF_B,21,2.583,-91.10,-2.49,22,1
P047,HRTF_B,21,2.597,-91.88,-2.57,22,1
P047,HRTF_B,21,2.611,-92.60,-2.65,22,1
P047,HRTF_B,21,2.625,-93.23,-2.71,22,1
P047,HRTF_B,21,2.639,-93.88,-2.75,22,1
P047,HRTF_B,21,2.653,-94.50,-2.83,22,1
P047,HRTF_B,21,2.666,-95.09,-2.96,22,1
P047,HRTF_B,21,2.681,-95.72,-3.09,22,1
P047,HRTF_B,21,2.694,-96.34,-3.35,22,1
P047,HRTF_B,21,2.708,-96.93,-3.64,22,1
P047,HRTF_B,21,2.722,-97.57,-3.84,22,1
P047,HRTF_B,21,2.736,-98.22,-4.07,22,1
P047,HRTF_B,21,2.750,-98.95,-4.27,22,1
P047,HRTF_B,21,2.764,-99.63,-4.46,22,1
P047,HRTF_B,21,2.778,-100.28,-4.69,22,1
P047,HRTF_B,21,2.792,-100.91,-4.94,22,1
P047,HRTF_B,21,2.805,-101.62,-5.19,22,1
P047,HRTF_B,21,2.819,-102.35,-5.43,22,1
P047,HRTF_B,21,2.833,-103.10,-5.57,22,1
P047,HRTF_B,21,2.847,-103.87,-5.71,22,1
P047,HRTF_B,21,2.861,-104.60,-5.82,22,1
P047,HRTF_B,21,2.875,-105.33,-5.93,22,1
P047,HRTF_B,21,2.888,-106.04,-6.00,22,1
P047,HRTF_B,21,2.902,-106.72,-6.12,22,1
P047,HRTF_B,21,2.916,-107.29,-6.20,22,1
P047,HRTF_B,21,2.930,-107.82,-6.28,22,1
P047,HRTF_B,21,2.944,-108.23,-6.30,22,1
P047,HRTF_B,21,2.958,-108.59,-6.37,22,1
P047,HRTF_B,21,2.972,-108.82,-6.43,22,1
P047,HRTF_B,21,2.986,-109.08,-6.43,22,1
P047,HRTF_B,21,3.000,-109.30,-6.44,22,1
P047,HRTF_B,21,3.013,-109.53,-6.35,22,1
P047,HRTF_B,21,3.027,-109.83,-6.25,22,1
P047,HRTF_B,21,3.041,-110.17,-6.13,22,1
P047,HRTF_B,21,3.055,-110.53,-5.96,22,1
P047,HRTF_B,21,3.069,-110.99,-5.74,22,1
P047,HRTF_B,21,3.083,-111.47,-5.53,22,1
P047,HRTF_B,21,3.097,-111.98,-5.36,22,1
P047,HRTF_B,21,3.111,-112.58,-5.25,22,1
P047,HRTF_B,21,3.125,-113.24,-5.28,22,1
P047,HRTF_B,21,3.138,-113.92,-5.45,22,1
P047,HRTF_B,21,3.152,-114.56,-5.65,22,1
P047,HRTF_B,21,3.166,-115.21,-5.93,22,1
P047,HRTF_B,21,3.180,-115.78,-6.23,22,1
P047,HRTF_B,21,3.194,-116.32,-6.44,22,1
P047,HRTF_B,21,3.208,-116.81,-6.56,22,1
P047,HRTF_B,21,3.222,-117.23,-6.69,22,1
P047,HRTF_B,21,3.236,-117.65,-6.81,22,1
P047,HRTF_B,21,3.250,-118.05,-6.96,22,1
P047,HRTF_B,21,3.264,-118.40,-7.20,22,1
P047,HRTF_B,21,3.277,-118.69,-7.50,22,1
P047,HRTF_B,21,3.291,-119.06,-7.73,22,1
P047,HRTF_B,21,3.305,-119.32,-7.83,22,1
P047,HRTF_B,21,3.319,-119.64,-7.93,22,1
P047,HRTF_B,21,3.333,-119.91,-7.99,22,1
P047,HRTF_B,21,3.347,-120.19,-7.97,22,1
P047,HRTF_B,21,3.361,-120.38,-7.97,22,1
P047,HRTF_B,21,3.375,-120.60,-7.98,22,1
P047,HRTF_B,21,3.388,-120.72,-7.95,22,1
P047,HRTF_B,21,3.402,-120.83,-7.97,22,1
P047,HRTF_B,21,3.416,-120.93,-8.01,22,1
P047,HRTF_B,21,3.430,-121.04,-8.03,22,1
P047,HRTF_B,21,3.444,-121.16,-8.06,22,1
P047,HRTF_B,21,3.458,-121.24,-8.13,22,1
P047,HRTF_B,21,3.472,-121.32,-8.21,22,1
P047,HRTF_B,21,3.486,-121.39,-8.29,22,1
P047,HRTF_B,21,3.499,-121.47,-8.39,22,1
P047,HRTF_B,21,3.513,-121.58,-8.45,22,1
P047,HRTF_B,21,3.527,-121.69,-8.51,22,1
P047,HRTF_B,22,0.014,0.65,-0.98,21,1
P047,HRTF_B,22,0.028,0.68,-0.98,21,1
P047,HRTF_B,22,0.042,0.68,-0.95,21,1
P047,HRTF_B,22,0.055,0.66,-0.93,21,1
P047,HRTF_B,22,0.069,0.63,-0.90,21,1
P047,HRTF_B,22,0.084,0.56,-0.88,21,1
P047,HRTF_B,22,0.097,0.49,-0.85,21,1
P047,HRTF_B,22,0.111,0.38,-0.84,21,1
P047,HRTF_B,22,0.125,0.30,-0.84,21,1
P047,HRTF_B,22,0.139,0.20,-0.85,21,1
P047,HRTF_B,22,0.153,0.10,-0.86,21,1
P047,HRTF_B,22,0.166,-0.02,-0.90,21,1
P047,HRTF_B,22,0.180,-0.14,-1.02,21,1
P047,HRTF_B,22,0.194,-0.28,-1.18,21,1
P047,HRTF_B,22,0.208,-0.46,-1.37,21,1
P047,HRTF_B,22,0.222,-0.66,-1.50,21,1
P047,HRTF_B,22,0.236,-0.89,-1.55,21,1
P047,HRTF_B,22,0.250,-1.14,-1.56,21,1
P047,HRTF_B,22,0.264,-1.37,-1.58,21,1
P047,HRTF_B,22,0.277,-1.65,-1.64,21,1
P047,HRTF_B,22,0.292,-1.89,-1.75,21,1
P047,HRTF_B,22,0.306,-2.10,-1.88,21,1
P047,HRTF_B,22,0.319,-2.30,-1.97,21,1
P047,HRTF_B,22,0.333,-2.49,-2.09,21,1
P047,HRTF_B,22,0.347,-2.66,-2.16,21,1
P047,HRTF_B,22,0.361,-2.83,-2.26,21,1
P047,HRTF_B,22,0.375,-2.98,-2.37,21,1
P047,HRTF_B,22,0.388,-3.13,-2.47,21,1
P047,HRTF_B,22,0.402,-3.26,-2.57,21,1
P047,HRTF_B,22,0.416,-3.37,-2.64,21,1
P047,HRTF_B,22,0.430,-3.51,-2.68,21,1
P047,HRTF_B,22,0.444,-3.64,-2.73,21,1
P047,HRTF_B,22,0.458,-3.78,-2.73,21,1
P047,HRTF_B,22,0.472,-3.93,-2.73,21,1
P047,HRTF_B,22,0.486,-4.06,-2.74,21,1
P047,HRTF_B,22,0.499,-4.15,-2.75,21,1
P047,HRTF_B,22,0.513,-4.26,-2.76,21,1
P047,HRTF_B,22,0.527,-4.38,-2.72,21,1
P047,HRTF_B,22,0.541,-4.54,-2.68,21,1
P047,HRTF_B,22,0.555,-4.68,-2.63,21,1
P047,HRTF_B,22,0.569,-4.83,-2.58,21,1
P047,HRTF_B,22,0.583,-4.99,-2.58,21,1
P047,HRTF_B,22,0.597,-5.16,-2.61,21,1
P047,HRTF_B,22,0.611,-5.36,-2.62,21,1
P047,HRTF_B,22,0.625,-5.54,-2.65,21,1
P047,HRTF_B,22,0.638,-5.76,-2.69,21,1
P047,HRTF_B,22,0.652,-5.94,-2.73,21,1
P047,HRTF_B,22,0.666,-6.14,-2.81,21,1
P047,HRTF_B,22,0.680,-6.33,-2.87,21,1
P047,HRTF_B,22,0.694,-6.53,-2.94,21,1
P047,HRTF_B,22,0.708,-6.76,-2.99,21,1
P047,HRTF_B,22,0.722,-6.99,-3.03,21,1
P047,HRTF_B,22,0.736,-7.22,-3.05,21,1
P047,HRTF_B,22,0.750,-7.45,-3.08,21,1
P047,HRTF_B,22,0.763,-7.68,-3.13,21,1
P047,HRTF_B,22,0.777,-7.89,-3.18,21,1
P047,HRTF_B,22,0.791,-8.10,-3.21,21,1
P047,HRTF_B,22,0.805,-8.31,-3.25,21,1
P047,HRTF_B,22,0.819,-8.52,-3.24,21,1
P047,HRTF_B,22,0.833,-8.75,-3.24,21,1
P047,HRTF_B,22,0.847,-8.99,-3.22,21,1
P047,HRTF_B,22,0.861,-9.24,-3.20,21,1
P047,HRTF_B,22,0.874,-9.50,-3.17,21,1
P047,HRTF_B,22,0.888,-9.79,-3.17,21,1
P047,HRTF_B,22,0.902,-10.10,-3.14,21,1
P047,HRTF_B,22,0.916,-10.44,-3.11,21,1
P047,HRTF_B,22,0.930,-10.79,-3.06,21,1
P047,HRTF_B,22,0.944,-11.23,-3.01,21,1
P047,HRTF_B,22,0.958,-11.73,-2.98,21,1
P047,HRTF_B,22,0.972,-12.29,-2.93,21,1
P047,HRTF_B,22,0.986,-12.84,-2.87,21,1
P047,HRTF_B,22,1.000,-13.50,-2.83,21,1
P047,HRTF_B,22,1.013,-14.21,-2.78,21,1
P047,HRTF_B,22,1.027,-15.01,-2.74,21,1
P047,HRTF_B,22,1.041,-15.82,-2.73,21,1
P047,HRTF_B,22,1.055,-16.77,-2.73,21,1
P047,HRTF_B,22,1.069,-17.82,-2.71,21,1
P047,HRTF_B,22,1.083,-19.00,-2.75,21,1
P047,HRTF_B,22,1.097,-20.43,-2.79,21,1
P047,HRTF_B,22,1.111,-22.11,-2.80,21,1
P047,HRTF_B,22,1.124,-24.02,-2.85,21,1
P047,HRTF_B,22,1.138,-26.03,-2.87,21,1
P047,HRTF_B,22,1.152,-28.41,-2.93,21,1
P047,HRTF_B,22,1.166,-30.96,-3.01,21,1
P047,HRTF_B,22,1.180,-33.57,-3.11,21,1
P047,HRTF_B,22,1.194,-36.21,-3.24,21,1
P047,HRTF_B,22,1.208,-38.88,-3.36,21,1
P047,HRTF_B,22,1.222,-41.64,-3.51,21,1
P047,HRTF_B,22,1.236,-44.37,-3.62,21,1
P047,HRTF_B,22,1.249,-47.18,-3.73,21,1
P047,HRTF_B,22,1.263,-49.92,-3.79,21,1
P047,HRTF_B,22,1.277,-52.67,-3.86,21,1
P047,HRTF_B,22,1.291,-55.46,-3.91,21,1
P047,HRTF_B,22,1.305,-58.27,-4.04,21,1
P047,HRTF_B,22,1.319,-61.05,-4.18,21,1
P047,HRTF_B,22,1.333,-63.71,-4.35,21,1
P047,HRTF_B,22,1.347,-66.36,-4.44,21,1
P047,HRTF_B,22,1.361,-68.94,-4.63,21,1
P047,HRTF_B,22,1.374,-71.53,-4.85,21,1
P047,HRTF_B,22,1.389,-74.14,-5.16,21,1
P047,HRTF_B,22,1.402,-76.69,-5.40,21,1
P047,HRTF_B,22,1.416,-79.11,-5.62,21,1
P047,HRTF_B,22,1.430,-81.43,-5.81,21,1
P047,HRTF_B,22,1.444,-83.70,-6.03,21,1
P047,HRTF_B,22,1.458,-86.09,-6.32,21,1
P047,HRTF_B,22,1.472,-88.28,-6.47,21,1
P047,HRTF_B,22,1.486,-90.43,-6.63,21,1
P047,HRTF_B,22,1.499,-92.46,-6.69,21,1
P047,HRTF_B,22,1.513,-94.53,-6.79,21,1
P047,HRTF_B,22,1.527,-96.60,-6.89,21,1
P047,HRTF_B,22,1.541,-98.68,-7.02,21,1
P047,HRTF_B,22,1.555,-100.73,-7.02,21,1
P047,HRTF_B,22,1.569,-102.70,-6.92,21,1
P047,HRTF_B,22,1.583,-104.73,-6.79,21,1
P047,HRTF_B,22,1.597,-106.89,-6.75,21,1
P047,HRTF_B,22,1.610,-109.11,-6.63,21,1
P047,HRTF_B,22,1.624,-111.32,-6.55,21,1
P047,HRTF_B,22,1.638,-113.42,-6.43,21,1
P047,HRTF_B,22,1.652,-115.32,-6.31,21,1
P047,HRTF_B,22,1.666,-117.16,-6.21,21,1
P047,HRTF_B,22,1.680,-118.89,-6.11,21,1
P047,HRTF_B,22,1.694,-120.43,-6.03,21,1
P047,HRTF_B,22,1.708,-121.78,-5.89,21,1
P047,HRTF_B,22,1.722,-122.95,-5.79,21,1
P047,HRTF_B,22,1.735,-123.98,-5.72,21,1
P047,HRTF_B,22,1.749,-124.88,-5.73,21,1
P047,HRTF_B,22,1.763,-125.71,-5.73,21,1
P047,HRTF_B,22,1.777,-126.47,-5.74,21,1
P047,HRTF_B,22,1.791,-127.09,-5.79,21,1
P047,HRTF_B,22,1.805,-127.61,-5.80,21,1
P047,HRTF_B,22,1.819,-128.18,-5.81,21,1
P047,HRTF_B,22,1.833,-128.63,-5.90,21,1
P047,HRTF_B,22,1.847,-129.02,-5.99,21,1
P047,HRTF_B,22,1.860,-129.42,-6.05,21,1
P047,HRTF_B,22,1.874,-129.88,-6.11,21,1
P047,HRTF_B,22,1.888,-130.29,-6.17,21,1
P047,HRTF_B,22,1.902,-130.78,-6.24,21,1
P047,HRTF_B,22,1.916,-131.29,-6.35,21,1
P047,HRTF_B,22,1.930,-131.80,-6.43,21,1
P047,HRTF_B,22,1.944,-132.28,-6.50,21,1
P047,HRTF_B,22,1.958,-132.77,-6.53,21,1
P047,HRTF_B,22,1.972,-133.25,-6.55,21,1
P047,HRTF_B,22,1.985,-133.69,-6.57,21,1
P047,HRTF_B,22,1.999,-134.15,-6.57,21,1
P047,HRTF_B,22,2.013,-134.49,-6.57,21,1
P047,HRTF_B,22,2.027,-134.73,-6.54,21,1
P047,HRTF_B,23,0.014,-0.89,-1.89,13,1
P047,HRTF_B,23,0.028,-0.81,-1.90,13,1
P047,HRTF_B,23,0.041,-0.75,-1.89,13,1
P047,HRTF_B,23,0.055,-0.72,-1.90,13,1
P047,HRTF_B,23,0.069,-0.72,-1.89,13,1
P047,HRTF_B,23,0.083,-0.73,-1.88,13,1
P047,HRTF_B,23,0.097,-0.81,-1.88,13,1
P047,HRTF_B,23,0.111,-0.88,-1.86,13,1
P047,HRTF_B,23,0.125,-0.97,-1.84,13,1
P047,HRTF_B,23,0.139,-1.12,-1.83,13,1
P047,HRTF_B,23,0.153,-1.30,-1.82,13,1
P047,HRTF_B,23,0.167,-1.52,-1.82,13,1
P047,HRTF_B,23,0.180,-1.74,-1.84,13,1
P047,HRTF_B,23,0.194,-1.98,-1.87,13,1
P047,HRTF_B,23,0.209,-2.20,-1.90,13,1
P047,HRTF_B,23,0.222,-2.45,-1.93,13,1
P047,HRTF_B,23,0.236,-2.72,-1.98,13,1
P047,HRTF_B,23,0.250,-3.01,-2.01,13,1
P047,HRTF_B,23,0.264,-3.32,-2.06,13,1
P047,HRTF_B,23,0.278,-3.62,-2.10,13,1
P047,HRTF_B,23,0.292,-3.95,-2.13,13,1
P047,HRTF_B,23,0.305,-4.27,-2.17,13,1
P047,HRTF_B,23,0.319,-4.63,-2.19,13,1
P047,HRTF_B,23,0.333,-4.98,-2.20,13,1
P047,HRTF_B,23,0.347,-5.34,-2.20,13,1
P047,HRTF_B,23,0.361,-5.72,-2.20,13,1
P047,HRTF_B,23,0.375,-6.08,-2.23,13,1
P047,HRTF_B,23,0.389,-6.44,-2.27,13,1
P047,HRTF_B,23,0.403,-6.80,-2.30,13,1
P047,HRTF_B,23,0.417,-7.14,-2.30,13,1
P047,HRTF_B,23,0.430,-7.53,-2.30,13,1
P047,HRTF_B,23,0.444,-7.92,-2.29,13,1
P047,HRTF_B,23,0.458,-8.30,-2.26,13,1
P047,HRTF_B,23,0.472,-8.64,-2.26,13,1
P047,HRTF_B,23,0.486,-9.01,-2.27,13,1
P047,HRTF_B,23,0.500,-9.34,-2.25,13,1
P047,HRTF_B,23,0.514,-9.70,-2.23,13,1
P047,HRTF_B,23,0.528,-10.04,-2.18,13,1
P047,HRTF_B,23,0.541,-10.38,-2.13,13,1
P047,HRTF_B,23,0.556,-10.71,-2.10,13,1
P047,HRTF_B,23,0.570,-11.01,-2.07,13,1
P047,HRTF_B,23,0.584,-11.38,-2.07,13,1
P047,HRTF_B,23,0.597,-11.68,-2.05,13,1
P047,HRTF_B,23,0.611,-12.01,-2.00,13,1
P047,HRTF_B,23,0.625,-12.34,-1.98,13,1
P047,HRTF_B,23,0.639,-12.65,-1.93,13,1
P047,HRTF_B,23,0.653,-13.01,-1.92,13,1
P047,HRTF_B,23,0.666,-13.36,-1.88,13,1
P047,HRTF_B,23,0.680,-13.72,-1.87,13,1
P047,HRTF_B,23,0.694,-14.11,-1.86,13,1
P047,HRTF_B,23,0.708,-14.48,-1.84,13,1
P047,HRTF_B,23,0.722,-14.85,-1.84,13,1
P047,HRTF_B,23,0.736,-15.25,-1.82,13,1
P047,HRTF_B,23,0.750,-15.64,-1.85,13,1
P047,HRTF_B,23,0.764,-16.08,-1.85,13,1
P047,HRTF_B,23,0.778,-16.50,-1.83,13,1
P047,HRTF_B,23,0.791,-16.91,-1.82,13,1
P047,HRTF_B,23,0.805,-17.32,-1.82,13,1
P047,HRTF_B,23,0.819,-17.75,-1.82,13,1
P047,HRTF_B,23,0.833,-18.12,-1.85,13,1
P047,HRTF_B,23,0.847,-18.51,-1.82,13,1
P047,HRTF_B,23,0.861,-18.91,-1.85,13,1
P047,HRTF_B,23,0.875,-19.28,-1.84,13,1
P047,HRTF_B,23,0.889,-19.67,-1.83,13,1
P047,HRTF_B,23,0.903,-20.02,-1.79,13,1
P047,HRTF_B,23,0.916,-20.38,-1.77,13,1
P047,HRTF_B,23,0.931,-20.73,-1.71,13,1
P047,HRTF_B,23,0.944,-21.05,-1.65,13,1
P047,HRTF_B,23,0.958,-21.38,-1.57,13,1
P047,HRTF_B,23,0.972,-21.69,-1.54,13,1
P047,HRTF_B,23,0.986,-21.98,-1.49,13,1
P047,HRTF_B,23,1.000,-22.24,-1.46,13,1
P047,HRTF_B,23,1.014,-22.45,-1.43,13,1
P047,HRTF_B,23,1.028,-22.60,-1.42,13,1
P047,HRTF_B,23,1.041,-22.73,-1.37,13,1
P047,HRTF_B,23,1.055,-22.83,-1.30,13,1
P047,HRTF_B,23,1.069,-22.90,-1.23,13,1
P047,HRTF_B,23,1.083,-22.92,-1.15,13,1
P047,HRTF_B,23,1.097,-22.87,-1.07,13,1
P047,HRTF_B,23,1.111,-22.78,-0.98,13,1
P047,HRTF_B,23,1.125,-22.60,-0.88,13,1
P047,HRTF_B,23,1.139,-22.37,-0.77,13,1
P047,HRTF_B,23,1.152,-22.11,-0.68,13,1
P047,HRTF_B,23,1.166,-21.76,-0.60,13,1
P047,HRTF_B,23,1.180,-21.36,-0.55,13,1
P047,HRTF_B,23,1.194,-20.90,-0.49,13,1
P047,HRTF_B,23,1.208,-20.39,-0.41,13,1
P047,HRTF_B,23,1.222,-19.77,-0.33,13,1
P047,HRTF_B,23,1.236,-19.09,-0.22,13,1
P047,HRTF_B,23,1.250,-18.28,-0.19,13,1
P047,HRTF_B,23,1.263,-17.36,-0.35,13,1
P047,HRTF_B,23,1.277,-16.33,-0.58,13,1
P047,HRTF_B,23,1.291,-15.23,-0.85,13,1
P047,HRTF_B,23,1.305,-14.09,-1.13,13,1
P047,HRTF_B,23,1.319,-12.98,-1.28,13,1
P047,HRTF_B,23,1.333,-11.84,-1.29,13,1
P047,HRTF_B,23,1.347,-10.72,-1.24,13,1
P047,HRTF_B,23,1.361,-9.62,-1.18,13,1
P047,HRTF_B,23,1.375,-8.51,-1.10,13,1
P047,HRTF_B,23,1.388,-7.49,-0.99,13,1
P047,HRTF_B,23,1.402,-6.56,-0.94,13,1
P047,HRTF_B,23,1.416,-5.65,-0.86,13,1
P047,HRTF_B,23,1.430,-4.78,-0.76,13,1
P047,HRTF_B,23,1.444,-3.94,-0.69,13,1
P047,HRTF_B,23,1.458,-3.13,-0.69,13,1
P047,HRTF_B,23,1.472,-2.31,-0.76,13,1
P047,HRTF_B,23,1.486,-1.48,-0.86,13,1
P047,HRTF_B,23,1.500,-0.67,-0.93,13,1
P047,HRTF_B,23,1.513,0.13,-0.95,13,1
P047,HRTF_B,23,1.527,0.97,-0.99,13,1
P047,HRTF_B,23,1.541,1.88,-1.04,13,1
P047,HRTF_B,23,1.555,2.82,-1.07,13,1
P047,HRTF_B,23,1.569,3.81,-1.15,13,1
P047,HRTF_B,23,1.583,4.87,-1.25,13,1
P047,HRTF_B,23,1.597,5.98,-1.32,13,1
P047,HRTF_B,23,1.611,7.13,-1.37,13,1
P047,HRTF_B,23,1.625,8.31,-1.41,13,1
P047,HRTF_B,23,1.642,9.47,-1.42,13,1
P047,HRTF_B,23,1.656,10.64,-1.45,13,1
P047,HRTF_B,23,1.669,11.80,-1.50,13,1
P047,HRTF_B,23,1.683,12.91,-1.56,13,1
P047,HRTF_B,23,1.705,14.10,-1.62,13,1
P047,HRTF_B,23,1.722,15.28,-1.63,13,1
P047,HRTF_B,23,1.736,17.62,-1.61,13,1
P047,HRTF_B,23,1.749,18.73,-1.60,13,1
P047,HRTF_B,23,1.764,19.85,-1.56,13,1
P047,HRTF_B,23,1.777,20.93,-1.51,13,1
P047,HRTF_B,23,1.791,22.04,-1.45,13,1
P047,HRTF_B,23,1.805,23.12,-1.37,13,1
P047,HRTF_B,23,1.819,24.20,-1.28,13,1
P047,HRTF_B,23,1.833,25.21,-1.11,13,1
P047,HRTF_B,23,1.847,26.25,-0.98,13,1
P047,HRTF_B,23,1.861,27.30,-0.91,13,1
P047,HRTF_B,23,1.875,28.38,-0.88,13,1
P047,HRTF_B,23,1.889,29.47,-0.85,13,1
P047,HRTF_B,23,1.902,30.59,-0.85,13,1
P047,HRTF_B,23,1.916,31.71,-0.89,13,1
P047,HRTF_B,23,1.930,32.83,-0.96,13,1
P047,HRTF_B,23,1.944,33.99,-1.08,13,1
P047,HRTF_B,23,1.958,35.11,-1.19,13,1
P047,HRTF_B,23,1.972,36.27,-1.36,13,1
P047,HRTF_B,23,1.986,37.36,-1.55,13,1
P047,HRTF_B,23,2.000,38.47,-1.71,13,1
P047,HRTF_B,23,2.013,39.58,-1.89,13,1
P047,HRTF_B,23,2.027,40.68,-2.06,13,1
P047,HRTF_B,23,2.041,41.82,-2.32,13,1
P047,HRTF_B,23,2.055,42.94,-2.59,13,1
P047,HRTF_B,23,2.069,44.05,-2.84,13,1
P047,HRTF_B,23,2.083,45.14,-3.04,13,1
P047,HRTF_B,23,2.097,46.25,-3.31,13,1
P047,HRTF_B,23,2.111,47.33,-3.50,13,1
P047,HRTF_B,23,2.125,48.42,-3.64,13,1
P047,HRTF_B,23,2.139,49.50,-3.77,13,1
P047,HRTF_B,23,2.153,50.57,-3.84,13,1
P047,HRTF_B,23,2.166,51.62,-3.89,13,1
P047,HRTF_B,23,2.180,52.62,-3.84,13,1
P047,HRTF_B,23,2.194,53.63,-3.70,13,1
P047,HRTF_B,23,2.208,54.61,-3.44,13,1
P047,HRTF_B,23,2.222,55.58,-3.14,13,1
P047,HRTF_B,23,2.236,56.57,-2.87,13,1
P047,HRTF_B,23,2.250,57.59,-2.56,13,1
P047,HRTF_B,23,2.263,58.62,-2.23,13,1
P047,HRTF_B,23,2.277,59.64,-1.83,13,1
P047,HRTF_B,23,2.291,60.75,-1.35,13,1
P047,HRTF_B,23,2.305,62.01,-0.84,13,1
P047,HRTF_B,23,2.319,63.36,-0.27,13,1
P047,HRTF_B,23,2.333,64.90,0.31,13,1
P047,HRTF_B,23,2.347,66.48,0.96,13,1
P047,HRTF_B,23,2.361,68.09,1.61,13,1
P047,HRTF_B,23,2.374,69.70,2.32,13,1
P047,HRTF_B,23,2.388,71.29,2.91,13,1
P047,HRTF_B,23,2.402,72.95,3.41,13,1
P047,HRTF_B,23,2.416,74.60,3.83,13,1
P047,HRTF_B,23,2.430,76.14,4.21,13,1
P047,HRTF_B,23,2.444,77.66,4.58,13,1
P047,HRTF_B,23,2.458,79.07,4.76,13,1
P047,HRTF_B,23,2.472,80.40,4.88,13,1
P047,HRTF_B,23,2.486,81.70,4.97,13,1
P047,HRTF_B,23,2.500,82.94,5.02,13,1
P047,HRTF_B,23,2.513,84.16,5.06,13,1
P047,HRTF_B,23,2.527,85.35,5.17,13,1
P047,HRTF_B,23,2.541,86.53,5.17,13,1
P047,HRTF_B,23,2.555,87.66,5.14,13,1
P047,HRTF_B,23,2.569,88.78,5.14,13,1
P047,HRTF_B,23,2.583,89.90,5.12,13,1
P047,HRTF_B,23,2.597,90.97,5.12,13,1
P047,HRTF_B,23,2.610,91.99,5.10,13,1
P047,HRTF_B,23,2.624,93.05,5.04,13,1
P047,HRTF_B,23,2.638,94.11,5.01,13,1
P047,HRTF_B,23,2.652,95.19,4.98,13,1
P047,HRTF_B,23,2.666,96.27,4.87,13,1
P047,HRTF_B,23,2.680,97.38,4.73,13,1
P047,HRTF_B,23,2.694,98.47,4.60,13,1
P047,HRTF_B,23,2.708,99.63,4.45,13,1
P047,HRTF_B,23,2.722,100.84,4.32,13,1
P047,HRTF_B,23,2.736,102.04,4.24,13,1
P047,HRTF_B,23,2.749,103.31,4.16,13,1
P047,HRTF_B,23,2.763,104.54,4.14,13,1
P047,HRTF_B,23,2.777,105.77,4.08,13,1
P047,HRTF_B,23,2.791,107.02,4.00,13,1
P047,HRTF_B,23,2.805,108.25,3.98,13,1
P047,HRTF_B,23,2.819,109.46,3.95,13,1
P047,HRTF_B,23,2.833,110.66,3.96,13,1
P047,HRTF_B,23,2.847,111.82,3.98,13,1
P047,HRTF_B,23,2.860,112.99,4.04,13,1
P047,HRTF_B,23,2.874,114.09,4.11,13,1
P047,HRTF_B,23,2.888,115.17,4.21,13,1
P047,HRTF_B,23,2.902,116.19,4.31,13,1
P047,HRTF_B,23,2.916,117.11,4.37,13,1
P047,HRTF_B,23,2.930,117.97,4.46,13,1
P047,HRTF_B,23,2.944,118.77,4.48,13,1
P047,HRTF_B,23,2.958,119.57,4.55,13,1
P047,HRTF_B,23,2.972,120.27,4.62,13,1
P047,HRTF_B,23,2.985,120.95,4.69,13,1
P047,HRTF_B,23,2.999,121.59,4.74,13,1
P047,HRTF_B,23,3.013,122.21,4.75,13,1
P047,HRTF_B,23,3.027,122.80,4.72,13,1
P047,HRTF_B,23,3.041,123.35,4.74,13,1
P047,HRTF_B,23,3.055,123.91,4.75,13,1
P047,HRTF_B,23,3.069,124.41,4.71,13,1
P047,HRTF_B,23,3.083,124.82,4.67,13,1
P047,HRTF_B,23,3.097,125.20,4.55,13,1
P047,HRTF_B,23,3.110,125.55,4.46,13,1
P047,HRTF_B,23,3.124,125.84,4.35,13,1
P047,HRTF_B,23,3.138,126.08,4.25,13,1
P047,HRTF_B,23,3.152,126.33,4.16,13,1
P047,HRTF_B,23,3.166,126.52,4.06,13,1
P047,HRTF_B,24,0.014,-1.42,-3.82,20,1
P047,HRTF_B,24,0.028,-1.62,-3.84,20,1
P047,HRTF_B,24,0.042,-1.78,-3.84,20,1
P047,HRTF_B,24,0.056,-1.92,-3.83,20,1
P047,HRTF_B,24,0.070,-2.07,-3.80,20,1
P047,HRTF_B,24,0.083,-2.18,-3.77,20,1
P047,HRTF_B,24,0.097,-2.31,-3.72,20,1
P047,HRTF_B,24,0.111,-2.44,-3.67,20,1
P047,HRTF_B,24,0.125,-2.55,-3.60,20,1
P047,HRTF_B,24,0.140,-2.65,-3.54,20,1
P047,HRTF_B,24,0.153,-2.72,-3.49,20,1
P047,HRTF_B,24,0.167,-2.78,-3.45,20,1
P047,HRTF_B,24,0.180,-2.83,-3.45,20,1
P047,HRTF_B,24,0.194,-2.87,-3.49,20,1
P047,HRTF_B,24,0.208,-2.89,-3.53,20,1
P047,HRTF_B,24,0.222,-2.92,-3.55,20,1
P047,HRTF_B,24,0.236,-2.92,-3.57,20,1
P047,HRTF_B,24,0.250,-2.90,-3.59,20,1
P047,HRTF_B,24,0.264,-2.89,-3.63,20,1
P047,HRTF_B,24,0.278,-2.86,-3.66,20,1
P047,HRTF_B,24,0.292,-2.82,-3.70,20,1
P047,HRTF_B,24,0.306,-2.74,-3.75,20,1
P047,HRTF_B,24,0.319,-2.66,-3.77,20,1
P047,HRTF_B,24,0.333,-2.55,-3.80,20,1
P047,HRTF_B,24,0.347,-2.41,-3.81,20,1
P047,HRTF_B,24,0.361,-2.25,-3.82,20,1
P047,HRTF_B,24,0.375,-2.03,-3.82,20,1
P047,HRTF_B,24,0.389,-1.80,-3.80,20,1
P047,HRTF_B,24,0.403,-1.49,-3.76,20,1
P047,HRTF_B,24,0.417,-1.18,-3.70,20,1
P047,HRTF_B,24,0.431,-0.80,-3.64,20,1
P047,HRTF_B,24,0.445,-0.41,-3.57,20,1
P047,HRTF_B,24,0.458,0.07,-3.54,20,1
P047,HRTF_B,24,0.472,0.57,-3.48,20,1
P047,HRTF_B,24,0.486,1.07,-3.44,20,1
P047,HRTF_B,24,0.500,1.64,-3.38,20,1
P047,HRTF_B,24,0.514,2.16,-3.39,20,1
P047,HRTF_B,24,0.528,2.69,-3.40,20,1
P047,HRTF_B,24,0.542,3.21,-3.36,20,1
P047,HRTF_B,24,0.556,3.76,-3.29,20,1
P047,HRTF_B,24,0.570,4.31,-3.23,20,1
P047,HRTF_B,24,0.584,4.87,-3.16,20,1
P047,HRTF_B,24,0.597,5.47,-3.10,20,1
P047,HRTF_B,24,0.611,6.07,-3.04,20,1
P047,HRTF_B,24,0.625,6.69,-2.95,20,1
P047,HRTF_B,24,0.639,7.37,-2.87,20,1
P047,HRTF_B,24,0.653,8.05,-2.82,20,1
P047,HRTF_B,24,0.667,8.79,-2.70,20,1
P047,HRTF_B,24,0.681,9.57,-2.59,20,1
P047,HRTF_B,24,0.695,10.40,-2.46,20,1
P047,HRTF_B,24,0.709,11.26,-2.33,20,1
P047,HRTF_B,24,0.723,12.15,-2.18,20,1
P047,HRTF_B,24,0.736,13.09,-1.97,20,1
P047,HRTF_B,24,0.750,14.07,-1.81,20,1
P047,HRTF_B,24,0.764,15.08,-1.67,20,1
P047,HRTF_B,24,0.778,16.10,-1.54,20,1
P047,HRTF_B,24,0.792,17.20,-1.44,20,1
P047,HRTF_B,24,0.806,18.34,-1.30,20,1
P047,HRTF_B,24,0.820,19.46,-1.22,20,1
P047,HRTF_B,24,0.833,20.67,-1.15,20,1
P047,HRTF_B,24,0.847,21.81,-1.06,20,1
P047,HRTF_B,24,0.861,23.03,-0.96,20,1
P047,HRTF_B,24,0.875,24.33,-0.83,20,1
P047,HRTF_B,24,0.889,25.56,-0.75,20,1
P047,HRTF_B,24,0.903,26.86,-0.63,20,1
P047,HRTF_B,24,0.917,28.13,-0.55,20,1
P047,HRTF_B,24,0.931,29.42,-0.50,20,1
P047,HRTF_B,24,0.945,30.66,-0.39,20,1
P047,HRTF_B,24,0.959,31.86,-0.32,20,1
P047,HRTF_B,24,0.972,33.05,-0.22,20,1
P047,HRTF_B,24,0.986,34.20,-0.10,20,1
P047,HRTF_B,24,1.000,35.34,0.00,20,1
P047,HRTF_B,24,1.014,36.45,0.06,20,1
P047,HRTF_B,24,1.028,37.47,0.12,20,1
P047,HRTF_B,24,1.042,38.45,0.16,20,1
P047,HRTF_B,24,1.056,39.37,0.16,20,1
P047,HRTF_B,24,1.069,40.24,0.17,20,1
P047,HRTF_B,24,1.083,41.03,0.14,20,1
P047,HRTF_B,24,1.097,41.69,0.12,20,1
P047,HRTF_B,24,1.111,42.27,0.00,20,1
P047,HRTF_B,24,1.125,42.76,-0.27,20,1
P047,HRTF_B,24,1.139,43.11,-0.60,20,1
P047,HRTF_B,24,1.153,43.32,-1.01,20,1
P047,HRTF_B,24,1.167,43.57,-1.34,20,1
P047,HRTF_B,24,1.181,43.61,-1.70,20,1
P047,HRTF_B,24,1.195,43.64,-2.08,20,1
P047,HRTF_B,24,1.208,43.49,-2.47,20,1
P047,HRTF_B,24,1.222,43.30,-2.91,20,1
P047,HRTF_B,24,1.236,42.93,-3.37,20,1
P047,HRTF_B,24,1.250,42.51,-3.81,20,1
P047,HRTF_B,24,1.264,42.01,-4.23,20,1
P047,HRTF_B,24,1.278,41.40,-4.69,20,1
P047,HRTF_B,24,1.292,40.57,-5.22,20,1
P047,HRTF_B,24,1.306,39.69,-5.74,20,1
P047,HRTF_B,24,1.320,38.52,-6.32,20,1
P047,HRTF_B,24,1.333,37.40,-6.82,20,1
P047,HRTF_B,24,1.348,36.01,-7.33,20,1
P047,HRTF_B,24,1.361,34.63,-7.78,20,1
P047,HRTF_B,24,1.375,33.09,-8.23,20,1
P047,HRTF_B,24,1.389,31.37,-8.61,20,1
P047,HRTF_B,24,1.403,29.59,-8.94,20,1
P047,HRTF_B,24,1.417,27.86,-9.23,20,1
P047,HRTF_B,24,1.431,25.99,-9.42,20,1
P047,HRTF_B,24,1.444,24.10,-9.75,20,1
P047,HRTF_B,24,1.458,22.12,-10.15,20,1
P047,HRTF_B,24,1.472,20.07,-10.60,20,1
P047,HRTF_B,24,1.486,17.97,-11.09,20,1
P047,HRTF_B,24,1.500,15.83,-11.65,20,1
P047,HRTF_B,24,1.514,13.68,-12.09,20,1
P047,HRTF_B,24,1.528,11.42,-12.53,20,1
P047,HRTF_B,24,1.542,9.19,-12.96,20,1
P047,HRTF_B,24,1.556,6.99,-13.36,20,1
P047,HRTF_B,24,1.570,4.80,-13.73,20,1
P047,HRTF_B,24,1.583,2.73,-14.01,20,1
P047,HRTF_B,24,1.597,0.72,-14.23,20,1
P047,HRTF_B,24,1.611,-1.26,-14.45,20,1
P047,HRTF_B,24,1.625,-3.23,-14.74,20,1
P047,HRTF_B,24,1.639,-5.04,-14.86,20,1
P047,HRTF_B,24,1.653,-6.76,-14.98,20,1
P047,HRTF_B,24,1.667,-8.46,-15.05,20,1
P047,HRTF_B,24,1.681,-10.14,-15.22,20,1
P047,HRTF_B,24,1.694,-11.77,-15.36,20,1
P047,HRTF_B,24,1.708,-13.31,-15.61,20,1
P047,HRTF_B,24,1.722,-14.81,-15.87,20,1
P047,HRTF_B,24,1.736,-16.23,-16.20,20,1
P047,HRTF_B,24,1.750,-17.63,-16.49,20,1
P047,HRTF_B,24,1.764,-19.03,-16.80,20,1
P047,HRTF_B,24,1.778,-20.38,-17.03,20,1
P047,HRTF_B,24,1.792,-21.68,-17.25,20,1
P047,HRTF_B,24,1.806,-23.07,-17.35,20,1
P047,HRTF_B,24,1.820,-24.37,-17.47,20,1
P047,HRTF_B,24,1.834,-25.66,-17.57,20,1
P047,HRTF_B,24,1.847,-27.00,-17.72,20,1
P047,HRTF_B,24,1.861,-28.29,-17.83,20,1
P047,HRTF_B,24,1.875,-29.52,-17.87,20,1
P047,HRTF_B,24,1.889,-30.83,-17.87,20,1
P047,HRTF_B,24,1.903,-32.10,-17.88,20,1
P047,HRTF_B,24,1.917,-33.38,-18.03,20,1
P047,HRTF_B,24,1.931,-34.66,-18.14,20,1
P047,HRTF_B,24,1.944,-35.99,-18.28,20,1
P047,HRTF_B,24,1.958,-37.44,-18.41,20,1
P047,HRTF_B,24,1.972,-38.87,-18.43,20,1
P047,HRTF_B,24,1.986,-40.32,-18.45,20,1
P047,HRTF_B,24,2.000,-41.76,-18.41,20,1
P047,HRTF_B,24,2.014,-43.33,-18.60,20,1
P047,HRTF_B,24,2.028,-44.82,-18.74,20,1
P047,HRTF_B,24,2.042,-46.34,-18.89,20,1
P047,HRTF_B,24,2.055,-47.82,-19.00,20,1
P047,HRTF_B,24,2.069,-49.30,-19.05,20,1
P047,HRTF_B,24,2.083,-50.73,-19.03,20,1
P047,HRTF_B,24,2.097,-52.08,-19.06,20,1
P047,HRTF_B,24,2.111,-53.42,-19.04,20,1
P047,HRTF_B,24,2.125,-54.68,-19.02,20,1
P047,HRTF_B,24,2.139,-55.89,-19.05,20,1
P047,HRTF_B,24,2.153,-57.08,-19.09,20,1
P047,HRTF_B,24,2.166,-58.27,-19.06,20,1
P047,HRTF_B,24,2.180,-59.32,-18.93,20,1
P047,HRTF_B,24,2.194,-60.43,-18.82,20,1
P047,HRTF_B,24,2.208,-61.48,-18.72,20,1
P047,HRTF_B,24,2.222,-62.55,-18.57,20,1
P047,HRTF_B,24,2.236,-63.57,-18.35,20,1
P047,HRTF_B,24,2.250,-64.61,-18.14,20,1
P047,HRTF_B,24,2.264,-65.60,-17.97,20,1
P047,HRTF_B,24,2.278,-66.55,-17.75,20,1
P047,HRTF_B,24,2.292,-67.54,-17.54,20,1
P047,HRTF_B,24,2.305,-68.55,-17.43,20,1
P047,HRTF_B,24,2.319,-69.56,-17.25,20,1
P047,HRTF_B,24,2.333,-70.57,-17.03,20,1
P047,HRTF_B,24,2.347,-71.57,-16.83,20,1
P047,HRTF_B,24,2.361,-72.60,-16.59,20,1
P047,HRTF_B,24,2.375,-73.61,-16.39,20,1
P047,HRTF_B,24,2.389,-74.71,-16.27,20,1
P047,HRTF_B,24,2.403,-75.81,-16.14,20,1
P047,HRTF_B,24,2.417,-76.90,-16.02,20,1
P047,HRTF_B,24,2.430,-77.98,-15.88,20,1
P047,HRTF_B,24,2.444,-79.04,-15.72,20,1
P047,HRTF_B,24,2.458,-80.12,-15.58,20,1
P047,HRTF_B,24,2.472,-81.26,-15.45,20,1
P047,HRTF_B,24,2.486,-82.37,-15.33,20,1
P047,HRTF_B,24,2.500,-83.50,-15.17,20,1
P047,HRTF_B,24,2.514,-84.64,-15.00,20,1
P047,HRTF_B,24,2.528,-85.78,-14.84,20,1
P047,HRTF_B,24,2.541,-86.94,-14.64,20,1
P047,HRTF_B,24,2.555,-88.21,-14.37,20,1
P047,HRTF_B,24,2.569,-89.52,-14.10,20,1
P047,HRTF_B,24,2.583,-90.83,-13.77,20,1
P047,HRTF_B,24,2.597,-92.16,-13.43,20,1
P047,HRTF_B,24,2.611,-93.43,-13.07,20,1
P047,HRTF_B,24,2.625,-94.72,-12.69,20,1
P047,HRTF_B,24,2.639,-96.03,-12.30,20,1
P047,HRTF_B,24,2.653,-97.28,-11.96,20,1
P047,HRTF_B,24,2.666,-98.50,-11.64,20,1
P047,HRTF_B,24,2.680,-99.70,-11.35,20,1
P047,HRTF_B,24,2.694,-100.93,-10.96,20,1
P047,HRTF_B,24,2.708,-102.17,-10.53,20,1
P047,HRTF_B,24,2.722,-103.36,-10.10,20,1
P047,HRTF_B,24,2.736,-104.48,-9.63,20,1
P047,HRTF_B,24,2.750,-105.52,-9.15,20,1
P047,HRTF_B,24,2.764,-106.51,-8.66,20,1
P047,HRTF_B,24,2.778,-107.47,-8.20,20,1
P047,HRTF_B,24,2.792,-108.32,-7.79,20,1
P047,HRTF_B,24,2.805,-109.15,-7.49,20,1
P047,HRTF_B,24,2.819,-109.96,-7.23,20,1
P047,HRTF_B,24,2.833,-110.67,-6.98,20,1
P047,HRTF_B,24,2.847,-111.42,-6.81,20,1
P047,HRTF_B,24,2.861,-112.14,-6.53,20,1
P047,HRTF_B,24,2.875,-112.87,-6.24,20,1
P047,HRTF_B,24,2.889,-113.58,-5.99,20,1
P047,HRTF_B,24,2.902,-114.35,-5.71,20,1
P047,HRTF_B,24,2.916,-115.09,-5.48,20,1
P047,HRTF_B,24,2.930,-115.84,-5.23,20,1
P047,HRTF_B,24,2.944,-116.58,-5.04,20,1
P047,HRTF_B,24,2.958,-117.30,-4.78,20,1
P047,HRTF_B,24,2.972,-118.04,-4.60,20,1
P047,HRTF_B,24,2.986,-118.80,-4.49,20,1
P047,HRTF_B,24,3.000,-119.56,-4.44,20,1
P047,HRTF_B,24,3.014,-120.29,-4.40,20,1
P047,HRTF_B,24,3.028,-121.03,-4.50,20,1
P047,HRTF_B,24,3.041,-121.73,-4.55,20,1
P047,HRTF_B,24,3.055,-122.35,-4.58,20,1
P047,HRTF_B,24,3.069,-122.97,-4.64,20,1
P047,HRTF_B,24,3.083,-123.64,-4.76,20,1
P047,HRTF_B,24,3.097,-124.32,-4.90,20,1
P047,HRTF_B,24,3.111,-125.00,-5.21,20,1
P047,HRTF_B,24,3.125,-125.63,-5.44,20,1
P047,HRTF_B,24,3.139,-126.25,-5.60,20,1
P047,HRTF_B,24,3.153,-126.87,-5.75,20,1
P047,HRTF_B,24,3.166,-127.44,-5.87,20,1
P047,HRTF_B,24,3.180,-128.02,-5.99,20,1
P047,HRTF_B,24,3.194,-128.63,-6.18,20,1
P047,HRTF_B,24,3.208,-129.21,-6.37,20,1
P047,HRTF_B,24,3.222,-129.83,-6.53,20,1
P047,HRTF_B,24,3.236,-130.43,-6.65,20,1
P047,HRTF_B,24,3.250,-131.06,-6.71,20,1
P047,HRTF_B,24,3.264,-131.66,-6.79,20,1
P047,HRTF_B,24,3.278,-132.25,-6.83,20,1
P047,HRTF_B,24,3.291,-132.89,-6.86,20,1
P047,HRTF_B,24,3.305,-133.54,-6.83,20,1
P047,HRTF_B,24,3.319,-134.15,-6.76,20,1
P047,HRTF_B,24,3.333,-134.78,-6.67,20,1
P047,HRTF_B,24,3.347,-135.46,-6.52,20,1
P047,HRTF_B,24,3.361,-136.12,-6.33,20,1
P047,HRTF_B,24,3.375,-136.84,-6.01,20,1
P047,HRTF_B,24,3.389,-137.47,-5.74,20,1
P047,HRTF_B,24,3.403,-138.12,-5.38,20,1
P047,HRTF_B,24,3.417,-138.68,-5.02,20,1
P047,HRTF_B,24,3.430,-139.12,-4.60,20,1
P047,HRTF_B,24,3.444,-139.49,-4.23,20,1
P047,HRTF_B,24,3.458,-139.80,-3.84,20,1
P047,HRTF_B,24,3.472,-140.12,-3.49,20,1
P047,HRTF_B,24,3.486,-140.43,-3.18,20,1
P047,HRTF_B,24,3.500,-140.68,-2.78,20,1
P047,HRTF_B,24,3.514,-140.95,-2.37,20,1
P047,HRTF_B,24,3.528,-141.21,-1.96,20,1
P047,HRTF_B,24,3.541,-141.45,-1.52,20,1
P047,HRTF_B,24,3.555,-141.66,-1.07,20,1
P047,HRTF_B,24,3.569,-141.86,-0.52,20,1
P047,HRTF_B,24,3.583,-141.94,0.05,20,1
P047,HRTF_B,24,3.597,-141.98,0.66,20,1
P047,HRTF_B,24,3.611,-141.89,1.29,20,1
P047,HRTF_B,24,3.624,-141.77,1.93,20,1
P047,HRTF_B,24,3.638,-141.67,2.54,20,1
P047,HRTF_B,24,3.652,-141.59,3.11,20,1
P047,HRTF_B,24,3.666,-141.59,3.49,20,1
P047,HRTF_B,24,3.680,-141.59,3.81,20,1
P047,HRTF_B,24,3.694,-141.57,4.15,20,1
P047,HRTF_B,24,3.708,-141.49,4.50,20,1
P047,HRTF_B,24,3.721,-141.41,4.93,20,1
P047,HRTF_B,24,3.735,-141.47,5.19,20,1
P047,HRTF_B,24,3.749,-141.63,5.33,20,1
P047,HRTF_B,25,0.014,2.71,2.32,1,0
P047,HRTF_B,25,0.028,2.97,2.14,1,0
P047,HRTF_B,25,0.042,3.22,1.98,1,0
P047,HRTF_B,25,0.056,3.47,1.84,1,0
P047,HRTF_B,25,0.069,3.71,1.70,1,0
P047,HRTF_B,25,0.083,3.94,1.58,1,0
P047,HRTF_B,25,0.097,4.15,1.45,1,0
P047,HRTF_B,25,0.111,4.34,1.36,1,0
P047,HRTF_B,25,0.125,4.54,1.30,1,0
P047,HRTF_B,25,0.139,4.92,1.20,1,0
P047,HRTF_B,25,0.152,5.07,1.22,1,0
P047,HRTF_B,25,0.166,5.03,1.30,1,0
P047,HRTF_B,25,0.180,5.17,1.32,1,0
P047,HRTF_B,25,0.194,5.32,1.28,1,0
P047,HRTF_B,25,0.208,5.48,1.21,1,0
P047,HRTF_B,25,0.221,5.60,1.09,1,0
P047,HRTF_B,25,0.235,5.70,1.05,1,0
P047,HRTF_B,25,0.249,5.81,1.07,1,0
P047,HRTF_B,25,0.263,5.90,1.11,1,0
P047,HRTF_B,25,0.277,5.98,1.20,1,0
P047,HRTF_B,25,0.290,6.07,1.26,1,0
P047,HRTF_B,25,0.304,6.14,1.30,1,0
P047,HRTF_B,25,0.318,6.20,1.33,1,0
P047,HRTF_B,25,0.332,6.27,1.36,1,0
P047,HRTF_B,25,0.346,6.33,1.38,1,0
P047,HRTF_B,25,0.360,6.37,1.42,1,0
P047,HRTF_B,25,0.374,6.40,1.45,1,0
P047,HRTF_B,25,0.388,6.40,1.48,1,0
P047,HRTF_B,25,0.401,6.41,1.49,1,0
P047,HRTF_B,25,0.416,6.40,1.48,1,0
P047,HRTF_B,25,0.429,6.38,1.46,1,0
P047,HRTF_B,25,0.443,6.35,1.41,1,0
P047,HRTF_B,25,0.457,6.31,1.34,1,0
P047,HRTF_B,25,0.471,6.26,1.30,1,0
P047,HRTF_B,25,0.485,6.19,1.28,1,0
P047,HRTF_B,25,0.499,6.12,1.30,1,0
P047,HRTF_B,25,0.512,6.02,1.31,1,0
P047,HRTF_B,25,0.526,5.93,1.33,1,0
P047,HRTF_B,25,0.540,5.86,1.37,1,0
P047,HRTF_B,25,0.554,5.78,1.38,1,0
P047,HRTF_B,25,0.568,5.72,1.39,1,0
P047,HRTF_B,25,0.582,5.66,1.38,1,0
P047,HRTF_B,25,0.596,5.61,1.37,1,0
P047,HRTF_B,25,0.610,5.56,1.36,1,0
P047,HRTF_B,25,0.624,5.49,1.36,1,0
P047,HRTF_B,25,0.638,5.42,1.35,1,0
P047,HRTF_B,25,0.652,5.37,1.34,1,0
P047,HRTF_B,25,0.665,5.31,1.33,1,0
P047,HRTF_B,25,0.680,5.26,1.32,1,0
P047,HRTF_B,26,0.014,0.58,0.95,9,1
P047,HRTF_B,26,0.028,0.38,0.97,9,1
P047,HRTF_B,26,0.042,0.20,1.00,9,1
P047,HRTF_B,26,0.056,0.02,1.02,9,1
P047,HRTF_B,26,0.070,-0.18,1.03,9,1
P047,HRTF_B,26,0.083,-0.37,1.03,9,1
P047,HRTF_B,26,0.098,-0.55,1.03,9,1
P047,HRTF_B,26,0.111,-0.72,1.04,9,1
P047,HRTF_B,26,0.125,-0.90,1.06,9,1
P047,HRTF_B,26,0.139,-1.07,1.08,9,1
P047,HRTF_B,26,0.153,-1.24,1.10,9,1
P047,HRTF_B,26,0.167,-1.40,1.10,9,1
P047,HRTF_B,26,0.180,-1.56,1.09,9,1
P047,HRTF_B,26,0.194,-1.72,1.10,9,1
P047,HRTF_B,26,0.208,-1.87,1.10,9,1
P047,HRTF_B,26,0.222,-2.02,1.07,9,1
P047,HRTF_B,26,0.236,-2.16,1.06,9,1
P047,HRTF_B,26,0.250,-2.29,1.05,9,1
P047,HRTF_B,26,0.264,-2.43,1.05,9,1
P047,HRTF_B,26,0.278,-2.57,1.05,9,1
P047,HRTF_B,26,0.292,-2.72,1.05,9,1
P047,HRTF_B,26,0.306,-2.88,1.07,9,1
P047,HRTF_B,26,0.320,-3.00,1.09,9,1
P047,HRTF_B,26,0.333,-3.13,1.10,9,1
P047,HRTF_B,26,0.347,-3.24,1.11,9,1
P047,HRTF_B,26,0.361,-3.35,1.10,9,1
P047,HRTF_B,26,0.375,-3.47,1.07,9,1
P047,HRTF_B,26,0.389,-3.57,1.08,9,1
P047,HRTF_B,26,0.403,-3.66,1.06,9,1
P047,HRTF_B,26,0.417,-3.70,1.05,9,1
P047,HRTF_B,26,0.431,-3.71,1.05,9,1
P047,HRTF_B,26,0.445,-3.69,1.04,9,1
P047,HRTF_B,26,0.458,-3.63,1.05,9,1
P047,HRTF_B,26,0.472,-3.58,1.06,9,1
P047,HRTF_B,26,0.486,-3.41,1.08,9,1
P047,HRTF_B,26,0.500,-3.13,1.05,9,1
P047,HRTF_B,26,0.514,-2.79,1.02,9,1
P047,HRTF_B,26,0.528,-2.35,0.99,9,1
P047,HRTF_B,26,0.542,-1.88,0.98,9,1
P047,HRTF_B,26,0.556,-1.36,0.99,9,1
P047,HRTF_B,26,0.570,-0.82,1.01,9,1
P047,HRTF_B,26,0.583,-0.24,1.00,9,1
P047,HRTF_B,26,0.597,0.42,0.96,9,1
P047,HRTF_B,26,0.611,1.17,0.86,9,1
P047,HRTF_B,26,0.625,1.96,0.75,9,1
P047,HRTF_B,26,0.639,2.83,0.69,9,1
P047,HRTF_B,26,0.653,3.62,0.62,9,1
P047,HRTF_B,26,0.667,4.50,0.59,9,1
P047,HRTF_B,26,0.681,5.29,0.63,9,1
P047,HRTF_B,26,0.694,6.09,0.58,9,1
P047,HRTF_B,26,0.708,6.84,0.58,9,1
P047,HRTF_B,26,0.722,7.59,0.55,9,1
P047,HRTF_B,26,0.736,8.25,0.55,9,1
P047,HRTF_B,26,0.750,8.91,0.55,9,1
P047,HRTF_B,26,0.764,9.50,0.52,9,1
P047,HRTF_B,26,0.778,10.06,0.52,9,1
P047,HRTF_B,26,0.792,10.66,0.50,9,1
P047,HRTF_B,26,0.806,11.17,0.45,9,1
P047,HRTF_B,26,0.820,11.67,0.40,9,1
P047,HRTF_B,26,0.834,12.20,0.32,9,1
P047,HRTF_B,26,0.847,12.79,0.16,9,1
P047,HRTF_B,26,0.861,13.41,0.06,9,1
P047,HRTF_B,26,0.875,14.06,-0.05,9,1
P047,HRTF_B,26,0.889,14.67,-0.14,9,1
P047,HRTF_B,26,0.903,15.27,-0.23,9,1
P047,HRTF_B,26,0.917,15.98,-0.34,9,1
P047,HRTF_B,26,0.931,16.71,-0.48,9,1
P047,HRTF_B,26,0.944,17.50,-0.64,9,1
P047,HRTF_B,26,0.958,18.31,-0.72,9,1
P047,HRTF_B,26,0.972,19.13,-0.77,9,1
P047,HRTF_B,26,0.986,20.03,-0.84,9,1
P047,HRTF_B,26,1.000,21.15,-0.95,9,1
P047,HRTF_B,26,1.014,22.36,-1.11,9,1
P047,HRTF_B,26,1.028,23.60,-1.31,9,1
P047,HRTF_B,26,1.042,24.88,-1.38,9,1
P047,HRTF_B,26,1.056,26.26,-1.45,9,1
P047,HRTF_B,26,1.070,27.72,-1.55,9,1
P047,HRTF_B,26,1.084,29.35,-1.64,9,1
P047,HRTF_B,26,1.097,31.11,-1.72,9,1
P047,HRTF_B,26,1.111,32.93,-1.76,9,1
P047,HRTF_B,26,1.125,34.87,-1.76,9,1
P047,HRTF_B,26,1.139,36.83,-1.73,9,1
P047,HRTF_B,26,1.153,38.85,-1.78,9,1
P047,HRTF_B,26,1.167,41.04,-1.82,9,1
P047,HRTF_B,26,1.181,43.19,-1.92,9,1
P047,HRTF_B,26,1.195,45.30,-1.99,9,1
P047,HRTF_B,26,1.208,47.37,-2.00,9,1
P047,HRTF_B,26,1.222,49.35,-2.03,9,1
P047,HRTF_B,26,1.236,51.24,-2.04,9,1
P047,HRTF_B,26,1.250,53.11,-2.09,9,1
P047,HRTF_B,26,1.264,54.82,-2.11,9,1
P047,HRTF_B,26,1.278,56.47,-2.19,9,1
P047,HRTF_B,26,1.292,58.01,-2.40,9,1
P047,HRTF_B,26,1.306,59.54,-2.57,9,1
P047,HRTF_B,26,1.320,61.00,-2.61,9,1
P047,HRTF_B,26,1.334,62.38,-2.62,9,1
P047,HRTF_B,26,1.347,63.71,-2.61,9,1
P047,HRTF_B,26,1.361,65.02,-2.68,9,1
P047,HRTF_B,26,1.375,66.33,-2.81,9,1
P047,HRTF_B,26,1.389,67.59,-2.92,9,1
P047,HRTF_B,26,1.403,68.82,-2.94,9,1
P047,HRTF_B,26,1.417,69.99,-2.89,9,1
P047,HRTF_B,26,1.431,71.09,-2.78,9,1
P047,HRTF_B,26,1.444,72.10,-2.60,9,1
P047,HRTF_B,26,1.458,73.09,-2.50,9,1
P047,HRTF_B,26,1.472,73.94,-2.40,9,1
P047,HRTF_B,26,1.486,74.75,-2.32,9,1
P047,HRTF_B,26,1.500,75.41,-2.24,9,1
P047,HRTF_B,26,1.514,76.01,-2.11,9,1
P047,HRTF_B,26,1.528,76.51,-2.00,9,1
P047,HRTF_B,26,1.542,77.00,-1.96,9,1
P047,HRTF_B,26,1.556,77.44,-1.94,9,1
P047,HRTF_B,26,1.569,77.91,-1.96,9,1
P047,HRTF_B,26,1.583,78.38,-1.99,9,1
P047,HRTF_B,26,1.597,78.82,-1.94,9,1
P047,HRTF_B,26,1.611,79.25,-1.91,9,1
P047,HRTF_B,26,1.625,79.74,-1.87,9,1
P047,HRTF_B,26,1.639,80.20,-1.86,9,1
P047,HRTF_B,26,1.653,80.70,-1.84,9,1
P047,HRTF_B,26,1.667,81.17,-1.81,9,1
P047,HRTF_B,26,1.681,81.62,-1.80,9,1
P047,HRTF_B,26,1.694,82.01,-1.76,9,1
P047,HRTF_B,26,1.708,82.33,-1.72,9,1
P047,HRTF_B,26,1.722,82.65,-1.75,9,1
P047,HRTF_B,26,1.736,82.93,-1.79,9,1
P047,HRTF_B,26,1.750,83.15,-1.76,9,1
P047,HRTF_B,26,1.764,83.39,-1.77,9,1
P047,HRTF_B,26,1.778,83.58,-1.74,9,1
P047,HRTF_B,26,1.792,83.79,-1.68,9,1
P047,HRTF_B,26,1.806,83.94,-1.62,9,1
P047,HRTF_B,26,1.819,84.08,-1.57,9,1
P047,HRTF_B,26,1.833,84.16,-1.51,9,1
P047,HRTF_B,26,1.847,84.24,-1.48,9,1
P047,HRTF_B,27,0.014,1.86,-1.48,25,1
P047,HRTF_B,27,0.028,1.78,-1.52,25,1
P047,HRTF_B,27,0.042,1.67,-1.57,25,1
P047,HRTF_B,27,0.055,1.57,-1.60,25,1
P047,HRTF_B,27,0.069,1.47,-1.62,25,1
P047,HRTF_B,27,0.083,1.35,-1.62,25,1
P047,HRTF_B,27,0.097,1.24,-1.62,25,1
P047,HRTF_B,27,0.111,1.15,-1.60,25,1
P047,HRTF_B,27,0.125,1.05,-1.58,25,1
P047,HRTF_B,27,0.139,0.94,-1.57,25,1
P047,HRTF_B,27,0.153,0.84,-1.56,25,1
P047,HRTF_B,27,0.168,0.72,-1.54,25,1
P047,HRTF_B,27,0.181,0.61,-1.52,25,1
P047,HRTF_B,27,0.194,0.49,-1.51,25,1
P047,HRTF_B,27,0.208,0.41,-1.49,25,1
P047,HRTF_B,27,0.222,0.37,-1.50,25,1
P047,HRTF_B,27,0.236,0.33,-1.52,25,1
P047,HRTF_B,27,0.250,0.31,-1.56,25,1
P047,HRTF_B,27,0.264,0.30,-1.61,25,1
P047,HRTF_B,27,0.278,0.28,-1.68,25,1
P047,HRTF_B,27,0.292,0.27,-1.72,25,1
P047,HRTF_B,27,0.305,0.27,-1.79,25,1
P047,HRTF_B,27,0.319,0.28,-1.82,25,1
P047,HRTF_B,27,0.333,0.30,-1.85,25,1
P047,HRTF_B,27,0.347,0.33,-1.90,25,1
P047,HRTF_B,27,0.361,0.34,-1.91,25,1
P047,HRTF_B,27,0.375,0.37,-1.93,25,1
P047,HRTF_B,27,0.389,0.40,-1.93,25,1
P047,HRTF_B,27,0.403,0.47,-1.93,25,1
P047,HRTF_B,27,0.417,0.54,-1.93,25,1
P047,HRTF_B,27,0.430,0.62,-1.93,25,1
P047,HRTF_B,27,0.444,0.70,-1.91,25,1
P047,HRTF_B,27,0.458,0.79,-1.87,25,1
P047,HRTF_B,27,0.472,0.92,-1.85,25,1
P047,HRTF_B,27,0.486,1.03,-1.78,25,1
P047,HRTF_B,27,0.500,1.18,-1.74,25,1
P047,HRTF_B,27,0.514,1.36,-1.69,25,1
P047,HRTF_B,27,0.528,1.57,-1.63,25,1
P047,HRTF_B,27,0.542,1.78,-1.58,25,1
P047,HRTF_B,27,0.555,2.03,-1.52,25,1
P047,HRTF_B,27,0.570,2.30,-1.47,25,1
P047,HRTF_B,27,0.583,2.58,-1.42,25,1
P047,HRTF_B,27,0.597,2.92,-1.36,25,1
P047,HRTF_B,27,0.611,3.31,-1.31,25,1
P047,HRTF_B,27,0.625,3.70,-1.27,25,1
P047,HRTF_B,27,0.639,4.11,-1.26,25,1
P047,HRTF_B,27,0.653,4.48,-1.24,25,1
P047,HRTF_B,27,0.667,4.88,-1.27,25,1
P047,HRTF_B,27,0.681,5.25,-1.24,25,1
P047,HRTF_B,27,0.694,5.63,-1.22,25,1
P047,HRTF_B,27,0.708,6.01,-1.15,25,1
P047,HRTF_B,27,0.722,6.41,-1.14,25,1
P047,HRTF_B,27,0.736,6.78,-1.12,25,1
P047,HRTF_B,27,0.750,7.12,-1.10,25,1
P047,HRTF_B,27,0.764,7.45,-1.07,25,1
P047,HRTF_B,27,0.778,7.74,-1.08,25,1
P047,HRTF_B,27,0.792,8.04,-1.07,25,1
P047,HRTF_B,27,0.806,8.27,-1.08,25,1
P047,HRTF_B,27,0.819,8.50,-1.09,25,1
P047,HRTF_B,27,0.833,8.68,-1.09,25,1
P047,HRTF_B,27,0.847,8.81,-1.06,25,1
P047,HRTF_B,27,0.861,8.92,-1.05,25,1
P047,HRTF_B,27,0.875,8.98,-1.04,25,1
P047,HRTF_B,27,0.889,9.00,-1.01,25,1
P047,HRTF_B,27,0.903,8.98,-0.97,25,1
P047,HRTF_B,27,0.917,8.92,-0.90,25,1
P047,HRTF_B,27,0.931,8.83,-0.85,25,1
P047,HRTF_B,27,0.944,8.60,-0.81,25,1
P047,HRTF_B,27,0.959,8.29,-0.78,25,1
P047,HRTF_B,27,0.972,7.88,-0.78,25,1
P047,HRTF_B,27,0.986,7.29,-0.87,25,1
P047,HRTF_B,27,1.000,6.61,-1.00,25,1
P047,HRTF_B,27,1.014,5.73,-1.17,25,1
P047,HRTF_B,27,1.028,4.72,-1.40,25,1
P047,HRTF_B,27,1.042,3.52,-1.68,25,1
P047,HRTF_B,27,1.056,2.35,-1.89,25,1
P047,HRTF_B,27,1.069,0.73,-2.09,25,1
P047,HRTF_B,27,1.084,-0.92,-2.24,25,1
P047,HRTF_B,27,1.097,-2.70,-2.41,25,1
P047,HRTF_B,27,1.111,-4.60,-2.51,25,1
P047,HRTF_B,27,1.125,-6.47,-2.54,25,1
P047,HRTF_B,27,1.139,-8.40,-2.55,25,1
P047,HRTF_B,27,1.153,-10.41,-2.49,25,1
P047,HRTF_B,27,1.167,-12.43,-2.45,25,1
P047,HRTF_B,27,1.181,-14.52,-2.35,25,1
P047,HRTF_B,27,1.194,-16.62,-2.19,25,1
P047,HRTF_B,27,1.208,-18.72,-1.89,25,1
P047,HRTF_B,27,1.222,-20.82,-1.66,25,1
P047,HRTF_B,27,1.236,-23.02,-1.51,25,1
P047,HRTF_B,27,1.250,-25.31,-1.47,25,1
P047,HRTF_B,27,1.264,-27.49,-1.50,25,1
P047,HRTF_B,27,1.278,-29.72,-1.52,25,1
P047,HRTF_B,27,1.292,-31.89,-1.53,25,1
P047,HRTF_B,27,1.306,-34.04,-1.54,25,1
P047,HRTF_B,27,1.319,-36.24,-1.57,25,1
P047,HRTF_B,27,1.334,-38.43,-1.52,25,1
P047,HRTF_B,27,1.347,-40.50,-1.50,25,1
P047,HRTF_B,27,1.361,-42.56,-1.35,25,1
P047,HRTF_B,27,1.375,-44.69,-1.29,25,1
P047,HRTF_B,27,1.389,-46.86,-1.29,25,1
P047,HRTF_B,27,1.403,-49.02,-1.22,25,1
P047,HRTF_B,27,1.417,-51.12,-1.08,25,1
P047,HRTF_B,27,1.431,-53.18,-0.88,25,1
P047,HRTF_B,27,1.444,-55.25,-0.67,25,1
P047,HRTF_B,27,1.458,-57.37,-0.44,25,1
P047,HRTF_B,27,1.472,-59.56,-0.39,25,1
P047,HRTF_B,27,1.486,-61.64,-0.21,25,1
P047,HRTF_B,27,1.500,-63.66,0.00,25,1
P047,HRTF_B,27,1.514,-65.67,0.25,25,1
P047,HRTF_B,27,1.528,-67.64,0.46,25,1
P047,HRTF_B,27,1.542,-69.62,0.64,25,1
P047,HRTF_B,27,1.556,-71.52,0.81,25,1
P047,HRTF_B,27,1.569,-73.31,1.00,25,1
P047,HRTF_B,27,1.583,-75.02,1.17,25,1
P047,HRTF_B,27,1.597,-76.71,1.31,25,1
P047,HRTF_B,27,1.611,-78.26,1.28,25,1
P047,HRTF_B,27,1.625,-79.70,1.22,25,1
P047,HRTF_B,27,1.639,-80.94,1.19,25,1
P047,HRTF_B,27,1.653,-82.11,1.33,25,1
P047,HRTF_B,27,1.667,-83.22,1.60,25,1
P047,HRTF_B,27,1.681,-84.27,2.03,25,1
P047,HRTF_B,27,1.694,-85.37,2.46,25,1
P047,HRTF_B,27,1.708,-86.42,2.95,25,1
P047,HRTF_B,27,1.722,-87.43,3.36,25,1
P047,HRTF_B,27,1.736,-88.43,3.64,25,1
P047,HRTF_B,27,1.750,-89.44,3.83,25,1
P047,HRTF_B,27,1.764,-90.40,3.97,25,1
P047,HRTF_B,27,1.777,-91.34,4.12,25,1
P047,HRTF_B,27,1.792,-92.16,4.20,25,1
P047,HRTF_B,27,1.805,-92.98,4.23,25,1
P047,HRTF_B,27,1.819,-93.64,4.10,25,1
P047,HRTF_B,27,1.833,-94.35,4.07,25,1
P047,HRTF_B,27,1.847,-95.03,4.03,25,1
P047,HRTF_B,27,1.861,-95.60,4.07,25,1
P047,HRTF_B,27,1.875,-96.18,4.08,25,1
P047,HRTF_B,27,1.889,-96.65,4.04,25,1
P047,HRTF_B,27,1.902,-97.09,3.90,25,1
P047,HRTF_B,27,1.916,-97.49,3.77,25,1
P047,HRTF_B,27,1.930,-97.78,3.56,25,1
P047,HRTF_B,27,1.944,-98.01,3.47,25,1
P047,HRTF_B,27,1.958,-98.23,3.42,25,1
P047,HRTF_B,27,1.972,-98.45,3.36,25,1
P047,HRTF_B,28,0.014,3.33,2.23,23,1
P047,HRTF_B,28,0.028,3.52,2.27,23,1
P047,HRTF_B,28,0.042,3.70,2.31,23,1
P047,HRTF_B,28,0.056,3.85,2.33,23,1
P047,HRTF_B,28,0.069,4.01,2.36,23,1
P047,HRTF_B,28,0.083,4.14,2.37,23,1
P047,HRTF_B,28,0.097,4.29,2.41,23,1
P047,HRTF_B,28,0.111,4.43,2.42,23,1
P047,HRTF_B,28,0.125,4.56,2.42,23,1
P047,HRTF_B,28,0.139,4.69,2.42,23,1
P047,HRTF_B,28,0.153,4.85,2.39,23,1
P047,HRTF_B,28,0.167,4.99,2.37,23,1
P047,HRTF_B,28,0.180,5.16,2.34,23,1
P047,HRTF_B,28,0.194,5.33,2.32,23,1
P047,HRTF_B,28,0.208,5.51,2.29,23,1
P047,HRTF_B,28,0.222,5.74,2.26,23,1
P047,HRTF_B,28,0.236,5.98,2.22,23,1
P047,HRTF_B,28,0.250,6.27,2.18,23,1
P047,HRTF_B,28,0.264,6.57,2.13,23,1
P047,HRTF_B,28,0.278,6.92,2.07,23,1
P047,HRTF_B,28,0.292,7.31,2.00,23,1
P047,HRTF_B,28,0.305,7.70,1.92,23,1
P047,HRTF_B,28,0.319,8.15,1.87,23,1
P047,HRTF_B,28,0.333,8.70,1.80,23,1
P047,HRTF_B,28,0.347,9.31,1.78,23,1
P047,HRTF_B,28,0.361,10.12,1.66,23,1
P047,HRTF_B,28,0.375,11.00,1.61,23,1
P047,HRTF_B,28,0.389,12.17,1.49,23,1
P047,HRTF_B,28,0.402,13.38,1.39,23,1
P047,HRTF_B,28,0.417,14.76,1.25,23,1
P047,HRTF_B,28,0.430,16.24,1.13,23,1
P047,HRTF_B,28,0.444,17.72,0.99,23,1
P047,HRTF_B,28,0.458,19.36,0.72,23,1
P047,HRTF_B,28,0.472,21.05,0.43,23,1
P047,HRTF_B,28,0.486,22.77,0.25,23,1
P047,HRTF_B,28,0.500,24.47,0.09,23,1
P047,HRTF_B,28,0.514,26.11,-0.02,23,1
P047,HRTF_B,28,0.528,27.74,-0.09,23,1
P047,HRTF_B,28,0.541,29.27,-0.18,23,1
P047,HRTF_B,28,0.556,30.73,-0.30,23,1
P047,HRTF_B,28,0.569,32.04,-0.45,23,1
P047,HRTF_B,28,0.583,33.26,-0.60,23,1
P047,HRTF_B,28,0.597,34.36,-0.73,23,1
P047,HRTF_B,28,0.611,35.34,-0.83,23,1
P047,HRTF_B,28,0.625,36.26,-0.90,23,1
P047,HRTF_B,28,0.639,37.12,-0.95,23,1
P047,HRTF_B,28,0.652,37.82,-1.02,23,1
P047,HRTF_B,28,0.667,38.48,-1.17,23,1
P047,HRTF_B,28,0.680,38.99,-1.22,23,1
P047,HRTF_B,28,0.694,39.51,-1.29,23,1
P047,HRTF_B,28,0.708,39.94,-1.32,23,1
P047,HRTF_B,28,0.722,40.30,-1.35,23,1
P047,HRTF_B,28,0.736,40.59,-1.44,23,1
P047,HRTF_B,28,0.750,40.84,-1.50,23,1
P047,HRTF_B,28,0.764,41.05,-1.57,23,1
P047,HRTF_B,28,0.777,41.22,-1.67,23,1
P047,HRTF_B,28,0.791,41.36,-1.74,23,1
P047,HRTF_B,28,0.805,41.45,-1.76,23,1
P047,HRTF_B,28,0.819,41.53,-1.79,23,1
P047,HRTF_B,28,0.833,41.60,-1.83,23,1
P047,HRTF_B,28,0.847,41.64,-1.87,23,1
P047,HRTF_B,28,0.861,41.66,-1.92,23,1
P047,HRTF_B,28,0.875,41.64,-1.94,23,1
P047,HRTF_B,28,0.889,41.56,-1.96,23,1
P047,HRTF_B,28,0.903,41.41,-1.99,23,1
P047,HRTF_B,28,0.917,41.20,-2.06,23,1
P047,HRTF_B,28,0.930,40.89,-2.15,23,1
P047,HRTF_B,28,0.944,40.53,-2.25,23,1
P047,HRTF_B,28,0.958,40.02,-2.34,23,1
P047,HRTF_B,28,0.972,39.29,-2.40,23,1
P047,HRTF_B,28,0.986,38.53,-2.48,23,1
P047,HRTF_B,28,1.000,37.56,-2.56,23,1
P047,HRTF_B,28,1.013,36.54,-2.63,23,1
P047,HRTF_B,28,1.028,35.25,-2.70,23,1
P047,HRTF_B,28,1.041,33.94,-2.84,23,1
P047,HRTF_B,28,1.055,32.43,-2.96,23,1
P047,HRTF_B,28,1.069,30.73,-3.17,23,1
P047,HRTF_B,28,1.083,29.08,-3.38,23,1
P047,HRTF_B,28,1.097,27.05,-3.64,23,1
P047,HRTF_B,28,1.111,25.00,-3.98,23,1
P047,HRTF_B,28,1.125,22.76,-4.51,23,1
P047,HRTF_B,28,1.139,20.47,-5.21,23,1
P047,HRTF_B,28,1.152,18.09,-6.18,23,1
P047,HRTF_B,28,1.166,15.75,-7.18,23,1
P047,HRTF_B,28,1.181,13.45,-8.16,23,1
P047,HRTF_B,28,1.194,11.15,-9.26,23,1
P047,HRTF_B,28,1.208,8.97,-10.46,23,1
P047,HRTF_B,28,1.222,6.77,-11.66,23,1
P047,HRTF_B,28,1.236,4.78,-12.71,23,1
P047,HRTF_B,28,1.250,2.88,-13.60,23,1
P047,HRTF_B,28,1.264,1.06,-14.46,23,1
P047,HRTF_B,28,1.277,-0.66,-15.39,23,1
P047,HRTF_B,28,1.291,-2.50,-16.39,23,1
P047,HRTF_B,28,1.305,-4.18,-17.33,23,1
P047,HRTF_B,28,1.319,-5.84,-18.08,23,1
P047,HRTF_B,28,1.333,-7.39,-18.77,23,1
P047,HRTF_B,28,1.347,-8.84,-19.48,23,1
P047,HRTF_B,28,1.361,-10.23,-20.10,23,1
P047,HRTF_B,28,1.375,-11.66,-20.72,23,1
P047,HRTF_B,28,1.388,-12.96,-21.22,23,1
P047,HRTF_B,28,1.402,-14.15,-21.62,23,1
P047,HRTF_B,28,1.416,-15.39,-22.21,23,1
P047,HRTF_B,28,1.430,-16.58,-22.63,23,1
P047,HRTF_B,28,1.444,-17.82,-22.97,23,1
P047,HRTF_B,28,1.458,-19.06,-23.40,23,1
P047,HRTF_B,28,1.472,-20.32,-23.88,23,1
P047,HRTF_B,28,1.486,-21.59,-24.40,23,1
P047,HRTF_B,28,1.500,-22.85,-24.91,23,1
P047,HRTF_B,28,1.514,-24.12,-25.36,23,1
P047,HRTF_B,28,1.527,-25.34,-25.59,23,1
P047,HRTF_B,28,1.541,-26.59,-25.86,23,1
P047,HRTF_B,28,1.555,-27.83,-26.09,23,1
P047,HRTF_B,28,1.569,-29.04,-26.31,23,1
P047,HRTF_B,28,1.583,-30.25,-26.47,23,1
P047,HRTF_B,28,1.597,-31.43,-26.55,23,1
P047,HRTF_B,28,1.611,-32.66,-26.68,23,1
P047,HRTF_B,28,1.625,-33.84,-26.83,23,1
P047,HRTF_B,28,1.639,-35.05,-27.13,23,1
P047,HRTF_B,28,1.652,-36.12,-27.35,23,1
P047,HRTF_B,28,1.666,-37.16,-27.57,23,1
P047,HRTF_B,28,1.680,-38.22,-27.73,23,1
P047,HRTF_B,28,1.694,-39.27,-27.87,23,1
P047,HRTF_B,28,1.708,-40.27,-28.06,23,1
P047,HRTF_B,28,1.722,-41.19,-28.34,23,1
P047,HRTF_B,28,1.736,-42.06,-28.56,23,1
P047,HRTF_B,28,1.750,-42.87,-28.78,23,1
P047,HRTF_B,28,1.764,-43.61,-28.92,23,1
P047,HRTF_B,28,1.777,-44.31,-28.97,23,1
P047,HRTF_B,28,1.792,-45.05,-28.98,23,1
P047,HRTF_B,28,1.805,-45.82,-28.98,23,1
P047,HRTF_B,28,1.819,-46.65,-29.04,23,1
P047,HRTF_B,28,1.833,-47.50,-29.09,23,1
P047,HRTF_B,28,1.847,-48.40,-29.17,23,1
P047,HRTF_B,28,1.861,-49.39,-29.11,23,1
P047,HRTF_B,28,1.875,-50.55,-28.90,23,1
P047,HRTF_B,28,1.888,-51.73,-28.51,23,1
P047,HRTF_B,28,1.902,-53.00,-28.04,23,1
P047,HRTF_B,28,1.916,-54.23,-27.42,23,1
P047,HRTF_B,28,1.930,-55.42,-26.78,23,1
P047,HRTF_B,28,1.944,-56.53,-26.14,23,1
P047,HRTF_B,28,1.958,-57.66,-25.47,23,1
P047,HRTF_B,28,1.972,-58.75,-24.87,23,1
P047,HRTF_B,28,1.986,-59.88,-24.15,23,1
P047,HRTF_B,28,2.000,-60.95,-23.43,23,1
P047,HRTF_B,28,2.014,-62.06,-22.68,23,1
P047,HRTF_B,28,2.027,-63.24,-21.81,23,1
P047,HRTF_B,28,2.041,-64.40,-21.03,23,1
P047,HRTF_B,28,2.055,-65.69,-20.21,23,1
P047,HRTF_B,28,2.069,-67.03,-19.37,23,1
P047,HRTF_B,28,2.083,-68.46,-18.47,23,1
P047,HRTF_B,28,2.097,-69.89,-17.50,23,1
P047,HRTF_B,28,2.111,-71.60,-16.45,23,1
P047,HRTF_B,28,2.125,-73.42,-15.49,23,1
P047,HRTF_B,28,2.138,-75.34,-14.58,23,1
P047,HRTF_B,28,2.152,-77.38,-13.76,23,1
P047,HRTF_B,28,2.166,-79.45,-12.94,23,1
P047,HRTF_B,28,2.180,-81.63,-12.20,23,1
P047,HRTF_B,28,2.194,-83.77,-11.52,23,1
P047,HRTF_B,28,2.208,-85.88,-10.97,23,1
P047,HRTF_B,28,2.222,-87.87,-10.57,23,1
P047,HRTF_B,28,2.236,-89.83,-10.29,23,1
P047,HRTF_B,28,2.250,-91.63,-10.02,23,1
P047,HRTF_B,28,2.263,-93.39,-9.68,23,1
P047,HRTF_B,28,2.277,-95.09,-9.35,23,1
P047,HRTF_B,28,2.291,-96.60,-9.01,23,1
P047,HRTF_B,28,2.305,-97.96,-8.78,23,1
P047,HRTF_B,28,2.319,-99.37,-8.57,23,1
P047,HRTF_B,28,2.333,-100.63,-8.37,23,1
P047,HRTF_B,28,2.347,-101.88,-8.18,23,1
P047,HRTF_B,28,2.361,-102.95,-7.98,23,1
P047,HRTF_B,28,2.375,-103.97,-7.84,23,1
P047,HRTF_B,28,2.388,-104.92,-7.69,23,1
P047,HRTF_B,28,2.402,-105.92,-7.58,23,1
P047,HRTF_B,28,2.416,-106.98,-7.57,23,1
P047,HRTF_B,28,2.430,-108.03,-7.59,23,1
P047,HRTF_B,28,2.444,-109.06,-7.65,23,1
P047,HRTF_B,28,2.458,-110.10,-7.80,23,1
P047,HRTF_B,28,2.472,-111.17,-8.02,23,1
P047,HRTF_B,28,2.486,-112.29,-8.22,23,1
P047,HRTF_B,28,2.500,-113.32,-8.44,23,1
P047,HRTF_B,28,2.514,-114.25,-8.58,23,1
P047,HRTF_B,28,2.527,-115.02,-8.68,23,1
P047,HRTF_B,28,2.542,-115.77,-8.74,23,1
P047,HRTF_B,28,2.555,-116.47,-8.81,23,1
P047,HRTF_B,28,2.569,-117.10,-8.98,23,1
P047,HRTF_B,28,2.583,-117.60,-9.11,23,1
P047,HRTF_B,28,2.597,-117.96,-9.29,23,1
P047,HRTF_B,28,2.611,-118.29,-9.52,23,1
P047,HRTF_B,28,2.625,-118.62,-9.72,23,1
P047,HRTF_B,28,2.639,-118.82,-9.93,23,1
P047,HRTF_B,28,2.653,-119.01,-10.10,23,1
P047,HRTF_B,28,2.666,-119.10,-10.24,23,1
P047,HRTF_B,28,2.680,-119.25,-10.35,23,1
P047,HRTF_B,28,2.694,-119.44,-10.47,23,1
P047,HRTF_B,28,2.708,-119.77,-10.65,23,1
P047,HRTF_B,28,2.722,-120.07,-10.88,23,1
P047,HRTF_B,28,2.736,-120.29,-11.14,23,1
P047,HRTF_B,28,2.749,-120.51,-11.45,23,1
P047,HRTF_B,28,2.764,-120.75,-11.82,23,1
P047,HRTF_B,28,2.777,-121.08,-12.31,23,1
P047,HRTF_B,28,2.791,-121.34,-12.91,23,1
P047,HRTF_B,28,2.805,-121.55,-13.74,23,1
P047,HRTF_B,28,2.819,-121.68,-14.95,23,1
P047,HRTF_B,28,2.833,-121.79,-16.56,23,1
P047,HRTF_B,28,2.847,-121.84,-18.33,23,1
P047,HRTF_B,28,2.861,-121.88,-19.84,23,1
P047,HRTF_B,28,2.875,-121.80,-21.30,23,1
P047,HRTF_B,28,2.889,-121.62,-22.76,23,1
P047,HRTF_B,28,2.902,-121.30,-24.34,23,1
P047,HRTF_B,28,2.916,-120.96,-25.83,23,1
P047,HRTF_B,28,2.930,-120.63,-27.14,23,1
P047,HRTF_B,28,2.944,-120.18,-28.27,23,1
P047,HRTF_B,28,2.958,-119.68,-29.35,23,1
P047,HRTF_B,28,2.972,-119.12,-30.57,23,1
P047,HRTF_B,28,2.986,-118.65,-31.76,23,1
P047,HRTF_B,28,3.000,-118.21,-32.75,23,1
P047,HRTF_B,28,3.014,-117.81,-33.50,23,1
P047,HRTF_B,28,3.027,-117.40,-34.15,23,1
P047,HRTF_B,28,3.041,-117.01,-34.87,23,1
P047,HRTF_B,28,3.055,-116.62,-35.53,23,1
P047,HRTF_B,28,3.069,-116.38,-36.12,23,1
P047,HRTF_B,28,3.083,-116.18,-36.64,23,1
P047,HRTF_B,28,3.097,-116.12,-37.04,23,1
P047,HRTF_B,28,3.111,-116.06,-37.41,23,1
P047,HRTF_B,28,3.125,-116.18,-37.55,23,1
P047,HRTF_B,28,3.139,-116.26,-37.79,23,1
P047,HRTF_B,28,3.153,-116.37,-37.99,23,1
P047,HRTF_B,28,3.167,-116.52,-38.11,23,1
P047,HRTF_B,28,3.180,-116.71,-38.26,23,1
P047,HRTF_B,28,3.194,-116.92,-38.39,23,1
P047,HRTF_B,28,3.208,-117.13,-38.51,23,1
P047,HRTF_B,28,3.222,-117.34,-38.59,23,1
P047,HRTF_B,28,3.236,-117.55,-38.66,23,1
P047,HRTF_B,28,3.250,-117.72,-38.72,23,1
P047,HRTF_B,28,3.264,-117.90,-38.79,23,1
P047,HRTF_B,28,3.277,-118.11,-38.84,23,1
P047,HRTF_B,28,3.291,-118.33,-38.88,23,1
P047,HRTF_B,28,3.305,-118.50,-38.90,23,1
P047,HRTF_B,28,3.319,-118.63,-38.90,23,1
P047,HRTF_B,28,3.333,-118.74,-38.89,23,1
P047,HRTF_B,28,3.347,-118.85,-38.90,23,1
P047,HRTF_B,28,3.361,-118.98,-38.95,23,1
P047,HRTF_B,28,3.375,-119.09,-39.06,23,1
P047,HRTF_B,28,3.389,-119.16,-39.17,23,1
P047,HRTF_B,28,3.403,-119.22,-39.22,23,1
P047,HRTF_B,29,0.014,0.33,-0.05,29,1
P047,HRTF_B,29,0.027,0.46,-0.02,29,1
P047,HRTF_B,29,0.041,0.59,-0.03,29,1
P047,HRTF_B,29,0.055,0.71,0.00,29,1
P047,HRTF_B,29,0.069,0.78,0.05,29,1
P047,HRTF_B,29,0.083,0.86,0.08,29,1
P047,HRTF_B,29,0.097,0.92,0.11,29,1
P047,HRTF_B,29,0.111,0.99,0.10,29,1
P047,HRTF_B,29,0.125,1.03,0.07,29,1
P047,HRTF_B,29,0.138,1.05,0.03,29,1
P047,HRTF_B,29,0.152,1.07,0.01,29,1
P047,HRTF_B,29,0.167,1.06,0.03,29,1
P047,HRTF_B,29,0.180,1.07,0.01,29,1
P047,HRTF_B,29,0.194,1.07,-0.06,29,1
P047,HRTF_B,29,0.208,1.09,-0.16,29,1
P047,HRTF_B,29,0.222,1.11,-0.30,29,1
P047,HRTF_B,29,0.235,1.15,-0.41,29,1
P047,HRTF_B,29,0.249,1.19,-0.49,29,1
P047,HRTF_B,29,0.263,1.24,-0.54,29,1
P047,HRTF_B,29,0.277,1.31,-0.60,29,1
P047,HRTF_B,29,0.291,1.37,-0.65,29,1
P047,HRTF_B,29,0.305,1.50,-0.70,29,1
P047,HRTF_B,29,0.319,1.65,-0.81,29,1
P047,HRTF_B,29,0.333,1.87,-0.94,29,1
P047,HRTF_B,29,0.347,2.10,-1.08,29,1
P047,HRTF_B,29,0.360,2.41,-1.23,29,1
P047,HRTF_B,29,0.374,2.75,-1.37,29,1
P047,HRTF_B,29,0.388,3.21,-1.52,29,1
P047,HRTF_B,29,0.402,3.85,-1.67,29,1
P047,HRTF_B,29,0.416,4.58,-1.81,29,1
P047,HRTF_B,29,0.430,5.42,-1.89,29,1
P047,HRTF_B,29,0.444,6.31,-1.93,29,1
P047,HRTF_B,29,0.458,7.27,-2.02,29,1
P047,HRTF_B,29,0.471,8.36,-2.07,29,1
P047,HRTF_B,29,0.486,9.45,-2.13,29,1
P047,HRTF_B,29,0.499,10.60,-2.18,29,1
P047,HRTF_B,29,0.513,11.84,-2.18,29,1
P047,HRTF_B,29,0.527,13.03,-2.16,29,1
P047,HRTF_B,29,0.541,14.23,-2.16,29,1
P047,HRTF_B,29,0.555,15.45,-2.16,29,1
P047,HRTF_B,29,0.569,16.58,-2.19,29,1
P047,HRTF_B,29,0.583,17.74,-2.23,29,1
P047,HRTF_B,29,0.596,18.80,-2.22,29,1
P047,HRTF_B,29,0.610,19.78,-2.19,29,1
P047,HRTF_B,29,0.624,20.70,-2.20,29,1
P047,HRTF_B,29,0.638,21.57,-2.21,29,1
P047,HRTF_B,29,0.652,22.33,-2.30,29,1
P047,HRTF_B,29,0.666,23.01,-2.41,29,1
P047,HRTF_B,29,0.680,23.70,-2.45,29,1
P047,HRTF_B,29,0.694,24.30,-2.50,29,1
P047,HRTF_B,29,0.708,24.84,-2.51,29,1
P047,HRTF_B,29,0.722,25.35,-2.57,29,1
P047,HRTF_B,29,0.735,25.82,-2.62,29,1
P047,HRTF_B,29,0.749,26.27,-2.68,29,1
P047,HRTF_B,29,0.763,26.70,-2.72,29,1
P047,HRTF_B,29,0.777,27.09,-2.72,29,1
P047,HRTF_B,29,0.791,27.46,-2.75,29,1
P047,HRTF_B,29,0.805,27.79,-2.72,29,1
P047,HRTF_B,29,0.819,28.05,-2.72,29,1
P047,HRTF_B,29,0.832,28.34,-2.75,29,1
P047,HRTF_B,29,0.846,28.60,-2.71,29,1
P047,HRTF_B,29,0.860,28.83,-2.64,29,1
P047,HRTF_B,29,0.874,29.00,-2.60,29,1
P047,HRTF_B,29,0.888,29.19,-2.55,29,1
P047,HRTF_B,29,0.902,29.35,-2.52,29,1
P047,HRTF_B,29,0.916,29.48,-2.45,29,1
P047,HRTF_B,29,0.930,29.61,-2.36,29,1
P047,HRTF_B,29,0.944,29.71,-2.27,29,1
P047,HRTF_B,29,0.958,29.75,-2.21,29,1
P047,HRTF_B,29,0.972,29.76,-2.17,29,1
P047,HRTF_B,29,0.985,29.75,-2.18,29,1
P047,HRTF_B,29,0.999,29.66,-2.20,29,1
P047,HRTF_B,29,1.013,29.46,-2.20,29,1
P047,HRTF_B,29,1.027,29.19,-2.20,29,1
P047,HRTF_B,29,1.041,28.83,-2.20,29,1
P047,HRTF_B,29,1.055,28.43,-2.19,29,1
P047,HRTF_B,29,1.069,27.94,-2.20,29,1
P047,HRTF_B,29,1.082,27.27,-2.23,29,1
P047,HRTF_B,29,1.096,26.63,-2.27,29,1
P047,HRTF_B,29,1.110,25.85,-2.37,29,1
P047,HRTF_B,29,1.124,25.08,-2.48,29,1
P047,HRTF_B,29,1.138,24.24,-2.57,29,1
P047,HRTF_B,29,1.152,23.36,-2.63,29,1
P047,HRTF_B,29,1.166,22.34,-2.68,29,1
P047,HRTF_B,29,1.180,21.21,-2.70,29,1
P047,HRTF_B,29,1.194,20.06,-2.76,29,1
P047,HRTF_B,29,1.207,18.78,-2.76,29,1
P047,HRTF_B,29,1.221,17.47,-2.76,29,1
P047,HRTF_B,29,1.235,16.12,-2.73,29,1
P047,HRTF_B,29,1.249,14.70,-2.67,29,1
P047,HRTF_B,29,1.263,13.20,-2.64,29,1
P047,HRTF_B,29,1.277,11.53,-2.64,29,1
P047,HRTF_B,29,1.291,9.87,-2.66,29,1
P047,HRTF_B,29,1.305,8.19,-2.65,29,1
P047,HRTF_B,29,1.319,6.54,-2.62,29,1
P047,HRTF_B,29,1.332,4.76,-2.62,29,1
P047,HRTF_B,29,1.346,2.93,-2.64,29,1
P047,HRTF_B,29,1.360,1.06,-2.68,29,1
P047,HRTF_B,29,1.374,-0.82,-2.75,29,1
P047,HRTF_B,29,1.388,-2.64,-2.81,29,1
P047,HRTF_B,29,1.402,-4.47,-2.83,29,1
P047,HRTF_B,29,1.416,-6.26,-2.90,29,1
P047,HRTF_B,29,1.430,-8.06,-2.83,29,1
P047,HRTF_B,29,1.443,-9.83,-2.77,29,1
P047,HRTF_B,29,1.457,-11.54,-2.65,29,1
P047,HRTF_B,29,1.471,-13.27,-2.46,29,1
P047,HRTF_B,29,1.485,-15.05,-2.18,29,1
P047,HRTF_B,29,1.499,-16.86,-1.92,29,1
P047,HRTF_B,29,1.513,-18.66,-1.51,29,1
P047,HRTF_B,29,1.527,-20.36,-1.18,29,1
P047,HRTF_B,29,1.541,-21.97,-0.86,29,1
P047,HRTF_B,29,1.555,-23.49,-0.73,29,1
P047,HRTF_B,29,1.569,-25.04,-0.72,29,1
P047,HRTF_B,29,1.582,-26.54,-0.77,29,1
P047,HRTF_B,29,1.596,-28.03,-0.75,29,1
P047,HRTF_B,29,1.610,-29.47,-0.65,29,1
P047,HRTF_B,29,1.624,-30.86,-0.54,29,1
P047,HRTF_B,29,1.638,-32.21,-0.50,29,1
P047,HRTF_B,29,1.652,-33.57,-0.56,29,1
P047,HRTF_B,29,1.666,-34.82,-0.66,29,1
P047,HRTF_B,29,1.680,-36.11,-0.70,29,1
P047,HRTF_B,29,1.693,-37.30,-0.70,29,1
P047,HRTF_B,29,1.707,-38.51,-0.68,29,1
P047,HRTF_B,29,1.721,-39.68,-0.66,29,1
P047,HRTF_B,29,1.735,-40.77,-0.66,29,1
P047,HRTF_B,29,1.749,-41.81,-0.65,29,1
P047,HRTF_B,29,1.763,-42.90,-0.69,29,1
P047,HRTF_B,29,1.777,-43.84,-0.67,29,1
P047,HRTF_B,29,1.791,-44.75,-0.66,29,1
P047,HRTF_B,29,1.805,-45.63,-0.63,29,1
P047,HRTF_B,29,1.818,-46.43,-0.58,29,1
P047,HRTF_B,29,1.832,-47.19,-0.52,29,1
P047,HRTF_B,29,1.846,-47.95,-0.52,29,1
P047,HRTF_B,29,1.860,-48.61,-0.46,29,1
P047,HRTF_B,29,1.874,-49.28,-0.44,29,1
P047,HRTF_B,29,1.888,-49.90,-0.42,29,1
P047,HRTF_B,29,1.902,-50.48,-0.39,29,1
P047,HRTF_B,29,1.916,-51.02,-0.38,29,1
P047,HRTF_B,29,1.930,-51.53,-0.33,29,1
P047,HRTF_B,29,1.943,-52.01,-0.29,29,1
P047,HRTF_B,29,1.957,-52.54,-0.24,29,1
P047,HRTF_B,29,1.971,-53.03,-0.21,29,1
P047,HRTF_B,29,1.985,-53.50,-0.17,29,1
P047,HRTF_B,29,1.999,-53.92,-0.15,29,1
P047,HRTF_B,29,2.013,-54.29,-0.16,29,1
P047,HRTF_B,29,2.027,-54.64,-0.14,29,1
P047,HRTF_B,29,2.041,-54.95,-0.13,29,1
P047,HRTF_B,29,2.055,-55.24,-0.18,29,1
P047,HRTF_B,29,2.068,-55.48,-0.25,29,1
P047,HRTF_B,29,2.082,-55.71,-0.29,29,1
P047,HRTF_B,29,2.096,-55.89,-0.35,29,1
P047,HRTF_B,29,2.110,-56.05,-0.40,29,1
P047,HRTF_B,29,2.124,-56.22,-0.44,29,1
P047,HRTF_B,29,2.138,-56.35,-0.50,29,1
P047,HRTF_B,29,2.152,-56.49,-0.54,29,1
P047,HRTF_B,29,2.166,-56.59,-0.57,29,1
P047,HRTF_B,29,2.179,-56.69,-0.59,29,1
P047,HRTF_B,29,2.193,-56.75,-0.62,29,1
P047,HRTF_B,29,2.207,-56.82,-0.67,29,1
P047,HRTF_B,29,2.221,-56.87,-0.71,29,1
P047,HRTF_B,29,2.235,-56.91,-0.75,29,1
P047,HRTF_B,29,2.249,-56.94,-0.79,29,1
P047,HRTF_B,29,2.263,-56.95,-0.79,29,1
P047,HRTF_B,29,2.277,-56.95,-0.78,29,1
P047,HRTF_B,29,2.291,-56.95,-0.75,29,1
P047,HRTF_B,29,2.304,-56.94,-0.71,29,1
P047,HRTF_B,29,2.318,-56.92,-0.65,29,1
P047,HRTF_B,29,2.332,-56.89,-0.59,29,1
P047,HRTF_B,29,2.346,-56.87,-0.50,29,1
P047,HRTF_B,29,2.360,-56.85,-0.40,29,1
P047,HRTF_B,29,2.374,-56.81,-0.29,29,1
P047,HRTF_B,29,2.388,-56.77,-0.22,29,1
P047,HRTF_B,30,0.014,4.40,1.97,6,1
P047,HRTF_B,30,0.028,4.72,1.87,6,1
P047,HRTF_B,30,0.041,5.00,1.77,6,1
P047,HRTF_B,30,0.056,5.30,1.70,6,1
P047,HRTF_B,30,0.069,5.56,1.59,6,1
P047,HRTF_B,30,0.083,5.78,1.51,6,1
P047,HRTF_B,30,0.097,6.01,1.41,6,1
P047,HRTF_B,30,0.111,6.20,1.34,6,1
P047,HRTF_B,30,0.125,6.38,1.24,6,1
P047,HRTF_B,30,0.139,6.54,1.15,6,1
P047,HRTF_B,30,0.152,6.68,1.07,6,1
P047,HRTF_B,30,0.166,6.79,1.00,6,1
P047,HRTF_B,30,0.180,6.88,0.95,6,1
P047,HRTF_B,30,0.195,6.95,0.92,6,1
P047,HRTF_B,30,0.208,7.02,0.90,6,1
P047,HRTF_B,30,0.222,7.08,0.89,6,1
P047,HRTF_B,30,0.236,7.14,0.86,6,1
P047,HRTF_B,30,0.250,7.19,0.86,6,1
P047,HRTF_B,30,0.264,7.23,0.84,6,1
P047,HRTF_B,30,0.278,7.27,0.81,6,1
P047,HRTF_B,30,0.291,7.27,0.79,6,1
P047,HRTF_B,30,0.305,7.26,0.78,6,1
P047,HRTF_B,30,0.319,7.28,0.80,6,1
P047,HRTF_B,30,0.333,7.29,0.82,6,1
P047,HRTF_B,30,0.347,7.32,0.82,6,1
P047,HRTF_B,30,0.361,7.36,0.81,6,1
P047,HRTF_B,30,0.375,7.42,0.77,6,1
P047,HRTF_B,30,0.389,7.50,0.73,6,1
P047,HRTF_B,30,0.403,7.60,0.72,6,1
P047,HRTF_B,30,0.416,7.72,0.72,6,1
P047,HRTF_B,30,0.430,7.88,0.73,6,1
P047,HRTF_B,30,0.444,8.01,0.75,6,1
P047,HRTF_B,30,0.458,8.16,0.75,6,1
P047,HRTF_B,30,0.472,8.37,0.76,6,1
P047,HRTF_B,30,0.486,8.56,0.76,6,1
P047,HRTF_B,30,0.500,8.79,0.76,6,1
P047,HRTF_B,30,0.514,9.03,0.75,6,1
P047,HRTF_B,30,0.528,9.27,0.74,6,1
P047,HRTF_B,30,0.541,9.54,0.73,6,1
P047,HRTF_B,30,0.555,9.81,0.71,6,1
P047,HRTF_B,30,0.569,10.08,0.68,6,1
P047,HRTF_B,30,0.583,10.37,0.65,6,1
P047,HRTF_B,30,0.597,10.64,0.59,6,1
P047,HRTF_B,30,0.611,10.93,0.56,6,1
P047,HRTF_B,30,0.625,11.19,0.53,6,1
P047,HRTF_B,30,0.639,11.48,0.50,6,1
P047,HRTF_B,30,0.653,11.74,0.49,6,1
P047,HRTF_B,30,0.666,11.97,0.48,6,1
P047,HRTF_B,30,0.680,12.21,0.46,6,1
P047,HRTF_B,30,0.694,12.44,0.46,6,1
P047,HRTF_B,30,0.708,12.63,0.45,6,1
P047,HRTF_B,30,0.722,12.82,0.44,6,1
P047,HRTF_B,30,0.736,12.99,0.45,6,1
P047,HRTF_B,30,0.750,13.15,0.46,6,1
P047,HRTF_B,30,0.764,13.29,0.46,6,1
P047,HRTF_B,30,0.777,13.41,0.45,6,1
P047,HRTF_B,30,0.792,13.51,0.44,6,1
P047,HRTF_B,30,0.805,13.60,0.45,6,1
P047,HRTF_B,30,0.819,13.68,0.46,6,1
P047,HRTF_B,30,0.833,13.76,0.47,6,1
P047,HRTF_B,30,0.847,13.81,0.49,6,1
P047,HRTF_B,30,0.861,13.85,0.51,6,1
P047,HRTF_B,30,0.875,13.88,0.54,6,1
P047,HRTF_B,30,0.889,13.92,0.58,6,1
P047,HRTF_B,30,0.902,13.95,0.60,6,1
P047,HRTF_B,30,0.916,14.00,0.63,6,1
P047,HRTF_B,30,0.930,14.05,0.65,6,1
P047,HRTF_B,30,0.944,14.12,0.66,6,1
P047,HRTF_B,30,0.958,14.26,0.66,6,1
P047,HRTF_B,30,0.972,14.53,0.61,6,1
P047,HRTF_B,30,0.986,14.98,0.53,6,1
P047,HRTF_B,30,1.000,15.46,0.47,6,1
P047,HRTF_B,30,1.014,16.04,0.43,6,1
P047,HRTF_B,30,1.027,16.68,0.41,6,1
P047,HRTF_B,30,1.041,17.42,0.42,6,1
P047,HRTF_B,30,1.055,18.36,0.36,6,1
P047,HRTF_B,30,1.069,19.46,0.30,6,1
P047,HRTF_B,30,1.083,20.72,0.23,6,1
P047,HRTF_B,30,1.097,22.14,0.20,6,1
P047,HRTF_B,30,1.111,23.61,0.13,6,1
P047,HRTF_B,30,1.125,25.21,0.09,6,1
P047,HRTF_B,30,1.139,27.01,0.07,6,1
P047,HRTF_B,30,1.152,28.86,0.00,6,1
P047,HRTF_B,30,1.166,30.77,0.00,6,1
P047,HRTF_B,30,1.180,32.83,-0.04,6,1
P047,HRTF_B,30,1.194,34.94,-0.10,6,1
P047,HRTF_B,30,1.208,37.06,-0.21,6,1
P047,HRTF_B,30,1.222,39.20,-0.34,6,1
P047,HRTF_B,30,1.236,41.30,-0.45,6,1
P047,HRTF_B,30,1.250,43.41,-0.57,6,1
P047,HRTF_B,30,1.264,45.52,-0.73,6,1
P047,HRTF_B,30,1.278,47.62,-0.86,6,1
P047,HRTF_B,30,1.291,49.72,-1.06,6,1
P047,HRTF_B,30,1.305,51.77,-1.27,6,1
P047,HRTF_B,30,1.319,53.77,-1.47,6,1
P047,HRTF_B,30,1.333,55.64,-1.55,6,1
P047,HRTF_B,30,1.347,57.32,-1.71,6,1
P047,HRTF_B,30,1.361,58.95,-1.98,6,1
P047,HRTF_B,30,1.375,60.42,-2.29,6,1
P047,HRTF_B,30,1.389,61.72,-2.61,6,1
P047,HRTF_B,30,1.403,62.75,-2.88,6,1
P047,HRTF_B,30,1.416,63.71,-3.20,6,1
P047,HRTF_B,30,1.430,64.39,-3.58,6,1
P047,HRTF_B,30,1.444,65.03,-3.89,6,1
P047,HRTF_B,30,1.458,65.62,-4.25,6,1
P047,HRTF_B,30,1.472,65.87,-4.62,6,1
P047,HRTF_B,30,1.486,66.11,-5.01,6,1
P047,HRTF_B,30,1.500,66.23,-5.46,6,1
P047,HRTF_B,30,1.514,66.25,-5.98,6,1
P047,HRTF_B,30,1.527,66.31,-6.46,6,1
P047,HRTF_B,30,1.542,66.20,-6.97,6,1
P047,HRTF_B,30,1.555,66.06,-7.46,6,1
P047,HRTF_B,30,1.569,65.84,-7.87,6,1
P047,HRTF_B,30,1.583,65.58,-8.28,6,1
P047,HRTF_B,30,1.597,65.38,-8.61,6,1
P047,HRTF_B,30,1.611,65.16,-8.91,6,1
P047,HRTF_B,30,1.624,64.97,-9.14,6,1
P047,HRTF_B,30,1.638,64.80,-9.36,6,1
P047,HRTF_B,30,1.652,64.62,-9.54,6,1
P047,HRTF_B,30,1.666,64.40,-9.67,6,1
P047,HRTF_B,30,1.680,64.21,-9.80,6,1
P047,HRTF_B,30,1.694,63.99,-10.00,6,1
P047,HRTF_B,31,0.014,-5.40,-4.70,5,1
P047,HRTF_B,31,0.028,-5.63,-4.68,5,1
P047,HRTF_B,31,0.042,-5.84,-4.69,5,1
P047,HRTF_B,31,0.056,-6.02,-4.72,5,1
P047,HRTF_B,31,0.069,-6.18,-4.80,5,1
P047,HRTF_B,31,0.084,-6.34,-4.83,5,1
P047,HRTF_B,31,0.098,-6.49,-4.86,5,1
P047,HRTF_B,31,0.111,-6.64,-4.86,5,1
P047,HRTF_B,31,0.125,-6.78,-4.90,5,1
P047,HRTF_B,31,0.139,-6.94,-4.98,5,1
P047,HRTF_B,31,0.153,-7.13,-5.13,5,1
P047,HRTF_B,31,0.167,-7.34,-5.26,5,1
P047,HRTF_B,31,0.181,-7.59,-5.35,5,1
P047,HRTF_B,31,0.195,-7.90,-5.38,5,1
P047,HRTF_B,31,0.209,-8.20,-5.42,5,1
P047,HRTF_B,31,0.222,-8.53,-5.42,5,1
P047,HRTF_B,31,0.236,-8.86,-5.50,5,1
P047,HRTF_B,31,0.250,-9.18,-5.58,5,1
P047,HRTF_B,31,0.264,-9.51,-5.69,5,1
P047,HRTF_B,31,0.278,-9.88,-5.75,5,1
P047,HRTF_B,31,0.292,-10.23,-5.79,5,1
P047,HRTF_B,31,0.306,-10.61,-5.82,5,1
P047,HRTF_B,31,0.320,-10.94,-5.85,5,1
P047,HRTF_B,31,0.334,-11.26,-5.87,5,1
P047,HRTF_B,31,0.348,-11.56,-5.90,5,1
P047,HRTF_B,31,0.361,-11.87,-5.93,5,1
P047,HRTF_B,31,0.375,-12.16,-5.95,5,1
P047,HRTF_B,31,0.389,-12.43,-5.96,5,1
P047,HRTF_B,31,0.403,-12.71,-5.99,5,1
P047,HRTF_B,31,0.417,-13.00,-6.01,5,1
P047,HRTF_B,31,0.431,-13.28,-6.01,5,1
P047,HRTF_B,31,0.445,-13.54,-6.00,5,1
P047,HRTF_B,31,0.459,-13.81,-6.01,5,1
P047,HRTF_B,31,0.472,-14.07,-5.99,5,1
P047,HRTF_B,31,0.486,-14.33,-6.00,5,1
P047,HRTF_B,31,0.500,-14.60,-6.01,5,1
P047,HRTF_B,31,0.514,-14.89,-6.00,5,1
P047,HRTF_B,31,0.528,-15.16,-6.00,5,1
P047,HRTF_B,31,0.542,-15.46,-6.01,5,1
P047,HRTF_B,31,0.556,-15.76,-6.01,5,1
P047,HRTF_B,31,0.570,-16.02,-6.01,5,1
P047,HRTF_B,31,0.583,-16.30,-5.99,5,1
P047,HRTF_B,31,0.597,-16.58,-5.97,5,1
P047,HRTF_B,31,0.611,-16.85,-5.93,5,1
P047,HRTF_B,31,0.625,-17.17,-5.90,5,1
P047,HRTF_B,31,0.639,-17.48,-5.90,5,1
P047,HRTF_B,31,0.653,-17.80,-5.88,5,1
P047,HRTF_B,31,0.667,-18.10,-5.87,5,1
P047,HRTF_B,31,0.681,-18.46,-5.87,5,1
P047,HRTF_B,31,0.695,-18.81,-5.85,5,1
P047,HRTF_B,31,0.708,-19.18,-5.84,5,1
P047,HRTF_B,31,0.722,-19.54,-5.85,5,1
P047,HRTF_B,31,0.736,-19.93,-5.86,5,1
P047,HRTF_B,31,0.750,-20.38,-5.85,5,1
P047,HRTF_B,31,0.764,-20.82,-5.85,5,1
P047,HRTF_B,31,0.778,-21.26,-5.81,5,1
P047,HRTF_B,31,0.792,-21.69,-5.79,5,1
P047,HRTF_B,31,0.806,-22.18,-5.78,5,1
P047,HRTF_B,31,0.820,-22.66,-5.78,5,1
P047,HRTF_B,31,0.834,-23.19,-5.79,5,1
P047,HRTF_B,31,0.848,-23.66,-5.83,5,1
P047,HRTF_B,31,0.861,-24.16,-5.83,5,1
P047,HRTF_B,31,0.875,-24.67,-5.86,5,1
P047,HRTF_B,31,0.889,-25.14,-5.85,5,1
P047,HRTF_B,31,0.903,-25.64,-5.85,5,1
P047,HRTF_B,31,0.917,-26.14,-5.86,5,1
P047,HRTF_B,31,0.931,-26.60,-5.85,5,1
P047,HRTF_B,31,0.944,-27.07,-5.86,5,1
P047,HRTF_B,31,0.958,-27.52,-5.88,5,1
P047,HRTF_B,31,0.972,-27.91,-5.91,5,1
P047,HRTF_B,31,0.986,-28.23,-5.96,5,1
P047,HRTF_B,31,1.000,-28.41,-6.04,5,1
P047,HRTF_B,31,1.014,-28.55,-6.06,5,1
P047,HRTF_B,31,1.028,-28.61,-6.09,5,1
P047,HRTF_B,31,1.042,-28.60,-6.10,5,1
P047,HRTF_B,31,1.056,-28.56,-6.10,5,1
P047,HRTF_B,31,1.069,-28.40,-6.11,5,1
P047,HRTF_B,31,1.083,-28.10,-6.13,5,1
P047,HRTF_B,31,1.097,-27.73,-6.16,5,1
P047,HRTF_B,31,1.111,-27.30,-6.18,5,1
P047,HRTF_B,31,1.125,-26.82,-6.20,5,1
P047,HRTF_B,31,1.139,-26.32,-6.25,5,1
P047,HRTF_B,31,1.153,-25.72,-6.28,5,1
P047,HRTF_B,31,1.167,-25.05,-6.32,5,1
P047,HRTF_B,31,1.181,-24.34,-6.36,5,1
P047,HRTF_B,31,1.195,-23.51,-6.39,5,1
P047,HRTF_B,31,1.208,-22.67,-6.47,5,1
P047,HRTF_B,31,1.222,-21.77,-6.51,5,1
P047,HRTF_B,31,1.236,-20.89,-6.61,5,1
P047,HRTF_B,31,1.250,-19.95,-6.71,5,1
P047,HRTF_B,31,1.264,-18.94,-6.80,5,1
P047,HRTF_B,31,1.278,-17.84,-6.83,5,1
P047,HRTF_B,31,1.292,-16.67,-6.82,5,1
P047,HRTF_B,31,1.306,-15.39,-6.78,5,1
P047,HRTF_B,31,1.320,-14.08,-6.71,5,1
P047,HRTF_B,31,1.333,-12.70,-6.62,5,1
P047,HRTF_B,31,1.347,-11.26,-6.51,5,1
P047,HRTF_B,31,1.361,-9.78,-6.42,5,1
P047,HRTF_B,31,1.375,-8.20,-6.29,5,1
P047,HRTF_B,31,1.389,-6.55,-6.15,5,1
P047,HRTF_B,31,1.403,-4.87,-6.08,5,1
P047,HRTF_B,31,1.417,-3.17,-5.96,5,1
P047,HRTF_B,31,1.431,-1.49,-5.86,5,1
P047,HRTF_B,31,1.445,0.18,-5.77,5,1
P047,HRTF_B,31,1.459,1.86,-5.72,5,1
P047,HRTF_B,31,1.473,3.49,-5.64,5,1
P047,HRTF_B,31,1.486,5.09,-5.61,5,1
P047,HRTF_B,31,1.500,6.65,-5.57,5,1
P047,HRTF_B,31,1.514,8.13,-5.48,5,1
P047,HRTF_B,31,1.528,9.53,-5.38,5,1
P047,HRTF_B,31,1.542,10.86,-5.32,5,1
P047,HRTF_B,31,1.556,12.17,-5.28,5,1
P047,HRTF_B,31,1.570,13.43,-5.26,5,1
P047,HRTF_B,31,1.583,14.68,-5.21,5,1
P047,HRTF_B,31,1.597,15.93,-5.17,5,1
P047,HRTF_B,31,1.611,17.14,-5.12,5,1
P047,HRTF_B,31,1.625,18.38,-5.08,5,1
P047,HRTF_B,31,1.639,19.56,-5.07,5,1
P047,HRTF_B,31,1.653,20.77,-5.03,5,1
P047,HRTF_B,31,1.667,21.98,-4.98,5,1
P047,HRTF_B,31,1.681,23.14,-4.91,5,1
P047,HRTF_B,31,1.695,24.32,-4.85,5,1
P047,HRTF_B,31,1.709,25.44,-4.82,5,1
P047,HRTF_B,31,1.722,26.60,-4.76,5,1
P047,HRTF_B,31,1.736,27.67,-4.75,5,1
P047,HRTF_B,31,1.750,28.74,-4.70,5,1
P047,HRTF_B,31,1.764,29.80,-4.61,5,1
P047,HRTF_B,31,1.778,30.84,-4.57,5,1
P047,HRTF_B,31,1.792,31.87,-4.63,5,1
P047,HRTF_B,31,1.806,32.85,-4.73,5,1
P047,HRTF_B,31,1.820,33.75,-4.91,5,1
P047,HRTF_B,31,1.833,34.67,-5.07,5,1
P047,HRTF_B,31,1.848,35.48,-5.13,5,1
P047,HRTF_B,31,1.861,36.28,-5.17,5,1
P047,HRTF_B,31,1.875,37.05,-5.16,5,1
P047,HRTF_B,31,1.889,37.86,-5.09,5,1
P047,HRTF_B,31,1.903,38.60,-5.04,5,1
P047,HRTF_B,31,1.917,39.37,-4.98,5,1
P047,HRTF_B,31,1.931,40.11,-4.94,5,1
P047,HRTF_B,31,1.944,40.85,-4.87,5,1
P047,HRTF_B,31,1.958,41.59,-4.78,5,1
P047,HRTF_B,31,1.972,42.23,-4.70,5,1
P047,HRTF_B,31,1.986,42.87,-4.59,5,1
P047,HRTF_B,31,2.000,43.46,-4.56,5,1
P047,HRTF_B,31,2.014,44.00,-4.47,5,1
P047,HRTF_B,31,2.028,44.49,-4.36,5,1
P047,HRTF_B,31,2.042,44.93,-4.29,5,1
P047,HRTF_B,31,2.056,45.38,-4.23,5,1
P047,HRTF_B,31,2.070,45.80,-4.14,5,1
P047,HRTF_B,31,2.083,46.20,-4.09,5,1
P047,HRTF_B,31,2.097,46.58,-4.03,5,1
P047,HRTF_B,31,2.111,46.98,-4.01,5,1
P047,HRTF_B,31,2.125,47.35,-3.98,5,1
P047,HRTF_B,31,2.139,47.73,-3.99,5,1
P047,HRTF_B,31,2.153,48.10,-3.99,5,1
P047,HRTF_B,32,0.014,-2.14,0.17,14,1
P047,HRTF_B,32,0.028,-2.29,0.17,14,1
P047,HRTF_B,32,0.042,-2.45,0.15,14,1
P047,HRTF_B,32,0.056,-2.59,0.14,14,1
P047,HRTF_B,32,0.069,-2.75,0.08,14,1
P047,HRTF_B,32,0.083,-2.91,0.04,14,1
P047,HRTF_B,32,0.097,-3.07,-0.02,14,1
P047,HRTF_B,32,0.111,-3.24,-0.11,14,1
P047,HRTF_B,32,0.125,-3.43,-0.20,14,1
P047,HRTF_B,32,0.139,-3.61,-0.29,14,1
P047,HRTF_B,32,0.153,-3.80,-0.36,14,1
P047,HRTF_B,32,0.167,-4.00,-0.42,14,1
P047,HRTF_B,32,0.181,-4.15,-0.46,14,1
P047,HRTF_B,32,0.195,-4.33,-0.52,14,1
P047,HRTF_B,32,0.208,-4.46,-0.59,14,1
P047,HRTF_B,32,0.222,-4.58,-0.69,14,1
P047,HRTF_B,32,0.236,-4.69,-0.79,14,1
P047,HRTF_B,32,0.250,-4.76,-0.89,14,1
P047,HRTF_B,32,0.264,-4.82,-0.96,14,1
P047,HRTF_B,32,0.278,-4.87,-1.04,14,1
P047,HRTF_B,32,0.292,-4.90,-1.11,14,1
P047,HRTF_B,32,0.306,-4.92,-1.17,14,1
P047,HRTF_B,32,0.320,-4.95,-1.23,14,1
P047,HRTF_B,32,0.333,-4.96,-1.28,14,1
P047,HRTF_B,32,0.347,-4.95,-1.31,14,1
P047,HRTF_B,32,0.361,-4.93,-1.32,14,1
P047,HRTF_B,32,0.375,-4.92,-1.33,14,1
P047,HRTF_B,32,0.389,-4.93,-1.32,14,1
P047,HRTF_B,32,0.403,-4.99,-1.28,14,1
P047,HRTF_B,32,0.417,-5.05,-1.27,14,1
P047,HRTF_B,32,0.431,-5.14,-1.23,14,1
P047,HRTF_B,32,0.444,-5.29,-1.23,14,1
P047,HRTF_B,32,0.458,-5.45,-1.23,14,1
P047,HRTF_B,32,0.472,-5.62,-1.27,14,1
P047,HRTF_B,32,0.486,-5.84,-1.26,14,1
P047,HRTF_B,32,0.500,-6.08,-1.25,14,1
P047,HRTF_B,32,0.514,-6.34,-1.22,14,1
P047,HRTF_B,32,0.528,-6.64,-1.20,14,1
P047,HRTF_B,32,0.542,-6.95,-1.21,14,1
P047,HRTF_B,32,0.556,-7.30,-1.21,14,1
P047,HRTF_B,32,0.569,-7.66,-1.19,14,1
P047,HRTF_B,32,0.583,-8.08,-1.19,14,1
P047,HRTF_B,32,0.597,-8.53,-1.19,14,1
P047,HRTF_B,32,0.611,-9.00,-1.18,14,1
P047,HRTF_B,32,0.625,-9.48,-1.22,14,1
P047,HRTF_B,32,0.639,-9.99,-1.23,14,1
P047,HRTF_B,32,0.653,-10.54,-1.27,14,1
P047,HRTF_B,32,0.667,-11.10,-1.33,14,1
P047,HRTF_B,32,0.680,-11.69,-1.34,14,1
P047,HRTF_B,32,0.694,-12.26,-1.39,14,1
P047,HRTF_B,32,0.708,-12.89,-1.44,14,1
P047,HRTF_B,32,0.722,-13.49,-1.48,14,1
P047,HRTF_B,32,0.736,-14.08,-1.52,14,1
P047,HRTF_B,32,0.750,-14.69,-1.55,14,1
P047,HRTF_B,32,0.764,-15.31,-1.57,14,1
P047,HRTF_B,32,0.778,-15.90,-1.64,14,1
P047,HRTF_B,32,0.792,-16.54,-1.63,14,1
P047,HRTF_B,32,0.805,-17.14,-1.68,14,1
P047,HRTF_B,32,0.819,-17.79,-1.72,14,1
P047,HRTF_B,32,0.833,-18.42,-1.75,14,1
P047,HRTF_B,32,0.847,-19.04,-1.75,14,1
P047,HRTF_B,32,0.861,-19.65,-1.79,14,1
P047,HRTF_B,32,0.875,-20.27,-1.78,14,1
P047,HRTF_B,32,0.889,-20.87,-1.81,14,1
P047,HRTF_B,32,0.903,-21.46,-1.81,14,1
P047,HRTF_B,32,0.917,-21.98,-1.85,14,1
P047,HRTF_B,32,0.930,-22.47,-1.87,14,1
P047,HRTF_B,32,0.944,-22.92,-1.89,14,1
P047,HRTF_B,32,0.958,-23.35,-1.87,14,1
P047,HRTF_B,32,0.972,-23.74,-1.90,14,1
P047,HRTF_B,32,0.986,-24.12,-1.89,14,1
P047,HRTF_B,32,1.000,-24.49,-1.91,14,1
P047,HRTF_B,32,1.014,-24.85,-1.92,14,1
P047,HRTF_B,32,1.028,-25.12,-1.96,14,1
P047,HRTF_B,32,1.042,-25.37,-2.00,14,1
P047,HRTF_B,32,1.055,-25.54,-2.01,14,1
P047,HRTF_B,32,1.069,-25.65,-2.04,14,1
P047,HRTF_B,32,1.083,-25.73,-2.10,14,1
P047,HRTF_B,32,1.098,-25.81,-2.17,14,1
P047,HRTF_B,32,1.111,-25.87,-2.24,14,1
P047,HRTF_B,32,1.125,-25.94,-2.31,14,1
P047,HRTF_B,32,1.139,-25.87,-2.37,14,1
P047,HRTF_B,32,1.153,-25.80,-2.43,14,1
P047,HRTF_B,32,1.167,-25.65,-2.52,14,1
P047,HRTF_B,32,1.181,-25.44,-2.59,14,1
P047,HRTF_B,32,1.194,-25.18,-2.64,14,1
P047,HRTF_B,32,1.208,-24.90,-2.68,14,1
P047,HRTF_B,32,1.222,-24.52,-2.73,14,1
P047,HRTF_B,32,1.236,-24.12,-2.76,14,1
P047,HRTF_B,32,1.250,-23.49,-2.81,14,1
P047,HRTF_B,32,1.264,-22.85,-2.84,14,1
P047,HRTF_B,32,1.278,-22.16,-2.90,14,1
P047,HRTF_B,32,1.291,-21.47,-2.94,14,1
P047,HRTF_B,32,1.305,-20.53,-2.94,14,1
P047,HRTF_B,32,1.320,-19.44,-2.99,14,1
P047,HRTF_B,32,1.333,-18.25,-3.01,14,1
P047,HRTF_B,32,1.347,-16.91,-3.01,14,1
P047,HRTF_B,32,1.361,-15.52,-2.99,14,1
P047,HRTF_B,32,1.375,-14.01,-3.00,14,1
P047,HRTF_B,32,1.389,-12.39,-3.05,14,1
P047,HRTF_B,32,1.403,-10.61,-3.13,14,1
P047,HRTF_B,32,1.417,-8.76,-3.24,14,1
P047,HRTF_B,32,1.431,-6.92,-3.37,14,1
P047,HRTF_B,32,1.444,-5.00,-3.49,14,1
P047,HRTF_B,32,1.458,-3.11,-3.62,14,1
P047,HRTF_B,32,1.472,-1.20,-3.84,14,1
P047,HRTF_B,32,1.486,0.70,-4.02,14,1
P047,HRTF_B,32,1.500,2.61,-4.16,14,1
P047,HRTF_B,32,1.514,4.45,-4.27,14,1
P047,HRTF_B,32,1.528,6.25,-4.38,14,1
P047,HRTF_B,32,1.542,8.02,-4.56,14,1
P047,HRTF_B,32,1.555,9.77,-4.81,14,1
P047,HRTF_B,32,1.569,11.46,-5.07,14,1
P047,HRTF_B,32,1.583,13.09,-5.35,14,1
P047,HRTF_B,32,1.597,14.75,-5.62,14,1
P047,HRTF_B,32,1.611,16.36,-5.87,14,1
P047,HRTF_B,32,1.625,18.02,-6.11,14,1
P047,HRTF_B,32,1.639,19.63,-6.38,14,1
P047,HRTF_B,32,1.653,21.17,-6.59,14,1
P047,HRTF_B,32,1.666,22.70,-6.78,14,1
P047,HRTF_B,32,1.680,24.25,-6.99,14,1
P047,HRTF_B,32,1.694,25.82,-7.15,14,1
P047,HRTF_B,32,1.708,27.43,-7.29,14,1
P047,HRTF_B,32,1.722,29.04,-7.40,14,1
P047,HRTF_B,32,1.736,30.68,-7.55,14,1
P047,HRTF_B,32,1.750,32.35,-7.70,14,1
P047,HRTF_B,32,1.764,34.01,-7.83,14,1
P047,HRTF_B,32,1.778,35.64,-7.99,14,1
P047,HRTF_B,32,1.791,37.25,-8.14,14,1
P047,HRTF_B,32,1.805,38.85,-8.34,14,1
P047,HRTF_B,32,1.819,40.42,-8.46,14,1
P047,HRTF_B,32,1.833,41.99,-8.71,14,1
P047,HRTF_B,32,1.847,43.53,-8.96,14,1
P047,HRTF_B,32,1.861,44.99,-9.22,14,1
P047,HRTF_B,32,1.875,46.44,-9.43,14,1
P047,HRTF_B,32,1.889,47.78,-9.66,14,1
P047,HRTF_B,32,1.902,49.11,-9.91,14,1
P047,HRTF_B,32,1.917,50.40,-10.21,14,1
P047,HRTF_B,32,1.930,51.68,-10.60,14,1
P047,HRTF_B,32,1.944,52.95,-11.08,14,1
P047,HRTF_B,32,1.958,54.15,-11.59,14,1
P047,HRTF_B,32,1.972,55.35,-12.09,14,1
P047,HRTF_B,32,1.986,56.47,-12.66,14,1
P047,HRTF_B,32,2.000,57.63,-13.33,14,1
P047,HRTF_B,32,2.014,58.76,-14.02,14,1
P047,HRTF_B,32,2.028,59.97,-14.83,14,1
P047,HRTF_B,32,2.041,61.10,-15.52,14,1
P047,HRTF_B,32,2.055,62.19,-16.21,14,1
P047,HRTF_B,32,2.069,63.19,-16.86,14,1
P047,HRTF_B,32,2.083,64.18,-17.48,14,1
P047,HRTF_B,32,2.097,65.16,-18.09,14,1
P047,HRTF_B,32,2.111,66.14,-18.64,14,1
P047,HRTF_B,32,2.125,67.10,-19.13,14,1
P047,HRTF_B,32,2.139,68.00,-19.60,14,1
P047,HRTF_B,32,2.153,68.93,-20.01,14,1
P047,HRTF_B,32,2.166,69.82,-20.41,14,1
P047,HRTF_B,32,2.180,70.73,-20.86,14,1
P047,HRTF_B,32,2.194,71.68,-21.36,14,1
P047,HRTF_B,32,2.208,72.71,-21.90,14,1
P047,HRTF_B,32,2.222,73.79,-22.51,14,1
P047,HRTF_B,32,2.236,74.93,-23.08,14,1
P047,HRTF_B,32,2.250,76.23,-23.69,14,1
P047,HRTF_B,32,2.264,77.56,-24.35,14,1
P047,HRTF_B,32,2.278,79.19,-25.12,14,1
P047,HRTF_B,32,2.292,80.93,-25.91,14,1
P047,HRTF_B,32,2.305,82.74,-26.59,14,1
P047,HRTF_B,32,2.320,84.46,-27.25,14,1
P047,HRTF_B,32,2.333,86.53,-27.70,14,1
P047,HRTF_B,32,2.347,88.57,-28.10,14,1
P047,HRTF_B,32,2.361,90.67,-28.49,14,1
P047,HRTF_B,32,2.375,92.92,-28.85,14,1
P047,HRTF_B,32,2.389,95.17,-29.17,14,1
P047,HRTF_B,32,2.402,97.33,-29.40,14,1
P047,HRTF_B,32,2.416,99.40,-29.54,14,1
P047,HRTF_B,32,2.430,101.40,-29.49,14,1
P047,HRTF_B,32,2.444,103.34,-29.49,14,1
P047,HRTF_B,32,2.458,105.10,-29.39,14,1
P047,HRTF_B,32,2.472,106.86,-29.34,14,1
P047,HRTF_B,32,2.486,108.28,-29.22,14,1
P047,HRTF_B,32,2.500,109.63,-29.01,14,1
P047,HRTF_B,32,2.514,110.90,-28.74,14,1
P047,HRTF_B,32,2.527,112.32,-28.50,14,1
P047,HRTF_B,32,2.541,113.69,-28.36,14,1
P047,HRTF_B,32,2.555,114.93,-28.31,14,1
P047,HRTF_B,32,2.569,116.06,-28.37,14,1
P047,HRTF_B,32,2.583,117.00,-28.32,14,1
P047,HRTF_B,32,2.597,117.74,-28.21,14,1
P047,HRTF_B,32,2.611,118.35,-28.01,14,1
P047,HRTF_B,32,2.625,118.74,-27.76,14,1
P047,HRTF_B,32,2.639,119.10,-27.56,14,1
P047,HRTF_B,32,2.652,119.37,-27.40,14,1
P047,HRTF_B,32,2.666,119.63,-27.31,14,1
P047,HRTF_B,32,2.680,119.84,-27.21,14,1
P047,HRTF_B,32,2.694,120.00,-27.16,14,1
P047,HRTF_B,32,2.708,120.10,-27.13,14,1
P047,HRTF_B,32,2.722,120.14,-27.10,14,1
P047,HRTF_B,32,2.736,120.14,-27.06,14,1
P047,HRTF_B,32,2.750,120.18,-27.03,14,1
P047,HRTF_B,32,2.764,120.19,-27.02,14,1
P047,HRTF_B,32,2.777,120.15,-27.02,14,1
P047,HRTF_B,32,2.791,120.02,-27.03,14,1
P047,HRTF_B,32,2.805,119.82,-27.00,14,1
P047,HRTF_B,32,2.819,119.60,-26.95,14,1
P047,HRTF_B,32,2.833,119.37,-26.89,14,1
P047,HRTF_B,32,2.847,119.13,-26.82,14,1
P047,HRTF_B,32,2.861,118.91,-26.73,14,1
P047,HRTF_B,32,2.875,118.70,-26.61,14,1
P047,HRTF_B,32,2.889,118.44,-26.44,14,1
P047,HRTF_B,32,2.902,118.16,-26.27,14,1
P047,HRTF_B,32,2.917,117.90,-26.15,14,1
P047,HRTF_B,32,2.930,117.67,-26.01,14,1
P047,HRTF_B,33,0.014,-3.87,-2.35,15,0
P047,HRTF_B,33,0.028,-4.08,-2.32,15,0
P047,HRTF_B,33,0.042,-4.33,-2.32,15,0
P047,HRTF_B,33,0.056,-4.57,-2.31,15,0
P047,HRTF_B,33,0.069,-4.78,-2.33,15,0
P047,HRTF_B,33,0.083,-4.98,-2.37,15,0
P047,HRTF_B,33,0.097,-5.18,-2.38,15,0
P047,HRTF_B,33,0.111,-5.34,-2.37,15,0
P047,HRTF_B,33,0.125,-5.49,-2.34,15,0
P047,HRTF_B,33,0.140,-5.62,-2.31,15,0
P047,HRTF_B,33,0.153,-5.73,-2.26,15,0
P047,HRTF_B,33,0.167,-5.82,-2.23,15,0
P047,HRTF_B,33,0.181,-5.89,-2.21,15,0
P047,HRTF_B,33,0.194,-5.95,-2.21,15,0
P047,HRTF_B,33,0.208,-5.99,-2.22,15,0
P047,HRTF_B,33,0.222,-6.01,-2.23,15,0
P047,HRTF_B,33,0.236,-6.02,-2.23,15,0
P047,HRTF_B,33,0.250,-6.01,-2.22,15,0
P047,HRTF_B,33,0.264,-5.99,-2.20,15,0
P047,HRTF_B,33,0.278,-5.95,-2.19,15,0
P047,HRTF_B,33,0.292,-5.90,-2.20,15,0
P047,HRTF_B,33,0.305,-5.82,-2.22,15,0
P047,HRTF_B,33,0.319,-5.72,-2.22,15,0
P047,HRTF_B,33,0.333,-5.63,-2.23,15,0
P047,HRTF_B,33,0.347,-5.50,-2.20,15,0
P047,HRTF_B,33,0.361,-5.36,-2.15,15,0
P047,HRTF_B,33,0.375,-5.20,-2.12,15,0
P047,HRTF_B,33,0.389,-5.05,-2.11,15,0
P047,HRTF_B,33,0.403,-4.88,-2.11,15,0
P047,HRTF_B,33,0.417,-4.70,-2.12,15,0
P047,HRTF_B,33,0.431,-4.54,-2.11,15,0
P047,HRTF_B,33,0.445,-4.35,-2.09,15,0
P047,HRTF_B,33,0.459,-4.17,-2.07,15,0
P047,HRTF_B,33,0.472,-4.00,-2.04,15,0
P047,HRTF_B,33,0.486,-3.80,-2.02,15,0
P047,HRTF_B,33,0.500,-3.62,-2.01,15,0
P047,HRTF_B,33,0.514,-3.46,-1.99,15,0
P047,HRTF_B,33,0.528,-3.26,-1.98,15,0
P047,HRTF_B,33,0.542,-3.06,-1.97,15,0
P047,HRTF_B,33,0.555,-2.89,-1.98,15,0
P047,HRTF_B,33,0.569,-2.69,-1.99,15,0
P047,HRTF_B,33,0.583,-2.49,-2.00,15,0
P047,HRTF_B,33,0.597,-2.29,-2.00,15,0
P047,HRTF_B,33,0.611,-2.07,-2.02,15,0
P047,HRTF_B,33,0.625,-1.85,-2.02,15,0
P047,HRTF_B,33,0.639,-1.63,-2.03,15,0
P047,HRTF_B,33,0.653,-1.41,-2.04,15,0
P047,HRTF_B,33,0.666,-1.17,-2.06,15,0
P047,HRTF_B,33,0.680,-0.93,-2.09,15,0
P047,HRTF_B,33,0.694,-0.65,-2.14,15,0
P047,HRTF_B,33,0.708,-0.40,-2.14,15,0
P047,HRTF_B,33,0.722,-0.10,-2.17,15,0
P047,HRTF_B,33,0.736,0.20,-2.18,15,0
P047,HRTF_B,33,0.750,0.54,-2.16,15,0
P047,HRTF_B,33,0.764,0.88,-2.20,15,0
P047,HRTF_B,33,0.778,1.24,-2.23,15,0
P047,HRTF_B,33,0.792,1.63,-2.27,15,0
P047,HRTF_B,33,0.805,2.04,-2.30,15,0
P047,HRTF_B,33,0.819,2.45,-2.32,15,0
P047,HRTF_B,33,0.833,2.92,-2.31,15,0
P047,HRTF_B,33,0.847,3.38,-2.33,15,0
P047,HRTF_B,33,0.861,3.86,-2.33,15,0
P047,HRTF_B,33,0.875,4.41,-2.31,15,0
P047,HRTF_B,33,0.889,4.94,-2.29,15,0
P047,HRTF_B,33,0.903,5.53,-2.26,15,0
P047,HRTF_B,33,0.916,6.14,-2.27,15,0
P047,HRTF_B,33,0.930,6.80,-2.24,15,0
P047,HRTF_B,33,0.944,7.44,-2.24,15,0
P047,HRTF_B,33,0.958,8.13,-2.27,15,0
P047,HRTF_B,33,0.972,8.90,-2.28,15,0
P047,HRTF_B,33,0.986,9.75,-2.28,15,0
P047,HRTF_B,33,1.000,10.66,-2.24,15,0
P047,HRTF_B,33,1.014,11.69,-2.25,15,0
P047,HRTF_B,33,1.027,12.71,-2.26,15,0
P047,HRTF_B,33,1.042,13.74,-2.25,15,0
P047,HRTF_B,33,1.055,14.81,-2.30,15,0
P047,HRTF_B,33,1.069,15.92,-2.31,15,0
P047,HRTF_B,33,1.083,17.05,-2.34,15,0
P047,HRTF_B,33,1.097,18.20,-2.34,15,0
P047,HRTF_B,33,1.111,19.36,-2.34,15,0
P047,HRTF_B,33,1.125,20.51,-2.37,15,0
P047,HRTF_B,33,1.139,21.61,-2.39,15,0
P047,HRTF_B,33,1.152,22.77,-2.40,15,0
P047,HRTF_B,33,1.167,23.86,-2.44,15,0
P047,HRTF_B,33,1.180,24.98,-2.43,15,0
P047,HRTF_B,33,1.194,26.09,-2.40,15,0
P047,HRTF_B,33,1.208,27.20,-2.39,15,0
P047,HRTF_B,33,1.222,28.28,-2.40,15,0
P047,HRTF_B,33,1.236,29.39,-2.36,15,0
P047,HRTF_B,33,1.250,30.47,-2.34,15,0
P047,HRTF_B,33,1.264,31.55,-2.33,15,0
P047,HRTF_B,33,1.278,32.66,-2.35,15,0
P047,HRTF_B,33,1.291,33.76,-2.35,15,0
P047,HRTF_B,33,1.305,34.86,-2.39,15,0
P047,HRTF_B,33,1.319,35.97,-2.41,15,0
P047,HRTF_B,33,1.333,37.13,-2.42,15,0
P047,HRTF_B,33,1.347,38.30,-2.42,15,0
P047,HRTF_B,33,1.361,39.48,-2.39,15,0
P047,HRTF_B,33,1.375,40.68,-2.38,15,0
P047,HRTF_B,33,1.389,41.93,-2.31,15,0
P047,HRTF_B,33,1.403,43.15,-2.30,15,0
P047,HRTF_B,33,1.416,44.39,-2.29,15,0
P047,HRTF_B,33,1.430,45.58,-2.24,15,0
P047,HRTF_B,33,1.444,46.81,-2.24,15,0
P047,HRTF_B,33,1.458,48.08,-2.22,15,0
P047,HRTF_B,33,1.472,49.35,-2.21,15,0
P047,HRTF_B,33,1.486,50.56,-2.20,15,0
P047,HRTF_B,33,1.500,51.77,-2.22,15,0
P047,HRTF_B,33,1.514,52.97,-2.21,15,0
P047,HRTF_B,33,1.528,54.15,-2.22,15,0
P047,HRTF_B,33,1.541,55.34,-2.25,15,0
P047,HRTF_B,33,1.555,56.56,-2.32,15,0
P047,HRTF_B,33,1.569,57.74,-2.35,15,0
P047,HRTF_B,33,1.583,58.91,-2.39,15,0
P047,HRTF_B,33,1.597,60.01,-2.41,15,0
P047,HRTF_B,33,1.611,61.14,-2.47,15,0
P047,HRTF_B,33,1.625,62.22,-2.51,15,0
P047,HRTF_B,33,1.639,63.32,-2.54,15,0
P047,HRTF_B,33,1.653,64.42,-2.57,15,0
P047,HRTF_B,33,1.666,65.48,-2.62,15,0
P047,HRTF_B,33,1.680,66.47,-2.66,15,0
P047,HRTF_B,33,1.694,67.46,-2.69,15,0
P047,HRTF_B,33,1.708,68.43,-2.71,15,0
P047,HRTF_B,33,1.722,69.39,-2.74,15,0
P047,HRTF_B,33,1.736,70.30,-2.71,15,0
P047,HRTF_B,33,1.750,71.21,-2.70,15,0
P047,HRTF_B,33,1.764,72.11,-2.67,15,0
P047,HRTF_B,33,1.777,73.02,-2.67,15,0
P047,HRTF_B,33,1.791,73.91,-2.69,15,0
P047,HRTF_B,33,1.805,74.83,-2.70,15,0
P047,HRTF_B,33,1.819,75.72,-2.68,15,0
P047,HRTF_B,33,1.833,76.58,-2.64,15,0
P047,HRTF_B,33,1.847,77.44,-2.65,15,0
P047,HRTF_B,33,1.861,78.33,-2.67,15,0
P047,HRTF_B,33,1.875,79.17,-2.71,15,0
P047,HRTF_B,33,1.889,80.03,-2.70,15,0
P047,HRTF_B,33,1.903,80.86,-2.70,15,0
P047,HRTF_B,33,1.917,81.68,-2.67,15,0
P047,HRTF_B,33,1.930,82.51,-2.67,15,0
P047,HRTF_B,33,1.944,83.35,-2.71,15,0
P047,HRTF_B,33,1.958,84.20,-2.79,15,0
P047,HRTF_B,33,1.972,85.04,-2.88,15,0
P047,HRTF_B,33,1.986,85.84,-2.95,15,0
P047,HRTF_B,33,2.000,86.62,-3.01,15,0
P047,HRTF_B,33,2.014,87.36,-3.02,15,0
P047,HRTF_B,33,2.027,88.17,-3.12,15,0
P047,HRTF_B,33,2.041,88.94,-3.16,15,0
P047,HRTF_B,33,2.055,89.70,-3.23,15,0
P047,HRTF_B,33,2.069,90.46,-3.27,15,0
P047,HRTF_B,33,2.083,91.27,-3.41,15,0
P047,HRTF_B,33,2.097,92.13,-3.56,15,0
P047,HRTF_B,33,2.111,93.05,-3.72,15,0
P047,HRTF_B,33,2.125,93.94,-3.84,15,0
P047,HRTF_B,33,2.138,94.83,-3.98,15,0
P047,HRTF_B,33,2.153,95.76,-4.12,15,0
P047,HRTF_B,33,2.166,96.71,-4.28,15,0
P047,HRTF_B,33,2.180,97.65,-4.45,15,0
P047,HRTF_B,33,2.194,98.54,-4.60,15,0
P047,HRTF_B,33,2.208,99.36,-4.69,15,0
P047,HRTF_B,33,2.222,100.04,-4.81,15,0
P047,HRTF_B,33,2.236,100.69,-4.89,15,0
P047,HRTF_B,33,2.250,101.34,-4.97,15,0
P047,HRTF_B,33,2.264,101.89,-5.13,15,0
P047,HRTF_B,33,2.277,102.36,-5.22,15,0
P047,HRTF_B,33,2.291,102.71,-5.30,15,0
P047,HRTF_B,33,2.305,103.04,-5.38,15,0
P047,HRTF_B,33,2.319,103.23,-5.43,15,0
P047,HRTF_B,33,2.333,103.36,-5.47,15,0
P047,HRTF_B,33,2.347,103.40,-5.47,15,0
P047,HRTF_B,33,2.361,103.29,-5.51,15,0
P047,HRTF_B,33,2.375,103.15,-5.56,15,0
P047,HRTF_B,33,2.388,102.73,-5.62,15,0
P047,HRTF_B,33,2.403,102.39,-5.64,15,0
P047,HRTF_B,33,2.416,101.98,-5.63,15,0
P047,HRTF_B,33,2.430,101.43,-5.59,15,0
P047,HRTF_B,33,2.444,100.84,-5.49,15,0
P047,HRTF_B,33,2.458,100.19,-5.43,15,0
P047,HRTF_B,33,2.472,99.47,-5.40,15,0
P047,HRTF_B,33,2.486,98.70,-5.33,15,0
P047,HRTF_B,33,2.500,97.85,-5.28,15,0
P047,HRTF_B,33,2.514,96.93,-5.24,15,0
P047,HRTF_B,33,2.528,95.87,-5.15,15,0
P047,HRTF_B,33,2.541,94.86,-5.11,15,0
P047,HRTF_B,33,2.555,93.77,-5.14,15,0
P047,HRTF_B,33,2.569,92.67,-5.13,15,0
P047,HRTF_B,33,2.583,91.47,-5.12,15,0
P047,HRTF_B,33,2.597,90.21,-5.08,15,0
P047,HRTF_B,33,2.611,88.91,-5.06,15,0
P047,HRTF_B,33,2.625,87.44,-4.99,15,0
P047,HRTF_B,33,2.639,85.86,-4.96,15,0
P047,HRTF_B,33,2.652,84.25,-4.95,15,0
P047,HRTF_B,33,2.666,82.46,-4.92,15,0
P047,HRTF_B,33,2.680,80.70,-4.90,15,0
P047,HRTF_B,33,2.694,78.86,-4.86,15,0
P047,HRTF_B,33,2.708,76.88,-4.76,15,0
P047,HRTF_B,33,2.722,74.86,-4.67,15,0
P047,HRTF_B,33,2.736,72.76,-4.58,15,0
P047,HRTF_B,33,2.749,70.67,-4.48,15,0
P047,HRTF_B,33,2.763,68.48,-4.45,15,0
P047,HRTF_B,33,2.777,66.29,-4.45,15,0
P047,HRTF_B,33,2.791,63.96,-4.46,15,0
P047,HRTF_B,33,2.805,61.49,-4.45,15,0
P047,HRTF_B,33,2.819,58.98,-4.41,15,0
P047,HRTF_B,33,2.833,56.48,-4.36,15,0
P047,HRTF_B,33,2.847,53.99,-4.30,15,0
P047,HRTF_B,33,2.861,51.49,-4.32,15,0
P047,HRTF_B,33,2.874,48.99,-4.35,15,0
P047,HRTF_B,33,2.888,46.49,-4.39,15,0
P047,HRTF_B,33,2.902,43.94,-4.37,15,0
P047,HRTF_B,33,2.916,41.46,-4.34,15,0
P047,HRTF_B,33,2.930,39.03,-4.27,15,0
P047,HRTF_B,33,2.944,36.60,-4.28,15,0
P047,HRTF_B,33,2.958,34.25,-4.29,15,0
P047,HRTF_B,33,2.972,31.81,-4.30,15,0
P047,HRTF_B,33,2.986,29.38,-4.29,15,0
P047,HRTF_B,33,3.000,26.80,-4.25,15,0
P047,HRTF_B,33,3.013,24.26,-4.15,15,0
P047,HRTF_B,33,3.027,21.66,-4.07,15,0
P047,HRTF_B,33,3.041,19.11,-3.98,15,0
P047,HRTF_B,33,3.055,16.56,-4.03,15,0
P047,HRTF_B,33,3.069,13.90,-4.11,15,0
P047,HRTF_B,33,3.083,11.22,-4.22,15,0
P047,HRTF_B,33,3.097,8.49,-4.32,15,0
P047,HRTF_B,33,3.111,5.66,-4.39,15,0
P047,HRTF_B,33,3.124,2.90,-4.42,15,0
P047,HRTF_B,33,3.138,0.17,-4.44,15,0
P047,HRTF_B,33,3.152,-2.53,-4.47,15,0
P047,HRTF_B,33,3.166,-5.25,-4.51,15,0
P047,HRTF_B,33,3.180,-8.02,-4.54,15,0
P047,HRTF_B,33,3.194,-10.71,-4.58,15,0
P047,HRTF_B,33,3.208,-13.44,-4.55,15,0
P047,HRTF_B,33,3.222,-16.13,-4.54,15,0
P047,HRTF_B,33,3.236,-18.85,-4.56,15,0
P047,HRTF_B,33,3.249,-21.58,-4.62,15,0
P047,HRTF_B,33,3.263,-24.22,-4.71,15,0
P047,HRTF_B,33,3.277,-26.80,-4.88,15,0
P047,HRTF_B,33,3.291,-29.38,-5.05,15,0
P047,HRTF_B,33,3.305,-31.91,-5.26,15,0
P047,HRTF_B,33,3.319,-34.50,-5.40,15,0
P047,HRTF_B,33,3.333,-37.02,-5.60,15,0
P047,HRTF_B,33,3.347,-39.55,-5.74,15,0
P047,HRTF_B,33,3.361,-42.08,-5.92,15,0
P047,HRTF_B,33,3.374,-44.61,-6.02,15,0
P047,HRTF_B,33,3.388,-47.09,-6.16,15,0
P047,HRTF_B,33,3.402,-49.58,-6.28,15,0
P047,HRTF_B,33,3.416,-52.01,-6.35,15,0
P047,HRTF_B,33,3.430,-54.36,-6.44,15,0
P047,HRTF_B,33,3.444,-56.74,-6.47,15,0
P047,HRTF_B,33,3.458,-59.11,-6.49,15,0
P047,HRTF_B,33,3.472,-61.50,-6.54,15,0
P047,HRTF_B,33,3.486,-63.87,-6.58,15,0
P047,HRTF_B,33,3.500,-66.23,-6.49,15,0
P047,HRTF_B,33,3.513,-68.71,-6.43,15,0
P047,HRTF_B,33,3.527,-71.25,-6.30,15,0
P047,HRTF_B,33,3.541,-73.91,-6.14,15,0
P047,HRTF_B,33,3.555,-76.51,-5.94,15,0
P047,HRTF_B,33,3.569,-79.10,-5.71,15,0
P047,HRTF_B,33,3.583,-81.60,-5.41,15,0
P047,HRTF_B,33,3.597,-84.12,-5.11,15,0
P047,HRTF_B,33,3.611,-86.59,-4.78,15,0
P047,HRTF_B,33,3.625,-88.93,-4.47,15,0
P047,HRTF_B,33,3.638,-91.12,-4.14,15,0
P047,HRTF_B,33,3.652,-93.10,-3.89,15,0
P047,HRTF_B,33,3.666,-95.08,-3.60,15,0
P047,HRTF_B,33,3.680,-97.20,-3.27,15,0
P047,HRTF_B,33,3.694,-99.34,-3.01,15,0
P047,HRTF_B,33,3.708,-101.50,-2.78,15,0
P047,HRTF_B,33,3.722,-103.58,-2.49,15,0
P047,HRTF_B,33,3.736,-105.66,-2.12,15,0
P047,HRTF_B,33,3.749,-107.77,-1.73,15,0
P047,HRTF_B,33,3.763,-109.80,-1.39,15,0
P047,HRTF_B,33,3.777,-111.73,-1.05,15,0
P047,HRTF_B,33,3.791,-113.63,-0.74,15,0
P047,HRTF_B,33,3.805,-115.34,-0.42,15,0
P047,HRTF_B,33,3.819,-117.00,-0.16,15,0
P047,HRTF_B,33,3.833,-118.62,0.18,15,0
P047,HRTF_B,33,3.847,-120.24,0.42,15,0
P047,HRTF_B,33,3.861,-121.95,0.58,15,0
P047,HRTF_B,33,3.874,-123.67,0.72,15,0
P047,HRTF_B,33,3.888,-125.32,0.83,15,0
P047,HRTF_B,33,3.902,-126.90,0.94,15,0
P047,HRTF_B,33,3.916,-128.41,1.06,15,0
P047,HRTF_B,33,3.930,-129.96,1.14,15,0
P047,HRTF_B,33,3.944,-131.58,1.20,15,0
P047,HRTF_B,33,3.958,-133.13,1.15,15,0
P047,HRTF_B,33,3.972,-134.48,1.00,15,0
P047,HRTF_B,33,3.986,-135.92,0.95,15,0
P047,HRTF_B,33,3.999,-137.24,0.81,15,0
P047,HRTF_B,33,4.014,-138.56,0.77,15,0
P047,HRTF_B,33,4.027,-139.85,0.86,15,0
P047,HRTF_B,33,4.041,-141.10,1.08,15,0
P047,HRTF_B,33,4.055,-142.47,1.28,15,0
P047,HRTF_B,33,4.069,-143.92,1.31,15,0
P047,HRTF_B,33,4.083,-145.41,1.21,15,0
P047,HRTF_B,33,4.096,-146.78,1.04,15,0
P047,HRTF_B,33,4.110,-148.11,0.87,15,0
P047,HRTF_B,33,4.124,-149.44,0.72,15,0
P047,HRTF_B,33,4.138,-150.74,0.48,15,0
P047,HRTF_B,33,4.152,-151.92,0.32,15,0
P047,HRTF_B,33,4.166,-152.97,0.16,15,0
P047,HRTF_B,33,4.180,-153.82,0.04,15,0
P047,HRTF_B,33,4.194,-154.62,0.03,15,0
P047,HRTF_B,33,4.207,-155.32,0.04,15,0
P047,HRTF_B,33,4.222,-155.96,-0.03,15,0
P047,HRTF_B,33,4.235,-156.48,-0.23,15,0
P047,HRTF_B,33,4.249,-157.09,-0.56,15,0
P047,HRTF_B,33,4.263,-157.69,-0.80,15,0
P047,HRTF_B,33,4.277,-158.15,-0.89,15,0
P047,HRTF_B,33,4.291,-158.54,-0.89,15,0
P047,HRTF_B,33,4.305,-158.87,-0.76,15,0
P047,HRTF_B,33,4.319,-159.41,-0.74,15,0
P047,HRTF_B,33,4.333,-160.10,-0.97,15,0
P047,HRTF_B,33,4.346,-160.78,-1.44,15,0
P047,HRTF_B,33,4.360,-161.33,-2.04,15,0
P047,HRTF_B,33,4.374,-161.81,-2.67,15,0
P047,HRTF_B,33,4.388,-162.20,-3.36,15,0
P047,HRTF_B,33,4.402,-162.63,-3.96,15,0
P047,HRTF_B,33,4.416,-163.04,-4.66,15,0
P047,HRTF_B,33,4.430,-163.37,-5.30,15,0
P047,HRTF_B,33,4.444,-163.58,-5.90,15,0
P047,HRTF_B,33,4.458,-163.74,-6.39,15,0
P047,HRTF_B,33,4.471,-163.68,-6.92,15,0
P047,HRTF_B,33,4.485,-163.68,-7.45,15,0
P047,HRTF_B,33,4.499,-163.64,-8.03,15,0
P047,HRTF_B,33,4.513,-163.68,-8.58,15,0
P047,HRTF_B,33,4.527,-163.76,-9.03,15,0
P047,HRTF_B,33,4.541,-163.85,-9.42,15,0
P047,HRTF_B,33,4.555,-163.90,-9.84,15,0
P047,HRTF_B,33,4.569,-164.05,-10.36,15,0
P047,HRTF_B,33,4.583,-164.29,-10.91,15,0
P047,HRTF_B,33,4.596,-164.61,-11.51,15,0
P047,HRTF_B,33,4.610,-164.93,-12.01,15,0
P047,HRTF_B,33,4.624,-165.24,-12.36,15,0
P047,HRTF_B,33,4.638,-165.52,-12.48,15,0
P047,HRTF_B,33,4.652,-165.80,-12.49,15,0
P047,HRTF_B,33,4.666,-166.20,-12.56,15,0
P047,HRTF_B,33,4.680,-166.55,-12.54,15,0
P047,HRTF_B,33,4.694,-167.00,-12.54,15,0
P047,HRTF_B,33,4.708,-167.44,-12.56,15,0
P047,HRTF_B,33,4.721,-167.96,-12.73,15,0
P047,HRTF_B,33,4.735,-168.57,-13.11,15,0
P047,HRTF_B,33,4.750,-169.19,-13.54,15,0
P047,HRTF_B,33,4.763,-169.83,-14.07,15,0
P047,HRTF_B,33,4.777,-170.36,-14.49,15,0
P047,HRTF_B,33,4.791,-170.82,-14.95,15,0
P047,HRTF_B,33,4.805,-171.32,-15.44,15,0
P047,HRTF_B,33,4.819,-171.77,-16.05,15,0
P047,HRTF_B,33,4.833,-172.04,-16.67,15,0
P047,HRTF_B,33,4.847,-172.10,-17.36,15,0
P047,HRTF_B,33,4.860,-171.91,-18.25,15,0
P047,HRTF_B,33,4.874,-171.46,-19.26,15,0
P047,HRTF_B,33,4.888,-170.90,-20.15,15,0
P047,HRTF_B,33,4.902,-170.32,-20.75,15,0
P047,HRTF_B,33,4.916,-169.55,-20.90,15,0
P047,HRTF_B,33,4.930,-168.82,-20.89,15,0
P047,HRTF_B,33,4.944,-168.00,-20.37,15,0
P047,HRTF_B,33,4.958,-167.24,-19.62,15,0
P047,HRTF_B,33,4.972,-166.49,-18.51,15,0
P047,HRTF_B,33,4.986,-165.81,-17.31,15,0
P047,HRTF_B,33,4.999,-165.23,-15.82,15,0
P047,HRTF_B,33,5.013,-164.75,-14.20,15,0
P047,HRTF_B,33,5.027,-164.51,-12.43,15,0
P047,HRTF_B,33,5.041,-164.44,-10.48,15,0
P047,HRTF_B,33,5.055,-164.52,-8.51,15,0
P047,HRTF_B,33,5.069,-164.59,-6.46,15,0
P047,HRTF_B,33,5.082,-164.76,-4.38,15,0
P047,HRTF_B,33,5.096,-164.96,-2.33,15,0
P047,HRTF_B,33,5.110,-165.49,-0.24,15,0
P047,HRTF_B,33,5.124,-166.02,1.75,15,0
P047,HRTF_B,33,5.138,-166.68,3.74,15,0
P047,HRTF_B,33,5.152,-167.42,5.69,15,0
P047,HRTF_B,33,5.166,-168.38,7.37,15,0
P047,HRTF_B,33,5.180,-169.49,8.77,15,0
P047,HRTF_B,33,5.194,-170.68,9.79,15,0
P047,HRTF_B,33,5.207,-171.78,10.84,15,0
P047,HRTF_B,33,5.221,-172.87,11.71,15,0
P047,HRTF_B,33,5.235,-173.91,12.54,15,0
P047,HRTF_B,33,5.249,-174.92,13.29,15,0
P047,HRTF_B,33,5.263,-175.93,13.97,15,0
P047,HRTF_B,33,5.277,-176.81,14.63,15,0
P047,HRTF_B,33,5.291,-177.62,15.41,15,0
P047,HRTF_B,33,5.305,-178.33,16.14,15,0
P047,HRTF_B,33,5.319,-178.84,16.87,15,0
P047,HRTF_B,33,5.332,-179.23,17.52,15,0
P047,HRTF_B,33,5.346,-179.58,18.13,15,0
P047,HRTF_B,33,5.361,-179.72,18.69,15,0
P047,HRTF_B,33,5.374,-179.75,19.20,15,0
P047,HRTF_B,33,5.388,-179.79,19.70,15,0
P047,HRTF_B,33,5.402,-179.83,20.18,15,0
P047,HRTF_B,33,5.416,-179.75,20.59,15,0
P047,HRTF_B,33,5.430,-179.66,21.06,15,0
P047,HRTF_B,33,5.444,-179.58,21.49,15,0
P047,HRTF_B,33,5.457,-179.45,21.90,15,0
P047,HRTF_B,33,5.472,-179.36,22.29,15,0
P047,HRTF_B,33,5.485,-179.30,22.59,15,0
P047,HRTF_B,33,5.499,-179.15,22.90,15,0
P047,HRTF_B,33,5.513,-178.99,23.08,15,0
P047,HRTF_B,33,5.527,-178.88,23.18,15,0
P047,HRTF_B,33,5.541,-178.78,23.16,15,0
P047,HRTF_B,33,5.555,-178.64,23.08,15,0
P047,HRTF_B,33,5.569,-178.26,22.99,15,0
P047,HRTF_B,33,5.583,-177.83,22.94,15,0
P047,HRTF_B,33,5.596,-176.79,22.81,15,0
P047,HRTF_B,33,5.610,-175.63,22.80,15,0
P047,HRTF_B,33,5.624,-174.52,22.75,15,0
P047,HRTF_B,33,5.638,-172.67,22.68,15,0
P047,HRTF_B,33,5.652,-170.80,22.43,15,0
P047,HRTF_B,33,5.666,-168.55,22.03,15,0
P047,HRTF_B,33,5.680,-166.20,21.64,15,0
P047,HRTF_B,33,5.694,-163.75,21.24,15,0
P047,HRTF_B,33,5.708,-160.96,20.80,15,0
P047,HRTF_B,33,5.722,-157.89,20.27,15,0
P047,HRTF_B,33,5.735,-154.64,19.80,15,0
P047,HRTF_B,33,5.749,-151.18,19.37,15,0
P047,HRTF_B,33,5.763,-147.90,18.96,15,0
P047,HRTF_B,33,5.777,-144.59,18.67,15,0
P047,HRTF_B,33,5.791,-141.34,18.35,15,0
P047,HRTF_B,33,5.805,-138.11,17.99,15,0
P047,HRTF_B,33,5.819,-134.88,17.63,15,0
P047,HRTF_B,33,5.832,-131.69,17.41,15,0
P047,HRTF_B,33,5.846,-128.66,17.31,15,0
P047,HRTF_B,33,5.860,-125.70,17.15,15,0
P047,HRTF_B,33,5.874,-122.75,16.91,15,0
P047,HRTF_B,33,5.888,-119.82,16.58,15,0
P047,HRTF_B,33,5.902,-116.91,16.24,15,0
P047,HRTF_B,33,5.916,-114.31,16.03,15,0
P047,HRTF_B,33,5.930,-111.90,15.83,15,0
P047,HRTF_B,33,5.944,-109.58,15.60,15,0
P047,HRTF_B,33,5.957,-107.33,15.23,15,0
P047,HRTF_B,33,5.971,-105.02,14.93,15,0
P047,HRTF_B,33,5.985,-103.00,14.70,15,0
P047,HRTF_B,33,5.999,-101.06,14.66,15,0
P047,HRTF_B,33,6.013,-99.32,14.78,15,0
P047,HRTF_B,33,6.027,-97.88,15.01,15,0
P047,HRTF_B,33,6.041,-96.48,15.13,15,0
P047,HRTF_B,33,6.055,-95.31,15.22,15,0
P047,HRTF_B,33,6.069,-94.19,15.31,15,0
P047,HRTF_B,33,6.082,-93.14,15.45,15,0
P047,HRTF_B,33,6.097,-92.68,15.71,15,0
P047,HRTF_B,33,6.110,-92.14,15.80,15,0
P047,HRTF_B,33,6.124,-91.70,15.78,15,0
P047,HRTF_B,33,6.138,-91.22,15.69,15,0
P047,HRTF_B,33,6.152,-90.76,15.59,15,0
P047,HRTF_B,33,6.166,-90.32,15.60,15,0
P047,HRTF_B,33,6.180,-89.91,15.67,15,0
P047,HRTF_B,33,6.194,-89.49,15.74,15,0
P047,HRTF_B,33,6.207,-89.04,15.80,15,0
P047,HRTF_B,33,6.221,-88.54,15.77,15,0
P047,HRTF_B,33,6.235,-87.96,15.78,15,0
P047,HRTF_B,33,6.249,-87.38,15.78,15,0
P047,HRTF_B,33,6.263,-86.75,15.78,15,0
P047,HRTF_B,33,6.277,-86.12,15.73,15,0
P047,HRTF_B,33,6.291,-85.42,15.69,15,0
P047,HRTF_B,33,6.305,-84.66,15.61,15,0
P047,HRTF_B,33,6.319,-83.92,15.55,15,0
P047,HRTF_B,33,6.332,-83.15,15.51,15,0
P047,HRTF_B,33,6.346,-82.37,15.41,15,0
P047,HRTF_B,33,6.360,-81.47,15.28,15,0
P047,HRTF_B,33,6.374,-80.56,15.14,15,0
P047,HRTF_B,34,0.014,2.65,-0.78,12,1
P047,HRTF_B,34,0.028,2.76,-0.82,12,1
P047,HRTF_B,34,0.042,2.86,-0.84,12,1
P047,HRTF_B,34,0.056,2.96,-0.87,12,1
P047,HRTF_B,34,0.069,3.07,-0.81,12,1
P047,HRTF_B,34,0.084,3.17,-0.79,12,1
P047,HRTF_B,34,0.098,3.25,-0.79,12,1
P047,HRTF_B,34,0.111,3.33,-0.76,12,1
P047,HRTF_B,34,0.125,3.39,-0.74,12,1
P047,HRTF_B,34,0.139,3.44,-0.71,12,1
P047,HRTF_B,34,0.153,3.48,-0.63,12,1
P047,HRTF_B,34,0.167,3.52,-0.51,12,1
P047,HRTF_B,34,0.181,3.55,-0.43,12,1
P047,HRTF_B,34,0.194,3.57,-0.37,12,1
P047,HRTF_B,34,0.208,3.60,-0.28,12,1
P047,HRTF_B,34,0.222,3.63,-0.20,12,1
P047,HRTF_B,34,0.237,3.68,-0.14,12,1
P047,HRTF_B,34,0.250,3.74,-0.05,12,1
P047,HRTF_B,34,0.264,3.80,0.02,12,1
P047,HRTF_B,34,0.278,3.89,0.05,12,1
P047,HRTF_B,34,0.291,3.99,0.07,12,1
P047,HRTF_B,34,0.305,4.12,0.08,12,1
P047,HRTF_B,34,0.319,4.32,0.05,12,1
P047,HRTF_B,34,0.333,4.57,-0.01,12,1
P047,HRTF_B,34,0.347,4.84,-0.06,12,1
P047,HRTF_B,34,0.361,5.13,-0.08,12,1
P047,HRTF_B,34,0.375,5.43,-0.11,12,1
P047,HRTF_B,34,0.389,5.71,-0.17,12,1
P047,HRTF_B,34,0.403,5.96,-0.25,12,1
P047,HRTF_B,34,0.417,6.22,-0.33,12,1
P047,HRTF_B,34,0.430,6.46,-0.46,12,1
P047,HRTF_B,34,0.444,6.69,-0.55,12,1
P047,HRTF_B,34,0.458,6.88,-0.62,12,1
P047,HRTF_B,34,0.475,7.06,-0.62,12,1
P047,HRTF_B,34,0.489,7.22,-0.67,12,1
P047,HRTF_B,34,0.503,7.34,-0.68,12,1
P047,HRTF_B,34,0.517,7.44,-0.73,12,1
P047,HRTF_B,34,0.531,7.54,-0.76,12,1
P047,HRTF_B,34,0.556,7.63,-0.72,12,1
P047,HRTF_B,34,0.570,7.84,-0.67,12,1
P047,HRTF_B,34,0.583,7.93,-0.59,12,1
P047,HRTF_B,34,0.597,8.04,-0.49,12,1
P047,HRTF_B,34,0.611,8.15,-0.41,12,1
P047,HRTF_B,34,0.625,8.25,-0.33,12,1
P047,HRTF_B,34,0.639,8.36,-0.26,12,1
P047,HRTF_B,34,0.652,8.46,-0.20,12,1
P047,HRTF_B,34,0.666,8.56,-0.17,12,1
P047,HRTF_B,34,0.681,8.66,-0.14,12,1
P047,HRTF_B,34,0.694,8.75,-0.11,12,1
P047,HRTF_B,34,0.708,8.85,-0.07,12,1
P047,HRTF_B,34,0.722,8.93,-0.01,12,1
P047,HRTF_B,34,0.736,9.01,0.02,12,1
P047,HRTF_B,34,0.750,9.09,0.05,12,1
P047,HRTF_B,34,0.764,9.18,-0.01,12,1
P047,HRTF_B,34,0.778,9.23,-0.05,12,1
P047,HRTF_B,34,0.791,9.30,-0.11,12,1
P047,HRTF_B,34,0.805,9.37,-0.15,12,1
P047,HRTF_B,34,0.819,9.43,-0.18,12,1
P047,HRTF_B,34,0.834,9.50,-0.19,12,1
P047,HRTF_B,34,0.847,9.59,-0.22,12,1
P047,HRTF_B,34,0.861,9.68,-0.25,12,1
P047,HRTF_B,34,0.875,9.79,-0.27,12,1
P047,HRTF_B,34,0.889,9.93,-0.29,12,1
P047,HRTF_B,34,0.903,10.10,-0.28,12,1
P047,HRTF_B,34,0.917,10.33,-0.28,12,1
P047,HRTF_B,34,0.930,10.62,-0.27,12,1
P047,HRTF_B,34,0.944,10.99,-0.25,12,1
P047,HRTF_B,34,0.958,11.40,-0.19,12,1
P047,HRTF_B,34,0.972,11.82,-0.11,12,1
P047,HRTF_B,34,0.986,12.37,0.01,12,1
P047,HRTF_B,34,1.000,12.95,0.07,12,1
P047,HRTF_B,34,1.014,13.69,0.14,12,1
P047,HRTF_B,34,1.028,14.45,0.23,12,1
P047,HRTF_B,34,1.042,15.32,0.29,12,1
P047,HRTF_B,34,1.056,16.24,0.31,12,1
P047,HRTF_B,34,1.069,17.19,0.36,12,1
P047,HRTF_B,34,1.083,18.29,0.38,12,1
P047,HRTF_B,34,1.097,19.41,0.36,12,1
P047,HRTF_B,34,1.111,20.59,0.35,12,1
P047,HRTF_B,34,1.125,21.89,0.37,12,1
P047,HRTF_B,34,1.139,23.23,0.34,12,1
P047,HRTF_B,34,1.153,24.65,0.35,12,1
P047,HRTF_B,34,1.167,26.15,0.35,12,1
P047,HRTF_B,34,1.180,27.63,0.37,12,1
P047,HRTF_B,34,1.194,29.13,0.42,12,1
P047,HRTF_B,34,1.208,30.66,0.48,12,1
P047,HRTF_B,34,1.222,32.26,0.54,12,1
P047,HRTF_B,34,1.236,34.00,0.56,12,1
P047,HRTF_B,34,1.250,35.73,0.59,12,1
P047,HRTF_B,34,1.264,37.55,0.62,12,1
P047,HRTF_B,34,1.277,39.37,0.61,12,1
P047,HRTF_B,34,1.292,41.31,0.58,12,1
P047,HRTF_B,34,1.305,43.33,0.52,12,1
P047,HRTF_B,34,1.319,45.45,0.44,12,1
P047,HRTF_B,34,1.334,47.62,0.33,12,1
P047,HRTF_B,34,1.347,49.72,0.24,12,1
P047,HRTF_B,34,1.361,51.82,0.18,12,1
P047,HRTF_B,34,1.375,53.94,0.11,12,1
P047,HRTF_B,34,1.389,56.11,-0.05,12,1
P047,HRTF_B,34,1.403,58.32,-0.21,12,1
P047,HRTF_B,34,1.417,60.51,-0.37,12,1
P047,HRTF_B,34,1.430,62.60,-0.47,12,1
P047,HRTF_B,34,1.444,64.62,-0.62,12,1
P047,HRTF_B,34,1.458,66.57,-0.74,12,1
P047,HRTF_B,34,1.472,68.54,-0.88,12,1
P047,HRTF_B,34,1.486,70.34,-1.03,12,1
P047,HRTF_B,34,1.500,72.03,-1.05,12,1
P047,HRTF_B,34,1.514,73.59,-1.08,12,1
P047,HRTF_B,34,1.528,75.08,-1.04,12,1
P047,HRTF_B,34,1.541,76.50,-1.01,12,1
P047,HRTF_B,34,1.556,77.87,-1.01,12,1
P047,HRTF_B,34,1.569,79.18,-0.96,12,1
P047,HRTF_B,34,1.583,80.37,-0.90,12,1
P047,HRTF_B,34,1.597,81.43,-0.87,12,1
P047,HRTF_B,34,1.611,82.46,-0.87,12,1
P047,HRTF_B,34,1.625,83.49,-0.93,12,1
P047,HRTF_B,34,1.639,84.39,-1.09,12,1
P047,HRTF_B,34,1.652,85.32,-1.28,12,1
P047,HRTF_B,34,1.667,86.17,-1.45,12,1
P047,HRTF_B,34,1.680,87.04,-1.67,12,1
P047,HRTF_B,34,1.694,87.90,-1.88,12,1
P047,HRTF_B,34,1.708,88.75,-2.18,12,1
P047,HRTF_B,34,1.722,89.62,-2.51,12,1
P047,HRTF_B,34,1.736,90.41,-2.88,12,1
P047,HRTF_B,34,1.750,91.14,-3.27,12,1
P047,HRTF_B,34,1.764,91.73,-3.69,12,1
P047,HRTF_B,34,1.777,92.32,-4.08,12,1
P047,HRTF_B,34,1.791,92.87,-4.38,12,1
P047,HRTF_B,34,1.806,93.34,-4.75,12,1
P047,HRTF_B,34,1.819,93.74,-5.17,12,1
P047,HRTF_B,34,1.833,94.11,-5.62,12,1
P047,HRTF_B,34,1.847,94.31,-6.18,12,1
P047,HRTF_B,34,1.861,94.44,-6.67,12,1
P047,HRTF_B,34,1.875,94.52,-7.08,12,1
P047,HRTF_B,34,1.889,94.66,-7.41,12,1
P047,HRTF_B,34,1.903,94.87,-7.65,12,1
P047,HRTF_B,34,1.916,95.08,-7.96,12,1
P047,HRTF_B,34,1.930,95.31,-8.24,12,1
P047,HRTF_B,34,1.944,95.56,-8.47,12,1
P047,HRTF_B,34,1.958,95.73,-8.69,12,1
P047,HRTF_B,34,1.972,95.88,-8.81,12,1
P047,HRTF_B,34,1.986,95.97,-8.79,12,1
P047,HRTF_B,34,2.000,96.01,-8.81,12,1
P047,HRTF_B,34,2.014,96.06,-8.86,12,1
P047,HRTF_B,34,2.028,96.12,-8.92,12,1
P047,HRTF_B,34,2.042,96.19,-8.98,12,1
P047,HRTF_B,34,2.056,96.27,-9.12,12,1
P047,HRTF_B,34,2.070,96.40,-9.27,12,1
P047,HRTF_B,34,2.083,96.61,-9.30,12,1
P047,HRTF_B,34,2.097,96.92,-9.31,12,1
P047,HRTF_B,34,2.111,97.39,-9.29,12,1
P047,HRTF_B,34,2.125,97.90,-9.27,12,1
P047,HRTF_B,34,2.138,98.48,-9.28,12,1
P047,HRTF_B,34,2.152,99.12,-9.31,12,1
P047,HRTF_B,34,2.166,99.71,-9.31,12,1
P047,HRTF_B,34,2.180,100.32,-9.29,12,1
P047,HRTF_B,34,2.194,100.89,-9.26,12,1
P047,HRTF_B,34,2.208,101.42,-9.14,12,1
P047,HRTF_B,34,2.222,101.91,-8.95,12,1
P047,HRTF_B,34,2.236,102.39,-8.69,12,1
P047,HRTF_B,34,2.250,102.83,-8.42,12,1
P047,HRTF_B,34,2.264,103.26,-8.13,12,1
P047,HRTF_B,34,2.278,103.73,-7.89,12,1
P047,HRTF_B,34,2.291,104.19,-7.70,12,1
P047,HRTF_B,34,2.305,104.68,-7.48,12,1
P047,HRTF_B,34,2.319,105.24,-7.28,12,1
P047,HRTF_B,34,2.333,105.86,-7.05,12,1
P047,HRTF_B,34,2.347,106.52,-6.90,12,1
P047,HRTF_B,34,2.361,107.26,-6.77,12,1
P047,HRTF_B,34,2.375,108.06,-6.65,12,1
P047,HRTF_B,34,2.388,108.90,-6.59,12,1
P047,HRTF_B,34,2.402,109.77,-6.50,12,1
P047,HRTF_B,34,2.416,110.63,-6.42,12,1
P047,HRTF_B,34,2.430,111.51,-6.38,12,1
P047,HRTF_B,34,2.444,112.39,-6.30,12,1
P047,HRTF_B,34,2.458,113.44,-6.23,12,1
P047,HRTF_B,34,2.472,114.49,-6.14,12,1
P047,HRTF_B,34,2.486,115.48,-6.06,12,1
P047,HRTF_B,34,2.500,116.53,-5.96,12,1
P047,HRTF_B,34,2.513,117.55,-5.91,12,1
P047,HRTF_B,34,2.528,118.61,-5.88,12,1
P047,HRTF_B,34,2.541,119.66,-5.84,12,1
P047,HRTF_B,34,2.555,120.70,-5.73,12,1
P047,HRTF_B,34,2.569,121.75,-5.63,12,1
P047,HRTF_B,34,2.583,122.79,-5.56,12,1
P047,HRTF_B,34,2.597,123.85,-5.50,12,1
P047,HRTF_B,34,2.611,124.89,-5.47,12,1
P047,HRTF_B,34,2.625,125.95,-5.46,12,1
P047,HRTF_B,34,2.638,126.99,-5.41,12,1
P047,HRTF_B,34,2.652,128.12,-5.36,12,1
P047,HRTF_B,34,2.666,129.20,-5.42,12,1
P047,HRTF_B,34,2.680,130.30,-5.44,12,1
P047,HRTF_B,34,2.694,131.45,-5.49,12,1
P047,HRTF_B,34,2.708,132.56,-5.51,12,1
P047,HRTF_B,34,2.722,133.70,-5.53,12,1
P047,HRTF_B,34,2.736,134.84,-5.53,12,1
P047,HRTF_B,34,2.750,135.95,-5.57,12,1
P047,HRTF_B,34,2.764,137.07,-5.66,12,1
P047,HRTF_B,34,2.777,138.12,-5.73,12,1
P047,HRTF_B,34,2.791,139.15,-5.86,12,1
P047,HRTF_B,34,2.805,140.17,-6.01,12,1
P047,HRTF_B,34,2.819,141.13,-6.18,12,1
P047,HRTF_B,34,2.833,142.10,-6.14,12,1
P047,HRTF_B,34,2.847,142.96,-6.15,12,1
P047,HRTF_B,34,2.861,143.80,-6.13,12,1
P047,HRTF_B,34,2.875,144.54,-6.06,12,1
P047,HRTF_B,34,2.889,145.20,-5.94,12,1
P047,HRTF_B,34,2.903,145.76,-5.75,12,1
P047,HRTF_B,34,2.916,146.11,-5.41,12,1
P047,HRTF_B,34,2.930,146.39,-5.00,12,1
P047,HRTF_B,34,2.944,146.44,-4.43,12,1
P047,HRTF_B,34,2.958,146.19,-3.66,12,1
P047,HRTF_B,34,2.972,145.86,-2.74,12,1
P047,HRTF_B,34,2.986,145.38,-1.87,12,1
P047,HRTF_B,34,3.000,144.97,-1.09,12,1
P047,HRTF_B,34,3.014,144.53,-0.41,12,1
P047,HRTF_B,34,3.027,144.07,0.23,12,1
P047,HRTF_B,34,3.041,143.58,0.89,12,1
P047,HRTF_B,34,3.055,142.99,1.67,12,1
P047,HRTF_B,34,3.069,142.35,2.44,12,1
P047,HRTF_B,34,3.083,141.67,3.14,12,1
P047,HRTF_B,34,3.097,140.93,3.81,12,1
P047,HRTF_B,34,3.111,140.12,4.43,12,1
P047,HRTF_B,34,3.125,139.18,5.15,12,1
P047,HRTF_B,34,3.139,138.08,5.94,12,1
P047,HRTF_B,34,3.152,137.05,6.58,12,1
P047,HRTF_B,34,3.166,136.10,6.96,12,1
P047,HRTF_B,34,3.180,135.21,7.06,12,1
P047,HRTF_B,34,3.194,134.41,7.04,12,1
P047,HRTF_B,34,3.208,133.59,7.01,12,1
P047,HRTF_B,34,3.222,132.79,7.19,12,1
P047,HRTF_B,34,3.236,132.02,7.46,12,1
P047,HRTF_B,34,3.249,131.34,7.65,12,1
P047,HRTF_B,34,3.264,130.81,7.88,12,1
P047,HRTF_B,34,3.278,130.34,8.17,12,1
P047,HRTF_B,34,3.291,129.93,8.54,12,1
P047,HRTF_B,34,3.305,129.58,8.88,12,1
P047,HRTF_B,34,3.319,129.24,9.12,12,1
P047,HRTF_B,34,3.333,129.05,9.15,12,1
P047,HRTF_B,34,3.347,129.03,8.98,12,1
P047,HRTF_B,34,3.361,129.05,8.84,12,1
P047,HRTF_B,34,3.375,129.15,8.76,12,1
P047,HRTF_B,34,3.389,129.20,8.80,12,1
P047,HRTF_B,34,3.402,129.24,8.94,12,1
P047,HRTF_B,34,3.416,129.26,9.08,12,1
P047,HRTF_B,34,3.430,129.28,9.19,12,1
P047,HRTF_B,34,3.444,129.29,9.26,12,1
P047,HRTF_B,34,3.458,129.28,9.33,12,1
P047,HRTF_B,34,3.472,129.26,9.41,12,1
P047,HRTF_B,34,3.486,129.21,9.50,12,1
P047,HRTF_B,34,3.500,129.14,9.54,12,1
P047,HRTF_B,34,3.514,129.09,9.51,12,1
P047,HRTF_B,34,3.527,129.03,9.40,12,1
P047,HRTF_B,34,3.541,128.97,9.27,12,1
P047,HRTF_B,34,3.555,128.89,9.20,12,1
P047,HRTF_B,34,3.569,128.78,9.14,12,1
P047,HRTF_B,34,3.583,128.65,9.16,12,1
P047,HRTF_B,34,3.597,128.49,9.20,12,1
P047,HRTF_B,34,3.611,128.31,9.30,12,1
P047,HRTF_B,34,3.625,128.11,9.41,12,1
P047,HRTF_B,34,3.639,127.92,9.54,12,1
P047,HRTF_B,34,3.652,127.70,9.67,12,1
P047,HRTF_B,34,3.666,127.47,9.78,12,1
P047,HRTF_B,34,3.680,127.23,9.81,12,1
P047,HRTF_B,34,3.694,126.97,9.81,12,1
P047,HRTF_B,34,3.708,126.71,9.82,12,1
P047,HRTF_B,34,3.722,126.41,9.85,12,1
P047,HRTF_B,34,3.735,126.11,9.93,12,1
P047,HRTF_B,34,3.749,125.77,10.07,12,1
P047,HRTF_B,34,3.763,125.45,10.19,12,1
P047,HRTF_B,34,3.777,125.13,10.28,12,1
P047,HRTF_B,34,3.791,124.84,10.37,12,1
P047,HRTF_B,34,3.805,124.55,10.45,12,1
P047,HRTF_B,34,3.819,124.25,10.49,12,1
P047,HRTF_B,34,3.833,123.94,10.58,12,1
P047,HRTF_B,34,3.847,123.60,10.64,12,1
P047,HRTF_B,35,0.014,0.56,0.99,7,1
P047,HRTF_B,35,0.029,0.85,0.92,7,1
P047,HRTF_B,35,0.042,1.16,0.83,7,1
P047,HRTF_B,35,0.056,1.40,0.80,7,1
P047,HRTF_B,35,0.069,1.68,0.78,7,1
P047,HRTF_B,35,0.083,1.90,0.73,7,1
P047,HRTF_B,35,0.098,2.07,0.64,7,1
P047,HRTF_B,35,0.111,2.23,0.57,7,1
P047,HRTF_B,35,0.125,2.33,0.48,7,1
P047,HRTF_B,35,0.139,2.45,0.45,7,1
P047,HRTF_B,35,0.153,2.56,0.41,7,1
P047,HRTF_B,35,0.167,2.66,0.36,7,1
P047,HRTF_B,35,0.181,2.77,0.28,7,1
P047,HRTF_B,35,0.194,2.88,0.20,7,1
P047,HRTF_B,35,0.208,2.99,0.13,7,1
P047,HRTF_B,35,0.222,3.09,0.05,7,1
P047,HRTF_B,35,0.236,3.20,0.00,7,1
P047,HRTF_B,35,0.250,3.30,-0.07,7,1
P047,HRTF_B,35,0.264,3.42,-0.15,7,1
P047,HRTF_B,35,0.278,3.54,-0.23,7,1
P047,HRTF_B,35,0.292,3.67,-0.28,7,1
P047,HRTF_B,35,0.305,3.80,-0.33,7,1
P047,HRTF_B,35,0.319,3.97,-0.37,7,1
P047,HRTF_B,35,0.333,4.14,-0.40,7,1
P047,HRTF_B,35,0.347,4.34,-0.45,7,1
P047,HRTF_B,35,0.361,4.56,-0.50,7,1
P047,HRTF_B,35,0.375,4.80,-0.50,7,1
P047,HRTF_B,35,0.389,5.07,-0.50,7,1
P047,HRTF_B,35,0.403,5.41,-0.46,7,1
P047,HRTF_B,35,0.417,5.81,-0.43,7,1
P047,HRTF_B,35,0.431,6.26,-0.39,7,1
P047,HRTF_B,35,0.444,6.78,-0.33,7,1
P047,HRTF_B,35,0.458,7.29,-0.33,7,1
P047,HRTF_B,35,0.472,7.85,-0.31,7,1
P047,HRTF_B,35,0.486,8.40,-0.31,7,1
P047,HRTF_B,35,0.500,9.04,-0.40,7,1
P047,HRTF_B,35,0.514,9.71,-0.49,7,1
P047,HRTF_B,35,0.528,10.41,-0.55,7,1
P047,HRTF_B,35,0.542,11.16,-0.59,7,1
P047,HRTF_B,35,0.556,11.92,-0.62,7,1
P047,HRTF_B,35,0.569,12.75,-0.60,7,1
P047,HRTF_B,35,0.583,13.72,-0.53,7,1
P047,HRTF_B,35,0.597,14.68,-0.46,7,1
P047,HRTF_B,35,0.611,15.62,-0.35,7,1
P047,HRTF_B,35,0.625,16.64,-0.19,7,1
P047,HRTF_B,35,0.639,17.60,-0.06,7,1
P047,HRTF_B,35,0.653,18.55,0.08,7,1
P047,HRTF_B,35,0.667,19.55,0.21,7,1
P047,HRTF_B,35,0.680,20.56,0.34,7,1
P047,HRTF_B,35,0.694,21.60,0.48,7,1
P047,HRTF_B,35,0.708,22.68,0.53,7,1
P047,HRTF_B,35,0.722,23.78,0.65,7,1
P047,HRTF_B,35,0.736,24.92,0.70,7,1
P047,HRTF_B,35,0.750,26.03,0.70,7,1
P047,HRTF_B,35,0.764,27.12,0.73,7,1
P047,HRTF_B,35,0.778,28.25,0.71,7,1
P047,HRTF_B,35,0.792,29.37,0.75,7,1
P047,HRTF_B,35,0.805,30.52,0.76,7,1
P047,HRTF_B,35,0.819,31.69,0.75,7,1
P047,HRTF_B,35,0.833,32.85,0.72,7,1
P047,HRTF_B,35,0.847,33.98,0.69,7,1
P047,HRTF_B,35,0.861,35.09,0.66,7,1
P047,HRTF_B,35,0.875,36.21,0.60,7,1
P047,HRTF_B,35,0.889,37.36,0.53,7,1
P047,HRTF_B,35,0.903,38.49,0.45,7,1
P047,HRTF_B,35,0.916,39.68,0.37,7,1
P047,HRTF_B,35,0.931,40.86,0.31,7,1
P047,HRTF_B,35,0.944,42.07,0.27,7,1
P047,HRTF_B,35,0.958,43.29,0.24,7,1
P047,HRTF_B,35,0.972,44.55,0.22,7,1
P047,HRTF_B,35,0.986,45.84,0.13,7,1
P047,HRTF_B,35,1.000,47.13,0.03,7,1
P047,HRTF_B,35,1.014,48.44,-0.05,7,1
P047,HRTF_B,35,1.028,49.71,-0.04,7,1
P047,HRTF_B,35,1.041,50.94,-0.05,7,1
P047,HRTF_B,35,1.055,52.18,-0.09,7,1
P047,HRTF_B,35,1.069,53.43,-0.14,7,1
P047,HRTF_B,35,1.083,54.60,-0.24,7,1
P047,HRTF_B,35,1.097,55.79,-0.39,7,1
P047,HRTF_B,35,1.111,56.95,-0.53,7,1
P047,HRTF_B,35,1.125,58.08,-0.62,7,1
P047,HRTF_B,35,1.139,59.15,-0.72,7,1
P047,HRTF_B,35,1.153,60.21,-0.86,7,1
P047,HRTF_B,35,1.167,61.27,-1.15,7,1
P047,HRTF_B,35,1.180,62.36,-1.44,7,1
P047,HRTF_B,35,1.194,63.41,-1.74,7,1
P047,HRTF_B,35,1.208,64.43,-2.06,7,1
P047,HRTF_B,35,1.222,65.41,-2.31,7,1
P047,HRTF_B,35,1.236,66.37,-2.67,7,1
P047,HRTF_B,35,1.250,67.33,-3.13,7,1
P047,HRTF_B,35,1.264,68.23,-3.66,7,1
P047,HRTF_B,35,1.278,69.18,-4.19,7,1
P047,HRTF_B,35,1.292,70.09,-4.79,7,1
P047,HRTF_B,35,1.305,70.94,-5.51,7,1
P047,HRTF_B,35,1.319,71.82,-6.20,7,1
P047,HRTF_B,35,1.333,72.67,-6.95,7,1
P047,HRTF_B,35,1.347,73.58,-7.60,7,1
P047,HRTF_B,35,1.361,74.47,-8.20,7,1
P047,HRTF_B,35,1.375,75.44,-8.78,7,1
P047,HRTF_B,35,1.389,76.36,-9.42,7,1
P047,HRTF_B,35,1.402,77.30,-10.01,7,1
P047,HRTF_B,35,1.418,78.24,-10.56,7,1
P047,HRTF_B,35,1.430,79.18,-11.12,7,1
P047,HRTF_B,35,1.444,80.14,-11.66,7,1
P047,HRTF_B,35,1.458,81.12,-12.13,7,1
P047,HRTF_B,35,1.472,82.11,-12.59,7,1
P047,HRTF_B,35,1.486,83.03,-13.07,7,1
P047,HRTF_B,35,1.500,83.98,-13.58,7,1
P047,HRTF_B,35,1.514,84.84,-14.17,7,1
P047,HRTF_B,35,1.528,85.75,-14.67,7,1
P047,HRTF_B,35,1.542,86.56,-15.06,7,1
P047,HRTF_B,35,1.555,87.35,-15.35,7,1
P047,HRTF_B,35,1.569,88.06,-15.56,7,1
P047,HRTF_B,35,1.583,88.70,-15.75,7,1
P047,HRTF_B,35,1.597,89.28,-15.83,7,1
P047,HRTF_B,35,1.611,89.79,-15.87,7,1
P047,HRTF_B,35,1.624,90.30,-15.85,7,1
P047,HRTF_B,35,1.639,90.76,-15.73,7,1
P047,HRTF_B,35,1.652,91.11,-15.64,7,1
P047,HRTF_B,35,1.666,91.40,-15.63,7,1
P047,HRTF_B,35,1.680,91.72,-15.66,7,1
P047,HRTF_B,35,1.694,91.94,-15.67,7,1
P047,HRTF_B,35,1.708,92.15,-15.63,7,1
P047,HRTF_B,35,1.722,92.27,-15.45,7,1
P047,HRTF_B,35,1.736,92.37,-15.20,7,1
P047,HRTF_B,35,1.750,92.44,-14.83,7,1
P047,HRTF_B,35,1.763,92.49,-14.39,7,1
P047,HRTF_B,35,1.778,92.42,-13.81,7,1
P047,HRTF_B,35,1.791,92.35,-13.33,7,1
P047,HRTF_B,35,1.805,92.21,-12.83,7,1
P047,HRTF_B,35,1.819,92.13,-12.39,7,1
P047,HRTF_B,35,1.833,91.93,-11.97,7,1
P047,HRTF_B,35,1.847,91.75,-11.50,7,1
P047,HRTF_B,35,1.861,91.51,-10.90,7,1
P047,HRTF_B,35,1.875,91.23,-10.28,7,1
P047,HRTF_B,35,1.889,90.97,-9.60,7,1
P047,HRTF_B,35,1.902,90.65,-9.00,7,1
P047,HRTF_B,35,1.916,90.28,-8.42,7,1
P047,HRTF_B,35,1.930,89.91,-7.84,7,1
P047,HRTF_B,35,1.944,89.52,-7.25,7,1
P047,HRTF_B,35,1.958,89.06,-6.56,7,1
P047,HRTF_B,35,1.972,88.59,-5.83,7,1
P047,HRTF_B,35,1.986,88.02,-5.15,7,1
P047,HRTF_B,35,2.000,87.41,-4.60,7,1
P047,HRTF_B,35,2.014,86.80,-4.11,7,1
P047,HRTF_B,35,2.027,86.17,-3.83,7,1
P047,HRTF_B,35,2.041,85.50,-3.50,7,1
P047,HRTF_B,35,2.055,84.84,-3.11,7,1
P047,HRTF_B,35,2.069,84.10,-2.71,7,1
P047,HRTF_B,35,2.083,83.30,-2.27,7,1
P047,HRTF_B,35,2.097,82.54,-1.84,7,1
P047,HRTF_B,35,2.111,81.73,-1.48,7,1
P047,HRTF_B,35,2.125,80.91,-1.24,7,1
P047,HRTF_B,35,2.138,80.07,-0.93,7,1
P047,HRTF_B,35,2.152,79.20,-0.59,7,1
P047,HRTF_B,35,2.166,78.34,-0.19,7,1
P047,HRTF_B,35,2.180,77.45,0.20,7,1
P047,HRTF_B,35,2.194,76.59,0.50,7,1
P047,HRTF_B,35,2.208,75.73,0.75,7,1
P047,HRTF_B,35,2.222,74.77,0.98,7,1
P047,HRTF_B,35,2.236,73.87,1.23,7,1
P047,HRTF_B,35,2.250,72.90,1.47,7,1
P047,HRTF_B,35,2.264,71.91,1.63,7,1
P047,HRTF_B,35,2.277,70.91,1.71,7,1
P047,HRTF_B,35,2.291,69.91,1.77,7,1
P047,HRTF_B,35,2.305,68.70,1.77,7,1
P047,HRTF_B,35,2.319,67.43,1.80,7,1
P047,HRTF_B,35,2.333,66.03,1.83,7,1
P047,HRTF_B,35,2.347,64.43,1.81,7,1
P047,HRTF_B,35,2.361,62.79,1.78,7,1
P047,HRTF_B,35,2.375,61.05,1.73,7,1
P047,HRTF_B,35,2.388,59.20,1.65,7,1
P047,HRTF_B,35,2.402,57.21,1.52,7,1
P047,HRTF_B,35,2.416,55.10,1.35,7,1
P047,HRTF_B,35,2.430,52.91,1.17,7,1
P047,HRTF_B,35,2.444,50.72,0.95,7,1
P047,HRTF_B,35,2.458,48.36,0.67,7,1
P047,HRTF_B,35,2.472,46.07,0.44,7,1
P047,HRTF_B,35,2.486,43.70,0.16,7,1
P047,HRTF_B,35,2.499,41.22,-0.14,7,1
P047,HRTF_B,35,2.514,38.74,-0.43,7,1
P047,HRTF_B,35,2.527,36.33,-0.71,7,1
P047,HRTF_B,35,2.541,33.89,-0.98,7,1
P047,HRTF_B,35,2.555,31.40,-1.21,7,1
P047,HRTF_B,35,2.569,28.92,-1.42,7,1
P047,HRTF_B,35,2.583,26.38,-1.57,7,1
P047,HRTF_B,35,2.597,23.79,-1.71,7,1
P047,HRTF_B,35,2.611,21.15,-1.86,7,1
P047,HRTF_B,35,2.625,18.52,-2.00,7,1
P047,HRTF_B,35,2.638,15.83,-2.20,7,1
P047,HRTF_B,35,2.652,13.11,-2.51,7,1
P047,HRTF_B,35,2.666,10.40,-2.91,7,1
P047,HRTF_B,35,2.680,7.74,-3.25,7,1
P047,HRTF_B,35,2.694,5.14,-3.61,7,1
P047,HRTF_B,35,2.708,2.64,-3.94,7,1
P047,HRTF_B,35,2.722,0.28,-4.30,7,1
P047,HRTF_B,35,2.736,-1.98,-4.64,7,1
P047,HRTF_B,35,2.750,-4.19,-5.01,7,1
P047,HRTF_B,35,2.763,-6.29,-5.32,7,1
P047,HRTF_B,35,2.777,-8.27,-5.55,7,1
P047,HRTF_B,35,2.791,-10.22,-5.81,7,1
P047,HRTF_B,35,2.805,-12.11,-6.01,7,1
P047,HRTF_B,35,2.819,-13.82,-6.19,7,1
P047,HRTF_B,35,2.833,-15.43,-6.32,7,1
P047,HRTF_B,35,2.847,-17.11,-6.41,7,1
P047,HRTF_B,35,2.861,-18.66,-6.47,7,1
P047,HRTF_B,35,2.875,-20.25,-6.54,7,1
P047,HRTF_B,35,2.888,-21.73,-6.59,7,1
P047,HRTF_B,35,2.902,-23.15,-6.66,7,1
P047,HRTF_B,35,2.916,-24.39,-6.73,7,1
P047,HRTF_B,35,2.930,-25.64,-6.82,7,1
P047,HRTF_B,35,2.944,-26.85,-6.97,7,1
P047,HRTF_B,35,2.958,-28.04,-7.15,7,1
P047,HRTF_B,35,2.972,-29.21,-7.32,7,1
P047,HRTF_B,35,2.986,-30.40,-7.56,7,1
P047,HRTF_B,35,3.000,-31.49,-7.66,7,1
P047,HRTF_B,35,3.014,-32.57,-7.74,7,1
P047,HRTF_B,35,3.028,-33.63,-7.79,7,1
P047,HRTF_B,35,3.041,-34.68,-7.89,7,1
P047,HRTF_B,35,3.055,-35.68,-7.92,7,1
P047,HRTF_B,35,3.069,-36.66,-8.01,7,1
P047,HRTF_B,35,3.083,-37.64,-8.07,7,1
P047,HRTF_B,35,3.097,-38.59,-8.12,7,1
P047,HRTF_B,35,3.111,-39.54,-8.21,7,1
P047,HRTF_B,35,3.125,-40.49,-8.26,7,1
P047,HRTF_B,35,3.139,-41.45,-8.31,7,1
P047,HRTF_B,35,3.152,-42.36,-8.30,7,1
P047,HRTF_B,35,3.166,-43.26,-8.24,7,1
P047,HRTF_B,35,3.180,-44.09,-8.12,7,1
P047,HRTF_B,35,3.194,-44.91,-7.95,7,1
P047,HRTF_B,35,3.208,-45.72,-7.79,7,1
P047,HRTF_B,35,3.222,-46.44,-7.64,7,1
P047,HRTF_B,35,3.236,-47.17,-7.62,7,1
P047,HRTF_B,35,3.250,-47.93,-7.62,7,1
P047,HRTF_B,35,3.264,-48.68,-7.68,7,1
P047,HRTF_B,35,3.278,-49.46,-7.66,7,1
P047,HRTF_B,35,3.291,-50.22,-7.61,7,1
P047,HRTF_B,35,3.305,-50.95,-7.50,7,1
P047,HRTF_B,35,3.320,-51.72,-7.41,7,1
P047,HRTF_B,35,3.333,-52.48,-7.24,7,1
P047,HRTF_B,35,3.347,-53.20,-7.09,7,1
P047,HRTF_B,35,3.361,-53.89,-6.91,7,1
P047,HRTF_B,35,3.375,-54.54,-6.72,7,1
P047,HRTF_B,35,3.389,-55.12,-6.46,7,1
P047,HRTF_B,35,3.403,-55.71,-6.17,7,1
P047,HRTF_B,35,3.416,-56.21,-5.66,7,1
P047,HRTF_B,35,3.430,-56.75,-5.22,7,1
P047,HRTF_B,35,3.444,-57.22,-4.62,7,1
P047,HRTF_B,35,3.458,-57.69,-3.97,7,1
P047,HRTF_B,35,3.472,-58.14,-3.28,7,1
P047,HRTF_B,35,3.486,-58.58,-2.52,7,1
P047,HRTF_B,35,3.500,-59.03,-1.73,7,1
P047,HRTF_B,35,3.514,-59.46,-0.96,7,1
P047,HRTF_B,35,3.528,-59.95,-0.12,7,1
P047,HRTF_B,35,3.542,-60.41,0.69,7,1
P047,HRTF_B,35,3.555,-60.87,1.54,7,1
P047,HRTF_B,35,3.569,-61.34,2.29,7,1
P047,HRTF_B,35,3.583,-61.80,3.07,7,1
P047,HRTF_B,35,3.597,-62.25,3.77,7,1
P047,HRTF_B,35,3.611,-62.75,4.46,7,1
P047,HRTF_B,35,3.625,-63.21,5.18,7,1
P047,HRTF_B,35,3.639,-63.64,5.91,7,1
P047,HRTF_B,35,3.652,-64.13,6.68,7,1
P047,HRTF_B,35,3.666,-64.66,7.37,7,1
P047,HRTF_B,35,3.680,-65.21,8.01,7,1
P047,HRTF_B,35,3.694,-65.76,8.64,7,1
P047,HRTF_B,35,3.708,-66.31,9.28,7,1
P047,HRTF_B,35,3.722,-66.89,9.80,7,1
P047,HRTF_B,35,3.736,-67.51,10.21,7,1
P047,HRTF_B,35,3.750,-68.21,10.40,7,1
P047,HRTF_B,35,3.764,-68.97,10.53,7,1
P047,HRTF_B,35,3.778,-69.77,10.59,7,1
P047,HRTF_B,35,3.791,-70.58,10.71,7,1
P047,HRTF_B,35,3.805,-71.43,10.96,7,1
P047,HRTF_B,35,3.819,-72.31,11.11,7,1
P047,HRTF_B,35,3.833,-73.19,11.16,7,1
P047,HRTF_B,35,3.847,-74.09,11.06,7,1
P047,HRTF_B,35,3.861,-74.99,10.96,7,1
P047,HRTF_B,35,3.875,-75.83,10.80,7,1
P047,HRTF_B,35,3.889,-76.71,10.71,7,1
P047,HRTF_B,35,3.903,-77.60,10.61,7,1
P047,HRTF_B,35,3.916,-78.48,10.56,7,1
P047,HRTF_B,35,3.930,-79.39,10.43,7,1
P047,HRTF_B,35,3.944,-80.27,10.25,7,1
P047,HRTF_B,35,3.958,-81.18,10.07,7,1
P047,HRTF_B,35,3.972,-82.03,9.89,7,1
P047,HRTF_B,35,3.986,-82.93,9.74,7,1
P047,HRTF_B,35,4.000,-83.78,9.61,7,1
P047,HRTF_B,35,4.014,-84.63,9.41,7,1
P047,HRTF_B,35,4.028,-85.43,9.22,7,1
P047,HRTF_B,35,4.042,-86.20,9.01,7,1
P047,HRTF_B,35,4.055,-86.96,8.81,7,1
P047,HRTF_B,35,4.069,-87.60,8.61,7,1
P047,HRTF_B,35,4.083,-88.24,8.38,7,1
P047,HRTF_B,35,4.097,-88.86,8.12,7,1
P047,HRTF_B,35,4.111,-89.46,7.83,7,1
P047,HRTF_B,35,4.125,-90.11,7.47,7,1
P047,HRTF_B,35,4.139,-90.79,7.11,7,1
P047,HRTF_B,35,4.153,-91.45,6.84,7,1
P047,HRTF_B,35,4.167,-92.17,6.61,7,1
P047,HRTF_B,35,4.180,-92.89,6.40,7,1
P047,HRTF_B,35,4.194,-93.60,6.06,7,1
P047,HRTF_B,35,4.208,-94.42,5.72,7,1
P047,HRTF_B,35,4.222,-95.21,5.32,7,1
P047,HRTF_B,35,4.236,-95.96,4.93,7,1
P047,HRTF_B,35,4.250,-96.62,4.44,7,1
P047,HRTF_B,35,4.264,-97.27,3.75,7,1
P047,HRTF_B,35,4.278,-97.85,2.83,7,1
P047,HRTF_B,35,4.292,-98.39,1.92,7,1
P047,HRTF_B,35,4.305,-98.95,1.18,7,1
P047,HRTF_B,35,4.319,-99.44,0.46,7,1
P047,HRTF_B,35,4.333,-99.88,-0.31,7,1
P047,HRTF_B,35,4.347,-100.20,-1.21,7,1
P047,HRTF_B,35,4.361,-100.43,-2.17,7,1
P047,HRTF_B,35,4.375,-100.56,-3.16,7,1
P047,HRTF_B,35,4.389,-100.70,-3.96,7,1
P047,HRTF_B,35,4.403,-100.80,-4.72,7,1
P047,HRTF_B,35,4.417,-100.83,-5.68,7,1
P047,HRTF_B,35,4.431,-100.77,-6.86,7,1
P047,HRTF_B,35,4.444,-100.63,-8.19,7,1
P047,HRTF_B,35,4.458,-100.56,-9.35,7,1
P047,HRTF_B,35,4.472,-100.50,-10.42,7,1
P047,HRTF_B,35,4.486,-100.41,-11.56,7,1
P047,HRTF_B,35,4.500,-100.22,-12.97,7,1
P047,HRTF_B,35,4.514,-99.92,-14.51,7,1
P047,HRTF_B,35,4.528,-99.58,-16.06,7,1
P047,HRTF_B,35,4.542,-99.24,-17.33,7,1
P047,HRTF_B,35,4.555,-98.91,-18.46,7,1
P047,HRTF_B,35,4.569,-98.53,-19.60,7,1
P047,HRTF_B,35,4.583,-98.13,-20.85,7,1
P047,HRTF_B,35,4.598,-97.76,-22.15,7,1
P047,HRTF_B,35,4.611,-97.30,-23.34,7,1
P047,HRTF_B,35,4.625,-96.91,-24.34,7,1
P047,HRTF_B,35,4.639,-96.52,-25.29,7,1
P047,HRTF_B,35,4.653,-96.05,-26.32,7,1
P047,HRTF_B,35,4.667,-95.51,-27.62,7,1
P047,HRTF_B,35,4.681,-94.94,-28.97,7,1
P047,HRTF_B,35,4.695,-94.38,-30.20,7,1
P047,HRTF_B,35,4.708,-93.79,-31.22,7,1
P047,HRTF_B,35,4.722,-93.15,-32.21,7,1
P047,HRTF_B,35,4.736,-92.29,-33.24,7,1
P047,HRTF_B,35,4.750,-91.00,-34.41,7,1
P047,HRTF_B,35,4.764,-89.34,-35.77,7,1
P047,HRTF_B,35,4.778,-87.65,-36.92,7,1
P047,HRTF_B,35,4.792,-86.22,-37.76,7,1
P047,HRTF_B,35,4.806,-84.91,-38.08,7,1
P047,HRTF_B,35,4.820,-83.71,-38.39,7,1
P047,HRTF_B,35,4.834,-82.70,-38.49,7,1
P047,HRTF_B,35,4.847,-81.90,-38.55,7,1
P047,HRTF_B,35,4.861,-81.11,-38.79,7,1
P047,HRTF_B,35,4.875,-80.45,-39.28,7,1
P047,HRTF_B,35,4.889,-79.66,-40.03,7,1
P047,HRTF_B,35,4.903,-78.83,-40.95,7,1
P047,HRTF_B,35,4.917,-78.10,-41.81,7,1
P047,HRTF_B,35,4.931,-77.42,-42.54,7,1
P047,HRTF_B,35,4.944,-76.78,-43.00,7,1
P047,HRTF_B,35,4.959,-76.16,-43.42,7,1
P047,HRTF_B,35,4.972,-75.46,-43.82,7,1
P047,HRTF_B,35,4.986,-74.71,-44.41,7,1
P047,HRTF_B,35,5.000,-73.98,-45.19,7,1
P047,HRTF_B,35,5.014,-73.33,-45.94,7,1
P047,HRTF_B,35,5.028,-72.70,-46.65,7,1
P047,HRTF_B,35,5.042,-72.32,-47.26,7,1
P047,HRTF_B,35,5.056,-71.88,-47.75,7,1
P047,HRTF_B,35,5.070,-71.38,-48.18,7,1
P047,HRTF_B,35,5.084,-71.00,-48.33,7,1
P047,HRTF_B,35,5.097,-70.74,-48.32,7,1
P047,HRTF_B,35,5.111,-70.27,-48.29,7,1
P047,HRTF_B,35,5.125,-69.99,-48.36,7,1
P047,HRTF_B,35,5.139,-69.79,-48.35,7,1
P047,HRTF_B,35,5.153,-69.69,-48.41,7,1
P047,HRTF_B,35,5.167,-69.34,-48.39,7,1
P047,HRTF_B,35,5.181,-69.14,-48.42,7,1
P047,HRTF_B,35,5.195,-68.92,-48.35,7,1
P047,HRTF_B,35,5.209,-68.73,-48.21,7,1
P047,HRTF_B,35,5.223,-68.57,-48.08,7,1
P047,HRTF_B,35,5.236,-68.36,-47.98,7,1
P047,HRTF_B,35,5.250,-68.26,-47.88,7,1
P047,HRTF_B,35,5.264,-68.09,-47.80,7,1
P047,HRTF_B,35,5.278,-67.95,-47.70,7,1
P047,HRTF_B,35,5.292,-67.74,-47.59,7,1
P047,HRTF_B,35,5.306,-67.51,-47.54,7,1
P047,HRTF_B,35,5.320,-67.20,-47.55,7,1
P047,HRTF_B,35,5.333,-66.79,-47.60,7,1
P047,HRTF_B,35,5.347,-66.37,-47.75,7,1
P047,HRTF_B,35,5.361,-65.79,-48.06,7,1
P047,HRTF_B,35,5.375,-65.22,-48.34,7,1
P047,HRTF_B,35,5.389,-64.73,-48.52,7,1
P047,HRTF_B,35,5.403,-64.28,-48.66,7,1
P047,HRTF_B,35,5.417,-63.88,-48.75,7,1
P047,HRTF_B,35,5.431,-63.48,-48.84,7,1
P047,HRTF_B,35,5.445,-63.09,-48.91,7,1
P047,HRTF_B,35,5.459,-62.71,-48.95,7,1
P047,HRTF_B,35,5.472,-62.47,-49.04,7,1
P047,HRTF_B,35,5.486,-62.32,-49.14,7,1
P047,HRTF_B,35,5.500,-62.26,-49.25,7,1
P047,HRTF_B,35,5.514,-62.37,-49.38,7,1
P047,HRTF_B,35,5.528,-62.52,-49.49,7,1
P047,HRTF_B,35,5.542,-62.72,-49.56,7,1
P047,HRTF_B,35,5.556,-62.95,-49.66,7,1
P047,HRTF_B,35,5.570,-63.28,-49.87,7,1
P047,HRTF_B,35,5.583,-63.73,-50.21,7,1
P047,HRTF_B,35,5.597,-64.13,-50.54,7,1
P047,HRTF_B,35,5.611,-64.63,-50.98,7,1
P047,HRTF_B,35,5.625,-65.20,-51.47,7,1
P047,HRTF_B,35,5.639,-65.73,-52.17,7,1
P047,HRTF_B,35,5.653,-66.31,-52.95,7,1
P047,HRTF_B,35,5.667,-66.90,-53.79,7,1
P047,HRTF_B,35,5.681,-67.53,-54.60,7,1
P047,HRTF_B,35,5.694,-68.31,-55.23,7,1
P047,HRTF_B,35,5.708,-68.89,-55.76,7,1
P047,HRTF_B,35,5.722,-69.35,-56.27,7,1
P047,HRTF_B,35,5.736,-69.72,-56.78,7,1
P047,HRTF_B,35,5.750,-70.11,-57.24,7,1
P047,HRTF_B,35,5.764,-70.56,-57.68,7,1
P047,HRTF_B,35,5.778,-71.05,-58.04,7,1
P047,HRTF_B,35,5.792,-71.61,-58.28,7,1
P047,HRTF_B,35,5.806,-72.29,-58.53,7,1
P047,HRTF_B,35,5.819,-72.71,-58.72,7,1
P047,HRTF_B,35,5.833,-73.17,-59.03,7,1
P047,HRTF_B,35,5.848,-73.59,-59.21,7,1
P047,HRTF_B,35,5.861,-73.91,-59.44,7,1
P047,HRTF_B,35,5.875,-74.24,-59.69,7,1
P047,HRTF_B,35,5.889,-74.81,-59.67,7,1
P047,HRTF_B,35,5.903,-75.14,-59.68,7,1
P047,HRTF_B,35,5.917,-75.59,-59.67,7,1
P047,HRTF_B,35,5.931,-76.00,-59.72,7,1
P047,HRTF_B,35,5.945,-76.40,-59.86,7,1
P047,HRTF_B,35,5.959,-76.68,-60.00,7,1
P047,HRTF_B,35,5.972,-76.90,-60.15,7,1
P047,HRTF_B,35,5.986,-77.05,-60.39,7,1
P047,HRTF_B,35,6.000,-77.09,-60.69,7,1
P047,HRTF_B,35,6.014,-77.10,-60.98,7,1
P047,HRTF_B,35,6.028,-77.09,-61.28,7,1
P047,HRTF_B,35,6.042,-77.05,-61.46,7,1
P047,HRTF_B,35,6.056,-76.97,-61.65,7,1
P047,HRTF_B,35,6.070,-76.77,-61.87,7,1
P047,HRTF_B,35,6.083,-76.33,-62.20,7,1
P047,HRTF_B,35,6.097,-75.66,-62.55,7,1
P047,HRTF_B,35,6.111,-74.62,-62.90,7,1
P047,HRTF_B,35,6.125,-73.54,-63.15,7,1
P047,HRTF_B,35,6.139,-72.41,-63.38,7,1
P047,HRTF_B,35,6.153,-71.41,-63.51,7,1
P047,HRTF_B,35,6.167,-70.13,-63.52,7,1
P047,HRTF_B,35,6.181,-68.81,-63.51,7,1
P047,HRTF_B,35,6.194,-67.11,-63.32,7,1
P047,HRTF_B,35,6.208,-65.25,-63.10,7,1
P047,HRTF_B,35,6.222,-63.66,-62.88,7,1
P047,HRTF_B,35,6.236,-61.86,-62.72,7,1
P047,HRTF_B,35,6.250,-60.26,-62.55,7,1
P047,HRTF_B,35,6.264,-58.83,-62.36,7,1
P047,HRTF_B,35,6.278,-57.47,-62.05,7,1
P047,HRTF_B,35,6.292,-56.04,-61.78,7,1
P047,HRTF_B,35,6.306,-54.58,-61.46,7,1
P047,HRTF_B,35,6.319,-53.09,-61.15,7,1
P047,HRTF_B,35,6.333,-51.60,-60.88,7,1
P047,HRTF_B,35,6.347,-50.24,-60.65,7,1
P047,HRTF_B,35,6.361,-48.85,-60.37,7,1
P047,HRTF_B,35,6.375,-47.33,-60.20,7,1
P047,HRTF_B,35,6.389,-45.79,-60.06,7,1
P047,HRTF_B,35,6.403,-44.33,-59.99,7,1
P047,HRTF_B,35,6.417,-42.82,-59.95,7,1
P047,HRTF_B,35,6.431,-41.50,-59.81,7,1
P047,HRTF_B,35,6.444,-40.25,-59.64,7,1
P047,HRTF_B,35,6.458,-38.36,-59.12,7,1
P047,HRTF_B,35,6.472,-36.91,-58.91,7,1
P047,HRTF_B,35,6.486,-35.50,-58.71,7,1
P047,HRTF_B,35,6.500,-34.01,-58.58,7,1
P047,HRTF_B,35,6.514,-32.56,-58.33,7,1
P047,HRTF_B,35,6.528,-31.08,-57.90,7,1
P047,HRTF_B,35,6.542,-29.56,-57.46,7,1
P047,HRTF_B,35,6.556,-28.03,-56.90,7,1
P047,HRTF_B,35,6.569,-26.64,-56.40,7,1
P047,HRTF_B,35,6.583,-25.44,-55.78,7,1
P047,HRTF_B,35,6.597,-24.19,-55.16,7,1
P047,HRTF_B,35,6.611,-23.09,-54.60,7,1
P047,HRTF_B,35,6.625,-22.20,-53.97,7,1
P047,HRTF_B,35,6.639,-21.11,-53.35,7,1
P047,HRTF_B,35,6.653,-20.15,-52.69,7,1
P047,HRTF_B,35,6.667,-19.36,-52.16,7,1
P047,HRTF_B,35,6.680,-18.67,-51.62,7,1
P047,HRTF_B,35,6.695,-17.91,-51.18,7,1
P047,HRTF_B,35,6.708,-17.36,-50.79,7,1
P047,HRTF_B,35,6.722,-16.76,-50.34,7,1
P047,HRTF_B,35,6.736,-16.25,-49.91,7,1
P047,HRTF_B,35,6.750,-15.85,-49.63,7,1
P047,HRTF_B,35,6.764,-15.35,-49.32,7,1
P047,HRTF_B,35,6.778,-14.80,-49.10,7,1
P047,HRTF_B,35,6.792,-14.28,-48.91,7,1
P047,HRTF_B,35,6.806,-13.84,-48.79,7,1
P047,HRTF_B,36,0.014,2.31,0.08,4,1
P047,HRTF_B,36,0.028,2.44,0.16,4,1
P047,HRTF_B,36,0.042,2.54,0.23,4,1
P047,HRTF_B,36,0.056,2.65,0.34,4,1
P047,HRTF_B,36,0.069,2.77,0.46,4,1
P047,HRTF_B,36,0.083,2.87,0.67,4,1
P047,HRTF_B,36,0.098,2.93,0.85,4,1
P047,HRTF_B,36,0.112,3.00,0.87,4,1
P047,HRTF_B,36,0.125,3.05,0.75,4,1
P047,HRTF_B,36,0.139,3.11,0.63,4,1
P047,HRTF_B,36,0.153,3.15,0.52,4,1
P047,HRTF_B,36,0.167,3.20,0.44,4,1
P047,HRTF_B,36,0.181,3.22,0.45,4,1
P047,HRTF_B,36,0.195,3.27,0.50,4,1
P047,HRTF_B,36,0.209,3.28,0.57,4,1
P047,HRTF_B,36,0.222,3.31,0.65,4,1
P047,HRTF_B,36,0.236,3.33,0.67,4,1
P047,HRTF_B,36,0.250,3.33,0.61,4,1
P047,HRTF_B,36,0.264,3.31,0.42,4,1
P047,HRTF_B,36,0.278,3.27,0.22,4,1
P047,HRTF_B,36,0.292,3.23,0.06,4,1
P047,HRTF_B,36,0.306,3.17,-0.08,4,1
P047,HRTF_B,36,0.320,3.09,-0.17,4,1
P047,HRTF_B,36,0.333,3.01,-0.27,4,1
P047,HRTF_B,36,0.347,2.93,-0.36,4,1
P047,HRTF_B,36,0.361,2.85,-0.47,4,1
P047,HRTF_B,36,0.375,2.79,-0.62,4,1
P047,HRTF_B,36,0.389,2.75,-0.75,4,1
P047,HRTF_B,36,0.403,2.72,-0.88,4,1
P047,HRTF_B,36,0.417,2.70,-0.98,4,1
P047,HRTF_B,36,0.431,2.70,-1.09,4,1
P047,HRTF_B,36,0.445,2.72,-1.18,4,1
P047,HRTF_B,36,0.459,2.75,-1.22,4,1
P047,HRTF_B,36,0.473,2.80,-1.24,4,1
P047,HRTF_B,36,0.486,2.88,-1.25,4,1
P047,HRTF_B,36,0.500,2.95,-1.24,4,1
P047,HRTF_B,36,0.514,3.01,-1.26,4,1
P047,HRTF_B,36,0.528,3.08,-1.29,4,1
P047,HRTF_B,36,0.542,3.14,-1.33,4,1
P047,HRTF_B,36,0.556,3.20,-1.37,4,1
P047,HRTF_B,36,0.570,3.26,-1.41,4,1
P047,HRTF_B,36,0.584,3.32,-1.42,4,1
P047,HRTF_B,36,0.598,3.38,-1.43,4,1
P047,HRTF_B,36,0.612,3.45,-1.44,4,1
P047,HRTF_B,36,0.626,3.52,-1.45,4,1
P047,HRTF_B,36,0.639,3.61,-1.47,4,1
P047,HRTF_B,36,0.653,3.70,-1.46,4,1
P047,HRTF_B,36,0.667,3.81,-1.42,4,1
P047,HRTF_B,36,0.681,3.93,-1.38,4,1
P047,HRTF_B,36,0.695,4.04,-1.37,4,1
P047,HRTF_B,36,0.709,4.19,-1.39,4,1
P047,HRTF_B,36,0.723,4.34,-1.41,4,1
P047,HRTF_B,36,0.737,4.50,-1.41,4,1
P047,HRTF_B,36,0.750,4.66,-1.39,4,1
P047,HRTF_B,36,0.764,4.84,-1.36,4,1
P047,HRTF_B,36,0.778,5.02,-1.34,4,1
P047,HRTF_B,36,0.792,5.20,-1.32,4,1
P047,HRTF_B,36,0.806,5.38,-1.30,4,1
P047,HRTF_B,36,0.819,5.57,-1.29,4,1
P047,HRTF_B,36,0.833,5.76,-1.26,4,1
P047,HRTF_B,36,0.847,5.95,-1.24,4,1
P047,HRTF_B,36,0.861,6.16,-1.21,4,1
P047,HRTF_B,36,0.875,6.35,-1.19,4,1
P047,HRTF_B,36,0.889,6.56,-1.16,4,1
P047,HRTF_B,36,0.903,6.79,-1.13,4,1
P047,HRTF_B,36,0.917,7.00,-1.09,4,1
P047,HRTF_B,36,0.931,7.26,-1.04,4,1
P047,HRTF_B,36,0.945,7.53,-0.98,4,1
P047,HRTF_B,36,0.958,7.85,-0.93,4,1
P047,HRTF_B,36,0.972,8.23,-0.91,4,1
P047,HRTF_B,36,0.986,8.61,-0.87,4,1
P047,HRTF_B,36,1.000,9.09,-0.84,4,1
P047,HRTF_B,36,1.014,9.61,-0.74,4,1
P047,HRTF_B,36,1.028,10.23,-0.71,4,1
P047,HRTF_B,36,1.042,10.90,-0.74,4,1
P047,HRTF_B,36,1.056,11.65,-0.81,4,1
P047,HRTF_B,36,1.070,12.53,-0.98,4,1
P047,HRTF_B,36,1.083,13.49,-1.21,4,1
P047,HRTF_B,36,1.098,14.44,-1.37,4,1
P047,HRTF_B,36,1.111,15.42,-1.50,4,1
P047,HRTF_B,36,1.125,16.46,-1.59,4,1
P047,HRTF_B,36,1.139,17.46,-1.61,4,1
P047,HRTF_B,36,1.153,18.51,-1.63,4,1
P047,HRTF_B,36,1.168,19.59,-1.48,4,1
P047,HRTF_B,36,1.181,20.68,-1.36,4,1
P047,HRTF_B,36,1.194,21.69,-1.21,4,1
P047,HRTF_B,36,1.208,22.75,-0.99,4,1
P047,HRTF_B,36,1.222,23.79,-0.76,4,1
P047,HRTF_B,36,1.236,24.81,-0.57,4,1
P047,HRTF_B,36,1.250,25.74,-0.46,4,1
P047,HRTF_B,36,1.264,26.66,-0.40,4,1
P047,HRTF_B,36,1.279,27.48,-0.37,4,1
P047,HRTF_B,36,1.292,28.38,-0.37,4,1
P047,HRTF_B,36,1.306,29.27,-0.44,4,1
P047,HRTF_B,36,1.319,30.17,-0.49,4,1
P047,HRTF_B,36,1.334,31.07,-0.60,4,1
P047,HRTF_B,36,1.347,31.97,-0.70,4,1
P047,HRTF_B,36,1.361,32.82,-0.80,4,1
P047,HRTF_B,36,1.375,33.73,-0.86,4,1
P047,HRTF_B,36,1.391,34.64,-0.85,4,1
P047,HRTF_B,36,1.404,36.45,-0.81,4,1
P047,HRTF_B,36,1.418,36.47,-0.76,4,1
P047,HRTF_B,36,1.432,37.37,-0.64,4,1
P047,HRTF_B,36,1.445,38.38,-0.53,4,1
P047,HRTF_B,36,1.459,39.44,-0.43,4,1
P047,HRTF_B,36,1.473,40.47,-0.30,4,1
P047,HRTF_B,36,1.486,41.58,-0.12,4,1
P047,HRTF_B,36,1.500,42.63,0.07,4,1
P047,HRTF_B,36,1.514,43.64,0.33,4,1
P047,HRTF_B,36,1.528,44.60,0.70,4,1
P047,HRTF_B,36,1.542,45.55,1.03,4,1
P047,HRTF_B,36,1.556,46.34,1.51,4,1
P047,HRTF_B,36,1.569,47.15,1.98,4,1
P047,HRTF_B,36,1.583,47.76,2.52,4,1
P047,HRTF_B,36,1.597,48.32,3.00,4,1
P047,HRTF_B,36,1.611,48.79,3.55,4,1
P047,HRTF_B,36,1.625,49.11,4.07,4,1
P047,HRTF_B,36,1.639,49.42,4.61,4,1
P047,HRTF_B,36,1.652,49.63,5.15,4,1
P047,HRTF_B,36,1.667,49.79,5.65,4,1
P047,HRTF_B,36,1.680,49.87,6.13,4,1
P047,HRTF_B,36,1.694,49.93,6.58,4,1
P047,HRTF_B,36,1.708,49.96,7.05,4,1
P047,HRTF_B,36,1.722,49.95,7.57,4,1
P047,HRTF_B,36,1.736,49.94,8.12,4,1
P047,HRTF_B,36,1.750,49.94,8.60,4,1
P047,HRTF_B,36,1.764,49.91,9.03,4,1
P047,HRTF_B,36,1.777,49.89,9.41,4,1
P047,HRTF_B,36,1.791,49.86,9.81,4,1
P047,HRTF_B,36,1.805,49.78,10.24,4,1
P047,HRTF_B,36,1.819,49.66,10.75,4,1
P047,HRTF_B,36,1.833,49.55,11.09,4,1
P047,HRTF_B,36,1.847,49.53,11.29,4,1
P047,HRTF_B,36,1.861,49.47,11.40,4,1
P047,HRTF_B,36,1.875,49.46,11.52,4,1
P047,HRTF_B,36,1.888,49.45,11.66,4,1
P047,HRTF_B,36,1.902,49.43,11.85,4,1
P047,HRTF_B,36,1.916,49.40,11.95,4,1
P047,HRTF_B,36,1.930,49.38,11.99,4,1
P047,HRTF_B,36,1.944,49.39,11.95,4,1
P047,HRTF_B,36,1.958,49.40,11.93,4,1
P047,HRTF_B,36,1.972,49.41,11.91,4,1
P047,HRTF_B,36,1.986,49.37,11.91,4,1
P047,HRTF_B,36,2.000,49.32,11.96,4,1
P047,HRTF_B,36,2.013,49.27,11.99,4,1
P047,HRTF_B,36,2.027,49.21,12.01,4,1
P047,HRTF_B,36,2.041,49.14,12.00,4,1
P047,HRTF_B,36,2.055,49.11,11.96,4,1
P047,HRTF_B,36,2.069,49.07,11.87,4,1
P047,HRTF_B,36,2.083,49.03,11.81,4,1
P047,HRTF_B,36,2.097,48.98,11.76,4,1
P047,HRTF_B,36,2.111,48.92,11.76,4,1
P047,HRTF_B,36,2.125,48.85,11.77,4,1
P047,HRTF_B,36,2.139,48.74,11.76,4,1
P047,HRTF_B,37,0.014,-1.99,2.86,30,1
P047,HRTF_B,37,0.028,-2.02,2.81,30,1
P047,HRTF_B,37,0.042,-2.03,2.82,30,1
P047,HRTF_B,37,0.056,-2.06,2.81,30,1
P047,HRTF_B,37,0.069,-2.07,2.77,30,1
P047,HRTF_B,37,0.083,-2.11,2.64,30,1
P047,HRTF_B,37,0.097,-2.16,2.53,30,1
P047,HRTF_B,37,0.111,-2.21,2.46,30,1
P047,HRTF_B,37,0.125,-2.27,2.39,30,1
P047,HRTF_B,37,0.139,-2.34,2.36,30,1
P047,HRTF_B,37,0.153,-2.40,2.35,30,1
P047,HRTF_B,37,0.167,-2.49,2.31,30,1
P047,HRTF_B,37,0.181,-2.58,2.27,30,1
P047,HRTF_B,37,0.195,-2.65,2.22,30,1
P047,HRTF_B,37,0.208,-2.74,2.18,30,1
P047,HRTF_B,37,0.222,-2.82,2.15,30,1
P047,HRTF_B,37,0.236,-2.88,2.14,30,1
P047,HRTF_B,37,0.250,-2.96,2.14,30,1
P047,HRTF_B,37,0.264,-3.03,2.13,30,1
P047,HRTF_B,37,0.278,-3.13,2.14,30,1
P047,HRTF_B,37,0.292,-3.21,2.16,30,1
P047,HRTF_B,37,0.306,-3.31,2.20,30,1
P047,HRTF_B,37,0.320,-3.40,2.24,30,1
P047,HRTF_B,37,0.333,-3.50,2.31,30,1
P047,HRTF_B,37,0.347,-3.60,2.38,30,1
P047,HRTF_B,37,0.361,-3.70,2.43,30,1
P047,HRTF_B,37,0.375,-3.79,2.50,30,1
P047,HRTF_B,37,0.389,-3.89,2.54,30,1
P047,HRTF_B,37,0.403,-3.96,2.57,30,1
P047,HRTF_B,37,0.417,-4.03,2.59,30,1
P047,HRTF_B,37,0.431,-4.10,2.64,30,1
P047,HRTF_B,37,0.444,-4.16,2.70,30,1
P047,HRTF_B,37,0.459,-4.23,2.73,30,1
P047,HRTF_B,37,0.472,-4.27,2.77,30,1
P047,HRTF_B,37,0.486,-4.30,2.78,30,1
P047,HRTF_B,37,0.500,-4.34,2.79,30,1
P047,HRTF_B,37,0.514,-4.35,2.79,30,1
P047,HRTF_B,37,0.528,-4.37,2.78,30,1
P047,HRTF_B,37,0.542,-4.38,2.76,30,1
P047,HRTF_B,37,0.556,-4.40,2.75,30,1
P047,HRTF_B,37,0.570,-4.40,2.73,30,1
P047,HRTF_B,37,0.584,-4.40,2.72,30,1
P047,HRTF_B,37,0.597,-4.40,2.71,30,1
P047,HRTF_B,37,0.611,-4.39,2.70,30,1
P047,HRTF_B,37,0.625,-4.37,2.70,30,1
P047,HRTF_B,37,0.640,-4.36,2.69,30,1
P047,HRTF_B,37,0.653,-4.33,2.69,30,1
P047,HRTF_B,37,0.667,-4.29,2.67,30,1
P047,HRTF_B,37,0.681,-4.24,2.68,30,1
P047,HRTF_B,37,0.694,-4.19,2.68,30,1
P047,HRTF_B,37,0.709,-4.15,2.68,30,1
P047,HRTF_B,37,0.722,-4.10,2.69,30,1
P047,HRTF_B,37,0.736,-4.04,2.71,30,1
P047,HRTF_B,37,0.750,-4.01,2.72,30,1
P047,HRTF_B,37,0.764,-3.96,2.75,30,1
P047,HRTF_B,37,0.778,-3.93,2.78,30,1
P047,HRTF_B,37,0.792,-3.85,2.80,30,1
P047,HRTF_B,37,0.806,-3.81,2.81,30,1
P047,HRTF_B,37,0.820,-3.75,2.82,30,1
P047,HRTF_B,37,0.834,-3.71,2.80,30,1
P047,HRTF_B,37,0.847,-3.66,2.79,30,1
P047,HRTF_B,37,0.861,-3.62,2.77,30,1
P047,HRTF_B,37,0.875,-3.58,2.78,30,1
P047,HRTF_B,37,0.889,-3.54,2.81,30,1
P047,HRTF_B,37,0.903,-3.50,2.85,30,1
P047,HRTF_B,37,0.917,-3.49,2.88,30,1
P047,HRTF_B,37,0.931,-3.52,2.89,30,1
P047,HRTF_B,37,0.945,-3.57,2.92,30,1
P047,HRTF_B,37,0.959,-3.66,2.97,30,1
P047,HRTF_B,37,0.972,-3.80,3.00,30,1
P047,HRTF_B,37,0.986,-4.06,3.03,30,1
P047,HRTF_B,37,1.000,-4.43,3.03,30,1
P047,HRTF_B,37,1.014,-4.86,3.00,30,1
P047,HRTF_B,37,1.028,-5.51,2.90,30,1
P047,HRTF_B,37,1.042,-6.28,2.75,30,1
P047,HRTF_B,37,1.056,-7.15,2.60,30,1
P047,HRTF_B,37,1.070,-8.31,2.44,30,1
P047,HRTF_B,37,1.083,-9.41,2.34,30,1
P047,HRTF_B,37,1.097,-10.68,2.31,30,1
P047,HRTF_B,37,1.111,-11.90,2.38,30,1
P047,HRTF_B,37,1.125,-13.22,2.43,30,1
P047,HRTF_B,37,1.139,-14.57,2.44,30,1
P047,HRTF_B,37,1.153,-16.04,2.50,30,1
P047,HRTF_B,37,1.167,-17.43,2.55,30,1
P047,HRTF_B,37,1.181,-18.91,2.55,30,1
P047,HRTF_B,37,1.194,-20.40,2.51,30,1
P047,HRTF_B,37,1.208,-21.97,2.44,30,1
P047,HRTF_B,37,1.222,-23.67,2.40,30,1
P047,HRTF_B,37,1.236,-25.41,2.34,30,1
P047,HRTF_B,37,1.250,-27.11,2.28,30,1
P047,HRTF_B,37,1.264,-28.80,2.24,30,1
P047,HRTF_B,37,1.278,-30.54,2.13,30,1
P047,HRTF_B,37,1.292,-32.27,1.99,30,1
P047,HRTF_B,37,1.305,-34.02,1.71,30,1
P047,HRTF_B,37,1.319,-35.73,1.44,30,1
P047,HRTF_B,37,1.333,-37.42,1.13,30,1
P047,HRTF_B,37,1.347,-39.06,0.96,30,1
P047,HRTF_B,37,1.361,-40.71,0.79,30,1
P047,HRTF_B,37,1.375,-42.26,0.60,30,1
P047,HRTF_B,37,1.389,-43.83,0.50,30,1
P047,HRTF_B,37,1.403,-45.31,0.35,30,1
P047,HRTF_B,37,1.417,-46.78,0.16,30,1
P047,HRTF_B,37,1.430,-48.35,-0.08,30,1
P047,HRTF_B,37,1.444,-49.92,-0.28,30,1
P047,HRTF_B,37,1.458,-51.41,-0.33,30,1
P047,HRTF_B,37,1.473,-52.87,-0.36,30,1
P047,HRTF_B,37,1.486,-54.19,-0.19,30,1
P047,HRTF_B,37,1.500,-55.52,-0.03,30,1
P047,HRTF_B,37,1.514,-56.82,0.11,30,1
P047,HRTF_B,37,1.528,-58.07,0.21,30,1
P047,HRTF_B,37,1.541,-59.31,0.24,30,1
P047,HRTF_B,37,1.556,-60.51,0.22,30,1
P047,HRTF_B,37,1.569,-61.53,0.03,30,1
P047,HRTF_B,37,1.583,-62.51,-0.22,30,1
P047,HRTF_B,37,1.597,-63.32,-0.62,30,1
P047,HRTF_B,37,1.611,-64.17,-0.91,30,1
P047,HRTF_B,37,1.625,-64.96,-1.09,30,1
P047,HRTF_B,37,1.639,-65.71,-1.23,30,1
P047,HRTF_B,37,1.653,-66.42,-1.35,30,1
P047,HRTF_B,37,1.667,-66.93,-1.51,30,1
P047,HRTF_B,37,1.680,-67.40,-1.73,30,1
P047,HRTF_B,37,1.694,-67.78,-1.99,30,1
P047,HRTF_B,37,1.708,-68.11,-2.22,30,1
P047,HRTF_B,37,1.722,-68.43,-2.37,30,1
P047,HRTF_B,37,1.736,-68.78,-2.55,30,1
P047,HRTF_B,37,1.750,-69.10,-2.82,30,1
P047,HRTF_B,37,1.764,-69.39,-3.04,30,1
P047,HRTF_B,37,1.778,-69.69,-3.33,30,1
P047,HRTF_B,37,1.791,-70.01,-3.73,30,1
P047,HRTF_B,37,1.805,-70.29,-4.03,30,1
P047,HRTF_B,37,1.819,-70.51,-4.32,30,1
P047,HRTF_B,37,1.833,-70.72,-4.61,30,1
P047,HRTF_B,37,1.847,-70.88,-4.93,30,1
P047,HRTF_B,37,1.861,-70.97,-5.16,30,1
P047,HRTF_B,38,0.013,2.74,-0.18,28,1
P047,HRTF_B,38,0.027,2.90,-0.12,28,1
P047,HRTF_B,38,0.041,3.01,-0.07,28,1
P047,HRTF_B,38,0.055,3.13,0.00,28,1
P047,HRTF_B,38,0.069,3.23,0.06,28,1
P047,HRTF_B,38,0.083,3.33,0.10,28,1
P047,HRTF_B,38,0.098,3.37,0.15,28,1
P047,HRTF_B,38,0.111,3.44,0.20,28,1
P047,HRTF_B,38,0.125,3.49,0.25,28,1
P047,HRTF_B,38,0.139,3.53,0.29,28,1
P047,HRTF_B,38,0.153,3.56,0.36,28,1
P047,HRTF_B,38,0.167,3.59,0.41,28,1
P047,HRTF_B,38,0.180,3.60,0.45,28,1
P047,HRTF_B,38,0.194,3.60,0.50,28,1
P047,HRTF_B,38,0.208,3.61,0.55,28,1
P047,HRTF_B,38,0.222,3.62,0.59,28,1
P047,HRTF_B,38,0.236,3.63,0.61,28,1
P047,HRTF_B,38,0.250,3.63,0.64,28,1
P047,HRTF_B,38,0.264,3.62,0.63,28,1
P047,HRTF_B,38,0.278,3.62,0.64,28,1
P047,HRTF_B,38,0.292,3.62,0.65,28,1
P047,HRTF_B,38,0.306,3.64,0.66,28,1
P047,HRTF_B,38,0.320,3.66,0.67,28,1
P047,HRTF_B,38,0.333,3.67,0.68,28,1
P047,HRTF_B,38,0.348,3.70,0.72,28,1
P047,HRTF_B,38,0.361,3.70,0.76,28,1
P047,HRTF_B,38,0.375,3.72,0.79,28,1
P047,HRTF_B,38,0.389,3.74,0.81,28,1
P047,HRTF_B,38,0.403,3.76,0.82,28,1
P047,HRTF_B,38,0.417,3.77,0.80,28,1
P047,HRTF_B,38,0.431,3.77,0.78,28,1
P047,HRTF_B,38,0.445,3.78,0.78,28,1
P047,HRTF_B,38,0.459,3.77,0.77,28,1
P047,HRTF_B,38,0.473,3.77,0.77,28,1
P047,HRTF_B,38,0.487,3.76,0.77,28,1
P047,HRTF_B,38,0.501,3.76,0.77,28,1
P047,HRTF_B,38,0.514,3.76,0.78,28,1
P047,HRTF_B,38,0.528,3.75,0.78,28,1
P047,HRTF_B,38,0.542,3.75,0.78,28,1
P047,HRTF_B,38,0.556,3.75,0.75,28,1
P047,HRTF_B,38,0.570,3.74,0.72,28,1
P047,HRTF_B,38,0.584,3.73,0.69,28,1
P047,HRTF_B,38,0.598,3.72,0.67,28,1
P047,HRTF_B,38,0.612,3.72,0.63,28,1
P047,HRTF_B,38,0.626,3.70,0.60,28,1
P047,HRTF_B,38,0.640,3.71,0.58,28,1
P047,HRTF_B,38,0.654,3.70,0.56,28,1
P047,HRTF_B,38,0.667,3.69,0.54,28,1
P047,HRTF_B,38,0.681,3.70,0.54,28,1
P047,HRTF_B,38,0.695,3.68,0.54,28,1
P047,HRTF_B,38,0.709,3.66,0.54,28,1
P047,HRTF_B,38,0.723,3.64,0.54,28,1
P047,HRTF_B,38,0.737,3.60,0.55,28,1
P047,HRTF_B,38,0.751,3.56,0.55,28,1
P047,HRTF_B,38,0.765,3.49,0.56,28,1
P047,HRTF_B,38,0.779,3.44,0.55,28,1
P047,HRTF_B,38,0.792,3.38,0.57,28,1
P047,HRTF_B,38,0.806,3.31,0.57,28,1
P047,HRTF_B,38,0.820,3.23,0.57,28,1
P047,HRTF_B,38,0.834,3.10,0.58,28,1
P047,HRTF_B,38,0.848,2.97,0.60,28,1
P047,HRTF_B,38,0.862,2.80,0.62,28,1
P047,HRTF_B,38,0.876,2.60,0.65,28,1
P047,HRTF_B,38,0.890,2.38,0.70,28,1
P047,HRTF_B,38,0.904,2.12,0.73,28,1
P047,HRTF_B,38,0.918,1.83,0.73,28,1
P047,HRTF_B,38,0.931,1.46,0.71,28,1
P047,HRTF_B,38,0.945,1.05,0.71,28,1
P047,HRTF_B,38,0.959,0.59,0.67,28,1
P047,HRTF_B,38,0.973,0.07,0.68,28,1
P047,HRTF_B,38,0.987,-0.46,0.66,28,1
P047,HRTF_B,38,1.001,-1.01,0.65,28,1
P047,HRTF_B,38,1.015,-1.75,0.65,28,1
P047,HRTF_B,38,1.029,-2.52,0.64,28,1
P047,HRTF_B,38,1.043,-3.32,0.67,28,1
P047,HRTF_B,38,1.057,-4.13,0.74,28,1
P047,HRTF_B,38,1.071,-4.95,0.84,28,1
P047,HRTF_B,38,1.085,-5.75,0.96,28,1
P047,HRTF_B,38,1.098,-6.63,1.12,28,1
P047,HRTF_B,38,1.112,-7.52,1.37,28,1
P047,HRTF_B,38,1.126,-8.45,1.62,28,1
P047,HRTF_B,38,1.140,-9.42,1.88,28,1
P047,HRTF_B,38,1.154,-10.49,2.18,28,1
P047,HRTF_B,38,1.168,-11.56,2.44,28,1
P047,HRTF_B,38,1.182,-12.72,2.60,28,1
P047,HRTF_B,38,1.196,-13.98,2.67,28,1
P047,HRTF_B,38,1.210,-15.29,2.71,28,1
P047,HRTF_B,38,1.224,-16.63,2.74,28,1
P047,HRTF_B,38,1.238,-18.05,2.79,28,1
P047,HRTF_B,38,1.251,-19.55,2.86,28,1
P047,HRTF_B,38,1.265,-21.13,2.94,28,1
P047,HRTF_B,38,1.279,-22.73,3.02,28,1
P047,HRTF_B,38,1.293,-24.33,3.10,28,1
P047,HRTF_B,38,1.307,-25.99,3.14,28,1
P047,HRTF_B,38,1.321,-27.64,3.19,28,1
P047,HRTF_B,38,1.335,-29.31,3.19,28,1
P047,HRTF_B,38,1.349,-30.95,3.14,28,1
P047,HRTF_B,38,1.363,-32.57,3.08,28,1
P047,HRTF_B,38,1.376,-34.15,2.86,28,1
P047,HRTF_B,38,1.390,-35.72,2.64,28,1
P047,HRTF_B,38,1.404,-37.29,2.42,28,1
P047,HRTF_B,38,1.418,-38.85,2.26,28,1
P047,HRTF_B,38,1.432,-40.43,2.10,28,1
P047,HRTF_B,38,1.446,-42.05,1.95,28,1
P047,HRTF_B,38,1.460,-43.64,1.82,28,1
P047,HRTF_B,38,1.474,-45.21,1.68,28,1
P047,HRTF_B,38,1.488,-46.82,1.61,28,1
P047,HRTF_B,38,1.501,-48.38,1.58,28,1
P047,HRTF_B,38,1.515,-49.98,1.55,28,1
P047,HRTF_B,38,1.529,-51.60,1.58,28,1
P047,HRTF_B,38,1.543,-53.30,1.58,28,1
P047,HRTF_B,38,1.557,-55.01,1.55,28,1
P047,HRTF_B,38,1.571,-56.75,1.56,28,1
P047,HRTF_B,38,1.585,-58.36,1.64,28,1
P047,HRTF_B,38,1.599,-59.99,1.76,28,1
P047,HRTF_B,38,1.613,-61.57,1.88,28,1
P047,HRTF_B,38,1.627,-63.10,1.98,28,1
P047,HRTF_B,38,1.641,-64.49,2.16,28,1
P047,HRTF_B,38,1.655,-65.82,2.32,28,1
P047,HRTF_B,38,1.668,-67.09,2.48,28,1
P047,HRTF_B,38,1.682,-68.26,2.73,28,1
P047,HRTF_B,38,1.696,-69.29,2.97,28,1
P047,HRTF_B,38,1.710,-70.21,3.23,28,1
P047,HRTF_B,38,1.724,-71.15,3.46,28,1
P047,HRTF_B,38,1.738,-71.86,3.76,28,1
P047,HRTF_B,38,1.752,-72.58,4.03,28,1
P047,HRTF_B,38,1.766,-73.23,4.28,28,1
P047,HRTF_B,38,1.779,-73.83,4.55,28,1
P047,HRTF_B,38,1.794,-74.39,4.82,28,1
P047,HRTF_B,38,1.808,-74.86,5.11,28,1
P047,HRTF_B,38,1.821,-75.31,5.34,28,1
P047,HRTF_B,38,1.835,-75.74,5.51,28,1
P047,HRTF_B,38,1.849,-76.11,5.63,28,1
P047,HRTF_B,38,1.863,-76.48,5.76,28,1
P047,HRTF_B,38,1.877,-76.77,5.90,28,1
P047,HRTF_B,38,1.891,-77.01,5.99,28,1
P047,HRTF_B,38,1.905,-77.24,6.05,28,1
P047,HRTF_B,38,1.919,-77.50,6.03,28,1
P047,HRTF_B,38,1.932,-77.73,5.97,28,1
P047,HRTF_B,38,1.947,-77.95,6.00,28,1
P047,HRTF_B,38,1.960,-78.14,6.10,28,1
P047,HRTF_B,38,1.974,-78.32,6.27,28,1
P047,HRTF_B,38,1.988,-78.42,6.48,28,1
P047,HRTF_B,38,2.002,-78.52,6.63,28,1
P047,HRTF_B,38,2.016,-78.62,6.72,28,1
P047,HRTF_B,38,2.030,-78.73,6.84,28,1
P047,HRTF_B,38,2.044,-78.80,6.96,28,1
P047,HRTF_B,38,2.058,-78.86,7.08,28,1
P047,HRTF_B,39,0.014,1.50,4.34,31,1
P047,HRTF_B,39,0.028,1.85,4.37,31,1
P047,HRTF_B,39,0.042,2.17,4.36,31,1
P047,HRTF_B,39,0.056,2.45,4.33,31,1
P047,HRTF_B,39,0.069,2.73,4.36,31,1
P047,HRTF_B,39,0.083,3.00,4.36,31,1
P047,HRTF_B,39,0.097,3.21,4.36,31,1
P047,HRTF_B,39,0.111,3.46,4.38,31,1
P047,HRTF_B,39,0.125,3.68,4.42,31,1
P047,HRTF_B,39,0.139,3.89,4.43,31,1
P047,HRTF_B,39,0.153,4.08,4.44,31,1
P047,HRTF_B,39,0.170,4.27,4.43,31,1
P047,HRTF_B,39,0.184,4.45,4.42,31,1
P047,HRTF_B,39,0.198,4.60,4.42,31,1
P047,HRTF_B,39,0.212,4.76,4.43,31,1
P047,HRTF_B,39,0.234,4.91,4.45,31,1
P047,HRTF_B,39,0.250,5.07,4.49,31,1
P047,HRTF_B,39,0.264,5.39,4.54,31,1
P047,HRTF_B,39,0.278,5.55,4.53,31,1
P047,HRTF_B,39,0.292,5.71,4.50,31,1
P047,HRTF_B,39,0.306,5.87,4.48,31,1
P047,HRTF_B,39,0.320,6.02,4.48,31,1
P047,HRTF_B,39,0.334,6.18,4.48,31,1
P047,HRTF_B,39,0.347,6.34,4.49,31,1
P047,HRTF_B,39,0.361,6.51,4.51,31,1
P047,HRTF_B,39,0.375,6.67,4.55,31,1
P047,HRTF_B,39,0.389,6.84,4.58,31,1
P047,HRTF_B,39,0.403,7.01,4.60,31,1
P047,HRTF_B,39,0.417,7.18,4.64,31,1
P047,HRTF_B,39,0.431,7.32,4.64,31,1
P047,HRTF_B,39,0.445,7.43,4.64,31,1
P047,HRTF_B,39,0.459,7.52,4.66,31,1
P047,HRTF_B,39,0.473,7.59,4.68,31,1
P047,HRTF_B,39,0.486,7.66,4.71,31,1
P047,HRTF_B,39,0.500,7.69,4.73,31,1
P047,HRTF_B,39,0.514,7.68,4.73,31,1
P047,HRTF_B,39,0.528,7.67,4.70,31,1
P047,HRTF_B,39,0.542,7.65,4.68,31,1
P047,HRTF_B,39,0.556,7.62,4.67,31,1
P047,HRTF_B,39,0.570,7.57,4.66,31,1
P047,HRTF_B,39,0.583,7.50,4.66,31,1
P047,HRTF_B,39,0.598,7.41,4.64,31,1
P047,HRTF_B,39,0.611,7.34,4.64,31,1
P047,HRTF_B,39,0.625,7.23,4.64,31,1
P047,HRTF_B,39,0.639,7.13,4.63,31,1
P047,HRTF_B,39,0.653,7.06,4.62,31,1
P047,HRTF_B,39,0.667,6.97,4.61,31,1
P047,HRTF_B,39,0.681,6.90,4.59,31,1
P047,HRTF_B,39,0.695,6.82,4.58,31,1
P047,HRTF_B,39,0.709,6.75,4.55,31,1
P047,HRTF_B,39,0.723,6.71,4.53,31,1
P047,HRTF_B,39,0.737,6.64,4.48,31,1
P047,HRTF_B,39,0.750,6.59,4.46,31,1
P047,HRTF_B,39,0.764,6.54,4.42,31,1
P047,HRTF_B,39,0.778,6.50,4.36,31,1
P047,HRTF_B,39,0.792,6.46,4.32,31,1
P047,HRTF_B,39,0.806,6.42,4.25,31,1
P047,HRTF_B,39,0.820,6.37,4.20,31,1
P047,HRTF_B,39,0.834,6.33,4.14,31,1
P047,HRTF_B,39,0.847,6.27,4.08,31,1
P047,HRTF_B,39,0.861,6.19,4.04,31,1
P047,HRTF_B,39,0.875,6.10,4.00,31,1
P047,HRTF_B,39,0.889,5.99,3.98,31,1
P047,HRTF_B,39,0.903,5.86,3.94,31,1
P047,HRTF_B,39,0.917,5.66,3.90,31,1
P047,HRTF_B,39,0.931,5.40,3.84,31,1
P047,HRTF_B,39,0.945,5.11,3.78,31,1
P047,HRTF_B,39,0.959,4.69,3.71,31,1
P047,HRTF_B,39,0.972,4.25,3.63,31,1
P047,HRTF_B,39,0.986,3.77,3.57,31,1
P047,HRTF_B,39,1.000,3.19,3.52,31,1
P047,HRTF_B,39,1.014,2.57,3.42,31,1
P047,HRTF_B,39,1.028,1.91,3.35,31,1
P047,HRTF_B,39,1.042,1.19,3.29,31,1
P047,HRTF_B,39,1.056,0.37,3.20,31,1
P047,HRTF_B,39,1.070,-0.45,3.11,31,1
P047,HRTF_B,39,1.084,-1.31,3.02,31,1
P047,HRTF_B,39,1.098,-2.22,2.89,31,1
P047,HRTF_B,39,1.112,-3.12,2.68,31,1
P047,HRTF_B,39,1.125,-4.09,2.14,31,1
P047,HRTF_B,39,1.139,-5.09,1.47,31,1
P047,HRTF_B,39,1.153,-6.17,0.68,31,1
P047,HRTF_B,39,1.167,-7.35,-0.14,31,1
P047,HRTF_B,39,1.181,-8.59,-0.89,31,1
P047,HRTF_B,39,1.195,-9.82,-1.65,31,1
P047,HRTF_B,39,1.209,-11.14,-2.47,31,1
P047,HRTF_B,39,1.222,-12.46,-3.23,31,1
P047,HRTF_B,39,1.236,-13.81,-3.91,31,1
P047,HRTF_B,39,1.250,-15.21,-4.60,31,1
P047,HRTF_B,39,1.264,-16.61,-5.23,31,1
P047,HRTF_B,39,1.278,-18.03,-5.91,31,1
P047,HRTF_B,39,1.292,-19.45,-6.49,31,1
P047,HRTF_B,39,1.306,-20.90,-7.03,31,1
P047,HRTF_B,39,1.320,-22.40,-7.41,31,1
P047,HRTF_B,39,1.333,-23.95,-7.81,31,1
P047,HRTF_B,39,1.347,-25.55,-8.22,31,1
P047,HRTF_B,39,1.361,-27.20,-8.60,31,1
P047,HRTF_B,39,1.375,-28.99,-9.03,31,1
P047,HRTF_B,39,1.389,-30.90,-9.49,31,1
P047,HRTF_B,39,1.403,-32.81,-9.91,31,1
P047,HRTF_B,39,1.417,-34.81,-10.29,31,1
P047,HRTF_B,39,1.431,-36.70,-10.68,31,1
P047,HRTF_B,39,1.445,-38.57,-11.08,31,1
P047,HRTF_B,39,1.459,-40.35,-11.44,31,1
P047,HRTF_B,39,1.473,-42.16,-11.81,31,1
P047,HRTF_B,39,1.487,-43.93,-12.09,31,1
P047,HRTF_B,39,1.501,-45.70,-12.37,31,1
P047,HRTF_B,39,1.515,-47.43,-12.68,31,1
P047,HRTF_B,39,1.528,-49.23,-12.97,31,1
P047,HRTF_B,39,1.542,-51.01,-13.21,31,1
P047,HRTF_B,39,1.556,-52.74,-13.50,31,1
P047,HRTF_B,39,1.570,-54.40,-13.76,31,1
P047,HRTF_B,39,1.584,-55.99,-14.01,31,1
P047,HRTF_B,39,1.598,-57.54,-14.27,31,1
P047,HRTF_B,39,1.611,-59.07,-14.45,31,1
P047,HRTF_B,39,1.625,-60.58,-14.54,31,1
P047,HRTF_B,39,1.639,-62.02,-14.59,31,1
P047,HRTF_B,39,1.653,-63.36,-14.69,31,1
P047,HRTF_B,39,1.667,-64.65,-14.83,31,1
P047,HRTF_B,39,1.681,-65.96,-15.08,31,1
P047,HRTF_B,39,1.695,-67.24,-15.30,31,1
P047,HRTF_B,39,1.709,-68.39,-15.53,31,1
P047,HRTF_B,39,1.723,-69.44,-15.65,31,1
P047,HRTF_B,39,1.736,-70.55,-15.81,31,1
P047,HRTF_B,39,1.750,-71.63,-15.98,31,1
P047,HRTF_B,39,1.764,-72.70,-16.16,31,1
P047,HRTF_B,39,1.778,-73.77,-16.30,31,1
P047,HRTF_B,39,1.792,-74.78,-16.39,31,1
P047,HRTF_B,39,1.806,-75.83,-16.40,31,1
P047,HRTF_B,39,1.820,-76.91,-16.40,31,1
P047,HRTF_B,39,1.834,-78.03,-16.42,31,1
P047,HRTF_B,39,1.848,-79.20,-16.49,31,1
P047,HRTF_B,39,1.861,-80.31,-16.53,31,1
P047,HRTF_B,39,1.875,-81.48,-16.51,31,1
P047,HRTF_B,39,1.889,-82.67,-16.42,31,1
P047,HRTF_B,39,1.903,-83.89,-16.29,31,1
P047,HRTF_B,39,1.917,-85.15,-16.08,31,1
P047,HRTF_B,39,1.931,-86.40,-15.83,31,1
P047,HRTF_B,39,1.945,-87.70,-15.58,31,1
P047,HRTF_B,39,1.958,-89.00,-15.24,31,1
P047,HRTF_B,39,1.973,-90.26,-14.87,31,1
P047,HRTF_B,39,1.986,-91.61,-14.38,31,1
P047,HRTF_B,39,2.000,-92.93,-13.85,31,1
P047,HRTF_B,39,2.014,-94.32,-13.19,31,1
P047,HRTF_B,39,2.028,-95.78,-12.44,31,1
P047,HRTF_B,39,2.042,-97.20,-11.67,31,1
P047,HRTF_B,39,2.056,-98.59,-10.89,31,1
P047,HRTF_B,39,2.070,-99.95,-10.05,31,1
P047,HRTF_B,39,2.084,-101.28,-9.15,31,1
P047,HRTF_B,39,2.098,-102.55,-8.33,31,1
P047,HRTF_B,39,2.112,-103.81,-7.55,31,1
P047,HRTF_B,39,2.126,-105.01,-6.77,31,1
P047,HRTF_B,39,2.139,-106.13,-6.05,31,1
P047,HRTF_B,39,2.153,-107.24,-5.34,31,1
P047,HRTF_B,39,2.167,-108.29,-4.67,31,1
P047,HRTF_B,39,2.181,-109.31,-4.01,31,1
P047,HRTF_B,39,2.195,-110.32,-3.39,31,1
P047,HRTF_B,39,2.209,-111.34,-2.88,31,1
P047,HRTF_B,39,2.223,-112.30,-2.44,31,1
P047,HRTF_B,39,2.237,-113.23,-2.11,31,1
P047,HRTF_B,39,2.251,-114.12,-1.82,31,1
P047,HRTF_B,39,2.264,-114.99,-1.75,31,1
P047,HRTF_B,39,2.278,-115.89,-1.72,31,1
P047,HRTF_B,39,2.292,-116.78,-1.71,31,1
P047,HRTF_B,39,2.306,-117.71,-1.62,31,1
P047,HRTF_B,39,2.320,-118.56,-1.44,31,1
P047,HRTF_B,39,2.334,-119.39,-1.17,31,1
P047,HRTF_B,39,2.347,-120.21,-0.85,31,1
P047,HRTF_B,39,2.361,-121.01,-0.59,31,1
P047,HRTF_B,39,2.375,-121.79,-0.36,31,1
P047,HRTF_B,39,2.389,-122.56,-0.15,31,1
P047,HRTF_B,39,2.403,-123.31,0.03,31,1
P047,HRTF_B,39,2.417,-124.00,0.15,31,1
P047,HRTF_B,39,2.431,-124.68,0.15,31,1
P047,HRTF_B,39,2.445,-125.36,0.11,31,1
P047,HRTF_B,39,2.459,-126.03,0.01,31,1
P047,HRTF_B,39,2.472,-126.68,-0.06,31,1
P047,HRTF_B,39,2.486,-127.27,-0.08,31,1
P047,HRTF_B,39,2.500,-127.83,-0.09,31,1
P047,HRTF_B,39,2.514,-128.29,-0.10,31,1
P047,HRTF_B,39,2.528,-128.64,-0.07,31,1
P047,HRTF_B,39,2.542,-128.90,-0.11,31,1
P047,HRTF_B,39,2.556,-129.13,-0.10,31,1
P047,HRTF_B,39,2.570,-129.32,-0.06,31,1
P047,HRTF_B,39,2.584,-129.44,0.10,31,1
P047,HRTF_B,39,2.597,-129.54,0.35,31,1
P047,HRTF_B,39,2.611,-129.64,0.65,31,1
P047,HRTF_B,39,2.625,-129.74,1.17,31,1
P047,HRTF_B,39,2.639,-129.87,1.86,31,1
P047,HRTF_B,39,2.653,-129.95,2.69,31,1
P047,HRTF_B,39,2.667,-130.07,3.64,31,1
P047,HRTF_B,39,2.681,-130.25,4.77,31,1
P047,HRTF_B,39,2.695,-130.41,5.98,31,1
P047,HRTF_B,39,2.709,-130.51,7.07,31,1
P047,HRTF_B,39,2.722,-130.58,8.10,31,1
P047,HRTF_B,39,2.737,-130.57,9.01,31,1
P047,HRTF_B,39,2.750,-130.54,9.77,31,1
P047,HRTF_B,39,2.764,-130.60,10.37,31,1
P047,HRTF_B,39,2.778,-130.72,10.83,31,1
P047,HRTF_B,39,2.792,-130.83,11.14,31,1
P047,HRTF_B,39,2.806,-130.92,11.59,31,1
P047,HRTF_B,39,2.820,-131.06,11.94,31,1
P047,HRTF_B,39,2.833,-131.20,12.21,31,1
P047,HRTF_B,39,2.847,-131.36,12.39,31,1
P047,HRTF_B,39,2.861,-131.42,12.69,31,1
P047,HRTF_B,39,2.875,-131.55,12.94,31,1
P047,HRTF_B,39,2.889,-131.67,12.98,31,1
P047,HRTF_B,39,2.903,-131.74,12.84,31,1
P047,HRTF_B,39,2.917,-131.80,12.62,31,1
P047,HRTF_B,39,2.931,-131.85,12.42,31,1
P047,HRTF_B,39,2.944,-131.89,12.22,31,1
P047,HRTF_B,39,2.958,-131.88,12.02,31,1
P047,HRTF_B,39,2.972,-131.88,11.80,31,1
P047,HRTF_B,39,2.986,-131.91,11.42,31,1
P047,HRTF_B,39,3.000,-131.94,10.96,31,1
P047,HRTF_B,39,3.014,-131.96,10.44,31,1
P047,HRTF_B,39,3.028,-132.00,9.93,31,1
P047,HRTF_B,39,3.042,-132.04,9.21,31,1
P047,HRTF_B,39,3.056,-132.08,8.17,31,1
P047,HRTF_B,39,3.070,-132.04,6.79,31,1
P047,HRTF_B,39,3.083,-131.88,5.20,31,1
P047,HRTF_B,39,3.097,-131.80,3.56,31,1
P047,HRTF_B,39,3.111,-131.87,1.60,31,1
P047,HRTF_B,39,3.125,-132.02,-0.81,31,1
P047,HRTF_B,39,3.139,-132.22,-3.03,31,1
P047,HRTF_B,39,3.153,-132.38,-4.92,31,1
P047,HRTF_B,39,3.167,-132.41,-6.67,31,1
P047,HRTF_B,39,3.181,-132.57,-8.34,31,1
P047,HRTF_B,39,3.195,-132.57,-9.88,31,1
P047,HRTF_B,39,3.208,-132.57,-11.49,31,1
P047,HRTF_B,39,3.222,-132.57,-12.92,31,1
P047,HRTF_B,39,3.236,-132.59,-14.10,31,1
P047,HRTF_B,39,3.250,-132.64,-15.34,31,1
P047,HRTF_B,39,3.264,-132.76,-16.69,31,1
P047,HRTF_B,39,3.278,-132.81,-18.09,31,1
P047,HRTF_B,39,3.292,-132.78,-19.33,31,1
P047,HRTF_B,39,3.306,-132.61,-20.27,31,1
P047,HRTF_B,39,3.320,-132.44,-21.00,31,1
P047,HRTF_B,39,3.334,-132.30,-21.79,31,1
P047,HRTF_B,39,3.347,-132.14,-22.34,31,1
P047,HRTF_B,39,3.361,-132.05,-23.18,31,1
P047,HRTF_B,39,3.375,-131.95,-24.02,31,1
P047,HRTF_B,39,3.389,-131.84,-24.68,31,1
P047,HRTF_B,39,3.403,-131.81,-25.08,31,1
P047,HRTF_B,39,3.417,-131.78,-25.50,31,1
P047,HRTF_B,39,3.431,-131.81,-25.90,31,1
P047,HRTF_B,39,3.444,-131.96,-26.44,31,1
P047,HRTF_B,39,3.458,-132.22,-27.09,31,1
P047,HRTF_B,39,3.472,-132.39,-27.82,31,1
P047,HRTF_B,39,3.486,-132.41,-28.55,31,1
P047,HRTF_B,39,3.500,-132.36,-29.20,31,1
P047,HRTF_B,39,3.514,-132.36,-29.84,31,1
P047,HRTF_B,39,3.528,-132.32,-30.45,31,1
P047,HRTF_B,39,3.542,-132.20,-31.08,31,1
P047,HRTF_B,39,3.556,-131.99,-31.73,31,1
P047,HRTF_B,39,3.569,-131.73,-32.44,31,1
P047,HRTF_B,39,3.583,-131.51,-33.09,31,1
P047,HRTF_B,39,3.597,-131.25,-33.64,31,1
P047,HRTF_B,39,3.611,-130.88,-34.39,31,1
P047,HRTF_B,39,3.625,-130.39,-35.18,31,1
P047,HRTF_B,39,3.639,-130.00,-35.92,31,1
P047,HRTF_B,39,3.653,-129.61,-36.71,31,1
P047,HRTF_B,39,3.667,-129.32,-37.35,31,1
P047,HRTF_B,39,3.681,-129.17,-37.78,31,1
P047,HRTF_B,39,3.695,-128.91,-38.19,31,1
P047,HRTF_B,39,3.708,-128.69,-38.50,31,1
P047,HRTF_B,39,3.722,-128.51,-38.76,31,1
P047,HRTF_B,39,3.736,-128.35,-39.04,31,1
P047,HRTF_B,39,3.750,-128.20,-39.18,31,1
P047,HRTF_B,39,3.764,-128.16,-39.23,31,1
P047,HRTF_B,39,3.778,-127.99,-39.26,31,1
P047,HRTF_B,39,3.792,-128.00,-39.27,31,1
P047,HRTF_B,39,3.806,-128.05,-39.32,31,1
P047,HRTF_B,39,3.819,-128.11,-39.29,31,1
P047,HRTF_B,39,3.833,-128.10,-39.06,31,1
P047,HRTF_B,39,3.847,-128.08,-38.82,31,1
P047,HRTF_B,39,3.861,-128.05,-38.56,31,1
P047,HRTF_B,39,3.875,-128.01,-38.27,31,1
P047,HRTF_B,39,3.889,-128.00,-38.04,31,1
P047,HRTF_B,39,3.903,-128.09,-37.84,31,1
P047,HRTF_B,39,3.917,-128.27,-37.66,31,1
P047,HRTF_B,39,3.931,-128.47,-37.36,31,1
P047,HRTF_B,39,3.945,-128.68,-37.00,31,1
P047,HRTF_B,39,3.958,-128.94,-36.59,31,1
P047,HRTF_B,39,3.972,-129.22,-36.22,31,1
P047,HRTF_B,39,3.986,-129.59,-35.88,31,1
P047,HRTF_B,39,4.000,-129.96,-35.53,31,1
P047,HRTF_B,39,4.014,-130.41,-35.11,31,1
P047,HRTF_B,39,4.028,-131.09,-34.55,31,1
P047,HRTF_B,39,4.042,-131.93,-34.01,31,1
P047,HRTF_B,39,4.056,-132.92,-33.36,31,1
P047,HRTF_B,39,4.070,-134.02,-32.65,31,1
P047,HRTF_B,39,4.083,-135.14,-32.05,31,1
P047,HRTF_B,39,4.097,-136.58,-31.37,31,1
P047,HRTF_B,39,4.111,-138.17,-30.55,31,1
P047,HRTF_B,39,4.125,-139.75,-29.73,31,1
P047,HRTF_B,39,4.139,-141.08,-28.95,31,1
P047,HRTF_B,39,4.153,-142.09,-28.27,31,1
P047,HRTF_B,39,4.167,-142.99,-27.52,31,1
P047,HRTF_B,39,4.181,-143.73,-26.91,31,1
P047,HRTF_B,39,4.194,-144.43,-26.28,31,1
P047,HRTF_B,39,4.208,-144.93,-25.63,31,1
P047,HRTF_B,39,4.222,-145.27,-24.97,31,1
P047,HRTF_B,39,4.236,-145.68,-24.34,31,1
P047,HRTF_B,39,4.250,-146.10,-23.74,31,1
P047,HRTF_B,39,4.264,-146.48,-23.18,31,1
P047,HRTF_B,39,4.278,-146.70,-22.66,31,1
P047,HRTF_B,39,4.292,-146.76,-22.25,31,1
P047,HRTF_B,39,4.306,-146.75,-21.94,31,1
P047,HRTF_B,39,4.320,-146.71,-21.64,31,1
P047,HRTF_B,39,4.333,-146.70,-21.34,31,1
P047,HRTF_B,39,4.347,-146.69,-21.09,31,1
P047,HRTF_B,39,4.361,-146.69,-20.89,31,1
P047,HRTF_B,39,4.375,-146.70,-20.77,31,1
P047,HRTF_B,39,4.389,-146.77,-20.62,31,1
P047,HRTF_B,39,4.403,-146.83,-20.47,31,1
P047,HRTF_B,39,4.417,-146.80,-20.29,31,1
P047,HRTF_B,39,4.431,-146.73,-20.11,31,1
P047,HRTF_B,39,4.444,-146.66,-19.96,31,1
P047,HRTF_B,39,4.458,-146.58,-19.77,31,1
P047,HRTF_B,39,4.472,-146.41,-19.57,31,1
P047,HRTF_B,39,4.486,-146.15,-19.40,31,1
P047,HRTF_B,39,4.500,-145.87,-19.23,31,1
