ParticipantID,Phase,Trial,TimeStamp_sec,Yaw_deg,Pitch_deg,TargetNumber,isCorrect
P006,HRTF_A,0,0.014,-1.1,-3.16,25,1
P006,HRTF_A,0,0.071,-1.07,-3.15,25,1
P006,HRTF_A,0,0.083,-1.07,-3.18,25,1
P006,HRTF_A,0,0.097,-1.06,-3.16,25,1
P006,HRTF_A,0,0.111,-1.06,-3.16,25,1
P006,HRTF_A,0,0.125,-1.07,-3.16,25,1
P006,HRTF_A,0,0.139,-1.08,-3.18,25,1
P006,HRTF_A,0,0.153,-1.09,-3.21,25,1
P006,HRTF_A,0,0.166,-1.1,-3.24,25,1
P006,HRTF_A,0,0.18,-1.11,-3.25,25,1
P006,HRTF_A,0,0.194,-1.1,-3.25,25,1
P006,HRTF_A,0,0.208,-1.09,-3.24,25,1
P006,HRTF_A,0,0.222,-1.08,-3.24,25,1
P006,HRTF_A,0,0.236,-1.07,-3.25,25,1
P006,HRTF_A,0,0.25,-1.06,-3.27,25,1
P006,HRTF_A,0,0.264,-1.07,-3.28,25,1
P006,HRTF_A,0,0.277,-1.08,-3.28,25,1
P006,HRTF_A,0,0.292,-1.09,-3.27,25,1
P006,HRTF_A,0,0.305,-1.09,-3.26,25,1
P006,HRTF_A,0,0.319,-1.1,-3.26,25,1
P006,HRTF_A,0,0.333,-1.11,-3.29,25,1
P006,HRTF_A,0,0.347,-1.12,-3.3,25,1
P006,HRTF_A,0,0.361,-1.12,-3.32,25,1
P006,HRTF_A,0,0.374,-1.11,-3.32,25,1
P006,HRTF_A,0,0.388,-1.1,-3.31,25,1
P006,HRTF_A,0,0.402,-1.08,-3.31,25,1
P006,HRTF_A,0,0.416,-1.07,-3.3,25,1
P006,HRTF_A,0,0.43,-1.06,-3.29,25,1
P006,HRTF_A,0,0.444,-1.06,-3.29,25,1
P006,HRTF_A,0,0.458,-1.04,-3.28,25,1
P006,HRTF_A,0,0.472,-1.03,-3.28,25,1
P006,HRTF_A,0,0.486,-1.03,-3.27,25,1
P006,HRTF_A,0,0.499,-1.02,-3.26,25,1
P006,HRTF_A,0,0.513,-1.03,-3.26,25,1
P006,HRTF_A,0,0.527,-1.05,-3.26,25,1
P006,HRTF_A,0,0.541,-1.07,-3.27,25,1
P006,HRTF_A,0,0.555,-1.08,-3.27,25,1
P006,HRTF_A,0,0.569,-1.09,-3.28,25,1
P006,HRTF_A,0,0.583,-1.11,-3.27,25,1
P006,HRTF_A,0,0.597,-1.13,-3.27,25,1
P006,HRTF_A,0,0.611,-1.15,-3.27,25,1
P006,HRTF_A,0,0.624,-1.16,-3.28,25,1
P006,HRTF_A,0,0.638,-1.16,-3.29,25,1
P006,HRTF_A,0,0.652,-1.17,-3.3,25,1
P006,HRTF_A,0,0.666,-1.17,-3.3,25,1
P006,HRTF_A,0,0.68,-1.17,-3.3,25,1
P006,HRTF_A,0,0.694,-1.16,-3.29,25,1
P006,HRTF_A,0,0.708,-1.15,-3.27,25,1
P006,HRTF_A,0,0.722,-1.14,-3.25,25,1
P006,HRTF_A,0,0.736,-1.13,-3.24,25,1
P006,HRTF_A,0,0.749,-1.11,-3.24,25,1
P006,HRTF_A,0,0.763,-1.1,-3.24,25,1
P006,HRTF_A,0,0.777,-1.09,-3.24,25,1
P006,HRTF_A,0,0.791,-1.08,-3.24,25,1
P006,HRTF_A,0,0.805,-1.08,-3.23,25,1
P006,HRTF_A,0,0.819,-1.08,-3.23,25,1
P006,HRTF_A,0,0.833,-1.08,-3.22,25,1
P006,HRTF_A,0,0.847,-1.09,-3.23,25,1
P006,HRTF_A,0,0.861,-1.1,-3.24,25,1
P006,HRTF_A,0,0.874,-1.1,-3.24,25,1
P006,HRTF_A,0,0.888,-1.1,-3.25,25,1
P006,HRTF_A,0,0.902,-1.11,-3.25,25,1
P006,HRTF_A,0,0.916,-1.11,-3.25,25,1
P006,HRTF_A,0,0.93,-1.11,-3.24,25,1
P006,HRTF_A,0,0.944,-1.11,-3.23,25,1
P006,HRTF_A,0,0.958,-1.11,-3.22,25,1
P006,HRTF_A,0,0.972,-1.11,-3.23,25,1
P006,HRTF_A,0,0.986,-1.11,-3.23,25,1
P006,HRTF_A,0,0.999,-1.1,-3.23,25,1
P006,HRTF_A,0,1.013,-1.1,-3.24,25,1
P006,HRTF_A,0,1.027,-1.1,-3.25,25,1
P006,HRTF_A,0,1.041,-1.1,-3.25,25,1
P006,HRTF_A,0,1.055,-1.1,-3.25,25,1
P006,HRTF_A,0,1.069,-1.11,-3.25,25,1
P006,HRTF_A,0,1.083,-1.11,-3.27,25,1
P006,HRTF_A,0,1.097,-1.13,-3.28,25,1
P006,HRTF_A,0,1.11,-1.14,-3.28,25,1
P006,HRTF_A,0,1.124,-1.13,-3.27,25,1
P006,HRTF_A,0,1.138,-1.12,-3.26,25,1
P006,HRTF_A,0,1.152,-1.11,-3.25,25,1
P006,HRTF_A,0,1.166,-1.11,-3.24,25,1
P006,HRTF_A,0,1.18,-1.1,-3.23,25,1
P006,HRTF_A,0,1.194,-1.11,-3.24,25,1
P006,HRTF_A,0,1.208,-1.11,-3.25,25,1
P006,HRTF_A,0,1.222,-1.1,-3.25,25,1
P006,HRTF_A,0,1.235,-1.09,-3.26,25,1
P006,HRTF_A,0,1.249,-1.09,-3.28,25,1
P006,HRTF_A,0,1.263,-1.09,-3.29,25,1
P006,HRTF_A,0,1.277,-1.1,-3.32,25,1
P006,HRTF_A,0,1.291,-1.12,-3.35,25,1
P006,HRTF_A,0,1.305,-1.13,-3.38,25,1
P006,HRTF_A,0,1.319,-1.14,-3.41,25,1
P006,HRTF_A,0,1.333,-1.16,-3.45,25,1
P006,HRTF_A,0,1.347,-1.17,-3.48,25,1
P006,HRTF_A,0,1.361,-1.18,-3.5,25,1
P006,HRTF_A,0,1.374,-1.19,-3.52,25,1
P006,HRTF_A,0,1.388,-1.18,-3.53,25,1
P006,HRTF_A,0,1.402,-1.18,-3.55,25,1
P006,HRTF_A,0,1.416,-1.18,-3.56,25,1
P006,HRTF_A,0,1.43,-1.17,-3.57,25,1
P006,HRTF_A,0,1.444,-1.16,-3.55,25,1
P006,HRTF_A,0,1.458,-1.17,-3.57,25,1
P006,HRTF_A,0,1.472,-1.17,-3.59,25,1
P006,HRTF_A,0,1.485,-1.19,-3.57,25,1
P006,HRTF_A,0,1.5,-1.2,-3.58,25,1
P006,HRTF_A,0,1.513,-1.2,-3.58,25,1
P006,HRTF_A,0,1.527,-1.21,-3.58,25,1
P006,HRTF_A,0,1.541,-1.2,-3.6,25,1
P006,HRTF_A,0,1.555,-1.19,-3.6,25,1
P006,HRTF_A,0,1.569,-1.18,-3.61,25,1
P006,HRTF_A,0,1.583,-1.16,-3.64,25,1
P006,HRTF_A,0,1.597,-1.15,-3.64,25,1
P006,HRTF_A,0,1.611,-1.14,-3.65,25,1
P006,HRTF_A,0,1.624,-1.14,-3.63,25,1
P006,HRTF_A,0,1.638,-1.14,-3.63,25,1
P006,HRTF_A,0,1.652,-1.13,-3.63,25,1
P006,HRTF_A,0,1.666,-1.13,-3.63,25,1
P006,HRTF_A,0,1.68,-1.14,-3.64,25,1
P006,HRTF_A,0,1.694,-1.14,-3.64,25,1
P006,HRTF_A,0,1.708,-1.16,-3.62,25,1
P006,HRTF_A,0,1.722,-1.18,-3.59,25,1
P006,HRTF_A,0,1.735,-1.23,-3.55,25,1
P006,HRTF_A,0,1.749,-1.26,-3.54,25,1
P006,HRTF_A,0,1.763,-1.31,-3.54,25,1
P006,HRTF_A,0,1.777,-1.38,-3.55,25,1
P006,HRTF_A,0,1.791,-1.45,-3.58,25,1
P006,HRTF_A,0,1.805,-1.55,-3.62,25,1
P006,HRTF_A,0,1.819,-1.66,-3.63,25,1
P006,HRTF_A,0,1.833,-1.79,-3.63,25,1
P006,HRTF_A,0,1.847,-1.92,-3.63,25,1
P006,HRTF_A,0,1.86,-2.08,-3.63,25,1
P006,HRTF_A,0,1.874,-2.3,-3.69,25,1
P006,HRTF_A,0,1.888,-2.62,-3.82,25,1
P006,HRTF_A,0,1.902,-2.98,-3.96,25,1
P006,HRTF_A,0,1.916,-3.38,-4.11,25,1
P006,HRTF_A,0,1.93,-3.81,-4.29,25,1
P006,HRTF_A,0,1.944,-4.4,-4.58,25,1
P006,HRTF_A,0,1.958,-5.18,-4.89,25,1
P006,HRTF_A,0,1.972,-6.0,-5.25,25,1
P006,HRTF_A,0,1.985,-6.92,-5.56,25,1
P006,HRTF_A,0,1.999,-7.96,-5.89,25,1
P006,HRTF_A,0,2.013,-9.16,-6.4,25,1
P006,HRTF_A,0,2.027,-10.67,-7.11,25,1
P006,HRTF_A,0,2.041,-12.17,-7.77,25,1
P006,HRTF_A,0,2.055,-13.85,-8.45,25,1
P006,HRTF_A,0,2.069,-15.48,-8.99,25,1
P006,HRTF_A,0,2.083,-17.2,-9.52,25,1
P006,HRTF_A,0,2.097,-18.97,-10.01,25,1
P006,HRTF_A,0,2.11,-20.71,-10.51,25,1
P006,HRTF_A,0,2.124,-22.4,-10.92,25,1
P006,HRTF_A,0,2.138,-24.03,-11.24,25,1
P006,HRTF_A,0,2.152,-25.63,-11.58,25,1
P006,HRTF_A,0,2.166,-27.29,-11.91,25,1
P006,HRTF_A,0,2.18,-28.97,-12.26,25,1
P006,HRTF_A,0,2.194,-30.6,-12.59,25,1
P006,HRTF_A,0,2.208,-32.27,-12.99,25,1
P006,HRTF_A,0,2.222,-33.92,-13.34,25,1
P006,HRTF_A,0,2.235,-35.51,-13.69,25,1
P006,HRTF_A,0,2.249,-37.06,-14.12,25,1
P006,HRTF_A,0,2.263,-38.64,-14.61,25,1
P006,HRTF_A,0,2.277,-40.25,-15.11,25,1
P006,HRTF_A,0,2.291,-41.91,-15.51,25,1
P006,HRTF_A,0,2.305,-43.56,-15.91,25,1
P006,HRTF_A,0,2.319,-45.2,-16.27,25,1
P006,HRTF_A,0,2.333,-46.84,-16.63,25,1
P006,HRTF_A,0,2.347,-48.58,-17.07,25,1
P006,HRTF_A,0,2.36,-50.59,-17.54,25,1
P006,HRTF_A,0,2.374,-52.68,-18.0,25,1
P006,HRTF_A,0,2.388,-54.81,-18.45,25,1
P006,HRTF_A,0,2.402,-56.78,-18.85,25,1
P006,HRTF_A,0,2.416,-58.6,-19.28,25,1
P006,HRTF_A,0,2.43,-60.44,-19.57,25,1
P006,HRTF_A,0,2.444,-62.23,-19.84,25,1
P006,HRTF_A,0,2.458,-64.05,-20.16,25,1
P006,HRTF_A,0,2.472,-65.81,-20.47,25,1
P006,HRTF_A,0,2.485,-67.51,-20.81,25,1
P006,HRTF_A,0,2.499,-69.1,-21.05,25,1
P006,HRTF_A,0,2.513,-70.5,-21.29,25,1
P006,HRTF_A,0,2.527,-71.85,-21.44,25,1
P006,HRTF_A,0,2.541,-73.07,-21.62,25,1
P006,HRTF_A,0,2.555,-74.29,-21.98,25,1
P006,HRTF_A,0,2.569,-75.49,-22.5,25,1
P006,HRTF_A,0,2.582,-76.68,-23.03,25,1
P006,HRTF_A,0,2.596,-77.74,-23.5,25,1
P006,HRTF_A,0,2.61,-78.72,-24.03,25,1
P006,HRTF_A,0,2.624,-79.66,-24.44,25,1
P006,HRTF_A,0,2.638,-80.42,-24.89,25,1
P006,HRTF_A,0,2.652,-81.14,-25.23,25,1
P006,HRTF_A,0,2.666,-81.85,-25.72,25,1
P006,HRTF_A,0,2.68,-82.4,-26.32,25,1
P006,HRTF_A,0,2.694,-82.88,-26.88,25,1
P006,HRTF_A,0,2.707,-83.37,-27.27,25,1
P006,HRTF_A,0,2.721,-83.82,-27.55,25,1
P006,HRTF_A,0,2.735,-84.22,-27.66,25,1
P006,HRTF_A,0,2.749,-84.55,-27.54,25,1
P006,HRTF_A,0,2.763,-84.79,-27.16,25,1
P006,HRTF_A,0,2.777,-85.04,-26.62,25,1
P006,HRTF_A,0,2.791,-85.25,-25.9,25,1
P006,HRTF_A,0,2.805,-85.36,-25.1,25,1
P006,HRTF_A,0,2.819,-85.57,-24.32,25,1
P006,HRTF_A,0,2.832,-85.94,-23.61,25,1
P006,HRTF_A,0,2.847,-86.31,-22.88,25,1
P006,HRTF_A,0,2.86,-86.77,-22.1,25,1
P006,HRTF_A,0,2.874,-87.19,-21.18,25,1
P006,HRTF_A,0,2.888,-87.57,-20.21,25,1
P006,HRTF_A,0,2.902,-87.95,-19.45,25,1
P006,HRTF_A,0,2.916,-88.3,-18.75,25,1
P006,HRTF_A,0,2.93,-88.61,-17.86,25,1
P006,HRTF_A,0,2.944,-88.89,-16.68,25,1
P006,HRTF_A,0,2.958,-89.09,-15.5,25,1
P006,HRTF_A,0,2.971,-89.29,-14.73,25,1
P006,HRTF_A,0,2.985,-89.57,-14.33,25,1
P006,HRTF_A,0,2.999,-89.85,-14.2,25,1
P006,HRTF_A,0,3.013,-90.16,-13.85,25,1
P006,HRTF_A,0,3.027,-90.47,-13.37,25,1
P006,HRTF_A,0,3.041,-90.71,-12.84,25,1
P006,HRTF_A,0,3.055,-90.97,-12.45,25,1
P006,HRTF_A,0,3.069,-91.25,-12.22,25,1
P006,HRTF_A,0,3.083,-91.53,-12.0,25,1
P006,HRTF_A,0,3.096,-91.83,-11.69,25,1
P006,HRTF_A,0,3.11,-92.09,-11.23,25,1
P006,HRTF_A,0,3.124,-92.25,-10.6,25,1
P006,HRTF_A,0,3.138,-92.34,-9.94,25,1
P006,HRTF_A,0,3.152,-92.43,-9.37,25,1
P006,HRTF_A,0,3.166,-92.53,-9.0,25,1
P006,HRTF_A,0,3.18,-92.68,-8.55,25,1
P006,HRTF_A,0,3.193,-92.85,-8.06,25,1
P006,HRTF_A,0,3.208,-92.98,-7.5,25,1
P006,HRTF_A,0,3.221,-93.15,-7.07,25,1
P006,HRTF_A,0,3.235,-93.33,-6.97,25,1
P006,HRTF_A,0,3.249,-93.51,-6.93,25,1
P006,HRTF_A,0,3.263,-93.72,-6.92,25,1
P006,HRTF_A,0,3.277,-93.88,-6.87,25,1
P006,HRTF_A,0,3.291,-94.03,-6.64,25,1
P006,HRTF_A,0,3.305,-94.14,-6.36,25,1
P006,HRTF_A,0,3.319,-94.2,-6.05,25,1
P006,HRTF_A,0,3.332,-94.26,-5.82,25,1
P006,HRTF_A,0,3.346,-94.34,-5.67,25,1
P006,HRTF_A,0,3.36,-94.41,-5.55,25,1
P006,HRTF_A,0,3.374,-94.47,-5.41,25,1
P006,HRTF_A,0,3.388,-94.5,-5.25,25,1
P006,HRTF_A,0,3.402,-94.49,-5.14,25,1
P006,HRTF_A,0,3.416,-94.5,-5.14,25,1
P006,HRTF_A,0,3.43,-94.51,-5.24,25,1
P006,HRTF_A,0,3.444,-94.53,-5.29,25,1
P006,HRTF_A,0,3.458,-94.57,-5.28,25,1
P006,HRTF_A,0,3.471,-94.58,-5.2,25,1
P006,HRTF_A,0,3.485,-94.59,-5.06,25,1
P006,HRTF_A,0,3.499,-94.66,-4.94,25,1
P006,HRTF_A,0,3.513,-94.74,-4.91,25,1
P006,HRTF_A,0,3.527,-94.84,-4.85,25,1
P006,HRTF_A,0,3.541,-94.93,-4.78,25,1
P006,HRTF_A,0,3.555,-94.99,-4.69,25,1
P006,HRTF_A,0,3.569,-95.04,-4.61,25,1
P006,HRTF_A,0,3.582,-95.08,-4.61,25,1
P006,HRTF_A,0,3.596,-95.12,-4.65,25,1
P006,HRTF_A,0,3.61,-95.16,-4.68,25,1
P006,HRTF_A,0,3.624,-95.16,-4.7,25,1
P006,HRTF_A,0,3.638,-95.13,-4.72,25,1
P006,HRTF_A,0,3.652,-95.07,-4.71,25,1
P006,HRTF_A,0,3.666,-94.99,-4.72,25,1
P006,HRTF_A,0,3.68,-94.89,-4.75,25,1
P006,HRTF_A,0,3.693,-94.81,-4.78,25,1
P006,HRTF_A,0,3.707,-94.74,-4.82,25,1
P006,HRTF_A,0,3.721,-94.65,-4.83,25,1
P006,HRTF_A,0,3.735,-94.56,-4.86,25,1
P006,HRTF_A,0,3.749,-94.48,-4.89,25,1
P006,HRTF_A,0,3.763,-94.39,-4.93,25,1
P006,HRTF_A,1,0.014,0.77,-1.22,13,1
P006,HRTF_A,1,0.028,0.78,-1.22,13,1
P006,HRTF_A,1,0.042,0.77,-1.21,13,1
P006,HRTF_A,1,0.056,0.77,-1.2,13,1
P006,HRTF_A,1,0.069,0.76,-1.19,13,1
P006,HRTF_A,1,0.083,0.76,-1.2,13,1
P006,HRTF_A,1,0.097,0.77,-1.21,13,1
P006,HRTF_A,1,0.111,0.79,-1.21,13,1
P006,HRTF_A,1,0.125,0.8,-1.19,13,1
P006,HRTF_A,1,0.139,0.81,-1.16,13,1
P006,HRTF_A,1,0.152,0.81,-1.15,13,1
P006,HRTF_A,1,0.166,0.81,-1.14,13,1
P006,HRTF_A,1,0.18,0.8,-1.14,13,1
P006,HRTF_A,1,0.195,0.81,-1.19,13,1
P006,HRTF_A,1,0.208,0.81,-1.27,13,1
P006,HRTF_A,1,0.222,0.82,-1.31,13,1
P006,HRTF_A,1,0.236,0.82,-1.34,13,1
P006,HRTF_A,1,0.25,0.83,-1.36,13,1
P006,HRTF_A,1,0.263,0.83,-1.35,13,1
P006,HRTF_A,1,0.278,0.84,-1.36,13,1
P006,HRTF_A,1,0.291,0.84,-1.36,13,1
P006,HRTF_A,1,0.305,0.84,-1.37,13,1
P006,HRTF_A,1,0.319,0.85,-1.35,13,1
P006,HRTF_A,1,0.333,0.85,-1.34,13,1
P006,HRTF_A,1,0.347,0.86,-1.33,13,1
P006,HRTF_A,1,0.361,0.87,-1.34,13,1
P006,HRTF_A,1,0.375,0.87,-1.35,13,1
P006,HRTF_A,1,0.389,0.88,-1.35,13,1
P006,HRTF_A,1,0.402,0.87,-1.34,13,1
P006,HRTF_A,1,0.416,0.87,-1.31,13,1
P006,HRTF_A,1,0.43,0.86,-1.27,13,1
P006,HRTF_A,1,0.444,0.87,-1.24,13,1
P006,HRTF_A,1,0.458,0.85,-1.21,13,1
P006,HRTF_A,1,0.472,0.85,-1.19,13,1
P006,HRTF_A,1,0.486,0.86,-1.18,13,1
P006,HRTF_A,1,0.5,0.87,-1.19,13,1
P006,HRTF_A,1,0.514,0.88,-1.19,13,1
P006,HRTF_A,1,0.527,0.89,-1.2,13,1
P006,HRTF_A,1,0.542,0.91,-1.2,13,1
P006,HRTF_A,1,0.555,0.93,-1.2,13,1
P006,HRTF_A,1,0.569,0.93,-1.19,13,1
P006,HRTF_A,1,0.583,0.94,-1.18,13,1
P006,HRTF_A,1,0.597,0.94,-1.18,13,1
P006,HRTF_A,1,0.611,0.94,-1.18,13,1
P006,HRTF_A,1,0.625,0.94,-1.19,13,1
P006,HRTF_A,1,0.639,0.94,-1.19,13,1
P006,HRTF_A,1,0.652,0.93,-1.18,13,1
P006,HRTF_A,1,0.666,0.94,-1.17,13,1
P006,HRTF_A,1,0.68,0.93,-1.17,13,1
P006,HRTF_A,1,0.694,0.93,-1.19,13,1
P006,HRTF_A,1,0.708,0.92,-1.21,13,1
P006,HRTF_A,1,0.722,0.93,-1.22,13,1
P006,HRTF_A,1,0.736,0.94,-1.22,13,1
P006,HRTF_A,1,0.75,0.94,-1.22,13,1
P006,HRTF_A,1,0.764,0.95,-1.21,13,1
P006,HRTF_A,1,0.778,0.95,-1.21,13,1
P006,HRTF_A,1,0.791,0.95,-1.19,13,1
P006,HRTF_A,1,0.805,0.95,-1.2,13,1
P006,HRTF_A,1,0.819,0.95,-1.21,13,1
P006,HRTF_A,1,0.833,0.96,-1.21,13,1
P006,HRTF_A,1,0.847,0.95,-1.23,13,1
P006,HRTF_A,1,0.861,0.95,-1.24,13,1
P006,HRTF_A,1,0.875,0.95,-1.25,13,1
P006,HRTF_A,1,0.889,0.95,-1.24,13,1
P006,HRTF_A,1,0.903,0.94,-1.23,13,1
P006,HRTF_A,1,0.916,0.93,-1.23,13,1
P006,HRTF_A,1,0.93,0.93,-1.23,13,1
P006,HRTF_A,1,0.944,0.93,-1.23,13,1
P006,HRTF_A,1,0.958,0.93,-1.23,13,1
P006,HRTF_A,1,0.972,0.95,-1.22,13,1
P006,HRTF_A,1,0.986,1.0,-1.23,13,1
P006,HRTF_A,1,1.0,1.17,-1.29,13,1
P006,HRTF_A,1,1.014,1.5,-1.35,13,1
P006,HRTF_A,1,1.028,1.94,-1.38,13,1
P006,HRTF_A,1,1.041,2.46,-1.37,13,1
P006,HRTF_A,1,1.055,2.91,-1.4,13,1
P006,HRTF_A,1,1.069,3.49,-1.44,13,1
P006,HRTF_A,1,1.083,4.18,-1.59,13,1
P006,HRTF_A,1,1.097,5.08,-1.88,13,1
P006,HRTF_A,1,1.111,6.19,-2.35,13,1
P006,HRTF_A,1,1.125,7.52,-2.91,13,1
P006,HRTF_A,1,1.139,9.08,-3.63,13,1
P006,HRTF_A,1,1.153,10.95,-4.51,13,1
P006,HRTF_A,1,1.166,13.13,-5.5,13,1
P006,HRTF_A,1,1.18,15.78,-6.58,13,1
P006,HRTF_A,1,1.194,18.4,-7.4,13,1
P006,HRTF_A,1,1.208,20.93,-8.1,13,1
P006,HRTF_A,1,1.222,23.28,-8.67,13,1
P006,HRTF_A,1,1.236,25.55,-9.04,13,1
P006,HRTF_A,1,1.25,27.72,-9.32,13,1
P006,HRTF_A,1,1.263,29.83,-9.52,13,1
P006,HRTF_A,1,1.277,31.83,-9.68,13,1
P006,HRTF_A,1,1.291,33.73,-9.86,13,1
P006,HRTF_A,1,1.305,35.61,-10.04,13,1
P006,HRTF_A,1,1.319,37.47,-10.25,13,1
P006,HRTF_A,1,1.333,39.23,-10.44,13,1
P006,HRTF_A,1,1.347,40.84,-10.56,13,1
P006,HRTF_A,1,1.361,42.43,-10.67,13,1
P006,HRTF_A,1,1.375,43.79,-10.79,13,1
P006,HRTF_A,1,1.388,45.16,-10.96,13,1
P006,HRTF_A,1,1.402,46.45,-11.09,13,1
P006,HRTF_A,1,1.416,47.59,-11.16,13,1
P006,HRTF_A,1,1.43,48.67,-11.19,13,1
P006,HRTF_A,1,1.444,49.63,-11.19,13,1
P006,HRTF_A,1,1.458,50.61,-11.11,13,1
P006,HRTF_A,1,1.472,51.67,-11.11,13,1
P006,HRTF_A,1,1.486,52.87,-11.19,13,1
P006,HRTF_A,1,1.5,54.05,-11.23,13,1
P006,HRTF_A,1,1.514,55.21,-11.29,13,1
P006,HRTF_A,1,1.527,56.32,-11.39,13,1
P006,HRTF_A,1,1.542,57.52,-11.57,13,1
P006,HRTF_A,1,1.555,58.72,-11.72,13,1
P006,HRTF_A,1,1.569,60.14,-11.87,13,1
P006,HRTF_A,1,1.583,61.6,-11.94,13,1
P006,HRTF_A,1,1.597,63.13,-11.87,13,1
P006,HRTF_A,1,1.611,64.72,-11.67,13,1
P006,HRTF_A,1,1.625,66.36,-11.32,13,1
P006,HRTF_A,1,1.639,68.09,-11.01,13,1
P006,HRTF_A,1,1.652,69.82,-10.75,13,1
P006,HRTF_A,1,1.666,71.49,-10.54,13,1
P006,HRTF_A,1,1.68,73.09,-10.45,13,1
P006,HRTF_A,1,1.694,74.59,-10.56,13,1
P006,HRTF_A,1,1.708,75.99,-10.8,13,1
P006,HRTF_A,1,1.722,77.38,-10.98,13,1
P006,HRTF_A,1,1.736,78.61,-11.12,13,1
P006,HRTF_A,1,1.75,79.75,-11.24,13,1
P006,HRTF_A,1,1.764,80.81,-11.24,13,1
P006,HRTF_A,1,1.778,81.84,-11.22,13,1
P006,HRTF_A,1,1.791,82.82,-11.15,13,1
P006,HRTF_A,1,1.805,83.8,-11.15,13,1
P006,HRTF_A,1,1.819,84.68,-11.17,13,1
P006,HRTF_A,1,1.833,85.51,-11.17,13,1
P006,HRTF_A,1,1.847,86.3,-11.14,13,1
P006,HRTF_A,1,1.861,87.16,-11.13,13,1
P006,HRTF_A,1,1.875,88.09,-11.12,13,1
P006,HRTF_A,1,1.889,89.11,-11.05,13,1
P006,HRTF_A,1,1.902,90.12,-11.01,13,1
P006,HRTF_A,1,1.917,91.13,-10.89,13,1
P006,HRTF_A,1,1.93,92.14,-10.86,13,1
P006,HRTF_A,1,1.944,93.26,-11.07,13,1
P006,HRTF_A,1,1.958,94.49,-11.34,13,1
P006,HRTF_A,1,1.972,95.83,-11.52,13,1
P006,HRTF_A,1,1.986,97.12,-11.67,13,1
P006,HRTF_A,1,2.0,98.4,-11.68,13,1
P006,HRTF_A,1,2.014,99.7,-11.81,13,1
P006,HRTF_A,1,2.027,101.11,-12.1,13,1
P006,HRTF_A,1,2.041,102.68,-12.57,13,1
P006,HRTF_A,1,2.055,104.18,-12.87,13,1
P006,HRTF_A,1,2.069,105.6,-13.11,13,1
P006,HRTF_A,1,2.083,107.01,-13.34,13,1
P006,HRTF_A,1,2.097,108.4,-13.57,13,1
P006,HRTF_A,1,2.111,110.01,-13.81,13,1
P006,HRTF_A,1,2.125,111.71,-14.1,13,1
P006,HRTF_A,1,2.138,113.46,-14.53,13,1
P006,HRTF_A,1,2.152,115.05,-15.15,13,1
P006,HRTF_A,1,2.166,116.54,-15.94,13,1
P006,HRTF_A,1,2.18,117.92,-16.76,13,1
P006,HRTF_A,1,2.194,119.2,-17.27,13,1
P006,HRTF_A,1,2.208,120.33,-17.51,13,1
P006,HRTF_A,1,2.222,121.23,-17.47,13,1
P006,HRTF_A,1,2.236,121.99,-17.38,13,1
P006,HRTF_A,1,2.25,122.62,-17.22,13,1
P006,HRTF_A,1,2.263,123.06,-16.86,13,1
P006,HRTF_A,1,2.277,123.5,-16.36,13,1
P006,HRTF_A,1,2.291,123.78,-15.57,13,1
P006,HRTF_A,1,2.305,123.96,-14.73,13,1
P006,HRTF_A,1,2.319,124.04,-13.73,13,1
P006,HRTF_A,1,2.333,124.14,-12.73,13,1
P006,HRTF_A,1,2.347,124.25,-11.63,13,1
P006,HRTF_A,1,2.361,124.45,-10.58,13,1
P006,HRTF_A,1,2.375,124.82,-9.79,13,1
P006,HRTF_A,1,2.389,125.35,-9.29,13,1
P006,HRTF_A,1,2.403,126.1,-9.11,13,1
P006,HRTF_A,1,2.416,126.84,-8.95,13,1
P006,HRTF_A,1,2.43,127.52,-8.64,13,1
P006,HRTF_A,1,2.444,128.02,-8.22,13,1
P006,HRTF_A,1,2.458,128.45,-7.79,13,1
P006,HRTF_A,1,2.472,128.8,-7.5,13,1
P006,HRTF_A,1,2.486,129.04,-7.34,13,1
P006,HRTF_A,1,2.499,129.28,-7.19,13,1
P006,HRTF_A,1,2.513,129.44,-6.99,13,1
P006,HRTF_A,1,2.527,129.56,-6.85,13,1
P006,HRTF_A,1,2.541,129.72,-6.82,13,1
P006,HRTF_A,1,2.555,129.9,-6.85,13,1
P006,HRTF_A,1,2.569,130.03,-6.83,13,1
P006,HRTF_A,1,2.583,130.11,-6.75,13,1
P006,HRTF_A,1,2.597,130.15,-6.6,13,1
P006,HRTF_A,1,2.611,130.16,-6.42,13,1
P006,HRTF_A,2,0.014,2.63,-1.88,4,1
P006,HRTF_A,2,0.028,2.69,-1.87,4,1
P006,HRTF_A,2,0.042,2.74,-1.84,4,1
P006,HRTF_A,2,0.056,2.77,-1.81,4,1
P006,HRTF_A,2,0.069,2.79,-1.85,4,1
P006,HRTF_A,2,0.083,2.8,-1.89,4,1
P006,HRTF_A,2,0.097,2.8,-1.92,4,1
P006,HRTF_A,2,0.111,2.81,-1.93,4,1
P006,HRTF_A,2,0.125,2.82,-1.91,4,1
P006,HRTF_A,2,0.139,2.82,-1.9,4,1
P006,HRTF_A,2,0.153,2.8,-1.89,4,1
P006,HRTF_A,2,0.167,2.77,-1.89,4,1
P006,HRTF_A,2,0.181,2.73,-1.94,4,1
P006,HRTF_A,2,0.194,2.69,-2.01,4,1
P006,HRTF_A,2,0.208,2.64,-2.08,4,1
P006,HRTF_A,2,0.223,2.58,-2.13,4,1
P006,HRTF_A,2,0.236,2.54,-2.16,4,1
P006,HRTF_A,2,0.25,2.48,-2.17,4,1
P006,HRTF_A,2,0.264,2.42,-2.21,4,1
P006,HRTF_A,2,0.278,2.36,-2.24,4,1
P006,HRTF_A,2,0.292,2.28,-2.26,4,1
P006,HRTF_A,2,0.306,2.21,-2.32,4,1
P006,HRTF_A,2,0.319,2.14,-2.38,4,1
P006,HRTF_A,2,0.333,2.07,-2.44,4,1
P006,HRTF_A,2,0.347,1.97,-2.51,4,1
P006,HRTF_A,2,0.361,1.88,-2.58,4,1
P006,HRTF_A,2,0.375,1.79,-2.66,4,1
P006,HRTF_A,2,0.389,1.69,-2.75,4,1
P006,HRTF_A,2,0.403,1.57,-2.85,4,1
P006,HRTF_A,2,0.417,1.45,-2.96,4,1
P006,HRTF_A,2,0.431,1.32,-3.05,4,1
P006,HRTF_A,2,0.444,1.18,-3.22,4,1
P006,HRTF_A,2,0.458,1.03,-3.47,4,1
P006,HRTF_A,2,0.472,0.89,-3.74,4,1
P006,HRTF_A,2,0.486,0.72,-3.96,4,1
P006,HRTF_A,2,0.5,0.57,-4.15,4,1
P006,HRTF_A,2,0.514,0.39,-4.31,4,1
P006,HRTF_A,2,0.528,0.22,-4.44,4,1
P006,HRTF_A,2,0.542,0.04,-4.55,4,1
P006,HRTF_A,2,0.556,-0.15,-4.61,4,1
P006,HRTF_A,2,0.57,-0.37,-4.66,4,1
P006,HRTF_A,2,0.583,-0.6,-4.7,4,1
P006,HRTF_A,2,0.597,-0.82,-4.74,4,1
P006,HRTF_A,2,0.611,-1.1,-4.74,4,1
P006,HRTF_A,2,0.625,-1.37,-4.75,4,1
P006,HRTF_A,2,0.639,-1.64,-4.84,4,1
P006,HRTF_A,2,0.653,-1.89,-4.91,4,1
P006,HRTF_A,2,0.667,-2.11,-4.96,4,1
P006,HRTF_A,2,0.681,-2.31,-4.95,4,1
P006,HRTF_A,2,0.694,-2.5,-4.91,4,1
P006,HRTF_A,2,0.708,-2.67,-4.83,4,1
P006,HRTF_A,2,0.722,-2.84,-4.76,4,1
P006,HRTF_A,2,0.736,-3.01,-4.71,4,1
P006,HRTF_A,2,0.75,-3.16,-4.68,4,1
P006,HRTF_A,2,0.764,-3.3,-4.64,4,1
P006,HRTF_A,2,0.778,-3.44,-4.59,4,1
P006,HRTF_A,2,0.792,-3.55,-4.52,4,1
P006,HRTF_A,2,0.806,-3.64,-4.48,4,1
P006,HRTF_A,2,0.819,-3.7,-4.49,4,1
P006,HRTF_A,2,0.833,-3.64,-4.55,4,1
P006,HRTF_A,2,0.847,-3.52,-4.58,4,1
P006,HRTF_A,2,0.861,-3.32,-4.59,4,1
P006,HRTF_A,2,0.875,-3.11,-4.53,4,1
P006,HRTF_A,2,0.889,-2.82,-4.43,4,1
P006,HRTF_A,2,0.903,-2.47,-4.34,4,1
P006,HRTF_A,2,0.916,-1.99,-4.24,4,1
P006,HRTF_A,2,0.93,-1.37,-4.12,4,1
P006,HRTF_A,2,0.944,-0.64,-3.97,4,1
P006,HRTF_A,2,0.958,0.24,-3.84,4,1
P006,HRTF_A,2,0.974,1.44,-3.77,4,1
P006,HRTF_A,2,0.987,2.55,-3.65,4,1
P006,HRTF_A,2,1.001,3.91,-3.48,4,1
P006,HRTF_A,2,1.015,5.19,-3.3,4,1
P006,HRTF_A,2,1.028,6.6,-3.11,4,1
P006,HRTF_A,2,1.042,8.24,-3.02,4,1
P006,HRTF_A,2,1.056,10.13,-2.9,4,1
P006,HRTF_A,2,1.07,12.13,-2.74,4,1
P006,HRTF_A,2,1.084,14.32,-2.57,4,1
P006,HRTF_A,2,1.097,16.44,-2.38,4,1
P006,HRTF_A,2,1.111,18.54,-2.21,4,1
P006,HRTF_A,2,1.125,20.74,-2.07,4,1
P006,HRTF_A,2,1.139,23.01,-2.06,4,1
P006,HRTF_A,2,1.152,25.27,-2.0,4,1
P006,HRTF_A,2,1.166,27.51,-1.89,4,1
P006,HRTF_A,2,1.18,29.7,-1.71,4,1
P006,HRTF_A,2,1.194,31.86,-1.55,4,1
P006,HRTF_A,2,1.208,34.04,-1.42,4,1
P006,HRTF_A,2,1.222,36.32,-1.31,4,1
P006,HRTF_A,2,1.236,38.57,-1.28,4,1
P006,HRTF_A,2,1.251,40.79,-1.33,4,1
P006,HRTF_A,2,1.263,42.91,-1.37,4,1
P006,HRTF_A,2,1.277,45.06,-1.46,4,1
P006,HRTF_A,2,1.291,47.13,-1.64,4,1
P006,HRTF_A,3,0.014,-1.1,0.1,17,1
P006,HRTF_A,3,0.028,-1.3,0.08,17,1
P006,HRTF_A,3,0.041,-1.5,0.07,17,1
P006,HRTF_A,3,0.055,-1.69,-0.03,17,1
P006,HRTF_A,3,0.069,-1.88,-0.16,17,1
P006,HRTF_A,3,0.084,-2.09,-0.26,17,1
P006,HRTF_A,3,0.097,-2.27,-0.3,17,1
P006,HRTF_A,3,0.111,-2.48,-0.22,17,1
P006,HRTF_A,3,0.125,-2.67,-0.12,17,1
P006,HRTF_A,3,0.139,-2.89,0.01,17,1
P006,HRTF_A,3,0.153,-3.1,0.1,17,1
P006,HRTF_A,3,0.166,-3.32,0.12,17,1
P006,HRTF_A,3,0.18,-3.53,0.1,17,1
P006,HRTF_A,3,0.194,-3.69,0.09,17,1
P006,HRTF_A,3,0.208,-3.83,0.15,17,1
P006,HRTF_A,3,0.222,-3.95,0.2,17,1
P006,HRTF_A,3,0.236,-4.07,0.19,17,1
P006,HRTF_A,3,0.25,-4.17,0.08,17,1
P006,HRTF_A,3,0.264,-4.23,-0.14,17,1
P006,HRTF_A,3,0.277,-4.27,-0.3,17,1
P006,HRTF_A,3,0.291,-4.25,-0.46,17,1
P006,HRTF_A,3,0.305,-4.22,-0.59,17,1
P006,HRTF_A,3,0.319,-4.18,-0.7,17,1
P006,HRTF_A,3,0.333,-4.12,-0.86,17,1
P006,HRTF_A,3,0.347,-4.06,-1.06,17,1
P006,HRTF_A,3,0.361,-3.98,-1.25,17,1
P006,HRTF_A,3,0.374,-3.9,-1.37,17,1
P006,HRTF_A,3,0.388,-3.82,-1.48,17,1
P006,HRTF_A,3,0.402,-3.72,-1.56,17,1
P006,HRTF_A,3,0.416,-3.63,-1.61,17,1
P006,HRTF_A,3,0.43,-3.51,-1.68,17,1
P006,HRTF_A,3,0.444,-3.4,-1.78,17,1
P006,HRTF_A,3,0.458,-3.27,-1.84,17,1
P006,HRTF_A,3,0.472,-3.14,-1.86,17,1
P006,HRTF_A,3,0.486,-3.0,-1.86,17,1
P006,HRTF_A,3,0.5,-2.87,-1.81,17,1
P006,HRTF_A,3,0.513,-2.65,-1.85,17,1
P006,HRTF_A,3,0.527,-2.32,-2.03,17,1
P006,HRTF_A,3,0.541,-1.87,-2.27,17,1
P006,HRTF_A,3,0.555,-1.49,-2.5,17,1
P006,HRTF_A,3,0.569,-1.15,-2.69,17,1
P006,HRTF_A,3,0.583,-0.87,-2.78,17,1
P006,HRTF_A,3,0.597,-0.66,-2.84,17,1
P006,HRTF_A,3,0.611,-0.44,-2.93,17,1
P006,HRTF_A,3,0.625,-0.25,-2.97,17,1
P006,HRTF_A,3,0.639,-0.1,-3.07,17,1
P006,HRTF_A,3,0.652,0.02,-3.16,17,1
P006,HRTF_A,3,0.666,0.12,-3.24,17,1
P006,HRTF_A,3,0.68,0.22,-3.29,17,1
P006,HRTF_A,3,0.694,0.34,-3.32,17,1
P006,HRTF_A,3,0.708,0.43,-3.32,17,1
P006,HRTF_A,3,0.722,0.52,-3.29,17,1
P006,HRTF_A,3,0.736,0.63,-3.25,17,1
P006,HRTF_A,3,0.75,0.72,-3.22,17,1
P006,HRTF_A,3,0.764,0.8,-3.23,17,1
P006,HRTF_A,3,0.777,0.9,-3.25,17,1
P006,HRTF_A,3,0.791,0.98,-3.29,17,1
P006,HRTF_A,3,0.805,1.08,-3.26,17,1
P006,HRTF_A,3,0.819,1.16,-3.22,17,1
P006,HRTF_A,3,0.833,1.26,-3.14,17,1
P006,HRTF_A,3,0.847,1.34,-3.06,17,1
P006,HRTF_A,3,0.861,1.42,-3.03,17,1
P006,HRTF_A,3,0.875,1.46,-2.99,17,1
P006,HRTF_A,3,0.889,1.5,-2.96,17,1
P006,HRTF_A,3,0.902,1.53,-2.93,17,1
P006,HRTF_A,3,0.916,1.56,-2.87,17,1
P006,HRTF_A,3,0.93,1.6,-2.83,17,1
P006,HRTF_A,3,0.944,1.61,-2.81,17,1
P006,HRTF_A,3,0.958,1.6,-2.81,17,1
P006,HRTF_A,3,0.972,1.59,-2.79,17,1
P006,HRTF_A,3,0.986,1.54,-2.73,17,1
P006,HRTF_A,3,1.0,1.49,-2.64,17,1
P006,HRTF_A,3,1.014,1.38,-2.55,17,1
P006,HRTF_A,3,1.027,1.18,-2.49,17,1
P006,HRTF_A,3,1.041,0.95,-2.48,17,1
P006,HRTF_A,3,1.055,0.57,-2.55,17,1
P006,HRTF_A,3,1.069,0.16,-2.61,17,1
P006,HRTF_A,3,1.083,-0.27,-2.63,17,1
P006,HRTF_A,3,1.097,-0.75,-2.68,17,1
P006,HRTF_A,3,1.111,-1.29,-2.77,17,1
P006,HRTF_A,3,1.124,-2.04,-2.87,17,1
P006,HRTF_A,3,1.139,-2.8,-2.95,17,1
P006,HRTF_A,3,1.152,-3.58,-3.08,17,1
P006,HRTF_A,3,1.166,-4.33,-3.2,17,1
P006,HRTF_A,3,1.181,-5.03,-3.27,17,1
P006,HRTF_A,3,1.194,-5.71,-3.38,17,1
P006,HRTF_A,3,1.208,-6.38,-3.48,17,1
P006,HRTF_A,3,1.222,-7.1,-3.58,17,1
P006,HRTF_A,3,1.236,-7.81,-3.74,17,1
P006,HRTF_A,3,1.25,-8.54,-3.92,17,1
P006,HRTF_A,3,1.263,-9.29,-4.11,17,1
P006,HRTF_A,3,1.277,-10.06,-4.35,17,1
P006,HRTF_A,3,1.291,-10.79,-4.68,17,1
P006,HRTF_A,3,1.305,-11.62,-5.09,17,1
P006,HRTF_A,3,1.319,-12.45,-5.62,17,1
P006,HRTF_A,3,1.333,-13.26,-6.17,17,1
P006,HRTF_A,3,1.347,-14.04,-6.73,17,1
P006,HRTF_A,3,1.361,-14.82,-7.2,17,1
P006,HRTF_A,3,1.375,-15.58,-7.64,17,1
P006,HRTF_A,3,1.389,-16.41,-8.13,17,1
P006,HRTF_A,3,1.402,-17.24,-8.86,17,1
P006,HRTF_A,3,1.416,-17.95,-10.06,17,1
P006,HRTF_A,3,1.43,-18.58,-11.48,17,1
P006,HRTF_A,3,1.444,-19.22,-12.79,17,1
P006,HRTF_A,3,1.458,-19.9,-13.79,17,1
P006,HRTF_A,3,1.472,-20.79,-14.65,17,1
P006,HRTF_A,3,1.486,-21.64,-15.7,17,1
P006,HRTF_A,3,1.5,-22.57,-17.1,17,1
P006,HRTF_A,3,1.513,-23.4,-18.72,17,1
P006,HRTF_A,3,1.527,-24.25,-20.29,17,1
P006,HRTF_A,3,1.541,-25.21,-21.55,17,1
P006,HRTF_A,3,1.555,-26.25,-22.67,17,1
P006,HRTF_A,3,1.569,-27.36,-23.72,17,1
P006,HRTF_A,3,1.583,-28.35,-25.17,17,1
P006,HRTF_A,3,1.597,-29.26,-26.82,17,1
P006,HRTF_A,3,1.611,-30.2,-28.31,17,1
P006,HRTF_A,3,1.625,-31.24,-29.47,17,1
P006,HRTF_A,3,1.638,-32.24,-30.74,17,1
P006,HRTF_A,3,1.652,-33.14,-32.19,17,1
P006,HRTF_A,3,1.666,-33.74,-34.02,17,1
P006,HRTF_A,3,1.68,-34.25,-35.71,17,1
P006,HRTF_A,3,1.694,-34.89,-37.06,17,1
P006,HRTF_A,3,1.708,-35.57,-38.17,17,1
P006,HRTF_A,3,1.722,-36.22,-38.93,17,1
P006,HRTF_A,3,1.736,-36.8,-39.96,17,1
P006,HRTF_A,3,1.749,-37.38,-41.1,17,1
P006,HRTF_A,3,1.763,-37.99,-42.36,17,1
P006,HRTF_A,3,1.777,-38.64,-43.61,17,1
P006,HRTF_A,3,1.791,-39.27,-44.6,17,1
P006,HRTF_A,3,1.805,-39.83,-45.7,17,1
P006,HRTF_A,3,1.819,-40.39,-46.49,17,1
P006,HRTF_A,3,1.833,-40.68,-47.11,17,1
P006,HRTF_A,3,1.847,-41.12,-47.69,17,1
P006,HRTF_A,3,1.86,-41.42,-48.05,17,1
P006,HRTF_A,3,1.874,-41.74,-48.4,17,1
P006,HRTF_A,3,1.889,-41.96,-48.91,17,1
P006,HRTF_A,3,1.902,-42.17,-49.43,17,1
P006,HRTF_A,3,1.916,-42.47,-49.92,17,1
P006,HRTF_A,3,1.93,-42.97,-50.39,17,1
P006,HRTF_A,3,1.944,-43.22,-51.01,17,1
P006,HRTF_A,3,1.958,-43.93,-51.24,17,1
P006,HRTF_A,3,1.972,-44.54,-51.78,17,1
P006,HRTF_A,3,1.985,-45.06,-52.23,17,1
P006,HRTF_A,3,2.0,-45.71,-52.65,17,1
P006,HRTF_A,3,2.013,-46.43,-52.91,17,1
P006,HRTF_A,3,2.027,-47.11,-52.99,17,1
P006,HRTF_A,3,2.041,-47.85,-52.95,17,1
P006,HRTF_A,3,2.055,-48.8,-52.73,17,1
P006,HRTF_A,3,2.069,-49.77,-52.59,17,1
P006,HRTF_A,3,2.083,-50.74,-52.28,17,1
P006,HRTF_A,3,2.097,-51.75,-51.92,17,1
P006,HRTF_A,3,2.111,-52.71,-51.23,17,1
P006,HRTF_A,3,2.124,-53.77,-50.58,17,1
P006,HRTF_A,3,2.138,-54.73,-49.8,17,1
P006,HRTF_A,3,2.152,-55.76,-48.99,17,1
P006,HRTF_A,3,2.166,-56.77,-48.08,17,1
P006,HRTF_A,3,2.18,-57.84,-47.05,17,1
P006,HRTF_A,3,2.194,-58.9,-45.91,17,1
P006,HRTF_A,3,2.208,-60.0,-44.62,17,1
P006,HRTF_A,3,2.222,-61.2,-43.1,17,1
P006,HRTF_A,3,2.236,-62.58,-41.38,17,1
P006,HRTF_A,3,2.249,-64.16,-39.18,17,1
P006,HRTF_A,3,2.263,-65.71,-37.06,17,1
P006,HRTF_A,3,2.277,-67.33,-34.8,17,1
P006,HRTF_A,3,2.291,-68.49,-32.41,17,1
P006,HRTF_A,3,2.305,-69.68,-29.89,17,1
P006,HRTF_A,3,2.319,-70.86,-27.43,17,1
P006,HRTF_A,3,2.333,-72.14,-25.04,17,1
P006,HRTF_A,3,2.347,-73.44,-22.69,17,1
P006,HRTF_A,3,2.361,-74.87,-20.28,17,1
P006,HRTF_A,3,2.374,-76.4,-17.87,17,1
P006,HRTF_A,3,2.388,-78.02,-15.39,17,1
P006,HRTF_A,3,2.402,-79.59,-12.81,17,1
P006,HRTF_A,3,2.416,-81.19,-10.49,17,1
P006,HRTF_A,3,2.43,-82.73,-8.88,17,1
P006,HRTF_A,3,2.444,-84.11,-8.24,17,1
P006,HRTF_A,3,2.458,-85.4,-7.94,17,1
P006,HRTF_A,3,2.472,-86.39,-8.57,17,1
P006,HRTF_A,3,2.486,-87.44,-8.15,17,1
P006,HRTF_A,3,2.5,-88.29,-7.72,17,1
P006,HRTF_A,3,2.513,-89.03,-7.43,17,1
P006,HRTF_A,3,2.527,-89.64,-7.25,17,1
P006,HRTF_A,3,2.541,-90.11,-7.16,17,1
P006,HRTF_A,3,2.555,-90.51,-7.13,17,1
P006,HRTF_A,3,2.569,-90.82,-7.03,17,1
P006,HRTF_A,3,2.583,-91.11,-6.83,17,1
P006,HRTF_A,3,2.597,-91.31,-6.76,17,1
P006,HRTF_A,3,2.611,-91.45,-6.64,17,1
P006,HRTF_A,3,2.624,-91.5,-6.53,17,1
P006,HRTF_A,3,2.638,-91.46,-6.49,17,1
P006,HRTF_A,3,2.652,-91.46,-6.42,17,1
P006,HRTF_A,3,2.667,-91.42,-6.36,17,1
P006,HRTF_A,3,2.68,-91.41,-6.28,17,1
P006,HRTF_A,3,2.694,-91.34,-6.24,17,1
P006,HRTF_A,3,2.708,-91.23,-6.27,17,1
P006,HRTF_A,3,2.722,-91.08,-6.32,17,1
P006,HRTF_A,3,2.736,-90.92,-6.38,17,1
P006,HRTF_A,3,2.749,-90.73,-6.41,17,1
P006,HRTF_A,3,2.764,-90.53,-6.39,17,1
P006,HRTF_A,3,2.777,-90.34,-6.38,17,1
P006,HRTF_A,3,2.791,-90.14,-6.41,17,1
P006,HRTF_A,3,2.805,-89.92,-6.5,17,1
P006,HRTF_A,3,2.819,-89.63,-6.63,17,1
P006,HRTF_A,3,2.833,-89.25,-6.76,17,1
P006,HRTF_A,3,2.847,-88.84,-6.83,17,1
P006,HRTF_A,3,2.861,-88.42,-6.91,17,1
P006,HRTF_A,3,2.875,-88.02,-6.98,17,1
P006,HRTF_A,3,2.889,-87.56,-7.07,17,1
P006,HRTF_A,3,2.902,-87.13,-7.18,17,1
P006,HRTF_A,3,2.916,-86.67,-7.27,17,1
P006,HRTF_A,3,2.93,-86.21,-7.32,17,1
P006,HRTF_A,3,2.944,-85.72,-7.37,17,1
P006,HRTF_A,3,2.958,-85.26,-7.4,17,1
P006,HRTF_A,3,2.972,-84.81,-7.41,17,1
P006,HRTF_A,3,2.986,-84.31,-7.4,17,1
P006,HRTF_A,3,3.0,-83.8,-7.4,17,1
P006,HRTF_A,3,3.013,-83.22,-7.36,17,1
P006,HRTF_A,3,3.028,-82.68,-7.29,17,1
P006,HRTF_A,3,3.042,-82.1,-7.18,17,1
P006,HRTF_A,3,3.055,-81.48,-7.06,17,1
P006,HRTF_A,3,3.069,-80.76,-6.89,17,1
P006,HRTF_A,3,3.083,-79.97,-6.79,17,1
P006,HRTF_A,3,3.097,-79.03,-6.68,17,1
P006,HRTF_A,3,3.111,-78.02,-6.62,17,1
P006,HRTF_A,3,3.124,-76.96,-6.51,17,1
P006,HRTF_A,3,3.139,-75.8,-6.45,17,1
P006,HRTF_A,3,3.152,-74.38,-6.41,17,1
P006,HRTF_A,3,3.167,-72.63,-6.37,17,1
P006,HRTF_A,3,3.18,-70.68,-6.29,17,1
P006,HRTF_A,3,3.194,-68.63,-6.21,17,1
P006,HRTF_A,3,3.208,-66.41,-6.15,17,1
P006,HRTF_A,3,3.222,-63.85,-6.13,17,1
P006,HRTF_A,3,3.236,-60.84,-6.13,17,1
P006,HRTF_A,3,3.25,-57.35,-6.19,17,1
P006,HRTF_A,3,3.264,-53.44,-6.17,17,1
P006,HRTF_A,3,3.278,-49.58,-6.11,17,1
P006,HRTF_A,3,3.291,-45.81,-5.82,17,1
P006,HRTF_A,3,3.305,-41.96,-5.57,17,1
P006,HRTF_A,3,3.319,-38.08,-5.47,17,1
P006,HRTF_A,3,3.333,-34.23,-5.31,17,1
P006,HRTF_A,3,3.347,-30.47,-5.22,17,1
P006,HRTF_A,3,3.361,-26.52,-4.9,17,1
P006,HRTF_A,3,3.375,-22.48,-4.75,17,1
P006,HRTF_A,3,3.389,-18.33,-4.63,17,1
P006,HRTF_A,3,3.402,-14.17,-4.49,17,1
P006,HRTF_A,3,3.416,-10.08,-4.33,17,1
P006,HRTF_A,3,3.43,-6.14,-4.09,17,1
P006,HRTF_A,3,3.444,-2.32,-3.91,17,1
P006,HRTF_A,3,3.458,1.5,-3.79,17,1
P006,HRTF_A,3,3.472,5.23,-3.88,17,1
P006,HRTF_A,3,3.486,8.85,-3.88,17,1
P006,HRTF_A,3,3.5,12.22,-3.82,17,1
P006,HRTF_A,3,3.514,15.55,-3.77,17,1
P006,HRTF_A,3,3.528,18.92,-3.72,17,1
P006,HRTF_A,3,3.541,22.23,-3.76,17,1
P006,HRTF_A,3,3.555,25.43,-3.81,17,1
P006,HRTF_A,3,3.569,28.48,-3.93,17,1
P006,HRTF_A,3,3.583,31.47,-4.01,17,1
P006,HRTF_A,3,3.597,34.28,-4.02,17,1
P006,HRTF_A,3,3.611,37.15,-3.88,17,1
P006,HRTF_A,3,3.625,39.9,-3.73,17,1
P006,HRTF_A,3,3.639,42.58,-3.64,17,1
P006,HRTF_A,3,3.652,45.23,-3.59,17,1
P006,HRTF_A,3,3.666,47.92,-3.46,17,1
P006,HRTF_A,3,3.681,50.62,-3.31,17,1
P006,HRTF_A,3,3.694,53.3,-3.14,17,1
P006,HRTF_A,3,3.708,55.98,-2.95,17,1
P006,HRTF_A,3,3.722,58.65,-2.78,17,1
P006,HRTF_A,3,3.736,61.28,-2.67,17,1
P006,HRTF_A,3,3.75,63.8,-2.65,17,1
P006,HRTF_A,3,3.764,66.23,-2.61,17,1
P006,HRTF_A,3,3.778,68.52,-2.57,17,1
P006,HRTF_A,3,3.792,70.76,-2.45,17,1
P006,HRTF_A,3,3.805,72.84,-2.33,17,1
P006,HRTF_A,3,3.819,74.95,-2.22,17,1
P006,HRTF_A,3,3.833,76.92,-2.16,17,1
P006,HRTF_A,3,3.847,78.95,-2.01,17,1
P006,HRTF_A,3,3.861,80.97,-1.77,17,1
P006,HRTF_A,3,3.875,83.06,-1.49,17,1
P006,HRTF_A,3,3.889,85.07,-1.17,17,1
P006,HRTF_A,3,3.903,87.0,-0.89,17,1
P006,HRTF_A,3,3.917,88.92,-0.55,17,1
P006,HRTF_A,3,3.93,90.84,-0.27,17,1
P006,HRTF_A,3,3.945,92.64,-0.01,17,1
P006,HRTF_A,3,3.958,94.33,0.29,17,1
P006,HRTF_A,3,3.972,95.87,0.57,17,1
P006,HRTF_A,3,3.986,97.52,0.86,17,1
P006,HRTF_A,3,4.0,99.08,1.12,17,1
P006,HRTF_A,3,4.014,100.61,1.39,17,1
P006,HRTF_A,3,4.028,102.08,1.64,17,1
P006,HRTF_A,3,4.042,103.51,1.79,17,1
P006,HRTF_A,3,4.056,104.99,1.9,17,1
P006,HRTF_A,3,4.069,106.39,2.04,17,1
P006,HRTF_A,3,4.083,107.78,2.14,17,1
P006,HRTF_A,3,4.097,109.1,2.31,17,1
P006,HRTF_A,3,4.111,110.45,2.53,17,1
P006,HRTF_A,3,4.125,111.8,2.79,17,1
P006,HRTF_A,3,4.139,113.09,3.06,17,1
P006,HRTF_A,3,4.153,114.31,3.29,17,1
P006,HRTF_A,3,4.167,115.45,3.39,17,1
P006,HRTF_A,3,4.181,116.54,3.35,17,1
P006,HRTF_A,3,4.194,117.65,3.3,17,1
P006,HRTF_A,3,4.208,118.76,3.29,17,1
P006,HRTF_A,3,4.222,119.8,3.15,17,1
P006,HRTF_A,3,4.236,120.86,3.23,17,1
P006,HRTF_A,3,4.25,121.91,3.29,17,1
P006,HRTF_A,3,4.264,122.96,3.32,17,1
P006,HRTF_A,3,4.278,123.91,3.33,17,1
P006,HRTF_A,3,4.292,124.85,3.36,17,1
P006,HRTF_A,3,4.306,125.93,3.33,17,1
P006,HRTF_A,3,4.319,127.01,3.35,17,1
P006,HRTF_A,3,4.333,128.13,3.32,17,1
P006,HRTF_A,3,4.348,129.2,3.25,17,1
P006,HRTF_A,3,4.361,130.27,3.09,17,1
P006,HRTF_A,3,4.375,131.28,2.77,17,1
P006,HRTF_A,3,4.389,132.26,2.43,17,1
P006,HRTF_A,3,4.403,133.26,2.13,17,1
P006,HRTF_A,3,4.417,134.16,1.77,17,1
P006,HRTF_A,3,4.43,134.98,1.45,17,1
P006,HRTF_A,3,4.445,135.79,1.11,17,1
P006,HRTF_A,3,4.458,136.57,0.78,17,1
P006,HRTF_A,3,4.472,137.41,0.48,17,1
P006,HRTF_A,3,4.486,138.24,0.2,17,1
P006,HRTF_A,3,4.5,139.07,-0.06,17,1
P006,HRTF_A,3,4.514,139.87,-0.28,17,1
P006,HRTF_A,3,4.528,140.63,-0.52,17,1
P006,HRTF_A,3,4.542,141.46,-0.74,17,1
P006,HRTF_A,3,4.555,142.34,-0.91,17,1
P006,HRTF_A,3,4.569,143.13,-1.08,17,1
P006,HRTF_A,3,4.583,143.88,-1.12,17,1
P006,HRTF_A,3,4.597,144.62,-1.23,17,1
P006,HRTF_A,3,4.611,145.27,-1.32,17,1
P006,HRTF_A,3,4.625,145.99,-1.5,17,1
P006,HRTF_A,3,4.639,146.62,-1.66,17,1
P006,HRTF_A,3,4.653,147.16,-1.81,17,1
P006,HRTF_A,3,4.667,147.6,-1.89,17,1
P006,HRTF_A,3,4.681,148.15,-1.89,17,1
P006,HRTF_A,3,4.694,148.58,-1.92,17,1
P006,HRTF_A,3,4.708,149.07,-1.93,17,1
P006,HRTF_A,3,4.722,149.53,-1.83,17,1
P006,HRTF_A,3,4.736,150.01,-1.75,17,1
P006,HRTF_A,3,4.75,150.47,-1.61,17,1
P006,HRTF_A,3,4.764,150.93,-1.46,17,1
P006,HRTF_A,3,4.778,151.43,-1.29,17,1
P006,HRTF_A,3,4.792,151.9,-1.15,17,1
P006,HRTF_A,3,4.805,152.36,-1.14,17,1
P006,HRTF_A,3,4.819,152.79,-1.18,17,1
P006,HRTF_A,3,4.833,153.2,-1.26,17,1
P006,HRTF_A,3,4.847,153.6,-1.25,17,1
P006,HRTF_A,3,4.861,153.89,-1.14,17,1
P006,HRTF_A,3,4.875,154.19,-1.07,17,1
P006,HRTF_A,3,4.889,154.41,-1.02,17,1
P006,HRTF_A,3,4.903,154.61,-1.04,17,1
P006,HRTF_A,3,4.917,154.79,-1.08,17,1
P006,HRTF_A,3,4.931,154.94,-1.1,17,1
P006,HRTF_A,3,4.945,155.07,-1.1,17,1
P006,HRTF_A,3,4.958,155.22,-1.08,17,1
P006,HRTF_A,3,4.972,155.4,-1.09,17,1
P006,HRTF_A,3,4.986,155.6,-1.13,17,1
P006,HRTF_A,3,5.0,155.8,-1.17,17,1
P006,HRTF_A,3,5.014,155.98,-1.21,17,1
P006,HRTF_A,3,5.028,156.18,-1.24,17,1
P006,HRTF_A,3,5.042,156.37,-1.25,17,1
P006,HRTF_A,3,5.058,156.56,-1.26,17,1
P006,HRTF_A,3,5.069,156.75,-1.3,17,1
P006,HRTF_A,3,5.083,156.91,-1.35,17,1
P006,HRTF_A,3,5.097,157.07,-1.35,17,1
P006,HRTF_A,3,5.111,157.25,-1.32,17,1
P006,HRTF_A,3,5.125,157.44,-1.3,17,1
P006,HRTF_A,3,5.139,157.63,-1.3,17,1
P006,HRTF_A,3,5.153,157.77,-1.31,17,1
P006,HRTF_A,3,5.167,157.93,-1.29,17,1
P006,HRTF_A,3,5.181,158.08,-1.23,17,1
P006,HRTF_A,3,5.195,158.21,-1.15,17,1
P006,HRTF_A,3,5.209,158.32,-1.09,17,1
P006,HRTF_A,3,5.222,158.45,-1.09,17,1
P006,HRTF_A,3,5.236,158.57,-1.15,17,1
P006,HRTF_A,4,0.014,4.43,-1.07,14,1
P006,HRTF_A,4,0.028,4.49,-1.12,14,1
P006,HRTF_A,4,0.042,4.54,-1.13,14,1
P006,HRTF_A,4,0.055,4.58,-1.14,14,1
P006,HRTF_A,4,0.07,4.63,-1.15,14,1
P006,HRTF_A,4,0.083,4.66,-1.2,14,1
P006,HRTF_A,4,0.097,4.69,-1.2,14,1
P006,HRTF_A,4,0.111,4.68,-1.19,14,1
P006,HRTF_A,4,0.125,4.69,-1.18,14,1
P006,HRTF_A,4,0.139,4.68,-1.15,14,1
P006,HRTF_A,4,0.153,4.68,-1.13,14,1
P006,HRTF_A,4,0.167,4.68,-1.14,14,1
P006,HRTF_A,4,0.18,4.66,-1.15,14,1
P006,HRTF_A,4,0.194,4.65,-1.21,14,1
P006,HRTF_A,4,0.208,4.65,-1.29,14,1
P006,HRTF_A,4,0.222,4.65,-1.37,14,1
P006,HRTF_A,4,0.236,4.67,-1.45,14,1
P006,HRTF_A,4,0.25,4.66,-1.55,14,1
P006,HRTF_A,4,0.264,4.64,-1.65,14,1
P006,HRTF_A,4,0.278,4.63,-1.72,14,1
P006,HRTF_A,4,0.292,4.61,-1.79,14,1
P006,HRTF_A,4,0.305,4.6,-1.87,14,1
P006,HRTF_A,4,0.319,4.58,-1.93,14,1
P006,HRTF_A,4,0.333,4.56,-2.0,14,1
P006,HRTF_A,4,0.347,4.55,-2.07,14,1
P006,HRTF_A,4,0.361,4.55,-2.11,14,1
P006,HRTF_A,4,0.375,4.55,-2.14,14,1
P006,HRTF_A,4,0.389,4.54,-2.14,14,1
P006,HRTF_A,4,0.403,4.55,-2.11,14,1
P006,HRTF_A,4,0.417,4.55,-2.1,14,1
P006,HRTF_A,4,0.43,4.54,-2.11,14,1
P006,HRTF_A,4,0.444,4.52,-2.13,14,1
P006,HRTF_A,4,0.458,4.49,-2.14,14,1
P006,HRTF_A,4,0.472,4.44,-2.15,14,1
P006,HRTF_A,4,0.486,4.39,-2.13,14,1
P006,HRTF_A,4,0.5,4.35,-2.09,14,1
P006,HRTF_A,4,0.514,4.29,-2.01,14,1
P006,HRTF_A,4,0.527,4.24,-1.96,14,1
P006,HRTF_A,4,0.541,4.18,-1.94,14,1
P006,HRTF_A,4,0.556,4.11,-1.94,14,1
P006,HRTF_A,4,0.569,4.05,-1.96,14,1
P006,HRTF_A,4,0.583,3.99,-1.96,14,1
P006,HRTF_A,4,0.597,3.92,-1.96,14,1
P006,HRTF_A,4,0.611,3.85,-1.94,14,1
P006,HRTF_A,4,0.625,3.79,-1.9,14,1
P006,HRTF_A,4,0.639,3.72,-1.89,14,1
P006,HRTF_A,4,0.653,3.65,-1.87,14,1
P006,HRTF_A,4,0.666,3.59,-1.85,14,1
P006,HRTF_A,4,0.68,3.54,-1.85,14,1
P006,HRTF_A,4,0.694,3.49,-1.86,14,1
P006,HRTF_A,4,0.708,3.44,-1.89,14,1
P006,HRTF_A,4,0.722,3.4,-1.9,14,1
P006,HRTF_A,4,0.736,3.34,-1.89,14,1
P006,HRTF_A,4,0.75,3.3,-1.88,14,1
P006,HRTF_A,4,0.764,3.25,-1.85,14,1
P006,HRTF_A,4,0.778,3.19,-1.84,14,1
P006,HRTF_A,4,0.791,3.15,-1.84,14,1
P006,HRTF_A,4,0.805,3.09,-1.82,14,1
P006,HRTF_A,4,0.819,3.02,-1.82,14,1
P006,HRTF_A,4,0.833,2.95,-1.81,14,1
P006,HRTF_A,4,0.847,2.88,-1.8,14,1
P006,HRTF_A,4,0.861,2.82,-1.78,14,1
P006,HRTF_A,4,0.875,2.75,-1.74,14,1
P006,HRTF_A,4,0.889,2.69,-1.72,14,1
P006,HRTF_A,4,0.902,2.64,-1.72,14,1
P006,HRTF_A,4,0.916,2.59,-1.72,14,1
P006,HRTF_A,4,0.93,2.62,-1.72,14,1
P006,HRTF_A,4,0.944,2.69,-1.72,14,1
P006,HRTF_A,4,0.958,2.83,-1.71,14,1
P006,HRTF_A,4,0.972,3.01,-1.69,14,1
P006,HRTF_A,4,0.986,3.18,-1.66,14,1
P006,HRTF_A,4,1.0,3.33,-1.62,14,1
P006,HRTF_A,4,1.013,3.52,-1.61,14,1
P006,HRTF_A,4,1.027,3.71,-1.62,14,1
P006,HRTF_A,4,1.041,3.97,-1.64,14,1
P006,HRTF_A,4,1.055,4.21,-1.62,14,1
P006,HRTF_A,4,1.069,4.47,-1.58,14,1
P006,HRTF_A,4,1.083,4.73,-1.55,14,1
P006,HRTF_A,4,1.097,5.05,-1.5,14,1
P006,HRTF_A,4,1.111,5.45,-1.48,14,1
P006,HRTF_A,4,1.125,5.95,-1.49,14,1
P006,HRTF_A,4,1.139,6.4,-1.49,14,1
P006,HRTF_A,4,1.153,6.91,-1.46,14,1
P006,HRTF_A,4,1.166,7.55,-1.4,14,1
P006,HRTF_A,4,1.18,8.29,-1.31,14,1
P006,HRTF_A,4,1.194,9.29,-1.26,14,1
P006,HRTF_A,4,1.208,10.26,-1.14,14,1
P006,HRTF_A,4,1.222,11.33,-1.02,14,1
P006,HRTF_A,4,1.236,12.42,-0.88,14,1
P006,HRTF_A,4,1.25,13.69,-0.72,14,1
P006,HRTF_A,4,1.263,15.07,-0.62,14,1
P006,HRTF_A,4,1.277,16.62,-0.56,14,1
P006,HRTF_A,4,1.291,18.32,-0.52,14,1
P006,HRTF_A,4,1.305,19.94,-0.54,14,1
P006,HRTF_A,4,1.319,21.57,-0.52,14,1
P006,HRTF_A,4,1.333,23.23,-0.51,14,1
P006,HRTF_A,4,1.347,25.04,-0.52,14,1
P006,HRTF_A,4,1.361,26.9,-0.52,14,1
P006,HRTF_A,4,1.375,28.76,-0.45,14,1
P006,HRTF_A,4,1.388,30.55,-0.39,14,1
P006,HRTF_A,4,1.402,32.34,-0.21,14,1
P006,HRTF_A,4,1.416,34.11,-0.07,14,1
P006,HRTF_A,4,1.43,35.82,0.0,14,1
P006,HRTF_A,4,1.444,37.48,0.04,14,1
P006,HRTF_A,4,1.458,39.04,0.03,14,1
P006,HRTF_A,4,1.472,40.55,-0.02,14,1
P006,HRTF_A,4,1.486,42.13,-0.1,14,1
P006,HRTF_A,4,1.5,43.75,-0.26,14,1
P006,HRTF_A,4,1.513,45.43,-0.39,14,1
P006,HRTF_A,4,1.527,47.04,-0.46,14,1
P006,HRTF_A,4,1.541,48.66,-0.58,14,1
P006,HRTF_A,4,1.555,50.36,-0.64,14,1
P006,HRTF_A,4,1.569,52.13,-0.74,14,1
P006,HRTF_A,4,1.583,53.91,-0.83,14,1
P006,HRTF_A,4,1.597,55.76,-0.86,14,1
P006,HRTF_A,4,1.611,57.64,-0.83,14,1
P006,HRTF_A,4,1.625,59.56,-0.81,14,1
P006,HRTF_A,4,1.639,61.5,-0.79,14,1
P006,HRTF_A,4,1.652,63.54,-0.77,14,1
P006,HRTF_A,4,1.666,65.55,-0.82,14,1
P006,HRTF_A,4,1.68,67.51,-0.78,14,1
P006,HRTF_A,4,1.694,69.37,-0.75,14,1
P006,HRTF_A,4,1.708,71.23,-0.67,14,1
P006,HRTF_A,4,1.722,73.06,-0.64,14,1
P006,HRTF_A,4,1.736,74.93,-0.65,14,1
P006,HRTF_A,4,1.75,76.74,-0.72,14,1
P006,HRTF_A,4,1.763,78.52,-0.85,14,1
P006,HRTF_A,4,1.777,80.33,-0.9,14,1
P006,HRTF_A,4,1.791,82.1,-0.99,14,1
P006,HRTF_A,4,1.805,83.88,-1.12,14,1
P006,HRTF_A,4,1.819,85.69,-1.29,14,1
P006,HRTF_A,4,1.833,87.46,-1.42,14,1
P006,HRTF_A,4,1.847,89.14,-1.53,14,1
P006,HRTF_A,4,1.861,90.68,-1.73,14,1
P006,HRTF_A,4,1.874,92.21,-1.88,14,1
P006,HRTF_A,4,1.888,93.64,-2.02,14,1
P006,HRTF_A,4,1.902,95.06,-2.06,14,1
P006,HRTF_A,4,1.916,96.52,-2.09,14,1
P006,HRTF_A,4,1.93,97.87,-2.05,14,1
P006,HRTF_A,4,1.944,99.19,-2.07,14,1
P006,HRTF_A,4,1.958,100.41,-2.09,14,1
P006,HRTF_A,4,1.972,101.67,-2.19,14,1
P006,HRTF_A,4,1.986,102.94,-2.23,14,1
P006,HRTF_A,4,1.999,104.23,-2.31,14,1
P006,HRTF_A,4,2.013,105.52,-2.35,14,1
P006,HRTF_A,4,2.027,106.78,-2.32,14,1
P006,HRTF_A,4,2.041,108.06,-2.27,14,1
P006,HRTF_A,4,2.055,109.39,-2.31,14,1
P006,HRTF_A,4,2.069,110.75,-2.35,14,1
P006,HRTF_A,4,2.083,112.05,-2.38,14,1
P006,HRTF_A,4,2.097,113.27,-2.43,14,1
P006,HRTF_A,4,2.111,114.48,-2.43,14,1
P006,HRTF_A,4,2.124,115.65,-2.45,14,1
P006,HRTF_A,4,2.138,116.85,-2.51,14,1
P006,HRTF_A,4,2.152,118.06,-2.53,14,1
P006,HRTF_A,4,2.166,119.28,-2.55,14,1
P006,HRTF_A,4,2.18,120.37,-2.52,14,1
P006,HRTF_A,4,2.194,121.5,-2.51,14,1
P006,HRTF_A,4,2.208,122.59,-2.59,14,1
P006,HRTF_A,4,2.222,123.71,-2.64,14,1
P006,HRTF_A,4,2.235,124.81,-2.72,14,1
P006,HRTF_A,4,2.249,125.88,-2.86,14,1
P006,HRTF_A,4,2.263,126.89,-3.06,14,1
P006,HRTF_A,4,2.277,127.85,-3.26,14,1
P006,HRTF_A,4,2.291,128.78,-3.56,14,1
P006,HRTF_A,4,2.305,129.62,-3.75,14,1
P006,HRTF_A,4,2.319,130.41,-3.87,14,1
P006,HRTF_A,4,2.333,131.2,-3.97,14,1
P006,HRTF_A,4,2.347,131.89,-3.93,14,1
P006,HRTF_A,4,2.361,132.52,-3.84,14,1
P006,HRTF_A,4,2.374,133.07,-3.76,14,1
P006,HRTF_A,5,0.014,-2.46,-1.37,29,1
P006,HRTF_A,5,0.028,-2.49,-1.37,29,1
P006,HRTF_A,5,0.042,-2.51,-1.36,29,1
P006,HRTF_A,5,0.056,-2.53,-1.37,29,1
P006,HRTF_A,5,0.069,-2.54,-1.38,29,1
P006,HRTF_A,5,0.083,-2.55,-1.38,29,1
P006,HRTF_A,5,0.097,-2.57,-1.36,29,1
P006,HRTF_A,5,0.111,-2.57,-1.35,29,1
P006,HRTF_A,5,0.125,-2.55,-1.34,29,1
P006,HRTF_A,5,0.139,-2.55,-1.34,29,1
P006,HRTF_A,5,0.154,-2.5,-1.37,29,1
P006,HRTF_A,5,0.167,-2.46,-1.39,29,1
P006,HRTF_A,5,0.18,-2.4,-1.42,29,1
P006,HRTF_A,5,0.194,-2.34,-1.44,29,1
P006,HRTF_A,5,0.208,-2.27,-1.48,29,1
P006,HRTF_A,5,0.222,-2.21,-1.5,29,1
P006,HRTF_A,5,0.236,-2.15,-1.54,29,1
P006,HRTF_A,5,0.25,-2.1,-1.59,29,1
P006,HRTF_A,5,0.264,-2.05,-1.64,29,1
P006,HRTF_A,5,0.278,-2.02,-1.68,29,1
P006,HRTF_A,5,0.291,-1.98,-1.72,29,1
P006,HRTF_A,5,0.305,-1.97,-1.76,29,1
P006,HRTF_A,5,0.322,-1.95,-1.79,29,1
P006,HRTF_A,5,0.335,-1.97,-1.81,29,1
P006,HRTF_A,5,0.349,-1.98,-1.83,29,1
P006,HRTF_A,5,0.362,-2.01,-1.83,29,1
P006,HRTF_A,5,0.376,-2.15,-1.83,29,1
P006,HRTF_A,5,0.39,-2.36,-1.82,29,1
P006,HRTF_A,5,0.403,-2.61,-1.8,29,1
P006,HRTF_A,5,0.417,-2.93,-1.75,29,1
P006,HRTF_A,5,0.431,-3.33,-1.71,29,1
P006,HRTF_A,5,0.445,-3.82,-1.68,29,1
P006,HRTF_A,5,0.459,-4.41,-1.67,29,1
P006,HRTF_A,5,0.472,-5.13,-1.62,29,1
P006,HRTF_A,5,0.486,-5.9,-1.69,29,1
P006,HRTF_A,5,0.5,-6.65,-1.76,29,1
P006,HRTF_A,5,0.514,-7.47,-1.81,29,1
P006,HRTF_A,5,0.528,-8.36,-1.88,29,1
P006,HRTF_A,5,0.541,-9.28,-1.91,29,1
P006,HRTF_A,5,0.555,-10.25,-1.88,29,1
P006,HRTF_A,5,0.569,-11.17,-1.95,29,1
P006,HRTF_A,5,0.583,-12.12,-1.98,29,1
P006,HRTF_A,5,0.597,-12.94,-1.97,29,1
P006,HRTF_A,5,0.611,-13.75,-1.92,29,1
P006,HRTF_A,5,0.664,-14.53,-1.84,29,1
P006,HRTF_A,5,0.668,-15.3,-1.73,29,1
P006,HRTF_A,5,0.679,-17.62,-1.57,29,1
P006,HRTF_A,5,0.699,-18.33,-1.59,29,1
P006,HRTF_A,5,0.707,-18.97,-1.67,29,1
P006,HRTF_A,5,0.721,-19.59,-1.82,29,1
P006,HRTF_A,5,0.735,-20.14,-1.96,29,1
P006,HRTF_A,5,0.749,-20.63,-2.13,29,1
P006,HRTF_A,5,0.763,-21.02,-2.34,29,1
P006,HRTF_A,5,0.777,-21.39,-2.46,29,1
P006,HRTF_A,5,0.791,-21.7,-2.59,29,1
P006,HRTF_A,5,0.805,-21.95,-2.7,29,1
P006,HRTF_A,5,0.819,-22.25,-2.82,29,1
P006,HRTF_A,5,0.833,-22.55,-2.88,29,1
P006,HRTF_A,5,0.847,-22.84,-2.93,29,1
P006,HRTF_A,5,0.861,-23.12,-2.93,29,1
P006,HRTF_A,5,0.875,-23.39,-2.92,29,1
P006,HRTF_A,5,0.888,-23.64,-2.84,29,1
P006,HRTF_A,5,0.902,-23.98,-2.75,29,1
P006,HRTF_A,5,0.916,-24.42,-2.7,29,1
P006,HRTF_A,5,0.93,-24.94,-2.65,29,1
P006,HRTF_A,5,0.944,-25.63,-2.62,29,1
P006,HRTF_A,5,0.958,-26.24,-2.6,29,1
P006,HRTF_A,5,0.972,-26.97,-2.54,29,1
P006,HRTF_A,5,0.986,-27.7,-2.46,29,1
P006,HRTF_A,5,1.0,-28.39,-2.38,29,1
P006,HRTF_A,5,1.013,-29.06,-2.28,29,1
P006,HRTF_A,5,1.027,-29.79,-2.19,29,1
P006,HRTF_A,5,1.041,-30.47,-2.06,29,1
P006,HRTF_A,5,1.055,-31.14,-1.94,29,1
P006,HRTF_A,5,1.069,-31.79,-1.82,29,1
P006,HRTF_A,5,1.083,-32.43,-1.8,29,1
P006,HRTF_A,5,1.097,-33.06,-1.74,29,1
P006,HRTF_A,5,1.111,-33.75,-1.68,29,1
P006,HRTF_A,5,1.125,-34.51,-1.59,29,1
P006,HRTF_A,5,1.138,-35.39,-1.57,29,1
P006,HRTF_A,5,1.152,-36.23,-1.56,29,1
P006,HRTF_A,5,1.166,-37.12,-1.66,29,1
P006,HRTF_A,5,1.18,-38.01,-1.76,29,1
P006,HRTF_A,5,1.194,-38.94,-1.82,29,1
P006,HRTF_A,5,1.208,-40.0,-1.93,29,1
P006,HRTF_A,5,1.222,-41.06,-1.99,29,1
P006,HRTF_A,5,1.236,-42.13,-2.03,29,1
P006,HRTF_A,5,1.25,-43.22,-2.11,29,1
P006,HRTF_A,5,1.264,-44.36,-2.18,29,1
P006,HRTF_A,5,1.277,-45.51,-2.19,29,1
P006,HRTF_A,6,0.014,-3.28,-1.39,5,1
P006,HRTF_A,6,0.028,-3.41,-1.42,5,1
P006,HRTF_A,6,0.042,-3.53,-1.43,5,1
P006,HRTF_A,6,0.056,-3.64,-1.44,5,1
P006,HRTF_A,6,0.069,-3.73,-1.41,5,1
P006,HRTF_A,6,0.083,-3.81,-1.38,5,1
P006,HRTF_A,6,0.097,-3.89,-1.36,5,1
P006,HRTF_A,6,0.111,-3.97,-1.35,5,1
P006,HRTF_A,6,0.125,-4.05,-1.37,5,1
P006,HRTF_A,6,0.139,-4.14,-1.4,5,1
P006,HRTF_A,6,0.153,-4.22,-1.41,5,1
P006,HRTF_A,6,0.167,-4.31,-1.41,5,1
P006,HRTF_A,6,0.181,-4.4,-1.43,5,1
P006,HRTF_A,6,0.194,-4.49,-1.48,5,1
P006,HRTF_A,6,0.208,-4.58,-1.51,5,1
P006,HRTF_A,6,0.222,-4.67,-1.54,5,1
P006,HRTF_A,6,0.236,-4.76,-1.58,5,1
P006,HRTF_A,6,0.25,-4.82,-1.6,5,1
P006,HRTF_A,6,0.264,-4.91,-1.64,5,1
P006,HRTF_A,6,0.278,-4.98,-1.67,5,1
P006,HRTF_A,6,0.292,-5.06,-1.71,5,1
P006,HRTF_A,6,0.306,-5.12,-1.76,5,1
P006,HRTF_A,6,0.32,-5.16,-1.84,5,1
P006,HRTF_A,6,0.333,-5.18,-1.93,5,1
P006,HRTF_A,6,0.347,-5.15,-2.02,5,1
P006,HRTF_A,6,0.361,-5.14,-2.1,5,1
P006,HRTF_A,6,0.375,-5.11,-2.15,5,1
P006,HRTF_A,6,0.389,-5.07,-2.17,5,1
P006,HRTF_A,6,0.403,-5.01,-2.22,5,1
P006,HRTF_A,6,0.417,-4.9,-2.26,5,1
P006,HRTF_A,6,0.431,-4.74,-2.33,5,1
P006,HRTF_A,6,0.444,-4.55,-2.35,5,1
P006,HRTF_A,6,0.458,-4.35,-2.38,5,1
P006,HRTF_A,6,0.472,-4.12,-2.4,5,1
P006,HRTF_A,6,0.486,-3.89,-2.42,5,1
P006,HRTF_A,6,0.5,-3.66,-2.46,5,1
P006,HRTF_A,6,0.514,-3.39,-2.52,5,1
P006,HRTF_A,6,0.528,-3.13,-2.57,5,1
P006,HRTF_A,6,0.542,-2.85,-2.62,5,1
P006,HRTF_A,6,0.555,-2.57,-2.64,5,1
P006,HRTF_A,6,0.569,-2.29,-2.65,5,1
P006,HRTF_A,6,0.583,-2.02,-2.62,5,1
P006,HRTF_A,6,0.597,-1.77,-2.58,5,1
P006,HRTF_A,6,0.611,-1.51,-2.52,5,1
P006,HRTF_A,6,0.625,-1.24,-2.48,5,1
P006,HRTF_A,6,0.639,-1.01,-2.47,5,1
P006,HRTF_A,6,0.653,-0.78,-2.49,5,1
P006,HRTF_A,6,0.667,-0.56,-2.51,5,1
P006,HRTF_A,6,0.681,-0.34,-2.51,5,1
P006,HRTF_A,6,0.694,-0.13,-2.52,5,1
P006,HRTF_A,6,0.708,0.08,-2.52,5,1
P006,HRTF_A,6,0.722,0.29,-2.52,5,1
P006,HRTF_A,6,0.736,0.47,-2.54,5,1
P006,HRTF_A,6,0.75,0.63,-2.53,5,1
P006,HRTF_A,6,0.764,0.77,-2.52,5,1
P006,HRTF_A,6,0.778,0.86,-2.48,5,1
P006,HRTF_A,6,0.792,0.96,-2.46,5,1
P006,HRTF_A,6,0.805,1.04,-2.42,5,1
P006,HRTF_A,6,0.82,1.12,-2.41,5,1
P006,HRTF_A,6,0.833,1.19,-2.43,5,1
P006,HRTF_A,6,0.847,1.23,-2.45,5,1
P006,HRTF_A,6,0.861,1.25,-2.45,5,1
P006,HRTF_A,6,0.875,1.28,-2.45,5,1
P006,HRTF_A,6,0.889,1.31,-2.45,5,1
P006,HRTF_A,6,0.903,1.36,-2.44,5,1
P006,HRTF_A,6,0.917,1.38,-2.45,5,1
P006,HRTF_A,6,0.931,1.43,-2.46,5,1
P006,HRTF_A,6,0.945,1.5,-2.47,5,1
P006,HRTF_A,6,0.958,1.62,-2.5,5,1
P006,HRTF_A,6,0.972,1.82,-2.53,5,1
P006,HRTF_A,6,0.986,2.13,-2.53,5,1
P006,HRTF_A,6,1.0,2.51,-2.53,5,1
P006,HRTF_A,6,1.014,2.98,-2.51,5,1
P006,HRTF_A,6,1.028,3.53,-2.48,5,1
P006,HRTF_A,6,1.041,4.15,-2.43,5,1
P006,HRTF_A,6,1.055,4.9,-2.45,5,1
P006,HRTF_A,6,1.069,5.86,-2.5,5,1
P006,HRTF_A,6,1.083,6.98,-2.48,5,1
P006,HRTF_A,6,1.097,8.35,-2.54,5,1
P006,HRTF_A,6,1.111,9.86,-2.56,5,1
P006,HRTF_A,6,1.125,11.5,-2.51,5,1
P006,HRTF_A,6,1.138,13.26,-2.37,5,1
P006,HRTF_A,6,1.152,15.01,-2.18,5,1
P006,HRTF_A,6,1.166,16.81,-2.02,5,1
P006,HRTF_A,6,1.18,18.77,-1.86,5,1
P006,HRTF_A,6,1.194,20.81,-1.74,5,1
P006,HRTF_A,6,1.208,22.94,-1.64,5,1
P006,HRTF_A,6,1.222,25.08,-1.54,5,1
P006,HRTF_A,6,1.236,27.2,-1.43,5,1
P006,HRTF_A,6,1.25,29.35,-1.34,5,1
P006,HRTF_A,6,1.263,31.5,-1.3,5,1
P006,HRTF_A,6,1.277,33.69,-1.26,5,1
P006,HRTF_A,6,1.291,35.91,-1.22,5,1
P006,HRTF_A,6,1.305,38.14,-1.23,5,1
P006,HRTF_A,6,1.319,40.35,-1.26,5,1
P006,HRTF_A,6,1.333,42.54,-1.28,5,1
P006,HRTF_A,6,1.347,44.81,-1.35,5,1
P006,HRTF_A,7,0.014,-1.34,-3.15,28,1
P006,HRTF_A,7,0.028,-1.37,-3.11,28,1
P006,HRTF_A,7,0.042,-1.39,-3.07,28,1
P006,HRTF_A,7,0.056,-1.41,-3.02,28,1
P006,HRTF_A,7,0.07,-1.45,-2.98,28,1
P006,HRTF_A,7,0.083,-1.49,-2.93,28,1
P006,HRTF_A,7,0.097,-1.54,-2.89,28,1
P006,HRTF_A,7,0.111,-1.57,-2.85,28,1
P006,HRTF_A,7,0.125,-1.6,-2.85,28,1
P006,HRTF_A,7,0.139,-1.62,-2.84,28,1
P006,HRTF_A,7,0.153,-1.63,-2.86,28,1
P006,HRTF_A,7,0.167,-1.65,-2.88,28,1
P006,HRTF_A,7,0.181,-1.65,-2.91,28,1
P006,HRTF_A,7,0.194,-1.65,-2.96,28,1
P006,HRTF_A,7,0.208,-1.64,-3.01,28,1
P006,HRTF_A,7,0.222,-1.62,-3.08,28,1
P006,HRTF_A,7,0.236,-1.59,-3.13,28,1
P006,HRTF_A,7,0.25,-1.56,-3.15,28,1
P006,HRTF_A,7,0.264,-1.54,-3.15,28,1
P006,HRTF_A,7,0.278,-1.52,-3.15,28,1
P006,HRTF_A,7,0.291,-1.49,-3.16,28,1
P006,HRTF_A,7,0.305,-1.47,-3.18,28,1
P006,HRTF_A,7,0.319,-1.44,-3.2,28,1
P006,HRTF_A,7,0.333,-1.42,-3.19,28,1
P006,HRTF_A,7,0.348,-1.43,-3.17,28,1
P006,HRTF_A,7,0.361,-1.41,-3.14,28,1
P006,HRTF_A,7,0.375,-1.4,-3.1,28,1
P006,HRTF_A,7,0.389,-1.39,-3.07,28,1
P006,HRTF_A,7,0.403,-1.38,-3.06,28,1
P006,HRTF_A,7,0.417,-1.37,-3.03,28,1
P006,HRTF_A,7,0.43,-1.36,-3.0,28,1
P006,HRTF_A,7,0.444,-1.35,-2.98,28,1
P006,HRTF_A,7,0.458,-1.34,-2.98,28,1
P006,HRTF_A,7,0.472,-1.33,-2.98,28,1
P006,HRTF_A,7,0.486,-1.31,-3.0,28,1
P006,HRTF_A,7,0.5,-1.27,-3.02,28,1
P006,HRTF_A,7,0.514,-1.23,-3.01,28,1
P006,HRTF_A,7,0.528,-1.2,-3.01,28,1
P006,HRTF_A,7,0.542,-1.17,-3.02,28,1
P006,HRTF_A,7,0.555,-1.14,-3.03,28,1
P006,HRTF_A,7,0.57,-1.12,-3.04,28,1
P006,HRTF_A,7,0.583,-1.09,-3.05,28,1
P006,HRTF_A,7,0.597,-1.06,-3.07,28,1
P006,HRTF_A,7,0.611,-1.03,-3.06,28,1
P006,HRTF_A,7,0.625,-1.02,-3.06,28,1
P006,HRTF_A,7,0.639,-1.01,-3.04,28,1
P006,HRTF_A,7,0.653,-1.01,-3.02,28,1
P006,HRTF_A,7,0.666,-1.01,-2.99,28,1
P006,HRTF_A,7,0.68,-1.02,-2.96,28,1
P006,HRTF_A,7,0.694,-1.03,-2.94,28,1
P006,HRTF_A,7,0.708,-1.05,-2.91,28,1
P006,HRTF_A,7,0.722,-1.09,-2.88,28,1
P006,HRTF_A,7,0.736,-1.13,-2.87,28,1
P006,HRTF_A,7,0.75,-1.17,-2.89,28,1
P006,HRTF_A,7,0.764,-1.22,-2.92,28,1
P006,HRTF_A,7,0.778,-1.26,-2.96,28,1
P006,HRTF_A,7,0.791,-1.3,-3.0,28,1
P006,HRTF_A,7,0.805,-1.35,-3.01,28,1
P006,HRTF_A,7,0.819,-1.39,-3.02,28,1
P006,HRTF_A,7,0.833,-1.44,-3.01,28,1
P006,HRTF_A,7,0.847,-1.49,-3.0,28,1
P006,HRTF_A,7,0.861,-1.54,-2.99,28,1
P006,HRTF_A,7,0.875,-1.57,-2.98,28,1
P006,HRTF_A,7,0.889,-1.6,-2.98,28,1
P006,HRTF_A,7,0.903,-1.62,-2.99,28,1
P006,HRTF_A,7,0.916,-1.66,-3.01,28,1
P006,HRTF_A,7,0.93,-1.69,-3.03,28,1
P006,HRTF_A,7,0.944,-1.69,-3.04,28,1
P006,HRTF_A,7,0.958,-1.69,-3.03,28,1
P006,HRTF_A,7,0.972,-1.73,-3.01,28,1
P006,HRTF_A,7,0.986,-1.76,-2.96,28,1
P006,HRTF_A,7,1.0,-1.83,-2.92,28,1
P006,HRTF_A,7,1.014,-1.92,-2.89,28,1
P006,HRTF_A,7,1.028,-2.04,-2.89,28,1
P006,HRTF_A,7,1.041,-2.29,-2.96,28,1
P006,HRTF_A,7,1.056,-2.7,-3.06,28,1
P006,HRTF_A,7,1.069,-3.25,-3.18,28,1
P006,HRTF_A,7,1.083,-3.97,-3.27,28,1
P006,HRTF_A,7,1.097,-4.68,-3.29,28,1
P006,HRTF_A,7,1.111,-5.43,-3.32,28,1
P006,HRTF_A,7,1.125,-6.25,-3.33,28,1
P006,HRTF_A,7,1.139,-7.2,-3.37,28,1
P006,HRTF_A,7,1.152,-8.34,-3.47,28,1
P006,HRTF_A,7,1.166,-9.48,-3.51,28,1
P006,HRTF_A,7,1.18,-10.81,-3.58,28,1
P006,HRTF_A,7,1.194,-12.12,-3.63,28,1
P006,HRTF_A,7,1.208,-13.61,-3.65,28,1
P006,HRTF_A,7,1.222,-15.19,-3.66,28,1
P006,HRTF_A,7,1.236,-16.81,-3.68,28,1
P006,HRTF_A,7,1.25,-18.65,-3.69,28,1
P006,HRTF_A,7,1.264,-20.48,-3.83,28,1
P006,HRTF_A,7,1.278,-22.31,-3.97,28,1
P006,HRTF_A,7,1.291,-24.24,-4.23,28,1
P006,HRTF_A,7,1.305,-26.18,-4.45,28,1
P006,HRTF_A,7,1.319,-28.24,-4.59,28,1
P006,HRTF_A,7,1.333,-30.28,-4.7,28,1
P006,HRTF_A,7,1.347,-32.33,-4.78,28,1
P006,HRTF_A,7,1.361,-34.36,-4.85,28,1
P006,HRTF_A,7,1.374,-36.4,-4.92,28,1
P006,HRTF_A,7,1.389,-38.52,-5.07,28,1
P006,HRTF_A,7,1.402,-40.65,-5.18,28,1
P006,HRTF_A,7,1.416,-42.72,-5.24,28,1
P006,HRTF_A,7,1.43,-44.73,-5.35,28,1
P006,HRTF_A,8,0.014,-3.16,-0.62,12,1
P006,HRTF_A,8,0.028,-3.33,-0.72,12,1
P006,HRTF_A,8,0.042,-3.46,-0.77,12,1
P006,HRTF_A,8,0.056,-3.57,-0.84,12,1
P006,HRTF_A,8,0.069,-3.67,-0.87,12,1
P006,HRTF_A,8,0.083,-3.75,-0.87,12,1
P006,HRTF_A,8,0.097,-3.83,-0.88,12,1
P006,HRTF_A,8,0.111,-3.87,-0.91,12,1
P006,HRTF_A,8,0.125,-3.92,-0.93,12,1
P006,HRTF_A,8,0.139,-3.96,-0.92,12,1
P006,HRTF_A,8,0.153,-4.02,-0.93,12,1
P006,HRTF_A,8,0.167,-4.06,-0.93,12,1
P006,HRTF_A,8,0.18,-4.12,-0.95,12,1
P006,HRTF_A,8,0.194,-4.18,-0.94,12,1
P006,HRTF_A,8,0.208,-4.24,-0.93,12,1
P006,HRTF_A,8,0.222,-4.28,-0.91,12,1
P006,HRTF_A,8,0.236,-4.34,-0.94,12,1
P006,HRTF_A,8,0.25,-4.39,-1.0,12,1
P006,HRTF_A,8,0.264,-4.42,-1.05,12,1
P006,HRTF_A,8,0.277,-4.44,-1.09,12,1
P006,HRTF_A,8,0.291,-4.46,-1.13,12,1
P006,HRTF_A,8,0.305,-4.44,-1.11,12,1
P006,HRTF_A,8,0.319,-4.43,-1.11,12,1
P006,HRTF_A,8,0.333,-4.39,-1.12,12,1
P006,HRTF_A,8,0.347,-4.35,-1.12,12,1
P006,HRTF_A,8,0.361,-4.27,-1.09,12,1
P006,HRTF_A,8,0.375,-4.19,-1.07,12,1
P006,HRTF_A,8,0.389,-4.06,-1.05,12,1
P006,HRTF_A,8,0.403,-3.94,-1.04,12,1
P006,HRTF_A,8,0.416,-3.82,-1.01,12,1
P006,HRTF_A,8,0.431,-3.69,-0.97,12,1
P006,HRTF_A,8,0.444,-3.56,-0.96,12,1
P006,HRTF_A,8,0.458,-3.43,-0.96,12,1
P006,HRTF_A,8,0.472,-3.32,-0.94,12,1
P006,HRTF_A,8,0.486,-3.2,-0.93,12,1
P006,HRTF_A,8,0.5,-3.05,-0.9,12,1
P006,HRTF_A,8,0.514,-2.92,-0.86,12,1
P006,HRTF_A,8,0.528,-2.77,-0.83,12,1
P006,HRTF_A,8,0.541,-2.62,-0.8,12,1
P006,HRTF_A,8,0.555,-2.52,-0.79,12,1
P006,HRTF_A,8,0.569,-2.41,-0.79,12,1
P006,HRTF_A,8,0.583,-2.29,-0.78,12,1
P006,HRTF_A,8,0.597,-2.17,-0.75,12,1
P006,HRTF_A,8,0.611,-2.05,-0.72,12,1
P006,HRTF_A,8,0.625,-1.94,-0.69,12,1
P006,HRTF_A,8,0.639,-1.84,-0.67,12,1
P006,HRTF_A,8,0.653,-1.75,-0.67,12,1
P006,HRTF_A,8,0.667,-1.65,-0.65,12,1
P006,HRTF_A,8,0.68,-1.54,-0.63,12,1
P006,HRTF_A,8,0.694,-1.45,-0.61,12,1
P006,HRTF_A,8,0.708,-1.36,-0.61,12,1
P006,HRTF_A,8,0.722,-1.26,-0.6,12,1
P006,HRTF_A,8,0.736,-1.16,-0.59,12,1
P006,HRTF_A,8,0.75,-1.06,-0.57,12,1
P006,HRTF_A,8,0.764,-0.94,-0.55,12,1
P006,HRTF_A,8,0.777,-0.82,-0.55,12,1
P006,HRTF_A,8,0.791,-0.71,-0.55,12,1
P006,HRTF_A,8,0.805,-0.6,-0.56,12,1
P006,HRTF_A,8,0.819,-0.48,-0.57,12,1
P006,HRTF_A,8,0.833,-0.37,-0.59,12,1
P006,HRTF_A,8,0.847,-0.27,-0.58,12,1
P006,HRTF_A,8,0.861,-0.16,-0.56,12,1
P006,HRTF_A,8,0.875,-0.06,-0.52,12,1
P006,HRTF_A,8,0.889,0.08,-0.48,12,1
P006,HRTF_A,8,0.903,0.23,-0.47,12,1
P006,HRTF_A,8,0.916,0.4,-0.48,12,1
P006,HRTF_A,8,0.93,0.59,-0.48,12,1
P006,HRTF_A,8,0.944,0.81,-0.5,12,1
P006,HRTF_A,8,0.958,1.09,-0.49,12,1
P006,HRTF_A,8,0.972,1.51,-0.51,12,1
P006,HRTF_A,8,0.986,2.02,-0.52,12,1
P006,HRTF_A,8,1.0,2.62,-0.5,12,1
P006,HRTF_A,8,1.014,3.2,-0.5,12,1
P006,HRTF_A,8,1.028,3.88,-0.53,12,1
P006,HRTF_A,8,1.041,4.64,-0.53,12,1
P006,HRTF_A,8,1.055,5.44,-0.6,12,1
P006,HRTF_A,8,1.069,6.31,-0.65,12,1
P006,HRTF_A,8,1.083,7.23,-0.6,12,1
P006,HRTF_A,8,1.097,8.13,-0.56,12,1
P006,HRTF_A,8,1.111,9.07,-0.48,12,1
P006,HRTF_A,8,1.125,9.99,-0.38,12,1
P006,HRTF_A,8,1.139,10.97,-0.29,12,1
P006,HRTF_A,8,1.153,12.09,-0.2,12,1
P006,HRTF_A,8,1.166,13.29,-0.1,12,1
P006,HRTF_A,8,1.18,14.49,-0.03,12,1
P006,HRTF_A,8,1.194,15.72,0.01,12,1
P006,HRTF_A,8,1.208,16.93,0.09,12,1
P006,HRTF_A,8,1.222,18.24,0.25,12,1
P006,HRTF_A,8,1.236,19.63,0.39,12,1
P006,HRTF_A,8,1.25,21.07,0.46,12,1
P006,HRTF_A,8,1.264,22.52,0.49,12,1
P006,HRTF_A,8,1.277,23.97,0.58,12,1
P006,HRTF_A,8,1.291,25.44,0.65,12,1
P006,HRTF_A,8,1.305,26.97,0.77,12,1
P006,HRTF_A,8,1.319,28.61,0.85,12,1
P006,HRTF_A,8,1.333,30.4,1.01,12,1
P006,HRTF_A,8,1.347,32.13,1.15,12,1
P006,HRTF_A,8,1.361,33.9,1.2,12,1
P006,HRTF_A,8,1.375,35.73,1.16,12,1
P006,HRTF_A,8,1.389,37.64,1.09,12,1
P006,HRTF_A,8,1.402,39.69,0.91,12,1
P006,HRTF_A,8,1.416,41.78,0.66,12,1
P006,HRTF_A,8,1.43,43.91,0.37,12,1
P006,HRTF_A,8,1.444,46.07,0.09,12,1
P006,HRTF_A,8,1.458,48.18,-0.18,12,1
P006,HRTF_A,8,1.472,50.38,-0.43,12,1
P006,HRTF_A,8,1.486,52.57,-0.67,12,1
P006,HRTF_A,8,1.5,54.78,-0.86,12,1
P006,HRTF_A,8,1.514,56.92,-0.98,12,1
P006,HRTF_A,8,1.528,58.98,-1.07,12,1
P006,HRTF_A,8,1.541,60.92,-1.09,12,1
P006,HRTF_A,8,1.555,62.85,-1.07,12,1
P006,HRTF_A,8,1.569,64.68,-0.96,12,1
P006,HRTF_A,8,1.583,66.5,-0.91,12,1
P006,HRTF_A,8,1.597,68.18,-0.74,12,1
P006,HRTF_A,8,1.611,69.8,-0.56,12,1
P006,HRTF_A,8,1.625,71.24,-0.3,12,1
P006,HRTF_A,8,1.639,72.68,-0.05,12,1
P006,HRTF_A,8,1.652,73.94,0.17,12,1
P006,HRTF_A,8,1.666,75.24,0.37,12,1
P006,HRTF_A,8,1.68,76.48,0.61,12,1
P006,HRTF_A,8,1.694,77.66,0.79,12,1
P006,HRTF_A,8,1.708,78.85,0.89,12,1
P006,HRTF_A,8,1.722,80.07,0.97,12,1
P006,HRTF_A,8,1.736,81.27,0.99,12,1
P006,HRTF_A,8,1.75,82.45,1.02,12,1
P006,HRTF_A,8,1.763,83.58,1.09,12,1
P006,HRTF_A,8,1.777,84.59,1.19,12,1
P006,HRTF_A,8,1.791,85.52,1.26,12,1
P006,HRTF_A,8,1.805,86.55,1.26,12,1
P006,HRTF_A,8,1.819,87.57,1.26,12,1
P006,HRTF_A,8,1.833,88.64,1.19,12,1
P006,HRTF_A,8,1.847,89.69,1.2,12,1
P006,HRTF_A,8,1.861,90.68,1.19,12,1
P006,HRTF_A,8,1.875,91.68,1.19,12,1
P006,HRTF_A,8,1.888,92.75,1.14,12,1
P006,HRTF_A,8,1.902,93.93,1.04,12,1
P006,HRTF_A,8,1.916,95.1,0.95,12,1
P006,HRTF_A,8,1.93,96.36,0.85,12,1
P006,HRTF_A,8,1.944,97.6,0.8,12,1
P006,HRTF_A,8,1.958,98.89,0.71,12,1
P006,HRTF_A,8,1.972,100.23,0.5,12,1
P006,HRTF_A,8,1.986,101.67,0.2,12,1
P006,HRTF_A,8,2.0,103.13,-0.13,12,1
P006,HRTF_A,8,2.014,104.52,-0.49,12,1
P006,HRTF_A,8,2.028,105.84,-0.72,12,1
P006,HRTF_A,8,2.041,107.1,-1.0,12,1
P006,HRTF_A,8,2.055,108.38,-1.24,12,1
P006,HRTF_A,8,2.069,109.71,-1.51,12,1
P006,HRTF_A,8,2.083,111.01,-1.73,12,1
P006,HRTF_A,8,2.097,112.28,-1.94,12,1
P006,HRTF_A,8,2.111,113.44,-2.12,12,1
P006,HRTF_A,8,2.125,114.56,-2.2,12,1
P006,HRTF_A,8,2.138,115.62,-2.31,12,1
P006,HRTF_A,8,2.153,116.62,-2.34,12,1
P006,HRTF_A,8,2.166,117.65,-2.47,12,1
P006,HRTF_A,8,2.18,118.64,-2.59,12,1
P006,HRTF_A,8,2.194,119.62,-2.75,12,1
P006,HRTF_A,8,2.208,120.53,-2.83,12,1
P006,HRTF_A,8,2.222,121.44,-2.94,12,1
P006,HRTF_A,8,2.236,122.46,-3.12,12,1
P006,HRTF_A,8,2.25,123.44,-3.32,12,1
P006,HRTF_A,8,2.264,124.41,-3.56,12,1
P006,HRTF_A,8,2.277,125.33,-3.79,12,1
P006,HRTF_A,8,2.291,126.19,-4.01,12,1
P006,HRTF_A,8,2.305,127.01,-4.22,12,1
P006,HRTF_A,8,2.319,127.72,-4.43,12,1
P006,HRTF_A,8,2.333,128.4,-4.64,12,1
P006,HRTF_A,8,2.347,129.11,-4.91,12,1
P006,HRTF_A,8,2.361,129.8,-5.15,12,1
P006,HRTF_A,8,2.375,130.57,-5.43,12,1
P006,HRTF_A,8,2.388,131.33,-5.66,12,1
P006,HRTF_A,8,2.402,132.11,-5.83,12,1
P006,HRTF_A,8,2.416,132.92,-5.93,12,1
P006,HRTF_A,8,2.43,133.7,-5.91,12,1
P006,HRTF_A,9,0.014,-1.22,1.54,31,1
P006,HRTF_A,9,0.028,-1.22,1.52,31,1
P006,HRTF_A,9,0.041,-1.22,1.51,31,1
P006,HRTF_A,9,0.056,-1.22,1.49,31,1
P006,HRTF_A,9,0.07,-1.21,1.47,31,1
P006,HRTF_A,9,0.083,-1.19,1.44,31,1
P006,HRTF_A,9,0.097,-1.17,1.41,31,1
P006,HRTF_A,9,0.111,-1.16,1.39,31,1
P006,HRTF_A,9,0.125,-1.14,1.37,31,1
P006,HRTF_A,9,0.139,-1.13,1.37,31,1
P006,HRTF_A,9,0.153,-1.11,1.36,31,1
P006,HRTF_A,9,0.167,-1.09,1.34,31,1
P006,HRTF_A,9,0.18,-1.09,1.34,31,1
P006,HRTF_A,9,0.194,-1.08,1.31,31,1
P006,HRTF_A,9,0.208,-1.1,1.29,31,1
P006,HRTF_A,9,0.222,-1.1,1.28,31,1
P006,HRTF_A,9,0.236,-1.11,1.26,31,1
P006,HRTF_A,9,0.25,-1.12,1.23,31,1
P006,HRTF_A,9,0.264,-1.12,1.21,31,1
P006,HRTF_A,9,0.277,-1.13,1.19,31,1
P006,HRTF_A,9,0.291,-1.12,1.17,31,1
P006,HRTF_A,9,0.305,-1.12,1.16,31,1
P006,HRTF_A,9,0.319,-1.12,1.15,31,1
P006,HRTF_A,9,0.333,-1.11,1.14,31,1
P006,HRTF_A,9,0.347,-1.09,1.14,31,1
P006,HRTF_A,9,0.361,-1.07,1.13,31,1
P006,HRTF_A,9,0.375,-1.05,1.15,31,1
P006,HRTF_A,9,0.389,-1.03,1.15,31,1
P006,HRTF_A,9,0.403,-1.0,1.13,31,1
P006,HRTF_A,9,0.416,-1.0,1.1,31,1
P006,HRTF_A,9,0.43,-0.97,1.09,31,1
P006,HRTF_A,9,0.444,-0.93,1.09,31,1
P006,HRTF_A,9,0.458,-0.88,1.1,31,1
P006,HRTF_A,9,0.472,-0.83,1.09,31,1
P006,HRTF_A,9,0.486,-0.79,1.08,31,1
P006,HRTF_A,9,0.5,-0.75,1.07,31,1
P006,HRTF_A,9,0.514,-0.71,1.07,31,1
P006,HRTF_A,9,0.528,-0.67,1.07,31,1
P006,HRTF_A,9,0.541,-0.62,1.06,31,1
P006,HRTF_A,9,0.555,-0.57,1.06,31,1
P006,HRTF_A,9,0.569,-0.51,1.04,31,1
P006,HRTF_A,9,0.583,-0.47,1.03,31,1
P006,HRTF_A,9,0.597,-0.43,1.04,31,1
P006,HRTF_A,9,0.611,-0.37,1.03,31,1
P006,HRTF_A,9,0.625,-0.32,1.02,31,1
P006,HRTF_A,9,0.639,-0.26,1.03,31,1
P006,HRTF_A,9,0.653,-0.21,1.05,31,1
P006,HRTF_A,9,0.666,-0.18,1.06,31,1
P006,HRTF_A,9,0.68,-0.14,1.07,31,1
P006,HRTF_A,9,0.694,-0.12,1.08,31,1
P006,HRTF_A,9,0.708,-0.1,1.06,31,1
P006,HRTF_A,9,0.722,-0.1,1.07,31,1
P006,HRTF_A,9,0.736,-0.09,1.06,31,1
P006,HRTF_A,9,0.75,-0.09,1.04,31,1
P006,HRTF_A,9,0.764,-0.1,1.04,31,1
P006,HRTF_A,9,0.778,-0.11,1.05,31,1
P006,HRTF_A,9,0.791,-0.13,1.04,31,1
P006,HRTF_A,9,0.805,-0.16,1.04,31,1
P006,HRTF_A,9,0.819,-0.2,1.02,31,1
P006,HRTF_A,9,0.833,-0.23,1.01,31,1
P006,HRTF_A,9,0.847,-0.3,1.0,31,1
P006,HRTF_A,9,0.861,-0.35,0.98,31,1
P006,HRTF_A,9,0.875,-0.41,0.99,31,1
P006,HRTF_A,9,0.889,-0.47,1.0,31,1
P006,HRTF_A,9,0.903,-0.52,1.0,31,1
P006,HRTF_A,9,0.916,-0.58,1.03,31,1
P006,HRTF_A,9,0.93,-0.64,1.03,31,1
P006,HRTF_A,9,0.944,-0.72,1.05,31,1
P006,HRTF_A,9,0.958,-0.85,1.05,31,1
P006,HRTF_A,9,0.972,-1.04,1.04,31,1
P006,HRTF_A,9,0.986,-1.26,1.02,31,1
P006,HRTF_A,9,1.0,-1.58,0.97,31,1
P006,HRTF_A,9,1.014,-1.94,0.95,31,1
P006,HRTF_A,9,1.027,-2.35,0.94,31,1
P006,HRTF_A,9,1.042,-2.82,0.9,31,1
P006,HRTF_A,9,1.055,-3.3,0.88,31,1
P006,HRTF_A,9,1.069,-3.84,0.89,31,1
P006,HRTF_A,9,1.083,-4.41,0.88,31,1
P006,HRTF_A,9,1.097,-4.97,0.93,31,1
P006,HRTF_A,9,1.111,-5.51,0.97,31,1
P006,HRTF_A,9,1.125,-6.1,1.06,31,1
P006,HRTF_A,9,1.138,-6.74,1.18,31,1
P006,HRTF_A,9,1.153,-7.39,1.21,31,1
P006,HRTF_A,9,1.166,-8.13,1.15,31,1
P006,HRTF_A,9,1.18,-8.95,1.06,31,1
P006,HRTF_A,9,1.194,-9.82,0.95,31,1
P006,HRTF_A,9,1.208,-10.75,0.91,31,1
P006,HRTF_A,9,1.222,-11.78,0.84,31,1
P006,HRTF_A,9,1.236,-12.8,0.75,31,1
P006,HRTF_A,9,1.25,-13.92,0.59,31,1
P006,HRTF_A,9,1.264,-15.12,0.47,31,1
P006,HRTF_A,9,1.278,-16.34,0.33,31,1
P006,HRTF_A,9,1.291,-17.68,0.23,31,1
P006,HRTF_A,9,1.305,-19.1,0.22,31,1
P006,HRTF_A,9,1.319,-20.66,0.1,31,1
P006,HRTF_A,9,1.333,-22.34,0.03,31,1
P006,HRTF_A,9,1.347,-24.03,-0.03,31,1
P006,HRTF_A,9,1.361,-25.68,-0.09,31,1
P006,HRTF_A,9,1.375,-27.36,-0.11,31,1
P006,HRTF_A,9,1.388,-29.06,-0.16,31,1
P006,HRTF_A,9,1.403,-30.72,-0.15,31,1
P006,HRTF_A,9,1.416,-32.38,-0.14,31,1
P006,HRTF_A,9,1.431,-34.03,-0.15,31,1
P006,HRTF_A,9,1.444,-35.7,-0.15,31,1
P006,HRTF_A,9,1.458,-37.45,-0.23,31,1
P006,HRTF_A,9,1.472,-39.2,-0.32,31,1
P006,HRTF_A,9,1.486,-40.97,-0.41,31,1
P006,HRTF_A,9,1.5,-42.7,-0.47,31,1
P006,HRTF_A,9,1.514,-44.42,-0.47,31,1
P006,HRTF_A,10,0.014,2.65,-1.21,21,1
P006,HRTF_A,10,0.028,2.66,-1.22,21,1
P006,HRTF_A,10,0.042,2.65,-1.23,21,1
P006,HRTF_A,10,0.056,2.64,-1.23,21,1
P006,HRTF_A,10,0.07,2.63,-1.23,21,1
P006,HRTF_A,10,0.084,2.6,-1.2,21,1
P006,HRTF_A,10,0.097,2.57,-1.17,21,1
P006,HRTF_A,10,0.111,2.54,-1.16,21,1
P006,HRTF_A,10,0.125,2.52,-1.19,21,1
P006,HRTF_A,10,0.139,2.49,-1.19,21,1
P006,HRTF_A,10,0.153,2.47,-1.19,21,1
P006,HRTF_A,10,0.167,2.45,-1.22,21,1
P006,HRTF_A,10,0.181,2.42,-1.24,21,1
P006,HRTF_A,10,0.194,2.39,-1.26,21,1
P006,HRTF_A,10,0.208,2.36,-1.26,21,1
P006,HRTF_A,10,0.222,2.33,-1.28,21,1
P006,HRTF_A,10,0.236,2.32,-1.28,21,1
P006,HRTF_A,10,0.25,2.28,-1.29,21,1
P006,HRTF_A,10,0.264,2.24,-1.3,21,1
P006,HRTF_A,10,0.278,2.21,-1.3,21,1
P006,HRTF_A,10,0.292,2.16,-1.32,21,1
P006,HRTF_A,10,0.306,2.12,-1.3,21,1
P006,HRTF_A,10,0.319,2.07,-1.3,21,1
P006,HRTF_A,10,0.334,2.02,-1.31,21,1
P006,HRTF_A,10,0.347,1.97,-1.33,21,1
P006,HRTF_A,10,0.361,1.94,-1.37,21,1
P006,HRTF_A,10,0.375,1.9,-1.37,21,1
P006,HRTF_A,10,0.389,1.86,-1.38,21,1
P006,HRTF_A,10,0.403,1.83,-1.38,21,1
P006,HRTF_A,10,0.417,1.78,-1.36,21,1
P006,HRTF_A,10,0.431,1.75,-1.36,21,1
P006,HRTF_A,10,0.445,1.71,-1.36,21,1
P006,HRTF_A,10,0.458,1.69,-1.37,21,1
P006,HRTF_A,10,0.472,1.67,-1.39,21,1
P006,HRTF_A,10,0.486,1.66,-1.41,21,1
P006,HRTF_A,10,0.5,1.63,-1.42,21,1
P006,HRTF_A,10,0.514,1.62,-1.43,21,1
P006,HRTF_A,10,0.528,1.59,-1.45,21,1
P006,HRTF_A,10,0.542,1.56,-1.44,21,1
P006,HRTF_A,10,0.556,1.54,-1.45,21,1
P006,HRTF_A,10,0.569,1.5,-1.46,21,1
P006,HRTF_A,10,0.583,1.49,-1.45,21,1
P006,HRTF_A,10,0.597,1.46,-1.45,21,1
P006,HRTF_A,10,0.611,1.44,-1.43,21,1
P006,HRTF_A,10,0.625,1.43,-1.42,21,1
P006,HRTF_A,10,0.639,1.41,-1.4,21,1
P006,HRTF_A,10,0.653,1.39,-1.4,21,1
P006,HRTF_A,10,0.667,1.38,-1.41,21,1
P006,HRTF_A,10,0.68,1.36,-1.41,21,1
P006,HRTF_A,10,0.694,1.36,-1.4,21,1
P006,HRTF_A,10,0.708,1.34,-1.39,21,1
P006,HRTF_A,10,0.722,1.33,-1.36,21,1
P006,HRTF_A,10,0.736,1.31,-1.33,21,1
P006,HRTF_A,10,0.75,1.31,-1.3,21,1
P006,HRTF_A,10,0.764,1.28,-1.3,21,1
P006,HRTF_A,10,0.778,1.27,-1.29,21,1
P006,HRTF_A,10,0.792,1.25,-1.28,21,1
P006,HRTF_A,10,0.806,1.25,-1.29,21,1
P006,HRTF_A,10,0.819,1.26,-1.26,21,1
P006,HRTF_A,10,0.833,1.27,-1.24,21,1
P006,HRTF_A,10,0.847,1.27,-1.23,21,1
P006,HRTF_A,10,0.861,1.28,-1.22,21,1
P006,HRTF_A,10,0.875,1.28,-1.2,21,1
P006,HRTF_A,10,0.889,1.28,-1.2,21,1
P006,HRTF_A,10,0.903,1.28,-1.21,21,1
P006,HRTF_A,10,0.917,1.27,-1.23,21,1
P006,HRTF_A,10,0.931,1.28,-1.25,21,1
P006,HRTF_A,10,0.944,1.28,-1.26,21,1
P006,HRTF_A,10,0.958,1.27,-1.26,21,1
P006,HRTF_A,10,0.972,1.25,-1.25,21,1
P006,HRTF_A,10,0.986,1.23,-1.21,21,1
P006,HRTF_A,10,1.0,1.19,-1.17,21,1
P006,HRTF_A,10,1.014,1.13,-1.16,21,1
P006,HRTF_A,10,1.028,1.03,-1.13,21,1
P006,HRTF_A,10,1.042,0.93,-1.13,21,1
P006,HRTF_A,10,1.056,0.79,-1.11,21,1
P006,HRTF_A,10,1.069,0.63,-1.12,21,1
P006,HRTF_A,10,1.084,0.38,-1.11,21,1
P006,HRTF_A,10,1.097,0.14,-1.11,21,1
P006,HRTF_A,10,1.111,-0.17,-1.13,21,1
P006,HRTF_A,10,1.125,-0.53,-1.14,21,1
P006,HRTF_A,10,1.139,-0.94,-1.14,21,1
P006,HRTF_A,10,1.153,-1.42,-1.15,21,1
P006,HRTF_A,10,1.166,-1.96,-1.19,21,1
P006,HRTF_A,10,1.18,-2.6,-1.19,21,1
P006,HRTF_A,10,1.194,-3.34,-1.19,21,1
P006,HRTF_A,10,1.208,-4.1,-1.23,21,1
P006,HRTF_A,10,1.222,-4.99,-1.2,21,1
P006,HRTF_A,10,1.236,-5.88,-1.21,21,1
P006,HRTF_A,10,1.25,-6.88,-1.15,21,1
P006,HRTF_A,10,1.264,-7.9,-1.08,21,1
P006,HRTF_A,10,1.277,-9.06,-1.08,21,1
P006,HRTF_A,10,1.292,-10.32,-0.99,21,1
P006,HRTF_A,10,1.306,-11.67,-0.93,21,1
P006,HRTF_A,10,1.319,-13.0,-0.95,21,1
P006,HRTF_A,10,1.333,-14.44,-1.06,21,1
P006,HRTF_A,10,1.347,-16.04,-1.14,21,1
P006,HRTF_A,10,1.361,-17.79,-1.2,21,1
P006,HRTF_A,10,1.375,-19.62,-1.34,21,1
P006,HRTF_A,10,1.389,-21.67,-1.45,21,1
P006,HRTF_A,10,1.403,-23.7,-1.68,21,1
P006,HRTF_A,10,1.416,-25.85,-1.83,21,1
P006,HRTF_A,10,1.43,-28.01,-1.9,21,1
P006,HRTF_A,10,1.444,-30.29,-2.0,21,1
P006,HRTF_A,10,1.459,-32.53,-2.07,21,1
P006,HRTF_A,10,1.472,-34.78,-2.0,21,1
P006,HRTF_A,10,1.486,-36.92,-1.78,21,1
P006,HRTF_A,10,1.5,-39.24,-1.8,21,1
P006,HRTF_A,10,1.514,-41.44,-1.61,21,1
P006,HRTF_A,10,1.528,-43.63,-1.4,21,1
P006,HRTF_A,10,1.541,-45.71,-1.09,21,1
P006,HRTF_A,10,1.555,-47.76,-0.76,21,1
P006,HRTF_A,10,1.569,-49.77,-0.4,21,1
P006,HRTF_A,10,1.583,-51.81,-0.08,21,1
P006,HRTF_A,10,1.597,-53.79,0.22,21,1
P006,HRTF_A,10,1.611,-55.71,0.51,21,1
P006,HRTF_A,10,1.625,-57.58,0.88,21,1
P006,HRTF_A,10,1.639,-59.38,1.34,21,1
P006,HRTF_A,10,1.653,-61.15,1.65,21,1
P006,HRTF_A,10,1.667,-62.84,1.77,21,1
P006,HRTF_A,10,1.68,-64.51,1.74,21,1
P006,HRTF_A,10,1.695,-66.06,1.67,21,1
P006,HRTF_A,10,1.708,-67.58,1.66,21,1
P006,HRTF_A,10,1.722,-69.01,1.68,21,1
P006,HRTF_A,10,1.736,-70.44,1.76,21,1
P006,HRTF_A,10,1.75,-71.71,1.88,21,1
P006,HRTF_A,10,1.764,-72.91,2.14,21,1
P006,HRTF_A,10,1.777,-74.0,2.38,21,1
P006,HRTF_A,10,1.792,-75.09,2.64,21,1
P006,HRTF_A,10,1.805,-76.11,2.99,21,1
P006,HRTF_A,10,1.819,-77.13,3.44,21,1
P006,HRTF_A,10,1.833,-78.12,3.91,21,1
P006,HRTF_A,10,1.847,-79.07,4.2,21,1
P006,HRTF_A,10,1.861,-79.99,4.34,21,1
P006,HRTF_A,10,1.875,-80.94,4.45,21,1
P006,HRTF_A,10,1.889,-81.83,4.64,21,1
P006,HRTF_A,10,1.902,-82.78,4.89,21,1
P006,HRTF_A,10,1.917,-83.72,5.17,21,1
P006,HRTF_A,10,1.93,-84.65,5.43,21,1
P006,HRTF_A,10,1.944,-85.52,5.7,21,1
P006,HRTF_A,10,1.958,-86.38,5.98,21,1
P006,HRTF_A,10,1.972,-87.21,6.2,21,1
P006,HRTF_A,10,1.986,-88.08,6.51,21,1
P006,HRTF_A,10,2.0,-88.94,6.66,21,1
P006,HRTF_A,10,2.014,-89.81,6.64,21,1
P006,HRTF_A,10,2.028,-90.72,6.5,21,1
P006,HRTF_A,10,2.041,-91.62,6.35,21,1
P006,HRTF_A,10,2.055,-92.59,6.19,21,1
P006,HRTF_A,10,2.069,-93.56,6.08,21,1
P006,HRTF_A,10,2.083,-94.52,5.95,21,1
P006,HRTF_A,10,2.097,-95.58,5.77,21,1
P006,HRTF_A,10,2.111,-96.7,5.49,21,1
P006,HRTF_A,10,2.125,-97.9,5.15,21,1
P006,HRTF_A,10,2.139,-99.15,4.59,21,1
P006,HRTF_A,10,2.153,-100.43,3.86,21,1
P006,HRTF_A,10,2.166,-101.66,3.26,21,1
P006,HRTF_A,10,2.18,-102.88,2.74,21,1
P006,HRTF_A,10,2.194,-104.01,2.23,21,1
P006,HRTF_A,10,2.208,-105.1,1.66,21,1
P006,HRTF_A,10,2.222,-106.1,0.92,21,1
P006,HRTF_A,10,2.236,-107.05,0.14,21,1
P006,HRTF_A,10,2.25,-107.95,-0.54,21,1
P006,HRTF_A,10,2.264,-108.8,-1.06,21,1
P006,HRTF_A,10,2.277,-109.53,-1.47,21,1
P006,HRTF_A,10,2.291,-110.21,-1.87,21,1
P006,HRTF_A,10,2.305,-110.78,-2.31,21,1
P006,HRTF_A,10,2.319,-111.33,-2.76,21,1
P006,HRTF_A,10,2.333,-111.84,-3.19,21,1
P006,HRTF_A,10,2.347,-112.27,-3.5,21,1
P006,HRTF_A,10,2.36,-112.7,-3.63,21,1
P006,HRTF_A,10,2.374,-113.03,-3.71,21,1
P006,HRTF_A,10,2.388,-113.4,-3.73,21,1
P006,HRTF_A,10,2.402,-113.77,-3.72,21,1
P006,HRTF_A,10,2.416,-114.14,-3.67,21,1
P006,HRTF_A,10,2.43,-114.49,-3.59,21,1
P006,HRTF_A,10,2.444,-114.82,-3.52,21,1
P006,HRTF_A,10,2.458,-115.14,-3.49,21,1
P006,HRTF_A,10,2.472,-115.51,-3.38,21,1
P006,HRTF_A,10,2.486,-115.92,-3.26,21,1
P006,HRTF_A,10,2.499,-116.37,-3.14,21,1
P006,HRTF_A,10,2.513,-116.93,-2.93,21,1
P006,HRTF_A,10,2.527,-117.55,-2.75,21,1
P006,HRTF_A,10,2.541,-118.15,-2.58,21,1
P006,HRTF_A,10,2.555,-118.86,-2.53,21,1
P006,HRTF_A,10,2.569,-119.56,-2.57,21,1
P006,HRTF_A,10,2.583,-120.32,-2.59,21,1
P006,HRTF_A,10,2.597,-121.15,-2.62,21,1
P006,HRTF_A,10,2.611,-121.94,-2.56,21,1
P006,HRTF_A,10,2.624,-122.74,-2.46,21,1
P006,HRTF_A,10,2.638,-123.51,-2.34,21,1
P006,HRTF_A,10,2.652,-124.28,-2.21,21,1
P006,HRTF_A,10,2.666,-124.99,-2.18,21,1
P006,HRTF_A,10,2.68,-125.67,-2.11,21,1
P006,HRTF_A,10,2.694,-126.3,-2.02,21,1
P006,HRTF_A,10,2.708,-126.97,-1.94,21,1
P006,HRTF_A,10,2.722,-127.59,-1.79,21,1
P006,HRTF_A,10,2.735,-128.16,-1.64,21,1
P006,HRTF_A,10,2.749,-128.72,-1.53,21,1
P006,HRTF_A,10,2.763,-129.26,-1.44,21,1
P006,HRTF_A,10,2.777,-129.77,-1.38,21,1
P006,HRTF_A,11,0.014,-3.83,-1.67,23,1
P006,HRTF_A,11,0.028,-3.83,-1.62,23,1
P006,HRTF_A,11,0.042,-3.84,-1.56,23,1
P006,HRTF_A,11,0.056,-3.84,-1.48,23,1
P006,HRTF_A,11,0.069,-3.85,-1.31,23,1
P006,HRTF_A,11,0.083,-3.84,-1.19,23,1
P006,HRTF_A,11,0.097,-3.84,-1.14,23,1
P006,HRTF_A,11,0.111,-3.83,-1.15,23,1
P006,HRTF_A,11,0.125,-3.84,-1.16,23,1
P006,HRTF_A,11,0.139,-3.84,-1.14,23,1
P006,HRTF_A,11,0.153,-3.84,-1.1,23,1
P006,HRTF_A,11,0.167,-3.84,-1.01,23,1
P006,HRTF_A,11,0.181,-3.83,-0.94,23,1
P006,HRTF_A,11,0.195,-3.81,-0.93,23,1
P006,HRTF_A,11,0.208,-3.8,-0.94,23,1
P006,HRTF_A,11,0.222,-3.79,-0.98,23,1
P006,HRTF_A,11,0.236,-3.78,-0.99,23,1
P006,HRTF_A,11,0.25,-3.78,-0.98,23,1
P006,HRTF_A,11,0.264,-3.78,-0.97,23,1
P006,HRTF_A,11,0.278,-3.78,-0.96,23,1
P006,HRTF_A,11,0.292,-3.78,-1.01,23,1
P006,HRTF_A,11,0.305,-3.8,-1.13,23,1
P006,HRTF_A,11,0.319,-3.82,-1.29,23,1
P006,HRTF_A,11,0.333,-3.83,-1.42,23,1
P006,HRTF_A,11,0.347,-3.82,-1.53,23,1
P006,HRTF_A,11,0.361,-3.82,-1.59,23,1
P006,HRTF_A,11,0.375,-3.82,-1.61,23,1
P006,HRTF_A,11,0.389,-3.81,-1.6,23,1
P006,HRTF_A,11,0.403,-3.79,-1.58,23,1
P006,HRTF_A,11,0.417,-3.77,-1.57,23,1
P006,HRTF_A,11,0.43,-3.75,-1.57,23,1
P006,HRTF_A,11,0.445,-3.73,-1.54,23,1
P006,HRTF_A,11,0.458,-3.67,-1.49,23,1
P006,HRTF_A,11,0.472,-3.63,-1.41,23,1
P006,HRTF_A,11,0.486,-3.58,-1.34,23,1
P006,HRTF_A,11,0.5,-3.53,-1.27,23,1
P006,HRTF_A,11,0.514,-3.49,-1.23,23,1
P006,HRTF_A,11,0.528,-3.43,-1.2,23,1
P006,HRTF_A,11,0.541,-3.37,-1.2,23,1
P006,HRTF_A,11,0.555,-3.32,-1.18,23,1
P006,HRTF_A,11,0.569,-3.25,-1.19,23,1
P006,HRTF_A,11,0.583,-3.19,-1.2,23,1
P006,HRTF_A,11,0.597,-3.13,-1.21,23,1
P006,HRTF_A,11,0.611,-3.05,-1.21,23,1
P006,HRTF_A,11,0.625,-2.98,-1.21,23,1
P006,HRTF_A,11,0.639,-2.9,-1.22,23,1
P006,HRTF_A,11,0.653,-2.83,-1.22,23,1
P006,HRTF_A,11,0.667,-2.78,-1.23,23,1
P006,HRTF_A,11,0.681,-2.72,-1.23,23,1
P006,HRTF_A,11,0.695,-2.66,-1.23,23,1
P006,HRTF_A,11,0.708,-2.62,-1.23,23,1
P006,HRTF_A,11,0.722,-2.58,-1.26,23,1
P006,HRTF_A,11,0.736,-2.53,-1.27,23,1
P006,HRTF_A,11,0.75,-2.5,-1.29,23,1
P006,HRTF_A,11,0.764,-2.5,-1.32,23,1
P006,HRTF_A,11,0.778,-2.47,-1.34,23,1
P006,HRTF_A,11,0.792,-2.46,-1.35,23,1
P006,HRTF_A,11,0.805,-2.46,-1.36,23,1
P006,HRTF_A,11,0.819,-2.46,-1.36,23,1
P006,HRTF_A,11,0.833,-2.48,-1.37,23,1
P006,HRTF_A,11,0.847,-2.5,-1.38,23,1
P006,HRTF_A,11,0.861,-2.52,-1.39,23,1
P006,HRTF_A,11,0.875,-2.54,-1.39,23,1
P006,HRTF_A,11,0.888,-2.55,-1.41,23,1
P006,HRTF_A,11,0.902,-2.57,-1.4,23,1
P006,HRTF_A,11,0.916,-2.59,-1.41,23,1
P006,HRTF_A,11,0.93,-2.62,-1.41,23,1
P006,HRTF_A,11,0.944,-2.65,-1.42,23,1
P006,HRTF_A,11,0.958,-2.69,-1.42,23,1
P006,HRTF_A,11,0.972,-2.75,-1.44,23,1
P006,HRTF_A,11,0.986,-2.84,-1.44,23,1
P006,HRTF_A,11,1.0,-2.92,-1.44,23,1
P006,HRTF_A,11,1.014,-3.01,-1.42,23,1
P006,HRTF_A,11,1.028,-3.14,-1.36,23,1
P006,HRTF_A,11,1.042,-3.27,-1.29,23,1
P006,HRTF_A,11,1.055,-3.43,-1.24,23,1
P006,HRTF_A,11,1.069,-3.64,-1.21,23,1
P006,HRTF_A,11,1.083,-3.96,-1.25,23,1
P006,HRTF_A,11,1.097,-4.35,-1.33,23,1
P006,HRTF_A,11,1.111,-4.78,-1.4,23,1
P006,HRTF_A,11,1.125,-5.26,-1.47,23,1
P006,HRTF_A,11,1.139,-5.82,-1.54,23,1
P006,HRTF_A,11,1.153,-6.41,-1.62,23,1
P006,HRTF_A,11,1.167,-7.05,-1.69,23,1
P006,HRTF_A,11,1.18,-7.81,-1.77,23,1
P006,HRTF_A,11,1.194,-8.67,-1.87,23,1
P006,HRTF_A,11,1.208,-9.54,-1.95,23,1
P006,HRTF_A,11,1.222,-10.45,-2.1,23,1
P006,HRTF_A,11,1.236,-11.43,-2.32,23,1
P006,HRTF_A,11,1.25,-12.46,-2.67,23,1
P006,HRTF_A,11,1.264,-13.56,-2.97,23,1
P006,HRTF_A,11,1.277,-14.69,-3.26,23,1
P006,HRTF_A,11,1.291,-15.85,-3.5,23,1
P006,HRTF_A,11,1.305,-17.03,-3.76,23,1
P006,HRTF_A,11,1.319,-18.32,-4.05,23,1
P006,HRTF_A,11,1.333,-19.66,-4.44,23,1
P006,HRTF_A,11,1.347,-21.09,-4.92,23,1
P006,HRTF_A,11,1.361,-22.52,-5.38,23,1
P006,HRTF_A,11,1.374,-24.05,-5.85,23,1
P006,HRTF_A,11,1.388,-25.63,-6.38,23,1
P006,HRTF_A,11,1.402,-27.3,-7.2,23,1
P006,HRTF_A,11,1.416,-29.08,-8.44,23,1
P006,HRTF_A,11,1.43,-30.95,-9.64,23,1
P006,HRTF_A,11,1.444,-32.83,-10.65,23,1
P006,HRTF_A,11,1.458,-34.72,-11.51,23,1
P006,HRTF_A,11,1.472,-36.6,-12.26,23,1
P006,HRTF_A,11,1.486,-38.57,-12.89,23,1
P006,HRTF_A,11,1.5,-40.55,-13.67,23,1
P006,HRTF_A,11,1.513,-42.58,-14.57,23,1
P006,HRTF_A,11,1.527,-44.64,-15.68,23,1
P006,HRTF_A,11,1.541,-46.68,-16.82,23,1
P006,HRTF_A,11,1.555,-48.75,-17.79,23,1
P006,HRTF_A,11,1.569,-50.8,-18.66,23,1
P006,HRTF_A,11,1.583,-52.77,-19.36,23,1
P006,HRTF_A,11,1.597,-54.68,-20.32,23,1
P006,HRTF_A,11,1.611,-56.5,-21.56,23,1
P006,HRTF_A,11,1.625,-58.29,-23.0,23,1
P006,HRTF_A,11,1.639,-59.94,-24.27,23,1
P006,HRTF_A,11,1.652,-61.57,-25.37,23,1
P006,HRTF_A,11,1.666,-63.1,-26.24,23,1
P006,HRTF_A,11,1.68,-64.59,-26.91,23,1
P006,HRTF_A,11,1.694,-65.87,-27.73,23,1
P006,HRTF_A,11,1.708,-67.17,-28.84,23,1
P006,HRTF_A,11,1.722,-68.38,-30.1,23,1
P006,HRTF_A,11,1.736,-69.57,-31.2,23,1
P006,HRTF_A,11,1.75,-70.74,-32.13,23,1
P006,HRTF_A,11,1.764,-71.72,-32.81,23,1
P006,HRTF_A,11,1.778,-72.62,-33.4,23,1
P006,HRTF_A,11,1.791,-73.48,-33.87,23,1
P006,HRTF_A,11,1.805,-74.27,-34.37,23,1
P006,HRTF_A,11,1.82,-74.96,-35.0,23,1
P006,HRTF_A,11,1.833,-75.7,-35.82,23,1
P006,HRTF_A,11,1.847,-76.47,-36.77,23,1
P006,HRTF_A,11,1.861,-77.31,-37.65,23,1
P006,HRTF_A,11,1.875,-78.2,-38.4,23,1
P006,HRTF_A,11,1.889,-79.1,-39.03,23,1
P006,HRTF_A,11,1.902,-80.06,-39.38,23,1
P006,HRTF_A,11,1.916,-81.07,-39.73,23,1
P006,HRTF_A,11,1.93,-82.14,-40.02,23,1
P006,HRTF_A,11,1.944,-83.22,-40.32,23,1
P006,HRTF_A,11,1.958,-84.4,-40.58,23,1
P006,HRTF_A,11,1.972,-85.68,-40.84,23,1
P006,HRTF_A,11,1.986,-87.07,-41.0,23,1
P006,HRTF_A,11,2.0,-88.51,-41.03,23,1
P006,HRTF_A,11,2.013,-89.97,-40.97,23,1
P006,HRTF_A,11,2.027,-91.49,-40.99,23,1
P006,HRTF_A,11,2.042,-93.01,-40.99,23,1
P006,HRTF_A,11,2.055,-94.53,-41.07,23,1
P006,HRTF_A,11,2.069,-96.03,-41.25,23,1
P006,HRTF_A,11,2.083,-97.49,-41.45,23,1
P006,HRTF_A,11,2.097,-99.02,-41.54,23,1
P006,HRTF_A,11,2.111,-100.5,-41.52,23,1
P006,HRTF_A,11,2.125,-102.0,-41.47,23,1
P006,HRTF_A,11,2.139,-103.3,-41.28,23,1
P006,HRTF_A,11,2.152,-104.53,-41.11,23,1
P006,HRTF_A,11,2.166,-105.76,-40.94,23,1
P006,HRTF_A,11,2.18,-106.88,-40.83,23,1
P006,HRTF_A,11,2.194,-108.1,-40.66,23,1
P006,HRTF_A,11,2.208,-109.31,-40.57,23,1
P006,HRTF_A,11,2.222,-110.51,-40.4,23,1
P006,HRTF_A,11,2.236,-111.66,-40.19,23,1
P006,HRTF_A,11,2.249,-112.8,-39.97,23,1
P006,HRTF_A,11,2.264,-113.87,-39.71,23,1
P006,HRTF_A,11,2.277,-114.95,-39.45,23,1
P006,HRTF_A,11,2.291,-115.98,-39.16,23,1
P006,HRTF_A,11,2.305,-117.03,-38.92,23,1
P006,HRTF_A,11,2.319,-118.03,-38.77,23,1
P006,HRTF_A,11,2.333,-119.0,-38.57,23,1
P006,HRTF_A,11,2.347,-119.98,-38.43,23,1
P006,HRTF_A,11,2.361,-120.91,-38.27,23,1
P006,HRTF_A,11,2.374,-121.76,-38.19,23,1
P006,HRTF_A,11,2.388,-122.59,-38.1,23,1
P006,HRTF_A,11,2.402,-123.27,-38.06,23,1
P006,HRTF_A,11,2.416,-123.89,-38.09,23,1
P006,HRTF_A,11,2.43,-124.55,-38.15,23,1
P006,HRTF_A,11,2.444,-125.23,-38.24,23,1
P006,HRTF_A,11,2.458,-125.88,-38.29,23,1
P006,HRTF_A,11,2.472,-126.49,-38.3,23,1
P006,HRTF_A,11,2.486,-127.13,-38.31,23,1
P006,HRTF_A,11,2.499,-127.73,-38.3,23,1
P006,HRTF_A,12,0.014,2.31,-1.72,1,1
P006,HRTF_A,13,0.014,-3.35,-1.17,30,1
P006,HRTF_A,13,0.028,-3.35,-1.15,30,1
P006,HRTF_A,13,0.042,-3.36,-1.17,30,1
P006,HRTF_A,13,0.055,-3.39,-1.17,30,1
P006,HRTF_A,13,0.069,-3.42,-1.16,30,1
P006,HRTF_A,13,0.083,-3.44,-1.16,30,1
P006,HRTF_A,13,0.097,-3.47,-1.16,30,1
P006,HRTF_A,13,0.111,-3.5,-1.18,30,1
P006,HRTF_A,13,0.125,-3.52,-1.19,30,1
P006,HRTF_A,13,0.139,-3.54,-1.22,30,1
P006,HRTF_A,13,0.153,-3.57,-1.26,30,1
P006,HRTF_A,13,0.167,-3.61,-1.32,30,1
P006,HRTF_A,13,0.18,-3.64,-1.37,30,1
P006,HRTF_A,13,0.194,-3.66,-1.4,30,1
P006,HRTF_A,13,0.208,-3.67,-1.39,30,1
P006,HRTF_A,13,0.222,-3.67,-1.4,30,1
P006,HRTF_A,13,0.236,-3.68,-1.4,30,1
P006,HRTF_A,13,0.25,-3.69,-1.41,30,1
P006,HRTF_A,13,0.264,-3.7,-1.45,30,1
P006,HRTF_A,13,0.278,-3.7,-1.45,30,1
P006,HRTF_A,13,0.291,-3.71,-1.46,30,1
P006,HRTF_A,13,0.305,-3.7,-1.47,30,1
P006,HRTF_A,13,0.32,-3.69,-1.46,30,1
P006,HRTF_A,13,0.333,-3.68,-1.47,30,1
P006,HRTF_A,13,0.347,-3.66,-1.49,30,1
P006,HRTF_A,13,0.361,-3.64,-1.5,30,1
P006,HRTF_A,13,0.375,-3.61,-1.5,30,1
P006,HRTF_A,13,0.389,-3.58,-1.52,30,1
P006,HRTF_A,13,0.403,-3.56,-1.51,30,1
P006,HRTF_A,13,0.417,-3.53,-1.5,30,1
P006,HRTF_A,13,0.43,-3.51,-1.48,30,1
P006,HRTF_A,13,0.444,-3.48,-1.49,30,1
P006,HRTF_A,13,0.458,-3.45,-1.49,30,1
P006,HRTF_A,13,0.472,-3.43,-1.51,30,1
P006,HRTF_A,13,0.486,-3.4,-1.5,30,1
P006,HRTF_A,13,0.5,-3.37,-1.5,30,1
P006,HRTF_A,13,0.514,-3.36,-1.49,30,1
P006,HRTF_A,13,0.528,-3.34,-1.49,30,1
P006,HRTF_A,13,0.542,-3.33,-1.5,30,1
P006,HRTF_A,13,0.555,-3.32,-1.5,30,1
P006,HRTF_A,13,0.569,-3.3,-1.5,30,1
P006,HRTF_A,13,0.583,-3.3,-1.5,30,1
P006,HRTF_A,13,0.597,-3.3,-1.48,30,1
P006,HRTF_A,13,0.611,-3.29,-1.47,30,1
P006,HRTF_A,13,0.625,-3.28,-1.45,30,1
P006,HRTF_A,13,0.639,-3.27,-1.44,30,1
P006,HRTF_A,13,0.653,-3.28,-1.45,30,1
P006,HRTF_A,13,0.667,-3.27,-1.46,30,1
P006,HRTF_A,13,0.68,-3.26,-1.48,30,1
P006,HRTF_A,13,0.694,-3.25,-1.48,30,1
P006,HRTF_A,13,0.708,-3.26,-1.46,30,1
P006,HRTF_A,13,0.722,-3.26,-1.44,30,1
P006,HRTF_A,13,0.736,-3.26,-1.4,30,1
P006,HRTF_A,13,0.75,-3.27,-1.39,30,1
P006,HRTF_A,13,0.764,-3.3,-1.38,30,1
P006,HRTF_A,13,0.778,-3.32,-1.37,30,1
P006,HRTF_A,13,0.792,-3.34,-1.37,30,1
P006,HRTF_A,13,0.806,-3.35,-1.39,30,1
P006,HRTF_A,13,0.819,-3.4,-1.4,30,1
P006,HRTF_A,13,0.833,-3.42,-1.43,30,1
P006,HRTF_A,13,0.847,-3.44,-1.42,30,1
P006,HRTF_A,13,0.861,-3.45,-1.39,30,1
P006,HRTF_A,13,0.875,-3.46,-1.37,30,1
P006,HRTF_A,13,0.889,-3.46,-1.35,30,1
P006,HRTF_A,13,0.903,-3.46,-1.33,30,1
P006,HRTF_A,13,0.917,-3.47,-1.32,30,1
P006,HRTF_A,13,0.931,-3.49,-1.33,30,1
P006,HRTF_A,13,0.944,-3.52,-1.32,30,1
P006,HRTF_A,13,0.958,-3.57,-1.32,30,1
P006,HRTF_A,13,0.972,-3.63,-1.33,30,1
P006,HRTF_A,13,0.986,-3.75,-1.35,30,1
P006,HRTF_A,13,1.0,-3.92,-1.38,30,1
P006,HRTF_A,13,1.014,-4.16,-1.41,30,1
P006,HRTF_A,13,1.028,-4.44,-1.44,30,1
P006,HRTF_A,13,1.042,-4.87,-1.45,30,1
P006,HRTF_A,13,1.055,-5.33,-1.44,30,1
P006,HRTF_A,13,1.069,-5.9,-1.44,30,1
P006,HRTF_A,13,1.083,-6.59,-1.46,30,1
P006,HRTF_A,13,1.098,-7.42,-1.54,30,1
P006,HRTF_A,13,1.111,-8.31,-1.58,30,1
P006,HRTF_A,13,1.125,-9.37,-1.68,30,1
P006,HRTF_A,13,1.139,-10.51,-1.74,30,1
P006,HRTF_A,13,1.153,-11.75,-1.76,30,1
P006,HRTF_A,13,1.167,-13.17,-1.77,30,1
P006,HRTF_A,13,1.18,-14.64,-1.77,30,1
P006,HRTF_A,13,1.194,-16.19,-1.73,30,1
P006,HRTF_A,13,1.208,-17.89,-1.65,30,1
P006,HRTF_A,13,1.222,-19.59,-1.56,30,1
P006,HRTF_A,13,1.236,-21.38,-1.47,30,1
P006,HRTF_A,13,1.25,-23.2,-1.39,30,1
P006,HRTF_A,13,1.264,-25.07,-1.28,30,1
P006,HRTF_A,13,1.278,-26.94,-1.26,30,1
P006,HRTF_A,13,1.292,-28.93,-1.16,30,1
P006,HRTF_A,13,1.305,-30.93,-1.07,30,1
P006,HRTF_A,13,1.319,-32.95,-0.98,30,1
P006,HRTF_A,13,1.333,-35.02,-0.97,30,1
P006,HRTF_A,13,1.347,-37.16,-0.98,30,1
P006,HRTF_A,13,1.361,-39.32,-0.98,30,1
P006,HRTF_A,13,1.375,-41.47,-1.01,30,1
P006,HRTF_A,13,1.389,-43.63,-1.06,30,1
P006,HRTF_A,14,0.014,0.74,-3.97,22,1
P006,HRTF_A,14,0.028,0.96,-3.97,22,1
P006,HRTF_A,14,0.042,1.16,-3.97,22,1
P006,HRTF_A,14,0.056,1.34,-3.99,22,1
P006,HRTF_A,14,0.07,1.52,-4.04,22,1
P006,HRTF_A,14,0.083,1.7,-4.08,22,1
P006,HRTF_A,14,0.097,1.88,-4.09,22,1
P006,HRTF_A,14,0.111,2.09,-4.1,22,1
P006,HRTF_A,14,0.125,2.29,-4.09,22,1
P006,HRTF_A,14,0.139,2.48,-4.11,22,1
P006,HRTF_A,14,0.153,2.66,-4.09,22,1
P006,HRTF_A,14,0.167,2.8,-4.11,22,1
P006,HRTF_A,14,0.181,2.94,-4.14,22,1
P006,HRTF_A,14,0.195,3.06,-4.17,22,1
P006,HRTF_A,14,0.209,3.2,-4.21,22,1
P006,HRTF_A,14,0.223,3.34,-4.24,22,1
P006,HRTF_A,14,0.236,3.5,-4.25,22,1
P006,HRTF_A,14,0.25,3.66,-4.27,22,1
P006,HRTF_A,14,0.264,3.8,-4.33,22,1
P006,HRTF_A,14,0.278,3.88,-4.43,22,1
P006,HRTF_A,14,0.292,3.95,-4.49,22,1
P006,HRTF_A,14,0.305,4.02,-4.53,22,1
P006,HRTF_A,14,0.319,4.08,-4.56,22,1
P006,HRTF_A,14,0.333,4.18,-4.6,22,1
P006,HRTF_A,14,0.347,4.26,-4.63,22,1
P006,HRTF_A,14,0.361,4.35,-4.67,22,1
P006,HRTF_A,14,0.375,4.48,-4.71,22,1
P006,HRTF_A,14,0.389,4.62,-4.75,22,1
P006,HRTF_A,14,0.403,4.76,-4.81,22,1
P006,HRTF_A,14,0.417,4.89,-4.85,22,1
P006,HRTF_A,14,0.43,5.01,-4.88,22,1
P006,HRTF_A,14,0.444,5.1,-4.89,22,1
P006,HRTF_A,14,0.458,5.19,-4.91,22,1
P006,HRTF_A,14,0.472,5.25,-4.91,22,1
P006,HRTF_A,14,0.486,5.32,-4.91,22,1
P006,HRTF_A,14,0.502,5.37,-4.9,22,1
P006,HRTF_A,14,0.513,5.39,-4.91,22,1
P006,HRTF_A,14,0.527,5.41,-4.89,22,1
P006,HRTF_A,14,0.541,5.4,-4.89,22,1
P006,HRTF_A,14,0.555,5.39,-4.87,22,1
P006,HRTF_A,14,0.569,5.38,-4.87,22,1
P006,HRTF_A,14,0.583,5.32,-4.85,22,1
P006,HRTF_A,14,0.597,5.27,-4.83,22,1
P006,HRTF_A,14,0.611,5.2,-4.79,22,1
P006,HRTF_A,14,0.625,5.14,-4.73,22,1
P006,HRTF_A,14,0.639,5.07,-4.67,22,1
P006,HRTF_A,14,0.653,5.01,-4.62,22,1
P006,HRTF_A,14,0.667,4.96,-4.57,22,1
P006,HRTF_A,14,0.68,4.92,-4.52,22,1
P006,HRTF_A,14,0.694,4.86,-4.46,22,1
P006,HRTF_A,14,0.708,4.79,-4.41,22,1
P006,HRTF_A,14,0.722,4.73,-4.41,22,1
P006,HRTF_A,14,0.736,4.67,-4.38,22,1
P006,HRTF_A,14,0.75,4.6,-4.4,22,1
P006,HRTF_A,14,0.764,4.53,-4.42,22,1
P006,HRTF_A,14,0.778,4.45,-4.45,22,1
P006,HRTF_A,14,0.792,4.38,-4.47,22,1
P006,HRTF_A,14,0.805,4.32,-4.47,22,1
P006,HRTF_A,14,0.819,4.25,-4.48,22,1
P006,HRTF_A,14,0.833,4.19,-4.48,22,1
P006,HRTF_A,14,0.847,4.12,-4.49,22,1
P006,HRTF_A,14,0.861,4.04,-4.51,22,1
P006,HRTF_A,14,0.875,3.94,-4.53,22,1
P006,HRTF_A,14,0.889,3.84,-4.53,22,1
P006,HRTF_A,14,0.903,3.74,-4.51,22,1
P006,HRTF_A,14,0.917,3.62,-4.5,22,1
P006,HRTF_A,14,0.93,3.47,-4.48,22,1
P006,HRTF_A,14,0.944,3.31,-4.48,22,1
P006,HRTF_A,14,0.958,3.11,-4.46,22,1
P006,HRTF_A,14,0.972,2.91,-4.44,22,1
P006,HRTF_A,14,0.986,2.65,-4.4,22,1
P006,HRTF_A,14,1.0,2.38,-4.37,22,1
P006,HRTF_A,14,1.014,2.05,-4.34,22,1
P006,HRTF_A,14,1.028,1.66,-4.31,22,1
P006,HRTF_A,14,1.041,1.24,-4.34,22,1
P006,HRTF_A,14,1.055,0.72,-4.37,22,1
P006,HRTF_A,14,1.069,0.21,-4.44,22,1
P006,HRTF_A,14,1.083,-0.36,-4.44,22,1
P006,HRTF_A,14,1.097,-1.04,-4.4,22,1
P006,HRTF_A,14,1.111,-1.73,-4.35,22,1
P006,HRTF_A,14,1.125,-2.54,-4.3,22,1
P006,HRTF_A,14,1.139,-3.47,-4.22,22,1
P006,HRTF_A,14,1.153,-4.49,-4.17,22,1
P006,HRTF_A,14,1.167,-5.72,-4.11,22,1
P006,HRTF_A,14,1.18,-7.0,-4.08,22,1
P006,HRTF_A,14,1.194,-8.35,-4.02,22,1
P006,HRTF_A,14,1.208,-9.75,-3.97,22,1
P006,HRTF_A,14,1.222,-11.27,-3.91,22,1
P006,HRTF_A,14,1.236,-12.91,-3.84,22,1
P006,HRTF_A,14,1.25,-14.59,-3.72,22,1
P006,HRTF_A,14,1.264,-16.32,-3.58,22,1
P006,HRTF_A,14,1.278,-18.12,-3.52,22,1
P006,HRTF_A,14,1.292,-19.94,-3.49,22,1
P006,HRTF_A,14,1.306,-21.79,-3.46,22,1
P006,HRTF_A,14,1.319,-23.66,-3.5,22,1
P006,HRTF_A,14,1.333,-25.54,-3.59,22,1
P006,HRTF_A,14,1.347,-27.41,-3.69,22,1
P006,HRTF_A,14,1.361,-29.29,-3.86,22,1
P006,HRTF_A,14,1.375,-31.18,-4.08,22,1
P006,HRTF_A,14,1.389,-33.04,-4.29,22,1
P006,HRTF_A,14,1.402,-34.88,-4.53,22,1
P006,HRTF_A,14,1.416,-36.68,-4.75,22,1
P006,HRTF_A,14,1.43,-38.47,-4.89,22,1
P006,HRTF_A,14,1.444,-40.19,-5.11,22,1
P006,HRTF_A,14,1.458,-41.87,-5.33,22,1
P006,HRTF_A,14,1.472,-43.46,-5.54,22,1
P006,HRTF_A,14,1.486,-45.01,-5.77,22,1
P006,HRTF_A,14,1.5,-46.54,-5.99,22,1
P006,HRTF_A,14,1.514,-48.03,-6.17,22,1
P006,HRTF_A,14,1.528,-49.52,-6.32,22,1
P006,HRTF_A,14,1.541,-50.97,-6.51,22,1
P006,HRTF_A,14,1.556,-52.35,-6.64,22,1
P006,HRTF_A,14,1.569,-53.72,-6.76,22,1
P006,HRTF_A,14,1.583,-55.07,-6.84,22,1
P006,HRTF_A,14,1.597,-56.44,-6.92,22,1
P006,HRTF_A,14,1.611,-57.88,-7.01,22,1
P006,HRTF_A,14,1.625,-59.38,-7.11,22,1
P006,HRTF_A,14,1.639,-60.93,-7.27,22,1
P006,HRTF_A,14,1.653,-62.47,-7.42,22,1
P006,HRTF_A,14,1.666,-64.09,-7.57,22,1
P006,HRTF_A,14,1.68,-65.73,-7.64,22,1
P006,HRTF_A,14,1.694,-67.37,-7.69,22,1
P006,HRTF_A,14,1.708,-69.08,-7.69,22,1
P006,HRTF_A,14,1.722,-70.71,-7.72,22,1
P006,HRTF_A,14,1.736,-72.38,-7.71,22,1
P006,HRTF_A,14,1.75,-74.17,-7.67,22,1
P006,HRTF_A,14,1.764,-75.97,-7.63,22,1
P006,HRTF_A,14,1.778,-77.74,-7.51,22,1
P006,HRTF_A,14,1.791,-79.46,-7.45,22,1
P006,HRTF_A,14,1.805,-81.13,-7.42,22,1
P006,HRTF_A,14,1.819,-82.76,-7.38,22,1
P006,HRTF_A,14,1.833,-84.45,-7.41,22,1
P006,HRTF_A,14,1.847,-86.16,-7.48,22,1
P006,HRTF_A,14,1.861,-87.85,-7.54,22,1
P006,HRTF_A,14,1.875,-89.56,-7.65,22,1
P006,HRTF_A,14,1.889,-91.27,-7.72,22,1
P006,HRTF_A,14,1.903,-93.0,-7.86,22,1
P006,HRTF_A,14,1.917,-94.7,-8.04,22,1
P006,HRTF_A,14,1.93,-96.51,-8.25,22,1
P006,HRTF_A,14,1.944,-98.39,-8.42,22,1
P006,HRTF_A,14,1.958,-100.32,-8.55,22,1
P006,HRTF_A,14,1.972,-102.29,-8.74,22,1
P006,HRTF_A,14,1.986,-104.32,-8.88,22,1
P006,HRTF_A,14,2.0,-106.36,-9.11,22,1
P006,HRTF_A,14,2.014,-108.32,-9.35,22,1
P006,HRTF_A,14,2.028,-110.15,-9.6,22,1
P006,HRTF_A,14,2.041,-111.8,-9.77,22,1
P006,HRTF_A,14,2.056,-113.37,-9.93,22,1
P006,HRTF_A,14,2.069,-114.9,-10.12,22,1
P006,HRTF_A,14,2.083,-116.38,-10.38,22,1
P006,HRTF_A,14,2.097,-117.74,-10.6,22,1
P006,HRTF_A,14,2.111,-119.09,-10.89,22,1
P006,HRTF_A,14,2.125,-120.65,-11.15,22,1
P006,HRTF_A,14,2.138,-122.29,-11.41,22,1
P006,HRTF_A,14,2.153,-124.01,-11.65,22,1
P006,HRTF_A,14,2.166,-125.55,-11.82,22,1
P006,HRTF_A,14,2.18,-126.77,-11.96,22,1
P006,HRTF_A,14,2.194,-127.7,-12.02,22,1
P006,HRTF_A,14,2.208,-128.42,-12.08,22,1
P006,HRTF_A,14,2.222,-128.93,-12.12,22,1
P006,HRTF_A,14,2.236,-129.34,-12.13,22,1
P006,HRTF_A,14,2.25,-129.67,-12.12,22,1
P006,HRTF_A,14,2.264,-129.94,-12.11,22,1
P006,HRTF_A,14,2.277,-130.1,-12.12,22,1
P006,HRTF_A,14,2.291,-130.17,-12.12,22,1
P006,HRTF_A,14,2.305,-130.09,-12.15,22,1
P006,HRTF_A,14,2.319,-130.22,-12.12,22,1
P006,HRTF_A,15,0.014,-3.77,-2.27,15,1
P006,HRTF_A,15,0.028,-3.47,-2.28,15,1
P006,HRTF_A,15,0.042,-3.2,-2.32,15,1
P006,HRTF_A,15,0.056,-2.91,-2.34,15,1
P006,HRTF_A,15,0.07,-2.62,-2.31,15,1
P006,HRTF_A,15,0.084,-2.34,-2.27,15,1
P006,HRTF_A,15,0.097,-2.08,-2.27,15,1
P006,HRTF_A,15,0.111,-1.81,-2.26,15,1
P006,HRTF_A,15,0.126,-1.52,-2.27,15,1
P006,HRTF_A,15,0.139,-1.27,-2.25,15,1
P006,HRTF_A,15,0.153,-1.03,-2.26,15,1
P006,HRTF_A,15,0.167,-0.81,-2.24,15,1
P006,HRTF_A,15,0.181,-0.64,-2.2,15,1
P006,HRTF_A,15,0.195,-0.48,-2.17,15,1
P006,HRTF_A,15,0.208,-0.33,-2.13,15,1
P006,HRTF_A,15,0.222,-0.18,-2.09,15,1
P006,HRTF_A,15,0.236,-0.03,-2.06,15,1
P006,HRTF_A,15,0.25,0.05,-2.04,15,1
P006,HRTF_A,15,0.264,0.16,-2.03,15,1
P006,HRTF_A,15,0.278,0.24,-2.02,15,1
P006,HRTF_A,15,0.291,0.32,-2.04,15,1
P006,HRTF_A,15,0.305,0.42,-2.07,15,1
P006,HRTF_A,15,0.319,0.5,-2.12,15,1
P006,HRTF_A,15,0.333,0.58,-2.15,15,1
P006,HRTF_A,15,0.347,0.69,-2.21,15,1
P006,HRTF_A,15,0.361,0.77,-2.32,15,1
P006,HRTF_A,15,0.375,0.89,-2.39,15,1
P006,HRTF_A,15,0.389,0.98,-2.47,15,1
P006,HRTF_A,15,0.402,1.08,-2.54,15,1
P006,HRTF_A,15,0.416,1.18,-2.57,15,1
P006,HRTF_A,15,0.43,1.3,-2.59,15,1
P006,HRTF_A,15,0.444,1.39,-2.6,15,1
P006,HRTF_A,15,0.458,1.46,-2.6,15,1
P006,HRTF_A,15,0.472,1.54,-2.62,15,1
P006,HRTF_A,15,0.486,1.61,-2.59,15,1
P006,HRTF_A,15,0.5,1.69,-2.56,15,1
P006,HRTF_A,15,0.514,1.74,-2.51,15,1
P006,HRTF_A,15,0.528,1.82,-2.43,15,1
P006,HRTF_A,15,0.541,1.88,-2.35,15,1
P006,HRTF_A,15,0.556,1.95,-2.28,15,1
P006,HRTF_A,15,0.569,2.02,-2.19,15,1
P006,HRTF_A,15,0.583,2.08,-2.14,15,1
P006,HRTF_A,15,0.597,2.14,-2.11,15,1
P006,HRTF_A,15,0.611,2.19,-2.08,15,1
P006,HRTF_A,15,0.625,2.26,-2.05,15,1
P006,HRTF_A,15,0.639,2.31,-2.09,15,1
P006,HRTF_A,15,0.652,2.36,-2.14,15,1
P006,HRTF_A,15,0.666,2.41,-2.22,15,1
P006,HRTF_A,15,0.68,2.48,-2.32,15,1
P006,HRTF_A,15,0.694,2.53,-2.37,15,1
P006,HRTF_A,15,0.708,2.59,-2.42,15,1
P006,HRTF_A,15,0.722,2.66,-2.41,15,1
P006,HRTF_A,15,0.736,2.7,-2.4,15,1
P006,HRTF_A,15,0.75,2.74,-2.36,15,1
P006,HRTF_A,15,0.764,2.81,-2.35,15,1
P006,HRTF_A,15,0.777,2.85,-2.32,15,1
P006,HRTF_A,15,0.791,2.89,-2.27,15,1
P006,HRTF_A,15,0.805,2.93,-2.2,15,1
P006,HRTF_A,15,0.819,2.97,-2.16,15,1
P006,HRTF_A,15,0.833,3.01,-2.12,15,1
P006,HRTF_A,15,0.847,3.03,-2.09,15,1
P006,HRTF_A,15,0.861,3.07,-2.08,15,1
P006,HRTF_A,15,0.875,3.11,-2.06,15,1
P006,HRTF_A,15,0.889,3.18,-2.05,15,1
P006,HRTF_A,15,0.902,3.22,-2.01,15,1
P006,HRTF_A,15,0.916,3.28,-2.0,15,1
P006,HRTF_A,15,0.93,3.36,-1.98,15,1
P006,HRTF_A,15,0.944,3.44,-1.97,15,1
P006,HRTF_A,15,0.958,3.52,-1.94,15,1
P006,HRTF_A,15,0.972,3.63,-1.92,15,1
P006,HRTF_A,15,0.986,3.75,-1.93,15,1
P006,HRTF_A,15,1.0,3.92,-1.93,15,1
P006,HRTF_A,15,1.014,4.16,-1.94,15,1
P006,HRTF_A,15,1.027,4.5,-1.95,15,1
P006,HRTF_A,15,1.041,4.9,-1.97,15,1
P006,HRTF_A,15,1.055,5.34,-1.98,15,1
P006,HRTF_A,15,1.069,5.92,-1.99,15,1
P006,HRTF_A,15,1.083,6.47,-2.01,15,1
P006,HRTF_A,15,1.097,7.18,-2.05,15,1
P006,HRTF_A,15,1.111,8.01,-2.07,15,1
P006,HRTF_A,15,1.125,8.99,-2.09,15,1
P006,HRTF_A,15,1.138,10.13,-2.14,15,1
P006,HRTF_A,15,1.152,11.49,-2.19,15,1
P006,HRTF_A,15,1.166,12.9,-2.25,15,1
P006,HRTF_A,15,1.18,14.6,-2.33,15,1
P006,HRTF_A,15,1.194,16.44,-2.35,15,1
P006,HRTF_A,15,1.208,18.41,-2.35,15,1
P006,HRTF_A,15,1.222,20.47,-2.26,15,1
P006,HRTF_A,15,1.236,22.51,-2.15,15,1
P006,HRTF_A,15,1.25,24.54,-2.01,15,1
P006,HRTF_A,15,1.263,26.55,-1.91,15,1
P006,HRTF_A,15,1.277,28.55,-1.81,15,1
P006,HRTF_A,15,1.291,30.54,-1.72,15,1
P006,HRTF_A,15,1.305,32.59,-1.73,15,1
P006,HRTF_A,15,1.319,34.61,-1.82,15,1
P006,HRTF_A,15,1.333,36.63,-1.98,15,1
P006,HRTF_A,15,1.347,38.56,-2.21,15,1
P006,HRTF_A,15,1.361,40.35,-2.41,15,1
P006,HRTF_A,15,1.375,42.04,-2.64,15,1
P006,HRTF_A,15,1.388,43.64,-2.91,15,1
P006,HRTF_A,15,1.402,45.15,-3.2,15,1
P006,HRTF_A,15,1.416,46.64,-3.57,15,1
P006,HRTF_A,15,1.43,48.13,-3.95,15,1
P006,HRTF_A,15,1.444,49.56,-4.37,15,1
P006,HRTF_A,15,1.458,51.0,-4.65,15,1
P006,HRTF_A,15,1.472,52.38,-4.9,15,1
P006,HRTF_A,15,1.486,53.68,-5.1,15,1
P006,HRTF_A,15,1.5,54.97,-5.41,15,1
P006,HRTF_A,15,1.514,56.29,-5.78,15,1
P006,HRTF_A,15,1.527,57.6,-6.16,15,1
P006,HRTF_A,15,1.541,58.91,-6.56,15,1
P006,HRTF_A,15,1.555,60.19,-6.92,15,1
P006,HRTF_A,15,1.569,61.46,-7.28,15,1
P006,HRTF_A,15,1.583,62.73,-7.58,15,1
P006,HRTF_A,15,1.597,64.02,-7.94,15,1
P006,HRTF_A,15,1.611,65.25,-8.29,15,1
P006,HRTF_A,15,1.624,66.49,-8.64,15,1
P006,HRTF_A,15,1.639,67.65,-8.9,15,1
P006,HRTF_A,15,1.652,68.76,-9.19,15,1
P006,HRTF_A,15,1.666,69.83,-9.44,15,1
P006,HRTF_A,15,1.68,70.83,-9.64,15,1
P006,HRTF_A,15,1.694,71.78,-9.84,15,1
P006,HRTF_A,15,1.708,72.73,-10.04,15,1
P006,HRTF_A,15,1.722,73.62,-10.19,15,1
P006,HRTF_A,15,1.735,74.47,-10.28,15,1
P006,HRTF_A,15,1.749,75.21,-10.22,15,1
P006,HRTF_A,15,1.763,75.95,-10.15,15,1
P006,HRTF_A,15,1.777,76.66,-10.0,15,1
P006,HRTF_A,15,1.791,77.36,-9.87,15,1
P006,HRTF_A,15,1.805,78.11,-9.72,15,1
P006,HRTF_A,15,1.819,78.87,-9.53,15,1
P006,HRTF_A,15,1.833,79.67,-9.27,15,1
P006,HRTF_A,15,1.847,80.44,-9.1,15,1
P006,HRTF_A,15,1.861,81.2,-9.02,15,1
P006,HRTF_A,15,1.875,81.92,-9.07,15,1
P006,HRTF_A,15,1.888,82.62,-9.23,15,1
P006,HRTF_A,15,1.902,83.35,-9.49,15,1
P006,HRTF_A,15,1.916,84.18,-9.69,15,1
P006,HRTF_A,15,1.93,85.07,-9.96,15,1
P006,HRTF_A,15,1.944,85.99,-10.2,15,1
P006,HRTF_A,15,1.958,86.9,-10.38,15,1
P006,HRTF_A,15,1.972,87.83,-10.48,15,1
P006,HRTF_A,15,1.986,88.86,-10.48,15,1
P006,HRTF_A,15,2.0,89.88,-10.46,15,1
P006,HRTF_A,15,2.013,90.98,-10.24,15,1
P006,HRTF_A,15,2.027,92.1,-10.01,15,1
P006,HRTF_A,15,2.041,93.25,-9.67,15,1
P006,HRTF_A,15,2.055,94.4,-9.25,15,1
P006,HRTF_A,15,2.069,95.58,-8.82,15,1
P006,HRTF_A,15,2.083,96.71,-8.33,15,1
P006,HRTF_A,15,2.097,97.87,-7.74,15,1
P006,HRTF_A,15,2.111,98.93,-7.03,15,1
P006,HRTF_A,15,2.124,99.95,-6.29,15,1
P006,HRTF_A,15,2.138,100.9,-5.48,15,1
P006,HRTF_A,15,2.152,101.85,-4.68,15,1
P006,HRTF_A,15,2.166,102.73,-3.82,15,1
P006,HRTF_A,15,2.18,103.6,-2.94,15,1
P006,HRTF_A,15,2.194,104.36,-1.98,15,1
P006,HRTF_A,15,2.208,105.09,-1.02,15,1
P006,HRTF_A,15,2.222,105.78,-0.07,15,1
P006,HRTF_A,15,2.236,106.5,0.77,15,1
P006,HRTF_A,15,2.25,107.22,1.57,15,1
P006,HRTF_A,15,2.263,107.89,2.32,15,1
P006,HRTF_A,15,2.277,108.53,3.07,15,1
P006,HRTF_A,15,2.291,109.19,3.67,15,1
P006,HRTF_A,15,2.305,109.87,3.89,15,1
P006,HRTF_A,15,2.319,110.63,4.04,15,1
P006,HRTF_A,15,2.333,111.43,3.99,15,1
P006,HRTF_A,15,2.347,112.11,4.02,15,1
P006,HRTF_A,15,2.361,112.75,4.05,15,1
P006,HRTF_A,15,2.375,113.27,4.22,15,1
P006,HRTF_A,15,2.388,113.71,4.44,15,1
P006,HRTF_A,15,2.402,114.07,4.67,15,1
P006,HRTF_A,15,2.416,114.49,4.8,15,1
P006,HRTF_A,15,2.43,114.88,4.92,15,1
P006,HRTF_A,15,2.444,115.26,5.01,15,1
P006,HRTF_A,15,2.458,115.67,4.94,15,1
P006,HRTF_A,15,2.472,116.15,4.81,15,1
P006,HRTF_A,15,2.485,116.74,4.63,15,1
P006,HRTF_A,15,2.499,117.32,4.42,15,1
P006,HRTF_A,15,2.513,117.87,4.27,15,1
P006,HRTF_A,15,2.527,118.43,4.22,15,1
P006,HRTF_A,15,2.541,118.99,4.23,15,1
P006,HRTF_A,15,2.555,119.53,4.2,15,1
P006,HRTF_A,15,2.569,120.16,4.1,15,1
P006,HRTF_A,15,2.583,120.81,3.96,15,1
P006,HRTF_A,16,0.014,-2.1,-2.32,7,1
P006,HRTF_A,16,0.028,-2.08,-2.36,7,1
P006,HRTF_A,16,0.042,-2.05,-2.36,7,1
P006,HRTF_A,16,0.056,-2.02,-2.32,7,1
P006,HRTF_A,16,0.069,-1.97,-2.3,7,1
P006,HRTF_A,16,0.083,-1.94,-2.32,7,1
P006,HRTF_A,16,0.097,-1.88,-2.35,7,1
P006,HRTF_A,16,0.111,-1.83,-2.38,7,1
P006,HRTF_A,16,0.125,-1.76,-2.4,7,1
P006,HRTF_A,16,0.139,-1.69,-2.43,7,1
P006,HRTF_A,16,0.153,-1.62,-2.44,7,1
P006,HRTF_A,16,0.167,-1.55,-2.45,7,1
P006,HRTF_A,16,0.181,-1.49,-2.46,7,1
P006,HRTF_A,16,0.194,-1.45,-2.5,7,1
P006,HRTF_A,16,0.208,-1.42,-2.57,7,1
P006,HRTF_A,16,0.223,-1.41,-2.63,7,1
P006,HRTF_A,16,0.236,-1.39,-2.67,7,1
P006,HRTF_A,16,0.25,-1.38,-2.71,7,1
P006,HRTF_A,16,0.264,-1.38,-2.72,7,1
P006,HRTF_A,16,0.278,-1.4,-2.72,7,1
P006,HRTF_A,16,0.292,-1.43,-2.7,7,1
P006,HRTF_A,16,0.305,-1.43,-2.7,7,1
P006,HRTF_A,16,0.319,-1.46,-2.7,7,1
P006,HRTF_A,16,0.333,-1.49,-2.72,7,1
P006,HRTF_A,16,0.347,-1.52,-2.74,7,1
P006,HRTF_A,16,0.361,-1.54,-2.77,7,1
P006,HRTF_A,16,0.375,-1.55,-2.73,7,1
P006,HRTF_A,16,0.389,-1.58,-2.71,7,1
P006,HRTF_A,16,0.402,-1.59,-2.69,7,1
P006,HRTF_A,16,0.417,-1.6,-2.67,7,1
P006,HRTF_A,16,0.43,-1.61,-2.65,7,1
P006,HRTF_A,16,0.444,-1.61,-2.63,7,1
P006,HRTF_A,16,0.458,-1.63,-2.59,7,1
P006,HRTF_A,16,0.472,-1.62,-2.57,7,1
P006,HRTF_A,16,0.486,-1.61,-2.55,7,1
P006,HRTF_A,16,0.5,-1.6,-2.53,7,1
P006,HRTF_A,16,0.514,-1.58,-2.53,7,1
P006,HRTF_A,16,0.528,-1.55,-2.52,7,1
P006,HRTF_A,16,0.541,-1.53,-2.53,7,1
P006,HRTF_A,16,0.555,-1.5,-2.56,7,1
P006,HRTF_A,16,0.569,-1.43,-2.59,7,1
P006,HRTF_A,16,0.583,-1.35,-2.6,7,1
P006,HRTF_A,16,0.597,-1.26,-2.63,7,1
P006,HRTF_A,16,0.611,-1.18,-2.64,7,1
P006,HRTF_A,16,0.625,-1.12,-2.63,7,1
P006,HRTF_A,16,0.639,-1.02,-2.64,7,1
P006,HRTF_A,16,0.653,-0.94,-2.65,7,1
P006,HRTF_A,16,0.666,-0.85,-2.65,7,1
P006,HRTF_A,16,0.68,-0.76,-2.66,7,1
P006,HRTF_A,16,0.694,-0.66,-2.68,7,1
P006,HRTF_A,16,0.708,-0.57,-2.68,7,1
P006,HRTF_A,16,0.722,-0.49,-2.67,7,1
P006,HRTF_A,16,0.736,-0.43,-2.68,7,1
P006,HRTF_A,16,0.75,-0.38,-2.69,7,1
P006,HRTF_A,16,0.764,-0.31,-2.72,7,1
P006,HRTF_A,16,0.777,-0.27,-2.72,7,1
P006,HRTF_A,16,0.792,-0.24,-2.72,7,1
P006,HRTF_A,16,0.805,-0.2,-2.7,7,1
P006,HRTF_A,16,0.819,-0.18,-2.68,7,1
P006,HRTF_A,16,0.833,-0.15,-2.68,7,1
P006,HRTF_A,16,0.848,-0.13,-2.67,7,1
P006,HRTF_A,16,0.861,-0.11,-2.68,7,1
P006,HRTF_A,16,0.875,-0.1,-2.69,7,1
P006,HRTF_A,16,0.889,-0.08,-2.68,7,1
P006,HRTF_A,16,0.903,-0.08,-2.66,7,1
P006,HRTF_A,16,0.916,-0.07,-2.61,7,1
P006,HRTF_A,16,0.93,-0.08,-2.57,7,1
P006,HRTF_A,16,0.944,-0.06,-2.54,7,1
P006,HRTF_A,16,0.958,-0.04,-2.52,7,1
P006,HRTF_A,16,0.972,0.01,-2.51,7,1
P006,HRTF_A,16,0.986,0.08,-2.49,7,1
P006,HRTF_A,16,1.0,0.18,-2.48,7,1
P006,HRTF_A,16,1.014,0.33,-2.5,7,1
P006,HRTF_A,16,1.028,0.56,-2.52,7,1
P006,HRTF_A,16,1.041,0.82,-2.54,7,1
P006,HRTF_A,16,1.055,1.24,-2.54,7,1
P006,HRTF_A,16,1.069,1.68,-2.53,7,1
P006,HRTF_A,16,1.083,2.25,-2.54,7,1
P006,HRTF_A,16,1.097,2.84,-2.5,7,1
P006,HRTF_A,16,1.111,3.65,-2.45,7,1
P006,HRTF_A,16,1.125,4.54,-2.44,7,1
P006,HRTF_A,16,1.139,5.51,-2.38,7,1
P006,HRTF_A,16,1.153,6.58,-2.34,7,1
P006,HRTF_A,16,1.167,7.78,-2.26,7,1
P006,HRTF_A,16,1.18,9.09,-2.16,7,1
P006,HRTF_A,16,1.194,10.57,-2.08,7,1
P006,HRTF_A,16,1.208,12.15,-1.99,7,1
P006,HRTF_A,16,1.222,14.24,-1.91,7,1
P006,HRTF_A,16,1.236,16.41,-1.81,7,1
P006,HRTF_A,16,1.25,18.53,-1.61,7,1
P006,HRTF_A,16,1.264,20.63,-1.37,7,1
P006,HRTF_A,16,1.278,22.83,-1.07,7,1
P006,HRTF_A,16,1.291,25.1,-0.89,7,1
P006,HRTF_A,16,1.306,27.45,-0.79,7,1
P006,HRTF_A,16,1.319,29.83,-0.8,7,1
P006,HRTF_A,16,1.333,32.16,-0.97,7,1
P006,HRTF_A,16,1.348,34.34,-1.18,7,1
P006,HRTF_A,16,1.361,36.43,-1.33,7,1
P006,HRTF_A,16,1.375,38.41,-1.42,7,1
P006,HRTF_A,16,1.389,40.25,-1.47,7,1
P006,HRTF_A,16,1.402,41.91,-1.45,7,1
P006,HRTF_A,16,1.416,43.56,-1.5,7,1
P006,HRTF_A,17,0.014,0.81,1.45,6,1
P006,HRTF_A,17,0.028,0.87,1.48,6,1
P006,HRTF_A,17,0.041,0.93,1.51,6,1
P006,HRTF_A,17,0.055,0.99,1.55,6,1
P006,HRTF_A,17,0.07,1.04,1.58,6,1
P006,HRTF_A,17,0.083,1.08,1.61,6,1
P006,HRTF_A,17,0.097,1.12,1.62,6,1
P006,HRTF_A,17,0.111,1.16,1.6,6,1
P006,HRTF_A,17,0.125,1.21,1.57,6,1
P006,HRTF_A,17,0.139,1.24,1.57,6,1
P006,HRTF_A,17,0.153,1.28,1.57,6,1
P006,HRTF_A,17,0.166,1.31,1.59,6,1
P006,HRTF_A,17,0.18,1.34,1.61,6,1
P006,HRTF_A,17,0.194,1.4,1.62,6,1
P006,HRTF_A,17,0.208,1.45,1.58,6,1
P006,HRTF_A,17,0.222,1.48,1.54,6,1
P006,HRTF_A,17,0.236,1.52,1.5,6,1
P006,HRTF_A,17,0.25,1.55,1.48,6,1
P006,HRTF_A,17,0.264,1.59,1.49,6,1
P006,HRTF_A,17,0.278,1.64,1.49,6,1
P006,HRTF_A,17,0.291,1.66,1.47,6,1
P006,HRTF_A,17,0.305,1.7,1.46,6,1
P006,HRTF_A,17,0.319,1.74,1.41,6,1
P006,HRTF_A,17,0.333,1.78,1.32,6,1
P006,HRTF_A,17,0.347,1.82,1.25,6,1
P006,HRTF_A,17,0.361,1.89,1.19,6,1
P006,HRTF_A,17,0.375,1.95,1.11,6,1
P006,HRTF_A,17,0.389,2.0,1.08,6,1
P006,HRTF_A,17,0.402,2.08,1.06,6,1
P006,HRTF_A,17,0.416,2.15,1.05,6,1
P006,HRTF_A,17,0.43,2.23,1.06,6,1
P006,HRTF_A,17,0.444,2.33,1.05,6,1
P006,HRTF_A,17,0.458,2.42,1.05,6,1
P006,HRTF_A,17,0.472,2.5,1.02,6,1
P006,HRTF_A,17,0.486,2.61,1.01,6,1
P006,HRTF_A,17,0.5,2.67,1.01,6,1
P006,HRTF_A,17,0.514,2.74,1.01,6,1
P006,HRTF_A,17,0.528,2.8,0.98,6,1
P006,HRTF_A,17,0.541,2.85,0.98,6,1
P006,HRTF_A,17,0.555,2.9,0.94,6,1
P006,HRTF_A,17,0.569,2.95,0.91,6,1
P006,HRTF_A,17,0.583,3.01,0.91,6,1
P006,HRTF_A,17,0.597,3.05,0.9,6,1
P006,HRTF_A,17,0.611,3.09,0.89,6,1
P006,HRTF_A,17,0.625,3.13,0.84,6,1
P006,HRTF_A,17,0.639,3.16,0.79,6,1
P006,HRTF_A,17,0.652,3.2,0.75,6,1
P006,HRTF_A,17,0.666,3.23,0.71,6,1
P006,HRTF_A,17,0.68,3.25,0.68,6,1
P006,HRTF_A,17,0.694,3.28,0.67,6,1
P006,HRTF_A,17,0.708,3.31,0.66,6,1
P006,HRTF_A,17,0.722,3.34,0.64,6,1
P006,HRTF_A,17,0.736,3.35,0.64,6,1
P006,HRTF_A,17,0.75,3.37,0.62,6,1
P006,HRTF_A,17,0.764,3.4,0.62,6,1
P006,HRTF_A,17,0.777,3.44,0.64,6,1
P006,HRTF_A,17,0.791,3.49,0.65,6,1
P006,HRTF_A,17,0.805,3.54,0.67,6,1
P006,HRTF_A,17,0.819,3.56,0.68,6,1
P006,HRTF_A,17,0.833,3.6,0.68,6,1
P006,HRTF_A,17,0.847,3.64,0.7,6,1
P006,HRTF_A,17,0.861,3.7,0.73,6,1
P006,HRTF_A,17,0.875,3.73,0.74,6,1
P006,HRTF_A,17,0.889,3.8,0.76,6,1
P006,HRTF_A,17,0.903,3.84,0.75,6,1
P006,HRTF_A,17,0.916,3.9,0.75,6,1
P006,HRTF_A,17,0.93,3.95,0.76,6,1
P006,HRTF_A,17,0.944,4.02,0.75,6,1
P006,HRTF_A,17,0.958,4.13,0.71,6,1
P006,HRTF_A,17,0.972,4.29,0.65,6,1
P006,HRTF_A,17,0.986,4.51,0.59,6,1
P006,HRTF_A,17,1.0,4.85,0.54,6,1
P006,HRTF_A,17,1.014,5.16,0.52,6,1
P006,HRTF_A,17,1.027,5.55,0.55,6,1
P006,HRTF_A,17,1.041,5.99,0.57,6,1
P006,HRTF_A,17,1.055,6.45,0.58,6,1
P006,HRTF_A,17,1.069,6.95,0.59,6,1
P006,HRTF_A,17,1.083,7.55,0.53,6,1
P006,HRTF_A,17,1.097,8.18,0.42,6,1
P006,HRTF_A,17,1.111,8.9,0.27,6,1
P006,HRTF_A,17,1.125,9.66,0.15,6,1
P006,HRTF_A,17,1.139,10.51,0.02,6,1
P006,HRTF_A,17,1.153,11.37,-0.06,6,1
P006,HRTF_A,17,1.167,12.32,-0.16,6,1
P006,HRTF_A,17,1.18,13.26,-0.17,6,1
P006,HRTF_A,17,1.194,14.35,-0.19,6,1
P006,HRTF_A,17,1.208,15.4,-0.23,6,1
P006,HRTF_A,17,1.222,16.49,-0.27,6,1
P006,HRTF_A,17,1.236,17.62,-0.38,6,1
P006,HRTF_A,17,1.25,18.8,-0.5,6,1
P006,HRTF_A,17,1.264,19.93,-0.59,6,1
P006,HRTF_A,17,1.278,21.16,-0.61,6,1
P006,HRTF_A,17,1.291,22.34,-0.66,6,1
P006,HRTF_A,17,1.305,23.54,-0.63,6,1
P006,HRTF_A,17,1.319,24.77,-0.67,6,1
P006,HRTF_A,17,1.333,26.01,-0.75,6,1
P006,HRTF_A,17,1.347,27.3,-0.83,6,1
P006,HRTF_A,17,1.361,28.56,-0.92,6,1
P006,HRTF_A,17,1.375,29.92,-1.04,6,1
P006,HRTF_A,17,1.389,31.24,-1.09,6,1
P006,HRTF_A,17,1.402,32.59,-1.18,6,1
P006,HRTF_A,17,1.416,33.95,-1.34,6,1
P006,HRTF_A,17,1.43,35.3,-1.48,6,1
P006,HRTF_A,17,1.444,36.73,-1.64,6,1
P006,HRTF_A,17,1.458,38.21,-1.78,6,1
P006,HRTF_A,17,1.472,39.69,-1.9,6,1
P006,HRTF_A,17,1.486,41.21,-2.04,6,1
P006,HRTF_A,18,0.014,-0.44,-1.5,20,1
P006,HRTF_A,18,0.028,-0.74,-1.46,20,1
P006,HRTF_A,18,0.042,-1.05,-1.41,20,1
P006,HRTF_A,18,0.055,-1.38,-1.4,20,1
P006,HRTF_A,18,0.069,-1.61,-1.39,20,1
P006,HRTF_A,18,0.083,-1.88,-1.37,20,1
P006,HRTF_A,18,0.098,-2.14,-1.36,20,1
P006,HRTF_A,18,0.111,-2.35,-1.36,20,1
P006,HRTF_A,18,0.125,-2.57,-1.37,20,1
P006,HRTF_A,18,0.139,-2.76,-1.4,20,1
P006,HRTF_A,18,0.153,-2.95,-1.4,20,1
P006,HRTF_A,18,0.166,-3.13,-1.42,20,1
P006,HRTF_A,18,0.18,-3.32,-1.45,20,1
P006,HRTF_A,18,0.194,-3.47,-1.5,20,1
P006,HRTF_A,18,0.208,-3.64,-1.55,20,1
P006,HRTF_A,18,0.222,-3.78,-1.61,20,1
P006,HRTF_A,18,0.236,-3.92,-1.65,20,1
P006,HRTF_A,18,0.25,-4.04,-1.71,20,1
P006,HRTF_A,18,0.264,-4.14,-1.76,20,1
P006,HRTF_A,18,0.278,-4.22,-1.81,20,1
P006,HRTF_A,18,0.292,-4.29,-1.86,20,1
P006,HRTF_A,18,0.305,-4.34,-1.92,20,1
P006,HRTF_A,18,0.319,-4.39,-1.98,20,1
P006,HRTF_A,18,0.333,-4.44,-2.04,20,1
P006,HRTF_A,18,0.347,-4.5,-2.11,20,1
P006,HRTF_A,18,0.361,-4.54,-2.18,20,1
P006,HRTF_A,18,0.375,-4.56,-2.24,20,1
P006,HRTF_A,18,0.389,-4.58,-2.32,20,1
P006,HRTF_A,18,0.403,-4.6,-2.37,20,1
P006,HRTF_A,18,0.416,-4.62,-2.43,20,1
P006,HRTF_A,18,0.43,-4.64,-2.48,20,1
P006,HRTF_A,18,0.444,-4.62,-2.51,20,1
P006,HRTF_A,18,0.458,-4.61,-2.53,20,1
P006,HRTF_A,18,0.472,-4.57,-2.59,20,1
P006,HRTF_A,18,0.486,-4.53,-2.6,20,1
P006,HRTF_A,18,0.5,-4.49,-2.62,20,1
P006,HRTF_A,18,0.514,-4.42,-2.65,20,1
P006,HRTF_A,18,0.528,-4.35,-2.69,20,1
P006,HRTF_A,18,0.541,-4.28,-2.75,20,1
P006,HRTF_A,18,0.556,-4.21,-2.79,20,1
P006,HRTF_A,18,0.569,-4.11,-2.84,20,1
P006,HRTF_A,18,0.584,-4.01,-2.89,20,1
P006,HRTF_A,18,0.597,-3.89,-2.94,20,1
P006,HRTF_A,18,0.611,-3.77,-3.01,20,1
P006,HRTF_A,18,0.625,-3.63,-3.07,20,1
P006,HRTF_A,18,0.639,-3.49,-3.12,20,1
P006,HRTF_A,18,0.653,-3.35,-3.16,20,1
P006,HRTF_A,18,0.666,-3.18,-3.18,20,1
P006,HRTF_A,18,0.68,-3.02,-3.23,20,1
P006,HRTF_A,18,0.694,-2.87,-3.28,20,1
P006,HRTF_A,18,0.708,-2.69,-3.32,20,1
P006,HRTF_A,18,0.722,-2.53,-3.35,20,1
P006,HRTF_A,18,0.736,-2.36,-3.38,20,1
P006,HRTF_A,18,0.75,-2.19,-3.4,20,1
P006,HRTF_A,18,0.764,-2.01,-3.43,20,1
P006,HRTF_A,18,0.778,-1.81,-3.44,20,1
P006,HRTF_A,18,0.791,-1.62,-3.47,20,1
P006,HRTF_A,18,0.805,-1.42,-3.51,20,1
P006,HRTF_A,18,0.819,-1.21,-3.56,20,1
P006,HRTF_A,18,0.833,-1.04,-3.58,20,1
P006,HRTF_A,18,0.847,-0.86,-3.59,20,1
P006,HRTF_A,18,0.861,-0.69,-3.62,20,1
P006,HRTF_A,18,0.875,-0.55,-3.64,20,1
P006,HRTF_A,18,0.889,-0.41,-3.64,20,1
P006,HRTF_A,18,0.903,-0.3,-3.62,20,1
P006,HRTF_A,18,0.916,-0.22,-3.58,20,1
P006,HRTF_A,18,0.934,-0.2,-3.58,20,1
P006,HRTF_A,18,0.947,-0.26,-3.52,20,1
P006,HRTF_A,18,0.962,-0.37,-3.52,20,1
P006,HRTF_A,18,0.975,-0.59,-3.57,20,1
P006,HRTF_A,18,0.989,-0.88,-3.63,20,1
P006,HRTF_A,18,1.003,-1.33,-3.77,20,1
P006,HRTF_A,18,1.017,-1.82,-4.0,20,1
P006,HRTF_A,18,1.038,-2.39,-4.22,20,1
P006,HRTF_A,18,1.056,-3.37,-4.51,20,1
P006,HRTF_A,18,1.069,-4.85,-4.93,20,1
P006,HRTF_A,18,1.083,-5.93,-5.16,20,1
P006,HRTF_A,18,1.097,-7.01,-5.35,20,1
P006,HRTF_A,18,1.111,-8.1,-5.53,20,1
P006,HRTF_A,18,1.125,-9.42,-5.6,20,1
P006,HRTF_A,18,1.139,-10.78,-5.77,20,1
P006,HRTF_A,18,1.153,-12.21,-6.03,20,1
P006,HRTF_A,18,1.167,-13.67,-6.34,20,1
P006,HRTF_A,18,1.18,-15.26,-6.6,20,1
P006,HRTF_A,18,1.194,-16.84,-6.86,20,1
P006,HRTF_A,18,1.208,-18.48,-7.0,20,1
P006,HRTF_A,18,1.222,-20.16,-7.11,20,1
P006,HRTF_A,18,1.236,-21.84,-7.21,20,1
P006,HRTF_A,18,1.25,-23.5,-7.25,20,1
P006,HRTF_A,18,1.264,-25.1,-7.33,20,1
P006,HRTF_A,18,1.278,-26.87,-7.36,20,1
P006,HRTF_A,18,1.292,-28.66,-7.36,20,1
P006,HRTF_A,18,1.305,-30.51,-7.4,20,1
P006,HRTF_A,18,1.319,-32.2,-7.46,20,1
P006,HRTF_A,18,1.333,-33.86,-7.6,20,1
P006,HRTF_A,18,1.347,-35.38,-7.81,20,1
P006,HRTF_A,18,1.362,-36.91,-7.95,20,1
P006,HRTF_A,18,1.375,-38.34,-8.07,20,1
P006,HRTF_A,18,1.389,-39.75,-8.11,20,1
P006,HRTF_A,18,1.403,-41.13,-8.04,20,1
P006,HRTF_A,18,1.417,-42.52,-8.02,20,1
P006,HRTF_A,18,1.43,-43.85,-7.97,20,1
P006,HRTF_A,18,1.444,-45.19,-7.89,20,1
P006,HRTF_A,18,1.458,-46.64,-7.74,20,1
P006,HRTF_A,18,1.472,-48.13,-7.54,20,1
P006,HRTF_A,18,1.486,-49.61,-7.34,20,1
P006,HRTF_A,18,1.5,-51.13,-7.05,20,1
P006,HRTF_A,18,1.514,-52.67,-6.82,20,1
P006,HRTF_A,18,1.528,-54.23,-6.7,20,1
P006,HRTF_A,18,1.542,-55.81,-6.62,20,1
P006,HRTF_A,18,1.556,-57.37,-6.64,20,1
P006,HRTF_A,18,1.57,-58.92,-6.58,20,1
P006,HRTF_A,18,1.583,-60.43,-6.52,20,1
P006,HRTF_A,18,1.597,-61.9,-6.44,20,1
P006,HRTF_A,18,1.611,-63.32,-6.29,20,1
P006,HRTF_A,18,1.625,-64.71,-6.15,20,1
P006,HRTF_A,18,1.639,-66.12,-5.98,20,1
P006,HRTF_A,18,1.653,-67.49,-5.84,20,1
P006,HRTF_A,18,1.667,-68.85,-5.67,20,1
P006,HRTF_A,18,1.68,-70.18,-5.45,20,1
P006,HRTF_A,18,1.694,-71.41,-5.21,20,1
P006,HRTF_A,18,1.708,-72.61,-5.06,20,1
P006,HRTF_A,18,1.722,-73.74,-4.97,20,1
P006,HRTF_A,18,1.736,-74.92,-5.01,20,1
P006,HRTF_A,18,1.75,-76.07,-5.11,20,1
P006,HRTF_A,18,1.764,-77.19,-5.35,20,1
P006,HRTF_A,18,1.778,-78.28,-5.46,20,1
P006,HRTF_A,18,1.791,-79.33,-5.47,20,1
P006,HRTF_A,18,1.805,-80.31,-5.48,20,1
P006,HRTF_A,18,1.819,-81.21,-5.48,20,1
P006,HRTF_A,18,1.833,-82.08,-5.43,20,1
P006,HRTF_A,18,1.847,-82.92,-5.33,20,1
P006,HRTF_A,18,1.861,-83.74,-5.34,20,1
P006,HRTF_A,18,1.875,-84.55,-5.53,20,1
P006,HRTF_A,18,1.889,-85.47,-5.86,20,1
P006,HRTF_A,18,1.903,-86.34,-6.13,20,1
P006,HRTF_A,18,1.917,-87.19,-6.33,20,1
P006,HRTF_A,18,1.93,-88.05,-6.44,20,1
P006,HRTF_A,18,1.944,-88.91,-6.56,20,1
P006,HRTF_A,18,1.958,-89.71,-6.75,20,1
P006,HRTF_A,18,1.972,-90.52,-6.99,20,1
P006,HRTF_A,18,1.986,-91.27,-7.27,20,1
P006,HRTF_A,18,2.0,-91.95,-7.5,20,1
P006,HRTF_A,18,2.014,-92.62,-7.69,20,1
P006,HRTF_A,18,2.028,-93.18,-7.83,20,1
P006,HRTF_A,18,2.042,-93.76,-8.17,20,1
P006,HRTF_A,18,2.056,-94.33,-8.62,20,1
P006,HRTF_A,18,2.069,-94.94,-9.09,20,1
P006,HRTF_A,18,2.083,-95.59,-9.51,20,1
P006,HRTF_A,18,2.097,-96.25,-9.89,20,1
P006,HRTF_A,18,2.111,-96.91,-10.19,20,1
P006,HRTF_A,18,2.125,-97.57,-10.43,20,1
P006,HRTF_A,18,2.139,-98.19,-10.48,20,1
P006,HRTF_A,18,2.153,-98.78,-10.41,20,1
P006,HRTF_A,18,2.166,-99.34,-10.1,20,1
P006,HRTF_A,18,2.18,-99.85,-9.66,20,1
P006,HRTF_A,18,2.194,-100.4,-9.27,20,1
P006,HRTF_A,18,2.208,-100.94,-8.93,20,1
P006,HRTF_A,18,2.222,-101.49,-8.62,20,1
P006,HRTF_A,18,2.236,-102.01,-8.22,20,1
P006,HRTF_A,18,2.25,-102.5,-7.8,20,1
P006,HRTF_A,18,2.263,-102.96,-7.35,20,1
P006,HRTF_A,18,2.278,-103.41,-6.93,20,1
P006,HRTF_A,18,2.291,-103.79,-6.57,20,1
P006,HRTF_A,18,2.305,-104.19,-6.26,20,1
P006,HRTF_A,18,2.319,-104.57,-5.87,20,1
P006,HRTF_A,18,2.333,-104.97,-5.42,20,1
P006,HRTF_A,19,0.014,3.3,-1.98,9,0
P006,HRTF_A,19,0.028,3.37,-1.95,9,0
P006,HRTF_A,19,0.042,3.44,-1.95,9,0
P006,HRTF_A,19,0.055,3.5,-1.94,9,0
P006,HRTF_A,19,0.069,3.56,-1.95,9,0
P006,HRTF_A,19,0.083,3.63,-2.0,9,0
P006,HRTF_A,19,0.098,3.7,-2.07,9,0
P006,HRTF_A,19,0.111,3.77,-2.18,9,0
P006,HRTF_A,19,0.125,3.88,-2.28,9,0
P006,HRTF_A,19,0.139,3.96,-2.37,9,0
P006,HRTF_A,19,0.153,4.04,-2.44,9,0
P006,HRTF_A,19,0.167,4.1,-2.5,9,0
P006,HRTF_A,19,0.181,4.16,-2.51,9,0
P006,HRTF_A,19,0.194,4.21,-2.54,9,0
P006,HRTF_A,19,0.208,4.26,-2.57,9,0
P006,HRTF_A,19,0.222,4.3,-2.63,9,0
P006,HRTF_A,19,0.236,4.36,-2.67,9,0
P006,HRTF_A,19,0.25,4.39,-2.68,9,0
P006,HRTF_A,19,0.264,4.45,-2.66,9,0
P006,HRTF_A,19,0.278,4.47,-2.64,9,0
P006,HRTF_A,19,0.292,4.5,-2.61,9,0
P006,HRTF_A,19,0.305,4.49,-2.61,9,0
P006,HRTF_A,19,0.32,4.5,-2.65,9,0
P006,HRTF_A,19,0.333,4.49,-2.69,9,0
P006,HRTF_A,19,0.347,4.5,-2.73,9,0
P006,HRTF_A,19,0.361,4.51,-2.78,9,0
P006,HRTF_A,19,0.375,4.49,-2.82,9,0
P006,HRTF_A,19,0.389,4.5,-2.84,9,0
P006,HRTF_A,19,0.403,4.5,-2.86,9,0
P006,HRTF_A,19,0.417,4.54,-2.81,9,0
P006,HRTF_A,19,0.43,4.54,-2.8,9,0
P006,HRTF_A,19,0.444,4.55,-2.77,9,0
P006,HRTF_A,19,0.458,4.54,-2.76,9,0
P006,HRTF_A,19,0.472,4.51,-2.76,9,0
P006,HRTF_A,19,0.486,4.49,-2.77,9,0
P006,HRTF_A,19,0.5,4.46,-2.78,9,0
P006,HRTF_A,19,0.514,4.46,-2.76,9,0
P006,HRTF_A,19,0.528,4.44,-2.77,9,0
P006,HRTF_A,19,0.542,4.41,-2.76,9,0
P006,HRTF_A,19,0.555,4.37,-2.77,9,0
P006,HRTF_A,19,0.569,4.34,-2.78,9,0
P006,HRTF_A,19,0.583,4.3,-2.77,9,0
P006,HRTF_A,19,0.597,4.26,-2.77,9,0
P006,HRTF_A,19,0.611,4.22,-2.77,9,0
P006,HRTF_A,19,0.625,4.16,-2.76,9,0
P006,HRTF_A,19,0.639,4.11,-2.76,9,0
P006,HRTF_A,19,0.653,4.07,-2.76,9,0
P006,HRTF_A,19,0.667,4.02,-2.79,9,0
P006,HRTF_A,19,0.68,3.99,-2.8,9,0
P006,HRTF_A,19,0.694,3.94,-2.81,9,0
P006,HRTF_A,19,0.708,3.9,-2.84,9,0
P006,HRTF_A,19,0.722,3.85,-2.85,9,0
P006,HRTF_A,19,0.736,3.8,-2.83,9,0
P006,HRTF_A,19,0.75,3.74,-2.82,9,0
P006,HRTF_A,19,0.764,3.69,-2.83,9,0
P006,HRTF_A,19,0.778,3.63,-2.82,9,0
P006,HRTF_A,19,0.792,3.57,-2.81,9,0
P006,HRTF_A,19,0.805,3.49,-2.79,9,0
P006,HRTF_A,19,0.819,3.42,-2.76,9,0
P006,HRTF_A,19,0.833,3.34,-2.74,9,0
P006,HRTF_A,19,0.847,3.26,-2.7,9,0
P006,HRTF_A,19,0.861,3.18,-2.68,9,0
P006,HRTF_A,19,0.875,3.07,-2.66,9,0
P006,HRTF_A,19,0.889,3.0,-2.66,9,0
P006,HRTF_A,19,0.903,2.92,-2.64,9,0
P006,HRTF_A,19,0.917,2.87,-2.62,9,0
P006,HRTF_A,19,0.93,2.85,-2.61,9,0
P006,HRTF_A,19,0.944,2.89,-2.61,9,0
P006,HRTF_A,19,0.958,2.96,-2.6,9,0
P006,HRTF_A,19,0.972,3.1,-2.6,9,0
P006,HRTF_A,19,0.986,3.3,-2.6,9,0
P006,HRTF_A,19,1.0,3.6,-2.6,9,0
P006,HRTF_A,19,1.014,4.0,-2.64,9,0
P006,HRTF_A,19,1.027,4.5,-2.63,9,0
P006,HRTF_A,19,1.041,5.2,-2.63,9,0
P006,HRTF_A,19,1.055,5.95,-2.73,9,0
P006,HRTF_A,19,1.069,6.92,-2.88,9,0
P006,HRTF_A,19,1.083,7.93,-2.98,9,0
P006,HRTF_A,19,1.097,9.1,-3.12,9,0
P006,HRTF_A,19,1.111,10.35,-3.17,9,0
P006,HRTF_A,19,1.125,11.64,-3.16,9,0
P006,HRTF_A,19,1.139,13.05,-3.12,9,0
P006,HRTF_A,19,1.153,14.63,-3.17,9,0
P006,HRTF_A,19,1.167,16.16,-3.14,9,0
P006,HRTF_A,19,1.18,17.68,-3.19,9,0
P006,HRTF_A,19,1.194,19.19,-3.12,9,0
P006,HRTF_A,19,1.208,20.69,-3.03,9,0
P006,HRTF_A,19,1.222,22.21,-2.86,9,0
P006,HRTF_A,19,1.236,23.76,-2.72,9,0
P006,HRTF_A,19,1.25,25.38,-2.6,9,0
P006,HRTF_A,19,1.263,26.94,-2.52,9,0
P006,HRTF_A,19,1.277,28.51,-2.42,9,0
P006,HRTF_A,19,1.291,30.05,-2.36,9,0
P006,HRTF_A,19,1.305,31.64,-2.34,9,0
P006,HRTF_A,19,1.319,33.33,-2.39,9,0
P006,HRTF_A,19,1.333,34.97,-2.51,9,0
P006,HRTF_A,19,1.347,36.6,-2.65,9,0
P006,HRTF_A,19,1.361,38.2,-2.82,9,0
P006,HRTF_A,19,1.375,39.81,-3.05,9,0
P006,HRTF_A,19,1.389,41.55,-3.34,9,0
P006,HRTF_A,19,1.403,43.37,-3.64,9,0
P006,HRTF_A,19,1.417,45.18,-3.9,9,0
P006,HRTF_A,19,1.43,46.96,-4.12,9,0
P006,HRTF_A,19,1.444,48.71,-4.29,9,0
P006,HRTF_A,19,1.458,50.49,-4.41,9,0
P006,HRTF_A,19,1.472,52.35,-4.52,9,0
P006,HRTF_A,19,1.486,54.23,-4.59,9,0
P006,HRTF_A,19,1.5,56.13,-4.48,9,0
P006,HRTF_A,19,1.514,58.03,-4.34,9,0
P006,HRTF_A,19,1.527,59.93,-4.05,9,0
P006,HRTF_A,19,1.541,61.82,-3.65,9,0
P006,HRTF_A,19,1.555,63.73,-3.17,9,0
P006,HRTF_A,19,1.569,65.62,-2.56,9,0
P006,HRTF_A,19,1.583,67.41,-1.99,9,0
P006,HRTF_A,19,1.597,69.23,-1.51,9,0
P006,HRTF_A,19,1.611,70.94,-1.23,9,0
P006,HRTF_A,19,1.625,72.68,-0.93,9,0
P006,HRTF_A,19,1.639,74.27,-0.75,9,0
P006,HRTF_A,19,1.653,75.77,-0.42,9,0
P006,HRTF_A,19,1.667,77.15,0.04,9,0
P006,HRTF_A,19,1.68,78.47,0.53,9,0
P006,HRTF_A,19,1.694,79.71,1.06,9,0
P006,HRTF_A,19,1.708,80.74,1.67,9,0
P006,HRTF_A,19,1.722,81.66,2.17,9,0
P006,HRTF_A,19,1.736,82.58,2.51,9,0
P006,HRTF_A,19,1.75,83.36,2.57,9,0
P006,HRTF_A,19,1.764,84.16,2.55,9,0
P006,HRTF_A,19,1.777,84.89,2.49,9,0
P006,HRTF_A,19,1.791,85.54,2.48,9,0
P006,HRTF_A,19,1.805,86.14,2.55,9,0
P006,HRTF_A,19,1.819,86.68,2.61,9,0
P006,HRTF_A,19,1.833,87.27,2.65,9,0
P006,HRTF_A,19,1.847,87.83,2.7,9,0
P006,HRTF_A,19,1.861,88.36,2.69,9,0
P006,HRTF_A,19,1.875,88.88,2.61,9,0
P006,HRTF_A,19,1.889,89.35,2.5,9,0
P006,HRTF_A,19,1.902,89.83,2.43,9,0
P006,HRTF_A,19,1.916,90.35,2.34,9,0
P006,HRTF_A,20,0.014,3.83,-0.59,22,0
P006,HRTF_A,20,0.028,3.68,-0.65,22,0
P006,HRTF_A,20,0.041,3.53,-0.75,22,0
P006,HRTF_A,20,0.056,3.39,-0.84,22,0
P006,HRTF_A,20,0.069,3.24,-0.92,22,0
P006,HRTF_A,20,0.083,3.11,-0.98,22,0
P006,HRTF_A,20,0.097,2.96,-1.04,22,0
P006,HRTF_A,20,0.111,2.83,-1.07,22,0
P006,HRTF_A,20,0.125,2.69,-1.08,22,0
P006,HRTF_A,20,0.139,2.56,-1.1,22,0
P006,HRTF_A,20,0.152,2.39,-1.12,22,0
P006,HRTF_A,20,0.166,2.25,-1.12,22,0
P006,HRTF_A,20,0.18,2.08,-1.13,22,0
P006,HRTF_A,20,0.194,1.9,-1.15,22,0
P006,HRTF_A,20,0.208,1.73,-1.19,22,0
P006,HRTF_A,20,0.222,1.55,-1.23,22,0
P006,HRTF_A,20,0.236,1.38,-1.28,22,0
P006,HRTF_A,20,0.25,1.21,-1.3,22,0
P006,HRTF_A,20,0.264,1.06,-1.32,22,0
P006,HRTF_A,20,0.278,0.91,-1.36,22,0
P006,HRTF_A,20,0.292,0.75,-1.42,22,0
P006,HRTF_A,20,0.305,0.61,-1.48,22,0
P006,HRTF_A,20,0.319,0.48,-1.54,22,0
P006,HRTF_A,20,0.333,0.38,-1.57,22,0
P006,HRTF_A,20,0.347,0.29,-1.59,22,0
P006,HRTF_A,20,0.361,0.19,-1.58,22,0
P006,HRTF_A,20,0.374,0.13,-1.57,22,0
P006,HRTF_A,20,0.389,0.07,-1.55,22,0
P006,HRTF_A,20,0.402,0.03,-1.52,22,0
P006,HRTF_A,20,0.416,-0.02,-1.53,22,0
P006,HRTF_A,20,0.43,-0.04,-1.57,22,0
P006,HRTF_A,20,0.444,-0.05,-1.61,22,0
P006,HRTF_A,20,0.458,-0.05,-1.65,22,0
P006,HRTF_A,20,0.472,-0.03,-1.67,22,0
P006,HRTF_A,20,0.486,0.01,-1.69,22,0
P006,HRTF_A,20,0.5,0.07,-1.68,22,0
P006,HRTF_A,20,0.513,0.14,-1.67,22,0
P006,HRTF_A,20,0.528,0.23,-1.66,22,0
P006,HRTF_A,20,0.541,0.32,-1.67,22,0
P006,HRTF_A,20,0.555,0.45,-1.68,22,0
P006,HRTF_A,20,0.569,0.6,-1.69,22,0
P006,HRTF_A,20,0.583,0.74,-1.69,22,0
P006,HRTF_A,20,0.597,0.91,-1.67,22,0
P006,HRTF_A,20,0.611,1.07,-1.67,22,0
P006,HRTF_A,20,0.625,1.25,-1.68,22,0
P006,HRTF_A,20,0.639,1.41,-1.68,22,0
P006,HRTF_A,20,0.653,1.58,-1.71,22,0
P006,HRTF_A,20,0.666,1.75,-1.75,22,0
P006,HRTF_A,20,0.68,1.92,-1.79,22,0
P006,HRTF_A,20,0.694,2.09,-1.81,22,0
P006,HRTF_A,20,0.708,2.25,-1.82,22,0
P006,HRTF_A,20,0.722,2.4,-1.83,22,0
P006,HRTF_A,20,0.736,2.56,-1.84,22,0
P006,HRTF_A,20,0.75,2.72,-1.84,22,0
P006,HRTF_A,20,0.763,2.88,-1.83,22,0
P006,HRTF_A,20,0.777,3.05,-1.83,22,0
P006,HRTF_A,20,0.791,3.2,-1.83,22,0
P006,HRTF_A,20,0.805,3.35,-1.84,22,0
P006,HRTF_A,20,0.819,3.49,-1.87,22,0
P006,HRTF_A,20,0.833,3.6,-1.88,22,0
P006,HRTF_A,20,0.847,3.73,-1.88,22,0
P006,HRTF_A,20,0.861,3.83,-1.88,22,0
P006,HRTF_A,20,0.875,3.91,-1.88,22,0
P006,HRTF_A,20,0.889,3.96,-1.9,22,0
P006,HRTF_A,20,0.902,3.99,-1.9,22,0
P006,HRTF_A,20,0.916,4.01,-1.9,22,0
P006,HRTF_A,20,0.93,4.04,-1.92,22,0
P006,HRTF_A,20,0.944,4.05,-1.91,22,0
P006,HRTF_A,20,0.958,4.04,-1.93,22,0
P006,HRTF_A,20,0.972,4.02,-1.93,22,0
P006,HRTF_A,20,0.986,3.98,-1.93,22,0
P006,HRTF_A,20,1.0,3.9,-1.91,22,0
P006,HRTF_A,20,1.014,3.83,-1.89,22,0
P006,HRTF_A,20,1.028,3.75,-1.88,22,0
P006,HRTF_A,20,1.041,3.65,-1.88,22,0
P006,HRTF_A,20,1.055,3.52,-1.88,22,0
P006,HRTF_A,20,1.069,3.34,-1.93,22,0
P006,HRTF_A,20,1.083,3.1,-1.96,22,0
P006,HRTF_A,20,1.097,2.75,-1.99,22,0
P006,HRTF_A,20,1.111,2.4,-1.98,22,0
P006,HRTF_A,20,1.125,1.95,-1.93,22,0
P006,HRTF_A,20,1.138,1.38,-1.87,22,0
P006,HRTF_A,20,1.152,0.58,-1.84,22,0
P006,HRTF_A,20,1.166,-0.23,-1.8,22,0
P006,HRTF_A,20,1.18,-1.23,-1.78,22,0
P006,HRTF_A,20,1.194,-2.24,-1.85,22,0
P006,HRTF_A,20,1.208,-3.35,-1.95,22,0
P006,HRTF_A,20,1.222,-4.52,-2.08,22,0
P006,HRTF_A,20,1.236,-5.73,-2.18,22,0
P006,HRTF_A,20,1.25,-6.98,-2.24,22,0
P006,HRTF_A,20,1.263,-8.26,-2.31,22,0
P006,HRTF_A,20,1.278,-9.6,-2.31,22,0
P006,HRTF_A,20,1.291,-10.96,-2.32,22,0
P006,HRTF_A,20,1.305,-12.34,-2.28,22,0
P006,HRTF_A,20,1.319,-13.72,-2.34,22,0
P006,HRTF_A,20,1.333,-15.04,-2.4,22,0
P006,HRTF_A,20,1.347,-16.42,-2.45,22,0
P006,HRTF_A,20,1.361,-17.76,-2.48,22,0
P006,HRTF_A,20,1.375,-19.08,-2.52,22,0
P006,HRTF_A,20,1.388,-20.37,-2.54,22,0
P006,HRTF_A,20,1.402,-21.68,-2.57,22,0
P006,HRTF_A,20,1.416,-22.96,-2.62,22,0
P006,HRTF_A,20,1.43,-24.21,-2.66,22,0
P006,HRTF_A,20,1.444,-25.45,-2.74,22,0
P006,HRTF_A,20,1.458,-26.74,-2.92,22,0
P006,HRTF_A,20,1.472,-28.01,-3.1,22,0
P006,HRTF_A,20,1.486,-29.32,-3.32,22,0
P006,HRTF_A,20,1.5,-30.59,-3.51,22,0
P006,HRTF_A,20,1.514,-31.87,-3.68,22,0
P006,HRTF_A,20,1.527,-33.19,-3.93,22,0
P006,HRTF_A,20,1.541,-34.53,-4.19,22,0
P006,HRTF_A,20,1.555,-35.94,-4.56,22,0
P006,HRTF_A,20,1.569,-37.3,-4.84,22,0
P006,HRTF_A,20,1.583,-38.69,-5.06,22,0
P006,HRTF_A,20,1.597,-40.12,-5.33,22,0
P006,HRTF_A,20,1.611,-41.57,-5.58,22,0
P006,HRTF_A,20,1.625,-43.02,-5.77,22,0
P006,HRTF_A,20,1.639,-44.5,-5.93,22,0
P006,HRTF_A,20,1.652,-45.99,-6.11,22,0
P006,HRTF_A,20,1.666,-47.51,-6.31,22,0
P006,HRTF_A,20,1.681,-48.99,-6.55,22,0
P006,HRTF_A,20,1.694,-50.5,-6.92,22,0
P006,HRTF_A,20,1.708,-52.04,-7.28,22,0
P006,HRTF_A,20,1.722,-53.59,-7.63,22,0
P006,HRTF_A,20,1.736,-55.18,-7.8,22,0
P006,HRTF_A,20,1.75,-56.73,-8.01,22,0
P006,HRTF_A,20,1.764,-58.25,-8.17,22,0
P006,HRTF_A,20,1.778,-59.74,-8.42,22,0
P006,HRTF_A,20,1.791,-61.19,-8.6,22,0
P006,HRTF_A,20,1.805,-62.59,-8.83,22,0
P006,HRTF_A,20,1.819,-63.94,-8.99,22,0
P006,HRTF_A,20,1.833,-65.3,-9.13,22,0
P006,HRTF_A,20,1.847,-66.55,-9.19,22,0
P006,HRTF_A,20,1.861,-67.76,-9.3,22,0
P006,HRTF_A,20,1.875,-68.96,-9.32,22,0
P006,HRTF_A,20,1.889,-70.11,-9.38,22,0
P006,HRTF_A,20,1.902,-71.13,-9.34,22,0
P006,HRTF_A,20,1.916,-72.13,-9.33,22,0
P006,HRTF_A,20,1.93,-73.11,-9.28,22,0
P006,HRTF_A,20,1.944,-73.95,-9.17,22,0
P006,HRTF_A,20,1.958,-74.81,-9.14,22,0
P006,HRTF_A,20,1.972,-75.64,-9.11,22,0
P006,HRTF_A,20,1.986,-76.51,-9.11,22,0
P006,HRTF_A,20,2.0,-77.34,-9.11,22,0
P006,HRTF_A,20,2.014,-78.12,-9.08,22,0
P006,HRTF_A,20,2.027,-79.01,-9.05,22,0
P006,HRTF_A,20,2.041,-79.88,-8.98,22,0
P006,HRTF_A,20,2.055,-80.71,-8.98,22,0
P006,HRTF_A,20,2.069,-81.57,-9.09,22,0
P006,HRTF_A,20,2.083,-82.39,-9.28,22,0
P006,HRTF_A,20,2.097,-83.25,-9.48,22,0
P006,HRTF_A,20,2.111,-84.07,-9.71,22,0
P006,HRTF_A,20,2.125,-84.84,-9.91,22,0
P006,HRTF_A,20,2.138,-85.6,-10.1,22,0
P006,HRTF_A,20,2.153,-86.32,-10.33,22,0
P006,HRTF_A,20,2.166,-87.06,-10.57,22,0
P006,HRTF_A,20,2.18,-87.8,-10.84,22,0
P006,HRTF_A,20,2.194,-88.54,-11.16,22,0
P006,HRTF_A,20,2.208,-89.29,-11.44,22,0
P006,HRTF_A,20,2.222,-90.07,-11.72,22,0
P006,HRTF_A,20,2.236,-90.83,-11.95,22,0
P006,HRTF_A,20,2.25,-91.58,-12.18,22,0
P006,HRTF_A,20,2.263,-92.33,-12.34,22,0
P006,HRTF_A,20,2.277,-93.09,-12.55,22,0
P006,HRTF_A,20,2.291,-93.83,-12.76,22,0
P006,HRTF_A,20,2.305,-94.58,-12.92,22,0
P006,HRTF_A,20,2.319,-95.37,-13.05,22,0
P006,HRTF_A,20,2.333,-96.18,-13.14,22,0
P006,HRTF_A,20,2.347,-96.96,-13.23,22,0
P006,HRTF_A,20,2.361,-97.72,-13.36,22,0
P006,HRTF_A,20,2.375,-98.49,-13.5,22,0
P006,HRTF_A,20,2.388,-99.22,-13.67,22,0
P006,HRTF_A,20,2.402,-99.99,-13.75,22,0
P006,HRTF_A,20,2.416,-100.77,-13.8,22,0
P006,HRTF_A,20,2.43,-101.52,-13.88,22,0
P006,HRTF_A,20,2.444,-102.29,-13.9,22,0
P006,HRTF_A,20,2.458,-103.05,-13.86,22,0
P006,HRTF_A,20,2.472,-103.8,-13.86,22,0
P006,HRTF_A,20,2.486,-104.53,-13.87,22,0
P006,HRTF_A,20,2.499,-105.24,-13.99,22,0
P006,HRTF_A,20,2.513,-105.98,-14.1,22,0
P006,HRTF_A,20,2.528,-106.78,-14.16,22,0
P006,HRTF_A,20,2.541,-107.5,-14.24,22,0
P006,HRTF_A,20,2.555,-108.21,-14.29,22,0
P006,HRTF_A,20,2.569,-108.95,-14.33,22,0
P006,HRTF_A,20,2.583,-109.71,-14.42,22,0
P006,HRTF_A,20,2.597,-110.44,-14.52,22,0
P006,HRTF_A,20,2.611,-111.2,-14.55,22,0
P006,HRTF_A,20,2.625,-111.95,-14.55,22,0
P006,HRTF_A,20,2.638,-112.68,-14.54,22,0
P006,HRTF_A,20,2.652,-113.46,-14.5,22,0
P006,HRTF_A,20,2.666,-114.18,-14.47,22,0
P006,HRTF_A,20,2.68,-114.86,-14.45,22,0
P006,HRTF_A,20,2.694,-115.53,-14.44,22,0
P006,HRTF_A,20,2.708,-116.19,-14.41,22,0
P006,HRTF_A,20,2.722,-116.74,-14.34,22,0
P006,HRTF_A,20,2.735,-117.33,-14.35,22,0
P006,HRTF_A,20,2.749,-117.86,-14.39,22,0
P006,HRTF_A,20,2.763,-118.35,-14.37,22,0
P006,HRTF_A,20,2.777,-118.82,-14.36,22,0
P006,HRTF_A,20,2.791,-119.24,-14.32,22,0
P006,HRTF_A,20,2.805,-119.62,-14.34,22,0
P006,HRTF_A,20,2.819,-120.03,-14.31,22,0
P006,HRTF_A,20,2.833,-120.41,-14.3,22,0
P006,HRTF_A,20,2.847,-120.8,-14.32,22,0
P006,HRTF_A,20,2.861,-121.14,-14.31,22,0
P006,HRTF_A,20,2.874,-121.43,-14.29,22,0
P006,HRTF_A,20,2.888,-121.75,-14.32,22,0
P006,HRTF_A,20,2.902,-122.07,-14.31,22,0
P006,HRTF_A,20,2.916,-122.37,-14.3,22,0
P006,HRTF_A,20,2.93,-122.69,-14.3,22,0
P006,HRTF_A,20,2.944,-122.96,-14.31,22,0
P006,HRTF_A,20,2.958,-123.23,-14.33,22,0
P006,HRTF_A,20,2.972,-123.5,-14.33,22,0
P006,HRTF_A,20,2.986,-123.74,-14.3,22,0
P006,HRTF_A,20,2.999,-123.95,-14.27,22,0
P006,HRTF_A,20,3.013,-124.18,-14.26,22,0
P006,HRTF_A,20,3.027,-124.4,-14.28,22,0
P006,HRTF_A,20,3.041,-124.61,-14.31,22,0
P006,HRTF_A,20,3.055,-124.81,-14.36,22,0
P006,HRTF_A,20,3.069,-125.01,-14.4,22,0
P006,HRTF_A,20,3.083,-125.18,-14.43,22,0
P006,HRTF_A,20,3.097,-125.35,-14.45,22,0
P006,HRTF_A,20,3.11,-125.54,-14.44,22,0
P006,HRTF_A,20,3.124,-125.71,-14.44,22,0
P006,HRTF_A,20,3.139,-125.91,-14.46,22,0
P006,HRTF_A,20,3.152,-126.09,-14.48,22,0
P006,HRTF_A,20,3.166,-126.28,-14.52,22,0
P006,HRTF_A,20,3.18,-126.44,-14.52,22,0
P006,HRTF_A,20,3.194,-126.58,-14.52,22,0
P006,HRTF_A,20,3.208,-126.73,-14.52,22,0
P006,HRTF_A,20,3.222,-126.88,-14.5,22,0
P006,HRTF_A,20,3.235,-127.02,-14.5,22,0
P006,HRTF_A,20,3.249,-127.15,-14.49,22,0
P006,HRTF_A,20,3.263,-127.27,-14.46,22,0
P006,HRTF_A,20,3.277,-127.4,-14.4,22,0
P006,HRTF_A,20,3.291,-127.51,-14.35,22,0
P006,HRTF_A,20,3.305,-127.62,-14.3,22,0
P006,HRTF_A,20,3.319,-127.72,-14.28,22,0
P006,HRTF_A,20,3.333,-127.82,-14.28,22,0
P006,HRTF_A,21,0.014,-0.23,-1.84,29,1
P006,HRTF_A,21,0.028,-0.17,-1.84,29,1
P006,HRTF_A,21,0.042,-0.11,-1.84,29,1
P006,HRTF_A,21,0.056,-0.05,-1.88,29,1
P006,HRTF_A,21,0.07,0.04,-1.93,29,1
P006,HRTF_A,21,0.083,0.14,-1.97,29,1
P006,HRTF_A,21,0.097,0.23,-2.01,29,1
P006,HRTF_A,21,0.111,0.35,-2.05,29,1
P006,HRTF_A,21,0.125,0.44,-2.09,29,1
P006,HRTF_A,21,0.139,0.55,-2.13,29,1
P006,HRTF_A,21,0.153,0.65,-2.19,29,1
P006,HRTF_A,21,0.167,0.75,-2.26,29,1
P006,HRTF_A,21,0.181,0.84,-2.32,29,1
P006,HRTF_A,21,0.195,0.92,-2.4,29,1
P006,HRTF_A,21,0.209,1.01,-2.5,29,1
P006,HRTF_A,21,0.222,1.09,-2.53,29,1
P006,HRTF_A,21,0.236,1.18,-2.55,29,1
P006,HRTF_A,21,0.25,1.29,-2.59,29,1
P006,HRTF_A,21,0.264,1.41,-2.64,29,1
P006,HRTF_A,21,0.278,1.59,-2.71,29,1
P006,HRTF_A,21,0.292,1.78,-2.78,29,1
P006,HRTF_A,21,0.306,2.0,-2.84,29,1
P006,HRTF_A,21,0.32,2.23,-2.9,29,1
P006,HRTF_A,21,0.333,2.47,-2.95,29,1
P006,HRTF_A,21,0.347,2.74,-3.01,29,1
P006,HRTF_A,21,0.361,3.0,-3.09,29,1
P006,HRTF_A,21,0.375,3.27,-3.17,29,1
P006,HRTF_A,21,0.389,3.58,-3.23,29,1
P006,HRTF_A,21,0.403,3.87,-3.26,29,1
P006,HRTF_A,21,0.417,4.16,-3.28,29,1
P006,HRTF_A,21,0.431,4.43,-3.29,29,1
P006,HRTF_A,21,0.445,4.74,-3.31,29,1
P006,HRTF_A,21,0.459,5.03,-3.35,29,1
P006,HRTF_A,21,0.472,5.33,-3.35,29,1
P006,HRTF_A,21,0.486,5.62,-3.34,29,1
P006,HRTF_A,21,0.5,5.89,-3.35,29,1
P006,HRTF_A,21,0.514,6.13,-3.33,29,1
P006,HRTF_A,21,0.528,6.36,-3.26,29,1
P006,HRTF_A,21,0.542,6.6,-3.22,29,1
P006,HRTF_A,21,0.555,6.84,-3.19,29,1
P006,HRTF_A,21,0.57,7.09,-3.18,29,1
P006,HRTF_A,21,0.583,7.34,-3.2,29,1
P006,HRTF_A,21,0.597,7.56,-3.21,29,1
P006,HRTF_A,21,0.611,7.77,-3.25,29,1
P006,HRTF_A,21,0.625,7.99,-3.27,29,1
P006,HRTF_A,21,0.639,8.21,-3.29,29,1
P006,HRTF_A,21,0.653,8.43,-3.32,29,1
P006,HRTF_A,21,0.667,8.66,-3.35,29,1
P006,HRTF_A,21,0.681,8.87,-3.37,29,1
P006,HRTF_A,21,0.694,9.09,-3.4,29,1
P006,HRTF_A,21,0.708,9.31,-3.42,29,1
P006,HRTF_A,21,0.722,9.5,-3.45,29,1
P006,HRTF_A,21,0.736,9.73,-3.49,29,1
P006,HRTF_A,21,0.75,9.95,-3.52,29,1
P006,HRTF_A,21,0.764,10.2,-3.54,29,1
P006,HRTF_A,21,0.778,10.49,-3.53,29,1
P006,HRTF_A,21,0.792,10.81,-3.53,29,1
P006,HRTF_A,21,0.806,11.14,-3.52,29,1
P006,HRTF_A,21,0.819,11.47,-3.49,29,1
P006,HRTF_A,21,0.833,11.75,-3.47,29,1
P006,HRTF_A,21,0.847,12.0,-3.44,29,1
P006,HRTF_A,21,0.861,12.16,-3.44,29,1
P006,HRTF_A,21,0.875,12.34,-3.45,29,1
P006,HRTF_A,21,0.889,12.48,-3.44,29,1
P006,HRTF_A,21,0.903,12.6,-3.42,29,1
P006,HRTF_A,21,0.916,12.63,-3.41,29,1
P006,HRTF_A,21,0.931,12.58,-3.4,29,1
P006,HRTF_A,21,0.944,12.51,-3.4,29,1
P006,HRTF_A,21,0.958,12.44,-3.39,29,1
P006,HRTF_A,21,0.972,12.28,-3.36,29,1
P006,HRTF_A,21,0.986,12.1,-3.34,29,1
P006,HRTF_A,21,1.0,11.79,-3.32,29,1
P006,HRTF_A,21,1.014,11.26,-3.33,29,1
P006,HRTF_A,21,1.028,10.7,-3.4,29,1
P006,HRTF_A,21,1.042,9.94,-3.55,29,1
P006,HRTF_A,21,1.055,9.05,-3.78,29,1
P006,HRTF_A,21,1.069,7.95,-4.04,29,1
P006,HRTF_A,21,1.083,6.79,-4.26,29,1
P006,HRTF_A,21,1.097,5.45,-4.48,29,1
P006,HRTF_A,21,1.111,4.01,-4.68,29,1
P006,HRTF_A,21,1.125,2.39,-4.82,29,1
P006,HRTF_A,21,1.139,0.73,-4.99,29,1
P006,HRTF_A,21,1.153,-1.13,-5.19,29,1
P006,HRTF_A,21,1.167,-3.01,-5.45,29,1
P006,HRTF_A,21,1.181,-5.0,-5.66,29,1
P006,HRTF_A,21,1.195,-7.03,-5.79,29,1
P006,HRTF_A,21,1.208,-9.13,-6.0,29,1
P006,HRTF_A,21,1.222,-11.26,-6.18,29,1
P006,HRTF_A,21,1.236,-13.53,-6.42,29,1
P006,HRTF_A,21,1.25,-15.83,-6.74,29,1
P006,HRTF_A,21,1.264,-18.12,-7.02,29,1
P006,HRTF_A,21,1.278,-20.44,-7.29,29,1
P006,HRTF_A,21,1.292,-22.85,-7.58,29,1
P006,HRTF_A,21,1.305,-25.29,-7.88,29,1
P006,HRTF_A,21,1.319,-27.82,-8.2,29,1
P006,HRTF_A,21,1.333,-30.24,-8.55,29,1
P006,HRTF_A,21,1.347,-32.63,-8.88,29,1
P006,HRTF_A,21,1.361,-34.99,-9.19,29,1
P006,HRTF_A,21,1.375,-37.35,-9.38,29,1
P006,HRTF_A,21,1.389,-39.64,-9.48,29,1
P006,HRTF_A,21,1.403,-41.78,-9.42,29,1
P006,HRTF_A,21,1.417,-43.81,-9.29,29,1
P006,HRTF_A,21,1.43,-45.71,-9.04,29,1
P006,HRTF_A,22,0.013,-0.32,-1.23,23,1
P006,HRTF_A,22,0.036,0.07,-1.34,23,1
P006,HRTF_A,22,0.05,0.94,-1.44,23,1
P006,HRTF_A,22,0.064,1.35,-1.55,23,1
P006,HRTF_A,22,0.078,1.71,-1.68,23,1
P006,HRTF_A,22,0.092,2.08,-1.76,23,1
P006,HRTF_A,22,0.106,2.4,-1.86,23,1
P006,HRTF_A,22,0.12,2.72,-1.94,23,1
P006,HRTF_A,22,0.134,3.0,-2.03,23,1
P006,HRTF_A,22,0.148,3.3,-2.11,23,1
P006,HRTF_A,22,0.161,3.55,-2.18,23,1
P006,HRTF_A,22,0.176,3.81,-2.28,23,1
P006,HRTF_A,22,0.19,4.07,-2.38,23,1
P006,HRTF_A,22,0.203,4.28,-2.53,23,1
P006,HRTF_A,22,0.217,4.49,-2.58,23,1
P006,HRTF_A,22,0.231,4.65,-2.6,23,1
P006,HRTF_A,22,0.245,4.77,-2.53,23,1
P006,HRTF_A,22,0.259,4.88,-2.49,23,1
P006,HRTF_A,22,0.273,5.03,-2.5,23,1
P006,HRTF_A,22,0.287,5.15,-2.52,23,1
P006,HRTF_A,22,0.3,5.31,-2.53,23,1
P006,HRTF_A,22,0.314,5.49,-2.52,23,1
P006,HRTF_A,22,0.328,5.66,-2.48,23,1
P006,HRTF_A,22,0.342,5.88,-2.43,23,1
P006,HRTF_A,22,0.356,6.1,-2.4,23,1
P006,HRTF_A,22,0.37,6.33,-2.38,23,1
P006,HRTF_A,22,0.384,6.56,-2.38,23,1
P006,HRTF_A,22,0.398,6.78,-2.37,23,1
P006,HRTF_A,22,0.412,6.99,-2.33,23,1
P006,HRTF_A,22,0.425,7.22,-2.29,23,1
P006,HRTF_A,22,0.44,7.44,-2.29,23,1
P006,HRTF_A,22,0.454,7.7,-2.29,23,1
P006,HRTF_A,22,0.467,7.99,-2.37,23,1
P006,HRTF_A,22,0.481,8.28,-2.38,23,1
P006,HRTF_A,22,0.495,8.54,-2.38,23,1
P006,HRTF_A,22,0.509,8.82,-2.37,23,1
P006,HRTF_A,22,0.523,9.12,-2.34,23,1
P006,HRTF_A,22,0.537,9.41,-2.3,23,1
P006,HRTF_A,22,0.55,9.69,-2.22,23,1
P006,HRTF_A,22,0.564,9.92,-2.17,23,1
P006,HRTF_A,22,0.578,10.14,-2.14,23,1
P006,HRTF_A,22,0.592,10.35,-2.11,23,1
P006,HRTF_A,22,0.606,10.53,-2.14,23,1
P006,HRTF_A,22,0.62,10.71,-2.16,23,1
P006,HRTF_A,22,0.634,10.88,-2.16,23,1
P006,HRTF_A,22,0.648,11.02,-2.15,23,1
P006,HRTF_A,22,0.661,11.15,-2.12,23,1
P006,HRTF_A,22,0.675,11.25,-2.1,23,1
P006,HRTF_A,22,0.689,11.36,-2.08,23,1
P006,HRTF_A,22,0.703,11.45,-2.08,23,1
P006,HRTF_A,22,0.717,11.57,-2.11,23,1
P006,HRTF_A,22,0.731,11.7,-2.16,23,1
P006,HRTF_A,22,0.745,11.85,-2.21,23,1
P006,HRTF_A,22,0.759,12.03,-2.24,23,1
P006,HRTF_A,22,0.773,12.21,-2.26,23,1
P006,HRTF_A,22,0.787,12.39,-2.26,23,1
P006,HRTF_A,22,0.8,12.57,-2.26,23,1
P006,HRTF_A,22,0.815,12.76,-2.24,23,1
P006,HRTF_A,22,0.828,12.94,-2.24,23,1
P006,HRTF_A,22,0.842,13.1,-2.23,23,1
P006,HRTF_A,22,0.856,13.24,-2.26,23,1
P006,HRTF_A,22,0.87,13.36,-2.28,23,1
P006,HRTF_A,22,0.884,13.46,-2.27,23,1
P006,HRTF_A,22,0.898,13.52,-2.28,23,1
P006,HRTF_A,22,0.911,13.56,-2.28,23,1
P006,HRTF_A,22,0.925,13.58,-2.27,23,1
P006,HRTF_A,22,0.939,13.58,-2.24,23,1
P006,HRTF_A,22,0.953,13.57,-2.22,23,1
P006,HRTF_A,22,0.968,13.5,-2.21,23,1
P006,HRTF_A,22,0.981,13.38,-2.23,23,1
P006,HRTF_A,22,0.995,13.19,-2.29,23,1
P006,HRTF_A,22,1.009,12.89,-2.37,23,1
P006,HRTF_A,22,1.022,12.47,-2.5,23,1
P006,HRTF_A,22,1.036,12.04,-2.64,23,1
P006,HRTF_A,22,1.05,11.39,-2.78,23,1
P006,HRTF_A,22,1.064,10.79,-2.96,23,1
P006,HRTF_A,22,1.078,9.9,-3.28,23,1
P006,HRTF_A,22,1.092,9.0,-3.66,23,1
P006,HRTF_A,22,1.106,7.83,-4.17,23,1
P006,HRTF_A,22,1.12,6.56,-4.67,23,1
P006,HRTF_A,22,1.134,5.1,-5.14,23,1
P006,HRTF_A,22,1.148,3.67,-5.62,23,1
P006,HRTF_A,22,1.161,2.2,-6.2,23,1
P006,HRTF_A,22,1.175,0.79,-6.8,23,1
P006,HRTF_A,22,1.189,-0.72,-7.5,23,1
P006,HRTF_A,22,1.203,-2.28,-8.11,23,1
P006,HRTF_A,22,1.217,-3.83,-8.68,23,1
P006,HRTF_A,22,1.231,-5.4,-9.19,23,1
P006,HRTF_A,22,1.245,-6.94,-9.72,23,1
P006,HRTF_A,22,1.259,-8.44,-10.26,23,1
P006,HRTF_A,22,1.272,-9.95,-10.76,23,1
P006,HRTF_A,22,1.286,-11.49,-11.18,23,1
P006,HRTF_A,22,1.3,-13.05,-11.55,23,1
P006,HRTF_A,22,1.314,-14.65,-11.95,23,1
P006,HRTF_A,22,1.328,-16.21,-12.32,23,1
P006,HRTF_A,22,1.342,-17.8,-12.67,23,1
P006,HRTF_A,22,1.356,-19.3,-12.9,23,1
P006,HRTF_A,22,1.37,-20.82,-13.21,23,1
P006,HRTF_A,22,1.384,-22.28,-13.54,23,1
P006,HRTF_A,22,1.397,-23.77,-13.88,23,1
P006,HRTF_A,22,1.412,-25.22,-14.23,23,1
P006,HRTF_A,22,1.426,-26.6,-14.49,23,1
P006,HRTF_A,22,1.439,-28.01,-14.7,23,1
P006,HRTF_A,22,1.453,-29.49,-14.89,23,1
P006,HRTF_A,22,1.467,-30.99,-15.08,23,1
P006,HRTF_A,22,1.481,-32.51,-15.27,23,1
P006,HRTF_A,22,1.495,-34.05,-15.45,23,1
P006,HRTF_A,22,1.509,-35.59,-15.58,23,1
P006,HRTF_A,22,1.523,-37.12,-15.65,23,1
P006,HRTF_A,22,1.536,-38.63,-15.72,23,1
P006,HRTF_A,22,1.55,-40.19,-15.8,23,1
P006,HRTF_A,22,1.564,-41.75,-15.91,23,1
P006,HRTF_A,22,1.578,-43.35,-16.03,23,1
P006,HRTF_A,22,1.592,-44.94,-16.16,23,1
P006,HRTF_A,22,1.606,-46.63,-16.37,23,1
P006,HRTF_A,22,1.62,-48.32,-16.71,23,1
P006,HRTF_A,22,1.634,-50.13,-17.14,23,1
P006,HRTF_A,22,1.648,-52.0,-17.6,23,1
P006,HRTF_A,22,1.661,-53.95,-17.97,23,1
P006,HRTF_A,22,1.675,-55.92,-18.29,23,1
P006,HRTF_A,22,1.689,-57.83,-18.71,23,1
P006,HRTF_A,22,1.703,-59.76,-19.44,23,1
P006,HRTF_A,22,1.717,-61.69,-20.21,23,1
P006,HRTF_A,22,1.731,-63.61,-20.88,23,1
P006,HRTF_A,22,1.745,-65.46,-21.33,23,1
P006,HRTF_A,22,1.759,-67.16,-21.79,23,1
P006,HRTF_A,22,1.772,-68.66,-22.43,23,1
P006,HRTF_A,22,1.786,-69.91,-23.36,23,1
P006,HRTF_A,22,1.8,-71.02,-24.38,23,1
P006,HRTF_A,22,1.814,-72.14,-25.21,23,1
P006,HRTF_A,22,1.828,-73.1,-25.95,23,1
P006,HRTF_A,22,1.842,-74.01,-26.76,23,1
P006,HRTF_A,22,1.856,-74.8,-27.82,23,1
P006,HRTF_A,22,1.87,-75.57,-28.99,23,1
P006,HRTF_A,22,1.883,-76.23,-30.21,23,1
P006,HRTF_A,22,1.897,-76.98,-31.26,23,1
P006,HRTF_A,22,1.912,-77.66,-32.3,23,1
P006,HRTF_A,22,1.925,-78.28,-33.31,23,1
P006,HRTF_A,22,1.939,-78.76,-34.31,23,1
P006,HRTF_A,22,1.953,-79.25,-35.4,23,1
P006,HRTF_A,22,1.967,-79.7,-36.41,23,1
P006,HRTF_A,22,1.981,-80.29,-37.36,23,1
P006,HRTF_A,22,1.994,-80.88,-38.13,23,1
P006,HRTF_A,22,2.008,-81.5,-38.83,23,1
P006,HRTF_A,22,2.023,-82.09,-39.38,23,1
P006,HRTF_A,22,2.036,-82.59,-39.75,23,1
P006,HRTF_A,22,2.05,-83.21,-40.07,23,1
P006,HRTF_A,22,2.064,-83.81,-40.28,23,1
P006,HRTF_A,22,2.078,-84.46,-40.4,23,1
P006,HRTF_A,22,2.092,-85.27,-40.4,23,1
P006,HRTF_A,22,2.106,-86.18,-40.33,23,1
P006,HRTF_A,22,2.12,-87.16,-40.27,23,1
P006,HRTF_A,22,2.134,-88.19,-40.21,23,1
P006,HRTF_A,22,2.148,-89.23,-40.14,23,1
P006,HRTF_A,22,2.161,-90.39,-40.1,23,1
P006,HRTF_A,22,2.176,-91.58,-40.2,23,1
P006,HRTF_A,22,2.189,-92.83,-40.26,23,1
P006,HRTF_A,22,2.203,-94.19,-40.31,23,1
P006,HRTF_A,22,2.217,-95.53,-40.32,23,1
P006,HRTF_A,22,2.231,-96.83,-40.21,23,1
P006,HRTF_A,22,2.245,-98.17,-40.03,23,1
P006,HRTF_A,22,2.26,-99.4,-39.86,23,1
P006,HRTF_A,22,2.272,-100.7,-39.69,23,1
P006,HRTF_A,22,2.286,-101.97,-39.61,23,1
P006,HRTF_A,22,2.3,-103.26,-39.53,23,1
P006,HRTF_A,22,2.314,-104.56,-39.41,23,1
P006,HRTF_A,22,2.328,-105.85,-39.25,23,1
P006,HRTF_A,22,2.342,-107.13,-39.12,23,1
P006,HRTF_A,22,2.356,-108.43,-39.01,23,1
P006,HRTF_A,22,2.37,-109.74,-38.88,23,1
P006,HRTF_A,22,2.383,-111.04,-38.72,23,1
P006,HRTF_A,22,2.397,-112.29,-38.51,23,1
P006,HRTF_A,22,2.411,-113.54,-38.34,23,1
P006,HRTF_A,22,2.425,-114.74,-38.24,23,1
P006,HRTF_A,22,2.439,-115.95,-38.12,23,1
P006,HRTF_A,22,2.453,-117.13,-38.0,23,1
P006,HRTF_A,22,2.467,-118.26,-37.9,23,1
P006,HRTF_A,22,2.481,-119.36,-37.75,23,1
P006,HRTF_A,22,2.494,-120.28,-37.63,23,1
P006,HRTF_A,22,2.508,-121.2,-37.56,23,1
P006,HRTF_A,22,2.522,-122.03,-37.52,23,1
P006,HRTF_A,22,2.536,-122.88,-37.49,23,1
P006,HRTF_A,22,2.55,-123.59,-37.46,23,1
P006,HRTF_A,22,2.564,-124.36,-37.46,23,1
P006,HRTF_A,22,2.578,-125.04,-37.43,23,1
P006,HRTF_A,22,2.592,-125.64,-37.41,23,1
P006,HRTF_A,23,0.014,-0.93,-2.76,28,1
P006,HRTF_A,23,0.028,-0.75,-2.7,28,1
P006,HRTF_A,23,0.042,-0.56,-2.7,28,1
P006,HRTF_A,23,0.056,-0.39,-2.7,28,1
P006,HRTF_A,23,0.07,-0.24,-2.76,28,1
P006,HRTF_A,23,0.083,-0.11,-2.74,28,1
P006,HRTF_A,23,0.097,0.03,-2.71,28,1
P006,HRTF_A,23,0.111,0.13,-2.69,28,1
P006,HRTF_A,23,0.125,0.23,-2.69,28,1
P006,HRTF_A,23,0.139,0.32,-2.69,28,1
P006,HRTF_A,23,0.153,0.41,-2.73,28,1
P006,HRTF_A,23,0.167,0.52,-2.8,28,1
P006,HRTF_A,23,0.181,0.63,-2.84,28,1
P006,HRTF_A,23,0.194,0.75,-2.8,28,1
P006,HRTF_A,23,0.209,0.85,-2.75,28,1
P006,HRTF_A,23,0.222,0.93,-2.71,28,1
P006,HRTF_A,23,0.236,0.99,-2.75,28,1
P006,HRTF_A,23,0.25,1.06,-2.79,28,1
P006,HRTF_A,23,0.264,1.14,-2.82,28,1
P006,HRTF_A,23,0.278,1.22,-2.8,28,1
P006,HRTF_A,23,0.292,1.31,-2.69,28,1
P006,HRTF_A,23,0.306,1.39,-2.62,28,1
P006,HRTF_A,23,0.32,1.46,-2.55,28,1
P006,HRTF_A,23,0.333,1.53,-2.49,28,1
P006,HRTF_A,23,0.347,1.63,-2.47,28,1
P006,HRTF_A,23,0.361,1.75,-2.49,28,1
P006,HRTF_A,23,0.375,1.87,-2.5,28,1
P006,HRTF_A,23,0.389,2.03,-2.54,28,1
P006,HRTF_A,23,0.403,2.21,-2.58,28,1
P006,HRTF_A,23,0.416,2.43,-2.62,28,1
P006,HRTF_A,23,0.43,2.64,-2.69,28,1
P006,HRTF_A,23,0.444,2.87,-2.78,28,1
P006,HRTF_A,23,0.458,3.09,-2.86,28,1
P006,HRTF_A,23,0.472,3.31,-2.96,28,1
P006,HRTF_A,23,0.486,3.52,-3.02,28,1
P006,HRTF_A,23,0.5,3.72,-3.08,28,1
P006,HRTF_A,23,0.514,3.88,-3.17,28,1
P006,HRTF_A,23,0.528,4.04,-3.27,28,1
P006,HRTF_A,23,0.541,4.18,-3.39,28,1
P006,HRTF_A,23,0.555,4.31,-3.52,28,1
P006,HRTF_A,23,0.569,4.44,-3.61,28,1
P006,HRTF_A,23,0.583,4.54,-3.66,28,1
P006,HRTF_A,23,0.597,4.61,-3.67,28,1
P006,HRTF_A,23,0.611,4.68,-3.68,28,1
P006,HRTF_A,23,0.625,4.73,-3.67,28,1
P006,HRTF_A,23,0.639,4.77,-3.69,28,1
P006,HRTF_A,23,0.653,4.81,-3.71,28,1
P006,HRTF_A,23,0.667,4.83,-3.7,28,1
P006,HRTF_A,23,0.681,4.82,-3.66,28,1
P006,HRTF_A,23,0.694,4.81,-3.63,28,1
P006,HRTF_A,23,0.708,4.8,-3.6,28,1
P006,HRTF_A,23,0.722,4.78,-3.59,28,1
P006,HRTF_A,23,0.736,4.72,-3.62,28,1
P006,HRTF_A,23,0.75,4.69,-3.65,28,1
P006,HRTF_A,23,0.764,4.66,-3.64,28,1
P006,HRTF_A,23,0.778,4.62,-3.64,28,1
P006,HRTF_A,23,0.792,4.59,-3.6,28,1
P006,HRTF_A,23,0.805,4.59,-3.58,28,1
P006,HRTF_A,23,0.819,4.59,-3.57,28,1
P006,HRTF_A,23,0.833,4.57,-3.59,28,1
P006,HRTF_A,23,0.847,4.56,-3.61,28,1
P006,HRTF_A,23,0.861,4.53,-3.62,28,1
P006,HRTF_A,23,0.875,4.49,-3.62,28,1
P006,HRTF_A,23,0.889,4.46,-3.61,28,1
P006,HRTF_A,23,0.903,4.41,-3.6,28,1
P006,HRTF_A,23,0.916,4.35,-3.6,28,1
P006,HRTF_A,23,0.93,4.28,-3.6,28,1
P006,HRTF_A,23,0.944,4.18,-3.6,28,1
P006,HRTF_A,23,0.958,4.07,-3.58,28,1
P006,HRTF_A,23,0.972,3.95,-3.55,28,1
P006,HRTF_A,23,0.986,3.78,-3.54,28,1
P006,HRTF_A,23,1.0,3.54,-3.56,28,1
P006,HRTF_A,23,1.014,3.24,-3.59,28,1
P006,HRTF_A,23,1.027,2.85,-3.66,28,1
P006,HRTF_A,23,1.041,2.42,-3.68,28,1
P006,HRTF_A,23,1.055,1.91,-3.71,28,1
P006,HRTF_A,23,1.069,1.31,-3.78,28,1
P006,HRTF_A,23,1.083,0.55,-3.83,28,1
P006,HRTF_A,23,1.097,-0.26,-3.94,28,1
P006,HRTF_A,23,1.111,-1.27,-4.04,28,1
P006,HRTF_A,23,1.125,-2.3,-4.09,28,1
P006,HRTF_A,23,1.139,-3.51,-4.06,28,1
P006,HRTF_A,23,1.153,-4.7,-4.04,28,1
P006,HRTF_A,23,1.166,-6.01,-3.96,28,1
P006,HRTF_A,23,1.18,-7.38,-3.88,28,1
P006,HRTF_A,23,1.194,-8.82,-3.84,28,1
P006,HRTF_A,23,1.208,-10.27,-3.77,28,1
P006,HRTF_A,23,1.222,-11.71,-3.7,28,1
P006,HRTF_A,23,1.236,-13.22,-3.58,28,1
P006,HRTF_A,23,1.25,-14.67,-3.4,28,1
P006,HRTF_A,23,1.264,-16.16,-3.26,28,1
P006,HRTF_A,23,1.278,-17.7,-3.13,28,1
P006,HRTF_A,23,1.291,-19.28,-3.04,28,1
P006,HRTF_A,23,1.305,-20.83,-2.98,28,1
P006,HRTF_A,23,1.319,-22.41,-2.91,28,1
P006,HRTF_A,23,1.333,-24.0,-2.84,28,1
P006,HRTF_A,23,1.347,-25.63,-2.73,28,1
P006,HRTF_A,23,1.361,-27.24,-2.61,28,1
P006,HRTF_A,23,1.375,-28.92,-2.41,28,1
P006,HRTF_A,23,1.389,-30.64,-2.18,28,1
P006,HRTF_A,23,1.403,-32.36,-1.92,28,1
P006,HRTF_A,23,1.416,-34.14,-1.57,28,1
P006,HRTF_A,23,1.43,-35.91,-1.21,28,1
P006,HRTF_A,23,1.444,-37.79,-0.7,28,1
P006,HRTF_A,24,0.014,-3.18,1.49,9,1
P006,HRTF_A,24,0.028,-2.7,1.49,9,1
P006,HRTF_A,24,0.042,-2.22,1.46,9,1
P006,HRTF_A,24,0.056,-1.75,1.43,9,1
P006,HRTF_A,24,0.07,-1.32,1.41,9,1
P006,HRTF_A,24,0.084,-0.91,1.41,9,1
P006,HRTF_A,24,0.098,-0.5,1.36,9,1
P006,HRTF_A,24,0.111,-0.13,1.32,9,1
P006,HRTF_A,24,0.125,0.22,1.28,9,1
P006,HRTF_A,24,0.139,0.52,1.17,9,1
P006,HRTF_A,24,0.153,0.88,1.13,9,1
P006,HRTF_A,24,0.167,1.13,1.1,9,1
P006,HRTF_A,24,0.18,1.43,1.02,9,1
P006,HRTF_A,24,0.194,1.7,0.94,9,1
P006,HRTF_A,24,0.208,1.96,0.8,9,1
P006,HRTF_A,24,0.222,2.18,0.67,9,1
P006,HRTF_A,24,0.236,2.39,0.54,9,1
P006,HRTF_A,24,0.25,2.61,0.39,9,1
P006,HRTF_A,24,0.264,2.82,0.25,9,1
P006,HRTF_A,24,0.278,2.99,0.1,9,1
P006,HRTF_A,24,0.292,3.15,-0.04,9,1
P006,HRTF_A,24,0.305,3.29,-0.19,9,1
P006,HRTF_A,24,0.319,3.42,-0.33,9,1
P006,HRTF_A,24,0.333,3.54,-0.45,9,1
P006,HRTF_A,24,0.347,3.66,-0.52,9,1
P006,HRTF_A,24,0.361,3.77,-0.59,9,1
P006,HRTF_A,24,0.375,3.89,-0.59,9,1
P006,HRTF_A,24,0.389,3.99,-0.55,9,1
P006,HRTF_A,24,0.403,4.05,-0.52,9,1
P006,HRTF_A,24,0.417,4.12,-0.49,9,1
P006,HRTF_A,24,0.431,4.12,-0.44,9,1
P006,HRTF_A,24,0.444,4.07,-0.38,9,1
P006,HRTF_A,24,0.458,4.02,-0.35,9,1
P006,HRTF_A,24,0.472,3.93,-0.3,9,1
P006,HRTF_A,24,0.486,3.84,-0.27,9,1
P006,HRTF_A,24,0.5,3.7,-0.29,9,1
P006,HRTF_A,24,0.514,3.53,-0.44,9,1
P006,HRTF_A,24,0.528,3.3,-0.62,9,1
P006,HRTF_A,24,0.542,3.06,-0.83,9,1
P006,HRTF_A,24,0.555,2.8,-1.03,9,1
P006,HRTF_A,24,0.569,2.53,-1.2,9,1
P006,HRTF_A,24,0.583,2.29,-1.34,9,1
P006,HRTF_A,24,0.597,2.05,-1.47,9,1
P006,HRTF_A,24,0.611,1.87,-1.53,9,1
P006,HRTF_A,24,0.625,1.68,-1.65,9,1
P006,HRTF_A,24,0.639,1.51,-1.77,9,1
P006,HRTF_A,24,0.653,1.34,-1.92,9,1
P006,HRTF_A,24,0.666,1.17,-2.05,9,1
P006,HRTF_A,24,0.68,1.03,-2.2,9,1
P006,HRTF_A,24,0.694,0.86,-2.32,9,1
P006,HRTF_A,24,0.708,0.7,-2.44,9,1
P006,HRTF_A,24,0.722,0.55,-2.49,9,1
P006,HRTF_A,24,0.736,0.41,-2.52,9,1
P006,HRTF_A,24,0.75,0.29,-2.55,9,1
P006,HRTF_A,24,0.764,0.16,-2.62,9,1
P006,HRTF_A,24,0.778,0.05,-2.73,9,1
P006,HRTF_A,24,0.791,-0.06,-2.89,9,1
P006,HRTF_A,24,0.805,-0.17,-3.04,9,1
P006,HRTF_A,24,0.819,-0.29,-3.12,9,1
P006,HRTF_A,24,0.833,-0.41,-3.16,9,1
P006,HRTF_A,24,0.847,-0.52,-3.25,9,1
P006,HRTF_A,24,0.861,-0.63,-3.43,9,1
P006,HRTF_A,24,0.875,-0.7,-3.61,9,1
P006,HRTF_A,24,0.889,-0.79,-3.76,9,1
P006,HRTF_A,24,0.903,-0.86,-3.88,9,1
P006,HRTF_A,24,0.917,-0.86,-3.96,9,1
P006,HRTF_A,24,0.93,-0.7,-4.04,9,1
P006,HRTF_A,24,0.944,-0.42,-4.14,9,1
P006,HRTF_A,24,0.958,-0.08,-4.25,9,1
P006,HRTF_A,24,0.972,0.39,-4.34,9,1
P006,HRTF_A,24,0.986,0.84,-4.36,9,1
P006,HRTF_A,24,1.0,1.54,-4.35,9,1
P006,HRTF_A,24,1.014,2.34,-4.35,9,1
P006,HRTF_A,24,1.028,3.33,-4.35,9,1
P006,HRTF_A,24,1.041,4.31,-4.33,9,1
P006,HRTF_A,24,1.055,5.52,-4.24,9,1
P006,HRTF_A,24,1.069,6.86,-4.18,9,1
P006,HRTF_A,24,1.083,8.38,-4.2,9,1
P006,HRTF_A,24,1.097,10.06,-4.2,9,1
P006,HRTF_A,24,1.111,12.08,-4.1,9,1
P006,HRTF_A,24,1.125,13.93,-3.98,9,1
P006,HRTF_A,24,1.139,15.91,-3.73,9,1
P006,HRTF_A,24,1.153,17.87,-3.49,9,1
P006,HRTF_A,24,1.166,19.85,-3.19,9,1
P006,HRTF_A,24,1.18,21.85,-2.86,9,1
P006,HRTF_A,24,1.194,23.82,-2.52,9,1
P006,HRTF_A,24,1.208,25.7,-2.21,9,1
P006,HRTF_A,24,1.222,27.48,-1.83,9,1
P006,HRTF_A,24,1.236,29.33,-1.42,9,1
P006,HRTF_A,24,1.25,31.22,-1.09,9,1
P006,HRTF_A,24,1.264,33.11,-0.71,9,1
P006,HRTF_A,24,1.278,34.95,-0.31,9,1
P006,HRTF_A,24,1.291,36.76,0.18,9,1
P006,HRTF_A,24,1.305,38.49,0.71,9,1
P006,HRTF_A,24,1.319,40.2,1.15,9,1
P006,HRTF_A,24,1.333,41.94,1.6,9,1
P006,HRTF_A,24,1.347,43.66,1.89,9,1
P006,HRTF_A,24,1.361,45.44,2.13,9,1
P006,HRTF_A,24,1.375,47.24,2.3,9,1
P006,HRTF_A,24,1.389,49.11,2.49,9,1
P006,HRTF_A,24,1.402,51.08,2.66,9,1
P006,HRTF_A,24,1.416,53.07,2.66,9,1
P006,HRTF_A,24,1.43,54.97,2.76,9,1
P006,HRTF_A,24,1.444,56.83,2.85,9,1
P006,HRTF_A,24,1.458,58.65,2.99,9,1
P006,HRTF_A,24,1.472,60.4,3.17,9,1
P006,HRTF_A,24,1.486,62.17,3.39,9,1
P006,HRTF_A,24,1.5,63.9,3.57,9,1
P006,HRTF_A,24,1.514,65.59,3.68,9,1
P006,HRTF_A,24,1.528,67.28,3.8,9,1
P006,HRTF_A,24,1.541,68.92,3.99,9,1
P006,HRTF_A,24,1.555,70.52,4.16,9,1
P006,HRTF_A,24,1.569,72.14,4.34,9,1
P006,HRTF_A,24,1.583,73.76,4.44,9,1
P006,HRTF_A,24,1.597,75.39,4.38,9,1
P006,HRTF_A,24,1.611,76.92,4.3,9,1
P006,HRTF_A,24,1.625,78.39,4.26,9,1
P006,HRTF_A,24,1.639,79.77,4.34,9,1
P006,HRTF_A,24,1.653,81.01,4.37,9,1
P006,HRTF_A,24,1.666,82.09,4.31,9,1
P006,HRTF_A,24,1.681,83.09,4.2,9,1
P006,HRTF_A,24,1.694,83.86,4.07,9,1
P006,HRTF_A,24,1.708,84.67,3.96,9,1
P006,HRTF_A,24,1.722,85.24,3.95,9,1
P006,HRTF_A,24,1.736,85.81,3.98,9,1
P006,HRTF_A,24,1.75,86.19,4.05,9,1
P006,HRTF_A,24,1.764,86.63,4.12,9,1
P006,HRTF_A,24,1.777,87.02,4.16,9,1
P006,HRTF_A,24,1.791,87.44,4.16,9,1
P006,HRTF_A,24,1.805,87.88,4.16,9,1
P006,HRTF_A,24,1.819,88.27,4.24,9,1
P006,HRTF_A,24,1.833,88.71,4.3,9,1
P006,HRTF_A,24,1.847,89.04,4.38,9,1
P006,HRTF_A,24,1.861,89.4,4.38,9,1
P006,HRTF_A,25,0.013,0.19,0.51,17,1
P006,HRTF_A,25,0.027,-0.07,0.46,17,1
P006,HRTF_A,25,0.041,-0.34,0.42,17,1
P006,HRTF_A,25,0.055,-0.56,0.37,17,1
P006,HRTF_A,25,0.069,-0.79,0.34,17,1
P006,HRTF_A,25,0.083,-0.98,0.34,17,1
P006,HRTF_A,25,0.097,-1.17,0.38,17,1
P006,HRTF_A,25,0.111,-1.32,0.42,17,1
P006,HRTF_A,25,0.125,-1.44,0.47,17,1
P006,HRTF_A,25,0.138,-1.57,0.51,17,1
P006,HRTF_A,25,0.152,-1.67,0.57,17,1
P006,HRTF_A,25,0.166,-1.77,0.61,17,1
P006,HRTF_A,25,0.18,-1.86,0.65,17,1
P006,HRTF_A,25,0.195,-1.94,0.69,17,1
P006,HRTF_A,25,0.208,-2.03,0.75,17,1
P006,HRTF_A,25,0.222,-2.11,0.77,17,1
P006,HRTF_A,25,0.236,-2.18,0.76,17,1
P006,HRTF_A,25,0.25,-2.25,0.74,17,1
P006,HRTF_A,25,0.263,-2.29,0.68,17,1
P006,HRTF_A,25,0.277,-2.33,0.64,17,1
P006,HRTF_A,25,0.291,-2.36,0.59,17,1
P006,HRTF_A,25,0.305,-2.37,0.55,17,1
P006,HRTF_A,25,0.319,-2.38,0.51,17,1
P006,HRTF_A,25,0.333,-2.4,0.48,17,1
P006,HRTF_A,25,0.347,-2.4,0.46,17,1
P006,HRTF_A,25,0.361,-2.4,0.43,17,1
P006,HRTF_A,25,0.375,-2.37,0.41,17,1
P006,HRTF_A,25,0.388,-2.32,0.41,17,1
P006,HRTF_A,25,0.402,-2.28,0.41,17,1
P006,HRTF_A,25,0.416,-2.21,0.44,17,1
P006,HRTF_A,25,0.43,-2.14,0.43,17,1
P006,HRTF_A,25,0.444,-2.07,0.44,17,1
P006,HRTF_A,25,0.458,-1.97,0.43,17,1
P006,HRTF_A,25,0.472,-1.87,0.43,17,1
P006,HRTF_A,25,0.486,-1.78,0.42,17,1
P006,HRTF_A,25,0.5,-1.68,0.41,17,1
P006,HRTF_A,25,0.513,-1.57,0.4,17,1
P006,HRTF_A,25,0.527,-1.47,0.38,17,1
P006,HRTF_A,25,0.541,-1.36,0.38,17,1
P006,HRTF_A,25,0.555,-1.23,0.39,17,1
P006,HRTF_A,25,0.569,-1.11,0.37,17,1
P006,HRTF_A,25,0.583,-0.98,0.37,17,1
P006,HRTF_A,25,0.597,-0.85,0.36,17,1
P006,HRTF_A,25,0.611,-0.72,0.35,17,1
P006,HRTF_A,25,0.624,-0.6,0.34,17,1
P006,HRTF_A,25,0.639,-0.46,0.34,17,1
P006,HRTF_A,25,0.652,-0.36,0.32,17,1
P006,HRTF_A,25,0.666,-0.24,0.33,17,1
P006,HRTF_A,25,0.68,-0.13,0.34,17,1
P006,HRTF_A,25,0.694,-0.01,0.36,17,1
P006,HRTF_A,25,0.708,0.11,0.37,17,1
P006,HRTF_A,25,0.722,0.23,0.35,17,1
P006,HRTF_A,25,0.736,0.36,0.32,17,1
P006,HRTF_A,25,0.75,0.49,0.27,17,1
P006,HRTF_A,25,0.763,0.61,0.24,17,1
P006,HRTF_A,25,0.777,0.75,0.22,17,1
P006,HRTF_A,25,0.791,0.89,0.21,17,1
P006,HRTF_A,25,0.805,1.03,0.18,17,1
P006,HRTF_A,25,0.819,1.17,0.14,17,1
P006,HRTF_A,25,0.833,1.32,0.11,17,1
P006,HRTF_A,25,0.847,1.51,0.07,17,1
P006,HRTF_A,25,0.861,1.71,0.0,17,1
P006,HRTF_A,25,0.875,1.96,-0.02,17,1
P006,HRTF_A,25,0.889,2.21,-0.02,17,1
P006,HRTF_A,25,0.902,2.48,-0.04,17,1
P006,HRTF_A,25,0.916,2.77,-0.05,17,1
P006,HRTF_A,25,0.93,3.08,-0.05,17,1
P006,HRTF_A,25,0.944,3.4,-0.05,17,1
P006,HRTF_A,25,0.958,3.83,-0.02,17,1
P006,HRTF_A,25,0.972,4.25,0.0,17,1
P006,HRTF_A,25,0.986,4.71,0.0,17,1
P006,HRTF_A,25,1.0,5.24,0.0,17,1
P006,HRTF_A,25,1.013,5.82,0.03,17,1
P006,HRTF_A,25,1.027,6.48,0.07,17,1
P006,HRTF_A,25,1.042,7.16,0.13,17,1
P006,HRTF_A,25,1.055,7.9,0.23,17,1
P006,HRTF_A,25,1.069,8.64,0.35,17,1
P006,HRTF_A,25,1.083,9.49,0.48,17,1
P006,HRTF_A,25,1.097,10.35,0.57,17,1
P006,HRTF_A,25,1.111,11.27,0.67,17,1
P006,HRTF_A,25,1.125,12.19,0.78,17,1
P006,HRTF_A,25,1.138,13.13,0.85,17,1
P006,HRTF_A,25,1.152,14.12,0.93,17,1
P006,HRTF_A,25,1.166,15.05,1.02,17,1
P006,HRTF_A,25,1.18,16.09,1.09,17,1
P006,HRTF_A,25,1.194,17.17,1.15,17,1
P006,HRTF_A,25,1.208,18.27,1.21,17,1
P006,HRTF_A,25,1.222,19.4,1.28,17,1
P006,HRTF_A,25,1.236,20.58,1.36,17,1
P006,HRTF_A,25,1.249,21.83,1.42,17,1
P006,HRTF_A,25,1.264,23.09,1.5,17,1
P006,HRTF_A,25,1.277,24.43,1.53,17,1
P006,HRTF_A,25,1.291,25.84,1.56,17,1
P006,HRTF_A,25,1.305,27.28,1.6,17,1
P006,HRTF_A,25,1.319,28.72,1.6,17,1
P006,HRTF_A,25,1.333,30.24,1.65,17,1
P006,HRTF_A,25,1.347,31.78,1.7,17,1
P006,HRTF_A,25,1.36,33.38,1.73,17,1
P006,HRTF_A,25,1.374,35.02,1.75,17,1
P006,HRTF_A,25,1.389,36.66,1.76,17,1
P006,HRTF_A,25,1.402,38.37,1.76,17,1
P006,HRTF_A,25,1.416,40.05,1.74,17,1
P006,HRTF_A,25,1.43,41.73,1.74,17,1
P006,HRTF_A,25,1.444,43.4,1.69,17,1
P006,HRTF_A,25,1.458,45.08,1.68,17,1
P006,HRTF_A,25,1.471,46.72,1.7,17,1
P006,HRTF_A,25,1.485,48.4,1.65,17,1
P006,HRTF_A,25,1.499,50.06,1.63,17,1
P006,HRTF_A,25,1.513,51.74,1.59,17,1
P006,HRTF_A,25,1.527,53.45,1.53,17,1
P006,HRTF_A,25,1.541,55.18,1.43,17,1
P006,HRTF_A,25,1.555,56.93,1.34,17,1
P006,HRTF_A,25,1.569,58.68,1.23,17,1
P006,HRTF_A,25,1.583,60.44,1.11,17,1
P006,HRTF_A,25,1.597,62.2,0.93,17,1
P006,HRTF_A,25,1.61,63.96,0.76,17,1
P006,HRTF_A,25,1.624,65.72,0.63,17,1
P006,HRTF_A,25,1.638,67.43,0.45,17,1
P006,HRTF_A,25,1.652,69.15,0.27,17,1
P006,HRTF_A,25,1.666,70.85,0.07,17,1
P006,HRTF_A,25,1.68,72.55,-0.18,17,1
P006,HRTF_A,25,1.694,74.25,-0.39,17,1
P006,HRTF_A,25,1.708,75.89,-0.65,17,1
P006,HRTF_A,25,1.722,77.48,-0.89,17,1
P006,HRTF_A,25,1.735,79.08,-1.13,17,1
P006,HRTF_A,25,1.749,80.65,-1.43,17,1
P006,HRTF_A,25,1.763,82.23,-1.68,17,1
P006,HRTF_A,25,1.777,83.76,-1.89,17,1
P006,HRTF_A,25,1.791,85.28,-2.11,17,1
P006,HRTF_A,25,1.805,86.8,-2.37,17,1
P006,HRTF_A,25,1.819,88.27,-2.7,17,1
P006,HRTF_A,25,1.833,89.75,-3.06,17,1
P006,HRTF_A,25,1.847,91.19,-3.47,17,1
P006,HRTF_A,25,1.861,92.58,-3.86,17,1
P006,HRTF_A,25,1.874,93.88,-4.16,17,1
P006,HRTF_A,25,1.888,95.17,-4.49,17,1
P006,HRTF_A,25,1.902,96.47,-4.89,17,1
P006,HRTF_A,25,1.916,97.71,-5.33,17,1
P006,HRTF_A,25,1.93,98.99,-5.7,17,1
P006,HRTF_A,25,1.944,100.2,-6.05,17,1
P006,HRTF_A,25,1.958,101.38,-6.37,17,1
P006,HRTF_A,25,1.971,102.6,-6.67,17,1
P006,HRTF_A,25,1.985,103.78,-6.99,17,1
P006,HRTF_A,25,1.999,105.04,-7.26,17,1
P006,HRTF_A,25,2.013,106.23,-7.45,17,1
P006,HRTF_A,25,2.027,107.39,-7.65,17,1
P006,HRTF_A,25,2.041,108.52,-7.74,17,1
P006,HRTF_A,25,2.055,109.69,-7.87,17,1
P006,HRTF_A,25,2.069,110.93,-8.11,17,1
P006,HRTF_A,25,2.083,112.23,-8.32,17,1
P006,HRTF_A,25,2.096,113.53,-8.57,17,1
P006,HRTF_A,25,2.11,114.82,-8.76,17,1
P006,HRTF_A,25,2.124,116.12,-8.84,17,1
P006,HRTF_A,25,2.138,117.45,-8.81,17,1
P006,HRTF_A,25,2.152,118.82,-8.73,17,1
P006,HRTF_A,25,2.166,120.14,-8.64,17,1
P006,HRTF_A,25,2.18,121.5,-8.5,17,1
P006,HRTF_A,25,2.194,122.83,-8.42,17,1
P006,HRTF_A,25,2.208,124.11,-8.41,17,1
P006,HRTF_A,25,2.222,125.46,-8.42,17,1
P006,HRTF_A,25,2.235,126.81,-8.57,17,1
P006,HRTF_A,25,2.249,128.21,-8.7,17,1
P006,HRTF_A,25,2.263,129.6,-8.84,17,1
P006,HRTF_A,25,2.277,130.97,-9.12,17,1
P006,HRTF_A,25,2.291,132.31,-9.37,17,1
P006,HRTF_A,25,2.305,133.6,-9.66,17,1
P006,HRTF_A,25,2.319,134.81,-10.0,17,1
P006,HRTF_A,25,2.333,135.93,-10.35,17,1
P006,HRTF_A,25,2.346,137.05,-10.73,17,1
P006,HRTF_A,25,2.36,138.22,-11.11,17,1
P006,HRTF_A,25,2.374,139.34,-11.52,17,1
P006,HRTF_A,25,2.388,140.48,-11.95,17,1
P006,HRTF_A,25,2.402,141.59,-12.37,17,1
P006,HRTF_A,25,2.416,142.84,-12.8,17,1
P006,HRTF_A,25,2.43,144.2,-13.25,17,1
P006,HRTF_A,25,2.444,145.67,-13.67,17,1
P006,HRTF_A,25,2.458,147.19,-14.06,17,1
P006,HRTF_A,25,2.472,148.7,-14.31,17,1
P006,HRTF_A,25,2.485,150.24,-14.52,17,1
P006,HRTF_A,25,2.499,152.02,-14.75,17,1
P006,HRTF_A,25,2.513,153.88,-14.97,17,1
P006,HRTF_A,25,2.527,155.85,-15.11,17,1
P006,HRTF_A,25,2.541,157.68,-15.17,17,1
P006,HRTF_A,25,2.555,159.4,-15.18,17,1
P006,HRTF_A,25,2.569,161.06,-15.16,17,1
P006,HRTF_A,25,2.583,162.75,-15.08,17,1
P006,HRTF_A,25,2.596,164.46,-14.96,17,1
P006,HRTF_A,25,2.61,166.15,-14.8,17,1
P006,HRTF_A,25,2.624,167.84,-14.54,17,1
P006,HRTF_A,25,2.638,169.48,-14.18,17,1
P006,HRTF_A,25,2.652,171.16,-13.71,17,1
P006,HRTF_A,25,2.666,172.88,-13.39,17,1
P006,HRTF_A,25,2.68,174.81,-13.1,17,1
P006,HRTF_A,25,2.694,176.79,-12.91,17,1
P006,HRTF_A,25,2.708,178.63,-12.6,17,1
P006,HRTF_A,25,2.721,-179.84,-12.18,17,1
P006,HRTF_A,25,2.735,-178.73,-11.66,17,1
P006,HRTF_A,25,2.749,-178.03,-11.18,17,1
P006,HRTF_A,25,2.763,-177.6,-10.76,17,1
P006,HRTF_A,25,2.777,-177.55,-10.48,17,1
P006,HRTF_A,25,2.791,-177.45,-10.29,17,1
P006,HRTF_A,25,2.805,-177.39,-10.11,17,1
P006,HRTF_A,25,2.819,-177.55,-10.04,17,1
P006,HRTF_A,25,2.833,-177.54,-9.89,17,1
P006,HRTF_A,25,2.847,-177.63,-9.7,17,1
P006,HRTF_A,25,2.861,-177.68,-9.5,17,1
P006,HRTF_A,25,2.874,-177.77,-9.31,17,1
P006,HRTF_A,25,2.888,-177.77,-9.12,17,1
P006,HRTF_A,25,2.902,-177.73,-8.93,17,1
P006,HRTF_A,25,2.916,-177.68,-8.74,17,1
P006,HRTF_A,25,2.93,-177.63,-8.61,17,1
P006,HRTF_A,25,2.944,-177.58,-8.56,17,1
P006,HRTF_A,25,2.958,-177.45,-8.61,17,1
P006,HRTF_A,25,2.971,-177.34,-8.65,17,1
P006,HRTF_A,25,2.985,-177.23,-8.66,17,1
P006,HRTF_A,25,2.999,-177.2,-8.62,17,1
P006,HRTF_A,25,3.013,-177.24,-8.57,17,1
P006,HRTF_A,25,3.027,-177.28,-8.52,17,1
P006,HRTF_A,25,3.041,-177.35,-8.51,17,1
P006,HRTF_A,25,3.055,-177.42,-8.45,17,1
P006,HRTF_A,25,3.069,-177.49,-8.32,17,1
P006,HRTF_A,25,3.083,-177.61,-8.09,17,1
P006,HRTF_A,25,3.097,-177.69,-7.87,17,1
P006,HRTF_A,25,3.11,-177.7,-7.73,17,1
P006,HRTF_A,25,3.124,-177.66,-7.64,17,1
P006,HRTF_A,25,3.138,-177.59,-7.56,17,1
P006,HRTF_A,25,3.152,-177.57,-7.46,17,1
P006,HRTF_A,25,3.166,-177.59,-7.33,17,1
P006,HRTF_A,25,3.18,-177.64,-7.21,17,1
P006,HRTF_A,26,0.014,-1.31,-0.18,4,1
P006,HRTF_A,26,0.028,-1.42,-0.2,4,1
P006,HRTF_A,26,0.042,-1.51,-0.23,4,1
P006,HRTF_A,26,0.055,-1.6,-0.22,4,1
P006,HRTF_A,26,0.069,-1.68,-0.2,4,1
P006,HRTF_A,26,0.083,-1.74,-0.2,4,1
P006,HRTF_A,26,0.097,-1.8,-0.17,4,1
P006,HRTF_A,26,0.112,-1.84,-0.2,4,1
P006,HRTF_A,26,0.125,-1.87,-0.25,4,1
P006,HRTF_A,26,0.139,-1.91,-0.32,4,1
P006,HRTF_A,26,0.153,-1.95,-0.38,4,1
P006,HRTF_A,26,0.166,-1.97,-0.44,4,1
P006,HRTF_A,26,0.18,-2.01,-0.47,4,1
P006,HRTF_A,26,0.194,-2.03,-0.49,4,1
P006,HRTF_A,26,0.208,-2.07,-0.5,4,1
P006,HRTF_A,26,0.222,-2.07,-0.56,4,1
P006,HRTF_A,26,0.236,-2.08,-0.63,4,1
P006,HRTF_A,26,0.25,-2.1,-0.67,4,1
P006,HRTF_A,26,0.264,-2.11,-0.67,4,1
P006,HRTF_A,26,0.278,-2.11,-0.66,4,1
P006,HRTF_A,26,0.292,-2.11,-0.64,4,1
P006,HRTF_A,26,0.305,-2.12,-0.62,4,1
P006,HRTF_A,26,0.319,-2.11,-0.58,4,1
P006,HRTF_A,26,0.334,-2.1,-0.55,4,1
P006,HRTF_A,26,0.347,-2.08,-0.54,4,1
P006,HRTF_A,26,0.361,-2.07,-0.52,4,1
P006,HRTF_A,26,0.375,-2.05,-0.49,4,1
P006,HRTF_A,26,0.389,-2.01,-0.45,4,1
P006,HRTF_A,26,0.403,-1.97,-0.42,4,1
P006,HRTF_A,26,0.417,-1.91,-0.37,4,1
P006,HRTF_A,26,0.431,-1.84,-0.33,4,1
P006,HRTF_A,26,0.444,-1.75,-0.29,4,1
P006,HRTF_A,26,0.458,-1.65,-0.24,4,1
P006,HRTF_A,26,0.472,-1.53,-0.18,4,1
P006,HRTF_A,26,0.486,-1.41,-0.13,4,1
P006,HRTF_A,26,0.5,-1.25,-0.09,4,1
P006,HRTF_A,26,0.514,-1.08,-0.07,4,1
P006,HRTF_A,26,0.527,-0.9,-0.04,4,1
P006,HRTF_A,26,0.541,-0.68,0.0,4,1
P006,HRTF_A,26,0.555,-0.45,0.04,4,1
P006,HRTF_A,26,0.569,-0.2,0.07,4,1
P006,HRTF_A,26,0.583,0.08,0.12,4,1
P006,HRTF_A,26,0.597,0.35,0.1,4,1
P006,HRTF_A,26,0.611,0.65,0.1,4,1
P006,HRTF_A,26,0.625,0.96,0.08,4,1
P006,HRTF_A,26,0.639,1.28,0.06,4,1
P006,HRTF_A,26,0.653,1.65,0.07,4,1
P006,HRTF_A,26,0.666,2.0,0.1,4,1
P006,HRTF_A,26,0.68,2.37,0.11,4,1
P006,HRTF_A,26,0.694,2.74,0.12,4,1
P006,HRTF_A,26,0.708,3.12,0.14,4,1
P006,HRTF_A,26,0.722,3.53,0.15,4,1
P006,HRTF_A,26,0.736,3.92,0.12,4,1
P006,HRTF_A,26,0.75,4.37,0.13,4,1
P006,HRTF_A,26,0.764,4.83,0.12,4,1
P006,HRTF_A,26,0.778,5.28,0.15,4,1
P006,HRTF_A,26,0.792,5.76,0.19,4,1
P006,HRTF_A,26,0.806,6.27,0.2,4,1
P006,HRTF_A,26,0.819,6.82,0.23,4,1
P006,HRTF_A,26,0.833,7.42,0.24,4,1
P006,HRTF_A,26,0.847,8.12,0.17,4,1
P006,HRTF_A,26,0.861,8.86,0.23,4,1
P006,HRTF_A,26,0.875,9.68,0.21,4,1
P006,HRTF_A,26,0.889,10.59,0.19,4,1
P006,HRTF_A,26,0.903,11.6,0.15,4,1
P006,HRTF_A,26,0.917,12.72,0.08,4,1
P006,HRTF_A,26,0.931,13.94,-0.04,4,1
P006,HRTF_A,26,0.945,15.29,-0.15,4,1
P006,HRTF_A,26,0.958,16.69,-0.27,4,1
P006,HRTF_A,26,0.972,18.16,-0.32,4,1
P006,HRTF_A,26,0.986,19.68,-0.38,4,1
P006,HRTF_A,26,1.0,21.24,-0.42,4,1
P006,HRTF_A,26,1.014,22.93,-0.46,4,1
P006,HRTF_A,26,1.028,24.65,-0.53,4,1
P006,HRTF_A,26,1.042,26.48,-0.54,4,1
P006,HRTF_A,26,1.056,28.33,-0.63,4,1
P006,HRTF_A,26,1.069,30.22,-0.67,4,1
P006,HRTF_A,26,1.083,32.1,-0.71,4,1
P006,HRTF_A,26,1.097,34.08,-0.72,4,1
P006,HRTF_A,26,1.111,35.98,-0.78,4,1
P006,HRTF_A,26,1.125,37.99,-0.79,4,1
P006,HRTF_A,26,1.139,39.99,-0.84,4,1
P006,HRTF_A,26,1.153,42.01,-0.92,4,1
P006,HRTF_A,26,1.167,44.02,-1.05,4,1
P006,HRTF_A,26,1.18,46.03,-1.17,4,1
P006,HRTF_A,27,0.014,-5.33,3.89,15,1
P006,HRTF_A,27,0.028,-5.49,3.8,15,1
P006,HRTF_A,27,0.042,-5.64,3.65,15,1
P006,HRTF_A,27,0.056,-5.77,3.51,15,1
P006,HRTF_A,27,0.07,-5.88,3.38,15,1
P006,HRTF_A,27,0.084,-5.97,3.21,15,1
P006,HRTF_A,27,0.097,-6.05,3.05,15,1
P006,HRTF_A,27,0.111,-6.14,2.92,15,1
P006,HRTF_A,27,0.125,-6.2,2.86,15,1
P006,HRTF_A,27,0.139,-6.27,2.83,15,1
P006,HRTF_A,27,0.153,-6.34,2.84,15,1
P006,HRTF_A,27,0.167,-6.41,2.86,15,1
P006,HRTF_A,27,0.181,-6.49,2.87,15,1
P006,HRTF_A,27,0.195,-6.57,2.86,15,1
P006,HRTF_A,27,0.208,-6.65,2.88,15,1
P006,HRTF_A,27,0.222,-6.71,2.94,15,1
P006,HRTF_A,27,0.236,-6.77,2.97,15,1
P006,HRTF_A,27,0.25,-6.8,3.02,15,1
P006,HRTF_A,27,0.264,-6.83,3.06,15,1
P006,HRTF_A,27,0.278,-6.86,3.1,15,1
P006,HRTF_A,27,0.292,-6.88,3.09,15,1
P006,HRTF_A,27,0.306,-6.88,3.07,15,1
P006,HRTF_A,27,0.32,-6.87,3.04,15,1
P006,HRTF_A,27,0.333,-6.85,3.03,15,1
P006,HRTF_A,27,0.347,-6.83,3.0,15,1
P006,HRTF_A,27,0.361,-6.81,2.99,15,1
P006,HRTF_A,27,0.375,-6.77,2.96,15,1
P006,HRTF_A,27,0.389,-6.73,2.93,15,1
P006,HRTF_A,27,0.403,-6.66,2.93,15,1
P006,HRTF_A,27,0.417,-6.59,2.9,15,1
P006,HRTF_A,27,0.431,-6.47,2.86,15,1
P006,HRTF_A,27,0.445,-6.36,2.8,15,1
P006,HRTF_A,27,0.458,-6.22,2.73,15,1
P006,HRTF_A,27,0.472,-6.07,2.68,15,1
P006,HRTF_A,27,0.486,-5.88,2.64,15,1
P006,HRTF_A,27,0.5,-5.68,2.58,15,1
P006,HRTF_A,27,0.514,-5.48,2.55,15,1
P006,HRTF_A,27,0.528,-5.27,2.54,15,1
P006,HRTF_A,27,0.542,-5.06,2.51,15,1
P006,HRTF_A,27,0.556,-4.86,2.5,15,1
P006,HRTF_A,27,0.57,-4.66,2.48,15,1
P006,HRTF_A,27,0.583,-4.46,2.45,15,1
P006,HRTF_A,27,0.597,-4.26,2.41,15,1
P006,HRTF_A,27,0.611,-4.06,2.36,15,1
P006,HRTF_A,27,0.625,-3.87,2.31,15,1
P006,HRTF_A,27,0.639,-3.69,2.27,15,1
P006,HRTF_A,27,0.653,-3.51,2.24,15,1
P006,HRTF_A,27,0.667,-3.31,2.2,15,1
P006,HRTF_A,27,0.681,-3.11,2.18,15,1
P006,HRTF_A,27,0.694,-2.9,2.15,15,1
P006,HRTF_A,27,0.708,-2.69,2.1,15,1
P006,HRTF_A,27,0.722,-2.47,2.04,15,1
P006,HRTF_A,27,0.736,-2.22,2.0,15,1
P006,HRTF_A,27,0.75,-1.97,1.95,15,1
P006,HRTF_A,27,0.764,-1.7,1.94,15,1
P006,HRTF_A,27,0.778,-1.42,1.93,15,1
P006,HRTF_A,27,0.791,-1.13,1.92,15,1
P006,HRTF_A,27,0.805,-0.83,1.93,15,1
P006,HRTF_A,27,0.819,-0.51,1.96,15,1
P006,HRTF_A,27,0.833,-0.16,1.96,15,1
P006,HRTF_A,27,0.847,0.19,1.96,15,1
P006,HRTF_A,27,0.861,0.55,1.95,15,1
P006,HRTF_A,27,0.875,0.96,1.92,15,1
P006,HRTF_A,27,0.889,1.38,1.89,15,1
P006,HRTF_A,27,0.903,1.86,1.89,15,1
P006,HRTF_A,27,0.916,2.38,1.87,15,1
P006,HRTF_A,27,0.93,3.01,1.85,15,1
P006,HRTF_A,27,0.944,3.7,1.81,15,1
P006,HRTF_A,27,0.958,4.48,1.76,15,1
P006,HRTF_A,27,0.972,5.26,1.72,15,1
P006,HRTF_A,27,0.986,6.14,1.7,15,1
P006,HRTF_A,27,1.0,7.01,1.66,15,1
P006,HRTF_A,27,1.014,7.93,1.58,15,1
P006,HRTF_A,27,1.028,8.9,1.53,15,1
P006,HRTF_A,27,1.042,9.94,1.43,15,1
P006,HRTF_A,27,1.055,11.0,1.35,15,1
P006,HRTF_A,27,1.069,12.14,1.29,15,1
P006,HRTF_A,27,1.083,13.26,1.18,15,1
P006,HRTF_A,27,1.097,14.46,1.1,15,1
P006,HRTF_A,27,1.111,15.63,1.0,15,1
P006,HRTF_A,27,1.125,16.89,0.79,15,1
P006,HRTF_A,27,1.139,18.16,0.58,15,1
P006,HRTF_A,27,1.152,19.44,0.4,15,1
P006,HRTF_A,27,1.166,20.74,0.23,15,1
P006,HRTF_A,27,1.18,22.12,0.19,15,1
P006,HRTF_A,27,1.194,23.45,0.07,15,1
P006,HRTF_A,27,1.208,24.86,-0.01,15,1
P006,HRTF_A,27,1.222,26.27,-0.08,15,1
P006,HRTF_A,27,1.236,27.74,-0.17,15,1
P006,HRTF_A,27,1.25,29.19,-0.25,15,1
P006,HRTF_A,27,1.264,30.68,-0.26,15,1
P006,HRTF_A,27,1.277,32.12,-0.27,15,1
P006,HRTF_A,27,1.291,33.59,-0.25,15,1
P006,HRTF_A,27,1.305,35.04,-0.21,15,1
P006,HRTF_A,27,1.319,36.57,-0.18,15,1
P006,HRTF_A,27,1.333,38.07,-0.19,15,1
P006,HRTF_A,27,1.347,39.63,-0.2,15,1
P006,HRTF_A,27,1.361,41.18,-0.24,15,1
P006,HRTF_A,27,1.375,42.72,-0.26,15,1
P006,HRTF_A,27,1.389,44.29,-0.3,15,1
P006,HRTF_A,27,1.402,45.85,-0.3,15,1
P006,HRTF_A,27,1.416,47.48,-0.29,15,1
P006,HRTF_A,27,1.43,49.11,-0.29,15,1
P006,HRTF_A,27,1.444,50.71,-0.3,15,1
P006,HRTF_A,27,1.458,52.38,-0.38,15,1
P006,HRTF_A,27,1.472,54.11,-0.5,15,1
P006,HRTF_A,27,1.486,56.01,-0.73,15,1
P006,HRTF_A,27,1.5,58.05,-0.93,15,1
P006,HRTF_A,27,1.513,60.08,-1.17,15,1
P006,HRTF_A,27,1.527,62.1,-1.35,15,1
P006,HRTF_A,27,1.541,64.16,-1.59,15,1
P006,HRTF_A,27,1.555,66.22,-1.92,15,1
P006,HRTF_A,27,1.569,68.39,-2.27,15,1
P006,HRTF_A,27,1.583,70.63,-2.61,15,1
P006,HRTF_A,27,1.597,72.95,-2.94,15,1
P006,HRTF_A,27,1.611,75.22,-3.27,15,1
P006,HRTF_A,27,1.625,77.48,-3.59,15,1
P006,HRTF_A,27,1.639,79.82,-3.97,15,1
P006,HRTF_A,27,1.652,82.23,-4.29,15,1
P006,HRTF_A,27,1.666,84.65,-4.61,15,1
P006,HRTF_A,27,1.68,87.1,-4.88,15,1
P006,HRTF_A,27,1.694,89.46,-4.96,15,1
P006,HRTF_A,27,1.708,91.81,-4.99,15,1
P006,HRTF_A,27,1.722,94.13,-4.99,15,1
P006,HRTF_A,27,1.736,96.42,-4.9,15,1
P006,HRTF_A,27,1.75,98.63,-4.81,15,1
P006,HRTF_A,27,1.764,100.78,-4.72,15,1
P006,HRTF_A,27,1.778,102.92,-4.66,15,1
P006,HRTF_A,27,1.791,104.99,-4.61,15,1
P006,HRTF_A,27,1.805,106.98,-4.51,15,1
P006,HRTF_A,27,1.819,108.93,-4.38,15,1
P006,HRTF_A,27,1.833,110.87,-4.24,15,1
P006,HRTF_A,27,1.847,112.74,-4.13,15,1
P006,HRTF_A,27,1.861,114.64,-4.07,15,1
P006,HRTF_A,27,1.875,116.56,-3.99,15,1
P006,HRTF_A,27,1.889,118.46,-3.95,15,1
P006,HRTF_A,27,1.902,120.24,-3.88,15,1
P006,HRTF_A,27,1.916,122.03,-3.76,15,1
P006,HRTF_A,27,1.93,123.74,-3.62,15,1
P006,HRTF_A,27,1.944,125.4,-3.53,15,1
P006,HRTF_A,27,1.958,127.05,-3.48,15,1
P006,HRTF_A,27,1.972,128.7,-3.43,15,1
P006,HRTF_A,27,1.986,130.3,-3.44,15,1
P006,HRTF_A,27,2.0,131.84,-3.38,15,1
P006,HRTF_A,27,2.014,133.31,-3.38,15,1
P006,HRTF_A,27,2.027,134.75,-3.4,15,1
P006,HRTF_A,27,2.041,136.17,-3.36,15,1
P006,HRTF_A,27,2.055,137.56,-3.33,15,1
P006,HRTF_A,27,2.069,138.92,-3.29,15,1
P006,HRTF_A,27,2.083,140.29,-3.26,15,1
P006,HRTF_A,27,2.097,141.6,-3.29,15,1
P006,HRTF_A,27,2.111,142.86,-3.35,15,1
P006,HRTF_A,27,2.125,144.04,-3.41,15,1
P006,HRTF_A,27,2.139,145.2,-3.52,15,1
P006,HRTF_A,27,2.152,146.32,-3.61,15,1
P006,HRTF_A,27,2.166,147.42,-3.75,15,1
P006,HRTF_A,27,2.18,148.5,-3.92,15,1
P006,HRTF_A,27,2.194,149.59,-4.09,15,1
P006,HRTF_A,27,2.208,150.6,-4.24,15,1
P006,HRTF_A,27,2.222,151.64,-4.35,15,1
P006,HRTF_A,27,2.236,152.58,-4.37,15,1
P006,HRTF_A,27,2.25,153.55,-4.39,15,1
P006,HRTF_A,27,2.263,154.44,-4.35,15,1
P006,HRTF_A,27,2.277,155.34,-4.25,15,1
P006,HRTF_A,27,2.291,156.24,-4.13,15,1
P006,HRTF_A,27,2.305,157.06,-3.99,15,1
P006,HRTF_A,27,2.319,157.91,-3.93,15,1
P006,HRTF_A,27,2.333,158.77,-3.92,15,1
P006,HRTF_A,27,2.347,159.64,-3.82,15,1
P006,HRTF_A,27,2.361,160.49,-3.64,15,1
P006,HRTF_A,27,2.375,161.33,-3.49,15,1
P006,HRTF_A,27,2.388,162.14,-3.44,15,1
P006,HRTF_A,27,2.402,162.95,-3.56,15,1
P006,HRTF_A,27,2.416,163.75,-3.86,15,1
P006,HRTF_A,27,2.43,164.53,-4.42,15,1
P006,HRTF_A,27,2.444,165.31,-4.93,15,1
P006,HRTF_A,27,2.458,166.04,-5.39,15,1
P006,HRTF_A,27,2.472,166.78,-5.79,15,1
P006,HRTF_A,27,2.485,167.45,-6.25,15,1
P006,HRTF_A,27,2.5,168.18,-6.71,15,1
P006,HRTF_A,27,2.513,168.9,-7.3,15,1
P006,HRTF_A,27,2.527,169.59,-7.97,15,1
P006,HRTF_A,27,2.541,170.24,-8.66,15,1
P006,HRTF_A,27,2.555,170.89,-9.36,15,1
P006,HRTF_A,27,2.569,171.48,-10.08,15,1
P006,HRTF_A,27,2.583,172.09,-10.75,15,1
P006,HRTF_A,27,2.597,172.64,-11.34,15,1
P006,HRTF_A,27,2.611,173.21,-11.83,15,1
P006,HRTF_A,27,2.624,173.75,-12.14,15,1
P006,HRTF_A,27,2.638,174.23,-12.38,15,1
P006,HRTF_A,27,2.652,174.68,-12.6,15,1
P006,HRTF_A,27,2.666,175.04,-12.76,15,1
P006,HRTF_A,27,2.68,175.38,-12.91,15,1
P006,HRTF_A,27,2.694,175.68,-13.02,15,1
P006,HRTF_A,27,2.708,175.89,-13.03,15,1
P006,HRTF_A,27,2.722,176.12,-12.9,15,1
P006,HRTF_A,27,2.735,176.25,-12.56,15,1
P006,HRTF_A,27,2.749,176.38,-12.17,15,1
P006,HRTF_A,27,2.764,176.37,-11.35,15,1
P006,HRTF_A,27,2.777,176.43,-10.61,15,1
P006,HRTF_A,27,2.791,176.29,-9.58,15,1
P006,HRTF_A,27,2.805,176.12,-8.49,15,1
P006,HRTF_A,27,2.819,175.87,-7.31,15,1
P006,HRTF_A,27,2.833,175.58,-6.07,15,1
P006,HRTF_A,27,2.847,175.23,-4.69,15,1
P006,HRTF_A,27,2.861,174.8,-3.09,15,1
P006,HRTF_A,27,2.874,174.39,-1.51,15,1
P006,HRTF_A,27,2.889,173.88,0.23,15,1
P006,HRTF_A,27,2.902,173.35,2.07,15,1
P006,HRTF_A,27,2.916,172.84,3.82,15,1
P006,HRTF_A,27,2.93,172.35,5.58,15,1
P006,HRTF_A,27,2.944,171.87,7.27,15,1
P006,HRTF_A,27,2.958,171.4,8.89,15,1
P006,HRTF_A,27,2.972,171.03,10.12,15,1
P006,HRTF_A,27,2.986,170.81,10.8,15,1
P006,HRTF_A,27,2.999,170.52,11.48,15,1
P006,HRTF_A,27,3.013,170.23,11.9,15,1
P006,HRTF_A,27,3.027,169.89,12.43,15,1
P006,HRTF_A,27,3.041,169.71,12.65,15,1
P006,HRTF_A,27,3.055,169.67,12.66,15,1
P006,HRTF_A,27,3.069,169.82,12.55,15,1
P006,HRTF_A,27,3.083,169.94,12.58,15,1
P006,HRTF_A,27,3.097,170.05,12.7,15,1
P006,HRTF_A,27,3.111,170.12,12.86,15,1
P006,HRTF_A,27,3.124,170.13,13.02,15,1
P006,HRTF_A,27,3.138,170.11,13.18,15,1
P006,HRTF_A,27,3.152,170.09,13.32,15,1
P006,HRTF_A,27,3.166,170.09,13.42,15,1
P006,HRTF_A,27,3.18,170.1,13.45,15,1
P006,HRTF_A,27,3.194,170.1,13.41,15,1
P006,HRTF_A,27,3.208,170.05,13.39,15,1
P006,HRTF_A,27,3.222,169.97,13.4,15,1
P006,HRTF_A,27,3.235,169.85,13.43,15,1
P006,HRTF_A,28,0.014,-4.31,1.98,6,1
P006,HRTF_A,28,0.028,-4.33,1.87,6,1
P006,HRTF_A,28,0.043,-4.32,1.79,6,1
P006,HRTF_A,28,0.056,-4.31,1.74,6,1
P006,HRTF_A,28,0.07,-4.29,1.69,6,1
P006,HRTF_A,28,0.083,-4.29,1.66,6,1
P006,HRTF_A,28,0.097,-4.3,1.63,6,1
P006,HRTF_A,28,0.112,-4.27,1.61,6,1
P006,HRTF_A,28,0.125,-4.28,1.57,6,1
P006,HRTF_A,28,0.139,-4.25,1.53,6,1
P006,HRTF_A,28,0.153,-4.23,1.49,6,1
P006,HRTF_A,28,0.167,-4.2,1.45,6,1
P006,HRTF_A,28,0.18,-4.18,1.38,6,1
P006,HRTF_A,28,0.194,-4.14,1.29,6,1
P006,HRTF_A,28,0.208,-4.11,1.18,6,1
P006,HRTF_A,28,0.223,-4.05,1.07,6,1
P006,HRTF_A,28,0.236,-4.01,0.98,6,1
P006,HRTF_A,28,0.25,-3.95,0.9,6,1
P006,HRTF_A,28,0.264,-3.89,0.83,6,1
P006,HRTF_A,28,0.278,-3.81,0.78,6,1
P006,HRTF_A,28,0.292,-3.72,0.72,6,1
P006,HRTF_A,28,0.306,-3.61,0.69,6,1
P006,HRTF_A,28,0.319,-3.51,0.67,6,1
P006,HRTF_A,28,0.333,-3.38,0.7,6,1
P006,HRTF_A,28,0.347,-3.23,0.7,6,1
P006,HRTF_A,28,0.361,-3.07,0.7,6,1
P006,HRTF_A,28,0.375,-2.93,0.71,6,1
P006,HRTF_A,28,0.389,-2.76,0.7,6,1
P006,HRTF_A,28,0.403,-2.55,0.7,6,1
P006,HRTF_A,28,0.417,-2.36,0.67,6,1
P006,HRTF_A,28,0.43,-2.13,0.68,6,1
P006,HRTF_A,28,0.445,-1.91,0.69,6,1
P006,HRTF_A,28,0.458,-1.72,0.74,6,1
P006,HRTF_A,28,0.472,-1.52,0.78,6,1
P006,HRTF_A,28,0.486,-1.29,0.81,6,1
P006,HRTF_A,28,0.5,-1.07,0.83,6,1
P006,HRTF_A,28,0.514,-0.82,0.84,6,1
P006,HRTF_A,28,0.528,-0.6,0.89,6,1
P006,HRTF_A,28,0.542,-0.36,0.95,6,1
P006,HRTF_A,28,0.556,-0.14,0.98,6,1
P006,HRTF_A,28,0.569,0.11,1.02,6,1
P006,HRTF_A,28,0.583,0.34,1.02,6,1
P006,HRTF_A,28,0.597,0.57,0.98,6,1
P006,HRTF_A,28,0.611,0.8,0.95,6,1
P006,HRTF_A,28,0.625,1.01,0.89,6,1
P006,HRTF_A,28,0.639,1.21,0.88,6,1
P006,HRTF_A,28,0.653,1.4,0.87,6,1
P006,HRTF_A,28,0.667,1.58,0.88,6,1
P006,HRTF_A,28,0.68,1.76,0.91,6,1
P006,HRTF_A,28,0.694,1.92,0.91,6,1
P006,HRTF_A,28,0.708,2.1,0.9,6,1
P006,HRTF_A,28,0.722,2.27,0.88,6,1
P006,HRTF_A,28,0.736,2.45,0.88,6,1
P006,HRTF_A,28,0.75,2.63,0.87,6,1
P006,HRTF_A,28,0.764,2.81,0.9,6,1
P006,HRTF_A,28,0.778,3.01,0.93,6,1
P006,HRTF_A,28,0.792,3.19,0.98,6,1
P006,HRTF_A,28,0.805,3.4,1.01,6,1
P006,HRTF_A,28,0.819,3.6,1.04,6,1
P006,HRTF_A,28,0.833,3.86,1.08,6,1
P006,HRTF_A,28,0.847,4.2,1.12,6,1
P006,HRTF_A,28,0.861,4.63,1.19,6,1
P006,HRTF_A,28,0.875,5.19,1.28,6,1
P006,HRTF_A,28,0.889,5.81,1.35,6,1
P006,HRTF_A,28,0.903,6.46,1.44,6,1
P006,HRTF_A,28,0.917,7.16,1.47,6,1
P006,HRTF_A,28,0.93,8.07,1.49,6,1
P006,HRTF_A,28,0.944,9.0,1.51,6,1
P006,HRTF_A,28,0.958,10.09,1.47,6,1
P006,HRTF_A,28,0.972,11.25,1.47,6,1
P006,HRTF_A,28,0.986,12.54,1.51,6,1
P006,HRTF_A,28,1.0,13.89,1.54,6,1
P006,HRTF_A,28,1.014,15.25,1.57,6,1
P006,HRTF_A,28,1.028,16.67,1.57,6,1
P006,HRTF_A,28,1.042,18.08,1.55,6,1
P006,HRTF_A,28,1.056,19.57,1.45,6,1
P006,HRTF_A,28,1.069,21.0,1.31,6,1
P006,HRTF_A,28,1.083,22.42,1.21,6,1
P006,HRTF_A,28,1.097,23.8,1.13,6,1
P006,HRTF_A,28,1.111,25.11,1.11,6,1
P006,HRTF_A,28,1.125,26.42,1.1,6,1
P006,HRTF_A,28,1.139,27.67,1.08,6,1
P006,HRTF_A,28,1.153,28.93,1.06,6,1
P006,HRTF_A,28,1.167,30.18,1.03,6,1
P006,HRTF_A,28,1.184,31.43,0.98,6,1
P006,HRTF_A,28,1.196,32.69,0.95,6,1
P006,HRTF_A,28,1.209,35.22,0.9,6,1
P006,HRTF_A,28,1.223,35.19,0.85,6,1
P006,HRTF_A,28,1.237,36.47,0.84,6,1
P006,HRTF_A,28,1.251,37.77,0.79,6,1
P006,HRTF_A,28,1.264,39.07,0.73,6,1
P006,HRTF_A,28,1.278,40.42,0.62,6,1
P006,HRTF_A,28,1.292,41.76,0.49,6,1
P006,HRTF_A,29,0.014,-4.88,-0.76,25,1
P006,HRTF_A,29,0.028,-5.13,-0.76,25,1
P006,HRTF_A,29,0.042,-5.41,-0.75,25,1
P006,HRTF_A,29,0.056,-5.66,-0.71,25,1
P006,HRTF_A,29,0.069,-5.9,-0.7,25,1
P006,HRTF_A,29,0.083,-6.1,-0.68,25,1
P006,HRTF_A,29,0.098,-6.28,-0.62,25,1
P006,HRTF_A,29,0.111,-6.45,-0.6,25,1
P006,HRTF_A,29,0.125,-6.6,-0.57,25,1
P006,HRTF_A,29,0.139,-6.73,-0.53,25,1
P006,HRTF_A,29,0.153,-6.85,-0.5,25,1
P006,HRTF_A,29,0.167,-6.97,-0.47,25,1
P006,HRTF_A,29,0.181,-7.06,-0.45,25,1
P006,HRTF_A,29,0.194,-7.11,-0.44,25,1
P006,HRTF_A,29,0.208,-7.17,-0.43,25,1
P006,HRTF_A,29,0.223,-7.2,-0.42,25,1
P006,HRTF_A,29,0.236,-7.22,-0.41,25,1
P006,HRTF_A,29,0.25,-7.23,-0.43,25,1
P006,HRTF_A,29,0.264,-7.2,-0.46,25,1
P006,HRTF_A,29,0.278,-7.13,-0.49,25,1
P006,HRTF_A,29,0.292,-7.04,-0.51,25,1
P006,HRTF_A,29,0.306,-6.92,-0.52,25,1
P006,HRTF_A,29,0.32,-6.8,-0.51,25,1
P006,HRTF_A,29,0.333,-6.61,-0.54,25,1
P006,HRTF_A,29,0.347,-6.41,-0.58,25,1
P006,HRTF_A,29,0.361,-6.21,-0.64,25,1
P006,HRTF_A,29,0.375,-5.96,-0.66,25,1
P006,HRTF_A,29,0.389,-5.71,-0.69,25,1
P006,HRTF_A,29,0.403,-5.43,-0.74,25,1
P006,HRTF_A,29,0.417,-5.14,-0.78,25,1
P006,HRTF_A,29,0.431,-4.84,-0.82,25,1
P006,HRTF_A,29,0.444,-4.56,-0.87,25,1
P006,HRTF_A,29,0.458,-4.28,-0.93,25,1
P006,HRTF_A,29,0.472,-4.0,-0.97,25,1
P006,HRTF_A,29,0.486,-3.72,-1.02,25,1
P006,HRTF_A,29,0.5,-3.46,-1.06,25,1
P006,HRTF_A,29,0.514,-3.14,-1.1,25,1
P006,HRTF_A,29,0.528,-2.85,-1.09,25,1
P006,HRTF_A,29,0.542,-2.56,-1.09,25,1
P006,HRTF_A,29,0.556,-2.27,-1.07,25,1
P006,HRTF_A,29,0.569,-1.96,-1.06,25,1
P006,HRTF_A,29,0.583,-1.64,-1.05,25,1
P006,HRTF_A,29,0.597,-1.32,-1.0,25,1
P006,HRTF_A,29,0.611,-0.94,-0.96,25,1
P006,HRTF_A,29,0.625,-0.59,-0.89,25,1
P006,HRTF_A,29,0.639,-0.19,-0.77,25,1
P006,HRTF_A,29,0.653,0.17,-0.65,25,1
P006,HRTF_A,29,0.667,0.57,-0.53,25,1
P006,HRTF_A,29,0.681,0.99,-0.43,25,1
P006,HRTF_A,29,0.694,1.4,-0.43,25,1
P006,HRTF_A,29,0.708,1.86,-0.38,25,1
P006,HRTF_A,29,0.722,2.27,-0.34,25,1
P006,HRTF_A,29,0.736,2.75,-0.33,25,1
P006,HRTF_A,29,0.75,3.2,-0.32,25,1
P006,HRTF_A,29,0.764,3.64,-0.33,25,1
P006,HRTF_A,29,0.778,4.13,-0.36,25,1
P006,HRTF_A,29,0.792,4.57,-0.37,25,1
P006,HRTF_A,29,0.806,5.05,-0.36,25,1
P006,HRTF_A,29,0.819,5.45,-0.41,25,1
P006,HRTF_A,29,0.833,5.86,-0.37,25,1
P006,HRTF_A,29,0.847,6.23,-0.34,25,1
P006,HRTF_A,29,0.861,6.61,-0.32,25,1
P006,HRTF_A,29,0.875,6.91,-0.31,25,1
P006,HRTF_A,29,0.889,7.22,-0.29,25,1
P006,HRTF_A,29,0.903,7.43,-0.29,25,1
P006,HRTF_A,29,0.917,7.55,-0.32,25,1
P006,HRTF_A,29,0.931,7.64,-0.33,25,1
P006,HRTF_A,29,0.944,7.54,-0.35,25,1
P006,HRTF_A,29,0.958,7.39,-0.33,25,1
P006,HRTF_A,29,0.972,7.29,-0.33,25,1
P006,HRTF_A,29,0.986,6.79,-0.34,25,1
P006,HRTF_A,29,1.0,6.38,-0.4,25,1
P006,HRTF_A,29,1.014,5.89,-0.51,25,1
P006,HRTF_A,29,1.031,5.26,-0.61,25,1
P006,HRTF_A,29,1.045,4.58,-0.73,25,1
P006,HRTF_A,29,1.059,3.79,-0.8,25,1
P006,HRTF_A,29,1.073,3.0,-0.8,25,1
P006,HRTF_A,29,1.087,2.02,-0.8,25,1
P006,HRTF_A,29,1.101,1.01,-0.76,25,1
P006,HRTF_A,29,1.122,-0.06,-0.8,25,1
P006,HRTF_A,29,1.139,-1.39,-0.71,25,1
P006,HRTF_A,29,1.153,-3.72,-0.65,25,1
P006,HRTF_A,29,1.167,-5.09,-0.59,25,1
P006,HRTF_A,29,1.181,-6.61,-0.56,25,1
P006,HRTF_A,29,1.194,-8.2,-0.65,25,1
P006,HRTF_A,29,1.208,-9.77,-0.79,25,1
P006,HRTF_A,29,1.223,-11.49,-0.99,25,1
P006,HRTF_A,29,1.236,-13.19,-1.1,25,1
P006,HRTF_A,29,1.25,-14.93,-1.17,25,1
P006,HRTF_A,29,1.264,-16.79,-1.21,25,1
P006,HRTF_A,29,1.278,-18.67,-1.28,25,1
P006,HRTF_A,29,1.292,-20.54,-1.34,25,1
P006,HRTF_A,29,1.305,-22.38,-1.38,25,1
P006,HRTF_A,29,1.319,-24.15,-1.41,25,1
P006,HRTF_A,29,1.333,-25.91,-1.41,25,1
P006,HRTF_A,29,1.347,-27.68,-1.41,25,1
P006,HRTF_A,29,1.361,-29.47,-1.42,25,1
P006,HRTF_A,29,1.375,-31.21,-1.49,25,1
P006,HRTF_A,29,1.389,-32.92,-1.57,25,1
P006,HRTF_A,29,1.403,-34.57,-1.65,25,1
P006,HRTF_A,29,1.417,-36.28,-1.73,25,1
P006,HRTF_A,29,1.431,-37.95,-1.78,25,1
P006,HRTF_A,29,1.445,-39.64,-1.84,25,1
P006,HRTF_A,29,1.458,-41.22,-1.89,25,1
P006,HRTF_A,29,1.472,-42.87,-1.98,25,1
P006,HRTF_A,29,1.486,-44.58,-2.12,25,1
P006,HRTF_A,29,1.5,-46.31,-2.28,25,1
P006,HRTF_A,29,1.514,-48.07,-2.4,25,1
P006,HRTF_A,29,1.528,-49.81,-2.42,25,1
P006,HRTF_A,29,1.542,-51.47,-2.37,25,1
P006,HRTF_A,29,1.556,-53.11,-2.33,25,1
P006,HRTF_A,29,1.57,-54.81,-2.32,25,1
P006,HRTF_A,29,1.583,-56.39,-2.37,25,1
P006,HRTF_A,29,1.597,-57.98,-2.44,25,1
P006,HRTF_A,29,1.612,-59.47,-2.51,25,1
P006,HRTF_A,29,1.625,-60.89,-2.49,25,1
P006,HRTF_A,29,1.639,-62.26,-2.56,25,1
P006,HRTF_A,29,1.653,-63.58,-2.63,25,1
P006,HRTF_A,29,1.667,-64.79,-2.68,25,1
P006,HRTF_A,29,1.681,-66.0,-2.72,25,1
P006,HRTF_A,29,1.694,-67.18,-2.78,25,1
P006,HRTF_A,29,1.709,-68.33,-2.84,25,1
P006,HRTF_A,29,1.722,-69.51,-2.82,25,1
P006,HRTF_A,29,1.736,-70.72,-2.74,25,1
P006,HRTF_A,29,1.75,-71.92,-2.61,25,1
P006,HRTF_A,29,1.764,-73.05,-2.45,25,1
P006,HRTF_A,29,1.778,-74.12,-2.29,25,1
P006,HRTF_A,29,1.792,-75.18,-2.23,25,1
P006,HRTF_A,29,1.805,-76.23,-2.13,25,1
P006,HRTF_A,29,1.819,-77.26,-2.01,25,1
P006,HRTF_A,29,1.833,-78.21,-1.9,25,1
P006,HRTF_A,29,1.847,-79.17,-1.74,25,1
P006,HRTF_A,29,1.861,-80.04,-1.64,25,1
P006,HRTF_A,29,1.875,-80.88,-1.59,25,1
P006,HRTF_A,29,1.889,-81.7,-1.58,25,1
P006,HRTF_A,29,1.903,-82.49,-1.6,25,1
P006,HRTF_A,29,1.917,-83.27,-1.53,25,1
P006,HRTF_A,29,1.931,-84.03,-1.42,25,1
P006,HRTF_A,29,1.945,-84.83,-1.29,25,1
P006,HRTF_A,29,1.958,-85.65,-1.25,25,1
P006,HRTF_A,29,1.973,-86.54,-1.28,25,1
P006,HRTF_A,29,1.986,-87.43,-1.37,25,1
P006,HRTF_A,29,2.0,-88.31,-1.41,25,1
P006,HRTF_A,29,2.014,-89.13,-1.39,25,1
P006,HRTF_A,29,2.028,-89.94,-1.37,25,1
P006,HRTF_A,30,0.014,3.58,0.12,21,1
P006,HRTF_A,30,0.027,3.95,0.11,21,1
P006,HRTF_A,30,0.041,4.34,0.07,21,1
P006,HRTF_A,30,0.055,4.74,0.02,21,1
P006,HRTF_A,30,0.069,5.12,-0.03,21,1
P006,HRTF_A,30,0.083,5.47,-0.08,21,1
P006,HRTF_A,30,0.097,5.81,-0.12,21,1
P006,HRTF_A,30,0.111,6.14,-0.14,21,1
P006,HRTF_A,30,0.125,6.45,-0.17,21,1
P006,HRTF_A,30,0.139,6.75,-0.19,21,1
P006,HRTF_A,30,0.153,7.05,-0.23,21,1
P006,HRTF_A,30,0.166,7.31,-0.26,21,1
P006,HRTF_A,30,0.18,7.57,-0.32,21,1
P006,HRTF_A,30,0.194,7.81,-0.35,21,1
P006,HRTF_A,30,0.208,8.05,-0.37,21,1
P006,HRTF_A,30,0.223,8.26,-0.39,21,1
P006,HRTF_A,30,0.236,8.47,-0.43,21,1
P006,HRTF_A,30,0.25,8.69,-0.47,21,1
P006,HRTF_A,30,0.264,8.9,-0.5,21,1
P006,HRTF_A,30,0.277,9.1,-0.52,21,1
P006,HRTF_A,30,0.292,9.29,-0.53,21,1
P006,HRTF_A,30,0.305,9.47,-0.5,21,1
P006,HRTF_A,30,0.319,9.68,-0.46,21,1
P006,HRTF_A,30,0.333,9.87,-0.43,21,1
P006,HRTF_A,30,0.347,10.08,-0.41,21,1
P006,HRTF_A,30,0.361,10.31,-0.37,21,1
P006,HRTF_A,30,0.375,10.52,-0.33,21,1
P006,HRTF_A,30,0.388,10.74,-0.27,21,1
P006,HRTF_A,30,0.402,10.97,-0.23,21,1
P006,HRTF_A,30,0.416,11.19,-0.2,21,1
P006,HRTF_A,30,0.43,11.41,-0.15,21,1
P006,HRTF_A,30,0.444,11.64,-0.13,21,1
P006,HRTF_A,30,0.458,11.87,-0.09,21,1
P006,HRTF_A,30,0.472,12.11,-0.07,21,1
P006,HRTF_A,30,0.485,12.35,-0.05,21,1
P006,HRTF_A,30,0.5,12.59,-0.07,21,1
P006,HRTF_A,30,0.513,12.81,-0.07,21,1
P006,HRTF_A,30,0.527,13.05,-0.08,21,1
P006,HRTF_A,30,0.541,13.26,-0.1,21,1
P006,HRTF_A,30,0.555,13.46,-0.11,21,1
P006,HRTF_A,30,0.569,13.63,-0.09,21,1
P006,HRTF_A,30,0.583,13.8,-0.04,21,1
P006,HRTF_A,30,0.597,13.97,0.0,21,1
P006,HRTF_A,30,0.611,14.12,0.04,21,1
P006,HRTF_A,30,0.625,14.23,0.09,21,1
P006,HRTF_A,30,0.639,14.34,0.12,21,1
P006,HRTF_A,30,0.652,14.42,0.17,21,1
P006,HRTF_A,30,0.666,14.47,0.21,21,1
P006,HRTF_A,30,0.68,14.53,0.28,21,1
P006,HRTF_A,30,0.694,14.54,0.36,21,1
P006,HRTF_A,30,0.708,14.54,0.38,21,1
P006,HRTF_A,30,0.722,14.55,0.39,21,1
P006,HRTF_A,30,0.736,14.53,0.41,21,1
P006,HRTF_A,30,0.749,14.5,0.43,21,1
P006,HRTF_A,30,0.763,14.45,0.5,21,1
P006,HRTF_A,30,0.777,14.38,0.57,21,1
P006,HRTF_A,30,0.791,14.31,0.61,21,1
P006,HRTF_A,30,0.805,14.24,0.65,21,1
P006,HRTF_A,30,0.819,14.16,0.65,21,1
P006,HRTF_A,30,0.833,14.05,0.64,21,1
P006,HRTF_A,30,0.847,13.92,0.67,21,1
P006,HRTF_A,30,0.861,13.79,0.68,21,1
P006,HRTF_A,30,0.875,13.64,0.67,21,1
P006,HRTF_A,30,0.889,13.48,0.68,21,1
P006,HRTF_A,30,0.903,13.29,0.67,21,1
P006,HRTF_A,30,0.916,13.06,0.67,21,1
P006,HRTF_A,30,0.93,12.8,0.68,21,1
P006,HRTF_A,30,0.944,12.5,0.7,21,1
P006,HRTF_A,30,0.958,12.19,0.69,21,1
P006,HRTF_A,30,0.971,11.84,0.66,21,1
P006,HRTF_A,30,0.985,11.4,0.63,21,1
P006,HRTF_A,30,0.999,10.93,0.61,21,1
P006,HRTF_A,30,1.013,10.37,0.58,21,1
P006,HRTF_A,30,1.027,9.77,0.54,21,1
P006,HRTF_A,30,1.042,9.08,0.56,21,1
P006,HRTF_A,30,1.055,8.34,0.51,21,1
P006,HRTF_A,30,1.069,7.57,0.46,21,1
P006,HRTF_A,30,1.083,6.75,0.45,21,1
P006,HRTF_A,30,1.096,5.8,0.42,21,1
P006,HRTF_A,30,1.111,4.75,0.37,21,1
P006,HRTF_A,30,1.124,3.59,0.33,21,1
P006,HRTF_A,30,1.138,2.29,0.3,21,1
P006,HRTF_A,30,1.152,0.86,0.29,21,1
P006,HRTF_A,30,1.166,-0.67,0.25,21,1
P006,HRTF_A,30,1.18,-2.45,0.22,21,1
P006,HRTF_A,30,1.194,-4.42,0.17,21,1
P006,HRTF_A,30,1.208,-6.55,0.16,21,1
P006,HRTF_A,30,1.221,-8.82,0.15,21,1
P006,HRTF_A,30,1.235,-11.09,0.22,21,1
P006,HRTF_A,30,1.249,-13.38,0.3,21,1
P006,HRTF_A,30,1.263,-15.82,0.4,21,1
P006,HRTF_A,30,1.277,-18.18,0.42,21,1
P006,HRTF_A,30,1.291,-20.59,0.44,21,1
P006,HRTF_A,30,1.305,-22.94,0.45,21,1
P006,HRTF_A,30,1.319,-25.26,0.51,21,1
P006,HRTF_A,30,1.333,-27.6,0.61,21,1
P006,HRTF_A,30,1.347,-29.87,0.68,21,1
P006,HRTF_A,30,1.36,-32.08,0.78,21,1
P006,HRTF_A,30,1.374,-34.29,0.84,21,1
P006,HRTF_A,30,1.388,-36.38,0.96,21,1
P006,HRTF_A,30,1.402,-38.4,1.13,21,1
P006,HRTF_A,30,1.416,-40.37,1.34,21,1
P006,HRTF_A,30,1.43,-42.28,1.53,21,1
P006,HRTF_A,30,1.444,-44.11,1.72,21,1
P006,HRTF_A,30,1.458,-45.8,1.93,21,1
P006,HRTF_A,30,1.471,-47.45,2.08,21,1
P006,HRTF_A,30,1.485,-49.03,2.26,21,1
P006,HRTF_A,30,1.499,-50.62,2.46,21,1
P006,HRTF_A,30,1.513,-52.19,2.66,21,1
P006,HRTF_A,30,1.527,-53.78,2.85,21,1
P006,HRTF_A,30,1.541,-55.33,3.1,21,1
P006,HRTF_A,30,1.555,-56.92,3.33,21,1
P006,HRTF_A,30,1.569,-58.51,3.56,21,1
P006,HRTF_A,30,1.583,-60.06,3.76,21,1
P006,HRTF_A,30,1.597,-61.6,3.99,21,1
P006,HRTF_A,30,1.61,-63.14,4.17,21,1
P006,HRTF_A,30,1.624,-64.65,4.31,21,1
P006,HRTF_A,30,1.638,-66.14,4.43,21,1
P006,HRTF_A,30,1.652,-67.6,4.52,21,1
P006,HRTF_A,30,1.666,-69.07,4.57,21,1
P006,HRTF_A,30,1.68,-70.4,4.68,21,1
P006,HRTF_A,30,1.694,-71.64,4.83,21,1
P006,HRTF_A,30,1.708,-72.84,4.98,21,1
P006,HRTF_A,30,1.721,-73.86,5.12,21,1
P006,HRTF_A,30,1.736,-74.95,5.21,21,1
P006,HRTF_A,30,1.749,-75.91,5.19,21,1
P006,HRTF_A,30,1.763,-76.85,5.19,21,1
P006,HRTF_A,30,1.777,-77.78,5.16,21,1
P006,HRTF_A,30,1.791,-78.71,5.15,21,1
P006,HRTF_A,30,1.805,-79.64,5.26,21,1
P006,HRTF_A,30,1.819,-80.63,5.24,21,1
P006,HRTF_A,30,1.832,-81.61,5.15,21,1
P006,HRTF_A,30,1.846,-82.6,5.09,21,1
P006,HRTF_A,30,1.86,-83.57,4.97,21,1
P006,HRTF_A,30,1.874,-84.55,4.81,21,1
P006,HRTF_A,30,1.888,-85.55,4.57,21,1
P006,HRTF_A,30,1.902,-86.59,4.24,21,1
P006,HRTF_A,30,1.916,-87.69,3.88,21,1
P006,HRTF_A,30,1.93,-88.85,3.46,21,1
P006,HRTF_A,30,1.944,-89.97,3.03,21,1
P006,HRTF_A,30,1.958,-91.16,2.54,21,1
P006,HRTF_A,30,1.972,-92.39,2.04,21,1
P006,HRTF_A,30,1.986,-93.69,1.52,21,1
P006,HRTF_A,30,1.999,-95.0,1.02,21,1
P006,HRTF_A,30,2.013,-96.32,0.51,21,1
P006,HRTF_A,30,2.027,-97.62,0.07,21,1
P006,HRTF_A,30,2.041,-98.93,-0.39,21,1
P006,HRTF_A,30,2.055,-100.24,-0.93,21,1
P006,HRTF_A,30,2.069,-101.59,-1.46,21,1
P006,HRTF_A,30,2.083,-102.89,-1.99,21,1
P006,HRTF_A,30,2.096,-104.23,-2.51,21,1
P006,HRTF_A,30,2.11,-105.57,-2.93,21,1
P006,HRTF_A,30,2.124,-106.84,-3.26,21,1
P006,HRTF_A,30,2.138,-108.14,-3.63,21,1
P006,HRTF_A,30,2.152,-109.44,-3.97,21,1
P006,HRTF_A,30,2.166,-110.77,-4.25,21,1
P006,HRTF_A,30,2.18,-112.1,-4.51,21,1
P006,HRTF_A,30,2.193,-113.46,-4.69,21,1
P006,HRTF_A,30,2.207,-114.72,-4.84,21,1
P006,HRTF_A,30,2.221,-115.9,-4.95,21,1
P006,HRTF_A,30,2.235,-117.02,-5.05,21,1
P006,HRTF_A,30,2.249,-118.02,-5.05,21,1
P006,HRTF_A,30,2.263,-119.0,-4.99,21,1
P006,HRTF_A,30,2.277,-119.88,-4.95,21,1
P006,HRTF_A,30,2.291,-120.73,-4.95,21,1
P006,HRTF_A,30,2.305,-121.53,-4.99,21,1
P006,HRTF_A,30,2.318,-122.24,-5.01,21,1
P006,HRTF_A,30,2.332,-122.82,-5.04,21,1
P006,HRTF_A,30,2.346,-123.41,-5.05,21,1
P006,HRTF_A,30,2.36,-123.92,-5.06,21,1
P006,HRTF_A,30,2.374,-124.43,-5.08,21,1
P006,HRTF_A,30,2.388,-124.86,-5.13,21,1
P006,HRTF_A,30,2.402,-125.23,-5.17,21,1
P006,HRTF_A,30,2.416,-125.52,-5.18,21,1
P006,HRTF_A,30,2.429,-125.82,-5.24,21,1
P006,HRTF_A,30,2.443,-126.12,-5.29,21,1
P006,HRTF_A,30,2.457,-126.33,-5.39,21,1
P006,HRTF_A,30,2.471,-126.51,-5.49,21,1
P006,HRTF_A,30,2.485,-126.66,-5.57,21,1
P006,HRTF_A,30,2.499,-126.78,-5.6,21,1
P006,HRTF_A,30,2.513,-126.83,-5.59,21,1
P006,HRTF_A,30,2.527,-126.91,-5.55,21,1
P006,HRTF_A,30,2.541,-126.95,-5.47,21,1
P006,HRTF_A,30,2.554,-126.95,-5.37,21,1
P006,HRTF_A,31,0.014,-0.89,0.55,30,1
P006,HRTF_A,31,0.029,-0.42,0.57,30,1
P006,HRTF_A,31,0.042,0.0,0.57,30,1
P006,HRTF_A,31,0.056,0.45,0.57,30,1
P006,HRTF_A,31,0.07,0.88,0.53,30,1
P006,HRTF_A,31,0.084,1.26,0.45,30,1
P006,HRTF_A,31,0.097,1.66,0.4,30,1
P006,HRTF_A,31,0.111,2.04,0.29,30,1
P006,HRTF_A,31,0.125,2.42,0.15,30,1
P006,HRTF_A,31,0.139,2.77,-0.05,30,1
P006,HRTF_A,31,0.153,3.15,-0.2,30,1
P006,HRTF_A,31,0.167,3.51,-0.34,30,1
P006,HRTF_A,31,0.181,3.84,-0.45,30,1
P006,HRTF_A,31,0.195,4.15,-0.52,30,1
P006,HRTF_A,31,0.209,4.47,-0.59,30,1
P006,HRTF_A,31,0.223,4.77,-0.66,30,1
P006,HRTF_A,31,0.236,5.05,-0.78,30,1
P006,HRTF_A,31,0.25,5.29,-0.88,30,1
P006,HRTF_A,31,0.264,5.45,-0.98,30,1
P006,HRTF_A,31,0.278,5.63,-1.05,30,1
P006,HRTF_A,31,0.292,5.83,-1.09,30,1
P006,HRTF_A,31,0.306,6.0,-1.12,30,1
P006,HRTF_A,31,0.32,6.2,-1.13,30,1
P006,HRTF_A,31,0.334,6.4,-1.17,30,1
P006,HRTF_A,31,0.348,6.62,-1.21,30,1
P006,HRTF_A,31,0.361,6.86,-1.26,30,1
P006,HRTF_A,31,0.376,7.13,-1.3,30,1
P006,HRTF_A,31,0.389,7.43,-1.34,30,1
P006,HRTF_A,31,0.403,7.8,-1.35,30,1
P006,HRTF_A,31,0.417,8.16,-1.35,30,1
P006,HRTF_A,31,0.431,8.53,-1.33,30,1
P006,HRTF_A,31,0.445,8.88,-1.34,30,1
P006,HRTF_A,31,0.459,9.2,-1.34,30,1
P006,HRTF_A,31,0.473,9.51,-1.35,30,1
P006,HRTF_A,31,0.486,9.83,-1.34,30,1
P006,HRTF_A,31,0.5,10.1,-1.3,30,1
P006,HRTF_A,31,0.514,10.38,-1.33,30,1
P006,HRTF_A,31,0.528,10.62,-1.31,30,1
P006,HRTF_A,31,0.542,10.78,-1.3,30,1
P006,HRTF_A,31,0.556,10.97,-1.26,30,1
P006,HRTF_A,31,0.57,11.06,-1.24,30,1
P006,HRTF_A,31,0.584,11.15,-1.23,30,1
P006,HRTF_A,31,0.598,11.21,-1.25,30,1
P006,HRTF_A,31,0.611,11.25,-1.27,30,1
P006,HRTF_A,31,0.625,11.26,-1.31,30,1
P006,HRTF_A,31,0.639,11.24,-1.33,30,1
P006,HRTF_A,31,0.653,11.24,-1.36,30,1
P006,HRTF_A,31,0.667,11.2,-1.39,30,1
P006,HRTF_A,31,0.681,11.2,-1.41,30,1
P006,HRTF_A,31,0.695,11.17,-1.46,30,1
P006,HRTF_A,31,0.709,11.12,-1.49,30,1
P006,HRTF_A,31,0.722,11.09,-1.51,30,1
P006,HRTF_A,31,0.736,11.03,-1.52,30,1
P006,HRTF_A,31,0.75,10.96,-1.51,30,1
P006,HRTF_A,31,0.764,10.89,-1.5,30,1
P006,HRTF_A,31,0.778,10.84,-1.49,30,1
P006,HRTF_A,31,0.792,10.76,-1.49,30,1
P006,HRTF_A,31,0.806,10.68,-1.5,30,1
P006,HRTF_A,31,0.819,10.55,-1.52,30,1
P006,HRTF_A,31,0.834,10.36,-1.55,30,1
P006,HRTF_A,31,0.849,10.1,-1.58,30,1
P006,HRTF_A,31,0.863,9.63,-1.64,30,1
P006,HRTF_A,31,0.876,9.5,-1.63,30,1
P006,HRTF_A,31,0.89,9.11,-1.65,30,1
P006,HRTF_A,31,0.904,8.68,-1.69,30,1
P006,HRTF_A,31,0.917,8.22,-1.74,30,1
P006,HRTF_A,31,0.931,7.65,-1.77,30,1
P006,HRTF_A,31,0.945,7.04,-1.77,30,1
P006,HRTF_A,31,0.959,6.32,-1.8,30,1
P006,HRTF_A,31,0.973,5.51,-1.84,30,1
P006,HRTF_A,31,0.986,4.58,-1.9,30,1
P006,HRTF_A,31,1.0,3.63,-1.95,30,1
P006,HRTF_A,31,1.014,2.63,-2.0,30,1
P006,HRTF_A,31,1.028,1.6,-2.1,30,1
P006,HRTF_A,31,1.042,0.48,-2.08,30,1
P006,HRTF_A,31,1.056,-0.65,-2.09,30,1
P006,HRTF_A,31,1.07,-1.77,-2.09,30,1
P006,HRTF_A,31,1.083,-2.93,-2.01,30,1
P006,HRTF_A,31,1.097,-4.06,-1.94,30,1
P006,HRTF_A,31,1.111,-5.14,-1.89,30,1
P006,HRTF_A,31,1.125,-6.25,-1.77,30,1
P006,HRTF_A,31,1.139,-7.37,-1.7,30,1
P006,HRTF_A,31,1.153,-8.53,-1.63,30,1
P006,HRTF_A,31,1.167,-9.81,-1.57,30,1
P006,HRTF_A,31,1.181,-11.07,-1.47,30,1
P006,HRTF_A,31,1.194,-12.36,-1.34,30,1
P006,HRTF_A,31,1.208,-13.69,-1.2,30,1
P006,HRTF_A,31,1.222,-15.11,-1.09,30,1
P006,HRTF_A,31,1.236,-16.63,-1.05,30,1
P006,HRTF_A,31,1.25,-18.21,-1.07,30,1
P006,HRTF_A,31,1.264,-19.96,-1.07,30,1
P006,HRTF_A,31,1.278,-21.65,-0.99,30,1
P006,HRTF_A,31,1.292,-23.45,-0.96,30,1
P006,HRTF_A,31,1.306,-25.25,-0.92,30,1
P006,HRTF_A,31,1.319,-27.15,-0.9,30,1
P006,HRTF_A,31,1.333,-29.03,-0.8,30,1
P006,HRTF_A,31,1.347,-31.02,-0.74,30,1
P006,HRTF_A,31,1.361,-33.04,-0.68,30,1
P006,HRTF_A,31,1.375,-35.04,-0.62,30,1
P006,HRTF_A,31,1.389,-37.08,-0.55,30,1
P006,HRTF_A,31,1.403,-39.14,-0.57,30,1
P006,HRTF_A,31,1.417,-41.22,-0.6,30,1
P006,HRTF_A,31,1.43,-43.33,-0.63,30,1
P006,HRTF_A,31,1.444,-45.46,-0.62,30,1
P006,HRTF_A,32,0.014,5.3,-1.28,12,1
P006,HRTF_A,32,0.028,5.61,-1.14,12,1
P006,HRTF_A,32,0.042,5.87,-1.0,12,1
P006,HRTF_A,32,0.055,6.15,-0.88,12,1
P006,HRTF_A,32,0.069,6.38,-0.75,12,1
P006,HRTF_A,32,0.084,6.62,-0.61,12,1
P006,HRTF_A,32,0.098,6.82,-0.48,12,1
P006,HRTF_A,32,0.111,7.04,-0.35,12,1
P006,HRTF_A,32,0.125,7.23,-0.24,12,1
P006,HRTF_A,32,0.139,7.44,-0.18,12,1
P006,HRTF_A,32,0.153,7.61,-0.13,12,1
P006,HRTF_A,32,0.167,7.82,-0.12,12,1
P006,HRTF_A,32,0.181,8.03,-0.09,12,1
P006,HRTF_A,32,0.195,8.24,-0.12,12,1
P006,HRTF_A,32,0.208,8.47,-0.21,12,1
P006,HRTF_A,32,0.222,8.71,-0.33,12,1
P006,HRTF_A,32,0.236,8.92,-0.49,12,1
P006,HRTF_A,32,0.25,9.13,-0.69,12,1
P006,HRTF_A,32,0.264,9.34,-0.85,12,1
P006,HRTF_A,32,0.278,9.5,-1.01,12,1
P006,HRTF_A,32,0.292,9.65,-1.11,12,1
P006,HRTF_A,32,0.306,9.79,-1.21,12,1
P006,HRTF_A,32,0.319,9.93,-1.32,12,1
P006,HRTF_A,32,0.333,10.05,-1.41,12,1
P006,HRTF_A,32,0.347,10.17,-1.47,12,1
P006,HRTF_A,32,0.361,10.3,-1.5,12,1
P006,HRTF_A,32,0.375,10.44,-1.51,12,1
P006,HRTF_A,32,0.389,10.58,-1.5,12,1
P006,HRTF_A,32,0.403,10.74,-1.46,12,1
P006,HRTF_A,32,0.417,10.9,-1.43,12,1
P006,HRTF_A,32,0.431,11.1,-1.37,12,1
P006,HRTF_A,32,0.444,11.34,-1.31,12,1
P006,HRTF_A,32,0.458,11.59,-1.22,12,1
P006,HRTF_A,32,0.472,11.85,-1.08,12,1
P006,HRTF_A,32,0.486,12.11,-0.9,12,1
P006,HRTF_A,32,0.5,12.37,-0.7,12,1
P006,HRTF_A,32,0.514,12.64,-0.49,12,1
P006,HRTF_A,32,0.528,12.96,-0.25,12,1
P006,HRTF_A,32,0.542,13.3,-0.04,12,1
P006,HRTF_A,32,0.555,13.69,0.23,12,1
P006,HRTF_A,32,0.569,14.06,0.49,12,1
P006,HRTF_A,32,0.583,14.45,0.78,12,1
P006,HRTF_A,32,0.597,14.9,1.02,12,1
P006,HRTF_A,32,0.611,15.3,1.24,12,1
P006,HRTF_A,32,0.625,15.71,1.42,12,1
P006,HRTF_A,32,0.639,16.07,1.6,12,1
P006,HRTF_A,32,0.653,16.4,1.76,12,1
P006,HRTF_A,32,0.666,16.69,1.91,12,1
P006,HRTF_A,32,0.68,16.97,2.0,12,1
P006,HRTF_A,32,0.694,17.22,2.02,12,1
P006,HRTF_A,32,0.708,17.44,1.91,12,1
P006,HRTF_A,32,0.722,17.65,1.86,12,1
P006,HRTF_A,32,0.736,17.82,1.83,12,1
P006,HRTF_A,32,0.75,17.98,1.84,12,1
P006,HRTF_A,32,0.764,18.1,1.91,12,1
P006,HRTF_A,32,0.778,18.19,1.95,12,1
P006,HRTF_A,32,0.791,18.26,1.95,12,1
P006,HRTF_A,32,0.805,18.29,1.92,12,1
P006,HRTF_A,32,0.819,18.29,1.88,12,1
P006,HRTF_A,32,0.833,18.3,1.86,12,1
P006,HRTF_A,32,0.847,18.28,1.85,12,1
P006,HRTF_A,32,0.861,18.25,1.88,12,1
P006,HRTF_A,32,0.875,18.24,1.93,12,1
P006,HRTF_A,32,0.889,18.25,1.98,12,1
P006,HRTF_A,32,0.903,18.33,2.01,12,1
P006,HRTF_A,32,0.916,18.44,2.04,12,1
P006,HRTF_A,32,0.93,18.65,2.1,12,1
P006,HRTF_A,32,0.944,18.89,2.19,12,1
P006,HRTF_A,32,0.958,19.22,2.32,12,1
P006,HRTF_A,32,0.972,19.65,2.42,12,1
P006,HRTF_A,32,0.986,20.18,2.48,12,1
P006,HRTF_A,32,1.0,20.92,2.45,12,1
P006,HRTF_A,32,1.014,21.65,2.39,12,1
P006,HRTF_A,32,1.028,22.8,2.14,12,1
P006,HRTF_A,32,1.041,23.96,1.96,12,1
P006,HRTF_A,32,1.055,25.36,1.69,12,1
P006,HRTF_A,32,1.069,26.93,1.37,12,1
P006,HRTF_A,32,1.083,28.5,1.06,12,1
P006,HRTF_A,32,1.097,30.11,0.69,12,1
P006,HRTF_A,32,1.111,31.78,0.3,12,1
P006,HRTF_A,32,1.125,33.54,-0.07,12,1
P006,HRTF_A,32,1.139,35.39,-0.41,12,1
P006,HRTF_A,32,1.153,37.19,-0.81,12,1
P006,HRTF_A,32,1.166,38.92,-1.23,12,1
P006,HRTF_A,32,1.18,40.5,-1.7,12,1
P006,HRTF_A,32,1.194,42.09,-2.18,12,1
P006,HRTF_A,32,1.208,43.66,-2.74,12,1
P006,HRTF_A,32,1.222,45.26,-3.37,12,1
P006,HRTF_A,32,1.236,46.84,-4.04,12,1
P006,HRTF_A,32,1.25,48.33,-4.78,12,1
P006,HRTF_A,32,1.264,49.75,-5.55,12,1
P006,HRTF_A,32,1.278,51.09,-6.27,12,1
P006,HRTF_A,32,1.291,52.29,-6.98,12,1
P006,HRTF_A,32,1.305,53.58,-7.69,12,1
P006,HRTF_A,32,1.319,54.8,-8.51,12,1
P006,HRTF_A,32,1.333,56.08,-9.42,12,1
P006,HRTF_A,32,1.347,57.41,-10.18,12,1
P006,HRTF_A,32,1.361,58.68,-10.8,12,1
P006,HRTF_A,32,1.375,59.95,-11.36,12,1
P006,HRTF_A,32,1.389,61.21,-11.91,12,1
P006,HRTF_A,32,1.403,62.58,-12.42,12,1
P006,HRTF_A,32,1.416,64.01,-12.9,12,1
P006,HRTF_A,32,1.43,65.54,-13.26,12,1
P006,HRTF_A,32,1.444,67.02,-13.57,12,1
P006,HRTF_A,32,1.458,68.43,-13.77,12,1
P006,HRTF_A,32,1.472,69.89,-13.81,12,1
P006,HRTF_A,32,1.486,71.33,-13.86,12,1
P006,HRTF_A,32,1.5,72.86,-13.86,12,1
P006,HRTF_A,32,1.514,74.29,-13.9,12,1
P006,HRTF_A,32,1.528,75.66,-13.8,12,1
P006,HRTF_A,32,1.542,76.98,-13.65,12,1
P006,HRTF_A,32,1.555,78.08,-13.44,12,1
P006,HRTF_A,32,1.569,79.18,-13.22,12,1
P006,HRTF_A,32,1.583,80.14,-12.93,12,1
P006,HRTF_A,32,1.597,81.02,-12.54,12,1
P006,HRTF_A,32,1.611,81.81,-12.1,12,1
P006,HRTF_A,32,1.625,82.43,-11.5,12,1
P006,HRTF_A,32,1.639,83.02,-10.91,12,1
P006,HRTF_A,32,1.652,83.53,-10.39,12,1
P006,HRTF_A,32,1.666,83.99,-10.02,12,1
P006,HRTF_A,32,1.68,84.45,-9.65,12,1
P006,HRTF_A,32,1.694,84.88,-9.21,12,1
P006,HRTF_A,32,1.708,85.33,-8.63,12,1
P006,HRTF_A,32,1.722,85.74,-8.03,12,1
P006,HRTF_A,32,1.736,86.16,-7.38,12,1
P006,HRTF_A,32,1.75,86.5,-6.76,12,1
P006,HRTF_A,32,1.764,86.86,-6.04,12,1
P006,HRTF_A,32,1.777,87.21,-5.38,12,1
P006,HRTF_A,32,1.791,87.53,-4.8,12,1
P006,HRTF_A,32,1.805,87.97,-4.44,12,1
P006,HRTF_A,32,1.819,88.48,-4.2,12,1
P006,HRTF_A,32,1.833,89.02,-3.82,12,1
P006,HRTF_A,32,1.847,89.55,-3.21,12,1
P006,HRTF_A,32,1.861,90.17,-2.4,12,1
P006,HRTF_A,32,1.875,90.87,-1.47,12,1
P006,HRTF_A,32,1.889,91.67,-0.39,12,1
P006,HRTF_A,32,1.903,92.5,0.79,12,1
P006,HRTF_A,32,1.917,93.31,1.99,12,1
P006,HRTF_A,32,1.93,94.05,3.31,12,1
P006,HRTF_A,32,1.944,94.81,4.5,12,1
P006,HRTF_A,32,1.958,95.66,5.42,12,1
P006,HRTF_A,32,1.972,96.57,6.2,12,1
P006,HRTF_A,32,1.986,97.55,6.93,12,1
P006,HRTF_A,32,2.0,98.55,7.66,12,1
P006,HRTF_A,32,2.014,99.49,8.54,12,1
P006,HRTF_A,32,2.028,100.39,9.35,12,1
P006,HRTF_A,32,2.041,101.35,9.92,12,1
P006,HRTF_A,32,2.055,102.36,10.38,12,1
P006,HRTF_A,32,2.069,103.4,10.78,12,1
P006,HRTF_A,32,2.083,104.42,11.18,12,1
P006,HRTF_A,32,2.097,105.36,11.54,12,1
P006,HRTF_A,32,2.111,106.38,11.66,12,1
P006,HRTF_A,32,2.125,107.45,11.58,12,1
P006,HRTF_A,32,2.138,108.55,11.49,12,1
P006,HRTF_A,32,2.152,109.69,11.38,12,1
P006,HRTF_A,32,2.166,110.75,11.14,12,1
P006,HRTF_A,32,2.18,111.8,10.73,12,1
P006,HRTF_A,32,2.194,112.78,10.16,12,1
P006,HRTF_A,32,2.208,113.77,9.48,12,1
P006,HRTF_A,32,2.222,114.73,8.89,12,1
P006,HRTF_A,32,2.236,115.65,8.51,12,1
P006,HRTF_A,32,2.25,116.56,8.3,12,1
P006,HRTF_A,32,2.263,117.44,8.36,12,1
P006,HRTF_A,32,2.277,118.34,8.39,12,1
P006,HRTF_A,32,2.291,119.2,8.48,12,1
P006,HRTF_A,32,2.305,120.07,8.6,12,1
P006,HRTF_A,32,2.319,120.92,8.64,12,1
P006,HRTF_A,32,2.333,121.73,8.71,12,1
P006,HRTF_A,32,2.347,122.5,8.77,12,1
P006,HRTF_A,32,2.361,123.21,8.81,12,1
P006,HRTF_A,32,2.375,123.83,8.84,12,1
P006,HRTF_A,32,2.389,124.46,8.88,12,1
P006,HRTF_A,32,2.402,125.01,8.85,12,1
P006,HRTF_A,33,0.014,0.28,-1.39,1,1
P006,HRTF_A,33,0.028,0.07,-1.32,1,1
P006,HRTF_A,33,0.042,-0.09,-1.26,1,1
P006,HRTF_A,33,0.056,-0.26,-1.21,1,1
P006,HRTF_A,33,0.07,-0.42,-1.16,1,1
P006,HRTF_A,33,0.083,-0.56,-1.12,1,1
P006,HRTF_A,33,0.097,-0.7,-1.09,1,1
P006,HRTF_A,33,0.112,-0.83,-1.05,1,1
P006,HRTF_A,33,0.125,-0.96,-1.02,1,1
P006,HRTF_A,33,0.139,-1.06,-1.0,1,1
P006,HRTF_A,33,0.153,-1.15,-0.97,1,1
P006,HRTF_A,33,0.167,-1.23,-0.96,1,1
P006,HRTF_A,33,0.181,-1.31,-0.94,1,1
P006,HRTF_A,33,0.194,-1.36,-0.95,1,1
P006,HRTF_A,33,0.208,-1.4,-0.97,1,1
P006,HRTF_A,33,0.222,-1.45,-0.96,1,1
P006,HRTF_A,33,0.236,-1.49,-0.94,1,1
P006,HRTF_A,33,0.25,-1.52,-0.95,1,1
P006,HRTF_A,33,0.264,-1.52,-0.93,1,1
P006,HRTF_A,33,0.278,-1.52,-0.91,1,1
P006,HRTF_A,33,0.292,-1.5,-0.87,1,1
P006,HRTF_A,33,0.305,-1.46,-0.84,1,1
P006,HRTF_A,33,0.32,-1.42,-0.81,1,1
P006,HRTF_A,33,0.333,-1.37,-0.8,1,1
P006,HRTF_A,33,0.347,-1.3,-0.82,1,1
P006,HRTF_A,33,0.361,-1.2,-0.81,1,1
P006,HRTF_A,33,0.375,-1.1,-0.82,1,1
P006,HRTF_A,33,0.389,-0.98,-0.82,1,1
P006,HRTF_A,33,0.403,-0.86,-0.83,1,1
P006,HRTF_A,33,0.417,-0.75,-0.82,1,1
P006,HRTF_A,33,0.431,-0.63,-0.83,1,1
P006,HRTF_A,33,0.444,-0.53,-0.86,1,1
P006,HRTF_A,33,0.458,-0.42,-0.88,1,1
P006,HRTF_A,33,0.472,-0.29,-0.92,1,1
P006,HRTF_A,33,0.486,-0.2,-0.93,1,1
P006,HRTF_A,33,0.5,-0.08,-0.91,1,1
P006,HRTF_A,33,0.514,0.02,-0.91,1,1
P006,HRTF_A,34,0.014,1.16,-0.55,5,1
P006,HRTF_A,34,0.028,1.16,-0.57,5,1
P006,HRTF_A,34,0.042,1.16,-0.55,5,1
P006,HRTF_A,34,0.055,1.15,-0.54,5,1
P006,HRTF_A,34,0.069,1.14,-0.53,5,1
P006,HRTF_A,34,0.083,1.13,-0.5,5,1
P006,HRTF_A,34,0.097,1.11,-0.48,5,1
P006,HRTF_A,34,0.111,1.08,-0.46,5,1
P006,HRTF_A,34,0.125,1.04,-0.46,5,1
P006,HRTF_A,34,0.139,1.02,-0.45,5,1
P006,HRTF_A,34,0.153,0.99,-0.45,5,1
P006,HRTF_A,34,0.166,0.97,-0.46,5,1
P006,HRTF_A,34,0.18,0.94,-0.44,5,1
P006,HRTF_A,34,0.194,0.91,-0.44,5,1
P006,HRTF_A,34,0.208,0.87,-0.46,5,1
P006,HRTF_A,34,0.222,0.85,-0.47,5,1
P006,HRTF_A,34,0.236,0.82,-0.47,5,1
P006,HRTF_A,34,0.25,0.79,-0.45,5,1
P006,HRTF_A,34,0.264,0.77,-0.43,5,1
P006,HRTF_A,34,0.277,0.75,-0.41,5,1
P006,HRTF_A,34,0.291,0.73,-0.4,5,1
P006,HRTF_A,34,0.305,0.71,-0.41,5,1
P006,HRTF_A,34,0.319,0.7,-0.41,5,1
P006,HRTF_A,34,0.333,0.68,-0.41,5,1
P006,HRTF_A,34,0.347,0.67,-0.42,5,1
P006,HRTF_A,34,0.361,0.66,-0.42,5,1
P006,HRTF_A,34,0.375,0.63,-0.41,5,1
P006,HRTF_A,34,0.388,0.63,-0.43,5,1
P006,HRTF_A,34,0.403,0.63,-0.43,5,1
P006,HRTF_A,34,0.416,0.65,-0.44,5,1
P006,HRTF_A,34,0.43,0.67,-0.43,5,1
P006,HRTF_A,34,0.444,0.68,-0.42,5,1
P006,HRTF_A,34,0.458,0.7,-0.42,5,1
P006,HRTF_A,34,0.472,0.71,-0.41,5,1
P006,HRTF_A,34,0.486,0.73,-0.4,5,1
P006,HRTF_A,34,0.5,0.74,-0.39,5,1
P006,HRTF_A,34,0.513,0.75,-0.38,5,1
P006,HRTF_A,34,0.528,0.77,-0.38,5,1
P006,HRTF_A,34,0.541,0.77,-0.38,5,1
P006,HRTF_A,34,0.555,0.77,-0.39,5,1
P006,HRTF_A,34,0.569,0.77,-0.39,5,1
P006,HRTF_A,34,0.583,0.77,-0.4,5,1
P006,HRTF_A,34,0.597,0.78,-0.41,5,1
P006,HRTF_A,34,0.611,0.79,-0.42,5,1
P006,HRTF_A,34,0.625,0.79,-0.41,5,1
P006,HRTF_A,34,0.638,0.81,-0.4,5,1
P006,HRTF_A,34,0.652,0.84,-0.4,5,1
P006,HRTF_A,34,0.666,0.89,-0.42,5,1
P006,HRTF_A,34,0.68,0.94,-0.42,5,1
P006,HRTF_A,34,0.694,1.05,-0.44,5,1
P006,HRTF_A,34,0.708,1.22,-0.41,5,1
P006,HRTF_A,34,0.722,1.47,-0.36,5,1
P006,HRTF_A,34,0.736,1.76,-0.29,5,1
P006,HRTF_A,34,0.75,2.09,-0.22,5,1
P006,HRTF_A,34,0.764,2.49,-0.17,5,1
P006,HRTF_A,34,0.777,2.88,-0.12,5,1
P006,HRTF_A,34,0.791,3.35,-0.12,5,1
P006,HRTF_A,34,0.805,3.89,-0.1,5,1
P006,HRTF_A,34,0.819,4.47,-0.11,5,1
P006,HRTF_A,34,0.833,5.17,-0.05,5,1
P006,HRTF_A,34,0.847,6.06,-0.02,5,1
P006,HRTF_A,34,0.862,7.06,0.04,5,1
P006,HRTF_A,34,0.876,8.11,0.11,5,1
P006,HRTF_A,34,0.89,9.33,0.15,5,1
P006,HRTF_A,34,0.903,10.6,0.22,5,1
P006,HRTF_A,34,0.917,12.2,0.2,5,1
P006,HRTF_A,34,0.931,14.11,0.1,5,1
P006,HRTF_A,34,0.944,16.1,0.07,5,1
P006,HRTF_A,34,0.958,18.27,0.04,5,1
P006,HRTF_A,34,0.972,20.39,0.1,5,1
P006,HRTF_A,34,0.986,22.54,0.14,5,1
P006,HRTF_A,34,1.0,24.83,0.16,5,1
P006,HRTF_A,34,1.013,27.19,0.15,5,1
P006,HRTF_A,34,1.027,29.6,0.12,5,1
P006,HRTF_A,34,1.041,31.95,0.1,5,1
P006,HRTF_A,34,1.055,34.25,0.19,5,1
P006,HRTF_A,34,1.069,36.47,0.32,5,1
P006,HRTF_A,34,1.083,38.51,0.48,5,1
P006,HRTF_A,34,1.097,40.46,0.59,5,1
P006,HRTF_A,34,1.11,42.2,0.73,5,1
P006,HRTF_A,34,1.124,43.87,0.81,5,1
P006,HRTF_A,34,1.138,45.44,0.88,5,1
P006,HRTF_A,35,0.014,-2.28,-2.27,20,1
P006,HRTF_A,35,0.028,-2.46,-2.25,20,1
P006,HRTF_A,35,0.041,-2.6,-2.25,20,1
P006,HRTF_A,35,0.055,-2.75,-2.25,20,1
P006,HRTF_A,35,0.069,-2.86,-2.25,20,1
P006,HRTF_A,35,0.083,-2.97,-2.23,20,1
P006,HRTF_A,35,0.097,-3.05,-2.19,20,1
P006,HRTF_A,35,0.111,-3.14,-2.14,20,1
P006,HRTF_A,35,0.125,-3.2,-2.1,20,1
P006,HRTF_A,35,0.139,-3.25,-2.09,20,1
P006,HRTF_A,35,0.152,-3.31,-2.09,20,1
P006,HRTF_A,35,0.166,-3.35,-2.08,20,1
P006,HRTF_A,35,0.18,-3.36,-2.08,20,1
P006,HRTF_A,35,0.194,-3.35,-2.11,20,1
P006,HRTF_A,35,0.208,-3.32,-2.12,20,1
P006,HRTF_A,35,0.222,-3.28,-2.15,20,1
P006,HRTF_A,35,0.236,-3.23,-2.15,20,1
P006,HRTF_A,35,0.25,-3.16,-2.15,20,1
P006,HRTF_A,35,0.264,-3.09,-2.12,20,1
P006,HRTF_A,35,0.278,-3.0,-2.1,20,1
P006,HRTF_A,35,0.291,-2.89,-2.08,20,1
P006,HRTF_A,35,0.305,-2.74,-2.06,20,1
P006,HRTF_A,35,0.319,-2.59,-2.06,20,1
P006,HRTF_A,35,0.333,-2.42,-2.07,20,1
P006,HRTF_A,35,0.347,-2.25,-2.07,20,1
P006,HRTF_A,35,0.361,-2.08,-2.08,20,1
P006,HRTF_A,35,0.375,-1.88,-2.06,20,1
P006,HRTF_A,35,0.389,-1.69,-2.06,20,1
P006,HRTF_A,35,0.402,-1.49,-2.05,20,1
P006,HRTF_A,35,0.417,-1.27,-2.05,20,1
P006,HRTF_A,35,0.43,-1.04,-2.05,20,1
P006,HRTF_A,35,0.444,-0.79,-2.07,20,1
P006,HRTF_A,35,0.458,-0.54,-2.09,20,1
P006,HRTF_A,35,0.472,-0.27,-2.13,20,1
P006,HRTF_A,35,0.486,0.03,-2.15,20,1
P006,HRTF_A,35,0.5,0.34,-2.17,20,1
P006,HRTF_A,35,0.514,0.68,-2.18,20,1
P006,HRTF_A,35,0.527,1.05,-2.2,20,1
P006,HRTF_A,35,0.542,1.42,-2.23,20,1
P006,HRTF_A,35,0.555,1.81,-2.25,20,1
P006,HRTF_A,35,0.569,2.26,-2.27,20,1
P006,HRTF_A,35,0.583,2.64,-2.28,20,1
P006,HRTF_A,35,0.597,3.06,-2.31,20,1
P006,HRTF_A,35,0.611,3.52,-2.35,20,1
P006,HRTF_A,35,0.625,3.98,-2.37,20,1
P006,HRTF_A,35,0.638,4.48,-2.44,20,1
P006,HRTF_A,35,0.652,5.01,-2.46,20,1
P006,HRTF_A,35,0.666,5.55,-2.46,20,1
P006,HRTF_A,35,0.68,6.13,-2.41,20,1
P006,HRTF_A,35,0.694,6.72,-2.34,20,1
P006,HRTF_A,35,0.708,7.4,-2.29,20,1
P006,HRTF_A,35,0.722,8.11,-2.18,20,1
P006,HRTF_A,35,0.736,8.84,-2.09,20,1
P006,HRTF_A,35,0.75,9.61,-1.97,20,1
P006,HRTF_A,35,0.764,10.35,-1.86,20,1
P006,HRTF_A,35,0.777,11.1,-1.8,20,1
P006,HRTF_A,35,0.791,11.85,-1.73,20,1
P006,HRTF_A,35,0.805,12.56,-1.69,20,1
P006,HRTF_A,35,0.819,13.28,-1.65,20,1
P006,HRTF_A,35,0.833,14.02,-1.65,20,1
P006,HRTF_A,35,0.847,14.76,-1.66,20,1
P006,HRTF_A,35,0.861,15.52,-1.67,20,1
P006,HRTF_A,35,0.875,16.31,-1.66,20,1
P006,HRTF_A,35,0.889,17.16,-1.68,20,1
P006,HRTF_A,35,0.902,18.03,-1.7,20,1
P006,HRTF_A,35,0.916,18.99,-1.7,20,1
P006,HRTF_A,35,0.93,19.99,-1.66,20,1
P006,HRTF_A,35,0.944,20.99,-1.64,20,1
P006,HRTF_A,35,0.958,22.09,-1.64,20,1
P006,HRTF_A,35,0.972,23.21,-1.63,20,1
P006,HRTF_A,35,0.986,24.28,-1.6,20,1
P006,HRTF_A,35,0.999,25.37,-1.61,20,1
P006,HRTF_A,35,1.013,26.42,-1.65,20,1
P006,HRTF_A,35,1.027,27.48,-1.66,20,1
P006,HRTF_A,35,1.041,28.48,-1.7,20,1
P006,HRTF_A,35,1.055,29.38,-1.72,20,1
P006,HRTF_A,35,1.069,30.18,-1.64,20,1
P006,HRTF_A,35,1.083,30.88,-1.59,20,1
P006,HRTF_A,35,1.097,31.44,-1.5,20,1
P006,HRTF_A,35,1.111,31.93,-1.51,20,1
P006,HRTF_A,35,1.125,32.33,-1.59,20,1
P006,HRTF_A,35,1.139,32.63,-1.75,20,1
P006,HRTF_A,35,1.152,32.74,-1.89,20,1
P006,HRTF_A,35,1.166,32.76,-2.06,20,1
P006,HRTF_A,35,1.18,32.57,-2.2,20,1
P006,HRTF_A,35,1.194,32.2,-2.27,20,1
P006,HRTF_A,35,1.208,31.62,-2.31,20,1
P006,HRTF_A,35,1.222,30.99,-2.39,20,1
P006,HRTF_A,35,1.236,30.22,-2.42,20,1
P006,HRTF_A,35,1.249,29.41,-2.45,20,1
P006,HRTF_A,35,1.264,28.53,-2.45,20,1
P006,HRTF_A,35,1.277,27.52,-2.41,20,1
P006,HRTF_A,35,1.291,26.48,-2.38,20,1
P006,HRTF_A,35,1.305,25.38,-2.3,20,1
P006,HRTF_A,35,1.319,24.2,-2.32,20,1
P006,HRTF_A,35,1.333,22.97,-2.33,20,1
P006,HRTF_A,35,1.347,21.7,-2.36,20,1
P006,HRTF_A,35,1.361,20.38,-2.46,20,1
P006,HRTF_A,35,1.375,18.96,-2.62,20,1
P006,HRTF_A,35,1.388,17.55,-2.86,20,1
P006,HRTF_A,35,1.402,16.1,-3.09,20,1
P006,HRTF_A,35,1.416,14.66,-3.29,20,1
P006,HRTF_A,35,1.43,13.21,-3.47,20,1
P006,HRTF_A,35,1.444,11.66,-3.61,20,1
P006,HRTF_A,35,1.458,10.11,-3.78,20,1
P006,HRTF_A,35,1.472,8.5,-4.06,20,1
P006,HRTF_A,35,1.486,6.85,-4.33,20,1
P006,HRTF_A,35,1.499,5.18,-4.5,20,1
P006,HRTF_A,35,1.514,3.51,-4.58,20,1
P006,HRTF_A,35,1.527,1.89,-4.54,20,1
P006,HRTF_A,35,1.541,0.23,-4.48,20,1
P006,HRTF_A,35,1.555,-1.4,-4.34,20,1
P006,HRTF_A,35,1.569,-3.09,-4.16,20,1
P006,HRTF_A,35,1.583,-4.75,-4.06,20,1
P006,HRTF_A,35,1.597,-6.41,-3.97,20,1
P006,HRTF_A,35,1.611,-8.07,-3.93,20,1
P006,HRTF_A,35,1.625,-9.64,-3.98,20,1
P006,HRTF_A,35,1.639,-11.22,-3.98,20,1
P006,HRTF_A,35,1.652,-12.76,-3.92,20,1
P006,HRTF_A,35,1.667,-14.26,-3.87,20,1
P006,HRTF_A,35,1.68,-15.67,-3.81,20,1
P006,HRTF_A,35,1.694,-17.09,-3.74,20,1
P006,HRTF_A,35,1.708,-18.51,-3.71,20,1
P006,HRTF_A,35,1.722,-19.9,-3.63,20,1
P006,HRTF_A,35,1.736,-21.24,-3.59,20,1
P006,HRTF_A,35,1.75,-22.53,-3.53,20,1
P006,HRTF_A,35,1.763,-23.85,-3.48,20,1
P006,HRTF_A,35,1.777,-25.14,-3.5,20,1
P006,HRTF_A,35,1.791,-26.47,-3.51,20,1
P006,HRTF_A,35,1.805,-27.75,-3.58,20,1
P006,HRTF_A,35,1.819,-29.09,-3.61,20,1
P006,HRTF_A,35,1.833,-30.33,-3.66,20,1
P006,HRTF_A,35,1.847,-31.6,-3.72,20,1
P006,HRTF_A,35,1.861,-32.88,-3.8,20,1
P006,HRTF_A,35,1.874,-34.13,-3.85,20,1
P006,HRTF_A,35,1.888,-35.39,-3.86,20,1
P006,HRTF_A,35,1.902,-36.64,-3.91,20,1
P006,HRTF_A,35,1.916,-37.89,-3.89,20,1
P006,HRTF_A,35,1.93,-39.16,-3.91,20,1
P006,HRTF_A,35,1.944,-40.44,-3.95,20,1
P006,HRTF_A,35,1.958,-41.69,-4.07,20,1
P006,HRTF_A,35,1.972,-42.9,-4.14,20,1
P006,HRTF_A,35,1.986,-44.11,-4.39,20,1
P006,HRTF_A,35,1.999,-45.33,-4.65,20,1
P006,HRTF_A,35,2.013,-46.52,-4.94,20,1
P006,HRTF_A,35,2.027,-47.72,-5.11,20,1
P006,HRTF_A,35,2.041,-48.86,-5.23,20,1
P006,HRTF_A,35,2.055,-49.99,-5.34,20,1
P006,HRTF_A,35,2.069,-51.05,-5.54,20,1
P006,HRTF_A,35,2.083,-52.13,-5.76,20,1
P006,HRTF_A,35,2.097,-53.19,-6.01,20,1
P006,HRTF_A,35,2.111,-54.21,-6.21,20,1
P006,HRTF_A,35,2.124,-55.25,-6.41,20,1
P006,HRTF_A,35,2.138,-56.31,-6.58,20,1
P006,HRTF_A,35,2.152,-57.34,-6.72,20,1
P006,HRTF_A,35,2.166,-58.36,-6.88,20,1
P006,HRTF_A,35,2.18,-59.33,-7.05,20,1
P006,HRTF_A,35,2.194,-60.29,-7.19,20,1
P006,HRTF_A,35,2.208,-61.29,-7.22,20,1
P006,HRTF_A,35,2.222,-62.28,-7.19,20,1
P006,HRTF_A,35,2.236,-63.33,-7.18,20,1
P006,HRTF_A,35,2.249,-64.39,-7.21,20,1
P006,HRTF_A,35,2.263,-65.43,-7.17,20,1
P006,HRTF_A,35,2.277,-66.47,-7.11,20,1
P006,HRTF_A,35,2.291,-67.5,-6.96,20,1
P006,HRTF_A,35,2.305,-68.53,-6.81,20,1
P006,HRTF_A,35,2.319,-69.52,-6.56,20,1
P006,HRTF_A,35,2.333,-70.47,-6.27,20,1
P006,HRTF_A,35,2.347,-71.44,-5.87,20,1
P006,HRTF_A,35,2.361,-72.4,-5.5,20,1
P006,HRTF_A,35,2.375,-73.41,-5.05,20,1
P006,HRTF_A,35,2.388,-74.44,-4.6,20,1
P006,HRTF_A,35,2.402,-75.55,-4.19,20,1
P006,HRTF_A,35,2.416,-76.67,-3.75,20,1
P006,HRTF_A,35,2.43,-77.77,-3.38,20,1
P006,HRTF_A,35,2.444,-78.85,-3.06,20,1
P006,HRTF_A,35,2.458,-79.9,-2.73,20,1
P006,HRTF_A,35,2.472,-80.94,-2.29,20,1
P006,HRTF_A,35,2.486,-81.87,-1.84,20,1
P006,HRTF_A,35,2.499,-82.77,-1.37,20,1
P006,HRTF_A,35,2.513,-83.63,-0.93,20,1
P006,HRTF_A,35,2.527,-84.38,-0.6,20,1
P006,HRTF_A,35,2.541,-85.11,-0.25,20,1
P006,HRTF_A,35,2.555,-85.73,0.14,20,1
P006,HRTF_A,35,2.569,-86.34,0.61,20,1
P006,HRTF_A,35,2.583,-86.8,1.2,20,1
P006,HRTF_A,35,2.597,-87.25,1.83,20,1
P006,HRTF_A,35,2.61,-87.58,2.57,20,1
P006,HRTF_A,35,2.625,-87.91,3.25,20,1
P006,HRTF_A,35,2.638,-88.14,3.8,20,1
P006,HRTF_A,35,2.652,-88.44,4.11,20,1
P006,HRTF_A,35,2.666,-88.87,4.33,20,1
P006,HRTF_A,35,2.68,-89.38,4.38,20,1
P006,HRTF_A,35,2.694,-90.0,4.44,20,1
P006,HRTF_A,35,2.708,-90.55,4.66,20,1
P006,HRTF_A,35,2.722,-91.15,4.94,20,1
P006,HRTF_A,35,2.735,-91.74,5.28,20,1
P006,HRTF_A,35,2.749,-92.37,5.58,20,1
P006,HRTF_A,35,2.763,-93.06,5.84,20,1
P006,HRTF_A,35,2.777,-93.73,6.08,20,1
P006,HRTF_A,35,2.791,-94.55,6.32,20,1
P006,HRTF_A,35,2.805,-95.34,6.58,20,1
P006,HRTF_A,35,2.819,-96.21,6.83,20,1
P006,HRTF_A,35,2.833,-97.1,6.98,20,1
P006,HRTF_A,35,2.847,-98.06,7.04,20,1
P006,HRTF_A,35,2.861,-99.09,7.06,20,1
P006,HRTF_A,35,2.875,-100.21,7.05,20,1
P006,HRTF_A,35,2.888,-101.25,7.06,20,1
P006,HRTF_A,35,2.902,-102.25,7.14,20,1
P006,HRTF_A,35,2.916,-103.2,7.21,20,1
P006,HRTF_A,35,2.93,-104.11,7.24,20,1
P006,HRTF_A,35,2.944,-104.96,7.25,20,1
P006,HRTF_A,35,2.958,-105.79,7.28,20,1
P006,HRTF_A,35,2.972,-106.47,7.19,20,1
P006,HRTF_A,35,2.985,-107.1,7.1,20,1
P006,HRTF_A,35,2.999,-107.63,6.91,20,1
P006,HRTF_A,35,3.013,-108.17,6.74,20,1
P006,HRTF_A,35,3.027,-108.7,6.63,20,1
P006,HRTF_A,35,3.041,-109.27,6.49,20,1
P006,HRTF_A,35,3.055,-109.8,6.36,20,1
P006,HRTF_A,35,3.069,-110.4,6.14,20,1
P006,HRTF_A,35,3.083,-111.06,5.9,20,1
P006,HRTF_A,35,3.097,-111.79,5.58,20,1
P006,HRTF_A,35,3.11,-112.55,5.27,20,1
P006,HRTF_A,35,3.124,-113.36,5.06,20,1
P006,HRTF_A,35,3.138,-114.21,4.92,20,1
P006,HRTF_A,35,3.152,-115.02,4.85,20,1
P006,HRTF_A,35,3.166,-115.87,4.86,20,1
P006,HRTF_A,35,3.18,-116.65,4.9,20,1
P006,HRTF_A,35,3.194,-117.36,4.94,20,1
P006,HRTF_A,35,3.208,-118.0,4.99,20,1
P006,HRTF_A,35,3.221,-118.61,5.09,20,1
P006,HRTF_A,35,3.235,-119.15,5.18,20,1
P006,HRTF_A,35,3.249,-119.64,5.31,20,1
P006,HRTF_A,35,3.263,-120.12,5.41,20,1
P006,HRTF_A,35,3.277,-120.62,5.44,20,1
P006,HRTF_A,35,3.291,-121.13,5.44,20,1
P006,HRTF_A,35,3.305,-121.64,5.3,20,1
P006,HRTF_A,35,3.319,-122.18,5.21,20,1
P006,HRTF_A,35,3.333,-122.73,5.16,20,1
P006,HRTF_A,35,3.347,-123.25,5.17,20,1
P006,HRTF_A,35,3.36,-123.69,5.1,20,1
P006,HRTF_A,35,3.375,-124.12,5.05,20,1
P006,HRTF_A,35,3.388,-124.52,4.98,20,1
P006,HRTF_A,35,3.402,-124.85,4.97,20,1
P006,HRTF_A,35,3.416,-125.17,5.0,20,1
P006,HRTF_A,35,3.43,-125.43,5.01,20,1
P006,HRTF_A,35,3.444,-125.6,5.03,20,1
P006,HRTF_A,35,3.458,-125.73,5.0,20,1
P006,HRTF_A,36,0.014,3.37,-0.51,7,0
P006,HRTF_A,36,0.028,3.36,-0.5,7,0
P006,HRTF_A,36,0.042,3.34,-0.5,7,0
P006,HRTF_A,36,0.056,3.31,-0.5,7,0
P006,HRTF_A,36,0.069,3.3,-0.49,7,0
P006,HRTF_A,36,0.083,3.28,-0.48,7,0
P006,HRTF_A,36,0.097,3.26,-0.47,7,0
P006,HRTF_A,36,0.111,3.25,-0.46,7,0
P006,HRTF_A,36,0.125,3.23,-0.46,7,0
P006,HRTF_A,36,0.139,3.21,-0.47,7,0
P006,HRTF_A,36,0.153,3.18,-0.47,7,0
P006,HRTF_A,36,0.166,3.16,-0.47,7,0
P006,HRTF_A,36,0.18,3.14,-0.47,7,0
P006,HRTF_A,36,0.194,3.11,-0.48,7,0
P006,HRTF_A,36,0.208,3.09,-0.5,7,0
P006,HRTF_A,36,0.222,3.07,-0.51,7,0
P006,HRTF_A,36,0.236,3.03,-0.55,7,0
P006,HRTF_A,36,0.25,3.0,-0.6,7,0
P006,HRTF_A,36,0.264,2.96,-0.63,7,0
P006,HRTF_A,36,0.278,2.93,-0.67,7,0
P006,HRTF_A,36,0.292,2.92,-0.7,7,0
P006,HRTF_A,36,0.305,2.9,-0.73,7,0
P006,HRTF_A,36,0.319,2.9,-0.74,7,0
P006,HRTF_A,36,0.333,2.88,-0.75,7,0
P006,HRTF_A,36,0.347,2.84,-0.74,7,0
P006,HRTF_A,36,0.361,2.83,-0.72,7,0
P006,HRTF_A,36,0.375,2.8,-0.69,7,0
P006,HRTF_A,36,0.389,2.79,-0.67,7,0
P006,HRTF_A,36,0.403,2.79,-0.65,7,0
P006,HRTF_A,36,0.417,2.78,-0.63,7,0
P006,HRTF_A,36,0.43,2.77,-0.62,7,0
P006,HRTF_A,36,0.444,2.73,-0.62,7,0
P006,HRTF_A,36,0.458,2.68,-0.61,7,0
P006,HRTF_A,36,0.472,2.61,-0.61,7,0
P006,HRTF_A,36,0.486,2.49,-0.61,7,0
P006,HRTF_A,36,0.5,2.35,-0.6,7,0
P006,HRTF_A,36,0.514,2.2,-0.6,7,0
P006,HRTF_A,36,0.527,2.03,-0.6,7,0
P006,HRTF_A,36,0.541,1.87,-0.62,7,0
P006,HRTF_A,36,0.555,1.76,-0.67,7,0
P006,HRTF_A,36,0.569,1.73,-0.71,7,0
P006,HRTF_A,36,0.583,1.74,-0.73,7,0
P006,HRTF_A,36,0.597,1.76,-0.71,7,0
P006,HRTF_A,36,0.611,1.76,-0.68,7,0
P006,HRTF_A,36,0.625,1.82,-0.61,7,0
P006,HRTF_A,36,0.639,1.89,-0.52,7,0
P006,HRTF_A,36,0.653,1.98,-0.42,7,0
P006,HRTF_A,36,0.666,2.09,-0.29,7,0
P006,HRTF_A,36,0.681,2.23,-0.14,7,0
P006,HRTF_A,36,0.694,2.36,0.01,7,0
P006,HRTF_A,36,0.708,2.48,0.15,7,0
P006,HRTF_A,36,0.722,2.59,0.28,7,0
P006,HRTF_A,36,0.736,2.68,0.38,7,0
P006,HRTF_A,36,0.75,2.76,0.48,7,0
P006,HRTF_A,36,0.764,2.81,0.58,7,0
P006,HRTF_A,36,0.778,2.87,0.68,7,0
P006,HRTF_A,36,0.791,2.92,0.79,7,0
P006,HRTF_A,36,0.805,2.97,0.91,7,0
P006,HRTF_A,36,0.819,3.03,1.02,7,0
P006,HRTF_A,36,0.833,3.11,1.11,7,0
P006,HRTF_A,36,0.847,3.19,1.19,7,0
P006,HRTF_A,36,0.861,3.3,1.27,7,0
P006,HRTF_A,36,0.875,3.44,1.32,7,0
P006,HRTF_A,36,0.889,3.6,1.33,7,0
P006,HRTF_A,36,0.902,3.8,1.31,7,0
P006,HRTF_A,36,0.916,4.04,1.26,7,0
P006,HRTF_A,36,0.93,4.34,1.16,7,0
P006,HRTF_A,36,0.944,4.68,1.06,7,0
P006,HRTF_A,36,0.958,5.05,0.95,7,0
P006,HRTF_A,36,0.972,5.4,0.85,7,0
P006,HRTF_A,36,0.986,5.77,0.8,7,0
P006,HRTF_A,36,1.0,6.14,0.8,7,0
P006,HRTF_A,36,1.014,6.57,0.85,7,0
P006,HRTF_A,36,1.028,6.98,0.9,7,0
P006,HRTF_A,36,1.041,7.46,0.95,7,0
P006,HRTF_A,36,1.055,8.03,0.99,7,0
P006,HRTF_A,36,1.069,8.65,1.05,7,0
P006,HRTF_A,36,1.083,9.32,1.1,7,0
P006,HRTF_A,36,1.097,10.0,1.19,7,0
P006,HRTF_A,36,1.111,10.79,1.22,7,0
P006,HRTF_A,36,1.125,11.72,1.24,7,0
P006,HRTF_A,36,1.139,12.74,1.24,7,0
P006,HRTF_A,36,1.153,13.86,1.34,7,0
P006,HRTF_A,36,1.166,15.1,1.53,7,0
P006,HRTF_A,36,1.18,16.42,1.61,7,0
P006,HRTF_A,36,1.194,17.79,1.53,7,0
P006,HRTF_A,36,1.208,19.17,1.34,7,0
P006,HRTF_A,36,1.222,20.7,0.93,7,0
P006,HRTF_A,36,1.236,22.34,0.59,7,0
P006,HRTF_A,36,1.25,23.98,0.38,7,0
P006,HRTF_A,36,1.264,25.62,0.28,7,0
P006,HRTF_A,36,1.278,27.25,0.23,7,0
P006,HRTF_A,36,1.291,28.77,0.24,7,0
P006,HRTF_A,36,1.305,30.36,0.2,7,0
P006,HRTF_A,36,1.319,31.89,0.24,7,0
P006,HRTF_A,36,1.333,33.41,0.27,7,0
P006,HRTF_A,36,1.347,34.94,0.31,7,0
P006,HRTF_A,36,1.361,36.37,0.42,7,0
P006,HRTF_A,36,1.375,37.78,0.56,7,0
P006,HRTF_A,36,1.389,39.22,0.65,7,0
P006,HRTF_A,36,1.403,40.65,0.67,7,0
P006,HRTF_A,36,1.417,42.08,0.63,7,0
P006,HRTF_A,37,0.014,3.87,1.47,14,1
P006,HRTF_A,37,0.028,3.89,1.42,14,1
P006,HRTF_A,37,0.042,3.89,1.37,14,1
P006,HRTF_A,37,0.056,3.88,1.34,14,1
P006,HRTF_A,37,0.07,3.86,1.3,14,1
P006,HRTF_A,37,0.084,3.83,1.28,14,1
P006,HRTF_A,37,0.097,3.79,1.25,14,1
P006,HRTF_A,37,0.111,3.74,1.21,14,1
P006,HRTF_A,37,0.125,3.69,1.17,14,1
P006,HRTF_A,37,0.139,3.63,1.12,14,1
P006,HRTF_A,37,0.153,3.56,1.07,14,1
P006,HRTF_A,37,0.167,3.49,1.04,14,1
P006,HRTF_A,37,0.181,3.42,1.02,14,1
P006,HRTF_A,37,0.194,3.35,1.02,14,1
P006,HRTF_A,37,0.208,3.31,0.98,14,1
P006,HRTF_A,37,0.222,3.28,0.91,14,1
P006,HRTF_A,37,0.236,3.28,0.85,14,1
P006,HRTF_A,37,0.25,3.28,0.81,14,1
P006,HRTF_A,37,0.264,3.27,0.77,14,1
P006,HRTF_A,37,0.278,3.27,0.73,14,1
P006,HRTF_A,37,0.292,3.28,0.7,14,1
P006,HRTF_A,37,0.306,3.29,0.65,14,1
P006,HRTF_A,37,0.319,3.32,0.63,14,1
P006,HRTF_A,37,0.334,3.33,0.61,14,1
P006,HRTF_A,37,0.347,3.37,0.58,14,1
P006,HRTF_A,37,0.361,3.39,0.54,14,1
P006,HRTF_A,37,0.375,3.42,0.51,14,1
P006,HRTF_A,37,0.389,3.46,0.49,14,1
P006,HRTF_A,37,0.403,3.49,0.46,14,1
P006,HRTF_A,37,0.417,3.53,0.44,14,1
P006,HRTF_A,37,0.431,3.59,0.43,14,1
P006,HRTF_A,37,0.445,3.64,0.42,14,1
P006,HRTF_A,37,0.459,3.71,0.38,14,1
P006,HRTF_A,37,0.473,3.8,0.32,14,1
P006,HRTF_A,37,0.487,3.89,0.28,14,1
P006,HRTF_A,37,0.5,4.02,0.23,14,1
P006,HRTF_A,37,0.514,4.13,0.21,14,1
P006,HRTF_A,37,0.528,4.27,0.2,14,1
P006,HRTF_A,37,0.542,4.41,0.19,14,1
P006,HRTF_A,37,0.556,4.55,0.17,14,1
P006,HRTF_A,37,0.57,4.69,0.15,14,1
P006,HRTF_A,37,0.583,4.83,0.14,14,1
P006,HRTF_A,37,0.597,4.97,0.13,14,1
P006,HRTF_A,37,0.611,5.1,0.16,14,1
P006,HRTF_A,37,0.625,5.23,0.18,14,1
P006,HRTF_A,37,0.639,5.36,0.23,14,1
P006,HRTF_A,37,0.653,5.5,0.25,14,1
P006,HRTF_A,37,0.667,5.66,0.29,14,1
P006,HRTF_A,37,0.681,5.81,0.32,14,1
P006,HRTF_A,37,0.695,5.96,0.35,14,1
P006,HRTF_A,37,0.709,6.09,0.38,14,1
P006,HRTF_A,37,0.722,6.24,0.42,14,1
P006,HRTF_A,37,0.736,6.39,0.45,14,1
P006,HRTF_A,37,0.75,6.53,0.48,14,1
P006,HRTF_A,37,0.764,6.67,0.49,14,1
P006,HRTF_A,37,0.778,6.81,0.51,14,1
P006,HRTF_A,37,0.792,6.94,0.51,14,1
P006,HRTF_A,37,0.806,7.07,0.49,14,1
P006,HRTF_A,37,0.82,7.2,0.48,14,1
P006,HRTF_A,37,0.834,7.37,0.48,14,1
P006,HRTF_A,37,0.847,7.54,0.46,14,1
P006,HRTF_A,37,0.861,7.75,0.44,14,1
P006,HRTF_A,37,0.875,7.99,0.43,14,1
P006,HRTF_A,37,0.889,8.24,0.44,14,1
P006,HRTF_A,37,0.903,8.56,0.43,14,1
P006,HRTF_A,37,0.917,8.92,0.43,14,1
P006,HRTF_A,37,0.931,9.32,0.44,14,1
P006,HRTF_A,37,0.945,9.76,0.45,14,1
P006,HRTF_A,37,0.959,10.33,0.47,14,1
P006,HRTF_A,37,0.972,10.9,0.5,14,1
P006,HRTF_A,37,0.986,11.58,0.52,14,1
P006,HRTF_A,37,1.0,12.31,0.55,14,1
P006,HRTF_A,37,1.014,13.03,0.59,14,1
P006,HRTF_A,37,1.028,13.86,0.67,14,1
P006,HRTF_A,37,1.042,14.72,0.7,14,1
P006,HRTF_A,37,1.056,15.65,0.77,14,1
P006,HRTF_A,37,1.07,16.63,0.81,14,1
P006,HRTF_A,37,1.083,17.58,0.85,14,1
P006,HRTF_A,37,1.097,18.54,0.9,14,1
P006,HRTF_A,37,1.111,19.44,0.97,14,1
P006,HRTF_A,37,1.125,20.35,1.05,14,1
P006,HRTF_A,37,1.139,21.33,1.11,14,1
P006,HRTF_A,37,1.153,22.33,1.18,14,1
P006,HRTF_A,37,1.167,23.36,1.26,14,1
P006,HRTF_A,37,1.181,24.42,1.31,14,1
P006,HRTF_A,37,1.195,25.45,1.3,14,1
P006,HRTF_A,37,1.208,26.52,1.23,14,1
P006,HRTF_A,37,1.222,27.57,1.19,14,1
P006,HRTF_A,37,1.236,28.64,1.07,14,1
P006,HRTF_A,37,1.25,29.73,0.91,14,1
P006,HRTF_A,37,1.264,30.8,0.83,14,1
P006,HRTF_A,37,1.278,31.95,0.67,14,1
P006,HRTF_A,37,1.294,33.12,0.58,14,1
P006,HRTF_A,37,1.307,35.47,0.34,14,1
P006,HRTF_A,37,1.321,35.55,0.45,14,1
P006,HRTF_A,37,1.334,36.8,0.45,14,1
P006,HRTF_A,37,1.348,38.05,0.46,14,1
P006,HRTF_A,37,1.362,39.31,0.49,14,1
P006,HRTF_A,37,1.376,40.57,0.61,14,1
P006,HRTF_A,37,1.389,41.83,0.71,14,1
P006,HRTF_A,37,1.403,43.11,0.91,14,1
P006,HRTF_A,37,1.417,44.37,1.02,14,1
P006,HRTF_A,37,1.431,45.69,0.99,14,1
P006,HRTF_A,37,1.445,46.96,0.93,14,1
P006,HRTF_A,37,1.458,48.26,0.89,14,1
P006,HRTF_A,37,1.472,49.52,0.94,14,1
P006,HRTF_A,37,1.486,50.83,1.11,14,1
P006,HRTF_A,37,1.5,52.13,1.24,14,1
P006,HRTF_A,37,1.514,53.41,1.4,14,1
P006,HRTF_A,37,1.528,54.69,1.59,14,1
P006,HRTF_A,37,1.541,56.04,1.73,14,1
P006,HRTF_A,37,1.555,57.51,1.86,14,1
P006,HRTF_A,37,1.569,59.07,2.01,14,1
P006,HRTF_A,37,1.583,60.64,2.21,14,1
P006,HRTF_A,37,1.597,62.2,2.52,14,1
P006,HRTF_A,37,1.611,63.73,2.82,14,1
P006,HRTF_A,37,1.625,65.17,3.09,14,1
P006,HRTF_A,37,1.639,66.6,3.27,14,1
P006,HRTF_A,37,1.653,68.04,3.33,14,1
P006,HRTF_A,37,1.666,69.45,3.39,14,1
P006,HRTF_A,37,1.68,70.84,3.33,14,1
P006,HRTF_A,37,1.694,72.16,3.3,14,1
P006,HRTF_A,37,1.708,73.43,3.22,14,1
P006,HRTF_A,37,1.722,74.71,3.15,14,1
P006,HRTF_A,37,1.736,76.0,3.1,14,1
P006,HRTF_A,37,1.75,77.28,3.08,14,1
P006,HRTF_A,37,1.764,78.5,3.06,14,1
P006,HRTF_A,37,1.777,79.69,3.1,14,1
P006,HRTF_A,37,1.791,80.85,3.15,14,1
P006,HRTF_A,37,1.805,82.02,3.15,14,1
P006,HRTF_A,37,1.819,83.28,3.06,14,1
P006,HRTF_A,37,1.833,84.57,3.01,14,1
P006,HRTF_A,37,1.847,85.86,2.99,14,1
P006,HRTF_A,37,1.861,87.13,3.01,14,1
P006,HRTF_A,37,1.875,88.39,3.06,14,1
P006,HRTF_A,37,1.889,89.73,3.11,14,1
P006,HRTF_A,37,1.903,91.0,3.11,14,1
P006,HRTF_A,37,1.916,92.3,3.19,14,1
P006,HRTF_A,37,1.93,93.68,3.24,14,1
P006,HRTF_A,37,1.944,95.06,3.27,14,1
P006,HRTF_A,37,1.958,96.56,3.29,14,1
P006,HRTF_A,37,1.972,98.08,3.25,14,1
P006,HRTF_A,37,1.986,99.59,3.2,14,1
P006,HRTF_A,37,2.0,101.15,3.21,14,1
P006,HRTF_A,37,2.014,102.63,3.18,14,1
P006,HRTF_A,37,2.027,104.11,3.05,14,1
P006,HRTF_A,37,2.041,105.62,2.8,14,1
P006,HRTF_A,37,2.055,107.09,2.48,14,1
P006,HRTF_A,37,2.069,108.53,2.22,14,1
P006,HRTF_A,37,2.083,109.95,1.99,14,1
P006,HRTF_A,37,2.097,111.34,1.78,14,1
P006,HRTF_A,37,2.111,112.64,1.61,14,1
P006,HRTF_A,37,2.125,114.0,1.43,14,1
P006,HRTF_A,37,2.139,115.3,1.27,14,1
P006,HRTF_A,37,2.153,116.56,1.05,14,1
P006,HRTF_A,37,2.166,117.82,0.88,14,1
P006,HRTF_A,37,2.18,119.08,0.79,14,1
P006,HRTF_A,37,2.194,120.32,0.75,14,1
P006,HRTF_A,37,2.208,121.54,0.74,14,1
P006,HRTF_A,37,2.222,122.77,0.74,14,1
P006,HRTF_A,37,2.236,123.99,0.69,14,1
P006,HRTF_A,37,2.25,125.22,0.63,14,1
P006,HRTF_A,37,2.264,126.44,0.62,14,1
P006,HRTF_A,37,2.279,127.65,0.6,14,1
P006,HRTF_A,37,2.293,128.82,0.63,14,1
P006,HRTF_A,37,2.307,130.0,0.55,14,1
P006,HRTF_A,37,2.32,131.24,0.48,14,1
P006,HRTF_A,37,2.334,132.51,0.39,14,1
P006,HRTF_A,37,2.348,133.72,0.36,14,1
P006,HRTF_A,37,2.361,134.91,0.34,14,1
P006,HRTF_A,38,0.014,-0.25,1.08,31,1
P006,HRTF_A,38,0.028,-0.49,0.99,31,1
P006,HRTF_A,38,0.042,-0.72,0.91,31,1
P006,HRTF_A,38,0.056,-0.92,0.84,31,1
P006,HRTF_A,38,0.07,-1.12,0.74,31,1
P006,HRTF_A,38,0.084,-1.33,0.69,31,1
P006,HRTF_A,38,0.097,-1.5,0.63,31,1
P006,HRTF_A,38,0.111,-1.67,0.61,31,1
P006,HRTF_A,38,0.125,-1.83,0.59,31,1
P006,HRTF_A,38,0.139,-1.97,0.55,31,1
P006,HRTF_A,38,0.153,-2.11,0.52,31,1
P006,HRTF_A,38,0.167,-2.23,0.48,31,1
P006,HRTF_A,38,0.181,-2.33,0.46,31,1
P006,HRTF_A,38,0.195,-2.45,0.43,31,1
P006,HRTF_A,38,0.209,-2.55,0.42,31,1
P006,HRTF_A,38,0.222,-2.66,0.4,31,1
P006,HRTF_A,38,0.236,-2.77,0.4,31,1
P006,HRTF_A,38,0.25,-2.87,0.41,31,1
P006,HRTF_A,38,0.264,-2.98,0.41,31,1
P006,HRTF_A,38,0.278,-3.09,0.42,31,1
P006,HRTF_A,38,0.292,-3.19,0.44,31,1
P006,HRTF_A,38,0.306,-3.29,0.4,31,1
P006,HRTF_A,38,0.32,-3.4,0.38,31,1
P006,HRTF_A,38,0.334,-3.5,0.36,31,1
P006,HRTF_A,38,0.348,-3.59,0.34,31,1
P006,HRTF_A,38,0.362,-3.68,0.34,31,1
P006,HRTF_A,38,0.375,-3.76,0.34,31,1
P006,HRTF_A,38,0.389,-3.83,0.34,31,1
P006,HRTF_A,38,0.403,-3.88,0.32,31,1
P006,HRTF_A,38,0.417,-3.94,0.29,31,1
P006,HRTF_A,38,0.431,-3.98,0.29,31,1
P006,HRTF_A,38,0.445,-4.01,0.28,31,1
P006,HRTF_A,38,0.459,-4.02,0.31,31,1
P006,HRTF_A,38,0.473,-4.04,0.33,31,1
P006,HRTF_A,38,0.486,-4.03,0.34,31,1
P006,HRTF_A,38,0.5,-4.04,0.33,31,1
P006,HRTF_A,38,0.514,-4.02,0.29,31,1
P006,HRTF_A,38,0.528,-3.98,0.27,31,1
P006,HRTF_A,38,0.542,-3.91,0.26,31,1
P006,HRTF_A,38,0.556,-3.82,0.24,31,1
P006,HRTF_A,38,0.57,-3.74,0.24,31,1
P006,HRTF_A,38,0.584,-3.63,0.24,31,1
P006,HRTF_A,38,0.598,-3.52,0.25,31,1
P006,HRTF_A,38,0.612,-3.39,0.24,31,1
P006,HRTF_A,38,0.625,-3.25,0.23,31,1
P006,HRTF_A,38,0.639,-3.11,0.22,31,1
P006,HRTF_A,38,0.653,-2.92,0.21,31,1
P006,HRTF_A,38,0.667,-2.75,0.21,31,1
P006,HRTF_A,38,0.681,-2.57,0.21,31,1
P006,HRTF_A,38,0.695,-2.38,0.23,31,1
P006,HRTF_A,38,0.709,-2.21,0.24,31,1
P006,HRTF_A,38,0.723,-2.04,0.24,31,1
P006,HRTF_A,38,0.737,-1.85,0.24,31,1
P006,HRTF_A,38,0.75,-1.67,0.24,31,1
P006,HRTF_A,38,0.764,-1.48,0.25,31,1
P006,HRTF_A,38,0.778,-1.27,0.25,31,1
P006,HRTF_A,38,0.792,-1.04,0.26,31,1
P006,HRTF_A,38,0.806,-0.81,0.26,31,1
P006,HRTF_A,38,0.82,-0.56,0.28,31,1
P006,HRTF_A,38,0.834,-0.28,0.27,31,1
P006,HRTF_A,38,0.848,0.01,0.27,31,1
P006,HRTF_A,38,0.862,0.32,0.29,31,1
P006,HRTF_A,38,0.875,0.66,0.28,31,1
P006,HRTF_A,38,0.889,1.0,0.29,31,1
P006,HRTF_A,38,0.903,1.36,0.26,31,1
P006,HRTF_A,38,0.917,1.72,0.25,31,1
P006,HRTF_A,38,0.931,2.12,0.26,31,1
P006,HRTF_A,38,0.945,2.52,0.22,31,1
P006,HRTF_A,38,0.959,2.91,0.23,31,1
P006,HRTF_A,38,0.973,3.32,0.22,31,1
P006,HRTF_A,38,0.987,3.72,0.22,31,1
P006,HRTF_A,38,1.0,4.16,0.21,31,1
P006,HRTF_A,38,1.014,4.6,0.25,31,1
P006,HRTF_A,38,1.028,5.08,0.26,31,1
P006,HRTF_A,38,1.042,5.6,0.28,31,1
P006,HRTF_A,38,1.056,6.18,0.29,31,1
P006,HRTF_A,38,1.07,6.9,0.35,31,1
P006,HRTF_A,38,1.084,7.71,0.39,31,1
P006,HRTF_A,38,1.098,8.55,0.42,31,1
P006,HRTF_A,38,1.111,9.48,0.46,31,1
P006,HRTF_A,38,1.126,10.56,0.55,31,1
P006,HRTF_A,38,1.139,11.64,0.57,31,1
P006,HRTF_A,38,1.153,12.84,0.63,31,1
P006,HRTF_A,38,1.167,14.05,0.68,31,1
P006,HRTF_A,38,1.181,15.35,0.71,31,1
P006,HRTF_A,38,1.195,16.73,0.7,31,1
P006,HRTF_A,38,1.209,18.28,0.71,31,1
P006,HRTF_A,38,1.223,19.9,0.71,31,1
P006,HRTF_A,38,1.236,21.59,0.77,31,1
P006,HRTF_A,38,1.25,23.28,0.82,31,1
P006,HRTF_A,38,1.264,25.03,0.88,31,1
P006,HRTF_A,38,1.278,26.73,0.92,31,1
P006,HRTF_A,38,1.292,28.4,0.9,31,1
P006,HRTF_A,38,1.306,30.09,0.93,31,1
P006,HRTF_A,38,1.32,31.84,0.92,31,1
P006,HRTF_A,38,1.334,33.58,0.97,31,1
P006,HRTF_A,38,1.348,35.36,1.0,31,1
P006,HRTF_A,38,1.362,37.18,1.01,31,1
P006,HRTF_A,38,1.376,38.91,1.06,31,1
P006,HRTF_A,38,1.389,40.72,1.12,31,1
P006,HRTF_A,38,1.403,42.49,1.2,31,1
P006,HRTF_A,38,1.417,44.26,1.22,31,1
P006,HRTF_A,38,1.431,46.02,1.28,31,1
P006,HRTF_A,38,1.445,47.76,1.31,31,1
P006,HRTF_A,38,1.458,49.41,1.34,31,1
P006,HRTF_A,38,1.472,51.02,1.39,31,1
P006,HRTF_A,38,1.486,52.55,1.38,31,1
P006,HRTF_A,38,1.5,54.08,1.4,31,1
P006,HRTF_A,38,1.514,55.54,1.44,31,1
P006,HRTF_A,38,1.528,56.96,1.51,31,1
P006,HRTF_A,38,1.542,58.31,1.59,31,1
P006,HRTF_A,38,1.556,59.6,1.63,31,1
P006,HRTF_A,38,1.57,60.81,1.62,31,1
P006,HRTF_A,38,1.584,61.89,1.57,31,1
P006,HRTF_A,38,1.597,62.97,1.53,31,1
P006,HRTF_A,38,1.611,63.86,1.42,31,1
P006,HRTF_A,38,1.625,64.76,1.34,31,1
P006,HRTF_A,38,1.639,65.55,1.22,31,1
P006,HRTF_A,38,1.653,66.3,1.15,31,1
P006,HRTF_A,38,1.667,66.94,1.09,31,1
P006,HRTF_A,38,1.681,67.53,1.0,31,1
P006,HRTF_A,38,1.694,68.0,0.91,31,1
P006,HRTF_A,38,1.709,68.41,0.84,31,1
P006,HRTF_A,38,1.722,68.68,0.77,31,1
P006,HRTF_A,38,1.736,68.98,0.69,31,1
P006,HRTF_A,38,1.75,69.16,0.58,31,1
P006,HRTF_A,38,1.764,69.33,0.51,31,1
P006,HRTF_A,38,1.778,69.36,0.38,31,1
P006,HRTF_A,38,1.792,69.35,0.26,31,1
P006,HRTF_A,38,1.806,69.25,0.15,31,1
P006,HRTF_A,38,1.82,69.1,0.05,31,1
P006,HRTF_A,38,1.834,68.81,-0.06,31,1
P006,HRTF_A,38,1.847,68.51,-0.17,31,1
P006,HRTF_A,38,1.861,68.08,-0.32,31,1
P006,HRTF_A,38,1.875,67.59,-0.42,31,1
P006,HRTF_A,38,1.889,67.05,-0.55,31,1
P006,HRTF_A,38,1.903,66.41,-0.66,31,1
P006,HRTF_A,38,1.917,65.62,-0.72,31,1
P006,HRTF_A,38,1.931,64.83,-0.82,31,1
P006,HRTF_A,38,1.945,63.86,-0.89,31,1
P006,HRTF_A,38,1.958,62.84,-0.88,31,1
P006,HRTF_A,38,1.972,61.7,-0.89,31,1
P006,HRTF_A,38,1.986,60.55,-0.87,31,1
P006,HRTF_A,38,2.0,59.31,-0.84,31,1
P006,HRTF_A,38,2.014,58.0,-0.82,31,1
P006,HRTF_A,38,2.028,56.63,-0.77,31,1
P006,HRTF_A,38,2.042,55.19,-0.78,31,1
P006,HRTF_A,38,2.056,53.62,-0.71,31,1
P006,HRTF_A,38,2.07,51.97,-0.73,31,1
P006,HRTF_A,38,2.083,50.32,-0.72,31,1
P006,HRTF_A,38,2.097,48.54,-0.72,31,1
P006,HRTF_A,38,2.111,46.64,-0.74,31,1
P006,HRTF_A,38,2.125,44.66,-0.76,31,1
P006,HRTF_A,38,2.139,42.64,-0.8,31,1
P006,HRTF_A,38,2.153,40.63,-0.86,31,1
P006,HRTF_A,38,2.167,38.42,-0.92,31,1
P006,HRTF_A,38,2.181,36.31,-1.0,31,1
P006,HRTF_A,38,2.195,34.15,-1.09,31,1
P006,HRTF_A,38,2.209,32.05,-1.16,31,1
P006,HRTF_A,38,2.222,29.97,-1.18,31,1
P006,HRTF_A,38,2.236,27.84,-1.16,31,1
P006,HRTF_A,38,2.25,25.78,-1.07,31,1
P006,HRTF_A,38,2.264,23.69,-1.0,31,1
P006,HRTF_A,38,2.278,21.65,-0.96,31,1
P006,HRTF_A,38,2.292,19.54,-1.08,31,1
P006,HRTF_A,38,2.306,17.41,-1.23,31,1
P006,HRTF_A,38,2.32,15.27,-1.39,31,1
P006,HRTF_A,38,2.334,13.09,-1.53,31,1
P006,HRTF_A,38,2.347,10.91,-1.61,31,1
P006,HRTF_A,38,2.361,8.71,-1.74,31,1
P006,HRTF_A,38,2.375,6.45,-1.89,31,1
P006,HRTF_A,38,2.389,4.21,-2.14,31,1
P006,HRTF_A,38,2.403,1.99,-2.45,31,1
P006,HRTF_A,38,2.417,-0.18,-2.67,31,1
P006,HRTF_A,38,2.43,-2.42,-2.73,31,1
P006,HRTF_A,38,2.444,-4.62,-2.78,31,1
P006,HRTF_A,38,2.459,-6.77,-2.91,31,1
P006,HRTF_A,38,2.472,-8.92,-3.03,31,1
P006,HRTF_A,38,2.486,-11.01,-3.2,31,1
P006,HRTF_A,38,2.5,-13.03,-3.27,31,1
P006,HRTF_A,38,2.514,-15.01,-3.28,31,1
P006,HRTF_A,38,2.528,-16.95,-3.22,31,1
P006,HRTF_A,38,2.541,-18.91,-3.16,31,1
P006,HRTF_A,38,2.555,-20.87,-3.24,31,1
P006,HRTF_A,38,2.569,-22.81,-3.37,31,1
P006,HRTF_A,38,2.583,-24.71,-3.55,31,1
P006,HRTF_A,38,2.597,-26.52,-3.66,31,1
P006,HRTF_A,38,2.611,-28.27,-3.78,31,1
P006,HRTF_A,38,2.625,-29.98,-3.97,31,1
P006,HRTF_A,38,2.639,-31.64,-4.13,31,1
P006,HRTF_A,38,2.653,-33.25,-4.31,31,1
P006,HRTF_A,38,2.667,-34.82,-4.51,31,1
P006,HRTF_A,39,0.014,-2.76,0.46,13,1
P006,HRTF_A,39,0.028,-2.61,0.35,13,1
P006,HRTF_A,39,0.042,-2.42,0.31,13,1
P006,HRTF_A,39,0.056,-2.22,0.29,13,1
P006,HRTF_A,39,0.07,-2.03,0.27,13,1
P006,HRTF_A,39,0.083,-1.82,0.27,13,1
P006,HRTF_A,39,0.097,-1.61,0.27,13,1
P006,HRTF_A,39,0.111,-1.4,0.29,13,1
P006,HRTF_A,39,0.125,-1.19,0.32,13,1
P006,HRTF_A,39,0.139,-1.0,0.34,13,1
P006,HRTF_A,39,0.153,-0.82,0.38,13,1
P006,HRTF_A,39,0.167,-0.65,0.42,13,1
P006,HRTF_A,39,0.18,-0.47,0.43,13,1
P006,HRTF_A,39,0.194,-0.32,0.46,13,1
P006,HRTF_A,39,0.208,-0.16,0.48,13,1
P006,HRTF_A,39,0.222,-0.03,0.51,13,1
P006,HRTF_A,39,0.236,0.12,0.54,13,1
P006,HRTF_A,39,0.25,0.27,0.57,13,1
P006,HRTF_A,39,0.264,0.4,0.56,13,1
P006,HRTF_A,39,0.278,0.54,0.5,13,1
P006,HRTF_A,39,0.292,0.67,0.41,13,1
P006,HRTF_A,39,0.306,0.78,0.31,13,1
P006,HRTF_A,39,0.319,0.91,0.25,13,1
P006,HRTF_A,39,0.333,1.04,0.2,13,1
P006,HRTF_A,39,0.347,1.18,0.19,13,1
P006,HRTF_A,39,0.361,1.32,0.18,13,1
P006,HRTF_A,39,0.375,1.49,0.17,13,1
P006,HRTF_A,39,0.389,1.67,0.15,13,1
P006,HRTF_A,39,0.403,1.86,0.13,13,1
P006,HRTF_A,39,0.417,2.06,0.12,13,1
P006,HRTF_A,39,0.431,2.3,0.08,13,1
P006,HRTF_A,39,0.445,2.53,0.04,13,1
P006,HRTF_A,39,0.459,2.76,0.0,13,1
P006,HRTF_A,39,0.473,2.98,-0.05,13,1
P006,HRTF_A,39,0.486,3.19,-0.1,13,1
P006,HRTF_A,39,0.5,3.4,-0.11,13,1
P006,HRTF_A,39,0.514,3.58,-0.12,13,1
P006,HRTF_A,39,0.528,3.75,-0.13,13,1
P006,HRTF_A,39,0.542,3.89,-0.11,13,1
P006,HRTF_A,39,0.556,4.03,-0.11,13,1
P006,HRTF_A,39,0.569,4.13,-0.09,13,1
P006,HRTF_A,39,0.583,4.23,-0.05,13,1
P006,HRTF_A,39,0.597,4.31,-0.05,13,1
P006,HRTF_A,39,0.611,4.41,-0.04,13,1
P006,HRTF_A,39,0.625,4.51,0.01,13,1
P006,HRTF_A,39,0.639,4.59,0.06,13,1
P006,HRTF_A,39,0.653,4.67,0.11,13,1
P006,HRTF_A,39,0.667,4.74,0.17,13,1
P006,HRTF_A,39,0.68,4.8,0.2,13,1
P006,HRTF_A,39,0.694,4.86,0.21,13,1
P006,HRTF_A,39,0.708,4.92,0.21,13,1
P006,HRTF_A,39,0.722,4.98,0.23,13,1
P006,HRTF_A,39,0.736,5.04,0.24,13,1
P006,HRTF_A,39,0.75,5.1,0.26,13,1
P006,HRTF_A,39,0.764,5.17,0.28,13,1
P006,HRTF_A,39,0.778,5.23,0.31,13,1
P006,HRTF_A,39,0.792,5.31,0.32,13,1
P006,HRTF_A,39,0.806,5.38,0.28,13,1
P006,HRTF_A,39,0.819,5.46,0.25,13,1
P006,HRTF_A,39,0.833,5.53,0.2,13,1
P006,HRTF_A,39,0.848,5.62,0.16,13,1
P006,HRTF_A,39,0.861,5.7,0.12,13,1
P006,HRTF_A,39,0.875,5.79,0.06,13,1
P006,HRTF_A,39,0.889,5.88,0.02,13,1
P006,HRTF_A,39,0.903,5.98,-0.02,13,1
P006,HRTF_A,39,0.917,6.07,-0.05,13,1
P006,HRTF_A,39,0.93,6.17,-0.09,13,1
P006,HRTF_A,39,0.944,6.27,-0.11,13,1
P006,HRTF_A,39,0.958,6.37,-0.12,13,1
P006,HRTF_A,39,0.972,6.53,-0.12,13,1
P006,HRTF_A,39,0.986,6.74,-0.15,13,1
P006,HRTF_A,39,1.0,7.03,-0.13,13,1
P006,HRTF_A,39,1.014,7.32,-0.09,13,1
P006,HRTF_A,39,1.028,7.62,-0.02,13,1
P006,HRTF_A,39,1.042,8.05,0.11,13,1
P006,HRTF_A,39,1.055,8.49,0.21,13,1
P006,HRTF_A,39,1.069,9.16,0.29,13,1
P006,HRTF_A,39,1.083,9.83,0.34,13,1
P006,HRTF_A,39,1.097,10.61,0.4,13,1
P006,HRTF_A,39,1.111,11.47,0.49,13,1
P006,HRTF_A,39,1.125,12.31,0.59,13,1
P006,HRTF_A,39,1.139,13.21,0.67,13,1
P006,HRTF_A,39,1.153,14.12,0.8,13,1
P006,HRTF_A,39,1.167,15.12,0.94,13,1
P006,HRTF_A,39,1.18,16.11,1.03,13,1
P006,HRTF_A,39,1.194,17.17,1.18,13,1
P006,HRTF_A,39,1.208,18.29,1.28,13,1
P006,HRTF_A,39,1.222,19.42,1.4,13,1
P006,HRTF_A,39,1.236,20.59,1.45,13,1
P006,HRTF_A,39,1.25,21.79,1.45,13,1
P006,HRTF_A,39,1.264,23.06,1.43,13,1
P006,HRTF_A,39,1.278,24.36,1.39,13,1
P006,HRTF_A,39,1.291,25.72,1.33,13,1
P006,HRTF_A,39,1.305,27.07,1.34,13,1
P006,HRTF_A,39,1.319,28.45,1.3,13,1
P006,HRTF_A,39,1.333,29.95,1.29,13,1
P006,HRTF_A,39,1.347,31.51,1.22,13,1
P006,HRTF_A,39,1.361,33.12,1.15,13,1
P006,HRTF_A,39,1.375,34.85,1.09,13,1
P006,HRTF_A,39,1.389,36.7,1.02,13,1
P006,HRTF_A,39,1.403,38.57,0.93,13,1
P006,HRTF_A,39,1.417,40.59,0.86,13,1
P006,HRTF_A,39,1.431,42.66,0.8,13,1
P006,HRTF_A,39,1.444,44.74,0.77,13,1
P006,HRTF_A,39,1.458,46.98,0.57,13,1
P006,HRTF_A,39,1.472,49.25,0.25,13,1
P006,HRTF_A,39,1.486,51.6,-0.05,13,1
P006,HRTF_A,39,1.5,53.93,-0.27,13,1
P006,HRTF_A,39,1.514,56.2,-0.37,13,1
P006,HRTF_A,39,1.528,58.42,-0.33,13,1
P006,HRTF_A,39,1.542,60.65,-0.28,13,1
P006,HRTF_A,39,1.555,62.82,-0.22,13,1
P006,HRTF_A,39,1.569,64.9,-0.23,13,1
P006,HRTF_A,39,1.583,66.93,-0.34,13,1
P006,HRTF_A,39,1.597,68.75,-0.45,13,1
P006,HRTF_A,39,1.611,70.55,-0.52,13,1
P006,HRTF_A,39,1.625,72.23,-0.57,13,1
P006,HRTF_A,39,1.639,73.82,-0.54,13,1
P006,HRTF_A,39,1.653,75.28,-0.5,13,1
P006,HRTF_A,39,1.666,76.67,-0.38,13,1
P006,HRTF_A,39,1.68,77.89,-0.24,13,1
P006,HRTF_A,39,1.694,79.03,-0.08,13,1
P006,HRTF_A,39,1.708,80.1,0.02,13,1
P006,HRTF_A,39,1.722,81.11,0.09,13,1
P006,HRTF_A,39,1.736,82.08,0.08,13,1
P006,HRTF_A,39,1.75,82.86,0.08,13,1
P006,HRTF_A,39,1.764,83.66,0.19,13,1
P006,HRTF_A,39,1.777,84.48,0.3,13,1
P006,HRTF_A,39,1.792,85.32,0.38,13,1
P006,HRTF_A,39,1.805,86.17,0.45,13,1
P006,HRTF_A,39,1.819,86.99,0.48,13,1
P006,HRTF_A,39,1.833,87.84,0.51,13,1
P006,HRTF_A,39,1.847,88.78,0.53,13,1
P006,HRTF_A,39,1.861,89.88,0.58,13,1
P006,HRTF_A,39,1.875,91.03,0.58,13,1
P006,HRTF_A,39,1.889,92.2,0.62,13,1
P006,HRTF_A,39,1.902,93.33,0.65,13,1
P006,HRTF_A,39,1.916,94.38,0.73,13,1
P006,HRTF_A,39,1.93,95.36,0.81,13,1
P006,HRTF_A,39,1.944,96.27,0.91,13,1
P006,HRTF_A,39,1.958,97.1,1.04,13,1
P006,HRTF_A,39,1.972,97.79,1.14,13,1
P006,HRTF_A,39,1.986,98.44,1.23,13,1
P006,HRTF_A,39,2.0,99.0,1.33,13,1
P006,HRTF_A,39,2.014,99.61,1.42,13,1
P006,HRTF_A,39,2.028,100.16,1.45,13,1
P006,HRTF_A,39,2.041,100.76,1.43,13,1
P006,HRTF_A,39,2.055,101.41,1.49,13,1
P006,HRTF_A,39,2.069,102.03,1.61,13,1
P006,HRTF_A,39,2.083,102.68,1.81,13,1
P006,HRTF_A,39,2.097,103.3,1.99,13,1
P006,HRTF_A,39,2.111,103.94,2.14,13,1
P006,HRTF_A,39,2.125,104.62,2.28,13,1
P006,HRTF_A,39,2.138,105.41,2.35,13,1
P006,HRTF_A,39,2.152,106.18,2.35,13,1
P006,HRTF_A,39,2.166,107.07,2.36,13,1
P006,HRTF_A,39,2.18,107.87,2.34,13,1
P006,HRTF_A,39,2.194,108.68,2.42,13,1
P006,HRTF_A,39,2.208,109.38,2.47,13,1
P006,HRTF_A,39,2.222,110.07,2.43,13,1
P006,HRTF_A,39,2.239,110.71,2.45,13,1
P006,HRTF_A,39,2.253,111.4,2.44,13,1
P006,HRTF_A,39,2.267,112.05,2.43,13,1
P006,HRTF_A,39,2.281,112.72,2.39,13,1
P006,HRTF_A,39,2.295,113.4,2.39,13,1
P006,HRTF_A,39,2.317,113.99,2.4,13,1
P006,HRTF_A,39,2.333,114.59,2.37,13,1
P006,HRTF_A,39,2.347,115.86,2.27,13,1
P006,HRTF_A,39,2.361,116.48,2.26,13,1
P006,HRTF_A,39,2.375,117.06,2.32,13,1
P006,HRTF_A,39,2.389,117.61,2.36,13,1
P006,HRTF_A,39,2.402,118.17,2.3,13,1
P006,HRTF_A,39,2.416,118.77,2.25,13,1
P006,HRTF_A,39,2.43,119.29,2.07,13,1
P006,HRTF_A,39,2.444,119.8,1.93,13,1
P006,HRTF_A,39,2.458,120.2,1.8,13,1
P006,HRTF_A,39,2.472,120.64,1.69,13,1
P006,HRTF_A,39,2.486,121.0,1.58,13,1
P006,HRTF_A,39,2.5,121.38,1.45,13,1
P006,HRTF_A,39,2.514,121.7,1.35,13,1
P006,HRTF_A,39,2.527,121.98,1.27,13,1
P006,HRTF_A,39,2.541,122.18,1.25,13,1
P006,HRTF_A,39,2.556,122.4,1.21,13,1
P006,HRTF_A,39,2.569,122.58,1.17,13,1
P006,HRTF_A,39,2.583,122.79,1.11,13,1
P006,HRTF_A,39,2.597,122.96,0.99,13,1
P006,HRTF_A,39,2.611,123.11,0.91,13,1
P006,HRTF_A,39,2.625,123.18,0.86,13,1
P006,HRTF_A,39,2.639,123.26,0.82,13,1
P006,HRTF_A,39,2.652,123.33,0.77,13,1
P006,HRTF_A,39,2.666,123.42,0.68,13,1
P006,HRTF_A,39,2.68,123.49,0.59,13,1
P006,HRTF_A,39,2.694,123.56,0.5,13,1
P006,HRTF_A,39,2.708,123.62,0.44,13,1
P006,HRTF_A,39,2.722,123.67,0.4,13,1
P006,HRTF_A,39,2.736,123.69,0.36,13,1
P006,HRTF_A,39,2.75,123.73,0.28,13,1
P006,HRTF_A,39,2.764,123.76,0.17,13,1
P006,HRTF_A,39,2.777,123.77,0.05,13,1
P006,HRTF_B,0,0.014,-2.95,0.04,23,1
P006,HRTF_B,0,0.028,-3.13,0.0,23,1
P006,HRTF_B,0,0.042,-3.29,-0.01,23,1
P006,HRTF_B,0,0.056,-3.46,-0.01,23,1
P006,HRTF_B,0,0.069,-3.6,-0.02,23,1
P006,HRTF_B,0,0.083,-3.74,-0.05,23,1
P006,HRTF_B,0,0.097,-3.88,-0.07,23,1
P006,HRTF_B,0,0.111,-4.01,-0.11,23,1
P006,HRTF_B,0,0.125,-4.12,-0.15,23,1
P006,HRTF_B,0,0.139,-4.22,-0.19,23,1
P006,HRTF_B,0,0.153,-4.34,-0.22,23,1
P006,HRTF_B,0,0.167,-4.44,-0.27,23,1
P006,HRTF_B,0,0.181,-4.57,-0.3,23,1
P006,HRTF_B,0,0.194,-4.7,-0.33,23,1
P006,HRTF_B,0,0.208,-4.84,-0.39,23,1
P006,HRTF_B,0,0.223,-4.97,-0.48,23,1
P006,HRTF_B,0,0.236,-5.09,-0.6,23,1
P006,HRTF_B,0,0.25,-5.21,-0.69,23,1
P006,HRTF_B,0,0.264,-5.31,-0.81,23,1
P006,HRTF_B,0,0.278,-5.39,-0.99,23,1
P006,HRTF_B,0,0.292,-5.39,-1.36,23,1
P006,HRTF_B,0,0.305,-5.38,-1.71,23,1
P006,HRTF_B,0,0.319,-5.19,-2.2,23,1
P006,HRTF_B,0,0.333,-5.04,-2.6,23,1
P006,HRTF_B,0,0.347,-4.85,-3.04,23,1
P006,HRTF_B,0,0.361,-4.68,-3.56,23,1
P006,HRTF_B,0,0.375,-4.53,-4.06,23,1
P006,HRTF_B,0,0.389,-4.36,-4.53,23,1
P006,HRTF_B,0,0.403,-4.12,-5.13,23,1
P006,HRTF_B,0,0.417,-3.89,-5.79,23,1
P006,HRTF_B,0,0.43,-3.66,-6.42,23,1
P006,HRTF_B,0,0.444,-3.41,-6.9,23,1
P006,HRTF_B,0,0.458,-3.09,-7.48,23,1
P006,HRTF_B,0,0.472,-2.77,-8.17,23,1
P006,HRTF_B,0,0.486,-2.24,-8.97,23,1
P006,HRTF_B,0,0.5,-1.67,-9.79,23,1
P006,HRTF_B,0,0.514,-0.99,-10.39,23,1
P006,HRTF_B,0,0.528,-0.32,-10.94,23,1
P006,HRTF_B,0,0.541,0.58,-11.41,23,1
P006,HRTF_B,0,0.555,1.69,-11.89,23,1
P006,HRTF_B,0,0.569,3.05,-12.3,23,1
P006,HRTF_B,0,0.583,4.43,-12.69,23,1
P006,HRTF_B,0,0.597,5.87,-12.77,23,1
P006,HRTF_B,0,0.611,7.28,-12.93,23,1
P006,HRTF_B,0,0.625,8.76,-12.98,23,1
P006,HRTF_B,0,0.639,10.25,-13.05,23,1
P006,HRTF_B,0,0.653,11.72,-13.18,23,1
P006,HRTF_B,0,0.667,13.17,-13.24,23,1
P006,HRTF_B,0,0.68,14.56,-13.29,23,1
P006,HRTF_B,0,0.694,15.92,-13.2,23,1
P006,HRTF_B,0,0.708,17.07,-13.34,23,1
P006,HRTF_B,0,0.722,18.23,-13.28,23,1
P006,HRTF_B,0,0.736,19.35,-13.23,23,1
P006,HRTF_B,0,0.75,20.37,-13.28,23,1
P006,HRTF_B,0,0.764,21.4,-13.27,23,1
P006,HRTF_B,0,0.778,22.38,-13.21,23,1
P006,HRTF_B,0,0.792,23.37,-13.12,23,1
P006,HRTF_B,0,0.805,24.23,-12.99,23,1
P006,HRTF_B,0,0.819,25.19,-12.86,23,1
P006,HRTF_B,0,0.833,26.12,-12.63,23,1
P006,HRTF_B,0,0.847,27.07,-12.48,23,1
P006,HRTF_B,0,0.861,28.03,-12.29,23,1
P006,HRTF_B,0,0.875,28.97,-12.13,23,1
P006,HRTF_B,0,0.889,30.02,-12.02,23,1
P006,HRTF_B,0,0.903,31.08,-11.96,23,1
P006,HRTF_B,0,0.917,32.14,-11.86,23,1
P006,HRTF_B,0,0.93,33.23,-11.79,23,1
P006,HRTF_B,0,0.944,34.26,-11.71,23,1
P006,HRTF_B,0,0.958,35.27,-11.56,23,1
P006,HRTF_B,0,0.972,36.25,-11.39,23,1
P006,HRTF_B,0,0.986,37.28,-11.21,23,1
P006,HRTF_B,0,1.0,38.26,-11.08,23,1
P006,HRTF_B,0,1.013,39.25,-10.89,23,1
P006,HRTF_B,0,1.028,40.12,-10.73,23,1
P006,HRTF_B,0,1.041,40.85,-10.51,23,1
P006,HRTF_B,0,1.055,41.45,-10.16,23,1
P006,HRTF_B,0,1.069,41.98,-9.79,23,1
P006,HRTF_B,0,1.083,42.35,-9.49,23,1
P006,HRTF_B,0,1.097,42.67,-9.18,23,1
P006,HRTF_B,0,1.111,42.81,-8.91,23,1
P006,HRTF_B,0,1.125,42.87,-8.67,23,1
P006,HRTF_B,0,1.139,42.59,-8.57,23,1
P006,HRTF_B,0,1.153,42.13,-8.43,23,1
P006,HRTF_B,0,1.166,41.37,-8.4,23,1
P006,HRTF_B,0,1.18,40.52,-8.49,23,1
P006,HRTF_B,0,1.194,39.42,-8.66,23,1
P006,HRTF_B,0,1.208,38.26,-8.82,23,1
P006,HRTF_B,0,1.222,36.93,-9.03,23,1
P006,HRTF_B,0,1.236,35.57,-9.14,23,1
P006,HRTF_B,0,1.25,34.14,-9.27,23,1
P006,HRTF_B,0,1.263,32.68,-9.37,23,1
P006,HRTF_B,0,1.277,31.24,-9.42,23,1
P006,HRTF_B,0,1.291,29.64,-9.48,23,1
P006,HRTF_B,0,1.305,28.03,-9.64,23,1
P006,HRTF_B,0,1.319,26.34,-9.73,23,1
P006,HRTF_B,0,1.333,24.64,-9.89,23,1
P006,HRTF_B,0,1.347,22.99,-10.09,23,1
P006,HRTF_B,0,1.361,21.32,-10.28,23,1
P006,HRTF_B,0,1.375,19.54,-10.44,23,1
P006,HRTF_B,0,1.389,17.73,-10.63,23,1
P006,HRTF_B,0,1.402,15.9,-10.86,23,1
P006,HRTF_B,0,1.417,14.08,-11.11,23,1
P006,HRTF_B,0,1.43,12.26,-11.33,23,1
P006,HRTF_B,0,1.444,10.4,-11.51,23,1
P006,HRTF_B,0,1.458,8.41,-11.77,23,1
P006,HRTF_B,0,1.472,6.43,-12.06,23,1
P006,HRTF_B,0,1.486,4.43,-12.31,23,1
P006,HRTF_B,0,1.5,2.49,-12.72,23,1
P006,HRTF_B,0,1.514,0.56,-13.04,23,1
P006,HRTF_B,0,1.527,-1.37,-13.33,23,1
P006,HRTF_B,0,1.541,-3.38,-13.68,23,1
P006,HRTF_B,0,1.555,-5.38,-13.95,23,1
P006,HRTF_B,0,1.569,-7.33,-14.28,23,1
P006,HRTF_B,0,1.583,-9.32,-14.5,23,1
P006,HRTF_B,0,1.597,-11.27,-14.75,23,1
P006,HRTF_B,0,1.611,-13.27,-14.9,23,1
P006,HRTF_B,0,1.625,-15.26,-15.06,23,1
P006,HRTF_B,0,1.639,-17.27,-15.2,23,1
P006,HRTF_B,0,1.652,-19.26,-15.33,23,1
P006,HRTF_B,0,1.666,-21.24,-15.41,23,1
P006,HRTF_B,0,1.68,-23.25,-15.51,23,1
P006,HRTF_B,0,1.694,-25.26,-15.73,23,1
P006,HRTF_B,0,1.708,-27.31,-15.95,23,1
P006,HRTF_B,0,1.722,-29.37,-16.25,23,1
P006,HRTF_B,0,1.736,-31.38,-16.65,23,1
P006,HRTF_B,0,1.75,-33.4,-16.96,23,1
P006,HRTF_B,0,1.763,-35.33,-17.24,23,1
P006,HRTF_B,0,1.777,-37.19,-17.44,23,1
P006,HRTF_B,0,1.791,-39.0,-17.66,23,1
P006,HRTF_B,0,1.805,-40.75,-18.02,23,1
P006,HRTF_B,0,1.819,-42.51,-18.42,23,1
P006,HRTF_B,0,1.833,-44.17,-18.8,23,1
P006,HRTF_B,0,1.847,-45.8,-19.14,23,1
P006,HRTF_B,0,1.861,-47.35,-19.45,23,1
P006,HRTF_B,0,1.874,-48.84,-19.79,23,1
P006,HRTF_B,0,1.889,-50.28,-20.33,23,1
P006,HRTF_B,0,1.902,-51.78,-20.93,23,1
P006,HRTF_B,0,1.916,-53.18,-21.58,23,1
P006,HRTF_B,0,1.93,-54.59,-22.19,23,1
P006,HRTF_B,0,1.947,-55.91,-22.85,23,1
P006,HRTF_B,0,1.961,-57.26,-23.68,23,1
P006,HRTF_B,0,1.975,-58.66,-24.6,23,1
P006,HRTF_B,0,1.991,-60.08,-25.42,23,1
P006,HRTF_B,0,2.003,-61.47,-26.08,23,1
P006,HRTF_B,0,2.017,-62.75,-26.82,23,1
P006,HRTF_B,0,2.03,-64.13,-27.0,23,1
P006,HRTF_B,0,2.045,-65.36,-27.33,23,1
P006,HRTF_B,0,2.058,-66.51,-27.6,23,1
P006,HRTF_B,0,2.072,-67.64,-27.79,23,1
P006,HRTF_B,0,2.086,-68.74,-28.09,23,1
P006,HRTF_B,0,2.11,-69.77,-28.44,23,1
P006,HRTF_B,0,2.125,-70.57,-29.14,23,1
P006,HRTF_B,0,2.139,-72.55,-30.27,23,1
P006,HRTF_B,0,2.152,-73.51,-30.69,23,1
P006,HRTF_B,0,2.166,-74.43,-30.97,23,1
P006,HRTF_B,0,2.18,-75.32,-31.29,23,1
P006,HRTF_B,0,2.194,-76.26,-31.65,23,1
P006,HRTF_B,0,2.208,-77.29,-31.99,23,1
P006,HRTF_B,0,2.222,-78.32,-32.34,23,1
P006,HRTF_B,0,2.236,-79.4,-32.62,23,1
P006,HRTF_B,0,2.25,-80.53,-32.85,23,1
P006,HRTF_B,0,2.263,-81.65,-32.92,23,1
P006,HRTF_B,0,2.277,-82.77,-32.92,23,1
P006,HRTF_B,0,2.291,-83.77,-32.79,23,1
P006,HRTF_B,0,2.305,-85.04,-32.58,23,1
P006,HRTF_B,0,2.319,-86.15,-32.3,23,1
P006,HRTF_B,0,2.333,-87.2,-32.16,23,1
P006,HRTF_B,0,2.347,-88.36,-32.01,23,1
P006,HRTF_B,0,2.36,-89.55,-31.85,23,1
P006,HRTF_B,0,2.375,-90.93,-31.66,23,1
P006,HRTF_B,0,2.389,-92.32,-31.52,23,1
P006,HRTF_B,0,2.402,-93.8,-31.31,23,1
P006,HRTF_B,0,2.416,-95.35,-31.12,23,1
P006,HRTF_B,0,2.43,-96.92,-30.94,23,1
P006,HRTF_B,0,2.444,-98.56,-30.68,23,1
P006,HRTF_B,0,2.458,-100.24,-30.44,23,1
P006,HRTF_B,0,2.472,-101.93,-30.3,23,1
P006,HRTF_B,0,2.485,-103.58,-30.18,23,1
P006,HRTF_B,0,2.5,-105.21,-30.17,23,1
P006,HRTF_B,0,2.513,-106.76,-30.17,23,1
P006,HRTF_B,0,2.527,-108.35,-30.23,23,1
P006,HRTF_B,0,2.541,-109.88,-30.43,23,1
P006,HRTF_B,0,2.555,-111.39,-30.71,23,1
P006,HRTF_B,0,2.569,-112.77,-31.02,23,1
P006,HRTF_B,0,2.583,-114.08,-31.14,23,1
P006,HRTF_B,0,2.597,-115.21,-31.18,23,1
P006,HRTF_B,0,2.611,-116.21,-31.06,23,1
P006,HRTF_B,0,2.624,-116.97,-30.82,23,1
P006,HRTF_B,0,2.638,-117.71,-30.72,23,1
P006,HRTF_B,0,2.652,-118.47,-30.54,23,1
P006,HRTF_B,0,2.666,-119.07,-30.51,23,1
P006,HRTF_B,0,2.68,-119.65,-30.51,23,1
P006,HRTF_B,0,2.694,-120.15,-30.58,23,1
P006,HRTF_B,1,0.014,-1.93,-0.6,15,0
P006,HRTF_B,1,0.028,-1.89,-0.55,15,0
P006,HRTF_B,1,0.041,-1.85,-0.55,15,0
P006,HRTF_B,1,0.055,-1.83,-0.52,15,0
P006,HRTF_B,1,0.069,-1.8,-0.54,15,0
P006,HRTF_B,1,0.083,-1.76,-0.55,15,0
P006,HRTF_B,1,0.097,-1.71,-0.57,15,0
P006,HRTF_B,1,0.111,-1.68,-0.61,15,0
P006,HRTF_B,1,0.125,-1.62,-0.64,15,0
P006,HRTF_B,1,0.139,-1.58,-0.66,15,0
P006,HRTF_B,1,0.153,-1.54,-0.71,15,0
P006,HRTF_B,1,0.167,-1.5,-0.76,15,0
P006,HRTF_B,1,0.18,-1.45,-0.8,15,0
P006,HRTF_B,1,0.194,-1.42,-0.85,15,0
P006,HRTF_B,1,0.208,-1.35,-0.93,15,0
P006,HRTF_B,1,0.223,-1.29,-0.99,15,0
P006,HRTF_B,1,0.236,-1.24,-1.05,15,0
P006,HRTF_B,1,0.25,-1.19,-1.1,15,0
P006,HRTF_B,1,0.264,-1.15,-1.16,15,0
P006,HRTF_B,1,0.278,-1.1,-1.22,15,0
P006,HRTF_B,1,0.292,-1.06,-1.26,15,0
P006,HRTF_B,1,0.306,-1.03,-1.34,15,0
P006,HRTF_B,1,0.319,-0.98,-1.42,15,0
P006,HRTF_B,1,0.333,-0.9,-1.52,15,0
P006,HRTF_B,1,0.347,-0.74,-1.69,15,0
P006,HRTF_B,1,0.361,-0.48,-1.89,15,0
P006,HRTF_B,1,0.375,-0.08,-2.11,15,0
P006,HRTF_B,1,0.389,0.33,-2.29,15,0
P006,HRTF_B,1,0.403,0.79,-2.44,15,0
P006,HRTF_B,1,0.417,1.26,-2.58,15,0
P006,HRTF_B,1,0.431,1.75,-2.67,15,0
P006,HRTF_B,1,0.444,2.26,-2.78,15,0
P006,HRTF_B,1,0.458,2.76,-2.9,15,0
P006,HRTF_B,1,0.472,3.26,-2.95,15,0
P006,HRTF_B,1,0.486,3.79,-3.02,15,0
P006,HRTF_B,1,0.501,4.25,-3.03,15,0
P006,HRTF_B,1,0.514,4.76,-3.11,15,0
P006,HRTF_B,1,0.528,5.36,-3.16,15,0
P006,HRTF_B,1,0.541,6.1,-3.3,15,0
P006,HRTF_B,1,0.555,6.88,-3.42,15,0
P006,HRTF_B,1,0.569,7.74,-3.5,15,0
P006,HRTF_B,1,0.583,8.57,-3.51,15,0
P006,HRTF_B,1,0.597,9.32,-3.51,15,0
P006,HRTF_B,1,0.611,10.05,-3.48,15,0
P006,HRTF_B,1,0.625,10.71,-3.47,15,0
P006,HRTF_B,1,0.639,11.36,-3.49,15,0
P006,HRTF_B,1,0.653,11.93,-3.55,15,0
P006,HRTF_B,1,0.667,12.45,-3.58,15,0
P006,HRTF_B,1,0.68,12.91,-3.68,15,0
P006,HRTF_B,1,0.694,13.3,-3.71,15,0
P006,HRTF_B,1,0.708,13.67,-3.77,15,0
P006,HRTF_B,1,0.722,14.0,-3.79,15,0
P006,HRTF_B,1,0.741,14.32,-3.86,15,0
P006,HRTF_B,1,0.75,14.63,-3.94,15,0
P006,HRTF_B,1,0.764,14.93,-4.0,15,0
P006,HRTF_B,1,0.778,15.19,-4.04,15,0
P006,HRTF_B,1,0.792,15.46,-4.05,15,0
P006,HRTF_B,1,0.806,15.65,-4.08,15,0
P006,HRTF_B,1,0.82,15.91,-4.12,15,0
P006,HRTF_B,1,0.834,16.16,-4.2,15,0
P006,HRTF_B,1,0.848,16.43,-4.26,15,0
P006,HRTF_B,1,0.862,16.75,-4.28,15,0
P006,HRTF_B,1,0.875,17.05,-4.26,15,0
P006,HRTF_B,1,0.889,17.32,-4.2,15,0
P006,HRTF_B,1,0.903,17.57,-4.13,15,0
P006,HRTF_B,1,0.917,17.81,-4.12,15,0
P006,HRTF_B,1,0.932,18.07,-4.13,15,0
P006,HRTF_B,1,0.945,18.38,-4.19,15,0
P006,HRTF_B,1,0.958,18.69,-4.24,15,0
P006,HRTF_B,1,0.972,19.04,-4.26,15,0
P006,HRTF_B,1,0.986,19.37,-4.26,15,0
P006,HRTF_B,1,1.0,19.75,-4.26,15,0
P006,HRTF_B,1,1.014,20.2,-4.34,15,0
P006,HRTF_B,1,1.028,20.84,-4.43,15,0
P006,HRTF_B,1,1.042,21.53,-4.56,15,0
P006,HRTF_B,1,1.056,22.34,-4.7,15,0
P006,HRTF_B,1,1.07,23.2,-4.83,15,0
P006,HRTF_B,1,1.085,24.17,-4.81,15,0
P006,HRTF_B,1,1.098,25.28,-4.91,15,0
P006,HRTF_B,1,1.112,26.57,-5.13,15,0
P006,HRTF_B,1,1.126,28.01,-5.5,15,0
P006,HRTF_B,1,1.139,29.47,-5.9,15,0
P006,HRTF_B,1,1.153,31.11,-6.34,15,0
P006,HRTF_B,1,1.167,32.76,-6.64,15,0
P006,HRTF_B,1,1.182,34.58,-6.87,15,0
P006,HRTF_B,1,1.195,36.44,-7.0,15,0
P006,HRTF_B,1,1.209,38.4,-6.99,15,0
P006,HRTF_B,1,1.223,40.43,-6.82,15,0
P006,HRTF_B,1,1.236,42.44,-6.51,15,0
P006,HRTF_B,1,1.25,44.38,-6.05,15,0
P006,HRTF_B,1,1.264,46.28,-5.48,15,0
P006,HRTF_B,1,1.278,48.15,-4.88,15,0
P006,HRTF_B,1,1.293,49.98,-4.3,15,0
P006,HRTF_B,1,1.306,51.73,-3.74,15,0
P006,HRTF_B,1,1.32,53.42,-3.29,15,0
P006,HRTF_B,1,1.334,54.96,-3.05,15,0
P006,HRTF_B,1,1.347,56.44,-2.87,15,0
P006,HRTF_B,1,1.361,57.8,-2.71,15,0
P006,HRTF_B,1,1.375,59.15,-2.39,15,0
P006,HRTF_B,1,1.389,60.52,-2.06,15,0
P006,HRTF_B,1,1.403,61.81,-1.63,15,0
P006,HRTF_B,1,1.417,63.01,-1.26,15,0
P006,HRTF_B,1,1.431,64.15,-0.86,15,0
P006,HRTF_B,1,1.445,65.22,-0.51,15,0
P006,HRTF_B,1,1.459,66.19,-0.11,15,0
P006,HRTF_B,1,1.472,67.17,0.3,15,0
P006,HRTF_B,1,1.486,68.15,0.7,15,0
P006,HRTF_B,1,1.5,69.15,1.09,15,0
P006,HRTF_B,1,1.514,70.16,1.48,15,0
P006,HRTF_B,1,1.527,71.09,1.77,15,0
P006,HRTF_B,1,1.542,71.9,2.06,15,0
P006,HRTF_B,1,1.555,72.68,2.33,15,0
P006,HRTF_B,1,1.569,73.5,2.65,15,0
P006,HRTF_B,1,1.583,74.31,2.93,15,0
P006,HRTF_B,1,1.597,75.1,3.19,15,0
P006,HRTF_B,1,1.611,75.79,3.42,15,0
P006,HRTF_B,1,1.625,76.4,3.7,15,0
P006,HRTF_B,1,1.639,76.94,4.04,15,0
P006,HRTF_B,1,1.652,77.48,4.47,15,0
P006,HRTF_B,1,1.666,77.98,5.02,15,0
P006,HRTF_B,1,1.693,78.45,5.55,15,0
P006,HRTF_B,2,0.013,1.51,1.03,29,0
P006,HRTF_B,2,0.028,1.51,1.06,29,0
P006,HRTF_B,2,0.041,1.49,1.1,29,0
P006,HRTF_B,2,0.055,1.48,1.09,29,0
P006,HRTF_B,2,0.069,1.47,1.07,29,0
P006,HRTF_B,2,0.083,1.47,1.05,29,0
P006,HRTF_B,2,0.097,1.47,1.03,29,0
P006,HRTF_B,2,0.111,1.45,1.02,29,0
P006,HRTF_B,2,0.125,1.44,1.02,29,0
P006,HRTF_B,2,0.138,1.43,1.02,29,0
P006,HRTF_B,2,0.153,1.42,1.01,29,0
P006,HRTF_B,2,0.166,1.4,1.01,29,0
P006,HRTF_B,2,0.18,1.39,0.99,29,0
P006,HRTF_B,2,0.194,1.38,0.97,29,0
P006,HRTF_B,2,0.208,1.38,0.92,29,0
P006,HRTF_B,2,0.222,1.37,0.86,29,0
P006,HRTF_B,2,0.236,1.37,0.82,29,0
P006,HRTF_B,2,0.25,1.35,0.78,29,0
P006,HRTF_B,2,0.263,1.35,0.74,29,0
P006,HRTF_B,2,0.277,1.38,0.68,29,0
P006,HRTF_B,2,0.291,1.4,0.6,29,0
P006,HRTF_B,2,0.305,1.41,0.53,29,0
P006,HRTF_B,2,0.319,1.41,0.45,29,0
P006,HRTF_B,2,0.333,1.4,0.37,29,0
P006,HRTF_B,2,0.347,1.4,0.33,29,0
P006,HRTF_B,2,0.361,1.4,0.28,29,0
P006,HRTF_B,2,0.374,1.4,0.24,29,0
P006,HRTF_B,2,0.388,1.4,0.18,29,0
P006,HRTF_B,2,0.402,1.4,0.11,29,0
P006,HRTF_B,2,0.416,1.4,0.06,29,0
P006,HRTF_B,2,0.43,1.4,0.02,29,0
P006,HRTF_B,2,0.444,1.41,-0.01,29,0
P006,HRTF_B,2,0.458,1.42,-0.05,29,0
P006,HRTF_B,2,0.472,1.43,-0.09,29,0
P006,HRTF_B,2,0.486,1.43,-0.13,29,0
P006,HRTF_B,2,0.5,1.45,-0.16,29,0
P006,HRTF_B,2,0.513,1.47,-0.2,29,0
P006,HRTF_B,2,0.527,1.49,-0.22,29,0
P006,HRTF_B,2,0.541,1.52,-0.24,29,0
P006,HRTF_B,2,0.555,1.56,-0.25,29,0
P006,HRTF_B,2,0.569,1.58,-0.26,29,0
P006,HRTF_B,2,0.583,1.63,-0.25,29,0
P006,HRTF_B,2,0.597,1.67,-0.22,29,0
P006,HRTF_B,2,0.611,1.7,-0.21,29,0
P006,HRTF_B,2,0.625,1.75,-0.22,29,0
P006,HRTF_B,2,0.638,1.79,-0.23,29,0
P006,HRTF_B,2,0.652,1.82,-0.26,29,0
P006,HRTF_B,2,0.666,1.85,-0.27,29,0
P006,HRTF_B,2,0.68,1.88,-0.28,29,0
P006,HRTF_B,2,0.694,1.91,-0.24,29,0
P006,HRTF_B,2,0.708,1.95,-0.23,29,0
P006,HRTF_B,2,0.722,1.98,-0.23,29,0
P006,HRTF_B,2,0.735,2.01,-0.23,29,0
P006,HRTF_B,2,0.75,2.03,-0.24,29,0
P006,HRTF_B,2,0.763,2.06,-0.25,29,0
P006,HRTF_B,2,0.777,2.08,-0.23,29,0
P006,HRTF_B,2,0.791,2.11,-0.2,29,0
P006,HRTF_B,2,0.805,2.13,-0.14,29,0
P006,HRTF_B,2,0.819,2.15,-0.12,29,0
P006,HRTF_B,2,0.833,2.16,-0.09,29,0
P006,HRTF_B,2,0.847,2.18,-0.07,29,0
P006,HRTF_B,2,0.86,2.19,-0.07,29,0
P006,HRTF_B,2,0.875,2.19,-0.04,29,0
P006,HRTF_B,2,0.888,2.19,-0.04,29,0
P006,HRTF_B,2,0.903,2.2,-0.02,29,0
P006,HRTF_B,2,0.916,2.2,0.03,29,0
P006,HRTF_B,2,0.93,2.21,0.06,29,0
P006,HRTF_B,2,0.944,2.21,0.08,29,0
P006,HRTF_B,2,0.958,2.2,0.08,29,0
P006,HRTF_B,2,0.972,2.18,0.11,29,0
P006,HRTF_B,2,0.985,2.16,0.14,29,0
P006,HRTF_B,2,1.0,2.13,0.18,29,0
P006,HRTF_B,2,1.014,2.08,0.2,29,0
P006,HRTF_B,2,1.027,1.98,0.26,29,0
P006,HRTF_B,2,1.041,1.86,0.29,29,0
P006,HRTF_B,2,1.055,1.68,0.32,29,0
P006,HRTF_B,2,1.069,1.46,0.37,29,0
P006,HRTF_B,2,1.083,1.22,0.4,29,0
P006,HRTF_B,2,1.097,0.91,0.43,29,0
P006,HRTF_B,2,1.111,0.61,0.45,29,0
P006,HRTF_B,2,1.124,0.25,0.49,29,0
P006,HRTF_B,2,1.138,-0.17,0.49,29,0
P006,HRTF_B,2,1.152,-0.71,0.49,29,0
P006,HRTF_B,2,1.166,-1.26,0.54,29,0
P006,HRTF_B,2,1.18,-1.91,0.59,29,0
P006,HRTF_B,2,1.194,-2.6,0.63,29,0
P006,HRTF_B,2,1.208,-3.32,0.68,29,0
P006,HRTF_B,2,1.222,-4.13,0.7,29,0
P006,HRTF_B,2,1.235,-5.04,0.76,29,0
P006,HRTF_B,2,1.249,-6.07,0.78,29,0
P006,HRTF_B,2,1.263,-7.21,0.78,29,0
P006,HRTF_B,2,1.277,-8.38,0.81,29,0
P006,HRTF_B,2,1.291,-9.73,0.79,29,0
P006,HRTF_B,2,1.305,-11.23,0.77,29,0
P006,HRTF_B,2,1.319,-12.8,0.8,29,0
P006,HRTF_B,2,1.332,-14.5,0.83,29,0
P006,HRTF_B,2,1.346,-16.36,0.83,29,0
P006,HRTF_B,2,1.36,-18.26,0.85,29,0
P006,HRTF_B,2,1.374,-20.22,0.85,29,0
P006,HRTF_B,2,1.388,-22.35,0.88,29,0
P006,HRTF_B,2,1.402,-24.42,0.9,29,0
P006,HRTF_B,2,1.416,-26.52,0.96,29,0
P006,HRTF_B,2,1.43,-28.63,1.06,29,0
P006,HRTF_B,2,1.444,-30.73,1.16,29,0
P006,HRTF_B,2,1.458,-32.81,1.27,29,0
P006,HRTF_B,2,1.471,-34.81,1.38,29,0
P006,HRTF_B,2,1.485,-36.78,1.49,29,0
P006,HRTF_B,2,1.499,-38.68,1.6,29,0
P006,HRTF_B,2,1.513,-40.58,1.69,29,0
P006,HRTF_B,2,1.527,-42.42,1.77,29,0
P006,HRTF_B,2,1.541,-44.21,1.85,29,0
P006,HRTF_B,3,0.014,-2.61,0.93,28,1
P006,HRTF_B,3,0.028,-2.32,1.04,28,1
P006,HRTF_B,3,0.042,-2.05,1.11,28,1
P006,HRTF_B,3,0.055,-1.81,1.17,28,1
P006,HRTF_B,3,0.069,-1.6,1.22,28,1
P006,HRTF_B,3,0.083,-1.42,1.27,28,1
P006,HRTF_B,3,0.097,-1.27,1.33,28,1
P006,HRTF_B,3,0.111,-1.13,1.39,28,1
P006,HRTF_B,3,0.125,-1.0,1.43,28,1
P006,HRTF_B,3,0.139,-0.9,1.44,28,1
P006,HRTF_B,3,0.153,-0.81,1.46,28,1
P006,HRTF_B,3,0.167,-0.74,1.44,28,1
P006,HRTF_B,3,0.181,-0.7,1.39,28,1
P006,HRTF_B,3,0.195,-0.67,1.33,28,1
P006,HRTF_B,3,0.208,-0.66,1.26,28,1
P006,HRTF_B,3,0.223,-0.64,1.21,28,1
P006,HRTF_B,3,0.236,-0.65,1.19,28,1
P006,HRTF_B,3,0.25,-0.69,1.15,28,1
P006,HRTF_B,3,0.264,-0.71,1.1,28,1
P006,HRTF_B,3,0.278,-0.73,1.0,28,1
P006,HRTF_B,3,0.292,-0.76,0.89,28,1
P006,HRTF_B,3,0.306,-0.78,0.76,28,1
P006,HRTF_B,3,0.319,-0.8,0.63,28,1
P006,HRTF_B,3,0.333,-0.81,0.47,28,1
P006,HRTF_B,3,0.347,-0.83,0.2,28,1
P006,HRTF_B,3,0.361,-0.84,-0.02,28,1
P006,HRTF_B,3,0.375,-0.83,-0.2,28,1
P006,HRTF_B,3,0.389,-0.85,-0.37,28,1
P006,HRTF_B,3,0.403,-0.84,-0.51,28,1
P006,HRTF_B,3,0.417,-0.85,-0.61,28,1
P006,HRTF_B,3,0.431,-0.87,-0.66,28,1
P006,HRTF_B,3,0.444,-0.87,-0.7,28,1
P006,HRTF_B,3,0.458,-0.89,-0.68,28,1
P006,HRTF_B,3,0.472,-0.9,-0.65,28,1
P006,HRTF_B,3,0.486,-0.91,-0.63,28,1
P006,HRTF_B,3,0.5,-0.92,-0.57,28,1
P006,HRTF_B,3,0.514,-0.91,-0.53,28,1
P006,HRTF_B,3,0.528,-0.91,-0.49,28,1
P006,HRTF_B,3,0.542,-0.89,-0.46,28,1
P006,HRTF_B,3,0.556,-0.89,-0.45,28,1
P006,HRTF_B,3,0.569,-0.9,-0.44,28,1
P006,HRTF_B,3,0.583,-0.9,-0.45,28,1
P006,HRTF_B,3,0.597,-0.9,-0.44,28,1
P006,HRTF_B,3,0.611,-0.92,-0.45,28,1
P006,HRTF_B,3,0.625,-0.93,-0.45,28,1
P006,HRTF_B,3,0.639,-0.93,-0.46,28,1
P006,HRTF_B,3,0.653,-0.93,-0.47,28,1
P006,HRTF_B,3,0.667,-0.94,-0.48,28,1
P006,HRTF_B,3,0.68,-0.96,-0.49,28,1
P006,HRTF_B,3,0.694,-0.97,-0.49,28,1
P006,HRTF_B,3,0.708,-0.99,-0.49,28,1
P006,HRTF_B,3,0.722,-1.01,-0.49,28,1
P006,HRTF_B,3,0.736,-1.02,-0.49,28,1
P006,HRTF_B,3,0.75,-1.06,-0.48,28,1
P006,HRTF_B,3,0.764,-1.09,-0.5,28,1
P006,HRTF_B,3,0.777,-1.12,-0.51,28,1
P006,HRTF_B,3,0.792,-1.15,-0.52,28,1
P006,HRTF_B,3,0.805,-1.19,-0.51,28,1
P006,HRTF_B,3,0.819,-1.2,-0.5,28,1
P006,HRTF_B,3,0.833,-1.24,-0.51,28,1
P006,HRTF_B,3,0.847,-1.28,-0.52,28,1
P006,HRTF_B,3,0.861,-1.36,-0.5,28,1
P006,HRTF_B,3,0.875,-1.44,-0.49,28,1
P006,HRTF_B,3,0.889,-1.56,-0.48,28,1
P006,HRTF_B,3,0.903,-1.73,-0.47,28,1
P006,HRTF_B,3,0.917,-1.92,-0.5,28,1
P006,HRTF_B,3,0.93,-2.15,-0.51,28,1
P006,HRTF_B,3,0.944,-2.45,-0.51,28,1
P006,HRTF_B,3,0.958,-2.84,-0.5,28,1
P006,HRTF_B,3,0.972,-3.31,-0.5,28,1
P006,HRTF_B,3,0.986,-3.84,-0.47,28,1
P006,HRTF_B,3,1.0,-4.51,-0.42,28,1
P006,HRTF_B,3,1.014,-5.15,-0.44,28,1
P006,HRTF_B,3,1.027,-5.92,-0.42,28,1
P006,HRTF_B,3,1.041,-6.8,-0.4,28,1
P006,HRTF_B,3,1.055,-7.87,-0.42,28,1
P006,HRTF_B,3,1.069,-9.03,-0.45,28,1
P006,HRTF_B,3,1.083,-10.41,-0.46,28,1
P006,HRTF_B,3,1.097,-11.77,-0.44,28,1
P006,HRTF_B,3,1.111,-13.15,-0.44,28,1
P006,HRTF_B,3,1.125,-14.65,-0.45,28,1
P006,HRTF_B,3,1.139,-16.22,-0.45,28,1
P006,HRTF_B,3,1.153,-17.97,-0.45,28,1
P006,HRTF_B,3,1.166,-19.73,-0.43,28,1
P006,HRTF_B,3,1.181,-21.6,-0.33,28,1
P006,HRTF_B,3,1.194,-23.52,-0.37,28,1
P006,HRTF_B,3,1.208,-25.53,-0.37,28,1
P006,HRTF_B,3,1.222,-27.57,-0.4,28,1
P006,HRTF_B,3,1.236,-29.62,-0.45,28,1
P006,HRTF_B,3,1.25,-31.67,-0.46,28,1
P006,HRTF_B,3,1.264,-33.66,-0.45,28,1
P006,HRTF_B,3,1.277,-35.68,-0.48,28,1
P006,HRTF_B,3,1.291,-37.67,-0.48,28,1
P006,HRTF_B,3,1.305,-39.65,-0.5,28,1
P006,HRTF_B,3,1.319,-41.55,-0.51,28,1
P006,HRTF_B,3,1.333,-43.36,-0.52,28,1
P006,HRTF_B,3,1.347,-45.09,-0.54,28,1
P006,HRTF_B,4,0.014,0.93,3.34,4,1
P006,HRTF_B,4,0.028,1.1,3.36,4,1
P006,HRTF_B,4,0.042,1.27,3.39,4,1
P006,HRTF_B,4,0.055,1.43,3.41,4,1
P006,HRTF_B,4,0.069,1.59,3.41,4,1
P006,HRTF_B,4,0.083,1.77,3.4,4,1
P006,HRTF_B,4,0.097,1.94,3.37,4,1
P006,HRTF_B,4,0.111,2.12,3.36,4,1
P006,HRTF_B,4,0.126,2.3,3.38,4,1
P006,HRTF_B,4,0.139,2.47,3.41,4,1
P006,HRTF_B,4,0.153,2.65,3.4,4,1
P006,HRTF_B,4,0.167,2.82,3.38,4,1
P006,HRTF_B,4,0.18,2.99,3.36,4,1
P006,HRTF_B,4,0.195,3.15,3.37,4,1
P006,HRTF_B,4,0.208,3.3,3.36,4,1
P006,HRTF_B,4,0.222,3.44,3.33,4,1
P006,HRTF_B,4,0.236,3.57,3.32,4,1
P006,HRTF_B,4,0.25,3.68,3.3,4,1
P006,HRTF_B,4,0.264,3.79,3.32,4,1
P006,HRTF_B,4,0.278,3.89,3.35,4,1
P006,HRTF_B,4,0.291,3.97,3.37,4,1
P006,HRTF_B,4,0.306,4.03,3.37,4,1
P006,HRTF_B,4,0.319,4.07,3.39,4,1
P006,HRTF_B,4,0.333,4.1,3.41,4,1
P006,HRTF_B,4,0.347,4.11,3.42,4,1
P006,HRTF_B,4,0.361,4.11,3.44,4,1
P006,HRTF_B,4,0.375,4.08,3.43,4,1
P006,HRTF_B,4,0.389,4.04,3.41,4,1
P006,HRTF_B,4,0.403,3.98,3.39,4,1
P006,HRTF_B,4,0.417,3.91,3.37,4,1
P006,HRTF_B,4,0.431,3.82,3.36,4,1
P006,HRTF_B,4,0.444,3.71,3.37,4,1
P006,HRTF_B,4,0.458,3.61,3.38,4,1
P006,HRTF_B,4,0.472,3.53,3.36,4,1
P006,HRTF_B,4,0.486,3.42,3.36,4,1
P006,HRTF_B,4,0.5,3.33,3.34,4,1
P006,HRTF_B,4,0.514,3.21,3.31,4,1
P006,HRTF_B,4,0.528,3.11,3.28,4,1
P006,HRTF_B,4,0.541,2.99,3.3,4,1
P006,HRTF_B,4,0.555,2.88,3.31,4,1
P006,HRTF_B,4,0.569,2.77,3.32,4,1
P006,HRTF_B,4,0.583,2.67,3.34,4,1
P006,HRTF_B,4,0.597,2.58,3.34,4,1
P006,HRTF_B,4,0.611,2.48,3.33,4,1
P006,HRTF_B,4,0.625,2.39,3.34,4,1
P006,HRTF_B,4,0.639,2.3,3.33,4,1
P006,HRTF_B,4,0.653,2.22,3.33,4,1
P006,HRTF_B,4,0.667,2.11,3.31,4,1
P006,HRTF_B,4,0.68,2.02,3.26,4,1
P006,HRTF_B,4,0.694,1.94,3.22,4,1
P006,HRTF_B,4,0.708,1.83,3.2,4,1
P006,HRTF_B,4,0.722,1.74,3.18,4,1
P006,HRTF_B,4,0.736,1.63,3.18,4,1
P006,HRTF_B,4,0.75,1.53,3.17,4,1
P006,HRTF_B,4,0.764,1.45,3.14,4,1
P006,HRTF_B,4,0.778,1.34,3.14,4,1
P006,HRTF_B,4,0.792,1.25,3.11,4,1
P006,HRTF_B,4,0.806,1.15,3.1,4,1
P006,HRTF_B,4,0.82,1.04,3.1,4,1
P006,HRTF_B,4,0.833,0.94,3.1,4,1
P006,HRTF_B,4,0.847,0.83,3.11,4,1
P006,HRTF_B,4,0.861,0.73,3.11,4,1
P006,HRTF_B,4,0.875,0.64,3.12,4,1
P006,HRTF_B,4,0.889,0.57,3.11,4,1
P006,HRTF_B,4,0.903,0.53,3.09,4,1
P006,HRTF_B,4,0.917,0.53,3.09,4,1
P006,HRTF_B,4,0.93,0.57,3.1,4,1
P006,HRTF_B,4,0.944,0.61,3.11,4,1
P006,HRTF_B,4,0.958,0.65,3.11,4,1
P006,HRTF_B,4,0.972,0.73,3.13,4,1
P006,HRTF_B,4,0.986,0.85,3.17,4,1
P006,HRTF_B,4,1.0,1.01,3.2,4,1
P006,HRTF_B,4,1.014,1.23,3.18,4,1
P006,HRTF_B,4,1.028,1.47,3.16,4,1
P006,HRTF_B,4,1.041,1.71,3.13,4,1
P006,HRTF_B,4,1.055,1.97,3.13,4,1
P006,HRTF_B,4,1.069,2.26,3.11,4,1
P006,HRTF_B,4,1.083,2.61,3.07,4,1
P006,HRTF_B,4,1.097,3.06,3.03,4,1
P006,HRTF_B,4,1.111,3.55,3.01,4,1
P006,HRTF_B,4,1.125,4.1,3.01,4,1
P006,HRTF_B,4,1.139,4.66,2.92,4,1
P006,HRTF_B,4,1.153,5.26,2.86,4,1
P006,HRTF_B,4,1.166,5.89,2.77,4,1
P006,HRTF_B,4,1.18,6.55,2.72,4,1
P006,HRTF_B,4,1.194,7.24,2.7,4,1
P006,HRTF_B,4,1.208,7.93,2.73,4,1
P006,HRTF_B,4,1.222,8.7,2.77,4,1
P006,HRTF_B,4,1.236,9.5,2.84,4,1
P006,HRTF_B,4,1.25,10.39,2.92,4,1
P006,HRTF_B,4,1.264,11.26,3.08,4,1
P006,HRTF_B,4,1.277,12.21,3.29,4,1
P006,HRTF_B,4,1.291,13.17,3.45,4,1
P006,HRTF_B,4,1.305,14.18,3.59,4,1
P006,HRTF_B,4,1.319,15.29,3.72,4,1
P006,HRTF_B,4,1.333,16.44,3.88,4,1
P006,HRTF_B,4,1.347,17.61,4.1,4,1
P006,HRTF_B,4,1.361,18.84,4.34,4,1
P006,HRTF_B,4,1.375,20.09,4.6,4,1
P006,HRTF_B,4,1.389,21.44,4.88,4,1
P006,HRTF_B,4,1.403,22.83,5.08,4,1
P006,HRTF_B,4,1.416,24.17,5.31,4,1
P006,HRTF_B,4,1.43,25.52,5.57,4,1
P006,HRTF_B,4,1.444,26.8,5.86,4,1
P006,HRTF_B,4,1.458,28.11,6.19,4,1
P006,HRTF_B,4,1.472,29.4,6.5,4,1
P006,HRTF_B,4,1.486,30.77,6.78,4,1
P006,HRTF_B,4,1.5,32.12,7.0,4,1
P006,HRTF_B,4,1.514,33.46,7.16,4,1
P006,HRTF_B,4,1.528,34.82,7.32,4,1
P006,HRTF_B,4,1.541,36.2,7.48,4,1
P006,HRTF_B,4,1.555,37.69,7.51,4,1
P006,HRTF_B,4,1.569,39.21,7.53,4,1
P006,HRTF_B,4,1.583,40.71,7.59,4,1
P006,HRTF_B,4,1.597,42.24,7.6,4,1
P006,HRTF_B,5,0.014,-3.13,3.17,13,1
P006,HRTF_B,5,0.028,-3.39,3.13,13,1
P006,HRTF_B,5,0.042,-3.65,3.1,13,1
P006,HRTF_B,5,0.056,-3.9,3.08,13,1
P006,HRTF_B,5,0.07,-4.14,3.06,13,1
P006,HRTF_B,5,0.083,-4.38,3.02,13,1
P006,HRTF_B,5,0.097,-4.62,2.99,13,1
P006,HRTF_B,5,0.111,-4.86,2.96,13,1
P006,HRTF_B,5,0.125,-5.08,2.91,13,1
P006,HRTF_B,5,0.139,-5.3,2.93,13,1
P006,HRTF_B,5,0.153,-5.52,2.93,13,1
P006,HRTF_B,5,0.167,-5.71,2.94,13,1
P006,HRTF_B,5,0.181,-5.88,2.95,13,1
P006,HRTF_B,5,0.194,-6.04,2.91,13,1
P006,HRTF_B,5,0.208,-6.15,2.84,13,1
P006,HRTF_B,5,0.222,-6.26,2.77,13,1
P006,HRTF_B,5,0.236,-6.31,2.72,13,1
P006,HRTF_B,5,0.25,-6.35,2.69,13,1
P006,HRTF_B,5,0.264,-6.39,2.66,13,1
P006,HRTF_B,5,0.278,-6.39,2.63,13,1
P006,HRTF_B,5,0.292,-6.42,2.62,13,1
P006,HRTF_B,5,0.305,-6.43,2.62,13,1
P006,HRTF_B,5,0.319,-6.43,2.65,13,1
P006,HRTF_B,5,0.333,-6.42,2.66,13,1
P006,HRTF_B,5,0.347,-6.43,2.68,13,1
P006,HRTF_B,5,0.361,-6.41,2.72,13,1
P006,HRTF_B,5,0.375,-6.4,2.72,13,1
P006,HRTF_B,5,0.389,-6.38,2.74,13,1
P006,HRTF_B,5,0.403,-6.38,2.76,13,1
P006,HRTF_B,5,0.417,-6.37,2.81,13,1
P006,HRTF_B,5,0.431,-6.34,2.88,13,1
P006,HRTF_B,5,0.444,-6.32,2.94,13,1
P006,HRTF_B,5,0.459,-6.32,3.0,13,1
P006,HRTF_B,5,0.472,-6.31,3.05,13,1
P006,HRTF_B,5,0.486,-6.31,3.08,13,1
P006,HRTF_B,5,0.5,-6.32,3.09,13,1
P006,HRTF_B,5,0.514,-6.33,3.07,13,1
P006,HRTF_B,5,0.528,-6.32,3.05,13,1
P006,HRTF_B,5,0.541,-6.33,3.01,13,1
P006,HRTF_B,5,0.555,-6.33,2.98,13,1
P006,HRTF_B,5,0.569,-6.34,2.97,13,1
P006,HRTF_B,5,0.583,-6.35,2.97,13,1
P006,HRTF_B,5,0.597,-6.36,3.0,13,1
P006,HRTF_B,5,0.611,-6.4,3.05,13,1
P006,HRTF_B,5,0.625,-6.42,3.06,13,1
P006,HRTF_B,5,0.639,-6.44,3.05,13,1
P006,HRTF_B,5,0.653,-6.47,3.02,13,1
P006,HRTF_B,5,0.667,-6.51,3.02,13,1
P006,HRTF_B,5,0.68,-6.53,3.04,13,1
P006,HRTF_B,5,0.694,-6.57,3.08,13,1
P006,HRTF_B,5,0.708,-6.6,3.12,13,1
P006,HRTF_B,5,0.722,-6.66,3.17,13,1
P006,HRTF_B,5,0.736,-6.71,3.21,13,1
P006,HRTF_B,5,0.75,-6.76,3.24,13,1
P006,HRTF_B,5,0.764,-6.82,3.25,13,1
P006,HRTF_B,5,0.778,-6.89,3.28,13,1
P006,HRTF_B,5,0.792,-6.98,3.3,13,1
P006,HRTF_B,5,0.805,-7.07,3.34,13,1
P006,HRTF_B,5,0.819,-7.16,3.37,13,1
P006,HRTF_B,5,0.833,-7.25,3.43,13,1
P006,HRTF_B,5,0.847,-7.33,3.47,13,1
P006,HRTF_B,5,0.861,-7.41,3.51,13,1
P006,HRTF_B,5,0.875,-7.47,3.52,13,1
P006,HRTF_B,5,0.889,-7.52,3.5,13,1
P006,HRTF_B,5,0.903,-7.55,3.49,13,1
P006,HRTF_B,5,0.916,-7.53,3.51,13,1
P006,HRTF_B,5,0.931,-7.42,3.53,13,1
P006,HRTF_B,5,0.944,-7.21,3.55,13,1
P006,HRTF_B,5,0.958,-6.89,3.59,13,1
P006,HRTF_B,5,0.972,-6.55,3.65,13,1
P006,HRTF_B,5,0.986,-6.15,3.74,13,1
P006,HRTF_B,5,1.0,-5.78,3.84,13,1
P006,HRTF_B,5,1.014,-5.37,3.95,13,1
P006,HRTF_B,5,1.028,-4.9,4.0,13,1
P006,HRTF_B,5,1.042,-4.39,4.04,13,1
P006,HRTF_B,5,1.056,-3.81,4.09,13,1
P006,HRTF_B,5,1.069,-3.21,4.1,13,1
P006,HRTF_B,5,1.083,-2.57,4.14,13,1
P006,HRTF_B,5,1.097,-1.84,4.19,13,1
P006,HRTF_B,5,1.111,-1.14,4.25,13,1
P006,HRTF_B,5,1.125,-0.34,4.29,13,1
P006,HRTF_B,5,1.139,0.51,4.29,13,1
P006,HRTF_B,5,1.153,1.39,4.31,13,1
P006,HRTF_B,5,1.167,2.37,4.29,13,1
P006,HRTF_B,5,1.181,3.41,4.29,13,1
P006,HRTF_B,5,1.194,4.49,4.35,13,1
P006,HRTF_B,5,1.208,5.56,4.42,13,1
P006,HRTF_B,5,1.222,6.73,4.52,13,1
P006,HRTF_B,5,1.236,7.99,4.59,13,1
P006,HRTF_B,5,1.25,9.32,4.59,13,1
P006,HRTF_B,5,1.264,10.78,4.63,13,1
P006,HRTF_B,5,1.278,12.21,4.64,13,1
P006,HRTF_B,5,1.292,13.77,4.69,13,1
P006,HRTF_B,5,1.305,15.42,4.68,13,1
P006,HRTF_B,5,1.319,17.12,4.64,13,1
P006,HRTF_B,5,1.333,18.9,4.57,13,1
P006,HRTF_B,5,1.347,20.68,4.48,13,1
P006,HRTF_B,5,1.361,22.6,4.34,13,1
P006,HRTF_B,5,1.375,24.57,4.19,13,1
P006,HRTF_B,5,1.389,26.76,3.97,13,1
P006,HRTF_B,5,1.403,28.98,3.72,13,1
P006,HRTF_B,5,1.416,31.18,3.49,13,1
P006,HRTF_B,5,1.43,33.31,3.24,13,1
P006,HRTF_B,5,1.444,35.43,3.07,13,1
P006,HRTF_B,5,1.458,37.44,2.94,13,1
P006,HRTF_B,5,1.472,39.48,2.78,13,1
P006,HRTF_B,5,1.486,41.49,2.62,13,1
P006,HRTF_B,5,1.5,43.5,2.48,13,1
P006,HRTF_B,5,1.514,45.47,2.39,13,1
P006,HRTF_B,5,1.528,47.48,2.26,13,1
P006,HRTF_B,5,1.542,49.51,1.99,13,1
P006,HRTF_B,5,1.555,51.53,1.7,13,1
P006,HRTF_B,5,1.569,53.6,1.28,13,1
P006,HRTF_B,5,1.583,55.63,0.83,13,1
P006,HRTF_B,5,1.597,57.56,0.26,13,1
P006,HRTF_B,5,1.611,59.51,-0.42,13,1
P006,HRTF_B,5,1.625,61.36,-1.21,13,1
P006,HRTF_B,5,1.639,63.22,-1.88,13,1
P006,HRTF_B,5,1.653,65.1,-2.45,13,1
P006,HRTF_B,5,1.666,66.98,-2.89,13,1
P006,HRTF_B,5,1.68,68.78,-3.31,13,1
P006,HRTF_B,5,1.694,70.56,-3.74,13,1
P006,HRTF_B,5,1.708,72.26,-4.16,13,1
P006,HRTF_B,5,1.722,73.93,-4.5,13,1
P006,HRTF_B,5,1.736,75.53,-4.9,13,1
P006,HRTF_B,5,1.75,77.08,-5.38,13,1
P006,HRTF_B,5,1.764,78.58,-5.93,13,1
P006,HRTF_B,5,1.778,80.05,-6.46,13,1
P006,HRTF_B,5,1.792,81.47,-6.99,13,1
P006,HRTF_B,5,1.805,82.81,-7.63,13,1
P006,HRTF_B,5,1.819,84.07,-8.44,13,1
P006,HRTF_B,5,1.833,85.33,-9.15,13,1
P006,HRTF_B,5,1.847,86.54,-9.82,13,1
P006,HRTF_B,5,1.861,87.78,-10.45,13,1
P006,HRTF_B,5,1.875,88.92,-11.09,13,1
P006,HRTF_B,5,1.889,90.07,-11.82,13,1
P006,HRTF_B,5,1.903,91.18,-12.49,13,1
P006,HRTF_B,5,1.917,92.22,-13.1,13,1
P006,HRTF_B,5,1.931,93.26,-13.75,13,1
P006,HRTF_B,5,1.944,94.26,-14.54,13,1
P006,HRTF_B,5,1.958,95.31,-15.34,13,1
P006,HRTF_B,5,1.972,96.42,-16.01,13,1
P006,HRTF_B,5,1.986,97.56,-16.53,13,1
P006,HRTF_B,5,2.0,98.79,-16.92,13,1
P006,HRTF_B,5,2.014,100.04,-17.28,13,1
P006,HRTF_B,5,2.028,101.39,-17.38,13,1
P006,HRTF_B,5,2.041,102.67,-17.47,13,1
P006,HRTF_B,5,2.055,104.01,-17.44,13,1
P006,HRTF_B,5,2.069,105.41,-17.34,13,1
P006,HRTF_B,5,2.083,106.86,-17.31,13,1
P006,HRTF_B,5,2.097,108.29,-17.35,13,1
P006,HRTF_B,5,2.111,109.77,-17.42,13,1
P006,HRTF_B,5,2.125,111.33,-17.42,13,1
P006,HRTF_B,5,2.139,112.85,-17.31,13,1
P006,HRTF_B,5,2.153,114.34,-17.08,13,1
P006,HRTF_B,5,2.167,115.69,-16.74,13,1
P006,HRTF_B,5,2.18,117.01,-16.31,13,1
P006,HRTF_B,5,2.194,118.15,-15.81,13,1
P006,HRTF_B,5,2.208,119.25,-15.28,13,1
P006,HRTF_B,5,2.222,120.28,-14.77,13,1
P006,HRTF_B,5,2.236,121.13,-14.35,13,1
P006,HRTF_B,5,2.25,122.06,-14.04,13,1
P006,HRTF_B,5,2.264,122.82,-13.75,13,1
P006,HRTF_B,5,2.277,123.59,-13.37,13,1
P006,HRTF_B,5,2.292,124.28,-12.99,13,1
P006,HRTF_B,5,2.305,124.9,-12.6,13,1
P006,HRTF_B,5,2.319,125.48,-12.29,13,1
P006,HRTF_B,5,2.333,125.99,-12.06,13,1
P006,HRTF_B,5,2.347,126.48,-11.81,13,1
P006,HRTF_B,5,2.361,126.9,-11.53,13,1
P006,HRTF_B,5,2.375,127.26,-11.31,13,1
P006,HRTF_B,5,2.389,127.55,-11.06,13,1
P006,HRTF_B,5,2.403,127.73,-10.86,13,1
P006,HRTF_B,5,2.416,127.93,-10.68,13,1
P006,HRTF_B,5,2.43,128.05,-10.56,13,1
P006,HRTF_B,5,2.444,128.14,-10.42,13,1
P006,HRTF_B,5,2.458,128.2,-10.36,13,1
P006,HRTF_B,5,2.472,128.19,-10.32,13,1
P006,HRTF_B,5,2.486,128.18,-10.26,13,1
P006,HRTF_B,5,2.5,128.1,-10.17,13,1
P006,HRTF_B,5,2.514,128.0,-10.05,13,1
P006,HRTF_B,6,0.014,0.98,1.23,7,1
P006,HRTF_B,6,0.028,1.06,1.2,7,1
P006,HRTF_B,6,0.042,1.15,1.17,7,1
P006,HRTF_B,6,0.056,1.24,1.14,7,1
P006,HRTF_B,6,0.07,1.35,1.12,7,1
P006,HRTF_B,6,0.084,1.44,1.09,7,1
P006,HRTF_B,6,0.097,1.56,1.08,7,1
P006,HRTF_B,6,0.111,1.66,1.08,7,1
P006,HRTF_B,6,0.125,1.78,1.08,7,1
P006,HRTF_B,6,0.139,1.87,1.07,7,1
P006,HRTF_B,6,0.153,1.96,1.05,7,1
P006,HRTF_B,6,0.167,2.05,1.03,7,1
P006,HRTF_B,6,0.181,2.15,1.04,7,1
P006,HRTF_B,6,0.194,2.27,1.03,7,1
P006,HRTF_B,6,0.208,2.39,1.05,7,1
P006,HRTF_B,6,0.222,2.52,1.06,7,1
P006,HRTF_B,6,0.236,2.65,1.07,7,1
P006,HRTF_B,6,0.25,2.8,1.11,7,1
P006,HRTF_B,6,0.264,2.95,1.15,7,1
P006,HRTF_B,6,0.278,3.12,1.2,7,1
P006,HRTF_B,6,0.292,3.33,1.25,7,1
P006,HRTF_B,6,0.306,3.54,1.29,7,1
P006,HRTF_B,6,0.319,3.76,1.33,7,1
P006,HRTF_B,6,0.333,3.97,1.35,7,1
P006,HRTF_B,6,0.347,4.2,1.37,7,1
P006,HRTF_B,6,0.361,4.43,1.39,7,1
P006,HRTF_B,6,0.375,4.67,1.41,7,1
P006,HRTF_B,6,0.389,4.92,1.39,7,1
P006,HRTF_B,6,0.403,5.17,1.37,7,1
P006,HRTF_B,6,0.417,5.4,1.34,7,1
P006,HRTF_B,6,0.431,5.66,1.32,7,1
P006,HRTF_B,6,0.444,5.91,1.33,7,1
P006,HRTF_B,6,0.458,6.18,1.34,7,1
P006,HRTF_B,6,0.472,6.44,1.33,7,1
P006,HRTF_B,6,0.486,6.71,1.29,7,1
P006,HRTF_B,6,0.5,6.99,1.26,7,1
P006,HRTF_B,6,0.514,7.27,1.25,7,1
P006,HRTF_B,6,0.527,7.55,1.23,7,1
P006,HRTF_B,6,0.541,7.86,1.25,7,1
P006,HRTF_B,6,0.556,8.16,1.25,7,1
P006,HRTF_B,6,0.569,8.49,1.25,7,1
P006,HRTF_B,6,0.583,8.81,1.25,7,1
P006,HRTF_B,6,0.597,9.13,1.23,7,1
P006,HRTF_B,6,0.611,9.45,1.21,7,1
P006,HRTF_B,6,0.625,9.79,1.2,7,1
P006,HRTF_B,6,0.639,10.13,1.2,7,1
P006,HRTF_B,6,0.653,10.45,1.2,7,1
P006,HRTF_B,6,0.667,10.8,1.18,7,1
P006,HRTF_B,6,0.68,11.15,1.18,7,1
P006,HRTF_B,6,0.694,11.49,1.18,7,1
P006,HRTF_B,6,0.708,11.82,1.15,7,1
P006,HRTF_B,6,0.722,12.15,1.14,7,1
P006,HRTF_B,6,0.736,12.5,1.12,7,1
P006,HRTF_B,6,0.75,12.81,1.1,7,1
P006,HRTF_B,6,0.764,13.14,1.12,7,1
P006,HRTF_B,6,0.778,13.47,1.06,7,1
P006,HRTF_B,6,0.792,13.77,1.04,7,1
P006,HRTF_B,6,0.806,14.11,0.98,7,1
P006,HRTF_B,6,0.819,14.43,0.98,7,1
P006,HRTF_B,6,0.833,14.79,0.95,7,1
P006,HRTF_B,6,0.847,15.23,0.95,7,1
P006,HRTF_B,6,0.861,15.71,0.94,7,1
P006,HRTF_B,6,0.875,16.19,0.94,7,1
P006,HRTF_B,6,0.889,16.66,0.94,7,1
P006,HRTF_B,6,0.903,17.18,0.99,7,1
P006,HRTF_B,6,0.917,17.76,1.05,7,1
P006,HRTF_B,6,0.93,18.42,1.07,7,1
P006,HRTF_B,6,0.944,19.11,1.12,7,1
P006,HRTF_B,6,0.958,19.92,1.16,7,1
P006,HRTF_B,6,0.972,20.78,1.21,7,1
P006,HRTF_B,6,0.986,21.63,1.21,7,1
P006,HRTF_B,6,1.0,22.59,1.23,7,1
P006,HRTF_B,6,1.014,23.55,1.26,7,1
P006,HRTF_B,6,1.028,24.56,1.29,7,1
P006,HRTF_B,6,1.042,25.64,1.29,7,1
P006,HRTF_B,6,1.056,26.74,1.33,7,1
P006,HRTF_B,6,1.069,27.88,1.37,7,1
P006,HRTF_B,6,1.083,29.06,1.39,7,1
P006,HRTF_B,6,1.097,30.23,1.36,7,1
P006,HRTF_B,6,1.111,31.39,1.29,7,1
P006,HRTF_B,6,1.125,32.52,1.23,7,1
P006,HRTF_B,6,1.139,33.66,1.21,7,1
P006,HRTF_B,6,1.153,34.84,1.17,7,1
P006,HRTF_B,6,1.167,36.02,1.2,7,1
P006,HRTF_B,6,1.18,37.21,1.24,7,1
P006,HRTF_B,6,1.194,38.42,1.3,7,1
P006,HRTF_B,6,1.208,39.67,1.33,7,1
P006,HRTF_B,6,1.222,40.86,1.42,7,1
P006,HRTF_B,6,1.236,42.1,1.49,7,1
P006,HRTF_B,6,1.25,43.36,1.55,7,1
P006,HRTF_B,6,1.264,44.68,1.6,7,1
P006,HRTF_B,6,1.278,46.0,1.7,7,1
P006,HRTF_B,6,1.292,47.37,1.78,7,1
P006,HRTF_B,6,1.305,48.75,1.87,7,1
P006,HRTF_B,7,0.014,0.81,3.85,25,1
P006,HRTF_B,7,0.028,0.98,3.84,25,1
P006,HRTF_B,7,0.042,1.14,3.82,25,1
P006,HRTF_B,7,0.056,1.28,3.8,25,1
P006,HRTF_B,7,0.069,1.42,3.81,25,1
P006,HRTF_B,7,0.083,1.56,3.8,25,1
P006,HRTF_B,7,0.097,1.69,3.8,25,1
P006,HRTF_B,7,0.111,1.83,3.79,25,1
P006,HRTF_B,7,0.125,1.95,3.76,25,1
P006,HRTF_B,7,0.139,2.06,3.74,25,1
P006,HRTF_B,7,0.153,2.16,3.71,25,1
P006,HRTF_B,7,0.167,2.25,3.71,25,1
P006,HRTF_B,7,0.18,2.33,3.69,25,1
P006,HRTF_B,7,0.195,2.4,3.68,25,1
P006,HRTF_B,7,0.208,2.46,3.67,25,1
P006,HRTF_B,7,0.222,2.53,3.66,25,1
P006,HRTF_B,7,0.236,2.6,3.64,25,1
P006,HRTF_B,7,0.25,2.66,3.62,25,1
P006,HRTF_B,7,0.264,2.72,3.58,25,1
P006,HRTF_B,7,0.278,2.78,3.53,25,1
P006,HRTF_B,7,0.292,2.84,3.48,25,1
P006,HRTF_B,7,0.306,2.9,3.45,25,1
P006,HRTF_B,7,0.319,2.95,3.43,25,1
P006,HRTF_B,7,0.333,3.02,3.41,25,1
P006,HRTF_B,7,0.347,3.11,3.41,25,1
P006,HRTF_B,7,0.361,3.19,3.39,25,1
P006,HRTF_B,7,0.375,3.28,3.39,25,1
P006,HRTF_B,7,0.389,3.37,3.4,25,1
P006,HRTF_B,7,0.403,3.46,3.4,25,1
P006,HRTF_B,7,0.417,3.54,3.39,25,1
P006,HRTF_B,7,0.431,3.62,3.39,25,1
P006,HRTF_B,7,0.444,3.68,3.36,25,1
P006,HRTF_B,7,0.458,3.73,3.35,25,1
P006,HRTF_B,7,0.472,3.8,3.35,25,1
P006,HRTF_B,7,0.486,3.83,3.35,25,1
P006,HRTF_B,7,0.5,3.87,3.36,25,1
P006,HRTF_B,7,0.514,3.9,3.36,25,1
P006,HRTF_B,7,0.528,3.9,3.36,25,1
P006,HRTF_B,7,0.541,3.9,3.35,25,1
P006,HRTF_B,7,0.555,3.9,3.35,25,1
P006,HRTF_B,7,0.569,3.9,3.35,25,1
P006,HRTF_B,7,0.583,3.88,3.36,25,1
P006,HRTF_B,7,0.597,3.85,3.36,25,1
P006,HRTF_B,7,0.611,3.82,3.37,25,1
P006,HRTF_B,7,0.625,3.78,3.37,25,1
P006,HRTF_B,7,0.639,3.74,3.38,25,1
P006,HRTF_B,7,0.652,3.71,3.35,25,1
P006,HRTF_B,7,0.666,3.68,3.33,25,1
P006,HRTF_B,7,0.68,3.68,3.32,25,1
P006,HRTF_B,7,0.694,3.68,3.33,25,1
P006,HRTF_B,7,0.708,3.69,3.32,25,1
P006,HRTF_B,7,0.722,3.69,3.32,25,1
P006,HRTF_B,7,0.736,3.69,3.33,25,1
P006,HRTF_B,7,0.75,3.69,3.34,25,1
P006,HRTF_B,7,0.764,3.69,3.35,25,1
P006,HRTF_B,7,0.778,3.71,3.36,25,1
P006,HRTF_B,7,0.791,3.7,3.36,25,1
P006,HRTF_B,7,0.805,3.7,3.39,25,1
P006,HRTF_B,7,0.819,3.7,3.38,25,1
P006,HRTF_B,7,0.833,3.68,3.4,25,1
P006,HRTF_B,7,0.847,3.66,3.4,25,1
P006,HRTF_B,7,0.861,3.65,3.42,25,1
P006,HRTF_B,7,0.875,3.62,3.41,25,1
P006,HRTF_B,7,0.889,3.6,3.41,25,1
P006,HRTF_B,7,0.903,3.56,3.42,25,1
P006,HRTF_B,7,0.916,3.55,3.43,25,1
P006,HRTF_B,7,0.93,3.5,3.45,25,1
P006,HRTF_B,7,0.944,3.45,3.47,25,1
P006,HRTF_B,7,0.958,3.41,3.47,25,1
P006,HRTF_B,7,0.972,3.34,3.48,25,1
P006,HRTF_B,7,0.986,3.28,3.48,25,1
P006,HRTF_B,7,1.0,3.18,3.49,25,1
P006,HRTF_B,7,1.014,3.07,3.51,25,1
P006,HRTF_B,7,1.027,2.96,3.53,25,1
P006,HRTF_B,7,1.042,2.81,3.58,25,1
P006,HRTF_B,7,1.055,2.66,3.61,25,1
P006,HRTF_B,7,1.069,2.46,3.65,25,1
P006,HRTF_B,7,1.083,2.23,3.69,25,1
P006,HRTF_B,7,1.097,1.97,3.75,25,1
P006,HRTF_B,7,1.111,1.69,3.78,25,1
P006,HRTF_B,7,1.125,1.39,3.78,25,1
P006,HRTF_B,7,1.138,1.09,3.77,25,1
P006,HRTF_B,7,1.152,0.76,3.76,25,1
P006,HRTF_B,7,1.166,0.43,3.75,25,1
P006,HRTF_B,7,1.18,0.07,3.74,25,1
P006,HRTF_B,7,1.194,-0.32,3.69,25,1
P006,HRTF_B,7,1.208,-0.72,3.68,25,1
P006,HRTF_B,7,1.222,-1.21,3.69,25,1
P006,HRTF_B,7,1.236,-1.75,3.7,25,1
P006,HRTF_B,7,1.25,-2.34,3.7,25,1
P006,HRTF_B,7,1.264,-2.99,3.74,25,1
P006,HRTF_B,7,1.278,-3.74,3.74,25,1
P006,HRTF_B,7,1.291,-4.48,3.7,25,1
P006,HRTF_B,7,1.305,-5.29,3.65,25,1
P006,HRTF_B,7,1.319,-6.15,3.61,25,1
P006,HRTF_B,7,1.333,-7.1,3.52,25,1
P006,HRTF_B,7,1.347,-8.1,3.43,25,1
P006,HRTF_B,7,1.361,-9.21,3.36,25,1
P006,HRTF_B,7,1.375,-10.24,3.33,25,1
P006,HRTF_B,7,1.389,-11.47,3.34,25,1
P006,HRTF_B,7,1.402,-12.71,3.26,25,1
P006,HRTF_B,7,1.416,-14.06,3.16,25,1
P006,HRTF_B,7,1.43,-15.45,3.01,25,1
P006,HRTF_B,7,1.444,-17.0,2.87,25,1
P006,HRTF_B,7,1.458,-18.65,2.8,25,1
P006,HRTF_B,7,1.472,-20.3,2.81,25,1
P006,HRTF_B,7,1.486,-22.03,2.8,25,1
P006,HRTF_B,7,1.5,-23.84,2.76,25,1
P006,HRTF_B,7,1.514,-25.61,2.76,25,1
P006,HRTF_B,7,1.528,-27.38,2.73,25,1
P006,HRTF_B,7,1.541,-29.22,2.68,25,1
P006,HRTF_B,7,1.555,-30.98,2.55,25,1
P006,HRTF_B,7,1.569,-32.79,2.38,25,1
P006,HRTF_B,7,1.583,-34.56,2.16,25,1
P006,HRTF_B,7,1.597,-36.34,1.87,25,1
P006,HRTF_B,7,1.611,-38.09,1.6,25,1
P006,HRTF_B,7,1.625,-39.85,1.24,25,1
P006,HRTF_B,7,1.638,-41.57,0.96,25,1
P006,HRTF_B,7,1.652,-43.26,0.72,25,1
P006,HRTF_B,7,1.666,-44.85,0.46,25,1
P006,HRTF_B,7,1.68,-46.38,0.18,25,1
P006,HRTF_B,7,1.694,-47.89,-0.12,25,1
P006,HRTF_B,7,1.708,-49.41,-0.32,25,1
P006,HRTF_B,7,1.722,-50.94,-0.41,25,1
P006,HRTF_B,7,1.736,-52.39,-0.44,25,1
P006,HRTF_B,7,1.75,-53.81,-0.47,25,1
P006,HRTF_B,7,1.764,-55.22,-0.53,25,1
P006,HRTF_B,7,1.777,-56.69,-0.63,25,1
P006,HRTF_B,7,1.791,-58.15,-0.78,25,1
P006,HRTF_B,7,1.805,-59.62,-0.86,25,1
P006,HRTF_B,7,1.819,-61.02,-0.9,25,1
P006,HRTF_B,7,1.833,-62.39,-0.93,25,1
P006,HRTF_B,7,1.847,-63.66,-0.9,25,1
P006,HRTF_B,7,1.861,-64.87,-0.86,25,1
P006,HRTF_B,7,1.875,-66.08,-0.84,25,1
P006,HRTF_B,7,1.888,-67.22,-0.81,25,1
P006,HRTF_B,7,1.902,-68.47,-0.83,25,1
P006,HRTF_B,7,1.916,-69.65,-0.84,25,1
P006,HRTF_B,7,1.93,-70.85,-0.78,25,1
P006,HRTF_B,7,1.944,-71.92,-0.67,25,1
P006,HRTF_B,7,1.958,-73.0,-0.56,25,1
P006,HRTF_B,7,1.972,-74.02,-0.48,25,1
P006,HRTF_B,7,1.986,-75.03,-0.4,25,1
P006,HRTF_B,7,1.999,-75.96,-0.28,25,1
P006,HRTF_B,7,2.013,-76.79,-0.08,25,1
P006,HRTF_B,7,2.027,-77.5,0.11,25,1
P006,HRTF_B,7,2.041,-78.19,0.29,25,1
P006,HRTF_B,7,2.055,-78.75,0.41,25,1
P006,HRTF_B,7,2.069,-79.23,0.53,25,1
P006,HRTF_B,7,2.083,-79.65,0.65,25,1
P006,HRTF_B,7,2.097,-80.14,0.72,25,1
P006,HRTF_B,7,2.111,-80.65,0.78,25,1
P006,HRTF_B,7,2.125,-81.14,0.79,25,1
P006,HRTF_B,7,2.139,-81.66,0.76,25,1
P006,HRTF_B,7,2.152,-82.17,0.78,25,1
P006,HRTF_B,7,2.166,-82.59,0.77,25,1
P006,HRTF_B,7,2.18,-83.03,0.8,25,1
P006,HRTF_B,7,2.194,-83.45,0.83,25,1
P006,HRTF_B,7,2.208,-83.87,0.84,25,1
P006,HRTF_B,7,2.222,-84.31,0.81,25,1
P006,HRTF_B,7,2.236,-84.76,0.77,25,1
P006,HRTF_B,7,2.25,-85.16,0.73,25,1
P006,HRTF_B,7,2.264,-85.57,0.77,25,1
P006,HRTF_B,7,2.277,-85.92,0.82,25,1
P006,HRTF_B,7,2.291,-86.22,0.89,25,1
P006,HRTF_B,7,2.305,-86.52,0.87,25,1
P006,HRTF_B,7,2.319,-86.78,0.87,25,1
P006,HRTF_B,7,2.333,-87.01,0.85,25,1
P006,HRTF_B,7,2.347,-87.19,0.82,25,1
P006,HRTF_B,7,2.361,-87.32,0.86,25,1
P006,HRTF_B,7,2.374,-87.44,0.91,25,1
P006,HRTF_B,7,2.389,-87.57,0.94,25,1
P006,HRTF_B,7,2.402,-87.68,1.02,25,1
P006,HRTF_B,7,2.416,-87.75,1.15,25,1
P006,HRTF_B,8,0.014,4.3,1.77,21,1
P006,HRTF_B,8,0.028,4.57,1.75,21,1
P006,HRTF_B,8,0.042,4.84,1.73,21,1
P006,HRTF_B,8,0.055,5.03,1.75,21,1
P006,HRTF_B,8,0.07,5.21,1.72,21,1
P006,HRTF_B,8,0.083,5.38,1.71,21,1
P006,HRTF_B,8,0.097,5.53,1.67,21,1
P006,HRTF_B,8,0.111,5.67,1.62,21,1
P006,HRTF_B,8,0.125,5.83,1.58,21,1
P006,HRTF_B,8,0.139,5.96,1.55,21,1
P006,HRTF_B,8,0.153,6.11,1.52,21,1
P006,HRTF_B,8,0.167,6.24,1.51,21,1
P006,HRTF_B,8,0.18,6.35,1.5,21,1
P006,HRTF_B,8,0.194,6.45,1.46,21,1
P006,HRTF_B,8,0.208,6.58,1.42,21,1
P006,HRTF_B,8,0.222,6.68,1.37,21,1
P006,HRTF_B,8,0.236,6.82,1.32,21,1
P006,HRTF_B,8,0.25,6.92,1.26,21,1
P006,HRTF_B,8,0.263,7.03,1.22,21,1
P006,HRTF_B,8,0.278,7.12,1.2,21,1
P006,HRTF_B,8,0.291,7.21,1.18,21,1
P006,HRTF_B,8,0.305,7.32,1.16,21,1
P006,HRTF_B,8,0.319,7.42,1.15,21,1
P006,HRTF_B,8,0.333,7.54,1.13,21,1
P006,HRTF_B,8,0.347,7.66,1.12,21,1
P006,HRTF_B,8,0.361,7.79,1.13,21,1
P006,HRTF_B,8,0.375,7.94,1.11,21,1
P006,HRTF_B,8,0.389,8.09,1.11,21,1
P006,HRTF_B,8,0.403,8.23,1.1,21,1
P006,HRTF_B,8,0.416,8.38,1.12,21,1
P006,HRTF_B,8,0.43,8.52,1.14,21,1
P006,HRTF_B,8,0.444,8.65,1.15,21,1
P006,HRTF_B,8,0.458,8.75,1.18,21,1
P006,HRTF_B,8,0.472,8.83,1.19,21,1
P006,HRTF_B,8,0.486,8.89,1.21,21,1
P006,HRTF_B,8,0.5,8.9,1.23,21,1
P006,HRTF_B,8,0.514,8.92,1.25,21,1
P006,HRTF_B,8,0.528,8.9,1.27,21,1
P006,HRTF_B,8,0.541,8.86,1.3,21,1
P006,HRTF_B,8,0.555,8.79,1.31,21,1
P006,HRTF_B,8,0.569,8.71,1.33,21,1
P006,HRTF_B,8,0.583,8.57,1.35,21,1
P006,HRTF_B,8,0.597,8.46,1.36,21,1
P006,HRTF_B,8,0.611,8.31,1.35,21,1
P006,HRTF_B,8,0.625,8.16,1.36,21,1
P006,HRTF_B,8,0.639,8.01,1.37,21,1
P006,HRTF_B,8,0.653,7.86,1.39,21,1
P006,HRTF_B,8,0.667,7.7,1.41,21,1
P006,HRTF_B,8,0.681,7.56,1.43,21,1
P006,HRTF_B,8,0.694,7.41,1.43,21,1
P006,HRTF_B,8,0.708,7.25,1.44,21,1
P006,HRTF_B,8,0.722,7.1,1.43,21,1
P006,HRTF_B,8,0.736,6.93,1.4,21,1
P006,HRTF_B,8,0.75,6.8,1.38,21,1
P006,HRTF_B,8,0.764,6.66,1.35,21,1
P006,HRTF_B,8,0.778,6.52,1.35,21,1
P006,HRTF_B,8,0.791,6.39,1.35,21,1
P006,HRTF_B,8,0.805,6.25,1.36,21,1
P006,HRTF_B,8,0.819,6.12,1.34,21,1
P006,HRTF_B,8,0.833,5.94,1.35,21,1
P006,HRTF_B,8,0.847,5.76,1.35,21,1
P006,HRTF_B,8,0.861,5.52,1.34,21,1
P006,HRTF_B,8,0.875,5.3,1.35,21,1
P006,HRTF_B,8,0.888,5.04,1.37,21,1
P006,HRTF_B,8,0.902,4.77,1.39,21,1
P006,HRTF_B,8,0.916,4.47,1.4,21,1
P006,HRTF_B,8,0.93,4.13,1.36,21,1
P006,HRTF_B,8,0.944,3.77,1.35,21,1
P006,HRTF_B,8,0.958,3.32,1.34,21,1
P006,HRTF_B,8,0.972,2.83,1.31,21,1
P006,HRTF_B,8,0.986,2.28,1.34,21,1
P006,HRTF_B,8,1.0,1.59,1.37,21,1
P006,HRTF_B,8,1.014,1.01,1.33,21,1
P006,HRTF_B,8,1.027,0.26,1.33,21,1
P006,HRTF_B,8,1.041,-0.55,1.37,21,1
P006,HRTF_B,8,1.055,-1.44,1.38,21,1
P006,HRTF_B,8,1.069,-2.34,1.39,21,1
P006,HRTF_B,8,1.083,-3.37,1.41,21,1
P006,HRTF_B,8,1.097,-4.45,1.39,21,1
P006,HRTF_B,8,1.111,-5.6,1.37,21,1
P006,HRTF_B,8,1.125,-6.94,1.31,21,1
P006,HRTF_B,8,1.139,-8.3,1.21,21,1
P006,HRTF_B,8,1.152,-9.68,1.21,21,1
P006,HRTF_B,8,1.166,-11.07,1.15,21,1
P006,HRTF_B,8,1.18,-12.52,1.11,21,1
P006,HRTF_B,8,1.194,-14.05,1.01,21,1
P006,HRTF_B,8,1.208,-15.59,0.88,21,1
P006,HRTF_B,8,1.222,-17.15,0.81,21,1
P006,HRTF_B,8,1.236,-18.68,0.71,21,1
P006,HRTF_B,8,1.25,-20.3,0.66,21,1
P006,HRTF_B,8,1.264,-21.92,0.61,21,1
P006,HRTF_B,8,1.277,-23.56,0.53,21,1
P006,HRTF_B,8,1.291,-25.23,0.47,21,1
P006,HRTF_B,8,1.305,-26.88,0.45,21,1
P006,HRTF_B,8,1.319,-28.52,0.44,21,1
P006,HRTF_B,8,1.333,-30.15,0.45,21,1
P006,HRTF_B,8,1.347,-31.78,0.46,21,1
P006,HRTF_B,8,1.361,-33.44,0.52,21,1
P006,HRTF_B,8,1.375,-35.07,0.55,21,1
P006,HRTF_B,8,1.388,-36.72,0.57,21,1
P006,HRTF_B,8,1.402,-38.33,0.62,21,1
P006,HRTF_B,8,1.416,-39.97,0.63,21,1
P006,HRTF_B,8,1.43,-41.67,0.5,21,1
P006,HRTF_B,8,1.444,-43.4,0.37,21,1
P006,HRTF_B,8,1.458,-45.14,0.26,21,1
P006,HRTF_B,8,1.472,-46.85,0.3,21,1
P006,HRTF_B,8,1.486,-48.57,0.38,21,1
P006,HRTF_B,8,1.5,-50.33,0.45,21,1
P006,HRTF_B,8,1.514,-52.14,0.48,21,1
P006,HRTF_B,8,1.527,-53.95,0.49,21,1
P006,HRTF_B,8,1.541,-55.76,0.51,21,1
P006,HRTF_B,8,1.555,-57.53,0.56,21,1
P006,HRTF_B,8,1.569,-59.26,0.58,21,1
P006,HRTF_B,8,1.583,-60.99,0.57,21,1
P006,HRTF_B,8,1.597,-62.74,0.5,21,1
P006,HRTF_B,8,1.611,-64.45,0.43,21,1
P006,HRTF_B,8,1.625,-66.11,0.37,21,1
P006,HRTF_B,8,1.639,-67.75,0.31,21,1
P006,HRTF_B,8,1.652,-69.3,0.31,21,1
P006,HRTF_B,8,1.666,-70.85,0.23,21,1
P006,HRTF_B,8,1.68,-72.31,0.17,21,1
P006,HRTF_B,8,1.694,-73.75,0.08,21,1
P006,HRTF_B,8,1.708,-75.13,0.01,21,1
P006,HRTF_B,8,1.722,-76.51,-0.08,21,1
P006,HRTF_B,8,1.736,-77.91,-0.14,21,1
P006,HRTF_B,8,1.75,-79.26,-0.21,21,1
P006,HRTF_B,8,1.764,-80.62,-0.27,21,1
P006,HRTF_B,8,1.778,-81.96,-0.3,21,1
P006,HRTF_B,8,1.791,-83.29,-0.35,21,1
P006,HRTF_B,8,1.805,-84.69,-0.42,21,1
P006,HRTF_B,8,1.819,-86.09,-0.5,21,1
P006,HRTF_B,8,1.833,-87.49,-0.54,21,1
P006,HRTF_B,8,1.846,-88.87,-0.57,21,1
P006,HRTF_B,8,1.861,-90.2,-0.59,21,1
P006,HRTF_B,8,1.875,-91.53,-0.6,21,1
P006,HRTF_B,8,1.888,-92.77,-0.59,21,1
P006,HRTF_B,8,1.902,-93.99,-0.63,21,1
P006,HRTF_B,8,1.916,-95.12,-0.65,21,1
P006,HRTF_B,8,1.93,-96.3,-0.67,21,1
P006,HRTF_B,8,1.944,-97.34,-0.72,21,1
P006,HRTF_B,8,1.958,-98.32,-0.75,21,1
P006,HRTF_B,8,1.972,-99.21,-0.82,21,1
P006,HRTF_B,8,1.986,-100.03,-0.9,21,1
P006,HRTF_B,8,1.999,-100.82,-0.98,21,1
P006,HRTF_B,8,2.014,-101.47,-1.0,21,1
P006,HRTF_B,8,2.027,-102.07,-1.02,21,1
P006,HRTF_B,8,2.041,-102.58,-1.01,21,1
P006,HRTF_B,8,2.055,-103.0,-0.96,21,1
P006,HRTF_B,8,2.069,-103.39,-0.94,21,1
P006,HRTF_B,8,2.083,-103.63,-0.9,21,1
P006,HRTF_B,8,2.097,-103.87,-0.87,21,1
P006,HRTF_B,8,2.11,-103.9,-0.84,21,1
P006,HRTF_B,9,0.014,-3.57,2.34,9,1
P006,HRTF_B,9,0.027,-3.67,2.37,9,1
P006,HRTF_B,9,0.041,-3.73,2.39,9,1
P006,HRTF_B,9,0.055,-3.73,2.42,9,1
P006,HRTF_B,9,0.069,-3.67,2.42,9,1
P006,HRTF_B,9,0.083,-3.62,2.43,9,1
P006,HRTF_B,9,0.097,-3.51,2.44,9,1
P006,HRTF_B,9,0.111,-3.39,2.44,9,1
P006,HRTF_B,9,0.125,-3.29,2.42,9,1
P006,HRTF_B,9,0.139,-3.19,2.4,9,1
P006,HRTF_B,9,0.153,-3.1,2.37,9,1
P006,HRTF_B,9,0.166,-3.01,2.33,9,1
P006,HRTF_B,9,0.18,-2.92,2.26,9,1
P006,HRTF_B,9,0.194,-2.87,2.21,9,1
P006,HRTF_B,9,0.208,-2.83,2.14,9,1
P006,HRTF_B,9,0.222,-2.82,2.08,9,1
P006,HRTF_B,9,0.236,-2.8,2.04,9,1
P006,HRTF_B,9,0.25,-2.79,2.01,9,1
P006,HRTF_B,9,0.264,-2.83,1.97,9,1
P006,HRTF_B,9,0.277,-2.87,1.92,9,1
P006,HRTF_B,9,0.291,-2.93,1.85,9,1
P006,HRTF_B,9,0.305,-3.0,1.8,9,1
P006,HRTF_B,9,0.319,-3.07,1.77,9,1
P006,HRTF_B,9,0.333,-3.15,1.73,9,1
P006,HRTF_B,9,0.347,-3.21,1.7,9,1
P006,HRTF_B,9,0.361,-3.28,1.7,9,1
P006,HRTF_B,9,0.375,-3.34,1.67,9,1
P006,HRTF_B,9,0.388,-3.41,1.65,9,1
P006,HRTF_B,9,0.402,-3.45,1.63,9,1
P006,HRTF_B,9,0.416,-3.52,1.65,9,1
P006,HRTF_B,9,0.43,-3.55,1.65,9,1
P006,HRTF_B,9,0.444,-3.58,1.67,9,1
P006,HRTF_B,9,0.458,-3.6,1.68,9,1
P006,HRTF_B,9,0.472,-3.6,1.68,9,1
P006,HRTF_B,9,0.486,-3.6,1.72,9,1
P006,HRTF_B,9,0.5,-3.56,1.76,9,1
P006,HRTF_B,9,0.513,-3.52,1.79,9,1
P006,HRTF_B,9,0.527,-3.49,1.79,9,1
P006,HRTF_B,9,0.541,-3.48,1.75,9,1
P006,HRTF_B,9,0.555,-3.49,1.67,9,1
P006,HRTF_B,9,0.569,-3.51,1.61,9,1
P006,HRTF_B,9,0.583,-3.52,1.56,9,1
P006,HRTF_B,9,0.597,-3.53,1.52,9,1
P006,HRTF_B,9,0.611,-3.52,1.47,9,1
P006,HRTF_B,9,0.624,-3.45,1.44,9,1
P006,HRTF_B,9,0.638,-3.37,1.4,9,1
P006,HRTF_B,9,0.652,-3.24,1.4,9,1
P006,HRTF_B,9,0.666,-3.1,1.39,9,1
P006,HRTF_B,9,0.68,-2.96,1.34,9,1
P006,HRTF_B,9,0.694,-2.77,1.31,9,1
P006,HRTF_B,9,0.708,-2.56,1.27,9,1
P006,HRTF_B,9,0.722,-2.3,1.22,9,1
P006,HRTF_B,9,0.736,-2.01,1.2,9,1
P006,HRTF_B,9,0.75,-1.69,1.19,9,1
P006,HRTF_B,9,0.763,-1.4,1.17,9,1
P006,HRTF_B,9,0.777,-1.09,1.16,9,1
P006,HRTF_B,9,0.791,-0.81,1.17,9,1
P006,HRTF_B,9,0.805,-0.52,1.15,9,1
P006,HRTF_B,9,0.819,-0.26,1.17,9,1
P006,HRTF_B,9,0.833,0.01,1.15,9,1
P006,HRTF_B,9,0.847,0.31,1.14,9,1
P006,HRTF_B,9,0.861,0.63,1.15,9,1
P006,HRTF_B,9,0.874,1.05,1.12,9,1
P006,HRTF_B,9,0.888,1.6,1.09,9,1
P006,HRTF_B,9,0.902,2.13,1.07,9,1
P006,HRTF_B,9,0.916,3.04,1.02,9,1
P006,HRTF_B,9,0.93,3.85,1.0,9,1
P006,HRTF_B,9,0.944,4.72,1.02,9,1
P006,HRTF_B,9,0.958,5.79,1.06,9,1
P006,HRTF_B,9,0.971,6.92,1.05,9,1
P006,HRTF_B,9,0.985,8.18,1.09,9,1
P006,HRTF_B,9,0.999,9.67,1.12,9,1
P006,HRTF_B,9,1.013,11.28,1.12,9,1
P006,HRTF_B,9,1.027,13.11,1.09,9,1
P006,HRTF_B,9,1.041,15.11,1.06,9,1
P006,HRTF_B,9,1.055,17.36,1.01,9,1
P006,HRTF_B,9,1.069,19.99,0.92,9,1
P006,HRTF_B,9,1.082,22.67,0.88,9,1
P006,HRTF_B,9,1.096,25.33,0.76,9,1
P006,HRTF_B,9,1.11,28.01,0.58,9,1
P006,HRTF_B,9,1.124,30.64,0.33,9,1
P006,HRTF_B,9,1.138,33.26,0.04,9,1
P006,HRTF_B,9,1.152,35.77,-0.4,9,1
P006,HRTF_B,9,1.166,38.25,-0.76,9,1
P006,HRTF_B,9,1.18,40.67,-1.17,9,1
P006,HRTF_B,9,1.194,43.13,-1.56,9,1
P006,HRTF_B,9,1.208,45.55,-1.94,9,1
P006,HRTF_B,9,1.221,47.9,-2.25,9,1
P006,HRTF_B,9,1.235,50.2,-2.55,9,1
P006,HRTF_B,9,1.249,52.52,-2.78,9,1
P006,HRTF_B,9,1.263,54.82,-3.04,9,1
P006,HRTF_B,9,1.278,57.04,-3.27,9,1
P006,HRTF_B,9,1.291,59.17,-3.47,9,1
P006,HRTF_B,9,1.305,61.13,-3.71,9,1
P006,HRTF_B,9,1.319,62.97,-3.89,9,1
P006,HRTF_B,9,1.332,64.77,-4.07,9,1
P006,HRTF_B,9,1.347,66.48,-4.25,9,1
P006,HRTF_B,9,1.36,68.06,-4.38,9,1
P006,HRTF_B,9,1.374,69.51,-4.45,9,1
P006,HRTF_B,9,1.388,70.98,-4.51,9,1
P006,HRTF_B,9,1.402,72.32,-4.51,9,1
P006,HRTF_B,9,1.416,73.81,-4.54,9,1
P006,HRTF_B,9,1.43,75.31,-4.45,9,1
P006,HRTF_B,9,1.444,76.8,-4.37,9,1
P006,HRTF_B,9,1.458,78.19,-4.15,9,1
P006,HRTF_B,9,1.471,79.52,-3.94,9,1
P006,HRTF_B,9,1.485,80.87,-3.73,9,1
P006,HRTF_B,9,1.499,82.27,-3.49,9,1
P006,HRTF_B,9,1.513,83.66,-3.15,9,1
P006,HRTF_B,9,1.527,85.05,-2.74,9,1
P006,HRTF_B,9,1.541,86.36,-2.3,9,1
P006,HRTF_B,9,1.555,87.67,-1.93,9,1
P006,HRTF_B,9,1.569,88.91,-1.58,9,1
P006,HRTF_B,9,1.582,90.04,-1.32,9,1
P006,HRTF_B,10,0.014,1.53,3.68,31,1
P006,HRTF_B,10,0.027,1.16,3.64,31,1
P006,HRTF_B,10,0.041,0.78,3.65,31,1
P006,HRTF_B,10,0.056,0.45,3.65,31,1
P006,HRTF_B,10,0.069,0.14,3.65,31,1
P006,HRTF_B,10,0.083,-0.16,3.62,31,1
P006,HRTF_B,10,0.097,-0.45,3.59,31,1
P006,HRTF_B,10,0.111,-0.68,3.57,31,1
P006,HRTF_B,10,0.125,-0.92,3.55,31,1
P006,HRTF_B,10,0.139,-1.11,3.5,31,1
P006,HRTF_B,10,0.153,-1.31,3.47,31,1
P006,HRTF_B,10,0.167,-1.47,3.43,31,1
P006,HRTF_B,10,0.18,-1.63,3.42,31,1
P006,HRTF_B,10,0.194,-1.77,3.38,31,1
P006,HRTF_B,10,0.208,-1.88,3.32,31,1
P006,HRTF_B,10,0.222,-1.98,3.27,31,1
P006,HRTF_B,10,0.236,-2.05,3.22,31,1
P006,HRTF_B,10,0.25,-2.13,3.16,31,1
P006,HRTF_B,10,0.264,-2.19,3.09,31,1
P006,HRTF_B,10,0.277,-2.26,3.02,31,1
P006,HRTF_B,10,0.291,-2.33,2.93,31,1
P006,HRTF_B,10,0.305,-2.37,2.86,31,1
P006,HRTF_B,10,0.319,-2.42,2.81,31,1
P006,HRTF_B,10,0.333,-2.48,2.72,31,1
P006,HRTF_B,10,0.347,-2.53,2.62,31,1
P006,HRTF_B,10,0.361,-2.58,2.6,31,1
P006,HRTF_B,10,0.375,-2.64,2.54,31,1
P006,HRTF_B,10,0.389,-2.69,2.47,31,1
P006,HRTF_B,10,0.402,-2.74,2.46,31,1
P006,HRTF_B,10,0.416,-2.77,2.46,31,1
P006,HRTF_B,10,0.43,-2.81,2.45,31,1
P006,HRTF_B,10,0.444,-2.83,2.43,31,1
P006,HRTF_B,10,0.458,-2.85,2.43,31,1
P006,HRTF_B,10,0.472,-2.85,2.44,31,1
P006,HRTF_B,10,0.486,-2.87,2.44,31,1
P006,HRTF_B,10,0.5,-2.86,2.44,31,1
P006,HRTF_B,10,0.514,-2.85,2.43,31,1
P006,HRTF_B,10,0.527,-2.83,2.41,31,1
P006,HRTF_B,10,0.541,-2.77,2.36,31,1
P006,HRTF_B,10,0.555,-2.73,2.32,31,1
P006,HRTF_B,10,0.569,-2.66,2.25,31,1
P006,HRTF_B,10,0.583,-2.61,2.22,31,1
P006,HRTF_B,10,0.597,-2.54,2.2,31,1
P006,HRTF_B,10,0.611,-2.48,2.2,31,1
P006,HRTF_B,10,0.625,-2.43,2.16,31,1
P006,HRTF_B,10,0.639,-2.37,2.11,31,1
P006,HRTF_B,10,0.652,-2.32,2.06,31,1
P006,HRTF_B,10,0.667,-2.27,1.98,31,1
P006,HRTF_B,10,0.68,-2.22,1.94,31,1
P006,HRTF_B,10,0.694,-2.14,1.9,31,1
P006,HRTF_B,10,0.708,-2.06,1.89,31,1
P006,HRTF_B,10,0.722,-1.98,1.88,31,1
P006,HRTF_B,10,0.736,-1.88,1.86,31,1
P006,HRTF_B,10,0.75,-1.77,1.82,31,1
P006,HRTF_B,10,0.764,-1.67,1.79,31,1
P006,HRTF_B,10,0.778,-1.57,1.74,31,1
P006,HRTF_B,10,0.792,-1.47,1.7,31,1
P006,HRTF_B,10,0.805,-1.34,1.65,31,1
P006,HRTF_B,10,0.819,-1.23,1.61,31,1
P006,HRTF_B,10,0.833,-1.1,1.56,31,1
P006,HRTF_B,10,0.847,-0.98,1.51,31,1
P006,HRTF_B,10,0.861,-0.84,1.49,31,1
P006,HRTF_B,10,0.875,-0.71,1.47,31,1
P006,HRTF_B,10,0.889,-0.57,1.46,31,1
P006,HRTF_B,10,0.903,-0.42,1.46,31,1
P006,HRTF_B,10,0.917,-0.28,1.44,31,1
P006,HRTF_B,10,0.93,-0.13,1.41,31,1
P006,HRTF_B,10,0.945,0.04,1.38,31,1
P006,HRTF_B,10,0.958,0.21,1.32,31,1
P006,HRTF_B,10,0.972,0.4,1.27,31,1
P006,HRTF_B,10,0.986,0.59,1.23,31,1
P006,HRTF_B,10,1.0,0.8,1.16,31,1
P006,HRTF_B,10,1.014,0.98,1.13,31,1
P006,HRTF_B,10,1.028,1.19,1.11,31,1
P006,HRTF_B,10,1.041,1.38,1.09,31,1
P006,HRTF_B,10,1.055,1.61,1.07,31,1
P006,HRTF_B,10,1.069,1.86,1.04,31,1
P006,HRTF_B,10,1.083,2.13,1.0,31,1
P006,HRTF_B,10,1.097,2.47,0.96,31,1
P006,HRTF_B,10,1.111,2.82,0.91,31,1
P006,HRTF_B,10,1.125,3.39,0.84,31,1
P006,HRTF_B,10,1.139,3.99,0.77,31,1
P006,HRTF_B,10,1.153,4.72,0.73,31,1
P006,HRTF_B,10,1.167,5.47,0.69,31,1
P006,HRTF_B,10,1.18,6.4,0.62,31,1
P006,HRTF_B,10,1.194,7.46,0.56,31,1
P006,HRTF_B,10,1.208,8.81,0.48,31,1
P006,HRTF_B,10,1.222,10.15,0.38,31,1
P006,HRTF_B,10,1.236,11.56,0.37,31,1
P006,HRTF_B,10,1.25,12.92,0.36,31,1
P006,HRTF_B,10,1.264,14.31,0.31,31,1
P006,HRTF_B,10,1.278,15.74,0.29,31,1
P006,HRTF_B,10,1.291,17.17,0.23,31,1
P006,HRTF_B,10,1.305,18.7,0.24,31,1
P006,HRTF_B,10,1.319,20.21,0.24,31,1
P006,HRTF_B,10,1.333,21.75,0.25,31,1
P006,HRTF_B,10,1.347,23.33,0.23,31,1
P006,HRTF_B,10,1.361,24.94,0.25,31,1
P006,HRTF_B,10,1.375,26.56,0.23,31,1
P006,HRTF_B,10,1.389,28.15,0.29,31,1
P006,HRTF_B,10,1.402,29.78,0.36,31,1
P006,HRTF_B,10,1.417,31.36,0.43,31,1
P006,HRTF_B,10,1.43,32.97,0.53,31,1
P006,HRTF_B,10,1.444,34.56,0.53,31,1
P006,HRTF_B,10,1.458,36.15,0.57,31,1
P006,HRTF_B,10,1.472,37.73,0.62,31,1
P006,HRTF_B,10,1.486,39.24,0.68,31,1
P006,HRTF_B,10,1.5,40.7,0.75,31,1
P006,HRTF_B,10,1.514,42.05,0.75,31,1
P006,HRTF_B,10,1.528,43.33,0.79,31,1
P006,HRTF_B,10,1.541,44.55,0.75,31,1
P006,HRTF_B,10,1.555,45.75,0.76,31,1
P006,HRTF_B,10,1.569,46.8,0.71,31,1
P006,HRTF_B,10,1.583,47.82,0.71,31,1
P006,HRTF_B,10,1.597,48.85,0.64,31,1
P006,HRTF_B,10,1.611,49.82,0.55,31,1
P006,HRTF_B,10,1.625,50.73,0.44,31,1
P006,HRTF_B,10,1.638,51.56,0.35,31,1
P006,HRTF_B,10,1.653,52.33,0.29,31,1
P006,HRTF_B,10,1.667,53.03,0.23,31,1
P006,HRTF_B,10,1.68,53.7,0.19,31,1
P006,HRTF_B,10,1.694,54.32,0.1,31,1
P006,HRTF_B,10,1.708,54.81,0.03,31,1
P006,HRTF_B,10,1.722,55.29,-0.04,31,1
P006,HRTF_B,10,1.736,55.66,-0.12,31,1
P006,HRTF_B,10,1.75,56.0,-0.19,31,1
P006,HRTF_B,10,1.764,56.24,-0.31,31,1
P006,HRTF_B,10,1.778,56.47,-0.43,31,1
P006,HRTF_B,10,1.791,56.58,-0.59,31,1
P006,HRTF_B,10,1.805,56.67,-0.78,31,1
P006,HRTF_B,10,1.819,56.7,-0.94,31,1
P006,HRTF_B,10,1.833,56.66,-1.11,31,1
P006,HRTF_B,10,1.847,56.52,-1.33,31,1
P006,HRTF_B,10,1.861,56.34,-1.52,31,1
P006,HRTF_B,10,1.875,56.05,-1.79,31,1
P006,HRTF_B,10,1.889,55.72,-2.16,31,1
P006,HRTF_B,10,1.903,55.33,-2.6,31,1
P006,HRTF_B,10,1.916,54.82,-3.1,31,1
P006,HRTF_B,10,1.93,54.2,-3.55,31,1
P006,HRTF_B,10,1.944,53.48,-4.13,31,1
P006,HRTF_B,10,1.958,52.7,-4.86,31,1
P006,HRTF_B,10,1.972,51.94,-5.52,31,1
P006,HRTF_B,10,1.986,51.18,-6.09,31,1
P006,HRTF_B,10,2.0,50.32,-6.54,31,1
P006,HRTF_B,10,2.014,49.37,-6.95,31,1
P006,HRTF_B,10,2.027,48.35,-7.43,31,1
P006,HRTF_B,10,2.042,47.23,-7.93,31,1
P006,HRTF_B,10,2.055,46.03,-8.47,31,1
P006,HRTF_B,10,2.069,44.86,-8.92,31,1
P006,HRTF_B,10,2.083,43.59,-9.39,31,1
P006,HRTF_B,10,2.097,42.23,-9.77,31,1
P006,HRTF_B,10,2.111,40.77,-10.2,31,1
P006,HRTF_B,10,2.125,39.29,-10.62,31,1
P006,HRTF_B,10,2.139,37.82,-10.96,31,1
P006,HRTF_B,10,2.152,36.35,-11.29,31,1
P006,HRTF_B,10,2.166,34.88,-11.48,31,1
P006,HRTF_B,10,2.18,33.41,-11.72,31,1
P006,HRTF_B,10,2.194,31.84,-11.84,31,1
P006,HRTF_B,10,2.208,30.28,-11.94,31,1
P006,HRTF_B,10,2.222,28.61,-11.96,31,1
P006,HRTF_B,10,2.235,26.9,-11.97,31,1
P006,HRTF_B,10,2.249,25.12,-11.99,31,1
P006,HRTF_B,10,2.263,23.28,-11.95,31,1
P006,HRTF_B,10,2.277,21.2,-11.9,31,1
P006,HRTF_B,10,2.291,19.14,-11.83,31,1
P006,HRTF_B,10,2.305,16.92,-11.74,31,1
P006,HRTF_B,10,2.319,14.53,-11.62,31,1
P006,HRTF_B,10,2.333,12.09,-11.46,31,1
P006,HRTF_B,10,2.347,9.67,-11.3,31,1
P006,HRTF_B,10,2.361,7.26,-11.12,31,1
P006,HRTF_B,10,2.374,4.94,-10.88,31,1
P006,HRTF_B,10,2.388,2.66,-10.62,31,1
P006,HRTF_B,10,2.402,0.43,-10.27,31,1
P006,HRTF_B,10,2.416,-1.88,-10.01,31,1
P006,HRTF_B,10,2.43,-4.16,-9.66,31,1
P006,HRTF_B,10,2.444,-6.47,-9.25,31,1
P006,HRTF_B,10,2.458,-8.76,-8.71,31,1
P006,HRTF_B,10,2.472,-11.13,-8.14,31,1
P006,HRTF_B,10,2.485,-13.56,-7.51,31,1
P006,HRTF_B,10,2.5,-16.14,-6.87,31,1
P006,HRTF_B,10,2.513,-18.84,-6.38,31,1
P006,HRTF_B,10,2.527,-21.34,-5.97,31,1
P006,HRTF_B,10,2.541,-23.83,-5.53,31,1
P006,HRTF_B,10,2.555,-26.32,-5.04,31,1
P006,HRTF_B,10,2.569,-28.84,-4.6,31,1
P006,HRTF_B,10,2.583,-31.33,-4.13,31,1
P006,HRTF_B,10,2.597,-33.75,-3.66,31,1
P006,HRTF_B,10,2.611,-36.15,-3.19,31,1
P006,HRTF_B,10,2.624,-38.46,-2.68,31,1
P006,HRTF_B,10,2.638,-40.77,-2.25,31,1
P006,HRTF_B,10,2.652,-43.08,-1.9,31,1
P006,HRTF_B,10,2.666,-45.34,-1.56,31,1
P006,HRTF_B,10,2.68,-47.53,-1.17,31,1
P006,HRTF_B,10,2.694,-49.57,-0.79,31,1
P006,HRTF_B,10,2.708,-51.61,-0.39,31,1
P006,HRTF_B,10,2.722,-53.6,0.04,31,1
P006,HRTF_B,10,2.736,-55.53,0.4,31,1
P006,HRTF_B,10,2.749,-57.43,0.77,31,1
P006,HRTF_B,11,0.014,-2.88,-0.77,5,1
P006,HRTF_B,11,0.028,-2.85,-0.84,5,1
P006,HRTF_B,11,0.042,-2.8,-0.89,5,1
P006,HRTF_B,11,0.055,-2.73,-0.97,5,1
P006,HRTF_B,11,0.069,-2.66,-1.08,5,1
P006,HRTF_B,11,0.083,-2.56,-1.21,5,1
P006,HRTF_B,11,0.097,-2.41,-1.34,5,1
P006,HRTF_B,11,0.111,-2.28,-1.43,5,1
P006,HRTF_B,11,0.125,-2.1,-1.49,5,1
P006,HRTF_B,11,0.139,-1.93,-1.5,5,1
P006,HRTF_B,11,0.153,-1.74,-1.51,5,1
P006,HRTF_B,11,0.167,-1.56,-1.51,5,1
P006,HRTF_B,11,0.181,-1.36,-1.54,5,1
P006,HRTF_B,11,0.194,-1.18,-1.59,5,1
P006,HRTF_B,11,0.208,-0.98,-1.64,5,1
P006,HRTF_B,11,0.222,-0.8,-1.67,5,1
P006,HRTF_B,11,0.236,-0.63,-1.66,5,1
P006,HRTF_B,11,0.25,-0.45,-1.62,5,1
P006,HRTF_B,11,0.264,-0.31,-1.58,5,1
P006,HRTF_B,11,0.278,-0.21,-1.57,5,1
P006,HRTF_B,11,0.292,-0.13,-1.62,5,1
P006,HRTF_B,11,0.306,-0.1,-1.69,5,1
P006,HRTF_B,11,0.32,-0.06,-1.75,5,1
P006,HRTF_B,11,0.333,-0.05,-1.76,5,1
P006,HRTF_B,11,0.347,-0.05,-1.76,5,1
P006,HRTF_B,11,0.361,-0.06,-1.73,5,1
P006,HRTF_B,11,0.375,-0.1,-1.68,5,1
P006,HRTF_B,11,0.389,-0.17,-1.61,5,1
P006,HRTF_B,11,0.403,-0.25,-1.56,5,1
P006,HRTF_B,11,0.417,-0.34,-1.52,5,1
P006,HRTF_B,11,0.431,-0.45,-1.44,5,1
P006,HRTF_B,11,0.444,-0.56,-1.34,5,1
P006,HRTF_B,11,0.458,-0.7,-1.23,5,1
P006,HRTF_B,11,0.473,-0.81,-1.15,5,1
P006,HRTF_B,11,0.486,-0.93,-1.07,5,1
P006,HRTF_B,11,0.5,-1.04,-1.0,5,1
P006,HRTF_B,11,0.514,-1.17,-0.92,5,1
P006,HRTF_B,11,0.528,-1.31,-0.83,5,1
P006,HRTF_B,11,0.541,-1.44,-0.73,5,1
P006,HRTF_B,11,0.556,-1.62,-0.66,5,1
P006,HRTF_B,11,0.569,-1.77,-0.63,5,1
P006,HRTF_B,11,0.583,-1.94,-0.61,5,1
P006,HRTF_B,11,0.597,-2.11,-0.59,5,1
P006,HRTF_B,11,0.611,-2.28,-0.56,5,1
P006,HRTF_B,11,0.625,-2.46,-0.52,5,1
P006,HRTF_B,11,0.639,-2.64,-0.48,5,1
P006,HRTF_B,11,0.653,-2.82,-0.45,5,1
P006,HRTF_B,11,0.666,-3.01,-0.42,5,1
P006,HRTF_B,11,0.68,-3.2,-0.4,5,1
P006,HRTF_B,11,0.694,-3.4,-0.35,5,1
P006,HRTF_B,11,0.708,-3.57,-0.31,5,1
P006,HRTF_B,11,0.722,-3.76,-0.26,5,1
P006,HRTF_B,11,0.736,-3.94,-0.21,5,1
P006,HRTF_B,11,0.75,-4.1,-0.16,5,1
P006,HRTF_B,11,0.764,-4.27,-0.12,5,1
P006,HRTF_B,11,0.778,-4.45,-0.07,5,1
P006,HRTF_B,11,0.792,-4.62,-0.03,5,1
P006,HRTF_B,11,0.805,-4.81,0.01,5,1
P006,HRTF_B,11,0.819,-4.97,0.04,5,1
P006,HRTF_B,11,0.833,-5.14,0.09,5,1
P006,HRTF_B,11,0.847,-5.3,0.12,5,1
P006,HRTF_B,11,0.861,-5.45,0.16,5,1
P006,HRTF_B,11,0.875,-5.59,0.17,5,1
P006,HRTF_B,11,0.889,-5.72,0.18,5,1
P006,HRTF_B,11,0.903,-5.85,0.21,5,1
P006,HRTF_B,11,0.916,-5.94,0.2,5,1
P006,HRTF_B,11,0.93,-6.02,0.18,5,1
P006,HRTF_B,11,0.944,-6.09,0.2,5,1
P006,HRTF_B,11,0.958,-6.13,0.19,5,1
P006,HRTF_B,11,0.972,-6.11,0.16,5,1
P006,HRTF_B,11,0.986,-6.04,0.15,5,1
P006,HRTF_B,11,1.0,-5.92,0.16,5,1
P006,HRTF_B,11,1.014,-5.79,0.18,5,1
P006,HRTF_B,11,1.027,-5.58,0.23,5,1
P006,HRTF_B,11,1.041,-5.33,0.24,5,1
P006,HRTF_B,11,1.055,-5.07,0.26,5,1
P006,HRTF_B,11,1.07,-4.75,0.25,5,1
P006,HRTF_B,11,1.083,-4.36,0.21,5,1
P006,HRTF_B,11,1.097,-3.84,0.19,5,1
P006,HRTF_B,11,1.111,-3.26,0.17,5,1
P006,HRTF_B,11,1.125,-2.57,0.13,5,1
P006,HRTF_B,11,1.139,-1.82,0.22,5,1
P006,HRTF_B,11,1.152,-0.98,0.28,5,1
P006,HRTF_B,11,1.166,-0.13,0.38,5,1
P006,HRTF_B,11,1.18,0.77,0.5,5,1
P006,HRTF_B,11,1.194,1.75,0.58,5,1
P006,HRTF_B,11,1.208,2.74,0.65,5,1
P006,HRTF_B,11,1.222,3.67,0.76,5,1
P006,HRTF_B,11,1.236,4.7,0.86,5,1
P006,HRTF_B,11,1.25,5.74,0.98,5,1
P006,HRTF_B,11,1.264,6.81,1.14,5,1
P006,HRTF_B,11,1.277,7.93,1.25,5,1
P006,HRTF_B,11,1.292,9.09,1.37,5,1
P006,HRTF_B,11,1.305,10.26,1.43,5,1
P006,HRTF_B,11,1.319,11.59,1.46,5,1
P006,HRTF_B,11,1.333,13.01,1.47,5,1
P006,HRTF_B,11,1.347,14.5,1.48,5,1
P006,HRTF_B,11,1.361,16.09,1.46,5,1
P006,HRTF_B,11,1.375,17.73,1.51,5,1
P006,HRTF_B,11,1.389,19.34,1.55,5,1
P006,HRTF_B,11,1.403,21.15,1.57,5,1
P006,HRTF_B,11,1.417,23.01,1.6,5,1
P006,HRTF_B,11,1.43,24.98,1.66,5,1
P006,HRTF_B,11,1.444,26.98,1.74,5,1
P006,HRTF_B,11,1.458,28.95,1.82,5,1
P006,HRTF_B,11,1.472,30.85,1.92,5,1
P006,HRTF_B,11,1.486,32.71,2.0,5,1
P006,HRTF_B,11,1.5,34.5,2.1,5,1
P006,HRTF_B,11,1.514,36.19,2.16,5,1
P006,HRTF_B,11,1.528,37.91,2.21,5,1
P006,HRTF_B,11,1.542,39.54,2.18,5,1
P006,HRTF_B,11,1.555,41.15,2.17,5,1
P006,HRTF_B,11,1.569,42.69,2.13,5,1
P006,HRTF_B,11,1.583,44.15,2.11,5,1
P006,HRTF_B,11,1.597,45.48,2.07,5,1
P006,HRTF_B,12,0.014,-2.15,3.87,22,1
P006,HRTF_B,12,0.028,-2.33,3.8,22,1
P006,HRTF_B,12,0.042,-2.49,3.71,22,1
P006,HRTF_B,12,0.056,-2.64,3.59,22,1
P006,HRTF_B,12,0.07,-2.82,3.51,22,1
P006,HRTF_B,12,0.084,-3.0,3.45,22,1
P006,HRTF_B,12,0.097,-3.2,3.41,22,1
P006,HRTF_B,12,0.112,-3.4,3.4,22,1
P006,HRTF_B,12,0.125,-3.6,3.36,22,1
P006,HRTF_B,12,0.139,-3.8,3.35,22,1
P006,HRTF_B,12,0.153,-4.01,3.32,22,1
P006,HRTF_B,12,0.167,-4.21,3.27,22,1
P006,HRTF_B,12,0.181,-4.41,3.25,22,1
P006,HRTF_B,12,0.194,-4.62,3.21,22,1
P006,HRTF_B,12,0.208,-4.82,3.14,22,1
P006,HRTF_B,12,0.222,-5.01,3.07,22,1
P006,HRTF_B,12,0.236,-5.2,2.99,22,1
P006,HRTF_B,12,0.25,-5.38,2.87,22,1
P006,HRTF_B,12,0.264,-5.55,2.8,22,1
P006,HRTF_B,12,0.278,-5.71,2.71,22,1
P006,HRTF_B,12,0.292,-5.86,2.63,22,1
P006,HRTF_B,12,0.306,-6.0,2.53,22,1
P006,HRTF_B,12,0.32,-6.12,2.39,22,1
P006,HRTF_B,12,0.333,-6.21,2.25,22,1
P006,HRTF_B,12,0.348,-6.29,2.18,22,1
P006,HRTF_B,12,0.361,-6.34,2.03,22,1
P006,HRTF_B,12,0.375,-6.37,1.77,22,1
P006,HRTF_B,12,0.389,-6.35,1.37,22,1
P006,HRTF_B,12,0.403,-6.31,0.95,22,1
P006,HRTF_B,12,0.417,-6.23,0.49,22,1
P006,HRTF_B,12,0.431,-6.18,0.16,22,1
P006,HRTF_B,12,0.445,-6.06,-0.14,22,1
P006,HRTF_B,12,0.458,-5.94,-0.44,22,1
P006,HRTF_B,12,0.472,-5.79,-0.75,22,1
P006,HRTF_B,12,0.486,-5.63,-1.08,22,1
P006,HRTF_B,12,0.5,-5.43,-1.44,22,1
P006,HRTF_B,12,0.514,-5.25,-1.74,22,1
P006,HRTF_B,12,0.528,-5.07,-2.0,22,1
P006,HRTF_B,12,0.542,-4.91,-2.28,22,1
P006,HRTF_B,12,0.556,-4.75,-2.58,22,1
P006,HRTF_B,12,0.569,-4.61,-2.86,22,1
P006,HRTF_B,12,0.583,-4.47,-3.09,22,1
P006,HRTF_B,12,0.597,-4.33,-3.31,22,1
P006,HRTF_B,12,0.611,-4.21,-3.51,22,1
P006,HRTF_B,12,0.625,-4.1,-3.71,22,1
P006,HRTF_B,12,0.639,-4.0,-3.95,22,1
P006,HRTF_B,12,0.654,-3.91,-4.17,22,1
P006,HRTF_B,12,0.667,-3.83,-4.38,22,1
P006,HRTF_B,12,0.681,-3.78,-4.6,22,1
P006,HRTF_B,12,0.695,-3.71,-4.81,22,1
P006,HRTF_B,12,0.709,-3.68,-5.0,22,1
P006,HRTF_B,12,0.722,-3.63,-5.2,22,1
P006,HRTF_B,12,0.736,-3.58,-5.41,22,1
P006,HRTF_B,12,0.75,-3.56,-5.62,22,1
P006,HRTF_B,12,0.764,-3.55,-5.83,22,1
P006,HRTF_B,12,0.778,-3.57,-6.05,22,1
P006,HRTF_B,12,0.792,-3.57,-6.29,22,1
P006,HRTF_B,12,0.806,-3.57,-6.52,22,1
P006,HRTF_B,12,0.82,-3.55,-6.79,22,1
P006,HRTF_B,12,0.833,-3.51,-7.05,22,1
P006,HRTF_B,12,0.847,-3.49,-7.26,22,1
P006,HRTF_B,12,0.861,-3.47,-7.46,22,1
P006,HRTF_B,12,0.875,-3.47,-7.65,22,1
P006,HRTF_B,12,0.889,-3.48,-7.82,22,1
P006,HRTF_B,12,0.903,-3.56,-8.01,22,1
P006,HRTF_B,12,0.917,-3.67,-8.16,22,1
P006,HRTF_B,12,0.931,-3.86,-8.28,22,1
P006,HRTF_B,12,0.944,-4.14,-8.38,22,1
P006,HRTF_B,12,0.958,-4.49,-8.43,22,1
P006,HRTF_B,12,0.972,-4.97,-8.45,22,1
P006,HRTF_B,12,0.986,-5.56,-8.44,22,1
P006,HRTF_B,12,1.0,-6.26,-8.37,22,1
P006,HRTF_B,12,1.014,-7.14,-8.27,22,1
P006,HRTF_B,12,1.028,-8.06,-8.14,22,1
P006,HRTF_B,12,1.042,-9.19,-8.0,22,1
P006,HRTF_B,12,1.056,-10.33,-7.88,22,1
P006,HRTF_B,12,1.069,-11.53,-7.77,22,1
P006,HRTF_B,12,1.083,-12.79,-7.65,22,1
P006,HRTF_B,12,1.097,-14.13,-7.48,22,1
P006,HRTF_B,12,1.111,-15.53,-7.29,22,1
P006,HRTF_B,12,1.125,-17.14,-7.05,22,1
P006,HRTF_B,12,1.139,-18.69,-6.87,22,1
P006,HRTF_B,12,1.153,-20.42,-6.65,22,1
P006,HRTF_B,12,1.167,-22.13,-6.38,22,1
P006,HRTF_B,12,1.181,-24.0,-6.19,22,1
P006,HRTF_B,12,1.195,-25.82,-5.96,22,1
P006,HRTF_B,12,1.208,-27.74,-5.7,22,1
P006,HRTF_B,12,1.222,-29.6,-5.41,22,1
P006,HRTF_B,12,1.236,-31.57,-5.11,22,1
P006,HRTF_B,12,1.25,-33.58,-4.82,22,1
P006,HRTF_B,12,1.264,-35.63,-4.55,22,1
P006,HRTF_B,12,1.278,-37.71,-4.25,22,1
P006,HRTF_B,12,1.292,-39.72,-3.91,22,1
P006,HRTF_B,12,1.305,-41.65,-3.6,22,1
P006,HRTF_B,12,1.319,-43.56,-3.31,22,1
P006,HRTF_B,12,1.333,-45.5,-3.04,22,1
P006,HRTF_B,12,1.347,-47.44,-2.88,22,1
P006,HRTF_B,12,1.361,-49.31,-2.79,22,1
P006,HRTF_B,12,1.375,-51.07,-2.68,22,1
P006,HRTF_B,12,1.389,-52.81,-2.6,22,1
P006,HRTF_B,12,1.403,-54.44,-2.55,22,1
P006,HRTF_B,12,1.417,-56.03,-2.48,22,1
P006,HRTF_B,12,1.43,-57.54,-2.5,22,1
P006,HRTF_B,12,1.444,-59.03,-2.46,22,1
P006,HRTF_B,12,1.459,-60.43,-2.41,22,1
P006,HRTF_B,12,1.472,-61.71,-2.35,22,1
P006,HRTF_B,12,1.486,-62.99,-2.33,22,1
P006,HRTF_B,12,1.5,-64.19,-2.26,22,1
P006,HRTF_B,12,1.514,-65.21,-2.2,22,1
P006,HRTF_B,12,1.528,-66.21,-2.14,22,1
P006,HRTF_B,12,1.542,-67.24,-2.11,22,1
P006,HRTF_B,12,1.555,-68.24,-2.08,22,1
P006,HRTF_B,12,1.569,-69.24,-2.08,22,1
P006,HRTF_B,12,1.583,-70.2,-2.11,22,1
P006,HRTF_B,12,1.597,-71.11,-2.1,22,1
P006,HRTF_B,12,1.611,-72.01,-2.11,22,1
P006,HRTF_B,12,1.625,-72.9,-2.07,22,1
P006,HRTF_B,12,1.639,-73.76,-2.02,22,1
P006,HRTF_B,12,1.653,-74.63,-1.96,22,1
P006,HRTF_B,12,1.667,-75.5,-1.99,22,1
P006,HRTF_B,12,1.681,-76.37,-2.02,22,1
P006,HRTF_B,12,1.694,-77.27,-2.08,22,1
P006,HRTF_B,12,1.708,-78.14,-2.16,22,1
P006,HRTF_B,12,1.722,-78.98,-2.17,22,1
P006,HRTF_B,12,1.736,-79.75,-2.18,22,1
P006,HRTF_B,12,1.75,-80.51,-2.29,22,1
P006,HRTF_B,12,1.764,-81.29,-2.42,22,1
P006,HRTF_B,12,1.778,-82.04,-2.55,22,1
P006,HRTF_B,12,1.792,-82.79,-2.71,22,1
P006,HRTF_B,12,1.805,-83.53,-2.85,22,1
P006,HRTF_B,12,1.819,-84.22,-2.97,22,1
P006,HRTF_B,12,1.833,-85.0,-3.1,22,1
P006,HRTF_B,12,1.847,-85.81,-3.28,22,1
P006,HRTF_B,12,1.861,-86.67,-3.48,22,1
P006,HRTF_B,12,1.875,-87.53,-3.69,22,1
P006,HRTF_B,12,1.889,-88.44,-3.96,22,1
P006,HRTF_B,12,1.903,-89.38,-4.2,22,1
P006,HRTF_B,12,1.917,-90.39,-4.43,22,1
P006,HRTF_B,12,1.93,-91.39,-4.72,22,1
P006,HRTF_B,12,1.945,-92.48,-4.94,22,1
P006,HRTF_B,12,1.958,-93.48,-5.14,22,1
P006,HRTF_B,12,1.972,-94.57,-5.35,22,1
P006,HRTF_B,12,1.986,-95.65,-5.53,22,1
P006,HRTF_B,12,2.0,-96.77,-5.74,22,1
P006,HRTF_B,12,2.014,-97.89,-5.95,22,1
P006,HRTF_B,12,2.028,-99.13,-6.22,22,1
P006,HRTF_B,12,2.041,-100.44,-6.45,22,1
P006,HRTF_B,12,2.055,-101.79,-6.7,22,1
P006,HRTF_B,12,2.069,-103.18,-6.95,22,1
P006,HRTF_B,12,2.083,-104.6,-7.12,22,1
P006,HRTF_B,12,2.097,-106.0,-7.27,22,1
P006,HRTF_B,12,2.111,-107.39,-7.37,22,1
P006,HRTF_B,12,2.125,-108.78,-7.38,22,1
P006,HRTF_B,12,2.139,-110.2,-7.36,22,1
P006,HRTF_B,12,2.153,-111.53,-7.29,22,1
P006,HRTF_B,12,2.167,-112.88,-7.07,22,1
P006,HRTF_B,12,2.18,-114.17,-6.9,22,1
P006,HRTF_B,12,2.194,-115.45,-6.67,22,1
P006,HRTF_B,12,2.208,-116.71,-6.42,22,1
P006,HRTF_B,12,2.222,-117.96,-6.09,22,1
P006,HRTF_B,12,2.236,-119.3,-5.68,22,1
P006,HRTF_B,12,2.25,-120.82,-5.25,22,1
P006,HRTF_B,12,2.264,-122.55,-4.69,22,1
P006,HRTF_B,12,2.278,-124.14,-4.11,22,1
P006,HRTF_B,12,2.291,-125.81,-3.52,22,1
P006,HRTF_B,12,2.305,-127.54,-2.98,22,1
P006,HRTF_B,12,2.319,-129.25,-2.59,22,1
P006,HRTF_B,12,2.333,-130.91,-2.32,22,1
P006,HRTF_B,12,2.347,-132.49,-2.04,22,1
P006,HRTF_B,12,2.361,-134.05,-1.78,22,1
P006,HRTF_B,12,2.375,-135.63,-1.47,22,1
P006,HRTF_B,12,2.389,-137.19,-1.11,22,1
P006,HRTF_B,12,2.402,-138.77,-0.67,22,1
P006,HRTF_B,12,2.416,-140.3,-0.26,22,1
P006,HRTF_B,12,2.43,-141.88,0.1,22,1
P006,HRTF_B,13,0.014,3.28,-1.41,14,1
P006,HRTF_B,13,0.028,3.56,-1.42,14,1
P006,HRTF_B,13,0.041,3.83,-1.43,14,1
P006,HRTF_B,13,0.056,4.13,-1.43,14,1
P006,HRTF_B,13,0.069,4.33,-1.43,14,1
P006,HRTF_B,13,0.083,4.56,-1.38,14,1
P006,HRTF_B,13,0.097,4.75,-1.32,14,1
P006,HRTF_B,13,0.112,4.91,-1.26,14,1
P006,HRTF_B,13,0.125,5.07,-1.19,14,1
P006,HRTF_B,13,0.139,5.2,-1.12,14,1
P006,HRTF_B,13,0.152,5.34,-1.05,14,1
P006,HRTF_B,13,0.167,5.46,-0.97,14,1
P006,HRTF_B,13,0.18,5.56,-0.9,14,1
P006,HRTF_B,13,0.194,5.67,-0.89,14,1
P006,HRTF_B,13,0.208,5.79,-0.93,14,1
P006,HRTF_B,13,0.222,5.9,-0.98,14,1
P006,HRTF_B,13,0.236,6.03,-1.04,14,1
P006,HRTF_B,13,0.25,6.16,-1.08,14,1
P006,HRTF_B,13,0.264,6.26,-1.11,14,1
P006,HRTF_B,13,0.278,6.34,-1.12,14,1
P006,HRTF_B,13,0.291,6.38,-1.13,14,1
P006,HRTF_B,13,0.305,6.42,-1.19,14,1
P006,HRTF_B,13,0.319,6.4,-1.23,14,1
P006,HRTF_B,13,0.333,6.39,-1.24,14,1
P006,HRTF_B,13,0.347,6.37,-1.26,14,1
P006,HRTF_B,13,0.361,6.34,-1.26,14,1
P006,HRTF_B,13,0.375,6.3,-1.3,14,1
P006,HRTF_B,13,0.389,6.24,-1.37,14,1
P006,HRTF_B,13,0.403,6.16,-1.45,14,1
P006,HRTF_B,13,0.416,6.07,-1.52,14,1
P006,HRTF_B,13,0.43,5.99,-1.6,14,1
P006,HRTF_B,13,0.444,5.89,-1.65,14,1
P006,HRTF_B,13,0.458,5.79,-1.67,14,1
P006,HRTF_B,13,0.472,5.7,-1.71,14,1
P006,HRTF_B,13,0.486,5.6,-1.71,14,1
P006,HRTF_B,13,0.5,5.49,-1.7,14,1
P006,HRTF_B,13,0.514,5.39,-1.68,14,1
P006,HRTF_B,13,0.528,5.27,-1.65,14,1
P006,HRTF_B,13,0.541,5.15,-1.62,14,1
P006,HRTF_B,13,0.556,5.04,-1.63,14,1
P006,HRTF_B,13,0.569,4.92,-1.65,14,1
P006,HRTF_B,13,0.583,4.78,-1.68,14,1
P006,HRTF_B,13,0.597,4.66,-1.7,14,1
P006,HRTF_B,13,0.611,4.52,-1.73,14,1
P006,HRTF_B,13,0.625,4.38,-1.74,14,1
P006,HRTF_B,13,0.639,4.24,-1.8,14,1
P006,HRTF_B,13,0.653,4.1,-1.85,14,1
P006,HRTF_B,13,0.667,3.97,-1.89,14,1
P006,HRTF_B,13,0.68,3.85,-1.93,14,1
P006,HRTF_B,13,0.694,3.74,-1.94,14,1
P006,HRTF_B,13,0.708,3.63,-1.97,14,1
P006,HRTF_B,13,0.722,3.56,-1.97,14,1
P006,HRTF_B,13,0.736,3.48,-1.99,14,1
P006,HRTF_B,13,0.75,3.41,-2.02,14,1
P006,HRTF_B,13,0.764,3.33,-2.07,14,1
P006,HRTF_B,13,0.778,3.25,-2.11,14,1
P006,HRTF_B,13,0.792,3.16,-2.13,14,1
P006,HRTF_B,13,0.806,3.04,-2.14,14,1
P006,HRTF_B,13,0.82,2.87,-2.13,14,1
P006,HRTF_B,13,0.833,2.73,-2.13,14,1
P006,HRTF_B,13,0.847,2.54,-2.16,14,1
P006,HRTF_B,13,0.861,2.36,-2.19,14,1
P006,HRTF_B,13,0.875,2.16,-2.25,14,1
P006,HRTF_B,13,0.889,1.96,-2.31,14,1
P006,HRTF_B,13,0.903,1.75,-2.39,14,1
P006,HRTF_B,13,0.917,1.54,-2.44,14,1
P006,HRTF_B,13,0.93,1.3,-2.49,14,1
P006,HRTF_B,13,0.944,1.07,-2.52,14,1
P006,HRTF_B,13,0.958,0.85,-2.56,14,1
P006,HRTF_B,13,0.972,0.65,-2.64,14,1
P006,HRTF_B,13,0.986,0.45,-2.69,14,1
P006,HRTF_B,13,1.0,0.25,-2.76,14,1
P006,HRTF_B,13,1.014,0.1,-2.87,14,1
P006,HRTF_B,13,1.028,-0.04,-2.97,14,1
P006,HRTF_B,13,1.042,-0.1,-3.09,14,1
P006,HRTF_B,13,1.055,-0.12,-3.2,14,1
P006,HRTF_B,13,1.069,-0.08,-3.32,14,1
P006,HRTF_B,13,1.083,-0.03,-3.41,14,1
P006,HRTF_B,13,1.097,0.1,-3.52,14,1
P006,HRTF_B,13,1.111,0.3,-3.65,14,1
P006,HRTF_B,13,1.125,0.64,-3.83,14,1
P006,HRTF_B,13,1.139,1.1,-4.07,14,1
P006,HRTF_B,13,1.153,1.69,-4.33,14,1
P006,HRTF_B,13,1.167,2.34,-4.6,14,1
P006,HRTF_B,13,1.181,3.12,-4.83,14,1
P006,HRTF_B,13,1.194,4.16,-5.16,14,1
P006,HRTF_B,13,1.208,5.22,-5.45,14,1
P006,HRTF_B,13,1.222,6.54,-5.74,14,1
P006,HRTF_B,13,1.236,7.81,-6.02,14,1
P006,HRTF_B,13,1.25,9.45,-6.3,14,1
P006,HRTF_B,13,1.264,11.12,-6.55,14,1
P006,HRTF_B,13,1.278,12.91,-6.75,14,1
P006,HRTF_B,13,1.292,14.66,-7.02,14,1
P006,HRTF_B,13,1.305,16.51,-7.35,14,1
P006,HRTF_B,13,1.32,18.38,-7.74,14,1
P006,HRTF_B,13,1.333,20.26,-8.16,14,1
P006,HRTF_B,13,1.347,22.1,-8.46,14,1
P006,HRTF_B,13,1.361,23.94,-8.85,14,1
P006,HRTF_B,13,1.375,25.75,-9.29,14,1
P006,HRTF_B,13,1.389,27.63,-9.67,14,1
P006,HRTF_B,13,1.403,29.55,-10.16,14,1
P006,HRTF_B,13,1.417,31.4,-10.65,14,1
P006,HRTF_B,13,1.431,33.16,-11.0,14,1
P006,HRTF_B,13,1.445,34.81,-11.36,14,1
P006,HRTF_B,13,1.458,36.51,-11.75,14,1
P006,HRTF_B,13,1.472,38.15,-12.13,14,1
P006,HRTF_B,13,1.486,39.72,-12.41,14,1
P006,HRTF_B,13,1.5,41.21,-12.63,14,1
P006,HRTF_B,13,1.514,42.49,-12.67,14,1
P006,HRTF_B,13,1.528,43.67,-12.77,14,1
P006,HRTF_B,13,1.542,44.86,-12.95,14,1
P006,HRTF_B,13,1.556,45.98,-13.19,14,1
P006,HRTF_B,13,1.57,47.14,-13.4,14,1
P006,HRTF_B,13,1.583,48.18,-13.59,14,1
P006,HRTF_B,13,1.597,49.21,-13.73,14,1
P006,HRTF_B,13,1.611,50.39,-13.96,14,1
P006,HRTF_B,13,1.625,51.7,-14.22,14,1
P006,HRTF_B,13,1.639,53.24,-14.54,14,1
P006,HRTF_B,13,1.653,54.9,-14.81,14,1
P006,HRTF_B,13,1.667,56.56,-14.99,14,1
P006,HRTF_B,13,1.681,58.35,-15.14,14,1
P006,HRTF_B,13,1.695,60.32,-15.22,14,1
P006,HRTF_B,13,1.708,62.48,-15.3,14,1
P006,HRTF_B,13,1.722,64.6,-15.38,14,1
P006,HRTF_B,13,1.736,66.65,-15.39,14,1
P006,HRTF_B,13,1.75,68.56,-15.35,14,1
P006,HRTF_B,13,1.764,70.23,-15.21,14,1
P006,HRTF_B,13,1.778,71.8,-15.07,14,1
P006,HRTF_B,13,1.792,73.03,-14.91,14,1
P006,HRTF_B,13,1.806,74.11,-14.83,14,1
P006,HRTF_B,13,1.82,75.13,-14.69,14,1
P006,HRTF_B,13,1.833,76.04,-14.58,14,1
P006,HRTF_B,13,1.848,76.89,-14.52,14,1
P006,HRTF_B,13,1.861,77.83,-14.45,14,1
P006,HRTF_B,13,1.875,78.82,-14.42,14,1
P006,HRTF_B,13,1.889,79.84,-14.34,14,1
P006,HRTF_B,13,1.903,80.89,-14.26,14,1
P006,HRTF_B,13,1.917,81.95,-14.23,14,1
P006,HRTF_B,13,1.931,83.01,-14.35,14,1
P006,HRTF_B,13,1.945,84.08,-14.45,14,1
P006,HRTF_B,13,1.958,85.19,-14.57,14,1
P006,HRTF_B,13,1.972,86.29,-14.86,14,1
P006,HRTF_B,13,1.986,87.4,-15.06,14,1
P006,HRTF_B,13,2.0,88.44,-15.22,14,1
P006,HRTF_B,13,2.014,89.45,-15.43,14,1
P006,HRTF_B,13,2.028,90.44,-15.73,14,1
P006,HRTF_B,13,2.042,91.3,-16.33,14,1
P006,HRTF_B,13,2.056,92.09,-16.99,14,1
P006,HRTF_B,14,0.014,-2.86,2.22,30,1
P006,HRTF_B,14,0.028,-2.92,2.08,30,1
P006,HRTF_B,14,0.041,-2.96,1.95,30,1
P006,HRTF_B,14,0.055,-2.98,1.8,30,1
P006,HRTF_B,14,0.069,-2.97,1.63,30,1
P006,HRTF_B,14,0.084,-2.96,1.43,30,1
P006,HRTF_B,14,0.097,-2.93,1.23,30,1
P006,HRTF_B,14,0.112,-2.88,1.02,30,1
P006,HRTF_B,14,0.125,-2.82,0.81,30,1
P006,HRTF_B,14,0.139,-2.74,0.6,30,1
P006,HRTF_B,14,0.153,-2.65,0.43,30,1
P006,HRTF_B,14,0.167,-2.54,0.28,30,1
P006,HRTF_B,14,0.18,-2.41,0.19,30,1
P006,HRTF_B,14,0.194,-2.26,0.05,30,1
P006,HRTF_B,14,0.208,-2.09,-0.1,30,1
P006,HRTF_B,14,0.222,-1.9,-0.24,30,1
P006,HRTF_B,14,0.236,-1.72,-0.35,30,1
P006,HRTF_B,14,0.25,-1.51,-0.4,30,1
P006,HRTF_B,14,0.264,-1.28,-0.39,30,1
P006,HRTF_B,14,0.277,-1.07,-0.41,30,1
P006,HRTF_B,14,0.291,-0.84,-0.4,30,1
P006,HRTF_B,14,0.305,-0.62,-0.42,30,1
P006,HRTF_B,14,0.319,-0.41,-0.44,30,1
P006,HRTF_B,14,0.333,-0.2,-0.43,30,1
P006,HRTF_B,14,0.347,0.01,-0.41,30,1
P006,HRTF_B,14,0.361,0.22,-0.38,30,1
P006,HRTF_B,14,0.375,0.43,-0.38,30,1
P006,HRTF_B,14,0.389,0.65,-0.38,30,1
P006,HRTF_B,14,0.402,0.89,-0.39,30,1
P006,HRTF_B,14,0.416,1.13,-0.38,30,1
P006,HRTF_B,14,0.43,1.39,-0.34,30,1
P006,HRTF_B,14,0.444,1.68,-0.26,30,1
P006,HRTF_B,14,0.458,1.97,-0.16,30,1
P006,HRTF_B,14,0.472,2.31,-0.13,30,1
P006,HRTF_B,14,0.486,2.67,-0.14,30,1
P006,HRTF_B,14,0.5,3.06,-0.15,30,1
P006,HRTF_B,14,0.514,3.45,-0.17,30,1
P006,HRTF_B,14,0.527,3.9,-0.14,30,1
P006,HRTF_B,14,0.542,4.37,-0.11,30,1
P006,HRTF_B,14,0.555,4.87,-0.04,30,1
P006,HRTF_B,14,0.569,5.39,0.02,30,1
P006,HRTF_B,14,0.583,6.02,-0.01,30,1
P006,HRTF_B,14,0.597,6.62,0.01,30,1
P006,HRTF_B,14,0.611,7.25,0.05,30,1
P006,HRTF_B,14,0.625,8.0,0.08,30,1
P006,HRTF_B,14,0.639,8.7,0.13,30,1
P006,HRTF_B,14,0.652,9.47,0.18,30,1
P006,HRTF_B,14,0.666,10.24,0.23,30,1
P006,HRTF_B,14,0.68,11.14,0.25,30,1
P006,HRTF_B,14,0.694,11.99,0.25,30,1
P006,HRTF_B,14,0.708,12.98,0.18,30,1
P006,HRTF_B,14,0.722,13.97,0.1,30,1
P006,HRTF_B,14,0.736,14.96,0.04,30,1
P006,HRTF_B,14,0.75,15.97,-0.01,30,1
P006,HRTF_B,14,0.763,16.94,-0.04,30,1
P006,HRTF_B,14,0.777,17.92,-0.08,30,1
P006,HRTF_B,14,0.791,18.83,-0.12,30,1
P006,HRTF_B,14,0.805,19.76,-0.22,30,1
P006,HRTF_B,14,0.819,20.67,-0.29,30,1
P006,HRTF_B,14,0.833,21.54,-0.36,30,1
P006,HRTF_B,14,0.847,22.44,-0.41,30,1
P006,HRTF_B,14,0.861,23.28,-0.41,30,1
P006,HRTF_B,14,0.874,24.11,-0.4,30,1
P006,HRTF_B,14,0.888,24.92,-0.41,30,1
P006,HRTF_B,14,0.902,25.64,-0.44,30,1
P006,HRTF_B,14,0.916,26.37,-0.47,30,1
P006,HRTF_B,14,0.93,26.98,-0.52,30,1
P006,HRTF_B,14,0.944,27.53,-0.56,30,1
P006,HRTF_B,14,0.958,27.87,-0.56,30,1
P006,HRTF_B,14,0.972,28.2,-0.56,30,1
P006,HRTF_B,14,0.986,28.35,-0.5,30,1
P006,HRTF_B,14,0.999,28.48,-0.44,30,1
P006,HRTF_B,14,1.013,28.42,-0.36,30,1
P006,HRTF_B,14,1.027,28.37,-0.32,30,1
P006,HRTF_B,14,1.041,28.11,-0.31,30,1
P006,HRTF_B,14,1.055,27.74,-0.34,30,1
P006,HRTF_B,14,1.069,27.19,-0.45,30,1
P006,HRTF_B,14,1.083,26.68,-0.55,30,1
P006,HRTF_B,14,1.097,25.92,-0.74,30,1
P006,HRTF_B,14,1.111,25.0,-0.99,30,1
P006,HRTF_B,14,1.125,23.96,-1.23,30,1
P006,HRTF_B,14,1.138,22.94,-1.44,30,1
P006,HRTF_B,14,1.152,21.62,-1.54,30,1
P006,HRTF_B,14,1.166,20.31,-1.63,30,1
P006,HRTF_B,14,1.18,18.82,-1.62,30,1
P006,HRTF_B,14,1.194,17.36,-1.7,30,1
P006,HRTF_B,14,1.208,15.68,-1.75,30,1
P006,HRTF_B,14,1.222,14.09,-1.84,30,1
P006,HRTF_B,14,1.236,12.47,-1.92,30,1
P006,HRTF_B,14,1.249,10.8,-1.94,30,1
P006,HRTF_B,14,1.263,9.14,-1.96,30,1
P006,HRTF_B,14,1.277,7.43,-2.01,30,1
P006,HRTF_B,14,1.291,5.73,-2.07,30,1
P006,HRTF_B,14,1.305,4.05,-2.18,30,1
P006,HRTF_B,14,1.319,2.32,-2.31,30,1
P006,HRTF_B,14,1.333,0.61,-2.4,30,1
P006,HRTF_B,14,1.347,-1.09,-2.52,30,1
P006,HRTF_B,14,1.36,-2.87,-2.61,30,1
P006,HRTF_B,14,1.374,-4.61,-2.75,30,1
P006,HRTF_B,14,1.388,-6.4,-2.88,30,1
P006,HRTF_B,14,1.402,-8.21,-3.01,30,1
P006,HRTF_B,14,1.416,-9.94,-3.09,30,1
P006,HRTF_B,14,1.43,-11.73,-3.1,30,1
P006,HRTF_B,14,1.444,-13.49,-3.14,30,1
P006,HRTF_B,14,1.458,-15.25,-3.14,30,1
P006,HRTF_B,14,1.472,-16.94,-3.21,30,1
P006,HRTF_B,14,1.486,-18.63,-3.31,30,1
P006,HRTF_B,14,1.499,-20.35,-3.38,30,1
P006,HRTF_B,14,1.513,-22.0,-3.46,30,1
P006,HRTF_B,14,1.527,-23.7,-3.57,30,1
P006,HRTF_B,14,1.541,-25.4,-3.62,30,1
P006,HRTF_B,14,1.555,-27.08,-3.72,30,1
P006,HRTF_B,14,1.569,-28.77,-3.85,30,1
P006,HRTF_B,14,1.583,-30.45,-3.93,30,1
P006,HRTF_B,14,1.597,-32.13,-4.05,30,1
P006,HRTF_B,14,1.611,-33.8,-4.14,30,1
P006,HRTF_B,14,1.625,-35.42,-4.2,30,1
P006,HRTF_B,14,1.639,-37.0,-4.28,30,1
P006,HRTF_B,14,1.652,-38.55,-4.36,30,1
P006,HRTF_B,14,1.666,-40.08,-4.48,30,1
P006,HRTF_B,15,0.014,3.92,-0.51,20,1
P006,HRTF_B,15,0.028,4.46,-0.54,20,1
P006,HRTF_B,15,0.042,4.99,-0.6,20,1
P006,HRTF_B,15,0.056,5.5,-0.66,20,1
P006,HRTF_B,15,0.069,5.98,-0.66,20,1
P006,HRTF_B,15,0.084,6.47,-0.66,20,1
P006,HRTF_B,15,0.097,6.92,-0.65,20,1
P006,HRTF_B,15,0.111,7.35,-0.62,20,1
P006,HRTF_B,15,0.125,7.77,-0.64,20,1
P006,HRTF_B,15,0.139,8.19,-0.6,20,1
P006,HRTF_B,15,0.153,8.54,-0.62,20,1
P006,HRTF_B,15,0.167,8.9,-0.64,20,1
P006,HRTF_B,15,0.181,9.26,-0.62,20,1
P006,HRTF_B,15,0.194,9.59,-0.64,20,1
P006,HRTF_B,15,0.208,9.87,-0.66,20,1
P006,HRTF_B,15,0.222,10.13,-0.73,20,1
P006,HRTF_B,15,0.236,10.37,-0.78,20,1
P006,HRTF_B,15,0.25,10.59,-0.85,20,1
P006,HRTF_B,15,0.264,10.81,-0.93,20,1
P006,HRTF_B,15,0.278,11.01,-1.0,20,1
P006,HRTF_B,15,0.292,11.2,-1.05,20,1
P006,HRTF_B,15,0.306,11.37,-1.13,20,1
P006,HRTF_B,15,0.319,11.51,-1.21,20,1
P006,HRTF_B,15,0.333,11.63,-1.25,20,1
P006,HRTF_B,15,0.347,11.75,-1.3,20,1
P006,HRTF_B,15,0.361,11.88,-1.3,20,1
P006,HRTF_B,15,0.375,12.05,-1.3,20,1
P006,HRTF_B,15,0.389,12.27,-1.31,20,1
P006,HRTF_B,15,0.403,12.53,-1.31,20,1
P006,HRTF_B,15,0.417,12.85,-1.31,20,1
P006,HRTF_B,15,0.43,13.15,-1.3,20,1
P006,HRTF_B,15,0.444,13.43,-1.26,20,1
P006,HRTF_B,15,0.458,13.72,-1.21,20,1
P006,HRTF_B,15,0.472,13.98,-1.16,20,1
P006,HRTF_B,15,0.486,14.25,-1.14,20,1
P006,HRTF_B,15,0.5,14.54,-1.15,20,1
P006,HRTF_B,15,0.514,14.78,-1.14,20,1
P006,HRTF_B,15,0.528,15.0,-1.17,20,1
P006,HRTF_B,15,0.542,15.21,-1.18,20,1
P006,HRTF_B,15,0.556,15.38,-1.21,20,1
P006,HRTF_B,15,0.569,15.55,-1.24,20,1
P006,HRTF_B,15,0.583,15.69,-1.27,20,1
P006,HRTF_B,15,0.597,15.82,-1.3,20,1
P006,HRTF_B,15,0.611,15.91,-1.31,20,1
P006,HRTF_B,15,0.625,16.01,-1.32,20,1
P006,HRTF_B,15,0.639,16.08,-1.31,20,1
P006,HRTF_B,15,0.653,16.15,-1.31,20,1
P006,HRTF_B,15,0.67,16.2,-1.3,20,1
P006,HRTF_B,15,0.684,16.28,-1.3,20,1
P006,HRTF_B,15,0.697,16.35,-1.3,20,1
P006,HRTF_B,15,0.711,16.44,-1.3,20,1
P006,HRTF_B,15,0.725,16.51,-1.33,20,1
P006,HRTF_B,15,0.74,16.59,-1.36,20,1
P006,HRTF_B,15,0.753,16.64,-1.4,20,1
P006,HRTF_B,15,0.767,16.74,-1.41,20,1
P006,HRTF_B,15,0.781,16.79,-1.44,20,1
P006,HRTF_B,15,0.795,16.87,-1.48,20,1
P006,HRTF_B,15,0.809,16.94,-1.5,20,1
P006,HRTF_B,15,0.822,17.0,-1.52,20,1
P006,HRTF_B,15,0.836,17.03,-1.56,20,1
P006,HRTF_B,15,0.85,17.04,-1.59,20,1
P006,HRTF_B,15,0.864,17.01,-1.59,20,1
P006,HRTF_B,15,0.878,16.96,-1.59,20,1
P006,HRTF_B,15,0.892,16.8,-1.59,20,1
P006,HRTF_B,15,0.906,16.64,-1.56,20,1
P006,HRTF_B,15,0.92,16.34,-1.53,20,1
P006,HRTF_B,15,0.934,16.03,-1.52,20,1
P006,HRTF_B,15,0.947,15.57,-1.51,20,1
P006,HRTF_B,15,0.961,14.9,-1.51,20,1
P006,HRTF_B,15,0.975,14.09,-1.5,20,1
P006,HRTF_B,15,0.989,13.32,-1.52,20,1
P006,HRTF_B,15,1.003,12.23,-1.47,20,1
P006,HRTF_B,15,1.017,11.2,-1.5,20,1
P006,HRTF_B,15,1.031,10.04,-1.55,20,1
P006,HRTF_B,15,1.045,8.73,-1.6,20,1
P006,HRTF_B,15,1.058,7.35,-1.71,20,1
P006,HRTF_B,15,1.073,5.8,-1.83,20,1
P006,HRTF_B,15,1.086,4.18,-1.94,20,1
P006,HRTF_B,15,1.1,2.45,-2.14,20,1
P006,HRTF_B,15,1.114,0.62,-2.34,20,1
P006,HRTF_B,15,1.128,-1.26,-2.63,20,1
P006,HRTF_B,15,1.142,-3.26,-2.95,20,1
P006,HRTF_B,15,1.156,-5.28,-3.29,20,1
P006,HRTF_B,15,1.169,-7.38,-3.56,20,1
P006,HRTF_B,15,1.184,-9.46,-3.86,20,1
P006,HRTF_B,15,1.197,-11.63,-4.11,20,1
P006,HRTF_B,15,1.211,-13.71,-4.35,20,1
P006,HRTF_B,15,1.225,-15.8,-4.66,20,1
P006,HRTF_B,15,1.239,-17.89,-5.03,20,1
P006,HRTF_B,15,1.253,-19.95,-5.5,20,1
P006,HRTF_B,15,1.267,-21.99,-5.96,20,1
P006,HRTF_B,15,1.281,-23.87,-6.47,20,1
P006,HRTF_B,15,1.295,-25.76,-6.94,20,1
P006,HRTF_B,15,1.309,-27.58,-7.49,20,1
P006,HRTF_B,15,1.322,-29.28,-8.02,20,1
P006,HRTF_B,15,1.336,-31.01,-8.56,20,1
P006,HRTF_B,15,1.351,-32.6,-9.11,20,1
P006,HRTF_B,15,1.364,-34.16,-9.75,20,1
P006,HRTF_B,15,1.379,-35.58,-10.28,20,1
P006,HRTF_B,15,1.392,-37.07,-10.79,20,1
P006,HRTF_B,15,1.406,-38.47,-11.31,20,1
P006,HRTF_B,15,1.42,-39.81,-11.79,20,1
P006,HRTF_B,15,1.433,-41.1,-12.22,20,1
P006,HRTF_B,15,1.447,-42.35,-12.48,20,1
P006,HRTF_B,15,1.461,-43.58,-12.83,20,1
P006,HRTF_B,15,1.475,-44.72,-13.03,20,1
P006,HRTF_B,15,1.489,-45.91,-13.29,20,1
P006,HRTF_B,15,1.503,-47.07,-13.57,20,1
P006,HRTF_B,15,1.517,-48.23,-13.81,20,1
P006,HRTF_B,15,1.531,-49.39,-14.04,20,1
P006,HRTF_B,15,1.544,-50.51,-14.19,20,1
P006,HRTF_B,15,1.558,-51.64,-14.3,20,1
P006,HRTF_B,15,1.572,-52.76,-14.5,20,1
P006,HRTF_B,15,1.586,-53.93,-14.79,20,1
P006,HRTF_B,15,1.6,-55.12,-15.14,20,1
P006,HRTF_B,15,1.614,-56.28,-15.48,20,1
P006,HRTF_B,15,1.628,-57.42,-15.8,20,1
P006,HRTF_B,15,1.642,-58.53,-16.15,20,1
P006,HRTF_B,15,1.656,-59.63,-16.68,20,1
P006,HRTF_B,15,1.669,-60.65,-17.37,20,1
P006,HRTF_B,15,1.694,-61.62,-18.01,20,1
P006,HRTF_B,15,1.708,-62.35,-18.83,20,1
P006,HRTF_B,15,1.722,-63.89,-20.41,20,1
P006,HRTF_B,15,1.736,-64.56,-21.36,20,1
P006,HRTF_B,15,1.75,-65.09,-22.39,20,1
P006,HRTF_B,15,1.764,-65.62,-23.32,20,1
P006,HRTF_B,15,1.778,-66.16,-24.21,20,1
P006,HRTF_B,15,1.792,-66.57,-25.16,20,1
P006,HRTF_B,15,1.805,-66.9,-26.18,20,1
P006,HRTF_B,15,1.819,-67.25,-27.15,20,1
P006,HRTF_B,15,1.833,-67.55,-28.1,20,1
P006,HRTF_B,15,1.847,-67.81,-29.05,20,1
P006,HRTF_B,15,1.861,-68.06,-29.96,20,1
P006,HRTF_B,15,1.875,-68.36,-30.79,20,1
P006,HRTF_B,15,1.889,-68.62,-31.56,20,1
P006,HRTF_B,15,1.902,-68.94,-32.39,20,1
P006,HRTF_B,15,1.916,-69.27,-33.17,20,1
P006,HRTF_B,15,1.931,-69.62,-33.91,20,1
P006,HRTF_B,15,1.944,-70.02,-34.53,20,1
P006,HRTF_B,15,1.958,-70.52,-35.07,20,1
P006,HRTF_B,15,1.972,-70.99,-35.51,20,1
P006,HRTF_B,15,1.986,-71.43,-35.99,20,1
P006,HRTF_B,15,2.0,-71.9,-36.37,20,1
P006,HRTF_B,15,2.014,-72.4,-36.72,20,1
P006,HRTF_B,15,2.027,-72.87,-37.0,20,1
P006,HRTF_B,15,2.042,-73.4,-37.22,20,1
P006,HRTF_B,15,2.055,-73.93,-37.36,20,1
P006,HRTF_B,15,2.069,-74.47,-37.48,20,1
P006,HRTF_B,15,2.083,-74.99,-37.5,20,1
P006,HRTF_B,15,2.097,-75.58,-37.59,20,1
P006,HRTF_B,15,2.111,-76.14,-37.63,20,1
P006,HRTF_B,15,2.125,-76.69,-37.6,20,1
P006,HRTF_B,15,2.139,-77.25,-37.48,20,1
P006,HRTF_B,15,2.153,-77.82,-37.33,20,1
P006,HRTF_B,15,2.166,-78.36,-37.11,20,1
P006,HRTF_B,15,2.18,-78.98,-36.84,20,1
P006,HRTF_B,15,2.194,-79.59,-36.46,20,1
P006,HRTF_B,15,2.208,-80.17,-36.11,20,1
P006,HRTF_B,15,2.222,-80.81,-35.46,20,1
P006,HRTF_B,15,2.236,-81.46,-34.93,20,1
P006,HRTF_B,15,2.25,-82.12,-34.14,20,1
P006,HRTF_B,15,2.264,-82.8,-33.35,20,1
P006,HRTF_B,15,2.277,-83.59,-32.41,20,1
P006,HRTF_B,15,2.292,-84.34,-31.64,20,1
P006,HRTF_B,15,2.305,-85.3,-30.68,20,1
P006,HRTF_B,15,2.319,-86.16,-29.73,20,1
P006,HRTF_B,15,2.333,-87.08,-28.51,20,1
P006,HRTF_B,15,2.347,-88.0,-27.25,20,1
P006,HRTF_B,15,2.361,-88.83,-25.85,20,1
P006,HRTF_B,15,2.375,-89.72,-24.22,20,1
P006,HRTF_B,15,2.389,-90.65,-22.58,20,1
P006,HRTF_B,15,2.403,-91.59,-20.76,20,1
P006,HRTF_B,15,2.417,-92.52,-18.89,20,1
P006,HRTF_B,15,2.43,-93.47,-17.13,20,1
P006,HRTF_B,15,2.444,-94.53,-15.32,20,1
P006,HRTF_B,15,2.458,-95.59,-13.63,20,1
P006,HRTF_B,15,2.472,-96.72,-11.98,20,1
P006,HRTF_B,15,2.486,-97.87,-10.4,20,1
P006,HRTF_B,15,2.5,-99.03,-8.93,20,1
P006,HRTF_B,15,2.514,-100.13,-7.58,20,1
P006,HRTF_B,15,2.528,-101.27,-6.41,20,1
P006,HRTF_B,15,2.541,-102.41,-5.26,20,1
P006,HRTF_B,15,2.555,-103.53,-4.18,20,1
P006,HRTF_B,15,2.569,-104.66,-3.33,20,1
P006,HRTF_B,15,2.583,-105.74,-2.48,20,1
P006,HRTF_B,15,2.597,-106.8,-1.87,20,1
P006,HRTF_B,15,2.611,-107.77,-1.33,20,1
P006,HRTF_B,15,2.625,-108.83,-0.79,20,1
P006,HRTF_B,15,2.639,-109.77,-0.4,20,1
P006,HRTF_B,15,2.653,-110.71,-0.07,20,1
P006,HRTF_B,15,2.667,-111.62,0.16,20,1
P006,HRTF_B,15,2.68,-112.57,0.2,20,1
P006,HRTF_B,15,2.694,-113.55,0.14,20,1
P006,HRTF_B,15,2.708,-114.5,0.12,20,1
P006,HRTF_B,15,2.722,-115.26,0.06,20,1
P006,HRTF_B,15,2.736,-116.01,0.02,20,1
P006,HRTF_B,15,2.75,-116.75,-0.03,20,1
P006,HRTF_B,15,2.764,-117.5,-0.08,20,1
P006,HRTF_B,15,2.778,-118.17,-0.07,20,1
P006,HRTF_B,15,2.792,-118.73,-0.1,20,1
P006,HRTF_B,15,2.806,-119.02,-0.08,20,1
P006,HRTF_B,15,2.819,-119.36,-0.15,20,1
P006,HRTF_B,15,2.833,-119.73,-0.22,20,1
P006,HRTF_B,15,2.847,-120.15,-0.3,20,1
P006,HRTF_B,15,2.861,-120.55,-0.36,20,1
P006,HRTF_B,15,2.875,-121.01,-0.43,20,1
P006,HRTF_B,15,2.889,-121.61,-0.63,20,1
P006,HRTF_B,15,2.903,-122.27,-1.01,20,1
P006,HRTF_B,15,2.917,-122.9,-1.43,20,1
P006,HRTF_B,15,2.931,-123.47,-1.76,20,1
P006,HRTF_B,15,2.945,-124.0,-2.14,20,1
P006,HRTF_B,15,2.958,-124.57,-2.5,20,1
P006,HRTF_B,15,2.972,-125.05,-2.89,20,1
P006,HRTF_B,15,2.986,-125.42,-3.24,20,1
P006,HRTF_B,15,3.0,-125.63,-3.6,20,1
P006,HRTF_B,15,3.014,-125.96,-3.94,20,1
P006,HRTF_B,15,3.028,-126.35,-4.24,20,1
P006,HRTF_B,15,3.042,-126.75,-4.64,20,1
P006,HRTF_B,15,3.055,-127.11,-5.09,20,1
P006,HRTF_B,15,3.069,-127.44,-5.55,20,1
P006,HRTF_B,15,3.083,-127.76,-5.97,20,1
P006,HRTF_B,15,3.097,-128.1,-6.34,20,1
P006,HRTF_B,15,3.111,-128.43,-6.67,20,1
P006,HRTF_B,15,3.125,-128.66,-7.07,20,1
P006,HRTF_B,15,3.139,-128.9,-7.47,20,1
P006,HRTF_B,15,3.153,-129.28,-7.89,20,1
P006,HRTF_B,15,3.166,-129.68,-8.22,20,1
P006,HRTF_B,15,3.181,-130.07,-8.45,20,1
P006,HRTF_B,15,3.194,-130.44,-8.61,20,1
P006,HRTF_B,15,3.209,-130.85,-8.71,20,1
P006,HRTF_B,15,3.222,-131.46,-8.63,20,1
P006,HRTF_B,16,0.014,0.76,0.05,6,1
P006,HRTF_B,16,0.028,0.84,0.03,6,1
P006,HRTF_B,16,0.042,0.91,0.01,6,1
P006,HRTF_B,16,0.056,0.96,-0.03,6,1
P006,HRTF_B,16,0.069,1.03,-0.04,6,1
P006,HRTF_B,16,0.083,1.08,-0.09,6,1
P006,HRTF_B,16,0.097,1.12,-0.13,6,1
P006,HRTF_B,16,0.111,1.18,-0.16,6,1
P006,HRTF_B,16,0.125,1.24,-0.18,6,1
P006,HRTF_B,16,0.139,1.27,-0.19,6,1
P006,HRTF_B,16,0.153,1.35,-0.2,6,1
P006,HRTF_B,16,0.167,1.41,-0.23,6,1
P006,HRTF_B,16,0.181,1.47,-0.27,6,1
P006,HRTF_B,16,0.195,1.52,-0.32,6,1
P006,HRTF_B,16,0.208,1.58,-0.34,6,1
P006,HRTF_B,16,0.222,1.64,-0.35,6,1
P006,HRTF_B,16,0.236,1.71,-0.34,6,1
P006,HRTF_B,16,0.25,1.77,-0.35,6,1
P006,HRTF_B,16,0.264,1.83,-0.39,6,1
P006,HRTF_B,16,0.278,1.9,-0.43,6,1
P006,HRTF_B,16,0.292,1.94,-0.45,6,1
P006,HRTF_B,16,0.306,2.01,-0.47,6,1
P006,HRTF_B,16,0.319,2.07,-0.5,6,1
P006,HRTF_B,16,0.333,2.13,-0.51,6,1
P006,HRTF_B,16,0.347,2.2,-0.53,6,1
P006,HRTF_B,16,0.361,2.24,-0.56,6,1
P006,HRTF_B,16,0.375,2.29,-0.59,6,1
P006,HRTF_B,16,0.389,2.3,-0.61,6,1
P006,HRTF_B,16,0.403,2.3,-0.63,6,1
P006,HRTF_B,16,0.416,2.3,-0.63,6,1
P006,HRTF_B,16,0.43,2.29,-0.62,6,1
P006,HRTF_B,16,0.445,2.27,-0.63,6,1
P006,HRTF_B,16,0.458,2.27,-0.63,6,1
P006,HRTF_B,16,0.472,2.22,-0.6,6,1
P006,HRTF_B,16,0.486,2.15,-0.56,6,1
P006,HRTF_B,16,0.5,2.11,-0.54,6,1
P006,HRTF_B,16,0.514,2.05,-0.54,6,1
P006,HRTF_B,16,0.528,1.98,-0.54,6,1
P006,HRTF_B,16,0.542,1.91,-0.53,6,1
P006,HRTF_B,16,0.555,1.83,-0.52,6,1
P006,HRTF_B,16,0.569,1.74,-0.53,6,1
P006,HRTF_B,16,0.583,1.65,-0.56,6,1
P006,HRTF_B,16,0.597,1.56,-0.59,6,1
P006,HRTF_B,16,0.611,1.46,-0.63,6,1
P006,HRTF_B,16,0.625,1.37,-0.65,6,1
P006,HRTF_B,16,0.639,1.27,-0.66,6,1
P006,HRTF_B,16,0.653,1.15,-0.67,6,1
P006,HRTF_B,16,0.667,1.05,-0.68,6,1
P006,HRTF_B,16,0.68,0.95,-0.68,6,1
P006,HRTF_B,16,0.694,0.84,-0.69,6,1
P006,HRTF_B,16,0.708,0.75,-0.67,6,1
P006,HRTF_B,16,0.722,0.65,-0.65,6,1
P006,HRTF_B,16,0.736,0.55,-0.64,6,1
P006,HRTF_B,16,0.75,0.46,-0.62,6,1
P006,HRTF_B,16,0.764,0.37,-0.59,6,1
P006,HRTF_B,16,0.778,0.28,-0.56,6,1
P006,HRTF_B,16,0.792,0.2,-0.55,6,1
P006,HRTF_B,16,0.805,0.1,-0.54,6,1
P006,HRTF_B,16,0.819,0.0,-0.52,6,1
P006,HRTF_B,16,0.833,-0.1,-0.52,6,1
P006,HRTF_B,16,0.847,-0.2,-0.51,6,1
P006,HRTF_B,16,0.861,-0.3,-0.51,6,1
P006,HRTF_B,16,0.875,-0.41,-0.5,6,1
P006,HRTF_B,16,0.889,-0.5,-0.49,6,1
P006,HRTF_B,16,0.903,-0.61,-0.49,6,1
P006,HRTF_B,16,0.917,-0.7,-0.5,6,1
P006,HRTF_B,16,0.931,-0.81,-0.53,6,1
P006,HRTF_B,16,0.944,-0.89,-0.55,6,1
P006,HRTF_B,16,0.958,-0.91,-0.58,6,1
P006,HRTF_B,16,0.972,-0.88,-0.63,6,1
P006,HRTF_B,16,0.986,-0.8,-0.66,6,1
P006,HRTF_B,16,1.0,-0.65,-0.71,6,1
P006,HRTF_B,16,1.014,-0.51,-0.74,6,1
P006,HRTF_B,16,1.028,-0.29,-0.76,6,1
P006,HRTF_B,16,1.042,-0.03,-0.8,6,1
P006,HRTF_B,16,1.055,0.33,-0.86,6,1
P006,HRTF_B,16,1.069,0.86,-0.98,6,1
P006,HRTF_B,16,1.083,1.62,-1.18,6,1
P006,HRTF_B,16,1.097,2.43,-1.39,6,1
P006,HRTF_B,16,1.111,3.39,-1.62,6,1
P006,HRTF_B,16,1.125,4.46,-1.83,6,1
P006,HRTF_B,16,1.139,5.7,-2.1,6,1
P006,HRTF_B,16,1.153,7.17,-2.46,6,1
P006,HRTF_B,16,1.167,8.71,-2.8,6,1
P006,HRTF_B,16,1.18,10.44,-3.09,6,1
P006,HRTF_B,16,1.194,12.25,-3.34,6,1
P006,HRTF_B,16,1.208,14.11,-3.58,6,1
P006,HRTF_B,16,1.222,16.22,-3.92,6,1
P006,HRTF_B,16,1.236,18.46,-4.28,6,1
P006,HRTF_B,16,1.25,20.85,-4.62,6,1
P006,HRTF_B,16,1.264,23.09,-4.84,6,1
P006,HRTF_B,16,1.278,25.32,-5.02,6,1
P006,HRTF_B,16,1.291,27.54,-5.3,6,1
P006,HRTF_B,16,1.305,29.82,-5.72,6,1
P006,HRTF_B,16,1.319,32.23,-6.21,6,1
P006,HRTF_B,16,1.333,34.56,-6.67,6,1
P006,HRTF_B,16,1.347,36.66,-7.0,6,1
P006,HRTF_B,16,1.361,38.65,-7.27,6,1
P006,HRTF_B,16,1.375,40.57,-7.52,6,1
P006,HRTF_B,17,0.014,-6.01,1.77,1,1
P006,HRTF_B,18,0.014,-6.42,0.37,12,1
P006,HRTF_B,18,0.028,-6.43,0.38,12,1
P006,HRTF_B,18,0.041,-6.41,0.41,12,1
P006,HRTF_B,18,0.055,-6.42,0.44,12,1
P006,HRTF_B,18,0.069,-6.42,0.47,12,1
P006,HRTF_B,18,0.084,-6.44,0.49,12,1
P006,HRTF_B,18,0.097,-6.43,0.51,12,1
P006,HRTF_B,18,0.111,-6.44,0.51,12,1
P006,HRTF_B,18,0.125,-6.44,0.49,12,1
P006,HRTF_B,18,0.139,-6.45,0.48,12,1
P006,HRTF_B,18,0.153,-6.46,0.48,12,1
P006,HRTF_B,18,0.167,-6.46,0.48,12,1
P006,HRTF_B,18,0.181,-6.46,0.47,12,1
P006,HRTF_B,18,0.194,-6.47,0.44,12,1
P006,HRTF_B,18,0.208,-6.47,0.38,12,1
P006,HRTF_B,18,0.222,-6.47,0.33,12,1
P006,HRTF_B,18,0.236,-6.45,0.3,12,1
P006,HRTF_B,18,0.25,-6.43,0.29,12,1
P006,HRTF_B,18,0.264,-6.41,0.25,12,1
P006,HRTF_B,18,0.278,-6.38,0.22,12,1
P006,HRTF_B,18,0.291,-6.35,0.2,12,1
P006,HRTF_B,18,0.306,-6.32,0.19,12,1
P006,HRTF_B,18,0.319,-6.29,0.16,12,1
P006,HRTF_B,18,0.333,-6.26,0.18,12,1
P006,HRTF_B,18,0.347,-6.22,0.19,12,1
P006,HRTF_B,18,0.361,-6.17,0.2,12,1
P006,HRTF_B,18,0.375,-6.13,0.2,12,1
P006,HRTF_B,18,0.389,-6.09,0.19,12,1
P006,HRTF_B,18,0.403,-6.05,0.17,12,1
P006,HRTF_B,18,0.417,-5.99,0.15,12,1
P006,HRTF_B,18,0.431,-5.92,0.12,12,1
P006,HRTF_B,18,0.444,-5.85,0.11,12,1
P006,HRTF_B,18,0.458,-5.78,0.1,12,1
P006,HRTF_B,18,0.472,-5.7,0.09,12,1
P006,HRTF_B,18,0.486,-5.62,0.06,12,1
P006,HRTF_B,18,0.5,-5.53,0.03,12,1
P006,HRTF_B,18,0.514,-5.44,0.02,12,1
P006,HRTF_B,18,0.528,-5.34,-0.01,12,1
P006,HRTF_B,18,0.541,-5.25,-0.04,12,1
P006,HRTF_B,18,0.555,-5.16,-0.07,12,1
P006,HRTF_B,18,0.569,-5.08,-0.1,12,1
P006,HRTF_B,18,0.583,-5.03,-0.15,12,1
P006,HRTF_B,18,0.597,-5.01,-0.17,12,1
P006,HRTF_B,18,0.611,-5.06,-0.21,12,1
P006,HRTF_B,18,0.624,-5.18,-0.28,12,1
P006,HRTF_B,18,0.638,-5.4,-0.38,12,1
P006,HRTF_B,18,0.652,-5.79,-0.52,12,1
P006,HRTF_B,18,0.667,-6.27,-0.64,12,1
P006,HRTF_B,18,0.68,-6.85,-0.77,12,1
P006,HRTF_B,18,0.694,-7.46,-0.92,12,1
P006,HRTF_B,18,0.708,-8.24,-1.11,12,1
P006,HRTF_B,18,0.722,-9.2,-1.34,12,1
P006,HRTF_B,18,0.736,-10.29,-1.71,12,1
P006,HRTF_B,18,0.75,-11.45,-2.04,12,1
P006,HRTF_B,18,0.764,-12.67,-2.36,12,1
P006,HRTF_B,18,0.777,-13.94,-2.71,12,1
P006,HRTF_B,18,0.791,-15.28,-3.05,12,1
P006,HRTF_B,18,0.805,-16.62,-3.34,12,1
P006,HRTF_B,18,0.819,-17.98,-3.62,12,1
P006,HRTF_B,18,0.833,-19.35,-3.89,12,1
P006,HRTF_B,18,0.847,-20.68,-4.23,12,1
P006,HRTF_B,18,0.861,-21.99,-4.56,12,1
P006,HRTF_B,18,0.875,-23.3,-4.86,12,1
P006,HRTF_B,18,0.888,-24.6,-5.25,12,1
P006,HRTF_B,18,0.902,-25.88,-5.65,12,1
P006,HRTF_B,18,0.916,-27.2,-6.05,12,1
P006,HRTF_B,18,0.93,-28.39,-6.48,12,1
P006,HRTF_B,18,0.944,-29.54,-6.83,12,1
P006,HRTF_B,18,0.958,-30.58,-7.18,12,1
P006,HRTF_B,18,0.972,-31.59,-7.52,12,1
P006,HRTF_B,18,0.986,-32.46,-7.83,12,1
P006,HRTF_B,18,1.0,-33.37,-8.12,12,1
P006,HRTF_B,18,1.014,-34.23,-8.48,12,1
P006,HRTF_B,18,1.027,-35.12,-8.73,12,1
P006,HRTF_B,18,1.041,-35.98,-9.04,12,1
P006,HRTF_B,18,1.055,-36.77,-9.26,12,1
P006,HRTF_B,18,1.069,-37.55,-9.49,12,1
P006,HRTF_B,18,1.083,-38.3,-9.65,12,1
P006,HRTF_B,18,1.097,-39.06,-9.83,12,1
P006,HRTF_B,18,1.111,-39.75,-9.96,12,1
P006,HRTF_B,18,1.124,-40.37,-10.04,12,1
P006,HRTF_B,18,1.138,-40.79,-10.09,12,1
P006,HRTF_B,18,1.152,-41.06,-10.03,12,1
P006,HRTF_B,18,1.166,-41.21,-9.96,12,1
P006,HRTF_B,18,1.181,-41.22,-9.81,12,1
P006,HRTF_B,18,1.194,-41.0,-9.65,12,1
P006,HRTF_B,18,1.208,-40.74,-9.53,12,1
P006,HRTF_B,18,1.222,-40.17,-9.39,12,1
P006,HRTF_B,18,1.236,-39.39,-9.25,12,1
P006,HRTF_B,18,1.249,-38.3,-9.13,12,1
P006,HRTF_B,18,1.264,-37.23,-8.98,12,1
P006,HRTF_B,18,1.277,-35.71,-8.85,12,1
P006,HRTF_B,18,1.291,-33.98,-8.77,12,1
P006,HRTF_B,18,1.305,-32.11,-8.72,12,1
P006,HRTF_B,18,1.319,-30.13,-8.66,12,1
P006,HRTF_B,18,1.333,-28.04,-8.52,12,1
P006,HRTF_B,18,1.347,-25.99,-8.38,12,1
P006,HRTF_B,18,1.361,-23.77,-8.24,12,1
P006,HRTF_B,18,1.375,-21.55,-8.15,12,1
P006,HRTF_B,18,1.388,-19.13,-8.08,12,1
P006,HRTF_B,18,1.402,-16.91,-7.98,12,1
P006,HRTF_B,18,1.416,-14.59,-7.87,12,1
P006,HRTF_B,18,1.43,-12.21,-7.81,12,1
P006,HRTF_B,18,1.444,-9.82,-7.77,12,1
P006,HRTF_B,18,1.458,-7.36,-7.74,12,1
P006,HRTF_B,18,1.471,-4.96,-7.71,12,1
P006,HRTF_B,18,1.485,-2.61,-7.64,12,1
P006,HRTF_B,18,1.499,-0.33,-7.61,12,1
P006,HRTF_B,18,1.513,1.98,-7.57,12,1
P006,HRTF_B,18,1.527,4.21,-7.56,12,1
P006,HRTF_B,18,1.541,6.41,-7.53,12,1
P006,HRTF_B,18,1.555,8.55,-7.55,12,1
P006,HRTF_B,18,1.569,10.6,-7.51,12,1
P006,HRTF_B,18,1.583,12.53,-7.44,12,1
P006,HRTF_B,18,1.596,14.46,-7.39,12,1
P006,HRTF_B,18,1.61,16.33,-7.34,12,1
P006,HRTF_B,18,1.624,18.13,-7.29,12,1
P006,HRTF_B,18,1.638,19.8,-7.25,12,1
P006,HRTF_B,18,1.652,21.42,-7.21,12,1
P006,HRTF_B,18,1.666,23.01,-7.15,12,1
P006,HRTF_B,18,1.68,24.6,-7.11,12,1
P006,HRTF_B,18,1.694,26.11,-7.05,12,1
P006,HRTF_B,18,1.708,27.6,-7.0,12,1
P006,HRTF_B,18,1.722,29.09,-6.92,12,1
P006,HRTF_B,18,1.735,30.44,-6.8,12,1
P006,HRTF_B,18,1.749,31.8,-6.71,12,1
P006,HRTF_B,18,1.763,33.09,-6.65,12,1
P006,HRTF_B,18,1.777,34.33,-6.57,12,1
P006,HRTF_B,18,1.791,35.56,-6.52,12,1
P006,HRTF_B,18,1.805,36.68,-6.55,12,1
P006,HRTF_B,18,1.819,37.9,-6.58,12,1
P006,HRTF_B,18,1.833,38.98,-6.68,12,1
P006,HRTF_B,18,1.847,40.16,-6.69,12,1
P006,HRTF_B,18,1.861,41.31,-6.77,12,1
P006,HRTF_B,18,1.874,42.53,-6.87,12,1
P006,HRTF_B,18,1.888,43.74,-7.01,12,1
P006,HRTF_B,18,1.902,44.98,-7.11,12,1
P006,HRTF_B,18,1.916,46.23,-7.18,12,1
P006,HRTF_B,18,1.93,47.49,-7.35,12,1
P006,HRTF_B,18,1.944,48.69,-7.46,12,1
P006,HRTF_B,18,1.958,49.93,-7.64,12,1
P006,HRTF_B,18,1.971,51.12,-7.8,12,1
P006,HRTF_B,18,1.985,52.27,-7.93,12,1
P006,HRTF_B,18,1.999,53.39,-8.12,12,1
P006,HRTF_B,18,2.013,54.52,-8.27,12,1
P006,HRTF_B,18,2.027,55.62,-8.48,12,1
P006,HRTF_B,18,2.041,56.69,-8.63,12,1
P006,HRTF_B,18,2.055,57.77,-8.75,12,1
P006,HRTF_B,18,2.069,58.81,-8.81,12,1
P006,HRTF_B,18,2.082,59.86,-8.86,12,1
P006,HRTF_B,18,2.096,60.83,-8.83,12,1
P006,HRTF_B,18,2.11,61.78,-8.65,12,1
P006,HRTF_B,18,2.124,62.65,-8.25,12,1
P006,HRTF_B,18,2.138,63.39,-7.8,12,1
P006,HRTF_B,18,2.152,64.02,-7.15,12,1
P006,HRTF_B,18,2.166,64.47,-6.43,12,1
P006,HRTF_B,18,2.18,64.85,-5.66,12,1
P006,HRTF_B,18,2.194,65.2,-4.95,12,1
P006,HRTF_B,18,2.208,65.61,-4.3,12,1
P006,HRTF_B,18,2.221,66.07,-3.75,12,1
P006,HRTF_B,18,2.235,66.53,-3.21,12,1
P006,HRTF_B,18,2.249,66.98,-2.77,12,1
P006,HRTF_B,18,2.263,67.46,-2.27,12,1
P006,HRTF_B,18,2.277,68.0,-1.78,12,1
P006,HRTF_B,18,2.291,68.52,-1.24,12,1
P006,HRTF_B,18,2.305,69.06,-0.57,12,1
P006,HRTF_B,18,2.319,69.55,0.12,12,1
P006,HRTF_B,18,2.333,69.98,0.71,12,1
P006,HRTF_B,18,2.346,70.42,1.26,12,1
P006,HRTF_B,18,2.361,70.82,1.75,12,1
P006,HRTF_B,18,2.375,71.17,2.3,12,1
P006,HRTF_B,18,2.389,71.54,2.95,12,1
P006,HRTF_B,18,2.402,71.92,3.56,12,1
P006,HRTF_B,18,2.416,72.48,4.0,12,1
P006,HRTF_B,18,2.43,73.13,4.37,12,1
P006,HRTF_B,18,2.444,73.99,4.66,12,1
P006,HRTF_B,18,2.458,74.88,4.94,12,1
P006,HRTF_B,18,2.472,75.91,5.34,12,1
P006,HRTF_B,18,2.485,76.96,5.7,12,1
P006,HRTF_B,18,2.499,78.14,5.97,12,1
P006,HRTF_B,18,2.513,79.35,6.19,12,1
P006,HRTF_B,18,2.527,80.56,6.34,12,1
P006,HRTF_B,18,2.541,81.85,6.39,12,1
P006,HRTF_B,18,2.555,83.15,6.35,12,1
P006,HRTF_B,18,2.569,84.49,6.4,12,1
P006,HRTF_B,18,2.582,85.82,6.48,12,1
P006,HRTF_B,18,2.596,87.15,6.57,12,1
P006,HRTF_B,18,2.61,88.46,6.6,12,1
P006,HRTF_B,18,2.624,89.74,6.55,12,1
P006,HRTF_B,18,2.638,91.03,6.37,12,1
P006,HRTF_B,18,2.652,92.26,6.14,12,1
P006,HRTF_B,18,2.666,93.49,5.82,12,1
P006,HRTF_B,18,2.68,94.64,5.57,12,1
P006,HRTF_B,18,2.693,95.77,5.29,12,1
P006,HRTF_B,18,2.708,96.82,5.05,12,1
P006,HRTF_B,18,2.721,97.82,4.88,12,1
P006,HRTF_B,18,2.735,98.78,4.64,12,1
P006,HRTF_B,18,2.749,99.69,4.44,12,1
P006,HRTF_B,18,2.763,100.58,4.23,12,1
P006,HRTF_B,18,2.777,101.43,3.96,12,1
P006,HRTF_B,18,2.791,102.19,3.72,12,1
P006,HRTF_B,18,2.805,102.97,3.48,12,1
P006,HRTF_B,18,2.818,103.72,3.25,12,1
P006,HRTF_B,18,2.832,104.36,3.05,12,1
P006,HRTF_B,18,2.846,105.13,2.84,12,1
P006,HRTF_B,18,2.86,105.94,2.55,12,1
P006,HRTF_B,18,2.874,106.77,2.33,12,1
P006,HRTF_B,18,2.888,107.62,2.13,12,1
P006,HRTF_B,18,2.902,108.51,1.94,12,1
P006,HRTF_B,18,2.916,109.59,1.67,12,1
P006,HRTF_B,18,2.93,110.66,1.42,12,1
P006,HRTF_B,18,2.944,111.81,1.14,12,1
P006,HRTF_B,18,2.957,113.01,0.89,12,1
P006,HRTF_B,18,2.971,114.25,0.63,12,1
P006,HRTF_B,18,2.985,115.44,0.36,12,1
P006,HRTF_B,18,2.999,116.63,0.14,12,1
P006,HRTF_B,18,3.013,117.77,0.01,12,1
P006,HRTF_B,18,3.027,118.9,0.04,12,1
P006,HRTF_B,18,3.041,120.01,0.12,12,1
P006,HRTF_B,18,3.055,121.07,0.45,12,1
P006,HRTF_B,18,3.069,122.05,0.78,12,1
P006,HRTF_B,19,0.014,-0.28,-0.44,17,1
P006,HRTF_B,19,0.028,-0.32,-0.44,17,1
P006,HRTF_B,19,0.042,-0.37,-0.42,17,1
P006,HRTF_B,19,0.056,-0.41,-0.37,17,1
P006,HRTF_B,19,0.07,-0.44,-0.33,17,1
P006,HRTF_B,19,0.084,-0.46,-0.27,17,1
P006,HRTF_B,19,0.097,-0.48,-0.23,17,1
P006,HRTF_B,19,0.111,-0.47,-0.18,17,1
P006,HRTF_B,19,0.125,-0.46,-0.15,17,1
P006,HRTF_B,19,0.139,-0.45,-0.11,17,1
P006,HRTF_B,19,0.153,-0.43,-0.09,17,1
P006,HRTF_B,19,0.167,-0.39,-0.06,17,1
P006,HRTF_B,19,0.181,-0.35,-0.07,17,1
P006,HRTF_B,19,0.195,-0.32,-0.1,17,1
P006,HRTF_B,19,0.208,-0.28,-0.11,17,1
P006,HRTF_B,19,0.223,-0.23,-0.14,17,1
P006,HRTF_B,19,0.236,-0.19,-0.15,17,1
P006,HRTF_B,19,0.25,-0.15,-0.17,17,1
P006,HRTF_B,19,0.264,-0.09,-0.18,17,1
P006,HRTF_B,19,0.278,-0.02,-0.2,17,1
P006,HRTF_B,19,0.292,0.04,-0.23,17,1
P006,HRTF_B,19,0.306,0.12,-0.26,17,1
P006,HRTF_B,19,0.32,0.2,-0.31,17,1
P006,HRTF_B,19,0.334,0.3,-0.35,17,1
P006,HRTF_B,19,0.347,0.4,-0.37,17,1
P006,HRTF_B,19,0.361,0.52,-0.38,17,1
P006,HRTF_B,19,0.375,0.63,-0.36,17,1
P006,HRTF_B,19,0.389,0.79,-0.33,17,1
P006,HRTF_B,19,0.403,0.96,-0.31,17,1
P006,HRTF_B,19,0.417,1.14,-0.3,17,1
P006,HRTF_B,19,0.431,1.33,-0.29,17,1
P006,HRTF_B,19,0.445,1.53,-0.31,17,1
P006,HRTF_B,19,0.459,1.74,-0.33,17,1
P006,HRTF_B,19,0.472,1.97,-0.33,17,1
P006,HRTF_B,19,0.486,2.19,-0.32,17,1
P006,HRTF_B,19,0.5,2.41,-0.32,17,1
P006,HRTF_B,19,0.514,2.61,-0.33,17,1
P006,HRTF_B,19,0.528,2.82,-0.36,17,1
P006,HRTF_B,19,0.542,3.01,-0.38,17,1
P006,HRTF_B,19,0.556,3.19,-0.41,17,1
P006,HRTF_B,19,0.57,3.38,-0.45,17,1
P006,HRTF_B,19,0.584,3.57,-0.5,17,1
P006,HRTF_B,19,0.597,3.76,-0.55,17,1
P006,HRTF_B,19,0.611,3.93,-0.59,17,1
P006,HRTF_B,19,0.625,4.13,-0.64,17,1
P006,HRTF_B,19,0.639,4.32,-0.7,17,1
P006,HRTF_B,19,0.653,4.53,-0.75,17,1
P006,HRTF_B,19,0.667,4.74,-0.79,17,1
P006,HRTF_B,19,0.68,4.97,-0.84,17,1
P006,HRTF_B,19,0.694,5.21,-0.88,17,1
P006,HRTF_B,19,0.708,5.46,-0.91,17,1
P006,HRTF_B,19,0.723,5.74,-0.94,17,1
P006,HRTF_B,19,0.736,6.01,-0.96,17,1
P006,HRTF_B,19,0.75,6.3,-0.98,17,1
P006,HRTF_B,19,0.764,6.61,-0.99,17,1
P006,HRTF_B,19,0.778,6.9,-0.97,17,1
P006,HRTF_B,19,0.792,7.22,-0.99,17,1
P006,HRTF_B,19,0.806,7.56,-0.97,17,1
P006,HRTF_B,19,0.819,7.89,-0.98,17,1
P006,HRTF_B,19,0.833,8.23,-0.99,17,1
P006,HRTF_B,19,0.847,8.57,-1.0,17,1
P006,HRTF_B,19,0.861,8.93,-0.99,17,1
P006,HRTF_B,19,0.875,9.28,-0.98,17,1
P006,HRTF_B,19,0.889,9.63,-0.97,17,1
P006,HRTF_B,19,0.903,9.95,-0.94,17,1
P006,HRTF_B,19,0.917,10.27,-0.93,17,1
P006,HRTF_B,19,0.931,10.62,-0.97,17,1
P006,HRTF_B,19,0.944,10.92,-0.96,17,1
P006,HRTF_B,19,0.958,11.22,-0.99,17,1
P006,HRTF_B,19,0.972,11.51,-1.0,17,1
P006,HRTF_B,19,0.986,11.77,-1.02,17,1
P006,HRTF_B,19,1.0,12.02,-1.05,17,1
P006,HRTF_B,19,1.014,12.23,-1.08,17,1
P006,HRTF_B,19,1.028,12.45,-1.1,17,1
P006,HRTF_B,19,1.042,12.64,-1.14,17,1
P006,HRTF_B,19,1.056,12.8,-1.18,17,1
P006,HRTF_B,19,1.069,12.96,-1.22,17,1
P006,HRTF_B,19,1.083,13.09,-1.26,17,1
P006,HRTF_B,19,1.097,13.21,-1.31,17,1
P006,HRTF_B,19,1.111,13.3,-1.35,17,1
P006,HRTF_B,19,1.125,13.38,-1.38,17,1
P006,HRTF_B,19,1.139,13.42,-1.44,17,1
P006,HRTF_B,19,1.153,13.45,-1.46,17,1
P006,HRTF_B,19,1.167,13.46,-1.48,17,1
P006,HRTF_B,19,1.181,13.45,-1.53,17,1
P006,HRTF_B,19,1.195,13.42,-1.61,17,1
P006,HRTF_B,19,1.208,13.35,-1.69,17,1
P006,HRTF_B,19,1.222,13.22,-1.84,17,1
P006,HRTF_B,19,1.236,13.03,-1.96,17,1
P006,HRTF_B,19,1.25,12.78,-2.06,17,1
P006,HRTF_B,19,1.264,12.51,-2.14,17,1
P006,HRTF_B,19,1.278,12.11,-2.24,17,1
P006,HRTF_B,19,1.292,11.58,-2.42,17,1
P006,HRTF_B,19,1.306,10.93,-2.62,17,1
P006,HRTF_B,19,1.319,10.21,-2.77,17,1
P006,HRTF_B,19,1.333,9.47,-2.85,17,1
P006,HRTF_B,19,1.347,8.71,-2.91,17,1
P006,HRTF_B,19,1.361,7.95,-3.01,17,1
P006,HRTF_B,19,1.375,7.19,-3.19,17,1
P006,HRTF_B,19,1.389,6.39,-3.42,17,1
P006,HRTF_B,19,1.403,5.59,-3.64,17,1
P006,HRTF_B,19,1.417,4.76,-3.87,17,1
P006,HRTF_B,19,1.431,3.95,-4.05,17,1
P006,HRTF_B,19,1.445,3.21,-4.21,17,1
P006,HRTF_B,19,1.458,2.48,-4.37,17,1
P006,HRTF_B,19,1.472,1.86,-4.55,17,1
P006,HRTF_B,19,1.486,1.19,-4.69,17,1
P006,HRTF_B,19,1.5,0.56,-4.91,17,1
P006,HRTF_B,19,1.514,-0.03,-5.06,17,1
P006,HRTF_B,19,1.528,-0.6,-5.27,17,1
P006,HRTF_B,19,1.542,-1.17,-5.51,17,1
P006,HRTF_B,19,1.556,-1.66,-5.72,17,1
P006,HRTF_B,19,1.57,-2.14,-5.88,17,1
P006,HRTF_B,19,1.583,-2.63,-6.02,17,1
P006,HRTF_B,19,1.597,-3.09,-6.21,17,1
P006,HRTF_B,19,1.611,-3.54,-6.43,17,1
P006,HRTF_B,19,1.625,-3.94,-6.77,17,1
P006,HRTF_B,19,1.639,-4.32,-7.17,17,1
P006,HRTF_B,19,1.653,-4.68,-7.43,17,1
P006,HRTF_B,19,1.667,-4.99,-7.7,17,1
P006,HRTF_B,19,1.681,-5.31,-8.03,17,1
P006,HRTF_B,19,1.694,-5.54,-8.55,17,1
P006,HRTF_B,19,1.708,-5.76,-9.1,17,1
P006,HRTF_B,19,1.722,-5.94,-9.61,17,1
P006,HRTF_B,19,1.736,-6.03,-10.06,17,1
P006,HRTF_B,19,1.75,-6.09,-10.56,17,1
P006,HRTF_B,19,1.764,-6.03,-11.07,17,1
P006,HRTF_B,19,1.778,-5.9,-11.63,17,1
P006,HRTF_B,19,1.792,-5.75,-12.19,17,1
P006,HRTF_B,19,1.805,-5.53,-12.74,17,1
P006,HRTF_B,19,1.819,-5.25,-13.36,17,1
P006,HRTF_B,19,1.833,-4.87,-14.18,17,1
P006,HRTF_B,19,1.847,-4.37,-15.06,17,1
P006,HRTF_B,19,1.861,-3.78,-15.9,17,1
P006,HRTF_B,19,1.875,-3.11,-16.68,17,1
P006,HRTF_B,19,1.889,-2.39,-17.5,17,1
P006,HRTF_B,19,1.903,-1.37,-18.44,17,1
P006,HRTF_B,19,1.917,0.02,-19.44,17,1
P006,HRTF_B,19,1.931,1.33,-20.39,17,1
P006,HRTF_B,19,1.944,2.84,-21.26,17,1
P006,HRTF_B,19,1.958,4.28,-22.04,17,1
P006,HRTF_B,19,1.972,5.74,-22.83,17,1
P006,HRTF_B,19,1.986,7.23,-23.71,17,1
P006,HRTF_B,19,2.0,8.85,-24.68,17,1
P006,HRTF_B,19,2.014,10.46,-25.62,17,1
P006,HRTF_B,19,2.028,12.03,-26.45,17,1
P006,HRTF_B,19,2.042,13.45,-27.29,17,1
P006,HRTF_B,19,2.056,14.83,-28.16,17,1
P006,HRTF_B,19,2.069,16.09,-29.11,17,1
P006,HRTF_B,19,2.083,17.25,-30.0,17,1
P006,HRTF_B,19,2.097,18.34,-30.87,17,1
P006,HRTF_B,19,2.111,19.3,-31.61,17,1
P006,HRTF_B,19,2.125,20.07,-32.21,17,1
P006,HRTF_B,19,2.139,20.61,-32.66,17,1
P006,HRTF_B,19,2.153,21.05,-33.11,17,1
P006,HRTF_B,19,2.167,21.31,-33.56,17,1
P006,HRTF_B,19,2.18,21.38,-34.06,17,1
P006,HRTF_B,19,2.195,21.1,-34.54,17,1
P006,HRTF_B,19,2.208,20.78,-35.0,17,1
P006,HRTF_B,19,2.222,20.24,-35.34,17,1
P006,HRTF_B,19,2.236,19.63,-35.59,17,1
P006,HRTF_B,19,2.25,19.03,-35.81,17,1
P006,HRTF_B,19,2.264,18.42,-36.04,17,1
P006,HRTF_B,19,2.278,17.75,-36.23,17,1
P006,HRTF_B,19,2.292,17.07,-36.38,17,1
P006,HRTF_B,19,2.306,16.45,-36.51,17,1
P006,HRTF_B,19,2.319,15.89,-36.64,17,1
P006,HRTF_B,19,2.333,15.46,-36.7,17,1
P006,HRTF_B,19,2.347,15.05,-36.82,17,1
P006,HRTF_B,19,2.361,14.69,-36.97,17,1
P006,HRTF_B,19,2.375,14.37,-37.09,17,1
P006,HRTF_B,19,2.389,14.16,-37.18,17,1
P006,HRTF_B,19,2.403,14.05,-37.18,17,1
P006,HRTF_B,19,2.417,14.07,-37.16,17,1
P006,HRTF_B,19,2.431,14.08,-37.11,17,1
P006,HRTF_B,19,2.444,14.12,-37.1,17,1
P006,HRTF_B,19,2.458,14.18,-37.18,17,1
P006,HRTF_B,19,2.472,14.3,-37.32,17,1
P006,HRTF_B,19,2.486,14.48,-37.4,17,1
P006,HRTF_B,19,2.5,14.7,-37.45,17,1
P006,HRTF_B,19,2.514,14.91,-37.46,17,1
P006,HRTF_B,19,2.528,15.1,-37.45,17,1
P006,HRTF_B,19,2.541,15.32,-37.48,17,1
P006,HRTF_B,19,2.556,15.62,-37.49,17,1
P006,HRTF_B,19,2.569,15.97,-37.45,17,1
P006,HRTF_B,19,2.583,16.33,-37.4,17,1
P006,HRTF_B,19,2.597,16.71,-37.26,17,1
P006,HRTF_B,19,2.611,17.15,-37.07,17,1
P006,HRTF_B,19,2.625,17.6,-36.84,17,1
P006,HRTF_B,19,2.639,18.2,-36.54,17,1
P006,HRTF_B,19,2.653,18.77,-36.28,17,1
P006,HRTF_B,19,2.667,19.45,-35.96,17,1
P006,HRTF_B,19,2.68,20.14,-35.68,17,1
P006,HRTF_B,19,2.694,20.87,-35.41,17,1
P006,HRTF_B,19,2.708,21.68,-35.18,17,1
P006,HRTF_B,19,2.722,22.55,-34.97,17,1
P006,HRTF_B,19,2.736,23.42,-34.77,17,1
P006,HRTF_B,19,2.75,24.31,-34.53,17,1
P006,HRTF_B,19,2.764,25.24,-34.2,17,1
P006,HRTF_B,19,2.778,26.31,-33.74,17,1
P006,HRTF_B,19,2.791,27.45,-33.23,17,1
P006,HRTF_B,19,2.806,28.7,-32.76,17,1
P006,HRTF_B,19,2.819,30.02,-32.28,17,1
P006,HRTF_B,19,2.833,31.3,-31.81,17,1
P006,HRTF_B,19,2.847,32.65,-31.29,17,1
P006,HRTF_B,19,2.861,34.05,-30.73,17,1
P006,HRTF_B,19,2.875,35.48,-30.2,17,1
P006,HRTF_B,19,2.889,36.88,-29.65,17,1
P006,HRTF_B,19,2.903,38.25,-29.11,17,1
P006,HRTF_B,19,2.917,39.63,-28.56,17,1
P006,HRTF_B,19,2.931,41.06,-28.02,17,1
P006,HRTF_B,19,2.944,42.56,-27.64,17,1
P006,HRTF_B,19,2.958,44.12,-27.26,17,1
P006,HRTF_B,19,2.972,45.63,-26.91,17,1
P006,HRTF_B,19,2.986,47.06,-26.51,17,1
P006,HRTF_B,19,3.0,48.5,-26.03,17,1
P006,HRTF_B,19,3.014,49.94,-25.55,17,1
P006,HRTF_B,19,3.028,51.36,-25.05,17,1
P006,HRTF_B,19,3.041,52.76,-24.58,17,1
P006,HRTF_B,19,3.055,54.04,-24.14,17,1
P006,HRTF_B,19,3.069,55.39,-23.72,17,1
P006,HRTF_B,19,3.083,56.75,-23.35,17,1
P006,HRTF_B,19,3.097,58.03,-22.99,17,1
P006,HRTF_B,19,3.111,59.22,-22.63,17,1
P006,HRTF_B,19,3.125,60.38,-22.27,17,1
P006,HRTF_B,19,3.139,61.3,-22.03,17,1
P006,HRTF_B,19,3.153,62.29,-21.83,17,1
P006,HRTF_B,19,3.166,63.25,-21.63,17,1
P006,HRTF_B,19,3.18,64.1,-21.42,17,1
P006,HRTF_B,19,3.194,64.9,-21.23,17,1
P006,HRTF_B,19,3.208,65.66,-21.06,17,1
P006,HRTF_B,19,3.222,66.39,-21.0,17,1
P006,HRTF_B,19,3.236,67.11,-20.96,17,1
P006,HRTF_B,19,3.25,67.78,-21.11,17,1
P006,HRTF_B,19,3.264,68.46,-21.27,17,1
P006,HRTF_B,19,3.277,69.08,-21.54,17,1
P006,HRTF_B,19,3.291,69.69,-21.95,17,1
P006,HRTF_B,19,3.306,70.3,-22.31,17,1
P006,HRTF_B,19,3.319,70.85,-22.72,17,1
P006,HRTF_B,19,3.333,71.38,-23.02,17,1
P006,HRTF_B,19,3.347,71.88,-23.32,17,1
P006,HRTF_B,19,3.361,72.35,-23.57,17,1
P006,HRTF_B,19,3.375,72.75,-23.82,17,1
P006,HRTF_B,19,3.389,73.09,-24.18,17,1
P006,HRTF_B,19,3.402,73.45,-24.62,17,1
P006,HRTF_B,19,3.416,73.78,-25.12,17,1
P006,HRTF_B,19,3.43,74.05,-25.61,17,1
P006,HRTF_B,19,3.444,74.24,-26.07,17,1
P006,HRTF_B,19,3.458,74.33,-26.48,17,1
P006,HRTF_B,19,3.472,74.38,-26.93,17,1
P006,HRTF_B,19,3.486,74.42,-27.5,17,1
P006,HRTF_B,19,3.5,74.4,-28.17,17,1
P006,HRTF_B,19,3.514,74.41,-28.8,17,1
P006,HRTF_B,19,3.528,74.36,-29.4,17,1
P006,HRTF_B,19,3.541,74.4,-29.94,17,1
P006,HRTF_B,19,3.555,74.45,-30.5,17,1
P006,HRTF_B,19,3.569,74.48,-31.11,17,1
P006,HRTF_B,19,3.583,74.57,-31.69,17,1
P006,HRTF_B,19,3.597,74.64,-32.14,17,1
P006,HRTF_B,19,3.611,74.73,-32.51,17,1
P006,HRTF_B,19,3.625,74.95,-32.78,17,1
P006,HRTF_B,19,3.639,75.22,-33.09,17,1
P006,HRTF_B,19,3.653,75.63,-33.42,17,1
P006,HRTF_B,19,3.667,76.06,-33.73,17,1
P006,HRTF_B,19,3.68,76.48,-34.01,17,1
P006,HRTF_B,19,3.694,77.02,-34.13,17,1
P006,HRTF_B,19,3.708,77.64,-34.23,17,1
P006,HRTF_B,19,3.722,78.33,-34.34,17,1
P006,HRTF_B,19,3.736,79.16,-34.35,17,1
P006,HRTF_B,19,3.75,80.06,-34.31,17,1
P006,HRTF_B,19,3.764,81.0,-34.15,17,1
P006,HRTF_B,19,3.778,82.16,-33.82,17,1
P006,HRTF_B,19,3.791,83.46,-33.22,17,1
P006,HRTF_B,19,3.805,84.86,-32.48,17,1
P006,HRTF_B,19,3.819,86.25,-31.71,17,1
P006,HRTF_B,19,3.833,87.72,-30.76,17,1
P006,HRTF_B,19,3.847,89.13,-29.79,17,1
P006,HRTF_B,19,3.861,90.52,-28.73,17,1
P006,HRTF_B,19,3.874,91.82,-27.63,17,1
P006,HRTF_B,19,3.888,93.06,-26.59,17,1
P006,HRTF_B,19,3.902,94.21,-25.45,17,1
P006,HRTF_B,19,3.916,95.28,-24.21,17,1
P006,HRTF_B,19,3.93,96.34,-22.99,17,1
P006,HRTF_B,19,3.944,97.39,-21.68,17,1
P006,HRTF_B,19,3.958,98.48,-20.4,17,1
P006,HRTF_B,19,3.972,99.57,-19.17,17,1
P006,HRTF_B,19,3.986,100.56,-17.96,17,1
P006,HRTF_B,19,4.0,101.58,-16.77,17,1
P006,HRTF_B,19,4.014,102.61,-15.61,17,1
P006,HRTF_B,19,4.027,103.77,-14.47,17,1
P006,HRTF_B,19,4.041,105.0,-13.32,17,1
P006,HRTF_B,19,4.055,106.26,-12.29,17,1
P006,HRTF_B,19,4.069,107.5,-11.32,17,1
P006,HRTF_B,19,4.083,108.79,-10.38,17,1
P006,HRTF_B,19,4.097,110.18,-9.55,17,1
P006,HRTF_B,19,4.111,111.64,-8.71,17,1
P006,HRTF_B,19,4.125,113.15,-7.94,17,1
P006,HRTF_B,19,4.138,114.54,-7.21,17,1
P006,HRTF_B,19,4.152,115.83,-6.47,17,1
P006,HRTF_B,19,4.166,116.98,-5.84,17,1
P006,HRTF_B,19,4.18,118.1,-5.26,17,1
P006,HRTF_B,19,4.194,119.12,-4.8,17,1
P006,HRTF_B,19,4.208,120.08,-4.34,17,1
P006,HRTF_B,19,4.222,120.95,-3.87,17,1
P006,HRTF_B,19,4.235,121.84,-3.38,17,1
P006,HRTF_B,19,4.249,122.66,-2.9,17,1
P006,HRTF_B,19,4.263,123.52,-2.47,17,1
P006,HRTF_B,19,4.277,124.38,-2.07,17,1
P006,HRTF_B,19,4.291,125.25,-1.71,17,1
P006,HRTF_B,19,4.305,126.09,-1.36,17,1
P006,HRTF_B,19,4.319,126.96,-1.07,17,1
P006,HRTF_B,19,4.333,127.74,-0.83,17,1
P006,HRTF_B,19,4.347,128.54,-0.66,17,1
P006,HRTF_B,19,4.361,129.33,-0.51,17,1
P006,HRTF_B,19,4.374,129.98,-0.38,17,1
P006,HRTF_B,19,4.388,130.46,-0.28,17,1
P006,HRTF_B,19,4.402,130.96,-0.18,17,1
P006,HRTF_B,19,4.416,131.35,-0.22,17,1
P006,HRTF_B,19,4.43,131.74,-0.23,17,1
P006,HRTF_B,19,4.444,132.05,-0.31,17,1
P006,HRTF_B,19,4.458,132.4,-0.44,17,1
P006,HRTF_B,19,4.472,132.68,-0.52,17,1
P006,HRTF_B,19,4.485,133.04,-0.62,17,1
P006,HRTF_B,19,4.499,133.33,-0.65,17,1
P006,HRTF_B,19,4.513,133.65,-0.7,17,1
P006,HRTF_B,19,4.527,133.96,-0.82,17,1
P006,HRTF_B,19,4.541,134.32,-0.93,17,1
P006,HRTF_B,19,4.555,134.65,-1.01,17,1
P006,HRTF_B,19,4.569,134.88,-1.09,17,1
P006,HRTF_B,19,4.583,135.06,-1.2,17,1
P006,HRTF_B,19,4.597,135.19,-1.3,17,1
P006,HRTF_B,19,4.61,135.26,-1.36,17,1
P006,HRTF_B,19,4.624,135.21,-1.43,17,1
P006,HRTF_B,19,4.638,135.1,-1.48,17,1
P006,HRTF_B,19,4.652,134.88,-1.55,17,1
P006,HRTF_B,19,4.666,134.62,-1.67,17,1
P006,HRTF_B,19,4.68,134.3,-1.76,17,1
P006,HRTF_B,19,4.694,133.92,-1.83,17,1
P006,HRTF_B,19,4.708,133.49,-1.9,17,1
P006,HRTF_B,19,4.722,132.96,-2.03,17,1
P006,HRTF_B,19,4.736,132.46,-2.19,17,1
P006,HRTF_B,19,4.749,131.89,-2.38,17,1
P006,HRTF_B,19,4.763,131.34,-2.56,17,1
P006,HRTF_B,19,4.777,130.72,-2.74,17,1
P006,HRTF_B,19,4.791,130.01,-2.91,17,1
P006,HRTF_B,19,4.805,129.14,-3.01,17,1
P006,HRTF_B,19,4.818,128.16,-3.17,17,1
P006,HRTF_B,19,4.832,127.06,-3.32,17,1
P006,HRTF_B,19,4.847,125.85,-3.43,17,1
P006,HRTF_B,19,4.86,124.49,-3.52,17,1
P006,HRTF_B,19,4.874,122.87,-3.63,17,1
P006,HRTF_B,19,4.888,121.22,-3.7,17,1
P006,HRTF_B,19,4.902,119.45,-3.9,17,1
P006,HRTF_B,19,4.916,117.68,-4.13,17,1
P006,HRTF_B,19,4.93,115.85,-4.32,17,1
P006,HRTF_B,19,4.944,113.99,-4.45,17,1
P006,HRTF_B,19,4.958,112.03,-4.47,17,1
P006,HRTF_B,19,4.971,110.02,-4.48,17,1
P006,HRTF_B,19,4.985,108.04,-4.53,17,1
P006,HRTF_B,19,4.999,106.0,-4.64,17,1
P006,HRTF_B,19,5.013,103.86,-4.72,17,1
P006,HRTF_B,19,5.027,101.66,-4.82,17,1
P006,HRTF_B,19,5.041,99.36,-4.82,17,1
P006,HRTF_B,19,5.055,96.93,-4.8,17,1
P006,HRTF_B,19,5.069,94.5,-4.77,17,1
P006,HRTF_B,19,5.082,92.01,-4.78,17,1
P006,HRTF_B,19,5.096,89.51,-4.84,17,1
P006,HRTF_B,19,5.11,86.95,-4.91,17,1
P006,HRTF_B,19,5.124,84.35,-4.95,17,1
P006,HRTF_B,19,5.138,81.71,-4.86,17,1
P006,HRTF_B,19,5.152,79.0,-4.84,17,1
P006,HRTF_B,19,5.166,76.34,-4.79,17,1
P006,HRTF_B,19,5.18,73.66,-4.82,17,1
P006,HRTF_B,19,5.194,70.9,-4.83,17,1
P006,HRTF_B,19,5.208,67.98,-4.84,17,1
P006,HRTF_B,19,5.221,65.02,-4.79,17,1
P006,HRTF_B,19,5.235,61.95,-4.69,17,1
P006,HRTF_B,19,5.249,58.79,-4.56,17,1
P006,HRTF_B,19,5.263,55.67,-4.47,17,1
P006,HRTF_B,19,5.277,52.28,-4.46,17,1
P006,HRTF_B,19,5.291,48.85,-4.53,17,1
P006,HRTF_B,19,5.305,45.3,-4.56,17,1
P006,HRTF_B,19,5.319,41.71,-4.58,17,1
P006,HRTF_B,19,5.333,38.01,-4.56,17,1
P006,HRTF_B,19,5.347,34.22,-4.55,17,1
P006,HRTF_B,19,5.36,30.22,-4.6,17,1
P006,HRTF_B,19,5.374,26.11,-4.64,17,1
P006,HRTF_B,19,5.388,22.04,-4.64,17,1
P006,HRTF_B,19,5.402,17.97,-4.59,17,1
P006,HRTF_B,19,5.416,13.92,-4.51,17,1
P006,HRTF_B,19,5.43,9.84,-4.4,17,1
P006,HRTF_B,19,5.443,5.77,-4.29,17,1
P006,HRTF_B,19,5.457,1.75,-4.22,17,1
P006,HRTF_B,19,5.471,-2.26,-4.16,17,1
P006,HRTF_B,19,5.485,-6.21,-4.07,17,1
P006,HRTF_B,19,5.499,-10.2,-3.99,17,1
P006,HRTF_B,19,5.513,-14.05,-3.92,17,1
P006,HRTF_B,19,5.527,-17.77,-3.82,17,1
P006,HRTF_B,19,5.541,-21.29,-3.65,17,1
P006,HRTF_B,19,5.555,-24.65,-3.5,17,1
P006,HRTF_B,19,5.569,-28.06,-3.37,17,1
P006,HRTF_B,19,5.582,-31.34,-3.23,17,1
P006,HRTF_B,19,5.596,-34.68,-3.03,17,1
P006,HRTF_B,19,5.61,-37.88,-2.9,17,1
P006,HRTF_B,19,5.624,-40.94,-2.8,17,1
P006,HRTF_B,19,5.638,-43.96,-2.67,17,1
P006,HRTF_B,19,5.652,-46.94,-2.58,17,1
P006,HRTF_B,19,5.666,-49.8,-2.49,17,1
P006,HRTF_B,19,5.68,-52.48,-2.4,17,1
P006,HRTF_B,19,5.694,-55.09,-2.27,17,1
P006,HRTF_B,19,5.708,-57.47,-2.16,17,1
P006,HRTF_B,19,5.722,-59.82,-1.98,17,1
P006,HRTF_B,19,5.735,-62.15,-1.87,17,1
P006,HRTF_B,19,5.749,-64.3,-1.74,17,1
P006,HRTF_B,19,5.763,-66.38,-1.6,17,1
P006,HRTF_B,19,5.777,-68.35,-1.46,17,1
P006,HRTF_B,19,5.791,-70.38,-1.24,17,1
P006,HRTF_B,19,5.805,-72.32,-1.1,17,1
P006,HRTF_B,19,5.819,-74.17,-1.02,17,1
P006,HRTF_B,19,5.832,-75.94,-0.91,17,1
P006,HRTF_B,19,5.846,-77.61,-0.87,17,1
P006,HRTF_B,19,5.86,-79.17,-0.8,17,1
P006,HRTF_B,19,5.874,-80.68,-0.74,17,1
P006,HRTF_B,19,5.888,-82.11,-0.7,17,1
P006,HRTF_B,19,5.902,-83.42,-0.66,17,1
P006,HRTF_B,19,5.916,-84.64,-0.64,17,1
P006,HRTF_B,19,5.93,-85.78,-0.68,17,1
P006,HRTF_B,19,5.944,-86.85,-0.64,17,1
P006,HRTF_B,19,5.957,-87.89,-0.63,17,1
P006,HRTF_B,19,5.971,-88.83,-0.65,17,1
P006,HRTF_B,19,5.985,-89.69,-0.63,17,1
P006,HRTF_B,19,6.0,-90.59,-0.63,17,1
P006,HRTF_B,19,6.013,-91.47,-0.63,17,1
P006,HRTF_B,19,6.027,-92.35,-0.59,17,1
P006,HRTF_B,19,6.041,-93.25,-0.53,17,1
P006,HRTF_B,19,6.055,-94.15,-0.42,17,1
P006,HRTF_B,19,6.068,-95.06,-0.41,17,1
P006,HRTF_B,19,6.082,-95.98,-0.41,17,1
P006,HRTF_B,19,6.096,-96.94,-0.44,17,1
P006,HRTF_B,19,6.11,-98.0,-0.49,17,1
P006,HRTF_B,19,6.124,-99.08,-0.52,17,1
P006,HRTF_B,19,6.138,-100.32,-0.5,17,1
P006,HRTF_B,19,6.152,-101.63,-0.57,17,1
P006,HRTF_B,19,6.166,-103.01,-0.55,17,1
P006,HRTF_B,19,6.18,-104.5,-0.55,17,1
P006,HRTF_B,19,6.194,-106.06,-0.5,17,1
P006,HRTF_B,19,6.208,-107.57,-0.41,17,1
P006,HRTF_B,19,6.221,-109.07,-0.23,17,1
P006,HRTF_B,19,6.235,-110.54,0.02,17,1
P006,HRTF_B,19,6.249,-112.0,0.22,17,1
P006,HRTF_B,19,6.263,-113.41,0.47,17,1
P006,HRTF_B,19,6.277,-114.82,0.71,17,1
P006,HRTF_B,19,6.291,-116.22,0.96,17,1
P006,HRTF_B,19,6.305,-117.57,1.21,17,1
P006,HRTF_B,19,6.319,-118.87,1.48,17,1
P006,HRTF_B,19,6.333,-120.05,1.77,17,1
P006,HRTF_B,19,6.346,-121.18,2.01,17,1
P006,HRTF_B,19,6.361,-122.38,2.25,17,1
P006,HRTF_B,19,6.374,-123.64,2.49,17,1
P006,HRTF_B,19,6.388,-124.95,2.71,17,1
P006,HRTF_B,19,6.402,-126.25,2.9,17,1
P006,HRTF_B,19,6.416,-127.47,3.08,17,1
P006,HRTF_B,19,6.43,-128.74,3.16,17,1
P006,HRTF_B,19,6.444,-130.06,3.19,17,1
P006,HRTF_B,19,6.457,-131.37,3.15,17,1
P006,HRTF_B,19,6.471,-132.72,3.17,17,1
P006,HRTF_B,19,6.486,-134.01,3.15,17,1
P006,HRTF_B,19,6.499,-135.2,3.16,17,1
P006,HRTF_B,19,6.513,-136.41,3.16,17,1
P006,HRTF_B,19,6.527,-137.61,3.12,17,1
P006,HRTF_B,19,6.541,-138.83,3.02,17,1
P006,HRTF_B,19,6.555,-140.02,2.93,17,1
P006,HRTF_B,19,6.569,-141.13,2.87,17,1
P006,HRTF_B,19,6.583,-142.3,2.78,17,1
P006,HRTF_B,19,6.596,-143.5,2.61,17,1
P006,HRTF_B,19,6.61,-144.71,2.36,17,1
P006,HRTF_B,19,6.624,-145.78,2.19,17,1
P006,HRTF_B,19,6.638,-146.72,2.02,17,1
P006,HRTF_B,19,6.652,-147.47,1.82,17,1
P006,HRTF_B,19,6.666,-148.16,1.55,17,1
P006,HRTF_B,19,6.68,-148.88,1.21,17,1
P006,HRTF_B,19,6.694,-149.64,0.72,17,1
P006,HRTF_B,19,6.708,-150.34,0.22,17,1
P006,HRTF_B,19,6.721,-150.89,-0.19,17,1
P006,HRTF_B,19,6.735,-151.4,-0.6,17,1
P006,HRTF_B,19,6.749,-151.9,-1.11,17,1
P006,HRTF_B,19,6.763,-152.43,-1.64,17,1
P006,HRTF_B,19,6.777,-152.88,-2.14,17,1
P006,HRTF_B,19,6.791,-153.25,-2.56,17,1
P006,HRTF_B,19,6.805,-153.57,-2.92,17,1
P006,HRTF_B,19,6.819,-153.96,-3.2,17,1
P006,HRTF_B,19,6.832,-154.38,-3.36,17,1
P006,HRTF_B,19,6.846,-154.82,-3.41,17,1
P006,HRTF_B,19,6.86,-155.19,-3.23,17,1
P006,HRTF_B,19,6.874,-155.58,-3.03,17,1
P006,HRTF_B,19,6.888,-155.95,-2.79,17,1
P006,HRTF_B,19,6.902,-156.28,-2.55,17,1
P006,HRTF_B,19,6.916,-156.48,-2.29,17,1
P006,HRTF_B,19,6.93,-156.68,-2.06,17,1
P006,HRTF_B,19,6.944,-156.69,-1.87,17,1
P006,HRTF_B,19,6.957,-156.73,-1.79,17,1
P006,HRTF_B,19,6.971,-156.87,-1.81,17,1
P006,HRTF_B,19,6.985,-157.05,-1.83,17,1
P006,HRTF_B,19,6.999,-157.17,-1.77,17,1
P006,HRTF_B,19,7.013,-157.21,-1.65,17,1
P006,HRTF_B,19,7.027,-157.26,-1.5,17,1
P006,HRTF_B,19,7.041,-157.34,-1.36,17,1
P006,HRTF_B,19,7.055,-157.43,-1.26,17,1
P006,HRTF_B,19,7.068,-157.44,-1.19,17,1
P006,HRTF_B,19,7.082,-157.38,-1.13,17,1
P006,HRTF_B,19,7.096,-157.39,-1.08,17,1
P006,HRTF_B,19,7.11,-157.43,-1.03,17,1
P006,HRTF_B,19,7.124,-157.5,-0.98,17,1
P006,HRTF_B,19,7.138,-157.52,-0.89,17,1
P006,HRTF_B,19,7.152,-157.55,-0.84,17,1
P006,HRTF_B,19,7.166,-157.59,-0.76,17,1
P006,HRTF_B,19,7.18,-157.66,-0.65,17,1
P006,HRTF_B,20,0.014,0.29,0.95,17,0
P006,HRTF_B,20,0.028,0.52,1.0,17,0
P006,HRTF_B,20,0.042,0.75,1.07,17,0
P006,HRTF_B,20,0.056,0.97,1.09,17,0
P006,HRTF_B,20,0.07,1.17,1.09,17,0
P006,HRTF_B,20,0.083,1.35,1.09,17,0
P006,HRTF_B,20,0.097,1.51,1.1,17,0
P006,HRTF_B,20,0.111,1.66,1.11,17,0
P006,HRTF_B,20,0.125,1.78,1.12,17,0
P006,HRTF_B,20,0.139,1.88,1.14,17,0
P006,HRTF_B,20,0.153,1.96,1.14,17,0
P006,HRTF_B,20,0.167,2.04,1.11,17,0
P006,HRTF_B,20,0.181,2.09,1.08,17,0
P006,HRTF_B,20,0.194,2.12,1.02,17,0
P006,HRTF_B,20,0.209,2.13,0.96,17,0
P006,HRTF_B,20,0.222,2.12,0.89,17,0
P006,HRTF_B,20,0.236,2.09,0.81,17,0
P006,HRTF_B,20,0.25,2.06,0.75,17,0
P006,HRTF_B,20,0.264,1.98,0.69,17,0
P006,HRTF_B,20,0.278,1.89,0.65,17,0
P006,HRTF_B,20,0.292,1.78,0.64,17,0
P006,HRTF_B,20,0.305,1.66,0.61,17,0
P006,HRTF_B,20,0.32,1.53,0.6,17,0
P006,HRTF_B,20,0.333,1.38,0.58,17,0
P006,HRTF_B,20,0.347,1.22,0.58,17,0
P006,HRTF_B,20,0.361,1.06,0.58,17,0
P006,HRTF_B,20,0.375,0.89,0.6,17,0
P006,HRTF_B,20,0.389,0.73,0.63,17,0
P006,HRTF_B,20,0.403,0.57,0.68,17,0
P006,HRTF_B,20,0.417,0.41,0.73,17,0
P006,HRTF_B,20,0.431,0.26,0.78,17,0
P006,HRTF_B,20,0.444,0.07,0.81,17,0
P006,HRTF_B,20,0.458,-0.08,0.84,17,0
P006,HRTF_B,20,0.472,-0.25,0.86,17,0
P006,HRTF_B,20,0.486,-0.43,0.91,17,0
P006,HRTF_B,20,0.5,-0.62,0.93,17,0
P006,HRTF_B,20,0.514,-0.81,0.93,17,0
P006,HRTF_B,20,0.528,-1.02,0.91,17,0
P006,HRTF_B,20,0.542,-1.22,0.87,17,0
P006,HRTF_B,20,0.555,-1.44,0.81,17,0
P006,HRTF_B,20,0.569,-1.65,0.77,17,0
P006,HRTF_B,20,0.583,-1.85,0.74,17,0
P006,HRTF_B,20,0.597,-2.07,0.69,17,0
P006,HRTF_B,20,0.611,-2.28,0.65,17,0
P006,HRTF_B,20,0.625,-2.5,0.6,17,0
P006,HRTF_B,20,0.639,-2.75,0.55,17,0
P006,HRTF_B,20,0.653,-2.98,0.51,17,0
P006,HRTF_B,20,0.667,-3.25,0.48,17,0
P006,HRTF_B,20,0.681,-3.52,0.45,17,0
P006,HRTF_B,20,0.694,-3.79,0.41,17,0
P006,HRTF_B,20,0.708,-4.1,0.38,17,0
P006,HRTF_B,20,0.723,-4.39,0.36,17,0
P006,HRTF_B,20,0.736,-4.7,0.36,17,0
P006,HRTF_B,20,0.75,-5.03,0.34,17,0
P006,HRTF_B,20,0.764,-5.36,0.34,17,0
P006,HRTF_B,20,0.778,-5.71,0.31,17,0
P006,HRTF_B,20,0.792,-6.07,0.27,17,0
P006,HRTF_B,20,0.806,-6.46,0.21,17,0
P006,HRTF_B,20,0.819,-6.88,0.15,17,0
P006,HRTF_B,20,0.833,-7.28,0.13,17,0
P006,HRTF_B,20,0.847,-7.7,0.1,17,0
P006,HRTF_B,20,0.861,-8.16,0.08,17,0
P006,HRTF_B,20,0.875,-8.63,0.06,17,0
P006,HRTF_B,20,0.889,-9.15,0.0,17,0
P006,HRTF_B,20,0.903,-9.73,-0.04,17,0
P006,HRTF_B,20,0.917,-10.29,-0.04,17,0
P006,HRTF_B,20,0.931,-10.93,-0.08,17,0
P006,HRTF_B,20,0.944,-11.58,-0.08,17,0
P006,HRTF_B,20,0.958,-12.2,-0.1,17,0
P006,HRTF_B,20,0.972,-12.86,-0.12,17,0
P006,HRTF_B,20,0.986,-13.55,-0.12,17,0
P006,HRTF_B,20,1.0,-14.23,-0.14,17,0
P006,HRTF_B,20,1.014,-14.92,-0.17,17,0
P006,HRTF_B,20,1.028,-15.63,-0.2,17,0
P006,HRTF_B,20,1.042,-16.37,-0.25,17,0
P006,HRTF_B,20,1.056,-17.06,-0.31,17,0
P006,HRTF_B,20,1.069,-17.74,-0.34,17,0
P006,HRTF_B,20,1.083,-18.47,-0.36,17,0
P006,HRTF_B,20,1.097,-19.21,-0.35,17,0
P006,HRTF_B,20,1.111,-19.94,-0.32,17,0
P006,HRTF_B,20,1.125,-20.73,-0.33,17,0
P006,HRTF_B,20,1.139,-21.59,-0.32,17,0
P006,HRTF_B,20,1.153,-22.41,-0.3,17,0
P006,HRTF_B,20,1.167,-23.3,-0.26,17,0
P006,HRTF_B,20,1.181,-24.16,-0.33,17,0
P006,HRTF_B,20,1.195,-25.04,-0.32,17,0
P006,HRTF_B,20,1.208,-25.92,-0.36,17,0
P006,HRTF_B,20,1.222,-26.79,-0.4,17,0
P006,HRTF_B,20,1.236,-27.7,-0.44,17,0
P006,HRTF_B,20,1.25,-28.6,-0.52,17,0
P006,HRTF_B,20,1.264,-29.49,-0.6,17,0
P006,HRTF_B,20,1.278,-30.39,-0.73,17,0
P006,HRTF_B,20,1.292,-31.29,-0.83,17,0
P006,HRTF_B,20,1.306,-32.17,-0.93,17,0
P006,HRTF_B,20,1.32,-33.11,-1.01,17,0
P006,HRTF_B,20,1.333,-34.03,-1.05,17,0
P006,HRTF_B,20,1.348,-34.94,-1.11,17,0
P006,HRTF_B,20,1.361,-35.87,-1.12,17,0
P006,HRTF_B,20,1.375,-36.8,-1.15,17,0
P006,HRTF_B,20,1.389,-37.75,-1.18,17,0
P006,HRTF_B,20,1.403,-38.65,-1.24,17,0
P006,HRTF_B,20,1.417,-39.58,-1.25,17,0
P006,HRTF_B,20,1.431,-40.52,-1.27,17,0
P006,HRTF_B,20,1.445,-41.47,-1.29,17,0
P006,HRTF_B,20,1.459,-42.4,-1.29,17,0
P006,HRTF_B,20,1.472,-43.35,-1.29,17,0
P006,HRTF_B,20,1.486,-44.3,-1.29,17,0
P006,HRTF_B,20,1.5,-45.26,-1.35,17,0
P006,HRTF_B,20,1.514,-46.17,-1.33,17,0
P006,HRTF_B,20,1.528,-47.1,-1.39,17,0
P006,HRTF_B,20,1.542,-48.04,-1.39,17,0
P006,HRTF_B,20,1.557,-49.0,-1.37,17,0
P006,HRTF_B,20,1.571,-49.95,-1.38,17,0
P006,HRTF_B,20,1.585,-50.92,-1.31,17,0
P006,HRTF_B,20,1.598,-51.89,-1.3,17,0
P006,HRTF_B,20,1.612,-52.84,-1.27,17,0
P006,HRTF_B,20,1.626,-53.83,-1.26,17,0
P006,HRTF_B,20,1.64,-54.83,-1.23,17,0
P006,HRTF_B,20,1.653,-55.84,-1.21,17,0
P006,HRTF_B,20,1.667,-56.84,-1.19,17,0
P006,HRTF_B,20,1.681,-57.84,-1.16,17,0
P006,HRTF_B,20,1.695,-58.86,-1.14,17,0
P006,HRTF_B,20,1.708,-59.85,-1.12,17,0
P006,HRTF_B,20,1.723,-60.84,-1.12,17,0
P006,HRTF_B,20,1.736,-61.79,-1.11,17,0
P006,HRTF_B,20,1.75,-62.64,-1.12,17,0
P006,HRTF_B,20,1.764,-63.54,-1.12,17,0
P006,HRTF_B,20,1.778,-64.24,-1.14,17,0
P006,HRTF_B,20,1.792,-65.02,-1.16,17,0
P006,HRTF_B,20,1.806,-65.67,-1.13,17,0
P006,HRTF_B,20,1.819,-66.34,-1.12,17,0
P006,HRTF_B,20,1.833,-66.92,-1.11,17,0
P006,HRTF_B,20,1.847,-67.42,-1.07,17,0
P006,HRTF_B,20,1.861,-67.8,-1.07,17,0
P006,HRTF_B,20,1.875,-68.06,-1.12,17,0
P006,HRTF_B,20,1.889,-68.27,-1.23,17,0
P006,HRTF_B,20,1.903,-68.4,-1.31,17,0
P006,HRTF_B,20,1.917,-68.45,-1.39,17,0
P006,HRTF_B,20,1.931,-68.51,-1.45,17,0
P006,HRTF_B,20,1.945,-68.46,-1.49,17,0
P006,HRTF_B,20,1.958,-68.35,-1.5,17,0
P006,HRTF_B,20,1.972,-68.12,-1.51,17,0
P006,HRTF_B,20,1.986,-67.87,-1.54,17,0
P006,HRTF_B,20,2.0,-67.58,-1.56,17,0
P006,HRTF_B,20,2.014,-67.18,-1.55,17,0
P006,HRTF_B,20,2.028,-66.7,-1.5,17,0
P006,HRTF_B,20,2.042,-66.22,-1.39,17,0
P006,HRTF_B,20,2.056,-65.62,-1.24,17,0
P006,HRTF_B,20,2.069,-65.0,-1.05,17,0
P006,HRTF_B,20,2.084,-64.29,-0.81,17,0
P006,HRTF_B,20,2.097,-63.57,-0.53,17,0
P006,HRTF_B,20,2.111,-62.82,-0.21,17,0
P006,HRTF_B,20,2.125,-61.98,0.1,17,0
P006,HRTF_B,20,2.139,-61.09,0.46,17,0
P006,HRTF_B,20,2.153,-60.16,0.78,17,0
P006,HRTF_B,20,2.167,-59.19,1.04,17,0
P006,HRTF_B,20,2.181,-58.17,1.29,17,0
P006,HRTF_B,20,2.195,-57.07,1.47,17,0
P006,HRTF_B,20,2.208,-55.98,1.63,17,0
P006,HRTF_B,20,2.222,-54.8,1.77,17,0
P006,HRTF_B,20,2.236,-53.52,1.87,17,0
P006,HRTF_B,20,2.25,-52.19,1.95,17,0
P006,HRTF_B,20,2.264,-50.78,2.03,17,0
P006,HRTF_B,20,2.278,-49.4,2.03,17,0
P006,HRTF_B,20,2.292,-47.9,2.0,17,0
P006,HRTF_B,20,2.306,-46.31,1.96,17,0
P006,HRTF_B,20,2.319,-44.66,1.92,17,0
P006,HRTF_B,20,2.334,-42.98,1.87,17,0
P006,HRTF_B,20,2.347,-41.27,1.81,17,0
P006,HRTF_B,20,2.361,-39.5,1.78,17,0
P006,HRTF_B,20,2.375,-37.7,1.76,17,0
P006,HRTF_B,20,2.389,-35.87,1.7,17,0
P006,HRTF_B,20,2.403,-33.97,1.64,17,0
P006,HRTF_B,20,2.417,-32.08,1.64,17,0
P006,HRTF_B,20,2.431,-30.08,1.6,17,0
P006,HRTF_B,20,2.445,-28.12,1.59,17,0
P006,HRTF_B,20,2.459,-26.11,1.59,17,0
P006,HRTF_B,20,2.472,-24.06,1.65,17,0
P006,HRTF_B,20,2.486,-21.97,1.73,17,0
P006,HRTF_B,20,2.5,-19.89,1.83,17,0
P006,HRTF_B,20,2.514,-17.76,1.9,17,0
P006,HRTF_B,20,2.528,-15.61,1.98,17,0
P006,HRTF_B,20,2.542,-13.41,2.09,17,0
P006,HRTF_B,20,2.556,-11.2,2.16,17,0
P006,HRTF_B,20,2.57,-9.03,2.32,17,0
P006,HRTF_B,20,2.583,-6.84,2.47,17,0
P006,HRTF_B,20,2.597,-4.56,2.58,17,0
P006,HRTF_B,20,2.611,-2.28,2.69,17,0
P006,HRTF_B,20,2.625,0.05,2.74,17,0
P006,HRTF_B,20,2.639,2.43,2.75,17,0
P006,HRTF_B,20,2.653,4.75,2.79,17,0
P006,HRTF_B,20,2.667,7.11,2.77,17,0
P006,HRTF_B,20,2.681,9.43,2.81,17,0
P006,HRTF_B,20,2.695,11.85,2.81,17,0
P006,HRTF_B,20,2.709,14.39,2.69,17,0
P006,HRTF_B,20,2.722,17.0,2.58,17,0
P006,HRTF_B,20,2.736,19.51,2.47,17,0
P006,HRTF_B,20,2.75,21.98,2.3,17,0
P006,HRTF_B,20,2.764,24.38,2.19,17,0
P006,HRTF_B,20,2.778,26.77,2.09,17,0
P006,HRTF_B,20,2.792,29.18,1.97,17,0
P006,HRTF_B,20,2.806,31.67,1.78,17,0
P006,HRTF_B,20,2.82,34.13,1.62,17,0
P006,HRTF_B,20,2.834,36.52,1.47,17,0
P006,HRTF_B,20,2.848,38.82,1.37,17,0
P006,HRTF_B,20,2.862,41.06,1.29,17,0
P006,HRTF_B,20,2.876,43.27,1.21,17,0
P006,HRTF_B,20,2.889,45.41,1.22,17,0
P006,HRTF_B,20,2.903,47.56,1.2,17,0
P006,HRTF_B,20,2.917,49.6,1.25,17,0
P006,HRTF_B,20,2.931,51.56,1.27,17,0
P006,HRTF_B,20,2.945,53.54,1.34,17,0
P006,HRTF_B,20,2.959,55.4,1.39,17,0
P006,HRTF_B,20,2.973,57.2,1.53,17,0
P006,HRTF_B,20,2.986,59.02,1.61,17,0
P006,HRTF_B,20,3.001,60.82,1.73,17,0
P006,HRTF_B,20,3.014,62.59,1.85,17,0
P006,HRTF_B,20,3.028,64.33,1.96,17,0
P006,HRTF_B,20,3.042,65.98,2.07,17,0
P006,HRTF_B,20,3.056,67.65,2.16,17,0
P006,HRTF_B,20,3.07,69.2,2.26,17,0
P006,HRTF_B,20,3.084,70.74,2.35,17,0
P006,HRTF_B,20,3.098,72.26,2.44,17,0
P006,HRTF_B,20,3.112,73.72,2.43,17,0
P006,HRTF_B,20,3.125,75.2,2.42,17,0
P006,HRTF_B,20,3.139,76.58,2.46,17,0
P006,HRTF_B,20,3.153,77.93,2.52,17,0
P006,HRTF_B,20,3.167,79.2,2.61,17,0
P006,HRTF_B,20,3.181,80.43,2.69,17,0
P006,HRTF_B,20,3.195,81.64,2.7,17,0
P006,HRTF_B,20,3.209,82.81,2.71,17,0
P006,HRTF_B,20,3.223,83.97,2.67,17,0
P006,HRTF_B,20,3.237,85.11,2.67,17,0
P006,HRTF_B,20,3.25,86.22,2.73,17,0
P006,HRTF_B,20,3.264,87.3,2.76,17,0
P006,HRTF_B,20,3.278,88.4,2.78,17,0
P006,HRTF_B,20,3.292,89.42,2.81,17,0
P006,HRTF_B,20,3.306,90.46,2.83,17,0
P006,HRTF_B,20,3.32,91.53,2.79,17,0
P006,HRTF_B,20,3.334,92.62,2.76,17,0
P006,HRTF_B,20,3.348,93.68,2.72,17,0
P006,HRTF_B,20,3.362,94.78,2.71,17,0
P006,HRTF_B,20,3.375,95.86,2.77,17,0
P006,HRTF_B,20,3.389,96.96,2.83,17,0
P006,HRTF_B,20,3.403,98.03,2.91,17,0
P006,HRTF_B,20,3.417,99.14,2.96,17,0
P006,HRTF_B,20,3.431,100.22,3.0,17,0
P006,HRTF_B,20,3.445,101.32,3.1,17,0
P006,HRTF_B,20,3.459,102.41,3.17,17,0
P006,HRTF_B,20,3.473,103.46,3.23,17,0
P006,HRTF_B,20,3.487,104.54,3.23,17,0
P006,HRTF_B,20,3.501,105.56,3.19,17,0
P006,HRTF_B,20,3.514,106.54,3.05,17,0
P006,HRTF_B,20,3.528,107.51,2.97,17,0
P006,HRTF_B,20,3.542,108.41,2.94,17,0
P006,HRTF_B,20,3.556,109.35,2.93,17,0
P006,HRTF_B,20,3.57,110.26,2.9,17,0
P006,HRTF_B,20,3.584,111.11,2.83,17,0
P006,HRTF_B,20,3.598,111.96,2.75,17,0
P006,HRTF_B,20,3.612,112.77,2.67,17,0
P006,HRTF_B,20,3.626,113.55,2.62,17,0
P006,HRTF_B,20,3.639,114.32,2.58,17,0
P006,HRTF_B,20,3.653,115.09,2.5,17,0
P006,HRTF_B,20,3.667,115.83,2.42,17,0
P006,HRTF_B,20,3.681,116.59,2.35,17,0
P006,HRTF_B,20,3.695,117.35,2.26,17,0
P006,HRTF_B,20,3.709,118.11,2.21,17,0
P006,HRTF_B,20,3.723,118.87,2.17,17,0
P006,HRTF_B,20,3.737,119.67,2.19,17,0
P006,HRTF_B,20,3.751,120.47,2.17,17,0
P006,HRTF_B,20,3.764,121.29,2.12,17,0
P006,HRTF_B,20,3.778,122.19,2.03,17,0
P006,HRTF_B,20,3.792,123.06,1.95,17,0
P006,HRTF_B,20,3.806,123.95,1.88,17,0
P006,HRTF_B,20,3.82,124.8,1.77,17,0
P006,HRTF_B,20,3.834,125.64,1.68,17,0
P006,HRTF_B,20,3.848,126.44,1.6,17,0
P006,HRTF_B,20,3.862,127.25,1.49,17,0
P006,HRTF_B,20,3.876,128.08,1.38,17,0
P006,HRTF_B,20,3.89,128.89,1.3,17,0
P006,HRTF_B,20,3.903,129.66,1.25,17,0
P006,HRTF_B,20,3.917,130.41,1.26,17,0
P006,HRTF_B,20,3.931,131.18,1.26,17,0
P006,HRTF_B,20,3.945,132.01,1.33,17,0
P006,HRTF_B,20,3.959,132.8,1.4,17,0
P006,HRTF_B,20,3.973,133.63,1.55,17,0
P006,HRTF_B,20,3.987,134.51,1.63,17,0
P006,HRTF_B,20,4.001,135.47,1.59,17,0
P006,HRTF_B,20,4.015,136.47,1.6,17,0
P006,HRTF_B,20,4.028,137.59,1.48,17,0
P006,HRTF_B,20,4.042,138.71,1.38,17,0
P006,HRTF_B,20,4.056,139.87,1.27,17,0
P006,HRTF_B,20,4.07,141.1,1.19,17,0
P006,HRTF_B,20,4.084,142.37,1.16,17,0
P006,HRTF_B,20,4.098,143.66,1.09,17,0
P006,HRTF_B,20,4.112,145.0,1.05,17,0
P006,HRTF_B,20,4.126,146.27,1.02,17,0
P006,HRTF_B,20,4.14,147.48,1.0,17,0
P006,HRTF_B,20,4.153,148.7,0.94,17,0
P006,HRTF_B,20,4.167,149.91,0.88,17,0
P006,HRTF_B,20,4.182,151.14,0.77,17,0
P006,HRTF_B,20,4.195,152.27,0.56,17,0
P006,HRTF_B,20,4.209,153.4,0.34,17,0
P006,HRTF_B,20,4.223,154.57,0.15,17,0
P006,HRTF_B,20,4.237,155.8,-0.04,17,0
P006,HRTF_B,20,4.251,157.05,-0.2,17,0
P006,HRTF_B,20,4.264,158.24,-0.3,17,0
P006,HRTF_B,20,4.278,159.4,-0.36,17,0
P006,HRTF_B,20,4.292,160.55,-0.37,17,0
P006,HRTF_B,20,4.306,161.68,-0.33,17,0
P006,HRTF_B,20,4.32,162.76,-0.3,17,0
P006,HRTF_B,20,4.334,163.73,-0.2,17,0
P006,HRTF_B,20,4.348,164.59,-0.1,17,0
P006,HRTF_B,20,4.362,165.26,-0.04,17,0
P006,HRTF_B,20,4.375,165.81,-0.02,17,0
P006,HRTF_B,20,4.389,166.29,-0.01,17,0
P006,HRTF_B,20,4.403,166.7,0.03,17,0
P006,HRTF_B,20,4.417,166.87,0.08,17,0
P006,HRTF_B,20,4.431,167.09,0.11,17,0
P006,HRTF_B,20,4.445,167.27,0.15,17,0
P006,HRTF_B,20,4.459,167.5,0.18,17,0
P006,HRTF_B,20,4.473,167.75,0.23,17,0
P006,HRTF_B,20,4.487,168.04,0.31,17,0
P006,HRTF_B,20,4.5,168.27,0.45,17,0
P006,HRTF_B,20,4.515,168.52,0.55,17,0
P006,HRTF_B,20,4.528,168.72,0.58,17,0
P006,HRTF_B,20,4.542,168.92,0.61,17,0
P006,HRTF_B,20,4.556,169.08,0.62,17,0
P006,HRTF_B,20,4.57,169.22,0.6,17,0
P006,HRTF_B,20,4.584,169.28,0.57,17,0
P006,HRTF_B,20,4.598,169.29,0.5,17,0
P006,HRTF_B,20,4.612,169.3,0.36,17,0
P006,HRTF_B,21,0.014,-3.79,1.63,22,1
P006,HRTF_B,21,0.028,-3.99,1.54,22,1
P006,HRTF_B,21,0.042,-4.17,1.44,22,1
P006,HRTF_B,21,0.055,-4.32,1.34,22,1
P006,HRTF_B,21,0.069,-4.48,1.27,22,1
P006,HRTF_B,21,0.083,-4.6,1.22,22,1
P006,HRTF_B,21,0.097,-4.71,1.2,22,1
P006,HRTF_B,21,0.111,-4.8,1.18,22,1
P006,HRTF_B,21,0.125,-4.89,1.16,22,1
P006,HRTF_B,21,0.139,-4.97,1.15,22,1
P006,HRTF_B,21,0.154,-5.04,1.13,22,1
P006,HRTF_B,21,0.167,-5.12,1.1,22,1
P006,HRTF_B,21,0.181,-5.18,1.07,22,1
P006,HRTF_B,21,0.195,-5.24,1.05,22,1
P006,HRTF_B,21,0.208,-5.3,1.02,22,1
P006,HRTF_B,21,0.222,-5.31,0.97,22,1
P006,HRTF_B,21,0.236,-5.32,0.93,22,1
P006,HRTF_B,21,0.25,-5.31,0.88,22,1
P006,HRTF_B,21,0.264,-5.27,0.82,22,1
P006,HRTF_B,21,0.278,-5.21,0.73,22,1
P006,HRTF_B,21,0.292,-5.14,0.68,22,1
P006,HRTF_B,21,0.306,-5.02,0.59,22,1
P006,HRTF_B,21,0.32,-4.87,0.53,22,1
P006,HRTF_B,21,0.333,-4.66,0.43,22,1
P006,HRTF_B,21,0.347,-4.45,0.32,22,1
P006,HRTF_B,21,0.361,-4.17,0.21,22,1
P006,HRTF_B,21,0.375,-3.89,0.13,22,1
P006,HRTF_B,21,0.389,-3.59,0.04,22,1
P006,HRTF_B,21,0.403,-3.26,-0.02,22,1
P006,HRTF_B,21,0.417,-2.93,-0.12,22,1
P006,HRTF_B,21,0.431,-2.54,-0.21,22,1
P006,HRTF_B,21,0.444,-2.16,-0.29,22,1
P006,HRTF_B,21,0.458,-1.77,-0.36,22,1
P006,HRTF_B,21,0.472,-1.35,-0.41,22,1
P006,HRTF_B,21,0.486,-0.92,-0.47,22,1
P006,HRTF_B,21,0.5,-0.51,-0.56,22,1
P006,HRTF_B,21,0.514,-0.06,-0.6,22,1
P006,HRTF_B,21,0.528,0.38,-0.7,22,1
P006,HRTF_B,21,0.542,0.81,-0.75,22,1
P006,HRTF_B,21,0.556,1.24,-0.81,22,1
P006,HRTF_B,21,0.57,1.68,-0.87,22,1
P006,HRTF_B,21,0.583,2.12,-0.93,22,1
P006,HRTF_B,21,0.597,2.52,-0.98,22,1
P006,HRTF_B,21,0.611,2.97,-0.99,22,1
P006,HRTF_B,21,0.625,3.36,-1.04,22,1
P006,HRTF_B,21,0.639,3.78,-1.08,22,1
P006,HRTF_B,21,0.653,4.14,-1.07,22,1
P006,HRTF_B,21,0.667,4.52,-1.06,22,1
P006,HRTF_B,21,0.681,4.9,-1.06,22,1
P006,HRTF_B,21,0.695,5.25,-1.07,22,1
P006,HRTF_B,21,0.709,5.65,-1.06,22,1
P006,HRTF_B,21,0.722,6.01,-1.05,22,1
P006,HRTF_B,21,0.736,6.38,-1.06,22,1
P006,HRTF_B,21,0.75,6.79,-1.02,22,1
P006,HRTF_B,21,0.764,7.18,-1.01,22,1
P006,HRTF_B,21,0.778,7.61,-1.01,22,1
P006,HRTF_B,21,0.792,8.06,-1.04,22,1
P006,HRTF_B,21,0.806,8.53,-1.05,22,1
P006,HRTF_B,21,0.82,9.01,-1.05,22,1
P006,HRTF_B,21,0.833,9.48,-1.07,22,1
P006,HRTF_B,21,0.847,9.97,-1.11,22,1
P006,HRTF_B,21,0.861,10.47,-1.13,22,1
P006,HRTF_B,21,0.875,10.95,-1.15,22,1
P006,HRTF_B,21,0.889,11.47,-1.16,22,1
P006,HRTF_B,21,0.903,12.01,-1.18,22,1
P006,HRTF_B,21,0.917,12.56,-1.19,22,1
P006,HRTF_B,21,0.931,13.09,-1.19,22,1
P006,HRTF_B,21,0.945,13.59,-1.17,22,1
P006,HRTF_B,21,0.958,14.09,-1.17,22,1
P006,HRTF_B,21,0.972,14.56,-1.14,22,1
P006,HRTF_B,21,0.986,15.07,-1.08,22,1
P006,HRTF_B,21,1.0,15.52,-0.98,22,1
P006,HRTF_B,21,1.014,15.95,-0.9,22,1
P006,HRTF_B,21,1.028,16.34,-0.81,22,1
P006,HRTF_B,21,1.042,16.63,-0.68,22,1
P006,HRTF_B,21,1.056,16.88,-0.61,22,1
P006,HRTF_B,21,1.07,17.13,-0.52,22,1
P006,HRTF_B,21,1.084,17.3,-0.46,22,1
P006,HRTF_B,21,1.097,17.38,-0.46,22,1
P006,HRTF_B,21,1.111,17.41,-0.43,22,1
P006,HRTF_B,21,1.125,17.43,-0.39,22,1
P006,HRTF_B,21,1.139,17.32,-0.39,22,1
P006,HRTF_B,21,1.153,17.22,-0.38,22,1
P006,HRTF_B,21,1.167,17.04,-0.35,22,1
P006,HRTF_B,21,1.181,16.8,-0.34,22,1
P006,HRTF_B,21,1.195,16.5,-0.36,22,1
P006,HRTF_B,21,1.209,16.18,-0.39,22,1
P006,HRTF_B,21,1.223,15.8,-0.44,22,1
P006,HRTF_B,21,1.236,15.41,-0.47,22,1
P006,HRTF_B,21,1.25,14.96,-0.54,22,1
P006,HRTF_B,21,1.264,14.5,-0.63,22,1
P006,HRTF_B,21,1.278,14.0,-0.78,22,1
P006,HRTF_B,21,1.292,13.45,-0.93,22,1
P006,HRTF_B,21,1.306,12.83,-1.12,22,1
P006,HRTF_B,21,1.32,12.14,-1.31,22,1
P006,HRTF_B,21,1.333,11.5,-1.43,22,1
P006,HRTF_B,21,1.347,10.84,-1.54,22,1
P006,HRTF_B,21,1.361,10.13,-1.68,22,1
P006,HRTF_B,21,1.375,9.43,-1.89,22,1
P006,HRTF_B,21,1.389,8.63,-2.11,22,1
P006,HRTF_B,21,1.403,7.88,-2.28,22,1
P006,HRTF_B,21,1.417,7.08,-2.42,22,1
P006,HRTF_B,21,1.431,6.27,-2.54,22,1
P006,HRTF_B,21,1.445,5.43,-2.62,22,1
P006,HRTF_B,21,1.458,4.54,-2.71,22,1
P006,HRTF_B,21,1.472,3.64,-2.8,22,1
P006,HRTF_B,21,1.486,2.71,-2.84,22,1
P006,HRTF_B,21,1.5,1.71,-2.85,22,1
P006,HRTF_B,21,1.514,0.73,-2.79,22,1
P006,HRTF_B,21,1.528,-0.41,-2.79,22,1
P006,HRTF_B,21,1.542,-1.55,-2.86,22,1
P006,HRTF_B,21,1.556,-2.76,-2.94,22,1
P006,HRTF_B,21,1.57,-4.04,-3.01,22,1
P006,HRTF_B,21,1.583,-5.44,-3.1,22,1
P006,HRTF_B,21,1.597,-6.78,-3.15,22,1
P006,HRTF_B,21,1.611,-8.19,-3.1,22,1
P006,HRTF_B,21,1.625,-9.7,-3.07,22,1
P006,HRTF_B,21,1.639,-11.17,-2.99,22,1
P006,HRTF_B,21,1.653,-12.63,-2.98,22,1
P006,HRTF_B,21,1.667,-14.07,-2.87,22,1
P006,HRTF_B,21,1.681,-15.49,-2.71,22,1
P006,HRTF_B,21,1.695,-16.91,-2.55,22,1
P006,HRTF_B,21,1.708,-18.36,-2.34,22,1
P006,HRTF_B,21,1.722,-19.84,-2.16,22,1
P006,HRTF_B,21,1.736,-21.35,-2.0,22,1
P006,HRTF_B,21,1.75,-22.84,-1.91,22,1
P006,HRTF_B,21,1.764,-24.34,-1.84,22,1
P006,HRTF_B,21,1.778,-25.89,-1.76,22,1
P006,HRTF_B,21,1.792,-27.46,-1.7,22,1
P006,HRTF_B,21,1.806,-29.02,-1.71,22,1
P006,HRTF_B,21,1.82,-30.55,-1.73,22,1
P006,HRTF_B,21,1.833,-32.1,-1.82,22,1
P006,HRTF_B,21,1.847,-33.61,-1.95,22,1
P006,HRTF_B,21,1.861,-35.07,-2.05,22,1
P006,HRTF_B,21,1.875,-36.52,-2.11,22,1
P006,HRTF_B,21,1.889,-37.89,-2.08,22,1
P006,HRTF_B,21,1.903,-39.25,-2.11,22,1
P006,HRTF_B,21,1.917,-40.57,-2.22,22,1
P006,HRTF_B,21,1.931,-41.84,-2.35,22,1
P006,HRTF_B,21,1.945,-43.03,-2.5,22,1
P006,HRTF_B,21,1.958,-44.16,-2.6,22,1
P006,HRTF_B,21,1.972,-45.29,-2.7,22,1
P006,HRTF_B,21,1.986,-46.39,-2.83,22,1
P006,HRTF_B,21,2.0,-47.46,-2.83,22,1
P006,HRTF_B,21,2.014,-48.55,-2.81,22,1
P006,HRTF_B,21,2.028,-49.57,-2.74,22,1
P006,HRTF_B,21,2.042,-50.65,-2.71,22,1
P006,HRTF_B,21,2.055,-51.73,-2.64,22,1
P006,HRTF_B,21,2.069,-52.82,-2.54,22,1
P006,HRTF_B,21,2.083,-53.89,-2.41,22,1
P006,HRTF_B,21,2.097,-55.02,-2.26,22,1
P006,HRTF_B,21,2.111,-56.13,-2.1,22,1
P006,HRTF_B,21,2.125,-57.26,-1.92,22,1
P006,HRTF_B,21,2.139,-58.41,-1.76,22,1
P006,HRTF_B,21,2.153,-59.57,-1.61,22,1
P006,HRTF_B,21,2.167,-60.73,-1.48,22,1
P006,HRTF_B,21,2.18,-61.89,-1.42,22,1
P006,HRTF_B,21,2.194,-63.01,-1.32,22,1
P006,HRTF_B,21,2.208,-64.12,-1.29,22,1
P006,HRTF_B,21,2.222,-65.18,-1.24,22,1
P006,HRTF_B,21,2.236,-66.27,-1.2,22,1
P006,HRTF_B,21,2.25,-67.34,-1.21,22,1
P006,HRTF_B,21,2.264,-68.4,-1.22,22,1
P006,HRTF_B,21,2.278,-69.42,-1.23,22,1
P006,HRTF_B,21,2.292,-70.47,-1.25,22,1
P006,HRTF_B,21,2.305,-71.51,-1.33,22,1
P006,HRTF_B,21,2.319,-72.53,-1.47,22,1
P006,HRTF_B,21,2.333,-73.56,-1.56,22,1
P006,HRTF_B,21,2.347,-74.59,-1.65,22,1
P006,HRTF_B,21,2.361,-75.59,-1.72,22,1
P006,HRTF_B,21,2.375,-76.62,-1.78,22,1
P006,HRTF_B,21,2.389,-77.67,-1.85,22,1
P006,HRTF_B,21,2.403,-78.66,-1.93,22,1
P006,HRTF_B,21,2.417,-79.67,-2.06,22,1
P006,HRTF_B,21,2.43,-80.7,-2.24,22,1
P006,HRTF_B,21,2.444,-81.72,-2.32,22,1
P006,HRTF_B,21,2.458,-82.73,-2.4,22,1
P006,HRTF_B,21,2.472,-83.72,-2.43,22,1
P006,HRTF_B,21,2.486,-84.73,-2.46,22,1
P006,HRTF_B,21,2.5,-85.68,-2.45,22,1
P006,HRTF_B,21,2.514,-86.66,-2.47,22,1
P006,HRTF_B,21,2.528,-87.61,-2.5,22,1
P006,HRTF_B,21,2.542,-88.52,-2.46,22,1
P006,HRTF_B,21,2.555,-89.41,-2.44,22,1
P006,HRTF_B,21,2.569,-90.29,-2.45,22,1
P006,HRTF_B,21,2.583,-91.1,-2.49,22,1
P006,HRTF_B,21,2.597,-91.88,-2.57,22,1
P006,HRTF_B,21,2.611,-92.6,-2.65,22,1
P006,HRTF_B,21,2.625,-93.23,-2.71,22,1
P006,HRTF_B,21,2.639,-93.88,-2.75,22,1
P006,HRTF_B,21,2.653,-94.5,-2.83,22,1
P006,HRTF_B,21,2.666,-95.09,-2.96,22,1
P006,HRTF_B,21,2.681,-95.72,-3.09,22,1
P006,HRTF_B,21,2.694,-96.34,-3.35,22,1
P006,HRTF_B,21,2.708,-96.93,-3.64,22,1
P006,HRTF_B,21,2.722,-97.57,-3.84,22,1
P006,HRTF_B,21,2.736,-98.22,-4.07,22,1
P006,HRTF_B,21,2.75,-98.95,-4.27,22,1
P006,HRTF_B,21,2.764,-99.63,-4.46,22,1
P006,HRTF_B,21,2.778,-100.28,-4.69,22,1
P006,HRTF_B,21,2.792,-100.91,-4.94,22,1
P006,HRTF_B,21,2.805,-101.62,-5.19,22,1
P006,HRTF_B,21,2.819,-102.35,-5.43,22,1
P006,HRTF_B,21,2.833,-103.1,-5.57,22,1
P006,HRTF_B,21,2.847,-103.87,-5.71,22,1
P006,HRTF_B,21,2.861,-104.6,-5.82,22,1
P006,HRTF_B,21,2.875,-105.33,-5.93,22,1
P006,HRTF_B,21,2.888,-106.04,-6.0,22,1
P006,HRTF_B,21,2.902,-106.72,-6.12,22,1
P006,HRTF_B,21,2.916,-107.29,-6.2,22,1
P006,HRTF_B,21,2.93,-107.82,-6.28,22,1
P006,HRTF_B,21,2.944,-108.23,-6.3,22,1
P006,HRTF_B,21,2.958,-108.59,-6.37,22,1
P006,HRTF_B,21,2.972,-108.82,-6.43,22,1
P006,HRTF_B,21,2.986,-109.08,-6.43,22,1
P006,HRTF_B,21,3.0,-109.3,-6.44,22,1
P006,HRTF_B,21,3.013,-109.53,-6.35,22,1
P006,HRTF_B,21,3.027,-109.83,-6.25,22,1
P006,HRTF_B,21,3.041,-110.17,-6.13,22,1
P006,HRTF_B,21,3.055,-110.53,-5.96,22,1
P006,HRTF_B,21,3.069,-110.99,-5.74,22,1
P006,HRTF_B,21,3.083,-111.47,-5.53,22,1
P006,HRTF_B,21,3.097,-111.98,-5.36,22,1
P006,HRTF_B,21,3.111,-112.58,-5.25,22,1
P006,HRTF_B,21,3.125,-113.24,-5.28,22,1
P006,HRTF_B,21,3.138,-113.92,-5.45,22,1
P006,HRTF_B,21,3.152,-114.56,-5.65,22,1
P006,HRTF_B,21,3.166,-115.21,-5.93,22,1
P006,HRTF_B,21,3.18,-115.78,-6.23,22,1
P006,HRTF_B,21,3.194,-116.32,-6.44,22,1
P006,HRTF_B,21,3.208,-116.81,-6.56,22,1
P006,HRTF_B,21,3.222,-117.23,-6.69,22,1
P006,HRTF_B,21,3.236,-117.65,-6.81,22,1
P006,HRTF_B,21,3.25,-118.05,-6.96,22,1
P006,HRTF_B,21,3.264,-118.4,-7.2,22,1
P006,HRTF_B,21,3.277,-118.69,-7.5,22,1
P006,HRTF_B,21,3.291,-119.06,-7.73,22,1
P006,HRTF_B,21,3.305,-119.32,-7.83,22,1
P006,HRTF_B,21,3.319,-119.64,-7.93,22,1
P006,HRTF_B,21,3.333,-119.91,-7.99,22,1
P006,HRTF_B,21,3.347,-120.19,-7.97,22,1
P006,HRTF_B,21,3.361,-120.38,-7.97,22,1
P006,HRTF_B,21,3.375,-120.6,-7.98,22,1
P006,HRTF_B,21,3.388,-120.72,-7.95,22,1
P006,HRTF_B,21,3.402,-120.83,-7.97,22,1
P006,HRTF_B,21,3.416,-120.93,-8.01,22,1
P006,HRTF_B,21,3.43,-121.04,-8.03,22,1
P006,HRTF_B,21,3.444,-121.16,-8.06,22,1
P006,HRTF_B,22,0.014,0.65,-0.98,21,1
P006,HRTF_B,22,0.028,0.68,-0.98,21,1
P006,HRTF_B,22,0.042,0.68,-0.95,21,1
P006,HRTF_B,22,0.055,0.66,-0.93,21,1
P006,HRTF_B,22,0.069,0.63,-0.9,21,1
P006,HRTF_B,22,0.084,0.56,-0.88,21,1
P006,HRTF_B,22,0.097,0.49,-0.85,21,1
P006,HRTF_B,22,0.111,0.38,-0.84,21,1
P006,HRTF_B,22,0.125,0.3,-0.84,21,1
P006,HRTF_B,22,0.139,0.2,-0.85,21,1
P006,HRTF_B,22,0.153,0.1,-0.86,21,1
P006,HRTF_B,22,0.166,-0.02,-0.9,21,1
P006,HRTF_B,22,0.18,-0.14,-1.02,21,1
P006,HRTF_B,22,0.194,-0.28,-1.18,21,1
P006,HRTF_B,22,0.208,-0.46,-1.37,21,1
P006,HRTF_B,22,0.222,-0.66,-1.5,21,1
P006,HRTF_B,22,0.236,-0.89,-1.55,21,1
P006,HRTF_B,22,0.25,-1.14,-1.56,21,1
P006,HRTF_B,22,0.264,-1.37,-1.58,21,1
P006,HRTF_B,22,0.277,-1.65,-1.64,21,1
P006,HRTF_B,22,0.292,-1.89,-1.75,21,1
P006,HRTF_B,22,0.306,-2.1,-1.88,21,1
P006,HRTF_B,22,0.319,-2.3,-1.97,21,1
P006,HRTF_B,22,0.333,-2.49,-2.09,21,1
P006,HRTF_B,22,0.347,-2.66,-2.16,21,1
P006,HRTF_B,22,0.361,-2.83,-2.26,21,1
P006,HRTF_B,22,0.375,-2.98,-2.37,21,1
P006,HRTF_B,22,0.388,-3.13,-2.47,21,1
P006,HRTF_B,22,0.402,-3.26,-2.57,21,1
P006,HRTF_B,22,0.416,-3.37,-2.64,21,1
P006,HRTF_B,22,0.43,-3.51,-2.68,21,1
P006,HRTF_B,22,0.444,-3.64,-2.73,21,1
P006,HRTF_B,22,0.458,-3.78,-2.73,21,1
P006,HRTF_B,22,0.472,-3.93,-2.73,21,1
P006,HRTF_B,22,0.486,-4.06,-2.74,21,1
P006,HRTF_B,22,0.499,-4.15,-2.75,21,1
P006,HRTF_B,22,0.513,-4.26,-2.76,21,1
P006,HRTF_B,22,0.527,-4.38,-2.72,21,1
P006,HRTF_B,22,0.541,-4.54,-2.68,21,1
P006,HRTF_B,22,0.555,-4.68,-2.63,21,1
P006,HRTF_B,22,0.569,-4.83,-2.58,21,1
P006,HRTF_B,22,0.583,-4.99,-2.58,21,1
P006,HRTF_B,22,0.597,-5.16,-2.61,21,1
P006,HRTF_B,22,0.611,-5.36,-2.62,21,1
P006,HRTF_B,22,0.625,-5.54,-2.65,21,1
P006,HRTF_B,22,0.638,-5.76,-2.69,21,1
P006,HRTF_B,22,0.652,-5.94,-2.73,21,1
P006,HRTF_B,22,0.666,-6.14,-2.81,21,1
P006,HRTF_B,22,0.68,-6.33,-2.87,21,1
P006,HRTF_B,22,0.694,-6.53,-2.94,21,1
P006,HRTF_B,22,0.708,-6.76,-2.99,21,1
P006,HRTF_B,22,0.722,-6.99,-3.03,21,1
P006,HRTF_B,22,0.736,-7.22,-3.05,21,1
P006,HRTF_B,22,0.75,-7.45,-3.08,21,1
P006,HRTF_B,22,0.763,-7.68,-3.13,21,1
P006,HRTF_B,22,0.777,-7.89,-3.18,21,1
P006,HRTF_B,22,0.791,-8.1,-3.21,21,1
P006,HRTF_B,22,0.805,-8.31,-3.25,21,1
P006,HRTF_B,22,0.819,-8.52,-3.24,21,1
P006,HRTF_B,22,0.833,-8.75,-3.24,21,1
P006,HRTF_B,22,0.847,-8.99,-3.22,21,1
P006,HRTF_B,22,0.861,-9.24,-3.2,21,1
P006,HRTF_B,22,0.874,-9.5,-3.17,21,1
P006,HRTF_B,22,0.888,-9.79,-3.17,21,1
P006,HRTF_B,22,0.902,-10.1,-3.14,21,1
P006,HRTF_B,22,0.916,-10.44,-3.11,21,1
P006,HRTF_B,22,0.93,-10.79,-3.06,21,1
P006,HRTF_B,22,0.944,-11.23,-3.01,21,1
P006,HRTF_B,22,0.958,-11.73,-2.98,21,1
P006,HRTF_B,22,0.972,-12.29,-2.93,21,1
P006,HRTF_B,22,0.986,-12.84,-2.87,21,1
P006,HRTF_B,22,1.0,-13.5,-2.83,21,1
P006,HRTF_B,22,1.013,-14.21,-2.78,21,1
P006,HRTF_B,22,1.027,-15.01,-2.74,21,1
P006,HRTF_B,22,1.041,-15.82,-2.73,21,1
P006,HRTF_B,22,1.055,-16.77,-2.73,21,1
P006,HRTF_B,22,1.069,-17.82,-2.71,21,1
P006,HRTF_B,22,1.083,-19.0,-2.75,21,1
P006,HRTF_B,22,1.097,-20.43,-2.79,21,1
P006,HRTF_B,22,1.111,-22.11,-2.8,21,1
P006,HRTF_B,22,1.124,-24.02,-2.85,21,1
P006,HRTF_B,22,1.138,-26.03,-2.87,21,1
P006,HRTF_B,22,1.152,-28.41,-2.93,21,1
P006,HRTF_B,22,1.166,-30.96,-3.01,21,1
P006,HRTF_B,22,1.18,-33.57,-3.11,21,1
P006,HRTF_B,22,1.194,-36.21,-3.24,21,1
P006,HRTF_B,22,1.208,-38.88,-3.36,21,1
P006,HRTF_B,22,1.222,-41.64,-3.51,21,1
P006,HRTF_B,22,1.236,-44.37,-3.62,21,1
P006,HRTF_B,22,1.249,-47.18,-3.73,21,1
P006,HRTF_B,22,1.263,-49.92,-3.79,21,1
P006,HRTF_B,22,1.277,-52.67,-3.86,21,1
P006,HRTF_B,22,1.291,-55.46,-3.91,21,1
P006,HRTF_B,22,1.305,-58.27,-4.04,21,1
P006,HRTF_B,22,1.319,-61.05,-4.18,21,1
P006,HRTF_B,22,1.333,-63.71,-4.35,21,1
P006,HRTF_B,22,1.347,-66.36,-4.44,21,1
P006,HRTF_B,22,1.361,-68.94,-4.63,21,1
P006,HRTF_B,22,1.374,-71.53,-4.85,21,1
P006,HRTF_B,22,1.389,-74.14,-5.16,21,1
P006,HRTF_B,22,1.402,-76.69,-5.4,21,1
P006,HRTF_B,22,1.416,-79.11,-5.62,21,1
P006,HRTF_B,22,1.43,-81.43,-5.81,21,1
P006,HRTF_B,22,1.444,-83.7,-6.03,21,1
P006,HRTF_B,22,1.458,-86.09,-6.32,21,1
P006,HRTF_B,22,1.472,-88.28,-6.47,21,1
P006,HRTF_B,22,1.486,-90.43,-6.63,21,1
P006,HRTF_B,22,1.499,-92.46,-6.69,21,1
P006,HRTF_B,22,1.513,-94.53,-6.79,21,1
P006,HRTF_B,22,1.527,-96.6,-6.89,21,1
P006,HRTF_B,22,1.541,-98.68,-7.02,21,1
P006,HRTF_B,22,1.555,-100.73,-7.02,21,1
P006,HRTF_B,22,1.569,-102.7,-6.92,21,1
P006,HRTF_B,22,1.583,-104.73,-6.79,21,1
P006,HRTF_B,22,1.597,-106.89,-6.75,21,1
P006,HRTF_B,22,1.61,-109.11,-6.63,21,1
P006,HRTF_B,22,1.624,-111.32,-6.55,21,1
P006,HRTF_B,22,1.638,-113.42,-6.43,21,1
P006,HRTF_B,22,1.652,-115.32,-6.31,21,1
P006,HRTF_B,22,1.666,-117.16,-6.21,21,1
P006,HRTF_B,22,1.68,-118.89,-6.11,21,1
P006,HRTF_B,22,1.694,-120.43,-6.03,21,1
P006,HRTF_B,22,1.708,-121.78,-5.89,21,1
P006,HRTF_B,22,1.722,-122.95,-5.79,21,1
P006,HRTF_B,22,1.735,-123.98,-5.72,21,1
P006,HRTF_B,22,1.749,-124.88,-5.73,21,1
P006,HRTF_B,22,1.763,-125.71,-5.73,21,1
P006,HRTF_B,22,1.777,-126.47,-5.74,21,1
P006,HRTF_B,22,1.791,-127.09,-5.79,21,1
P006,HRTF_B,22,1.805,-127.61,-5.8,21,1
P006,HRTF_B,22,1.819,-128.18,-5.81,21,1
P006,HRTF_B,22,1.833,-128.63,-5.9,21,1
P006,HRTF_B,22,1.847,-129.02,-5.99,21,1
P006,HRTF_B,22,1.86,-129.42,-6.05,21,1
P006,HRTF_B,22,1.874,-129.88,-6.11,21,1
P006,HRTF_B,22,1.888,-130.29,-6.17,21,1
P006,HRTF_B,22,1.902,-130.78,-6.24,21,1
P006,HRTF_B,22,1.916,-131.29,-6.35,21,1
P006,HRTF_B,22,1.93,-131.8,-6.43,21,1
P006,HRTF_B,22,1.944,-132.28,-6.5,21,1
P006,HRTF_B,22,1.958,-132.77,-6.53,21,1
P006,HRTF_B,22,1.972,-133.25,-6.55,21,1
P006,HRTF_B,22,1.985,-133.69,-6.57,21,1
P006,HRTF_B,22,1.999,-134.15,-6.57,21,1
P006,HRTF_B,22,2.013,-134.49,-6.57,21,1
P006,HRTF_B,22,2.027,-134.73,-6.54,21,1
P006,HRTF_B,23,0.014,-0.89,-1.89,13,1
P006,HRTF_B,23,0.028,-0.81,-1.9,13,1
P006,HRTF_B,23,0.041,-0.75,-1.89,13,1
P006,HRTF_B,23,0.055,-0.72,-1.9,13,1
P006,HRTF_B,23,0.069,-0.72,-1.89,13,1
P006,HRTF_B,23,0.083,-0.73,-1.88,13,1
P006,HRTF_B,23,0.097,-0.81,-1.88,13,1
P006,HRTF_B,23,0.111,-0.88,-1.86,13,1
P006,HRTF_B,23,0.125,-0.97,-1.84,13,1
P006,HRTF_B,23,0.139,-1.12,-1.83,13,1
P006,HRTF_B,23,0.153,-1.3,-1.82,13,1
P006,HRTF_B,23,0.167,-1.52,-1.82,13,1
P006,HRTF_B,23,0.18,-1.74,-1.84,13,1
P006,HRTF_B,23,0.194,-1.98,-1.87,13,1
P006,HRTF_B,23,0.209,-2.2,-1.9,13,1
P006,HRTF_B,23,0.222,-2.45,-1.93,13,1
P006,HRTF_B,23,0.236,-2.72,-1.98,13,1
P006,HRTF_B,23,0.25,-3.01,-2.01,13,1
P006,HRTF_B,23,0.264,-3.32,-2.06,13,1
P006,HRTF_B,23,0.278,-3.62,-2.1,13,1
P006,HRTF_B,23,0.292,-3.95,-2.13,13,1
P006,HRTF_B,23,0.305,-4.27,-2.17,13,1
P006,HRTF_B,23,0.319,-4.63,-2.19,13,1
P006,HRTF_B,23,0.333,-4.98,-2.2,13,1
P006,HRTF_B,23,0.347,-5.34,-2.2,13,1
P006,HRTF_B,23,0.361,-5.72,-2.2,13,1
P006,HRTF_B,23,0.375,-6.08,-2.23,13,1
P006,HRTF_B,23,0.389,-6.44,-2.27,13,1
P006,HRTF_B,23,0.403,-6.8,-2.3,13,1
P006,HRTF_B,23,0.417,-7.14,-2.3,13,1
P006,HRTF_B,23,0.43,-7.53,-2.3,13,1
P006,HRTF_B,23,0.444,-7.92,-2.29,13,1
P006,HRTF_B,23,0.458,-8.3,-2.26,13,1
P006,HRTF_B,23,0.472,-8.64,-2.26,13,1
P006,HRTF_B,23,0.486,-9.01,-2.27,13,1
P006,HRTF_B,23,0.5,-9.34,-2.25,13,1
P006,HRTF_B,23,0.514,-9.7,-2.23,13,1
P006,HRTF_B,23,0.528,-10.04,-2.18,13,1
P006,HRTF_B,23,0.541,-10.38,-2.13,13,1
P006,HRTF_B,23,0.556,-10.71,-2.1,13,1
P006,HRTF_B,23,0.57,-11.01,-2.07,13,1
P006,HRTF_B,23,0.584,-11.38,-2.07,13,1
P006,HRTF_B,23,0.597,-11.68,-2.05,13,1
P006,HRTF_B,23,0.611,-12.01,-2.0,13,1
P006,HRTF_B,23,0.625,-12.34,-1.98,13,1
P006,HRTF_B,23,0.639,-12.65,-1.93,13,1
P006,HRTF_B,23,0.653,-13.01,-1.92,13,1
P006,HRTF_B,23,0.666,-13.36,-1.88,13,1
P006,HRTF_B,23,0.68,-13.72,-1.87,13,1
P006,HRTF_B,23,0.694,-14.11,-1.86,13,1
P006,HRTF_B,23,0.708,-14.48,-1.84,13,1
P006,HRTF_B,23,0.722,-14.85,-1.84,13,1
P006,HRTF_B,23,0.736,-15.25,-1.82,13,1
P006,HRTF_B,23,0.75,-15.64,-1.85,13,1
P006,HRTF_B,23,0.764,-16.08,-1.85,13,1
P006,HRTF_B,23,0.778,-16.5,-1.83,13,1
P006,HRTF_B,23,0.791,-16.91,-1.82,13,1
P006,HRTF_B,23,0.805,-17.32,-1.82,13,1
P006,HRTF_B,23,0.819,-17.75,-1.82,13,1
P006,HRTF_B,23,0.833,-18.12,-1.85,13,1
P006,HRTF_B,23,0.847,-18.51,-1.82,13,1
P006,HRTF_B,23,0.861,-18.91,-1.85,13,1
P006,HRTF_B,23,0.875,-19.28,-1.84,13,1
P006,HRTF_B,23,0.889,-19.67,-1.83,13,1
P006,HRTF_B,23,0.903,-20.02,-1.79,13,1
P006,HRTF_B,23,0.916,-20.38,-1.77,13,1
P006,HRTF_B,23,0.931,-20.73,-1.71,13,1
P006,HRTF_B,23,0.944,-21.05,-1.65,13,1
P006,HRTF_B,23,0.958,-21.38,-1.57,13,1
P006,HRTF_B,23,0.972,-21.69,-1.54,13,1
P006,HRTF_B,23,0.986,-21.98,-1.49,13,1
P006,HRTF_B,23,1.0,-22.24,-1.46,13,1
P006,HRTF_B,23,1.014,-22.45,-1.43,13,1
P006,HRTF_B,23,1.028,-22.6,-1.42,13,1
P006,HRTF_B,23,1.041,-22.73,-1.37,13,1
P006,HRTF_B,23,1.055,-22.83,-1.3,13,1
P006,HRTF_B,23,1.069,-22.9,-1.23,13,1
P006,HRTF_B,23,1.083,-22.92,-1.15,13,1
P006,HRTF_B,23,1.097,-22.87,-1.07,13,1
P006,HRTF_B,23,1.111,-22.78,-0.98,13,1
P006,HRTF_B,23,1.125,-22.6,-0.88,13,1
P006,HRTF_B,23,1.139,-22.37,-0.77,13,1
P006,HRTF_B,23,1.152,-22.11,-0.68,13,1
P006,HRTF_B,23,1.166,-21.76,-0.6,13,1
P006,HRTF_B,23,1.18,-21.36,-0.55,13,1
P006,HRTF_B,23,1.194,-20.9,-0.49,13,1
P006,HRTF_B,23,1.208,-20.39,-0.41,13,1
P006,HRTF_B,23,1.222,-19.77,-0.33,13,1
P006,HRTF_B,23,1.236,-19.09,-0.22,13,1
P006,HRTF_B,23,1.25,-18.28,-0.19,13,1
P006,HRTF_B,23,1.263,-17.36,-0.35,13,1
P006,HRTF_B,23,1.277,-16.33,-0.58,13,1
P006,HRTF_B,23,1.291,-15.23,-0.85,13,1
P006,HRTF_B,23,1.305,-14.09,-1.13,13,1
P006,HRTF_B,23,1.319,-12.98,-1.28,13,1
P006,HRTF_B,23,1.333,-11.84,-1.29,13,1
P006,HRTF_B,23,1.347,-10.72,-1.24,13,1
P006,HRTF_B,23,1.361,-9.62,-1.18,13,1
P006,HRTF_B,23,1.375,-8.51,-1.1,13,1
P006,HRTF_B,23,1.388,-7.49,-0.99,13,1
P006,HRTF_B,23,1.402,-6.56,-0.94,13,1
P006,HRTF_B,23,1.416,-5.65,-0.86,13,1
P006,HRTF_B,23,1.43,-4.78,-0.76,13,1
P006,HRTF_B,23,1.444,-3.94,-0.69,13,1
P006,HRTF_B,23,1.458,-3.13,-0.69,13,1
P006,HRTF_B,23,1.472,-2.31,-0.76,13,1
P006,HRTF_B,23,1.486,-1.48,-0.86,13,1
P006,HRTF_B,23,1.5,-0.67,-0.93,13,1
P006,HRTF_B,23,1.513,0.13,-0.95,13,1
P006,HRTF_B,23,1.527,0.97,-0.99,13,1
P006,HRTF_B,23,1.541,1.88,-1.04,13,1
P006,HRTF_B,23,1.555,2.82,-1.07,13,1
P006,HRTF_B,23,1.569,3.81,-1.15,13,1
P006,HRTF_B,23,1.583,4.87,-1.25,13,1
P006,HRTF_B,23,1.597,5.98,-1.32,13,1
P006,HRTF_B,23,1.611,7.13,-1.37,13,1
P006,HRTF_B,23,1.625,8.31,-1.41,13,1
P006,HRTF_B,23,1.642,9.47,-1.42,13,1
P006,HRTF_B,23,1.656,10.64,-1.45,13,1
P006,HRTF_B,23,1.669,11.8,-1.5,13,1
P006,HRTF_B,23,1.683,12.91,-1.56,13,1
P006,HRTF_B,23,1.705,14.1,-1.62,13,1
P006,HRTF_B,23,1.722,15.28,-1.63,13,1
P006,HRTF_B,23,1.736,17.62,-1.61,13,1
P006,HRTF_B,23,1.749,18.73,-1.6,13,1
P006,HRTF_B,23,1.764,19.85,-1.56,13,1
P006,HRTF_B,23,1.777,20.93,-1.51,13,1
P006,HRTF_B,23,1.791,22.04,-1.45,13,1
P006,HRTF_B,23,1.805,23.12,-1.37,13,1
P006,HRTF_B,23,1.819,24.2,-1.28,13,1
P006,HRTF_B,23,1.833,25.21,-1.11,13,1
P006,HRTF_B,23,1.847,26.25,-0.98,13,1
P006,HRTF_B,23,1.861,27.3,-0.91,13,1
P006,HRTF_B,23,1.875,28.38,-0.88,13,1
P006,HRTF_B,23,1.889,29.47,-0.85,13,1
P006,HRTF_B,23,1.902,30.59,-0.85,13,1
P006,HRTF_B,23,1.916,31.71,-0.89,13,1
P006,HRTF_B,23,1.93,32.83,-0.96,13,1
P006,HRTF_B,23,1.944,33.99,-1.08,13,1
P006,HRTF_B,23,1.958,35.11,-1.19,13,1
P006,HRTF_B,23,1.972,36.27,-1.36,13,1
P006,HRTF_B,23,1.986,37.36,-1.55,13,1
P006,HRTF_B,23,2.0,38.47,-1.71,13,1
P006,HRTF_B,23,2.013,39.58,-1.89,13,1
P006,HRTF_B,23,2.027,40.68,-2.06,13,1
P006,HRTF_B,23,2.041,41.82,-2.32,13,1
P006,HRTF_B,23,2.055,42.94,-2.59,13,1
P006,HRTF_B,23,2.069,44.05,-2.84,13,1
P006,HRTF_B,23,2.083,45.14,-3.04,13,1
P006,HRTF_B,23,2.097,46.25,-3.31,13,1
P006,HRTF_B,23,2.111,47.33,-3.5,13,1
P006,HRTF_B,23,2.125,48.42,-3.64,13,1
P006,HRTF_B,23,2.139,49.5,-3.77,13,1
P006,HRTF_B,23,2.153,50.57,-3.84,13,1
P006,HRTF_B,23,2.166,51.62,-3.89,13,1
P006,HRTF_B,23,2.18,52.62,-3.84,13,1
P006,HRTF_B,23,2.194,53.63,-3.7,13,1
P006,HRTF_B,23,2.208,54.61,-3.44,13,1
P006,HRTF_B,23,2.222,55.58,-3.14,13,1
P006,HRTF_B,23,2.236,56.57,-2.87,13,1
P006,HRTF_B,23,2.25,57.59,-2.56,13,1
P006,HRTF_B,23,2.263,58.62,-2.23,13,1
P006,HRTF_B,23,2.277,59.64,-1.83,13,1
P006,HRTF_B,23,2.291,60.75,-1.35,13,1
P006,HRTF_B,23,2.305,62.01,-0.84,13,1
P006,HRTF_B,23,2.319,63.36,-0.27,13,1
P006,HRTF_B,23,2.333,64.9,0.31,13,1
P006,HRTF_B,23,2.347,66.48,0.96,13,1
P006,HRTF_B,23,2.361,68.09,1.61,13,1
P006,HRTF_B,23,2.374,69.7,2.32,13,1
P006,HRTF_B,23,2.388,71.29,2.91,13,1
P006,HRTF_B,23,2.402,72.95,3.41,13,1
P006,HRTF_B,23,2.416,74.6,3.83,13,1
P006,HRTF_B,23,2.43,76.14,4.21,13,1
P006,HRTF_B,23,2.444,77.66,4.58,13,1
P006,HRTF_B,23,2.458,79.07,4.76,13,1
P006,HRTF_B,23,2.472,80.4,4.88,13,1
P006,HRTF_B,23,2.486,81.7,4.97,13,1
P006,HRTF_B,23,2.5,82.94,5.02,13,1
P006,HRTF_B,23,2.513,84.16,5.06,13,1
P006,HRTF_B,23,2.527,85.35,5.17,13,1
P006,HRTF_B,23,2.541,86.53,5.17,13,1
P006,HRTF_B,23,2.555,87.66,5.14,13,1
P006,HRTF_B,23,2.569,88.78,5.14,13,1
P006,HRTF_B,23,2.583,89.9,5.12,13,1
P006,HRTF_B,23,2.597,90.97,5.12,13,1
P006,HRTF_B,23,2.61,91.99,5.1,13,1
P006,HRTF_B,23,2.624,93.05,5.04,13,1
P006,HRTF_B,23,2.638,94.11,5.01,13,1
P006,HRTF_B,23,2.652,95.19,4.98,13,1
P006,HRTF_B,23,2.666,96.27,4.87,13,1
P006,HRTF_B,23,2.68,97.38,4.73,13,1
P006,HRTF_B,23,2.694,98.47,4.6,13,1
P006,HRTF_B,23,2.708,99.63,4.45,13,1
P006,HRTF_B,23,2.722,100.84,4.32,13,1
P006,HRTF_B,23,2.736,102.04,4.24,13,1
P006,HRTF_B,23,2.749,103.31,4.16,13,1
P006,HRTF_B,23,2.763,104.54,4.14,13,1
P006,HRTF_B,23,2.777,105.77,4.08,13,1
P006,HRTF_B,23,2.791,107.02,4.0,13,1
P006,HRTF_B,23,2.805,108.25,3.98,13,1
P006,HRTF_B,23,2.819,109.46,3.95,13,1
P006,HRTF_B,23,2.833,110.66,3.96,13,1
P006,HRTF_B,23,2.847,111.82,3.98,13,1
P006,HRTF_B,23,2.86,112.99,4.04,13,1
P006,HRTF_B,23,2.874,114.09,4.11,13,1
P006,HRTF_B,23,2.888,115.17,4.21,13,1
P006,HRTF_B,23,2.902,116.19,4.31,13,1
P006,HRTF_B,23,2.916,117.11,4.37,13,1
P006,HRTF_B,23,2.93,117.97,4.46,13,1
P006,HRTF_B,23,2.944,118.77,4.48,13,1
P006,HRTF_B,23,2.958,119.57,4.55,13,1
P006,HRTF_B,23,2.972,120.27,4.62,13,1
P006,HRTF_B,23,2.985,120.95,4.69,13,1
P006,HRTF_B,23,2.999,121.59,4.74,13,1
P006,HRTF_B,23,3.013,122.21,4.75,13,1
P006,HRTF_B,23,3.027,122.8,4.72,13,1
P006,HRTF_B,23,3.041,123.35,4.74,13,1
P006,HRTF_B,23,3.055,123.91,4.75,13,1
P006,HRTF_B,23,3.069,124.41,4.71,13,1
P006,HRTF_B,23,3.083,124.82,4.67,13,1
P006,HRTF_B,23,3.097,125.2,4.55,13,1
P006,HRTF_B,23,3.11,125.55,4.46,13,1
P006,HRTF_B,23,3.124,125.84,4.35,13,1
P006,HRTF_B,23,3.138,126.08,4.25,13,1
P006,HRTF_B,23,3.152,126.33,4.16,13,1
P006,HRTF_B,23,3.166,126.52,4.06,13,1
P006,HRTF_B,24,0.014,-1.42,-3.82,20,1
P006,HRTF_B,24,0.028,-1.62,-3.84,20,1
P006,HRTF_B,24,0.042,-1.78,-3.84,20,1
P006,HRTF_B,24,0.056,-1.92,-3.83,20,1
P006,HRTF_B,24,0.07,-2.07,-3.8,20,1
P006,HRTF_B,24,0.083,-2.18,-3.77,20,1
P006,HRTF_B,24,0.097,-2.31,-3.72,20,1
P006,HRTF_B,24,0.111,-2.44,-3.67,20,1
P006,HRTF_B,24,0.125,-2.55,-3.6,20,1
P006,HRTF_B,24,0.14,-2.65,-3.54,20,1
P006,HRTF_B,24,0.153,-2.72,-3.49,20,1
P006,HRTF_B,24,0.167,-2.78,-3.45,20,1
P006,HRTF_B,24,0.18,-2.83,-3.45,20,1
P006,HRTF_B,24,0.194,-2.87,-3.49,20,1
P006,HRTF_B,24,0.208,-2.89,-3.53,20,1
P006,HRTF_B,24,0.222,-2.92,-3.55,20,1
P006,HRTF_B,24,0.236,-2.92,-3.57,20,1
P006,HRTF_B,24,0.25,-2.9,-3.59,20,1
P006,HRTF_B,24,0.264,-2.89,-3.63,20,1
P006,HRTF_B,24,0.278,-2.86,-3.66,20,1
P006,HRTF_B,24,0.292,-2.82,-3.7,20,1
P006,HRTF_B,24,0.306,-2.74,-3.75,20,1
P006,HRTF_B,24,0.319,-2.66,-3.77,20,1
P006,HRTF_B,24,0.333,-2.55,-3.8,20,1
P006,HRTF_B,24,0.347,-2.41,-3.81,20,1
P006,HRTF_B,24,0.361,-2.25,-3.82,20,1
P006,HRTF_B,24,0.375,-2.03,-3.82,20,1
P006,HRTF_B,24,0.389,-1.8,-3.8,20,1
P006,HRTF_B,24,0.403,-1.49,-3.76,20,1
P006,HRTF_B,24,0.417,-1.18,-3.7,20,1
P006,HRTF_B,24,0.431,-0.8,-3.64,20,1
P006,HRTF_B,24,0.445,-0.41,-3.57,20,1
P006,HRTF_B,24,0.458,0.07,-3.54,20,1
P006,HRTF_B,24,0.472,0.57,-3.48,20,1
P006,HRTF_B,24,0.486,1.07,-3.44,20,1
P006,HRTF_B,24,0.5,1.64,-3.38,20,1
P006,HRTF_B,24,0.514,2.16,-3.39,20,1
P006,HRTF_B,24,0.528,2.69,-3.4,20,1
P006,HRTF_B,24,0.542,3.21,-3.36,20,1
P006,HRTF_B,24,0.556,3.76,-3.29,20,1
P006,HRTF_B,24,0.57,4.31,-3.23,20,1
P006,HRTF_B,24,0.584,4.87,-3.16,20,1
P006,HRTF_B,24,0.597,5.47,-3.1,20,1
P006,HRTF_B,24,0.611,6.07,-3.04,20,1
P006,HRTF_B,24,0.625,6.69,-2.95,20,1
P006,HRTF_B,24,0.639,7.37,-2.87,20,1
P006,HRTF_B,24,0.653,8.05,-2.82,20,1
P006,HRTF_B,24,0.667,8.79,-2.7,20,1
P006,HRTF_B,24,0.681,9.57,-2.59,20,1
P006,HRTF_B,24,0.695,10.4,-2.46,20,1
P006,HRTF_B,24,0.709,11.26,-2.33,20,1
P006,HRTF_B,24,0.723,12.15,-2.18,20,1
P006,HRTF_B,24,0.736,13.09,-1.97,20,1
P006,HRTF_B,24,0.75,14.07,-1.81,20,1
P006,HRTF_B,24,0.764,15.08,-1.67,20,1
P006,HRTF_B,24,0.778,16.1,-1.54,20,1
P006,HRTF_B,24,0.792,17.2,-1.44,20,1
P006,HRTF_B,24,0.806,18.34,-1.3,20,1
P006,HRTF_B,24,0.82,19.46,-1.22,20,1
P006,HRTF_B,24,0.833,20.67,-1.15,20,1
P006,HRTF_B,24,0.847,21.81,-1.06,20,1
P006,HRTF_B,24,0.861,23.03,-0.96,20,1
P006,HRTF_B,24,0.875,24.33,-0.83,20,1
P006,HRTF_B,24,0.889,25.56,-0.75,20,1
P006,HRTF_B,24,0.903,26.86,-0.63,20,1
P006,HRTF_B,24,0.917,28.13,-0.55,20,1
P006,HRTF_B,24,0.931,29.42,-0.5,20,1
P006,HRTF_B,24,0.945,30.66,-0.39,20,1
P006,HRTF_B,24,0.959,31.86,-0.32,20,1
P006,HRTF_B,24,0.972,33.05,-0.22,20,1
P006,HRTF_B,24,0.986,34.2,-0.1,20,1
P006,HRTF_B,24,1.0,35.34,0.0,20,1
P006,HRTF_B,24,1.014,36.45,0.06,20,1
P006,HRTF_B,24,1.028,37.47,0.12,20,1
P006,HRTF_B,24,1.042,38.45,0.16,20,1
P006,HRTF_B,24,1.056,39.37,0.16,20,1
P006,HRTF_B,24,1.069,40.24,0.17,20,1
P006,HRTF_B,24,1.083,41.03,0.14,20,1
P006,HRTF_B,24,1.097,41.69,0.12,20,1
P006,HRTF_B,24,1.111,42.27,0.0,20,1
P006,HRTF_B,24,1.125,42.76,-0.27,20,1
P006,HRTF_B,24,1.139,43.11,-0.6,20,1
P006,HRTF_B,24,1.153,43.32,-1.01,20,1
P006,HRTF_B,24,1.167,43.57,-1.34,20,1
P006,HRTF_B,24,1.181,43.61,-1.7,20,1
P006,HRTF_B,24,1.195,43.64,-2.08,20,1
P006,HRTF_B,24,1.208,43.49,-2.47,20,1
P006,HRTF_B,24,1.222,43.3,-2.91,20,1
P006,HRTF_B,24,1.236,42.93,-3.37,20,1
P006,HRTF_B,24,1.25,42.51,-3.81,20,1
P006,HRTF_B,24,1.264,42.01,-4.23,20,1
P006,HRTF_B,24,1.278,41.4,-4.69,20,1
P006,HRTF_B,24,1.292,40.57,-5.22,20,1
P006,HRTF_B,24,1.306,39.69,-5.74,20,1
P006,HRTF_B,24,1.32,38.52,-6.32,20,1
P006,HRTF_B,24,1.333,37.4,-6.82,20,1
P006,HRTF_B,24,1.348,36.01,-7.33,20,1
P006,HRTF_B,24,1.361,34.63,-7.78,20,1
P006,HRTF_B,24,1.375,33.09,-8.23,20,1
P006,HRTF_B,24,1.389,31.37,-8.61,20,1
P006,HRTF_B,24,1.403,29.59,-8.94,20,1
P006,HRTF_B,24,1.417,27.86,-9.23,20,1
P006,HRTF_B,24,1.431,25.99,-9.42,20,1
P006,HRTF_B,24,1.444,24.1,-9.75,20,1
P006,HRTF_B,24,1.458,22.12,-10.15,20,1
P006,HRTF_B,24,1.472,20.07,-10.6,20,1
P006,HRTF_B,24,1.486,17.97,-11.09,20,1
P006,HRTF_B,24,1.5,15.83,-11.65,20,1
P006,HRTF_B,24,1.514,13.68,-12.09,20,1
P006,HRTF_B,24,1.528,11.42,-12.53,20,1
P006,HRTF_B,24,1.542,9.19,-12.96,20,1
P006,HRTF_B,24,1.556,6.99,-13.36,20,1
P006,HRTF_B,24,1.57,4.8,-13.73,20,1
P006,HRTF_B,24,1.583,2.73,-14.01,20,1
P006,HRTF_B,24,1.597,0.72,-14.23,20,1
P006,HRTF_B,24,1.611,-1.26,-14.45,20,1
P006,HRTF_B,24,1.625,-3.23,-14.74,20,1
P006,HRTF_B,24,1.639,-5.04,-14.86,20,1
P006,HRTF_B,24,1.653,-6.76,-14.98,20,1
P006,HRTF_B,24,1.667,-8.46,-15.05,20,1
P006,HRTF_B,24,1.681,-10.14,-15.22,20,1
P006,HRTF_B,24,1.694,-11.77,-15.36,20,1
P006,HRTF_B,24,1.708,-13.31,-15.61,20,1
P006,HRTF_B,24,1.722,-14.81,-15.87,20,1
P006,HRTF_B,24,1.736,-16.23,-16.2,20,1
P006,HRTF_B,24,1.75,-17.63,-16.49,20,1
P006,HRTF_B,24,1.764,-19.03,-16.8,20,1
P006,HRTF_B,24,1.778,-20.38,-17.03,20,1
P006,HRTF_B,24,1.792,-21.68,-17.25,20,1
P006,HRTF_B,24,1.806,-23.07,-17.35,20,1
P006,HRTF_B,24,1.82,-24.37,-17.47,20,1
P006,HRTF_B,24,1.834,-25.66,-17.57,20,1
P006,HRTF_B,24,1.847,-27.0,-17.72,20,1
P006,HRTF_B,24,1.861,-28.29,-17.83,20,1
P006,HRTF_B,24,1.875,-29.52,-17.87,20,1
P006,HRTF_B,24,1.889,-30.83,-17.87,20,1
P006,HRTF_B,24,1.903,-32.1,-17.88,20,1
P006,HRTF_B,24,1.917,-33.38,-18.03,20,1
P006,HRTF_B,24,1.931,-34.66,-18.14,20,1
P006,HRTF_B,24,1.944,-35.99,-18.28,20,1
P006,HRTF_B,24,1.958,-37.44,-18.41,20,1
P006,HRTF_B,24,1.972,-38.87,-18.43,20,1
P006,HRTF_B,24,1.986,-40.32,-18.45,20,1
P006,HRTF_B,24,2.0,-41.76,-18.41,20,1
P006,HRTF_B,24,2.014,-43.33,-18.6,20,1
P006,HRTF_B,24,2.028,-44.82,-18.74,20,1
P006,HRTF_B,24,2.042,-46.34,-18.89,20,1
P006,HRTF_B,24,2.055,-47.82,-19.0,20,1
P006,HRTF_B,24,2.069,-49.3,-19.05,20,1
P006,HRTF_B,24,2.083,-50.73,-19.03,20,1
P006,HRTF_B,24,2.097,-52.08,-19.06,20,1
P006,HRTF_B,24,2.111,-53.42,-19.04,20,1
P006,HRTF_B,24,2.125,-54.68,-19.02,20,1
P006,HRTF_B,24,2.139,-55.89,-19.05,20,1
P006,HRTF_B,24,2.153,-57.08,-19.09,20,1
P006,HRTF_B,24,2.166,-58.27,-19.06,20,1
P006,HRTF_B,24,2.18,-59.32,-18.93,20,1
P006,HRTF_B,24,2.194,-60.43,-18.82,20,1
P006,HRTF_B,24,2.208,-61.48,-18.72,20,1
P006,HRTF_B,24,2.222,-62.55,-18.57,20,1
P006,HRTF_B,24,2.236,-63.57,-18.35,20,1
P006,HRTF_B,24,2.25,-64.61,-18.14,20,1
P006,HRTF_B,24,2.264,-65.6,-17.97,20,1
P006,HRTF_B,24,2.278,-66.55,-17.75,20,1
P006,HRTF_B,24,2.292,-67.54,-17.54,20,1
P006,HRTF_B,24,2.305,-68.55,-17.43,20,1
P006,HRTF_B,24,2.319,-69.56,-17.25,20,1
P006,HRTF_B,24,2.333,-70.57,-17.03,20,1
P006,HRTF_B,24,2.347,-71.57,-16.83,20,1
P006,HRTF_B,24,2.361,-72.6,-16.59,20,1
P006,HRTF_B,24,2.375,-73.61,-16.39,20,1
P006,HRTF_B,24,2.389,-74.71,-16.27,20,1
P006,HRTF_B,24,2.403,-75.81,-16.14,20,1
P006,HRTF_B,24,2.417,-76.9,-16.02,20,1
P006,HRTF_B,24,2.43,-77.98,-15.88,20,1
P006,HRTF_B,24,2.444,-79.04,-15.72,20,1
P006,HRTF_B,24,2.458,-80.12,-15.58,20,1
P006,HRTF_B,24,2.472,-81.26,-15.45,20,1
P006,HRTF_B,24,2.486,-82.37,-15.33,20,1
P006,HRTF_B,24,2.5,-83.5,-15.17,20,1
P006,HRTF_B,24,2.514,-84.64,-15.0,20,1
P006,HRTF_B,24,2.528,-85.78,-14.84,20,1
P006,HRTF_B,24,2.541,-86.94,-14.64,20,1
P006,HRTF_B,24,2.555,-88.21,-14.37,20,1
P006,HRTF_B,24,2.569,-89.52,-14.1,20,1
P006,HRTF_B,24,2.583,-90.83,-13.77,20,1
P006,HRTF_B,24,2.597,-92.16,-13.43,20,1
P006,HRTF_B,24,2.611,-93.43,-13.07,20,1
P006,HRTF_B,24,2.625,-94.72,-12.69,20,1
P006,HRTF_B,24,2.639,-96.03,-12.3,20,1
P006,HRTF_B,24,2.653,-97.28,-11.96,20,1
P006,HRTF_B,24,2.666,-98.5,-11.64,20,1
P006,HRTF_B,24,2.68,-99.7,-11.35,20,1
P006,HRTF_B,24,2.694,-100.93,-10.96,20,1
P006,HRTF_B,24,2.708,-102.17,-10.53,20,1
P006,HRTF_B,24,2.722,-103.36,-10.1,20,1
P006,HRTF_B,24,2.736,-104.48,-9.63,20,1
P006,HRTF_B,24,2.75,-105.52,-9.15,20,1
P006,HRTF_B,24,2.764,-106.51,-8.66,20,1
P006,HRTF_B,24,2.778,-107.47,-8.2,20,1
P006,HRTF_B,24,2.792,-108.32,-7.79,20,1
P006,HRTF_B,24,2.805,-109.15,-7.49,20,1
P006,HRTF_B,24,2.819,-109.96,-7.23,20,1
P006,HRTF_B,24,2.833,-110.67,-6.98,20,1
P006,HRTF_B,24,2.847,-111.42,-6.81,20,1
P006,HRTF_B,24,2.861,-112.14,-6.53,20,1
P006,HRTF_B,24,2.875,-112.87,-6.24,20,1
P006,HRTF_B,24,2.889,-113.58,-5.99,20,1
P006,HRTF_B,24,2.902,-114.35,-5.71,20,1
P006,HRTF_B,24,2.916,-115.09,-5.48,20,1
P006,HRTF_B,24,2.93,-115.84,-5.23,20,1
P006,HRTF_B,24,2.944,-116.58,-5.04,20,1
P006,HRTF_B,24,2.958,-117.3,-4.78,20,1
P006,HRTF_B,24,2.972,-118.04,-4.6,20,1
P006,HRTF_B,24,2.986,-118.8,-4.49,20,1
P006,HRTF_B,24,3.0,-119.56,-4.44,20,1
P006,HRTF_B,24,3.014,-120.29,-4.4,20,1
P006,HRTF_B,24,3.028,-121.03,-4.5,20,1
P006,HRTF_B,24,3.041,-121.73,-4.55,20,1
P006,HRTF_B,24,3.055,-122.35,-4.58,20,1
P006,HRTF_B,24,3.069,-122.97,-4.64,20,1
P006,HRTF_B,24,3.083,-123.64,-4.76,20,1
P006,HRTF_B,24,3.097,-124.32,-4.9,20,1
P006,HRTF_B,24,3.111,-125.0,-5.21,20,1
P006,HRTF_B,24,3.125,-125.63,-5.44,20,1
P006,HRTF_B,24,3.139,-126.25,-5.6,20,1
P006,HRTF_B,24,3.153,-126.87,-5.75,20,1
P006,HRTF_B,24,3.166,-127.44,-5.87,20,1
P006,HRTF_B,24,3.18,-128.02,-5.99,20,1
P006,HRTF_B,24,3.194,-128.63,-6.18,20,1
P006,HRTF_B,24,3.208,-129.21,-6.37,20,1
P006,HRTF_B,24,3.222,-129.83,-6.53,20,1
P006,HRTF_B,24,3.236,-130.43,-6.65,20,1
P006,HRTF_B,24,3.25,-131.06,-6.71,20,1
P006,HRTF_B,24,3.264,-131.66,-6.79,20,1
P006,HRTF_B,24,3.278,-132.25,-6.83,20,1
P006,HRTF_B,24,3.291,-132.89,-6.86,20,1
P006,HRTF_B,24,3.305,-133.54,-6.83,20,1
P006,HRTF_B,25,0.014,2.71,2.32,1,0
P006,HRTF_B,26,0.014,0.58,0.95,9,1
P006,HRTF_B,26,0.028,0.38,0.97,9,1
P006,HRTF_B,26,0.042,0.2,1.0,9,1
P006,HRTF_B,26,0.056,0.02,1.02,9,1
P006,HRTF_B,26,0.07,-0.18,1.03,9,1
P006,HRTF_B,26,0.083,-0.37,1.03,9,1
P006,HRTF_B,26,0.098,-0.55,1.03,9,1
P006,HRTF_B,26,0.111,-0.72,1.04,9,1
P006,HRTF_B,26,0.125,-0.9,1.06,9,1
P006,HRTF_B,26,0.139,-1.07,1.08,9,1
P006,HRTF_B,26,0.153,-1.24,1.1,9,1
P006,HRTF_B,26,0.167,-1.4,1.1,9,1
P006,HRTF_B,26,0.18,-1.56,1.09,9,1
P006,HRTF_B,26,0.194,-1.72,1.1,9,1
P006,HRTF_B,26,0.208,-1.87,1.1,9,1
P006,HRTF_B,26,0.222,-2.02,1.07,9,1
P006,HRTF_B,26,0.236,-2.16,1.06,9,1
P006,HRTF_B,26,0.25,-2.29,1.05,9,1
P006,HRTF_B,26,0.264,-2.43,1.05,9,1
P006,HRTF_B,26,0.278,-2.57,1.05,9,1
P006,HRTF_B,26,0.292,-2.72,1.05,9,1
P006,HRTF_B,26,0.306,-2.88,1.07,9,1
P006,HRTF_B,26,0.32,-3.0,1.09,9,1
P006,HRTF_B,26,0.333,-3.13,1.1,9,1
P006,HRTF_B,26,0.347,-3.24,1.11,9,1
P006,HRTF_B,26,0.361,-3.35,1.1,9,1
P006,HRTF_B,26,0.375,-3.47,1.07,9,1
P006,HRTF_B,26,0.389,-3.57,1.08,9,1
P006,HRTF_B,26,0.403,-3.66,1.06,9,1
P006,HRTF_B,26,0.417,-3.7,1.05,9,1
P006,HRTF_B,26,0.431,-3.71,1.05,9,1
P006,HRTF_B,26,0.445,-3.69,1.04,9,1
P006,HRTF_B,26,0.458,-3.63,1.05,9,1
P006,HRTF_B,26,0.472,-3.58,1.06,9,1
P006,HRTF_B,26,0.486,-3.41,1.08,9,1
P006,HRTF_B,26,0.5,-3.13,1.05,9,1
P006,HRTF_B,26,0.514,-2.79,1.02,9,1
P006,HRTF_B,26,0.528,-2.35,0.99,9,1
P006,HRTF_B,26,0.542,-1.88,0.98,9,1
P006,HRTF_B,26,0.556,-1.36,0.99,9,1
P006,HRTF_B,26,0.57,-0.82,1.01,9,1
P006,HRTF_B,26,0.583,-0.24,1.0,9,1
P006,HRTF_B,26,0.597,0.42,0.96,9,1
P006,HRTF_B,26,0.611,1.17,0.86,9,1
P006,HRTF_B,26,0.625,1.96,0.75,9,1
P006,HRTF_B,26,0.639,2.83,0.69,9,1
P006,HRTF_B,26,0.653,3.62,0.62,9,1
P006,HRTF_B,26,0.667,4.5,0.59,9,1
P006,HRTF_B,26,0.681,5.29,0.63,9,1
P006,HRTF_B,26,0.694,6.09,0.58,9,1
P006,HRTF_B,26,0.708,6.84,0.58,9,1
P006,HRTF_B,26,0.722,7.59,0.55,9,1
P006,HRTF_B,26,0.736,8.25,0.55,9,1
P006,HRTF_B,26,0.75,8.91,0.55,9,1
P006,HRTF_B,26,0.764,9.5,0.52,9,1
P006,HRTF_B,26,0.778,10.06,0.52,9,1
P006,HRTF_B,26,0.792,10.66,0.5,9,1
P006,HRTF_B,26,0.806,11.17,0.45,9,1
P006,HRTF_B,26,0.82,11.67,0.4,9,1
P006,HRTF_B,26,0.834,12.2,0.32,9,1
P006,HRTF_B,26,0.847,12.79,0.16,9,1
P006,HRTF_B,26,0.861,13.41,0.06,9,1
P006,HRTF_B,26,0.875,14.06,-0.05,9,1
P006,HRTF_B,26,0.889,14.67,-0.14,9,1
P006,HRTF_B,26,0.903,15.27,-0.23,9,1
P006,HRTF_B,26,0.917,15.98,-0.34,9,1
P006,HRTF_B,26,0.931,16.71,-0.48,9,1
P006,HRTF_B,26,0.944,17.5,-0.64,9,1
P006,HRTF_B,26,0.958,18.31,-0.72,9,1
P006,HRTF_B,26,0.972,19.13,-0.77,9,1
P006,HRTF_B,26,0.986,20.03,-0.84,9,1
P006,HRTF_B,26,1.0,21.15,-0.95,9,1
P006,HRTF_B,26,1.014,22.36,-1.11,9,1
P006,HRTF_B,26,1.028,23.6,-1.31,9,1
P006,HRTF_B,26,1.042,24.88,-1.38,9,1
P006,HRTF_B,26,1.056,26.26,-1.45,9,1
P006,HRTF_B,26,1.07,27.72,-1.55,9,1
P006,HRTF_B,26,1.084,29.35,-1.64,9,1
P006,HRTF_B,26,1.097,31.11,-1.72,9,1
P006,HRTF_B,26,1.111,32.93,-1.76,9,1
P006,HRTF_B,26,1.125,34.87,-1.76,9,1
P006,HRTF_B,26,1.139,36.83,-1.73,9,1
P006,HRTF_B,26,1.153,38.85,-1.78,9,1
P006,HRTF_B,26,1.167,41.04,-1.82,9,1
P006,HRTF_B,26,1.181,43.19,-1.92,9,1
P006,HRTF_B,26,1.195,45.3,-1.99,9,1
P006,HRTF_B,26,1.208,47.37,-2.0,9,1
P006,HRTF_B,26,1.222,49.35,-2.03,9,1
P006,HRTF_B,26,1.236,51.24,-2.04,9,1
P006,HRTF_B,26,1.25,53.11,-2.09,9,1
P006,HRTF_B,26,1.264,54.82,-2.11,9,1
P006,HRTF_B,26,1.278,56.47,-2.19,9,1
P006,HRTF_B,26,1.292,58.01,-2.4,9,1
P006,HRTF_B,26,1.306,59.54,-2.57,9,1
P006,HRTF_B,26,1.32,61.0,-2.61,9,1
P006,HRTF_B,26,1.334,62.38,-2.62,9,1
P006,HRTF_B,26,1.347,63.71,-2.61,9,1
P006,HRTF_B,26,1.361,65.02,-2.68,9,1
P006,HRTF_B,26,1.375,66.33,-2.81,9,1
P006,HRTF_B,26,1.389,67.59,-2.92,9,1
P006,HRTF_B,26,1.403,68.82,-2.94,9,1
P006,HRTF_B,26,1.417,69.99,-2.89,9,1
P006,HRTF_B,26,1.431,71.09,-2.78,9,1
P006,HRTF_B,26,1.444,72.1,-2.6,9,1
P006,HRTF_B,26,1.458,73.09,-2.5,9,1
P006,HRTF_B,26,1.472,73.94,-2.4,9,1
P006,HRTF_B,26,1.486,74.75,-2.32,9,1
P006,HRTF_B,26,1.5,75.41,-2.24,9,1
P006,HRTF_B,26,1.514,76.01,-2.11,9,1
P006,HRTF_B,26,1.528,76.51,-2.0,9,1
P006,HRTF_B,26,1.542,77.0,-1.96,9,1
P006,HRTF_B,26,1.556,77.44,-1.94,9,1
P006,HRTF_B,26,1.569,77.91,-1.96,9,1
P006,HRTF_B,26,1.583,78.38,-1.99,9,1
P006,HRTF_B,26,1.597,78.82,-1.94,9,1
P006,HRTF_B,26,1.611,79.25,-1.91,9,1
P006,HRTF_B,26,1.625,79.74,-1.87,9,1
P006,HRTF_B,26,1.639,80.2,-1.86,9,1
P006,HRTF_B,26,1.653,80.7,-1.84,9,1
P006,HRTF_B,26,1.667,81.17,-1.81,9,1
P006,HRTF_B,26,1.681,81.62,-1.8,9,1
P006,HRTF_B,26,1.694,82.01,-1.76,9,1
P006,HRTF_B,26,1.708,82.33,-1.72,9,1
P006,HRTF_B,26,1.722,82.65,-1.75,9,1
P006,HRTF_B,26,1.736,82.93,-1.79,9,1
P006,HRTF_B,26,1.75,83.15,-1.76,9,1
P006,HRTF_B,26,1.764,83.39,-1.77,9,1
P006,HRTF_B,26,1.778,83.58,-1.74,9,1
P006,HRTF_B,26,1.792,83.79,-1.68,9,1
P006,HRTF_B,26,1.806,83.94,-1.62,9,1
P006,HRTF_B,26,1.819,84.08,-1.57,9,1
P006,HRTF_B,26,1.833,84.16,-1.51,9,1
P006,HRTF_B,26,1.847,84.24,-1.48,9,1
P006,HRTF_B,27,0.014,1.86,-1.48,25,1
P006,HRTF_B,27,0.028,1.78,-1.52,25,1
P006,HRTF_B,27,0.042,1.67,-1.57,25,1
P006,HRTF_B,27,0.055,1.57,-1.6,25,1
P006,HRTF_B,27,0.069,1.47,-1.62,25,1
P006,HRTF_B,27,0.083,1.35,-1.62,25,1
P006,HRTF_B,27,0.097,1.24,-1.62,25,1
P006,HRTF_B,27,0.111,1.15,-1.6,25,1
P006,HRTF_B,27,0.125,1.05,-1.58,25,1
P006,HRTF_B,27,0.139,0.94,-1.57,25,1
P006,HRTF_B,27,0.153,0.84,-1.56,25,1
P006,HRTF_B,27,0.168,0.72,-1.54,25,1
P006,HRTF_B,27,0.181,0.61,-1.52,25,1
P006,HRTF_B,27,0.194,0.49,-1.51,25,1
P006,HRTF_B,27,0.208,0.41,-1.49,25,1
P006,HRTF_B,27,0.222,0.37,-1.5,25,1
P006,HRTF_B,27,0.236,0.33,-1.52,25,1
P006,HRTF_B,27,0.25,0.31,-1.56,25,1
P006,HRTF_B,27,0.264,0.3,-1.61,25,1
P006,HRTF_B,27,0.278,0.28,-1.68,25,1
P006,HRTF_B,27,0.292,0.27,-1.72,25,1
P006,HRTF_B,27,0.305,0.27,-1.79,25,1
P006,HRTF_B,27,0.319,0.28,-1.82,25,1
P006,HRTF_B,27,0.333,0.3,-1.85,25,1
P006,HRTF_B,27,0.347,0.33,-1.9,25,1
P006,HRTF_B,27,0.361,0.34,-1.91,25,1
P006,HRTF_B,27,0.375,0.37,-1.93,25,1
P006,HRTF_B,27,0.389,0.4,-1.93,25,1
P006,HRTF_B,27,0.403,0.47,-1.93,25,1
P006,HRTF_B,27,0.417,0.54,-1.93,25,1
P006,HRTF_B,27,0.43,0.62,-1.93,25,1
P006,HRTF_B,27,0.444,0.7,-1.91,25,1
P006,HRTF_B,27,0.458,0.79,-1.87,25,1
P006,HRTF_B,27,0.472,0.92,-1.85,25,1
P006,HRTF_B,27,0.486,1.03,-1.78,25,1
P006,HRTF_B,27,0.5,1.18,-1.74,25,1
P006,HRTF_B,27,0.514,1.36,-1.69,25,1
P006,HRTF_B,27,0.528,1.57,-1.63,25,1
P006,HRTF_B,27,0.542,1.78,-1.58,25,1
P006,HRTF_B,27,0.555,2.03,-1.52,25,1
P006,HRTF_B,27,0.57,2.3,-1.47,25,1
P006,HRTF_B,27,0.583,2.58,-1.42,25,1
P006,HRTF_B,27,0.597,2.92,-1.36,25,1
P006,HRTF_B,27,0.611,3.31,-1.31,25,1
P006,HRTF_B,27,0.625,3.7,-1.27,25,1
P006,HRTF_B,27,0.639,4.11,-1.26,25,1
P006,HRTF_B,27,0.653,4.48,-1.24,25,1
P006,HRTF_B,27,0.667,4.88,-1.27,25,1
P006,HRTF_B,27,0.681,5.25,-1.24,25,1
P006,HRTF_B,27,0.694,5.63,-1.22,25,1
P006,HRTF_B,27,0.708,6.01,-1.15,25,1
P006,HRTF_B,27,0.722,6.41,-1.14,25,1
P006,HRTF_B,27,0.736,6.78,-1.12,25,1
P006,HRTF_B,27,0.75,7.12,-1.1,25,1
P006,HRTF_B,27,0.764,7.45,-1.07,25,1
P006,HRTF_B,27,0.778,7.74,-1.08,25,1
P006,HRTF_B,27,0.792,8.04,-1.07,25,1
P006,HRTF_B,27,0.806,8.27,-1.08,25,1
P006,HRTF_B,27,0.819,8.5,-1.09,25,1
P006,HRTF_B,27,0.833,8.68,-1.09,25,1
P006,HRTF_B,27,0.847,8.81,-1.06,25,1
P006,HRTF_B,27,0.861,8.92,-1.05,25,1
P006,HRTF_B,27,0.875,8.98,-1.04,25,1
P006,HRTF_B,27,0.889,9.0,-1.01,25,1
P006,HRTF_B,27,0.903,8.98,-0.97,25,1
P006,HRTF_B,27,0.917,8.92,-0.9,25,1
P006,HRTF_B,27,0.931,8.83,-0.85,25,1
P006,HRTF_B,27,0.944,8.6,-0.81,25,1
P006,HRTF_B,27,0.959,8.29,-0.78,25,1
P006,HRTF_B,27,0.972,7.88,-0.78,25,1
P006,HRTF_B,27,0.986,7.29,-0.87,25,1
P006,HRTF_B,27,1.0,6.61,-1.0,25,1
P006,HRTF_B,27,1.014,5.73,-1.17,25,1
P006,HRTF_B,27,1.028,4.72,-1.4,25,1
P006,HRTF_B,27,1.042,3.52,-1.68,25,1
P006,HRTF_B,27,1.056,2.35,-1.89,25,1
P006,HRTF_B,27,1.069,0.73,-2.09,25,1
P006,HRTF_B,27,1.084,-0.92,-2.24,25,1
P006,HRTF_B,27,1.097,-2.7,-2.41,25,1
P006,HRTF_B,27,1.111,-4.6,-2.51,25,1
P006,HRTF_B,27,1.125,-6.47,-2.54,25,1
P006,HRTF_B,27,1.139,-8.4,-2.55,25,1
P006,HRTF_B,27,1.153,-10.41,-2.49,25,1
P006,HRTF_B,27,1.167,-12.43,-2.45,25,1
P006,HRTF_B,27,1.181,-14.52,-2.35,25,1
P006,HRTF_B,27,1.194,-16.62,-2.19,25,1
P006,HRTF_B,27,1.208,-18.72,-1.89,25,1
P006,HRTF_B,27,1.222,-20.82,-1.66,25,1
P006,HRTF_B,27,1.236,-23.02,-1.51,25,1
P006,HRTF_B,27,1.25,-25.31,-1.47,25,1
P006,HRTF_B,27,1.264,-27.49,-1.5,25,1
P006,HRTF_B,27,1.278,-29.72,-1.52,25,1
P006,HRTF_B,27,1.292,-31.89,-1.53,25,1
P006,HRTF_B,27,1.306,-34.04,-1.54,25,1
P006,HRTF_B,27,1.319,-36.24,-1.57,25,1
P006,HRTF_B,27,1.334,-38.43,-1.52,25,1
P006,HRTF_B,27,1.347,-40.5,-1.5,25,1
P006,HRTF_B,27,1.361,-42.56,-1.35,25,1
P006,HRTF_B,27,1.375,-44.69,-1.29,25,1
P006,HRTF_B,27,1.389,-46.86,-1.29,25,1
P006,HRTF_B,27,1.403,-49.02,-1.22,25,1
P006,HRTF_B,27,1.417,-51.12,-1.08,25,1
P006,HRTF_B,27,1.431,-53.18,-0.88,25,1
P006,HRTF_B,27,1.444,-55.25,-0.67,25,1
P006,HRTF_B,27,1.458,-57.37,-0.44,25,1
P006,HRTF_B,27,1.472,-59.56,-0.39,25,1
P006,HRTF_B,27,1.486,-61.64,-0.21,25,1
P006,HRTF_B,27,1.5,-63.66,0.0,25,1
P006,HRTF_B,27,1.514,-65.67,0.25,25,1
P006,HRTF_B,27,1.528,-67.64,0.46,25,1
P006,HRTF_B,27,1.542,-69.62,0.64,25,1
P006,HRTF_B,27,1.556,-71.52,0.81,25,1
P006,HRTF_B,27,1.569,-73.31,1.0,25,1
P006,HRTF_B,27,1.583,-75.02,1.17,25,1
P006,HRTF_B,27,1.597,-76.71,1.31,25,1
P006,HRTF_B,27,1.611,-78.26,1.28,25,1
P006,HRTF_B,27,1.625,-79.7,1.22,25,1
P006,HRTF_B,27,1.639,-80.94,1.19,25,1
P006,HRTF_B,27,1.653,-82.11,1.33,25,1
P006,HRTF_B,27,1.667,-83.22,1.6,25,1
P006,HRTF_B,27,1.681,-84.27,2.03,25,1
P006,HRTF_B,27,1.694,-85.37,2.46,25,1
P006,HRTF_B,27,1.708,-86.42,2.95,25,1
P006,HRTF_B,27,1.722,-87.43,3.36,25,1
P006,HRTF_B,27,1.736,-88.43,3.64,25,1
P006,HRTF_B,27,1.75,-89.44,3.83,25,1
P006,HRTF_B,28,0.014,3.33,2.23,23,1
P006,HRTF_B,28,0.028,3.52,2.27,23,1
P006,HRTF_B,28,0.042,3.7,2.31,23,1
P006,HRTF_B,28,0.056,3.85,2.33,23,1
P006,HRTF_B,28,0.069,4.01,2.36,23,1
P006,HRTF_B,28,0.083,4.14,2.37,23,1
P006,HRTF_B,28,0.097,4.29,2.41,23,1
P006,HRTF_B,28,0.111,4.43,2.42,23,1
P006,HRTF_B,28,0.125,4.56,2.42,23,1
P006,HRTF_B,28,0.139,4.69,2.42,23,1
P006,HRTF_B,28,0.153,4.85,2.39,23,1
P006,HRTF_B,28,0.167,4.99,2.37,23,1
P006,HRTF_B,28,0.18,5.16,2.34,23,1
P006,HRTF_B,28,0.194,5.33,2.32,23,1
P006,HRTF_B,28,0.208,5.51,2.29,23,1
P006,HRTF_B,28,0.222,5.74,2.26,23,1
P006,HRTF_B,28,0.236,5.98,2.22,23,1
P006,HRTF_B,28,0.25,6.27,2.18,23,1
P006,HRTF_B,28,0.264,6.57,2.13,23,1
P006,HRTF_B,28,0.278,6.92,2.07,23,1
P006,HRTF_B,28,0.292,7.31,2.0,23,1
P006,HRTF_B,28,0.305,7.7,1.92,23,1
P006,HRTF_B,28,0.319,8.15,1.87,23,1
P006,HRTF_B,28,0.333,8.7,1.8,23,1
P006,HRTF_B,28,0.347,9.31,1.78,23,1
P006,HRTF_B,28,0.361,10.12,1.66,23,1
P006,HRTF_B,28,0.375,11.0,1.61,23,1
P006,HRTF_B,28,0.389,12.17,1.49,23,1
P006,HRTF_B,28,0.402,13.38,1.39,23,1
P006,HRTF_B,28,0.417,14.76,1.25,23,1
P006,HRTF_B,28,0.43,16.24,1.13,23,1
P006,HRTF_B,28,0.444,17.72,0.99,23,1
P006,HRTF_B,28,0.458,19.36,0.72,23,1
P006,HRTF_B,28,0.472,21.05,0.43,23,1
P006,HRTF_B,28,0.486,22.77,0.25,23,1
P006,HRTF_B,28,0.5,24.47,0.09,23,1
P006,HRTF_B,28,0.514,26.11,-0.02,23,1
P006,HRTF_B,28,0.528,27.74,-0.09,23,1
P006,HRTF_B,28,0.541,29.27,-0.18,23,1
P006,HRTF_B,28,0.556,30.73,-0.3,23,1
P006,HRTF_B,28,0.569,32.04,-0.45,23,1
P006,HRTF_B,28,0.583,33.26,-0.6,23,1
P006,HRTF_B,28,0.597,34.36,-0.73,23,1
P006,HRTF_B,28,0.611,35.34,-0.83,23,1
P006,HRTF_B,28,0.625,36.26,-0.9,23,1
P006,HRTF_B,28,0.639,37.12,-0.95,23,1
P006,HRTF_B,28,0.652,37.82,-1.02,23,1
P006,HRTF_B,28,0.667,38.48,-1.17,23,1
P006,HRTF_B,28,0.68,38.99,-1.22,23,1
P006,HRTF_B,28,0.694,39.51,-1.29,23,1
P006,HRTF_B,28,0.708,39.94,-1.32,23,1
P006,HRTF_B,28,0.722,40.3,-1.35,23,1
P006,HRTF_B,28,0.736,40.59,-1.44,23,1
P006,HRTF_B,28,0.75,40.84,-1.5,23,1
P006,HRTF_B,28,0.764,41.05,-1.57,23,1
P006,HRTF_B,28,0.777,41.22,-1.67,23,1
P006,HRTF_B,28,0.791,41.36,-1.74,23,1
P006,HRTF_B,28,0.805,41.45,-1.76,23,1
P006,HRTF_B,28,0.819,41.53,-1.79,23,1
P006,HRTF_B,28,0.833,41.6,-1.83,23,1
P006,HRTF_B,28,0.847,41.64,-1.87,23,1
P006,HRTF_B,28,0.861,41.66,-1.92,23,1
P006,HRTF_B,28,0.875,41.64,-1.94,23,1
P006,HRTF_B,28,0.889,41.56,-1.96,23,1
P006,HRTF_B,28,0.903,41.41,-1.99,23,1
P006,HRTF_B,28,0.917,41.2,-2.06,23,1
P006,HRTF_B,28,0.93,40.89,-2.15,23,1
P006,HRTF_B,28,0.944,40.53,-2.25,23,1
P006,HRTF_B,28,0.958,40.02,-2.34,23,1
P006,HRTF_B,28,0.972,39.29,-2.4,23,1
P006,HRTF_B,28,0.986,38.53,-2.48,23,1
P006,HRTF_B,28,1.0,37.56,-2.56,23,1
P006,HRTF_B,28,1.013,36.54,-2.63,23,1
P006,HRTF_B,28,1.028,35.25,-2.7,23,1
P006,HRTF_B,28,1.041,33.94,-2.84,23,1
P006,HRTF_B,28,1.055,32.43,-2.96,23,1
P006,HRTF_B,28,1.069,30.73,-3.17,23,1
P006,HRTF_B,28,1.083,29.08,-3.38,23,1
P006,HRTF_B,28,1.097,27.05,-3.64,23,1
P006,HRTF_B,28,1.111,25.0,-3.98,23,1
P006,HRTF_B,28,1.125,22.76,-4.51,23,1
P006,HRTF_B,28,1.139,20.47,-5.21,23,1
P006,HRTF_B,28,1.152,18.09,-6.18,23,1
P006,HRTF_B,28,1.166,15.75,-7.18,23,1
P006,HRTF_B,28,1.181,13.45,-8.16,23,1
P006,HRTF_B,28,1.194,11.15,-9.26,23,1
P006,HRTF_B,28,1.208,8.97,-10.46,23,1
P006,HRTF_B,28,1.222,6.77,-11.66,23,1
P006,HRTF_B,28,1.236,4.78,-12.71,23,1
P006,HRTF_B,28,1.25,2.88,-13.6,23,1
P006,HRTF_B,28,1.264,1.06,-14.46,23,1
P006,HRTF_B,28,1.277,-0.66,-15.39,23,1
P006,HRTF_B,28,1.291,-2.5,-16.39,23,1
P006,HRTF_B,28,1.305,-4.18,-17.33,23,1
P006,HRTF_B,28,1.319,-5.84,-18.08,23,1
P006,HRTF_B,28,1.333,-7.39,-18.77,23,1
P006,HRTF_B,28,1.347,-8.84,-19.48,23,1
P006,HRTF_B,28,1.361,-10.23,-20.1,23,1
P006,HRTF_B,28,1.375,-11.66,-20.72,23,1
P006,HRTF_B,28,1.388,-12.96,-21.22,23,1
P006,HRTF_B,28,1.402,-14.15,-21.62,23,1
P006,HRTF_B,28,1.416,-15.39,-22.21,23,1
P006,HRTF_B,28,1.43,-16.58,-22.63,23,1
P006,HRTF_B,28,1.444,-17.82,-22.97,23,1
P006,HRTF_B,28,1.458,-19.06,-23.4,23,1
P006,HRTF_B,28,1.472,-20.32,-23.88,23,1
P006,HRTF_B,28,1.486,-21.59,-24.4,23,1
P006,HRTF_B,28,1.5,-22.85,-24.91,23,1
P006,HRTF_B,28,1.514,-24.12,-25.36,23,1
P006,HRTF_B,28,1.527,-25.34,-25.59,23,1
P006,HRTF_B,28,1.541,-26.59,-25.86,23,1
P006,HRTF_B,28,1.555,-27.83,-26.09,23,1
P006,HRTF_B,28,1.569,-29.04,-26.31,23,1
P006,HRTF_B,28,1.583,-30.25,-26.47,23,1
P006,HRTF_B,28,1.597,-31.43,-26.55,23,1
P006,HRTF_B,28,1.611,-32.66,-26.68,23,1
P006,HRTF_B,28,1.625,-33.84,-26.83,23,1
P006,HRTF_B,28,1.639,-35.05,-27.13,23,1
P006,HRTF_B,28,1.652,-36.12,-27.35,23,1
P006,HRTF_B,28,1.666,-37.16,-27.57,23,1
P006,HRTF_B,28,1.68,-38.22,-27.73,23,1
P006,HRTF_B,28,1.694,-39.27,-27.87,23,1
P006,HRTF_B,28,1.708,-40.27,-28.06,23,1
P006,HRTF_B,28,1.722,-41.19,-28.34,23,1
P006,HRTF_B,28,1.736,-42.06,-28.56,23,1
P006,HRTF_B,28,1.75,-42.87,-28.78,23,1
P006,HRTF_B,28,1.764,-43.61,-28.92,23,1
P006,HRTF_B,28,1.777,-44.31,-28.97,23,1
P006,HRTF_B,28,1.792,-45.05,-28.98,23,1
P006,HRTF_B,28,1.805,-45.82,-28.98,23,1
P006,HRTF_B,28,1.819,-46.65,-29.04,23,1
P006,HRTF_B,28,1.833,-47.5,-29.09,23,1
P006,HRTF_B,28,1.847,-48.4,-29.17,23,1
P006,HRTF_B,28,1.861,-49.39,-29.11,23,1
P006,HRTF_B,28,1.875,-50.55,-28.9,23,1
P006,HRTF_B,28,1.888,-51.73,-28.51,23,1
P006,HRTF_B,28,1.902,-53.0,-28.04,23,1
P006,HRTF_B,28,1.916,-54.23,-27.42,23,1
P006,HRTF_B,28,1.93,-55.42,-26.78,23,1
P006,HRTF_B,28,1.944,-56.53,-26.14,23,1
P006,HRTF_B,28,1.958,-57.66,-25.47,23,1
P006,HRTF_B,28,1.972,-58.75,-24.87,23,1
P006,HRTF_B,28,1.986,-59.88,-24.15,23,1
P006,HRTF_B,28,2.0,-60.95,-23.43,23,1
P006,HRTF_B,28,2.014,-62.06,-22.68,23,1
P006,HRTF_B,28,2.027,-63.24,-21.81,23,1
P006,HRTF_B,28,2.041,-64.4,-21.03,23,1
P006,HRTF_B,28,2.055,-65.69,-20.21,23,1
P006,HRTF_B,28,2.069,-67.03,-19.37,23,1
P006,HRTF_B,28,2.083,-68.46,-18.47,23,1
P006,HRTF_B,28,2.097,-69.89,-17.5,23,1
P006,HRTF_B,28,2.111,-71.6,-16.45,23,1
P006,HRTF_B,28,2.125,-73.42,-15.49,23,1
P006,HRTF_B,28,2.138,-75.34,-14.58,23,1
P006,HRTF_B,28,2.152,-77.38,-13.76,23,1
P006,HRTF_B,28,2.166,-79.45,-12.94,23,1
P006,HRTF_B,28,2.18,-81.63,-12.2,23,1
P006,HRTF_B,28,2.194,-83.77,-11.52,23,1
P006,HRTF_B,28,2.208,-85.88,-10.97,23,1
P006,HRTF_B,28,2.222,-87.87,-10.57,23,1
P006,HRTF_B,28,2.236,-89.83,-10.29,23,1
P006,HRTF_B,28,2.25,-91.63,-10.02,23,1
P006,HRTF_B,28,2.263,-93.39,-9.68,23,1
P006,HRTF_B,28,2.277,-95.09,-9.35,23,1
P006,HRTF_B,28,2.291,-96.6,-9.01,23,1
P006,HRTF_B,28,2.305,-97.96,-8.78,23,1
P006,HRTF_B,28,2.319,-99.37,-8.57,23,1
P006,HRTF_B,28,2.333,-100.63,-8.37,23,1
P006,HRTF_B,28,2.347,-101.88,-8.18,23,1
P006,HRTF_B,28,2.361,-102.95,-7.98,23,1
P006,HRTF_B,28,2.375,-103.97,-7.84,23,1
P006,HRTF_B,28,2.388,-104.92,-7.69,23,1
P006,HRTF_B,28,2.402,-105.92,-7.58,23,1
P006,HRTF_B,28,2.416,-106.98,-7.57,23,1
P006,HRTF_B,28,2.43,-108.03,-7.59,23,1
P006,HRTF_B,28,2.444,-109.06,-7.65,23,1
P006,HRTF_B,28,2.458,-110.1,-7.8,23,1
P006,HRTF_B,28,2.472,-111.17,-8.02,23,1
P006,HRTF_B,28,2.486,-112.29,-8.22,23,1
P006,HRTF_B,28,2.5,-113.32,-8.44,23,1
P006,HRTF_B,28,2.514,-114.25,-8.58,23,1
P006,HRTF_B,28,2.527,-115.02,-8.68,23,1
P006,HRTF_B,28,2.542,-115.77,-8.74,23,1
P006,HRTF_B,28,2.555,-116.47,-8.81,23,1
P006,HRTF_B,29,0.014,0.33,-0.05,29,1
P006,HRTF_B,29,0.027,0.46,-0.02,29,1
P006,HRTF_B,29,0.041,0.59,-0.03,29,1
P006,HRTF_B,29,0.055,0.71,0.0,29,1
P006,HRTF_B,29,0.069,0.78,0.05,29,1
P006,HRTF_B,29,0.083,0.86,0.08,29,1
P006,HRTF_B,29,0.097,0.92,0.11,29,1
P006,HRTF_B,29,0.111,0.99,0.1,29,1
P006,HRTF_B,29,0.125,1.03,0.07,29,1
P006,HRTF_B,29,0.138,1.05,0.03,29,1
P006,HRTF_B,29,0.152,1.07,0.01,29,1
P006,HRTF_B,29,0.167,1.06,0.03,29,1
P006,HRTF_B,29,0.18,1.07,0.01,29,1
P006,HRTF_B,29,0.194,1.07,-0.06,29,1
P006,HRTF_B,29,0.208,1.09,-0.16,29,1
P006,HRTF_B,29,0.222,1.11,-0.3,29,1
P006,HRTF_B,29,0.235,1.15,-0.41,29,1
P006,HRTF_B,29,0.249,1.19,-0.49,29,1
P006,HRTF_B,29,0.263,1.24,-0.54,29,1
P006,HRTF_B,29,0.277,1.31,-0.6,29,1
P006,HRTF_B,29,0.291,1.37,-0.65,29,1
P006,HRTF_B,29,0.305,1.5,-0.7,29,1
P006,HRTF_B,29,0.319,1.65,-0.81,29,1
P006,HRTF_B,29,0.333,1.87,-0.94,29,1
P006,HRTF_B,29,0.347,2.1,-1.08,29,1
P006,HRTF_B,29,0.36,2.41,-1.23,29,1
P006,HRTF_B,29,0.374,2.75,-1.37,29,1
P006,HRTF_B,29,0.388,3.21,-1.52,29,1
P006,HRTF_B,29,0.402,3.85,-1.67,29,1
P006,HRTF_B,29,0.416,4.58,-1.81,29,1
P006,HRTF_B,29,0.43,5.42,-1.89,29,1
P006,HRTF_B,29,0.444,6.31,-1.93,29,1
P006,HRTF_B,29,0.458,7.27,-2.02,29,1
P006,HRTF_B,29,0.471,8.36,-2.07,29,1
P006,HRTF_B,29,0.486,9.45,-2.13,29,1
P006,HRTF_B,29,0.499,10.6,-2.18,29,1
P006,HRTF_B,29,0.513,11.84,-2.18,29,1
P006,HRTF_B,29,0.527,13.03,-2.16,29,1
P006,HRTF_B,29,0.541,14.23,-2.16,29,1
P006,HRTF_B,29,0.555,15.45,-2.16,29,1
P006,HRTF_B,29,0.569,16.58,-2.19,29,1
P006,HRTF_B,29,0.583,17.74,-2.23,29,1
P006,HRTF_B,29,0.596,18.8,-2.22,29,1
P006,HRTF_B,29,0.61,19.78,-2.19,29,1
P006,HRTF_B,29,0.624,20.7,-2.2,29,1
P006,HRTF_B,29,0.638,21.57,-2.21,29,1
P006,HRTF_B,29,0.652,22.33,-2.3,29,1
P006,HRTF_B,29,0.666,23.01,-2.41,29,1
P006,HRTF_B,29,0.68,23.7,-2.45,29,1
P006,HRTF_B,29,0.694,24.3,-2.5,29,1
P006,HRTF_B,29,0.708,24.84,-2.51,29,1
P006,HRTF_B,29,0.722,25.35,-2.57,29,1
P006,HRTF_B,29,0.735,25.82,-2.62,29,1
P006,HRTF_B,29,0.749,26.27,-2.68,29,1
P006,HRTF_B,29,0.763,26.7,-2.72,29,1
P006,HRTF_B,29,0.777,27.09,-2.72,29,1
P006,HRTF_B,29,0.791,27.46,-2.75,29,1
P006,HRTF_B,29,0.805,27.79,-2.72,29,1
P006,HRTF_B,29,0.819,28.05,-2.72,29,1
P006,HRTF_B,29,0.832,28.34,-2.75,29,1
P006,HRTF_B,29,0.846,28.6,-2.71,29,1
P006,HRTF_B,29,0.86,28.83,-2.64,29,1
P006,HRTF_B,29,0.874,29.0,-2.6,29,1
P006,HRTF_B,29,0.888,29.19,-2.55,29,1
P006,HRTF_B,29,0.902,29.35,-2.52,29,1
P006,HRTF_B,29,0.916,29.48,-2.45,29,1
P006,HRTF_B,29,0.93,29.61,-2.36,29,1
P006,HRTF_B,29,0.944,29.71,-2.27,29,1
P006,HRTF_B,29,0.958,29.75,-2.21,29,1
P006,HRTF_B,29,0.972,29.76,-2.17,29,1
P006,HRTF_B,29,0.985,29.75,-2.18,29,1
P006,HRTF_B,29,0.999,29.66,-2.2,29,1
P006,HRTF_B,29,1.013,29.46,-2.2,29,1
P006,HRTF_B,29,1.027,29.19,-2.2,29,1
P006,HRTF_B,29,1.041,28.83,-2.2,29,1
P006,HRTF_B,29,1.055,28.43,-2.19,29,1
P006,HRTF_B,29,1.069,27.94,-2.2,29,1
P006,HRTF_B,29,1.082,27.27,-2.23,29,1
P006,HRTF_B,29,1.096,26.63,-2.27,29,1
P006,HRTF_B,29,1.11,25.85,-2.37,29,1
P006,HRTF_B,29,1.124,25.08,-2.48,29,1
P006,HRTF_B,29,1.138,24.24,-2.57,29,1
P006,HRTF_B,29,1.152,23.36,-2.63,29,1
P006,HRTF_B,29,1.166,22.34,-2.68,29,1
P006,HRTF_B,29,1.18,21.21,-2.7,29,1
P006,HRTF_B,29,1.194,20.06,-2.76,29,1
P006,HRTF_B,29,1.207,18.78,-2.76,29,1
P006,HRTF_B,29,1.221,17.47,-2.76,29,1
P006,HRTF_B,29,1.235,16.12,-2.73,29,1
P006,HRTF_B,29,1.249,14.7,-2.67,29,1
P006,HRTF_B,29,1.263,13.2,-2.64,29,1
P006,HRTF_B,29,1.277,11.53,-2.64,29,1
P006,HRTF_B,29,1.291,9.87,-2.66,29,1
P006,HRTF_B,29,1.305,8.19,-2.65,29,1
P006,HRTF_B,29,1.319,6.54,-2.62,29,1
P006,HRTF_B,29,1.332,4.76,-2.62,29,1
P006,HRTF_B,29,1.346,2.93,-2.64,29,1
P006,HRTF_B,29,1.36,1.06,-2.68,29,1
P006,HRTF_B,29,1.374,-0.82,-2.75,29,1
P006,HRTF_B,29,1.388,-2.64,-2.81,29,1
P006,HRTF_B,29,1.402,-4.47,-2.83,29,1
P006,HRTF_B,29,1.416,-6.26,-2.9,29,1
P006,HRTF_B,29,1.43,-8.06,-2.83,29,1
P006,HRTF_B,29,1.443,-9.83,-2.77,29,1
P006,HRTF_B,29,1.457,-11.54,-2.65,29,1
P006,HRTF_B,29,1.471,-13.27,-2.46,29,1
P006,HRTF_B,29,1.485,-15.05,-2.18,29,1
P006,HRTF_B,29,1.499,-16.86,-1.92,29,1
P006,HRTF_B,29,1.513,-18.66,-1.51,29,1
P006,HRTF_B,29,1.527,-20.36,-1.18,29,1
P006,HRTF_B,29,1.541,-21.97,-0.86,29,1
P006,HRTF_B,29,1.555,-23.49,-0.73,29,1
P006,HRTF_B,29,1.569,-25.04,-0.72,29,1
P006,HRTF_B,29,1.582,-26.54,-0.77,29,1
P006,HRTF_B,29,1.596,-28.03,-0.75,29,1
P006,HRTF_B,29,1.61,-29.47,-0.65,29,1
P006,HRTF_B,29,1.624,-30.86,-0.54,29,1
P006,HRTF_B,29,1.638,-32.21,-0.5,29,1
P006,HRTF_B,29,1.652,-33.57,-0.56,29,1
P006,HRTF_B,29,1.666,-34.82,-0.66,29,1
P006,HRTF_B,29,1.68,-36.11,-0.7,29,1
P006,HRTF_B,29,1.693,-37.3,-0.7,29,1
P006,HRTF_B,29,1.707,-38.51,-0.68,29,1
P006,HRTF_B,29,1.721,-39.68,-0.66,29,1
P006,HRTF_B,29,1.735,-40.77,-0.66,29,1
P006,HRTF_B,29,1.749,-41.81,-0.65,29,1
P006,HRTF_B,29,1.763,-42.9,-0.69,29,1
P006,HRTF_B,29,1.777,-43.84,-0.67,29,1
P006,HRTF_B,29,1.791,-44.75,-0.66,29,1
P006,HRTF_B,30,0.014,4.4,1.97,6,1
P006,HRTF_B,30,0.028,4.72,1.87,6,1
P006,HRTF_B,30,0.041,5.0,1.77,6,1
P006,HRTF_B,30,0.056,5.3,1.7,6,1
P006,HRTF_B,30,0.069,5.56,1.59,6,1
P006,HRTF_B,30,0.083,5.78,1.51,6,1
P006,HRTF_B,30,0.097,6.01,1.41,6,1
P006,HRTF_B,30,0.111,6.2,1.34,6,1
P006,HRTF_B,30,0.125,6.38,1.24,6,1
P006,HRTF_B,30,0.139,6.54,1.15,6,1
P006,HRTF_B,30,0.152,6.68,1.07,6,1
P006,HRTF_B,30,0.166,6.79,1.0,6,1
P006,HRTF_B,30,0.18,6.88,0.95,6,1
P006,HRTF_B,30,0.195,6.95,0.92,6,1
P006,HRTF_B,30,0.208,7.02,0.9,6,1
P006,HRTF_B,30,0.222,7.08,0.89,6,1
P006,HRTF_B,30,0.236,7.14,0.86,6,1
P006,HRTF_B,30,0.25,7.19,0.86,6,1
P006,HRTF_B,30,0.264,7.23,0.84,6,1
P006,HRTF_B,30,0.278,7.27,0.81,6,1
P006,HRTF_B,30,0.291,7.27,0.79,6,1
P006,HRTF_B,30,0.305,7.26,0.78,6,1
P006,HRTF_B,30,0.319,7.28,0.8,6,1
P006,HRTF_B,30,0.333,7.29,0.82,6,1
P006,HRTF_B,30,0.347,7.32,0.82,6,1
P006,HRTF_B,30,0.361,7.36,0.81,6,1
P006,HRTF_B,30,0.375,7.42,0.77,6,1
P006,HRTF_B,30,0.389,7.5,0.73,6,1
P006,HRTF_B,30,0.403,7.6,0.72,6,1
P006,HRTF_B,30,0.416,7.72,0.72,6,1
P006,HRTF_B,30,0.43,7.88,0.73,6,1
P006,HRTF_B,30,0.444,8.01,0.75,6,1
P006,HRTF_B,30,0.458,8.16,0.75,6,1
P006,HRTF_B,30,0.472,8.37,0.76,6,1
P006,HRTF_B,30,0.486,8.56,0.76,6,1
P006,HRTF_B,30,0.5,8.79,0.76,6,1
P006,HRTF_B,30,0.514,9.03,0.75,6,1
P006,HRTF_B,30,0.528,9.27,0.74,6,1
P006,HRTF_B,30,0.541,9.54,0.73,6,1
P006,HRTF_B,30,0.555,9.81,0.71,6,1
P006,HRTF_B,30,0.569,10.08,0.68,6,1
P006,HRTF_B,30,0.583,10.37,0.65,6,1
P006,HRTF_B,30,0.597,10.64,0.59,6,1
P006,HRTF_B,30,0.611,10.93,0.56,6,1
P006,HRTF_B,30,0.625,11.19,0.53,6,1
P006,HRTF_B,30,0.639,11.48,0.5,6,1
P006,HRTF_B,30,0.653,11.74,0.49,6,1
P006,HRTF_B,30,0.666,11.97,0.48,6,1
P006,HRTF_B,30,0.68,12.21,0.46,6,1
P006,HRTF_B,30,0.694,12.44,0.46,6,1
P006,HRTF_B,30,0.708,12.63,0.45,6,1
P006,HRTF_B,30,0.722,12.82,0.44,6,1
P006,HRTF_B,30,0.736,12.99,0.45,6,1
P006,HRTF_B,30,0.75,13.15,0.46,6,1
P006,HRTF_B,30,0.764,13.29,0.46,6,1
P006,HRTF_B,30,0.777,13.41,0.45,6,1
P006,HRTF_B,30,0.792,13.51,0.44,6,1
P006,HRTF_B,30,0.805,13.6,0.45,6,1
P006,HRTF_B,30,0.819,13.68,0.46,6,1
P006,HRTF_B,30,0.833,13.76,0.47,6,1
P006,HRTF_B,30,0.847,13.81,0.49,6,1
P006,HRTF_B,30,0.861,13.85,0.51,6,1
P006,HRTF_B,30,0.875,13.88,0.54,6,1
P006,HRTF_B,30,0.889,13.92,0.58,6,1
P006,HRTF_B,30,0.902,13.95,0.6,6,1
P006,HRTF_B,30,0.916,14.0,0.63,6,1
P006,HRTF_B,30,0.93,14.05,0.65,6,1
P006,HRTF_B,30,0.944,14.12,0.66,6,1
P006,HRTF_B,30,0.958,14.26,0.66,6,1
P006,HRTF_B,30,0.972,14.53,0.61,6,1
P006,HRTF_B,30,0.986,14.98,0.53,6,1
P006,HRTF_B,30,1.0,15.46,0.47,6,1
P006,HRTF_B,30,1.014,16.04,0.43,6,1
P006,HRTF_B,30,1.027,16.68,0.41,6,1
P006,HRTF_B,30,1.041,17.42,0.42,6,1
P006,HRTF_B,30,1.055,18.36,0.36,6,1
P006,HRTF_B,30,1.069,19.46,0.3,6,1
P006,HRTF_B,30,1.083,20.72,0.23,6,1
P006,HRTF_B,30,1.097,22.14,0.2,6,1
P006,HRTF_B,30,1.111,23.61,0.13,6,1
P006,HRTF_B,30,1.125,25.21,0.09,6,1
P006,HRTF_B,30,1.139,27.01,0.07,6,1
P006,HRTF_B,30,1.152,28.86,0.0,6,1
P006,HRTF_B,30,1.166,30.77,0.0,6,1
P006,HRTF_B,30,1.18,32.83,-0.04,6,1
P006,HRTF_B,30,1.194,34.94,-0.1,6,1
P006,HRTF_B,30,1.208,37.06,-0.21,6,1
P006,HRTF_B,30,1.222,39.2,-0.34,6,1
P006,HRTF_B,30,1.236,41.3,-0.45,6,1
P006,HRTF_B,30,1.25,43.41,-0.57,6,1
P006,HRTF_B,31,0.014,-5.4,-4.7,5,1
P006,HRTF_B,31,0.028,-5.63,-4.68,5,1
P006,HRTF_B,31,0.042,-5.84,-4.69,5,1
P006,HRTF_B,31,0.056,-6.02,-4.72,5,1
P006,HRTF_B,31,0.069,-6.18,-4.8,5,1
P006,HRTF_B,31,0.084,-6.34,-4.83,5,1
P006,HRTF_B,31,0.098,-6.49,-4.86,5,1
P006,HRTF_B,31,0.111,-6.64,-4.86,5,1
P006,HRTF_B,31,0.125,-6.78,-4.9,5,1
P006,HRTF_B,31,0.139,-6.94,-4.98,5,1
P006,HRTF_B,31,0.153,-7.13,-5.13,5,1
P006,HRTF_B,31,0.167,-7.34,-5.26,5,1
P006,HRTF_B,31,0.181,-7.59,-5.35,5,1
P006,HRTF_B,31,0.195,-7.9,-5.38,5,1
P006,HRTF_B,31,0.209,-8.2,-5.42,5,1
P006,HRTF_B,31,0.222,-8.53,-5.42,5,1
P006,HRTF_B,31,0.236,-8.86,-5.5,5,1
P006,HRTF_B,31,0.25,-9.18,-5.58,5,1
P006,HRTF_B,31,0.264,-9.51,-5.69,5,1
P006,HRTF_B,31,0.278,-9.88,-5.75,5,1
P006,HRTF_B,31,0.292,-10.23,-5.79,5,1
P006,HRTF_B,31,0.306,-10.61,-5.82,5,1
P006,HRTF_B,31,0.32,-10.94,-5.85,5,1
P006,HRTF_B,31,0.334,-11.26,-5.87,5,1
P006,HRTF_B,31,0.348,-11.56,-5.9,5,1
P006,HRTF_B,31,0.361,-11.87,-5.93,5,1
P006,HRTF_B,31,0.375,-12.16,-5.95,5,1
P006,HRTF_B,31,0.389,-12.43,-5.96,5,1
P006,HRTF_B,31,0.403,-12.71,-5.99,5,1
P006,HRTF_B,31,0.417,-13.0,-6.01,5,1
P006,HRTF_B,31,0.431,-13.28,-6.01,5,1
P006,HRTF_B,31,0.445,-13.54,-6.0,5,1
P006,HRTF_B,31,0.459,-13.81,-6.01,5,1
P006,HRTF_B,31,0.472,-14.07,-5.99,5,1
P006,HRTF_B,31,0.486,-14.33,-6.0,5,1
P006,HRTF_B,31,0.5,-14.6,-6.01,5,1
P006,HRTF_B,31,0.514,-14.89,-6.0,5,1
P006,HRTF_B,31,0.528,-15.16,-6.0,5,1
P006,HRTF_B,31,0.542,-15.46,-6.01,5,1
P006,HRTF_B,31,0.556,-15.76,-6.01,5,1
P006,HRTF_B,31,0.57,-16.02,-6.01,5,1
P006,HRTF_B,31,0.583,-16.3,-5.99,5,1
P006,HRTF_B,31,0.597,-16.58,-5.97,5,1
P006,HRTF_B,31,0.611,-16.85,-5.93,5,1
P006,HRTF_B,31,0.625,-17.17,-5.9,5,1
P006,HRTF_B,31,0.639,-17.48,-5.9,5,1
P006,HRTF_B,31,0.653,-17.8,-5.88,5,1
P006,HRTF_B,31,0.667,-18.1,-5.87,5,1
P006,HRTF_B,31,0.681,-18.46,-5.87,5,1
P006,HRTF_B,31,0.695,-18.81,-5.85,5,1
P006,HRTF_B,31,0.708,-19.18,-5.84,5,1
P006,HRTF_B,31,0.722,-19.54,-5.85,5,1
P006,HRTF_B,31,0.736,-19.93,-5.86,5,1
P006,HRTF_B,31,0.75,-20.38,-5.85,5,1
P006,HRTF_B,31,0.764,-20.82,-5.85,5,1
P006,HRTF_B,31,0.778,-21.26,-5.81,5,1
P006,HRTF_B,31,0.792,-21.69,-5.79,5,1
P006,HRTF_B,31,0.806,-22.18,-5.78,5,1
P006,HRTF_B,31,0.82,-22.66,-5.78,5,1
P006,HRTF_B,31,0.834,-23.19,-5.79,5,1
P006,HRTF_B,31,0.848,-23.66,-5.83,5,1
P006,HRTF_B,31,0.861,-24.16,-5.83,5,1
P006,HRTF_B,31,0.875,-24.67,-5.86,5,1
P006,HRTF_B,31,0.889,-25.14,-5.85,5,1
P006,HRTF_B,31,0.903,-25.64,-5.85,5,1
P006,HRTF_B,31,0.917,-26.14,-5.86,5,1
P006,HRTF_B,31,0.931,-26.6,-5.85,5,1
P006,HRTF_B,31,0.944,-27.07,-5.86,5,1
P006,HRTF_B,31,0.958,-27.52,-5.88,5,1
P006,HRTF_B,31,0.972,-27.91,-5.91,5,1
P006,HRTF_B,31,0.986,-28.23,-5.96,5,1
P006,HRTF_B,31,1.0,-28.41,-6.04,5,1
P006,HRTF_B,31,1.014,-28.55,-6.06,5,1
P006,HRTF_B,31,1.028,-28.61,-6.09,5,1
P006,HRTF_B,31,1.042,-28.6,-6.1,5,1
P006,HRTF_B,31,1.056,-28.56,-6.1,5,1
P006,HRTF_B,31,1.069,-28.4,-6.11,5,1
P006,HRTF_B,31,1.083,-28.1,-6.13,5,1
P006,HRTF_B,31,1.097,-27.73,-6.16,5,1
P006,HRTF_B,31,1.111,-27.3,-6.18,5,1
P006,HRTF_B,31,1.125,-26.82,-6.2,5,1
P006,HRTF_B,31,1.139,-26.32,-6.25,5,1
P006,HRTF_B,31,1.153,-25.72,-6.28,5,1
P006,HRTF_B,31,1.167,-25.05,-6.32,5,1
P006,HRTF_B,31,1.181,-24.34,-6.36,5,1
P006,HRTF_B,31,1.195,-23.51,-6.39,5,1
P006,HRTF_B,31,1.208,-22.67,-6.47,5,1
P006,HRTF_B,31,1.222,-21.77,-6.51,5,1
P006,HRTF_B,31,1.236,-20.89,-6.61,5,1
P006,HRTF_B,31,1.25,-19.95,-6.71,5,1
P006,HRTF_B,31,1.264,-18.94,-6.8,5,1
P006,HRTF_B,31,1.278,-17.84,-6.83,5,1
P006,HRTF_B,31,1.292,-16.67,-6.82,5,1
P006,HRTF_B,31,1.306,-15.39,-6.78,5,1
P006,HRTF_B,31,1.32,-14.08,-6.71,5,1
P006,HRTF_B,31,1.333,-12.7,-6.62,5,1
P006,HRTF_B,31,1.347,-11.26,-6.51,5,1
P006,HRTF_B,31,1.361,-9.78,-6.42,5,1
P006,HRTF_B,31,1.375,-8.2,-6.29,5,1
P006,HRTF_B,31,1.389,-6.55,-6.15,5,1
P006,HRTF_B,31,1.403,-4.87,-6.08,5,1
P006,HRTF_B,31,1.417,-3.17,-5.96,5,1
P006,HRTF_B,31,1.431,-1.49,-5.86,5,1
P006,HRTF_B,31,1.445,0.18,-5.77,5,1
P006,HRTF_B,31,1.459,1.86,-5.72,5,1
P006,HRTF_B,31,1.473,3.49,-5.64,5,1
P006,HRTF_B,31,1.486,5.09,-5.61,5,1
P006,HRTF_B,31,1.5,6.65,-5.57,5,1
P006,HRTF_B,31,1.514,8.13,-5.48,5,1
P006,HRTF_B,31,1.528,9.53,-5.38,5,1
P006,HRTF_B,31,1.542,10.86,-5.32,5,1
P006,HRTF_B,31,1.556,12.17,-5.28,5,1
P006,HRTF_B,31,1.57,13.43,-5.26,5,1
P006,HRTF_B,31,1.583,14.68,-5.21,5,1
P006,HRTF_B,31,1.597,15.93,-5.17,5,1
P006,HRTF_B,31,1.611,17.14,-5.12,5,1
P006,HRTF_B,31,1.625,18.38,-5.08,5,1
P006,HRTF_B,31,1.639,19.56,-5.07,5,1
P006,HRTF_B,31,1.653,20.77,-5.03,5,1
P006,HRTF_B,31,1.667,21.98,-4.98,5,1
P006,HRTF_B,31,1.681,23.14,-4.91,5,1
P006,HRTF_B,31,1.695,24.32,-4.85,5,1
P006,HRTF_B,31,1.709,25.44,-4.82,5,1
P006,HRTF_B,31,1.722,26.6,-4.76,5,1
P006,HRTF_B,31,1.736,27.67,-4.75,5,1
P006,HRTF_B,31,1.75,28.74,-4.7,5,1
P006,HRTF_B,31,1.764,29.8,-4.61,5,1
P006,HRTF_B,31,1.778,30.84,-4.57,5,1
P006,HRTF_B,31,1.792,31.87,-4.63,5,1
P006,HRTF_B,31,1.806,32.85,-4.73,5,1
P006,HRTF_B,31,1.82,33.75,-4.91,5,1
P006,HRTF_B,31,1.833,34.67,-5.07,5,1
P006,HRTF_B,31,1.848,35.48,-5.13,5,1
P006,HRTF_B,31,1.861,36.28,-5.17,5,1
P006,HRTF_B,31,1.875,37.05,-5.16,5,1
P006,HRTF_B,31,1.889,37.86,-5.09,5,1
P006,HRTF_B,31,1.903,38.6,-5.04,5,1
P006,HRTF_B,31,1.917,39.37,-4.98,5,1
P006,HRTF_B,31,1.931,40.11,-4.94,5,1
P006,HRTF_B,31,1.944,40.85,-4.87,5,1
P006,HRTF_B,31,1.958,41.59,-4.78,5,1
P006,HRTF_B,31,1.972,42.23,-4.7,5,1
P006,HRTF_B,31,1.986,42.87,-4.59,5,1
P006,HRTF_B,31,2.0,43.46,-4.56,5,1
P006,HRTF_B,31,2.014,44.0,-4.47,5,1
P006,HRTF_B,31,2.028,44.49,-4.36,5,1
P006,HRTF_B,31,2.042,44.93,-4.29,5,1
P006,HRTF_B,31,2.056,45.38,-4.23,5,1
P006,HRTF_B,31,2.07,45.8,-4.14,5,1
P006,HRTF_B,32,0.014,-2.14,0.17,14,1
P006,HRTF_B,32,0.028,-2.29,0.17,14,1
P006,HRTF_B,32,0.042,-2.45,0.15,14,1
P006,HRTF_B,32,0.056,-2.59,0.14,14,1
P006,HRTF_B,32,0.069,-2.75,0.08,14,1
P006,HRTF_B,32,0.083,-2.91,0.04,14,1
P006,HRTF_B,32,0.097,-3.07,-0.02,14,1
P006,HRTF_B,32,0.111,-3.24,-0.11,14,1
P006,HRTF_B,32,0.125,-3.43,-0.2,14,1
P006,HRTF_B,32,0.139,-3.61,-0.29,14,1
P006,HRTF_B,32,0.153,-3.8,-0.36,14,1
P006,HRTF_B,32,0.167,-4.0,-0.42,14,1
P006,HRTF_B,32,0.181,-4.15,-0.46,14,1
P006,HRTF_B,32,0.195,-4.33,-0.52,14,1
P006,HRTF_B,32,0.208,-4.46,-0.59,14,1
P006,HRTF_B,32,0.222,-4.58,-0.69,14,1
P006,HRTF_B,32,0.236,-4.69,-0.79,14,1
P006,HRTF_B,32,0.25,-4.76,-0.89,14,1
P006,HRTF_B,32,0.264,-4.82,-0.96,14,1
P006,HRTF_B,32,0.278,-4.87,-1.04,14,1
P006,HRTF_B,32,0.292,-4.9,-1.11,14,1
P006,HRTF_B,32,0.306,-4.92,-1.17,14,1
P006,HRTF_B,32,0.32,-4.95,-1.23,14,1
P006,HRTF_B,32,0.333,-4.96,-1.28,14,1
P006,HRTF_B,32,0.347,-4.95,-1.31,14,1
P006,HRTF_B,32,0.361,-4.93,-1.32,14,1
P006,HRTF_B,32,0.375,-4.92,-1.33,14,1
P006,HRTF_B,32,0.389,-4.93,-1.32,14,1
P006,HRTF_B,32,0.403,-4.99,-1.28,14,1
P006,HRTF_B,32,0.417,-5.05,-1.27,14,1
P006,HRTF_B,32,0.431,-5.14,-1.23,14,1
P006,HRTF_B,32,0.444,-5.29,-1.23,14,1
P006,HRTF_B,32,0.458,-5.45,-1.23,14,1
P006,HRTF_B,32,0.472,-5.62,-1.27,14,1
P006,HRTF_B,32,0.486,-5.84,-1.26,14,1
P006,HRTF_B,32,0.5,-6.08,-1.25,14,1
P006,HRTF_B,32,0.514,-6.34,-1.22,14,1
P006,HRTF_B,32,0.528,-6.64,-1.2,14,1
P006,HRTF_B,32,0.542,-6.95,-1.21,14,1
P006,HRTF_B,32,0.556,-7.3,-1.21,14,1
P006,HRTF_B,32,0.569,-7.66,-1.19,14,1
P006,HRTF_B,32,0.583,-8.08,-1.19,14,1
P006,HRTF_B,32,0.597,-8.53,-1.19,14,1
P006,HRTF_B,32,0.611,-9.0,-1.18,14,1
P006,HRTF_B,32,0.625,-9.48,-1.22,14,1
P006,HRTF_B,32,0.639,-9.99,-1.23,14,1
P006,HRTF_B,32,0.653,-10.54,-1.27,14,1
P006,HRTF_B,32,0.667,-11.1,-1.33,14,1
P006,HRTF_B,32,0.68,-11.69,-1.34,14,1
P006,HRTF_B,32,0.694,-12.26,-1.39,14,1
P006,HRTF_B,32,0.708,-12.89,-1.44,14,1
P006,HRTF_B,32,0.722,-13.49,-1.48,14,1
P006,HRTF_B,32,0.736,-14.08,-1.52,14,1
P006,HRTF_B,32,0.75,-14.69,-1.55,14,1
P006,HRTF_B,32,0.764,-15.31,-1.57,14,1
P006,HRTF_B,32,0.778,-15.9,-1.64,14,1
P006,HRTF_B,32,0.792,-16.54,-1.63,14,1
P006,HRTF_B,32,0.805,-17.14,-1.68,14,1
P006,HRTF_B,32,0.819,-17.79,-1.72,14,1
P006,HRTF_B,32,0.833,-18.42,-1.75,14,1
P006,HRTF_B,32,0.847,-19.04,-1.75,14,1
P006,HRTF_B,32,0.861,-19.65,-1.79,14,1
P006,HRTF_B,32,0.875,-20.27,-1.78,14,1
P006,HRTF_B,32,0.889,-20.87,-1.81,14,1
P006,HRTF_B,32,0.903,-21.46,-1.81,14,1
P006,HRTF_B,32,0.917,-21.98,-1.85,14,1
P006,HRTF_B,32,0.93,-22.47,-1.87,14,1
P006,HRTF_B,32,0.944,-22.92,-1.89,14,1
P006,HRTF_B,32,0.958,-23.35,-1.87,14,1
P006,HRTF_B,32,0.972,-23.74,-1.9,14,1
P006,HRTF_B,32,0.986,-24.12,-1.89,14,1
P006,HRTF_B,32,1.0,-24.49,-1.91,14,1
P006,HRTF_B,32,1.014,-24.85,-1.92,14,1
P006,HRTF_B,32,1.028,-25.12,-1.96,14,1
P006,HRTF_B,32,1.042,-25.37,-2.0,14,1
P006,HRTF_B,32,1.055,-25.54,-2.01,14,1
P006,HRTF_B,32,1.069,-25.65,-2.04,14,1
P006,HRTF_B,32,1.083,-25.73,-2.1,14,1
P006,HRTF_B,32,1.098,-25.81,-2.17,14,1
P006,HRTF_B,32,1.111,-25.87,-2.24,14,1
P006,HRTF_B,32,1.125,-25.94,-2.31,14,1
P006,HRTF_B,32,1.139,-25.87,-2.37,14,1
P006,HRTF_B,32,1.153,-25.8,-2.43,14,1
P006,HRTF_B,32,1.167,-25.65,-2.52,14,1
P006,HRTF_B,32,1.181,-25.44,-2.59,14,1
P006,HRTF_B,32,1.194,-25.18,-2.64,14,1
P006,HRTF_B,32,1.208,-24.9,-2.68,14,1
P006,HRTF_B,32,1.222,-24.52,-2.73,14,1
P006,HRTF_B,32,1.236,-24.12,-2.76,14,1
P006,HRTF_B,32,1.25,-23.49,-2.81,14,1
P006,HRTF_B,32,1.264,-22.85,-2.84,14,1
P006,HRTF_B,32,1.278,-22.16,-2.9,14,1
P006,HRTF_B,32,1.291,-21.47,-2.94,14,1
P006,HRTF_B,32,1.305,-20.53,-2.94,14,1
P006,HRTF_B,32,1.32,-19.44,-2.99,14,1
P006,HRTF_B,32,1.333,-18.25,-3.01,14,1
P006,HRTF_B,32,1.347,-16.91,-3.01,14,1
P006,HRTF_B,32,1.361,-15.52,-2.99,14,1
P006,HRTF_B,32,1.375,-14.01,-3.0,14,1
P006,HRTF_B,32,1.389,-12.39,-3.05,14,1
P006,HRTF_B,32,1.403,-10.61,-3.13,14,1
P006,HRTF_B,32,1.417,-8.76,-3.24,14,1
P006,HRTF_B,32,1.431,-6.92,-3.37,14,1
P006,HRTF_B,32,1.444,-5.0,-3.49,14,1
P006,HRTF_B,32,1.458,-3.11,-3.62,14,1
P006,HRTF_B,32,1.472,-1.2,-3.84,14,1
P006,HRTF_B,32,1.486,0.7,-4.02,14,1
P006,HRTF_B,32,1.5,2.61,-4.16,14,1
P006,HRTF_B,32,1.514,4.45,-4.27,14,1
P006,HRTF_B,32,1.528,6.25,-4.38,14,1
P006,HRTF_B,32,1.542,8.02,-4.56,14,1
P006,HRTF_B,32,1.555,9.77,-4.81,14,1
P006,HRTF_B,32,1.569,11.46,-5.07,14,1
P006,HRTF_B,32,1.583,13.09,-5.35,14,1
P006,HRTF_B,32,1.597,14.75,-5.62,14,1
P006,HRTF_B,32,1.611,16.36,-5.87,14,1
P006,HRTF_B,32,1.625,18.02,-6.11,14,1
P006,HRTF_B,32,1.639,19.63,-6.38,14,1
P006,HRTF_B,32,1.653,21.17,-6.59,14,1
P006,HRTF_B,32,1.666,22.7,-6.78,14,1
P006,HRTF_B,32,1.68,24.25,-6.99,14,1
P006,HRTF_B,32,1.694,25.82,-7.15,14,1
P006,HRTF_B,32,1.708,27.43,-7.29,14,1
P006,HRTF_B,32,1.722,29.04,-7.4,14,1
P006,HRTF_B,32,1.736,30.68,-7.55,14,1
P006,HRTF_B,32,1.75,32.35,-7.7,14,1
P006,HRTF_B,32,1.764,34.01,-7.83,14,1
P006,HRTF_B,32,1.778,35.64,-7.99,14,1
P006,HRTF_B,32,1.791,37.25,-8.14,14,1
P006,HRTF_B,32,1.805,38.85,-8.34,14,1
P006,HRTF_B,32,1.819,40.42,-8.46,14,1
P006,HRTF_B,32,1.833,41.99,-8.71,14,1
P006,HRTF_B,32,1.847,43.53,-8.96,14,1
P006,HRTF_B,32,1.861,44.99,-9.22,14,1
P006,HRTF_B,32,1.875,46.44,-9.43,14,1
P006,HRTF_B,32,1.889,47.78,-9.66,14,1
P006,HRTF_B,32,1.902,49.11,-9.91,14,1
P006,HRTF_B,32,1.917,50.4,-10.21,14,1
P006,HRTF_B,32,1.93,51.68,-10.6,14,1
P006,HRTF_B,32,1.944,52.95,-11.08,14,1
P006,HRTF_B,32,1.958,54.15,-11.59,14,1
P006,HRTF_B,32,1.972,55.35,-12.09,14,1
P006,HRTF_B,32,1.986,56.47,-12.66,14,1
P006,HRTF_B,32,2.0,57.63,-13.33,14,1
P006,HRTF_B,32,2.014,58.76,-14.02,14,1
P006,HRTF_B,32,2.028,59.97,-14.83,14,1
P006,HRTF_B,32,2.041,61.1,-15.52,14,1
P006,HRTF_B,32,2.055,62.19,-16.21,14,1
P006,HRTF_B,32,2.069,63.19,-16.86,14,1
P006,HRTF_B,32,2.083,64.18,-17.48,14,1
P006,HRTF_B,32,2.097,65.16,-18.09,14,1
P006,HRTF_B,32,2.111,66.14,-18.64,14,1
P006,HRTF_B,32,2.125,67.1,-19.13,14,1
P006,HRTF_B,32,2.139,68.0,-19.6,14,1
P006,HRTF_B,32,2.153,68.93,-20.01,14,1
P006,HRTF_B,32,2.166,69.82,-20.41,14,1
P006,HRTF_B,32,2.18,70.73,-20.86,14,1
P006,HRTF_B,32,2.194,71.68,-21.36,14,1
P006,HRTF_B,32,2.208,72.71,-21.9,14,1
P006,HRTF_B,32,2.222,73.79,-22.51,14,1
P006,HRTF_B,32,2.236,74.93,-23.08,14,1
P006,HRTF_B,32,2.25,76.23,-23.69,14,1
P006,HRTF_B,32,2.264,77.56,-24.35,14,1
P006,HRTF_B,32,2.278,79.19,-25.12,14,1
P006,HRTF_B,32,2.292,80.93,-25.91,14,1
P006,HRTF_B,32,2.305,82.74,-26.59,14,1
P006,HRTF_B,32,2.32,84.46,-27.25,14,1
P006,HRTF_B,32,2.333,86.53,-27.7,14,1
P006,HRTF_B,32,2.347,88.57,-28.1,14,1
P006,HRTF_B,32,2.361,90.67,-28.49,14,1
P006,HRTF_B,32,2.375,92.92,-28.85,14,1
P006,HRTF_B,32,2.389,95.17,-29.17,14,1
P006,HRTF_B,32,2.402,97.33,-29.4,14,1
P006,HRTF_B,32,2.416,99.4,-29.54,14,1
P006,HRTF_B,32,2.43,101.4,-29.49,14,1
P006,HRTF_B,32,2.444,103.34,-29.49,14,1
P006,HRTF_B,32,2.458,105.1,-29.39,14,1
P006,HRTF_B,32,2.472,106.86,-29.34,14,1
P006,HRTF_B,32,2.486,108.28,-29.22,14,1
P006,HRTF_B,32,2.5,109.63,-29.01,14,1
P006,HRTF_B,32,2.514,110.9,-28.74,14,1
P006,HRTF_B,32,2.527,112.32,-28.5,14,1
P006,HRTF_B,32,2.541,113.69,-28.36,14,1
P006,HRTF_B,32,2.555,114.93,-28.31,14,1
P006,HRTF_B,32,2.569,116.06,-28.37,14,1
P006,HRTF_B,32,2.583,117.0,-28.32,14,1
P006,HRTF_B,32,2.597,117.74,-28.21,14,1
P006,HRTF_B,32,2.611,118.35,-28.01,14,1
P006,HRTF_B,32,2.625,118.74,-27.76,14,1
P006,HRTF_B,32,2.639,119.1,-27.56,14,1
P006,HRTF_B,32,2.652,119.37,-27.4,14,1
P006,HRTF_B,32,2.666,119.63,-27.31,14,1
P006,HRTF_B,32,2.68,119.84,-27.21,14,1
P006,HRTF_B,32,2.694,120.0,-27.16,14,1
P006,HRTF_B,32,2.708,120.1,-27.13,14,1
P006,HRTF_B,32,2.722,120.14,-27.1,14,1
P006,HRTF_B,32,2.736,120.14,-27.06,14,1
P006,HRTF_B,32,2.75,120.18,-27.03,14,1
P006,HRTF_B,32,2.764,120.19,-27.02,14,1
P006,HRTF_B,32,2.777,120.15,-27.02,14,1
P006,HRTF_B,32,2.791,120.02,-27.03,14,1
P006,HRTF_B,32,2.805,119.82,-27.0,14,1
P006,HRTF_B,32,2.819,119.6,-26.95,14,1
P006,HRTF_B,32,2.833,119.37,-26.89,14,1
P006,HRTF_B,32,2.847,119.13,-26.82,14,1
P006,HRTF_B,32,2.861,118.91,-26.73,14,1
P006,HRTF_B,32,2.875,118.7,-26.61,14,1
P006,HRTF_B,32,2.889,118.44,-26.44,14,1
P006,HRTF_B,32,2.902,118.16,-26.27,14,1
P006,HRTF_B,32,2.917,117.9,-26.15,14,1
P006,HRTF_B,32,2.93,117.67,-26.01,14,1
P006,HRTF_B,33,0.014,-3.87,-2.35,15,0
P006,HRTF_B,33,0.028,-4.08,-2.32,15,0
P006,HRTF_B,33,0.042,-4.33,-2.32,15,0
P006,HRTF_B,33,0.056,-4.57,-2.31,15,0
P006,HRTF_B,33,0.069,-4.78,-2.33,15,0
P006,HRTF_B,33,0.083,-4.98,-2.37,15,0
P006,HRTF_B,33,0.097,-5.18,-2.38,15,0
P006,HRTF_B,33,0.111,-5.34,-2.37,15,0
P006,HRTF_B,33,0.125,-5.49,-2.34,15,0
P006,HRTF_B,33,0.14,-5.62,-2.31,15,0
P006,HRTF_B,33,0.153,-5.73,-2.26,15,0
P006,HRTF_B,33,0.167,-5.82,-2.23,15,0
P006,HRTF_B,33,0.181,-5.89,-2.21,15,0
P006,HRTF_B,33,0.194,-5.95,-2.21,15,0
P006,HRTF_B,33,0.208,-5.99,-2.22,15,0
P006,HRTF_B,33,0.222,-6.01,-2.23,15,0
P006,HRTF_B,33,0.236,-6.02,-2.23,15,0
P006,HRTF_B,33,0.25,-6.01,-2.22,15,0
P006,HRTF_B,33,0.264,-5.99,-2.2,15,0
P006,HRTF_B,33,0.278,-5.95,-2.19,15,0
P006,HRTF_B,33,0.292,-5.9,-2.2,15,0
P006,HRTF_B,33,0.305,-5.82,-2.22,15,0
P006,HRTF_B,33,0.319,-5.72,-2.22,15,0
P006,HRTF_B,33,0.333,-5.63,-2.23,15,0
P006,HRTF_B,33,0.347,-5.5,-2.2,15,0
P006,HRTF_B,33,0.361,-5.36,-2.15,15,0
P006,HRTF_B,33,0.375,-5.2,-2.12,15,0
P006,HRTF_B,33,0.389,-5.05,-2.11,15,0
P006,HRTF_B,33,0.403,-4.88,-2.11,15,0
P006,HRTF_B,33,0.417,-4.7,-2.12,15,0
P006,HRTF_B,33,0.431,-4.54,-2.11,15,0
P006,HRTF_B,33,0.445,-4.35,-2.09,15,0
P006,HRTF_B,33,0.459,-4.17,-2.07,15,0
P006,HRTF_B,33,0.472,-4.0,-2.04,15,0
P006,HRTF_B,33,0.486,-3.8,-2.02,15,0
P006,HRTF_B,33,0.5,-3.62,-2.01,15,0
P006,HRTF_B,33,0.514,-3.46,-1.99,15,0
P006,HRTF_B,33,0.528,-3.26,-1.98,15,0
P006,HRTF_B,33,0.542,-3.06,-1.97,15,0
P006,HRTF_B,33,0.555,-2.89,-1.98,15,0
P006,HRTF_B,33,0.569,-2.69,-1.99,15,0
P006,HRTF_B,33,0.583,-2.49,-2.0,15,0
P006,HRTF_B,33,0.597,-2.29,-2.0,15,0
P006,HRTF_B,33,0.611,-2.07,-2.02,15,0
P006,HRTF_B,33,0.625,-1.85,-2.02,15,0
P006,HRTF_B,33,0.639,-1.63,-2.03,15,0
P006,HRTF_B,33,0.653,-1.41,-2.04,15,0
P006,HRTF_B,33,0.666,-1.17,-2.06,15,0
P006,HRTF_B,33,0.68,-0.93,-2.09,15,0
P006,HRTF_B,33,0.694,-0.65,-2.14,15,0
P006,HRTF_B,33,0.708,-0.4,-2.14,15,0
P006,HRTF_B,33,0.722,-0.1,-2.17,15,0
P006,HRTF_B,33,0.736,0.2,-2.18,15,0
P006,HRTF_B,33,0.75,0.54,-2.16,15,0
P006,HRTF_B,33,0.764,0.88,-2.2,15,0
P006,HRTF_B,33,0.778,1.24,-2.23,15,0
P006,HRTF_B,33,0.792,1.63,-2.27,15,0
P006,HRTF_B,33,0.805,2.04,-2.3,15,0
P006,HRTF_B,33,0.819,2.45,-2.32,15,0
P006,HRTF_B,33,0.833,2.92,-2.31,15,0
P006,HRTF_B,33,0.847,3.38,-2.33,15,0
P006,HRTF_B,33,0.861,3.86,-2.33,15,0
P006,HRTF_B,33,0.875,4.41,-2.31,15,0
P006,HRTF_B,33,0.889,4.94,-2.29,15,0
P006,HRTF_B,33,0.903,5.53,-2.26,15,0
P006,HRTF_B,33,0.916,6.14,-2.27,15,0
P006,HRTF_B,33,0.93,6.8,-2.24,15,0
P006,HRTF_B,33,0.944,7.44,-2.24,15,0
P006,HRTF_B,33,0.958,8.13,-2.27,15,0
P006,HRTF_B,33,0.972,8.9,-2.28,15,0
P006,HRTF_B,33,0.986,9.75,-2.28,15,0
P006,HRTF_B,33,1.0,10.66,-2.24,15,0
P006,HRTF_B,33,1.014,11.69,-2.25,15,0
P006,HRTF_B,33,1.027,12.71,-2.26,15,0
P006,HRTF_B,33,1.042,13.74,-2.25,15,0
P006,HRTF_B,33,1.055,14.81,-2.3,15,0
P006,HRTF_B,33,1.069,15.92,-2.31,15,0
P006,HRTF_B,33,1.083,17.05,-2.34,15,0
P006,HRTF_B,33,1.097,18.2,-2.34,15,0
P006,HRTF_B,33,1.111,19.36,-2.34,15,0
P006,HRTF_B,33,1.125,20.51,-2.37,15,0
P006,HRTF_B,33,1.139,21.61,-2.39,15,0
P006,HRTF_B,33,1.152,22.77,-2.4,15,0
P006,HRTF_B,33,1.167,23.86,-2.44,15,0
P006,HRTF_B,33,1.18,24.98,-2.43,15,0
P006,HRTF_B,33,1.194,26.09,-2.4,15,0
P006,HRTF_B,33,1.208,27.2,-2.39,15,0
P006,HRTF_B,33,1.222,28.28,-2.4,15,0
P006,HRTF_B,33,1.236,29.39,-2.36,15,0
P006,HRTF_B,33,1.25,30.47,-2.34,15,0
P006,HRTF_B,33,1.264,31.55,-2.33,15,0
P006,HRTF_B,33,1.278,32.66,-2.35,15,0
P006,HRTF_B,33,1.291,33.76,-2.35,15,0
P006,HRTF_B,33,1.305,34.86,-2.39,15,0
P006,HRTF_B,33,1.319,35.97,-2.41,15,0
P006,HRTF_B,33,1.333,37.13,-2.42,15,0
P006,HRTF_B,33,1.347,38.3,-2.42,15,0
P006,HRTF_B,33,1.361,39.48,-2.39,15,0
P006,HRTF_B,33,1.375,40.68,-2.38,15,0
P006,HRTF_B,33,1.389,41.93,-2.31,15,0
P006,HRTF_B,33,1.403,43.15,-2.3,15,0
P006,HRTF_B,33,1.416,44.39,-2.29,15,0
P006,HRTF_B,33,1.43,45.58,-2.24,15,0
P006,HRTF_B,33,1.444,46.81,-2.24,15,0
P006,HRTF_B,33,1.458,48.08,-2.22,15,0
P006,HRTF_B,33,1.472,49.35,-2.21,15,0
P006,HRTF_B,33,1.486,50.56,-2.2,15,0
P006,HRTF_B,33,1.5,51.77,-2.22,15,0
P006,HRTF_B,33,1.514,52.97,-2.21,15,0
P006,HRTF_B,33,1.528,54.15,-2.22,15,0
P006,HRTF_B,33,1.541,55.34,-2.25,15,0
P006,HRTF_B,33,1.555,56.56,-2.32,15,0
P006,HRTF_B,33,1.569,57.74,-2.35,15,0
P006,HRTF_B,33,1.583,58.91,-2.39,15,0
P006,HRTF_B,33,1.597,60.01,-2.41,15,0
P006,HRTF_B,33,1.611,61.14,-2.47,15,0
P006,HRTF_B,33,1.625,62.22,-2.51,15,0
P006,HRTF_B,33,1.639,63.32,-2.54,15,0
P006,HRTF_B,33,1.653,64.42,-2.57,15,0
P006,HRTF_B,33,1.666,65.48,-2.62,15,0
P006,HRTF_B,33,1.68,66.47,-2.66,15,0
P006,HRTF_B,33,1.694,67.46,-2.69,15,0
P006,HRTF_B,33,1.708,68.43,-2.71,15,0
P006,HRTF_B,33,1.722,69.39,-2.74,15,0
P006,HRTF_B,33,1.736,70.3,-2.71,15,0
P006,HRTF_B,33,1.75,71.21,-2.7,15,0
P006,HRTF_B,33,1.764,72.11,-2.67,15,0
P006,HRTF_B,33,1.777,73.02,-2.67,15,0
P006,HRTF_B,33,1.791,73.91,-2.69,15,0
P006,HRTF_B,33,1.805,74.83,-2.7,15,0
P006,HRTF_B,33,1.819,75.72,-2.68,15,0
P006,HRTF_B,33,1.833,76.58,-2.64,15,0
P006,HRTF_B,33,1.847,77.44,-2.65,15,0
P006,HRTF_B,33,1.861,78.33,-2.67,15,0
P006,HRTF_B,33,1.875,79.17,-2.71,15,0
P006,HRTF_B,33,1.889,80.03,-2.7,15,0
P006,HRTF_B,33,1.903,80.86,-2.7,15,0
P006,HRTF_B,33,1.917,81.68,-2.67,15,0
P006,HRTF_B,33,1.93,82.51,-2.67,15,0
P006,HRTF_B,33,1.944,83.35,-2.71,15,0
P006,HRTF_B,33,1.958,84.2,-2.79,15,0
P006,HRTF_B,33,1.972,85.04,-2.88,15,0
P006,HRTF_B,33,1.986,85.84,-2.95,15,0
P006,HRTF_B,33,2.0,86.62,-3.01,15,0
P006,HRTF_B,33,2.014,87.36,-3.02,15,0
P006,HRTF_B,33,2.027,88.17,-3.12,15,0
P006,HRTF_B,33,2.041,88.94,-3.16,15,0
P006,HRTF_B,33,2.055,89.7,-3.23,15,0
P006,HRTF_B,33,2.069,90.46,-3.27,15,0
P006,HRTF_B,33,2.083,91.27,-3.41,15,0
P006,HRTF_B,33,2.097,92.13,-3.56,15,0
P006,HRTF_B,33,2.111,93.05,-3.72,15,0
P006,HRTF_B,33,2.125,93.94,-3.84,15,0
P006,HRTF_B,33,2.138,94.83,-3.98,15,0
P006,HRTF_B,33,2.153,95.76,-4.12,15,0
P006,HRTF_B,33,2.166,96.71,-4.28,15,0
P006,HRTF_B,33,2.18,97.65,-4.45,15,0
P006,HRTF_B,33,2.194,98.54,-4.6,15,0
P006,HRTF_B,33,2.208,99.36,-4.69,15,0
P006,HRTF_B,33,2.222,100.04,-4.81,15,0
P006,HRTF_B,33,2.236,100.69,-4.89,15,0
P006,HRTF_B,33,2.25,101.34,-4.97,15,0
P006,HRTF_B,33,2.264,101.89,-5.13,15,0
P006,HRTF_B,33,2.277,102.36,-5.22,15,0
P006,HRTF_B,33,2.291,102.71,-5.3,15,0
P006,HRTF_B,33,2.305,103.04,-5.38,15,0
P006,HRTF_B,33,2.319,103.23,-5.43,15,0
P006,HRTF_B,33,2.333,103.36,-5.47,15,0
P006,HRTF_B,33,2.347,103.4,-5.47,15,0
P006,HRTF_B,33,2.361,103.29,-5.51,15,0
P006,HRTF_B,33,2.375,103.15,-5.56,15,0
P006,HRTF_B,33,2.388,102.73,-5.62,15,0
P006,HRTF_B,33,2.403,102.39,-5.64,15,0
P006,HRTF_B,33,2.416,101.98,-5.63,15,0
P006,HRTF_B,33,2.43,101.43,-5.59,15,0
P006,HRTF_B,33,2.444,100.84,-5.49,15,0
P006,HRTF_B,33,2.458,100.19,-5.43,15,0
P006,HRTF_B,33,2.472,99.47,-5.4,15,0
P006,HRTF_B,33,2.486,98.7,-5.33,15,0
P006,HRTF_B,33,2.5,97.85,-5.28,15,0
P006,HRTF_B,33,2.514,96.93,-5.24,15,0
P006,HRTF_B,33,2.528,95.87,-5.15,15,0
P006,HRTF_B,33,2.541,94.86,-5.11,15,0
P006,HRTF_B,33,2.555,93.77,-5.14,15,0
P006,HRTF_B,33,2.569,92.67,-5.13,15,0
P006,HRTF_B,33,2.583,91.47,-5.12,15,0
P006,HRTF_B,33,2.597,90.21,-5.08,15,0
P006,HRTF_B,33,2.611,88.91,-5.06,15,0
P006,HRTF_B,33,2.625,87.44,-4.99,15,0
P006,HRTF_B,33,2.639,85.86,-4.96,15,0
P006,HRTF_B,33,2.652,84.25,-4.95,15,0
P006,HRTF_B,33,2.666,82.46,-4.92,15,0
P006,HRTF_B,33,2.68,80.7,-4.9,15,0
P006,HRTF_B,33,2.694,78.86,-4.86,15,0
P006,HRTF_B,33,2.708,76.88,-4.76,15,0
P006,HRTF_B,33,2.722,74.86,-4.67,15,0
P006,HRTF_B,33,2.736,72.76,-4.58,15,0
P006,HRTF_B,33,2.749,70.67,-4.48,15,0
P006,HRTF_B,33,2.763,68.48,-4.45,15,0
P006,HRTF_B,33,2.777,66.29,-4.45,15,0
P006,HRTF_B,33,2.791,63.96,-4.46,15,0
P006,HRTF_B,33,2.805,61.49,-4.45,15,0
P006,HRTF_B,33,2.819,58.98,-4.41,15,0
P006,HRTF_B,33,2.833,56.48,-4.36,15,0
P006,HRTF_B,33,2.847,53.99,-4.3,15,0
P006,HRTF_B,33,2.861,51.49,-4.32,15,0
P006,HRTF_B,33,2.874,48.99,-4.35,15,0
P006,HRTF_B,33,2.888,46.49,-4.39,15,0
P006,HRTF_B,33,2.902,43.94,-4.37,15,0
P006,HRTF_B,33,2.916,41.46,-4.34,15,0
P006,HRTF_B,33,2.93,39.03,-4.27,15,0
P006,HRTF_B,33,2.944,36.6,-4.28,15,0
P006,HRTF_B,33,2.958,34.25,-4.29,15,0
P006,HRTF_B,33,2.972,31.81,-4.3,15,0
P006,HRTF_B,33,2.986,29.38,-4.29,15,0
P006,HRTF_B,33,3.0,26.8,-4.25,15,0
P006,HRTF_B,33,3.013,24.26,-4.15,15,0
P006,HRTF_B,33,3.027,21.66,-4.07,15,0
P006,HRTF_B,33,3.041,19.11,-3.98,15,0
P006,HRTF_B,33,3.055,16.56,-4.03,15,0
P006,HRTF_B,33,3.069,13.9,-4.11,15,0
P006,HRTF_B,33,3.083,11.22,-4.22,15,0
P006,HRTF_B,33,3.097,8.49,-4.32,15,0
P006,HRTF_B,33,3.111,5.66,-4.39,15,0
P006,HRTF_B,33,3.124,2.9,-4.42,15,0
P006,HRTF_B,33,3.138,0.17,-4.44,15,0
P006,HRTF_B,33,3.152,-2.53,-4.47,15,0
P006,HRTF_B,33,3.166,-5.25,-4.51,15,0
P006,HRTF_B,33,3.18,-8.02,-4.54,15,0
P006,HRTF_B,33,3.194,-10.71,-4.58,15,0
P006,HRTF_B,33,3.208,-13.44,-4.55,15,0
P006,HRTF_B,33,3.222,-16.13,-4.54,15,0
P006,HRTF_B,33,3.236,-18.85,-4.56,15,0
P006,HRTF_B,33,3.249,-21.58,-4.62,15,0
P006,HRTF_B,33,3.263,-24.22,-4.71,15,0
P006,HRTF_B,33,3.277,-26.8,-4.88,15,0
P006,HRTF_B,33,3.291,-29.38,-5.05,15,0
P006,HRTF_B,33,3.305,-31.91,-5.26,15,0
P006,HRTF_B,33,3.319,-34.5,-5.4,15,0
P006,HRTF_B,33,3.333,-37.02,-5.6,15,0
P006,HRTF_B,33,3.347,-39.55,-5.74,15,0
P006,HRTF_B,33,3.361,-42.08,-5.92,15,0
P006,HRTF_B,33,3.374,-44.61,-6.02,15,0
P006,HRTF_B,33,3.388,-47.09,-6.16,15,0
P006,HRTF_B,33,3.402,-49.58,-6.28,15,0
P006,HRTF_B,33,3.416,-52.01,-6.35,15,0
P006,HRTF_B,33,3.43,-54.36,-6.44,15,0
P006,HRTF_B,33,3.444,-56.74,-6.47,15,0
P006,HRTF_B,33,3.458,-59.11,-6.49,15,0
P006,HRTF_B,33,3.472,-61.5,-6.54,15,0
P006,HRTF_B,33,3.486,-63.87,-6.58,15,0
P006,HRTF_B,33,3.5,-66.23,-6.49,15,0
P006,HRTF_B,33,3.513,-68.71,-6.43,15,0
P006,HRTF_B,33,3.527,-71.25,-6.3,15,0
P006,HRTF_B,33,3.541,-73.91,-6.14,15,0
P006,HRTF_B,33,3.555,-76.51,-5.94,15,0
P006,HRTF_B,33,3.569,-79.1,-5.71,15,0
P006,HRTF_B,33,3.583,-81.6,-5.41,15,0
P006,HRTF_B,33,3.597,-84.12,-5.11,15,0
P006,HRTF_B,33,3.611,-86.59,-4.78,15,0
P006,HRTF_B,33,3.625,-88.93,-4.47,15,0
P006,HRTF_B,33,3.638,-91.12,-4.14,15,0
P006,HRTF_B,33,3.652,-93.1,-3.89,15,0
P006,HRTF_B,33,3.666,-95.08,-3.6,15,0
P006,HRTF_B,33,3.68,-97.2,-3.27,15,0
P006,HRTF_B,33,3.694,-99.34,-3.01,15,0
P006,HRTF_B,33,3.708,-101.5,-2.78,15,0
P006,HRTF_B,33,3.722,-103.58,-2.49,15,0
P006,HRTF_B,33,3.736,-105.66,-2.12,15,0
P006,HRTF_B,33,3.749,-107.77,-1.73,15,0
P006,HRTF_B,33,3.763,-109.8,-1.39,15,0
P006,HRTF_B,33,3.777,-111.73,-1.05,15,0
P006,HRTF_B,33,3.791,-113.63,-0.74,15,0
P006,HRTF_B,33,3.805,-115.34,-0.42,15,0
P006,HRTF_B,33,3.819,-117.0,-0.16,15,0
P006,HRTF_B,33,3.833,-118.62,0.18,15,0
P006,HRTF_B,33,3.847,-120.24,0.42,15,0
P006,HRTF_B,33,3.861,-121.95,0.58,15,0
P006,HRTF_B,33,3.874,-123.67,0.72,15,0
P006,HRTF_B,33,3.888,-125.32,0.83,15,0
P006,HRTF_B,33,3.902,-126.9,0.94,15,0
P006,HRTF_B,33,3.916,-128.41,1.06,15,0
P006,HRTF_B,33,3.93,-129.96,1.14,15,0
P006,HRTF_B,33,3.944,-131.58,1.2,15,0
P006,HRTF_B,33,3.958,-133.13,1.15,15,0
P006,HRTF_B,33,3.972,-134.48,1.0,15,0
P006,HRTF_B,33,3.986,-135.92,0.95,15,0
P006,HRTF_B,33,3.999,-137.24,0.81,15,0
P006,HRTF_B,33,4.014,-138.56,0.77,15,0
P006,HRTF_B,33,4.027,-139.85,0.86,15,0
P006,HRTF_B,33,4.041,-141.1,1.08,15,0
P006,HRTF_B,33,4.055,-142.47,1.28,15,0
P006,HRTF_B,33,4.069,-143.92,1.31,15,0
P006,HRTF_B,33,4.083,-145.41,1.21,15,0
P006,HRTF_B,33,4.096,-146.78,1.04,15,0
P006,HRTF_B,33,4.11,-148.11,0.87,15,0
P006,HRTF_B,33,4.124,-149.44,0.72,15,0
P006,HRTF_B,33,4.138,-150.74,0.48,15,0
P006,HRTF_B,33,4.152,-151.92,0.32,15,0
P006,HRTF_B,33,4.166,-152.97,0.16,15,0
P006,HRTF_B,33,4.18,-153.82,0.04,15,0
P006,HRTF_B,33,4.194,-154.62,0.03,15,0
P006,HRTF_B,33,4.207,-155.32,0.04,15,0
P006,HRTF_B,33,4.222,-155.96,-0.03,15,0
P006,HRTF_B,33,4.235,-156.48,-0.23,15,0
P006,HRTF_B,33,4.249,-157.09,-0.56,15,0
P006,HRTF_B,33,4.263,-157.69,-0.8,15,0
P006,HRTF_B,33,4.277,-158.15,-0.89,15,0
P006,HRTF_B,33,4.291,-158.54,-0.89,15,0
P006,HRTF_B,33,4.305,-158.87,-0.76,15,0
P006,HRTF_B,33,4.319,-159.41,-0.74,15,0
P006,HRTF_B,33,4.333,-160.1,-0.97,15,0
P006,HRTF_B,33,4.346,-160.78,-1.44,15,0
P006,HRTF_B,33,4.36,-161.33,-2.04,15,0
P006,HRTF_B,33,4.374,-161.81,-2.67,15,0
P006,HRTF_B,33,4.388,-162.2,-3.36,15,0
P006,HRTF_B,33,4.402,-162.63,-3.96,15,0
P006,HRTF_B,33,4.416,-163.04,-4.66,15,0
P006,HRTF_B,33,4.43,-163.37,-5.3,15,0
P006,HRTF_B,33,4.444,-163.58,-5.9,15,0
P006,HRTF_B,33,4.458,-163.74,-6.39,15,0
P006,HRTF_B,33,4.471,-163.68,-6.92,15,0
P006,HRTF_B,33,4.485,-163.68,-7.45,15,0
P006,HRTF_B,33,4.499,-163.64,-8.03,15,0
P006,HRTF_B,33,4.513,-163.68,-8.58,15,0
P006,HRTF_B,33,4.527,-163.76,-9.03,15,0
P006,HRTF_B,33,4.541,-163.85,-9.42,15,0
P006,HRTF_B,33,4.555,-163.9,-9.84,15,0
P006,HRTF_B,33,4.569,-164.05,-10.36,15,0
P006,HRTF_B,33,4.583,-164.29,-10.91,15,0
P006,HRTF_B,33,4.596,-164.61,-11.51,15,0
P006,HRTF_B,33,4.61,-164.93,-12.01,15,0
P006,HRTF_B,33,4.624,-165.24,-12.36,15,0
P006,HRTF_B,33,4.638,-165.52,-12.48,15,0
P006,HRTF_B,33,4.652,-165.8,-12.49,15,0
P006,HRTF_B,33,4.666,-166.2,-12.56,15,0
P006,HRTF_B,33,4.68,-166.55,-12.54,15,0
P006,HRTF_B,33,4.694,-167.0,-12.54,15,0
P006,HRTF_B,33,4.708,-167.44,-12.56,15,0
P006,HRTF_B,33,4.721,-167.96,-12.73,15,0
P006,HRTF_B,33,4.735,-168.57,-13.11,15,0
P006,HRTF_B,33,4.75,-169.19,-13.54,15,0
P006,HRTF_B,33,4.763,-169.83,-14.07,15,0
P006,HRTF_B,33,4.777,-170.36,-14.49,15,0
P006,HRTF_B,33,4.791,-170.82,-14.95,15,0
P006,HRTF_B,33,4.805,-171.32,-15.44,15,0
P006,HRTF_B,33,4.819,-171.77,-16.05,15,0
P006,HRTF_B,33,4.833,-172.04,-16.67,15,0
P006,HRTF_B,33,4.847,-172.1,-17.36,15,0
P006,HRTF_B,33,4.86,-171.91,-18.25,15,0
P006,HRTF_B,33,4.874,-171.46,-19.26,15,0
P006,HRTF_B,33,4.888,-170.9,-20.15,15,0
P006,HRTF_B,33,4.902,-170.32,-20.75,15,0
P006,HRTF_B,33,4.916,-169.55,-20.9,15,0
P006,HRTF_B,33,4.93,-168.82,-20.89,15,0
P006,HRTF_B,33,4.944,-168.0,-20.37,15,0
P006,HRTF_B,33,4.958,-167.24,-19.62,15,0
P006,HRTF_B,33,4.972,-166.49,-18.51,15,0
P006,HRTF_B,33,4.986,-165.81,-17.31,15,0
P006,HRTF_B,33,4.999,-165.23,-15.82,15,0
P006,HRTF_B,33,5.013,-164.75,-14.2,15,0
P006,HRTF_B,33,5.027,-164.51,-12.43,15,0
P006,HRTF_B,33,5.041,-164.44,-10.48,15,0
P006,HRTF_B,33,5.055,-164.52,-8.51,15,0
P006,HRTF_B,33,5.069,-164.59,-6.46,15,0
P006,HRTF_B,33,5.082,-164.76,-4.38,15,0
P006,HRTF_B,33,5.096,-164.96,-2.33,15,0
P006,HRTF_B,33,5.11,-165.49,-0.24,15,0
P006,HRTF_B,33,5.124,-166.02,1.75,15,0
P006,HRTF_B,33,5.138,-166.68,3.74,15,0
P006,HRTF_B,33,5.152,-167.42,5.69,15,0
P006,HRTF_B,33,5.166,-168.38,7.37,15,0
P006,HRTF_B,33,5.18,-169.49,8.77,15,0
P006,HRTF_B,33,5.194,-170.68,9.79,15,0
P006,HRTF_B,33,5.207,-171.78,10.84,15,0
P006,HRTF_B,33,5.221,-172.87,11.71,15,0
P006,HRTF_B,33,5.235,-173.91,12.54,15,0
P006,HRTF_B,33,5.249,-174.92,13.29,15,0
P006,HRTF_B,33,5.263,-175.93,13.97,15,0
P006,HRTF_B,33,5.277,-176.81,14.63,15,0
P006,HRTF_B,33,5.291,-177.62,15.41,15,0
P006,HRTF_B,33,5.305,-178.33,16.14,15,0
P006,HRTF_B,33,5.319,-178.84,16.87,15,0
P006,HRTF_B,33,5.332,-179.23,17.52,15,0
P006,HRTF_B,33,5.346,-179.58,18.13,15,0
P006,HRTF_B,33,5.361,-179.72,18.69,15,0
P006,HRTF_B,33,5.374,-179.75,19.2,15,0
P006,HRTF_B,33,5.388,-179.79,19.7,15,0
P006,HRTF_B,33,5.402,-179.83,20.18,15,0
P006,HRTF_B,33,5.416,-179.75,20.59,15,0
P006,HRTF_B,33,5.43,-179.66,21.06,15,0
P006,HRTF_B,33,5.444,-179.58,21.49,15,0
P006,HRTF_B,33,5.457,-179.45,21.9,15,0
P006,HRTF_B,33,5.472,-179.36,22.29,15,0
P006,HRTF_B,33,5.485,-179.3,22.59,15,0
P006,HRTF_B,33,5.499,-179.15,22.9,15,0
P006,HRTF_B,34,0.014,2.65,-0.78,12,1
P006,HRTF_B,34,0.028,2.76,-0.82,12,1
P006,HRTF_B,34,0.042,2.86,-0.84,12,1
P006,HRTF_B,34,0.056,2.96,-0.87,12,1
P006,HRTF_B,34,0.069,3.07,-0.81,12,1
P006,HRTF_B,34,0.084,3.17,-0.79,12,1
P006,HRTF_B,34,0.098,3.25,-0.79,12,1
P006,HRTF_B,34,0.111,3.33,-0.76,12,1
P006,HRTF_B,34,0.125,3.39,-0.74,12,1
P006,HRTF_B,34,0.139,3.44,-0.71,12,1
P006,HRTF_B,34,0.153,3.48,-0.63,12,1
P006,HRTF_B,34,0.167,3.52,-0.51,12,1
P006,HRTF_B,34,0.181,3.55,-0.43,12,1
P006,HRTF_B,34,0.194,3.57,-0.37,12,1
P006,HRTF_B,34,0.208,3.6,-0.28,12,1
P006,HRTF_B,34,0.222,3.63,-0.2,12,1
P006,HRTF_B,34,0.237,3.68,-0.14,12,1
P006,HRTF_B,34,0.25,3.74,-0.05,12,1
P006,HRTF_B,34,0.264,3.8,0.02,12,1
P006,HRTF_B,34,0.278,3.89,0.05,12,1
P006,HRTF_B,34,0.291,3.99,0.07,12,1
P006,HRTF_B,34,0.305,4.12,0.08,12,1
P006,HRTF_B,34,0.319,4.32,0.05,12,1
P006,HRTF_B,34,0.333,4.57,-0.01,12,1
P006,HRTF_B,34,0.347,4.84,-0.06,12,1
P006,HRTF_B,34,0.361,5.13,-0.08,12,1
P006,HRTF_B,34,0.375,5.43,-0.11,12,1
P006,HRTF_B,34,0.389,5.71,-0.17,12,1
P006,HRTF_B,34,0.403,5.96,-0.25,12,1
P006,HRTF_B,34,0.417,6.22,-0.33,12,1
P006,HRTF_B,34,0.43,6.46,-0.46,12,1
P006,HRTF_B,34,0.444,6.69,-0.55,12,1
P006,HRTF_B,34,0.458,6.88,-0.62,12,1
P006,HRTF_B,34,0.475,7.06,-0.62,12,1
P006,HRTF_B,34,0.489,7.22,-0.67,12,1
P006,HRTF_B,34,0.503,7.34,-0.68,12,1
P006,HRTF_B,34,0.517,7.44,-0.73,12,1
P006,HRTF_B,34,0.531,7.54,-0.76,12,1
P006,HRTF_B,34,0.556,7.63,-0.72,12,1
P006,HRTF_B,34,0.57,7.84,-0.67,12,1
P006,HRTF_B,34,0.583,7.93,-0.59,12,1
P006,HRTF_B,34,0.597,8.04,-0.49,12,1
P006,HRTF_B,34,0.611,8.15,-0.41,12,1
P006,HRTF_B,34,0.625,8.25,-0.33,12,1
P006,HRTF_B,34,0.639,8.36,-0.26,12,1
P006,HRTF_B,34,0.652,8.46,-0.2,12,1
P006,HRTF_B,34,0.666,8.56,-0.17,12,1
P006,HRTF_B,34,0.681,8.66,-0.14,12,1
P006,HRTF_B,34,0.694,8.75,-0.11,12,1
P006,HRTF_B,34,0.708,8.85,-0.07,12,1
P006,HRTF_B,34,0.722,8.93,-0.01,12,1
P006,HRTF_B,34,0.736,9.01,0.02,12,1
P006,HRTF_B,34,0.75,9.09,0.05,12,1
P006,HRTF_B,34,0.764,9.18,-0.01,12,1
P006,HRTF_B,34,0.778,9.23,-0.05,12,1
P006,HRTF_B,34,0.791,9.3,-0.11,12,1
P006,HRTF_B,34,0.805,9.37,-0.15,12,1
P006,HRTF_B,34,0.819,9.43,-0.18,12,1
P006,HRTF_B,34,0.834,9.5,-0.19,12,1
P006,HRTF_B,34,0.847,9.59,-0.22,12,1
P006,HRTF_B,34,0.861,9.68,-0.25,12,1
P006,HRTF_B,34,0.875,9.79,-0.27,12,1
P006,HRTF_B,34,0.889,9.93,-0.29,12,1
P006,HRTF_B,34,0.903,10.1,-0.28,12,1
P006,HRTF_B,34,0.917,10.33,-0.28,12,1
P006,HRTF_B,34,0.93,10.62,-0.27,12,1
P006,HRTF_B,34,0.944,10.99,-0.25,12,1
P006,HRTF_B,34,0.958,11.4,-0.19,12,1
P006,HRTF_B,34,0.972,11.82,-0.11,12,1
P006,HRTF_B,34,0.986,12.37,0.01,12,1
P006,HRTF_B,34,1.0,12.95,0.07,12,1
P006,HRTF_B,34,1.014,13.69,0.14,12,1
P006,HRTF_B,34,1.028,14.45,0.23,12,1
P006,HRTF_B,34,1.042,15.32,0.29,12,1
P006,HRTF_B,34,1.056,16.24,0.31,12,1
P006,HRTF_B,34,1.069,17.19,0.36,12,1
P006,HRTF_B,34,1.083,18.29,0.38,12,1
P006,HRTF_B,34,1.097,19.41,0.36,12,1
P006,HRTF_B,34,1.111,20.59,0.35,12,1
P006,HRTF_B,34,1.125,21.89,0.37,12,1
P006,HRTF_B,34,1.139,23.23,0.34,12,1
P006,HRTF_B,34,1.153,24.65,0.35,12,1
P006,HRTF_B,34,1.167,26.15,0.35,12,1
P006,HRTF_B,34,1.18,27.63,0.37,12,1
P006,HRTF_B,34,1.194,29.13,0.42,12,1
P006,HRTF_B,34,1.208,30.66,0.48,12,1
P006,HRTF_B,34,1.222,32.26,0.54,12,1
P006,HRTF_B,34,1.236,34.0,0.56,12,1
P006,HRTF_B,34,1.25,35.73,0.59,12,1
P006,HRTF_B,34,1.264,37.55,0.62,12,1
P006,HRTF_B,34,1.277,39.37,0.61,12,1
P006,HRTF_B,34,1.292,41.31,0.58,12,1
P006,HRTF_B,34,1.305,43.33,0.52,12,1
P006,HRTF_B,34,1.319,45.45,0.44,12,1
P006,HRTF_B,34,1.334,47.62,0.33,12,1
P006,HRTF_B,34,1.347,49.72,0.24,12,1
P006,HRTF_B,34,1.361,51.82,0.18,12,1
P006,HRTF_B,34,1.375,53.94,0.11,12,1
P006,HRTF_B,34,1.389,56.11,-0.05,12,1
P006,HRTF_B,34,1.403,58.32,-0.21,12,1
P006,HRTF_B,34,1.417,60.51,-0.37,12,1
P006,HRTF_B,34,1.43,62.6,-0.47,12,1
P006,HRTF_B,34,1.444,64.62,-0.62,12,1
P006,HRTF_B,34,1.458,66.57,-0.74,12,1
P006,HRTF_B,34,1.472,68.54,-0.88,12,1
P006,HRTF_B,34,1.486,70.34,-1.03,12,1
P006,HRTF_B,34,1.5,72.03,-1.05,12,1
P006,HRTF_B,34,1.514,73.59,-1.08,12,1
P006,HRTF_B,34,1.528,75.08,-1.04,12,1
P006,HRTF_B,34,1.541,76.5,-1.01,12,1
P006,HRTF_B,34,1.556,77.87,-1.01,12,1
P006,HRTF_B,34,1.569,79.18,-0.96,12,1
P006,HRTF_B,34,1.583,80.37,-0.9,12,1
P006,HRTF_B,34,1.597,81.43,-0.87,12,1
P006,HRTF_B,34,1.611,82.46,-0.87,12,1
P006,HRTF_B,34,1.625,83.49,-0.93,12,1
P006,HRTF_B,34,1.639,84.39,-1.09,12,1
P006,HRTF_B,34,1.652,85.32,-1.28,12,1
P006,HRTF_B,34,1.667,86.17,-1.45,12,1
P006,HRTF_B,34,1.68,87.04,-1.67,12,1
P006,HRTF_B,34,1.694,87.9,-1.88,12,1
P006,HRTF_B,34,1.708,88.75,-2.18,12,1
P006,HRTF_B,34,1.722,89.62,-2.51,12,1
P006,HRTF_B,34,1.736,90.41,-2.88,12,1
P006,HRTF_B,34,1.75,91.14,-3.27,12,1
P006,HRTF_B,34,1.764,91.73,-3.69,12,1
P006,HRTF_B,34,1.777,92.32,-4.08,12,1
P006,HRTF_B,34,1.791,92.87,-4.38,12,1
P006,HRTF_B,34,1.806,93.34,-4.75,12,1
P006,HRTF_B,34,1.819,93.74,-5.17,12,1
P006,HRTF_B,34,1.833,94.11,-5.62,12,1
P006,HRTF_B,34,1.847,94.31,-6.18,12,1
P006,HRTF_B,34,1.861,94.44,-6.67,12,1
P006,HRTF_B,34,1.875,94.52,-7.08,12,1
P006,HRTF_B,34,1.889,94.66,-7.41,12,1
P006,HRTF_B,34,1.903,94.87,-7.65,12,1
P006,HRTF_B,34,1.916,95.08,-7.96,12,1
P006,HRTF_B,34,1.93,95.31,-8.24,12,1
P006,HRTF_B,34,1.944,95.56,-8.47,12,1
P006,HRTF_B,34,1.958,95.73,-8.69,12,1
P006,HRTF_B,34,1.972,95.88,-8.81,12,1
P006,HRTF_B,34,1.986,95.97,-8.79,12,1
P006,HRTF_B,34,2.0,96.01,-8.81,12,1
P006,HRTF_B,34,2.014,96.06,-8.86,12,1
P006,HRTF_B,34,2.028,96.12,-8.92,12,1
P006,HRTF_B,34,2.042,96.19,-8.98,12,1
P006,HRTF_B,34,2.056,96.27,-9.12,12,1
P006,HRTF_B,34,2.07,96.4,-9.27,12,1
P006,HRTF_B,34,2.083,96.61,-9.3,12,1
P006,HRTF_B,34,2.097,96.92,-9.31,12,1
P006,HRTF_B,34,2.111,97.39,-9.29,12,1
P006,HRTF_B,34,2.125,97.9,-9.27,12,1
P006,HRTF_B,34,2.138,98.48,-9.28,12,1
P006,HRTF_B,34,2.152,99.12,-9.31,12,1
P006,HRTF_B,34,2.166,99.71,-9.31,12,1
P006,HRTF_B,34,2.18,100.32,-9.29,12,1
P006,HRTF_B,34,2.194,100.89,-9.26,12,1
P006,HRTF_B,34,2.208,101.42,-9.14,12,1
P006,HRTF_B,34,2.222,101.91,-8.95,12,1
P006,HRTF_B,34,2.236,102.39,-8.69,12,1
P006,HRTF_B,34,2.25,102.83,-8.42,12,1
P006,HRTF_B,34,2.264,103.26,-8.13,12,1
P006,HRTF_B,34,2.278,103.73,-7.89,12,1
P006,HRTF_B,34,2.291,104.19,-7.7,12,1
P006,HRTF_B,34,2.305,104.68,-7.48,12,1
P006,HRTF_B,34,2.319,105.24,-7.28,12,1
P006,HRTF_B,34,2.333,105.86,-7.05,12,1
P006,HRTF_B,34,2.347,106.52,-6.9,12,1
P006,HRTF_B,34,2.361,107.26,-6.77,12,1
P006,HRTF_B,34,2.375,108.06,-6.65,12,1
P006,HRTF_B,34,2.388,108.9,-6.59,12,1
P006,HRTF_B,34,2.402,109.77,-6.5,12,1
P006,HRTF_B,34,2.416,110.63,-6.42,12,1
P006,HRTF_B,34,2.43,111.51,-6.38,12,1
P006,HRTF_B,34,2.444,112.39,-6.3,12,1
P006,HRTF_B,34,2.458,113.44,-6.23,12,1
P006,HRTF_B,34,2.472,114.49,-6.14,12,1
P006,HRTF_B,34,2.486,115.48,-6.06,12,1
P006,HRTF_B,34,2.5,116.53,-5.96,12,1
P006,HRTF_B,34,2.513,117.55,-5.91,12,1
P006,HRTF_B,34,2.528,118.61,-5.88,12,1
P006,HRTF_B,34,2.541,119.66,-5.84,12,1
P006,HRTF_B,34,2.555,120.7,-5.73,12,1
P006,HRTF_B,34,2.569,121.75,-5.63,12,1
P006,HRTF_B,34,2.583,122.79,-5.56,12,1
P006,HRTF_B,34,2.597,123.85,-5.5,12,1
P006,HRTF_B,34,2.611,124.89,-5.47,12,1
P006,HRTF_B,34,2.625,125.95,-5.46,12,1
P006,HRTF_B,34,2.638,126.99,-5.41,12,1
P006,HRTF_B,34,2.652,128.12,-5.36,12,1
P006,HRTF_B,34,2.666,129.2,-5.42,12,1
P006,HRTF_B,34,2.68,130.3,-5.44,12,1
P006,HRTF_B,34,2.694,131.45,-5.49,12,1
P006,HRTF_B,34,2.708,132.56,-5.51,12,1
P006,HRTF_B,34,2.722,133.7,-5.53,12,1
P006,HRTF_B,34,2.736,134.84,-5.53,12,1
P006,HRTF_B,34,2.75,135.95,-5.57,12,1
P006,HRTF_B,34,2.764,137.07,-5.66,12,1
P006,HRTF_B,35,0.014,0.56,0.99,7,1
P006,HRTF_B,35,0.029,0.85,0.92,7,1
P006,HRTF_B,35,0.042,1.16,0.83,7,1
P006,HRTF_B,35,0.056,1.4,0.8,7,1
P006,HRTF_B,35,0.069,1.68,0.78,7,1
P006,HRTF_B,35,0.083,1.9,0.73,7,1
P006,HRTF_B,35,0.098,2.07,0.64,7,1
P006,HRTF_B,35,0.111,2.23,0.57,7,1
P006,HRTF_B,35,0.125,2.33,0.48,7,1
P006,HRTF_B,35,0.139,2.45,0.45,7,1
P006,HRTF_B,35,0.153,2.56,0.41,7,1
P006,HRTF_B,35,0.167,2.66,0.36,7,1
P006,HRTF_B,35,0.181,2.77,0.28,7,1
P006,HRTF_B,35,0.194,2.88,0.2,7,1
P006,HRTF_B,35,0.208,2.99,0.13,7,1
P006,HRTF_B,35,0.222,3.09,0.05,7,1
P006,HRTF_B,35,0.236,3.2,0.0,7,1
P006,HRTF_B,35,0.25,3.3,-0.07,7,1
P006,HRTF_B,35,0.264,3.42,-0.15,7,1
P006,HRTF_B,35,0.278,3.54,-0.23,7,1
P006,HRTF_B,35,0.292,3.67,-0.28,7,1
P006,HRTF_B,35,0.305,3.8,-0.33,7,1
P006,HRTF_B,35,0.319,3.97,-0.37,7,1
P006,HRTF_B,35,0.333,4.14,-0.4,7,1
P006,HRTF_B,35,0.347,4.34,-0.45,7,1
P006,HRTF_B,35,0.361,4.56,-0.5,7,1
P006,HRTF_B,35,0.375,4.8,-0.5,7,1
P006,HRTF_B,35,0.389,5.07,-0.5,7,1
P006,HRTF_B,35,0.403,5.41,-0.46,7,1
P006,HRTF_B,35,0.417,5.81,-0.43,7,1
P006,HRTF_B,35,0.431,6.26,-0.39,7,1
P006,HRTF_B,35,0.444,6.78,-0.33,7,1
P006,HRTF_B,35,0.458,7.29,-0.33,7,1
P006,HRTF_B,35,0.472,7.85,-0.31,7,1
P006,HRTF_B,35,0.486,8.4,-0.31,7,1
P006,HRTF_B,35,0.5,9.04,-0.4,7,1
P006,HRTF_B,35,0.514,9.71,-0.49,7,1
P006,HRTF_B,35,0.528,10.41,-0.55,7,1
P006,HRTF_B,35,0.542,11.16,-0.59,7,1
P006,HRTF_B,35,0.556,11.92,-0.62,7,1
P006,HRTF_B,35,0.569,12.75,-0.6,7,1
P006,HRTF_B,35,0.583,13.72,-0.53,7,1
P006,HRTF_B,35,0.597,14.68,-0.46,7,1
P006,HRTF_B,35,0.611,15.62,-0.35,7,1
P006,HRTF_B,35,0.625,16.64,-0.19,7,1
P006,HRTF_B,35,0.639,17.6,-0.06,7,1
P006,HRTF_B,35,0.653,18.55,0.08,7,1
P006,HRTF_B,35,0.667,19.55,0.21,7,1
P006,HRTF_B,35,0.68,20.56,0.34,7,1
P006,HRTF_B,35,0.694,21.6,0.48,7,1
P006,HRTF_B,35,0.708,22.68,0.53,7,1
P006,HRTF_B,35,0.722,23.78,0.65,7,1
P006,HRTF_B,35,0.736,24.92,0.7,7,1
P006,HRTF_B,35,0.75,26.03,0.7,7,1
P006,HRTF_B,35,0.764,27.12,0.73,7,1
P006,HRTF_B,35,0.778,28.25,0.71,7,1
P006,HRTF_B,35,0.792,29.37,0.75,7,1
P006,HRTF_B,35,0.805,30.52,0.76,7,1
P006,HRTF_B,35,0.819,31.69,0.75,7,1
P006,HRTF_B,35,0.833,32.85,0.72,7,1
P006,HRTF_B,35,0.847,33.98,0.69,7,1
P006,HRTF_B,35,0.861,35.09,0.66,7,1
P006,HRTF_B,35,0.875,36.21,0.6,7,1
P006,HRTF_B,35,0.889,37.36,0.53,7,1
P006,HRTF_B,35,0.903,38.49,0.45,7,1
P006,HRTF_B,35,0.916,39.68,0.37,7,1
P006,HRTF_B,35,0.931,40.86,0.31,7,1
P006,HRTF_B,35,0.944,42.07,0.27,7,1
P006,HRTF_B,35,0.958,43.29,0.24,7,1
P006,HRTF_B,35,0.972,44.55,0.22,7,1
P006,HRTF_B,35,0.986,45.84,0.13,7,1
P006,HRTF_B,35,1.0,47.13,0.03,7,1
P006,HRTF_B,35,1.014,48.44,-0.05,7,1
P006,HRTF_B,35,1.028,49.71,-0.04,7,1
P006,HRTF_B,35,1.041,50.94,-0.05,7,1
P006,HRTF_B,35,1.055,52.18,-0.09,7,1
P006,HRTF_B,35,1.069,53.43,-0.14,7,1
P006,HRTF_B,35,1.083,54.6,-0.24,7,1
P006,HRTF_B,35,1.097,55.79,-0.39,7,1
P006,HRTF_B,35,1.111,56.95,-0.53,7,1
P006,HRTF_B,35,1.125,58.08,-0.62,7,1
P006,HRTF_B,35,1.139,59.15,-0.72,7,1
P006,HRTF_B,35,1.153,60.21,-0.86,7,1
P006,HRTF_B,35,1.167,61.27,-1.15,7,1
P006,HRTF_B,35,1.18,62.36,-1.44,7,1
P006,HRTF_B,35,1.194,63.41,-1.74,7,1
P006,HRTF_B,35,1.208,64.43,-2.06,7,1
P006,HRTF_B,35,1.222,65.41,-2.31,7,1
P006,HRTF_B,35,1.236,66.37,-2.67,7,1
P006,HRTF_B,35,1.25,67.33,-3.13,7,1
P006,HRTF_B,35,1.264,68.23,-3.66,7,1
P006,HRTF_B,35,1.278,69.18,-4.19,7,1
P006,HRTF_B,35,1.292,70.09,-4.79,7,1
P006,HRTF_B,35,1.305,70.94,-5.51,7,1
P006,HRTF_B,35,1.319,71.82,-6.2,7,1
P006,HRTF_B,35,1.333,72.67,-6.95,7,1
P006,HRTF_B,35,1.347,73.58,-7.6,7,1
P006,HRTF_B,35,1.361,74.47,-8.2,7,1
P006,HRTF_B,35,1.375,75.44,-8.78,7,1
P006,HRTF_B,35,1.389,76.36,-9.42,7,1
P006,HRTF_B,35,1.402,77.3,-10.01,7,1
P006,HRTF_B,35,1.418,78.24,-10.56,7,1
P006,HRTF_B,35,1.43,79.18,-11.12,7,1
P006,HRTF_B,35,1.444,80.14,-11.66,7,1
P006,HRTF_B,35,1.458,81.12,-12.13,7,1
P006,HRTF_B,35,1.472,82.11,-12.59,7,1
P006,HRTF_B,35,1.486,83.03,-13.07,7,1
P006,HRTF_B,35,1.5,83.98,-13.58,7,1
P006,HRTF_B,35,1.514,84.84,-14.17,7,1
P006,HRTF_B,35,1.528,85.75,-14.67,7,1
P006,HRTF_B,35,1.542,86.56,-15.06,7,1
P006,HRTF_B,35,1.555,87.35,-15.35,7,1
P006,HRTF_B,35,1.569,88.06,-15.56,7,1
P006,HRTF_B,35,1.583,88.7,-15.75,7,1
P006,HRTF_B,35,1.597,89.28,-15.83,7,1
P006,HRTF_B,35,1.611,89.79,-15.87,7,1
P006,HRTF_B,35,1.624,90.3,-15.85,7,1
P006,HRTF_B,35,1.639,90.76,-15.73,7,1
P006,HRTF_B,35,1.652,91.11,-15.64,7,1
P006,HRTF_B,35,1.666,91.4,-15.63,7,1
P006,HRTF_B,35,1.68,91.72,-15.66,7,1
P006,HRTF_B,35,1.694,91.94,-15.67,7,1
P006,HRTF_B,35,1.708,92.15,-15.63,7,1
P006,HRTF_B,35,1.722,92.27,-15.45,7,1
P006,HRTF_B,35,1.736,92.37,-15.2,7,1
P006,HRTF_B,35,1.75,92.44,-14.83,7,1
P006,HRTF_B,35,1.763,92.49,-14.39,7,1
P006,HRTF_B,35,1.778,92.42,-13.81,7,1
P006,HRTF_B,35,1.791,92.35,-13.33,7,1
P006,HRTF_B,35,1.805,92.21,-12.83,7,1
P006,HRTF_B,35,1.819,92.13,-12.39,7,1
P006,HRTF_B,35,1.833,91.93,-11.97,7,1
P006,HRTF_B,35,1.847,91.75,-11.5,7,1
P006,HRTF_B,35,1.861,91.51,-10.9,7,1
P006,HRTF_B,35,1.875,91.23,-10.28,7,1
P006,HRTF_B,35,1.889,90.97,-9.6,7,1
P006,HRTF_B,35,1.902,90.65,-9.0,7,1
P006,HRTF_B,35,1.916,90.28,-8.42,7,1
P006,HRTF_B,35,1.93,89.91,-7.84,7,1
P006,HRTF_B,35,1.944,89.52,-7.25,7,1
P006,HRTF_B,35,1.958,89.06,-6.56,7,1
P006,HRTF_B,35,1.972,88.59,-5.83,7,1
P006,HRTF_B,35,1.986,88.02,-5.15,7,1
P006,HRTF_B,35,2.0,87.41,-4.6,7,1
P006,HRTF_B,35,2.014,86.8,-4.11,7,1
P006,HRTF_B,35,2.027,86.17,-3.83,7,1
P006,HRTF_B,35,2.041,85.5,-3.5,7,1
P006,HRTF_B,35,2.055,84.84,-3.11,7,1
P006,HRTF_B,35,2.069,84.1,-2.71,7,1
P006,HRTF_B,35,2.083,83.3,-2.27,7,1
P006,HRTF_B,35,2.097,82.54,-1.84,7,1
P006,HRTF_B,35,2.111,81.73,-1.48,7,1
P006,HRTF_B,35,2.125,80.91,-1.24,7,1
P006,HRTF_B,35,2.138,80.07,-0.93,7,1
P006,HRTF_B,35,2.152,79.2,-0.59,7,1
P006,HRTF_B,35,2.166,78.34,-0.19,7,1
P006,HRTF_B,35,2.18,77.45,0.2,7,1
P006,HRTF_B,35,2.194,76.59,0.5,7,1
P006,HRTF_B,35,2.208,75.73,0.75,7,1
P006,HRTF_B,35,2.222,74.77,0.98,7,1
P006,HRTF_B,35,2.236,73.87,1.23,7,1
P006,HRTF_B,35,2.25,72.9,1.47,7,1
P006,HRTF_B,35,2.264,71.91,1.63,7,1
P006,HRTF_B,35,2.277,70.91,1.71,7,1
P006,HRTF_B,35,2.291,69.91,1.77,7,1
P006,HRTF_B,35,2.305,68.7,1.77,7,1
P006,HRTF_B,35,2.319,67.43,1.8,7,1
P006,HRTF_B,35,2.333,66.03,1.83,7,1
P006,HRTF_B,35,2.347,64.43,1.81,7,1
P006,HRTF_B,35,2.361,62.79,1.78,7,1
P006,HRTF_B,35,2.375,61.05,1.73,7,1
P006,HRTF_B,35,2.388,59.2,1.65,7,1
P006,HRTF_B,35,2.402,57.21,1.52,7,1
P006,HRTF_B,35,2.416,55.1,1.35,7,1
P006,HRTF_B,35,2.43,52.91,1.17,7,1
P006,HRTF_B,35,2.444,50.72,0.95,7,1
P006,HRTF_B,36,0.014,2.31,0.08,4,1
P006,HRTF_B,36,0.028,2.44,0.16,4,1
P006,HRTF_B,36,0.042,2.54,0.23,4,1
P006,HRTF_B,36,0.056,2.65,0.34,4,1
P006,HRTF_B,36,0.069,2.77,0.46,4,1
P006,HRTF_B,36,0.083,2.87,0.67,4,1
P006,HRTF_B,36,0.098,2.93,0.85,4,1
P006,HRTF_B,36,0.112,3.0,0.87,4,1
P006,HRTF_B,36,0.125,3.05,0.75,4,1
P006,HRTF_B,36,0.139,3.11,0.63,4,1
P006,HRTF_B,36,0.153,3.15,0.52,4,1
P006,HRTF_B,36,0.167,3.2,0.44,4,1
P006,HRTF_B,36,0.181,3.22,0.45,4,1
P006,HRTF_B,36,0.195,3.27,0.5,4,1
P006,HRTF_B,36,0.209,3.28,0.57,4,1
P006,HRTF_B,36,0.222,3.31,0.65,4,1
P006,HRTF_B,36,0.236,3.33,0.67,4,1
P006,HRTF_B,36,0.25,3.33,0.61,4,1
P006,HRTF_B,36,0.264,3.31,0.42,4,1
P006,HRTF_B,36,0.278,3.27,0.22,4,1
P006,HRTF_B,36,0.292,3.23,0.06,4,1
P006,HRTF_B,36,0.306,3.17,-0.08,4,1
P006,HRTF_B,36,0.32,3.09,-0.17,4,1
P006,HRTF_B,36,0.333,3.01,-0.27,4,1
P006,HRTF_B,36,0.347,2.93,-0.36,4,1
P006,HRTF_B,36,0.361,2.85,-0.47,4,1
P006,HRTF_B,36,0.375,2.79,-0.62,4,1
P006,HRTF_B,36,0.389,2.75,-0.75,4,1
P006,HRTF_B,36,0.403,2.72,-0.88,4,1
P006,HRTF_B,36,0.417,2.7,-0.98,4,1
P006,HRTF_B,36,0.431,2.7,-1.09,4,1
P006,HRTF_B,36,0.445,2.72,-1.18,4,1
P006,HRTF_B,36,0.459,2.75,-1.22,4,1
P006,HRTF_B,36,0.473,2.8,-1.24,4,1
P006,HRTF_B,36,0.486,2.88,-1.25,4,1
P006,HRTF_B,36,0.5,2.95,-1.24,4,1
P006,HRTF_B,36,0.514,3.01,-1.26,4,1
P006,HRTF_B,36,0.528,3.08,-1.29,4,1
P006,HRTF_B,36,0.542,3.14,-1.33,4,1
P006,HRTF_B,36,0.556,3.2,-1.37,4,1
P006,HRTF_B,36,0.57,3.26,-1.41,4,1
P006,HRTF_B,36,0.584,3.32,-1.42,4,1
P006,HRTF_B,36,0.598,3.38,-1.43,4,1
P006,HRTF_B,36,0.612,3.45,-1.44,4,1
P006,HRTF_B,36,0.626,3.52,-1.45,4,1
P006,HRTF_B,36,0.639,3.61,-1.47,4,1
P006,HRTF_B,36,0.653,3.7,-1.46,4,1
P006,HRTF_B,36,0.667,3.81,-1.42,4,1
P006,HRTF_B,36,0.681,3.93,-1.38,4,1
P006,HRTF_B,36,0.695,4.04,-1.37,4,1
P006,HRTF_B,36,0.709,4.19,-1.39,4,1
P006,HRTF_B,36,0.723,4.34,-1.41,4,1
P006,HRTF_B,36,0.737,4.5,-1.41,4,1
P006,HRTF_B,36,0.75,4.66,-1.39,4,1
P006,HRTF_B,36,0.764,4.84,-1.36,4,1
P006,HRTF_B,36,0.778,5.02,-1.34,4,1
P006,HRTF_B,36,0.792,5.2,-1.32,4,1
P006,HRTF_B,36,0.806,5.38,-1.3,4,1
P006,HRTF_B,36,0.819,5.57,-1.29,4,1
P006,HRTF_B,36,0.833,5.76,-1.26,4,1
P006,HRTF_B,36,0.847,5.95,-1.24,4,1
P006,HRTF_B,36,0.861,6.16,-1.21,4,1
P006,HRTF_B,36,0.875,6.35,-1.19,4,1
P006,HRTF_B,36,0.889,6.56,-1.16,4,1
P006,HRTF_B,36,0.903,6.79,-1.13,4,1
P006,HRTF_B,36,0.917,7.0,-1.09,4,1
P006,HRTF_B,36,0.931,7.26,-1.04,4,1
P006,HRTF_B,36,0.945,7.53,-0.98,4,1
P006,HRTF_B,36,0.958,7.85,-0.93,4,1
P006,HRTF_B,36,0.972,8.23,-0.91,4,1
P006,HRTF_B,36,0.986,8.61,-0.87,4,1
P006,HRTF_B,36,1.0,9.09,-0.84,4,1
P006,HRTF_B,36,1.014,9.61,-0.74,4,1
P006,HRTF_B,36,1.028,10.23,-0.71,4,1
P006,HRTF_B,36,1.042,10.9,-0.74,4,1
P006,HRTF_B,36,1.056,11.65,-0.81,4,1
P006,HRTF_B,36,1.07,12.53,-0.98,4,1
P006,HRTF_B,36,1.083,13.49,-1.21,4,1
P006,HRTF_B,36,1.098,14.44,-1.37,4,1
P006,HRTF_B,36,1.111,15.42,-1.5,4,1
P006,HRTF_B,36,1.125,16.46,-1.59,4,1
P006,HRTF_B,36,1.139,17.46,-1.61,4,1
P006,HRTF_B,36,1.153,18.51,-1.63,4,1
P006,HRTF_B,36,1.168,19.59,-1.48,4,1
P006,HRTF_B,36,1.181,20.68,-1.36,4,1
P006,HRTF_B,36,1.194,21.69,-1.21,4,1
P006,HRTF_B,36,1.208,22.75,-0.99,4,1
P006,HRTF_B,36,1.222,23.79,-0.76,4,1
P006,HRTF_B,36,1.236,24.81,-0.57,4,1
P006,HRTF_B,36,1.25,25.74,-0.46,4,1
P006,HRTF_B,36,1.264,26.66,-0.4,4,1
P006,HRTF_B,36,1.279,27.48,-0.37,4,1
P006,HRTF_B,36,1.292,28.38,-0.37,4,1
P006,HRTF_B,36,1.306,29.27,-0.44,4,1
P006,HRTF_B,36,1.319,30.17,-0.49,4,1
P006,HRTF_B,36,1.334,31.07,-0.6,4,1
P006,HRTF_B,36,1.347,31.97,-0.7,4,1
P006,HRTF_B,36,1.361,32.82,-0.8,4,1
P006,HRTF_B,36,1.375,33.73,-0.86,4,1
P006,HRTF_B,36,1.391,34.64,-0.85,4,1
P006,HRTF_B,36,1.404,36.45,-0.81,4,1
P006,HRTF_B,36,1.418,36.47,-0.76,4,1
P006,HRTF_B,36,1.432,37.37,-0.64,4,1
P006,HRTF_B,36,1.445,38.38,-0.53,4,1
P006,HRTF_B,36,1.459,39.44,-0.43,4,1
P006,HRTF_B,36,1.473,40.47,-0.3,4,1
P006,HRTF_B,37,0.014,-1.99,2.86,30,1
P006,HRTF_B,37,0.028,-2.02,2.81,30,1
P006,HRTF_B,37,0.042,-2.03,2.82,30,1
P006,HRTF_B,37,0.056,-2.06,2.81,30,1
P006,HRTF_B,37,0.069,-2.07,2.77,30,1
P006,HRTF_B,37,0.083,-2.11,2.64,30,1
P006,HRTF_B,37,0.097,-2.16,2.53,30,1
P006,HRTF_B,37,0.111,-2.21,2.46,30,1
P006,HRTF_B,37,0.125,-2.27,2.39,30,1
P006,HRTF_B,37,0.139,-2.34,2.36,30,1
P006,HRTF_B,37,0.153,-2.4,2.35,30,1
P006,HRTF_B,37,0.167,-2.49,2.31,30,1
P006,HRTF_B,37,0.181,-2.58,2.27,30,1
P006,HRTF_B,37,0.195,-2.65,2.22,30,1
P006,HRTF_B,37,0.208,-2.74,2.18,30,1
P006,HRTF_B,37,0.222,-2.82,2.15,30,1
P006,HRTF_B,37,0.236,-2.88,2.14,30,1
P006,HRTF_B,37,0.25,-2.96,2.14,30,1
P006,HRTF_B,37,0.264,-3.03,2.13,30,1
P006,HRTF_B,37,0.278,-3.13,2.14,30,1
P006,HRTF_B,37,0.292,-3.21,2.16,30,1
P006,HRTF_B,37,0.306,-3.31,2.2,30,1
P006,HRTF_B,37,0.32,-3.4,2.24,30,1
P006,HRTF_B,37,0.333,-3.5,2.31,30,1
P006,HRTF_B,37,0.347,-3.6,2.38,30,1
P006,HRTF_B,37,0.361,-3.7,2.43,30,1
P006,HRTF_B,37,0.375,-3.79,2.5,30,1
P006,HRTF_B,37,0.389,-3.89,2.54,30,1
P006,HRTF_B,37,0.403,-3.96,2.57,30,1
P006,HRTF_B,37,0.417,-4.03,2.59,30,1
P006,HRTF_B,37,0.431,-4.1,2.64,30,1
P006,HRTF_B,37,0.444,-4.16,2.7,30,1
P006,HRTF_B,37,0.459,-4.23,2.73,30,1
P006,HRTF_B,37,0.472,-4.27,2.77,30,1
P006,HRTF_B,37,0.486,-4.3,2.78,30,1
P006,HRTF_B,37,0.5,-4.34,2.79,30,1
P006,HRTF_B,37,0.514,-4.35,2.79,30,1
P006,HRTF_B,37,0.528,-4.37,2.78,30,1
P006,HRTF_B,37,0.542,-4.38,2.76,30,1
P006,HRTF_B,37,0.556,-4.4,2.75,30,1
P006,HRTF_B,37,0.57,-4.4,2.73,30,1
P006,HRTF_B,37,0.584,-4.4,2.72,30,1
P006,HRTF_B,37,0.597,-4.4,2.71,30,1
P006,HRTF_B,37,0.611,-4.39,2.7,30,1
P006,HRTF_B,37,0.625,-4.37,2.7,30,1
P006,HRTF_B,37,0.64,-4.36,2.69,30,1
P006,HRTF_B,37,0.653,-4.33,2.69,30,1
P006,HRTF_B,37,0.667,-4.29,2.67,30,1
P006,HRTF_B,37,0.681,-4.24,2.68,30,1
P006,HRTF_B,37,0.694,-4.19,2.68,30,1
P006,HRTF_B,37,0.709,-4.15,2.68,30,1
P006,HRTF_B,37,0.722,-4.1,2.69,30,1
P006,HRTF_B,37,0.736,-4.04,2.71,30,1
P006,HRTF_B,37,0.75,-4.01,2.72,30,1
P006,HRTF_B,37,0.764,-3.96,2.75,30,1
P006,HRTF_B,37,0.778,-3.93,2.78,30,1
P006,HRTF_B,37,0.792,-3.85,2.8,30,1
P006,HRTF_B,37,0.806,-3.81,2.81,30,1
P006,HRTF_B,37,0.82,-3.75,2.82,30,1
P006,HRTF_B,37,0.834,-3.71,2.8,30,1
P006,HRTF_B,37,0.847,-3.66,2.79,30,1
P006,HRTF_B,37,0.861,-3.62,2.77,30,1
P006,HRTF_B,37,0.875,-3.58,2.78,30,1
P006,HRTF_B,37,0.889,-3.54,2.81,30,1
P006,HRTF_B,37,0.903,-3.5,2.85,30,1
P006,HRTF_B,37,0.917,-3.49,2.88,30,1
P006,HRTF_B,37,0.931,-3.52,2.89,30,1
P006,HRTF_B,37,0.945,-3.57,2.92,30,1
P006,HRTF_B,37,0.959,-3.66,2.97,30,1
P006,HRTF_B,37,0.972,-3.8,3.0,30,1
P006,HRTF_B,37,0.986,-4.06,3.03,30,1
P006,HRTF_B,37,1.0,-4.43,3.03,30,1
P006,HRTF_B,37,1.014,-4.86,3.0,30,1
P006,HRTF_B,37,1.028,-5.51,2.9,30,1
P006,HRTF_B,37,1.042,-6.28,2.75,30,1
P006,HRTF_B,37,1.056,-7.15,2.6,30,1
P006,HRTF_B,37,1.07,-8.31,2.44,30,1
P006,HRTF_B,37,1.083,-9.41,2.34,30,1
P006,HRTF_B,37,1.097,-10.68,2.31,30,1
P006,HRTF_B,37,1.111,-11.9,2.38,30,1
P006,HRTF_B,37,1.125,-13.22,2.43,30,1
P006,HRTF_B,37,1.139,-14.57,2.44,30,1
P006,HRTF_B,37,1.153,-16.04,2.5,30,1
P006,HRTF_B,37,1.167,-17.43,2.55,30,1
P006,HRTF_B,37,1.181,-18.91,2.55,30,1
P006,HRTF_B,37,1.194,-20.4,2.51,30,1
P006,HRTF_B,37,1.208,-21.97,2.44,30,1
P006,HRTF_B,37,1.222,-23.67,2.4,30,1
P006,HRTF_B,37,1.236,-25.41,2.34,30,1
P006,HRTF_B,37,1.25,-27.11,2.28,30,1
P006,HRTF_B,37,1.264,-28.8,2.24,30,1
P006,HRTF_B,37,1.278,-30.54,2.13,30,1
P006,HRTF_B,37,1.292,-32.27,1.99,30,1
P006,HRTF_B,37,1.305,-34.02,1.71,30,1
P006,HRTF_B,37,1.319,-35.73,1.44,30,1
P006,HRTF_B,37,1.333,-37.42,1.13,30,1
P006,HRTF_B,37,1.347,-39.06,0.96,30,1
P006,HRTF_B,37,1.361,-40.71,0.79,30,1
P006,HRTF_B,37,1.375,-42.26,0.6,30,1
P006,HRTF_B,37,1.389,-43.83,0.5,30,1
P006,HRTF_B,38,0.013,2.74,-0.18,28,1
P006,HRTF_B,38,0.027,2.9,-0.12,28,1
P006,HRTF_B,38,0.041,3.01,-0.07,28,1
P006,HRTF_B,38,0.055,3.13,0.0,28,1
P006,HRTF_B,38,0.069,3.23,0.06,28,1
P006,HRTF_B,38,0.083,3.33,0.1,28,1
P006,HRTF_B,38,0.098,3.37,0.15,28,1
P006,HRTF_B,38,0.111,3.44,0.2,28,1
P006,HRTF_B,38,0.125,3.49,0.25,28,1
P006,HRTF_B,38,0.139,3.53,0.29,28,1
P006,HRTF_B,38,0.153,3.56,0.36,28,1
P006,HRTF_B,38,0.167,3.59,0.41,28,1
P006,HRTF_B,38,0.18,3.6,0.45,28,1
P006,HRTF_B,38,0.194,3.6,0.5,28,1
P006,HRTF_B,38,0.208,3.61,0.55,28,1
P006,HRTF_B,38,0.222,3.62,0.59,28,1
P006,HRTF_B,38,0.236,3.63,0.61,28,1
P006,HRTF_B,38,0.25,3.63,0.64,28,1
P006,HRTF_B,38,0.264,3.62,0.63,28,1
P006,HRTF_B,38,0.278,3.62,0.64,28,1
P006,HRTF_B,38,0.292,3.62,0.65,28,1
P006,HRTF_B,38,0.306,3.64,0.66,28,1
P006,HRTF_B,38,0.32,3.66,0.67,28,1
P006,HRTF_B,38,0.333,3.67,0.68,28,1
P006,HRTF_B,38,0.348,3.7,0.72,28,1
P006,HRTF_B,38,0.361,3.7,0.76,28,1
P006,HRTF_B,38,0.375,3.72,0.79,28,1
P006,HRTF_B,38,0.389,3.74,0.81,28,1
P006,HRTF_B,38,0.403,3.76,0.82,28,1
P006,HRTF_B,38,0.417,3.77,0.8,28,1
P006,HRTF_B,38,0.431,3.77,0.78,28,1
P006,HRTF_B,38,0.445,3.78,0.78,28,1
P006,HRTF_B,38,0.459,3.77,0.77,28,1
P006,HRTF_B,38,0.473,3.77,0.77,28,1
P006,HRTF_B,38,0.487,3.76,0.77,28,1
P006,HRTF_B,38,0.501,3.76,0.77,28,1
P006,HRTF_B,38,0.514,3.76,0.78,28,1
P006,HRTF_B,38,0.528,3.75,0.78,28,1
P006,HRTF_B,38,0.542,3.75,0.78,28,1
P006,HRTF_B,38,0.556,3.75,0.75,28,1
P006,HRTF_B,38,0.57,3.74,0.72,28,1
P006,HRTF_B,38,0.584,3.73,0.69,28,1
P006,HRTF_B,38,0.598,3.72,0.67,28,1
P006,HRTF_B,38,0.612,3.72,0.63,28,1
P006,HRTF_B,38,0.626,3.7,0.6,28,1
P006,HRTF_B,38,0.64,3.71,0.58,28,1
P006,HRTF_B,38,0.654,3.7,0.56,28,1
P006,HRTF_B,38,0.667,3.69,0.54,28,1
P006,HRTF_B,38,0.681,3.7,0.54,28,1
P006,HRTF_B,38,0.695,3.68,0.54,28,1
P006,HRTF_B,38,0.709,3.66,0.54,28,1
P006,HRTF_B,38,0.723,3.64,0.54,28,1
P006,HRTF_B,38,0.737,3.6,0.55,28,1
P006,HRTF_B,38,0.751,3.56,0.55,28,1
P006,HRTF_B,38,0.765,3.49,0.56,28,1
P006,HRTF_B,38,0.779,3.44,0.55,28,1
P006,HRTF_B,38,0.792,3.38,0.57,28,1
P006,HRTF_B,38,0.806,3.31,0.57,28,1
P006,HRTF_B,38,0.82,3.23,0.57,28,1
P006,HRTF_B,38,0.834,3.1,0.58,28,1
P006,HRTF_B,38,0.848,2.97,0.6,28,1
P006,HRTF_B,38,0.862,2.8,0.62,28,1
P006,HRTF_B,38,0.876,2.6,0.65,28,1
P006,HRTF_B,38,0.89,2.38,0.7,28,1
P006,HRTF_B,38,0.904,2.12,0.73,28,1
P006,HRTF_B,38,0.918,1.83,0.73,28,1
P006,HRTF_B,38,0.931,1.46,0.71,28,1
P006,HRTF_B,38,0.945,1.05,0.71,28,1
P006,HRTF_B,38,0.959,0.59,0.67,28,1
P006,HRTF_B,38,0.973,0.07,0.68,28,1
P006,HRTF_B,38,0.987,-0.46,0.66,28,1
P006,HRTF_B,38,1.001,-1.01,0.65,28,1
P006,HRTF_B,38,1.015,-1.75,0.65,28,1
P006,HRTF_B,38,1.029,-2.52,0.64,28,1
P006,HRTF_B,38,1.043,-3.32,0.67,28,1
P006,HRTF_B,38,1.057,-4.13,0.74,28,1
P006,HRTF_B,38,1.071,-4.95,0.84,28,1
P006,HRTF_B,38,1.085,-5.75,0.96,28,1
P006,HRTF_B,38,1.098,-6.63,1.12,28,1
P006,HRTF_B,38,1.112,-7.52,1.37,28,1
P006,HRTF_B,38,1.126,-8.45,1.62,28,1
P006,HRTF_B,38,1.14,-9.42,1.88,28,1
P006,HRTF_B,38,1.154,-10.49,2.18,28,1
P006,HRTF_B,38,1.168,-11.56,2.44,28,1
P006,HRTF_B,38,1.182,-12.72,2.6,28,1
P006,HRTF_B,38,1.196,-13.98,2.67,28,1
P006,HRTF_B,38,1.21,-15.29,2.71,28,1
P006,HRTF_B,38,1.224,-16.63,2.74,28,1
P006,HRTF_B,38,1.238,-18.05,2.79,28,1
P006,HRTF_B,38,1.251,-19.55,2.86,28,1
P006,HRTF_B,38,1.265,-21.13,2.94,28,1
P006,HRTF_B,38,1.279,-22.73,3.02,28,1
P006,HRTF_B,38,1.293,-24.33,3.1,28,1
P006,HRTF_B,38,1.307,-25.99,3.14,28,1
P006,HRTF_B,38,1.321,-27.64,3.19,28,1
P006,HRTF_B,38,1.335,-29.31,3.19,28,1
P006,HRTF_B,38,1.349,-30.95,3.14,28,1
P006,HRTF_B,38,1.363,-32.57,3.08,28,1
P006,HRTF_B,38,1.376,-34.15,2.86,28,1
P006,HRTF_B,38,1.39,-35.72,2.64,28,1
P006,HRTF_B,38,1.404,-37.29,2.42,28,1
P006,HRTF_B,38,1.418,-38.85,2.26,28,1
P006,HRTF_B,38,1.432,-40.43,2.1,28,1
P006,HRTF_B,38,1.446,-42.05,1.95,28,1
P006,HRTF_B,38,1.46,-43.64,1.82,28,1
P006,HRTF_B,38,1.474,-45.21,1.68,28,1
P006,HRTF_B,38,1.488,-46.82,1.61,28,1
P006,HRTF_B,39,0.014,1.5,4.34,31,1
P006,HRTF_B,39,0.028,1.85,4.37,31,1
P006,HRTF_B,39,0.042,2.17,4.36,31,1
P006,HRTF_B,39,0.056,2.45,4.33,31,1
P006,HRTF_B,39,0.069,2.73,4.36,31,1
P006,HRTF_B,39,0.083,3.0,4.36,31,1
P006,HRTF_B,39,0.097,3.21,4.36,31,1
P006,HRTF_B,39,0.111,3.46,4.38,31,1
P006,HRTF_B,39,0.125,3.68,4.42,31,1
P006,HRTF_B,39,0.139,3.89,4.43,31,1
P006,HRTF_B,39,0.153,4.08,4.44,31,1
P006,HRTF_B,39,0.17,4.27,4.43,31,1
P006,HRTF_B,39,0.184,4.45,4.42,31,1
P006,HRTF_B,39,0.198,4.6,4.42,31,1
P006,HRTF_B,39,0.212,4.76,4.43,31,1
P006,HRTF_B,39,0.234,4.91,4.45,31,1
P006,HRTF_B,39,0.25,5.07,4.49,31,1
P006,HRTF_B,39,0.264,5.39,4.54,31,1
P006,HRTF_B,39,0.278,5.55,4.53,31,1
P006,HRTF_B,39,0.292,5.71,4.5,31,1
P006,HRTF_B,39,0.306,5.87,4.48,31,1
P006,HRTF_B,39,0.32,6.02,4.48,31,1
P006,HRTF_B,39,0.334,6.18,4.48,31,1
P006,HRTF_B,39,0.347,6.34,4.49,31,1
P006,HRTF_B,39,0.361,6.51,4.51,31,1
P006,HRTF_B,39,0.375,6.67,4.55,31,1
P006,HRTF_B,39,0.389,6.84,4.58,31,1
P006,HRTF_B,39,0.403,7.01,4.6,31,1
P006,HRTF_B,39,0.417,7.18,4.64,31,1
P006,HRTF_B,39,0.431,7.32,4.64,31,1
P006,HRTF_B,39,0.445,7.43,4.64,31,1
P006,HRTF_B,39,0.459,7.52,4.66,31,1
P006,HRTF_B,39,0.473,7.59,4.68,31,1
P006,HRTF_B,39,0.486,7.66,4.71,31,1
P006,HRTF_B,39,0.5,7.69,4.73,31,1
P006,HRTF_B,39,0.514,7.68,4.73,31,1
P006,HRTF_B,39,0.528,7.67,4.7,31,1
P006,HRTF_B,39,0.542,7.65,4.68,31,1
P006,HRTF_B,39,0.556,7.62,4.67,31,1
P006,HRTF_B,39,0.57,7.57,4.66,31,1
P006,HRTF_B,39,0.583,7.5,4.66,31,1
P006,HRTF_B,39,0.598,7.41,4.64,31,1
P006,HRTF_B,39,0.611,7.34,4.64,31,1
P006,HRTF_B,39,0.625,7.23,4.64,31,1
P006,HRTF_B,39,0.639,7.13,4.63,31,1
P006,HRTF_B,39,0.653,7.06,4.62,31,1
P006,HRTF_B,39,0.667,6.97,4.61,31,1
P006,HRTF_B,39,0.681,6.9,4.59,31,1
P006,HRTF_B,39,0.695,6.82,4.58,31,1
P006,HRTF_B,39,0.709,6.75,4.55,31,1
P006,HRTF_B,39,0.723,6.71,4.53,31,1
P006,HRTF_B,39,0.737,6.64,4.48,31,1
P006,HRTF_B,39,0.75,6.59,4.46,31,1
P006,HRTF_B,39,0.764,6.54,4.42,31,1
P006,HRTF_B,39,0.778,6.5,4.36,31,1
P006,HRTF_B,39,0.792,6.46,4.32,31,1
P006,HRTF_B,39,0.806,6.42,4.25,31,1
P006,HRTF_B,39,0.82,6.37,4.2,31,1
P006,HRTF_B,39,0.834,6.33,4.14,31,1
P006,HRTF_B,39,0.847,6.27,4.08,31,1
P006,HRTF_B,39,0.861,6.19,4.04,31,1
P006,HRTF_B,39,0.875,6.1,4.0,31,1
P006,HRTF_B,39,0.889,5.99,3.98,31,1
P006,HRTF_B,39,0.903,5.86,3.94,31,1
P006,HRTF_B,39,0.917,5.66,3.9,31,1
P006,HRTF_B,39,0.931,5.4,3.84,31,1
P006,HRTF_B,39,0.945,5.11,3.78,31,1
P006,HRTF_B,39,0.959,4.69,3.71,31,1
P006,HRTF_B,39,0.972,4.25,3.63,31,1
P006,HRTF_B,39,0.986,3.77,3.57,31,1
P006,HRTF_B,39,1.0,3.19,3.52,31,1
P006,HRTF_B,39,1.014,2.57,3.42,31,1
P006,HRTF_B,39,1.028,1.91,3.35,31,1
P006,HRTF_B,39,1.042,1.19,3.29,31,1
P006,HRTF_B,39,1.056,0.37,3.2,31,1
P006,HRTF_B,39,1.07,-0.45,3.11,31,1
P006,HRTF_B,39,1.084,-1.31,3.02,31,1
P006,HRTF_B,39,1.098,-2.22,2.89,31,1
P006,HRTF_B,39,1.112,-3.12,2.68,31,1
P006,HRTF_B,39,1.125,-4.09,2.14,31,1
P006,HRTF_B,39,1.139,-5.09,1.47,31,1
