ParticipantID,Phase,Trial,TimeStamp_sec,Yaw_deg,Pitch_deg,TargetNumber,isCorrect
P007,HRTF_A,0,0.014,-11.61,2.52,6,1
P007,HRTF_A,0,0.028,-11.75,2.4,6,1
P007,HRTF_A,0,0.042,-11.86,2.26,6,1
P007,HRTF_A,0,0.056,-11.88,2.18,6,1
P007,HRTF_A,0,0.07,-11.88,2.07,6,1
P007,HRTF_A,0,0.083,-11.83,2.0,6,1
P007,HRTF_A,0,0.097,-11.76,1.95,6,1
P007,HRTF_A,0,0.111,-11.67,1.91,6,1
P007,HRTF_A,0,0.125,-11.59,1.84,6,1
P007,HRTF_A,0,0.139,-11.49,1.77,6,1
P007,HRTF_A,0,0.153,-11.39,1.7,6,1
P007,HRTF_A,0,0.167,-11.34,1.63,6,1
P007,HRTF_A,0,0.181,-11.31,1.57,6,1
P007,HRTF_A,0,0.194,-11.27,1.55,6,1
P007,HRTF_A,0,0.209,-11.23,1.52,6,1
P007,HRTF_A,0,0.222,-11.23,1.49,6,1
P007,HRTF_A,0,0.236,-11.26,1.49,6,1
P007,HRTF_A,0,0.25,-11.36,1.52,6,1
P007,HRTF_A,0,0.264,-11.51,1.53,6,1
P007,HRTF_A,0,0.278,-11.73,1.52,6,1
P007,HRTF_A,0,0.292,-12.01,1.52,6,1
P007,HRTF_A,0,0.306,-12.33,1.53,6,1
P007,HRTF_A,0,0.319,-12.7,1.58,6,1
P007,HRTF_A,0,0.334,-13.11,1.65,6,1
P007,HRTF_A,0,0.347,-13.56,1.77,6,1
P007,HRTF_A,0,0.361,-14.02,1.94,6,1
P007,HRTF_A,0,0.375,-14.49,2.1,6,1
P007,HRTF_A,0,0.389,-14.96,2.23,6,1
P007,HRTF_A,0,0.403,-15.44,2.33,6,1
P007,HRTF_A,0,0.417,-15.91,2.48,6,1
P007,HRTF_A,0,0.43,-16.39,2.73,6,1
P007,HRTF_A,0,0.444,-16.89,3.13,6,1
P007,HRTF_A,0,0.458,-17.4,3.42,6,1
P007,HRTF_A,0,0.472,-17.9,3.85,6,1
P007,HRTF_A,0,0.486,-18.34,4.29,6,1
P007,HRTF_A,0,0.5,-18.74,4.74,6,1
P007,HRTF_A,0,0.514,-19.09,5.2,6,1
P007,HRTF_A,0,0.528,-19.43,5.66,6,1
P007,HRTF_A,0,0.542,-19.79,6.07,6,1
P007,HRTF_A,0,0.556,-20.16,6.43,6,1
P007,HRTF_A,0,0.57,-20.53,6.77,6,1
P007,HRTF_A,0,0.584,-20.86,7.08,6,1
P007,HRTF_A,0,0.597,-21.19,7.34,6,1
P007,HRTF_A,0,0.611,-21.53,7.57,6,1
P007,HRTF_A,0,0.625,-21.9,7.7,6,1
P007,HRTF_A,0,0.639,-22.33,7.82,6,1
P007,HRTF_A,0,0.653,-22.71,7.92,6,1
P007,HRTF_A,0,0.667,-23.08,7.97,6,1
P007,HRTF_A,0,0.68,-23.5,8.01,6,1
P007,HRTF_A,0,0.695,-23.94,7.92,6,1
P007,HRTF_A,0,0.708,-24.37,7.74,6,1
P007,HRTF_A,0,0.722,-24.7,7.57,6,1
P007,HRTF_A,0,0.736,-24.96,7.43,6,1
P007,HRTF_A,0,0.75,-25.21,7.32,6,1
P007,HRTF_A,0,0.764,-25.49,7.24,6,1
P007,HRTF_A,0,0.778,-25.85,7.19,6,1
P007,HRTF_A,0,0.791,-26.24,7.16,6,1
P007,HRTF_A,0,0.806,-26.62,7.2,6,1
P007,HRTF_A,0,0.82,-27.01,7.28,6,1
P007,HRTF_A,0,0.833,-27.4,7.39,6,1
P007,HRTF_A,0,0.847,-27.77,7.4,6,1
P007,HRTF_A,0,0.861,-28.1,7.29,6,1
P007,HRTF_A,0,0.875,-28.34,7.15,6,1
P007,HRTF_A,0,0.889,-28.5,6.97,6,1
P007,HRTF_A,0,0.903,-28.57,6.73,6,1
P007,HRTF_A,0,0.916,-28.56,6.28,6,1
P007,HRTF_A,0,0.93,-28.38,5.61,6,1
P007,HRTF_A,0,0.944,-28.02,4.7,6,1
P007,HRTF_A,0,0.958,-27.42,3.6,6,1
P007,HRTF_A,0,0.972,-26.69,2.31,6,1
P007,HRTF_A,0,0.986,-25.76,0.73,6,1
P007,HRTF_A,0,1.0,-24.69,-1.06,6,1
P007,HRTF_A,0,1.014,-23.48,-2.99,6,1
P007,HRTF_A,0,1.028,-22.12,-4.82,6,1
P007,HRTF_A,0,1.042,-20.67,-6.67,6,1
P007,HRTF_A,0,1.056,-19.2,-8.49,6,1
P007,HRTF_A,0,1.07,-17.67,-10.17,6,1
P007,HRTF_A,0,1.083,-16.05,-11.78,6,1
P007,HRTF_A,0,1.097,-14.39,-13.2,6,1
P007,HRTF_A,0,1.111,-12.65,-14.5,6,1
P007,HRTF_A,0,1.125,-10.91,-15.65,6,1
P007,HRTF_A,0,1.139,-9.19,-16.72,6,1
P007,HRTF_A,0,1.153,-7.54,-17.83,6,1
P007,HRTF_A,0,1.167,-5.9,-18.84,6,1
P007,HRTF_A,0,1.181,-4.25,-20.04,6,1
P007,HRTF_A,0,1.195,-2.64,-21.0,6,1
P007,HRTF_A,0,1.209,-0.99,-22.01,6,1
P007,HRTF_A,0,1.223,0.61,-23.09,6,1
P007,HRTF_A,0,1.236,2.17,-24.2,6,1
P007,HRTF_A,0,1.25,3.69,-25.2,6,1
P007,HRTF_A,0,1.264,5.15,-26.01,6,1
P007,HRTF_A,0,1.278,6.69,-26.71,6,1
P007,HRTF_A,0,1.292,8.23,-27.33,6,1
P007,HRTF_A,0,1.306,9.74,-28.01,6,1
P007,HRTF_A,0,1.32,11.24,-28.59,6,1
P007,HRTF_A,0,1.334,12.64,-29.25,6,1
P007,HRTF_A,0,1.347,14.0,-29.83,6,1
P007,HRTF_A,0,1.361,15.57,-30.36,6,1
P007,HRTF_A,0,1.375,16.98,-30.98,6,1
P007,HRTF_A,0,1.389,18.29,-31.59,6,1
P007,HRTF_A,0,1.403,19.44,-32.16,6,1
P007,HRTF_A,0,1.417,20.66,-32.67,6,1
P007,HRTF_A,0,1.431,21.86,-33.06,6,1
P007,HRTF_A,0,1.445,22.94,-33.43,6,1
P007,HRTF_A,0,1.459,24.09,-33.77,6,1
P007,HRTF_A,0,1.473,25.3,-33.77,6,1
P007,HRTF_A,0,1.486,26.39,-33.9,6,1
P007,HRTF_A,0,1.5,27.49,-33.99,6,1
P007,HRTF_A,0,1.514,28.58,-33.95,6,1
P007,HRTF_A,0,1.528,29.85,-33.71,6,1
P007,HRTF_A,0,1.542,30.97,-33.53,6,1
P007,HRTF_A,0,1.556,32.17,-33.33,6,1
P007,HRTF_A,0,1.57,33.29,-33.0,6,1
P007,HRTF_A,0,1.584,34.35,-32.78,6,1
P007,HRTF_A,0,1.598,35.36,-32.56,6,1
P007,HRTF_A,0,1.612,36.32,-32.39,6,1
P007,HRTF_A,0,1.625,37.32,-32.32,6,1
P007,HRTF_A,0,1.639,38.14,-32.13,6,1
P007,HRTF_A,0,1.653,38.92,-31.96,6,1
P007,HRTF_A,0,1.667,39.63,-31.8,6,1
P007,HRTF_A,0,1.681,40.34,-31.58,6,1
P007,HRTF_A,0,1.695,41.04,-31.35,6,1
P007,HRTF_A,0,1.709,41.7,-31.1,6,1
P007,HRTF_A,0,1.723,42.33,-30.88,6,1
P007,HRTF_A,0,1.736,42.9,-30.66,6,1
P007,HRTF_A,0,1.75,43.42,-30.48,6,1
P007,HRTF_A,0,1.764,43.86,-30.26,6,1
P007,HRTF_A,0,1.778,44.27,-30.06,6,1
P007,HRTF_A,0,1.792,44.65,-29.87,6,1
P007,HRTF_A,0,1.806,45.05,-29.7,6,1
P007,HRTF_A,0,1.82,45.37,-29.61,6,1
P007,HRTF_A,0,1.834,45.68,-29.57,6,1
P007,HRTF_A,0,1.848,45.95,-29.56,6,1
P007,HRTF_A,0,1.862,46.11,-29.53,6,1
P007,HRTF_A,0,1.875,46.29,-29.47,6,1
P007,HRTF_A,0,1.889,46.44,-29.46,6,1
P007,HRTF_A,0,1.903,46.59,-29.43,6,1
P007,HRTF_A,1,0.014,-4.18,0.5,28,1
P007,HRTF_A,1,0.027,-4.48,0.49,28,1
P007,HRTF_A,1,0.041,-4.79,0.44,28,1
P007,HRTF_A,1,0.055,-5.08,0.33,28,1
P007,HRTF_A,1,0.069,-5.35,0.26,28,1
P007,HRTF_A,1,0.083,-5.5,0.06,28,1
P007,HRTF_A,1,0.097,-5.64,-0.12,28,1
P007,HRTF_A,1,0.111,-5.74,-0.3,28,1
P007,HRTF_A,1,0.125,-5.81,-0.49,28,1
P007,HRTF_A,1,0.138,-5.87,-0.74,28,1
P007,HRTF_A,1,0.152,-5.92,-1.0,28,1
P007,HRTF_A,1,0.166,-5.99,-1.28,28,1
P007,HRTF_A,1,0.18,-6.05,-1.45,28,1
P007,HRTF_A,1,0.194,-6.15,-1.58,28,1
P007,HRTF_A,1,0.208,-6.24,-1.65,28,1
P007,HRTF_A,1,0.222,-6.36,-1.74,28,1
P007,HRTF_A,1,0.235,-6.48,-1.83,28,1
P007,HRTF_A,1,0.25,-6.63,-1.87,28,1
P007,HRTF_A,1,0.263,-6.88,-1.86,28,1
P007,HRTF_A,1,0.277,-7.29,-1.82,28,1
P007,HRTF_A,1,0.291,-7.91,-1.79,28,1
P007,HRTF_A,1,0.305,-8.71,-1.73,28,1
P007,HRTF_A,1,0.319,-9.73,-1.58,28,1
P007,HRTF_A,1,0.333,-10.85,-1.53,28,1
P007,HRTF_A,1,0.347,-12.06,-1.52,28,1
P007,HRTF_A,1,0.361,-13.41,-1.61,28,1
P007,HRTF_A,1,0.374,-14.91,-1.74,28,1
P007,HRTF_A,1,0.388,-16.59,-1.85,28,1
P007,HRTF_A,1,0.402,-18.41,-2.02,28,1
P007,HRTF_A,1,0.416,-20.3,-2.19,28,1
P007,HRTF_A,1,0.43,-22.13,-2.33,28,1
P007,HRTF_A,1,0.444,-23.94,-2.51,28,1
P007,HRTF_A,1,0.458,-25.75,-2.65,28,1
P007,HRTF_A,1,0.472,-27.58,-2.72,28,1
P007,HRTF_A,1,0.486,-29.45,-2.7,28,1
P007,HRTF_A,1,0.499,-31.33,-2.6,28,1
P007,HRTF_A,1,0.513,-33.18,-2.41,28,1
P007,HRTF_A,1,0.528,-34.99,-2.16,28,1
P007,HRTF_A,1,0.541,-36.73,-1.89,28,1
P007,HRTF_A,1,0.555,-38.39,-1.58,28,1
P007,HRTF_A,1,0.569,-39.95,-1.28,28,1
P007,HRTF_A,2,0.014,-6.96,-3.74,22,1
P007,HRTF_A,2,0.027,-6.26,-3.59,22,1
P007,HRTF_A,2,0.042,-5.51,-3.58,22,1
P007,HRTF_A,2,0.056,-4.74,-3.43,22,1
P007,HRTF_A,2,0.07,-3.99,-3.29,22,1
P007,HRTF_A,2,0.083,-3.23,-3.14,22,1
P007,HRTF_A,2,0.097,-2.47,-2.94,22,1
P007,HRTF_A,2,0.111,-1.67,-2.94,22,1
P007,HRTF_A,2,0.125,-0.83,-3.0,22,1
P007,HRTF_A,2,0.139,0.03,-3.11,22,1
P007,HRTF_A,2,0.153,0.88,-3.25,22,1
P007,HRTF_A,2,0.166,1.74,-3.41,22,1
P007,HRTF_A,2,0.18,2.58,-3.63,22,1
P007,HRTF_A,2,0.194,3.48,-4.06,22,1
P007,HRTF_A,2,0.208,4.48,-4.61,22,1
P007,HRTF_A,2,0.222,5.48,-5.17,22,1
P007,HRTF_A,2,0.236,6.53,-5.67,22,1
P007,HRTF_A,2,0.251,7.52,-6.11,22,1
P007,HRTF_A,2,0.264,8.48,-6.69,22,1
P007,HRTF_A,2,0.278,9.4,-7.49,22,1
P007,HRTF_A,2,0.291,10.33,-8.46,22,1
P007,HRTF_A,2,0.305,11.27,-9.59,22,1
P007,HRTF_A,2,0.319,12.25,-10.72,22,1
P007,HRTF_A,2,0.333,13.27,-11.78,22,1
P007,HRTF_A,2,0.347,14.25,-12.81,22,1
P007,HRTF_A,2,0.361,15.22,-13.83,22,1
P007,HRTF_A,2,0.375,16.15,-14.89,22,1
P007,HRTF_A,2,0.388,17.05,-16.04,22,1
P007,HRTF_A,2,0.403,18.03,-17.12,22,1
P007,HRTF_A,2,0.417,19.06,-18.3,22,1
P007,HRTF_A,2,0.43,20.09,-19.32,22,1
P007,HRTF_A,2,0.445,21.11,-20.34,22,1
P007,HRTF_A,2,0.458,22.11,-21.29,22,1
P007,HRTF_A,2,0.472,23.14,-22.28,22,1
P007,HRTF_A,2,0.486,24.24,-23.26,22,1
P007,HRTF_A,2,0.5,25.31,-24.27,22,1
P007,HRTF_A,2,0.514,26.42,-25.19,22,1
P007,HRTF_A,2,0.528,27.44,-26.03,22,1
P007,HRTF_A,2,0.542,28.52,-26.71,22,1
P007,HRTF_A,2,0.555,29.55,-27.35,22,1
P007,HRTF_A,2,0.569,30.57,-27.98,22,1
P007,HRTF_A,2,0.583,31.51,-28.6,22,1
P007,HRTF_A,2,0.597,32.35,-29.15,22,1
P007,HRTF_A,2,0.611,33.04,-29.65,22,1
P007,HRTF_A,2,0.625,33.55,-30.04,22,1
P007,HRTF_A,2,0.639,33.88,-30.31,22,1
P007,HRTF_A,2,0.653,34.04,-30.43,22,1
P007,HRTF_A,2,0.667,34.11,-30.36,22,1
P007,HRTF_A,2,0.68,34.06,-30.08,22,1
P007,HRTF_A,2,0.694,33.88,-29.8,22,1
P007,HRTF_A,2,0.708,33.53,-29.6,22,1
P007,HRTF_A,2,0.722,32.88,-29.49,22,1
P007,HRTF_A,2,0.736,32.22,-29.04,22,1
P007,HRTF_A,2,0.75,31.3,-28.66,22,1
P007,HRTF_A,2,0.764,30.2,-28.1,22,1
P007,HRTF_A,2,0.778,28.77,-27.55,22,1
P007,HRTF_A,2,0.791,27.12,-27.0,22,1
P007,HRTF_A,2,0.805,25.32,-26.5,22,1
P007,HRTF_A,2,0.819,23.4,-26.05,22,1
P007,HRTF_A,2,0.833,21.36,-25.56,22,1
P007,HRTF_A,2,0.847,19.25,-24.87,22,1
P007,HRTF_A,2,0.861,17.1,-24.2,22,1
P007,HRTF_A,2,0.875,14.76,-23.51,22,1
P007,HRTF_A,2,0.888,12.21,-22.94,22,1
P007,HRTF_A,2,0.903,9.62,-22.35,22,1
P007,HRTF_A,2,0.917,7.04,-21.69,22,1
P007,HRTF_A,2,0.93,4.48,-21.04,22,1
P007,HRTF_A,2,0.944,1.89,-20.35,22,1
P007,HRTF_A,2,0.958,-0.6,-19.73,22,1
P007,HRTF_A,2,0.972,-3.02,-19.15,22,1
P007,HRTF_A,2,0.986,-5.4,-18.61,22,1
P007,HRTF_A,2,1.0,-7.73,-18.19,22,1
P007,HRTF_A,2,1.014,-9.92,-17.82,22,1
P007,HRTF_A,2,1.027,-11.93,-17.51,22,1
P007,HRTF_A,2,1.041,-13.77,-17.22,22,1
P007,HRTF_A,2,1.055,-15.43,-17.02,22,1
P007,HRTF_A,2,1.069,-16.95,-16.84,22,1
P007,HRTF_A,2,1.083,-18.36,-16.68,22,1
P007,HRTF_A,2,1.097,-19.63,-16.54,22,1
P007,HRTF_A,2,1.11,-20.77,-16.37,22,1
P007,HRTF_A,2,1.124,-21.74,-16.16,22,1
P007,HRTF_A,2,1.138,-22.56,-15.88,22,1
P007,HRTF_A,2,1.152,-23.28,-15.62,22,1
P007,HRTF_A,2,1.166,-23.92,-15.41,22,1
P007,HRTF_A,2,1.18,-24.54,-15.28,22,1
P007,HRTF_A,2,1.194,-25.1,-15.2,22,1
P007,HRTF_A,2,1.208,-25.62,-15.07,22,1
P007,HRTF_A,2,1.222,-26.07,-14.93,22,1
P007,HRTF_A,2,1.235,-26.51,-14.83,22,1
P007,HRTF_A,2,1.25,-26.95,-14.79,22,1
P007,HRTF_A,2,1.264,-27.38,-14.78,22,1
P007,HRTF_A,2,1.277,-27.81,-14.85,22,1
P007,HRTF_A,2,1.291,-28.2,-14.95,22,1
P007,HRTF_A,2,1.305,-28.55,-15.08,22,1
P007,HRTF_A,2,1.319,-28.89,-15.25,22,1
P007,HRTF_A,2,1.333,-29.24,-15.44,22,1
P007,HRTF_A,2,1.347,-29.58,-15.7,22,1
P007,HRTF_A,2,1.361,-29.87,-16.01,22,1
P007,HRTF_A,2,1.375,-30.12,-16.32,22,1
P007,HRTF_A,2,1.388,-30.36,-16.65,22,1
P007,HRTF_A,2,1.402,-30.61,-16.97,22,1
P007,HRTF_A,2,1.416,-30.82,-17.39,22,1
P007,HRTF_A,2,1.43,-31.08,-17.92,22,1
P007,HRTF_A,2,1.444,-31.34,-18.48,22,1
P007,HRTF_A,2,1.458,-31.61,-19.1,22,1
P007,HRTF_A,2,1.472,-31.89,-19.72,22,1
P007,HRTF_A,2,1.486,-32.18,-20.31,22,1
P007,HRTF_A,2,1.499,-32.56,-20.97,22,1
P007,HRTF_A,2,1.513,-32.96,-21.67,22,1
P007,HRTF_A,2,1.527,-33.42,-22.5,22,1
P007,HRTF_A,2,1.541,-33.94,-23.32,22,1
P007,HRTF_A,2,1.555,-34.51,-24.13,22,1
P007,HRTF_A,2,1.569,-35.13,-24.93,22,1
P007,HRTF_A,2,1.583,-35.8,-25.67,22,1
P007,HRTF_A,2,1.597,-36.56,-26.36,22,1
P007,HRTF_A,2,1.611,-37.36,-27.08,22,1
P007,HRTF_A,2,1.624,-38.17,-27.77,22,1
P007,HRTF_A,2,1.638,-38.97,-28.38,22,1
P007,HRTF_A,2,1.652,-39.74,-28.92,22,1
P007,HRTF_A,2,1.667,-40.53,-29.33,22,1
P007,HRTF_A,2,1.68,-41.34,-29.72,22,1
P007,HRTF_A,2,1.694,-42.21,-30.03,22,1
P007,HRTF_A,2,1.708,-43.16,-30.36,22,1
P007,HRTF_A,2,1.722,-44.13,-30.69,22,1
P007,HRTF_A,2,1.735,-45.08,-30.99,22,1
P007,HRTF_A,2,1.75,-46.01,-31.21,22,1
P007,HRTF_A,2,1.763,-46.96,-31.38,22,1
P007,HRTF_A,2,1.777,-47.9,-31.51,22,1
P007,HRTF_A,2,1.791,-48.79,-31.66,22,1
P007,HRTF_A,2,1.805,-49.68,-31.8,22,1
P007,HRTF_A,2,1.819,-50.57,-31.94,22,1
P007,HRTF_A,2,1.833,-51.44,-32.05,22,1
P007,HRTF_A,2,1.846,-52.31,-32.09,22,1
P007,HRTF_A,2,1.86,-53.19,-32.03,22,1
P007,HRTF_A,2,1.874,-54.11,-31.94,22,1
P007,HRTF_A,2,1.888,-55.05,-31.84,22,1
P007,HRTF_A,2,1.902,-56.01,-31.75,22,1
P007,HRTF_A,2,1.916,-57.03,-31.74,22,1
P007,HRTF_A,2,1.93,-58.11,-31.76,22,1
P007,HRTF_A,2,1.944,-59.2,-31.84,22,1
P007,HRTF_A,2,1.958,-60.32,-31.87,22,1
P007,HRTF_A,2,1.972,-61.49,-31.95,22,1
P007,HRTF_A,2,1.986,-62.66,-32.07,22,1
P007,HRTF_A,2,1.999,-63.89,-32.15,22,1
P007,HRTF_A,2,2.013,-65.13,-32.2,22,1
P007,HRTF_A,2,2.027,-66.4,-32.16,22,1
P007,HRTF_A,2,2.041,-67.7,-32.08,22,1
P007,HRTF_A,2,2.055,-69.12,-31.94,22,1
P007,HRTF_A,2,2.069,-70.55,-31.81,22,1
P007,HRTF_A,2,2.083,-72.08,-31.67,22,1
P007,HRTF_A,2,2.097,-73.63,-31.52,22,1
P007,HRTF_A,2,2.111,-75.2,-31.36,22,1
P007,HRTF_A,2,2.124,-76.75,-31.19,22,1
P007,HRTF_A,2,2.138,-78.32,-30.97,22,1
P007,HRTF_A,2,2.152,-79.91,-30.73,22,1
P007,HRTF_A,2,2.166,-81.51,-30.44,22,1
P007,HRTF_A,2,2.18,-83.15,-30.13,22,1
P007,HRTF_A,2,2.194,-84.76,-29.83,22,1
P007,HRTF_A,2,2.208,-86.37,-29.55,22,1
P007,HRTF_A,2,2.222,-87.98,-29.28,22,1
P007,HRTF_A,2,2.235,-89.62,-28.99,22,1
P007,HRTF_A,2,2.249,-91.23,-28.69,22,1
P007,HRTF_A,2,2.264,-92.85,-28.34,22,1
P007,HRTF_A,2,2.278,-94.47,-28.03,22,1
P007,HRTF_A,2,2.291,-96.17,-27.75,22,1
P007,HRTF_A,2,2.305,-97.91,-27.46,22,1
P007,HRTF_A,2,2.319,-99.65,-27.09,22,1
P007,HRTF_A,2,2.333,-101.34,-26.61,22,1
P007,HRTF_A,2,2.347,-103.01,-26.09,22,1
P007,HRTF_A,2,2.361,-104.67,-25.6,22,1
P007,HRTF_A,2,2.374,-106.32,-25.2,22,1
P007,HRTF_A,2,2.388,-107.89,-24.91,22,1
P007,HRTF_A,2,2.403,-109.38,-24.72,22,1
P007,HRTF_A,2,2.416,-110.78,-24.58,22,1
P007,HRTF_A,2,2.43,-112.18,-24.57,22,1
P007,HRTF_A,2,2.444,-113.56,-24.62,22,1
P007,HRTF_A,2,2.458,-114.87,-24.69,22,1
P007,HRTF_A,2,2.471,-116.08,-24.8,22,1
P007,HRTF_A,2,2.485,-117.17,-24.93,22,1
P007,HRTF_A,2,2.499,-118.21,-25.05,22,1
P007,HRTF_A,2,2.514,-119.17,-25.11,22,1
P007,HRTF_A,2,2.527,-120.06,-25.13,22,1
P007,HRTF_A,2,2.541,-120.9,-25.14,22,1
P007,HRTF_A,2,2.555,-121.7,-25.21,22,1
P007,HRTF_A,2,2.569,-122.45,-25.29,22,1
P007,HRTF_A,2,2.583,-123.15,-25.33,22,1
P007,HRTF_A,2,2.596,-123.8,-25.3,22,1
P007,HRTF_A,2,2.611,-124.4,-25.18,22,1
P007,HRTF_A,2,2.625,-124.99,-25.09,22,1
P007,HRTF_A,2,2.639,-125.57,-25.03,22,1
P007,HRTF_A,2,2.652,-126.15,-24.99,22,1
P007,HRTF_A,2,2.666,-126.66,-24.96,22,1
P007,HRTF_A,2,2.68,-127.1,-24.86,22,1
P007,HRTF_A,2,2.694,-127.45,-24.75,22,1
P007,HRTF_A,2,2.708,-127.73,-24.66,22,1
P007,HRTF_A,2,2.722,-127.97,-24.61,22,1
P007,HRTF_A,2,2.736,-128.16,-24.59,22,1
P007,HRTF_A,2,2.75,-128.35,-24.58,22,1
P007,HRTF_A,2,2.764,-128.49,-24.54,22,1
P007,HRTF_A,2,2.777,-128.62,-24.45,22,1
P007,HRTF_A,2,2.791,-128.72,-24.35,22,1
P007,HRTF_A,2,2.805,-128.85,-24.3,22,1
P007,HRTF_A,3,0.013,-7.34,0.23,4,1
P007,HRTF_A,3,0.027,-6.67,0.15,4,1
P007,HRTF_A,3,0.041,-5.95,0.09,4,1
P007,HRTF_A,3,0.055,-5.24,0.01,4,1
P007,HRTF_A,3,0.069,-4.52,-0.04,4,1
P007,HRTF_A,3,0.083,-3.78,-0.1,4,1
P007,HRTF_A,3,0.097,-3.01,-0.18,4,1
P007,HRTF_A,3,0.111,-2.21,-0.29,4,1
P007,HRTF_A,3,0.124,-1.38,-0.39,4,1
P007,HRTF_A,3,0.138,-0.53,-0.44,4,1
P007,HRTF_A,3,0.152,0.36,-0.48,4,1
P007,HRTF_A,3,0.166,1.26,-0.52,4,1
P007,HRTF_A,3,0.18,2.18,-0.57,4,1
P007,HRTF_A,3,0.194,3.16,-0.68,4,1
P007,HRTF_A,3,0.208,4.15,-0.79,4,1
P007,HRTF_A,3,0.222,5.17,-0.91,4,1
P007,HRTF_A,3,0.236,6.13,-1.0,4,1
P007,HRTF_A,3,0.249,7.1,-1.1,4,1
P007,HRTF_A,3,0.263,8.04,-1.19,4,1
P007,HRTF_A,3,0.277,8.98,-1.29,4,1
P007,HRTF_A,3,0.293,9.92,-1.4,4,1
P007,HRTF_A,3,0.305,10.83,-1.47,4,1
P007,HRTF_A,3,0.319,11.71,-1.51,4,1
P007,HRTF_A,3,0.333,12.61,-1.57,4,1
P007,HRTF_A,3,0.347,13.46,-1.65,4,1
P007,HRTF_A,3,0.36,14.32,-1.7,4,1
P007,HRTF_A,3,0.375,15.19,-1.77,4,1
P007,HRTF_A,3,0.388,16.04,-1.83,4,1
P007,HRTF_A,3,0.402,16.88,-1.85,4,1
P007,HRTF_A,3,0.416,17.71,-1.91,4,1
P007,HRTF_A,3,0.43,18.56,-1.97,4,1
P007,HRTF_A,3,0.444,19.38,-2.03,4,1
P007,HRTF_A,3,0.458,20.21,-2.09,4,1
P007,HRTF_A,3,0.472,20.99,-2.14,4,1
P007,HRTF_A,3,0.486,21.79,-2.15,4,1
P007,HRTF_A,3,0.499,22.52,-2.16,4,1
P007,HRTF_A,3,0.513,23.24,-2.18,4,1
P007,HRTF_A,3,0.527,23.94,-2.19,4,1
P007,HRTF_A,3,0.541,24.61,-2.17,4,1
P007,HRTF_A,3,0.555,25.26,-2.17,4,1
P007,HRTF_A,3,0.569,25.91,-2.16,4,1
P007,HRTF_A,3,0.583,26.54,-2.12,4,1
P007,HRTF_A,3,0.597,27.18,-2.05,4,1
P007,HRTF_A,3,0.611,27.77,-1.9,4,1
P007,HRTF_A,3,0.625,28.41,-1.71,4,1
P007,HRTF_A,3,0.638,29.04,-1.46,4,1
P007,HRTF_A,3,0.652,29.69,-1.11,4,1
P007,HRTF_A,4,0.014,-5.83,0.25,17,1
P007,HRTF_A,4,0.028,-6.43,0.25,17,1
P007,HRTF_A,4,0.042,-7.07,0.12,17,1
P007,HRTF_A,4,0.055,-7.74,-0.14,17,1
P007,HRTF_A,4,0.069,-8.42,-0.51,17,1
P007,HRTF_A,4,0.083,-9.14,-0.93,17,1
P007,HRTF_A,4,0.097,-9.89,-1.41,17,1
P007,HRTF_A,4,0.111,-10.7,-1.95,17,1
P007,HRTF_A,4,0.124,-11.59,-2.6,17,1
P007,HRTF_A,4,0.138,-12.53,-3.24,17,1
P007,HRTF_A,4,0.152,-13.47,-3.83,17,1
P007,HRTF_A,4,0.166,-14.45,-4.32,17,1
P007,HRTF_A,4,0.18,-15.4,-4.73,17,1
P007,HRTF_A,4,0.194,-16.34,-5.12,17,1
P007,HRTF_A,4,0.208,-17.28,-5.45,17,1
P007,HRTF_A,4,0.222,-18.17,-5.67,17,1
P007,HRTF_A,4,0.236,-19.05,-5.81,17,1
P007,HRTF_A,4,0.25,-19.9,-5.88,17,1
P007,HRTF_A,4,0.264,-20.71,-5.87,17,1
P007,HRTF_A,4,0.277,-21.52,-5.89,17,1
P007,HRTF_A,4,0.291,-22.3,-6.02,17,1
P007,HRTF_A,4,0.305,-23.07,-6.15,17,1
P007,HRTF_A,4,0.319,-23.84,-6.34,17,1
P007,HRTF_A,4,0.333,-24.62,-6.5,17,1
P007,HRTF_A,4,0.347,-25.37,-6.66,17,1
P007,HRTF_A,4,0.361,-26.15,-6.86,17,1
P007,HRTF_A,4,0.374,-26.98,-7.01,17,1
P007,HRTF_A,4,0.388,-27.85,-7.1,17,1
P007,HRTF_A,4,0.402,-28.74,-7.12,17,1
P007,HRTF_A,4,0.416,-29.65,-7.1,17,1
P007,HRTF_A,4,0.43,-30.55,-7.01,17,1
P007,HRTF_A,4,0.444,-31.48,-6.91,17,1
P007,HRTF_A,4,0.458,-32.46,-6.81,17,1
P007,HRTF_A,4,0.472,-33.46,-6.65,17,1
P007,HRTF_A,4,0.486,-34.54,-6.48,17,1
P007,HRTF_A,4,0.499,-35.67,-6.26,17,1
P007,HRTF_A,4,0.514,-36.83,-5.95,17,1
P007,HRTF_A,4,0.527,-38.05,-5.62,17,1
P007,HRTF_A,4,0.541,-39.29,-5.16,17,1
P007,HRTF_A,4,0.555,-40.6,-4.58,17,1
P007,HRTF_A,4,0.569,-41.96,-3.92,17,1
P007,HRTF_A,4,0.583,-43.3,-3.25,17,1
P007,HRTF_A,4,0.596,-44.62,-2.79,17,1
P007,HRTF_A,4,0.61,-45.88,-2.67,17,1
P007,HRTF_A,4,0.624,-47.09,-2.85,17,1
P007,HRTF_A,4,0.638,-48.33,-3.17,17,1
P007,HRTF_A,4,0.652,-49.59,-3.5,17,1
P007,HRTF_A,4,0.666,-50.89,-3.84,17,1
P007,HRTF_A,4,0.683,-52.13,-4.2,17,1
P007,HRTF_A,4,0.694,-53.3,-4.68,17,1
P007,HRTF_A,4,0.708,-54.43,-5.28,17,1
P007,HRTF_A,4,0.722,-55.55,-5.9,17,1
P007,HRTF_A,4,0.735,-56.61,-6.47,17,1
P007,HRTF_A,4,0.749,-57.62,-7.02,17,1
P007,HRTF_A,4,0.763,-58.58,-7.61,17,1
P007,HRTF_A,4,0.777,-59.54,-8.29,17,1
P007,HRTF_A,4,0.791,-60.55,-9.05,17,1
P007,HRTF_A,4,0.805,-61.55,-9.86,17,1
P007,HRTF_A,4,0.819,-62.47,-10.72,17,1
P007,HRTF_A,4,0.833,-63.34,-11.7,17,1
P007,HRTF_A,4,0.847,-64.1,-12.89,17,1
P007,HRTF_A,4,0.861,-64.79,-14.38,17,1
P007,HRTF_A,4,0.874,-65.45,-15.95,17,1
P007,HRTF_A,4,0.888,-66.07,-17.58,17,1
P007,HRTF_A,4,0.902,-66.63,-19.19,17,1
P007,HRTF_A,4,0.916,-67.13,-20.81,17,1
P007,HRTF_A,4,0.93,-67.51,-22.38,17,1
P007,HRTF_A,4,0.944,-67.77,-23.84,17,1
P007,HRTF_A,4,0.958,-68.01,-25.15,17,1
P007,HRTF_A,4,0.972,-68.26,-26.31,17,1
P007,HRTF_A,4,0.986,-68.54,-27.36,17,1
P007,HRTF_A,4,1.0,-68.81,-28.35,17,1
P007,HRTF_A,4,1.013,-68.99,-29.23,17,1
P007,HRTF_A,4,1.027,-69.12,-30.11,17,1
P007,HRTF_A,4,1.041,-69.19,-30.95,17,1
P007,HRTF_A,4,1.055,-69.24,-31.82,17,1
P007,HRTF_A,4,1.069,-69.3,-32.7,17,1
P007,HRTF_A,4,1.083,-69.34,-33.59,17,1
P007,HRTF_A,4,1.097,-69.35,-34.38,17,1
P007,HRTF_A,4,1.111,-69.32,-35.1,17,1
P007,HRTF_A,4,1.125,-69.25,-35.73,17,1
P007,HRTF_A,4,1.139,-69.17,-36.37,17,1
P007,HRTF_A,4,1.153,-69.06,-36.98,17,1
P007,HRTF_A,4,1.166,-68.84,-37.55,17,1
P007,HRTF_A,4,1.18,-68.56,-38.04,17,1
P007,HRTF_A,4,1.194,-68.26,-38.48,17,1
P007,HRTF_A,4,1.208,-67.92,-38.94,17,1
P007,HRTF_A,4,1.222,-67.58,-39.41,17,1
P007,HRTF_A,4,1.236,-67.22,-39.85,17,1
P007,HRTF_A,4,1.249,-66.78,-40.24,17,1
P007,HRTF_A,4,1.263,-66.25,-40.58,17,1
P007,HRTF_A,4,1.277,-65.64,-40.86,17,1
P007,HRTF_A,4,1.291,-64.98,-41.17,17,1
P007,HRTF_A,4,1.305,-64.26,-41.55,17,1
P007,HRTF_A,4,1.319,-63.51,-41.99,17,1
P007,HRTF_A,4,1.333,-62.66,-42.45,17,1
P007,HRTF_A,4,1.346,-61.73,-42.88,17,1
P007,HRTF_A,4,1.361,-60.77,-43.26,17,1
P007,HRTF_A,4,1.375,-59.79,-43.59,17,1
P007,HRTF_A,4,1.388,-58.76,-43.88,17,1
P007,HRTF_A,4,1.402,-57.67,-44.07,17,1
P007,HRTF_A,4,1.417,-56.51,-44.18,17,1
P007,HRTF_A,4,1.43,-55.28,-44.18,17,1
P007,HRTF_A,4,1.444,-54.08,-44.14,17,1
P007,HRTF_A,4,1.458,-52.95,-44.07,17,1
P007,HRTF_A,4,1.472,-51.9,-44.07,17,1
P007,HRTF_A,4,1.486,-50.93,-44.1,17,1
P007,HRTF_A,4,1.5,-50.02,-44.1,17,1
P007,HRTF_A,4,1.514,-49.18,-44.05,17,1
P007,HRTF_A,4,1.528,-48.43,-43.93,17,1
P007,HRTF_A,4,1.542,-47.75,-43.71,17,1
P007,HRTF_A,4,1.555,-47.12,-43.45,17,1
P007,HRTF_A,4,1.569,-46.5,-43.13,17,1
P007,HRTF_A,4,1.583,-45.88,-42.77,17,1
P007,HRTF_A,4,1.597,-45.24,-42.42,17,1
P007,HRTF_A,4,1.611,-44.61,-42.11,17,1
P007,HRTF_A,4,1.625,-43.99,-41.83,17,1
P007,HRTF_A,4,1.638,-43.4,-41.58,17,1
P007,HRTF_A,4,1.652,-42.81,-41.34,17,1
P007,HRTF_A,4,1.666,-42.21,-41.12,17,1
P007,HRTF_A,4,1.68,-41.58,-40.92,17,1
P007,HRTF_A,4,1.694,-40.97,-40.74,17,1
P007,HRTF_A,4,1.708,-40.48,-40.57,17,1
P007,HRTF_A,4,1.722,-40.04,-40.37,17,1
P007,HRTF_A,4,1.736,-39.69,-40.17,17,1
P007,HRTF_A,4,1.749,-39.34,-39.98,17,1
P007,HRTF_A,4,1.764,-39.02,-39.81,17,1
P007,HRTF_A,4,1.777,-38.72,-39.65,17,1
P007,HRTF_A,4,1.792,-38.44,-39.49,17,1
P007,HRTF_A,4,1.805,-38.2,-39.32,17,1
P007,HRTF_A,4,1.819,-37.97,-39.13,17,1
P007,HRTF_A,4,1.833,-37.74,-38.93,17,1
P007,HRTF_A,4,1.847,-37.53,-38.72,17,1
P007,HRTF_A,4,1.861,-37.35,-38.51,17,1
P007,HRTF_A,4,1.875,-37.23,-38.3,17,1
P007,HRTF_A,4,1.888,-37.18,-38.07,17,1
P007,HRTF_A,4,1.902,-37.18,-37.82,17,1
P007,HRTF_A,4,1.916,-37.2,-37.55,17,1
P007,HRTF_A,4,1.93,-37.31,-37.27,17,1
P007,HRTF_A,4,1.944,-37.47,-37.01,17,1
P007,HRTF_A,4,1.958,-37.66,-36.78,17,1
P007,HRTF_A,4,1.972,-37.88,-36.61,17,1
P007,HRTF_A,4,1.986,-38.1,-36.45,17,1
P007,HRTF_A,4,2.0,-38.34,-36.3,17,1
P007,HRTF_A,4,2.014,-38.63,-36.18,17,1
P007,HRTF_A,4,2.027,-38.99,-36.03,17,1
P007,HRTF_A,4,2.041,-39.41,-35.85,17,1
P007,HRTF_A,4,2.055,-39.89,-35.69,17,1
P007,HRTF_A,4,2.069,-40.4,-35.5,17,1
P007,HRTF_A,4,2.083,-40.93,-35.36,17,1
P007,HRTF_A,4,2.097,-41.48,-35.26,17,1
P007,HRTF_A,4,2.111,-42.08,-35.17,17,1
P007,HRTF_A,4,2.125,-42.73,-35.11,17,1
P007,HRTF_A,4,2.138,-43.44,-35.07,17,1
P007,HRTF_A,4,2.152,-44.14,-35.04,17,1
P007,HRTF_A,4,2.166,-44.89,-35.03,17,1
P007,HRTF_A,4,2.18,-45.61,-35.06,17,1
P007,HRTF_A,4,2.194,-46.4,-35.12,17,1
P007,HRTF_A,4,2.208,-47.21,-35.17,17,1
P007,HRTF_A,4,2.222,-48.05,-35.21,17,1
P007,HRTF_A,4,2.236,-48.94,-35.24,17,1
P007,HRTF_A,4,2.25,-49.88,-35.29,17,1
P007,HRTF_A,4,2.264,-50.88,-35.34,17,1
P007,HRTF_A,4,2.278,-51.94,-35.39,17,1
P007,HRTF_A,4,2.291,-53.08,-35.4,17,1
P007,HRTF_A,4,2.305,-54.27,-35.42,17,1
P007,HRTF_A,4,2.319,-55.46,-35.48,17,1
P007,HRTF_A,4,2.333,-56.63,-35.6,17,1
P007,HRTF_A,4,2.347,-57.84,-35.78,17,1
P007,HRTF_A,4,2.361,-59.09,-35.96,17,1
P007,HRTF_A,4,2.375,-60.39,-36.06,17,1
P007,HRTF_A,4,2.388,-61.71,-36.09,17,1
P007,HRTF_A,4,2.402,-63.06,-36.06,17,1
P007,HRTF_A,4,2.416,-64.41,-36.02,17,1
P007,HRTF_A,4,2.43,-65.79,-36.01,17,1
P007,HRTF_A,4,2.444,-67.18,-36.03,17,1
P007,HRTF_A,4,2.458,-68.55,-36.04,17,1
P007,HRTF_A,4,2.472,-69.93,-36.02,17,1
P007,HRTF_A,4,2.486,-71.31,-35.97,17,1
P007,HRTF_A,4,2.499,-72.67,-35.95,17,1
P007,HRTF_A,4,2.513,-74.07,-35.96,17,1
P007,HRTF_A,4,2.528,-75.45,-36.03,17,1
P007,HRTF_A,4,2.541,-76.84,-36.1,17,1
P007,HRTF_A,4,2.555,-78.17,-36.16,17,1
P007,HRTF_A,4,2.569,-79.53,-36.21,17,1
P007,HRTF_A,4,2.583,-80.92,-36.28,17,1
P007,HRTF_A,4,2.597,-82.38,-36.32,17,1
P007,HRTF_A,4,2.611,-83.9,-36.27,17,1
P007,HRTF_A,4,2.625,-85.46,-36.08,17,1
P007,HRTF_A,4,2.64,-87.07,-35.66,17,1
P007,HRTF_A,4,2.653,-88.74,-35.02,17,1
P007,HRTF_A,4,2.666,-90.47,-34.16,17,1
P007,HRTF_A,4,2.68,-92.27,-33.11,17,1
P007,HRTF_A,4,2.694,-94.1,-31.94,17,1
P007,HRTF_A,4,2.708,-95.88,-30.8,17,1
P007,HRTF_A,4,2.722,-97.61,-29.83,17,1
P007,HRTF_A,4,2.736,-99.28,-29.02,17,1
P007,HRTF_A,4,2.749,-100.91,-28.35,17,1
P007,HRTF_A,4,2.764,-102.55,-27.69,17,1
P007,HRTF_A,4,2.777,-104.22,-26.97,17,1
P007,HRTF_A,4,2.791,-105.92,-26.32,17,1
P007,HRTF_A,4,2.805,-107.69,-25.7,17,1
P007,HRTF_A,4,2.819,-109.48,-25.08,17,1
P007,HRTF_A,4,2.833,-111.35,-24.49,17,1
P007,HRTF_A,4,2.847,-113.21,-23.88,17,1
P007,HRTF_A,4,2.861,-115.06,-23.31,17,1
P007,HRTF_A,4,2.875,-116.9,-22.75,17,1
P007,HRTF_A,4,2.888,-118.73,-22.27,17,1
P007,HRTF_A,4,2.903,-120.58,-21.87,17,1
P007,HRTF_A,4,2.916,-122.4,-21.49,17,1
P007,HRTF_A,4,2.93,-124.15,-21.09,17,1
P007,HRTF_A,4,2.944,-125.81,-20.72,17,1
P007,HRTF_A,4,2.958,-127.39,-20.36,17,1
P007,HRTF_A,4,2.972,-128.97,-20.11,17,1
P007,HRTF_A,4,2.986,-130.5,-19.9,17,1
P007,HRTF_A,4,2.999,-131.97,-19.73,17,1
P007,HRTF_A,4,3.013,-133.39,-19.55,17,1
P007,HRTF_A,4,3.027,-134.78,-19.31,17,1
P007,HRTF_A,4,3.041,-136.13,-19.04,17,1
P007,HRTF_A,4,3.055,-137.39,-18.79,17,1
P007,HRTF_A,4,3.069,-138.68,-18.55,17,1
P007,HRTF_A,4,3.083,-139.88,-18.33,17,1
P007,HRTF_A,4,3.097,-141.04,-18.03,17,1
P007,HRTF_A,4,3.111,-142.16,-17.73,17,1
P007,HRTF_A,4,3.124,-143.24,-17.38,17,1
P007,HRTF_A,4,3.138,-144.3,-16.97,17,1
P007,HRTF_A,4,3.152,-145.37,-16.62,17,1
P007,HRTF_A,4,3.166,-146.39,-16.29,17,1
P007,HRTF_A,4,3.18,-147.39,-15.95,17,1
P007,HRTF_A,4,3.194,-148.35,-15.58,17,1
P007,HRTF_A,4,3.208,-149.27,-15.23,17,1
P007,HRTF_A,4,3.222,-150.18,-14.85,17,1
P007,HRTF_A,4,3.236,-151.11,-14.52,17,1
P007,HRTF_A,4,3.249,-152.05,-14.2,17,1
P007,HRTF_A,4,3.264,-152.96,-13.91,17,1
P007,HRTF_A,4,3.277,-153.83,-13.61,17,1
P007,HRTF_A,4,3.293,-154.61,-13.22,17,1
P007,HRTF_A,4,3.305,-155.4,-12.83,17,1
P007,HRTF_A,4,3.319,-156.2,-12.48,17,1
P007,HRTF_A,4,3.333,-157.08,-12.11,17,1
P007,HRTF_A,4,3.347,-157.91,-11.74,17,1
P007,HRTF_A,4,3.361,-158.69,-11.3,17,1
P007,HRTF_A,4,3.375,-159.39,-10.78,17,1
P007,HRTF_A,4,3.389,-160.03,-10.24,17,1
P007,HRTF_A,4,3.402,-160.69,-9.75,17,1
P007,HRTF_A,4,3.416,-161.36,-9.28,17,1
P007,HRTF_A,4,3.43,-162.01,-8.84,17,1
P007,HRTF_A,4,3.444,-162.61,-8.44,17,1
P007,HRTF_A,4,3.458,-163.14,-8.0,17,1
P007,HRTF_A,4,3.472,-163.62,-7.56,17,1
P007,HRTF_A,4,3.486,-164.04,-7.14,17,1
P007,HRTF_A,4,3.5,-164.45,-6.75,17,1
P007,HRTF_A,4,3.513,-164.85,-6.4,17,1
P007,HRTF_A,4,3.528,-165.29,-6.11,17,1
P007,HRTF_A,4,3.541,-165.77,-5.86,17,1
P007,HRTF_A,4,3.555,-166.23,-5.68,17,1
P007,HRTF_A,4,3.569,-166.69,-5.56,17,1
P007,HRTF_A,4,3.583,-167.16,-5.48,17,1
P007,HRTF_A,4,3.596,-167.64,-5.37,17,1
P007,HRTF_A,4,3.61,-168.12,-5.24,17,1
P007,HRTF_A,4,3.625,-168.58,-5.05,17,1
P007,HRTF_A,4,3.638,-169.06,-4.86,17,1
P007,HRTF_A,4,3.652,-169.52,-4.69,17,1
P007,HRTF_A,4,3.666,-169.99,-4.55,17,1
P007,HRTF_A,4,3.68,-170.46,-4.45,17,1
P007,HRTF_A,4,3.694,-170.94,-4.34,17,1
P007,HRTF_A,4,3.708,-171.42,-4.21,17,1
P007,HRTF_A,4,3.722,-171.87,-4.08,17,1
P007,HRTF_A,4,3.735,-172.29,-4.01,17,1
P007,HRTF_A,4,3.749,-172.7,-3.98,17,1
P007,HRTF_A,4,3.763,-173.08,-3.98,17,1
P007,HRTF_A,4,3.777,-173.48,-3.94,17,1
P007,HRTF_A,4,3.791,-173.88,-3.85,17,1
P007,HRTF_A,4,3.805,-174.26,-3.74,17,1
P007,HRTF_A,4,3.819,-174.63,-3.64,17,1
P007,HRTF_A,4,3.833,-174.99,-3.56,17,1
P007,HRTF_A,4,3.847,-175.34,-3.5,17,1
P007,HRTF_A,4,3.861,-175.67,-3.43,17,1
P007,HRTF_A,4,3.874,-176.04,-3.36,17,1
P007,HRTF_A,4,3.888,-176.4,-3.3,17,1
P007,HRTF_A,4,3.902,-176.74,-3.23,17,1
P007,HRTF_A,4,3.916,-177.07,-3.18,17,1
P007,HRTF_A,4,3.93,-177.38,-3.16,17,1
P007,HRTF_A,4,3.944,-177.69,-3.13,17,1
P007,HRTF_A,4,3.958,-177.99,-3.13,17,1
P007,HRTF_A,4,3.971,-178.31,-3.14,17,1
P007,HRTF_A,4,3.985,-178.6,-3.17,17,1
P007,HRTF_A,4,3.999,-178.87,-3.19,17,1
P007,HRTF_A,4,4.013,-179.1,-3.21,17,1
P007,HRTF_A,4,4.027,-179.32,-3.24,17,1
P007,HRTF_A,5,0.014,-4.93,1.13,13,1
P007,HRTF_A,5,0.028,-4.18,1.12,13,1
P007,HRTF_A,5,0.042,-3.43,1.1,13,1
P007,HRTF_A,5,0.056,-2.68,1.05,13,1
P007,HRTF_A,5,0.07,-1.93,0.97,13,1
P007,HRTF_A,5,0.083,-1.2,0.88,13,1
P007,HRTF_A,5,0.097,-0.5,0.76,13,1
P007,HRTF_A,5,0.111,0.17,0.65,13,1
P007,HRTF_A,5,0.125,0.83,0.57,13,1
P007,HRTF_A,5,0.139,1.48,0.48,13,1
P007,HRTF_A,5,0.153,2.09,0.45,13,1
P007,HRTF_A,5,0.167,2.7,0.4,13,1
P007,HRTF_A,5,0.181,3.3,0.37,13,1
P007,HRTF_A,5,0.195,3.91,0.33,13,1
P007,HRTF_A,5,0.208,4.51,0.3,13,1
P007,HRTF_A,5,0.222,5.12,0.24,13,1
P007,HRTF_A,5,0.236,5.74,0.2,13,1
P007,HRTF_A,5,0.25,6.37,0.18,13,1
P007,HRTF_A,5,0.264,7.01,0.12,13,1
P007,HRTF_A,5,0.278,7.67,0.04,13,1
P007,HRTF_A,5,0.292,8.33,-0.06,13,1
P007,HRTF_A,5,0.306,8.98,-0.21,13,1
P007,HRTF_A,5,0.32,9.64,-0.36,13,1
P007,HRTF_A,5,0.333,10.31,-0.53,13,1
P007,HRTF_A,5,0.347,10.99,-0.67,13,1
P007,HRTF_A,5,0.361,11.69,-0.84,13,1
P007,HRTF_A,5,0.375,12.38,-0.95,13,1
P007,HRTF_A,5,0.389,13.09,-1.06,13,1
P007,HRTF_A,5,0.403,13.78,-1.17,13,1
P007,HRTF_A,5,0.417,14.48,-1.27,13,1
P007,HRTF_A,5,0.431,15.19,-1.35,13,1
P007,HRTF_A,5,0.445,15.9,-1.43,13,1
P007,HRTF_A,5,0.458,16.61,-1.5,13,1
P007,HRTF_A,5,0.472,17.31,-1.53,13,1
P007,HRTF_A,5,0.486,18.02,-1.54,13,1
P007,HRTF_A,5,0.5,18.7,-1.52,13,1
P007,HRTF_A,5,0.514,19.41,-1.5,13,1
P007,HRTF_A,5,0.528,20.1,-1.49,13,1
P007,HRTF_A,5,0.542,20.77,-1.46,13,1
P007,HRTF_A,5,0.555,21.43,-1.42,13,1
P007,HRTF_A,5,0.57,22.09,-1.39,13,1
P007,HRTF_A,5,0.583,22.71,-1.37,13,1
P007,HRTF_A,5,0.598,23.35,-1.36,13,1
P007,HRTF_A,5,0.611,23.95,-1.36,13,1
P007,HRTF_A,5,0.625,24.57,-1.41,13,1
P007,HRTF_A,5,0.639,25.17,-1.49,13,1
P007,HRTF_A,5,0.653,25.79,-1.61,13,1
P007,HRTF_A,5,0.667,26.45,-1.74,13,1
P007,HRTF_A,5,0.68,27.11,-1.84,13,1
P007,HRTF_A,5,0.695,27.78,-1.96,13,1
P007,HRTF_A,5,0.708,28.47,-2.16,13,1
P007,HRTF_A,5,0.722,29.16,-2.4,13,1
P007,HRTF_A,5,0.736,29.88,-2.68,13,1
P007,HRTF_A,5,0.75,30.62,-2.96,13,1
P007,HRTF_A,5,0.764,31.38,-3.22,13,1
P007,HRTF_A,5,0.778,32.15,-3.57,13,1
P007,HRTF_A,5,0.792,32.96,-4.0,13,1
P007,HRTF_A,5,0.805,33.8,-4.52,13,1
P007,HRTF_A,5,0.82,34.69,-5.08,13,1
P007,HRTF_A,5,0.833,35.61,-5.66,13,1
P007,HRTF_A,5,0.848,36.62,-6.33,13,1
P007,HRTF_A,5,0.861,37.69,-7.09,13,1
P007,HRTF_A,5,0.875,38.87,-7.88,13,1
P007,HRTF_A,5,0.889,40.16,-8.67,13,1
P007,HRTF_A,5,0.903,41.52,-9.43,13,1
P007,HRTF_A,5,0.917,42.9,-10.23,13,1
P007,HRTF_A,5,0.93,44.25,-11.07,13,1
P007,HRTF_A,5,0.945,45.64,-11.92,13,1
P007,HRTF_A,5,0.958,46.97,-12.75,13,1
P007,HRTF_A,5,0.972,48.3,-13.56,13,1
P007,HRTF_A,5,0.986,49.6,-14.34,13,1
P007,HRTF_A,5,1.0,50.88,-15.09,13,1
P007,HRTF_A,5,1.016,52.14,-15.78,13,1
P007,HRTF_A,5,1.028,53.39,-16.42,13,1
P007,HRTF_A,5,1.042,54.6,-17.01,13,1
P007,HRTF_A,5,1.055,55.77,-17.59,13,1
P007,HRTF_A,5,1.07,56.9,-18.09,13,1
P007,HRTF_A,5,1.084,57.98,-18.56,13,1
P007,HRTF_A,5,1.097,59.06,-19.03,13,1
P007,HRTF_A,5,1.111,60.12,-19.48,13,1
P007,HRTF_A,5,1.125,61.16,-19.9,13,1
P007,HRTF_A,5,1.139,62.19,-20.27,13,1
P007,HRTF_A,5,1.153,63.17,-20.65,13,1
P007,HRTF_A,5,1.167,64.13,-21.01,13,1
P007,HRTF_A,5,1.18,65.06,-21.33,13,1
P007,HRTF_A,5,1.194,65.97,-21.61,13,1
P007,HRTF_A,5,1.208,66.87,-21.88,13,1
P007,HRTF_A,5,1.222,67.75,-22.14,13,1
P007,HRTF_A,5,1.236,68.58,-22.39,13,1
P007,HRTF_A,5,1.25,69.39,-22.6,13,1
P007,HRTF_A,5,1.264,70.19,-22.76,13,1
P007,HRTF_A,5,1.278,70.99,-22.88,13,1
P007,HRTF_A,5,1.292,71.79,-22.98,13,1
P007,HRTF_A,5,1.306,72.57,-23.06,13,1
P007,HRTF_A,5,1.319,73.36,-23.15,13,1
P007,HRTF_A,5,1.334,74.15,-23.23,13,1
P007,HRTF_A,5,1.347,74.98,-23.29,13,1
P007,HRTF_A,5,1.361,75.81,-23.3,13,1
P007,HRTF_A,5,1.375,76.69,-23.25,13,1
P007,HRTF_A,5,1.389,77.57,-23.21,13,1
P007,HRTF_A,5,1.403,78.45,-23.16,13,1
P007,HRTF_A,5,1.417,79.36,-23.08,13,1
P007,HRTF_A,5,1.431,80.3,-22.99,13,1
P007,HRTF_A,5,1.445,81.28,-22.85,13,1
P007,HRTF_A,5,1.458,82.31,-22.69,13,1
P007,HRTF_A,5,1.472,83.41,-22.53,13,1
P007,HRTF_A,5,1.486,84.56,-22.36,13,1
P007,HRTF_A,5,1.5,85.74,-22.15,13,1
P007,HRTF_A,5,1.514,87.0,-21.96,13,1
P007,HRTF_A,5,1.528,88.29,-21.77,13,1
P007,HRTF_A,5,1.542,89.57,-21.52,13,1
P007,HRTF_A,5,1.556,90.89,-21.25,13,1
P007,HRTF_A,5,1.57,92.2,-21.01,13,1
P007,HRTF_A,5,1.583,93.53,-20.8,13,1
P007,HRTF_A,5,1.597,94.86,-20.63,13,1
P007,HRTF_A,5,1.611,96.16,-20.47,13,1
P007,HRTF_A,5,1.625,97.43,-20.32,13,1
P007,HRTF_A,5,1.639,98.64,-20.16,13,1
P007,HRTF_A,5,1.653,99.79,-20.0,13,1
P007,HRTF_A,5,1.667,100.9,-19.85,13,1
P007,HRTF_A,5,1.68,101.97,-19.7,13,1
P007,HRTF_A,5,1.694,103.03,-19.61,13,1
P007,HRTF_A,5,1.708,104.08,-19.52,13,1
P007,HRTF_A,5,1.723,105.11,-19.43,13,1
P007,HRTF_A,5,1.736,106.09,-19.35,13,1
P007,HRTF_A,5,1.75,107.06,-19.26,13,1
P007,HRTF_A,5,1.764,108.04,-19.2,13,1
P007,HRTF_A,5,1.778,109.03,-19.15,13,1
P007,HRTF_A,5,1.792,110.04,-19.16,13,1
P007,HRTF_A,5,1.806,111.07,-19.15,13,1
P007,HRTF_A,5,1.819,112.09,-19.14,13,1
P007,HRTF_A,5,1.833,113.14,-19.09,13,1
P007,HRTF_A,5,1.847,114.22,-19.01,13,1
P007,HRTF_A,5,1.861,115.32,-18.89,13,1
P007,HRTF_A,5,1.875,116.43,-18.76,13,1
P007,HRTF_A,5,1.889,117.49,-18.57,13,1
P007,HRTF_A,5,1.903,118.51,-18.32,13,1
P007,HRTF_A,5,1.917,119.45,-17.98,13,1
P007,HRTF_A,5,1.931,120.33,-17.51,13,1
P007,HRTF_A,5,1.945,121.14,-16.98,13,1
P007,HRTF_A,5,1.958,121.9,-16.42,13,1
P007,HRTF_A,5,1.972,122.67,-15.89,13,1
P007,HRTF_A,5,1.986,123.41,-15.37,13,1
P007,HRTF_A,5,2.0,124.11,-14.82,13,1
P007,HRTF_A,5,2.014,124.76,-14.16,13,1
P007,HRTF_A,5,2.028,125.3,-13.46,13,1
P007,HRTF_A,5,2.042,125.82,-12.72,13,1
P007,HRTF_A,5,2.056,126.28,-12.05,13,1
P007,HRTF_A,5,2.07,126.71,-11.44,13,1
P007,HRTF_A,5,2.084,127.08,-10.85,13,1
P007,HRTF_A,5,2.097,127.4,-10.26,13,1
P007,HRTF_A,5,2.111,127.63,-9.66,13,1
P007,HRTF_A,5,2.125,127.79,-9.16,13,1
P007,HRTF_A,5,2.139,127.95,-8.77,13,1
P007,HRTF_A,5,2.153,128.1,-8.5,13,1
P007,HRTF_A,5,2.166,128.29,-8.32,13,1
P007,HRTF_A,5,2.18,128.45,-8.14,13,1
P007,HRTF_A,5,2.194,128.62,-7.95,13,1
P007,HRTF_A,5,2.209,128.76,-7.77,13,1
P007,HRTF_A,5,2.223,128.95,-7.63,13,1
P007,HRTF_A,5,2.236,129.17,-7.5,13,1
P007,HRTF_A,5,2.249,129.45,-7.43,13,1
P007,HRTF_A,5,2.264,129.78,-7.34,13,1
P007,HRTF_A,5,2.277,130.09,-7.2,13,1
P007,HRTF_A,5,2.292,130.4,-7.0,13,1
P007,HRTF_A,5,2.305,130.76,-6.83,13,1
P007,HRTF_A,5,2.319,131.16,-6.67,13,1
P007,HRTF_A,5,2.333,131.65,-6.5,13,1
P007,HRTF_A,5,2.347,132.19,-6.35,13,1
P007,HRTF_A,5,2.361,132.77,-6.18,13,1
P007,HRTF_A,5,2.375,133.38,-5.96,13,1
P007,HRTF_A,5,2.389,134.01,-5.74,13,1
P007,HRTF_A,5,2.402,134.66,-5.54,13,1
P007,HRTF_A,6,0.014,-4.24,-2.77,5,1
P007,HRTF_A,6,0.027,-3.22,-2.77,5,1
P007,HRTF_A,6,0.041,-2.2,-2.79,5,1
P007,HRTF_A,6,0.055,-1.21,-2.77,5,1
P007,HRTF_A,6,0.069,-0.22,-2.76,5,1
P007,HRTF_A,6,0.083,0.76,-2.73,5,1
P007,HRTF_A,6,0.097,1.74,-2.71,5,1
P007,HRTF_A,6,0.11,2.73,-2.67,5,1
P007,HRTF_A,6,0.124,3.7,-2.67,5,1
P007,HRTF_A,6,0.138,4.69,-2.63,5,1
P007,HRTF_A,6,0.153,5.69,-2.62,5,1
P007,HRTF_A,6,0.166,6.7,-2.59,5,1
P007,HRTF_A,6,0.18,7.7,-2.55,5,1
P007,HRTF_A,6,0.194,8.74,-2.54,5,1
P007,HRTF_A,6,0.208,9.78,-2.52,5,1
P007,HRTF_A,6,0.222,10.83,-2.47,5,1
P007,HRTF_A,6,0.236,11.9,-2.43,5,1
P007,HRTF_A,6,0.249,12.98,-2.39,5,1
P007,HRTF_A,6,0.263,14.05,-2.36,5,1
P007,HRTF_A,6,0.278,15.12,-2.34,5,1
P007,HRTF_A,6,0.291,16.17,-2.33,5,1
P007,HRTF_A,6,0.305,17.21,-2.31,5,1
P007,HRTF_A,6,0.319,18.23,-2.29,5,1
P007,HRTF_A,6,0.333,19.27,-2.28,5,1
P007,HRTF_A,6,0.347,20.28,-2.26,5,1
P007,HRTF_A,6,0.36,21.3,-2.26,5,1
P007,HRTF_A,6,0.375,22.32,-2.25,5,1
P007,HRTF_A,6,0.388,23.31,-2.27,5,1
P007,HRTF_A,6,0.403,24.3,-2.3,5,1
P007,HRTF_A,6,0.416,25.29,-2.35,5,1
P007,HRTF_A,6,0.43,26.29,-2.39,5,1
P007,HRTF_A,6,0.446,27.3,-2.45,5,1
P007,HRTF_A,6,0.458,28.3,-2.5,5,1
P007,HRTF_A,6,0.472,29.31,-2.52,5,1
P007,HRTF_A,6,0.486,30.28,-2.58,5,1
P007,HRTF_A,6,0.5,31.28,-2.63,5,1
P007,HRTF_A,6,0.513,32.25,-2.67,5,1
P007,HRTF_A,6,0.527,33.21,-2.72,5,1
P007,HRTF_A,6,0.541,34.16,-2.72,5,1
P007,HRTF_A,6,0.556,35.1,-2.65,5,1
P007,HRTF_A,6,0.569,36.0,-2.57,5,1
P007,HRTF_A,6,0.583,36.91,-2.49,5,1
P007,HRTF_A,6,0.597,37.8,-2.42,5,1
P007,HRTF_A,6,0.611,38.67,-2.37,5,1
P007,HRTF_A,6,0.625,39.56,-2.32,5,1
P007,HRTF_A,6,0.638,40.43,-2.28,5,1
P007,HRTF_A,6,0.652,41.27,-2.24,5,1
P007,HRTF_A,6,0.666,42.1,-2.22,5,1
P007,HRTF_A,6,0.68,42.92,-2.18,5,1
P007,HRTF_A,6,0.694,43.74,-2.14,5,1
P007,HRTF_A,6,0.708,44.55,-2.13,5,1
P007,HRTF_A,6,0.722,45.38,-2.12,5,1
P007,HRTF_A,7,0.014,-6.78,-1.9,1,1
P007,HRTF_A,8,0.012,-8.29,0.92,30,1
P007,HRTF_A,9,0.013,-9.54,1.12,21,1
P007,HRTF_A,9,0.024,-8.75,1.1,21,1
P007,HRTF_A,9,0.041,-7.9,1.03,21,1
P007,HRTF_A,9,0.055,-7.02,0.95,21,1
P007,HRTF_A,9,0.069,-6.13,0.87,21,1
P007,HRTF_A,9,0.082,-5.25,0.76,21,1
P007,HRTF_A,9,0.097,-4.35,0.66,21,1
P007,HRTF_A,9,0.11,-3.46,0.54,21,1
P007,HRTF_A,9,0.124,-2.53,0.39,21,1
P007,HRTF_A,9,0.138,-1.58,0.24,21,1
P007,HRTF_A,9,0.152,-0.63,0.09,21,1
P007,HRTF_A,9,0.166,0.37,-0.09,21,1
P007,HRTF_A,9,0.18,1.36,-0.25,21,1
P007,HRTF_A,9,0.193,2.38,-0.41,21,1
P007,HRTF_A,9,0.207,3.38,-0.56,21,1
P007,HRTF_A,9,0.222,4.36,-0.68,21,1
P007,HRTF_A,9,0.235,5.36,-0.81,21,1
P007,HRTF_A,9,0.249,6.35,-0.94,21,1
P007,HRTF_A,9,0.263,7.35,-1.07,21,1
P007,HRTF_A,9,0.277,8.35,-1.22,21,1
P007,HRTF_A,9,0.291,9.35,-1.36,21,1
P007,HRTF_A,9,0.305,10.33,-1.52,21,1
P007,HRTF_A,9,0.319,11.29,-1.68,21,1
P007,HRTF_A,9,0.332,12.23,-1.82,21,1
P007,HRTF_A,9,0.347,13.16,-1.94,21,1
P007,HRTF_A,9,0.36,14.07,-2.09,21,1
P007,HRTF_A,9,0.374,15.01,-2.23,21,1
P007,HRTF_A,9,0.388,15.92,-2.37,21,1
P007,HRTF_A,9,0.402,16.8,-2.52,21,1
P007,HRTF_A,9,0.416,17.65,-2.69,21,1
P007,HRTF_A,9,0.43,18.46,-2.87,21,1
P007,HRTF_A,9,0.444,19.22,-3.05,21,1
P007,HRTF_A,9,0.458,19.95,-3.22,21,1
P007,HRTF_A,9,0.472,20.67,-3.38,21,1
P007,HRTF_A,9,0.486,21.34,-3.52,21,1
P007,HRTF_A,9,0.499,21.97,-3.59,21,1
P007,HRTF_A,9,0.513,22.59,-3.64,21,1
P007,HRTF_A,9,0.527,23.18,-3.62,21,1
P007,HRTF_A,9,0.541,23.76,-3.59,21,1
P007,HRTF_A,9,0.555,24.34,-3.55,21,1
P007,HRTF_A,9,0.569,24.92,-3.51,21,1
P007,HRTF_A,9,0.583,25.48,-3.51,21,1
P007,HRTF_A,9,0.596,26.02,-3.53,21,1
P007,HRTF_A,9,0.612,26.52,-3.55,21,1
P007,HRTF_A,9,0.624,26.97,-3.55,21,1
P007,HRTF_A,9,0.638,27.43,-3.59,21,1
P007,HRTF_A,9,0.652,27.83,-3.63,21,1
P007,HRTF_A,9,0.666,28.17,-3.7,21,1
P007,HRTF_A,9,0.68,28.42,-3.8,21,1
P007,HRTF_A,9,0.694,28.6,-3.89,21,1
P007,HRTF_A,9,0.708,28.75,-3.98,21,1
P007,HRTF_A,9,0.722,28.87,-4.04,21,1
P007,HRTF_A,9,0.736,28.97,-4.09,21,1
P007,HRTF_A,9,0.749,29.05,-4.19,21,1
P007,HRTF_A,9,0.763,29.05,-4.37,21,1
P007,HRTF_A,9,0.777,28.99,-4.6,21,1
P007,HRTF_A,9,0.791,28.88,-4.83,21,1
P007,HRTF_A,9,0.805,28.74,-5.04,21,1
P007,HRTF_A,9,0.819,28.54,-5.21,21,1
P007,HRTF_A,9,0.833,28.32,-5.39,21,1
P007,HRTF_A,9,0.846,28.05,-5.57,21,1
P007,HRTF_A,9,0.861,27.78,-5.75,21,1
P007,HRTF_A,9,0.875,27.49,-5.89,21,1
P007,HRTF_A,9,0.888,27.23,-6.02,21,1
P007,HRTF_A,9,0.902,26.95,-6.15,21,1
P007,HRTF_A,9,0.916,26.63,-6.27,21,1
P007,HRTF_A,9,0.93,26.26,-6.42,21,1
P007,HRTF_A,9,0.944,25.82,-6.55,21,1
P007,HRTF_A,9,0.958,25.38,-6.68,21,1
P007,HRTF_A,9,0.971,24.91,-6.75,21,1
P007,HRTF_A,9,0.985,24.46,-6.83,21,1
P007,HRTF_A,9,1.0,23.97,-6.92,21,1
P007,HRTF_A,9,1.013,23.39,-7.02,21,1
P007,HRTF_A,9,1.028,22.74,-7.14,21,1
P007,HRTF_A,9,1.041,22.01,-7.26,21,1
P007,HRTF_A,9,1.055,21.26,-7.4,21,1
P007,HRTF_A,9,1.069,20.45,-7.51,21,1
P007,HRTF_A,9,1.083,19.6,-7.61,21,1
P007,HRTF_A,9,1.097,18.68,-7.72,21,1
P007,HRTF_A,9,1.111,17.69,-7.85,21,1
P007,HRTF_A,9,1.125,16.64,-7.97,21,1
P007,HRTF_A,9,1.138,15.54,-8.07,21,1
P007,HRTF_A,9,1.152,14.42,-8.11,21,1
P007,HRTF_A,9,1.166,13.29,-8.17,21,1
P007,HRTF_A,9,1.18,12.13,-8.16,21,1
P007,HRTF_A,9,1.194,10.94,-8.21,21,1
P007,HRTF_A,9,1.208,9.66,-8.24,21,1
P007,HRTF_A,9,1.222,8.32,-8.32,21,1
P007,HRTF_A,9,1.235,6.97,-8.33,21,1
P007,HRTF_A,9,1.249,5.6,-8.35,21,1
P007,HRTF_A,9,1.263,4.22,-8.39,21,1
P007,HRTF_A,9,1.278,2.71,-8.47,21,1
P007,HRTF_A,9,1.291,1.22,-8.47,21,1
P007,HRTF_A,9,1.305,-0.23,-8.55,21,1
P007,HRTF_A,9,1.319,-1.75,-8.65,21,1
P007,HRTF_A,9,1.333,-3.24,-8.7,21,1
P007,HRTF_A,9,1.347,-4.77,-8.78,21,1
P007,HRTF_A,9,1.361,-6.29,-8.87,21,1
P007,HRTF_A,9,1.375,-7.88,-8.94,21,1
P007,HRTF_A,9,1.389,-9.45,-8.99,21,1
P007,HRTF_A,9,1.402,-11.07,-9.09,21,1
P007,HRTF_A,9,1.416,-12.61,-9.06,21,1
P007,HRTF_A,9,1.43,-14.15,-9.07,21,1
P007,HRTF_A,9,1.444,-15.72,-9.1,21,1
P007,HRTF_A,9,1.458,-17.29,-9.07,21,1
P007,HRTF_A,9,1.472,-18.85,-9.02,21,1
P007,HRTF_A,9,1.486,-20.35,-8.97,21,1
P007,HRTF_A,9,1.5,-21.91,-8.91,21,1
P007,HRTF_A,9,1.514,-23.42,-8.81,21,1
P007,HRTF_A,9,1.527,-24.91,-8.78,21,1
P007,HRTF_A,9,1.541,-26.36,-8.74,21,1
P007,HRTF_A,9,1.555,-27.76,-8.73,21,1
P007,HRTF_A,9,1.569,-29.18,-8.77,21,1
P007,HRTF_A,9,1.583,-30.55,-8.85,21,1
P007,HRTF_A,9,1.597,-31.9,-9.0,21,1
P007,HRTF_A,9,1.61,-33.26,-9.18,21,1
P007,HRTF_A,9,1.624,-34.61,-9.43,21,1
P007,HRTF_A,9,1.638,-35.99,-9.78,21,1
P007,HRTF_A,9,1.652,-37.41,-10.2,21,1
P007,HRTF_A,9,1.666,-38.85,-10.68,21,1
P007,HRTF_A,9,1.68,-40.29,-11.15,21,1
P007,HRTF_A,9,1.694,-41.78,-11.64,21,1
P007,HRTF_A,9,1.708,-43.28,-12.13,21,1
P007,HRTF_A,9,1.722,-44.79,-12.65,21,1
P007,HRTF_A,9,1.735,-46.31,-13.17,21,1
P007,HRTF_A,9,1.75,-47.82,-13.66,21,1
P007,HRTF_A,9,1.764,-49.33,-14.07,21,1
P007,HRTF_A,9,1.777,-50.78,-14.51,21,1
P007,HRTF_A,9,1.791,-52.24,-14.96,21,1
P007,HRTF_A,9,1.805,-53.64,-15.43,21,1
P007,HRTF_A,9,1.819,-55.05,-15.91,21,1
P007,HRTF_A,9,1.833,-56.42,-16.36,21,1
P007,HRTF_A,9,1.847,-57.77,-16.78,21,1
P007,HRTF_A,9,1.861,-59.08,-17.17,21,1
P007,HRTF_A,9,1.874,-60.4,-17.6,21,1
P007,HRTF_A,9,1.888,-61.7,-17.98,21,1
P007,HRTF_A,9,1.902,-62.99,-18.41,21,1
P007,HRTF_A,9,1.916,-64.24,-18.82,21,1
P007,HRTF_A,9,1.93,-65.45,-19.13,21,1
P007,HRTF_A,9,1.944,-66.62,-19.44,21,1
P007,HRTF_A,9,1.958,-67.82,-19.74,21,1
P007,HRTF_A,9,1.972,-69.0,-20.03,21,1
P007,HRTF_A,9,1.986,-70.16,-20.31,21,1
P007,HRTF_A,9,2.0,-71.3,-20.55,21,1
P007,HRTF_A,9,2.013,-72.41,-20.73,21,1
P007,HRTF_A,9,2.027,-73.51,-20.88,21,1
P007,HRTF_A,9,2.041,-74.57,-21.01,21,1
P007,HRTF_A,9,2.055,-75.66,-21.16,21,1
P007,HRTF_A,9,2.069,-76.77,-21.33,21,1
P007,HRTF_A,9,2.083,-77.89,-21.53,21,1
P007,HRTF_A,9,2.096,-78.98,-21.74,21,1
P007,HRTF_A,9,2.111,-80.09,-21.95,21,1
P007,HRTF_A,9,2.124,-81.18,-22.19,21,1
P007,HRTF_A,9,2.138,-82.33,-22.47,21,1
P007,HRTF_A,9,2.152,-83.46,-22.79,21,1
P007,HRTF_A,9,2.166,-84.6,-23.16,21,1
P007,HRTF_A,9,2.18,-85.78,-23.51,21,1
P007,HRTF_A,9,2.194,-86.97,-23.86,21,1
P007,HRTF_A,9,2.208,-88.2,-24.17,21,1
P007,HRTF_A,9,2.222,-89.44,-24.48,21,1
P007,HRTF_A,9,2.236,-90.69,-24.78,21,1
P007,HRTF_A,9,2.25,-91.96,-25.09,21,1
P007,HRTF_A,9,2.264,-93.24,-25.37,21,1
P007,HRTF_A,9,2.277,-94.5,-25.62,21,1
P007,HRTF_A,9,2.291,-95.8,-25.83,21,1
P007,HRTF_A,9,2.305,-97.12,-26.02,21,1
P007,HRTF_A,9,2.319,-98.45,-26.17,21,1
P007,HRTF_A,9,2.333,-99.75,-26.33,21,1
P007,HRTF_A,9,2.347,-101.04,-26.5,21,1
P007,HRTF_A,9,2.36,-102.33,-26.63,21,1
P007,HRTF_A,9,2.374,-103.56,-26.74,21,1
P007,HRTF_A,9,2.389,-104.83,-26.8,21,1
P007,HRTF_A,9,2.402,-106.11,-26.88,21,1
P007,HRTF_A,9,2.416,-107.38,-27.0,21,1
P007,HRTF_A,9,2.43,-108.6,-27.14,21,1
P007,HRTF_A,9,2.444,-109.77,-27.24,21,1
P007,HRTF_A,9,2.458,-110.91,-27.32,21,1
P007,HRTF_A,9,2.472,-112.01,-27.35,21,1
P007,HRTF_A,9,2.486,-113.08,-27.39,21,1
P007,HRTF_A,9,2.5,-114.14,-27.42,21,1
P007,HRTF_A,9,2.514,-115.19,-27.51,21,1
P007,HRTF_A,9,2.528,-116.23,-27.6,21,1
P007,HRTF_A,9,2.541,-117.23,-27.65,21,1
P007,HRTF_A,9,2.555,-118.24,-27.69,21,1
P007,HRTF_A,9,2.569,-119.24,-27.71,21,1
P007,HRTF_A,9,2.583,-120.26,-27.76,21,1
P007,HRTF_A,9,2.597,-121.29,-27.83,21,1
P007,HRTF_A,9,2.611,-122.31,-27.91,21,1
P007,HRTF_A,9,2.625,-123.34,-28.01,21,1
P007,HRTF_A,9,2.639,-124.35,-28.1,21,1
P007,HRTF_A,9,2.653,-125.36,-28.2,21,1
P007,HRTF_A,9,2.667,-126.39,-28.33,21,1
P007,HRTF_A,9,2.68,-127.41,-28.45,21,1
P007,HRTF_A,9,2.694,-128.42,-28.55,21,1
P007,HRTF_A,9,2.708,-129.43,-28.6,21,1
P007,HRTF_A,9,2.722,-130.44,-28.6,21,1
P007,HRTF_A,9,2.736,-131.43,-28.56,21,1
P007,HRTF_A,9,2.75,-132.41,-28.52,21,1
P007,HRTF_A,9,2.763,-133.4,-28.48,21,1
P007,HRTF_A,9,2.777,-134.38,-28.45,21,1
P007,HRTF_A,9,2.792,-135.37,-28.45,21,1
P007,HRTF_A,9,2.805,-136.36,-28.41,21,1
P007,HRTF_A,9,2.819,-137.35,-28.4,21,1
P007,HRTF_A,9,2.833,-138.34,-28.36,21,1
P007,HRTF_A,9,2.847,-139.28,-28.33,21,1
P007,HRTF_A,9,2.861,-140.26,-28.31,21,1
P007,HRTF_A,9,2.875,-141.24,-28.28,21,1
P007,HRTF_A,9,2.889,-142.22,-28.22,21,1
P007,HRTF_A,9,2.903,-143.17,-28.13,21,1
P007,HRTF_A,9,2.917,-144.12,-28.01,21,1
P007,HRTF_A,9,2.93,-145.05,-27.87,21,1
P007,HRTF_A,9,2.944,-145.94,-27.71,21,1
P007,HRTF_A,9,2.958,-146.8,-27.52,21,1
P007,HRTF_A,9,2.972,-147.63,-27.2,21,1
P007,HRTF_A,9,2.986,-148.41,-26.76,21,1
P007,HRTF_A,9,3.0,-149.16,-26.2,21,1
P007,HRTF_A,9,3.014,-149.87,-25.52,21,1
P007,HRTF_A,9,3.027,-150.57,-24.74,21,1
P007,HRTF_A,9,3.041,-151.23,-23.81,21,1
P007,HRTF_A,9,3.056,-151.87,-22.73,21,1
P007,HRTF_A,9,3.069,-152.48,-21.54,21,1
P007,HRTF_A,9,3.083,-153.05,-20.3,21,1
P007,HRTF_A,9,3.097,-153.56,-19.07,21,1
P007,HRTF_A,9,3.111,-154.01,-17.92,21,1
P007,HRTF_A,9,3.125,-154.41,-16.8,21,1
P007,HRTF_A,9,3.139,-154.76,-15.75,21,1
P007,HRTF_A,9,3.152,-155.1,-14.78,21,1
P007,HRTF_A,9,3.166,-155.4,-13.91,21,1
P007,HRTF_A,9,3.18,-155.69,-13.15,21,1
P007,HRTF_A,9,3.194,-155.94,-12.45,21,1
P007,HRTF_A,9,3.207,-156.2,-11.84,21,1
P007,HRTF_A,10,0.014,-8.61,-1.34,23,1
P007,HRTF_A,10,0.024,-7.96,-1.43,23,1
P007,HRTF_A,10,0.033,-7.34,-1.54,23,1
P007,HRTF_A,10,0.055,-6.77,-1.67,23,1
P007,HRTF_A,10,0.069,-6.19,-1.77,23,1
P007,HRTF_A,10,0.083,-5.64,-1.82,23,1
P007,HRTF_A,10,0.097,-5.14,-1.83,23,1
P007,HRTF_A,10,0.111,-4.65,-1.82,23,1
P007,HRTF_A,10,0.124,-4.2,-1.77,23,1
P007,HRTF_A,10,0.139,-3.75,-1.72,23,1
P007,HRTF_A,10,0.153,-3.34,-1.67,23,1
P007,HRTF_A,10,0.166,-2.95,-1.62,23,1
P007,HRTF_A,10,0.18,-2.6,-1.58,23,1
P007,HRTF_A,10,0.194,-2.28,-1.56,23,1
P007,HRTF_A,10,0.208,-1.96,-1.56,23,1
P007,HRTF_A,10,0.222,-1.65,-1.59,23,1
P007,HRTF_A,10,0.236,-1.3,-1.64,23,1
P007,HRTF_A,10,0.249,-0.98,-1.65,23,1
P007,HRTF_A,10,0.264,-0.64,-1.65,23,1
P007,HRTF_A,10,0.278,-0.31,-1.61,23,1
P007,HRTF_A,10,0.291,0.03,-1.5,23,1
P007,HRTF_A,10,0.305,0.41,-1.48,23,1
P007,HRTF_A,10,0.319,0.81,-1.52,23,1
P007,HRTF_A,10,0.333,1.2,-1.54,23,1
P007,HRTF_A,10,0.347,1.59,-1.53,23,1
P007,HRTF_A,10,0.361,2.02,-1.51,23,1
P007,HRTF_A,10,0.374,2.47,-1.5,23,1
P007,HRTF_A,10,0.388,2.93,-1.45,23,1
P007,HRTF_A,10,0.402,3.41,-1.39,23,1
P007,HRTF_A,10,0.416,3.95,-1.34,23,1
P007,HRTF_A,10,0.43,4.52,-1.26,23,1
P007,HRTF_A,10,0.444,5.16,-1.18,23,1
P007,HRTF_A,10,0.458,5.84,-1.11,23,1
P007,HRTF_A,10,0.472,6.57,-1.04,23,1
P007,HRTF_A,10,0.486,7.28,-1.01,23,1
P007,HRTF_A,10,0.499,8.0,-1.01,23,1
P007,HRTF_A,10,0.513,8.7,-1.05,23,1
P007,HRTF_A,10,0.528,9.4,-1.11,23,1
P007,HRTF_A,10,0.541,10.03,-1.2,23,1
P007,HRTF_A,10,0.555,10.64,-1.27,23,1
P007,HRTF_A,10,0.569,11.18,-1.32,23,1
P007,HRTF_A,10,0.583,11.65,-1.33,23,1
P007,HRTF_A,10,0.597,12.05,-1.28,23,1
P007,HRTF_A,10,0.611,12.39,-1.23,23,1
P007,HRTF_A,10,0.625,12.73,-1.14,23,1
P007,HRTF_A,10,0.639,13.0,-1.09,23,1
P007,HRTF_A,10,0.652,13.24,-1.05,23,1
P007,HRTF_A,10,0.666,13.42,-1.04,23,1
P007,HRTF_A,10,0.68,13.58,-1.04,23,1
P007,HRTF_A,10,0.694,13.71,-1.05,23,1
P007,HRTF_A,10,0.708,13.85,-1.1,23,1
P007,HRTF_A,10,0.722,14.01,-1.18,23,1
P007,HRTF_A,10,0.736,14.17,-1.28,23,1
P007,HRTF_A,10,0.75,14.31,-1.38,23,1
P007,HRTF_A,10,0.763,14.41,-1.46,23,1
P007,HRTF_A,10,0.778,14.47,-1.55,23,1
P007,HRTF_A,10,0.791,14.48,-1.61,23,1
P007,HRTF_A,10,0.805,14.46,-1.66,23,1
P007,HRTF_A,10,0.819,14.39,-1.73,23,1
P007,HRTF_A,10,0.833,14.29,-1.83,23,1
P007,HRTF_A,10,0.847,14.11,-1.95,23,1
P007,HRTF_A,10,0.861,13.83,-2.1,23,1
P007,HRTF_A,10,0.875,13.48,-2.27,23,1
P007,HRTF_A,10,0.888,13.06,-2.41,23,1
P007,HRTF_A,10,0.902,12.58,-2.56,23,1
P007,HRTF_A,10,0.916,12.04,-2.68,23,1
P007,HRTF_A,10,0.93,11.44,-2.87,23,1
P007,HRTF_A,10,0.944,10.76,-3.05,23,1
P007,HRTF_A,10,0.958,9.98,-3.25,23,1
P007,HRTF_A,10,0.972,9.12,-3.52,23,1
P007,HRTF_A,10,0.986,8.2,-3.78,23,1
P007,HRTF_A,10,1.0,7.23,-4.04,23,1
P007,HRTF_A,10,1.014,6.2,-4.28,23,1
P007,HRTF_A,10,1.027,5.09,-4.57,23,1
P007,HRTF_A,10,1.042,3.91,-4.94,23,1
P007,HRTF_A,10,1.056,2.67,-5.36,23,1
P007,HRTF_A,10,1.069,1.4,-5.78,23,1
P007,HRTF_A,10,1.083,0.11,-6.18,23,1
P007,HRTF_A,10,1.097,-1.22,-6.61,23,1
P007,HRTF_A,10,1.111,-2.55,-7.11,23,1
P007,HRTF_A,10,1.125,-3.94,-7.68,23,1
P007,HRTF_A,10,1.139,-5.37,-8.26,23,1
P007,HRTF_A,10,1.153,-6.81,-8.87,23,1
P007,HRTF_A,10,1.166,-8.24,-9.49,23,1
P007,HRTF_A,10,1.181,-9.67,-10.09,23,1
P007,HRTF_A,10,1.194,-11.11,-10.77,23,1
P007,HRTF_A,10,1.208,-12.57,-11.52,23,1
P007,HRTF_A,10,1.222,-14.06,-12.27,23,1
P007,HRTF_A,10,1.236,-15.51,-12.98,23,1
P007,HRTF_A,10,1.25,-16.92,-13.67,23,1
P007,HRTF_A,10,1.264,-18.26,-14.33,23,1
P007,HRTF_A,10,1.278,-19.58,-15.01,23,1
P007,HRTF_A,10,1.292,-20.88,-15.59,23,1
P007,HRTF_A,10,1.305,-22.16,-16.13,23,1
P007,HRTF_A,10,1.319,-23.43,-16.55,23,1
P007,HRTF_A,10,1.333,-24.67,-16.93,23,1
P007,HRTF_A,10,1.347,-25.8,-17.25,23,1
P007,HRTF_A,10,1.361,-26.87,-17.59,23,1
P007,HRTF_A,10,1.375,-27.88,-17.9,23,1
P007,HRTF_A,10,1.389,-28.87,-18.24,23,1
P007,HRTF_A,10,1.403,-29.86,-18.6,23,1
P007,HRTF_A,10,1.417,-30.81,-18.92,23,1
P007,HRTF_A,10,1.431,-31.71,-19.19,23,1
P007,HRTF_A,10,1.445,-32.57,-19.42,23,1
P007,HRTF_A,10,1.458,-33.38,-19.68,23,1
P007,HRTF_A,10,1.472,-34.16,-19.96,23,1
P007,HRTF_A,10,1.486,-34.9,-20.24,23,1
P007,HRTF_A,10,1.5,-35.61,-20.52,23,1
P007,HRTF_A,10,1.514,-36.32,-20.78,23,1
P007,HRTF_A,10,1.528,-37.04,-21.05,23,1
P007,HRTF_A,10,1.542,-37.72,-21.32,23,1
P007,HRTF_A,10,1.556,-38.38,-21.6,23,1
P007,HRTF_A,10,1.569,-38.98,-21.91,23,1
P007,HRTF_A,10,1.583,-39.58,-22.22,23,1
P007,HRTF_A,10,1.597,-40.21,-22.54,23,1
P007,HRTF_A,10,1.611,-40.89,-22.88,23,1
P007,HRTF_A,10,1.625,-41.59,-23.24,23,1
P007,HRTF_A,10,1.639,-42.33,-23.63,23,1
P007,HRTF_A,10,1.652,-43.06,-24.02,23,1
P007,HRTF_A,10,1.667,-43.79,-24.43,23,1
P007,HRTF_A,10,1.681,-44.55,-24.78,23,1
P007,HRTF_A,10,1.695,-45.33,-25.09,23,1
P007,HRTF_A,10,1.708,-46.18,-25.35,23,1
P007,HRTF_A,10,1.722,-47.05,-25.59,23,1
P007,HRTF_A,10,1.736,-47.96,-25.82,23,1
P007,HRTF_A,10,1.75,-48.8,-26.06,23,1
P007,HRTF_A,10,1.764,-49.64,-26.29,23,1
P007,HRTF_A,10,1.778,-50.5,-26.55,23,1
P007,HRTF_A,10,1.792,-51.39,-26.8,23,1
P007,HRTF_A,10,1.806,-52.35,-27.06,23,1
P007,HRTF_A,10,1.82,-53.34,-27.28,23,1
P007,HRTF_A,10,1.833,-54.31,-27.54,23,1
P007,HRTF_A,10,1.847,-55.29,-27.8,23,1
P007,HRTF_A,10,1.861,-56.28,-28.16,23,1
P007,HRTF_A,10,1.875,-57.29,-28.53,23,1
P007,HRTF_A,10,1.889,-58.37,-28.94,23,1
P007,HRTF_A,10,1.903,-59.48,-29.36,23,1
P007,HRTF_A,10,1.917,-60.68,-29.74,23,1
P007,HRTF_A,10,1.931,-61.93,-30.12,23,1
P007,HRTF_A,10,1.944,-63.24,-30.49,23,1
P007,HRTF_A,10,1.958,-64.56,-30.85,23,1
P007,HRTF_A,10,1.972,-65.88,-31.23,23,1
P007,HRTF_A,10,1.986,-67.25,-31.6,23,1
P007,HRTF_A,10,2.0,-68.67,-31.94,23,1
P007,HRTF_A,10,2.014,-70.1,-32.21,23,1
P007,HRTF_A,10,2.028,-71.55,-32.43,23,1
P007,HRTF_A,10,2.042,-72.97,-32.61,23,1
P007,HRTF_A,10,2.055,-74.36,-32.81,23,1
P007,HRTF_A,10,2.069,-75.73,-33.03,23,1
P007,HRTF_A,10,2.084,-77.09,-33.27,23,1
P007,HRTF_A,10,2.097,-78.45,-33.48,23,1
P007,HRTF_A,10,2.111,-79.78,-33.63,23,1
P007,HRTF_A,10,2.125,-81.05,-33.73,23,1
P007,HRTF_A,10,2.139,-82.29,-33.91,23,1
P007,HRTF_A,10,2.153,-83.5,-34.19,23,1
P007,HRTF_A,10,2.167,-84.73,-34.52,23,1
P007,HRTF_A,10,2.18,-85.99,-34.83,23,1
P007,HRTF_A,10,2.194,-87.26,-35.14,23,1
P007,HRTF_A,10,2.209,-88.53,-35.45,23,1
P007,HRTF_A,10,2.222,-89.79,-35.79,23,1
P007,HRTF_A,10,2.236,-91.07,-36.17,23,1
P007,HRTF_A,10,2.25,-92.38,-36.53,23,1
P007,HRTF_A,10,2.264,-93.73,-36.87,23,1
P007,HRTF_A,10,2.278,-95.09,-37.17,23,1
P007,HRTF_A,10,2.292,-96.44,-37.44,23,1
P007,HRTF_A,10,2.306,-97.76,-37.61,23,1
P007,HRTF_A,10,2.32,-99.08,-37.71,23,1
P007,HRTF_A,10,2.333,-100.36,-37.74,23,1
P007,HRTF_A,10,2.347,-101.63,-37.73,23,1
P007,HRTF_A,10,2.361,-102.88,-37.67,23,1
P007,HRTF_A,10,2.375,-104.08,-37.61,23,1
P007,HRTF_A,10,2.389,-105.24,-37.52,23,1
P007,HRTF_A,10,2.403,-106.36,-37.43,23,1
P007,HRTF_A,10,2.417,-107.51,-37.35,23,1
P007,HRTF_A,10,2.43,-108.66,-37.28,23,1
P007,HRTF_A,10,2.444,-109.81,-37.23,23,1
P007,HRTF_A,10,2.458,-110.93,-37.19,23,1
P007,HRTF_A,10,2.472,-112.01,-37.16,23,1
P007,HRTF_A,10,2.486,-113.07,-37.12,23,1
P007,HRTF_A,10,2.5,-114.15,-37.09,23,1
P007,HRTF_A,10,2.514,-115.32,-37.06,23,1
P007,HRTF_A,10,2.528,-116.6,-37.01,23,1
P007,HRTF_A,10,2.542,-117.93,-36.91,23,1
P007,HRTF_A,10,2.556,-119.31,-36.8,23,1
P007,HRTF_A,10,2.569,-120.68,-36.71,23,1
P007,HRTF_A,10,2.584,-122.07,-36.63,23,1
P007,HRTF_A,10,2.597,-123.48,-36.62,23,1
P007,HRTF_A,10,2.611,-124.87,-36.67,23,1
P007,HRTF_A,10,2.625,-126.22,-36.74,23,1
P007,HRTF_A,10,2.639,-127.54,-36.82,23,1
P007,HRTF_A,10,2.653,-128.8,-36.88,23,1
P007,HRTF_A,11,0.014,-3.9,3.17,7,1
P007,HRTF_A,11,0.028,-3.03,3.1,7,1
P007,HRTF_A,11,0.041,-2.19,3.06,7,1
P007,HRTF_A,11,0.065,-1.43,3.08,7,1
P007,HRTF_A,11,0.078,-0.63,3.09,7,1
P007,HRTF_A,11,0.092,0.17,3.1,7,1
P007,HRTF_A,11,0.106,0.94,3.08,7,1
P007,HRTF_A,11,0.121,1.73,3.07,7,1
P007,HRTF_A,11,0.134,2.5,3.06,7,1
P007,HRTF_A,11,0.148,3.28,3.06,7,1
P007,HRTF_A,11,0.162,4.09,3.06,7,1
P007,HRTF_A,11,0.176,4.91,3.06,7,1
P007,HRTF_A,11,0.19,5.76,3.03,7,1
P007,HRTF_A,11,0.204,6.62,2.98,7,1
P007,HRTF_A,11,0.217,7.49,2.93,7,1
P007,HRTF_A,11,0.231,8.37,2.88,7,1
P007,HRTF_A,11,0.245,9.29,2.82,7,1
P007,HRTF_A,11,0.259,10.21,2.77,7,1
P007,HRTF_A,11,0.274,11.14,2.73,7,1
P007,HRTF_A,11,0.287,12.09,2.69,7,1
P007,HRTF_A,11,0.301,13.08,2.67,7,1
P007,HRTF_A,11,0.315,14.08,2.66,7,1
P007,HRTF_A,11,0.329,15.11,2.65,7,1
P007,HRTF_A,11,0.343,16.13,2.68,7,1
P007,HRTF_A,11,0.357,17.19,2.69,7,1
P007,HRTF_A,11,0.37,18.26,2.7,7,1
P007,HRTF_A,11,0.384,19.32,2.7,7,1
P007,HRTF_A,11,0.398,20.4,2.71,7,1
P007,HRTF_A,11,0.412,21.5,2.73,7,1
P007,HRTF_A,11,0.426,22.62,2.76,7,1
P007,HRTF_A,11,0.44,23.75,2.79,7,1
P007,HRTF_A,11,0.454,24.89,2.82,7,1
P007,HRTF_A,11,0.467,26.01,2.85,7,1
P007,HRTF_A,11,0.482,27.13,2.89,7,1
P007,HRTF_A,11,0.495,28.24,2.95,7,1
P007,HRTF_A,11,0.509,29.36,2.99,7,1
P007,HRTF_A,11,0.523,30.49,3.04,7,1
P007,HRTF_A,11,0.537,31.62,3.1,7,1
P007,HRTF_A,11,0.551,32.74,3.16,7,1
P007,HRTF_A,11,0.565,33.86,3.2,7,1
P007,HRTF_A,11,0.579,35.02,3.23,7,1
P007,HRTF_A,11,0.593,36.21,3.26,7,1
P007,HRTF_A,11,0.607,37.44,3.24,7,1
P007,HRTF_A,11,0.62,38.68,3.21,7,1
P007,HRTF_A,11,0.634,39.92,3.2,7,1
P007,HRTF_A,11,0.648,41.16,3.2,7,1
P007,HRTF_A,11,0.662,42.37,3.17,7,1
P007,HRTF_A,11,0.676,43.56,3.16,7,1
P007,HRTF_A,12,0.013,-8.37,-1.7,29,1
P007,HRTF_A,12,0.022,-8.54,-1.68,29,1
P007,HRTF_A,12,0.032,-8.79,-1.69,29,1
P007,HRTF_A,12,0.042,-9.15,-1.74,29,1
P007,HRTF_A,12,0.067,-9.8,-1.89,29,1
P007,HRTF_A,12,0.08,-10.45,-2.03,29,1
P007,HRTF_A,12,0.094,-11.18,-2.17,29,1
P007,HRTF_A,12,0.108,-12.01,-2.36,29,1
P007,HRTF_A,12,0.122,-12.92,-2.55,29,1
P007,HRTF_A,12,0.135,-13.91,-2.79,29,1
P007,HRTF_A,12,0.15,-15.03,-3.17,29,1
P007,HRTF_A,12,0.163,-16.28,-3.52,29,1
P007,HRTF_A,12,0.177,-17.68,-3.79,29,1
P007,HRTF_A,12,0.192,-19.19,-4.14,29,1
P007,HRTF_A,12,0.204,-20.81,-4.39,29,1
P007,HRTF_A,12,0.218,-22.5,-4.64,29,1
P007,HRTF_A,12,0.233,-24.14,-4.86,29,1
P007,HRTF_A,12,0.247,-25.73,-5.03,29,1
P007,HRTF_A,12,0.26,-27.24,-5.09,29,1
P007,HRTF_A,12,0.275,-28.73,-5.03,29,1
P007,HRTF_A,12,0.288,-30.16,-4.85,29,1
P007,HRTF_A,12,0.302,-31.56,-4.55,29,1
P007,HRTF_A,12,0.316,-32.88,-4.15,29,1
P007,HRTF_A,12,0.331,-34.05,-3.7,29,1
P007,HRTF_A,12,0.344,-35.13,-3.24,29,1
P007,HRTF_A,12,0.358,-36.0,-2.71,29,1
P007,HRTF_A,12,0.372,-36.81,-2.15,29,1
P007,HRTF_A,12,0.386,-37.5,-1.59,29,1
P007,HRTF_A,12,0.4,-38.13,-0.99,29,1
P007,HRTF_A,12,0.413,-38.69,-0.45,29,1
P007,HRTF_A,12,0.427,-39.19,0.02,29,1
P007,HRTF_A,12,0.441,-39.62,0.39,29,1
P007,HRTF_A,12,0.455,-40.0,0.64,29,1
P007,HRTF_A,12,0.469,-40.31,0.74,29,1
P007,HRTF_A,12,0.483,-40.56,0.81,29,1
P007,HRTF_A,12,0.497,-40.78,0.79,29,1
P007,HRTF_A,12,0.51,-40.97,0.74,29,1
P007,HRTF_A,12,0.524,-41.14,0.65,29,1
P007,HRTF_A,12,0.539,-41.28,0.5,29,1
P007,HRTF_A,12,0.552,-41.41,0.33,29,1
P007,HRTF_A,12,0.566,-41.53,0.16,29,1
P007,HRTF_A,12,0.58,-41.64,0.0,29,1
P007,HRTF_A,12,0.594,-41.77,-0.15,29,1
P007,HRTF_A,12,0.608,-41.93,-0.32,29,1
P007,HRTF_A,12,0.622,-42.12,-0.51,29,1
P007,HRTF_A,13,0.013,-6.24,-0.77,20,1
P007,HRTF_A,13,0.026,-6.12,-0.75,20,1
P007,HRTF_A,13,0.04,-6.05,-0.74,20,1
P007,HRTF_A,13,0.054,-5.96,-0.77,20,1
P007,HRTF_A,13,0.068,-5.9,-0.83,20,1
P007,HRTF_A,13,0.082,-5.89,-0.9,20,1
P007,HRTF_A,13,0.096,-5.99,-0.96,20,1
P007,HRTF_A,13,0.11,-6.17,-1.07,20,1
P007,HRTF_A,13,0.124,-6.39,-1.14,20,1
P007,HRTF_A,13,0.137,-6.59,-1.2,20,1
P007,HRTF_A,13,0.151,-6.8,-1.22,20,1
P007,HRTF_A,13,0.165,-7.01,-1.27,20,1
P007,HRTF_A,13,0.179,-7.29,-1.3,20,1
P007,HRTF_A,13,0.193,-7.62,-1.31,20,1
P007,HRTF_A,13,0.207,-8.01,-1.29,20,1
P007,HRTF_A,13,0.221,-8.45,-1.28,20,1
P007,HRTF_A,13,0.235,-8.97,-1.34,20,1
P007,HRTF_A,13,0.249,-9.55,-1.48,20,1
P007,HRTF_A,13,0.263,-10.24,-1.69,20,1
P007,HRTF_A,13,0.276,-11.04,-1.88,20,1
P007,HRTF_A,13,0.29,-11.94,-2.07,20,1
P007,HRTF_A,13,0.304,-12.95,-2.25,20,1
P007,HRTF_A,13,0.318,-14.08,-2.46,20,1
P007,HRTF_A,13,0.332,-15.4,-2.73,20,1
P007,HRTF_A,13,0.346,-16.82,-3.04,20,1
P007,HRTF_A,13,0.36,-18.29,-3.36,20,1
P007,HRTF_A,13,0.373,-19.75,-3.72,20,1
P007,HRTF_A,13,0.388,-21.25,-4.04,20,1
P007,HRTF_A,13,0.401,-22.68,-4.33,20,1
P007,HRTF_A,13,0.415,-24.12,-4.62,20,1
P007,HRTF_A,13,0.429,-25.49,-4.84,20,1
P007,HRTF_A,13,0.443,-26.75,-4.97,20,1
P007,HRTF_A,13,0.457,-27.9,-5.12,20,1
P007,HRTF_A,13,0.471,-28.87,-5.26,20,1
P007,HRTF_A,13,0.485,-29.68,-5.44,20,1
P007,HRTF_A,13,0.499,-30.31,-5.63,20,1
P007,HRTF_A,13,0.513,-30.79,-5.78,20,1
P007,HRTF_A,13,0.527,-31.14,-5.93,20,1
P007,HRTF_A,13,0.541,-31.46,-6.08,20,1
P007,HRTF_A,13,0.554,-31.7,-6.19,20,1
P007,HRTF_A,13,0.568,-31.88,-6.26,20,1
P007,HRTF_A,13,0.582,-31.94,-6.34,20,1
P007,HRTF_A,13,0.596,-31.93,-6.59,20,1
P007,HRTF_A,13,0.61,-31.97,-6.99,20,1
P007,HRTF_A,13,0.624,-32.01,-7.58,20,1
P007,HRTF_A,13,0.638,-32.05,-8.29,20,1
P007,HRTF_A,13,0.652,-32.09,-9.17,20,1
P007,HRTF_A,13,0.666,-32.14,-10.2,20,1
P007,HRTF_A,13,0.679,-32.27,-11.56,20,1
P007,HRTF_A,13,0.694,-32.5,-13.16,20,1
P007,HRTF_A,13,0.707,-32.88,-14.83,20,1
P007,HRTF_A,13,0.721,-33.42,-16.39,20,1
P007,HRTF_A,13,0.735,-34.12,-17.91,20,1
P007,HRTF_A,13,0.749,-34.97,-19.18,20,1
P007,HRTF_A,13,0.762,-35.93,-20.31,20,1
P007,HRTF_A,13,0.776,-36.95,-21.23,20,1
P007,HRTF_A,13,0.79,-37.97,-21.93,20,1
P007,HRTF_A,13,0.805,-39.03,-22.36,20,1
P007,HRTF_A,13,0.82,-40.1,-22.58,20,1
P007,HRTF_A,13,0.832,-41.19,-22.64,20,1
P007,HRTF_A,13,0.846,-42.33,-22.62,20,1
P007,HRTF_A,13,0.86,-43.5,-22.59,20,1
P007,HRTF_A,13,0.874,-44.67,-22.5,20,1
P007,HRTF_A,13,0.888,-45.79,-22.32,20,1
P007,HRTF_A,13,0.902,-46.86,-22.14,20,1
P007,HRTF_A,13,0.915,-47.92,-21.97,20,1
P007,HRTF_A,13,0.929,-48.98,-21.84,20,1
P007,HRTF_A,13,0.943,-49.97,-21.79,20,1
P007,HRTF_A,13,0.957,-50.94,-21.71,20,1
P007,HRTF_A,13,0.971,-51.83,-21.6,20,1
P007,HRTF_A,13,0.985,-52.73,-21.49,20,1
P007,HRTF_A,13,0.999,-53.66,-21.41,20,1
P007,HRTF_A,13,1.013,-54.63,-21.35,20,1
P007,HRTF_A,13,1.027,-55.62,-21.3,20,1
P007,HRTF_A,13,1.041,-56.61,-21.25,20,1
P007,HRTF_A,13,1.055,-57.61,-21.19,20,1
P007,HRTF_A,13,1.068,-58.62,-21.14,20,1
P007,HRTF_A,13,1.082,-59.67,-21.1,20,1
P007,HRTF_A,13,1.096,-60.76,-21.12,20,1
P007,HRTF_A,13,1.11,-61.94,-21.18,20,1
P007,HRTF_A,13,1.124,-63.13,-21.25,20,1
P007,HRTF_A,13,1.138,-64.34,-21.3,20,1
P007,HRTF_A,13,1.152,-65.56,-21.41,20,1
P007,HRTF_A,13,1.165,-66.84,-21.56,20,1
P007,HRTF_A,13,1.18,-68.17,-21.74,20,1
P007,HRTF_A,13,1.193,-69.56,-21.89,20,1
P007,HRTF_A,13,1.207,-70.99,-22.03,20,1
P007,HRTF_A,13,1.221,-72.43,-22.11,20,1
P007,HRTF_A,13,1.235,-73.86,-22.17,20,1
P007,HRTF_A,13,1.249,-75.26,-22.23,20,1
P007,HRTF_A,13,1.262,-76.67,-22.25,20,1
P007,HRTF_A,13,1.277,-78.09,-22.26,20,1
P007,HRTF_A,13,1.29,-79.47,-22.25,20,1
P007,HRTF_A,13,1.304,-80.86,-22.21,20,1
P007,HRTF_A,13,1.318,-82.2,-22.13,20,1
P007,HRTF_A,13,1.332,-83.55,-22.01,20,1
P007,HRTF_A,13,1.346,-84.88,-21.88,20,1
P007,HRTF_A,13,1.36,-86.21,-21.76,20,1
P007,HRTF_A,13,1.374,-87.55,-21.65,20,1
P007,HRTF_A,13,1.388,-88.89,-21.5,20,1
P007,HRTF_A,13,1.402,-90.22,-21.31,20,1
P007,HRTF_A,13,1.415,-91.51,-21.12,20,1
P007,HRTF_A,13,1.429,-92.78,-20.94,20,1
P007,HRTF_A,13,1.443,-94.08,-20.74,20,1
P007,HRTF_A,13,1.457,-95.34,-20.49,20,1
P007,HRTF_A,13,1.471,-96.58,-20.15,20,1
P007,HRTF_A,13,1.485,-97.82,-19.79,20,1
P007,HRTF_A,13,1.499,-99.06,-19.44,20,1
P007,HRTF_A,13,1.513,-100.34,-19.25,20,1
P007,HRTF_A,13,1.527,-101.67,-19.19,20,1
P007,HRTF_A,13,1.541,-103.01,-19.14,20,1
P007,HRTF_A,13,1.554,-104.31,-19.06,20,1
P007,HRTF_A,13,1.568,-105.6,-19.03,20,1
P007,HRTF_A,13,1.582,-106.91,-19.0,20,1
P007,HRTF_A,13,1.596,-108.25,-19.04,20,1
P007,HRTF_A,13,1.61,-109.62,-19.13,20,1
P007,HRTF_A,13,1.624,-110.97,-19.17,20,1
P007,HRTF_A,13,1.638,-112.28,-19.18,20,1
P007,HRTF_A,13,1.652,-113.57,-19.17,20,1
P007,HRTF_A,13,1.666,-114.86,-19.15,20,1
P007,HRTF_A,13,1.68,-116.15,-19.13,20,1
P007,HRTF_A,13,1.694,-117.48,-19.14,20,1
P007,HRTF_A,13,1.707,-118.77,-19.16,20,1
P007,HRTF_A,13,1.721,-120.03,-19.19,20,1
P007,HRTF_A,13,1.735,-121.27,-19.24,20,1
P007,HRTF_A,13,1.749,-122.52,-19.29,20,1
P007,HRTF_A,13,1.763,-123.79,-19.34,20,1
P007,HRTF_A,13,1.777,-125.09,-19.39,20,1
P007,HRTF_A,13,1.791,-126.39,-19.43,20,1
P007,HRTF_A,13,1.805,-127.66,-19.47,20,1
P007,HRTF_A,13,1.819,-128.94,-19.51,20,1
P007,HRTF_A,13,1.833,-130.24,-19.53,20,1
P007,HRTF_A,13,1.846,-131.54,-19.52,20,1
P007,HRTF_A,13,1.86,-132.84,-19.48,20,1
P007,HRTF_A,13,1.874,-134.15,-19.43,20,1
P007,HRTF_A,14,0.013,-13.14,-0.58,15,1
P007,HRTF_A,14,0.024,-13.01,-0.6,15,1
P007,HRTF_A,14,0.035,-12.88,-0.63,15,1
P007,HRTF_A,14,0.059,-12.76,-0.68,15,1
P007,HRTF_A,14,0.073,-12.66,-0.73,15,1
P007,HRTF_A,14,0.086,-12.59,-0.76,15,1
P007,HRTF_A,14,0.1,-12.54,-0.78,15,1
P007,HRTF_A,14,0.115,-12.56,-0.85,15,1
P007,HRTF_A,14,0.128,-12.58,-0.92,15,1
P007,HRTF_A,14,0.142,-12.64,-1.01,15,1
P007,HRTF_A,14,0.156,-12.79,-1.09,15,1
P007,HRTF_A,14,0.17,-12.99,-1.14,15,1
P007,HRTF_A,14,0.184,-13.29,-1.18,15,1
P007,HRTF_A,14,0.198,-13.75,-1.16,15,1
P007,HRTF_A,14,0.212,-14.32,-1.04,15,1
P007,HRTF_A,14,0.226,-15.01,-0.89,15,1
P007,HRTF_A,14,0.24,-15.81,-0.75,15,1
P007,HRTF_A,14,0.254,-16.74,-0.63,15,1
P007,HRTF_A,14,0.267,-17.76,-0.55,15,1
P007,HRTF_A,14,0.281,-18.86,-0.47,15,1
P007,HRTF_A,14,0.295,-20.09,-0.35,15,1
P007,HRTF_A,14,0.309,-21.31,-0.24,15,1
P007,HRTF_A,14,0.323,-22.57,-0.16,15,1
P007,HRTF_A,14,0.337,-23.85,-0.14,15,1
P007,HRTF_A,14,0.35,-25.12,-0.18,15,1
P007,HRTF_A,14,0.365,-26.36,-0.19,15,1
P007,HRTF_A,14,0.378,-27.56,-0.16,15,1
P007,HRTF_A,14,0.392,-28.76,-0.09,15,1
P007,HRTF_A,14,0.407,-29.9,-0.04,15,1
P007,HRTF_A,14,0.42,-30.98,-0.13,15,1
P007,HRTF_A,14,0.434,-31.99,-0.34,15,1
P007,HRTF_A,14,0.448,-32.9,-0.56,15,1
P007,HRTF_A,14,0.462,-33.7,-0.72,15,1
P007,HRTF_A,14,0.476,-34.4,-0.79,15,1
P007,HRTF_A,14,0.49,-35.03,-0.8,15,1
P007,HRTF_A,14,0.503,-35.56,-0.73,15,1
P007,HRTF_A,14,0.517,-36.01,-0.65,15,1
P007,HRTF_A,14,0.532,-36.34,-0.59,15,1
P007,HRTF_A,14,0.545,-36.61,-0.47,15,1
P007,HRTF_A,14,0.559,-36.69,-0.42,15,1
P007,HRTF_A,14,0.573,-36.72,-0.34,15,1
P007,HRTF_A,14,0.587,-36.71,-0.23,15,1
P007,HRTF_A,14,0.601,-36.65,-0.13,15,1
P007,HRTF_A,14,0.615,-36.54,-0.02,15,1
P007,HRTF_A,14,0.629,-36.37,0.1,15,1
P007,HRTF_A,14,0.642,-36.13,0.2,15,1
P007,HRTF_A,14,0.657,-35.82,0.29,15,1
P007,HRTF_A,14,0.67,-35.48,0.37,15,1
P007,HRTF_A,14,0.684,-35.14,0.43,15,1
P007,HRTF_A,14,0.698,-34.83,0.49,15,1
P007,HRTF_A,14,0.712,-34.53,0.54,15,1
P007,HRTF_A,14,0.726,-34.24,0.6,15,1
P007,HRTF_A,14,0.74,-33.94,0.68,15,1
P007,HRTF_A,14,0.754,-33.64,0.73,15,1
P007,HRTF_A,14,0.768,-33.33,0.74,15,1
P007,HRTF_A,14,0.781,-33.04,0.7,15,1
P007,HRTF_A,14,0.796,-32.75,0.66,15,1
P007,HRTF_A,14,0.809,-32.48,0.62,15,1
P007,HRTF_A,14,0.823,-32.22,0.64,15,1
P007,HRTF_A,14,0.837,-31.96,0.7,15,1
P007,HRTF_A,14,0.851,-31.7,0.77,15,1
P007,HRTF_A,14,0.865,-31.45,0.81,15,1
P007,HRTF_A,14,0.879,-31.23,0.8,15,1
P007,HRTF_A,14,0.893,-31.0,0.77,15,1
P007,HRTF_A,14,0.907,-30.76,0.75,15,1
P007,HRTF_A,14,0.92,-30.51,0.78,15,1
P007,HRTF_A,14,0.934,-30.25,0.82,15,1
P007,HRTF_A,14,0.948,-29.98,0.82,15,1
P007,HRTF_A,14,0.962,-29.73,0.78,15,1
P007,HRTF_A,14,0.976,-29.5,0.69,15,1
P007,HRTF_A,14,0.99,-29.28,0.61,15,1
P007,HRTF_A,14,1.004,-29.08,0.56,15,1
P007,HRTF_A,14,1.018,-28.88,0.51,15,1
P007,HRTF_A,14,1.032,-28.68,0.34,15,1
P007,HRTF_A,14,1.045,-28.49,0.07,15,1
P007,HRTF_A,14,1.059,-28.31,-0.28,15,1
P007,HRTF_A,14,1.073,-28.15,-0.7,15,1
P007,HRTF_A,14,1.087,-27.99,-1.15,15,1
P007,HRTF_A,14,1.101,-27.79,-1.64,15,1
P007,HRTF_A,14,1.115,-27.54,-2.29,15,1
P007,HRTF_A,14,1.129,-27.26,-3.07,15,1
P007,HRTF_A,14,1.143,-26.99,-3.99,15,1
P007,HRTF_A,14,1.157,-26.7,-5.02,15,1
P007,HRTF_A,14,1.171,-26.41,-6.02,15,1
P007,HRTF_A,14,1.184,-26.12,-6.97,15,1
P007,HRTF_A,14,1.198,-25.8,-7.97,15,1
P007,HRTF_A,14,1.212,-25.48,-9.02,15,1
P007,HRTF_A,14,1.226,-25.16,-10.08,15,1
P007,HRTF_A,14,1.24,-24.79,-11.02,15,1
P007,HRTF_A,14,1.254,-24.48,-11.73,15,1
P007,HRTF_A,14,1.268,-24.17,-12.29,15,1
P007,HRTF_A,14,1.282,-23.83,-12.79,15,1
P007,HRTF_A,14,1.295,-23.47,-13.35,15,1
P007,HRTF_A,14,1.309,-23.05,-13.99,15,1
P007,HRTF_A,14,1.323,-22.65,-14.54,15,1
P007,HRTF_A,14,1.337,-22.26,-14.93,15,1
P007,HRTF_A,14,1.351,-21.91,-15.18,15,1
P007,HRTF_A,14,1.365,-21.56,-15.38,15,1
P007,HRTF_A,14,1.379,-21.23,-15.6,15,1
P007,HRTF_A,14,1.393,-20.91,-15.83,15,1
P007,HRTF_A,14,1.407,-20.57,-16.07,15,1
P007,HRTF_A,14,1.421,-20.26,-16.28,15,1
P007,HRTF_A,14,1.434,-19.97,-16.44,15,1
P007,HRTF_A,14,1.448,-19.65,-16.59,15,1
P007,HRTF_A,14,1.462,-19.28,-16.8,15,1
P007,HRTF_A,14,1.476,-18.9,-17.04,15,1
P007,HRTF_A,14,1.491,-18.52,-17.23,15,1
P007,HRTF_A,14,1.504,-18.13,-17.32,15,1
P007,HRTF_A,14,1.518,-17.75,-17.35,15,1
P007,HRTF_A,14,1.532,-17.3,-17.34,15,1
P007,HRTF_A,14,1.546,-16.86,-17.33,15,1
P007,HRTF_A,14,1.559,-16.34,-17.32,15,1
P007,HRTF_A,14,1.573,-15.82,-17.29,15,1
P007,HRTF_A,14,1.587,-15.32,-17.23,15,1
P007,HRTF_A,14,1.601,-14.82,-17.11,15,1
P007,HRTF_A,14,1.615,-14.31,-16.99,15,1
P007,HRTF_A,14,1.629,-13.79,-16.89,15,1
P007,HRTF_A,14,1.643,-13.24,-16.79,15,1
P007,HRTF_A,14,1.657,-12.71,-16.71,15,1
P007,HRTF_A,14,1.671,-12.22,-16.62,15,1
P007,HRTF_A,14,1.684,-11.8,-16.57,15,1
P007,HRTF_A,14,1.699,-11.49,-16.54,15,1
P007,HRTF_A,14,1.712,-11.23,-16.53,15,1
P007,HRTF_A,14,1.726,-11.04,-16.51,15,1
P007,HRTF_A,14,1.74,-11.11,-16.67,15,1
P007,HRTF_A,14,1.754,-11.03,-16.59,15,1
P007,HRTF_A,14,1.768,-10.89,-16.76,15,1
P007,HRTF_A,14,1.782,-10.61,-16.98,15,1
P007,HRTF_A,14,1.796,-10.32,-17.32,15,1
P007,HRTF_A,14,1.81,-10.05,-17.79,15,1
P007,HRTF_A,14,1.824,-9.74,-18.16,15,1
P007,HRTF_A,14,1.837,-9.41,-18.49,15,1
P007,HRTF_A,14,1.851,-9.03,-18.8,15,1
P007,HRTF_A,14,1.865,-8.64,-19.13,15,1
P007,HRTF_A,14,1.879,-8.27,-19.5,15,1
P007,HRTF_A,14,1.893,-7.92,-19.91,15,1
P007,HRTF_A,14,1.907,-7.59,-20.28,15,1
P007,HRTF_A,14,1.921,-7.26,-20.62,15,1
P007,HRTF_A,14,1.934,-6.96,-20.93,15,1
P007,HRTF_A,14,1.949,-6.62,-21.27,15,1
P007,HRTF_A,14,1.962,-6.24,-21.62,15,1
P007,HRTF_A,14,1.976,-5.82,-21.96,15,1
P007,HRTF_A,14,1.99,-5.34,-22.26,15,1
P007,HRTF_A,14,2.004,-4.79,-22.5,15,1
P007,HRTF_A,14,2.018,-4.18,-22.79,15,1
P007,HRTF_A,14,2.032,-3.51,-23.08,15,1
P007,HRTF_A,14,2.046,-2.8,-23.34,15,1
P007,HRTF_A,14,2.059,-2.07,-23.56,15,1
P007,HRTF_A,14,2.073,-1.3,-23.77,15,1
P007,HRTF_A,14,2.087,-0.45,-24.07,15,1
P007,HRTF_A,14,2.101,0.44,-24.48,15,1
P007,HRTF_A,14,2.115,1.37,-24.95,15,1
P007,HRTF_A,14,2.129,2.32,-25.39,15,1
P007,HRTF_A,14,2.143,3.24,-25.76,15,1
P007,HRTF_A,14,2.157,4.1,-26.07,15,1
P007,HRTF_A,14,2.17,5.01,-26.37,15,1
P007,HRTF_A,14,2.185,5.93,-26.65,15,1
P007,HRTF_A,14,2.198,6.9,-27.0,15,1
P007,HRTF_A,14,2.212,7.87,-27.35,15,1
P007,HRTF_A,14,2.226,8.86,-27.71,15,1
P007,HRTF_A,14,2.24,9.84,-28.11,15,1
P007,HRTF_A,14,2.254,10.76,-28.48,15,1
P007,HRTF_A,14,2.268,11.64,-28.84,15,1
P007,HRTF_A,14,2.282,12.54,-29.16,15,1
P007,HRTF_A,14,2.296,13.43,-29.55,15,1
P007,HRTF_A,14,2.309,14.3,-29.99,15,1
P007,HRTF_A,14,2.323,15.13,-30.48,15,1
P007,HRTF_A,14,2.337,15.94,-30.97,15,1
P007,HRTF_A,14,2.351,16.71,-31.38,15,1
P007,HRTF_A,14,2.365,17.49,-31.74,15,1
P007,HRTF_A,14,2.379,18.23,-32.03,15,1
P007,HRTF_A,14,2.393,18.98,-32.34,15,1
P007,HRTF_A,14,2.407,19.71,-32.74,15,1
P007,HRTF_A,14,2.422,20.41,-33.15,15,1
P007,HRTF_A,14,2.434,21.1,-33.54,15,1
P007,HRTF_A,14,2.449,21.75,-33.88,15,1
P007,HRTF_A,14,2.462,22.38,-34.21,15,1
P007,HRTF_A,14,2.476,22.98,-34.53,15,1
P007,HRTF_A,14,2.49,23.52,-34.9,15,1
P007,HRTF_A,14,2.504,24.03,-35.27,15,1
P007,HRTF_A,14,2.518,24.5,-35.61,15,1
P007,HRTF_A,14,2.532,24.91,-35.91,15,1
P007,HRTF_A,14,2.546,25.29,-36.15,15,1
P007,HRTF_A,14,2.56,25.62,-36.35,15,1
P007,HRTF_A,14,2.573,25.93,-36.54,15,1
P007,HRTF_A,14,2.587,26.16,-36.68,15,1
P007,HRTF_A,14,2.601,26.38,-36.79,15,1
P007,HRTF_A,14,2.615,26.58,-36.85,15,1
P007,HRTF_A,14,2.629,26.77,-36.87,15,1
P007,HRTF_A,14,2.643,26.97,-36.85,15,1
P007,HRTF_A,14,2.657,27.15,-36.82,15,1
P007,HRTF_A,14,2.67,27.34,-36.81,15,1
P007,HRTF_A,14,2.684,27.51,-36.82,15,1
P007,HRTF_A,14,2.698,27.69,-36.85,15,1
P007,HRTF_A,14,2.712,27.84,-36.86,15,1
P007,HRTF_A,14,2.726,27.98,-36.84,15,1
P007,HRTF_A,14,2.74,28.11,-36.81,15,1
P007,HRTF_A,14,2.754,28.25,-36.79,15,1
P007,HRTF_A,14,2.768,28.38,-36.74,15,1
P007,HRTF_A,14,2.782,28.51,-36.7,15,1
P007,HRTF_A,14,2.796,28.63,-36.64,15,1
P007,HRTF_A,14,2.809,28.73,-36.58,15,1
P007,HRTF_A,14,2.823,28.85,-36.49,15,1
P007,HRTF_A,14,2.837,28.98,-36.4,15,1
P007,HRTF_A,14,2.851,29.1,-36.3,15,1
P007,HRTF_A,14,2.865,29.26,-36.16,15,1
P007,HRTF_A,14,2.879,29.43,-35.98,15,1
P007,HRTF_A,14,2.893,29.62,-35.69,15,1
P007,HRTF_A,14,2.907,29.81,-35.24,15,1
P007,HRTF_A,14,2.92,29.97,-34.62,15,1
P007,HRTF_A,14,2.935,30.09,-33.76,15,1
P007,HRTF_A,14,2.948,30.14,-32.7,15,1
P007,HRTF_A,14,2.962,30.19,-31.56,15,1
P007,HRTF_A,14,2.976,30.24,-30.38,15,1
P007,HRTF_A,14,2.99,30.31,-29.18,15,1
P007,HRTF_A,14,3.005,30.41,-27.95,15,1
P007,HRTF_A,14,3.018,30.51,-26.64,15,1
P007,HRTF_A,14,3.032,30.62,-25.26,15,1
P007,HRTF_A,14,3.045,30.71,-23.85,15,1
P007,HRTF_A,14,3.06,30.79,-22.46,15,1
P007,HRTF_A,14,3.073,30.95,-21.13,15,1
P007,HRTF_A,14,3.089,31.18,-19.88,15,1
P007,HRTF_A,14,3.101,31.46,-18.69,15,1
P007,HRTF_A,14,3.115,31.81,-17.51,15,1
P007,HRTF_A,14,3.129,32.17,-16.35,15,1
P007,HRTF_A,14,3.143,32.57,-15.23,15,1
P007,HRTF_A,14,3.157,33.0,-14.16,15,1
P007,HRTF_A,14,3.171,33.47,-13.15,15,1
P007,HRTF_A,14,3.184,34.02,-12.16,15,1
P007,HRTF_A,14,3.198,34.63,-11.25,15,1
P007,HRTF_A,14,3.212,35.28,-10.33,15,1
P007,HRTF_A,14,3.226,35.93,-9.43,15,1
P007,HRTF_A,14,3.24,36.65,-8.59,15,1
P007,HRTF_A,14,3.254,37.39,-7.77,15,1
P007,HRTF_A,14,3.268,38.21,-6.96,15,1
P007,HRTF_A,14,3.281,39.1,-6.19,15,1
P007,HRTF_A,14,3.296,39.98,-5.46,15,1
P007,HRTF_A,14,3.309,40.93,-4.75,15,1
P007,HRTF_A,14,3.324,41.91,-3.99,15,1
P007,HRTF_A,14,3.337,42.94,-3.3,15,1
P007,HRTF_A,14,3.351,44.01,-2.61,15,1
P007,HRTF_A,14,3.365,45.11,-1.98,15,1
P007,HRTF_A,14,3.379,46.22,-1.34,15,1
P007,HRTF_A,14,3.393,47.42,-0.74,15,1
P007,HRTF_A,14,3.406,48.66,-0.17,15,1
P007,HRTF_A,14,3.42,49.95,0.34,15,1
P007,HRTF_A,14,3.434,51.28,0.81,15,1
P007,HRTF_A,14,3.448,52.58,1.35,15,1
P007,HRTF_A,14,3.462,53.88,1.85,15,1
P007,HRTF_A,14,3.476,55.21,2.29,15,1
P007,HRTF_A,14,3.49,56.54,2.66,15,1
P007,HRTF_A,14,3.504,57.9,2.95,15,1
P007,HRTF_A,14,3.518,59.28,3.22,15,1
P007,HRTF_A,14,3.531,60.66,3.5,15,1
P007,HRTF_A,14,3.546,62.07,3.82,15,1
P007,HRTF_A,14,3.559,63.47,4.12,15,1
P007,HRTF_A,14,3.573,64.85,4.38,15,1
P007,HRTF_A,14,3.587,66.26,4.59,15,1
P007,HRTF_A,14,3.601,67.63,4.78,15,1
P007,HRTF_A,14,3.615,69.01,4.95,15,1
P007,HRTF_A,14,3.629,70.37,5.18,15,1
P007,HRTF_A,14,3.643,71.68,5.43,15,1
P007,HRTF_A,14,3.656,72.95,5.68,15,1
P007,HRTF_A,14,3.67,74.19,5.98,15,1
P007,HRTF_A,14,3.684,75.41,6.21,15,1
P007,HRTF_A,14,3.698,76.59,6.42,15,1
P007,HRTF_A,14,3.712,77.75,6.57,15,1
P007,HRTF_A,14,3.726,78.83,6.72,15,1
P007,HRTF_A,14,3.74,79.87,6.86,15,1
P007,HRTF_A,14,3.754,80.83,6.98,15,1
P007,HRTF_A,14,3.769,81.76,7.07,15,1
P007,HRTF_A,14,3.782,82.69,7.13,15,1
P007,HRTF_A,14,3.796,83.62,7.14,15,1
P007,HRTF_A,14,3.809,84.55,7.18,15,1
P007,HRTF_A,14,3.823,85.48,7.23,15,1
P007,HRTF_A,14,3.837,86.41,7.33,15,1
P007,HRTF_A,14,3.851,87.35,7.48,15,1
P007,HRTF_A,14,3.865,88.32,7.71,15,1
P007,HRTF_A,14,3.879,89.31,7.94,15,1
P007,HRTF_A,14,3.893,90.37,8.21,15,1
P007,HRTF_A,14,3.906,91.49,8.5,15,1
P007,HRTF_A,14,3.921,92.65,8.78,15,1
P007,HRTF_A,14,3.934,93.82,9.13,15,1
P007,HRTF_A,14,3.948,94.99,9.46,15,1
P007,HRTF_A,14,3.962,96.18,9.79,15,1
P007,HRTF_A,14,3.976,97.41,10.03,15,1
P007,HRTF_A,14,3.991,98.63,10.23,15,1
P007,HRTF_A,14,4.004,99.87,10.36,15,1
P007,HRTF_A,14,4.018,101.08,10.45,15,1
P007,HRTF_A,14,4.032,102.27,10.52,15,1
P007,HRTF_A,14,4.046,103.41,10.58,15,1
P007,HRTF_A,14,4.059,104.51,10.64,15,1
P007,HRTF_A,14,4.073,105.6,10.67,15,1
P007,HRTF_A,14,4.087,106.68,10.69,15,1
P007,HRTF_A,14,4.1,107.72,10.67,15,1
P007,HRTF_A,14,4.115,108.77,10.61,15,1
P007,HRTF_A,14,4.129,109.78,10.54,15,1
P007,HRTF_A,14,4.142,110.75,10.47,15,1
P007,HRTF_A,14,4.156,111.71,10.48,15,1
P007,HRTF_A,14,4.17,112.66,10.53,15,1
P007,HRTF_A,14,4.184,113.62,10.6,15,1
P007,HRTF_A,14,4.198,114.55,10.67,15,1
P007,HRTF_A,14,4.212,115.47,10.74,15,1
P007,HRTF_A,14,4.227,116.4,10.81,15,1
P007,HRTF_A,14,4.24,117.3,10.94,15,1
P007,HRTF_A,14,4.253,118.2,11.09,15,1
P007,HRTF_A,14,4.267,119.1,11.21,15,1
P007,HRTF_A,14,4.282,120.0,11.35,15,1
P007,HRTF_A,14,4.295,120.89,11.52,15,1
P007,HRTF_A,14,4.309,121.8,11.71,15,1
P007,HRTF_A,14,4.323,122.7,11.93,15,1
P007,HRTF_A,14,4.337,123.61,12.18,15,1
P007,HRTF_A,14,4.351,124.5,12.4,15,1
P007,HRTF_A,14,4.365,125.38,12.6,15,1
P007,HRTF_A,14,4.378,126.28,12.8,15,1
P007,HRTF_A,14,4.393,127.17,13.0,15,1
P007,HRTF_A,14,4.406,128.08,13.23,15,1
P007,HRTF_A,14,4.42,128.99,13.43,15,1
P007,HRTF_A,14,4.434,129.9,13.62,15,1
P007,HRTF_A,14,4.453,130.83,13.81,15,1
P007,HRTF_A,14,4.476,132.74,14.25,15,1
P007,HRTF_A,14,4.489,133.69,14.48,15,1
P007,HRTF_A,14,4.504,134.65,14.71,15,1
P007,HRTF_A,14,4.517,135.61,14.88,15,1
P007,HRTF_A,14,4.532,136.58,15.08,15,1
P007,HRTF_A,14,4.545,137.56,15.32,15,1
P007,HRTF_A,14,4.559,138.52,15.59,15,1
P007,HRTF_A,14,4.573,139.41,15.87,15,1
P007,HRTF_A,14,4.587,140.42,16.18,15,1
P007,HRTF_A,14,4.601,141.43,16.41,15,1
P007,HRTF_A,14,4.615,142.45,16.66,15,1
P007,HRTF_A,14,4.629,143.48,16.98,15,1
P007,HRTF_A,14,4.642,144.49,17.36,15,1
P007,HRTF_A,14,4.656,145.49,17.8,15,1
P007,HRTF_A,14,4.671,146.49,18.22,15,1
P007,HRTF_A,14,4.684,147.48,18.59,15,1
P007,HRTF_A,14,4.699,148.49,18.93,15,1
P007,HRTF_A,14,4.712,149.48,19.22,15,1
P007,HRTF_A,14,4.726,150.42,19.62,15,1
P007,HRTF_A,15,0.014,-8.8,0.93,9,1
P007,HRTF_A,15,0.025,-9.21,0.83,9,1
P007,HRTF_A,15,0.036,-9.64,0.71,9,1
P007,HRTF_A,15,0.054,-10.01,0.67,9,1
P007,HRTF_A,15,0.067,-10.33,0.68,9,1
P007,HRTF_A,15,0.081,-10.58,0.7,9,1
P007,HRTF_A,15,0.096,-10.75,0.75,9,1
P007,HRTF_A,15,0.109,-10.89,0.76,9,1
P007,HRTF_A,15,0.123,-11.02,0.76,9,1
P007,HRTF_A,15,0.137,-11.14,0.74,9,1
P007,HRTF_A,15,0.151,-11.26,0.76,9,1
P007,HRTF_A,15,0.164,-11.39,0.85,9,1
P007,HRTF_A,15,0.179,-11.53,0.98,9,1
P007,HRTF_A,15,0.193,-11.7,1.12,9,1
P007,HRTF_A,15,0.207,-11.89,1.18,9,1
P007,HRTF_A,15,0.221,-12.09,1.21,9,1
P007,HRTF_A,15,0.234,-12.31,1.22,9,1
P007,HRTF_A,15,0.248,-12.54,1.23,9,1
P007,HRTF_A,15,0.262,-12.77,1.28,9,1
P007,HRTF_A,15,0.276,-12.99,1.32,9,1
P007,HRTF_A,15,0.29,-13.23,1.32,9,1
P007,HRTF_A,15,0.304,-13.48,1.26,9,1
P007,HRTF_A,15,0.318,-13.76,1.19,9,1
P007,HRTF_A,15,0.331,-14.07,1.15,9,1
P007,HRTF_A,15,0.352,-14.41,1.12,9,1
P007,HRTF_A,15,0.373,-15.2,1.09,9,1
P007,HRTF_A,15,0.385,-15.65,1.08,9,1
P007,HRTF_A,15,0.401,-16.19,1.08,9,1
P007,HRTF_A,15,0.415,-16.79,1.11,9,1
P007,HRTF_A,15,0.429,-17.45,1.2,9,1
P007,HRTF_A,15,0.443,-18.25,1.35,9,1
P007,HRTF_A,15,0.457,-19.14,1.55,9,1
P007,HRTF_A,15,0.47,-20.11,1.78,9,1
P007,HRTF_A,15,0.484,-21.17,2.08,9,1
P007,HRTF_A,15,0.498,-22.3,2.41,9,1
P007,HRTF_A,15,0.512,-23.53,2.83,9,1
P007,HRTF_A,15,0.526,-24.78,3.31,9,1
P007,HRTF_A,15,0.54,-26.06,3.78,9,1
P007,HRTF_A,15,0.554,-27.36,4.25,9,1
P007,HRTF_A,15,0.568,-28.66,4.65,9,1
P007,HRTF_A,15,0.581,-29.93,5.03,9,1
P007,HRTF_A,15,0.596,-31.24,5.37,9,1
P007,HRTF_A,15,0.609,-32.38,5.67,9,1
P007,HRTF_A,15,0.624,-33.53,5.98,9,1
P007,HRTF_A,15,0.637,-34.58,6.24,9,1
P007,HRTF_A,15,0.651,-35.58,6.43,9,1
P007,HRTF_A,15,0.665,-36.48,6.57,9,1
P007,HRTF_A,15,0.679,-37.28,6.64,9,1
P007,HRTF_A,15,0.693,-38.0,6.68,9,1
P007,HRTF_A,15,0.707,-38.65,6.75,9,1
P007,HRTF_A,15,0.721,-39.23,6.83,9,1
P007,HRTF_A,15,0.735,-39.71,6.94,9,1
P007,HRTF_A,15,0.748,-40.15,7.03,9,1
P007,HRTF_A,15,0.762,-40.55,7.12,9,1
P007,HRTF_A,15,0.776,-40.92,7.22,9,1
P007,HRTF_A,15,0.792,-41.24,7.34,9,1
P007,HRTF_A,15,0.804,-41.55,7.47,9,1
P007,HRTF_A,15,0.818,-41.85,7.6,9,1
P007,HRTF_A,15,0.832,-42.18,7.73,9,1
P007,HRTF_A,15,0.846,-42.48,7.86,9,1
P007,HRTF_A,15,0.86,-42.8,7.98,9,1
P007,HRTF_A,15,0.874,-43.11,8.08,9,1
P007,HRTF_A,15,0.887,-43.41,8.15,9,1
P007,HRTF_A,15,0.901,-43.7,8.19,9,1
P007,HRTF_A,15,0.915,-43.98,8.2,9,1
P007,HRTF_A,15,0.929,-44.27,8.16,9,1
P007,HRTF_A,15,0.943,-44.53,8.1,9,1
P007,HRTF_A,15,0.957,-44.77,8.07,9,1
P007,HRTF_A,15,0.97,-44.96,8.03,9,1
P007,HRTF_A,15,0.985,-45.12,7.98,9,1
P007,HRTF_A,15,0.999,-45.21,7.86,9,1
P007,HRTF_A,15,1.012,-45.24,7.7,9,1
P007,HRTF_A,15,1.026,-45.21,7.53,9,1
P007,HRTF_A,15,1.04,-45.12,7.36,9,1
P007,HRTF_A,15,1.054,-44.95,7.19,9,1
P007,HRTF_A,15,1.068,-44.69,7.01,9,1
P007,HRTF_A,15,1.082,-44.35,6.77,9,1
P007,HRTF_A,15,1.096,-43.89,6.45,9,1
P007,HRTF_A,15,1.11,-43.3,6.05,9,1
P007,HRTF_A,15,1.123,-42.6,5.62,9,1
P007,HRTF_A,15,1.137,-41.78,5.09,9,1
P007,HRTF_A,15,1.151,-40.9,4.53,9,1
P007,HRTF_A,15,1.165,-39.94,3.95,9,1
P007,HRTF_A,15,1.179,-38.88,3.35,9,1
P007,HRTF_A,15,1.193,-37.73,2.77,9,1
P007,HRTF_A,15,1.207,-36.45,2.22,9,1
P007,HRTF_A,15,1.221,-35.19,1.71,9,1
P007,HRTF_A,15,1.234,-33.86,1.2,9,1
P007,HRTF_A,15,1.249,-32.54,0.7,9,1
P007,HRTF_A,15,1.262,-31.21,0.21,9,1
P007,HRTF_A,15,1.276,-29.81,-0.31,9,1
P007,HRTF_A,15,1.29,-28.37,-0.76,9,1
P007,HRTF_A,15,1.304,-26.91,-1.15,9,1
P007,HRTF_A,15,1.318,-25.46,-1.52,9,1
P007,HRTF_A,15,1.332,-24.04,-1.94,9,1
P007,HRTF_A,15,1.346,-22.66,-2.42,9,1
P007,HRTF_A,15,1.36,-21.31,-2.91,9,1
P007,HRTF_A,15,1.373,-19.97,-3.4,9,1
P007,HRTF_A,15,1.387,-18.63,-3.81,9,1
P007,HRTF_A,15,1.401,-17.28,-4.24,9,1
P007,HRTF_A,15,1.415,-15.94,-4.65,9,1
P007,HRTF_A,15,1.429,-14.62,-5.1,9,1
P007,HRTF_A,15,1.443,-13.3,-5.59,9,1
P007,HRTF_A,15,1.457,-12.0,-6.03,9,1
P007,HRTF_A,15,1.471,-10.71,-6.42,9,1
P007,HRTF_A,15,1.485,-9.44,-6.74,9,1
P007,HRTF_A,15,1.499,-8.16,-7.07,9,1
P007,HRTF_A,15,1.513,-6.89,-7.4,9,1
P007,HRTF_A,15,1.526,-5.63,-7.75,9,1
P007,HRTF_A,15,1.54,-4.39,-8.07,9,1
P007,HRTF_A,15,1.554,-3.17,-8.38,9,1
P007,HRTF_A,15,1.568,-1.95,-8.71,9,1
P007,HRTF_A,15,1.582,-0.7,-9.07,9,1
P007,HRTF_A,15,1.596,0.57,-9.4,9,1
P007,HRTF_A,15,1.61,1.83,-9.73,9,1
P007,HRTF_A,15,1.624,3.06,-10.0,9,1
P007,HRTF_A,15,1.638,4.28,-10.29,9,1
P007,HRTF_A,15,1.652,5.52,-10.6,9,1
P007,HRTF_A,15,1.665,6.77,-10.94,9,1
P007,HRTF_A,15,1.679,8.06,-11.3,9,1
P007,HRTF_A,15,1.693,9.39,-11.61,9,1
P007,HRTF_A,15,1.707,10.68,-11.88,9,1
P007,HRTF_A,15,1.721,11.94,-12.14,9,1
P007,HRTF_A,15,1.735,13.2,-12.4,9,1
P007,HRTF_A,15,1.749,14.47,-12.72,9,1
P007,HRTF_A,15,1.762,15.81,-13.07,9,1
P007,HRTF_A,15,1.776,17.17,-13.37,9,1
P007,HRTF_A,15,1.79,18.55,-13.63,9,1
P007,HRTF_A,15,1.804,19.92,-13.86,9,1
P007,HRTF_A,15,1.818,21.28,-14.06,9,1
P007,HRTF_A,15,1.832,22.65,-14.31,9,1
P007,HRTF_A,15,1.846,24.08,-14.66,9,1
P007,HRTF_A,15,1.86,25.51,-14.97,9,1
P007,HRTF_A,15,1.874,26.98,-15.28,9,1
P007,HRTF_A,15,1.887,28.47,-15.55,9,1
P007,HRTF_A,15,1.901,29.97,-15.82,9,1
P007,HRTF_A,15,1.915,31.52,-16.13,9,1
P007,HRTF_A,15,1.929,33.1,-16.48,9,1
P007,HRTF_A,15,1.943,34.71,-16.84,9,1
P007,HRTF_A,15,1.957,36.35,-17.19,9,1
P007,HRTF_A,15,1.971,37.94,-17.49,9,1
P007,HRTF_A,15,1.985,39.54,-17.77,9,1
P007,HRTF_A,15,1.999,41.11,-18.04,9,1
P007,HRTF_A,15,2.012,42.69,-18.31,9,1
P007,HRTF_A,15,2.026,44.25,-18.6,9,1
P007,HRTF_A,15,2.04,45.83,-18.86,9,1
P007,HRTF_A,15,2.054,47.39,-19.08,9,1
P007,HRTF_A,15,2.068,48.96,-19.28,9,1
P007,HRTF_A,15,2.083,50.56,-19.5,9,1
P007,HRTF_A,15,2.096,52.19,-19.77,9,1
P007,HRTF_A,15,2.11,53.9,-20.1,9,1
P007,HRTF_A,15,2.124,55.64,-20.45,9,1
P007,HRTF_A,15,2.138,57.35,-20.78,9,1
P007,HRTF_A,15,2.152,59.05,-21.03,9,1
P007,HRTF_A,15,2.165,60.67,-21.21,9,1
P007,HRTF_A,15,2.179,62.24,-21.34,9,1
P007,HRTF_A,15,2.193,63.75,-21.45,9,1
P007,HRTF_A,15,2.207,65.19,-21.54,9,1
P007,HRTF_A,15,2.221,66.6,-21.62,9,1
P007,HRTF_A,15,2.235,67.95,-21.67,9,1
P007,HRTF_A,15,2.249,69.25,-21.74,9,1
P007,HRTF_A,15,2.262,70.49,-21.8,9,1
P007,HRTF_A,15,2.277,71.69,-21.91,9,1
P007,HRTF_A,15,2.29,72.84,-22.05,9,1
P007,HRTF_A,15,2.305,74.01,-22.25,9,1
P007,HRTF_A,15,2.318,75.13,-22.45,9,1
P007,HRTF_A,15,2.332,76.24,-22.65,9,1
P007,HRTF_A,15,2.346,77.3,-22.82,9,1
P007,HRTF_A,15,2.36,78.35,-22.92,9,1
P007,HRTF_A,15,2.374,79.36,-22.94,9,1
P007,HRTF_A,15,2.387,80.31,-22.8,9,1
P007,HRTF_A,15,2.402,81.22,-22.54,9,1
P007,HRTF_A,15,2.416,82.09,-22.19,9,1
P007,HRTF_A,15,2.429,82.89,-21.69,9,1
P007,HRTF_A,15,2.443,83.63,-21.06,9,1
P007,HRTF_A,15,2.457,84.32,-20.33,9,1
P007,HRTF_A,15,2.471,84.93,-19.54,9,1
P007,HRTF_A,15,2.485,85.51,-18.73,9,1
P007,HRTF_A,15,2.499,86.01,-17.88,9,1
P007,HRTF_A,15,2.513,86.52,-17.02,9,1
P007,HRTF_A,15,2.526,86.98,-16.16,9,1
P007,HRTF_A,15,2.54,87.41,-15.3,9,1
P007,HRTF_A,15,2.554,87.77,-14.45,9,1
P007,HRTF_A,15,2.568,88.09,-13.53,9,1
P007,HRTF_A,15,2.582,88.37,-12.62,9,1
P007,HRTF_A,15,2.596,88.62,-11.8,9,1
P007,HRTF_A,15,2.61,88.89,-11.03,9,1
P007,HRTF_A,15,2.624,89.17,-10.36,9,1
P007,HRTF_A,15,2.638,89.41,-9.72,9,1
P007,HRTF_A,15,2.652,89.6,-9.07,9,1
P007,HRTF_A,15,2.665,89.75,-8.45,9,1
P007,HRTF_A,15,2.679,89.88,-7.89,9,1
P007,HRTF_A,15,2.693,90.02,-7.39,9,1
P007,HRTF_A,15,2.707,90.18,-6.97,9,1
P007,HRTF_A,15,2.72,90.37,-6.61,9,1
P007,HRTF_A,15,2.735,90.56,-6.28,9,1
P007,HRTF_A,15,2.748,90.75,-5.93,9,1
P007,HRTF_A,15,2.763,90.96,-5.57,9,1
P007,HRTF_A,15,2.776,91.21,-5.23,9,1
P007,HRTF_A,15,2.79,91.49,-4.87,9,1
P007,HRTF_A,15,2.804,91.82,-4.49,9,1
P007,HRTF_A,15,2.818,92.15,-4.11,9,1
P007,HRTF_A,15,2.832,92.5,-3.74,9,1
P007,HRTF_A,15,2.846,92.85,-3.39,9,1
P007,HRTF_A,15,2.86,93.22,-3.04,9,1
P007,HRTF_A,16,0.012,-8.18,2.27,14,1
P007,HRTF_A,16,0.027,-8.47,2.35,14,1
P007,HRTF_A,16,0.041,-8.79,2.43,14,1
P007,HRTF_A,16,0.055,-9.09,2.55,14,1
P007,HRTF_A,16,0.069,-9.4,2.63,14,1
P007,HRTF_A,16,0.082,-9.71,2.7,14,1
P007,HRTF_A,16,0.096,-10.01,2.75,14,1
P007,HRTF_A,16,0.11,-10.31,2.74,14,1
P007,HRTF_A,16,0.124,-10.59,2.7,14,1
P007,HRTF_A,16,0.138,-10.85,2.65,14,1
P007,HRTF_A,16,0.152,-11.09,2.61,14,1
P007,HRTF_A,16,0.167,-11.33,2.54,14,1
P007,HRTF_A,16,0.18,-11.56,2.48,14,1
P007,HRTF_A,16,0.194,-11.83,2.45,14,1
P007,HRTF_A,16,0.208,-12.14,2.44,14,1
P007,HRTF_A,16,0.221,-12.55,2.4,14,1
P007,HRTF_A,16,0.235,-13.05,2.31,14,1
P007,HRTF_A,16,0.249,-13.62,2.22,14,1
P007,HRTF_A,16,0.263,-14.24,2.14,14,1
P007,HRTF_A,16,0.277,-14.9,2.07,14,1
P007,HRTF_A,16,0.291,-15.61,2.0,14,1
P007,HRTF_A,16,0.305,-16.4,1.87,14,1
P007,HRTF_A,16,0.319,-17.24,1.7,14,1
P007,HRTF_A,16,0.332,-18.13,1.49,14,1
P007,HRTF_A,16,0.346,-19.1,1.29,14,1
P007,HRTF_A,16,0.361,-20.17,1.06,14,1
P007,HRTF_A,16,0.374,-21.33,0.75,14,1
P007,HRTF_A,16,0.388,-22.57,0.46,14,1
P007,HRTF_A,16,0.402,-23.95,0.14,14,1
P007,HRTF_A,16,0.416,-25.46,-0.12,14,1
P007,HRTF_A,16,0.43,-27.16,-0.37,14,1
P007,HRTF_A,16,0.444,-28.91,-0.63,14,1
P007,HRTF_A,16,0.458,-30.62,-0.76,14,1
P007,HRTF_A,16,0.472,-32.31,-0.9,14,1
P007,HRTF_A,16,0.485,-33.94,-1.04,14,1
P007,HRTF_A,16,0.499,-35.54,-1.15,14,1
P007,HRTF_A,16,0.513,-37.11,-1.36,14,1
P007,HRTF_A,16,0.527,-38.6,-1.47,14,1
P007,HRTF_A,16,0.541,-40.01,-1.58,14,1
P007,HRTF_A,16,0.555,-41.33,-1.63,14,1
P007,HRTF_A,16,0.568,-42.51,-1.65,14,1
P007,HRTF_A,16,0.583,-43.6,-1.63,14,1
P007,HRTF_A,16,0.596,-44.58,-1.54,14,1
P007,HRTF_A,16,0.61,-45.44,-1.37,14,1
P007,HRTF_A,16,0.624,-46.14,-1.23,14,1
P007,HRTF_A,16,0.639,-46.76,-1.02,14,1
P007,HRTF_A,16,0.652,-47.27,-0.87,14,1
P007,HRTF_A,16,0.666,-47.85,-0.93,14,1
P007,HRTF_A,16,0.68,-48.29,-0.98,14,1
P007,HRTF_A,16,0.694,-48.79,-1.01,14,1
P007,HRTF_A,16,0.708,-49.09,-0.89,14,1
P007,HRTF_A,16,0.721,-49.37,-0.94,14,1
P007,HRTF_A,16,0.735,-49.68,-0.94,14,1
P007,HRTF_A,16,0.75,-50.01,-0.87,14,1
P007,HRTF_A,16,0.763,-50.46,-0.86,14,1
P007,HRTF_A,16,0.777,-50.8,-0.93,14,1
P007,HRTF_A,16,0.791,-51.18,-0.84,14,1
P007,HRTF_A,16,0.805,-51.41,-0.75,14,1
P007,HRTF_A,16,0.819,-51.61,-0.58,14,1
P007,HRTF_A,16,0.833,-51.68,-0.39,14,1
P007,HRTF_A,16,0.847,-51.72,-0.13,14,1
P007,HRTF_A,16,0.861,-51.71,0.11,14,1
P007,HRTF_A,16,0.874,-51.67,0.38,14,1
P007,HRTF_A,16,0.888,-51.59,0.56,14,1
P007,HRTF_A,16,0.902,-51.57,0.63,14,1
P007,HRTF_A,16,0.916,-51.6,0.65,14,1
P007,HRTF_A,16,0.93,-51.67,0.66,14,1
P007,HRTF_A,16,0.944,-51.77,0.76,14,1
P007,HRTF_A,16,0.958,-51.89,0.94,14,1
P007,HRTF_A,16,0.971,-52.05,1.12,14,1
P007,HRTF_A,16,0.986,-52.24,1.24,14,1
P007,HRTF_A,16,1.0,-52.46,1.3,14,1
P007,HRTF_A,16,1.013,-52.74,1.35,14,1
P007,HRTF_A,16,1.027,-53.03,1.48,14,1
P007,HRTF_A,16,1.041,-53.31,1.67,14,1
P007,HRTF_A,16,1.055,-53.57,1.78,14,1
P007,HRTF_A,16,1.069,-53.85,1.74,14,1
P007,HRTF_A,16,1.083,-54.17,1.59,14,1
P007,HRTF_A,16,1.097,-54.56,1.46,14,1
P007,HRTF_A,16,1.11,-55.04,1.44,14,1
P007,HRTF_A,16,1.124,-55.6,1.49,14,1
P007,HRTF_A,16,1.138,-56.2,1.52,14,1
P007,HRTF_A,16,1.152,-56.83,1.46,14,1
P007,HRTF_A,16,1.166,-57.41,1.22,14,1
P007,HRTF_A,16,1.18,-58.0,0.91,14,1
P007,HRTF_A,16,1.194,-59.06,0.72,14,1
P007,HRTF_A,16,1.208,-59.99,1.0,14,1
P007,HRTF_A,16,1.222,-60.67,1.2,14,1
P007,HRTF_A,16,1.235,-61.28,1.46,14,1
P007,HRTF_A,16,1.249,-61.88,1.54,14,1
P007,HRTF_A,16,1.263,-62.58,1.44,14,1
P007,HRTF_A,16,1.277,-63.31,1.18,14,1
P007,HRTF_A,16,1.291,-64.08,0.84,14,1
P007,HRTF_A,16,1.305,-64.86,0.5,14,1
P007,HRTF_A,16,1.319,-65.67,0.24,14,1
P007,HRTF_A,16,1.333,-66.48,0.01,14,1
P007,HRTF_A,16,1.347,-67.3,-0.16,14,1
P007,HRTF_A,16,1.361,-68.17,-0.31,14,1
P007,HRTF_A,16,1.374,-69.08,-0.43,14,1
P007,HRTF_A,16,1.388,-70.0,-0.5,14,1
P007,HRTF_A,16,1.402,-70.95,-0.55,14,1
P007,HRTF_A,16,1.416,-71.92,-0.65,14,1
P007,HRTF_A,16,1.43,-72.92,-0.83,14,1
P007,HRTF_A,16,1.444,-73.96,-1.09,14,1
P007,HRTF_A,16,1.458,-74.98,-1.39,14,1
P007,HRTF_A,16,1.472,-75.98,-1.62,14,1
P007,HRTF_A,16,1.485,-76.93,-1.83,14,1
P007,HRTF_A,16,1.5,-77.9,-2.02,14,1
P007,HRTF_A,16,1.513,-78.83,-2.31,14,1
P007,HRTF_A,16,1.527,-79.73,-2.66,14,1
P007,HRTF_A,16,1.541,-80.6,-2.98,14,1
P007,HRTF_A,16,1.555,-81.44,-3.26,14,1
P007,HRTF_A,16,1.569,-82.24,-3.53,14,1
P007,HRTF_A,16,1.583,-83.04,-3.82,14,1
P007,HRTF_A,16,1.597,-83.84,-4.17,14,1
P007,HRTF_A,16,1.611,-84.66,-4.6,14,1
P007,HRTF_A,16,1.625,-85.48,-5.1,14,1
P007,HRTF_A,16,1.639,-86.33,-5.58,14,1
P007,HRTF_A,16,1.652,-87.12,-6.09,14,1
P007,HRTF_A,16,1.666,-87.88,-6.55,14,1
P007,HRTF_A,16,1.68,-88.63,-6.98,14,1
P007,HRTF_A,16,1.694,-89.33,-7.37,14,1
P007,HRTF_A,16,1.708,-90.01,-7.75,14,1
P007,HRTF_A,16,1.722,-90.67,-8.12,14,1
P007,HRTF_A,16,1.736,-91.29,-8.49,14,1
P007,HRTF_A,16,1.749,-91.85,-8.88,14,1
P007,HRTF_A,16,1.763,-92.35,-9.22,14,1
P007,HRTF_A,16,1.777,-92.86,-9.58,14,1
P007,HRTF_A,16,1.791,-93.35,-9.93,14,1
P007,HRTF_A,16,1.805,-93.85,-10.31,14,1
P007,HRTF_A,16,1.819,-94.32,-10.7,14,1
P007,HRTF_A,16,1.833,-94.79,-11.14,14,1
P007,HRTF_A,16,1.847,-95.23,-11.56,14,1
P007,HRTF_A,16,1.861,-95.71,-11.9,14,1
P007,HRTF_A,16,1.874,-96.24,-12.17,14,1
P007,HRTF_A,16,1.888,-96.83,-12.42,14,1
P007,HRTF_A,16,1.902,-97.47,-12.64,14,1
P007,HRTF_A,16,1.916,-98.11,-12.88,14,1
P007,HRTF_A,16,1.93,-98.78,-13.08,14,1
P007,HRTF_A,16,1.944,-99.41,-13.21,14,1
P007,HRTF_A,16,1.958,-100.04,-13.31,14,1
P007,HRTF_A,16,1.972,-100.69,-13.34,14,1
P007,HRTF_A,16,1.985,-101.36,-13.37,14,1
P007,HRTF_A,16,2.0,-102.06,-13.46,14,1
P007,HRTF_A,16,2.013,-102.78,-13.57,14,1
P007,HRTF_A,16,2.027,-103.51,-13.7,14,1
P007,HRTF_A,16,2.041,-104.22,-13.81,14,1
P007,HRTF_A,16,2.056,-104.96,-13.88,14,1
P007,HRTF_A,16,2.069,-105.72,-13.93,14,1
P007,HRTF_A,16,2.083,-106.49,-14.03,14,1
P007,HRTF_A,16,2.097,-107.29,-14.2,14,1
P007,HRTF_A,16,2.111,-108.06,-14.41,14,1
P007,HRTF_A,16,2.124,-108.78,-14.64,14,1
P007,HRTF_A,16,2.138,-109.44,-14.81,14,1
P007,HRTF_A,16,2.152,-110.09,-14.95,14,1
P007,HRTF_A,16,2.166,-110.71,-15.1,14,1
P007,HRTF_A,16,2.18,-111.33,-15.29,14,1
P007,HRTF_A,16,2.194,-111.94,-15.51,14,1
P007,HRTF_A,16,2.208,-112.54,-15.76,14,1
P007,HRTF_A,16,2.222,-113.12,-15.99,14,1
P007,HRTF_A,16,2.236,-113.69,-16.23,14,1
P007,HRTF_A,16,2.249,-114.25,-16.45,14,1
P007,HRTF_A,16,2.263,-114.84,-16.67,14,1
P007,HRTF_A,16,2.277,-115.47,-16.93,14,1
P007,HRTF_A,16,2.291,-116.17,-17.18,14,1
P007,HRTF_A,16,2.305,-116.87,-17.45,14,1
P007,HRTF_A,16,2.319,-117.59,-17.73,14,1
P007,HRTF_A,16,2.333,-118.31,-17.98,14,1
P007,HRTF_A,16,2.347,-119.03,-18.21,14,1
P007,HRTF_A,16,2.361,-119.76,-18.4,14,1
P007,HRTF_A,16,2.375,-120.47,-18.6,14,1
P007,HRTF_A,16,2.388,-121.18,-18.79,14,1
P007,HRTF_A,16,2.402,-121.89,-19.01,14,1
P007,HRTF_A,16,2.416,-122.57,-19.25,14,1
P007,HRTF_A,16,2.43,-123.23,-19.52,14,1
P007,HRTF_A,16,2.444,-123.89,-19.76,14,1
P007,HRTF_A,16,2.458,-124.57,-20.02,14,1
P007,HRTF_A,16,2.472,-125.25,-20.24,14,1
P007,HRTF_A,16,2.486,-125.94,-20.46,14,1
P007,HRTF_A,16,2.499,-126.66,-20.66,14,1
P007,HRTF_A,16,2.513,-127.31,-20.93,14,1
P007,HRTF_A,16,2.527,-127.96,-21.2,14,1
P007,HRTF_A,16,2.541,-128.62,-21.47,14,1
P007,HRTF_A,16,2.555,-129.28,-21.72,14,1
P007,HRTF_A,16,2.569,-129.93,-21.95,14,1
P007,HRTF_A,16,2.583,-130.54,-22.18,14,1
P007,HRTF_A,16,2.597,-131.15,-22.37,14,1
P007,HRTF_A,16,2.611,-131.77,-22.51,14,1
P007,HRTF_A,16,2.624,-132.44,-22.67,14,1
P007,HRTF_A,16,2.638,-133.1,-22.77,14,1
P007,HRTF_A,16,2.652,-133.8,-22.91,14,1
P007,HRTF_A,16,2.666,-134.54,-22.94,14,1
P007,HRTF_A,16,2.68,-135.32,-23.11,14,1
P007,HRTF_A,16,2.694,-136.12,-23.21,14,1
P007,HRTF_A,16,2.708,-136.95,-23.29,14,1
P007,HRTF_A,16,2.722,-137.86,-23.37,14,1
P007,HRTF_A,16,2.736,-138.78,-23.37,14,1
P007,HRTF_A,16,2.749,-139.72,-23.3,14,1
P007,HRTF_A,16,2.764,-140.69,-23.18,14,1
P007,HRTF_A,16,2.778,-141.64,-23.08,14,1
P007,HRTF_A,16,2.791,-142.61,-22.96,14,1
P007,HRTF_A,16,2.805,-143.58,-22.9,14,1
P007,HRTF_A,16,2.819,-144.53,-22.88,14,1
P007,HRTF_A,16,2.833,-145.45,-22.89,14,1
P007,HRTF_A,16,2.847,-146.34,-22.92,14,1
P007,HRTF_A,16,2.861,-147.24,-23.03,14,1
P007,HRTF_A,16,2.874,-148.13,-23.16,14,1
P007,HRTF_A,16,2.888,-149.0,-23.3,14,1
P007,HRTF_A,16,2.902,-149.88,-23.48,14,1
P007,HRTF_A,16,2.916,-150.71,-23.72,14,1
P007,HRTF_A,16,2.93,-151.55,-23.99,14,1
P007,HRTF_A,16,2.944,-152.45,-24.22,14,1
P007,HRTF_A,16,2.958,-153.36,-24.45,14,1
P007,HRTF_A,16,2.972,-154.34,-24.64,14,1
P007,HRTF_A,16,2.985,-155.32,-24.83,14,1
P007,HRTF_A,16,3.0,-156.32,-25.04,14,1
P007,HRTF_A,16,3.013,-157.31,-25.32,14,1
P007,HRTF_A,16,3.027,-158.29,-25.57,14,1
P007,HRTF_A,16,3.041,-159.25,-25.85,14,1
P007,HRTF_A,16,3.055,-160.23,-26.05,14,1
P007,HRTF_A,16,3.069,-161.19,-26.19,14,1
P007,HRTF_A,16,3.082,-162.16,-26.28,14,1
P007,HRTF_A,16,3.097,-163.07,-26.33,14,1
P007,HRTF_A,16,3.111,-164.0,-26.4,14,1
P007,HRTF_A,16,3.124,-164.89,-26.49,14,1
P007,HRTF_A,16,3.138,-165.8,-26.6,14,1
P007,HRTF_A,16,3.152,-166.71,-26.71,14,1
P007,HRTF_A,16,3.166,-167.62,-26.81,14,1
P007,HRTF_A,16,3.18,-168.53,-26.87,14,1
P007,HRTF_A,16,3.194,-169.45,-26.95,14,1
P007,HRTF_A,16,3.208,-170.4,-27.03,14,1
P007,HRTF_A,16,3.222,-171.37,-27.18,14,1
P007,HRTF_A,16,3.236,-172.35,-27.32,14,1
P007,HRTF_A,16,3.249,-173.35,-27.41,14,1
P007,HRTF_A,16,3.263,-174.35,-27.45,14,1
P007,HRTF_A,16,3.277,-175.38,-27.48,14,1
P007,HRTF_A,16,3.291,-176.46,-27.53,14,1
P007,HRTF_A,16,3.305,-177.54,-27.6,14,1
P007,HRTF_A,16,3.319,-178.62,-27.65,14,1
P007,HRTF_A,16,3.333,-179.7,-27.67,14,1
P007,HRTF_A,16,3.346,179.19,-27.66,14,1
P007,HRTF_A,16,3.361,178.07,-27.64,14,1
P007,HRTF_A,16,3.374,176.93,-27.61,14,1
P007,HRTF_A,16,3.388,175.78,-27.6,14,1
P007,HRTF_A,16,3.402,174.61,-27.64,14,1
P007,HRTF_A,16,3.416,173.4,-27.72,14,1
P007,HRTF_A,16,3.43,171.98,-27.85,14,1
P007,HRTF_A,16,3.444,170.51,-28.07,14,1
P007,HRTF_A,16,3.458,168.87,-28.25,14,1
P007,HRTF_A,16,3.471,167.06,-28.39,14,1
P007,HRTF_A,16,3.485,165.06,-28.53,14,1
P007,HRTF_A,16,3.499,162.98,-28.59,14,1
P007,HRTF_A,16,3.513,160.95,-28.58,14,1
P007,HRTF_A,16,3.527,158.98,-28.49,14,1
P007,HRTF_A,16,3.541,157.16,-28.39,14,1
P007,HRTF_A,16,3.556,155.5,-28.29,14,1
P007,HRTF_A,16,3.569,154.03,-28.22,14,1
P007,HRTF_A,16,3.582,152.63,-28.14,14,1
P007,HRTF_A,16,3.596,151.34,-28.03,14,1
P007,HRTF_A,16,3.611,150.1,-27.88,14,1
P007,HRTF_A,16,3.624,148.95,-27.69,14,1
P007,HRTF_A,16,3.639,147.89,-27.44,14,1
P007,HRTF_A,16,3.653,146.93,-27.18,14,1
P007,HRTF_A,16,3.666,146.07,-26.96,14,1
P007,HRTF_A,16,3.68,145.28,-26.78,14,1
P007,HRTF_A,16,3.693,144.59,-26.68,14,1
P007,HRTF_A,16,3.708,144.0,-26.63,14,1
P007,HRTF_A,16,3.722,143.49,-26.61,14,1
P007,HRTF_A,16,3.735,143.02,-26.6,14,1
P007,HRTF_A,16,3.75,142.64,-26.56,14,1
P007,HRTF_A,16,3.763,142.35,-26.5,14,1
P007,HRTF_A,16,3.777,142.18,-26.45,14,1
P007,HRTF_A,16,3.791,142.08,-26.43,14,1
P007,HRTF_A,16,3.805,142.02,-26.42,14,1
P007,HRTF_A,16,3.819,142.0,-26.38,14,1
P007,HRTF_A,16,3.833,141.98,-26.33,14,1
P007,HRTF_A,16,3.847,141.99,-26.22,14,1
P007,HRTF_A,16,3.86,142.04,-26.04,14,1
P007,HRTF_A,16,3.874,142.13,-25.88,14,1
P007,HRTF_A,16,3.888,142.22,-25.78,14,1
P007,HRTF_A,16,3.902,142.3,-25.75,14,1
P007,HRTF_A,16,3.916,142.32,-25.75,14,1
P007,HRTF_A,16,3.93,142.35,-25.76,14,1
P007,HRTF_A,16,3.944,142.39,-25.68,14,1
P007,HRTF_A,16,3.958,142.47,-25.51,14,1
P007,HRTF_A,16,3.971,142.55,-25.32,14,1
P007,HRTF_A,16,3.986,142.64,-25.13,14,1
P007,HRTF_A,16,4.0,142.72,-25.0,14,1
P007,HRTF_A,16,4.013,142.76,-24.85,14,1
P007,HRTF_A,16,4.027,142.73,-24.68,14,1
P007,HRTF_A,16,4.041,142.67,-24.48,14,1
P007,HRTF_A,16,4.055,142.59,-24.24,14,1
P007,HRTF_A,16,4.069,142.5,-24.08,14,1
P007,HRTF_A,16,4.082,142.41,-23.97,14,1
P007,HRTF_A,16,4.097,142.27,-23.92,14,1
P007,HRTF_A,16,4.11,142.06,-23.9,14,1
P007,HRTF_A,16,4.124,141.81,-23.84,14,1
P007,HRTF_A,16,4.138,141.55,-23.75,14,1
P007,HRTF_A,16,4.155,141.27,-23.65,14,1
P007,HRTF_A,16,4.169,141.03,-23.6,14,1
P007,HRTF_A,16,4.181,140.78,-23.58,14,1
P007,HRTF_A,16,4.194,140.54,-23.6,14,1
P007,HRTF_A,16,4.208,140.32,-23.65,14,1
P007,HRTF_A,16,4.222,140.1,-23.67,14,1
P007,HRTF_A,16,4.236,139.89,-23.69,14,1
P007,HRTF_A,16,4.249,139.71,-23.65,14,1
P007,HRTF_A,16,4.263,139.54,-23.61,14,1
P007,HRTF_A,16,4.277,139.4,-23.56,14,1
P007,HRTF_A,17,0.013,-3.72,2.94,12,1
P007,HRTF_A,17,0.024,-2.79,2.91,12,1
P007,HRTF_A,17,0.035,-1.9,2.92,12,1
P007,HRTF_A,17,0.046,-1.02,3.03,12,1
P007,HRTF_A,17,0.07,-0.22,3.26,12,1
P007,HRTF_A,17,0.084,0.63,3.39,12,1
P007,HRTF_A,17,0.098,1.49,3.47,12,1
P007,HRTF_A,17,0.112,2.33,3.47,12,1
P007,HRTF_A,17,0.126,3.15,3.5,12,1
P007,HRTF_A,17,0.14,3.91,3.54,12,1
P007,HRTF_A,17,0.153,4.6,3.64,12,1
P007,HRTF_A,17,0.167,5.25,3.69,12,1
P007,HRTF_A,17,0.181,5.86,3.71,12,1
P007,HRTF_A,17,0.195,6.45,3.69,12,1
P007,HRTF_A,17,0.209,7.01,3.62,12,1
P007,HRTF_A,17,0.223,7.56,3.49,12,1
P007,HRTF_A,17,0.237,8.14,3.33,12,1
P007,HRTF_A,17,0.25,8.72,3.17,12,1
P007,HRTF_A,17,0.264,9.32,2.98,12,1
P007,HRTF_A,17,0.278,9.93,2.81,12,1
P007,HRTF_A,17,0.292,10.57,2.61,12,1
P007,HRTF_A,17,0.306,11.25,2.33,12,1
P007,HRTF_A,17,0.32,12.02,2.0,12,1
P007,HRTF_A,17,0.334,12.81,1.59,12,1
P007,HRTF_A,17,0.348,13.6,1.13,12,1
P007,HRTF_A,17,0.362,14.38,0.58,12,1
P007,HRTF_A,17,0.376,15.15,-0.03,12,1
P007,HRTF_A,17,0.39,15.94,-0.67,12,1
P007,HRTF_A,17,0.404,16.78,-1.36,12,1
P007,HRTF_A,17,0.417,17.59,-2.09,12,1
P007,HRTF_A,17,0.431,18.38,-2.82,12,1
P007,HRTF_A,17,0.445,19.1,-3.49,12,1
P007,HRTF_A,17,0.459,19.76,-4.09,12,1
P007,HRTF_A,17,0.473,20.37,-4.64,12,1
P007,HRTF_A,17,0.487,20.96,-5.26,12,1
P007,HRTF_A,17,0.501,21.5,-5.94,12,1
P007,HRTF_A,17,0.515,21.99,-6.65,12,1
P007,HRTF_A,17,0.528,22.46,-7.26,12,1
P007,HRTF_A,17,0.542,22.89,-7.8,12,1
P007,HRTF_A,17,0.556,23.21,-8.26,12,1
P007,HRTF_A,17,0.57,23.45,-8.74,12,1
P007,HRTF_A,17,0.584,23.65,-9.31,12,1
P007,HRTF_A,17,0.598,23.82,-9.97,12,1
P007,HRTF_A,17,0.612,23.99,-10.58,12,1
P007,HRTF_A,17,0.626,24.16,-11.14,12,1
P007,HRTF_A,17,0.639,24.37,-11.64,12,1
P007,HRTF_A,17,0.653,24.62,-12.15,12,1
P007,HRTF_A,17,0.667,24.95,-12.7,12,1
P007,HRTF_A,17,0.681,25.35,-13.24,12,1
P007,HRTF_A,17,0.695,25.83,-13.8,12,1
P007,HRTF_A,17,0.709,26.45,-14.35,12,1
P007,HRTF_A,17,0.723,27.17,-14.95,12,1
P007,HRTF_A,17,0.737,27.99,-15.56,12,1
P007,HRTF_A,17,0.751,28.92,-16.18,12,1
P007,HRTF_A,17,0.765,29.91,-16.79,12,1
P007,HRTF_A,17,0.778,30.96,-17.3,12,1
P007,HRTF_A,17,0.793,32.09,-17.73,12,1
P007,HRTF_A,17,0.807,33.33,-18.1,12,1
P007,HRTF_A,17,0.82,34.62,-18.47,12,1
P007,HRTF_A,17,0.834,35.98,-18.83,12,1
P007,HRTF_A,17,0.848,37.42,-19.16,12,1
P007,HRTF_A,17,0.862,38.93,-19.5,12,1
P007,HRTF_A,17,0.876,40.48,-19.86,12,1
P007,HRTF_A,17,0.89,42.12,-20.27,12,1
P007,HRTF_A,17,0.904,43.8,-20.74,12,1
P007,HRTF_A,17,0.918,45.52,-21.3,12,1
P007,HRTF_A,17,0.932,47.27,-21.96,12,1
P007,HRTF_A,17,0.945,49.06,-22.66,12,1
P007,HRTF_A,17,0.959,50.85,-23.28,12,1
P007,HRTF_A,17,0.973,52.73,-23.86,12,1
P007,HRTF_A,17,0.987,54.61,-24.35,12,1
P007,HRTF_A,17,1.001,56.42,-24.79,12,1
P007,HRTF_A,17,1.015,58.19,-25.28,12,1
P007,HRTF_A,17,1.031,59.89,-25.79,12,1
P007,HRTF_A,17,1.043,61.52,-26.36,12,1
P007,HRTF_A,17,1.057,63.06,-26.87,12,1
P007,HRTF_A,17,1.07,64.57,-27.34,12,1
P007,HRTF_A,17,1.084,65.98,-27.69,12,1
P007,HRTF_A,17,1.098,67.41,-28.01,12,1
P007,HRTF_A,17,1.112,68.85,-28.37,12,1
P007,HRTF_A,17,1.126,70.25,-28.69,12,1
P007,HRTF_A,17,1.14,71.58,-28.97,12,1
P007,HRTF_A,17,1.154,72.78,-29.17,12,1
P007,HRTF_A,17,1.168,73.91,-29.34,12,1
P007,HRTF_A,17,1.182,75.0,-29.49,12,1
P007,HRTF_A,17,1.195,76.09,-29.65,12,1
P007,HRTF_A,17,1.209,77.14,-29.77,12,1
P007,HRTF_A,17,1.223,78.14,-29.85,12,1
P007,HRTF_A,17,1.237,79.05,-29.84,12,1
P007,HRTF_A,17,1.251,79.89,-29.77,12,1
P007,HRTF_A,17,1.265,80.69,-29.63,12,1
P007,HRTF_A,17,1.279,81.48,-29.5,12,1
P007,HRTF_A,17,1.293,82.3,-29.41,12,1
P007,HRTF_A,17,1.307,83.13,-29.38,12,1
P007,HRTF_A,17,1.32,83.93,-29.38,12,1
P007,HRTF_A,17,1.334,84.73,-29.41,12,1
P007,HRTF_A,17,1.348,85.53,-29.35,12,1
P007,HRTF_A,17,1.362,86.29,-29.2,12,1
P007,HRTF_A,17,1.376,87.06,-29.06,12,1
P007,HRTF_A,17,1.39,87.87,-28.93,12,1
P007,HRTF_A,17,1.404,88.74,-28.85,12,1
P007,HRTF_A,17,1.418,89.66,-28.73,12,1
P007,HRTF_A,17,1.431,90.64,-28.55,12,1
P007,HRTF_A,17,1.446,91.66,-28.3,12,1
P007,HRTF_A,17,1.459,92.7,-28.0,12,1
P007,HRTF_A,17,1.473,93.78,-27.76,12,1
P007,HRTF_A,17,1.487,94.94,-27.57,12,1
P007,HRTF_A,17,1.501,96.15,-27.39,12,1
P007,HRTF_A,17,1.515,97.44,-27.2,12,1
P007,HRTF_A,17,1.529,98.77,-27.0,12,1
P007,HRTF_A,17,1.543,100.1,-26.77,12,1
P007,HRTF_A,17,1.556,101.43,-26.51,12,1
P007,HRTF_A,17,1.571,102.76,-26.23,12,1
P007,HRTF_A,17,1.584,104.06,-25.89,12,1
P007,HRTF_A,17,1.598,105.35,-25.53,12,1
P007,HRTF_A,17,1.612,106.58,-25.11,12,1
P007,HRTF_A,17,1.626,107.81,-24.69,12,1
P007,HRTF_A,17,1.64,109.02,-24.26,12,1
P007,HRTF_A,17,1.654,110.21,-23.85,12,1
P007,HRTF_A,17,1.667,111.39,-23.39,12,1
P007,HRTF_A,17,1.682,112.54,-22.91,12,1
P007,HRTF_A,17,1.696,113.66,-22.36,12,1
P007,HRTF_A,17,1.709,114.74,-21.74,12,1
P007,HRTF_A,17,1.723,115.77,-21.16,12,1
P007,HRTF_A,17,1.737,116.79,-20.57,12,1
P007,HRTF_A,17,1.751,117.8,-19.99,12,1
P007,HRTF_A,17,1.765,118.81,-19.38,12,1
P007,HRTF_A,17,1.779,119.87,-18.77,12,1
P007,HRTF_A,17,1.792,120.95,-18.21,12,1
P007,HRTF_A,17,1.807,122.04,-17.71,12,1
P007,HRTF_A,17,1.82,123.13,-17.24,12,1
P007,HRTF_A,17,1.834,124.19,-16.87,12,1
P007,HRTF_A,17,1.848,125.21,-16.57,12,1
P007,HRTF_A,17,1.862,126.21,-16.3,12,1
P007,HRTF_A,17,1.876,127.21,-16.07,12,1
P007,HRTF_A,17,1.89,128.2,-15.84,12,1
P007,HRTF_A,17,1.904,129.2,-15.62,12,1
P007,HRTF_A,17,1.917,130.24,-15.42,12,1
P007,HRTF_A,17,1.931,131.28,-15.25,12,1
P007,HRTF_A,17,1.945,132.33,-15.11,12,1
P007,HRTF_A,17,1.959,133.38,-14.98,12,1
P007,HRTF_A,17,1.973,134.5,-14.91,12,1
P007,HRTF_A,17,1.987,135.65,-14.86,12,1
P007,HRTF_A,17,2.001,136.86,-14.87,12,1
P007,HRTF_A,17,2.015,138.1,-14.92,12,1
P007,HRTF_A,17,2.028,139.37,-15.01,12,1
P007,HRTF_A,17,2.042,140.66,-15.1,12,1
P007,HRTF_A,17,2.057,141.98,-15.25,12,1
P007,HRTF_A,17,2.07,143.29,-15.38,12,1
P007,HRTF_A,17,2.084,144.6,-15.51,12,1
P007,HRTF_A,17,2.098,145.89,-15.62,12,1
P007,HRTF_A,17,2.112,147.15,-15.69,12,1
P007,HRTF_A,17,2.125,148.36,-15.72,12,1
P007,HRTF_A,17,2.14,149.51,-15.72,12,1
P007,HRTF_A,17,2.154,150.62,-15.64,12,1
P007,HRTF_A,17,2.167,151.67,-15.45,12,1
P007,HRTF_A,17,2.181,152.65,-15.19,12,1
P007,HRTF_A,17,2.195,153.54,-14.83,12,1
P007,HRTF_A,17,2.209,154.37,-14.42,12,1
P007,HRTF_A,17,2.223,155.16,-13.97,12,1
P007,HRTF_A,17,2.237,155.92,-13.59,12,1
P007,HRTF_A,17,2.25,156.63,-13.21,12,1
P007,HRTF_A,17,2.265,157.31,-12.85,12,1
P007,HRTF_A,17,2.278,158.0,-12.51,12,1
P007,HRTF_A,17,2.292,158.61,-12.16,12,1
P007,HRTF_A,17,2.306,159.21,-11.81,12,1
P007,HRTF_A,17,2.32,159.79,-11.5,12,1
P007,HRTF_A,17,2.334,160.35,-11.22,12,1
P007,HRTF_A,17,2.348,160.89,-10.95,12,1
P007,HRTF_A,17,2.362,161.42,-10.71,12,1
P007,HRTF_A,17,2.376,161.94,-10.57,12,1
P007,HRTF_A,17,2.389,162.49,-10.54,12,1
P007,HRTF_A,17,2.403,163.04,-10.67,12,1
P007,HRTF_A,17,2.418,163.56,-10.89,12,1
P007,HRTF_A,17,2.431,164.04,-11.32,12,1
P007,HRTF_A,17,2.445,164.5,-11.93,12,1
P007,HRTF_A,17,2.459,164.91,-12.75,12,1
P007,HRTF_A,17,2.473,165.33,-13.72,12,1
P007,HRTF_A,17,2.487,165.69,-14.85,12,1
P007,HRTF_A,17,2.5,165.98,-16.18,12,1
P007,HRTF_A,17,2.515,166.21,-17.75,12,1
P007,HRTF_A,17,2.528,166.34,-19.36,12,1
P007,HRTF_A,17,2.542,166.42,-20.96,12,1
P007,HRTF_A,17,2.556,166.4,-22.56,12,1
P007,HRTF_A,17,2.57,166.27,-24.18,12,1
P007,HRTF_A,17,2.584,166.0,-25.83,12,1
P007,HRTF_A,17,2.598,165.6,-27.44,12,1
P007,HRTF_A,17,2.612,165.08,-28.96,12,1
P007,HRTF_A,17,2.626,164.42,-30.39,12,1
P007,HRTF_A,17,2.64,163.67,-31.72,12,1
P007,HRTF_A,17,2.653,162.84,-33.04,12,1
P007,HRTF_A,17,2.667,161.96,-34.21,12,1
P007,HRTF_A,17,2.682,161.04,-35.32,12,1
P007,HRTF_A,17,2.695,160.09,-36.34,12,1
P007,HRTF_A,17,2.709,159.02,-37.32,12,1
P007,HRTF_A,17,2.723,157.93,-38.26,12,1
P007,HRTF_A,17,2.737,156.78,-39.16,12,1
P007,HRTF_A,17,2.751,155.6,-39.96,12,1
P007,HRTF_A,17,2.764,154.45,-40.71,12,1
P007,HRTF_A,17,2.778,153.35,-41.43,12,1
P007,HRTF_A,17,2.792,152.25,-42.06,12,1
P007,HRTF_A,17,2.806,151.19,-42.62,12,1
P007,HRTF_A,17,2.82,150.18,-43.1,12,1
P007,HRTF_A,17,2.834,149.26,-43.48,12,1
P007,HRTF_A,17,2.848,148.33,-43.85,12,1
P007,HRTF_A,17,2.862,147.44,-44.18,12,1
P007,HRTF_A,17,2.876,146.57,-44.53,12,1
P007,HRTF_A,17,2.89,145.76,-44.89,12,1
P007,HRTF_A,17,2.904,144.98,-45.23,12,1
P007,HRTF_A,17,2.917,144.19,-45.58,12,1
P007,HRTF_A,17,2.932,143.45,-45.81,12,1
P007,HRTF_A,17,2.945,142.72,-46.04,12,1
P007,HRTF_A,17,2.96,141.99,-46.22,12,1
P007,HRTF_A,17,2.973,141.32,-46.4,12,1
P007,HRTF_A,17,2.987,140.64,-46.58,12,1
P007,HRTF_A,17,3.001,140.02,-46.77,12,1
P007,HRTF_A,17,3.014,139.43,-46.95,12,1
P007,HRTF_A,17,3.029,138.86,-47.15,12,1
P007,HRTF_A,17,3.042,138.39,-47.33,12,1
P007,HRTF_A,17,3.057,137.94,-47.51,12,1
P007,HRTF_A,17,3.07,137.54,-47.66,12,1
P007,HRTF_A,17,3.084,137.14,-47.72,12,1
P007,HRTF_A,17,3.098,136.78,-47.74,12,1
P007,HRTF_A,17,3.112,136.41,-47.73,12,1
P007,HRTF_A,17,3.126,136.05,-47.7,12,1
P007,HRTF_A,17,3.14,135.69,-47.64,12,1
P007,HRTF_A,17,3.153,135.35,-47.52,12,1
P007,HRTF_A,17,3.167,134.99,-47.36,12,1
P007,HRTF_A,17,3.181,134.58,-47.14,12,1
P007,HRTF_A,17,3.195,134.12,-46.87,12,1
P007,HRTF_A,17,3.209,133.55,-46.58,12,1
P007,HRTF_A,17,3.223,132.88,-46.24,12,1
P007,HRTF_A,17,3.237,132.09,-45.76,12,1
P007,HRTF_A,17,3.251,131.16,-45.15,12,1
P007,HRTF_A,17,3.265,130.07,-44.33,12,1
P007,HRTF_A,17,3.279,128.88,-43.27,12,1
P007,HRTF_A,17,3.293,127.58,-42.03,12,1
P007,HRTF_A,17,3.306,126.25,-40.74,12,1
P007,HRTF_A,17,3.32,124.85,-39.38,12,1
P007,HRTF_A,18,0.013,-9.3,2.5,25,1
P007,HRTF_A,18,0.024,-9.6,2.37,25,1
P007,HRTF_A,18,0.036,-9.88,2.25,25,1
P007,HRTF_A,18,0.047,-10.19,2.14,25,1
P007,HRTF_A,18,0.07,-10.52,2.17,25,1
P007,HRTF_A,18,0.084,-10.89,2.2,25,1
P007,HRTF_A,18,0.098,-11.27,2.25,25,1
P007,HRTF_A,18,0.112,-11.68,2.23,25,1
P007,HRTF_A,18,0.126,-12.08,2.16,25,1
P007,HRTF_A,18,0.139,-12.53,2.08,25,1
P007,HRTF_A,18,0.153,-13.02,2.03,25,1
P007,HRTF_A,18,0.167,-13.54,2.05,25,1
P007,HRTF_A,18,0.181,-14.13,2.12,25,1
P007,HRTF_A,18,0.195,-14.76,2.25,25,1
P007,HRTF_A,18,0.209,-15.45,2.42,25,1
P007,HRTF_A,18,0.223,-16.2,2.61,25,1
P007,HRTF_A,18,0.236,-17.02,2.81,25,1
P007,HRTF_A,18,0.25,-17.87,2.98,25,1
P007,HRTF_A,18,0.264,-18.73,3.14,25,1
P007,HRTF_A,18,0.278,-19.59,3.28,25,1
P007,HRTF_A,18,0.292,-20.46,3.46,25,1
P007,HRTF_A,18,0.306,-21.32,3.68,25,1
P007,HRTF_A,18,0.32,-22.2,3.92,25,1
P007,HRTF_A,18,0.334,-23.08,4.16,25,1
P007,HRTF_A,18,0.348,-23.95,4.35,25,1
P007,HRTF_A,18,0.361,-24.82,4.5,25,1
P007,HRTF_A,18,0.375,-25.63,4.58,25,1
P007,HRTF_A,18,0.389,-26.42,4.73,25,1
P007,HRTF_A,18,0.403,-27.14,4.9,25,1
P007,HRTF_A,18,0.417,-27.85,5.11,25,1
P007,HRTF_A,18,0.431,-28.54,5.28,25,1
P007,HRTF_A,18,0.445,-29.18,5.34,25,1
P007,HRTF_A,18,0.459,-29.81,5.23,25,1
P007,HRTF_A,18,0.473,-30.38,5.07,25,1
P007,HRTF_A,18,0.486,-30.91,4.94,25,1
P007,HRTF_A,18,0.5,-31.42,4.86,25,1
P007,HRTF_A,18,0.514,-31.92,4.78,25,1
P007,HRTF_A,18,0.528,-32.41,4.69,25,1
P007,HRTF_A,18,0.542,-32.88,4.58,25,1
P007,HRTF_A,18,0.556,-33.34,4.47,25,1
P007,HRTF_A,18,0.569,-33.8,4.39,25,1
P007,HRTF_A,18,0.583,-34.27,4.31,25,1
P007,HRTF_A,18,0.597,-34.77,4.25,25,1
P007,HRTF_A,18,0.611,-35.33,4.16,25,1
P007,HRTF_A,18,0.625,-35.95,3.94,25,1
P007,HRTF_A,18,0.639,-36.68,3.61,25,1
P007,HRTF_A,18,0.653,-37.48,3.25,25,1
P007,HRTF_A,18,0.667,-38.36,2.97,25,1
P007,HRTF_A,18,0.681,-39.43,2.65,25,1
P007,HRTF_A,18,0.695,-40.66,2.25,25,1
P007,HRTF_A,18,0.708,-42.05,1.8,25,1
P007,HRTF_A,18,0.723,-43.59,1.4,25,1
P007,HRTF_A,18,0.737,-45.21,1.13,25,1
P007,HRTF_A,18,0.75,-46.94,0.89,25,1
P007,HRTF_A,18,0.764,-48.74,0.72,25,1
P007,HRTF_A,18,0.778,-50.58,0.59,25,1
P007,HRTF_A,18,0.792,-52.41,0.54,25,1
P007,HRTF_A,18,0.806,-54.29,0.48,25,1
P007,HRTF_A,18,0.82,-56.18,0.4,25,1
P007,HRTF_A,18,0.834,-58.11,0.28,25,1
P007,HRTF_A,18,0.848,-59.97,0.17,25,1
P007,HRTF_A,18,0.862,-61.79,0.06,25,1
P007,HRTF_A,18,0.875,-63.57,-0.04,25,1
P007,HRTF_A,18,0.889,-65.31,-0.16,25,1
P007,HRTF_A,18,0.904,-66.98,-0.26,25,1
P007,HRTF_A,18,0.917,-68.56,-0.32,25,1
P007,HRTF_A,18,0.931,-70.08,-0.37,25,1
P007,HRTF_A,18,0.945,-71.5,-0.36,25,1
P007,HRTF_A,18,0.959,-72.8,-0.39,25,1
P007,HRTF_A,18,0.973,-74.05,-0.38,25,1
P007,HRTF_A,18,0.987,-75.2,-0.4,25,1
P007,HRTF_A,18,1.001,-76.27,-0.41,25,1
P007,HRTF_A,18,1.014,-77.29,-0.4,25,1
P007,HRTF_A,18,1.028,-78.24,-0.37,25,1
P007,HRTF_A,18,1.042,-79.17,-0.38,25,1
P007,HRTF_A,18,1.056,-80.04,-0.41,25,1
P007,HRTF_A,18,1.07,-80.86,-0.46,25,1
P007,HRTF_A,18,1.084,-81.56,-0.52,25,1
P007,HRTF_A,18,1.098,-82.2,-0.53,25,1
P007,HRTF_A,18,1.112,-82.71,-0.51,25,1
P007,HRTF_A,18,1.125,-83.15,-0.42,25,1
P007,HRTF_A,18,1.14,-83.48,-0.27,25,1
P007,HRTF_A,18,1.154,-83.73,-0.15,25,1
P007,HRTF_A,18,1.167,-83.91,-0.08,25,1
P007,HRTF_A,18,1.182,-84.01,-0.12,25,1
P007,HRTF_A,18,1.195,-84.06,-0.26,25,1
P007,HRTF_A,18,1.209,-84.06,-0.41,25,1
P007,HRTF_A,18,1.223,-84.04,-0.45,25,1
P007,HRTF_A,18,1.237,-84.01,-0.43,25,1
P007,HRTF_A,18,1.251,-83.96,-0.39,25,1
P007,HRTF_A,18,1.264,-83.9,-0.36,25,1
P007,HRTF_A,18,1.278,-83.84,-0.35,25,1
P007,HRTF_A,18,1.292,-83.81,-0.39,25,1
P007,HRTF_A,18,1.306,-83.79,-0.46,25,1
P007,HRTF_A,18,1.32,-83.82,-0.51,25,1
P007,HRTF_A,18,1.334,-83.85,-0.55,25,1
P007,HRTF_A,18,1.348,-83.92,-0.65,25,1
P007,HRTF_A,18,1.362,-84.0,-0.77,25,1
P007,HRTF_A,18,1.376,-84.13,-0.88,25,1
P007,HRTF_A,18,1.389,-84.27,-0.96,25,1
P007,HRTF_A,18,1.403,-84.41,-0.96,25,1
P007,HRTF_A,18,1.417,-84.58,-0.93,25,1
P007,HRTF_A,18,1.431,-84.77,-0.89,25,1
P007,HRTF_A,18,1.445,-85.02,-0.85,25,1
P007,HRTF_A,18,1.459,-85.31,-0.81,25,1
P007,HRTF_A,18,1.473,-85.6,-0.76,25,1
P007,HRTF_A,18,1.487,-85.87,-0.7,25,1
P007,HRTF_A,18,1.501,-86.1,-0.63,25,1
P007,HRTF_A,18,1.514,-86.32,-0.61,25,1
P007,HRTF_A,18,1.528,-86.53,-0.6,25,1
P007,HRTF_A,19,0.014,-4.98,-0.65,31,1
P007,HRTF_A,19,0.027,-5.15,-0.66,31,1
P007,HRTF_A,19,0.052,-5.31,-0.57,31,1
P007,HRTF_A,19,0.065,-5.53,-0.57,31,1
P007,HRTF_A,19,0.079,-5.65,-0.51,31,1
P007,HRTF_A,19,0.093,-5.84,-0.5,31,1
P007,HRTF_A,19,0.107,-6.02,-0.45,31,1
P007,HRTF_A,19,0.121,-6.18,-0.43,31,1
P007,HRTF_A,19,0.135,-6.34,-0.42,31,1
P007,HRTF_A,19,0.149,-6.52,-0.38,31,1
P007,HRTF_A,19,0.163,-6.69,-0.27,31,1
P007,HRTF_A,19,0.176,-6.79,-0.11,31,1
P007,HRTF_A,19,0.19,-6.9,0.14,31,1
P007,HRTF_A,19,0.204,-7.05,0.34,31,1
P007,HRTF_A,19,0.218,-7.14,0.49,31,1
P007,HRTF_A,19,0.232,-7.19,0.66,31,1
P007,HRTF_A,19,0.246,-7.16,0.82,31,1
P007,HRTF_A,19,0.26,-7.08,1.04,31,1
P007,HRTF_A,19,0.274,-6.99,1.26,31,1
P007,HRTF_A,19,0.288,-6.82,1.44,31,1
P007,HRTF_A,20,0.013,-9.56,-0.1,29,1
P007,HRTF_A,20,0.027,-9.55,-0.01,29,1
P007,HRTF_A,20,0.041,-9.7,0.02,29,1
P007,HRTF_A,20,0.055,-9.83,0.15,29,1
P007,HRTF_A,20,0.08,-9.83,0.44,29,1
P007,HRTF_A,20,0.093,-9.9,0.5,29,1
P007,HRTF_A,20,0.107,-9.98,0.53,29,1
P007,HRTF_A,20,0.121,-9.96,0.4,29,1
P007,HRTF_A,20,0.135,-9.63,-0.07,29,1
P007,HRTF_A,20,0.149,-9.36,-0.49,29,1
P007,HRTF_A,20,0.163,-9.07,-0.6,29,1
P007,HRTF_A,20,0.177,-9.13,-0.47,29,1
P007,HRTF_A,20,0.191,-9.24,-0.44,29,1
P007,HRTF_A,20,0.204,-9.32,-0.5,29,1
P007,HRTF_A,20,0.218,-9.4,-0.74,29,1
P007,HRTF_A,20,0.232,-9.37,-1.29,29,1
P007,HRTF_A,20,0.246,-9.28,-1.84,29,1
P007,HRTF_A,20,0.26,-9.22,-2.41,29,1
P007,HRTF_A,20,0.275,-9.11,-2.97,29,1
P007,HRTF_A,20,0.288,-9.03,-3.42,29,1
P007,HRTF_A,20,0.302,-8.94,-3.57,29,1
P007,HRTF_A,20,0.316,-8.75,-3.49,29,1
P007,HRTF_A,20,0.33,-8.42,-3.4,29,1
P007,HRTF_A,20,0.343,-8.01,-3.32,29,1
P007,HRTF_A,20,0.358,-7.5,-3.3,29,1
P007,HRTF_A,20,0.371,-6.95,-3.17,29,1
P007,HRTF_A,20,0.385,-6.35,-2.97,29,1
P007,HRTF_A,20,0.399,-5.68,-2.6,29,1
P007,HRTF_A,20,0.413,-4.92,-2.71,29,1
P007,HRTF_A,20,0.427,-4.4,-2.48,29,1
P007,HRTF_A,20,0.44,-4.11,-2.39,29,1
P007,HRTF_A,20,0.455,-3.85,-2.42,29,1
P007,HRTF_A,20,0.469,-3.63,-2.24,29,1
P007,HRTF_A,20,0.482,-3.44,-2.3,29,1
P007,HRTF_A,20,0.496,-3.23,-2.28,29,1
P007,HRTF_A,20,0.51,-3.15,-2.28,29,1
P007,HRTF_A,20,0.524,-3.16,-2.18,29,1
P007,HRTF_A,20,0.538,-3.36,-2.15,29,1
P007,HRTF_A,20,0.552,-3.68,-2.05,29,1
P007,HRTF_A,20,0.566,-4.16,-2.04,29,1
P007,HRTF_A,20,0.58,-4.65,-2.02,29,1
P007,HRTF_A,20,0.593,-5.41,-1.99,29,1
P007,HRTF_A,20,0.607,-6.36,-1.98,29,1
P007,HRTF_A,20,0.621,-7.45,-2.06,29,1
P007,HRTF_A,20,0.636,-8.63,-2.18,29,1
P007,HRTF_A,20,0.649,-9.89,-2.31,29,1
P007,HRTF_A,20,0.663,-11.16,-2.23,29,1
P007,HRTF_A,20,0.677,-12.42,-2.01,29,1
P007,HRTF_A,20,0.691,-13.61,-1.67,29,1
P007,HRTF_A,20,0.705,-14.71,-1.27,29,1
P007,HRTF_A,20,0.719,-15.68,-0.95,29,1
P007,HRTF_A,20,0.732,-16.71,-0.57,29,1
P007,HRTF_A,20,0.746,-17.71,-0.25,29,1
P007,HRTF_A,20,0.762,-18.7,0.22,29,1
P007,HRTF_A,20,0.774,-19.52,0.57,29,1
P007,HRTF_A,20,0.788,-20.33,0.87,29,1
P007,HRTF_A,20,0.802,-20.89,1.04,29,1
P007,HRTF_A,20,0.816,-21.34,1.16,29,1
P007,HRTF_A,20,0.83,-21.76,1.34,29,1
P007,HRTF_A,20,0.844,-22.12,1.62,29,1
P007,HRTF_A,20,0.857,-22.46,1.84,29,1
P007,HRTF_A,20,0.872,-22.78,2.02,29,1
P007,HRTF_A,20,0.885,-23.08,2.18,29,1
P007,HRTF_A,20,0.899,-23.15,2.43,29,1
P007,HRTF_A,20,0.913,-23.35,2.51,29,1
P007,HRTF_A,20,0.927,-23.55,2.52,29,1
P007,HRTF_A,20,0.941,-23.74,2.54,29,1
P007,HRTF_A,20,0.955,-24.03,2.45,29,1
P007,HRTF_A,20,0.969,-24.36,2.43,29,1
P007,HRTF_A,20,0.982,-24.67,2.4,29,1
P007,HRTF_A,20,0.997,-24.95,2.41,29,1
P007,HRTF_A,20,1.01,-25.19,2.42,29,1
P007,HRTF_A,20,1.024,-25.41,2.46,29,1
P007,HRTF_A,20,1.038,-25.55,2.47,29,1
P007,HRTF_A,20,1.052,-25.75,2.48,29,1
P007,HRTF_A,20,1.066,-25.92,2.43,29,1
P007,HRTF_A,20,1.08,-26.07,2.37,29,1
P007,HRTF_A,20,1.094,-26.18,2.33,29,1
P007,HRTF_A,20,1.108,-26.23,2.33,29,1
P007,HRTF_A,20,1.121,-26.25,2.36,29,1
P007,HRTF_A,20,1.135,-26.19,2.4,29,1
P007,HRTF_A,20,1.149,-26.19,2.42,29,1
P007,HRTF_A,20,1.163,-26.14,2.44,29,1
P007,HRTF_A,20,1.177,-26.13,2.47,29,1
P007,HRTF_A,20,1.191,-26.15,2.51,29,1
P007,HRTF_A,20,1.205,-26.27,2.63,29,1
P007,HRTF_A,20,1.218,-26.48,2.75,29,1
P007,HRTF_A,20,1.233,-26.81,2.9,29,1
P007,HRTF_A,20,1.248,-27.1,2.81,29,1
P007,HRTF_A,20,1.26,-27.55,2.84,29,1
P007,HRTF_A,20,1.274,-27.99,2.87,29,1
P007,HRTF_A,20,1.288,-28.5,2.94,29,1
P007,HRTF_A,20,1.302,-29.02,3.04,29,1
P007,HRTF_A,20,1.316,-29.58,3.08,29,1
P007,HRTF_A,20,1.33,-30.19,3.09,29,1
P007,HRTF_A,20,1.343,-30.85,3.02,29,1
P007,HRTF_A,20,1.357,-31.53,2.99,29,1
P007,HRTF_A,20,1.371,-32.15,2.96,29,1
P007,HRTF_A,20,1.385,-32.74,2.93,29,1
P007,HRTF_A,20,1.399,-33.26,2.88,29,1
P007,HRTF_A,20,1.414,-33.74,2.79,29,1
P007,HRTF_A,20,1.427,-34.16,2.65,29,1
P007,HRTF_A,20,1.441,-34.53,2.5,29,1
P007,HRTF_A,20,1.455,-34.85,2.38,29,1
P007,HRTF_A,20,1.469,-35.12,2.3,29,1
P007,HRTF_A,20,1.482,-35.34,2.23,29,1
P007,HRTF_A,20,1.496,-35.52,2.18,29,1
P007,HRTF_A,20,1.51,-35.68,2.1,29,1
P007,HRTF_A,20,1.524,-35.79,2.02,29,1
P007,HRTF_A,20,1.538,-35.88,1.91,29,1
P007,HRTF_A,20,1.552,-35.92,1.79,29,1
P007,HRTF_A,20,1.566,-35.92,1.67,29,1
P007,HRTF_A,21,0.015,-5.75,2.52,12,1
P007,HRTF_A,21,0.028,-5.71,2.54,12,1
P007,HRTF_A,21,0.04,-5.72,2.42,12,1
P007,HRTF_A,21,0.059,-5.8,2.22,12,1
P007,HRTF_A,21,0.073,-5.92,2.05,12,1
P007,HRTF_A,21,0.087,-6.07,1.83,12,1
P007,HRTF_A,21,0.101,-6.27,1.63,12,1
P007,HRTF_A,21,0.115,-6.46,1.37,12,1
P007,HRTF_A,21,0.131,-6.7,1.13,12,1
P007,HRTF_A,21,0.145,-6.96,0.9,12,1
P007,HRTF_A,21,0.157,-7.23,0.69,12,1
P007,HRTF_A,21,0.171,-7.56,0.46,12,1
P007,HRTF_A,21,0.184,-7.89,0.19,12,1
P007,HRTF_A,21,0.198,-8.29,-0.12,12,1
P007,HRTF_A,21,0.213,-8.74,-0.48,12,1
P007,HRTF_A,21,0.226,-9.22,-0.81,12,1
P007,HRTF_A,21,0.24,-9.75,-1.07,12,1
P007,HRTF_A,21,0.254,-10.29,-1.26,12,1
P007,HRTF_A,21,0.268,-10.85,-1.49,12,1
P007,HRTF_A,21,0.281,-11.51,-1.78,12,1
P007,HRTF_A,21,0.295,-12.26,-2.12,12,1
P007,HRTF_A,21,0.309,-13.05,-2.46,12,1
P007,HRTF_A,21,0.324,-13.89,-2.73,12,1
P007,HRTF_A,21,0.337,-14.74,-2.93,12,1
P007,HRTF_A,21,0.351,-15.6,-3.1,12,1
P007,HRTF_A,21,0.365,-16.49,-3.33,12,1
P007,HRTF_A,21,0.379,-17.36,-3.76,12,1
P007,HRTF_A,21,0.393,-18.27,-4.26,12,1
P007,HRTF_A,21,0.407,-19.12,-4.81,12,1
P007,HRTF_A,21,0.42,-20.01,-5.33,12,1
P007,HRTF_A,21,0.434,-20.89,-5.82,12,1
P007,HRTF_A,21,0.448,-21.79,-6.35,12,1
P007,HRTF_A,21,0.462,-22.72,-6.96,12,1
P007,HRTF_A,21,0.476,-23.67,-7.64,12,1
P007,HRTF_A,21,0.49,-24.67,-8.39,12,1
P007,HRTF_A,21,0.504,-25.66,-9.16,12,1
P007,HRTF_A,21,0.518,-26.67,-9.93,12,1
P007,HRTF_A,21,0.532,-27.68,-10.65,12,1
P007,HRTF_A,21,0.545,-28.78,-11.41,12,1
P007,HRTF_A,21,0.56,-29.85,-12.25,12,1
P007,HRTF_A,21,0.573,-30.94,-13.19,12,1
P007,HRTF_A,21,0.587,-31.94,-14.24,12,1
P007,HRTF_A,21,0.601,-32.75,-15.45,12,1
P007,HRTF_A,21,0.615,-33.38,-16.75,12,1
P007,HRTF_A,21,0.629,-33.81,-18.03,12,1
P007,HRTF_A,21,0.643,-34.11,-19.25,12,1
P007,HRTF_A,21,0.657,-34.28,-20.42,12,1
P007,HRTF_A,21,0.67,-34.3,-21.55,12,1
P007,HRTF_A,21,0.685,-34.13,-22.64,12,1
P007,HRTF_A,21,0.699,-33.81,-23.61,12,1
P007,HRTF_A,21,0.712,-33.43,-24.49,12,1
P007,HRTF_A,21,0.726,-33.03,-25.22,12,1
P007,HRTF_A,21,0.74,-32.57,-25.85,12,1
P007,HRTF_A,21,0.754,-32.05,-26.43,12,1
P007,HRTF_A,21,0.768,-31.53,-26.95,12,1
P007,HRTF_A,21,0.782,-31.01,-27.55,12,1
P007,HRTF_A,21,0.796,-30.5,-28.08,12,1
P007,HRTF_A,21,0.809,-30.03,-28.52,12,1
P007,HRTF_A,21,0.823,-29.52,-28.87,12,1
P007,HRTF_A,21,0.837,-28.94,-29.05,12,1
P007,HRTF_A,21,0.851,-28.41,-29.29,12,1
P007,HRTF_A,21,0.865,-27.8,-29.45,12,1
P007,HRTF_A,21,0.879,-27.09,-29.71,12,1
P007,HRTF_A,21,0.893,-26.28,-29.97,12,1
P007,HRTF_A,21,0.907,-25.4,-30.23,12,1
P007,HRTF_A,21,0.921,-24.41,-30.39,12,1
P007,HRTF_A,21,0.935,-23.4,-30.43,12,1
P007,HRTF_A,21,0.948,-22.37,-30.38,12,1
P007,HRTF_A,21,0.962,-21.31,-30.29,12,1
P007,HRTF_A,21,0.976,-20.22,-30.16,12,1
P007,HRTF_A,21,0.99,-19.01,-30.01,12,1
P007,HRTF_A,21,1.004,-17.81,-29.82,12,1
P007,HRTF_A,21,1.018,-16.56,-29.68,12,1
P007,HRTF_A,21,1.032,-15.3,-29.56,12,1
P007,HRTF_A,21,1.046,-14.04,-29.47,12,1
P007,HRTF_A,21,1.06,-12.78,-29.42,12,1
P007,HRTF_A,21,1.074,-11.52,-29.37,12,1
P007,HRTF_A,21,1.088,-10.33,-29.31,12,1
P007,HRTF_A,21,1.102,-9.21,-29.27,12,1
P007,HRTF_A,21,1.115,-8.22,-29.29,12,1
P007,HRTF_A,21,1.129,-7.3,-29.41,12,1
P007,HRTF_A,21,1.143,-6.44,-29.62,12,1
P007,HRTF_A,21,1.157,-5.68,-29.85,12,1
P007,HRTF_A,21,1.171,-5.0,-30.08,12,1
P007,HRTF_A,21,1.185,-4.35,-30.28,12,1
P007,HRTF_A,21,1.199,-3.8,-30.51,12,1
P007,HRTF_A,21,1.213,-3.14,-30.84,12,1
P007,HRTF_A,21,1.227,-2.52,-31.22,12,1
P007,HRTF_A,21,1.24,-1.91,-31.6,12,1
P007,HRTF_A,21,1.254,-1.32,-31.99,12,1
P007,HRTF_A,21,1.268,-0.76,-32.35,12,1
P007,HRTF_A,21,1.282,-0.18,-32.64,12,1
P007,HRTF_A,21,1.296,0.43,-32.9,12,1
P007,HRTF_A,21,1.31,1.1,-33.17,12,1
P007,HRTF_A,21,1.324,1.83,-33.39,12,1
P007,HRTF_A,21,1.338,2.66,-33.61,12,1
P007,HRTF_A,21,1.352,3.52,-33.82,12,1
P007,HRTF_A,21,1.365,4.43,-33.96,12,1
P007,HRTF_A,21,1.379,5.39,-34.12,12,1
P007,HRTF_A,21,1.393,6.39,-34.24,12,1
P007,HRTF_A,21,1.407,7.45,-34.34,12,1
P007,HRTF_A,21,1.421,8.55,-34.37,12,1
P007,HRTF_A,21,1.435,9.67,-34.38,12,1
P007,HRTF_A,21,1.449,10.84,-34.33,12,1
P007,HRTF_A,21,1.463,12.04,-34.26,12,1
P007,HRTF_A,21,1.476,13.28,-34.19,12,1
P007,HRTF_A,21,1.49,14.61,-34.07,12,1
P007,HRTF_A,21,1.504,15.95,-33.93,12,1
P007,HRTF_A,21,1.518,17.29,-33.85,12,1
P007,HRTF_A,21,1.532,18.65,-33.76,12,1
P007,HRTF_A,21,1.546,19.99,-33.71,12,1
P007,HRTF_A,21,1.56,21.38,-33.61,12,1
P007,HRTF_A,21,1.574,22.76,-33.51,12,1
P007,HRTF_A,21,1.587,24.14,-33.41,12,1
P007,HRTF_A,21,1.601,25.53,-33.36,12,1
P007,HRTF_A,21,1.615,26.97,-33.32,12,1
P007,HRTF_A,21,1.629,28.37,-33.35,12,1
P007,HRTF_A,21,1.643,29.8,-33.42,12,1
P007,HRTF_A,21,1.657,31.23,-33.55,12,1
P007,HRTF_A,21,1.674,32.68,-33.73,12,1
P007,HRTF_A,21,1.687,34.13,-33.95,12,1
P007,HRTF_A,21,1.699,35.61,-34.18,12,1
P007,HRTF_A,21,1.713,37.15,-34.43,12,1
P007,HRTF_A,21,1.726,38.72,-34.66,12,1
P007,HRTF_A,21,1.74,40.31,-34.92,12,1
P007,HRTF_A,21,1.754,41.94,-35.23,12,1
P007,HRTF_A,21,1.768,43.59,-35.62,12,1
P007,HRTF_A,21,1.782,45.24,-36.01,12,1
P007,HRTF_A,21,1.796,46.96,-36.41,12,1
P007,HRTF_A,21,1.81,48.72,-36.79,12,1
P007,HRTF_A,21,1.824,50.45,-37.1,12,1
P007,HRTF_A,21,1.838,52.14,-37.39,12,1
P007,HRTF_A,21,1.851,53.82,-37.67,12,1
P007,HRTF_A,21,1.865,55.47,-37.95,12,1
P007,HRTF_A,21,1.879,57.11,-38.22,12,1
P007,HRTF_A,21,1.893,58.74,-38.44,12,1
P007,HRTF_A,21,1.907,60.29,-38.61,12,1
P007,HRTF_A,21,1.921,61.77,-38.72,12,1
P007,HRTF_A,21,1.935,63.19,-38.83,12,1
P007,HRTF_A,21,1.949,64.63,-38.97,12,1
P007,HRTF_A,21,1.963,66.01,-39.16,12,1
P007,HRTF_A,21,1.977,67.39,-39.34,12,1
P007,HRTF_A,21,1.99,68.73,-39.5,12,1
P007,HRTF_A,21,2.004,70.1,-39.64,12,1
P007,HRTF_A,21,2.018,71.51,-39.76,12,1
P007,HRTF_A,21,2.032,72.96,-39.89,12,1
P007,HRTF_A,21,2.046,74.42,-39.98,12,1
P007,HRTF_A,21,2.06,75.86,-40.01,12,1
P007,HRTF_A,21,2.074,77.19,-40.0,12,1
P007,HRTF_A,21,2.087,78.46,-39.96,12,1
P007,HRTF_A,21,2.102,79.7,-39.94,12,1
P007,HRTF_A,21,2.116,80.93,-40.02,12,1
P007,HRTF_A,21,2.129,82.17,-40.14,12,1
P007,HRTF_A,21,2.143,83.33,-40.24,12,1
P007,HRTF_A,21,2.157,84.41,-40.27,12,1
P007,HRTF_A,21,2.171,85.43,-40.25,12,1
P007,HRTF_A,21,2.185,86.37,-40.13,12,1
P007,HRTF_A,21,2.199,87.24,-39.9,12,1
P007,HRTF_A,21,2.213,88.12,-39.68,12,1
P007,HRTF_A,21,2.226,89.02,-39.57,12,1
P007,HRTF_A,21,2.24,89.94,-39.44,12,1
P007,HRTF_A,21,2.254,90.86,-39.23,12,1
P007,HRTF_A,21,2.268,91.8,-38.93,12,1
P007,HRTF_A,21,2.282,92.73,-38.65,12,1
P007,HRTF_A,21,2.296,93.67,-38.39,12,1
P007,HRTF_A,21,2.31,94.67,-38.14,12,1
P007,HRTF_A,21,2.324,95.69,-37.95,12,1
P007,HRTF_A,21,2.337,96.8,-37.9,12,1
P007,HRTF_A,21,2.352,97.91,-37.94,12,1
P007,HRTF_A,21,2.366,98.97,-38.01,12,1
P007,HRTF_A,21,2.379,99.95,-38.03,12,1
P007,HRTF_A,21,2.393,100.84,-38.03,12,1
P007,HRTF_A,21,2.407,101.67,-37.95,12,1
P007,HRTF_A,21,2.421,102.48,-37.83,12,1
P007,HRTF_A,21,2.435,103.31,-37.73,12,1
P007,HRTF_A,21,2.449,104.18,-37.59,12,1
P007,HRTF_A,21,2.463,105.07,-37.46,12,1
P007,HRTF_A,21,2.476,105.99,-37.3,12,1
P007,HRTF_A,21,2.49,106.93,-37.09,12,1
P007,HRTF_A,21,2.504,107.91,-36.87,12,1
P007,HRTF_A,21,2.518,108.96,-36.64,12,1
P007,HRTF_A,21,2.532,110.13,-36.38,12,1
P007,HRTF_A,21,2.546,111.39,-36.07,12,1
P007,HRTF_A,21,2.56,112.72,-35.77,12,1
P007,HRTF_A,21,2.573,114.11,-35.49,12,1
P007,HRTF_A,21,2.587,115.59,-35.26,12,1
P007,HRTF_A,21,2.601,117.12,-35.03,12,1
P007,HRTF_A,21,2.615,118.66,-34.8,12,1
P007,HRTF_A,21,2.63,120.22,-34.55,12,1
P007,HRTF_A,21,2.643,121.81,-34.34,12,1
P007,HRTF_A,21,2.657,123.39,-34.09,12,1
P007,HRTF_A,21,2.671,124.93,-33.81,12,1
P007,HRTF_A,21,2.685,126.47,-33.49,12,1
P007,HRTF_A,21,2.699,128.01,-33.18,12,1
P007,HRTF_A,21,2.713,129.53,-32.95,12,1
P007,HRTF_A,21,2.726,131.09,-32.72,12,1
P007,HRTF_A,21,2.74,132.62,-32.47,12,1
P007,HRTF_A,21,2.754,134.11,-32.2,12,1
P007,HRTF_A,21,2.768,135.49,-31.92,12,1
P007,HRTF_A,22,0.014,-11.51,1.6,22,1
P007,HRTF_A,22,0.028,-11.52,1.37,22,1
P007,HRTF_A,22,0.04,-11.5,1.11,22,1
P007,HRTF_A,22,0.056,-11.53,0.87,22,1
P007,HRTF_A,22,0.07,-11.57,0.61,22,1
P007,HRTF_A,22,0.084,-11.64,0.36,22,1
P007,HRTF_A,22,0.097,-11.77,0.15,22,1
P007,HRTF_A,22,0.11,-11.95,-0.04,22,1
P007,HRTF_A,22,0.125,-12.11,-0.26,22,1
P007,HRTF_A,22,0.139,-12.37,-0.49,22,1
P007,HRTF_A,22,0.153,-12.63,-0.72,22,1
P007,HRTF_A,22,0.168,-12.94,-0.94,22,1
P007,HRTF_A,22,0.181,-13.36,-1.15,22,1
P007,HRTF_A,22,0.195,-13.9,-1.34,22,1
P007,HRTF_A,22,0.209,-14.57,-1.5,22,1
P007,HRTF_A,22,0.223,-15.43,-1.69,22,1
P007,HRTF_A,22,0.237,-16.35,-1.83,22,1
P007,HRTF_A,22,0.251,-17.33,-1.97,22,1
P007,HRTF_A,22,0.265,-18.39,-2.12,22,1
P007,HRTF_A,22,0.279,-19.58,-2.27,22,1
P007,HRTF_A,22,0.292,-20.89,-2.42,22,1
P007,HRTF_A,22,0.306,-22.28,-2.52,22,1
P007,HRTF_A,22,0.32,-23.6,-2.71,22,1
P007,HRTF_A,22,0.334,-24.91,-2.89,22,1
P007,HRTF_A,22,0.348,-26.22,-3.06,22,1
P007,HRTF_A,22,0.362,-27.6,-3.36,22,1
P007,HRTF_A,22,0.376,-28.94,-3.72,22,1
P007,HRTF_A,22,0.39,-30.6,-3.41,22,1
P007,HRTF_A,22,0.403,-32.33,-3.38,22,1
P007,HRTF_A,22,0.418,-33.88,-3.36,22,1
P007,HRTF_A,22,0.431,-35.45,-3.39,22,1
P007,HRTF_A,22,0.445,-37.03,-3.46,22,1
P007,HRTF_A,22,0.459,-38.59,-3.49,22,1
P007,HRTF_A,22,0.473,-40.07,-3.47,22,1
P007,HRTF_A,22,0.487,-41.46,-3.42,22,1
P007,HRTF_A,22,0.501,-42.68,-3.4,22,1
P007,HRTF_A,22,0.515,-43.91,-3.43,22,1
P007,HRTF_A,22,0.529,-45.0,-3.49,22,1
P007,HRTF_A,22,0.542,-45.96,-3.54,22,1
P007,HRTF_A,22,0.556,-46.87,-3.57,22,1
P007,HRTF_A,22,0.57,-47.63,-3.51,22,1
P007,HRTF_A,22,0.584,-48.35,-3.4,22,1
P007,HRTF_A,22,0.598,-48.98,-3.26,22,1
P007,HRTF_A,22,0.612,-49.59,-3.14,22,1
P007,HRTF_A,22,0.626,-50.15,-3.04,22,1
P007,HRTF_A,22,0.64,-50.69,-2.95,22,1
P007,HRTF_A,22,0.654,-51.21,-2.86,22,1
P007,HRTF_A,22,0.668,-51.74,-2.74,22,1
P007,HRTF_A,22,0.682,-52.35,-2.67,22,1
P007,HRTF_A,22,0.695,-53.08,-2.66,22,1
P007,HRTF_A,22,0.709,-53.95,-2.75,22,1
P007,HRTF_A,22,0.723,-54.94,-2.87,22,1
P007,HRTF_A,22,0.737,-56.0,-2.97,22,1
P007,HRTF_A,22,0.751,-57.19,-3.1,22,1
P007,HRTF_A,22,0.765,-58.49,-3.19,22,1
P007,HRTF_A,22,0.779,-59.88,-3.23,22,1
P007,HRTF_A,22,0.793,-61.34,-3.29,22,1
P007,HRTF_A,22,0.807,-62.86,-3.41,22,1
P007,HRTF_A,22,0.822,-64.46,-3.52,22,1
P007,HRTF_A,22,0.834,-66.03,-3.65,22,1
P007,HRTF_A,22,0.848,-67.57,-3.8,22,1
P007,HRTF_A,22,0.862,-69.21,-3.91,22,1
P007,HRTF_A,22,0.876,-70.86,-4.02,22,1
P007,HRTF_A,22,0.89,-72.5,-4.1,22,1
P007,HRTF_A,22,0.904,-74.03,-4.07,22,1
P007,HRTF_A,22,0.918,-75.54,-4.04,22,1
P007,HRTF_A,22,0.932,-76.93,-4.02,22,1
P007,HRTF_A,22,0.945,-78.43,-4.0,22,1
P007,HRTF_A,22,0.959,-79.87,-3.96,22,1
P007,HRTF_A,22,0.973,-81.21,-3.85,22,1
P007,HRTF_A,22,0.987,-82.53,-3.7,22,1
P007,HRTF_A,22,1.001,-83.79,-3.59,22,1
P007,HRTF_A,22,1.015,-85.04,-3.56,22,1
P007,HRTF_A,22,1.029,-86.25,-3.54,22,1
P007,HRTF_A,22,1.043,-87.4,-3.47,22,1
P007,HRTF_A,22,1.057,-88.49,-3.3,22,1
P007,HRTF_A,22,1.07,-89.52,-3.1,22,1
P007,HRTF_A,22,1.084,-90.56,-2.93,22,1
P007,HRTF_A,22,1.098,-91.61,-2.86,22,1
P007,HRTF_A,22,1.112,-92.69,-2.83,22,1
P007,HRTF_A,22,1.126,-93.75,-2.83,22,1
P007,HRTF_A,22,1.14,-94.76,-2.81,22,1
P007,HRTF_A,22,1.154,-95.75,-2.74,22,1
P007,HRTF_A,22,1.168,-96.74,-2.72,22,1
P007,HRTF_A,22,1.182,-97.8,-2.76,22,1
P007,HRTF_A,22,1.196,-98.88,-2.83,22,1
P007,HRTF_A,22,1.209,-99.99,-2.9,22,1
P007,HRTF_A,22,1.224,-101.09,-2.92,22,1
P007,HRTF_A,22,1.237,-102.18,-2.86,22,1
P007,HRTF_A,22,1.251,-103.27,-2.8,22,1
P007,HRTF_A,22,1.265,-104.42,-2.82,22,1
P007,HRTF_A,22,1.279,-105.54,-2.94,22,1
P007,HRTF_A,22,1.293,-106.64,-3.17,22,1
P007,HRTF_A,22,1.306,-107.7,-3.46,22,1
P007,HRTF_A,22,1.321,-108.71,-3.72,22,1
P007,HRTF_A,22,1.335,-109.7,-3.95,22,1
P007,HRTF_A,22,1.348,-110.71,-4.1,22,1
P007,HRTF_A,22,1.362,-111.68,-4.23,22,1
P007,HRTF_A,22,1.376,-112.67,-4.35,22,1
P007,HRTF_A,22,1.39,-113.68,-4.45,22,1
P007,HRTF_A,22,1.404,-114.6,-4.57,22,1
P007,HRTF_A,22,1.418,-115.52,-4.64,22,1
P007,HRTF_A,22,1.432,-116.41,-4.65,22,1
P007,HRTF_A,22,1.446,-117.34,-4.64,22,1
P007,HRTF_A,22,1.459,-118.28,-4.65,22,1
P007,HRTF_A,22,1.474,-119.23,-4.65,22,1
P007,HRTF_A,22,1.487,-120.18,-4.69,22,1
P007,HRTF_A,22,1.501,-121.11,-4.75,22,1
P007,HRTF_A,22,1.515,-122.0,-4.85,22,1
P007,HRTF_A,22,1.529,-122.9,-4.97,22,1
P007,HRTF_A,22,1.543,-123.84,-5.13,22,1
P007,HRTF_A,22,1.557,-124.8,-5.34,22,1
P007,HRTF_A,22,1.574,-125.74,-5.56,22,1
P007,HRTF_A,22,1.587,-126.68,-5.79,22,1
P007,HRTF_A,23,0.015,-7.67,-0.34,17,1
P007,HRTF_A,23,0.028,-7.23,-0.39,17,1
P007,HRTF_A,23,0.041,-6.79,-0.45,17,1
P007,HRTF_A,23,0.054,-6.4,-0.5,17,1
P007,HRTF_A,23,0.068,-6.06,-0.55,17,1
P007,HRTF_A,23,0.084,-5.77,-0.58,17,1
P007,HRTF_A,23,0.099,-5.51,-0.66,17,1
P007,HRTF_A,23,0.112,-5.26,-0.78,17,1
P007,HRTF_A,23,0.125,-5.04,-0.91,17,1
P007,HRTF_A,23,0.139,-4.84,-1.04,17,1
P007,HRTF_A,23,0.153,-4.74,-1.15,17,1
P007,HRTF_A,23,0.166,-4.72,-1.22,17,1
P007,HRTF_A,23,0.18,-4.83,-1.26,17,1
P007,HRTF_A,23,0.195,-5.04,-1.3,17,1
P007,HRTF_A,23,0.209,-5.36,-1.37,17,1
P007,HRTF_A,23,0.222,-5.79,-1.5,17,1
P007,HRTF_A,23,0.236,-6.32,-1.64,17,1
P007,HRTF_A,23,0.251,-6.98,-1.77,17,1
P007,HRTF_A,23,0.263,-7.69,-1.9,17,1
P007,HRTF_A,23,0.277,-8.45,-2.07,17,1
P007,HRTF_A,23,0.289,-9.26,-2.3,17,1
P007,HRTF_A,23,0.306,-10.17,-2.57,17,1
P007,HRTF_A,23,0.319,-11.19,-2.82,17,1
P007,HRTF_A,23,0.333,-12.29,-3.04,17,1
P007,HRTF_A,23,0.347,-13.46,-3.21,17,1
P007,HRTF_A,23,0.361,-14.68,-3.38,17,1
P007,HRTF_A,23,0.375,-15.9,-3.59,17,1
P007,HRTF_A,23,0.39,-17.24,-3.87,17,1
P007,HRTF_A,23,0.403,-18.65,-4.21,17,1
P007,HRTF_A,23,0.417,-20.14,-4.56,17,1
P007,HRTF_A,23,0.431,-21.65,-4.84,17,1
P007,HRTF_A,23,0.444,-23.14,-5.06,17,1
P007,HRTF_A,23,0.458,-24.58,-5.24,17,1
P007,HRTF_A,23,0.473,-25.99,-5.47,17,1
P007,HRTF_A,23,0.486,-27.39,-5.73,17,1
P007,HRTF_A,23,0.5,-28.74,-5.98,17,1
P007,HRTF_A,23,0.514,-30.03,-6.19,17,1
P007,HRTF_A,23,0.528,-31.21,-6.33,17,1
P007,HRTF_A,23,0.541,-32.29,-6.44,17,1
P007,HRTF_A,23,0.556,-33.31,-6.56,17,1
P007,HRTF_A,23,0.57,-34.27,-6.69,17,1
P007,HRTF_A,23,0.584,-35.11,-6.82,17,1
P007,HRTF_A,23,0.597,-35.86,-6.89,17,1
P007,HRTF_A,23,0.611,-36.47,-6.89,17,1
P007,HRTF_A,23,0.625,-36.96,-6.96,17,1
P007,HRTF_A,23,0.639,-37.34,-7.13,17,1
P007,HRTF_A,23,0.653,-37.65,-7.43,17,1
P007,HRTF_A,23,0.667,-37.87,-7.74,17,1
P007,HRTF_A,23,0.682,-37.93,-8.03,17,1
P007,HRTF_A,23,0.696,-37.9,-8.3,17,1
P007,HRTF_A,23,0.709,-37.75,-8.63,17,1
P007,HRTF_A,23,0.723,-37.52,-9.11,17,1
P007,HRTF_A,23,0.736,-37.28,-9.75,17,1
P007,HRTF_A,23,0.75,-37.05,-10.48,17,1
P007,HRTF_A,23,0.764,-36.79,-11.16,17,1
P007,HRTF_A,23,0.778,-36.5,-11.69,17,1
P007,HRTF_A,23,0.792,-36.15,-12.2,17,1
P007,HRTF_A,23,0.806,-35.85,-12.74,17,1
P007,HRTF_A,23,0.82,-35.57,-13.34,17,1
P007,HRTF_A,23,0.834,-35.39,-14.0,17,1
P007,HRTF_A,23,0.848,-35.25,-14.63,17,1
P007,HRTF_A,23,0.862,-35.16,-15.19,17,1
P007,HRTF_A,23,0.876,-35.08,-15.78,17,1
P007,HRTF_A,23,0.889,-35.02,-16.48,17,1
P007,HRTF_A,23,0.903,-35.08,-17.33,17,1
P007,HRTF_A,23,0.917,-35.23,-18.27,17,1
P007,HRTF_A,23,0.931,-35.49,-19.22,17,1
P007,HRTF_A,23,0.945,-35.78,-20.09,17,1
P007,HRTF_A,23,0.959,-36.07,-20.9,17,1
P007,HRTF_A,23,0.973,-36.32,-21.72,17,1
P007,HRTF_A,23,0.986,-36.61,-22.57,17,1
P007,HRTF_A,23,1.0,-36.94,-23.47,17,1
P007,HRTF_A,23,1.015,-37.34,-24.35,17,1
P007,HRTF_A,23,1.028,-37.77,-25.12,17,1
P007,HRTF_A,23,1.042,-38.21,-25.8,17,1
P007,HRTF_A,23,1.056,-38.66,-26.34,17,1
P007,HRTF_A,23,1.07,-39.15,-26.82,17,1
P007,HRTF_A,23,1.083,-39.64,-27.31,17,1
P007,HRTF_A,23,1.098,-40.11,-27.82,17,1
P007,HRTF_A,23,1.112,-40.58,-28.36,17,1
P007,HRTF_A,23,1.125,-41.02,-28.86,17,1
P007,HRTF_A,23,1.139,-41.47,-29.23,17,1
P007,HRTF_A,23,1.153,-41.9,-29.52,17,1
P007,HRTF_A,23,1.167,-42.34,-29.72,17,1
P007,HRTF_A,23,1.181,-42.74,-29.84,17,1
P007,HRTF_A,23,1.195,-43.13,-29.88,17,1
P007,HRTF_A,23,1.209,-43.46,-29.83,17,1
P007,HRTF_A,23,1.223,-43.72,-29.71,17,1
P007,HRTF_A,23,1.236,-44.01,-29.48,17,1
P007,HRTF_A,23,1.251,-44.35,-29.18,17,1
P007,HRTF_A,23,1.264,-44.73,-28.87,17,1
P007,HRTF_A,23,1.278,-45.15,-28.49,17,1
P007,HRTF_A,23,1.292,-45.56,-28.08,17,1
P007,HRTF_A,23,1.306,-45.96,-27.67,17,1
P007,HRTF_A,23,1.321,-46.38,-27.33,17,1
P007,HRTF_A,23,1.334,-46.79,-26.97,17,1
P007,HRTF_A,23,1.347,-47.19,-26.64,17,1
P007,HRTF_A,23,1.361,-47.61,-26.34,17,1
P007,HRTF_A,23,1.375,-48.04,-26.0,17,1
P007,HRTF_A,23,1.39,-48.46,-25.67,17,1
P007,HRTF_A,23,1.403,-48.9,-25.35,17,1
P007,HRTF_A,23,1.417,-49.3,-25.02,17,1
P007,HRTF_A,23,1.431,-49.7,-24.76,17,1
P007,HRTF_A,23,1.445,-50.11,-24.5,17,1
P007,HRTF_A,23,1.459,-50.56,-24.22,17,1
P007,HRTF_A,23,1.473,-51.06,-23.91,17,1
P007,HRTF_A,23,1.486,-51.69,-23.63,17,1
P007,HRTF_A,23,1.5,-52.38,-23.37,17,1
P007,HRTF_A,23,1.514,-53.1,-23.1,17,1
P007,HRTF_A,23,1.528,-53.84,-22.88,17,1
P007,HRTF_A,23,1.543,-54.66,-22.66,17,1
P007,HRTF_A,23,1.556,-55.5,-22.43,17,1
P007,HRTF_A,23,1.57,-56.43,-22.23,17,1
P007,HRTF_A,23,1.584,-57.44,-22.1,17,1
P007,HRTF_A,23,1.597,-58.51,-22.01,17,1
P007,HRTF_A,23,1.612,-59.57,-21.9,17,1
P007,HRTF_A,23,1.625,-60.67,-21.75,17,1
P007,HRTF_A,23,1.639,-61.77,-21.49,17,1
P007,HRTF_A,23,1.653,-62.92,-21.28,17,1
P007,HRTF_A,23,1.667,-64.1,-21.02,17,1
P007,HRTF_A,23,1.682,-65.29,-20.76,17,1
P007,HRTF_A,23,1.695,-66.45,-20.46,17,1
P007,HRTF_A,23,1.709,-67.54,-20.09,17,1
P007,HRTF_A,23,1.723,-68.59,-19.73,17,1
P007,HRTF_A,23,1.736,-69.64,-19.37,17,1
P007,HRTF_A,23,1.75,-70.72,-19.04,17,1
P007,HRTF_A,23,1.764,-71.76,-18.74,17,1
P007,HRTF_A,23,1.778,-72.74,-18.46,17,1
P007,HRTF_A,23,1.792,-73.64,-18.12,17,1
P007,HRTF_A,23,1.806,-74.46,-17.75,17,1
P007,HRTF_A,23,1.821,-75.25,-17.32,17,1
P007,HRTF_A,23,1.834,-76.09,-16.92,17,1
P007,HRTF_A,23,1.847,-76.97,-16.54,17,1
P007,HRTF_A,23,1.861,-77.91,-16.17,17,1
P007,HRTF_A,23,1.876,-78.88,-15.86,17,1
P007,HRTF_A,23,1.889,-79.87,-15.57,17,1
P007,HRTF_A,23,1.903,-80.89,-15.33,17,1
P007,HRTF_A,23,1.917,-82.01,-15.2,17,1
P007,HRTF_A,23,1.931,-83.2,-15.13,17,1
P007,HRTF_A,23,1.945,-84.48,-15.12,17,1
P007,HRTF_A,23,1.959,-85.8,-15.12,17,1
P007,HRTF_A,23,1.973,-87.13,-15.07,17,1
P007,HRTF_A,23,1.986,-88.46,-15.03,17,1
P007,HRTF_A,23,1.998,-89.81,-14.96,17,1
P007,HRTF_A,23,2.014,-91.18,-14.93,17,1
P007,HRTF_A,23,2.028,-92.57,-14.89,17,1
P007,HRTF_A,23,2.042,-93.95,-14.85,17,1
P007,HRTF_A,23,2.056,-95.29,-14.8,17,1
P007,HRTF_A,23,2.07,-96.64,-14.73,17,1
P007,HRTF_A,23,2.084,-97.9,-14.65,17,1
P007,HRTF_A,23,2.098,-99.1,-14.6,17,1
P007,HRTF_A,23,2.112,-100.26,-14.62,17,1
P007,HRTF_A,23,2.126,-101.38,-14.64,17,1
P007,HRTF_A,23,2.139,-102.51,-14.63,17,1
P007,HRTF_A,23,2.154,-103.58,-14.55,17,1
P007,HRTF_A,23,2.167,-104.61,-14.43,17,1
P007,HRTF_A,23,2.18,-105.6,-14.21,17,1
P007,HRTF_A,23,2.195,-106.56,-13.92,17,1
P007,HRTF_A,23,2.209,-107.46,-13.61,17,1
P007,HRTF_A,23,2.223,-108.34,-13.29,17,1
P007,HRTF_A,23,2.237,-109.23,-12.93,17,1
P007,HRTF_A,23,2.251,-110.11,-12.54,17,1
P007,HRTF_A,23,2.264,-110.98,-12.14,17,1
P007,HRTF_A,23,2.278,-111.82,-11.76,17,1
P007,HRTF_A,23,2.292,-112.64,-11.4,17,1
P007,HRTF_A,23,2.306,-113.48,-11.06,17,1
P007,HRTF_A,23,2.32,-114.33,-10.76,17,1
P007,HRTF_A,23,2.334,-115.22,-10.49,17,1
P007,HRTF_A,23,2.347,-116.15,-10.25,17,1
P007,HRTF_A,23,2.361,-117.09,-10.0,17,1
P007,HRTF_A,23,2.376,-118.06,-9.75,17,1
P007,HRTF_A,23,2.39,-119.01,-9.53,17,1
P007,HRTF_A,23,2.408,-120.04,-9.33,17,1
P007,HRTF_A,23,2.431,-122.14,-8.99,17,1
P007,HRTF_A,23,2.445,-123.2,-8.84,17,1
P007,HRTF_A,23,2.459,-124.25,-8.68,17,1
P007,HRTF_A,23,2.473,-125.31,-8.52,17,1
P007,HRTF_A,23,2.486,-126.36,-8.36,17,1
P007,HRTF_A,23,2.5,-127.41,-8.21,17,1
P007,HRTF_A,23,2.515,-128.48,-8.11,17,1
P007,HRTF_A,23,2.528,-129.54,-8.02,17,1
P007,HRTF_A,23,2.542,-130.57,-7.93,17,1
P007,HRTF_A,23,2.556,-131.58,-7.84,17,1
P007,HRTF_A,23,2.57,-132.57,-7.74,17,1
P007,HRTF_A,23,2.583,-133.58,-7.66,17,1
P007,HRTF_A,23,2.598,-134.61,-7.61,17,1
P007,HRTF_A,23,2.611,-135.64,-7.56,17,1
P007,HRTF_A,23,2.626,-136.66,-7.49,17,1
P007,HRTF_A,23,2.639,-137.65,-7.38,17,1
P007,HRTF_A,23,2.653,-138.59,-7.26,17,1
P007,HRTF_A,23,2.667,-139.54,-7.14,17,1
P007,HRTF_A,23,2.681,-140.49,-7.07,17,1
P007,HRTF_A,23,2.695,-141.44,-7.02,17,1
P007,HRTF_A,23,2.709,-142.38,-6.93,17,1
P007,HRTF_A,23,2.721,-143.3,-6.8,17,1
P007,HRTF_A,23,2.734,-144.16,-6.63,17,1
P007,HRTF_A,23,2.751,-145.02,-6.39,17,1
P007,HRTF_A,23,2.764,-145.89,-6.2,17,1
P007,HRTF_A,23,2.778,-146.75,-6.01,17,1
P007,HRTF_A,23,2.792,-147.63,-5.86,17,1
P007,HRTF_A,23,2.806,-148.51,-5.72,17,1
P007,HRTF_A,23,2.82,-149.39,-5.61,17,1
P007,HRTF_A,23,2.834,-150.26,-5.49,17,1
P007,HRTF_A,23,2.848,-151.15,-5.41,17,1
P007,HRTF_A,23,2.862,-152.03,-5.28,17,1
P007,HRTF_A,23,2.875,-152.91,-5.18,17,1
P007,HRTF_A,23,2.889,-153.79,-5.07,17,1
P007,HRTF_A,23,2.903,-154.67,-4.95,17,1
P007,HRTF_A,23,2.917,-155.5,-4.83,17,1
P007,HRTF_A,23,2.931,-156.36,-4.71,17,1
P007,HRTF_A,23,2.945,-157.18,-4.54,17,1
P007,HRTF_A,23,2.959,-157.99,-4.38,17,1
P007,HRTF_A,23,2.973,-158.79,-4.22,17,1
P007,HRTF_A,23,2.986,-159.61,-4.1,17,1
P007,HRTF_A,23,3.0,-160.43,-3.98,17,1
P007,HRTF_A,23,3.014,-161.27,-3.93,17,1
P007,HRTF_A,23,3.028,-162.09,-3.87,17,1
P007,HRTF_A,23,3.042,-162.91,-3.82,17,1
P007,HRTF_A,23,3.056,-163.74,-3.77,17,1
P007,HRTF_A,23,3.07,-164.62,-3.76,17,1
P007,HRTF_A,23,3.084,-165.5,-3.82,17,1
P007,HRTF_A,23,3.098,-166.36,-3.91,17,1
P007,HRTF_A,23,3.111,-167.21,-4.0,17,1
P007,HRTF_A,23,3.125,-168.02,-4.11,17,1
P007,HRTF_A,23,3.14,-168.78,-4.16,17,1
P007,HRTF_A,23,3.153,-169.5,-4.16,17,1
P007,HRTF_A,23,3.167,-170.15,-4.11,17,1
P007,HRTF_A,23,3.181,-170.74,-4.05,17,1
P007,HRTF_A,23,3.195,-171.27,-3.96,17,1
P007,HRTF_A,23,3.208,-171.7,-3.84,17,1
P007,HRTF_A,23,3.223,-172.05,-3.66,17,1
P007,HRTF_A,23,3.237,-172.33,-3.45,17,1
P007,HRTF_A,23,3.25,-172.48,-3.15,17,1
P007,HRTF_A,23,3.264,-172.56,-2.82,17,1
P007,HRTF_A,23,3.279,-172.57,-2.48,17,1
P007,HRTF_A,23,3.292,-172.58,-2.17,17,1
P007,HRTF_A,23,3.306,-172.58,-1.91,17,1
P007,HRTF_A,23,3.32,-172.58,-1.63,17,1
P007,HRTF_A,23,3.333,-172.55,-1.32,17,1
P007,HRTF_A,23,3.348,-172.49,-0.98,17,1
P007,HRTF_A,23,3.362,-172.44,-0.62,17,1
P007,HRTF_A,23,3.375,-172.41,-0.28,17,1
P007,HRTF_A,23,3.389,-172.4,0.0,17,1
P007,HRTF_A,23,3.403,-172.45,0.28,17,1
P007,HRTF_A,23,3.417,-172.52,0.5,17,1
P007,HRTF_A,23,3.431,-172.58,0.75,17,1
P007,HRTF_A,23,3.445,-172.65,0.97,17,1
P007,HRTF_A,23,3.458,-172.73,1.16,17,1
P007,HRTF_A,23,3.473,-172.88,1.28,17,1
P007,HRTF_A,23,3.486,-173.06,1.33,17,1
P007,HRTF_A,23,3.5,-173.26,1.33,17,1
P007,HRTF_A,23,3.515,-173.46,1.3,17,1
P007,HRTF_A,23,3.53,-173.65,1.28,17,1
P007,HRTF_A,23,3.545,-173.83,1.28,17,1
P007,HRTF_A,23,3.56,-174.22,1.22,17,1
P007,HRTF_A,23,3.576,-174.46,1.15,17,1
P007,HRTF_A,23,3.59,-174.69,1.06,17,1
P007,HRTF_A,23,3.605,-174.9,0.96,17,1
P007,HRTF_A,23,3.621,-175.08,0.88,17,1
P007,HRTF_A,23,3.636,-175.22,0.8,17,1
P007,HRTF_A,23,3.651,-175.36,0.74,17,1
P007,HRTF_A,23,3.665,-175.5,0.7,17,1
P007,HRTF_A,23,3.679,-175.64,0.69,17,1
P007,HRTF_A,23,3.694,-175.78,0.7,17,1
P007,HRTF_A,23,3.709,-175.9,0.75,17,1
P007,HRTF_A,23,3.726,-176.07,0.87,17,1
P007,HRTF_A,23,3.741,-176.1,0.97,17,1
P007,HRTF_A,24,0.015,-10.18,-0.84,6,1
P007,HRTF_A,24,0.029,-9.8,-0.82,6,1
P007,HRTF_A,24,0.043,-9.45,-0.77,6,1
P007,HRTF_A,24,0.057,-9.11,-0.77,6,1
P007,HRTF_A,24,0.07,-8.76,-0.79,6,1
P007,HRTF_A,24,0.084,-8.4,-0.84,6,1
P007,HRTF_A,24,0.099,-8.03,-0.86,6,1
P007,HRTF_A,24,0.112,-7.69,-0.85,6,1
P007,HRTF_A,24,0.126,-7.41,-0.8,6,1
P007,HRTF_A,24,0.139,-7.14,-0.8,6,1
P007,HRTF_A,24,0.153,-6.91,-0.88,6,1
P007,HRTF_A,24,0.166,-6.66,-1.02,6,1
P007,HRTF_A,24,0.179,-6.4,-1.17,6,1
P007,HRTF_A,24,0.2,-6.13,-1.27,6,1
P007,HRTF_A,24,0.214,-5.88,-1.34,6,1
P007,HRTF_A,24,0.228,-5.67,-1.35,6,1
P007,HRTF_A,24,0.242,-5.46,-1.38,6,1
P007,HRTF_A,24,0.256,-5.27,-1.45,6,1
P007,HRTF_A,24,0.27,-5.08,-1.52,6,1
P007,HRTF_A,24,0.283,-4.96,-1.59,6,1
P007,HRTF_A,24,0.296,-4.95,-1.64,6,1
P007,HRTF_A,24,0.31,-5.11,-1.67,6,1
P007,HRTF_A,24,0.324,-5.45,-1.73,6,1
P007,HRTF_A,24,0.337,-5.97,-1.87,6,1
P007,HRTF_A,24,0.35,-6.66,-2.1,6,1
P007,HRTF_A,24,0.364,-7.5,-2.43,6,1
P007,HRTF_A,24,0.378,-8.56,-2.8,6,1
P007,HRTF_A,24,0.392,-9.75,-3.26,6,1
P007,HRTF_A,24,0.405,-11.1,-3.79,6,1
P007,HRTF_A,24,0.422,-12.59,-4.33,6,1
P007,HRTF_A,24,0.436,-14.13,-4.87,6,1
P007,HRTF_A,24,0.45,-15.76,-5.38,6,1
P007,HRTF_A,24,0.464,-17.47,-5.91,6,1
P007,HRTF_A,24,0.478,-19.22,-6.43,6,1
P007,HRTF_A,24,0.492,-21.01,-6.92,6,1
P007,HRTF_A,24,0.506,-22.83,-7.41,6,1
P007,HRTF_A,24,0.52,-24.66,-7.89,6,1
P007,HRTF_A,24,0.533,-26.5,-8.35,6,1
P007,HRTF_A,24,0.548,-28.29,-8.76,6,1
P007,HRTF_A,24,0.561,-30.03,-9.11,6,1
P007,HRTF_A,24,0.575,-31.68,-9.38,6,1
P007,HRTF_A,24,0.589,-33.21,-9.61,6,1
P007,HRTF_A,24,0.603,-34.57,-9.85,6,1
P007,HRTF_A,24,0.617,-35.76,-10.05,6,1
P007,HRTF_A,24,0.631,-36.81,-10.18,6,1
P007,HRTF_A,24,0.645,-37.68,-10.26,6,1
P007,HRTF_A,24,0.659,-38.33,-10.31,6,1
P007,HRTF_A,24,0.672,-38.86,-10.43,6,1
P007,HRTF_A,24,0.687,-39.22,-10.56,6,1
P007,HRTF_A,24,0.7,-39.37,-10.71,6,1
P007,HRTF_A,24,0.714,-39.32,-10.85,6,1
P007,HRTF_A,24,0.729,-39.05,-10.93,6,1
P007,HRTF_A,24,0.742,-38.61,-11.05,6,1
P007,HRTF_A,24,0.755,-38.01,-11.22,6,1
P007,HRTF_A,24,0.77,-37.26,-11.47,6,1
P007,HRTF_A,24,0.783,-36.32,-11.76,6,1
P007,HRTF_A,24,0.798,-35.2,-12.06,6,1
P007,HRTF_A,24,0.811,-33.9,-12.44,6,1
P007,HRTF_A,24,0.825,-32.38,-12.98,6,1
P007,HRTF_A,24,0.839,-30.7,-13.74,6,1
P007,HRTF_A,24,0.853,-28.93,-14.55,6,1
P007,HRTF_A,24,0.867,-27.03,-15.38,6,1
P007,HRTF_A,24,0.881,-25.0,-16.24,6,1
P007,HRTF_A,24,0.895,-22.8,-17.16,6,1
P007,HRTF_A,24,0.909,-20.4,-18.23,6,1
P007,HRTF_A,24,0.923,-17.95,-19.35,6,1
P007,HRTF_A,24,0.937,-15.42,-20.44,6,1
P007,HRTF_A,24,0.95,-12.89,-21.43,6,1
P007,HRTF_A,24,0.964,-10.34,-22.38,6,1
P007,HRTF_A,24,0.977,-7.79,-23.28,6,1
P007,HRTF_A,24,0.992,-5.24,-24.16,6,1
P007,HRTF_A,24,1.006,-2.72,-25.0,6,1
P007,HRTF_A,24,1.02,-0.27,-25.79,6,1
P007,HRTF_A,24,1.034,2.13,-26.52,6,1
P007,HRTF_A,24,1.048,4.43,-27.13,6,1
P007,HRTF_A,24,1.063,6.67,-27.67,6,1
P007,HRTF_A,24,1.076,8.82,-28.13,6,1
P007,HRTF_A,24,1.089,10.86,-28.61,6,1
P007,HRTF_A,24,1.103,12.83,-29.14,6,1
P007,HRTF_A,24,1.117,14.69,-29.71,6,1
P007,HRTF_A,24,1.131,16.57,-30.31,6,1
P007,HRTF_A,24,1.145,18.35,-30.88,6,1
P007,HRTF_A,24,1.159,20.09,-31.36,6,1
P007,HRTF_A,24,1.173,21.75,-31.79,6,1
P007,HRTF_A,24,1.186,23.41,-32.21,6,1
P007,HRTF_A,24,1.201,25.03,-32.63,6,1
P007,HRTF_A,24,1.215,26.66,-33.02,6,1
P007,HRTF_A,24,1.229,28.29,-33.35,6,1
P007,HRTF_A,24,1.242,29.89,-33.62,6,1
P007,HRTF_A,24,1.256,31.47,-33.83,6,1
P007,HRTF_A,24,1.27,32.97,-34.06,6,1
P007,HRTF_A,24,1.284,34.41,-34.29,6,1
P007,HRTF_A,24,1.298,35.74,-34.47,6,1
P007,HRTF_A,24,1.311,37.0,-34.55,6,1
P007,HRTF_A,24,1.325,38.07,-34.51,6,1
P007,HRTF_A,24,1.34,39.02,-34.4,6,1
P007,HRTF_A,24,1.353,39.87,-34.19,6,1
P007,HRTF_A,24,1.367,40.55,-33.9,6,1
P007,HRTF_A,24,1.381,41.14,-33.54,6,1
P007,HRTF_A,24,1.395,41.56,-33.12,6,1
P007,HRTF_A,24,1.409,41.89,-32.66,6,1
P007,HRTF_A,24,1.423,42.08,-32.14,6,1
P007,HRTF_A,24,1.437,42.21,-31.57,6,1
P007,HRTF_A,24,1.45,42.29,-30.96,6,1
P007,HRTF_A,24,1.464,42.34,-30.35,6,1
P007,HRTF_A,24,1.479,42.4,-29.67,6,1
P007,HRTF_A,24,1.492,42.46,-29.03,6,1
P007,HRTF_A,24,1.506,42.56,-28.47,6,1
P007,HRTF_A,24,1.52,42.72,-27.99,6,1
P007,HRTF_A,24,1.534,42.91,-27.61,6,1
P007,HRTF_A,24,1.548,43.17,-27.29,6,1
P007,HRTF_A,24,1.562,43.38,-27.02,6,1
P007,HRTF_A,24,1.575,43.62,-26.74,6,1
P007,HRTF_A,24,1.589,43.81,-26.49,6,1
P007,HRTF_A,24,1.602,44.0,-26.24,6,1
P007,HRTF_A,24,1.617,44.15,-26.05,6,1
P007,HRTF_A,24,1.63,44.29,-25.88,6,1
P007,HRTF_A,24,1.643,44.4,-25.73,6,1
P007,HRTF_A,24,1.659,44.5,-25.55,6,1
P007,HRTF_A,24,1.673,44.53,-25.3,6,1
P007,HRTF_A,24,1.687,44.53,-25.03,6,1
P007,HRTF_A,24,1.7,44.5,-24.79,6,1
P007,HRTF_A,24,1.713,44.44,-24.6,6,1
P007,HRTF_A,24,1.726,44.38,-24.44,6,1
P007,HRTF_A,25,0.015,-9.93,1.96,31,1
P007,HRTF_A,25,0.032,-10.3,2.02,31,1
P007,HRTF_A,25,0.045,-10.73,2.08,31,1
P007,HRTF_A,25,0.059,-11.17,2.11,31,1
P007,HRTF_A,25,0.073,-11.67,2.13,31,1
P007,HRTF_A,25,0.087,-12.17,2.13,31,1
P007,HRTF_A,25,0.1,-12.71,2.14,31,1
P007,HRTF_A,25,0.116,-13.33,2.16,31,1
P007,HRTF_A,25,0.13,-14.0,2.17,31,1
P007,HRTF_A,25,0.144,-14.72,2.15,31,1
P007,HRTF_A,25,0.159,-16.3,2.03,31,1
P007,HRTF_A,25,0.173,-17.24,1.96,31,1
P007,HRTF_A,25,0.187,-18.25,1.8,31,1
P007,HRTF_A,25,0.201,-19.27,1.5,31,1
P007,HRTF_A,25,0.214,-20.36,1.16,31,1
P007,HRTF_A,25,0.228,-21.48,0.86,31,1
P007,HRTF_A,25,0.242,-22.62,0.61,31,1
P007,HRTF_A,25,0.257,-23.79,0.42,31,1
P007,HRTF_A,25,0.27,-24.98,0.23,31,1
P007,HRTF_A,25,0.285,-26.25,0.06,31,1
P007,HRTF_A,25,0.299,-27.49,-0.1,31,1
P007,HRTF_A,25,0.313,-28.78,-0.26,31,1
P007,HRTF_A,25,0.327,-30.05,-0.33,31,1
P007,HRTF_A,25,0.341,-31.35,-0.49,31,1
P007,HRTF_A,25,0.355,-32.64,-0.67,31,1
P007,HRTF_A,25,0.368,-33.94,-0.87,31,1
P007,HRTF_A,25,0.382,-35.22,-1.08,31,1
P007,HRTF_A,25,0.396,-36.45,-1.31,31,1
P007,HRTF_A,25,0.409,-37.68,-1.56,31,1
P007,HRTF_A,25,0.424,-38.93,-1.78,31,1
P007,HRTF_A,25,0.438,-40.17,-2.02,31,1
P007,HRTF_A,25,0.452,-41.43,-2.29,31,1
P007,HRTF_A,25,0.465,-42.72,-2.61,31,1
P007,HRTF_A,25,0.479,-44.02,-2.95,31,1
P007,HRTF_A,25,0.493,-45.31,-3.24,31,1
P007,HRTF_A,25,0.507,-46.59,-3.5,31,1
P007,HRTF_A,25,0.52,-47.88,-3.75,31,1
P007,HRTF_A,25,0.534,-49.24,-4.0,31,1
P007,HRTF_A,25,0.548,-50.64,-4.28,31,1
P007,HRTF_A,25,0.563,-52.06,-4.54,31,1
P007,HRTF_A,25,0.577,-53.49,-4.76,31,1
P007,HRTF_A,25,0.591,-55.01,-4.9,31,1
P007,HRTF_A,25,0.604,-56.59,-5.06,31,1
P007,HRTF_A,25,0.618,-58.27,-5.28,31,1
P007,HRTF_A,25,0.632,-60.0,-5.5,31,1
P007,HRTF_A,25,0.645,-61.8,-5.72,31,1
P007,HRTF_A,25,0.659,-63.68,-5.93,31,1
P007,HRTF_A,25,0.673,-65.65,-6.23,31,1
P007,HRTF_A,25,0.688,-67.74,-6.62,31,1
P007,HRTF_A,25,0.702,-69.86,-7.09,31,1
P007,HRTF_A,25,0.716,-71.96,-7.58,31,1
P007,HRTF_A,25,0.73,-74.06,-8.09,31,1
P007,HRTF_A,25,0.744,-76.16,-8.68,31,1
P007,HRTF_A,25,0.758,-78.25,-9.34,31,1
P007,HRTF_A,25,0.772,-80.32,-9.94,31,1
P007,HRTF_A,25,0.786,-82.27,-10.45,31,1
P007,HRTF_A,25,0.8,-84.05,-10.92,31,1
P007,HRTF_A,25,0.813,-85.63,-11.37,31,1
P007,HRTF_A,25,0.828,-86.96,-11.84,31,1
P007,HRTF_A,25,0.842,-88.11,-12.32,31,1
P007,HRTF_A,25,0.856,-89.06,-12.81,31,1
P007,HRTF_A,25,0.87,-89.83,-13.27,31,1
P007,HRTF_A,25,0.883,-90.4,-13.69,31,1
P007,HRTF_A,25,0.897,-90.73,-14.11,31,1
P007,HRTF_A,25,0.911,-90.85,-14.52,31,1
P007,HRTF_A,25,0.924,-90.8,-14.93,31,1
P007,HRTF_A,25,0.938,-90.53,-15.37,31,1
P007,HRTF_A,25,0.953,-90.19,-15.83,31,1
P007,HRTF_A,25,0.967,-89.87,-16.34,31,1
P007,HRTF_A,25,0.98,-89.58,-16.82,31,1
P007,HRTF_A,25,0.994,-89.27,-17.3,31,1
P007,HRTF_A,25,1.008,-88.93,-17.74,31,1
P007,HRTF_A,25,1.022,-88.63,-18.15,31,1
P007,HRTF_A,25,1.035,-88.4,-18.54,31,1
P007,HRTF_A,25,1.049,-88.21,-18.99,31,1
P007,HRTF_A,25,1.062,-88.08,-19.45,31,1
P007,HRTF_A,25,1.076,-87.94,-19.91,31,1
P007,HRTF_A,25,1.092,-87.71,-20.38,31,1
P007,HRTF_A,25,1.105,-87.38,-20.87,31,1
P007,HRTF_A,25,1.119,-86.96,-21.33,31,1
P007,HRTF_A,25,1.133,-86.49,-21.78,31,1
P007,HRTF_A,25,1.146,-86.03,-22.18,31,1
P007,HRTF_A,25,1.16,-85.62,-22.53,31,1
P007,HRTF_A,25,1.174,-85.12,-22.88,31,1
P007,HRTF_A,25,1.187,-84.49,-23.2,31,1
P007,HRTF_A,25,1.201,-83.76,-23.48,31,1
P007,HRTF_A,25,1.215,-82.95,-23.67,31,1
P007,HRTF_A,25,1.23,-82.07,-23.75,31,1
P007,HRTF_A,25,1.243,-81.11,-23.71,31,1
P007,HRTF_A,25,1.257,-80.04,-23.58,31,1
P007,HRTF_A,25,1.272,-78.83,-23.36,31,1
P007,HRTF_A,25,1.285,-77.46,-23.05,31,1
P007,HRTF_A,25,1.299,-75.92,-22.69,31,1
P007,HRTF_A,25,1.313,-74.23,-22.22,31,1
P007,HRTF_A,25,1.327,-72.4,-21.69,31,1
P007,HRTF_A,25,1.341,-70.51,-21.04,31,1
P007,HRTF_A,25,1.356,-68.44,-20.33,31,1
P007,HRTF_A,25,1.37,-66.3,-19.69,31,1
P007,HRTF_A,25,1.383,-64.18,-19.01,31,1
P007,HRTF_A,25,1.397,-62.05,-18.2,31,1
P007,HRTF_A,25,1.412,-59.92,-17.2,31,1
P007,HRTF_A,25,1.425,-57.84,-16.14,31,1
P007,HRTF_A,25,1.439,-55.83,-14.86,31,1
P007,HRTF_A,25,1.453,-53.88,-13.49,31,1
P007,HRTF_A,25,1.466,-52.02,-12.02,31,1
P007,HRTF_A,25,1.48,-50.21,-10.5,31,1
P007,HRTF_A,25,1.496,-48.45,-9.1,31,1
P007,HRTF_A,25,1.51,-46.71,-7.84,31,1
P007,HRTF_A,25,1.524,-45.02,-6.8,31,1
P007,HRTF_A,25,1.538,-43.47,-5.9,31,1
P007,HRTF_A,25,1.552,-42.03,-5.03,31,1
P007,HRTF_A,25,1.566,-40.72,-4.14,31,1
P007,HRTF_A,25,1.579,-39.51,-3.29,31,1
P007,HRTF_A,25,1.593,-38.41,-2.49,31,1
P007,HRTF_A,25,1.606,-37.44,-1.67,31,1
P007,HRTF_A,25,1.621,-36.7,-0.88,31,1
P007,HRTF_A,25,1.635,-36.03,-0.25,31,1
P007,HRTF_A,25,1.649,-35.51,0.53,31,1
P007,HRTF_A,25,1.663,-35.12,0.72,31,1
P007,HRTF_A,25,1.677,-34.6,0.71,31,1
P007,HRTF_A,25,1.691,-33.92,0.84,31,1
P007,HRTF_A,25,1.705,-33.16,0.74,31,1
P007,HRTF_A,25,1.719,-32.24,0.57,31,1
P007,HRTF_A,25,1.732,-31.23,0.54,31,1
P007,HRTF_A,25,1.746,-30.16,0.69,31,1
P007,HRTF_A,25,1.762,-29.05,1.0,31,1
P007,HRTF_A,25,1.776,-27.92,1.28,31,1
P007,HRTF_A,25,1.79,-26.82,1.45,31,1
P007,HRTF_A,25,1.803,-25.86,1.51,31,1
P007,HRTF_A,25,1.817,-25.05,1.6,31,1
P007,HRTF_A,25,1.831,-24.12,1.63,31,1
P007,HRTF_A,25,1.845,-23.17,1.76,31,1
P007,HRTF_A,25,1.858,-22.05,2.18,31,1
P007,HRTF_A,25,1.872,-20.79,2.39,31,1
P007,HRTF_A,25,1.886,-19.42,2.57,31,1
P007,HRTF_A,25,1.905,-17.98,2.79,31,1
P007,HRTF_A,25,1.918,-16.64,3.08,31,1
P007,HRTF_A,25,1.932,-15.31,3.46,31,1
P007,HRTF_A,25,1.945,-13.98,3.81,31,1
P007,HRTF_A,25,1.96,-12.75,3.95,31,1
P007,HRTF_A,25,1.973,-11.48,4.08,31,1
P007,HRTF_A,25,1.987,-10.18,4.19,31,1
P007,HRTF_A,25,2.001,-8.85,4.32,31,1
P007,HRTF_A,25,2.015,-7.56,4.52,31,1
P007,HRTF_A,25,2.028,-6.28,4.76,31,1
P007,HRTF_A,25,2.044,-5.04,5.03,31,1
P007,HRTF_A,25,2.058,-3.77,5.19,31,1
P007,HRTF_A,25,2.072,-2.54,5.37,31,1
P007,HRTF_A,25,2.086,-1.31,5.44,31,1
P007,HRTF_A,25,2.1,0.15,5.23,31,1
P007,HRTF_A,25,2.113,1.42,5.25,31,1
P007,HRTF_A,25,2.127,2.61,5.42,31,1
P007,HRTF_A,25,2.142,3.61,5.54,31,1
P007,HRTF_A,25,2.156,4.66,5.53,31,1
P007,HRTF_A,25,2.169,5.53,5.43,31,1
P007,HRTF_A,25,2.184,6.23,5.05,31,1
P007,HRTF_A,25,2.198,6.98,4.73,31,1
P007,HRTF_A,25,2.212,7.77,4.56,31,1
P007,HRTF_A,25,2.226,8.66,4.36,31,1
P007,HRTF_A,25,2.24,9.63,4.25,31,1
P007,HRTF_A,25,2.255,10.63,4.27,31,1
P007,HRTF_A,25,2.268,11.68,4.3,31,1
P007,HRTF_A,25,2.282,12.59,4.3,31,1
P007,HRTF_A,25,2.297,13.46,4.47,31,1
P007,HRTF_A,25,2.312,15.18,4.86,31,1
P007,HRTF_A,25,2.325,16.02,5.26,31,1
P007,HRTF_A,25,2.34,16.95,5.52,31,1
P007,HRTF_A,25,2.353,17.97,5.6,31,1
P007,HRTF_A,25,2.367,19.11,5.39,31,1
P007,HRTF_A,25,2.381,20.23,5.12,31,1
P007,HRTF_A,25,2.396,21.36,4.94,31,1
P007,HRTF_A,25,2.409,22.51,4.81,31,1
P007,HRTF_A,25,2.423,23.57,4.72,31,1
P007,HRTF_A,25,2.437,24.67,4.72,31,1
P007,HRTF_A,25,2.452,25.87,4.9,31,1
P007,HRTF_A,25,2.466,27.01,5.03,31,1
P007,HRTF_A,25,2.48,28.26,4.89,31,1
P007,HRTF_A,25,2.493,29.44,4.76,31,1
P007,HRTF_A,25,2.506,30.5,4.66,31,1
P007,HRTF_A,25,2.52,31.6,4.4,31,1
P007,HRTF_A,25,2.544,32.54,4.27,31,1
P007,HRTF_A,25,2.559,33.58,3.99,31,1
P007,HRTF_A,25,2.573,34.65,3.88,31,1
P007,HRTF_A,25,2.587,35.74,3.71,31,1
P007,HRTF_A,25,2.601,36.82,3.53,31,1
P007,HRTF_A,25,2.614,37.84,3.32,31,1
P007,HRTF_A,25,2.628,38.73,3.21,31,1
P007,HRTF_A,25,2.642,39.67,3.1,31,1
P007,HRTF_A,25,2.655,40.51,3.22,31,1
P007,HRTF_A,25,2.67,41.32,3.37,31,1
P007,HRTF_A,25,2.684,42.11,3.54,31,1
P007,HRTF_A,25,2.697,43.01,3.36,31,1
P007,HRTF_A,25,2.711,43.83,3.36,31,1
P007,HRTF_A,25,2.726,44.71,3.23,31,1
P007,HRTF_A,25,2.74,45.64,3.14,31,1
P007,HRTF_A,25,2.754,46.53,3.17,31,1
P007,HRTF_A,25,2.767,47.39,3.26,31,1
P007,HRTF_A,25,2.781,48.28,3.44,31,1
P007,HRTF_A,25,2.795,49.13,3.69,31,1
P007,HRTF_A,25,2.808,50.01,3.9,31,1
P007,HRTF_A,25,2.822,50.92,4.05,31,1
P007,HRTF_A,25,2.836,51.85,4.15,31,1
P007,HRTF_A,25,2.852,52.79,4.22,31,1
P007,HRTF_A,25,2.866,53.76,4.25,31,1
P007,HRTF_A,25,2.88,54.74,4.19,31,1
P007,HRTF_A,25,2.893,55.78,4.01,31,1
P007,HRTF_A,25,2.906,56.79,3.84,31,1
P007,HRTF_A,25,2.921,57.78,3.65,31,1
P007,HRTF_A,25,2.935,58.76,3.53,31,1
P007,HRTF_A,25,2.949,59.71,3.47,31,1
P007,HRTF_A,25,2.963,60.66,3.43,31,1
P007,HRTF_A,25,2.976,61.62,3.44,31,1
P007,HRTF_A,25,2.991,62.6,3.35,31,1
P007,HRTF_A,25,3.005,63.63,3.26,31,1
P007,HRTF_A,25,3.019,64.68,3.14,31,1
P007,HRTF_A,25,3.032,65.78,3.04,31,1
P007,HRTF_A,25,3.046,66.94,2.99,31,1
P007,HRTF_A,25,3.059,68.16,2.97,31,1
P007,HRTF_A,25,3.073,69.39,2.87,31,1
P007,HRTF_A,25,3.087,70.68,2.85,31,1
P007,HRTF_A,25,3.101,72.04,2.73,31,1
P007,HRTF_A,25,3.116,73.45,2.61,31,1
P007,HRTF_A,25,3.13,74.92,2.45,31,1
P007,HRTF_A,25,3.144,76.4,2.3,31,1
P007,HRTF_A,25,3.158,77.89,2.12,31,1
P007,HRTF_A,25,3.172,79.39,1.95,31,1
P007,HRTF_A,25,3.185,80.89,1.77,31,1
P007,HRTF_A,25,3.198,82.38,1.59,31,1
P007,HRTF_A,25,3.212,83.87,1.38,31,1
P007,HRTF_A,25,3.226,85.34,1.18,31,1
P007,HRTF_A,25,3.24,86.81,0.95,31,1
P007,HRTF_A,25,3.255,88.3,0.7,31,1
P007,HRTF_A,25,3.269,89.77,0.42,31,1
P007,HRTF_A,25,3.282,91.24,0.16,31,1
P007,HRTF_A,25,3.295,92.7,-0.16,31,1
P007,HRTF_A,25,3.309,94.15,-0.45,31,1
P007,HRTF_A,25,3.323,95.59,-0.75,31,1
P007,HRTF_A,25,3.338,97.08,-1.06,31,1
P007,HRTF_A,25,3.351,98.59,-1.38,31,1
P007,HRTF_A,25,3.365,100.07,-1.67,31,1
P007,HRTF_A,25,3.378,101.55,-1.97,31,1
P007,HRTF_A,25,3.393,103.0,-2.25,31,1
P007,HRTF_A,25,3.407,104.44,-2.51,31,1
P007,HRTF_A,25,3.421,105.91,-2.75,31,1
P007,HRTF_A,25,3.434,107.38,-3.02,31,1
P007,HRTF_A,25,3.447,108.88,-3.26,31,1
P007,HRTF_A,25,3.461,110.4,-3.47,31,1
P007,HRTF_A,25,3.475,111.93,-3.66,31,1
P007,HRTF_A,25,3.489,113.46,-3.8,31,1
P007,HRTF_A,25,3.503,114.99,-3.91,31,1
P007,HRTF_A,25,3.518,116.55,-4.05,31,1
P007,HRTF_A,25,3.532,118.13,-4.18,31,1
P007,HRTF_A,25,3.545,119.69,-4.3,31,1
P007,HRTF_A,25,3.559,121.23,-4.4,31,1
P007,HRTF_A,25,3.573,122.73,-4.52,31,1
P007,HRTF_A,25,3.587,124.21,-4.61,31,1
P007,HRTF_A,25,3.602,125.64,-4.72,31,1
P007,HRTF_A,25,3.615,127.04,-4.83,31,1
P007,HRTF_A,25,3.628,128.39,-4.95,31,1
P007,HRTF_A,25,3.642,129.64,-5.05,31,1
P007,HRTF_A,25,3.657,130.82,-5.14,31,1
P007,HRTF_A,25,3.671,131.91,-5.28,31,1
P007,HRTF_A,25,3.685,132.94,-5.47,31,1
P007,HRTF_A,25,3.699,133.91,-5.68,31,1
P007,HRTF_A,25,3.712,134.81,-5.88,31,1
P007,HRTF_A,25,3.726,135.64,-6.09,31,1
P007,HRTF_A,25,3.741,136.4,-6.25,31,1
P007,HRTF_A,25,3.755,137.12,-6.43,31,1
P007,HRTF_A,25,3.768,137.76,-6.64,31,1
P007,HRTF_A,25,3.783,138.37,-6.84,31,1
P007,HRTF_A,25,3.797,138.93,-7.07,31,1
P007,HRTF_A,25,3.81,139.44,-7.28,31,1
P007,HRTF_A,25,3.823,139.86,-7.48,31,1
P007,HRTF_A,25,3.837,140.26,-7.7,31,1
P007,HRTF_A,25,3.851,140.58,-7.95,31,1
P007,HRTF_A,25,3.864,140.88,-8.22,31,1
P007,HRTF_A,25,3.878,141.11,-8.52,31,1
P007,HRTF_A,25,3.892,141.29,-8.81,31,1
P007,HRTF_A,25,3.906,141.36,-9.12,31,1
P007,HRTF_A,25,3.921,141.32,-9.49,31,1
P007,HRTF_A,25,3.935,141.2,-9.94,31,1
P007,HRTF_A,25,3.948,141.02,-10.47,31,1
P007,HRTF_A,25,3.962,140.75,-11.06,31,1
P007,HRTF_A,25,3.976,140.42,-11.66,31,1
P007,HRTF_A,25,3.99,139.93,-12.32,31,1
P007,HRTF_A,25,4.004,139.34,-13.08,31,1
P007,HRTF_A,25,4.018,138.62,-13.89,31,1
P007,HRTF_A,25,4.031,137.85,-14.76,31,1
P007,HRTF_A,25,4.045,137.01,-15.6,31,1
P007,HRTF_A,25,4.06,136.08,-16.44,31,1
P007,HRTF_A,25,4.075,135.11,-17.14,31,1
P007,HRTF_A,25,4.088,134.12,-17.78,31,1
P007,HRTF_A,25,4.102,133.12,-18.34,31,1
P007,HRTF_A,25,4.115,132.1,-18.86,31,1
P007,HRTF_A,25,4.131,131.11,-19.29,31,1
P007,HRTF_A,25,4.144,130.13,-19.66,31,1
P007,HRTF_A,25,4.157,129.13,-20.09,31,1
P007,HRTF_A,25,4.171,128.1,-20.54,31,1
P007,HRTF_A,25,4.186,127.08,-20.97,31,1
P007,HRTF_A,25,4.202,125.04,-21.63,31,1
P007,HRTF_A,25,4.218,124.08,-21.74,31,1
P007,HRTF_A,25,4.234,123.02,-21.86,31,1
P007,HRTF_A,25,4.249,121.99,-22.1,31,1
P007,HRTF_A,25,4.265,120.89,-22.39,31,1
P007,HRTF_A,25,4.281,119.82,-22.72,31,1
P007,HRTF_A,25,4.297,118.7,-23.06,31,1
P007,HRTF_A,25,4.313,116.39,-23.81,31,1
P007,HRTF_A,25,4.328,115.07,-24.35,31,1
P007,HRTF_A,25,4.347,113.69,-24.95,31,1
P007,HRTF_A,25,4.363,112.25,-25.54,31,1
P007,HRTF_A,25,4.379,110.77,-26.25,31,1
P007,HRTF_A,25,4.395,107.68,-27.7,31,1
P007,HRTF_A,25,4.411,105.99,-28.54,31,1
P007,HRTF_A,25,4.426,104.3,-29.31,31,1
P007,HRTF_A,25,4.441,102.73,-30.04,31,1
P007,HRTF_A,25,4.455,101.22,-30.84,31,1
P007,HRTF_A,25,4.469,99.61,-31.52,31,1
P007,HRTF_A,25,4.484,98.09,-32.27,31,1
P007,HRTF_A,25,4.498,96.59,-32.95,31,1
P007,HRTF_A,25,4.511,95.17,-33.63,31,1
P007,HRTF_A,25,4.525,93.83,-34.21,31,1
P007,HRTF_A,25,4.539,92.58,-34.7,31,1
P007,HRTF_A,25,4.553,91.45,-35.18,31,1
P007,HRTF_A,25,4.567,90.27,-35.6,31,1
P007,HRTF_A,25,4.58,89.44,-36.04,31,1
P007,HRTF_A,25,4.594,87.87,-36.77,31,1
P007,HRTF_A,25,4.607,86.53,-37.29,31,1
P007,HRTF_A,25,4.626,85.47,-37.66,31,1
P007,HRTF_A,25,4.641,84.18,-38.05,31,1
P007,HRTF_A,25,4.655,83.02,-38.33,31,1
P007,HRTF_A,25,4.668,81.86,-38.53,31,1
P007,HRTF_A,25,4.682,80.9,-38.54,31,1
P007,HRTF_A,25,4.696,79.96,-38.41,31,1
P007,HRTF_A,25,4.71,78.85,-38.3,31,1
P007,HRTF_A,25,4.724,77.8,-38.23,31,1
P007,HRTF_A,25,4.738,76.66,-38.24,31,1
P007,HRTF_A,25,4.751,75.61,-38.26,31,1
P007,HRTF_A,25,4.766,74.65,-38.24,31,1
P007,HRTF_A,25,4.78,73.55,-38.33,31,1
P007,HRTF_A,25,4.793,72.4,-38.47,31,1
P007,HRTF_A,25,4.807,71.12,-38.59,31,1
P007,HRTF_A,25,4.821,69.99,-38.72,31,1
P007,HRTF_A,25,4.835,68.79,-39.06,31,1
P007,HRTF_A,25,4.848,67.56,-39.59,31,1
P007,HRTF_A,25,4.862,66.31,-40.29,31,1
P007,HRTF_A,25,4.876,65.05,-40.94,31,1
P007,HRTF_A,25,4.89,63.72,-41.64,31,1
P007,HRTF_A,25,4.905,62.38,-42.35,31,1
P007,HRTF_A,25,4.918,61.0,-42.95,31,1
P007,HRTF_A,25,4.933,59.67,-43.47,31,1
P007,HRTF_A,25,4.946,58.41,-43.84,31,1
P007,HRTF_A,25,4.961,57.12,-44.35,31,1
P007,HRTF_A,25,4.975,55.74,-44.77,31,1
P007,HRTF_A,25,4.988,54.23,-45.25,31,1
P007,HRTF_A,25,5.002,52.81,-45.77,31,1
P007,HRTF_A,25,5.016,51.43,-46.32,31,1
P007,HRTF_A,25,5.031,49.89,-46.88,31,1
P007,HRTF_A,25,5.045,48.43,-47.31,31,1
P007,HRTF_A,25,5.059,47.07,-47.68,31,1
P007,HRTF_A,25,5.073,45.61,-48.05,31,1
P007,HRTF_A,25,5.087,44.23,-48.39,31,1
P007,HRTF_A,25,5.1,42.79,-48.64,31,1
P007,HRTF_A,25,5.116,41.47,-48.88,31,1
P007,HRTF_A,25,5.129,40.04,-49.1,31,1
P007,HRTF_A,25,5.143,38.63,-49.3,31,1
P007,HRTF_A,25,5.157,37.21,-49.37,31,1
P007,HRTF_A,25,5.172,34.24,-49.5,31,1
P007,HRTF_A,25,5.186,32.8,-49.48,31,1
P007,HRTF_A,25,5.199,31.33,-49.47,31,1
P007,HRTF_A,25,5.213,29.84,-49.37,31,1
P007,HRTF_A,25,5.23,28.22,-49.44,31,1
P007,HRTF_A,25,5.25,26.75,-49.34,31,1
P007,HRTF_A,25,5.264,25.36,-49.26,31,1
P007,HRTF_A,25,5.279,23.95,-49.19,31,1
P007,HRTF_A,25,5.292,22.61,-49.08,31,1
P007,HRTF_A,25,5.307,21.26,-49.0,31,1
P007,HRTF_A,25,5.321,19.92,-48.87,31,1
P007,HRTF_A,25,5.335,18.63,-48.76,31,1
P007,HRTF_A,25,5.349,17.34,-48.74,31,1
P007,HRTF_A,25,5.363,16.14,-48.72,31,1
P007,HRTF_A,25,5.377,14.94,-48.76,31,1
P007,HRTF_A,25,5.39,13.69,-48.76,31,1
P007,HRTF_A,25,5.418,12.3,-48.72,31,1
P007,HRTF_A,25,5.432,9.57,-48.48,31,1
P007,HRTF_A,25,5.446,8.19,-48.43,31,1
P007,HRTF_A,25,5.46,6.83,-48.37,31,1
P007,HRTF_A,25,5.474,5.36,-48.28,31,1
P007,HRTF_A,25,5.488,3.87,-48.15,31,1
P007,HRTF_A,25,5.501,2.24,-48.04,31,1
P007,HRTF_A,25,5.515,0.57,-47.86,31,1
P007,HRTF_A,25,5.53,-1.33,-48.1,31,1
P007,HRTF_A,25,5.543,-3.11,-47.77,31,1
P007,HRTF_A,25,5.557,-4.96,-47.88,31,1
P007,HRTF_A,25,5.571,-6.82,-47.78,31,1
P007,HRTF_A,25,5.585,-8.73,-47.64,31,1
P007,HRTF_A,25,5.599,-10.68,-47.41,31,1
P007,HRTF_A,25,5.612,-12.7,-47.09,31,1
P007,HRTF_A,25,5.627,-14.73,-46.68,31,1
P007,HRTF_A,25,5.64,-16.76,-46.22,31,1
P007,HRTF_A,25,5.654,-18.79,-45.77,31,1
P007,HRTF_A,25,5.668,-20.82,-45.29,31,1
P007,HRTF_A,25,5.682,-22.78,-44.93,31,1
P007,HRTF_A,25,5.696,-24.71,-44.57,31,1
P007,HRTF_A,25,5.71,-26.54,-44.28,31,1
P007,HRTF_A,25,5.724,-28.27,-44.02,31,1
P007,HRTF_A,25,5.738,-29.92,-43.81,31,1
P007,HRTF_A,25,5.751,-31.45,-43.6,31,1
P007,HRTF_A,25,5.765,-32.84,-43.42,31,1
P007,HRTF_A,25,5.779,-34.17,-43.26,31,1
P007,HRTF_A,25,5.793,-35.33,-43.15,31,1
P007,HRTF_A,25,5.807,-36.39,-43.1,31,1
P007,HRTF_A,25,5.821,-37.36,-43.06,31,1
P007,HRTF_A,25,5.835,-38.17,-43.03,31,1
P007,HRTF_A,25,5.849,-38.9,-43.04,31,1
P007,HRTF_A,25,5.863,-39.55,-43.01,31,1
P007,HRTF_A,25,5.877,-40.15,-42.99,31,1
P007,HRTF_A,25,5.891,-40.71,-42.95,31,1
P007,HRTF_A,25,5.904,-41.27,-42.91,31,1
P007,HRTF_A,25,5.918,-41.78,-42.86,31,1
P007,HRTF_A,25,5.932,-42.31,-42.83,31,1
P007,HRTF_A,25,5.946,-42.8,-42.82,31,1
P007,HRTF_A,25,5.96,-43.29,-42.82,31,1
P007,HRTF_A,25,5.974,-43.79,-42.78,31,1
P007,HRTF_A,25,5.987,-44.3,-42.71,31,1
P007,HRTF_A,25,6.001,-44.81,-42.55,31,1
P007,HRTF_A,25,6.015,-45.36,-42.34,31,1
P007,HRTF_A,25,6.029,-45.89,-41.98,31,1
P007,HRTF_A,25,6.043,-46.42,-41.48,31,1
P007,HRTF_A,25,6.057,-46.91,-40.75,31,1
P007,HRTF_A,25,6.071,-47.35,-39.71,31,1
P007,HRTF_A,25,6.085,-47.79,-38.33,31,1
P007,HRTF_A,25,6.099,-48.18,-36.68,31,1
P007,HRTF_A,25,6.113,-48.51,-34.79,31,1
P007,HRTF_A,25,6.127,-48.87,-32.67,31,1
P007,HRTF_A,25,6.141,-49.26,-30.41,31,1
P007,HRTF_A,25,6.154,-49.69,-28.06,31,1
P007,HRTF_A,25,6.168,-50.1,-25.9,31,1
P007,HRTF_A,25,6.182,-50.51,-23.96,31,1
P007,HRTF_A,25,6.196,-51.01,-22.3,31,1
P007,HRTF_A,25,6.21,-51.52,-20.88,31,1
P007,HRTF_A,25,6.224,-52.07,-19.62,31,1
P007,HRTF_A,25,6.238,-52.75,-18.36,31,1
P007,HRTF_A,25,6.251,-53.51,-17.03,31,1
P007,HRTF_A,25,6.265,-54.4,-15.73,31,1
P007,HRTF_A,25,6.28,-55.35,-14.51,31,1
P007,HRTF_A,25,6.293,-56.32,-13.48,31,1
P007,HRTF_A,25,6.307,-57.24,-12.68,31,1
P007,HRTF_A,25,6.321,-58.11,-12.04,31,1
P007,HRTF_A,25,6.335,-58.91,-11.39,31,1
P007,HRTF_A,25,6.349,-59.63,-10.65,31,1
P007,HRTF_A,25,6.363,-60.35,-9.92,31,1
P007,HRTF_A,25,6.377,-61.05,-9.33,31,1
P007,HRTF_A,25,6.391,-61.68,-8.88,31,1
P007,HRTF_A,25,6.404,-62.26,-8.55,31,1
P007,HRTF_A,25,6.418,-62.77,-8.23,31,1
P007,HRTF_A,25,6.432,-63.19,-7.9,31,1
P007,HRTF_A,25,6.446,-63.58,-7.59,31,1
P007,HRTF_A,25,6.46,-63.93,-7.36,31,1
P007,HRTF_A,25,6.474,-64.21,-7.32,31,1
P007,HRTF_A,25,6.488,-64.44,-7.38,31,1
P007,HRTF_A,25,6.501,-64.63,-7.46,31,1
P007,HRTF_A,25,6.517,-64.77,-7.49,31,1
P007,HRTF_A,25,6.529,-64.9,-7.43,31,1
P007,HRTF_A,25,6.543,-65.03,-7.33,31,1
P007,HRTF_A,25,6.557,-65.18,-7.24,31,1
P007,HRTF_A,25,6.572,-65.31,-7.21,31,1
P007,HRTF_A,25,6.585,-65.41,-7.22,31,1
P007,HRTF_A,25,6.599,-65.47,-7.2,31,1
P007,HRTF_A,25,6.613,-65.51,-7.13,31,1
P007,HRTF_A,25,6.627,-65.57,-7.0,31,1
P007,HRTF_A,25,6.641,-65.63,-6.83,31,1
P007,HRTF_A,25,6.655,-65.74,-6.68,31,1
P007,HRTF_A,25,6.699,29.06,0.0,31,1
P007,HRTF_A,25,6.719,29.06,0.0,31,1
P007,HRTF_A,25,6.761,29.06,0.0,31,1
P007,HRTF_A,25,6.783,-56.39,10.61,31,1
P007,HRTF_A,26,0.014,-10.85,0.45,7,1
P007,HRTF_A,26,0.027,-10.36,0.48,7,1
P007,HRTF_A,26,0.039,-9.87,0.52,7,1
P007,HRTF_A,26,0.064,-9.47,0.65,7,1
P007,HRTF_A,26,0.078,-9.07,0.76,7,1
P007,HRTF_A,26,0.092,-8.68,0.76,7,1
P007,HRTF_A,26,0.106,-8.35,0.7,7,1
P007,HRTF_A,26,0.12,-8.0,0.61,7,1
P007,HRTF_A,26,0.134,-7.71,0.56,7,1
P007,HRTF_A,26,0.148,-7.47,0.56,7,1
P007,HRTF_A,26,0.162,-7.27,0.6,7,1
P007,HRTF_A,26,0.175,-7.11,0.63,7,1
P007,HRTF_A,26,0.189,-6.95,0.67,7,1
P007,HRTF_A,26,0.203,-6.83,0.73,7,1
P007,HRTF_A,26,0.217,-6.73,0.75,7,1
P007,HRTF_A,26,0.231,-6.7,0.9,7,1
P007,HRTF_A,26,0.245,-6.78,0.99,7,1
P007,HRTF_A,27,0.016,-11.82,0.47,20,1
P007,HRTF_A,27,0.029,-11.9,0.48,20,1
P007,HRTF_A,27,0.053,-11.96,0.48,20,1
P007,HRTF_A,27,0.067,-12.05,0.46,20,1
P007,HRTF_A,27,0.081,-12.16,0.45,20,1
P007,HRTF_A,27,0.095,-12.31,0.41,20,1
P007,HRTF_A,27,0.109,-12.52,0.34,20,1
P007,HRTF_A,27,0.123,-12.76,0.23,20,1
P007,HRTF_A,27,0.136,-13.07,0.09,20,1
P007,HRTF_A,27,0.15,-13.42,-0.02,20,1
P007,HRTF_A,27,0.164,-13.83,-0.1,20,1
P007,HRTF_A,27,0.178,-14.29,-0.14,20,1
P007,HRTF_A,27,0.192,-14.8,-0.14,20,1
P007,HRTF_A,27,0.206,-15.35,-0.16,20,1
P007,HRTF_A,27,0.22,-15.95,-0.21,20,1
P007,HRTF_A,27,0.234,-16.57,-0.28,20,1
P007,HRTF_A,27,0.248,-17.24,-0.34,20,1
P007,HRTF_A,27,0.262,-17.89,-0.34,20,1
P007,HRTF_A,27,0.275,-18.56,-0.32,20,1
P007,HRTF_A,27,0.289,-19.23,-0.29,20,1
P007,HRTF_A,27,0.303,-19.91,-0.25,20,1
P007,HRTF_A,27,0.317,-20.6,-0.21,20,1
P007,HRTF_A,27,0.331,-21.27,-0.17,20,1
P007,HRTF_A,27,0.345,-21.91,-0.12,20,1
P007,HRTF_A,27,0.359,-22.51,-0.04,20,1
P007,HRTF_A,27,0.373,-23.08,0.06,20,1
P007,HRTF_A,27,0.386,-23.63,0.09,20,1
P007,HRTF_A,27,0.4,-24.14,0.12,20,1
P007,HRTF_A,27,0.414,-24.66,0.08,20,1
P007,HRTF_A,27,0.428,-25.17,0.01,20,1
P007,HRTF_A,27,0.442,-25.7,-0.06,20,1
P007,HRTF_A,27,0.456,-26.22,-0.1,20,1
P007,HRTF_A,27,0.47,-26.76,-0.15,20,1
P007,HRTF_A,27,0.484,-27.31,-0.16,20,1
P007,HRTF_A,27,0.498,-27.86,-0.16,20,1
P007,HRTF_A,27,0.512,-28.45,-0.19,20,1
P007,HRTF_A,27,0.528,-29.05,-0.25,20,1
P007,HRTF_A,27,0.541,-29.67,-0.27,20,1
P007,HRTF_A,27,0.554,-30.32,-0.27,20,1
P007,HRTF_A,27,0.567,-31.02,-0.23,20,1
P007,HRTF_A,27,0.581,-31.76,-0.19,20,1
P007,HRTF_A,27,0.595,-32.54,-0.16,20,1
P007,HRTF_A,27,0.609,-33.37,-0.17,20,1
P007,HRTF_A,27,0.623,-34.24,-0.18,20,1
P007,HRTF_A,27,0.637,-35.13,-0.17,20,1
P007,HRTF_A,27,0.65,-36.1,-0.19,20,1
P007,HRTF_A,27,0.664,-37.09,-0.23,20,1
P007,HRTF_A,27,0.678,-38.13,-0.27,20,1
P007,HRTF_A,27,0.692,-39.21,-0.31,20,1
P007,HRTF_A,27,0.706,-40.26,-0.29,20,1
P007,HRTF_A,27,0.72,-41.35,-0.3,20,1
P007,HRTF_A,27,0.734,-42.41,-0.28,20,1
P007,HRTF_A,27,0.748,-43.49,-0.28,20,1
P007,HRTF_A,27,0.761,-44.59,-0.33,20,1
P007,HRTF_A,27,0.775,-45.7,-0.42,20,1
P007,HRTF_A,27,0.789,-46.79,-0.53,20,1
P007,HRTF_A,27,0.803,-47.85,-0.6,20,1
P007,HRTF_A,27,0.817,-48.86,-0.61,20,1
P007,HRTF_A,27,0.831,-49.82,-0.58,20,1
P007,HRTF_A,27,0.845,-50.73,-0.49,20,1
P007,HRTF_A,27,0.859,-51.59,-0.36,20,1
P007,HRTF_A,27,0.873,-52.41,-0.23,20,1
P007,HRTF_A,27,0.886,-53.18,-0.08,20,1
P007,HRTF_A,27,0.9,-53.92,0.07,20,1
P007,HRTF_A,27,0.914,-54.59,0.26,20,1
P007,HRTF_A,27,0.928,-55.24,0.47,20,1
P007,HRTF_A,27,0.942,-55.88,0.71,20,1
P007,HRTF_A,27,0.956,-56.52,0.91,20,1
P007,HRTF_A,27,0.97,-57.16,1.05,20,1
P007,HRTF_A,27,0.984,-57.83,1.14,20,1
P007,HRTF_A,27,0.998,-58.5,1.12,20,1
P007,HRTF_A,27,1.012,-59.2,1.02,20,1
P007,HRTF_A,27,1.026,-59.95,0.88,20,1
P007,HRTF_A,27,1.039,-60.75,0.72,20,1
P007,HRTF_A,27,1.053,-61.64,0.56,20,1
P007,HRTF_A,27,1.067,-62.57,0.41,20,1
P007,HRTF_A,27,1.081,-63.59,0.27,20,1
P007,HRTF_A,27,1.095,-64.64,0.15,20,1
P007,HRTF_A,27,1.109,-65.79,0.0,20,1
P007,HRTF_A,27,1.123,-66.98,-0.21,20,1
P007,HRTF_A,27,1.137,-68.24,-0.44,20,1
P007,HRTF_A,27,1.15,-69.52,-0.66,20,1
P007,HRTF_A,27,1.165,-70.81,-0.85,20,1
P007,HRTF_A,27,1.178,-72.1,-1.02,20,1
P007,HRTF_A,27,1.192,-73.39,-1.24,20,1
P007,HRTF_A,27,1.206,-74.7,-1.54,20,1
P007,HRTF_A,27,1.22,-75.99,-1.9,20,1
P007,HRTF_A,27,1.234,-77.31,-2.21,20,1
P007,HRTF_A,27,1.248,-78.6,-2.49,20,1
P007,HRTF_A,27,1.262,-79.89,-2.83,20,1
P007,HRTF_A,27,1.276,-81.23,-3.28,20,1
P007,HRTF_A,27,1.289,-82.61,-3.81,20,1
P007,HRTF_A,27,1.303,-84.03,-4.38,20,1
P007,HRTF_A,27,1.318,-85.44,-4.87,20,1
P007,HRTF_A,27,1.331,-86.86,-5.26,20,1
P007,HRTF_A,27,1.345,-88.26,-5.55,20,1
P007,HRTF_A,27,1.359,-89.66,-5.83,20,1
P007,HRTF_A,27,1.373,-91.02,-6.04,20,1
P007,HRTF_A,27,1.387,-92.29,-6.22,20,1
P007,HRTF_A,27,1.4,-93.48,-6.42,20,1
P007,HRTF_A,27,1.415,-94.61,-6.59,20,1
P007,HRTF_A,27,1.428,-95.66,-6.8,20,1
P007,HRTF_A,27,1.442,-96.67,-7.01,20,1
P007,HRTF_A,27,1.456,-97.61,-7.26,20,1
P007,HRTF_A,27,1.47,-98.5,-7.51,20,1
P007,HRTF_A,27,1.484,-99.31,-7.82,20,1
P007,HRTF_A,27,1.498,-100.05,-8.09,20,1
P007,HRTF_A,27,1.512,-100.72,-8.38,20,1
P007,HRTF_A,27,1.526,-101.35,-8.71,20,1
P007,HRTF_A,27,1.54,-101.97,-8.98,20,1
P007,HRTF_A,27,1.553,-102.6,-9.28,20,1
P007,HRTF_A,27,1.567,-103.22,-9.5,20,1
P007,HRTF_A,27,1.581,-103.86,-9.7,20,1
P007,HRTF_A,27,1.595,-104.48,-9.93,20,1
P007,HRTF_A,27,1.609,-105.14,-10.16,20,1
P007,HRTF_A,27,1.623,-105.84,-10.36,20,1
P007,HRTF_A,27,1.637,-106.61,-10.47,20,1
P007,HRTF_A,27,1.651,-107.42,-10.52,20,1
P007,HRTF_A,27,1.665,-108.27,-10.53,20,1
P007,HRTF_A,27,1.679,-109.18,-10.49,20,1
P007,HRTF_A,27,1.693,-110.13,-10.49,20,1
P007,HRTF_A,27,1.706,-111.11,-10.51,20,1
P007,HRTF_A,27,1.72,-112.12,-10.52,20,1
P007,HRTF_A,27,1.734,-113.15,-10.55,20,1
P007,HRTF_A,27,1.748,-114.2,-10.58,20,1
P007,HRTF_A,27,1.762,-115.26,-10.61,20,1
P007,HRTF_A,27,1.776,-116.3,-10.66,20,1
P007,HRTF_A,27,1.79,-117.37,-10.7,20,1
P007,HRTF_A,27,1.804,-118.43,-10.75,20,1
P007,HRTF_A,27,1.818,-119.47,-10.81,20,1
P007,HRTF_A,27,1.831,-120.5,-10.85,20,1
P007,HRTF_A,27,1.845,-121.53,-10.89,20,1
P007,HRTF_A,27,1.859,-122.57,-10.92,20,1
P007,HRTF_A,27,1.873,-123.64,-11.0,20,1
P007,HRTF_A,27,1.887,-124.72,-11.11,20,1
P007,HRTF_A,27,1.901,-125.77,-11.26,20,1
P007,HRTF_A,27,1.915,-126.82,-11.43,20,1
P007,HRTF_A,27,1.929,-127.84,-11.57,20,1
P007,HRTF_A,27,1.942,-128.85,-11.71,20,1
P007,HRTF_A,27,1.956,-129.84,-11.83,20,1
P007,HRTF_A,27,1.971,-130.82,-11.97,20,1
P007,HRTF_A,27,1.984,-131.78,-12.08,20,1
P007,HRTF_A,27,1.998,-132.73,-12.19,20,1
P007,HRTF_A,27,2.012,-133.66,-12.35,20,1
P007,HRTF_A,27,2.026,-134.56,-12.49,20,1
P007,HRTF_A,27,2.04,-135.46,-12.65,20,1
P007,HRTF_A,27,2.054,-136.32,-12.74,20,1
P007,HRTF_A,27,2.068,-137.16,-12.83,20,1
P007,HRTF_A,28,0.015,-12.11,-1.02,5,1
P007,HRTF_A,28,0.028,-11.67,-1.02,5,1
P007,HRTF_A,28,0.04,-11.23,-1.01,5,1
P007,HRTF_A,28,0.059,-10.79,-0.97,5,1
P007,HRTF_A,28,0.076,-10.38,-0.95,5,1
P007,HRTF_A,28,0.09,-9.96,-0.94,5,1
P007,HRTF_A,28,0.102,-9.56,-0.95,5,1
P007,HRTF_A,28,0.115,-9.16,-0.94,5,1
P007,HRTF_A,28,0.129,-8.77,-0.94,5,1
P007,HRTF_A,28,0.143,-8.41,-0.91,5,1
P007,HRTF_A,28,0.157,-8.06,-0.9,5,1
P007,HRTF_A,28,0.171,-7.71,-0.91,5,1
P007,HRTF_A,28,0.185,-7.38,-0.98,5,1
P007,HRTF_A,28,0.199,-7.03,-1.08,5,1
P007,HRTF_A,28,0.212,-6.72,-1.17,5,1
P007,HRTF_A,28,0.226,-6.42,-1.27,5,1
P007,HRTF_A,28,0.24,-6.15,-1.36,5,1
P007,HRTF_A,28,0.254,-5.93,-1.45,5,1
P007,HRTF_A,28,0.268,-5.75,-1.56,5,1
P007,HRTF_A,28,0.282,-5.6,-1.69,5,1
P007,HRTF_A,28,0.296,-5.49,-1.79,5,1
P007,HRTF_A,28,0.31,-5.42,-1.84,5,1
P007,HRTF_A,28,0.324,-5.41,-1.82,5,1
P007,HRTF_A,28,0.337,-5.43,-1.76,5,1
P007,HRTF_A,28,0.351,-5.46,-1.68,5,1
P007,HRTF_A,28,0.365,-5.49,-1.6,5,1
P007,HRTF_A,28,0.379,-5.52,-1.53,5,1
P007,HRTF_A,28,0.393,-5.52,-1.46,5,1
P007,HRTF_A,28,0.407,-5.5,-1.39,5,1
P007,HRTF_A,28,0.421,-5.48,-1.32,5,1
P007,HRTF_A,28,0.436,-5.44,-1.28,5,1
P007,HRTF_A,28,0.448,-5.4,-1.31,5,1
P007,HRTF_A,28,0.463,-5.35,-1.4,5,1
P007,HRTF_A,28,0.476,-5.31,-1.51,5,1
P007,HRTF_A,28,0.49,-5.38,-1.66,5,1
P007,HRTF_A,28,0.504,-5.57,-1.77,5,1
P007,HRTF_A,28,0.518,-5.87,-1.91,5,1
P007,HRTF_A,28,0.531,-6.26,-2.06,5,1
P007,HRTF_A,28,0.546,-6.72,-2.19,5,1
P007,HRTF_A,28,0.56,-7.32,-2.37,5,1
P007,HRTF_A,28,0.573,-8.08,-2.6,5,1
P007,HRTF_A,28,0.587,-9.0,-2.85,5,1
P007,HRTF_A,28,0.601,-10.09,-3.06,5,1
P007,HRTF_A,28,0.615,-11.32,-3.24,5,1
P007,HRTF_A,28,0.629,-12.62,-3.44,5,1
P007,HRTF_A,28,0.643,-14.02,-3.65,5,1
P007,HRTF_A,28,0.657,-15.51,-3.83,5,1
P007,HRTF_A,28,0.671,-17.1,-3.97,5,1
P007,HRTF_A,28,0.685,-18.76,-4.09,5,1
P007,HRTF_A,28,0.698,-20.52,-4.15,5,1
P007,HRTF_A,28,0.713,-22.27,-4.23,5,1
P007,HRTF_A,28,0.726,-23.96,-4.26,5,1
P007,HRTF_A,28,0.74,-25.52,-4.32,5,1
P007,HRTF_A,28,0.754,-26.93,-4.38,5,1
P007,HRTF_A,28,0.768,-28.21,-4.38,5,1
P007,HRTF_A,28,0.782,-29.35,-4.34,5,1
P007,HRTF_A,28,0.796,-30.28,-4.27,5,1
P007,HRTF_A,28,0.81,-31.04,-4.19,5,1
P007,HRTF_A,28,0.823,-31.6,-4.17,5,1
P007,HRTF_A,28,0.838,-32.0,-4.22,5,1
P007,HRTF_A,28,0.851,-32.2,-4.26,5,1
P007,HRTF_A,28,0.865,-32.26,-4.31,5,1
P007,HRTF_A,28,0.879,-32.15,-4.37,5,1
P007,HRTF_A,28,0.893,-31.89,-4.44,5,1
P007,HRTF_A,28,0.907,-31.47,-4.56,5,1
P007,HRTF_A,28,0.921,-30.95,-4.78,5,1
P007,HRTF_A,28,0.934,-30.3,-5.05,5,1
P007,HRTF_A,28,0.948,-29.53,-5.4,5,1
P007,HRTF_A,28,0.963,-28.66,-5.78,5,1
P007,HRTF_A,28,0.976,-27.72,-6.21,5,1
P007,HRTF_A,28,0.99,-26.76,-6.77,5,1
P007,HRTF_A,28,1.004,-25.82,-7.39,5,1
P007,HRTF_A,28,1.018,-24.88,-8.13,5,1
P007,HRTF_A,28,1.032,-23.87,-9.01,5,1
P007,HRTF_A,28,1.045,-22.78,-10.09,5,1
P007,HRTF_A,28,1.06,-21.62,-11.34,5,1
P007,HRTF_A,28,1.074,-20.41,-12.75,5,1
P007,HRTF_A,28,1.087,-19.2,-14.21,5,1
P007,HRTF_A,28,1.101,-17.98,-15.81,5,1
P007,HRTF_A,28,1.115,-16.73,-17.67,5,1
P007,HRTF_A,28,1.129,-15.36,-19.75,5,1
P007,HRTF_A,28,1.143,-13.84,-21.84,5,1
P007,HRTF_A,28,1.157,-12.2,-23.85,5,1
P007,HRTF_A,28,1.171,-10.54,-25.73,5,1
P007,HRTF_A,28,1.185,-8.87,-27.55,5,1
P007,HRTF_A,28,1.199,-7.16,-29.25,5,1
P007,HRTF_A,28,1.213,-5.42,-30.76,5,1
P007,HRTF_A,28,1.226,-3.67,-32.06,5,1
P007,HRTF_A,28,1.24,-1.9,-33.11,5,1
P007,HRTF_A,28,1.254,-0.05,-33.97,5,1
P007,HRTF_A,28,1.268,1.87,-34.74,5,1
P007,HRTF_A,28,1.282,3.85,-35.48,5,1
P007,HRTF_A,28,1.296,5.83,-36.14,5,1
P007,HRTF_A,28,1.31,7.75,-36.71,5,1
P007,HRTF_A,28,1.323,9.64,-37.18,5,1
P007,HRTF_A,28,1.337,11.49,-37.55,5,1
P007,HRTF_A,28,1.351,13.3,-37.85,5,1
P007,HRTF_A,28,1.365,15.06,-38.11,5,1
P007,HRTF_A,28,1.379,16.73,-38.35,5,1
P007,HRTF_A,28,1.393,18.38,-38.59,5,1
P007,HRTF_A,28,1.407,20.0,-38.76,5,1
P007,HRTF_A,28,1.421,21.57,-38.9,5,1
P007,HRTF_A,28,1.435,23.07,-39.05,5,1
P007,HRTF_A,28,1.449,24.45,-39.24,5,1
P007,HRTF_A,28,1.462,25.74,-39.48,5,1
P007,HRTF_A,28,1.476,26.92,-39.7,5,1
P007,HRTF_A,28,1.49,28.04,-39.9,5,1
P007,HRTF_A,28,1.504,29.06,-40.11,5,1
P007,HRTF_A,28,1.518,30.03,-40.34,5,1
P007,HRTF_A,28,1.532,30.97,-40.61,5,1
P007,HRTF_A,28,1.546,31.81,-40.78,5,1
P007,HRTF_A,28,1.56,32.59,-40.88,5,1
P007,HRTF_A,28,1.574,33.39,-40.93,5,1
P007,HRTF_A,28,1.588,34.22,-40.99,5,1
P007,HRTF_A,28,1.601,35.08,-41.08,5,1
P007,HRTF_A,28,1.615,36.0,-41.18,5,1
P007,HRTF_A,28,1.629,36.96,-41.29,5,1
P007,HRTF_A,28,1.643,37.93,-41.4,5,1
P007,HRTF_A,28,1.658,38.95,-41.45,5,1
P007,HRTF_A,28,1.671,40.03,-41.54,5,1
P007,HRTF_A,28,1.685,41.11,-41.65,5,1
P007,HRTF_A,28,1.698,42.22,-41.77,5,1
P007,HRTF_A,28,1.712,43.36,-41.84,5,1
P007,HRTF_A,28,1.727,44.5,-41.87,5,1
P007,HRTF_A,28,1.74,45.65,-41.86,5,1
P007,HRTF_A,28,1.754,46.79,-41.79,5,1
P007,HRTF_A,28,1.768,47.91,-41.67,5,1
P007,HRTF_A,28,1.782,49.01,-41.51,5,1
P007,HRTF_A,28,1.796,50.16,-41.32,5,1
P007,HRTF_A,28,1.81,51.34,-41.13,5,1
P007,HRTF_A,28,1.824,52.53,-40.96,5,1
P007,HRTF_A,28,1.837,53.67,-40.77,5,1
P007,HRTF_A,28,1.851,54.8,-40.64,5,1
P007,HRTF_A,28,1.865,55.92,-40.56,5,1
P007,HRTF_A,28,1.879,57.04,-40.51,5,1
P007,HRTF_A,28,1.893,58.16,-40.52,5,1
P007,HRTF_A,28,1.907,59.24,-40.58,5,1
P007,HRTF_A,28,1.921,60.32,-40.59,5,1
P007,HRTF_A,28,1.934,61.33,-40.58,5,1
P007,HRTF_A,28,1.949,62.33,-40.58,5,1
P007,HRTF_A,28,1.962,63.3,-40.54,5,1
P007,HRTF_A,28,1.976,64.22,-40.47,5,1
P007,HRTF_A,28,1.99,65.12,-40.37,5,1
P007,HRTF_A,28,2.004,66.01,-40.32,5,1
P007,HRTF_A,28,2.018,66.89,-40.33,5,1
P007,HRTF_A,28,2.032,67.76,-40.39,5,1
P007,HRTF_A,28,2.046,68.57,-40.42,5,1
P007,HRTF_A,28,2.06,69.25,-40.31,5,1
P007,HRTF_A,28,2.074,69.84,-40.07,5,1
P007,HRTF_A,28,2.087,70.31,-39.65,5,1
P007,HRTF_A,28,2.101,70.73,-39.01,5,1
P007,HRTF_A,28,2.115,70.98,-38.08,5,1
P007,HRTF_A,28,2.129,71.05,-36.79,5,1
P007,HRTF_A,28,2.143,70.91,-35.07,5,1
P007,HRTF_A,28,2.157,70.63,-33.02,5,1
P007,HRTF_A,28,2.171,70.25,-30.85,5,1
P007,HRTF_A,28,2.185,69.81,-28.58,5,1
P007,HRTF_A,28,2.199,69.41,-26.29,5,1
P007,HRTF_A,28,2.213,69.01,-24.21,5,1
P007,HRTF_A,28,2.226,68.69,-22.37,5,1
P007,HRTF_A,28,2.24,68.34,-20.66,5,1
P007,HRTF_A,28,2.254,67.99,-19.06,5,1
P007,HRTF_A,28,2.268,67.61,-17.5,5,1
P007,HRTF_A,28,2.282,67.21,-15.89,5,1
P007,HRTF_A,28,2.296,66.81,-14.31,5,1
P007,HRTF_A,28,2.31,66.43,-12.77,5,1
P007,HRTF_A,28,2.324,66.06,-11.27,5,1
P007,HRTF_A,28,2.337,65.72,-9.89,5,1
P007,HRTF_A,28,2.353,65.42,-8.56,5,1
P007,HRTF_A,28,2.367,65.15,-7.36,5,1
P007,HRTF_A,28,2.38,64.93,-6.29,5,1
P007,HRTF_A,28,2.393,64.77,-5.36,5,1
P007,HRTF_A,28,2.407,64.63,-4.61,5,1
P007,HRTF_A,28,2.42,64.53,-3.97,5,1
P007,HRTF_A,28,2.434,64.42,-3.4,5,1
P007,HRTF_A,28,2.448,64.33,-2.88,5,1
P007,HRTF_A,28,2.462,64.27,-2.49,5,1
P007,HRTF_A,28,2.476,64.28,-2.21,5,1
P007,HRTF_A,28,2.494,64.37,-2.01,5,1
P007,HRTF_A,28,2.507,64.48,-1.84,5,1
P007,HRTF_A,28,2.519,64.59,-1.65,5,1
P007,HRTF_A,28,2.532,64.67,-1.46,5,1
P007,HRTF_A,28,2.546,64.72,-1.26,5,1
P007,HRTF_A,28,2.56,64.72,-1.11,5,1
P007,HRTF_A,28,2.573,64.73,-1.02,5,1
P007,HRTF_A,28,2.587,64.79,-0.97,5,1
P007,HRTF_A,28,2.601,64.85,-0.95,5,1
P007,HRTF_A,28,2.616,64.89,-0.92,5,1
P007,HRTF_A,28,2.628,64.9,-0.86,5,1
P007,HRTF_A,28,2.643,64.88,-0.79,5,1
P007,HRTF_A,28,2.657,64.81,-0.73,5,1
P007,HRTF_A,28,2.671,64.71,-0.69,5,1
P007,HRTF_A,28,2.684,64.6,-0.66,5,1
P007,HRTF_A,28,2.698,64.46,-0.62,5,1
P007,HRTF_A,28,2.712,64.3,-0.54,5,1
P007,HRTF_A,28,2.726,64.11,-0.45,5,1
P007,HRTF_A,28,2.74,63.89,-0.38,5,1
P007,HRTF_A,28,2.754,63.63,-0.34,5,1
P007,HRTF_A,28,2.768,63.34,-0.32,5,1
P007,HRTF_A,28,2.781,63.01,-0.33,5,1
P007,HRTF_A,28,2.796,62.66,-0.34,5,1
P007,HRTF_A,28,2.81,62.3,-0.33,5,1
P007,HRTF_A,28,2.823,61.93,-0.32,5,1
P007,HRTF_A,28,2.837,61.55,-0.29,5,1
P007,HRTF_A,28,2.852,61.15,-0.28,5,1
P007,HRTF_A,28,2.865,60.73,-0.26,5,1
P007,HRTF_A,28,2.879,60.31,-0.28,5,1
P007,HRTF_A,28,2.893,59.87,-0.36,5,1
P007,HRTF_A,28,2.907,59.4,-0.48,5,1
P007,HRTF_A,28,2.921,58.93,-0.61,5,1
P007,HRTF_A,28,2.934,58.46,-0.74,5,1
P007,HRTF_A,28,2.949,57.95,-0.88,5,1
P007,HRTF_A,28,2.962,57.43,-0.98,5,1
P007,HRTF_A,28,2.976,56.87,-1.09,5,1
P007,HRTF_A,28,2.99,56.27,-1.2,5,1
P007,HRTF_A,28,3.004,55.67,-1.37,5,1
P007,HRTF_A,28,3.018,55.01,-1.55,5,1
P007,HRTF_A,29,0.016,-9.46,0.44,25,1
P007,HRTF_A,29,0.03,-9.97,0.4,25,1
P007,HRTF_A,29,0.043,-10.45,0.33,25,1
P007,HRTF_A,29,0.067,-10.9,0.21,25,1
P007,HRTF_A,29,0.081,-11.39,0.11,25,1
P007,HRTF_A,29,0.095,-11.92,0.0,25,1
P007,HRTF_A,29,0.109,-12.46,-0.18,25,1
P007,HRTF_A,29,0.122,-13.03,-0.34,25,1
P007,HRTF_A,29,0.136,-13.63,-0.54,25,1
P007,HRTF_A,29,0.151,-14.28,-0.7,25,1
P007,HRTF_A,29,0.164,-14.91,-0.83,25,1
P007,HRTF_A,29,0.178,-15.56,-0.97,25,1
P007,HRTF_A,29,0.192,-16.21,-1.1,25,1
P007,HRTF_A,29,0.206,-16.83,-1.23,25,1
P007,HRTF_A,29,0.22,-17.42,-1.36,25,1
P007,HRTF_A,29,0.233,-17.99,-1.46,25,1
P007,HRTF_A,29,0.248,-18.51,-1.5,25,1
P007,HRTF_A,29,0.262,-19.05,-1.48,25,1
P007,HRTF_A,29,0.275,-19.55,-1.42,25,1
P007,HRTF_A,29,0.289,-20.05,-1.32,25,1
P007,HRTF_A,29,0.303,-20.56,-1.22,25,1
P007,HRTF_A,29,0.317,-21.07,-1.13,25,1
P007,HRTF_A,29,0.331,-21.6,-1.06,25,1
P007,HRTF_A,29,0.345,-22.13,-1.01,25,1
P007,HRTF_A,29,0.359,-22.69,-0.96,25,1
P007,HRTF_A,29,0.373,-23.25,-0.91,25,1
P007,HRTF_A,29,0.386,-23.83,-0.89,25,1
P007,HRTF_A,29,0.399,-24.39,-0.86,25,1
P007,HRTF_A,29,0.414,-24.98,-0.84,25,1
P007,HRTF_A,29,0.428,-25.55,-0.79,25,1
P007,HRTF_A,29,0.442,-26.12,-0.72,25,1
P007,HRTF_A,29,0.456,-26.72,-0.63,25,1
P007,HRTF_A,29,0.47,-27.3,-0.55,25,1
P007,HRTF_A,29,0.484,-27.91,-0.46,25,1
P007,HRTF_A,29,0.498,-28.51,-0.4,25,1
P007,HRTF_A,29,0.511,-29.09,-0.35,25,1
P007,HRTF_A,29,0.524,-29.68,-0.32,25,1
P007,HRTF_A,29,0.539,-30.22,-0.3,25,1
P007,HRTF_A,29,0.553,-30.74,-0.26,25,1
P007,HRTF_A,29,0.567,-31.21,-0.22,25,1
P007,HRTF_A,29,0.581,-31.62,-0.22,25,1
P007,HRTF_A,29,0.595,-32.02,-0.27,25,1
P007,HRTF_A,29,0.609,-32.37,-0.37,25,1
P007,HRTF_A,29,0.623,-32.67,-0.47,25,1
P007,HRTF_A,29,0.637,-32.94,-0.56,25,1
P007,HRTF_A,29,0.65,-33.17,-0.62,25,1
P007,HRTF_A,29,0.664,-33.39,-0.66,25,1
P007,HRTF_A,29,0.678,-33.6,-0.72,25,1
P007,HRTF_A,29,0.692,-33.81,-0.78,25,1
P007,HRTF_A,29,0.706,-34.02,-0.9,25,1
P007,HRTF_A,29,0.72,-34.24,-1.06,25,1
P007,HRTF_A,29,0.734,-34.49,-1.23,25,1
P007,HRTF_A,29,0.748,-34.82,-1.38,25,1
P007,HRTF_A,29,0.761,-35.23,-1.53,25,1
P007,HRTF_A,29,0.775,-35.76,-1.68,25,1
P007,HRTF_A,29,0.79,-36.37,-1.8,25,1
P007,HRTF_A,29,0.803,-37.08,-1.91,25,1
P007,HRTF_A,29,0.817,-37.95,-1.97,25,1
P007,HRTF_A,29,0.831,-39.0,-2.04,25,1
P007,HRTF_A,29,0.845,-40.24,-2.18,25,1
P007,HRTF_A,29,0.859,-41.63,-2.25,25,1
P007,HRTF_A,29,0.873,-43.13,-2.27,25,1
P007,HRTF_A,29,0.887,-44.79,-2.11,25,1
P007,HRTF_A,29,0.9,-46.6,-1.95,25,1
P007,HRTF_A,29,0.914,-48.41,-1.82,25,1
P007,HRTF_A,29,0.928,-50.28,-1.73,25,1
P007,HRTF_A,29,0.942,-52.22,-1.63,25,1
P007,HRTF_A,29,0.957,-54.17,-1.49,25,1
P007,HRTF_A,29,0.97,-56.11,-1.31,25,1
P007,HRTF_A,29,0.984,-58.07,-1.15,25,1
P007,HRTF_A,29,0.998,-59.97,-1.0,25,1
P007,HRTF_A,29,1.012,-61.8,-0.82,25,1
P007,HRTF_A,29,1.025,-63.51,-0.59,25,1
P007,HRTF_A,29,1.039,-65.09,-0.33,25,1
P007,HRTF_A,29,1.053,-66.54,-0.06,25,1
P007,HRTF_A,29,1.067,-67.88,0.17,25,1
P007,HRTF_A,29,1.085,-69.01,0.35,25,1
P007,HRTF_A,29,1.098,-70.05,0.53,25,1
P007,HRTF_A,29,1.11,-70.94,0.75,25,1
P007,HRTF_A,29,1.123,-71.7,0.96,25,1
P007,HRTF_A,29,1.137,-72.37,1.14,25,1
P007,HRTF_A,29,1.151,-72.93,1.23,25,1
P007,HRTF_A,29,1.164,-73.36,1.27,25,1
P007,HRTF_A,29,1.178,-73.63,1.34,25,1
P007,HRTF_A,29,1.192,-73.81,1.46,25,1
P007,HRTF_A,29,1.206,-73.91,1.53,25,1
P007,HRTF_A,29,1.22,-73.99,1.53,25,1
P007,HRTF_A,29,1.234,-74.04,1.48,25,1
P007,HRTF_A,29,1.248,-74.05,1.4,25,1
P007,HRTF_A,29,1.262,-74.04,1.34,25,1
P007,HRTF_A,29,1.275,-74.02,1.33,25,1
P007,HRTF_A,29,1.289,-74.05,1.26,25,1
P007,HRTF_A,29,1.303,-74.16,1.15,25,1
P007,HRTF_A,29,1.317,-74.31,0.99,25,1
P007,HRTF_A,29,1.331,-74.47,0.82,25,1
P007,HRTF_A,29,1.345,-74.67,0.67,25,1
P007,HRTF_A,29,1.359,-74.89,0.59,25,1
P007,HRTF_A,29,1.373,-75.16,0.51,25,1
P007,HRTF_A,29,1.387,-75.46,0.45,25,1
P007,HRTF_A,29,1.401,-75.78,0.43,25,1
P007,HRTF_A,29,1.414,-76.09,0.45,25,1
P007,HRTF_A,29,1.428,-76.43,0.54,25,1
P007,HRTF_A,29,1.443,-76.81,0.63,25,1
P007,HRTF_A,29,1.456,-77.24,0.66,25,1
P007,HRTF_A,29,1.47,-77.73,0.7,25,1
P007,HRTF_A,29,1.484,-78.25,0.72,25,1
P007,HRTF_A,29,1.498,-78.75,0.78,25,1
P007,HRTF_A,29,1.512,-79.24,0.85,25,1
P007,HRTF_A,29,1.526,-79.72,0.93,25,1
P007,HRTF_A,29,1.539,-80.2,1.02,25,1
P007,HRTF_A,29,1.554,-80.67,1.14,25,1
P007,HRTF_A,29,1.567,-81.12,1.32,25,1
P007,HRTF_A,29,1.581,-81.55,1.51,25,1
P007,HRTF_A,29,1.595,-81.96,1.67,25,1
P007,HRTF_A,29,1.609,-82.36,1.77,25,1
P007,HRTF_A,29,1.623,-82.78,1.8,25,1
P007,HRTF_A,29,1.637,-83.19,1.78,25,1
P007,HRTF_A,29,1.651,-83.53,1.78,25,1
P007,HRTF_A,29,1.665,-83.83,1.85,25,1
P007,HRTF_A,29,1.678,-84.05,1.97,25,1
P007,HRTF_A,29,1.692,-84.21,2.09,25,1
P007,HRTF_A,29,1.706,-84.34,2.16,25,1
P007,HRTF_A,30,0.015,-7.46,1.64,30,1
P007,HRTF_A,30,0.028,-7.04,1.51,30,1
P007,HRTF_A,30,0.042,-6.6,1.38,30,1
P007,HRTF_A,30,0.056,-6.19,1.22,30,1
P007,HRTF_A,30,0.069,-5.79,1.08,30,1
P007,HRTF_A,30,0.087,-5.44,0.94,30,1
P007,HRTF_A,30,0.101,-5.14,0.81,30,1
P007,HRTF_A,30,0.114,-4.88,0.7,30,1
P007,HRTF_A,30,0.127,-4.66,0.59,30,1
P007,HRTF_A,30,0.143,-4.47,0.42,30,1
P007,HRTF_A,30,0.157,-4.32,0.27,30,1
P007,HRTF_A,30,0.171,-4.24,0.11,30,1
P007,HRTF_A,30,0.186,-4.24,-0.02,30,1
P007,HRTF_A,30,0.2,-4.3,-0.11,30,1
P007,HRTF_A,30,0.213,-4.45,-0.21,30,1
P007,HRTF_A,30,0.225,-4.7,-0.33,30,1
P007,HRTF_A,30,0.239,-4.96,-0.4,30,1
P007,HRTF_A,30,0.253,-5.25,-0.51,30,1
P007,HRTF_A,30,0.268,-5.61,-0.6,30,1
P007,HRTF_A,30,0.282,-6.02,-0.65,30,1
P007,HRTF_A,30,0.297,-6.5,-0.67,30,1
P007,HRTF_A,30,0.31,-7.02,-0.65,30,1
P007,HRTF_A,30,0.322,-7.54,-0.59,30,1
P007,HRTF_A,30,0.336,-8.05,-0.49,30,1
P007,HRTF_A,30,0.351,-8.6,-0.31,30,1
P007,HRTF_A,30,0.365,-9.16,-0.1,30,1
P007,HRTF_A,30,0.378,-9.77,0.14,30,1
P007,HRTF_A,30,0.393,-10.4,0.4,30,1
P007,HRTF_A,30,0.407,-11.02,0.7,30,1
P007,HRTF_A,30,0.42,-11.63,0.98,30,1
P007,HRTF_A,30,0.434,-12.22,1.27,30,1
P007,HRTF_A,30,0.448,-12.8,1.51,30,1
P007,HRTF_A,30,0.462,-13.4,1.76,30,1
P007,HRTF_A,30,0.476,-13.98,1.94,30,1
P007,HRTF_A,30,0.49,-14.56,2.08,30,1
P007,HRTF_A,30,0.504,-15.14,2.2,30,1
P007,HRTF_A,30,0.519,-15.69,2.31,30,1
P007,HRTF_A,30,0.533,-16.25,2.37,30,1
P007,HRTF_A,30,0.546,-16.8,2.41,30,1
P007,HRTF_A,30,0.56,-17.35,2.41,30,1
P007,HRTF_A,30,0.573,-17.89,2.34,30,1
P007,HRTF_A,30,0.587,-18.45,2.23,30,1
P007,HRTF_A,30,0.601,-18.99,2.12,30,1
P007,HRTF_A,30,0.615,-19.55,2.02,30,1
P007,HRTF_A,30,0.629,-20.09,1.91,30,1
P007,HRTF_A,30,0.643,-20.59,1.84,30,1
P007,HRTF_A,30,0.657,-21.06,1.74,30,1
P007,HRTF_A,30,0.671,-21.49,1.66,30,1
P007,HRTF_A,30,0.685,-21.9,1.56,30,1
P007,HRTF_A,30,0.698,-22.32,1.46,30,1
P007,HRTF_A,30,0.712,-22.7,1.36,30,1
P007,HRTF_A,30,0.726,-23.06,1.31,30,1
P007,HRTF_A,30,0.75,-23.39,1.26,30,1
P007,HRTF_A,30,0.768,-23.98,1.15,30,1
P007,HRTF_A,30,0.781,-24.26,1.11,30,1
P007,HRTF_A,30,0.795,-24.55,1.06,30,1
P007,HRTF_A,30,0.81,-24.82,1.04,30,1
P007,HRTF_A,30,0.823,-25.08,1.03,30,1
P007,HRTF_A,30,0.837,-25.33,1.04,30,1
P007,HRTF_A,30,0.851,-25.56,1.05,30,1
P007,HRTF_A,30,0.865,-25.8,1.06,30,1
P007,HRTF_A,30,0.879,-26.04,1.04,30,1
P007,HRTF_A,30,0.893,-26.3,1.0,30,1
P007,HRTF_A,30,0.907,-26.59,0.93,30,1
P007,HRTF_A,30,0.921,-26.89,0.84,30,1
P007,HRTF_A,30,0.935,-27.22,0.74,30,1
P007,HRTF_A,30,0.948,-27.58,0.63,30,1
P007,HRTF_A,30,0.962,-27.93,0.54,30,1
P007,HRTF_A,30,0.976,-28.32,0.46,30,1
P007,HRTF_A,30,0.991,-28.72,0.34,30,1
P007,HRTF_A,30,1.004,-29.13,0.23,30,1
P007,HRTF_A,30,1.017,-29.58,0.1,30,1
P007,HRTF_A,30,1.03,-30.06,-0.02,30,1
P007,HRTF_A,30,1.046,-30.53,-0.1,30,1
P007,HRTF_A,30,1.06,-31.04,-0.15,30,1
P007,HRTF_A,30,1.073,-31.55,-0.15,30,1
P007,HRTF_A,30,1.087,-32.06,-0.13,30,1
P007,HRTF_A,30,1.102,-32.59,-0.12,30,1
P007,HRTF_A,30,1.116,-33.12,-0.09,30,1
P007,HRTF_A,30,1.129,-33.63,-0.06,30,1
P007,HRTF_A,30,1.143,-34.15,0.0,30,1
P007,HRTF_A,30,1.157,-34.65,0.08,30,1
P007,HRTF_A,30,1.171,-35.16,0.19,30,1
P007,HRTF_A,30,1.184,-35.64,0.31,30,1
P007,HRTF_A,30,1.198,-36.14,0.43,30,1
P007,HRTF_A,30,1.214,-36.65,0.54,30,1
P007,HRTF_A,30,1.226,-37.16,0.63,30,1
P007,HRTF_A,30,1.24,-37.68,0.72,30,1
P007,HRTF_A,30,1.254,-38.21,0.77,30,1
P007,HRTF_A,30,1.268,-38.76,0.8,30,1
P007,HRTF_A,30,1.282,-39.32,0.82,30,1
P007,HRTF_A,30,1.296,-39.93,0.8,30,1
P007,HRTF_A,30,1.309,-40.56,0.71,30,1
P007,HRTF_A,31,0.016,-5.98,-1.93,15,1
P007,HRTF_A,31,0.031,-5.37,-2.01,15,1
P007,HRTF_A,31,0.045,-4.79,-2.12,15,1
P007,HRTF_A,31,0.058,-4.21,-2.17,15,1
P007,HRTF_A,31,0.072,-3.67,-2.23,15,1
P007,HRTF_A,31,0.085,-3.16,-2.24,15,1
P007,HRTF_A,31,0.098,-2.64,-2.25,15,1
P007,HRTF_A,31,0.112,-2.16,-2.26,15,1
P007,HRTF_A,31,0.127,-1.63,-2.25,15,1
P007,HRTF_A,31,0.142,-1.08,-2.29,15,1
P007,HRTF_A,31,0.155,-0.53,-2.32,15,1
P007,HRTF_A,31,0.168,0.09,-2.33,15,1
P007,HRTF_A,31,0.183,0.73,-2.33,15,1
P007,HRTF_A,31,0.197,1.43,-2.31,15,1
P007,HRTF_A,31,0.211,2.15,-2.28,15,1
P007,HRTF_A,31,0.225,2.88,-2.26,15,1
P007,HRTF_A,31,0.239,3.61,-2.25,15,1
P007,HRTF_A,31,0.253,4.34,-2.27,15,1
P007,HRTF_A,31,0.267,5.06,-2.28,15,1
P007,HRTF_A,31,0.281,5.76,-2.33,15,1
P007,HRTF_A,31,0.294,6.46,-2.34,15,1
P007,HRTF_A,31,0.307,7.13,-2.37,15,1
P007,HRTF_A,31,0.322,7.77,-2.37,15,1
P007,HRTF_A,31,0.336,8.37,-2.34,15,1
P007,HRTF_A,31,0.349,8.93,-2.33,15,1
P007,HRTF_A,31,0.364,9.45,-2.33,15,1
P007,HRTF_A,31,0.378,9.95,-2.37,15,1
P007,HRTF_A,31,0.391,10.42,-2.44,15,1
P007,HRTF_A,31,0.405,10.87,-2.53,15,1
P007,HRTF_A,31,0.419,11.3,-2.59,15,1
P007,HRTF_A,31,0.433,11.68,-2.67,15,1
P007,HRTF_A,31,0.447,12.02,-2.74,15,1
P007,HRTF_A,31,0.461,12.31,-2.8,15,1
P007,HRTF_A,31,0.475,12.57,-2.88,15,1
P007,HRTF_A,31,0.488,12.77,-2.93,15,1
P007,HRTF_A,31,0.502,12.93,-2.95,15,1
P007,HRTF_A,31,0.517,13.04,-2.95,15,1
P007,HRTF_A,31,0.53,13.09,-2.92,15,1
P007,HRTF_A,31,0.544,13.11,-2.9,15,1
P007,HRTF_A,31,0.558,13.08,-2.87,15,1
P007,HRTF_A,31,0.572,13.0,-2.86,15,1
P007,HRTF_A,31,0.586,12.92,-2.85,15,1
P007,HRTF_A,31,0.6,12.8,-2.86,15,1
P007,HRTF_A,31,0.614,12.65,-2.85,15,1
P007,HRTF_A,31,0.627,12.45,-2.84,15,1
P007,HRTF_A,31,0.641,12.21,-2.82,15,1
P007,HRTF_A,31,0.655,11.92,-2.81,15,1
P007,HRTF_A,31,0.669,11.59,-2.84,15,1
P007,HRTF_A,31,0.685,11.22,-2.91,15,1
P007,HRTF_A,31,0.699,10.8,-2.99,15,1
P007,HRTF_A,31,0.712,10.37,-3.13,15,1
P007,HRTF_A,31,0.725,9.85,-3.24,15,1
P007,HRTF_A,31,0.739,9.34,-3.32,15,1
P007,HRTF_A,31,0.753,8.76,-3.46,15,1
P007,HRTF_A,31,0.767,8.16,-3.63,15,1
P007,HRTF_A,31,0.781,7.56,-3.89,15,1
P007,HRTF_A,31,0.796,6.95,-4.15,15,1
P007,HRTF_A,31,0.81,6.29,-4.4,15,1
P007,HRTF_A,31,0.824,5.58,-4.63,15,1
P007,HRTF_A,31,0.837,4.83,-4.9,15,1
P007,HRTF_A,31,0.85,4.06,-5.2,15,1
P007,HRTF_A,31,0.864,3.27,-5.52,15,1
P007,HRTF_A,31,0.877,2.51,-5.85,15,1
P007,HRTF_A,31,0.892,1.75,-6.21,15,1
P007,HRTF_A,31,0.906,0.96,-6.58,15,1
P007,HRTF_A,31,0.92,0.14,-6.91,15,1
P007,HRTF_A,31,0.934,-0.72,-7.19,15,1
P007,HRTF_A,31,0.948,-1.6,-7.51,15,1
P007,HRTF_A,31,0.961,-2.49,-7.91,15,1
P007,HRTF_A,31,0.975,-3.35,-8.38,15,1
P007,HRTF_A,31,0.988,-4.23,-8.92,15,1
P007,HRTF_A,31,1.002,-5.12,-9.41,15,1
P007,HRTF_A,31,1.017,-6.02,-9.86,15,1
P007,HRTF_A,31,1.031,-6.92,-10.27,15,1
P007,HRTF_A,31,1.044,-7.87,-10.71,15,1
P007,HRTF_A,31,1.059,-8.83,-11.2,15,1
P007,HRTF_A,31,1.072,-9.84,-11.69,15,1
P007,HRTF_A,31,1.086,-10.86,-12.1,15,1
P007,HRTF_A,31,1.1,-11.93,-12.43,15,1
P007,HRTF_A,31,1.113,-13.01,-12.71,15,1
P007,HRTF_A,31,1.128,-14.09,-12.98,15,1
P007,HRTF_A,31,1.142,-15.09,-13.27,15,1
P007,HRTF_A,31,1.155,-16.07,-13.58,15,1
P007,HRTF_A,31,1.169,-17.03,-13.89,15,1
P007,HRTF_A,31,1.182,-17.9,-14.15,15,1
P007,HRTF_A,31,1.196,-18.72,-14.34,15,1
P007,HRTF_A,31,1.21,-19.52,-14.56,15,1
P007,HRTF_A,31,1.223,-20.24,-14.82,15,1
P007,HRTF_A,31,1.241,-20.92,-15.21,15,1
P007,HRTF_A,31,1.255,-21.57,-15.67,15,1
P007,HRTF_A,31,1.269,-22.21,-16.18,15,1
P007,HRTF_A,31,1.283,-22.81,-16.71,15,1
P007,HRTF_A,31,1.297,-23.4,-17.28,15,1
P007,HRTF_A,31,1.31,-24.0,-17.89,15,1
P007,HRTF_A,31,1.324,-24.57,-18.58,15,1
P007,HRTF_A,31,1.338,-25.1,-19.29,15,1
P007,HRTF_A,31,1.353,-25.6,-20.0,15,1
P007,HRTF_A,31,1.366,-26.04,-20.71,15,1
P007,HRTF_A,31,1.38,-26.47,-21.48,15,1
P007,HRTF_A,31,1.393,-26.84,-22.33,15,1
P007,HRTF_A,31,1.407,-27.16,-23.24,15,1
P007,HRTF_A,31,1.42,-27.42,-24.14,15,1
P007,HRTF_A,31,1.433,-27.64,-25.02,15,1
P007,HRTF_A,31,1.447,-27.83,-25.88,15,1
P007,HRTF_A,31,1.462,-27.97,-26.72,15,1
P007,HRTF_A,31,1.475,-28.03,-27.61,15,1
P007,HRTF_A,31,1.489,-28.05,-28.51,15,1
P007,HRTF_A,31,1.502,-27.99,-29.49,15,1
P007,HRTF_A,31,1.515,-27.89,-30.44,15,1
P007,HRTF_A,31,1.529,-27.68,-31.37,15,1
P007,HRTF_A,31,1.542,-27.43,-32.26,15,1
P007,HRTF_A,31,1.558,-27.1,-33.07,15,1
P007,HRTF_A,31,1.572,-26.76,-33.86,15,1
P007,HRTF_A,31,1.585,-26.39,-34.6,15,1
P007,HRTF_A,31,1.599,-26.0,-35.26,15,1
P007,HRTF_A,31,1.614,-25.48,-35.87,15,1
P007,HRTF_A,31,1.627,-24.97,-36.42,15,1
P007,HRTF_A,31,1.641,-24.42,-36.92,15,1
P007,HRTF_A,31,1.655,-23.91,-37.41,15,1
P007,HRTF_A,31,1.669,-23.45,-37.9,15,1
P007,HRTF_A,31,1.684,-23.02,-38.36,15,1
P007,HRTF_A,31,1.698,-22.62,-38.79,15,1
P007,HRTF_A,31,1.711,-22.26,-39.15,15,1
P007,HRTF_A,31,1.725,-21.95,-39.46,15,1
P007,HRTF_A,31,1.739,-21.71,-39.75,15,1
P007,HRTF_A,31,1.753,-21.54,-40.1,15,1
P007,HRTF_A,31,1.768,-21.41,-40.46,15,1
P007,HRTF_A,31,1.782,-21.29,-40.83,15,1
P007,HRTF_A,31,1.797,-21.25,-41.19,15,1
P007,HRTF_A,31,1.81,-21.24,-41.51,15,1
P007,HRTF_A,31,1.823,-21.32,-41.79,15,1
P007,HRTF_A,31,1.836,-21.49,-42.05,15,1
P007,HRTF_A,31,1.85,-21.73,-42.33,15,1
P007,HRTF_A,31,1.864,-22.06,-42.59,15,1
P007,HRTF_A,31,1.878,-22.43,-42.76,15,1
P007,HRTF_A,31,1.891,-22.91,-42.91,15,1
P007,HRTF_A,31,1.905,-23.54,-43.02,15,1
P007,HRTF_A,31,1.919,-24.25,-43.12,15,1
P007,HRTF_A,31,1.933,-25.11,-43.19,15,1
P007,HRTF_A,31,1.947,-26.07,-43.26,15,1
P007,HRTF_A,31,1.961,-27.13,-43.34,15,1
P007,HRTF_A,31,1.975,-28.27,-43.43,15,1
P007,HRTF_A,31,1.989,-29.47,-43.49,15,1
P007,HRTF_A,31,2.003,-30.79,-43.52,15,1
P007,HRTF_A,31,2.017,-32.25,-43.54,15,1
P007,HRTF_A,31,2.03,-33.83,-43.6,15,1
P007,HRTF_A,31,2.044,-35.5,-43.69,15,1
P007,HRTF_A,31,2.058,-37.19,-43.75,15,1
P007,HRTF_A,31,2.072,-38.89,-43.78,15,1
P007,HRTF_A,31,2.086,-40.54,-43.84,15,1
P007,HRTF_A,31,2.1,-42.24,-43.9,15,1
P007,HRTF_A,31,2.114,-43.94,-43.99,15,1
P007,HRTF_A,31,2.127,-45.7,-44.09,15,1
P007,HRTF_A,31,2.141,-47.41,-44.2,15,1
P007,HRTF_A,31,2.155,-49.12,-44.34,15,1
P007,HRTF_A,31,2.169,-50.84,-44.47,15,1
P007,HRTF_A,31,2.183,-52.6,-44.57,15,1
P007,HRTF_A,31,2.197,-54.4,-44.7,15,1
P007,HRTF_A,31,2.211,-56.2,-44.87,15,1
P007,HRTF_A,31,2.225,-58.03,-45.09,15,1
P007,HRTF_A,31,2.24,-59.79,-45.33,15,1
P007,HRTF_A,31,2.253,-61.59,-45.56,15,1
P007,HRTF_A,31,2.267,-63.31,-45.81,15,1
P007,HRTF_A,31,2.281,-65.09,-46.08,15,1
P007,HRTF_A,31,2.295,-66.96,-46.4,15,1
P007,HRTF_A,31,2.308,-68.86,-46.77,15,1
P007,HRTF_A,31,2.322,-70.73,-47.13,15,1
P007,HRTF_A,31,2.337,-72.58,-47.38,15,1
P007,HRTF_A,31,2.35,-74.46,-47.54,15,1
P007,HRTF_A,31,2.363,-76.36,-47.59,15,1
P007,HRTF_A,31,2.378,-78.27,-47.62,15,1
P007,HRTF_A,31,2.391,-80.18,-47.63,15,1
P007,HRTF_A,31,2.405,-82.08,-47.68,15,1
P007,HRTF_A,31,2.419,-83.95,-47.68,15,1
P007,HRTF_A,31,2.433,-85.76,-47.64,15,1
P007,HRTF_A,31,2.447,-87.49,-47.49,15,1
P007,HRTF_A,31,2.461,-89.26,-47.29,15,1
P007,HRTF_A,31,2.475,-91.07,-47.08,15,1
P007,HRTF_A,31,2.489,-92.96,-46.91,15,1
P007,HRTF_A,31,2.502,-94.87,-46.77,15,1
P007,HRTF_A,31,2.516,-96.74,-46.67,15,1
P007,HRTF_A,31,2.53,-98.62,-46.54,15,1
P007,HRTF_A,31,2.544,-100.58,-46.38,15,1
P007,HRTF_A,31,2.559,-102.59,-46.11,15,1
P007,HRTF_A,31,2.572,-104.62,-45.83,15,1
P007,HRTF_A,31,2.586,-106.67,-45.57,15,1
P007,HRTF_A,31,2.6,-108.61,-45.41,15,1
P007,HRTF_A,31,2.613,-110.53,-45.3,15,1
P007,HRTF_A,31,2.627,-112.3,-45.18,15,1
P007,HRTF_A,31,2.642,-114.03,-45.07,15,1
P007,HRTF_A,31,2.655,-115.7,-44.97,15,1
P007,HRTF_A,31,2.669,-117.29,-44.86,15,1
P007,HRTF_A,31,2.683,-118.79,-44.82,15,1
P007,HRTF_A,31,2.697,-120.44,-44.66,15,1
P007,HRTF_A,31,2.711,-122.12,-44.55,15,1
P007,HRTF_A,31,2.725,-123.76,-44.4,15,1
P007,HRTF_A,31,2.739,-125.38,-44.23,15,1
P007,HRTF_A,31,2.752,-126.96,-44.07,15,1
P007,HRTF_A,31,2.766,-128.57,-43.85,15,1
P007,HRTF_A,31,2.782,-130.18,-43.54,15,1
P007,HRTF_A,31,2.795,-131.83,-43.14,15,1
P007,HRTF_A,31,2.808,-133.45,-42.66,15,1
P007,HRTF_A,31,2.822,-135.06,-42.12,15,1
P007,HRTF_A,31,2.836,-136.63,-41.56,15,1
P007,HRTF_A,31,2.85,-138.11,-40.98,15,1
P007,HRTF_A,31,2.864,-139.53,-40.37,15,1
P007,HRTF_A,31,2.878,-140.91,-39.75,15,1
P007,HRTF_A,31,2.892,-142.2,-39.16,15,1
P007,HRTF_A,31,2.905,-143.43,-38.51,15,1
P007,HRTF_A,31,2.92,-144.56,-37.89,15,1
P007,HRTF_A,31,2.933,-145.58,-37.23,15,1
P007,HRTF_A,31,2.947,-146.56,-36.52,15,1
P007,HRTF_A,31,2.961,-147.48,-35.75,15,1
P007,HRTF_A,31,2.975,-148.39,-34.94,15,1
P007,HRTF_A,31,2.99,-149.3,-34.16,15,1
P007,HRTF_A,31,3.003,-150.22,-33.41,15,1
P007,HRTF_A,31,3.017,-151.14,-32.71,15,1
P007,HRTF_A,31,3.03,-152.02,-32.1,15,1
P007,HRTF_A,31,3.044,-152.89,-31.62,15,1
P007,HRTF_A,31,3.058,-153.69,-31.18,15,1
P007,HRTF_A,31,3.072,-154.49,-30.79,15,1
P007,HRTF_A,31,3.086,-155.29,-30.38,15,1
P007,HRTF_A,31,3.101,-156.09,-29.91,15,1
P007,HRTF_A,31,3.114,-156.88,-29.47,15,1
P007,HRTF_A,31,3.128,-157.67,-29.0,15,1
P007,HRTF_A,31,3.141,-158.44,-28.54,15,1
P007,HRTF_A,31,3.155,-159.21,-28.13,15,1
P007,HRTF_A,31,3.169,-159.97,-27.75,15,1
P007,HRTF_A,31,3.183,-160.74,-27.37,15,1
P007,HRTF_A,31,3.197,-161.48,-26.94,15,1
P007,HRTF_A,31,3.211,-162.2,-26.45,15,1
P007,HRTF_A,31,3.225,-162.9,-25.94,15,1
P007,HRTF_A,31,3.238,-163.65,-25.42,15,1
P007,HRTF_A,31,3.251,-164.39,-24.85,15,1
P007,HRTF_A,31,3.267,-165.2,-24.32,15,1
P007,HRTF_A,31,3.28,-166.01,-23.73,15,1
P007,HRTF_A,31,3.294,-166.84,-23.08,15,1
P007,HRTF_A,31,3.308,-167.73,-22.4,15,1
P007,HRTF_A,31,3.323,-168.68,-21.7,15,1
P007,HRTF_A,31,3.336,-169.68,-21.04,15,1
P007,HRTF_A,31,3.35,-170.77,-20.39,15,1
P007,HRTF_A,31,3.364,-171.99,-19.79,15,1
P007,HRTF_A,31,3.378,-173.42,-19.19,15,1
P007,HRTF_A,31,3.391,-174.94,-18.51,15,1
P007,HRTF_A,31,3.405,-176.47,-17.77,15,1
P007,HRTF_A,31,3.419,-178.04,-17.02,15,1
P007,HRTF_A,31,3.437,-179.59,-16.26,15,1
P007,HRTF_A,31,3.45,178.95,-15.58,15,1
P007,HRTF_A,31,3.463,177.52,-14.98,15,1
P007,HRTF_A,31,3.476,176.19,-14.43,15,1
P007,HRTF_A,31,3.489,174.92,-13.92,15,1
P007,HRTF_A,31,3.503,173.77,-13.41,15,1
P007,HRTF_A,31,3.516,172.68,-12.81,15,1
P007,HRTF_A,31,3.53,171.7,-12.24,15,1
P007,HRTF_A,31,3.545,170.8,-11.68,15,1
P007,HRTF_A,31,3.558,169.92,-11.21,15,1
P007,HRTF_A,31,3.572,169.14,-10.8,15,1
P007,HRTF_A,31,3.586,168.39,-10.4,15,1
P007,HRTF_A,31,3.6,167.74,-10.07,15,1
P007,HRTF_A,31,3.614,167.1,-9.81,15,1
P007,HRTF_A,31,3.627,166.46,-9.71,15,1
P007,HRTF_A,31,3.641,165.8,-9.75,15,1
P007,HRTF_A,31,3.656,165.16,-9.87,15,1
P007,HRTF_A,31,3.669,164.53,-9.96,15,1
P007,HRTF_A,31,3.683,163.94,-10.03,15,1
P007,HRTF_A,31,3.697,163.37,-10.08,15,1
P007,HRTF_A,31,3.711,162.81,-10.11,15,1
P007,HRTF_A,31,3.725,162.25,-10.18,15,1
P007,HRTF_A,31,3.739,161.71,-10.28,15,1
P007,HRTF_A,31,3.752,161.23,-10.35,15,1
P007,HRTF_A,31,3.767,160.76,-10.39,15,1
P007,HRTF_A,31,3.781,160.3,-10.39,15,1
P007,HRTF_A,31,3.794,159.85,-10.37,15,1
P007,HRTF_A,31,3.808,159.33,-10.29,15,1
P007,HRTF_A,31,3.822,158.82,-10.17,15,1
P007,HRTF_A,31,3.836,158.32,-9.99,15,1
P007,HRTF_A,31,3.85,157.82,-9.83,15,1
P007,HRTF_A,31,3.863,157.28,-9.71,15,1
P007,HRTF_A,31,3.877,156.71,-9.6,15,1
P007,HRTF_A,31,3.891,156.07,-9.51,15,1
P007,HRTF_A,31,3.905,155.41,-9.34,15,1
P007,HRTF_A,31,3.919,154.75,-9.13,15,1
P007,HRTF_A,31,3.933,154.11,-8.93,15,1
P007,HRTF_A,31,3.947,153.43,-8.74,15,1
P007,HRTF_A,31,3.961,152.74,-8.62,15,1
P007,HRTF_A,31,3.975,152.07,-8.5,15,1
P007,HRTF_A,31,3.989,151.37,-8.35,15,1
P007,HRTF_A,31,4.003,150.7,-8.13,15,1
P007,HRTF_A,31,4.017,150.07,-7.88,15,1
P007,HRTF_A,31,4.03,149.45,-7.63,15,1
P007,HRTF_A,31,4.044,148.8,-7.4,15,1
P007,HRTF_A,31,4.058,148.15,-7.21,15,1
P007,HRTF_A,31,4.072,147.49,-6.99,15,1
P007,HRTF_A,31,4.086,146.85,-6.7,15,1
P007,HRTF_A,31,4.1,146.19,-6.31,15,1
P007,HRTF_A,31,4.114,145.55,-5.82,15,1
P007,HRTF_A,31,4.127,144.89,-5.2,15,1
P007,HRTF_A,31,4.141,144.21,-4.5,15,1
P007,HRTF_A,31,4.155,143.51,-3.68,15,1
P007,HRTF_A,31,4.169,142.86,-2.7,15,1
P007,HRTF_A,31,4.183,142.2,-1.68,15,1
P007,HRTF_A,31,4.197,141.47,-0.62,15,1
P007,HRTF_A,31,4.211,140.74,0.41,15,1
P007,HRTF_A,31,4.225,140.0,1.42,15,1
P007,HRTF_A,31,4.239,139.31,2.46,15,1
P007,HRTF_A,31,4.254,138.75,3.48,15,1
P007,HRTF_A,31,4.267,138.27,4.47,15,1
P007,HRTF_A,31,4.281,137.81,5.3,15,1
P007,HRTF_A,31,4.294,137.35,5.96,15,1
P007,HRTF_A,31,4.308,136.86,6.49,15,1
P007,HRTF_A,31,4.322,136.41,6.96,15,1
P007,HRTF_A,31,4.335,136.02,7.46,15,1
P007,HRTF_A,31,4.349,135.71,8.04,15,1
P007,HRTF_A,31,4.364,135.44,8.67,15,1
P007,HRTF_A,31,4.378,135.19,9.33,15,1
P007,HRTF_A,31,4.391,134.93,10.0,15,1
P007,HRTF_A,31,4.405,134.61,10.64,15,1
P007,HRTF_A,31,4.42,134.28,11.31,15,1
P007,HRTF_A,31,4.433,133.94,11.93,15,1
P007,HRTF_A,31,4.447,133.6,12.48,15,1
P007,HRTF_A,31,4.461,133.22,13.03,15,1
P007,HRTF_A,31,4.475,132.8,13.55,15,1
P007,HRTF_A,31,4.489,132.32,14.04,15,1
P007,HRTF_A,31,4.502,131.81,14.57,15,1
P007,HRTF_A,31,4.516,131.29,15.06,15,1
P007,HRTF_A,31,4.531,130.78,15.49,15,1
P007,HRTF_A,31,4.544,130.25,15.91,15,1
P007,HRTF_A,31,4.558,129.73,16.32,15,1
P007,HRTF_A,31,4.572,129.21,16.72,15,1
P007,HRTF_A,31,4.586,128.66,17.13,15,1
P007,HRTF_A,31,4.599,128.09,17.6,15,1
P007,HRTF_A,31,4.614,127.52,18.03,15,1
P007,HRTF_A,31,4.627,126.94,18.39,15,1
P007,HRTF_A,31,4.642,126.36,18.66,15,1
P007,HRTF_A,31,4.655,125.75,18.86,15,1
P007,HRTF_A,31,4.669,125.12,19.01,15,1
P007,HRTF_A,32,0.016,-7.71,0.31,21,1
P007,HRTF_A,32,0.03,-7.77,0.29,21,1
P007,HRTF_A,32,0.044,-7.88,0.27,21,1
P007,HRTF_A,32,0.057,-8.02,0.26,21,1
P007,HRTF_A,32,0.071,-8.2,0.28,21,1
P007,HRTF_A,32,0.084,-8.4,0.32,21,1
P007,HRTF_A,32,0.099,-8.62,0.4,21,1
P007,HRTF_A,32,0.112,-8.9,0.46,21,1
P007,HRTF_A,32,0.126,-9.24,0.48,21,1
P007,HRTF_A,32,0.14,-9.64,0.49,21,1
P007,HRTF_A,32,0.153,-10.09,0.51,21,1
P007,HRTF_A,32,0.167,-10.59,0.54,21,1
P007,HRTF_A,32,0.181,-11.12,0.58,21,1
P007,HRTF_A,32,0.2,-12.34,0.64,21,1
P007,HRTF_A,32,0.214,-13.12,0.55,21,1
P007,HRTF_A,32,0.228,-13.91,0.43,21,1
P007,HRTF_A,32,0.241,-14.79,0.41,21,1
P007,HRTF_A,32,0.255,-15.64,0.37,21,1
P007,HRTF_A,32,0.269,-16.5,0.37,21,1
P007,HRTF_A,32,0.283,-17.41,0.28,21,1
P007,HRTF_A,32,0.296,-18.33,0.15,21,1
P007,HRTF_A,32,0.312,-19.25,-0.03,21,1
P007,HRTF_A,32,0.325,-20.18,-0.13,21,1
P007,HRTF_A,32,0.339,-21.12,-0.14,21,1
P007,HRTF_A,32,0.353,-22.05,-0.12,21,1
P007,HRTF_A,32,0.366,-22.97,-0.1,21,1
P007,HRTF_A,32,0.379,-23.9,-0.11,21,1
P007,HRTF_A,32,0.393,-24.77,-0.14,21,1
P007,HRTF_A,32,0.406,-25.63,-0.16,21,1
P007,HRTF_A,32,0.421,-26.44,-0.17,21,1
P007,HRTF_A,32,0.435,-27.24,-0.17,21,1
P007,HRTF_A,32,0.449,-28.03,-0.15,21,1
P007,HRTF_A,32,0.462,-28.81,-0.17,21,1
P007,HRTF_A,32,0.476,-29.58,-0.18,21,1
P007,HRTF_A,32,0.49,-30.35,-0.15,21,1
P007,HRTF_A,32,0.504,-31.11,-0.05,21,1
P007,HRTF_A,32,0.518,-31.85,-0.1,21,1
P007,HRTF_A,32,0.532,-32.57,-0.18,21,1
P007,HRTF_A,32,0.546,-33.34,-0.35,21,1
P007,HRTF_A,32,0.559,-34.09,-0.42,21,1
P007,HRTF_A,32,0.573,-34.85,-0.41,21,1
P007,HRTF_A,32,0.587,-35.62,-0.35,21,1
P007,HRTF_A,32,0.601,-36.4,-0.24,21,1
P007,HRTF_A,32,0.615,-37.17,-0.22,21,1
P007,HRTF_A,32,0.63,-38.01,-0.35,21,1
P007,HRTF_A,32,0.643,-38.86,-0.5,21,1
P007,HRTF_A,32,0.657,-39.69,-0.65,21,1
P007,HRTF_A,32,0.671,-40.56,-0.73,21,1
P007,HRTF_A,32,0.684,-41.36,-0.72,21,1
P007,HRTF_A,32,0.698,-42.16,-0.71,21,1
P007,HRTF_A,32,0.712,-42.94,-0.77,21,1
P007,HRTF_A,32,0.726,-43.73,-0.86,21,1
P007,HRTF_A,32,0.741,-44.5,-0.87,21,1
P007,HRTF_A,32,0.755,-45.3,-0.87,21,1
P007,HRTF_A,32,0.769,-46.09,-0.85,21,1
P007,HRTF_A,32,0.783,-46.86,-0.8,21,1
P007,HRTF_A,32,0.796,-47.62,-0.77,21,1
P007,HRTF_A,32,0.81,-48.37,-0.77,21,1
P007,HRTF_A,32,0.824,-49.14,-0.74,21,1
P007,HRTF_A,32,0.838,-49.93,-0.76,21,1
P007,HRTF_A,32,0.852,-50.72,-0.75,21,1
P007,HRTF_A,32,0.866,-51.48,-0.61,21,1
P007,HRTF_A,32,0.88,-52.27,-0.39,21,1
P007,HRTF_A,32,0.894,-53.08,-0.12,21,1
P007,HRTF_A,32,0.908,-53.93,0.15,21,1
P007,HRTF_A,32,0.922,-54.72,0.42,21,1
P007,HRTF_A,32,0.936,-55.55,0.7,21,1
P007,HRTF_A,32,0.954,-56.41,1.0,21,1
P007,HRTF_A,32,0.968,-57.32,1.31,21,1
P007,HRTF_A,32,0.982,-58.28,1.6,21,1
P007,HRTF_A,32,0.996,-59.27,1.91,21,1
P007,HRTF_A,32,1.01,-60.27,2.22,21,1
P007,HRTF_A,32,1.024,-61.27,2.55,21,1
P007,HRTF_A,32,1.038,-62.3,2.92,21,1
P007,HRTF_A,32,1.051,-63.38,3.32,21,1
P007,HRTF_A,32,1.067,-64.54,3.72,21,1
P007,HRTF_A,32,1.08,-65.68,4.1,21,1
P007,HRTF_A,32,1.094,-66.79,4.44,21,1
P007,HRTF_A,32,1.108,-67.86,4.7,21,1
P007,HRTF_A,32,1.122,-68.95,4.91,21,1
P007,HRTF_A,32,1.136,-70.1,5.06,21,1
P007,HRTF_A,32,1.149,-71.25,5.21,21,1
P007,HRTF_A,32,1.164,-72.38,5.34,21,1
P007,HRTF_A,32,1.177,-73.52,5.49,21,1
P007,HRTF_A,32,1.191,-74.62,5.66,21,1
P007,HRTF_A,32,1.206,-75.7,5.81,21,1
P007,HRTF_A,32,1.219,-76.76,5.97,21,1
P007,HRTF_A,32,1.233,-77.79,6.12,21,1
P007,HRTF_A,32,1.246,-78.78,6.27,21,1
P007,HRTF_A,32,1.26,-79.72,6.47,21,1
P007,HRTF_A,32,1.275,-80.65,6.66,21,1
P007,HRTF_A,32,1.289,-81.56,6.85,21,1
P007,HRTF_A,32,1.302,-82.46,7.03,21,1
P007,HRTF_A,32,1.316,-83.29,7.19,21,1
P007,HRTF_A,32,1.33,-84.12,7.33,21,1
P007,HRTF_A,32,1.344,-84.89,7.48,21,1
P007,HRTF_A,32,1.357,-85.68,7.58,21,1
P007,HRTF_A,32,1.371,-86.47,7.67,21,1
P007,HRTF_A,32,1.386,-87.27,7.74,21,1
P007,HRTF_A,32,1.4,-88.07,7.8,21,1
P007,HRTF_A,32,1.414,-88.89,7.86,21,1
P007,HRTF_A,32,1.427,-89.67,7.91,21,1
P007,HRTF_A,32,1.44,-90.48,7.97,21,1
P007,HRTF_A,32,1.458,-91.29,8.03,21,1
P007,HRTF_A,32,1.472,-92.1,8.1,21,1
P007,HRTF_A,32,1.488,-92.91,8.16,21,1
P007,HRTF_A,32,1.501,-93.72,8.22,21,1
P007,HRTF_A,32,1.515,-94.53,8.28,21,1
P007,HRTF_A,32,1.529,-95.31,8.33,21,1
P007,HRTF_A,32,1.543,-96.12,8.38,21,1
P007,HRTF_A,32,1.557,-96.92,8.42,21,1
P007,HRTF_A,32,1.57,-97.73,8.45,21,1
P007,HRTF_A,32,1.584,-98.55,8.45,21,1
P007,HRTF_A,32,1.598,-99.34,8.45,21,1
P007,HRTF_A,32,1.612,-100.13,8.43,21,1
P007,HRTF_A,32,1.625,-100.92,8.4,21,1
P007,HRTF_A,32,1.639,-101.72,8.35,21,1
P007,HRTF_A,32,1.653,-102.52,8.31,21,1
P007,HRTF_A,32,1.666,-103.36,8.28,21,1
P007,HRTF_A,32,1.68,-104.17,8.3,21,1
P007,HRTF_A,32,1.693,-104.97,8.32,21,1
P007,HRTF_A,32,1.708,-105.74,8.35,21,1
P007,HRTF_A,32,1.723,-106.49,8.36,21,1
P007,HRTF_A,32,1.736,-107.24,8.35,21,1
P007,HRTF_A,32,1.75,-107.95,8.32,21,1
P007,HRTF_A,32,1.764,-108.66,8.26,21,1
P007,HRTF_A,32,1.777,-109.35,8.19,21,1
P007,HRTF_A,32,1.79,-110.04,8.1,21,1
P007,HRTF_A,32,1.806,-110.74,7.96,21,1
P007,HRTF_A,32,1.819,-111.43,7.81,21,1
P007,HRTF_A,32,1.834,-112.14,7.63,21,1
P007,HRTF_A,32,1.847,-112.88,7.42,21,1
P007,HRTF_A,32,1.861,-113.66,7.19,21,1
P007,HRTF_A,32,1.874,-114.47,6.89,21,1
P007,HRTF_A,32,1.888,-115.32,6.58,21,1
P007,HRTF_A,32,1.902,-116.19,6.29,21,1
P007,HRTF_A,32,1.917,-117.08,6.0,21,1
P007,HRTF_A,32,1.931,-118.03,5.73,21,1
P007,HRTF_A,32,1.945,-118.93,5.5,21,1
P007,HRTF_A,32,1.958,-119.83,5.3,21,1
P007,HRTF_A,32,1.971,-120.71,5.14,21,1
P007,HRTF_A,32,1.985,-121.53,5.03,21,1
P007,HRTF_A,32,1.999,-122.33,4.93,21,1
P007,HRTF_A,32,2.014,-123.09,4.86,21,1
P007,HRTF_A,32,2.028,-123.82,4.82,21,1
P007,HRTF_A,32,2.041,-124.48,4.85,21,1
P007,HRTF_A,32,2.055,-125.07,4.87,21,1
P007,HRTF_A,32,2.068,-125.56,4.88,21,1
P007,HRTF_A,32,2.082,-125.98,4.81,21,1
P007,HRTF_A,32,2.097,-126.37,4.74,21,1
P007,HRTF_A,32,2.114,-126.73,4.62,21,1
P007,HRTF_A,32,2.132,-127.42,4.39,21,1
P007,HRTF_A,32,2.148,-127.68,4.28,21,1
P007,HRTF_A,32,2.164,-127.89,4.16,21,1
P007,HRTF_A,32,2.18,-128.07,4.0,21,1
P007,HRTF_A,32,2.196,-128.25,3.82,21,1
P007,HRTF_A,32,2.213,-128.61,3.44,21,1
P007,HRTF_A,32,2.229,-128.75,3.29,21,1
P007,HRTF_A,32,2.245,-128.87,3.15,21,1
P007,HRTF_A,32,2.262,-128.97,3.01,21,1
P007,HRTF_A,32,2.278,-129.06,2.88,21,1
P007,HRTF_A,32,2.294,-129.11,2.78,21,1
P007,HRTF_A,32,2.31,-129.26,2.63,21,1
P007,HRTF_A,33,0.02,-7.04,0.83,23,1
P007,HRTF_A,33,0.037,-6.45,0.78,23,1
P007,HRTF_A,33,0.054,-5.89,0.68,23,1
P007,HRTF_A,33,0.071,-4.79,0.48,23,1
P007,HRTF_A,33,0.087,-4.33,0.39,23,1
P007,HRTF_A,33,0.103,-3.89,0.37,23,1
P007,HRTF_A,33,0.12,-3.45,0.36,23,1
P007,HRTF_A,33,0.138,-3.1,0.41,23,1
P007,HRTF_A,33,0.155,-2.49,0.43,23,1
P007,HRTF_A,33,0.172,-2.36,0.41,23,1
P007,HRTF_A,33,0.189,-2.31,0.41,23,1
P007,HRTF_A,33,0.205,-2.35,0.45,23,1
P007,HRTF_A,33,0.221,-2.5,0.45,23,1
P007,HRTF_A,33,0.239,-2.97,0.36,23,1
P007,HRTF_A,33,0.255,-3.53,0.23,23,1
P007,HRTF_A,33,0.273,-4.25,0.1,23,1
P007,HRTF_A,33,0.29,-5.05,-0.02,23,1
P007,HRTF_A,33,0.307,-6.69,-0.25,23,1
P007,HRTF_A,33,0.324,-7.61,-0.4,23,1
P007,HRTF_A,33,0.341,-8.54,-0.49,23,1
P007,HRTF_A,33,0.358,-9.45,-0.51,23,1
P007,HRTF_A,33,0.375,-10.36,-0.45,23,1
P007,HRTF_A,33,0.393,-12.17,-0.27,23,1
P007,HRTF_A,33,0.41,-12.84,-0.14,23,1
P007,HRTF_A,33,0.427,-13.4,-0.15,23,1
P007,HRTF_A,33,0.444,-13.9,-0.16,23,1
P007,HRTF_A,33,0.461,-14.75,-0.14,23,1
P007,HRTF_A,33,0.477,-15.05,-0.02,23,1
P007,HRTF_A,33,0.493,-15.29,0.11,23,1
P007,HRTF_A,33,0.511,-15.44,0.16,23,1
P007,HRTF_A,33,0.527,-15.55,0.15,23,1
P007,HRTF_A,33,0.544,-15.67,0.14,23,1
P007,HRTF_A,33,0.561,-15.61,0.06,23,1
P007,HRTF_A,33,0.578,-15.44,0.06,23,1
P007,HRTF_A,33,0.595,-15.21,0.15,23,1
P007,HRTF_A,33,0.612,-14.78,0.28,23,1
P007,HRTF_A,33,0.629,-14.48,0.32,23,1
P007,HRTF_A,33,0.647,-14.19,0.45,23,1
P007,HRTF_A,33,0.663,-13.89,0.68,23,1
P007,HRTF_A,33,0.68,-13.62,0.9,23,1
P007,HRTF_A,33,0.697,-13.15,1.3,23,1
P007,HRTF_A,33,0.714,-12.97,1.41,23,1
P007,HRTF_A,33,0.731,-12.88,1.48,23,1
P007,HRTF_A,33,0.748,-12.83,1.6,23,1
P007,HRTF_A,33,0.766,-12.82,1.7,23,1
P007,HRTF_A,33,0.783,-13.02,1.68,23,1
P007,HRTF_A,33,0.8,-13.26,1.57,23,1
P007,HRTF_A,33,0.817,-13.5,1.53,23,1
P007,HRTF_A,33,0.834,-13.74,1.51,23,1
P007,HRTF_A,33,0.85,-14.12,1.17,23,1
P007,HRTF_A,33,0.868,-14.27,0.72,23,1
P007,HRTF_A,33,0.885,-14.48,0.28,23,1
P007,HRTF_A,33,0.903,-14.69,-0.03,23,1
P007,HRTF_A,33,0.919,-15.1,-0.6,23,1
P007,HRTF_A,33,0.936,-15.32,-1.0,23,1
P007,HRTF_A,33,0.953,-15.64,-1.34,23,1
P007,HRTF_A,33,0.97,-15.97,-1.64,23,1
P007,HRTF_A,33,0.986,-16.29,-1.9,23,1
P007,HRTF_A,33,1.003,-16.88,-2.5,23,1
P007,HRTF_A,33,1.022,-17.25,-2.86,23,1
P007,HRTF_A,33,1.039,-17.65,-3.28,23,1
P007,HRTF_A,33,1.055,-18.01,-3.73,23,1
P007,HRTF_A,33,1.072,-18.72,-4.7,23,1
P007,HRTF_A,33,1.09,-19.06,-5.11,23,1
P007,HRTF_A,33,1.107,-19.44,-5.42,23,1
P007,HRTF_A,33,1.124,-19.88,-5.79,23,1
P007,HRTF_A,33,1.141,-20.91,-6.54,23,1
P007,HRTF_A,33,1.162,-21.61,-6.93,23,1
P007,HRTF_A,33,1.18,-22.3,-7.09,23,1
P007,HRTF_A,33,1.197,-23.7,-7.38,23,1
P007,HRTF_A,33,1.213,-24.52,-7.51,23,1
P007,HRTF_A,33,1.23,-25.33,-7.69,23,1
P007,HRTF_A,33,1.247,-26.09,-7.87,23,1
P007,HRTF_A,33,1.264,-26.85,-8.13,23,1
P007,HRTF_A,33,1.28,-28.26,-8.57,23,1
P007,HRTF_A,33,1.298,-28.94,-8.75,23,1
P007,HRTF_A,33,1.315,-29.68,-9.03,23,1
P007,HRTF_A,33,1.333,-30.48,-9.37,23,1
P007,HRTF_A,33,1.35,-32.15,-10.09,23,1
P007,HRTF_A,33,1.367,-33.05,-10.59,23,1
P007,HRTF_A,33,1.384,-33.97,-11.11,23,1
P007,HRTF_A,33,1.4,-34.89,-11.62,23,1
P007,HRTF_A,33,1.418,-36.75,-12.74,23,1
P007,HRTF_A,33,1.435,-37.74,-13.32,23,1
P007,HRTF_A,33,1.452,-38.71,-14.01,23,1
P007,HRTF_A,33,1.469,-39.68,-14.71,23,1
P007,HRTF_A,33,1.485,-40.65,-15.46,23,1
P007,HRTF_A,33,1.503,-42.61,-16.88,23,1
P007,HRTF_A,33,1.519,-43.64,-17.55,23,1
P007,HRTF_A,33,1.535,-44.67,-18.2,23,1
P007,HRTF_A,33,1.553,-45.65,-18.96,23,1
P007,HRTF_A,33,1.57,-47.59,-20.49,23,1
P007,HRTF_A,33,1.587,-48.51,-21.27,23,1
P007,HRTF_A,33,1.604,-49.45,-21.93,23,1
P007,HRTF_A,33,1.621,-50.42,-22.65,23,1
P007,HRTF_A,33,1.637,-51.41,-23.42,23,1
P007,HRTF_A,33,1.654,-53.44,-24.89,23,1
P007,HRTF_A,33,1.672,-54.44,-25.57,23,1
P007,HRTF_A,33,1.689,-55.37,-26.34,23,1
P007,HRTF_A,33,1.705,-56.28,-27.14,23,1
P007,HRTF_A,33,1.722,-57.2,-28.01,23,1
P007,HRTF_A,33,1.738,-59.04,-29.75,23,1
P007,HRTF_A,33,1.756,-59.94,-30.58,23,1
P007,HRTF_A,33,1.773,-60.86,-31.39,23,1
P007,HRTF_A,33,1.789,-61.79,-32.19,23,1
P007,HRTF_A,33,1.807,-63.61,-33.7,23,1
P007,HRTF_A,33,1.824,-64.49,-34.33,23,1
P007,HRTF_A,33,1.841,-65.36,-34.85,23,1
P007,HRTF_A,33,1.858,-66.18,-35.35,23,1
P007,HRTF_A,33,1.874,-67.0,-35.84,23,1
P007,HRTF_A,33,1.891,-68.56,-36.73,23,1
P007,HRTF_A,33,1.907,-69.23,-37.01,23,1
P007,HRTF_A,33,1.926,-69.93,-37.29,23,1
P007,HRTF_A,33,1.942,-70.64,-37.54,23,1
P007,HRTF_A,33,1.958,-71.31,-37.79,23,1
P007,HRTF_A,33,1.975,-72.66,-38.26,23,1
P007,HRTF_A,33,1.992,-73.32,-38.39,23,1
P007,HRTF_A,33,2.008,-74.11,-38.6,23,1
P007,HRTF_A,33,2.025,-74.92,-38.74,23,1
P007,HRTF_A,33,2.043,-75.83,-38.86,23,1
P007,HRTF_A,33,2.059,-77.68,-39.14,23,1
P007,HRTF_A,33,2.076,-78.65,-39.39,23,1
P007,HRTF_A,33,2.092,-79.68,-39.51,23,1
P007,HRTF_A,33,2.109,-80.74,-39.72,23,1
P007,HRTF_A,33,2.125,-81.85,-39.86,23,1
P007,HRTF_A,33,2.142,-84.07,-40.08,23,1
P007,HRTF_A,33,2.158,-85.24,-40.09,23,1
P007,HRTF_A,33,2.176,-86.53,-40.08,23,1
P007,HRTF_A,33,2.192,-87.82,-40.05,23,1
P007,HRTF_A,33,2.209,-89.12,-40.07,23,1
P007,HRTF_A,33,2.225,-91.81,-40.18,23,1
P007,HRTF_A,33,2.242,-93.24,-40.23,23,1
P007,HRTF_A,33,2.259,-94.75,-40.22,23,1
P007,HRTF_A,33,2.275,-96.3,-40.12,23,1
P007,HRTF_A,33,2.293,-99.34,-39.83,23,1
P007,HRTF_A,33,2.31,-100.93,-39.46,23,1
P007,HRTF_A,33,2.326,-102.56,-38.98,23,1
P007,HRTF_A,33,2.343,-104.17,-38.35,23,1
P007,HRTF_A,33,2.359,-105.72,-37.61,23,1
P007,HRTF_A,33,2.377,-108.76,-36.06,23,1
P007,HRTF_A,33,2.393,-110.27,-35.07,23,1
P007,HRTF_A,33,2.41,-111.78,-33.99,23,1
P007,HRTF_A,33,2.427,-113.27,-32.89,23,1
P007,HRTF_A,33,2.444,-114.74,-31.85,23,1
P007,HRTF_A,33,2.46,-117.51,-29.73,23,1
P007,HRTF_A,33,2.476,-118.79,-28.68,23,1
P007,HRTF_A,33,2.493,-120.02,-27.63,23,1
P007,HRTF_A,33,2.51,-121.2,-26.49,23,1
P007,HRTF_A,33,2.526,-122.36,-25.31,23,1
P007,HRTF_A,33,2.544,-124.52,-22.83,23,1
P007,HRTF_A,33,2.561,-125.48,-21.57,23,1
P007,HRTF_A,33,2.578,-126.44,-20.42,23,1
P007,HRTF_A,33,2.595,-127.37,-19.39,23,1
P007,HRTF_A,33,2.613,-129.23,-17.4,23,1
P007,HRTF_A,33,2.63,-130.1,-16.7,23,1
P007,HRTF_A,33,2.647,-130.9,-16.21,23,1
P007,HRTF_A,33,2.663,-131.66,-15.9,23,1
P007,HRTF_A,34,0.018,-8.51,-1.25,13,1
P007,HRTF_A,34,0.036,-8.07,-1.36,13,1
P007,HRTF_A,34,0.053,-7.72,-1.42,13,1
P007,HRTF_A,34,0.07,-7.08,-1.53,13,1
P007,HRTF_A,34,0.087,-6.83,-1.7,13,1
P007,HRTF_A,34,0.105,-6.56,-1.95,13,1
P007,HRTF_A,34,0.123,-6.31,-2.15,13,1
P007,HRTF_A,34,0.14,-5.83,-2.44,13,1
P007,HRTF_A,34,0.156,-5.71,-2.53,13,1
P007,HRTF_A,34,0.174,-5.58,-2.63,13,1
P007,HRTF_A,34,0.191,-5.43,-2.75,13,1
P007,HRTF_A,34,0.208,-5.29,-2.87,13,1
P007,HRTF_A,34,0.225,-5.06,-3.0,13,1
P007,HRTF_A,34,0.244,-4.98,-2.98,13,1
P007,HRTF_A,34,0.261,-4.86,-3.02,13,1
P007,HRTF_A,34,0.278,-4.7,-3.07,13,1
P007,HRTF_A,34,0.294,-4.33,-3.12,13,1
P007,HRTF_A,34,0.312,-4.04,-3.04,13,1
P007,HRTF_A,34,0.329,-3.74,-2.93,13,1
P007,HRTF_A,34,0.346,-3.34,-2.78,13,1
P007,HRTF_A,34,0.365,-2.47,-2.52,13,1
P007,HRTF_A,34,0.383,-1.86,-2.34,13,1
P007,HRTF_A,34,0.4,-1.18,-2.23,13,1
P007,HRTF_A,34,0.418,0.23,-2.09,13,1
P007,HRTF_A,34,0.434,1.03,-2.17,13,1
P007,HRTF_A,34,0.451,1.85,-2.2,13,1
P007,HRTF_A,34,0.468,2.7,-2.13,13,1
P007,HRTF_A,34,0.485,3.53,-2.02,13,1
P007,HRTF_A,34,0.504,5.1,-1.9,13,1
P007,HRTF_A,34,0.522,5.83,-2.01,13,1
P007,HRTF_A,34,0.539,6.53,-2.2,13,1
P007,HRTF_A,34,0.556,7.2,-2.33,13,1
P007,HRTF_A,34,0.573,8.52,-2.47,13,1
P007,HRTF_A,34,0.591,9.12,-2.45,13,1
P007,HRTF_A,34,0.608,9.68,-2.45,13,1
P007,HRTF_A,34,0.626,10.77,-2.59,13,1
P007,HRTF_A,34,0.643,11.31,-2.71,13,1
P007,HRTF_A,34,0.66,11.83,-2.84,13,1
P007,HRTF_A,34,0.677,12.36,-2.9,13,1
P007,HRTF_A,34,0.693,12.92,-2.95,13,1
P007,HRTF_A,34,0.711,14.01,-3.17,13,1
P007,HRTF_A,34,0.728,14.62,-3.44,13,1
P007,HRTF_A,34,0.747,15.27,-3.67,13,1
P007,HRTF_A,34,0.764,15.98,-3.84,13,1
P007,HRTF_A,34,0.781,17.47,-4.19,13,1
P007,HRTF_A,34,0.798,18.35,-4.47,13,1
P007,HRTF_A,34,0.816,19.25,-4.89,13,1
P007,HRTF_A,34,0.833,20.21,-5.34,13,1
P007,HRTF_A,34,0.849,22.21,-6.33,13,1
P007,HRTF_A,34,0.868,23.43,-7.21,13,1
P007,HRTF_A,34,0.886,24.73,-8.18,13,1
P007,HRTF_A,34,0.904,26.1,-9.19,13,1
P007,HRTF_A,34,0.921,28.98,-11.28,13,1
P007,HRTF_A,34,0.938,30.58,-12.61,13,1
P007,HRTF_A,34,0.955,32.15,-13.95,13,1
P007,HRTF_A,34,0.971,33.74,-15.25,13,1
P007,HRTF_A,34,0.989,36.87,-17.64,13,1
P007,HRTF_A,34,1.006,38.4,-18.7,13,1
P007,HRTF_A,34,1.023,39.88,-19.71,13,1
P007,HRTF_A,34,1.04,41.42,-20.71,13,1
P007,HRTF_A,34,1.057,44.47,-22.56,13,1
P007,HRTF_A,34,1.074,45.89,-23.31,13,1
P007,HRTF_A,34,1.092,47.33,-24.01,13,1
P007,HRTF_A,34,1.109,48.74,-24.57,13,1
P007,HRTF_A,34,1.127,51.46,-25.53,13,1
P007,HRTF_A,34,1.144,52.79,-25.74,13,1
P007,HRTF_A,34,1.161,54.18,-25.94,13,1
P007,HRTF_A,34,1.178,55.69,-26.02,13,1
P007,HRTF_A,34,1.195,57.28,-25.91,13,1
P007,HRTF_A,34,1.212,60.3,-25.53,13,1
P007,HRTF_A,34,1.229,61.67,-25.32,13,1
P007,HRTF_A,34,1.248,62.89,-25.38,13,1
P007,HRTF_A,34,1.265,65.22,-25.77,13,1
P007,HRTF_A,34,1.282,66.1,-25.94,13,1
P007,HRTF_A,34,1.299,67.02,-25.97,13,1
P007,HRTF_A,34,1.316,67.93,-25.85,13,1
P007,HRTF_A,34,1.333,68.87,-25.85,13,1
P007,HRTF_A,34,1.35,70.84,-26.0,13,1
P007,HRTF_A,34,1.372,71.91,-26.14,13,1
P007,HRTF_A,34,1.39,74.02,-26.32,13,1
P007,HRTF_A,34,1.407,74.99,-26.41,13,1
P007,HRTF_A,34,1.425,75.85,-26.48,13,1
P007,HRTF_A,34,1.442,76.69,-26.51,13,1
P007,HRTF_A,34,1.458,77.46,-26.53,13,1
P007,HRTF_A,34,1.476,78.93,-26.61,13,1
P007,HRTF_A,34,1.492,79.67,-26.68,13,1
P007,HRTF_A,34,1.511,80.34,-26.78,13,1
P007,HRTF_A,34,1.527,81.03,-26.77,13,1
P007,HRTF_A,34,1.545,82.48,-26.72,13,1
P007,HRTF_A,34,1.562,83.29,-26.71,13,1
P007,HRTF_A,34,1.579,84.16,-26.66,13,1
P007,HRTF_A,34,1.596,85.13,-26.56,13,1
P007,HRTF_A,34,1.613,87.17,-26.32,13,1
P007,HRTF_A,34,1.632,88.4,-26.15,13,1
P007,HRTF_A,34,1.649,89.71,-26.1,13,1
P007,HRTF_A,34,1.666,91.0,-26.05,13,1
P007,HRTF_A,34,1.683,93.77,-25.83,13,1
P007,HRTF_A,34,1.699,95.3,-25.56,13,1
P007,HRTF_A,34,1.717,96.85,-25.18,13,1
P007,HRTF_A,34,1.734,98.44,-24.84,13,1
P007,HRTF_A,34,1.752,101.59,-24.25,13,1
P007,HRTF_A,34,1.77,103.15,-24.01,13,1
P007,HRTF_A,34,1.787,104.73,-23.74,13,1
P007,HRTF_A,34,1.803,106.29,-23.49,13,1
P007,HRTF_A,34,1.82,107.86,-23.18,13,1
P007,HRTF_A,34,1.837,110.87,-22.58,13,1
P007,HRTF_A,34,1.854,112.29,-22.24,13,1
P007,HRTF_A,34,1.872,113.72,-21.93,13,1
P007,HRTF_A,34,1.889,116.54,-21.25,13,1
P007,HRTF_A,34,1.907,117.91,-20.96,13,1
P007,HRTF_A,34,1.924,119.2,-20.61,13,1
P007,HRTF_A,34,1.941,120.36,-20.24,13,1
P007,HRTF_A,34,1.957,121.4,-19.75,13,1
P007,HRTF_A,34,1.974,123.21,-18.74,13,1
P007,HRTF_A,34,1.991,123.74,-18.15,13,1
P007,HRTF_A,34,2.009,124.23,-17.59,13,1
P007,HRTF_A,34,2.026,124.77,-17.09,13,1
P007,HRTF_A,34,2.044,125.79,-16.1,13,1
P007,HRTF_A,34,2.061,126.18,-15.62,13,1
P007,HRTF_A,34,2.079,126.5,-15.15,13,1
P007,HRTF_A,34,2.096,126.77,-14.7,13,1
P007,HRTF_A,34,2.113,127.32,-13.82,13,1
P007,HRTF_A,34,2.132,127.46,-13.23,13,1
P007,HRTF_A,34,2.149,127.55,-12.65,13,1
P007,HRTF_A,34,2.166,127.62,-12.1,13,1
P007,HRTF_A,34,2.183,127.73,-11.16,13,1
P007,HRTF_A,34,2.2,127.73,-10.74,13,1
P007,HRTF_A,34,2.218,127.73,-10.32,13,1
P007,HRTF_A,34,2.234,127.79,-9.88,13,1
P007,HRTF_A,34,2.253,128.09,-9.13,13,1
P007,HRTF_A,34,2.269,128.38,-8.91,13,1
P007,HRTF_A,34,2.286,128.73,-8.69,13,1
P007,HRTF_A,34,2.304,129.03,-8.41,13,1
P007,HRTF_A,34,2.32,129.56,-7.75,13,1
P007,HRTF_A,34,2.337,129.83,-7.44,13,1
P007,HRTF_A,34,2.354,130.14,-7.2,13,1
P007,HRTF_A,34,2.373,130.44,-7.01,13,1
P007,HRTF_A,34,2.39,131.02,-6.62,13,1
P007,HRTF_A,34,2.407,131.25,-6.39,13,1
P007,HRTF_A,34,2.424,131.5,-6.15,13,1
P007,HRTF_A,34,2.442,131.75,-5.99,13,1
P007,HRTF_A,34,2.459,132.22,-5.73,13,1
P007,HRTF_A,34,2.476,132.43,-5.67,13,1
P007,HRTF_A,35,0.02,-10.35,1.38,9,1
P007,HRTF_A,35,0.038,-11.36,1.31,9,1
P007,HRTF_A,35,0.056,-11.89,1.31,9,1
P007,HRTF_A,35,0.074,-12.43,1.38,9,1
P007,HRTF_A,35,0.092,-12.98,1.5,9,1
P007,HRTF_A,35,0.111,-14.13,1.67,9,1
P007,HRTF_A,35,0.129,-14.73,1.77,9,1
P007,HRTF_A,35,0.146,-15.33,1.82,9,1
P007,HRTF_A,35,0.164,-16.56,1.88,9,1
P007,HRTF_A,35,0.182,-17.19,1.9,9,1
P007,HRTF_A,35,0.2,-17.87,1.92,9,1
P007,HRTF_A,35,0.218,-19.22,1.95,9,1
P007,HRTF_A,35,0.238,-19.95,1.99,9,1
P007,HRTF_A,35,0.256,-20.67,1.99,9,1
P007,HRTF_A,35,0.274,-22.15,1.97,9,1
P007,HRTF_A,35,0.292,-22.86,1.93,9,1
P007,HRTF_A,35,0.309,-23.53,1.9,9,1
P007,HRTF_A,35,0.327,-24.16,1.88,9,1
P007,HRTF_A,35,0.345,-25.36,1.79,9,1
P007,HRTF_A,35,0.364,-25.9,1.64,9,1
P007,HRTF_A,35,0.381,-26.44,1.43,9,1
P007,HRTF_A,35,0.399,-27.5,1.01,9,1
P007,HRTF_A,35,0.417,-28.05,0.54,9,1
P007,HRTF_A,35,0.434,-28.61,-0.15,9,1
P007,HRTF_A,35,0.452,-29.15,-0.97,9,1
P007,HRTF_A,35,0.469,-30.21,-2.65,9,1
P007,HRTF_A,35,0.491,-30.72,-3.62,9,1
P007,HRTF_A,35,0.511,-31.75,-5.55,9,1
P007,HRTF_A,35,0.528,-32.25,-6.51,9,1
P007,HRTF_A,35,0.546,-32.69,-7.49,9,1
P007,HRTF_A,35,0.563,-33.14,-8.59,9,1
P007,HRTF_A,35,0.58,-34.01,-11.0,9,1
P007,HRTF_A,35,0.598,-34.33,-12.25,9,1
P007,HRTF_A,35,0.617,-34.65,-13.4,9,1
P007,HRTF_A,35,0.634,-35.23,-15.68,9,1
P007,HRTF_A,35,0.652,-35.42,-16.86,9,1
P007,HRTF_A,35,0.67,-35.55,-17.99,9,1
P007,HRTF_A,35,0.687,-35.6,-19.03,9,1
P007,HRTF_A,35,0.704,-35.59,-20.92,9,1
P007,HRTF_A,35,0.721,-35.37,-21.69,9,1
P007,HRTF_A,35,0.74,-35.03,-22.23,9,1
P007,HRTF_A,35,0.758,-34.64,-22.68,9,1
P007,HRTF_A,35,0.775,-33.75,-23.36,9,1
P007,HRTF_A,35,0.792,-33.22,-23.47,9,1
P007,HRTF_A,35,0.81,-32.67,-23.6,9,1
P007,HRTF_A,35,0.829,-31.53,-24.06,9,1
P007,HRTF_A,35,0.846,-30.83,-24.43,9,1
P007,HRTF_A,35,0.866,-30.03,-24.72,9,1
P007,HRTF_A,35,0.884,-29.21,-24.93,9,1
P007,HRTF_A,35,0.902,-27.54,-25.31,9,1
P007,HRTF_A,35,0.919,-26.68,-25.55,9,1
P007,HRTF_A,35,0.937,-25.78,-25.84,9,1
P007,HRTF_A,35,0.954,-23.98,-26.43,9,1
P007,HRTF_A,35,0.973,-22.94,-26.65,9,1
P007,HRTF_A,35,0.991,-21.89,-26.85,9,1
P007,HRTF_A,35,1.009,-19.73,-27.23,9,1
P007,HRTF_A,35,1.026,-18.53,-27.34,9,1
P007,HRTF_A,35,1.043,-17.2,-27.46,9,1
P007,HRTF_A,35,1.06,-15.87,-27.58,9,1
P007,HRTF_A,35,1.077,-14.47,-27.71,9,1
P007,HRTF_A,35,1.095,-11.62,-27.84,9,1
P007,HRTF_A,35,1.115,-10.15,-27.81,9,1
P007,HRTF_A,35,1.132,-8.67,-27.79,9,1
P007,HRTF_A,35,1.15,-5.74,-27.72,9,1
P007,HRTF_A,35,1.167,-4.24,-27.63,9,1
P007,HRTF_A,35,1.185,-2.74,-27.48,9,1
P007,HRTF_A,35,1.202,-1.24,-27.39,9,1
P007,HRTF_A,35,1.22,1.74,-27.3,9,1
P007,HRTF_A,35,1.239,3.23,-27.45,9,1
P007,HRTF_A,35,1.256,4.67,-27.6,9,1
P007,HRTF_A,35,1.274,7.53,-27.76,9,1
P007,HRTF_A,35,1.291,8.92,-27.84,9,1
P007,HRTF_A,35,1.308,10.34,-27.86,9,1
P007,HRTF_A,35,1.325,11.76,-27.95,9,1
P007,HRTF_A,35,1.343,14.61,-28.27,9,1
P007,HRTF_A,35,1.361,16.05,-28.51,9,1
P007,HRTF_A,35,1.379,17.51,-28.77,9,1
P007,HRTF_A,35,1.396,19.01,-29.0,9,1
P007,HRTF_A,35,1.413,22.06,-29.57,9,1
P007,HRTF_A,35,1.43,23.72,-29.89,9,1
P007,HRTF_A,35,1.448,25.3,-30.19,9,1
P007,HRTF_A,35,1.465,26.82,-30.4,9,1
P007,HRTF_A,35,1.483,29.89,-30.76,9,1
P007,HRTF_A,35,1.502,31.34,-30.88,9,1
P007,HRTF_A,35,1.518,32.71,-31.02,9,1
P007,HRTF_A,35,1.536,34.03,-31.11,9,1
P007,HRTF_A,35,1.553,36.62,-31.29,9,1
P007,HRTF_A,35,1.57,37.82,-31.35,9,1
P007,HRTF_A,35,1.587,39.02,-31.39,9,1
P007,HRTF_A,35,1.606,41.33,-31.51,9,1
P007,HRTF_A,35,1.624,42.3,-31.44,9,1
P007,HRTF_A,35,1.642,43.25,-31.29,9,1
P007,HRTF_A,35,1.659,44.17,-31.1,9,1
P007,HRTF_A,35,1.676,45.99,-30.74,9,1
P007,HRTF_A,35,1.693,46.86,-30.58,9,1
P007,HRTF_A,35,1.71,47.73,-30.42,9,1
P007,HRTF_A,35,1.729,48.66,-30.24,9,1
P007,HRTF_A,35,1.746,50.6,-29.82,9,1
P007,HRTF_A,35,1.763,51.66,-29.64,9,1
P007,HRTF_A,35,1.781,52.75,-29.46,9,1
P007,HRTF_A,35,1.798,53.93,-29.35,9,1
P007,HRTF_A,35,1.814,56.35,-29.08,9,1
P007,HRTF_A,35,1.832,57.69,-28.81,9,1
P007,HRTF_A,35,1.851,59.08,-28.45,9,1
P007,HRTF_A,35,1.868,60.49,-28.08,9,1
P007,HRTF_A,35,1.886,63.32,-27.36,9,1
P007,HRTF_A,35,1.904,64.78,-26.95,9,1
P007,HRTF_A,35,1.921,66.31,-26.54,9,1
P007,HRTF_A,35,1.939,67.91,-26.11,9,1
P007,HRTF_A,35,1.955,71.09,-25.18,9,1
P007,HRTF_A,35,1.975,72.82,-24.73,9,1
P007,HRTF_A,35,1.992,74.49,-24.35,9,1
P007,HRTF_A,35,2.009,77.86,-23.82,9,1
P007,HRTF_A,35,2.026,79.53,-23.68,9,1
P007,HRTF_A,35,2.044,81.14,-23.44,9,1
P007,HRTF_A,35,2.062,82.62,-23.08,9,1
P007,HRTF_A,35,2.079,85.39,-22.3,9,1
P007,HRTF_A,35,2.098,86.49,-21.83,9,1
P007,HRTF_A,35,2.116,87.42,-21.35,9,1
P007,HRTF_A,35,2.133,88.23,-20.79,9,1
P007,HRTF_A,35,2.15,89.7,-19.55,9,1
P007,HRTF_A,35,2.167,90.18,-18.84,9,1
P007,HRTF_A,35,2.184,90.63,-18.21,9,1
P007,HRTF_A,35,2.202,91.07,-17.63,9,1
P007,HRTF_A,35,2.225,91.75,-16.45,9,1
P007,HRTF_A,35,2.243,91.89,-15.78,9,1
P007,HRTF_A,35,2.26,92.07,-14.5,9,1
P007,HRTF_A,35,2.278,91.95,-13.97,9,1
P007,HRTF_A,35,2.296,91.83,-13.48,9,1
P007,HRTF_A,35,2.314,91.67,-13.04,9,1
P007,HRTF_A,35,2.331,91.41,-12.05,9,1
P007,HRTF_A,35,2.35,91.33,-11.6,9,1
P007,HRTF_A,35,2.367,91.29,-11.13,9,1
P007,HRTF_A,35,2.385,91.21,-10.06,9,1
P007,HRTF_A,35,2.403,91.34,-9.5,9,1
P007,HRTF_A,35,2.42,91.61,-9.0,9,1
P007,HRTF_A,35,2.438,92.0,-8.53,9,1
P007,HRTF_A,35,2.456,92.78,-7.63,9,1
P007,HRTF_A,35,2.475,93.22,-7.21,9,1
P007,HRTF_A,35,2.492,93.63,-6.81,9,1
P007,HRTF_A,35,2.51,94.44,-6.06,9,1
P007,HRTF_A,35,2.527,94.88,-5.79,9,1
P007,HRTF_A,35,2.545,95.3,-5.52,9,1
P007,HRTF_A,35,2.562,95.69,-5.27,9,1
P007,HRTF_A,35,2.58,96.47,-4.88,9,1
P007,HRTF_A,35,2.598,96.79,-4.79,9,1
P007,HRTF_A,35,2.616,97.13,-4.7,9,1
P007,HRTF_A,35,2.632,97.48,-4.58,9,1
P007,HRTF_A,35,2.65,98.17,-4.37,9,1
P007,HRTF_A,35,2.668,98.51,-4.26,9,1
P007,HRTF_A,35,2.685,98.83,-4.22,9,1
P007,HRTF_A,35,2.702,99.14,-4.22,9,1
P007,HRTF_A,35,2.721,99.74,-4.19,9,1
P007,HRTF_A,35,2.738,99.98,-4.16,9,1
P007,HRTF_A,35,2.756,100.18,-4.12,9,1
P007,HRTF_A,35,2.773,100.55,-4.13,9,1
P007,HRTF_A,35,2.79,100.65,-4.13,9,1
P007,HRTF_A,35,2.808,100.69,-4.16,9,1
P007,HRTF_A,35,2.825,100.7,-4.12,9,1
P007,HRTF_A,35,2.844,100.68,-3.98,9,1
P007,HRTF_A,35,2.862,100.58,-3.85,9,1
P007,HRTF_A,35,2.879,100.45,-3.78,9,1
P007,HRTF_A,35,2.896,100.27,-3.72,9,1
P007,HRTF_A,35,2.914,99.84,-3.61,9,1
P007,HRTF_A,35,2.932,99.52,-3.54,9,1
P007,HRTF_A,35,2.95,99.18,-3.43,9,1
P007,HRTF_A,35,2.969,98.48,-3.24,9,1
P007,HRTF_A,35,2.986,98.0,-3.07,9,1
P007,HRTF_A,35,3.004,97.53,-2.94,9,1
P007,HRTF_A,35,3.022,97.04,-2.84,9,1
P007,HRTF_A,35,3.039,96.02,-2.54,9,1
P007,HRTF_A,36,0.02,-13.72,3.97,14,1
P007,HRTF_A,36,0.038,-14.59,3.98,14,1
P007,HRTF_A,36,0.056,-15.44,3.84,14,1
P007,HRTF_A,36,0.075,-17.14,3.55,14,1
P007,HRTF_A,36,0.093,-17.94,3.4,14,1
P007,HRTF_A,36,0.111,-18.76,3.31,14,1
P007,HRTF_A,36,0.129,-20.39,3.11,14,1
P007,HRTF_A,36,0.147,-21.18,3.1,14,1
P007,HRTF_A,36,0.165,-21.98,3.1,14,1
P007,HRTF_A,36,0.183,-23.56,3.08,14,1
P007,HRTF_A,36,0.202,-24.32,2.93,14,1
P007,HRTF_A,36,0.22,-25.11,2.72,14,1
P007,HRTF_A,36,0.238,-26.64,2.38,14,1
P007,HRTF_A,36,0.255,-27.4,2.18,14,1
P007,HRTF_A,36,0.274,-28.18,1.94,14,1
P007,HRTF_A,36,0.292,-28.96,1.61,14,1
P007,HRTF_A,36,0.311,-30.52,0.98,14,1
P007,HRTF_A,36,0.33,-31.28,0.69,14,1
P007,HRTF_A,36,0.348,-32.02,0.45,14,1
P007,HRTF_A,36,0.366,-33.5,-0.12,14,1
P007,HRTF_A,36,0.385,-34.2,-0.58,14,1
P007,HRTF_A,36,0.403,-34.89,-1.02,14,1
P007,HRTF_A,36,0.421,-36.2,-1.86,14,1
P007,HRTF_A,36,0.443,-36.84,-2.47,14,1
P007,HRTF_A,36,0.461,-38.12,-4.03,14,1
P007,HRTF_A,36,0.479,-38.68,-5.22,14,1
P007,HRTF_A,36,0.497,-39.22,-6.53,14,1
P007,HRTF_A,36,0.514,-39.74,-7.96,14,1
P007,HRTF_A,36,0.532,-40.75,-10.74,14,1
P007,HRTF_A,36,0.55,-41.18,-11.97,14,1
P007,HRTF_A,36,0.57,-41.54,-13.05,14,1
P007,HRTF_A,36,0.587,-42.25,-15.18,14,1
P007,HRTF_A,36,0.606,-42.52,-16.27,14,1
P007,HRTF_A,36,0.624,-42.74,-17.24,14,1
P007,HRTF_A,36,0.642,-43.16,-18.92,14,1
P007,HRTF_A,36,0.66,-43.31,-19.4,14,1
P007,HRTF_A,36,0.678,-43.47,-19.81,14,1
P007,HRTF_A,36,0.697,-43.77,-20.75,14,1
P007,HRTF_A,36,0.716,-43.86,-21.14,14,1
P007,HRTF_A,36,0.734,-43.93,-21.58,14,1
P007,HRTF_A,36,0.752,-44.05,-22.46,14,1
P007,HRTF_A,36,0.77,-44.01,-22.93,14,1
P007,HRTF_A,36,0.788,-43.93,-23.35,14,1
P007,HRTF_A,36,0.806,-43.84,-23.77,14,1
P007,HRTF_A,36,0.825,-43.61,-24.62,14,1
P007,HRTF_A,36,0.843,-43.47,-25.22,14,1
P007,HRTF_A,36,0.861,-43.27,-25.89,14,1
P007,HRTF_A,36,0.879,-42.79,-27.28,14,1
P007,HRTF_A,36,0.896,-42.44,-27.92,14,1
P007,HRTF_A,36,0.914,-42.01,-28.55,14,1
P007,HRTF_A,36,0.932,-41.1,-30.0,14,1
P007,HRTF_A,36,0.952,-40.43,-30.98,14,1
P007,HRTF_A,36,0.97,-39.62,-31.89,14,1
P007,HRTF_A,36,0.988,-37.92,-33.62,14,1
P007,HRTF_A,36,1.005,-36.77,-34.5,14,1
P007,HRTF_A,36,1.023,-35.55,-35.38,14,1
P007,HRTF_A,36,1.041,-34.22,-36.25,14,1
P007,HRTF_A,36,1.059,-31.38,-37.88,14,1
P007,HRTF_A,36,1.079,-29.76,-38.55,14,1
P007,HRTF_A,36,1.096,-28.07,-39.19,14,1
P007,HRTF_A,36,1.114,-24.67,-40.22,14,1
P007,HRTF_A,36,1.132,-22.72,-40.68,14,1
P007,HRTF_A,36,1.149,-20.61,-41.15,14,1
P007,HRTF_A,36,1.167,-18.41,-41.58,14,1
P007,HRTF_A,36,1.185,-14.2,-42.28,14,1
P007,HRTF_A,36,1.202,-12.2,-42.56,14,1
P007,HRTF_A,36,1.22,-10.29,-42.8,14,1
P007,HRTF_A,36,1.238,-6.33,-43.26,14,1
P007,HRTF_A,36,1.256,-4.35,-43.36,14,1
P007,HRTF_A,36,1.274,-2.34,-43.53,14,1
P007,HRTF_A,36,1.291,-0.27,-43.69,14,1
P007,HRTF_A,36,1.31,3.87,-44.0,14,1
P007,HRTF_A,36,1.328,5.92,-44.06,14,1
P007,HRTF_A,36,1.346,7.9,-43.99,14,1
P007,HRTF_A,36,1.364,11.74,-43.77,14,1
P007,HRTF_A,36,1.382,13.45,-43.65,14,1
P007,HRTF_A,36,1.4,15.06,-43.48,14,1
P007,HRTF_A,36,1.417,16.7,-43.27,14,1
P007,HRTF_A,36,1.436,20.06,-42.79,14,1
P007,HRTF_A,36,1.455,21.91,-42.66,14,1
P007,HRTF_A,36,1.472,23.77,-42.51,14,1
P007,HRTF_A,36,1.49,27.28,-42.24,14,1
P007,HRTF_A,36,1.507,28.86,-42.02,14,1
P007,HRTF_A,36,1.524,30.32,-41.71,14,1
P007,HRTF_A,36,1.542,31.72,-41.35,14,1
P007,HRTF_A,36,1.561,34.23,-40.69,14,1
P007,HRTF_A,36,1.578,35.28,-40.46,14,1
P007,HRTF_A,36,1.596,36.29,-40.23,14,1
P007,HRTF_A,36,1.613,38.27,-39.82,14,1
P007,HRTF_A,36,1.631,39.2,-39.67,14,1
P007,HRTF_A,36,1.649,40.05,-39.43,14,1
P007,HRTF_A,36,1.667,40.91,-39.17,14,1
P007,HRTF_A,36,1.685,42.72,-38.59,14,1
P007,HRTF_A,36,1.703,43.61,-38.11,14,1
P007,HRTF_A,36,1.72,44.49,-37.59,14,1
P007,HRTF_A,36,1.738,46.36,-36.58,14,1
P007,HRTF_A,36,1.755,47.32,-35.9,14,1
P007,HRTF_A,36,1.773,48.27,-35.11,14,1
P007,HRTF_A,36,1.79,49.19,-34.22,14,1
P007,HRTF_A,36,1.809,51.08,-32.37,14,1
P007,HRTF_A,36,1.827,51.88,-30.99,14,1
P007,HRTF_A,36,1.845,52.54,-29.3,14,1
P007,HRTF_A,36,1.862,53.04,-27.46,14,1
P007,HRTF_A,36,1.88,54.13,-23.72,14,1
P007,HRTF_A,36,1.897,54.88,-21.99,14,1
P007,HRTF_A,36,1.917,55.86,-20.59,14,1
P007,HRTF_A,36,1.934,57.85,-17.84,14,1
P007,HRTF_A,36,1.952,58.99,-16.39,14,1
P007,HRTF_A,36,1.97,60.19,-14.91,14,1
P007,HRTF_A,36,1.988,62.67,-12.07,14,1
P007,HRTF_A,36,2.007,64.05,-10.84,14,1
P007,HRTF_A,36,2.024,65.48,-9.64,14,1
P007,HRTF_A,36,2.043,68.42,-7.27,14,1
P007,HRTF_A,36,2.062,70.1,-6.35,14,1
P007,HRTF_A,36,2.08,71.76,-5.62,14,1
P007,HRTF_A,36,2.098,73.41,-4.92,14,1
P007,HRTF_A,36,2.115,76.61,-3.54,14,1
P007,HRTF_A,36,2.134,78.25,-2.96,14,1
P007,HRTF_A,36,2.152,79.94,-2.44,14,1
P007,HRTF_A,36,2.172,83.39,-1.38,14,1
P007,HRTF_A,36,2.19,85.2,-0.93,14,1
P007,HRTF_A,36,2.208,87.0,-0.49,14,1
P007,HRTF_A,36,2.225,90.65,0.45,14,1
P007,HRTF_A,36,2.243,92.49,0.93,14,1
P007,HRTF_A,36,2.262,94.27,1.37,14,1
P007,HRTF_A,36,2.279,97.75,2.18,14,1
P007,HRTF_A,36,2.299,99.39,2.39,14,1
P007,HRTF_A,36,2.316,101.0,2.55,14,1
P007,HRTF_A,36,2.334,102.59,2.61,14,1
P007,HRTF_A,36,2.352,105.72,2.69,14,1
P007,HRTF_A,36,2.371,107.16,2.57,14,1
P007,HRTF_A,36,2.388,108.56,2.42,14,1
P007,HRTF_A,36,2.406,111.33,2.07,14,1
P007,HRTF_A,36,2.426,112.66,1.82,14,1
P007,HRTF_A,36,2.443,113.98,1.61,14,1
P007,HRTF_A,36,2.46,116.61,1.2,14,1
P007,HRTF_A,36,2.479,117.86,0.91,14,1
P007,HRTF_A,36,2.498,119.09,0.62,14,1
P007,HRTF_A,36,2.516,121.57,0.09,14,1
P007,HRTF_A,36,2.534,122.88,-0.3,14,1
P007,HRTF_A,37,0.022,-9.83,-1.15,1,1
P007,HRTF_A,37,0.04,-9.73,-1.18,1,1
P007,HRTF_A,37,0.058,-9.63,-1.25,1,1
P007,HRTF_A,37,0.077,-9.46,-1.42,1,1
P007,HRTF_A,37,0.095,-9.44,-1.54,1,1
P007,HRTF_A,37,0.114,-9.44,-1.62,1,1
P007,HRTF_A,37,0.132,-9.44,-1.76,1,1
P007,HRTF_A,37,0.152,-9.5,-1.83,1,1
P007,HRTF_A,37,0.17,-9.57,-1.92,1,1
P007,HRTF_A,37,0.188,-9.77,-2.16,1,1
P007,HRTF_A,37,0.206,-9.96,-2.35,1,1
P007,HRTF_A,37,0.225,-10.11,-2.58,1,1
P007,HRTF_A,37,0.242,-10.36,-2.89,1,1
P007,HRTF_A,37,0.261,-10.37,-3.08,1,1
P007,HRTF_A,37,0.281,-10.24,-3.21,1,1
P007,HRTF_A,37,0.299,-9.99,-3.4,1,1
P007,HRTF_A,37,0.317,-9.75,-3.37,1,1
P007,HRTF_A,37,0.335,-9.49,-3.32,1,1
P007,HRTF_A,37,0.354,-8.92,-3.29,1,1
P007,HRTF_A,37,0.372,-8.51,-3.3,1,1
P007,HRTF_A,37,0.39,-8.07,-3.28,1,1
P007,HRTF_A,37,0.409,-7.23,-3.12,1,1
P007,HRTF_A,37,0.428,-6.78,-2.99,1,1
P007,HRTF_A,37,0.446,-6.32,-2.89,1,1
P007,HRTF_A,37,0.464,-5.38,-2.72,1,1
P007,HRTF_A,37,0.483,-4.89,-2.61,1,1
P007,HRTF_A,37,0.501,-4.44,-2.48,1,1
P007,HRTF_A,37,0.519,-3.55,-2.3,1,1
P007,HRTF_A,37,0.538,-3.19,-2.29,1,1
P007,HRTF_A,37,0.557,-2.85,-2.3,1,1
P007,HRTF_A,37,0.576,-2.18,-2.25,1,1
P007,HRTF_A,37,0.594,-1.94,-2.18,1,1
P007,HRTF_A,37,0.612,-1.75,-2.12,1,1
P007,HRTF_A,37,0.631,-1.35,-2.06,1,1
P007,HRTF_A,37,0.651,-1.19,-2.05,1,1
P007,HRTF_A,37,0.668,-1.02,-2.01,1,1
P007,HRTF_A,37,0.686,-0.7,-1.89,1,1
P007,HRTF_A,37,0.705,-0.55,-1.8,1,1
P007,HRTF_A,38,0.02,-11.36,3.02,28,1
P007,HRTF_A,38,0.04,-10.63,2.9,28,1
P007,HRTF_A,38,0.06,-10.25,2.83,28,1
P007,HRTF_A,38,0.079,-9.95,2.74,28,1
P007,HRTF_A,38,0.098,-9.42,2.58,28,1
P007,HRTF_A,38,0.117,-9.21,2.51,28,1
P007,HRTF_A,38,0.135,-8.95,2.45,28,1
P007,HRTF_A,38,0.157,-8.48,2.15,28,1
P007,HRTF_A,38,0.175,-8.28,1.9,28,1
P007,HRTF_A,38,0.193,-8.08,1.73,28,1
P007,HRTF_A,38,0.212,-7.69,1.45,28,1
P007,HRTF_A,38,0.231,-7.54,1.32,28,1
P007,HRTF_A,38,0.25,-7.34,0.88,28,1
P007,HRTF_A,38,0.268,-7.38,0.41,28,1
P007,HRTF_A,38,0.288,-7.46,-0.22,28,1
P007,HRTF_A,38,0.307,-7.58,-1.68,28,1
P007,HRTF_A,38,0.326,-7.77,-2.96,28,1
P007,HRTF_A,38,0.345,-7.89,-4.21,28,1
P007,HRTF_A,38,0.364,-8.11,-6.38,28,1
P007,HRTF_A,38,0.383,-8.16,-7.48,28,1
P007,HRTF_A,38,0.402,-8.2,-9.57,28,1
P007,HRTF_A,38,0.422,-8.16,-10.39,28,1
P007,HRTF_A,38,0.44,-8.09,-11.05,28,1
P007,HRTF_A,38,0.46,-7.95,-12.28,28,1
P007,HRTF_A,38,0.479,-7.86,-12.75,28,1
P007,HRTF_A,38,0.497,-7.76,-13.18,28,1
P007,HRTF_A,38,0.516,-7.6,-13.97,28,1
P007,HRTF_A,38,0.539,-7.55,-14.22,28,1
P007,HRTF_A,38,0.558,-7.44,-14.76,28,1
P007,HRTF_A,38,0.577,-7.47,-14.89,28,1
P007,HRTF_A,38,0.595,-7.56,-14.98,28,1
P007,HRTF_A,38,0.613,-7.82,-15.21,28,1
P007,HRTF_A,38,0.632,-8.14,-15.36,28,1
P007,HRTF_A,38,0.65,-8.53,-15.43,28,1
P007,HRTF_A,38,0.67,-9.47,-15.54,28,1
P007,HRTF_A,38,0.689,-10.22,-15.58,28,1
P007,HRTF_A,38,0.707,-11.8,-15.7,28,1
P007,HRTF_A,38,0.726,-12.85,-15.76,28,1
P007,HRTF_A,38,0.745,-13.9,-15.73,28,1
P007,HRTF_A,38,0.763,-14.97,-15.62,28,1
P007,HRTF_A,38,0.781,-17.1,-15.37,28,1
P007,HRTF_A,38,0.801,-18.18,-15.19,28,1
P007,HRTF_A,38,0.82,-20.32,-14.98,28,1
P007,HRTF_A,38,0.839,-21.36,-14.97,28,1
P007,HRTF_A,38,0.857,-22.44,-14.87,28,1
P007,HRTF_A,38,0.876,-24.64,-14.54,28,1
P007,HRTF_A,38,0.895,-25.76,-14.35,28,1
P007,HRTF_A,38,0.914,-26.89,-14.27,28,1
P007,HRTF_A,38,0.933,-29.09,-14.14,28,1
P007,HRTF_A,38,0.952,-30.17,-14.17,28,1
P007,HRTF_A,38,0.97,-31.22,-14.15,28,1
P007,HRTF_A,38,0.989,-33.24,-14.11,28,1
P007,HRTF_A,38,1.008,-34.16,-14.05,28,1
P007,HRTF_A,38,1.027,-35.96,-13.86,28,1
P007,HRTF_A,38,1.047,-36.79,-13.71,28,1
P007,HRTF_A,38,1.065,-37.63,-13.51,28,1
P007,HRTF_A,38,1.084,-39.21,-13.09,28,1
P007,HRTF_A,38,1.102,-39.91,-12.87,28,1
P007,HRTF_A,39,0.025,-6.26,0.13,4,1
P007,HRTF_A,39,0.045,-4.87,0.04,4,1
P007,HRTF_A,39,0.064,-4.22,-0.03,4,1
P007,HRTF_A,39,0.083,-3.61,-0.12,4,1
P007,HRTF_A,39,0.102,-2.46,-0.34,4,1
P007,HRTF_A,39,0.121,-1.99,-0.5,4,1
P007,HRTF_A,39,0.14,-1.51,-0.66,4,1
P007,HRTF_A,39,0.16,-0.63,-0.97,4,1
P007,HRTF_A,39,0.179,-0.27,-1.13,4,1
P007,HRTF_A,39,0.198,0.39,-1.47,4,1
P007,HRTF_A,39,0.218,0.6,-1.57,4,1
P007,HRTF_A,39,0.237,0.76,-1.69,4,1
P007,HRTF_A,39,0.256,1.04,-1.94,4,1
P007,HRTF_A,39,0.276,1.04,-2.0,4,1
P007,HRTF_A,39,0.295,0.98,-2.19,4,1
P007,HRTF_A,39,0.314,0.75,-2.29,4,1
P007,HRTF_A,39,0.333,0.47,-2.38,4,1
P007,HRTF_A,39,0.351,-0.17,-2.58,4,1
P007,HRTF_A,39,0.371,-0.73,-2.81,4,1
P007,HRTF_A,39,0.39,-1.36,-2.99,4,1
P007,HRTF_A,39,0.41,-2.77,-3.28,4,1
P007,HRTF_A,39,0.43,-3.75,-3.45,4,1
P007,HRTF_A,39,0.449,-5.83,-3.78,4,1
P007,HRTF_A,39,0.468,-7.09,-3.86,4,1
P007,HRTF_A,39,0.486,-8.33,-3.85,4,1
P007,HRTF_A,39,0.505,-10.85,-3.79,4,1
P007,HRTF_A,39,0.526,-12.26,-3.78,4,1
P007,HRTF_A,39,0.545,-14.97,-3.65,4,1
P007,HRTF_A,39,0.564,-16.43,-3.54,4,1
P007,HRTF_A,39,0.583,-17.79,-3.47,4,1
P007,HRTF_A,39,0.602,-20.52,-3.32,4,1
P007,HRTF_A,39,0.621,-21.76,-3.18,4,1
P007,HRTF_A,39,0.64,-22.94,-3.11,4,1
P007,HRTF_A,39,0.661,-25.13,-3.09,4,1
P007,HRTF_A,39,0.68,-26.02,-3.15,4,1
P007,HRTF_A,39,0.699,-27.75,-3.17,4,1
P007,HRTF_A,39,0.718,-28.39,-3.19,4,1
P007,HRTF_A,39,0.737,-28.97,-3.31,4,1
P007,HRTF_A,39,0.756,-30.11,-3.56,4,1
P007,HRTF_A,39,0.776,-30.61,-3.74,4,1
P007,HRTF_A,39,0.796,-31.58,-4.18,4,1
P007,HRTF_A,39,0.815,-31.95,-4.65,4,1
P007,HRTF_A,39,0.834,-32.29,-5.13,4,1
P007,HRTF_A,39,0.853,-32.91,-6.16,4,1
P007,HRTF_A,39,0.872,-33.18,-7.08,4,1
P007,HRTF_A,39,0.891,-33.52,-8.21,4,1
P007,HRTF_A,39,0.911,-34.13,-10.33,4,1
P007,HRTF_A,39,0.93,-34.38,-11.45,4,1
P007,HRTF_A,39,0.949,-34.89,-13.96,4,1
P007,HRTF_A,39,0.968,-35.0,-15.42,4,1
P007,HRTF_A,39,0.986,-35.07,-16.73,4,1
P007,HRTF_A,39,1.004,-35.13,-19.23,4,1
P007,HRTF_A,39,1.025,-35.05,-20.61,4,1
P007,HRTF_A,39,1.044,-34.89,-22.07,4,1
P007,HRTF_A,39,1.062,-34.58,-24.78,4,1
P007,HRTF_A,39,1.082,-34.36,-26.0,4,1
P007,HRTF_A,39,1.101,-33.85,-28.43,4,1
P007,HRTF_A,39,1.12,-33.61,-29.51,4,1
P007,HRTF_A,39,1.14,-33.39,-30.47,4,1
P007,HRTF_A,39,1.16,-32.96,-32.28,4,1
P007,HRTF_A,39,1.179,-32.77,-32.95,4,1
P007,HRTF_A,39,1.197,-32.64,-33.55,4,1
P007,HRTF_A,39,1.216,-32.35,-34.64,4,1
P007,HRTF_A,39,1.234,-32.22,-34.89,4,1
P007,HRTF_A,39,1.253,-32.04,-35.14,4,1
P007,HRTF_A,39,1.274,-31.65,-35.71,4,1
P007,HRTF_A,39,1.292,-31.42,-36.07,4,1
P007,HRTF_A,39,1.311,-30.94,-36.67,4,1
P007,HRTF_A,39,1.33,-30.65,-36.88,4,1
P007,HRTF_A,39,1.349,-30.34,-37.17,4,1
P007,HRTF_A,39,1.368,-29.59,-37.88,4,1
P007,HRTF_A,39,1.388,-29.09,-38.26,4,1
P007,HRTF_A,39,1.408,-28.12,-38.85,4,1
P007,HRTF_A,39,1.428,-27.55,-38.93,4,1
P007,HRTF_A,39,1.447,-26.88,-39.09,4,1
P007,HRTF_A,39,1.467,-25.35,-39.39,4,1
P007,HRTF_A,39,1.486,-24.5,-39.38,4,1
P007,HRTF_A,39,1.504,-22.81,-39.26,4,1
P007,HRTF_A,39,1.524,-22.0,-39.14,4,1
P007,HRTF_A,39,1.543,-21.22,-39.07,4,1
P007,HRTF_A,39,1.561,-19.78,-38.91,4,1
P007,HRTF_A,39,1.58,-19.02,-38.8,4,1
P007,HRTF_A,39,1.599,-18.2,-38.69,4,1
P007,HRTF_A,39,1.618,-16.47,-38.53,4,1
P007,HRTF_A,39,1.639,-15.52,-38.47,4,1
P007,HRTF_A,39,1.658,-13.72,-38.04,4,1
P007,HRTF_A,39,1.677,-13.05,-37.55,4,1
P007,HRTF_A,39,1.696,-12.48,-37.0,4,1
P007,HRTF_A,39,1.714,-11.37,-35.9,4,1
P007,HRTF_A,39,1.733,-10.82,-35.42,4,1
P007,HRTF_A,39,1.751,-10.21,-34.96,4,1
P007,HRTF_A,39,1.771,-8.92,-34.11,4,1
P007,HRTF_A,39,1.789,-8.19,-33.67,4,1
P007,HRTF_A,39,1.808,-7.44,-33.22,4,1
P007,HRTF_A,39,1.827,-5.94,-32.28,4,1
P007,HRTF_A,39,1.846,-5.12,-31.8,4,1
P007,HRTF_A,39,1.865,-3.53,-30.69,4,1
P007,HRTF_A,39,1.885,-2.71,-30.09,4,1
P007,HRTF_A,39,1.903,-1.78,-29.53,4,1
P007,HRTF_A,39,1.922,0.13,-28.46,4,1
P007,HRTF_A,39,1.941,1.14,-27.95,4,1
P007,HRTF_A,39,1.96,2.15,-27.5,4,1
P007,HRTF_A,39,1.978,4.2,-26.78,4,1
P007,HRTF_A,39,1.998,5.36,-26.28,4,1
P007,HRTF_A,39,2.017,7.54,-25.37,4,1
P007,HRTF_A,39,2.036,8.58,-24.73,4,1
P007,HRTF_A,39,2.055,9.61,-24.14,4,1
P007,HRTF_A,39,2.074,11.69,-23.08,4,1
P007,HRTF_A,39,2.092,12.65,-22.56,4,1
P007,HRTF_A,39,2.111,13.66,-21.94,4,1
P007,HRTF_A,39,2.131,15.69,-20.39,4,1
P007,HRTF_A,39,2.151,16.79,-19.24,4,1
P007,HRTF_A,39,2.17,17.9,-18.11,4,1
P007,HRTF_A,39,2.19,20.14,-16.12,4,1
P007,HRTF_A,39,2.208,21.34,-15.4,4,1
P007,HRTF_A,39,2.227,23.69,-14.08,4,1
P007,HRTF_A,39,2.248,24.79,-13.54,4,1
P007,HRTF_A,39,2.267,26.91,-12.31,4,1
P007,HRTF_A,39,2.286,27.84,-11.7,4,1
P007,HRTF_A,39,2.306,28.78,-11.11,4,1
P007,HRTF_A,39,2.325,30.68,-9.99,4,1
P007,HRTF_A,39,2.344,31.59,-9.52,4,1
P007,HRTF_A,39,2.363,32.5,-9.1,4,1
P007,HRTF_A,39,2.383,34.33,-8.43,4,1
P007,HRTF_A,39,2.402,35.27,-8.2,4,1
P007,HRTF_A,39,2.421,37.16,-7.66,4,1
P007,HRTF_A,39,2.44,38.12,-7.41,4,1
P007,HRTF_A,39,2.459,39.07,-7.21,4,1
P007,HRTF_A,39,2.479,40.94,-6.83,4,1
P007,HRTF_B,0,0.014,-10.0,-5.85,1,1
P007,HRTF_B,0,0.028,-9.92,-5.91,1,1
P007,HRTF_B,0,0.042,-9.84,-5.93,1,1
P007,HRTF_B,0,0.056,-9.77,-5.94,1,1
P007,HRTF_B,0,0.07,-9.68,-5.99,1,1
P007,HRTF_B,0,0.083,-9.59,-6.09,1,1
P007,HRTF_B,0,0.097,-9.47,-6.19,1,1
P007,HRTF_B,0,0.111,-9.36,-6.27,1,1
P007,HRTF_B,0,0.125,-9.22,-6.32,1,1
P007,HRTF_B,0,0.139,-9.09,-6.36,1,1
P007,HRTF_B,0,0.153,-8.98,-6.42,1,1
P007,HRTF_B,0,0.167,-8.88,-6.5,1,1
P007,HRTF_B,0,0.181,-8.85,-6.56,1,1
P007,HRTF_B,0,0.194,-8.9,-6.62,1,1
P007,HRTF_B,0,0.208,-9.06,-6.73,1,1
P007,HRTF_B,0,0.222,-9.35,-6.89,1,1
P007,HRTF_B,0,0.236,-9.75,-7.09,1,1
P007,HRTF_B,0,0.25,-10.2,-7.33,1,1
P007,HRTF_B,0,0.264,-10.66,-7.58,1,1
P007,HRTF_B,0,0.278,-11.12,-7.81,1,1
P007,HRTF_B,0,0.292,-11.49,-8.05,1,1
P007,HRTF_B,0,0.305,-11.79,-8.28,1,1
P007,HRTF_B,0,0.319,-11.96,-8.5,1,1
P007,HRTF_B,0,0.333,-11.96,-8.73,1,1
P007,HRTF_B,0,0.347,-11.82,-8.89,1,1
P007,HRTF_B,0,0.362,-11.53,-8.97,1,1
P007,HRTF_B,0,0.375,-11.07,-8.99,1,1
P007,HRTF_B,0,0.389,-10.48,-8.97,1,1
P007,HRTF_B,0,0.403,-9.68,-8.91,1,1
P007,HRTF_B,0,0.416,-8.78,-8.81,1,1
P007,HRTF_B,0,0.431,-7.81,-8.65,1,1
P007,HRTF_B,0,0.445,-6.75,-8.47,1,1
P007,HRTF_B,0,0.458,-5.66,-8.29,1,1
P007,HRTF_B,0,0.472,-4.55,-8.08,1,1
P007,HRTF_B,0,0.486,-3.43,-7.86,1,1
P007,HRTF_B,0,0.5,-2.35,-7.61,1,1
P007,HRTF_B,0,0.514,-1.33,-7.36,1,1
P007,HRTF_B,0,0.527,-0.38,-7.12,1,1
P007,HRTF_B,0,0.542,0.44,-6.89,1,1
P007,HRTF_B,0,0.556,1.1,-6.67,1,1
P007,HRTF_B,0,0.57,1.67,-6.5,1,1
P007,HRTF_B,0,0.583,2.09,-6.34,1,1
P007,HRTF_B,0,0.598,2.42,-6.22,1,1
P007,HRTF_B,0,0.611,2.64,-6.09,1,1
P007,HRTF_B,0,0.625,2.75,-5.97,1,1
P007,HRTF_B,0,0.639,2.76,-5.86,1,1
P007,HRTF_B,0,0.653,2.69,-5.79,1,1
P007,HRTF_B,0,0.667,2.57,-5.76,1,1
P007,HRTF_B,0,0.68,2.43,-5.74,1,1
P007,HRTF_B,0,0.694,2.29,-5.71,1,1
P007,HRTF_B,0,0.709,2.13,-5.65,1,1
P007,HRTF_B,0,0.722,1.96,-5.56,1,1
P007,HRTF_B,0,0.736,1.77,-5.45,1,1
P007,HRTF_B,0,0.75,1.56,-5.29,1,1
P007,HRTF_B,0,0.764,1.39,-5.09,1,1
P007,HRTF_B,0,0.778,1.22,-4.86,1,1
P007,HRTF_B,0,0.794,1.1,-4.59,1,1
P007,HRTF_B,0,0.806,1.0,-4.31,1,1
P007,HRTF_B,0,0.819,0.91,-4.04,1,1
P007,HRTF_B,0,0.833,0.83,-3.78,1,1
P007,HRTF_B,0,0.848,0.77,-3.54,1,1
P007,HRTF_B,0,0.861,0.72,-3.39,1,1
P007,HRTF_B,0,0.875,0.71,-3.32,1,1
P007,HRTF_B,0,0.889,0.71,-3.3,1,1
P007,HRTF_B,0,0.903,0.71,-3.25,1,1
P007,HRTF_B,0,0.916,0.7,-3.18,1,1
P007,HRTF_B,0,0.93,0.68,-3.08,1,1
P007,HRTF_B,0,0.944,0.65,-2.99,1,1
P007,HRTF_B,0,0.958,0.61,-2.92,1,1
P007,HRTF_B,0,0.972,0.58,-2.86,1,1
P007,HRTF_B,0,0.986,0.54,-2.81,1,1
P007,HRTF_B,0,1.0,0.5,-2.76,1,1
P007,HRTF_B,0,1.014,0.45,-2.71,1,1
P007,HRTF_B,0,1.028,0.41,-2.69,1,1
P007,HRTF_B,0,1.042,0.38,-2.68,1,1
P007,HRTF_B,0,1.056,0.37,-2.65,1,1
P007,HRTF_B,0,1.069,0.37,-2.58,1,1
P007,HRTF_B,0,1.083,0.4,-2.45,1,1
P007,HRTF_B,0,1.097,0.45,-2.27,1,1
P007,HRTF_B,0,1.111,0.5,-2.04,1,1
P007,HRTF_B,0,1.125,0.58,-1.81,1,1
P007,HRTF_B,0,1.139,0.7,-1.58,1,1
P007,HRTF_B,0,1.153,0.84,-1.35,1,1
P007,HRTF_B,0,1.166,1.0,-1.12,1,1
P007,HRTF_B,0,1.18,1.15,-0.89,1,1
P007,HRTF_B,0,1.194,1.27,-0.68,1,1
P007,HRTF_B,1,0.014,-8.95,-0.31,29,1
P007,HRTF_B,1,0.027,-9.05,-0.52,29,1
P007,HRTF_B,1,0.041,-9.14,-0.76,29,1
P007,HRTF_B,1,0.055,-9.22,-1.0,29,1
P007,HRTF_B,1,0.069,-9.32,-1.29,29,1
P007,HRTF_B,1,0.083,-9.4,-1.58,29,1
P007,HRTF_B,1,0.097,-9.45,-1.89,29,1
P007,HRTF_B,1,0.111,-9.45,-2.19,29,1
P007,HRTF_B,1,0.125,-9.44,-2.55,29,1
P007,HRTF_B,1,0.139,-9.41,-2.9,29,1
P007,HRTF_B,1,0.153,-9.39,-3.27,29,1
P007,HRTF_B,1,0.167,-9.4,-3.67,29,1
P007,HRTF_B,1,0.18,-9.4,-4.09,29,1
P007,HRTF_B,1,0.194,-9.5,-4.54,29,1
P007,HRTF_B,1,0.208,-9.68,-4.98,29,1
P007,HRTF_B,1,0.222,-10.04,-5.42,29,1
P007,HRTF_B,1,0.236,-10.61,-5.87,29,1
P007,HRTF_B,1,0.25,-11.43,-6.3,29,1
P007,HRTF_B,1,0.264,-12.48,-6.71,29,1
P007,HRTF_B,1,0.278,-13.8,-7.15,29,1
P007,HRTF_B,1,0.291,-15.38,-7.55,29,1
P007,HRTF_B,1,0.305,-17.11,-7.88,29,1
P007,HRTF_B,1,0.319,-18.91,-8.08,29,1
P007,HRTF_B,1,0.334,-20.77,-8.15,29,1
P007,HRTF_B,1,0.347,-22.6,-8.19,29,1
P007,HRTF_B,1,0.361,-24.38,-8.26,29,1
P007,HRTF_B,1,0.375,-26.14,-8.31,29,1
P007,HRTF_B,1,0.389,-27.8,-8.32,29,1
P007,HRTF_B,1,0.403,-29.39,-8.3,29,1
P007,HRTF_B,1,0.416,-30.84,-8.27,29,1
P007,HRTF_B,1,0.43,-32.13,-8.29,29,1
P007,HRTF_B,1,0.444,-33.22,-8.4,29,1
P007,HRTF_B,1,0.458,-34.12,-8.5,29,1
P007,HRTF_B,1,0.472,-34.87,-8.53,29,1
P007,HRTF_B,1,0.486,-35.47,-8.54,29,1
P007,HRTF_B,1,0.5,-35.93,-8.5,29,1
P007,HRTF_B,1,0.514,-36.28,-8.48,29,1
P007,HRTF_B,1,0.528,-36.53,-8.51,29,1
P007,HRTF_B,1,0.542,-36.7,-8.58,29,1
P007,HRTF_B,1,0.557,-36.82,-8.64,29,1
P007,HRTF_B,1,0.569,-36.92,-8.7,29,1
P007,HRTF_B,1,0.583,-37.01,-8.74,29,1
P007,HRTF_B,1,0.597,-37.08,-8.75,29,1
P007,HRTF_B,1,0.611,-37.12,-8.74,29,1
P007,HRTF_B,2,0.013,-5.89,-3.94,17,1
P007,HRTF_B,2,0.027,-5.89,-3.9,17,1
P007,HRTF_B,2,0.041,-5.89,-3.89,17,1
P007,HRTF_B,2,0.055,-5.87,-3.88,17,1
P007,HRTF_B,2,0.069,-5.88,-3.88,17,1
P007,HRTF_B,2,0.083,-5.9,-3.87,17,1
P007,HRTF_B,2,0.097,-5.93,-3.94,17,1
P007,HRTF_B,2,0.111,-5.95,-3.97,17,1
P007,HRTF_B,2,0.124,-5.96,-4.0,17,1
P007,HRTF_B,2,0.139,-5.95,-4.01,17,1
P007,HRTF_B,2,0.153,-5.98,-4.06,17,1
P007,HRTF_B,2,0.167,-6.09,-4.14,17,1
P007,HRTF_B,2,0.18,-6.31,-4.27,17,1
P007,HRTF_B,2,0.194,-6.7,-4.52,17,1
P007,HRTF_B,2,0.208,-7.23,-4.8,17,1
P007,HRTF_B,2,0.222,-7.97,-5.16,17,1
P007,HRTF_B,2,0.236,-8.91,-5.56,17,1
P007,HRTF_B,2,0.25,-10.13,-6.11,17,1
P007,HRTF_B,2,0.264,-11.64,-6.8,17,1
P007,HRTF_B,2,0.277,-13.42,-7.51,17,1
P007,HRTF_B,2,0.291,-15.41,-8.13,17,1
P007,HRTF_B,2,0.306,-17.59,-8.75,17,1
P007,HRTF_B,2,0.319,-19.93,-9.42,17,1
P007,HRTF_B,2,0.333,-22.37,-10.09,17,1
P007,HRTF_B,2,0.347,-24.87,-10.61,17,1
P007,HRTF_B,2,0.361,-27.31,-11.02,17,1
P007,HRTF_B,2,0.374,-29.66,-11.32,17,1
P007,HRTF_B,2,0.388,-31.89,-11.52,17,1
P007,HRTF_B,2,0.402,-33.94,-11.69,17,1
P007,HRTF_B,2,0.416,-35.88,-11.77,17,1
P007,HRTF_B,2,0.431,-37.67,-11.89,17,1
P007,HRTF_B,2,0.444,-39.27,-12.06,17,1
P007,HRTF_B,2,0.458,-40.6,-12.33,17,1
P007,HRTF_B,2,0.472,-41.7,-12.49,17,1
P007,HRTF_B,2,0.486,-42.61,-12.61,17,1
P007,HRTF_B,2,0.5,-43.3,-12.68,17,1
P007,HRTF_B,2,0.514,-43.8,-12.75,17,1
P007,HRTF_B,2,0.528,-44.16,-12.83,17,1
P007,HRTF_B,2,0.542,-44.32,-12.96,17,1
P007,HRTF_B,2,0.555,-44.34,-13.13,17,1
P007,HRTF_B,2,0.57,-44.23,-13.36,17,1
P007,HRTF_B,2,0.583,-44.1,-13.68,17,1
P007,HRTF_B,2,0.597,-43.96,-14.07,17,1
P007,HRTF_B,2,0.611,-43.8,-14.5,17,1
P007,HRTF_B,2,0.625,-43.63,-14.94,17,1
P007,HRTF_B,2,0.639,-43.38,-15.42,17,1
P007,HRTF_B,2,0.653,-43.07,-15.97,17,1
P007,HRTF_B,2,0.666,-42.73,-16.64,17,1
P007,HRTF_B,2,0.68,-42.37,-17.5,17,1
P007,HRTF_B,2,0.694,-41.96,-18.59,17,1
P007,HRTF_B,2,0.708,-41.45,-19.89,17,1
P007,HRTF_B,2,0.722,-40.73,-21.38,17,1
P007,HRTF_B,2,0.736,-39.74,-23.05,17,1
P007,HRTF_B,2,0.75,-38.51,-25.05,17,1
P007,HRTF_B,2,0.763,-37.14,-27.16,17,1
P007,HRTF_B,2,0.778,-35.64,-29.05,17,1
P007,HRTF_B,2,0.791,-34.07,-30.77,17,1
P007,HRTF_B,2,0.805,-32.38,-32.26,17,1
P007,HRTF_B,2,0.819,-30.59,-33.51,17,1
P007,HRTF_B,2,0.833,-28.74,-34.57,17,1
P007,HRTF_B,2,0.847,-26.87,-35.55,17,1
P007,HRTF_B,2,0.861,-25.06,-36.55,17,1
P007,HRTF_B,2,0.875,-23.33,-37.57,17,1
P007,HRTF_B,2,0.889,-21.68,-38.5,17,1
P007,HRTF_B,2,0.903,-20.18,-39.37,17,1
P007,HRTF_B,2,0.917,-18.78,-40.06,17,1
P007,HRTF_B,2,0.93,-17.53,-40.55,17,1
P007,HRTF_B,2,0.944,-16.36,-40.85,17,1
P007,HRTF_B,2,0.958,-15.33,-41.01,17,1
P007,HRTF_B,2,0.972,-14.34,-41.08,17,1
P007,HRTF_B,2,0.986,-13.46,-41.15,17,1
P007,HRTF_B,2,1.0,-12.7,-41.23,17,1
P007,HRTF_B,2,1.014,-12.05,-41.31,17,1
P007,HRTF_B,2,1.028,-11.47,-41.34,17,1
P007,HRTF_B,2,1.041,-10.87,-41.39,17,1
P007,HRTF_B,2,1.055,-10.21,-41.53,17,1
P007,HRTF_B,2,1.069,-9.43,-41.76,17,1
P007,HRTF_B,2,1.083,-8.64,-42.0,17,1
P007,HRTF_B,2,1.097,-7.82,-42.15,17,1
P007,HRTF_B,2,1.111,-7.02,-42.09,17,1
P007,HRTF_B,2,1.125,-6.11,-41.84,17,1
P007,HRTF_B,2,1.139,-5.11,-41.52,17,1
P007,HRTF_B,2,1.153,-4.13,-41.16,17,1
P007,HRTF_B,2,1.166,-3.24,-40.73,17,1
P007,HRTF_B,2,1.181,-2.4,-40.13,17,1
P007,HRTF_B,2,1.194,-1.66,-39.47,17,1
P007,HRTF_B,2,1.208,-0.94,-38.78,17,1
P007,HRTF_B,2,1.222,-0.31,-38.1,17,1
P007,HRTF_B,2,1.236,0.43,-37.52,17,1
P007,HRTF_B,2,1.25,1.27,-36.97,17,1
P007,HRTF_B,2,1.264,2.03,-36.37,17,1
P007,HRTF_B,2,1.278,2.7,-35.71,17,1
P007,HRTF_B,2,1.291,3.18,-35.04,17,1
P007,HRTF_B,2,1.305,3.57,-34.39,17,1
P007,HRTF_B,2,1.319,3.95,-33.79,17,1
P007,HRTF_B,2,1.333,4.35,-33.28,17,1
P007,HRTF_B,2,1.347,4.75,-32.77,17,1
P007,HRTF_B,2,1.361,5.19,-32.03,17,1
P007,HRTF_B,2,1.375,5.75,-31.93,17,1
P007,HRTF_B,2,1.389,6.49,-31.81,17,1
P007,HRTF_B,2,1.402,7.49,-31.91,17,1
P007,HRTF_B,2,1.417,8.5,-31.89,17,1
P007,HRTF_B,2,1.43,9.7,-31.91,17,1
P007,HRTF_B,2,1.444,10.89,-31.88,17,1
P007,HRTF_B,2,1.458,12.04,-31.73,17,1
P007,HRTF_B,2,1.472,13.23,-31.65,17,1
P007,HRTF_B,2,1.486,14.45,-31.56,17,1
P007,HRTF_B,2,1.5,15.75,-31.53,17,1
P007,HRTF_B,2,1.514,17.1,-31.62,17,1
P007,HRTF_B,2,1.527,18.49,-31.79,17,1
P007,HRTF_B,2,1.541,19.84,-31.96,17,1
P007,HRTF_B,2,1.555,21.17,-32.05,17,1
P007,HRTF_B,2,1.569,22.56,-32.11,17,1
P007,HRTF_B,2,1.583,24.02,-32.19,17,1
P007,HRTF_B,2,1.597,25.61,-32.38,17,1
P007,HRTF_B,2,1.611,27.21,-32.55,17,1
P007,HRTF_B,2,1.625,28.84,-32.74,17,1
P007,HRTF_B,2,1.639,30.33,-32.82,17,1
P007,HRTF_B,2,1.652,31.83,-32.87,17,1
P007,HRTF_B,2,1.667,33.25,-32.94,17,1
P007,HRTF_B,2,1.68,34.57,-33.03,17,1
P007,HRTF_B,2,1.694,35.8,-33.11,17,1
P007,HRTF_B,2,1.708,36.97,-33.25,17,1
P007,HRTF_B,2,1.722,38.11,-33.46,17,1
P007,HRTF_B,2,1.736,39.24,-33.73,17,1
P007,HRTF_B,2,1.75,40.39,-34.01,17,1
P007,HRTF_B,2,1.764,41.45,-34.35,17,1
P007,HRTF_B,2,1.777,42.54,-34.72,17,1
P007,HRTF_B,2,1.791,43.59,-35.07,17,1
P007,HRTF_B,2,1.805,44.65,-35.55,17,1
P007,HRTF_B,2,1.819,45.68,-36.04,17,1
P007,HRTF_B,2,1.833,46.74,-36.56,17,1
P007,HRTF_B,2,1.847,47.82,-37.05,17,1
P007,HRTF_B,2,1.861,48.89,-37.47,17,1
P007,HRTF_B,2,1.875,50.01,-37.98,17,1
P007,HRTF_B,2,1.889,51.14,-38.48,17,1
P007,HRTF_B,2,1.902,52.32,-39.02,17,1
P007,HRTF_B,2,1.916,53.49,-39.56,17,1
P007,HRTF_B,2,1.93,54.67,-40.06,17,1
P007,HRTF_B,2,1.944,55.85,-40.58,17,1
P007,HRTF_B,2,1.958,57.05,-41.04,17,1
P007,HRTF_B,2,1.972,58.32,-41.5,17,1
P007,HRTF_B,2,1.986,59.62,-41.97,17,1
P007,HRTF_B,2,2.0,60.97,-42.38,17,1
P007,HRTF_B,2,2.013,62.38,-42.88,17,1
P007,HRTF_B,2,2.027,63.79,-43.41,17,1
P007,HRTF_B,2,2.042,65.26,-43.97,17,1
P007,HRTF_B,2,2.055,66.73,-44.48,17,1
P007,HRTF_B,2,2.069,68.31,-45.1,17,1
P007,HRTF_B,2,2.083,69.9,-45.7,17,1
P007,HRTF_B,2,2.097,71.55,-46.3,17,1
P007,HRTF_B,2,2.111,73.19,-46.84,17,1
P007,HRTF_B,2,2.125,74.82,-47.41,17,1
P007,HRTF_B,2,2.139,76.39,-47.9,17,1
P007,HRTF_B,2,2.153,77.92,-48.44,17,1
P007,HRTF_B,2,2.166,79.45,-48.91,17,1
P007,HRTF_B,2,2.18,80.9,-49.37,17,1
P007,HRTF_B,2,2.196,82.32,-49.81,17,1
P007,HRTF_B,2,2.208,83.64,-50.24,17,1
P007,HRTF_B,2,2.222,84.89,-50.58,17,1
P007,HRTF_B,2,2.236,86.05,-50.89,17,1
P007,HRTF_B,2,2.249,87.17,-51.15,17,1
P007,HRTF_B,2,2.263,88.24,-51.38,17,1
P007,HRTF_B,2,2.278,89.26,-51.58,17,1
P007,HRTF_B,2,2.291,90.22,-51.83,17,1
P007,HRTF_B,2,2.305,91.14,-52.11,17,1
P007,HRTF_B,2,2.319,92.05,-52.39,17,1
P007,HRTF_B,2,2.333,92.93,-52.67,17,1
P007,HRTF_B,2,2.347,93.78,-52.93,17,1
P007,HRTF_B,2,2.361,94.59,-53.17,17,1
P007,HRTF_B,2,2.375,95.42,-53.38,17,1
P007,HRTF_B,2,2.388,96.2,-53.53,17,1
P007,HRTF_B,2,2.402,96.97,-53.64,17,1
P007,HRTF_B,2,2.416,97.73,-53.73,17,1
P007,HRTF_B,2,2.431,98.47,-53.79,17,1
P007,HRTF_B,2,2.444,99.23,-53.78,17,1
P007,HRTF_B,2,2.458,99.98,-53.7,17,1
P007,HRTF_B,2,2.472,100.74,-53.61,17,1
P007,HRTF_B,2,2.486,101.52,-53.53,17,1
P007,HRTF_B,2,2.5,102.31,-53.48,17,1
P007,HRTF_B,2,2.514,103.09,-53.5,17,1
P007,HRTF_B,2,2.528,103.9,-53.51,17,1
P007,HRTF_B,2,2.541,104.69,-53.44,17,1
P007,HRTF_B,2,2.555,105.45,-53.31,17,1
P007,HRTF_B,2,2.569,106.11,-53.12,17,1
P007,HRTF_B,2,2.583,106.71,-52.93,17,1
P007,HRTF_B,2,2.597,107.24,-52.75,17,1
P007,HRTF_B,2,2.611,107.78,-52.6,17,1
P007,HRTF_B,2,2.625,108.27,-52.46,17,1
P007,HRTF_B,2,2.639,108.75,-52.38,17,1
P007,HRTF_B,2,2.652,109.14,-52.32,17,1
P007,HRTF_B,2,2.666,109.42,-52.31,17,1
P007,HRTF_B,2,2.68,109.64,-52.33,17,1
P007,HRTF_B,2,2.694,109.8,-52.33,17,1
P007,HRTF_B,2,2.708,109.89,-52.3,17,1
P007,HRTF_B,2,2.722,109.89,-52.28,17,1
P007,HRTF_B,2,2.736,109.77,-52.27,17,1
P007,HRTF_B,2,2.75,109.55,-52.29,17,1
P007,HRTF_B,2,2.764,109.22,-52.32,17,1
P007,HRTF_B,2,2.777,108.83,-52.33,17,1
P007,HRTF_B,2,2.791,108.32,-52.32,17,1
P007,HRTF_B,2,2.805,107.71,-52.29,17,1
P007,HRTF_B,2,2.819,107.02,-52.24,17,1
P007,HRTF_B,2,2.833,106.3,-52.17,17,1
P007,HRTF_B,2,2.847,105.47,-52.04,17,1
P007,HRTF_B,2,2.861,104.53,-51.91,17,1
P007,HRTF_B,2,2.875,103.52,-51.73,17,1
P007,HRTF_B,2,2.889,102.4,-51.52,17,1
P007,HRTF_B,2,2.902,101.19,-51.28,17,1
P007,HRTF_B,2,2.916,99.93,-51.05,17,1
P007,HRTF_B,2,2.93,98.6,-50.83,17,1
P007,HRTF_B,2,2.944,97.25,-50.68,17,1
P007,HRTF_B,2,2.958,95.9,-50.61,17,1
P007,HRTF_B,2,2.972,94.6,-50.65,17,1
P007,HRTF_B,2,2.986,93.3,-50.77,17,1
P007,HRTF_B,2,3.0,92.08,-50.97,17,1
P007,HRTF_B,2,3.013,90.89,-51.23,17,1
P007,HRTF_B,2,3.027,89.71,-51.58,17,1
P007,HRTF_B,2,3.041,88.59,-51.97,17,1
P007,HRTF_B,2,3.055,87.51,-52.37,17,1
P007,HRTF_B,2,3.069,86.47,-52.78,17,1
P007,HRTF_B,2,3.083,85.51,-53.15,17,1
P007,HRTF_B,2,3.097,84.56,-53.49,17,1
P007,HRTF_B,2,3.111,83.61,-53.85,17,1
P007,HRTF_B,2,3.125,82.73,-54.21,17,1
P007,HRTF_B,2,3.139,81.79,-54.68,17,1
P007,HRTF_B,2,3.153,80.89,-55.19,17,1
P007,HRTF_B,2,3.166,79.94,-55.7,17,1
P007,HRTF_B,2,3.181,79.05,-56.15,17,1
P007,HRTF_B,2,3.194,78.17,-56.56,17,1
P007,HRTF_B,2,3.208,77.26,-56.91,17,1
P007,HRTF_B,2,3.222,76.25,-57.27,17,1
P007,HRTF_B,2,3.236,75.11,-57.62,17,1
P007,HRTF_B,2,3.249,73.91,-57.91,17,1
P007,HRTF_B,2,3.264,72.67,-58.15,17,1
P007,HRTF_B,2,3.277,71.4,-58.37,17,1
P007,HRTF_B,2,3.291,70.13,-58.6,17,1
P007,HRTF_B,2,3.305,68.89,-58.86,17,1
P007,HRTF_B,2,3.319,67.66,-59.12,17,1
P007,HRTF_B,2,3.333,66.43,-59.38,17,1
P007,HRTF_B,2,3.347,65.23,-59.61,17,1
P007,HRTF_B,2,3.361,64.08,-59.83,17,1
P007,HRTF_B,2,3.375,62.91,-60.03,17,1
P007,HRTF_B,2,3.388,61.7,-60.26,17,1
P007,HRTF_B,2,3.402,60.53,-60.49,17,1
P007,HRTF_B,2,3.416,59.28,-60.72,17,1
P007,HRTF_B,2,3.43,58.03,-61.0,17,1
P007,HRTF_B,2,3.444,56.68,-61.25,17,1
P007,HRTF_B,2,3.458,55.19,-61.5,17,1
P007,HRTF_B,2,3.472,53.44,-61.81,17,1
P007,HRTF_B,2,3.486,51.66,-61.92,17,1
P007,HRTF_B,2,3.5,49.8,-62.04,17,1
P007,HRTF_B,2,3.513,47.86,-62.1,17,1
P007,HRTF_B,2,3.528,45.84,-62.09,17,1
P007,HRTF_B,2,3.541,43.76,-62.07,17,1
P007,HRTF_B,2,3.555,41.49,-62.0,17,1
P007,HRTF_B,2,3.569,39.02,-61.86,17,1
P007,HRTF_B,2,3.583,36.23,-61.55,17,1
P007,HRTF_B,2,3.597,33.1,-60.98,17,1
P007,HRTF_B,2,3.611,29.89,-60.18,17,1
P007,HRTF_B,2,3.625,26.66,-59.16,17,1
P007,HRTF_B,2,3.639,23.52,-57.96,17,1
P007,HRTF_B,2,3.652,20.42,-56.6,17,1
P007,HRTF_B,2,3.666,17.43,-55.12,17,1
P007,HRTF_B,2,3.68,14.59,-53.73,17,1
P007,HRTF_B,2,3.694,11.85,-52.52,17,1
P007,HRTF_B,2,3.708,9.32,-51.41,17,1
P007,HRTF_B,2,3.722,6.9,-50.41,17,1
P007,HRTF_B,2,3.735,4.64,-49.45,17,1
P007,HRTF_B,2,3.749,2.54,-48.36,17,1
P007,HRTF_B,2,3.764,0.54,-47.18,17,1
P007,HRTF_B,2,3.777,-1.27,-45.92,17,1
P007,HRTF_B,2,3.791,-3.04,-44.64,17,1
P007,HRTF_B,2,3.805,-4.65,-43.45,17,1
P007,HRTF_B,2,3.819,-6.14,-42.29,17,1
P007,HRTF_B,2,3.833,-7.63,-41.23,17,1
P007,HRTF_B,2,3.847,-9.04,-40.16,17,1
P007,HRTF_B,2,3.86,-10.45,-39.2,17,1
P007,HRTF_B,2,3.874,-11.8,-38.35,17,1
P007,HRTF_B,2,3.888,-13.15,-37.57,17,1
P007,HRTF_B,2,3.902,-14.41,-36.74,17,1
P007,HRTF_B,2,3.916,-15.64,-35.86,17,1
P007,HRTF_B,2,3.93,-16.8,-34.9,17,1
P007,HRTF_B,2,3.944,-17.94,-33.89,17,1
P007,HRTF_B,2,3.958,-18.99,-32.83,17,1
P007,HRTF_B,2,3.972,-19.99,-31.68,17,1
P007,HRTF_B,2,3.986,-20.91,-30.43,17,1
P007,HRTF_B,2,4.0,-21.77,-29.17,17,1
P007,HRTF_B,2,4.013,-22.68,-27.89,17,1
P007,HRTF_B,2,4.027,-23.59,-26.7,17,1
P007,HRTF_B,2,4.041,-24.52,-25.61,17,1
P007,HRTF_B,2,4.055,-25.51,-24.62,17,1
P007,HRTF_B,2,4.069,-26.47,-23.77,17,1
P007,HRTF_B,2,4.083,-27.43,-23.0,17,1
P007,HRTF_B,2,4.097,-28.4,-22.26,17,1
P007,HRTF_B,2,4.111,-29.33,-21.5,17,1
P007,HRTF_B,2,4.125,-30.28,-20.71,17,1
P007,HRTF_B,2,4.138,-31.22,-19.84,17,1
P007,HRTF_B,2,4.152,-32.17,-18.94,17,1
P007,HRTF_B,2,4.166,-33.11,-17.93,17,1
P007,HRTF_B,2,4.18,-34.01,-16.86,17,1
P007,HRTF_B,2,4.193,-34.89,-15.78,17,1
P007,HRTF_B,2,4.207,-35.74,-14.75,17,1
P007,HRTF_B,2,4.221,-36.58,-13.79,17,1
P007,HRTF_B,2,4.236,-37.44,-12.95,17,1
P007,HRTF_B,2,4.25,-38.34,-12.27,17,1
P007,HRTF_B,2,4.263,-39.32,-11.82,17,1
P007,HRTF_B,2,4.277,-40.28,-11.32,17,1
P007,HRTF_B,2,4.291,-41.24,-10.86,17,1
P007,HRTF_B,2,4.305,-42.25,-10.4,17,1
P007,HRTF_B,2,4.319,-43.27,-9.92,17,1
P007,HRTF_B,2,4.333,-44.36,-9.41,17,1
P007,HRTF_B,2,4.347,-45.48,-8.9,17,1
P007,HRTF_B,2,4.361,-46.64,-8.39,17,1
P007,HRTF_B,2,4.374,-47.83,-7.87,17,1
P007,HRTF_B,2,4.388,-49.07,-7.39,17,1
P007,HRTF_B,2,4.402,-50.32,-6.97,17,1
P007,HRTF_B,2,4.416,-51.6,-6.63,17,1
P007,HRTF_B,2,4.43,-52.85,-6.26,17,1
P007,HRTF_B,2,4.444,-54.07,-5.88,17,1
P007,HRTF_B,2,4.458,-55.2,-5.39,17,1
P007,HRTF_B,2,4.472,-56.3,-4.95,17,1
P007,HRTF_B,2,4.485,-57.35,-4.6,17,1
P007,HRTF_B,2,4.499,-58.36,-4.3,17,1
P007,HRTF_B,2,4.515,-59.33,-4.02,17,1
P007,HRTF_B,2,4.527,-60.24,-3.78,17,1
P007,HRTF_B,2,4.541,-61.16,-3.63,17,1
P007,HRTF_B,2,4.555,-62.09,-3.53,17,1
P007,HRTF_B,2,4.569,-63.02,-3.5,17,1
P007,HRTF_B,2,4.583,-63.91,-3.48,17,1
P007,HRTF_B,2,4.596,-64.73,-3.44,17,1
P007,HRTF_B,2,4.611,-65.54,-3.43,17,1
P007,HRTF_B,2,4.624,-66.31,-3.46,17,1
P007,HRTF_B,2,4.638,-67.07,-3.56,17,1
P007,HRTF_B,2,4.652,-67.83,-3.7,17,1
P007,HRTF_B,2,4.666,-68.54,-3.82,17,1
P007,HRTF_B,2,4.68,-69.22,-3.89,17,1
P007,HRTF_B,2,4.694,-69.92,-3.94,17,1
P007,HRTF_B,2,4.708,-70.6,-3.98,17,1
P007,HRTF_B,2,4.722,-71.3,-4.05,17,1
P007,HRTF_B,2,4.736,-71.94,-4.16,17,1
P007,HRTF_B,2,4.749,-72.57,-4.25,17,1
P007,HRTF_B,2,4.763,-73.15,-4.32,17,1
P007,HRTF_B,2,4.777,-73.7,-4.36,17,1
P007,HRTF_B,2,4.791,-74.25,-4.42,17,1
P007,HRTF_B,2,4.805,-74.81,-4.54,17,1
P007,HRTF_B,2,4.819,-75.35,-4.65,17,1
P007,HRTF_B,2,4.832,-75.86,-4.73,17,1
P007,HRTF_B,2,4.846,-76.31,-4.8,17,1
P007,HRTF_B,2,4.86,-76.69,-4.85,17,1
P007,HRTF_B,2,4.874,-77.05,-4.97,17,1
P007,HRTF_B,2,4.888,-77.42,-5.13,17,1
P007,HRTF_B,2,4.902,-77.81,-5.29,17,1
P007,HRTF_B,2,4.916,-78.22,-5.41,17,1
P007,HRTF_B,2,4.93,-78.63,-5.51,17,1
P007,HRTF_B,2,4.943,-79.01,-5.61,17,1
P007,HRTF_B,2,4.957,-79.38,-5.75,17,1
P007,HRTF_B,2,4.972,-79.74,-5.91,17,1
P007,HRTF_B,2,4.985,-80.1,-6.08,17,1
P007,HRTF_B,2,4.999,-80.44,-6.17,17,1
P007,HRTF_B,2,5.013,-80.77,-6.21,17,1
P007,HRTF_B,2,5.027,-81.03,-6.2,17,1
P007,HRTF_B,2,5.041,-81.28,-6.19,17,1
P007,HRTF_B,2,5.055,-81.52,-6.23,17,1
P007,HRTF_B,2,5.068,-81.75,-6.31,17,1
P007,HRTF_B,2,5.082,-81.96,-6.4,17,1
P007,HRTF_B,2,5.096,-82.14,-6.48,17,1
P007,HRTF_B,2,5.11,-82.29,-6.53,17,1
P007,HRTF_B,2,5.124,-82.42,-6.57,17,1
P007,HRTF_B,2,5.138,-82.55,-6.65,17,1
P007,HRTF_B,2,5.152,-82.67,-6.8,17,1
P007,HRTF_B,2,5.166,-82.68,-6.97,17,1
P007,HRTF_B,2,5.18,-82.58,-7.12,17,1
P007,HRTF_B,2,5.193,-82.32,-7.28,17,1
P007,HRTF_B,2,5.207,-81.94,-7.44,17,1
P007,HRTF_B,2,5.221,-81.44,-7.66,17,1
P007,HRTF_B,2,5.235,-80.74,-7.92,17,1
P007,HRTF_B,2,5.249,-79.8,-8.24,17,1
P007,HRTF_B,2,5.263,-78.67,-8.59,17,1
P007,HRTF_B,2,5.277,-77.27,-8.97,17,1
P007,HRTF_B,2,5.291,-75.62,-9.47,17,1
P007,HRTF_B,2,5.305,-73.69,-10.21,17,1
P007,HRTF_B,2,5.318,-71.58,-11.08,17,1
P007,HRTF_B,2,5.332,-69.36,-11.94,17,1
P007,HRTF_B,2,5.346,-67.02,-12.6,17,1
P007,HRTF_B,2,5.36,-64.55,-13.21,17,1
P007,HRTF_B,2,5.374,-61.95,-13.56,17,1
P007,HRTF_B,2,5.387,-59.27,-13.75,17,1
P007,HRTF_B,2,5.402,-56.56,-13.74,17,1
P007,HRTF_B,2,5.416,-53.86,-13.66,17,1
P007,HRTF_B,2,5.429,-51.17,-13.59,17,1
P007,HRTF_B,2,5.443,-48.58,-13.62,17,1
P007,HRTF_B,2,5.457,-46.07,-13.7,17,1
P007,HRTF_B,2,5.471,-43.71,-13.77,17,1
P007,HRTF_B,2,5.485,-41.51,-13.87,17,1
P007,HRTF_B,2,5.499,-39.43,-13.91,17,1
P007,HRTF_B,2,5.513,-37.52,-13.94,17,1
P007,HRTF_B,2,5.527,-35.89,-13.87,17,1
P007,HRTF_B,2,5.541,-34.39,-13.79,17,1
P007,HRTF_B,2,5.555,-33.03,-13.69,17,1
P007,HRTF_B,2,5.569,-31.83,-13.56,17,1
P007,HRTF_B,2,5.582,-30.77,-13.4,17,1
P007,HRTF_B,2,5.596,-29.84,-13.18,17,1
P007,HRTF_B,2,5.61,-29.0,-12.93,17,1
P007,HRTF_B,2,5.624,-28.25,-12.69,17,1
P007,HRTF_B,2,5.638,-27.58,-12.32,17,1
P007,HRTF_B,2,5.652,-27.04,-11.77,17,1
P007,HRTF_B,2,5.666,-26.55,-11.02,17,1
P007,HRTF_B,2,5.679,-26.16,-10.09,17,1
P007,HRTF_B,2,5.695,-25.83,-8.97,17,1
P007,HRTF_B,2,5.707,-25.61,-7.63,17,1
P007,HRTF_B,2,5.721,-25.47,-6.07,17,1
P007,HRTF_B,2,5.735,-25.39,-4.41,17,1
P007,HRTF_B,2,5.749,-25.27,-2.8,17,1
P007,HRTF_B,2,5.763,-25.17,-1.24,17,1
P007,HRTF_B,2,5.777,-25.03,0.23,17,1
P007,HRTF_B,2,5.791,-24.9,1.69,17,1
P007,HRTF_B,2,5.805,-24.75,3.14,17,1
P007,HRTF_B,2,5.819,-24.59,4.57,17,1
P007,HRTF_B,2,5.832,-24.33,5.97,17,1
P007,HRTF_B,2,5.846,-24.01,7.31,17,1
P007,HRTF_B,2,5.86,-23.68,8.61,17,1
P007,HRTF_B,2,5.874,-23.37,9.86,17,1
P007,HRTF_B,2,5.888,-22.99,10.96,17,1
P007,HRTF_B,2,5.902,-22.48,11.86,17,1
P007,HRTF_B,2,5.916,-21.79,12.57,17,1
P007,HRTF_B,2,5.93,-20.95,13.18,17,1
P007,HRTF_B,2,5.943,-20.02,13.79,17,1
P007,HRTF_B,2,5.957,-19.0,14.42,17,1
P007,HRTF_B,2,5.971,-17.93,15.05,17,1
P007,HRTF_B,2,5.985,-16.76,15.6,17,1
P007,HRTF_B,2,5.999,-15.47,16.08,17,1
P007,HRTF_B,2,6.013,-14.09,16.48,17,1
P007,HRTF_B,2,6.027,-12.64,16.85,17,1
P007,HRTF_B,2,6.041,-11.13,17.18,17,1
P007,HRTF_B,2,6.055,-9.55,17.43,17,1
P007,HRTF_B,2,6.068,-7.89,17.62,17,1
P007,HRTF_B,2,6.082,-6.17,17.78,17,1
P007,HRTF_B,2,6.096,-4.39,17.96,17,1
P007,HRTF_B,2,6.11,-2.61,18.12,17,1
P007,HRTF_B,2,6.124,-0.78,18.26,17,1
P007,HRTF_B,2,6.138,1.02,18.27,17,1
P007,HRTF_B,2,6.152,2.82,18.27,17,1
P007,HRTF_B,2,6.166,4.61,18.22,17,1
P007,HRTF_B,2,6.179,6.37,18.2,17,1
P007,HRTF_B,2,6.193,8.12,18.19,17,1
P007,HRTF_B,2,6.207,9.9,18.16,17,1
P007,HRTF_B,2,6.221,11.7,18.06,17,1
P007,HRTF_B,2,6.235,13.52,17.94,17,1
P007,HRTF_B,2,6.249,15.36,17.83,17,1
P007,HRTF_B,2,6.263,17.11,17.8,17,1
P007,HRTF_B,2,6.277,18.82,17.71,17,1
P007,HRTF_B,2,6.291,20.5,17.59,17,1
P007,HRTF_B,2,6.305,22.11,17.49,17,1
P007,HRTF_B,2,6.319,23.68,17.39,17,1
P007,HRTF_B,2,6.332,25.17,17.3,17,1
P007,HRTF_B,2,6.346,26.62,17.25,17,1
P007,HRTF_B,2,6.36,28.03,17.16,17,1
P007,HRTF_B,2,6.374,29.4,17.08,17,1
P007,HRTF_B,2,6.388,30.71,17.0,17,1
P007,HRTF_B,2,6.402,31.95,16.93,17,1
P007,HRTF_B,2,6.416,33.14,16.86,17,1
P007,HRTF_B,2,6.43,34.29,16.78,17,1
P007,HRTF_B,2,6.444,35.4,16.65,17,1
P007,HRTF_B,2,6.457,36.51,16.45,17,1
P007,HRTF_B,2,6.471,37.59,16.24,17,1
P007,HRTF_B,2,6.485,38.63,16.0,17,1
P007,HRTF_B,2,6.499,39.61,15.81,17,1
P007,HRTF_B,2,6.513,40.57,15.6,17,1
P007,HRTF_B,2,6.527,41.5,15.37,17,1
P007,HRTF_B,2,6.541,42.39,15.05,17,1
P007,HRTF_B,2,6.555,43.27,14.71,17,1
P007,HRTF_B,2,6.568,44.11,14.26,17,1
P007,HRTF_B,2,6.582,44.97,13.8,17,1
P007,HRTF_B,2,6.596,45.8,13.33,17,1
P007,HRTF_B,2,6.61,46.64,12.85,17,1
P007,HRTF_B,2,6.624,47.47,12.34,17,1
P007,HRTF_B,2,6.638,48.27,11.82,17,1
P007,HRTF_B,2,6.652,49.09,11.28,17,1
P007,HRTF_B,2,6.666,49.92,10.8,17,1
P007,HRTF_B,2,6.68,50.74,10.34,17,1
P007,HRTF_B,2,6.693,51.58,9.92,17,1
P007,HRTF_B,2,6.707,52.43,9.53,17,1
P007,HRTF_B,2,6.721,53.24,9.12,17,1
P007,HRTF_B,2,6.735,54.06,8.67,17,1
P007,HRTF_B,2,6.749,54.85,8.21,17,1
P007,HRTF_B,2,6.763,55.64,7.68,17,1
P007,HRTF_B,2,6.777,56.46,6.98,17,1
P007,HRTF_B,2,6.79,57.25,5.99,17,1
P007,HRTF_B,2,6.804,58.02,4.64,17,1
P007,HRTF_B,2,6.818,58.74,3.02,17,1
P007,HRTF_B,2,6.832,59.47,1.37,17,1
P007,HRTF_B,2,6.846,60.09,-0.39,17,1
P007,HRTF_B,2,6.862,60.69,-2.25,17,1
P007,HRTF_B,2,6.874,61.2,-4.17,17,1
P007,HRTF_B,2,6.888,61.69,-5.99,17,1
P007,HRTF_B,2,6.902,62.12,-7.66,17,1
P007,HRTF_B,2,6.916,62.55,-9.28,17,1
P007,HRTF_B,2,6.93,62.91,-10.87,17,1
P007,HRTF_B,2,6.943,63.3,-12.46,17,1
P007,HRTF_B,2,6.957,63.72,-14.04,17,1
P007,HRTF_B,2,6.971,64.14,-15.5,17,1
P007,HRTF_B,2,6.985,64.45,-16.65,17,1
P007,HRTF_B,2,6.999,64.67,-17.65,17,1
P007,HRTF_B,2,7.013,64.77,-18.58,17,1
P007,HRTF_B,2,7.027,64.86,-19.42,17,1
P007,HRTF_B,2,7.041,64.95,-20.23,17,1
P007,HRTF_B,2,7.055,65.08,-21.02,17,1
P007,HRTF_B,2,7.069,65.18,-21.67,17,1
P007,HRTF_B,2,7.082,65.2,-22.28,17,1
P007,HRTF_B,2,7.096,65.15,-22.86,17,1
P007,HRTF_B,2,7.11,65.06,-23.47,17,1
P007,HRTF_B,2,7.124,65.02,-24.16,17,1
P007,HRTF_B,2,7.138,65.04,-24.85,17,1
P007,HRTF_B,2,7.152,65.12,-25.55,17,1
P007,HRTF_B,2,7.166,65.19,-26.3,17,1
P007,HRTF_B,2,7.18,65.27,-27.13,17,1
P007,HRTF_B,2,7.193,65.37,-28.02,17,1
P007,HRTF_B,2,7.207,65.6,-28.92,17,1
P007,HRTF_B,2,7.221,65.83,-29.82,17,1
P007,HRTF_B,2,7.235,66.05,-30.71,17,1
P007,HRTF_B,2,7.249,66.23,-31.71,17,1
P007,HRTF_B,2,7.263,66.35,-32.87,17,1
P007,HRTF_B,2,7.277,66.46,-34.11,17,1
P007,HRTF_B,2,7.291,66.6,-35.35,17,1
P007,HRTF_B,2,7.304,66.79,-36.52,17,1
P007,HRTF_B,2,7.319,67.03,-37.68,17,1
P007,HRTF_B,2,7.332,67.27,-38.86,17,1
P007,HRTF_B,2,7.346,67.51,-40.04,17,1
P007,HRTF_B,2,7.36,67.77,-41.22,17,1
P007,HRTF_B,2,7.374,68.06,-42.39,17,1
P007,HRTF_B,2,7.388,68.36,-43.5,17,1
P007,HRTF_B,2,7.402,68.65,-44.56,17,1
P007,HRTF_B,2,7.416,68.88,-45.52,17,1
P007,HRTF_B,2,7.43,69.09,-46.42,17,1
P007,HRTF_B,2,7.444,69.29,-47.3,17,1
P007,HRTF_B,2,7.457,69.48,-48.12,17,1
P007,HRTF_B,2,7.471,69.66,-48.9,17,1
P007,HRTF_B,2,7.485,69.8,-49.58,17,1
P007,HRTF_B,2,7.499,69.93,-50.21,17,1
P007,HRTF_B,2,7.513,69.93,-50.74,17,1
P007,HRTF_B,2,7.527,69.87,-51.21,17,1
P007,HRTF_B,2,7.541,69.78,-51.66,17,1
P007,HRTF_B,2,7.554,69.62,-52.05,17,1
P007,HRTF_B,2,7.569,69.43,-52.41,17,1
P007,HRTF_B,2,7.583,69.2,-52.73,17,1
P007,HRTF_B,2,7.597,68.93,-53.02,17,1
P007,HRTF_B,2,7.61,68.65,-53.31,17,1
P007,HRTF_B,2,7.624,68.34,-53.61,17,1
P007,HRTF_B,2,7.638,68.01,-53.9,17,1
P007,HRTF_B,2,7.652,67.66,-54.15,17,1
P007,HRTF_B,2,7.666,67.27,-54.34,17,1
P007,HRTF_B,2,7.68,66.87,-54.49,17,1
P007,HRTF_B,2,7.693,66.49,-54.62,17,1
P007,HRTF_B,2,7.707,66.09,-54.75,17,1
P007,HRTF_B,2,7.721,65.66,-54.85,17,1
P007,HRTF_B,2,7.735,65.23,-54.94,17,1
P007,HRTF_B,2,7.749,64.9,-55.0,17,1
P007,HRTF_B,2,7.763,64.63,-55.03,17,1
P007,HRTF_B,2,7.777,64.36,-55.06,17,1
P007,HRTF_B,2,7.791,64.11,-55.07,17,1
P007,HRTF_B,2,7.805,63.81,-55.07,17,1
P007,HRTF_B,2,7.819,63.49,-55.08,17,1
P007,HRTF_B,2,7.832,63.16,-55.12,17,1
P007,HRTF_B,2,7.846,62.82,-55.16,17,1
P007,HRTF_B,2,7.86,62.48,-55.22,17,1
P007,HRTF_B,2,7.874,62.09,-55.26,17,1
P007,HRTF_B,2,7.888,61.68,-55.29,17,1
P007,HRTF_B,2,7.902,61.19,-55.32,17,1
P007,HRTF_B,2,7.916,60.59,-55.31,17,1
P007,HRTF_B,2,7.929,59.99,-55.26,17,1
P007,HRTF_B,2,7.943,59.39,-55.17,17,1
P007,HRTF_B,2,7.957,58.71,-55.08,17,1
P007,HRTF_B,2,7.971,57.95,-55.0,17,1
P007,HRTF_B,2,7.985,57.17,-54.93,17,1
P007,HRTF_B,2,7.999,56.32,-54.85,17,1
P007,HRTF_B,2,8.013,55.43,-54.77,17,1
P007,HRTF_B,2,8.027,54.54,-54.71,17,1
P007,HRTF_B,2,8.045,53.57,-54.65,17,1
P007,HRTF_B,2,8.055,52.54,-54.61,17,1
P007,HRTF_B,2,8.069,51.44,-54.57,17,1
P007,HRTF_B,2,8.082,50.28,-54.48,17,1
P007,HRTF_B,2,8.096,49.1,-54.36,17,1
P007,HRTF_B,2,8.11,47.83,-54.14,17,1
P007,HRTF_B,2,8.124,46.57,-53.85,17,1
P007,HRTF_B,2,8.138,45.23,-53.54,17,1
P007,HRTF_B,2,8.152,43.85,-53.22,17,1
P007,HRTF_B,2,8.166,42.41,-52.93,17,1
P007,HRTF_B,2,8.179,40.89,-52.66,17,1
P007,HRTF_B,2,8.194,39.33,-52.4,17,1
P007,HRTF_B,2,8.208,37.77,-52.14,17,1
P007,HRTF_B,2,8.221,36.2,-51.86,17,1
P007,HRTF_B,2,8.235,34.61,-51.56,17,1
P007,HRTF_B,2,8.249,33.02,-51.23,17,1
P007,HRTF_B,2,8.263,31.36,-50.91,17,1
P007,HRTF_B,2,8.277,29.65,-50.6,17,1
P007,HRTF_B,2,8.29,27.87,-50.3,17,1
P007,HRTF_B,2,8.305,26.02,-49.97,17,1
P007,HRTF_B,2,8.319,24.15,-49.63,17,1
P007,HRTF_B,2,8.332,22.27,-49.28,17,1
P007,HRTF_B,2,8.346,20.34,-48.96,17,1
P007,HRTF_B,2,8.36,18.46,-48.61,17,1
P007,HRTF_B,2,8.374,16.6,-48.21,17,1
P007,HRTF_B,2,8.388,14.75,-47.71,17,1
P007,HRTF_B,2,8.402,12.89,-47.11,17,1
P007,HRTF_B,2,8.416,11.0,-46.49,17,1
P007,HRTF_B,2,8.43,9.06,-45.91,17,1
P007,HRTF_B,2,8.443,7.1,-45.39,17,1
P007,HRTF_B,2,8.457,5.09,-44.97,17,1
P007,HRTF_B,2,8.471,3.08,-44.54,17,1
P007,HRTF_B,2,8.485,1.06,-44.1,17,1
P007,HRTF_B,2,8.499,-0.91,-43.67,17,1
P007,HRTF_B,2,8.513,-2.81,-43.3,17,1
P007,HRTF_B,2,8.527,-4.68,-42.97,17,1
P007,HRTF_B,2,8.541,-6.52,-42.65,17,1
P007,HRTF_B,2,8.554,-8.33,-42.39,17,1
P007,HRTF_B,2,8.568,-10.08,-42.18,17,1
P007,HRTF_B,2,8.583,-11.81,-42.0,17,1
P007,HRTF_B,2,8.596,-13.46,-41.85,17,1
P007,HRTF_B,2,8.61,-15.06,-41.68,17,1
P007,HRTF_B,2,8.624,-16.61,-41.49,17,1
P007,HRTF_B,2,8.638,-18.1,-41.25,17,1
P007,HRTF_B,2,8.652,-19.48,-40.96,17,1
P007,HRTF_B,2,8.666,-20.75,-40.59,17,1
P007,HRTF_B,2,8.68,-21.97,-40.18,17,1
P007,HRTF_B,2,8.693,-23.15,-39.73,17,1
P007,HRTF_B,2,8.707,-24.31,-39.28,17,1
P007,HRTF_B,2,8.721,-25.47,-38.82,17,1
P007,HRTF_B,2,8.735,-26.64,-38.35,17,1
P007,HRTF_B,2,8.749,-27.86,-37.87,17,1
P007,HRTF_B,2,8.763,-29.08,-37.4,17,1
P007,HRTF_B,2,8.777,-30.33,-36.95,17,1
P007,HRTF_B,2,8.79,-31.56,-36.53,17,1
P007,HRTF_B,2,8.804,-32.76,-36.1,17,1
P007,HRTF_B,2,8.819,-33.94,-35.61,17,1
P007,HRTF_B,2,8.832,-35.13,-35.09,17,1
P007,HRTF_B,2,8.846,-36.33,-34.56,17,1
P007,HRTF_B,2,8.86,-37.51,-34.08,17,1
P007,HRTF_B,2,8.874,-38.67,-33.66,17,1
P007,HRTF_B,2,8.887,-39.81,-33.28,17,1
P007,HRTF_B,2,8.902,-40.91,-32.91,17,1
P007,HRTF_B,2,8.915,-41.99,-32.52,17,1
P007,HRTF_B,2,8.93,-43.06,-32.16,17,1
P007,HRTF_B,2,8.944,-44.1,-31.79,17,1
P007,HRTF_B,2,8.957,-45.11,-31.47,17,1
P007,HRTF_B,2,8.971,-46.06,-31.2,17,1
P007,HRTF_B,2,8.985,-46.95,-30.96,17,1
P007,HRTF_B,2,8.999,-47.86,-30.77,17,1
P007,HRTF_B,2,9.013,-48.63,-30.61,17,1
P007,HRTF_B,2,9.027,-49.37,-30.43,17,1
P007,HRTF_B,2,9.04,-50.05,-30.26,17,1
P007,HRTF_B,2,9.054,-50.71,-30.08,17,1
P007,HRTF_B,2,9.068,-51.39,-29.95,17,1
P007,HRTF_B,2,9.082,-52.01,-29.86,17,1
P007,HRTF_B,2,9.096,-52.64,-29.79,17,1
P007,HRTF_B,2,9.11,-53.26,-29.8,17,1
P007,HRTF_B,2,9.124,-53.92,-29.86,17,1
P007,HRTF_B,2,9.138,-54.56,-30.05,17,1
P007,HRTF_B,2,9.152,-55.22,-30.33,17,1
P007,HRTF_B,2,9.166,-55.82,-30.71,17,1
P007,HRTF_B,2,9.179,-56.39,-31.19,17,1
P007,HRTF_B,2,9.193,-56.99,-31.71,17,1
P007,HRTF_B,2,9.207,-57.64,-32.23,17,1
P007,HRTF_B,2,9.223,-58.29,-32.71,17,1
P007,HRTF_B,2,9.235,-58.89,-33.13,17,1
P007,HRTF_B,2,9.249,-59.52,-33.48,17,1
P007,HRTF_B,2,9.263,-60.12,-33.77,17,1
P007,HRTF_B,2,9.277,-60.71,-34.0,17,1
P007,HRTF_B,2,9.29,-61.27,-34.14,17,1
P007,HRTF_B,2,9.304,-61.86,-34.22,17,1
P007,HRTF_B,2,9.318,-62.4,-34.25,17,1
P007,HRTF_B,2,9.332,-62.91,-34.22,17,1
P007,HRTF_B,2,9.346,-63.44,-34.17,17,1
P007,HRTF_B,2,9.36,-63.91,-34.05,17,1
P007,HRTF_B,2,9.374,-64.39,-33.84,17,1
P007,HRTF_B,2,9.388,-64.79,-33.49,17,1
P007,HRTF_B,2,9.401,-65.08,-32.96,17,1
P007,HRTF_B,2,9.416,-65.31,-32.36,17,1
P007,HRTF_B,2,9.429,-65.51,-31.69,17,1
P007,HRTF_B,2,9.443,-65.63,-30.96,17,1
P007,HRTF_B,2,9.457,-65.73,-30.13,17,1
P007,HRTF_B,2,9.471,-65.81,-29.23,17,1
P007,HRTF_B,2,9.485,-65.85,-28.25,17,1
P007,HRTF_B,2,9.499,-65.9,-27.31,17,1
P007,HRTF_B,2,9.513,-65.96,-26.49,17,1
P007,HRTF_B,2,9.526,-66.08,-25.8,17,1
P007,HRTF_B,2,9.54,-66.21,-25.2,17,1
P007,HRTF_B,2,9.554,-66.38,-24.72,17,1
P007,HRTF_B,2,9.568,-66.58,-24.14,17,1
P007,HRTF_B,2,9.582,-66.79,-23.53,17,1
P007,HRTF_B,2,9.596,-67.02,-22.99,17,1
P007,HRTF_B,2,9.61,-67.3,-22.55,17,1
P007,HRTF_B,2,9.624,-67.57,-22.19,17,1
P007,HRTF_B,2,9.638,-67.8,-21.81,17,1
P007,HRTF_B,2,9.652,-67.96,-21.34,17,1
P007,HRTF_B,2,9.665,-68.03,-20.74,17,1
P007,HRTF_B,2,9.68,-68.1,-20.02,17,1
P007,HRTF_B,2,9.693,-68.16,-19.28,17,1
P007,HRTF_B,2,9.707,-68.23,-18.58,17,1
P007,HRTF_B,2,9.721,-68.33,-17.9,17,1
P007,HRTF_B,2,9.735,-68.51,-17.26,17,1
P007,HRTF_B,2,9.749,-68.7,-16.86,17,1
P007,HRTF_B,2,9.763,-68.97,-16.61,17,1
P007,HRTF_B,2,9.777,-69.28,-16.55,17,1
P007,HRTF_B,2,9.79,-69.58,-16.5,17,1
P007,HRTF_B,2,9.804,-69.84,-16.39,17,1
P007,HRTF_B,2,9.818,-70.08,-16.17,17,1
P007,HRTF_B,2,9.832,-70.32,-15.88,17,1
P007,HRTF_B,2,9.846,-70.57,-15.55,17,1
P007,HRTF_B,2,9.86,-70.86,-15.17,17,1
P007,HRTF_B,2,9.874,-71.16,-14.8,17,1
P007,HRTF_B,2,9.888,-71.49,-14.52,17,1
P007,HRTF_B,2,9.901,-71.82,-14.26,17,1
P007,HRTF_B,2,9.915,-72.15,-14.03,17,1
P007,HRTF_B,2,9.929,-72.49,-13.76,17,1
P007,HRTF_B,2,9.943,-72.83,-13.43,17,1
P007,HRTF_B,2,9.957,-73.19,-13.05,17,1
P007,HRTF_B,2,9.971,-73.56,-12.66,17,1
P007,HRTF_B,2,9.985,-73.9,-12.31,17,1
P007,HRTF_B,2,9.999,-74.26,-12.03,17,1
P007,HRTF_B,2,10.012,-74.58,-11.78,17,1
P007,HRTF_B,2,10.026,-74.92,-11.49,17,1
P007,HRTF_B,2,10.041,-75.24,-11.22,17,1
P007,HRTF_B,2,10.054,-75.6,-10.94,17,1
P007,HRTF_B,2,10.068,-75.97,-10.69,17,1
P007,HRTF_B,2,10.082,-76.33,-10.47,17,1
P007,HRTF_B,2,10.096,-76.71,-10.21,17,1
P007,HRTF_B,2,10.11,-77.12,-9.88,17,1
P007,HRTF_B,2,10.124,-77.53,-9.5,17,1
P007,HRTF_B,2,10.138,-77.98,-9.09,17,1
P007,HRTF_B,2,10.152,-78.4,-8.66,17,1
P007,HRTF_B,2,10.166,-78.86,-8.18,17,1
P007,HRTF_B,2,10.179,-79.31,-7.64,17,1
P007,HRTF_B,2,10.193,-79.73,-7.01,17,1
P007,HRTF_B,2,10.207,-80.21,-6.25,17,1
P007,HRTF_B,2,10.221,-80.61,-5.44,17,1
P007,HRTF_B,2,10.235,-81.04,-4.55,17,1
P007,HRTF_B,2,10.249,-81.4,-3.56,17,1
P007,HRTF_B,2,10.263,-81.76,-2.48,17,1
P007,HRTF_B,2,10.276,-82.14,-1.39,17,1
P007,HRTF_B,2,10.291,-82.56,-0.4,17,1
P007,HRTF_B,2,10.304,-83.06,0.37,17,1
P007,HRTF_B,2,10.318,-83.67,0.9,17,1
P007,HRTF_B,2,10.332,-84.39,1.32,17,1
P007,HRTF_B,2,10.346,-85.11,1.74,17,1
P007,HRTF_B,2,10.36,-85.82,2.21,17,1
P007,HRTF_B,2,10.374,-86.5,2.75,17,1
P007,HRTF_B,2,10.387,-87.15,3.31,17,1
P007,HRTF_B,2,10.404,-87.79,3.8,17,1
P007,HRTF_B,2,10.417,-88.45,4.17,17,1
P007,HRTF_B,2,10.429,-89.1,4.5,17,1
P007,HRTF_B,2,10.443,-89.74,4.84,17,1
P007,HRTF_B,2,10.457,-90.36,5.25,17,1
P007,HRTF_B,2,10.47,-90.99,5.64,17,1
P007,HRTF_B,2,10.485,-91.65,5.96,17,1
P007,HRTF_B,2,10.499,-92.37,6.14,17,1
P007,HRTF_B,2,10.512,-93.13,6.19,17,1
P007,HRTF_B,2,10.526,-93.88,6.25,17,1
P007,HRTF_B,2,10.54,-94.62,6.35,17,1
P007,HRTF_B,2,10.554,-95.32,6.51,17,1
P007,HRTF_B,2,10.568,-96.0,6.66,17,1
P007,HRTF_B,2,10.582,-96.68,6.77,17,1
P007,HRTF_B,2,10.596,-97.34,6.83,17,1
P007,HRTF_B,2,10.61,-97.99,6.85,17,1
P007,HRTF_B,2,10.624,-98.63,6.84,17,1
P007,HRTF_B,2,10.637,-99.24,6.78,17,1
P007,HRTF_B,2,10.651,-99.82,6.54,17,1
P007,HRTF_B,2,10.665,-100.42,6.16,17,1
P007,HRTF_B,2,10.679,-100.97,5.72,17,1
P007,HRTF_B,2,10.693,-101.51,5.25,17,1
P007,HRTF_B,2,10.707,-102.06,4.76,17,1
P007,HRTF_B,2,10.721,-102.66,4.05,17,1
P007,HRTF_B,2,10.734,-103.29,3.22,17,1
P007,HRTF_B,2,10.748,-103.89,2.33,17,1
P007,HRTF_B,2,10.762,-104.43,1.46,17,1
P007,HRTF_B,2,10.776,-104.92,0.66,17,1
P007,HRTF_B,2,10.79,-105.42,-0.16,17,1
P007,HRTF_B,2,10.804,-105.97,-1.18,17,1
P007,HRTF_B,2,10.818,-106.59,-2.43,17,1
P007,HRTF_B,2,10.832,-107.22,-3.78,17,1
P007,HRTF_B,2,10.846,-107.74,-5.04,17,1
P007,HRTF_B,2,10.86,-108.16,-6.17,17,1
P007,HRTF_B,2,10.874,-108.56,-7.2,17,1
P007,HRTF_B,2,10.888,-108.94,-8.21,17,1
P007,HRTF_B,2,10.901,-109.34,-9.25,17,1
P007,HRTF_B,2,10.915,-109.72,-10.3,17,1
P007,HRTF_B,2,10.929,-110.04,-11.3,17,1
P007,HRTF_B,2,10.943,-110.3,-12.17,17,1
P007,HRTF_B,2,10.956,-110.52,-12.98,17,1
P007,HRTF_B,2,10.97,-110.75,-13.85,17,1
P007,HRTF_B,2,10.984,-111.04,-14.9,17,1
P007,HRTF_B,2,10.999,-111.37,-16.2,17,1
P007,HRTF_B,2,11.012,-111.68,-17.58,17,1
P007,HRTF_B,2,11.026,-111.9,-18.88,17,1
P007,HRTF_B,2,11.04,-112.1,-20.13,17,1
P007,HRTF_B,2,11.054,-112.28,-21.44,17,1
P007,HRTF_B,2,11.068,-112.48,-22.82,17,1
P007,HRTF_B,2,11.082,-112.67,-24.25,17,1
P007,HRTF_B,2,11.096,-112.8,-25.61,17,1
P007,HRTF_B,2,11.11,-112.88,-26.88,17,1
P007,HRTF_B,2,11.124,-112.86,-28.08,17,1
P007,HRTF_B,2,11.137,-112.83,-29.29,17,1
P007,HRTF_B,2,11.151,-112.78,-30.64,17,1
P007,HRTF_B,2,11.165,-112.7,-32.0,17,1
P007,HRTF_B,2,11.179,-112.58,-33.34,17,1
P007,HRTF_B,2,11.193,-112.41,-34.61,17,1
P007,HRTF_B,2,11.207,-112.2,-35.8,17,1
P007,HRTF_B,2,11.221,-111.9,-36.98,17,1
P007,HRTF_B,2,11.235,-111.54,-38.16,17,1
P007,HRTF_B,2,11.248,-111.12,-39.32,17,1
P007,HRTF_B,2,11.263,-110.63,-40.4,17,1
P007,HRTF_B,2,11.276,-110.06,-41.37,17,1
P007,HRTF_B,2,11.29,-109.44,-42.22,17,1
P007,HRTF_B,2,11.304,-108.74,-42.97,17,1
P007,HRTF_B,2,11.318,-108.02,-43.7,17,1
P007,HRTF_B,2,11.332,-107.34,-44.41,17,1
P007,HRTF_B,2,11.345,-106.65,-45.14,17,1
P007,HRTF_B,2,11.359,-105.93,-45.8,17,1
P007,HRTF_B,2,11.373,-105.2,-46.39,17,1
P007,HRTF_B,2,11.387,-104.48,-46.96,17,1
P007,HRTF_B,2,11.402,-103.75,-47.54,17,1
P007,HRTF_B,2,11.415,-103.02,-48.16,17,1
P007,HRTF_B,2,11.429,-102.3,-48.78,17,1
P007,HRTF_B,2,11.443,-101.59,-49.37,17,1
P007,HRTF_B,2,11.457,-100.91,-49.92,17,1
P007,HRTF_B,2,11.471,-100.22,-50.44,17,1
P007,HRTF_B,2,11.485,-99.55,-50.97,17,1
P007,HRTF_B,2,11.499,-98.84,-51.47,17,1
P007,HRTF_B,2,11.512,-98.07,-51.95,17,1
P007,HRTF_B,2,11.526,-97.24,-52.37,17,1
P007,HRTF_B,2,11.54,-96.43,-52.77,17,1
P007,HRTF_B,2,11.554,-95.66,-53.19,17,1
P007,HRTF_B,2,11.568,-95.0,-53.62,17,1
P007,HRTF_B,2,11.582,-94.35,-54.1,17,1
P007,HRTF_B,2,11.596,-93.68,-54.57,17,1
P007,HRTF_B,2,11.61,-92.95,-54.98,17,1
P007,HRTF_B,2,11.624,-92.15,-55.33,17,1
P007,HRTF_B,2,11.638,-91.3,-55.62,17,1
P007,HRTF_B,2,11.651,-90.4,-55.89,17,1
P007,HRTF_B,2,11.665,-89.39,-56.13,17,1
P007,HRTF_B,2,11.679,-88.22,-56.32,17,1
P007,HRTF_B,2,11.693,-86.88,-56.47,17,1
P007,HRTF_B,2,11.707,-85.31,-56.64,17,1
P007,HRTF_B,2,11.721,-83.57,-56.71,17,1
P007,HRTF_B,2,11.735,-81.7,-56.71,17,1
P007,HRTF_B,2,11.749,-79.79,-56.7,17,1
P007,HRTF_B,2,11.762,-77.78,-56.75,17,1
P007,HRTF_B,2,11.777,-75.69,-56.88,17,1
P007,HRTF_B,2,11.79,-73.42,-57.07,17,1
P007,HRTF_B,2,11.804,-70.96,-57.3,17,1
P007,HRTF_B,2,11.818,-68.4,-57.51,17,1
P007,HRTF_B,2,11.832,-65.73,-57.68,17,1
P007,HRTF_B,2,11.846,-63.1,-57.78,17,1
P007,HRTF_B,2,11.86,-60.42,-57.89,17,1
P007,HRTF_B,2,11.874,-57.71,-58.01,17,1
P007,HRTF_B,2,11.887,-54.95,-58.16,17,1
P007,HRTF_B,2,11.901,-52.21,-58.28,17,1
P007,HRTF_B,2,11.915,-49.53,-58.35,17,1
P007,HRTF_B,2,11.929,-46.99,-58.38,17,1
P007,HRTF_B,2,11.943,-44.58,-58.34,17,1
P007,HRTF_B,2,11.957,-42.45,-58.23,17,1
P007,HRTF_B,2,11.971,-40.28,-58.14,17,1
P007,HRTF_B,2,11.985,-38.08,-58.04,17,1
P007,HRTF_B,2,11.999,-35.83,-57.91,17,1
P007,HRTF_B,2,12.013,-33.66,-57.75,17,1
P007,HRTF_B,2,12.026,-31.56,-57.57,17,1
P007,HRTF_B,2,12.04,-29.55,-57.4,17,1
P007,HRTF_B,2,12.054,-27.65,-57.19,17,1
P007,HRTF_B,2,12.068,-25.86,-56.96,17,1
P007,HRTF_B,2,12.082,-24.12,-56.7,17,1
P007,HRTF_B,2,12.096,-22.49,-56.43,17,1
P007,HRTF_B,2,12.11,-21.02,-56.12,17,1
P007,HRTF_B,2,12.124,-19.7,-55.74,17,1
P007,HRTF_B,2,12.138,-18.33,-55.39,17,1
P007,HRTF_B,2,12.151,-17.02,-55.01,17,1
P007,HRTF_B,2,12.165,-15.71,-54.72,17,1
P007,HRTF_B,2,12.179,-14.5,-54.41,17,1
P007,HRTF_B,2,12.193,-13.17,-54.21,17,1
P007,HRTF_B,2,12.207,-12.0,-54.01,17,1
P007,HRTF_B,2,12.221,-10.82,-53.9,17,1
P007,HRTF_B,2,12.235,-9.85,-53.72,17,1
P007,HRTF_B,2,12.248,-9.04,-53.59,17,1
P007,HRTF_B,2,12.262,-8.21,-53.5,17,1
P007,HRTF_B,2,12.276,-7.42,-53.45,17,1
P007,HRTF_B,2,12.29,-6.7,-53.42,17,1
P007,HRTF_B,2,12.304,-6.1,-53.41,17,1
P007,HRTF_B,2,12.318,-5.54,-53.42,17,1
P007,HRTF_B,2,12.332,-4.95,-53.44,17,1
P007,HRTF_B,2,12.345,-4.28,-53.44,17,1
P007,HRTF_B,2,12.36,-3.53,-53.49,17,1
P007,HRTF_B,2,12.373,-2.84,-53.53,17,1
P007,HRTF_B,2,12.387,-2.16,-53.65,17,1
P007,HRTF_B,2,12.401,-1.57,-53.77,17,1
P007,HRTF_B,2,12.415,-1.06,-53.9,17,1
P007,HRTF_B,2,12.429,-0.53,-54.02,17,1
P007,HRTF_B,2,12.443,0.0,-54.09,17,1
P007,HRTF_B,2,12.457,0.57,-54.12,17,1
P007,HRTF_B,2,12.471,1.16,-54.1,17,1
P007,HRTF_B,2,12.484,1.9,-54.11,17,1
P007,HRTF_B,2,12.498,2.76,-54.14,17,1
P007,HRTF_B,2,12.512,3.81,-54.21,17,1
P007,HRTF_B,2,12.526,4.99,-54.21,17,1
P007,HRTF_B,2,12.54,6.13,-54.18,17,1
P007,HRTF_B,2,12.554,7.25,-54.09,17,1
P007,HRTF_B,2,12.568,8.31,-53.99,17,1
P007,HRTF_B,2,12.582,9.48,-53.89,17,1
P007,HRTF_B,2,12.596,10.68,-53.88,17,1
P007,HRTF_B,2,12.61,12.03,-53.89,17,1
P007,HRTF_B,2,12.623,13.48,-53.88,17,1
P007,HRTF_B,2,12.637,15.05,-53.8,17,1
P007,HRTF_B,2,12.651,16.63,-53.71,17,1
P007,HRTF_B,2,12.665,18.08,-53.57,17,1
P007,HRTF_B,2,12.679,19.43,-53.41,17,1
P007,HRTF_B,2,12.693,20.81,-53.27,17,1
P007,HRTF_B,2,12.707,22.14,-53.12,17,1
P007,HRTF_B,2,12.721,23.36,-53.0,17,1
P007,HRTF_B,2,12.735,24.52,-52.9,17,1
P007,HRTF_B,2,12.749,25.63,-52.8,17,1
P007,HRTF_B,2,12.764,26.65,-52.71,17,1
P007,HRTF_B,2,12.776,27.63,-52.58,17,1
P007,HRTF_B,2,12.79,28.53,-52.44,17,1
P007,HRTF_B,2,12.804,29.35,-52.23,17,1
P007,HRTF_B,2,12.818,30.18,-52.0,17,1
P007,HRTF_B,2,12.832,31.03,-51.74,17,1
P007,HRTF_B,2,12.846,31.89,-51.41,17,1
P007,HRTF_B,2,12.859,32.8,-51.05,17,1
P007,HRTF_B,2,12.874,33.7,-50.63,17,1
P007,HRTF_B,2,12.887,34.58,-50.1,17,1
P007,HRTF_B,2,12.901,35.5,-49.57,17,1
P007,HRTF_B,2,12.915,36.51,-49.03,17,1
P007,HRTF_B,2,12.929,37.61,-48.51,17,1
P007,HRTF_B,2,12.943,38.74,-47.94,17,1
P007,HRTF_B,2,12.957,39.89,-47.34,17,1
P007,HRTF_B,2,12.97,41.0,-46.66,17,1
P007,HRTF_B,2,12.985,42.06,-45.92,17,1
P007,HRTF_B,2,12.999,43.12,-45.15,17,1
P007,HRTF_B,2,13.012,44.06,-44.34,17,1
P007,HRTF_B,2,13.026,44.93,-43.54,17,1
P007,HRTF_B,2,13.04,45.85,-42.8,17,1
P007,HRTF_B,2,13.054,46.68,-42.09,17,1
P007,HRTF_B,2,13.068,47.46,-41.37,17,1
P007,HRTF_B,2,13.082,48.17,-40.58,17,1
P007,HRTF_B,2,13.096,48.84,-39.8,17,1
P007,HRTF_B,2,13.109,49.46,-39.07,17,1
P007,HRTF_B,2,13.123,50.07,-38.35,17,1
P007,HRTF_B,2,13.137,50.73,-37.69,17,1
P007,HRTF_B,2,13.151,51.41,-37.09,17,1
P007,HRTF_B,2,13.165,52.11,-36.5,17,1
P007,HRTF_B,2,13.179,52.84,-35.9,17,1
P007,HRTF_B,2,13.193,53.51,-35.25,17,1
P007,HRTF_B,2,13.207,54.17,-34.44,17,1
P007,HRTF_B,2,13.22,54.84,-33.52,17,1
P007,HRTF_B,2,13.234,55.44,-32.44,17,1
P007,HRTF_B,2,13.248,56.06,-31.28,17,1
P007,HRTF_B,2,13.262,56.58,-30.03,17,1
P007,HRTF_B,2,13.276,57.15,-28.8,17,1
P007,HRTF_B,2,13.29,57.77,-27.6,17,1
P007,HRTF_B,2,13.304,58.5,-26.38,17,1
P007,HRTF_B,2,13.318,59.3,-25.26,17,1
P007,HRTF_B,2,13.331,60.19,-24.08,17,1
P007,HRTF_B,2,13.345,61.13,-22.8,17,1
P007,HRTF_B,2,13.359,62.07,-21.51,17,1
P007,HRTF_B,2,13.374,62.94,-20.19,17,1
P007,HRTF_B,2,13.387,63.79,-18.92,17,1
P007,HRTF_B,2,13.401,64.7,-17.76,17,1
P007,HRTF_B,2,13.415,65.63,-16.77,17,1
P007,HRTF_B,2,13.429,66.58,-15.75,17,1
P007,HRTF_B,2,13.443,67.56,-14.73,17,1
P007,HRTF_B,2,13.457,68.57,-13.74,17,1
P007,HRTF_B,2,13.471,69.61,-12.95,17,1
P007,HRTF_B,2,13.484,70.59,-12.16,17,1
P007,HRTF_B,2,13.498,71.59,-11.53,17,1
P007,HRTF_B,2,13.512,72.56,-10.94,17,1
P007,HRTF_B,2,13.526,73.48,-10.51,17,1
P007,HRTF_B,2,13.54,74.33,-10.15,17,1
P007,HRTF_B,2,13.554,75.07,-9.9,17,1
P007,HRTF_B,2,13.568,75.71,-9.71,17,1
P007,HRTF_B,2,13.581,76.31,-9.56,17,1
P007,HRTF_B,2,13.595,76.83,-9.38,17,1
P007,HRTF_B,2,13.609,77.37,-9.28,17,1
P007,HRTF_B,2,13.623,77.88,-9.19,17,1
P007,HRTF_B,2,13.637,78.29,-9.14,17,1
P007,HRTF_B,2,13.651,78.63,-9.01,17,1
P007,HRTF_B,2,13.665,78.91,-8.8,17,1
P007,HRTF_B,2,13.679,79.14,-8.46,17,1
P007,HRTF_B,2,13.693,79.34,-7.95,17,1
P007,HRTF_B,2,13.706,79.51,-7.35,17,1
P007,HRTF_B,2,13.721,79.72,-6.7,17,1
P007,HRTF_B,2,13.735,79.92,-6.02,17,1
P007,HRTF_B,2,13.748,80.14,-5.29,17,1
P007,HRTF_B,2,13.762,80.39,-4.5,17,1
P007,HRTF_B,2,13.776,80.7,-3.65,17,1
P007,HRTF_B,2,13.79,81.0,-2.84,17,1
P007,HRTF_B,2,13.804,81.25,-2.09,17,1
P007,HRTF_B,2,13.818,81.46,-1.43,17,1
P007,HRTF_B,2,13.831,81.61,-0.79,17,1
P007,HRTF_B,2,13.845,81.82,-0.28,17,1
P007,HRTF_B,2,13.859,82.03,0.29,17,1
P007,HRTF_B,2,13.873,82.27,0.84,17,1
P007,HRTF_B,2,13.887,82.46,1.37,17,1
P007,HRTF_B,2,13.901,82.55,1.88,17,1
P007,HRTF_B,2,13.915,82.64,2.32,17,1
P007,HRTF_B,2,13.929,82.78,2.7,17,1
P007,HRTF_B,2,13.942,82.99,3.04,17,1
P007,HRTF_B,2,13.957,83.3,3.43,17,1
P007,HRTF_B,2,13.97,83.69,3.77,17,1
P007,HRTF_B,2,13.984,84.1,4.04,17,1
P007,HRTF_B,2,13.998,84.5,4.22,17,1
P007,HRTF_B,2,14.012,84.95,4.33,17,1
P007,HRTF_B,2,14.026,85.43,4.39,17,1
P007,HRTF_B,2,14.04,85.98,4.41,17,1
P007,HRTF_B,2,14.053,86.59,4.42,17,1
P007,HRTF_B,2,14.067,87.25,4.39,17,1
P007,HRTF_B,2,14.081,87.9,4.32,17,1
P007,HRTF_B,2,14.095,88.55,4.2,17,1
P007,HRTF_B,2,14.109,89.2,4.03,17,1
P007,HRTF_B,2,14.123,89.85,3.94,17,1
P007,HRTF_B,2,14.137,90.55,3.91,17,1
P007,HRTF_B,2,14.151,91.28,3.95,17,1
P007,HRTF_B,2,14.165,92.01,4.02,17,1
P007,HRTF_B,2,14.179,92.7,4.05,17,1
P007,HRTF_B,2,14.193,93.36,4.03,17,1
P007,HRTF_B,2,14.206,93.98,3.98,17,1
P007,HRTF_B,2,14.22,94.58,3.95,17,1
P007,HRTF_B,2,14.234,95.12,3.99,17,1
P007,HRTF_B,2,14.248,95.62,4.02,17,1
P007,HRTF_B,2,14.262,96.04,4.02,17,1
P007,HRTF_B,2,14.276,96.38,3.95,17,1
P007,HRTF_B,2,14.29,96.67,3.88,17,1
P007,HRTF_B,2,14.303,96.92,3.84,17,1
P007,HRTF_B,2,14.318,97.14,3.85,17,1
P007,HRTF_B,2,14.331,97.35,3.93,17,1
P007,HRTF_B,2,14.345,97.56,4.01,17,1
P007,HRTF_B,2,14.36,97.76,4.08,17,1
P007,HRTF_B,2,14.373,97.98,4.15,17,1
P007,HRTF_B,2,14.387,98.24,4.26,17,1
P007,HRTF_B,2,14.401,98.53,4.51,17,1
P007,HRTF_B,2,14.415,98.84,4.89,17,1
P007,HRTF_B,2,14.428,99.2,5.26,17,1
P007,HRTF_B,2,14.443,99.58,5.62,17,1
P007,HRTF_B,2,14.456,99.97,5.93,17,1
P007,HRTF_B,2,14.47,100.44,6.3,17,1
P007,HRTF_B,2,14.484,100.98,6.72,17,1
P007,HRTF_B,2,14.498,101.55,7.27,17,1
P007,HRTF_B,2,14.512,102.2,7.86,17,1
P007,HRTF_B,2,14.526,102.84,8.52,17,1
P007,HRTF_B,2,14.54,103.47,9.16,17,1
P007,HRTF_B,2,14.554,104.13,9.78,17,1
P007,HRTF_B,2,14.567,104.85,10.33,17,1
P007,HRTF_B,2,14.581,105.64,10.83,17,1
P007,HRTF_B,2,14.595,106.49,11.34,17,1
P007,HRTF_B,2,14.609,107.33,11.88,17,1
P007,HRTF_B,2,14.623,108.23,12.43,17,1
P007,HRTF_B,2,14.637,109.16,13.0,17,1
P007,HRTF_B,2,14.65,110.1,13.54,17,1
P007,HRTF_B,2,14.665,111.09,14.05,17,1
P007,HRTF_B,2,14.678,112.13,14.52,17,1
P007,HRTF_B,2,14.693,113.18,15.0,17,1
P007,HRTF_B,2,14.706,114.25,15.57,17,1
P007,HRTF_B,2,14.72,115.31,16.12,17,1
P007,HRTF_B,2,14.734,116.36,16.64,17,1
P007,HRTF_B,2,14.748,117.41,17.06,17,1
P007,HRTF_B,2,14.762,118.46,17.36,17,1
P007,HRTF_B,2,14.776,119.55,17.55,17,1
P007,HRTF_B,2,14.789,120.64,17.71,17,1
P007,HRTF_B,2,14.803,121.72,17.94,17,1
P007,HRTF_B,2,14.818,122.78,18.26,17,1
P007,HRTF_B,2,14.831,123.79,18.6,17,1
P007,HRTF_B,2,14.845,124.74,18.88,17,1
P007,HRTF_B,2,14.859,125.64,19.09,17,1
P007,HRTF_B,2,14.873,126.5,19.25,17,1
P007,HRTF_B,2,14.887,127.28,19.39,17,1
P007,HRTF_B,2,14.9,127.98,19.55,17,1
P007,HRTF_B,2,14.914,128.64,19.68,17,1
P007,HRTF_B,2,14.928,129.28,19.79,17,1
P007,HRTF_B,2,14.942,129.94,19.86,17,1
P007,HRTF_B,2,14.956,130.54,19.9,17,1
P007,HRTF_B,2,14.97,131.1,19.91,17,1
P007,HRTF_B,2,14.984,131.61,19.95,17,1
P007,HRTF_B,2,14.998,132.09,19.99,17,1
P007,HRTF_B,2,15.012,132.53,19.99,17,1
P007,HRTF_B,2,15.026,132.98,19.95,17,1
P007,HRTF_B,2,15.04,133.4,19.88,17,1
P007,HRTF_B,2,15.054,133.82,19.79,17,1
P007,HRTF_B,2,15.067,134.21,19.72,17,1
P007,HRTF_B,2,15.082,134.55,19.68,17,1
P007,HRTF_B,2,15.095,134.86,19.62,17,1
P007,HRTF_B,2,15.109,135.16,19.51,17,1
P007,HRTF_B,2,15.123,135.46,19.33,17,1
P007,HRTF_B,2,15.137,135.76,19.09,17,1
P007,HRTF_B,2,15.151,136.06,18.84,17,1
P007,HRTF_B,2,15.165,136.37,18.57,17,1
P007,HRTF_B,2,15.178,136.65,18.24,17,1
P007,HRTF_B,2,15.192,136.94,17.78,17,1
P007,HRTF_B,2,15.206,137.18,17.16,17,1
P007,HRTF_B,2,15.22,137.38,16.38,17,1
P007,HRTF_B,2,15.234,137.46,15.42,17,1
P007,HRTF_B,2,15.248,137.42,14.32,17,1
P007,HRTF_B,2,15.262,137.33,13.19,17,1
P007,HRTF_B,2,15.276,136.95,11.77,17,1
P007,HRTF_B,2,15.289,136.51,10.35,17,1
P007,HRTF_B,2,15.304,135.93,8.87,17,1
P007,HRTF_B,2,15.317,135.23,7.31,17,1
P007,HRTF_B,2,15.331,134.38,5.88,17,1
P007,HRTF_B,2,15.345,133.45,4.49,17,1
P007,HRTF_B,2,15.359,132.41,3.22,17,1
P007,HRTF_B,2,15.373,131.16,2.06,17,1
P007,HRTF_B,2,15.387,129.82,0.9,17,1
P007,HRTF_B,2,15.401,128.32,-0.19,17,1
P007,HRTF_B,2,15.415,126.74,-1.15,17,1
P007,HRTF_B,2,15.428,125.05,-2.0,17,1
P007,HRTF_B,2,15.443,123.3,-2.74,17,1
P007,HRTF_B,2,15.456,121.49,-3.37,17,1
P007,HRTF_B,2,15.47,119.65,-4.01,17,1
P007,HRTF_B,2,15.484,117.77,-4.65,17,1
P007,HRTF_B,2,15.498,115.86,-5.15,17,1
P007,HRTF_B,2,15.512,113.99,-5.55,17,1
P007,HRTF_B,2,15.526,112.22,-5.84,17,1
P007,HRTF_B,2,15.539,110.48,-6.16,17,1
P007,HRTF_B,2,15.554,108.78,-6.59,17,1
P007,HRTF_B,2,15.567,107.17,-7.1,17,1
P007,HRTF_B,2,15.581,105.67,-7.53,17,1
P007,HRTF_B,2,15.595,104.3,-7.86,17,1
P007,HRTF_B,2,15.609,103.05,-8.14,17,1
P007,HRTF_B,2,15.623,101.88,-8.46,17,1
P007,HRTF_B,2,15.637,100.85,-8.8,17,1
P007,HRTF_B,2,15.651,99.93,-9.14,17,1
P007,HRTF_B,2,15.665,99.17,-9.41,17,1
P007,HRTF_B,2,15.679,98.55,-9.59,17,1
P007,HRTF_B,2,15.692,97.97,-9.76,17,1
P007,HRTF_B,2,15.707,97.46,-10.01,17,1
P007,HRTF_B,2,15.72,96.97,-10.37,17,1
P007,HRTF_B,2,15.734,96.54,-10.82,17,1
P007,HRTF_B,2,15.748,96.21,-11.26,17,1
P007,HRTF_B,2,15.762,95.89,-11.61,17,1
P007,HRTF_B,2,15.776,95.53,-11.96,17,1
P007,HRTF_B,2,15.79,95.1,-12.39,17,1
P007,HRTF_B,2,15.804,94.59,-12.9,17,1
P007,HRTF_B,2,15.817,94.07,-13.45,17,1
P007,HRTF_B,2,15.831,93.57,-13.95,17,1
P007,HRTF_B,2,15.845,93.02,-14.39,17,1
P007,HRTF_B,2,15.859,92.42,-14.78,17,1
P007,HRTF_B,2,15.873,91.73,-15.13,17,1
P007,HRTF_B,2,15.887,90.96,-15.48,17,1
P007,HRTF_B,2,15.901,90.19,-15.85,17,1
P007,HRTF_B,2,15.915,89.42,-16.14,17,1
P007,HRTF_B,2,15.929,88.65,-16.36,17,1
P007,HRTF_B,2,15.942,87.92,-16.5,17,1
P007,HRTF_B,2,15.957,87.19,-16.67,17,1
P007,HRTF_B,2,15.97,86.45,-16.87,17,1
P007,HRTF_B,2,15.984,85.71,-17.12,17,1
P007,HRTF_B,2,15.998,84.97,-17.35,17,1
P007,HRTF_B,2,16.012,84.28,-17.46,17,1
P007,HRTF_B,2,16.026,83.6,-17.55,17,1
P007,HRTF_B,2,16.04,82.93,-17.61,17,1
P007,HRTF_B,2,16.054,82.31,-17.72,17,1
P007,HRTF_B,2,16.068,81.68,-17.82,17,1
P007,HRTF_B,2,16.082,81.08,-17.94,17,1
P007,HRTF_B,2,16.095,80.5,-18.05,17,1
P007,HRTF_B,2,16.109,79.92,-18.15,17,1
P007,HRTF_B,2,16.123,79.4,-18.2,17,1
P007,HRTF_B,2,16.137,78.86,-18.2,17,1
P007,HRTF_B,2,16.151,78.36,-18.18,17,1
P007,HRTF_B,2,16.165,77.84,-18.2,17,1
P007,HRTF_B,2,16.178,77.32,-18.22,17,1
P007,HRTF_B,2,16.192,76.8,-18.17,17,1
P007,HRTF_B,2,16.206,76.26,-18.07,17,1
P007,HRTF_B,2,16.22,75.72,-17.99,17,1
P007,HRTF_B,2,16.234,75.16,-17.94,17,1
P007,HRTF_B,2,16.248,74.55,-17.92,17,1
P007,HRTF_B,2,16.262,73.91,-17.92,17,1
P007,HRTF_B,2,16.275,73.26,-17.9,17,1
P007,HRTF_B,2,16.289,72.58,-17.86,17,1
P007,HRTF_B,2,16.303,71.91,-17.79,17,1
P007,HRTF_B,2,16.317,71.22,-17.8,17,1
P007,HRTF_B,2,16.331,70.57,-17.88,17,1
P007,HRTF_B,2,16.345,69.94,-17.94,17,1
P007,HRTF_B,2,16.359,69.29,-17.98,17,1
P007,HRTF_B,2,16.373,68.66,-17.98,17,1
P007,HRTF_B,2,16.387,67.99,-17.98,17,1
P007,HRTF_B,2,16.401,67.27,-18.09,17,1
P007,HRTF_B,2,16.414,66.56,-18.26,17,1
P007,HRTF_B,2,16.428,65.83,-18.44,17,1
P007,HRTF_B,2,16.442,65.17,-18.58,17,1
P007,HRTF_B,2,16.456,64.54,-18.66,17,1
P007,HRTF_B,2,16.47,63.92,-18.7,17,1
P007,HRTF_B,2,16.484,63.29,-18.75,17,1
P007,HRTF_B,2,16.498,62.66,-18.86,17,1
P007,HRTF_B,2,16.512,62.0,-19.05,17,1
P007,HRTF_B,2,16.526,61.34,-19.32,17,1
P007,HRTF_B,2,16.54,60.69,-19.6,17,1
P007,HRTF_B,2,16.553,60.07,-19.79,17,1
P007,HRTF_B,2,16.567,59.46,-19.91,17,1
P007,HRTF_B,2,16.581,58.87,-20.04,17,1
P007,HRTF_B,2,16.595,58.23,-20.16,17,1
P007,HRTF_B,2,16.609,57.6,-20.3,17,1
P007,HRTF_B,2,16.623,56.97,-20.48,17,1
P007,HRTF_B,2,16.637,56.32,-20.65,17,1
P007,HRTF_B,2,16.651,55.65,-20.76,17,1
P007,HRTF_B,2,16.664,54.94,-20.79,17,1
P007,HRTF_B,2,16.678,54.19,-20.75,17,1
P007,HRTF_B,2,16.692,53.39,-20.65,17,1
P007,HRTF_B,2,16.706,52.57,-20.53,17,1
P007,HRTF_B,2,16.72,51.73,-20.42,17,1
P007,HRTF_B,2,16.734,50.89,-20.32,17,1
P007,HRTF_B,2,16.748,50.03,-20.2,17,1
P007,HRTF_B,2,16.761,49.15,-20.01,17,1
P007,HRTF_B,2,16.776,48.23,-19.79,17,1
P007,HRTF_B,2,16.789,47.28,-19.51,17,1
P007,HRTF_B,2,16.803,46.27,-19.19,17,1
P007,HRTF_B,2,16.817,45.23,-18.88,17,1
P007,HRTF_B,2,16.831,44.11,-18.57,17,1
P007,HRTF_B,2,16.845,43.01,-18.29,17,1
P007,HRTF_B,2,16.859,41.86,-18.1,17,1
P007,HRTF_B,2,16.873,40.74,-17.93,17,1
P007,HRTF_B,2,16.887,39.61,-17.79,17,1
P007,HRTF_B,2,16.901,38.48,-17.68,17,1
P007,HRTF_B,2,16.914,37.34,-17.57,17,1
P007,HRTF_B,2,16.928,36.19,-17.49,17,1
P007,HRTF_B,2,16.942,34.99,-17.44,17,1
P007,HRTF_B,2,16.956,33.74,-17.38,17,1
P007,HRTF_B,2,16.97,32.45,-17.32,17,1
P007,HRTF_B,2,16.984,31.07,-17.22,17,1
P007,HRTF_B,2,16.998,29.68,-17.07,17,1
P007,HRTF_B,2,17.012,28.2,-16.88,17,1
P007,HRTF_B,2,17.026,26.66,-16.74,17,1
P007,HRTF_B,2,17.039,25.07,-16.64,17,1
P007,HRTF_B,2,17.053,23.39,-16.59,17,1
P007,HRTF_B,2,17.067,21.67,-16.6,17,1
P007,HRTF_B,2,17.081,19.94,-16.59,17,1
P007,HRTF_B,2,17.095,18.23,-16.57,17,1
P007,HRTF_B,2,17.109,16.55,-16.58,17,1
P007,HRTF_B,2,17.123,14.88,-16.63,17,1
P007,HRTF_B,2,17.137,13.25,-16.68,17,1
P007,HRTF_B,2,17.151,11.64,-16.76,17,1
P007,HRTF_B,2,17.164,10.05,-16.8,17,1
P007,HRTF_B,2,17.178,8.5,-16.83,17,1
P007,HRTF_B,2,17.192,6.98,-16.82,17,1
P007,HRTF_B,2,17.206,5.47,-16.78,17,1
P007,HRTF_B,2,17.22,3.98,-16.76,17,1
P007,HRTF_B,2,17.234,2.49,-16.73,17,1
P007,HRTF_B,2,17.248,1.05,-16.69,17,1
P007,HRTF_B,2,17.262,-0.35,-16.62,17,1
P007,HRTF_B,2,17.276,-1.69,-16.54,17,1
P007,HRTF_B,2,17.289,-2.96,-16.47,17,1
P007,HRTF_B,2,17.303,-4.2,-16.41,17,1
P007,HRTF_B,2,17.317,-5.37,-16.35,17,1
P007,HRTF_B,2,17.331,-6.52,-16.24,17,1
P007,HRTF_B,2,17.345,-7.6,-16.11,17,1
P007,HRTF_B,2,17.359,-8.68,-16.03,17,1
P007,HRTF_B,2,17.373,-9.71,-15.99,17,1
P007,HRTF_B,2,17.387,-10.71,-15.94,17,1
P007,HRTF_B,2,17.401,-11.69,-15.92,17,1
P007,HRTF_B,2,17.415,-12.64,-15.84,17,1
P007,HRTF_B,2,17.428,-13.64,-15.75,17,1
P007,HRTF_B,2,17.443,-14.63,-15.68,17,1
P007,HRTF_B,2,17.456,-15.7,-15.68,17,1
P007,HRTF_B,2,17.471,-16.8,-15.69,17,1
P007,HRTF_B,2,17.484,-17.97,-15.65,17,1
P007,HRTF_B,2,17.498,-19.15,-15.55,17,1
P007,HRTF_B,2,17.512,-20.31,-15.4,17,1
P007,HRTF_B,2,17.525,-21.48,-15.21,17,1
P007,HRTF_B,2,17.54,-22.68,-14.97,17,1
P007,HRTF_B,2,17.553,-23.89,-14.66,17,1
P007,HRTF_B,2,17.567,-25.13,-14.3,17,1
P007,HRTF_B,2,17.581,-26.32,-13.89,17,1
P007,HRTF_B,2,17.595,-27.46,-13.47,17,1
P007,HRTF_B,2,17.609,-28.55,-12.96,17,1
P007,HRTF_B,2,17.623,-29.6,-12.44,17,1
P007,HRTF_B,2,17.636,-30.57,-11.92,17,1
P007,HRTF_B,2,17.651,-31.51,-11.39,17,1
P007,HRTF_B,2,17.664,-32.43,-10.88,17,1
P007,HRTF_B,2,17.678,-33.37,-10.42,17,1
P007,HRTF_B,2,17.692,-34.25,-9.99,17,1
P007,HRTF_B,2,17.706,-35.13,-9.49,17,1
P007,HRTF_B,2,17.72,-35.99,-8.98,17,1
P007,HRTF_B,2,17.734,-36.86,-8.54,17,1
P007,HRTF_B,2,17.747,-37.77,-8.22,17,1
P007,HRTF_B,2,17.761,-38.75,-7.96,17,1
P007,HRTF_B,2,17.775,-39.8,-7.7,17,1
P007,HRTF_B,2,17.789,-40.91,-7.38,17,1
P007,HRTF_B,2,17.803,-41.99,-6.93,17,1
P007,HRTF_B,2,17.817,-43.08,-6.5,17,1
P007,HRTF_B,2,17.83,-44.17,-6.21,17,1
P007,HRTF_B,2,17.845,-45.23,-5.97,17,1
P007,HRTF_B,2,17.859,-46.29,-5.69,17,1
P007,HRTF_B,2,17.873,-47.35,-5.42,17,1
P007,HRTF_B,2,17.887,-48.39,-5.11,17,1
P007,HRTF_B,2,17.9,-49.37,-4.73,17,1
P007,HRTF_B,2,17.914,-50.33,-4.49,17,1
P007,HRTF_B,2,17.928,-51.32,-4.29,17,1
P007,HRTF_B,2,17.942,-52.3,-4.21,17,1
P007,HRTF_B,2,17.956,-53.24,-4.15,17,1
P007,HRTF_B,2,17.97,-54.11,-4.15,17,1
P007,HRTF_B,2,17.984,-54.97,-4.1,17,1
P007,HRTF_B,2,17.998,-55.81,-4.14,17,1
P007,HRTF_B,2,18.011,-56.63,-4.29,17,1
P007,HRTF_B,2,18.025,-57.44,-4.42,17,1
P007,HRTF_B,2,18.039,-58.22,-4.53,17,1
P007,HRTF_B,2,18.053,-58.95,-4.65,17,1
P007,HRTF_B,2,18.067,-59.64,-4.81,17,1
P007,HRTF_B,2,18.081,-60.31,-5.05,17,1
P007,HRTF_B,2,18.094,-60.95,-5.34,17,1
P007,HRTF_B,2,18.109,-61.6,-5.65,17,1
P007,HRTF_B,2,18.122,-62.28,-5.96,17,1
P007,HRTF_B,2,18.136,-62.95,-6.24,17,1
P007,HRTF_B,2,18.15,-63.63,-6.51,17,1
P007,HRTF_B,2,18.164,-64.3,-6.77,17,1
P007,HRTF_B,2,18.178,-64.96,-7.02,17,1
P007,HRTF_B,2,18.192,-65.65,-7.26,17,1
P007,HRTF_B,2,18.206,-66.33,-7.52,17,1
P007,HRTF_B,2,18.22,-67.05,-7.76,17,1
P007,HRTF_B,2,18.233,-67.77,-7.94,17,1
P007,HRTF_B,2,18.247,-68.47,-8.11,17,1
P007,HRTF_B,2,18.261,-69.18,-8.25,17,1
P007,HRTF_B,2,18.275,-69.88,-8.4,17,1
P007,HRTF_B,2,18.289,-70.63,-8.63,17,1
P007,HRTF_B,2,18.303,-71.39,-8.87,17,1
P007,HRTF_B,2,18.317,-72.14,-9.1,17,1
P007,HRTF_B,2,18.331,-72.86,-9.28,17,1
P007,HRTF_B,2,18.345,-73.57,-9.54,17,1
P007,HRTF_B,2,18.359,-74.2,-9.91,17,1
P007,HRTF_B,2,18.373,-74.82,-10.36,17,1
P007,HRTF_B,2,18.386,-75.46,-10.84,17,1
P007,HRTF_B,2,18.4,-76.09,-11.33,17,1
P007,HRTF_B,2,18.414,-76.66,-11.91,17,1
P007,HRTF_B,2,18.428,-77.15,-12.56,17,1
P007,HRTF_B,2,18.442,-77.62,-13.31,17,1
P007,HRTF_B,2,18.456,-78.06,-14.11,17,1
P007,HRTF_B,2,18.47,-78.51,-14.91,17,1
P007,HRTF_B,2,18.484,-78.97,-15.69,17,1
P007,HRTF_B,2,18.497,-79.41,-16.51,17,1
P007,HRTF_B,2,18.512,-79.79,-17.35,17,1
P007,HRTF_B,2,18.525,-80.09,-18.19,17,1
P007,HRTF_B,2,18.539,-80.29,-19.01,17,1
P007,HRTF_B,2,18.553,-80.38,-19.86,17,1
P007,HRTF_B,2,18.567,-80.39,-20.81,17,1
P007,HRTF_B,2,18.581,-80.3,-21.87,17,1
P007,HRTF_B,2,18.595,-80.05,-22.93,17,1
P007,HRTF_B,2,18.609,-79.56,-24.01,17,1
P007,HRTF_B,2,18.622,-78.79,-25.24,17,1
P007,HRTF_B,2,18.636,-77.81,-26.58,17,1
P007,HRTF_B,2,18.652,-76.71,-28.08,17,1
P007,HRTF_B,2,18.664,-75.56,-29.53,17,1
P007,HRTF_B,2,18.678,-74.41,-30.86,17,1
P007,HRTF_B,2,18.692,-73.26,-32.15,17,1
P007,HRTF_B,2,18.706,-72.13,-33.34,17,1
P007,HRTF_B,2,18.719,-71.05,-34.42,17,1
P007,HRTF_B,2,18.733,-70.0,-35.37,17,1
P007,HRTF_B,2,18.748,-69.0,-36.19,17,1
P007,HRTF_B,2,18.761,-68.07,-36.92,17,1
P007,HRTF_B,2,18.775,-67.25,-37.64,17,1
P007,HRTF_B,2,18.789,-66.56,-38.34,17,1
P007,HRTF_B,2,18.803,-66.03,-39.06,17,1
P007,HRTF_B,2,18.817,-65.62,-39.7,17,1
P007,HRTF_B,2,18.831,-65.29,-40.25,17,1
P007,HRTF_B,2,18.845,-65.02,-40.69,17,1
P007,HRTF_B,2,18.858,-64.85,-41.02,17,1
P007,HRTF_B,2,18.872,-64.8,-41.38,17,1
P007,HRTF_B,2,18.886,-64.84,-41.72,17,1
P007,HRTF_B,2,18.9,-64.99,-42.09,17,1
P007,HRTF_B,2,18.914,-65.18,-42.41,17,1
P007,HRTF_B,2,18.928,-65.4,-42.69,17,1
P007,HRTF_B,2,18.942,-65.65,-42.91,17,1
P007,HRTF_B,2,18.956,-65.98,-43.16,17,1
P007,HRTF_B,2,18.969,-66.36,-43.43,17,1
P007,HRTF_B,2,18.984,-66.73,-43.73,17,1
P007,HRTF_B,2,18.997,-67.05,-44.04,17,1
P007,HRTF_B,2,19.011,-67.43,-44.3,17,1
P007,HRTF_B,2,19.025,-67.83,-44.49,17,1
P007,HRTF_B,2,19.039,-68.19,-44.64,17,1
P007,HRTF_B,2,19.053,-68.55,-44.72,17,1
P007,HRTF_B,2,19.067,-68.91,-44.8,17,1
P007,HRTF_B,2,19.081,-69.18,-44.86,17,1
P007,HRTF_B,2,19.095,-69.38,-44.85,17,1
P007,HRTF_B,2,19.108,-69.51,-44.83,17,1
P007,HRTF_B,2,19.122,-69.61,-44.79,17,1
P007,HRTF_B,2,19.136,-69.64,-44.72,17,1
P007,HRTF_B,2,19.15,-69.58,-44.6,17,1
P007,HRTF_B,2,19.164,-69.41,-44.42,17,1
P007,HRTF_B,2,19.178,-69.14,-44.16,17,1
P007,HRTF_B,2,19.192,-68.76,-43.85,17,1
P007,HRTF_B,2,19.205,-68.3,-43.55,17,1
P007,HRTF_B,2,19.22,-67.74,-43.21,17,1
P007,HRTF_B,2,19.233,-67.04,-42.88,17,1
P007,HRTF_B,2,19.248,-66.23,-42.55,17,1
P007,HRTF_B,2,19.261,-65.3,-42.25,17,1
P007,HRTF_B,2,19.275,-64.41,-41.95,17,1
P007,HRTF_B,2,19.289,-63.47,-41.64,17,1
P007,HRTF_B,2,19.303,-62.6,-41.35,17,1
P007,HRTF_B,2,19.317,-61.76,-41.07,17,1
P007,HRTF_B,2,19.331,-61.0,-40.87,17,1
P007,HRTF_B,2,19.345,-60.34,-40.69,17,1
P007,HRTF_B,2,19.359,-59.76,-40.55,17,1
P007,HRTF_B,2,19.372,-59.29,-40.39,17,1
P007,HRTF_B,2,19.386,-58.94,-40.29,17,1
P007,HRTF_B,2,19.4,-58.72,-40.25,17,1
P007,HRTF_B,2,19.414,-58.6,-40.15,17,1
P007,HRTF_B,2,19.428,-58.65,-40.06,17,1
P007,HRTF_B,2,19.442,-58.78,-39.99,17,1
P007,HRTF_B,2,19.455,-59.02,-39.88,17,1
P007,HRTF_B,2,19.469,-59.32,-39.8,17,1
P007,HRTF_B,2,19.483,-59.67,-39.7,17,1
P007,HRTF_B,2,19.497,-60.05,-39.58,17,1
P007,HRTF_B,2,19.511,-60.43,-39.47,17,1
P007,HRTF_B,2,19.525,-60.79,-39.36,17,1
P007,HRTF_B,2,19.539,-61.06,-39.3,17,1
P007,HRTF_B,2,19.553,-61.28,-39.27,17,1
P007,HRTF_B,2,19.567,-61.43,-39.23,17,1
P007,HRTF_B,2,19.58,-61.57,-39.2,17,1
P007,HRTF_B,2,19.595,-61.76,-39.13,17,1
P007,HRTF_B,2,19.608,-62.0,-39.06,17,1
P007,HRTF_B,2,19.622,-62.25,-39.03,17,1
P007,HRTF_B,2,19.636,-62.48,-39.0,17,1
P007,HRTF_B,2,19.65,-62.69,-38.94,17,1
P007,HRTF_B,2,19.664,-62.93,-38.87,17,1
P007,HRTF_B,2,19.678,-63.27,-38.86,17,1
P007,HRTF_B,2,19.692,-63.73,-38.92,17,1
P007,HRTF_B,2,19.706,-64.22,-39.07,17,1
P007,HRTF_B,2,19.72,-64.68,-39.24,17,1
P007,HRTF_B,2,19.733,-65.05,-39.42,17,1
P007,HRTF_B,2,19.747,-65.36,-39.53,17,1
P007,HRTF_B,2,19.761,-65.65,-39.57,17,1
P007,HRTF_B,2,19.775,-65.86,-39.54,17,1
P007,HRTF_B,2,19.789,-66.0,-39.48,17,1
P007,HRTF_B,2,19.803,-66.01,-39.32,17,1
P007,HRTF_B,2,19.817,-65.88,-39.09,17,1
P007,HRTF_B,2,19.832,-65.6,-38.86,17,1
P007,HRTF_B,2,19.845,-65.24,-38.61,17,1
P007,HRTF_B,2,19.859,-64.81,-38.37,17,1
P007,HRTF_B,2,19.872,-64.39,-38.14,17,1
P007,HRTF_B,2,19.886,-63.96,-37.91,17,1
P007,HRTF_B,2,19.9,-63.58,-37.7,17,1
P007,HRTF_B,2,19.914,-63.18,-37.5,17,1
P007,HRTF_B,2,19.928,-62.81,-37.36,17,1
P007,HRTF_B,2,19.942,-62.47,-37.27,17,1
P007,HRTF_B,2,19.956,-62.2,-37.27,17,1
P007,HRTF_B,2,19.969,-61.98,-37.31,17,1
P007,HRTF_B,2,19.983,-61.84,-37.4,17,1
P007,HRTF_B,2,19.997,-61.76,-37.52,17,1
P007,HRTF_B,2,20.011,-61.76,-37.62,17,1
P007,HRTF_B,2,20.025,-61.83,-37.73,17,1
P007,HRTF_B,2,20.039,-61.94,-37.91,17,1
P007,HRTF_B,2,20.053,-62.08,-38.22,17,1
P007,HRTF_B,2,20.067,-62.28,-38.68,17,1
P007,HRTF_B,2,20.081,-62.52,-39.28,17,1
P007,HRTF_B,2,20.094,-62.8,-39.95,17,1
P007,HRTF_B,2,20.108,-63.12,-40.76,17,1
P007,HRTF_B,2,20.122,-63.52,-41.63,17,1
P007,HRTF_B,2,20.136,-63.98,-42.68,17,1
P007,HRTF_B,2,20.15,-64.4,-43.79,17,1
P007,HRTF_B,2,20.164,-64.78,-44.88,17,1
P007,HRTF_B,2,20.178,-65.09,-45.9,17,1
P007,HRTF_B,2,20.192,-65.29,-46.86,17,1
P007,HRTF_B,2,20.206,-65.42,-47.68,17,1
P007,HRTF_B,2,20.219,-65.39,-48.47,17,1
P007,HRTF_B,2,20.233,-65.28,-49.1,17,1
P007,HRTF_B,2,20.247,-65.14,-49.67,17,1
P007,HRTF_B,2,20.261,-64.94,-50.14,17,1
P007,HRTF_B,2,20.275,-64.74,-50.58,17,1
P007,HRTF_B,2,20.289,-64.47,-51.08,17,1
P007,HRTF_B,2,20.303,-64.15,-51.65,17,1
P007,HRTF_B,2,20.317,-63.86,-52.3,17,1
P007,HRTF_B,2,20.331,-63.49,-52.92,17,1
P007,HRTF_B,2,20.344,-63.24,-53.5,17,1
P007,HRTF_B,2,20.358,-63.03,-54.01,17,1
P007,HRTF_B,2,20.372,-62.87,-54.51,17,1
P007,HRTF_B,2,20.386,-62.69,-55.01,17,1
P007,HRTF_B,2,20.4,-62.45,-55.4,17,1
P007,HRTF_B,2,20.414,-62.1,-55.75,17,1
P007,HRTF_B,2,20.428,-61.73,-56.06,17,1
P007,HRTF_B,2,20.442,-61.27,-56.34,17,1
P007,HRTF_B,2,20.455,-60.69,-56.62,17,1
P007,HRTF_B,2,20.47,-60.17,-56.84,17,1
P007,HRTF_B,2,20.483,-59.54,-57.01,17,1
P007,HRTF_B,2,20.498,-58.85,-57.13,17,1
P007,HRTF_B,2,20.511,-58.2,-57.18,17,1
P007,HRTF_B,2,20.525,-57.48,-57.16,17,1
P007,HRTF_B,2,20.539,-56.82,-57.14,17,1
P007,HRTF_B,2,20.553,-56.1,-57.13,17,1
P007,HRTF_B,2,20.567,-55.4,-57.15,17,1
P007,HRTF_B,2,20.581,-54.58,-57.21,17,1
P007,HRTF_B,2,20.595,-53.67,-57.34,17,1
P007,HRTF_B,2,20.608,-52.66,-57.44,17,1
P007,HRTF_B,2,20.622,-51.71,-57.58,17,1
P007,HRTF_B,2,20.636,-50.86,-57.66,17,1
P007,HRTF_B,2,20.65,-49.9,-57.74,17,1
P007,HRTF_B,2,20.664,-49.05,-57.79,17,1
P007,HRTF_B,2,20.678,-48.13,-57.85,17,1
P007,HRTF_B,2,20.692,-47.1,-57.88,17,1
P007,HRTF_B,2,20.706,-46.34,-57.81,17,1
P007,HRTF_B,2,20.72,-45.5,-57.64,17,1
P007,HRTF_B,2,20.734,-44.69,-57.41,17,1
P007,HRTF_B,2,20.747,-43.93,-57.11,17,1
P007,HRTF_B,2,20.761,-43.19,-56.8,17,1
P007,HRTF_B,2,20.775,-42.34,-56.49,17,1
P007,HRTF_B,2,20.789,-41.38,-56.23,17,1
P007,HRTF_B,2,20.803,-40.34,-55.97,17,1
P007,HRTF_B,2,20.817,-39.25,-55.64,17,1
P007,HRTF_B,2,20.831,-38.12,-55.28,17,1
P007,HRTF_B,2,20.844,-37.0,-54.88,17,1
P007,HRTF_B,2,20.858,-35.9,-54.51,17,1
P007,HRTF_B,2,20.872,-34.82,-54.17,17,1
P007,HRTF_B,2,20.886,-33.72,-53.85,17,1
P007,HRTF_B,2,20.9,-32.69,-53.53,17,1
P007,HRTF_B,2,20.914,-31.64,-53.19,17,1
P007,HRTF_B,2,20.928,-30.64,-52.83,17,1
P007,HRTF_B,2,20.942,-29.61,-52.48,17,1
P007,HRTF_B,2,20.955,-28.58,-52.14,17,1
P007,HRTF_B,2,20.969,-27.52,-51.81,17,1
P007,HRTF_B,2,20.984,-26.51,-51.54,17,1
P007,HRTF_B,2,20.997,-25.52,-51.26,17,1
P007,HRTF_B,2,21.013,-24.54,-50.97,17,1
P007,HRTF_B,2,21.025,-23.59,-50.68,17,1
P007,HRTF_B,2,21.039,-22.64,-50.36,17,1
P007,HRTF_B,2,21.052,-21.68,-50.05,17,1
P007,HRTF_B,2,21.067,-20.67,-49.75,17,1
P007,HRTF_B,2,21.081,-19.65,-49.44,17,1
P007,HRTF_B,2,21.094,-18.62,-49.13,17,1
P007,HRTF_B,2,21.108,-17.59,-48.77,17,1
P007,HRTF_B,2,21.122,-16.55,-48.39,17,1
P007,HRTF_B,2,21.136,-15.52,-47.96,17,1
P007,HRTF_B,2,21.15,-14.52,-47.52,17,1
P007,HRTF_B,2,21.164,-13.55,-47.06,17,1
P007,HRTF_B,2,21.178,-12.55,-46.62,17,1
P007,HRTF_B,2,21.192,-11.48,-46.21,17,1
P007,HRTF_B,2,21.206,-10.38,-45.8,17,1
P007,HRTF_B,2,21.219,-9.3,-45.34,17,1
P007,HRTF_B,2,21.234,-8.25,-44.84,17,1
P007,HRTF_B,2,21.247,-7.25,-44.31,17,1
P007,HRTF_B,2,21.261,-6.23,-43.79,17,1
P007,HRTF_B,2,21.275,-5.11,-43.29,17,1
P007,HRTF_B,2,21.289,-3.91,-42.85,17,1
P007,HRTF_B,2,21.303,-2.61,-42.47,17,1
P007,HRTF_B,2,21.317,-1.39,-42.11,17,1
P007,HRTF_B,2,21.33,-0.22,-41.67,17,1
P007,HRTF_B,2,21.344,1.0,-41.25,17,1
P007,HRTF_B,2,21.358,2.24,-40.86,17,1
P007,HRTF_B,2,21.372,3.51,-40.51,17,1
P007,HRTF_B,2,21.386,4.82,-40.16,17,1
P007,HRTF_B,2,21.4,6.04,-39.86,17,1
P007,HRTF_B,2,21.414,7.29,-39.53,17,1
P007,HRTF_B,2,21.428,8.54,-39.17,17,1
P007,HRTF_B,2,21.442,9.77,-38.76,17,1
P007,HRTF_B,2,21.456,10.96,-38.39,17,1
P007,HRTF_B,2,21.469,12.13,-37.98,17,1
P007,HRTF_B,2,21.483,13.24,-37.53,17,1
P007,HRTF_B,2,21.498,14.3,-37.07,17,1
P007,HRTF_B,2,21.511,15.3,-36.63,17,1
P007,HRTF_B,2,21.525,16.34,-36.32,17,1
P007,HRTF_B,2,21.539,17.42,-36.11,17,1
P007,HRTF_B,2,21.553,18.44,-35.93,17,1
P007,HRTF_B,2,21.567,19.41,-35.7,17,1
P007,HRTF_B,2,21.581,20.3,-35.47,17,1
P007,HRTF_B,2,21.595,21.13,-35.21,17,1
P007,HRTF_B,2,21.608,21.98,-34.97,17,1
P007,HRTF_B,2,21.622,22.82,-34.76,17,1
P007,HRTF_B,2,21.636,23.67,-34.53,17,1
P007,HRTF_B,2,21.65,24.52,-34.33,17,1
P007,HRTF_B,2,21.664,25.43,-34.11,17,1
P007,HRTF_B,2,21.678,26.36,-33.93,17,1
P007,HRTF_B,2,21.692,27.34,-33.82,17,1
P007,HRTF_B,2,21.706,28.29,-33.72,17,1
P007,HRTF_B,2,21.72,29.3,-33.62,17,1
P007,HRTF_B,2,21.734,30.26,-33.5,17,1
P007,HRTF_B,2,21.747,31.28,-33.4,17,1
P007,HRTF_B,2,21.761,32.36,-33.35,17,1
P007,HRTF_B,2,21.775,33.46,-33.33,17,1
P007,HRTF_B,2,21.789,34.53,-33.33,17,1
P007,HRTF_B,2,21.803,35.59,-33.29,17,1
P007,HRTF_B,2,21.817,36.65,-33.25,17,1
P007,HRTF_B,2,21.831,37.83,-33.29,17,1
P007,HRTF_B,2,21.844,39.16,-33.39,17,1
P007,HRTF_B,2,21.858,40.53,-33.56,17,1
P007,HRTF_B,2,21.872,41.92,-33.66,17,1
P007,HRTF_B,2,21.886,43.3,-33.73,17,1
P007,HRTF_B,2,21.9,44.66,-33.77,17,1
P007,HRTF_B,2,21.914,46.09,-33.84,17,1
P007,HRTF_B,2,21.928,47.59,-33.99,17,1
P007,HRTF_B,2,21.942,49.09,-34.13,17,1
P007,HRTF_B,2,21.956,50.56,-34.24,17,1
P007,HRTF_B,2,21.97,51.99,-34.31,17,1
P007,HRTF_B,2,21.983,53.35,-34.33,17,1
P007,HRTF_B,2,21.997,54.64,-34.33,17,1
P007,HRTF_B,2,22.011,55.92,-34.33,17,1
P007,HRTF_B,2,22.025,57.2,-34.33,17,1
P007,HRTF_B,2,22.039,58.46,-34.29,17,1
P007,HRTF_B,2,22.053,59.72,-34.22,17,1
P007,HRTF_B,2,22.067,60.92,-34.12,17,1
P007,HRTF_B,2,22.08,62.13,-34.07,17,1
P007,HRTF_B,2,22.094,63.32,-34.07,17,1
P007,HRTF_B,2,22.108,64.47,-34.09,17,1
P007,HRTF_B,2,22.122,65.57,-34.13,17,1
P007,HRTF_B,2,22.137,66.63,-34.16,17,1
P007,HRTF_B,2,22.15,67.71,-34.23,17,1
P007,HRTF_B,2,22.164,68.85,-34.34,17,1
P007,HRTF_B,2,22.178,70.04,-34.51,17,1
P007,HRTF_B,2,22.194,71.24,-34.65,17,1
P007,HRTF_B,2,22.205,72.44,-34.81,17,1
P007,HRTF_B,2,22.219,73.64,-34.96,17,1
P007,HRTF_B,2,22.233,74.85,-35.17,17,1
P007,HRTF_B,2,22.247,76.11,-35.42,17,1
P007,HRTF_B,2,22.261,77.36,-35.72,17,1
P007,HRTF_B,2,22.275,78.67,-36.07,17,1
P007,HRTF_B,2,22.289,79.97,-36.37,17,1
P007,HRTF_B,2,22.303,81.29,-36.68,17,1
P007,HRTF_B,2,22.317,82.6,-36.95,17,1
P007,HRTF_B,2,22.331,83.89,-37.2,17,1
P007,HRTF_B,2,22.344,85.17,-37.4,17,1
P007,HRTF_B,2,22.358,86.4,-37.6,17,1
P007,HRTF_B,2,22.372,87.69,-37.73,17,1
P007,HRTF_B,2,22.386,88.96,-37.86,17,1
P007,HRTF_B,2,22.4,90.25,-38.0,17,1
P007,HRTF_B,2,22.414,91.51,-38.2,17,1
P007,HRTF_B,2,22.428,92.74,-38.45,17,1
P007,HRTF_B,2,22.442,93.98,-38.77,17,1
P007,HRTF_B,2,22.456,95.21,-39.12,17,1
P007,HRTF_B,2,22.469,96.47,-39.51,17,1
P007,HRTF_B,2,22.484,97.7,-39.88,17,1
P007,HRTF_B,2,22.497,98.87,-40.23,17,1
P007,HRTF_B,2,22.511,100.02,-40.57,17,1
P007,HRTF_B,2,22.525,101.1,-40.92,17,1
P007,HRTF_B,2,22.539,102.16,-41.34,17,1
P007,HRTF_B,2,22.553,103.2,-41.76,17,1
P007,HRTF_B,2,22.567,104.2,-42.19,17,1
P007,HRTF_B,2,22.581,105.21,-42.63,17,1
P007,HRTF_B,2,22.594,106.11,-43.09,17,1
P007,HRTF_B,2,22.608,106.98,-43.53,17,1
P007,HRTF_B,2,22.623,107.82,-43.97,17,1
P007,HRTF_B,2,22.636,108.65,-44.41,17,1
P007,HRTF_B,2,22.65,109.41,-44.77,17,1
P007,HRTF_B,2,22.664,110.21,-45.13,17,1
P007,HRTF_B,2,22.678,111.0,-45.49,17,1
P007,HRTF_B,2,22.692,111.82,-45.87,17,1
P007,HRTF_B,2,22.705,112.63,-46.24,17,1
P007,HRTF_B,2,22.72,113.4,-46.63,17,1
P007,HRTF_B,2,22.733,114.16,-46.92,17,1
P007,HRTF_B,2,22.747,114.92,-47.19,17,1
P007,HRTF_B,2,22.761,115.67,-47.4,17,1
P007,HRTF_B,2,22.775,116.5,-47.66,17,1
P007,HRTF_B,2,22.789,117.37,-47.96,17,1
P007,HRTF_B,2,22.803,118.23,-48.29,17,1
P007,HRTF_B,2,22.817,119.13,-48.6,17,1
P007,HRTF_B,2,22.831,120.05,-48.82,17,1
P007,HRTF_B,2,22.844,120.97,-49.03,17,1
P007,HRTF_B,2,22.858,121.86,-49.17,17,1
P007,HRTF_B,2,22.872,122.82,-49.38,17,1
P007,HRTF_B,2,22.886,123.78,-49.58,17,1
P007,HRTF_B,2,22.9,124.7,-49.77,17,1
P007,HRTF_B,2,22.914,125.77,-49.98,17,1
P007,HRTF_B,2,22.928,126.83,-50.14,17,1
P007,HRTF_B,2,22.942,127.85,-50.29,17,1
P007,HRTF_B,2,22.955,128.78,-50.43,17,1
P007,HRTF_B,2,22.969,129.66,-50.56,17,1
P007,HRTF_B,2,22.983,130.55,-50.67,17,1
P007,HRTF_B,2,22.997,131.41,-50.77,17,1
P007,HRTF_B,2,23.011,132.26,-50.88,17,1
P007,HRTF_B,2,23.025,133.11,-51.07,17,1
P007,HRTF_B,2,23.039,133.97,-51.27,17,1
P007,HRTF_B,2,23.053,134.77,-51.52,17,1
P007,HRTF_B,2,23.066,135.57,-51.74,17,1
P007,HRTF_B,2,23.08,136.34,-51.93,17,1
P007,HRTF_B,2,23.094,137.03,-52.08,17,1
P007,HRTF_B,2,23.108,137.79,-52.28,17,1
P007,HRTF_B,2,23.122,138.52,-52.48,17,1
P007,HRTF_B,2,23.136,139.27,-52.7,17,1
P007,HRTF_B,2,23.15,139.96,-52.9,17,1
P007,HRTF_B,2,23.164,140.63,-53.05,17,1
P007,HRTF_B,2,23.177,141.34,-53.15,17,1
P007,HRTF_B,2,23.192,142.09,-53.28,17,1
P007,HRTF_B,2,23.206,142.89,-53.37,17,1
P007,HRTF_B,2,23.219,143.77,-53.55,17,1
P007,HRTF_B,2,23.233,144.66,-53.72,17,1
P007,HRTF_B,2,23.247,145.53,-53.89,17,1
P007,HRTF_B,2,23.261,146.36,-54.04,17,1
P007,HRTF_B,2,23.275,147.19,-54.21,17,1
P007,HRTF_B,2,23.289,148.0,-54.39,17,1
P007,HRTF_B,2,23.303,148.8,-54.64,17,1
P007,HRTF_B,2,23.317,149.59,-54.92,17,1
P007,HRTF_B,2,23.33,150.28,-55.24,17,1
P007,HRTF_B,2,23.344,150.93,-55.56,17,1
P007,HRTF_B,2,23.358,151.51,-55.93,17,1
P007,HRTF_B,2,23.374,152.07,-56.34,17,1
P007,HRTF_B,2,23.386,152.61,-56.85,17,1
P007,HRTF_B,2,23.4,153.08,-57.4,17,1
P007,HRTF_B,2,23.414,153.41,-58.02,17,1
P007,HRTF_B,2,23.428,153.65,-58.67,17,1
P007,HRTF_B,2,23.442,153.87,-59.36,17,1
P007,HRTF_B,2,23.456,154.08,-60.07,17,1
P007,HRTF_B,2,23.469,154.34,-60.83,17,1
P007,HRTF_B,2,23.483,154.42,-61.62,17,1
P007,HRTF_B,2,23.497,154.47,-62.45,17,1
P007,HRTF_B,2,23.511,154.46,-63.28,17,1
P007,HRTF_B,2,23.525,154.2,-64.13,17,1
P007,HRTF_B,2,23.539,153.76,-64.95,17,1
P007,HRTF_B,2,23.553,153.17,-65.62,17,1
P007,HRTF_B,2,23.566,152.38,-66.17,17,1
P007,HRTF_B,2,23.58,151.49,-66.62,17,1
P007,HRTF_B,2,23.594,150.35,-67.0,17,1
P007,HRTF_B,2,23.608,149.44,-67.24,17,1
P007,HRTF_B,2,23.622,148.46,-67.33,17,1
P007,HRTF_B,2,23.636,147.56,-67.26,17,1
P007,HRTF_B,2,23.65,146.66,-67.17,17,1
P007,HRTF_B,2,23.664,145.83,-66.97,17,1
P007,HRTF_B,2,23.677,145.05,-66.71,17,1
P007,HRTF_B,2,23.691,144.57,-66.46,17,1
P007,HRTF_B,2,23.705,144.47,-66.24,17,1
P007,HRTF_B,2,23.72,144.6,-66.08,17,1
P007,HRTF_B,2,23.732,144.82,-65.99,17,1
P007,HRTF_B,2,23.746,145.3,-66.01,17,1
P007,HRTF_B,2,23.761,145.83,-66.1,17,1
P007,HRTF_B,2,23.774,146.42,-66.28,17,1
P007,HRTF_B,2,23.788,147.04,-66.51,17,1
P007,HRTF_B,2,23.802,147.76,-66.78,17,1
P007,HRTF_B,2,23.816,148.52,-67.01,17,1
P007,HRTF_B,2,23.83,149.31,-67.19,17,1
P007,HRTF_B,2,23.844,149.97,-67.36,17,1
P007,HRTF_B,2,23.858,150.45,-67.56,17,1
P007,HRTF_B,2,23.872,150.79,-67.7,17,1
P007,HRTF_B,2,23.886,150.98,-67.81,17,1
P007,HRTF_B,2,23.9,151.03,-67.9,17,1
P007,HRTF_B,2,23.914,151.04,-68.0,17,1
P007,HRTF_B,2,23.927,151.14,-68.13,17,1
P007,HRTF_B,2,23.941,151.27,-68.33,17,1
P007,HRTF_B,2,23.955,151.47,-68.55,17,1
P007,HRTF_B,2,23.969,151.71,-68.75,17,1
P007,HRTF_B,2,23.983,151.91,-68.98,17,1
P007,HRTF_B,2,23.997,152.13,-69.22,17,1
P007,HRTF_B,2,24.01,152.38,-69.41,17,1
P007,HRTF_B,2,24.025,152.72,-69.54,17,1
P007,HRTF_B,2,24.039,153.16,-69.61,17,1
P007,HRTF_B,2,24.052,153.65,-69.62,17,1
P007,HRTF_B,2,24.066,154.14,-69.63,17,1
P007,HRTF_B,2,24.08,154.62,-69.57,17,1
P007,HRTF_B,2,24.094,155.11,-69.46,17,1
P007,HRTF_B,2,24.108,155.63,-69.36,17,1
P007,HRTF_B,2,24.121,156.25,-69.31,17,1
P007,HRTF_B,2,24.136,157.14,-69.33,17,1
P007,HRTF_B,2,24.15,158.32,-69.41,17,1
P007,HRTF_B,2,24.163,159.61,-69.56,17,1
P007,HRTF_B,2,24.177,161.12,-69.65,17,1
P007,HRTF_B,2,24.191,162.59,-69.71,17,1
P007,HRTF_B,2,24.205,164.1,-69.7,17,1
P007,HRTF_B,2,24.219,165.71,-69.65,17,1
P007,HRTF_B,2,24.233,167.49,-69.55,17,1
P007,HRTF_B,2,24.247,169.48,-69.39,17,1
P007,HRTF_B,2,24.261,171.46,-69.17,17,1
P007,HRTF_B,2,24.275,173.47,-68.9,17,1
P007,HRTF_B,2,24.289,175.38,-68.61,17,1
P007,HRTF_B,2,24.302,177.3,-68.33,17,1
P007,HRTF_B,2,24.316,179.26,-68.01,17,1
P007,HRTF_B,2,24.33,-178.67,-67.69,17,1
P007,HRTF_B,2,24.344,-176.53,-67.35,17,1
P007,HRTF_B,2,24.358,-174.36,-67.02,17,1
P007,HRTF_B,2,24.372,-172.16,-66.72,17,1
P007,HRTF_B,2,24.386,-170.01,-66.45,17,1
P007,HRTF_B,2,24.4,-167.9,-66.17,17,1
P007,HRTF_B,2,24.413,-165.86,-65.86,17,1
P007,HRTF_B,2,24.427,-163.88,-65.57,17,1
P007,HRTF_B,2,24.441,-161.92,-65.25,17,1
P007,HRTF_B,2,24.455,-160.16,-64.95,17,1
P007,HRTF_B,2,24.469,-158.47,-64.61,17,1
P007,HRTF_B,2,24.483,-156.82,-64.26,17,1
P007,HRTF_B,2,24.497,-155.1,-63.89,17,1
P007,HRTF_B,2,24.511,-153.38,-63.48,17,1
P007,HRTF_B,2,24.524,-151.73,-63.06,17,1
P007,HRTF_B,2,24.539,-150.31,-62.57,17,1
P007,HRTF_B,2,24.554,-149.1,-62.0,17,1
P007,HRTF_B,2,24.566,-148.0,-61.37,17,1
P007,HRTF_B,2,24.58,-147.08,-60.64,17,1
P007,HRTF_B,2,24.594,-146.33,-59.84,17,1
P007,HRTF_B,2,24.608,-145.83,-58.88,17,1
P007,HRTF_B,2,24.622,-145.59,-57.8,17,1
P007,HRTF_B,2,24.635,-145.75,-56.33,17,1
P007,HRTF_B,2,24.65,-146.04,-54.73,17,1
P007,HRTF_B,2,24.663,-146.42,-53.0,17,1
P007,HRTF_B,2,24.677,-146.91,-51.18,17,1
P007,HRTF_B,2,24.691,-147.55,-49.11,17,1
P007,HRTF_B,2,24.705,-148.37,-46.77,17,1
P007,HRTF_B,2,24.719,-149.31,-44.14,17,1
P007,HRTF_B,2,24.733,-150.17,-41.38,17,1
P007,HRTF_B,2,24.747,-150.97,-38.52,17,1
P007,HRTF_B,2,24.76,-151.59,-35.8,17,1
P007,HRTF_B,2,24.774,-152.23,-32.99,17,1
P007,HRTF_B,2,24.788,-152.77,-30.14,17,1
P007,HRTF_B,2,24.802,-153.21,-27.31,17,1
P007,HRTF_B,2,24.816,-153.54,-24.55,17,1
P007,HRTF_B,2,24.83,-153.72,-21.87,17,1
P007,HRTF_B,2,24.844,-153.78,-19.29,17,1
P007,HRTF_B,2,24.858,-153.73,-16.91,17,1
P007,HRTF_B,2,24.872,-153.54,-14.75,17,1
P007,HRTF_B,2,24.886,-153.26,-12.83,17,1
P007,HRTF_B,2,24.9,-152.89,-11.0,17,1
P007,HRTF_B,2,24.913,-152.5,-9.24,17,1
P007,HRTF_B,2,24.927,-152.12,-7.54,17,1
P007,HRTF_B,2,24.941,-151.74,-5.96,17,1
P007,HRTF_B,2,24.955,-151.29,-4.45,17,1
P007,HRTF_B,2,24.968,-150.78,-2.95,17,1
P007,HRTF_B,2,24.983,-150.18,-1.53,17,1
P007,HRTF_B,2,24.997,-149.51,-0.14,17,1
P007,HRTF_B,2,25.01,-148.8,1.22,17,1
P007,HRTF_B,2,25.024,-148.07,2.54,17,1
P007,HRTF_B,2,25.038,-147.35,3.83,17,1
P007,HRTF_B,2,25.052,-146.57,5.03,17,1
P007,HRTF_B,2,25.066,-145.75,6.12,17,1
P007,HRTF_B,2,25.08,-144.89,7.06,17,1
P007,HRTF_B,2,25.094,-144.08,7.89,17,1
P007,HRTF_B,2,25.108,-143.38,8.52,17,1
P007,HRTF_B,2,25.122,-142.77,8.99,17,1
P007,HRTF_B,2,25.136,-142.31,9.34,17,1
P007,HRTF_B,2,25.15,-141.99,9.59,17,1
P007,HRTF_B,2,25.164,-141.81,9.72,17,1
P007,HRTF_B,2,25.177,-141.78,9.8,17,1
P007,HRTF_B,2,25.191,-141.92,9.89,17,1
P007,HRTF_B,2,25.205,-142.21,9.85,17,1
P007,HRTF_B,2,25.219,-142.6,9.57,17,1
P007,HRTF_B,2,25.233,-143.13,9.11,17,1
P007,HRTF_B,2,25.246,-143.89,8.59,17,1
P007,HRTF_B,2,25.261,-144.9,8.04,17,1
P007,HRTF_B,2,25.274,-146.2,7.43,17,1
P007,HRTF_B,2,25.288,-147.85,6.73,17,1
P007,HRTF_B,2,25.302,-149.82,5.84,17,1
P007,HRTF_B,2,25.316,-152.1,4.85,17,1
P007,HRTF_B,2,25.33,-154.46,3.95,17,1
P007,HRTF_B,2,25.344,-156.83,3.2,17,1
P007,HRTF_B,2,25.358,-159.17,2.6,17,1
P007,HRTF_B,2,25.372,-161.41,2.05,17,1
P007,HRTF_B,2,25.386,-163.5,1.53,17,1
P007,HRTF_B,2,25.4,-165.44,1.09,17,1
P007,HRTF_B,2,25.413,-167.17,0.78,17,1
P007,HRTF_B,2,25.427,-168.71,0.58,17,1
P007,HRTF_B,2,25.442,-169.99,0.42,17,1
P007,HRTF_B,2,25.455,-171.02,0.24,17,1
P007,HRTF_B,2,25.469,-171.81,-0.01,17,1
P007,HRTF_B,2,25.483,-172.39,-0.26,17,1
P007,HRTF_B,2,25.496,-172.8,-0.49,17,1
P007,HRTF_B,2,25.511,-173.07,-0.68,17,1
P007,HRTF_B,2,25.524,-173.21,-0.83,17,1
P007,HRTF_B,2,25.538,-173.25,-1.01,17,1
P007,HRTF_B,3,0.014,-10.55,-5.81,15,1
P007,HRTF_B,3,0.027,-10.69,-5.87,15,1
P007,HRTF_B,3,0.041,-10.82,-5.92,15,1
P007,HRTF_B,3,0.055,-10.92,-6.0,15,1
P007,HRTF_B,3,0.07,-10.98,-6.11,15,1
P007,HRTF_B,3,0.083,-11.03,-6.2,15,1
P007,HRTF_B,3,0.097,-11.02,-6.24,15,1
P007,HRTF_B,3,0.111,-10.99,-6.25,15,1
P007,HRTF_B,3,0.125,-10.98,-6.25,15,1
P007,HRTF_B,3,0.139,-10.97,-6.25,15,1
P007,HRTF_B,3,0.153,-10.95,-6.3,15,1
P007,HRTF_B,3,0.166,-10.9,-6.34,15,1
P007,HRTF_B,3,0.18,-10.86,-6.37,15,1
P007,HRTF_B,3,0.194,-10.83,-6.36,15,1
P007,HRTF_B,3,0.208,-10.86,-6.32,15,1
P007,HRTF_B,3,0.222,-10.95,-6.25,15,1
P007,HRTF_B,3,0.236,-11.11,-6.19,15,1
P007,HRTF_B,3,0.25,-11.33,-6.2,15,1
P007,HRTF_B,3,0.263,-11.64,-6.16,15,1
P007,HRTF_B,3,0.277,-12.03,-6.1,15,1
P007,HRTF_B,3,0.291,-12.53,-5.97,15,1
P007,HRTF_B,3,0.306,-13.13,-5.84,15,1
P007,HRTF_B,3,0.319,-13.77,-5.75,15,1
P007,HRTF_B,3,0.333,-14.51,-5.71,15,1
P007,HRTF_B,3,0.347,-15.36,-5.71,15,1
P007,HRTF_B,3,0.361,-16.33,-5.67,15,1
P007,HRTF_B,3,0.375,-17.43,-5.57,15,1
P007,HRTF_B,3,0.388,-18.61,-5.43,15,1
P007,HRTF_B,3,0.403,-19.82,-5.32,15,1
P007,HRTF_B,3,0.417,-21.07,-5.25,15,1
P007,HRTF_B,3,0.43,-22.3,-5.18,15,1
P007,HRTF_B,3,0.444,-23.57,-5.05,15,1
P007,HRTF_B,3,0.458,-24.86,-4.93,15,1
P007,HRTF_B,3,0.472,-26.16,-4.81,15,1
P007,HRTF_B,3,0.486,-27.43,-4.73,15,1
P007,HRTF_B,3,0.5,-28.56,-4.74,15,1
P007,HRTF_B,3,0.514,-29.6,-4.75,15,1
P007,HRTF_B,3,0.527,-30.5,-4.81,15,1
P007,HRTF_B,3,0.541,-31.32,-4.84,15,1
P007,HRTF_B,3,0.555,-32.07,-4.91,15,1
P007,HRTF_B,3,0.569,-32.77,-4.98,15,1
P007,HRTF_B,3,0.583,-33.39,-5.02,15,1
P007,HRTF_B,3,0.597,-33.95,-5.11,15,1
P007,HRTF_B,3,0.611,-34.42,-5.2,15,1
P007,HRTF_B,3,0.625,-34.81,-5.38,15,1
P007,HRTF_B,3,0.639,-35.16,-5.6,15,1
P007,HRTF_B,3,0.653,-35.48,-5.89,15,1
P007,HRTF_B,3,0.667,-35.79,-6.21,15,1
P007,HRTF_B,3,0.68,-36.07,-6.59,15,1
P007,HRTF_B,3,0.694,-36.36,-7.06,15,1
P007,HRTF_B,3,0.708,-36.62,-7.63,15,1
P007,HRTF_B,3,0.722,-36.85,-8.27,15,1
P007,HRTF_B,3,0.736,-37.07,-8.93,15,1
P007,HRTF_B,3,0.75,-37.27,-9.65,15,1
P007,HRTF_B,3,0.764,-37.45,-10.43,15,1
P007,HRTF_B,3,0.778,-37.64,-11.24,15,1
P007,HRTF_B,3,0.792,-37.75,-12.08,15,1
P007,HRTF_B,3,0.805,-37.79,-12.92,15,1
P007,HRTF_B,3,0.819,-37.73,-13.75,15,1
P007,HRTF_B,3,0.833,-37.66,-14.53,15,1
P007,HRTF_B,3,0.847,-37.56,-15.27,15,1
P007,HRTF_B,3,0.861,-37.5,-15.96,15,1
P007,HRTF_B,3,0.875,-37.43,-16.61,15,1
P007,HRTF_B,3,0.889,-37.31,-17.22,15,1
P007,HRTF_B,3,0.903,-37.2,-17.79,15,1
P007,HRTF_B,3,0.917,-37.05,-18.37,15,1
P007,HRTF_B,3,0.931,-36.94,-18.97,15,1
P007,HRTF_B,3,0.945,-36.86,-19.61,15,1
P007,HRTF_B,3,0.958,-36.83,-20.25,15,1
P007,HRTF_B,3,0.972,-36.86,-20.87,15,1
P007,HRTF_B,3,0.986,-36.92,-21.46,15,1
P007,HRTF_B,3,1.0,-37.01,-22.01,15,1
P007,HRTF_B,3,1.014,-37.14,-22.6,15,1
P007,HRTF_B,3,1.028,-37.28,-23.24,15,1
P007,HRTF_B,3,1.042,-37.49,-23.91,15,1
P007,HRTF_B,3,1.056,-37.73,-24.57,15,1
P007,HRTF_B,3,1.069,-37.99,-25.18,15,1
P007,HRTF_B,3,1.083,-38.28,-25.74,15,1
P007,HRTF_B,3,1.097,-38.6,-26.26,15,1
P007,HRTF_B,3,1.111,-38.89,-26.78,15,1
P007,HRTF_B,3,1.125,-39.24,-27.28,15,1
P007,HRTF_B,3,1.139,-39.62,-27.79,15,1
P007,HRTF_B,3,1.153,-40.06,-28.27,15,1
P007,HRTF_B,3,1.167,-40.48,-28.76,15,1
P007,HRTF_B,3,1.18,-40.87,-29.26,15,1
P007,HRTF_B,3,1.195,-41.25,-29.75,15,1
P007,HRTF_B,3,1.208,-41.6,-30.27,15,1
P007,HRTF_B,3,1.222,-41.96,-30.77,15,1
P007,HRTF_B,3,1.236,-42.34,-31.27,15,1
P007,HRTF_B,3,1.25,-42.71,-31.78,15,1
P007,HRTF_B,3,1.264,-43.07,-32.3,15,1
P007,HRTF_B,3,1.278,-43.34,-32.79,15,1
P007,HRTF_B,3,1.292,-43.52,-33.25,15,1
P007,HRTF_B,3,1.306,-43.64,-33.64,15,1
P007,HRTF_B,3,1.319,-43.64,-34.01,15,1
P007,HRTF_B,3,1.333,-43.61,-34.4,15,1
P007,HRTF_B,3,1.347,-43.57,-34.85,15,1
P007,HRTF_B,3,1.361,-43.53,-35.35,15,1
P007,HRTF_B,3,1.375,-43.49,-35.84,15,1
P007,HRTF_B,3,1.389,-43.46,-36.34,15,1
P007,HRTF_B,3,1.403,-43.46,-36.75,15,1
P007,HRTF_B,3,1.418,-43.44,-37.16,15,1
P007,HRTF_B,3,1.43,-43.45,-37.59,15,1
P007,HRTF_B,3,1.445,-43.49,-38.05,15,1
P007,HRTF_B,3,1.458,-43.6,-38.56,15,1
P007,HRTF_B,3,1.472,-43.74,-39.1,15,1
P007,HRTF_B,3,1.486,-43.91,-39.67,15,1
P007,HRTF_B,3,1.5,-44.07,-40.26,15,1
P007,HRTF_B,3,1.514,-44.2,-40.9,15,1
P007,HRTF_B,3,1.528,-44.42,-41.55,15,1
P007,HRTF_B,3,1.542,-44.63,-42.2,15,1
P007,HRTF_B,3,1.556,-44.92,-42.82,15,1
P007,HRTF_B,3,1.57,-45.22,-43.42,15,1
P007,HRTF_B,3,1.583,-45.53,-43.97,15,1
P007,HRTF_B,3,1.597,-45.82,-44.57,15,1
P007,HRTF_B,3,1.611,-46.11,-45.19,15,1
P007,HRTF_B,3,1.625,-46.37,-45.8,15,1
P007,HRTF_B,3,1.639,-46.63,-46.35,15,1
P007,HRTF_B,3,1.653,-46.91,-46.83,15,1
P007,HRTF_B,3,1.667,-47.21,-47.25,15,1
P007,HRTF_B,3,1.681,-47.53,-47.62,15,1
P007,HRTF_B,3,1.694,-47.86,-48.01,15,1
P007,HRTF_B,3,1.708,-48.14,-48.37,15,1
P007,HRTF_B,3,1.722,-48.42,-48.69,15,1
P007,HRTF_B,3,1.736,-48.67,-48.96,15,1
P007,HRTF_B,3,1.75,-48.94,-49.21,15,1
P007,HRTF_B,3,1.764,-49.22,-49.42,15,1
P007,HRTF_B,3,1.778,-49.48,-49.67,15,1
P007,HRTF_B,3,1.792,-49.7,-49.92,15,1
P007,HRTF_B,3,1.806,-49.88,-50.18,15,1
P007,HRTF_B,3,1.819,-50.03,-50.43,15,1
P007,HRTF_B,3,1.833,-50.13,-50.67,15,1
P007,HRTF_B,3,1.847,-50.27,-50.91,15,1
P007,HRTF_B,3,1.861,-50.41,-51.14,15,1
P007,HRTF_B,3,1.875,-50.49,-51.35,15,1
P007,HRTF_B,3,1.889,-50.53,-51.61,15,1
P007,HRTF_B,3,1.903,-50.53,-51.93,15,1
P007,HRTF_B,3,1.917,-50.52,-52.32,15,1
P007,HRTF_B,3,1.931,-50.55,-52.78,15,1
P007,HRTF_B,3,1.944,-50.58,-53.28,15,1
P007,HRTF_B,3,1.958,-50.67,-53.8,15,1
P007,HRTF_B,3,1.972,-50.74,-54.3,15,1
P007,HRTF_B,3,1.986,-50.77,-54.89,15,1
P007,HRTF_B,3,2.0,-50.77,-55.52,15,1
P007,HRTF_B,3,2.014,-50.75,-56.19,15,1
P007,HRTF_B,3,2.028,-50.67,-56.83,15,1
P007,HRTF_B,3,2.042,-50.58,-57.47,15,1
P007,HRTF_B,3,2.056,-50.51,-58.1,15,1
P007,HRTF_B,3,2.07,-50.39,-58.73,15,1
P007,HRTF_B,3,2.083,-50.26,-59.3,15,1
P007,HRTF_B,3,2.097,-50.12,-59.84,15,1
P007,HRTF_B,3,2.111,-49.98,-60.35,15,1
P007,HRTF_B,3,2.125,-49.87,-60.8,15,1
P007,HRTF_B,3,2.139,-49.75,-61.22,15,1
P007,HRTF_B,3,2.153,-49.79,-61.57,15,1
P007,HRTF_B,3,2.167,-50.01,-61.79,15,1
P007,HRTF_B,3,2.18,-50.35,-61.97,15,1
P007,HRTF_B,3,2.194,-50.76,-62.07,15,1
P007,HRTF_B,3,2.208,-51.24,-62.14,15,1
P007,HRTF_B,3,2.222,-51.75,-62.19,15,1
P007,HRTF_B,3,2.236,-52.33,-62.21,15,1
P007,HRTF_B,3,2.25,-52.97,-62.2,15,1
P007,HRTF_B,3,2.264,-53.7,-62.14,15,1
P007,HRTF_B,3,2.277,-54.5,-62.04,15,1
P007,HRTF_B,3,2.292,-55.34,-61.93,15,1
P007,HRTF_B,3,2.306,-56.18,-61.84,15,1
P007,HRTF_B,3,2.319,-57.0,-61.75,15,1
P007,HRTF_B,3,2.333,-57.76,-61.69,15,1
P007,HRTF_B,3,2.347,-58.51,-61.53,15,1
P007,HRTF_B,3,2.361,-59.26,-61.32,15,1
P007,HRTF_B,3,2.375,-60.1,-61.0,15,1
P007,HRTF_B,3,2.388,-60.97,-60.57,15,1
P007,HRTF_B,3,2.403,-61.94,-59.94,15,1
P007,HRTF_B,3,2.417,-62.99,-59.12,15,1
P007,HRTF_B,3,2.43,-64.13,-58.02,15,1
P007,HRTF_B,3,2.444,-65.34,-56.65,15,1
P007,HRTF_B,3,2.458,-66.54,-55.05,15,1
P007,HRTF_B,3,2.472,-67.65,-53.26,15,1
P007,HRTF_B,3,2.486,-68.66,-51.38,15,1
P007,HRTF_B,3,2.5,-69.51,-49.43,15,1
P007,HRTF_B,3,2.514,-70.25,-47.49,15,1
P007,HRTF_B,3,2.528,-70.87,-45.65,15,1
P007,HRTF_B,3,2.541,-71.27,-43.97,15,1
P007,HRTF_B,3,2.555,-71.57,-42.48,15,1
P007,HRTF_B,3,2.569,-71.73,-41.18,15,1
P007,HRTF_B,3,2.583,-71.84,-39.98,15,1
P007,HRTF_B,3,2.597,-71.95,-38.81,15,1
P007,HRTF_B,3,2.611,-72.06,-37.67,15,1
P007,HRTF_B,3,2.625,-72.21,-36.58,15,1
P007,HRTF_B,3,2.639,-72.35,-35.52,15,1
P007,HRTF_B,3,2.652,-72.5,-34.52,15,1
P007,HRTF_B,3,2.666,-72.67,-33.58,15,1
P007,HRTF_B,3,2.68,-72.81,-32.68,15,1
P007,HRTF_B,3,2.694,-72.91,-31.79,15,1
P007,HRTF_B,3,2.708,-72.97,-30.92,15,1
P007,HRTF_B,3,2.722,-72.98,-30.1,15,1
P007,HRTF_B,3,2.736,-72.95,-29.32,15,1
P007,HRTF_B,3,2.75,-72.92,-28.56,15,1
P007,HRTF_B,3,2.764,-72.87,-27.81,15,1
P007,HRTF_B,3,2.777,-72.79,-27.08,15,1
P007,HRTF_B,3,2.792,-72.67,-26.31,15,1
P007,HRTF_B,3,2.806,-72.49,-25.55,15,1
P007,HRTF_B,3,2.819,-72.35,-24.78,15,1
P007,HRTF_B,3,2.833,-72.2,-24.06,15,1
P007,HRTF_B,3,2.847,-72.06,-23.37,15,1
P007,HRTF_B,3,2.861,-71.88,-22.72,15,1
P007,HRTF_B,3,2.875,-71.69,-22.08,15,1
P007,HRTF_B,3,2.889,-71.51,-21.41,15,1
P007,HRTF_B,3,2.902,-71.29,-20.75,15,1
P007,HRTF_B,3,2.916,-71.1,-20.09,15,1
P007,HRTF_B,3,2.93,-70.97,-19.42,15,1
P007,HRTF_B,3,2.944,-70.84,-18.8,15,1
P007,HRTF_B,3,2.958,-70.68,-18.23,15,1
P007,HRTF_B,3,2.972,-70.52,-17.69,15,1
P007,HRTF_B,3,2.986,-70.37,-17.26,15,1
P007,HRTF_B,3,3.0,-70.28,-16.78,15,1
P007,HRTF_B,3,3.013,-70.22,-16.29,15,1
P007,HRTF_B,3,3.027,-70.18,-15.79,15,1
P007,HRTF_B,3,3.041,-70.17,-15.28,15,1
P007,HRTF_B,3,3.055,-70.14,-14.76,15,1
P007,HRTF_B,3,3.069,-70.08,-14.27,15,1
P007,HRTF_B,3,3.083,-70.03,-13.81,15,1
P007,HRTF_B,3,3.097,-69.97,-13.36,15,1
P007,HRTF_B,3,3.111,-69.87,-12.98,15,1
P007,HRTF_B,3,3.125,-69.73,-12.64,15,1
P007,HRTF_B,3,3.138,-69.54,-12.31,15,1
P007,HRTF_B,3,3.152,-69.29,-12.0,15,1
P007,HRTF_B,3,3.166,-69.06,-11.7,15,1
P007,HRTF_B,3,3.18,-68.81,-11.38,15,1
P007,HRTF_B,3,3.194,-68.56,-11.11,15,1
P007,HRTF_B,3,3.208,-68.29,-10.81,15,1
P007,HRTF_B,3,3.225,-67.98,-10.52,15,1
P007,HRTF_B,3,3.237,-67.63,-10.21,15,1
P007,HRTF_B,3,3.25,-67.26,-9.91,15,1
P007,HRTF_B,3,3.264,-66.84,-9.63,15,1
P007,HRTF_B,3,3.277,-66.41,-9.38,15,1
P007,HRTF_B,3,3.291,-65.97,-9.12,15,1
P007,HRTF_B,3,3.305,-65.54,-8.91,15,1
P007,HRTF_B,3,3.319,-65.11,-8.64,15,1
P007,HRTF_B,3,3.333,-64.67,-8.34,15,1
P007,HRTF_B,3,3.347,-64.23,-8.03,15,1
P007,HRTF_B,3,3.361,-63.81,-7.73,15,1
P007,HRTF_B,3,3.374,-63.37,-7.4,15,1
P007,HRTF_B,3,3.389,-62.93,-7.04,15,1
P007,HRTF_B,3,3.402,-62.49,-6.62,15,1
P007,HRTF_B,3,3.416,-62.06,-6.16,15,1
P007,HRTF_B,3,3.43,-61.65,-5.67,15,1
P007,HRTF_B,3,3.444,-61.27,-5.19,15,1
P007,HRTF_B,3,3.458,-60.87,-4.71,15,1
P007,HRTF_B,3,3.472,-60.45,-4.24,15,1
P007,HRTF_B,3,3.486,-60.05,-3.7,15,1
P007,HRTF_B,3,3.5,-59.67,-3.03,15,1
P007,HRTF_B,3,3.514,-59.31,-2.31,15,1
P007,HRTF_B,3,3.527,-58.98,-1.55,15,1
P007,HRTF_B,3,3.541,-58.67,-0.82,15,1
P007,HRTF_B,3,3.555,-58.37,-0.11,15,1
P007,HRTF_B,3,3.569,-58.08,0.63,15,1
P007,HRTF_B,3,3.583,-57.8,1.45,15,1
P007,HRTF_B,3,3.597,-57.54,2.29,15,1
P007,HRTF_B,3,3.611,-57.31,3.11,15,1
P007,HRTF_B,3,3.624,-57.06,3.82,15,1
P007,HRTF_B,3,3.639,-56.81,4.49,15,1
P007,HRTF_B,3,3.652,-56.53,5.09,15,1
P007,HRTF_B,3,3.667,-56.23,5.63,15,1
P007,HRTF_B,3,3.68,-55.89,6.13,15,1
P007,HRTF_B,3,3.694,-55.55,6.61,15,1
P007,HRTF_B,3,3.708,-55.21,7.05,15,1
P007,HRTF_B,3,3.722,-54.87,7.47,15,1
P007,HRTF_B,3,3.736,-54.55,7.84,15,1
P007,HRTF_B,3,3.749,-54.24,8.2,15,1
P007,HRTF_B,3,3.764,-53.92,8.53,15,1
P007,HRTF_B,3,3.777,-53.58,8.83,15,1
P007,HRTF_B,3,3.791,-53.23,9.17,15,1
P007,HRTF_B,3,3.805,-52.88,9.5,15,1
P007,HRTF_B,3,3.819,-52.51,9.82,15,1
P007,HRTF_B,3,3.833,-52.18,10.14,15,1
P007,HRTF_B,3,3.847,-51.83,10.43,15,1
P007,HRTF_B,3,3.861,-51.45,10.71,15,1
P007,HRTF_B,3,3.875,-51.02,10.93,15,1
P007,HRTF_B,3,3.889,-50.54,11.15,15,1
P007,HRTF_B,3,3.902,-50.02,11.35,15,1
P007,HRTF_B,3,3.916,-49.47,11.56,15,1
P007,HRTF_B,3,3.93,-48.92,11.75,15,1
P007,HRTF_B,3,3.944,-48.3,11.88,15,1
P007,HRTF_B,3,3.958,-47.65,11.97,15,1
P007,HRTF_B,3,3.972,-46.95,12.04,15,1
P007,HRTF_B,3,3.986,-46.18,12.08,15,1
P007,HRTF_B,3,3.999,-45.36,12.14,15,1
P007,HRTF_B,3,4.014,-44.49,12.16,15,1
P007,HRTF_B,3,4.028,-43.61,12.18,15,1
P007,HRTF_B,3,4.041,-42.68,12.19,15,1
P007,HRTF_B,3,4.055,-41.69,12.19,15,1
P007,HRTF_B,3,4.069,-40.68,12.22,15,1
P007,HRTF_B,3,4.083,-39.64,12.25,15,1
P007,HRTF_B,3,4.097,-38.56,12.26,15,1
P007,HRTF_B,3,4.111,-37.42,12.29,15,1
P007,HRTF_B,3,4.125,-36.26,12.29,15,1
P007,HRTF_B,3,4.138,-35.08,12.28,15,1
P007,HRTF_B,3,4.152,-33.88,12.32,15,1
P007,HRTF_B,3,4.166,-32.67,12.34,15,1
P007,HRTF_B,3,4.18,-31.42,12.33,15,1
P007,HRTF_B,3,4.194,-30.09,12.3,15,1
P007,HRTF_B,3,4.208,-28.72,12.2,15,1
P007,HRTF_B,3,4.222,-27.31,12.12,15,1
P007,HRTF_B,3,4.235,-25.9,12.01,15,1
P007,HRTF_B,3,4.25,-24.46,11.89,15,1
P007,HRTF_B,3,4.263,-23.02,11.76,15,1
P007,HRTF_B,3,4.277,-21.57,11.62,15,1
P007,HRTF_B,3,4.291,-20.12,11.48,15,1
P007,HRTF_B,3,4.305,-18.68,11.39,15,1
P007,HRTF_B,3,4.319,-17.28,11.29,15,1
P007,HRTF_B,3,4.333,-15.91,11.15,15,1
P007,HRTF_B,3,4.347,-14.55,10.99,15,1
P007,HRTF_B,3,4.361,-13.22,10.74,15,1
P007,HRTF_B,3,4.375,-11.9,10.49,15,1
P007,HRTF_B,3,4.388,-10.6,10.24,15,1
P007,HRTF_B,3,4.402,-9.35,9.97,15,1
P007,HRTF_B,3,4.416,-8.14,9.67,15,1
P007,HRTF_B,3,4.43,-6.93,9.34,15,1
P007,HRTF_B,3,4.444,-5.76,9.05,15,1
P007,HRTF_B,3,4.458,-4.61,8.81,15,1
P007,HRTF_B,3,4.472,-3.48,8.64,15,1
P007,HRTF_B,3,4.486,-2.39,8.54,15,1
P007,HRTF_B,3,4.499,-1.34,8.52,15,1
P007,HRTF_B,3,4.513,-0.31,8.48,15,1
P007,HRTF_B,3,4.527,0.69,8.43,15,1
P007,HRTF_B,3,4.541,1.71,8.37,15,1
P007,HRTF_B,3,4.555,2.72,8.29,15,1
P007,HRTF_B,3,4.569,3.7,8.26,15,1
P007,HRTF_B,3,4.583,4.64,8.23,15,1
P007,HRTF_B,3,4.597,5.57,8.26,15,1
P007,HRTF_B,3,4.61,6.47,8.24,15,1
P007,HRTF_B,3,4.624,7.38,8.22,15,1
P007,HRTF_B,3,4.639,8.27,8.24,15,1
P007,HRTF_B,3,4.652,9.15,8.28,15,1
P007,HRTF_B,3,4.666,10.03,8.32,15,1
P007,HRTF_B,3,4.68,10.93,8.38,15,1
P007,HRTF_B,3,4.694,11.83,8.44,15,1
P007,HRTF_B,3,4.708,12.74,8.5,15,1
P007,HRTF_B,3,4.721,13.68,8.54,15,1
P007,HRTF_B,3,4.736,14.63,8.57,15,1
P007,HRTF_B,3,4.749,15.58,8.59,15,1
P007,HRTF_B,3,4.763,16.53,8.61,15,1
P007,HRTF_B,3,4.777,17.51,8.6,15,1
P007,HRTF_B,3,4.791,18.53,8.57,15,1
P007,HRTF_B,3,4.805,19.55,8.57,15,1
P007,HRTF_B,3,4.819,20.61,8.58,15,1
P007,HRTF_B,3,4.833,21.67,8.56,15,1
P007,HRTF_B,3,4.847,22.79,8.53,15,1
P007,HRTF_B,3,4.861,23.96,8.48,15,1
P007,HRTF_B,3,4.874,25.17,8.44,15,1
P007,HRTF_B,3,4.888,26.44,8.41,15,1
P007,HRTF_B,3,4.902,27.75,8.43,15,1
P007,HRTF_B,3,4.916,29.13,8.44,15,1
P007,HRTF_B,3,4.93,30.56,8.42,15,1
P007,HRTF_B,3,4.944,32.05,8.36,15,1
P007,HRTF_B,3,4.958,33.6,8.31,15,1
P007,HRTF_B,3,4.971,35.15,8.26,15,1
P007,HRTF_B,3,4.986,36.68,8.21,15,1
P007,HRTF_B,3,4.999,38.17,8.13,15,1
P007,HRTF_B,3,5.013,39.64,8.01,15,1
P007,HRTF_B,3,5.027,41.09,7.8,15,1
P007,HRTF_B,3,5.041,42.51,7.56,15,1
P007,HRTF_B,3,5.055,43.91,7.27,15,1
P007,HRTF_B,3,5.069,45.27,6.98,15,1
P007,HRTF_B,3,5.082,46.59,6.67,15,1
P007,HRTF_B,3,5.097,47.85,6.37,15,1
P007,HRTF_B,3,5.11,49.05,6.06,15,1
P007,HRTF_B,3,5.125,50.23,5.76,15,1
P007,HRTF_B,3,5.138,51.39,5.44,15,1
P007,HRTF_B,3,5.152,52.49,5.12,15,1
P007,HRTF_B,3,5.166,53.56,4.82,15,1
P007,HRTF_B,3,5.18,54.58,4.56,15,1
P007,HRTF_B,3,5.194,55.55,4.33,15,1
P007,HRTF_B,3,5.208,56.48,4.11,15,1
P007,HRTF_B,3,5.222,57.37,3.91,15,1
P007,HRTF_B,3,5.235,58.23,3.68,15,1
P007,HRTF_B,3,5.25,59.07,3.46,15,1
P007,HRTF_B,3,5.263,59.89,3.26,15,1
P007,HRTF_B,3,5.277,60.66,3.08,15,1
P007,HRTF_B,3,5.291,61.41,2.93,15,1
P007,HRTF_B,3,5.305,62.12,2.76,15,1
P007,HRTF_B,3,5.319,62.81,2.6,15,1
P007,HRTF_B,3,5.333,63.48,2.44,15,1
P007,HRTF_B,3,5.347,64.15,2.29,15,1
P007,HRTF_B,3,5.361,64.81,2.2,15,1
P007,HRTF_B,3,5.374,65.47,2.13,15,1
P007,HRTF_B,3,5.388,66.14,2.03,15,1
P007,HRTF_B,3,5.402,66.86,1.9,15,1
P007,HRTF_B,3,5.416,67.56,1.8,15,1
P007,HRTF_B,3,5.43,68.27,1.65,15,1
P007,HRTF_B,3,5.444,69.0,1.53,15,1
P007,HRTF_B,3,5.458,69.75,1.42,15,1
P007,HRTF_B,3,5.472,70.5,1.29,15,1
P007,HRTF_B,3,5.485,71.28,1.13,15,1
P007,HRTF_B,3,5.499,72.05,0.98,15,1
P007,HRTF_B,3,5.513,72.86,0.81,15,1
P007,HRTF_B,3,5.527,73.63,0.65,15,1
P007,HRTF_B,3,5.541,74.4,0.46,15,1
P007,HRTF_B,3,5.555,75.13,0.24,15,1
P007,HRTF_B,3,5.569,75.83,0.0,15,1
P007,HRTF_B,3,5.583,76.5,-0.3,15,1
P007,HRTF_B,3,5.597,77.11,-0.67,15,1
P007,HRTF_B,3,5.61,77.71,-1.08,15,1
P007,HRTF_B,3,5.624,78.29,-1.49,15,1
P007,HRTF_B,3,5.638,78.84,-1.94,15,1
P007,HRTF_B,4,0.014,-14.27,-4.42,30,1
P007,HRTF_B,4,0.028,-14.5,-4.39,30,1
P007,HRTF_B,4,0.042,-14.7,-4.41,30,1
P007,HRTF_B,4,0.056,-14.89,-4.47,30,1
P007,HRTF_B,4,0.069,-15.06,-4.57,30,1
P007,HRTF_B,4,0.083,-15.23,-4.69,30,1
P007,HRTF_B,4,0.097,-15.4,-4.81,30,1
P007,HRTF_B,4,0.111,-15.61,-4.91,30,1
P007,HRTF_B,4,0.125,-15.85,-4.97,30,1
P007,HRTF_B,4,0.139,-16.15,-4.99,30,1
P007,HRTF_B,4,0.153,-16.48,-4.99,30,1
P007,HRTF_B,4,0.167,-16.89,-4.94,30,1
P007,HRTF_B,4,0.181,-17.34,-4.82,30,1
P007,HRTF_B,4,0.195,-17.87,-4.7,30,1
P007,HRTF_B,4,0.209,-18.42,-4.62,30,1
P007,HRTF_B,4,0.222,-18.99,-4.5,30,1
P007,HRTF_B,4,0.236,-19.58,-4.42,30,1
P007,HRTF_B,4,0.251,-20.23,-4.32,30,1
P007,HRTF_B,4,0.264,-20.93,-4.19,30,1
P007,HRTF_B,4,0.278,-21.72,-4.08,30,1
P007,HRTF_B,4,0.292,-22.58,-4.05,30,1
P007,HRTF_B,4,0.306,-23.41,-4.08,30,1
P007,HRTF_B,4,0.32,-24.26,-4.15,30,1
P007,HRTF_B,4,0.333,-25.12,-4.25,30,1
P007,HRTF_B,4,0.347,-26.06,-4.36,30,1
P007,HRTF_B,4,0.362,-27.02,-4.43,30,1
P007,HRTF_B,4,0.375,-28.07,-4.43,30,1
P007,HRTF_B,4,0.389,-29.13,-4.47,30,1
P007,HRTF_B,4,0.403,-30.24,-4.55,30,1
P007,HRTF_B,4,0.417,-31.36,-4.8,30,1
P007,HRTF_B,4,0.431,-32.58,-5.05,30,1
P007,HRTF_B,4,0.445,-33.76,-5.42,30,1
P007,HRTF_B,4,0.459,-35.03,-5.64,30,1
P007,HRTF_B,4,0.473,-36.28,-5.83,30,1
P007,HRTF_B,4,0.486,-37.59,-5.98,30,1
P007,HRTF_B,4,0.5,-38.89,-6.15,30,1
P007,HRTF_B,4,0.514,-40.18,-6.37,30,1
P007,HRTF_B,4,0.528,-41.43,-6.61,30,1
P007,HRTF_B,4,0.542,-42.6,-6.81,30,1
P007,HRTF_B,4,0.556,-43.72,-6.94,30,1
P007,HRTF_B,4,0.57,-44.75,-7.03,30,1
P007,HRTF_B,4,0.584,-45.71,-7.07,30,1
P007,HRTF_B,4,0.597,-46.57,-7.16,30,1
P007,HRTF_B,4,0.611,-47.32,-7.33,30,1
P007,HRTF_B,4,0.625,-47.96,-7.46,30,1
P007,HRTF_B,4,0.639,-48.48,-7.56,30,1
P007,HRTF_B,4,0.653,-48.92,-7.54,30,1
P007,HRTF_B,4,0.667,-49.12,-7.35,30,1
P007,HRTF_B,4,0.681,-49.4,-7.22,30,1
P007,HRTF_B,4,0.695,-49.58,-7.08,30,1
P007,HRTF_B,4,0.709,-49.68,-6.99,30,1
P007,HRTF_B,4,0.723,-49.68,-6.9,30,1
P007,HRTF_B,4,0.736,-49.61,-6.79,30,1
P007,HRTF_B,4,0.75,-49.48,-6.62,30,1
P007,HRTF_B,4,0.764,-49.34,-6.46,30,1
P007,HRTF_B,4,0.778,-49.18,-6.33,30,1
P007,HRTF_B,4,0.792,-49.0,-6.24,30,1
P007,HRTF_B,4,0.806,-48.78,-6.17,30,1
P007,HRTF_B,4,0.82,-48.49,-6.05,30,1
P007,HRTF_B,4,0.834,-48.12,-5.88,30,1
P007,HRTF_B,4,0.847,-47.66,-5.69,30,1
P007,HRTF_B,4,0.862,-47.18,-5.52,30,1
P007,HRTF_B,4,0.875,-46.66,-5.39,30,1
P007,HRTF_B,4,0.889,-46.12,-5.28,30,1
P007,HRTF_B,4,0.903,-45.48,-5.15,30,1
P007,HRTF_B,4,0.917,-44.8,-5.02,30,1
P007,HRTF_B,4,0.931,-44.07,-4.86,30,1
P007,HRTF_B,4,0.944,-43.35,-4.67,30,1
P007,HRTF_B,4,0.959,-42.63,-4.52,30,1
P007,HRTF_B,4,0.972,-41.91,-4.41,30,1
P007,HRTF_B,4,0.986,-41.22,-4.27,30,1
P007,HRTF_B,4,1.001,-40.53,-4.06,30,1
P007,HRTF_B,4,1.014,-39.88,-3.83,30,1
P007,HRTF_B,4,1.028,-39.28,-3.58,30,1
P007,HRTF_B,4,1.042,-38.71,-3.36,30,1
P007,HRTF_B,4,1.056,-38.16,-3.2,30,1
P007,HRTF_B,4,1.07,-37.69,-3.05,30,1
P007,HRTF_B,4,1.084,-37.29,-2.88,30,1
P007,HRTF_B,4,1.097,-36.89,-2.73,30,1
P007,HRTF_B,4,1.112,-36.56,-2.5,30,1
P007,HRTF_B,4,1.125,-36.24,-2.33,30,1
P007,HRTF_B,4,1.139,-35.97,-2.2,30,1
P007,HRTF_B,5,0.014,-4.15,-3.88,6,1
P007,HRTF_B,5,0.028,-3.92,-3.72,6,1
P007,HRTF_B,5,0.042,-3.73,-3.57,6,1
P007,HRTF_B,5,0.056,-3.55,-3.43,6,1
P007,HRTF_B,5,0.069,-3.4,-3.29,6,1
P007,HRTF_B,5,0.083,-3.27,-3.18,6,1
P007,HRTF_B,5,0.097,-3.19,-3.06,6,1
P007,HRTF_B,5,0.111,-3.14,-3.05,6,1
P007,HRTF_B,5,0.125,-3.12,-3.08,6,1
P007,HRTF_B,5,0.139,-3.07,-3.19,6,1
P007,HRTF_B,5,0.153,-3.05,-3.32,6,1
P007,HRTF_B,5,0.166,-2.99,-3.43,6,1
P007,HRTF_B,5,0.18,-3.13,-3.42,6,1
P007,HRTF_B,5,0.194,-3.29,-3.48,6,1
P007,HRTF_B,5,0.208,-3.39,-3.51,6,1
P007,HRTF_B,5,0.222,-3.62,-3.63,6,1
P007,HRTF_B,5,0.236,-3.84,-3.73,6,1
P007,HRTF_B,5,0.25,-4.08,-3.9,6,1
P007,HRTF_B,5,0.264,-4.37,-4.04,6,1
P007,HRTF_B,5,0.278,-4.45,-4.33,6,1
P007,HRTF_B,5,0.291,-4.59,-4.59,6,1
P007,HRTF_B,5,0.305,-4.74,-4.52,6,1
P007,HRTF_B,5,0.319,-4.79,-4.59,6,1
P007,HRTF_B,5,0.333,-4.69,-4.43,6,1
P007,HRTF_B,5,0.347,-4.48,-4.26,6,1
P007,HRTF_B,5,0.361,-4.16,-4.16,6,1
P007,HRTF_B,5,0.375,-3.79,-4.05,6,1
P007,HRTF_B,5,0.389,-3.43,-3.78,6,1
P007,HRTF_B,5,0.403,-3.11,-3.43,6,1
P007,HRTF_B,5,0.416,-2.82,-3.2,6,1
P007,HRTF_B,5,0.43,-2.54,-2.99,6,1
P007,HRTF_B,5,0.444,-2.26,-2.85,6,1
P007,HRTF_B,5,0.458,-2.04,-2.73,6,1
P007,HRTF_B,5,0.472,-1.79,-2.6,6,1
P007,HRTF_B,5,0.486,-1.67,-2.53,6,1
P007,HRTF_B,5,0.5,-1.52,-2.38,6,1
P007,HRTF_B,5,0.513,-1.45,-2.46,6,1
P007,HRTF_B,5,0.528,-1.4,-2.58,6,1
P007,HRTF_B,5,0.541,-1.38,-2.63,6,1
P007,HRTF_B,5,0.555,-1.41,-2.57,6,1
P007,HRTF_B,5,0.569,-1.49,-2.54,6,1
P007,HRTF_B,5,0.583,-1.58,-2.45,6,1
P007,HRTF_B,5,0.597,-1.69,-2.36,6,1
P007,HRTF_B,5,0.611,-1.82,-2.33,6,1
P007,HRTF_B,5,0.625,-1.94,-2.4,6,1
P007,HRTF_B,5,0.639,-2.07,-2.45,6,1
P007,HRTF_B,5,0.653,-2.24,-2.51,6,1
P007,HRTF_B,5,0.666,-2.43,-2.58,6,1
P007,HRTF_B,5,0.68,-2.69,-2.61,6,1
P007,HRTF_B,5,0.694,-2.97,-2.69,6,1
P007,HRTF_B,5,0.708,-3.32,-2.72,6,1
P007,HRTF_B,5,0.722,-3.65,-2.78,6,1
P007,HRTF_B,5,0.736,-3.99,-2.83,6,1
P007,HRTF_B,5,0.75,-4.35,-2.9,6,1
P007,HRTF_B,5,0.764,-4.78,-2.99,6,1
P007,HRTF_B,5,0.778,-5.27,-3.09,6,1
P007,HRTF_B,5,0.791,-5.81,-3.19,6,1
P007,HRTF_B,5,0.805,-6.39,-3.29,6,1
P007,HRTF_B,5,0.819,-6.96,-3.44,6,1
P007,HRTF_B,5,0.833,-7.55,-3.58,6,1
P007,HRTF_B,5,0.847,-8.18,-3.82,6,1
P007,HRTF_B,5,0.861,-8.87,-4.07,6,1
P007,HRTF_B,5,0.875,-9.65,-4.31,6,1
P007,HRTF_B,5,0.889,-10.48,-4.51,6,1
P007,HRTF_B,5,0.903,-11.36,-4.69,6,1
P007,HRTF_B,5,0.916,-12.26,-4.89,6,1
P007,HRTF_B,5,0.93,-13.18,-5.14,6,1
P007,HRTF_B,5,0.944,-14.12,-5.43,6,1
P007,HRTF_B,5,0.958,-15.05,-5.73,6,1
P007,HRTF_B,5,0.972,-16.08,-6.01,6,1
P007,HRTF_B,5,0.986,-17.1,-6.28,6,1
P007,HRTF_B,5,1.0,-18.14,-6.58,6,1
P007,HRTF_B,5,1.014,-19.2,-6.87,6,1
P007,HRTF_B,5,1.028,-20.3,-7.26,6,1
P007,HRTF_B,5,1.041,-21.35,-7.64,6,1
P007,HRTF_B,5,1.055,-22.52,-7.94,6,1
P007,HRTF_B,5,1.069,-23.68,-8.34,6,1
P007,HRTF_B,5,1.083,-24.82,-8.73,6,1
P007,HRTF_B,5,1.097,-26.05,-9.14,6,1
P007,HRTF_B,5,1.111,-27.28,-9.61,6,1
P007,HRTF_B,5,1.124,-28.53,-10.09,6,1
P007,HRTF_B,5,1.139,-29.82,-10.6,6,1
P007,HRTF_B,5,1.152,-31.11,-11.15,6,1
P007,HRTF_B,5,1.166,-32.41,-11.75,6,1
P007,HRTF_B,5,1.18,-33.71,-12.4,6,1
P007,HRTF_B,5,1.194,-34.98,-13.02,6,1
P007,HRTF_B,5,1.208,-36.26,-13.64,6,1
P007,HRTF_B,5,1.222,-37.51,-14.22,6,1
P007,HRTF_B,5,1.236,-38.75,-14.78,6,1
P007,HRTF_B,5,1.249,-39.97,-15.33,6,1
P007,HRTF_B,5,1.264,-41.17,-15.86,6,1
P007,HRTF_B,5,1.277,-42.33,-16.35,6,1
P007,HRTF_B,5,1.291,-43.46,-16.84,6,1
P007,HRTF_B,5,1.305,-44.54,-17.27,6,1
P007,HRTF_B,5,1.319,-45.57,-17.69,6,1
P007,HRTF_B,5,1.333,-46.58,-18.12,6,1
P007,HRTF_B,5,1.347,-47.51,-18.51,6,1
P007,HRTF_B,5,1.36,-48.42,-18.92,6,1
P007,HRTF_B,5,1.375,-49.28,-19.31,6,1
P007,HRTF_B,5,1.388,-50.12,-19.74,6,1
P007,HRTF_B,5,1.402,-50.98,-20.17,6,1
P007,HRTF_B,5,1.416,-51.82,-20.63,6,1
P007,HRTF_B,5,1.43,-52.67,-21.13,6,1
P007,HRTF_B,5,1.444,-53.53,-21.62,6,1
P007,HRTF_B,5,1.458,-54.37,-22.13,6,1
P007,HRTF_B,5,1.472,-55.21,-22.67,6,1
P007,HRTF_B,5,1.486,-56.05,-23.18,6,1
P007,HRTF_B,5,1.499,-56.95,-23.69,6,1
P007,HRTF_B,5,1.513,-57.83,-24.21,6,1
P007,HRTF_B,5,1.527,-58.74,-24.79,6,1
P007,HRTF_B,5,1.542,-59.7,-25.22,6,1
P007,HRTF_B,5,1.556,-60.7,-25.59,6,1
P007,HRTF_B,5,1.569,-61.71,-25.98,6,1
P007,HRTF_B,5,1.583,-62.73,-26.33,6,1
P007,HRTF_B,5,1.597,-63.81,-26.52,6,1
P007,HRTF_B,5,1.611,-64.79,-26.84,6,1
P007,HRTF_B,5,1.625,-65.86,-27.08,6,1
P007,HRTF_B,5,1.639,-66.94,-27.29,6,1
P007,HRTF_B,5,1.652,-68.04,-27.51,6,1
P007,HRTF_B,5,1.666,-69.14,-27.77,6,1
P007,HRTF_B,5,1.68,-70.26,-28.06,6,1
P007,HRTF_B,5,1.694,-71.38,-28.42,6,1
P007,HRTF_B,5,1.708,-72.54,-28.61,6,1
P007,HRTF_B,5,1.722,-73.69,-28.92,6,1
P007,HRTF_B,5,1.736,-74.83,-29.22,6,1
P007,HRTF_B,5,1.75,-75.97,-29.52,6,1
P007,HRTF_B,5,1.764,-77.09,-29.81,6,1
P007,HRTF_B,5,1.777,-78.23,-30.12,6,1
P007,HRTF_B,5,1.791,-79.37,-30.4,6,1
P007,HRTF_B,5,1.805,-80.52,-30.63,6,1
P007,HRTF_B,5,1.819,-81.66,-30.9,6,1
P007,HRTF_B,5,1.833,-82.79,-31.16,6,1
P007,HRTF_B,5,1.847,-83.93,-31.44,6,1
P007,HRTF_B,5,1.861,-85.12,-31.59,6,1
P007,HRTF_B,5,1.874,-86.17,-31.98,6,1
P007,HRTF_B,5,1.888,-87.34,-32.2,6,1
P007,HRTF_B,5,1.902,-88.44,-32.47,6,1
P007,HRTF_B,5,1.916,-89.59,-32.75,6,1
P007,HRTF_B,5,1.93,-90.76,-33.06,6,1
P007,HRTF_B,5,1.944,-91.95,-33.38,6,1
P007,HRTF_B,5,1.958,-93.16,-33.71,6,1
P007,HRTF_B,5,1.972,-94.39,-34.02,6,1
P007,HRTF_B,5,1.986,-95.65,-34.32,6,1
P007,HRTF_B,5,2.0,-96.91,-34.67,6,1
P007,HRTF_B,5,2.014,-98.16,-35.01,6,1
P007,HRTF_B,5,2.027,-99.42,-35.39,6,1
P007,HRTF_B,5,2.041,-100.69,-35.78,6,1
P007,HRTF_B,5,2.055,-101.99,-36.19,6,1
P007,HRTF_B,5,2.069,-103.25,-36.59,6,1
P007,HRTF_B,5,2.083,-104.51,-37.01,6,1
P007,HRTF_B,5,2.097,-105.77,-37.4,6,1
P007,HRTF_B,5,2.111,-107.0,-37.8,6,1
P007,HRTF_B,5,2.124,-108.24,-38.15,6,1
P007,HRTF_B,5,2.138,-109.48,-38.45,6,1
P007,HRTF_B,5,2.152,-110.67,-38.69,6,1
P007,HRTF_B,5,2.166,-111.67,-38.96,6,1
P007,HRTF_B,5,2.18,-112.69,-39.18,6,1
P007,HRTF_B,5,2.194,-113.62,-39.41,6,1
P007,HRTF_B,5,2.208,-114.51,-39.57,6,1
P007,HRTF_B,5,2.222,-115.36,-39.67,6,1
P007,HRTF_B,5,2.236,-116.17,-39.77,6,1
P007,HRTF_B,5,2.25,-116.99,-39.86,6,1
P007,HRTF_B,5,2.264,-117.82,-40.0,6,1
P007,HRTF_B,5,2.277,-118.69,-40.2,6,1
P007,HRTF_B,5,2.291,-119.55,-40.4,6,1
P007,HRTF_B,5,2.305,-120.44,-40.58,6,1
P007,HRTF_B,5,2.319,-121.31,-40.81,6,1
P007,HRTF_B,5,2.333,-122.14,-41.06,6,1
P007,HRTF_B,5,2.347,-123.02,-41.34,6,1
P007,HRTF_B,5,2.361,-123.84,-41.63,6,1
P007,HRTF_B,5,2.375,-124.63,-41.91,6,1
P007,HRTF_B,5,2.389,-125.44,-42.17,6,1
P007,HRTF_B,5,2.403,-126.23,-42.44,6,1
P007,HRTF_B,5,2.417,-127.02,-42.74,6,1
P007,HRTF_B,5,2.43,-127.8,-43.03,6,1
P007,HRTF_B,5,2.444,-128.63,-43.31,6,1
P007,HRTF_B,5,2.458,-129.46,-43.6,6,1
P007,HRTF_B,5,2.472,-130.29,-43.86,6,1
P007,HRTF_B,5,2.486,-131.13,-44.16,6,1
P007,HRTF_B,5,2.5,-131.98,-44.45,6,1
P007,HRTF_B,5,2.514,-132.9,-44.75,6,1
P007,HRTF_B,5,2.527,-133.8,-44.99,6,1
P007,HRTF_B,5,2.541,-134.91,-45.14,6,1
P007,HRTF_B,5,2.555,-135.76,-45.47,6,1
P007,HRTF_B,5,2.569,-136.62,-45.67,6,1
P007,HRTF_B,5,2.583,-137.5,-45.88,6,1
P007,HRTF_B,5,2.597,-138.31,-46.15,6,1
P007,HRTF_B,5,2.611,-139.11,-46.36,6,1
P007,HRTF_B,5,2.625,-139.89,-46.5,6,1
P007,HRTF_B,5,2.638,-140.63,-46.61,6,1
P007,HRTF_B,5,2.652,-141.36,-46.67,6,1
P007,HRTF_B,5,2.666,-142.11,-46.73,6,1
P007,HRTF_B,5,2.68,-142.83,-46.82,6,1
P007,HRTF_B,5,2.694,-143.56,-46.92,6,1
P007,HRTF_B,5,2.708,-144.32,-47.08,6,1
P007,HRTF_B,5,2.722,-145.08,-47.27,6,1
P007,HRTF_B,5,2.736,-145.88,-47.49,6,1
P007,HRTF_B,5,2.75,-146.67,-47.71,6,1
P007,HRTF_B,5,2.764,-147.46,-48.0,6,1
P007,HRTF_B,5,2.778,-148.28,-48.29,6,1
P007,HRTF_B,5,2.791,-149.11,-48.54,6,1
P007,HRTF_B,5,2.805,-149.95,-48.8,6,1
P007,HRTF_B,5,2.819,-150.76,-49.04,6,1
P007,HRTF_B,5,2.833,-151.51,-49.31,6,1
P007,HRTF_B,5,2.847,-152.23,-49.61,6,1
P007,HRTF_B,5,2.861,-152.9,-49.95,6,1
P007,HRTF_B,5,2.874,-153.54,-50.28,6,1
P007,HRTF_B,5,2.889,-154.17,-50.6,6,1
P007,HRTF_B,5,2.903,-154.77,-50.88,6,1
P007,HRTF_B,5,2.916,-155.42,-51.14,6,1
P007,HRTF_B,5,2.93,-156.03,-51.36,6,1
P007,HRTF_B,5,2.944,-156.65,-51.55,6,1
P007,HRTF_B,5,2.958,-157.26,-51.71,6,1
P007,HRTF_B,5,2.972,-157.84,-51.81,6,1
P007,HRTF_B,5,2.986,-158.44,-51.8,6,1
P007,HRTF_B,5,3.0,-159.01,-51.75,6,1
P007,HRTF_B,5,3.014,-159.59,-51.65,6,1
P007,HRTF_B,5,3.027,-160.15,-51.59,6,1
P007,HRTF_B,5,3.041,-160.77,-51.52,6,1
P007,HRTF_B,5,3.055,-161.37,-51.43,6,1
P007,HRTF_B,5,3.069,-161.94,-51.35,6,1
P007,HRTF_B,5,3.083,-162.57,-51.24,6,1
P007,HRTF_B,5,3.097,-163.21,-51.11,6,1
P007,HRTF_B,5,3.111,-163.87,-50.95,6,1
P007,HRTF_B,5,3.125,-164.56,-50.79,6,1
P007,HRTF_B,5,3.139,-165.24,-50.6,6,1
P007,HRTF_B,5,3.152,-165.9,-50.41,6,1
P007,HRTF_B,5,3.166,-166.62,-50.21,6,1
P007,HRTF_B,5,3.18,-167.37,-50.02,6,1
P007,HRTF_B,5,3.194,-168.16,-49.81,6,1
P007,HRTF_B,5,3.208,-168.97,-49.61,6,1
P007,HRTF_B,5,3.222,-169.8,-49.38,6,1
P007,HRTF_B,5,3.236,-170.64,-49.11,6,1
P007,HRTF_B,5,3.25,-171.5,-48.84,6,1
P007,HRTF_B,5,3.264,-172.36,-48.59,6,1
P007,HRTF_B,5,3.277,-173.2,-48.35,6,1
P007,HRTF_B,5,3.292,-174.03,-48.05,6,1
P007,HRTF_B,5,3.305,-174.88,-47.71,6,1
P007,HRTF_B,5,3.319,-175.7,-47.33,6,1
P007,HRTF_B,5,3.333,-176.48,-46.97,6,1
P007,HRTF_B,5,3.347,-177.23,-46.64,6,1
P007,HRTF_B,5,3.361,-177.95,-46.3,6,1
P007,HRTF_B,5,3.375,-178.69,-45.94,6,1
P007,HRTF_B,5,3.389,-179.39,-45.51,6,1
P007,HRTF_B,5,3.403,179.9,-45.03,6,1
P007,HRTF_B,5,3.416,179.22,-44.48,6,1
P007,HRTF_B,5,3.43,178.6,-43.81,6,1
P007,HRTF_B,5,3.444,178.04,-42.91,6,1
P007,HRTF_B,5,3.458,177.52,-41.78,6,1
P007,HRTF_B,5,3.472,177.03,-40.3,6,1
P007,HRTF_B,5,3.486,176.59,-38.49,6,1
P007,HRTF_B,5,3.5,176.18,-36.46,6,1
P007,HRTF_B,5,3.513,175.78,-34.23,6,1
P007,HRTF_B,5,3.528,175.4,-31.88,6,1
P007,HRTF_B,5,3.541,175.01,-29.5,6,1
P007,HRTF_B,5,3.555,174.65,-27.22,6,1
P007,HRTF_B,5,3.569,174.34,-25.12,6,1
P007,HRTF_B,5,3.583,174.08,-23.2,6,1
P007,HRTF_B,5,3.597,173.86,-21.49,6,1
P007,HRTF_B,5,3.611,173.72,-19.9,6,1
P007,HRTF_B,5,3.625,173.65,-18.35,6,1
P007,HRTF_B,5,3.638,173.61,-16.86,6,1
P007,HRTF_B,5,3.652,173.61,-15.4,6,1
P007,HRTF_B,5,3.666,173.6,-14.02,6,1
P007,HRTF_B,5,3.68,173.6,-12.75,6,1
P007,HRTF_B,5,3.694,173.6,-11.59,6,1
P007,HRTF_B,5,3.708,173.63,-10.52,6,1
P007,HRTF_B,5,3.722,173.66,-9.47,6,1
P007,HRTF_B,5,3.736,173.68,-8.42,6,1
P007,HRTF_B,5,3.75,173.7,-7.34,6,1
P007,HRTF_B,5,3.763,173.7,-6.3,6,1
P007,HRTF_B,5,3.777,173.72,-5.31,6,1
P007,HRTF_B,5,3.791,173.77,-4.35,6,1
P007,HRTF_B,5,3.805,173.87,-3.43,6,1
P007,HRTF_B,5,3.819,173.98,-2.54,6,1
P007,HRTF_B,5,3.833,174.11,-1.63,6,1
P007,HRTF_B,5,3.847,174.27,-0.67,6,1
P007,HRTF_B,5,3.861,174.45,0.24,6,1
P007,HRTF_B,5,3.874,174.68,1.08,6,1
P007,HRTF_B,5,3.888,174.98,1.91,6,1
P007,HRTF_B,5,3.902,175.3,2.71,6,1
P007,HRTF_B,5,3.916,175.68,3.51,6,1
P007,HRTF_B,5,3.93,176.06,4.27,6,1
P007,HRTF_B,5,3.944,176.52,5.01,6,1
P007,HRTF_B,5,3.958,177.06,5.68,6,1
P007,HRTF_B,5,3.972,177.65,6.32,6,1
P007,HRTF_B,5,3.986,178.27,6.97,6,1
P007,HRTF_B,5,3.999,178.91,7.68,6,1
P007,HRTF_B,5,4.013,179.53,8.41,6,1
P007,HRTF_B,5,4.027,-179.81,9.1,6,1
P007,HRTF_B,5,4.041,-179.14,9.75,6,1
P007,HRTF_B,5,4.055,-178.49,10.39,6,1
P007,HRTF_B,5,4.068,-177.86,11.0,6,1
P007,HRTF_B,5,4.083,-177.31,11.59,6,1
P007,HRTF_B,5,4.097,-176.75,12.16,6,1
P007,HRTF_B,5,4.111,-176.14,12.68,6,1
P007,HRTF_B,5,4.124,-175.45,13.11,6,1
P007,HRTF_B,5,4.138,-174.74,13.52,6,1
P007,HRTF_B,5,4.152,-174.03,13.9,6,1
P007,HRTF_B,5,4.166,-173.37,14.32,6,1
P007,HRTF_B,5,4.18,-172.73,14.71,6,1
P007,HRTF_B,5,4.194,-172.1,15.06,6,1
P007,HRTF_B,5,4.208,-171.41,15.33,6,1
P007,HRTF_B,5,4.221,-170.69,15.57,6,1
P007,HRTF_B,5,4.235,-169.96,15.79,6,1
P007,HRTF_B,5,4.249,-169.25,16.03,6,1
P007,HRTF_B,5,4.264,-168.55,16.26,6,1
P007,HRTF_B,5,4.277,-167.86,16.43,6,1
P007,HRTF_B,5,4.291,-167.18,16.57,6,1
P007,HRTF_B,5,4.305,-166.5,16.65,6,1
P007,HRTF_B,5,4.319,-165.81,16.74,6,1
P007,HRTF_B,5,4.333,-165.13,16.8,6,1
P007,HRTF_B,5,4.346,-164.43,16.83,6,1
P007,HRTF_B,5,4.36,-163.71,16.81,6,1
P007,HRTF_B,5,4.374,-163.01,16.8,6,1
P007,HRTF_B,5,4.388,-162.28,16.78,6,1
P007,HRTF_B,5,4.402,-161.61,16.78,6,1
P007,HRTF_B,5,4.416,-160.93,16.78,6,1
P007,HRTF_B,5,4.43,-160.26,16.79,6,1
P007,HRTF_B,5,4.444,-159.54,16.75,6,1
P007,HRTF_B,5,4.458,-158.79,16.68,6,1
P007,HRTF_B,5,4.471,-158.0,16.59,6,1
P007,HRTF_B,5,4.485,-157.21,16.48,6,1
P007,HRTF_B,5,4.499,-156.46,16.4,6,1
P007,HRTF_B,5,4.513,-155.69,16.34,6,1
P007,HRTF_B,5,4.527,-154.89,16.27,6,1
P007,HRTF_B,5,4.541,-154.02,16.19,6,1
P007,HRTF_B,5,4.555,-153.11,16.04,6,1
P007,HRTF_B,5,4.569,-152.14,15.89,6,1
P007,HRTF_B,5,4.583,-151.16,15.74,6,1
P007,HRTF_B,5,4.597,-150.22,15.58,6,1
P007,HRTF_B,5,4.61,-149.29,15.41,6,1
P007,HRTF_B,5,4.624,-148.34,15.24,6,1
P007,HRTF_B,5,4.638,-147.39,15.04,6,1
P007,HRTF_B,5,4.652,-146.39,14.8,6,1
P007,HRTF_B,5,4.666,-145.4,14.51,6,1
P007,HRTF_B,5,4.68,-144.39,14.21,6,1
P007,HRTF_B,5,4.694,-143.4,13.95,6,1
P007,HRTF_B,5,4.707,-142.43,13.73,6,1
P007,HRTF_B,5,4.722,-141.47,13.53,6,1
P007,HRTF_B,5,4.735,-140.51,13.34,6,1
P007,HRTF_B,5,4.749,-139.53,13.16,6,1
P007,HRTF_B,5,4.763,-138.54,12.97,6,1
P007,HRTF_B,5,4.777,-137.53,12.78,6,1
P007,HRTF_B,5,4.791,-136.52,12.61,6,1
P007,HRTF_B,5,4.805,-135.51,12.45,6,1
P007,HRTF_B,5,4.819,-134.46,12.28,6,1
P007,HRTF_B,5,4.833,-133.41,12.11,6,1
P007,HRTF_B,5,4.846,-132.28,11.93,6,1
P007,HRTF_B,5,4.86,-131.15,11.78,6,1
P007,HRTF_B,5,4.874,-129.99,11.64,6,1
P007,HRTF_B,5,4.888,-128.81,11.49,6,1
P007,HRTF_B,5,4.902,-127.64,11.38,6,1
P007,HRTF_B,5,4.916,-126.44,11.28,6,1
P007,HRTF_B,5,4.93,-125.25,11.2,6,1
P007,HRTF_B,5,4.943,-124.07,11.13,6,1
P007,HRTF_B,5,4.957,-122.9,11.07,6,1
P007,HRTF_B,5,4.972,-121.71,11.02,6,1
P007,HRTF_B,5,4.985,-120.49,10.97,6,1
P007,HRTF_B,5,4.999,-119.31,10.95,6,1
P007,HRTF_B,5,5.013,-118.14,10.96,6,1
P007,HRTF_B,5,5.027,-116.97,11.02,6,1
P007,HRTF_B,5,5.04,-115.8,11.1,6,1
P007,HRTF_B,5,5.054,-114.64,11.2,6,1
P007,HRTF_B,5,5.068,-113.46,11.28,6,1
P007,HRTF_B,5,5.082,-112.32,11.4,6,1
P007,HRTF_B,5,5.097,-111.18,11.56,6,1
P007,HRTF_B,5,5.11,-110.02,11.73,6,1
P007,HRTF_B,5,5.124,-108.89,11.87,6,1
P007,HRTF_B,5,5.138,-107.75,11.99,6,1
P007,HRTF_B,5,5.152,-106.63,12.05,6,1
P007,HRTF_B,5,5.166,-105.52,12.1,6,1
P007,HRTF_B,5,5.18,-104.47,12.1,6,1
P007,HRTF_B,5,5.194,-103.43,12.1,6,1
P007,HRTF_B,5,5.207,-102.4,12.09,6,1
P007,HRTF_B,5,5.221,-101.36,12.06,6,1
P007,HRTF_B,5,5.236,-100.32,12.05,6,1
P007,HRTF_B,5,5.249,-99.26,12.04,6,1
P007,HRTF_B,5,5.263,-98.22,12.03,6,1
P007,HRTF_B,5,5.277,-97.18,12.05,6,1
P007,HRTF_B,5,5.291,-96.16,12.09,6,1
P007,HRTF_B,5,5.305,-95.14,12.11,6,1
P007,HRTF_B,5,5.318,-94.09,12.11,6,1
P007,HRTF_B,5,5.332,-93.05,12.11,6,1
P007,HRTF_B,5,5.346,-91.99,12.13,6,1
P007,HRTF_B,5,5.36,-90.94,12.17,6,1
P007,HRTF_B,5,5.374,-89.87,12.21,6,1
P007,HRTF_B,5,5.388,-88.82,12.24,6,1
P007,HRTF_B,5,5.402,-87.76,12.28,6,1
P007,HRTF_B,5,5.416,-86.7,12.28,6,1
P007,HRTF_B,5,5.43,-85.64,12.3,6,1
P007,HRTF_B,5,5.443,-84.58,12.3,6,1
P007,HRTF_B,5,5.457,-83.54,12.32,6,1
P007,HRTF_B,5,5.471,-82.49,12.34,6,1
P007,HRTF_B,5,5.485,-81.45,12.34,6,1
P007,HRTF_B,5,5.499,-80.4,12.33,6,1
P007,HRTF_B,5,5.513,-79.33,12.32,6,1
P007,HRTF_B,5,5.527,-78.28,12.33,6,1
P007,HRTF_B,5,5.541,-77.24,12.37,6,1
P007,HRTF_B,5,5.554,-76.2,12.4,6,1
P007,HRTF_B,5,5.568,-75.16,12.48,6,1
P007,HRTF_B,5,5.582,-74.12,12.53,6,1
P007,HRTF_B,5,5.596,-73.07,12.58,6,1
P007,HRTF_B,5,5.61,-72.06,12.64,6,1
P007,HRTF_B,5,5.624,-71.04,12.69,6,1
P007,HRTF_B,5,5.638,-70.05,12.73,6,1
P007,HRTF_B,5,5.652,-69.07,12.76,6,1
P007,HRTF_B,5,5.666,-68.09,12.79,6,1
P007,HRTF_B,5,5.68,-67.14,12.82,6,1
P007,HRTF_B,5,5.693,-66.2,12.83,6,1
P007,HRTF_B,5,5.707,-65.28,12.85,6,1
P007,HRTF_B,5,5.721,-64.35,12.88,6,1
P007,HRTF_B,5,5.735,-63.41,12.89,6,1
P007,HRTF_B,5,5.749,-62.48,12.9,6,1
P007,HRTF_B,5,5.763,-61.56,12.91,6,1
P007,HRTF_B,5,5.777,-60.66,12.9,6,1
P007,HRTF_B,5,5.791,-59.76,12.85,6,1
P007,HRTF_B,5,5.804,-58.86,12.76,6,1
P007,HRTF_B,5,5.818,-57.97,12.66,6,1
P007,HRTF_B,5,5.832,-57.08,12.58,6,1
P007,HRTF_B,5,5.846,-56.2,12.53,6,1
P007,HRTF_B,5,5.86,-55.33,12.54,6,1
P007,HRTF_B,5,5.874,-54.48,12.56,6,1
P007,HRTF_B,5,5.888,-53.62,12.63,6,1
P007,HRTF_B,5,5.902,-52.73,12.68,6,1
P007,HRTF_B,5,5.916,-51.86,12.73,6,1
P007,HRTF_B,5,5.93,-50.98,12.77,6,1
P007,HRTF_B,5,5.944,-50.11,12.82,6,1
P007,HRTF_B,5,5.957,-49.25,12.86,6,1
P007,HRTF_B,5,5.971,-48.43,12.86,6,1
P007,HRTF_B,5,5.985,-47.63,12.86,6,1
P007,HRTF_B,5,5.999,-46.86,12.83,6,1
P007,HRTF_B,5,6.013,-46.12,12.8,6,1
P007,HRTF_B,5,6.027,-45.44,12.74,6,1
P007,HRTF_B,5,6.041,-44.81,12.73,6,1
P007,HRTF_B,5,6.055,-44.24,12.72,6,1
P007,HRTF_B,5,6.068,-43.71,12.69,6,1
P007,HRTF_B,5,6.082,-43.21,12.68,6,1
P007,HRTF_B,5,6.096,-42.72,12.65,6,1
P007,HRTF_B,5,6.11,-42.25,12.61,6,1
P007,HRTF_B,5,6.124,-41.79,12.57,6,1
P007,HRTF_B,5,6.138,-41.34,12.54,6,1
P007,HRTF_B,5,6.151,-40.88,12.51,6,1
P007,HRTF_B,5,6.166,-40.42,12.45,6,1
P007,HRTF_B,5,6.18,-39.95,12.4,6,1
P007,HRTF_B,5,6.193,-39.47,12.31,6,1
P007,HRTF_B,5,6.207,-38.98,12.23,6,1
P007,HRTF_B,5,6.221,-38.52,12.13,6,1
P007,HRTF_B,5,6.235,-38.04,12.03,6,1
P007,HRTF_B,5,6.249,-37.57,11.96,6,1
P007,HRTF_B,5,6.263,-37.16,11.92,6,1
P007,HRTF_B,5,6.277,-36.75,11.89,6,1
P007,HRTF_B,5,6.291,-36.36,11.83,6,1
P007,HRTF_B,5,6.304,-36.01,11.75,6,1
P007,HRTF_B,5,6.318,-35.66,11.68,6,1
P007,HRTF_B,5,6.332,-35.33,11.64,6,1
P007,HRTF_B,5,6.346,-35.03,11.61,6,1
P007,HRTF_B,5,6.36,-34.76,11.59,6,1
P007,HRTF_B,5,6.374,-34.5,11.54,6,1
P007,HRTF_B,5,6.388,-34.23,11.47,6,1
P007,HRTF_B,5,6.402,-33.95,11.36,6,1
P007,HRTF_B,5,6.416,-33.69,11.27,6,1
P007,HRTF_B,5,6.429,-33.44,11.17,6,1
P007,HRTF_B,5,6.444,-33.22,11.08,6,1
P007,HRTF_B,5,6.457,-33.01,10.97,6,1
P007,HRTF_B,5,6.471,-32.8,10.89,6,1
P007,HRTF_B,5,6.485,-32.58,10.82,6,1
P007,HRTF_B,5,6.499,-32.36,10.79,6,1
P007,HRTF_B,5,6.513,-32.14,10.8,6,1
P007,HRTF_B,5,6.527,-31.89,10.82,6,1
P007,HRTF_B,5,6.54,-31.62,10.86,6,1
P007,HRTF_B,5,6.554,-31.32,10.87,6,1
P007,HRTF_B,5,6.568,-31.01,10.89,6,1
P007,HRTF_B,5,6.582,-30.67,10.91,6,1
P007,HRTF_B,5,6.596,-30.33,10.94,6,1
P007,HRTF_B,5,6.61,-29.97,10.98,6,1
P007,HRTF_B,5,6.624,-29.62,11.04,6,1
P007,HRTF_B,5,6.638,-29.24,11.1,6,1
P007,HRTF_B,5,6.651,-28.87,11.18,6,1
P007,HRTF_B,5,6.666,-28.51,11.26,6,1
P007,HRTF_B,5,6.68,-28.18,11.34,6,1
P007,HRTF_B,5,6.693,-27.87,11.42,6,1
P007,HRTF_B,5,6.707,-27.53,11.49,6,1
P007,HRTF_B,5,6.721,-27.19,11.55,6,1
P007,HRTF_B,5,6.735,-26.84,11.6,6,1
P007,HRTF_B,5,6.749,-26.46,11.66,6,1
P007,HRTF_B,5,6.763,-26.09,11.69,6,1
P007,HRTF_B,5,6.777,-25.7,11.71,6,1
P007,HRTF_B,5,6.79,-25.29,11.75,6,1
P007,HRTF_B,5,6.804,-24.87,11.82,6,1
P007,HRTF_B,5,6.819,-24.44,11.9,6,1
P007,HRTF_B,5,6.833,-24.0,11.97,6,1
P007,HRTF_B,5,6.846,-23.54,12.01,6,1
P007,HRTF_B,5,6.86,-23.07,12.04,6,1
P007,HRTF_B,5,6.874,-22.6,12.04,6,1
P007,HRTF_B,5,6.888,-22.12,12.07,6,1
P007,HRTF_B,5,6.902,-21.64,12.08,6,1
P007,HRTF_B,5,6.916,-21.15,12.12,6,1
P007,HRTF_B,5,6.929,-20.65,12.13,6,1
P007,HRTF_B,5,6.944,-20.13,12.17,6,1
P007,HRTF_B,5,6.957,-19.61,12.19,6,1
P007,HRTF_B,5,6.971,-19.07,12.22,6,1
P007,HRTF_B,5,6.985,-18.53,12.25,6,1
P007,HRTF_B,5,6.999,-17.98,12.29,6,1
P007,HRTF_B,5,7.013,-17.41,12.3,6,1
P007,HRTF_B,5,7.027,-16.82,12.29,6,1
P007,HRTF_B,5,7.041,-16.21,12.26,6,1
P007,HRTF_B,5,7.055,-15.58,12.2,6,1
P007,HRTF_B,5,7.068,-14.92,12.13,6,1
P007,HRTF_B,5,7.082,-14.25,12.07,6,1
P007,HRTF_B,5,7.096,-13.56,12.01,6,1
P007,HRTF_B,5,7.11,-12.87,11.93,6,1
P007,HRTF_B,5,7.124,-12.17,11.82,6,1
P007,HRTF_B,5,7.138,-11.45,11.65,6,1
P007,HRTF_B,5,7.152,-10.72,11.46,6,1
P007,HRTF_B,5,7.165,-9.98,11.21,6,1
P007,HRTF_B,5,7.18,-9.27,10.94,6,1
P007,HRTF_B,5,7.194,-8.58,10.56,6,1
P007,HRTF_B,5,7.207,-7.96,10.04,6,1
P007,HRTF_B,5,7.221,-7.37,9.42,6,1
P007,HRTF_B,5,7.235,-6.8,8.73,6,1
P007,HRTF_B,5,7.249,-6.28,8.02,6,1
P007,HRTF_B,5,7.263,-5.87,7.26,6,1
P007,HRTF_B,5,7.277,-5.58,6.37,6,1
P007,HRTF_B,5,7.291,-5.34,5.42,6,1
P007,HRTF_B,5,7.304,-5.12,4.47,6,1
P007,HRTF_B,5,7.318,-4.96,3.55,6,1
P007,HRTF_B,5,7.332,-4.82,2.58,6,1
P007,HRTF_B,5,7.346,-4.73,1.46,6,1
P007,HRTF_B,5,7.36,-4.66,0.27,6,1
P007,HRTF_B,5,7.374,-4.62,-0.95,6,1
P007,HRTF_B,5,7.388,-4.66,-2.21,6,1
P007,HRTF_B,5,7.402,-4.72,-3.55,6,1
P007,HRTF_B,5,7.416,-4.83,-5.04,6,1
P007,HRTF_B,5,7.43,-4.96,-6.59,6,1
P007,HRTF_B,5,7.444,-5.1,-8.0,6,1
P007,HRTF_B,5,7.457,-5.27,-9.26,6,1
P007,HRTF_B,5,7.471,-5.43,-10.44,6,1
P007,HRTF_B,5,7.485,-5.63,-11.65,6,1
P007,HRTF_B,5,7.499,-5.84,-12.9,6,1
P007,HRTF_B,5,7.513,-6.08,-14.14,6,1
P007,HRTF_B,5,7.527,-6.33,-15.34,6,1
P007,HRTF_B,5,7.541,-6.6,-16.46,6,1
P007,HRTF_B,5,7.555,-6.87,-17.52,6,1
P007,HRTF_B,5,7.569,-7.1,-18.53,6,1
P007,HRTF_B,5,7.584,-7.34,-19.55,6,1
P007,HRTF_B,5,7.596,-7.62,-20.48,6,1
P007,HRTF_B,5,7.61,-7.84,-21.43,6,1
P007,HRTF_B,5,7.624,-8.07,-22.31,6,1
P007,HRTF_B,5,7.638,-8.43,-23.1,6,1
P007,HRTF_B,5,7.652,-8.78,-23.91,6,1
P007,HRTF_B,5,7.666,-9.11,-24.73,6,1
P007,HRTF_B,5,7.68,-9.47,-25.47,6,1
P007,HRTF_B,5,7.694,-9.85,-26.14,6,1
P007,HRTF_B,5,7.708,-10.24,-26.86,6,1
P007,HRTF_B,5,7.721,-10.66,-27.49,6,1
P007,HRTF_B,5,7.735,-11.11,-28.14,6,1
P007,HRTF_B,5,7.749,-11.54,-28.8,6,1
P007,HRTF_B,5,7.763,-11.93,-29.37,6,1
P007,HRTF_B,5,7.777,-12.33,-29.92,6,1
P007,HRTF_B,5,7.791,-12.75,-30.52,6,1
P007,HRTF_B,5,7.804,-13.18,-31.16,6,1
P007,HRTF_B,5,7.819,-13.63,-31.89,6,1
P007,HRTF_B,5,7.832,-14.11,-32.64,6,1
P007,HRTF_B,5,7.846,-14.6,-33.34,6,1
P007,HRTF_B,5,7.861,-15.1,-33.97,6,1
P007,HRTF_B,5,7.874,-15.62,-34.54,6,1
P007,HRTF_B,5,7.888,-16.15,-35.07,6,1
P007,HRTF_B,5,7.902,-16.65,-35.57,6,1
P007,HRTF_B,5,7.916,-17.13,-36.05,6,1
P007,HRTF_B,5,7.93,-17.58,-36.51,6,1
P007,HRTF_B,5,7.944,-18.0,-36.96,6,1
P007,HRTF_B,5,7.957,-18.4,-37.41,6,1
P007,HRTF_B,5,7.971,-18.79,-37.88,6,1
P007,HRTF_B,5,7.985,-19.14,-38.36,6,1
P007,HRTF_B,5,7.999,-19.49,-38.84,6,1
P007,HRTF_B,5,8.013,-19.81,-39.27,6,1
P007,HRTF_B,5,8.027,-20.15,-39.66,6,1
P007,HRTF_B,5,8.041,-20.47,-40.03,6,1
P007,HRTF_B,5,8.054,-20.77,-40.39,6,1
P007,HRTF_B,5,8.069,-21.11,-40.72,6,1
P007,HRTF_B,5,8.083,-21.42,-41.05,6,1
P007,HRTF_B,5,8.097,-21.78,-41.3,6,1
P007,HRTF_B,5,8.11,-22.12,-41.49,6,1
P007,HRTF_B,5,8.124,-22.47,-41.61,6,1
P007,HRTF_B,5,8.138,-22.81,-41.68,6,1
P007,HRTF_B,5,8.152,-23.15,-41.73,6,1
P007,HRTF_B,5,8.166,-23.49,-41.76,6,1
P007,HRTF_B,5,8.18,-23.79,-41.82,6,1
P007,HRTF_B,5,8.194,-24.05,-41.92,6,1
P007,HRTF_B,5,8.207,-24.29,-42.07,6,1
P007,HRTF_B,5,8.221,-24.55,-42.23,6,1
P007,HRTF_B,5,8.235,-24.82,-42.43,6,1
P007,HRTF_B,5,8.249,-25.09,-42.66,6,1
P007,HRTF_B,5,8.263,-25.34,-42.84,6,1
P007,HRTF_B,5,8.277,-25.6,-42.98,6,1
P007,HRTF_B,5,8.291,-25.88,-43.14,6,1
P007,HRTF_B,5,8.305,-26.13,-43.32,6,1
P007,HRTF_B,5,8.319,-26.37,-43.56,6,1
P007,HRTF_B,5,8.332,-26.66,-43.82,6,1
P007,HRTF_B,5,8.347,-26.97,-44.11,6,1
P007,HRTF_B,5,8.36,-27.28,-44.38,6,1
P007,HRTF_B,5,8.374,-27.64,-44.65,6,1
P007,HRTF_B,5,8.388,-27.97,-44.92,6,1
P007,HRTF_B,5,8.402,-28.31,-45.19,6,1
P007,HRTF_B,5,8.416,-28.62,-45.44,6,1
P007,HRTF_B,5,8.429,-28.94,-45.64,6,1
P007,HRTF_B,5,8.444,-29.17,-45.87,6,1
P007,HRTF_B,5,8.458,-29.45,-46.08,6,1
P007,HRTF_B,5,8.471,-29.7,-46.32,6,1
P007,HRTF_B,5,8.485,-29.94,-46.59,6,1
P007,HRTF_B,5,8.499,-30.24,-46.88,6,1
P007,HRTF_B,5,8.513,-30.53,-47.11,6,1
P007,HRTF_B,5,8.527,-30.82,-47.34,6,1
P007,HRTF_B,5,8.541,-31.13,-47.54,6,1
P007,HRTF_B,5,8.554,-31.5,-47.76,6,1
P007,HRTF_B,5,8.568,-31.88,-48.02,6,1
P007,HRTF_B,5,8.582,-32.35,-48.25,6,1
P007,HRTF_B,5,8.597,-32.8,-48.46,6,1
P007,HRTF_B,5,8.61,-33.3,-48.59,6,1
P007,HRTF_B,5,8.624,-33.8,-48.69,6,1
P007,HRTF_B,5,8.638,-34.34,-48.77,6,1
P007,HRTF_B,5,8.652,-34.88,-48.86,6,1
P007,HRTF_B,5,8.666,-35.38,-49.04,6,1
P007,HRTF_B,5,8.68,-35.95,-49.15,6,1
P007,HRTF_B,5,8.694,-36.51,-49.23,6,1
P007,HRTF_B,5,8.707,-37.04,-49.28,6,1
P007,HRTF_B,5,8.721,-37.58,-49.32,6,1
P007,HRTF_B,5,8.735,-38.12,-49.42,6,1
P007,HRTF_B,5,8.749,-38.68,-49.54,6,1
P007,HRTF_B,5,8.763,-39.27,-49.66,6,1
P007,HRTF_B,5,8.777,-39.87,-49.79,6,1
P007,HRTF_B,5,8.791,-40.46,-49.88,6,1
P007,HRTF_B,5,8.804,-41.05,-49.98,6,1
P007,HRTF_B,5,8.819,-41.65,-50.07,6,1
P007,HRTF_B,5,8.833,-42.27,-50.18,6,1
P007,HRTF_B,5,8.846,-42.9,-50.27,6,1
P007,HRTF_B,5,8.86,-43.49,-50.39,6,1
P007,HRTF_B,5,8.874,-44.07,-50.49,6,1
P007,HRTF_B,5,8.888,-44.66,-50.6,6,1
P007,HRTF_B,5,8.902,-45.26,-50.68,6,1
P007,HRTF_B,5,8.916,-45.87,-50.75,6,1
P007,HRTF_B,5,8.93,-46.54,-50.83,6,1
P007,HRTF_B,5,8.943,-47.22,-50.91,6,1
P007,HRTF_B,5,8.957,-47.82,-51.01,6,1
P007,HRTF_B,5,8.971,-48.44,-51.09,6,1
P007,HRTF_B,5,8.985,-49.08,-51.19,6,1
P007,HRTF_B,5,8.999,-49.72,-51.3,6,1
P007,HRTF_B,5,9.013,-50.41,-51.38,6,1
P007,HRTF_B,5,9.027,-51.07,-51.48,6,1
P007,HRTF_B,5,9.041,-51.75,-51.59,6,1
P007,HRTF_B,5,9.054,-52.4,-51.74,6,1
P007,HRTF_B,5,9.069,-53.01,-51.9,6,1
P007,HRTF_B,5,9.082,-53.67,-52.06,6,1
P007,HRTF_B,5,9.096,-54.29,-52.2,6,1
P007,HRTF_B,5,9.11,-54.95,-52.32,6,1
P007,HRTF_B,5,9.124,-55.57,-52.41,6,1
P007,HRTF_B,5,9.138,-56.19,-52.47,6,1
P007,HRTF_B,5,9.152,-56.79,-52.5,6,1
P007,HRTF_B,5,9.166,-57.4,-52.54,6,1
P007,HRTF_B,5,9.18,-57.98,-52.58,6,1
P007,HRTF_B,5,9.193,-58.55,-52.63,6,1
P007,HRTF_B,5,9.207,-59.2,-52.61,6,1
P007,HRTF_B,5,9.221,-59.81,-52.55,6,1
P007,HRTF_B,5,9.235,-60.47,-52.44,6,1
P007,HRTF_B,5,9.249,-61.1,-52.31,6,1
P007,HRTF_B,5,9.263,-61.74,-52.17,6,1
P007,HRTF_B,5,9.277,-62.37,-52.03,6,1
P007,HRTF_B,5,9.29,-63.02,-51.86,6,1
P007,HRTF_B,5,9.305,-63.66,-51.69,6,1
P007,HRTF_B,5,9.318,-64.27,-51.54,6,1
P007,HRTF_B,5,9.332,-64.88,-51.41,6,1
P007,HRTF_B,5,9.346,-65.46,-51.31,6,1
P007,HRTF_B,5,9.36,-66.12,-51.22,6,1
P007,HRTF_B,5,9.374,-66.74,-51.14,6,1
P007,HRTF_B,5,9.388,-67.41,-51.08,6,1
P007,HRTF_B,5,9.402,-68.08,-51.03,6,1
P007,HRTF_B,5,9.416,-68.74,-50.99,6,1
P007,HRTF_B,5,9.43,-69.39,-51.02,6,1
P007,HRTF_B,5,9.443,-70.06,-51.04,6,1
P007,HRTF_B,5,9.457,-70.7,-51.09,6,1
P007,HRTF_B,5,9.471,-71.34,-51.09,6,1
P007,HRTF_B,5,9.485,-71.99,-51.12,6,1
P007,HRTF_B,5,9.499,-72.67,-51.15,6,1
P007,HRTF_B,5,9.513,-73.36,-51.18,6,1
P007,HRTF_B,5,9.526,-73.99,-51.22,6,1
P007,HRTF_B,5,9.541,-74.57,-51.27,6,1
P007,HRTF_B,5,9.554,-75.18,-51.31,6,1
P007,HRTF_B,5,9.568,-75.74,-51.37,6,1
P007,HRTF_B,5,9.582,-76.35,-51.37,6,1
P007,HRTF_B,5,9.596,-76.99,-51.4,6,1
P007,HRTF_B,5,9.61,-77.63,-51.43,6,1
P007,HRTF_B,5,9.624,-78.25,-51.42,6,1
P007,HRTF_B,5,9.638,-78.85,-51.43,6,1
P007,HRTF_B,5,9.651,-79.45,-51.41,6,1
P007,HRTF_B,5,9.665,-80.04,-51.4,6,1
P007,HRTF_B,5,9.68,-80.61,-51.37,6,1
P007,HRTF_B,5,9.693,-81.18,-51.36,6,1
P007,HRTF_B,5,9.707,-81.75,-51.32,6,1
P007,HRTF_B,5,9.721,-82.34,-51.29,6,1
P007,HRTF_B,5,9.735,-82.91,-51.23,6,1
P007,HRTF_B,5,9.749,-83.48,-51.16,6,1
P007,HRTF_B,5,9.763,-84.06,-51.1,6,1
P007,HRTF_B,5,9.777,-84.59,-51.05,6,1
P007,HRTF_B,5,9.79,-85.2,-51.01,6,1
P007,HRTF_B,5,9.804,-85.76,-50.95,6,1
P007,HRTF_B,5,9.818,-86.34,-50.88,6,1
P007,HRTF_B,5,9.832,-86.87,-50.82,6,1
P007,HRTF_B,5,9.846,-87.35,-50.76,6,1
P007,HRTF_B,5,9.86,-87.88,-50.68,6,1
P007,HRTF_B,5,9.874,-88.41,-50.63,6,1
P007,HRTF_B,5,9.888,-88.93,-50.59,6,1
P007,HRTF_B,5,9.902,-89.46,-50.56,6,1
P007,HRTF_B,5,9.916,-89.99,-50.53,6,1
P007,HRTF_B,5,9.932,-90.51,-50.55,6,1
P007,HRTF_B,5,9.943,-91.03,-50.58,6,1
P007,HRTF_B,5,9.957,-91.51,-50.64,6,1
P007,HRTF_B,5,9.971,-92.01,-50.73,6,1
P007,HRTF_B,5,9.985,-92.52,-50.81,6,1
P007,HRTF_B,5,9.999,-92.98,-50.83,6,1
P007,HRTF_B,5,10.013,-93.48,-50.81,6,1
P007,HRTF_B,5,10.027,-93.96,-50.8,6,1
P007,HRTF_B,5,10.041,-94.46,-50.73,6,1
P007,HRTF_B,5,10.054,-94.92,-50.71,6,1
P007,HRTF_B,5,10.068,-95.39,-50.68,6,1
P007,HRTF_B,5,10.082,-95.84,-50.64,6,1
P007,HRTF_B,5,10.096,-96.28,-50.58,6,1
P007,HRTF_B,5,10.11,-96.71,-50.52,6,1
P007,HRTF_B,5,10.124,-97.15,-50.44,6,1
P007,HRTF_B,5,10.138,-97.57,-50.35,6,1
P007,HRTF_B,5,10.151,-98.03,-50.26,6,1
P007,HRTF_B,5,10.165,-98.46,-50.2,6,1
P007,HRTF_B,5,10.18,-98.87,-50.14,6,1
P007,HRTF_B,5,10.193,-99.28,-50.1,6,1
P007,HRTF_B,5,10.207,-99.68,-50.08,6,1
P007,HRTF_B,5,10.221,-100.07,-50.07,6,1
P007,HRTF_B,5,10.235,-100.51,-50.05,6,1
P007,HRTF_B,5,10.249,-100.87,-50.01,6,1
P007,HRTF_B,5,10.263,-101.17,-49.97,6,1
P007,HRTF_B,5,10.276,-101.47,-49.93,6,1
P007,HRTF_B,5,10.29,-101.72,-49.94,6,1
P007,HRTF_B,5,10.304,-102.01,-49.92,6,1
P007,HRTF_B,5,10.318,-102.28,-49.94,6,1
P007,HRTF_B,5,10.332,-102.55,-49.97,6,1
P007,HRTF_B,5,10.346,-102.84,-49.99,6,1
P007,HRTF_B,5,10.36,-103.1,-50.02,6,1
P007,HRTF_B,5,10.374,-103.37,-50.06,6,1
P007,HRTF_B,5,10.388,-103.62,-50.08,6,1
P007,HRTF_B,5,10.401,-103.83,-50.04,6,1
P007,HRTF_B,5,10.416,-104.05,-50.08,6,1
P007,HRTF_B,5,10.429,-104.23,-50.09,6,1
P007,HRTF_B,5,10.443,-104.41,-50.16,6,1
P007,HRTF_B,5,10.457,-104.6,-50.21,6,1
P007,HRTF_B,5,10.471,-104.81,-50.24,6,1
P007,HRTF_B,5,10.485,-105.0,-50.22,6,1
P007,HRTF_B,5,10.499,-105.17,-50.2,6,1
P007,HRTF_B,5,10.513,-105.3,-50.2,6,1
P007,HRTF_B,5,10.527,-105.44,-50.19,6,1
P007,HRTF_B,5,10.54,-105.59,-50.21,6,1
P007,HRTF_B,5,10.554,-105.7,-50.16,6,1
P007,HRTF_B,5,10.568,-105.8,-50.11,6,1
P007,HRTF_B,5,10.582,-105.87,-50.05,6,1
P007,HRTF_B,5,10.596,-105.93,-49.99,6,1
P007,HRTF_B,5,10.61,-105.96,-49.97,6,1
P007,HRTF_B,5,10.624,-106.01,-49.94,6,1
P007,HRTF_B,5,10.637,-106.06,-49.92,6,1
P007,HRTF_B,5,10.652,-106.14,-49.9,6,1
P007,HRTF_B,5,10.665,-106.24,-49.87,6,1
P007,HRTF_B,5,10.679,-106.32,-49.84,6,1
P007,HRTF_B,5,10.693,-106.44,-49.84,6,1
P007,HRTF_B,5,10.707,-106.54,-49.87,6,1
P007,HRTF_B,5,10.721,-106.62,-49.91,6,1
P007,HRTF_B,5,10.735,-106.72,-49.91,6,1
P007,HRTF_B,5,10.749,-106.8,-49.91,6,1
P007,HRTF_B,5,10.763,-106.86,-49.87,6,1
P007,HRTF_B,5,10.777,-106.89,-49.82,6,1
P007,HRTF_B,5,10.79,-106.86,-49.85,6,1
P007,HRTF_B,5,10.804,-106.86,-49.72,6,1
P007,HRTF_B,5,10.818,-106.88,-49.71,6,1
P007,HRTF_B,5,10.832,-106.88,-49.65,6,1
P007,HRTF_B,5,10.846,-106.85,-49.58,6,1
P007,HRTF_B,5,10.86,-106.85,-49.53,6,1
P007,HRTF_B,5,10.873,-106.83,-49.49,6,1
P007,HRTF_B,5,10.888,-106.81,-49.45,6,1
P007,HRTF_B,5,10.902,-106.77,-49.4,6,1
P007,HRTF_B,5,10.915,-106.71,-49.37,6,1
P007,HRTF_B,5,10.929,-106.6,-49.33,6,1
P007,HRTF_B,5,10.943,-106.49,-49.34,6,1
P007,HRTF_B,5,10.956,-106.34,-49.31,6,1
P007,HRTF_B,5,10.971,-106.21,-49.31,6,1
P007,HRTF_B,5,10.985,-106.11,-49.27,6,1
P007,HRTF_B,5,10.999,-105.98,-49.24,6,1
P007,HRTF_B,5,11.012,-105.89,-49.22,6,1
P007,HRTF_B,5,11.026,-105.75,-49.2,6,1
P007,HRTF_B,5,11.04,-105.67,-49.21,6,1
P007,HRTF_B,5,11.054,-105.59,-49.22,6,1
P007,HRTF_B,5,11.068,-105.52,-49.2,6,1
P007,HRTF_B,5,11.082,-105.44,-49.18,6,1
P007,HRTF_B,5,11.096,-105.33,-49.15,6,1
P007,HRTF_B,5,11.11,-105.25,-49.12,6,1
P007,HRTF_B,5,11.124,-105.15,-49.08,6,1
P007,HRTF_B,5,11.137,-105.08,-49.03,6,1
P007,HRTF_B,5,11.151,-104.99,-48.97,6,1
P007,HRTF_B,5,11.166,-104.91,-48.87,6,1
P007,HRTF_B,5,11.179,-104.81,-48.79,6,1
P007,HRTF_B,5,11.193,-104.66,-48.73,6,1
P007,HRTF_B,5,11.207,-104.46,-48.7,6,1
P007,HRTF_B,5,11.221,-104.25,-48.66,6,1
P007,HRTF_B,5,11.235,-104.03,-48.62,6,1
P007,HRTF_B,5,11.248,-103.82,-48.55,6,1
P007,HRTF_B,5,11.263,-103.63,-48.45,6,1
P007,HRTF_B,5,11.276,-103.4,-48.32,6,1
P007,HRTF_B,5,11.29,-103.16,-48.23,6,1
P007,HRTF_B,5,11.304,-102.92,-48.15,6,1
P007,HRTF_B,5,11.318,-102.69,-48.05,6,1
P007,HRTF_B,5,11.332,-102.47,-47.91,6,1
P007,HRTF_B,5,11.346,-102.24,-47.71,6,1
P007,HRTF_B,5,11.36,-102.02,-47.48,6,1
P007,HRTF_B,5,11.373,-101.82,-47.18,6,1
P007,HRTF_B,5,11.388,-101.62,-46.79,6,1
P007,HRTF_B,5,11.401,-101.4,-46.28,6,1
P007,HRTF_B,5,11.416,-101.19,-45.61,6,1
P007,HRTF_B,5,11.429,-100.92,-44.78,6,1
P007,HRTF_B,5,11.443,-100.66,-43.8,6,1
P007,HRTF_B,5,11.457,-100.39,-42.72,6,1
P007,HRTF_B,5,11.471,-100.12,-41.59,6,1
P007,HRTF_B,5,11.485,-99.76,-40.47,6,1
P007,HRTF_B,5,11.499,-99.36,-39.4,6,1
P007,HRTF_B,5,11.512,-98.94,-38.34,6,1
P007,HRTF_B,5,11.526,-98.54,-37.28,6,1
P007,HRTF_B,5,11.54,-98.11,-36.23,6,1
P007,HRTF_B,5,11.554,-97.68,-35.25,6,1
P007,HRTF_B,5,11.568,-97.26,-34.27,6,1
P007,HRTF_B,5,11.582,-96.86,-33.3,6,1
P007,HRTF_B,5,11.596,-96.47,-32.34,6,1
P007,HRTF_B,5,11.609,-96.08,-31.4,6,1
P007,HRTF_B,5,11.624,-95.68,-30.53,6,1
P007,HRTF_B,5,11.638,-95.3,-29.7,6,1
P007,HRTF_B,5,11.651,-94.94,-28.93,6,1
P007,HRTF_B,5,11.665,-94.6,-28.2,6,1
P007,HRTF_B,5,11.679,-94.28,-27.51,6,1
P007,HRTF_B,5,11.693,-93.89,-26.83,6,1
P007,HRTF_B,5,11.707,-93.53,-26.25,6,1
P007,HRTF_B,5,11.721,-93.21,-25.68,6,1
P007,HRTF_B,5,11.734,-92.89,-25.14,6,1
P007,HRTF_B,5,11.748,-92.58,-24.61,6,1
P007,HRTF_B,5,11.762,-92.29,-24.11,6,1
P007,HRTF_B,5,11.776,-91.99,-23.66,6,1
P007,HRTF_B,5,11.79,-91.66,-23.24,6,1
P007,HRTF_B,5,11.804,-91.32,-22.85,6,1
P007,HRTF_B,5,11.818,-90.99,-22.5,6,1
P007,HRTF_B,5,11.831,-90.61,-22.18,6,1
P007,HRTF_B,5,11.845,-90.23,-21.87,6,1
P007,HRTF_B,5,11.859,-89.85,-21.58,6,1
P007,HRTF_B,5,11.873,-89.42,-21.28,6,1
P007,HRTF_B,5,11.887,-88.97,-20.96,6,1
P007,HRTF_B,5,11.901,-88.49,-20.66,6,1
P007,HRTF_B,5,11.915,-87.99,-20.37,6,1
P007,HRTF_B,5,11.929,-87.5,-20.02,6,1
P007,HRTF_B,5,11.943,-87.03,-19.75,6,1
P007,HRTF_B,5,11.957,-86.51,-19.41,6,1
P007,HRTF_B,5,11.97,-86.01,-19.03,6,1
P007,HRTF_B,5,11.984,-85.51,-18.58,6,1
P007,HRTF_B,5,11.998,-84.98,-18.12,6,1
P007,HRTF_B,5,12.012,-84.44,-17.67,6,1
P007,HRTF_B,5,12.026,-83.85,-17.24,6,1
P007,HRTF_B,5,12.04,-83.23,-16.74,6,1
P007,HRTF_B,5,12.053,-82.63,-16.21,6,1
P007,HRTF_B,5,12.067,-82.02,-15.68,6,1
P007,HRTF_B,5,12.081,-81.42,-15.09,6,1
P007,HRTF_B,5,12.095,-80.82,-14.49,6,1
P007,HRTF_B,5,12.109,-80.23,-13.99,6,1
P007,HRTF_B,5,12.123,-79.62,-13.5,6,1
P007,HRTF_B,5,12.137,-78.97,-13.11,6,1
P007,HRTF_B,5,12.151,-78.1,-12.86,6,1
P007,HRTF_B,5,12.164,-77.24,-12.48,6,1
P007,HRTF_B,5,12.179,-76.36,-12.08,6,1
P007,HRTF_B,5,12.192,-75.45,-11.69,6,1
P007,HRTF_B,5,12.207,-74.56,-11.2,6,1
P007,HRTF_B,5,12.22,-73.68,-10.66,6,1
P007,HRTF_B,5,12.234,-72.79,-10.14,6,1
P007,HRTF_B,5,12.248,-71.89,-9.56,6,1
P007,HRTF_B,5,12.262,-70.95,-9.06,6,1
P007,HRTF_B,5,12.276,-69.99,-8.57,6,1
P007,HRTF_B,5,12.289,-69.0,-8.11,6,1
P007,HRTF_B,5,12.303,-68.0,-7.65,6,1
P007,HRTF_B,5,12.317,-66.99,-7.23,6,1
P007,HRTF_B,5,12.332,-66.01,-6.79,6,1
P007,HRTF_B,5,12.345,-65.04,-6.45,6,1
P007,HRTF_B,5,12.359,-64.12,-6.17,6,1
P007,HRTF_B,5,12.373,-63.22,-5.93,6,1
P007,HRTF_B,5,12.387,-62.33,-5.7,6,1
P007,HRTF_B,5,12.4,-61.45,-5.44,6,1
P007,HRTF_B,5,12.415,-60.6,-5.2,6,1
P007,HRTF_B,5,12.429,-59.77,-4.96,6,1
P007,HRTF_B,5,12.443,-58.97,-4.77,6,1
P007,HRTF_B,5,12.456,-58.15,-4.62,6,1
P007,HRTF_B,5,12.47,-57.29,-4.53,6,1
P007,HRTF_B,5,12.484,-56.41,-4.47,6,1
P007,HRTF_B,5,12.498,-55.51,-4.4,6,1
P007,HRTF_B,5,12.512,-54.59,-4.3,6,1
P007,HRTF_B,5,12.526,-53.7,-4.19,6,1
P007,HRTF_B,5,12.54,-52.83,-4.03,6,1
P007,HRTF_B,5,12.553,-51.98,-3.88,6,1
P007,HRTF_B,5,12.568,-51.15,-3.7,6,1
P007,HRTF_B,5,12.582,-50.33,-3.53,6,1
P007,HRTF_B,5,12.595,-49.52,-3.42,6,1
P007,HRTF_B,5,12.609,-48.71,-3.3,6,1
P007,HRTF_B,5,12.623,-47.9,-3.22,6,1
P007,HRTF_B,5,12.637,-47.08,-3.14,6,1
P007,HRTF_B,5,12.651,-46.27,-3.01,6,1
P007,HRTF_B,5,12.664,-45.46,-2.88,6,1
P007,HRTF_B,5,12.679,-44.68,-2.76,6,1
P007,HRTF_B,5,12.692,-43.9,-2.62,6,1
P007,HRTF_B,5,12.706,-43.16,-2.56,6,1
P007,HRTF_B,5,12.72,-42.43,-2.59,6,1
P007,HRTF_B,5,12.734,-41.73,-2.64,6,1
P007,HRTF_B,5,12.748,-41.07,-2.69,6,1
P007,HRTF_B,5,12.762,-40.4,-2.72,6,1
P007,HRTF_B,5,12.775,-39.76,-2.7,6,1
P007,HRTF_B,5,12.79,-39.16,-2.65,6,1
P007,HRTF_B,5,12.804,-38.53,-2.61,6,1
P007,HRTF_B,5,12.818,-37.88,-2.61,6,1
P007,HRTF_B,5,12.831,-37.22,-2.63,6,1
P007,HRTF_B,5,12.845,-36.55,-2.69,6,1
P007,HRTF_B,5,12.859,-35.86,-2.76,6,1
P007,HRTF_B,5,12.873,-35.17,-2.83,6,1
P007,HRTF_B,5,12.887,-34.46,-2.9,6,1
P007,HRTF_B,5,12.901,-33.75,-2.98,6,1
P007,HRTF_B,5,12.915,-33.04,-3.07,6,1
P007,HRTF_B,5,12.928,-32.29,-3.18,6,1
P007,HRTF_B,5,12.943,-31.57,-3.31,6,1
P007,HRTF_B,5,12.956,-30.82,-3.43,6,1
P007,HRTF_B,5,12.97,-30.08,-3.52,6,1
P007,HRTF_B,5,12.984,-29.37,-3.58,6,1
P007,HRTF_B,5,12.998,-28.61,-3.59,6,1
P007,HRTF_B,5,13.012,-27.87,-3.61,6,1
P007,HRTF_B,5,13.026,-27.11,-3.61,6,1
P007,HRTF_B,5,13.039,-26.37,-3.58,6,1
P007,HRTF_B,5,13.053,-25.66,-3.53,6,1
P007,HRTF_B,5,13.067,-24.98,-3.44,6,1
P007,HRTF_B,5,13.081,-24.3,-3.37,6,1
P007,HRTF_B,5,13.095,-23.64,-3.32,6,1
P007,HRTF_B,5,13.109,-22.98,-3.31,6,1
P007,HRTF_B,5,13.123,-22.32,-3.28,6,1
P007,HRTF_B,5,13.137,-21.67,-3.24,6,1
P007,HRTF_B,5,13.15,-21.02,-3.2,6,1
P007,HRTF_B,5,13.164,-20.37,-3.14,6,1
P007,HRTF_B,5,13.178,-19.69,-3.1,6,1
P007,HRTF_B,5,13.192,-19.01,-3.12,6,1
P007,HRTF_B,5,13.206,-18.33,-3.14,6,1
P007,HRTF_B,5,13.22,-17.66,-3.15,6,1
P007,HRTF_B,5,13.234,-17.0,-3.16,6,1
P007,HRTF_B,5,13.248,-16.36,-3.16,6,1
P007,HRTF_B,5,13.262,-15.69,-3.15,6,1
P007,HRTF_B,5,13.276,-15.02,-3.13,6,1
P007,HRTF_B,5,13.29,-14.36,-3.14,6,1
P007,HRTF_B,5,13.304,-13.69,-3.14,6,1
P007,HRTF_B,5,13.317,-13.02,-3.13,6,1
P007,HRTF_B,5,13.331,-12.37,-3.11,6,1
P007,HRTF_B,5,13.345,-11.7,-3.08,6,1
P007,HRTF_B,5,13.359,-11.05,-3.06,6,1
P007,HRTF_B,5,13.373,-10.38,-3.07,6,1
P007,HRTF_B,5,13.387,-9.72,-3.11,6,1
P007,HRTF_B,5,13.401,-9.08,-3.15,6,1
P007,HRTF_B,5,13.415,-8.46,-3.2,6,1
P007,HRTF_B,5,13.429,-7.87,-3.22,6,1
P007,HRTF_B,5,13.442,-7.31,-3.21,6,1
P007,HRTF_B,5,13.456,-6.75,-3.22,6,1
P007,HRTF_B,5,13.47,-6.21,-3.22,6,1
P007,HRTF_B,5,13.484,-5.69,-3.22,6,1
P007,HRTF_B,5,13.498,-5.21,-3.22,6,1
P007,HRTF_B,5,13.512,-4.73,-3.23,6,1
P007,HRTF_B,5,13.526,-4.24,-3.27,6,1
P007,HRTF_B,5,13.54,-3.76,-3.28,6,1
P007,HRTF_B,5,13.554,-3.28,-3.3,6,1
P007,HRTF_B,5,13.568,-2.81,-3.34,6,1
P007,HRTF_B,5,13.581,-2.34,-3.35,6,1
P007,HRTF_B,5,13.595,-1.88,-3.39,6,1
P007,HRTF_B,5,13.609,-1.42,-3.42,6,1
P007,HRTF_B,5,13.623,-0.97,-3.5,6,1
P007,HRTF_B,5,13.637,-0.54,-3.59,6,1
P007,HRTF_B,5,13.651,-0.07,-3.73,6,1
P007,HRTF_B,5,13.665,0.38,-3.87,6,1
P007,HRTF_B,5,13.679,0.83,-4.0,6,1
P007,HRTF_B,5,13.693,1.31,-4.13,6,1
P007,HRTF_B,5,13.706,1.77,-4.29,6,1
P007,HRTF_B,5,13.72,2.21,-4.47,6,1
P007,HRTF_B,5,13.734,2.64,-4.65,6,1
P007,HRTF_B,5,13.748,3.06,-4.88,6,1
P007,HRTF_B,5,13.762,3.49,-5.18,6,1
P007,HRTF_B,5,13.776,3.87,-5.38,6,1
P007,HRTF_B,5,13.79,4.31,-5.77,6,1
P007,HRTF_B,5,13.804,4.67,-6.04,6,1
P007,HRTF_B,5,13.817,4.98,-6.29,6,1
P007,HRTF_B,5,13.831,5.26,-6.5,6,1
P007,HRTF_B,5,13.845,5.51,-6.73,6,1
P007,HRTF_B,5,13.859,5.82,-6.96,6,1
P007,HRTF_B,5,13.873,6.1,-7.2,6,1
P007,HRTF_B,5,13.887,6.41,-7.44,6,1
P007,HRTF_B,5,13.9,6.71,-7.73,6,1
P007,HRTF_B,6,0.014,-10.06,-4.98,4,1
P007,HRTF_B,6,0.028,-10.36,-4.86,4,1
P007,HRTF_B,6,0.042,-10.65,-4.73,4,1
P007,HRTF_B,6,0.055,-10.98,-4.62,4,1
P007,HRTF_B,6,0.07,-11.34,-4.5,4,1
P007,HRTF_B,6,0.083,-11.72,-4.4,4,1
P007,HRTF_B,6,0.097,-12.13,-4.33,4,1
P007,HRTF_B,6,0.112,-12.57,-4.27,4,1
P007,HRTF_B,6,0.125,-13.03,-4.25,4,1
P007,HRTF_B,6,0.139,-13.5,-4.21,4,1
P007,HRTF_B,6,0.153,-13.99,-4.2,4,1
P007,HRTF_B,6,0.167,-14.5,-4.19,4,1
P007,HRTF_B,6,0.181,-15.04,-4.23,4,1
P007,HRTF_B,6,0.195,-15.62,-4.27,4,1
P007,HRTF_B,6,0.209,-16.2,-4.32,4,1
P007,HRTF_B,6,0.222,-16.8,-4.42,4,1
P007,HRTF_B,6,0.236,-17.38,-4.53,4,1
P007,HRTF_B,6,0.25,-17.99,-4.67,4,1
P007,HRTF_B,6,0.264,-18.62,-4.78,4,1
P007,HRTF_B,6,0.278,-19.27,-4.91,4,1
P007,HRTF_B,6,0.292,-19.96,-5.06,4,1
P007,HRTF_B,6,0.306,-20.65,-5.19,4,1
P007,HRTF_B,6,0.319,-21.36,-5.34,4,1
P007,HRTF_B,6,0.334,-22.08,-5.47,4,1
P007,HRTF_B,6,0.348,-22.82,-5.57,4,1
P007,HRTF_B,6,0.361,-23.61,-5.67,4,1
P007,HRTF_B,6,0.375,-24.42,-5.77,4,1
P007,HRTF_B,6,0.389,-25.24,-5.87,4,1
P007,HRTF_B,6,0.403,-26.04,-5.99,4,1
P007,HRTF_B,6,0.417,-26.84,-6.09,4,1
P007,HRTF_B,6,0.431,-27.69,-6.21,4,1
P007,HRTF_B,6,0.445,-28.58,-6.3,4,1
P007,HRTF_B,6,0.458,-29.5,-6.39,4,1
P007,HRTF_B,6,0.472,-30.46,-6.49,4,1
P007,HRTF_B,6,0.486,-31.42,-6.6,4,1
P007,HRTF_B,6,0.5,-32.34,-6.69,4,1
P007,HRTF_B,6,0.514,-33.27,-6.78,4,1
P007,HRTF_B,6,0.527,-34.19,-6.88,4,1
P007,HRTF_B,6,0.542,-35.1,-6.97,4,1
P007,HRTF_B,6,0.555,-36.0,-7.11,4,1
P007,HRTF_B,6,0.569,-36.83,-7.28,4,1
P007,HRTF_B,6,0.583,-37.58,-7.46,4,1
P007,HRTF_B,6,0.597,-38.28,-7.68,4,1
P007,HRTF_B,6,0.611,-38.94,-7.95,4,1
P007,HRTF_B,6,0.625,-39.59,-8.29,4,1
P007,HRTF_B,6,0.639,-40.23,-8.65,4,1
P007,HRTF_B,6,0.653,-40.89,-9.05,4,1
P007,HRTF_B,6,0.667,-41.55,-9.43,4,1
P007,HRTF_B,6,0.68,-42.23,-9.76,4,1
P007,HRTF_B,6,0.694,-42.91,-10.1,4,1
P007,HRTF_B,6,0.708,-43.65,-10.46,4,1
P007,HRTF_B,6,0.722,-44.43,-10.84,4,1
P007,HRTF_B,6,0.736,-45.32,-11.2,4,1
P007,HRTF_B,6,0.75,-46.24,-11.52,4,1
P007,HRTF_B,6,0.764,-47.22,-11.8,4,1
P007,HRTF_B,6,0.777,-48.21,-12.06,4,1
P007,HRTF_B,6,0.792,-49.22,-12.31,4,1
P007,HRTF_B,6,0.805,-50.25,-12.55,4,1
P007,HRTF_B,6,0.819,-51.27,-12.74,4,1
P007,HRTF_B,6,0.833,-52.33,-12.93,4,1
P007,HRTF_B,6,0.847,-53.4,-13.13,4,1
P007,HRTF_B,6,0.861,-54.5,-13.3,4,1
P007,HRTF_B,6,0.875,-55.59,-13.45,4,1
P007,HRTF_B,6,0.889,-56.68,-13.56,4,1
P007,HRTF_B,6,0.903,-57.7,-13.62,4,1
P007,HRTF_B,6,0.917,-58.7,-13.65,4,1
P007,HRTF_B,6,0.93,-59.7,-13.71,4,1
P007,HRTF_B,6,0.944,-60.63,-13.72,4,1
P007,HRTF_B,6,0.958,-61.55,-13.79,4,1
P007,HRTF_B,6,0.972,-62.41,-13.87,4,1
P007,HRTF_B,6,0.986,-63.23,-13.96,4,1
P007,HRTF_B,6,1.0,-64.05,-14.03,4,1
P007,HRTF_B,6,1.014,-64.86,-14.09,4,1
P007,HRTF_B,6,1.027,-65.67,-14.14,4,1
P007,HRTF_B,6,1.041,-66.45,-14.2,4,1
P007,HRTF_B,6,1.055,-67.2,-14.34,4,1
P007,HRTF_B,6,1.069,-67.93,-14.53,4,1
P007,HRTF_B,6,1.083,-68.67,-14.72,4,1
P007,HRTF_B,6,1.097,-69.42,-14.88,4,1
P007,HRTF_B,6,1.111,-70.16,-14.99,4,1
P007,HRTF_B,6,1.125,-70.91,-15.1,4,1
P007,HRTF_B,6,1.139,-71.65,-15.24,4,1
P007,HRTF_B,6,1.153,-72.39,-15.43,4,1
P007,HRTF_B,6,1.167,-73.12,-15.61,4,1
P007,HRTF_B,6,1.18,-73.87,-15.75,4,1
P007,HRTF_B,6,1.194,-74.6,-15.86,4,1
P007,HRTF_B,6,1.208,-75.32,-16.0,4,1
P007,HRTF_B,6,1.222,-76.01,-16.14,4,1
P007,HRTF_B,6,1.236,-76.69,-16.3,4,1
P007,HRTF_B,6,1.25,-77.37,-16.48,4,1
P007,HRTF_B,6,1.264,-78.02,-16.63,4,1
P007,HRTF_B,6,1.278,-78.66,-16.78,4,1
P007,HRTF_B,6,1.292,-79.27,-16.86,4,1
P007,HRTF_B,6,1.305,-79.86,-16.92,4,1
P007,HRTF_B,6,1.319,-80.41,-16.98,4,1
P007,HRTF_B,6,1.333,-80.95,-16.99,4,1
P007,HRTF_B,6,1.347,-81.47,-16.97,4,1
P007,HRTF_B,6,1.361,-81.94,-16.91,4,1
P007,HRTF_B,6,1.375,-82.36,-16.81,4,1
P007,HRTF_B,6,1.389,-82.77,-16.71,4,1
P007,HRTF_B,6,1.403,-83.15,-16.62,4,1
P007,HRTF_B,6,1.417,-83.56,-16.52,4,1
P007,HRTF_B,6,1.43,-84.01,-16.4,4,1
P007,HRTF_B,6,1.444,-84.46,-16.26,4,1
P007,HRTF_B,6,1.458,-84.96,-16.11,4,1
P007,HRTF_B,6,1.472,-85.49,-16.04,4,1
P007,HRTF_B,6,1.486,-86.06,-16.0,4,1
P007,HRTF_B,6,1.5,-86.66,-16.01,4,1
P007,HRTF_B,6,1.513,-87.27,-16.0,4,1
P007,HRTF_B,6,1.528,-87.88,-15.9,4,1
P007,HRTF_B,6,1.542,-88.5,-15.79,4,1
P007,HRTF_B,6,1.555,-89.07,-15.78,4,1
P007,HRTF_B,6,1.569,-89.65,-15.77,4,1
P007,HRTF_B,6,1.583,-90.18,-15.87,4,1
P007,HRTF_B,6,1.597,-90.74,-16.02,4,1
P007,HRTF_B,6,1.611,-91.34,-16.18,4,1
P007,HRTF_B,6,1.625,-91.94,-16.35,4,1
P007,HRTF_B,6,1.639,-92.63,-16.41,4,1
P007,HRTF_B,6,1.653,-93.36,-16.4,4,1
P007,HRTF_B,6,1.667,-94.05,-16.38,4,1
P007,HRTF_B,6,1.68,-94.71,-16.46,4,1
P007,HRTF_B,6,1.694,-95.35,-16.6,4,1
P007,HRTF_B,6,1.708,-96.02,-16.74,4,1
P007,HRTF_B,6,1.722,-96.69,-16.79,4,1
P007,HRTF_B,6,1.736,-97.39,-16.82,4,1
P007,HRTF_B,6,1.75,-98.09,-16.8,4,1
P007,HRTF_B,6,1.764,-98.81,-16.77,4,1
P007,HRTF_B,6,1.778,-99.52,-16.8,4,1
P007,HRTF_B,6,1.792,-100.2,-16.86,4,1
P007,HRTF_B,6,1.805,-100.95,-16.89,4,1
P007,HRTF_B,6,1.82,-101.73,-16.88,4,1
P007,HRTF_B,6,1.833,-102.51,-16.86,4,1
P007,HRTF_B,6,1.847,-103.28,-16.84,4,1
P007,HRTF_B,6,1.861,-104.01,-16.94,4,1
P007,HRTF_B,6,1.875,-104.72,-17.07,4,1
P007,HRTF_B,6,1.889,-105.43,-17.21,4,1
P007,HRTF_B,6,1.903,-106.16,-17.39,4,1
P007,HRTF_B,6,1.917,-106.94,-17.5,4,1
P007,HRTF_B,6,1.93,-107.72,-17.65,4,1
P007,HRTF_B,6,1.944,-108.49,-17.84,4,1
P007,HRTF_B,6,1.958,-109.3,-18.04,4,1
P007,HRTF_B,6,1.972,-110.12,-18.29,4,1
P007,HRTF_B,6,1.986,-110.95,-18.54,4,1
P007,HRTF_B,6,2.0,-111.8,-18.82,4,1
P007,HRTF_B,6,2.013,-112.66,-19.13,4,1
P007,HRTF_B,6,2.028,-113.54,-19.48,4,1
P007,HRTF_B,6,2.041,-114.39,-19.87,4,1
P007,HRTF_B,6,2.055,-115.26,-20.27,4,1
P007,HRTF_B,6,2.069,-116.12,-20.61,4,1
P007,HRTF_B,6,2.083,-116.92,-20.95,4,1
P007,HRTF_B,6,2.097,-117.73,-21.26,4,1
P007,HRTF_B,6,2.111,-118.53,-21.52,4,1
P007,HRTF_B,6,2.125,-119.26,-21.78,4,1
P007,HRTF_B,6,2.139,-120.02,-21.94,4,1
P007,HRTF_B,6,2.152,-120.72,-22.04,4,1
P007,HRTF_B,6,2.166,-121.42,-22.09,4,1
P007,HRTF_B,6,2.18,-122.16,-22.16,4,1
P007,HRTF_B,6,2.194,-122.89,-22.2,4,1
P007,HRTF_B,6,2.208,-123.65,-22.23,4,1
P007,HRTF_B,6,2.222,-124.4,-22.15,4,1
P007,HRTF_B,6,2.236,-125.14,-22.06,4,1
P007,HRTF_B,6,2.25,-125.87,-21.89,4,1
P007,HRTF_B,6,2.264,-126.57,-21.73,4,1
P007,HRTF_B,6,2.278,-127.27,-21.62,4,1
P007,HRTF_B,6,2.292,-127.97,-21.56,4,1
P007,HRTF_B,6,2.306,-128.66,-21.6,4,1
P007,HRTF_B,6,2.319,-129.33,-21.68,4,1
P007,HRTF_B,6,2.333,-130.02,-21.77,4,1
P007,HRTF_B,6,2.347,-130.72,-21.9,4,1
P007,HRTF_B,6,2.361,-131.47,-22.04,4,1
P007,HRTF_B,6,2.375,-132.2,-22.29,4,1
P007,HRTF_B,6,2.389,-132.91,-22.58,4,1
P007,HRTF_B,6,2.403,-133.62,-22.91,4,1
P007,HRTF_B,6,2.417,-134.3,-23.29,4,1
P007,HRTF_B,6,2.431,-134.93,-23.71,4,1
P007,HRTF_B,6,2.445,-135.56,-24.16,4,1
P007,HRTF_B,6,2.458,-136.16,-24.73,4,1
P007,HRTF_B,6,2.472,-136.77,-25.41,4,1
P007,HRTF_B,6,2.486,-137.39,-26.12,4,1
P007,HRTF_B,6,2.5,-138.01,-26.87,4,1
P007,HRTF_B,6,2.514,-138.64,-27.52,4,1
P007,HRTF_B,6,2.528,-139.28,-28.2,4,1
P007,HRTF_B,6,2.542,-139.82,-28.98,4,1
P007,HRTF_B,6,2.555,-140.41,-29.73,4,1
P007,HRTF_B,6,2.569,-140.87,-30.57,4,1
P007,HRTF_B,6,2.583,-141.34,-31.37,4,1
P007,HRTF_B,6,2.597,-141.79,-32.12,4,1
P007,HRTF_B,6,2.611,-142.17,-32.91,4,1
P007,HRTF_B,6,2.625,-142.62,-33.69,4,1
P007,HRTF_B,6,2.639,-142.96,-34.52,4,1
P007,HRTF_B,6,2.653,-143.28,-35.29,4,1
P007,HRTF_B,6,2.667,-143.59,-36.01,4,1
P007,HRTF_B,6,2.681,-143.94,-36.62,4,1
P007,HRTF_B,6,2.694,-144.19,-37.24,4,1
P007,HRTF_B,6,2.708,-144.44,-37.82,4,1
P007,HRTF_B,6,2.722,-144.62,-38.44,4,1
P007,HRTF_B,6,2.736,-144.77,-38.97,4,1
P007,HRTF_B,6,2.75,-144.99,-39.4,4,1
P007,HRTF_B,6,2.764,-145.18,-39.74,4,1
P007,HRTF_B,6,2.778,-145.36,-40.0,4,1
P007,HRTF_B,6,2.792,-145.53,-40.21,4,1
P007,HRTF_B,6,2.806,-145.69,-40.45,4,1
P007,HRTF_B,6,2.82,-145.95,-40.6,4,1
P007,HRTF_B,6,2.833,-145.94,-40.9,4,1
P007,HRTF_B,6,2.847,-146.07,-41.0,4,1
P007,HRTF_B,6,2.861,-146.21,-41.08,4,1
P007,HRTF_B,6,2.875,-146.36,-41.18,4,1
P007,HRTF_B,6,2.889,-146.53,-41.31,4,1
P007,HRTF_B,6,2.903,-146.73,-41.4,4,1
P007,HRTF_B,6,2.917,-146.98,-41.42,4,1
P007,HRTF_B,6,2.93,-147.28,-41.39,4,1
P007,HRTF_B,6,2.944,-147.6,-41.31,4,1
P007,HRTF_B,6,2.958,-147.9,-41.28,4,1
P007,HRTF_B,6,2.972,-148.22,-41.27,4,1
P007,HRTF_B,6,2.986,-148.51,-41.29,4,1
P007,HRTF_B,6,3.0,-148.81,-41.34,4,1
P007,HRTF_B,6,3.014,-149.16,-41.35,4,1
P007,HRTF_B,6,3.028,-149.5,-41.37,4,1
P007,HRTF_B,6,3.041,-149.81,-41.39,4,1
P007,HRTF_B,6,3.056,-150.15,-41.4,4,1
P007,HRTF_B,6,3.069,-150.49,-41.4,4,1
P007,HRTF_B,6,3.083,-150.8,-41.39,4,1
P007,HRTF_B,6,3.097,-151.08,-41.37,4,1
P007,HRTF_B,6,3.111,-151.37,-41.32,4,1
P007,HRTF_B,6,3.125,-151.64,-41.29,4,1
P007,HRTF_B,6,3.139,-151.91,-41.27,4,1
P007,HRTF_B,6,3.153,-152.24,-41.2,4,1
P007,HRTF_B,6,3.167,-152.52,-41.15,4,1
P007,HRTF_B,6,3.18,-152.78,-41.08,4,1
P007,HRTF_B,6,3.194,-153.06,-41.03,4,1
P007,HRTF_B,6,3.208,-153.3,-41.0,4,1
P007,HRTF_B,6,3.222,-153.52,-40.95,4,1
P007,HRTF_B,6,3.236,-153.75,-40.89,4,1
P007,HRTF_B,6,3.25,-153.98,-40.81,4,1
P007,HRTF_B,6,3.264,-154.18,-40.69,4,1
P007,HRTF_B,6,3.278,-154.38,-40.56,4,1
P007,HRTF_B,6,3.292,-154.55,-40.4,4,1
P007,HRTF_B,6,3.305,-154.68,-40.21,4,1
P007,HRTF_B,6,3.323,-154.81,-39.99,4,1
P007,HRTF_B,6,3.334,-154.91,-39.76,4,1
P007,HRTF_B,6,3.347,-154.98,-39.44,4,1
P007,HRTF_B,6,3.361,-155.06,-38.97,4,1
P007,HRTF_B,6,3.375,-155.14,-38.34,4,1
P007,HRTF_B,6,3.389,-155.26,-37.55,4,1
P007,HRTF_B,6,3.403,-155.37,-36.61,4,1
P007,HRTF_B,6,3.417,-155.51,-35.6,4,1
P007,HRTF_B,6,3.43,-155.62,-34.53,4,1
P007,HRTF_B,6,3.445,-155.73,-33.4,4,1
P007,HRTF_B,6,3.458,-155.8,-32.15,4,1
P007,HRTF_B,6,3.472,-155.89,-30.78,4,1
P007,HRTF_B,6,3.487,-155.93,-29.29,4,1
P007,HRTF_B,6,3.5,-155.93,-27.75,4,1
P007,HRTF_B,6,3.514,-155.86,-26.17,4,1
P007,HRTF_B,6,3.528,-155.73,-24.61,4,1
P007,HRTF_B,6,3.542,-155.52,-23.02,4,1
P007,HRTF_B,6,3.555,-155.28,-21.41,4,1
P007,HRTF_B,6,3.569,-154.98,-19.82,4,1
P007,HRTF_B,6,3.583,-154.6,-18.24,4,1
P007,HRTF_B,6,3.597,-154.13,-16.72,4,1
P007,HRTF_B,6,3.611,-153.6,-15.25,4,1
P007,HRTF_B,6,3.625,-153.07,-13.8,4,1
P007,HRTF_B,6,3.639,-152.59,-12.36,4,1
P007,HRTF_B,6,3.653,-152.07,-10.94,4,1
P007,HRTF_B,6,3.666,-151.56,-9.57,4,1
P007,HRTF_B,6,3.68,-150.98,-8.2,4,1
P007,HRTF_B,6,3.694,-150.37,-6.92,4,1
P007,HRTF_B,6,3.708,-149.67,-5.7,4,1
P007,HRTF_B,6,3.722,-148.92,-4.55,4,1
P007,HRTF_B,6,3.736,-148.12,-3.44,4,1
P007,HRTF_B,6,3.75,-147.28,-2.41,4,1
P007,HRTF_B,6,3.764,-146.38,-1.45,4,1
P007,HRTF_B,6,3.778,-145.37,-0.56,4,1
P007,HRTF_B,6,3.791,-144.3,0.23,4,1
P007,HRTF_B,6,3.805,-143.19,0.94,4,1
P007,HRTF_B,6,3.819,-142.04,1.57,4,1
P007,HRTF_B,6,3.833,-140.89,2.22,4,1
P007,HRTF_B,6,3.847,-139.67,2.84,4,1
P007,HRTF_B,6,3.861,-138.45,3.46,4,1
P007,HRTF_B,6,3.875,-137.18,3.99,4,1
P007,HRTF_B,6,3.889,-135.92,4.54,4,1
P007,HRTF_B,6,3.903,-134.59,5.07,4,1
P007,HRTF_B,6,3.916,-133.3,5.66,4,1
P007,HRTF_B,6,3.93,-131.96,6.28,4,1
P007,HRTF_B,6,3.944,-130.62,6.93,4,1
P007,HRTF_B,6,3.958,-129.24,7.61,4,1
P007,HRTF_B,6,3.972,-127.84,8.28,4,1
P007,HRTF_B,6,3.986,-126.39,8.89,4,1
P007,HRTF_B,6,4.0,-124.92,9.42,4,1
P007,HRTF_B,6,4.013,-123.44,9.88,4,1
P007,HRTF_B,6,4.027,-121.96,10.32,4,1
P007,HRTF_B,6,4.041,-120.5,10.74,4,1
P007,HRTF_B,6,4.055,-119.05,11.16,4,1
P007,HRTF_B,6,4.069,-117.62,11.5,4,1
P007,HRTF_B,6,4.083,-116.14,11.8,4,1
P007,HRTF_B,6,4.097,-114.66,11.98,4,1
P007,HRTF_B,6,4.111,-113.21,12.09,4,1
P007,HRTF_B,6,4.124,-111.77,12.17,4,1
P007,HRTF_B,6,4.138,-110.38,12.3,4,1
P007,HRTF_B,6,4.152,-109.0,12.49,4,1
P007,HRTF_B,6,4.166,-107.62,12.68,4,1
P007,HRTF_B,6,4.18,-106.18,12.7,4,1
P007,HRTF_B,6,4.194,-104.73,12.57,4,1
P007,HRTF_B,6,4.208,-103.31,12.42,4,1
P007,HRTF_B,6,4.222,-101.94,12.3,4,1
P007,HRTF_B,6,4.236,-100.63,12.31,4,1
P007,HRTF_B,6,4.249,-99.32,12.39,4,1
P007,HRTF_B,6,4.264,-97.98,12.53,4,1
P007,HRTF_B,6,4.277,-96.57,12.68,4,1
P007,HRTF_B,6,4.291,-95.15,12.83,4,1
P007,HRTF_B,6,4.305,-93.72,12.99,4,1
P007,HRTF_B,6,4.319,-92.29,13.18,4,1
P007,HRTF_B,6,4.333,-90.85,13.33,4,1
P007,HRTF_B,6,4.347,-89.34,13.43,4,1
P007,HRTF_B,6,4.36,-87.77,13.5,4,1
P007,HRTF_B,6,4.374,-86.19,13.51,4,1
P007,HRTF_B,6,4.388,-84.59,13.52,4,1
P007,HRTF_B,6,4.402,-83.02,13.51,4,1
P007,HRTF_B,6,4.416,-81.48,13.49,4,1
P007,HRTF_B,6,4.43,-79.93,13.47,4,1
P007,HRTF_B,6,4.444,-78.36,13.44,4,1
P007,HRTF_B,6,4.458,-76.77,13.42,4,1
P007,HRTF_B,6,4.472,-75.21,13.45,4,1
P007,HRTF_B,6,4.486,-73.68,13.51,4,1
P007,HRTF_B,6,4.499,-72.21,13.62,4,1
P007,HRTF_B,6,4.513,-70.81,13.76,4,1
P007,HRTF_B,6,4.527,-69.44,13.95,4,1
P007,HRTF_B,6,4.541,-68.12,14.11,4,1
P007,HRTF_B,6,4.555,-66.79,14.23,4,1
P007,HRTF_B,6,4.569,-65.51,14.33,4,1
P007,HRTF_B,6,4.583,-64.31,14.45,4,1
P007,HRTF_B,6,4.597,-63.18,14.56,4,1
P007,HRTF_B,6,4.611,-62.15,14.65,4,1
P007,HRTF_B,6,4.625,-61.16,14.68,4,1
P007,HRTF_B,6,4.638,-60.18,14.66,4,1
P007,HRTF_B,6,4.652,-59.18,14.54,4,1
P007,HRTF_B,6,4.666,-58.17,14.4,4,1
P007,HRTF_B,6,4.68,-57.17,14.3,4,1
P007,HRTF_B,6,4.694,-56.16,14.25,4,1
P007,HRTF_B,6,4.708,-55.17,14.21,4,1
P007,HRTF_B,6,4.722,-54.19,14.15,4,1
P007,HRTF_B,6,4.735,-53.18,14.09,4,1
P007,HRTF_B,6,4.75,-52.11,13.98,4,1
P007,HRTF_B,6,4.763,-51.01,13.89,4,1
P007,HRTF_B,6,4.777,-49.89,13.81,4,1
P007,HRTF_B,6,4.791,-48.76,13.79,4,1
P007,HRTF_B,6,4.805,-47.61,13.72,4,1
P007,HRTF_B,6,4.819,-46.46,13.65,4,1
P007,HRTF_B,6,4.833,-45.33,13.57,4,1
P007,HRTF_B,6,4.847,-44.19,13.52,4,1
P007,HRTF_B,6,4.861,-43.06,13.54,4,1
P007,HRTF_B,6,4.874,-41.92,13.57,4,1
P007,HRTF_B,6,4.888,-40.77,13.59,4,1
P007,HRTF_B,6,4.902,-39.61,13.59,4,1
P007,HRTF_B,6,4.916,-38.49,13.57,4,1
P007,HRTF_B,6,4.93,-37.38,13.55,4,1
P007,HRTF_B,6,4.944,-36.29,13.59,4,1
P007,HRTF_B,6,4.958,-35.19,13.64,4,1
P007,HRTF_B,6,4.972,-34.1,13.72,4,1
P007,HRTF_B,6,4.985,-32.98,13.8,4,1
P007,HRTF_B,6,4.999,-31.86,13.85,4,1
P007,HRTF_B,6,5.013,-30.73,13.83,4,1
P007,HRTF_B,6,5.027,-29.62,13.84,4,1
P007,HRTF_B,6,5.041,-28.49,13.83,4,1
P007,HRTF_B,6,5.055,-27.37,13.82,4,1
P007,HRTF_B,6,5.069,-26.25,13.81,4,1
P007,HRTF_B,6,5.083,-25.13,13.8,4,1
P007,HRTF_B,6,5.097,-24.05,13.74,4,1
P007,HRTF_B,6,5.111,-22.97,13.67,4,1
P007,HRTF_B,6,5.124,-21.89,13.63,4,1
P007,HRTF_B,6,5.139,-20.77,13.59,4,1
P007,HRTF_B,6,5.152,-19.66,13.57,4,1
P007,HRTF_B,6,5.166,-18.6,13.57,4,1
P007,HRTF_B,6,5.18,-17.56,13.55,4,1
P007,HRTF_B,6,5.194,-16.54,13.54,4,1
P007,HRTF_B,6,5.208,-15.53,13.56,4,1
P007,HRTF_B,6,5.222,-14.51,13.55,4,1
P007,HRTF_B,6,5.236,-13.51,13.53,4,1
P007,HRTF_B,6,5.249,-12.53,13.51,4,1
P007,HRTF_B,6,5.263,-11.58,13.53,4,1
P007,HRTF_B,6,5.277,-10.68,13.51,4,1
P007,HRTF_B,6,5.291,-9.8,13.48,4,1
P007,HRTF_B,6,5.305,-8.91,13.42,4,1
P007,HRTF_B,6,5.319,-8.03,13.34,4,1
P007,HRTF_B,6,5.333,-7.15,13.27,4,1
P007,HRTF_B,6,5.347,-6.24,13.21,4,1
P007,HRTF_B,6,5.361,-5.39,13.1,4,1
P007,HRTF_B,6,5.374,-4.52,12.92,4,1
P007,HRTF_B,6,5.391,-3.66,12.7,4,1
P007,HRTF_B,6,5.402,-2.82,12.48,4,1
P007,HRTF_B,6,5.416,-1.98,12.22,4,1
P007,HRTF_B,6,5.43,-1.2,11.89,4,1
P007,HRTF_B,6,5.444,-0.54,11.43,4,1
P007,HRTF_B,6,5.458,0.05,10.85,4,1
P007,HRTF_B,6,5.472,0.57,10.18,4,1
P007,HRTF_B,6,5.486,1.04,9.51,4,1
P007,HRTF_B,6,5.5,1.45,8.72,4,1
P007,HRTF_B,6,5.513,1.74,7.77,4,1
P007,HRTF_B,6,5.527,1.89,6.65,4,1
P007,HRTF_B,6,5.541,1.88,5.45,4,1
P007,HRTF_B,6,5.555,1.69,4.28,4,1
P007,HRTF_B,6,5.569,1.45,3.17,4,1
P007,HRTF_B,6,5.583,1.13,1.95,4,1
P007,HRTF_B,6,5.597,0.71,0.5,4,1
P007,HRTF_B,6,5.61,0.19,-1.01,4,1
P007,HRTF_B,6,5.624,-0.39,-2.39,4,1
P007,HRTF_B,6,5.638,-1.04,-3.61,4,1
P007,HRTF_B,6,5.652,-1.68,-4.66,4,1
P007,HRTF_B,6,5.666,-2.39,-5.7,4,1
P007,HRTF_B,6,5.68,-3.1,-6.83,4,1
P007,HRTF_B,6,5.694,-3.87,-7.96,4,1
P007,HRTF_B,6,5.708,-4.64,-9.02,4,1
P007,HRTF_B,6,5.721,-5.41,-9.94,4,1
P007,HRTF_B,6,5.735,-6.19,-10.72,4,1
P007,HRTF_B,6,5.749,-6.97,-11.51,4,1
P007,HRTF_B,6,5.763,-7.76,-12.27,4,1
P007,HRTF_B,6,5.777,-8.5,-13.04,4,1
P007,HRTF_B,6,5.791,-9.22,-13.78,4,1
P007,HRTF_B,6,5.805,-9.89,-14.47,4,1
P007,HRTF_B,6,5.819,-10.56,-15.12,4,1
P007,HRTF_B,6,5.833,-11.26,-15.77,4,1
P007,HRTF_B,6,5.847,-11.9,-16.4,4,1
P007,HRTF_B,6,5.861,-12.55,-16.95,4,1
P007,HRTF_B,6,5.874,-13.08,-17.49,4,1
P007,HRTF_B,6,5.889,-13.56,-17.89,4,1
P007,HRTF_B,6,5.902,-13.98,-18.25,4,1
P007,HRTF_B,6,5.916,-14.35,-18.59,4,1
P007,HRTF_B,6,5.93,-14.67,-19.0,4,1
P007,HRTF_B,6,5.944,-14.92,-19.46,4,1
P007,HRTF_B,6,5.958,-15.15,-19.97,4,1
P007,HRTF_B,6,5.972,-15.35,-20.43,4,1
P007,HRTF_B,6,5.986,-15.53,-20.83,4,1
P007,HRTF_B,6,5.999,-15.69,-21.12,4,1
P007,HRTF_B,6,6.013,-15.82,-21.37,4,1
P007,HRTF_B,6,6.027,-15.91,-21.65,4,1
P007,HRTF_B,6,6.041,-15.99,-21.96,4,1
P007,HRTF_B,6,6.055,-16.05,-22.25,4,1
P007,HRTF_B,6,6.069,-16.1,-22.46,4,1
P007,HRTF_B,6,6.083,-16.12,-22.56,4,1
P007,HRTF_B,6,6.097,-16.14,-22.6,4,1
P007,HRTF_B,6,6.111,-16.17,-22.69,4,1
P007,HRTF_B,6,6.125,-16.21,-22.87,4,1
P007,HRTF_B,6,6.138,-16.27,-23.13,4,1
P007,HRTF_B,6,6.152,-16.33,-23.41,4,1
P007,HRTF_B,6,6.166,-16.36,-23.63,4,1
P007,HRTF_B,6,6.18,-16.35,-23.8,4,1
P007,HRTF_B,6,6.194,-16.32,-23.94,4,1
P007,HRTF_B,6,6.208,-16.3,-23.98,4,1
P007,HRTF_B,6,6.222,-16.24,-24.0,4,1
P007,HRTF_B,6,6.236,-16.16,-24.06,4,1
P007,HRTF_B,6,6.249,-16.05,-24.09,4,1
P007,HRTF_B,6,6.263,-15.93,-24.09,4,1
P007,HRTF_B,6,6.277,-15.81,-24.03,4,1
P007,HRTF_B,6,6.291,-15.7,-23.92,4,1
P007,HRTF_B,6,6.305,-15.62,-23.76,4,1
P007,HRTF_B,6,6.319,-15.58,-23.59,4,1
P007,HRTF_B,6,6.333,-15.57,-23.45,4,1
P007,HRTF_B,6,6.347,-15.59,-23.31,4,1
P007,HRTF_B,6,6.361,-15.61,-23.16,4,1
P007,HRTF_B,6,6.375,-15.61,-23.0,4,1
P007,HRTF_B,6,6.389,-15.61,-22.84,4,1
P007,HRTF_B,6,6.402,-15.6,-22.67,4,1
P007,HRTF_B,6,6.416,-15.57,-22.49,4,1
P007,HRTF_B,6,6.431,-15.52,-22.29,4,1
P007,HRTF_B,6,6.444,-15.47,-22.05,4,1
P007,HRTF_B,6,6.458,-15.35,-21.82,4,1
P007,HRTF_B,6,6.472,-15.25,-21.57,4,1
P007,HRTF_B,6,6.486,-15.1,-21.38,4,1
P007,HRTF_B,6,6.5,-14.97,-21.3,4,1
P007,HRTF_B,6,6.514,-14.85,-21.23,4,1
P007,HRTF_B,6,6.527,-14.8,-21.13,4,1
P007,HRTF_B,6,6.542,-14.8,-20.98,4,1
P007,HRTF_B,6,6.555,-14.84,-20.79,4,1
P007,HRTF_B,6,6.569,-14.91,-20.61,4,1
P007,HRTF_B,6,6.583,-15.0,-20.54,4,1
P007,HRTF_B,6,6.597,-15.04,-20.58,4,1
P007,HRTF_B,6,6.611,-15.08,-20.61,4,1
P007,HRTF_B,6,6.624,-15.11,-20.64,4,1
P007,HRTF_B,6,6.638,-15.13,-20.57,4,1
P007,HRTF_B,6,6.652,-15.14,-20.39,4,1
P007,HRTF_B,6,6.666,-15.13,-20.18,4,1
P007,HRTF_B,6,6.68,-15.07,-20.02,4,1
P007,HRTF_B,6,6.694,-15.05,-19.9,4,1
P007,HRTF_B,6,6.708,-15.03,-19.8,4,1
P007,HRTF_B,6,6.722,-15.04,-19.73,4,1
P007,HRTF_B,6,6.736,-15.06,-19.62,4,1
P007,HRTF_B,6,6.75,-15.07,-19.5,4,1
P007,HRTF_B,6,6.763,-15.09,-19.36,4,1
P007,HRTF_B,6,6.777,-15.12,-19.24,4,1
P007,HRTF_B,6,6.791,-15.18,-19.15,4,1
P007,HRTF_B,6,6.805,-15.25,-19.07,4,1
P007,HRTF_B,6,6.819,-15.29,-18.98,4,1
P007,HRTF_B,6,6.833,-15.31,-18.9,4,1
P007,HRTF_B,6,6.847,-15.3,-18.8,4,1
P007,HRTF_B,6,6.86,-15.3,-18.68,4,1
P007,HRTF_B,6,6.874,-15.31,-18.55,4,1
P007,HRTF_B,6,6.888,-15.33,-18.41,4,1
P007,HRTF_B,6,6.902,-15.34,-18.26,4,1
P007,HRTF_B,6,6.916,-15.34,-18.13,4,1
P007,HRTF_B,6,6.93,-15.3,-18.03,4,1
P007,HRTF_B,6,6.944,-15.25,-17.97,4,1
P007,HRTF_B,6,6.958,-15.21,-17.91,4,1
P007,HRTF_B,6,6.972,-15.17,-17.86,4,1
P007,HRTF_B,6,6.985,-15.17,-17.8,4,1
P007,HRTF_B,6,6.999,-15.18,-17.74,4,1
P007,HRTF_B,6,7.013,-15.19,-17.67,4,1
P007,HRTF_B,6,7.027,-15.18,-17.61,4,1
P007,HRTF_B,6,7.041,-15.15,-17.55,4,1
P007,HRTF_B,6,7.055,-15.13,-17.52,4,1
P007,HRTF_B,6,7.069,-15.14,-17.5,4,1
P007,HRTF_B,6,7.083,-15.16,-17.46,4,1
P007,HRTF_B,6,7.096,-15.19,-17.39,4,1
P007,HRTF_B,6,7.111,-15.19,-17.33,4,1
P007,HRTF_B,6,7.124,-15.18,-17.28,4,1
P007,HRTF_B,6,7.138,-15.19,-17.21,4,1
P007,HRTF_B,6,7.152,-15.21,-17.16,4,1
P007,HRTF_B,6,7.166,-15.26,-17.09,4,1
P007,HRTF_B,6,7.18,-15.31,-17.02,4,1
P007,HRTF_B,6,7.194,-15.35,-16.95,4,1
P007,HRTF_B,6,7.208,-15.36,-16.91,4,1
P007,HRTF_B,6,7.222,-15.36,-16.89,4,1
P007,HRTF_B,6,7.236,-15.36,-16.86,4,1
P007,HRTF_B,6,7.249,-15.37,-16.83,4,1
P007,HRTF_B,6,7.263,-15.4,-16.79,4,1
P007,HRTF_B,6,7.277,-15.42,-16.72,4,1
P007,HRTF_B,6,7.291,-15.42,-16.66,4,1
P007,HRTF_B,6,7.305,-15.41,-16.6,4,1
P007,HRTF_B,6,7.319,-15.39,-16.56,4,1
P007,HRTF_B,6,7.333,-15.38,-16.51,4,1
P007,HRTF_B,6,7.346,-15.37,-16.47,4,1
P007,HRTF_B,6,7.36,-15.38,-16.43,4,1
P007,HRTF_B,6,7.374,-15.4,-16.39,4,1
P007,HRTF_B,6,7.388,-15.4,-16.35,4,1
P007,HRTF_B,6,7.402,-15.39,-16.34,4,1
P007,HRTF_B,6,7.416,-15.38,-16.34,4,1
P007,HRTF_B,6,7.43,-15.36,-16.36,4,1
P007,HRTF_B,6,7.444,-15.36,-16.4,4,1
P007,HRTF_B,6,7.458,-15.36,-16.42,4,1
P007,HRTF_B,6,7.472,-15.38,-16.45,4,1
P007,HRTF_B,6,7.485,-15.38,-16.48,4,1
P007,HRTF_B,6,7.499,-15.38,-16.5,4,1
P007,HRTF_B,6,7.513,-15.37,-16.54,4,1
P007,HRTF_B,6,7.527,-15.38,-16.59,4,1
P007,HRTF_B,6,7.541,-15.39,-16.63,4,1
P007,HRTF_B,6,7.555,-15.43,-16.7,4,1
P007,HRTF_B,6,7.569,-15.44,-16.77,4,1
P007,HRTF_B,6,7.583,-15.44,-16.83,4,1
P007,HRTF_B,6,7.596,-15.43,-16.87,4,1
P007,HRTF_B,6,7.61,-15.42,-16.89,4,1
P007,HRTF_B,6,7.624,-15.43,-16.87,4,1
P007,HRTF_B,6,7.638,-15.44,-16.87,4,1
P007,HRTF_B,6,7.652,-15.43,-16.88,4,1
P007,HRTF_B,6,7.666,-15.41,-16.93,4,1
P007,HRTF_B,6,7.68,-15.39,-16.96,4,1
P007,HRTF_B,6,7.694,-15.38,-16.96,4,1
P007,HRTF_B,6,7.708,-15.37,-16.93,4,1
P007,HRTF_B,6,7.721,-15.38,-16.86,4,1
P007,HRTF_B,6,7.735,-15.38,-16.85,4,1
P007,HRTF_B,6,7.749,-15.37,-16.88,4,1
P007,HRTF_B,6,7.763,-15.36,-16.92,4,1
P007,HRTF_B,6,7.777,-15.35,-16.93,4,1
P007,HRTF_B,6,7.791,-15.34,-16.92,4,1
P007,HRTF_B,6,7.805,-15.35,-16.9,4,1
P007,HRTF_B,6,7.819,-15.39,-16.86,4,1
P007,HRTF_B,6,7.833,-15.43,-16.87,4,1
P007,HRTF_B,6,7.846,-15.47,-16.9,4,1
P007,HRTF_B,6,7.86,-15.5,-16.94,4,1
P007,HRTF_B,6,7.874,-15.5,-16.92,4,1
P007,HRTF_B,6,7.888,-15.51,-16.88,4,1
P007,HRTF_B,6,7.902,-15.52,-16.81,4,1
P007,HRTF_B,6,7.916,-15.54,-16.75,4,1
P007,HRTF_B,6,7.93,-15.56,-16.75,4,1
P007,HRTF_B,6,7.944,-15.59,-16.81,4,1
P007,HRTF_B,6,7.958,-15.62,-16.87,4,1
P007,HRTF_B,6,7.972,-15.68,-16.9,4,1
P007,HRTF_B,6,7.986,-15.76,-16.89,4,1
P007,HRTF_B,6,8.0,-15.87,-16.86,4,1
P007,HRTF_B,6,8.013,-15.98,-16.86,4,1
P007,HRTF_B,6,8.027,-16.09,-16.91,4,1
P007,HRTF_B,6,8.041,-16.18,-16.99,4,1
P007,HRTF_B,6,8.055,-16.24,-17.08,4,1
P007,HRTF_B,6,8.069,-16.31,-17.16,4,1
P007,HRTF_B,6,8.083,-16.41,-17.2,4,1
P007,HRTF_B,6,8.096,-16.56,-17.19,4,1
P007,HRTF_B,6,8.11,-16.76,-17.19,4,1
P007,HRTF_B,6,8.125,-17.02,-17.23,4,1
P007,HRTF_B,6,8.138,-17.32,-17.32,4,1
P007,HRTF_B,6,8.152,-17.67,-17.39,4,1
P007,HRTF_B,6,8.166,-18.05,-17.44,4,1
P007,HRTF_B,6,8.18,-18.49,-17.46,4,1
P007,HRTF_B,6,8.194,-18.98,-17.47,4,1
P007,HRTF_B,6,8.208,-19.51,-17.51,4,1
P007,HRTF_B,6,8.222,-20.08,-17.58,4,1
P007,HRTF_B,6,8.235,-20.69,-17.62,4,1
P007,HRTF_B,6,8.249,-21.34,-17.63,4,1
P007,HRTF_B,6,8.263,-22.02,-17.59,4,1
P007,HRTF_B,6,8.277,-22.75,-17.57,4,1
P007,HRTF_B,6,8.291,-23.48,-17.6,4,1
P007,HRTF_B,6,8.305,-24.22,-17.67,4,1
P007,HRTF_B,6,8.319,-24.98,-17.79,4,1
P007,HRTF_B,6,8.332,-25.73,-17.91,4,1
P007,HRTF_B,6,8.347,-26.51,-18.0,4,1
P007,HRTF_B,6,8.36,-27.31,-18.07,4,1
P007,HRTF_B,6,8.374,-28.15,-18.12,4,1
P007,HRTF_B,6,8.388,-28.99,-18.18,4,1
P007,HRTF_B,6,8.402,-29.82,-18.27,4,1
P007,HRTF_B,6,8.416,-30.64,-18.34,4,1
P007,HRTF_B,6,8.43,-31.48,-18.43,4,1
P007,HRTF_B,6,8.444,-32.28,-18.51,4,1
P007,HRTF_B,6,8.458,-33.08,-18.57,4,1
P007,HRTF_B,6,8.471,-33.86,-18.66,4,1
P007,HRTF_B,6,8.486,-34.6,-18.75,4,1
P007,HRTF_B,6,8.499,-35.29,-18.86,4,1
P007,HRTF_B,6,8.513,-35.96,-18.96,4,1
P007,HRTF_B,6,8.527,-36.6,-19.0,4,1
P007,HRTF_B,6,8.541,-37.21,-19.09,4,1
P007,HRTF_B,6,8.555,-37.85,-19.2,4,1
P007,HRTF_B,6,8.568,-38.5,-19.35,4,1
P007,HRTF_B,6,8.582,-39.16,-19.55,4,1
P007,HRTF_B,6,8.596,-39.83,-19.73,4,1
P007,HRTF_B,6,8.61,-40.47,-19.91,4,1
P007,HRTF_B,6,8.624,-41.16,-20.05,4,1
P007,HRTF_B,6,8.638,-41.83,-20.19,4,1
P007,HRTF_B,6,8.652,-42.52,-20.33,4,1
P007,HRTF_B,6,8.666,-43.23,-20.46,4,1
P007,HRTF_B,6,8.68,-43.93,-20.57,4,1
P007,HRTF_B,6,8.694,-44.63,-20.67,4,1
P007,HRTF_B,6,8.708,-45.36,-20.74,4,1
P007,HRTF_B,6,8.721,-45.97,-20.83,4,1
P007,HRTF_B,6,8.735,-46.65,-20.86,4,1
P007,HRTF_B,6,8.749,-47.33,-20.91,4,1
P007,HRTF_B,6,8.763,-47.97,-20.87,4,1
P007,HRTF_B,6,8.777,-48.6,-20.82,4,1
P007,HRTF_B,6,8.791,-49.22,-20.74,4,1
P007,HRTF_B,6,8.805,-49.87,-20.61,4,1
P007,HRTF_B,6,8.819,-50.51,-20.48,4,1
P007,HRTF_B,6,8.832,-51.21,-20.38,4,1
P007,HRTF_B,6,8.846,-51.88,-20.27,4,1
P007,HRTF_B,6,8.86,-52.54,-20.18,4,1
P007,HRTF_B,6,8.874,-53.16,-20.09,4,1
P007,HRTF_B,6,8.888,-53.73,-19.99,4,1
P007,HRTF_B,6,8.902,-54.28,-19.97,4,1
P007,HRTF_B,6,8.916,-54.88,-19.96,4,1
P007,HRTF_B,6,8.929,-55.51,-19.97,4,1
P007,HRTF_B,6,8.943,-56.13,-20.01,4,1
P007,HRTF_B,6,8.957,-56.79,-20.04,4,1
P007,HRTF_B,6,8.971,-57.41,-20.06,4,1
P007,HRTF_B,6,8.985,-58.04,-20.07,4,1
P007,HRTF_B,6,8.999,-58.68,-20.12,4,1
P007,HRTF_B,6,9.013,-59.31,-20.22,4,1
P007,HRTF_B,6,9.027,-59.95,-20.32,4,1
P007,HRTF_B,6,9.04,-60.58,-20.41,4,1
P007,HRTF_B,6,9.055,-61.22,-20.47,4,1
P007,HRTF_B,6,9.068,-61.85,-20.52,4,1
P007,HRTF_B,6,9.082,-62.47,-20.55,4,1
P007,HRTF_B,6,9.096,-63.1,-20.55,4,1
P007,HRTF_B,6,9.11,-63.7,-20.53,4,1
P007,HRTF_B,6,9.124,-64.32,-20.53,4,1
P007,HRTF_B,6,9.138,-64.93,-20.51,4,1
P007,HRTF_B,6,9.152,-65.53,-20.53,4,1
P007,HRTF_B,6,9.166,-66.12,-20.52,4,1
P007,HRTF_B,6,9.18,-66.7,-20.48,4,1
P007,HRTF_B,6,9.193,-67.26,-20.42,4,1
P007,HRTF_B,6,9.207,-67.82,-20.37,4,1
P007,HRTF_B,6,9.221,-68.37,-20.31,4,1
P007,HRTF_B,6,9.235,-68.92,-20.25,4,1
P007,HRTF_B,6,9.249,-69.52,-20.17,4,1
P007,HRTF_B,6,9.263,-70.08,-20.09,4,1
P007,HRTF_B,6,9.277,-70.65,-20.02,4,1
P007,HRTF_B,6,9.291,-71.18,-19.98,4,1
P007,HRTF_B,6,9.305,-71.73,-19.93,4,1
P007,HRTF_B,6,9.318,-72.26,-19.93,4,1
P007,HRTF_B,6,9.333,-72.82,-19.9,4,1
P007,HRTF_B,6,9.346,-73.4,-19.88,4,1
P007,HRTF_B,6,9.36,-73.96,-19.83,4,1
P007,HRTF_B,6,9.374,-74.52,-19.79,4,1
P007,HRTF_B,6,9.388,-75.03,-19.79,4,1
P007,HRTF_B,6,9.402,-75.57,-19.83,4,1
P007,HRTF_B,6,9.416,-76.1,-19.85,4,1
P007,HRTF_B,6,9.43,-76.65,-19.86,4,1
P007,HRTF_B,6,9.444,-77.21,-19.87,4,1
P007,HRTF_B,6,9.457,-77.77,-19.89,4,1
P007,HRTF_B,6,9.471,-78.27,-19.92,4,1
P007,HRTF_B,6,9.485,-78.75,-19.98,4,1
P007,HRTF_B,6,9.499,-79.29,-20.02,4,1
P007,HRTF_B,6,9.513,-79.84,-20.04,4,1
P007,HRTF_B,6,9.527,-80.4,-20.01,4,1
P007,HRTF_B,6,9.541,-80.96,-19.95,4,1
P007,HRTF_B,6,9.555,-81.5,-19.88,4,1
P007,HRTF_B,6,9.569,-82.01,-19.85,4,1
P007,HRTF_B,6,9.582,-82.5,-19.8,4,1
P007,HRTF_B,6,9.596,-82.95,-19.72,4,1
P007,HRTF_B,6,9.61,-83.48,-19.55,4,1
P007,HRTF_B,6,9.624,-83.99,-19.34,4,1
P007,HRTF_B,6,9.638,-84.48,-19.11,4,1
P007,HRTF_B,6,9.652,-84.92,-18.85,4,1
P007,HRTF_B,6,9.666,-85.34,-18.66,4,1
P007,HRTF_B,6,9.679,-85.68,-18.53,4,1
P007,HRTF_B,6,9.693,-86.02,-18.42,4,1
P007,HRTF_B,6,9.707,-86.34,-18.31,4,1
P007,HRTF_B,6,9.721,-86.66,-18.18,4,1
P007,HRTF_B,6,9.735,-86.95,-18.09,4,1
P007,HRTF_B,6,9.749,-87.2,-18.07,4,1
P007,HRTF_B,6,9.763,-87.45,-18.11,4,1
P007,HRTF_B,6,9.777,-87.67,-18.17,4,1
P007,HRTF_B,6,9.791,-87.87,-18.29,4,1
P007,HRTF_B,6,9.805,-88.02,-18.44,4,1
P007,HRTF_B,6,9.818,-88.11,-18.61,4,1
P007,HRTF_B,6,9.833,-88.2,-18.78,4,1
P007,HRTF_B,6,9.846,-88.29,-18.95,4,1
P007,HRTF_B,6,9.86,-88.39,-19.11,4,1
P007,HRTF_B,6,9.874,-88.53,-19.25,4,1
P007,HRTF_B,6,9.888,-88.67,-19.36,4,1
P007,HRTF_B,6,9.902,-88.8,-19.5,4,1
P007,HRTF_B,6,9.916,-88.89,-19.72,4,1
P007,HRTF_B,6,9.929,-88.95,-20.04,4,1
P007,HRTF_B,6,9.943,-89.02,-20.42,4,1
P007,HRTF_B,6,9.957,-89.11,-20.79,4,1
P007,HRTF_B,6,9.971,-89.24,-21.17,4,1
P007,HRTF_B,6,9.985,-89.41,-21.64,4,1
P007,HRTF_B,6,9.999,-89.5,-22.11,4,1
P007,HRTF_B,6,10.013,-89.51,-22.66,4,1
P007,HRTF_B,6,10.026,-89.47,-23.25,4,1
P007,HRTF_B,6,10.04,-89.42,-23.85,4,1
P007,HRTF_B,6,10.054,-89.42,-24.43,4,1
P007,HRTF_B,6,10.068,-89.47,-24.92,4,1
P007,HRTF_B,6,10.082,-89.57,-25.34,4,1
P007,HRTF_B,6,10.096,-89.73,-25.73,4,1
P007,HRTF_B,6,10.11,-89.89,-26.06,4,1
P007,HRTF_B,6,10.124,-90.05,-26.42,4,1
P007,HRTF_B,6,10.138,-90.25,-26.78,4,1
P007,HRTF_B,6,10.152,-90.44,-27.12,4,1
P007,HRTF_B,6,10.166,-90.67,-27.39,4,1
P007,HRTF_B,6,10.18,-90.93,-27.61,4,1
P007,HRTF_B,6,10.193,-91.17,-27.82,4,1
P007,HRTF_B,6,10.207,-91.37,-28.07,4,1
P007,HRTF_B,6,10.221,-91.55,-28.33,4,1
P007,HRTF_B,6,10.235,-91.75,-28.59,4,1
P007,HRTF_B,6,10.249,-91.96,-28.8,4,1
P007,HRTF_B,6,10.263,-92.18,-28.95,4,1
P007,HRTF_B,6,10.276,-92.39,-29.06,4,1
P007,HRTF_B,6,10.29,-92.56,-29.19,4,1
P007,HRTF_B,6,10.304,-92.69,-29.34,4,1
P007,HRTF_B,6,10.318,-92.82,-29.49,4,1
P007,HRTF_B,6,10.332,-92.96,-29.66,4,1
P007,HRTF_B,6,10.346,-93.13,-29.79,4,1
P007,HRTF_B,6,10.36,-93.32,-29.87,4,1
P007,HRTF_B,6,10.374,-93.52,-29.92,4,1
P007,HRTF_B,6,10.388,-93.69,-29.96,4,1
P007,HRTF_B,6,10.402,-93.87,-29.96,4,1
P007,HRTF_B,6,10.416,-94.05,-30.01,4,1
P007,HRTF_B,6,10.43,-94.2,-30.04,4,1
P007,HRTF_B,6,10.443,-94.37,-30.0,4,1
P007,HRTF_B,6,10.457,-94.53,-29.86,4,1
P007,HRTF_B,6,10.471,-94.74,-29.68,4,1
P007,HRTF_B,6,10.485,-94.9,-29.45,4,1
P007,HRTF_B,6,10.499,-95.06,-29.15,4,1
P007,HRTF_B,6,10.513,-95.25,-28.8,4,1
P007,HRTF_B,6,10.527,-95.43,-28.27,4,1
P007,HRTF_B,6,10.54,-95.64,-27.62,4,1
P007,HRTF_B,6,10.555,-95.85,-26.82,4,1
P007,HRTF_B,6,10.568,-96.01,-25.93,4,1
P007,HRTF_B,6,10.582,-96.1,-24.99,4,1
P007,HRTF_B,6,10.596,-96.14,-24.01,4,1
P007,HRTF_B,6,10.609,-96.17,-23.02,4,1
P007,HRTF_B,6,10.624,-96.16,-21.99,4,1
P007,HRTF_B,6,10.638,-96.11,-20.91,4,1
P007,HRTF_B,6,10.652,-96.03,-19.8,4,1
P007,HRTF_B,6,10.666,-95.88,-18.7,4,1
P007,HRTF_B,6,10.679,-95.65,-17.62,4,1
P007,HRTF_B,6,10.693,-95.37,-16.58,4,1
P007,HRTF_B,6,10.707,-95.03,-15.59,4,1
P007,HRTF_B,6,10.721,-94.59,-14.66,4,1
P007,HRTF_B,6,10.735,-94.11,-13.72,4,1
P007,HRTF_B,6,10.749,-93.61,-12.73,4,1
P007,HRTF_B,6,10.763,-93.11,-11.77,4,1
P007,HRTF_B,6,10.776,-92.58,-10.83,4,1
P007,HRTF_B,6,10.79,-92.01,-9.96,4,1
P007,HRTF_B,6,10.805,-91.4,-9.15,4,1
P007,HRTF_B,6,10.818,-90.76,-8.42,4,1
P007,HRTF_B,6,10.832,-90.15,-7.72,4,1
P007,HRTF_B,6,10.846,-89.52,-7.13,4,1
P007,HRTF_B,6,10.86,-88.88,-6.7,4,1
P007,HRTF_B,6,10.874,-88.24,-6.4,4,1
P007,HRTF_B,6,10.887,-87.61,-6.2,4,1
P007,HRTF_B,6,10.902,-87.01,-6.02,4,1
P007,HRTF_B,6,10.915,-86.43,-5.79,4,1
P007,HRTF_B,6,10.929,-85.91,-5.53,4,1
P007,HRTF_B,6,10.943,-85.42,-5.31,4,1
P007,HRTF_B,6,10.957,-84.94,-5.15,4,1
P007,HRTF_B,6,10.971,-84.47,-5.04,4,1
P007,HRTF_B,6,10.985,-83.99,-4.98,4,1
P007,HRTF_B,6,10.999,-83.53,-4.89,4,1
P007,HRTF_B,6,11.012,-83.08,-4.78,4,1
P007,HRTF_B,6,11.026,-82.61,-4.68,4,1
P007,HRTF_B,6,11.04,-82.13,-4.58,4,1
P007,HRTF_B,6,11.054,-81.6,-4.54,4,1
P007,HRTF_B,6,11.068,-81.07,-4.49,4,1
P007,HRTF_B,6,11.082,-80.51,-4.39,4,1
P007,HRTF_B,6,11.095,-80.0,-4.24,4,1
P007,HRTF_B,6,11.11,-79.5,-4.08,4,1
P007,HRTF_B,6,11.123,-78.99,-3.85,4,1
P007,HRTF_B,6,11.137,-78.49,-3.59,4,1
P007,HRTF_B,6,11.151,-78.01,-3.27,4,1
P007,HRTF_B,6,11.165,-77.5,-2.88,4,1
P007,HRTF_B,6,11.179,-77.0,-2.52,4,1
P007,HRTF_B,6,11.193,-76.5,-2.16,4,1
P007,HRTF_B,6,11.207,-75.89,-1.8,4,1
P007,HRTF_B,6,11.221,-75.32,-1.47,4,1
P007,HRTF_B,6,11.235,-74.71,-1.15,4,1
P007,HRTF_B,6,11.248,-74.07,-0.83,4,1
P007,HRTF_B,6,11.262,-73.43,-0.46,4,1
P007,HRTF_B,6,11.276,-72.81,-0.04,4,1
P007,HRTF_B,6,11.29,-72.08,0.33,4,1
P007,HRTF_B,6,11.304,-71.39,0.7,4,1
P007,HRTF_B,6,11.318,-70.67,0.94,4,1
P007,HRTF_B,6,11.332,-69.92,1.09,4,1
P007,HRTF_B,6,11.346,-69.16,1.24,4,1
P007,HRTF_B,6,11.36,-68.35,1.34,4,1
P007,HRTF_B,6,11.374,-67.55,1.49,4,1
P007,HRTF_B,6,11.387,-66.76,1.65,4,1
P007,HRTF_B,6,11.401,-65.96,1.77,4,1
P007,HRTF_B,6,11.415,-65.16,1.84,4,1
P007,HRTF_B,6,11.429,-64.33,1.89,4,1
P007,HRTF_B,6,11.443,-63.5,1.95,4,1
P007,HRTF_B,6,11.457,-62.68,2.01,4,1
P007,HRTF_B,6,11.471,-61.77,2.11,4,1
P007,HRTF_B,6,11.485,-60.92,2.07,4,1
P007,HRTF_B,6,11.498,-59.89,2.07,4,1
P007,HRTF_B,6,11.512,-58.86,1.91,4,1
P007,HRTF_B,6,11.526,-57.81,1.68,4,1
P007,HRTF_B,6,11.54,-56.75,1.52,4,1
P007,HRTF_B,6,11.554,-55.7,1.35,4,1
P007,HRTF_B,6,11.568,-54.66,1.28,4,1
P007,HRTF_B,6,11.582,-53.58,1.32,4,1
P007,HRTF_B,6,11.595,-52.42,1.34,4,1
P007,HRTF_B,6,11.609,-51.16,1.29,4,1
P007,HRTF_B,6,11.623,-49.9,1.22,4,1
P007,HRTF_B,6,11.638,-48.68,1.18,4,1
P007,HRTF_B,6,11.651,-47.46,1.19,4,1
P007,HRTF_B,6,11.665,-46.24,1.23,4,1
P007,HRTF_B,6,11.679,-45.0,1.32,4,1
P007,HRTF_B,6,11.693,-43.8,1.45,4,1
P007,HRTF_B,6,11.707,-42.62,1.6,4,1
P007,HRTF_B,6,11.721,-41.43,1.69,4,1
P007,HRTF_B,6,11.735,-40.25,1.74,4,1
P007,HRTF_B,6,11.749,-39.11,1.81,4,1
P007,HRTF_B,6,11.762,-38.05,1.89,4,1
P007,HRTF_B,6,11.776,-36.93,1.97,4,1
P007,HRTF_B,6,11.79,-35.67,1.84,4,1
P007,HRTF_B,6,11.804,-34.51,1.8,4,1
P007,HRTF_B,6,11.818,-33.43,1.65,4,1
P007,HRTF_B,6,11.832,-32.42,1.54,4,1
P007,HRTF_B,6,11.846,-31.52,1.49,4,1
P007,HRTF_B,6,11.86,-30.72,1.44,4,1
P007,HRTF_B,6,11.873,-29.98,1.43,4,1
P007,HRTF_B,6,11.887,-29.3,1.37,4,1
P007,HRTF_B,6,11.901,-28.65,1.28,4,1
P007,HRTF_B,6,11.915,-28.0,1.15,4,1
P007,HRTF_B,6,11.929,-27.4,0.97,4,1
P007,HRTF_B,6,11.943,-26.84,0.81,4,1
P007,HRTF_B,6,11.957,-26.35,0.66,4,1
P007,HRTF_B,6,11.971,-25.9,0.51,4,1
P007,HRTF_B,6,11.985,-25.48,0.27,4,1
P007,HRTF_B,6,11.998,-25.09,-0.05,4,1
P007,HRTF_B,6,12.012,-24.7,-0.44,4,1
P007,HRTF_B,6,12.026,-24.34,-0.88,4,1
P007,HRTF_B,6,12.04,-24.08,-1.23,4,1
P007,HRTF_B,6,12.054,-23.88,-1.51,4,1
P007,HRTF_B,6,12.068,-23.72,-1.79,4,1
P007,HRTF_B,6,12.082,-23.57,-2.09,4,1
P007,HRTF_B,6,12.096,-23.44,-2.35,4,1
P007,HRTF_B,6,12.11,-23.33,-2.57,4,1
P007,HRTF_B,6,12.123,-23.28,-2.73,4,1
P007,HRTF_B,6,12.137,-23.27,-2.81,4,1
P007,HRTF_B,6,12.151,-23.28,-2.88,4,1
P007,HRTF_B,6,12.165,-23.25,-3.0,4,1
P007,HRTF_B,6,12.179,-23.2,-3.09,4,1
P007,HRTF_B,6,12.194,-23.15,-3.16,4,1
P007,HRTF_B,6,12.207,-23.11,-3.19,4,1
P007,HRTF_B,6,12.22,-23.06,-3.22,4,1
P007,HRTF_B,6,12.234,-23.06,-3.28,4,1
P007,HRTF_B,6,12.248,-23.06,-3.35,4,1
P007,HRTF_B,6,12.262,-23.05,-3.41,4,1
P007,HRTF_B,6,12.276,-23.05,-3.47,4,1
P007,HRTF_B,6,12.29,-23.06,-3.56,4,1
P007,HRTF_B,6,12.304,-23.12,-3.61,4,1
P007,HRTF_B,6,12.318,-23.24,-3.69,4,1
P007,HRTF_B,6,12.332,-23.46,-3.75,4,1
P007,HRTF_B,6,12.346,-23.75,-3.81,4,1
P007,HRTF_B,6,12.359,-24.04,-3.91,4,1
P007,HRTF_B,6,12.373,-24.34,-4.06,4,1
P007,HRTF_B,6,12.387,-24.7,-4.22,4,1
P007,HRTF_B,6,12.401,-25.15,-4.36,4,1
P007,HRTF_B,6,12.415,-25.65,-4.44,4,1
P007,HRTF_B,6,12.429,-26.22,-4.53,4,1
P007,HRTF_B,6,12.443,-26.84,-4.69,4,1
P007,HRTF_B,6,12.457,-27.49,-4.91,4,1
P007,HRTF_B,6,12.471,-28.21,-5.21,4,1
P007,HRTF_B,6,12.485,-29.02,-5.43,4,1
P007,HRTF_B,6,12.498,-29.95,-5.58,4,1
P007,HRTF_B,6,12.513,-30.93,-5.73,4,1
P007,HRTF_B,6,12.526,-31.95,-5.92,4,1
P007,HRTF_B,6,12.54,-33.01,-6.21,4,1
P007,HRTF_B,6,12.554,-34.13,-6.54,4,1
P007,HRTF_B,6,12.568,-35.31,-6.82,4,1
P007,HRTF_B,6,12.582,-36.53,-7.09,4,1
P007,HRTF_B,6,12.596,-37.78,-7.31,4,1
P007,HRTF_B,6,12.61,-39.02,-7.54,4,1
P007,HRTF_B,6,12.623,-40.27,-7.81,4,1
P007,HRTF_B,6,12.637,-41.52,-8.07,4,1
P007,HRTF_B,6,12.651,-42.78,-8.28,4,1
P007,HRTF_B,6,12.666,-44.05,-8.48,4,1
P007,HRTF_B,6,12.679,-45.31,-8.63,4,1
P007,HRTF_B,6,12.693,-46.53,-8.85,4,1
P007,HRTF_B,6,12.707,-47.74,-9.07,4,1
P007,HRTF_B,6,12.721,-48.91,-9.33,4,1
P007,HRTF_B,6,12.735,-50.1,-9.45,4,1
P007,HRTF_B,6,12.749,-51.25,-9.5,4,1
P007,HRTF_B,6,12.762,-52.39,-9.45,4,1
P007,HRTF_B,6,12.777,-53.52,-9.38,4,1
P007,HRTF_B,6,12.79,-54.6,-9.35,4,1
P007,HRTF_B,6,12.804,-55.65,-9.35,4,1
P007,HRTF_B,6,12.818,-56.65,-9.32,4,1
P007,HRTF_B,6,12.832,-57.63,-9.29,4,1
P007,HRTF_B,6,12.846,-58.63,-9.24,4,1
P007,HRTF_B,6,12.86,-59.66,-9.18,4,1
P007,HRTF_B,6,12.873,-60.74,-9.09,4,1
P007,HRTF_B,6,12.888,-61.85,-9.05,4,1
P007,HRTF_B,6,12.902,-62.98,-9.05,4,1
P007,HRTF_B,6,12.915,-64.14,-9.02,4,1
P007,HRTF_B,6,12.929,-65.35,-8.97,4,1
P007,HRTF_B,6,12.943,-66.59,-8.92,4,1
P007,HRTF_B,6,12.957,-67.89,-8.88,4,1
P007,HRTF_B,6,12.971,-69.23,-8.89,4,1
P007,HRTF_B,6,12.985,-70.6,-8.92,4,1
P007,HRTF_B,6,12.999,-72.0,-8.97,4,1
P007,HRTF_B,6,13.013,-73.39,-8.97,4,1
P007,HRTF_B,6,13.026,-74.83,-8.95,4,1
P007,HRTF_B,6,13.04,-76.27,-8.86,4,1
P007,HRTF_B,6,13.054,-77.71,-8.79,4,1
P007,HRTF_B,6,13.068,-79.16,-8.74,4,1
P007,HRTF_B,6,13.082,-80.62,-8.71,4,1
P007,HRTF_B,6,13.096,-82.04,-8.71,4,1
P007,HRTF_B,6,13.11,-83.48,-8.66,4,1
P007,HRTF_B,6,13.123,-84.96,-8.6,4,1
P007,HRTF_B,6,13.138,-86.44,-8.58,4,1
P007,HRTF_B,6,13.151,-87.92,-8.58,4,1
P007,HRTF_B,6,13.166,-89.36,-8.62,4,1
P007,HRTF_B,6,13.179,-90.82,-8.65,4,1
P007,HRTF_B,6,13.193,-92.25,-8.66,4,1
P007,HRTF_B,6,13.207,-93.67,-8.64,4,1
P007,HRTF_B,6,13.221,-95.09,-8.61,4,1
P007,HRTF_B,6,13.235,-96.47,-8.65,4,1
P007,HRTF_B,6,13.249,-97.78,-8.72,4,1
P007,HRTF_B,6,13.262,-99.03,-8.79,4,1
P007,HRTF_B,6,13.276,-100.24,-8.8,4,1
P007,HRTF_B,6,13.29,-101.4,-8.8,4,1
P007,HRTF_B,6,13.304,-102.51,-8.73,4,1
P007,HRTF_B,6,13.318,-103.54,-8.64,4,1
P007,HRTF_B,6,13.332,-104.53,-8.55,4,1
P007,HRTF_B,6,13.346,-105.5,-8.46,4,1
P007,HRTF_B,6,13.359,-106.41,-8.34,4,1
P007,HRTF_B,6,13.373,-107.29,-8.21,4,1
P007,HRTF_B,6,13.387,-108.13,-8.09,4,1
P007,HRTF_B,6,13.401,-108.97,-8.0,4,1
P007,HRTF_B,6,13.415,-109.86,-7.9,4,1
P007,HRTF_B,6,13.429,-110.82,-7.82,4,1
P007,HRTF_B,6,13.443,-111.84,-7.71,4,1
P007,HRTF_B,6,13.457,-112.79,-7.83,4,1
P007,HRTF_B,6,13.471,-113.85,-7.79,4,1
P007,HRTF_B,6,13.485,-114.93,-7.67,4,1
P007,HRTF_B,6,13.498,-115.99,-7.59,4,1
P007,HRTF_B,6,13.512,-117.07,-7.51,4,1
P007,HRTF_B,6,13.526,-118.16,-7.46,4,1
P007,HRTF_B,6,13.54,-119.3,-7.43,4,1
P007,HRTF_B,6,13.554,-120.43,-7.39,4,1
P007,HRTF_B,6,13.568,-121.56,-7.34,4,1
P007,HRTF_B,6,13.582,-122.7,-7.24,4,1
P007,HRTF_B,6,13.596,-123.84,-7.16,4,1
P007,HRTF_B,6,13.609,-124.98,-7.08,4,1
P007,HRTF_B,6,13.623,-126.12,-6.99,4,1
P007,HRTF_B,6,13.638,-127.27,-6.93,4,1
P007,HRTF_B,6,13.654,-128.42,-6.83,4,1
P007,HRTF_B,6,13.665,-129.6,-6.74,4,1
P007,HRTF_B,6,13.679,-130.72,-6.66,4,1
P007,HRTF_B,6,13.693,-131.81,-6.59,4,1
P007,HRTF_B,6,13.707,-132.88,-6.49,4,1
P007,HRTF_B,6,13.721,-133.88,-6.42,4,1
P007,HRTF_B,6,13.734,-134.87,-6.32,4,1
P007,HRTF_B,6,13.749,-135.82,-6.2,4,1
P007,HRTF_B,6,13.762,-136.74,-6.09,4,1
P007,HRTF_B,6,13.776,-137.6,-5.97,4,1
P007,HRTF_B,6,13.79,-138.41,-5.83,4,1
P007,HRTF_B,6,13.804,-139.22,-5.7,4,1
P007,HRTF_B,6,13.818,-140.01,-5.63,4,1
P007,HRTF_B,6,13.832,-140.81,-5.55,4,1
P007,HRTF_B,6,13.846,-141.63,-5.54,4,1
P007,HRTF_B,6,13.86,-142.43,-5.5,4,1
P007,HRTF_B,6,13.873,-143.26,-5.43,4,1
P007,HRTF_B,6,13.887,-144.11,-5.35,4,1
P007,HRTF_B,6,13.901,-144.99,-5.26,4,1
P007,HRTF_B,6,13.915,-145.89,-5.16,4,1
P007,HRTF_B,6,13.929,-146.83,-5.03,4,1
P007,HRTF_B,6,13.943,-147.74,-4.81,4,1
P007,HRTF_B,6,13.957,-148.59,-4.37,4,1
P007,HRTF_B,6,13.97,-149.34,-3.72,4,1
P007,HRTF_B,6,13.984,-149.95,-2.85,4,1
P007,HRTF_B,6,13.999,-150.4,-1.73,4,1
P007,HRTF_B,6,14.012,-150.8,-0.46,4,1
P007,HRTF_B,6,14.026,-151.22,0.9,4,1
P007,HRTF_B,6,14.04,-151.71,2.26,4,1
P007,HRTF_B,6,14.054,-152.2,3.46,4,1
P007,HRTF_B,6,14.068,-152.67,4.45,4,1
P007,HRTF_B,6,14.082,-153.12,5.24,4,1
P007,HRTF_B,6,14.095,-153.62,5.99,4,1
P007,HRTF_B,6,14.109,-154.21,6.75,4,1
P007,HRTF_B,6,14.123,-154.92,7.52,4,1
P007,HRTF_B,6,14.137,-155.7,8.21,4,1
P007,HRTF_B,6,14.151,-156.49,8.85,4,1
P007,HRTF_B,6,14.165,-157.29,9.44,4,1
P007,HRTF_B,6,14.179,-158.07,10.04,4,1
P007,HRTF_B,6,14.193,-158.89,10.57,4,1
P007,HRTF_B,6,14.207,-159.69,10.98,4,1
P007,HRTF_B,6,14.221,-160.5,11.33,4,1
P007,HRTF_B,6,14.234,-161.29,11.65,4,1
P007,HRTF_B,6,14.248,-162.11,11.9,4,1
P007,HRTF_B,6,14.262,-162.92,12.13,4,1
P007,HRTF_B,6,14.276,-163.7,12.37,4,1
P007,HRTF_B,6,14.29,-164.46,12.67,4,1
P007,HRTF_B,6,14.304,-165.26,12.96,4,1
P007,HRTF_B,6,14.317,-166.08,13.2,4,1
P007,HRTF_B,6,14.332,-166.88,13.41,4,1
P007,HRTF_B,6,14.346,-167.67,13.53,4,1
P007,HRTF_B,6,14.36,-168.4,13.59,4,1
P007,HRTF_B,6,14.374,-169.12,13.64,4,1
P007,HRTF_B,6,14.387,-169.83,13.69,4,1
P007,HRTF_B,6,14.401,-170.53,13.75,4,1
P007,HRTF_B,6,14.415,-171.22,13.83,4,1
P007,HRTF_B,6,14.429,-171.85,13.87,4,1
P007,HRTF_B,6,14.443,-172.4,13.85,4,1
P007,HRTF_B,6,14.456,-172.87,13.68,4,1
P007,HRTF_B,6,14.47,-173.24,13.38,4,1
P007,HRTF_B,6,14.485,-173.56,12.95,4,1
P007,HRTF_B,6,14.498,-173.85,12.36,4,1
P007,HRTF_B,6,14.512,-174.11,11.52,4,1
P007,HRTF_B,6,14.526,-174.3,10.41,4,1
P007,HRTF_B,6,14.54,-174.45,9.17,4,1
P007,HRTF_B,6,14.553,-174.59,7.9,4,1
P007,HRTF_B,6,14.568,-174.69,6.51,4,1
P007,HRTF_B,6,14.582,-174.74,4.96,4,1
P007,HRTF_B,6,14.596,-174.76,3.34,4,1
P007,HRTF_B,6,14.609,-174.73,1.64,4,1
P007,HRTF_B,6,14.623,-174.71,-0.07,4,1
P007,HRTF_B,6,14.637,-174.67,-1.79,4,1
P007,HRTF_B,6,14.651,-174.57,-3.6,4,1
P007,HRTF_B,6,14.665,-174.5,-5.31,4,1
P007,HRTF_B,6,14.679,-174.41,-6.92,4,1
P007,HRTF_B,6,14.693,-174.3,-8.41,4,1
P007,HRTF_B,6,14.707,-174.2,-9.83,4,1
P007,HRTF_B,6,14.72,-174.08,-11.25,4,1
P007,HRTF_B,6,14.734,-173.87,-12.79,4,1
P007,HRTF_B,6,14.748,-173.68,-14.31,4,1
P007,HRTF_B,6,14.763,-173.48,-15.75,4,1
P007,HRTF_B,6,14.776,-173.31,-17.1,4,1
P007,HRTF_B,6,14.79,-173.12,-18.37,4,1
P007,HRTF_B,6,14.804,-172.9,-19.61,4,1
P007,HRTF_B,6,14.818,-172.6,-20.85,4,1
P007,HRTF_B,6,14.832,-172.29,-22.08,4,1
P007,HRTF_B,6,14.845,-171.94,-23.26,4,1
P007,HRTF_B,6,14.86,-171.53,-24.39,4,1
P007,HRTF_B,6,14.873,-171.14,-25.53,4,1
P007,HRTF_B,6,14.887,-170.74,-26.64,4,1
P007,HRTF_B,6,14.901,-170.34,-27.76,4,1
P007,HRTF_B,6,14.915,-169.95,-28.85,4,1
P007,HRTF_B,6,14.929,-169.59,-29.94,4,1
P007,HRTF_B,6,14.943,-169.21,-30.99,4,1
P007,HRTF_B,6,14.957,-168.78,-32.07,4,1
P007,HRTF_B,6,14.97,-168.34,-33.17,4,1
P007,HRTF_B,6,14.984,-167.87,-34.25,4,1
P007,HRTF_B,6,14.999,-167.46,-35.25,4,1
P007,HRTF_B,6,15.012,-167.07,-36.18,4,1
P007,HRTF_B,6,15.026,-166.79,-37.02,4,1
P007,HRTF_B,6,15.04,-166.45,-37.9,4,1
P007,HRTF_B,6,15.054,-166.03,-38.8,4,1
P007,HRTF_B,6,15.068,-165.51,-39.72,4,1
P007,HRTF_B,6,15.082,-164.94,-40.59,4,1
P007,HRTF_B,6,15.096,-164.46,-41.28,4,1
P007,HRTF_B,6,15.11,-164.06,-41.8,4,1
P007,HRTF_B,6,15.123,-163.55,-42.27,4,1
P007,HRTF_B,6,15.137,-163.11,-42.67,4,1
P007,HRTF_B,6,15.151,-162.66,-43.09,4,1
P007,HRTF_B,6,15.165,-162.19,-43.48,4,1
P007,HRTF_B,6,15.179,-161.79,-43.85,4,1
P007,HRTF_B,6,15.193,-161.43,-44.2,4,1
P007,HRTF_B,6,15.207,-161.11,-44.45,4,1
P007,HRTF_B,6,15.221,-160.82,-44.67,4,1
P007,HRTF_B,6,15.234,-160.47,-44.89,4,1
P007,HRTF_B,6,15.248,-160.18,-45.17,4,1
P007,HRTF_B,6,15.262,-159.94,-45.45,4,1
P007,HRTF_B,6,15.276,-159.73,-45.76,4,1
P007,HRTF_B,6,15.29,-159.47,-46.12,4,1
P007,HRTF_B,6,15.304,-159.15,-46.5,4,1
P007,HRTF_B,6,15.318,-158.78,-46.92,4,1
P007,HRTF_B,6,15.331,-158.38,-47.35,4,1
P007,HRTF_B,6,15.346,-158.01,-47.78,4,1
P007,HRTF_B,6,15.359,-157.59,-48.27,4,1
P007,HRTF_B,6,15.373,-157.1,-48.75,4,1
P007,HRTF_B,6,15.387,-156.49,-49.25,4,1
P007,HRTF_B,6,15.401,-155.89,-49.66,4,1
P007,HRTF_B,6,15.415,-155.27,-50.02,4,1
P007,HRTF_B,6,15.429,-154.66,-50.32,4,1
P007,HRTF_B,6,15.443,-153.98,-50.65,4,1
P007,HRTF_B,6,15.457,-153.23,-50.98,4,1
P007,HRTF_B,6,15.471,-152.46,-51.31,4,1
P007,HRTF_B,6,15.485,-151.71,-51.58,4,1
P007,HRTF_B,6,15.499,-150.99,-51.74,4,1
P007,HRTF_B,6,15.512,-150.28,-51.82,4,1
P007,HRTF_B,6,15.526,-149.55,-51.82,4,1
P007,HRTF_B,6,15.54,-148.72,-51.85,4,1
P007,HRTF_B,6,15.554,-147.88,-51.84,4,1
P007,HRTF_B,6,15.568,-147.09,-51.7,4,1
P007,HRTF_B,6,15.581,-146.42,-51.44,4,1
P007,HRTF_B,6,15.596,-145.72,-51.08,4,1
P007,HRTF_B,6,15.609,-145.01,-50.7,4,1
P007,HRTF_B,6,15.623,-144.32,-50.34,4,1
P007,HRTF_B,6,15.638,-143.63,-50.05,4,1
P007,HRTF_B,6,15.651,-142.94,-49.72,4,1
P007,HRTF_B,6,15.665,-142.31,-49.38,4,1
P007,HRTF_B,6,15.679,-141.5,-49.0,4,1
P007,HRTF_B,6,15.693,-140.71,-48.79,4,1
P007,HRTF_B,6,15.707,-139.97,-48.5,4,1
P007,HRTF_B,6,15.721,-139.19,-48.18,4,1
P007,HRTF_B,6,15.735,-138.44,-47.92,4,1
P007,HRTF_B,6,15.748,-137.74,-47.68,4,1
P007,HRTF_B,6,15.762,-137.0,-47.36,4,1
P007,HRTF_B,6,15.776,-136.23,-47.0,4,1
P007,HRTF_B,6,15.79,-135.35,-46.56,4,1
P007,HRTF_B,6,15.804,-134.43,-45.98,4,1
P007,HRTF_B,6,15.818,-133.48,-45.23,4,1
P007,HRTF_B,6,15.832,-132.58,-44.33,4,1
P007,HRTF_B,6,15.845,-131.62,-43.11,4,1
P007,HRTF_B,6,15.859,-130.66,-41.81,4,1
P007,HRTF_B,6,15.873,-129.61,-40.41,4,1
P007,HRTF_B,6,15.887,-128.55,-38.9,4,1
P007,HRTF_B,6,15.901,-127.42,-37.35,4,1
P007,HRTF_B,6,15.915,-126.26,-35.75,4,1
P007,HRTF_B,6,15.929,-125.24,-34.17,4,1
P007,HRTF_B,6,15.943,-124.26,-32.61,4,1
P007,HRTF_B,6,15.956,-123.31,-31.08,4,1
P007,HRTF_B,6,15.97,-122.25,-29.58,4,1
P007,HRTF_B,6,15.984,-121.12,-28.04,4,1
P007,HRTF_B,6,15.998,-119.95,-26.44,4,1
P007,HRTF_B,6,16.012,-118.8,-24.77,4,1
P007,HRTF_B,6,16.026,-117.74,-23.09,4,1
P007,HRTF_B,6,16.04,-116.76,-21.46,4,1
P007,HRTF_B,6,16.054,-115.7,-19.99,4,1
P007,HRTF_B,6,16.068,-114.57,-18.58,4,1
P007,HRTF_B,6,16.081,-113.34,-17.18,4,1
P007,HRTF_B,6,16.095,-112.06,-15.68,4,1
P007,HRTF_B,6,16.109,-110.84,-14.05,4,1
P007,HRTF_B,6,16.123,-109.67,-12.42,4,1
P007,HRTF_B,6,16.137,-108.51,-10.89,4,1
P007,HRTF_B,6,16.151,-107.26,-9.48,4,1
P007,HRTF_B,6,16.165,-105.91,-8.17,4,1
P007,HRTF_B,6,16.178,-104.54,-6.82,4,1
P007,HRTF_B,6,16.192,-103.19,-5.43,4,1
P007,HRTF_B,6,16.206,-101.86,-4.04,4,1
P007,HRTF_B,6,16.22,-100.53,-2.72,4,1
P007,HRTF_B,6,16.234,-99.19,-1.43,4,1
P007,HRTF_B,6,16.248,-97.85,-0.06,4,1
P007,HRTF_B,6,16.262,-96.52,1.42,4,1
P007,HRTF_B,6,16.275,-95.29,2.98,4,1
P007,HRTF_B,6,16.29,-94.09,4.42,4,1
P007,HRTF_B,6,16.304,-92.9,5.77,4,1
P007,HRTF_B,6,16.317,-91.81,6.99,4,1
P007,HRTF_B,6,16.331,-90.77,8.2,4,1
P007,HRTF_B,6,16.345,-89.76,9.4,4,1
P007,HRTF_B,6,16.359,-88.8,10.62,4,1
P007,HRTF_B,6,16.373,-87.86,11.71,4,1
P007,HRTF_B,6,16.387,-86.99,12.54,4,1
P007,HRTF_B,6,16.4,-86.08,13.62,4,1
P007,HRTF_B,6,16.414,-85.51,14.5,4,1
P007,HRTF_B,6,16.429,-84.83,15.46,4,1
P007,HRTF_B,6,16.442,-84.25,16.4,4,1
P007,HRTF_B,6,16.456,-83.66,17.41,4,1
P007,HRTF_B,6,16.47,-83.2,18.39,4,1
P007,HRTF_B,6,16.484,-82.74,19.33,4,1
P007,HRTF_B,6,16.498,-82.22,20.15,4,1
P007,HRTF_B,6,16.512,-81.64,20.87,4,1
P007,HRTF_B,6,16.526,-81.02,21.54,4,1
P007,HRTF_B,6,16.54,-80.32,22.25,4,1
P007,HRTF_B,6,16.553,-79.66,23.01,4,1
P007,HRTF_B,6,16.567,-79.03,23.8,4,1
P007,HRTF_B,6,16.582,-78.41,24.51,4,1
P007,HRTF_B,6,16.595,-77.79,25.21,4,1
P007,HRTF_B,6,16.609,-77.15,25.89,4,1
P007,HRTF_B,6,16.623,-76.5,26.43,4,1
P007,HRTF_B,6,16.637,-75.89,26.85,4,1
P007,HRTF_B,6,16.651,-75.33,27.16,4,1
P007,HRTF_B,6,16.665,-74.84,27.37,4,1
P007,HRTF_B,6,16.679,-74.4,27.5,4,1
P007,HRTF_B,6,16.692,-74.08,27.65,4,1
P007,HRTF_B,6,16.706,-73.86,27.84,4,1
P007,HRTF_B,6,16.72,-73.78,28.01,4,1
P007,HRTF_B,6,16.734,-73.68,28.07,4,1
P007,HRTF_B,6,16.748,-73.65,28.17,4,1
P007,HRTF_B,6,16.762,-73.54,28.14,4,1
P007,HRTF_B,6,16.776,-73.28,28.12,4,1
P007,HRTF_B,6,16.79,-72.95,28.09,4,1
P007,HRTF_B,6,16.804,-72.57,28.09,4,1
P007,HRTF_B,6,16.817,-72.13,28.08,4,1
P007,HRTF_B,6,16.831,-71.61,28.16,4,1
P007,HRTF_B,6,16.846,-71.2,28.15,4,1
P007,HRTF_B,6,16.859,-70.85,28.13,4,1
P007,HRTF_B,6,16.873,-70.56,28.05,4,1
P007,HRTF_B,6,16.887,-70.4,27.81,4,1
P007,HRTF_B,6,16.901,-70.22,27.5,4,1
P007,HRTF_B,6,16.915,-69.99,27.33,4,1
P007,HRTF_B,6,16.929,-69.64,27.04,4,1
P007,HRTF_B,6,16.942,-69.16,26.9,4,1
P007,HRTF_B,6,16.956,-68.71,26.43,4,1
P007,HRTF_B,6,16.97,-68.36,25.49,4,1
P007,HRTF_B,6,16.984,-68.15,24.59,4,1
P007,HRTF_B,6,16.998,-67.93,23.87,4,1
P007,HRTF_B,6,17.012,-67.65,23.3,4,1
P007,HRTF_B,6,17.026,-67.28,22.86,4,1
P007,HRTF_B,6,17.039,-66.93,22.24,4,1
P007,HRTF_B,6,17.053,-66.55,21.58,4,1
P007,HRTF_B,6,17.068,-66.15,20.87,4,1
P007,HRTF_B,6,17.081,-65.83,20.18,4,1
P007,HRTF_B,6,17.095,-65.49,19.41,4,1
P007,HRTF_B,6,17.109,-65.22,18.58,4,1
P007,HRTF_B,6,17.122,-64.97,17.68,4,1
P007,HRTF_B,6,17.137,-64.68,16.51,4,1
P007,HRTF_B,6,17.151,-64.37,15.51,4,1
P007,HRTF_B,6,17.164,-63.92,14.61,4,1
P007,HRTF_B,6,17.179,-63.43,13.81,4,1
P007,HRTF_B,6,17.192,-62.98,12.92,4,1
P007,HRTF_B,6,17.206,-62.53,12.27,4,1
P007,HRTF_B,6,17.22,-62.11,11.49,4,1
P007,HRTF_B,6,17.234,-61.7,10.69,4,1
P007,HRTF_B,6,17.248,-61.18,9.94,4,1
P007,HRTF_B,6,17.262,-60.63,9.24,4,1
P007,HRTF_B,6,17.276,-59.93,8.64,4,1
P007,HRTF_B,6,17.29,-59.23,8.23,4,1
P007,HRTF_B,6,17.303,-58.41,7.89,4,1
P007,HRTF_B,6,17.318,-57.59,7.57,4,1
P007,HRTF_B,6,17.331,-56.76,7.24,4,1
P007,HRTF_B,6,17.345,-55.89,6.95,4,1
P007,HRTF_B,6,17.359,-54.97,6.66,4,1
P007,HRTF_B,6,17.373,-54.08,6.53,4,1
P007,HRTF_B,6,17.387,-53.17,6.27,4,1
P007,HRTF_B,6,17.4,-52.19,5.92,4,1
P007,HRTF_B,6,17.415,-51.24,5.47,4,1
P007,HRTF_B,6,17.428,-50.35,5.12,4,1
P007,HRTF_B,6,17.442,-49.48,4.83,4,1
P007,HRTF_B,6,17.456,-48.74,4.68,4,1
P007,HRTF_B,6,17.47,-48.04,4.39,4,1
P007,HRTF_B,6,17.484,-47.37,4.09,4,1
P007,HRTF_B,6,17.498,-46.75,3.69,4,1
P007,HRTF_B,6,17.512,-46.05,3.35,4,1
P007,HRTF_B,6,17.525,-45.43,3.05,4,1
P007,HRTF_B,6,17.539,-44.92,2.79,4,1
P007,HRTF_B,6,17.554,-44.48,2.57,4,1
P007,HRTF_B,6,17.567,-44.16,2.2,4,1
P007,HRTF_B,6,17.581,-43.9,1.71,4,1
P007,HRTF_B,6,17.596,-43.78,1.19,4,1
P007,HRTF_B,6,17.609,-43.6,0.81,4,1
P007,HRTF_B,6,17.623,-43.47,0.51,4,1
P007,HRTF_B,6,17.637,-43.35,0.25,4,1
P007,HRTF_B,6,17.65,-43.21,-0.07,4,1
P007,HRTF_B,6,17.665,-43.06,-0.47,4,1
P007,HRTF_B,6,17.678,-42.85,-1.03,4,1
P007,HRTF_B,6,17.693,-42.61,-1.54,4,1
P007,HRTF_B,6,17.706,-42.34,-2.04,4,1
P007,HRTF_B,6,17.72,-42.05,-2.54,4,1
P007,HRTF_B,6,17.734,-41.7,-3.13,4,1
P007,HRTF_B,6,17.748,-41.38,-3.73,4,1
P007,HRTF_B,6,17.762,-41.05,-4.39,4,1
P007,HRTF_B,6,17.776,-40.71,-5.04,4,1
P007,HRTF_B,6,17.79,-40.35,-5.71,4,1
P007,HRTF_B,6,17.803,-39.91,-6.28,4,1
P007,HRTF_B,6,17.817,-39.45,-6.85,4,1
P007,HRTF_B,6,17.831,-38.92,-7.43,4,1
P007,HRTF_B,6,17.845,-38.32,-8.05,4,1
P007,HRTF_B,6,17.859,-37.64,-8.68,4,1
P007,HRTF_B,6,17.873,-36.91,-9.33,4,1
P007,HRTF_B,6,17.887,-36.14,-9.97,4,1
P007,HRTF_B,6,17.9,-35.29,-10.58,4,1
P007,HRTF_B,6,17.914,-34.39,-11.15,4,1
P007,HRTF_B,6,17.928,-33.41,-11.69,4,1
P007,HRTF_B,6,17.943,-32.41,-12.23,4,1
P007,HRTF_B,6,17.956,-31.33,-12.73,4,1
P007,HRTF_B,6,17.97,-30.25,-13.16,4,1
P007,HRTF_B,6,17.984,-29.2,-13.5,4,1
P007,HRTF_B,6,17.998,-28.2,-13.8,4,1
P007,HRTF_B,6,18.012,-27.27,-14.04,4,1
P007,HRTF_B,6,18.026,-26.39,-14.17,4,1
P007,HRTF_B,6,18.039,-25.53,-14.26,4,1
P007,HRTF_B,6,18.053,-24.68,-14.34,4,1
P007,HRTF_B,6,18.068,-23.78,-14.48,4,1
P007,HRTF_B,6,18.081,-22.88,-14.65,4,1
P007,HRTF_B,6,18.095,-21.97,-14.78,4,1
P007,HRTF_B,6,18.109,-21.08,-14.78,4,1
P007,HRTF_B,6,18.123,-20.23,-14.68,4,1
P007,HRTF_B,6,18.137,-19.4,-14.49,4,1
P007,HRTF_B,6,18.15,-18.6,-14.24,4,1
P007,HRTF_B,6,18.165,-17.76,-13.93,4,1
P007,HRTF_B,6,18.178,-16.9,-13.59,4,1
P007,HRTF_B,6,18.192,-16.0,-13.21,4,1
P007,HRTF_B,6,18.206,-15.04,-12.83,4,1
P007,HRTF_B,6,18.22,-14.04,-12.49,4,1
P007,HRTF_B,6,18.234,-12.95,-12.18,4,1
P007,HRTF_B,6,18.248,-11.75,-11.94,4,1
P007,HRTF_B,6,18.262,-10.5,-11.76,4,1
P007,HRTF_B,6,18.276,-9.19,-11.58,4,1
P007,HRTF_B,6,18.289,-7.86,-11.42,4,1
P007,HRTF_B,6,18.303,-6.5,-11.41,4,1
P007,HRTF_B,6,18.317,-5.04,-11.54,4,1
P007,HRTF_B,6,18.331,-3.53,-11.8,4,1
P007,HRTF_B,6,18.345,-1.98,-12.15,4,1
P007,HRTF_B,6,18.359,-0.42,-12.5,4,1
P007,HRTF_B,6,18.372,1.11,-12.83,4,1
P007,HRTF_B,6,18.386,2.6,-13.15,4,1
P007,HRTF_B,6,18.4,4.01,-13.56,4,1
P007,HRTF_B,6,18.415,5.4,-14.06,4,1
P007,HRTF_B,6,18.428,6.67,-14.58,4,1
P007,HRTF_B,6,18.442,7.85,-15.09,4,1
P007,HRTF_B,6,18.456,8.98,-15.56,4,1
P007,HRTF_B,6,18.47,10.05,-15.99,4,1
P007,HRTF_B,6,18.484,11.1,-16.5,4,1
P007,HRTF_B,6,18.498,12.15,-17.1,4,1
P007,HRTF_B,6,18.512,13.2,-17.73,4,1
P007,HRTF_B,6,18.526,14.24,-18.39,4,1
P007,HRTF_B,6,18.54,15.25,-18.96,4,1
P007,HRTF_B,6,18.553,16.26,-19.42,4,1
P007,HRTF_B,6,18.567,17.22,-19.82,4,1
P007,HRTF_B,6,18.581,18.12,-20.19,4,1
P007,HRTF_B,6,18.595,18.92,-20.51,4,1
P007,HRTF_B,6,18.609,19.72,-20.79,4,1
P007,HRTF_B,6,18.623,20.49,-21.0,4,1
P007,HRTF_B,6,18.637,21.21,-21.18,4,1
P007,HRTF_B,6,18.651,21.89,-21.42,4,1
P007,HRTF_B,6,18.665,22.6,-21.7,4,1
P007,HRTF_B,6,18.679,23.31,-21.94,4,1
P007,HRTF_B,6,18.692,24.07,-22.25,4,1
P007,HRTF_B,6,18.707,24.85,-22.51,4,1
P007,HRTF_B,6,18.72,25.65,-22.84,4,1
P007,HRTF_B,6,18.734,26.47,-23.18,4,1
P007,HRTF_B,6,18.748,27.35,-23.62,4,1
P007,HRTF_B,6,18.762,28.28,-24.04,4,1
P007,HRTF_B,6,18.776,29.22,-24.44,4,1
P007,HRTF_B,6,18.79,30.23,-24.87,4,1
P007,HRTF_B,6,18.803,31.29,-25.3,4,1
P007,HRTF_B,6,18.818,32.46,-25.75,4,1
P007,HRTF_B,6,18.831,33.66,-26.25,4,1
P007,HRTF_B,6,18.845,34.88,-26.75,4,1
P007,HRTF_B,6,18.859,36.15,-27.2,4,1
P007,HRTF_B,6,18.873,37.43,-27.64,4,1
P007,HRTF_B,6,18.887,38.72,-28.04,4,1
P007,HRTF_B,6,18.901,39.99,-28.41,4,1
P007,HRTF_B,6,18.915,41.25,-28.74,4,1
P007,HRTF_B,6,18.929,42.49,-29.04,4,1
P007,HRTF_B,6,18.942,43.7,-29.32,4,1
P007,HRTF_B,6,18.956,44.89,-29.58,4,1
P007,HRTF_B,7,0.013,-8.53,-0.25,20,1
P007,HRTF_B,7,0.025,-8.92,-0.37,20,1
P007,HRTF_B,7,0.039,-9.3,-0.49,20,1
P007,HRTF_B,7,0.053,-9.64,-0.58,20,1
P007,HRTF_B,7,0.067,-9.97,-0.64,20,1
P007,HRTF_B,7,0.081,-10.26,-0.68,20,1
P007,HRTF_B,7,0.095,-10.53,-0.72,20,1
P007,HRTF_B,7,0.108,-10.78,-0.75,20,1
P007,HRTF_B,7,0.123,-11.02,-0.79,20,1
P007,HRTF_B,7,0.136,-11.24,-0.85,20,1
P007,HRTF_B,7,0.15,-11.43,-1.0,20,1
P007,HRTF_B,7,0.164,-11.61,-1.19,20,1
P007,HRTF_B,7,0.178,-11.75,-1.39,20,1
P007,HRTF_B,7,0.192,-11.88,-1.57,20,1
P007,HRTF_B,7,0.206,-11.97,-1.73,20,1
P007,HRTF_B,7,0.22,-12.04,-1.91,20,1
P007,HRTF_B,7,0.234,-12.1,-2.12,20,1
P007,HRTF_B,7,0.247,-12.13,-2.41,20,1
P007,HRTF_B,7,0.261,-12.13,-2.77,20,1
P007,HRTF_B,7,0.275,-12.13,-3.16,20,1
P007,HRTF_B,7,0.289,-12.15,-3.56,20,1
P007,HRTF_B,7,0.303,-12.15,-4.06,20,1
P007,HRTF_B,7,0.317,-12.18,-4.65,20,1
P007,HRTF_B,7,0.331,-12.2,-5.38,20,1
P007,HRTF_B,7,0.345,-12.22,-6.18,20,1
P007,HRTF_B,7,0.359,-12.2,-6.96,20,1
P007,HRTF_B,7,0.372,-12.24,-7.67,20,1
P007,HRTF_B,7,0.386,-12.33,-8.46,20,1
P007,HRTF_B,7,0.4,-12.49,-9.4,20,1
P007,HRTF_B,7,0.414,-12.68,-10.31,20,1
P007,HRTF_B,7,0.428,-12.9,-11.12,20,1
P007,HRTF_B,7,0.442,-13.14,-11.78,20,1
P007,HRTF_B,7,0.456,-13.42,-12.28,20,1
P007,HRTF_B,7,0.47,-13.75,-12.78,20,1
P007,HRTF_B,7,0.484,-14.13,-13.27,20,1
P007,HRTF_B,7,0.498,-14.59,-13.72,20,1
P007,HRTF_B,7,0.511,-15.05,-14.09,20,1
P007,HRTF_B,7,0.525,-15.54,-14.37,20,1
P007,HRTF_B,7,0.539,-15.99,-14.58,20,1
P007,HRTF_B,7,0.553,-16.43,-14.82,20,1
P007,HRTF_B,7,0.567,-16.84,-15.05,20,1
P007,HRTF_B,7,0.581,-17.21,-15.3,20,1
P007,HRTF_B,7,0.595,-17.52,-15.55,20,1
P007,HRTF_B,7,0.609,-17.78,-15.77,20,1
P007,HRTF_B,7,0.623,-17.96,-15.97,20,1
P007,HRTF_B,7,0.636,-18.04,-16.11,20,1
P007,HRTF_B,7,0.65,-18.03,-16.27,20,1
P007,HRTF_B,7,0.664,-17.92,-16.4,20,1
P007,HRTF_B,7,0.678,-17.72,-16.53,20,1
P007,HRTF_B,7,0.692,-17.43,-16.65,20,1
P007,HRTF_B,7,0.706,-17.04,-16.78,20,1
P007,HRTF_B,7,0.72,-16.55,-16.92,20,1
P007,HRTF_B,7,0.734,-15.96,-17.04,20,1
P007,HRTF_B,7,0.747,-15.29,-17.13,20,1
P007,HRTF_B,7,0.761,-14.53,-17.18,20,1
P007,HRTF_B,7,0.775,-13.69,-17.21,20,1
P007,HRTF_B,7,0.789,-12.73,-17.23,20,1
P007,HRTF_B,7,0.803,-11.62,-17.25,20,1
P007,HRTF_B,7,0.817,-10.46,-17.3,20,1
P007,HRTF_B,7,0.831,-9.17,-17.36,20,1
P007,HRTF_B,7,0.845,-7.85,-17.45,20,1
P007,HRTF_B,7,0.858,-6.48,-17.51,20,1
P007,HRTF_B,7,0.872,-5.04,-17.56,20,1
P007,HRTF_B,7,0.887,-3.55,-17.6,20,1
P007,HRTF_B,7,0.9,-2.01,-17.61,20,1
P007,HRTF_B,7,0.914,-0.47,-17.6,20,1
P007,HRTF_B,7,0.929,1.05,-17.56,20,1
P007,HRTF_B,7,0.943,2.56,-17.48,20,1
P007,HRTF_B,7,0.955,4.06,-17.38,20,1
P007,HRTF_B,7,0.969,5.55,-17.25,20,1
P007,HRTF_B,7,0.983,7.05,-17.11,20,1
P007,HRTF_B,7,0.997,8.57,-16.96,20,1
P007,HRTF_B,7,1.011,10.09,-16.81,20,1
P007,HRTF_B,7,1.025,11.63,-16.66,20,1
P007,HRTF_B,7,1.039,13.14,-16.49,20,1
P007,HRTF_B,7,1.053,14.65,-16.31,20,1
P007,HRTF_B,7,1.067,16.17,-16.13,20,1
P007,HRTF_B,7,1.081,17.74,-15.95,20,1
P007,HRTF_B,7,1.095,19.3,-15.71,20,1
P007,HRTF_B,7,1.109,20.86,-15.47,20,1
P007,HRTF_B,7,1.122,22.42,-15.17,20,1
P007,HRTF_B,7,1.136,23.96,-14.84,20,1
P007,HRTF_B,7,1.15,25.48,-14.47,20,1
P007,HRTF_B,7,1.164,27.05,-14.07,20,1
P007,HRTF_B,7,1.178,28.6,-13.61,20,1
P007,HRTF_B,7,1.192,30.14,-13.06,20,1
P007,HRTF_B,7,1.206,31.63,-12.44,20,1
P007,HRTF_B,7,1.22,33.06,-11.7,20,1
P007,HRTF_B,7,1.233,34.43,-10.87,20,1
P007,HRTF_B,7,1.247,35.72,-9.97,20,1
P007,HRTF_B,7,1.261,36.98,-9.06,20,1
P007,HRTF_B,7,1.275,38.18,-8.14,20,1
P007,HRTF_B,7,1.289,39.3,-7.18,20,1
P007,HRTF_B,7,1.303,40.38,-6.19,20,1
P007,HRTF_B,7,1.317,41.37,-5.16,20,1
P007,HRTF_B,7,1.331,42.3,-4.15,20,1
P007,HRTF_B,7,1.345,43.22,-3.19,20,1
P007,HRTF_B,7,1.359,44.11,-2.27,20,1
P007,HRTF_B,7,1.372,44.98,-1.42,20,1
P007,HRTF_B,7,1.386,45.85,-0.63,20,1
P007,HRTF_B,7,1.4,46.7,0.14,20,1
P007,HRTF_B,7,1.414,47.58,0.89,20,1
P007,HRTF_B,7,1.428,48.43,1.67,20,1
P007,HRTF_B,7,1.442,49.3,2.46,20,1
P007,HRTF_B,7,1.456,50.18,3.21,20,1
P007,HRTF_B,7,1.47,51.03,3.94,20,1
P007,HRTF_B,7,1.484,51.88,4.61,20,1
P007,HRTF_B,7,1.498,52.65,5.31,20,1
P007,HRTF_B,7,1.511,53.39,6.04,20,1
P007,HRTF_B,7,1.525,54.08,6.75,20,1
P007,HRTF_B,7,1.539,54.75,7.4,20,1
P007,HRTF_B,7,1.553,55.39,7.99,20,1
P007,HRTF_B,7,1.567,56.01,8.57,20,1
P007,HRTF_B,7,1.581,56.61,9.12,20,1
P007,HRTF_B,7,1.595,57.17,9.68,20,1
P007,HRTF_B,7,1.609,57.7,10.18,20,1
P007,HRTF_B,7,1.622,58.24,10.62,20,1
P007,HRTF_B,7,1.636,58.8,11.01,20,1
P007,HRTF_B,7,1.65,59.34,11.36,20,1
P007,HRTF_B,7,1.664,59.9,11.66,20,1
P007,HRTF_B,7,1.678,60.48,11.89,20,1
P007,HRTF_B,7,1.692,61.04,12.07,20,1
P007,HRTF_B,7,1.706,61.53,12.21,20,1
P007,HRTF_B,7,1.72,62.04,12.35,20,1
P007,HRTF_B,7,1.734,62.5,12.45,20,1
P007,HRTF_B,7,1.747,62.97,12.44,20,1
P007,HRTF_B,7,1.761,63.44,12.36,20,1
P007,HRTF_B,7,1.775,63.96,12.23,20,1
P007,HRTF_B,7,1.789,64.47,12.05,20,1
P007,HRTF_B,7,1.803,64.98,11.87,20,1
P007,HRTF_B,7,1.816,65.45,11.6,20,1
P007,HRTF_B,7,1.831,65.93,11.2,20,1
P007,HRTF_B,7,1.845,66.42,10.68,20,1
P007,HRTF_B,7,1.859,66.9,9.96,20,1
P007,HRTF_B,7,1.872,67.38,9.02,20,1
P007,HRTF_B,7,1.886,67.82,7.88,20,1
P007,HRTF_B,7,1.9,68.22,6.5,20,1
P007,HRTF_B,7,1.914,68.54,4.82,20,1
P007,HRTF_B,7,1.928,68.8,2.9,20,1
P007,HRTF_B,7,1.942,69.06,0.93,20,1
P007,HRTF_B,7,1.956,69.34,-0.93,20,1
P007,HRTF_B,7,1.97,69.64,-2.65,20,1
P007,HRTF_B,7,1.983,69.92,-4.38,20,1
P007,HRTF_B,7,1.998,70.17,-6.13,20,1
P007,HRTF_B,7,2.011,70.35,-7.84,20,1
P007,HRTF_B,7,2.025,70.49,-9.43,20,1
P007,HRTF_B,7,2.039,70.61,-10.87,20,1
P007,HRTF_B,7,2.053,70.69,-12.16,20,1
P007,HRTF_B,7,2.067,70.73,-13.43,20,1
P007,HRTF_B,7,2.08,70.75,-14.7,20,1
P007,HRTF_B,7,2.094,70.72,-15.9,20,1
P007,HRTF_B,7,2.108,70.66,-16.94,20,1
P007,HRTF_B,7,2.122,70.56,-17.88,20,1
P007,HRTF_B,7,2.137,70.44,-18.74,20,1
P007,HRTF_B,7,2.15,70.3,-19.57,20,1
P007,HRTF_B,7,2.164,70.14,-20.35,20,1
P007,HRTF_B,7,2.178,69.98,-21.1,20,1
P007,HRTF_B,7,2.192,69.82,-21.84,20,1
P007,HRTF_B,7,2.206,69.64,-22.51,20,1
P007,HRTF_B,7,2.22,69.45,-23.14,20,1
P007,HRTF_B,7,2.234,69.25,-23.79,20,1
P007,HRTF_B,7,2.247,69.03,-24.44,20,1
P007,HRTF_B,7,2.261,68.82,-25.14,20,1
P007,HRTF_B,7,2.275,68.62,-25.79,20,1
P007,HRTF_B,7,2.289,68.44,-26.45,20,1
P007,HRTF_B,7,2.303,68.24,-27.09,20,1
P007,HRTF_B,7,2.317,68.05,-27.77,20,1
P007,HRTF_B,7,2.331,67.86,-28.47,20,1
P007,HRTF_B,7,2.344,67.68,-29.18,20,1
P007,HRTF_B,7,2.359,67.49,-29.91,20,1
P007,HRTF_B,7,2.373,67.33,-30.63,20,1
P007,HRTF_B,7,2.387,67.19,-31.32,20,1
P007,HRTF_B,7,2.4,67.02,-32.01,20,1
P007,HRTF_B,7,2.414,66.9,-32.71,20,1
P007,HRTF_B,7,2.428,66.68,-33.32,20,1
P007,HRTF_B,7,2.442,66.53,-33.94,20,1
P007,HRTF_B,7,2.456,66.35,-34.56,20,1
P007,HRTF_B,7,2.47,66.12,-35.16,20,1
P007,HRTF_B,7,2.484,65.75,-35.71,20,1
P007,HRTF_B,7,2.498,65.5,-36.31,20,1
P007,HRTF_B,7,2.511,65.12,-36.83,20,1
P007,HRTF_B,7,2.525,64.68,-37.26,20,1
P007,HRTF_B,7,2.539,64.23,-37.62,20,1
P007,HRTF_B,7,2.553,63.69,-37.96,20,1
P007,HRTF_B,7,2.567,63.05,-38.3,20,1
P007,HRTF_B,7,2.581,62.39,-38.67,20,1
P007,HRTF_B,7,2.595,61.69,-39.05,20,1
P007,HRTF_B,7,2.609,61.0,-39.43,20,1
P007,HRTF_B,7,2.622,60.28,-39.73,20,1
P007,HRTF_B,7,2.636,59.52,-40.02,20,1
P007,HRTF_B,7,2.65,58.75,-40.38,20,1
P007,HRTF_B,7,2.664,57.98,-40.9,20,1
P007,HRTF_B,7,2.678,57.19,-41.46,20,1
P007,HRTF_B,7,2.692,56.55,-42.04,20,1
P007,HRTF_B,7,2.706,56.0,-42.58,20,1
P007,HRTF_B,7,2.72,55.47,-43.04,20,1
P007,HRTF_B,7,2.733,54.96,-43.48,20,1
P007,HRTF_B,7,2.747,54.48,-44.01,20,1
P007,HRTF_B,7,2.761,54.04,-44.62,20,1
P007,HRTF_B,7,2.775,53.63,-45.25,20,1
P007,HRTF_B,7,2.789,53.23,-45.79,20,1
P007,HRTF_B,7,2.803,52.86,-46.33,20,1
P007,HRTF_B,7,2.817,52.5,-46.8,20,1
P007,HRTF_B,7,2.831,52.19,-47.28,20,1
P007,HRTF_B,7,2.845,51.92,-47.75,20,1
P007,HRTF_B,7,2.859,51.78,-48.22,20,1
P007,HRTF_B,7,2.872,51.64,-48.68,20,1
P007,HRTF_B,7,2.886,51.54,-49.08,20,1
P007,HRTF_B,7,2.9,51.51,-49.46,20,1
P007,HRTF_B,7,2.914,51.52,-49.81,20,1
P007,HRTF_B,7,2.928,51.57,-50.1,20,1
P007,HRTF_B,7,2.942,51.62,-50.37,20,1
P007,HRTF_B,7,2.956,51.68,-50.62,20,1
P007,HRTF_B,7,2.969,51.76,-50.86,20,1
P007,HRTF_B,7,2.983,51.83,-51.12,20,1
P007,HRTF_B,7,2.997,51.9,-51.4,20,1
P007,HRTF_B,7,3.011,51.95,-51.68,20,1
P007,HRTF_B,7,3.025,52.0,-51.93,20,1
P007,HRTF_B,7,3.039,52.1,-52.14,20,1
P007,HRTF_B,7,3.053,52.21,-52.31,20,1
P007,HRTF_B,7,3.067,52.37,-52.48,20,1
P007,HRTF_B,7,3.081,52.42,-52.65,20,1
P007,HRTF_B,7,3.095,52.51,-52.84,20,1
P007,HRTF_B,7,3.109,52.58,-53.03,20,1
P007,HRTF_B,7,3.122,52.63,-53.22,20,1
P007,HRTF_B,7,3.136,52.67,-53.39,20,1
P007,HRTF_B,7,3.15,52.66,-53.57,20,1
P007,HRTF_B,7,3.164,52.63,-53.79,20,1
P007,HRTF_B,7,3.178,52.57,-54.03,20,1
P007,HRTF_B,7,3.192,52.48,-54.28,20,1
P007,HRTF_B,7,3.206,52.37,-54.52,20,1
P007,HRTF_B,7,3.22,52.22,-54.73,20,1
P007,HRTF_B,7,3.233,52.02,-54.93,20,1
P007,HRTF_B,7,3.247,51.81,-55.1,20,1
P007,HRTF_B,7,3.262,51.55,-55.3,20,1
P007,HRTF_B,7,3.275,51.24,-55.55,20,1
P007,HRTF_B,7,3.289,50.88,-55.8,20,1
P007,HRTF_B,7,3.303,50.5,-56.02,20,1
P007,HRTF_B,7,3.317,50.07,-56.26,20,1
P007,HRTF_B,7,3.331,49.63,-56.46,20,1
P007,HRTF_B,7,3.345,49.2,-56.62,20,1
P007,HRTF_B,7,3.358,48.73,-56.83,20,1
P007,HRTF_B,7,3.372,48.29,-57.02,20,1
P007,HRTF_B,7,3.386,47.8,-57.25,20,1
P007,HRTF_B,7,3.4,47.36,-57.51,20,1
P007,HRTF_B,7,3.414,46.92,-57.76,20,1
P007,HRTF_B,7,3.428,46.54,-58.01,20,1
P007,HRTF_B,7,3.442,46.2,-58.26,20,1
P007,HRTF_B,7,3.456,45.84,-58.5,20,1
P007,HRTF_B,7,3.47,45.43,-58.78,20,1
P007,HRTF_B,7,3.484,45.0,-59.1,20,1
P007,HRTF_B,7,3.497,44.53,-59.48,20,1
P007,HRTF_B,7,3.512,44.03,-59.89,20,1
P007,HRTF_B,7,3.525,43.57,-60.29,20,1
P007,HRTF_B,7,3.539,43.11,-60.68,20,1
P007,HRTF_B,7,3.553,42.67,-61.02,20,1
P007,HRTF_B,7,3.567,42.23,-61.33,20,1
P007,HRTF_B,7,3.581,41.83,-61.49,20,1
P007,HRTF_B,7,3.595,41.39,-61.59,20,1
P007,HRTF_B,7,3.608,40.99,-61.59,20,1
P007,HRTF_B,7,3.622,40.55,-61.52,20,1
P007,HRTF_B,7,3.636,40.07,-61.41,20,1
P007,HRTF_B,7,3.65,39.57,-61.24,20,1
P007,HRTF_B,7,3.664,38.99,-61.07,20,1
P007,HRTF_B,7,3.678,38.4,-60.94,20,1
P007,HRTF_B,7,3.692,37.75,-60.81,20,1
P007,HRTF_B,7,3.706,37.15,-60.71,20,1
P007,HRTF_B,7,3.719,36.53,-60.6,20,1
P007,HRTF_B,7,3.734,35.95,-60.5,20,1
P007,HRTF_B,7,3.747,35.39,-60.35,20,1
P007,HRTF_B,7,3.761,34.78,-60.16,20,1
P007,HRTF_B,7,3.775,34.2,-59.98,20,1
P007,HRTF_B,7,3.789,33.59,-59.82,20,1
P007,HRTF_B,7,3.803,32.99,-59.65,20,1
P007,HRTF_B,7,3.817,32.42,-59.45,20,1
P007,HRTF_B,7,3.831,31.86,-59.24,20,1
P007,HRTF_B,7,3.844,31.33,-59.02,20,1
P007,HRTF_B,7,3.858,30.8,-58.81,20,1
P007,HRTF_B,7,3.872,30.25,-58.64,20,1
P007,HRTF_B,7,3.886,29.69,-58.48,20,1
P007,HRTF_B,7,3.9,29.19,-58.35,20,1
P007,HRTF_B,7,3.914,28.69,-58.24,20,1
P007,HRTF_B,7,3.928,28.15,-58.15,20,1
P007,HRTF_B,7,3.942,27.6,-58.11,20,1
P007,HRTF_B,7,3.956,27.07,-58.1,20,1
P007,HRTF_B,7,3.969,26.47,-58.1,20,1
P007,HRTF_B,7,3.983,25.84,-58.13,20,1
P007,HRTF_B,7,3.997,25.13,-58.18,20,1
P007,HRTF_B,7,4.011,24.3,-58.26,20,1
P007,HRTF_B,7,4.025,23.39,-58.38,20,1
P007,HRTF_B,7,4.039,22.38,-58.56,20,1
P007,HRTF_B,7,4.053,21.28,-58.75,20,1
P007,HRTF_B,7,4.067,20.12,-58.94,20,1
P007,HRTF_B,7,4.081,18.94,-59.14,20,1
P007,HRTF_B,7,4.095,17.76,-59.31,20,1
P007,HRTF_B,7,4.108,16.54,-59.47,20,1
P007,HRTF_B,7,4.123,15.34,-59.6,20,1
P007,HRTF_B,7,4.136,14.12,-59.75,20,1
P007,HRTF_B,7,4.15,12.79,-59.93,20,1
P007,HRTF_B,7,4.164,11.44,-60.14,20,1
P007,HRTF_B,7,4.178,10.1,-60.33,20,1
P007,HRTF_B,7,4.192,8.69,-60.54,20,1
P007,HRTF_B,7,4.206,7.29,-60.73,20,1
P007,HRTF_B,7,4.22,5.86,-60.91,20,1
P007,HRTF_B,7,4.234,4.44,-61.09,20,1
P007,HRTF_B,7,4.247,3.0,-61.28,20,1
P007,HRTF_B,7,4.261,1.53,-61.5,20,1
P007,HRTF_B,7,4.275,0.06,-61.76,20,1
P007,HRTF_B,7,4.289,-1.34,-62.05,20,1
P007,HRTF_B,7,4.303,-2.8,-62.43,20,1
P007,HRTF_B,7,4.317,-4.21,-62.77,20,1
P007,HRTF_B,7,4.331,-5.63,-63.15,20,1
P007,HRTF_B,7,4.345,-7.03,-63.45,20,1
P007,HRTF_B,7,4.358,-8.52,-63.75,20,1
P007,HRTF_B,7,4.372,-9.92,-63.94,20,1
P007,HRTF_B,7,4.386,-11.22,-64.0,20,1
P007,HRTF_B,7,4.4,-12.58,-63.9,20,1
P007,HRTF_B,7,4.414,-13.68,-63.66,20,1
P007,HRTF_B,7,4.428,-14.61,-63.32,20,1
P007,HRTF_B,7,4.442,-15.55,-62.86,20,1
P007,HRTF_B,7,4.456,-16.27,-62.2,20,1
P007,HRTF_B,7,4.469,-16.8,-61.35,20,1
P007,HRTF_B,7,4.483,-17.06,-60.11,20,1
P007,HRTF_B,7,4.497,-17.2,-58.64,20,1
P007,HRTF_B,7,4.511,-17.12,-56.9,20,1
P007,HRTF_B,7,4.525,-16.98,-55.02,20,1
P007,HRTF_B,7,4.539,-16.61,-52.95,20,1
P007,HRTF_B,7,4.553,-16.24,-50.73,20,1
P007,HRTF_B,7,4.567,-15.82,-48.47,20,1
P007,HRTF_B,7,4.581,-15.48,-46.26,20,1
P007,HRTF_B,7,4.595,-15.17,-44.02,20,1
P007,HRTF_B,7,4.609,-14.85,-41.88,20,1
P007,HRTF_B,7,4.622,-14.62,-39.8,20,1
P007,HRTF_B,7,4.636,-14.36,-37.81,20,1
P007,HRTF_B,7,4.65,-14.12,-35.9,20,1
P007,HRTF_B,7,4.664,-13.95,-33.99,20,1
P007,HRTF_B,7,4.678,-13.81,-32.08,20,1
P007,HRTF_B,7,4.692,-13.77,-30.22,20,1
P007,HRTF_B,7,4.705,-13.74,-28.43,20,1
P007,HRTF_B,7,4.719,-13.76,-26.66,20,1
P007,HRTF_B,7,4.734,-13.85,-24.96,20,1
P007,HRTF_B,7,4.747,-13.97,-23.3,20,1
P007,HRTF_B,7,4.761,-14.12,-21.61,20,1
P007,HRTF_B,7,4.775,-14.3,-19.97,20,1
P007,HRTF_B,7,4.789,-14.53,-18.32,20,1
P007,HRTF_B,7,4.803,-14.78,-16.72,20,1
P007,HRTF_B,7,4.817,-15.07,-15.13,20,1
P007,HRTF_B,7,4.83,-15.39,-13.56,20,1
P007,HRTF_B,7,4.844,-15.74,-12.01,20,1
P007,HRTF_B,7,4.858,-16.16,-10.51,20,1
P007,HRTF_B,7,4.872,-16.56,-9.12,20,1
P007,HRTF_B,7,4.886,-16.96,-7.79,20,1
P007,HRTF_B,7,4.9,-17.35,-6.5,20,1
P007,HRTF_B,7,4.914,-17.77,-5.24,20,1
P007,HRTF_B,7,4.928,-18.22,-3.98,20,1
P007,HRTF_B,7,4.942,-18.69,-2.8,20,1
P007,HRTF_B,7,4.955,-19.15,-1.64,20,1
P007,HRTF_B,7,4.969,-19.57,-0.57,20,1
P007,HRTF_B,7,4.983,-19.96,0.45,20,1
P007,HRTF_B,7,4.997,-20.37,1.35,20,1
P007,HRTF_B,7,5.011,-20.77,2.2,20,1
P007,HRTF_B,7,5.025,-21.25,2.96,20,1
P007,HRTF_B,7,5.039,-21.77,3.69,20,1
P007,HRTF_B,7,5.052,-22.35,4.29,20,1
P007,HRTF_B,7,5.066,-22.99,4.84,20,1
P007,HRTF_B,7,5.08,-23.66,5.25,20,1
P007,HRTF_B,7,5.094,-24.38,5.53,20,1
P007,HRTF_B,7,5.108,-25.11,5.81,20,1
P007,HRTF_B,7,5.122,-25.93,6.07,20,1
P007,HRTF_B,7,5.136,-26.86,6.3,20,1
P007,HRTF_B,7,5.15,-27.85,6.47,20,1
P007,HRTF_B,7,5.163,-28.89,6.62,20,1
P007,HRTF_B,7,5.178,-29.98,6.68,20,1
P007,HRTF_B,7,5.191,-31.11,6.7,20,1
P007,HRTF_B,7,5.205,-32.29,6.72,20,1
P007,HRTF_B,7,5.219,-33.55,6.72,20,1
P007,HRTF_B,7,5.233,-34.94,6.71,20,1
P007,HRTF_B,7,5.247,-36.46,6.64,20,1
P007,HRTF_B,7,5.261,-38.13,6.55,20,1
P007,HRTF_B,7,5.275,-39.95,6.39,20,1
P007,HRTF_B,7,5.289,-41.93,6.18,20,1
P007,HRTF_B,7,5.302,-44.03,5.9,20,1
P007,HRTF_B,7,5.316,-46.28,5.55,20,1
P007,HRTF_B,7,5.33,-48.61,5.17,20,1
P007,HRTF_B,7,5.344,-51.03,4.76,20,1
P007,HRTF_B,7,5.358,-53.51,4.34,20,1
P007,HRTF_B,7,5.372,-56.03,3.85,20,1
P007,HRTF_B,7,5.386,-58.63,3.34,20,1
P007,HRTF_B,7,5.4,-61.18,2.82,20,1
P007,HRTF_B,7,5.414,-63.71,2.31,20,1
P007,HRTF_B,7,5.428,-66.16,1.82,20,1
P007,HRTF_B,7,5.441,-68.56,1.34,20,1
P007,HRTF_B,7,5.455,-70.91,0.82,20,1
P007,HRTF_B,7,5.469,-73.22,0.26,20,1
P007,HRTF_B,7,5.483,-75.47,-0.25,20,1
P007,HRTF_B,7,5.497,-77.64,-0.66,20,1
P007,HRTF_B,7,5.511,-79.71,-0.99,20,1
P007,HRTF_B,7,5.525,-81.7,-1.34,20,1
P007,HRTF_B,7,5.539,-83.68,-1.71,20,1
P007,HRTF_B,7,5.552,-85.63,-2.09,20,1
P007,HRTF_B,7,5.567,-87.53,-2.38,20,1
P007,HRTF_B,7,5.58,-89.27,-2.54,20,1
P007,HRTF_B,7,5.595,-90.86,-2.6,20,1
P007,HRTF_B,7,5.608,-92.28,-2.62,20,1
P007,HRTF_B,7,5.622,-93.54,-2.63,20,1
P007,HRTF_B,7,5.636,-94.68,-2.66,20,1
P007,HRTF_B,7,5.65,-95.72,-2.68,20,1
P007,HRTF_B,7,5.664,-96.61,-2.65,20,1
P007,HRTF_B,7,5.678,-97.37,-2.57,20,1
P007,HRTF_B,7,5.692,-98.0,-2.51,20,1
P007,HRTF_B,7,5.705,-98.58,-2.48,20,1
P007,HRTF_B,7,5.719,-99.17,-2.52,20,1
P007,HRTF_B,7,5.733,-99.77,-2.53,20,1
P007,HRTF_B,7,5.747,-100.37,-2.53,20,1
P007,HRTF_B,7,5.761,-100.94,-2.45,20,1
P007,HRTF_B,7,5.775,-101.52,-2.4,20,1
P007,HRTF_B,7,5.788,-102.16,-2.39,20,1
P007,HRTF_B,7,5.803,-102.89,-2.42,20,1
P007,HRTF_B,7,5.816,-103.71,-2.46,20,1
P007,HRTF_B,7,5.831,-104.6,-2.45,20,1
P007,HRTF_B,7,5.844,-105.5,-2.37,20,1
P007,HRTF_B,7,5.858,-106.44,-2.27,20,1
P007,HRTF_B,7,5.872,-107.38,-2.13,20,1
P007,HRTF_B,7,5.886,-108.31,-2.0,20,1
P007,HRTF_B,7,5.9,-109.24,-1.82,20,1
P007,HRTF_B,7,5.913,-110.17,-1.71,20,1
P007,HRTF_B,7,5.928,-111.15,-1.64,20,1
P007,HRTF_B,7,5.941,-112.19,-1.59,20,1
P007,HRTF_B,7,5.955,-113.24,-1.54,20,1
P007,HRTF_B,7,5.969,-114.27,-1.5,20,1
P007,HRTF_B,7,5.983,-115.31,-1.47,20,1
P007,HRTF_B,7,5.997,-116.38,-1.51,20,1
P007,HRTF_B,7,6.011,-117.5,-1.59,20,1
P007,HRTF_B,7,6.025,-118.61,-1.7,20,1
P007,HRTF_B,7,6.039,-119.63,-1.75,20,1
P007,HRTF_B,7,6.053,-120.53,-1.78,20,1
P007,HRTF_B,7,6.067,-121.26,-1.85,20,1
P007,HRTF_B,7,6.08,-121.81,-2.0,20,1
P007,HRTF_B,7,6.094,-122.23,-2.15,20,1
P007,HRTF_B,7,6.108,-122.54,-2.31,20,1
P007,HRTF_B,7,6.122,-122.73,-2.45,20,1
P007,HRTF_B,7,6.136,-122.82,-2.55,20,1
P007,HRTF_B,7,6.15,-122.81,-2.61,20,1
P007,HRTF_B,7,6.164,-122.8,-2.63,20,1
P007,HRTF_B,8,0.01,-7.08,1.39,23,1
P007,HRTF_B,8,0.031,-7.29,1.4,23,1
P007,HRTF_B,8,0.045,-7.49,1.41,23,1
P007,HRTF_B,8,0.058,-7.71,1.44,23,1
P007,HRTF_B,8,0.073,-7.95,1.48,23,1
P007,HRTF_B,8,0.087,-8.2,1.51,23,1
P007,HRTF_B,8,0.101,-8.51,1.52,23,1
P007,HRTF_B,8,0.114,-8.83,1.46,23,1
P007,HRTF_B,8,0.128,-9.2,1.36,23,1
P007,HRTF_B,8,0.142,-9.61,1.25,23,1
P007,HRTF_B,8,0.156,-10.03,1.14,23,1
P007,HRTF_B,8,0.17,-10.51,1.07,23,1
P007,HRTF_B,8,0.184,-11.08,0.94,23,1
P007,HRTF_B,8,0.198,-11.72,0.8,23,1
P007,HRTF_B,8,0.212,-12.47,0.58,23,1
P007,HRTF_B,8,0.225,-13.34,0.38,23,1
P007,HRTF_B,8,0.239,-14.24,0.23,23,1
P007,HRTF_B,8,0.253,-15.26,0.11,23,1
P007,HRTF_B,8,0.267,-16.36,-0.09,23,1
P007,HRTF_B,8,0.281,-17.59,-0.44,23,1
P007,HRTF_B,8,0.295,-18.89,-0.87,23,1
P007,HRTF_B,8,0.309,-20.21,-1.27,23,1
P007,HRTF_B,8,0.323,-21.58,-1.58,23,1
P007,HRTF_B,8,0.336,-22.98,-1.92,23,1
P007,HRTF_B,8,0.351,-24.45,-2.37,23,1
P007,HRTF_B,8,0.364,-25.97,-2.91,23,1
P007,HRTF_B,8,0.378,-27.54,-3.42,23,1
P007,HRTF_B,8,0.392,-29.11,-3.82,23,1
P007,HRTF_B,8,0.406,-30.64,-4.12,23,1
P007,HRTF_B,8,0.42,-32.16,-4.42,23,1
P007,HRTF_B,8,0.434,-33.65,-4.77,23,1
P007,HRTF_B,8,0.448,-35.11,-5.08,23,1
P007,HRTF_B,8,0.462,-36.57,-5.39,23,1
P007,HRTF_B,8,0.475,-37.99,-5.64,23,1
P007,HRTF_B,8,0.489,-39.36,-5.85,23,1
P007,HRTF_B,8,0.503,-40.69,-6.0,23,1
P007,HRTF_B,8,0.517,-42.01,-6.13,23,1
P007,HRTF_B,8,0.531,-43.34,-6.27,23,1
P007,HRTF_B,8,0.545,-44.69,-6.35,23,1
P007,HRTF_B,8,0.559,-46.01,-6.36,23,1
P007,HRTF_B,8,0.573,-47.3,-6.28,23,1
P007,HRTF_B,8,0.587,-48.55,-6.19,23,1
P007,HRTF_B,8,0.601,-49.78,-6.14,23,1
P007,HRTF_B,8,0.614,-50.98,-6.17,23,1
P007,HRTF_B,8,0.629,-52.18,-6.22,23,1
P007,HRTF_B,8,0.642,-53.37,-6.23,23,1
P007,HRTF_B,8,0.656,-54.53,-6.17,23,1
P007,HRTF_B,8,0.67,-55.66,-6.04,23,1
P007,HRTF_B,8,0.684,-56.72,-5.86,23,1
P007,HRTF_B,8,0.698,-57.76,-5.65,23,1
P007,HRTF_B,8,0.712,-58.8,-5.49,23,1
P007,HRTF_B,8,0.726,-59.87,-5.36,23,1
P007,HRTF_B,8,0.74,-60.95,-5.25,23,1
P007,HRTF_B,8,0.754,-62.0,-5.14,23,1
P007,HRTF_B,8,0.767,-62.98,-4.98,23,1
P007,HRTF_B,8,0.782,-63.9,-4.81,23,1
P007,HRTF_B,8,0.795,-64.77,-4.62,23,1
P007,HRTF_B,8,0.809,-65.62,-4.49,23,1
P007,HRTF_B,8,0.823,-66.47,-4.41,23,1
P007,HRTF_B,8,0.837,-67.3,-4.38,23,1
P007,HRTF_B,8,0.851,-68.14,-4.33,23,1
P007,HRTF_B,8,0.865,-68.96,-4.26,23,1
P007,HRTF_B,8,0.879,-69.77,-4.21,23,1
P007,HRTF_B,8,0.892,-70.6,-4.2,23,1
P007,HRTF_B,8,0.906,-71.47,-4.25,23,1
P007,HRTF_B,8,0.92,-72.4,-4.34,23,1
P007,HRTF_B,8,0.934,-73.35,-4.44,23,1
P007,HRTF_B,8,0.948,-74.31,-4.53,23,1
P007,HRTF_B,8,0.962,-75.26,-4.64,23,1
P007,HRTF_B,8,0.976,-76.22,-4.75,23,1
P007,HRTF_B,8,0.989,-77.15,-4.92,23,1
P007,HRTF_B,8,1.003,-78.08,-5.04,23,1
P007,HRTF_B,8,1.018,-78.99,-5.17,23,1
P007,HRTF_B,8,1.031,-79.86,-5.26,23,1
P007,HRTF_B,8,1.045,-80.74,-5.35,23,1
P007,HRTF_B,8,1.059,-81.58,-5.43,23,1
P007,HRTF_B,8,1.073,-82.42,-5.53,23,1
P007,HRTF_B,8,1.087,-83.28,-5.59,23,1
P007,HRTF_B,8,1.1,-84.14,-5.61,23,1
P007,HRTF_B,8,1.115,-85.06,-5.64,23,1
P007,HRTF_B,8,1.128,-86.0,-5.64,23,1
P007,HRTF_B,8,1.142,-86.96,-5.61,23,1
P007,HRTF_B,8,1.156,-87.94,-5.55,23,1
P007,HRTF_B,8,1.17,-88.98,-5.5,23,1
P007,HRTF_B,8,1.184,-90.07,-5.47,23,1
P007,HRTF_B,8,1.198,-91.21,-5.43,23,1
P007,HRTF_B,8,1.212,-92.36,-5.34,23,1
P007,HRTF_B,8,1.226,-93.5,-5.19,23,1
P007,HRTF_B,8,1.24,-94.6,-5.02,23,1
P007,HRTF_B,8,1.253,-95.67,-4.83,23,1
P007,HRTF_B,8,1.267,-96.71,-4.63,23,1
P007,HRTF_B,8,1.281,-97.73,-4.45,23,1
P007,HRTF_B,8,1.295,-98.74,-4.22,23,1
P007,HRTF_B,8,1.309,-99.7,-3.92,23,1
P007,HRTF_B,8,1.323,-100.62,-3.59,23,1
P007,HRTF_B,8,1.336,-101.51,-3.26,23,1
P007,HRTF_B,8,1.351,-102.38,-2.98,23,1
P007,HRTF_B,8,1.365,-103.23,-2.75,23,1
P007,HRTF_B,8,1.378,-104.08,-2.58,23,1
P007,HRTF_B,8,1.392,-104.92,-2.47,23,1
P007,HRTF_B,8,1.406,-105.71,-2.38,23,1
P007,HRTF_B,8,1.42,-106.53,-2.34,23,1
P007,HRTF_B,8,1.434,-107.34,-2.35,23,1
P007,HRTF_B,8,1.447,-108.16,-2.41,23,1
P007,HRTF_B,8,1.462,-109.01,-2.47,23,1
P007,HRTF_B,8,1.476,-109.86,-2.55,23,1
P007,HRTF_B,8,1.49,-110.72,-2.63,23,1
P007,HRTF_B,8,1.503,-111.55,-2.71,23,1
P007,HRTF_B,8,1.517,-112.36,-2.78,23,1
P007,HRTF_B,8,1.531,-113.16,-2.84,23,1
P007,HRTF_B,8,1.545,-113.92,-2.94,23,1
P007,HRTF_B,8,1.559,-114.68,-3.08,23,1
P007,HRTF_B,8,1.573,-115.4,-3.22,23,1
P007,HRTF_B,8,1.587,-116.1,-3.36,23,1
P007,HRTF_B,8,1.601,-116.76,-3.51,23,1
P007,HRTF_B,9,0.02,-6.02,-1.9,13,1
P007,HRTF_B,9,0.033,-5.74,-1.81,13,1
P007,HRTF_B,9,0.047,-5.48,-1.72,13,1
P007,HRTF_B,9,0.061,-5.27,-1.62,13,1
P007,HRTF_B,9,0.075,-5.11,-1.51,13,1
P007,HRTF_B,9,0.089,-4.99,-1.43,13,1
P007,HRTF_B,9,0.103,-4.9,-1.4,13,1
P007,HRTF_B,9,0.117,-4.82,-1.4,13,1
P007,HRTF_B,9,0.131,-4.76,-1.43,13,1
P007,HRTF_B,9,0.145,-4.74,-1.46,13,1
P007,HRTF_B,9,0.159,-4.8,-1.47,13,1
P007,HRTF_B,9,0.173,-4.96,-1.47,13,1
P007,HRTF_B,9,0.187,-5.2,-1.44,13,1
P007,HRTF_B,9,0.201,-5.49,-1.38,13,1
P007,HRTF_B,9,0.214,-5.78,-1.37,13,1
P007,HRTF_B,9,0.228,-6.06,-1.39,13,1
P007,HRTF_B,9,0.242,-6.32,-1.43,13,1
P007,HRTF_B,9,0.256,-6.58,-1.47,13,1
P007,HRTF_B,9,0.27,-6.86,-1.48,13,1
P007,HRTF_B,9,0.283,-7.17,-1.47,13,1
P007,HRTF_B,9,0.298,-7.45,-1.52,13,1
P007,HRTF_B,9,0.311,-7.68,-1.61,13,1
P007,HRTF_B,9,0.326,-7.83,-1.71,13,1
P007,HRTF_B,9,0.339,-7.91,-1.79,13,1
P007,HRTF_B,9,0.353,-7.92,-1.87,13,1
P007,HRTF_B,9,0.367,-7.91,-1.91,13,1
P007,HRTF_B,9,0.381,-7.88,-1.95,13,1
P007,HRTF_B,9,0.395,-7.83,-2.0,13,1
P007,HRTF_B,9,0.408,-7.77,-2.08,13,1
P007,HRTF_B,9,0.422,-7.67,-2.17,13,1
P007,HRTF_B,9,0.436,-7.56,-2.27,13,1
P007,HRTF_B,9,0.45,-7.45,-2.36,13,1
P007,HRTF_B,9,0.464,-7.34,-2.45,13,1
P007,HRTF_B,9,0.478,-7.23,-2.54,13,1
P007,HRTF_B,9,0.492,-7.12,-2.62,13,1
P007,HRTF_B,9,0.506,-6.99,-2.71,13,1
P007,HRTF_B,9,0.52,-6.83,-2.81,13,1
P007,HRTF_B,9,0.534,-6.66,-2.91,13,1
P007,HRTF_B,9,0.548,-6.49,-2.99,13,1
P007,HRTF_B,9,0.562,-6.35,-3.05,13,1
P007,HRTF_B,9,0.575,-6.27,-3.11,13,1
P007,HRTF_B,9,0.589,-6.25,-3.16,13,1
P007,HRTF_B,9,0.603,-6.33,-3.21,13,1
P007,HRTF_B,9,0.617,-6.47,-3.27,13,1
P007,HRTF_B,9,0.631,-6.66,-3.37,13,1
P007,HRTF_B,9,0.645,-6.93,-3.47,13,1
P007,HRTF_B,9,0.659,-7.28,-3.55,13,1
P007,HRTF_B,9,0.673,-7.76,-3.66,13,1
P007,HRTF_B,9,0.687,-8.39,-3.79,13,1
P007,HRTF_B,9,0.7,-9.18,-3.9,13,1
P007,HRTF_B,9,0.714,-10.14,-4.01,13,1
P007,HRTF_B,9,0.728,-11.23,-4.15,13,1
P007,HRTF_B,9,0.742,-12.49,-4.31,13,1
P007,HRTF_B,9,0.756,-13.92,-4.52,13,1
P007,HRTF_B,9,0.77,-15.43,-4.72,13,1
P007,HRTF_B,9,0.784,-17.01,-4.91,13,1
P007,HRTF_B,9,0.797,-18.67,-5.11,13,1
P007,HRTF_B,9,0.812,-20.42,-5.35,13,1
P007,HRTF_B,9,0.825,-22.26,-5.65,13,1
P007,HRTF_B,9,0.839,-24.15,-5.96,13,1
P007,HRTF_B,9,0.853,-26.06,-6.2,13,1
P007,HRTF_B,9,0.867,-27.99,-6.43,13,1
P007,HRTF_B,9,0.881,-29.93,-6.67,13,1
P007,HRTF_B,9,0.895,-31.84,-6.93,13,1
P007,HRTF_B,9,0.909,-33.72,-7.22,13,1
P007,HRTF_B,9,0.923,-35.56,-7.47,13,1
P007,HRTF_B,9,0.937,-37.31,-7.65,13,1
P007,HRTF_B,9,0.951,-38.96,-7.79,13,1
P007,HRTF_B,9,0.965,-40.55,-7.99,13,1
P007,HRTF_B,9,0.979,-42.05,-8.21,13,1
P007,HRTF_B,9,0.993,-43.49,-8.45,13,1
P007,HRTF_B,9,1.006,-44.81,-8.61,13,1
P007,HRTF_B,9,1.021,-45.99,-8.71,13,1
P007,HRTF_B,9,1.034,-47.02,-8.75,13,1
P007,HRTF_B,9,1.048,-47.9,-8.79,13,1
P007,HRTF_B,9,1.062,-48.71,-8.88,13,1
P007,HRTF_B,9,1.076,-49.46,-8.98,13,1
P007,HRTF_B,9,1.09,-50.15,-9.0,13,1
P007,HRTF_B,9,1.106,-50.73,-8.97,13,1
P007,HRTF_B,9,1.117,-51.18,-8.81,13,1
P007,HRTF_B,9,1.132,-51.55,-8.63,13,1
P007,HRTF_B,9,1.145,-51.85,-8.46,13,1
P007,HRTF_B,9,1.159,-52.14,-8.28,13,1
P007,HRTF_B,9,1.173,-52.41,-8.11,13,1
P007,HRTF_B,9,1.187,-52.68,-7.86,13,1
P007,HRTF_B,9,1.201,-52.96,-7.58,13,1
P007,HRTF_B,9,1.215,-53.26,-7.31,13,1
P007,HRTF_B,9,1.228,-53.66,-7.1,13,1
P007,HRTF_B,9,1.242,-54.17,-6.9,13,1
P007,HRTF_B,9,1.256,-54.78,-6.69,13,1
P007,HRTF_B,9,1.27,-55.41,-6.39,13,1
P007,HRTF_B,9,1.284,-56.02,-6.05,13,1
P007,HRTF_B,9,1.298,-56.63,-5.73,13,1
P007,HRTF_B,9,1.312,-57.28,-5.47,13,1
P007,HRTF_B,9,1.326,-57.98,-5.27,13,1
P007,HRTF_B,9,1.34,-58.75,-5.07,13,1
P007,HRTF_B,9,1.353,-59.52,-4.86,13,1
P007,HRTF_B,9,1.367,-60.27,-4.61,13,1
P007,HRTF_B,9,1.381,-60.99,-4.32,13,1
P007,HRTF_B,9,1.395,-61.68,-4.02,13,1
P007,HRTF_B,9,1.409,-62.37,-3.77,13,1
P007,HRTF_B,9,1.423,-63.12,-3.52,13,1
P007,HRTF_B,9,1.437,-63.89,-3.29,13,1
P007,HRTF_B,9,1.451,-64.67,-3.09,13,1
P007,HRTF_B,9,1.464,-65.4,-2.88,13,1
P007,HRTF_B,9,1.478,-66.08,-2.63,13,1
P007,HRTF_B,9,1.492,-66.74,-2.39,13,1
P007,HRTF_B,9,1.506,-67.41,-2.18,13,1
P007,HRTF_B,9,1.52,-68.09,-1.98,13,1
P007,HRTF_B,9,1.534,-68.77,-1.73,13,1
P007,HRTF_B,9,1.548,-69.4,-1.41,13,1
P007,HRTF_B,9,1.562,-70.0,-1.04,13,1
P007,HRTF_B,9,1.575,-70.6,-0.69,13,1
P007,HRTF_B,9,1.589,-71.23,-0.36,13,1
P007,HRTF_B,9,1.603,-71.88,-0.02,13,1
P007,HRTF_B,9,1.617,-72.55,0.36,13,1
P007,HRTF_B,9,1.631,-73.19,0.8,13,1
P007,HRTF_B,9,1.645,-73.81,1.3,13,1
P007,HRTF_B,9,1.659,-74.4,1.8,13,1
P007,HRTF_B,9,1.672,-75.0,2.31,13,1
P007,HRTF_B,9,1.686,-75.58,2.8,13,1
P007,HRTF_B,9,1.7,-76.15,3.3,13,1
P007,HRTF_B,9,1.714,-76.68,3.84,13,1
P007,HRTF_B,9,1.728,-77.15,4.43,13,1
P007,HRTF_B,9,1.742,-77.6,5.04,13,1
P007,HRTF_B,9,1.756,-78.02,5.66,13,1
P007,HRTF_B,9,1.77,-78.42,6.28,13,1
P007,HRTF_B,9,1.784,-78.79,6.92,13,1
P007,HRTF_B,9,1.798,-79.16,7.63,13,1
P007,HRTF_B,9,1.811,-79.54,8.24,13,1
P007,HRTF_B,9,1.825,-79.92,8.75,13,1
P007,HRTF_B,9,1.839,-80.37,9.2,13,1
P007,HRTF_B,9,1.853,-80.84,9.59,13,1
P007,HRTF_B,9,1.867,-81.32,9.99,13,1
P007,HRTF_B,9,1.881,-81.8,10.43,13,1
P007,HRTF_B,9,1.895,-82.3,10.82,13,1
P007,HRTF_B,9,1.908,-82.85,11.11,13,1
P007,HRTF_B,9,1.923,-83.48,11.2,13,1
P007,HRTF_B,9,1.937,-84.19,11.13,13,1
P007,HRTF_B,9,1.95,-84.97,11.02,13,1
P007,HRTF_B,9,1.964,-85.79,10.93,13,1
P007,HRTF_B,9,1.978,-86.63,10.87,13,1
P007,HRTF_B,9,1.992,-87.5,10.79,13,1
P007,HRTF_B,9,2.006,-88.39,10.64,13,1
P007,HRTF_B,9,2.02,-89.3,10.46,13,1
P007,HRTF_B,9,2.034,-90.19,10.22,13,1
P007,HRTF_B,9,2.048,-91.05,9.98,13,1
P007,HRTF_B,9,2.061,-91.89,9.74,13,1
P007,HRTF_B,9,2.075,-92.71,9.48,13,1
P007,HRTF_B,9,2.089,-93.55,9.14,13,1
P007,HRTF_B,9,2.103,-94.36,8.71,13,1
P007,HRTF_B,9,2.117,-95.16,8.2,13,1
P007,HRTF_B,9,2.131,-95.9,7.66,13,1
P007,HRTF_B,9,2.145,-96.58,7.11,13,1
P007,HRTF_B,9,2.158,-97.26,6.48,13,1
P007,HRTF_B,9,2.173,-97.88,5.71,13,1
P007,HRTF_B,9,2.186,-98.46,4.89,13,1
P007,HRTF_B,9,2.2,-99.01,4.09,13,1
P007,HRTF_B,9,2.214,-99.5,3.33,13,1
P007,HRTF_B,9,2.228,-99.89,2.56,13,1
P007,HRTF_B,9,2.242,-100.19,1.66,13,1
P007,HRTF_B,9,2.256,-100.4,0.65,13,1
P007,HRTF_B,9,2.269,-100.52,-0.44,13,1
P007,HRTF_B,9,2.284,-100.58,-1.48,13,1
P007,HRTF_B,9,2.297,-100.62,-2.44,13,1
P007,HRTF_B,9,2.312,-100.61,-3.45,13,1
P007,HRTF_B,9,2.325,-100.53,-4.59,13,1
P007,HRTF_B,9,2.339,-100.39,-5.81,13,1
P007,HRTF_B,9,2.353,-100.18,-7.06,13,1
P007,HRTF_B,9,2.367,-99.97,-8.24,13,1
P007,HRTF_B,9,2.381,-99.77,-9.35,13,1
P007,HRTF_B,9,2.395,-99.59,-10.4,13,1
P007,HRTF_B,9,2.409,-99.41,-11.5,13,1
P007,HRTF_B,9,2.423,-99.23,-12.71,13,1
P007,HRTF_B,9,2.436,-99.04,-13.95,13,1
P007,HRTF_B,9,2.45,-98.83,-15.19,13,1
P007,HRTF_B,9,2.464,-98.66,-16.33,13,1
P007,HRTF_B,9,2.478,-98.54,-17.45,13,1
P007,HRTF_B,9,2.492,-98.45,-18.59,13,1
P007,HRTF_B,9,2.506,-98.39,-19.79,13,1
P007,HRTF_B,9,2.52,-98.35,-21.03,13,1
P007,HRTF_B,9,2.533,-98.31,-22.29,13,1
P007,HRTF_B,9,2.547,-98.25,-23.53,13,1
P007,HRTF_B,9,2.562,-98.2,-24.78,13,1
P007,HRTF_B,9,2.575,-98.13,-26.02,13,1
P007,HRTF_B,9,2.589,-98.08,-27.25,13,1
P007,HRTF_B,9,2.603,-98.07,-28.46,13,1
P007,HRTF_B,9,2.617,-98.07,-29.59,13,1
P007,HRTF_B,9,2.631,-98.06,-30.69,13,1
P007,HRTF_B,9,2.645,-98.05,-31.73,13,1
P007,HRTF_B,9,2.659,-98.0,-32.78,13,1
P007,HRTF_B,9,2.673,-97.94,-33.76,13,1
P007,HRTF_B,9,2.686,-97.89,-34.72,13,1
P007,HRTF_B,9,2.7,-97.83,-35.65,13,1
P007,HRTF_B,9,2.714,-97.76,-36.58,13,1
P007,HRTF_B,9,2.728,-97.72,-37.51,13,1
P007,HRTF_B,9,2.742,-97.65,-38.45,13,1
P007,HRTF_B,9,2.756,-97.56,-39.36,13,1
P007,HRTF_B,9,2.77,-97.47,-40.21,13,1
P007,HRTF_B,9,2.784,-97.36,-41.0,13,1
P007,HRTF_B,9,2.798,-97.24,-41.76,13,1
P007,HRTF_B,9,2.811,-97.05,-42.52,13,1
P007,HRTF_B,9,2.826,-96.77,-43.27,13,1
P007,HRTF_B,9,2.839,-96.34,-43.93,13,1
P007,HRTF_B,9,2.853,-95.77,-44.55,13,1
P007,HRTF_B,9,2.867,-95.05,-45.09,13,1
P007,HRTF_B,9,2.881,-94.27,-45.55,13,1
P007,HRTF_B,9,2.895,-93.4,-45.99,13,1
P007,HRTF_B,9,2.909,-92.55,-46.48,13,1
P007,HRTF_B,9,2.923,-91.61,-46.97,13,1
P007,HRTF_B,9,2.936,-90.64,-47.44,13,1
P007,HRTF_B,9,2.951,-89.7,-47.84,13,1
P007,HRTF_B,9,2.964,-88.73,-48.17,13,1
P007,HRTF_B,9,2.978,-87.8,-48.38,13,1
P007,HRTF_B,9,2.992,-86.89,-48.48,13,1
P007,HRTF_B,9,3.006,-86.06,-48.49,13,1
P007,HRTF_B,9,3.02,-85.27,-48.45,13,1
P007,HRTF_B,9,3.034,-84.55,-48.4,13,1
P007,HRTF_B,9,3.048,-83.84,-48.38,13,1
P007,HRTF_B,9,3.061,-83.08,-48.41,13,1
P007,HRTF_B,9,3.075,-82.36,-48.43,13,1
P007,HRTF_B,9,3.089,-81.64,-48.39,13,1
P007,HRTF_B,9,3.103,-80.94,-48.29,13,1
P007,HRTF_B,9,3.117,-80.29,-48.12,13,1
P007,HRTF_B,9,3.131,-79.66,-47.89,13,1
P007,HRTF_B,9,3.145,-79.01,-47.6,13,1
P007,HRTF_B,9,3.159,-78.35,-47.3,13,1
P007,HRTF_B,9,3.173,-77.69,-46.99,13,1
P007,HRTF_B,9,3.186,-77.0,-46.66,13,1
P007,HRTF_B,9,3.201,-76.37,-46.36,13,1
P007,HRTF_B,9,3.214,-75.69,-46.04,13,1
P007,HRTF_B,9,3.228,-75.08,-45.7,13,1
P007,HRTF_B,9,3.242,-74.46,-45.32,13,1
P007,HRTF_B,9,3.256,-73.88,-44.88,13,1
P007,HRTF_B,9,3.27,-73.28,-44.41,13,1
P007,HRTF_B,9,3.284,-72.7,-43.9,13,1
P007,HRTF_B,9,3.298,-72.09,-43.35,13,1
P007,HRTF_B,9,3.312,-71.52,-42.83,13,1
P007,HRTF_B,9,3.327,-70.93,-42.3,13,1
P007,HRTF_B,9,3.339,-70.34,-41.72,13,1
P007,HRTF_B,9,3.353,-69.8,-41.08,13,1
P007,HRTF_B,9,3.367,-69.29,-40.42,13,1
P007,HRTF_B,9,3.381,-68.76,-39.82,13,1
P007,HRTF_B,9,3.395,-68.19,-39.24,13,1
P007,HRTF_B,9,3.409,-67.54,-38.66,13,1
P007,HRTF_B,9,3.422,-66.83,-38.14,13,1
P007,HRTF_B,9,3.437,-66.04,-37.66,13,1
P007,HRTF_B,9,3.451,-65.25,-37.22,13,1
P007,HRTF_B,9,3.464,-64.46,-36.85,13,1
P007,HRTF_B,9,3.478,-63.65,-36.5,13,1
P007,HRTF_B,9,3.492,-62.81,-36.18,13,1
P007,HRTF_B,9,3.506,-61.9,-35.87,13,1
P007,HRTF_B,9,3.52,-60.92,-35.56,13,1
P007,HRTF_B,9,3.534,-59.93,-35.26,13,1
P007,HRTF_B,9,3.548,-58.92,-35.03,13,1
P007,HRTF_B,9,3.561,-57.87,-34.86,13,1
P007,HRTF_B,9,3.576,-56.78,-34.71,13,1
P007,HRTF_B,9,3.589,-55.63,-34.56,13,1
P007,HRTF_B,9,3.603,-54.44,-34.41,13,1
P007,HRTF_B,9,3.617,-53.22,-34.27,13,1
P007,HRTF_B,9,3.631,-51.96,-34.2,13,1
P007,HRTF_B,9,3.645,-50.66,-34.16,13,1
P007,HRTF_B,9,3.659,-49.34,-34.15,13,1
P007,HRTF_B,9,3.672,-47.94,-34.12,13,1
P007,HRTF_B,9,3.686,-46.56,-34.05,13,1
P007,HRTF_B,9,3.7,-45.12,-34.03,13,1
P007,HRTF_B,9,3.714,-43.63,-34.07,13,1
P007,HRTF_B,9,3.728,-42.08,-34.12,13,1
P007,HRTF_B,9,3.742,-40.49,-34.14,13,1
P007,HRTF_B,9,3.756,-38.88,-34.12,13,1
P007,HRTF_B,9,3.77,-37.23,-34.08,13,1
P007,HRTF_B,9,3.784,-35.53,-34.07,13,1
P007,HRTF_B,9,3.798,-33.8,-34.14,13,1
P007,HRTF_B,9,3.811,-32.05,-34.22,13,1
P007,HRTF_B,9,3.825,-30.27,-34.29,13,1
P007,HRTF_B,9,3.839,-28.46,-34.34,13,1
P007,HRTF_B,9,3.853,-26.65,-34.38,13,1
P007,HRTF_B,9,3.867,-24.81,-34.38,13,1
P007,HRTF_B,9,3.881,-22.96,-34.46,13,1
P007,HRTF_B,9,3.895,-21.11,-34.54,13,1
P007,HRTF_B,9,3.908,-19.26,-34.64,13,1
P007,HRTF_B,9,3.922,-17.49,-34.71,13,1
P007,HRTF_B,9,3.936,-15.75,-34.74,13,1
P007,HRTF_B,9,3.95,-14.07,-34.79,13,1
P007,HRTF_B,9,3.964,-12.45,-34.81,13,1
P007,HRTF_B,9,3.978,-10.93,-34.85,13,1
P007,HRTF_B,9,3.992,-9.47,-34.91,13,1
P007,HRTF_B,9,4.006,-8.1,-34.97,13,1
P007,HRTF_B,9,4.02,-6.84,-35.08,13,1
P007,HRTF_B,9,4.034,-5.62,-35.16,13,1
P007,HRTF_B,9,4.047,-4.46,-35.28,13,1
P007,HRTF_B,9,4.061,-3.35,-35.42,13,1
P007,HRTF_B,9,4.075,-2.27,-35.57,13,1
P007,HRTF_B,9,4.089,-1.25,-35.74,13,1
P007,HRTF_B,9,4.103,-0.27,-35.92,13,1
P007,HRTF_B,9,4.117,0.64,-36.09,13,1
P007,HRTF_B,9,4.131,1.55,-36.32,13,1
P007,HRTF_B,9,4.145,2.47,-36.59,13,1
P007,HRTF_B,9,4.159,3.37,-36.87,13,1
P007,HRTF_B,9,4.172,4.26,-37.17,13,1
P007,HRTF_B,9,4.187,5.14,-37.46,13,1
P007,HRTF_B,9,4.2,6.02,-37.69,13,1
P007,HRTF_B,9,4.214,6.88,-37.9,13,1
P007,HRTF_B,9,4.228,7.79,-38.1,13,1
P007,HRTF_B,9,4.242,8.71,-38.29,13,1
P007,HRTF_B,9,4.256,9.7,-38.47,13,1
P007,HRTF_B,9,4.269,10.74,-38.62,13,1
P007,HRTF_B,9,4.284,11.79,-38.73,13,1
P007,HRTF_B,9,4.298,12.94,-38.83,13,1
P007,HRTF_B,9,4.311,14.07,-38.9,13,1
P007,HRTF_B,9,4.325,15.28,-38.97,13,1
P007,HRTF_B,9,4.339,16.5,-39.02,13,1
P007,HRTF_B,9,4.353,17.76,-39.07,13,1
P007,HRTF_B,9,4.367,19.07,-39.11,13,1
P007,HRTF_B,9,4.381,20.39,-39.15,13,1
P007,HRTF_B,9,4.395,21.69,-39.23,13,1
P007,HRTF_B,9,4.409,22.99,-39.33,13,1
P007,HRTF_B,9,4.423,24.28,-39.44,13,1
P007,HRTF_B,9,4.437,25.5,-39.61,13,1
P007,HRTF_B,9,4.45,26.73,-39.83,13,1
P007,HRTF_B,9,4.464,27.94,-40.06,13,1
P007,HRTF_B,9,4.478,29.12,-40.33,13,1
P007,HRTF_B,9,4.492,30.27,-40.58,13,1
P007,HRTF_B,9,4.506,31.35,-40.89,13,1
P007,HRTF_B,9,4.52,32.33,-41.25,13,1
P007,HRTF_B,9,4.533,33.22,-41.71,13,1
P007,HRTF_B,9,4.547,33.97,-42.26,13,1
P007,HRTF_B,9,4.561,34.63,-42.9,13,1
P007,HRTF_B,9,4.575,35.2,-43.58,13,1
P007,HRTF_B,9,4.589,35.68,-44.29,13,1
P007,HRTF_B,9,4.603,36.08,-45.06,13,1
P007,HRTF_B,9,4.617,36.41,-45.87,13,1
P007,HRTF_B,9,4.631,36.65,-46.68,13,1
P007,HRTF_B,9,4.644,36.86,-47.46,13,1
P007,HRTF_B,9,4.659,36.98,-48.23,13,1
P007,HRTF_B,9,4.672,37.0,-48.93,13,1
P007,HRTF_B,9,4.687,36.86,-49.65,13,1
P007,HRTF_B,9,4.7,36.58,-50.39,13,1
P007,HRTF_B,9,4.714,36.23,-51.11,13,1
P007,HRTF_B,9,4.728,35.82,-51.81,13,1
P007,HRTF_B,9,4.742,35.36,-52.43,13,1
P007,HRTF_B,9,4.756,34.8,-52.96,13,1
P007,HRTF_B,9,4.77,34.17,-53.43,13,1
P007,HRTF_B,9,4.784,33.46,-53.87,13,1
P007,HRTF_B,9,4.797,32.73,-54.28,13,1
P007,HRTF_B,9,4.811,32.0,-54.69,13,1
P007,HRTF_B,9,4.826,31.21,-55.06,13,1
P007,HRTF_B,9,4.839,30.43,-55.43,13,1
P007,HRTF_B,9,4.853,29.6,-55.83,13,1
P007,HRTF_B,9,4.867,28.72,-56.26,13,1
P007,HRTF_B,9,4.881,27.9,-56.65,13,1
P007,HRTF_B,9,4.895,27.16,-56.99,13,1
P007,HRTF_B,9,4.909,26.53,-57.3,13,1
P007,HRTF_B,9,4.923,25.83,-57.62,13,1
P007,HRTF_B,9,4.936,25.12,-57.94,13,1
P007,HRTF_B,9,4.951,24.32,-58.27,13,1
P007,HRTF_B,9,4.964,23.6,-58.53,13,1
P007,HRTF_B,9,4.978,22.8,-58.75,13,1
P007,HRTF_B,9,4.992,21.99,-58.89,13,1
P007,HRTF_B,9,5.006,21.04,-59.02,13,1
P007,HRTF_B,9,5.02,19.97,-59.08,13,1
P007,HRTF_B,9,5.034,18.69,-59.07,13,1
P007,HRTF_B,9,5.047,17.32,-59.0,13,1
P007,HRTF_B,9,5.062,15.95,-58.86,13,1
P007,HRTF_B,9,5.075,14.49,-58.69,13,1
P007,HRTF_B,9,5.089,12.99,-58.53,13,1
P007,HRTF_B,9,5.103,11.41,-58.37,13,1
P007,HRTF_B,9,5.117,9.9,-58.19,13,1
P007,HRTF_B,9,5.131,8.44,-57.96,13,1
P007,HRTF_B,9,5.144,7.07,-57.67,13,1
P007,HRTF_B,9,5.159,5.62,-57.36,13,1
P007,HRTF_B,9,5.172,4.15,-56.99,13,1
P007,HRTF_B,9,5.186,2.64,-56.69,13,1
P007,HRTF_B,9,5.2,1.11,-56.39,13,1
P007,HRTF_B,9,5.214,-0.35,-56.04,13,1
P007,HRTF_B,9,5.228,-1.69,-55.7,13,1
P007,HRTF_B,9,5.242,-3.0,-55.42,13,1
P007,HRTF_B,9,5.256,-4.31,-55.27,13,1
P007,HRTF_B,9,5.27,-5.62,-55.23,13,1
P007,HRTF_B,9,5.284,-6.86,-55.25,13,1
P007,HRTF_B,9,5.298,-8.03,-55.27,13,1
P007,HRTF_B,9,5.311,-9.11,-55.24,13,1
P007,HRTF_B,9,5.325,-10.08,-55.14,13,1
P007,HRTF_B,9,5.339,-11.03,-54.98,13,1
P007,HRTF_B,9,5.353,-11.94,-54.79,13,1
P007,HRTF_B,9,5.367,-12.86,-54.58,13,1
P007,HRTF_B,9,5.381,-13.73,-54.26,13,1
P007,HRTF_B,9,5.395,-14.65,-54.03,13,1
P007,HRTF_B,9,5.409,-15.52,-53.68,13,1
P007,HRTF_B,9,5.423,-16.45,-53.31,13,1
P007,HRTF_B,9,5.436,-17.12,-52.76,13,1
P007,HRTF_B,9,5.45,-17.65,-52.09,13,1
P007,HRTF_B,9,5.464,-18.14,-51.3,13,1
P007,HRTF_B,9,5.478,-18.49,-50.44,13,1
P007,HRTF_B,9,5.492,-18.74,-49.58,13,1
P007,HRTF_B,9,5.506,-19.11,-48.6,13,1
P007,HRTF_B,9,5.52,-19.36,-47.73,13,1
P007,HRTF_B,9,5.534,-19.69,-46.86,13,1
P007,HRTF_B,9,5.548,-20.07,-46.04,13,1
P007,HRTF_B,9,5.561,-20.49,-45.24,13,1
P007,HRTF_B,9,5.575,-20.89,-44.37,13,1
P007,HRTF_B,9,5.589,-21.24,-43.43,13,1
P007,HRTF_B,9,5.603,-21.67,-42.45,13,1
P007,HRTF_B,9,5.617,-22.19,-41.42,13,1
P007,HRTF_B,9,5.631,-22.75,-40.42,13,1
P007,HRTF_B,9,5.644,-23.5,-39.5,13,1
P007,HRTF_B,9,5.658,-24.33,-38.64,13,1
P007,HRTF_B,9,5.672,-25.27,-37.89,13,1
P007,HRTF_B,9,5.687,-26.29,-37.12,13,1
P007,HRTF_B,9,5.7,-27.34,-36.24,13,1
P007,HRTF_B,9,5.714,-28.43,-35.27,13,1
P007,HRTF_B,9,5.728,-29.58,-34.17,13,1
P007,HRTF_B,9,5.742,-30.78,-32.99,13,1
P007,HRTF_B,9,5.755,-32.0,-31.65,13,1
P007,HRTF_B,9,5.77,-33.16,-30.16,13,1
P007,HRTF_B,9,5.783,-34.26,-28.57,13,1
P007,HRTF_B,9,5.797,-35.32,-26.89,13,1
P007,HRTF_B,9,5.811,-36.34,-25.18,13,1
P007,HRTF_B,9,5.825,-37.36,-23.39,13,1
P007,HRTF_B,9,5.839,-38.38,-21.58,13,1
P007,HRTF_B,9,5.853,-39.4,-19.74,13,1
P007,HRTF_B,9,5.867,-40.43,-17.92,13,1
P007,HRTF_B,9,5.88,-41.5,-16.18,13,1
P007,HRTF_B,9,5.894,-42.54,-14.41,13,1
P007,HRTF_B,9,5.908,-43.64,-12.73,13,1
P007,HRTF_B,9,5.922,-44.74,-11.1,13,1
P007,HRTF_B,9,5.936,-45.83,-9.47,13,1
P007,HRTF_B,9,5.95,-46.9,-7.93,13,1
P007,HRTF_B,9,5.964,-47.93,-6.47,13,1
P007,HRTF_B,9,5.978,-48.94,-5.08,13,1
P007,HRTF_B,9,5.992,-49.94,-3.79,13,1
P007,HRTF_B,9,6.006,-50.91,-2.61,13,1
P007,HRTF_B,9,6.02,-51.87,-1.5,13,1
P007,HRTF_B,9,6.033,-52.83,-0.48,13,1
P007,HRTF_B,9,6.047,-53.76,0.48,13,1
P007,HRTF_B,9,6.061,-54.67,1.35,13,1
P007,HRTF_B,9,6.075,-55.56,2.19,13,1
P007,HRTF_B,9,6.089,-56.45,2.97,13,1
P007,HRTF_B,9,6.103,-57.3,3.64,13,1
P007,HRTF_B,9,6.116,-58.16,4.26,13,1
P007,HRTF_B,9,6.131,-59.03,4.82,13,1
P007,HRTF_B,9,6.144,-59.89,5.34,13,1
P007,HRTF_B,9,6.158,-60.81,5.86,13,1
P007,HRTF_B,9,6.172,-61.71,6.37,13,1
P007,HRTF_B,9,6.186,-62.66,6.86,13,1
P007,HRTF_B,9,6.2,-63.62,7.35,13,1
P007,HRTF_B,9,6.214,-64.64,7.82,13,1
P007,HRTF_B,9,6.228,-65.68,8.32,13,1
P007,HRTF_B,9,6.242,-66.78,8.8,13,1
P007,HRTF_B,9,6.256,-67.95,9.17,13,1
P007,HRTF_B,9,6.269,-69.29,9.35,13,1
P007,HRTF_B,9,6.283,-70.73,9.45,13,1
P007,HRTF_B,9,6.297,-72.24,9.54,13,1
P007,HRTF_B,9,6.311,-73.76,9.7,13,1
P007,HRTF_B,9,6.325,-75.26,9.91,13,1
P007,HRTF_B,9,6.339,-76.76,10.17,13,1
P007,HRTF_B,9,6.353,-78.23,10.46,13,1
P007,HRTF_B,9,6.366,-79.67,10.76,13,1
P007,HRTF_B,9,6.38,-81.07,11.02,13,1
P007,HRTF_B,9,6.394,-82.41,11.24,13,1
P007,HRTF_B,9,6.408,-83.72,11.47,13,1
P007,HRTF_B,9,6.422,-84.95,11.66,13,1
P007,HRTF_B,9,6.436,-86.14,11.78,13,1
P007,HRTF_B,9,6.45,-87.28,11.87,13,1
P007,HRTF_B,9,6.463,-88.39,11.92,13,1
P007,HRTF_B,9,6.478,-89.45,11.98,13,1
P007,HRTF_B,9,6.491,-90.47,12.06,13,1
P007,HRTF_B,9,6.505,-91.44,12.16,13,1
P007,HRTF_B,9,6.519,-92.37,12.26,13,1
P007,HRTF_B,9,6.533,-93.27,12.39,13,1
P007,HRTF_B,9,6.547,-94.15,12.47,13,1
P007,HRTF_B,9,6.561,-95.02,12.49,13,1
P007,HRTF_B,9,6.575,-95.86,12.52,13,1
P007,HRTF_B,9,6.589,-96.69,12.53,13,1
P007,HRTF_B,9,6.603,-97.5,12.51,13,1
P007,HRTF_B,9,6.616,-98.28,12.46,13,1
P007,HRTF_B,9,6.63,-99.02,12.39,13,1
P007,HRTF_B,9,6.644,-99.75,12.32,13,1
P007,HRTF_B,9,6.658,-100.45,12.22,13,1
P007,HRTF_B,9,6.672,-101.12,12.1,13,1
P007,HRTF_B,9,6.686,-101.75,11.92,13,1
P007,HRTF_B,9,6.7,-102.36,11.7,13,1
P007,HRTF_B,9,6.713,-102.98,11.47,13,1
P007,HRTF_B,9,6.727,-103.58,11.27,13,1
P007,HRTF_B,9,6.741,-104.19,11.05,13,1
P007,HRTF_B,9,6.755,-104.83,10.79,13,1
P007,HRTF_B,9,6.769,-105.44,10.53,13,1
P007,HRTF_B,9,6.783,-106.03,10.2,13,1
P007,HRTF_B,9,6.797,-106.64,9.83,13,1
P007,HRTF_B,9,6.811,-107.25,9.43,13,1
P007,HRTF_B,9,6.825,-107.89,9.03,13,1
P007,HRTF_B,9,6.839,-108.59,8.67,13,1
P007,HRTF_B,9,6.852,-109.32,8.36,13,1
P007,HRTF_B,9,6.867,-110.1,8.13,13,1
P007,HRTF_B,9,6.88,-110.86,7.99,13,1
P007,HRTF_B,9,6.894,-111.64,7.92,13,1
P007,HRTF_B,9,6.908,-112.42,7.95,13,1
P007,HRTF_B,9,6.922,-113.17,8.1,13,1
P007,HRTF_B,9,6.936,-113.89,8.27,13,1
P007,HRTF_B,9,6.95,-114.59,8.42,13,1
P007,HRTF_B,9,6.964,-115.26,8.46,13,1
P007,HRTF_B,9,6.978,-115.87,8.39,13,1
P007,HRTF_B,9,6.992,-116.43,8.26,13,1
P007,HRTF_B,9,7.005,-116.96,8.09,13,1
P007,HRTF_B,9,7.02,-117.46,7.91,13,1
P007,HRTF_B,9,7.033,-117.93,7.7,13,1
P007,HRTF_B,9,7.047,-118.34,7.51,13,1
P007,HRTF_B,9,7.061,-118.71,7.33,13,1
P007,HRTF_B,9,7.074,-119.01,7.16,13,1
P007,HRTF_B,9,7.089,-119.29,6.98,13,1
P007,HRTF_B,9,7.103,-119.54,6.76,13,1
P007,HRTF_B,9,7.116,-119.74,6.5,13,1
P007,HRTF_B,9,7.13,-119.88,6.21,13,1
P007,HRTF_B,9,7.144,-119.96,5.9,13,1
P007,HRTF_B,9,7.158,-120.0,5.54,13,1
P007,HRTF_B,9,7.172,-119.97,5.15,13,1
P007,HRTF_B,9,7.186,-119.8,4.7,13,1
P007,HRTF_B,9,7.2,-119.49,4.2,13,1
P007,HRTF_B,9,7.213,-119.01,3.67,13,1
P007,HRTF_B,9,7.228,-118.38,3.17,13,1
P007,HRTF_B,9,7.242,-117.63,2.76,13,1
P007,HRTF_B,9,7.255,-116.75,2.36,13,1
P007,HRTF_B,9,7.269,-115.75,1.92,13,1
P007,HRTF_B,9,7.283,-114.66,1.52,13,1
P007,HRTF_B,9,7.297,-113.53,1.16,13,1
P007,HRTF_B,9,7.311,-112.42,0.81,13,1
P007,HRTF_B,9,7.325,-111.35,0.44,13,1
P007,HRTF_B,9,7.339,-110.32,0.02,13,1
P007,HRTF_B,9,7.353,-109.37,-0.4,13,1
P007,HRTF_B,9,7.366,-108.48,-0.73,13,1
P007,HRTF_B,9,7.38,-107.67,-0.94,13,1
P007,HRTF_B,9,7.394,-107.0,-1.02,13,1
P007,HRTF_B,9,7.408,-106.44,-1.06,13,1
P007,HRTF_B,9,7.422,-105.99,-1.07,13,1
P007,HRTF_B,9,7.436,-105.6,-1.1,13,1
P007,HRTF_B,9,7.45,-105.3,-1.15,13,1
P007,HRTF_B,9,7.464,-105.09,-1.15,13,1
P007,HRTF_B,9,7.477,-104.95,-1.2,13,1
P007,HRTF_B,9,7.491,-104.89,-1.21,13,1
P007,HRTF_B,9,7.505,-104.83,-1.25,13,1
P007,HRTF_B,9,7.519,-104.8,-1.28,13,1
P007,HRTF_B,9,7.533,-104.78,-1.25,13,1
P007,HRTF_B,9,7.547,-104.83,-1.19,13,1
P007,HRTF_B,9,7.561,-104.91,-1.18,13,1
P007,HRTF_B,9,7.574,-105.04,-1.21,13,1
P007,HRTF_B,9,7.588,-105.15,-1.29,13,1
P007,HRTF_B,9,7.602,-105.27,-1.42,13,1
P007,HRTF_B,9,7.616,-105.39,-1.58,13,1
P007,HRTF_B,9,7.63,-105.54,-1.73,13,1
P007,HRTF_B,9,7.644,-105.7,-1.99,13,1
P007,HRTF_B,9,7.658,-105.84,-2.4,13,1
P007,HRTF_B,9,7.672,-105.98,-3.01,13,1
P007,HRTF_B,9,7.686,-106.09,-3.79,13,1
P007,HRTF_B,9,7.7,-106.22,-4.71,13,1
P007,HRTF_B,9,7.714,-106.35,-5.77,13,1
P007,HRTF_B,9,7.727,-106.52,-6.97,13,1
P007,HRTF_B,9,7.741,-106.73,-8.35,13,1
P007,HRTF_B,9,7.755,-106.95,-9.82,13,1
P007,HRTF_B,9,7.769,-107.15,-11.39,13,1
P007,HRTF_B,9,7.783,-107.34,-12.94,13,1
P007,HRTF_B,9,7.797,-107.49,-14.47,13,1
P007,HRTF_B,9,7.81,-107.61,-15.97,13,1
P007,HRTF_B,9,7.824,-107.74,-17.53,13,1
P007,HRTF_B,9,7.838,-107.83,-19.06,13,1
P007,HRTF_B,9,7.852,-107.87,-20.49,13,1
P007,HRTF_B,9,7.866,-107.87,-21.85,13,1
P007,HRTF_B,9,7.88,-107.83,-23.12,13,1
P007,HRTF_B,9,7.894,-107.8,-24.29,13,1
P007,HRTF_B,9,7.908,-107.84,-25.6,13,1
P007,HRTF_B,9,7.922,-107.86,-27.03,13,1
P007,HRTF_B,9,7.936,-107.9,-28.46,13,1
P007,HRTF_B,9,7.949,-107.88,-29.74,13,1
P007,HRTF_B,9,7.964,-107.81,-30.87,13,1
P007,HRTF_B,9,7.977,-107.71,-31.88,13,1
P007,HRTF_B,9,7.991,-107.58,-32.81,13,1
P007,HRTF_B,9,8.005,-107.5,-33.73,13,1
P007,HRTF_B,9,8.019,-107.48,-34.67,13,1
P007,HRTF_B,9,8.033,-107.48,-35.57,13,1
P007,HRTF_B,9,8.047,-107.48,-36.4,13,1
P007,HRTF_B,9,8.061,-107.54,-37.15,13,1
P007,HRTF_B,9,8.074,-107.69,-37.9,13,1
P007,HRTF_B,9,8.089,-107.9,-38.63,13,1
P007,HRTF_B,9,8.102,-108.15,-39.35,13,1
P007,HRTF_B,9,8.116,-108.4,-40.02,13,1
P007,HRTF_B,9,8.13,-108.63,-40.63,13,1
P007,HRTF_B,9,8.144,-108.86,-41.21,13,1
P007,HRTF_B,9,8.158,-109.08,-41.76,13,1
P007,HRTF_B,9,8.172,-109.33,-42.3,13,1
P007,HRTF_B,9,8.186,-109.6,-42.82,13,1
P007,HRTF_B,9,8.2,-109.85,-43.33,13,1
P007,HRTF_B,9,8.213,-110.1,-43.81,13,1
P007,HRTF_B,9,8.227,-110.33,-44.25,13,1
P007,HRTF_B,9,8.241,-110.54,-44.69,13,1
P007,HRTF_B,9,8.255,-110.72,-45.14,13,1
P007,HRTF_B,9,8.269,-110.92,-45.59,13,1
P007,HRTF_B,9,8.283,-111.12,-46.02,13,1
P007,HRTF_B,9,8.297,-111.23,-46.45,13,1
P007,HRTF_B,9,8.311,-111.34,-46.84,13,1
P007,HRTF_B,9,8.325,-111.38,-47.2,13,1
P007,HRTF_B,9,8.339,-111.35,-47.51,13,1
P007,HRTF_B,9,8.353,-111.32,-47.74,13,1
P007,HRTF_B,9,8.367,-111.32,-47.93,13,1
P007,HRTF_B,9,8.38,-111.38,-48.09,13,1
P007,HRTF_B,9,8.394,-111.51,-48.3,13,1
P007,HRTF_B,9,8.408,-111.73,-48.54,13,1
P007,HRTF_B,9,8.422,-112.06,-48.76,13,1
P007,HRTF_B,9,8.436,-112.48,-48.93,13,1
P007,HRTF_B,9,8.45,-113.05,-49.04,13,1
P007,HRTF_B,9,8.463,-113.81,-49.11,13,1
P007,HRTF_B,9,8.477,-114.84,-49.18,13,1
P007,HRTF_B,9,8.491,-116.19,-49.18,13,1
P007,HRTF_B,9,8.505,-117.86,-49.09,13,1
P007,HRTF_B,9,8.522,-120.27,-48.86,13,1
P007,HRTF_B,9,8.533,-123.31,-48.44,13,1
P007,HRTF_B,9,8.547,-127.07,-47.79,13,1
P007,HRTF_B,9,8.561,-131.38,-46.85,13,1
P007,HRTF_B,9,8.575,-135.92,-45.57,13,1
P007,HRTF_B,9,8.588,-140.51,-43.97,13,1
P007,HRTF_B,9,8.602,-145.03,-42.25,13,1
P007,HRTF_B,9,8.616,-149.43,-40.54,13,1
P007,HRTF_B,9,8.63,-153.71,-38.93,13,1
P007,HRTF_B,9,8.644,-157.89,-37.41,13,1
P007,HRTF_B,9,8.658,-161.91,-35.85,13,1
P007,HRTF_B,9,8.672,-165.71,-34.18,13,1
P007,HRTF_B,9,8.686,-169.3,-32.47,13,1
P007,HRTF_B,9,8.7,-172.66,-30.82,13,1
P007,HRTF_B,9,8.713,-175.73,-29.26,13,1
P007,HRTF_B,9,8.727,-178.56,-27.84,13,1
P007,HRTF_B,9,8.741,178.87,-26.51,13,1
P007,HRTF_B,9,8.755,176.51,-25.21,13,1
P007,HRTF_B,9,8.769,174.68,-24.02,13,1
P007,HRTF_B,9,8.783,172.92,-22.93,13,1
P007,HRTF_B,9,8.797,171.42,-22.03,13,1
P007,HRTF_B,9,8.811,170.34,-21.13,13,1
P007,HRTF_B,9,8.825,169.4,-20.39,13,1
P007,HRTF_B,9,8.839,168.62,-19.63,13,1
P007,HRTF_B,9,8.852,168.07,-18.91,13,1
P007,HRTF_B,9,8.866,167.63,-18.18,13,1
P007,HRTF_B,9,8.881,167.43,-17.47,13,1
P007,HRTF_B,9,8.894,167.43,-16.77,13,1
P007,HRTF_B,9,8.908,167.47,-16.11,13,1
P007,HRTF_B,9,8.922,167.56,-15.43,13,1
P007,HRTF_B,9,8.936,167.69,-14.73,13,1
P007,HRTF_B,9,8.95,167.78,-14.01,13,1
P007,HRTF_B,9,8.964,167.88,-13.26,13,1
P007,HRTF_B,9,8.978,167.94,-12.52,13,1
P007,HRTF_B,9,8.991,167.94,-11.84,13,1
P007,HRTF_B,9,9.005,167.89,-11.22,13,1
P007,HRTF_B,9,9.019,167.73,-10.64,13,1
P007,HRTF_B,9,9.033,167.53,-10.07,13,1
P007,HRTF_B,9,9.047,167.31,-9.54,13,1
P007,HRTF_B,9,9.061,167.01,-9.1,13,1
P007,HRTF_B,9,9.074,166.66,-8.74,13,1
P007,HRTF_B,9,9.089,166.24,-8.47,13,1
P007,HRTF_B,9,9.102,165.79,-8.22,13,1
P007,HRTF_B,9,9.116,165.33,-7.97,13,1
P007,HRTF_B,9,9.13,164.93,-7.71,13,1
P007,HRTF_B,9,9.145,164.6,-7.49,13,1
P007,HRTF_B,9,9.158,164.3,-7.33,13,1
P007,HRTF_B,9,9.172,164.01,-7.2,13,1
P007,HRTF_B,9,9.186,163.88,-7.06,13,1
P007,HRTF_B,9,9.2,163.77,-6.93,13,1
P007,HRTF_B,9,9.213,163.75,-6.78,13,1
P007,HRTF_B,9,9.227,163.76,-6.67,13,1
P007,HRTF_B,9,9.241,163.74,-6.64,13,1
P007,HRTF_B,9,9.255,163.61,-6.66,13,1
P007,HRTF_B,9,9.269,163.42,-6.65,13,1
P007,HRTF_B,9,9.283,163.23,-6.6,13,1
P007,HRTF_B,9,9.297,163.05,-6.49,13,1
P007,HRTF_B,9,9.311,162.85,-6.46,13,1
P007,HRTF_B,9,9.325,162.57,-6.55,13,1
P007,HRTF_B,9,9.339,162.19,-6.68,13,1
P007,HRTF_B,9,9.352,161.78,-6.76,13,1
P007,HRTF_B,9,9.366,161.4,-6.8,13,1
P007,HRTF_B,9,9.38,161.05,-6.83,13,1
P007,HRTF_B,9,9.394,160.69,-6.9,13,1
P007,HRTF_B,9,9.408,160.32,-6.99,13,1
P007,HRTF_B,9,9.422,159.93,-7.09,13,1
P007,HRTF_B,9,9.436,159.56,-7.15,13,1
P007,HRTF_B,9,9.45,159.25,-7.15,13,1
P007,HRTF_B,9,9.464,159.0,-7.13,13,1
P007,HRTF_B,9,9.478,158.75,-7.11,13,1
P007,HRTF_B,9,9.491,158.47,-7.1,13,1
P007,HRTF_B,9,9.505,158.19,-7.07,13,1
P007,HRTF_B,9,9.519,157.95,-6.99,13,1
P007,HRTF_B,9,9.533,157.75,-6.86,13,1
P007,HRTF_B,9,9.547,157.57,-6.72,13,1
P007,HRTF_B,9,9.561,157.41,-6.57,13,1
P007,HRTF_B,9,9.575,157.26,-6.4,13,1
P007,HRTF_B,9,9.588,157.11,-6.19,13,1
P007,HRTF_B,9,9.603,157.02,-5.94,13,1
P007,HRTF_B,9,9.616,156.99,-5.63,13,1
P007,HRTF_B,9,9.63,157.02,-5.33,13,1
P007,HRTF_B,9,9.644,157.04,-5.09,13,1
P007,HRTF_B,9,9.658,157.04,-4.92,13,1
P007,HRTF_B,9,9.672,157.0,-4.79,13,1
P007,HRTF_B,9,9.686,156.97,-4.65,13,1
P007,HRTF_B,9,9.7,157.0,-4.49,13,1
P007,HRTF_B,10,0.011,-11.24,-3.54,31,1
P007,HRTF_B,11,0.014,-9.96,1.03,21,1
P007,HRTF_B,11,0.023,-9.74,1.03,21,1
P007,HRTF_B,11,0.036,-9.56,1.0,21,1
P007,HRTF_B,11,0.05,-9.42,0.93,21,1
P007,HRTF_B,11,0.074,-9.3,0.84,21,1
P007,HRTF_B,11,0.088,-9.17,0.78,21,1
P007,HRTF_B,11,0.102,-9.06,0.71,21,1
P007,HRTF_B,11,0.116,-8.99,0.61,21,1
P007,HRTF_B,11,0.13,-8.95,0.51,21,1
P007,HRTF_B,11,0.144,-8.95,0.42,21,1
P007,HRTF_B,11,0.158,-8.98,0.34,21,1
P007,HRTF_B,11,0.172,-9.05,0.22,21,1
P007,HRTF_B,11,0.186,-9.2,0.05,21,1
P007,HRTF_B,11,0.2,-9.45,-0.21,21,1
P007,HRTF_B,11,0.213,-9.81,-0.56,21,1
P007,HRTF_B,11,0.227,-10.35,-1.01,21,1
P007,HRTF_B,11,0.241,-11.07,-1.61,21,1
P007,HRTF_B,11,0.255,-11.96,-2.36,21,1
P007,HRTF_B,11,0.269,-13.04,-3.35,21,1
P007,HRTF_B,11,0.283,-14.25,-4.48,21,1
P007,HRTF_B,11,0.297,-15.62,-5.69,21,1
P007,HRTF_B,11,0.31,-17.11,-7.03,21,1
P007,HRTF_B,11,0.325,-18.7,-8.56,21,1
P007,HRTF_B,11,0.338,-20.3,-10.27,21,1
P007,HRTF_B,11,0.354,-21.9,-11.95,21,1
P007,HRTF_B,11,0.366,-23.46,-13.51,21,1
P007,HRTF_B,11,0.38,-24.95,-15.02,21,1
P007,HRTF_B,11,0.394,-26.34,-16.56,21,1
P007,HRTF_B,11,0.409,-27.58,-18.15,21,1
P007,HRTF_B,11,0.422,-28.67,-19.7,21,1
P007,HRTF_B,11,0.436,-29.61,-21.14,21,1
P007,HRTF_B,11,0.45,-30.4,-22.44,21,1
P007,HRTF_B,11,0.464,-31.01,-23.72,21,1
P007,HRTF_B,11,0.477,-31.47,-25.01,21,1
P007,HRTF_B,11,0.491,-31.65,-26.35,21,1
P007,HRTF_B,11,0.505,-31.65,-27.69,21,1
P007,HRTF_B,11,0.519,-31.44,-29.02,21,1
P007,HRTF_B,11,0.533,-31.04,-30.31,21,1
P007,HRTF_B,11,0.547,-30.56,-31.68,21,1
P007,HRTF_B,11,0.561,-30.05,-33.13,21,1
P007,HRTF_B,11,0.575,-29.55,-34.61,21,1
P007,HRTF_B,11,0.589,-29.04,-36.11,21,1
P007,HRTF_B,11,0.603,-28.52,-37.59,21,1
P007,HRTF_B,11,0.617,-27.98,-39.02,21,1
P007,HRTF_B,11,0.63,-27.45,-40.4,21,1
P007,HRTF_B,11,0.645,-26.93,-41.69,21,1
P007,HRTF_B,11,0.658,-26.48,-42.9,21,1
P007,HRTF_B,11,0.672,-26.02,-44.02,21,1
P007,HRTF_B,11,0.686,-25.54,-45.02,21,1
P007,HRTF_B,11,0.7,-25.02,-45.91,21,1
P007,HRTF_B,11,0.714,-24.46,-46.72,21,1
P007,HRTF_B,11,0.728,-23.88,-47.41,21,1
P007,HRTF_B,11,0.741,-23.35,-47.98,21,1
P007,HRTF_B,11,0.755,-22.79,-48.42,21,1
P007,HRTF_B,11,0.769,-22.24,-48.75,21,1
P007,HRTF_B,11,0.784,-21.61,-49.05,21,1
P007,HRTF_B,11,0.797,-20.93,-49.33,21,1
P007,HRTF_B,11,0.811,-20.28,-49.61,21,1
P007,HRTF_B,11,0.825,-19.63,-49.86,21,1
P007,HRTF_B,11,0.839,-19.01,-50.08,21,1
P007,HRTF_B,11,0.853,-18.39,-50.25,21,1
P007,HRTF_B,11,0.867,-17.71,-50.4,21,1
P007,HRTF_B,11,0.88,-17.01,-50.58,21,1
P007,HRTF_B,11,0.894,-16.34,-50.71,21,1
P007,HRTF_B,11,0.908,-15.7,-50.8,21,1
P007,HRTF_B,11,0.922,-15.02,-50.79,21,1
P007,HRTF_B,11,0.936,-14.28,-50.64,21,1
P007,HRTF_B,11,0.95,-13.45,-50.42,21,1
P007,HRTF_B,11,0.964,-12.53,-50.08,21,1
P007,HRTF_B,11,0.978,-11.54,-49.73,21,1
P007,HRTF_B,11,0.992,-10.43,-49.33,21,1
P007,HRTF_B,11,1.005,-9.21,-48.83,21,1
P007,HRTF_B,11,1.019,-7.81,-48.2,21,1
P007,HRTF_B,11,1.034,-6.27,-47.35,21,1
P007,HRTF_B,11,1.047,-4.61,-46.37,21,1
P007,HRTF_B,11,1.061,-2.89,-45.29,21,1
P007,HRTF_B,11,1.075,-1.13,-44.2,21,1
P007,HRTF_B,11,1.089,0.68,-43.07,21,1
P007,HRTF_B,11,1.103,2.54,-41.95,21,1
P007,HRTF_B,11,1.117,4.44,-40.82,21,1
P007,HRTF_B,11,1.13,6.38,-39.69,21,1
P007,HRTF_B,11,1.144,8.35,-38.68,21,1
P007,HRTF_B,11,1.158,10.33,-37.73,21,1
P007,HRTF_B,11,1.172,12.31,-36.85,21,1
P007,HRTF_B,11,1.186,14.25,-35.95,21,1
P007,HRTF_B,11,1.2,16.14,-35.0,21,1
P007,HRTF_B,11,1.214,17.97,-33.99,21,1
P007,HRTF_B,11,1.228,19.77,-32.99,21,1
P007,HRTF_B,11,1.242,21.55,-31.95,21,1
P007,HRTF_B,11,1.256,23.31,-30.83,21,1
P007,HRTF_B,11,1.269,25.09,-29.7,21,1
P007,HRTF_B,11,1.283,26.84,-28.59,21,1
P007,HRTF_B,11,1.297,28.56,-27.44,21,1
P007,HRTF_B,11,1.311,30.19,-26.3,21,1
P007,HRTF_B,11,1.325,31.89,-25.2,21,1
P007,HRTF_B,11,1.339,33.51,-24.01,21,1
P007,HRTF_B,11,1.353,35.26,-22.86,21,1
P007,HRTF_B,11,1.367,37.1,-21.78,21,1
P007,HRTF_B,11,1.38,38.96,-20.73,21,1
P007,HRTF_B,11,1.394,40.8,-19.8,21,1
P007,HRTF_B,11,1.408,42.44,-18.86,21,1
P007,HRTF_B,11,1.422,43.95,-17.98,21,1
P007,HRTF_B,11,1.436,45.37,-17.15,21,1
P007,HRTF_B,11,1.45,46.65,-16.31,21,1
P007,HRTF_B,11,1.464,47.88,-15.55,21,1
P007,HRTF_B,11,1.478,49.0,-14.87,21,1
P007,HRTF_B,11,1.492,50.07,-14.28,21,1
P007,HRTF_B,11,1.505,51.1,-13.71,21,1
P007,HRTF_B,11,1.519,52.14,-13.18,21,1
P007,HRTF_B,11,1.533,53.2,-12.65,21,1
P007,HRTF_B,11,1.547,54.28,-12.15,21,1
P007,HRTF_B,11,1.561,55.38,-11.67,21,1
P007,HRTF_B,11,1.575,56.54,-11.19,21,1
P007,HRTF_B,11,1.589,57.76,-10.69,21,1
P007,HRTF_B,11,1.603,59.01,-10.2,21,1
P007,HRTF_B,11,1.617,60.29,-9.73,21,1
P007,HRTF_B,11,1.63,61.55,-9.25,21,1
P007,HRTF_B,11,1.644,62.8,-8.81,21,1
P007,HRTF_B,11,1.658,63.99,-8.36,21,1
P007,HRTF_B,11,1.672,65.15,-7.92,21,1
P007,HRTF_B,11,1.686,66.29,-7.45,21,1
P007,HRTF_B,11,1.7,67.34,-6.99,21,1
P007,HRTF_B,11,1.714,68.33,-6.53,21,1
P007,HRTF_B,11,1.728,69.24,-6.07,21,1
P007,HRTF_B,11,1.741,70.09,-5.64,21,1
P007,HRTF_B,11,1.755,70.89,-5.22,21,1
P007,HRTF_B,11,1.769,71.66,-4.78,21,1
P007,HRTF_B,11,1.783,72.4,-4.36,21,1
P007,HRTF_B,11,1.797,73.08,-3.95,21,1
P007,HRTF_B,11,1.811,73.69,-3.55,21,1
P007,HRTF_B,11,1.825,74.29,-3.16,21,1
P007,HRTF_B,11,1.839,74.85,-2.79,21,1
P007,HRTF_B,11,1.852,75.4,-2.4,21,1
P007,HRTF_B,11,1.866,75.89,-1.98,21,1
P007,HRTF_B,11,1.88,76.31,-1.53,21,1
P007,HRTF_B,11,1.894,76.66,-1.07,21,1
P007,HRTF_B,11,1.908,76.99,-0.61,21,1
P007,HRTF_B,11,1.922,77.33,-0.18,21,1
P007,HRTF_B,11,1.936,77.65,0.29,21,1
P007,HRTF_B,11,1.95,77.96,0.81,21,1
P007,HRTF_B,11,1.964,78.2,1.38,21,1
P007,HRTF_B,11,1.978,78.41,1.94,21,1
P007,HRTF_B,11,1.991,78.67,2.41,21,1
P007,HRTF_B,11,2.005,78.94,2.87,21,1
P007,HRTF_B,11,2.019,79.26,3.35,21,1
P007,HRTF_B,11,2.033,79.56,3.84,21,1
P007,HRTF_B,11,2.047,79.81,4.28,21,1
P007,HRTF_B,11,2.061,80.04,4.53,21,1
P007,HRTF_B,11,2.075,80.27,4.56,21,1
P007,HRTF_B,11,2.089,80.56,4.44,21,1
P007,HRTF_B,11,2.102,80.93,4.24,21,1
P007,HRTF_B,11,2.116,81.36,4.04,21,1
P007,HRTF_B,11,2.13,81.85,3.75,21,1
P007,HRTF_B,11,2.144,82.36,3.15,21,1
P007,HRTF_B,11,2.158,82.88,2.28,21,1
P007,HRTF_B,11,2.172,83.44,1.12,21,1
P007,HRTF_B,11,2.185,84.0,-0.37,21,1
P007,HRTF_B,11,2.2,84.56,-2.18,21,1
P007,HRTF_B,11,2.213,85.03,-4.21,21,1
P007,HRTF_B,11,2.227,85.38,-6.4,21,1
P007,HRTF_B,11,2.242,85.58,-8.7,21,1
P007,HRTF_B,11,2.255,85.73,-11.1,21,1
P007,HRTF_B,11,2.269,85.83,-13.56,21,1
P007,HRTF_B,11,2.283,85.93,-15.96,21,1
P007,HRTF_B,11,2.297,86.0,-18.35,21,1
P007,HRTF_B,11,2.311,86.03,-20.77,21,1
P007,HRTF_B,11,2.325,85.99,-23.2,21,1
P007,HRTF_B,11,2.339,85.92,-25.54,21,1
P007,HRTF_B,11,2.353,85.83,-27.73,21,1
P007,HRTF_B,11,2.367,85.77,-29.72,21,1
P007,HRTF_B,11,2.38,85.72,-31.52,21,1
P007,HRTF_B,11,2.394,85.67,-33.17,21,1
P007,HRTF_B,11,2.408,85.54,-34.93,21,1
P007,HRTF_B,11,2.422,85.41,-36.68,21,1
P007,HRTF_B,11,2.436,85.21,-38.3,21,1
P007,HRTF_B,11,2.45,85.08,-39.7,21,1
P007,HRTF_B,11,2.464,84.97,-40.91,21,1
P007,HRTF_B,11,2.478,84.89,-41.92,21,1
P007,HRTF_B,11,2.491,84.7,-42.83,21,1
P007,HRTF_B,11,2.505,84.67,-43.64,21,1
P007,HRTF_B,11,2.519,84.63,-44.4,21,1
P007,HRTF_B,11,2.533,84.54,-45.0,21,1
P007,HRTF_B,11,2.547,84.53,-45.48,21,1
P007,HRTF_B,11,2.561,84.59,-45.88,21,1
P007,HRTF_B,11,2.575,84.69,-46.22,21,1
P007,HRTF_B,11,2.589,84.82,-46.53,21,1
P007,HRTF_B,11,2.602,84.95,-46.85,21,1
P007,HRTF_B,11,2.617,85.09,-47.19,21,1
P007,HRTF_B,11,2.63,85.22,-47.53,21,1
P007,HRTF_B,11,2.644,85.35,-47.86,21,1
P007,HRTF_B,11,2.658,85.47,-48.24,21,1
P007,HRTF_B,11,2.672,85.61,-48.64,21,1
P007,HRTF_B,11,2.686,85.77,-49.05,21,1
P007,HRTF_B,11,2.7,85.98,-49.47,21,1
P007,HRTF_B,11,2.714,86.26,-49.88,21,1
P007,HRTF_B,11,2.728,86.58,-50.27,21,1
P007,HRTF_B,11,2.742,86.97,-50.67,21,1
P007,HRTF_B,11,2.755,87.43,-51.08,21,1
P007,HRTF_B,11,2.769,87.98,-51.5,21,1
P007,HRTF_B,11,2.783,88.67,-51.78,21,1
P007,HRTF_B,11,2.797,89.48,-51.94,21,1
P007,HRTF_B,11,2.811,90.47,-51.95,21,1
P007,HRTF_B,11,2.825,91.58,-51.75,21,1
P007,HRTF_B,11,2.839,93.12,-51.4,21,1
P007,HRTF_B,11,2.853,94.84,-50.81,21,1
P007,HRTF_B,11,2.867,96.65,-49.98,21,1
P007,HRTF_B,11,2.88,98.72,-48.92,21,1
P007,HRTF_B,11,2.894,100.9,-47.7,21,1
P007,HRTF_B,11,2.908,103.18,-46.27,21,1
P007,HRTF_B,11,2.922,105.53,-44.79,21,1
P007,HRTF_B,11,2.936,107.9,-43.29,21,1
P007,HRTF_B,11,2.95,110.26,-41.76,21,1
P007,HRTF_B,11,2.964,112.63,-40.27,21,1
P007,HRTF_B,11,2.978,114.97,-38.82,21,1
P007,HRTF_B,11,2.991,117.22,-37.48,21,1
P007,HRTF_B,11,3.005,119.43,-36.26,21,1
P007,HRTF_B,11,3.019,121.53,-35.16,21,1
P007,HRTF_B,11,3.033,123.5,-34.2,21,1
P007,HRTF_B,11,3.047,125.34,-33.38,21,1
P007,HRTF_B,11,3.061,127.03,-32.63,21,1
P007,HRTF_B,11,3.075,128.61,-31.91,21,1
P007,HRTF_B,11,3.089,130.04,-31.19,21,1
P007,HRTF_B,11,3.103,131.3,-30.49,21,1
P007,HRTF_B,11,3.116,132.39,-29.79,21,1
P007,HRTF_B,11,3.13,133.35,-29.12,21,1
P007,HRTF_B,11,3.144,134.16,-28.44,21,1
P007,HRTF_B,11,3.158,134.83,-27.71,21,1
P007,HRTF_B,11,3.172,135.36,-26.91,21,1
P007,HRTF_B,11,3.186,135.73,-26.02,21,1
P007,HRTF_B,11,3.2,135.96,-25.03,21,1
P007,HRTF_B,11,3.214,136.07,-23.95,21,1
P007,HRTF_B,11,3.227,136.11,-22.8,21,1
P007,HRTF_B,11,3.242,136.09,-21.6,21,1
P007,HRTF_B,11,3.255,136.0,-20.28,21,1
P007,HRTF_B,11,3.269,135.86,-18.91,21,1
P007,HRTF_B,11,3.283,135.76,-17.48,21,1
P007,HRTF_B,11,3.297,135.7,-16.12,21,1
P007,HRTF_B,11,3.311,135.71,-14.77,21,1
P007,HRTF_B,11,3.325,135.78,-13.45,21,1
P007,HRTF_B,11,3.338,135.91,-12.2,21,1
P007,HRTF_B,11,3.353,136.07,-10.95,21,1
P007,HRTF_B,11,3.366,136.22,-9.75,21,1
P007,HRTF_B,11,3.38,136.38,-8.61,21,1
P007,HRTF_B,11,3.394,136.61,-7.55,21,1
P007,HRTF_B,11,3.408,136.88,-6.52,21,1
P007,HRTF_B,11,3.422,137.18,-5.48,21,1
P007,HRTF_B,11,3.436,137.47,-4.42,21,1
P007,HRTF_B,11,3.45,137.73,-3.33,21,1
P007,HRTF_B,11,3.464,137.93,-2.28,21,1
P007,HRTF_B,11,3.477,138.14,-1.32,21,1
P007,HRTF_B,11,3.491,138.35,-0.42,21,1
P007,HRTF_B,11,3.505,138.57,0.39,21,1
P007,HRTF_B,11,3.519,138.79,1.1,21,1
P007,HRTF_B,11,3.533,138.94,1.75,21,1
P007,HRTF_B,11,3.547,139.08,2.27,21,1
P007,HRTF_B,11,3.561,139.21,2.64,21,1
P007,HRTF_B,11,3.575,139.35,2.93,21,1
P007,HRTF_B,11,3.588,139.5,3.09,21,1
P007,HRTF_B,11,3.603,139.66,3.21,21,1
P007,HRTF_B,11,3.616,139.79,3.32,21,1
P007,HRTF_B,11,3.63,139.84,3.36,21,1
P007,HRTF_B,11,3.644,139.83,3.31,21,1
P007,HRTF_B,11,3.658,139.83,3.17,21,1
P007,HRTF_B,11,3.672,139.83,2.99,21,1
P007,HRTF_B,11,3.686,139.82,2.81,21,1
P007,HRTF_B,11,3.7,139.74,2.63,21,1
P007,HRTF_B,11,3.713,139.55,2.41,21,1
P007,HRTF_B,11,3.728,139.21,2.19,21,1
P007,HRTF_B,11,3.742,138.74,2.0,21,1
P007,HRTF_B,11,3.755,138.17,1.84,21,1
P007,HRTF_B,11,3.769,137.52,1.7,21,1
P007,HRTF_B,11,3.783,136.82,1.55,21,1
P007,HRTF_B,11,3.796,136.09,1.36,21,1
P007,HRTF_B,11,3.81,135.36,1.21,21,1
P007,HRTF_B,11,3.825,134.65,1.06,21,1
P007,HRTF_B,11,3.839,134.02,0.93,21,1
P007,HRTF_B,11,3.852,133.54,0.8,21,1
P007,HRTF_B,11,3.866,133.17,0.7,21,1
P007,HRTF_B,11,3.88,132.92,0.59,21,1
P007,HRTF_B,11,3.894,132.74,0.52,21,1
P007,HRTF_B,11,3.907,132.63,0.46,21,1
P007,HRTF_B,11,3.922,132.55,0.37,21,1
P007,HRTF_B,11,3.936,132.5,0.27,21,1
P007,HRTF_B,11,3.949,132.49,0.17,21,1
P007,HRTF_B,11,3.963,132.51,0.1,21,1
P007,HRTF_B,11,3.977,132.52,0.03,21,1
P007,HRTF_B,11,3.991,132.48,-0.08,21,1
P007,HRTF_B,11,4.005,132.36,-0.28,21,1
P007,HRTF_B,11,4.019,132.13,-0.56,21,1
P007,HRTF_B,11,4.033,131.78,-0.92,21,1
P007,HRTF_B,11,4.047,131.19,-1.42,21,1
P007,HRTF_B,11,4.061,130.18,-2.16,21,1
P007,HRTF_B,11,4.075,128.51,-3.2,21,1
P007,HRTF_B,11,4.088,126.14,-4.56,21,1
P007,HRTF_B,11,4.102,123.23,-6.03,21,1
P007,HRTF_B,11,4.116,119.96,-7.1,21,1
P007,HRTF_B,11,4.13,116.55,-8.03,21,1
P007,HRTF_B,11,4.144,113.05,-8.92,21,1
P007,HRTF_B,11,4.158,109.56,-9.83,21,1
P007,HRTF_B,11,4.172,106.19,-10.71,21,1
P007,HRTF_B,11,4.186,102.95,-11.46,21,1
P007,HRTF_B,11,4.2,99.85,-12.06,21,1
P007,HRTF_B,11,4.213,96.9,-12.58,21,1
P007,HRTF_B,11,4.227,94.1,-13.07,21,1
P007,HRTF_B,11,4.241,91.46,-13.56,21,1
P007,HRTF_B,11,4.255,89.04,-13.94,21,1
P007,HRTF_B,11,4.269,86.83,-14.22,21,1
P007,HRTF_B,11,4.283,84.91,-14.37,21,1
P007,HRTF_B,11,4.297,83.28,-14.34,21,1
P007,HRTF_B,11,4.311,81.91,-14.19,21,1
P007,HRTF_B,11,4.325,80.85,-13.93,21,1
P007,HRTF_B,11,4.339,80.05,-13.66,21,1
P007,HRTF_B,11,4.352,79.38,-13.43,21,1
P007,HRTF_B,11,4.367,78.88,-13.22,21,1
P007,HRTF_B,11,4.38,78.55,-12.88,21,1
P007,HRTF_B,11,4.394,78.4,-12.46,21,1
P007,HRTF_B,11,4.408,78.35,-11.99,21,1
P007,HRTF_B,11,4.422,78.31,-11.56,21,1
P007,HRTF_B,11,4.436,78.22,-11.19,21,1
P007,HRTF_B,11,4.45,78.11,-10.87,21,1
P007,HRTF_B,11,4.464,77.99,-10.53,21,1
P007,HRTF_B,11,4.477,77.91,-10.23,21,1
P007,HRTF_B,11,4.491,77.82,-9.97,21,1
P007,HRTF_B,11,4.505,77.68,-9.81,21,1
P007,HRTF_B,11,4.519,77.47,-9.7,21,1
P007,HRTF_B,11,4.533,77.2,-9.58,21,1
P007,HRTF_B,11,4.547,76.92,-9.43,21,1
P007,HRTF_B,11,4.561,76.62,-9.23,21,1
P007,HRTF_B,11,4.575,76.32,-8.98,21,1
P007,HRTF_B,11,4.589,76.05,-8.65,21,1
P007,HRTF_B,11,4.602,75.75,-8.21,21,1
P007,HRTF_B,11,4.617,75.42,-7.65,21,1
P007,HRTF_B,11,4.63,75.09,-7.02,21,1
P007,HRTF_B,11,4.644,74.72,-6.33,21,1
P007,HRTF_B,11,4.658,74.3,-5.63,21,1
P007,HRTF_B,11,4.672,73.82,-4.87,21,1
P007,HRTF_B,11,4.686,73.29,-4.03,21,1
P007,HRTF_B,11,4.7,72.76,-3.15,21,1
P007,HRTF_B,11,4.714,72.17,-2.22,21,1
P007,HRTF_B,11,4.727,71.55,-1.32,21,1
P007,HRTF_B,11,4.742,70.9,-0.42,21,1
P007,HRTF_B,11,4.755,70.24,0.5,21,1
P007,HRTF_B,11,4.769,69.59,1.44,21,1
P007,HRTF_B,11,4.783,68.93,2.34,21,1
P007,HRTF_B,11,4.797,68.17,3.18,21,1
P007,HRTF_B,11,4.811,67.42,4.0,21,1
P007,HRTF_B,11,4.826,66.78,4.77,21,1
P007,HRTF_B,11,4.839,66.1,5.55,21,1
P007,HRTF_B,11,4.852,65.44,6.35,21,1
P007,HRTF_B,11,4.867,64.8,7.14,21,1
P007,HRTF_B,11,4.88,64.15,7.89,21,1
P007,HRTF_B,11,4.894,63.48,8.6,21,1
P007,HRTF_B,11,4.908,62.74,9.27,21,1
P007,HRTF_B,11,4.922,62.17,9.97,21,1
P007,HRTF_B,11,4.936,61.54,10.6,21,1
P007,HRTF_B,11,4.95,60.88,11.22,21,1
P007,HRTF_B,11,4.964,60.19,11.84,21,1
P007,HRTF_B,11,4.977,59.49,12.44,21,1
P007,HRTF_B,11,4.991,58.81,13.03,21,1
P007,HRTF_B,11,5.005,58.08,13.58,21,1
P007,HRTF_B,11,5.019,57.45,14.05,21,1
P007,HRTF_B,11,5.033,56.64,14.45,21,1
P007,HRTF_B,11,5.047,55.89,14.87,21,1
P007,HRTF_B,11,5.061,55.14,15.3,21,1
P007,HRTF_B,11,5.074,54.37,15.71,21,1
P007,HRTF_B,11,5.088,53.59,16.13,21,1
P007,HRTF_B,11,5.103,52.78,16.45,21,1
P007,HRTF_B,11,5.116,51.95,16.75,21,1
P007,HRTF_B,11,5.13,51.09,17.01,21,1
P007,HRTF_B,11,5.146,50.2,17.27,21,1
P007,HRTF_B,11,5.158,49.27,17.54,21,1
P007,HRTF_B,11,5.172,48.3,17.82,21,1
P007,HRTF_B,11,5.186,47.3,18.1,21,1
P007,HRTF_B,11,5.199,46.3,18.35,21,1
P007,HRTF_B,11,5.213,45.29,18.54,21,1
P007,HRTF_B,11,5.227,44.27,18.74,21,1
P007,HRTF_B,11,5.241,43.28,18.88,21,1
P007,HRTF_B,11,5.255,42.31,19.02,21,1
P007,HRTF_B,11,5.269,41.34,19.14,21,1
P007,HRTF_B,11,5.283,40.43,19.24,21,1
P007,HRTF_B,11,5.297,39.53,19.36,21,1
P007,HRTF_B,11,5.311,38.71,19.45,21,1
P007,HRTF_B,11,5.325,37.94,19.51,21,1
P007,HRTF_B,11,5.339,37.18,19.55,21,1
P007,HRTF_B,11,5.353,36.45,19.6,21,1
P007,HRTF_B,11,5.366,35.75,19.63,21,1
P007,HRTF_B,11,5.38,35.12,19.62,21,1
P007,HRTF_B,11,5.394,34.54,19.61,21,1
P007,HRTF_B,11,5.409,33.98,19.59,21,1
P007,HRTF_B,11,5.422,33.45,19.56,21,1
P007,HRTF_B,11,5.436,32.95,19.55,21,1
P007,HRTF_B,11,5.45,32.48,19.53,21,1
P007,HRTF_B,11,5.465,32.08,19.49,21,1
P007,HRTF_B,11,5.477,31.73,19.43,21,1
P007,HRTF_B,11,5.491,31.41,19.33,21,1
P007,HRTF_B,11,5.505,31.08,19.21,21,1
P007,HRTF_B,11,5.519,30.75,19.11,21,1
P007,HRTF_B,11,5.533,30.46,19.02,21,1
P007,HRTF_B,11,5.547,30.2,18.97,21,1
P007,HRTF_B,11,5.561,29.96,18.92,21,1
P007,HRTF_B,11,5.575,29.72,18.84,21,1
P007,HRTF_B,11,5.589,29.45,18.73,21,1
P007,HRTF_B,11,5.603,29.14,18.6,21,1
P007,HRTF_B,11,5.616,28.81,18.48,21,1
P007,HRTF_B,11,5.63,28.48,18.34,21,1
P007,HRTF_B,11,5.644,28.17,18.22,21,1
P007,HRTF_B,11,5.658,27.85,18.1,21,1
P007,HRTF_B,11,5.672,27.54,18.0,21,1
P007,HRTF_B,11,5.686,27.2,17.88,21,1
P007,HRTF_B,11,5.7,26.84,17.77,21,1
P007,HRTF_B,11,5.714,26.45,17.67,21,1
P007,HRTF_B,11,5.728,26.08,17.59,21,1
P007,HRTF_B,11,5.741,25.73,17.48,21,1
P007,HRTF_B,11,5.755,25.4,17.4,21,1
P007,HRTF_B,11,5.769,25.05,17.35,21,1
P007,HRTF_B,11,5.785,24.72,17.3,21,1
P007,HRTF_B,11,5.797,24.37,17.26,21,1
P007,HRTF_B,11,5.811,24.02,17.24,21,1
P007,HRTF_B,11,5.825,23.68,17.2,21,1
P007,HRTF_B,11,5.838,23.35,17.15,21,1
P007,HRTF_B,11,5.852,23.04,17.11,21,1
P007,HRTF_B,11,5.866,22.75,17.05,21,1
P007,HRTF_B,11,5.88,22.46,16.93,21,1
P007,HRTF_B,11,5.894,22.14,16.72,21,1
P007,HRTF_B,11,5.908,21.79,16.42,21,1
P007,HRTF_B,11,5.922,21.49,16.01,21,1
P007,HRTF_B,11,5.936,21.23,15.54,21,1
P007,HRTF_B,11,5.949,20.97,14.96,21,1
P007,HRTF_B,11,5.963,20.73,14.24,21,1
P007,HRTF_B,11,5.977,20.51,13.5,21,1
P007,HRTF_B,11,5.991,20.25,12.84,21,1
P007,HRTF_B,11,6.005,20.02,12.16,21,1
P007,HRTF_B,11,6.019,19.82,11.38,21,1
P007,HRTF_B,11,6.033,19.65,10.43,21,1
P007,HRTF_B,11,6.047,19.49,9.32,21,1
P007,HRTF_B,11,6.06,19.32,8.24,21,1
P007,HRTF_B,11,6.075,19.2,7.28,21,1
P007,HRTF_B,11,6.089,19.11,6.4,21,1
P007,HRTF_B,11,6.104,19.13,5.54,21,1
P007,HRTF_B,11,6.116,19.24,4.68,21,1
P007,HRTF_B,11,6.13,19.46,3.82,21,1
P007,HRTF_B,11,6.144,19.7,3.04,21,1
P007,HRTF_B,11,6.158,19.95,2.33,21,1
P007,HRTF_B,11,6.171,20.21,1.7,21,1
P007,HRTF_B,11,6.186,20.47,1.07,21,1
P007,HRTF_B,11,6.199,20.77,0.41,21,1
P007,HRTF_B,11,6.214,21.08,-0.34,21,1
P007,HRTF_B,11,6.227,21.37,-1.1,21,1
P007,HRTF_B,11,6.241,21.64,-1.82,21,1
P007,HRTF_B,11,6.255,21.9,-2.51,21,1
P007,HRTF_B,11,6.269,22.11,-3.24,21,1
P007,HRTF_B,11,6.283,22.35,-4.04,21,1
P007,HRTF_B,11,6.297,22.61,-4.85,21,1
P007,HRTF_B,11,6.311,22.84,-5.73,21,1
P007,HRTF_B,11,6.325,23.03,-6.65,21,1
P007,HRTF_B,11,6.338,23.13,-7.58,21,1
P007,HRTF_B,11,6.352,23.17,-8.46,21,1
P007,HRTF_B,11,6.366,23.17,-9.26,21,1
P007,HRTF_B,11,6.38,23.16,-10.04,21,1
P007,HRTF_B,11,6.394,23.16,-10.76,21,1
P007,HRTF_B,11,6.408,23.15,-11.45,21,1
P007,HRTF_B,11,6.422,23.09,-12.15,21,1
P007,HRTF_B,11,6.436,23.01,-12.83,21,1
P007,HRTF_B,11,6.449,22.89,-13.51,21,1
P007,HRTF_B,11,6.464,22.74,-14.17,21,1
P007,HRTF_B,11,6.477,22.58,-14.82,21,1
P007,HRTF_B,11,6.491,22.44,-15.46,21,1
P007,HRTF_B,11,6.505,22.29,-16.12,21,1
P007,HRTF_B,11,6.519,22.17,-16.8,21,1
P007,HRTF_B,11,6.533,22.07,-17.45,21,1
P007,HRTF_B,11,6.547,21.97,-18.07,21,1
P007,HRTF_B,11,6.56,21.89,-18.67,21,1
P007,HRTF_B,11,6.575,21.85,-19.25,21,1
P007,HRTF_B,11,6.588,21.84,-19.85,21,1
P007,HRTF_B,11,6.602,21.86,-20.46,21,1
P007,HRTF_B,11,6.616,21.91,-21.09,21,1
P007,HRTF_B,11,6.63,22.0,-21.74,21,1
P007,HRTF_B,11,6.644,22.12,-22.35,21,1
P007,HRTF_B,11,6.658,22.26,-22.97,21,1
P007,HRTF_B,11,6.671,22.44,-23.6,21,1
P007,HRTF_B,11,6.686,22.67,-24.26,21,1
P007,HRTF_B,11,6.699,22.94,-24.94,21,1
P007,HRTF_B,11,6.713,23.27,-25.61,21,1
P007,HRTF_B,11,6.727,23.66,-26.27,21,1
P007,HRTF_B,11,6.745,24.13,-26.94,21,1
P007,HRTF_B,11,6.756,24.63,-27.58,21,1
P007,HRTF_B,11,6.769,25.21,-28.21,21,1
P007,HRTF_B,11,6.783,25.82,-28.89,21,1
P007,HRTF_B,11,6.797,26.49,-29.6,21,1
P007,HRTF_B,11,6.811,27.21,-30.31,21,1
P007,HRTF_B,11,6.825,27.95,-31.03,21,1
P007,HRTF_B,11,6.838,28.68,-31.7,21,1
P007,HRTF_B,11,6.852,29.42,-32.34,21,1
P007,HRTF_B,11,6.866,30.12,-32.94,21,1
P007,HRTF_B,11,6.88,30.81,-33.53,21,1
P007,HRTF_B,11,6.894,31.46,-34.09,21,1
P007,HRTF_B,11,6.908,32.1,-34.64,21,1
P007,HRTF_B,11,6.922,32.68,-35.13,21,1
P007,HRTF_B,11,6.936,33.21,-35.6,21,1
P007,HRTF_B,11,6.949,33.71,-36.08,21,1
P007,HRTF_B,11,6.964,34.2,-36.59,21,1
P007,HRTF_B,11,6.977,34.67,-37.11,21,1
P007,HRTF_B,11,6.991,35.16,-37.68,21,1
P007,HRTF_B,11,7.005,35.59,-38.26,21,1
P007,HRTF_B,11,7.019,35.99,-38.81,21,1
P007,HRTF_B,11,7.033,36.35,-39.36,21,1
P007,HRTF_B,11,7.047,36.68,-39.91,21,1
P007,HRTF_B,11,7.062,37.0,-40.54,21,1
P007,HRTF_B,11,7.074,37.35,-41.25,21,1
P007,HRTF_B,11,7.088,37.69,-42.0,21,1
P007,HRTF_B,11,7.102,38.0,-42.78,21,1
P007,HRTF_B,11,7.116,38.27,-43.54,21,1
P007,HRTF_B,11,7.13,38.43,-44.32,21,1
P007,HRTF_B,11,7.144,38.65,-45.12,21,1
P007,HRTF_B,11,7.158,38.95,-45.95,21,1
P007,HRTF_B,11,7.172,39.21,-46.74,21,1
P007,HRTF_B,11,7.186,39.45,-47.47,21,1
P007,HRTF_B,11,7.199,39.66,-48.1,21,1
P007,HRTF_B,11,7.213,39.82,-48.65,21,1
P007,HRTF_B,11,7.227,39.95,-49.1,21,1
P007,HRTF_B,11,7.241,40.12,-49.49,21,1
P007,HRTF_B,11,7.255,40.23,-49.86,21,1
P007,HRTF_B,11,7.269,40.33,-50.24,21,1
P007,HRTF_B,11,7.283,40.41,-50.65,21,1
P007,HRTF_B,11,7.297,40.48,-51.04,21,1
P007,HRTF_B,11,7.311,40.53,-51.44,21,1
P007,HRTF_B,11,7.324,40.6,-51.82,21,1
P007,HRTF_B,11,7.338,40.64,-52.21,21,1
P007,HRTF_B,11,7.352,40.72,-52.59,21,1
P007,HRTF_B,11,7.366,40.8,-52.96,21,1
P007,HRTF_B,11,7.382,40.91,-53.31,21,1
P007,HRTF_B,11,7.394,41.06,-53.69,21,1
P007,HRTF_B,11,7.408,41.21,-54.08,21,1
P007,HRTF_B,11,7.422,41.36,-54.48,21,1
P007,HRTF_B,11,7.436,41.5,-54.94,21,1
P007,HRTF_B,11,7.449,41.65,-55.39,21,1
P007,HRTF_B,11,7.464,41.77,-55.89,21,1
P007,HRTF_B,11,7.477,41.94,-56.38,21,1
P007,HRTF_B,11,7.491,42.1,-56.91,21,1
P007,HRTF_B,11,7.505,42.24,-57.43,21,1
P007,HRTF_B,11,7.519,42.27,-57.98,21,1
P007,HRTF_B,11,7.533,42.28,-58.57,21,1
P007,HRTF_B,11,7.547,42.27,-59.17,21,1
P007,HRTF_B,11,7.561,42.22,-59.84,21,1
P007,HRTF_B,11,7.574,42.14,-60.48,21,1
P007,HRTF_B,11,7.588,42.04,-61.13,21,1
P007,HRTF_B,11,7.603,41.92,-61.71,21,1
P007,HRTF_B,11,7.616,41.76,-62.28,21,1
P007,HRTF_B,11,7.63,41.7,-62.85,21,1
P007,HRTF_B,11,7.644,41.61,-63.38,21,1
P007,HRTF_B,11,7.658,41.59,-63.88,21,1
P007,HRTF_B,11,7.671,41.51,-64.38,21,1
P007,HRTF_B,11,7.685,41.45,-64.81,21,1
P007,HRTF_B,11,7.701,41.45,-65.22,21,1
P007,HRTF_B,11,7.713,41.46,-65.63,21,1
P007,HRTF_B,11,7.727,41.58,-66.0,21,1
P007,HRTF_B,11,7.741,41.69,-66.36,21,1
P007,HRTF_B,11,7.755,41.8,-66.7,21,1
P007,HRTF_B,11,7.769,41.85,-67.07,21,1
P007,HRTF_B,11,7.783,41.78,-67.48,21,1
P007,HRTF_B,11,7.796,41.67,-67.93,21,1
P007,HRTF_B,11,7.81,41.56,-68.43,21,1
P007,HRTF_B,11,7.825,41.48,-68.92,21,1
P007,HRTF_B,11,7.838,41.42,-69.42,21,1
P007,HRTF_B,11,7.852,41.33,-69.92,21,1
P007,HRTF_B,11,7.866,41.3,-70.35,21,1
P007,HRTF_B,11,7.88,41.24,-70.77,21,1
P007,HRTF_B,11,7.893,41.28,-71.15,21,1
P007,HRTF_B,11,7.908,41.41,-71.49,21,1
P007,HRTF_B,11,7.921,41.56,-71.79,21,1
P007,HRTF_B,11,7.936,41.79,-72.07,21,1
P007,HRTF_B,11,7.949,42.02,-72.37,21,1
P007,HRTF_B,11,7.963,42.2,-72.69,21,1
P007,HRTF_B,11,7.977,42.33,-73.05,21,1
P007,HRTF_B,11,7.991,42.39,-73.45,21,1
P007,HRTF_B,11,8.005,42.57,-73.86,21,1
P007,HRTF_B,11,8.02,42.82,-74.26,21,1
P007,HRTF_B,11,8.032,43.05,-74.66,21,1
P007,HRTF_B,11,8.046,43.39,-75.07,21,1
P007,HRTF_B,11,8.06,43.63,-75.47,21,1
P007,HRTF_B,11,8.074,43.92,-75.88,21,1
P007,HRTF_B,11,8.088,44.08,-76.26,21,1
P007,HRTF_B,11,8.102,44.03,-76.63,21,1
P007,HRTF_B,11,8.116,44.06,-77.0,21,1
P007,HRTF_B,11,8.13,44.06,-77.39,21,1
P007,HRTF_B,11,8.144,44.03,-77.73,21,1
P007,HRTF_B,11,8.157,43.89,-78.11,21,1
P007,HRTF_B,11,8.171,43.73,-78.43,21,1
P007,HRTF_B,11,8.185,43.59,-78.74,21,1
P007,HRTF_B,11,8.199,43.44,-78.99,21,1
P007,HRTF_B,11,8.213,43.41,-79.3,21,1
P007,HRTF_B,11,8.227,43.38,-79.5,21,1
P007,HRTF_B,11,8.241,43.24,-79.67,21,1
P007,HRTF_B,11,8.255,43.38,-79.86,21,1
P007,HRTF_B,11,8.269,43.49,-79.99,21,1
P007,HRTF_B,11,8.282,43.69,-80.07,21,1
P007,HRTF_B,11,8.296,43.83,-80.14,21,1
P007,HRTF_B,11,8.31,43.94,-80.18,21,1
P007,HRTF_B,11,8.324,44.0,-80.21,21,1
P007,HRTF_B,11,8.34,44.16,-80.25,21,1
P007,HRTF_B,11,8.352,44.33,-80.22,21,1
P007,HRTF_B,11,8.366,44.48,-80.22,21,1
P007,HRTF_B,11,8.38,44.65,-80.23,21,1
P007,HRTF_B,11,8.394,44.73,-80.25,21,1
P007,HRTF_B,11,8.407,44.77,-80.28,21,1
P007,HRTF_B,11,8.421,44.76,-80.31,21,1
P007,HRTF_B,11,8.435,44.69,-80.34,21,1
P007,HRTF_B,11,8.449,44.62,-80.37,21,1
P007,HRTF_B,11,8.463,44.63,-80.37,21,1
P007,HRTF_B,11,8.477,44.65,-80.38,21,1
P007,HRTF_B,11,8.491,44.78,-80.38,21,1
P007,HRTF_B,11,8.505,44.92,-80.38,21,1
P007,HRTF_B,11,8.519,45.04,-80.41,21,1
P007,HRTF_B,11,8.532,45.19,-80.45,21,1
P007,HRTF_B,11,8.546,45.35,-80.52,21,1
P007,HRTF_B,11,8.56,45.45,-80.62,21,1
P007,HRTF_B,11,8.574,45.52,-80.71,21,1
P007,HRTF_B,11,8.588,45.48,-80.81,21,1
P007,HRTF_B,11,8.602,45.41,-80.9,21,1
P007,HRTF_B,11,8.616,45.22,-80.97,21,1
P007,HRTF_B,11,8.629,44.99,-81.02,21,1
P007,HRTF_B,11,8.644,44.76,-81.02,21,1
P007,HRTF_B,11,8.659,44.42,-80.98,21,1
P007,HRTF_B,11,8.671,43.83,-80.83,21,1
P007,HRTF_B,11,8.685,43.17,-80.68,21,1
P007,HRTF_B,11,8.699,42.13,-80.39,21,1
P007,HRTF_B,11,8.713,41.09,-80.12,21,1
P007,HRTF_B,11,8.727,40.32,-79.74,21,1
P007,HRTF_B,11,8.741,39.46,-79.36,21,1
P007,HRTF_B,11,8.755,38.25,-78.99,21,1
P007,HRTF_B,11,8.769,36.8,-78.61,21,1
P007,HRTF_B,11,8.783,35.0,-78.21,21,1
P007,HRTF_B,11,8.796,33.11,-77.76,21,1
P007,HRTF_B,11,8.81,31.1,-77.32,21,1
P007,HRTF_B,11,8.824,28.92,-76.86,21,1
P007,HRTF_B,11,8.838,26.51,-76.37,21,1
P007,HRTF_B,11,8.852,23.88,-75.85,21,1
P007,HRTF_B,11,8.866,21.14,-75.28,21,1
P007,HRTF_B,11,8.88,18.3,-74.66,21,1
P007,HRTF_B,11,8.894,15.36,-74.08,21,1
P007,HRTF_B,11,8.908,12.34,-73.44,21,1
P007,HRTF_B,11,8.922,9.44,-72.72,21,1
P007,HRTF_B,11,8.935,6.49,-71.94,21,1
P007,HRTF_B,11,8.949,3.7,-71.05,21,1
P007,HRTF_B,11,8.963,1.13,-70.06,21,1
P007,HRTF_B,11,8.978,-1.28,-69.04,21,1
P007,HRTF_B,11,8.991,-3.61,-67.93,21,1
P007,HRTF_B,11,9.005,-5.54,-66.63,21,1
P007,HRTF_B,11,9.018,-7.33,-65.22,21,1
P007,HRTF_B,11,9.033,-9.15,-63.72,21,1
P007,HRTF_B,11,9.046,-10.96,-62.27,21,1
P007,HRTF_B,11,9.06,-12.79,-60.83,21,1
P007,HRTF_B,11,9.074,-14.46,-59.35,21,1
P007,HRTF_B,11,9.088,-15.85,-57.91,21,1
P007,HRTF_B,11,9.102,-17.0,-56.51,21,1
P007,HRTF_B,11,9.116,-18.08,-55.25,21,1
P007,HRTF_B,11,9.13,-19.19,-53.96,21,1
P007,HRTF_B,11,9.144,-20.34,-52.71,21,1
P007,HRTF_B,11,9.158,-21.44,-51.56,21,1
P007,HRTF_B,11,9.171,-22.54,-50.48,21,1
P007,HRTF_B,11,9.185,-23.6,-49.42,21,1
P007,HRTF_B,11,9.199,-24.8,-48.61,21,1
P007,HRTF_B,11,9.213,-25.96,-48.06,21,1
P007,HRTF_B,11,9.227,-26.97,-47.52,21,1
P007,HRTF_B,11,9.241,-27.8,-47.05,21,1
P007,HRTF_B,11,9.255,-28.5,-46.39,21,1
P007,HRTF_B,11,9.269,-29.08,-45.64,21,1
P007,HRTF_B,11,9.282,-29.39,-44.93,21,1
P007,HRTF_B,11,9.298,-29.65,-44.21,21,1
P007,HRTF_B,11,9.31,-29.88,-43.54,21,1
P007,HRTF_B,11,9.324,-30.09,-42.84,21,1
P007,HRTF_B,11,9.338,-30.3,-42.1,21,1
P007,HRTF_B,11,9.352,-30.53,-41.32,21,1
P007,HRTF_B,11,9.366,-30.73,-40.48,21,1
P007,HRTF_B,11,9.38,-30.97,-39.63,21,1
P007,HRTF_B,11,9.394,-31.25,-38.82,21,1
P007,HRTF_B,11,9.408,-31.58,-38.07,21,1
P007,HRTF_B,11,9.421,-31.98,-37.33,21,1
P007,HRTF_B,11,9.436,-32.47,-36.6,21,1
P007,HRTF_B,11,9.449,-33.01,-35.92,21,1
P007,HRTF_B,11,9.463,-33.61,-35.27,21,1
P007,HRTF_B,11,9.477,-34.21,-34.64,21,1
P007,HRTF_B,11,9.491,-34.89,-34.07,21,1
P007,HRTF_B,11,9.505,-35.64,-33.56,21,1
P007,HRTF_B,11,9.518,-36.44,-33.03,21,1
P007,HRTF_B,11,9.532,-37.3,-32.54,21,1
P007,HRTF_B,11,9.546,-38.16,-32.07,21,1
P007,HRTF_B,11,9.56,-39.05,-31.67,21,1
P007,HRTF_B,11,9.574,-39.92,-31.26,21,1
P007,HRTF_B,11,9.588,-40.77,-30.86,21,1
P007,HRTF_B,11,9.602,-41.61,-30.41,21,1
P007,HRTF_B,11,9.617,-42.38,-29.86,21,1
P007,HRTF_B,11,9.63,-43.07,-29.19,21,1
P007,HRTF_B,11,9.644,-43.7,-28.49,21,1
P007,HRTF_B,11,9.657,-44.3,-27.82,21,1
P007,HRTF_B,11,9.671,-44.91,-27.13,21,1
P007,HRTF_B,11,9.686,-45.49,-26.37,21,1
P007,HRTF_B,11,9.699,-46.05,-25.5,21,1
P007,HRTF_B,11,9.713,-46.59,-24.5,21,1
P007,HRTF_B,11,9.727,-47.07,-23.4,21,1
P007,HRTF_B,11,9.741,-47.56,-22.25,21,1
P007,HRTF_B,11,9.755,-48.02,-21.13,21,1
P007,HRTF_B,11,9.768,-48.49,-20.01,21,1
P007,HRTF_B,11,9.782,-48.92,-18.76,21,1
P007,HRTF_B,11,9.796,-49.34,-17.36,21,1
P007,HRTF_B,11,9.81,-49.77,-15.95,21,1
P007,HRTF_B,11,9.824,-50.19,-14.57,21,1
P007,HRTF_B,11,9.838,-50.64,-13.35,21,1
P007,HRTF_B,11,9.852,-51.13,-12.25,21,1
P007,HRTF_B,11,9.866,-51.68,-11.28,21,1
P007,HRTF_B,11,9.88,-52.27,-10.36,21,1
P007,HRTF_B,11,9.893,-52.92,-9.42,21,1
P007,HRTF_B,11,9.908,-53.57,-8.47,21,1
P007,HRTF_B,11,9.922,-54.23,-7.54,21,1
P007,HRTF_B,11,9.937,-54.88,-6.69,21,1
P007,HRTF_B,11,9.949,-55.59,-5.92,21,1
P007,HRTF_B,11,9.963,-56.3,-5.19,21,1
P007,HRTF_B,11,9.977,-57.04,-4.51,21,1
P007,HRTF_B,11,9.991,-57.8,-3.79,21,1
P007,HRTF_B,11,10.005,-58.56,-3.08,21,1
P007,HRTF_B,11,10.018,-59.32,-2.38,21,1
P007,HRTF_B,11,10.032,-60.08,-1.68,21,1
P007,HRTF_B,11,10.046,-60.84,-1.04,21,1
P007,HRTF_B,11,10.06,-61.62,-0.45,21,1
P007,HRTF_B,11,10.074,-62.39,0.09,21,1
P007,HRTF_B,11,10.088,-63.17,0.56,21,1
P007,HRTF_B,11,10.102,-63.97,1.01,21,1
P007,HRTF_B,11,10.116,-64.78,1.45,21,1
P007,HRTF_B,11,10.129,-65.61,1.88,21,1
P007,HRTF_B,11,10.144,-66.45,2.3,21,1
P007,HRTF_B,11,10.157,-67.31,2.68,21,1
P007,HRTF_B,11,10.171,-68.17,3.04,21,1
P007,HRTF_B,11,10.185,-69.06,3.35,21,1
P007,HRTF_B,11,10.199,-69.95,3.67,21,1
P007,HRTF_B,11,10.213,-70.88,3.95,21,1
P007,HRTF_B,11,10.227,-71.81,4.26,21,1
P007,HRTF_B,11,10.24,-72.77,4.59,21,1
P007,HRTF_B,11,10.256,-73.73,4.95,21,1
P007,HRTF_B,11,10.268,-74.73,5.32,21,1
P007,HRTF_B,11,10.282,-75.75,5.65,21,1
P007,HRTF_B,11,10.296,-76.8,5.98,21,1
P007,HRTF_B,11,10.31,-77.86,6.3,21,1
P007,HRTF_B,11,10.324,-78.98,6.64,21,1
P007,HRTF_B,11,10.337,-80.12,6.96,21,1
P007,HRTF_B,11,10.352,-81.29,7.26,21,1
P007,HRTF_B,11,10.365,-82.48,7.55,21,1
P007,HRTF_B,11,10.38,-83.67,7.81,21,1
P007,HRTF_B,11,10.393,-84.91,8.02,21,1
P007,HRTF_B,11,10.407,-86.16,8.19,21,1
P007,HRTF_B,11,10.421,-87.43,8.3,21,1
P007,HRTF_B,11,10.435,-88.7,8.43,21,1
P007,HRTF_B,11,10.449,-90.0,8.52,21,1
P007,HRTF_B,11,10.463,-91.32,8.58,21,1
P007,HRTF_B,11,10.477,-92.63,8.63,21,1
P007,HRTF_B,11,10.491,-93.93,8.67,21,1
P007,HRTF_B,11,10.505,-95.27,8.64,21,1
P007,HRTF_B,11,10.518,-96.62,8.59,21,1
P007,HRTF_B,11,10.532,-98.01,8.51,21,1
P007,HRTF_B,11,10.546,-99.4,8.43,21,1
P007,HRTF_B,11,10.56,-100.77,8.38,21,1
P007,HRTF_B,11,10.575,-102.11,8.36,21,1
P007,HRTF_B,11,10.588,-103.43,8.31,21,1
P007,HRTF_B,11,10.602,-104.71,8.23,21,1
P007,HRTF_B,11,10.615,-106.0,8.17,21,1
P007,HRTF_B,11,10.629,-107.24,8.1,21,1
P007,HRTF_B,11,10.643,-108.44,8.04,21,1
P007,HRTF_B,11,10.657,-109.61,7.97,21,1
P007,HRTF_B,11,10.671,-110.72,7.88,21,1
P007,HRTF_B,11,10.685,-111.83,7.81,21,1
P007,HRTF_B,11,10.699,-112.91,7.73,21,1
P007,HRTF_B,11,10.713,-113.95,7.69,21,1
P007,HRTF_B,11,10.726,-114.97,7.64,21,1
P007,HRTF_B,11,10.741,-115.93,7.6,21,1
P007,HRTF_B,11,10.754,-116.9,7.54,21,1
P007,HRTF_B,11,10.768,-117.84,7.48,21,1
P007,HRTF_B,11,10.782,-118.75,7.43,21,1
P007,HRTF_B,11,10.796,-119.67,7.41,21,1
P007,HRTF_B,11,10.81,-120.56,7.42,21,1
P007,HRTF_B,11,10.823,-121.44,7.44,21,1
P007,HRTF_B,11,10.838,-122.31,7.46,21,1
P007,HRTF_B,11,10.852,-123.12,7.46,21,1
P007,HRTF_B,11,10.865,-123.88,7.42,21,1
P007,HRTF_B,11,10.879,-124.54,7.32,21,1
P007,HRTF_B,11,10.895,-125.1,7.18,21,1
P007,HRTF_B,11,10.907,-125.59,7.05,21,1
P007,HRTF_B,11,10.921,-126.04,6.91,21,1
P007,HRTF_B,11,10.935,-126.39,6.75,21,1
P007,HRTF_B,11,10.948,-126.71,6.55,21,1
P007,HRTF_B,11,10.963,-126.96,6.25,21,1
P007,HRTF_B,11,10.976,-127.13,5.89,21,1
P007,HRTF_B,11,10.99,-127.23,5.5,21,1
P007,HRTF_B,11,11.004,-127.2,5.09,21,1
P007,HRTF_B,11,11.018,-127.1,4.66,21,1
P007,HRTF_B,11,11.032,-126.9,4.26,21,1
P007,HRTF_B,11,11.046,-126.56,3.79,21,1
P007,HRTF_B,11,11.06,-126.11,3.27,21,1
P007,HRTF_B,11,11.074,-125.52,2.73,21,1
P007,HRTF_B,11,11.087,-124.85,2.22,21,1
P007,HRTF_B,11,11.102,-124.14,1.73,21,1
P007,HRTF_B,11,11.115,-123.49,1.27,21,1
P007,HRTF_B,11,11.129,-122.95,0.87,21,1
P007,HRTF_B,11,11.143,-122.53,0.43,21,1
P007,HRTF_B,11,11.157,-122.27,0.12,21,1
P007,HRTF_B,11,11.171,-122.17,-0.2,21,1
P007,HRTF_B,11,11.185,-122.23,-0.51,21,1
P007,HRTF_B,11,11.199,-122.41,-0.76,21,1
P007,HRTF_B,11,11.214,-122.72,-1.01,21,1
P007,HRTF_B,11,11.226,-123.13,-1.24,21,1
P007,HRTF_B,11,11.24,-123.59,-1.43,21,1
P007,HRTF_B,11,11.254,-124.13,-1.6,21,1
P007,HRTF_B,11,11.268,-124.73,-1.75,21,1
P007,HRTF_B,11,11.282,-125.36,-1.88,21,1
P007,HRTF_B,11,11.296,-126.0,-2.04,21,1
P007,HRTF_B,11,11.31,-126.64,-2.22,21,1
P007,HRTF_B,11,11.324,-127.23,-2.38,21,1
P007,HRTF_B,11,11.338,-127.77,-2.53,21,1
P007,HRTF_B,11,11.351,-128.24,-2.69,21,1
P007,HRTF_B,11,11.365,-128.65,-2.85,21,1
P007,HRTF_B,11,11.379,-128.97,-3.0,21,1
P007,HRTF_B,11,11.393,-129.2,-3.2,21,1
P007,HRTF_B,11,11.407,-129.34,-3.38,21,1
P007,HRTF_B,12,0.012,-10.94,-3.85,12,1
P007,HRTF_B,12,0.032,-10.75,-3.83,12,1
P007,HRTF_B,12,0.047,-10.52,-3.83,12,1
P007,HRTF_B,12,0.06,-10.27,-3.82,12,1
P007,HRTF_B,12,0.074,-10.02,-3.77,12,1
P007,HRTF_B,12,0.088,-9.76,-3.68,12,1
P007,HRTF_B,12,0.102,-9.52,-3.57,12,1
P007,HRTF_B,12,0.116,-9.29,-3.48,12,1
P007,HRTF_B,12,0.13,-9.08,-3.4,12,1
P007,HRTF_B,12,0.144,-8.88,-3.34,12,1
P007,HRTF_B,12,0.158,-8.7,-3.27,12,1
P007,HRTF_B,12,0.172,-8.56,-3.19,12,1
P007,HRTF_B,12,0.186,-8.48,-3.1,12,1
P007,HRTF_B,12,0.2,-8.47,-3.01,12,1
P007,HRTF_B,12,0.213,-8.54,-2.92,12,1
P007,HRTF_B,12,0.227,-8.69,-2.83,12,1
P007,HRTF_B,12,0.241,-8.9,-2.75,12,1
P007,HRTF_B,12,0.255,-9.19,-2.7,12,1
P007,HRTF_B,12,0.269,-9.58,-2.71,12,1
P007,HRTF_B,12,0.283,-10.09,-2.79,12,1
P007,HRTF_B,12,0.297,-10.76,-2.92,12,1
P007,HRTF_B,12,0.311,-11.51,-3.05,12,1
P007,HRTF_B,12,0.325,-12.36,-3.21,12,1
P007,HRTF_B,12,0.339,-13.33,-3.42,12,1
P007,HRTF_B,12,0.352,-14.43,-3.73,12,1
P007,HRTF_B,12,0.366,-15.7,-4.1,12,1
P007,HRTF_B,12,0.38,-17.11,-4.49,12,1
P007,HRTF_B,12,0.394,-18.6,-4.9,12,1
P007,HRTF_B,12,0.408,-20.19,-5.31,12,1
P007,HRTF_B,12,0.422,-21.87,-5.78,12,1
P007,HRTF_B,12,0.436,-23.65,-6.34,12,1
P007,HRTF_B,12,0.449,-25.52,-6.92,12,1
P007,HRTF_B,12,0.463,-27.39,-7.4,12,1
P007,HRTF_B,12,0.478,-29.24,-7.8,12,1
P007,HRTF_B,12,0.491,-31.04,-8.16,12,1
P007,HRTF_B,12,0.505,-32.82,-8.53,12,1
P007,HRTF_B,12,0.519,-34.55,-8.91,12,1
P007,HRTF_B,12,0.533,-36.25,-9.23,12,1
P007,HRTF_B,12,0.547,-37.86,-9.49,12,1
P007,HRTF_B,12,0.561,-39.34,-9.7,12,1
P007,HRTF_B,12,0.575,-40.72,-9.87,12,1
P007,HRTF_B,12,0.589,-41.99,-10.04,12,1
P007,HRTF_B,12,0.602,-43.13,-10.24,12,1
P007,HRTF_B,12,0.616,-44.2,-10.41,12,1
P007,HRTF_B,12,0.63,-45.14,-10.51,12,1
P007,HRTF_B,12,0.644,-45.93,-10.59,12,1
P007,HRTF_B,12,0.658,-46.6,-10.69,12,1
P007,HRTF_B,12,0.672,-47.17,-10.89,12,1
P007,HRTF_B,12,0.686,-47.72,-11.16,12,1
P007,HRTF_B,12,0.7,-48.23,-11.45,12,1
P007,HRTF_B,12,0.714,-48.69,-11.73,12,1
P007,HRTF_B,12,0.728,-49.11,-12.03,12,1
P007,HRTF_B,12,0.742,-49.47,-12.45,12,1
P007,HRTF_B,12,0.755,-49.85,-12.99,12,1
P007,HRTF_B,12,0.769,-50.25,-13.59,12,1
P007,HRTF_B,12,0.783,-50.7,-14.2,12,1
P007,HRTF_B,12,0.797,-51.17,-14.72,12,1
P007,HRTF_B,12,0.811,-51.66,-15.26,12,1
P007,HRTF_B,12,0.825,-52.11,-15.82,12,1
P007,HRTF_B,12,0.839,-52.58,-16.46,12,1
P007,HRTF_B,12,0.853,-53.09,-17.16,12,1
P007,HRTF_B,12,0.867,-53.65,-17.87,12,1
P007,HRTF_B,12,0.88,-54.26,-18.55,12,1
P007,HRTF_B,12,0.894,-54.87,-19.21,12,1
P007,HRTF_B,12,0.908,-55.49,-19.88,12,1
P007,HRTF_B,12,0.922,-56.06,-20.6,12,1
P007,HRTF_B,12,0.936,-56.6,-21.4,12,1
P007,HRTF_B,12,0.95,-57.11,-22.2,12,1
P007,HRTF_B,12,0.964,-57.59,-22.89,12,1
P007,HRTF_B,12,0.977,-58.02,-23.5,12,1
P007,HRTF_B,12,0.991,-58.42,-24.09,12,1
P007,HRTF_B,12,1.006,-58.77,-24.68,12,1
P007,HRTF_B,12,1.019,-59.05,-25.33,12,1
P007,HRTF_B,12,1.033,-59.32,-25.95,12,1
P007,HRTF_B,12,1.047,-59.57,-26.56,12,1
P007,HRTF_B,12,1.061,-59.83,-27.08,12,1
P007,HRTF_B,12,1.075,-60.08,-27.53,12,1
P007,HRTF_B,12,1.089,-60.37,-27.96,12,1
P007,HRTF_B,12,1.102,-60.67,-28.4,12,1
P007,HRTF_B,12,1.116,-60.98,-28.87,12,1
P007,HRTF_B,12,1.13,-61.24,-29.35,12,1
P007,HRTF_B,12,1.144,-61.48,-29.82,12,1
P007,HRTF_B,12,1.158,-61.72,-30.27,12,1
P007,HRTF_B,12,1.172,-61.96,-30.74,12,1
P007,HRTF_B,12,1.186,-62.23,-31.2,12,1
P007,HRTF_B,12,1.201,-62.51,-31.73,12,1
P007,HRTF_B,12,1.214,-62.8,-32.27,12,1
P007,HRTF_B,12,1.227,-63.12,-32.82,12,1
P007,HRTF_B,12,1.241,-63.48,-33.32,12,1
P007,HRTF_B,12,1.256,-63.89,-33.8,12,1
P007,HRTF_B,12,1.269,-64.36,-34.26,12,1
P007,HRTF_B,12,1.283,-64.87,-34.74,12,1
P007,HRTF_B,12,1.297,-65.36,-35.24,12,1
P007,HRTF_B,12,1.311,-65.8,-35.79,12,1
P007,HRTF_B,12,1.325,-66.24,-36.34,12,1
P007,HRTF_B,12,1.338,-66.65,-36.87,12,1
P007,HRTF_B,12,1.352,-67.06,-37.32,12,1
P007,HRTF_B,12,1.366,-67.44,-37.74,12,1
P007,HRTF_B,12,1.38,-67.75,-38.13,12,1
P007,HRTF_B,12,1.394,-68.02,-38.6,12,1
P007,HRTF_B,12,1.408,-68.21,-39.08,12,1
P007,HRTF_B,12,1.422,-68.41,-39.58,12,1
P007,HRTF_B,12,1.436,-68.58,-40.06,12,1
P007,HRTF_B,12,1.45,-68.73,-40.5,12,1
P007,HRTF_B,12,1.464,-68.95,-40.9,12,1
P007,HRTF_B,12,1.477,-69.14,-41.31,12,1
P007,HRTF_B,12,1.492,-69.38,-41.72,12,1
P007,HRTF_B,12,1.505,-69.61,-42.13,12,1
P007,HRTF_B,12,1.519,-69.85,-42.51,12,1
P007,HRTF_B,12,1.533,-70.1,-42.88,12,1
P007,HRTF_B,12,1.547,-70.34,-43.27,12,1
P007,HRTF_B,12,1.561,-70.62,-43.67,12,1
P007,HRTF_B,12,1.575,-70.9,-44.05,12,1
P007,HRTF_B,12,1.589,-71.22,-44.44,12,1
P007,HRTF_B,12,1.602,-71.54,-44.79,12,1
P007,HRTF_B,12,1.616,-71.87,-45.17,12,1
P007,HRTF_B,12,1.63,-72.2,-45.55,12,1
P007,HRTF_B,12,1.644,-72.57,-45.92,12,1
P007,HRTF_B,12,1.658,-72.98,-46.3,12,1
P007,HRTF_B,12,1.672,-73.41,-46.62,12,1
P007,HRTF_B,12,1.686,-73.9,-46.94,12,1
P007,HRTF_B,12,1.7,-74.4,-47.22,12,1
P007,HRTF_B,12,1.714,-74.98,-47.49,12,1
P007,HRTF_B,12,1.728,-75.57,-47.73,12,1
P007,HRTF_B,12,1.742,-76.2,-47.92,12,1
P007,HRTF_B,12,1.755,-76.92,-48.13,12,1
P007,HRTF_B,12,1.769,-77.71,-48.26,12,1
P007,HRTF_B,12,1.783,-78.59,-48.42,12,1
P007,HRTF_B,12,1.797,-79.55,-48.61,12,1
P007,HRTF_B,12,1.811,-80.62,-48.79,12,1
P007,HRTF_B,12,1.825,-81.74,-48.97,12,1
P007,HRTF_B,12,1.839,-82.93,-49.15,12,1
P007,HRTF_B,12,1.853,-84.19,-49.29,12,1
P007,HRTF_B,12,1.867,-85.49,-49.44,12,1
P007,HRTF_B,12,1.88,-86.83,-49.58,12,1
P007,HRTF_B,12,1.894,-88.17,-49.74,12,1
P007,HRTF_B,12,1.908,-89.49,-49.92,12,1
P007,HRTF_B,12,1.922,-90.78,-50.12,12,1
P007,HRTF_B,12,1.936,-92.06,-50.33,12,1
P007,HRTF_B,12,1.95,-93.38,-50.52,12,1
P007,HRTF_B,12,1.964,-94.68,-50.73,12,1
P007,HRTF_B,12,1.978,-95.99,-50.97,12,1
P007,HRTF_B,12,1.992,-97.28,-51.21,12,1
P007,HRTF_B,12,2.005,-98.55,-51.46,12,1
P007,HRTF_B,12,2.019,-99.79,-51.7,12,1
P007,HRTF_B,12,2.033,-101.05,-51.93,12,1
P007,HRTF_B,12,2.047,-102.26,-52.14,12,1
P007,HRTF_B,12,2.061,-103.5,-52.34,12,1
P007,HRTF_B,12,2.075,-104.67,-52.51,12,1
P007,HRTF_B,12,2.089,-105.81,-52.7,12,1
P007,HRTF_B,12,2.103,-106.86,-52.87,12,1
P007,HRTF_B,12,2.116,-107.9,-53.03,12,1
P007,HRTF_B,12,2.13,-108.9,-53.19,12,1
P007,HRTF_B,12,2.144,-109.89,-53.34,12,1
P007,HRTF_B,12,2.158,-110.9,-53.49,12,1
P007,HRTF_B,12,2.172,-111.9,-53.6,12,1
P007,HRTF_B,12,2.186,-112.89,-53.65,12,1
P007,HRTF_B,12,2.2,-113.89,-53.67,12,1
P007,HRTF_B,12,2.214,-114.89,-53.61,12,1
P007,HRTF_B,12,2.227,-115.81,-53.58,12,1
P007,HRTF_B,12,2.241,-116.73,-53.53,12,1
P007,HRTF_B,12,2.256,-117.62,-53.5,12,1
P007,HRTF_B,12,2.269,-118.47,-53.44,12,1
P007,HRTF_B,12,2.283,-119.31,-53.39,12,1
P007,HRTF_B,12,2.297,-120.14,-53.35,12,1
P007,HRTF_B,12,2.311,-121.0,-53.35,12,1
P007,HRTF_B,12,2.325,-121.9,-53.37,12,1
P007,HRTF_B,12,2.339,-122.78,-53.37,12,1
P007,HRTF_B,12,2.352,-123.7,-53.37,12,1
P007,HRTF_B,12,2.367,-124.62,-53.36,12,1
P007,HRTF_B,12,2.38,-125.57,-53.38,12,1
P007,HRTF_B,12,2.394,-126.59,-53.37,12,1
P007,HRTF_B,12,2.408,-127.7,-53.3,12,1
P007,HRTF_B,12,2.422,-128.92,-53.15,12,1
P007,HRTF_B,12,2.436,-130.25,-52.91,12,1
P007,HRTF_B,12,2.45,-131.75,-52.57,12,1
P007,HRTF_B,12,2.464,-133.34,-52.08,12,1
P007,HRTF_B,12,2.477,-134.99,-51.48,12,1
P007,HRTF_B,12,2.491,-136.7,-50.77,12,1
P007,HRTF_B,12,2.505,-138.47,-49.97,12,1
P007,HRTF_B,12,2.519,-140.27,-49.07,12,1
P007,HRTF_B,12,2.533,-142.04,-48.11,12,1
P007,HRTF_B,12,2.547,-143.8,-47.14,12,1
P007,HRTF_B,12,2.561,-145.55,-46.18,12,1
P007,HRTF_B,12,2.575,-147.23,-45.14,12,1
P007,HRTF_B,12,2.589,-148.83,-44.01,12,1
P007,HRTF_B,12,2.603,-150.37,-42.82,12,1
P007,HRTF_B,12,2.617,-151.78,-41.64,12,1
P007,HRTF_B,12,2.631,-153.16,-40.49,12,1
P007,HRTF_B,12,2.644,-154.45,-39.34,12,1
P007,HRTF_B,12,2.658,-155.69,-38.23,12,1
P007,HRTF_B,12,2.672,-156.84,-37.1,12,1
P007,HRTF_B,12,2.686,-157.94,-36.04,12,1
P007,HRTF_B,12,2.7,-158.99,-35.02,12,1
P007,HRTF_B,12,2.714,-160.0,-34.04,12,1
P007,HRTF_B,12,2.728,-160.95,-33.09,12,1
P007,HRTF_B,12,2.742,-161.93,-32.17,12,1
P007,HRTF_B,12,2.755,-162.85,-31.2,12,1
P007,HRTF_B,12,2.769,-163.74,-30.22,12,1
P007,HRTF_B,12,2.783,-164.57,-29.23,12,1
P007,HRTF_B,12,2.797,-165.35,-28.31,12,1
P007,HRTF_B,12,2.811,-166.05,-27.47,12,1
P007,HRTF_B,12,2.825,-166.73,-26.67,12,1
P007,HRTF_B,12,2.839,-167.28,-25.87,12,1
P007,HRTF_B,12,2.852,-167.78,-25.12,12,1
P007,HRTF_B,12,2.866,-168.17,-24.39,12,1
P007,HRTF_B,12,2.88,-168.47,-23.66,12,1
P007,HRTF_B,12,2.894,-168.61,-22.9,12,1
P007,HRTF_B,12,2.908,-168.64,-22.08,12,1
P007,HRTF_B,12,2.922,-168.51,-21.16,12,1
P007,HRTF_B,12,2.936,-168.24,-20.16,12,1
P007,HRTF_B,12,2.95,-167.82,-19.03,12,1
P007,HRTF_B,12,2.964,-167.23,-17.84,12,1
P007,HRTF_B,12,2.977,-166.55,-16.59,12,1
P007,HRTF_B,12,2.991,-165.76,-15.28,12,1
P007,HRTF_B,12,3.005,-164.89,-13.96,12,1
P007,HRTF_B,12,3.019,-163.95,-12.66,12,1
P007,HRTF_B,12,3.033,-162.91,-11.38,12,1
P007,HRTF_B,12,3.047,-161.8,-10.11,12,1
P007,HRTF_B,12,3.061,-160.65,-8.86,12,1
P007,HRTF_B,12,3.075,-159.5,-7.72,12,1
P007,HRTF_B,12,3.089,-158.34,-6.65,12,1
P007,HRTF_B,12,3.102,-157.21,-5.69,12,1
P007,HRTF_B,12,3.116,-156.07,-4.74,12,1
P007,HRTF_B,12,3.13,-154.98,-3.83,12,1
P007,HRTF_B,12,3.144,-153.91,-2.97,12,1
P007,HRTF_B,12,3.158,-152.87,-2.15,12,1
P007,HRTF_B,12,3.172,-151.84,-1.44,12,1
P007,HRTF_B,12,3.186,-150.85,-0.79,12,1
P007,HRTF_B,12,3.2,-149.9,-0.21,12,1
P007,HRTF_B,12,3.213,-149.0,0.34,12,1
P007,HRTF_B,12,3.228,-148.14,0.87,12,1
P007,HRTF_B,12,3.241,-147.32,1.37,12,1
P007,HRTF_B,12,3.255,-146.52,1.87,12,1
P007,HRTF_B,12,3.269,-145.71,2.35,12,1
P007,HRTF_B,12,3.283,-144.89,2.84,12,1
P007,HRTF_B,12,3.296,-144.07,3.32,12,1
P007,HRTF_B,12,3.311,-143.26,3.79,12,1
P007,HRTF_B,12,3.324,-142.41,4.23,12,1
P007,HRTF_B,12,3.338,-141.53,4.63,12,1
P007,HRTF_B,12,3.352,-140.64,5.07,12,1
P007,HRTF_B,12,3.367,-139.73,5.5,12,1
P007,HRTF_B,12,3.38,-138.81,5.9,12,1
P007,HRTF_B,12,3.394,-137.92,6.26,12,1
P007,HRTF_B,12,3.408,-137.02,6.6,12,1
P007,HRTF_B,12,3.421,-136.12,6.97,12,1
P007,HRTF_B,12,3.435,-135.21,7.31,12,1
P007,HRTF_B,12,3.45,-134.31,7.68,12,1
P007,HRTF_B,12,3.463,-133.39,8.02,12,1
P007,HRTF_B,12,3.477,-132.46,8.31,12,1
P007,HRTF_B,12,3.491,-131.38,8.53,12,1
P007,HRTF_B,12,3.505,-130.19,8.74,12,1
P007,HRTF_B,12,3.519,-128.91,9.02,12,1
P007,HRTF_B,12,3.533,-127.56,9.31,12,1
P007,HRTF_B,12,3.547,-126.04,9.54,12,1
P007,HRTF_B,12,3.56,-124.34,9.68,12,1
P007,HRTF_B,12,3.574,-122.48,9.76,12,1
P007,HRTF_B,12,3.589,-120.51,9.79,12,1
P007,HRTF_B,12,3.602,-118.5,9.9,12,1
P007,HRTF_B,12,3.616,-116.54,9.95,12,1
P007,HRTF_B,12,3.63,-114.62,9.87,12,1
P007,HRTF_B,12,3.643,-112.86,9.75,12,1
P007,HRTF_B,12,3.658,-111.23,9.6,12,1
P007,HRTF_B,12,3.672,-109.67,9.45,12,1
P007,HRTF_B,12,3.685,-108.15,9.38,12,1
P007,HRTF_B,12,3.699,-106.67,9.23,12,1
P007,HRTF_B,12,3.713,-105.12,9.0,12,1
P007,HRTF_B,12,3.727,-103.58,8.82,12,1
P007,HRTF_B,12,3.741,-102.14,8.78,12,1
P007,HRTF_B,12,3.755,-100.79,8.77,12,1
P007,HRTF_B,12,3.768,-99.57,8.61,12,1
P007,HRTF_B,12,3.783,-98.37,8.41,12,1
P007,HRTF_B,12,3.796,-97.36,8.26,12,1
P007,HRTF_B,12,3.81,-96.44,8.14,12,1
P007,HRTF_B,12,3.824,-95.73,8.1,12,1
P007,HRTF_B,12,3.838,-95.16,8.0,12,1
P007,HRTF_B,12,3.852,-94.73,7.91,12,1
P007,HRTF_B,12,3.866,-94.38,7.68,12,1
P007,HRTF_B,12,3.879,-94.14,7.52,12,1
P007,HRTF_B,12,3.894,-94.03,7.35,12,1
P007,HRTF_B,12,3.908,-93.94,7.11,12,1
P007,HRTF_B,12,3.922,-93.82,6.86,12,1
P007,HRTF_B,12,3.935,-93.72,6.59,12,1
P007,HRTF_B,12,3.949,-93.65,6.31,12,1
P007,HRTF_B,12,3.963,-93.62,6.05,12,1
P007,HRTF_B,12,3.977,-93.57,5.78,12,1
P007,HRTF_B,12,3.991,-93.49,5.48,12,1
P007,HRTF_B,12,4.005,-93.37,5.23,12,1
P007,HRTF_B,12,4.018,-93.27,5.04,12,1
P007,HRTF_B,12,4.033,-93.18,4.92,12,1
P007,HRTF_B,12,4.046,-93.09,4.81,12,1
P007,HRTF_B,12,4.06,-92.97,4.73,12,1
P007,HRTF_B,12,4.074,-92.83,4.66,12,1
P007,HRTF_B,12,4.088,-92.67,4.62,12,1
P007,HRTF_B,12,4.102,-92.52,4.61,12,1
P007,HRTF_B,12,4.115,-92.37,4.59,12,1
P007,HRTF_B,12,4.129,-92.19,4.51,12,1
P007,HRTF_B,12,4.143,-91.96,4.41,12,1
P007,HRTF_B,12,4.158,-91.66,4.28,12,1
P007,HRTF_B,12,4.172,-91.33,4.15,12,1
P007,HRTF_B,12,4.185,-90.98,4.04,12,1
P007,HRTF_B,12,4.199,-90.6,3.9,12,1
P007,HRTF_B,12,4.213,-90.2,3.7,12,1
P007,HRTF_B,12,4.227,-89.72,3.48,12,1
P007,HRTF_B,12,4.241,-89.23,3.23,12,1
P007,HRTF_B,12,4.254,-88.67,2.98,12,1
P007,HRTF_B,12,4.269,-88.08,2.7,12,1
P007,HRTF_B,12,4.282,-87.45,2.41,12,1
P007,HRTF_B,12,4.297,-86.76,2.06,12,1
P007,HRTF_B,12,4.31,-86.05,1.65,12,1
P007,HRTF_B,12,4.325,-85.25,1.19,12,1
P007,HRTF_B,12,4.338,-84.37,0.72,12,1
P007,HRTF_B,12,4.352,-83.41,0.25,12,1
P007,HRTF_B,12,4.366,-82.35,-0.2,12,1
P007,HRTF_B,12,4.38,-81.22,-0.6,12,1
P007,HRTF_B,12,4.393,-80.05,-0.92,12,1
P007,HRTF_B,12,4.407,-78.83,-1.14,12,1
P007,HRTF_B,12,4.422,-77.6,-1.27,12,1
P007,HRTF_B,12,4.435,-76.4,-1.36,12,1
P007,HRTF_B,12,4.449,-75.26,-1.36,12,1
P007,HRTF_B,12,4.463,-74.16,-1.34,12,1
P007,HRTF_B,12,4.477,-73.14,-1.31,12,1
P007,HRTF_B,12,4.491,-72.19,-1.25,12,1
P007,HRTF_B,12,4.505,-71.32,-1.14,12,1
P007,HRTF_B,12,4.519,-70.52,-1.04,12,1
P007,HRTF_B,12,4.532,-69.82,-0.92,12,1
P007,HRTF_B,12,4.546,-69.13,-0.8,12,1
P007,HRTF_B,12,4.56,-68.42,-0.64,12,1
P007,HRTF_B,12,4.574,-67.65,-0.45,12,1
P007,HRTF_B,12,4.588,-66.77,-0.23,12,1
P007,HRTF_B,12,4.602,-65.81,0.05,12,1
P007,HRTF_B,12,4.616,-64.77,0.36,12,1
P007,HRTF_B,12,4.63,-63.66,0.72,12,1
P007,HRTF_B,12,4.644,-62.55,1.09,12,1
P007,HRTF_B,12,4.657,-61.4,1.43,12,1
P007,HRTF_B,12,4.671,-60.24,1.76,12,1
P007,HRTF_B,12,4.685,-59.05,2.13,12,1
P007,HRTF_B,12,4.699,-57.89,2.51,12,1
P007,HRTF_B,12,4.714,-56.74,2.92,12,1
P007,HRTF_B,12,4.728,-55.61,3.26,12,1
P007,HRTF_B,12,4.741,-54.51,3.59,12,1
P007,HRTF_B,12,4.755,-53.41,3.86,12,1
P007,HRTF_B,12,4.769,-52.34,4.16,12,1
P007,HRTF_B,12,4.782,-51.31,4.49,12,1
P007,HRTF_B,12,4.796,-50.29,4.81,12,1
P007,HRTF_B,12,4.81,-49.3,5.12,12,1
P007,HRTF_B,12,4.824,-48.31,5.42,12,1
P007,HRTF_B,12,4.838,-47.29,5.7,12,1
P007,HRTF_B,12,4.852,-46.26,6.0,12,1
P007,HRTF_B,12,4.866,-45.15,6.26,12,1
P007,HRTF_B,12,4.88,-44.03,6.52,12,1
P007,HRTF_B,12,4.894,-42.87,6.75,12,1
P007,HRTF_B,12,4.908,-41.67,7.01,12,1
P007,HRTF_B,12,4.921,-40.45,7.29,12,1
P007,HRTF_B,12,4.935,-39.21,7.59,12,1
P007,HRTF_B,12,4.949,-37.98,7.86,12,1
P007,HRTF_B,12,4.963,-36.75,8.08,12,1
P007,HRTF_B,12,4.977,-35.57,8.28,12,1
P007,HRTF_B,12,4.99,-34.43,8.47,12,1
P007,HRTF_B,12,5.004,-33.34,8.67,12,1
P007,HRTF_B,12,5.019,-32.3,8.87,12,1
P007,HRTF_B,12,5.032,-31.34,9.09,12,1
P007,HRTF_B,12,5.047,-30.44,9.29,12,1
P007,HRTF_B,12,5.06,-29.58,9.46,12,1
P007,HRTF_B,12,5.074,-28.78,9.62,12,1
P007,HRTF_B,12,5.088,-28.01,9.76,12,1
P007,HRTF_B,12,5.102,-27.26,9.9,12,1
P007,HRTF_B,12,5.116,-26.52,10.04,12,1
P007,HRTF_B,12,5.13,-25.76,10.16,12,1
P007,HRTF_B,12,5.143,-24.97,10.21,12,1
P007,HRTF_B,12,5.157,-24.16,10.24,12,1
P007,HRTF_B,12,5.172,-23.35,10.25,12,1
P007,HRTF_B,12,5.185,-22.52,10.23,12,1
P007,HRTF_B,12,5.199,-21.67,10.22,12,1
P007,HRTF_B,12,5.213,-20.86,10.19,12,1
P007,HRTF_B,12,5.227,-20.04,10.17,12,1
P007,HRTF_B,12,5.241,-19.28,10.15,12,1
P007,HRTF_B,12,5.255,-18.6,10.12,12,1
P007,HRTF_B,12,5.269,-17.94,10.1,12,1
P007,HRTF_B,12,5.282,-17.33,10.1,12,1
P007,HRTF_B,12,5.296,-16.74,10.07,12,1
P007,HRTF_B,12,5.31,-16.18,10.09,12,1
P007,HRTF_B,12,5.328,-15.67,10.1,12,1
P007,HRTF_B,12,5.341,-15.19,10.09,12,1
P007,HRTF_B,12,5.352,-14.71,10.06,12,1
P007,HRTF_B,12,5.366,-14.24,9.98,12,1
P007,HRTF_B,12,5.38,-13.8,9.88,12,1
P007,HRTF_B,12,5.393,-13.42,9.77,12,1
P007,HRTF_B,12,5.407,-13.12,9.65,12,1
P007,HRTF_B,12,5.421,-12.88,9.52,12,1
P007,HRTF_B,12,5.435,-12.72,9.34,12,1
P007,HRTF_B,12,5.449,-12.6,9.15,12,1
P007,HRTF_B,12,5.463,-12.51,8.92,12,1
P007,HRTF_B,12,5.477,-12.46,8.63,12,1
P007,HRTF_B,12,5.491,-12.43,8.27,12,1
P007,HRTF_B,12,5.505,-12.42,7.8,12,1
P007,HRTF_B,12,5.519,-12.39,7.11,12,1
P007,HRTF_B,12,5.532,-12.36,6.27,12,1
P007,HRTF_B,12,5.546,-12.31,5.3,12,1
P007,HRTF_B,12,5.56,-12.23,4.25,12,1
P007,HRTF_B,12,5.574,-12.15,3.19,12,1
P007,HRTF_B,12,5.587,-12.04,2.11,12,1
P007,HRTF_B,12,5.602,-11.98,0.96,12,1
P007,HRTF_B,12,5.616,-11.92,-0.32,12,1
P007,HRTF_B,12,5.631,-11.85,-1.67,12,1
P007,HRTF_B,12,5.642,-11.78,-2.95,12,1
P007,HRTF_B,12,5.657,-11.69,-4.11,12,1
P007,HRTF_B,12,5.671,-11.58,-5.16,12,1
P007,HRTF_B,12,5.685,-11.43,-6.15,12,1
P007,HRTF_B,12,5.699,-11.34,-7.13,12,1
P007,HRTF_B,12,5.713,-11.26,-8.11,12,1
P007,HRTF_B,12,5.727,-11.18,-9.04,12,1
P007,HRTF_B,12,5.741,-11.13,-9.93,12,1
P007,HRTF_B,12,5.755,-11.05,-10.78,12,1
P007,HRTF_B,12,5.769,-10.99,-11.66,12,1
P007,HRTF_B,12,5.782,-10.95,-12.6,12,1
P007,HRTF_B,12,5.796,-10.97,-13.54,12,1
P007,HRTF_B,12,5.81,-11.05,-14.42,12,1
P007,HRTF_B,12,5.824,-11.18,-15.23,12,1
P007,HRTF_B,12,5.838,-11.3,-16.03,12,1
P007,HRTF_B,12,5.852,-11.45,-16.85,12,1
P007,HRTF_B,12,5.865,-11.59,-17.76,12,1
P007,HRTF_B,12,5.88,-11.78,-18.69,12,1
P007,HRTF_B,12,5.894,-12.0,-19.66,12,1
P007,HRTF_B,12,5.908,-12.22,-20.62,12,1
P007,HRTF_B,12,5.921,-12.41,-21.62,12,1
P007,HRTF_B,12,5.935,-12.57,-22.61,12,1
P007,HRTF_B,12,5.949,-12.64,-23.51,12,1
P007,HRTF_B,12,5.963,-12.66,-24.34,12,1
P007,HRTF_B,12,5.977,-12.65,-25.07,12,1
P007,HRTF_B,12,5.991,-12.64,-25.74,12,1
P007,HRTF_B,12,6.005,-12.66,-26.41,12,1
P007,HRTF_B,12,6.019,-12.74,-27.11,12,1
P007,HRTF_B,12,6.033,-12.88,-27.82,12,1
P007,HRTF_B,12,6.046,-13.06,-28.54,12,1
P007,HRTF_B,12,6.06,-13.26,-29.26,12,1
P007,HRTF_B,12,6.074,-13.5,-29.98,12,1
P007,HRTF_B,12,6.088,-13.75,-30.68,12,1
P007,HRTF_B,12,6.102,-14.01,-31.41,12,1
P007,HRTF_B,12,6.116,-14.26,-32.15,12,1
P007,HRTF_B,12,6.13,-14.51,-32.92,12,1
P007,HRTF_B,12,6.144,-14.72,-33.73,12,1
P007,HRTF_B,12,6.158,-14.93,-34.52,12,1
P007,HRTF_B,12,6.172,-15.12,-35.29,12,1
P007,HRTF_B,12,6.185,-15.31,-36.05,12,1
P007,HRTF_B,12,6.199,-15.54,-36.79,12,1
P007,HRTF_B,12,6.213,-15.75,-37.6,12,1
P007,HRTF_B,12,6.227,-15.95,-38.4,12,1
P007,HRTF_B,12,6.241,-16.14,-39.19,12,1
P007,HRTF_B,12,6.255,-16.36,-39.92,12,1
P007,HRTF_B,12,6.269,-16.51,-40.65,12,1
P007,HRTF_B,12,6.283,-16.6,-41.44,12,1
P007,HRTF_B,12,6.297,-16.78,-42.17,12,1
P007,HRTF_B,12,6.31,-16.89,-42.9,12,1
P007,HRTF_B,12,6.325,-16.99,-43.61,12,1
P007,HRTF_B,12,6.338,-17.06,-44.28,12,1
P007,HRTF_B,12,6.352,-17.07,-44.94,12,1
P007,HRTF_B,12,6.365,-17.09,-45.55,12,1
P007,HRTF_B,12,6.38,-17.05,-46.12,12,1
P007,HRTF_B,12,6.394,-16.99,-46.62,12,1
P007,HRTF_B,12,6.408,-16.9,-47.09,12,1
P007,HRTF_B,12,6.422,-16.75,-47.51,12,1
P007,HRTF_B,12,6.435,-16.54,-47.9,12,1
P007,HRTF_B,12,6.449,-16.3,-48.29,12,1
P007,HRTF_B,12,6.463,-16.04,-48.68,12,1
P007,HRTF_B,12,6.477,-15.78,-49.1,12,1
P007,HRTF_B,12,6.491,-15.47,-49.53,12,1
P007,HRTF_B,12,6.505,-15.15,-49.99,12,1
P007,HRTF_B,12,6.519,-14.81,-50.51,12,1
P007,HRTF_B,12,6.533,-14.46,-51.06,12,1
P007,HRTF_B,12,6.547,-14.14,-51.62,12,1
P007,HRTF_B,12,6.56,-13.81,-52.19,12,1
P007,HRTF_B,12,6.574,-13.49,-52.75,12,1
P007,HRTF_B,12,6.589,-13.15,-53.31,12,1
P007,HRTF_B,12,6.602,-12.86,-53.84,12,1
P007,HRTF_B,12,6.616,-12.56,-54.4,12,1
P007,HRTF_B,12,6.63,-12.36,-54.96,12,1
P007,HRTF_B,12,6.644,-12.17,-55.57,12,1
P007,HRTF_B,12,6.658,-12.01,-56.11,12,1
P007,HRTF_B,12,6.672,-11.87,-56.65,12,1
P007,HRTF_B,12,6.685,-11.79,-57.14,12,1
P007,HRTF_B,12,6.699,-11.78,-57.6,12,1
P007,HRTF_B,12,6.713,-11.81,-58.06,12,1
P007,HRTF_B,12,6.727,-11.9,-58.52,12,1
P007,HRTF_B,12,6.741,-12.02,-58.94,12,1
P007,HRTF_B,12,6.755,-12.13,-59.31,12,1
P007,HRTF_B,12,6.769,-12.25,-59.63,12,1
P007,HRTF_B,12,6.783,-12.43,-59.93,12,1
P007,HRTF_B,12,6.797,-12.63,-60.25,12,1
P007,HRTF_B,12,6.81,-12.86,-60.6,12,1
P007,HRTF_B,12,6.825,-13.12,-60.96,12,1
P007,HRTF_B,12,6.838,-13.4,-61.3,12,1
P007,HRTF_B,12,6.853,-13.63,-61.64,12,1
P007,HRTF_B,12,6.866,-13.9,-61.95,12,1
P007,HRTF_B,12,6.88,-14.18,-62.21,12,1
P007,HRTF_B,12,6.894,-14.5,-62.45,12,1
P007,HRTF_B,12,6.908,-14.85,-62.67,12,1
P007,HRTF_B,12,6.922,-15.2,-62.93,12,1
P007,HRTF_B,12,6.935,-15.58,-63.2,12,1
P007,HRTF_B,12,6.949,-15.97,-63.47,12,1
P007,HRTF_B,12,6.963,-16.34,-63.73,12,1
P007,HRTF_B,12,6.977,-16.73,-64.01,12,1
P007,HRTF_B,12,6.991,-17.08,-64.27,12,1
P007,HRTF_B,12,7.005,-17.4,-64.55,12,1
P007,HRTF_B,12,7.019,-17.73,-64.83,12,1
P007,HRTF_B,12,7.033,-18.05,-65.11,12,1
P007,HRTF_B,12,7.047,-18.36,-65.37,12,1
P007,HRTF_B,12,7.06,-18.66,-65.62,12,1
P007,HRTF_B,12,7.074,-18.93,-65.88,12,1
P007,HRTF_B,12,7.088,-19.2,-66.15,12,1
P007,HRTF_B,12,7.102,-19.45,-66.45,12,1
P007,HRTF_B,12,7.116,-19.7,-66.74,12,1
P007,HRTF_B,12,7.13,-19.92,-67.03,12,1
P007,HRTF_B,12,7.144,-20.11,-67.31,12,1
P007,HRTF_B,12,7.158,-20.26,-67.58,12,1
P007,HRTF_B,12,7.171,-20.36,-67.87,12,1
P007,HRTF_B,12,7.185,-20.46,-68.18,12,1
P007,HRTF_B,12,7.199,-20.5,-68.49,12,1
P007,HRTF_B,12,7.213,-20.44,-68.8,12,1
P007,HRTF_B,12,7.227,-20.35,-69.1,12,1
P007,HRTF_B,12,7.241,-20.23,-69.38,12,1
P007,HRTF_B,12,7.255,-20.06,-69.65,12,1
P007,HRTF_B,12,7.269,-19.86,-69.93,12,1
P007,HRTF_B,12,7.282,-19.61,-70.18,12,1
P007,HRTF_B,12,7.296,-19.22,-70.41,12,1
P007,HRTF_B,12,7.31,-18.83,-70.67,12,1
P007,HRTF_B,12,7.324,-18.4,-70.93,12,1
P007,HRTF_B,12,7.338,-17.98,-71.2,12,1
P007,HRTF_B,12,7.352,-17.59,-71.47,12,1
P007,HRTF_B,12,7.366,-17.23,-71.7,12,1
P007,HRTF_B,12,7.38,-16.92,-71.95,12,1
P007,HRTF_B,12,7.393,-16.58,-72.14,12,1
P007,HRTF_B,12,7.408,-16.29,-72.28,12,1
P007,HRTF_B,12,7.422,-15.85,-72.34,12,1
P007,HRTF_B,12,7.435,-15.41,-72.13,12,1
P007,HRTF_B,12,7.449,-14.67,-71.7,12,1
P007,HRTF_B,12,7.463,-13.78,-71.12,12,1
P007,HRTF_B,12,7.477,-12.91,-70.25,12,1
P007,HRTF_B,12,7.491,-12.03,-69.26,12,1
P007,HRTF_B,12,7.505,-10.99,-68.11,12,1
P007,HRTF_B,12,7.519,-10.05,-66.88,12,1
P007,HRTF_B,12,7.533,-9.06,-65.52,12,1
P007,HRTF_B,12,7.547,-7.96,-64.11,12,1
P007,HRTF_B,12,7.56,-6.87,-62.7,12,1
P007,HRTF_B,12,7.574,-5.62,-61.45,12,1
P007,HRTF_B,12,7.589,-4.43,-60.05,12,1
P007,HRTF_B,12,7.602,-3.28,-58.62,12,1
P007,HRTF_B,12,7.616,-2.03,-57.09,12,1
P007,HRTF_B,12,7.63,-0.74,-55.42,12,1
P007,HRTF_B,12,7.644,0.57,-53.69,12,1
P007,HRTF_B,12,7.657,1.97,-51.88,12,1
P007,HRTF_B,12,7.672,3.33,-50.01,12,1
P007,HRTF_B,12,7.685,4.68,-48.08,12,1
P007,HRTF_B,12,7.699,6.03,-46.13,12,1
P007,HRTF_B,12,7.713,7.4,-44.11,12,1
P007,HRTF_B,12,7.727,8.82,-42.08,12,1
P007,HRTF_B,12,7.741,10.27,-40.05,12,1
P007,HRTF_B,12,7.755,11.75,-38.01,12,1
P007,HRTF_B,12,7.769,13.19,-36.06,12,1
P007,HRTF_B,12,7.783,14.63,-34.22,12,1
P007,HRTF_B,12,7.796,16.06,-32.38,12,1
P007,HRTF_B,12,7.81,17.5,-30.63,12,1
P007,HRTF_B,12,7.824,19.02,-28.88,12,1
P007,HRTF_B,12,7.838,20.53,-27.1,12,1
P007,HRTF_B,12,7.852,22.06,-25.36,12,1
P007,HRTF_B,12,7.865,23.58,-23.63,12,1
P007,HRTF_B,12,7.88,25.08,-21.98,12,1
P007,HRTF_B,12,7.893,26.59,-20.38,12,1
P007,HRTF_B,12,7.907,28.1,-18.83,12,1
P007,HRTF_B,12,7.922,29.62,-17.34,12,1
P007,HRTF_B,12,7.935,31.18,-15.91,12,1
P007,HRTF_B,12,7.949,32.74,-14.53,12,1
P007,HRTF_B,12,7.963,34.32,-13.21,12,1
P007,HRTF_B,12,7.977,35.94,-12.0,12,1
P007,HRTF_B,12,7.991,37.61,-10.89,12,1
P007,HRTF_B,12,8.005,39.28,-9.82,12,1
P007,HRTF_B,12,8.018,40.97,-8.8,12,1
P007,HRTF_B,12,8.032,42.65,-7.87,12,1
P007,HRTF_B,12,8.046,44.28,-7.01,12,1
P007,HRTF_B,12,8.06,45.91,-6.35,12,1
P007,HRTF_B,12,8.074,47.53,-5.71,12,1
P007,HRTF_B,12,8.088,49.13,-5.17,12,1
P007,HRTF_B,12,8.102,50.73,-4.7,12,1
P007,HRTF_B,12,8.116,52.32,-4.27,12,1
P007,HRTF_B,12,8.13,53.89,-3.87,12,1
P007,HRTF_B,12,8.144,55.45,-3.46,12,1
P007,HRTF_B,12,8.157,57.0,-3.07,12,1
P007,HRTF_B,12,8.171,58.55,-2.7,12,1
P007,HRTF_B,12,8.185,60.06,-2.34,12,1
P007,HRTF_B,12,8.199,61.59,-2.08,12,1
P007,HRTF_B,12,8.213,63.09,-1.76,12,1
P007,HRTF_B,12,8.227,64.61,-1.47,12,1
P007,HRTF_B,12,8.24,66.12,-1.15,12,1
P007,HRTF_B,12,8.254,67.63,-0.86,12,1
P007,HRTF_B,12,8.269,69.11,-0.56,12,1
P007,HRTF_B,12,8.282,70.54,-0.2,12,1
P007,HRTF_B,12,8.296,71.92,0.16,12,1
P007,HRTF_B,12,8.31,73.2,0.56,12,1
P007,HRTF_B,12,8.324,74.45,0.97,12,1
P007,HRTF_B,12,8.338,75.6,1.41,12,1
P007,HRTF_B,12,8.352,76.65,1.93,12,1
P007,HRTF_B,12,8.366,77.59,2.42,12,1
P007,HRTF_B,12,8.379,78.36,3.01,12,1
P007,HRTF_B,12,8.393,79.01,3.59,12,1
P007,HRTF_B,12,8.407,79.5,4.07,12,1
P007,HRTF_B,12,8.421,79.85,4.64,12,1
P007,HRTF_B,12,8.435,80.1,5.21,12,1
P007,HRTF_B,12,8.449,80.26,5.78,12,1
P007,HRTF_B,12,8.463,80.31,6.41,12,1
P007,HRTF_B,12,8.477,80.34,7.0,12,1
P007,HRTF_B,12,8.49,80.4,7.55,12,1
P007,HRTF_B,12,8.505,80.54,8.02,12,1
P007,HRTF_B,12,8.518,80.77,8.48,12,1
P007,HRTF_B,12,8.532,81.05,8.95,12,1
P007,HRTF_B,12,8.546,81.35,9.43,12,1
P007,HRTF_B,12,8.56,81.74,9.92,12,1
P007,HRTF_B,12,8.574,82.22,10.38,12,1
P007,HRTF_B,12,8.588,82.81,10.77,12,1
P007,HRTF_B,12,8.601,83.47,11.09,12,1
P007,HRTF_B,12,8.615,84.1,11.37,12,1
P007,HRTF_B,12,8.629,84.72,11.61,12,1
P007,HRTF_B,12,8.644,85.26,11.87,12,1
P007,HRTF_B,12,8.657,85.84,12.06,12,1
P007,HRTF_B,12,8.671,86.47,12.24,12,1
P007,HRTF_B,12,8.685,87.11,12.4,12,1
P007,HRTF_B,12,8.699,87.78,12.49,12,1
P007,HRTF_B,12,8.712,88.44,12.51,12,1
P007,HRTF_B,12,8.727,89.1,12.5,12,1
P007,HRTF_B,12,8.741,89.79,12.52,12,1
P007,HRTF_B,12,8.754,90.56,12.59,12,1
P007,HRTF_B,12,8.768,91.35,12.67,12,1
P007,HRTF_B,12,8.782,92.16,12.75,12,1
P007,HRTF_B,12,8.796,92.96,12.77,12,1
P007,HRTF_B,12,8.81,93.75,12.73,12,1
P007,HRTF_B,12,8.824,94.54,12.69,12,1
P007,HRTF_B,12,8.838,95.36,12.68,12,1
P007,HRTF_B,12,8.852,96.16,12.76,12,1
P007,HRTF_B,12,8.866,96.99,12.86,12,1
P007,HRTF_B,12,8.881,97.79,12.96,12,1
P007,HRTF_B,12,8.893,98.58,13.02,12,1
P007,HRTF_B,12,8.907,99.37,13.02,12,1
P007,HRTF_B,12,8.921,100.17,12.95,12,1
P007,HRTF_B,12,8.935,100.98,12.89,12,1
P007,HRTF_B,12,8.949,101.77,12.82,12,1
P007,HRTF_B,12,8.963,102.53,12.78,12,1
P007,HRTF_B,12,8.977,103.25,12.7,12,1
P007,HRTF_B,12,8.991,103.92,12.53,12,1
P007,HRTF_B,12,9.005,104.58,12.34,12,1
P007,HRTF_B,12,9.018,105.24,12.15,12,1
P007,HRTF_B,12,9.032,105.88,11.96,12,1
P007,HRTF_B,12,9.046,106.47,11.79,12,1
P007,HRTF_B,12,9.06,107.04,11.61,12,1
P007,HRTF_B,12,9.074,107.58,11.46,12,1
P007,HRTF_B,12,9.088,108.12,11.32,12,1
P007,HRTF_B,12,9.102,108.67,11.26,12,1
P007,HRTF_B,12,9.115,109.2,11.26,12,1
P007,HRTF_B,12,9.131,109.69,11.3,12,1
P007,HRTF_B,12,9.143,110.17,11.35,12,1
P007,HRTF_B,12,9.157,110.63,11.43,12,1
P007,HRTF_B,12,9.171,111.11,11.54,12,1
P007,HRTF_B,12,9.185,111.57,11.69,12,1
P007,HRTF_B,12,9.199,112.07,11.88,12,1
P007,HRTF_B,12,9.213,112.55,12.06,12,1
P007,HRTF_B,12,9.227,113.07,12.21,12,1
P007,HRTF_B,12,9.24,113.66,12.32,12,1
P007,HRTF_B,12,9.254,114.3,12.37,12,1
P007,HRTF_B,12,9.268,115.02,12.44,12,1
P007,HRTF_B,12,9.282,115.76,12.52,12,1
P007,HRTF_B,12,9.296,116.5,12.58,12,1
P007,HRTF_B,12,9.31,117.23,12.62,12,1
P007,HRTF_B,12,9.324,117.96,12.64,12,1
P007,HRTF_B,12,9.337,118.69,12.66,12,1
P007,HRTF_B,12,9.352,119.42,12.68,12,1
P007,HRTF_B,12,9.366,120.15,12.71,12,1
P007,HRTF_B,12,9.379,120.88,12.75,12,1
P007,HRTF_B,12,9.393,121.56,12.79,12,1
P007,HRTF_B,12,9.407,122.16,12.82,12,1
P007,HRTF_B,12,9.421,122.71,12.84,12,1
P007,HRTF_B,12,9.435,123.21,12.85,12,1
P007,HRTF_B,12,9.449,123.66,12.86,12,1
P007,HRTF_B,12,9.462,124.07,12.87,12,1
P007,HRTF_B,12,9.477,124.48,12.86,12,1
P007,HRTF_B,12,9.49,124.85,12.86,12,1
P007,HRTF_B,12,9.504,125.2,12.88,12,1
P007,HRTF_B,12,9.518,125.52,12.9,12,1
P007,HRTF_B,12,9.532,125.82,12.93,12,1
P007,HRTF_B,12,9.546,126.14,12.94,12,1
P007,HRTF_B,12,9.56,126.48,12.91,12,1
P007,HRTF_B,12,9.573,126.84,12.88,12,1
P007,HRTF_B,12,9.588,127.23,12.83,12,1
P007,HRTF_B,12,9.602,127.6,12.8,12,1
P007,HRTF_B,12,9.615,127.95,12.78,12,1
P007,HRTF_B,12,9.629,128.27,12.77,12,1
P007,HRTF_B,12,9.643,128.61,12.77,12,1
P007,HRTF_B,12,9.657,128.95,12.76,12,1
P007,HRTF_B,12,9.671,129.3,12.77,12,1
P007,HRTF_B,12,9.685,129.64,12.76,12,1
P007,HRTF_B,12,9.698,129.96,12.76,12,1
P007,HRTF_B,12,9.713,130.24,12.76,12,1
P007,HRTF_B,12,9.727,130.48,12.76,12,1
P007,HRTF_B,12,9.74,130.69,12.76,12,1
P007,HRTF_B,12,9.755,130.89,12.77,12,1
P007,HRTF_B,12,9.768,131.09,12.78,12,1
P007,HRTF_B,12,9.782,131.28,12.78,12,1
P007,HRTF_B,12,9.796,131.45,12.75,12,1
P007,HRTF_B,12,9.81,131.61,12.7,12,1
P007,HRTF_B,12,9.824,131.75,12.61,12,1
P007,HRTF_B,12,9.837,131.89,12.5,12,1
P007,HRTF_B,12,9.851,132.05,12.4,12,1
P007,HRTF_B,12,9.865,132.22,12.31,12,1
P007,HRTF_B,12,9.879,132.38,12.22,12,1
P007,HRTF_B,12,9.893,132.56,12.11,12,1
P007,HRTF_B,12,9.906,132.73,11.99,12,1
P007,HRTF_B,12,9.921,132.89,11.85,12,1
P007,HRTF_B,12,9.935,133.05,11.74,12,1
P007,HRTF_B,12,9.948,133.2,11.66,12,1
P007,HRTF_B,12,9.962,133.33,11.6,12,1
P007,HRTF_B,12,9.976,133.45,11.55,12,1
P007,HRTF_B,12,9.991,133.56,11.51,12,1
P007,HRTF_B,12,10.004,133.66,11.44,12,1
P007,HRTF_B,12,10.018,133.75,11.35,12,1
P007,HRTF_B,12,10.032,133.86,11.25,12,1
P007,HRTF_B,12,10.046,133.95,11.19,12,1
P007,HRTF_B,12,10.06,134.03,11.19,12,1
P007,HRTF_B,12,10.073,134.1,11.2,12,1
P007,HRTF_B,12,10.088,134.13,11.25,12,1
P007,HRTF_B,12,10.101,134.16,11.29,12,1
P007,HRTF_B,12,10.116,134.16,11.3,12,1
P007,HRTF_B,12,10.129,134.16,11.32,12,1
P007,HRTF_B,12,10.143,134.13,11.36,12,1
P007,HRTF_B,12,10.157,134.07,11.43,12,1
P007,HRTF_B,12,10.171,133.99,11.5,12,1
P007,HRTF_B,12,10.185,133.88,11.58,12,1
P007,HRTF_B,12,10.199,133.74,11.62,12,1
P007,HRTF_B,12,10.213,133.6,11.64,12,1
P007,HRTF_B,12,10.227,133.45,11.63,12,1
P007,HRTF_B,12,10.24,133.31,11.6,12,1
P007,HRTF_B,12,10.254,133.15,11.57,12,1
P007,HRTF_B,12,10.268,133.0,11.57,12,1
P007,HRTF_B,12,10.282,132.84,11.59,12,1
P007,HRTF_B,12,10.296,132.7,11.61,12,1
P007,HRTF_B,12,10.31,132.59,11.62,12,1
P007,HRTF_B,12,10.324,132.5,11.64,12,1
P007,HRTF_B,12,10.337,132.43,11.63,12,1
P007,HRTF_B,12,10.351,132.39,11.63,12,1
P007,HRTF_B,12,10.365,132.37,11.64,12,1
P007,HRTF_B,12,10.379,132.36,11.68,12,1
P007,HRTF_B,12,10.393,132.37,11.73,12,1
P007,HRTF_B,12,10.407,132.37,11.78,12,1
P007,HRTF_B,12,10.421,132.39,11.84,12,1
P007,HRTF_B,12,10.435,132.4,11.86,12,1
P007,HRTF_B,12,10.448,132.4,11.87,12,1
P007,HRTF_B,12,10.462,132.39,11.88,12,1
P007,HRTF_B,12,10.477,132.33,11.87,12,1
P007,HRTF_B,12,10.49,132.27,11.86,12,1
P007,HRTF_B,12,10.504,132.2,11.85,12,1
P007,HRTF_B,12,10.518,132.11,11.83,12,1
P007,HRTF_B,12,10.532,132.02,11.8,12,1
P007,HRTF_B,12,10.545,131.93,11.77,12,1
P007,HRTF_B,12,10.56,131.83,11.73,12,1
P007,HRTF_B,12,10.574,131.71,11.69,12,1
P007,HRTF_B,12,10.587,131.58,11.66,12,1
P007,HRTF_B,12,10.601,131.44,11.66,12,1
P007,HRTF_B,12,10.616,131.3,11.69,12,1
P007,HRTF_B,12,10.629,131.16,11.72,12,1
P007,HRTF_B,12,10.643,131.0,11.74,12,1
P007,HRTF_B,12,10.657,130.82,11.72,12,1
P007,HRTF_B,12,10.671,130.63,11.67,12,1
P007,HRTF_B,12,10.685,130.41,11.63,12,1
P007,HRTF_B,12,10.698,130.2,11.59,12,1
P007,HRTF_B,12,10.712,129.99,11.57,12,1
P007,HRTF_B,12,10.727,129.79,11.55,12,1
P007,HRTF_B,12,10.74,129.6,11.52,12,1
P007,HRTF_B,12,10.754,129.41,11.48,12,1
P007,HRTF_B,12,10.768,129.21,11.42,12,1
P007,HRTF_B,12,10.782,129.0,11.38,12,1
P007,HRTF_B,12,10.796,128.78,11.36,12,1
P007,HRTF_B,12,10.81,128.56,11.34,12,1
P007,HRTF_B,12,10.824,128.34,11.33,12,1
P007,HRTF_B,12,10.837,128.12,11.31,12,1
P007,HRTF_B,12,10.851,127.9,11.28,12,1
P007,HRTF_B,12,10.865,127.68,11.25,12,1
P007,HRTF_B,12,10.879,127.45,11.22,12,1
P007,HRTF_B,12,10.893,127.23,11.17,12,1
P007,HRTF_B,12,10.907,127.01,11.12,12,1
P007,HRTF_B,12,10.921,126.79,11.08,12,1
P007,HRTF_B,12,10.935,126.58,11.03,12,1
P007,HRTF_B,12,10.949,126.37,10.99,12,1
P007,HRTF_B,12,10.962,126.18,10.92,12,1
P007,HRTF_B,12,10.977,126.0,10.86,12,1
P007,HRTF_B,12,10.99,125.85,10.79,12,1
P007,HRTF_B,12,11.004,125.72,10.74,12,1
P007,HRTF_B,12,11.018,125.59,10.69,12,1
P007,HRTF_B,12,11.032,125.46,10.65,12,1
P007,HRTF_B,12,11.046,125.34,10.6,12,1
P007,HRTF_B,12,11.06,125.24,10.56,12,1
P007,HRTF_B,12,11.073,125.16,10.52,12,1
P007,HRTF_B,12,11.088,125.08,10.51,12,1
P007,HRTF_B,12,11.101,125.0,10.52,12,1
P007,HRTF_B,12,11.115,124.91,10.53,12,1
P007,HRTF_B,12,11.129,124.83,10.5,12,1
P007,HRTF_B,12,11.143,124.76,10.4,12,1
P007,HRTF_B,12,11.157,124.71,10.24,12,1
P007,HRTF_B,12,11.171,124.69,10.09,12,1
P007,HRTF_B,12,11.185,124.69,9.95,12,1
P007,HRTF_B,12,11.199,124.7,9.84,12,1
P007,HRTF_B,12,11.213,124.71,9.74,12,1
P007,HRTF_B,12,11.227,124.72,9.68,12,1
P007,HRTF_B,12,11.24,124.71,9.66,12,1
P007,HRTF_B,13,0.013,-6.25,-3.92,22,1
P007,HRTF_B,13,0.023,-6.32,-4.13,22,1
P007,HRTF_B,13,0.034,-6.37,-4.34,22,1
P007,HRTF_B,13,0.047,-6.45,-4.61,22,1
P007,HRTF_B,13,0.071,-6.56,-4.93,22,1
P007,HRTF_B,13,0.085,-6.67,-5.2,22,1
P007,HRTF_B,13,0.099,-6.79,-5.44,22,1
P007,HRTF_B,13,0.113,-6.9,-5.66,22,1
P007,HRTF_B,13,0.127,-7.03,-5.85,22,1
P007,HRTF_B,13,0.14,-7.17,-6.06,22,1
P007,HRTF_B,13,0.154,-7.31,-6.24,22,1
P007,HRTF_B,13,0.168,-7.46,-6.39,22,1
P007,HRTF_B,13,0.183,-7.62,-6.51,22,1
P007,HRTF_B,13,0.196,-7.78,-6.6,22,1
P007,HRTF_B,13,0.21,-7.94,-6.7,22,1
P007,HRTF_B,13,0.224,-8.08,-6.82,22,1
P007,HRTF_B,13,0.238,-8.23,-7.03,22,1
P007,HRTF_B,13,0.252,-8.36,-7.32,22,1
P007,HRTF_B,13,0.266,-8.52,-7.61,22,1
P007,HRTF_B,13,0.28,-8.71,-7.87,22,1
P007,HRTF_B,13,0.294,-8.91,-8.11,22,1
P007,HRTF_B,13,0.307,-9.08,-8.38,22,1
P007,HRTF_B,13,0.321,-9.21,-8.72,22,1
P007,HRTF_B,13,0.336,-9.3,-9.16,22,1
P007,HRTF_B,13,0.349,-9.35,-9.64,22,1
P007,HRTF_B,13,0.363,-9.38,-10.12,22,1
P007,HRTF_B,13,0.377,-9.41,-10.52,22,1
P007,HRTF_B,13,0.391,-9.45,-10.83,22,1
P007,HRTF_B,13,0.405,-9.46,-11.13,22,1
P007,HRTF_B,13,0.419,-9.46,-11.48,22,1
P007,HRTF_B,13,0.432,-9.44,-11.86,22,1
P007,HRTF_B,13,0.446,-9.45,-12.2,22,1
P007,HRTF_B,13,0.46,-9.51,-12.47,22,1
P007,HRTF_B,13,0.474,-9.61,-12.67,22,1
P007,HRTF_B,13,0.488,-9.76,-12.9,22,1
P007,HRTF_B,13,0.502,-9.95,-13.05,22,1
P007,HRTF_B,13,0.516,-10.2,-13.22,22,1
P007,HRTF_B,13,0.53,-10.47,-13.38,22,1
P007,HRTF_B,13,0.544,-10.77,-13.49,22,1
P007,HRTF_B,13,0.558,-11.08,-13.58,22,1
P007,HRTF_B,13,0.571,-11.36,-13.71,22,1
P007,HRTF_B,13,0.585,-11.6,-13.87,22,1
P007,HRTF_B,13,0.599,-11.8,-14.05,22,1
P007,HRTF_B,13,0.613,-11.98,-14.22,22,1
P007,HRTF_B,13,0.627,-12.12,-14.33,22,1
P007,HRTF_B,13,0.641,-12.2,-14.43,22,1
P007,HRTF_B,13,0.655,-12.16,-14.58,22,1
P007,HRTF_B,13,0.669,-11.99,-14.78,22,1
P007,HRTF_B,13,0.682,-11.7,-15.03,22,1
P007,HRTF_B,13,0.696,-11.31,-15.26,22,1
P007,HRTF_B,13,0.711,-10.82,-15.51,22,1
P007,HRTF_B,13,0.724,-10.26,-15.75,22,1
P007,HRTF_B,13,0.738,-9.59,-16.04,22,1
P007,HRTF_B,13,0.752,-8.84,-16.42,22,1
P007,HRTF_B,13,0.766,-7.96,-16.86,22,1
P007,HRTF_B,13,0.78,-6.98,-17.32,22,1
P007,HRTF_B,13,0.794,-5.88,-17.84,22,1
P007,HRTF_B,13,0.808,-4.66,-18.37,22,1
P007,HRTF_B,13,0.821,-3.35,-18.96,22,1
P007,HRTF_B,13,0.835,-1.94,-19.62,22,1
P007,HRTF_B,13,0.849,-0.42,-20.31,22,1
P007,HRTF_B,13,0.863,1.07,-20.94,22,1
P007,HRTF_B,13,0.877,2.61,-21.53,22,1
P007,HRTF_B,13,0.891,4.14,-22.14,22,1
P007,HRTF_B,13,0.905,5.73,-22.8,22,1
P007,HRTF_B,13,0.919,7.36,-23.49,22,1
P007,HRTF_B,13,0.932,8.99,-24.17,22,1
P007,HRTF_B,13,0.947,10.59,-24.71,22,1
P007,HRTF_B,13,0.96,12.12,-25.12,22,1
P007,HRTF_B,13,0.974,13.62,-25.39,22,1
P007,HRTF_B,13,0.988,15.06,-25.67,22,1
P007,HRTF_B,13,1.002,16.49,-25.7,22,1
P007,HRTF_B,13,1.016,18.06,-25.85,22,1
P007,HRTF_B,13,1.03,19.81,-25.97,22,1
P007,HRTF_B,13,1.044,21.5,-26.08,22,1
P007,HRTF_B,13,1.057,23.2,-26.13,22,1
P007,HRTF_B,13,1.071,24.81,-26.15,22,1
P007,HRTF_B,13,1.085,26.28,-26.02,22,1
P007,HRTF_B,13,1.099,27.58,-25.84,22,1
P007,HRTF_B,13,1.113,28.8,-25.65,22,1
P007,HRTF_B,13,1.127,30.01,-25.44,22,1
P007,HRTF_B,13,1.141,31.27,-25.3,22,1
P007,HRTF_B,13,1.155,32.5,-25.17,22,1
P007,HRTF_B,13,1.169,33.68,-24.99,22,1
P007,HRTF_B,13,1.183,34.78,-24.78,22,1
P007,HRTF_B,13,1.196,35.78,-24.59,22,1
P007,HRTF_B,13,1.21,36.72,-24.37,22,1
P007,HRTF_B,13,1.224,37.62,-24.24,22,1
P007,HRTF_B,13,1.238,38.43,-24.14,22,1
P007,HRTF_B,13,1.252,39.15,-24.09,22,1
P007,HRTF_B,13,1.266,39.78,-24.07,22,1
P007,HRTF_B,13,1.28,40.32,-24.24,22,1
P007,HRTF_B,13,1.294,40.77,-24.41,22,1
P007,HRTF_B,13,1.307,41.15,-24.69,22,1
P007,HRTF_B,13,1.321,41.45,-25.02,22,1
P007,HRTF_B,13,1.335,41.68,-25.38,22,1
P007,HRTF_B,13,1.349,41.83,-25.78,22,1
P007,HRTF_B,13,1.363,41.88,-26.24,22,1
P007,HRTF_B,13,1.377,41.99,-26.78,22,1
P007,HRTF_B,13,1.391,42.06,-27.33,22,1
P007,HRTF_B,13,1.405,42.14,-27.89,22,1
P007,HRTF_B,13,1.418,42.23,-28.49,22,1
P007,HRTF_B,13,1.433,42.33,-29.12,22,1
P007,HRTF_B,13,1.446,42.48,-29.87,22,1
P007,HRTF_B,13,1.46,42.62,-30.51,22,1
P007,HRTF_B,13,1.474,42.91,-31.14,22,1
P007,HRTF_B,13,1.488,43.32,-31.69,22,1
P007,HRTF_B,13,1.502,43.78,-32.22,22,1
P007,HRTF_B,13,1.516,44.29,-32.63,22,1
P007,HRTF_B,13,1.53,44.83,-32.96,22,1
P007,HRTF_B,13,1.544,45.37,-33.36,22,1
P007,HRTF_B,13,1.557,45.95,-33.74,22,1
P007,HRTF_B,13,1.571,46.59,-34.13,22,1
P007,HRTF_B,13,1.585,47.22,-34.51,22,1
P007,HRTF_B,13,1.599,47.87,-34.89,22,1
P007,HRTF_B,13,1.613,48.54,-35.28,22,1
P007,HRTF_B,13,1.627,49.19,-35.66,22,1
P007,HRTF_B,13,1.641,49.89,-36.07,22,1
P007,HRTF_B,13,1.655,50.65,-36.49,22,1
P007,HRTF_B,13,1.669,51.39,-36.9,22,1
P007,HRTF_B,13,1.683,52.14,-37.33,22,1
P007,HRTF_B,13,1.697,52.88,-37.74,22,1
P007,HRTF_B,13,1.71,53.61,-38.1,22,1
P007,HRTF_B,13,1.724,54.31,-38.38,22,1
P007,HRTF_B,13,1.738,55.0,-38.62,22,1
P007,HRTF_B,13,1.752,55.67,-38.83,22,1
P007,HRTF_B,13,1.766,56.32,-39.1,22,1
P007,HRTF_B,13,1.78,56.96,-39.42,22,1
P007,HRTF_B,13,1.794,57.55,-39.78,22,1
P007,HRTF_B,13,1.807,58.13,-40.17,22,1
P007,HRTF_B,13,1.822,58.72,-40.58,22,1
P007,HRTF_B,13,1.835,59.28,-40.96,22,1
P007,HRTF_B,13,1.849,59.85,-41.34,22,1
P007,HRTF_B,13,1.863,60.42,-41.71,22,1
P007,HRTF_B,13,1.877,60.96,-42.1,22,1
P007,HRTF_B,13,1.891,61.51,-42.54,22,1
P007,HRTF_B,13,1.905,62.1,-42.98,22,1
P007,HRTF_B,13,1.919,62.7,-43.43,22,1
P007,HRTF_B,13,1.932,63.31,-43.85,22,1
P007,HRTF_B,13,1.947,63.93,-44.33,22,1
P007,HRTF_B,13,1.96,64.59,-44.83,22,1
P007,HRTF_B,13,1.974,65.29,-45.35,22,1
P007,HRTF_B,13,1.988,66.0,-45.89,22,1
P007,HRTF_B,13,2.002,66.75,-46.36,22,1
P007,HRTF_B,13,2.016,67.53,-46.81,22,1
P007,HRTF_B,13,2.03,68.36,-47.25,22,1
P007,HRTF_B,13,2.044,69.16,-47.71,22,1
P007,HRTF_B,13,2.058,70.19,-48.16,22,1
P007,HRTF_B,13,2.071,71.1,-48.63,22,1
P007,HRTF_B,13,2.085,72.0,-49.08,22,1
P007,HRTF_B,13,2.099,72.92,-49.54,22,1
P007,HRTF_B,13,2.113,73.82,-50.01,22,1
P007,HRTF_B,13,2.127,74.75,-50.44,22,1
P007,HRTF_B,13,2.141,75.63,-50.84,22,1
P007,HRTF_B,13,2.155,76.47,-51.15,22,1
P007,HRTF_B,13,2.169,77.54,-51.36,22,1
P007,HRTF_B,13,2.183,78.43,-51.57,22,1
P007,HRTF_B,13,2.196,79.2,-51.75,22,1
P007,HRTF_B,13,2.21,79.95,-52.0,22,1
P007,HRTF_B,13,2.224,80.59,-52.24,22,1
P007,HRTF_B,13,2.238,81.21,-52.52,22,1
P007,HRTF_B,13,2.252,81.84,-52.73,22,1
P007,HRTF_B,13,2.266,82.59,-53.0,22,1
P007,HRTF_B,13,2.28,83.32,-53.3,22,1
P007,HRTF_B,13,2.294,84.08,-53.53,22,1
P007,HRTF_B,13,2.308,84.91,-53.83,22,1
P007,HRTF_B,13,2.321,85.66,-54.12,22,1
P007,HRTF_B,13,2.335,86.38,-54.4,22,1
P007,HRTF_B,13,2.35,87.07,-54.62,22,1
P007,HRTF_B,13,2.363,87.69,-54.78,22,1
P007,HRTF_B,13,2.377,88.16,-54.86,22,1
P007,HRTF_B,13,2.391,88.54,-54.9,22,1
P007,HRTF_B,13,2.405,88.84,-54.96,22,1
P007,HRTF_B,13,2.419,89.13,-55.05,22,1
P007,HRTF_B,13,2.433,89.38,-55.16,22,1
P007,HRTF_B,13,2.447,89.65,-55.22,22,1
P007,HRTF_B,13,2.46,89.82,-55.33,22,1
P007,HRTF_B,13,2.474,90.07,-55.32,22,1
P007,HRTF_B,13,2.488,90.3,-55.31,22,1
P007,HRTF_B,13,2.502,90.44,-55.34,22,1
P007,HRTF_B,13,2.516,90.55,-55.36,22,1
P007,HRTF_B,13,2.53,90.62,-55.38,22,1
P007,HRTF_B,13,2.544,90.69,-55.4,22,1
P007,HRTF_B,13,2.557,90.65,-55.4,22,1
P007,HRTF_B,13,2.571,90.5,-55.34,22,1
P007,HRTF_B,13,2.585,90.2,-55.25,22,1
P007,HRTF_B,13,2.599,89.73,-55.09,22,1
P007,HRTF_B,13,2.613,89.03,-54.81,22,1
P007,HRTF_B,13,2.627,88.11,-54.42,22,1
P007,HRTF_B,13,2.641,87.05,-53.9,22,1
P007,HRTF_B,13,2.655,85.84,-53.23,22,1
P007,HRTF_B,13,2.669,84.49,-52.39,22,1
P007,HRTF_B,13,2.683,82.96,-51.34,22,1
P007,HRTF_B,13,2.696,81.23,-50.06,22,1
P007,HRTF_B,13,2.71,79.51,-48.76,22,1
P007,HRTF_B,13,2.724,77.63,-47.28,22,1
P007,HRTF_B,13,2.738,75.74,-45.63,22,1
P007,HRTF_B,13,2.752,73.78,-43.92,22,1
P007,HRTF_B,13,2.766,71.99,-42.08,22,1
P007,HRTF_B,13,2.78,70.38,-40.29,22,1
P007,HRTF_B,13,2.793,68.91,-38.47,22,1
P007,HRTF_B,13,2.807,67.49,-36.67,22,1
P007,HRTF_B,13,2.821,66.14,-34.97,22,1
P007,HRTF_B,13,2.835,64.85,-33.35,22,1
P007,HRTF_B,13,2.849,63.56,-31.77,22,1
P007,HRTF_B,13,2.863,62.23,-30.26,22,1
P007,HRTF_B,13,2.877,60.84,-28.73,22,1
P007,HRTF_B,13,2.891,59.42,-27.2,22,1
P007,HRTF_B,13,2.905,57.89,-25.78,22,1
P007,HRTF_B,13,2.919,56.49,-24.23,22,1
P007,HRTF_B,13,2.932,54.98,-22.71,22,1
P007,HRTF_B,13,2.946,53.38,-21.38,22,1
P007,HRTF_B,13,2.96,51.82,-19.95,22,1
P007,HRTF_B,13,2.974,50.13,-18.61,22,1
P007,HRTF_B,13,2.988,48.46,-17.36,22,1
P007,HRTF_B,13,3.002,46.76,-16.24,22,1
P007,HRTF_B,13,3.016,45.07,-15.25,22,1
P007,HRTF_B,13,3.03,43.34,-14.41,22,1
P007,HRTF_B,13,3.044,41.6,-13.52,22,1
P007,HRTF_B,13,3.058,39.72,-12.68,22,1
P007,HRTF_B,13,3.071,37.75,-11.83,22,1
P007,HRTF_B,13,3.085,35.75,-11.01,22,1
P007,HRTF_B,13,3.099,33.69,-10.23,22,1
P007,HRTF_B,13,3.113,31.58,-9.53,22,1
P007,HRTF_B,13,3.127,29.47,-8.85,22,1
P007,HRTF_B,13,3.141,27.31,-8.15,22,1
P007,HRTF_B,13,3.155,25.14,-7.47,22,1
P007,HRTF_B,13,3.169,22.97,-6.95,22,1
P007,HRTF_B,13,3.183,20.68,-6.45,22,1
P007,HRTF_B,13,3.196,18.41,-6.04,22,1
P007,HRTF_B,13,3.21,16.17,-5.65,22,1
P007,HRTF_B,13,3.224,13.89,-5.3,22,1
P007,HRTF_B,13,3.238,11.62,-4.97,22,1
P007,HRTF_B,13,3.252,9.4,-4.76,22,1
P007,HRTF_B,13,3.266,7.17,-4.67,22,1
P007,HRTF_B,13,3.28,4.98,-4.65,22,1
P007,HRTF_B,13,3.293,2.79,-4.61,22,1
P007,HRTF_B,13,3.307,0.66,-4.49,22,1
P007,HRTF_B,13,3.322,-1.41,-4.39,22,1
P007,HRTF_B,13,3.335,-3.47,-4.34,22,1
P007,HRTF_B,13,3.349,-5.54,-4.28,22,1
P007,HRTF_B,13,3.363,-7.63,-4.21,22,1
P007,HRTF_B,13,3.377,-9.74,-4.13,22,1
P007,HRTF_B,13,3.39,-11.86,-4.01,22,1
P007,HRTF_B,13,3.404,-13.95,-3.89,22,1
P007,HRTF_B,13,3.418,-15.98,-3.92,22,1
P007,HRTF_B,13,3.432,-17.98,-3.97,22,1
P007,HRTF_B,13,3.446,-19.97,-4.02,22,1
P007,HRTF_B,13,3.46,-21.94,-4.08,22,1
P007,HRTF_B,13,3.474,-23.87,-4.1,22,1
P007,HRTF_B,13,3.488,-25.76,-4.04,22,1
P007,HRTF_B,13,3.502,-27.63,-3.89,22,1
P007,HRTF_B,13,3.516,-29.45,-3.67,22,1
P007,HRTF_B,13,3.529,-31.22,-3.37,22,1
P007,HRTF_B,13,3.543,-32.99,-3.0,22,1
P007,HRTF_B,13,3.557,-34.69,-2.6,22,1
P007,HRTF_B,13,3.571,-36.35,-2.19,22,1
P007,HRTF_B,13,3.585,-37.96,-1.83,22,1
P007,HRTF_B,13,3.599,-39.51,-1.52,22,1
P007,HRTF_B,13,3.613,-41.02,-1.27,22,1
P007,HRTF_B,13,3.627,-42.49,-1.1,22,1
P007,HRTF_B,13,3.641,-43.91,-0.95,22,1
P007,HRTF_B,13,3.654,-45.27,-0.78,22,1
P007,HRTF_B,13,3.668,-46.54,-0.54,22,1
P007,HRTF_B,13,3.685,-47.84,-0.33,22,1
P007,HRTF_B,13,3.696,-48.99,0.01,22,1
P007,HRTF_B,13,3.71,-50.15,0.39,22,1
P007,HRTF_B,13,3.724,-51.29,0.72,22,1
P007,HRTF_B,13,3.738,-52.42,1.06,22,1
P007,HRTF_B,13,3.752,-53.39,1.45,22,1
P007,HRTF_B,13,3.766,-54.4,1.84,22,1
P007,HRTF_B,13,3.779,-55.49,2.2,22,1
P007,HRTF_B,13,3.793,-56.59,2.53,22,1
P007,HRTF_B,13,3.807,-57.61,2.82,22,1
P007,HRTF_B,13,3.821,-58.73,3.04,22,1
P007,HRTF_B,13,3.835,-59.68,3.28,22,1
P007,HRTF_B,13,3.849,-60.66,3.52,22,1
P007,HRTF_B,13,3.863,-61.62,3.77,22,1
P007,HRTF_B,13,3.877,-62.52,4.03,22,1
P007,HRTF_B,13,3.89,-63.41,4.25,22,1
P007,HRTF_B,13,3.905,-64.32,4.42,22,1
P007,HRTF_B,13,3.918,-65.17,4.59,22,1
P007,HRTF_B,13,3.932,-66.0,4.71,22,1
P007,HRTF_B,13,3.946,-66.85,4.85,22,1
P007,HRTF_B,13,3.96,-67.71,4.95,22,1
P007,HRTF_B,13,3.974,-68.52,5.11,22,1
P007,HRTF_B,13,3.988,-69.38,5.25,22,1
P007,HRTF_B,13,4.002,-70.27,5.34,22,1
P007,HRTF_B,13,4.015,-71.15,5.47,22,1
P007,HRTF_B,13,4.029,-72.07,5.58,22,1
P007,HRTF_B,13,4.043,-73.0,5.67,22,1
P007,HRTF_B,13,4.057,-73.98,5.76,22,1
P007,HRTF_B,13,4.071,-75.01,5.84,22,1
P007,HRTF_B,13,4.085,-76.09,5.9,22,1
P007,HRTF_B,13,4.099,-77.23,5.98,22,1
P007,HRTF_B,13,4.113,-78.43,6.05,22,1
P007,HRTF_B,13,4.127,-79.69,6.07,22,1
P007,HRTF_B,13,4.141,-81.04,6.04,22,1
P007,HRTF_B,13,4.154,-82.58,5.97,22,1
P007,HRTF_B,13,4.169,-84.22,5.98,22,1
P007,HRTF_B,13,4.182,-85.93,6.1,22,1
P007,HRTF_B,13,4.196,-87.65,6.3,22,1
P007,HRTF_B,13,4.21,-89.35,6.53,22,1
P007,HRTF_B,13,4.224,-91.0,6.7,22,1
P007,HRTF_B,13,4.238,-92.62,6.75,22,1
P007,HRTF_B,13,4.251,-94.19,6.8,22,1
P007,HRTF_B,13,4.266,-95.66,6.84,22,1
P007,HRTF_B,13,4.28,-97.05,6.91,22,1
P007,HRTF_B,13,4.293,-98.34,7.02,22,1
P007,HRTF_B,13,4.307,-99.53,7.1,22,1
P007,HRTF_B,13,4.321,-100.65,7.17,22,1
P007,HRTF_B,13,4.335,-101.67,7.26,22,1
P007,HRTF_B,13,4.348,-102.7,7.36,22,1
P007,HRTF_B,13,4.363,-103.72,7.44,22,1
P007,HRTF_B,13,4.376,-104.72,7.51,22,1
P007,HRTF_B,13,4.39,-105.66,7.61,22,1
P007,HRTF_B,13,4.405,-106.55,7.67,22,1
P007,HRTF_B,13,4.418,-107.38,7.76,22,1
P007,HRTF_B,13,4.432,-108.17,7.81,22,1
P007,HRTF_B,13,4.446,-108.93,7.83,22,1
P007,HRTF_B,13,4.46,-109.68,7.83,22,1
P007,HRTF_B,13,4.474,-110.37,7.82,22,1
P007,HRTF_B,13,4.488,-111.02,7.8,22,1
P007,HRTF_B,13,4.501,-111.64,7.79,22,1
P007,HRTF_B,13,4.516,-112.21,7.79,22,1
P007,HRTF_B,13,4.529,-112.72,7.77,22,1
P007,HRTF_B,13,4.543,-113.25,7.71,22,1
P007,HRTF_B,13,4.557,-113.73,7.62,22,1
P007,HRTF_B,13,4.571,-114.26,7.56,22,1
P007,HRTF_B,13,4.585,-114.78,7.47,22,1
P007,HRTF_B,13,4.598,-115.29,7.39,22,1
P007,HRTF_B,13,4.613,-115.77,7.35,22,1
P007,HRTF_B,13,4.626,-116.24,7.31,22,1
P007,HRTF_B,13,4.64,-116.71,7.26,22,1
P007,HRTF_B,13,4.654,-117.2,7.19,22,1
P007,HRTF_B,13,4.668,-117.68,7.1,22,1
P007,HRTF_B,13,4.682,-118.13,7.04,22,1
P007,HRTF_B,13,4.695,-118.56,6.95,22,1
P007,HRTF_B,13,4.71,-118.96,6.85,22,1
P007,HRTF_B,13,4.723,-119.32,6.75,22,1
P007,HRTF_B,13,4.737,-119.65,6.67,22,1
P007,HRTF_B,13,4.751,-119.99,6.62,22,1
P007,HRTF_B,13,4.765,-120.3,6.58,22,1
P007,HRTF_B,13,4.779,-120.59,6.53,22,1
P007,HRTF_B,13,4.794,-120.84,6.49,22,1
P007,HRTF_B,13,4.807,-121.06,6.45,22,1
P007,HRTF_B,13,4.821,-121.27,6.41,22,1
P007,HRTF_B,13,4.835,-121.46,6.39,22,1
P007,HRTF_B,13,4.848,-121.63,6.39,22,1
P007,HRTF_B,13,4.862,-121.77,6.39,22,1
P007,HRTF_B,13,4.876,-121.89,6.38,22,1
P007,HRTF_B,13,4.89,-121.98,6.35,22,1
P007,HRTF_B,14,0.013,-5.98,-2.89,9,1
P007,HRTF_B,14,0.025,-5.66,-2.82,9,1
P007,HRTF_B,14,0.036,-5.32,-2.76,9,1
P007,HRTF_B,14,0.059,-5.02,-2.71,9,1
P007,HRTF_B,14,0.073,-4.71,-2.65,9,1
P007,HRTF_B,14,0.087,-4.43,-2.6,9,1
P007,HRTF_B,14,0.101,-4.19,-2.55,9,1
P007,HRTF_B,14,0.115,-3.99,-2.48,9,1
P007,HRTF_B,14,0.128,-3.85,-2.41,9,1
P007,HRTF_B,14,0.142,-3.81,-2.35,9,1
P007,HRTF_B,14,0.156,-3.83,-2.27,9,1
P007,HRTF_B,14,0.17,-3.91,-2.2,9,1
P007,HRTF_B,14,0.184,-4.01,-2.19,9,1
P007,HRTF_B,14,0.198,-4.13,-2.24,9,1
P007,HRTF_B,14,0.215,-4.26,-2.32,9,1
P007,HRTF_B,14,0.226,-4.42,-2.37,9,1
P007,HRTF_B,14,0.237,-4.58,-2.4,9,1
P007,HRTF_B,14,0.254,-4.79,-2.39,9,1
P007,HRTF_B,14,0.267,-5.0,-2.41,9,1
P007,HRTF_B,14,0.281,-5.21,-2.44,9,1
P007,HRTF_B,14,0.295,-5.41,-2.5,9,1
P007,HRTF_B,14,0.309,-5.59,-2.56,9,1
P007,HRTF_B,14,0.323,-5.75,-2.59,9,1
P007,HRTF_B,14,0.337,-5.91,-2.59,9,1
P007,HRTF_B,14,0.351,-6.05,-2.58,9,1
P007,HRTF_B,14,0.364,-6.2,-2.6,9,1
P007,HRTF_B,14,0.379,-6.36,-2.61,9,1
P007,HRTF_B,14,0.392,-6.54,-2.62,9,1
P007,HRTF_B,14,0.406,-6.74,-2.6,9,1
P007,HRTF_B,14,0.42,-6.95,-2.57,9,1
P007,HRTF_B,14,0.434,-7.18,-2.55,9,1
P007,HRTF_B,14,0.448,-7.46,-2.51,9,1
P007,HRTF_B,14,0.462,-7.81,-2.47,9,1
P007,HRTF_B,14,0.476,-8.23,-2.4,9,1
P007,HRTF_B,14,0.489,-8.71,-2.35,9,1
P007,HRTF_B,14,0.504,-9.12,-2.32,9,1
P007,HRTF_B,14,0.517,-9.52,-2.31,9,1
P007,HRTF_B,14,0.531,-9.98,-2.31,9,1
P007,HRTF_B,14,0.545,-10.48,-2.33,9,1
P007,HRTF_B,14,0.56,-11.02,-2.28,9,1
P007,HRTF_B,14,0.573,-11.53,-2.32,9,1
P007,HRTF_B,14,0.586,-11.96,-2.44,9,1
P007,HRTF_B,14,0.6,-12.28,-2.59,9,1
P007,HRTF_B,14,0.615,-12.61,-2.61,9,1
P007,HRTF_B,14,0.629,-12.98,-2.55,9,1
P007,HRTF_B,14,0.642,-13.38,-2.46,9,1
P007,HRTF_B,14,0.656,-13.78,-2.42,9,1
P007,HRTF_B,14,0.67,-14.15,-2.49,9,1
P007,HRTF_B,14,0.684,-14.48,-2.58,9,1
P007,HRTF_B,14,0.698,-14.78,-2.66,9,1
P007,HRTF_B,14,0.712,-15.06,-2.64,9,1
P007,HRTF_B,14,0.727,-15.4,-2.56,9,1
P007,HRTF_B,14,0.74,-15.79,-2.46,9,1
P007,HRTF_B,14,0.754,-16.21,-2.38,9,1
P007,HRTF_B,14,0.767,-16.58,-2.41,9,1
P007,HRTF_B,14,0.781,-16.88,-2.44,9,1
P007,HRTF_B,14,0.795,-17.19,-2.52,9,1
P007,HRTF_B,14,0.809,-17.55,-2.59,9,1
P007,HRTF_B,14,0.823,-17.97,-2.65,9,1
P007,HRTF_B,14,0.837,-18.46,-2.71,9,1
P007,HRTF_B,14,0.851,-18.96,-2.81,9,1
P007,HRTF_B,14,0.865,-19.41,-3.01,9,1
P007,HRTF_B,14,0.879,-19.87,-3.17,9,1
P007,HRTF_B,14,0.892,-20.36,-3.41,9,1
P007,HRTF_B,14,0.907,-20.96,-3.62,9,1
P007,HRTF_B,14,0.92,-21.55,-3.81,9,1
P007,HRTF_B,14,0.934,-22.16,-3.89,9,1
P007,HRTF_B,14,0.948,-22.82,-3.93,9,1
P007,HRTF_B,14,0.962,-23.53,-3.96,9,1
P007,HRTF_B,14,0.976,-24.16,-4.15,9,1
P007,HRTF_B,14,0.99,-24.81,-4.42,9,1
P007,HRTF_B,14,1.003,-25.5,-4.63,9,1
P007,HRTF_B,14,1.017,-26.22,-4.84,9,1
P007,HRTF_B,14,1.032,-26.98,-5.04,9,1
P007,HRTF_B,14,1.045,-27.82,-5.29,9,1
P007,HRTF_B,14,1.059,-28.49,-5.56,9,1
P007,HRTF_B,14,1.073,-29.22,-5.81,9,1
P007,HRTF_B,14,1.087,-30.09,-6.11,9,1
P007,HRTF_B,14,1.101,-30.96,-6.42,9,1
P007,HRTF_B,14,1.115,-31.85,-6.75,9,1
P007,HRTF_B,14,1.129,-32.87,-7.05,9,1
P007,HRTF_B,14,1.142,-33.78,-7.35,9,1
P007,HRTF_B,14,1.157,-34.75,-7.59,9,1
P007,HRTF_B,14,1.17,-35.71,-7.81,9,1
P007,HRTF_B,14,1.185,-36.68,-8.02,9,1
P007,HRTF_B,14,1.198,-37.65,-8.22,9,1
P007,HRTF_B,14,1.212,-38.61,-8.44,9,1
P007,HRTF_B,14,1.226,-39.56,-8.6,9,1
P007,HRTF_B,14,1.24,-40.51,-8.7,9,1
P007,HRTF_B,14,1.254,-41.44,-8.79,9,1
P007,HRTF_B,14,1.268,-42.38,-8.96,9,1
P007,HRTF_B,14,1.282,-43.31,-9.13,9,1
P007,HRTF_B,14,1.296,-44.21,-9.29,9,1
P007,HRTF_B,14,1.309,-45.07,-9.45,9,1
P007,HRTF_B,14,1.323,-45.93,-9.55,9,1
P007,HRTF_B,14,1.337,-46.79,-9.57,9,1
P007,HRTF_B,14,1.351,-47.67,-9.58,9,1
P007,HRTF_B,14,1.365,-48.56,-9.61,9,1
P007,HRTF_B,14,1.379,-49.48,-9.66,9,1
P007,HRTF_B,14,1.393,-50.43,-9.79,9,1
P007,HRTF_B,14,1.407,-51.36,-9.91,9,1
P007,HRTF_B,14,1.421,-52.31,-10.03,9,1
P007,HRTF_B,14,1.434,-53.27,-10.11,9,1
P007,HRTF_B,14,1.448,-54.25,-10.19,9,1
P007,HRTF_B,14,1.462,-55.23,-10.25,9,1
P007,HRTF_B,14,1.476,-56.23,-10.31,9,1
P007,HRTF_B,14,1.49,-57.24,-10.39,9,1
P007,HRTF_B,14,1.504,-58.25,-10.51,9,1
P007,HRTF_B,14,1.518,-59.26,-10.64,9,1
P007,HRTF_B,14,1.532,-60.32,-10.79,9,1
P007,HRTF_B,14,1.546,-61.37,-10.89,9,1
P007,HRTF_B,14,1.559,-62.44,-11.01,9,1
P007,HRTF_B,14,1.573,-63.46,-11.12,9,1
P007,HRTF_B,14,1.587,-64.51,-11.22,9,1
P007,HRTF_B,14,1.601,-65.56,-11.3,9,1
P007,HRTF_B,14,1.615,-66.62,-11.4,9,1
P007,HRTF_B,14,1.629,-67.68,-11.51,9,1
P007,HRTF_B,14,1.643,-68.73,-11.66,9,1
P007,HRTF_B,14,1.657,-69.79,-11.79,9,1
P007,HRTF_B,14,1.671,-70.85,-11.91,9,1
P007,HRTF_B,14,1.684,-71.89,-12.03,9,1
P007,HRTF_B,14,1.698,-72.94,-12.15,9,1
P007,HRTF_B,14,1.712,-73.98,-12.23,9,1
P007,HRTF_B,14,1.726,-75.02,-12.32,9,1
P007,HRTF_B,14,1.74,-76.01,-12.45,9,1
P007,HRTF_B,14,1.754,-77.0,-12.53,9,1
P007,HRTF_B,14,1.768,-77.96,-12.65,9,1
P007,HRTF_B,14,1.781,-78.93,-12.7,9,1
P007,HRTF_B,14,1.795,-79.83,-12.76,9,1
P007,HRTF_B,14,1.809,-80.7,-12.79,9,1
P007,HRTF_B,14,1.823,-81.53,-12.8,9,1
P007,HRTF_B,14,1.837,-82.38,-12.72,9,1
P007,HRTF_B,14,1.851,-83.24,-12.61,9,1
P007,HRTF_B,14,1.865,-84.12,-12.51,9,1
P007,HRTF_B,14,1.879,-85.03,-12.42,9,1
P007,HRTF_B,14,1.892,-85.95,-12.35,9,1
P007,HRTF_B,14,1.906,-86.86,-12.28,9,1
P007,HRTF_B,14,1.92,-87.81,-12.2,9,1
P007,HRTF_B,14,1.934,-88.78,-12.12,9,1
P007,HRTF_B,14,1.948,-89.77,-12.0,9,1
P007,HRTF_B,14,1.962,-90.73,-11.93,9,1
P007,HRTF_B,14,1.976,-91.72,-11.86,9,1
P007,HRTF_B,14,1.99,-92.73,-11.77,9,1
P007,HRTF_B,14,2.004,-93.72,-11.67,9,1
P007,HRTF_B,14,2.018,-94.62,-11.65,9,1
P007,HRTF_B,14,2.032,-95.44,-11.67,9,1
P007,HRTF_B,14,2.045,-96.19,-11.7,9,1
P007,HRTF_B,14,2.059,-96.92,-11.67,9,1
P007,HRTF_B,14,2.073,-97.58,-11.6,9,1
P007,HRTF_B,14,2.087,-98.23,-11.52,9,1
P007,HRTF_B,14,2.101,-98.83,-11.48,9,1
P007,HRTF_B,14,2.115,-99.4,-11.42,9,1
P007,HRTF_B,14,2.129,-99.96,-11.38,9,1
P007,HRTF_B,14,2.142,-100.48,-11.31,9,1
P007,HRTF_B,14,2.156,-101.02,-11.23,9,1
P007,HRTF_B,14,2.17,-101.54,-11.12,9,1
P007,HRTF_B,14,2.184,-102.08,-11.02,9,1
P007,HRTF_B,14,2.198,-102.63,-10.93,9,1
P007,HRTF_B,14,2.212,-103.21,-10.86,9,1
P007,HRTF_B,14,2.226,-103.8,-10.83,9,1
P007,HRTF_B,14,2.24,-104.41,-10.81,9,1
P007,HRTF_B,14,2.254,-105.02,-10.75,9,1
P007,HRTF_B,14,2.268,-105.62,-10.69,9,1
P007,HRTF_B,14,2.281,-106.19,-10.62,9,1
P007,HRTF_B,14,2.295,-106.77,-10.55,9,1
P007,HRTF_B,14,2.309,-107.35,-10.5,9,1
P007,HRTF_B,14,2.323,-107.9,-10.45,9,1
P007,HRTF_B,14,2.337,-108.46,-10.41,9,1
P007,HRTF_B,14,2.351,-108.99,-10.4,9,1
P007,HRTF_B,14,2.365,-109.53,-10.39,9,1
P007,HRTF_B,14,2.379,-110.05,-10.39,9,1
P007,HRTF_B,14,2.393,-110.58,-10.39,9,1
P007,HRTF_B,14,2.407,-111.11,-10.39,9,1
P007,HRTF_B,14,2.421,-111.63,-10.39,9,1
P007,HRTF_B,14,2.434,-112.17,-10.38,9,1
P007,HRTF_B,14,2.448,-112.69,-10.35,9,1
P007,HRTF_B,14,2.462,-113.22,-10.33,9,1
P007,HRTF_B,14,2.476,-113.77,-10.32,9,1
P007,HRTF_B,14,2.49,-114.35,-10.33,9,1
P007,HRTF_B,14,2.504,-114.94,-10.39,9,1
P007,HRTF_B,14,2.517,-115.52,-10.43,9,1
P007,HRTF_B,14,2.532,-116.13,-10.5,9,1
P007,HRTF_B,14,2.545,-116.77,-10.57,9,1
P007,HRTF_B,14,2.56,-117.45,-10.61,9,1
P007,HRTF_B,14,2.573,-118.2,-10.67,9,1
P007,HRTF_B,14,2.587,-118.97,-10.77,9,1
P007,HRTF_B,14,2.601,-119.76,-10.9,9,1
P007,HRTF_B,14,2.615,-120.53,-11.09,9,1
P007,HRTF_B,14,2.629,-121.36,-11.32,9,1
P007,HRTF_B,14,2.643,-122.23,-11.49,9,1
P007,HRTF_B,14,2.656,-123.14,-11.64,9,1
P007,HRTF_B,14,2.671,-124.1,-11.79,9,1
P007,HRTF_B,14,2.684,-125.08,-11.93,9,1
P007,HRTF_B,14,2.698,-126.01,-12.06,9,1
P007,HRTF_B,14,2.712,-126.95,-12.19,9,1
P007,HRTF_B,14,2.726,-127.89,-12.29,9,1
P007,HRTF_B,14,2.74,-128.81,-12.39,9,1
P007,HRTF_B,14,2.754,-129.73,-12.44,9,1
P007,HRTF_B,14,2.768,-130.59,-12.52,9,1
P007,HRTF_B,14,2.782,-131.41,-12.63,9,1
P007,HRTF_B,14,2.795,-132.14,-12.8,9,1
P007,HRTF_B,14,2.81,-132.84,-12.95,9,1
P007,HRTF_B,14,2.823,-133.47,-13.07,9,1
P007,HRTF_B,14,2.837,-134.03,-13.17,9,1
P007,HRTF_B,14,2.851,-134.5,-13.24,9,1
P007,HRTF_B,14,2.865,-134.91,-13.31,9,1
P007,HRTF_B,14,2.879,-135.25,-13.37,9,1
P007,HRTF_B,14,2.893,-135.56,-13.44,9,1
P007,HRTF_B,14,2.907,-135.84,-13.47,9,1
P007,HRTF_B,14,2.921,-136.07,-13.49,9,1
P007,HRTF_B,14,2.934,-136.3,-13.53,9,1
P007,HRTF_B,14,2.948,-136.52,-13.58,9,1
P007,HRTF_B,14,2.962,-136.73,-13.64,9,1
P007,HRTF_B,14,2.976,-136.9,-13.71,9,1
P007,HRTF_B,14,2.99,-137.05,-13.76,9,1
P007,HRTF_B,14,3.004,-137.16,-13.74,9,1
P007,HRTF_B,14,3.018,-137.25,-13.72,9,1
P007,HRTF_B,14,3.032,-137.32,-13.74,9,1
P007,HRTF_B,14,3.045,-137.38,-13.77,9,1
P007,HRTF_B,14,3.059,-137.41,-13.84,9,1
P007,HRTF_B,14,3.073,-137.42,-13.93,9,1
P007,HRTF_B,14,3.087,-137.36,-14.0,9,1
P007,HRTF_B,14,3.101,-137.26,-14.04,9,1
P007,HRTF_B,14,3.115,-137.07,-14.08,9,1
P007,HRTF_B,14,3.129,-136.85,-14.12,9,1
P007,HRTF_B,14,3.143,-136.59,-14.17,9,1
P007,HRTF_B,14,3.157,-136.3,-14.25,9,1
P007,HRTF_B,14,3.17,-136.01,-14.35,9,1
P007,HRTF_B,14,3.185,-135.62,-14.49,9,1
P007,HRTF_B,14,3.198,-135.18,-14.59,9,1
P007,HRTF_B,14,3.213,-134.64,-14.68,9,1
P007,HRTF_B,14,3.226,-133.98,-14.77,9,1
P007,HRTF_B,14,3.24,-133.24,-14.89,9,1
P007,HRTF_B,14,3.254,-132.42,-15.06,9,1
P007,HRTF_B,14,3.268,-131.54,-15.28,9,1
P007,HRTF_B,14,3.282,-130.46,-15.44,9,1
P007,HRTF_B,14,3.295,-129.41,-15.52,9,1
P007,HRTF_B,14,3.309,-128.35,-15.6,9,1
P007,HRTF_B,14,3.323,-127.23,-15.7,9,1
P007,HRTF_B,14,3.337,-126.01,-15.77,9,1
P007,HRTF_B,14,3.351,-124.95,-16.04,9,1
P007,HRTF_B,14,3.365,-123.67,-16.23,9,1
P007,HRTF_B,14,3.379,-122.54,-16.36,9,1
P007,HRTF_B,14,3.393,-121.46,-16.46,9,1
P007,HRTF_B,14,3.407,-120.4,-16.54,9,1
P007,HRTF_B,14,3.42,-119.19,-16.68,9,1
P007,HRTF_B,14,3.434,-118.13,-16.72,9,1
P007,HRTF_B,14,3.448,-117.03,-16.81,9,1
P007,HRTF_B,14,3.462,-116.06,-16.91,9,1
P007,HRTF_B,14,3.476,-115.11,-17.01,9,1
P007,HRTF_B,14,3.49,-114.16,-17.09,9,1
P007,HRTF_B,14,3.503,-113.23,-17.14,9,1
P007,HRTF_B,14,3.518,-112.3,-17.18,9,1
P007,HRTF_B,14,3.532,-111.38,-17.2,9,1
P007,HRTF_B,14,3.545,-110.51,-17.24,9,1
P007,HRTF_B,14,3.559,-109.63,-17.25,9,1
P007,HRTF_B,14,3.573,-108.78,-17.28,9,1
P007,HRTF_B,14,3.587,-107.93,-17.31,9,1
P007,HRTF_B,14,3.601,-107.09,-17.34,9,1
P007,HRTF_B,14,3.615,-106.22,-17.36,9,1
P007,HRTF_B,14,3.629,-105.32,-17.38,9,1
P007,HRTF_B,14,3.643,-104.37,-17.38,9,1
P007,HRTF_B,14,3.656,-103.4,-17.35,9,1
P007,HRTF_B,14,3.672,-102.35,-17.29,9,1
P007,HRTF_B,14,3.684,-101.24,-17.22,9,1
P007,HRTF_B,14,3.698,-100.06,-17.06,9,1
P007,HRTF_B,14,3.712,-98.84,-16.91,9,1
P007,HRTF_B,14,3.726,-97.54,-16.77,9,1
P007,HRTF_B,14,3.74,-96.17,-16.67,9,1
P007,HRTF_B,14,3.754,-94.73,-16.57,9,1
P007,HRTF_B,14,3.768,-93.22,-16.51,9,1
P007,HRTF_B,14,3.781,-91.65,-16.43,9,1
P007,HRTF_B,14,3.795,-90.08,-16.31,9,1
P007,HRTF_B,14,3.809,-88.46,-16.19,9,1
P007,HRTF_B,14,3.823,-86.81,-16.07,9,1
P007,HRTF_B,14,3.837,-85.09,-15.97,9,1
P007,HRTF_B,14,3.851,-83.31,-15.9,9,1
P007,HRTF_B,14,3.865,-81.5,-15.83,9,1
P007,HRTF_B,14,3.878,-79.7,-15.74,9,1
P007,HRTF_B,14,3.892,-77.92,-15.64,9,1
P007,HRTF_B,14,3.906,-76.14,-15.52,9,1
P007,HRTF_B,14,3.92,-74.35,-15.46,9,1
P007,HRTF_B,14,3.935,-72.56,-15.42,9,1
P007,HRTF_B,14,3.948,-70.78,-15.37,9,1
P007,HRTF_B,14,3.962,-69.03,-15.3,9,1
P007,HRTF_B,14,3.976,-67.32,-15.2,9,1
P007,HRTF_B,14,3.99,-65.68,-15.1,9,1
P007,HRTF_B,14,4.004,-64.06,-15.02,9,1
P007,HRTF_B,14,4.018,-62.47,-14.95,9,1
P007,HRTF_B,14,4.031,-60.9,-14.91,9,1
P007,HRTF_B,14,4.045,-59.35,-14.88,9,1
P007,HRTF_B,14,4.06,-57.82,-14.86,9,1
P007,HRTF_B,14,4.073,-56.35,-14.83,9,1
P007,HRTF_B,14,4.087,-54.93,-14.78,9,1
P007,HRTF_B,14,4.101,-53.58,-14.71,9,1
P007,HRTF_B,14,4.115,-52.3,-14.69,9,1
P007,HRTF_B,14,4.129,-51.04,-14.71,9,1
P007,HRTF_B,14,4.142,-49.83,-14.72,9,1
P007,HRTF_B,14,4.157,-48.62,-14.76,9,1
P007,HRTF_B,14,4.17,-47.44,-14.81,9,1
P007,HRTF_B,14,4.185,-46.26,-14.84,9,1
P007,HRTF_B,14,4.198,-45.1,-14.88,9,1
P007,HRTF_B,14,4.212,-43.96,-14.94,9,1
P007,HRTF_B,14,4.226,-42.82,-15.04,9,1
P007,HRTF_B,14,4.24,-41.71,-15.12,9,1
P007,HRTF_B,14,4.254,-40.61,-15.2,9,1
P007,HRTF_B,14,4.268,-39.5,-15.3,9,1
P007,HRTF_B,14,4.282,-38.42,-15.45,9,1
P007,HRTF_B,14,4.295,-37.32,-15.59,9,1
P007,HRTF_B,14,4.309,-36.26,-15.77,9,1
P007,HRTF_B,14,4.323,-35.24,-15.9,9,1
P007,HRTF_B,14,4.337,-34.21,-16.02,9,1
P007,HRTF_B,14,4.351,-33.22,-16.11,9,1
P007,HRTF_B,14,4.365,-32.26,-16.15,9,1
P007,HRTF_B,14,4.379,-31.36,-16.08,9,1
P007,HRTF_B,14,4.393,-30.47,-16.01,9,1
P007,HRTF_B,14,4.407,-29.64,-15.86,9,1
P007,HRTF_B,14,4.42,-28.84,-15.71,9,1
P007,HRTF_B,14,4.434,-28.09,-15.54,9,1
P007,HRTF_B,14,4.448,-27.36,-15.32,9,1
P007,HRTF_B,14,4.462,-26.69,-15.09,9,1
P007,HRTF_B,14,4.476,-26.01,-14.83,9,1
P007,HRTF_B,14,4.49,-25.36,-14.52,9,1
P007,HRTF_B,14,4.504,-24.73,-14.1,9,1
P007,HRTF_B,14,4.517,-24.13,-13.55,9,1
P007,HRTF_B,14,4.531,-23.53,-12.93,9,1
P007,HRTF_B,14,4.545,-22.96,-12.26,9,1
P007,HRTF_B,14,4.559,-22.42,-11.5,9,1
P007,HRTF_B,14,4.573,-21.92,-10.67,9,1
P007,HRTF_B,14,4.587,-21.46,-9.8,9,1
P007,HRTF_B,14,4.601,-21.0,-8.82,9,1
P007,HRTF_B,14,4.615,-20.56,-7.85,9,1
P007,HRTF_B,14,4.629,-20.08,-6.89,9,1
P007,HRTF_B,14,4.642,-19.63,-5.91,9,1
P007,HRTF_B,14,4.657,-18.8,-5.35,9,1
P007,HRTF_B,14,4.671,-18.16,-4.47,9,1
P007,HRTF_B,14,4.684,-17.47,-3.66,9,1
P007,HRTF_B,14,4.698,-16.68,-2.92,9,1
P007,HRTF_B,14,4.712,-15.83,-2.16,9,1
P007,HRTF_B,14,4.726,-14.9,-1.43,9,1
P007,HRTF_B,14,4.74,-14.01,-0.69,9,1
P007,HRTF_B,14,4.753,-13.13,0.06,9,1
P007,HRTF_B,14,4.767,-12.39,0.91,9,1
P007,HRTF_B,14,4.781,-11.5,1.63,9,1
P007,HRTF_B,14,4.795,-10.48,2.28,9,1
P007,HRTF_B,14,4.809,-9.54,2.93,9,1
P007,HRTF_B,14,4.823,-8.68,3.61,9,1
P007,HRTF_B,14,4.837,-7.78,4.23,9,1
P007,HRTF_B,14,4.851,-6.94,4.8,9,1
P007,HRTF_B,14,4.865,-6.09,5.21,9,1
P007,HRTF_B,14,4.878,-5.22,5.62,9,1
P007,HRTF_B,14,4.892,-4.42,5.99,9,1
P007,HRTF_B,14,4.906,-3.62,6.37,9,1
P007,HRTF_B,14,4.92,-2.81,6.79,9,1
P007,HRTF_B,14,4.934,-2.03,7.15,9,1
P007,HRTF_B,14,4.948,-1.25,7.47,9,1
P007,HRTF_B,14,4.962,-0.54,7.67,9,1
P007,HRTF_B,14,4.976,0.19,7.79,9,1
P007,HRTF_B,14,4.99,0.89,7.87,9,1
P007,HRTF_B,14,5.003,1.57,7.97,9,1
P007,HRTF_B,14,5.017,2.23,8.1,9,1
P007,HRTF_B,14,5.031,2.93,8.23,9,1
P007,HRTF_B,14,5.045,3.59,8.36,9,1
P007,HRTF_B,14,5.059,4.24,8.45,9,1
P007,HRTF_B,14,5.073,4.91,8.49,9,1
P007,HRTF_B,14,5.087,5.63,8.5,9,1
P007,HRTF_B,14,5.101,6.41,8.42,9,1
P007,HRTF_B,14,5.115,7.2,8.36,9,1
P007,HRTF_B,14,5.129,8.01,8.3,9,1
P007,HRTF_B,14,5.143,8.77,8.23,9,1
P007,HRTF_B,14,5.156,9.53,8.15,9,1
P007,HRTF_B,14,5.17,10.27,8.03,9,1
P007,HRTF_B,14,5.184,11.04,7.85,9,1
P007,HRTF_B,14,5.198,11.8,7.66,9,1
P007,HRTF_B,14,5.212,12.59,7.5,9,1
P007,HRTF_B,14,5.226,13.38,7.35,9,1
P007,HRTF_B,14,5.24,14.14,7.21,9,1
P007,HRTF_B,14,5.253,14.89,7.07,9,1
P007,HRTF_B,14,5.267,15.64,6.92,9,1
P007,HRTF_B,14,5.281,16.37,6.73,9,1
P007,HRTF_B,14,5.295,17.08,6.53,9,1
P007,HRTF_B,14,5.309,17.78,6.38,9,1
P007,HRTF_B,14,5.323,18.44,6.28,9,1
P007,HRTF_B,14,5.337,19.07,6.21,9,1
P007,HRTF_B,14,5.351,19.65,6.16,9,1
P007,HRTF_B,14,5.368,20.19,6.1,9,1
P007,HRTF_B,14,5.379,20.7,6.01,9,1
P007,HRTF_B,14,5.392,21.18,5.9,9,1
P007,HRTF_B,14,5.406,21.63,5.77,9,1
P007,HRTF_B,14,5.42,22.06,5.65,9,1
P007,HRTF_B,14,5.434,22.46,5.53,9,1
P007,HRTF_B,14,5.448,22.81,5.42,9,1
P007,HRTF_B,14,5.462,23.13,5.29,9,1
P007,HRTF_B,14,5.476,23.43,5.12,9,1
P007,HRTF_B,14,5.49,23.73,4.91,9,1
P007,HRTF_B,14,5.503,24.02,4.7,9,1
P007,HRTF_B,14,5.517,24.3,4.48,9,1
P007,HRTF_B,14,5.531,24.56,4.28,9,1
P007,HRTF_B,14,5.545,24.81,4.05,9,1
P007,HRTF_B,14,5.559,25.05,3.82,9,1
P007,HRTF_B,14,5.573,25.3,3.5,9,1
P007,HRTF_B,14,5.587,25.58,3.06,9,1
P007,HRTF_B,14,5.601,25.9,2.4,9,1
P007,HRTF_B,14,5.615,26.25,1.65,9,1
P007,HRTF_B,14,5.628,26.63,0.75,9,1
P007,HRTF_B,14,5.643,26.99,-0.26,9,1
P007,HRTF_B,14,5.656,27.35,-1.32,9,1
P007,HRTF_B,14,5.67,27.64,-2.41,9,1
P007,HRTF_B,14,5.684,27.91,-3.4,9,1
P007,HRTF_B,14,5.698,28.12,-4.23,9,1
P007,HRTF_B,14,5.711,28.31,-5.01,9,1
P007,HRTF_B,14,5.726,28.36,-5.58,9,1
P007,HRTF_B,14,5.739,28.48,-6.17,9,1
P007,HRTF_B,14,5.753,28.64,-6.73,9,1
P007,HRTF_B,14,5.767,28.84,-7.21,9,1
P007,HRTF_B,14,5.781,29.04,-7.58,9,1
P007,HRTF_B,14,5.795,29.17,-7.89,9,1
P007,HRTF_B,14,5.809,29.43,-8.11,9,1
P007,HRTF_B,14,5.823,29.76,-8.29,9,1
P007,HRTF_B,14,5.837,30.03,-8.55,9,1
P007,HRTF_B,14,5.851,30.31,-8.84,9,1
P007,HRTF_B,14,5.865,30.56,-9.08,9,1
P007,HRTF_B,14,5.878,30.79,-9.29,9,1
P007,HRTF_B,14,5.892,30.98,-9.43,9,1
P007,HRTF_B,14,5.906,31.15,-9.57,9,1
P007,HRTF_B,14,5.92,31.3,-9.77,9,1
P007,HRTF_B,14,5.934,31.42,-10.04,9,1
P007,HRTF_B,14,5.948,31.49,-10.37,9,1
P007,HRTF_B,14,5.961,31.51,-10.76,9,1
P007,HRTF_B,14,5.975,31.43,-11.36,9,1
P007,HRTF_B,14,5.99,31.12,-12.24,9,1
P007,HRTF_B,14,6.003,30.54,-13.33,9,1
P007,HRTF_B,14,6.017,29.79,-14.66,9,1
P007,HRTF_B,14,6.031,28.99,-15.9,9,1
P007,HRTF_B,14,6.045,28.22,-17.06,9,1
P007,HRTF_B,14,6.059,27.33,-18.21,9,1
P007,HRTF_B,14,6.073,26.48,-19.22,9,1
P007,HRTF_B,14,6.087,25.47,-20.12,9,1
P007,HRTF_B,14,6.101,24.38,-20.95,9,1
P007,HRTF_B,14,6.115,23.19,-21.75,9,1
P007,HRTF_B,14,6.129,21.83,-22.58,9,1
P007,HRTF_B,14,6.144,20.35,-23.44,9,1
P007,HRTF_B,14,6.157,18.83,-24.26,9,1
P007,HRTF_B,14,6.171,17.2,-25.06,9,1
P007,HRTF_B,14,6.184,15.55,-25.92,9,1
P007,HRTF_B,14,6.198,13.65,-26.68,9,1
P007,HRTF_B,14,6.211,11.68,-27.51,9,1
P007,HRTF_B,14,6.225,9.67,-28.07,9,1
P007,HRTF_B,14,6.24,7.54,-28.57,9,1
P007,HRTF_B,14,6.253,5.5,-29.14,9,1
P007,HRTF_B,14,6.267,3.64,-29.77,9,1
P007,HRTF_B,14,6.281,2.11,-30.57,9,1
P007,HRTF_B,14,6.295,0.56,-31.22,9,1
P007,HRTF_B,14,6.309,-0.83,-31.76,9,1
P007,HRTF_B,14,6.323,-2.17,-32.16,9,1
P007,HRTF_B,14,6.337,-3.33,-32.5,9,1
P007,HRTF_B,14,6.351,-4.32,-32.89,9,1
P007,HRTF_B,14,6.365,-5.06,-33.3,9,1
P007,HRTF_B,14,6.379,-5.68,-33.69,9,1
P007,HRTF_B,14,6.392,-6.2,-34.02,9,1
P007,HRTF_B,14,6.407,-6.64,-34.37,9,1
P007,HRTF_B,14,6.42,-7.06,-34.65,9,1
P007,HRTF_B,14,6.434,-7.38,-34.96,9,1
P007,HRTF_B,14,6.448,-7.74,-35.15,9,1
P007,HRTF_B,14,6.462,-7.85,-35.52,9,1
P007,HRTF_B,14,6.476,-7.98,-35.85,9,1
P007,HRTF_B,14,6.49,-8.12,-36.2,9,1
P007,HRTF_B,14,6.504,-8.31,-36.5,9,1
P007,HRTF_B,14,6.518,-8.53,-36.91,9,1
P007,HRTF_B,14,6.531,-8.71,-37.36,9,1
P007,HRTF_B,14,6.545,-9.02,-37.79,9,1
P007,HRTF_B,14,6.559,-9.23,-38.34,9,1
P007,HRTF_B,14,6.573,-9.43,-38.97,9,1
P007,HRTF_B,14,6.587,-9.61,-39.64,9,1
P007,HRTF_B,14,6.601,-9.8,-40.35,9,1
P007,HRTF_B,14,6.615,-10.04,-41.04,9,1
P007,HRTF_B,14,6.628,-10.25,-41.74,9,1
P007,HRTF_B,14,6.642,-10.56,-42.43,9,1
P007,HRTF_B,14,6.657,-10.87,-43.13,9,1
P007,HRTF_B,14,6.67,-11.22,-43.84,9,1
P007,HRTF_B,14,6.684,-11.56,-44.51,9,1
P007,HRTF_B,14,6.698,-11.94,-45.17,9,1
P007,HRTF_B,14,6.712,-12.31,-45.81,9,1
P007,HRTF_B,14,6.726,-12.69,-46.45,9,1
P007,HRTF_B,14,6.74,-13.22,-47.0,9,1
P007,HRTF_B,14,6.754,-13.69,-47.55,9,1
P007,HRTF_B,14,6.767,-14.25,-48.03,9,1
P007,HRTF_B,14,6.781,-14.81,-48.47,9,1
P007,HRTF_B,14,6.795,-15.5,-48.87,9,1
P007,HRTF_B,14,6.809,-16.24,-49.27,9,1
P007,HRTF_B,14,6.823,-17.03,-49.68,9,1
P007,HRTF_B,14,6.837,-17.9,-50.05,9,1
P007,HRTF_B,14,6.851,-18.82,-50.37,9,1
P007,HRTF_B,14,6.864,-19.76,-50.66,9,1
P007,HRTF_B,14,6.879,-20.75,-50.87,9,1
P007,HRTF_B,14,6.892,-21.79,-50.99,9,1
P007,HRTF_B,14,6.906,-22.84,-51.04,9,1
P007,HRTF_B,14,6.921,-23.91,-51.06,9,1
P007,HRTF_B,14,6.934,-25.03,-51.14,9,1
P007,HRTF_B,14,6.948,-26.16,-51.28,9,1
P007,HRTF_B,14,6.962,-27.3,-51.45,9,1
P007,HRTF_B,14,6.976,-28.51,-51.61,9,1
P007,HRTF_B,14,6.99,-29.76,-51.7,9,1
P007,HRTF_B,14,7.003,-31.04,-51.76,9,1
P007,HRTF_B,14,7.017,-32.38,-51.83,9,1
P007,HRTF_B,14,7.031,-33.8,-51.87,9,1
P007,HRTF_B,14,7.045,-35.29,-51.94,9,1
P007,HRTF_B,14,7.059,-36.77,-52.11,9,1
P007,HRTF_B,14,7.073,-38.24,-52.37,9,1
P007,HRTF_B,14,7.087,-39.69,-52.68,9,1
P007,HRTF_B,14,7.101,-41.19,-53.01,9,1
P007,HRTF_B,14,7.115,-42.7,-53.4,9,1
P007,HRTF_B,14,7.128,-44.11,-53.85,9,1
P007,HRTF_B,14,7.142,-45.54,-54.34,9,1
P007,HRTF_B,14,7.156,-46.91,-54.88,9,1
P007,HRTF_B,14,7.17,-48.2,-55.43,9,1
P007,HRTF_B,14,7.184,-49.37,-56.0,9,1
P007,HRTF_B,14,7.197,-50.59,-56.53,9,1
P007,HRTF_B,14,7.212,-51.7,-57.05,9,1
P007,HRTF_B,14,7.226,-52.77,-57.5,9,1
P007,HRTF_B,14,7.24,-53.85,-57.83,9,1
P007,HRTF_B,14,7.253,-54.77,-58.07,9,1
P007,HRTF_B,14,7.267,-55.59,-58.24,9,1
P007,HRTF_B,14,7.281,-56.47,-58.4,9,1
P007,HRTF_B,14,7.295,-57.27,-58.53,9,1
P007,HRTF_B,14,7.309,-58.07,-58.65,9,1
P007,HRTF_B,14,7.323,-58.76,-58.74,9,1
P007,HRTF_B,14,7.337,-59.44,-58.83,9,1
P007,HRTF_B,14,7.35,-60.14,-58.9,9,1
P007,HRTF_B,14,7.364,-60.84,-58.93,9,1
P007,HRTF_B,14,7.379,-61.66,-58.9,9,1
P007,HRTF_B,14,7.392,-62.56,-58.86,9,1
P007,HRTF_B,14,7.406,-63.61,-58.85,9,1
P007,HRTF_B,14,7.42,-64.72,-58.83,9,1
P007,HRTF_B,14,7.435,-65.95,-58.81,9,1
P007,HRTF_B,14,7.448,-67.24,-58.79,9,1
P007,HRTF_B,14,7.462,-68.59,-58.74,9,1
P007,HRTF_B,14,7.476,-69.96,-58.73,9,1
P007,HRTF_B,14,7.49,-71.47,-58.67,9,1
P007,HRTF_B,14,7.503,-72.99,-58.67,9,1
P007,HRTF_B,14,7.517,-74.53,-58.53,9,1
P007,HRTF_B,14,7.531,-76.02,-58.43,9,1
P007,HRTF_B,14,7.545,-77.46,-58.26,9,1
P007,HRTF_B,14,7.559,-78.85,-58.05,9,1
P007,HRTF_B,14,7.573,-80.16,-57.82,9,1
P007,HRTF_B,14,7.587,-81.34,-57.66,9,1
P007,HRTF_B,14,7.6,-82.43,-57.51,9,1
P007,HRTF_B,14,7.614,-83.47,-57.34,9,1
P007,HRTF_B,14,7.628,-84.51,-57.12,9,1
P007,HRTF_B,14,7.642,-85.55,-56.87,9,1
P007,HRTF_B,14,7.656,-86.67,-56.46,9,1
P007,HRTF_B,14,7.67,-87.77,-55.95,9,1
P007,HRTF_B,14,7.684,-88.88,-55.36,9,1
P007,HRTF_B,14,7.699,-90.02,-54.74,9,1
P007,HRTF_B,14,7.711,-91.07,-54.04,9,1
P007,HRTF_B,14,7.725,-92.05,-53.24,9,1
P007,HRTF_B,14,7.739,-93.08,-52.26,9,1
P007,HRTF_B,14,7.754,-94.08,-51.0,9,1
P007,HRTF_B,14,7.767,-94.89,-49.54,9,1
P007,HRTF_B,14,7.781,-95.78,-47.85,9,1
P007,HRTF_B,14,7.795,-97.06,-45.76,9,1
P007,HRTF_B,14,7.808,-97.43,-44.52,9,1
P007,HRTF_B,14,7.822,-98.03,-42.89,9,1
P007,HRTF_B,14,7.837,-98.58,-41.23,9,1
P007,HRTF_B,14,7.85,-99.13,-39.58,9,1
P007,HRTF_B,14,7.864,-99.68,-38.03,9,1
P007,HRTF_B,14,7.878,-100.25,-36.55,9,1
P007,HRTF_B,14,7.892,-100.81,-35.14,9,1
P007,HRTF_B,14,7.906,-101.31,-33.74,9,1
P007,HRTF_B,14,7.919,-101.86,-32.29,9,1
P007,HRTF_B,14,7.934,-102.43,-30.82,9,1
P007,HRTF_B,14,7.947,-103.03,-29.49,9,1
P007,HRTF_B,14,7.961,-103.59,-28.25,9,1
P007,HRTF_B,14,7.975,-104.23,-26.93,9,1
P007,HRTF_B,14,7.989,-104.91,-25.62,9,1
P007,HRTF_B,14,8.003,-105.59,-24.37,9,1
P007,HRTF_B,14,8.017,-106.24,-23.07,9,1
P007,HRTF_B,14,8.031,-106.89,-21.8,9,1
P007,HRTF_B,14,8.045,-107.58,-20.64,9,1
P007,HRTF_B,14,8.058,-108.32,-19.57,9,1
P007,HRTF_B,14,8.073,-108.98,-18.58,9,1
P007,HRTF_B,14,8.087,-109.7,-17.64,9,1
P007,HRTF_B,14,8.1,-110.43,-16.77,9,1
P007,HRTF_B,14,8.114,-111.14,-15.9,9,1
P007,HRTF_B,14,8.128,-111.83,-15.07,9,1
P007,HRTF_B,14,8.142,-112.51,-14.33,9,1
P007,HRTF_B,14,8.156,-113.2,-13.63,9,1
P007,HRTF_B,14,8.17,-113.95,-12.97,9,1
P007,HRTF_B,14,8.183,-114.69,-12.35,9,1
P007,HRTF_B,14,8.198,-115.45,-11.77,9,1
P007,HRTF_B,14,8.212,-116.26,-11.21,9,1
P007,HRTF_B,14,8.225,-117.12,-10.75,9,1
P007,HRTF_B,14,8.24,-117.88,-10.3,9,1
P007,HRTF_B,14,8.253,-118.68,-9.82,9,1
P007,HRTF_B,14,8.267,-119.5,-9.39,9,1
P007,HRTF_B,14,8.281,-120.34,-8.98,9,1
P007,HRTF_B,14,8.294,-121.18,-8.55,9,1
P007,HRTF_B,14,8.308,-122.04,-8.15,9,1
P007,HRTF_B,14,8.322,-122.94,-7.77,9,1
P007,HRTF_B,14,8.336,-123.85,-7.46,9,1
P007,HRTF_B,14,8.35,-124.79,-7.26,9,1
P007,HRTF_B,14,8.364,-125.76,-7.11,9,1
P007,HRTF_B,14,8.378,-126.75,-6.96,9,1
P007,HRTF_B,14,8.392,-127.72,-6.8,9,1
P007,HRTF_B,14,8.406,-128.72,-6.63,9,1
P007,HRTF_B,14,8.42,-129.76,-6.44,9,1
P007,HRTF_B,14,8.433,-130.84,-6.28,9,1
P007,HRTF_B,14,8.447,-131.97,-6.15,9,1
P007,HRTF_B,14,8.461,-133.18,-6.13,9,1
P007,HRTF_B,14,8.476,-134.4,-6.12,9,1
P007,HRTF_B,14,8.49,-135.59,-6.08,9,1
P007,HRTF_B,14,8.503,-136.77,-6.01,9,1
P007,HRTF_B,14,8.517,-137.94,-5.96,9,1
P007,HRTF_B,14,8.531,-139.11,-5.92,9,1
P007,HRTF_B,14,8.544,-140.22,-5.93,9,1
P007,HRTF_B,14,8.558,-141.28,-5.95,9,1
P007,HRTF_B,14,8.572,-142.27,-5.98,9,1
P007,HRTF_B,14,8.586,-143.18,-6.03,9,1
P007,HRTF_B,14,8.6,-144.0,-6.13,9,1
P007,HRTF_B,14,8.614,-144.8,-6.24,9,1
P007,HRTF_B,14,8.628,-145.58,-6.36,9,1
P007,HRTF_B,14,8.642,-146.37,-6.44,9,1
P007,HRTF_B,14,8.656,-147.19,-6.52,9,1
P007,HRTF_B,14,8.67,-148.04,-6.55,9,1
P007,HRTF_B,14,8.684,-148.91,-6.59,9,1
P007,HRTF_B,14,8.697,-149.8,-6.58,9,1
P007,HRTF_B,14,8.712,-150.67,-6.62,9,1
P007,HRTF_B,14,8.725,-151.57,-6.65,9,1
P007,HRTF_B,14,8.74,-152.48,-6.74,9,1
P007,HRTF_B,14,8.753,-153.43,-6.84,9,1
P007,HRTF_B,14,8.767,-154.42,-6.91,9,1
P007,HRTF_B,14,8.78,-155.43,-6.96,9,1
P007,HRTF_B,14,8.794,-156.48,-6.94,9,1
P007,HRTF_B,14,8.809,-157.51,-6.9,9,1
P007,HRTF_B,14,8.822,-158.53,-6.87,9,1
P007,HRTF_B,14,8.836,-159.54,-6.84,9,1
P007,HRTF_B,14,8.85,-160.54,-6.83,9,1
P007,HRTF_B,14,8.864,-161.52,-6.79,9,1
P007,HRTF_B,14,8.878,-162.48,-6.72,9,1
P007,HRTF_B,14,8.892,-163.44,-6.64,9,1
P007,HRTF_B,14,8.906,-164.37,-6.56,9,1
P007,HRTF_B,14,8.919,-165.25,-6.42,9,1
P007,HRTF_B,14,8.934,-166.07,-6.18,9,1
P007,HRTF_B,14,8.948,-166.84,-5.75,9,1
P007,HRTF_B,14,8.961,-167.58,-5.1,9,1
P007,HRTF_B,14,8.975,-168.3,-4.3,9,1
P007,HRTF_B,14,8.99,-168.99,-3.46,9,1
P007,HRTF_B,14,9.004,-169.61,-2.54,9,1
P007,HRTF_B,14,9.017,-170.19,-1.56,9,1
P007,HRTF_B,14,9.031,-170.66,-0.6,9,1
P007,HRTF_B,14,9.044,-171.04,0.41,9,1
P007,HRTF_B,14,9.058,-171.38,1.44,9,1
P007,HRTF_B,14,9.072,-171.71,2.34,9,1
P007,HRTF_B,14,9.086,-172.0,3.19,9,1
P007,HRTF_B,14,9.1,-172.29,4.05,9,1
P007,HRTF_B,14,9.114,-172.48,4.97,9,1
P007,HRTF_B,14,9.127,-172.63,5.97,9,1
P007,HRTF_B,14,9.142,-172.79,6.94,9,1
P007,HRTF_B,14,9.155,-172.98,7.87,9,1
P007,HRTF_B,14,9.169,-173.17,8.55,9,1
P007,HRTF_B,14,9.184,-173.31,9.68,9,1
P007,HRTF_B,14,9.197,-173.51,10.57,9,1
P007,HRTF_B,14,9.211,-173.66,11.38,9,1
P007,HRTF_B,14,9.225,-173.77,12.23,9,1
P007,HRTF_B,14,9.239,-173.89,13.14,9,1
P007,HRTF_B,14,9.253,-174.08,14.09,9,1
P007,HRTF_B,14,9.267,-174.22,14.85,9,1
P007,HRTF_B,14,9.281,-174.43,15.56,9,1
P007,HRTF_B,14,9.294,-174.69,16.21,9,1
P007,HRTF_B,14,9.309,-174.98,16.67,9,1
P007,HRTF_B,14,9.322,-175.32,17.07,9,1
P007,HRTF_B,14,9.336,-175.72,17.44,9,1
P007,HRTF_B,14,9.35,-176.21,17.8,9,1
P007,HRTF_B,14,9.364,-176.73,18.11,9,1
P007,HRTF_B,14,9.378,-177.24,18.44,9,1
P007,HRTF_B,14,9.391,-177.71,18.74,9,1
P007,HRTF_B,14,9.405,-178.17,19.05,9,1
P007,HRTF_B,14,9.42,-178.54,19.35,9,1
P007,HRTF_B,14,9.433,-178.83,19.62,9,1
P007,HRTF_B,14,9.448,-179.04,19.8,9,1
P007,HRTF_B,14,9.461,-179.11,19.92,9,1
P007,HRTF_B,14,9.475,-179.04,20.0,9,1
P007,HRTF_B,14,9.489,-178.79,20.06,9,1
P007,HRTF_B,14,9.503,-178.45,20.04,9,1
P007,HRTF_B,14,9.518,-177.97,20.01,9,1
P007,HRTF_B,14,9.531,-177.48,19.95,9,1
P007,HRTF_B,14,9.544,-176.98,19.89,9,1
P007,HRTF_B,14,9.559,-176.47,19.82,9,1
P007,HRTF_B,14,9.572,-175.92,19.7,9,1
P007,HRTF_B,14,9.586,-175.43,19.51,9,1
P007,HRTF_B,14,9.6,-174.94,19.31,9,1
P007,HRTF_B,14,9.614,-174.58,19.12,9,1
P007,HRTF_B,14,9.628,-174.38,18.91,9,1
P007,HRTF_B,14,9.642,-174.36,18.72,9,1
P007,HRTF_B,14,9.655,-174.43,18.59,9,1
P007,HRTF_B,14,9.669,-174.59,18.46,9,1
P007,HRTF_B,14,9.683,-174.79,18.33,9,1
P007,HRTF_B,14,9.697,-175.11,18.21,9,1
P007,HRTF_B,14,9.711,-175.55,18.06,9,1
P007,HRTF_B,14,9.725,-176.14,17.92,9,1
P007,HRTF_B,14,9.739,-176.88,17.82,9,1
P007,HRTF_B,14,9.753,-177.79,17.82,9,1
P007,HRTF_B,14,9.768,-178.82,17.88,9,1
P007,HRTF_B,14,9.781,-179.98,17.87,9,1
P007,HRTF_B,14,9.795,178.69,17.82,9,1
P007,HRTF_B,14,9.809,177.26,17.74,9,1
P007,HRTF_B,14,9.822,175.8,17.58,9,1
P007,HRTF_B,14,9.836,174.28,17.45,9,1
P007,HRTF_B,14,9.85,172.69,17.36,9,1
P007,HRTF_B,14,9.863,171.05,17.27,9,1
P007,HRTF_B,14,9.878,169.44,17.17,9,1
P007,HRTF_B,14,9.892,167.86,17.08,9,1
P007,HRTF_B,14,9.905,166.31,17.0,9,1
P007,HRTF_B,14,9.919,164.75,16.94,9,1
P007,HRTF_B,14,9.934,163.2,16.81,9,1
P007,HRTF_B,14,9.947,161.7,16.62,9,1
P007,HRTF_B,14,9.961,160.28,16.45,9,1
P007,HRTF_B,14,9.975,158.98,16.29,9,1
P007,HRTF_B,14,9.988,157.82,16.06,9,1
P007,HRTF_B,14,10.003,156.81,15.91,9,1
P007,HRTF_B,14,10.017,155.97,15.74,9,1
P007,HRTF_B,14,10.031,155.27,15.56,9,1
P007,HRTF_B,14,10.044,154.66,15.42,9,1
P007,HRTF_B,14,10.058,154.19,15.31,9,1
P007,HRTF_B,14,10.072,153.85,15.26,9,1
P007,HRTF_B,14,10.086,153.59,15.26,9,1
P007,HRTF_B,14,10.1,153.48,15.31,9,1
P007,HRTF_B,14,10.114,153.44,15.37,9,1
P007,HRTF_B,14,10.128,153.49,15.42,9,1
P007,HRTF_B,14,10.142,153.65,15.43,9,1
P007,HRTF_B,14,10.156,153.92,15.42,9,1
P007,HRTF_B,14,10.17,154.34,15.39,9,1
P007,HRTF_B,14,10.184,154.92,15.36,9,1
P007,HRTF_B,14,10.197,155.63,15.31,9,1
P007,HRTF_B,14,10.211,156.52,15.29,9,1
P007,HRTF_B,14,10.225,157.63,15.31,9,1
P007,HRTF_B,14,10.239,158.93,15.33,9,1
P007,HRTF_B,14,10.253,160.46,15.43,9,1
P007,HRTF_B,14,10.267,162.28,15.36,9,1
P007,HRTF_B,14,10.28,164.24,15.27,9,1
P007,HRTF_B,14,10.294,166.33,15.15,9,1
P007,HRTF_B,14,10.308,168.53,14.99,9,1
P007,HRTF_B,14,10.322,170.89,14.84,9,1
P007,HRTF_B,14,10.336,173.43,14.61,9,1
P007,HRTF_B,14,10.35,176.09,14.26,9,1
P007,HRTF_B,14,10.364,178.82,13.87,9,1
P007,HRTF_B,14,10.377,-178.48,13.47,9,1
P007,HRTF_B,14,10.391,-175.76,13.2,9,1
P007,HRTF_B,14,10.405,-173.06,12.91,9,1
P007,HRTF_B,14,10.419,-170.38,12.67,9,1
P007,HRTF_B,14,10.433,-167.7,12.35,9,1
P007,HRTF_B,14,10.447,-165.12,12.0,9,1
P007,HRTF_B,14,10.46,-162.65,11.76,9,1
P007,HRTF_B,14,10.475,-160.3,11.61,9,1
P007,HRTF_B,14,10.488,-158.11,11.49,9,1
P007,HRTF_B,14,10.502,-155.99,11.36,9,1
P007,HRTF_B,14,10.516,-153.87,11.23,9,1
P007,HRTF_B,14,10.531,-151.86,11.18,9,1
P007,HRTF_B,14,10.55,-150.0,11.23,9,1
P007,HRTF_B,14,10.572,-146.49,11.32,9,1
P007,HRTF_B,14,10.586,-144.82,11.34,9,1
P007,HRTF_B,14,10.599,-143.18,11.36,9,1
P007,HRTF_B,14,10.614,-141.65,11.48,9,1
P007,HRTF_B,14,10.628,-140.22,11.65,9,1
P007,HRTF_B,14,10.642,-138.88,11.81,9,1
P007,HRTF_B,14,10.655,-137.54,11.88,9,1
P007,HRTF_B,14,10.669,-136.25,11.91,9,1
P007,HRTF_B,14,10.683,-135.03,11.95,9,1
P007,HRTF_B,14,10.697,-133.9,12.01,9,1
P007,HRTF_B,14,10.711,-132.83,12.15,9,1
P007,HRTF_B,14,10.725,-131.9,12.27,9,1
P007,HRTF_B,14,10.739,-131.04,12.29,9,1
P007,HRTF_B,14,10.753,-130.18,12.39,9,1
P007,HRTF_B,14,10.766,-129.36,12.55,9,1
P007,HRTF_B,14,10.781,-128.59,12.75,9,1
P007,HRTF_B,14,10.794,-127.85,12.92,9,1
P007,HRTF_B,14,10.808,-127.11,13.06,9,1
P007,HRTF_B,14,10.823,-126.31,13.15,9,1
P007,HRTF_B,14,10.836,-125.54,13.27,9,1
P007,HRTF_B,14,10.85,-124.72,13.35,9,1
P007,HRTF_B,14,10.864,-123.95,13.45,9,1
P007,HRTF_B,14,10.878,-123.21,13.52,9,1
P007,HRTF_B,14,10.891,-122.43,13.58,9,1
P007,HRTF_B,14,10.905,-121.6,13.63,9,1
P007,HRTF_B,14,10.919,-120.71,13.66,9,1
P007,HRTF_B,14,10.933,-119.78,13.71,9,1
P007,HRTF_B,14,10.947,-118.84,13.74,9,1
P007,HRTF_B,14,10.961,-117.91,13.75,9,1
P007,HRTF_B,14,10.975,-116.94,13.74,9,1
P007,HRTF_B,14,10.989,-115.97,13.76,9,1
P007,HRTF_B,14,11.003,-114.99,13.78,9,1
P007,HRTF_B,14,11.016,-113.99,13.76,9,1
P007,HRTF_B,14,11.031,-113.05,13.71,9,1
P007,HRTF_B,14,11.044,-112.11,13.61,9,1
P007,HRTF_B,14,11.058,-111.23,13.48,9,1
P007,HRTF_B,14,11.072,-110.36,13.33,9,1
P007,HRTF_B,14,11.087,-109.54,13.21,9,1
P007,HRTF_B,14,11.1,-108.75,13.06,9,1
P007,HRTF_B,14,11.114,-107.95,12.88,9,1
P007,HRTF_B,14,11.128,-107.17,12.66,9,1
P007,HRTF_B,14,11.141,-106.41,12.43,9,1
P007,HRTF_B,14,11.156,-105.66,12.21,9,1
P007,HRTF_B,14,11.169,-104.91,11.98,9,1
P007,HRTF_B,14,11.184,-104.2,11.75,9,1
P007,HRTF_B,14,11.197,-103.46,11.51,9,1
P007,HRTF_B,14,11.211,-102.73,11.23,9,1
P007,HRTF_B,14,11.225,-102.0,10.87,9,1
P007,HRTF_B,14,11.239,-101.3,10.51,9,1
P007,HRTF_B,14,11.252,-100.63,10.13,9,1
P007,HRTF_B,14,11.266,-99.99,9.69,9,1
P007,HRTF_B,14,11.281,-99.35,9.2,9,1
P007,HRTF_B,14,11.294,-98.68,8.63,9,1
P007,HRTF_B,14,11.308,-98.02,8.04,9,1
P007,HRTF_B,14,11.322,-97.34,7.41,9,1
P007,HRTF_B,14,11.337,-96.68,6.72,9,1
P007,HRTF_B,14,11.35,-96.0,5.96,9,1
P007,HRTF_B,14,11.364,-95.32,5.13,9,1
P007,HRTF_B,14,11.377,-94.6,4.2,9,1
P007,HRTF_B,14,11.391,-93.89,3.17,9,1
P007,HRTF_B,14,11.405,-93.19,2.09,9,1
P007,HRTF_B,14,11.419,-92.47,0.92,9,1
P007,HRTF_B,14,11.433,-91.77,-0.43,9,1
P007,HRTF_B,14,11.447,-91.06,-1.84,9,1
P007,HRTF_B,14,11.461,-90.37,-3.13,9,1
P007,HRTF_B,14,11.475,-89.7,-4.21,9,1
P007,HRTF_B,14,11.489,-89.04,-5.18,9,1
P007,HRTF_B,14,11.503,-88.41,-6.01,9,1
P007,HRTF_B,14,11.517,-87.78,-6.83,9,1
P007,HRTF_B,14,11.53,-87.17,-7.59,9,1
P007,HRTF_B,14,11.544,-86.55,-8.35,9,1
P007,HRTF_B,14,11.558,-85.95,-9.06,9,1
P007,HRTF_B,14,11.572,-85.4,-9.69,9,1
P007,HRTF_B,14,11.586,-84.95,-10.25,9,1
P007,HRTF_B,14,11.601,-84.55,-10.71,9,1
P007,HRTF_B,14,11.614,-84.26,-11.23,9,1
P007,HRTF_B,14,11.628,-83.98,-11.61,9,1
P007,HRTF_B,14,11.642,-83.81,-11.96,9,1
P007,HRTF_B,14,11.655,-83.7,-12.25,9,1
P007,HRTF_B,14,11.669,-83.67,-12.5,9,1
P007,HRTF_B,14,11.683,-83.74,-12.71,9,1
P007,HRTF_B,14,11.698,-83.88,-12.9,9,1
P007,HRTF_B,14,11.711,-84.11,-13.09,9,1
P007,HRTF_B,14,11.725,-84.41,-13.27,9,1
P007,HRTF_B,14,11.739,-84.83,-13.42,9,1
P007,HRTF_B,14,11.753,-85.42,-13.51,9,1
P007,HRTF_B,14,11.767,-86.15,-13.66,9,1
P007,HRTF_B,14,11.78,-87.1,-13.94,9,1
P007,HRTF_B,14,11.794,-88.31,-14.25,9,1
P007,HRTF_B,14,11.808,-89.65,-14.77,9,1
P007,HRTF_B,14,11.822,-91.08,-15.19,9,1
P007,HRTF_B,14,11.836,-92.57,-15.58,9,1
P007,HRTF_B,14,11.85,-94.11,-15.98,9,1
P007,HRTF_B,14,11.865,-95.81,-16.34,9,1
P007,HRTF_B,14,11.878,-97.6,-16.77,9,1
P007,HRTF_B,14,11.891,-99.56,-17.26,9,1
P007,HRTF_B,14,11.906,-101.55,-17.76,9,1
P007,HRTF_B,14,11.919,-103.6,-18.3,9,1
P007,HRTF_B,14,11.933,-105.65,-18.83,9,1
P007,HRTF_B,14,11.947,-107.87,-19.47,9,1
P007,HRTF_B,14,11.961,-110.17,-20.08,9,1
P007,HRTF_B,14,11.975,-112.41,-20.52,9,1
P007,HRTF_B,14,11.989,-114.73,-20.91,9,1
P007,HRTF_B,14,12.003,-117.11,-21.2,9,1
P007,HRTF_B,14,12.017,-119.5,-21.52,9,1
P007,HRTF_B,14,12.031,-121.93,-21.87,9,1
P007,HRTF_B,14,12.045,-124.39,-22.18,9,1
P007,HRTF_B,14,12.058,-126.83,-22.44,9,1
P007,HRTF_B,14,12.072,-129.31,-22.69,9,1
P007,HRTF_B,14,12.085,-131.85,-22.98,9,1
P007,HRTF_B,14,12.1,-134.45,-23.36,9,1
P007,HRTF_B,14,12.114,-137.05,-23.8,9,1
P007,HRTF_B,14,12.128,-139.61,-24.22,9,1
P007,HRTF_B,14,12.141,-142.17,-24.59,9,1
P007,HRTF_B,14,12.156,-144.74,-24.99,9,1
P007,HRTF_B,14,12.169,-147.31,-25.44,9,1
P007,HRTF_B,14,12.183,-149.81,-25.98,9,1
P007,HRTF_B,14,12.197,-152.24,-26.55,9,1
P007,HRTF_B,14,12.211,-154.61,-27.12,9,1
P007,HRTF_B,14,12.225,-157.01,-27.66,9,1
P007,HRTF_B,14,12.238,-159.44,-28.21,9,1
P007,HRTF_B,14,12.252,-161.94,-28.82,9,1
P007,HRTF_B,14,12.266,-164.41,-29.45,9,1
P007,HRTF_B,14,12.28,-166.76,-30.11,9,1
P007,HRTF_B,14,12.294,-169.16,-30.77,9,1
P007,HRTF_B,14,12.308,-171.45,-31.37,9,1
P007,HRTF_B,14,12.322,-173.64,-31.93,9,1
P007,HRTF_B,14,12.336,-175.72,-32.43,9,1
P007,HRTF_B,14,12.35,-177.62,-32.9,9,1
P007,HRTF_B,14,12.364,-179.41,-33.4,9,1
P007,HRTF_B,14,12.378,179.05,-34.01,9,1
P007,HRTF_B,14,12.391,177.74,-34.67,9,1
P007,HRTF_B,14,12.405,176.56,-35.32,9,1
P007,HRTF_B,14,12.419,175.53,-35.85,9,1
P007,HRTF_B,14,12.433,174.66,-36.33,9,1
P007,HRTF_B,14,12.447,173.92,-36.78,9,1
P007,HRTF_B,14,12.46,173.28,-37.21,9,1
P007,HRTF_B,14,12.475,172.76,-37.65,9,1
P007,HRTF_B,14,12.489,172.32,-38.06,9,1
P007,HRTF_B,14,12.502,171.91,-38.47,9,1
P007,HRTF_B,14,12.516,171.52,-38.88,9,1
P007,HRTF_B,14,12.531,171.2,-39.21,9,1
P007,HRTF_B,14,12.544,170.93,-39.47,9,1
P007,HRTF_B,14,12.558,170.68,-39.64,9,1
P007,HRTF_B,14,12.572,170.37,-39.66,9,1
P007,HRTF_B,14,12.586,170.03,-39.75,9,1
P007,HRTF_B,14,12.6,169.58,-39.9,9,1
P007,HRTF_B,14,12.614,169.11,-39.98,9,1
P007,HRTF_B,14,12.627,168.59,-40.16,9,1
P007,HRTF_B,14,12.643,168.1,-40.42,9,1
P007,HRTF_B,14,12.655,167.59,-40.68,9,1
P007,HRTF_B,14,12.669,167.09,-40.96,9,1
P007,HRTF_B,14,12.683,166.56,-41.23,9,1
P007,HRTF_B,14,12.697,166.03,-41.55,9,1
P007,HRTF_B,14,12.711,165.49,-41.89,9,1
P007,HRTF_B,14,12.724,164.91,-42.22,9,1
P007,HRTF_B,14,12.738,164.23,-42.6,9,1
P007,HRTF_B,14,12.752,163.46,-42.95,9,1
P007,HRTF_B,14,12.766,162.61,-43.32,9,1
P007,HRTF_B,14,12.781,161.71,-43.71,9,1
P007,HRTF_B,14,12.794,160.79,-44.09,9,1
P007,HRTF_B,14,12.808,159.81,-44.47,9,1
P007,HRTF_B,14,12.822,158.78,-44.92,9,1
P007,HRTF_B,14,12.836,157.73,-45.38,9,1
P007,HRTF_B,14,12.85,156.76,-45.78,9,1
P007,HRTF_B,14,12.863,155.87,-46.22,9,1
P007,HRTF_B,14,12.877,155.04,-46.7,9,1
P007,HRTF_B,14,12.905,153.68,-47.71,9,1
P007,HRTF_B,14,12.919,153.01,-48.19,9,1
P007,HRTF_B,14,12.933,152.35,-48.69,9,1
P007,HRTF_B,14,12.947,151.69,-49.21,9,1
P007,HRTF_B,14,12.961,151.04,-49.72,9,1
P007,HRTF_B,14,12.975,150.44,-50.17,9,1
P007,HRTF_B,14,12.989,149.84,-50.58,9,1
P007,HRTF_B,14,13.003,149.24,-50.91,9,1
P007,HRTF_B,14,13.016,148.63,-51.17,9,1
P007,HRTF_B,14,13.03,148.07,-51.43,9,1
P007,HRTF_B,14,13.044,147.6,-51.75,9,1
P007,HRTF_B,14,13.058,147.16,-52.05,9,1
P007,HRTF_B,14,13.072,146.77,-52.41,9,1
P007,HRTF_B,14,13.086,146.44,-52.83,9,1
P007,HRTF_B,14,13.099,146.16,-53.25,9,1
P007,HRTF_B,14,13.114,145.97,-53.72,9,1
P007,HRTF_B,14,13.128,145.89,-54.17,9,1
P007,HRTF_B,14,13.141,145.87,-54.57,9,1
P007,HRTF_B,14,13.155,145.88,-55.01,9,1
P007,HRTF_B,14,13.17,145.92,-55.42,9,1
P007,HRTF_B,14,13.183,145.94,-55.82,9,1
P007,HRTF_B,14,13.197,145.94,-56.18,9,1
P007,HRTF_B,14,13.211,145.92,-56.55,9,1
P007,HRTF_B,14,13.225,145.78,-56.89,9,1
P007,HRTF_B,14,13.238,145.65,-57.25,9,1
P007,HRTF_B,14,13.252,145.45,-57.64,9,1
P007,HRTF_B,14,13.266,145.12,-57.98,9,1
P007,HRTF_B,14,13.281,144.67,-58.26,9,1
P007,HRTF_B,14,13.294,144.14,-58.51,9,1
P007,HRTF_B,14,13.308,143.47,-58.73,9,1
P007,HRTF_B,14,13.322,142.71,-58.97,9,1
P007,HRTF_B,14,13.336,141.92,-59.18,9,1
P007,HRTF_B,14,13.35,141.09,-59.28,9,1
P007,HRTF_B,14,13.363,140.09,-59.28,9,1
P007,HRTF_B,14,13.378,139.0,-59.31,9,1
P007,HRTF_B,14,13.391,137.83,-59.35,9,1
P007,HRTF_B,14,13.405,136.6,-59.42,9,1
P007,HRTF_B,14,13.419,135.4,-59.44,9,1
P007,HRTF_B,14,13.433,134.22,-59.41,9,1
P007,HRTF_B,14,13.447,133.05,-59.3,9,1
P007,HRTF_B,14,13.461,131.96,-59.07,9,1
P007,HRTF_B,14,13.475,130.83,-58.64,9,1
P007,HRTF_B,14,13.489,129.85,-58.04,9,1
P007,HRTF_B,14,13.502,128.96,-57.22,9,1
P007,HRTF_B,14,13.517,128.17,-56.26,9,1
P007,HRTF_B,14,13.531,127.46,-55.15,9,1
P007,HRTF_B,14,13.544,126.83,-53.79,9,1
P007,HRTF_B,14,13.558,126.26,-52.2,9,1
P007,HRTF_B,14,13.572,125.75,-50.43,9,1
P007,HRTF_B,14,13.586,125.13,-48.55,9,1
P007,HRTF_B,14,13.599,124.61,-46.44,9,1
P007,HRTF_B,14,13.614,124.13,-44.21,9,1
P007,HRTF_B,14,13.627,123.64,-41.79,9,1
P007,HRTF_B,14,13.641,123.18,-39.24,9,1
P007,HRTF_B,14,13.655,122.74,-36.8,9,1
P007,HRTF_B,14,13.669,122.3,-34.52,9,1
P007,HRTF_B,14,13.685,121.9,-32.36,9,1
P007,HRTF_B,14,13.698,121.45,-30.37,9,1
P007,HRTF_B,14,13.711,120.98,-28.47,9,1
P007,HRTF_B,14,13.725,120.46,-26.66,9,1
P007,HRTF_B,14,13.739,119.93,-24.98,9,1
P007,HRTF_B,14,13.752,119.37,-23.36,9,1
P007,HRTF_B,14,13.766,118.75,-21.85,9,1
P007,HRTF_B,14,13.78,118.11,-20.35,9,1
P007,HRTF_B,14,13.794,117.41,-18.92,9,1
P007,HRTF_B,14,13.808,116.66,-17.37,9,1
P007,HRTF_B,14,13.822,115.86,-15.77,9,1
P007,HRTF_B,14,13.836,115.02,-14.23,9,1
P007,HRTF_B,14,13.85,114.23,-12.73,9,1
P007,HRTF_B,14,13.864,113.41,-11.36,9,1
P007,HRTF_B,14,13.877,112.62,-10.18,9,1
P007,HRTF_B,14,13.891,111.85,-9.19,9,1
P007,HRTF_B,14,13.905,111.11,-8.4,9,1
P007,HRTF_B,14,13.919,110.33,-7.66,9,1
P007,HRTF_B,14,13.933,109.63,-6.98,9,1
P007,HRTF_B,14,13.948,108.93,-6.37,9,1
P007,HRTF_B,14,13.961,108.26,-5.84,9,1
P007,HRTF_B,14,13.974,107.58,-5.29,9,1
P007,HRTF_B,14,13.989,106.91,-4.87,9,1
P007,HRTF_B,14,14.002,106.22,-4.51,9,1
P007,HRTF_B,14,14.016,105.53,-4.21,9,1
P007,HRTF_B,14,14.03,104.87,-3.89,9,1
P007,HRTF_B,14,14.044,104.25,-3.59,9,1
P007,HRTF_B,14,14.058,103.71,-3.3,9,1
P007,HRTF_B,14,14.072,103.26,-2.93,9,1
P007,HRTF_B,14,14.085,102.89,-2.55,9,1
P007,HRTF_B,14,14.1,102.56,-2.08,9,1
P007,HRTF_B,14,14.114,102.24,-1.56,9,1
P007,HRTF_B,14,14.127,101.98,-1.05,9,1
P007,HRTF_B,14,14.141,101.79,-0.62,9,1
P007,HRTF_B,14,14.155,101.66,-0.29,9,1
P007,HRTF_B,14,14.169,101.61,0.01,9,1
P007,HRTF_B,14,14.183,101.57,0.35,9,1
P007,HRTF_B,14,14.196,101.54,0.74,9,1
P007,HRTF_B,14,14.211,101.48,1.1,9,1
P007,HRTF_B,14,14.224,101.4,1.45,9,1
P007,HRTF_B,14,14.238,101.29,1.75,9,1
P007,HRTF_B,14,14.252,101.19,1.96,9,1
P007,HRTF_B,14,14.266,101.1,2.1,9,1
P007,HRTF_B,14,14.28,101.01,2.2,9,1
P007,HRTF_B,14,14.294,100.93,2.27,9,1
P007,HRTF_B,14,14.308,100.84,2.34,9,1
P007,HRTF_B,14,14.322,100.73,2.36,9,1
P007,HRTF_B,14,14.336,100.61,2.34,9,1
P007,HRTF_B,14,14.349,100.49,2.3,9,1
P007,HRTF_B,14,14.364,100.35,2.23,9,1
P007,HRTF_B,14,14.377,100.21,2.11,9,1
P007,HRTF_B,14,14.391,100.04,1.97,9,1
P007,HRTF_B,14,14.405,99.84,1.79,9,1
P007,HRTF_B,14,14.419,99.6,1.58,9,1
P007,HRTF_B,14,14.432,99.35,1.36,9,1
P007,HRTF_B,14,14.446,99.07,1.12,9,1
P007,HRTF_B,14,14.461,98.79,0.84,9,1
P007,HRTF_B,14,14.474,98.5,0.6,9,1
P007,HRTF_B,14,14.488,98.17,0.35,9,1
P007,HRTF_B,14,14.502,97.84,0.15,9,1
P007,HRTF_B,14,14.516,97.49,-0.01,9,1
P007,HRTF_B,14,14.53,97.13,-0.14,9,1
P007,HRTF_B,14,14.544,96.74,-0.22,9,1
P007,HRTF_B,14,14.558,96.35,-0.29,9,1
P007,HRTF_B,14,14.571,95.97,-0.35,9,1
P007,HRTF_B,14,14.586,95.62,-0.37,9,1
P007,HRTF_B,14,14.599,95.28,-0.39,9,1
P007,HRTF_B,14,14.613,94.96,-0.37,9,1
P007,HRTF_B,14,14.627,94.63,-0.29,9,1
P007,HRTF_B,14,14.641,94.27,-0.2,9,1
P007,HRTF_B,14,14.655,93.93,-0.15,9,1
P007,HRTF_B,14,14.668,93.6,-0.14,9,1
P007,HRTF_B,14,14.683,93.3,-0.14,9,1
P007,HRTF_B,15,0.013,-8.63,-3.62,7,1
P007,HRTF_B,15,0.026,-8.65,-3.56,7,1
P007,HRTF_B,15,0.04,-8.65,-3.48,7,1
P007,HRTF_B,15,0.065,-8.64,-3.37,7,1
P007,HRTF_B,15,0.078,-8.63,-3.31,7,1
P007,HRTF_B,15,0.093,-8.64,-3.25,7,1
P007,HRTF_B,15,0.107,-8.66,-3.18,7,1
P007,HRTF_B,15,0.121,-8.71,-3.12,7,1
P007,HRTF_B,15,0.134,-8.79,-3.11,7,1
P007,HRTF_B,15,0.148,-8.92,-3.15,7,1
P007,HRTF_B,15,0.162,-9.07,-3.19,7,1
P007,HRTF_B,15,0.176,-9.28,-3.21,7,1
P007,HRTF_B,15,0.19,-9.53,-3.23,7,1
P007,HRTF_B,15,0.204,-9.86,-3.25,7,1
P007,HRTF_B,15,0.218,-10.29,-3.28,7,1
P007,HRTF_B,15,0.231,-10.85,-3.3,7,1
P007,HRTF_B,15,0.246,-11.48,-3.28,7,1
P007,HRTF_B,15,0.259,-12.21,-3.29,7,1
P007,HRTF_B,15,0.273,-13.06,-3.38,7,1
P007,HRTF_B,15,0.287,-14.06,-3.55,7,1
P007,HRTF_B,15,0.301,-15.26,-3.79,7,1
P007,HRTF_B,15,0.315,-16.59,-3.98,7,1
P007,HRTF_B,15,0.329,-18.01,-4.13,7,1
P007,HRTF_B,15,0.343,-19.47,-4.3,7,1
P007,HRTF_B,15,0.357,-20.91,-4.47,7,1
P007,HRTF_B,15,0.371,-22.38,-4.66,7,1
P007,HRTF_B,15,0.385,-23.83,-4.84,7,1
P007,HRTF_B,15,0.398,-25.27,-4.99,7,1
P007,HRTF_B,15,0.412,-26.67,-5.09,7,1
P007,HRTF_B,15,0.426,-27.98,-5.17,7,1
P007,HRTF_B,15,0.44,-29.15,-5.27,7,1
P007,HRTF_B,15,0.454,-30.21,-5.39,7,1
P007,HRTF_B,15,0.468,-31.18,-5.54,7,1
P007,HRTF_B,15,0.482,-32.07,-5.68,7,1
P007,HRTF_B,15,0.496,-32.87,-5.79,7,1
P007,HRTF_B,15,0.51,-33.6,-5.84,7,1
P007,HRTF_B,15,0.523,-34.23,-5.86,7,1
P007,HRTF_B,15,0.538,-34.76,-5.82,7,1
P007,HRTF_B,15,0.551,-35.23,-5.79,7,1
P007,HRTF_B,15,0.565,-35.62,-5.72,7,1
P007,HRTF_B,15,0.579,-36.01,-5.6,7,1
P007,HRTF_B,15,0.593,-36.37,-5.42,7,1
P007,HRTF_B,15,0.607,-36.72,-5.19,7,1
P007,HRTF_B,15,0.621,-37.02,-4.94,7,1
P007,HRTF_B,15,0.635,-37.34,-4.63,7,1
P007,HRTF_B,15,0.648,-37.67,-4.19,7,1
P007,HRTF_B,15,0.662,-38.03,-3.6,7,1
P007,HRTF_B,15,0.676,-38.45,-2.85,7,1
P007,HRTF_B,15,0.69,-38.91,-2.05,7,1
P007,HRTF_B,15,0.704,-39.4,-1.27,7,1
P007,HRTF_B,15,0.718,-39.91,-0.6,7,1
P007,HRTF_B,15,0.732,-40.45,-0.11,7,1
P007,HRTF_B,15,0.746,-41.11,0.25,7,1
P007,HRTF_B,15,0.76,-41.84,0.5,7,1
P007,HRTF_B,15,0.774,-42.67,0.63,7,1
P007,HRTF_B,15,0.787,-43.52,0.67,7,1
P007,HRTF_B,15,0.801,-44.5,0.87,7,1
P007,HRTF_B,15,0.815,-45.42,0.99,7,1
P007,HRTF_B,15,0.829,-46.41,1.21,7,1
P007,HRTF_B,15,0.843,-47.38,1.47,7,1
P007,HRTF_B,15,0.857,-48.33,1.71,7,1
P007,HRTF_B,15,0.871,-49.22,1.93,7,1
P007,HRTF_B,15,0.885,-50.08,2.11,7,1
P007,HRTF_B,15,0.899,-50.91,2.26,7,1
P007,HRTF_B,15,0.912,-51.67,2.3,7,1
P007,HRTF_B,15,0.927,-52.41,2.32,7,1
P007,HRTF_B,15,0.94,-53.1,2.35,7,1
P007,HRTF_B,15,0.954,-53.77,2.41,7,1
P007,HRTF_B,15,0.968,-54.4,2.51,7,1
P007,HRTF_B,15,0.982,-55.0,2.57,7,1
P007,HRTF_B,15,0.996,-55.58,2.57,7,1
P007,HRTF_B,15,1.01,-56.16,2.51,7,1
P007,HRTF_B,15,1.023,-56.72,2.45,7,1
P007,HRTF_B,15,1.037,-57.25,2.32,7,1
P007,HRTF_B,15,1.051,-57.77,2.05,7,1
P007,HRTF_B,15,1.065,-58.26,1.58,7,1
P007,HRTF_B,15,1.079,-58.73,0.91,7,1
P007,HRTF_B,15,1.093,-59.19,0.07,7,1
P007,HRTF_B,15,1.107,-59.65,-1.0,7,1
P007,HRTF_B,15,1.121,-60.07,-2.25,7,1
P007,HRTF_B,15,1.134,-60.46,-3.61,7,1
P007,HRTF_B,15,1.148,-60.82,-4.98,7,1
P007,HRTF_B,15,1.162,-61.16,-6.36,7,1
P007,HRTF_B,15,1.176,-61.48,-7.74,7,1
P007,HRTF_B,15,1.19,-61.8,-9.12,7,1
P007,HRTF_B,15,1.204,-62.09,-10.48,7,1
P007,HRTF_B,15,1.218,-62.36,-11.77,7,1
P007,HRTF_B,15,1.232,-62.62,-13.02,7,1
P007,HRTF_B,15,1.246,-62.84,-14.19,7,1
P007,HRTF_B,15,1.26,-63.03,-15.43,7,1
P007,HRTF_B,15,1.274,-63.18,-16.69,7,1
P007,HRTF_B,15,1.288,-63.32,-17.91,7,1
P007,HRTF_B,15,1.301,-63.45,-19.03,7,1
P007,HRTF_B,15,1.315,-63.57,-20.04,7,1
P007,HRTF_B,15,1.329,-63.71,-21.02,7,1
P007,HRTF_B,15,1.343,-63.85,-21.99,7,1
P007,HRTF_B,15,1.358,-63.98,-22.96,7,1
P007,HRTF_B,15,1.371,-64.12,-23.88,7,1
P007,HRTF_B,15,1.385,-64.25,-24.75,7,1
P007,HRTF_B,15,1.399,-64.42,-25.61,7,1
P007,HRTF_B,15,1.412,-64.6,-26.46,7,1
P007,HRTF_B,15,1.426,-64.85,-27.28,7,1
P007,HRTF_B,15,1.44,-65.14,-28.04,7,1
P007,HRTF_B,15,1.454,-65.51,-28.8,7,1
P007,HRTF_B,15,1.468,-65.93,-29.48,7,1
P007,HRTF_B,15,1.482,-66.39,-30.11,7,1
P007,HRTF_B,15,1.496,-66.89,-30.75,7,1
P007,HRTF_B,15,1.51,-67.48,-31.4,7,1
P007,HRTF_B,15,1.524,-68.13,-32.01,7,1
P007,HRTF_B,15,1.537,-68.85,-32.56,7,1
P007,HRTF_B,15,1.551,-69.61,-33.04,7,1
P007,HRTF_B,15,1.565,-70.39,-33.45,7,1
P007,HRTF_B,15,1.579,-71.2,-33.86,7,1
P007,HRTF_B,15,1.593,-72.05,-34.26,7,1
P007,HRTF_B,15,1.607,-72.94,-34.68,7,1
P007,HRTF_B,15,1.621,-73.85,-35.12,7,1
P007,HRTF_B,15,1.635,-74.76,-35.59,7,1
P007,HRTF_B,15,1.649,-75.68,-36.05,7,1
P007,HRTF_B,15,1.662,-76.59,-36.49,7,1
P007,HRTF_B,15,1.676,-77.52,-36.93,7,1
P007,HRTF_B,15,1.69,-78.45,-37.35,7,1
P007,HRTF_B,15,1.704,-79.39,-37.72,7,1
P007,HRTF_B,15,1.718,-80.33,-38.06,7,1
P007,HRTF_B,15,1.732,-81.25,-38.41,7,1
P007,HRTF_B,15,1.746,-82.16,-38.73,7,1
P007,HRTF_B,15,1.76,-83.08,-39.02,7,1
P007,HRTF_B,15,1.774,-83.99,-39.28,7,1
P007,HRTF_B,15,1.787,-84.89,-39.47,7,1
P007,HRTF_B,15,1.801,-85.76,-39.65,7,1
P007,HRTF_B,15,1.815,-86.62,-39.8,7,1
P007,HRTF_B,15,1.829,-87.46,-39.93,7,1
P007,HRTF_B,15,1.843,-88.25,-40.07,7,1
P007,HRTF_B,15,1.857,-88.99,-40.2,7,1
P007,HRTF_B,15,1.871,-89.7,-40.3,7,1
P007,HRTF_B,15,1.885,-90.4,-40.41,7,1
P007,HRTF_B,15,1.898,-91.05,-40.55,7,1
P007,HRTF_B,15,1.912,-91.65,-40.73,7,1
P007,HRTF_B,15,1.927,-92.21,-40.97,7,1
P007,HRTF_B,15,1.94,-92.7,-41.3,7,1
P007,HRTF_B,15,1.954,-93.15,-41.63,7,1
P007,HRTF_B,15,1.968,-93.55,-42.03,7,1
P007,HRTF_B,15,1.982,-93.91,-42.44,7,1
P007,HRTF_B,15,1.996,-94.29,-42.89,7,1
P007,HRTF_B,15,2.01,-94.67,-43.36,7,1
P007,HRTF_B,15,2.023,-95.11,-43.81,7,1
P007,HRTF_B,15,2.037,-95.55,-44.28,7,1
P007,HRTF_B,15,2.051,-96.04,-44.71,7,1
P007,HRTF_B,15,2.065,-96.55,-45.11,7,1
P007,HRTF_B,15,2.079,-97.09,-45.5,7,1
P007,HRTF_B,15,2.093,-97.61,-45.9,7,1
P007,HRTF_B,15,2.107,-98.15,-46.31,7,1
P007,HRTF_B,15,2.121,-98.72,-46.69,7,1
P007,HRTF_B,15,2.135,-99.27,-47.06,7,1
P007,HRTF_B,15,2.148,-99.83,-47.38,7,1
P007,HRTF_B,15,2.162,-100.4,-47.73,7,1
P007,HRTF_B,15,2.176,-100.97,-48.09,7,1
P007,HRTF_B,15,2.19,-101.53,-48.48,7,1
P007,HRTF_B,15,2.204,-102.08,-48.88,7,1
P007,HRTF_B,15,2.218,-102.64,-49.28,7,1
P007,HRTF_B,15,2.232,-103.23,-49.65,7,1
P007,HRTF_B,15,2.246,-103.84,-49.99,7,1
P007,HRTF_B,15,2.26,-104.48,-50.31,7,1
P007,HRTF_B,15,2.273,-105.15,-50.64,7,1
P007,HRTF_B,15,2.287,-105.84,-50.97,7,1
P007,HRTF_B,15,2.301,-106.59,-51.31,7,1
P007,HRTF_B,15,2.315,-107.32,-51.64,7,1
P007,HRTF_B,15,2.329,-108.07,-51.96,7,1
P007,HRTF_B,15,2.343,-108.85,-52.3,7,1
P007,HRTF_B,15,2.357,-109.62,-52.64,7,1
P007,HRTF_B,15,2.371,-110.38,-52.98,7,1
P007,HRTF_B,15,2.385,-111.16,-53.29,7,1
P007,HRTF_B,15,2.398,-111.97,-53.6,7,1
P007,HRTF_B,15,2.412,-112.74,-53.86,7,1
P007,HRTF_B,15,2.426,-113.54,-54.12,7,1
P007,HRTF_B,15,2.44,-114.38,-54.36,7,1
P007,HRTF_B,15,2.454,-115.2,-54.57,7,1
P007,HRTF_B,15,2.468,-116.05,-54.75,7,1
P007,HRTF_B,15,2.482,-116.89,-54.88,7,1
P007,HRTF_B,15,2.496,-117.71,-54.99,7,1
P007,HRTF_B,15,2.51,-118.49,-55.07,7,1
P007,HRTF_B,15,2.524,-119.24,-55.19,7,1
P007,HRTF_B,15,2.538,-119.96,-55.36,7,1
P007,HRTF_B,15,2.551,-120.67,-55.53,7,1
P007,HRTF_B,15,2.565,-121.34,-55.71,7,1
P007,HRTF_B,15,2.579,-121.99,-55.87,7,1
P007,HRTF_B,15,2.593,-122.57,-56.07,7,1
P007,HRTF_B,15,2.607,-123.08,-56.2,7,1
P007,HRTF_B,15,2.621,-123.56,-56.3,7,1
P007,HRTF_B,15,2.635,-124.08,-56.35,7,1
P007,HRTF_B,15,2.648,-124.56,-56.39,7,1
P007,HRTF_B,15,2.663,-125.06,-56.42,7,1
P007,HRTF_B,15,2.677,-125.6,-56.45,7,1
P007,HRTF_B,15,2.69,-126.11,-56.52,7,1
P007,HRTF_B,15,2.704,-126.63,-56.53,7,1
P007,HRTF_B,15,2.718,-127.23,-56.54,7,1
P007,HRTF_B,15,2.732,-127.85,-56.53,7,1
P007,HRTF_B,15,2.746,-128.59,-56.58,7,1
P007,HRTF_B,15,2.76,-129.38,-56.64,7,1
P007,HRTF_B,15,2.773,-130.25,-56.71,7,1
P007,HRTF_B,15,2.788,-131.13,-56.76,7,1
P007,HRTF_B,15,2.801,-132.09,-56.8,7,1
P007,HRTF_B,15,2.815,-133.1,-56.81,7,1
P007,HRTF_B,15,2.829,-134.18,-56.79,7,1
P007,HRTF_B,15,2.843,-135.3,-56.79,7,1
P007,HRTF_B,15,2.857,-136.49,-56.77,7,1
P007,HRTF_B,15,2.871,-137.72,-56.76,7,1
P007,HRTF_B,15,2.885,-138.99,-56.75,7,1
P007,HRTF_B,15,2.899,-140.33,-56.77,7,1
P007,HRTF_B,15,2.913,-141.63,-56.8,7,1
P007,HRTF_B,15,2.927,-142.98,-56.82,7,1
P007,HRTF_B,15,2.94,-144.3,-56.84,7,1
P007,HRTF_B,15,2.954,-145.62,-56.86,7,1
P007,HRTF_B,15,2.968,-146.94,-56.92,7,1
P007,HRTF_B,15,2.982,-148.2,-56.95,7,1
P007,HRTF_B,15,2.996,-149.37,-56.93,7,1
P007,HRTF_B,15,3.01,-150.49,-56.93,7,1
P007,HRTF_B,15,3.024,-151.51,-56.9,7,1
P007,HRTF_B,15,3.037,-152.46,-56.87,7,1
P007,HRTF_B,15,3.051,-153.39,-56.85,7,1
P007,HRTF_B,15,3.065,-154.32,-56.83,7,1
P007,HRTF_B,15,3.079,-155.23,-56.8,7,1
P007,HRTF_B,15,3.093,-156.14,-56.75,7,1
P007,HRTF_B,15,3.107,-157.08,-56.73,7,1
P007,HRTF_B,15,3.121,-158.08,-56.76,7,1
P007,HRTF_B,15,3.135,-159.06,-56.82,7,1
P007,HRTF_B,15,3.148,-160.12,-56.9,7,1
P007,HRTF_B,15,3.162,-161.23,-57.04,7,1
P007,HRTF_B,15,3.177,-162.39,-57.24,7,1
P007,HRTF_B,15,3.19,-163.61,-57.46,7,1
P007,HRTF_B,15,3.204,-164.85,-57.66,7,1
P007,HRTF_B,15,3.218,-166.16,-57.89,7,1
P007,HRTF_B,15,3.232,-167.49,-58.15,7,1
P007,HRTF_B,15,3.246,-168.84,-58.42,7,1
P007,HRTF_B,15,3.26,-170.18,-58.68,7,1
P007,HRTF_B,15,3.273,-171.53,-58.98,7,1
P007,HRTF_B,15,3.287,-172.83,-59.33,7,1
P007,HRTF_B,15,3.301,-174.21,-59.73,7,1
P007,HRTF_B,15,3.315,-175.55,-60.12,7,1
P007,HRTF_B,15,3.329,-176.8,-60.51,7,1
P007,HRTF_B,15,3.343,-178.06,-60.9,7,1
P007,HRTF_B,15,3.357,-179.23,-61.25,7,1
P007,HRTF_B,15,3.371,179.63,-61.61,7,1
P007,HRTF_B,15,3.385,178.53,-61.91,7,1
P007,HRTF_B,15,3.398,177.48,-62.17,7,1
P007,HRTF_B,15,3.412,176.47,-62.43,7,1
P007,HRTF_B,15,3.427,175.4,-62.66,7,1
P007,HRTF_B,15,3.44,174.35,-62.88,7,1
P007,HRTF_B,15,3.454,173.3,-63.07,7,1
P007,HRTF_B,15,3.468,172.25,-63.22,7,1
P007,HRTF_B,15,3.482,171.2,-63.39,7,1
P007,HRTF_B,15,3.496,170.14,-63.51,7,1
P007,HRTF_B,15,3.51,169.13,-63.6,7,1
P007,HRTF_B,15,3.524,168.16,-63.69,7,1
P007,HRTF_B,15,3.537,167.2,-63.77,7,1
P007,HRTF_B,15,3.551,166.22,-63.87,7,1
P007,HRTF_B,15,3.565,165.31,-63.95,7,1
P007,HRTF_B,15,3.579,164.47,-63.99,7,1
P007,HRTF_B,15,3.593,163.67,-64.02,7,1
P007,HRTF_B,15,3.607,162.91,-64.01,7,1
P007,HRTF_B,15,3.621,162.21,-64.02,7,1
P007,HRTF_B,15,3.635,161.48,-64.05,7,1
P007,HRTF_B,15,3.648,160.8,-64.11,7,1
P007,HRTF_B,15,3.662,160.11,-64.21,7,1
P007,HRTF_B,15,3.676,159.43,-64.32,7,1
P007,HRTF_B,15,3.69,158.72,-64.42,7,1
P007,HRTF_B,15,3.704,157.92,-64.54,7,1
P007,HRTF_B,15,3.718,157.08,-64.68,7,1
P007,HRTF_B,15,3.732,156.12,-64.83,7,1
P007,HRTF_B,15,3.746,155.04,-64.96,7,1
P007,HRTF_B,15,3.759,153.95,-65.09,7,1
P007,HRTF_B,15,3.773,152.78,-65.17,7,1
P007,HRTF_B,15,3.788,151.65,-65.26,7,1
P007,HRTF_B,15,3.801,150.58,-65.09,7,1
P007,HRTF_B,15,3.815,149.63,-64.87,7,1
P007,HRTF_B,15,3.829,148.78,-64.5,7,1
P007,HRTF_B,15,3.843,148.07,-63.94,7,1
P007,HRTF_B,15,3.857,147.52,-63.16,7,1
P007,HRTF_B,15,3.871,147.18,-62.16,7,1
P007,HRTF_B,15,3.885,146.95,-60.68,7,1
P007,HRTF_B,15,3.899,146.82,-58.98,7,1
P007,HRTF_B,15,3.912,146.84,-57.17,7,1
P007,HRTF_B,15,3.926,146.88,-55.01,7,1
P007,HRTF_B,15,3.94,147.06,-52.59,7,1
P007,HRTF_B,15,3.954,147.03,-50.17,7,1
P007,HRTF_B,15,3.968,147.09,-47.53,7,1
P007,HRTF_B,15,3.982,147.15,-45.11,7,1
P007,HRTF_B,15,3.996,147.23,-42.66,7,1
P007,HRTF_B,15,4.01,147.34,-40.27,7,1
P007,HRTF_B,15,4.027,147.44,-37.99,7,1
P007,HRTF_B,15,4.038,147.56,-35.86,7,1
P007,HRTF_B,15,4.051,147.63,-33.76,7,1
P007,HRTF_B,15,4.065,147.69,-31.78,7,1
P007,HRTF_B,15,4.079,147.76,-29.94,7,1
P007,HRTF_B,15,4.093,147.84,-28.18,7,1
P007,HRTF_B,15,4.107,147.93,-26.46,7,1
P007,HRTF_B,15,4.12,148.0,-24.76,7,1
P007,HRTF_B,15,4.135,148.09,-23.12,7,1
P007,HRTF_B,15,4.149,148.17,-21.55,7,1
P007,HRTF_B,15,4.162,148.24,-20.0,7,1
P007,HRTF_B,15,4.176,148.36,-18.46,7,1
P007,HRTF_B,15,4.19,148.5,-16.96,7,1
P007,HRTF_B,15,4.204,148.62,-15.48,7,1
P007,HRTF_B,15,4.218,148.76,-14.04,7,1
P007,HRTF_B,15,4.232,148.87,-12.63,7,1
P007,HRTF_B,15,4.246,148.97,-11.29,7,1
P007,HRTF_B,15,4.259,149.05,-10.03,7,1
P007,HRTF_B,15,4.273,149.13,-8.79,7,1
P007,HRTF_B,15,4.287,149.2,-7.67,7,1
P007,HRTF_B,15,4.301,149.29,-6.64,7,1
P007,HRTF_B,15,4.315,149.37,-5.71,7,1
P007,HRTF_B,15,4.329,149.46,-4.86,7,1
P007,HRTF_B,15,4.343,149.55,-4.05,7,1
P007,HRTF_B,15,4.357,149.6,-3.22,7,1
P007,HRTF_B,15,4.371,149.68,-2.44,7,1
P007,HRTF_B,15,4.385,149.73,-1.69,7,1
P007,HRTF_B,15,4.398,149.77,-0.96,7,1
P007,HRTF_B,15,4.412,149.81,-0.31,7,1
P007,HRTF_B,15,4.426,149.82,0.35,7,1
P007,HRTF_B,15,4.44,149.78,1.0,7,1
P007,HRTF_B,15,4.454,149.68,1.62,7,1
P007,HRTF_B,15,4.468,149.55,2.24,7,1
P007,HRTF_B,15,4.482,149.32,2.83,7,1
P007,HRTF_B,15,4.496,149.06,3.41,7,1
P007,HRTF_B,15,4.509,148.67,3.98,7,1
P007,HRTF_B,15,4.523,148.19,4.4,7,1
P007,HRTF_B,15,4.537,147.71,4.79,7,1
P007,HRTF_B,15,4.551,147.16,5.16,7,1
P007,HRTF_B,15,4.565,146.55,5.45,7,1
P007,HRTF_B,15,4.579,145.92,5.69,7,1
P007,HRTF_B,15,4.593,145.26,5.89,7,1
P007,HRTF_B,15,4.607,144.56,6.07,7,1
P007,HRTF_B,15,4.62,143.83,6.2,7,1
P007,HRTF_B,15,4.634,143.06,6.28,7,1
P007,HRTF_B,15,4.648,142.21,6.29,7,1
P007,HRTF_B,15,4.662,141.28,6.27,7,1
P007,HRTF_B,15,4.676,140.24,6.2,7,1
P007,HRTF_B,15,4.69,139.07,6.14,7,1
P007,HRTF_B,15,4.704,137.76,6.07,7,1
P007,HRTF_B,15,4.718,136.28,5.98,7,1
P007,HRTF_B,15,4.732,134.62,5.89,7,1
P007,HRTF_B,15,4.745,132.78,5.76,7,1
P007,HRTF_B,15,4.759,130.71,5.61,7,1
P007,HRTF_B,15,4.773,128.42,5.42,7,1
P007,HRTF_B,15,4.787,125.97,5.21,7,1
P007,HRTF_B,15,4.8,123.36,4.99,7,1
P007,HRTF_B,15,4.815,120.63,4.77,7,1
P007,HRTF_B,15,4.829,117.75,4.49,7,1
P007,HRTF_B,15,4.843,114.73,4.16,7,1
P007,HRTF_B,15,4.857,111.59,3.75,7,1
P007,HRTF_B,15,4.87,108.36,3.32,7,1
P007,HRTF_B,15,4.884,105.11,2.87,7,1
P007,HRTF_B,15,4.898,101.88,2.46,7,1
P007,HRTF_B,15,4.912,98.75,2.06,7,1
P007,HRTF_B,15,4.926,95.77,1.64,7,1
P007,HRTF_B,15,4.94,92.87,1.19,7,1
P007,HRTF_B,15,4.954,90.1,0.75,7,1
P007,HRTF_B,15,4.968,87.51,0.4,7,1
P007,HRTF_B,15,4.982,85.11,0.12,7,1
P007,HRTF_B,15,4.997,82.87,-0.13,7,1
P007,HRTF_B,15,5.009,80.82,-0.38,7,1
P007,HRTF_B,15,5.024,78.91,-0.64,7,1
P007,HRTF_B,15,5.037,77.19,-0.82,7,1
P007,HRTF_B,15,5.051,75.68,-0.91,7,1
P007,HRTF_B,15,5.065,74.42,-0.89,7,1
P007,HRTF_B,15,5.079,73.46,-0.81,7,1
P007,HRTF_B,15,5.093,72.71,-0.74,7,1
P007,HRTF_B,15,5.107,72.2,-0.67,7,1
P007,HRTF_B,15,5.121,71.89,-0.6,7,1
P007,HRTF_B,15,5.134,71.78,-0.49,7,1
P007,HRTF_B,15,5.148,71.91,-0.35,7,1
P007,HRTF_B,16,0.012,-9.11,-2.19,28,1
P007,HRTF_B,16,0.034,-9.3,-2.21,28,1
P007,HRTF_B,16,0.048,-9.62,-2.23,28,1
P007,HRTF_B,16,0.062,-10.04,-2.26,28,1
P007,HRTF_B,16,0.076,-10.57,-2.34,28,1
P007,HRTF_B,16,0.09,-11.15,-2.48,28,1
P007,HRTF_B,16,0.104,-11.81,-2.66,28,1
P007,HRTF_B,16,0.118,-12.59,-2.85,28,1
P007,HRTF_B,16,0.132,-13.56,-3.03,28,1
P007,HRTF_B,16,0.146,-14.76,-3.19,28,1
P007,HRTF_B,16,0.159,-16.2,-3.29,28,1
P007,HRTF_B,16,0.173,-17.87,-3.37,28,1
P007,HRTF_B,16,0.187,-19.78,-3.49,28,1
P007,HRTF_B,16,0.201,-21.86,-3.7,28,1
P007,HRTF_B,16,0.215,-24.08,-4.06,28,1
P007,HRTF_B,16,0.229,-26.35,-4.48,28,1
P007,HRTF_B,16,0.243,-28.64,-4.87,28,1
P007,HRTF_B,16,0.257,-30.92,-5.18,28,1
P007,HRTF_B,16,0.27,-33.18,-5.43,28,1
P007,HRTF_B,16,0.284,-35.43,-5.66,28,1
P007,HRTF_B,16,0.299,-37.6,-5.92,28,1
P007,HRTF_B,16,0.312,-39.67,-6.24,28,1
P007,HRTF_B,16,0.326,-41.63,-6.56,28,1
P007,HRTF_B,16,0.34,-43.42,-6.79,28,1
P007,HRTF_B,16,0.354,-45.08,-6.95,28,1
P007,HRTF_B,16,0.368,-46.57,-7.02,28,1
P007,HRTF_B,17,0.012,-11.41,2.65,14,1
P007,HRTF_B,17,0.025,-11.41,3.07,14,1
P007,HRTF_B,17,0.039,-11.42,3.34,14,1
P007,HRTF_B,17,0.053,-11.44,3.5,14,1
P007,HRTF_B,17,0.066,-11.47,3.61,14,1
P007,HRTF_B,17,0.081,-11.51,3.7,14,1
P007,HRTF_B,17,0.095,-11.56,3.81,14,1
P007,HRTF_B,17,0.11,-11.63,3.91,14,1
P007,HRTF_B,17,0.122,-11.75,4.03,14,1
P007,HRTF_B,17,0.136,-11.93,4.14,14,1
P007,HRTF_B,17,0.15,-12.17,4.28,14,1
P007,HRTF_B,17,0.164,-12.5,4.46,14,1
P007,HRTF_B,17,0.178,-12.99,4.72,14,1
P007,HRTF_B,17,0.191,-13.65,5.03,14,1
P007,HRTF_B,17,0.206,-14.56,5.43,14,1
P007,HRTF_B,17,0.219,-15.78,5.9,14,1
P007,HRTF_B,17,0.233,-17.22,6.34,14,1
P007,HRTF_B,17,0.247,-18.89,6.73,14,1
P007,HRTF_B,17,0.261,-20.66,7.12,14,1
P007,HRTF_B,17,0.275,-22.49,7.5,14,1
P007,HRTF_B,17,0.289,-24.42,7.91,14,1
P007,HRTF_B,17,0.303,-26.44,8.23,14,1
P007,HRTF_B,17,0.317,-28.5,8.46,14,1
P007,HRTF_B,17,0.33,-30.54,8.65,14,1
P007,HRTF_B,17,0.344,-32.49,8.82,14,1
P007,HRTF_B,17,0.358,-34.36,9.03,14,1
P007,HRTF_B,17,0.372,-36.14,9.24,14,1
P007,HRTF_B,17,0.386,-37.83,9.44,14,1
P007,HRTF_B,17,0.4,-39.44,9.56,14,1
P007,HRTF_B,17,0.414,-40.99,9.62,14,1
P007,HRTF_B,17,0.428,-42.42,9.62,14,1
P007,HRTF_B,17,0.442,-43.78,9.56,14,1
P007,HRTF_B,17,0.455,-45.09,9.49,14,1
P007,HRTF_B,17,0.469,-46.37,9.34,14,1
P007,HRTF_B,17,0.483,-47.62,9.14,14,1
P007,HRTF_B,17,0.497,-48.88,8.93,14,1
P007,HRTF_B,17,0.511,-50.12,8.68,14,1
P007,HRTF_B,17,0.525,-51.43,8.38,14,1
P007,HRTF_B,17,0.539,-52.8,8.01,14,1
P007,HRTF_B,17,0.553,-54.24,7.58,14,1
P007,HRTF_B,17,0.567,-55.79,7.15,14,1
P007,HRTF_B,17,0.581,-57.43,6.77,14,1
P007,HRTF_B,17,0.595,-59.17,6.36,14,1
P007,HRTF_B,17,0.608,-61.03,5.82,14,1
P007,HRTF_B,17,0.622,-63.07,5.26,14,1
P007,HRTF_B,17,0.636,-65.13,4.72,14,1
P007,HRTF_B,17,0.65,-67.2,4.28,14,1
P007,HRTF_B,17,0.664,-69.31,3.93,14,1
P007,HRTF_B,17,0.678,-71.37,3.52,14,1
P007,HRTF_B,17,0.692,-73.39,3.12,14,1
P007,HRTF_B,17,0.706,-75.26,2.72,14,1
P007,HRTF_B,17,0.719,-76.95,2.41,14,1
P007,HRTF_B,17,0.733,-78.46,2.2,14,1
P007,HRTF_B,17,0.747,-79.8,1.99,14,1
P007,HRTF_B,17,0.761,-80.77,1.78,14,1
P007,HRTF_B,17,0.775,-81.57,1.57,14,1
P007,HRTF_B,17,0.789,-82.22,1.42,14,1
P007,HRTF_B,17,0.803,-82.63,1.34,14,1
P007,HRTF_B,17,0.817,-82.85,1.28,14,1
P007,HRTF_B,17,0.831,-82.91,1.26,14,1
P007,HRTF_B,17,0.845,-82.84,1.19,14,1
P007,HRTF_B,17,0.858,-82.66,1.12,14,1
P007,HRTF_B,17,0.872,-82.42,1.04,14,1
P007,HRTF_B,17,0.886,-82.11,0.94,14,1
P007,HRTF_B,17,0.9,-81.72,0.81,14,1
P007,HRTF_B,17,0.914,-81.32,0.59,14,1
P007,HRTF_B,17,0.928,-80.94,0.26,14,1
P007,HRTF_B,17,0.942,-80.59,-0.13,14,1
P007,HRTF_B,17,0.956,-80.29,-0.5,14,1
P007,HRTF_B,17,0.97,-79.98,-0.78,14,1
P007,HRTF_B,17,0.984,-79.7,-1.03,14,1
P007,HRTF_B,17,0.997,-79.43,-1.28,14,1
P007,HRTF_B,17,1.011,-79.2,-1.53,14,1
P007,HRTF_B,17,1.025,-79.02,-1.76,14,1
P007,HRTF_B,17,1.039,-78.85,-1.92,14,1
P007,HRTF_B,17,1.053,-78.7,-2.01,14,1
P007,HRTF_B,17,1.067,-78.56,-2.1,14,1
P007,HRTF_B,17,1.081,-78.43,-2.19,14,1
P007,HRTF_B,17,1.095,-78.37,-2.3,14,1
P007,HRTF_B,17,1.109,-78.34,-2.41,14,1
P007,HRTF_B,17,1.122,-78.34,-2.49,14,1
P007,HRTF_B,17,1.136,-78.3,-2.51,14,1
P007,HRTF_B,17,1.15,-78.23,-2.52,14,1
P007,HRTF_B,17,1.164,-78.1,-2.52,14,1
P007,HRTF_B,17,1.178,-77.93,-2.52,14,1
P007,HRTF_B,17,1.192,-77.73,-2.53,14,1
P007,HRTF_B,17,1.206,-77.49,-2.59,14,1
P007,HRTF_B,17,1.22,-77.2,-2.7,14,1
P007,HRTF_B,17,1.234,-76.84,-2.83,14,1
P007,HRTF_B,17,1.247,-76.41,-3.02,14,1
P007,HRTF_B,17,1.261,-75.9,-3.29,14,1
P007,HRTF_B,17,1.275,-75.35,-3.66,14,1
P007,HRTF_B,17,1.289,-74.75,-4.05,14,1
P007,HRTF_B,17,1.303,-74.09,-4.41,14,1
P007,HRTF_B,17,1.317,-73.33,-4.78,14,1
P007,HRTF_B,17,1.331,-72.5,-5.17,14,1
P007,HRTF_B,17,1.345,-71.55,-5.57,14,1
P007,HRTF_B,17,1.359,-70.48,-6.03,14,1
P007,HRTF_B,17,1.372,-69.27,-6.51,14,1
P007,HRTF_B,17,1.386,-67.91,-6.92,14,1
P007,HRTF_B,17,1.4,-66.38,-7.28,14,1
P007,HRTF_B,17,1.414,-64.67,-7.68,14,1
P007,HRTF_B,17,1.428,-62.74,-8.14,14,1
P007,HRTF_B,17,1.442,-60.58,-8.66,14,1
P007,HRTF_B,17,1.456,-58.23,-9.13,14,1
P007,HRTF_B,17,1.47,-55.74,-9.45,14,1
P007,HRTF_B,17,1.484,-53.19,-9.62,14,1
P007,HRTF_B,17,1.498,-50.62,-9.67,14,1
P007,HRTF_B,17,1.511,-48.02,-9.62,14,1
P007,HRTF_B,17,1.525,-45.4,-9.62,14,1
P007,HRTF_B,17,1.539,-42.82,-9.64,14,1
P007,HRTF_B,17,1.553,-40.21,-9.67,14,1
P007,HRTF_B,17,1.567,-37.6,-9.77,14,1
P007,HRTF_B,17,1.581,-35.0,-9.86,14,1
P007,HRTF_B,17,1.595,-32.47,-9.96,14,1
P007,HRTF_B,17,1.609,-30.01,-10.09,14,1
P007,HRTF_B,17,1.622,-27.69,-10.2,14,1
P007,HRTF_B,17,1.636,-25.47,-10.33,14,1
P007,HRTF_B,17,1.651,-23.36,-10.5,14,1
P007,HRTF_B,17,1.664,-21.34,-10.68,14,1
P007,HRTF_B,17,1.678,-19.46,-10.81,14,1
P007,HRTF_B,17,1.692,-17.7,-10.89,14,1
P007,HRTF_B,17,1.706,-16.1,-11.01,14,1
P007,HRTF_B,17,1.72,-14.63,-11.19,14,1
P007,HRTF_B,17,1.733,-13.26,-11.42,14,1
P007,HRTF_B,17,1.748,-12.03,-11.61,14,1
P007,HRTF_B,17,1.761,-10.96,-11.8,14,1
P007,HRTF_B,17,1.776,-10.04,-11.97,14,1
P007,HRTF_B,17,1.789,-9.29,-12.28,14,1
P007,HRTF_B,17,1.803,-8.64,-12.61,14,1
P007,HRTF_B,17,1.817,-8.07,-12.96,14,1
P007,HRTF_B,17,1.831,-7.61,-13.26,14,1
P007,HRTF_B,17,1.844,-7.21,-13.57,14,1
P007,HRTF_B,17,1.859,-6.9,-13.86,14,1
P007,HRTF_B,17,1.872,-6.64,-14.2,14,1
P007,HRTF_B,17,1.887,-6.36,-14.62,14,1
P007,HRTF_B,17,1.901,-6.03,-15.08,14,1
P007,HRTF_B,17,1.914,-5.66,-15.52,14,1
P007,HRTF_B,17,1.928,-5.26,-15.95,14,1
P007,HRTF_B,17,1.942,-4.83,-16.38,14,1
P007,HRTF_B,17,1.956,-4.42,-16.87,14,1
P007,HRTF_B,17,1.97,-3.99,-17.42,14,1
P007,HRTF_B,17,1.984,-3.5,-17.98,14,1
P007,HRTF_B,17,1.997,-2.97,-18.48,14,1
P007,HRTF_B,17,2.011,-2.42,-18.96,14,1
P007,HRTF_B,17,2.026,-1.89,-19.47,14,1
P007,HRTF_B,17,2.039,-1.38,-20.08,14,1
P007,HRTF_B,17,2.053,-0.9,-20.76,14,1
P007,HRTF_B,17,2.067,-0.41,-21.41,14,1
P007,HRTF_B,17,2.081,0.07,-21.97,14,1
P007,HRTF_B,17,2.095,0.59,-22.46,14,1
P007,HRTF_B,17,2.109,1.11,-22.95,14,1
P007,HRTF_B,17,2.122,1.65,-23.5,14,1
P007,HRTF_B,17,2.136,2.19,-24.12,14,1
P007,HRTF_B,17,2.15,2.8,-24.74,14,1
P007,HRTF_B,17,2.164,3.44,-25.33,14,1
P007,HRTF_B,17,2.178,4.11,-25.87,14,1
P007,HRTF_B,17,2.192,4.8,-26.41,14,1
P007,HRTF_B,17,2.206,5.5,-26.96,14,1
P007,HRTF_B,17,2.22,6.21,-27.51,14,1
P007,HRTF_B,17,2.234,6.93,-28.05,14,1
P007,HRTF_B,17,2.247,7.63,-28.58,14,1
P007,HRTF_B,17,2.262,8.31,-29.07,14,1
P007,HRTF_B,17,2.275,8.95,-29.54,14,1
P007,HRTF_B,17,2.289,9.53,-30.0,14,1
P007,HRTF_B,17,2.303,10.06,-30.47,14,1
P007,HRTF_B,17,2.317,10.55,-30.96,14,1
P007,HRTF_B,17,2.331,11.06,-31.46,14,1
P007,HRTF_B,17,2.344,11.56,-31.91,14,1
P007,HRTF_B,17,2.359,12.05,-32.37,14,1
P007,HRTF_B,17,2.372,12.54,-32.82,14,1
P007,HRTF_B,17,2.387,13.02,-33.31,14,1
P007,HRTF_B,17,2.4,13.52,-33.85,14,1
P007,HRTF_B,17,2.414,14.1,-34.39,14,1
P007,HRTF_B,17,2.428,14.7,-34.92,14,1
P007,HRTF_B,17,2.442,15.33,-35.41,14,1
P007,HRTF_B,17,2.456,15.97,-35.87,14,1
P007,HRTF_B,17,2.47,16.6,-36.3,14,1
P007,HRTF_B,17,2.484,17.25,-36.75,14,1
P007,HRTF_B,17,2.498,17.93,-37.22,14,1
P007,HRTF_B,17,2.512,18.61,-37.71,14,1
P007,HRTF_B,17,2.525,19.3,-38.18,14,1
P007,HRTF_B,17,2.539,19.96,-38.69,14,1
P007,HRTF_B,17,2.553,20.58,-39.21,14,1
P007,HRTF_B,17,2.567,21.23,-39.72,14,1
P007,HRTF_B,17,2.581,21.86,-40.24,14,1
P007,HRTF_B,17,2.595,22.54,-40.73,14,1
P007,HRTF_B,17,2.609,23.26,-41.2,14,1
P007,HRTF_B,17,2.622,23.96,-41.65,14,1
P007,HRTF_B,17,2.636,24.69,-42.06,14,1
P007,HRTF_B,17,2.65,25.41,-42.47,14,1
P007,HRTF_B,17,2.664,26.15,-42.87,14,1
P007,HRTF_B,17,2.678,26.9,-43.24,14,1
P007,HRTF_B,17,2.692,27.66,-43.54,14,1
P007,HRTF_B,17,2.706,28.4,-43.83,14,1
P007,HRTF_B,17,2.719,29.15,-44.1,14,1
P007,HRTF_B,17,2.733,29.9,-44.38,14,1
P007,HRTF_B,17,2.747,30.64,-44.65,14,1
P007,HRTF_B,17,2.761,31.41,-44.89,14,1
P007,HRTF_B,17,2.775,32.16,-45.14,14,1
P007,HRTF_B,17,2.789,32.9,-45.36,14,1
P007,HRTF_B,17,2.803,33.65,-45.6,14,1
P007,HRTF_B,17,2.817,34.35,-45.86,14,1
P007,HRTF_B,17,2.831,35.03,-46.11,14,1
P007,HRTF_B,17,2.844,35.67,-46.36,14,1
P007,HRTF_B,17,2.859,36.28,-46.57,14,1
P007,HRTF_B,17,2.872,36.8,-46.75,14,1
P007,HRTF_B,17,2.886,37.28,-46.91,14,1
P007,HRTF_B,17,2.9,37.71,-47.11,14,1
P007,HRTF_B,17,2.914,38.1,-47.34,14,1
P007,HRTF_B,17,2.931,38.44,-47.59,14,1
P007,HRTF_B,17,2.943,38.74,-47.89,14,1
P007,HRTF_B,17,2.956,38.98,-48.2,14,1
P007,HRTF_B,17,2.97,39.11,-48.56,14,1
P007,HRTF_B,17,2.984,39.17,-48.96,14,1
P007,HRTF_B,17,2.998,39.21,-49.39,14,1
P007,HRTF_B,17,3.011,39.23,-49.79,14,1
P007,HRTF_B,17,3.025,39.24,-50.24,14,1
P007,HRTF_B,17,3.039,39.24,-50.72,14,1
P007,HRTF_B,17,3.053,39.21,-51.26,14,1
P007,HRTF_B,17,3.067,39.19,-51.81,14,1
P007,HRTF_B,17,3.08,39.21,-52.31,14,1
P007,HRTF_B,17,3.095,39.25,-52.8,14,1
P007,HRTF_B,17,3.108,39.35,-53.27,14,1
P007,HRTF_B,17,3.122,39.48,-53.75,14,1
P007,HRTF_B,17,3.136,39.74,-54.24,14,1
P007,HRTF_B,17,3.15,39.96,-54.7,14,1
P007,HRTF_B,17,3.164,40.17,-55.1,14,1
P007,HRTF_B,17,3.178,40.32,-55.42,14,1
P007,HRTF_B,17,3.192,40.35,-55.73,14,1
P007,HRTF_B,17,3.206,40.34,-55.99,14,1
P007,HRTF_B,17,3.219,40.35,-56.31,14,1
P007,HRTF_B,17,3.233,40.4,-56.61,14,1
P007,HRTF_B,17,3.248,40.53,-56.9,14,1
P007,HRTF_B,17,3.261,40.65,-57.14,14,1
P007,HRTF_B,17,3.275,40.74,-57.31,14,1
P007,HRTF_B,17,3.29,40.77,-57.47,14,1
P007,HRTF_B,17,3.303,40.72,-57.58,14,1
P007,HRTF_B,17,3.317,40.57,-57.62,14,1
P007,HRTF_B,17,3.33,40.37,-57.66,14,1
P007,HRTF_B,17,3.345,40.11,-57.71,14,1
P007,HRTF_B,17,3.358,39.77,-57.76,14,1
P007,HRTF_B,17,3.372,39.32,-57.9,14,1
P007,HRTF_B,17,3.386,38.76,-58.11,14,1
P007,HRTF_B,17,3.4,38.11,-58.4,14,1
P007,HRTF_B,17,3.414,37.34,-58.75,14,1
P007,HRTF_B,17,3.428,36.44,-59.09,14,1
P007,HRTF_B,17,3.441,35.48,-59.45,14,1
P007,HRTF_B,17,3.456,34.4,-59.81,14,1
P007,HRTF_B,17,3.469,33.14,-60.16,14,1
P007,HRTF_B,17,3.483,31.77,-60.5,14,1
P007,HRTF_B,17,3.497,30.27,-60.82,14,1
P007,HRTF_B,17,3.511,28.53,-61.11,14,1
P007,HRTF_B,17,3.525,26.78,-61.4,14,1
P007,HRTF_B,17,3.539,24.81,-61.66,14,1
P007,HRTF_B,17,3.553,22.71,-61.97,14,1
P007,HRTF_B,17,3.567,20.58,-62.27,14,1
P007,HRTF_B,17,3.581,18.44,-62.59,14,1
P007,HRTF_B,17,3.595,16.38,-62.87,14,1
P007,HRTF_B,17,3.609,14.23,-63.13,14,1
P007,HRTF_B,17,3.622,12.03,-63.36,14,1
P007,HRTF_B,17,3.636,9.75,-63.57,14,1
P007,HRTF_B,17,3.65,7.48,-63.77,14,1
P007,HRTF_B,17,3.664,5.2,-63.95,14,1
P007,HRTF_B,17,3.678,2.92,-64.12,14,1
P007,HRTF_B,17,3.691,0.53,-64.19,14,1
P007,HRTF_B,17,3.706,-1.66,-64.24,14,1
P007,HRTF_B,17,3.719,-3.8,-64.25,14,1
P007,HRTF_B,17,3.733,-6.14,-64.23,14,1
P007,HRTF_B,17,3.747,-8.48,-64.24,14,1
P007,HRTF_B,17,3.762,-10.7,-64.22,14,1
P007,HRTF_B,17,3.775,-12.85,-64.23,14,1
P007,HRTF_B,17,3.789,-14.81,-64.23,14,1
P007,HRTF_B,17,3.803,-16.6,-64.18,14,1
P007,HRTF_B,17,3.817,-18.27,-64.12,14,1
P007,HRTF_B,17,3.831,-19.83,-64.05,14,1
P007,HRTF_B,17,3.845,-21.37,-64.01,14,1
P007,HRTF_B,17,3.859,-22.85,-63.94,14,1
P007,HRTF_B,17,3.872,-24.18,-63.81,14,1
P007,HRTF_B,17,3.886,-25.44,-63.62,14,1
P007,HRTF_B,17,3.9,-26.61,-63.43,14,1
P007,HRTF_B,17,3.914,-27.83,-63.28,14,1
P007,HRTF_B,17,3.927,-29.16,-63.19,14,1
P007,HRTF_B,17,3.942,-30.55,-63.13,14,1
P007,HRTF_B,17,3.956,-31.97,-63.09,14,1
P007,HRTF_B,17,3.969,-33.36,-63.04,14,1
P007,HRTF_B,17,3.984,-34.8,-63.0,14,1
P007,HRTF_B,17,3.997,-36.35,-63.01,14,1
P007,HRTF_B,17,4.011,-37.95,-63.01,14,1
P007,HRTF_B,17,4.025,-39.53,-62.99,14,1
P007,HRTF_B,17,4.039,-41.03,-62.92,14,1
P007,HRTF_B,17,4.053,-42.43,-62.83,14,1
P007,HRTF_B,17,4.067,-43.83,-62.85,14,1
P007,HRTF_B,17,4.08,-45.38,-62.76,14,1
P007,HRTF_B,17,4.094,-46.86,-62.65,14,1
P007,HRTF_B,17,4.108,-48.38,-62.51,14,1
P007,HRTF_B,17,4.123,-49.91,-62.29,14,1
P007,HRTF_B,17,4.136,-51.41,-62.05,14,1
P007,HRTF_B,17,4.15,-52.89,-61.69,14,1
P007,HRTF_B,17,4.164,-54.37,-61.21,14,1
P007,HRTF_B,17,4.178,-55.9,-60.58,14,1
P007,HRTF_B,17,4.192,-57.3,-59.76,14,1
P007,HRTF_B,17,4.206,-58.65,-58.8,14,1
P007,HRTF_B,17,4.219,-59.85,-57.72,14,1
P007,HRTF_B,17,4.233,-61.03,-56.49,14,1
P007,HRTF_B,17,4.248,-62.22,-55.15,14,1
P007,HRTF_B,17,4.261,-63.41,-53.76,14,1
P007,HRTF_B,17,4.275,-64.66,-52.36,14,1
P007,HRTF_B,17,4.289,-65.96,-51.04,14,1
P007,HRTF_B,17,4.303,-67.28,-49.8,14,1
P007,HRTF_B,17,4.317,-68.53,-48.69,14,1
P007,HRTF_B,17,4.331,-69.88,-47.67,14,1
P007,HRTF_B,17,4.345,-71.25,-46.68,14,1
P007,HRTF_B,17,4.358,-72.64,-45.75,14,1
P007,HRTF_B,17,4.372,-74.06,-44.9,14,1
P007,HRTF_B,17,4.386,-75.44,-44.07,14,1
P007,HRTF_B,17,4.4,-76.86,-43.25,14,1
P007,HRTF_B,17,4.414,-78.22,-42.42,14,1
P007,HRTF_B,17,4.428,-79.59,-41.62,14,1
P007,HRTF_B,17,4.443,-80.92,-40.78,14,1
P007,HRTF_B,17,4.455,-82.2,-39.9,14,1
P007,HRTF_B,17,4.469,-83.44,-39.04,14,1
P007,HRTF_B,17,4.483,-84.62,-38.18,14,1
P007,HRTF_B,17,4.497,-85.73,-37.31,14,1
P007,HRTF_B,17,4.511,-86.77,-36.38,14,1
P007,HRTF_B,17,4.525,-87.68,-35.32,14,1
P007,HRTF_B,17,4.539,-88.43,-34.08,14,1
P007,HRTF_B,17,4.553,-89.11,-32.79,14,1
P007,HRTF_B,17,4.567,-89.79,-31.48,14,1
P007,HRTF_B,17,4.581,-90.47,-30.17,14,1
P007,HRTF_B,17,4.595,-91.18,-28.81,14,1
P007,HRTF_B,17,4.608,-92.03,-27.66,14,1
P007,HRTF_B,17,4.622,-92.96,-26.63,14,1
P007,HRTF_B,17,4.636,-94.03,-25.74,14,1
P007,HRTF_B,17,4.65,-95.16,-24.99,14,1
P007,HRTF_B,17,4.664,-96.32,-24.33,14,1
P007,HRTF_B,17,4.678,-97.5,-23.82,14,1
P007,HRTF_B,17,4.692,-98.69,-23.43,14,1
P007,HRTF_B,17,4.706,-99.89,-23.1,14,1
P007,HRTF_B,17,4.719,-101.03,-22.85,14,1
P007,HRTF_B,17,4.734,-102.14,-22.63,14,1
P007,HRTF_B,17,4.747,-103.18,-22.4,14,1
P007,HRTF_B,17,4.761,-104.16,-22.19,14,1
P007,HRTF_B,17,4.775,-105.08,-21.97,14,1
P007,HRTF_B,17,4.789,-105.9,-21.82,14,1
P007,HRTF_B,17,4.803,-106.69,-21.73,14,1
P007,HRTF_B,17,4.817,-107.44,-21.7,14,1
P007,HRTF_B,17,4.831,-108.16,-21.76,14,1
P007,HRTF_B,17,4.844,-108.87,-21.92,14,1
P007,HRTF_B,17,4.859,-109.56,-22.18,14,1
P007,HRTF_B,17,4.872,-110.22,-22.57,14,1
P007,HRTF_B,17,4.886,-110.81,-23.04,14,1
P007,HRTF_B,17,4.9,-111.42,-23.55,14,1
P007,HRTF_B,17,4.914,-111.95,-24.09,14,1
P007,HRTF_B,17,4.928,-112.43,-24.65,14,1
P007,HRTF_B,17,4.941,-112.86,-25.3,14,1
P007,HRTF_B,17,4.955,-113.19,-25.99,14,1
P007,HRTF_B,17,4.969,-113.45,-26.78,14,1
P007,HRTF_B,17,4.983,-113.59,-27.68,14,1
P007,HRTF_B,17,4.997,-113.67,-28.66,14,1
P007,HRTF_B,17,5.011,-113.67,-29.72,14,1
P007,HRTF_B,17,5.025,-113.59,-30.85,14,1
P007,HRTF_B,17,5.039,-113.46,-32.04,14,1
P007,HRTF_B,17,5.053,-113.28,-33.3,14,1
P007,HRTF_B,17,5.067,-113.04,-34.68,14,1
P007,HRTF_B,17,5.08,-112.76,-36.14,14,1
P007,HRTF_B,17,5.095,-112.47,-37.64,14,1
P007,HRTF_B,17,5.108,-112.13,-39.17,14,1
P007,HRTF_B,17,5.122,-111.78,-40.69,14,1
P007,HRTF_B,17,5.136,-111.41,-42.23,14,1
P007,HRTF_B,17,5.15,-110.99,-43.8,14,1
P007,HRTF_B,17,5.164,-110.55,-45.4,14,1
P007,HRTF_B,17,5.178,-110.1,-46.97,14,1
P007,HRTF_B,17,5.192,-109.62,-48.45,14,1
P007,HRTF_B,17,5.205,-109.13,-49.78,14,1
P007,HRTF_B,17,5.219,-108.62,-51.0,14,1
P007,HRTF_B,17,5.233,-108.16,-52.19,14,1
P007,HRTF_B,17,5.247,-107.79,-53.35,14,1
P007,HRTF_B,17,5.261,-107.49,-54.44,14,1
P007,HRTF_B,17,5.275,-107.26,-55.41,14,1
P007,HRTF_B,17,5.289,-107.07,-56.26,14,1
P007,HRTF_B,17,5.303,-106.95,-57.05,14,1
P007,HRTF_B,17,5.316,-106.86,-57.84,14,1
P007,HRTF_B,17,5.331,-106.86,-58.58,14,1
P007,HRTF_B,17,5.344,-106.89,-59.21,14,1
P007,HRTF_B,17,5.358,-107.0,-59.69,14,1
P007,HRTF_B,17,5.372,-107.18,-60.02,14,1
P007,HRTF_B,17,5.386,-107.38,-60.28,14,1
P007,HRTF_B,17,5.4,-107.48,-60.58,14,1
P007,HRTF_B,17,5.414,-107.45,-60.93,14,1
P007,HRTF_B,17,5.428,-107.25,-61.39,14,1
P007,HRTF_B,17,5.442,-106.81,-61.96,14,1
P007,HRTF_B,17,5.455,-106.21,-62.67,14,1
P007,HRTF_B,17,5.469,-105.47,-63.48,14,1
P007,HRTF_B,17,5.483,-104.52,-64.34,14,1
P007,HRTF_B,17,5.497,-103.51,-65.15,14,1
P007,HRTF_B,17,5.511,-102.42,-65.92,14,1
P007,HRTF_B,17,5.525,-101.2,-66.61,14,1
P007,HRTF_B,17,5.539,-99.88,-67.24,14,1
P007,HRTF_B,17,5.553,-98.35,-67.94,14,1
P007,HRTF_B,17,5.567,-96.76,-68.66,14,1
P007,HRTF_B,17,5.581,-94.99,-69.42,14,1
P007,HRTF_B,17,5.595,-93.14,-70.13,14,1
P007,HRTF_B,17,5.608,-91.11,-70.79,14,1
P007,HRTF_B,17,5.622,-88.89,-71.45,14,1
P007,HRTF_B,17,5.636,-86.58,-72.09,14,1
P007,HRTF_B,17,5.65,-84.24,-72.72,14,1
P007,HRTF_B,17,5.664,-81.77,-73.3,14,1
P007,HRTF_B,17,5.678,-79.25,-73.74,14,1
P007,HRTF_B,17,5.692,-76.76,-74.04,14,1
P007,HRTF_B,17,5.706,-74.63,-74.23,14,1
P007,HRTF_B,17,5.719,-72.31,-74.41,14,1
P007,HRTF_B,17,5.733,-70.16,-74.56,14,1
P007,HRTF_B,17,5.747,-68.32,-74.68,14,1
P007,HRTF_B,17,5.761,-66.53,-74.78,14,1
P007,HRTF_B,17,5.775,-65.2,-74.83,14,1
P007,HRTF_B,17,5.789,-63.75,-74.8,14,1
P007,HRTF_B,17,5.803,-62.77,-74.71,14,1
P007,HRTF_B,17,5.817,-62.06,-74.62,14,1
P007,HRTF_B,17,5.83,-61.47,-74.54,14,1
P007,HRTF_B,17,5.844,-61.32,-74.44,14,1
P007,HRTF_B,17,5.858,-61.34,-74.34,14,1
P007,HRTF_B,17,5.872,-61.65,-74.16,14,1
P007,HRTF_B,17,5.886,-61.88,-73.94,14,1
P007,HRTF_B,17,5.9,-62.07,-73.65,14,1
P007,HRTF_B,17,5.914,-62.25,-73.36,14,1
P007,HRTF_B,17,5.928,-62.3,-73.14,14,1
P007,HRTF_B,17,5.942,-62.32,-72.93,14,1
P007,HRTF_B,17,5.955,-62.11,-72.73,14,1
P007,HRTF_B,17,5.969,-61.89,-72.48,14,1
P007,HRTF_B,17,5.983,-61.62,-72.19,14,1
P007,HRTF_B,17,5.997,-61.42,-71.93,14,1
P007,HRTF_B,17,6.011,-61.5,-71.6,14,1
P007,HRTF_B,17,6.025,-61.64,-71.2,14,1
P007,HRTF_B,17,6.039,-61.78,-70.71,14,1
P007,HRTF_B,17,6.052,-61.8,-70.08,14,1
P007,HRTF_B,17,6.066,-61.72,-69.27,14,1
P007,HRTF_B,17,6.08,-61.62,-68.33,14,1
P007,HRTF_B,17,6.094,-61.34,-67.25,14,1
P007,HRTF_B,17,6.108,-60.86,-66.03,14,1
P007,HRTF_B,17,6.122,-60.24,-64.62,14,1
P007,HRTF_B,17,6.136,-59.73,-63.07,14,1
P007,HRTF_B,17,6.15,-58.99,-61.4,14,1
P007,HRTF_B,17,6.164,-58.2,-59.64,14,1
P007,HRTF_B,17,6.178,-57.36,-57.82,14,1
P007,HRTF_B,17,6.192,-56.53,-55.97,14,1
P007,HRTF_B,17,6.206,-55.64,-54.12,14,1
P007,HRTF_B,17,6.22,-54.78,-52.2,14,1
P007,HRTF_B,17,6.233,-53.89,-50.26,14,1
P007,HRTF_B,17,6.247,-52.94,-48.31,14,1
P007,HRTF_B,17,6.261,-51.88,-46.41,14,1
P007,HRTF_B,17,6.275,-50.73,-44.6,14,1
P007,HRTF_B,17,6.289,-49.47,-42.93,14,1
P007,HRTF_B,17,6.303,-48.2,-41.39,14,1
P007,HRTF_B,17,6.316,-46.98,-39.89,14,1
P007,HRTF_B,17,6.33,-45.77,-38.47,14,1
P007,HRTF_B,17,6.344,-44.63,-37.11,14,1
P007,HRTF_B,17,6.358,-43.49,-35.9,14,1
P007,HRTF_B,17,6.372,-42.44,-34.8,14,1
P007,HRTF_B,17,6.386,-41.53,-33.73,14,1
P007,HRTF_B,17,6.403,-40.78,-32.68,14,1
P007,HRTF_B,17,6.415,-40.07,-31.66,14,1
P007,HRTF_B,17,6.428,-39.4,-30.69,14,1
P007,HRTF_B,17,6.442,-38.74,-29.75,14,1
P007,HRTF_B,17,6.455,-38.11,-28.78,14,1
P007,HRTF_B,17,6.469,-37.61,-27.69,14,1
P007,HRTF_B,17,6.483,-37.25,-26.45,14,1
P007,HRTF_B,17,6.497,-37.03,-25.12,14,1
P007,HRTF_B,17,6.511,-36.78,-23.72,14,1
P007,HRTF_B,17,6.525,-36.46,-22.16,14,1
P007,HRTF_B,17,6.539,-36.1,-20.4,14,1
P007,HRTF_B,17,6.553,-35.65,-18.49,14,1
P007,HRTF_B,17,6.566,-35.13,-16.49,14,1
P007,HRTF_B,17,6.58,-34.45,-14.51,14,1
P007,HRTF_B,17,6.594,-33.68,-12.52,14,1
P007,HRTF_B,17,6.608,-32.77,-10.57,14,1
P007,HRTF_B,17,6.622,-31.65,-8.66,14,1
P007,HRTF_B,17,6.636,-30.38,-6.77,14,1
P007,HRTF_B,17,6.65,-28.97,-4.93,14,1
P007,HRTF_B,17,6.664,-27.48,-3.18,14,1
P007,HRTF_B,17,6.677,-25.93,-1.53,14,1
P007,HRTF_B,17,6.691,-24.33,-0.02,14,1
P007,HRTF_B,17,6.705,-22.65,1.38,14,1
P007,HRTF_B,17,6.719,-21.11,2.69,14,1
P007,HRTF_B,17,6.733,-19.47,3.92,14,1
P007,HRTF_B,17,6.747,-17.92,4.95,14,1
P007,HRTF_B,17,6.761,-16.46,5.86,14,1
P007,HRTF_B,17,6.775,-14.89,6.53,14,1
P007,HRTF_B,17,6.788,-13.39,7.07,14,1
P007,HRTF_B,17,6.803,-11.8,7.52,14,1
P007,HRTF_B,17,6.816,-10.25,7.95,14,1
P007,HRTF_B,17,6.83,-8.78,8.43,14,1
P007,HRTF_B,17,6.844,-7.34,8.87,14,1
P007,HRTF_B,17,6.858,-5.92,9.29,14,1
P007,HRTF_B,17,6.872,-4.52,9.7,14,1
P007,HRTF_B,17,6.885,-3.1,10.1,14,1
P007,HRTF_B,17,6.9,-1.65,10.54,14,1
P007,HRTF_B,17,6.914,-0.26,11.03,14,1
P007,HRTF_B,17,6.927,1.07,11.52,14,1
P007,HRTF_B,17,6.941,2.35,11.93,14,1
P007,HRTF_B,17,6.956,3.68,12.18,14,1
P007,HRTF_B,17,6.969,5.06,12.41,14,1
P007,HRTF_B,17,6.983,6.45,12.63,14,1
P007,HRTF_B,17,6.997,7.87,12.91,14,1
P007,HRTF_B,17,7.011,9.3,13.21,14,1
P007,HRTF_B,17,7.025,10.71,13.47,14,1
P007,HRTF_B,17,7.038,12.19,13.68,14,1
P007,HRTF_B,17,7.052,13.68,13.89,14,1
P007,HRTF_B,17,7.066,15.21,14.14,14,1
P007,HRTF_B,17,7.08,16.73,14.49,14,1
P007,HRTF_B,17,7.094,18.21,14.91,14,1
P007,HRTF_B,17,7.109,19.7,15.38,14,1
P007,HRTF_B,17,7.122,21.21,15.86,14,1
P007,HRTF_B,17,7.136,22.74,16.31,14,1
P007,HRTF_B,17,7.149,24.3,16.74,14,1
P007,HRTF_B,17,7.163,25.85,17.18,14,1
P007,HRTF_B,17,7.178,27.38,17.6,14,1
P007,HRTF_B,17,7.191,28.9,17.98,14,1
P007,HRTF_B,17,7.205,30.4,18.38,14,1
P007,HRTF_B,17,7.219,31.89,18.74,14,1
P007,HRTF_B,17,7.233,33.28,19.1,14,1
P007,HRTF_B,17,7.247,34.63,19.38,14,1
P007,HRTF_B,17,7.264,35.94,19.59,14,1
P007,HRTF_B,17,7.276,37.19,19.75,14,1
P007,HRTF_B,17,7.289,38.42,19.9,14,1
P007,HRTF_B,17,7.302,39.58,20.02,14,1
P007,HRTF_B,17,7.316,40.7,20.15,14,1
P007,HRTF_B,17,7.33,41.78,20.22,14,1
P007,HRTF_B,17,7.344,42.86,20.21,14,1
P007,HRTF_B,17,7.358,43.97,20.15,14,1
P007,HRTF_B,17,7.371,45.09,20.02,14,1
P007,HRTF_B,17,7.385,46.18,19.84,14,1
P007,HRTF_B,17,7.399,47.25,19.65,14,1
P007,HRTF_B,17,7.413,48.29,19.46,14,1
P007,HRTF_B,17,7.427,49.32,19.28,14,1
P007,HRTF_B,17,7.441,50.39,19.08,14,1
P007,HRTF_B,17,7.455,51.43,18.9,14,1
P007,HRTF_B,17,7.469,52.48,18.66,14,1
P007,HRTF_B,17,7.483,53.48,18.38,14,1
P007,HRTF_B,17,7.497,54.41,18.07,14,1
P007,HRTF_B,17,7.511,55.26,17.75,14,1
P007,HRTF_B,17,7.524,56.06,17.34,14,1
P007,HRTF_B,17,7.538,56.78,16.79,14,1
P007,HRTF_B,17,7.552,57.42,16.13,14,1
P007,HRTF_B,17,7.566,57.9,15.32,14,1
P007,HRTF_B,17,7.58,58.24,14.36,14,1
P007,HRTF_B,17,7.594,58.36,13.27,14,1
P007,HRTF_B,17,7.608,58.3,11.92,14,1
P007,HRTF_B,17,7.622,58.12,10.5,14,1
P007,HRTF_B,17,7.636,57.88,9.02,14,1
P007,HRTF_B,17,7.649,57.6,7.46,14,1
P007,HRTF_B,17,7.664,57.26,5.83,14,1
P007,HRTF_B,17,7.677,56.84,4.19,14,1
P007,HRTF_B,17,7.691,56.34,2.62,14,1
P007,HRTF_B,17,7.705,55.8,1.13,14,1
P007,HRTF_B,17,7.719,55.27,-0.35,14,1
P007,HRTF_B,17,7.733,54.78,-1.8,14,1
P007,HRTF_B,17,7.747,54.35,-3.21,14,1
P007,HRTF_B,17,7.761,53.96,-4.48,14,1
P007,HRTF_B,17,7.775,53.64,-5.66,14,1
P007,HRTF_B,17,7.789,53.33,-6.71,14,1
P007,HRTF_B,17,7.803,53.11,-7.67,14,1
P007,HRTF_B,17,7.816,52.99,-8.56,14,1
P007,HRTF_B,17,7.83,52.98,-9.35,14,1
P007,HRTF_B,17,7.844,53.07,-10.07,14,1
P007,HRTF_B,17,7.858,53.22,-10.72,14,1
P007,HRTF_B,17,7.872,53.42,-11.35,14,1
P007,HRTF_B,17,7.885,53.63,-12.05,14,1
P007,HRTF_B,17,7.899,53.88,-12.81,14,1
P007,HRTF_B,17,7.913,54.17,-13.63,14,1
P007,HRTF_B,17,7.928,54.54,-14.56,14,1
P007,HRTF_B,17,7.941,54.94,-15.61,14,1
P007,HRTF_B,17,7.955,55.39,-16.75,14,1
P007,HRTF_B,17,7.969,55.9,-17.98,14,1
P007,HRTF_B,17,7.983,56.44,-19.32,14,1
P007,HRTF_B,17,7.997,57.05,-20.75,14,1
P007,HRTF_B,17,8.011,57.73,-22.15,14,1
P007,HRTF_B,17,8.025,58.49,-23.54,14,1
P007,HRTF_B,17,8.038,59.25,-24.91,14,1
P007,HRTF_B,17,8.052,60.02,-26.27,14,1
P007,HRTF_B,17,8.066,60.71,-27.65,14,1
P007,HRTF_B,17,8.08,61.34,-28.93,14,1
P007,HRTF_B,17,8.094,61.94,-30.18,14,1
P007,HRTF_B,17,8.109,62.46,-31.33,14,1
P007,HRTF_B,17,8.122,63.03,-32.49,14,1
P007,HRTF_B,17,8.136,63.5,-33.63,14,1
P007,HRTF_B,17,8.149,64.01,-34.79,14,1
P007,HRTF_B,17,8.164,64.46,-35.96,14,1
P007,HRTF_B,17,8.177,64.86,-37.05,14,1
P007,HRTF_B,17,8.191,65.22,-38.07,14,1
P007,HRTF_B,17,8.205,65.55,-38.96,14,1
P007,HRTF_B,17,8.219,65.89,-39.77,14,1
P007,HRTF_B,17,8.233,66.17,-40.52,14,1
P007,HRTF_B,17,8.247,66.45,-41.26,14,1
P007,HRTF_B,17,8.261,66.65,-42.03,14,1
P007,HRTF_B,17,8.275,66.76,-42.77,14,1
P007,HRTF_B,17,8.288,66.99,-43.54,14,1
P007,HRTF_B,17,8.302,67.14,-44.23,14,1
P007,HRTF_B,17,8.316,67.33,-44.95,14,1
P007,HRTF_B,17,8.33,67.52,-45.71,14,1
P007,HRTF_B,17,8.344,67.66,-46.5,14,1
P007,HRTF_B,17,8.358,67.78,-47.33,14,1
P007,HRTF_B,17,8.372,67.87,-48.16,14,1
P007,HRTF_B,17,8.386,67.94,-49.0,14,1
P007,HRTF_B,17,8.399,67.98,-49.87,14,1
P007,HRTF_B,17,8.414,68.02,-50.78,14,1
P007,HRTF_B,17,8.427,68.03,-51.68,14,1
P007,HRTF_B,17,8.441,67.99,-52.56,14,1
P007,HRTF_B,17,8.455,67.93,-53.38,14,1
P007,HRTF_B,17,8.469,67.83,-54.14,14,1
P007,HRTF_B,17,8.483,67.75,-54.89,14,1
P007,HRTF_B,17,8.497,67.64,-55.61,14,1
P007,HRTF_B,17,8.511,67.51,-56.31,14,1
P007,HRTF_B,17,8.525,67.37,-56.98,14,1
P007,HRTF_B,17,8.538,67.24,-57.61,14,1
P007,HRTF_B,17,8.552,67.13,-58.23,14,1
P007,HRTF_B,17,8.566,67.01,-58.85,14,1
P007,HRTF_B,17,8.58,66.96,-59.5,14,1
P007,HRTF_B,17,8.594,66.97,-60.17,14,1
P007,HRTF_B,17,8.608,66.95,-60.81,14,1
P007,HRTF_B,17,8.622,66.94,-61.41,14,1
P007,HRTF_B,17,8.636,66.87,-61.92,14,1
P007,HRTF_B,17,8.649,66.77,-62.37,14,1
P007,HRTF_B,17,8.663,66.74,-62.75,14,1
P007,HRTF_B,17,8.677,66.68,-63.06,14,1
P007,HRTF_B,17,8.692,66.69,-63.25,14,1
P007,HRTF_B,17,8.706,66.75,-63.31,14,1
P007,HRTF_B,17,8.719,66.82,-63.22,14,1
P007,HRTF_B,17,8.733,66.85,-63.06,14,1
P007,HRTF_B,17,8.747,66.86,-62.86,14,1
P007,HRTF_B,17,8.761,66.88,-62.62,14,1
P007,HRTF_B,17,8.775,66.92,-62.28,14,1
P007,HRTF_B,17,8.788,67.03,-61.81,14,1
P007,HRTF_B,17,8.803,67.19,-61.16,14,1
P007,HRTF_B,17,8.817,67.53,-60.25,14,1
P007,HRTF_B,17,8.83,68.1,-59.05,14,1
P007,HRTF_B,17,8.844,68.92,-57.56,14,1
P007,HRTF_B,17,8.858,69.97,-55.8,14,1
P007,HRTF_B,17,8.872,71.16,-53.73,14,1
P007,HRTF_B,17,8.886,72.55,-51.21,14,1
P007,HRTF_B,17,8.899,73.97,-48.46,14,1
P007,HRTF_B,17,8.914,75.44,-45.58,14,1
P007,HRTF_B,17,8.927,76.93,-42.69,14,1
P007,HRTF_B,17,8.941,78.45,-40.0,14,1
P007,HRTF_B,17,8.955,79.97,-37.35,14,1
P007,HRTF_B,17,8.969,81.4,-34.97,14,1
P007,HRTF_B,17,8.983,82.71,-32.67,14,1
P007,HRTF_B,17,8.997,83.96,-30.58,14,1
P007,HRTF_B,17,9.011,85.1,-28.63,14,1
P007,HRTF_B,17,9.025,86.21,-26.79,14,1
P007,HRTF_B,17,9.038,87.32,-25.06,14,1
P007,HRTF_B,17,9.052,88.41,-23.45,14,1
P007,HRTF_B,17,9.066,89.43,-21.89,14,1
P007,HRTF_B,17,9.08,90.42,-20.34,14,1
P007,HRTF_B,17,9.094,91.4,-18.87,14,1
P007,HRTF_B,17,9.108,92.37,-17.45,14,1
P007,HRTF_B,17,9.122,93.39,-16.07,14,1
P007,HRTF_B,17,9.136,94.42,-14.68,14,1
P007,HRTF_B,17,9.15,95.42,-13.27,14,1
P007,HRTF_B,17,9.164,96.4,-11.86,14,1
P007,HRTF_B,17,9.177,97.32,-10.48,14,1
P007,HRTF_B,17,9.191,98.21,-9.13,14,1
P007,HRTF_B,17,9.205,99.06,-7.79,14,1
P007,HRTF_B,17,9.219,99.88,-6.42,14,1
P007,HRTF_B,17,9.233,100.62,-4.99,14,1
P007,HRTF_B,17,9.247,101.3,-3.51,14,1
P007,HRTF_B,17,9.26,101.91,-1.99,14,1
P007,HRTF_B,17,9.275,102.49,-0.51,14,1
P007,HRTF_B,17,9.288,102.97,0.91,14,1
P007,HRTF_B,17,9.303,103.44,2.38,14,1
P007,HRTF_B,17,9.316,103.8,3.84,14,1
P007,HRTF_B,17,9.33,104.07,5.19,14,1
P007,HRTF_B,17,9.344,104.28,6.39,14,1
P007,HRTF_B,17,9.357,104.4,7.5,14,1
P007,HRTF_B,17,9.371,104.48,8.48,14,1
P007,HRTF_B,17,9.385,104.47,9.27,14,1
P007,HRTF_B,17,9.399,104.44,10.05,14,1
P007,HRTF_B,17,9.413,104.37,10.8,14,1
P007,HRTF_B,17,9.429,104.32,11.43,14,1
P007,HRTF_B,17,9.441,104.36,11.95,14,1
P007,HRTF_B,17,9.455,104.47,12.36,14,1
P007,HRTF_B,17,9.469,104.75,12.69,14,1
P007,HRTF_B,17,9.482,105.12,12.94,14,1
P007,HRTF_B,17,9.497,105.64,13.12,14,1
P007,HRTF_B,17,9.51,106.29,13.24,14,1
P007,HRTF_B,17,9.524,107.07,13.26,14,1
P007,HRTF_B,17,9.538,107.96,13.25,14,1
P007,HRTF_B,17,9.552,108.96,13.22,14,1
P007,HRTF_B,17,9.566,110.02,13.17,14,1
P007,HRTF_B,17,9.58,111.13,13.05,14,1
P007,HRTF_B,17,9.594,112.33,12.86,14,1
P007,HRTF_B,17,9.608,113.6,12.6,14,1
P007,HRTF_B,17,9.621,114.91,12.32,14,1
P007,HRTF_B,17,9.636,116.25,12.09,14,1
P007,HRTF_B,17,9.65,117.59,11.85,14,1
P007,HRTF_B,17,9.663,118.96,11.58,14,1
P007,HRTF_B,17,9.677,120.35,11.25,14,1
P007,HRTF_B,17,9.691,121.78,10.94,14,1
P007,HRTF_B,17,9.705,123.27,10.69,14,1
P007,HRTF_B,17,9.719,124.65,10.37,14,1
P007,HRTF_B,17,9.733,126.07,10.02,14,1
P007,HRTF_B,17,9.746,127.5,9.63,14,1
P007,HRTF_B,17,9.76,128.94,9.15,14,1
P007,HRTF_B,17,9.774,130.37,8.64,14,1
P007,HRTF_B,17,9.788,131.74,8.12,14,1
P007,HRTF_B,17,9.802,133.06,7.58,14,1
P007,HRTF_B,17,9.815,134.32,6.97,14,1
P007,HRTF_B,17,9.83,135.55,6.22,14,1
P007,HRTF_B,17,9.844,136.7,5.35,14,1
P007,HRTF_B,17,9.858,137.82,4.43,14,1
P007,HRTF_B,17,9.872,138.9,3.6,14,1
P007,HRTF_B,17,9.885,139.94,2.79,14,1
P007,HRTF_B,17,9.9,140.93,2.03,14,1
P007,HRTF_B,17,9.913,141.89,1.14,14,1
P007,HRTF_B,17,9.927,142.86,0.23,14,1
P007,HRTF_B,17,9.941,143.84,-0.65,14,1
P007,HRTF_B,17,9.955,144.83,-1.41,14,1
P007,HRTF_B,17,9.969,145.84,-2.04,14,1
P007,HRTF_B,17,9.983,146.86,-2.58,14,1
P007,HRTF_B,17,9.996,147.85,-3.11,14,1
P007,HRTF_B,17,10.01,148.87,-3.68,14,1
P007,HRTF_B,17,10.024,149.91,-4.24,14,1
P007,HRTF_B,17,10.038,150.98,-4.79,14,1
P007,HRTF_B,17,10.051,152.06,-5.29,14,1
P007,HRTF_B,17,10.066,153.16,-5.83,14,1
P007,HRTF_B,17,10.08,154.24,-6.45,14,1
P007,HRTF_B,17,10.094,155.3,-7.09,14,1
P007,HRTF_B,17,10.107,156.39,-7.84,14,1
P007,HRTF_B,17,10.121,157.48,-8.59,14,1
P007,HRTF_B,17,10.135,158.58,-9.34,14,1
P007,HRTF_B,17,10.149,159.7,-10.1,14,1
P007,HRTF_B,17,10.163,160.77,-10.9,14,1
P007,HRTF_B,17,10.177,161.81,-11.81,14,1
P007,HRTF_B,17,10.191,162.78,-12.77,14,1
P007,HRTF_B,17,10.205,163.72,-13.73,14,1
P007,HRTF_B,17,10.219,164.59,-14.67,14,1
P007,HRTF_B,17,10.233,165.42,-15.62,14,1
P007,HRTF_B,17,10.247,166.21,-16.63,14,1
P007,HRTF_B,17,10.261,166.95,-17.76,14,1
P007,HRTF_B,17,10.274,167.7,-18.93,14,1
P007,HRTF_B,17,10.288,168.46,-20.13,14,1
P007,HRTF_B,17,10.302,169.2,-21.32,14,1
P007,HRTF_B,17,10.316,169.91,-22.52,14,1
P007,HRTF_B,17,10.33,170.59,-23.67,14,1
P007,HRTF_B,17,10.344,171.23,-24.79,14,1
P007,HRTF_B,17,10.358,171.87,-25.86,14,1
P007,HRTF_B,17,10.372,172.51,-26.92,14,1
P007,HRTF_B,17,10.386,173.14,-27.96,14,1
P007,HRTF_B,17,10.399,173.79,-28.94,14,1
P007,HRTF_B,17,10.413,174.43,-29.88,14,1
P007,HRTF_B,17,10.427,175.07,-30.75,14,1
P007,HRTF_B,17,10.442,175.69,-31.56,14,1
P007,HRTF_B,17,10.456,176.3,-32.38,14,1
P007,HRTF_B,17,10.469,176.91,-33.18,14,1
P007,HRTF_B,17,10.483,177.54,-33.98,14,1
P007,HRTF_B,17,10.497,178.19,-34.72,14,1
P007,HRTF_B,17,10.511,178.89,-35.38,14,1
P007,HRTF_B,17,10.526,179.57,-35.94,14,1
P007,HRTF_B,17,10.54,-179.76,-36.45,14,1
P007,HRTF_B,17,10.554,-179.11,-36.88,14,1
P007,HRTF_B,17,10.567,-178.44,-37.28,14,1
P007,HRTF_B,17,10.581,-177.73,-37.63,14,1
P007,HRTF_B,17,10.595,-176.96,-37.91,14,1
P007,HRTF_B,17,10.608,-176.13,-38.09,14,1
P007,HRTF_B,17,10.623,-175.28,-38.2,14,1
P007,HRTF_B,17,10.637,-174.39,-38.31,14,1
P007,HRTF_B,17,10.65,-173.46,-38.43,14,1
P007,HRTF_B,17,10.664,-172.44,-38.58,14,1
P007,HRTF_B,17,10.678,-171.34,-38.71,14,1
P007,HRTF_B,17,10.692,-170.17,-38.83,14,1
P007,HRTF_B,17,10.706,-168.97,-38.92,14,1
P007,HRTF_B,17,10.72,-167.75,-38.96,14,1
P007,HRTF_B,17,10.736,-166.52,-39.01,14,1
P007,HRTF_B,17,10.75,-165.3,-39.03,14,1
P007,HRTF_B,17,10.764,-162.81,-39.01,14,1
P007,HRTF_B,17,10.778,-161.56,-38.96,14,1
P007,HRTF_B,17,10.792,-160.34,-38.87,14,1
P007,HRTF_B,17,10.806,-159.16,-38.77,14,1
P007,HRTF_B,17,10.82,-158.1,-38.54,14,1
P007,HRTF_B,17,10.834,-157.1,-38.09,14,1
P007,HRTF_B,17,10.848,-156.27,-37.33,14,1
P007,HRTF_B,17,10.863,-155.49,-36.29,14,1
P007,HRTF_B,17,10.876,-154.85,-34.89,14,1
P007,HRTF_B,17,10.89,-154.42,-33.12,14,1
P007,HRTF_B,17,10.904,-154.16,-30.87,14,1
P007,HRTF_B,17,10.918,-154.03,-28.41,14,1
P007,HRTF_B,17,10.932,-153.95,-25.97,14,1
P007,HRTF_B,17,10.947,-153.83,-23.67,14,1
P007,HRTF_B,17,10.963,-153.57,-21.63,14,1
P007,HRTF_B,17,10.977,-153.19,-19.8,14,1
P007,HRTF_B,17,10.991,-152.72,-18.04,14,1
P007,HRTF_B,17,11.005,-152.22,-16.36,14,1
P007,HRTF_B,17,11.02,-151.75,-14.68,14,1
P007,HRTF_B,17,11.034,-151.25,-13.08,14,1
P007,HRTF_B,17,11.048,-150.77,-11.52,14,1
P007,HRTF_B,17,11.063,-150.22,-10.11,14,1
P007,HRTF_B,17,11.077,-149.6,-8.76,14,1
P007,HRTF_B,17,11.091,-148.89,-7.42,14,1
P007,HRTF_B,17,11.107,-148.15,-6.19,14,1
P007,HRTF_B,17,11.121,-147.38,-5.08,14,1
P007,HRTF_B,17,11.135,-146.62,-4.07,14,1
P007,HRTF_B,17,11.15,-145.83,-3.21,14,1
P007,HRTF_B,17,11.164,-145.01,-2.48,14,1
P007,HRTF_B,17,11.18,-143.31,-1.08,14,1
P007,HRTF_B,17,11.195,-142.5,-0.38,14,1
P007,HRTF_B,17,11.209,-141.8,0.34,14,1
P007,HRTF_B,17,11.223,-141.17,0.88,14,1
P007,HRTF_B,17,11.237,-140.6,1.39,14,1
P007,HRTF_B,17,11.249,-140.09,1.9,14,1
P007,HRTF_B,17,11.262,-139.62,2.47,14,1
P007,HRTF_B,17,11.287,-139.36,3.02,14,1
P007,HRTF_B,17,11.301,-139.08,3.47,14,1
P007,HRTF_B,17,11.315,-138.83,3.85,14,1
P007,HRTF_B,17,11.328,-138.52,4.12,14,1
P007,HRTF_B,17,11.343,-138.2,4.38,14,1
P007,HRTF_B,17,11.356,-137.83,4.66,14,1
P007,HRTF_B,17,11.37,-137.45,4.93,14,1
P007,HRTF_B,17,11.384,-137.08,5.11,14,1
P007,HRTF_B,17,11.398,-136.69,5.14,14,1
P007,HRTF_B,17,11.412,-136.23,5.06,14,1
P007,HRTF_B,17,11.426,-135.7,4.86,14,1
P007,HRTF_B,17,11.44,-135.09,4.61,14,1
P007,HRTF_B,17,11.454,-134.42,4.3,14,1
P007,HRTF_B,17,11.468,-133.7,3.84,14,1
P007,HRTF_B,17,11.481,-132.92,3.24,14,1
P007,HRTF_B,17,11.496,-131.96,2.41,14,1
P007,HRTF_B,17,11.51,-130.88,1.43,14,1
P007,HRTF_B,17,11.523,-129.63,0.34,14,1
P007,HRTF_B,17,11.537,-128.27,-0.8,14,1
P007,HRTF_B,17,11.551,-126.87,-1.97,14,1
P007,HRTF_B,17,11.565,-125.42,-3.18,14,1
P007,HRTF_B,17,11.579,-123.92,-4.45,14,1
P007,HRTF_B,17,11.593,-122.34,-5.71,14,1
P007,HRTF_B,17,11.607,-120.71,-6.9,14,1
P007,HRTF_B,17,11.621,-119.05,-8.04,14,1
P007,HRTF_B,17,11.641,-115.71,-10.07,14,1
P007,HRTF_B,17,11.654,-114.05,-10.98,14,1
P007,HRTF_B,17,11.666,-112.38,-11.87,14,1
P007,HRTF_B,17,11.69,-110.74,-12.6,14,1
P007,HRTF_B,17,11.704,-109.14,-13.33,14,1
P007,HRTF_B,17,11.718,-107.6,-14.01,14,1
P007,HRTF_B,17,11.732,-106.09,-14.69,14,1
P007,HRTF_B,17,11.746,-104.64,-15.33,14,1
P007,HRTF_B,17,11.759,-103.24,-15.9,14,1
P007,HRTF_B,17,11.774,-101.91,-16.42,14,1
P007,HRTF_B,17,11.788,-100.66,-16.88,14,1
P007,HRTF_B,17,11.801,-99.54,-17.28,14,1
P007,HRTF_B,17,11.815,-98.5,-17.72,14,1
P007,HRTF_B,17,11.829,-97.52,-18.19,14,1
P007,HRTF_B,17,11.843,-96.59,-18.7,14,1
P007,HRTF_B,17,11.857,-95.72,-19.18,14,1
P007,HRTF_B,17,11.871,-94.92,-19.63,14,1
P007,HRTF_B,17,11.885,-94.19,-20.07,14,1
P007,HRTF_B,17,11.899,-93.54,-20.49,14,1
P007,HRTF_B,17,11.912,-92.9,-20.88,14,1
P007,HRTF_B,17,11.926,-92.28,-21.26,14,1
P007,HRTF_B,17,11.94,-91.69,-21.64,14,1
P007,HRTF_B,17,11.954,-91.16,-21.98,14,1
P007,HRTF_B,17,11.968,-90.64,-22.36,14,1
P007,HRTF_B,17,11.982,-90.11,-22.74,14,1
P007,HRTF_B,17,11.995,-89.58,-23.17,14,1
P007,HRTF_B,17,12.01,-88.98,-23.65,14,1
P007,HRTF_B,17,12.023,-88.37,-24.17,14,1
P007,HRTF_B,17,12.037,-87.7,-24.72,14,1
P007,HRTF_B,17,12.051,-86.97,-25.29,14,1
P007,HRTF_B,17,12.065,-86.18,-25.82,14,1
P007,HRTF_B,17,12.079,-85.31,-26.32,14,1
P007,HRTF_B,17,12.093,-84.35,-26.82,14,1
P007,HRTF_B,17,12.107,-83.31,-27.31,14,1
P007,HRTF_B,17,12.121,-82.24,-27.8,14,1
P007,HRTF_B,17,12.134,-81.1,-28.26,14,1
P007,HRTF_B,17,12.149,-79.93,-28.65,14,1
P007,HRTF_B,17,12.162,-78.78,-28.93,14,1
P007,HRTF_B,17,12.177,-77.62,-29.17,14,1
P007,HRTF_B,17,12.19,-76.48,-29.38,14,1
P007,HRTF_B,17,12.205,-75.36,-29.58,14,1
P007,HRTF_B,17,12.218,-74.22,-29.78,14,1
P007,HRTF_B,17,12.232,-73.08,-29.98,14,1
P007,HRTF_B,17,12.246,-71.93,-30.15,14,1
P007,HRTF_B,17,12.26,-70.76,-30.3,14,1
P007,HRTF_B,17,12.274,-69.6,-30.46,14,1
P007,HRTF_B,17,12.288,-68.42,-30.64,14,1
P007,HRTF_B,17,12.301,-67.22,-30.88,14,1
P007,HRTF_B,17,12.315,-65.99,-31.2,14,1
P007,HRTF_B,17,12.329,-64.78,-31.51,14,1
P007,HRTF_B,17,12.343,-63.57,-31.79,14,1
P007,HRTF_B,17,12.357,-62.37,-32.07,14,1
P007,HRTF_B,17,12.371,-61.2,-32.39,14,1
P007,HRTF_B,17,12.385,-59.99,-32.75,14,1
P007,HRTF_B,17,12.399,-58.83,-33.11,14,1
P007,HRTF_B,17,12.413,-57.7,-33.54,14,1
P007,HRTF_B,17,12.426,-56.59,-33.94,14,1
P007,HRTF_B,17,12.44,-55.52,-34.35,14,1
P007,HRTF_B,17,12.455,-54.47,-34.76,14,1
P007,HRTF_B,17,12.468,-53.46,-35.18,14,1
P007,HRTF_B,17,12.482,-52.49,-35.62,14,1
P007,HRTF_B,17,12.496,-51.57,-36.07,14,1
P007,HRTF_B,17,12.51,-50.7,-36.55,14,1
P007,HRTF_B,17,12.524,-49.92,-36.99,14,1
P007,HRTF_B,17,12.538,-49.18,-37.38,14,1
P007,HRTF_B,17,12.551,-48.48,-37.76,14,1
P007,HRTF_B,17,12.565,-47.76,-38.14,14,1
P007,HRTF_B,17,12.579,-47.07,-38.56,14,1
P007,HRTF_B,17,12.593,-46.35,-39.05,14,1
P007,HRTF_B,17,12.607,-45.63,-39.59,14,1
P007,HRTF_B,17,12.621,-44.87,-40.16,14,1
P007,HRTF_B,17,12.635,-44.09,-40.73,14,1
P007,HRTF_B,17,12.649,-43.3,-41.29,14,1
P007,HRTF_B,17,12.663,-42.54,-41.81,14,1
P007,HRTF_B,17,12.677,-41.81,-42.33,14,1
P007,HRTF_B,17,12.69,-41.13,-42.78,14,1
P007,HRTF_B,17,12.705,-40.45,-43.15,14,1
P007,HRTF_B,17,12.718,-39.85,-43.42,14,1
P007,HRTF_B,17,12.733,-39.33,-43.56,14,1
P007,HRTF_B,17,12.746,-38.88,-43.64,14,1
P007,HRTF_B,17,12.76,-38.47,-43.73,14,1
P007,HRTF_B,17,12.774,-38.09,-43.86,14,1
P007,HRTF_B,17,12.788,-37.74,-44.0,14,1
P007,HRTF_B,17,12.802,-37.41,-44.17,14,1
P007,HRTF_B,17,12.816,-37.05,-44.35,14,1
P007,HRTF_B,17,12.829,-36.66,-44.53,14,1
P007,HRTF_B,17,12.843,-36.3,-44.74,14,1
P007,HRTF_B,17,12.857,-35.89,-44.98,14,1
P007,HRTF_B,17,12.871,-35.44,-45.21,14,1
P007,HRTF_B,17,12.885,-34.94,-45.45,14,1
P007,HRTF_B,17,12.899,-34.39,-45.73,14,1
P007,HRTF_B,17,12.913,-33.81,-46.05,14,1
P007,HRTF_B,17,12.927,-33.2,-46.41,14,1
P007,HRTF_B,17,12.94,-32.58,-46.8,14,1
P007,HRTF_B,17,12.954,-31.97,-47.19,14,1
P007,HRTF_B,17,12.968,-31.32,-47.6,14,1
P007,HRTF_B,17,12.982,-30.66,-48.02,14,1
P007,HRTF_B,17,12.996,-29.94,-48.44,14,1
P007,HRTF_B,17,13.01,-29.19,-48.86,14,1
P007,HRTF_B,17,13.024,-28.44,-49.26,14,1
P007,HRTF_B,17,13.037,-27.68,-49.62,14,1
P007,HRTF_B,17,13.051,-26.96,-49.98,14,1
P007,HRTF_B,17,13.066,-26.28,-50.33,14,1
P007,HRTF_B,17,13.079,-25.64,-50.73,14,1
P007,HRTF_B,17,13.093,-24.95,-51.16,14,1
P007,HRTF_B,17,13.107,-24.24,-51.58,14,1
P007,HRTF_B,17,13.121,-23.54,-51.94,14,1
P007,HRTF_B,17,13.135,-22.86,-52.25,14,1
P007,HRTF_B,17,13.149,-22.21,-52.54,14,1
P007,HRTF_B,17,13.163,-21.58,-52.82,14,1
P007,HRTF_B,17,13.177,-20.91,-53.11,14,1
P007,HRTF_B,17,13.19,-20.21,-53.43,14,1
P007,HRTF_B,17,13.204,-19.4,-53.77,14,1
P007,HRTF_B,17,13.218,-18.58,-54.09,14,1
P007,HRTF_B,17,13.232,-17.76,-54.4,14,1
P007,HRTF_B,17,13.246,-16.96,-54.67,14,1
P007,HRTF_B,17,13.26,-16.14,-54.95,14,1
P007,HRTF_B,17,13.274,-15.34,-55.26,14,1
P007,HRTF_B,17,13.288,-14.52,-55.58,14,1
P007,HRTF_B,17,13.302,-13.71,-55.94,14,1
P007,HRTF_B,17,13.315,-12.92,-56.38,14,1
P007,HRTF_B,17,13.329,-12.16,-56.95,14,1
P007,HRTF_B,17,13.343,-11.4,-57.66,14,1
P007,HRTF_B,17,13.357,-10.68,-58.47,14,1
P007,HRTF_B,17,13.371,-9.97,-59.29,14,1
P007,HRTF_B,17,13.385,-9.32,-60.06,14,1
P007,HRTF_B,17,13.398,-8.68,-60.79,14,1
P007,HRTF_B,17,13.413,-8.02,-61.48,14,1
P007,HRTF_B,17,13.427,-7.34,-62.11,14,1
P007,HRTF_B,17,13.44,-6.6,-62.71,14,1
P007,HRTF_B,17,13.455,-5.84,-63.3,14,1
P007,HRTF_B,17,13.468,-5.06,-63.87,14,1
P007,HRTF_B,17,13.482,-4.28,-64.42,14,1
P007,HRTF_B,17,13.496,-3.55,-64.92,14,1
P007,HRTF_B,17,13.51,-2.82,-65.4,14,1
P007,HRTF_B,17,13.524,-2.13,-65.82,14,1
P007,HRTF_B,17,13.538,-1.44,-66.2,14,1
P007,HRTF_B,17,13.552,-0.73,-66.57,14,1
P007,HRTF_B,17,13.565,-0.06,-66.92,14,1
P007,HRTF_B,17,13.579,0.59,-67.25,14,1
P007,HRTF_B,17,13.593,1.26,-67.58,14,1
P007,HRTF_B,17,13.607,1.88,-67.88,14,1
P007,HRTF_B,17,13.621,2.51,-68.16,14,1
P007,HRTF_B,17,13.635,3.21,-68.44,14,1
P007,HRTF_B,17,13.648,3.89,-68.72,14,1
P007,HRTF_B,17,13.663,4.58,-69.03,14,1
P007,HRTF_B,17,13.676,5.29,-69.37,14,1
P007,HRTF_B,17,13.69,6.04,-69.77,14,1
P007,HRTF_B,17,13.704,6.86,-70.19,14,1
P007,HRTF_B,17,13.718,7.81,-70.65,14,1
P007,HRTF_B,17,13.732,8.88,-71.14,14,1
P007,HRTF_B,17,13.746,9.99,-71.65,14,1
P007,HRTF_B,17,13.76,11.23,-72.2,14,1
P007,HRTF_B,17,13.774,12.46,-72.74,14,1
P007,HRTF_B,17,13.788,13.7,-73.3,14,1
P007,HRTF_B,17,13.802,14.97,-73.9,14,1
P007,HRTF_B,17,13.815,16.21,-74.5,14,1
P007,HRTF_B,17,13.829,17.51,-75.1,14,1
P007,HRTF_B,17,13.843,18.86,-75.69,14,1
P007,HRTF_B,17,13.857,20.23,-76.28,14,1
P007,HRTF_B,17,13.871,21.62,-76.8,14,1
P007,HRTF_B,17,13.885,23.03,-77.33,14,1
P007,HRTF_B,17,13.899,24.42,-77.78,14,1
P007,HRTF_B,17,13.913,25.83,-78.23,14,1
P007,HRTF_B,17,13.927,27.23,-78.67,14,1
P007,HRTF_B,17,13.94,28.58,-79.02,14,1
P007,HRTF_B,17,13.954,30.11,-79.41,14,1
P007,HRTF_B,17,13.968,31.62,-79.71,14,1
P007,HRTF_B,17,13.982,33.09,-80.01,14,1
P007,HRTF_B,17,13.996,34.47,-80.24,14,1
P007,HRTF_B,17,14.01,35.67,-80.46,14,1
P007,HRTF_B,17,14.023,36.58,-80.59,14,1
P007,HRTF_B,17,14.038,37.26,-80.68,14,1
P007,HRTF_B,17,14.052,37.74,-80.75,14,1
P007,HRTF_B,17,14.065,38.12,-80.81,14,1
P007,HRTF_B,17,14.079,38.42,-80.86,14,1
P007,HRTF_B,17,14.093,38.66,-80.93,14,1
P007,HRTF_B,17,14.107,38.94,-81.02,14,1
P007,HRTF_B,17,14.121,39.4,-81.16,14,1
P007,HRTF_B,17,14.135,40.12,-81.35,14,1
P007,HRTF_B,17,14.149,41.23,-81.57,14,1
P007,HRTF_B,17,14.162,42.45,-81.77,14,1
P007,HRTF_B,17,14.177,43.78,-81.96,14,1
P007,HRTF_B,17,14.191,44.94,-82.13,14,1
P007,HRTF_B,17,14.204,46.25,-82.27,14,1
P007,HRTF_B,17,14.218,47.51,-82.42,14,1
P007,HRTF_B,17,14.232,48.74,-82.54,14,1
P007,HRTF_B,17,14.246,50.22,-82.68,14,1
P007,HRTF_B,17,14.26,51.77,-82.81,14,1
P007,HRTF_B,17,14.274,53.42,-82.98,14,1
P007,HRTF_B,17,14.288,55.33,-83.18,14,1
P007,HRTF_B,17,14.301,57.57,-83.42,14,1
P007,HRTF_B,17,14.316,60.16,-83.68,14,1
P007,HRTF_B,17,14.329,62.94,-83.92,14,1
P007,HRTF_B,17,14.343,65.88,-84.15,14,1
P007,HRTF_B,17,14.357,69.21,-84.35,14,1
P007,HRTF_B,17,14.371,72.41,-84.61,14,1
P007,HRTF_B,17,14.385,75.8,-84.9,14,1
P007,HRTF_B,17,14.399,79.07,-85.28,14,1
P007,HRTF_B,17,14.412,82.26,-85.75,14,1
P007,HRTF_B,17,14.426,84.73,-86.36,14,1
P007,HRTF_B,17,14.441,87.76,-87.15,14,1
P007,HRTF_B,17,14.454,93.1,-88.13,14,1
P007,HRTF_B,17,14.468,117.7,-89.17,14,1
P007,HRTF_B,17,14.482,-139.49,-89.22,14,1
P007,HRTF_B,17,14.496,-114.94,-87.99,14,1
P007,HRTF_B,17,14.51,-108.18,-86.63,14,1
P007,HRTF_B,17,14.524,-105.84,-85.28,14,1
P007,HRTF_B,17,14.538,-104.13,-83.94,14,1
P007,HRTF_B,17,14.552,-103.18,-82.65,14,1
P007,HRTF_B,17,14.565,-103.24,-81.4,14,1
P007,HRTF_B,17,14.579,-103.17,-80.27,14,1
P007,HRTF_B,17,14.593,-103.47,-79.23,14,1
P007,HRTF_B,17,14.607,-103.78,-78.27,14,1
P007,HRTF_B,17,14.621,-104.14,-77.32,14,1
P007,HRTF_B,17,14.635,-104.33,-76.47,14,1
P007,HRTF_B,17,14.649,-104.69,-75.6,14,1
P007,HRTF_B,17,14.662,-104.63,-74.77,14,1
P007,HRTF_B,17,14.677,-104.97,-73.96,14,1
P007,HRTF_B,17,14.691,-104.94,-73.23,14,1
P007,HRTF_B,17,14.704,-104.92,-72.5,14,1
P007,HRTF_B,17,14.718,-104.92,-71.83,14,1
P007,HRTF_B,17,14.732,-105.01,-71.16,14,1
P007,HRTF_B,17,14.746,-105.04,-70.45,14,1
P007,HRTF_B,17,14.76,-105.01,-69.78,14,1
P007,HRTF_B,17,14.774,-104.97,-69.1,14,1
P007,HRTF_B,17,14.788,-104.87,-68.37,14,1
P007,HRTF_B,17,14.801,-104.8,-67.58,14,1
P007,HRTF_B,17,14.815,-104.64,-66.75,14,1
P007,HRTF_B,17,14.829,-104.54,-65.89,14,1
P007,HRTF_B,17,14.843,-104.37,-65.01,14,1
P007,HRTF_B,17,14.857,-104.21,-64.07,14,1
P007,HRTF_B,17,14.871,-104.16,-63.05,14,1
P007,HRTF_B,17,14.885,-104.1,-61.88,14,1
P007,HRTF_B,17,14.899,-104.11,-60.6,14,1
P007,HRTF_B,17,14.913,-104.15,-59.17,14,1
P007,HRTF_B,17,14.927,-104.26,-57.72,14,1
P007,HRTF_B,17,14.94,-104.45,-56.24,14,1
P007,HRTF_B,17,14.955,-104.78,-54.72,14,1
P007,HRTF_B,17,14.969,-105.09,-53.36,14,1
P007,HRTF_B,17,14.982,-105.59,-52.01,14,1
P007,HRTF_B,17,14.996,-106.07,-50.72,14,1
P007,HRTF_B,17,15.01,-106.69,-49.52,14,1
P007,HRTF_B,17,15.024,-107.39,-48.38,14,1
P007,HRTF_B,17,15.038,-108.18,-47.37,14,1
P007,HRTF_B,17,15.052,-109.09,-46.48,14,1
P007,HRTF_B,17,15.065,-110.11,-45.69,14,1
P007,HRTF_B,17,15.079,-111.16,-44.98,14,1
P007,HRTF_B,17,15.093,-112.28,-44.33,14,1
P007,HRTF_B,17,15.107,-113.45,-43.79,14,1
P007,HRTF_B,17,15.121,-114.72,-43.33,14,1
P007,HRTF_B,17,15.135,-116.03,-42.95,14,1
P007,HRTF_B,17,15.149,-117.4,-42.6,14,1
P007,HRTF_B,17,15.163,-118.82,-42.24,14,1
P007,HRTF_B,17,15.177,-120.21,-41.86,14,1
P007,HRTF_B,17,15.19,-121.62,-41.49,14,1
P007,HRTF_B,17,15.204,-122.99,-41.13,14,1
P007,HRTF_B,17,15.218,-124.27,-40.81,14,1
P007,HRTF_B,17,15.232,-125.5,-40.43,14,1
P007,HRTF_B,17,15.246,-126.59,-40.01,14,1
P007,HRTF_B,17,15.26,-127.6,-39.51,14,1
P007,HRTF_B,17,15.274,-128.51,-38.96,14,1
P007,HRTF_B,17,15.288,-129.38,-38.38,14,1
P007,HRTF_B,17,15.302,-130.25,-37.89,14,1
P007,HRTF_B,17,15.315,-131.1,-37.46,14,1
P007,HRTF_B,17,15.329,-132.01,-37.1,14,1
P007,HRTF_B,17,15.343,-132.92,-36.84,14,1
P007,HRTF_B,17,15.357,-133.87,-36.63,14,1
P007,HRTF_B,17,15.371,-134.83,-36.45,14,1
P007,HRTF_B,17,15.385,-135.8,-36.36,14,1
P007,HRTF_B,17,15.399,-136.77,-36.29,14,1
P007,HRTF_B,17,15.412,-137.71,-36.22,14,1
P007,HRTF_B,17,15.427,-138.65,-36.15,14,1
P007,HRTF_B,17,15.44,-139.55,-36.11,14,1
P007,HRTF_B,17,15.454,-140.44,-36.09,14,1
P007,HRTF_B,17,15.468,-141.29,-36.11,14,1
P007,HRTF_B,17,15.482,-142.09,-36.16,14,1
P007,HRTF_B,17,15.496,-142.85,-36.21,14,1
P007,HRTF_B,17,15.51,-143.58,-36.26,14,1
P007,HRTF_B,17,15.524,-144.26,-36.36,14,1
P007,HRTF_B,17,15.537,-144.93,-36.54,14,1
P007,HRTF_B,17,15.551,-145.54,-36.8,14,1
P007,HRTF_B,17,15.565,-146.11,-37.04,14,1
P007,HRTF_B,17,15.579,-146.59,-37.29,14,1
P007,HRTF_B,17,15.593,-146.96,-37.49,14,1
P007,HRTF_B,17,15.607,-147.32,-37.78,14,1
P007,HRTF_B,17,15.621,-147.65,-38.13,14,1
P007,HRTF_B,17,15.635,-148.01,-38.6,14,1
P007,HRTF_B,17,15.649,-148.46,-39.1,14,1
P007,HRTF_B,17,15.662,-148.96,-39.56,14,1
P007,HRTF_B,17,15.676,-149.55,-39.96,14,1
P007,HRTF_B,17,15.69,-150.19,-40.35,14,1
P007,HRTF_B,17,15.704,-150.87,-40.83,14,1
P007,HRTF_B,17,15.718,-151.52,-41.39,14,1
P007,HRTF_B,17,15.732,-152.14,-42.02,14,1
P007,HRTF_B,17,15.746,-152.69,-42.67,14,1
P007,HRTF_B,17,15.76,-153.2,-43.24,14,1
P007,HRTF_B,17,15.773,-153.65,-43.8,14,1
P007,HRTF_B,17,15.788,-154.0,-44.37,14,1
P007,HRTF_B,17,15.801,-154.19,-45.05,14,1
P007,HRTF_B,17,15.815,-154.14,-45.9,14,1
P007,HRTF_B,17,15.829,-153.81,-46.87,14,1
P007,HRTF_B,17,15.843,-153.26,-48.0,14,1
P007,HRTF_B,17,15.857,-152.53,-49.26,14,1
P007,HRTF_B,17,15.871,-151.59,-50.51,14,1
P007,HRTF_B,17,15.885,-150.42,-51.78,14,1
P007,HRTF_B,17,15.898,-149.01,-53.06,14,1
P007,HRTF_B,17,15.912,-147.37,-54.39,14,1
P007,HRTF_B,17,15.926,-145.54,-55.75,14,1
P007,HRTF_B,17,15.94,-143.44,-57.01,14,1
P007,HRTF_B,17,15.954,-141.11,-58.11,14,1
P007,HRTF_B,17,15.968,-138.56,-59.07,14,1
P007,HRTF_B,17,15.982,-135.87,-59.88,14,1
P007,HRTF_B,17,16.0,-133.16,-60.57,14,1
P007,HRTF_B,17,16.012,-130.6,-61.12,14,1
P007,HRTF_B,17,16.023,-128.04,-61.51,14,1
P007,HRTF_B,17,16.038,-125.64,-61.72,14,1
P007,HRTF_B,17,16.051,-123.38,-61.84,14,1
P007,HRTF_B,17,16.065,-121.52,-61.98,14,1
P007,HRTF_B,17,16.079,-119.96,-62.17,14,1
P007,HRTF_B,17,16.093,-118.91,-62.29,14,1
P007,HRTF_B,17,16.107,-118.3,-62.29,14,1
P007,HRTF_B,17,16.121,-117.89,-62.17,14,1
P007,HRTF_B,17,16.135,-117.99,-62.18,14,1
P007,HRTF_B,17,16.149,-118.09,-62.26,14,1
P007,HRTF_B,17,16.163,-118.32,-62.41,14,1
P007,HRTF_B,17,16.176,-118.78,-62.64,14,1
P007,HRTF_B,17,16.19,-119.33,-62.86,14,1
P007,HRTF_B,17,16.204,-119.88,-63.05,14,1
P007,HRTF_B,17,16.218,-120.34,-63.21,14,1
P007,HRTF_B,17,16.232,-120.65,-63.43,14,1
P007,HRTF_B,17,16.246,-120.82,-63.62,14,1
P007,HRTF_B,17,16.26,-120.94,-63.7,14,1
P007,HRTF_B,17,16.273,-121.0,-63.66,14,1
P007,HRTF_B,17,16.288,-120.92,-63.47,14,1
P007,HRTF_B,17,16.301,-120.65,-63.15,14,1
P007,HRTF_B,17,16.315,-120.17,-62.71,14,1
P007,HRTF_B,17,16.329,-119.61,-62.09,14,1
P007,HRTF_B,17,16.343,-118.98,-61.24,14,1
P007,HRTF_B,17,16.357,-118.26,-60.08,14,1
P007,HRTF_B,17,16.371,-117.45,-58.61,14,1
P007,HRTF_B,17,16.385,-116.47,-56.82,14,1
P007,HRTF_B,17,16.399,-115.44,-54.88,14,1
P007,HRTF_B,17,16.412,-114.46,-52.82,14,1
P007,HRTF_B,17,16.427,-113.48,-50.71,14,1
P007,HRTF_B,17,16.44,-112.53,-48.45,14,1
P007,HRTF_B,17,16.454,-111.57,-46.03,14,1
P007,HRTF_B,17,16.468,-110.61,-43.55,14,1
P007,HRTF_B,17,16.482,-109.62,-41.16,14,1
P007,HRTF_B,17,16.496,-108.61,-38.85,14,1
P007,HRTF_B,17,16.51,-107.58,-36.63,14,1
P007,HRTF_B,17,16.524,-106.53,-34.47,14,1
P007,HRTF_B,17,16.537,-105.45,-32.5,14,1
P007,HRTF_B,17,16.551,-104.34,-30.51,14,1
P007,HRTF_B,17,16.565,-103.2,-28.62,14,1
P007,HRTF_B,17,16.579,-102.05,-26.8,14,1
P007,HRTF_B,17,16.593,-100.93,-25.03,14,1
P007,HRTF_B,17,16.607,-99.81,-23.35,14,1
P007,HRTF_B,17,16.621,-98.72,-21.71,14,1
P007,HRTF_B,17,16.635,-97.63,-20.15,14,1
P007,HRTF_B,17,16.649,-96.56,-18.63,14,1
P007,HRTF_B,17,16.663,-95.51,-17.17,14,1
P007,HRTF_B,17,16.677,-94.47,-15.78,14,1
P007,HRTF_B,17,16.69,-93.42,-14.53,14,1
P007,HRTF_B,17,16.704,-92.34,-13.33,14,1
P007,HRTF_B,17,16.718,-91.24,-12.2,14,1
P007,HRTF_B,17,16.732,-90.15,-11.13,14,1
P007,HRTF_B,17,16.746,-89.03,-10.13,14,1
P007,HRTF_B,17,16.76,-87.94,-9.13,14,1
P007,HRTF_B,17,16.774,-86.86,-8.24,14,1
P007,HRTF_B,17,16.787,-85.81,-7.41,14,1
P007,HRTF_B,17,16.801,-84.82,-6.64,14,1
P007,HRTF_B,17,16.815,-83.87,-5.9,14,1
P007,HRTF_B,17,16.829,-82.95,-5.18,14,1
P007,HRTF_B,17,16.843,-82.06,-4.42,14,1
P007,HRTF_B,17,16.857,-81.21,-3.58,14,1
P007,HRTF_B,17,16.87,-80.4,-2.76,14,1
P007,HRTF_B,17,16.885,-79.61,-1.94,14,1
P007,HRTF_B,17,16.899,-78.88,-1.1,14,1
P007,HRTF_B,17,16.912,-78.18,-0.26,14,1
P007,HRTF_B,17,16.926,-77.53,0.57,14,1
P007,HRTF_B,17,16.94,-76.87,1.38,14,1
P007,HRTF_B,17,16.954,-76.25,2.22,14,1
P007,HRTF_B,17,16.968,-75.59,3.05,14,1
P007,HRTF_B,17,16.982,-74.92,3.88,14,1
P007,HRTF_B,17,16.996,-74.36,4.69,14,1
P007,HRTF_B,17,17.009,-73.81,5.45,14,1
P007,HRTF_B,17,17.023,-73.25,6.14,14,1
P007,HRTF_B,17,17.037,-72.69,6.8,14,1
P007,HRTF_B,17,17.051,-72.05,7.39,14,1
P007,HRTF_B,17,17.065,-71.42,7.81,14,1
P007,HRTF_B,17,17.08,-70.65,8.22,14,1
P007,HRTF_B,17,17.092,-69.9,8.63,14,1
P007,HRTF_B,17,17.107,-69.14,8.98,14,1
P007,HRTF_B,17,17.12,-68.37,9.32,14,1
P007,HRTF_B,17,17.134,-67.58,9.6,14,1
P007,HRTF_B,17,17.148,-66.8,9.88,14,1
P007,HRTF_B,17,17.162,-66.03,10.14,14,1
P007,HRTF_B,17,17.176,-65.27,10.39,14,1
P007,HRTF_B,17,17.19,-64.52,10.63,14,1
P007,HRTF_B,17,17.204,-63.73,10.88,14,1
P007,HRTF_B,17,17.217,-62.91,11.1,14,1
P007,HRTF_B,17,17.232,-62.08,11.31,14,1
P007,HRTF_B,17,17.246,-61.28,11.48,14,1
P007,HRTF_B,17,17.259,-60.46,11.6,14,1
P007,HRTF_B,17,17.273,-59.63,11.69,14,1
P007,HRTF_B,17,17.287,-58.79,11.83,14,1
P007,HRTF_B,17,17.302,-57.92,12.01,14,1
P007,HRTF_B,17,17.315,-57.03,12.23,14,1
P007,HRTF_B,17,17.329,-56.15,12.42,14,1
P007,HRTF_B,17,17.343,-55.3,12.58,14,1
P007,HRTF_B,17,17.357,-54.43,12.72,14,1
P007,HRTF_B,17,17.37,-53.52,12.88,14,1
P007,HRTF_B,17,17.385,-52.6,13.08,14,1
P007,HRTF_B,17,17.398,-51.59,13.31,14,1
P007,HRTF_B,17,17.412,-50.58,13.58,14,1
P007,HRTF_B,17,17.426,-49.54,13.79,14,1
P007,HRTF_B,17,17.44,-48.46,13.93,14,1
P007,HRTF_B,17,17.454,-47.3,14.12,14,1
P007,HRTF_B,17,17.468,-46.24,14.23,14,1
P007,HRTF_B,17,17.481,-45.16,14.36,14,1
P007,HRTF_B,17,17.495,-44.05,14.57,14,1
P007,HRTF_B,17,17.509,-43.04,14.79,14,1
P007,HRTF_B,17,17.524,-42.02,14.94,14,1
P007,HRTF_B,17,17.537,-40.96,14.97,14,1
P007,HRTF_B,17,17.551,-39.92,14.98,14,1
P007,HRTF_B,17,17.565,-38.91,15.03,14,1
P007,HRTF_B,17,17.579,-37.95,15.11,14,1
P007,HRTF_B,17,17.592,-37.04,15.04,14,1
P007,HRTF_B,17,17.607,-36.14,14.92,14,1
P007,HRTF_B,17,17.62,-35.25,14.8,14,1
P007,HRTF_B,17,17.634,-34.35,14.65,14,1
P007,HRTF_B,17,17.648,-33.49,14.52,14,1
P007,HRTF_B,17,17.662,-32.65,14.41,14,1
P007,HRTF_B,17,17.676,-31.84,14.35,14,1
P007,HRTF_B,17,17.69,-31.01,14.28,14,1
P007,HRTF_B,17,17.703,-30.17,14.26,14,1
P007,HRTF_B,17,17.718,-29.32,14.3,14,1
P007,HRTF_B,17,17.732,-28.48,14.37,14,1
P007,HRTF_B,17,17.746,-27.67,14.42,14,1
P007,HRTF_B,17,17.759,-26.86,14.48,14,1
P007,HRTF_B,17,17.773,-26.04,14.5,14,1
P007,HRTF_B,17,17.787,-25.24,14.53,14,1
P007,HRTF_B,17,17.801,-24.45,14.58,14,1
P007,HRTF_B,17,17.815,-23.72,14.62,14,1
P007,HRTF_B,17,17.829,-23.01,14.63,14,1
P007,HRTF_B,17,17.842,-22.29,14.57,14,1
P007,HRTF_B,17,17.856,-21.53,14.56,14,1
P007,HRTF_B,17,17.87,-20.88,14.51,14,1
P007,HRTF_B,17,17.884,-20.16,14.45,14,1
P007,HRTF_B,17,17.898,-19.52,14.39,14,1
P007,HRTF_B,17,17.912,-18.87,14.32,14,1
P007,HRTF_B,17,17.926,-18.17,14.19,14,1
P007,HRTF_B,17,17.94,-17.45,14.04,14,1
P007,HRTF_B,17,17.954,-16.68,13.94,14,1
P007,HRTF_B,17,17.968,-15.88,13.88,14,1
P007,HRTF_B,17,17.982,-15.05,13.86,14,1
P007,HRTF_B,17,17.996,-14.21,13.86,14,1
P007,HRTF_B,17,18.009,-13.34,13.78,14,1
P007,HRTF_B,17,18.023,-12.44,13.72,14,1
P007,HRTF_B,17,18.037,-11.5,13.65,14,1
P007,HRTF_B,17,18.051,-10.5,13.57,14,1
P007,HRTF_B,17,18.065,-9.48,13.47,14,1
P007,HRTF_B,17,18.078,-8.43,13.32,14,1
P007,HRTF_B,17,18.092,-7.36,13.16,14,1
P007,HRTF_B,17,18.107,-6.24,12.98,14,1
P007,HRTF_B,17,18.12,-5.1,12.83,14,1
P007,HRTF_B,17,18.135,-3.94,12.71,14,1
P007,HRTF_B,17,18.148,-2.77,12.64,14,1
P007,HRTF_B,17,18.162,-1.56,12.59,14,1
P007,HRTF_B,17,18.176,-0.33,12.56,14,1
P007,HRTF_B,17,18.19,0.94,12.52,14,1
P007,HRTF_B,17,18.204,2.23,12.5,14,1
P007,HRTF_B,17,18.217,3.52,12.5,14,1
P007,HRTF_B,17,18.231,4.81,12.47,14,1
P007,HRTF_B,17,18.245,6.08,12.44,14,1
P007,HRTF_B,17,18.259,7.34,12.39,14,1
P007,HRTF_B,17,18.273,8.6,12.33,14,1
P007,HRTF_B,17,18.287,9.83,12.25,14,1
P007,HRTF_B,17,18.301,11.05,12.12,14,1
P007,HRTF_B,17,18.315,12.22,11.96,14,1
P007,HRTF_B,17,18.329,13.33,11.79,14,1
P007,HRTF_B,17,18.343,14.38,11.58,14,1
P007,HRTF_B,17,18.356,15.39,11.35,14,1
P007,HRTF_B,17,18.37,16.37,11.06,14,1
P007,HRTF_B,17,18.384,17.33,10.77,14,1
P007,HRTF_B,17,18.398,18.24,10.46,14,1
P007,HRTF_B,17,18.412,19.1,10.12,14,1
P007,HRTF_B,17,18.426,19.92,9.73,14,1
P007,HRTF_B,17,18.44,20.71,9.32,14,1
P007,HRTF_B,17,18.454,21.45,8.85,14,1
P007,HRTF_B,17,18.467,22.16,8.41,14,1
P007,HRTF_B,17,18.481,22.82,7.97,14,1
P007,HRTF_B,17,18.495,23.43,7.54,14,1
P007,HRTF_B,17,18.509,23.99,7.08,14,1
P007,HRTF_B,17,18.523,24.49,6.6,14,1
P007,HRTF_B,17,18.537,24.96,6.09,14,1
P007,HRTF_B,17,18.551,25.39,5.62,14,1
P007,HRTF_B,17,18.565,25.73,5.1,14,1
P007,HRTF_B,17,18.579,25.96,4.49,14,1
P007,HRTF_B,17,18.592,26.03,3.78,14,1
P007,HRTF_B,17,18.606,25.91,3.01,14,1
P007,HRTF_B,17,18.62,25.66,2.16,14,1
P007,HRTF_B,17,18.634,25.22,1.2,14,1
P007,HRTF_B,17,18.648,24.64,0.0,14,1
P007,HRTF_B,17,18.662,23.89,-1.29,14,1
P007,HRTF_B,17,18.676,23.08,-2.56,14,1
P007,HRTF_B,17,18.69,22.23,-3.73,14,1
P007,HRTF_B,17,18.704,21.46,-4.81,14,1
P007,HRTF_B,17,18.717,20.79,-5.86,14,1
P007,HRTF_B,17,18.732,20.17,-6.94,14,1
P007,HRTF_B,17,18.745,19.59,-7.97,14,1
P007,HRTF_B,17,18.759,19.02,-8.89,14,1
P007,HRTF_B,17,18.773,18.44,-9.71,14,1
P007,HRTF_B,17,18.787,17.91,-10.45,14,1
P007,HRTF_B,17,18.801,17.48,-11.15,14,1
P007,HRTF_B,17,18.815,17.09,-11.8,14,1
P007,HRTF_B,17,18.829,16.81,-12.41,14,1
P007,HRTF_B,17,18.843,16.61,-12.95,14,1
P007,HRTF_B,17,18.857,16.48,-13.38,14,1
P007,HRTF_B,17,18.87,16.38,-13.76,14,1
P007,HRTF_B,17,18.884,16.35,-14.12,14,1
P007,HRTF_B,17,18.899,16.37,-14.42,14,1
P007,HRTF_B,17,18.912,16.45,-14.7,14,1
P007,HRTF_B,17,18.926,16.58,-14.96,14,1
P007,HRTF_B,17,18.94,16.76,-15.22,14,1
P007,HRTF_B,17,18.954,16.95,-15.47,14,1
P007,HRTF_B,17,18.968,17.16,-15.71,14,1
P007,HRTF_B,17,18.981,17.36,-15.9,14,1
P007,HRTF_B,17,18.995,17.57,-16.04,14,1
P007,HRTF_B,17,19.009,17.75,-16.17,14,1
P007,HRTF_B,17,19.023,17.93,-16.33,14,1
P007,HRTF_B,17,19.037,18.13,-16.58,14,1
P007,HRTF_B,17,19.051,18.34,-16.85,14,1
P007,HRTF_B,17,19.065,18.57,-17.15,14,1
P007,HRTF_B,17,19.079,18.8,-17.45,14,1
P007,HRTF_B,17,19.093,19.04,-17.71,14,1
P007,HRTF_B,17,19.107,19.23,-17.98,14,1
P007,HRTF_B,17,19.12,19.36,-18.25,14,1
P007,HRTF_B,17,19.134,19.44,-18.57,14,1
P007,HRTF_B,17,19.148,19.49,-18.9,14,1
P007,HRTF_B,17,19.162,19.51,-19.21,14,1
P007,HRTF_B,17,19.176,19.49,-19.52,14,1
P007,HRTF_B,17,19.19,19.42,-19.8,14,1
P007,HRTF_B,17,19.204,19.26,-20.09,14,1
P007,HRTF_B,17,19.218,19.03,-20.35,14,1
P007,HRTF_B,17,19.232,18.84,-20.53,14,1
P007,HRTF_B,17,19.246,18.79,-20.52,14,1
P007,HRTF_B,17,19.26,18.96,-20.32,14,1
P007,HRTF_B,17,19.273,19.35,-19.96,14,1
P007,HRTF_B,17,19.287,20.15,-19.43,14,1
P007,HRTF_B,17,19.301,21.31,-18.77,14,1
P007,HRTF_B,17,19.315,22.89,-17.98,14,1
P007,HRTF_B,17,19.329,24.84,-17.0,14,1
P007,HRTF_B,17,19.343,27.05,-15.83,14,1
P007,HRTF_B,17,19.357,29.48,-14.61,14,1
P007,HRTF_B,17,19.37,32.07,-13.42,14,1
P007,HRTF_B,17,19.385,34.79,-12.26,14,1
P007,HRTF_B,17,19.398,37.58,-11.16,14,1
P007,HRTF_B,17,19.412,40.38,-10.1,14,1
P007,HRTF_B,17,19.426,43.13,-9.07,14,1
P007,HRTF_B,17,19.44,45.81,-8.07,14,1
P007,HRTF_B,17,19.454,48.4,-7.16,14,1
P007,HRTF_B,17,19.468,50.92,-6.28,14,1
P007,HRTF_B,17,19.482,53.33,-5.41,14,1
P007,HRTF_B,17,19.495,55.56,-4.56,14,1
P007,HRTF_B,17,19.509,57.6,-3.8,14,1
P007,HRTF_B,17,19.523,59.42,-3.07,14,1
P007,HRTF_B,17,19.537,61.06,-2.53,14,1
P007,HRTF_B,17,19.551,62.5,-1.98,14,1
P007,HRTF_B,17,19.565,63.7,-1.52,14,1
P007,HRTF_B,17,19.579,64.7,-1.06,14,1
P007,HRTF_B,17,19.593,65.47,-0.72,14,1
P007,HRTF_B,17,19.607,66.03,-0.36,14,1
P007,HRTF_B,17,19.62,66.5,-0.13,14,1
P007,HRTF_B,17,19.634,66.86,0.1,14,1
P007,HRTF_B,17,19.648,67.15,0.33,14,1
P007,HRTF_B,17,19.662,67.36,0.6,14,1
P007,HRTF_B,17,19.676,67.55,0.84,14,1
P007,HRTF_B,17,19.69,67.75,1.07,14,1
P007,HRTF_B,17,19.703,68.0,1.28,14,1
P007,HRTF_B,17,19.717,68.31,1.47,14,1
P007,HRTF_B,17,19.731,68.66,1.68,14,1
P007,HRTF_B,17,19.745,69.03,1.96,14,1
P007,HRTF_B,17,19.759,69.45,2.24,14,1
P007,HRTF_B,17,19.773,69.89,2.57,14,1
P007,HRTF_B,17,19.788,70.36,2.9,14,1
P007,HRTF_B,17,19.801,70.84,3.28,14,1
P007,HRTF_B,17,19.815,71.29,3.72,14,1
P007,HRTF_B,17,19.829,71.73,4.24,14,1
P007,HRTF_B,17,19.843,72.18,4.81,14,1
P007,HRTF_B,17,19.856,72.59,5.35,14,1
P007,HRTF_B,17,19.87,73.02,5.91,14,1
P007,HRTF_B,17,19.884,73.41,6.41,14,1
P007,HRTF_B,17,19.898,73.82,6.84,14,1
P007,HRTF_B,17,19.912,74.23,7.17,14,1
P007,HRTF_B,17,19.926,74.7,7.46,14,1
P007,HRTF_B,17,19.94,75.21,7.76,14,1
P007,HRTF_B,17,19.954,75.73,8.05,14,1
P007,HRTF_B,17,19.968,76.24,8.32,14,1
P007,HRTF_B,17,19.981,76.73,8.46,14,1
P007,HRTF_B,17,19.995,77.25,8.51,14,1
P007,HRTF_B,17,20.009,77.79,8.48,14,1
P007,HRTF_B,17,20.023,78.33,8.38,14,1
P007,HRTF_B,17,20.037,78.83,8.26,14,1
P007,HRTF_B,17,20.051,79.29,8.08,14,1
P007,HRTF_B,17,20.065,79.72,7.77,14,1
P007,HRTF_B,17,20.079,80.13,7.29,14,1
P007,HRTF_B,17,20.093,80.53,6.6,14,1
P007,HRTF_B,17,20.106,80.87,5.75,14,1
P007,HRTF_B,17,20.12,81.1,4.7,14,1
P007,HRTF_B,17,20.134,81.15,3.41,14,1
P007,HRTF_B,17,20.148,81.03,1.86,14,1
P007,HRTF_B,17,20.162,80.72,0.2,14,1
P007,HRTF_B,17,20.176,80.27,-1.54,14,1
P007,HRTF_B,17,20.19,79.69,-3.44,14,1
P007,HRTF_B,17,20.204,78.93,-5.59,14,1
P007,HRTF_B,17,20.217,77.96,-7.92,14,1
P007,HRTF_B,17,20.231,76.8,-10.16,14,1
P007,HRTF_B,17,20.245,75.53,-12.19,14,1
P007,HRTF_B,17,20.26,74.18,-13.96,14,1
P007,HRTF_B,17,20.273,72.86,-15.55,14,1
P007,HRTF_B,17,20.287,71.59,-17.08,14,1
P007,HRTF_B,17,20.301,70.36,-18.66,14,1
P007,HRTF_B,17,20.315,69.19,-20.26,14,1
P007,HRTF_B,17,20.329,68.07,-21.78,14,1
P007,HRTF_B,17,20.347,66.99,-23.15,14,1
P007,HRTF_B,17,20.359,65.97,-24.36,14,1
P007,HRTF_B,17,20.37,65.03,-25.5,14,1
P007,HRTF_B,17,20.385,64.19,-26.51,14,1
P007,HRTF_B,17,20.398,63.43,-27.46,14,1
P007,HRTF_B,17,20.412,62.73,-28.33,14,1
P007,HRTF_B,17,20.426,62.1,-29.13,14,1
P007,HRTF_B,17,20.44,61.54,-29.84,14,1
P007,HRTF_B,17,20.453,61.07,-30.5,14,1
P007,HRTF_B,17,20.468,60.67,-31.08,14,1
P007,HRTF_B,17,20.481,60.35,-31.59,14,1
P007,HRTF_B,17,20.496,60.1,-32.04,14,1
P007,HRTF_B,17,20.509,59.88,-32.46,14,1
P007,HRTF_B,17,20.523,59.7,-32.83,14,1
P007,HRTF_B,17,20.537,59.53,-33.16,14,1
P007,HRTF_B,17,20.551,59.37,-33.48,14,1
P007,HRTF_B,17,20.565,59.22,-33.78,14,1
P007,HRTF_B,17,20.579,59.09,-34.07,14,1
P007,HRTF_B,17,20.592,58.95,-34.39,14,1
P007,HRTF_B,17,20.606,58.83,-34.75,14,1
P007,HRTF_B,17,20.621,58.67,-35.15,14,1
P007,HRTF_B,17,20.634,58.48,-35.58,14,1
P007,HRTF_B,17,20.648,58.25,-36.02,14,1
P007,HRTF_B,17,20.662,58.0,-36.48,14,1
P007,HRTF_B,17,20.676,57.74,-36.99,14,1
P007,HRTF_B,17,20.69,57.46,-37.56,14,1
P007,HRTF_B,17,20.704,57.13,-38.15,14,1
P007,HRTF_B,17,20.718,56.76,-38.73,14,1
P007,HRTF_B,17,20.731,56.36,-39.29,14,1
P007,HRTF_B,17,20.745,55.92,-39.87,14,1
P007,HRTF_B,17,20.759,55.43,-40.51,14,1
P007,HRTF_B,17,20.773,54.92,-41.17,14,1
P007,HRTF_B,17,20.787,54.39,-41.86,14,1
P007,HRTF_B,17,20.801,53.84,-42.58,14,1
P007,HRTF_B,17,20.815,53.31,-43.36,14,1
P007,HRTF_B,17,20.829,52.8,-44.17,14,1
P007,HRTF_B,17,20.843,52.2,-45.0,14,1
P007,HRTF_B,17,20.857,51.67,-45.83,14,1
P007,HRTF_B,17,20.87,51.13,-46.65,14,1
P007,HRTF_B,17,20.884,50.56,-47.5,14,1
P007,HRTF_B,17,20.898,49.97,-48.38,14,1
P007,HRTF_B,17,20.912,49.36,-49.26,14,1
P007,HRTF_B,17,20.926,48.72,-50.04,14,1
P007,HRTF_B,17,20.94,48.09,-50.71,14,1
P007,HRTF_B,17,20.954,47.49,-51.28,14,1
P007,HRTF_B,17,20.968,46.92,-51.75,14,1
P007,HRTF_B,17,20.982,46.44,-52.11,14,1
P007,HRTF_B,17,20.995,45.78,-52.41,14,1
P007,HRTF_B,17,21.009,45.23,-52.58,14,1
P007,HRTF_B,17,21.023,44.8,-52.71,14,1
P007,HRTF_B,17,21.037,44.37,-52.79,14,1
P007,HRTF_B,17,21.051,43.98,-52.88,14,1
P007,HRTF_B,17,21.065,43.6,-53.01,14,1
P007,HRTF_B,17,21.078,43.25,-53.16,14,1
P007,HRTF_B,17,21.093,42.84,-53.35,14,1
P007,HRTF_B,17,21.106,42.44,-53.54,14,1
P007,HRTF_B,17,21.12,42.04,-53.78,14,1
P007,HRTF_B,17,21.134,41.63,-54.01,14,1
P007,HRTF_B,17,21.148,41.18,-54.2,14,1
P007,HRTF_B,17,21.162,40.69,-54.36,14,1
P007,HRTF_B,17,21.176,40.13,-54.52,14,1
P007,HRTF_B,17,21.19,39.54,-54.68,14,1
P007,HRTF_B,17,21.204,38.9,-54.9,14,1
P007,HRTF_B,17,21.217,38.14,-55.11,14,1
P007,HRTF_B,17,21.232,37.28,-55.24,14,1
P007,HRTF_B,17,21.245,36.28,-55.34,14,1
P007,HRTF_B,17,21.259,35.2,-55.43,14,1
P007,HRTF_B,17,21.273,34.06,-55.54,14,1
P007,HRTF_B,17,21.287,32.87,-55.65,14,1
P007,HRTF_B,17,21.301,31.59,-55.74,14,1
P007,HRTF_B,17,21.315,30.24,-55.73,14,1
P007,HRTF_B,17,21.329,28.85,-55.66,14,1
P007,HRTF_B,17,21.342,27.46,-55.52,14,1
P007,HRTF_B,17,21.356,26.02,-55.37,14,1
P007,HRTF_B,17,21.37,24.52,-55.2,14,1
P007,HRTF_B,17,21.384,22.91,-55.01,14,1
P007,HRTF_B,17,21.398,21.23,-54.73,14,1
P007,HRTF_B,17,21.412,19.49,-54.44,14,1
P007,HRTF_B,17,21.426,17.79,-54.15,14,1
P007,HRTF_B,17,21.44,15.95,-53.83,14,1
P007,HRTF_B,17,21.453,14.18,-53.57,14,1
P007,HRTF_B,17,21.468,12.41,-53.26,14,1
P007,HRTF_B,17,21.481,10.68,-52.96,14,1
P007,HRTF_B,17,21.495,8.97,-52.73,14,1
P007,HRTF_B,17,21.509,7.34,-52.59,14,1
P007,HRTF_B,17,21.523,5.75,-52.49,14,1
P007,HRTF_B,17,21.537,4.22,-52.45,14,1
P007,HRTF_B,17,21.551,2.77,-52.44,14,1
P007,HRTF_B,17,21.565,1.45,-52.46,14,1
P007,HRTF_B,17,21.579,0.28,-52.53,14,1
P007,HRTF_B,17,21.592,-0.68,-52.68,14,1
P007,HRTF_B,17,21.606,-1.52,-52.91,14,1
P007,HRTF_B,17,21.62,-2.21,-53.17,14,1
P007,HRTF_B,17,21.634,-2.82,-53.5,14,1
P007,HRTF_B,17,21.648,-3.37,-53.87,14,1
P007,HRTF_B,17,21.662,-3.91,-54.25,14,1
P007,HRTF_B,17,21.676,-4.39,-54.67,14,1
P007,HRTF_B,17,21.69,-4.84,-55.05,14,1
P007,HRTF_B,17,21.704,-5.27,-55.43,14,1
P007,HRTF_B,17,21.718,-5.77,-55.76,14,1
P007,HRTF_B,17,21.731,-6.3,-56.08,14,1
P007,HRTF_B,17,21.745,-6.85,-56.32,14,1
P007,HRTF_B,17,21.759,-7.48,-56.5,14,1
P007,HRTF_B,17,21.773,-8.21,-56.61,14,1
P007,HRTF_B,17,21.787,-9.01,-56.72,14,1
P007,HRTF_B,17,21.801,-9.83,-56.75,14,1
P007,HRTF_B,17,21.815,-10.68,-56.71,14,1
P007,HRTF_B,17,21.828,-11.59,-56.69,14,1
P007,HRTF_B,17,21.842,-12.55,-56.69,14,1
P007,HRTF_B,17,21.856,-13.57,-56.72,14,1
P007,HRTF_B,17,21.87,-14.58,-56.76,14,1
P007,HRTF_B,17,21.884,-15.59,-56.81,14,1
P007,HRTF_B,17,21.898,-16.59,-56.82,14,1
P007,HRTF_B,17,21.912,-17.6,-56.85,14,1
P007,HRTF_B,17,21.926,-18.58,-56.94,14,1
P007,HRTF_B,17,21.94,-19.56,-57.05,14,1
P007,HRTF_B,17,21.954,-20.49,-57.22,14,1
P007,HRTF_B,17,21.968,-21.47,-57.33,14,1
P007,HRTF_B,17,21.981,-22.43,-57.41,14,1
P007,HRTF_B,17,21.995,-23.44,-57.45,14,1
P007,HRTF_B,17,22.009,-24.44,-57.43,14,1
P007,HRTF_B,17,22.023,-25.44,-57.35,14,1
P007,HRTF_B,17,22.037,-26.49,-57.25,14,1
P007,HRTF_B,17,22.051,-27.57,-57.14,14,1
P007,HRTF_B,17,22.065,-28.76,-57.02,14,1
P007,HRTF_B,17,22.079,-30.03,-56.9,14,1
P007,HRTF_B,17,22.093,-31.33,-56.8,14,1
P007,HRTF_B,17,22.106,-32.61,-56.6,14,1
P007,HRTF_B,17,22.12,-33.9,-56.33,14,1
P007,HRTF_B,17,22.134,-35.15,-56.01,14,1
P007,HRTF_B,17,22.148,-36.4,-55.67,14,1
P007,HRTF_B,17,22.162,-37.68,-55.37,14,1
P007,HRTF_B,17,22.176,-38.93,-55.14,14,1
P007,HRTF_B,17,22.19,-40.15,-55.04,14,1
P007,HRTF_B,17,22.203,-41.31,-55.05,14,1
P007,HRTF_B,17,22.217,-42.43,-55.13,14,1
P007,HRTF_B,17,22.231,-43.45,-55.21,14,1
P007,HRTF_B,17,22.245,-44.41,-55.31,14,1
P007,HRTF_B,17,22.259,-45.36,-55.37,14,1
P007,HRTF_B,17,22.273,-46.26,-55.41,14,1
P007,HRTF_B,17,22.287,-47.17,-55.45,14,1
P007,HRTF_B,17,22.301,-48.07,-55.49,14,1
P007,HRTF_B,17,22.315,-49.0,-55.48,14,1
P007,HRTF_B,17,22.328,-49.88,-55.4,14,1
P007,HRTF_B,17,22.342,-50.79,-55.21,14,1
P007,HRTF_B,17,22.357,-51.64,-54.98,14,1
P007,HRTF_B,17,22.37,-52.51,-54.73,14,1
P007,HRTF_B,17,22.384,-53.47,-54.53,14,1
P007,HRTF_B,17,22.398,-54.42,-54.35,14,1
P007,HRTF_B,17,22.412,-55.43,-54.2,14,1
P007,HRTF_B,17,22.426,-56.43,-54.07,14,1
P007,HRTF_B,17,22.44,-57.45,-53.96,14,1
P007,HRTF_B,17,22.453,-58.49,-53.88,14,1
P007,HRTF_B,17,22.467,-59.58,-53.8,14,1
P007,HRTF_B,17,22.481,-60.73,-53.72,14,1
P007,HRTF_B,17,22.495,-61.93,-53.62,14,1
P007,HRTF_B,17,22.509,-63.24,-53.48,14,1
P007,HRTF_B,17,22.523,-64.64,-53.41,14,1
P007,HRTF_B,17,22.537,-66.18,-53.35,14,1
P007,HRTF_B,17,22.551,-67.85,-53.36,14,1
P007,HRTF_B,17,22.565,-69.58,-53.39,14,1
P007,HRTF_B,17,22.579,-71.4,-53.47,14,1
P007,HRTF_B,17,22.592,-73.29,-53.59,14,1
P007,HRTF_B,17,22.606,-75.24,-53.73,14,1
P007,HRTF_B,17,22.62,-77.18,-53.86,14,1
P007,HRTF_B,17,22.634,-79.12,-54.03,14,1
P007,HRTF_B,17,22.648,-80.97,-54.26,14,1
P007,HRTF_B,17,22.662,-82.79,-54.53,14,1
P007,HRTF_B,17,22.676,-84.6,-54.89,14,1
P007,HRTF_B,17,22.69,-86.47,-55.31,14,1
P007,HRTF_B,17,22.703,-88.29,-55.74,14,1
P007,HRTF_B,17,22.717,-90.11,-56.13,14,1
P007,HRTF_B,17,22.731,-91.81,-56.49,14,1
P007,HRTF_B,17,22.746,-93.51,-56.87,14,1
P007,HRTF_B,17,22.759,-95.02,-57.18,14,1
P007,HRTF_B,17,22.773,-96.42,-57.44,14,1
P007,HRTF_B,17,22.787,-97.72,-57.64,14,1
P007,HRTF_B,17,22.801,-98.84,-57.72,14,1
P007,HRTF_B,17,22.814,-99.82,-57.7,14,1
P007,HRTF_B,17,22.829,-100.68,-57.61,14,1
P007,HRTF_B,17,22.842,-101.41,-57.47,14,1
P007,HRTF_B,17,22.856,-102.11,-57.33,14,1
P007,HRTF_B,17,22.871,-102.7,-57.19,14,1
P007,HRTF_B,17,22.884,-103.24,-57.07,14,1
P007,HRTF_B,17,22.898,-103.77,-56.97,14,1
P007,HRTF_B,17,22.912,-104.27,-56.85,14,1
P007,HRTF_B,17,22.926,-104.82,-56.73,14,1
P007,HRTF_B,17,22.94,-105.42,-56.62,14,1
P007,HRTF_B,17,22.953,-106.01,-56.55,14,1
P007,HRTF_B,17,22.968,-106.67,-56.47,14,1
P007,HRTF_B,17,22.981,-107.33,-56.4,14,1
P007,HRTF_B,17,22.995,-108.06,-56.34,14,1
P007,HRTF_B,17,23.009,-108.83,-56.25,14,1
P007,HRTF_B,17,23.023,-109.63,-56.15,14,1
P007,HRTF_B,17,23.037,-110.46,-56.1,14,1
P007,HRTF_B,17,23.051,-111.38,-56.09,14,1
P007,HRTF_B,17,23.065,-112.33,-56.13,14,1
P007,HRTF_B,17,23.079,-113.26,-56.18,14,1
P007,HRTF_B,17,23.092,-114.27,-56.25,14,1
P007,HRTF_B,17,23.106,-115.3,-56.34,14,1
P007,HRTF_B,17,23.12,-116.33,-56.47,14,1
P007,HRTF_B,17,23.134,-117.3,-56.64,14,1
P007,HRTF_B,17,23.148,-118.25,-56.91,14,1
P007,HRTF_B,17,23.162,-119.07,-57.3,14,1
P007,HRTF_B,17,23.175,-119.84,-57.79,14,1
P007,HRTF_B,17,23.19,-120.54,-58.35,14,1
P007,HRTF_B,17,23.203,-121.16,-58.95,14,1
P007,HRTF_B,17,23.217,-121.65,-59.59,14,1
P007,HRTF_B,17,23.231,-121.99,-60.27,14,1
P007,HRTF_B,17,23.245,-122.23,-61.02,14,1
P007,HRTF_B,17,23.259,-122.31,-61.79,14,1
P007,HRTF_B,17,23.273,-122.36,-62.57,14,1
P007,HRTF_B,17,23.287,-122.29,-63.29,14,1
P007,HRTF_B,17,23.301,-122.19,-63.95,14,1
P007,HRTF_B,17,23.315,-121.98,-64.57,14,1
P007,HRTF_B,17,23.328,-121.56,-65.15,14,1
P007,HRTF_B,17,23.342,-120.84,-65.77,14,1
P007,HRTF_B,17,23.356,-119.75,-66.44,14,1
P007,HRTF_B,17,23.37,-118.25,-67.12,14,1
P007,HRTF_B,17,23.384,-116.42,-67.77,14,1
P007,HRTF_B,17,23.398,-114.2,-68.4,14,1
P007,HRTF_B,17,23.412,-111.78,-69.05,14,1
P007,HRTF_B,17,23.425,-109.24,-69.67,14,1
P007,HRTF_B,17,23.439,-106.68,-70.3,14,1
P007,HRTF_B,17,23.453,-104.15,-70.86,14,1
P007,HRTF_B,17,23.468,-101.67,-71.37,14,1
P007,HRTF_B,17,23.481,-99.4,-71.76,14,1
P007,HRTF_B,17,23.495,-97.31,-72.08,14,1
P007,HRTF_B,17,23.509,-95.59,-72.4,14,1
P007,HRTF_B,17,23.523,-94.06,-72.78,14,1
P007,HRTF_B,17,23.537,-92.77,-73.16,14,1
P007,HRTF_B,17,23.551,-91.64,-73.52,14,1
P007,HRTF_B,17,23.564,-90.8,-73.82,14,1
P007,HRTF_B,17,23.578,-89.99,-74.12,14,1
P007,HRTF_B,17,23.592,-89.32,-74.43,14,1
P007,HRTF_B,17,23.606,-88.9,-74.76,14,1
P007,HRTF_B,17,23.62,-88.68,-75.14,14,1
P007,HRTF_B,17,23.634,-88.68,-75.52,14,1
P007,HRTF_B,17,23.648,-88.87,-75.89,14,1
P007,HRTF_B,17,23.662,-89.09,-76.26,14,1
P007,HRTF_B,17,23.675,-89.38,-76.64,14,1
P007,HRTF_B,17,23.689,-89.59,-77.03,14,1
P007,HRTF_B,17,23.703,-89.87,-77.44,14,1
P007,HRTF_B,17,23.717,-90.26,-77.82,14,1
P007,HRTF_B,17,23.731,-90.85,-78.16,14,1
P007,HRTF_B,17,23.745,-91.37,-78.5,14,1
P007,HRTF_B,17,23.759,-91.75,-78.84,14,1
P007,HRTF_B,17,23.773,-92.1,-79.19,14,1
P007,HRTF_B,17,23.787,-92.49,-79.49,14,1
P007,HRTF_B,17,23.801,-92.82,-79.76,14,1
P007,HRTF_B,17,23.815,-93.16,-80.03,14,1
P007,HRTF_B,17,23.828,-93.54,-80.31,14,1
P007,HRTF_B,17,23.842,-93.99,-80.58,14,1
P007,HRTF_B,17,23.856,-94.28,-80.85,14,1
P007,HRTF_B,17,23.87,-94.39,-81.11,14,1
P007,HRTF_B,17,23.884,-94.49,-81.34,14,1
P007,HRTF_B,17,23.898,-94.34,-81.58,14,1
P007,HRTF_B,17,23.912,-94.15,-81.86,14,1
P007,HRTF_B,17,23.925,-93.77,-82.18,14,1
P007,HRTF_B,17,23.939,-93.07,-82.54,14,1
P007,HRTF_B,17,23.953,-92.42,-82.92,14,1
P007,HRTF_B,17,23.967,-91.62,-83.3,14,1
P007,HRTF_B,17,23.981,-90.85,-83.67,14,1
P007,HRTF_B,17,23.995,-89.85,-84.03,14,1
P007,HRTF_B,17,24.009,-88.84,-84.41,14,1
P007,HRTF_B,17,24.023,-88.07,-84.76,14,1
P007,HRTF_B,17,24.037,-86.92,-85.14,14,1
P007,HRTF_B,17,24.051,-85.28,-85.53,14,1
P007,HRTF_B,17,24.065,-83.25,-85.91,14,1
P007,HRTF_B,17,24.079,-81.47,-86.25,14,1
P007,HRTF_B,17,24.092,-78.59,-86.56,14,1
P007,HRTF_B,17,24.107,-74.96,-86.85,14,1
P007,HRTF_B,17,24.121,-70.56,-87.12,14,1
P007,HRTF_B,17,24.135,-64.69,-87.36,14,1
P007,HRTF_B,17,24.149,-57.63,-87.53,14,1
P007,HRTF_B,17,24.162,-49.05,-87.65,14,1
P007,HRTF_B,17,24.177,-40.15,-87.7,14,1
P007,HRTF_B,17,24.191,-32.29,-87.69,14,1
P007,HRTF_B,17,24.205,-25.1,-87.64,14,1
P007,HRTF_B,17,24.218,-19.0,-87.57,14,1
P007,HRTF_B,17,24.231,-12.88,-87.46,14,1
P007,HRTF_B,17,24.246,-6.74,-87.27,14,1
P007,HRTF_B,17,24.262,-3.18,-87.13,14,1
P007,HRTF_B,17,24.276,-0.44,-86.94,14,1
P007,HRTF_B,17,24.29,1.65,-86.77,14,1
P007,HRTF_B,17,24.304,2.71,-86.65,14,1
P007,HRTF_B,17,24.318,3.39,-86.52,14,1
P007,HRTF_B,17,24.331,4.0,-86.42,14,1
P007,HRTF_B,17,24.345,4.04,-86.35,14,1
P007,HRTF_B,17,24.359,4.2,-86.3,14,1
P007,HRTF_B,17,24.373,3.7,-86.35,14,1
P007,HRTF_B,17,24.387,3.71,-86.39,14,1
P007,HRTF_B,17,24.402,3.06,-86.57,14,1
P007,HRTF_B,17,24.415,1.86,-86.78,14,1
P007,HRTF_B,17,24.429,1.46,-86.87,14,1
P007,HRTF_B,17,24.454,-1.84,-87.13,14,1
P007,HRTF_B,17,24.468,-4.82,-87.35,14,1
P007,HRTF_B,17,24.482,-9.53,-87.61,14,1
P007,HRTF_B,17,24.497,-16.89,-87.88,14,1
P007,HRTF_B,17,24.511,-25.47,-88.07,14,1
P007,HRTF_B,17,24.526,-33.58,-88.23,14,1
P007,HRTF_B,17,24.539,-44.82,-88.34,14,1
P007,HRTF_B,17,24.554,-59.6,-88.37,14,1
P007,HRTF_B,17,24.567,-81.04,-88.26,14,1
P007,HRTF_B,17,24.581,-96.98,-88.01,14,1
P007,HRTF_B,17,24.595,-110.46,-87.62,14,1
P007,HRTF_B,17,24.608,-120.39,-86.97,14,1
P007,HRTF_B,17,24.622,-127.69,-86.03,14,1
P007,HRTF_B,17,24.636,-131.98,-84.92,14,1
P007,HRTF_B,17,24.65,-134.9,-83.65,14,1
P007,HRTF_B,17,24.664,-136.98,-82.26,14,1
P007,HRTF_B,17,24.678,-138.4,-80.79,14,1
P007,HRTF_B,17,24.692,-139.56,-79.17,14,1
P007,HRTF_B,17,24.712,-140.89,-75.8,14,1
P007,HRTF_B,17,24.726,-141.4,-73.89,14,1
P007,HRTF_B,17,24.74,-141.8,-72.04,14,1
P007,HRTF_B,17,24.754,-142.42,-70.11,14,1
P007,HRTF_B,17,24.769,-142.91,-68.11,14,1
P007,HRTF_B,17,24.783,-143.44,-66.01,14,1
P007,HRTF_B,17,24.797,-143.86,-63.87,14,1
P007,HRTF_B,17,24.811,-144.29,-61.76,14,1
P007,HRTF_B,17,24.825,-144.69,-59.75,14,1
P007,HRTF_B,17,24.839,-145.23,-57.72,14,1
P007,HRTF_B,17,24.853,-145.8,-55.69,14,1
P007,HRTF_B,17,24.868,-146.45,-53.6,14,1
P007,HRTF_B,17,24.882,-147.15,-51.49,14,1
P007,HRTF_B,17,24.896,-147.83,-49.56,14,1
P007,HRTF_B,17,24.91,-148.54,-47.75,14,1
P007,HRTF_B,17,24.924,-149.22,-46.14,14,1
P007,HRTF_B,17,24.94,-149.89,-44.62,14,1
P007,HRTF_B,17,24.954,-150.5,-43.11,14,1
P007,HRTF_B,17,24.967,-151.11,-41.58,14,1
P007,HRTF_B,17,24.981,-151.72,-40.05,14,1
P007,HRTF_B,17,24.996,-152.3,-38.53,14,1
P007,HRTF_B,17,25.009,-152.92,-37.09,14,1
P007,HRTF_B,17,25.023,-153.56,-35.69,14,1
P007,HRTF_B,17,25.037,-154.27,-34.33,14,1
P007,HRTF_B,17,25.051,-154.99,-33.04,14,1
P007,HRTF_B,17,25.065,-155.66,-31.73,14,1
P007,HRTF_B,17,25.079,-156.3,-30.49,14,1
P007,HRTF_B,17,25.094,-156.87,-29.33,14,1
P007,HRTF_B,17,25.107,-157.35,-28.25,14,1
P007,HRTF_B,17,25.122,-157.83,-27.28,14,1
P007,HRTF_B,17,25.135,-158.28,-26.39,14,1
P007,HRTF_B,17,25.149,-158.69,-25.53,14,1
P007,HRTF_B,17,25.165,-159.42,-23.92,14,1
P007,HRTF_B,17,25.179,-159.66,-23.3,14,1
P007,HRTF_B,17,25.193,-159.85,-22.82,14,1
P007,HRTF_B,17,25.207,-159.98,-22.42,14,1
P007,HRTF_B,17,25.221,-160.11,-22.15,14,1
P007,HRTF_B,17,25.235,-160.22,-21.85,14,1
P007,HRTF_B,17,25.249,-160.33,-21.52,14,1
P007,HRTF_B,17,25.262,-160.44,-21.19,14,1
P007,HRTF_B,17,25.276,-160.5,-20.86,14,1
P007,HRTF_B,17,25.289,-160.47,-20.57,14,1
P007,HRTF_B,17,25.303,-160.36,-20.26,14,1
P007,HRTF_B,17,25.317,-160.25,-19.94,14,1
P007,HRTF_B,17,25.331,-160.1,-19.49,14,1
P007,HRTF_B,17,25.356,-159.87,-18.69,14,1
P007,HRTF_B,17,25.369,-159.66,-17.89,14,1
P007,HRTF_B,17,25.383,-159.41,-16.95,14,1
P007,HRTF_B,17,25.397,-159.11,-15.93,14,1
P007,HRTF_B,17,25.411,-158.81,-14.82,14,1
P007,HRTF_B,17,25.425,-158.47,-13.59,14,1
P007,HRTF_B,17,25.439,-158.16,-12.26,14,1
P007,HRTF_B,17,25.453,-157.83,-10.88,14,1
P007,HRTF_B,17,25.467,-157.5,-9.63,14,1
P007,HRTF_B,17,25.48,-157.15,-8.42,14,1
P007,HRTF_B,17,25.495,-156.77,-7.24,14,1
P007,HRTF_B,17,25.508,-156.31,-5.96,14,1
P007,HRTF_B,17,25.522,-155.81,-4.59,14,1
P007,HRTF_B,17,25.536,-155.25,-3.13,14,1
P007,HRTF_B,17,25.55,-154.66,-1.76,14,1
P007,HRTF_B,17,25.564,-154.03,-0.41,14,1
P007,HRTF_B,17,25.578,-153.32,0.98,14,1
P007,HRTF_B,17,25.591,-152.57,2.53,14,1
P007,HRTF_B,17,25.606,-151.81,4.21,14,1
P007,HRTF_B,17,25.619,-151.09,5.87,14,1
P007,HRTF_B,17,25.633,-150.41,7.37,14,1
P007,HRTF_B,17,25.647,-149.75,8.76,14,1
P007,HRTF_B,17,25.661,-149.1,10.07,14,1
P007,HRTF_B,17,25.675,-148.46,11.44,14,1
P007,HRTF_B,17,25.689,-147.85,12.99,14,1
P007,HRTF_B,17,25.703,-147.27,14.62,14,1
P007,HRTF_B,17,25.716,-146.75,16.25,14,1
P007,HRTF_B,17,25.73,-146.25,17.77,14,1
P007,HRTF_B,17,25.744,-145.75,19.19,14,1
P007,HRTF_B,17,25.758,-145.22,20.56,14,1
P007,HRTF_B,17,25.772,-144.72,21.89,14,1
P007,HRTF_B,17,25.786,-144.28,23.2,14,1
P007,HRTF_B,17,25.8,-143.88,24.5,14,1
P007,HRTF_B,17,25.814,-143.57,25.72,14,1
P007,HRTF_B,17,25.828,-143.3,26.71,14,1
P007,HRTF_B,17,25.841,-143.08,27.53,14,1
P007,HRTF_B,17,25.855,-142.93,28.29,14,1
P007,HRTF_B,17,25.869,-142.77,28.97,14,1
P007,HRTF_B,17,25.883,-142.72,29.72,14,1
P007,HRTF_B,17,25.897,-142.72,30.51,14,1
P007,HRTF_B,17,25.911,-142.81,31.27,14,1
P007,HRTF_B,17,25.925,-142.96,31.93,14,1
P007,HRTF_B,17,25.938,-143.23,32.56,14,1
P007,HRTF_B,17,25.952,-143.4,33.1,14,1
P007,HRTF_B,17,25.966,-143.69,33.6,14,1
P007,HRTF_B,17,25.98,-144.06,34.18,14,1
P007,HRTF_B,17,25.994,-144.53,34.7,14,1
P007,HRTF_B,17,26.008,-145.13,35.16,14,1
P007,HRTF_B,17,26.022,-145.88,35.6,14,1
P007,HRTF_B,17,26.036,-146.72,35.93,14,1
P007,HRTF_B,17,26.05,-147.72,36.14,14,1
P007,HRTF_B,17,26.064,-148.93,36.33,14,1
P007,HRTF_B,17,26.077,-150.25,36.31,14,1
P007,HRTF_B,17,26.091,-151.84,36.34,14,1
P007,HRTF_B,17,26.105,-153.62,36.27,14,1
P007,HRTF_B,17,26.119,-155.67,36.14,14,1
P007,HRTF_B,17,26.133,-157.72,35.9,14,1
P007,HRTF_B,17,26.147,-159.88,35.66,14,1
P007,HRTF_B,17,26.161,-162.1,35.46,14,1
P007,HRTF_B,17,26.175,-164.29,35.25,14,1
P007,HRTF_B,17,26.189,-166.46,35.09,14,1
P007,HRTF_B,17,26.202,-168.56,34.93,14,1
P007,HRTF_B,17,26.216,-170.6,34.72,14,1
P007,HRTF_B,17,26.23,-172.5,34.44,14,1
P007,HRTF_B,17,26.244,-174.28,34.09,14,1
P007,HRTF_B,17,26.258,-175.94,33.7,14,1
P007,HRTF_B,17,26.272,-177.51,33.35,14,1
P007,HRTF_B,17,26.286,-178.97,33.02,14,1
P007,HRTF_B,17,26.3,179.69,32.77,14,1
P007,HRTF_B,17,26.313,178.41,32.61,14,1
P007,HRTF_B,17,26.328,177.22,32.46,14,1
P007,HRTF_B,17,26.341,176.09,32.26,14,1
P007,HRTF_B,17,26.355,175.01,32.04,14,1
P007,HRTF_B,17,26.37,173.98,31.82,14,1
P007,HRTF_B,17,26.383,173.02,31.69,14,1
P007,HRTF_B,17,26.397,172.1,31.64,14,1
P007,HRTF_B,17,26.411,171.2,31.57,14,1
P007,HRTF_B,17,26.425,170.29,31.46,14,1
P007,HRTF_B,17,26.438,169.38,31.28,14,1
P007,HRTF_B,17,26.452,168.51,31.08,14,1
P007,HRTF_B,17,26.466,167.72,30.89,14,1
P007,HRTF_B,17,26.48,167.01,30.74,14,1
P007,HRTF_B,17,26.494,166.29,30.62,14,1
P007,HRTF_B,17,26.508,165.66,30.5,14,1
P007,HRTF_B,17,26.522,165.04,30.35,14,1
P007,HRTF_B,17,26.536,164.46,30.25,14,1
P007,HRTF_B,17,26.55,163.93,30.19,14,1
P007,HRTF_B,17,26.563,163.39,30.15,14,1
P007,HRTF_B,17,26.578,163.01,30.15,14,1
P007,HRTF_B,17,26.592,162.67,29.98,14,1
P007,HRTF_B,17,26.605,162.35,29.73,14,1
P007,HRTF_B,17,26.619,162.15,29.37,14,1
P007,HRTF_B,17,26.633,162.03,28.92,14,1
P007,HRTF_B,17,26.647,161.91,28.49,14,1
P007,HRTF_B,17,26.661,161.81,28.08,14,1
P007,HRTF_B,17,26.675,161.67,27.73,14,1
P007,HRTF_B,17,26.689,161.55,27.44,14,1
P007,HRTF_B,17,26.703,161.42,27.16,14,1
P007,HRTF_B,17,26.716,161.3,26.9,14,1
P007,HRTF_B,17,26.73,161.14,26.63,14,1
P007,HRTF_B,17,26.744,160.92,26.39,14,1
P007,HRTF_B,17,26.758,160.64,26.2,14,1
P007,HRTF_B,17,26.772,160.28,25.98,14,1
P007,HRTF_B,17,26.786,159.84,25.72,14,1
P007,HRTF_B,17,26.8,159.33,25.4,14,1
P007,HRTF_B,17,26.814,158.78,25.08,14,1
P007,HRTF_B,17,26.827,158.17,24.8,14,1
P007,HRTF_B,17,26.842,157.55,24.57,14,1
P007,HRTF_B,17,26.855,156.88,24.38,14,1
P007,HRTF_B,17,26.869,156.18,24.15,14,1
P007,HRTF_B,17,26.883,155.41,23.89,14,1
P007,HRTF_B,17,26.897,154.61,23.57,14,1
P007,HRTF_B,17,26.911,153.79,23.26,14,1
P007,HRTF_B,17,26.925,152.96,22.95,14,1
P007,HRTF_B,17,26.938,152.14,22.68,14,1
P007,HRTF_B,17,26.953,151.29,22.36,14,1
P007,HRTF_B,17,26.966,150.41,22.03,14,1
P007,HRTF_B,17,26.98,149.5,21.72,14,1
P007,HRTF_B,17,26.994,148.58,21.43,14,1
P007,HRTF_B,17,27.008,147.65,21.17,14,1
P007,HRTF_B,17,27.022,146.68,20.92,14,1
P007,HRTF_B,17,27.036,145.64,20.69,14,1
P007,HRTF_B,17,27.05,144.54,20.47,14,1
P007,HRTF_B,17,27.064,143.43,20.23,14,1
P007,HRTF_B,17,27.078,142.28,19.99,14,1
P007,HRTF_B,17,27.091,141.14,19.75,14,1
P007,HRTF_B,17,27.106,139.95,19.54,14,1
P007,HRTF_B,17,27.12,138.7,19.34,14,1
P007,HRTF_B,17,27.133,137.42,19.17,14,1
P007,HRTF_B,17,27.147,136.15,19.02,14,1
P007,HRTF_B,18,0.013,-11.21,0.86,5,1
P007,HRTF_B,18,0.023,-11.2,0.9,5,1
P007,HRTF_B,18,0.046,-11.29,0.95,5,1
P007,HRTF_B,18,0.06,-11.39,0.93,5,1
P007,HRTF_B,18,0.075,-11.47,0.92,5,1
P007,HRTF_B,18,0.086,-11.63,0.91,5,1
P007,HRTF_B,18,0.097,-11.8,0.9,5,1
P007,HRTF_B,18,0.115,-12.22,0.94,5,1
P007,HRTF_B,18,0.129,-12.72,0.94,5,1
P007,HRTF_B,18,0.143,-13.38,0.9,5,1
P007,HRTF_B,18,0.157,-14.1,0.82,5,1
P007,HRTF_B,18,0.171,-14.88,0.77,5,1
P007,HRTF_B,18,0.185,-15.74,0.74,5,1
P007,HRTF_B,18,0.198,-16.71,0.66,5,1
P007,HRTF_B,18,0.212,-17.81,0.54,5,1
P007,HRTF_B,18,0.227,-19.05,0.42,5,1
P007,HRTF_B,18,0.24,-20.38,0.3,5,1
P007,HRTF_B,18,0.254,-21.71,0.21,5,1
P007,HRTF_B,18,0.268,-23.04,0.09,5,1
P007,HRTF_B,18,0.282,-24.42,0.03,5,1
P007,HRTF_B,18,0.296,-25.87,0.01,5,1
P007,HRTF_B,18,0.31,-27.29,-0.03,5,1
P007,HRTF_B,18,0.323,-28.65,-0.1,5,1
P007,HRTF_B,18,0.338,-29.89,-0.26,5,1
P007,HRTF_B,18,0.351,-30.99,-0.45,5,1
P007,HRTF_B,18,0.365,-32.0,-0.64,5,1
P007,HRTF_B,18,0.379,-32.97,-0.8,5,1
P007,HRTF_B,18,0.393,-33.91,-0.91,5,1
P007,HRTF_B,18,0.407,-34.79,-1.05,5,1
P007,HRTF_B,18,0.421,-35.53,-1.17,5,1
P007,HRTF_B,18,0.435,-36.15,-1.27,5,1
P007,HRTF_B,18,0.449,-36.68,-1.35,5,1
P007,HRTF_B,18,0.463,-37.1,-1.39,5,1
P007,HRTF_B,18,0.477,-37.45,-1.47,5,1
P007,HRTF_B,18,0.49,-37.7,-1.58,5,1
P007,HRTF_B,18,0.504,-37.84,-1.69,5,1
P007,HRTF_B,18,0.518,-37.92,-1.83,5,1
P007,HRTF_B,18,0.532,-37.95,-1.95,5,1
P007,HRTF_B,18,0.546,-37.94,-2.05,5,1
P007,HRTF_B,18,0.56,-37.94,-2.15,5,1
P007,HRTF_B,18,0.574,-37.9,-2.25,5,1
P007,HRTF_B,18,0.588,-37.82,-2.39,5,1
P007,HRTF_B,18,0.601,-37.78,-2.47,5,1
P007,HRTF_B,18,0.615,-37.71,-2.61,5,1
P007,HRTF_B,18,0.629,-37.65,-2.81,5,1
P007,HRTF_B,18,0.643,-37.64,-3.03,5,1
P007,HRTF_B,18,0.657,-37.7,-3.28,5,1
P007,HRTF_B,18,0.671,-37.86,-3.49,5,1
P007,HRTF_B,18,0.685,-38.09,-3.68,5,1
P007,HRTF_B,18,0.699,-38.4,-3.9,5,1
P007,HRTF_B,18,0.713,-38.75,-4.18,5,1
P007,HRTF_B,18,0.727,-39.19,-4.49,5,1
P007,HRTF_B,18,0.741,-39.7,-4.82,5,1
P007,HRTF_B,18,0.755,-40.29,-5.14,5,1
P007,HRTF_B,18,0.768,-40.96,-5.41,5,1
P007,HRTF_B,18,0.782,-41.65,-5.76,5,1
P007,HRTF_B,18,0.796,-42.42,-6.2,5,1
P007,HRTF_B,18,0.81,-43.24,-6.71,5,1
P007,HRTF_B,18,0.824,-44.12,-7.16,5,1
P007,HRTF_B,18,0.838,-45.01,-7.56,5,1
P007,HRTF_B,18,0.852,-45.92,-7.94,5,1
P007,HRTF_B,18,0.866,-46.82,-8.37,5,1
P007,HRTF_B,18,0.88,-47.73,-8.88,5,1
P007,HRTF_B,18,0.893,-48.62,-9.42,5,1
P007,HRTF_B,18,0.907,-49.47,-9.96,5,1
P007,HRTF_B,18,0.921,-50.3,-10.49,5,1
P007,HRTF_B,18,0.935,-51.1,-10.98,5,1
P007,HRTF_B,18,0.949,-51.89,-11.44,5,1
P007,HRTF_B,18,0.963,-52.69,-11.89,5,1
P007,HRTF_B,18,0.977,-53.46,-12.32,5,1
P007,HRTF_B,18,0.991,-54.18,-12.74,5,1
P007,HRTF_B,18,1.005,-54.87,-13.21,5,1
P007,HRTF_B,18,1.018,-55.54,-13.67,5,1
P007,HRTF_B,18,1.032,-56.27,-14.06,5,1
P007,HRTF_B,18,1.046,-57.11,-14.41,5,1
P007,HRTF_B,18,1.06,-57.97,-14.72,5,1
P007,HRTF_B,18,1.074,-58.88,-15.02,5,1
P007,HRTF_B,18,1.088,-59.79,-15.32,5,1
P007,HRTF_B,18,1.102,-60.72,-15.63,5,1
P007,HRTF_B,18,1.115,-61.71,-15.92,5,1
P007,HRTF_B,18,1.13,-62.73,-16.16,5,1
P007,HRTF_B,18,1.144,-63.82,-16.35,5,1
P007,HRTF_B,18,1.157,-64.96,-16.57,5,1
P007,HRTF_B,18,1.171,-66.11,-16.79,5,1
P007,HRTF_B,18,1.185,-67.25,-17.04,5,1
P007,HRTF_B,18,1.199,-68.46,-17.22,5,1
P007,HRTF_B,18,1.213,-69.69,-17.33,5,1
P007,HRTF_B,18,1.227,-70.94,-17.38,5,1
P007,HRTF_B,18,1.241,-72.2,-17.42,5,1
P007,HRTF_B,18,1.255,-73.46,-17.49,5,1
P007,HRTF_B,18,1.269,-74.75,-17.63,5,1
P007,HRTF_B,18,1.283,-76.05,-17.77,5,1
P007,HRTF_B,18,1.296,-77.39,-17.88,5,1
P007,HRTF_B,18,1.31,-78.75,-17.94,5,1
P007,HRTF_B,18,1.324,-80.12,-17.96,5,1
P007,HRTF_B,18,1.338,-81.5,-17.99,5,1
P007,HRTF_B,18,1.352,-82.87,-18.08,5,1
P007,HRTF_B,18,1.366,-84.23,-18.21,5,1
P007,HRTF_B,18,1.38,-85.59,-18.38,5,1
P007,HRTF_B,18,1.394,-86.97,-18.55,5,1
P007,HRTF_B,18,1.407,-88.32,-18.76,5,1
P007,HRTF_B,18,1.421,-89.66,-19.0,5,1
P007,HRTF_B,18,1.435,-90.96,-19.29,5,1
P007,HRTF_B,18,1.449,-92.22,-19.59,5,1
P007,HRTF_B,18,1.463,-93.47,-19.83,5,1
P007,HRTF_B,18,1.477,-94.68,-20.0,5,1
P007,HRTF_B,18,1.491,-95.89,-20.11,5,1
P007,HRTF_B,18,1.505,-97.05,-20.21,5,1
P007,HRTF_B,18,1.519,-98.14,-20.43,5,1
P007,HRTF_B,18,1.532,-99.28,-20.62,5,1
P007,HRTF_B,18,1.546,-100.4,-20.82,5,1
P007,HRTF_B,18,1.56,-101.49,-20.97,5,1
P007,HRTF_B,18,1.574,-102.56,-21.03,5,1
P007,HRTF_B,18,1.588,-103.6,-21.03,5,1
P007,HRTF_B,18,1.602,-104.6,-20.95,5,1
P007,HRTF_B,18,1.616,-105.6,-20.87,5,1
P007,HRTF_B,18,1.63,-106.56,-20.8,5,1
P007,HRTF_B,18,1.644,-107.51,-20.69,5,1
P007,HRTF_B,18,1.657,-108.4,-20.49,5,1
P007,HRTF_B,18,1.672,-109.29,-20.24,5,1
P007,HRTF_B,18,1.685,-110.26,-19.96,5,1
P007,HRTF_B,18,1.699,-111.25,-19.64,5,1
P007,HRTF_B,18,1.713,-112.26,-19.28,5,1
P007,HRTF_B,18,1.727,-113.29,-18.86,5,1
P007,HRTF_B,18,1.741,-114.33,-18.47,5,1
P007,HRTF_B,18,1.755,-115.41,-18.12,5,1
P007,HRTF_B,18,1.768,-116.53,-17.83,5,1
P007,HRTF_B,18,1.782,-117.7,-17.58,5,1
P007,HRTF_B,18,1.796,-118.88,-17.3,5,1
P007,HRTF_B,18,1.81,-120.05,-16.98,5,1
P007,HRTF_B,18,1.824,-121.2,-16.63,5,1
P007,HRTF_B,18,1.838,-122.35,-16.28,5,1
P007,HRTF_B,18,1.852,-123.52,-15.95,5,1
P007,HRTF_B,18,1.866,-124.7,-15.66,5,1
P007,HRTF_B,18,1.88,-125.88,-15.4,5,1
P007,HRTF_B,18,1.894,-127.04,-15.14,5,1
P007,HRTF_B,18,1.907,-128.19,-14.86,5,1
P007,HRTF_B,18,1.921,-129.31,-14.57,5,1
P007,HRTF_B,18,1.935,-130.45,-14.31,5,1
P007,HRTF_B,18,1.949,-131.59,-14.12,5,1
P007,HRTF_B,18,1.963,-132.74,-14.02,5,1
P007,HRTF_B,18,1.977,-133.84,-14.05,5,1
P007,HRTF_B,18,1.991,-134.89,-14.13,5,1
P007,HRTF_B,18,2.005,-135.86,-14.29,5,1
P007,HRTF_B,18,2.018,-136.81,-14.52,5,1
P007,HRTF_B,18,2.032,-137.76,-14.8,5,1
P007,HRTF_B,18,2.046,-138.71,-15.07,5,1
P007,HRTF_B,18,2.06,-139.63,-15.32,5,1
P007,HRTF_B,18,2.074,-140.5,-15.51,5,1
P007,HRTF_B,18,2.088,-141.31,-15.69,5,1
P007,HRTF_B,18,2.102,-142.08,-15.88,5,1
P007,HRTF_B,18,2.116,-142.87,-16.06,5,1
P007,HRTF_B,18,2.13,-143.67,-16.22,5,1
P007,HRTF_B,18,2.144,-144.5,-16.35,5,1
P007,HRTF_B,18,2.158,-145.3,-16.4,5,1
P007,HRTF_B,18,2.172,-146.07,-16.44,5,1
P007,HRTF_B,18,2.185,-146.82,-16.49,5,1
P007,HRTF_B,18,2.199,-147.58,-16.58,5,1
P007,HRTF_B,18,2.213,-148.36,-16.69,5,1
P007,HRTF_B,18,2.227,-149.14,-16.78,5,1
P007,HRTF_B,18,2.241,-149.88,-16.82,5,1
P007,HRTF_B,18,2.255,-150.61,-16.87,5,1
P007,HRTF_B,18,2.269,-151.28,-16.9,5,1
P007,HRTF_B,18,2.282,-151.9,-16.93,5,1
P007,HRTF_B,18,2.296,-152.52,-16.98,5,1
P007,HRTF_B,18,2.31,-153.15,-16.99,5,1
P007,HRTF_B,18,2.324,-153.75,-16.98,5,1
P007,HRTF_B,18,2.338,-154.33,-17.01,5,1
P007,HRTF_B,18,2.352,-154.93,-17.05,5,1
P007,HRTF_B,18,2.366,-155.47,-17.08,5,1
P007,HRTF_B,18,2.38,-156.03,-17.12,5,1
P007,HRTF_B,18,2.393,-156.52,-17.17,5,1
P007,HRTF_B,18,2.407,-156.96,-17.3,5,1
P007,HRTF_B,18,2.421,-157.38,-17.52,5,1
P007,HRTF_B,18,2.435,-157.76,-17.77,5,1
P007,HRTF_B,18,2.449,-158.15,-18.08,5,1
P007,HRTF_B,18,2.463,-158.5,-18.44,5,1
P007,HRTF_B,18,2.477,-158.76,-18.92,5,1
P007,HRTF_B,18,2.491,-158.96,-19.54,5,1
P007,HRTF_B,18,2.504,-159.08,-20.29,5,1
P007,HRTF_B,18,2.519,-159.13,-21.12,5,1
P007,HRTF_B,18,2.532,-159.18,-21.96,5,1
P007,HRTF_B,18,2.546,-159.16,-22.83,5,1
P007,HRTF_B,18,2.56,-159.07,-23.8,5,1
P007,HRTF_B,18,2.574,-158.86,-24.9,5,1
P007,HRTF_B,18,2.588,-158.48,-26.12,5,1
P007,HRTF_B,18,2.602,-158.03,-27.36,5,1
P007,HRTF_B,18,2.616,-157.57,-28.57,5,1
P007,HRTF_B,18,2.629,-157.11,-29.67,5,1
P007,HRTF_B,18,2.644,-156.62,-30.76,5,1
P007,HRTF_B,18,2.657,-156.05,-31.96,5,1
P007,HRTF_B,18,2.671,-155.4,-33.26,5,1
P007,HRTF_B,18,2.685,-154.73,-34.59,5,1
P007,HRTF_B,18,2.699,-154.08,-35.86,5,1
P007,HRTF_B,18,2.713,-153.45,-37.1,5,1
P007,HRTF_B,18,2.727,-152.82,-38.32,5,1
P007,HRTF_B,18,2.741,-152.23,-39.53,5,1
P007,HRTF_B,18,2.754,-151.62,-40.71,5,1
P007,HRTF_B,18,2.768,-151.1,-41.81,5,1
P007,HRTF_B,18,2.783,-150.63,-42.87,5,1
P007,HRTF_B,18,2.796,-150.23,-43.88,5,1
P007,HRTF_B,18,2.81,-149.91,-44.84,5,1
P007,HRTF_B,18,2.824,-149.65,-45.7,5,1
P007,HRTF_B,18,2.838,-149.44,-46.5,5,1
P007,HRTF_B,18,2.852,-149.26,-47.22,5,1
P007,HRTF_B,18,2.866,-149.07,-47.88,5,1
P007,HRTF_B,18,2.88,-148.87,-48.46,5,1
P007,HRTF_B,18,2.894,-148.72,-48.95,5,1
P007,HRTF_B,18,2.908,-148.61,-49.41,5,1
P007,HRTF_B,18,2.921,-148.47,-49.84,5,1
P007,HRTF_B,18,2.935,-148.3,-50.23,5,1
P007,HRTF_B,18,2.949,-148.09,-50.56,5,1
P007,HRTF_B,18,2.963,-147.84,-50.83,5,1
P007,HRTF_B,18,2.977,-147.58,-51.1,5,1
P007,HRTF_B,18,2.991,-147.37,-51.26,5,1
P007,HRTF_B,18,3.004,-147.12,-51.45,5,1
P007,HRTF_B,18,3.019,-146.98,-51.71,5,1
P007,HRTF_B,18,3.032,-146.83,-51.97,5,1
P007,HRTF_B,18,3.046,-146.66,-52.23,5,1
P007,HRTF_B,18,3.06,-146.51,-52.49,5,1
P007,HRTF_B,18,3.074,-146.37,-52.77,5,1
P007,HRTF_B,18,3.088,-146.21,-53.09,5,1
P007,HRTF_B,18,3.102,-146.07,-53.41,5,1
P007,HRTF_B,18,3.116,-146.04,-53.69,5,1
P007,HRTF_B,18,3.129,-146.03,-53.96,5,1
P007,HRTF_B,18,3.143,-146.12,-54.21,5,1
P007,HRTF_B,18,3.157,-146.23,-54.46,5,1
P007,HRTF_B,18,3.171,-146.39,-54.74,5,1
P007,HRTF_B,18,3.185,-146.57,-55.09,5,1
P007,HRTF_B,18,3.199,-146.88,-55.38,5,1
P007,HRTF_B,18,3.213,-147.24,-55.59,5,1
P007,HRTF_B,18,3.227,-147.66,-55.75,5,1
P007,HRTF_B,18,3.241,-148.12,-55.81,5,1
P007,HRTF_B,18,3.255,-148.7,-55.79,5,1
P007,HRTF_B,18,3.268,-149.31,-55.63,5,1
P007,HRTF_B,18,3.282,-150.02,-55.29,5,1
P007,HRTF_B,18,3.297,-150.75,-54.75,5,1
P007,HRTF_B,18,3.31,-151.48,-54.1,5,1
P007,HRTF_B,18,3.324,-152.31,-53.29,5,1
P007,HRTF_B,18,3.338,-153.15,-52.2,5,1
P007,HRTF_B,18,3.352,-153.84,-50.8,5,1
P007,HRTF_B,18,3.366,-154.42,-49.08,5,1
P007,HRTF_B,18,3.38,-155.19,-47.05,5,1
P007,HRTF_B,18,3.394,-155.74,-44.75,5,1
P007,HRTF_B,18,3.408,-156.16,-42.13,5,1
P007,HRTF_B,18,3.421,-156.56,-39.27,5,1
P007,HRTF_B,18,3.435,-156.93,-36.3,5,1
P007,HRTF_B,18,3.449,-157.25,-33.41,5,1
P007,HRTF_B,18,3.463,-157.54,-30.59,5,1
P007,HRTF_B,18,3.477,-157.89,-27.78,5,1
P007,HRTF_B,18,3.491,-158.15,-25.23,5,1
P007,HRTF_B,18,3.505,-158.4,-22.85,5,1
P007,HRTF_B,18,3.518,-158.63,-20.59,5,1
P007,HRTF_B,18,3.532,-158.82,-18.47,5,1
P007,HRTF_B,18,3.546,-158.91,-16.39,5,1
P007,HRTF_B,18,3.56,-159.04,-14.27,5,1
P007,HRTF_B,18,3.574,-159.13,-12.23,5,1
P007,HRTF_B,18,3.588,-159.28,-10.26,5,1
P007,HRTF_B,18,3.605,-159.39,-8.41,5,1
P007,HRTF_B,18,3.618,-159.48,-6.73,5,1
P007,HRTF_B,18,3.63,-159.61,-5.02,5,1
P007,HRTF_B,18,3.643,-159.71,-3.44,5,1
P007,HRTF_B,18,3.657,-159.75,-1.87,5,1
P007,HRTF_B,18,3.671,-159.79,-0.3,5,1
P007,HRTF_B,18,3.685,-159.84,1.27,5,1
P007,HRTF_B,18,3.699,-159.78,2.78,5,1
P007,HRTF_B,18,3.713,-159.75,4.26,5,1
P007,HRTF_B,18,3.726,-159.76,5.7,5,1
P007,HRTF_B,18,3.74,-159.74,7.06,5,1
P007,HRTF_B,18,3.754,-159.74,8.29,5,1
P007,HRTF_B,18,3.768,-159.76,9.39,5,1
P007,HRTF_B,18,3.782,-159.83,10.35,5,1
P007,HRTF_B,18,3.796,-159.91,11.21,5,1
P007,HRTF_B,18,3.81,-160.0,11.97,5,1
P007,HRTF_B,18,3.824,-160.08,12.63,5,1
P007,HRTF_B,18,3.837,-160.15,13.23,5,1
P007,HRTF_B,18,3.852,-160.21,13.85,5,1
P007,HRTF_B,18,3.865,-160.37,14.47,5,1
P007,HRTF_B,18,3.879,-160.49,15.02,5,1
P007,HRTF_B,18,3.893,-160.7,15.57,5,1
P007,HRTF_B,18,3.907,-160.88,16.01,5,1
P007,HRTF_B,18,3.921,-161.02,16.47,5,1
P007,HRTF_B,18,3.935,-161.13,16.89,5,1
P007,HRTF_B,18,3.949,-161.23,17.26,5,1
P007,HRTF_B,18,3.963,-161.4,17.61,5,1
P007,HRTF_B,18,3.976,-161.59,17.92,5,1
P007,HRTF_B,18,3.99,-161.86,18.15,5,1
P007,HRTF_B,18,4.004,-162.17,18.3,5,1
P007,HRTF_B,18,4.019,-162.56,18.39,5,1
P007,HRTF_B,18,4.032,-163.03,18.44,5,1
P007,HRTF_B,18,4.046,-163.64,18.44,5,1
P007,HRTF_B,18,4.06,-164.34,18.35,5,1
P007,HRTF_B,18,4.074,-165.18,18.14,5,1
P007,HRTF_B,18,4.088,-166.11,17.91,5,1
P007,HRTF_B,18,4.102,-167.19,17.67,5,1
P007,HRTF_B,18,4.115,-168.41,17.4,5,1
P007,HRTF_B,18,4.129,-169.76,17.09,5,1
P007,HRTF_B,18,4.144,-171.21,16.72,5,1
P007,HRTF_B,18,4.157,-172.74,16.31,5,1
P007,HRTF_B,18,4.171,-174.32,15.88,5,1
P007,HRTF_B,18,4.185,-175.98,15.42,5,1
P007,HRTF_B,18,4.199,-177.67,14.89,5,1
P007,HRTF_B,18,4.213,-179.37,14.26,5,1
P007,HRTF_B,18,4.227,178.98,13.57,5,1
P007,HRTF_B,18,4.241,177.41,12.83,5,1
P007,HRTF_B,18,4.254,175.87,12.02,5,1
P007,HRTF_B,18,4.268,174.4,11.23,5,1
P007,HRTF_B,18,4.282,172.96,10.45,5,1
P007,HRTF_B,18,4.296,171.59,9.72,5,1
P007,HRTF_B,18,4.31,170.32,9.11,5,1
P007,HRTF_B,18,4.324,169.16,8.62,5,1
P007,HRTF_B,18,4.338,168.13,8.15,5,1
P007,HRTF_B,18,4.351,167.2,7.66,5,1
P007,HRTF_B,18,4.365,166.3,7.18,5,1
P007,HRTF_B,18,4.379,165.46,6.7,5,1
P007,HRTF_B,18,4.393,164.66,6.28,5,1
P007,HRTF_B,18,4.407,163.93,5.93,5,1
P007,HRTF_B,18,4.421,163.29,5.57,5,1
P007,HRTF_B,18,4.435,162.66,5.24,5,1
P007,HRTF_B,18,4.449,162.09,4.9,5,1
P007,HRTF_B,18,4.463,161.53,4.58,5,1
P007,HRTF_B,18,4.477,161.02,4.3,5,1
P007,HRTF_B,18,4.49,160.56,4.04,5,1
P007,HRTF_B,18,4.504,160.17,3.75,5,1
P007,HRTF_B,18,4.518,159.75,3.47,5,1
P007,HRTF_B,18,4.532,159.38,3.23,5,1
P007,HRTF_B,18,4.546,159.01,3.02,5,1
P007,HRTF_B,18,4.56,158.65,2.91,5,1
P007,HRTF_B,18,4.574,158.35,2.87,5,1
P007,HRTF_B,18,4.588,158.07,2.77,5,1
P007,HRTF_B,18,4.602,157.82,2.62,5,1
P007,HRTF_B,18,4.615,157.6,2.41,5,1
P007,HRTF_B,18,4.63,157.4,2.19,5,1
P007,HRTF_B,18,4.644,157.27,1.99,5,1
P007,HRTF_B,18,4.657,157.21,1.76,5,1
P007,HRTF_B,18,4.671,157.2,1.45,5,1
P007,HRTF_B,18,4.685,157.23,1.09,5,1
P007,HRTF_B,18,4.699,157.29,0.7,5,1
P007,HRTF_B,18,4.713,157.4,0.33,5,1
P007,HRTF_B,18,4.727,157.64,-0.07,5,1
P007,HRTF_B,18,4.74,158.07,-0.58,5,1
P007,HRTF_B,18,4.754,158.73,-1.18,5,1
P007,HRTF_B,18,4.768,159.51,-1.87,5,1
P007,HRTF_B,18,4.782,160.29,-2.48,5,1
P007,HRTF_B,18,4.796,161.06,-2.99,5,1
P007,HRTF_B,18,4.81,161.78,-3.39,5,1
P007,HRTF_B,18,4.824,162.44,-3.72,5,1
P007,HRTF_B,18,4.838,163.05,-3.97,5,1
P007,HRTF_B,18,4.852,163.61,-4.23,5,1
P007,HRTF_B,18,4.865,164.12,-4.5,5,1
P007,HRTF_B,18,4.879,164.58,-4.84,5,1
P007,HRTF_B,18,4.893,164.99,-5.24,5,1
P007,HRTF_B,18,4.907,165.3,-5.7,5,1
P007,HRTF_B,18,4.921,165.61,-6.12,5,1
P007,HRTF_B,18,4.935,165.96,-6.5,5,1
P007,HRTF_B,18,4.949,166.33,-6.77,5,1
P007,HRTF_B,18,4.963,166.73,-7.02,5,1
P007,HRTF_B,18,4.977,167.08,-7.23,5,1
P007,HRTF_B,18,4.99,167.39,-7.42,5,1
P007,HRTF_B,18,5.004,167.65,-7.6,5,1
P007,HRTF_B,18,5.018,167.89,-7.71,5,1
P007,HRTF_B,18,5.032,168.14,-7.74,5,1
P007,HRTF_B,18,5.046,168.42,-7.73,5,1
P007,HRTF_B,18,5.06,168.72,-7.81,5,1
P007,HRTF_B,18,5.074,169.03,-7.93,5,1
P007,HRTF_B,18,5.088,169.35,-8.13,5,1
P007,HRTF_B,18,5.102,169.67,-8.25,5,1
P007,HRTF_B,18,5.116,169.98,-8.28,5,1
P007,HRTF_B,18,5.129,170.29,-8.26,5,1
P007,HRTF_B,18,5.143,170.64,-8.22,5,1
P007,HRTF_B,18,5.157,171.04,-8.16,5,1
P007,HRTF_B,18,5.171,171.49,-8.13,5,1
P007,HRTF_B,18,5.185,171.98,-8.12,5,1
P007,HRTF_B,18,5.199,172.48,-8.06,5,1
P007,HRTF_B,18,5.213,173.01,-7.98,5,1
P007,HRTF_B,18,5.227,173.6,-7.92,5,1
P007,HRTF_B,18,5.24,174.25,-7.89,5,1
P007,HRTF_B,18,5.254,174.94,-7.9,5,1
P007,HRTF_B,18,5.269,175.65,-7.87,5,1
P007,HRTF_B,18,5.282,176.38,-7.84,5,1
P007,HRTF_B,18,5.296,177.13,-7.81,5,1
P007,HRTF_B,18,5.309,178.01,-7.82,5,1
P007,HRTF_B,18,5.323,178.97,-7.88,5,1
P007,HRTF_B,18,5.338,179.99,-7.96,5,1
P007,HRTF_B,18,5.352,-178.95,-7.99,5,1
P007,HRTF_B,18,5.366,-177.85,-8.0,5,1
P007,HRTF_B,18,5.379,-176.65,-8.02,5,1
P007,HRTF_B,18,5.393,-175.31,-8.02,5,1
P007,HRTF_B,18,5.407,-173.86,-8.01,5,1
P007,HRTF_B,18,5.422,-172.36,-7.94,5,1
P007,HRTF_B,18,5.435,-170.83,-7.86,5,1
P007,HRTF_B,18,5.448,-169.24,-7.8,5,1
P007,HRTF_B,18,5.463,-167.54,-7.92,5,1
P007,HRTF_B,18,5.476,-165.68,-8.23,5,1
P007,HRTF_B,18,5.49,-163.69,-8.64,5,1
P007,HRTF_B,18,5.504,-161.6,-9.01,5,1
P007,HRTF_B,18,5.518,-159.41,-9.32,5,1
P007,HRTF_B,18,5.532,-157.15,-9.58,5,1
P007,HRTF_B,18,5.546,-154.83,-9.8,5,1
P007,HRTF_B,18,5.56,-152.57,-9.95,5,1
P007,HRTF_B,18,5.574,-150.37,-9.98,5,1
P007,HRTF_B,18,5.588,-148.28,-10.04,5,1
P007,HRTF_B,18,5.602,-146.2,-10.18,5,1
P007,HRTF_B,18,5.615,-144.18,-10.35,5,1
P007,HRTF_B,18,5.629,-142.25,-10.52,5,1
P007,HRTF_B,18,5.643,-140.42,-10.71,5,1
P007,HRTF_B,18,5.657,-138.71,-10.78,5,1
P007,HRTF_B,18,5.671,-137.07,-10.76,5,1
P007,HRTF_B,18,5.685,-135.49,-10.64,5,1
P007,HRTF_B,18,5.699,-133.9,-10.48,5,1
P007,HRTF_B,18,5.712,-132.32,-10.34,5,1
P007,HRTF_B,18,5.727,-130.75,-10.21,5,1
P007,HRTF_B,18,5.741,-129.23,-10.09,5,1
P007,HRTF_B,18,5.754,-127.78,-10.01,5,1
P007,HRTF_B,18,5.768,-126.39,-9.82,5,1
P007,HRTF_B,18,5.782,-124.97,-9.6,5,1
P007,HRTF_B,18,5.796,-123.48,-9.41,5,1
P007,HRTF_B,18,5.81,-121.94,-9.26,5,1
P007,HRTF_B,18,5.824,-120.35,-9.12,5,1
P007,HRTF_B,18,5.837,-118.74,-8.98,5,1
P007,HRTF_B,18,5.851,-117.18,-8.81,5,1
P007,HRTF_B,18,5.866,-115.62,-8.7,5,1
P007,HRTF_B,18,5.879,-114.01,-8.62,5,1
P007,HRTF_B,18,5.893,-112.32,-8.57,5,1
P007,HRTF_B,18,5.907,-110.57,-8.53,5,1
P007,HRTF_B,18,5.921,-108.81,-8.48,5,1
P007,HRTF_B,18,5.935,-107.07,-8.38,5,1
P007,HRTF_B,18,5.949,-105.39,-8.28,5,1
P007,HRTF_B,18,5.962,-103.75,-8.2,5,1
P007,HRTF_B,18,5.976,-102.11,-8.2,5,1
P007,HRTF_B,18,5.99,-100.51,-8.28,5,1
P007,HRTF_B,18,6.004,-98.94,-8.46,5,1
P007,HRTF_B,18,6.018,-97.4,-8.61,5,1
P007,HRTF_B,18,6.032,-95.94,-8.79,5,1
P007,HRTF_B,18,6.046,-94.57,-8.97,5,1
P007,HRTF_B,18,6.06,-93.29,-9.17,5,1
P007,HRTF_B,18,6.074,-92.11,-9.45,5,1
P007,HRTF_B,18,6.089,-90.96,-9.77,5,1
P007,HRTF_B,18,6.101,-89.86,-10.18,5,1
P007,HRTF_B,18,6.115,-88.79,-10.65,5,1
P007,HRTF_B,18,6.129,-87.74,-11.2,5,1
P007,HRTF_B,18,6.143,-86.76,-11.78,5,1
P007,HRTF_B,18,6.157,-85.83,-12.41,5,1
P007,HRTF_B,18,6.171,-84.95,-13.17,5,1
P007,HRTF_B,18,6.185,-84.11,-14.1,5,1
P007,HRTF_B,18,6.198,-83.27,-15.16,5,1
P007,HRTF_B,18,6.212,-82.42,-16.3,5,1
P007,HRTF_B,18,6.226,-81.61,-17.49,5,1
P007,HRTF_B,18,6.24,-80.83,-18.76,5,1
P007,HRTF_B,18,6.254,-80.03,-20.21,5,1
P007,HRTF_B,18,6.268,-79.24,-21.8,5,1
P007,HRTF_B,18,6.282,-78.39,-23.4,5,1
P007,HRTF_B,18,6.296,-77.54,-24.99,5,1
P007,HRTF_B,18,6.31,-76.63,-26.53,5,1
P007,HRTF_B,18,6.324,-75.71,-28.04,5,1
P007,HRTF_B,18,6.338,-74.76,-29.6,5,1
P007,HRTF_B,18,6.351,-73.76,-31.11,5,1
P007,HRTF_B,18,6.366,-72.69,-32.55,5,1
P007,HRTF_B,18,6.379,-71.56,-33.9,5,1
P007,HRTF_B,18,6.393,-70.4,-35.15,5,1
P007,HRTF_B,18,6.407,-69.17,-36.4,5,1
P007,HRTF_B,18,6.421,-67.87,-37.69,5,1
P007,HRTF_B,18,6.435,-66.51,-38.95,5,1
P007,HRTF_B,18,6.449,-65.04,-40.18,5,1
P007,HRTF_B,18,6.463,-63.47,-41.33,5,1
P007,HRTF_B,18,6.476,-61.83,-42.45,5,1
P007,HRTF_B,18,6.49,-60.14,-43.53,5,1
P007,HRTF_B,18,6.504,-58.43,-44.62,5,1
P007,HRTF_B,18,6.518,-56.72,-45.72,5,1
P007,HRTF_B,18,6.532,-55.06,-46.74,5,1
P007,HRTF_B,18,6.546,-53.45,-47.69,5,1
P007,HRTF_B,18,6.56,-51.89,-48.51,5,1
P007,HRTF_B,18,6.573,-50.37,-49.28,5,1
P007,HRTF_B,18,6.587,-48.9,-49.97,5,1
P007,HRTF_B,18,6.602,-47.49,-50.6,5,1
P007,HRTF_B,18,6.615,-46.14,-51.18,5,1
P007,HRTF_B,18,6.629,-44.9,-51.69,5,1
P007,HRTF_B,18,6.643,-43.76,-52.15,5,1
P007,HRTF_B,18,6.657,-42.6,-52.57,5,1
P007,HRTF_B,18,6.671,-41.43,-52.96,5,1
P007,HRTF_B,18,6.685,-40.24,-53.34,5,1
P007,HRTF_B,18,6.699,-39.04,-53.72,5,1
P007,HRTF_B,18,6.713,-37.85,-54.1,5,1
P007,HRTF_B,18,6.726,-36.59,-54.46,5,1
P007,HRTF_B,18,6.741,-35.4,-54.8,5,1
P007,HRTF_B,18,6.754,-34.28,-55.09,5,1
P007,HRTF_B,18,6.768,-33.23,-55.35,5,1
P007,HRTF_B,18,6.782,-31.96,-55.74,5,1
P007,HRTF_B,18,6.796,-30.64,-56.1,5,1
P007,HRTF_B,18,6.81,-29.44,-56.44,5,1
P007,HRTF_B,18,6.823,-28.19,-56.73,5,1
P007,HRTF_B,18,6.838,-27.01,-56.98,5,1
P007,HRTF_B,18,6.851,-25.83,-57.19,5,1
P007,HRTF_B,18,6.865,-24.79,-57.31,5,1
P007,HRTF_B,18,6.879,-23.83,-57.38,5,1
P007,HRTF_B,18,6.893,-22.91,-57.34,5,1
P007,HRTF_B,18,6.907,-22.17,-57.19,5,1
P007,HRTF_B,18,6.921,-21.57,-56.95,5,1
P007,HRTF_B,18,6.935,-21.07,-56.57,5,1
P007,HRTF_B,18,6.949,-20.67,-56.05,5,1
P007,HRTF_B,18,6.962,-20.4,-55.37,5,1
P007,HRTF_B,18,6.976,-20.24,-54.47,5,1
P007,HRTF_B,18,6.99,-20.06,-53.33,5,1
P007,HRTF_B,18,7.004,-20.06,-51.83,5,1
P007,HRTF_B,18,7.018,-20.14,-50.0,5,1
P007,HRTF_B,18,7.032,-20.31,-47.92,5,1
P007,HRTF_B,18,7.046,-20.61,-45.49,5,1
P007,HRTF_B,18,7.06,-20.92,-42.75,5,1
P007,HRTF_B,18,7.073,-21.2,-39.84,5,1
P007,HRTF_B,18,7.088,-21.35,-36.92,5,1
P007,HRTF_B,18,7.102,-21.37,-34.11,5,1
P007,HRTF_B,18,7.115,-21.43,-31.51,5,1
P007,HRTF_B,18,7.129,-21.36,-29.0,5,1
P007,HRTF_B,18,7.143,-21.28,-26.81,5,1
P007,HRTF_B,18,7.157,-21.15,-24.81,5,1
P007,HRTF_B,18,7.171,-20.98,-22.99,5,1
P007,HRTF_B,18,7.185,-20.74,-21.31,5,1
P007,HRTF_B,18,7.199,-20.5,-19.69,5,1
P007,HRTF_B,18,7.213,-20.27,-18.12,5,1
P007,HRTF_B,18,7.226,-20.02,-16.63,5,1
P007,HRTF_B,18,7.24,-19.7,-15.24,5,1
P007,HRTF_B,18,7.254,-19.31,-13.97,5,1
P007,HRTF_B,18,7.268,-18.86,-12.8,5,1
P007,HRTF_B,18,7.282,-18.37,-11.74,5,1
P007,HRTF_B,18,7.296,-17.91,-10.7,5,1
P007,HRTF_B,18,7.31,-17.45,-9.68,5,1
P007,HRTF_B,18,7.324,-16.99,-8.71,5,1
P007,HRTF_B,18,7.338,-16.46,-7.78,5,1
P007,HRTF_B,18,7.351,-15.85,-6.92,5,1
P007,HRTF_B,18,7.365,-15.16,-6.16,5,1
P007,HRTF_B,18,7.379,-14.42,-5.37,5,1
P007,HRTF_B,18,7.393,-13.74,-4.6,5,1
P007,HRTF_B,18,7.407,-13.0,-3.91,5,1
P007,HRTF_B,18,7.421,-12.25,-3.29,5,1
P007,HRTF_B,18,7.435,-11.48,-2.72,5,1
P007,HRTF_B,18,7.448,-10.74,-2.13,5,1
P007,HRTF_B,18,7.463,-10.05,-1.46,5,1
P007,HRTF_B,18,7.476,-9.42,-0.72,5,1
P007,HRTF_B,18,7.49,-8.8,0.0,5,1
P007,HRTF_B,18,7.504,-8.18,0.7,5,1
P007,HRTF_B,18,7.517,-7.53,1.38,5,1
P007,HRTF_B,18,7.532,-6.89,2.08,5,1
P007,HRTF_B,18,7.546,-6.27,2.76,5,1
P007,HRTF_B,18,7.56,-5.69,3.49,5,1
P007,HRTF_B,18,7.573,-5.13,4.21,5,1
P007,HRTF_B,18,7.587,-4.57,4.99,5,1
P007,HRTF_B,18,7.601,-4.04,5.75,5,1
P007,HRTF_B,18,7.615,-3.42,6.63,5,1
P007,HRTF_B,18,7.629,-2.82,7.5,5,1
P007,HRTF_B,18,7.643,-2.27,8.38,5,1
P007,HRTF_B,18,7.657,-1.76,9.26,5,1
P007,HRTF_B,18,7.671,-1.3,10.12,5,1
P007,HRTF_B,18,7.685,-0.91,10.86,5,1
P007,HRTF_B,18,7.698,-0.61,11.46,5,1
P007,HRTF_B,18,7.712,-0.45,11.97,5,1
P007,HRTF_B,18,7.726,-0.42,12.43,5,1
P007,HRTF_B,18,7.74,-0.58,12.79,5,1
P007,HRTF_B,18,7.758,-1.05,13.07,5,1
P007,HRTF_B,18,7.77,-1.64,13.31,5,1
P007,HRTF_B,18,7.782,-2.37,13.5,5,1
P007,HRTF_B,18,7.795,-3.23,13.67,5,1
P007,HRTF_B,18,7.81,-4.29,13.78,5,1
P007,HRTF_B,18,7.824,-5.44,13.9,5,1
P007,HRTF_B,18,7.837,-6.78,13.94,5,1
P007,HRTF_B,18,7.851,-8.33,13.91,5,1
P007,HRTF_B,18,7.865,-10.02,13.86,5,1
P007,HRTF_B,18,7.879,-11.82,13.78,5,1
P007,HRTF_B,18,7.893,-13.67,13.76,5,1
P007,HRTF_B,18,7.906,-15.6,13.69,5,1
P007,HRTF_B,18,7.921,-17.56,13.47,5,1
P007,HRTF_B,18,7.935,-19.57,13.04,5,1
P007,HRTF_B,18,7.948,-21.58,12.5,5,1
P007,HRTF_B,18,7.962,-23.52,12.05,5,1
P007,HRTF_B,18,7.976,-25.36,11.71,5,1
P007,HRTF_B,18,7.99,-27.08,11.46,5,1
P007,HRTF_B,18,8.004,-28.71,11.21,5,1
P007,HRTF_B,18,8.018,-30.27,10.84,5,1
P007,HRTF_B,18,8.032,-31.73,10.41,5,1
P007,HRTF_B,18,8.046,-33.02,10.05,5,1
P007,HRTF_B,18,8.059,-34.15,9.82,5,1
P007,HRTF_B,18,8.073,-35.02,9.62,5,1
P007,HRTF_B,18,8.087,-35.74,9.45,5,1
P007,HRTF_B,18,8.102,-36.32,9.27,5,1
P007,HRTF_B,18,8.115,-36.79,9.04,5,1
P007,HRTF_B,18,8.129,-37.1,8.82,5,1
P007,HRTF_B,18,8.143,-37.25,8.7,5,1
P007,HRTF_B,18,8.157,-37.24,8.62,5,1
P007,HRTF_B,18,8.171,-37.13,8.52,5,1
P007,HRTF_B,18,8.183,-36.99,8.4,5,1
P007,HRTF_B,18,8.195,-36.82,8.26,5,1
P007,HRTF_B,18,8.212,-36.61,8.16,5,1
P007,HRTF_B,18,8.226,-36.34,8.14,5,1
P007,HRTF_B,18,8.24,-36.03,8.14,5,1
P007,HRTF_B,18,8.254,-35.71,8.05,5,1
P007,HRTF_B,18,8.268,-35.43,7.89,5,1
P007,HRTF_B,18,8.282,-35.2,7.71,5,1
P007,HRTF_B,18,8.295,-34.98,7.55,5,1
P007,HRTF_B,18,8.309,-34.78,7.41,5,1
P007,HRTF_B,18,8.323,-34.56,7.27,5,1
P007,HRTF_B,18,8.337,-34.37,7.12,5,1
P007,HRTF_B,18,8.351,-34.22,6.97,5,1
P007,HRTF_B,18,8.365,-34.13,6.89,5,1
P007,HRTF_B,18,8.379,-34.07,6.87,5,1
P007,HRTF_B,18,8.393,-34.01,6.88,5,1
P007,HRTF_B,18,8.407,-33.95,6.87,5,1
P007,HRTF_B,18,8.421,-33.9,6.75,5,1
P007,HRTF_B,18,8.434,-33.86,6.54,5,1
P007,HRTF_B,18,8.448,-33.86,6.34,5,1
P007,HRTF_B,18,8.462,-33.86,6.21,5,1
P007,HRTF_B,18,8.476,-33.86,6.13,5,1
P007,HRTF_B,18,8.49,-33.85,6.01,5,1
P007,HRTF_B,18,8.504,-33.86,5.76,5,1
P007,HRTF_B,18,8.518,-33.93,5.4,5,1
P007,HRTF_B,18,8.532,-34.02,5.03,5,1
P007,HRTF_B,18,8.545,-34.16,4.72,5,1
P007,HRTF_B,18,8.56,-34.32,4.48,5,1
P007,HRTF_B,18,8.573,-34.52,4.19,5,1
P007,HRTF_B,18,8.588,-34.76,3.84,5,1
P007,HRTF_B,18,8.601,-35.04,3.44,5,1
P007,HRTF_B,18,8.615,-35.36,3.04,5,1
P007,HRTF_B,18,8.629,-35.71,2.69,5,1
P007,HRTF_B,18,8.643,-36.08,2.39,5,1
P007,HRTF_B,18,8.657,-36.48,2.12,5,1
P007,HRTF_B,18,8.671,-36.89,1.8,5,1
P007,HRTF_B,18,8.684,-37.4,1.42,5,1
P007,HRTF_B,18,8.699,-37.94,0.97,5,1
P007,HRTF_B,18,8.713,-38.48,0.54,5,1
P007,HRTF_B,18,8.726,-39.05,0.16,5,1
P007,HRTF_B,18,8.74,-39.61,-0.14,5,1
P007,HRTF_B,18,8.754,-40.19,-0.39,5,1
P007,HRTF_B,18,8.768,-40.83,-0.7,5,1
P007,HRTF_B,18,8.782,-41.5,-1.02,5,1
P007,HRTF_B,18,8.796,-42.22,-1.37,5,1
P007,HRTF_B,18,8.81,-42.95,-1.65,5,1
P007,HRTF_B,18,8.823,-43.69,-1.86,5,1
P007,HRTF_B,18,8.837,-44.44,-1.99,5,1
P007,HRTF_B,18,8.851,-45.23,-2.14,5,1
P007,HRTF_B,18,8.865,-46.1,-2.33,5,1
P007,HRTF_B,18,8.879,-47.02,-2.56,5,1
P007,HRTF_B,18,8.893,-47.97,-2.85,5,1
P007,HRTF_B,18,8.907,-48.95,-3.09,5,1
P007,HRTF_B,18,8.921,-49.89,-3.34,5,1
P007,HRTF_B,18,8.934,-50.82,-3.69,5,1
P007,HRTF_B,18,8.948,-51.73,-4.06,5,1
P007,HRTF_B,18,8.962,-52.61,-4.5,5,1
P007,HRTF_B,18,8.976,-53.46,-4.95,5,1
P007,HRTF_B,18,8.99,-54.32,-5.37,5,1
P007,HRTF_B,18,9.004,-55.14,-5.75,5,1
P007,HRTF_B,18,9.018,-55.97,-6.12,5,1
P007,HRTF_B,18,9.031,-56.81,-6.51,5,1
P007,HRTF_B,18,9.046,-57.67,-6.9,5,1
P007,HRTF_B,18,9.059,-58.53,-7.32,5,1
P007,HRTF_B,18,9.073,-59.41,-7.74,5,1
P007,HRTF_B,18,9.087,-60.25,-8.18,5,1
P007,HRTF_B,18,9.101,-61.11,-8.65,5,1
P007,HRTF_B,18,9.115,-61.95,-9.17,5,1
P007,HRTF_B,18,9.129,-62.79,-9.73,5,1
P007,HRTF_B,18,9.143,-63.61,-10.34,5,1
P007,HRTF_B,18,9.157,-64.4,-10.91,5,1
P007,HRTF_B,18,9.17,-65.15,-11.41,5,1
P007,HRTF_B,18,9.185,-65.9,-11.86,5,1
P007,HRTF_B,18,9.198,-66.63,-12.31,5,1
P007,HRTF_B,18,9.212,-67.39,-12.79,5,1
P007,HRTF_B,18,9.226,-68.16,-13.27,5,1
P007,HRTF_B,18,9.24,-68.9,-13.76,5,1
P007,HRTF_B,18,9.254,-69.63,-14.18,5,1
P007,HRTF_B,18,9.268,-70.33,-14.54,5,1
P007,HRTF_B,18,9.282,-71.05,-14.83,5,1
P007,HRTF_B,18,9.295,-71.8,-15.04,5,1
P007,HRTF_B,18,9.309,-72.57,-15.25,5,1
P007,HRTF_B,18,9.323,-73.35,-15.39,5,1
P007,HRTF_B,18,9.337,-74.14,-15.45,5,1
P007,HRTF_B,18,9.351,-74.93,-15.53,5,1
P007,HRTF_B,18,9.365,-75.76,-15.63,5,1
P007,HRTF_B,18,9.379,-76.66,-15.73,5,1
P007,HRTF_B,18,9.393,-77.58,-15.83,5,1
P007,HRTF_B,18,9.406,-78.52,-15.87,5,1
P007,HRTF_B,18,9.421,-79.46,-15.88,5,1
P007,HRTF_B,18,9.434,-80.42,-15.88,5,1
P007,HRTF_B,18,9.448,-81.4,-15.93,5,1
P007,HRTF_B,18,9.462,-82.38,-16.04,5,1
P007,HRTF_B,18,9.476,-83.33,-16.17,5,1
P007,HRTF_B,18,9.49,-84.27,-16.32,5,1
P007,HRTF_B,18,9.504,-85.17,-16.5,5,1
P007,HRTF_B,18,9.518,-86.07,-16.74,5,1
P007,HRTF_B,18,9.531,-87.04,-17.03,5,1
P007,HRTF_B,18,9.545,-88.07,-17.39,5,1
P007,HRTF_B,18,9.559,-89.2,-17.74,5,1
P007,HRTF_B,18,9.573,-90.42,-18.11,5,1
P007,HRTF_B,18,9.587,-91.72,-18.42,5,1
P007,HRTF_B,18,9.601,-93.13,-18.76,5,1
P007,HRTF_B,18,9.615,-94.59,-19.11,5,1
P007,HRTF_B,18,9.629,-96.16,-19.46,5,1
P007,HRTF_B,18,9.643,-97.86,-19.84,5,1
P007,HRTF_B,18,9.657,-99.62,-20.2,5,1
P007,HRTF_B,18,9.671,-101.44,-20.55,5,1
P007,HRTF_B,18,9.684,-103.31,-20.84,5,1
P007,HRTF_B,18,9.698,-105.15,-21.23,5,1
P007,HRTF_B,18,9.712,-106.99,-21.56,5,1
P007,HRTF_B,18,9.726,-108.92,-21.9,5,1
P007,HRTF_B,18,9.74,-110.77,-22.27,5,1
P007,HRTF_B,18,9.754,-112.63,-22.64,5,1
P007,HRTF_B,18,9.768,-114.45,-23.04,5,1
P007,HRTF_B,18,9.782,-116.27,-23.44,5,1
P007,HRTF_B,18,9.795,-118.06,-23.82,5,1
P007,HRTF_B,18,9.809,-119.88,-24.19,5,1
P007,HRTF_B,18,9.823,-121.65,-24.55,5,1
P007,HRTF_B,18,9.837,-123.37,-24.95,5,1
P007,HRTF_B,18,9.851,-125.06,-25.31,5,1
P007,HRTF_B,18,9.865,-126.75,-25.68,5,1
P007,HRTF_B,18,9.879,-128.4,-25.99,5,1
P007,HRTF_B,18,9.893,-129.96,-26.26,5,1
P007,HRTF_B,18,9.907,-131.45,-26.47,5,1
P007,HRTF_B,18,9.921,-132.83,-26.67,5,1
P007,HRTF_B,18,9.935,-134.1,-26.91,5,1
P007,HRTF_B,18,9.948,-135.29,-27.18,5,1
P007,HRTF_B,18,9.962,-136.47,-27.4,5,1
P007,HRTF_B,18,9.976,-137.51,-27.66,5,1
P007,HRTF_B,18,9.99,-138.46,-27.9,5,1
P007,HRTF_B,18,10.004,-139.33,-28.11,5,1
P007,HRTF_B,18,10.018,-140.14,-28.3,5,1
P007,HRTF_B,18,10.031,-140.91,-28.45,5,1
P007,HRTF_B,18,10.046,-141.71,-28.58,5,1
P007,HRTF_B,18,10.059,-142.55,-28.71,5,1
P007,HRTF_B,18,10.073,-143.43,-28.78,5,1
P007,HRTF_B,18,10.087,-144.35,-28.83,5,1
P007,HRTF_B,18,10.101,-145.3,-28.82,5,1
P007,HRTF_B,18,10.115,-146.32,-28.8,5,1
P007,HRTF_B,18,10.129,-147.41,-28.75,5,1
P007,HRTF_B,18,10.143,-148.57,-28.69,5,1
P007,HRTF_B,18,10.157,-149.82,-28.63,5,1
P007,HRTF_B,18,10.17,-151.12,-28.53,5,1
P007,HRTF_B,18,10.184,-152.48,-28.43,5,1
P007,HRTF_B,18,10.198,-153.83,-28.33,5,1
P007,HRTF_B,18,10.212,-155.23,-28.22,5,1
P007,HRTF_B,18,10.226,-156.62,-28.1,5,1
P007,HRTF_B,18,10.24,-157.98,-27.99,5,1
P007,HRTF_B,18,10.254,-159.32,-27.86,5,1
P007,HRTF_B,18,10.268,-160.61,-27.74,5,1
P007,HRTF_B,18,10.282,-161.87,-27.6,5,1
P007,HRTF_B,18,10.295,-163.07,-27.5,5,1
P007,HRTF_B,18,10.309,-164.23,-27.4,5,1
P007,HRTF_B,18,10.323,-165.36,-27.3,5,1
P007,HRTF_B,18,10.337,-166.42,-27.18,5,1
P007,HRTF_B,18,10.351,-167.47,-27.04,5,1
P007,HRTF_B,18,10.365,-168.48,-26.89,5,1
P007,HRTF_B,18,10.379,-169.49,-26.74,5,1
P007,HRTF_B,18,10.393,-170.51,-26.6,5,1
P007,HRTF_B,18,10.406,-171.55,-26.47,5,1
P007,HRTF_B,18,10.421,-172.56,-26.35,5,1
P007,HRTF_B,18,10.434,-173.54,-26.26,5,1
P007,HRTF_B,18,10.448,-174.55,-26.16,5,1
P007,HRTF_B,18,10.462,-175.53,-26.08,5,1
P007,HRTF_B,18,10.476,-176.53,-26.01,5,1
P007,HRTF_B,18,10.49,-177.55,-25.94,5,1
P007,HRTF_B,18,10.504,-178.57,-25.87,5,1
P007,HRTF_B,18,10.518,-179.57,-25.79,5,1
P007,HRTF_B,18,10.531,179.46,-25.71,5,1
P007,HRTF_B,18,10.546,178.52,-25.61,5,1
P007,HRTF_B,18,10.559,177.61,-25.51,5,1
P007,HRTF_B,18,10.573,176.69,-25.43,5,1
P007,HRTF_B,18,10.587,175.74,-25.36,5,1
P007,HRTF_B,18,10.601,174.81,-25.31,5,1
P007,HRTF_B,18,10.615,173.88,-25.26,5,1
P007,HRTF_B,18,10.629,172.97,-25.2,5,1
P007,HRTF_B,18,10.642,172.08,-25.16,5,1
P007,HRTF_B,18,10.656,171.23,-25.1,5,1
P007,HRTF_B,18,10.671,170.38,-25.09,5,1
P007,HRTF_B,18,10.684,169.6,-25.1,5,1
P007,HRTF_B,18,10.698,168.87,-25.14,5,1
P007,HRTF_B,18,10.712,168.23,-25.18,5,1
P007,HRTF_B,18,10.726,167.68,-25.27,5,1
P007,HRTF_B,18,10.74,167.22,-25.41,5,1
P007,HRTF_B,18,10.754,166.89,-25.57,5,1
P007,HRTF_B,18,10.768,166.61,-25.76,5,1
P007,HRTF_B,18,10.782,166.39,-25.96,5,1
P007,HRTF_B,18,10.795,166.27,-26.17,5,1
P007,HRTF_B,18,10.809,166.28,-26.37,5,1
P007,HRTF_B,18,10.823,166.45,-26.62,5,1
P007,HRTF_B,18,10.837,166.81,-26.92,5,1
P007,HRTF_B,18,10.851,167.38,-27.23,5,1
P007,HRTF_B,18,10.865,168.13,-27.53,5,1
P007,HRTF_B,18,10.878,169.06,-27.87,5,1
P007,HRTF_B,18,10.893,170.16,-28.16,5,1
P007,HRTF_B,18,10.906,171.47,-28.44,5,1
P007,HRTF_B,18,10.92,172.93,-28.76,5,1
P007,HRTF_B,18,10.934,174.54,-29.11,5,1
P007,HRTF_B,18,10.948,176.19,-29.46,5,1
P007,HRTF_B,18,10.962,177.92,-29.84,5,1
P007,HRTF_B,18,10.976,179.66,-30.21,5,1
P007,HRTF_B,18,10.99,-178.53,-30.53,5,1
P007,HRTF_B,18,11.004,-176.71,-30.89,5,1
P007,HRTF_B,18,11.018,-174.95,-31.33,5,1
P007,HRTF_B,18,11.032,-173.27,-31.84,5,1
P007,HRTF_B,18,11.045,-171.71,-32.33,5,1
P007,HRTF_B,18,11.059,-170.26,-32.77,5,1
P007,HRTF_B,18,11.077,-168.92,-33.14,5,1
P007,HRTF_B,18,11.089,-167.64,-33.56,5,1
P007,HRTF_B,18,11.101,-166.5,-34.04,5,1
P007,HRTF_B,18,11.115,-165.51,-34.56,5,1
P007,HRTF_B,18,11.129,-164.63,-35.07,5,1
P007,HRTF_B,18,11.143,-163.82,-35.57,5,1
P007,HRTF_B,18,11.156,-163.05,-36.05,5,1
P007,HRTF_B,18,11.17,-162.3,-36.58,5,1
P007,HRTF_B,18,11.184,-161.65,-37.17,5,1
P007,HRTF_B,18,11.198,-161.06,-37.8,5,1
P007,HRTF_B,18,11.212,-160.57,-38.4,5,1
P007,HRTF_B,18,11.226,-160.12,-38.94,5,1
P007,HRTF_B,18,11.24,-159.74,-39.49,5,1
P007,HRTF_B,18,11.254,-159.27,-40.1,5,1
P007,HRTF_B,18,11.268,-158.94,-40.76,5,1
P007,HRTF_B,18,11.281,-158.62,-41.46,5,1
P007,HRTF_B,18,11.295,-158.41,-42.21,5,1
P007,HRTF_B,18,11.309,-158.29,-42.95,5,1
P007,HRTF_B,18,11.323,-158.26,-43.7,5,1
P007,HRTF_B,18,11.337,-158.25,-44.37,5,1
P007,HRTF_B,18,11.351,-158.21,-45.06,5,1
P007,HRTF_B,18,11.365,-158.21,-45.73,5,1
P007,HRTF_B,18,11.379,-158.26,-46.43,5,1
P007,HRTF_B,18,11.393,-158.38,-47.15,5,1
P007,HRTF_B,18,11.407,-158.5,-47.89,5,1
P007,HRTF_B,18,11.42,-158.73,-48.58,5,1
P007,HRTF_B,18,11.434,-158.96,-49.16,5,1
P007,HRTF_B,18,11.448,-159.21,-49.67,5,1
P007,HRTF_B,18,11.462,-159.53,-50.05,5,1
P007,HRTF_B,18,11.476,-159.9,-50.38,5,1
P007,HRTF_B,18,11.49,-160.3,-50.64,5,1
P007,HRTF_B,18,11.504,-160.75,-50.87,5,1
P007,HRTF_B,18,11.517,-161.12,-51.07,5,1
P007,HRTF_B,18,11.531,-161.51,-51.24,5,1
P007,HRTF_B,18,11.545,-161.92,-51.41,5,1
P007,HRTF_B,18,11.559,-162.31,-51.56,5,1
P007,HRTF_B,18,11.573,-162.69,-51.67,5,1
P007,HRTF_B,18,11.587,-163.06,-51.74,5,1
P007,HRTF_B,18,11.601,-163.44,-51.78,5,1
P007,HRTF_B,18,11.615,-163.85,-51.73,5,1
P007,HRTF_B,18,11.629,-164.29,-51.6,5,1
P007,HRTF_B,18,11.642,-164.81,-51.33,5,1
P007,HRTF_B,18,11.656,-165.42,-50.85,5,1
P007,HRTF_B,18,11.67,-166.11,-50.13,5,1
P007,HRTF_B,18,11.685,-166.94,-49.12,5,1
P007,HRTF_B,18,11.698,-167.85,-47.84,5,1
P007,HRTF_B,18,11.712,-168.87,-46.19,5,1
P007,HRTF_B,18,11.726,-169.95,-44.22,5,1
P007,HRTF_B,18,11.74,-170.99,-41.98,5,1
P007,HRTF_B,18,11.754,-172.06,-39.57,5,1
P007,HRTF_B,18,11.767,-173.15,-37.02,5,1
P007,HRTF_B,18,11.782,-174.31,-34.42,5,1
P007,HRTF_B,18,11.795,-175.53,-31.76,5,1
P007,HRTF_B,18,11.809,-176.79,-29.16,5,1
P007,HRTF_B,18,11.823,-178.05,-26.61,5,1
P007,HRTF_B,18,11.837,-179.28,-24.08,5,1
P007,HRTF_B,18,11.851,179.5,-21.51,5,1
P007,HRTF_B,18,11.865,178.27,-18.93,5,1
P007,HRTF_B,18,11.879,177.05,-16.41,5,1
P007,HRTF_B,18,11.892,175.86,-13.96,5,1
P007,HRTF_B,18,11.91,174.75,-11.65,5,1
P007,HRTF_B,18,11.923,173.71,-9.36,5,1
P007,HRTF_B,18,11.935,172.7,-7.13,5,1
P007,HRTF_B,18,11.948,171.76,-4.96,5,1
P007,HRTF_B,18,11.962,170.9,-2.94,5,1
P007,HRTF_B,18,11.976,170.15,-1.09,5,1
P007,HRTF_B,18,11.989,169.55,0.57,5,1
P007,HRTF_B,18,12.004,169.1,2.05,5,1
P007,HRTF_B,18,12.018,168.73,3.42,5,1
P007,HRTF_B,18,12.031,168.43,4.72,5,1
P007,HRTF_B,18,12.045,168.15,5.97,5,1
P007,HRTF_B,18,12.059,167.96,7.06,5,1
P007,HRTF_B,18,12.073,167.83,8.01,5,1
P007,HRTF_B,18,12.087,167.8,8.89,5,1
P007,HRTF_B,18,12.101,167.84,9.74,5,1
P007,HRTF_B,18,12.115,167.91,10.55,5,1
P007,HRTF_B,18,12.129,167.97,11.32,5,1
P007,HRTF_B,18,12.143,168.09,11.99,5,1
P007,HRTF_B,18,12.158,168.28,12.51,5,1
P007,HRTF_B,18,12.172,168.56,13.02,5,1
P007,HRTF_B,18,12.187,168.89,13.53,5,1
P007,HRTF_B,18,12.201,169.29,14.05,5,1
P007,HRTF_B,18,12.215,169.75,14.51,5,1
P007,HRTF_B,18,12.229,170.85,15.3,5,1
P007,HRTF_B,18,12.244,171.67,15.59,5,1
P007,HRTF_B,18,12.258,172.75,15.78,5,1
P007,HRTF_B,18,12.272,174.02,16.06,5,1
P007,HRTF_B,18,12.286,175.49,16.22,5,1
P007,HRTF_B,18,12.301,177.18,16.29,5,1
P007,HRTF_B,18,12.316,179.09,16.28,5,1
P007,HRTF_B,18,12.333,-178.84,16.25,5,1
P007,HRTF_B,18,12.348,-176.74,16.25,5,1
P007,HRTF_B,18,12.362,-174.61,16.22,5,1
P007,HRTF_B,18,12.376,-172.36,16.06,5,1
P007,HRTF_B,18,12.391,-170.0,15.8,5,1
P007,HRTF_B,18,12.404,-167.61,15.51,5,1
P007,HRTF_B,18,12.419,-165.22,15.28,5,1
P007,HRTF_B,18,12.435,-162.96,15.07,5,1
P007,HRTF_B,18,12.449,-160.82,14.87,5,1
P007,HRTF_B,18,12.463,-158.76,14.57,5,1
P007,HRTF_B,18,12.477,-156.83,14.27,5,1
P007,HRTF_B,18,12.491,-154.96,14.03,5,1
P007,HRTF_B,18,12.505,-153.24,13.86,5,1
P007,HRTF_B,18,12.519,-151.68,13.74,5,1
P007,HRTF_B,18,12.533,-150.32,13.59,5,1
P007,HRTF_B,18,12.55,-147.82,13.19,5,1
P007,HRTF_B,18,12.564,-146.88,13.01,5,1
P007,HRTF_B,18,12.578,-146.08,13.0,5,1
P007,HRTF_B,18,12.592,-145.47,13.08,5,1
P007,HRTF_B,18,12.606,-144.97,13.11,5,1
P007,HRTF_B,18,12.62,-144.53,13.04,5,1
P007,HRTF_B,18,12.635,-144.1,12.92,5,1
P007,HRTF_B,18,12.649,-143.69,12.84,5,1
P007,HRTF_B,18,12.663,-143.35,12.82,5,1
P007,HRTF_B,18,12.677,-143.03,12.86,5,1
P007,HRTF_B,18,12.691,-142.7,12.83,5,1
P007,HRTF_B,18,12.706,-142.33,12.82,5,1
P007,HRTF_B,18,12.72,-141.87,12.77,5,1
P007,HRTF_B,18,12.734,-141.4,12.76,5,1
P007,HRTF_B,18,12.749,-140.97,12.76,5,1
P007,HRTF_B,18,12.765,-140.55,12.77,5,1
P007,HRTF_B,18,12.78,-140.17,12.75,5,1
P007,HRTF_B,18,12.795,-139.75,12.75,5,1
P007,HRTF_B,18,12.81,-139.33,12.77,5,1
P007,HRTF_B,18,12.825,-138.91,12.81,5,1
P007,HRTF_B,18,12.839,-138.13,12.86,5,1
P007,HRTF_B,18,12.854,-137.79,12.78,5,1
P007,HRTF_B,18,12.868,-137.45,12.65,5,1
P007,HRTF_B,18,12.882,-137.04,12.51,5,1
P007,HRTF_B,18,12.894,-136.56,12.42,5,1
P007,HRTF_B,18,12.908,-136.08,12.31,5,1
P007,HRTF_B,18,12.933,-135.54,12.08,5,1
P007,HRTF_B,18,12.947,-135.03,11.81,5,1
P007,HRTF_B,18,12.961,-134.45,11.48,5,1
P007,HRTF_B,18,12.975,-133.78,11.16,5,1
P007,HRTF_B,18,12.989,-133.04,10.87,5,1
P007,HRTF_B,18,13.0,-132.3,10.6,5,1
P007,HRTF_B,18,13.012,-131.51,10.32,5,1
P007,HRTF_B,18,13.025,-130.73,9.94,5,1
P007,HRTF_B,18,13.044,-129.89,9.41,5,1
P007,HRTF_B,18,13.058,-129.03,8.92,5,1
P007,HRTF_B,18,13.072,-128.08,8.46,5,1
P007,HRTF_B,18,13.086,-127.14,8.04,5,1
P007,HRTF_B,18,13.1,-126.21,7.64,5,1
P007,HRTF_B,18,13.114,-125.33,7.21,5,1
P007,HRTF_B,18,13.128,-124.47,6.73,5,1
P007,HRTF_B,18,13.142,-123.66,6.2,5,1
P007,HRTF_B,18,13.155,-122.81,5.7,5,1
P007,HRTF_B,18,13.169,-121.95,5.25,5,1
P007,HRTF_B,18,13.183,-121.1,4.87,5,1
P007,HRTF_B,18,13.197,-120.22,4.56,5,1
P007,HRTF_B,18,13.211,-119.34,4.29,5,1
P007,HRTF_B,18,13.225,-118.4,4.05,5,1
P007,HRTF_B,18,13.239,-117.37,3.88,5,1
P007,HRTF_B,18,13.253,-116.3,3.76,5,1
P007,HRTF_B,18,13.267,-115.14,3.73,5,1
P007,HRTF_B,18,13.281,-113.93,3.73,5,1
P007,HRTF_B,18,13.294,-112.68,3.72,5,1
P007,HRTF_B,18,13.308,-111.38,3.75,5,1
P007,HRTF_B,18,13.322,-110.03,3.73,5,1
P007,HRTF_B,18,13.336,-108.67,3.72,5,1
P007,HRTF_B,18,13.35,-107.25,3.68,5,1
P007,HRTF_B,18,13.364,-105.83,3.62,5,1
P007,HRTF_B,18,13.378,-104.4,3.62,5,1
P007,HRTF_B,18,13.392,-102.99,3.64,5,1
P007,HRTF_B,18,13.406,-101.58,3.71,5,1
P007,HRTF_B,18,13.419,-100.15,3.82,5,1
P007,HRTF_B,18,13.433,-98.73,4.02,5,1
P007,HRTF_B,18,13.447,-97.35,4.26,5,1
P007,HRTF_B,18,13.461,-96.01,4.48,5,1
P007,HRTF_B,18,13.475,-94.71,4.7,5,1
P007,HRTF_B,18,13.489,-93.43,4.83,5,1
P007,HRTF_B,18,13.503,-92.16,4.93,5,1
P007,HRTF_B,18,13.516,-90.89,5.02,5,1
P007,HRTF_B,18,13.53,-89.68,5.12,5,1
P007,HRTF_B,18,13.544,-88.47,5.24,5,1
P007,HRTF_B,18,13.558,-87.29,5.37,5,1
P007,HRTF_B,18,13.572,-86.12,5.48,5,1
P007,HRTF_B,18,13.586,-84.9,5.54,5,1
P007,HRTF_B,18,13.6,-83.63,5.57,5,1
P007,HRTF_B,18,13.614,-82.31,5.57,5,1
P007,HRTF_B,18,13.627,-81.0,5.57,5,1
P007,HRTF_B,18,13.641,-79.68,5.53,5,1
P007,HRTF_B,18,13.655,-78.35,5.44,5,1
P007,HRTF_B,18,13.669,-76.97,5.31,5,1
P007,HRTF_B,18,13.683,-75.59,5.11,5,1
P007,HRTF_B,18,13.697,-74.19,4.87,5,1
P007,HRTF_B,18,13.711,-72.77,4.61,5,1
P007,HRTF_B,18,13.725,-71.37,4.36,5,1
P007,HRTF_B,18,13.739,-69.98,4.12,5,1
P007,HRTF_B,18,13.753,-68.55,3.93,5,1
P007,HRTF_B,18,13.767,-67.13,3.77,5,1
P007,HRTF_B,18,13.781,-65.66,3.61,5,1
P007,HRTF_B,18,13.794,-64.18,3.46,5,1
P007,HRTF_B,18,13.809,-62.67,3.3,5,1
P007,HRTF_B,18,13.823,-61.17,3.15,5,1
P007,HRTF_B,18,13.836,-59.66,3.06,5,1
P007,HRTF_B,18,13.85,-58.17,2.97,5,1
P007,HRTF_B,18,13.864,-56.67,2.9,5,1
P007,HRTF_B,18,13.878,-55.17,2.87,5,1
P007,HRTF_B,18,13.892,-53.68,2.86,5,1
P007,HRTF_B,18,13.906,-52.21,2.89,5,1
P007,HRTF_B,18,13.919,-50.8,2.94,5,1
P007,HRTF_B,18,13.933,-49.39,2.98,5,1
P007,HRTF_B,18,13.947,-48.01,3.02,5,1
P007,HRTF_B,18,13.961,-46.61,3.01,5,1
P007,HRTF_B,18,13.975,-45.19,2.98,5,1
P007,HRTF_B,18,13.989,-43.79,2.92,5,1
P007,HRTF_B,18,14.003,-42.39,2.86,5,1
P007,HRTF_B,18,14.017,-41.01,2.77,5,1
P007,HRTF_B,18,14.031,-39.62,2.67,5,1
P007,HRTF_B,18,14.044,-38.23,2.56,5,1
P007,HRTF_B,18,14.058,-36.85,2.48,5,1
P007,HRTF_B,18,14.072,-35.48,2.41,5,1
P007,HRTF_B,18,14.086,-34.17,2.39,5,1
P007,HRTF_B,18,14.1,-32.91,2.43,5,1
P007,HRTF_B,18,14.114,-31.67,2.5,5,1
P007,HRTF_B,18,14.128,-30.45,2.55,5,1
P007,HRTF_B,18,14.142,-29.28,2.64,5,1
P007,HRTF_B,18,14.155,-28.12,2.74,5,1
P007,HRTF_B,18,14.17,-27.01,2.82,5,1
P007,HRTF_B,18,14.183,-25.9,2.91,5,1
P007,HRTF_B,18,14.197,-24.79,2.97,5,1
P007,HRTF_B,18,14.211,-23.68,3.0,5,1
P007,HRTF_B,18,14.225,-22.54,2.98,5,1
P007,HRTF_B,18,14.239,-21.37,2.95,5,1
P007,HRTF_B,18,14.253,-20.19,2.89,5,1
P007,HRTF_B,18,14.267,-19.01,2.85,5,1
P007,HRTF_B,18,14.281,-17.83,2.8,5,1
P007,HRTF_B,18,14.294,-16.61,2.73,5,1
P007,HRTF_B,18,14.308,-15.37,2.63,5,1
P007,HRTF_B,18,14.323,-14.1,2.56,5,1
P007,HRTF_B,18,14.336,-12.81,2.49,5,1
P007,HRTF_B,18,14.35,-11.52,2.49,5,1
P007,HRTF_B,18,14.364,-10.23,2.53,5,1
P007,HRTF_B,18,14.378,-8.95,2.53,5,1
P007,HRTF_B,18,14.392,-7.67,2.55,5,1
P007,HRTF_B,18,14.405,-6.36,2.53,5,1
P007,HRTF_B,18,14.42,-5.06,2.54,5,1
P007,HRTF_B,18,14.433,-3.77,2.59,5,1
P007,HRTF_B,18,14.447,-2.48,2.64,5,1
P007,HRTF_B,18,14.461,-1.21,2.7,5,1
P007,HRTF_B,18,14.475,0.04,2.74,5,1
P007,HRTF_B,18,14.489,1.3,2.77,5,1
P007,HRTF_B,18,14.503,2.55,2.77,5,1
P007,HRTF_B,18,14.517,3.78,2.77,5,1
P007,HRTF_B,18,14.531,5.0,2.77,5,1
P007,HRTF_B,18,14.544,6.21,2.78,5,1
P007,HRTF_B,18,14.558,7.43,2.8,5,1
P007,HRTF_B,18,14.572,8.63,2.82,5,1
P007,HRTF_B,18,14.586,9.81,2.84,5,1
P007,HRTF_B,18,14.6,10.98,2.83,5,1
P007,HRTF_B,18,14.614,12.13,2.85,5,1
P007,HRTF_B,18,14.628,13.27,2.83,5,1
P007,HRTF_B,18,14.642,14.39,2.8,5,1
P007,HRTF_B,18,14.656,15.52,2.78,5,1
P007,HRTF_B,18,14.669,16.63,2.76,5,1
P007,HRTF_B,18,14.683,17.72,2.76,5,1
P007,HRTF_B,18,14.697,18.8,2.74,5,1
P007,HRTF_B,18,14.711,19.87,2.72,5,1
P007,HRTF_B,18,14.725,20.95,2.67,5,1
P007,HRTF_B,18,14.739,22.02,2.62,5,1
P007,HRTF_B,18,14.753,23.08,2.57,5,1
P007,HRTF_B,18,14.767,24.13,2.52,5,1
P007,HRTF_B,18,14.781,25.16,2.5,5,1
P007,HRTF_B,18,14.794,26.18,2.47,5,1
P007,HRTF_B,18,14.808,27.2,2.42,5,1
P007,HRTF_B,18,14.822,28.19,2.38,5,1
P007,HRTF_B,18,14.836,29.16,2.33,5,1
P007,HRTF_B,18,14.85,30.11,2.26,5,1
P007,HRTF_B,18,14.864,31.02,2.17,5,1
P007,HRTF_B,18,14.878,31.9,2.09,5,1
P007,HRTF_B,18,14.892,32.72,2.03,5,1
P007,HRTF_B,18,14.905,33.47,1.87,5,1
P007,HRTF_B,18,14.919,34.11,1.61,5,1
P007,HRTF_B,18,14.933,34.62,1.2,5,1
P007,HRTF_B,18,14.947,35.06,0.77,5,1
P007,HRTF_B,18,14.961,35.47,0.35,5,1
P007,HRTF_B,18,14.975,35.94,-0.04,5,1
P007,HRTF_B,18,14.989,36.44,-0.39,5,1
P007,HRTF_B,18,15.003,36.95,-0.76,5,1
P007,HRTF_B,18,15.017,37.5,-1.12,5,1
P007,HRTF_B,18,15.03,38.09,-1.47,5,1
P007,HRTF_B,18,15.044,38.71,-1.81,5,1
P007,HRTF_B,18,15.058,39.41,-2.11,5,1
P007,HRTF_B,18,15.075,40.21,-2.35,5,1
P007,HRTF_B,18,15.088,41.03,-2.54,5,1
P007,HRTF_B,18,15.1,41.89,-2.71,5,1
P007,HRTF_B,18,15.114,42.74,-2.83,5,1
P007,HRTF_B,18,15.128,43.56,-2.94,5,1
P007,HRTF_B,18,15.142,44.33,-3.05,5,1
P007,HRTF_B,19,0.013,-12.34,-1.8,25,1
P007,HRTF_B,19,0.024,-12.46,-1.82,25,1
P007,HRTF_B,19,0.036,-12.59,-1.81,25,1
P007,HRTF_B,19,0.052,-12.7,-1.78,25,1
P007,HRTF_B,19,0.066,-12.8,-1.77,25,1
P007,HRTF_B,19,0.08,-12.92,-1.73,25,1
P007,HRTF_B,19,0.094,-13.03,-1.72,25,1
P007,HRTF_B,19,0.108,-13.17,-1.71,25,1
P007,HRTF_B,19,0.122,-13.33,-1.71,25,1
P007,HRTF_B,19,0.136,-13.51,-1.69,25,1
P007,HRTF_B,19,0.149,-13.73,-1.66,25,1
P007,HRTF_B,19,0.163,-14.02,-1.6,25,1
P007,HRTF_B,19,0.177,-14.42,-1.49,25,1
P007,HRTF_B,19,0.191,-14.98,-1.42,25,1
P007,HRTF_B,19,0.205,-15.71,-1.43,25,1
P007,HRTF_B,19,0.219,-16.54,-1.51,25,1
P007,HRTF_B,19,0.233,-17.42,-1.63,25,1
P007,HRTF_B,19,0.247,-18.25,-1.79,25,1
P007,HRTF_B,19,0.26,-19.07,-1.95,25,1
P007,HRTF_B,19,0.274,-19.88,-2.15,25,1
P007,HRTF_B,19,0.288,-20.72,-2.36,25,1
P007,HRTF_B,19,0.302,-21.6,-2.59,25,1
P007,HRTF_B,19,0.316,-22.52,-2.78,25,1
P007,HRTF_B,19,0.33,-23.39,-2.96,25,1
P007,HRTF_B,19,0.344,-24.24,-3.09,25,1
P007,HRTF_B,19,0.357,-25.02,-3.22,25,1
P007,HRTF_B,19,0.371,-25.73,-3.36,25,1
P007,HRTF_B,19,0.386,-26.4,-3.48,25,1
P007,HRTF_B,19,0.399,-26.96,-3.59,25,1
P007,HRTF_B,19,0.413,-27.46,-3.65,25,1
P007,HRTF_B,19,0.427,-27.91,-3.67,25,1
P007,HRTF_B,19,0.441,-28.28,-3.66,25,1
P007,HRTF_B,19,0.455,-28.6,-3.66,25,1
P007,HRTF_B,19,0.469,-28.88,-3.66,25,1
P007,HRTF_B,19,0.483,-29.12,-3.67,25,1
P007,HRTF_B,19,0.497,-29.32,-3.63,25,1
P007,HRTF_B,19,0.511,-29.45,-3.58,25,1
P007,HRTF_B,19,0.524,-29.54,-3.51,25,1
P007,HRTF_B,19,0.538,-29.59,-3.48,25,1
P007,HRTF_B,19,0.552,-29.61,-3.48,25,1
P007,HRTF_B,19,0.566,-29.58,-3.49,25,1
P007,HRTF_B,19,0.58,-29.49,-3.52,25,1
P007,HRTF_B,19,0.594,-29.32,-3.54,25,1
P007,HRTF_B,19,0.608,-29.07,-3.57,25,1
P007,HRTF_B,19,0.622,-28.71,-3.6,25,1
P007,HRTF_B,19,0.636,-28.27,-3.64,25,1
P007,HRTF_B,19,0.649,-27.73,-3.66,25,1
P007,HRTF_B,19,0.663,-27.08,-3.65,25,1
P007,HRTF_B,19,0.677,-26.34,-3.63,25,1
P007,HRTF_B,19,0.691,-25.45,-3.59,25,1
P007,HRTF_B,19,0.705,-24.43,-3.56,25,1
P007,HRTF_B,19,0.719,-23.27,-3.52,25,1
P007,HRTF_B,19,0.732,-22.0,-3.48,25,1
P007,HRTF_B,19,0.747,-20.64,-3.46,25,1
P007,HRTF_B,19,0.761,-19.15,-3.48,25,1
P007,HRTF_B,19,0.775,-17.54,-3.53,25,1
P007,HRTF_B,19,0.789,-15.86,-3.61,25,1
P007,HRTF_B,19,0.802,-14.12,-3.68,25,1
P007,HRTF_B,19,0.816,-12.38,-3.74,25,1
P007,HRTF_B,19,0.83,-10.58,-3.81,25,1
P007,HRTF_B,19,0.844,-8.78,-3.89,25,1
P007,HRTF_B,19,0.858,-6.97,-3.99,25,1
P007,HRTF_B,19,0.872,-5.18,-4.1,25,1
P007,HRTF_B,19,0.886,-3.44,-4.18,25,1
P007,HRTF_B,19,0.899,-1.77,-4.26,25,1
P007,HRTF_B,19,0.914,-0.15,-4.34,25,1
P007,HRTF_B,19,0.927,1.4,-4.4,25,1
P007,HRTF_B,19,0.941,2.88,-4.43,25,1
P007,HRTF_B,19,0.955,4.3,-4.4,25,1
P007,HRTF_B,19,0.969,5.62,-4.34,25,1
P007,HRTF_B,19,0.983,6.91,-4.26,25,1
P007,HRTF_B,19,0.997,8.15,-4.16,25,1
P007,HRTF_B,19,1.011,9.35,-4.0,25,1
P007,HRTF_B,19,1.025,10.53,-3.78,25,1
P007,HRTF_B,19,1.038,11.66,-3.54,25,1
P007,HRTF_B,19,1.052,12.76,-3.24,25,1
P007,HRTF_B,19,1.066,13.84,-2.9,25,1
P007,HRTF_B,19,1.08,14.91,-2.62,25,1
P007,HRTF_B,19,1.094,16.01,-2.3,25,1
P007,HRTF_B,19,1.108,17.12,-1.99,25,1
P007,HRTF_B,19,1.122,18.25,-1.69,25,1
P007,HRTF_B,19,1.136,19.38,-1.38,25,1
P007,HRTF_B,19,1.149,20.52,-1.06,25,1
P007,HRTF_B,19,1.163,21.66,-0.8,25,1
P007,HRTF_B,19,1.177,22.84,-0.58,25,1
P007,HRTF_B,19,1.191,24.06,-0.41,25,1
P007,HRTF_B,19,1.205,25.31,-0.27,25,1
P007,HRTF_B,19,1.219,26.56,-0.14,25,1
P007,HRTF_B,19,1.233,27.82,0.0,25,1
P007,HRTF_B,19,1.247,29.09,0.1,25,1
P007,HRTF_B,19,1.26,30.37,0.16,25,1
P007,HRTF_B,19,1.274,31.68,0.2,25,1
P007,HRTF_B,19,1.288,32.99,0.26,25,1
P007,HRTF_B,19,1.302,34.27,0.33,25,1
P007,HRTF_B,19,1.316,35.55,0.4,25,1
P007,HRTF_B,19,1.33,36.82,0.44,25,1
P007,HRTF_B,19,1.344,38.08,0.43,25,1
P007,HRTF_B,19,1.358,39.31,0.4,25,1
P007,HRTF_B,19,1.372,40.57,0.35,25,1
P007,HRTF_B,19,1.385,41.81,0.27,25,1
P007,HRTF_B,19,1.4,43.03,0.21,25,1
P007,HRTF_B,19,1.414,44.22,0.15,25,1
P007,HRTF_B,19,1.427,45.44,0.08,25,1
P007,HRTF_B,19,1.441,46.63,0.0,25,1
P007,HRTF_B,19,1.455,47.85,-0.13,25,1
P007,HRTF_B,19,1.469,49.05,-0.24,25,1
P007,HRTF_B,19,1.483,50.27,-0.32,25,1
P007,HRTF_B,19,1.497,51.49,-0.37,25,1
P007,HRTF_B,19,1.51,52.7,-0.34,25,1
P007,HRTF_B,19,1.525,53.91,-0.22,25,1
P007,HRTF_B,19,1.539,55.1,-0.04,25,1
P007,HRTF_B,19,1.552,56.31,0.17,25,1
P007,HRTF_B,19,1.566,57.52,0.38,25,1
P007,HRTF_B,19,1.58,58.72,0.66,25,1
P007,HRTF_B,19,1.594,59.89,1.02,25,1
P007,HRTF_B,19,1.608,61.06,1.32,25,1
P007,HRTF_B,19,1.622,62.22,1.63,25,1
P007,HRTF_B,19,1.636,63.46,1.92,25,1
P007,HRTF_B,19,1.649,64.72,2.22,25,1
P007,HRTF_B,19,1.663,65.99,2.57,25,1
P007,HRTF_B,19,1.677,67.24,2.96,25,1
P007,HRTF_B,19,1.691,68.49,3.36,25,1
P007,HRTF_B,19,1.705,69.76,3.74,25,1
P007,HRTF_B,19,1.719,71.01,4.09,25,1
P007,HRTF_B,19,1.733,72.25,4.43,25,1
P007,HRTF_B,19,1.747,73.47,4.7,25,1
P007,HRTF_B,19,1.761,74.66,4.91,25,1
P007,HRTF_B,19,1.775,75.85,5.05,25,1
P007,HRTF_B,19,1.789,77.04,5.13,25,1
P007,HRTF_B,19,1.803,78.21,5.14,25,1
P007,HRTF_B,19,1.817,79.34,5.07,25,1
P007,HRTF_B,19,1.831,80.41,4.93,25,1
P007,HRTF_B,19,1.844,81.46,4.72,25,1
P007,HRTF_B,19,1.858,82.54,4.47,25,1
P007,HRTF_B,19,1.872,83.62,4.22,25,1
P007,HRTF_B,19,1.886,84.74,4.01,25,1
P007,HRTF_B,19,1.9,85.84,3.85,25,1
P007,HRTF_B,19,1.913,86.95,3.65,25,1
P007,HRTF_B,19,1.927,88.02,3.42,25,1
P007,HRTF_B,19,1.941,89.09,3.15,25,1
P007,HRTF_B,19,1.955,90.19,2.89,25,1
P007,HRTF_B,19,1.969,91.29,2.65,25,1
P007,HRTF_B,19,1.983,92.38,2.3,25,1
P007,HRTF_B,19,1.997,93.45,1.82,25,1
P007,HRTF_B,19,2.011,94.49,1.23,25,1
P007,HRTF_B,19,2.025,95.54,0.53,25,1
P007,HRTF_B,19,2.039,96.56,-0.33,25,1
P007,HRTF_B,19,2.052,97.55,-1.22,25,1
P007,HRTF_B,19,2.066,98.5,-2.05,25,1
P007,HRTF_B,19,2.08,99.45,-2.84,25,1
P007,HRTF_B,19,2.094,100.34,-3.58,25,1
P007,HRTF_B,19,2.108,101.19,-4.3,25,1
P007,HRTF_B,19,2.122,102.02,-5.03,25,1
P007,HRTF_B,19,2.136,102.8,-5.71,25,1
P007,HRTF_B,19,2.149,103.54,-6.38,25,1
P007,HRTF_B,19,2.163,104.25,-7.03,25,1
P007,HRTF_B,19,2.177,104.93,-7.65,25,1
P007,HRTF_B,19,2.191,105.59,-8.26,25,1
P007,HRTF_B,19,2.205,106.24,-8.82,25,1
P007,HRTF_B,19,2.219,106.84,-9.38,25,1
P007,HRTF_B,19,2.233,107.42,-9.95,25,1
P007,HRTF_B,19,2.246,108.0,-10.54,25,1
P007,HRTF_B,19,2.261,108.57,-11.13,25,1
P007,HRTF_B,19,2.275,109.15,-11.73,25,1
P007,HRTF_B,19,2.288,109.72,-12.33,25,1
P007,HRTF_B,19,2.302,110.32,-12.88,25,1
P007,HRTF_B,19,2.316,110.91,-13.38,25,1
P007,HRTF_B,19,2.33,111.51,-13.84,25,1
P007,HRTF_B,19,2.344,112.1,-14.23,25,1
P007,HRTF_B,19,2.358,112.64,-14.58,25,1
P007,HRTF_B,19,2.372,113.18,-14.92,25,1
P007,HRTF_B,19,2.386,113.69,-15.25,25,1
P007,HRTF_B,19,2.4,114.18,-15.58,25,1
P007,HRTF_B,19,2.414,114.66,-15.9,25,1
P007,HRTF_B,19,2.428,115.08,-16.25,25,1
P007,HRTF_B,19,2.441,115.46,-16.61,25,1
P007,HRTF_B,19,2.455,115.78,-16.99,25,1
P007,HRTF_B,19,2.469,116.08,-17.43,25,1
P007,HRTF_B,19,2.483,116.33,-17.94,25,1
P007,HRTF_B,19,2.497,116.61,-18.59,25,1
P007,HRTF_B,19,2.511,116.85,-19.38,25,1
P007,HRTF_B,19,2.525,117.09,-20.19,25,1
P007,HRTF_B,19,2.539,117.33,-20.95,25,1
P007,HRTF_B,19,2.552,117.55,-21.66,25,1
P007,HRTF_B,19,2.566,117.77,-22.35,25,1
P007,HRTF_B,19,2.58,117.97,-23.07,25,1
P007,HRTF_B,19,2.594,118.16,-23.82,25,1
P007,HRTF_B,19,2.608,118.34,-24.54,25,1
P007,HRTF_B,19,2.622,118.52,-25.27,25,1
P007,HRTF_B,19,2.636,118.69,-26.07,25,1
P007,HRTF_B,19,2.65,118.84,-26.97,25,1
P007,HRTF_B,19,2.664,118.97,-27.97,25,1
P007,HRTF_B,19,2.678,119.12,-29.01,25,1
P007,HRTF_B,19,2.691,119.26,-30.1,25,1
P007,HRTF_B,19,2.705,119.39,-31.36,25,1
P007,HRTF_B,19,2.719,119.35,-32.77,25,1
P007,HRTF_B,19,2.733,119.08,-34.32,25,1
P007,HRTF_B,19,2.747,118.62,-35.93,25,1
P007,HRTF_B,19,2.761,118.12,-37.37,25,1
P007,HRTF_B,19,2.775,117.61,-38.67,25,1
P007,HRTF_B,19,2.789,117.16,-39.8,25,1
P007,HRTF_B,19,2.802,116.78,-40.76,25,1
P007,HRTF_B,19,2.817,116.47,-41.58,25,1
P007,HRTF_B,19,2.831,116.3,-42.32,25,1
P007,HRTF_B,19,2.844,116.11,-42.98,25,1
P007,HRTF_B,19,2.858,115.96,-43.7,25,1
P007,HRTF_B,19,2.872,115.83,-44.43,25,1
P007,HRTF_B,19,2.886,115.7,-45.13,25,1
P007,HRTF_B,19,2.9,115.58,-45.76,25,1
P007,HRTF_B,19,2.914,115.46,-46.31,25,1
P007,HRTF_B,19,2.927,115.31,-46.76,25,1
P007,HRTF_B,19,2.941,115.17,-47.16,25,1
P007,HRTF_B,19,2.956,115.03,-47.53,25,1
P007,HRTF_B,19,2.969,114.92,-47.91,25,1
P007,HRTF_B,19,2.983,114.81,-48.35,25,1
P007,HRTF_B,19,2.997,114.63,-48.76,25,1
P007,HRTF_B,19,3.011,114.61,-49.34,25,1
P007,HRTF_B,19,3.03,114.56,-49.91,25,1
P007,HRTF_B,19,3.053,114.37,-51.01,25,1
P007,HRTF_B,19,3.067,114.25,-51.58,25,1
P007,HRTF_B,19,3.082,114.16,-52.19,25,1
P007,HRTF_B,19,3.097,114.09,-52.82,25,1
P007,HRTF_B,19,3.112,113.9,-54.12,25,1
P007,HRTF_B,19,3.127,113.84,-54.8,25,1
P007,HRTF_B,19,3.141,113.76,-55.46,25,1
P007,HRTF_B,19,3.156,113.69,-56.11,25,1
P007,HRTF_B,19,3.171,113.57,-56.64,25,1
P007,HRTF_B,19,3.186,113.4,-57.13,25,1
P007,HRTF_B,19,3.2,113.32,-57.6,25,1
P007,HRTF_B,19,3.215,113.24,-57.99,25,1
P007,HRTF_B,19,3.23,113.15,-58.22,25,1
P007,HRTF_B,19,3.246,113.15,-58.29,25,1
P007,HRTF_B,19,3.262,113.12,-58.16,25,1
P007,HRTF_B,19,3.277,113.19,-57.94,25,1
P007,HRTF_B,19,3.292,113.45,-57.34,25,1
P007,HRTF_B,19,3.307,113.71,-56.74,25,1
P007,HRTF_B,19,3.322,114.07,-56.0,25,1
P007,HRTF_B,19,3.336,114.51,-55.24,25,1
P007,HRTF_B,19,3.351,114.93,-54.47,25,1
P007,HRTF_B,19,3.366,115.27,-53.71,25,1
P007,HRTF_B,19,3.382,115.64,-52.93,25,1
P007,HRTF_B,19,3.396,115.99,-52.12,25,1
P007,HRTF_B,19,3.411,116.34,-51.37,25,1
P007,HRTF_B,19,3.426,116.66,-50.62,25,1
P007,HRTF_B,19,3.44,116.95,-49.92,25,1
P007,HRTF_B,19,3.455,117.24,-49.23,25,1
P007,HRTF_B,19,3.472,117.48,-48.53,25,1
P007,HRTF_B,19,3.487,117.86,-47.21,25,1
P007,HRTF_B,19,3.502,117.95,-46.6,25,1
P007,HRTF_B,19,3.516,117.99,-46.03,25,1
P007,HRTF_B,19,3.531,117.85,-45.5,25,1
P007,HRTF_B,19,3.547,117.47,-45.05,25,1
P007,HRTF_B,19,3.562,116.85,-44.64,25,1
P007,HRTF_B,19,3.576,115.95,-44.35,25,1
P007,HRTF_B,19,3.588,114.87,-44.13,25,1
P007,HRTF_B,19,3.601,113.49,-44.03,25,1
P007,HRTF_B,19,3.622,111.52,-43.9,25,1
P007,HRTF_B,19,3.635,109.4,-43.74,25,1
P007,HRTF_B,19,3.649,107.06,-43.54,25,1
P007,HRTF_B,19,3.663,104.54,-43.27,25,1
P007,HRTF_B,19,3.677,101.91,-42.91,25,1
P007,HRTF_B,19,3.691,99.2,-42.49,25,1
P007,HRTF_B,19,3.705,96.48,-42.06,25,1
P007,HRTF_B,19,3.719,93.77,-41.61,25,1
P007,HRTF_B,19,3.732,91.12,-41.14,25,1
P007,HRTF_B,19,3.746,88.59,-40.62,25,1
P007,HRTF_B,19,3.76,86.29,-40.15,25,1
P007,HRTF_B,19,3.774,84.07,-39.64,25,1
P007,HRTF_B,19,3.788,82.03,-39.18,25,1
P007,HRTF_B,19,3.802,80.18,-38.73,25,1
P007,HRTF_B,19,3.816,78.61,-38.4,25,1
P007,HRTF_B,19,3.83,77.2,-38.13,25,1
P007,HRTF_B,19,3.844,75.92,-38.01,25,1
P007,HRTF_B,19,3.858,74.81,-38.01,25,1
P007,HRTF_B,19,3.873,73.89,-38.16,25,1
P007,HRTF_B,19,3.886,73.2,-38.35,25,1
P007,HRTF_B,19,3.899,72.64,-38.59,25,1
P007,HRTF_B,19,3.913,72.26,-38.91,25,1
P007,HRTF_B,19,3.927,71.98,-39.27,25,1
P007,HRTF_B,19,3.941,71.73,-39.69,25,1
P007,HRTF_B,19,3.955,71.5,-40.11,25,1
P007,HRTF_B,19,3.969,71.29,-40.52,25,1
P007,HRTF_B,19,3.982,71.06,-40.92,25,1
P007,HRTF_B,19,3.997,70.77,-41.3,25,1
P007,HRTF_B,19,4.01,70.42,-41.7,25,1
P007,HRTF_B,19,4.024,70.01,-42.1,25,1
P007,HRTF_B,19,4.038,69.57,-42.45,25,1
P007,HRTF_B,19,4.052,69.05,-42.76,25,1
P007,HRTF_B,19,4.066,68.46,-43.02,25,1
P007,HRTF_B,19,4.08,67.79,-43.26,25,1
P007,HRTF_B,19,4.094,67.07,-43.54,25,1
P007,HRTF_B,19,4.108,66.3,-43.86,25,1
P007,HRTF_B,19,4.121,65.52,-44.24,25,1
P007,HRTF_B,19,4.136,64.73,-44.63,25,1
P007,HRTF_B,19,4.149,63.89,-45.03,25,1
P007,HRTF_B,19,4.163,63.0,-45.4,25,1
P007,HRTF_B,19,4.177,62.06,-45.75,25,1
P007,HRTF_B,19,4.191,61.09,-46.16,25,1
P007,HRTF_B,19,4.205,60.17,-46.62,25,1
P007,HRTF_B,19,4.219,59.29,-47.11,25,1
P007,HRTF_B,19,4.232,58.43,-47.61,25,1
P007,HRTF_B,19,4.246,57.57,-48.06,25,1
P007,HRTF_B,19,4.26,56.68,-48.55,25,1
P007,HRTF_B,19,4.274,55.77,-49.08,25,1
P007,HRTF_B,19,4.288,54.85,-49.65,25,1
P007,HRTF_B,19,4.302,53.99,-50.28,25,1
P007,HRTF_B,19,4.316,53.21,-50.86,25,1
P007,HRTF_B,19,4.33,52.49,-51.41,25,1
P007,HRTF_B,19,4.344,51.86,-51.93,25,1
P007,HRTF_B,19,4.358,51.26,-52.4,25,1
P007,HRTF_B,19,4.371,50.72,-52.81,25,1
P007,HRTF_B,19,4.385,50.29,-53.19,25,1
P007,HRTF_B,19,4.399,49.9,-53.55,25,1
P007,HRTF_B,19,4.413,49.6,-53.87,25,1
P007,HRTF_B,19,4.427,49.38,-54.15,25,1
P007,HRTF_B,19,4.441,49.28,-54.47,25,1
P007,HRTF_B,19,4.455,49.26,-54.75,25,1
P007,HRTF_B,19,4.469,49.34,-55.04,25,1
P007,HRTF_B,19,4.483,49.48,-55.3,25,1
P007,HRTF_B,19,4.497,49.63,-55.54,25,1
P007,HRTF_B,19,4.51,49.83,-55.82,25,1
P007,HRTF_B,19,4.524,50.07,-56.16,25,1
P007,HRTF_B,19,4.538,50.32,-56.59,25,1
P007,HRTF_B,19,4.552,50.62,-57.07,25,1
P007,HRTF_B,19,4.566,50.92,-57.62,25,1
P007,HRTF_B,19,4.58,51.23,-58.19,25,1
P007,HRTF_B,19,4.594,51.57,-58.81,25,1
P007,HRTF_B,19,4.609,51.89,-59.33,25,1
P007,HRTF_B,19,4.623,52.16,-59.8,25,1
P007,HRTF_B,19,4.639,52.43,-60.24,25,1
P007,HRTF_B,19,4.654,52.92,-61.09,25,1
P007,HRTF_B,19,4.672,53.18,-61.54,25,1
P007,HRTF_B,19,4.687,53.37,-61.99,25,1
P007,HRTF_B,19,4.702,53.68,-62.4,25,1
P007,HRTF_B,19,4.716,54.01,-62.75,25,1
P007,HRTF_B,19,4.731,54.44,-63.11,25,1
P007,HRTF_B,19,4.746,54.82,-63.53,25,1
P007,HRTF_B,19,4.76,55.23,-64.02,25,1
P007,HRTF_B,19,4.775,55.68,-64.54,25,1
P007,HRTF_B,19,4.79,56.21,-65.05,25,1
P007,HRTF_B,19,4.805,56.87,-65.55,25,1
P007,HRTF_B,19,4.819,58.23,-66.57,25,1
P007,HRTF_B,19,4.834,59.19,-67.23,25,1
P007,HRTF_B,19,4.85,60.31,-67.87,25,1
P007,HRTF_B,19,4.864,61.77,-68.47,25,1
P007,HRTF_B,19,4.879,63.66,-69.09,25,1
P007,HRTF_B,19,4.896,65.7,-69.78,25,1
P007,HRTF_B,19,4.909,67.83,-70.51,25,1
P007,HRTF_B,19,4.922,70.16,-71.21,25,1
P007,HRTF_B,19,4.94,72.79,-71.84,25,1
P007,HRTF_B,19,4.954,75.66,-72.4,25,1
P007,HRTF_B,19,4.968,78.9,-72.85,25,1
P007,HRTF_B,19,4.982,82.16,-73.25,25,1
P007,HRTF_B,19,4.996,85.85,-73.72,25,1
P007,HRTF_B,19,5.01,89.86,-74.02,25,1
P007,HRTF_B,19,5.024,94.26,-74.15,25,1
P007,HRTF_B,19,5.038,99.14,-74.05,25,1
P007,HRTF_B,19,5.052,103.84,-73.68,25,1
P007,HRTF_B,19,5.066,108.0,-73.17,25,1
P007,HRTF_B,19,5.079,111.95,-72.68,25,1
P007,HRTF_B,19,5.094,115.69,-71.99,25,1
P007,HRTF_B,19,5.107,119.26,-71.28,25,1
P007,HRTF_B,19,5.121,122.59,-70.31,25,1
P007,HRTF_B,19,5.135,125.72,-69.36,25,1
P007,HRTF_B,19,5.149,128.73,-68.5,25,1
P007,HRTF_B,19,5.163,131.57,-67.72,25,1
P007,HRTF_B,19,5.177,134.26,-67.06,25,1
P007,HRTF_B,19,5.191,137.19,-66.32,25,1
P007,HRTF_B,19,5.205,139.7,-65.59,25,1
P007,HRTF_B,19,5.219,141.84,-64.8,25,1
P007,HRTF_B,19,5.232,143.91,-64.02,25,1
P007,HRTF_B,19,5.246,146.14,-63.33,25,1
P007,HRTF_B,19,5.26,147.98,-62.69,25,1
P007,HRTF_B,19,5.274,150.01,-62.13,25,1
P007,HRTF_B,19,5.289,151.63,-61.5,25,1
P007,HRTF_B,19,5.302,153.54,-60.96,25,1
P007,HRTF_B,19,5.316,155.08,-60.63,25,1
P007,HRTF_B,19,5.329,156.72,-60.26,25,1
P007,HRTF_B,19,5.343,158.24,-59.97,25,1
P007,HRTF_B,19,5.357,159.86,-59.73,25,1
P007,HRTF_B,19,5.371,161.28,-59.44,25,1
P007,HRTF_B,19,5.385,162.72,-59.12,25,1
P007,HRTF_B,19,5.399,163.97,-58.79,25,1
P007,HRTF_B,19,5.413,165.13,-58.42,25,1
P007,HRTF_B,19,5.427,166.04,-57.88,25,1
P007,HRTF_B,19,5.441,166.54,-57.19,25,1
P007,HRTF_B,19,5.455,166.72,-56.23,25,1
P007,HRTF_B,19,5.468,166.56,-55.12,25,1
P007,HRTF_B,19,5.482,166.06,-53.79,25,1
P007,HRTF_B,19,5.496,165.39,-52.27,25,1
P007,HRTF_B,19,5.51,164.64,-50.5,25,1
P007,HRTF_B,19,5.524,163.69,-48.4,25,1
P007,HRTF_B,19,5.538,162.85,-46.04,25,1
P007,HRTF_B,19,5.552,162.14,-43.62,25,1
P007,HRTF_B,19,5.566,161.57,-41.16,25,1
P007,HRTF_B,19,5.58,161.05,-38.67,25,1
P007,HRTF_B,19,5.594,160.67,-36.24,25,1
P007,HRTF_B,19,5.607,160.41,-33.96,25,1
P007,HRTF_B,19,5.621,160.27,-31.77,25,1
P007,HRTF_B,19,5.635,160.25,-29.71,25,1
P007,HRTF_B,19,5.649,160.3,-27.73,25,1
P007,HRTF_B,19,5.663,160.39,-25.86,25,1
P007,HRTF_B,19,5.677,160.51,-24.11,25,1
P007,HRTF_B,19,5.691,160.7,-22.5,25,1
P007,HRTF_B,19,5.705,160.97,-21.02,25,1
P007,HRTF_B,19,5.719,161.3,-19.56,25,1
P007,HRTF_B,19,5.733,161.65,-18.03,25,1
P007,HRTF_B,19,5.746,161.98,-16.46,25,1
P007,HRTF_B,19,5.76,162.26,-14.93,25,1
P007,HRTF_B,19,5.774,162.53,-13.51,25,1
P007,HRTF_B,19,5.788,162.87,-12.1,25,1
P007,HRTF_B,19,5.802,163.26,-10.71,25,1
P007,HRTF_B,19,5.816,163.66,-9.28,25,1
P007,HRTF_B,19,5.83,164.03,-7.83,25,1
P007,HRTF_B,19,5.843,164.38,-6.39,25,1
P007,HRTF_B,19,5.857,164.68,-5.02,25,1
P007,HRTF_B,19,5.871,165.0,-3.69,25,1
P007,HRTF_B,19,5.886,165.35,-2.42,25,1
P007,HRTF_B,19,5.899,165.69,-1.16,25,1
P007,HRTF_B,19,5.913,166.03,0.07,25,1
P007,HRTF_B,19,5.928,166.32,1.24,25,1
P007,HRTF_B,19,5.942,166.65,2.36,25,1
P007,HRTF_B,19,5.957,166.99,3.39,25,1
P007,HRTF_B,19,5.972,167.74,5.44,25,1
P007,HRTF_B,19,5.987,168.16,6.29,25,1
P007,HRTF_B,19,6.002,168.48,7.01,25,1
P007,HRTF_B,19,6.018,168.77,7.62,25,1
P007,HRTF_B,19,6.034,168.98,8.2,25,1
P007,HRTF_B,19,6.049,169.17,8.84,25,1
P007,HRTF_B,19,6.066,169.32,9.5,25,1
P007,HRTF_B,19,6.08,169.44,10.09,25,1
P007,HRTF_B,19,6.097,169.68,11.13,25,1
P007,HRTF_B,19,6.114,169.84,11.53,25,1
P007,HRTF_B,19,6.129,170.06,12.06,25,1
P007,HRTF_B,19,6.144,170.22,12.67,25,1
P007,HRTF_B,19,6.158,170.33,13.22,25,1
P007,HRTF_B,19,6.173,170.44,13.67,25,1
P007,HRTF_B,19,6.186,170.51,14.04,25,1
P007,HRTF_B,19,6.198,170.6,14.3,25,1
P007,HRTF_B,19,6.218,170.66,14.52,25,1
P007,HRTF_B,19,6.232,170.7,14.72,25,1
P007,HRTF_B,19,6.246,170.72,14.92,25,1
P007,HRTF_B,19,6.26,170.73,15.08,25,1
P007,HRTF_B,19,6.274,170.77,15.16,25,1
P007,HRTF_B,19,6.288,170.85,15.16,25,1
P007,HRTF_B,19,6.303,170.95,15.12,25,1
P007,HRTF_B,19,6.315,171.09,15.07,25,1
P007,HRTF_B,19,6.327,171.29,15.01,25,1
P007,HRTF_B,19,6.343,171.59,14.9,25,1
P007,HRTF_B,19,6.357,171.98,14.77,25,1
P007,HRTF_B,19,6.371,172.5,14.63,25,1
P007,HRTF_B,19,6.385,173.11,14.49,25,1
P007,HRTF_B,19,6.399,173.74,14.37,25,1
P007,HRTF_B,19,6.412,174.5,14.3,25,1
P007,HRTF_B,19,6.427,175.3,14.25,25,1
P007,HRTF_B,19,6.44,176.12,14.26,25,1
P007,HRTF_B,19,6.454,176.97,14.29,25,1
P007,HRTF_B,19,6.468,177.89,14.27,25,1
P007,HRTF_B,19,6.482,178.77,14.18,25,1
P007,HRTF_B,19,6.496,179.63,14.09,25,1
P007,HRTF_B,19,6.509,-179.52,14.0,25,1
P007,HRTF_B,19,6.523,-178.73,13.95,25,1
P007,HRTF_B,19,6.537,-177.99,13.9,25,1
P007,HRTF_B,19,6.551,-177.3,13.77,25,1
P007,HRTF_B,19,6.565,-176.64,13.59,25,1
P007,HRTF_B,19,6.579,-175.97,13.42,25,1
P007,HRTF_B,19,6.593,-175.33,13.26,25,1
P007,HRTF_B,19,6.607,-174.7,13.15,25,1
P007,HRTF_B,19,6.621,-174.13,13.06,25,1
P007,HRTF_B,19,6.635,-173.59,12.96,25,1
P007,HRTF_B,19,6.649,-173.08,12.83,25,1
P007,HRTF_B,19,6.663,-172.53,12.65,25,1
P007,HRTF_B,19,6.676,-171.94,12.48,25,1
P007,HRTF_B,19,6.69,-171.3,12.36,25,1
P007,HRTF_B,19,6.705,-170.61,12.28,25,1
P007,HRTF_B,19,6.718,-169.84,12.25,25,1
P007,HRTF_B,19,6.732,-168.96,12.21,25,1
P007,HRTF_B,19,6.746,-167.95,12.15,25,1
P007,HRTF_B,19,6.76,-166.78,12.06,25,1
P007,HRTF_B,19,6.774,-165.48,12.0,25,1
P007,HRTF_B,19,6.787,-164.05,11.98,25,1
P007,HRTF_B,19,6.802,-162.5,11.98,25,1
P007,HRTF_B,19,6.815,-160.83,11.97,25,1
P007,HRTF_B,19,6.829,-159.03,11.95,25,1
P007,HRTF_B,19,6.843,-157.18,11.94,25,1
P007,HRTF_B,19,6.857,-155.22,11.94,25,1
P007,HRTF_B,19,6.871,-153.15,11.84,25,1
P007,HRTF_B,19,6.885,-150.95,11.71,25,1
P007,HRTF_B,19,6.899,-148.64,11.52,25,1
P007,HRTF_B,19,6.912,-146.29,11.35,25,1
P007,HRTF_B,19,6.927,-143.91,11.21,25,1
P007,HRTF_B,19,6.94,-141.46,10.98,25,1
P007,HRTF_B,19,6.954,-138.95,10.67,25,1
P007,HRTF_B,19,6.968,-136.43,10.31,25,1
P007,HRTF_B,19,6.982,-133.95,9.98,25,1
P007,HRTF_B,19,6.996,-131.56,9.67,25,1
P007,HRTF_B,19,7.01,-129.22,9.32,25,1
P007,HRTF_B,19,7.024,-126.95,8.88,25,1
P007,HRTF_B,19,7.038,-124.68,8.37,25,1
P007,HRTF_B,19,7.051,-122.46,7.9,25,1
P007,HRTF_B,19,7.065,-120.37,7.49,25,1
P007,HRTF_B,19,7.079,-118.36,7.04,25,1
P007,HRTF_B,19,7.098,-116.42,6.48,25,1
P007,HRTF_B,19,7.121,-112.53,5.29,25,1
P007,HRTF_B,19,7.135,-110.75,4.79,25,1
P007,HRTF_B,19,7.149,-109.22,4.33,25,1
P007,HRTF_B,19,7.163,-107.82,3.87,25,1
P007,HRTF_B,19,7.176,-106.56,3.43,25,1
P007,HRTF_B,19,7.19,-105.41,3.07,25,1
P007,HRTF_B,19,7.204,-104.43,2.89,25,1
P007,HRTF_B,19,7.218,-103.63,2.84,25,1
P007,HRTF_B,19,7.232,-102.96,2.84,25,1
P007,HRTF_B,19,7.246,-102.35,2.8,25,1
P007,HRTF_B,19,7.26,-101.78,2.65,25,1
P007,HRTF_B,19,7.274,-101.25,2.49,25,1
P007,HRTF_B,19,7.288,-100.79,2.38,25,1
P007,HRTF_B,19,7.302,-100.39,2.33,25,1
P007,HRTF_B,19,7.316,-100.05,2.28,25,1
P007,HRTF_B,19,7.329,-99.72,2.18,25,1
P007,HRTF_B,19,7.343,-99.4,2.09,25,1
P007,HRTF_B,19,7.357,-99.06,1.99,25,1
P007,HRTF_B,19,7.371,-98.75,1.96,25,1
P007,HRTF_B,19,7.385,-98.49,1.97,25,1
P007,HRTF_B,19,7.399,-98.26,1.92,25,1
P007,HRTF_B,19,7.413,-98.03,1.79,25,1
P007,HRTF_B,19,7.427,-97.72,1.59,25,1
P007,HRTF_B,19,7.441,-97.42,1.37,25,1
P007,HRTF_B,19,7.454,-97.12,1.17,25,1
P007,HRTF_B,19,7.468,-96.92,0.97,25,1
P007,HRTF_B,19,7.482,-96.81,0.77,25,1
P007,HRTF_B,19,7.495,-96.74,0.5,25,1
P007,HRTF_B,19,7.51,-96.71,0.18,25,1
P007,HRTF_B,19,7.523,-96.66,-0.16,25,1
P007,HRTF_B,19,7.538,-96.64,-0.46,25,1
P007,HRTF_B,20,0.014,-8.28,-2.25,31,1
P007,HRTF_B,20,0.026,-8.09,-2.28,31,1
P007,HRTF_B,20,0.037,-7.93,-2.34,31,1
P007,HRTF_B,20,0.059,-7.85,-2.41,31,1
P007,HRTF_B,20,0.073,-7.79,-2.43,31,1
P007,HRTF_B,20,0.087,-7.78,-2.42,31,1
P007,HRTF_B,20,0.101,-7.81,-2.38,31,1
P007,HRTF_B,20,0.114,-7.94,-2.35,31,1
P007,HRTF_B,20,0.129,-8.11,-2.37,31,1
P007,HRTF_B,20,0.143,-8.35,-2.38,31,1
P007,HRTF_B,20,0.156,-8.59,-2.41,31,1
P007,HRTF_B,20,0.17,-8.84,-2.43,31,1
P007,HRTF_B,20,0.184,-9.13,-2.39,31,1
P007,HRTF_B,20,0.198,-9.42,-2.36,31,1
P007,HRTF_B,20,0.212,-9.81,-2.27,31,1
P007,HRTF_B,20,0.226,-10.18,-2.21,31,1
P007,HRTF_B,20,0.24,-10.52,-2.21,31,1
P007,HRTF_B,20,0.254,-10.82,-2.26,31,1
P007,HRTF_B,20,0.268,-11.13,-2.27,31,1
P007,HRTF_B,20,0.281,-11.32,-2.41,31,1
P007,HRTF_B,20,0.295,-11.54,-2.38,31,1
P007,HRTF_B,20,0.309,-11.71,-2.4,31,1
P007,HRTF_B,21,0.014,-8.73,-0.69,5,1
P007,HRTF_B,21,0.026,-8.57,-0.76,5,1
P007,HRTF_B,21,0.038,-8.59,-0.81,5,1
P007,HRTF_B,21,0.055,-8.5,-0.77,5,1
P007,HRTF_B,21,0.068,-8.46,-0.68,5,1
P007,HRTF_B,21,0.083,-8.44,-0.61,5,1
P007,HRTF_B,21,0.096,-8.41,-0.58,5,1
P007,HRTF_B,21,0.11,-8.36,-0.6,5,1
P007,HRTF_B,21,0.124,-8.3,-0.64,5,1
P007,HRTF_B,21,0.138,-8.24,-0.67,5,1
P007,HRTF_B,21,0.152,-8.23,-0.66,5,1
P007,HRTF_B,21,0.166,-8.24,-0.68,5,1
P007,HRTF_B,21,0.18,-8.29,-0.72,5,1
P007,HRTF_B,21,0.193,-8.34,-0.77,5,1
P007,HRTF_B,21,0.208,-8.4,-0.86,5,1
P007,HRTF_B,21,0.222,-8.44,-0.99,5,1
P007,HRTF_B,21,0.235,-8.52,-1.19,5,1
P007,HRTF_B,21,0.249,-8.63,-1.38,5,1
P007,HRTF_B,21,0.263,-8.79,-1.53,5,1
P007,HRTF_B,21,0.277,-9.02,-1.73,5,1
P007,HRTF_B,21,0.291,-9.26,-2.0,5,1
P007,HRTF_B,21,0.305,-9.52,-2.25,5,1
P007,HRTF_B,21,0.318,-9.78,-2.56,5,1
P007,HRTF_B,21,0.333,-10.03,-2.86,5,1
P007,HRTF_B,21,0.346,-10.34,-3.18,5,1
P007,HRTF_B,21,0.36,-10.71,-3.46,5,1
P007,HRTF_B,21,0.374,-11.13,-3.72,5,1
P007,HRTF_B,21,0.388,-11.59,-3.95,5,1
P007,HRTF_B,21,0.402,-12.02,-4.22,5,1
P007,HRTF_B,21,0.416,-12.46,-4.61,5,1
P007,HRTF_B,21,0.43,-12.88,-5.06,5,1
P007,HRTF_B,21,0.444,-13.31,-5.54,5,1
P007,HRTF_B,21,0.457,-13.78,-5.98,5,1
P007,HRTF_B,21,0.471,-14.28,-6.35,5,1
P007,HRTF_B,21,0.486,-14.78,-6.62,5,1
P007,HRTF_B,21,0.499,-15.29,-6.91,5,1
P007,HRTF_B,21,0.513,-15.82,-7.18,5,1
P007,HRTF_B,21,0.527,-16.38,-7.5,5,1
P007,HRTF_B,21,0.541,-16.97,-7.79,5,1
P007,HRTF_B,21,0.555,-17.56,-8.04,5,1
P007,HRTF_B,21,0.569,-18.13,-8.27,5,1
P007,HRTF_B,21,0.583,-18.65,-8.5,5,1
P007,HRTF_B,21,0.597,-19.13,-8.75,5,1
P007,HRTF_B,21,0.61,-19.6,-9.0,5,1
P007,HRTF_B,21,0.625,-20.07,-9.19,5,1
P007,HRTF_B,21,0.638,-20.61,-9.29,5,1
P007,HRTF_B,21,0.652,-21.18,-9.32,5,1
P007,HRTF_B,21,0.666,-21.79,-9.37,5,1
P007,HRTF_B,21,0.68,-22.43,-9.45,5,1
P007,HRTF_B,21,0.694,-23.11,-9.63,5,1
P007,HRTF_B,21,0.708,-23.85,-9.83,5,1
P007,HRTF_B,21,0.722,-24.67,-9.99,5,1
P007,HRTF_B,21,0.735,-25.6,-10.04,5,1
P007,HRTF_B,21,0.749,-26.58,-10.07,5,1
P007,HRTF_B,21,0.764,-27.67,-10.1,5,1
P007,HRTF_B,21,0.777,-28.82,-10.23,5,1
P007,HRTF_B,21,0.791,-30.03,-10.38,5,1
P007,HRTF_B,21,0.805,-31.31,-10.51,5,1
P007,HRTF_B,21,0.819,-32.62,-10.6,5,1
P007,HRTF_B,21,0.833,-33.98,-10.68,5,1
P007,HRTF_B,21,0.847,-35.37,-10.83,5,1
P007,HRTF_B,21,0.861,-36.8,-11.06,5,1
P007,HRTF_B,21,0.874,-38.22,-11.34,5,1
P007,HRTF_B,21,0.888,-39.64,-11.59,5,1
P007,HRTF_B,21,0.902,-41.03,-11.75,5,1
P007,HRTF_B,21,0.916,-42.39,-11.85,5,1
P007,HRTF_B,21,0.93,-43.75,-11.99,5,1
P007,HRTF_B,21,0.944,-45.12,-12.22,5,1
P007,HRTF_B,21,0.958,-46.5,-12.6,5,1
P007,HRTF_B,21,0.972,-47.86,-12.94,5,1
P007,HRTF_B,21,0.986,-49.16,-13.19,5,1
P007,HRTF_B,21,1.0,-50.39,-13.39,5,1
P007,HRTF_B,21,1.014,-51.6,-13.54,5,1
P007,HRTF_B,21,1.027,-52.8,-13.7,5,1
P007,HRTF_B,21,1.041,-53.99,-13.96,5,1
P007,HRTF_B,21,1.055,-55.17,-14.2,5,1
P007,HRTF_B,21,1.069,-56.32,-14.36,5,1
P007,HRTF_B,21,1.083,-57.41,-14.44,5,1
P007,HRTF_B,21,1.097,-58.43,-14.49,5,1
P007,HRTF_B,21,1.111,-59.45,-14.62,5,1
P007,HRTF_B,21,1.125,-60.5,-14.81,5,1
P007,HRTF_B,21,1.138,-61.56,-15.06,5,1
P007,HRTF_B,21,1.152,-62.63,-15.28,5,1
P007,HRTF_B,21,1.166,-63.65,-15.45,5,1
P007,HRTF_B,21,1.18,-64.67,-15.66,5,1
P007,HRTF_B,21,1.194,-65.71,-15.9,5,1
P007,HRTF_B,21,1.208,-66.81,-16.19,5,1
P007,HRTF_B,21,1.222,-67.94,-16.53,5,1
P007,HRTF_B,21,1.237,-69.14,-16.89,5,1
P007,HRTF_B,21,1.25,-70.42,-17.23,5,1
P007,HRTF_B,21,1.264,-71.76,-17.58,5,1
P007,HRTF_B,21,1.277,-73.23,-17.95,5,1
P007,HRTF_B,21,1.291,-74.83,-18.28,5,1
P007,HRTF_B,21,1.305,-76.49,-18.57,5,1
P007,HRTF_B,21,1.319,-78.19,-18.88,5,1
P007,HRTF_B,21,1.333,-79.91,-19.15,5,1
P007,HRTF_B,21,1.347,-81.64,-19.49,5,1
P007,HRTF_B,21,1.36,-83.4,-19.88,5,1
P007,HRTF_B,21,1.375,-85.19,-20.39,5,1
P007,HRTF_B,21,1.388,-87.03,-20.96,5,1
P007,HRTF_B,21,1.402,-88.86,-21.58,5,1
P007,HRTF_B,21,1.416,-90.62,-22.25,5,1
P007,HRTF_B,21,1.43,-92.44,-22.82,5,1
P007,HRTF_B,21,1.444,-94.11,-23.41,5,1
P007,HRTF_B,21,1.458,-95.75,-24.01,5,1
P007,HRTF_B,21,1.472,-97.36,-24.59,5,1
P007,HRTF_B,21,1.486,-98.94,-25.13,5,1
P007,HRTF_B,21,1.5,-100.41,-25.55,5,1
P007,HRTF_B,21,1.513,-101.88,-25.87,5,1
P007,HRTF_B,21,1.527,-103.2,-26.11,5,1
P007,HRTF_B,21,1.541,-104.43,-26.27,5,1
P007,HRTF_B,21,1.555,-105.61,-26.4,5,1
P007,HRTF_B,21,1.569,-106.68,-26.47,5,1
P007,HRTF_B,21,1.583,-107.69,-26.52,5,1
P007,HRTF_B,21,1.597,-108.61,-26.51,5,1
P007,HRTF_B,21,1.611,-109.54,-26.52,5,1
P007,HRTF_B,21,1.625,-110.46,-26.55,5,1
P007,HRTF_B,21,1.638,-111.4,-26.66,5,1
P007,HRTF_B,21,1.652,-112.34,-26.78,5,1
P007,HRTF_B,21,1.667,-113.23,-26.9,5,1
P007,HRTF_B,21,1.68,-114.11,-26.95,5,1
P007,HRTF_B,21,1.694,-115.03,-27.02,5,1
P007,HRTF_B,21,1.708,-115.93,-27.12,5,1
P007,HRTF_B,21,1.722,-116.86,-27.28,5,1
P007,HRTF_B,21,1.736,-117.83,-27.45,5,1
P007,HRTF_B,21,1.75,-118.82,-27.61,5,1
P007,HRTF_B,21,1.763,-119.82,-27.73,5,1
P007,HRTF_B,21,1.777,-120.83,-27.77,5,1
P007,HRTF_B,21,1.791,-121.88,-27.79,5,1
P007,HRTF_B,21,1.805,-122.93,-27.82,5,1
P007,HRTF_B,21,1.819,-123.99,-27.82,5,1
P007,HRTF_B,21,1.833,-125.07,-27.82,5,1
P007,HRTF_B,21,1.847,-126.18,-27.77,5,1
P007,HRTF_B,21,1.861,-127.31,-27.67,5,1
P007,HRTF_B,21,1.875,-128.46,-27.49,5,1
P007,HRTF_B,21,1.889,-129.61,-27.31,5,1
P007,HRTF_B,21,1.903,-130.75,-27.13,5,1
P007,HRTF_B,21,1.916,-131.88,-26.98,5,1
P007,HRTF_B,21,1.93,-133.0,-26.82,5,1
P007,HRTF_B,21,1.944,-134.12,-26.66,5,1
P007,HRTF_B,21,1.958,-135.2,-26.51,5,1
P007,HRTF_B,21,1.972,-136.25,-26.37,5,1
P007,HRTF_B,21,1.986,-137.28,-26.18,5,1
P007,HRTF_B,21,1.999,-138.3,-26.05,5,1
P007,HRTF_B,21,2.013,-139.3,-25.88,5,1
P007,HRTF_B,21,2.028,-140.29,-25.67,5,1
P007,HRTF_B,21,2.041,-141.23,-25.47,5,1
P007,HRTF_B,21,2.055,-142.12,-25.29,5,1
P007,HRTF_B,21,2.069,-142.98,-25.14,5,1
P007,HRTF_B,21,2.083,-143.83,-24.99,5,1
P007,HRTF_B,21,2.097,-144.64,-24.83,5,1
P007,HRTF_B,21,2.111,-145.42,-24.67,5,1
P007,HRTF_B,21,2.125,-146.14,-24.49,5,1
P007,HRTF_B,21,2.138,-146.86,-24.31,5,1
P007,HRTF_B,21,2.152,-147.54,-24.14,5,1
P007,HRTF_B,21,2.166,-148.24,-24.0,5,1
P007,HRTF_B,21,2.18,-148.96,-23.88,5,1
P007,HRTF_B,21,2.194,-149.69,-23.8,5,1
P007,HRTF_B,21,2.208,-150.47,-23.73,5,1
P007,HRTF_B,21,2.222,-151.27,-23.68,5,1
P007,HRTF_B,21,2.236,-152.11,-23.64,5,1
P007,HRTF_B,21,2.25,-152.97,-23.58,5,1
P007,HRTF_B,21,2.264,-153.86,-23.55,5,1
P007,HRTF_B,21,2.277,-154.77,-23.52,5,1
P007,HRTF_B,21,2.291,-155.68,-23.52,5,1
P007,HRTF_B,21,2.305,-156.59,-23.52,5,1
P007,HRTF_B,21,2.319,-157.46,-23.55,5,1
P007,HRTF_B,21,2.333,-158.33,-23.56,5,1
P007,HRTF_B,21,2.347,-159.19,-23.59,5,1
P007,HRTF_B,21,2.36,-160.05,-23.65,5,1
P007,HRTF_B,21,2.375,-160.92,-23.72,5,1
P007,HRTF_B,21,2.388,-161.78,-23.78,5,1
P007,HRTF_B,21,2.402,-162.67,-23.84,5,1
P007,HRTF_B,21,2.416,-163.61,-23.91,5,1
P007,HRTF_B,21,2.43,-164.54,-23.97,5,1
P007,HRTF_B,21,2.444,-165.43,-24.03,5,1
P007,HRTF_B,21,2.458,-166.39,-24.09,5,1
P007,HRTF_B,21,2.472,-167.4,-24.12,5,1
P007,HRTF_B,21,2.486,-168.5,-24.16,5,1
P007,HRTF_B,21,2.5,-169.62,-24.18,5,1
P007,HRTF_B,21,2.513,-170.7,-24.19,5,1
P007,HRTF_B,21,2.527,-171.74,-24.13,5,1
P007,HRTF_B,21,2.541,-172.78,-24.06,5,1
P007,HRTF_B,21,2.555,-173.83,-23.97,5,1
P007,HRTF_B,21,2.569,-174.89,-23.93,5,1
P007,HRTF_B,21,2.583,-175.91,-23.93,5,1
P007,HRTF_B,21,2.597,-176.85,-23.9,5,1
P007,HRTF_B,21,2.611,-177.75,-23.84,5,1
P007,HRTF_B,21,2.625,-178.6,-23.69,5,1
P007,HRTF_B,21,2.638,-179.44,-23.55,5,1
P007,HRTF_B,21,2.652,179.76,-23.51,5,1
P007,HRTF_B,21,2.666,179.04,-23.48,5,1
P007,HRTF_B,21,2.68,178.45,-23.49,5,1
P007,HRTF_B,21,2.694,177.94,-23.59,5,1
P007,HRTF_B,21,2.708,177.49,-23.75,5,1
P007,HRTF_B,21,2.722,177.05,-23.94,5,1
P007,HRTF_B,21,2.736,176.6,-24.18,5,1
P007,HRTF_B,21,2.749,176.18,-24.42,5,1
P007,HRTF_B,21,2.764,175.82,-24.66,5,1
P007,HRTF_B,21,2.777,175.48,-24.99,5,1
P007,HRTF_B,21,2.791,175.13,-25.39,5,1
P007,HRTF_B,21,2.805,174.71,-25.91,5,1
P007,HRTF_B,21,2.819,174.27,-26.4,5,1
P007,HRTF_B,21,2.833,173.85,-26.86,5,1
P007,HRTF_B,21,2.847,173.48,-27.3,5,1
P007,HRTF_B,21,2.863,173.13,-27.73,5,1
P007,HRTF_B,21,2.875,172.78,-28.15,5,1
P007,HRTF_B,21,2.888,172.44,-28.57,5,1
P007,HRTF_B,21,2.903,172.09,-28.99,5,1
P007,HRTF_B,21,2.916,171.76,-29.43,5,1
P007,HRTF_B,21,2.93,171.44,-29.86,5,1
P007,HRTF_B,21,2.944,171.14,-30.3,5,1
P007,HRTF_B,21,2.958,170.83,-30.68,5,1
P007,HRTF_B,21,2.972,170.53,-30.96,5,1
P007,HRTF_B,21,2.986,170.26,-31.17,5,1
P007,HRTF_B,21,2.999,169.98,-31.32,5,1
P007,HRTF_B,21,3.013,169.7,-31.45,5,1
P007,HRTF_B,21,3.027,169.44,-31.56,5,1
P007,HRTF_B,21,3.042,169.17,-31.64,5,1
P007,HRTF_B,21,3.055,168.89,-31.68,5,1
P007,HRTF_B,21,3.069,168.6,-31.67,5,1
P007,HRTF_B,21,3.083,168.31,-31.59,5,1
P007,HRTF_B,21,3.097,167.99,-31.48,5,1
P007,HRTF_B,21,3.11,167.66,-31.38,5,1
P007,HRTF_B,21,3.125,167.36,-31.32,5,1
P007,HRTF_B,21,3.138,167.06,-31.33,5,1
P007,HRTF_B,21,3.153,166.78,-31.36,5,1
P007,HRTF_B,21,3.166,166.49,-31.45,5,1
P007,HRTF_B,21,3.18,166.22,-31.54,5,1
P007,HRTF_B,21,3.194,165.98,-31.6,5,1
P007,HRTF_B,21,3.208,165.79,-31.7,5,1
P007,HRTF_B,21,3.222,165.66,-31.87,5,1
P007,HRTF_B,21,3.236,165.58,-32.16,5,1
P007,HRTF_B,21,3.25,165.55,-32.51,5,1
P007,HRTF_B,21,3.263,165.56,-32.91,5,1
P007,HRTF_B,21,3.277,165.63,-33.34,5,1
P007,HRTF_B,21,3.291,165.81,-33.81,5,1
P007,HRTF_B,21,3.305,166.07,-34.41,5,1
P007,HRTF_B,21,3.319,166.51,-35.21,5,1
P007,HRTF_B,21,3.333,167.1,-36.18,5,1
P007,HRTF_B,21,3.347,167.92,-37.33,5,1
P007,HRTF_B,21,3.36,169.01,-38.61,5,1
P007,HRTF_B,21,3.375,170.34,-39.99,5,1
P007,HRTF_B,21,3.388,172.08,-41.61,5,1
P007,HRTF_B,21,3.403,174.13,-43.28,5,1
P007,HRTF_B,21,3.417,176.28,-44.96,5,1
P007,HRTF_B,21,3.43,178.5,-46.54,5,1
P007,HRTF_B,21,3.444,-179.29,-48.02,5,1
P007,HRTF_B,21,3.458,-177.14,-49.38,5,1
P007,HRTF_B,21,3.472,-175.02,-50.88,5,1
P007,HRTF_B,21,3.486,-173.06,-52.2,5,1
P007,HRTF_B,21,3.499,-171.04,-53.42,5,1
P007,HRTF_B,21,3.513,-169.12,-54.58,5,1
P007,HRTF_B,21,3.527,-167.45,-55.65,5,1
P007,HRTF_B,21,3.541,-165.93,-56.66,5,1
P007,HRTF_B,21,3.555,-164.69,-57.63,5,1
P007,HRTF_B,21,3.569,-163.77,-58.51,5,1
P007,HRTF_B,21,3.584,-163.03,-59.27,5,1
P007,HRTF_B,21,3.598,-162.51,-59.93,5,1
P007,HRTF_B,21,3.611,-162.11,-60.47,5,1
P007,HRTF_B,21,3.624,-161.94,-60.86,5,1
P007,HRTF_B,21,3.638,-161.87,-61.2,5,1
P007,HRTF_B,21,3.652,-162.08,-61.46,5,1
P007,HRTF_B,21,3.666,-162.47,-61.64,5,1
P007,HRTF_B,21,3.68,-163.03,-61.76,5,1
P007,HRTF_B,21,3.694,-163.65,-61.87,5,1
P007,HRTF_B,21,3.708,-164.46,-62.04,5,1
P007,HRTF_B,21,3.722,-165.36,-62.26,5,1
P007,HRTF_B,21,3.736,-166.42,-62.48,5,1
P007,HRTF_B,21,3.75,-167.56,-62.69,5,1
P007,HRTF_B,21,3.765,-168.72,-62.85,5,1
P007,HRTF_B,21,3.779,-169.92,-62.99,5,1
P007,HRTF_B,21,3.793,-171.12,-63.07,5,1
P007,HRTF_B,21,3.806,-172.33,-63.1,5,1
P007,HRTF_B,21,3.82,-173.49,-63.05,5,1
P007,HRTF_B,21,3.834,-174.76,-62.9,5,1
P007,HRTF_B,21,3.848,-176.02,-62.61,5,1
P007,HRTF_B,21,3.86,-177.25,-62.2,5,1
P007,HRTF_B,21,3.874,-178.62,-61.64,5,1
P007,HRTF_B,21,3.888,-179.96,-60.95,5,1
P007,HRTF_B,21,3.902,178.63,-60.11,5,1
P007,HRTF_B,21,3.916,177.3,-59.13,5,1
P007,HRTF_B,21,3.93,175.95,-58.04,5,1
P007,HRTF_B,21,3.945,174.59,-56.86,5,1
P007,HRTF_B,21,3.958,173.18,-55.59,5,1
P007,HRTF_B,21,3.972,171.78,-54.27,5,1
P007,HRTF_B,21,3.986,170.37,-52.88,5,1
P007,HRTF_B,21,4.0,169.02,-51.55,5,1
P007,HRTF_B,21,4.013,167.75,-50.22,5,1
P007,HRTF_B,21,4.027,166.48,-48.94,5,1
P007,HRTF_B,21,4.041,165.31,-47.67,5,1
P007,HRTF_B,21,4.055,164.2,-46.47,5,1
P007,HRTF_B,21,4.069,163.1,-45.37,5,1
P007,HRTF_B,21,4.083,162.05,-44.35,5,1
P007,HRTF_B,21,4.097,161.03,-43.32,5,1
P007,HRTF_B,21,4.11,160.04,-42.1,5,1
P007,HRTF_B,21,4.125,159.1,-40.52,5,1
P007,HRTF_B,21,4.139,158.24,-38.58,5,1
P007,HRTF_B,21,4.153,157.46,-36.23,5,1
P007,HRTF_B,21,4.166,156.71,-33.5,5,1
P007,HRTF_B,21,4.18,156.01,-30.45,5,1
P007,HRTF_B,21,4.193,155.36,-27.34,5,1
P007,HRTF_B,21,4.206,154.68,-24.34,5,1
P007,HRTF_B,21,4.22,153.98,-21.56,5,1
P007,HRTF_B,21,4.234,153.28,-18.98,5,1
P007,HRTF_B,21,4.248,152.54,-16.68,5,1
P007,HRTF_B,21,4.261,151.74,-14.65,5,1
P007,HRTF_B,21,4.277,150.96,-12.82,5,1
P007,HRTF_B,21,4.291,150.19,-11.08,5,1
P007,HRTF_B,21,4.306,149.44,-9.42,5,1
P007,HRTF_B,21,4.32,148.76,-7.82,5,1
P007,HRTF_B,21,4.334,148.11,-6.3,5,1
P007,HRTF_B,21,4.347,147.51,-4.84,5,1
P007,HRTF_B,21,4.36,146.98,-3.48,5,1
P007,HRTF_B,21,4.374,146.51,-2.2,5,1
P007,HRTF_B,21,4.388,146.11,-1.0,5,1
P007,HRTF_B,21,4.401,145.8,0.14,5,1
P007,HRTF_B,21,4.415,145.55,1.14,5,1
P007,HRTF_B,21,4.43,145.36,2.01,5,1
P007,HRTF_B,21,4.444,145.2,2.74,5,1
P007,HRTF_B,21,4.458,145.08,3.37,5,1
P007,HRTF_B,21,4.471,144.99,3.93,5,1
P007,HRTF_B,21,4.487,144.94,4.4,5,1
P007,HRTF_B,21,4.5,144.92,4.78,5,1
P007,HRTF_B,21,4.514,144.91,5.17,5,1
P007,HRTF_B,21,4.528,144.95,5.47,5,1
P007,HRTF_B,21,4.542,145.01,5.75,5,1
P007,HRTF_B,21,4.556,145.09,6.0,5,1
P007,HRTF_B,21,4.57,145.18,6.21,5,1
P007,HRTF_B,21,4.583,145.32,6.38,5,1
P007,HRTF_B,21,4.596,145.48,6.56,5,1
P007,HRTF_B,21,4.611,145.69,6.71,5,1
P007,HRTF_B,21,4.624,145.96,6.83,5,1
P007,HRTF_B,21,4.638,146.29,6.9,5,1
P007,HRTF_B,21,4.652,146.68,6.98,5,1
P007,HRTF_B,21,4.667,147.17,7.04,5,1
P007,HRTF_B,21,4.681,147.83,7.04,5,1
P007,HRTF_B,21,4.695,148.72,6.93,5,1
P007,HRTF_B,21,4.709,149.88,6.91,5,1
P007,HRTF_B,21,4.722,151.26,7.02,5,1
P007,HRTF_B,21,4.736,152.91,7.16,5,1
P007,HRTF_B,21,4.75,154.82,7.26,5,1
P007,HRTF_B,21,4.763,156.93,7.31,5,1
P007,HRTF_B,21,4.777,159.18,7.3,5,1
P007,HRTF_B,21,4.791,161.49,7.27,5,1
P007,HRTF_B,21,4.804,163.85,7.23,5,1
P007,HRTF_B,21,4.818,166.27,7.06,5,1
P007,HRTF_B,21,4.832,168.67,6.83,5,1
P007,HRTF_B,21,4.847,171.04,6.48,5,1
P007,HRTF_B,21,4.861,173.36,6.11,5,1
P007,HRTF_B,21,4.874,175.51,5.76,5,1
P007,HRTF_B,21,4.888,177.53,5.45,5,1
P007,HRTF_B,21,4.902,179.41,5.12,5,1
P007,HRTF_B,21,4.916,-178.81,4.72,5,1
P007,HRTF_B,21,4.93,-177.16,4.36,5,1
P007,HRTF_B,21,4.944,-175.6,4.01,5,1
P007,HRTF_B,21,4.957,-174.13,3.76,5,1
P007,HRTF_B,21,4.971,-172.77,3.53,5,1
P007,HRTF_B,21,4.984,-171.51,3.35,5,1
P007,HRTF_B,21,4.999,-170.32,3.13,5,1
P007,HRTF_B,21,5.013,-169.18,2.95,5,1
P007,HRTF_B,21,5.028,-168.1,2.87,5,1
P007,HRTF_B,21,5.042,-167.1,2.82,5,1
P007,HRTF_B,21,5.055,-166.18,2.83,5,1
P007,HRTF_B,21,5.069,-165.3,2.84,5,1
P007,HRTF_B,21,5.082,-164.44,2.83,5,1
P007,HRTF_B,21,5.096,-163.58,2.78,5,1
P007,HRTF_B,21,5.11,-162.74,2.77,5,1
P007,HRTF_B,21,5.124,-161.92,2.83,5,1
P007,HRTF_B,21,5.138,-161.13,2.9,5,1
P007,HRTF_B,21,5.152,-160.31,2.94,5,1
P007,HRTF_B,21,5.166,-159.47,2.92,5,1
P007,HRTF_B,21,5.18,-158.58,2.89,5,1
P007,HRTF_B,21,5.194,-157.62,2.87,5,1
P007,HRTF_B,21,5.209,-156.66,2.91,5,1
P007,HRTF_B,21,5.223,-155.71,3.02,5,1
P007,HRTF_B,21,5.236,-154.73,3.12,5,1
P007,HRTF_B,21,5.25,-153.71,3.16,5,1
P007,HRTF_B,21,5.263,-152.67,3.21,5,1
P007,HRTF_B,21,5.277,-151.6,3.28,5,1
P007,HRTF_B,21,5.291,-150.53,3.39,5,1
P007,HRTF_B,21,5.305,-149.46,3.52,5,1
P007,HRTF_B,21,5.318,-148.39,3.62,5,1
P007,HRTF_B,21,5.332,-147.31,3.67,5,1
P007,HRTF_B,21,5.346,-146.17,3.73,5,1
P007,HRTF_B,21,5.36,-145.04,3.81,5,1
P007,HRTF_B,21,5.374,-143.9,3.96,5,1
P007,HRTF_B,21,5.388,-142.77,4.08,5,1
P007,HRTF_B,21,5.403,-141.6,4.13,5,1
P007,HRTF_B,21,5.417,-140.37,4.13,5,1
P007,HRTF_B,21,5.431,-139.1,4.13,5,1
P007,HRTF_B,21,5.445,-137.8,4.14,5,1
P007,HRTF_B,21,5.459,-136.47,4.14,5,1
P007,HRTF_B,21,5.472,-135.11,4.08,5,1
P007,HRTF_B,21,5.486,-133.69,3.98,5,1
P007,HRTF_B,21,5.5,-132.21,3.85,5,1
P007,HRTF_B,21,5.514,-130.69,3.8,5,1
P007,HRTF_B,21,5.528,-129.16,3.77,5,1
P007,HRTF_B,21,5.541,-127.6,3.72,5,1
P007,HRTF_B,21,5.555,-126.03,3.65,5,1
P007,HRTF_B,21,5.571,-124.41,3.54,5,1
P007,HRTF_B,21,5.585,-122.78,3.47,5,1
P007,HRTF_B,21,5.599,-121.15,3.4,5,1
P007,HRTF_B,21,5.612,-119.54,3.27,5,1
P007,HRTF_B,21,5.625,-117.93,3.08,5,1
P007,HRTF_B,21,5.639,-116.32,2.77,5,1
P007,HRTF_B,21,5.653,-114.7,2.36,5,1
P007,HRTF_B,21,5.667,-113.1,1.89,5,1
P007,HRTF_B,21,5.681,-111.54,1.47,5,1
P007,HRTF_B,21,5.695,-109.99,1.12,5,1
P007,HRTF_B,21,5.708,-108.47,0.79,5,1
P007,HRTF_B,21,5.722,-106.91,0.45,5,1
P007,HRTF_B,21,5.736,-105.3,-0.01,5,1
P007,HRTF_B,21,5.752,-103.61,-0.46,5,1
P007,HRTF_B,21,5.765,-101.9,-0.88,5,1
P007,HRTF_B,21,5.779,-100.17,-1.23,5,1
P007,HRTF_B,21,5.793,-98.43,-1.58,5,1
P007,HRTF_B,21,5.807,-96.7,-1.84,5,1
P007,HRTF_B,21,5.82,-94.97,-2.02,5,1
P007,HRTF_B,21,5.834,-93.25,-2.29,5,1
P007,HRTF_B,21,5.848,-91.54,-2.46,5,1
P007,HRTF_B,21,5.862,-89.82,-2.72,5,1
P007,HRTF_B,21,5.875,-88.12,-2.99,5,1
P007,HRTF_B,21,5.889,-86.47,-3.21,5,1
P007,HRTF_B,21,5.902,-84.86,-3.43,5,1
P007,HRTF_B,21,5.915,-83.34,-3.53,5,1
P007,HRTF_B,21,5.931,-81.88,-3.6,5,1
P007,HRTF_B,21,5.944,-80.45,-3.65,5,1
P007,HRTF_B,21,5.957,-79.09,-3.64,5,1
P007,HRTF_B,21,5.971,-77.78,-3.65,5,1
P007,HRTF_B,21,5.985,-76.51,-3.6,5,1
P007,HRTF_B,21,5.999,-75.28,-3.51,5,1
P007,HRTF_B,21,6.013,-74.11,-3.36,5,1
P007,HRTF_B,21,6.027,-72.98,-3.2,5,1
P007,HRTF_B,21,6.041,-71.89,-3.02,5,1
P007,HRTF_B,21,6.055,-70.8,-2.84,5,1
P007,HRTF_B,21,6.068,-69.7,-2.68,5,1
P007,HRTF_B,21,6.081,-68.58,-2.53,5,1
P007,HRTF_B,21,6.095,-67.44,-2.41,5,1
P007,HRTF_B,21,6.11,-66.31,-2.31,5,1
P007,HRTF_B,21,6.124,-65.16,-2.23,5,1
P007,HRTF_B,21,6.138,-64.01,-2.16,5,1
P007,HRTF_B,21,6.151,-62.85,-2.14,5,1
P007,HRTF_B,21,6.165,-61.67,-2.14,5,1
P007,HRTF_B,21,6.18,-60.47,-2.14,5,1
P007,HRTF_B,21,6.194,-59.25,-2.14,5,1
P007,HRTF_B,21,6.208,-58.02,-2.12,5,1
P007,HRTF_B,21,6.221,-56.75,-2.09,5,1
P007,HRTF_B,21,6.235,-55.5,-2.02,5,1
P007,HRTF_B,21,6.249,-54.22,-1.92,5,1
P007,HRTF_B,21,6.263,-52.92,-1.81,5,1
P007,HRTF_B,21,6.277,-51.63,-1.65,5,1
P007,HRTF_B,21,6.292,-50.35,-1.44,5,1
P007,HRTF_B,21,6.305,-49.08,-1.18,5,1
P007,HRTF_B,21,6.319,-47.83,-0.8,5,1
P007,HRTF_B,21,6.332,-46.63,-0.36,5,1
P007,HRTF_B,21,6.346,-45.42,0.12,5,1
P007,HRTF_B,21,6.36,-44.23,0.52,5,1
P007,HRTF_B,21,6.374,-43.05,0.9,5,1
P007,HRTF_B,21,6.387,-41.88,1.26,5,1
P007,HRTF_B,21,6.402,-40.72,1.61,5,1
P007,HRTF_B,21,6.416,-39.53,1.96,5,1
P007,HRTF_B,21,6.429,-38.38,2.32,5,1
P007,HRTF_B,21,6.444,-37.23,2.65,5,1
P007,HRTF_B,21,6.457,-36.08,2.98,5,1
P007,HRTF_B,21,6.477,-33.77,3.62,5,1
P007,HRTF_B,21,6.49,-32.6,3.92,5,1
P007,HRTF_B,21,6.503,-31.45,4.14,5,1
P007,HRTF_B,21,6.517,-30.28,4.34,5,1
P007,HRTF_B,21,6.53,-29.13,4.5,5,1
P007,HRTF_B,21,6.543,-28.0,4.54,5,1
P007,HRTF_B,21,6.557,-26.85,4.57,5,1
P007,HRTF_B,21,6.571,-25.69,4.59,5,1
P007,HRTF_B,21,6.585,-24.53,4.62,5,1
P007,HRTF_B,21,6.599,-23.41,4.63,5,1
P007,HRTF_B,21,6.613,-22.3,4.63,5,1
P007,HRTF_B,21,6.626,-21.2,4.51,5,1
P007,HRTF_B,21,6.641,-20.08,4.4,5,1
P007,HRTF_B,21,6.656,-18.99,4.32,5,1
P007,HRTF_B,21,6.669,-17.88,4.21,5,1
P007,HRTF_B,21,6.683,-16.79,4.11,5,1
P007,HRTF_B,21,6.697,-15.68,3.99,5,1
P007,HRTF_B,21,6.711,-14.61,3.78,5,1
P007,HRTF_B,21,6.724,-13.48,3.61,5,1
P007,HRTF_B,21,6.738,-12.4,3.45,5,1
P007,HRTF_B,21,6.752,-11.33,3.31,5,1
P007,HRTF_B,21,6.766,-10.3,3.2,5,1
P007,HRTF_B,21,6.78,-9.26,3.07,5,1
P007,HRTF_B,21,6.794,-8.23,2.91,5,1
P007,HRTF_B,21,6.808,-7.2,2.72,5,1
P007,HRTF_B,21,6.822,-6.2,2.51,5,1
P007,HRTF_B,21,6.846,-5.21,2.31,5,1
P007,HRTF_B,21,6.86,-4.24,2.11,5,1
P007,HRTF_B,21,6.874,-3.26,1.9,5,1
P007,HRTF_B,21,6.888,-2.3,1.6,5,1
P007,HRTF_B,21,6.902,-1.36,1.29,5,1
P007,HRTF_B,21,6.917,-0.45,0.98,5,1
P007,HRTF_B,21,6.931,0.46,0.67,5,1
P007,HRTF_B,21,6.944,1.33,0.39,5,1
P007,HRTF_B,21,6.958,2.14,0.08,5,1
P007,HRTF_B,21,6.971,2.95,-0.27,5,1
P007,HRTF_B,21,6.985,3.74,-0.62,5,1
P007,HRTF_B,21,6.998,4.5,-0.97,5,1
P007,HRTF_B,21,7.013,5.23,-1.3,5,1
P007,HRTF_B,21,7.028,5.93,-1.59,5,1
P007,HRTF_B,21,7.041,6.57,-1.9,5,1
P007,HRTF_B,21,7.055,7.14,-2.25,5,1
P007,HRTF_B,21,7.069,7.66,-2.63,5,1
P007,HRTF_B,21,7.082,8.09,-3.02,5,1
P007,HRTF_B,21,7.097,8.44,-3.38,5,1
P007,HRTF_B,21,7.111,8.63,-3.83,5,1
P007,HRTF_B,21,7.124,8.64,-4.43,5,1
P007,HRTF_B,21,7.137,8.5,-5.17,5,1
P007,HRTF_B,21,7.151,8.23,-6.06,5,1
P007,HRTF_B,21,7.164,7.99,-6.93,5,1
P007,HRTF_B,21,7.179,7.81,-7.71,5,1
P007,HRTF_B,21,7.193,7.7,-8.43,5,1
P007,HRTF_B,21,7.208,7.65,-9.19,5,1
P007,HRTF_B,21,7.221,7.56,-9.97,5,1
P007,HRTF_B,21,7.235,7.43,-10.79,5,1
P007,HRTF_B,21,7.249,7.32,-11.59,5,1
P007,HRTF_B,21,7.262,7.24,-12.35,5,1
P007,HRTF_B,21,7.276,7.26,-13.04,5,1
P007,HRTF_B,21,7.29,7.35,-13.67,5,1
P007,HRTF_B,21,7.303,7.53,-14.25,5,1
P007,HRTF_B,21,7.317,7.72,-14.8,5,1
P007,HRTF_B,21,7.331,7.99,-15.29,5,1
P007,HRTF_B,21,7.344,8.34,-15.73,5,1
P007,HRTF_B,21,7.357,8.83,-16.05,5,1
P007,HRTF_B,21,7.37,9.51,-16.23,5,1
P007,HRTF_B,21,7.385,10.34,-16.27,5,1
P007,HRTF_B,21,7.399,11.26,-16.18,5,1
P007,HRTF_B,21,7.413,12.32,-15.98,5,1
P007,HRTF_B,21,7.426,13.51,-15.69,5,1
P007,HRTF_B,21,7.44,14.83,-15.27,5,1
P007,HRTF_B,21,7.454,16.31,-14.74,5,1
P007,HRTF_B,21,7.467,17.91,-14.17,5,1
P007,HRTF_B,21,7.481,19.62,-13.52,5,1
P007,HRTF_B,21,7.494,21.39,-12.84,5,1
P007,HRTF_B,21,7.508,23.21,-12.19,5,1
P007,HRTF_B,21,7.521,25.06,-11.53,5,1
P007,HRTF_B,21,7.534,26.87,-10.92,5,1
P007,HRTF_B,21,7.548,28.58,-10.33,5,1
P007,HRTF_B,21,7.563,30.17,-9.78,5,1
P007,HRTF_B,21,7.577,31.59,-9.29,5,1
P007,HRTF_B,21,7.591,32.9,-8.86,5,1
P007,HRTF_B,21,7.605,34.03,-8.46,5,1
P007,HRTF_B,21,7.619,35.05,-8.13,5,1
P007,HRTF_B,21,7.633,35.93,-7.89,5,1
P007,HRTF_B,21,7.647,36.77,-7.64,5,1
P007,HRTF_B,21,7.661,37.48,-7.42,5,1
P007,HRTF_B,21,7.675,38.11,-7.25,5,1
P007,HRTF_B,21,7.689,38.65,-7.09,5,1
P007,HRTF_B,21,7.702,39.1,-6.95,5,1
P007,HRTF_B,21,7.72,39.46,-6.8,5,1
P007,HRTF_B,21,7.734,39.79,-6.68,5,1
P007,HRTF_B,21,7.749,40.07,-6.52,5,1
P007,HRTF_B,21,7.762,40.3,-6.39,5,1
P007,HRTF_B,21,7.776,40.5,-6.25,5,1
P007,HRTF_B,21,7.79,40.65,-6.12,5,1
P007,HRTF_B,21,7.804,40.77,-6.01,5,1
P007,HRTF_B,21,7.818,40.87,-5.91,5,1
P007,HRTF_B,21,7.832,40.96,-5.81,5,1
P007,HRTF_B,21,7.845,41.05,-5.69,5,1
P007,HRTF_B,21,7.859,41.15,-5.58,5,1
P007,HRTF_B,21,7.873,41.26,-5.45,5,1
P007,HRTF_B,21,7.887,41.35,-5.32,5,1
P007,HRTF_B,21,7.901,41.43,-5.18,5,1
P007,HRTF_B,21,7.915,41.48,-5.05,5,1
P007,HRTF_B,21,7.93,41.51,-4.98,5,1
P007,HRTF_B,21,7.944,41.54,-4.94,5,1
P007,HRTF_B,21,7.957,41.56,-4.92,5,1
P007,HRTF_B,21,7.971,41.56,-4.9,5,1
P007,HRTF_B,21,7.984,41.52,-4.87,5,1
P007,HRTF_B,22,0.015,-9.12,0.8,15,1
P007,HRTF_B,22,0.028,-9.08,0.69,15,1
P007,HRTF_B,22,0.04,-9.08,0.6,15,1
P007,HRTF_B,22,0.054,-9.13,0.53,15,1
P007,HRTF_B,22,0.078,-9.38,0.55,15,1
P007,HRTF_B,22,0.092,-9.68,0.49,15,1
P007,HRTF_B,22,0.106,-10.11,0.37,15,1
P007,HRTF_B,22,0.12,-10.61,0.19,15,1
P007,HRTF_B,22,0.134,-11.19,-0.01,15,1
P007,HRTF_B,22,0.148,-11.89,-0.32,15,1
P007,HRTF_B,22,0.162,-12.73,-0.77,15,1
P007,HRTF_B,22,0.176,-13.73,-1.3,15,1
P007,HRTF_B,22,0.19,-14.87,-1.85,15,1
P007,HRTF_B,22,0.204,-16.05,-2.4,15,1
P007,HRTF_B,22,0.217,-17.23,-3.05,15,1
P007,HRTF_B,22,0.231,-18.38,-3.79,15,1
P007,HRTF_B,22,0.245,-19.49,-4.57,15,1
P007,HRTF_B,22,0.259,-20.54,-5.34,15,1
P007,HRTF_B,22,0.273,-21.59,-6.07,15,1
P007,HRTF_B,22,0.287,-22.61,-6.78,15,1
P007,HRTF_B,22,0.301,-23.56,-7.55,15,1
P007,HRTF_B,22,0.314,-24.49,-8.33,15,1
P007,HRTF_B,22,0.329,-25.4,-9.09,15,1
P007,HRTF_B,22,0.342,-26.31,-9.78,15,1
P007,HRTF_B,22,0.356,-27.16,-10.45,15,1
P007,HRTF_B,22,0.37,-27.97,-11.13,15,1
P007,HRTF_B,22,0.384,-28.71,-11.88,15,1
P007,HRTF_B,22,0.398,-29.36,-12.71,15,1
P007,HRTF_B,22,0.412,-29.96,-13.57,15,1
P007,HRTF_B,22,0.426,-30.51,-14.43,15,1
P007,HRTF_B,22,0.44,-31.0,-15.19,15,1
P007,HRTF_B,22,0.453,-31.42,-15.89,15,1
P007,HRTF_B,22,0.468,-31.73,-16.55,15,1
P007,HRTF_B,22,0.482,-31.91,-17.18,15,1
P007,HRTF_B,22,0.495,-31.97,-17.77,15,1
P007,HRTF_B,22,0.51,-31.9,-18.28,15,1
P007,HRTF_B,22,0.523,-31.74,-18.74,15,1
P007,HRTF_B,22,0.537,-31.44,-19.12,15,1
P007,HRTF_B,22,0.551,-31.1,-19.43,15,1
P007,HRTF_B,22,0.565,-30.69,-19.69,15,1
P007,HRTF_B,22,0.579,-30.25,-19.92,15,1
P007,HRTF_B,22,0.593,-29.82,-20.14,15,1
P007,HRTF_B,22,0.606,-29.42,-20.42,15,1
P007,HRTF_B,22,0.62,-29.07,-20.68,15,1
P007,HRTF_B,22,0.634,-28.77,-20.96,15,1
P007,HRTF_B,22,0.649,-28.54,-21.27,15,1
P007,HRTF_B,22,0.662,-28.31,-21.57,15,1
P007,HRTF_B,22,0.676,-28.13,-21.85,15,1
P007,HRTF_B,22,0.69,-27.97,-22.17,15,1
P007,HRTF_B,22,0.704,-27.81,-22.51,15,1
P007,HRTF_B,22,0.718,-27.65,-22.85,15,1
P007,HRTF_B,22,0.732,-27.5,-23.17,15,1
P007,HRTF_B,22,0.746,-27.36,-23.45,15,1
P007,HRTF_B,22,0.759,-27.21,-23.68,15,1
P007,HRTF_B,22,0.773,-27.06,-23.88,15,1
P007,HRTF_B,22,0.787,-26.9,-24.03,15,1
P007,HRTF_B,22,0.801,-26.74,-24.14,15,1
P007,HRTF_B,22,0.818,-26.62,-24.16,15,1
P007,HRTF_B,22,0.83,-26.49,-24.1,15,1
P007,HRTF_B,22,0.843,-26.35,-23.94,15,1
P007,HRTF_B,22,0.857,-26.2,-23.68,15,1
P007,HRTF_B,22,0.871,-26.02,-23.31,15,1
P007,HRTF_B,22,0.884,-25.83,-22.81,15,1
P007,HRTF_B,22,0.898,-25.6,-22.17,15,1
P007,HRTF_B,22,0.912,-25.36,-21.46,15,1
P007,HRTF_B,22,0.926,-25.08,-20.57,15,1
P007,HRTF_B,22,0.94,-24.75,-19.41,15,1
P007,HRTF_B,22,0.954,-24.35,-18.07,15,1
P007,HRTF_B,22,0.968,-23.88,-16.64,15,1
P007,HRTF_B,22,0.982,-23.29,-15.18,15,1
P007,HRTF_B,22,0.996,-22.63,-13.8,15,1
P007,HRTF_B,22,1.009,-21.89,-12.5,15,1
P007,HRTF_B,22,1.023,-21.08,-11.34,15,1
P007,HRTF_B,22,1.037,-20.27,-10.22,15,1
P007,HRTF_B,22,1.051,-19.41,-9.16,15,1
P007,HRTF_B,22,1.065,-18.58,-8.16,15,1
P007,HRTF_B,22,1.079,-17.7,-7.28,15,1
P007,HRTF_B,22,1.093,-16.79,-6.46,15,1
P007,HRTF_B,22,1.107,-15.84,-5.68,15,1
P007,HRTF_B,22,1.12,-14.87,-4.94,15,1
P007,HRTF_B,22,1.134,-13.88,-4.29,15,1
P007,HRTF_B,22,1.148,-12.86,-3.68,15,1
P007,HRTF_B,22,1.162,-11.82,-3.12,15,1
P007,HRTF_B,22,1.176,-10.72,-2.59,15,1
P007,HRTF_B,22,1.19,-9.6,-2.11,15,1
P007,HRTF_B,22,1.204,-8.45,-1.66,15,1
P007,HRTF_B,22,1.218,-7.26,-1.25,15,1
P007,HRTF_B,22,1.231,-6.03,-0.86,15,1
P007,HRTF_B,22,1.245,-4.81,-0.46,15,1
P007,HRTF_B,22,1.259,-3.54,-0.02,15,1
P007,HRTF_B,22,1.273,-2.28,0.47,15,1
P007,HRTF_B,22,1.287,-1.04,0.99,15,1
P007,HRTF_B,22,1.301,0.25,1.5,15,1
P007,HRTF_B,22,1.315,1.6,1.96,15,1
P007,HRTF_B,22,1.329,3.0,2.41,15,1
P007,HRTF_B,22,1.342,4.45,2.82,15,1
P007,HRTF_B,22,1.357,5.92,3.25,15,1
P007,HRTF_B,22,1.371,7.42,3.55,15,1
P007,HRTF_B,22,1.385,8.97,3.75,15,1
P007,HRTF_B,22,1.398,10.56,3.84,15,1
P007,HRTF_B,22,1.412,12.27,3.86,15,1
P007,HRTF_B,22,1.426,14.0,3.89,15,1
P007,HRTF_B,22,1.44,15.78,3.94,15,1
P007,HRTF_B,22,1.454,17.55,3.97,15,1
P007,HRTF_B,22,1.468,19.35,3.92,15,1
P007,HRTF_B,22,1.481,21.2,3.84,15,1
P007,HRTF_B,22,1.496,23.09,3.83,15,1
P007,HRTF_B,22,1.509,25.04,3.86,15,1
P007,HRTF_B,22,1.523,27.02,3.95,15,1
P007,HRTF_B,22,1.537,29.05,4.1,15,1
P007,HRTF_B,22,1.551,31.1,4.25,15,1
P007,HRTF_B,22,1.565,33.21,4.4,15,1
P007,HRTF_B,22,1.579,35.34,4.56,15,1
P007,HRTF_B,22,1.593,37.5,4.7,15,1
P007,HRTF_B,22,1.606,39.69,4.87,15,1
P007,HRTF_B,22,1.621,41.89,5.0,15,1
P007,HRTF_B,22,1.634,44.1,5.12,15,1
P007,HRTF_B,22,1.648,46.28,5.12,15,1
P007,HRTF_B,22,1.662,48.37,4.94,15,1
P007,HRTF_B,22,1.676,50.39,4.57,15,1
P007,HRTF_B,22,1.69,52.37,4.15,15,1
P007,HRTF_B,22,1.704,54.24,3.77,15,1
P007,HRTF_B,22,1.718,56.09,3.47,15,1
P007,HRTF_B,22,1.731,57.92,3.17,15,1
P007,HRTF_B,22,1.746,59.75,2.8,15,1
P007,HRTF_B,22,1.759,61.58,2.46,15,1
P007,HRTF_B,22,1.773,63.41,2.12,15,1
P007,HRTF_B,22,1.787,65.22,1.8,15,1
P007,HRTF_B,22,1.801,67.02,1.52,15,1
P007,HRTF_B,22,1.815,68.79,1.27,15,1
P007,HRTF_B,22,1.829,70.51,1.0,15,1
P007,HRTF_B,22,1.843,72.22,0.74,15,1
P007,HRTF_B,22,1.859,73.87,0.52,15,1
P007,HRTF_B,22,1.871,75.45,0.34,15,1
P007,HRTF_B,22,1.884,76.96,0.16,15,1
P007,HRTF_B,22,1.898,78.36,0.0,15,1
P007,HRTF_B,22,1.912,79.72,-0.23,15,1
P007,HRTF_B,22,1.926,81.04,-0.48,15,1
P007,HRTF_B,22,1.94,82.33,-0.79,15,1
P007,HRTF_B,22,1.954,83.57,-1.09,15,1
P007,HRTF_B,22,1.968,84.7,-1.39,15,1
P007,HRTF_B,22,1.982,85.76,-1.67,15,1
P007,HRTF_B,22,1.996,86.74,-1.95,15,1
P007,HRTF_B,22,2.009,87.7,-2.31,15,1
P007,HRTF_B,22,2.023,88.6,-2.7,15,1
P007,HRTF_B,22,2.037,89.44,-3.12,15,1
P007,HRTF_B,22,2.051,90.24,-3.59,15,1
P007,HRTF_B,22,2.065,91.01,-4.08,15,1
P007,HRTF_B,22,2.079,91.75,-4.55,15,1
P007,HRTF_B,22,2.093,92.53,-5.0,15,1
P007,HRTF_B,22,2.107,93.35,-5.46,15,1
P007,HRTF_B,22,2.12,94.19,-5.85,15,1
P007,HRTF_B,22,2.134,95.05,-6.22,15,1
P007,HRTF_B,22,2.148,95.93,-6.54,15,1
P007,HRTF_B,22,2.162,96.82,-6.84,15,1
P007,HRTF_B,22,2.176,97.76,-7.1,15,1
P007,HRTF_B,22,2.19,98.73,-7.37,15,1
P007,HRTF_B,22,2.205,99.74,-7.73,15,1
P007,HRTF_B,22,2.218,100.79,-8.16,15,1
P007,HRTF_B,22,2.232,101.85,-8.67,15,1
P007,HRTF_B,23,0.015,-12.81,0.4,14,1
P007,HRTF_B,23,0.03,-12.21,0.29,14,1
P007,HRTF_B,23,0.044,-11.64,0.2,14,1
P007,HRTF_B,23,0.056,-11.1,0.08,14,1
P007,HRTF_B,23,0.069,-10.59,-0.05,14,1
P007,HRTF_B,23,0.083,-10.12,-0.14,14,1
P007,HRTF_B,23,0.097,-9.67,-0.22,14,1
P007,HRTF_B,23,0.111,-9.24,-0.27,14,1
P007,HRTF_B,23,0.125,-8.83,-0.3,14,1
P007,HRTF_B,23,0.138,-8.41,-0.32,14,1
P007,HRTF_B,23,0.152,-8.02,-0.32,14,1
P007,HRTF_B,23,0.167,-7.66,-0.36,14,1
P007,HRTF_B,23,0.18,-7.39,-0.44,14,1
P007,HRTF_B,23,0.195,-7.15,-0.52,14,1
P007,HRTF_B,23,0.208,-6.94,-0.63,14,1
P007,HRTF_B,23,0.222,-6.73,-0.77,14,1
P007,HRTF_B,23,0.235,-6.52,-0.94,14,1
P007,HRTF_B,23,0.25,-6.31,-1.15,14,1
P007,HRTF_B,23,0.263,-6.11,-1.42,14,1
P007,HRTF_B,23,0.277,-5.91,-1.74,14,1
P007,HRTF_B,23,0.291,-5.69,-2.05,14,1
P007,HRTF_B,23,0.305,-5.42,-2.38,14,1
P007,HRTF_B,23,0.32,-5.08,-2.66,14,1
P007,HRTF_B,23,0.333,-4.69,-2.91,14,1
P007,HRTF_B,23,0.347,-4.25,-3.12,14,1
P007,HRTF_B,23,0.361,-3.8,-3.33,14,1
P007,HRTF_B,23,0.374,-3.33,-3.53,14,1
P007,HRTF_B,23,0.389,-2.85,-3.73,14,1
P007,HRTF_B,23,0.402,-2.35,-3.99,14,1
P007,HRTF_B,23,0.417,-1.85,-4.25,14,1
P007,HRTF_B,23,0.43,-1.32,-4.53,14,1
P007,HRTF_B,23,0.444,-0.82,-4.76,14,1
P007,HRTF_B,23,0.458,-0.33,-4.97,14,1
P007,HRTF_B,23,0.472,0.16,-5.23,14,1
P007,HRTF_B,23,0.486,0.63,-5.54,14,1
P007,HRTF_B,23,0.5,1.09,-5.88,14,1
P007,HRTF_B,23,0.515,1.58,-6.22,14,1
P007,HRTF_B,23,0.528,2.01,-6.54,14,1
P007,HRTF_B,23,0.541,2.44,-6.86,14,1
P007,HRTF_B,23,0.555,2.85,-7.18,14,1
P007,HRTF_B,23,0.569,3.23,-7.5,14,1
P007,HRTF_B,23,0.583,3.62,-7.84,14,1
P007,HRTF_B,23,0.597,3.96,-8.19,14,1
P007,HRTF_B,23,0.611,4.27,-8.61,14,1
P007,HRTF_B,23,0.625,4.52,-9.04,14,1
P007,HRTF_B,23,0.639,4.72,-9.44,14,1
P007,HRTF_B,23,0.652,4.81,-9.83,14,1
P007,HRTF_B,23,0.666,4.84,-10.27,14,1
P007,HRTF_B,23,0.681,4.75,-10.83,14,1
P007,HRTF_B,23,0.694,4.55,-11.44,14,1
P007,HRTF_B,23,0.708,4.25,-12.06,14,1
P007,HRTF_B,23,0.722,3.86,-12.53,14,1
P007,HRTF_B,23,0.736,3.36,-12.97,14,1
P007,HRTF_B,23,0.75,2.71,-13.44,14,1
P007,HRTF_B,23,0.764,1.87,-13.94,14,1
P007,HRTF_B,23,0.778,0.9,-14.4,14,1
P007,HRTF_B,23,0.791,-0.17,-14.78,14,1
P007,HRTF_B,23,0.805,-1.3,-15.05,14,1
P007,HRTF_B,23,0.819,-2.48,-15.29,14,1
P007,HRTF_B,23,0.833,-3.72,-15.6,14,1
P007,HRTF_B,23,0.847,-5.02,-15.93,14,1
P007,HRTF_B,23,0.86,-6.3,-16.2,14,1
P007,HRTF_B,23,0.873,-7.57,-16.38,14,1
P007,HRTF_B,23,0.889,-8.72,-16.45,14,1
P007,HRTF_B,23,0.903,-9.81,-16.54,14,1
P007,HRTF_B,23,0.916,-10.85,-16.66,14,1
P007,HRTF_B,23,0.93,-11.83,-16.77,14,1
P007,HRTF_B,23,0.944,-12.74,-16.92,14,1
P007,HRTF_B,23,0.958,-13.56,-17.02,14,1
P007,HRTF_B,23,0.972,-14.27,-17.13,14,1
P007,HRTF_B,23,0.986,-14.94,-17.27,14,1
P007,HRTF_B,23,1.0,-15.57,-17.48,14,1
P007,HRTF_B,23,1.014,-16.18,-17.7,14,1
P007,HRTF_B,23,1.027,-16.76,-17.92,14,1
P007,HRTF_B,23,1.042,-17.28,-18.13,14,1
P007,HRTF_B,23,1.055,-17.71,-18.34,14,1
P007,HRTF_B,23,1.069,-18.09,-18.61,14,1
P007,HRTF_B,23,1.083,-18.45,-18.97,14,1
P007,HRTF_B,23,1.097,-18.82,-19.36,14,1
P007,HRTF_B,23,1.111,-19.24,-19.78,14,1
P007,HRTF_B,23,1.125,-19.64,-20.2,14,1
P007,HRTF_B,23,1.139,-19.97,-20.64,14,1
P007,HRTF_B,23,1.153,-20.24,-21.11,14,1
P007,HRTF_B,23,1.166,-20.46,-21.63,14,1
P007,HRTF_B,23,1.181,-20.68,-22.14,14,1
P007,HRTF_B,23,1.194,-20.89,-22.64,14,1
P007,HRTF_B,23,1.208,-21.12,-23.08,14,1
P007,HRTF_B,23,1.222,-21.33,-23.49,14,1
P007,HRTF_B,23,1.236,-21.49,-23.94,14,1
P007,HRTF_B,23,1.25,-21.61,-24.43,14,1
P007,HRTF_B,23,1.263,-21.71,-24.97,14,1
P007,HRTF_B,23,1.278,-21.84,-25.54,14,1
P007,HRTF_B,23,1.291,-21.98,-26.09,14,1
P007,HRTF_B,23,1.305,-22.13,-26.61,14,1
P007,HRTF_B,23,1.319,-22.26,-27.14,14,1
P007,HRTF_B,23,1.333,-22.42,-27.68,14,1
P007,HRTF_B,23,1.347,-22.58,-28.2,14,1
P007,HRTF_B,23,1.361,-22.78,-28.69,14,1
P007,HRTF_B,23,1.375,-22.98,-29.11,14,1
P007,HRTF_B,23,1.388,-23.21,-29.47,14,1
P007,HRTF_B,23,1.403,-23.43,-29.85,14,1
P007,HRTF_B,23,1.416,-23.63,-30.26,14,1
P007,HRTF_B,23,1.43,-23.86,-30.69,14,1
P007,HRTF_B,23,1.444,-24.1,-31.13,14,1
P007,HRTF_B,23,1.458,-24.37,-31.51,14,1
P007,HRTF_B,23,1.472,-24.66,-31.82,14,1
P007,HRTF_B,23,1.486,-24.95,-32.12,14,1
P007,HRTF_B,23,1.5,-25.2,-32.46,14,1
P007,HRTF_B,23,1.514,-25.45,-32.86,14,1
P007,HRTF_B,23,1.527,-25.66,-33.32,14,1
P007,HRTF_B,23,1.541,-25.85,-33.82,14,1
P007,HRTF_B,23,1.555,-26.03,-34.33,14,1
P007,HRTF_B,23,1.569,-26.26,-34.92,14,1
P007,HRTF_B,23,1.583,-26.49,-35.55,14,1
P007,HRTF_B,23,1.597,-26.78,-36.18,14,1
P007,HRTF_B,23,1.611,-27.13,-36.81,14,1
P007,HRTF_B,23,1.625,-27.5,-37.45,14,1
P007,HRTF_B,23,1.639,-27.89,-38.1,14,1
P007,HRTF_B,23,1.652,-28.33,-38.77,14,1
P007,HRTF_B,23,1.666,-28.84,-39.45,14,1
P007,HRTF_B,23,1.681,-29.39,-40.09,14,1
P007,HRTF_B,23,1.694,-29.99,-40.73,14,1
P007,HRTF_B,23,1.708,-30.62,-41.34,14,1
P007,HRTF_B,23,1.722,-31.27,-41.94,14,1
P007,HRTF_B,23,1.736,-31.98,-42.53,14,1
P007,HRTF_B,23,1.75,-32.75,-43.04,14,1
P007,HRTF_B,23,1.764,-33.54,-43.46,14,1
P007,HRTF_B,23,1.778,-34.44,-43.81,14,1
P007,HRTF_B,23,1.791,-35.39,-44.16,14,1
P007,HRTF_B,23,1.805,-36.43,-44.59,14,1
P007,HRTF_B,23,1.819,-37.52,-45.06,14,1
P007,HRTF_B,23,1.833,-38.66,-45.49,14,1
P007,HRTF_B,23,1.848,-39.83,-45.88,14,1
P007,HRTF_B,23,1.861,-40.98,-46.15,14,1
P007,HRTF_B,23,1.875,-42.15,-46.34,14,1
P007,HRTF_B,23,1.888,-43.26,-46.41,14,1
P007,HRTF_B,23,1.903,-44.32,-46.4,14,1
P007,HRTF_B,23,1.916,-45.35,-46.3,14,1
P007,HRTF_B,23,1.93,-46.31,-46.14,14,1
P007,HRTF_B,23,1.944,-47.18,-45.94,14,1
P007,HRTF_B,23,1.958,-48.0,-45.74,14,1
P007,HRTF_B,23,1.972,-48.79,-45.53,14,1
P007,HRTF_B,23,1.986,-49.56,-45.38,14,1
P007,HRTF_B,23,2.0,-50.3,-45.35,14,1
P007,HRTF_B,23,2.019,-51.02,-45.38,14,1
P007,HRTF_B,23,2.042,-52.48,-45.51,14,1
P007,HRTF_B,23,2.055,-53.15,-45.6,14,1
P007,HRTF_B,23,2.069,-53.79,-45.72,14,1
P007,HRTF_B,23,2.083,-54.44,-45.9,14,1
P007,HRTF_B,23,2.097,-55.04,-46.11,14,1
P007,HRTF_B,23,2.111,-55.67,-46.34,14,1
P007,HRTF_B,23,2.124,-56.28,-46.61,14,1
P007,HRTF_B,23,2.139,-56.9,-46.87,14,1
P007,HRTF_B,23,2.152,-57.51,-47.12,14,1
P007,HRTF_B,23,2.166,-58.12,-47.41,14,1
P007,HRTF_B,23,2.18,-58.75,-47.7,14,1
P007,HRTF_B,23,2.194,-59.4,-48.0,14,1
P007,HRTF_B,23,2.208,-60.08,-48.28,14,1
P007,HRTF_B,23,2.222,-60.78,-48.51,14,1
P007,HRTF_B,23,2.236,-61.51,-48.72,14,1
P007,HRTF_B,23,2.25,-62.28,-48.87,14,1
P007,HRTF_B,23,2.263,-63.1,-49.01,14,1
P007,HRTF_B,23,2.278,-63.98,-49.18,14,1
P007,HRTF_B,23,2.291,-64.91,-49.35,14,1
P007,HRTF_B,23,2.305,-65.89,-49.55,14,1
P007,HRTF_B,23,2.319,-66.94,-49.74,14,1
P007,HRTF_B,23,2.333,-68.02,-49.88,14,1
P007,HRTF_B,23,2.347,-69.19,-50.04,14,1
P007,HRTF_B,23,2.361,-70.4,-50.21,14,1
P007,HRTF_B,23,2.375,-71.73,-50.36,14,1
P007,HRTF_B,23,2.388,-73.11,-50.45,14,1
P007,HRTF_B,23,2.403,-74.55,-50.48,14,1
P007,HRTF_B,23,2.416,-75.99,-50.48,14,1
P007,HRTF_B,23,2.43,-77.41,-50.42,14,1
P007,HRTF_B,23,2.444,-78.8,-50.31,14,1
P007,HRTF_B,23,2.458,-80.11,-50.16,14,1
P007,HRTF_B,23,2.472,-81.38,-50.02,14,1
P007,HRTF_B,23,2.486,-82.62,-49.85,14,1
P007,HRTF_B,23,2.5,-83.87,-49.63,14,1
P007,HRTF_B,23,2.514,-85.16,-49.39,14,1
P007,HRTF_B,23,2.528,-86.48,-49.08,14,1
P007,HRTF_B,23,2.541,-87.78,-48.74,14,1
P007,HRTF_B,23,2.555,-89.11,-48.38,14,1
P007,HRTF_B,23,2.57,-90.47,-47.99,14,1
P007,HRTF_B,23,2.585,-91.75,-47.59,14,1
P007,HRTF_B,23,2.599,-92.98,-47.24,14,1
P007,HRTF_B,23,2.614,-94.19,-46.98,14,1
P007,HRTF_B,23,2.628,-96.56,-46.64,14,1
P007,HRTF_B,23,2.642,-97.78,-46.69,14,1
P007,HRTF_B,23,2.657,-99.01,-46.86,14,1
P007,HRTF_B,23,2.672,-100.27,-47.06,14,1
P007,HRTF_B,23,2.687,-101.5,-47.24,14,1
P007,HRTF_B,23,2.703,-102.77,-47.41,14,1
P007,HRTF_B,23,2.718,-104.02,-47.59,14,1
P007,HRTF_B,23,2.732,-105.3,-47.79,14,1
P007,HRTF_B,23,2.747,-106.58,-48.07,14,1
P007,HRTF_B,23,2.762,-107.86,-48.41,14,1
P007,HRTF_B,23,2.777,-109.14,-48.79,14,1
P007,HRTF_B,23,2.791,-110.43,-49.14,14,1
P007,HRTF_B,23,2.805,-111.7,-49.42,14,1
P007,HRTF_B,23,2.82,-112.94,-49.63,14,1
P007,HRTF_B,23,2.834,-114.15,-49.75,14,1
P007,HRTF_B,23,2.849,-115.29,-49.8,14,1
P007,HRTF_B,23,2.863,-116.4,-49.82,14,1
P007,HRTF_B,23,2.88,-118.59,-49.78,14,1
P007,HRTF_B,23,2.895,-119.64,-49.71,14,1
P007,HRTF_B,23,2.91,-120.66,-49.64,14,1
P007,HRTF_B,23,2.925,-121.64,-49.58,14,1
P007,HRTF_B,23,2.94,-122.56,-49.55,14,1
P007,HRTF_B,23,2.955,-123.43,-49.59,14,1
P007,HRTF_B,23,2.968,-124.31,-49.66,14,1
P007,HRTF_B,23,2.981,-125.18,-49.74,14,1
P007,HRTF_B,23,2.994,-126.02,-49.8,14,1
P007,HRTF_B,23,3.013,-126.79,-49.86,14,1
P007,HRTF_B,23,3.027,-127.52,-49.93,14,1
P007,HRTF_B,23,3.041,-128.22,-50.04,14,1
P007,HRTF_B,23,3.056,-128.88,-50.21,14,1
P007,HRTF_B,23,3.069,-129.55,-50.41,14,1
P007,HRTF_B,23,3.082,-130.18,-50.65,14,1
P007,HRTF_B,23,3.095,-130.86,-50.9,14,1
P007,HRTF_B,23,3.107,-131.48,-51.11,14,1
P007,HRTF_B,23,3.124,-132.17,-51.36,14,1
P007,HRTF_B,23,3.138,-132.86,-51.65,14,1
P007,HRTF_B,23,3.151,-133.61,-51.97,14,1
P007,HRTF_B,23,3.166,-134.38,-52.38,14,1
P007,HRTF_B,23,3.18,-135.16,-52.78,14,1
P007,HRTF_B,23,3.193,-135.99,-53.2,14,1
P007,HRTF_B,23,3.207,-136.86,-53.6,14,1
P007,HRTF_B,23,3.222,-137.82,-54.04,14,1
P007,HRTF_B,23,3.235,-138.82,-54.5,14,1
P007,HRTF_B,23,3.249,-139.81,-55.01,14,1
P007,HRTF_B,23,3.263,-140.83,-55.55,14,1
P007,HRTF_B,23,3.277,-141.86,-56.1,14,1
P007,HRTF_B,23,3.291,-142.89,-56.65,14,1
P007,HRTF_B,23,3.305,-143.98,-57.19,14,1
P007,HRTF_B,23,3.319,-145.02,-57.7,14,1
P007,HRTF_B,23,3.332,-146.2,-58.15,14,1
P007,HRTF_B,23,3.346,-147.34,-58.52,14,1
P007,HRTF_B,23,3.36,-148.54,-58.84,14,1
P007,HRTF_B,23,3.374,-149.71,-59.1,14,1
P007,HRTF_B,23,3.389,-150.92,-59.23,14,1
P007,HRTF_B,23,3.402,-152.16,-59.27,14,1
P007,HRTF_B,23,3.416,-153.4,-59.25,14,1
P007,HRTF_B,23,3.43,-154.57,-59.19,14,1
P007,HRTF_B,23,3.444,-155.71,-59.03,14,1
P007,HRTF_B,23,3.457,-156.79,-58.8,14,1
P007,HRTF_B,23,3.471,-157.84,-58.56,14,1
P007,HRTF_B,23,3.485,-158.89,-58.32,14,1
P007,HRTF_B,23,3.499,-160.01,-58.14,14,1
P007,HRTF_B,23,3.513,-161.11,-58.02,14,1
P007,HRTF_B,23,3.527,-162.24,-57.92,14,1
P007,HRTF_B,23,3.541,-163.28,-57.85,14,1
P007,HRTF_B,23,3.555,-164.32,-57.72,14,1
P007,HRTF_B,23,3.568,-165.29,-57.49,14,1
P007,HRTF_B,23,3.582,-166.18,-57.18,14,1
P007,HRTF_B,23,3.596,-167.05,-56.81,14,1
P007,HRTF_B,23,3.61,-167.9,-56.44,14,1
P007,HRTF_B,23,3.624,-168.74,-56.0,14,1
P007,HRTF_B,23,3.638,-169.53,-55.49,14,1
P007,HRTF_B,23,3.652,-170.36,-54.84,14,1
P007,HRTF_B,23,3.665,-171.18,-54.12,14,1
P007,HRTF_B,23,3.678,-172.05,-53.35,14,1
P007,HRTF_B,23,3.694,-173.03,-52.45,14,1
P007,HRTF_B,23,3.707,-174.05,-51.45,14,1
P007,HRTF_B,23,3.722,-175.11,-50.29,14,1
P007,HRTF_B,23,3.735,-176.1,-48.91,14,1
P007,HRTF_B,23,3.749,-177.12,-47.3,14,1
P007,HRTF_B,23,3.763,-178.07,-45.55,14,1
P007,HRTF_B,23,3.777,-179.01,-43.75,14,1
P007,HRTF_B,23,3.791,-179.91,-41.93,14,1
P007,HRTF_B,23,3.805,179.24,-40.01,14,1
P007,HRTF_B,23,3.819,178.54,-38.1,14,1
P007,HRTF_B,23,3.833,177.91,-36.21,14,1
P007,HRTF_B,23,3.846,177.34,-34.32,14,1
P007,HRTF_B,23,3.86,176.78,-32.54,14,1
P007,HRTF_B,23,3.874,176.26,-30.79,14,1
P007,HRTF_B,23,3.889,175.69,-29.09,14,1
P007,HRTF_B,23,3.902,175.14,-27.38,14,1
P007,HRTF_B,23,3.916,174.6,-25.71,14,1
P007,HRTF_B,23,3.93,174.11,-24.05,14,1
P007,HRTF_B,23,3.943,173.65,-22.4,14,1
P007,HRTF_B,23,3.958,173.18,-20.8,14,1
P007,HRTF_B,23,3.971,172.73,-19.24,14,1
P007,HRTF_B,23,3.985,172.28,-17.77,14,1
P007,HRTF_B,23,4.0,171.8,-16.35,14,1
P007,HRTF_B,23,4.015,171.33,-15.0,14,1
P007,HRTF_B,23,4.028,170.88,-13.63,14,1
P007,HRTF_B,23,4.041,170.42,-12.29,14,1
P007,HRTF_B,23,4.055,169.97,-10.99,14,1
P007,HRTF_B,23,4.069,169.55,-9.74,14,1
P007,HRTF_B,23,4.083,169.12,-8.52,14,1
P007,HRTF_B,23,4.097,168.74,-7.37,14,1
P007,HRTF_B,23,4.11,168.38,-6.26,14,1
P007,HRTF_B,23,4.125,168.02,-5.19,14,1
P007,HRTF_B,23,4.138,167.62,-4.14,14,1
P007,HRTF_B,23,4.152,167.21,-3.09,14,1
P007,HRTF_B,23,4.166,166.79,-2.07,14,1
P007,HRTF_B,23,4.18,166.33,-1.08,14,1
P007,HRTF_B,23,4.193,165.83,-0.14,14,1
P007,HRTF_B,23,4.208,165.34,0.81,14,1
P007,HRTF_B,23,4.221,164.82,1.72,14,1
P007,HRTF_B,23,4.235,164.24,2.63,14,1
P007,HRTF_B,23,4.249,163.66,3.5,14,1
P007,HRTF_B,23,4.263,163.05,4.29,14,1
P007,HRTF_B,23,4.277,162.42,5.01,14,1
P007,HRTF_B,23,4.291,161.76,5.6,14,1
P007,HRTF_B,23,4.305,161.07,6.09,14,1
P007,HRTF_B,23,4.319,160.38,6.49,14,1
P007,HRTF_B,23,4.332,159.64,6.85,14,1
P007,HRTF_B,23,4.346,158.88,7.17,14,1
P007,HRTF_B,23,4.361,158.09,7.42,14,1
P007,HRTF_B,23,4.374,157.27,7.67,14,1
P007,HRTF_B,23,4.388,156.41,7.87,14,1
P007,HRTF_B,23,4.401,155.55,8.05,14,1
P007,HRTF_B,23,4.416,154.63,8.22,14,1
P007,HRTF_B,23,4.43,153.69,8.36,14,1
P007,HRTF_B,23,4.443,152.73,8.46,14,1
P007,HRTF_B,23,4.457,151.74,8.53,14,1
P007,HRTF_B,23,4.471,150.7,8.52,14,1
P007,HRTF_B,23,4.485,149.64,8.48,14,1
P007,HRTF_B,23,4.499,148.54,8.36,14,1
P007,HRTF_B,23,4.513,147.39,8.18,14,1
P007,HRTF_B,23,4.527,146.18,7.97,14,1
P007,HRTF_B,23,4.541,144.94,7.69,14,1
P007,HRTF_B,23,4.555,143.64,7.4,14,1
P007,HRTF_B,23,4.568,142.27,7.07,14,1
P007,HRTF_B,23,4.582,140.87,6.68,14,1
P007,HRTF_B,24,0.015,-13.03,-3.37,13,1
P007,HRTF_B,24,0.029,-13.13,-3.5,13,1
P007,HRTF_B,24,0.042,-13.26,-3.59,13,1
P007,HRTF_B,24,0.056,-13.4,-3.67,13,1
P007,HRTF_B,24,0.069,-13.55,-3.81,13,1
P007,HRTF_B,24,0.088,-13.72,-3.99,13,1
P007,HRTF_B,24,0.102,-13.92,-4.18,13,1
P007,HRTF_B,24,0.117,-14.15,-4.32,13,1
P007,HRTF_B,24,0.131,-14.41,-4.45,13,1
P007,HRTF_B,24,0.144,-14.67,-4.55,13,1
P007,HRTF_B,24,0.157,-14.94,-4.64,13,1
P007,HRTF_B,24,0.172,-15.22,-4.72,13,1
P007,HRTF_B,24,0.186,-15.55,-4.76,13,1
P007,HRTF_B,24,0.199,-15.99,-4.75,13,1
P007,HRTF_B,24,0.214,-16.57,-4.72,13,1
P007,HRTF_B,24,0.227,-17.34,-4.73,13,1
P007,HRTF_B,24,0.241,-18.28,-4.81,13,1
P007,HRTF_B,24,0.255,-19.36,-4.96,13,1
P007,HRTF_B,24,0.269,-20.51,-5.13,13,1
P007,HRTF_B,24,0.283,-21.72,-5.25,13,1
P007,HRTF_B,24,0.296,-22.98,-5.34,13,1
P007,HRTF_B,24,0.309,-24.28,-5.42,13,1
P007,HRTF_B,24,0.323,-25.61,-5.55,13,1
P007,HRTF_B,24,0.339,-26.97,-5.73,13,1
P007,HRTF_B,24,0.352,-28.32,-5.96,13,1
P007,HRTF_B,24,0.366,-29.61,-6.25,13,1
P007,HRTF_B,24,0.38,-30.82,-6.56,13,1
P007,HRTF_B,24,0.394,-31.95,-6.88,13,1
P007,HRTF_B,24,0.408,-33.03,-7.18,13,1
P007,HRTF_B,24,0.422,-34.09,-7.46,13,1
P007,HRTF_B,24,0.437,-35.15,-7.71,13,1
P007,HRTF_B,24,0.45,-36.23,-7.96,13,1
P007,HRTF_B,24,0.464,-37.31,-8.21,13,1
P007,HRTF_B,24,0.477,-38.39,-8.44,13,1
P007,HRTF_B,24,0.492,-39.46,-8.63,13,1
P007,HRTF_B,24,0.506,-40.52,-8.79,13,1
P007,HRTF_B,24,0.519,-41.55,-8.93,13,1
P007,HRTF_B,24,0.533,-42.64,-9.05,13,1
P007,HRTF_B,24,0.547,-43.69,-9.15,13,1
P007,HRTF_B,24,0.561,-44.73,-9.22,13,1
P007,HRTF_B,24,0.575,-45.76,-9.28,13,1
P007,HRTF_B,24,0.589,-46.79,-9.31,13,1
P007,HRTF_B,24,0.603,-47.82,-9.32,13,1
P007,HRTF_B,24,0.616,-48.83,-9.3,13,1
P007,HRTF_B,24,0.63,-49.84,-9.27,13,1
P007,HRTF_B,24,0.644,-50.87,-9.24,13,1
P007,HRTF_B,24,0.658,-51.91,-9.21,13,1
P007,HRTF_B,24,0.672,-52.93,-9.17,13,1
P007,HRTF_B,24,0.686,-53.97,-9.08,13,1
P007,HRTF_B,24,0.7,-54.98,-8.98,13,1
P007,HRTF_B,24,0.714,-55.98,-8.84,13,1
P007,HRTF_B,24,0.728,-57.01,-8.71,13,1
P007,HRTF_B,24,0.742,-58.06,-8.57,13,1
P007,HRTF_B,24,0.76,-59.1,-8.44,13,1
P007,HRTF_B,24,0.783,-61.19,-8.14,13,1
P007,HRTF_B,24,0.797,-62.23,-7.97,13,1
P007,HRTF_B,24,0.811,-63.24,-7.81,13,1
P007,HRTF_B,24,0.825,-64.22,-7.63,13,1
P007,HRTF_B,24,0.839,-65.19,-7.48,13,1
P007,HRTF_B,24,0.853,-66.13,-7.35,13,1
P007,HRTF_B,24,0.866,-67.07,-7.24,13,1
P007,HRTF_B,24,0.88,-67.97,-7.21,13,1
P007,HRTF_B,24,0.894,-68.87,-7.23,13,1
P007,HRTF_B,24,0.908,-69.73,-7.27,13,1
P007,HRTF_B,24,0.922,-70.57,-7.3,13,1
P007,HRTF_B,24,0.936,-71.36,-7.36,13,1
P007,HRTF_B,24,0.949,-72.14,-7.41,13,1
P007,HRTF_B,24,0.962,-72.9,-7.5,13,1
P007,HRTF_B,24,0.975,-73.62,-7.62,13,1
P007,HRTF_B,24,0.988,-74.32,-7.74,13,1
P007,HRTF_B,24,1.006,-75.0,-7.82,13,1
P007,HRTF_B,24,1.019,-75.67,-7.89,13,1
P007,HRTF_B,24,1.033,-76.3,-7.98,13,1
P007,HRTF_B,24,1.047,-76.9,-8.15,13,1
P007,HRTF_B,24,1.061,-77.49,-8.37,13,1
P007,HRTF_B,24,1.075,-78.05,-8.6,13,1
P007,HRTF_B,24,1.089,-78.59,-8.8,13,1
P007,HRTF_B,24,1.103,-79.15,-8.94,13,1
P007,HRTF_B,24,1.116,-79.72,-9.0,13,1
P007,HRTF_B,24,1.13,-80.29,-9.06,13,1
P007,HRTF_B,24,1.144,-80.84,-9.2,13,1
P007,HRTF_B,24,1.158,-81.35,-9.42,13,1
P007,HRTF_B,24,1.172,-81.85,-9.69,13,1
P007,HRTF_B,24,1.186,-82.32,-9.97,13,1
P007,HRTF_B,24,1.2,-82.77,-10.2,13,1
P007,HRTF_B,24,1.214,-83.21,-10.41,13,1
P007,HRTF_B,24,1.228,-83.59,-10.68,13,1
P007,HRTF_B,24,1.241,-83.91,-11.04,13,1
P007,HRTF_B,24,1.256,-84.2,-11.43,13,1
P007,HRTF_B,24,1.269,-84.43,-11.79,13,1
P007,HRTF_B,24,1.283,-84.61,-12.12,13,1
P007,HRTF_B,24,1.297,-84.77,-12.46,13,1
P007,HRTF_B,24,1.311,-84.92,-12.82,13,1
P007,HRTF_B,24,1.325,-85.02,-13.2,13,1
P007,HRTF_B,24,1.339,-85.09,-13.56,13,1
P007,HRTF_B,24,1.353,-85.12,-13.97,13,1
P007,HRTF_B,24,1.366,-85.11,-14.37,13,1
P007,HRTF_B,24,1.38,-85.07,-14.74,13,1
P007,HRTF_B,24,1.394,-85.03,-15.08,13,1
P007,HRTF_B,24,1.408,-84.99,-15.41,13,1
P007,HRTF_B,24,1.422,-85.01,-15.75,13,1
P007,HRTF_B,24,1.436,-85.08,-16.09,13,1
P007,HRTF_B,24,1.45,-85.2,-16.4,13,1
P007,HRTF_B,24,1.464,-85.35,-16.72,13,1
P007,HRTF_B,24,1.478,-85.52,-17.04,13,1
P007,HRTF_B,24,1.492,-85.74,-17.4,13,1
P007,HRTF_B,24,1.505,-85.97,-17.84,13,1
P007,HRTF_B,24,1.519,-86.23,-18.35,13,1
P007,HRTF_B,24,1.533,-86.46,-18.88,13,1
P007,HRTF_B,24,1.547,-86.67,-19.37,13,1
P007,HRTF_B,24,1.561,-86.86,-19.89,13,1
P007,HRTF_B,24,1.576,-87.03,-20.43,13,1
P007,HRTF_B,24,1.589,-87.2,-21.02,13,1
P007,HRTF_B,24,1.603,-87.39,-21.63,13,1
P007,HRTF_B,24,1.616,-87.55,-22.21,13,1
P007,HRTF_B,24,1.63,-87.7,-22.74,13,1
P007,HRTF_B,24,1.644,-87.83,-23.32,13,1
P007,HRTF_B,24,1.658,-87.95,-23.94,13,1
P007,HRTF_B,24,1.672,-88.06,-24.53,13,1
P007,HRTF_B,24,1.686,-88.18,-25.08,13,1
P007,HRTF_B,24,1.7,-88.28,-25.6,13,1
P007,HRTF_B,24,1.714,-88.35,-26.06,13,1
P007,HRTF_B,24,1.728,-88.41,-26.47,13,1
P007,HRTF_B,24,1.741,-88.43,-26.84,13,1
P007,HRTF_B,24,1.755,-88.45,-27.17,13,1
P007,HRTF_B,24,1.769,-88.49,-27.49,13,1
P007,HRTF_B,24,1.783,-88.52,-27.75,13,1
P007,HRTF_B,24,1.797,-88.52,-28.03,13,1
P007,HRTF_B,24,1.811,-88.46,-28.37,13,1
P007,HRTF_B,24,1.825,-88.32,-28.83,13,1
P007,HRTF_B,24,1.839,-88.15,-29.44,13,1
P007,HRTF_B,24,1.853,-87.93,-30.14,13,1
P007,HRTF_B,24,1.867,-87.68,-30.78,13,1
P007,HRTF_B,24,1.88,-87.42,-31.32,13,1
P007,HRTF_B,24,1.895,-87.05,-31.74,13,1
P007,HRTF_B,24,1.908,-86.67,-32.14,13,1
P007,HRTF_B,24,1.922,-86.26,-32.6,13,1
P007,HRTF_B,24,1.936,-85.86,-33.12,13,1
P007,HRTF_B,24,1.95,-85.47,-33.66,13,1
P007,HRTF_B,24,1.964,-85.11,-34.22,13,1
P007,HRTF_B,24,1.977,-84.75,-34.71,13,1
P007,HRTF_B,24,1.991,-84.39,-35.2,13,1
P007,HRTF_B,24,2.005,-84.08,-35.73,13,1
P007,HRTF_B,24,2.019,-83.74,-36.28,13,1
P007,HRTF_B,24,2.033,-83.44,-36.83,13,1
P007,HRTF_B,24,2.048,-83.13,-37.34,13,1
P007,HRTF_B,24,2.061,-82.84,-37.83,13,1
P007,HRTF_B,24,2.075,-82.57,-38.3,13,1
P007,HRTF_B,24,2.089,-82.34,-38.75,13,1
P007,HRTF_B,24,2.103,-82.11,-39.19,13,1
P007,HRTF_B,24,2.117,-81.93,-39.59,13,1
P007,HRTF_B,24,2.13,-81.72,-40.01,13,1
P007,HRTF_B,24,2.144,-81.53,-40.43,13,1
P007,HRTF_B,24,2.158,-81.32,-40.87,13,1
P007,HRTF_B,24,2.172,-81.12,-41.31,13,1
P007,HRTF_B,24,2.186,-80.9,-41.72,13,1
P007,HRTF_B,24,2.2,-80.67,-42.13,13,1
P007,HRTF_B,24,2.215,-80.42,-42.53,13,1
P007,HRTF_B,24,2.228,-80.17,-42.95,13,1
P007,HRTF_B,24,2.242,-79.89,-43.38,13,1
P007,HRTF_B,24,2.255,-79.62,-43.81,13,1
P007,HRTF_B,24,2.269,-79.3,-44.18,13,1
P007,HRTF_B,24,2.283,-79.0,-44.48,13,1
P007,HRTF_B,24,2.297,-78.65,-44.72,13,1
P007,HRTF_B,24,2.311,-78.32,-44.96,13,1
P007,HRTF_B,24,2.325,-77.96,-45.16,13,1
P007,HRTF_B,24,2.339,-77.59,-45.31,13,1
P007,HRTF_B,24,2.352,-77.22,-45.39,13,1
P007,HRTF_B,24,2.367,-76.79,-45.39,13,1
P007,HRTF_B,24,2.381,-76.27,-45.29,13,1
P007,HRTF_B,24,2.394,-75.71,-45.09,13,1
P007,HRTF_B,24,2.408,-75.07,-44.8,13,1
P007,HRTF_B,24,2.422,-74.37,-44.43,13,1
P007,HRTF_B,24,2.436,-73.59,-44.04,13,1
P007,HRTF_B,24,2.45,-72.75,-43.64,13,1
P007,HRTF_B,24,2.464,-71.82,-43.2,13,1
P007,HRTF_B,24,2.478,-70.89,-42.69,13,1
P007,HRTF_B,24,2.491,-69.91,-42.14,13,1
P007,HRTF_B,24,2.505,-68.94,-41.59,13,1
P007,HRTF_B,24,2.519,-67.96,-41.01,13,1
P007,HRTF_B,24,2.547,-65.93,-39.97,13,1
P007,HRTF_B,24,2.561,-64.88,-39.54,13,1
P007,HRTF_B,24,2.575,-63.83,-39.18,13,1
P007,HRTF_B,24,2.589,-62.79,-38.83,13,1
P007,HRTF_B,24,2.603,-61.76,-38.48,13,1
P007,HRTF_B,24,2.616,-60.72,-38.1,13,1
P007,HRTF_B,24,2.63,-59.68,-37.68,13,1
P007,HRTF_B,24,2.644,-58.63,-37.27,13,1
P007,HRTF_B,24,2.658,-57.53,-36.9,13,1
P007,HRTF_B,24,2.672,-56.4,-36.54,13,1
P007,HRTF_B,24,2.686,-55.27,-36.18,13,1
P007,HRTF_B,24,2.701,-54.11,-35.82,13,1
P007,HRTF_B,24,2.714,-52.93,-35.44,13,1
P007,HRTF_B,24,2.727,-51.71,-35.06,13,1
P007,HRTF_B,24,2.741,-50.47,-34.66,13,1
P007,HRTF_B,24,2.756,-49.21,-34.27,13,1
P007,HRTF_B,24,2.77,-47.94,-33.86,13,1
P007,HRTF_B,24,2.783,-46.67,-33.43,13,1
P007,HRTF_B,24,2.797,-45.36,-32.95,13,1
P007,HRTF_B,24,2.811,-44.02,-32.42,13,1
P007,HRTF_B,24,2.825,-42.65,-31.83,13,1
P007,HRTF_B,24,2.839,-41.24,-31.2,13,1
P007,HRTF_B,24,2.852,-39.78,-30.51,13,1
P007,HRTF_B,24,2.868,-38.26,-29.78,13,1
P007,HRTF_B,24,2.882,-36.66,-28.98,13,1
P007,HRTF_B,24,2.895,-34.99,-28.14,13,1
P007,HRTF_B,24,2.908,-33.22,-27.29,13,1
P007,HRTF_B,24,2.922,-31.38,-26.46,13,1
P007,HRTF_B,24,2.936,-29.53,-25.6,13,1
P007,HRTF_B,24,2.949,-27.67,-24.73,13,1
P007,HRTF_B,24,2.964,-25.81,-23.87,13,1
P007,HRTF_B,24,2.978,-23.9,-23.05,13,1
P007,HRTF_B,24,2.991,-21.99,-22.3,13,1
P007,HRTF_B,24,3.005,-20.07,-21.58,13,1
P007,HRTF_B,24,3.021,-18.16,-20.84,13,1
P007,HRTF_B,24,3.034,-16.29,-20.13,13,1
P007,HRTF_B,24,3.048,-14.46,-19.44,13,1
P007,HRTF_B,24,3.063,-12.68,-18.82,13,1
P007,HRTF_B,24,3.076,-10.95,-18.25,13,1
P007,HRTF_B,24,3.09,-9.29,-17.77,13,1
P007,HRTF_B,24,3.103,-7.69,-17.35,13,1
P007,HRTF_B,24,3.117,-6.14,-16.94,13,1
P007,HRTF_B,24,3.131,-4.71,-16.53,13,1
P007,HRTF_B,24,3.145,-3.36,-16.12,13,1
P007,HRTF_B,24,3.158,-2.06,-15.7,13,1
P007,HRTF_B,24,3.172,-0.86,-15.29,13,1
P007,HRTF_B,24,3.187,0.29,-14.92,13,1
P007,HRTF_B,24,3.201,1.41,-14.56,13,1
P007,HRTF_B,24,3.214,2.5,-14.2,13,1
P007,HRTF_B,24,3.228,3.56,-13.82,13,1
P007,HRTF_B,24,3.241,4.57,-13.44,13,1
P007,HRTF_B,24,3.255,5.59,-13.07,13,1
P007,HRTF_B,24,3.268,6.57,-12.66,13,1
P007,HRTF_B,24,3.283,7.56,-12.24,13,1
P007,HRTF_B,24,3.297,8.52,-11.83,13,1
P007,HRTF_B,24,3.311,9.48,-11.45,13,1
P007,HRTF_B,24,3.325,10.4,-11.11,13,1
P007,HRTF_B,24,3.339,11.33,-10.78,13,1
P007,HRTF_B,24,3.353,12.25,-10.45,13,1
P007,HRTF_B,24,3.366,13.16,-10.12,13,1
P007,HRTF_B,24,3.379,14.09,-9.81,13,1
P007,HRTF_B,24,3.393,15.03,-9.48,13,1
P007,HRTF_B,24,3.406,15.98,-9.18,13,1
P007,HRTF_B,24,3.419,16.93,-8.84,13,1
P007,HRTF_B,24,3.433,17.92,-8.48,13,1
P007,HRTF_B,24,3.446,18.88,-8.08,13,1
P007,HRTF_B,24,3.46,19.88,-7.61,13,1
P007,HRTF_B,24,3.474,20.84,-7.12,13,1
P007,HRTF_B,24,3.487,21.83,-6.65,13,1
P007,HRTF_B,24,3.502,22.8,-6.18,13,1
P007,HRTF_B,24,3.515,23.81,-5.74,13,1
P007,HRTF_B,24,3.528,24.83,-5.26,13,1
P007,HRTF_B,24,3.541,25.88,-4.74,13,1
P007,HRTF_B,24,3.56,26.89,-4.15,13,1
P007,HRTF_B,24,3.574,27.94,-3.6,13,1
P007,HRTF_B,24,3.587,28.98,-3.16,13,1
P007,HRTF_B,24,3.602,30.04,-2.79,13,1
P007,HRTF_B,24,3.616,31.12,-2.5,13,1
P007,HRTF_B,24,3.629,32.24,-2.19,13,1
P007,HRTF_B,24,3.644,33.36,-1.89,13,1
P007,HRTF_B,24,3.659,34.48,-1.58,13,1
P007,HRTF_B,24,3.673,35.59,-1.25,13,1
P007,HRTF_B,24,3.686,36.69,-0.93,13,1
P007,HRTF_B,24,3.699,37.79,-0.67,13,1
P007,HRTF_B,24,3.713,38.9,-0.42,13,1
P007,HRTF_B,24,3.727,40.0,-0.17,13,1
P007,HRTF_B,24,3.74,41.05,0.11,13,1
P007,HRTF_B,24,3.754,42.07,0.41,13,1
P007,HRTF_B,24,3.767,43.07,0.66,13,1
P007,HRTF_B,24,3.783,44.01,0.84,13,1
P007,HRTF_B,24,3.796,44.97,1.02,13,1
P007,HRTF_B,24,3.811,45.9,1.15,13,1
P007,HRTF_B,24,3.826,46.82,1.31,13,1
P007,HRTF_B,24,3.839,47.72,1.45,13,1
P007,HRTF_B,24,3.853,48.59,1.58,13,1
P007,HRTF_B,24,3.866,49.47,1.69,13,1
P007,HRTF_B,24,3.88,50.36,1.76,13,1
P007,HRTF_B,24,3.893,51.27,1.8,13,1
P007,HRTF_B,24,3.908,52.22,1.83,13,1
P007,HRTF_B,24,3.921,53.2,1.85,13,1
P007,HRTF_B,24,3.935,54.18,1.87,13,1
P007,HRTF_B,24,3.949,55.18,1.88,13,1
P007,HRTF_B,24,3.963,56.2,1.88,13,1
P007,HRTF_B,24,3.982,57.22,1.85,13,1
P007,HRTF_B,24,4.005,59.3,1.73,13,1
P007,HRTF_B,24,4.021,60.37,1.64,13,1
P007,HRTF_B,24,4.035,61.47,1.57,13,1
P007,HRTF_B,24,4.048,62.57,1.54,13,1
P007,HRTF_B,24,4.061,63.67,1.53,13,1
P007,HRTF_B,24,4.074,64.75,1.49,13,1
P007,HRTF_B,24,4.088,65.86,1.43,13,1
P007,HRTF_B,24,4.102,66.96,1.32,13,1
P007,HRTF_B,24,4.116,68.07,1.18,13,1
P007,HRTF_B,24,4.13,69.22,1.0,13,1
P007,HRTF_B,24,4.144,70.37,0.82,13,1
P007,HRTF_B,24,4.158,71.51,0.6,13,1
P007,HRTF_B,24,4.171,72.66,0.37,13,1
P007,HRTF_B,24,4.184,73.84,0.12,13,1
P007,HRTF_B,24,4.197,75.04,-0.11,13,1
P007,HRTF_B,24,4.211,76.26,-0.32,13,1
P007,HRTF_B,24,4.228,77.49,-0.52,13,1
P007,HRTF_B,24,4.241,78.71,-0.67,13,1
P007,HRTF_B,24,4.255,79.92,-0.81,13,1
P007,HRTF_B,24,4.268,81.15,-0.95,13,1
P007,HRTF_B,24,4.282,82.35,-1.08,13,1
P007,HRTF_B,24,4.295,83.5,-1.18,13,1
P007,HRTF_B,24,4.31,84.64,-1.23,13,1
P007,HRTF_B,24,4.323,85.72,-1.24,13,1
P007,HRTF_B,24,4.336,86.77,-1.21,13,1
P007,HRTF_B,24,4.352,87.76,-1.13,13,1
P007,HRTF_B,24,4.366,88.71,-1.07,13,1
P007,HRTF_B,24,4.38,89.65,-1.02,13,1
P007,HRTF_B,24,4.394,90.55,-0.99,13,1
P007,HRTF_B,24,4.408,91.42,-0.96,13,1
P007,HRTF_B,24,4.422,92.24,-0.92,13,1
P007,HRTF_B,24,4.435,93.07,-0.88,13,1
P007,HRTF_B,24,4.449,93.86,-0.8,13,1
P007,HRTF_B,24,4.463,94.65,-0.75,13,1
P007,HRTF_B,24,4.478,95.44,-0.71,13,1
P007,HRTF_B,24,4.492,96.21,-0.7,13,1
P007,HRTF_B,24,4.505,97.01,-0.72,13,1
P007,HRTF_B,24,4.519,97.8,-0.75,13,1
P007,HRTF_B,24,4.532,98.62,-0.8,13,1
P007,HRTF_B,24,4.546,99.48,-0.86,13,1
P007,HRTF_B,24,4.56,100.35,-0.89,13,1
P007,HRTF_B,24,4.574,101.22,-0.86,13,1
P007,HRTF_B,24,4.588,102.08,-0.87,13,1
P007,HRTF_B,24,4.602,102.92,-0.86,13,1
P007,HRTF_B,24,4.616,103.76,-0.85,13,1
P007,HRTF_B,24,4.63,104.57,-0.83,13,1
P007,HRTF_B,24,4.644,105.35,-0.83,13,1
P007,HRTF_B,24,4.658,106.1,-0.79,13,1
P007,HRTF_B,24,4.67,106.79,-0.78,13,1
P007,HRTF_B,24,4.684,107.46,-0.78,13,1
P007,HRTF_B,24,4.698,108.09,-0.75,13,1
P007,HRTF_B,24,4.711,108.68,-0.7,13,1
P007,HRTF_B,24,4.724,109.21,-0.58,13,1
P007,HRTF_B,24,4.741,109.69,-0.44,13,1
P007,HRTF_B,24,4.755,110.11,-0.3,13,1
P007,HRTF_B,24,4.769,110.51,-0.14,13,1
P007,HRTF_B,24,4.782,110.86,0.01,13,1
P007,HRTF_B,24,4.798,111.19,0.1,13,1
P007,HRTF_B,24,4.811,111.51,0.2,13,1
P007,HRTF_B,24,4.824,111.82,0.25,13,1
P007,HRTF_B,24,4.838,112.1,0.27,13,1
P007,HRTF_B,24,4.852,112.38,0.26,13,1
P007,HRTF_B,24,4.866,112.66,0.22,13,1
P007,HRTF_B,24,4.88,112.99,0.14,13,1
P007,HRTF_B,24,4.894,113.36,0.03,13,1
P007,HRTF_B,24,4.908,113.78,-0.07,13,1
P007,HRTF_B,24,4.921,114.24,-0.16,13,1
P007,HRTF_B,24,4.935,114.74,-0.22,13,1
P007,HRTF_B,24,4.95,115.3,-0.29,13,1
P007,HRTF_B,24,4.963,115.88,-0.31,13,1
P007,HRTF_B,24,4.977,116.49,-0.34,13,1
P007,HRTF_B,24,4.991,117.11,-0.36,13,1
P007,HRTF_B,24,5.005,117.76,-0.39,13,1
P007,HRTF_B,24,5.019,118.44,-0.46,13,1
P007,HRTF_B,24,5.032,119.17,-0.53,13,1
P007,HRTF_B,24,5.047,119.94,-0.6,13,1
P007,HRTF_B,24,5.06,120.73,-0.66,13,1
P007,HRTF_B,24,5.074,121.54,-0.74,13,1
P007,HRTF_B,24,5.089,122.38,-0.84,13,1
P007,HRTF_B,24,5.102,123.22,-1.0,13,1
P007,HRTF_B,24,5.117,124.13,-1.19,13,1
P007,HRTF_B,24,5.13,125.03,-1.38,13,1
P007,HRTF_B,24,5.144,125.97,-1.56,13,1
P007,HRTF_B,24,5.158,126.9,-1.71,13,1
P007,HRTF_B,24,5.171,127.8,-1.82,13,1
P007,HRTF_B,24,5.185,128.68,-1.89,13,1
P007,HRTF_B,24,5.199,129.53,-2.0,13,1
P007,HRTF_B,24,5.213,130.33,-2.09,13,1
P007,HRTF_B,24,5.226,131.08,-2.19,13,1
P007,HRTF_B,24,5.241,131.78,-2.33,13,1
P007,HRTF_B,24,5.255,132.42,-2.46,13,1
P007,HRTF_B,24,5.269,132.99,-2.58,13,1
P007,HRTF_B,24,5.282,133.51,-2.73,13,1
P007,HRTF_B,24,5.296,133.98,-2.88,13,1
P007,HRTF_B,25,0.017,-9.8,-1.6,25,1
P007,HRTF_B,25,0.031,-10.16,-1.57,25,1
P007,HRTF_B,25,0.045,-10.57,-1.62,25,1
P007,HRTF_B,25,0.058,-10.98,-1.63,25,1
P007,HRTF_B,25,0.071,-11.44,-1.69,25,1
P007,HRTF_B,25,0.085,-11.95,-1.74,25,1
P007,HRTF_B,25,0.098,-12.47,-1.85,25,1
P007,HRTF_B,25,0.112,-13.0,-1.93,25,1
P007,HRTF_B,25,0.126,-13.58,-2.04,25,1
P007,HRTF_B,25,0.14,-14.17,-2.16,25,1
P007,HRTF_B,25,0.154,-14.77,-2.29,25,1
P007,HRTF_B,25,0.169,-15.39,-2.39,25,1
P007,HRTF_B,25,0.183,-16.02,-2.53,25,1
P007,HRTF_B,25,0.197,-16.66,-2.65,25,1
P007,HRTF_B,25,0.211,-17.34,-2.76,25,1
P007,HRTF_B,25,0.224,-18.04,-2.89,25,1
P007,HRTF_B,25,0.238,-18.78,-3.03,25,1
P007,HRTF_B,25,0.252,-19.5,-3.23,25,1
P007,HRTF_B,25,0.266,-20.24,-3.55,25,1
P007,HRTF_B,25,0.279,-21.0,-3.92,25,1
P007,HRTF_B,25,0.293,-21.8,-4.35,25,1
P007,HRTF_B,25,0.307,-22.61,-4.74,25,1
P007,HRTF_B,25,0.322,-23.43,-5.16,25,1
P007,HRTF_B,25,0.336,-24.29,-5.6,25,1
P007,HRTF_B,25,0.35,-25.14,-6.05,25,1
P007,HRTF_B,25,0.363,-26.03,-6.58,25,1
P007,HRTF_B,25,0.377,-26.93,-7.13,25,1
P007,HRTF_B,25,0.39,-27.85,-7.61,25,1
P007,HRTF_B,25,0.404,-28.75,-8.03,25,1
P007,HRTF_B,25,0.418,-29.63,-8.39,25,1
P007,HRTF_B,25,0.432,-30.45,-8.75,25,1
P007,HRTF_B,25,0.446,-31.26,-9.13,25,1
P007,HRTF_B,25,0.46,-32.07,-9.44,25,1
P007,HRTF_B,25,0.474,-32.84,-9.71,25,1
P007,HRTF_B,25,0.488,-33.56,-9.87,25,1
P007,HRTF_B,25,0.501,-34.25,-10.03,25,1
P007,HRTF_B,25,0.526,-34.83,-10.2,25,1
P007,HRTF_B,25,0.54,-35.4,-10.37,25,1
P007,HRTF_B,25,0.554,-35.95,-10.49,25,1
P007,HRTF_B,25,0.567,-36.44,-10.57,25,1
P007,HRTF_B,25,0.581,-36.91,-10.6,25,1
P007,HRTF_B,25,0.595,-37.32,-10.62,25,1
P007,HRTF_B,25,0.608,-37.69,-10.65,25,1
P007,HRTF_B,25,0.622,-38.01,-10.69,25,1
P007,HRTF_B,25,0.638,-38.32,-10.72,25,1
P007,HRTF_B,25,0.651,-38.63,-10.73,25,1
P007,HRTF_B,25,0.665,-38.93,-10.69,25,1
P007,HRTF_B,25,0.679,-39.22,-10.58,25,1
P007,HRTF_B,25,0.692,-39.49,-10.44,25,1
P007,HRTF_B,25,0.706,-39.71,-10.37,25,1
P007,HRTF_B,25,0.719,-39.92,-10.34,25,1
P007,HRTF_B,25,0.732,-40.1,-10.39,25,1
P007,HRTF_B,25,0.747,-40.27,-10.5,25,1
P007,HRTF_B,25,0.761,-40.41,-10.61,25,1
P007,HRTF_B,25,0.774,-40.54,-10.72,25,1
P007,HRTF_B,25,0.789,-40.64,-10.82,25,1
P007,HRTF_B,25,0.803,-40.71,-10.95,25,1
P007,HRTF_B,25,0.817,-40.76,-11.1,25,1
P007,HRTF_B,25,0.83,-40.81,-11.25,25,1
P007,HRTF_B,25,0.844,-40.88,-11.38,25,1
P007,HRTF_B,25,0.858,-40.97,-11.5,25,1
P007,HRTF_B,25,0.872,-41.06,-11.61,25,1
P007,HRTF_B,25,0.886,-41.14,-11.71,25,1
P007,HRTF_B,25,0.9,-41.2,-11.83,25,1
P007,HRTF_B,25,0.913,-41.25,-12.01,25,1
P007,HRTF_B,25,0.928,-41.3,-12.25,25,1
P007,HRTF_B,25,0.942,-41.36,-12.5,25,1
P007,HRTF_B,25,0.958,-41.43,-12.73,25,1
P007,HRTF_B,25,0.971,-41.48,-12.96,25,1
P007,HRTF_B,25,0.985,-41.45,-13.26,25,1
P007,HRTF_B,25,0.998,-41.34,-13.71,25,1
P007,HRTF_B,25,1.012,-41.14,-14.27,25,1
P007,HRTF_B,25,1.026,-40.81,-14.88,25,1
P007,HRTF_B,25,1.04,-40.31,-15.45,25,1
P007,HRTF_B,25,1.053,-39.58,-16.03,25,1
P007,HRTF_B,25,1.067,-38.64,-16.61,25,1
P007,HRTF_B,25,1.081,-37.55,-17.28,25,1
P007,HRTF_B,25,1.095,-36.35,-17.94,25,1
P007,HRTF_B,25,1.11,-35.1,-18.61,25,1
P007,HRTF_B,25,1.123,-33.79,-19.27,25,1
P007,HRTF_B,25,1.137,-32.41,-19.94,25,1
P007,HRTF_B,25,1.151,-30.97,-20.64,25,1
P007,HRTF_B,25,1.164,-29.53,-21.46,25,1
P007,HRTF_B,25,1.178,-28.11,-22.34,25,1
P007,HRTF_B,25,1.192,-26.78,-23.27,25,1
P007,HRTF_B,25,1.206,-25.43,-24.19,25,1
P007,HRTF_B,25,1.22,-24.09,-25.13,25,1
P007,HRTF_B,25,1.233,-22.7,-26.16,25,1
P007,HRTF_B,25,1.248,-21.34,-27.38,25,1
P007,HRTF_B,25,1.263,-20.01,-28.68,25,1
P007,HRTF_B,25,1.277,-18.73,-29.88,25,1
P007,HRTF_B,25,1.291,-17.48,-30.92,25,1
P007,HRTF_B,25,1.304,-16.23,-31.74,25,1
P007,HRTF_B,25,1.317,-15.08,-32.37,25,1
P007,HRTF_B,25,1.331,-14.03,-32.83,25,1
P007,HRTF_B,25,1.344,-13.16,-33.18,25,1
P007,HRTF_B,25,1.358,-12.43,-33.5,25,1
P007,HRTF_B,25,1.371,-11.88,-33.83,25,1
P007,HRTF_B,25,1.384,-11.48,-34.15,25,1
P007,HRTF_B,25,1.398,-11.17,-34.42,25,1
P007,HRTF_B,25,1.413,-10.97,-34.6,25,1
P007,HRTF_B,25,1.427,-10.81,-34.74,25,1
P007,HRTF_B,25,1.441,-10.73,-34.84,25,1
P007,HRTF_B,25,1.454,-10.71,-34.92,25,1
P007,HRTF_B,25,1.467,-10.73,-35.0,25,1
P007,HRTF_B,25,1.484,-10.81,-35.08,25,1
P007,HRTF_B,25,1.498,-10.92,-35.18,25,1
P007,HRTF_B,25,1.512,-11.04,-35.29,25,1
P007,HRTF_B,25,1.526,-11.16,-35.41,25,1
P007,HRTF_B,25,1.54,-11.24,-35.56,25,1
P007,HRTF_B,25,1.554,-11.3,-35.76,25,1
P007,HRTF_B,25,1.569,-11.32,-36.01,25,1
P007,HRTF_B,25,1.583,-11.33,-36.31,25,1
P007,HRTF_B,25,1.597,-11.33,-36.62,25,1
P007,HRTF_B,25,1.61,-11.32,-36.94,25,1
P007,HRTF_B,25,1.624,-11.28,-37.27,25,1
P007,HRTF_B,25,1.638,-11.22,-37.59,25,1
P007,HRTF_B,25,1.652,-11.13,-37.89,25,1
P007,HRTF_B,25,1.665,-11.02,-38.19,25,1
P007,HRTF_B,25,1.679,-10.88,-38.5,25,1
P007,HRTF_B,25,1.692,-10.71,-38.8,25,1
P007,HRTF_B,25,1.706,-10.48,-39.08,25,1
P007,HRTF_B,25,1.721,-10.23,-39.3,25,1
P007,HRTF_B,25,1.736,-9.92,-39.49,25,1
P007,HRTF_B,25,1.749,-9.56,-39.67,25,1
P007,HRTF_B,25,1.763,-9.09,-39.83,25,1
P007,HRTF_B,25,1.776,-8.51,-40.02,25,1
P007,HRTF_B,25,1.79,-7.81,-40.22,25,1
P007,HRTF_B,25,1.804,-7.07,-40.4,25,1
P007,HRTF_B,25,1.818,-6.26,-40.58,25,1
P007,HRTF_B,25,1.832,-5.42,-40.71,25,1
P007,HRTF_B,25,1.845,-4.56,-40.83,25,1
P007,HRTF_B,25,1.859,-3.69,-40.92,25,1
P007,HRTF_B,25,1.874,-2.79,-40.97,25,1
P007,HRTF_B,25,1.887,-1.9,-40.98,25,1
P007,HRTF_B,25,1.901,-0.98,-40.95,25,1
P007,HRTF_B,25,1.915,-0.13,-40.9,25,1
P007,HRTF_B,25,1.929,0.74,-40.81,25,1
P007,HRTF_B,25,1.942,1.57,-40.74,25,1
P007,HRTF_B,25,1.956,2.43,-40.68,25,1
P007,HRTF_B,25,1.969,3.27,-40.64,25,1
P007,HRTF_B,25,1.984,4.15,-40.58,25,1
P007,HRTF_B,25,1.998,4.99,-40.51,25,1
P007,HRTF_B,25,2.011,5.83,-40.43,25,1
P007,HRTF_B,25,2.026,6.7,-40.35,25,1
P007,HRTF_B,25,2.04,7.6,-40.33,25,1
P007,HRTF_B,25,2.054,8.56,-40.36,25,1
P007,HRTF_B,25,2.067,9.55,-40.42,25,1
P007,HRTF_B,25,2.081,10.55,-40.5,25,1
P007,HRTF_B,25,2.095,11.54,-40.55,25,1
P007,HRTF_B,25,2.109,12.54,-40.57,25,1
P007,HRTF_B,25,2.123,13.53,-40.6,25,1
P007,HRTF_B,25,2.137,14.53,-40.63,25,1
P007,HRTF_B,25,2.151,15.54,-40.69,25,1
P007,HRTF_B,25,2.165,16.56,-40.77,25,1
P007,HRTF_B,25,2.18,17.55,-40.83,25,1
P007,HRTF_B,25,2.193,18.53,-40.89,25,1
P007,HRTF_B,25,2.207,19.5,-40.95,25,1
P007,HRTF_B,25,2.22,20.51,-41.04,25,1
P007,HRTF_B,25,2.234,21.54,-41.14,25,1
P007,HRTF_B,25,2.248,22.62,-41.24,25,1
P007,HRTF_B,25,2.262,23.71,-41.33,25,1
P007,HRTF_B,25,2.276,24.84,-41.4,25,1
P007,HRTF_B,25,2.29,25.96,-41.43,25,1
P007,HRTF_B,25,2.304,27.13,-41.41,25,1
P007,HRTF_B,25,2.317,28.36,-41.37,25,1
P007,HRTF_B,25,2.335,29.63,-41.3,25,1
P007,HRTF_B,25,2.359,32.36,-41.09,25,1
P007,HRTF_B,25,2.373,33.81,-41.04,25,1
P007,HRTF_B,25,2.387,35.3,-41.07,25,1
P007,HRTF_B,25,2.401,36.79,-41.24,25,1
P007,HRTF_B,25,2.415,38.25,-41.41,25,1
P007,HRTF_B,25,2.428,39.66,-41.51,25,1
P007,HRTF_B,25,2.443,41.03,-41.51,25,1
P007,HRTF_B,25,2.457,42.32,-41.36,25,1
P007,HRTF_B,25,2.471,43.51,-41.06,25,1
P007,HRTF_B,25,2.485,44.61,-40.64,25,1
P007,HRTF_B,25,2.498,45.68,-40.18,25,1
P007,HRTF_B,25,2.513,46.75,-39.7,25,1
P007,HRTF_B,25,2.527,47.83,-39.2,25,1
P007,HRTF_B,25,2.54,48.95,-38.69,25,1
P007,HRTF_B,25,2.554,50.05,-38.13,25,1
P007,HRTF_B,25,2.567,51.14,-37.54,25,1
P007,HRTF_B,25,2.581,52.21,-36.91,25,1
P007,HRTF_B,25,2.596,53.29,-36.26,25,1
P007,HRTF_B,25,2.609,54.39,-35.61,25,1
P007,HRTF_B,25,2.623,55.53,-34.99,25,1
P007,HRTF_B,25,2.636,56.68,-34.39,25,1
P007,HRTF_B,25,2.65,57.86,-33.85,25,1
P007,HRTF_B,25,2.665,59.02,-33.33,25,1
P007,HRTF_B,25,2.678,60.18,-32.82,25,1
P007,HRTF_B,25,2.691,61.31,-32.3,25,1
P007,HRTF_B,25,2.705,62.45,-31.82,25,1
P007,HRTF_B,25,2.72,63.57,-31.37,25,1
P007,HRTF_B,25,2.734,64.68,-30.91,25,1
P007,HRTF_B,25,2.748,65.79,-30.45,25,1
P007,HRTF_B,25,2.762,66.87,-30.0,25,1
P007,HRTF_B,25,2.776,67.95,-29.52,25,1
P007,HRTF_B,25,2.79,69.01,-29.04,25,1
P007,HRTF_B,25,2.804,70.06,-28.56,25,1
P007,HRTF_B,25,2.819,71.11,-28.1,25,1
P007,HRTF_B,25,2.833,72.15,-27.66,25,1
P007,HRTF_B,25,2.846,73.18,-27.22,25,1
P007,HRTF_B,25,2.859,74.22,-26.77,25,1
P007,HRTF_B,25,2.873,75.26,-26.35,25,1
P007,HRTF_B,25,2.887,76.32,-25.91,25,1
P007,HRTF_B,25,2.901,77.38,-25.48,25,1
P007,HRTF_B,25,2.915,78.44,-25.0,25,1
P007,HRTF_B,25,2.929,79.52,-24.48,25,1
P007,HRTF_B,25,2.943,80.61,-23.96,25,1
P007,HRTF_B,25,2.957,81.7,-23.46,25,1
P007,HRTF_B,25,2.971,82.82,-22.96,25,1
P007,HRTF_B,25,2.985,83.95,-22.52,25,1
P007,HRTF_B,25,2.999,85.11,-22.06,25,1
P007,HRTF_B,25,3.012,86.29,-21.57,25,1
P007,HRTF_B,25,3.026,87.51,-21.07,25,1
P007,HRTF_B,25,3.039,88.73,-20.54,25,1
P007,HRTF_B,25,3.054,89.98,-20.04,25,1
P007,HRTF_B,25,3.067,91.25,-19.59,25,1
P007,HRTF_B,25,3.081,92.51,-19.19,25,1
P007,HRTF_B,25,3.096,93.78,-18.8,25,1
P007,HRTF_B,25,3.109,95.02,-18.41,25,1
P007,HRTF_B,25,3.125,96.25,-18.02,25,1
P007,HRTF_B,25,3.139,97.48,-17.63,25,1
P007,HRTF_B,25,3.153,98.72,-17.26,25,1
P007,HRTF_B,25,3.167,99.96,-16.92,25,1
P007,HRTF_B,25,3.18,101.2,-16.61,25,1
P007,HRTF_B,25,3.194,102.45,-16.34,25,1
P007,HRTF_B,25,3.207,103.7,-16.12,25,1
P007,HRTF_B,25,3.22,104.96,-15.92,25,1
P007,HRTF_B,25,3.234,106.23,-15.76,25,1
P007,HRTF_B,25,3.249,107.51,-15.61,25,1
P007,HRTF_B,25,3.262,108.8,-15.53,25,1
P007,HRTF_B,25,3.278,110.11,-15.46,25,1
P007,HRTF_B,25,3.291,111.44,-15.42,25,1
P007,HRTF_B,25,3.304,112.76,-15.38,25,1
P007,HRTF_B,25,3.318,114.08,-15.35,25,1
P007,HRTF_B,25,3.331,115.42,-15.35,25,1
P007,HRTF_B,25,3.345,116.74,-15.36,25,1
P007,HRTF_B,25,3.359,118.05,-15.36,25,1
P007,HRTF_B,25,3.373,119.35,-15.42,25,1
P007,HRTF_B,25,3.387,120.63,-15.46,25,1
P007,HRTF_B,25,3.401,121.89,-15.51,25,1
P007,HRTF_B,25,3.415,123.11,-15.58,25,1
P007,HRTF_B,25,3.429,124.27,-15.65,25,1
P007,HRTF_B,25,3.443,125.41,-15.73,25,1
P007,HRTF_B,25,3.457,126.49,-15.8,25,1
P007,HRTF_B,25,3.47,127.51,-15.88,25,1
P007,HRTF_B,25,3.484,128.47,-15.94,25,1
P007,HRTF_B,25,3.498,129.38,-15.97,25,1
P007,HRTF_B,25,3.512,130.25,-15.98,25,1
P007,HRTF_B,25,3.526,131.07,-16.01,25,1
P007,HRTF_B,25,3.539,131.88,-16.01,25,1
P007,HRTF_B,25,3.553,132.66,-15.99,25,1
P007,HRTF_B,25,3.567,133.41,-15.95,25,1
P007,HRTF_B,25,3.582,134.11,-15.87,25,1
P007,HRTF_B,25,3.596,134.8,-15.78,25,1
P007,HRTF_B,25,3.609,135.49,-15.69,25,1
P007,HRTF_B,25,3.623,136.15,-15.61,25,1
P007,HRTF_B,25,3.637,136.8,-15.56,25,1
P007,HRTF_B,25,3.65,137.44,-15.55,25,1
P007,HRTF_B,25,3.664,138.07,-15.56,25,1
P007,HRTF_B,25,3.678,138.7,-15.59,25,1
P007,HRTF_B,25,3.691,139.3,-15.61,25,1
P007,HRTF_B,25,3.705,139.95,-15.64,25,1
P007,HRTF_B,25,3.719,140.6,-15.65,25,1
P007,HRTF_B,25,3.734,141.28,-15.65,25,1
P007,HRTF_B,25,3.748,141.98,-15.7,25,1
P007,HRTF_B,25,3.762,142.72,-15.75,25,1
P007,HRTF_B,25,3.775,143.49,-15.81,25,1
P007,HRTF_B,25,3.789,144.32,-15.87,25,1
P007,HRTF_B,25,3.802,145.18,-15.9,25,1
P007,HRTF_B,25,3.816,146.08,-15.9,25,1
P007,HRTF_B,25,3.83,147.02,-15.89,25,1
P007,HRTF_B,25,3.845,147.99,-15.87,25,1
P007,HRTF_B,25,3.858,149.01,-15.86,25,1
P007,HRTF_B,25,3.872,150.04,-15.79,25,1
P007,HRTF_B,25,3.887,151.1,-15.72,25,1
P007,HRTF_B,25,3.901,152.19,-15.64,25,1
P007,HRTF_B,25,3.915,153.31,-15.53,25,1
P007,HRTF_B,25,3.928,154.42,-15.43,25,1
P007,HRTF_B,25,3.941,155.51,-15.33,25,1
P007,HRTF_B,25,3.955,156.59,-15.24,25,1
P007,HRTF_B,25,3.969,157.63,-15.16,25,1
P007,HRTF_B,25,3.983,158.65,-15.13,25,1
P007,HRTF_B,25,3.997,159.66,-15.1,25,1
P007,HRTF_B,25,4.011,160.61,-15.08,25,1
P007,HRTF_B,25,4.025,161.53,-15.06,25,1
P007,HRTF_B,25,4.04,162.36,-15.01,25,1
P007,HRTF_B,25,4.054,163.18,-14.97,25,1
P007,HRTF_B,25,4.068,163.92,-14.97,25,1
P007,HRTF_B,25,4.082,164.61,-14.99,25,1
P007,HRTF_B,25,4.095,165.24,-15.0,25,1
P007,HRTF_B,25,4.109,165.82,-15.01,25,1
P007,HRTF_B,25,4.123,166.33,-15.02,25,1
P007,HRTF_B,25,4.137,166.81,-15.01,25,1
P007,HRTF_B,25,4.15,167.26,-15.0,25,1
P007,HRTF_B,25,4.164,167.69,-14.98,25,1
P007,HRTF_B,25,4.178,168.1,-14.97,25,1
P007,HRTF_B,25,4.193,168.49,-14.96,25,1
P007,HRTF_B,25,4.207,168.85,-14.94,25,1
P007,HRTF_B,25,4.22,169.23,-14.94,25,1
P007,HRTF_B,25,4.234,169.61,-14.94,25,1
P007,HRTF_B,25,4.248,170.01,-14.92,25,1
P007,HRTF_B,25,4.261,170.44,-14.86,25,1
P007,HRTF_B,25,4.275,170.87,-14.81,25,1
P007,HRTF_B,25,4.289,171.31,-14.74,25,1
P007,HRTF_B,25,4.303,171.75,-14.68,25,1
P007,HRTF_B,25,4.316,172.21,-14.63,25,1
P007,HRTF_B,25,4.33,172.69,-14.56,25,1
P007,HRTF_B,25,4.345,173.21,-14.48,25,1
P007,HRTF_B,25,4.358,173.72,-14.34,25,1
P007,HRTF_B,25,4.372,174.23,-14.19,25,1
P007,HRTF_B,25,4.386,174.73,-14.02,25,1
P007,HRTF_B,25,4.4,175.21,-13.84,25,1
P007,HRTF_B,25,4.413,175.68,-13.66,25,1
P007,HRTF_B,25,4.426,176.14,-13.39,25,1
P007,HRTF_B,25,4.44,176.58,-13.07,25,1
P007,HRTF_B,25,4.454,176.95,-12.6,25,1
P007,HRTF_B,25,4.467,177.29,-11.97,25,1
P007,HRTF_B,25,4.481,177.56,-11.09,25,1
P007,HRTF_B,25,4.495,177.76,-9.96,25,1
P007,HRTF_B,25,4.509,177.88,-8.69,25,1
P007,HRTF_B,25,4.523,177.97,-7.39,25,1
P007,HRTF_B,25,4.537,177.98,-6.19,25,1
P007,HRTF_B,25,4.551,177.95,-5.06,25,1
P007,HRTF_B,25,4.564,177.91,-4.01,25,1
P007,HRTF_B,25,4.579,177.84,-2.93,25,1
P007,HRTF_B,25,4.592,177.76,-1.86,25,1
P007,HRTF_B,25,4.606,177.66,-0.74,25,1
P007,HRTF_B,25,4.619,177.5,0.34,25,1
P007,HRTF_B,25,4.633,177.34,1.39,25,1
P007,HRTF_B,25,4.648,177.22,2.3,25,1
P007,HRTF_B,25,4.662,177.11,3.27,25,1
P007,HRTF_B,25,4.675,176.99,4.24,25,1
P007,HRTF_B,25,4.689,176.82,5.16,25,1
P007,HRTF_B,25,4.703,176.63,6.02,25,1
P007,HRTF_B,25,4.717,176.51,6.77,25,1
P007,HRTF_B,25,4.731,176.45,7.49,25,1
P007,HRTF_B,25,4.744,176.44,8.23,25,1
P007,HRTF_B,25,4.758,176.46,8.94,25,1
P007,HRTF_B,25,4.772,176.41,9.65,25,1
P007,HRTF_B,25,4.786,176.35,10.31,25,1
P007,HRTF_B,25,4.801,176.28,10.9,25,1
P007,HRTF_B,25,4.815,176.3,11.47,25,1
P007,HRTF_B,25,4.828,176.34,12.04,25,1
P007,HRTF_B,25,4.842,176.38,12.59,25,1
P007,HRTF_B,25,4.856,176.36,13.08,25,1
P007,HRTF_B,25,4.869,176.32,13.52,25,1
P007,HRTF_B,25,4.883,176.3,13.95,25,1
P007,HRTF_B,25,4.897,176.34,14.29,25,1
P007,HRTF_B,25,4.911,176.45,14.61,25,1
P007,HRTF_B,25,4.925,176.54,14.87,25,1
P007,HRTF_B,25,4.939,176.63,15.08,25,1
P007,HRTF_B,25,4.954,176.73,15.26,25,1
P007,HRTF_B,25,4.968,176.86,15.41,25,1
P007,HRTF_B,25,4.982,177.02,15.54,25,1
P007,HRTF_B,25,4.996,177.26,15.69,25,1
P007,HRTF_B,25,5.01,177.54,15.82,25,1
P007,HRTF_B,25,5.024,177.84,15.94,25,1
P007,HRTF_B,25,5.038,178.17,16.0,25,1
P007,HRTF_B,25,5.052,178.58,16.0,25,1
P007,HRTF_B,25,5.065,179.08,15.97,25,1
P007,HRTF_B,25,5.079,179.69,15.89,25,1
P007,HRTF_B,25,5.093,-179.58,15.78,25,1
P007,HRTF_B,25,5.108,-178.78,15.62,25,1
P007,HRTF_B,25,5.123,-177.91,15.4,25,1
P007,HRTF_B,25,5.136,-176.94,15.05,25,1
P007,HRTF_B,25,5.15,-175.91,14.54,25,1
P007,HRTF_B,25,5.164,-174.76,13.93,25,1
P007,HRTF_B,25,5.178,-173.57,13.27,25,1
P007,HRTF_B,25,5.192,-172.25,12.6,25,1
P007,HRTF_B,25,5.205,-170.87,11.93,25,1
P007,HRTF_B,25,5.22,-169.44,11.24,25,1
P007,HRTF_B,25,5.234,-167.97,10.51,25,1
P007,HRTF_B,25,5.247,-166.47,9.74,25,1
P007,HRTF_B,25,5.262,-164.93,8.89,25,1
P007,HRTF_B,25,5.276,-163.38,8.07,25,1
P007,HRTF_B,25,5.29,-161.83,7.24,25,1
P007,HRTF_B,25,5.303,-160.34,6.43,25,1
P007,HRTF_B,25,5.317,-158.89,5.6,25,1
P007,HRTF_B,25,5.331,-157.48,4.74,25,1
P007,HRTF_B,25,5.345,-156.09,3.88,25,1
P007,HRTF_B,25,5.359,-154.75,3.07,25,1
P007,HRTF_B,25,5.373,-153.46,2.35,25,1
P007,HRTF_B,25,5.386,-152.29,1.77,25,1
P007,HRTF_B,25,5.401,-151.19,1.28,25,1
P007,HRTF_B,25,5.42,-150.15,0.84,25,1
P007,HRTF_B,25,5.434,-148.14,0.05,25,1
P007,HRTF_B,25,5.447,-147.2,-0.18,25,1
P007,HRTF_B,25,5.461,-146.33,-0.38,25,1
P007,HRTF_B,25,5.475,-145.55,-0.52,25,1
P007,HRTF_B,25,5.488,-144.76,-0.64,25,1
P007,HRTF_B,25,5.503,-143.94,-0.77,25,1
P007,HRTF_B,25,5.517,-143.09,-0.87,25,1
P007,HRTF_B,25,5.531,-142.21,-0.9,25,1
P007,HRTF_B,25,5.544,-141.36,-0.92,25,1
P007,HRTF_B,25,5.558,-140.51,-0.98,25,1
P007,HRTF_B,25,5.571,-139.65,-1.04,25,1
P007,HRTF_B,25,5.587,-138.83,-1.16,25,1
P007,HRTF_B,25,5.601,-137.97,-1.21,25,1
P007,HRTF_B,25,5.615,-137.19,-1.21,25,1
P007,HRTF_B,25,5.628,-136.41,-1.21,25,1
P007,HRTF_B,25,5.642,-135.66,-1.21,25,1
P007,HRTF_B,25,5.655,-134.9,-1.26,25,1
P007,HRTF_B,25,5.669,-134.21,-1.36,25,1
P007,HRTF_B,25,5.682,-133.54,-1.45,25,1
P007,HRTF_B,25,5.696,-132.85,-1.5,25,1
P007,HRTF_B,25,5.71,-132.2,-1.56,25,1
P007,HRTF_B,25,5.724,-131.52,-1.66,25,1
P007,HRTF_B,25,5.739,-130.84,-1.84,25,1
P007,HRTF_B,25,5.753,-130.18,-2.03,25,1
P007,HRTF_B,25,5.766,-129.51,-2.25,25,1
P007,HRTF_B,25,5.78,-128.82,-2.55,25,1
P007,HRTF_B,25,5.793,-128.1,-2.88,25,1
P007,HRTF_B,25,5.807,-127.31,-3.22,25,1
P007,HRTF_B,25,5.821,-126.51,-3.55,25,1
P007,HRTF_B,25,5.835,-125.67,-3.83,25,1
P007,HRTF_B,25,5.848,-124.83,-4.07,25,1
P007,HRTF_B,25,5.862,-123.91,-4.3,25,1
P007,HRTF_B,25,5.887,-122.95,-4.61,25,1
P007,HRTF_B,25,5.902,-121.97,-4.87,25,1
P007,HRTF_B,25,5.916,-120.94,-5.1,25,1
P007,HRTF_B,25,5.929,-119.88,-5.27,25,1
P007,HRTF_B,25,5.943,-118.81,-5.41,25,1
P007,HRTF_B,25,5.957,-117.72,-5.49,25,1
P007,HRTF_B,25,5.97,-116.63,-5.62,25,1
P007,HRTF_B,25,5.984,-115.56,-5.73,25,1
P007,HRTF_B,25,5.997,-114.5,-5.85,25,1
P007,HRTF_B,25,6.011,-113.46,-5.95,25,1
P007,HRTF_B,25,6.025,-112.46,-6.03,25,1
P007,HRTF_B,25,6.039,-111.49,-6.1,25,1
P007,HRTF_B,25,6.054,-110.57,-6.15,25,1
P007,HRTF_B,25,6.068,-109.7,-6.2,25,1
P007,HRTF_B,25,6.081,-108.88,-6.25,25,1
P007,HRTF_B,25,6.095,-108.11,-6.29,25,1
P007,HRTF_B,25,6.108,-107.4,-6.35,25,1
P007,HRTF_B,25,6.123,-106.73,-6.43,25,1
P007,HRTF_B,25,6.136,-106.15,-6.49,25,1
P007,HRTF_B,25,6.15,-105.59,-6.52,25,1
P007,HRTF_B,25,6.163,-105.08,-6.56,25,1
P007,HRTF_B,25,6.177,-104.62,-6.61,25,1
P007,HRTF_B,25,6.191,-104.19,-6.66,25,1
P007,HRTF_B,25,6.206,-103.77,-6.75,25,1
P007,HRTF_B,25,6.22,-103.36,-6.88,25,1
P007,HRTF_B,25,6.233,-102.98,-7.02,25,1
P007,HRTF_B,25,6.247,-102.62,-7.12,25,1
P007,HRTF_B,25,6.261,-102.29,-7.19,25,1
P007,HRTF_B,25,6.274,-102.0,-7.25,25,1
P007,HRTF_B,25,6.288,-101.72,-7.33,25,1
P007,HRTF_B,25,6.302,-101.46,-7.43,25,1
P007,HRTF_B,25,6.316,-101.19,-7.52,25,1
P007,HRTF_B,25,6.329,-100.93,-7.59,25,1
P007,HRTF_B,25,6.344,-100.73,-7.57,25,1
P007,HRTF_B,25,6.36,-100.55,-7.44,25,1
P007,HRTF_B,25,6.374,-100.37,-7.31,25,1
P007,HRTF_B,25,6.387,-100.19,-7.22,25,1
P007,HRTF_B,25,6.401,-99.98,-7.12,25,1
P007,HRTF_B,25,6.414,-99.76,-7.06,25,1
P007,HRTF_B,25,6.428,-99.54,-6.99,25,1
P007,HRTF_B,25,6.442,-99.29,-6.88,25,1
P007,HRTF_B,25,6.456,-99.04,-6.76,25,1
P007,HRTF_B,25,6.469,-98.77,-6.68,25,1
P007,HRTF_B,25,6.483,-98.47,-6.62,25,1
P007,HRTF_B,25,6.497,-98.14,-6.57,25,1
P007,HRTF_B,25,6.512,-97.78,-6.53,25,1
P007,HRTF_B,25,6.526,-97.43,-6.49,25,1
P007,HRTF_B,25,6.54,-97.08,-6.43,25,1
P007,HRTF_B,25,6.553,-96.73,-6.37,25,1
P007,HRTF_B,25,6.567,-96.36,-6.29,25,1
P007,HRTF_B,25,6.581,-95.97,-6.24,25,1
P007,HRTF_B,25,6.594,-95.54,-6.21,25,1
P007,HRTF_B,25,6.609,-95.06,-6.15,25,1
P007,HRTF_B,25,6.623,-94.6,-6.05,25,1
P007,HRTF_B,25,6.637,-94.12,-5.9,25,1
P007,HRTF_B,25,6.65,-93.68,-5.74,25,1
P007,HRTF_B,25,6.665,-93.25,-5.62,25,1
P007,HRTF_B,25,6.679,-92.84,-5.54,25,1
P007,HRTF_B,25,6.693,-92.44,-5.48,25,1
P007,HRTF_B,25,6.706,-92.1,-5.41,25,1
P007,HRTF_B,25,6.72,-91.76,-5.28,25,1
P007,HRTF_B,25,6.734,-91.47,-5.12,25,1
P007,HRTF_B,25,6.748,-91.17,-5.01,25,1
P007,HRTF_B,25,6.762,-90.93,-4.89,25,1
P007,HRTF_B,25,6.775,-90.68,-4.78,25,1
P007,HRTF_B,25,6.789,-90.46,-4.67,25,1
P007,HRTF_B,25,6.803,-90.26,-4.53,25,1
P007,HRTF_B,25,6.818,-90.07,-4.42,25,1
P007,HRTF_B,25,6.831,-89.89,-4.35,25,1
P007,HRTF_B,25,6.845,-89.7,-4.3,25,1
P007,HRTF_B,25,6.859,-89.54,-4.28,25,1
P007,HRTF_B,25,6.873,-89.41,-4.29,25,1
P007,HRTF_B,25,6.887,-89.32,-4.27,25,1
P007,HRTF_B,25,6.902,-89.25,-4.24,25,1
P007,HRTF_B,25,6.916,-89.2,-4.2,25,1
P007,HRTF_B,25,6.93,-89.15,-4.15,25,1
P007,HRTF_B,25,6.945,-89.1,-4.11,25,1
P007,HRTF_B,25,6.958,-89.08,-4.09,25,1
P007,HRTF_B,26,0.017,-8.66,-0.77,23,1
P007,HRTF_B,26,0.03,-8.41,-0.91,23,1
P007,HRTF_B,26,0.045,-8.19,-1.0,23,1
P007,HRTF_B,26,0.061,-8.01,-1.08,23,1
P007,HRTF_B,26,0.075,-7.85,-1.16,23,1
P007,HRTF_B,26,0.089,-7.72,-1.31,23,1
P007,HRTF_B,26,0.103,-7.58,-1.53,23,1
P007,HRTF_B,26,0.117,-7.43,-1.77,23,1
P007,HRTF_B,26,0.131,-7.29,-1.99,23,1
P007,HRTF_B,26,0.145,-7.2,-2.21,23,1
P007,HRTF_B,26,0.159,-7.17,-2.39,23,1
P007,HRTF_B,26,0.174,-7.19,-2.55,23,1
P007,HRTF_B,26,0.187,-7.28,-2.68,23,1
P007,HRTF_B,26,0.201,-7.41,-2.78,23,1
P007,HRTF_B,26,0.217,-7.62,-2.87,23,1
P007,HRTF_B,26,0.232,-7.88,-2.94,23,1
P007,HRTF_B,26,0.246,-8.22,-3.01,23,1
P007,HRTF_B,26,0.26,-8.64,-3.07,23,1
P007,HRTF_B,26,0.274,-9.11,-3.13,23,1
P007,HRTF_B,26,0.288,-9.64,-3.23,23,1
P007,HRTF_B,26,0.302,-10.24,-3.37,23,1
P007,HRTF_B,26,0.315,-10.91,-3.53,23,1
P007,HRTF_B,26,0.33,-12.41,-3.84,23,1
P007,HRTF_B,26,0.344,-13.36,-3.98,23,1
P007,HRTF_B,26,0.359,-14.36,-4.1,23,1
P007,HRTF_B,26,0.374,-15.4,-4.26,23,1
P007,HRTF_B,26,0.388,-16.41,-4.43,23,1
P007,HRTF_B,26,0.402,-17.43,-4.62,23,1
P007,HRTF_B,26,0.416,-18.49,-4.78,23,1
P007,HRTF_B,26,0.43,-19.52,-4.91,23,1
P007,HRTF_B,26,0.444,-20.53,-5.01,23,1
P007,HRTF_B,26,0.458,-21.52,-5.08,23,1
P007,HRTF_B,26,0.472,-22.41,-5.14,23,1
P007,HRTF_B,26,0.486,-23.29,-5.17,23,1
P007,HRTF_B,26,0.5,-24.14,-5.15,23,1
P007,HRTF_B,26,0.516,-24.95,-5.07,23,1
P007,HRTF_B,26,0.531,-25.74,-4.95,23,1
P007,HRTF_B,26,0.545,-26.47,-4.84,23,1
P007,HRTF_B,26,0.559,-27.17,-4.71,23,1
P007,HRTF_B,26,0.573,-27.84,-4.58,23,1
P007,HRTF_B,26,0.587,-28.46,-4.43,23,1
P007,HRTF_B,26,0.601,-29.05,-4.3,23,1
P007,HRTF_B,26,0.615,-29.59,-4.13,23,1
P007,HRTF_B,26,0.629,-30.08,-4.0,23,1
P007,HRTF_B,26,0.643,-30.54,-3.89,23,1
P007,HRTF_B,26,0.658,-30.93,-3.81,23,1
P007,HRTF_B,26,0.673,-31.31,-3.72,23,1
P007,HRTF_B,26,0.687,-31.67,-3.61,23,1
P007,HRTF_B,26,0.701,-32.0,-3.48,23,1
P007,HRTF_B,26,0.715,-32.31,-3.36,23,1
P007,HRTF_B,26,0.729,-32.59,-3.24,23,1
P007,HRTF_B,26,0.743,-32.88,-3.13,23,1
P007,HRTF_B,26,0.758,-33.16,-3.07,23,1
P007,HRTF_B,26,0.772,-33.43,-3.02,23,1
P007,HRTF_B,26,0.786,-33.71,-3.0,23,1
P007,HRTF_B,26,0.8,-33.99,-2.99,23,1
P007,HRTF_B,26,0.815,-34.29,-3.0,23,1
P007,HRTF_B,26,0.829,-34.59,-3.01,23,1
P007,HRTF_B,26,0.843,-34.9,-3.04,23,1
P007,HRTF_B,26,0.857,-35.23,-3.1,23,1
P007,HRTF_B,26,0.871,-35.57,-3.17,23,1
P007,HRTF_B,26,0.885,-35.93,-3.23,23,1
P007,HRTF_B,26,0.899,-36.31,-3.29,23,1
P007,HRTF_B,26,0.914,-37.13,-3.45,23,1
P007,HRTF_B,26,0.927,-37.6,-3.55,23,1
P007,HRTF_B,26,0.942,-38.08,-3.65,23,1
P007,HRTF_B,26,0.955,-38.57,-3.72,23,1
P007,HRTF_B,26,0.971,-39.07,-3.81,23,1
P007,HRTF_B,26,0.985,-39.59,-3.88,23,1
P007,HRTF_B,26,0.999,-40.17,-3.96,23,1
P007,HRTF_B,26,1.013,-40.76,-4.04,23,1
P007,HRTF_B,26,1.027,-41.37,-4.1,23,1
P007,HRTF_B,26,1.041,-42.01,-4.14,23,1
P007,HRTF_B,26,1.055,-42.62,-4.16,23,1
P007,HRTF_B,26,1.07,-43.25,-4.22,23,1
P007,HRTF_B,26,1.084,-43.9,-4.23,23,1
P007,HRTF_B,26,1.098,-44.55,-4.26,23,1
P007,HRTF_B,26,1.111,-45.19,-4.26,23,1
P007,HRTF_B,26,1.127,-45.86,-4.27,23,1
P007,HRTF_B,26,1.141,-46.53,-4.28,23,1
P007,HRTF_B,26,1.155,-47.23,-4.27,23,1
P007,HRTF_B,26,1.169,-47.87,-4.28,23,1
P007,HRTF_B,26,1.183,-48.51,-4.31,23,1
P007,HRTF_B,26,1.197,-49.1,-4.35,23,1
P007,HRTF_B,26,1.211,-49.7,-4.38,23,1
P007,HRTF_B,26,1.225,-50.26,-4.39,23,1
P007,HRTF_B,26,1.239,-50.78,-4.41,23,1
P007,HRTF_B,26,1.253,-51.26,-4.43,23,1
P007,HRTF_B,26,1.268,-51.67,-4.49,23,1
P007,HRTF_B,26,1.283,-52.02,-4.55,23,1
P007,HRTF_B,26,1.296,-52.33,-4.65,23,1
P007,HRTF_B,26,1.31,-52.59,-4.72,23,1
P007,HRTF_B,26,1.324,-52.81,-4.8,23,1
P007,HRTF_B,26,1.338,-52.99,-4.88,23,1
P007,HRTF_B,26,1.352,-53.13,-4.95,23,1
P007,HRTF_B,26,1.365,-53.25,-5.02,23,1
P007,HRTF_B,26,1.38,-53.33,-5.1,23,1
P007,HRTF_B,26,1.394,-53.39,-5.16,23,1
P007,HRTF_B,26,1.409,-53.43,-5.22,23,1
P007,HRTF_B,26,1.425,-53.44,-5.28,23,1
P007,HRTF_B,26,1.439,-53.43,-5.33,23,1
P007,HRTF_B,26,1.453,-53.41,-5.37,23,1
P007,HRTF_B,26,1.466,-53.37,-5.38,23,1
P007,HRTF_B,26,1.48,-53.31,-5.39,23,1
P007,HRTF_B,26,1.494,-53.23,-5.38,23,1
P007,HRTF_B,26,1.508,-53.11,-5.38,23,1
P007,HRTF_B,26,1.522,-52.98,-5.36,23,1
P007,HRTF_B,26,1.536,-52.82,-5.34,23,1
P007,HRTF_B,26,1.55,-52.63,-5.31,23,1
P007,HRTF_B,26,1.564,-52.38,-5.28,23,1
P007,HRTF_B,26,1.579,-52.08,-5.24,23,1
P007,HRTF_B,26,1.594,-51.39,-5.18,23,1
P007,HRTF_B,26,1.608,-50.93,-5.13,23,1
P007,HRTF_B,26,1.622,-50.44,-5.07,23,1
P007,HRTF_B,26,1.636,-49.91,-5.01,23,1
P007,HRTF_B,26,1.65,-49.32,-4.99,23,1
P007,HRTF_B,26,1.664,-48.65,-4.93,23,1
P007,HRTF_B,26,1.679,-47.93,-4.92,23,1
P007,HRTF_B,26,1.693,-47.11,-5.06,23,1
P007,HRTF_B,26,1.707,-46.19,-5.33,23,1
P007,HRTF_B,26,1.723,-45.17,-5.56,23,1
P007,HRTF_B,26,1.737,-44.11,-5.78,23,1
P007,HRTF_B,26,1.751,-43.05,-6.0,23,1
P007,HRTF_B,26,1.765,-41.97,-6.18,23,1
P007,HRTF_B,26,1.779,-40.9,-6.32,23,1
P007,HRTF_B,26,1.793,-39.81,-6.34,23,1
P007,HRTF_B,26,1.807,-38.75,-6.34,23,1
P007,HRTF_B,26,1.821,-37.7,-6.26,23,1
P007,HRTF_B,26,1.835,-36.7,-6.16,23,1
P007,HRTF_B,26,1.849,-35.71,-6.0,23,1
P007,HRTF_B,26,1.863,-34.76,-5.73,23,1
P007,HRTF_B,26,1.878,-33.83,-5.47,23,1
P007,HRTF_B,26,1.893,-32.89,-5.17,23,1
P007,HRTF_B,26,1.907,-31.94,-4.88,23,1
P007,HRTF_B,26,1.921,-30.99,-4.58,23,1
P007,HRTF_B,26,1.935,-30.06,-4.26,23,1
P007,HRTF_B,26,1.95,-29.13,-3.92,23,1
P007,HRTF_B,26,1.964,-28.19,-3.62,23,1
P007,HRTF_B,26,1.978,-27.24,-3.4,23,1
P007,HRTF_B,26,1.991,-26.27,-3.19,23,1
P007,HRTF_B,26,2.006,-25.27,-3.02,23,1
P007,HRTF_B,26,2.02,-24.29,-2.86,23,1
P007,HRTF_B,26,2.035,-23.29,-2.72,23,1
P007,HRTF_B,26,2.049,-22.28,-2.64,23,1
P007,HRTF_B,26,2.064,-21.26,-2.62,23,1
P007,HRTF_B,26,2.078,-20.25,-2.64,23,1
P007,HRTF_B,26,2.092,-19.22,-2.67,23,1
P007,HRTF_B,26,2.106,-18.19,-2.7,23,1
P007,HRTF_B,26,2.12,-17.18,-2.69,23,1
P007,HRTF_B,26,2.134,-16.19,-2.62,23,1
P007,HRTF_B,26,2.147,-15.23,-2.52,23,1
P007,HRTF_B,26,2.161,-14.31,-2.41,23,1
P007,HRTF_B,26,2.177,-13.45,-2.27,23,1
P007,HRTF_B,26,2.19,-12.59,-2.11,23,1
P007,HRTF_B,26,2.204,-11.75,-1.96,23,1
P007,HRTF_B,26,2.218,-10.86,-1.81,23,1
P007,HRTF_B,26,2.232,-9.92,-1.7,23,1
P007,HRTF_B,26,2.246,-8.94,-1.64,23,1
P007,HRTF_B,26,2.26,-7.93,-1.6,23,1
P007,HRTF_B,26,2.274,-5.86,-1.55,23,1
P007,HRTF_B,26,2.288,-4.8,-1.6,23,1
P007,HRTF_B,26,2.302,-3.71,-1.66,23,1
P007,HRTF_B,26,2.316,-2.62,-1.79,23,1
P007,HRTF_B,26,2.331,-1.51,-1.89,23,1
P007,HRTF_B,26,2.346,-0.38,-1.91,23,1
P007,HRTF_B,26,2.36,0.75,-1.88,23,1
P007,HRTF_B,26,2.374,1.88,-1.82,23,1
P007,HRTF_B,26,2.388,3.0,-1.83,23,1
P007,HRTF_B,26,2.402,4.13,-1.84,23,1
P007,HRTF_B,26,2.417,5.24,-1.93,23,1
P007,HRTF_B,26,2.431,6.37,-2.03,23,1
P007,HRTF_B,26,2.445,7.48,-2.14,23,1
P007,HRTF_B,26,2.459,8.58,-2.28,23,1
P007,HRTF_B,26,2.473,9.66,-2.45,23,1
P007,HRTF_B,26,2.489,10.77,-2.65,23,1
P007,HRTF_B,26,2.503,11.87,-2.89,23,1
P007,HRTF_B,26,2.517,12.95,-3.19,23,1
P007,HRTF_B,26,2.532,14.02,-3.51,23,1
P007,HRTF_B,26,2.546,15.09,-3.82,23,1
P007,HRTF_B,26,2.56,16.14,-4.12,23,1
P007,HRTF_B,26,2.573,17.19,-4.43,23,1
P007,HRTF_B,26,2.587,18.23,-4.78,23,1
P007,HRTF_B,26,2.601,19.3,-5.2,23,1
P007,HRTF_B,26,2.616,20.36,-5.67,23,1
P007,HRTF_B,26,2.63,21.45,-6.17,23,1
P007,HRTF_B,26,2.646,22.52,-6.65,23,1
P007,HRTF_B,26,2.66,23.59,-7.12,23,1
P007,HRTF_B,26,2.674,24.64,-7.6,23,1
P007,HRTF_B,26,2.687,25.67,-8.11,23,1
P007,HRTF_B,26,2.702,26.67,-8.59,23,1
P007,HRTF_B,26,2.716,27.64,-9.06,23,1
P007,HRTF_B,26,2.729,28.58,-9.55,23,1
P007,HRTF_B,26,2.744,29.47,-9.97,23,1
P007,HRTF_B,26,2.758,30.33,-10.36,23,1
P007,HRTF_B,26,2.772,31.17,-10.72,23,1
P007,HRTF_B,26,2.791,32.78,-11.34,23,1
P007,HRTF_B,26,2.805,33.53,-11.55,23,1
P007,HRTF_B,26,2.819,34.23,-11.77,23,1
P007,HRTF_B,26,2.833,34.9,-11.94,23,1
P007,HRTF_B,26,2.847,35.54,-12.09,23,1
P007,HRTF_B,26,2.861,36.13,-12.28,23,1
P007,HRTF_B,26,2.875,36.73,-12.48,23,1
P007,HRTF_B,26,2.888,37.32,-12.7,23,1
P007,HRTF_B,26,2.902,37.88,-12.93,23,1
P007,HRTF_B,26,2.916,38.44,-13.15,23,1
P007,HRTF_B,26,2.93,38.99,-13.37,23,1
P007,HRTF_B,26,2.946,39.57,-13.62,23,1
P007,HRTF_B,26,2.961,40.12,-13.95,23,1
P007,HRTF_B,26,2.975,40.68,-14.33,23,1
P007,HRTF_B,26,2.989,41.26,-14.74,23,1
P007,HRTF_B,26,3.003,41.81,-15.13,23,1
P007,HRTF_B,26,3.017,42.35,-15.55,23,1
P007,HRTF_B,26,3.031,42.84,-15.98,23,1
P007,HRTF_B,26,3.045,43.34,-16.4,23,1
P007,HRTF_B,26,3.058,43.79,-16.83,23,1
P007,HRTF_B,26,3.072,44.26,-17.23,23,1
P007,HRTF_B,26,3.086,44.68,-17.62,23,1
P007,HRTF_B,26,3.102,45.06,-18.04,23,1
P007,HRTF_B,26,3.116,45.36,-18.45,23,1
P007,HRTF_B,26,3.13,45.65,-18.88,23,1
P007,HRTF_B,26,3.145,45.89,-19.3,23,1
P007,HRTF_B,26,3.159,46.11,-19.71,23,1
P007,HRTF_B,26,3.173,46.3,-20.12,23,1
P007,HRTF_B,26,3.187,46.46,-20.52,23,1
P007,HRTF_B,26,3.201,46.59,-20.95,23,1
P007,HRTF_B,26,3.214,46.67,-21.39,23,1
P007,HRTF_B,26,3.228,46.76,-21.84,23,1
P007,HRTF_B,26,3.244,46.86,-22.29,23,1
P007,HRTF_B,26,3.258,46.96,-22.72,23,1
P007,HRTF_B,26,3.272,47.05,-23.14,23,1
P007,HRTF_B,26,3.286,47.14,-23.55,23,1
P007,HRTF_B,26,3.3,47.24,-23.97,23,1
P007,HRTF_B,26,3.314,47.34,-24.37,23,1
P007,HRTF_B,26,3.328,47.46,-24.77,23,1
P007,HRTF_B,26,3.342,47.58,-25.15,23,1
P007,HRTF_B,26,3.356,47.71,-25.5,23,1
P007,HRTF_B,26,3.371,47.86,-25.81,23,1
P007,HRTF_B,26,3.385,48.0,-26.1,23,1
P007,HRTF_B,26,3.4,48.28,-26.69,23,1
P007,HRTF_B,26,3.415,48.45,-26.97,23,1
P007,HRTF_B,26,3.428,48.6,-27.27,23,1
P007,HRTF_B,26,3.442,48.74,-27.59,23,1
P007,HRTF_B,26,3.456,48.88,-27.9,23,1
P007,HRTF_B,26,3.469,49.03,-28.21,23,1
P007,HRTF_B,26,3.483,49.23,-28.52,23,1
P007,HRTF_B,26,3.497,49.5,-28.81,23,1
P007,HRTF_B,26,3.511,49.78,-29.14,23,1
P007,HRTF_B,26,3.525,50.07,-29.52,23,1
P007,HRTF_B,26,3.539,50.3,-29.9,23,1
P007,HRTF_B,26,3.554,50.57,-30.27,23,1
P007,HRTF_B,26,3.568,50.82,-30.61,23,1
P007,HRTF_B,26,3.581,51.11,-30.9,23,1
P007,HRTF_B,26,3.595,51.4,-31.17,23,1
P007,HRTF_B,26,3.609,51.68,-31.54,23,1
P007,HRTF_B,26,3.623,51.9,-31.95,23,1
P007,HRTF_B,26,3.637,52.07,-32.48,23,1
P007,HRTF_B,26,3.651,52.25,-33.02,23,1
P007,HRTF_B,26,3.665,52.47,-33.5,23,1
P007,HRTF_B,26,3.679,52.74,-33.97,23,1
P007,HRTF_B,26,3.694,52.99,-34.43,23,1
P007,HRTF_B,26,3.708,53.21,-34.9,23,1
P007,HRTF_B,26,3.722,53.4,-35.32,23,1
P007,HRTF_B,26,3.736,53.55,-35.67,23,1
P007,HRTF_B,26,3.75,53.75,-36.03,23,1
P007,HRTF_B,26,3.764,53.96,-36.41,23,1
P007,HRTF_B,26,3.778,54.19,-36.79,23,1
P007,HRTF_B,26,3.792,54.44,-37.16,23,1
P007,HRTF_B,26,3.805,54.71,-37.49,23,1
P007,HRTF_B,26,3.819,54.99,-37.76,23,1
P007,HRTF_B,26,3.834,55.26,-37.97,23,1
P007,HRTF_B,26,3.849,55.52,-38.17,23,1
P007,HRTF_B,26,3.863,55.79,-38.33,23,1
P007,HRTF_B,26,3.877,56.03,-38.49,23,1
P007,HRTF_B,26,3.891,56.28,-38.65,23,1
P007,HRTF_B,26,3.904,56.53,-38.8,23,1
P007,HRTF_B,26,3.919,56.81,-38.94,23,1
P007,HRTF_B,26,3.933,57.12,-39.06,23,1
P007,HRTF_B,26,3.947,57.42,-39.23,23,1
P007,HRTF_B,26,3.962,57.7,-39.45,23,1
P007,HRTF_B,26,3.976,57.97,-39.71,23,1
P007,HRTF_B,26,3.99,58.23,-40.01,23,1
P007,HRTF_B,26,4.005,58.51,-40.29,23,1
P007,HRTF_B,26,4.02,58.82,-40.58,23,1
P007,HRTF_B,26,4.034,59.11,-40.91,23,1
P007,HRTF_B,26,4.048,59.37,-41.27,23,1
P007,HRTF_B,26,4.062,59.6,-41.7,23,1
P007,HRTF_B,26,4.076,59.78,-42.11,23,1
P007,HRTF_B,26,4.09,59.91,-42.49,23,1
P007,HRTF_B,26,4.104,60.0,-42.83,23,1
P007,HRTF_B,26,4.118,60.09,-43.11,23,1
P007,HRTF_B,26,4.132,60.16,-43.36,23,1
P007,HRTF_B,26,4.148,60.24,-43.6,23,1
P007,HRTF_B,26,4.161,60.34,-43.84,23,1
P007,HRTF_B,26,4.175,60.45,-44.06,23,1
P007,HRTF_B,26,4.189,60.55,-44.29,23,1
P007,HRTF_B,26,4.203,60.66,-44.5,23,1
P007,HRTF_B,26,4.216,60.76,-44.71,23,1
P007,HRTF_B,26,4.23,60.88,-44.9,23,1
P007,HRTF_B,26,4.244,61.03,-45.08,23,1
P007,HRTF_B,26,4.258,61.21,-45.27,23,1
P007,HRTF_B,26,4.271,61.4,-45.46,23,1
P007,HRTF_B,26,4.285,61.6,-45.69,23,1
P007,HRTF_B,26,4.301,61.8,-45.94,23,1
P007,HRTF_B,26,4.315,61.99,-46.19,23,1
P007,HRTF_B,26,4.328,62.2,-46.48,23,1
P007,HRTF_B,26,4.342,62.39,-46.79,23,1
P007,HRTF_B,26,4.355,62.62,-47.12,23,1
P007,HRTF_B,26,4.369,62.84,-47.45,23,1
P007,HRTF_B,26,4.382,63.03,-47.78,23,1
P007,HRTF_B,26,4.396,63.18,-48.06,23,1
P007,HRTF_B,26,4.409,63.31,-48.3,23,1
P007,HRTF_B,26,4.423,63.41,-48.45,23,1
P007,HRTF_B,26,4.437,63.52,-48.57,23,1
P007,HRTF_B,26,4.452,63.63,-48.69,23,1
P007,HRTF_B,26,4.466,63.78,-48.8,23,1
P007,HRTF_B,26,4.48,63.93,-48.85,23,1
P007,HRTF_B,26,4.494,64.11,-48.85,23,1
P007,HRTF_B,26,4.508,64.28,-48.84,23,1
P007,HRTF_B,26,4.522,64.49,-48.81,23,1
P007,HRTF_B,26,4.535,64.72,-48.81,23,1
P007,HRTF_B,26,4.55,65.0,-48.83,23,1
P007,HRTF_B,26,4.563,65.29,-48.86,23,1
P007,HRTF_B,26,4.577,65.6,-48.88,23,1
P007,HRTF_B,26,4.592,65.92,-48.91,23,1
P007,HRTF_B,26,4.606,66.23,-48.94,23,1
P007,HRTF_B,26,4.62,66.52,-48.94,23,1
P007,HRTF_B,26,4.634,66.83,-48.9,23,1
P007,HRTF_B,26,4.648,67.12,-48.84,23,1
P007,HRTF_B,26,4.662,67.4,-48.75,23,1
P007,HRTF_B,26,4.676,67.65,-48.67,23,1
P007,HRTF_B,26,4.69,67.89,-48.58,23,1
P007,HRTF_B,26,4.705,68.31,-48.37,23,1
P007,HRTF_B,26,4.719,68.47,-48.11,23,1
P007,HRTF_B,26,4.732,68.66,-47.7,23,1
P007,HRTF_B,26,4.747,68.91,-47.21,23,1
P007,HRTF_B,26,4.761,69.21,-46.67,23,1
P007,HRTF_B,26,4.775,69.54,-46.0,23,1
P007,HRTF_B,26,4.788,69.94,-45.14,23,1
P007,HRTF_B,26,4.802,70.36,-44.07,23,1
P007,HRTF_B,26,4.815,70.85,-42.74,23,1
P007,HRTF_B,26,4.83,71.33,-41.23,23,1
P007,HRTF_B,26,4.844,71.8,-39.64,23,1
P007,HRTF_B,26,4.857,72.34,-38.07,23,1
P007,HRTF_B,26,4.871,72.85,-36.51,23,1
P007,HRTF_B,26,4.885,73.31,-34.91,23,1
P007,HRTF_B,26,4.901,73.76,-33.26,23,1
P007,HRTF_B,26,4.915,74.19,-31.68,23,1
P007,HRTF_B,26,4.928,74.58,-30.16,23,1
P007,HRTF_B,26,4.942,74.99,-28.69,23,1
P007,HRTF_B,26,4.956,75.41,-27.27,23,1
P007,HRTF_B,26,4.969,75.81,-25.72,23,1
P007,HRTF_B,26,4.983,76.2,-24.02,23,1
P007,HRTF_B,26,4.998,76.59,-22.14,23,1
P007,HRTF_B,26,5.011,77.05,-20.29,23,1
P007,HRTF_B,26,5.025,77.52,-18.43,23,1
P007,HRTF_B,26,5.04,78.0,-16.57,23,1
P007,HRTF_B,26,5.054,78.47,-14.79,23,1
P007,HRTF_B,26,5.068,78.89,-13.08,23,1
P007,HRTF_B,26,5.081,79.29,-11.5,23,1
P007,HRTF_B,26,5.096,79.67,-10.01,23,1
P007,HRTF_B,26,5.109,80.05,-8.63,23,1
P007,HRTF_B,26,5.123,80.4,-7.35,23,1
P007,HRTF_B,26,5.137,80.73,-6.18,23,1
P007,HRTF_B,26,5.151,80.95,-5.05,23,1
P007,HRTF_B,26,5.166,81.18,-3.93,23,1
P007,HRTF_B,26,5.18,81.37,-2.76,23,1
P007,HRTF_B,26,5.197,81.59,-1.63,23,1
P007,HRTF_B,26,5.21,81.86,-0.57,23,1
P007,HRTF_B,26,5.225,82.11,0.43,23,1
P007,HRTF_B,26,5.238,82.37,1.37,23,1
P007,HRTF_B,26,5.252,82.65,2.31,23,1
P007,HRTF_B,26,5.266,82.94,3.19,23,1
P007,HRTF_B,26,5.28,83.31,4.02,23,1
P007,HRTF_B,26,5.293,83.74,4.8,23,1
P007,HRTF_B,26,5.307,84.18,5.53,23,1
P007,HRTF_B,26,5.322,84.65,6.19,23,1
P007,HRTF_B,26,5.336,85.11,6.83,23,1
P007,HRTF_B,26,5.352,85.57,7.36,23,1
P007,HRTF_B,26,5.366,86.04,7.82,23,1
P007,HRTF_B,26,5.38,86.55,8.17,23,1
P007,HRTF_B,26,5.395,87.08,8.5,23,1
P007,HRTF_B,26,5.408,87.61,8.79,23,1
P007,HRTF_B,26,5.423,88.13,9.08,23,1
P007,HRTF_B,26,5.437,88.63,9.28,23,1
P007,HRTF_B,26,5.451,89.13,9.48,23,1
P007,HRTF_B,26,5.465,89.64,9.64,23,1
P007,HRTF_B,26,5.479,90.17,9.81,23,1
P007,HRTF_B,26,5.495,90.72,9.95,23,1
P007,HRTF_B,26,5.51,91.87,10.22,23,1
P007,HRTF_B,26,5.524,92.53,10.27,23,1
P007,HRTF_B,26,5.538,93.22,10.29,23,1
P007,HRTF_B,26,5.552,93.9,10.27,23,1
P007,HRTF_B,26,5.566,94.61,10.24,23,1
P007,HRTF_B,26,5.58,95.32,10.16,23,1
P007,HRTF_B,26,5.594,96.14,10.05,23,1
P007,HRTF_B,26,5.607,97.04,9.95,23,1
P007,HRTF_B,26,5.621,98.0,9.85,23,1
P007,HRTF_B,26,5.635,99.02,9.76,23,1
P007,HRTF_B,26,5.651,100.09,9.7,23,1
P007,HRTF_B,26,5.665,101.2,9.59,23,1
P007,HRTF_B,26,5.679,102.4,9.45,23,1
P007,HRTF_B,26,5.693,103.63,9.32,23,1
P007,HRTF_B,26,5.707,104.88,9.23,23,1
P007,HRTF_B,26,5.721,106.16,9.08,23,1
P007,HRTF_B,26,5.735,107.46,8.84,23,1
P007,HRTF_B,26,5.749,108.81,8.51,23,1
P007,HRTF_B,26,5.763,110.16,8.2,23,1
P007,HRTF_B,26,5.777,111.54,7.97,23,1
P007,HRTF_B,26,5.791,112.88,7.81,23,1
P007,HRTF_B,26,5.811,114.24,7.63,23,1
P007,HRTF_B,26,5.825,115.58,7.4,23,1
P007,HRTF_B,26,5.84,116.91,7.14,23,1
P007,HRTF_B,26,5.854,118.19,6.9,23,1
P007,HRTF_B,26,5.868,119.47,6.72,23,1
P007,HRTF_B,26,5.882,120.71,6.59,23,1
P007,HRTF_B,26,5.896,121.96,6.46,23,1
P007,HRTF_B,26,5.909,123.2,6.37,23,1
P007,HRTF_B,26,5.923,124.39,6.34,23,1
P007,HRTF_B,26,5.937,125.57,6.29,23,1
P007,HRTF_B,26,5.951,126.68,6.25,23,1
P007,HRTF_B,26,5.966,127.77,6.17,23,1
P007,HRTF_B,26,5.98,128.84,6.0,23,1
P007,HRTF_B,26,5.994,129.89,5.78,23,1
P007,HRTF_B,26,6.008,130.92,5.51,23,1
P007,HRTF_B,26,6.022,131.92,5.28,23,1
P007,HRTF_B,26,6.036,132.89,5.06,23,1
P007,HRTF_B,26,6.05,133.81,4.79,23,1
P007,HRTF_B,26,6.065,134.69,4.46,23,1
P007,HRTF_B,26,6.079,136.47,3.65,23,1
P007,HRTF_B,26,6.093,137.35,3.17,23,1
P007,HRTF_B,26,6.107,138.21,2.72,23,1
P007,HRTF_B,26,6.122,139.1,2.29,23,1
P007,HRTF_B,26,6.137,139.99,1.75,23,1
P007,HRTF_B,26,6.15,140.9,1.11,23,1
P007,HRTF_B,26,6.165,141.87,0.32,23,1
P007,HRTF_B,26,6.179,142.85,-0.51,23,1
P007,HRTF_B,26,6.193,143.85,-1.28,23,1
P007,HRTF_B,26,6.207,144.81,-2.04,23,1
P007,HRTF_B,26,6.222,145.76,-2.9,23,1
P007,HRTF_B,26,6.236,146.68,-3.85,23,1
P007,HRTF_B,26,6.25,147.57,-4.82,23,1
P007,HRTF_B,26,6.266,148.45,-5.67,23,1
P007,HRTF_B,26,6.28,149.33,-6.46,23,1
P007,HRTF_B,26,6.294,150.1,-7.21,23,1
P007,HRTF_B,26,6.308,150.89,-7.98,23,1
P007,HRTF_B,27,0.017,-5.19,-2.61,1,1
P007,HRTF_B,27,0.032,-4.83,-2.64,1,1
P007,HRTF_B,27,0.046,-4.5,-2.69,1,1
P007,HRTF_B,27,0.06,-4.21,-2.74,1,1
P007,HRTF_B,27,0.076,-3.69,-2.83,1,1
P007,HRTF_B,27,0.091,-3.47,-2.86,1,1
P007,HRTF_B,27,0.105,-3.26,-2.89,1,1
P007,HRTF_B,27,0.119,-3.08,-2.92,1,1
P007,HRTF_B,27,0.134,-2.93,-2.94,1,1
P007,HRTF_B,27,0.149,-2.83,-2.97,1,1
P007,HRTF_B,27,0.164,-2.72,-3.01,1,1
P007,HRTF_B,27,0.178,-2.63,-3.03,1,1
P007,HRTF_B,27,0.193,-2.56,-3.04,1,1
P007,HRTF_B,27,0.206,-2.53,-3.05,1,1
P007,HRTF_B,28,0.017,-10.7,-3.63,12,1
P007,HRTF_B,28,0.032,-10.77,-3.7,12,1
P007,HRTF_B,28,0.047,-10.83,-3.76,12,1
P007,HRTF_B,28,0.061,-10.89,-3.83,12,1
P007,HRTF_B,28,0.076,-10.97,-3.89,12,1
P007,HRTF_B,28,0.091,-11.05,-3.99,12,1
P007,HRTF_B,28,0.106,-11.15,-4.1,12,1
P007,HRTF_B,28,0.121,-11.25,-4.23,12,1
P007,HRTF_B,28,0.135,-11.37,-4.34,12,1
P007,HRTF_B,28,0.151,-11.49,-4.45,12,1
P007,HRTF_B,28,0.167,-11.62,-4.54,12,1
P007,HRTF_B,28,0.182,-11.77,-4.61,12,1
P007,HRTF_B,28,0.196,-12.07,-4.74,12,1
P007,HRTF_B,28,0.211,-12.23,-4.76,12,1
P007,HRTF_B,28,0.225,-12.4,-4.77,12,1
P007,HRTF_B,28,0.24,-12.58,-4.79,12,1
P007,HRTF_B,28,0.255,-12.76,-4.83,12,1
P007,HRTF_B,28,0.269,-12.97,-4.87,12,1
P007,HRTF_B,28,0.284,-13.19,-4.95,12,1
P007,HRTF_B,28,0.301,-13.44,-5.04,12,1
P007,HRTF_B,28,0.316,-13.73,-5.11,12,1
P007,HRTF_B,28,0.331,-14.04,-5.17,12,1
P007,HRTF_B,28,0.346,-14.42,-5.25,12,1
P007,HRTF_B,28,0.36,-14.88,-5.33,12,1
P007,HRTF_B,28,0.375,-15.42,-5.47,12,1
P007,HRTF_B,28,0.39,-16.7,-5.76,12,1
P007,HRTF_B,28,0.406,-17.67,-5.94,12,1
P007,HRTF_B,28,0.421,-18.73,-6.09,12,1
P007,HRTF_B,28,0.435,-19.9,-6.2,12,1
P007,HRTF_B,28,0.452,-21.21,-6.32,12,1
P007,HRTF_B,28,0.467,-22.61,-6.5,12,1
P007,HRTF_B,28,0.481,-24.07,-6.72,12,1
P007,HRTF_B,28,0.496,-25.59,-6.93,12,1
P007,HRTF_B,28,0.511,-27.06,-7.1,12,1
P007,HRTF_B,28,0.526,-28.54,-7.28,12,1
P007,HRTF_B,28,0.54,-29.98,-7.43,12,1
P007,HRTF_B,28,0.555,-31.41,-7.6,12,1
P007,HRTF_B,28,0.569,-32.84,-7.73,12,1
P007,HRTF_B,28,0.584,-34.22,-7.8,12,1
P007,HRTF_B,28,0.6,-36.92,-7.91,12,1
P007,HRTF_B,28,0.614,-38.16,-7.98,12,1
P007,HRTF_B,28,0.629,-39.34,-8.06,12,1
P007,HRTF_B,28,0.644,-40.48,-8.21,12,1
P007,HRTF_B,28,0.659,-41.58,-8.4,12,1
P007,HRTF_B,28,0.673,-42.61,-8.51,12,1
P007,HRTF_B,28,0.687,-43.56,-8.62,12,1
P007,HRTF_B,28,0.702,-44.42,-8.72,12,1
P007,HRTF_B,28,0.716,-45.26,-8.85,12,1
P007,HRTF_B,28,0.731,-46.05,-8.98,12,1
P007,HRTF_B,28,0.747,-46.83,-9.1,12,1
P007,HRTF_B,28,0.762,-47.56,-9.2,12,1
P007,HRTF_B,28,0.777,-48.29,-9.31,12,1
P007,HRTF_B,28,0.792,-49.02,-9.44,12,1
P007,HRTF_B,28,0.806,-49.76,-9.62,12,1
P007,HRTF_B,28,0.821,-50.52,-9.77,12,1
P007,HRTF_B,28,0.835,-52.01,-10.0,12,1
P007,HRTF_B,28,0.85,-52.71,-10.07,12,1
P007,HRTF_B,28,0.865,-53.36,-10.1,12,1
P007,HRTF_B,28,0.879,-54.06,-10.2,12,1
P007,HRTF_B,28,0.895,-54.8,-10.31,12,1
P007,HRTF_B,28,0.91,-55.54,-10.46,12,1
P007,HRTF_B,28,0.925,-56.32,-10.55,12,1
P007,HRTF_B,28,0.939,-57.07,-10.59,12,1
P007,HRTF_B,28,0.954,-57.79,-10.66,12,1
P007,HRTF_B,28,0.969,-58.51,-10.72,12,1
P007,HRTF_B,28,0.984,-59.23,-10.84,12,1
P007,HRTF_B,28,0.998,-59.98,-10.99,12,1
P007,HRTF_B,28,1.013,-60.74,-11.2,12,1
P007,HRTF_B,28,1.028,-61.51,-11.41,12,1
P007,HRTF_B,28,1.044,-63.02,-11.86,12,1
P007,HRTF_B,28,1.059,-63.79,-12.16,12,1
P007,HRTF_B,28,1.074,-64.56,-12.57,12,1
P007,HRTF_B,28,1.089,-65.33,-13.0,12,1
P007,HRTF_B,28,1.104,-66.09,-13.43,12,1
P007,HRTF_B,28,1.118,-66.82,-13.92,12,1
P007,HRTF_B,28,1.133,-67.54,-14.48,12,1
P007,HRTF_B,28,1.148,-68.24,-15.1,12,1
P007,HRTF_B,28,1.162,-68.91,-15.72,12,1
P007,HRTF_B,28,1.177,-69.56,-16.3,12,1
P007,HRTF_B,28,1.193,-70.15,-16.81,12,1
P007,HRTF_B,28,1.208,-70.72,-17.2,12,1
P007,HRTF_B,28,1.222,-71.24,-17.5,12,1
P007,HRTF_B,28,1.237,-71.73,-17.75,12,1
P007,HRTF_B,28,1.252,-72.67,-18.2,12,1
P007,HRTF_B,28,1.267,-73.0,-18.38,12,1
P007,HRTF_B,28,1.282,-73.26,-18.55,12,1
P007,HRTF_B,28,1.296,-73.43,-18.75,12,1
P007,HRTF_B,28,1.311,-73.58,-18.89,12,1
P007,HRTF_B,28,1.326,-73.7,-19.06,12,1
P007,HRTF_B,28,1.342,-73.81,-19.21,12,1
P007,HRTF_B,28,1.357,-73.88,-19.43,12,1
P007,HRTF_B,28,1.372,-73.97,-19.74,12,1
P007,HRTF_B,28,1.387,-74.02,-20.09,12,1
P007,HRTF_B,28,1.402,-74.09,-20.46,12,1
P007,HRTF_B,28,1.416,-74.14,-20.83,12,1
P007,HRTF_B,28,1.431,-74.18,-21.23,12,1
P007,HRTF_B,28,1.446,-74.29,-22.17,12,1
P007,HRTF_B,28,1.461,-74.35,-22.84,12,1
P007,HRTF_B,28,1.475,-74.49,-23.59,12,1
P007,HRTF_B,28,1.491,-74.64,-24.29,12,1
P007,HRTF_B,28,1.506,-74.78,-24.99,12,1
P007,HRTF_B,28,1.521,-74.92,-25.69,12,1
P007,HRTF_B,28,1.536,-75.06,-26.43,12,1
P007,HRTF_B,28,1.55,-75.28,-27.18,12,1
P007,HRTF_B,28,1.565,-75.52,-27.93,12,1
P007,HRTF_B,28,1.58,-75.85,-28.71,12,1
P007,HRTF_B,28,1.595,-76.17,-29.45,12,1
P007,HRTF_B,28,1.61,-76.53,-30.19,12,1
P007,HRTF_B,28,1.625,-76.91,-30.93,12,1
P007,HRTF_B,28,1.641,-77.7,-32.42,12,1
P007,HRTF_B,28,1.656,-78.11,-33.12,12,1
P007,HRTF_B,28,1.671,-78.58,-33.8,12,1
P007,HRTF_B,28,1.685,-79.05,-34.51,12,1
P007,HRTF_B,28,1.7,-79.53,-35.24,12,1
P007,HRTF_B,28,1.715,-80.02,-35.93,12,1
P007,HRTF_B,28,1.73,-80.53,-36.62,12,1
P007,HRTF_B,28,1.745,-81.03,-37.28,12,1
P007,HRTF_B,28,1.76,-81.53,-37.97,12,1
P007,HRTF_B,28,1.775,-82.02,-38.69,12,1
P007,HRTF_B,28,1.791,-82.5,-39.4,12,1
P007,HRTF_B,28,1.807,-83.42,-40.68,12,1
P007,HRTF_B,28,1.822,-83.8,-41.22,12,1
P007,HRTF_B,28,1.836,-84.15,-41.71,12,1
P007,HRTF_B,28,1.851,-84.48,-42.15,12,1
P007,HRTF_B,28,1.865,-84.77,-42.56,12,1
P007,HRTF_B,28,1.88,-85.07,-42.95,12,1
P007,HRTF_B,28,1.895,-85.34,-43.33,12,1
P007,HRTF_B,28,1.909,-85.62,-43.72,12,1
P007,HRTF_B,28,1.924,-85.92,-44.12,12,1
P007,HRTF_B,28,1.941,-86.24,-44.5,12,1
P007,HRTF_B,28,1.955,-86.55,-44.82,12,1
P007,HRTF_B,28,1.97,-86.88,-45.08,12,1
P007,HRTF_B,28,1.985,-87.25,-45.29,12,1
P007,HRTF_B,28,2.0,-87.63,-45.42,12,1
P007,HRTF_B,28,2.015,-88.47,-45.7,12,1
P007,HRTF_B,28,2.03,-88.93,-45.81,12,1
P007,HRTF_B,28,2.045,-89.41,-45.97,12,1
P007,HRTF_B,28,2.06,-89.85,-46.17,12,1
P007,HRTF_B,28,2.074,-90.27,-46.38,12,1
P007,HRTF_B,28,2.09,-90.65,-46.56,12,1
P007,HRTF_B,28,2.105,-91.06,-46.7,12,1
P007,HRTF_B,28,2.119,-91.48,-46.78,12,1
P007,HRTF_B,28,2.134,-91.87,-46.83,12,1
P007,HRTF_B,28,2.149,-92.23,-46.89,12,1
P007,HRTF_B,28,2.164,-92.6,-46.96,12,1
P007,HRTF_B,28,2.179,-92.93,-47.03,12,1
P007,HRTF_B,28,2.193,-93.26,-47.1,12,1
P007,HRTF_B,28,2.208,-93.57,-47.14,12,1
P007,HRTF_B,28,2.223,-93.83,-47.15,12,1
P007,HRTF_B,28,2.239,-94.28,-47.1,12,1
P007,HRTF_B,28,2.254,-94.41,-47.0,12,1
P007,HRTF_B,28,2.269,-94.56,-46.81,12,1
P007,HRTF_B,28,2.283,-94.68,-46.59,12,1
P007,HRTF_B,28,2.298,-94.81,-46.33,12,1
P007,HRTF_B,28,2.313,-94.85,-46.02,12,1
P007,HRTF_B,28,2.328,-94.87,-45.62,12,1
P007,HRTF_B,28,2.342,-94.82,-45.12,12,1
P007,HRTF_B,28,2.357,-94.64,-44.54,12,1
P007,HRTF_B,28,2.372,-94.39,-43.95,12,1
P007,HRTF_B,28,2.388,-94.01,-43.32,12,1
P007,HRTF_B,28,2.402,-93.55,-42.62,12,1
P007,HRTF_B,28,2.417,-92.92,-41.8,12,1
P007,HRTF_B,28,2.433,-92.11,-40.87,12,1
P007,HRTF_B,28,2.447,-90.28,-39.04,12,1
P007,HRTF_B,28,2.462,-89.06,-38.18,12,1
P007,HRTF_B,28,2.477,-87.72,-37.27,12,1
P007,HRTF_B,28,2.492,-86.27,-36.28,12,1
P007,HRTF_B,28,2.507,-84.71,-35.08,12,1
P007,HRTF_B,28,2.521,-83.07,-33.71,12,1
P007,HRTF_B,28,2.541,-81.37,-32.32,12,1
P007,HRTF_B,28,2.556,-79.6,-30.97,12,1
P007,HRTF_B,28,2.572,-76.03,-28.31,12,1
P007,HRTF_B,28,2.587,-74.11,-26.94,12,1
P007,HRTF_B,28,2.602,-72.15,-25.59,12,1
P007,HRTF_B,28,2.617,-70.23,-24.29,12,1
P007,HRTF_B,28,2.632,-68.27,-23.09,12,1
P007,HRTF_B,28,2.647,-66.31,-21.98,12,1
P007,HRTF_B,28,2.662,-64.34,-20.94,12,1
P007,HRTF_B,28,2.676,-62.38,-19.98,12,1
P007,HRTF_B,28,2.692,-60.44,-19.15,12,1
P007,HRTF_B,28,2.708,-58.47,-18.37,12,1
P007,HRTF_B,28,2.723,-54.59,-16.92,12,1
P007,HRTF_B,28,2.738,-52.67,-16.38,12,1
P007,HRTF_B,28,2.752,-50.8,-15.89,12,1
P007,HRTF_B,28,2.767,-48.97,-15.41,12,1
P007,HRTF_B,28,2.782,-47.2,-14.99,12,1
P007,HRTF_B,28,2.796,-45.44,-14.66,12,1
P007,HRTF_B,28,2.81,-43.67,-14.36,12,1
P007,HRTF_B,28,2.825,-41.94,-14.15,12,1
P007,HRTF_B,28,2.841,-40.27,-13.95,12,1
P007,HRTF_B,28,2.856,-38.67,-13.78,12,1
P007,HRTF_B,28,2.871,-37.1,-13.79,12,1
P007,HRTF_B,28,2.886,-35.59,-13.96,12,1
P007,HRTF_B,28,2.901,-34.13,-14.27,12,1
P007,HRTF_B,28,2.915,-32.72,-14.54,12,1
P007,HRTF_B,28,2.93,-31.38,-14.75,12,1
P007,HRTF_B,28,2.944,-30.06,-14.94,12,1
P007,HRTF_B,28,2.959,-28.77,-15.12,12,1
P007,HRTF_B,28,2.974,-26.19,-15.61,12,1
P007,HRTF_B,28,2.99,-24.92,-15.87,12,1
P007,HRTF_B,28,3.004,-23.62,-16.1,12,1
P007,HRTF_B,28,3.019,-22.39,-16.31,12,1
P007,HRTF_B,28,3.034,-21.16,-16.47,12,1
P007,HRTF_B,28,3.049,-19.91,-16.68,12,1
P007,HRTF_B,28,3.063,-18.67,-16.85,12,1
P007,HRTF_B,28,3.078,-17.45,-17.01,12,1
P007,HRTF_B,28,3.092,-16.27,-17.17,12,1
P007,HRTF_B,28,3.107,-15.11,-17.35,12,1
P007,HRTF_B,28,3.122,-13.98,-17.61,12,1
P007,HRTF_B,28,3.138,-12.89,-17.9,12,1
P007,HRTF_B,28,3.152,-11.86,-18.21,12,1
P007,HRTF_B,28,3.167,-10.87,-18.54,12,1
P007,HRTF_B,28,3.181,-9.93,-18.83,12,1
P007,HRTF_B,28,3.195,-9.08,-19.09,12,1
P007,HRTF_B,28,3.21,-7.43,-19.64,12,1
P007,HRTF_B,28,3.225,-6.75,-19.85,12,1
P007,HRTF_B,28,3.239,-6.14,-20.05,12,1
P007,HRTF_B,28,3.254,-5.58,-20.24,12,1
P007,HRTF_B,28,3.27,-5.06,-20.37,12,1
P007,HRTF_B,28,3.286,-4.55,-20.5,12,1
P007,HRTF_B,28,3.301,-4.03,-20.65,12,1
P007,HRTF_B,28,3.316,-3.5,-20.88,12,1
P007,HRTF_B,28,3.331,-2.96,-21.11,12,1
P007,HRTF_B,28,3.346,-2.44,-21.38,12,1
P007,HRTF_B,28,3.361,-1.89,-21.64,12,1
P007,HRTF_B,28,3.375,-1.33,-21.95,12,1
P007,HRTF_B,28,3.39,-0.72,-22.25,12,1
P007,HRTF_B,28,3.405,0.55,-22.93,12,1
P007,HRTF_B,28,3.42,1.24,-23.38,12,1
P007,HRTF_B,28,3.436,1.97,-23.81,12,1
P007,HRTF_B,28,3.451,2.73,-24.25,12,1
P007,HRTF_B,28,3.466,3.51,-24.67,12,1
P007,HRTF_B,28,3.481,4.29,-25.15,12,1
P007,HRTF_B,28,3.496,5.09,-25.65,12,1
P007,HRTF_B,28,3.511,5.92,-26.17,12,1
P007,HRTF_B,28,3.525,6.75,-26.67,12,1
P007,HRTF_B,28,3.54,7.59,-27.14,12,1
P007,HRTF_B,28,3.554,8.38,-27.56,12,1
P007,HRTF_B,28,3.569,9.15,-27.98,12,1
P007,HRTF_B,28,3.585,10.64,-28.91,12,1
P007,HRTF_B,28,3.6,11.33,-29.5,12,1
P007,HRTF_B,28,3.614,12.03,-30.07,12,1
P007,HRTF_B,28,3.629,12.73,-30.6,12,1
P007,HRTF_B,28,3.643,13.39,-31.06,12,1
P007,HRTF_B,28,3.657,14.0,-31.5,12,1
P007,HRTF_B,28,3.672,14.59,-31.97,12,1
P007,HRTF_B,28,3.687,15.06,-32.47,12,1
P007,HRTF_B,28,3.701,15.57,-32.97,12,1
P007,HRTF_B,28,3.716,16.02,-33.42,12,1
P007,HRTF_B,28,3.733,16.46,-33.87,12,1
P007,HRTF_B,28,3.747,16.85,-34.31,12,1
P007,HRTF_B,28,3.762,17.15,-34.82,12,1
P007,HRTF_B,28,3.776,17.33,-35.38,12,1
P007,HRTF_B,28,3.79,17.43,-35.93,12,1
P007,HRTF_B,28,3.804,17.42,-36.45,12,1
P007,HRTF_B,28,3.819,17.27,-36.98,12,1
P007,HRTF_B,28,3.833,16.95,-37.52,12,1
P007,HRTF_B,28,3.848,16.43,-38.0,12,1
P007,HRTF_B,28,3.862,15.13,-38.89,12,1
P007,HRTF_B,28,3.878,14.2,-39.19,12,1
P007,HRTF_B,28,3.893,13.31,-39.51,12,1
P007,HRTF_B,28,3.908,12.5,-39.81,12,1
P007,HRTF_B,28,3.923,11.84,-40.18,12,1
P007,HRTF_B,28,3.938,11.25,-40.57,12,1
P007,HRTF_B,28,3.953,10.74,-40.94,12,1
P007,HRTF_B,28,3.967,10.25,-41.31,12,1
P007,HRTF_B,28,3.982,9.85,-41.67,12,1
P007,HRTF_B,28,3.996,9.6,-41.96,12,1
P007,HRTF_B,28,4.011,9.52,-42.18,12,1
P007,HRTF_B,28,4.028,9.65,-42.29,12,1
P007,HRTF_B,28,4.043,9.97,-42.42,12,1
P007,HRTF_B,28,4.058,10.3,-42.37,12,1
P007,HRTF_B,28,4.073,10.65,-42.38,12,1
P007,HRTF_B,28,4.087,11.02,-42.38,12,1
P007,HRTF_B,28,4.102,11.45,-42.4,12,1
P007,HRTF_B,28,4.117,12.01,-42.32,12,1
P007,HRTF_B,28,4.131,12.66,-42.14,12,1
P007,HRTF_B,28,4.146,13.33,-41.89,12,1
P007,HRTF_B,28,4.16,13.99,-41.66,12,1
P007,HRTF_B,28,4.177,14.64,-41.4,12,1
P007,HRTF_B,28,4.191,15.32,-41.19,12,1
P007,HRTF_B,28,4.206,16.01,-40.93,12,1
P007,HRTF_B,28,4.22,16.75,-40.59,12,1
P007,HRTF_B,28,4.235,17.48,-40.17,12,1
P007,HRTF_B,28,4.249,18.17,-39.68,12,1
P007,HRTF_B,28,4.263,18.86,-39.19,12,1
P007,HRTF_B,28,4.278,19.58,-38.67,12,1
P007,HRTF_B,28,4.292,21.06,-37.54,12,1
P007,HRTF_B,28,4.307,21.91,-36.86,12,1
P007,HRTF_B,28,4.323,22.76,-36.07,12,1
P007,HRTF_B,28,4.337,23.61,-35.25,12,1
P007,HRTF_B,28,4.351,24.53,-34.42,12,1
P007,HRTF_B,28,4.367,25.58,-33.61,12,1
P007,HRTF_B,28,4.381,26.69,-32.77,12,1
P007,HRTF_B,28,4.396,27.93,-31.92,12,1
P007,HRTF_B,28,4.41,29.21,-31.04,12,1
P007,HRTF_B,28,4.425,30.54,-30.14,12,1
P007,HRTF_B,28,4.439,31.95,-29.32,12,1
P007,HRTF_B,28,4.454,33.42,-28.58,12,1
P007,HRTF_B,28,4.47,34.96,-27.89,12,1
P007,HRTF_B,28,4.484,36.52,-27.19,12,1
P007,HRTF_B,28,4.499,38.07,-26.51,12,1
P007,HRTF_B,28,4.513,39.64,-25.85,12,1
P007,HRTF_B,28,4.528,41.23,-25.29,12,1
P007,HRTF_B,28,4.542,42.87,-24.82,12,1
P007,HRTF_B,28,4.556,44.51,-24.39,12,1
P007,HRTF_B,28,4.571,47.75,-23.54,12,1
P007,HRTF_B,28,4.585,49.29,-23.13,12,1
P007,HRTF_B,28,4.6,50.83,-22.73,12,1
P007,HRTF_B,28,4.615,52.29,-22.29,12,1
P007,HRTF_B,28,4.63,53.69,-21.8,12,1
P007,HRTF_B,28,4.645,54.97,-21.27,12,1
P007,HRTF_B,28,4.66,56.17,-20.76,12,1
P007,HRTF_B,28,4.674,57.3,-20.26,12,1
P007,HRTF_B,28,4.688,58.31,-19.75,12,1
P007,HRTF_B,28,4.703,59.22,-19.2,12,1
P007,HRTF_B,28,4.718,60.04,-18.62,12,1
P007,HRTF_B,28,4.732,60.72,-18.0,12,1
P007,HRTF_B,28,4.747,61.31,-17.38,12,1
P007,HRTF_B,28,4.763,61.79,-16.79,12,1
P007,HRTF_B,28,4.777,62.23,-16.25,12,1
P007,HRTF_B,28,4.792,62.59,-15.75,12,1
P007,HRTF_B,28,4.806,62.89,-15.25,12,1
P007,HRTF_B,28,4.821,63.39,-14.19,12,1
P007,HRTF_B,28,4.835,63.5,-13.68,12,1
P007,HRTF_B,28,4.85,63.56,-13.23,12,1
P007,HRTF_B,28,4.866,63.62,-12.82,12,1
P007,HRTF_B,28,4.881,63.65,-12.46,12,1
P007,HRTF_B,28,4.896,63.63,-12.08,12,1
P007,HRTF_B,28,4.912,63.5,-11.66,12,1
P007,HRTF_B,28,4.927,63.33,-11.29,12,1
P007,HRTF_B,28,4.943,63.12,-10.98,12,1
P007,HRTF_B,28,4.958,62.92,-10.65,12,1
P007,HRTF_B,28,4.972,62.7,-10.33,12,1
P007,HRTF_B,28,4.987,62.18,-9.63,12,1
P007,HRTF_B,28,5.002,61.79,-9.21,12,1
P007,HRTF_B,28,5.017,61.38,-8.9,12,1
P007,HRTF_B,28,5.031,61.06,-8.67,12,1
P007,HRTF_B,28,5.047,60.8,-8.46,12,1
P007,HRTF_B,28,5.063,60.58,-8.2,12,1
P007,HRTF_B,28,5.078,60.33,-7.9,12,1
P007,HRTF_B,28,5.093,60.02,-7.53,12,1
P007,HRTF_B,28,5.108,59.69,-7.23,12,1
P007,HRTF_B,28,5.123,59.44,-7.03,12,1
P007,HRTF_B,28,5.138,59.25,-6.87,12,1
P007,HRTF_B,28,5.152,59.14,-6.73,12,1
P007,HRTF_B,28,5.167,59.06,-6.59,12,1
P007,HRTF_B,28,5.182,58.89,-6.26,12,1
P007,HRTF_B,28,5.196,58.82,-6.03,12,1
P007,HRTF_B,28,5.212,58.84,-5.88,12,1
P007,HRTF_B,28,5.227,59.04,-5.82,12,1
P007,HRTF_B,28,5.242,59.39,-5.78,12,1
P007,HRTF_B,28,5.256,59.83,-5.7,12,1
P007,HRTF_B,28,5.271,60.35,-5.58,12,1
P007,HRTF_B,28,5.286,60.91,-5.45,12,1
P007,HRTF_B,28,5.302,61.5,-5.33,12,1
P007,HRTF_B,28,5.316,62.19,-5.23,12,1
P007,HRTF_B,28,5.331,62.96,-5.15,12,1
P007,HRTF_B,28,5.346,63.78,-5.06,12,1
P007,HRTF_B,28,5.362,64.64,-4.95,12,1
P007,HRTF_B,28,5.376,66.43,-4.79,12,1
P007,HRTF_B,28,5.391,67.41,-4.76,12,1
P007,HRTF_B,28,5.406,68.44,-4.79,12,1
P007,HRTF_B,28,5.421,69.5,-4.81,12,1
P007,HRTF_B,28,5.436,70.56,-4.82,12,1
P007,HRTF_B,28,5.451,71.62,-4.84,12,1
P007,HRTF_B,28,5.466,72.65,-4.88,12,1
P007,HRTF_B,28,5.481,73.67,-4.95,12,1
P007,HRTF_B,28,5.495,74.69,-5.01,12,1
P007,HRTF_B,28,5.516,75.69,-5.1,12,1
P007,HRTF_B,28,5.53,77.63,-5.28,12,1
P007,HRTF_B,28,5.545,78.51,-5.39,12,1
P007,HRTF_B,28,5.559,79.34,-5.48,12,1
P007,HRTF_B,28,5.574,80.14,-5.62,12,1
P007,HRTF_B,28,5.589,80.88,-5.73,12,1
P007,HRTF_B,28,5.604,81.59,-5.87,12,1
P007,HRTF_B,28,5.619,82.26,-6.02,12,1
P007,HRTF_B,28,5.633,82.91,-6.16,12,1
P007,HRTF_B,28,5.649,83.51,-6.26,12,1
P007,HRTF_B,28,5.665,84.05,-6.37,12,1
P007,HRTF_B,28,5.68,84.6,-6.45,12,1
P007,HRTF_B,28,5.695,85.12,-6.54,12,1
P007,HRTF_B,28,5.71,86.16,-6.72,12,1
P007,HRTF_B,28,5.725,86.66,-6.8,12,1
P007,HRTF_B,28,5.74,87.14,-6.87,12,1
P007,HRTF_B,28,5.755,87.63,-6.91,12,1
P007,HRTF_B,28,5.77,88.09,-6.97,12,1
P007,HRTF_B,28,5.784,88.54,-7.03,12,1
P007,HRTF_B,28,5.8,88.99,-7.09,12,1
P007,HRTF_B,28,5.816,89.44,-7.13,12,1
P007,HRTF_B,28,5.831,89.85,-7.16,12,1
P007,HRTF_B,28,5.846,90.26,-7.18,12,1
P007,HRTF_B,28,5.86,90.65,-7.17,12,1
P007,HRTF_B,28,5.874,91.01,-7.14,12,1
P007,HRTF_B,28,5.889,91.35,-7.13,12,1
P007,HRTF_B,28,5.904,91.97,-7.1,12,1
P007,HRTF_B,28,5.918,92.21,-7.1,12,1
P007,HRTF_B,28,5.933,92.42,-7.16,12,1
P007,HRTF_B,28,5.948,92.58,-7.21,12,1
P007,HRTF_B,28,5.964,92.72,-7.28,12,1
P007,HRTF_B,28,5.979,92.82,-7.34,12,1
P007,HRTF_B,28,5.994,92.89,-7.41,12,1
P007,HRTF_B,28,6.009,92.94,-7.49,12,1
P007,HRTF_B,28,6.024,92.99,-7.56,12,1
P007,HRTF_B,28,6.039,93.02,-7.63,12,1
P007,HRTF_B,28,6.054,93.02,-7.69,12,1
P007,HRTF_B,28,6.069,92.99,-7.75,12,1
P007,HRTF_B,28,6.084,92.95,-7.8,12,1
P007,HRTF_B,28,6.099,92.82,-7.9,12,1
P007,HRTF_B,28,6.115,92.7,-7.95,12,1
P007,HRTF_B,28,6.129,92.57,-8.0,12,1
P007,HRTF_B,28,6.144,92.41,-8.04,12,1
P007,HRTF_B,28,6.159,92.24,-8.09,12,1
P007,HRTF_B,28,6.173,92.03,-8.12,12,1
P007,HRTF_B,28,6.188,91.8,-8.14,12,1
P007,HRTF_B,28,6.203,91.53,-8.15,12,1
P007,HRTF_B,28,6.218,91.23,-8.15,12,1
P007,HRTF_B,28,6.233,90.82,-8.22,12,1
P007,HRTF_B,28,6.248,90.29,-8.35,12,1
P007,HRTF_B,28,6.265,89.08,-8.68,12,1
P007,HRTF_B,28,6.28,88.27,-8.83,12,1
P007,HRTF_B,28,6.294,87.49,-8.94,12,1
P007,HRTF_B,28,6.309,86.72,-9.03,12,1
P007,HRTF_B,28,6.324,85.99,-9.13,12,1
P007,HRTF_B,28,6.339,85.35,-9.22,12,1
P007,HRTF_B,28,6.354,84.79,-9.26,12,1
P007,HRTF_B,28,6.369,84.41,-9.24,12,1
P007,HRTF_B,28,6.384,84.19,-9.03,12,1
P007,HRTF_B,28,6.4,84.09,-8.64,12,1
P007,HRTF_B,28,6.416,84.13,-8.12,12,1
P007,HRTF_B,28,6.431,84.26,-7.05,12,1
P007,HRTF_B,28,6.447,84.53,-6.36,12,1
P007,HRTF_B,28,6.462,84.84,-5.62,12,1
P007,HRTF_B,28,6.477,85.21,-4.91,12,1
P007,HRTF_B,28,6.492,85.65,-4.23,12,1
P007,HRTF_B,28,6.507,86.15,-3.53,12,1
P007,HRTF_B,28,6.522,86.6,-2.78,12,1
P007,HRTF_B,28,6.537,87.05,-2.02,12,1
P007,HRTF_B,28,6.552,87.48,-1.22,12,1
P007,HRTF_B,28,6.568,87.91,-0.36,12,1
P007,HRTF_B,28,6.584,88.76,1.55,12,1
P007,HRTF_B,28,6.599,89.22,2.68,12,1
P007,HRTF_B,28,6.613,89.61,3.79,12,1
P007,HRTF_B,28,6.628,89.96,4.83,12,1
P007,HRTF_B,28,6.643,90.22,5.9,12,1
P007,HRTF_B,28,6.658,90.43,6.95,12,1
P007,HRTF_B,28,6.672,90.58,7.91,12,1
P007,HRTF_B,28,6.687,90.69,8.8,12,1
P007,HRTF_B,28,6.702,90.76,9.61,12,1
P007,HRTF_B,28,6.718,90.79,10.39,12,1
P007,HRTF_B,28,6.732,90.8,11.14,12,1
P007,HRTF_B,28,6.748,90.8,11.76,12,1
P007,HRTF_B,28,6.762,90.87,12.28,12,1
P007,HRTF_B,28,6.776,90.99,12.73,12,1
P007,HRTF_B,28,6.792,91.21,13.11,12,1
P007,HRTF_B,28,6.806,91.62,13.87,12,1
P007,HRTF_B,28,6.821,91.82,14.14,12,1
P007,HRTF_B,28,6.836,92.01,14.39,12,1
P007,HRTF_B,28,6.85,92.29,14.59,12,1
P007,HRTF_B,28,6.867,92.68,14.71,12,1
P007,HRTF_B,28,6.882,93.07,14.84,12,1
P007,HRTF_B,28,6.896,93.49,14.93,12,1
P007,HRTF_B,28,6.911,93.92,15.08,12,1
P007,HRTF_B,28,6.926,94.4,15.24,12,1
P007,HRTF_B,28,6.941,94.99,15.4,12,1
P007,HRTF_B,28,6.956,95.64,15.49,12,1
P007,HRTF_B,28,6.971,96.32,15.53,12,1
P007,HRTF_B,28,6.985,97.01,15.53,12,1
P007,HRTF_B,28,7.0,97.73,15.51,12,1
P007,HRTF_B,28,7.016,99.2,15.59,12,1
P007,HRTF_B,28,7.031,99.98,15.7,12,1
P007,HRTF_B,28,7.046,100.74,15.74,12,1
P007,HRTF_B,28,7.061,101.56,15.7,12,1
P007,HRTF_B,28,7.076,102.37,15.61,12,1
P007,HRTF_B,28,7.091,103.22,15.52,12,1
P007,HRTF_B,28,7.106,104.09,15.47,12,1
P007,HRTF_B,28,7.121,104.92,15.42,12,1
P007,HRTF_B,28,7.135,105.75,15.3,12,1
P007,HRTF_B,28,7.15,106.58,15.14,12,1
P007,HRTF_B,28,7.167,108.25,14.86,12,1
P007,HRTF_B,28,7.182,109.1,14.85,12,1
P007,HRTF_B,28,7.196,109.9,14.82,12,1
P007,HRTF_B,28,7.211,110.62,14.78,12,1
P007,HRTF_B,28,7.225,111.28,14.73,12,1
P007,HRTF_B,28,7.24,111.9,14.63,12,1
P007,HRTF_B,28,7.255,112.47,14.47,12,1
P007,HRTF_B,28,7.27,113.02,14.32,12,1
P007,HRTF_B,28,7.285,113.55,14.14,12,1
P007,HRTF_B,28,7.3,114.05,13.95,12,1
P007,HRTF_B,28,7.316,114.6,13.73,12,1
P007,HRTF_B,28,7.33,115.13,13.56,12,1
P007,HRTF_B,28,7.345,115.69,13.34,12,1
P007,HRTF_B,28,7.36,116.27,13.16,12,1
P007,HRTF_B,28,7.375,116.86,12.98,12,1
P007,HRTF_B,28,7.39,118.04,12.66,12,1
P007,HRTF_B,28,7.405,118.68,12.52,12,1
P007,HRTF_B,28,7.421,119.3,12.38,12,1
P007,HRTF_B,28,7.436,119.92,12.28,12,1
P007,HRTF_B,28,7.451,120.56,12.23,12,1
P007,HRTF_B,28,7.467,121.17,12.2,12,1
P007,HRTF_B,28,7.482,121.76,12.18,12,1
P007,HRTF_B,28,7.497,122.32,12.13,12,1
P007,HRTF_B,28,7.512,122.88,12.11,12,1
P007,HRTF_B,28,7.527,123.44,12.07,12,1
P007,HRTF_B,28,7.542,123.99,12.03,12,1
P007,HRTF_B,28,7.556,125.04,11.99,12,1
P007,HRTF_B,28,7.571,125.51,12.05,12,1
P007,HRTF_B,28,7.586,125.94,12.1,12,1
P007,HRTF_B,28,7.601,126.38,12.17,12,1
P007,HRTF_B,28,7.618,126.82,12.17,12,1
P007,HRTF_B,28,7.633,127.26,12.16,12,1
P007,HRTF_B,28,7.648,127.7,12.13,12,1
P007,HRTF_B,28,7.663,128.12,12.09,12,1
P007,HRTF_B,29,0.017,-5.26,-1.12,22,1
P007,HRTF_B,29,0.034,-4.93,-1.27,22,1
P007,HRTF_B,29,0.049,-4.63,-1.45,22,1
P007,HRTF_B,29,0.064,-4.36,-1.63,22,1
P007,HRTF_B,29,0.079,-4.18,-1.81,22,1
P007,HRTF_B,29,0.094,-4.07,-2.01,22,1
P007,HRTF_B,29,0.11,-4.03,-2.22,22,1
P007,HRTF_B,29,0.125,-4.03,-2.48,22,1
P007,HRTF_B,29,0.14,-4.06,-2.99,22,1
P007,HRTF_B,29,0.155,-4.14,-3.25,22,1
P007,HRTF_B,29,0.171,-4.33,-3.49,22,1
P007,HRTF_B,29,0.187,-4.66,-3.71,22,1
P007,HRTF_B,29,0.202,-5.1,-3.95,22,1
P007,HRTF_B,29,0.217,-5.63,-4.22,22,1
P007,HRTF_B,29,0.232,-6.23,-4.58,22,1
P007,HRTF_B,29,0.247,-6.88,-5.01,22,1
P007,HRTF_B,29,0.262,-7.58,-5.46,22,1
P007,HRTF_B,29,0.278,-9.03,-6.31,22,1
P007,HRTF_B,29,0.293,-9.83,-6.68,22,1
P007,HRTF_B,29,0.307,-10.71,-7.12,22,1
P007,HRTF_B,29,0.324,-11.58,-7.65,22,1
P007,HRTF_B,29,0.339,-12.4,-8.14,22,1
P007,HRTF_B,29,0.354,-13.21,-8.61,22,1
P007,HRTF_B,29,0.37,-14.0,-9.04,22,1
P007,HRTF_B,29,0.385,-14.77,-9.56,22,1
P007,HRTF_B,29,0.401,-15.5,-10.3,22,1
P007,HRTF_B,29,0.416,-16.18,-11.16,22,1
P007,HRTF_B,29,0.432,-17.45,-12.83,22,1
P007,HRTF_B,29,0.447,-17.92,-13.52,22,1
P007,HRTF_B,29,0.462,-18.32,-14.13,22,1
P007,HRTF_B,29,0.484,-18.61,-14.62,22,1
P007,HRTF_B,29,0.499,-18.84,-15.06,22,1
P007,HRTF_B,29,0.515,-19.19,-15.89,22,1
P007,HRTF_B,29,0.53,-19.16,-16.1,22,1
P007,HRTF_B,29,0.545,-19.03,-16.18,22,1
P007,HRTF_B,29,0.56,-18.86,-16.21,22,1
P007,HRTF_B,29,0.575,-18.63,-16.23,22,1
P007,HRTF_B,29,0.59,-18.36,-16.29,22,1
P007,HRTF_B,29,0.606,-17.97,-16.4,22,1
P007,HRTF_B,29,0.621,-17.47,-16.49,22,1
P007,HRTF_B,29,0.638,-16.87,-16.55,22,1
P007,HRTF_B,29,0.653,-16.18,-16.57,22,1
P007,HRTF_B,29,0.668,-14.72,-16.58,22,1
P007,HRTF_B,29,0.683,-13.79,-16.55,22,1
P007,HRTF_B,29,0.698,-12.71,-16.51,22,1
P007,HRTF_B,29,0.714,-11.49,-16.53,22,1
P007,HRTF_B,29,0.729,-10.14,-16.52,22,1
P007,HRTF_B,29,0.744,-8.75,-16.48,22,1
P007,HRTF_B,29,0.759,-7.3,-16.47,22,1
P007,HRTF_B,29,0.775,-5.76,-16.49,22,1
P007,HRTF_B,29,0.792,-4.14,-16.55,22,1
P007,HRTF_B,29,0.807,-0.83,-16.6,22,1
P007,HRTF_B,29,0.822,0.96,-16.66,22,1
P007,HRTF_B,29,0.837,2.7,-16.79,22,1
P007,HRTF_B,29,0.851,4.4,-16.94,22,1
P007,HRTF_B,29,0.867,6.08,-17.07,22,1
P007,HRTF_B,29,0.882,7.78,-17.14,22,1
P007,HRTF_B,29,0.897,9.46,-17.2,22,1
P007,HRTF_B,29,0.912,11.12,-17.25,22,1
P007,HRTF_B,29,0.929,12.7,-17.3,22,1
P007,HRTF_B,29,0.944,14.25,-17.33,22,1
P007,HRTF_B,29,0.959,17.24,-17.38,22,1
P007,HRTF_B,29,0.974,18.63,-17.34,22,1
P007,HRTF_B,29,0.989,20.03,-17.3,22,1
P007,HRTF_B,29,1.004,21.38,-17.14,22,1
P007,HRTF_B,29,1.018,22.66,-16.94,22,1
P007,HRTF_B,29,1.034,23.95,-16.67,22,1
P007,HRTF_B,29,1.049,25.26,-16.38,22,1
P007,HRTF_B,29,1.063,26.59,-16.04,22,1
P007,HRTF_B,29,1.08,27.98,-15.61,22,1
P007,HRTF_B,29,1.096,29.31,-15.06,22,1
P007,HRTF_B,29,1.111,31.9,-13.78,22,1
P007,HRTF_B,29,1.127,33.18,-12.79,22,1
P007,HRTF_B,29,1.142,34.48,-11.7,22,1
P007,HRTF_B,29,1.157,35.74,-10.52,22,1
P007,HRTF_B,29,1.172,36.92,-9.25,22,1
P007,HRTF_B,29,1.187,38.01,-8.0,22,1
P007,HRTF_B,29,1.202,39.03,-6.75,22,1
P007,HRTF_B,29,1.217,39.99,-5.59,22,1
P007,HRTF_B,29,1.234,40.9,-4.54,22,1
P007,HRTF_B,29,1.249,41.78,-3.51,22,1
P007,HRTF_B,29,1.263,42.61,-2.57,22,1
P007,HRTF_B,29,1.278,44.18,-0.74,22,1
P007,HRTF_B,29,1.294,44.91,0.0,22,1
P007,HRTF_B,29,1.309,45.59,0.68,22,1
P007,HRTF_B,29,1.325,46.33,1.33,22,1
P007,HRTF_B,29,1.34,47.07,2.02,22,1
P007,HRTF_B,29,1.355,47.82,2.76,22,1
P007,HRTF_B,29,1.372,48.57,3.46,22,1
P007,HRTF_B,29,1.387,49.33,4.15,22,1
P007,HRTF_B,29,1.402,50.12,4.83,22,1
P007,HRTF_B,29,1.417,51.68,6.19,22,1
P007,HRTF_B,29,1.432,52.4,6.88,22,1
P007,HRTF_B,29,1.447,53.14,7.45,22,1
P007,HRTF_B,29,1.463,53.94,7.85,22,1
P007,HRTF_B,29,1.479,54.74,8.1,22,1
P007,HRTF_B,29,1.493,55.54,8.32,22,1
P007,HRTF_B,29,1.509,56.31,8.51,22,1
P007,HRTF_B,29,1.525,57.05,8.61,22,1
P007,HRTF_B,29,1.54,57.84,8.59,22,1
P007,HRTF_B,29,1.555,58.66,8.52,22,1
P007,HRTF_B,29,1.571,60.39,8.45,22,1
P007,HRTF_B,29,1.586,61.3,8.45,22,1
P007,HRTF_B,29,1.601,62.14,8.43,22,1
P007,HRTF_B,29,1.617,63.01,8.41,22,1
P007,HRTF_B,29,1.632,63.85,8.3,22,1
P007,HRTF_B,29,1.647,64.74,8.13,22,1
P007,HRTF_B,29,1.662,65.6,7.91,22,1
P007,HRTF_B,29,1.679,66.41,7.59,22,1
P007,HRTF_B,29,1.694,67.2,7.14,22,1
P007,HRTF_B,29,1.708,67.89,6.45,22,1
P007,HRTF_B,29,1.724,69.25,4.76,22,1
P007,HRTF_B,29,1.739,69.85,3.56,22,1
P007,HRTF_B,29,1.754,70.44,2.23,22,1
P007,HRTF_B,29,1.769,70.99,0.74,22,1
P007,HRTF_B,29,1.784,71.48,-0.92,22,1
P007,HRTF_B,29,1.799,71.93,-2.62,22,1
P007,HRTF_B,29,1.816,72.35,-4.47,22,1
P007,HRTF_B,29,1.831,72.75,-6.52,22,1
P007,HRTF_B,29,1.846,73.12,-8.63,22,1
P007,HRTF_B,29,1.861,73.86,-12.82,22,1
P007,HRTF_B,29,1.877,74.14,-14.73,22,1
P007,HRTF_B,29,1.892,74.38,-16.59,22,1
P007,HRTF_B,29,1.907,74.64,-18.48,22,1
P007,HRTF_B,29,1.923,74.86,-20.43,22,1
P007,HRTF_B,29,1.938,75.09,-22.25,22,1
P007,HRTF_B,29,1.953,75.36,-23.92,22,1
P007,HRTF_B,29,1.97,75.63,-25.33,22,1
P007,HRTF_B,29,1.986,75.94,-26.66,22,1
P007,HRTF_B,29,2.001,76.52,-29.24,22,1
P007,HRTF_B,29,2.016,76.7,-30.49,22,1
P007,HRTF_B,29,2.032,76.91,-31.82,22,1
P007,HRTF_B,29,2.047,77.07,-33.07,22,1
P007,HRTF_B,29,2.062,77.27,-34.22,22,1
P007,HRTF_B,29,2.077,77.44,-35.31,22,1
P007,HRTF_B,29,2.092,77.53,-36.35,22,1
P007,HRTF_B,29,2.107,77.52,-37.43,22,1
P007,HRTF_B,29,2.123,77.49,-38.61,22,1
P007,HRTF_B,29,2.138,77.48,-39.82,22,1
P007,HRTF_B,29,2.154,77.51,-42.21,22,1
P007,HRTF_B,29,2.169,77.54,-43.31,22,1
P007,HRTF_B,29,2.184,77.58,-44.43,22,1
P007,HRTF_B,29,2.199,77.54,-45.56,22,1
P007,HRTF_B,29,2.214,77.46,-46.65,22,1
P007,HRTF_B,29,2.229,77.41,-47.61,22,1
P007,HRTF_B,29,2.244,77.39,-48.5,22,1
P007,HRTF_B,29,2.261,77.36,-49.26,22,1
P007,HRTF_B,29,2.276,77.31,-49.96,22,1
P007,HRTF_B,29,2.292,77.22,-50.63,22,1
P007,HRTF_B,29,2.306,77.02,-51.92,22,1
P007,HRTF_B,29,2.321,76.89,-52.48,22,1
P007,HRTF_B,29,2.336,76.79,-53.02,22,1
P007,HRTF_B,29,2.351,76.69,-53.56,22,1
P007,HRTF_B,29,2.367,76.61,-54.13,22,1
P007,HRTF_B,29,2.382,76.55,-54.61,22,1
P007,HRTF_B,29,2.397,76.48,-55.03,22,1
P007,HRTF_B,29,2.414,76.39,-55.36,22,1
P007,HRTF_B,29,2.428,76.32,-55.68,22,1
P007,HRTF_B,29,2.443,76.18,-55.99,22,1
P007,HRTF_B,29,2.458,76.02,-56.35,22,1
P007,HRTF_B,29,2.473,75.72,-57.12,22,1
P007,HRTF_B,29,2.489,75.56,-57.57,22,1
P007,HRTF_B,29,2.503,75.32,-58.02,22,1
P007,HRTF_B,29,2.519,75.09,-58.5,22,1
P007,HRTF_B,29,2.534,74.93,-59.03,22,1
P007,HRTF_B,29,2.549,74.67,-59.5,22,1
P007,HRTF_B,29,2.566,74.44,-59.97,22,1
P007,HRTF_B,29,2.581,74.2,-60.44,22,1
P007,HRTF_B,29,2.596,73.96,-60.89,22,1
P007,HRTF_B,29,2.612,73.68,-61.33,22,1
P007,HRTF_B,29,2.627,73.1,-62.17,22,1
P007,HRTF_B,29,2.642,72.77,-62.52,22,1
P007,HRTF_B,29,2.657,72.37,-62.86,22,1
P007,HRTF_B,29,2.672,72.0,-63.17,22,1
P007,HRTF_B,29,2.687,71.57,-63.42,22,1
P007,HRTF_B,29,2.705,71.17,-63.68,22,1
P007,HRTF_B,29,2.72,70.88,-63.95,22,1
P007,HRTF_B,29,2.735,70.65,-64.2,22,1
P007,HRTF_B,29,2.751,70.28,-64.66,22,1
P007,HRTF_B,29,2.766,70.17,-64.79,22,1
P007,HRTF_B,29,2.781,70.06,-64.99,22,1
P007,HRTF_B,29,2.796,69.79,-65.23,22,1
P007,HRTF_B,29,2.811,69.33,-65.49,22,1
P007,HRTF_B,29,2.826,68.82,-65.66,22,1
P007,HRTF_B,29,2.842,68.26,-65.73,22,1
P007,HRTF_B,29,2.858,67.48,-65.69,22,1
P007,HRTF_B,29,2.873,66.58,-65.59,22,1
P007,HRTF_B,29,2.888,65.47,-65.45,22,1
P007,HRTF_B,29,2.903,63.18,-65.08,22,1
P007,HRTF_B,29,2.918,61.73,-64.79,22,1
P007,HRTF_B,29,2.933,59.94,-64.55,22,1
P007,HRTF_B,29,2.948,57.77,-64.27,22,1
P007,HRTF_B,29,2.963,55.28,-63.95,22,1
P007,HRTF_B,29,2.978,52.45,-63.56,22,1
P007,HRTF_B,29,2.993,49.31,-63.06,22,1
P007,HRTF_B,29,3.01,45.82,-62.42,22,1
P007,HRTF_B,29,3.025,42.4,-61.66,22,1
P007,HRTF_B,29,3.04,38.93,-60.86,22,1
P007,HRTF_B,29,3.055,35.47,-60.0,22,1
P007,HRTF_B,29,3.07,28.79,-58.18,22,1
P007,HRTF_B,29,3.085,25.55,-57.18,22,1
P007,HRTF_B,29,3.1,22.54,-56.18,22,1
P007,HRTF_B,29,3.115,19.78,-55.21,22,1
P007,HRTF_B,29,3.13,17.2,-54.33,22,1
P007,HRTF_B,29,3.146,14.77,-53.52,22,1
P007,HRTF_B,29,3.161,12.42,-52.71,22,1
P007,HRTF_B,29,3.177,10.15,-52.0,22,1
P007,HRTF_B,29,3.192,8.08,-51.38,22,1
P007,HRTF_B,29,3.207,6.31,-50.85,22,1
P007,HRTF_B,29,3.221,4.7,-50.36,22,1
P007,HRTF_B,29,3.237,1.85,-49.48,22,1
P007,HRTF_B,29,3.251,0.94,-49.16,22,1
P007,HRTF_B,29,3.266,0.06,-48.95,22,1
P007,HRTF_B,29,3.281,-0.88,-48.95,22,1
P007,HRTF_B,29,3.299,-1.72,-49.12,22,1
P007,HRTF_B,29,3.314,-2.52,-49.28,22,1
P007,HRTF_B,29,3.33,-3.24,-49.47,22,1
P007,HRTF_B,29,3.344,-3.97,-49.68,22,1
P007,HRTF_B,29,3.359,-4.71,-50.01,22,1
P007,HRTF_B,29,3.375,-6.12,-50.72,22,1
P007,HRTF_B,29,3.39,-6.72,-51.15,22,1
P007,HRTF_B,29,3.406,-7.21,-51.46,22,1
P007,HRTF_B,29,3.421,-7.74,-51.72,22,1
P007,HRTF_B,29,3.437,-8.42,-51.92,22,1
P007,HRTF_B,29,3.457,-9.15,-52.0,22,1
P007,HRTF_B,29,3.472,-9.9,-52.13,22,1
P007,HRTF_B,29,3.488,-11.4,-52.41,22,1
P007,HRTF_B,29,3.502,-12.14,-52.56,22,1
P007,HRTF_B,29,3.518,-12.95,-52.68,22,1
P007,HRTF_B,29,3.534,-13.79,-52.76,22,1
P007,HRTF_B,29,3.549,-14.7,-52.89,22,1
P007,HRTF_B,29,3.564,-15.57,-53.04,22,1
P007,HRTF_B,29,3.579,-16.5,-53.28,22,1
P007,HRTF_B,29,3.594,-17.44,-53.59,22,1
P007,HRTF_B,29,3.61,-18.38,-53.83,22,1
P007,HRTF_B,29,3.625,-19.29,-54.02,22,1
P007,HRTF_B,29,3.64,-21.01,-54.29,22,1
P007,HRTF_B,29,3.655,-21.8,-54.36,22,1
P007,HRTF_B,29,3.67,-22.71,-54.49,22,1
P007,HRTF_B,29,3.685,-23.69,-54.65,22,1
P007,HRTF_B,29,3.7,-24.74,-54.81,22,1
P007,HRTF_B,29,3.716,-25.83,-55.0,22,1
P007,HRTF_B,29,3.731,-26.98,-55.26,22,1
P007,HRTF_B,29,3.746,-28.16,-55.56,22,1
P007,HRTF_B,29,3.762,-29.34,-55.88,22,1
P007,HRTF_B,29,3.777,-30.52,-56.19,22,1
P007,HRTF_B,29,3.792,-32.88,-56.87,22,1
P007,HRTF_B,29,3.807,-34.03,-57.19,22,1
P007,HRTF_B,29,3.822,-35.12,-57.49,22,1
P007,HRTF_B,29,3.837,-36.14,-57.74,22,1
P007,HRTF_B,29,3.853,-37.07,-57.94,22,1
P007,HRTF_B,29,3.868,-37.97,-58.14,22,1
P007,HRTF_B,29,3.883,-38.85,-58.36,22,1
P007,HRTF_B,29,3.899,-39.68,-58.58,22,1
P007,HRTF_B,29,3.914,-40.47,-58.77,22,1
P007,HRTF_B,29,3.929,-41.23,-58.95,22,1
P007,HRTF_B,29,3.944,-41.97,-59.16,22,1
P007,HRTF_B,29,3.959,-43.45,-59.63,22,1
P007,HRTF_B,29,3.973,-44.11,-59.91,22,1
P007,HRTF_B,29,3.988,-44.66,-60.13,22,1
P007,HRTF_B,29,4.003,-45.11,-60.32,22,1
P007,HRTF_B,29,4.018,-45.53,-60.44,22,1
P007,HRTF_B,29,4.033,-45.89,-60.59,22,1
P007,HRTF_B,29,4.05,-46.18,-60.73,22,1
P007,HRTF_B,29,4.065,-46.33,-60.83,22,1
P007,HRTF_B,29,4.081,-46.42,-60.91,22,1
P007,HRTF_B,29,4.096,-46.42,-60.98,22,1
P007,HRTF_B,29,4.111,-46.43,-61.03,22,1
P007,HRTF_B,29,4.125,-46.4,-61.11,22,1
P007,HRTF_B,29,4.14,-46.36,-61.05,22,1
P007,HRTF_B,29,4.155,-46.25,-60.97,22,1
P007,HRTF_B,29,4.17,-46.09,-60.94,22,1
P007,HRTF_B,29,4.186,-45.81,-60.96,22,1
P007,HRTF_B,29,4.202,-45.49,-60.96,22,1
P007,HRTF_B,29,4.217,-45.01,-60.87,22,1
P007,HRTF_B,29,4.233,-44.27,-60.67,22,1
P007,HRTF_B,29,4.248,-43.26,-60.42,22,1
P007,HRTF_B,29,4.263,-42.09,-60.07,22,1
P007,HRTF_B,29,4.278,-39.63,-59.03,22,1
P007,HRTF_B,29,4.293,-38.19,-58.08,22,1
P007,HRTF_B,29,4.307,-36.93,-56.92,22,1
P007,HRTF_B,29,4.322,-35.75,-55.69,22,1
P007,HRTF_B,29,4.339,-34.77,-54.51,22,1
P007,HRTF_B,29,4.355,-33.85,-53.4,22,1
P007,HRTF_B,29,4.37,-33.02,-52.34,22,1
P007,HRTF_B,29,4.385,-32.29,-51.33,22,1
P007,HRTF_B,29,4.4,-31.66,-50.41,22,1
P007,HRTF_B,29,4.415,-31.13,-49.54,22,1
P007,HRTF_B,29,4.43,-30.65,-48.72,22,1
P007,HRTF_B,29,4.445,-29.83,-47.15,22,1
P007,HRTF_B,29,4.46,-29.46,-46.52,22,1
P007,HRTF_B,29,4.474,-29.07,-45.97,22,1
P007,HRTF_B,29,4.491,-28.7,-45.57,22,1
P007,HRTF_B,29,4.506,-28.29,-45.23,22,1
P007,HRTF_B,29,4.521,-27.82,-44.86,22,1
P007,HRTF_B,29,4.537,-27.18,-44.43,22,1
P007,HRTF_B,29,4.552,-26.35,-43.94,22,1
P007,HRTF_B,29,4.567,-25.35,-43.36,22,1
P007,HRTF_B,29,4.583,-24.17,-42.7,22,1
P007,HRTF_B,29,4.598,-21.67,-41.29,22,1
P007,HRTF_B,29,4.613,-20.06,-40.44,22,1
P007,HRTF_B,29,4.628,-18.33,-39.51,22,1
P007,HRTF_B,29,4.644,-16.45,-38.47,22,1
P007,HRTF_B,29,4.66,-14.37,-37.28,22,1
P007,HRTF_B,29,4.675,-12.23,-36.18,22,1
P007,HRTF_B,29,4.69,-10.01,-35.14,22,1
P007,HRTF_B,29,4.705,-7.76,-34.21,22,1
P007,HRTF_B,29,4.72,-5.47,-33.36,22,1
P007,HRTF_B,29,4.735,-3.17,-32.61,22,1
P007,HRTF_B,29,4.751,1.43,-31.25,22,1
P007,HRTF_B,29,4.766,3.68,-30.89,22,1
P007,HRTF_B,29,4.782,5.78,-30.56,22,1
P007,HRTF_B,29,4.797,7.78,-30.28,22,1
P007,HRTF_B,29,4.812,9.64,-29.97,22,1
P007,HRTF_B,29,4.828,11.26,-29.46,22,1
P007,HRTF_B,29,4.843,12.82,-28.95,22,1
P007,HRTF_B,29,4.858,14.28,-28.55,22,1
P007,HRTF_B,29,4.873,15.7,-28.24,22,1
P007,HRTF_B,29,4.888,17.12,-28.06,22,1
P007,HRTF_B,29,4.903,18.47,-27.9,22,1
P007,HRTF_B,29,4.919,21.04,-27.52,22,1
P007,HRTF_B,29,4.935,22.21,-27.34,22,1
P007,HRTF_B,29,4.95,23.36,-27.36,22,1
P007,HRTF_B,29,4.967,24.47,-27.51,22,1
P007,HRTF_B,29,4.982,25.56,-27.7,22,1
P007,HRTF_B,29,4.997,26.6,-27.87,22,1
P007,HRTF_B,29,5.012,27.57,-27.96,22,1
P007,HRTF_B,29,5.027,28.55,-28.01,22,1
P007,HRTF_B,29,5.042,30.5,-28.22,22,1
P007,HRTF_B,29,5.058,31.6,-28.42,22,1
P007,HRTF_B,29,5.075,32.77,-28.58,22,1
P007,HRTF_B,29,5.092,34.04,-28.7,22,1
P007,HRTF_B,29,5.107,35.34,-28.78,22,1
P007,HRTF_B,29,5.122,36.7,-28.85,22,1
P007,HRTF_B,29,5.137,38.15,-28.97,22,1
P007,HRTF_B,29,5.152,39.67,-29.11,22,1
P007,HRTF_B,29,5.167,42.77,-29.38,22,1
P007,HRTF_B,29,5.182,44.42,-29.47,22,1
P007,HRTF_B,29,5.198,46.12,-29.46,22,1
P007,HRTF_B,29,5.213,47.86,-29.44,22,1
P007,HRTF_B,29,5.23,49.61,-29.44,22,1
P007,HRTF_B,29,5.246,51.38,-29.51,22,1
P007,HRTF_B,29,5.261,53.14,-29.63,22,1
P007,HRTF_B,29,5.276,54.85,-29.75,22,1
P007,HRTF_B,29,5.291,56.53,-29.84,22,1
P007,HRTF_B,29,5.307,59.91,-29.99,22,1
P007,HRTF_B,29,5.322,61.65,-30.08,22,1
P007,HRTF_B,29,5.337,63.37,-30.29,22,1
P007,HRTF_B,29,5.352,65.18,-30.54,22,1
P007,HRTF_B,29,5.367,67.01,-30.82,22,1
P007,HRTF_B,29,5.385,68.92,-31.16,22,1
P007,HRTF_B,29,5.4,70.83,-31.55,22,1
P007,HRTF_B,29,5.415,72.77,-32.0,22,1
P007,HRTF_B,29,5.43,74.67,-32.49,22,1
P007,HRTF_B,29,5.445,78.32,-33.48,22,1
P007,HRTF_B,29,5.461,79.99,-33.93,22,1
P007,HRTF_B,29,5.477,81.46,-34.44,22,1
P007,HRTF_B,29,5.492,82.78,-34.87,22,1
P007,HRTF_B,29,5.507,84.02,-35.21,22,1
P007,HRTF_B,29,5.523,85.18,-35.56,22,1
P007,HRTF_B,29,5.541,86.26,-35.89,22,1
P007,HRTF_B,29,5.556,88.39,-36.55,22,1
P007,HRTF_B,29,5.571,89.3,-36.88,22,1
P007,HRTF_B,29,5.586,90.15,-37.22,22,1
P007,HRTF_B,29,5.602,91.01,-37.57,22,1
P007,HRTF_B,29,5.617,91.91,-37.96,22,1
P007,HRTF_B,29,5.632,92.82,-38.39,22,1
P007,HRTF_B,29,5.648,93.76,-38.85,22,1
P007,HRTF_B,29,5.663,94.73,-39.36,22,1
P007,HRTF_B,29,5.68,96.72,-40.41,22,1
P007,HRTF_B,29,5.696,97.78,-40.97,22,1
P007,HRTF_B,29,5.711,98.87,-41.54,22,1
P007,HRTF_B,29,5.727,100.02,-42.15,22,1
P007,HRTF_B,29,5.742,101.19,-42.76,22,1
P007,HRTF_B,29,5.757,102.41,-43.37,22,1
P007,HRTF_B,29,5.772,103.61,-43.95,22,1
P007,HRTF_B,29,5.788,104.8,-44.44,22,1
P007,HRTF_B,29,5.803,106.0,-44.86,22,1
P007,HRTF_B,29,5.817,107.18,-45.26,22,1
P007,HRTF_B,29,5.834,109.49,-46.05,22,1
P007,HRTF_B,29,5.85,110.59,-46.44,22,1
P007,HRTF_B,29,5.865,111.72,-46.81,22,1
P007,HRTF_B,29,5.881,112.79,-47.1,22,1
P007,HRTF_B,29,5.896,113.8,-47.34,22,1
P007,HRTF_B,29,5.912,114.79,-47.58,22,1
P007,HRTF_B,29,5.927,115.79,-47.85,22,1
P007,HRTF_B,29,5.942,116.79,-48.08,22,1
P007,HRTF_B,29,5.958,117.8,-48.24,22,1
P007,HRTF_B,29,5.974,119.82,-48.56,22,1
P007,HRTF_B,29,5.991,120.78,-48.66,22,1
P007,HRTF_B,29,6.006,121.75,-48.82,22,1
P007,HRTF_B,29,6.021,122.75,-49.0,22,1
P007,HRTF_B,29,6.036,123.74,-49.15,22,1
P007,HRTF_B,29,6.052,124.72,-49.26,22,1
P007,HRTF_B,29,6.067,125.68,-49.35,22,1
P007,HRTF_B,29,6.082,126.58,-49.39,22,1
P007,HRTF_B,29,6.097,128.32,-49.36,22,1
P007,HRTF_B,29,6.113,129.06,-49.16,22,1
P007,HRTF_B,29,6.129,129.71,-48.84,22,1
P007,HRTF_B,29,6.145,130.24,-48.37,22,1
P007,HRTF_B,29,6.16,130.61,-47.68,22,1
P007,HRTF_B,29,6.176,130.91,-46.74,22,1
P007,HRTF_B,29,6.191,131.16,-45.68,22,1
P007,HRTF_B,29,6.207,131.37,-44.52,22,1
P007,HRTF_B,29,6.222,131.59,-43.31,22,1
P007,HRTF_B,29,6.237,132.08,-40.86,22,1
P007,HRTF_B,29,6.252,132.35,-39.69,22,1
P007,HRTF_B,29,6.268,132.75,-38.62,22,1
P007,HRTF_B,29,6.285,133.15,-37.6,22,1
P007,HRTF_B,29,6.3,133.6,-36.57,22,1
P007,HRTF_B,29,6.316,134.05,-35.55,22,1
P007,HRTF_B,29,6.331,134.55,-34.58,22,1
P007,HRTF_B,29,6.347,135.59,-32.72,22,1
P007,HRTF_B,29,6.363,136.21,-31.88,22,1
P007,HRTF_B,29,6.378,136.85,-31.01,22,1
P007,HRTF_B,29,6.396,137.48,-30.01,22,1
P007,HRTF_B,29,6.414,138.07,-28.94,22,1
P007,HRTF_B,29,6.429,138.69,-27.93,22,1
P007,HRTF_B,29,6.449,140.06,-26.03,22,1
P007,HRTF_B,29,6.464,140.86,-25.15,22,1
P007,HRTF_B,29,6.479,141.61,-24.31,22,1
P007,HRTF_B,29,6.495,142.32,-23.47,22,1
P007,HRTF_B,29,6.51,143.01,-22.69,22,1
P007,HRTF_B,29,6.525,143.67,-21.95,22,1
P007,HRTF_B,29,6.541,144.35,-21.22,22,1
P007,HRTF_B,29,6.556,145.7,-19.73,22,1
P007,HRTF_B,29,6.571,146.35,-18.99,22,1
P007,HRTF_B,29,6.586,146.93,-18.29,22,1
P007,HRTF_B,29,6.603,147.47,-17.62,22,1
P007,HRTF_B,29,6.619,148.0,-17.0,22,1
P007,HRTF_B,29,6.634,148.5,-16.32,22,1
P007,HRTF_B,29,6.649,148.99,-15.59,22,1
P007,HRTF_B,29,6.665,149.48,-14.86,22,1
P007,HRTF_B,29,6.679,149.95,-14.15,22,1
P007,HRTF_B,29,6.694,150.4,-13.43,22,1
P007,HRTF_B,29,6.709,151.3,-11.99,22,1
P007,HRTF_B,29,6.724,151.79,-11.29,22,1
P007,HRTF_B,29,6.739,152.36,-10.6,22,1
P007,HRTF_B,29,6.756,153.0,-9.89,22,1
P007,HRTF_B,29,6.771,153.66,-9.18,22,1
P007,HRTF_B,29,6.787,154.34,-8.46,22,1
P007,HRTF_B,29,6.802,155.07,-7.74,22,1
P007,HRTF_B,29,6.817,155.83,-6.98,22,1
P007,HRTF_B,29,6.832,156.65,-6.19,22,1
P007,HRTF_B,29,6.847,158.32,-4.61,22,1
P007,HRTF_B,29,6.862,159.22,-3.86,22,1
P007,HRTF_B,29,6.877,160.03,-3.22,22,1
P007,HRTF_B,29,6.894,160.86,-2.54,22,1
P007,HRTF_B,29,6.909,161.7,-1.81,22,1
P007,HRTF_B,29,6.925,162.56,-1.03,22,1
P007,HRTF_B,29,6.94,163.4,-0.23,22,1
P007,HRTF_B,29,6.956,164.19,0.56,22,1
P007,HRTF_B,29,6.971,164.95,1.21,22,1
P007,HRTF_B,29,6.986,166.5,2.57,22,1
P007,HRTF_B,29,7.001,167.42,3.41,22,1
P007,HRTF_B,29,7.016,168.3,4.47,22,1
P007,HRTF_B,29,7.031,169.21,5.49,22,1
P007,HRTF_B,29,7.048,170.02,6.4,22,1
P007,HRTF_B,29,7.064,170.81,7.17,22,1
P007,HRTF_B,29,7.079,171.59,7.8,22,1
P007,HRTF_B,29,7.094,172.38,8.47,22,1
P007,HRTF_B,29,7.11,173.14,9.09,22,1
P007,HRTF_B,29,7.125,174.64,10.22,22,1
P007,HRTF_B,29,7.14,175.33,10.62,22,1
P007,HRTF_B,29,7.155,175.97,10.92,22,1
P007,HRTF_B,29,7.17,176.63,11.16,22,1
P007,HRTF_B,29,7.186,177.37,11.43,22,1
P007,HRTF_B,29,7.203,178.11,11.74,22,1
P007,HRTF_B,29,7.218,178.84,11.98,22,1
P007,HRTF_B,29,7.234,179.57,12.16,22,1
P007,HRTF_B,29,7.249,-179.64,12.33,22,1
P007,HRTF_B,29,7.264,-178.04,12.61,22,1
P007,HRTF_B,29,7.279,-177.18,12.79,22,1
P007,HRTF_B,29,7.294,-176.3,12.93,22,1
P007,HRTF_B,29,7.309,-175.47,13.03,22,1
P007,HRTF_B,29,7.325,-174.6,13.04,22,1
P007,HRTF_B,29,7.341,-173.69,12.98,22,1
P007,HRTF_B,29,7.356,-172.72,12.97,22,1
P007,HRTF_B,29,7.371,-171.74,12.99,22,1
P007,HRTF_B,29,7.386,-170.76,13.03,22,1
P007,HRTF_B,29,7.402,-169.8,13.01,22,1
P007,HRTF_B,29,7.417,-167.86,12.82,22,1
P007,HRTF_B,29,7.432,-166.89,12.54,22,1
P007,HRTF_B,29,7.447,-165.85,12.25,22,1
P007,HRTF_B,29,7.462,-164.81,12.01,22,1
P007,HRTF_B,29,7.478,-163.74,11.76,22,1
P007,HRTF_B,29,7.495,-162.69,11.44,22,1
P007,HRTF_B,29,7.51,-161.63,11.01,22,1
P007,HRTF_B,29,7.525,-160.51,10.54,22,1
P007,HRTF_B,29,7.54,-159.37,10.12,22,1
P007,HRTF_B,29,7.555,-157.12,9.34,22,1
P007,HRTF_B,29,7.57,-156.02,8.99,22,1
P007,HRTF_B,29,7.585,-154.93,8.56,22,1
P007,HRTF_B,29,7.6,-153.82,8.09,22,1
P007,HRTF_B,29,7.616,-152.7,7.69,22,1
P007,HRTF_B,29,7.631,-151.61,7.35,22,1
P007,HRTF_B,29,7.648,-150.53,7.13,22,1
P007,HRTF_B,29,7.663,-149.49,6.88,22,1
P007,HRTF_B,29,7.678,-148.44,6.65,22,1
P007,HRTF_B,29,7.693,-147.35,6.41,22,1
P007,HRTF_B,29,7.708,-145.14,5.98,22,1
P007,HRTF_B,29,7.723,-144.0,5.8,22,1
P007,HRTF_B,29,7.739,-142.91,5.71,22,1
P007,HRTF_B,29,7.754,-141.81,5.65,22,1
P007,HRTF_B,29,7.768,-140.67,5.52,22,1
P007,HRTF_B,29,7.785,-139.49,5.38,22,1
P007,HRTF_B,29,7.801,-138.3,5.3,22,1
P007,HRTF_B,29,7.816,-137.12,5.26,22,1
P007,HRTF_B,30,0.018,-7.83,-2.99,17,1
P007,HRTF_B,30,0.033,-7.79,-3.18,17,1
P007,HRTF_B,30,0.049,-7.76,-3.59,17,1
P007,HRTF_B,30,0.065,-7.81,-3.88,17,1
P007,HRTF_B,30,0.08,-7.85,-4.2,17,1
P007,HRTF_B,30,0.095,-7.88,-4.5,17,1
P007,HRTF_B,30,0.112,-7.9,-4.74,17,1
P007,HRTF_B,30,0.128,-7.95,-4.91,17,1
P007,HRTF_B,30,0.143,-8.05,-5.03,17,1
P007,HRTF_B,30,0.159,-8.2,-5.13,17,1
P007,HRTF_B,30,0.174,-8.57,-5.34,17,1
P007,HRTF_B,30,0.19,-8.87,-5.48,17,1
P007,HRTF_B,30,0.205,-9.22,-5.61,17,1
P007,HRTF_B,30,0.221,-9.67,-5.68,17,1
P007,HRTF_B,30,0.236,-10.17,-5.77,17,1
P007,HRTF_B,30,0.251,-10.74,-5.94,17,1
P007,HRTF_B,30,0.269,-11.34,-6.14,17,1
P007,HRTF_B,30,0.284,-11.96,-6.35,17,1
P007,HRTF_B,30,0.3,-13.22,-6.74,17,1
P007,HRTF_B,30,0.315,-13.91,-6.87,17,1
P007,HRTF_B,30,0.33,-14.55,-6.96,17,1
P007,HRTF_B,30,0.346,-15.08,-7.1,17,1
P007,HRTF_B,30,0.361,-15.52,-7.21,17,1
P007,HRTF_B,30,0.377,-15.82,-7.29,17,1
P007,HRTF_B,30,0.393,-16.06,-7.3,17,1
P007,HRTF_B,30,0.41,-16.46,-7.19,17,1
P007,HRTF_B,30,0.426,-16.52,-7.14,17,1
P007,HRTF_B,30,0.441,-16.5,-7.16,17,1
P007,HRTF_B,30,0.456,-16.37,-7.15,17,1
P007,HRTF_B,30,0.472,-16.13,-7.08,17,1
P007,HRTF_B,30,0.487,-15.86,-6.96,17,1
P007,HRTF_B,30,0.503,-15.55,-6.82,17,1
P007,HRTF_B,30,0.518,-15.2,-6.73,17,1
P007,HRTF_B,30,0.534,-14.83,-6.7,17,1
P007,HRTF_B,30,0.551,-14.02,-6.6,17,1
P007,HRTF_B,30,0.566,-13.55,-6.53,17,1
P007,HRTF_B,30,0.582,-13.07,-6.45,17,1
P007,HRTF_B,30,0.597,-12.56,-6.42,17,1
P007,HRTF_B,30,0.613,-12.05,-6.4,17,1
P007,HRTF_B,30,0.628,-11.55,-6.38,17,1
P007,HRTF_B,30,0.643,-11.05,-6.37,17,1
P007,HRTF_B,30,0.658,-10.56,-6.33,17,1
P007,HRTF_B,30,0.674,-9.61,-6.24,17,1
P007,HRTF_B,30,0.689,-9.18,-6.16,17,1
P007,HRTF_B,30,0.706,-8.75,-6.08,17,1
P007,HRTF_B,30,0.721,-8.34,-6.01,17,1
P007,HRTF_B,30,0.736,-7.98,-5.95,17,1
P007,HRTF_B,30,0.752,-7.62,-5.93,17,1
P007,HRTF_B,30,0.768,-7.28,-6.01,17,1
P007,HRTF_B,30,0.784,-6.97,-6.12,17,1
P007,HRTF_B,30,0.799,-6.33,-6.37,17,1
P007,HRTF_B,30,0.814,-6.08,-6.64,17,1
P007,HRTF_B,30,0.83,-5.85,-7.1,17,1
P007,HRTF_B,30,0.847,-5.63,-7.75,17,1
P007,HRTF_B,30,0.863,-5.45,-8.47,17,1
P007,HRTF_B,30,0.878,-5.29,-9.12,17,1
P007,HRTF_B,30,0.894,-5.15,-9.77,17,1
P007,HRTF_B,30,0.909,-5.01,-10.51,17,1
P007,HRTF_B,30,0.925,-4.76,-12.01,17,1
P007,HRTF_B,30,0.941,-4.65,-12.67,17,1
P007,HRTF_B,30,0.957,-4.53,-13.23,17,1
P007,HRTF_B,30,0.972,-4.46,-13.66,17,1
P007,HRTF_B,30,0.989,-4.41,-14.08,17,1
P007,HRTF_B,30,1.005,-4.43,-14.55,17,1
P007,HRTF_B,30,1.021,-4.48,-15.04,17,1
P007,HRTF_B,30,1.036,-4.67,-15.94,17,1
P007,HRTF_B,30,1.052,-4.83,-16.27,17,1
P007,HRTF_B,30,1.067,-4.99,-16.55,17,1
P007,HRTF_B,30,1.082,-5.18,-16.82,17,1
P007,HRTF_B,30,1.097,-5.37,-17.12,17,1
P007,HRTF_B,30,1.113,-5.57,-17.41,17,1
P007,HRTF_B,30,1.129,-5.79,-17.66,17,1
P007,HRTF_B,30,1.146,-6.2,-18.08,17,1
P007,HRTF_B,30,1.161,-6.38,-18.19,17,1
P007,HRTF_B,30,1.176,-6.56,-18.27,17,1
P007,HRTF_B,30,1.191,-6.72,-18.33,17,1
P007,HRTF_B,30,1.207,-6.88,-18.38,17,1
P007,HRTF_B,30,1.222,-7.03,-18.42,17,1
P007,HRTF_B,30,1.237,-7.17,-18.44,17,1
P007,HRTF_B,30,1.253,-7.33,-18.44,17,1
P007,HRTF_B,30,1.269,-7.47,-18.41,17,1
P007,HRTF_B,30,1.286,-7.77,-18.39,17,1
P007,HRTF_B,30,1.301,-7.94,-18.44,17,1
P007,HRTF_B,30,1.317,-8.11,-18.5,17,1
P007,HRTF_B,30,1.332,-8.29,-18.54,17,1
P007,HRTF_B,30,1.348,-8.49,-18.58,17,1
P007,HRTF_B,30,1.363,-8.68,-18.61,17,1
P007,HRTF_B,30,1.378,-8.9,-18.63,17,1
P007,HRTF_B,30,1.394,-9.14,-18.62,17,1
P007,HRTF_B,30,1.409,-9.41,-18.63,17,1
P007,HRTF_B,30,1.425,-9.98,-18.65,17,1
P007,HRTF_B,30,1.442,-10.34,-18.67,17,1
P007,HRTF_B,30,1.457,-10.72,-18.7,17,1
P007,HRTF_B,30,1.472,-11.13,-18.69,17,1
P007,HRTF_B,30,1.488,-11.61,-18.67,17,1
P007,HRTF_B,30,1.504,-12.11,-18.61,17,1
P007,HRTF_B,30,1.519,-12.66,-18.56,17,1
P007,HRTF_B,30,1.534,-13.27,-18.51,17,1
P007,HRTF_B,30,1.549,-14.59,-18.4,17,1
P007,HRTF_B,30,1.564,-15.43,-18.34,17,1
P007,HRTF_B,30,1.585,-16.44,-18.26,17,1
P007,HRTF_B,30,1.602,-17.58,-18.21,17,1
P007,HRTF_B,30,1.617,-18.84,-18.16,17,1
P007,HRTF_B,30,1.632,-20.22,-18.08,17,1
P007,HRTF_B,30,1.647,-23.22,-17.9,17,1
P007,HRTF_B,30,1.663,-25.05,-17.79,17,1
P007,HRTF_B,30,1.678,-27.0,-17.69,17,1
P007,HRTF_B,30,1.694,-28.99,-17.63,17,1
P007,HRTF_B,30,1.709,-30.93,-17.52,17,1
P007,HRTF_B,30,1.725,-32.77,-17.39,17,1
P007,HRTF_B,30,1.742,-34.49,-17.27,17,1
P007,HRTF_B,30,1.757,-37.8,-16.96,17,1
P007,HRTF_B,30,1.772,-39.2,-16.77,17,1
P007,HRTF_B,30,1.787,-40.44,-16.56,17,1
P007,HRTF_B,30,1.802,-41.57,-16.34,17,1
P007,HRTF_B,30,1.818,-42.57,-16.1,17,1
P007,HRTF_B,30,1.834,-43.41,-15.85,17,1
P007,HRTF_B,30,1.849,-44.12,-15.6,17,1
P007,HRTF_B,30,1.865,-44.68,-15.4,17,1
P007,HRTF_B,30,1.881,-45.14,-15.17,17,1
P007,HRTF_B,30,1.898,-45.88,-14.71,17,1
P007,HRTF_B,30,1.913,-46.06,-14.45,17,1
P007,HRTF_B,30,1.928,-46.13,-14.19,17,1
P007,HRTF_B,30,1.944,-46.09,-13.96,17,1
P007,HRTF_B,30,1.959,-46.03,-13.79,17,1
P007,HRTF_B,30,1.975,-45.93,-13.68,17,1
P007,HRTF_B,30,1.99,-45.83,-13.58,17,1
P007,HRTF_B,30,2.007,-45.73,-13.47,17,1
P007,HRTF_B,30,2.022,-45.49,-13.2,17,1
P007,HRTF_B,30,2.039,-45.3,-13.04,17,1
P007,HRTF_B,30,2.055,-45.11,-12.91,17,1
P007,HRTF_B,30,2.07,-44.97,-12.82,17,1
P007,HRTF_B,30,2.086,-44.87,-12.73,17,1
P007,HRTF_B,30,2.101,-44.79,-12.62,17,1
P007,HRTF_B,30,2.116,-44.67,-12.49,17,1
P007,HRTF_B,30,2.131,-44.5,-12.35,17,1
P007,HRTF_B,30,2.146,-44.09,-12.04,17,1
P007,HRTF_B,30,2.161,-43.8,-11.85,17,1
P007,HRTF_B,30,2.178,-43.49,-11.67,17,1
P007,HRTF_B,30,2.194,-43.15,-11.5,17,1
P007,HRTF_B,30,2.209,-42.71,-11.36,17,1
P007,HRTF_B,30,2.224,-42.19,-11.22,17,1
P007,HRTF_B,30,2.239,-41.57,-11.12,17,1
P007,HRTF_B,30,2.254,-40.88,-11.06,17,1
P007,HRTF_B,30,2.269,-40.13,-11.02,17,1
P007,HRTF_B,30,2.285,-38.54,-10.99,17,1
P007,HRTF_B,30,2.3,-37.54,-11.06,17,1
P007,HRTF_B,30,2.316,-36.44,-11.16,17,1
P007,HRTF_B,30,2.332,-35.27,-11.23,17,1
P007,HRTF_B,30,2.347,-34.05,-11.28,17,1
P007,HRTF_B,30,2.363,-32.75,-11.24,17,1
P007,HRTF_B,30,2.378,-31.38,-11.17,17,1
P007,HRTF_B,30,2.394,-29.92,-11.08,17,1
P007,HRTF_B,30,2.41,-26.9,-10.9,17,1
P007,HRTF_B,30,2.425,-25.28,-10.74,17,1
P007,HRTF_B,30,2.441,-23.7,-10.49,17,1
P007,HRTF_B,30,2.456,-22.1,-10.18,17,1
P007,HRTF_B,30,2.473,-20.55,-9.85,17,1
P007,HRTF_B,30,2.489,-19.01,-9.51,17,1
P007,HRTF_B,30,2.504,-17.55,-9.18,17,1
P007,HRTF_B,30,2.519,-16.14,-8.85,17,1
P007,HRTF_B,30,2.535,-13.4,-8.17,17,1
P007,HRTF_B,30,2.55,-12.13,-7.8,17,1
P007,HRTF_B,30,2.565,-10.98,-7.42,17,1
P007,HRTF_B,30,2.581,-9.94,-7.03,17,1
P007,HRTF_B,30,2.596,-9.1,-6.63,17,1
P007,HRTF_B,30,2.614,-8.39,-6.24,17,1
P007,HRTF_B,30,2.631,-7.79,-5.86,17,1
P007,HRTF_B,30,2.646,-6.63,-5.13,17,1
P007,HRTF_B,30,2.661,-6.22,-4.78,17,1
P007,HRTF_B,30,2.676,-5.87,-4.45,17,1
P007,HRTF_B,30,2.692,-5.58,-4.14,17,1
P007,HRTF_B,30,2.707,-5.29,-3.9,17,1
P007,HRTF_B,30,2.723,-4.98,-3.66,17,1
P007,HRTF_B,30,2.739,-4.63,-3.43,17,1
P007,HRTF_B,30,2.757,-4.28,-3.18,17,1
P007,HRTF_B,30,2.772,-3.6,-2.72,17,1
P007,HRTF_B,30,2.788,-3.22,-2.59,17,1
P007,HRTF_B,30,2.803,-2.73,-2.55,17,1
P007,HRTF_B,30,2.818,-2.15,-2.51,17,1
P007,HRTF_B,30,2.834,-1.52,-2.49,17,1
P007,HRTF_B,30,2.85,-0.87,-2.39,17,1
P007,HRTF_B,30,2.866,-0.2,-2.28,17,1
P007,HRTF_B,30,2.881,0.5,-2.15,17,1
P007,HRTF_B,30,2.896,1.98,-1.93,17,1
P007,HRTF_B,30,2.914,2.88,-1.78,17,1
P007,HRTF_B,30,2.929,3.76,-1.69,17,1
P007,HRTF_B,30,2.945,4.7,-1.62,17,1
P007,HRTF_B,30,2.961,5.69,-1.52,17,1
P007,HRTF_B,30,2.977,6.75,-1.39,17,1
P007,HRTF_B,30,2.992,7.87,-1.26,17,1
P007,HRTF_B,30,3.007,10.18,-0.95,17,1
P007,HRTF_B,30,3.023,11.5,-0.79,17,1
P007,HRTF_B,30,3.038,12.87,-0.6,17,1
P007,HRTF_B,30,3.055,14.28,-0.45,17,1
P007,HRTF_B,30,3.071,15.8,-0.3,17,1
P007,HRTF_B,30,3.086,17.41,-0.2,17,1
P007,HRTF_B,30,3.102,19.09,-0.1,17,1
P007,HRTF_B,30,3.117,20.83,0.03,17,1
P007,HRTF_B,30,3.132,24.34,0.32,17,1
P007,HRTF_B,30,3.147,26.16,0.48,17,1
P007,HRTF_B,30,3.163,28.04,0.6,17,1
P007,HRTF_B,30,3.178,29.94,0.68,17,1
P007,HRTF_B,30,3.194,31.85,0.74,17,1
P007,HRTF_B,30,3.211,33.73,0.76,17,1
P007,HRTF_B,30,3.226,35.58,0.73,17,1
P007,HRTF_B,30,3.242,37.42,0.65,17,1
P007,HRTF_B,30,3.257,41.07,0.43,17,1
P007,HRTF_B,30,3.273,42.87,0.21,17,1
P007,HRTF_B,30,3.289,44.61,-0.05,17,1
P007,HRTF_B,30,3.305,46.32,-0.32,17,1
P007,HRTF_B,30,3.321,48.0,-0.58,17,1
P007,HRTF_B,30,3.336,49.66,-0.81,17,1
P007,HRTF_B,30,3.353,51.3,-1.05,17,1
P007,HRTF_B,30,3.369,54.6,-1.46,17,1
P007,HRTF_B,30,3.384,56.19,-1.6,17,1
P007,HRTF_B,30,3.4,57.76,-1.73,17,1
P007,HRTF_B,30,3.416,59.27,-1.87,17,1
P007,HRTF_B,30,3.432,60.75,-1.98,17,1
P007,HRTF_B,30,3.448,62.23,-2.14,17,1
P007,HRTF_B,30,3.464,63.67,-2.34,17,1
P007,HRTF_B,30,3.479,66.49,-2.68,17,1
P007,HRTF_B,30,3.495,67.78,-2.83,17,1
P007,HRTF_B,30,3.511,69.02,-2.95,17,1
P007,HRTF_B,30,3.527,70.22,-3.04,17,1
P007,HRTF_B,30,3.543,71.36,-3.09,17,1
P007,HRTF_B,30,3.558,72.46,-3.11,17,1
P007,HRTF_B,30,3.573,73.5,-3.1,17,1
P007,HRTF_B,30,3.588,74.48,-3.05,17,1
P007,HRTF_B,30,3.603,75.41,-3.0,17,1
P007,HRTF_B,30,3.618,77.21,-2.9,17,1
P007,HRTF_B,30,3.634,78.03,-2.79,17,1
P007,HRTF_B,30,3.651,78.8,-2.72,17,1
P007,HRTF_B,30,3.667,79.53,-2.61,17,1
P007,HRTF_B,30,3.683,80.25,-2.53,17,1
P007,HRTF_B,30,3.699,80.98,-2.47,17,1
P007,HRTF_B,30,3.715,81.74,-2.44,17,1
P007,HRTF_B,30,3.73,83.26,-2.4,17,1
P007,HRTF_B,30,3.746,84.1,-2.44,17,1
P007,HRTF_B,30,3.761,84.92,-2.48,17,1
P007,HRTF_B,30,3.776,85.81,-2.61,17,1
P007,HRTF_B,30,3.793,86.78,-2.75,17,1
P007,HRTF_B,30,3.808,87.82,-2.9,17,1
P007,HRTF_B,30,3.824,88.95,-3.05,17,1
P007,HRTF_B,30,3.84,90.11,-3.16,17,1
P007,HRTF_B,30,3.856,92.46,-3.33,17,1
P007,HRTF_B,30,3.872,93.69,-3.36,17,1
P007,HRTF_B,30,3.887,94.92,-3.37,17,1
P007,HRTF_B,30,3.903,96.16,-3.35,17,1
P007,HRTF_B,30,3.919,97.38,-3.35,17,1
P007,HRTF_B,30,3.935,98.56,-3.34,17,1
P007,HRTF_B,30,3.951,100.9,-3.3,17,1
P007,HRTF_B,30,3.967,102.0,-3.26,17,1
P007,HRTF_B,30,3.982,103.08,-3.19,17,1
P007,HRTF_B,30,3.998,104.11,-3.14,17,1
P007,HRTF_B,30,4.014,105.14,-3.07,17,1
P007,HRTF_B,30,4.03,106.13,-3.06,17,1
P007,HRTF_B,30,4.046,107.12,-3.08,17,1
P007,HRTF_B,30,4.061,108.07,-3.1,17,1
P007,HRTF_B,30,4.077,109.94,-3.11,17,1
P007,HRTF_B,30,4.093,110.81,-3.08,17,1
P007,HRTF_B,30,4.11,111.64,-3.1,17,1
P007,HRTF_B,30,4.125,112.45,-3.11,17,1
P007,HRTF_B,30,4.141,113.24,-3.15,17,1
P007,HRTF_B,30,4.157,113.99,-3.19,17,1
P007,HRTF_B,30,4.172,114.7,-3.22,17,1
P007,HRTF_B,30,4.188,116.05,-3.25,17,1
P007,HRTF_B,30,4.204,116.63,-3.21,17,1
P007,HRTF_B,30,4.219,117.17,-3.16,17,1
P007,HRTF_B,30,4.237,117.71,-3.07,17,1
P007,HRTF_B,30,4.253,118.18,-2.97,17,1
P007,HRTF_B,30,4.269,118.66,-2.85,17,1
P007,HRTF_B,30,4.284,119.55,-2.65,17,1
P007,HRTF_B,30,4.3,119.94,-2.6,17,1
P007,HRTF_B,30,4.315,120.34,-2.62,17,1
P007,HRTF_B,30,4.331,120.73,-2.66,17,1
P007,HRTF_B,30,4.347,121.12,-2.67,17,1
P007,HRTF_B,30,4.362,121.53,-2.64,17,1
P007,HRTF_B,30,4.378,121.92,-2.63,17,1
P007,HRTF_B,30,4.395,122.73,-2.61,17,1
P007,HRTF_B,30,4.411,123.21,-2.64,17,1
P007,HRTF_B,30,4.427,123.77,-2.68,17,1
P007,HRTF_B,30,4.443,124.34,-2.71,17,1
P007,HRTF_B,30,4.458,124.94,-2.71,17,1
P007,HRTF_B,30,4.474,125.55,-2.65,17,1
P007,HRTF_B,30,4.49,126.2,-2.61,17,1
P007,HRTF_B,30,4.505,126.88,-2.56,17,1
P007,HRTF_B,30,4.521,128.26,-2.4,17,1
P007,HRTF_B,30,4.542,129.01,-2.31,17,1
P007,HRTF_B,30,4.558,129.72,-2.18,17,1
P007,HRTF_B,30,4.573,130.41,-2.08,17,1
P007,HRTF_B,30,4.588,131.12,-1.97,17,1
P007,HRTF_B,30,4.604,132.49,-1.79,17,1
P007,HRTF_B,30,4.619,133.15,-1.7,17,1
P007,HRTF_B,30,4.635,133.78,-1.64,17,1
P007,HRTF_B,30,4.651,134.39,-1.55,17,1
P007,HRTF_B,30,4.667,134.97,-1.46,17,1
P007,HRTF_B,30,4.683,135.51,-1.38,17,1
P007,HRTF_B,30,4.701,136.56,-1.24,17,1
P007,HRTF_B,30,4.717,137.05,-1.24,17,1
P007,HRTF_B,30,4.732,137.5,-1.25,17,1
P007,HRTF_B,30,4.748,137.95,-1.27,17,1
P007,HRTF_B,30,4.764,138.38,-1.35,17,1
P007,HRTF_B,30,4.781,138.8,-1.41,17,1
P007,HRTF_B,30,4.796,139.21,-1.5,17,1
P007,HRTF_B,30,4.812,140.02,-1.69,17,1
P007,HRTF_B,30,4.827,140.43,-1.81,17,1
P007,HRTF_B,30,4.845,140.78,-1.99,17,1
P007,HRTF_B,30,4.862,141.16,-2.24,17,1
P007,HRTF_B,30,4.878,141.5,-2.54,17,1
P007,HRTF_B,30,4.894,141.79,-3.0,17,1
P007,HRTF_B,30,4.909,142.3,-4.3,17,1
P007,HRTF_B,30,4.926,142.42,-5.24,17,1
P007,HRTF_B,30,4.941,142.5,-6.16,17,1
P007,HRTF_B,30,4.958,142.56,-7.1,17,1
P007,HRTF_B,30,4.973,142.59,-8.22,17,1
P007,HRTF_B,30,4.99,142.6,-9.33,17,1
P007,HRTF_B,30,5.01,142.75,-11.26,17,1
P007,HRTF_B,30,5.026,142.99,-11.95,17,1
P007,HRTF_B,30,5.041,143.39,-12.52,17,1
P007,HRTF_B,30,5.057,143.89,-13.01,17,1
P007,HRTF_B,30,5.072,144.51,-13.35,17,1
P007,HRTF_B,30,5.088,145.22,-13.57,17,1
P007,HRTF_B,30,5.103,146.01,-13.68,17,1
P007,HRTF_B,30,5.118,147.63,-13.76,17,1
P007,HRTF_B,30,5.133,148.59,-13.63,17,1
P007,HRTF_B,30,5.15,149.62,-13.43,17,1
P007,HRTF_B,30,5.166,150.7,-13.24,17,1
P007,HRTF_B,30,5.181,151.81,-13.01,17,1
P007,HRTF_B,30,5.197,152.89,-12.72,17,1
P007,HRTF_B,30,5.212,153.96,-12.43,17,1
P007,HRTF_B,30,5.227,155.01,-12.13,17,1
P007,HRTF_B,30,5.243,157.06,-11.57,17,1
P007,HRTF_B,30,5.257,158.04,-11.28,17,1
P007,HRTF_B,30,5.273,158.93,-11.06,17,1
P007,HRTF_B,30,5.29,159.73,-10.81,17,1
P007,HRTF_B,30,5.306,160.46,-10.58,17,1
P007,HRTF_B,30,5.322,161.12,-10.37,17,1
P007,HRTF_B,30,5.337,161.72,-10.15,17,1
P007,HRTF_B,30,5.353,162.26,-9.95,17,1
P007,HRTF_B,30,5.368,163.32,-9.56,17,1
P007,HRTF_B,30,5.383,163.78,-9.38,17,1
P007,HRTF_B,30,5.398,164.22,-9.22,17,1
P007,HRTF_B,30,5.414,164.59,-9.05,17,1
P007,HRTF_B,30,5.429,164.96,-8.86,17,1
P007,HRTF_B,30,5.446,165.27,-8.66,17,1
P007,HRTF_B,30,5.461,165.59,-8.45,17,1
P007,HRTF_B,30,5.477,165.87,-8.22,17,1
P007,HRTF_B,30,5.493,166.41,-7.77,17,1
P007,HRTF_B,30,5.509,166.64,-7.52,17,1
P007,HRTF_B,30,5.525,166.88,-7.3,17,1
P007,HRTF_B,30,5.541,167.12,-7.12,17,1
P007,HRTF_B,30,5.556,167.36,-6.97,17,1
P007,HRTF_B,30,5.572,167.61,-6.84,17,1
P007,HRTF_B,30,5.59,168.05,-6.64,17,1
P007,HRTF_B,30,5.605,168.27,-6.57,17,1
P007,HRTF_B,30,5.622,168.47,-6.51,17,1
P007,HRTF_B,30,5.637,168.65,-6.44,17,1
P007,HRTF_B,30,5.652,168.83,-6.4,17,1
P007,HRTF_B,30,5.669,168.99,-6.38,17,1
P007,HRTF_B,30,5.684,169.15,-6.36,17,1
P007,HRTF_B,30,5.699,169.31,-6.36,17,1
P007,HRTF_B,30,5.714,169.47,-6.36,17,1
P007,HRTF_B,30,5.729,169.79,-6.32,17,1
P007,HRTF_B,30,5.747,169.95,-6.27,17,1
P007,HRTF_B,30,5.763,170.12,-6.24,17,1
P007,HRTF_B,30,5.778,170.29,-6.18,17,1
P007,HRTF_B,30,5.794,170.46,-6.11,17,1
P007,HRTF_B,30,5.81,170.63,-6.04,17,1
P007,HRTF_B,30,5.826,170.79,-5.99,17,1
P007,HRTF_B,30,5.841,171.08,-5.88,17,1
P007,HRTF_B,30,5.856,171.22,-5.87,17,1
P007,HRTF_B,30,5.871,171.34,-5.9,17,1
P007,HRTF_B,30,5.889,171.45,-5.94,17,1
P007,HRTF_B,30,5.905,171.53,-5.98,17,1
P007,HRTF_B,30,5.92,171.6,-5.99,17,1
P007,HRTF_B,30,5.936,171.64,-5.98,17,1
P007,HRTF_B,30,5.951,171.7,-5.9,17,1
P007,HRTF_B,30,5.967,171.72,-5.83,17,1
P007,HRTF_B,30,5.982,171.72,-5.79,17,1
P007,HRTF_B,30,5.998,171.72,-5.78,17,1
P007,HRTF_B,31,0.018,-6.86,-2.43,6,1
P007,HRTF_B,31,0.035,-6.54,-2.5,6,1
P007,HRTF_B,31,0.051,-6.23,-2.6,6,1
P007,HRTF_B,31,0.068,-5.97,-2.67,6,1
P007,HRTF_B,31,0.084,-5.71,-2.76,6,1
P007,HRTF_B,31,0.1,-5.25,-2.88,6,1
P007,HRTF_B,31,0.118,-5.13,-2.9,6,1
P007,HRTF_B,31,0.134,-5.04,-2.91,6,1
P007,HRTF_B,31,0.149,-4.98,-2.92,6,1
P007,HRTF_B,31,0.165,-4.92,-2.93,6,1
P007,HRTF_B,31,0.181,-4.87,-2.93,6,1
P007,HRTF_B,31,0.197,-4.77,-2.89,6,1
P007,HRTF_B,31,0.212,-4.77,-2.81,6,1
P007,HRTF_B,31,0.228,-4.77,-2.73,6,1
P007,HRTF_B,31,0.244,-4.74,-2.66,6,1
P007,HRTF_B,31,0.262,-4.66,-2.74,6,1
P007,HRTF_B,31,0.278,-4.51,-2.86,6,1
P007,HRTF_B,31,0.294,-4.13,-3.1,6,1
P007,HRTF_B,31,0.31,-3.81,-3.25,6,1
P007,HRTF_B,31,0.326,-3.46,-3.42,6,1
P007,HRTF_B,31,0.342,-3.11,-3.64,6,1
P007,HRTF_B,31,0.357,-2.72,-3.84,6,1
P007,HRTF_B,31,0.373,-2.29,-4.06,6,1
P007,HRTF_B,31,0.389,-1.82,-4.21,6,1
P007,HRTF_B,31,0.406,-0.88,-4.54,6,1
P007,HRTF_B,31,0.422,-0.36,-4.8,6,1
P007,HRTF_B,31,0.439,0.14,-5.01,6,1
P007,HRTF_B,31,0.455,0.65,-5.14,6,1
P007,HRTF_B,31,0.47,1.19,-5.27,6,1
P007,HRTF_B,31,0.486,1.78,-5.33,6,1
P007,HRTF_B,31,0.502,2.99,-5.42,6,1
P007,HRTF_B,31,0.518,3.65,-5.42,6,1
P007,HRTF_B,31,0.534,4.32,-5.4,6,1
P007,HRTF_B,31,0.552,5.06,-5.36,6,1
P007,HRTF_B,31,0.568,5.81,-5.35,6,1
P007,HRTF_B,31,0.584,6.56,-5.35,6,1
P007,HRTF_B,31,0.599,8.03,-5.44,6,1
P007,HRTF_B,31,0.615,8.74,-5.69,6,1
P007,HRTF_B,31,0.631,9.42,-5.95,6,1
P007,HRTF_B,31,0.647,10.08,-6.22,6,1
P007,HRTF_B,31,0.662,10.71,-6.46,6,1
P007,HRTF_B,31,0.678,11.32,-6.67,6,1
P007,HRTF_B,31,0.696,11.81,-6.91,6,1
P007,HRTF_B,31,0.711,12.74,-7.39,6,1
P007,HRTF_B,31,0.728,13.07,-7.6,6,1
P007,HRTF_B,31,0.744,13.36,-7.82,6,1
P007,HRTF_B,32,0.018,-11.14,-2.76,21,1
P007,HRTF_B,32,0.034,-11.41,-2.9,21,1
P007,HRTF_B,32,0.052,-11.97,-3.18,21,1
P007,HRTF_B,32,0.068,-12.26,-3.29,21,1
P007,HRTF_B,32,0.085,-12.56,-3.38,21,1
P007,HRTF_B,32,0.101,-12.87,-3.48,21,1
P007,HRTF_B,32,0.117,-13.19,-3.55,21,1
P007,HRTF_B,32,0.134,-13.86,-3.71,21,1
P007,HRTF_B,32,0.15,-14.25,-3.81,21,1
P007,HRTF_B,32,0.167,-14.71,-3.99,21,1
P007,HRTF_B,32,0.184,-15.19,-4.2,21,1
P007,HRTF_B,32,0.201,-15.7,-4.4,21,1
P007,HRTF_B,32,0.217,-16.75,-4.87,21,1
P007,HRTF_B,32,0.233,-17.33,-5.17,21,1
P007,HRTF_B,32,0.25,-17.93,-5.47,21,1
P007,HRTF_B,32,0.266,-18.57,-5.81,21,1
P007,HRTF_B,32,0.282,-19.21,-6.13,21,1
P007,HRTF_B,32,0.299,-19.89,-6.41,21,1
P007,HRTF_B,32,0.315,-21.33,-6.87,21,1
P007,HRTF_B,32,0.333,-22.12,-7.0,21,1
P007,HRTF_B,32,0.35,-22.92,-7.14,21,1
P007,HRTF_B,32,0.366,-23.67,-7.29,21,1
P007,HRTF_B,32,0.382,-24.37,-7.4,21,1
P007,HRTF_B,32,0.398,-25.76,-7.6,21,1
P007,HRTF_B,32,0.414,-26.39,-7.65,21,1
P007,HRTF_B,32,0.431,-27.02,-7.66,21,1
P007,HRTF_B,32,0.448,-27.64,-7.71,21,1
P007,HRTF_B,32,0.464,-28.23,-7.75,21,1
P007,HRTF_B,32,0.482,-29.34,-7.84,21,1
P007,HRTF_B,32,0.498,-29.76,-7.82,21,1
P007,HRTF_B,32,0.514,-30.2,-7.83,21,1
P007,HRTF_B,32,0.53,-30.58,-7.84,21,1
P007,HRTF_B,32,0.547,-30.92,-7.84,21,1
P007,HRTF_B,32,0.562,-31.2,-7.81,21,1
P007,HRTF_B,32,0.578,-31.61,-7.77,21,1
P007,HRTF_B,32,0.594,-31.63,-7.75,21,1
P007,HRTF_B,32,0.611,-31.47,-7.76,21,1
P007,HRTF_B,32,0.629,-31.17,-7.79,21,1
P007,HRTF_B,32,0.645,-30.71,-7.84,21,1
P007,HRTF_B,32,0.661,-29.52,-7.98,21,1
P007,HRTF_B,32,0.677,-28.44,-8.12,21,1
P007,HRTF_B,32,0.695,-27.17,-8.33,21,1
P007,HRTF_B,32,0.711,-25.71,-8.56,21,1
P007,HRTF_B,32,0.728,-24.07,-8.8,21,1
P007,HRTF_B,32,0.744,-20.57,-9.32,21,1
P007,HRTF_B,32,0.761,-18.39,-9.73,21,1
P007,HRTF_B,32,0.778,-16.02,-10.16,21,1
P007,HRTF_B,32,0.795,-13.63,-10.56,21,1
P007,HRTF_B,32,0.811,-11.21,-10.9,21,1
P007,HRTF_B,32,0.828,-6.28,-11.65,21,1
P007,HRTF_B,32,0.845,-3.68,-12.08,21,1
P007,HRTF_B,32,0.861,-1.05,-12.51,21,1
P007,HRTF_B,32,0.877,1.58,-12.95,21,1
P007,HRTF_B,32,0.894,4.12,-13.4,21,1
P007,HRTF_B,32,0.91,6.56,-13.89,21,1
P007,HRTF_B,32,0.928,11.28,-14.84,21,1
P007,HRTF_B,32,0.944,13.44,-15.25,21,1
P007,HRTF_B,32,0.959,15.54,-15.58,21,1
P007,HRTF_B,32,0.976,17.51,-15.82,21,1
P007,HRTF_B,32,0.992,19.43,-16.05,21,1
P007,HRTF_B,32,1.007,21.3,-16.27,21,1
P007,HRTF_B,32,1.024,25.01,-16.69,21,1
P007,HRTF_B,32,1.04,26.8,-16.83,21,1
P007,HRTF_B,32,1.058,28.55,-16.97,21,1
P007,HRTF_B,32,1.074,30.26,-17.08,21,1
P007,HRTF_B,32,1.09,31.98,-17.24,21,1
P007,HRTF_B,32,1.107,35.39,-17.54,21,1
P007,HRTF_B,32,1.122,37.09,-17.67,21,1
P007,HRTF_B,32,1.139,38.7,-17.76,21,1
P007,HRTF_B,32,1.155,40.34,-17.94,21,1
P007,HRTF_B,32,1.171,41.96,-18.21,21,1
P007,HRTF_B,32,1.187,43.58,-18.6,21,1
P007,HRTF_B,32,1.204,46.87,-19.57,21,1
P007,HRTF_B,32,1.221,48.51,-20.22,21,1
P007,HRTF_B,32,1.237,50.21,-20.83,21,1
P007,HRTF_B,32,1.254,51.9,-21.4,21,1
P007,HRTF_B,32,1.271,53.55,-21.9,21,1
P007,HRTF_B,32,1.287,56.78,-22.93,21,1
P007,HRTF_B,32,1.303,58.3,-23.49,21,1
P007,HRTF_B,32,1.32,59.78,-24.07,21,1
P007,HRTF_B,32,1.336,61.2,-24.7,21,1
P007,HRTF_B,32,1.353,62.6,-25.35,21,1
P007,HRTF_B,32,1.369,65.37,-26.62,21,1
P007,HRTF_B,32,1.385,66.7,-27.18,21,1
P007,HRTF_B,32,1.401,67.98,-27.69,21,1
P007,HRTF_B,32,1.417,69.22,-28.18,21,1
P007,HRTF_B,32,1.434,70.4,-28.65,21,1
P007,HRTF_B,32,1.449,71.49,-29.13,21,1
P007,HRTF_B,32,1.465,72.52,-29.59,21,1
P007,HRTF_B,32,1.481,74.46,-30.48,21,1
P007,HRTF_B,32,1.498,75.22,-30.83,21,1
P007,HRTF_B,32,1.515,75.88,-31.23,21,1
P007,HRTF_B,32,1.531,76.49,-31.67,21,1
P007,HRTF_B,32,1.548,77.02,-32.14,21,1
P007,HRTF_B,32,1.563,78.03,-33.12,21,1
P007,HRTF_B,32,1.58,78.42,-33.66,21,1
P007,HRTF_B,32,1.596,78.84,-34.16,21,1
P007,HRTF_B,32,1.613,79.3,-34.68,21,1
P007,HRTF_B,32,1.63,79.75,-35.2,21,1
P007,HRTF_B,32,1.648,80.58,-36.35,21,1
P007,HRTF_B,32,1.664,80.97,-36.99,21,1
P007,HRTF_B,32,1.68,81.34,-37.62,21,1
P007,HRTF_B,32,1.696,81.77,-38.28,21,1
P007,HRTF_B,32,1.712,82.14,-38.91,21,1
P007,HRTF_B,32,1.728,82.47,-39.47,21,1
P007,HRTF_B,32,1.744,83.1,-40.61,21,1
P007,HRTF_B,32,1.76,83.34,-41.17,21,1
P007,HRTF_B,32,1.776,83.46,-41.82,21,1
P007,HRTF_B,32,1.794,83.56,-42.54,21,1
P007,HRTF_B,32,1.81,83.66,-43.19,21,1
P007,HRTF_B,32,1.826,83.8,-43.78,21,1
P007,HRTF_B,32,1.841,84.09,-44.93,21,1
P007,HRTF_B,32,1.858,84.28,-45.44,21,1
P007,HRTF_B,32,1.874,84.41,-46.02,21,1
P007,HRTF_B,32,1.89,84.6,-46.6,21,1
P007,HRTF_B,32,1.907,84.84,-47.11,21,1
P007,HRTF_B,32,1.926,85.1,-47.54,21,1
P007,HRTF_B,32,1.944,85.73,-48.28,21,1
P007,HRTF_B,32,1.961,86.05,-48.65,21,1
P007,HRTF_B,32,1.977,86.3,-49.07,21,1
P007,HRTF_B,32,1.993,86.55,-49.46,21,1
P007,HRTF_B,32,2.01,87.03,-50.17,21,1
P007,HRTF_B,32,2.026,87.3,-50.5,21,1
P007,HRTF_B,32,2.042,87.53,-50.83,21,1
P007,HRTF_B,32,2.058,87.73,-51.13,21,1
P007,HRTF_B,32,2.073,87.92,-51.38,21,1
P007,HRTF_B,32,2.091,88.13,-51.58,21,1
P007,HRTF_B,32,2.108,88.56,-51.98,21,1
P007,HRTF_B,32,2.124,88.75,-52.12,21,1
P007,HRTF_B,32,2.141,88.89,-52.24,21,1
P007,HRTF_B,32,2.157,89.04,-52.32,21,1
P007,HRTF_B,32,2.174,89.22,-52.35,21,1
P007,HRTF_B,32,2.189,89.67,-52.38,21,1
P007,HRTF_B,32,2.206,89.99,-52.41,21,1
P007,HRTF_B,32,2.222,90.27,-52.33,21,1
P007,HRTF_B,32,2.24,90.5,-52.17,21,1
P007,HRTF_B,32,2.257,90.72,-51.91,21,1
P007,HRTF_B,32,2.274,91.26,-51.22,21,1
P007,HRTF_B,32,2.29,91.63,-50.59,21,1
P007,HRTF_B,32,2.306,91.98,-49.86,21,1
P007,HRTF_B,32,2.322,92.26,-49.03,21,1
P007,HRTF_B,32,2.339,92.52,-48.08,21,1
P007,HRTF_B,32,2.355,93.11,-45.93,21,1
P007,HRTF_B,32,2.371,93.37,-44.54,21,1
P007,HRTF_B,32,2.389,93.56,-42.86,21,1
P007,HRTF_B,32,2.405,93.68,-41.03,21,1
P007,HRTF_B,32,2.421,93.74,-39.16,21,1
P007,HRTF_B,32,2.437,93.82,-37.24,21,1
P007,HRTF_B,32,2.453,94.04,-33.37,21,1
P007,HRTF_B,32,2.469,94.19,-31.39,21,1
P007,HRTF_B,32,2.486,94.33,-29.41,21,1
P007,HRTF_B,32,2.502,94.48,-27.49,21,1
P007,HRTF_B,32,2.518,94.63,-25.64,21,1
P007,HRTF_B,32,2.536,95.01,-22.1,21,1
P007,HRTF_B,32,2.552,95.28,-20.43,21,1
P007,HRTF_B,32,2.569,95.55,-18.79,21,1
P007,HRTF_B,32,2.585,95.82,-17.16,21,1
P007,HRTF_B,32,2.601,96.11,-15.55,21,1
P007,HRTF_B,32,2.617,96.38,-13.98,21,1
P007,HRTF_B,32,2.633,97.04,-10.94,21,1
P007,HRTF_B,32,2.649,97.43,-9.48,21,1
P007,HRTF_B,32,2.666,97.86,-8.07,21,1
P007,HRTF_B,32,2.684,98.32,-6.67,21,1
P007,HRTF_B,32,2.7,98.82,-5.33,21,1
P007,HRTF_B,32,2.716,99.84,-2.76,21,1
P007,HRTF_B,32,2.732,100.43,-1.6,21,1
P007,HRTF_B,32,2.749,101.03,-0.47,21,1
P007,HRTF_B,32,2.765,101.65,0.56,21,1
P007,HRTF_B,32,2.781,102.25,1.55,21,1
P007,HRTF_B,32,2.798,102.85,2.36,21,1
P007,HRTF_B,32,2.816,103.98,3.8,21,1
P007,HRTF_B,32,2.833,104.5,4.32,21,1
P007,HRTF_B,32,2.849,104.96,4.81,21,1
P007,HRTF_B,32,2.866,105.39,5.18,21,1
P007,HRTF_B,32,2.881,105.85,5.43,21,1
P007,HRTF_B,32,2.897,106.84,5.84,21,1
P007,HRTF_B,32,2.913,107.44,5.98,21,1
P007,HRTF_B,32,2.93,108.06,6.14,21,1
P007,HRTF_B,32,2.946,108.74,6.26,21,1
P007,HRTF_B,32,2.965,109.47,6.31,21,1
P007,HRTF_B,32,2.981,110.98,6.38,21,1
P007,HRTF_B,32,2.998,111.87,6.35,21,1
P007,HRTF_B,32,3.015,112.8,6.31,21,1
P007,HRTF_B,32,3.031,113.76,6.2,21,1
P007,HRTF_B,32,3.047,114.8,6.05,21,1
P007,HRTF_B,32,3.063,117.02,5.7,21,1
P007,HRTF_B,32,3.08,118.29,5.44,21,1
P007,HRTF_B,32,3.097,119.65,5.15,21,1
P007,HRTF_B,32,3.114,121.13,4.83,21,1
P007,HRTF_B,32,3.13,122.61,4.54,21,1
P007,HRTF_B,32,3.146,125.72,3.93,21,1
P007,HRTF_B,32,3.162,127.51,3.63,21,1
P007,HRTF_B,32,3.179,129.37,3.27,21,1
P007,HRTF_B,32,3.196,131.33,2.9,21,1
P007,HRTF_B,32,3.212,133.34,2.57,21,1
P007,HRTF_B,32,3.229,135.43,2.26,21,1
P007,HRTF_B,32,3.245,139.68,1.64,21,1
P007,HRTF_B,32,3.263,141.94,1.26,21,1
P007,HRTF_B,32,3.279,144.18,0.87,21,1
P007,HRTF_B,32,3.296,146.46,0.47,21,1
P007,HRTF_B,32,3.312,148.72,0.08,21,1
P007,HRTF_B,32,3.328,153.25,-0.71,21,1
P007,HRTF_B,32,3.344,155.52,-1.13,21,1
P007,HRTF_B,32,3.36,157.73,-1.53,21,1
P007,HRTF_B,32,3.376,159.91,-1.87,21,1
P007,HRTF_B,32,3.393,162.04,-2.2,21,1
P007,HRTF_B,32,3.41,166.24,-2.85,21,1
P007,HRTF_B,32,3.426,168.23,-3.16,21,1
P007,HRTF_B,32,3.442,170.11,-3.42,21,1
P007,HRTF_B,32,3.459,171.86,-3.58,21,1
P007,HRTF_B,32,3.475,173.47,-3.7,21,1
P007,HRTF_B,32,3.492,174.97,-3.78,21,1
P007,HRTF_B,32,3.508,177.77,-3.92,21,1
P007,HRTF_B,32,3.524,178.89,-3.92,21,1
P007,HRTF_B,32,3.54,179.86,-3.91,21,1
P007,HRTF_B,32,3.558,-179.29,-3.88,21,1
P007,HRTF_B,32,3.575,-178.51,-3.85,21,1
P007,HRTF_B,32,3.591,-177.05,-3.77,21,1
P007,HRTF_B,32,3.607,-176.49,-3.66,21,1
P007,HRTF_B,32,3.623,-176.01,-3.54,21,1
P007,HRTF_B,32,3.639,-175.59,-3.4,21,1
P007,HRTF_B,32,3.656,-175.24,-3.26,21,1
P007,HRTF_B,32,3.673,-174.87,-3.14,21,1
P007,HRTF_B,32,3.691,-174.18,-2.91,21,1
P007,HRTF_B,32,3.708,-173.91,-2.72,21,1
P007,HRTF_B,32,3.724,-173.69,-2.5,21,1
P007,HRTF_B,32,3.74,-173.53,-2.31,21,1
P007,HRTF_B,32,3.755,-173.34,-2.17,21,1
P007,HRTF_B,32,3.772,-172.87,-2.01,21,1
P007,HRTF_B,32,3.789,-172.52,-2.01,21,1
P007,HRTF_B,32,3.805,-172.13,-1.97,21,1
P007,HRTF_B,32,3.822,-171.7,-1.88,21,1
P007,HRTF_B,32,3.84,-171.24,-1.81,21,1
P007,HRTF_B,32,3.856,-170.24,-1.73,21,1
P007,HRTF_B,32,3.873,-169.61,-1.71,21,1
P007,HRTF_B,32,3.889,-168.92,-1.64,21,1
P007,HRTF_B,32,3.905,-168.21,-1.53,21,1
P007,HRTF_B,32,3.921,-167.51,-1.44,21,1
P007,HRTF_B,32,3.937,-166.8,-1.41,21,1
P007,HRTF_B,32,3.953,-165.31,-1.4,21,1
P007,HRTF_B,32,3.969,-164.48,-1.46,21,1
P007,HRTF_B,32,3.987,-163.65,-1.46,21,1
P007,HRTF_B,32,4.003,-162.82,-1.45,21,1
P007,HRTF_B,32,4.019,-162.05,-1.47,21,1
P007,HRTF_B,32,4.035,-160.53,-1.5,21,1
P007,HRTF_B,32,4.051,-159.81,-1.57,21,1
P007,HRTF_B,32,4.067,-159.13,-1.65,21,1
P007,HRTF_B,32,4.083,-158.43,-1.72,21,1
P007,HRTF_B,32,4.1,-157.79,-1.81,21,1
P007,HRTF_B,32,4.117,-157.19,-1.91,21,1
P007,HRTF_B,32,4.135,-156.04,-2.11,21,1
P007,HRTF_B,32,4.151,-155.52,-2.25,21,1
P007,HRTF_B,32,4.168,-155.03,-2.36,21,1
P007,HRTF_B,32,4.184,-154.56,-2.47,21,1
P007,HRTF_B,32,4.2,-154.11,-2.57,21,1
P007,HRTF_B,32,4.216,-153.23,-2.78,21,1
P007,HRTF_B,32,4.232,-152.83,-2.88,21,1
P007,HRTF_B,32,4.248,-152.47,-3.05,21,1
P007,HRTF_B,32,4.265,-152.12,-3.2,21,1
P007,HRTF_B,32,4.282,-151.77,-3.38,21,1
P007,HRTF_B,32,4.298,-151.44,-3.53,21,1
P007,HRTF_B,32,4.314,-150.8,-3.8,21,1
P007,HRTF_B,32,4.332,-150.55,-3.84,21,1
P007,HRTF_B,32,4.348,-150.28,-3.86,21,1
P007,HRTF_B,32,4.364,-150.03,-3.88,21,1
P007,HRTF_B,32,4.38,-149.78,-3.9,21,1
P007,HRTF_B,32,4.396,-149.25,-3.96,21,1
P007,HRTF_B,32,4.412,-148.98,-4.0,21,1
P007,HRTF_B,32,4.43,-148.73,-3.99,21,1
P007,HRTF_B,32,4.447,-148.48,-3.95,21,1
P007,HRTF_B,32,4.463,-148.22,-3.93,21,1
P007,HRTF_B,32,4.479,-147.69,-3.87,21,1
P007,HRTF_B,32,4.495,-147.36,-3.83,21,1
P007,HRTF_B,32,4.511,-147.02,-3.81,21,1
P007,HRTF_B,32,4.527,-146.62,-3.78,21,1
P007,HRTF_B,32,4.544,-146.2,-3.74,21,1
P007,HRTF_B,33,0.019,-9.53,-2.02,20,1
P007,HRTF_B,33,0.036,-8.9,-2.06,20,1
P007,HRTF_B,33,0.053,-8.6,-2.03,20,1
P007,HRTF_B,33,0.071,-8.29,-1.95,20,1
P007,HRTF_B,33,0.088,-7.97,-1.89,20,1
P007,HRTF_B,33,0.105,-7.33,-1.83,20,1
P007,HRTF_B,33,0.121,-6.98,-1.87,20,1
P007,HRTF_B,33,0.137,-6.63,-1.89,20,1
P007,HRTF_B,33,0.154,-6.29,-1.91,20,1
P007,HRTF_B,33,0.17,-5.96,-1.91,20,1
P007,HRTF_B,33,0.187,-5.34,-1.96,20,1
P007,HRTF_B,33,0.205,-5.04,-1.99,20,1
P007,HRTF_B,33,0.222,-4.75,-2.01,20,1
P007,HRTF_B,33,0.238,-4.5,-1.99,20,1
P007,HRTF_B,33,0.255,-4.26,-1.91,20,1
P007,HRTF_B,33,0.271,-3.82,-1.82,20,1
P007,HRTF_B,33,0.288,-3.65,-1.96,20,1
P007,HRTF_B,33,0.305,-3.47,-2.15,20,1
P007,HRTF_B,33,0.321,-3.29,-2.28,20,1
P007,HRTF_B,33,0.338,-3.14,-2.36,20,1
P007,HRTF_B,33,0.356,-2.89,-2.45,20,1
P007,HRTF_B,33,0.373,-2.81,-2.49,20,1
P007,HRTF_B,33,0.391,-2.72,-2.61,20,1
P007,HRTF_B,33,0.407,-2.63,-2.8,20,1
P007,HRTF_B,33,0.424,-2.44,-3.15,20,1
P007,HRTF_B,33,0.441,-2.34,-3.3,20,1
P007,HRTF_B,33,0.459,-2.27,-3.43,20,1
P007,HRTF_B,33,0.475,-2.19,-3.6,20,1
P007,HRTF_B,33,0.494,-2.0,-4.04,20,1
P007,HRTF_B,33,0.511,-1.86,-4.29,20,1
P007,HRTF_B,33,0.527,-1.72,-4.44,20,1
P007,HRTF_B,33,0.545,-1.55,-4.51,20,1
P007,HRTF_B,33,0.561,-1.21,-4.58,20,1
P007,HRTF_B,33,0.578,-1.02,-4.5,20,1
P007,HRTF_B,33,0.595,-0.81,-4.48,20,1
P007,HRTF_B,33,0.611,-0.59,-4.57,20,1
P007,HRTF_B,33,0.628,-0.34,-4.68,20,1
P007,HRTF_B,33,0.646,0.18,-4.78,20,1
P007,HRTF_B,33,0.664,0.49,-4.78,20,1
P007,HRTF_B,33,0.68,0.8,-4.85,20,1
P007,HRTF_B,33,0.697,1.11,-4.95,20,1
P007,HRTF_B,33,0.713,1.45,-5.06,20,1
P007,HRTF_B,33,0.73,2.12,-5.23,20,1
P007,HRTF_B,33,0.747,2.45,-5.29,20,1
P007,HRTF_B,33,0.763,2.76,-5.37,20,1
P007,HRTF_B,33,0.781,3.05,-5.47,20,1
P007,HRTF_B,33,0.798,3.62,-5.72,20,1
P007,HRTF_B,33,0.815,3.86,-5.87,20,1
P007,HRTF_B,33,0.832,4.07,-6.02,20,1
P007,HRTF_B,33,0.848,4.27,-6.19,20,1
P007,HRTF_B,33,0.865,4.42,-6.37,20,1
P007,HRTF_B,33,0.881,4.73,-6.79,20,1
P007,HRTF_B,33,0.898,4.85,-7.04,20,1
P007,HRTF_B,33,0.914,4.97,-7.27,20,1
P007,HRTF_B,33,0.936,5.07,-7.44,20,1
P007,HRTF_B,33,0.953,5.26,-7.74,20,1
P007,HRTF_B,33,0.971,5.32,-7.81,20,1
P007,HRTF_B,33,0.987,5.38,-7.88,20,1
P007,HRTF_B,33,1.004,5.43,-7.93,20,1
P007,HRTF_B,33,1.02,5.53,-8.01,20,1
P007,HRTF_B,33,1.037,5.56,-8.03,20,1
P007,HRTF_B,33,1.054,5.58,-8.04,20,1
P007,HRTF_B,33,1.07,5.6,-8.03,20,1
P007,HRTF_B,33,1.089,5.6,-7.99,20,1
P007,HRTF_B,33,1.105,5.61,-7.9,20,1
P007,HRTF_B,33,1.122,5.6,-7.84,20,1
P007,HRTF_B,33,1.138,5.59,-7.8,20,1
P007,HRTF_B,33,1.154,5.57,-7.75,20,1
P007,HRTF_B,33,1.172,5.55,-7.68,20,1
P007,HRTF_B,33,1.189,5.51,-7.52,20,1
P007,HRTF_B,33,1.206,5.47,-7.44,20,1
P007,HRTF_B,33,1.223,5.44,-7.39,20,1
P007,HRTF_B,33,1.241,5.4,-7.35,20,1
P007,HRTF_B,33,1.258,5.34,-7.24,20,1
P007,HRTF_B,33,1.275,5.31,-7.14,20,1
P007,HRTF_B,33,1.291,5.27,-7.04,20,1
P007,HRTF_B,33,1.308,5.25,-6.93,20,1
P007,HRTF_B,33,1.324,5.25,-6.88,20,1
P007,HRTF_B,33,1.341,5.3,-6.92,20,1
P007,HRTF_B,33,1.357,5.4,-7.03,20,1
P007,HRTF_B,33,1.382,5.6,-7.24,20,1
P007,HRTF_B,33,1.399,5.72,-7.36,20,1
P007,HRTF_B,33,1.416,5.85,-7.45,20,1
P007,HRTF_B,33,1.433,5.98,-7.52,20,1
P007,HRTF_B,33,1.45,6.11,-7.51,20,1
P007,HRTF_B,33,1.466,6.39,-7.38,20,1
P007,HRTF_B,33,1.483,6.52,-7.1,20,1
P007,HRTF_B,33,1.499,6.63,-6.75,20,1
P007,HRTF_B,33,1.516,6.77,-6.4,20,1
P007,HRTF_B,33,1.534,7.08,-5.77,20,1
P007,HRTF_B,33,1.55,7.28,-5.54,20,1
P007,HRTF_B,33,1.567,7.54,-5.23,20,1
P007,HRTF_B,33,1.583,7.81,-4.94,20,1
P007,HRTF_B,33,1.6,8.1,-4.68,20,1
P007,HRTF_B,33,1.616,8.79,-4.29,20,1
P007,HRTF_B,33,1.633,9.25,-4.19,20,1
P007,HRTF_B,33,1.65,9.74,-4.14,20,1
P007,HRTF_B,33,1.668,10.27,-4.13,20,1
P007,HRTF_B,33,1.684,10.8,-4.1,20,1
P007,HRTF_B,33,1.701,11.8,-4.04,20,1
P007,HRTF_B,33,1.717,12.29,-4.07,20,1
P007,HRTF_B,33,1.733,12.77,-4.17,20,1
P007,HRTF_B,33,1.749,13.22,-4.26,20,1
P007,HRTF_B,33,1.766,13.69,-4.3,20,1
P007,HRTF_B,33,1.783,14.14,-4.31,20,1
P007,HRTF_B,33,1.799,15.03,-4.37,20,1
P007,HRTF_B,33,1.818,15.47,-4.42,20,1
P007,HRTF_B,33,1.834,15.95,-4.49,20,1
P007,HRTF_B,33,1.851,16.45,-4.57,20,1
P007,HRTF_B,33,1.867,17.54,-4.83,20,1
P007,HRTF_B,33,1.884,18.18,-5.04,20,1
P007,HRTF_B,33,1.9,18.85,-5.3,20,1
P007,HRTF_B,33,1.918,19.54,-5.5,20,1
P007,HRTF_B,33,1.934,20.27,-5.72,20,1
P007,HRTF_B,33,1.953,21.74,-6.3,20,1
P007,HRTF_B,33,1.97,22.59,-6.63,20,1
P007,HRTF_B,33,1.987,23.47,-7.13,20,1
P007,HRTF_B,33,2.004,24.38,-7.91,20,1
P007,HRTF_B,33,2.021,26.2,-9.96,20,1
P007,HRTF_B,33,2.038,27.11,-11.46,20,1
P007,HRTF_B,33,2.054,28.1,-12.54,20,1
P007,HRTF_B,33,2.072,29.11,-13.25,20,1
P007,HRTF_B,33,2.088,30.14,-13.74,20,1
P007,HRTF_B,33,2.107,32.12,-14.75,20,1
P007,HRTF_B,33,2.124,33.02,-15.34,20,1
P007,HRTF_B,33,2.141,33.91,-16.0,20,1
P007,HRTF_B,33,2.157,34.84,-16.63,20,1
P007,HRTF_B,33,2.174,36.7,-17.83,20,1
P007,HRTF_B,33,2.19,37.67,-18.48,20,1
P007,HRTF_B,33,2.207,38.62,-19.13,20,1
P007,HRTF_B,33,2.223,39.59,-19.75,20,1
P007,HRTF_B,33,2.24,40.53,-20.4,20,1
P007,HRTF_B,33,2.258,42.44,-21.74,20,1
P007,HRTF_B,33,2.274,43.44,-22.57,20,1
P007,HRTF_B,33,2.29,44.47,-23.46,20,1
P007,HRTF_B,33,2.307,45.52,-24.27,20,1
P007,HRTF_B,33,2.323,46.61,-24.99,20,1
P007,HRTF_B,33,2.34,48.82,-26.46,20,1
P007,HRTF_B,33,2.356,49.95,-27.2,20,1
P007,HRTF_B,33,2.373,51.05,-27.93,20,1
P007,HRTF_B,33,2.392,52.1,-28.54,20,1
P007,HRTF_B,33,2.409,54.21,-29.74,20,1
P007,HRTF_B,33,2.425,55.21,-30.34,20,1
P007,HRTF_B,33,2.441,56.22,-31.02,20,1
P007,HRTF_B,33,2.458,57.22,-31.65,20,1
P007,HRTF_B,33,2.474,58.22,-32.19,20,1
P007,HRTF_B,33,2.491,59.16,-32.67,20,1
P007,HRTF_B,33,2.508,61.06,-33.65,20,1
P007,HRTF_B,33,2.524,61.95,-34.22,20,1
P007,HRTF_B,33,2.543,62.77,-34.78,20,1
P007,HRTF_B,33,2.559,63.55,-35.28,20,1
P007,HRTF_B,33,2.576,65.03,-36.21,20,1
P007,HRTF_B,33,2.592,65.67,-36.68,20,1
P007,HRTF_B,33,2.609,66.24,-37.19,20,1
P007,HRTF_B,33,2.626,66.79,-37.72,20,1
P007,HRTF_B,33,2.642,67.27,-38.22,20,1
P007,HRTF_B,33,2.658,68.17,-39.19,20,1
P007,HRTF_B,33,2.676,68.49,-39.65,20,1
P007,HRTF_B,33,2.694,68.81,-40.11,20,1
P007,HRTF_B,33,2.711,69.11,-40.59,20,1
P007,HRTF_B,33,2.728,69.72,-41.52,20,1
P007,HRTF_B,33,2.745,69.98,-41.92,20,1
P007,HRTF_B,33,2.762,70.2,-42.31,20,1
P007,HRTF_B,33,2.778,70.41,-42.74,20,1
P007,HRTF_B,33,2.795,70.59,-43.2,20,1
P007,HRTF_B,33,2.812,70.98,-44.12,20,1
P007,HRTF_B,33,2.831,71.17,-44.54,20,1
P007,HRTF_B,33,2.847,71.35,-44.88,20,1
P007,HRTF_B,33,2.863,71.63,-45.24,20,1
P007,HRTF_B,33,2.88,71.93,-45.55,20,1
P007,HRTF_B,33,2.896,72.46,-46.18,20,1
P007,HRTF_B,33,2.912,72.78,-46.44,20,1
P007,HRTF_B,33,2.929,73.12,-46.72,20,1
P007,HRTF_B,33,2.945,73.53,-47.02,20,1
P007,HRTF_B,33,2.962,73.94,-47.36,20,1
P007,HRTF_B,33,2.981,74.82,-48.08,20,1
P007,HRTF_B,33,2.998,75.27,-48.43,20,1
P007,HRTF_B,33,3.014,75.71,-48.75,20,1
P007,HRTF_B,33,3.03,76.14,-49.06,20,1
P007,HRTF_B,33,3.047,76.6,-49.33,20,1
P007,HRTF_B,33,3.063,77.44,-49.9,20,1
P007,HRTF_B,33,3.08,77.79,-50.19,20,1
P007,HRTF_B,33,3.096,78.1,-50.49,20,1
P007,HRTF_B,33,3.114,78.37,-50.78,20,1
P007,HRTF_B,33,3.13,78.66,-51.06,20,1
P007,HRTF_B,33,3.147,79.21,-51.63,20,1
P007,HRTF_B,33,3.164,79.44,-51.85,20,1
P007,HRTF_B,33,3.18,79.63,-52.01,20,1
P007,HRTF_B,33,3.197,79.88,-52.11,20,1
P007,HRTF_B,33,3.214,80.17,-52.24,20,1
P007,HRTF_B,33,3.23,80.73,-52.49,20,1
P007,HRTF_B,33,3.247,81.01,-52.56,20,1
P007,HRTF_B,33,3.265,81.34,-52.6,20,1
P007,HRTF_B,33,3.282,81.77,-52.7,20,1
P007,HRTF_B,33,3.298,82.8,-52.89,20,1
P007,HRTF_B,33,3.314,83.51,-52.97,20,1
P007,HRTF_B,33,3.332,84.23,-52.97,20,1
P007,HRTF_B,33,3.349,84.96,-52.91,20,1
P007,HRTF_B,33,3.366,85.68,-52.85,20,1
P007,HRTF_B,33,3.382,87.06,-52.78,20,1
P007,HRTF_B,33,3.4,87.78,-52.84,20,1
P007,HRTF_B,33,3.417,88.52,-52.92,20,1
P007,HRTF_B,33,3.433,89.29,-52.92,20,1
P007,HRTF_B,33,3.45,90.85,-52.88,20,1
P007,HRTF_B,33,3.466,91.7,-52.78,20,1
P007,HRTF_B,33,3.483,92.45,-52.69,20,1
P007,HRTF_B,33,3.5,93.22,-52.59,20,1
P007,HRTF_B,33,3.517,93.92,-52.46,20,1
P007,HRTF_B,33,3.533,94.6,-52.33,20,1
P007,HRTF_B,33,3.552,96.01,-52.13,20,1
P007,HRTF_B,33,3.568,96.7,-52.07,20,1
P007,HRTF_B,33,3.585,97.4,-51.99,20,1
P007,HRTF_B,33,3.601,98.12,-51.87,20,1
P007,HRTF_B,33,3.618,99.53,-51.61,20,1
P007,HRTF_B,33,3.634,100.23,-51.48,20,1
P007,HRTF_B,33,3.65,100.93,-51.4,20,1
P007,HRTF_B,33,3.667,101.63,-51.3,20,1
P007,HRTF_B,33,3.684,102.34,-51.16,20,1
P007,HRTF_B,33,3.702,103.76,-50.81,20,1
P007,HRTF_B,33,3.718,104.48,-50.57,20,1
P007,HRTF_B,33,3.734,105.21,-50.38,20,1
P007,HRTF_B,33,3.751,105.92,-50.16,20,1
P007,HRTF_B,33,3.767,106.64,-49.89,20,1
P007,HRTF_B,33,3.784,108.07,-49.35,20,1
P007,HRTF_B,33,3.801,108.86,-49.02,20,1
P007,HRTF_B,33,3.817,109.57,-48.65,20,1
P007,HRTF_B,33,3.839,110.17,-48.21,20,1
P007,HRTF_B,33,3.856,111.34,-47.18,20,1
P007,HRTF_B,33,3.874,111.87,-46.31,20,1
P007,HRTF_B,33,3.891,112.39,-45.2,20,1
P007,HRTF_B,33,3.908,112.89,-43.85,20,1
P007,HRTF_B,33,3.924,113.93,-40.81,20,1
P007,HRTF_B,33,3.941,114.38,-38.83,20,1
P007,HRTF_B,33,3.958,114.84,-36.97,20,1
P007,HRTF_B,33,3.974,115.29,-35.27,20,1
P007,HRTF_B,33,3.992,116.16,-32.08,20,1
P007,HRTF_B,33,4.009,116.52,-30.8,20,1
P007,HRTF_B,33,4.026,116.84,-29.58,20,1
P007,HRTF_B,33,4.042,117.11,-28.36,20,1
P007,HRTF_B,33,4.058,117.37,-27.2,20,1
P007,HRTF_B,33,4.075,117.82,-24.93,20,1
P007,HRTF_B,33,4.091,118.02,-23.89,20,1
P007,HRTF_B,33,4.108,118.19,-22.84,20,1
P007,HRTF_B,33,4.124,118.35,-21.74,20,1
P007,HRTF_B,33,4.141,118.51,-20.64,20,1
P007,HRTF_B,33,4.158,118.88,-18.5,20,1
P007,HRTF_B,33,4.175,119.1,-17.53,20,1
P007,HRTF_B,33,4.191,119.33,-16.62,20,1
P007,HRTF_B,33,4.208,119.56,-15.72,20,1
P007,HRTF_B,33,4.225,119.78,-14.86,20,1
P007,HRTF_B,33,4.241,120.04,-14.07,20,1
P007,HRTF_B,33,4.258,120.63,-12.57,20,1
P007,HRTF_B,33,4.276,121.04,-12.0,20,1
P007,HRTF_B,33,4.293,121.47,-11.43,20,1
P007,HRTF_B,33,4.31,121.9,-10.88,20,1
P007,HRTF_B,33,4.327,122.76,-9.79,20,1
P007,HRTF_B,33,4.343,123.21,-9.3,20,1
P007,HRTF_B,33,4.36,123.67,-8.86,20,1
P007,HRTF_B,33,4.377,124.17,-8.41,20,1
P007,HRTF_B,33,4.393,124.66,-7.99,20,1
P007,HRTF_B,33,4.409,125.63,-7.12,20,1
P007,HRTF_B,33,4.427,126.07,-6.72,20,1
P007,HRTF_B,33,4.444,126.5,-6.37,20,1
P007,HRTF_B,33,4.461,126.89,-6.09,20,1
P007,HRTF_B,33,4.477,127.7,-5.48,20,1
P007,HRTF_B,33,4.494,128.04,-5.17,20,1
P007,HRTF_B,33,4.512,128.42,-4.82,20,1
P007,HRTF_B,33,4.529,128.76,-4.52,20,1
P007,HRTF_B,33,4.546,129.04,-4.23,20,1
P007,HRTF_B,33,4.564,129.58,-3.71,20,1
P007,HRTF_B,33,4.581,129.79,-3.53,20,1
P007,HRTF_B,33,4.598,130.0,-3.42,20,1
P007,HRTF_B,33,4.615,130.17,-3.36,20,1
P007,HRTF_B,33,4.631,130.49,-3.32,20,1
P007,HRTF_B,33,4.647,130.61,-3.42,20,1
P007,HRTF_B,33,4.665,130.73,-3.52,20,1
P007,HRTF_B,33,4.681,130.89,-3.63,20,1
P007,HRTF_B,33,4.697,131.06,-3.71,20,1
P007,HRTF_B,33,4.715,131.4,-3.86,20,1
P007,HRTF_B,33,4.732,131.61,-3.95,20,1
P007,HRTF_B,33,4.749,131.83,-4.08,20,1
P007,HRTF_B,33,4.766,132.07,-4.23,20,1
P007,HRTF_B,33,4.782,132.32,-4.35,20,1
P007,HRTF_B,33,4.798,132.82,-4.57,20,1
P007,HRTF_B,33,4.815,133.09,-4.63,20,1
P007,HRTF_B,33,4.831,133.37,-4.71,20,1
P007,HRTF_B,33,4.849,133.69,-4.84,20,1
P007,HRTF_B,33,4.866,134.0,-4.99,20,1
P007,HRTF_B,33,4.883,134.65,-5.28,20,1
P007,HRTF_B,33,4.899,134.97,-5.38,20,1
P007,HRTF_B,33,4.915,135.29,-5.47,20,1
P007,HRTF_B,33,4.933,135.6,-5.56,20,1
P007,HRTF_B,33,4.95,136.2,-5.73,20,1
P007,HRTF_B,33,4.967,136.48,-5.82,20,1
P007,HRTF_B,33,4.983,136.73,-5.93,20,1
P007,HRTF_B,33,5.002,136.95,-6.05,20,1
P007,HRTF_B,33,5.019,137.14,-6.14,20,1
P007,HRTF_B,33,5.035,137.51,-6.31,20,1
P007,HRTF_B,33,5.052,137.63,-6.39,20,1
P007,HRTF_B,33,5.068,137.72,-6.45,20,1
P007,HRTF_B,33,5.085,137.73,-6.5,20,1
P007,HRTF_B,33,5.102,137.64,-6.56,20,1
P007,HRTF_B,33,5.119,137.21,-6.76,20,1
P007,HRTF_B,33,5.135,136.55,-6.94,20,1
P007,HRTF_B,33,5.153,135.6,-7.1,20,1
P007,HRTF_B,33,5.169,134.4,-7.28,20,1
P007,HRTF_B,33,5.186,132.84,-7.48,20,1
P007,HRTF_B,33,5.202,129.29,-7.8,20,1
P007,HRTF_B,33,5.218,127.01,-7.81,20,1
P007,HRTF_B,33,5.234,124.66,-7.79,20,1
P007,HRTF_B,33,5.251,122.32,-7.78,20,1
P007,HRTF_B,33,5.267,119.99,-7.79,20,1
P007,HRTF_B,33,5.285,115.44,-7.77,20,1
P007,HRTF_B,33,5.302,113.34,-7.68,20,1
P007,HRTF_B,33,5.319,111.36,-7.59,20,1
P007,HRTF_B,33,5.335,109.46,-7.54,20,1
P007,HRTF_B,33,5.352,105.78,-7.45,20,1
P007,HRTF_B,33,5.369,104.22,-7.37,20,1
P007,HRTF_B,33,5.385,102.84,-7.3,20,1
P007,HRTF_B,33,5.402,101.59,-7.17,20,1
P007,HRTF_B,33,5.419,100.46,-7.11,20,1
P007,HRTF_B,33,5.437,98.21,-7.02,20,1
P007,HRTF_B,33,5.454,97.21,-6.98,20,1
P007,HRTF_B,33,5.47,96.3,-6.86,20,1
P007,HRTF_B,33,5.487,95.57,-6.66,20,1
P007,HRTF_B,33,5.503,94.96,-6.45,20,1
P007,HRTF_B,33,5.52,93.8,-6.12,20,1
P007,HRTF_B,33,5.536,93.39,-6.04,20,1
P007,HRTF_B,33,5.553,93.09,-5.95,20,1
P007,HRTF_B,33,5.571,92.93,-5.83,20,1
P007,HRTF_B,33,5.588,92.83,-5.77,20,1
P007,HRTF_B,33,5.604,92.66,-5.73,20,1
P007,HRTF_B,33,5.621,92.67,-5.82,20,1
P007,HRTF_B,33,5.637,92.71,-5.84,20,1
P007,HRTF_B,33,5.653,92.81,-5.82,20,1
P007,HRTF_B,33,5.67,92.89,-5.85,20,1
P007,HRTF_B,33,5.687,92.95,-6.04,20,1
P007,HRTF_B,33,5.703,92.82,-6.25,20,1
P007,HRTF_B,33,5.721,92.66,-6.38,20,1
P007,HRTF_B,33,5.738,92.57,-6.43,20,1
P007,HRTF_B,33,5.754,92.5,-6.46,20,1
P007,HRTF_B,33,5.771,92.29,-6.55,20,1
P007,HRTF_B,33,5.788,92.1,-6.6,20,1
P007,HRTF_B,33,5.804,91.88,-6.6,20,1
P007,HRTF_B,33,5.821,91.7,-6.52,20,1
P007,HRTF_B,33,5.837,91.54,-6.41,20,1
P007,HRTF_B,33,5.854,91.17,-6.25,20,1
P007,HRTF_B,33,5.872,90.86,-6.18,20,1
P007,HRTF_B,33,5.888,90.5,-6.09,20,1
P007,HRTF_B,33,5.905,90.13,-5.92,20,1
P007,HRTF_B,33,5.921,89.74,-5.73,20,1
P007,HRTF_B,33,5.938,88.89,-5.44,20,1
P007,HRTF_B,33,5.954,88.35,-5.38,20,1
P007,HRTF_B,33,5.97,87.71,-5.39,20,1
P007,HRTF_B,33,5.988,87.05,-5.39,20,1
P007,HRTF_B,33,6.006,85.72,-5.3,20,1
P007,HRTF_B,33,6.023,85.01,-5.25,20,1
P007,HRTF_B,33,6.039,84.26,-5.22,20,1
P007,HRTF_B,33,6.055,83.48,-5.2,20,1
P007,HRTF_B,33,6.072,82.66,-5.21,20,1
P007,HRTF_B,33,6.088,81.05,-5.21,20,1
P007,HRTF_B,33,6.105,80.26,-5.28,20,1
P007,HRTF_B,33,6.121,79.48,-5.43,20,1
P007,HRTF_B,33,6.137,78.73,-5.63,20,1
P007,HRTF_B,33,6.155,77.99,-5.85,20,1
P007,HRTF_B,33,6.171,77.29,-6.03,20,1
P007,HRTF_B,33,6.188,75.93,-6.39,20,1
P007,HRTF_B,33,6.204,75.29,-6.54,20,1
P007,HRTF_B,33,6.221,74.65,-6.64,20,1
P007,HRTF_B,33,6.237,73.99,-6.72,20,1
P007,HRTF_B,33,6.254,73.33,-6.75,20,1
P007,HRTF_B,33,6.27,72.0,-6.72,20,1
P007,HRTF_B,33,6.289,71.28,-6.6,20,1
P007,HRTF_B,33,6.305,70.5,-6.46,20,1
P007,HRTF_B,33,6.322,69.71,-6.29,20,1
P007,HRTF_B,33,6.338,68.05,-5.96,20,1
P007,HRTF_B,33,6.355,67.13,-5.8,20,1
P007,HRTF_B,33,6.372,66.17,-5.68,20,1
P007,HRTF_B,33,6.389,65.17,-5.62,20,1
P007,HRTF_B,33,6.406,64.15,-5.56,20,1
P007,HRTF_B,33,6.423,62.05,-5.56,20,1
P007,HRTF_B,33,6.44,60.93,-5.65,20,1
P007,HRTF_B,33,6.457,59.81,-5.73,20,1
P007,HRTF_B,33,6.473,58.69,-5.82,20,1
P007,HRTF_B,33,6.49,57.56,-5.92,20,1
P007,HRTF_B,33,6.506,55.27,-6.12,20,1
P007,HRTF_B,33,6.522,54.07,-6.26,20,1
P007,HRTF_B,33,6.538,52.86,-6.38,20,1
P007,HRTF_B,33,6.554,51.64,-6.5,20,1
P007,HRTF_B,33,6.571,50.42,-6.63,20,1
P007,HRTF_B,33,6.589,47.95,-6.86,20,1
P007,HRTF_B,33,6.606,46.67,-6.99,20,1
P007,HRTF_B,33,6.623,45.41,-7.06,20,1
P007,HRTF_B,33,6.64,44.13,-7.14,20,1
P007,HRTF_B,33,6.657,42.88,-7.23,20,1
P007,HRTF_B,33,6.674,40.39,-7.38,20,1
P007,HRTF_B,33,6.69,39.18,-7.45,20,1
P007,HRTF_B,33,6.707,38.04,-7.49,20,1
P007,HRTF_B,33,6.729,36.95,-7.54,20,1
P007,HRTF_B,33,6.745,34.81,-7.59,20,1
P007,HRTF_B,33,6.762,33.86,-7.62,20,1
P007,HRTF_B,33,6.779,32.97,-7.65,20,1
P007,HRTF_B,33,6.795,32.16,-7.69,20,1
P007,HRTF_B,33,6.812,30.56,-7.79,20,1
P007,HRTF_B,33,6.828,29.91,-7.83,20,1
P007,HRTF_B,33,6.845,29.32,-7.87,20,1
P007,HRTF_B,33,6.862,28.79,-7.84,20,1
P007,HRTF_B,33,6.88,27.75,-7.88,20,1
P007,HRTF_B,33,6.897,27.26,-7.92,20,1
P007,HRTF_B,33,6.914,26.75,-8.0,20,1
P007,HRTF_B,33,6.931,26.21,-8.05,20,1
P007,HRTF_B,33,6.948,25.66,-8.08,20,1
P007,HRTF_B,33,6.965,24.57,-8.17,20,1
P007,HRTF_B,33,6.982,24.0,-8.29,20,1
P007,HRTF_B,33,7.0,23.42,-8.44,20,1
P007,HRTF_B,33,7.017,22.84,-8.58,20,1
P007,HRTF_B,33,7.034,21.61,-8.84,20,1
P007,HRTF_B,33,7.051,20.99,-8.94,20,1
P007,HRTF_B,33,7.067,20.38,-9.05,20,1
P007,HRTF_B,33,7.084,19.75,-9.2,20,1
P007,HRTF_B,33,7.101,19.06,-9.39,20,1
P007,HRTF_B,33,7.118,17.56,-9.81,20,1
P007,HRTF_B,33,7.134,16.77,-9.97,20,1
P007,HRTF_B,33,7.151,15.97,-10.01,20,1
P007,HRTF_B,33,7.169,15.2,-10.04,20,1
P007,HRTF_B,33,7.186,13.7,-10.13,20,1
P007,HRTF_B,33,7.202,13.0,-10.18,20,1
P007,HRTF_B,33,7.219,12.31,-10.21,20,1
P007,HRTF_B,33,7.235,11.63,-10.2,20,1
P007,HRTF_B,33,7.252,11.02,-10.19,20,1
P007,HRTF_B,33,7.269,9.86,-10.16,20,1
P007,HRTF_B,33,7.286,9.35,-10.2,20,1
P007,HRTF_B,33,7.303,8.86,-10.32,20,1
P007,HRTF_B,33,7.322,8.41,-10.47,20,1
P007,HRTF_B,33,7.338,7.56,-10.82,20,1
P007,HRTF_B,33,7.355,7.29,-11.2,20,1
P007,HRTF_B,33,7.372,7.08,-11.76,20,1
P007,HRTF_B,33,7.389,6.92,-12.41,20,1
P007,HRTF_B,33,7.406,6.79,-13.09,20,1
P007,HRTF_B,33,7.422,6.61,-14.44,20,1
P007,HRTF_B,33,7.439,6.69,-15.25,20,1
P007,HRTF_B,33,7.457,6.8,-16.0,20,1
P007,HRTF_B,33,7.474,6.9,-16.72,20,1
P007,HRTF_B,33,7.491,7.0,-17.4,20,1
P007,HRTF_B,33,7.507,7.26,-18.79,20,1
P007,HRTF_B,33,7.524,7.51,-19.5,20,1
P007,HRTF_B,33,7.541,7.82,-20.14,20,1
P007,HRTF_B,33,7.558,8.16,-20.71,20,1
P007,HRTF_B,33,7.574,8.54,-21.27,20,1
P007,HRTF_B,33,7.59,9.3,-22.42,20,1
P007,HRTF_B,33,7.608,9.77,-23.04,20,1
P007,HRTF_B,33,7.625,10.25,-23.64,20,1
P007,HRTF_B,33,7.643,10.74,-24.23,20,1
P007,HRTF_B,33,7.659,11.72,-25.44,20,1
P007,HRTF_B,33,7.675,12.23,-26.09,20,1
P007,HRTF_B,33,7.692,12.68,-26.69,20,1
P007,HRTF_B,33,7.709,13.12,-27.26,20,1
P007,HRTF_B,33,7.726,13.52,-27.82,20,1
P007,HRTF_B,33,7.743,14.35,-28.97,20,1
P007,HRTF_B,33,7.762,14.71,-29.59,20,1
P007,HRTF_B,33,7.778,15.08,-30.23,20,1
P007,HRTF_B,33,7.795,15.42,-30.81,20,1
P007,HRTF_B,33,7.811,16.1,-32.03,20,1
P007,HRTF_B,33,7.828,16.47,-32.75,20,1
P007,HRTF_B,33,7.845,16.79,-33.55,20,1
P007,HRTF_B,33,7.862,17.15,-34.27,20,1
P007,HRTF_B,33,7.879,17.53,-34.95,20,1
P007,HRTF_B,33,7.896,18.32,-36.32,20,1
P007,HRTF_B,33,7.914,18.7,-37.01,20,1
P007,HRTF_B,33,7.93,19.05,-37.69,20,1
P007,HRTF_B,33,7.946,19.45,-38.34,20,1
P007,HRTF_B,33,7.964,19.94,-38.91,20,1
P007,HRTF_B,33,7.984,21.13,-39.95,20,1
P007,HRTF_B,33,8.0,21.85,-40.52,20,1
P007,HRTF_B,33,8.017,22.56,-41.1,20,1
P007,HRTF_B,33,8.033,23.93,-42.22,20,1
P007,HRTF_B,33,8.051,24.58,-42.71,20,1
P007,HRTF_B,33,8.068,25.24,-43.18,20,1
P007,HRTF_B,33,8.084,25.87,-43.65,20,1
P007,HRTF_B,33,8.1,26.46,-44.12,20,1
P007,HRTF_B,33,8.117,27.67,-45.07,20,1
P007,HRTF_B,33,8.133,28.27,-45.53,20,1
P007,HRTF_B,33,8.15,28.82,-45.99,20,1
P007,HRTF_B,33,8.166,29.34,-46.45,20,1
P007,HRTF_B,33,8.184,29.85,-46.92,20,1
P007,HRTF_B,33,8.201,30.78,-47.83,20,1
P007,HRTF_B,33,8.218,31.15,-48.32,20,1
P007,HRTF_B,33,8.234,31.45,-48.78,20,1
P007,HRTF_B,33,8.25,31.72,-49.2,20,1
P007,HRTF_B,33,8.267,32.0,-49.64,20,1
P007,HRTF_B,33,8.283,32.53,-50.51,20,1
P007,HRTF_B,33,8.299,32.78,-50.99,20,1
P007,HRTF_B,33,8.316,33.02,-51.47,20,1
P007,HRTF_B,33,8.334,33.26,-51.97,20,1
P007,HRTF_B,33,8.35,33.48,-52.46,20,1
P007,HRTF_B,33,8.367,33.86,-53.36,20,1
P007,HRTF_B,33,8.383,34.0,-53.8,20,1
P007,HRTF_B,33,8.4,34.09,-54.2,20,1
P007,HRTF_B,33,8.417,34.17,-54.58,20,1
P007,HRTF_B,33,8.433,34.22,-54.96,20,1
P007,HRTF_B,33,8.45,34.32,-55.73,20,1
P007,HRTF_B,33,8.466,34.32,-56.11,20,1
P007,HRTF_B,33,8.485,34.33,-56.49,20,1
P007,HRTF_B,33,8.501,34.41,-56.83,20,1
P007,HRTF_B,33,8.518,34.51,-57.16,20,1
P007,HRTF_B,33,8.534,34.8,-57.87,20,1
P007,HRTF_B,33,8.552,34.98,-58.28,20,1
P007,HRTF_B,33,8.568,35.26,-58.71,20,1
P007,HRTF_B,33,8.585,35.54,-59.16,20,1
P007,HRTF_B,33,8.601,35.82,-59.59,20,1
P007,HRTF_B,33,8.619,36.39,-60.48,20,1
P007,HRTF_B,33,8.636,36.64,-60.94,20,1
P007,HRTF_B,33,8.653,36.86,-61.39,20,1
P007,HRTF_B,33,8.669,37.06,-61.85,20,1
P007,HRTF_B,33,8.685,37.41,-62.68,20,1
P007,HRTF_B,33,8.701,37.54,-63.05,20,1
P007,HRTF_B,33,8.718,37.66,-63.3,20,1
P007,HRTF_B,33,8.734,37.58,-63.45,20,1
P007,HRTF_B,33,8.751,37.44,-63.46,20,1
P007,HRTF_B,33,8.769,37.29,-63.37,20,1
P007,HRTF_B,33,8.785,36.89,-63.02,20,1
P007,HRTF_B,33,8.801,36.6,-62.64,20,1
P007,HRTF_B,33,8.818,36.33,-62.24,20,1
P007,HRTF_B,33,8.834,36.04,-61.79,20,1
P007,HRTF_B,33,8.85,35.72,-61.35,20,1
P007,HRTF_B,33,8.867,35.2,-60.55,20,1
P007,HRTF_B,33,8.884,34.92,-60.23,20,1
P007,HRTF_B,33,8.902,34.53,-59.85,20,1
P007,HRTF_B,33,8.918,34.12,-59.39,20,1
P007,HRTF_B,33,8.935,33.68,-58.86,20,1
P007,HRTF_B,33,8.951,32.8,-57.64,20,1
P007,HRTF_B,33,8.968,32.27,-56.92,20,1
P007,HRTF_B,33,8.984,31.61,-56.1,20,1
P007,HRTF_B,33,9.001,30.86,-55.22,20,1
P007,HRTF_B,33,9.017,30.08,-54.27,20,1
P007,HRTF_B,33,9.033,28.6,-52.11,20,1
P007,HRTF_B,33,9.052,27.84,-50.64,20,1
P007,HRTF_B,33,9.068,26.98,-48.98,20,1
P007,HRTF_B,33,9.085,26.06,-47.24,20,1
P007,HRTF_B,33,9.101,25.12,-45.32,20,1
P007,HRTF_B,33,9.117,23.28,-41.06,20,1
P007,HRTF_B,33,9.133,22.35,-38.43,20,1
P007,HRTF_B,33,9.15,21.4,-35.86,20,1
P007,HRTF_B,33,9.167,20.48,-33.47,20,1
P007,HRTF_B,33,9.184,19.62,-31.08,20,1
P007,HRTF_B,33,9.201,18.02,-26.33,20,1
P007,HRTF_B,33,9.218,17.32,-24.11,20,1
P007,HRTF_B,33,9.234,16.67,-21.94,20,1
P007,HRTF_B,33,9.25,16.07,-19.87,20,1
P007,HRTF_B,33,9.266,15.53,-17.92,20,1
P007,HRTF_B,33,9.283,15.05,-16.09,20,1
P007,HRTF_B,33,9.299,14.14,-12.53,20,1
P007,HRTF_B,33,9.315,13.74,-10.92,20,1
P007,HRTF_B,33,9.334,13.37,-9.36,20,1
P007,HRTF_B,33,9.351,12.98,-7.8,20,1
P007,HRTF_B,33,9.367,12.17,-4.82,20,1
P007,HRTF_B,33,9.384,11.74,-3.53,20,1
P007,HRTF_B,33,9.4,11.34,-2.39,20,1
P007,HRTF_B,33,9.418,10.86,-1.36,20,1
P007,HRTF_B,33,9.434,10.34,-0.42,20,1
P007,HRTF_B,33,9.451,9.26,1.38,20,1
P007,HRTF_B,33,9.467,8.63,2.16,20,1
P007,HRTF_B,33,9.486,8.03,2.87,20,1
P007,HRTF_B,33,9.502,7.41,3.53,20,1
P007,HRTF_B,33,9.519,6.15,4.73,20,1
P007,HRTF_B,33,9.535,5.5,5.18,20,1
P007,HRTF_B,33,9.551,4.84,5.58,20,1
P007,HRTF_B,33,9.567,4.16,5.92,20,1
P007,HRTF_B,33,9.585,3.48,6.18,20,1
P007,HRTF_B,33,9.601,2.78,6.36,20,1
P007,HRTF_B,33,9.623,1.27,6.7,20,1
P007,HRTF_B,33,9.64,0.42,6.86,20,1
P007,HRTF_B,33,9.657,-0.44,7.01,20,1
P007,HRTF_B,33,9.673,-2.21,7.34,20,1
P007,HRTF_B,33,9.69,-3.13,7.54,20,1
P007,HRTF_B,33,9.706,-4.11,7.72,20,1
P007,HRTF_B,33,9.723,-5.16,7.89,20,1
P007,HRTF_B,33,9.739,-6.24,8.07,20,1
P007,HRTF_B,33,9.755,-8.39,8.39,20,1
P007,HRTF_B,33,9.773,-9.49,8.5,20,1
P007,HRTF_B,33,9.789,-10.64,8.51,20,1
P007,HRTF_B,33,9.806,-11.8,8.49,20,1
P007,HRTF_B,33,9.822,-12.99,8.46,20,1
P007,HRTF_B,33,9.839,-15.36,8.36,20,1
P007,HRTF_B,33,9.855,-16.57,8.35,20,1
P007,HRTF_B,33,9.872,-17.8,8.24,20,1
P007,HRTF_B,33,9.889,-19.03,8.11,20,1
P007,HRTF_B,33,9.906,-20.29,7.97,20,1
P007,HRTF_B,33,9.924,-22.77,7.6,20,1
P007,HRTF_B,33,9.941,-24.02,7.35,20,1
P007,HRTF_B,33,9.958,-25.26,7.1,20,1
P007,HRTF_B,33,9.974,-26.52,6.87,20,1
P007,HRTF_B,33,9.991,-29.02,6.45,20,1
P007,HRTF_B,33,10.007,-30.26,6.28,20,1
P007,HRTF_B,33,10.024,-31.51,6.1,20,1
P007,HRTF_B,33,10.04,-32.78,5.95,20,1
P007,HRTF_B,33,10.059,-34.09,5.81,20,1
P007,HRTF_B,33,10.075,-36.67,5.58,20,1
P007,HRTF_B,33,10.092,-37.92,5.52,20,1
P007,HRTF_B,33,10.108,-39.17,5.51,20,1
P007,HRTF_B,33,10.125,-40.41,5.46,20,1
P007,HRTF_B,33,10.141,-41.69,5.42,20,1
P007,HRTF_B,33,10.158,-44.26,5.37,20,1
P007,HRTF_B,33,10.174,-45.54,5.35,20,1
P007,HRTF_B,33,10.19,-46.78,5.41,20,1
P007,HRTF_B,33,10.208,-47.99,5.4,20,1
P007,HRTF_B,33,10.225,-49.19,5.34,20,1
P007,HRTF_B,33,10.241,-51.62,5.15,20,1
P007,HRTF_B,33,10.258,-52.83,4.96,20,1
P007,HRTF_B,33,10.274,-53.99,4.84,20,1
P007,HRTF_B,33,10.291,-55.06,4.72,20,1
P007,HRTF_B,33,10.308,-56.11,4.62,20,1
P007,HRTF_B,33,10.324,-58.13,4.37,20,1
P007,HRTF_B,33,10.343,-59.06,4.23,20,1
P007,HRTF_B,33,10.359,-59.94,4.13,20,1
P007,HRTF_B,33,10.376,-60.79,4.06,20,1
P007,HRTF_B,33,10.393,-61.58,4.04,20,1
P007,HRTF_B,33,10.409,-63.14,4.04,20,1
P007,HRTF_B,33,10.426,-63.87,4.11,20,1
P007,HRTF_B,33,10.443,-64.61,4.2,20,1
P007,HRTF_B,33,10.46,-65.31,4.3,20,1
P007,HRTF_B,33,10.476,-65.99,4.38,20,1
P007,HRTF_B,33,10.494,-67.33,4.47,20,1
P007,HRTF_B,33,10.511,-68.0,4.48,20,1
P007,HRTF_B,33,10.528,-68.69,4.45,20,1
P007,HRTF_B,33,10.544,-69.41,4.44,20,1
P007,HRTF_B,33,10.561,-70.85,4.4,20,1
P007,HRTF_B,33,10.578,-71.58,4.32,20,1
P007,HRTF_B,33,10.594,-72.31,4.19,20,1
P007,HRTF_B,33,10.611,-73.04,4.02,20,1
P007,HRTF_B,33,10.628,-73.78,3.85,20,1
P007,HRTF_B,33,10.646,-75.31,3.55,20,1
P007,HRTF_B,33,10.663,-76.07,3.48,20,1
P007,HRTF_B,33,10.68,-76.82,3.4,20,1
P007,HRTF_B,33,10.696,-77.54,3.32,20,1
P007,HRTF_B,33,10.712,-78.26,3.24,20,1
P007,HRTF_B,33,10.728,-79.66,3.08,20,1
P007,HRTF_B,33,10.745,-80.32,3.06,20,1
P007,HRTF_B,33,10.762,-80.94,3.07,20,1
P007,HRTF_B,33,10.781,-81.55,3.12,20,1
P007,HRTF_B,33,10.797,-82.75,3.18,20,1
P007,HRTF_B,33,10.813,-83.28,3.22,20,1
P007,HRTF_B,33,10.83,-83.8,3.27,20,1
P007,HRTF_B,33,10.846,-84.28,3.31,20,1
P007,HRTF_B,33,10.862,-84.74,3.39,20,1
P007,HRTF_B,33,10.878,-85.17,3.46,20,1
P007,HRTF_B,33,10.895,-86.04,3.6,20,1
P007,HRTF_B,33,10.912,-86.43,3.58,20,1
P007,HRTF_B,33,10.93,-86.83,3.57,20,1
P007,HRTF_B,33,10.946,-87.27,3.52,20,1
P007,HRTF_B,33,10.963,-88.16,3.39,20,1
P007,HRTF_B,33,10.98,-88.61,3.33,20,1
P007,HRTF_B,33,10.996,-89.03,3.3,20,1
P007,HRTF_B,33,11.013,-89.47,3.23,20,1
P007,HRTF_B,33,11.03,-89.86,3.14,20,1
P007,HRTF_B,33,11.046,-90.67,2.96,20,1
P007,HRTF_B,33,11.064,-91.02,2.83,20,1
P007,HRTF_B,33,11.081,-91.39,2.67,20,1
P007,HRTF_B,33,11.097,-91.77,2.39,20,1
P007,HRTF_B,33,11.114,-92.17,2.05,20,1
P007,HRTF_B,33,11.13,-92.97,1.52,20,1
P007,HRTF_B,33,11.147,-93.37,1.36,20,1
P007,HRTF_B,33,11.163,-93.76,1.21,20,1
P007,HRTF_B,33,11.18,-94.18,1.1,20,1
P007,HRTF_B,33,11.196,-94.56,0.99,20,1
P007,HRTF_B,33,11.214,-95.32,0.9,20,1
P007,HRTF_B,33,11.23,-95.66,0.92,20,1
P007,HRTF_B,33,11.247,-96.01,0.91,20,1
P007,HRTF_B,33,11.264,-96.36,0.92,20,1
P007,HRTF_B,33,11.28,-96.69,0.91,20,1
P007,HRTF_B,33,11.297,-97.32,0.86,20,1
P007,HRTF_B,33,11.313,-97.59,0.87,20,1
P007,HRTF_B,33,11.33,-97.88,0.91,20,1
P007,HRTF_B,33,11.347,-98.16,1.05,20,1
P007,HRTF_B,33,11.365,-98.44,1.46,20,1
P007,HRTF_B,33,11.382,-98.89,2.62,20,1
P007,HRTF_B,33,11.398,-99.05,3.67,20,1
P007,HRTF_B,33,11.415,-99.12,4.78,20,1
P007,HRTF_B,33,11.432,-99.13,5.77,20,1
P007,HRTF_B,33,11.449,-99.07,7.5,20,1
P007,HRTF_B,33,11.466,-98.95,8.14,20,1
P007,HRTF_B,33,11.484,-98.78,8.84,20,1
P007,HRTF_B,33,11.502,-98.63,9.62,20,1
P007,HRTF_B,33,11.518,-98.32,11.18,20,1
P007,HRTF_B,33,11.534,-98.11,11.89,20,1
P007,HRTF_B,33,11.551,-97.88,12.63,20,1
P007,HRTF_B,33,11.567,-97.6,13.37,20,1
P007,HRTF_B,33,11.584,-97.36,14.14,20,1
P007,HRTF_B,33,11.6,-97.12,14.92,20,1
P007,HRTF_B,33,11.617,-96.68,16.41,20,1
P007,HRTF_B,33,11.634,-96.43,17.04,20,1
P007,HRTF_B,33,11.652,-96.09,17.57,20,1
P007,HRTF_B,33,11.669,-95.74,18.15,20,1
P007,HRTF_B,33,11.685,-94.96,19.43,20,1
P007,HRTF_B,33,11.702,-94.52,20.14,20,1
P007,HRTF_B,33,11.719,-94.1,20.77,20,1
P007,HRTF_B,33,11.735,-93.7,21.3,20,1
P007,HRTF_B,33,11.751,-93.4,21.81,20,1
P007,HRTF_B,33,11.767,-93.18,22.32,20,1
P007,HRTF_B,33,11.786,-92.9,23.35,20,1
P007,HRTF_B,33,11.802,-93.3,23.77,20,1
P007,HRTF_B,33,11.819,-93.67,24.14,20,1
P007,HRTF_B,33,11.835,-94.21,24.51,20,1
P007,HRTF_B,33,11.852,-95.44,25.15,20,1
P007,HRTF_B,33,11.869,-96.26,25.4,20,1
P007,HRTF_B,33,11.886,-97.14,25.5,20,1
P007,HRTF_B,33,11.902,-98.04,25.53,20,1
P007,HRTF_B,33,11.919,-99.02,25.54,20,1
P007,HRTF_B,33,11.936,-100.98,25.59,20,1
P007,HRTF_B,33,11.953,-102.05,25.62,20,1
P007,HRTF_B,33,11.969,-103.16,25.63,20,1
P007,HRTF_B,33,11.986,-104.26,25.51,20,1
P007,HRTF_B,33,12.002,-105.31,25.33,20,1
P007,HRTF_B,33,12.019,-107.29,24.96,20,1
P007,HRTF_B,33,12.035,-108.21,24.78,20,1
P007,HRTF_B,33,12.052,-109.02,24.57,20,1
P007,HRTF_B,33,12.069,-109.81,24.21,20,1
P007,HRTF_B,33,12.086,-110.54,23.79,20,1
P007,HRTF_B,33,12.103,-111.89,22.94,20,1
P007,HRTF_B,33,12.119,-112.47,22.52,20,1
P007,HRTF_B,33,12.136,-113.01,22.09,20,1
P007,HRTF_B,33,12.153,-113.54,21.64,20,1
P007,HRTF_B,33,12.169,-114.02,21.2,20,1
P007,HRTF_B,33,12.186,-114.92,20.35,20,1
P007,HRTF_B,33,12.202,-115.25,19.98,20,1
P007,HRTF_B,33,12.221,-115.55,19.63,20,1
P007,HRTF_B,33,12.239,-115.83,19.27,20,1
P007,HRTF_B,33,12.255,-116.4,18.6,20,1
P007,HRTF_B,33,12.272,-116.69,18.3,20,1
P007,HRTF_B,33,12.289,-117.08,18.01,20,1
P007,HRTF_B,33,12.305,-117.48,17.77,20,1
P007,HRTF_B,33,12.322,-117.87,17.61,20,1
P007,HRTF_B,33,12.339,-118.67,17.33,20,1
P007,HRTF_B,33,12.355,-119.09,17.25,20,1
P007,HRTF_B,33,12.373,-119.48,17.12,20,1
P007,HRTF_B,33,12.39,-119.86,17.05,20,1
P007,HRTF_B,33,12.406,-120.25,17.0,20,1
P007,HRTF_B,33,12.423,-120.92,16.96,20,1
P007,HRTF_B,33,12.439,-121.23,17.01,20,1
P007,HRTF_B,33,12.456,-121.49,17.1,20,1
P007,HRTF_B,33,12.472,-121.73,17.21,20,1
P007,HRTF_B,33,12.489,-121.97,17.29,20,1
P007,HRTF_B,33,12.511,-122.45,17.44,20,1
P007,HRTF_B,33,12.528,-122.65,17.58,20,1
P007,HRTF_B,33,12.544,-122.83,17.77,20,1
P007,HRTF_B,33,12.561,-123.15,18.18,20,1
P007,HRTF_B,33,12.577,-123.25,18.39,20,1
P007,HRTF_B,33,12.593,-123.36,18.53,20,1
P007,HRTF_B,33,12.61,-123.45,18.61,20,1
P007,HRTF_B,33,12.626,-123.5,18.7,20,1
P007,HRTF_B,33,12.642,-123.5,18.83,20,1
P007,HRTF_B,33,12.661,-123.44,19.07,20,1
P007,HRTF_B,33,12.677,-123.33,19.13,20,1
P007,HRTF_B,33,12.693,-123.23,19.11,20,1
P007,HRTF_B,33,12.711,-123.12,19.03,20,1
P007,HRTF_B,33,12.728,-122.89,18.87,20,1
P007,HRTF_B,33,12.744,-122.76,18.79,20,1
P007,HRTF_B,33,12.761,-122.66,18.68,20,1
P007,HRTF_B,33,12.778,-122.61,18.5,20,1
P007,HRTF_B,33,12.794,-122.59,18.28,20,1
P007,HRTF_B,33,12.812,-122.61,17.84,20,1
P007,HRTF_B,33,12.829,-122.62,17.61,20,1
P007,HRTF_B,33,12.845,-122.64,17.42,20,1
P007,HRTF_B,33,12.862,-122.7,17.21,20,1
P007,HRTF_B,33,12.878,-122.79,17.0,20,1
P007,HRTF_B,33,12.895,-122.99,16.57,20,1
P007,HRTF_B,33,12.911,-123.1,16.37,20,1
P007,HRTF_B,33,12.928,-123.21,16.23,20,1
P007,HRTF_B,33,12.946,-123.35,16.14,20,1
P007,HRTF_B,33,12.963,-123.65,15.96,20,1
P007,HRTF_B,33,12.979,-123.8,15.93,20,1
P007,HRTF_B,33,12.995,-123.98,15.9,20,1
P007,HRTF_B,33,13.012,-124.21,15.82,20,1
P007,HRTF_B,33,13.029,-124.49,15.73,20,1
P007,HRTF_B,33,13.046,-124.78,15.67,20,1
P007,HRTF_B,33,13.062,-125.37,15.63,20,1
P007,HRTF_B,33,13.08,-125.72,15.63,20,1
P007,HRTF_B,33,13.098,-126.1,15.58,20,1
P007,HRTF_B,33,13.115,-126.49,15.52,20,1
P007,HRTF_B,33,13.131,-127.22,15.46,20,1
P007,HRTF_B,33,13.148,-127.57,15.45,20,1
P007,HRTF_B,33,13.165,-127.89,15.4,20,1
P007,HRTF_B,34,0.019,-9.37,-3.61,9,1
P007,HRTF_B,34,0.036,-9.37,-3.64,9,1
P007,HRTF_B,34,0.055,-9.39,-3.69,9,1
P007,HRTF_B,34,0.071,-9.4,-3.91,9,1
P007,HRTF_B,34,0.088,-9.39,-4.05,9,1
P007,HRTF_B,34,0.106,-9.38,-4.11,9,1
P007,HRTF_B,34,0.123,-9.37,-4.06,9,1
P007,HRTF_B,34,0.14,-9.39,-3.92,9,1
P007,HRTF_B,34,0.157,-9.47,-3.8,9,1
P007,HRTF_B,34,0.174,-9.5,-3.81,9,1
P007,HRTF_B,34,0.192,-9.47,-3.82,9,1
P007,HRTF_B,34,0.209,-9.43,-3.77,9,1
P007,HRTF_B,34,0.226,-9.31,-3.66,9,1
P007,HRTF_B,34,0.243,-9.16,-3.82,9,1
P007,HRTF_B,34,0.26,-8.89,-4.14,9,1
P007,HRTF_B,34,0.277,-8.48,-4.47,9,1
P007,HRTF_B,34,0.294,-7.51,-5.03,9,1
P007,HRTF_B,34,0.311,-6.87,-5.38,9,1
P007,HRTF_B,34,0.329,-6.21,-5.81,9,1
P007,HRTF_B,34,0.347,-5.52,-6.18,9,1
P007,HRTF_B,34,0.364,-4.17,-6.8,9,1
P007,HRTF_B,34,0.381,-3.47,-7.02,9,1
P007,HRTF_B,34,0.398,-2.8,-7.22,9,1
P007,HRTF_B,34,0.414,-2.15,-7.41,9,1
P007,HRTF_B,34,0.431,-1.54,-7.6,9,1
P007,HRTF_B,34,0.448,-0.37,-7.95,9,1
P007,HRTF_B,34,0.465,0.14,-8.01,9,1
P007,HRTF_B,34,0.484,0.59,-8.05,9,1
P007,HRTF_B,34,0.501,1.0,-8.04,9,1
P007,HRTF_B,34,0.518,1.75,-8.03,9,1
P007,HRTF_B,34,0.535,2.0,-8.03,9,1
P007,HRTF_B,34,0.552,2.19,-8.09,9,1
P007,HRTF_B,34,0.569,2.33,-8.14,9,1
P007,HRTF_B,34,0.586,2.52,-8.19,9,1
P007,HRTF_B,34,0.603,2.47,-8.18,9,1
P007,HRTF_B,34,0.622,2.33,-8.17,9,1
P007,HRTF_B,34,0.639,2.0,-8.18,9,1
P007,HRTF_B,34,0.656,1.06,-8.28,9,1
P007,HRTF_B,34,0.673,0.08,-8.4,9,1
P007,HRTF_B,34,0.691,-1.01,-8.42,9,1
P007,HRTF_B,34,0.708,-2.15,-8.42,9,1
P007,HRTF_B,34,0.724,-4.53,-8.52,9,1
P007,HRTF_B,34,0.742,-6.08,-8.78,9,1
P007,HRTF_B,34,0.759,-7.74,-8.95,9,1
P007,HRTF_B,34,0.778,-9.38,-9.03,9,1
P007,HRTF_B,34,0.794,-12.69,-9.16,9,1
P007,HRTF_B,34,0.811,-14.37,-9.23,9,1
P007,HRTF_B,34,0.829,-16.1,-9.47,9,1
P007,HRTF_B,34,0.846,-17.86,-9.72,9,1
P007,HRTF_B,34,0.863,-19.57,-9.89,9,1
P007,HRTF_B,34,0.88,-22.94,-10.29,9,1
P007,HRTF_B,34,0.897,-24.51,-10.72,9,1
P007,HRTF_B,34,0.918,-26.06,-11.46,9,1
P007,HRTF_B,34,0.936,-29.14,-13.06,9,1
P007,HRTF_B,34,0.953,-30.49,-13.87,9,1
P007,HRTF_B,34,0.969,-31.73,-14.55,9,1
P007,HRTF_B,34,0.986,-32.84,-15.14,9,1
P007,HRTF_B,34,1.003,-34.94,-16.25,9,1
P007,HRTF_B,34,1.02,-35.79,-16.74,9,1
P007,HRTF_B,34,1.037,-36.6,-17.16,9,1
P007,HRTF_B,34,1.053,-37.37,-17.5,9,1
P007,HRTF_B,34,1.072,-38.91,-18.2,9,1
P007,HRTF_B,34,1.089,-39.65,-18.6,9,1
P007,HRTF_B,34,1.107,-40.44,-18.98,9,1
P007,HRTF_B,34,1.123,-41.23,-19.29,9,1
P007,HRTF_B,34,1.14,-42.0,-19.51,9,1
P007,HRTF_B,34,1.157,-43.57,-19.86,9,1
P007,HRTF_B,34,1.174,-44.37,-19.92,9,1
P007,HRTF_B,34,1.192,-45.24,-20.07,9,1
P007,HRTF_B,34,1.211,-47.01,-20.32,9,1
P007,HRTF_B,34,1.228,-47.96,-20.42,9,1
P007,HRTF_B,34,1.245,-48.92,-20.48,9,1
P007,HRTF_B,34,1.262,-49.93,-20.6,9,1
P007,HRTF_B,34,1.279,-50.96,-20.75,9,1
P007,HRTF_B,34,1.296,-53.08,-21.09,9,1
P007,HRTF_B,34,1.313,-54.13,-21.29,9,1
P007,HRTF_B,34,1.33,-55.18,-21.47,9,1
P007,HRTF_B,34,1.348,-56.24,-21.67,9,1
P007,HRTF_B,34,1.365,-58.36,-22.09,9,1
P007,HRTF_B,34,1.382,-59.37,-22.33,9,1
P007,HRTF_B,34,1.399,-60.38,-22.53,9,1
P007,HRTF_B,34,1.416,-61.32,-22.72,9,1
P007,HRTF_B,34,1.432,-63.21,-23.02,9,1
P007,HRTF_B,34,1.45,-64.17,-23.11,9,1
P007,HRTF_B,34,1.467,-65.16,-23.22,9,1
P007,HRTF_B,34,1.484,-66.15,-23.37,9,1
P007,HRTF_B,34,1.503,-68.06,-23.66,9,1
P007,HRTF_B,34,1.519,-68.95,-23.74,9,1
P007,HRTF_B,34,1.536,-69.91,-23.79,9,1
P007,HRTF_B,34,1.552,-70.94,-23.86,9,1
P007,HRTF_B,34,1.569,-72.02,-23.99,9,1
P007,HRTF_B,34,1.586,-74.18,-24.34,9,1
P007,HRTF_B,34,1.603,-75.28,-24.51,9,1
P007,HRTF_B,34,1.62,-76.27,-24.72,9,1
P007,HRTF_B,34,1.638,-77.16,-24.89,9,1
P007,HRTF_B,34,1.656,-79.01,-25.13,9,1
P007,HRTF_B,34,1.672,-79.87,-25.19,9,1
P007,HRTF_B,34,1.689,-80.73,-25.35,9,1
P007,HRTF_B,34,1.705,-81.63,-25.56,9,1
P007,HRTF_B,34,1.722,-82.55,-25.76,9,1
P007,HRTF_B,34,1.739,-84.43,-26.14,9,1
P007,HRTF_B,34,1.756,-85.47,-26.26,9,1
P007,HRTF_B,34,1.773,-86.54,-26.47,9,1
P007,HRTF_B,34,1.79,-87.65,-26.78,9,1
P007,HRTF_B,34,1.807,-88.76,-27.12,9,1
P007,HRTF_B,34,1.823,-91.02,-27.75,9,1
P007,HRTF_B,34,1.84,-92.22,-27.99,9,1
P007,HRTF_B,34,1.857,-93.42,-28.23,9,1
P007,HRTF_B,34,1.874,-94.62,-28.48,9,1
P007,HRTF_B,34,1.891,-97.02,-29.01,9,1
P007,HRTF_B,34,1.907,-98.2,-29.22,9,1
P007,HRTF_B,34,1.925,-99.43,-29.37,9,1
P007,HRTF_B,34,1.943,-100.6,-29.46,9,1
P007,HRTF_B,34,1.959,-101.78,-29.57,9,1
P007,HRTF_B,34,1.976,-104.09,-29.7,9,1
P007,HRTF_B,34,1.993,-105.21,-29.73,9,1
P007,HRTF_B,34,2.01,-106.3,-29.77,9,1
P007,HRTF_B,34,2.027,-107.41,-29.8,9,1
P007,HRTF_B,34,2.044,-109.58,-29.81,9,1
P007,HRTF_B,34,2.062,-110.56,-29.82,9,1
P007,HRTF_B,34,2.079,-111.54,-29.86,9,1
P007,HRTF_B,34,2.096,-112.45,-29.95,9,1
P007,HRTF_B,34,2.112,-113.28,-30.04,9,1
P007,HRTF_B,34,2.129,-114.89,-30.17,9,1
P007,HRTF_B,34,2.145,-115.58,-30.24,9,1
P007,HRTF_B,34,2.162,-116.24,-30.34,9,1
P007,HRTF_B,34,2.179,-116.82,-30.48,9,1
P007,HRTF_B,34,2.196,-117.27,-30.65,9,1
P007,HRTF_B,34,2.214,-118.01,-30.95,9,1
P007,HRTF_B,34,2.232,-118.25,-31.14,9,1
P007,HRTF_B,34,2.249,-118.56,-31.3,9,1
P007,HRTF_B,34,2.265,-118.89,-31.49,9,1
P007,HRTF_B,34,2.282,-119.57,-31.91,9,1
P007,HRTF_B,34,2.299,-119.93,-32.21,9,1
P007,HRTF_B,34,2.317,-120.29,-32.54,9,1
P007,HRTF_B,34,2.334,-120.67,-32.86,9,1
P007,HRTF_B,34,2.353,-121.5,-33.5,9,1
P007,HRTF_B,34,2.37,-122.02,-33.86,9,1
P007,HRTF_B,34,2.387,-122.5,-34.24,9,1
P007,HRTF_B,34,2.404,-122.95,-34.66,9,1
P007,HRTF_B,34,2.421,-123.69,-35.57,9,1
P007,HRTF_B,34,2.437,-123.86,-36.05,9,1
P007,HRTF_B,34,2.454,-123.92,-36.47,9,1
P007,HRTF_B,34,2.471,-123.88,-36.9,9,1
P007,HRTF_B,34,2.489,-123.38,-37.76,9,1
P007,HRTF_B,34,2.506,-122.49,-38.16,9,1
P007,HRTF_B,34,2.523,-121.37,-38.49,9,1
P007,HRTF_B,34,2.54,-120.12,-38.68,9,1
P007,HRTF_B,34,2.557,-118.71,-38.75,9,1
P007,HRTF_B,34,2.573,-115.65,-38.81,9,1
P007,HRTF_B,34,2.59,-113.73,-38.83,9,1
P007,HRTF_B,34,2.607,-111.71,-38.82,9,1
P007,HRTF_B,34,2.624,-109.76,-38.85,9,1
P007,HRTF_B,34,2.642,-105.96,-38.91,9,1
P007,HRTF_B,34,2.659,-104.18,-38.76,9,1
P007,HRTF_B,34,2.676,-102.53,-38.51,9,1
P007,HRTF_B,34,2.693,-101.06,-38.46,9,1
P007,HRTF_B,34,2.71,-99.81,-38.41,9,1
P007,HRTF_B,34,2.727,-97.55,-38.29,9,1
P007,HRTF_B,34,2.744,-96.83,-38.13,9,1
P007,HRTF_B,34,2.761,-96.19,-37.89,9,1
P007,HRTF_B,34,2.78,-95.19,-37.59,9,1
P007,HRTF_B,34,2.796,-95.03,-37.57,9,1
P007,HRTF_B,34,2.813,-95.02,-37.67,9,1
P007,HRTF_B,34,2.83,-95.07,-37.7,9,1
P007,HRTF_B,34,2.847,-95.12,-37.68,9,1
P007,HRTF_B,34,2.864,-95.26,-37.72,9,1
P007,HRTF_B,34,2.881,-95.47,-37.88,9,1
P007,HRTF_B,34,2.899,-95.72,-38.06,9,1
P007,HRTF_B,34,2.917,-95.93,-38.22,9,1
P007,HRTF_B,34,2.934,-96.22,-38.49,9,1
P007,HRTF_B,34,2.951,-96.18,-38.67,9,1
P007,HRTF_B,34,2.968,-96.09,-38.97,9,1
P007,HRTF_B,34,2.985,-96.0,-39.34,9,1
P007,HRTF_B,34,3.001,-95.92,-39.76,9,1
P007,HRTF_B,34,3.018,-95.63,-40.63,9,1
P007,HRTF_B,34,3.035,-95.3,-41.12,9,1
P007,HRTF_B,34,3.053,-94.92,-41.6,9,1
P007,HRTF_B,34,3.071,-94.11,-42.52,9,1
P007,HRTF_B,34,3.088,-93.63,-42.93,9,1
P007,HRTF_B,34,3.105,-93.1,-43.3,9,1
P007,HRTF_B,34,3.122,-92.53,-43.61,9,1
P007,HRTF_B,34,3.139,-91.94,-43.92,9,1
P007,HRTF_B,34,3.155,-90.75,-44.43,9,1
P007,HRTF_B,34,3.172,-90.07,-44.58,9,1
P007,HRTF_B,34,3.189,-89.38,-44.66,9,1
P007,HRTF_B,34,3.207,-88.67,-44.73,9,1
P007,HRTF_B,34,3.224,-87.92,-44.82,9,1
P007,HRTF_B,34,3.241,-86.41,-44.96,9,1
P007,HRTF_B,34,3.258,-85.55,-45.03,9,1
P007,HRTF_B,34,3.275,-84.59,-45.15,9,1
P007,HRTF_B,34,3.292,-83.53,-45.32,9,1
P007,HRTF_B,34,3.309,-81.27,-45.66,9,1
P007,HRTF_B,34,3.326,-79.9,-45.75,9,1
P007,HRTF_B,34,3.344,-78.44,-45.74,9,1
P007,HRTF_B,34,3.361,-76.96,-45.69,9,1
P007,HRTF_B,34,3.377,-73.83,-45.59,9,1
P007,HRTF_B,34,3.394,-72.13,-45.5,9,1
P007,HRTF_B,34,3.411,-70.36,-45.4,9,1
P007,HRTF_B,34,3.428,-68.56,-45.25,9,1
P007,HRTF_B,34,3.445,-66.72,-45.04,9,1
P007,HRTF_B,34,3.461,-63.09,-44.54,9,1
P007,HRTF_B,34,3.478,-61.24,-44.19,9,1
P007,HRTF_B,34,3.497,-59.39,-43.83,9,1
P007,HRTF_B,34,3.513,-57.53,-43.45,9,1
P007,HRTF_B,34,3.53,-53.86,-42.63,9,1
P007,HRTF_B,34,3.547,-51.96,-42.09,9,1
P007,HRTF_B,34,3.565,-50.04,-41.46,9,1
P007,HRTF_B,34,3.582,-48.15,-40.86,9,1
P007,HRTF_B,34,3.598,-46.28,-40.29,9,1
P007,HRTF_B,34,3.615,-42.63,-39.28,9,1
P007,HRTF_B,34,3.634,-40.88,-38.93,9,1
P007,HRTF_B,34,3.651,-39.1,-38.66,9,1
P007,HRTF_B,34,3.668,-35.54,-38.2,9,1
P007,HRTF_B,34,3.685,-33.82,-38.22,9,1
P007,HRTF_B,34,3.702,-32.1,-38.41,9,1
P007,HRTF_B,34,3.719,-30.36,-38.67,9,1
P007,HRTF_B,34,3.736,-28.68,-38.98,9,1
P007,HRTF_B,34,3.753,-25.31,-39.5,9,1
P007,HRTF_B,34,3.775,-23.72,-39.7,9,1
P007,HRTF_B,34,3.793,-22.16,-39.91,9,1
P007,HRTF_B,34,3.81,-19.18,-40.22,9,1
P007,HRTF_B,34,3.826,-17.86,-40.21,9,1
P007,HRTF_B,34,3.844,-16.69,-40.04,9,1
P007,HRTF_B,34,3.861,-15.62,-39.74,9,1
P007,HRTF_B,34,3.878,-13.58,-39.11,9,1
P007,HRTF_B,34,3.895,-12.77,-38.7,9,1
P007,HRTF_B,34,3.912,-11.94,-38.32,9,1
P007,HRTF_B,34,3.93,-11.16,-37.98,9,1
P007,HRTF_B,34,3.947,-9.63,-37.32,9,1
P007,HRTF_B,34,3.964,-8.98,-37.02,9,1
P007,HRTF_B,34,3.981,-8.27,-36.73,9,1
P007,HRTF_B,34,3.998,-7.55,-36.5,9,1
P007,HRTF_B,34,4.015,-6.74,-36.33,9,1
P007,HRTF_B,34,4.032,-5.06,-36.06,9,1
P007,HRTF_B,34,4.049,-4.19,-35.85,9,1
P007,HRTF_B,34,4.068,-3.37,-35.5,9,1
P007,HRTF_B,34,4.085,-2.52,-35.12,9,1
P007,HRTF_B,34,4.102,-0.73,-34.34,9,1
P007,HRTF_B,34,4.119,0.21,-33.78,9,1
P007,HRTF_B,34,4.135,1.12,-33.01,9,1
P007,HRTF_B,34,4.152,1.94,-32.04,9,1
P007,HRTF_B,34,4.169,3.54,-29.81,9,1
P007,HRTF_B,34,4.185,4.29,-28.38,9,1
P007,HRTF_B,34,4.204,5.12,-26.97,9,1
P007,HRTF_B,34,4.22,5.89,-25.56,9,1
P007,HRTF_B,34,4.237,6.63,-24.07,9,1
P007,HRTF_B,34,4.253,8.07,-21.15,9,1
P007,HRTF_B,34,4.271,8.74,-19.79,9,1
P007,HRTF_B,34,4.288,9.43,-18.53,9,1
P007,HRTF_B,34,4.305,10.13,-17.25,9,1
P007,HRTF_B,34,4.322,11.49,-14.77,9,1
P007,HRTF_B,34,4.339,12.13,-13.57,9,1
P007,HRTF_B,34,4.358,12.73,-12.41,9,1
P007,HRTF_B,34,4.375,13.39,-11.31,9,1
P007,HRTF_B,34,4.392,14.74,-9.16,9,1
P007,HRTF_B,34,4.409,15.44,-8.21,9,1
P007,HRTF_B,34,4.426,16.16,-7.35,9,1
P007,HRTF_B,34,4.443,16.9,-6.52,9,1
P007,HRTF_B,34,4.461,18.4,-4.82,9,1
P007,HRTF_B,34,4.478,19.27,-4.03,9,1
P007,HRTF_B,34,4.497,20.14,-3.29,9,1
P007,HRTF_B,34,4.514,21.05,-2.59,9,1
P007,HRTF_B,34,4.531,22.86,-1.27,9,1
P007,HRTF_B,34,4.548,23.8,-0.7,9,1
P007,HRTF_B,34,4.565,24.72,-0.12,9,1
P007,HRTF_B,34,4.582,25.65,0.41,9,1
P007,HRTF_B,34,4.599,27.53,1.44,9,1
P007,HRTF_B,34,4.615,28.47,1.82,9,1
P007,HRTF_B,34,4.632,29.41,2.18,9,1
P007,HRTF_B,34,4.651,30.36,2.46,9,1
P007,HRTF_B,34,4.668,31.29,2.73,9,1
P007,HRTF_B,34,4.684,33.15,3.19,9,1
P007,HRTF_B,34,4.702,34.05,3.32,9,1
P007,HRTF_B,34,4.719,34.94,3.39,9,1
P007,HRTF_B,34,4.736,35.8,3.45,9,1
P007,HRTF_B,34,4.753,37.58,3.52,9,1
P007,HRTF_B,34,4.77,38.45,3.52,9,1
P007,HRTF_B,34,4.789,39.35,3.55,9,1
P007,HRTF_B,34,4.806,40.21,3.57,9,1
P007,HRTF_B,34,4.823,41.95,3.61,9,1
P007,HRTF_B,34,4.84,42.8,3.62,9,1
P007,HRTF_B,34,4.857,43.64,3.66,9,1
P007,HRTF_B,34,4.874,44.51,3.7,9,1
P007,HRTF_B,34,4.891,46.23,3.78,9,1
P007,HRTF_B,34,4.908,47.11,3.84,9,1
P007,HRTF_B,34,4.927,47.99,3.85,9,1
P007,HRTF_B,34,4.944,48.9,3.89,9,1
P007,HRTF_B,34,4.96,50.7,3.98,9,1
P007,HRTF_B,34,4.978,51.64,4.03,9,1
P007,HRTF_B,34,4.995,52.56,4.09,9,1
P007,HRTF_B,34,5.011,53.46,4.12,9,1
P007,HRTF_B,34,5.029,54.36,4.09,9,1
P007,HRTF_B,34,5.045,56.16,4.03,9,1
P007,HRTF_B,34,5.062,57.05,3.97,9,1
P007,HRTF_B,34,5.081,57.94,3.96,9,1
P007,HRTF_B,34,5.098,58.84,3.98,9,1
P007,HRTF_B,34,5.115,60.61,3.99,9,1
P007,HRTF_B,34,5.132,61.44,3.98,9,1
P007,HRTF_B,34,5.149,62.29,3.9,9,1
P007,HRTF_B,34,5.166,63.12,3.84,9,1
P007,HRTF_B,34,5.183,64.82,3.73,9,1
P007,HRTF_B,34,5.2,65.66,3.74,9,1
P007,HRTF_B,34,5.22,66.47,3.71,9,1
P007,HRTF_B,34,5.238,68.1,3.64,9,1
P007,HRTF_B,34,5.255,68.93,3.54,9,1
P007,HRTF_B,34,5.272,69.75,3.41,9,1
P007,HRTF_B,34,5.289,70.61,3.32,9,1
P007,HRTF_B,34,5.306,71.48,3.21,9,1
P007,HRTF_B,34,5.322,73.21,2.96,9,1
P007,HRTF_B,34,5.339,74.1,2.79,9,1
P007,HRTF_B,34,5.358,74.98,2.6,9,1
P007,HRTF_B,34,5.375,75.84,2.41,9,1
P007,HRTF_B,34,5.393,77.53,2.04,9,1
P007,HRTF_B,34,5.41,78.36,1.84,9,1
P007,HRTF_B,34,5.427,79.17,1.64,9,1
P007,HRTF_B,34,5.444,79.94,1.48,9,1
P007,HRTF_B,34,5.461,81.48,1.13,9,1
P007,HRTF_B,34,5.477,82.16,1.05,9,1
P007,HRTF_B,34,5.494,82.84,0.95,9,1
P007,HRTF_B,34,5.513,83.52,0.83,9,1
P007,HRTF_B,34,5.53,84.79,0.63,9,1
P007,HRTF_B,34,5.547,85.32,0.51,9,1
P007,HRTF_B,34,5.563,85.83,0.29,9,1
P007,HRTF_B,34,5.58,86.28,0.01,9,1
P007,HRTF_B,34,5.597,86.71,-0.24,9,1
P007,HRTF_B,34,5.613,87.55,-0.63,9,1
P007,HRTF_B,34,5.631,87.94,-0.71,9,1
P007,HRTF_B,34,5.65,88.27,-0.85,9,1
P007,HRTF_B,34,5.667,88.59,-1.01,9,1
P007,HRTF_B,34,5.683,89.18,-1.4,9,1
P007,HRTF_B,35,0.02,-5.92,-1.29,30,1
P007,HRTF_B,35,0.037,-6.08,-1.22,30,1
P007,HRTF_B,35,0.055,-6.12,-1.15,30,1
P007,HRTF_B,35,0.072,-6.15,-1.07,30,1
P007,HRTF_B,35,0.089,-6.18,-1.02,30,1
P007,HRTF_B,35,0.107,-6.23,-0.97,30,1
P007,HRTF_B,35,0.124,-6.24,-0.99,30,1
P007,HRTF_B,35,0.144,-6.21,-0.96,30,1
P007,HRTF_B,35,0.162,-6.18,-0.91,30,1
P007,HRTF_B,35,0.179,-6.11,-0.85,30,1
P007,HRTF_B,35,0.197,-6.05,-0.84,30,1
P007,HRTF_B,35,0.214,-5.99,-0.85,30,1
P007,HRTF_B,35,0.231,-5.91,-0.86,30,1
P007,HRTF_B,35,0.249,-5.73,-0.87,30,1
P007,HRTF_B,35,0.266,-5.59,-0.89,30,1
P007,HRTF_B,35,0.284,-5.45,-0.97,30,1
P007,HRTF_B,35,0.303,-5.08,-1.19,30,1
P007,HRTF_B,35,0.32,-4.81,-1.35,30,1
P007,HRTF_B,35,0.337,-4.46,-1.51,30,1
P007,HRTF_B,35,0.355,-4.07,-1.66,30,1
P007,HRTF_B,35,0.372,-3.2,-2.03,30,1
P007,HRTF_B,35,0.389,-2.63,-2.28,30,1
P007,HRTF_B,35,0.407,-1.92,-2.58,30,1
P007,HRTF_B,35,0.424,-1.08,-2.88,30,1
P007,HRTF_B,35,0.443,0.82,-3.48,30,1
P007,HRTF_B,35,0.461,2.0,-3.8,30,1
P007,HRTF_B,35,0.478,3.17,-4.13,30,1
P007,HRTF_B,35,0.496,5.48,-4.8,30,1
P007,HRTF_B,35,0.514,6.63,-5.11,30,1
P007,HRTF_B,35,0.532,7.85,-5.43,30,1
P007,HRTF_B,35,0.549,9.04,-5.73,30,1
P007,HRTF_B,35,0.566,11.4,-6.36,30,1
P007,HRTF_B,35,0.585,12.55,-6.67,30,1
P007,HRTF_B,35,0.602,13.75,-6.93,30,1
P007,HRTF_B,35,0.619,15.0,-7.19,30,1
P007,HRTF_B,35,0.637,17.52,-7.68,30,1
P007,HRTF_B,35,0.654,18.8,-7.82,30,1
P007,HRTF_B,35,0.671,20.09,-7.91,30,1
P007,HRTF_B,35,0.689,21.37,-8.04,30,1
P007,HRTF_B,35,0.706,24.01,-8.21,30,1
P007,HRTF_B,35,0.726,25.4,-8.21,30,1
P007,HRTF_B,35,0.743,26.8,-8.2,30,1
P007,HRTF_B,35,0.761,29.56,-8.32,30,1
P007,HRTF_B,35,0.779,30.97,-8.53,30,1
P007,HRTF_B,35,0.796,32.37,-8.76,30,1
P007,HRTF_B,35,0.813,33.71,-8.9,30,1
P007,HRTF_B,35,0.831,36.32,-9.1,30,1
P007,HRTF_B,35,0.849,37.48,-9.16,30,1
P007,HRTF_B,35,0.868,38.57,-9.3,30,1
P007,HRTF_B,35,0.885,40.75,-9.55,30,1
P007,HRTF_B,35,0.903,41.72,-9.63,30,1
P007,HRTF_B,35,0.92,42.64,-9.7,30,1
P007,HRTF_B,35,0.937,43.48,-9.75,30,1
P007,HRTF_B,35,0.954,45.15,-9.96,30,1
P007,HRTF_B,35,0.971,45.87,-10.1,30,1
P007,HRTF_B,35,0.989,46.59,-10.25,30,1
P007,HRTF_B,35,1.009,47.32,-10.39,30,1
P007,HRTF_B,35,1.026,48.74,-10.61,30,1
P007,HRTF_B,35,1.044,49.44,-10.72,30,1
P007,HRTF_B,35,1.062,50.19,-10.86,30,1
P007,HRTF_B,35,1.079,51.69,-11.17,30,1
P007,HRTF_B,35,1.097,52.51,-11.33,30,1
P007,HRTF_B,35,1.114,53.33,-11.46,30,1
P007,HRTF_B,35,1.132,54.18,-11.6,30,1
P007,HRTF_B,35,1.151,55.96,-11.95,30,1
P007,HRTF_B,35,1.169,57.01,-12.19,30,1
P007,HRTF_B,35,1.186,58.16,-12.4,30,1
P007,HRTF_B,35,1.204,60.65,-12.82,30,1
P007,HRTF_B,35,1.221,62.31,-13.16,30,1
P007,HRTF_B,35,1.239,64.19,-13.43,30,1
P007,HRTF_B,35,1.256,66.14,-13.66,30,1
P007,HRTF_B,35,1.273,68.13,-13.84,30,1
P007,HRTF_B,35,1.292,72.13,-14.13,30,1
P007,HRTF_B,35,1.31,74.18,-14.19,30,1
P007,HRTF_B,35,1.327,76.17,-14.21,30,1
P007,HRTF_B,35,1.344,80.11,-14.21,30,1
P007,HRTF_B,35,1.361,81.96,-14.14,30,1
P007,HRTF_B,35,1.379,83.7,-13.99,30,1
P007,HRTF_B,35,1.396,85.33,-13.86,30,1
P007,HRTF_B,35,1.413,88.42,-13.57,30,1
P007,HRTF_B,35,1.431,89.69,-13.4,30,1
P007,HRTF_B,35,1.45,90.85,-13.23,30,1
P007,HRTF_B,35,1.467,91.99,-13.1,30,1
P007,HRTF_B,35,1.484,94.19,-12.81,30,1
P007,HRTF_B,35,1.501,95.1,-12.74,30,1
P007,HRTF_B,35,1.519,95.93,-12.7,30,1
P007,HRTF_B,35,1.536,96.75,-12.66,30,1
P007,HRTF_B,35,1.554,98.3,-12.56,30,1
P007,HRTF_B,35,1.572,99.05,-12.55,30,1
P007,HRTF_B,35,1.591,99.79,-12.48,30,1
P007,HRTF_B,35,1.608,101.2,-12.34,30,1
P007,HRTF_B,35,1.626,101.87,-12.27,30,1
P007,HRTF_B,35,1.643,102.51,-12.23,30,1
P007,HRTF_B,35,1.66,103.13,-12.23,30,1
P007,HRTF_B,35,1.677,104.33,-12.27,30,1
P007,HRTF_B,35,1.694,104.87,-12.28,30,1
P007,HRTF_B,35,1.712,105.32,-12.24,30,1
P007,HRTF_B,35,1.731,106.27,-12.13,30,1
P007,HRTF_B,35,1.749,106.72,-12.08,30,1
P007,HRTF_B,35,1.767,107.16,-11.96,30,1
P007,HRTF_B,35,1.784,107.54,-11.76,30,1
P007,HRTF_B,35,1.801,108.27,-11.33,30,1
P007,HRTF_B,35,1.819,108.62,-11.08,30,1
P007,HRTF_B,35,1.836,109.05,-10.86,30,1
P007,HRTF_B,35,1.853,109.52,-10.61,30,1
P007,HRTF_B,35,1.875,110.46,-10.0,30,1
P007,HRTF_B,35,1.893,110.9,-9.59,30,1
P007,HRTF_B,35,1.911,111.38,-9.26,30,1
P007,HRTF_B,35,1.928,112.35,-8.63,30,1
P007,HRTF_B,35,1.946,112.85,-8.32,30,1
P007,HRTF_B,35,1.963,113.35,-8.01,30,1
P007,HRTF_B,35,1.98,113.84,-7.77,30,1
P007,HRTF_B,35,1.998,114.79,-7.33,30,1
P007,HRTF_B,35,2.015,115.26,-7.25,30,1
P007,HRTF_B,35,2.033,115.77,-7.21,30,1
P007,HRTF_B,35,2.05,116.77,-7.18,30,1
P007,HRTF_B,35,2.067,117.26,-7.24,30,1
P007,HRTF_B,35,2.085,117.73,-7.31,30,1
P007,HRTF_B,35,2.102,118.19,-7.37,30,1
P007,HRTF_B,35,2.119,118.66,-7.46,30,1
P007,HRTF_B,35,2.137,119.57,-7.59,30,1
P007,HRTF_B,35,2.154,120.02,-7.61,30,1
P007,HRTF_B,35,2.173,120.46,-7.64,30,1
P007,HRTF_B,35,2.19,121.36,-7.74,30,1
P007,HRTF_B,35,2.208,121.87,-7.82,30,1
P007,HRTF_B,35,2.225,122.38,-7.82,30,1
P007,HRTF_B,35,2.243,122.91,-7.83,30,1
P007,HRTF_B,35,2.26,123.98,-7.79,30,1
P007,HRTF_B,35,2.277,124.56,-7.74,30,1
P007,HRTF_B,35,2.294,125.17,-7.69,30,1
P007,HRTF_B,35,2.312,125.8,-7.62,30,1
P007,HRTF_B,35,2.329,127.09,-7.42,30,1
P007,HRTF_B,35,2.347,127.78,-7.24,30,1
P007,HRTF_B,35,2.365,128.48,-7.06,30,1
P007,HRTF_B,35,2.382,129.23,-6.9,30,1
P007,HRTF_B,35,2.399,130.7,-6.57,30,1
P007,HRTF_B,35,2.416,131.48,-6.4,30,1
P007,HRTF_B,35,2.433,132.29,-6.27,30,1
P007,HRTF_B,35,2.453,133.11,-6.19,30,1
P007,HRTF_B,35,2.47,134.8,-6.1,30,1
P007,HRTF_B,35,2.488,135.68,-6.08,30,1
P007,HRTF_B,35,2.506,136.56,-6.08,30,1
P007,HRTF_B,35,2.524,138.32,-6.04,30,1
P007,HRTF_B,35,2.542,139.23,-6.06,30,1
P007,HRTF_B,35,2.56,140.14,-6.1,30,1
P007,HRTF_B,35,2.577,141.08,-6.17,30,1
P007,HRTF_B,35,2.596,142.96,-6.32,30,1
P007,HRTF_B,35,2.614,143.9,-6.38,30,1
P007,HRTF_B,35,2.632,144.86,-6.47,30,1
P007,HRTF_B,35,2.649,146.81,-6.65,30,1
P007,HRTF_B,35,2.666,147.82,-6.75,30,1
P007,HRTF_B,35,2.683,148.83,-6.83,30,1
P007,HRTF_B,35,2.701,149.84,-6.86,30,1
P007,HRTF_B,35,2.718,151.84,-6.89,30,1
P007,HRTF_B,35,2.737,152.81,-6.86,30,1
P007,HRTF_B,35,2.755,153.79,-6.88,30,1
P007,HRTF_B,35,2.772,154.75,-6.93,30,1
P007,HRTF_B,35,2.789,156.64,-7.04,30,1
P007,HRTF_B,35,2.807,157.55,-7.15,30,1
P007,HRTF_B,35,2.824,158.42,-7.27,30,1
P007,HRTF_B,35,2.841,159.27,-7.38,30,1
P007,HRTF_B,35,2.859,160.91,-7.66,30,1
P007,HRTF_B,35,2.877,161.64,-7.81,30,1
P007,HRTF_B,35,2.894,162.36,-7.91,30,1
P007,HRTF_B,35,2.912,163.78,-8.04,30,1
P007,HRTF_B,35,2.929,164.36,-8.0,30,1
P007,HRTF_B,35,2.946,164.94,-7.93,30,1
P007,HRTF_B,35,2.964,165.49,-7.83,30,1
P007,HRTF_B,35,2.982,166.57,-7.67,30,1
P007,HRTF_B,35,2.999,167.07,-7.54,30,1
P007,HRTF_B,35,3.018,167.51,-7.42,30,1
P007,HRTF_B,35,3.035,167.96,-7.31,30,1
P007,HRTF_B,35,3.052,168.87,-7.11,30,1
P007,HRTF_B,35,3.07,169.29,-7.05,30,1
P007,HRTF_B,35,3.087,169.73,-7.05,30,1
P007,HRTF_B,35,3.105,170.18,-7.09,30,1
P007,HRTF_B,35,3.123,171.11,-7.18,30,1
P007,HRTF_B,35,3.14,171.62,-7.28,30,1
P007,HRTF_B,35,3.158,172.12,-7.38,30,1
P007,HRTF_B,35,3.18,173.15,-7.65,30,1
P007,HRTF_B,35,3.198,173.69,-7.84,30,1
P007,HRTF_B,35,3.216,174.27,-8.01,30,1
P007,HRTF_B,35,3.233,175.41,-8.3,30,1
P007,HRTF_B,35,3.252,175.99,-8.4,30,1
P007,HRTF_B,35,3.269,176.6,-8.48,30,1
P007,HRTF_B,35,3.287,177.77,-8.59,30,1
P007,HRTF_B,35,3.304,178.36,-8.62,30,1
P007,HRTF_B,35,3.323,178.97,-8.62,30,1
P007,HRTF_B,35,3.341,179.61,-8.72,30,1
P007,HRTF_B,35,3.359,-179.23,-9.37,30,1
P007,HRTF_B,35,3.376,-178.79,-10.28,30,1
P007,HRTF_B,35,3.394,-178.43,-11.25,30,1
P007,HRTF_B,35,3.411,-178.1,-12.31,30,1
P007,HRTF_B,35,3.428,-177.41,-14.92,30,1
P007,HRTF_B,35,3.446,-177.12,-16.66,30,1
P007,HRTF_B,35,3.464,-176.85,-18.09,30,1
P007,HRTF_B,35,3.482,-176.32,-20.74,30,1
P007,HRTF_B,35,3.499,-176.17,-22.05,30,1
P007,HRTF_B,35,3.516,-176.08,-23.3,30,1
P007,HRTF_B,35,3.533,-176.0,-24.43,30,1
P007,HRTF_B,35,3.55,-175.91,-26.66,30,1
P007,HRTF_B,35,3.567,-176.03,-27.8,30,1
P007,HRTF_B,35,3.585,-176.25,-28.91,30,1
P007,HRTF_B,35,3.604,-176.54,-29.92,30,1
P007,HRTF_B,35,3.622,-177.12,-31.83,30,1
P007,HRTF_B,35,3.639,-177.54,-32.74,30,1
P007,HRTF_B,35,3.657,-177.95,-33.64,30,1
P007,HRTF_B,35,3.674,-178.35,-34.48,30,1
P007,HRTF_B,35,3.692,-179.15,-36.09,30,1
P007,HRTF_B,35,3.71,-179.48,-36.94,30,1
P007,HRTF_B,35,3.727,-179.75,-37.86,30,1
P007,HRTF_B,35,3.746,179.75,-39.72,30,1
P007,HRTF_B,35,3.763,179.62,-40.63,30,1
P007,HRTF_B,35,3.781,179.53,-41.49,30,1
P007,HRTF_B,35,3.798,179.47,-42.35,30,1
P007,HRTF_B,35,3.815,179.32,-43.93,30,1
P007,HRTF_B,35,3.832,179.33,-44.6,30,1
P007,HRTF_B,35,3.849,179.42,-45.22,30,1
P007,HRTF_B,35,3.866,179.49,-45.84,30,1
P007,HRTF_B,35,3.885,179.65,-46.96,30,1
P007,HRTF_B,35,3.902,179.77,-47.29,30,1
P007,HRTF_B,35,3.919,179.92,-47.41,30,1
P007,HRTF_B,35,3.936,-179.91,-47.44,30,1
P007,HRTF_B,35,3.953,-179.7,-47.46,30,1
P007,HRTF_B,35,3.97,-179.24,-47.56,30,1
P007,HRTF_B,35,3.988,-178.97,-47.71,30,1
P007,HRTF_B,35,4.006,-178.76,-47.91,30,1
P007,HRTF_B,35,4.025,-178.48,-48.31,30,1
P007,HRTF_B,35,4.042,-178.5,-48.48,30,1
P007,HRTF_B,35,4.06,-178.55,-48.62,30,1
P007,HRTF_B,35,4.077,-178.61,-48.79,30,1
P007,HRTF_B,35,4.094,-178.75,-49.17,30,1
P007,HRTF_B,35,4.112,-178.93,-49.43,30,1
P007,HRTF_B,35,4.128,-179.18,-49.66,30,1
P007,HRTF_B,35,4.146,-179.53,-49.88,30,1
P007,HRTF_B,35,4.168,179.57,-50.26,30,1
P007,HRTF_B,35,4.186,178.78,-50.34,30,1
P007,HRTF_B,35,4.203,177.73,-50.32,30,1
P007,HRTF_B,35,4.221,175.28,-50.05,30,1
P007,HRTF_B,35,4.238,173.56,-49.65,30,1
P007,HRTF_B,35,4.255,171.71,-49.0,30,1
P007,HRTF_B,35,4.273,169.81,-48.16,30,1
P007,HRTF_B,35,4.29,165.99,-46.28,30,1
P007,HRTF_B,35,4.307,163.93,-45.13,30,1
P007,HRTF_B,35,4.326,161.86,-43.98,30,1
P007,HRTF_B,35,4.343,158.1,-41.64,30,1
P007,HRTF_B,35,4.361,156.33,-40.38,30,1
P007,HRTF_B,35,4.378,154.82,-39.09,30,1
P007,HRTF_B,35,4.395,153.42,-37.63,30,1
P007,HRTF_B,35,4.412,150.69,-34.52,30,1
P007,HRTF_B,35,4.429,149.54,-32.77,30,1
P007,HRTF_B,35,4.447,148.46,-31.09,30,1
P007,HRTF_B,35,4.466,147.49,-29.41,30,1
P007,HRTF_B,35,4.484,145.72,-25.96,30,1
P007,HRTF_B,35,4.501,145.0,-23.95,30,1
P007,HRTF_B,35,4.519,144.33,-21.8,30,1
P007,HRTF_B,35,4.536,143.66,-19.77,30,1
P007,HRTF_B,35,4.552,142.28,-15.89,30,1
P007,HRTF_B,35,4.569,141.48,-14.25,30,1
P007,HRTF_B,35,4.587,140.63,-12.74,30,1
P007,HRTF_B,35,4.606,138.96,-9.92,30,1
P007,HRTF_B,35,4.623,138.11,-8.9,30,1
P007,HRTF_B,35,4.641,137.27,-7.97,30,1
P007,HRTF_B,35,4.658,136.44,-7.11,30,1
P007,HRTF_B,35,4.675,135.68,-6.26,30,1
P007,HRTF_B,35,4.692,134.27,-4.69,30,1
P007,HRTF_B,35,4.709,133.67,-4.1,30,1
P007,HRTF_B,35,4.726,133.16,-3.57,30,1
P007,HRTF_B,35,4.749,132.26,-2.6,30,1
P007,HRTF_B,35,4.766,131.97,-2.34,30,1
P007,HRTF_B,35,4.783,131.66,-2.08,30,1
P007,HRTF_B,35,4.8,131.38,-1.81,30,1
P007,HRTF_B,35,4.817,130.87,-1.21,30,1
P007,HRTF_B,35,4.835,130.69,-0.94,30,1
P007,HRTF_B,35,4.852,130.44,-0.69,30,1
P007,HRTF_B,35,4.868,130.27,-0.49,30,1
P007,HRTF_B,35,4.886,129.87,-0.09,30,1
P007,HRTF_B,35,4.905,129.76,0.02,30,1
P007,HRTF_B,35,4.922,129.71,0.12,30,1
P007,HRTF_B,35,4.94,129.58,0.25,30,1
P007,HRTF_B,35,4.957,129.51,0.28,30,1
P007,HRTF_B,35,4.974,129.41,0.22,30,1
P007,HRTF_B,35,4.992,129.34,0.12,30,1
P007,HRTF_B,35,5.009,129.24,-0.14,30,1
P007,HRTF_B,35,5.027,129.21,-0.35,30,1
P007,HRTF_B,35,5.046,129.16,-0.51,30,1
P007,HRTF_B,35,5.063,129.11,-0.64,30,1
P007,HRTF_B,35,5.08,129.02,-0.85,30,1
P007,HRTF_B,35,5.098,129.0,-0.9,30,1
P007,HRTF_B,35,5.115,129.05,-0.97,30,1
P007,HRTF_B,35,5.133,129.19,-1.03,30,1
P007,HRTF_B,35,5.15,129.56,-1.21,30,1
P007,HRTF_B,35,5.168,129.92,-1.26,30,1
P007,HRTF_B,35,5.186,130.4,-1.32,30,1
P007,HRTF_B,35,5.203,131.42,-1.46,30,1
P007,HRTF_B,35,5.22,132.25,-1.58,30,1
P007,HRTF_B,35,5.237,133.28,-1.77,30,1
P007,HRTF_B,35,5.254,134.5,-1.92,30,1
P007,HRTF_B,35,5.271,135.93,-2.09,30,1
P007,HRTF_B,35,5.288,138.96,-2.43,30,1
P007,HRTF_B,35,5.305,140.8,-2.68,30,1
P007,HRTF_B,35,5.324,142.91,-2.96,30,1
P007,HRTF_B,35,5.341,145.18,-3.22,30,1
P007,HRTF_B,35,5.358,149.97,-3.79,30,1
P007,HRTF_B,35,5.375,152.81,-4.17,30,1
P007,HRTF_B,35,5.392,155.78,-4.66,30,1
P007,HRTF_B,35,5.409,158.9,-5.19,30,1
P007,HRTF_B,35,5.427,165.24,-6.18,30,1
P007,HRTF_B,35,5.444,168.61,-6.69,30,1
P007,HRTF_B,35,5.464,172.02,-7.16,30,1
P007,HRTF_B,35,5.481,178.9,-8.2,30,1
P007,HRTF_B,35,5.499,-177.58,-8.7,30,1
P007,HRTF_B,35,5.516,-174.12,-9.09,30,1
P007,HRTF_B,35,5.534,-170.71,-9.44,30,1
P007,HRTF_B,35,5.551,-163.87,-10.22,30,1
P007,HRTF_B,35,5.569,-160.55,-10.55,30,1
P007,HRTF_B,35,5.587,-157.33,-10.72,30,1
P007,HRTF_B,35,5.605,-154.23,-10.9,30,1
P007,HRTF_B,35,5.623,-148.09,-11.32,30,1
P007,HRTF_B,35,5.641,-145.16,-11.58,30,1
P007,HRTF_B,35,5.658,-142.33,-11.63,30,1
P007,HRTF_B,35,5.676,-136.79,-11.67,30,1
P007,HRTF_B,35,5.693,-134.19,-11.83,30,1
P007,HRTF_B,35,5.711,-131.73,-11.74,30,1
P007,HRTF_B,35,5.73,-129.47,-11.43,30,1
P007,HRTF_B,35,5.749,-125.5,-10.63,30,1
P007,HRTF_B,35,5.766,-124.17,-10.15,30,1
P007,HRTF_B,35,5.783,-123.06,-9.82,30,1
P007,HRTF_B,35,5.8,-122.14,-9.42,30,1
P007,HRTF_B,35,5.817,-120.43,-8.5,30,1
P007,HRTF_B,35,5.835,-119.81,-8.07,30,1
P007,HRTF_B,35,5.853,-119.16,-7.69,30,1
P007,HRTF_B,35,5.87,-117.7,-6.79,30,1
P007,HRTF_B,35,5.89,-116.88,-6.3,30,1
P007,HRTF_B,35,5.908,-116.06,-6.04,30,1
P007,HRTF_B,35,5.925,-114.24,-5.66,30,1
P007,HRTF_B,35,5.944,-113.21,-5.47,30,1
P007,HRTF_B,35,5.962,-112.29,-5.2,30,1
P007,HRTF_B,35,5.98,-111.44,-5.0,30,1
P007,HRTF_B,35,5.997,-109.64,-4.91,30,1
P007,HRTF_B,35,6.015,-108.69,-4.96,30,1
P007,HRTF_B,35,6.033,-107.72,-4.9,30,1
P007,HRTF_B,35,6.052,-105.88,-4.63,30,1
P007,HRTF_B,35,6.069,-105.04,-4.5,30,1
P007,HRTF_B,35,6.087,-104.16,-4.5,30,1
P007,HRTF_B,35,6.104,-103.22,-4.48,30,1
P007,HRTF_B,35,6.121,-101.35,-4.32,30,1
P007,HRTF_B,35,6.139,-100.47,-4.07,30,1
P007,HRTF_B,35,6.158,-99.64,-3.84,30,1
P007,HRTF_B,35,6.176,-97.9,-3.51,30,1
P007,HRTF_B,35,6.196,-97.0,-3.42,30,1
P007,HRTF_B,35,6.214,-96.12,-3.29,30,1
P007,HRTF_B,35,6.232,-94.45,-2.98,30,1
P007,HRTF_B,35,6.249,-93.65,-2.86,30,1
P007,HRTF_B,35,6.267,-92.8,-2.79,30,1
P007,HRTF_B,35,6.284,-91.92,-2.72,30,1
P007,HRTF_B,35,6.301,-90.22,-2.54,30,1
P007,HRTF_B,35,6.319,-89.43,-2.45,30,1
P007,HRTF_B,35,6.339,-88.63,-2.41,30,1
P007,HRTF_B,35,6.356,-87.03,-2.31,30,1
P007,HRTF_B,35,6.373,-86.25,-2.23,30,1
P007,HRTF_B,35,6.391,-85.46,-2.08,30,1
P007,HRTF_B,35,6.409,-84.68,-1.89,30,1
P007,HRTF_B,35,6.427,-83.12,-1.55,30,1
P007,HRTF_B,35,6.444,-82.36,-1.38,30,1
P007,HRTF_B,35,6.462,-81.63,-1.21,30,1
P007,HRTF_B,35,6.481,-80.14,-0.9,30,1
P007,HRTF_B,35,6.499,-79.38,-0.75,30,1
P007,HRTF_B,35,6.517,-78.61,-0.62,30,1
P007,HRTF_B,35,6.534,-77.85,-0.51,30,1
P007,HRTF_B,35,6.552,-76.3,-0.27,30,1
P007,HRTF_B,35,6.569,-75.48,-0.14,30,1
P007,HRTF_B,35,6.586,-74.65,-0.05,30,1
P007,HRTF_B,35,6.604,-73.79,0.07,30,1
P007,HRTF_B,35,6.623,-72.1,0.31,30,1
P007,HRTF_B,35,6.64,-71.22,0.48,30,1
P007,HRTF_B,35,6.658,-70.37,0.66,30,1
P007,HRTF_B,35,6.676,-68.7,1.05,30,1
P007,HRTF_B,35,6.693,-67.96,1.25,30,1
P007,HRTF_B,35,6.711,-67.23,1.36,30,1
P007,HRTF_B,35,6.729,-66.49,1.48,30,1
P007,HRTF_B,35,6.746,-65.0,1.65,30,1
P007,HRTF_B,35,6.766,-64.27,1.69,30,1
P007,HRTF_B,35,6.784,-63.52,1.76,30,1
P007,HRTF_B,35,6.802,-61.97,2.04,30,1
P007,HRTF_B,35,6.82,-61.1,2.25,30,1
P007,HRTF_B,35,6.838,-60.21,2.45,30,1
P007,HRTF_B,35,6.855,-58.44,2.85,30,1
P007,HRTF_B,35,6.873,-57.49,3.07,30,1
P007,HRTF_B,35,6.891,-56.53,3.3,30,1
P007,HRTF_B,35,6.91,-55.59,3.55,30,1
P007,HRTF_B,35,6.929,-53.78,4.09,30,1
P007,HRTF_B,35,6.946,-52.93,4.29,30,1
P007,HRTF_B,35,6.965,-52.08,4.33,30,1
P007,HRTF_B,35,6.985,-50.44,4.44,30,1
P007,HRTF_B,35,7.002,-49.7,4.49,30,1
P007,HRTF_B,35,7.019,-49.05,4.55,30,1
P007,HRTF_B,35,7.036,-47.78,4.68,30,1
P007,HRTF_B,35,7.054,-47.2,4.67,30,1
P007,HRTF_B,35,7.073,-46.63,4.61,30,1
P007,HRTF_B,35,7.091,-46.08,4.62,30,1
P007,HRTF_B,35,7.108,-44.99,4.62,30,1
P007,HRTF_B,36,0.02,-7.95,-2.02,28,1
P007,HRTF_B,36,0.038,-7.73,-1.97,28,1
P007,HRTF_B,36,0.055,-7.32,-1.89,28,1
P007,HRTF_B,36,0.074,-7.16,-1.91,28,1
P007,HRTF_B,36,0.091,-7.0,-1.93,28,1
P007,HRTF_B,36,0.109,-6.86,-1.95,28,1
P007,HRTF_B,36,0.128,-6.62,-1.98,28,1
P007,HRTF_B,36,0.145,-6.55,-1.98,28,1
P007,HRTF_B,36,0.163,-6.48,-1.97,28,1
P007,HRTF_B,36,0.181,-6.39,-1.99,28,1
P007,HRTF_B,36,0.199,-6.43,-2.0,28,1
P007,HRTF_B,36,0.216,-6.48,-1.99,28,1
P007,HRTF_B,36,0.234,-6.59,-1.96,28,1
P007,HRTF_B,36,0.252,-6.85,-1.94,28,1
P007,HRTF_B,36,0.271,-7.07,-1.96,28,1
P007,HRTF_B,36,0.289,-7.31,-2.0,28,1
P007,HRTF_B,36,0.306,-7.84,-2.12,28,1
P007,HRTF_B,36,0.324,-8.23,-2.25,28,1
P007,HRTF_B,36,0.341,-8.66,-2.41,28,1
P007,HRTF_B,36,0.358,-9.18,-2.55,28,1
P007,HRTF_B,36,0.376,-10.37,-2.85,28,1
P007,HRTF_B,36,0.395,-11.1,-3.03,28,1
P007,HRTF_B,36,0.413,-11.85,-3.22,28,1
P007,HRTF_B,36,0.433,-13.29,-3.71,28,1
P007,HRTF_B,36,0.451,-14.02,-4.0,28,1
P007,HRTF_B,36,0.469,-14.7,-4.28,28,1
P007,HRTF_B,36,0.487,-16.0,-4.83,28,1
P007,HRTF_B,36,0.505,-16.52,-5.22,28,1
P007,HRTF_B,36,0.523,-16.95,-5.63,28,1
P007,HRTF_B,36,0.541,-17.69,-6.52,28,1
P007,HRTF_B,36,0.559,-17.92,-6.93,28,1
P007,HRTF_B,36,0.577,-18.15,-7.3,28,1
P007,HRTF_B,36,0.596,-18.56,-8.04,28,1
P007,HRTF_B,36,0.614,-18.73,-8.37,28,1
P007,HRTF_B,36,0.632,-18.86,-8.64,28,1
P007,HRTF_B,36,0.65,-18.93,-8.87,28,1
P007,HRTF_B,36,0.667,-19.04,-9.29,28,1
P007,HRTF_B,36,0.684,-19.04,-9.47,28,1
P007,HRTF_B,36,0.701,-19.02,-9.58,28,1
P007,HRTF_B,37,0.021,-8.3,-0.98,29,1
P007,HRTF_B,37,0.039,-8.01,-1.02,29,1
P007,HRTF_B,37,0.057,-7.43,-1.07,29,1
P007,HRTF_B,37,0.075,-7.21,-1.14,29,1
P007,HRTF_B,37,0.095,-7.03,-1.22,29,1
P007,HRTF_B,37,0.114,-6.71,-1.37,29,1
P007,HRTF_B,37,0.132,-6.7,-1.43,29,1
P007,HRTF_B,37,0.15,-6.73,-1.45,29,1
P007,HRTF_B,37,0.168,-6.82,-1.49,29,1
P007,HRTF_B,37,0.187,-6.91,-1.47,29,1
P007,HRTF_B,37,0.205,-7.05,-1.42,29,1
P007,HRTF_B,37,0.223,-7.5,-1.27,29,1
P007,HRTF_B,37,0.242,-7.97,-1.12,29,1
P007,HRTF_B,37,0.261,-8.47,-0.96,29,1
P007,HRTF_B,37,0.279,-9.4,-0.8,29,1
P007,HRTF_B,37,0.297,-9.97,-0.82,29,1
P007,HRTF_B,37,0.315,-10.64,-0.78,29,1
P007,HRTF_B,37,0.333,-11.44,-0.72,29,1
P007,HRTF_B,37,0.351,-13.13,-0.56,29,1
P007,HRTF_B,37,0.369,-14.13,-0.52,29,1
P007,HRTF_B,37,0.389,-15.17,-0.57,29,1
P007,HRTF_B,37,0.408,-17.34,-0.62,29,1
P007,HRTF_B,37,0.426,-18.55,-0.57,29,1
P007,HRTF_B,37,0.444,-19.7,-0.47,29,1
P007,HRTF_B,37,0.462,-21.95,-0.32,29,1
P007,HRTF_B,37,0.48,-22.9,-0.2,29,1
P007,HRTF_B,37,0.498,-23.75,-0.04,29,1
P007,HRTF_B,37,0.516,-25.38,0.32,29,1
P007,HRTF_B,37,0.536,-25.96,0.57,29,1
P007,HRTF_B,37,0.553,-26.49,0.78,29,1
P007,HRTF_B,37,0.571,-27.4,1.2,29,1
P007,HRTF_B,37,0.59,-27.64,1.41,29,1
P007,HRTF_B,37,0.608,-27.88,1.56,29,1
P007,HRTF_B,37,0.626,-28.37,1.72,29,1
P007,HRTF_B,37,0.644,-28.62,1.66,29,1
P007,HRTF_B,37,0.661,-28.84,1.59,29,1
P007,HRTF_B,37,0.68,-28.99,1.57,29,1
P007,HRTF_B,37,0.699,-29.27,1.43,29,1
P007,HRTF_B,37,0.717,-29.45,1.24,29,1
P007,HRTF_B,37,0.735,-29.67,1.07,29,1
P007,HRTF_B,37,0.753,-30.05,0.87,29,1
P007,HRTF_B,37,0.771,-30.21,0.7,29,1
P007,HRTF_B,37,0.789,-30.44,0.33,29,1
P007,HRTF_B,37,0.807,-31.07,-0.59,29,1
P007,HRTF_B,37,0.825,-31.56,-1.05,29,1
P007,HRTF_B,37,0.844,-31.99,-1.42,29,1
P007,HRTF_B,37,0.862,-32.85,-2.23,29,1
P007,HRTF_B,37,0.879,-33.26,-2.72,29,1
P007,HRTF_B,37,0.897,-33.7,-3.18,29,1
P007,HRTF_B,37,0.915,-34.1,-3.57,29,1
P007,HRTF_B,37,0.933,-34.81,-4.26,29,1
P007,HRTF_B,37,0.951,-35.06,-4.53,29,1
P007,HRTF_B,37,0.969,-35.2,-4.8,29,1
P007,HRTF_B,37,0.989,-35.44,-5.26,29,1
P007,HRTF_B,38,0.02,-9.92,-0.83,4,1
P007,HRTF_B,38,0.041,-9.87,-0.96,4,1
P007,HRTF_B,38,0.06,-9.82,-1.08,4,1
P007,HRTF_B,38,0.078,-9.77,-1.21,4,1
P007,HRTF_B,38,0.097,-9.73,-1.5,4,1
P007,HRTF_B,38,0.115,-9.78,-1.65,4,1
P007,HRTF_B,38,0.134,-9.85,-1.81,4,1
P007,HRTF_B,38,0.152,-10.02,-2.17,4,1
P007,HRTF_B,38,0.171,-10.23,-2.46,4,1
P007,HRTF_B,38,0.191,-10.57,-2.81,4,1
P007,HRTF_B,38,0.21,-11.46,-3.56,4,1
P007,HRTF_B,38,0.229,-12.29,-4.13,4,1
P007,HRTF_B,38,0.247,-13.21,-4.79,4,1
P007,HRTF_B,38,0.266,-15.16,-6.33,4,1
P007,HRTF_B,38,0.285,-16.46,-7.31,4,1
P007,HRTF_B,38,0.304,-17.83,-8.19,4,1
P007,HRTF_B,38,0.321,-20.59,-9.83,4,1
P007,HRTF_B,38,0.341,-21.98,-10.54,4,1
P007,HRTF_B,38,0.36,-24.67,-11.97,4,1
P007,HRTF_B,38,0.378,-25.91,-12.53,4,1
P007,HRTF_B,38,0.397,-27.15,-13.0,4,1
P007,HRTF_B,38,0.416,-29.54,-13.93,4,1
P007,HRTF_B,38,0.435,-30.53,-14.23,4,1
P007,HRTF_B,38,0.453,-31.44,-14.53,4,1
P007,HRTF_B,38,0.471,-33.23,-15.16,4,1
P007,HRTF_B,38,0.491,-33.95,-15.44,4,1
P007,HRTF_B,38,0.51,-34.61,-15.67,4,1
P007,HRTF_B,38,0.528,-35.8,-16.09,4,1
P007,HRTF_B,38,0.547,-36.19,-16.18,4,1
P007,HRTF_B,38,0.566,-36.56,-16.33,4,1
P007,HRTF_B,38,0.584,-37.25,-16.54,4,1
P007,HRTF_B,38,0.603,-37.49,-16.62,4,1
P007,HRTF_B,38,0.621,-37.71,-16.73,4,1
P007,HRTF_B,38,0.641,-38.12,-16.87,4,1
P007,HRTF_B,38,0.659,-38.35,-16.88,4,1
P007,HRTF_B,38,0.678,-38.65,-16.93,4,1
P007,HRTF_B,38,0.696,-39.38,-17.13,4,1
P007,HRTF_B,38,0.714,-39.93,-17.27,4,1
P007,HRTF_B,38,0.732,-40.55,-17.37,4,1
P007,HRTF_B,38,0.751,-41.8,-17.56,4,1
P007,HRTF_B,38,0.769,-42.5,-17.57,4,1
P007,HRTF_B,38,0.789,-43.88,-17.69,4,1
P007,HRTF_B,38,0.808,-44.58,-17.7,4,1
P007,HRTF_B,38,0.826,-45.27,-17.66,4,1
P007,HRTF_B,38,0.845,-45.87,-17.58,4,1
P007,HRTF_B,38,0.863,-47.02,-17.45,4,1
P007,HRTF_B,38,0.881,-47.58,-17.42,4,1
P007,HRTF_B,38,0.9,-48.15,-17.42,4,1
P007,HRTF_B,38,0.918,-49.31,-17.36,4,1
P007,HRTF_B,38,0.939,-49.88,-17.25,4,1
P007,HRTF_B,38,0.957,-51.03,-17.07,4,1
P007,HRTF_B,38,0.975,-51.68,-17.0,4,1
P007,HRTF_B,38,0.994,-52.36,-16.92,4,1
P007,HRTF_B,38,1.011,-53.08,-16.81,4,1
P007,HRTF_B,38,1.03,-54.52,-16.47,4,1
P007,HRTF_B,38,1.048,-55.31,-16.21,4,1
P007,HRTF_B,38,1.067,-56.94,-15.64,4,1
P007,HRTF_B,38,1.088,-57.92,-15.25,4,1
P007,HRTF_B,38,1.107,-58.91,-14.73,4,1
P007,HRTF_B,38,1.126,-60.82,-13.32,4,1
P007,HRTF_B,38,1.144,-61.75,-12.26,4,1
P007,HRTF_B,38,1.163,-62.73,-11.3,4,1
P007,HRTF_B,38,1.182,-64.68,-9.48,4,1
P007,HRTF_B,38,1.2,-65.64,-8.57,4,1
P007,HRTF_B,38,1.219,-66.56,-7.65,4,1
P007,HRTF_B,38,1.239,-68.37,-5.9,4,1
P007,HRTF_B,38,1.257,-69.24,-5.09,4,1
P007,HRTF_B,38,1.275,-70.1,-4.24,4,1
P007,HRTF_B,38,1.294,-71.77,-2.47,4,1
P007,HRTF_B,38,1.313,-72.54,-1.57,4,1
P007,HRTF_B,38,1.331,-74.03,0.25,4,1
P007,HRTF_B,38,1.349,-74.75,1.12,4,1
P007,HRTF_B,38,1.368,-75.47,2.02,4,1
P007,HRTF_B,38,1.388,-76.82,3.82,4,1
P007,HRTF_B,38,1.406,-77.45,4.53,4,1
P007,HRTF_B,38,1.424,-78.11,5.12,4,1
P007,HRTF_B,38,1.443,-79.38,6.29,4,1
P007,HRTF_B,38,1.461,-79.98,6.77,4,1
P007,HRTF_B,38,1.48,-80.6,7.26,4,1
P007,HRTF_B,38,1.498,-81.8,8.27,4,1
P007,HRTF_B,38,1.517,-82.37,8.72,4,1
P007,HRTF_B,38,1.537,-82.94,9.15,4,1
P007,HRTF_B,38,1.555,-84.1,9.85,4,1
P007,HRTF_B,38,1.573,-84.71,10.05,4,1
P007,HRTF_B,38,1.591,-85.3,10.28,4,1
P007,HRTF_B,38,1.61,-86.51,10.73,4,1
P007,HRTF_B,38,1.628,-87.18,10.91,4,1
P007,HRTF_B,38,1.647,-87.84,11.04,4,1
P007,HRTF_B,38,1.666,-89.19,11.27,4,1
P007,HRTF_B,38,1.685,-89.84,11.37,4,1
P007,HRTF_B,38,1.704,-90.54,11.47,4,1
P007,HRTF_B,38,1.722,-92.0,11.63,4,1
P007,HRTF_B,38,1.74,-92.79,11.61,4,1
P007,HRTF_B,38,1.758,-93.56,11.48,4,1
P007,HRTF_B,38,1.777,-95.13,11.07,4,1
P007,HRTF_B,38,1.795,-95.99,10.66,4,1
P007,HRTF_B,38,1.813,-96.89,10.27,4,1
P007,HRTF_B,38,1.833,-98.66,9.55,4,1
P007,HRTF_B,38,1.852,-99.52,9.12,4,1
P007,HRTF_B,38,1.87,-100.42,8.44,4,1
P007,HRTF_B,38,1.888,-102.22,6.98,4,1
P007,HRTF_B,38,1.906,-103.08,6.3,4,1
P007,HRTF_B,38,1.924,-103.93,5.63,4,1
P007,HRTF_B,38,1.943,-105.6,3.95,4,1
P007,HRTF_B,38,1.961,-106.45,2.82,4,1
P007,HRTF_B,38,1.981,-107.29,1.85,4,1
P007,HRTF_B,38,2.0,-108.9,0.09,4,1
P007,HRTF_B,38,2.018,-109.67,-0.81,4,1
P007,HRTF_B,38,2.037,-110.42,-1.79,4,1
P007,HRTF_B,38,2.056,-111.95,-3.65,4,1
P007,HRTF_B,38,2.074,-112.66,-4.38,4,1
P007,HRTF_B,38,2.092,-113.4,-5.05,4,1
P007,HRTF_B,38,2.111,-114.8,-6.43,4,1
P007,HRTF_B,38,2.131,-115.45,-7.12,4,1
P007,HRTF_B,38,2.149,-116.08,-7.78,4,1
P007,HRTF_B,38,2.167,-117.34,-9.08,4,1
P007,HRTF_B,38,2.186,-117.92,-9.8,4,1
P007,HRTF_B,38,2.204,-118.48,-10.68,4,1
P007,HRTF_B,38,2.222,-119.65,-12.47,4,1
P007,HRTF_B,38,2.241,-120.28,-13.42,4,1
P007,HRTF_B,38,2.259,-120.94,-14.33,4,1
P007,HRTF_B,38,2.279,-122.33,-16.11,4,1
P007,HRTF_B,38,2.297,-123.06,-16.89,4,1
P007,HRTF_B,38,2.315,-123.84,-17.71,4,1
P007,HRTF_B,38,2.334,-125.44,-19.37,4,1
P007,HRTF_B,38,2.352,-126.33,-20.15,4,1
P007,HRTF_B,38,2.37,-127.19,-20.9,4,1
P007,HRTF_B,38,2.388,-128.94,-22.41,4,1
P007,HRTF_B,38,2.407,-129.81,-23.22,4,1
P007,HRTF_B,38,2.427,-130.62,-24.08,4,1
P007,HRTF_B,38,2.445,-132.22,-25.8,4,1
P007,HRTF_B,38,2.464,-132.9,-26.66,4,1
P007,HRTF_B,38,2.482,-133.49,-27.55,4,1
P007,HRTF_B,38,2.501,-134.64,-29.21,4,1
P007,HRTF_B,38,2.519,-135.12,-29.97,4,1
P007,HRTF_B,38,2.537,-135.62,-30.66,4,1
P007,HRTF_B,38,2.556,-136.61,-32.01,4,1
P007,HRTF_B,38,2.58,-137.08,-32.66,4,1
P007,HRTF_B,38,2.599,-138.0,-33.99,4,1
P007,HRTF_B,38,2.618,-138.36,-34.61,4,1
P007,HRTF_B,38,2.637,-139.09,-35.83,4,1
P007,HRTF_B,38,2.656,-139.46,-36.43,4,1
P007,HRTF_B,38,2.674,-139.88,-37.04,4,1
P007,HRTF_B,38,2.692,-140.71,-38.21,4,1
P007,HRTF_B,38,2.71,-141.11,-38.78,4,1
P007,HRTF_B,38,2.73,-141.47,-39.42,4,1
P007,HRTF_B,38,2.748,-142.32,-40.78,4,1
P007,HRTF_B,38,2.766,-142.84,-41.49,4,1
P007,HRTF_B,38,2.784,-143.4,-42.12,4,1
P007,HRTF_B,38,2.802,-143.91,-42.76,4,1
P007,HRTF_B,38,2.821,-145.01,-43.99,4,1
P007,HRTF_B,38,2.839,-145.57,-44.48,4,1
P007,HRTF_B,38,2.858,-146.13,-44.89,4,1
P007,HRTF_B,38,2.878,-147.3,-45.7,4,1
P007,HRTF_B,38,2.896,-147.83,-46.04,4,1
P007,HRTF_B,38,2.914,-148.96,-46.63,4,1
P007,HRTF_B,38,2.932,-149.51,-46.8,4,1
P007,HRTF_B,38,2.951,-150.09,-46.97,4,1
P007,HRTF_B,38,2.969,-150.65,-47.12,4,1
P007,HRTF_B,38,2.987,-151.79,-47.34,4,1
P007,HRTF_B,38,3.006,-152.3,-47.39,4,1
P007,HRTF_B,38,3.025,-153.31,-47.64,4,1
P007,HRTF_B,38,3.044,-153.77,-47.96,4,1
P007,HRTF_B,38,3.062,-154.25,-48.27,4,1
P007,HRTF_B,38,3.081,-154.65,-48.61,4,1
P007,HRTF_B,38,3.099,-155.44,-49.24,4,1
P007,HRTF_B,38,3.118,-155.64,-49.64,4,1
P007,HRTF_B,38,3.136,-155.79,-50.1,4,1
P007,HRTF_B,38,3.155,-155.89,-51.03,4,1
P007,HRTF_B,38,3.174,-155.69,-51.66,4,1
P007,HRTF_B,38,3.192,-155.13,-52.98,4,1
P007,HRTF_B,38,3.211,-154.65,-53.81,4,1
P007,HRTF_B,38,3.23,-154.09,-54.58,4,1
P007,HRTF_B,38,3.247,-153.49,-55.41,4,1
P007,HRTF_B,38,3.266,-152.31,-57.18,4,1
P007,HRTF_B,38,3.284,-151.56,-58.2,4,1
P007,HRTF_B,38,3.303,-151.12,-59.07,4,1
P007,HRTF_B,38,3.323,-149.87,-60.87,4,1
P007,HRTF_B,38,3.342,-149.6,-61.63,4,1
P007,HRTF_B,38,3.361,-149.2,-63.1,4,1
P007,HRTF_B,38,3.38,-149.09,-63.59,4,1
P007,HRTF_B,38,3.399,-149.33,-63.79,4,1
P007,HRTF_B,38,3.417,-149.69,-64.29,4,1
P007,HRTF_B,38,3.436,-150.27,-64.33,4,1
P007,HRTF_B,38,3.455,-150.89,-64.24,4,1
P007,HRTF_B,38,3.474,-152.01,-63.89,4,1
P007,HRTF_B,38,3.493,-152.59,-63.63,4,1
P007,HRTF_B,38,3.511,-153.05,-63.44,4,1
P007,HRTF_B,38,3.529,-154.02,-63.04,4,1
P007,HRTF_B,38,3.548,-154.36,-62.76,4,1
P007,HRTF_B,38,3.566,-154.67,-62.48,4,1
P007,HRTF_B,38,3.584,-155.36,-61.9,4,1
P007,HRTF_B,38,3.602,-155.71,-61.38,4,1
P007,HRTF_B,38,3.621,-156.1,-60.57,4,1
P007,HRTF_B,38,3.639,-156.87,-58.65,4,1
P007,HRTF_B,38,3.658,-157.26,-57.14,4,1
P007,HRTF_B,38,3.676,-157.76,-55.39,4,1
P007,HRTF_B,38,3.695,-158.85,-51.32,4,1
P007,HRTF_B,38,3.714,-159.44,-48.63,4,1
P007,HRTF_B,38,3.733,-160.09,-46.04,4,1
P007,HRTF_B,38,3.751,-161.3,-40.97,4,1
P007,HRTF_B,38,3.77,-161.96,-38.52,4,1
P007,HRTF_B,38,3.789,-162.59,-36.11,4,1
P007,HRTF_B,38,3.807,-163.76,-31.43,4,1
P007,HRTF_B,38,3.826,-164.45,-29.46,4,1
P007,HRTF_B,38,3.844,-165.13,-27.56,4,1
P007,HRTF_B,38,3.862,-166.5,-23.86,4,1
P007,HRTF_B,38,3.88,-167.21,-22.26,4,1
P007,HRTF_B,38,3.898,-167.92,-20.76,4,1
P007,HRTF_B,38,3.918,-169.31,-17.81,4,1
P007,HRTF_B,38,3.936,-170.05,-16.43,4,1
P007,HRTF_B,38,3.955,-170.84,-15.14,4,1
P007,HRTF_B,38,3.973,-172.39,-12.56,4,1
P007,HRTF_B,38,3.992,-173.22,-11.3,4,1
P007,HRTF_B,38,4.01,-174.07,-10.05,4,1
P007,HRTF_B,38,4.029,-175.77,-7.59,4,1
P007,HRTF_B,38,4.048,-176.6,-6.42,4,1
P007,HRTF_B,38,4.068,-177.43,-5.32,4,1
P007,HRTF_B,38,4.087,-179.04,-3.15,4,1
P007,HRTF_B,38,4.106,-179.78,-2.19,4,1
P007,HRTF_B,38,4.124,178.77,-0.32,4,1
P007,HRTF_B,38,4.142,178.07,0.5,4,1
P007,HRTF_B,38,4.161,177.38,1.19,4,1
P007,HRTF_B,38,4.179,175.97,2.57,4,1
P007,HRTF_B,38,4.199,175.28,3.09,4,1
P007,HRTF_B,38,4.219,174.6,3.56,4,1
P007,HRTF_B,38,4.238,173.18,4.38,4,1
P007,HRTF_B,38,4.257,172.46,4.57,4,1
P007,HRTF_B,38,4.275,171.03,4.91,4,1
P007,HRTF_B,38,4.293,170.27,4.9,4,1
P007,HRTF_B,38,4.312,169.5,4.89,4,1
P007,HRTF_B,38,4.331,168.72,4.86,4,1
P007,HRTF_B,38,4.349,167.1,4.76,4,1
P007,HRTF_B,38,4.368,166.24,4.68,4,1
P007,HRTF_B,38,4.386,164.46,4.54,4,1
P007,HRTF_B,38,4.405,163.43,4.42,4,1
P007,HRTF_B,38,4.424,162.41,4.31,4,1
P007,HRTF_B,38,4.443,160.32,4.1,4,1
P007,HRTF_B,38,4.461,159.2,3.95,4,1
P007,HRTF_B,38,4.48,158.03,3.8,4,1
P007,HRTF_B,38,4.498,155.64,3.52,4,1
P007,HRTF_B,38,4.518,154.37,3.43,4,1
P007,HRTF_B,38,4.537,153.1,3.34,4,1
P007,HRTF_B,38,4.555,150.57,3.17,4,1
P007,HRTF_B,38,4.574,149.33,3.06,4,1
P007,HRTF_B,38,4.592,148.09,2.97,4,1
P007,HRTF_B,38,4.611,145.64,2.77,4,1
P007,HRTF_B,38,4.629,144.51,2.67,4,1
P007,HRTF_B,38,4.647,143.43,2.59,4,1
P007,HRTF_B,38,4.667,141.34,2.37,4,1
P007,HRTF_B,38,4.686,140.43,2.21,4,1
P007,HRTF_B,38,4.704,139.57,2.07,4,1
P007,HRTF_B,38,4.722,137.89,1.79,4,1
P007,HRTF_B,38,4.741,137.19,1.72,4,1
P007,HRTF_B,38,4.76,136.48,1.66,4,1
P007,HRTF_B,38,4.778,135.15,1.61,4,1
P007,HRTF_B,38,4.797,134.58,1.66,4,1
P007,HRTF_B,38,4.817,134.04,1.71,4,1
P007,HRTF_B,38,4.836,132.96,1.78,4,1
P007,HRTF_B,38,4.855,132.44,1.87,4,1
P007,HRTF_B,38,4.874,131.36,2.01,4,1
P007,HRTF_B,38,4.893,130.82,2.06,4,1
P007,HRTF_B,38,4.911,130.28,2.08,4,1
P007,HRTF_B,38,4.93,129.15,2.06,4,1
P007,HRTF_B,38,4.948,128.56,1.96,4,1
P007,HRTF_B,38,4.968,127.97,1.89,4,1
P007,HRTF_B,38,4.986,126.78,1.72,4,1
P007,HRTF_B,38,5.004,126.17,1.6,4,1
P007,HRTF_B,38,5.022,125.6,1.5,4,1
P007,HRTF_B,38,5.041,124.46,1.32,4,1
P007,HRTF_B,38,5.059,123.98,1.28,4,1
P007,HRTF_B,38,5.078,123.53,1.25,4,1
P007,HRTF_B,38,5.096,122.72,1.18,4,1
P007,HRTF_B,38,5.116,122.45,1.19,4,1
P007,HRTF_B,38,5.134,122.21,1.22,4,1
P007,HRTF_B,38,5.153,121.82,1.31,4,1
P007,HRTF_B,38,5.17,121.75,1.36,4,1
P007,HRTF_B,38,5.189,121.7,1.43,4,1
P007,HRTF_B,38,5.208,121.66,1.6,4,1
P007,HRTF_B,38,5.226,121.74,1.71,4,1
P007,HRTF_B,38,5.244,121.81,1.8,4,1
P007,HRTF_B,38,5.264,121.92,1.95,4,1
P007,HRTF_B,38,5.283,121.96,2.03,4,1
P007,HRTF_B,38,5.302,121.97,2.13,4,1
P007,HRTF_B,38,5.32,122.01,2.32,4,1
P007,HRTF_B,38,5.339,122.01,2.41,4,1
P007,HRTF_B,38,5.357,122.0,2.46,4,1
P007,HRTF_B,38,5.376,121.96,2.5,4,1
P007,HRTF_B,38,5.394,121.91,2.48,4,1
P007,HRTF_B,38,5.414,121.85,2.52,4,1
P007,HRTF_B,38,5.433,121.73,2.64,4,1
P007,HRTF_B,38,5.451,121.68,2.73,4,1
P007,HRTF_B,38,5.469,121.62,2.81,4,1
P007,HRTF_B,38,5.488,121.47,2.94,4,1
P007,HRTF_B,38,5.507,121.38,2.99,4,1
P007,HRTF_B,38,5.525,121.19,3.08,4,1
P007,HRTF_B,38,5.544,121.09,3.08,4,1
P007,HRTF_B,38,5.565,121.01,3.07,4,1
P007,HRTF_B,38,5.588,120.88,3.0,4,1
P007,HRTF_B,38,5.606,120.86,2.93,4,1
P007,HRTF_B,38,5.625,120.85,2.8,4,1
P007,HRTF_B,38,5.644,120.9,2.73,4,1
P007,HRTF_B,38,5.662,120.99,2.66,4,1
P007,HRTF_B,38,5.681,121.22,2.46,4,1
P007,HRTF_B,38,5.7,121.42,2.35,4,1
P007,HRTF_B,38,5.719,121.65,2.26,4,1
P007,HRTF_B,38,5.739,122.14,2.15,4,1
P007,HRTF_B,38,5.758,122.44,2.11,4,1
P007,HRTF_B,38,5.776,123.13,1.96,4,1
P007,HRTF_B,38,5.795,123.63,1.76,4,1
P007,HRTF_B,38,5.814,124.16,1.56,4,1
P007,HRTF_B,38,5.832,125.31,1.27,4,1
P007,HRTF_B,38,5.85,126.0,1.11,4,1
P007,HRTF_B,38,5.869,126.74,0.88,4,1
P007,HRTF_B,38,5.889,128.32,0.38,4,1
P007,HRTF_B,38,5.907,129.22,0.1,4,1
P007,HRTF_B,38,5.926,130.17,-0.19,4,1
P007,HRTF_B,38,5.945,132.15,-0.79,4,1
P007,HRTF_B,38,5.962,133.29,-1.14,4,1
P007,HRTF_B,38,5.981,134.48,-1.53,4,1
P007,HRTF_B,38,5.999,136.81,-2.5,4,1
P007,HRTF_B,38,6.017,138.01,-3.06,4,1
P007,HRTF_B,38,6.037,139.28,-3.56,4,1
P007,HRTF_B,38,6.056,141.9,-4.45,4,1
P007,HRTF_B,38,6.074,143.28,-4.91,4,1
P007,HRTF_B,38,6.093,144.61,-5.43,4,1
P007,HRTF_B,38,6.112,147.31,-6.42,4,1
P007,HRTF_B,38,6.13,148.7,-6.79,4,1
P007,HRTF_B,38,6.149,150.08,-7.13,4,1
P007,HRTF_B,38,6.167,152.74,-7.89,4,1
P007,HRTF_B,38,6.187,153.96,-8.25,4,1
P007,HRTF_B,38,6.206,156.4,-8.82,4,1
P007,HRTF_B,38,6.224,157.53,-8.97,4,1
P007,HRTF_B,38,6.243,158.65,-9.16,4,1
P007,HRTF_B,38,6.261,160.88,-9.5,4,1
P007,HRTF_B,38,6.279,161.98,-9.6,4,1
P007,HRTF_B,38,6.297,163.08,-9.69,4,1
P007,HRTF_B,38,6.316,164.15,-9.78,4,1
P007,HRTF_B,38,6.337,166.32,-10.0,4,1
P007,HRTF_B,38,6.356,167.43,-10.16,4,1
P007,HRTF_B,38,6.374,169.63,-10.4,4,1
P007,HRTF_B,38,6.392,170.79,-10.5,4,1
P007,HRTF_B,38,6.411,171.97,-10.66,4,1
P007,HRTF_B,38,6.43,174.33,-11.05,4,1
P007,HRTF_B,38,6.448,175.55,-11.26,4,1
P007,HRTF_B,38,6.467,176.77,-11.42,4,1
P007,HRTF_B,38,6.487,179.21,-11.79,4,1
P007,HRTF_B,38,6.506,-179.48,-12.02,4,1
P007,HRTF_B,38,6.524,-178.16,-12.29,4,1
P007,HRTF_B,38,6.543,-175.47,-12.84,4,1
P007,HRTF_B,38,6.562,-174.01,-13.15,4,1
P007,HRTF_B,38,6.58,-172.52,-13.4,4,1
P007,HRTF_B,38,6.598,-169.51,-13.9,4,1
P007,HRTF_B,38,6.617,-167.94,-14.19,4,1
P007,HRTF_B,38,6.636,-164.76,-14.76,4,1
P007,HRTF_B,38,6.655,-163.11,-15.0,4,1
P007,HRTF_B,38,6.673,-161.44,-15.14,4,1
P007,HRTF_B,38,6.691,-159.75,-15.28,4,1
P007,HRTF_B,38,6.709,-156.38,-15.63,4,1
P007,HRTF_B,38,6.727,-154.64,-15.85,4,1
P007,HRTF_B,38,6.746,-152.88,-16.05,4,1
P007,HRTF_B,38,6.764,-149.35,-16.44,4,1
P007,HRTF_B,38,6.784,-147.56,-16.68,4,1
P007,HRTF_B,38,6.803,-144.05,-17.19,4,1
P007,HRTF_B,38,6.822,-142.32,-17.46,4,1
P007,HRTF_B,38,6.84,-140.63,-17.67,4,1
P007,HRTF_B,38,6.859,-137.3,-18.02,4,1
P007,HRTF_B,38,6.877,-135.72,-18.22,4,1
P007,HRTF_B,38,6.896,-134.15,-18.44,4,1
P007,HRTF_B,38,6.914,-131.02,-18.85,4,1
P007,HRTF_B,38,6.934,-129.49,-18.99,4,1
P007,HRTF_B,38,6.953,-127.92,-19.15,4,1
P007,HRTF_B,38,6.971,-124.83,-19.48,4,1
P007,HRTF_B,38,6.991,-123.33,-19.61,4,1
P007,HRTF_B,38,7.009,-121.85,-19.74,4,1
P007,HRTF_B,38,7.027,-118.87,-20.04,4,1
P007,HRTF_B,38,7.046,-117.44,-20.17,4,1
P007,HRTF_B,38,7.065,-116.01,-20.31,4,1
P007,HRTF_B,38,7.086,-113.25,-20.63,4,1
P007,HRTF_B,38,7.105,-111.94,-20.78,4,1
P007,HRTF_B,38,7.123,-109.33,-21.06,4,1
P007,HRTF_B,38,7.142,-108.11,-21.17,4,1
P007,HRTF_B,38,7.16,-106.92,-21.28,4,1
P007,HRTF_B,38,7.18,-104.64,-21.48,4,1
P007,HRTF_B,38,7.199,-103.62,-21.51,4,1
P007,HRTF_B,38,7.217,-102.59,-21.53,4,1
P007,HRTF_B,38,7.237,-100.57,-21.56,4,1
P007,HRTF_B,38,7.255,-99.57,-21.62,4,1
P007,HRTF_B,38,7.274,-98.53,-21.67,4,1
P007,HRTF_B,38,7.293,-96.41,-21.8,4,1
P007,HRTF_B,38,7.311,-95.27,-21.91,4,1
P007,HRTF_B,38,7.33,-92.95,-22.17,4,1
P007,HRTF_B,38,7.349,-91.77,-22.34,4,1
P007,HRTF_B,38,7.368,-90.54,-22.5,4,1
P007,HRTF_B,38,7.388,-88.08,-22.82,4,1
P007,HRTF_B,38,7.407,-86.83,-22.96,4,1
P007,HRTF_B,38,7.425,-85.6,-23.16,4,1
P007,HRTF_B,38,7.444,-83.19,-23.53,4,1
P007,HRTF_B,38,7.463,-81.98,-23.68,4,1
P007,HRTF_B,38,7.481,-80.81,-23.74,4,1
P007,HRTF_B,38,7.5,-78.45,-23.76,4,1
P007,HRTF_B,38,7.518,-77.29,-23.67,4,1
P007,HRTF_B,38,7.538,-76.15,-23.54,4,1
P007,HRTF_B,38,7.556,-73.85,-23.31,4,1
P007,HRTF_B,38,7.575,-72.74,-23.18,4,1
P007,HRTF_B,38,7.593,-71.66,-23.06,4,1
P007,HRTF_B,38,7.611,-69.52,-22.8,4,1
P007,HRTF_B,38,7.629,-68.45,-22.63,4,1
P007,HRTF_B,38,7.648,-67.4,-22.48,4,1
P007,HRTF_B,38,7.667,-65.33,-22.18,4,1
P007,HRTF_B,38,7.686,-64.35,-22.06,4,1
P007,HRTF_B,38,7.705,-63.37,-21.94,4,1
P007,HRTF_B,38,7.723,-61.42,-21.69,4,1
P007,HRTF_B,38,7.741,-60.5,-21.6,4,1
P007,HRTF_B,38,7.759,-59.56,-21.52,4,1
P007,HRTF_B,38,7.777,-57.63,-21.33,4,1
P007,HRTF_B,38,7.796,-56.71,-21.2,4,1
P007,HRTF_B,38,7.814,-55.75,-21.11,4,1
P007,HRTF_B,38,7.835,-53.82,-20.95,4,1
P007,HRTF_B,38,7.853,-52.9,-20.89,4,1
P007,HRTF_B,38,7.872,-51.07,-20.76,4,1
P007,HRTF_B,38,7.891,-50.21,-20.72,4,1
P007,HRTF_B,38,7.91,-49.4,-20.7,4,1
P007,HRTF_B,38,7.928,-47.76,-20.76,4,1
P007,HRTF_B,38,7.947,-46.99,-20.74,4,1
P007,HRTF_B,38,7.966,-46.28,-20.71,4,1
P007,HRTF_B,38,7.986,-44.83,-20.69,4,1
P007,HRTF_B,38,8.004,-44.12,-20.69,4,1
P007,HRTF_B,38,8.022,-43.39,-20.75,4,1
P007,HRTF_B,38,8.041,-41.87,-20.88,4,1
P007,HRTF_B,38,8.06,-41.13,-20.97,4,1
P007,HRTF_B,38,8.078,-40.42,-20.96,4,1
P007,HRTF_B,38,8.097,-39.12,-20.98,4,1
P007,HRTF_B,38,8.115,-38.58,-21.02,4,1
P007,HRTF_B,38,8.135,-38.1,-21.06,4,1
P007,HRTF_B,38,8.153,-37.21,-21.08,4,1
P007,HRTF_B,38,8.171,-36.87,-21.07,4,1
P007,HRTF_B,38,8.19,-36.57,-21.12,4,1
P007,HRTF_B,38,8.208,-35.94,-21.31,4,1
P007,HRTF_B,38,8.227,-35.63,-21.48,4,1
P007,HRTF_B,38,8.246,-35.33,-21.64,4,1
P007,HRTF_B,38,8.265,-34.69,-21.95,4,1
P007,HRTF_B,38,8.284,-34.34,-22.08,4,1
P007,HRTF_B,38,8.302,-33.98,-22.19,4,1
P007,HRTF_B,38,8.32,-33.21,-22.4,4,1
P007,HRTF_B,38,8.339,-32.79,-22.46,4,1
P007,HRTF_B,38,8.358,-32.35,-22.44,4,1
P007,HRTF_B,38,8.376,-31.48,-22.46,4,1
P007,HRTF_B,38,8.394,-30.95,-22.52,4,1
P007,HRTF_B,38,8.412,-30.42,-22.61,4,1
P007,HRTF_B,38,8.432,-29.27,-22.76,4,1
P007,HRTF_B,38,8.451,-28.6,-22.83,4,1
P007,HRTF_B,38,8.469,-27.2,-22.93,4,1
P007,HRTF_B,38,8.489,-26.37,-23.0,4,1
P007,HRTF_B,38,8.507,-25.49,-23.01,4,1
P007,HRTF_B,38,8.526,-23.71,-23.08,4,1
P007,HRTF_B,38,8.544,-22.71,-23.17,4,1
P007,HRTF_B,38,8.563,-21.73,-23.31,4,1
P007,HRTF_B,38,8.587,-19.73,-23.56,4,1
P007,HRTF_B,38,8.606,-18.7,-23.62,4,1
P007,HRTF_B,38,8.625,-16.66,-23.86,4,1
P007,HRTF_B,38,8.643,-15.64,-24.03,4,1
P007,HRTF_B,38,8.661,-14.65,-24.22,4,1
P007,HRTF_B,38,8.68,-12.71,-24.58,4,1
P007,HRTF_B,38,8.699,-11.82,-24.82,4,1
P007,HRTF_B,38,8.718,-11.0,-25.05,4,1
P007,HRTF_B,38,8.737,-9.44,-25.56,4,1
P007,HRTF_B,38,8.756,-8.82,-25.84,4,1
P007,HRTF_B,38,8.775,-8.22,-26.14,4,1
P007,HRTF_B,38,8.793,-7.08,-26.72,4,1
P007,HRTF_B,38,8.811,-6.59,-27.04,4,1
P007,HRTF_B,38,8.83,-6.12,-27.32,4,1
P007,HRTF_B,38,8.849,-5.22,-27.86,4,1
P007,HRTF_B,38,8.867,-4.82,-28.1,4,1
P007,HRTF_B,38,8.886,-3.97,-28.6,4,1
P007,HRTF_B,38,8.905,-3.57,-28.77,4,1
P007,HRTF_B,38,8.924,-3.2,-28.84,4,1
P007,HRTF_B,38,8.942,-2.44,-28.9,4,1
P007,HRTF_B,38,8.96,-1.99,-28.83,4,1
P007,HRTF_B,38,8.979,-1.5,-28.82,4,1
P007,HRTF_B,38,8.998,-0.43,-28.79,4,1
P007,HRTF_B,38,9.017,0.14,-28.77,4,1
P007,HRTF_B,38,9.038,0.75,-28.74,4,1
P007,HRTF_B,38,9.058,2.05,-28.73,4,1
P007,HRTF_B,38,9.077,2.82,-28.67,4,1
P007,HRTF_B,38,9.095,4.37,-28.52,4,1
P007,HRTF_B,38,9.114,5.22,-28.41,4,1
P007,HRTF_B,38,9.132,6.1,-28.29,4,1
P007,HRTF_B,38,9.151,7.88,-28.02,4,1
P007,HRTF_B,38,9.169,8.84,-27.89,4,1
P007,HRTF_B,38,9.189,9.78,-27.76,4,1
P007,HRTF_B,38,9.207,11.64,-27.56,4,1
P007,HRTF_B,38,9.226,12.54,-27.43,4,1
P007,HRTF_B,38,9.245,13.44,-27.25,4,1
P007,HRTF_B,38,9.264,15.18,-26.8,4,1
P007,HRTF_B,38,9.282,15.98,-26.51,4,1
P007,HRTF_B,38,9.301,16.74,-26.14,4,1
P007,HRTF_B,38,9.32,18.16,-25.19,4,1
P007,HRTF_B,38,9.34,18.72,-24.36,4,1
P007,HRTF_B,38,9.359,19.81,-22.53,4,1
P007,HRTF_B,38,9.378,20.26,-21.36,4,1
P007,HRTF_B,38,9.397,20.71,-20.4,4,1
P007,HRTF_B,39,0.021,-9.58,1.12,7,1
P007,HRTF_B,39,0.04,-9.74,1.27,7,1
P007,HRTF_B,39,0.059,-10.12,1.53,7,1
P007,HRTF_B,39,0.078,-10.35,1.57,7,1
P007,HRTF_B,39,0.096,-10.57,1.58,7,1
P007,HRTF_B,39,0.115,-11.04,1.55,7,1
P007,HRTF_B,39,0.14,-11.29,1.41,7,1
P007,HRTF_B,39,0.159,-11.81,1.16,7,1
P007,HRTF_B,39,0.178,-12.12,1.04,7,1
P007,HRTF_B,39,0.198,-12.76,0.9,7,1
P007,HRTF_B,39,0.217,-13.2,0.93,7,1
P007,HRTF_B,39,0.236,-13.76,0.98,7,1
P007,HRTF_B,39,0.255,-14.93,0.94,7,1
P007,HRTF_B,39,0.273,-15.7,0.83,7,1
P007,HRTF_B,39,0.294,-17.24,0.59,7,1
P007,HRTF_B,39,0.313,-18.13,0.48,7,1
P007,HRTF_B,39,0.332,-19.08,0.37,7,1
P007,HRTF_B,39,0.35,-20.99,0.08,7,1
P007,HRTF_B,39,0.369,-22.02,-0.04,7,1
P007,HRTF_B,39,0.388,-23.07,-0.14,7,1
P007,HRTF_B,39,0.407,-25.17,-0.36,7,1
P007,HRTF_B,39,0.426,-26.23,-0.45,7,1
P007,HRTF_B,39,0.446,-28.32,-0.55,7,1
P007,HRTF_B,39,0.466,-29.32,-0.51,7,1
P007,HRTF_B,39,0.485,-30.31,-0.44,7,1
P007,HRTF_B,39,0.504,-32.25,-0.35,7,1
P007,HRTF_B,39,0.523,-33.19,-0.33,7,1
P007,HRTF_B,39,0.542,-34.13,-0.34,7,1
P007,HRTF_B,39,0.56,-35.96,-0.3,7,1
P007,HRTF_B,39,0.579,-36.84,-0.21,7,1
P007,HRTF_B,39,0.599,-38.55,-0.06,7,1
P007,HRTF_B,39,0.618,-39.38,-0.04,7,1
P007,HRTF_B,39,0.637,-40.25,-0.03,7,1
P007,HRTF_B,39,0.656,-41.96,0.03,7,1
P007,HRTF_B,39,0.675,-42.79,0.13,7,1
P007,HRTF_B,39,0.694,-43.61,0.22,7,1
P007,HRTF_B,39,0.714,-45.25,0.22,7,1
P007,HRTF_B,39,0.733,-46.08,0.06,7,1
P007,HRTF_B,39,0.754,-47.66,-0.17,7,1
P007,HRTF_B,39,0.773,-48.43,-0.46,7,1
P007,HRTF_B,39,0.791,-49.17,-1.07,7,1
P007,HRTF_B,39,0.81,-50.6,-2.37,7,1
P007,HRTF_B,39,0.83,-51.19,-3.19,7,1
P007,HRTF_B,39,0.849,-52.3,-4.94,7,1
P007,HRTF_B,39,0.868,-52.74,-6.26,7,1
P007,HRTF_B,39,0.889,-53.16,-7.46,7,1
P007,HRTF_B,39,0.907,-53.96,-9.67,7,1
P007,HRTF_B,39,0.926,-54.26,-10.82,7,1
P007,HRTF_B,39,0.945,-54.47,-12.04,7,1
P007,HRTF_B,39,0.964,-54.84,-14.41,7,1
P007,HRTF_B,39,0.983,-54.91,-15.44,7,1
P007,HRTF_B,39,1.002,-55.06,-17.58,7,1
P007,HRTF_B,39,1.021,-55.0,-18.8,7,1
P007,HRTF_B,39,1.041,-54.88,-19.93,7,1
P007,HRTF_B,39,1.06,-54.64,-22.1,7,1
P007,HRTF_B,39,1.078,-54.54,-23.29,7,1
P007,HRTF_B,39,1.097,-54.5,-24.57,7,1
P007,HRTF_B,39,1.116,-54.42,-26.98,7,1
P007,HRTF_B,39,1.134,-54.32,-27.93,7,1
P007,HRTF_B,39,1.153,-54.16,-28.75,7,1
P007,HRTF_B,39,1.172,-53.88,-30.34,7,1
P007,HRTF_B,39,1.192,-53.74,-31.03,7,1
P007,HRTF_B,39,1.211,-53.48,-32.38,7,1
P007,HRTF_B,39,1.23,-53.34,-32.98,7,1
P007,HRTF_B,39,1.248,-53.17,-33.63,7,1
P007,HRTF_B,39,1.268,-52.83,-34.84,7,1
P007,HRTF_B,39,1.286,-52.65,-35.31,7,1
P007,HRTF_B,39,1.305,-52.44,-35.76,7,1
P007,HRTF_B,39,1.324,-52.01,-36.64,7,1
P007,HRTF_B,39,1.344,-51.73,-37.09,7,1
P007,HRTF_B,39,1.363,-51.11,-37.94,7,1
P007,HRTF_B,39,1.382,-50.73,-38.28,7,1
P007,HRTF_B,39,1.4,-50.34,-38.68,7,1
P007,HRTF_B,39,1.419,-49.57,-39.48,7,1
P007,HRTF_B,39,1.438,-49.16,-39.86,7,1
P007,HRTF_B,39,1.457,-48.75,-40.17,7,1
P007,HRTF_B,39,1.475,-47.91,-40.74,7,1
P007,HRTF_B,39,1.496,-47.48,-41.05,7,1
P007,HRTF_B,39,1.515,-47.08,-41.37,7,1
P007,HRTF_B,39,1.534,-46.2,-41.98,7,1
P007,HRTF_B,39,1.554,-45.7,-42.28,7,1
P007,HRTF_B,39,1.573,-44.74,-42.84,7,1
P007,HRTF_B,39,1.592,-44.16,-43.09,7,1
P007,HRTF_B,39,1.611,-43.56,-43.3,7,1
P007,HRTF_B,39,1.632,-42.33,-43.7,7,1
P007,HRTF_B,39,1.65,-41.64,-43.89,7,1
P007,HRTF_B,39,1.669,-40.26,-44.28,7,1
P007,HRTF_B,39,1.688,-39.54,-44.42,7,1
P007,HRTF_B,39,1.707,-38.83,-44.56,7,1
P007,HRTF_B,39,1.725,-37.38,-44.84,7,1
P007,HRTF_B,39,1.744,-36.71,-45.01,7,1
P007,HRTF_B,39,1.763,-36.06,-45.19,7,1
P007,HRTF_B,39,1.783,-34.71,-45.43,7,1
P007,HRTF_B,39,1.802,-34.02,-45.47,7,1
P007,HRTF_B,39,1.821,-32.59,-45.54,7,1
P007,HRTF_B,39,1.84,-31.89,-45.5,7,1
P007,HRTF_B,39,1.859,-31.16,-45.45,7,1
P007,HRTF_B,39,1.877,-29.65,-45.33,7,1
P007,HRTF_B,39,1.896,-28.79,-45.23,7,1
P007,HRTF_B,39,1.914,-27.84,-45.04,7,1
P007,HRTF_B,39,1.934,-25.76,-44.5,7,1
P007,HRTF_B,39,1.953,-24.5,-43.97,7,1
P007,HRTF_B,39,1.972,-23.21,-43.31,7,1
P007,HRTF_B,39,1.991,-20.59,-41.87,7,1
P007,HRTF_B,39,2.01,-19.13,-41.02,7,1
P007,HRTF_B,39,2.029,-17.65,-40.3,7,1
P007,HRTF_B,39,2.047,-14.75,-38.9,7,1
P007,HRTF_B,39,2.066,-13.24,-38.1,7,1
P007,HRTF_B,39,2.087,-10.24,-36.48,7,1
P007,HRTF_B,39,2.106,-8.67,-35.6,7,1
P007,HRTF_B,39,2.124,-7.11,-34.69,7,1
P007,HRTF_B,39,2.143,-4.13,-32.69,7,1
P007,HRTF_B,39,2.161,-2.63,-31.4,7,1
P007,HRTF_B,39,2.18,-1.05,-30.12,7,1
P007,HRTF_B,39,2.199,2.09,-27.72,7,1
P007,HRTF_B,39,2.217,3.71,-26.57,7,1
P007,HRTF_B,39,2.237,6.89,-24.2,7,1
P007,HRTF_B,39,2.256,8.61,-22.96,7,1
P007,HRTF_B,39,2.275,10.42,-21.7,7,1
P007,HRTF_B,39,2.293,14.03,-19.2,7,1
P007,HRTF_B,39,2.312,16.02,-17.99,7,1
P007,HRTF_B,39,2.331,18.09,-16.78,7,1
P007,HRTF_B,39,2.35,22.3,-14.39,7,1
P007,HRTF_B,39,2.372,24.59,-13.26,7,1
P007,HRTF_B,39,2.391,29.15,-11.11,7,1
P007,HRTF_B,39,2.41,31.57,-10.26,7,1
P007,HRTF_B,39,2.43,34.01,-9.51,7,1
P007,HRTF_B,39,2.449,38.8,-7.94,7,1
P007,HRTF_B,39,2.468,41.16,-7.17,7,1
P007,HRTF_B,39,2.487,45.88,-5.68,7,1
P007,HRTF_B,39,2.506,48.08,-4.98,7,1
P007,HRTF_B,39,2.526,50.12,-4.32,7,1
P007,HRTF_B,39,2.546,53.99,-3.06,7,1
P007,HRTF_B,39,2.565,55.54,-2.58,7,1
P007,HRTF_B,39,2.583,56.95,-2.18,7,1
P007,HRTF_B,39,2.602,59.53,-1.51,7,1
